ARM GAS  C:\Users\aydan\AppData\Local\Temp\ccPU8E4p.s 			page 1


   1              		.cpu cortex-m7
   2              		.eabi_attribute 28, 1
   3              		.eabi_attribute 20, 1
   4              		.eabi_attribute 21, 1
   5              		.eabi_attribute 23, 3
   6              		.eabi_attribute 24, 1
   7              		.eabi_attribute 25, 1
   8              		.eabi_attribute 26, 1
   9              		.eabi_attribute 30, 2
  10              		.eabi_attribute 34, 1
  11              		.eabi_attribute 18, 4
  12              		.file	"project006.cpp"
  13              		.text
  14              	.Ltext0:
  15              		.cfi_sections	.debug_frame
  16              		.section	.text._ZN5daisy9DaisySeedD2Ev,"axG",%progbits,_ZN5daisy9DaisySeedD5Ev,comdat
  17              		.align	1
  18              		.p2align 2,,3
  19              		.weak	_ZN5daisy9DaisySeedD2Ev
  20              		.arch armv7e-m
  21              		.syntax unified
  22              		.thumb
  23              		.thumb_func
  24              		.fpu fpv5-d16
  26              	_ZN5daisy9DaisySeedD2Ev:
  27              	.LVL0:
  28              	.LFB2555:
  29              		.file 1 "../../libDaisy//src/daisy_seed.h"
   1:../../libDaisy//src/daisy_seed.h **** #pragma once
   2:../../libDaisy//src/daisy_seed.h **** #ifndef DSY_SEED_H
   3:../../libDaisy//src/daisy_seed.h **** #define DSY_SEED_H
   4:../../libDaisy//src/daisy_seed.h **** 
   5:../../libDaisy//src/daisy_seed.h **** #include "daisy.h"
   6:../../libDaisy//src/daisy_seed.h **** 
   7:../../libDaisy//src/daisy_seed.h **** //Uncomment this out if you're still using the rev2 hardware
   8:../../libDaisy//src/daisy_seed.h **** //#define SEED_REV2
   9:../../libDaisy//src/daisy_seed.h **** 
  10:../../libDaisy//src/daisy_seed.h **** namespace daisy
  11:../../libDaisy//src/daisy_seed.h **** {
  12:../../libDaisy//src/daisy_seed.h **** /**
  13:../../libDaisy//src/daisy_seed.h ****    @brief This is the higher-level interface for the Daisy board. \n 
  14:../../libDaisy//src/daisy_seed.h ****     All basic peripheral configuration/initialization is setup here. \n
  15:../../libDaisy//src/daisy_seed.h **** 
  16:../../libDaisy//src/daisy_seed.h ****    @ingroup boards
  17:../../libDaisy//src/daisy_seed.h **** */
  18:../../libDaisy//src/daisy_seed.h **** class DaisySeed
  19:../../libDaisy//src/daisy_seed.h **** {
  20:../../libDaisy//src/daisy_seed.h ****   public:
  21:../../libDaisy//src/daisy_seed.h ****     DaisySeed() {}
  22:../../libDaisy//src/daisy_seed.h ****     ~DaisySeed() {}
  30              		.loc 1 22 5 view -0
  31              		.cfi_startproc
  32              		@ args = 0, pretend = 0, frame = 0
  33              		@ frame_needed = 0, uses_anonymous_args = 0
  34              		@ link register save eliminated.
  35              	.LBB308:
  36              	.LBI308:
ARM GAS  C:\Users\aydan\AppData\Local\Temp\ccPU8E4p.s 			page 2


  37              		.file 2 "../../libDaisy//src/sys/system.h"
   1:../../libDaisy//src/sys/system.h **** #ifndef DSY_SYSTEM_H
   2:../../libDaisy//src/sys/system.h **** #define DSY_SYSTEM_H
   3:../../libDaisy//src/sys/system.h **** 
   4:../../libDaisy//src/sys/system.h **** #ifndef UNIT_TEST // for unit tests, a dummy implementation is provided below
   5:../../libDaisy//src/sys/system.h **** 
   6:../../libDaisy//src/sys/system.h **** #include <cstdint>
   7:../../libDaisy//src/sys/system.h **** #include "per/tim.h"
   8:../../libDaisy//src/sys/system.h **** 
   9:../../libDaisy//src/sys/system.h **** namespace daisy
  10:../../libDaisy//src/sys/system.h **** {
  11:../../libDaisy//src/sys/system.h **** /** A handle for interacting with the Core System.
  12:../../libDaisy//src/sys/system.h ****  ** This includes the Clock tree, MPU, global DMA initialization,
  13:../../libDaisy//src/sys/system.h ****  ** cache handling, and any other necessary global initiailzation
  14:../../libDaisy//src/sys/system.h ****  **
  15:../../libDaisy//src/sys/system.h ****  ** @author shensley
  16:../../libDaisy//src/sys/system.h ****  ** @ingroup system
  17:../../libDaisy//src/sys/system.h ****  */
  18:../../libDaisy//src/sys/system.h **** class System
  19:../../libDaisy//src/sys/system.h **** {
  20:../../libDaisy//src/sys/system.h ****   public:
  21:../../libDaisy//src/sys/system.h ****     /** Contains settings for initializing the System */
  22:../../libDaisy//src/sys/system.h ****     struct Config
  23:../../libDaisy//src/sys/system.h ****     {
  24:../../libDaisy//src/sys/system.h ****         /** Specifies the system clock frequency that feeds APB/AHB clocks, etc. */
  25:../../libDaisy//src/sys/system.h ****         enum class SysClkFreq
  26:../../libDaisy//src/sys/system.h ****         {
  27:../../libDaisy//src/sys/system.h ****             FREQ_400MHZ,
  28:../../libDaisy//src/sys/system.h ****             FREQ_480MHZ,
  29:../../libDaisy//src/sys/system.h ****         };
  30:../../libDaisy//src/sys/system.h **** 
  31:../../libDaisy//src/sys/system.h ****         /** Method to call on the struct to set to defaults
  32:../../libDaisy//src/sys/system.h ****          ** CPU Freq set to 400MHz
  33:../../libDaisy//src/sys/system.h ****          ** Cache Enabled
  34:../../libDaisy//src/sys/system.h ****          ** */
  35:../../libDaisy//src/sys/system.h ****         void Defaults()
  36:../../libDaisy//src/sys/system.h ****         {
  37:../../libDaisy//src/sys/system.h ****             cpu_freq    = SysClkFreq::FREQ_400MHZ;
  38:../../libDaisy//src/sys/system.h ****             use_dcache  = true;
  39:../../libDaisy//src/sys/system.h ****             use_icache  = true;
  40:../../libDaisy//src/sys/system.h ****             skip_clocks = false;
  41:../../libDaisy//src/sys/system.h ****         }
  42:../../libDaisy//src/sys/system.h **** 
  43:../../libDaisy//src/sys/system.h ****         /** Method to call on the struct to set to boost mode:
  44:../../libDaisy//src/sys/system.h ****          ** CPU Freq set to 480MHz
  45:../../libDaisy//src/sys/system.h ****          ** Cache Enabled
  46:../../libDaisy//src/sys/system.h ****          ** */
  47:../../libDaisy//src/sys/system.h ****         void Boost()
  48:../../libDaisy//src/sys/system.h ****         {
  49:../../libDaisy//src/sys/system.h ****             cpu_freq    = SysClkFreq::FREQ_480MHZ;
  50:../../libDaisy//src/sys/system.h ****             use_dcache  = true;
  51:../../libDaisy//src/sys/system.h ****             use_icache  = true;
  52:../../libDaisy//src/sys/system.h ****             skip_clocks = false;
  53:../../libDaisy//src/sys/system.h ****         }
  54:../../libDaisy//src/sys/system.h **** 
  55:../../libDaisy//src/sys/system.h ****         SysClkFreq cpu_freq;
  56:../../libDaisy//src/sys/system.h ****         bool       use_dcache;
ARM GAS  C:\Users\aydan\AppData\Local\Temp\ccPU8E4p.s 			page 3


  57:../../libDaisy//src/sys/system.h ****         bool       use_icache;
  58:../../libDaisy//src/sys/system.h ****         bool       skip_clocks;
  59:../../libDaisy//src/sys/system.h ****     };
  60:../../libDaisy//src/sys/system.h **** 
  61:../../libDaisy//src/sys/system.h ****     /** Describes the different regions of memory available to the Daisy */
  62:../../libDaisy//src/sys/system.h ****     enum MemoryRegion
  63:../../libDaisy//src/sys/system.h ****     {
  64:../../libDaisy//src/sys/system.h ****         INTERNAL_FLASH = 0,
  65:../../libDaisy//src/sys/system.h ****         ITCMRAM,
  66:../../libDaisy//src/sys/system.h ****         DTCMRAM,
  67:../../libDaisy//src/sys/system.h ****         SRAM_D1,
  68:../../libDaisy//src/sys/system.h ****         SRAM_D2,
  69:../../libDaisy//src/sys/system.h ****         SRAM_D3,
  70:../../libDaisy//src/sys/system.h ****         SDRAM,
  71:../../libDaisy//src/sys/system.h ****         QSPI,
  72:../../libDaisy//src/sys/system.h ****         INVALID_ADDRESS,
  73:../../libDaisy//src/sys/system.h ****     };
  74:../../libDaisy//src/sys/system.h **** 
  75:../../libDaisy//src/sys/system.h ****     /** Bootloader struct for controlling bootloading parameters */
  76:../../libDaisy//src/sys/system.h ****     struct BootInfo
  77:../../libDaisy//src/sys/system.h ****     {
  78:../../libDaisy//src/sys/system.h ****         enum class Type : uint32_t
  79:../../libDaisy//src/sys/system.h ****         {
  80:../../libDaisy//src/sys/system.h ****             INVALID      = 0x00000000,
  81:../../libDaisy//src/sys/system.h ****             JUMP         = 0xDEADBEEF,
  82:../../libDaisy//src/sys/system.h ****             SKIP_TIMEOUT = 0x5AFEB007,
  83:../../libDaisy//src/sys/system.h ****             INF_TIMEOUT  = 0xB0074EFA,
  84:../../libDaisy//src/sys/system.h ****         } status;
  85:../../libDaisy//src/sys/system.h ****         uint32_t data;
  86:../../libDaisy//src/sys/system.h ****         enum class Version : uint32_t
  87:../../libDaisy//src/sys/system.h ****         {
  88:../../libDaisy//src/sys/system.h ****             LT_v6_0 = 0, // Less than v6.0
  89:../../libDaisy//src/sys/system.h ****             NONE,        // No bootloader present
  90:../../libDaisy//src/sys/system.h ****             v6_0,        // v6.0
  91:../../libDaisy//src/sys/system.h ****             v6_1,        // v6.1 or greater
  92:../../libDaisy//src/sys/system.h ****             LAST
  93:../../libDaisy//src/sys/system.h ****         } version;
  94:../../libDaisy//src/sys/system.h ****     };
  95:../../libDaisy//src/sys/system.h **** 
  96:../../libDaisy//src/sys/system.h ****     System() {}
  97:../../libDaisy//src/sys/system.h ****     ~System() {}
  38              		.loc 2 97 5 view .LVU1
  39              		.loc 2 97 5 is_stmt 0 view .LVU2
  40              	.LBE308:
  41              	.LBB309:
  42              	.LBI309:
  43              		.file 3 "../../libDaisy//src/hid/usb.h"
   1:../../libDaisy//src/hid/usb.h **** #pragma once
   2:../../libDaisy//src/hid/usb.h **** #ifndef DSY_HID_USB_H
   3:../../libDaisy//src/hid/usb.h **** #define DSY_HID_USB_H
   4:../../libDaisy//src/hid/usb.h **** #include <stdint.h>
   5:../../libDaisy//src/hid/usb.h **** #include <stdlib.h>
   6:../../libDaisy//src/hid/usb.h **** 
   7:../../libDaisy//src/hid/usb.h **** namespace daisy
   8:../../libDaisy//src/hid/usb.h **** /** @addtogroup human_interface
   9:../../libDaisy//src/hid/usb.h ****     @{
  10:../../libDaisy//src/hid/usb.h **** */
ARM GAS  C:\Users\aydan\AppData\Local\Temp\ccPU8E4p.s 			page 4


  11:../../libDaisy//src/hid/usb.h **** 
  12:../../libDaisy//src/hid/usb.h **** {
  13:../../libDaisy//src/hid/usb.h **** /** 
  14:../../libDaisy//src/hid/usb.h ****     @brief Interface for initializing and using the USB Peripherals on the daisy
  15:../../libDaisy//src/hid/usb.h ****     @author Stephen Hensley
  16:../../libDaisy//src/hid/usb.h ****     @date December 2019
  17:../../libDaisy//src/hid/usb.h **** */
  18:../../libDaisy//src/hid/usb.h **** class UsbHandle
  19:../../libDaisy//src/hid/usb.h **** {
  20:../../libDaisy//src/hid/usb.h ****   public:
  21:../../libDaisy//src/hid/usb.h ****     /** Return values for USBHandle Functions */
  22:../../libDaisy//src/hid/usb.h ****     enum class Result
  23:../../libDaisy//src/hid/usb.h ****     {
  24:../../libDaisy//src/hid/usb.h ****         OK,
  25:../../libDaisy//src/hid/usb.h ****         ERR,
  26:../../libDaisy//src/hid/usb.h ****     };
  27:../../libDaisy//src/hid/usb.h **** 
  28:../../libDaisy//src/hid/usb.h ****     /** Specified which of the two USB Peripherals to initialize. */
  29:../../libDaisy//src/hid/usb.h ****     enum UsbPeriph
  30:../../libDaisy//src/hid/usb.h ****     {
  31:../../libDaisy//src/hid/usb.h ****         FS_INTERNAL, /**< Internal pin */
  32:../../libDaisy//src/hid/usb.h ****         FS_EXTERNAL, /**< FS External D+ pin is Pin 38 (GPIO32). FS External D- pin is Pin 37 (GPIO
  33:../../libDaisy//src/hid/usb.h ****         FS_BOTH,     /**< Both */
  34:../../libDaisy//src/hid/usb.h ****     };
  35:../../libDaisy//src/hid/usb.h **** 
  36:../../libDaisy//src/hid/usb.h **** 
  37:../../libDaisy//src/hid/usb.h ****     /** Function called upon reception of a buffer */
  38:../../libDaisy//src/hid/usb.h ****     typedef void (*ReceiveCallback)(uint8_t* buff, uint32_t* len);
  39:../../libDaisy//src/hid/usb.h **** 
  40:../../libDaisy//src/hid/usb.h ****     UsbHandle() {}
  41:../../libDaisy//src/hid/usb.h **** 
  42:../../libDaisy//src/hid/usb.h ****     ~UsbHandle() {}
  44              		.loc 3 42 5 is_stmt 1 view .LVU3
  45              		.loc 3 42 5 is_stmt 0 view .LVU4
  46              	.LBE309:
  47              	.LBB310:
  48              	.LBI310:
  49              		.file 4 "../../libDaisy//src/per/adc.h"
   1:../../libDaisy//src/per/adc.h **** #pragma once
   2:../../libDaisy//src/per/adc.h **** #ifndef DSY_ADC_H
   3:../../libDaisy//src/per/adc.h **** #define DSY_ADC_H /**< Macro */
   4:../../libDaisy//src/per/adc.h **** #include <stdint.h>
   5:../../libDaisy//src/per/adc.h **** #include <stdlib.h>
   6:../../libDaisy//src/per/adc.h **** #include "daisy_core.h"
   7:../../libDaisy//src/per/adc.h **** #include "per/gpio.h"
   8:../../libDaisy//src/per/adc.h **** 
   9:../../libDaisy//src/per/adc.h **** #define DSY_ADC_MAX_CHANNELS 16 /**< Maximum number of ADC channels */
  10:../../libDaisy//src/per/adc.h **** 
  11:../../libDaisy//src/per/adc.h **** namespace daisy
  12:../../libDaisy//src/per/adc.h **** {
  13:../../libDaisy//src/per/adc.h **** /** @addtogroup per_analog
  14:../../libDaisy//src/per/adc.h ****     @{
  15:../../libDaisy//src/per/adc.h **** */
  16:../../libDaisy//src/per/adc.h **** 
  17:../../libDaisy//src/per/adc.h **** /* While there may not be many configuration options here,
  18:../../libDaisy//src/per/adc.h **** using a struct like this allows us to add more configuration
  19:../../libDaisy//src/per/adc.h **** later without breaking existing functionality.
ARM GAS  C:\Users\aydan\AppData\Local\Temp\ccPU8E4p.s 			page 5


  20:../../libDaisy//src/per/adc.h **** */
  21:../../libDaisy//src/per/adc.h **** 
  22:../../libDaisy//src/per/adc.h **** /** @brief   Configuration Structure for an ADC Channel 
  23:../../libDaisy//src/per/adc.h ****  *  @details This can be used to configure a a single input, 
  24:../../libDaisy//src/per/adc.h ****  *           or a multiplexed input, allowing up to 8 inputs on 
  25:../../libDaisy//src/per/adc.h ****  *           one channel.
  26:../../libDaisy//src/per/adc.h ****  *  @note    Sharing data lines to multiple muxes _is_ possible, but
  27:../../libDaisy//src/per/adc.h ****  *           each channel sharing data lines must be set to the maximum
  28:../../libDaisy//src/per/adc.h ****  *           number of channels, even if some multiplexers have fewer
  29:../../libDaisy//src/per/adc.h ****  *           inputs connected.
  30:../../libDaisy//src/per/adc.h **** */
  31:../../libDaisy//src/per/adc.h **** struct AdcChannelConfig
  32:../../libDaisy//src/per/adc.h **** {
  33:../../libDaisy//src/per/adc.h ****     /** Which pin to use for multiplexing */
  34:../../libDaisy//src/per/adc.h ****     enum MuxPin
  35:../../libDaisy//src/per/adc.h ****     {
  36:../../libDaisy//src/per/adc.h ****         MUX_SEL_0,    /**< & */
  37:../../libDaisy//src/per/adc.h ****         MUX_SEL_1,    /**< & */
  38:../../libDaisy//src/per/adc.h ****         MUX_SEL_2,    /**< & */
  39:../../libDaisy//src/per/adc.h ****         MUX_SEL_LAST, /**< & */
  40:../../libDaisy//src/per/adc.h ****     };
  41:../../libDaisy//src/per/adc.h **** 
  42:../../libDaisy//src/per/adc.h ****     /** \brief per channel conversion speed added to fixed time based on bitdepth, etc. */
  43:../../libDaisy//src/per/adc.h ****     enum ConversionSpeed
  44:../../libDaisy//src/per/adc.h ****     {
  45:../../libDaisy//src/per/adc.h ****         SPEED_1CYCLES_5,
  46:../../libDaisy//src/per/adc.h ****         SPEED_2CYCLES_5,
  47:../../libDaisy//src/per/adc.h ****         SPEED_8CYCLES_5,
  48:../../libDaisy//src/per/adc.h ****         SPEED_16CYCLES_5,
  49:../../libDaisy//src/per/adc.h ****         SPEED_32CYCLES_5,
  50:../../libDaisy//src/per/adc.h ****         SPEED_64CYCLES_5,
  51:../../libDaisy//src/per/adc.h ****         SPEED_387CYCLES_5,
  52:../../libDaisy//src/per/adc.h ****         SPEED_810CYCLES_5,
  53:../../libDaisy//src/per/adc.h ****     };
  54:../../libDaisy//src/per/adc.h **** 
  55:../../libDaisy//src/per/adc.h ****     /** Initializes a single ADC pin as an ADC. 
  56:../../libDaisy//src/per/adc.h ****     \param pin Pin to init.
  57:../../libDaisy//src/per/adc.h ****     \param speed conversion speed for this pin defaults to 8.5 cycles
  58:../../libDaisy//src/per/adc.h ****      */
  59:../../libDaisy//src/per/adc.h ****     void InitSingle(dsy_gpio_pin pin, ConversionSpeed speed = SPEED_8CYCLES_5);
  60:../../libDaisy//src/per/adc.h **** 
  61:../../libDaisy//src/per/adc.h ****     /** 
  62:../../libDaisy//src/per/adc.h ****     Initializes a single ADC pin as a Multiplexed ADC.
  63:../../libDaisy//src/per/adc.h ****     Requires a CD405X Multiplexer connected to the pin.
  64:../../libDaisy//src/per/adc.h ****     You only need to supply the mux pins that are required,
  65:../../libDaisy//src/per/adc.h ****     e.g. a 4052 mux would only require mux_0 and mux_1.
  66:../../libDaisy//src/per/adc.h ****     Internal Callbacks handle the pin addressing.
  67:../../libDaisy//src/per/adc.h ****     \param adc_pin &
  68:../../libDaisy//src/per/adc.h ****     \param mux_channels must be 1-8
  69:../../libDaisy//src/per/adc.h ****     \param mux_0 First mux pin
  70:../../libDaisy//src/per/adc.h ****     \param mux_1 Second mux pin
  71:../../libDaisy//src/per/adc.h ****     \param mux_2 Third mux pin
  72:../../libDaisy//src/per/adc.h ****     \param speed conversion speed for this pin defaults to 8.5 cycles
  73:../../libDaisy//src/per/adc.h ****     */
  74:../../libDaisy//src/per/adc.h ****     void InitMux(dsy_gpio_pin    adc_pin,
  75:../../libDaisy//src/per/adc.h ****                  size_t          mux_channels,
  76:../../libDaisy//src/per/adc.h ****                  dsy_gpio_pin    mux_0,
ARM GAS  C:\Users\aydan\AppData\Local\Temp\ccPU8E4p.s 			page 6


  77:../../libDaisy//src/per/adc.h ****                  dsy_gpio_pin    mux_1 = {DSY_GPIOX, 0},
  78:../../libDaisy//src/per/adc.h ****                  dsy_gpio_pin    mux_2 = {DSY_GPIOX, 0},
  79:../../libDaisy//src/per/adc.h ****                  ConversionSpeed speed = SPEED_8CYCLES_5);
  80:../../libDaisy//src/per/adc.h **** 
  81:../../libDaisy//src/per/adc.h ****     dsy_gpio        pin_;                   /**< & */
  82:../../libDaisy//src/per/adc.h ****     dsy_gpio        mux_pin_[MUX_SEL_LAST]; /**< & */
  83:../../libDaisy//src/per/adc.h ****     uint8_t         mux_channels_;          /**< & */
  84:../../libDaisy//src/per/adc.h ****     ConversionSpeed speed_;
  85:../../libDaisy//src/per/adc.h **** };
  86:../../libDaisy//src/per/adc.h **** 
  87:../../libDaisy//src/per/adc.h **** /**
  88:../../libDaisy//src/per/adc.h ****    @brief Handler for analog to digital conversion
  89:../../libDaisy//src/per/adc.h **** */
  90:../../libDaisy//src/per/adc.h **** class AdcHandle
  91:../../libDaisy//src/per/adc.h **** {
  92:../../libDaisy//src/per/adc.h ****   public:
  93:../../libDaisy//src/per/adc.h ****     /** Supported oversampling amounts */
  94:../../libDaisy//src/per/adc.h ****     enum OverSampling
  95:../../libDaisy//src/per/adc.h ****     {
  96:../../libDaisy//src/per/adc.h ****         OVS_NONE, /**< & */
  97:../../libDaisy//src/per/adc.h ****         OVS_4,    /**< & */
  98:../../libDaisy//src/per/adc.h ****         OVS_8,    /**< & */
  99:../../libDaisy//src/per/adc.h ****         OVS_16,   /**< & */
 100:../../libDaisy//src/per/adc.h ****         OVS_32,   /**< & */
 101:../../libDaisy//src/per/adc.h ****         OVS_64,   /**< & */
 102:../../libDaisy//src/per/adc.h ****         OVS_128,  /**< & */
 103:../../libDaisy//src/per/adc.h ****         OVS_256,  /**< & */
 104:../../libDaisy//src/per/adc.h ****         OVS_512,  /**< & */
 105:../../libDaisy//src/per/adc.h ****         OVS_1024, /**< & */
 106:../../libDaisy//src/per/adc.h ****         OVS_LAST, /**< & */
 107:../../libDaisy//src/per/adc.h ****     };
 108:../../libDaisy//src/per/adc.h **** 
 109:../../libDaisy//src/per/adc.h ****     AdcHandle() {}
 110:../../libDaisy//src/per/adc.h ****     ~AdcHandle() {}
  50              		.loc 4 110 5 is_stmt 1 view .LVU5
  51              		.loc 4 110 5 is_stmt 0 view .LVU6
  52              	.LBE310:
  53              	.LBB311:
  54              	.LBI311:
  55              		.file 5 "../../libDaisy//src/hid/audio.h"
   1:../../libDaisy//src/hid/audio.h **** #ifndef DSY_AUDIO_H
   2:../../libDaisy//src/hid/audio.h **** #define DSY_AUDIO_H /**< & */
   3:../../libDaisy//src/hid/audio.h **** 
   4:../../libDaisy//src/hid/audio.h **** #include "per/sai.h"
   5:../../libDaisy//src/hid/audio.h **** 
   6:../../libDaisy//src/hid/audio.h **** namespace daisy
   7:../../libDaisy//src/hid/audio.h **** {
   8:../../libDaisy//src/hid/audio.h **** /** @brief Audio Engine Handle
   9:../../libDaisy//src/hid/audio.h ****  *  @ingroup audio 
  10:../../libDaisy//src/hid/audio.h ****  *  @details This class allows for higher level access to an audio engine.
  11:../../libDaisy//src/hid/audio.h ****  *           If you're using a SOM like the DaisySeed or DaisyPatchSM (or any 
  12:../../libDaisy//src/hid/audio.h ****  *            board that includes one of those objects) then the intialization
  13:../../libDaisy//src/hid/audio.h ****  *            is already taken  care of.
  14:../../libDaisy//src/hid/audio.h ****  *           If you're setting up your own custom hardware, or need to make changes
  15:../../libDaisy//src/hid/audio.h ****  *           you will have to take the following steps:
  16:../../libDaisy//src/hid/audio.h ****  *             1. Create and Initialize an SaiHandle or two depending on your requirements
  17:../../libDaisy//src/hid/audio.h ****  *             2. Initialize the Audio Handle with the desired settings and the Initialized SaiHand
ARM GAS  C:\Users\aydan\AppData\Local\Temp\ccPU8E4p.s 			page 7


  18:../../libDaisy//src/hid/audio.h ****  *             3. If the connected codec requires special configuration or initialization, do so
  19:../../libDaisy//src/hid/audio.h ****  *             4. Write a callback method using either the AudioCallback or the InterleavingAudioCa
  20:../../libDaisy//src/hid/audio.h ****  *             5. Start the Audio using one of the StartAudio function
  21:../../libDaisy//src/hid/audio.h ****  */
  22:../../libDaisy//src/hid/audio.h **** class AudioHandle
  23:../../libDaisy//src/hid/audio.h **** {
  24:../../libDaisy//src/hid/audio.h ****   public:
  25:../../libDaisy//src/hid/audio.h ****     /** Manually configurable details about the Audio Engine */
  26:../../libDaisy//src/hid/audio.h ****     /** TODO: Figure out how to get samplerate in here. */
  27:../../libDaisy//src/hid/audio.h ****     struct Config
  28:../../libDaisy//src/hid/audio.h ****     {
  29:../../libDaisy//src/hid/audio.h ****         /** number of samples to process per callback */
  30:../../libDaisy//src/hid/audio.h ****         size_t blocksize;
  31:../../libDaisy//src/hid/audio.h **** 
  32:../../libDaisy//src/hid/audio.h ****         /**< Sample rate of audio */
  33:../../libDaisy//src/hid/audio.h ****         SaiHandle::Config::SampleRate samplerate;
  34:../../libDaisy//src/hid/audio.h **** 
  35:../../libDaisy//src/hid/audio.h ****         /** factor for adjustment before and after callback for hardware that may have extra headro
  36:../../libDaisy//src/hid/audio.h ****         float postgain;
  37:../../libDaisy//src/hid/audio.h **** 
  38:../../libDaisy//src/hid/audio.h ****         /** factor for additional one-sided compensation to audio path for hardware that may
  39:../../libDaisy//src/hid/audio.h ****          *  have unequal input/output ranges
  40:../../libDaisy//src/hid/audio.h ****          */
  41:../../libDaisy//src/hid/audio.h ****         float output_compensation;
  42:../../libDaisy//src/hid/audio.h **** 
  43:../../libDaisy//src/hid/audio.h ****         /** Sets default values for config struct */
  44:../../libDaisy//src/hid/audio.h ****         Config()
  45:../../libDaisy//src/hid/audio.h ****         : blocksize(48),
  46:../../libDaisy//src/hid/audio.h ****           samplerate(SaiHandle::Config::SampleRate::SAI_48KHZ),
  47:../../libDaisy//src/hid/audio.h ****           postgain(1.f),
  48:../../libDaisy//src/hid/audio.h ****           output_compensation(1.f)
  49:../../libDaisy//src/hid/audio.h ****         {
  50:../../libDaisy//src/hid/audio.h ****         }
  51:../../libDaisy//src/hid/audio.h ****     };
  52:../../libDaisy//src/hid/audio.h **** 
  53:../../libDaisy//src/hid/audio.h ****     enum class Result
  54:../../libDaisy//src/hid/audio.h ****     {
  55:../../libDaisy//src/hid/audio.h ****         OK,
  56:../../libDaisy//src/hid/audio.h ****         ERR,
  57:../../libDaisy//src/hid/audio.h ****     };
  58:../../libDaisy//src/hid/audio.h **** 
  59:../../libDaisy//src/hid/audio.h ****     /** Non-Interleaving input buffer
  60:../../libDaisy//src/hid/audio.h ****      * Buffer arranged by float[chn][sample] 
  61:../../libDaisy//src/hid/audio.h ****      * const so that the user can't modify the input
  62:../../libDaisy//src/hid/audio.h ****      */
  63:../../libDaisy//src/hid/audio.h ****     typedef const float* const* InputBuffer;
  64:../../libDaisy//src/hid/audio.h **** 
  65:../../libDaisy//src/hid/audio.h ****     /** Non-Interleaving output buffer
  66:../../libDaisy//src/hid/audio.h ****      * Arranged by float[chn][sample] 
  67:../../libDaisy//src/hid/audio.h ****      */
  68:../../libDaisy//src/hid/audio.h ****     typedef float** OutputBuffer;
  69:../../libDaisy//src/hid/audio.h **** 
  70:../../libDaisy//src/hid/audio.h ****     /** Type for a Non-Interleaving audio callback 
  71:../../libDaisy//src/hid/audio.h ****      * Non-Interleaving audio callbacks in daisy will be of this type
  72:../../libDaisy//src/hid/audio.h ****      */
  73:../../libDaisy//src/hid/audio.h ****     typedef void (*AudioCallback)(InputBuffer  in,
  74:../../libDaisy//src/hid/audio.h ****                                   OutputBuffer out,
ARM GAS  C:\Users\aydan\AppData\Local\Temp\ccPU8E4p.s 			page 8


  75:../../libDaisy//src/hid/audio.h ****                                   size_t       size);
  76:../../libDaisy//src/hid/audio.h **** 
  77:../../libDaisy//src/hid/audio.h ****     /** Interleaving Input buffer
  78:../../libDaisy//src/hid/audio.h ****      ** audio is prepared as { L0, R0, L1, R1, . . . LN, RN }]
  79:../../libDaisy//src/hid/audio.h ****      ** this is const, as the user shouldn't modify it
  80:../../libDaisy//src/hid/audio.h ****     */
  81:../../libDaisy//src/hid/audio.h ****     typedef const float* InterleavingInputBuffer;
  82:../../libDaisy//src/hid/audio.h **** 
  83:../../libDaisy//src/hid/audio.h ****     /** Interleaving Output buffer 
  84:../../libDaisy//src/hid/audio.h ****      ** audio is prepared as { L0, R0, L1, R1, . . . LN, RN }
  85:../../libDaisy//src/hid/audio.h ****     */
  86:../../libDaisy//src/hid/audio.h ****     typedef float* InterleavingOutputBuffer;
  87:../../libDaisy//src/hid/audio.h **** 
  88:../../libDaisy//src/hid/audio.h ****     /** Interleaving Audio Callback 
  89:../../libDaisy//src/hid/audio.h ****      * Interleaving audio callbacks in daisy must be of this type
  90:../../libDaisy//src/hid/audio.h ****      */
  91:../../libDaisy//src/hid/audio.h ****     typedef void (*InterleavingAudioCallback)(InterleavingInputBuffer  in,
  92:../../libDaisy//src/hid/audio.h ****                                               InterleavingOutputBuffer out,
  93:../../libDaisy//src/hid/audio.h ****                                               size_t                   size);
  94:../../libDaisy//src/hid/audio.h **** 
  95:../../libDaisy//src/hid/audio.h ****     AudioHandle() : pimpl_(nullptr) {}
  96:../../libDaisy//src/hid/audio.h ****     ~AudioHandle() {}
  56              		.loc 5 96 5 is_stmt 1 view .LVU7
  57              		.loc 5 96 5 is_stmt 0 view .LVU8
  58              	.LBE311:
  59              		.loc 1 22 19 view .LVU9
  60 0000 7047     		bx	lr
  61              		.cfi_endproc
  62              	.LFE2555:
  64              		.weak	_ZN5daisy9DaisySeedD1Ev
  65              		.thumb_set _ZN5daisy9DaisySeedD1Ev,_ZN5daisy9DaisySeedD2Ev
  66 0002 00BF     		.section	.text._ZN7daisysp6ChorusD2Ev,"axG",%progbits,_ZN7daisysp6ChorusD5Ev,comdat
  67              		.align	1
  68              		.p2align 2,,3
  69              		.weak	_ZN7daisysp6ChorusD2Ev
  70              		.syntax unified
  71              		.thumb
  72              		.thumb_func
  73              		.fpu fpv5-d16
  75              	_ZN7daisysp6ChorusD2Ev:
  76              	.LVL1:
  77              	.LFB4374:
  78              		.file 6 "../../DaisySP//Source/Effects/chorus.h"
   1:../../DaisySP//Source/Effects/chorus.h **** /*
   2:../../DaisySP//Source/Effects/chorus.h **** Copyright (c) 2020 Electrosmith, Corp
   3:../../DaisySP//Source/Effects/chorus.h **** 
   4:../../DaisySP//Source/Effects/chorus.h **** Use of this source code is governed by an MIT-style
   5:../../DaisySP//Source/Effects/chorus.h **** license that can be found in the LICENSE file or at
   6:../../DaisySP//Source/Effects/chorus.h **** https://opensource.org/licenses/MIT.
   7:../../DaisySP//Source/Effects/chorus.h **** */
   8:../../DaisySP//Source/Effects/chorus.h **** 
   9:../../DaisySP//Source/Effects/chorus.h **** #pragma once
  10:../../DaisySP//Source/Effects/chorus.h **** #ifndef DSY_CHORUS_H
  11:../../DaisySP//Source/Effects/chorus.h **** #define DSY_CHORUS_H
  12:../../DaisySP//Source/Effects/chorus.h **** #ifdef __cplusplus
  13:../../DaisySP//Source/Effects/chorus.h **** 
  14:../../DaisySP//Source/Effects/chorus.h **** #include <stdint.h>
ARM GAS  C:\Users\aydan\AppData\Local\Temp\ccPU8E4p.s 			page 9


  15:../../DaisySP//Source/Effects/chorus.h **** #include "Utility/delayline.h"
  16:../../DaisySP//Source/Effects/chorus.h **** 
  17:../../DaisySP//Source/Effects/chorus.h **** /** @file chorus.h */
  18:../../DaisySP//Source/Effects/chorus.h **** 
  19:../../DaisySP//Source/Effects/chorus.h **** namespace daisysp
  20:../../DaisySP//Source/Effects/chorus.h **** {
  21:../../DaisySP//Source/Effects/chorus.h **** /**  
  22:../../DaisySP//Source/Effects/chorus.h ****     @brief Single Chorus engine. Used in Chorus.
  23:../../DaisySP//Source/Effects/chorus.h ****     @author Ben Sergentanis
  24:../../DaisySP//Source/Effects/chorus.h **** */
  25:../../DaisySP//Source/Effects/chorus.h **** class ChorusEngine
  26:../../DaisySP//Source/Effects/chorus.h **** {
  27:../../DaisySP//Source/Effects/chorus.h ****   public:
  28:../../DaisySP//Source/Effects/chorus.h ****     ChorusEngine() {}
  29:../../DaisySP//Source/Effects/chorus.h ****     ~ChorusEngine() {}
  30:../../DaisySP//Source/Effects/chorus.h **** 
  31:../../DaisySP//Source/Effects/chorus.h ****     /** Initialize the module
  32:../../DaisySP//Source/Effects/chorus.h ****         \param sample_rate Audio engine sample rate.
  33:../../DaisySP//Source/Effects/chorus.h ****     */
  34:../../DaisySP//Source/Effects/chorus.h ****     void Init(float sample_rate);
  35:../../DaisySP//Source/Effects/chorus.h **** 
  36:../../DaisySP//Source/Effects/chorus.h ****     /** Get the next sample
  37:../../DaisySP//Source/Effects/chorus.h ****         \param in Sample to process
  38:../../DaisySP//Source/Effects/chorus.h ****     */
  39:../../DaisySP//Source/Effects/chorus.h ****     float Process(float in);
  40:../../DaisySP//Source/Effects/chorus.h **** 
  41:../../DaisySP//Source/Effects/chorus.h ****     /** How much to modulate the delay by.
  42:../../DaisySP//Source/Effects/chorus.h ****         \param depth Works 0-1.
  43:../../DaisySP//Source/Effects/chorus.h ****     */
  44:../../DaisySP//Source/Effects/chorus.h ****     void SetLfoDepth(float depth);
  45:../../DaisySP//Source/Effects/chorus.h **** 
  46:../../DaisySP//Source/Effects/chorus.h ****     /** Set lfo frequency.
  47:../../DaisySP//Source/Effects/chorus.h ****         \param freq Frequency in Hz
  48:../../DaisySP//Source/Effects/chorus.h ****     */
  49:../../DaisySP//Source/Effects/chorus.h ****     void SetLfoFreq(float freq);
  50:../../DaisySP//Source/Effects/chorus.h **** 
  51:../../DaisySP//Source/Effects/chorus.h ****     /** Set the internal delay rate. 
  52:../../DaisySP//Source/Effects/chorus.h ****         \param delay Tuned for 0-1. Maps to .1 to 50 ms.
  53:../../DaisySP//Source/Effects/chorus.h ****     */
  54:../../DaisySP//Source/Effects/chorus.h ****     void SetDelay(float delay);
  55:../../DaisySP//Source/Effects/chorus.h **** 
  56:../../DaisySP//Source/Effects/chorus.h ****     /** Set the delay time in ms.
  57:../../DaisySP//Source/Effects/chorus.h ****         \param ms Delay time in ms, 0 to 50 ms.
  58:../../DaisySP//Source/Effects/chorus.h ****     */
  59:../../DaisySP//Source/Effects/chorus.h ****     void SetDelayMs(float ms);
  60:../../DaisySP//Source/Effects/chorus.h **** 
  61:../../DaisySP//Source/Effects/chorus.h ****     /** Set the feedback amount.
  62:../../DaisySP//Source/Effects/chorus.h ****         \param feedback Amount from 0-1.
  63:../../DaisySP//Source/Effects/chorus.h ****     */
  64:../../DaisySP//Source/Effects/chorus.h ****     void SetFeedback(float feedback);
  65:../../DaisySP//Source/Effects/chorus.h **** 
  66:../../DaisySP//Source/Effects/chorus.h ****   private:
  67:../../DaisySP//Source/Effects/chorus.h ****     float                    sample_rate_;
  68:../../DaisySP//Source/Effects/chorus.h ****     static constexpr int32_t kDelayLength
  69:../../DaisySP//Source/Effects/chorus.h ****         = 2400; // 50 ms at 48kHz = .05 * 48000
  70:../../DaisySP//Source/Effects/chorus.h **** 
  71:../../DaisySP//Source/Effects/chorus.h ****     //triangle lfos
ARM GAS  C:\Users\aydan\AppData\Local\Temp\ccPU8E4p.s 			page 10


  72:../../DaisySP//Source/Effects/chorus.h ****     float lfo_phase_;
  73:../../DaisySP//Source/Effects/chorus.h ****     float lfo_freq_;
  74:../../DaisySP//Source/Effects/chorus.h ****     float lfo_amp_;
  75:../../DaisySP//Source/Effects/chorus.h **** 
  76:../../DaisySP//Source/Effects/chorus.h ****     float feedback_;
  77:../../DaisySP//Source/Effects/chorus.h **** 
  78:../../DaisySP//Source/Effects/chorus.h ****     float delay_;
  79:../../DaisySP//Source/Effects/chorus.h **** 
  80:../../DaisySP//Source/Effects/chorus.h ****     DelayLine<float, kDelayLength> del_;
  81:../../DaisySP//Source/Effects/chorus.h **** 
  82:../../DaisySP//Source/Effects/chorus.h ****     float ProcessLfo();
  83:../../DaisySP//Source/Effects/chorus.h **** };
  84:../../DaisySP//Source/Effects/chorus.h **** 
  85:../../DaisySP//Source/Effects/chorus.h **** //wraps up all of the chorus engines
  86:../../DaisySP//Source/Effects/chorus.h **** /**  
  87:../../DaisySP//Source/Effects/chorus.h ****     @brief Chorus Effect.
  88:../../DaisySP//Source/Effects/chorus.h ****     @author Ben Sergentanis
  89:../../DaisySP//Source/Effects/chorus.h ****     @date Jan 2021
  90:../../DaisySP//Source/Effects/chorus.h ****     Based on https://www.izotope.com/en/learn/understanding-chorus-flangers-and-phasers-in-audio-pr
  91:../../DaisySP//Source/Effects/chorus.h ****     and https://www.researchgate.net/publication/236629475_Implementing_Professional_Audio_Effects_
  92:../../DaisySP//Source/Effects/chorus.h **** */
  93:../../DaisySP//Source/Effects/chorus.h **** class Chorus
  94:../../DaisySP//Source/Effects/chorus.h **** {
  95:../../DaisySP//Source/Effects/chorus.h ****   public:
  96:../../DaisySP//Source/Effects/chorus.h ****     Chorus() {}
  97:../../DaisySP//Source/Effects/chorus.h ****     ~Chorus() {}
  79              		.loc 6 97 5 is_stmt 1 view -0
  80              		.cfi_startproc
  81              		@ args = 0, pretend = 0, frame = 0
  82              		@ frame_needed = 0, uses_anonymous_args = 0
  83              		@ link register save eliminated.
  84              		.loc 6 97 16 is_stmt 0 view .LVU11
  85 0000 7047     		bx	lr
  86              		.cfi_endproc
  87              	.LFE4374:
  89              		.weak	_ZN7daisysp6ChorusD1Ev
  90              		.thumb_set _ZN7daisysp6ChorusD1Ev,_ZN7daisysp6ChorusD2Ev
  91              		.section	.text._ZN7daisysp9OverdriveD2Ev,"axG",%progbits,_ZN7daisysp9OverdriveD5Ev,comdat
  92              		.align	1
  93              		.p2align 2,,3
  94              		.weak	_ZN7daisysp9OverdriveD2Ev
  95              		.syntax unified
  96              		.thumb
  97              		.thumb_func
  98              		.fpu fpv5-d16
 100              	_ZN7daisysp9OverdriveD2Ev:
 101              	.LVL2:
 102              	.LFB4394:
 103              		.file 7 "../../DaisySP//Source/Effects/overdrive.h"
   1:../../DaisySP//Source/Effects/overdrive.h **** /*
   2:../../DaisySP//Source/Effects/overdrive.h **** Copyright (c) 2020 Electrosmith, Corp, Emilie Gillet
   3:../../DaisySP//Source/Effects/overdrive.h **** 
   4:../../DaisySP//Source/Effects/overdrive.h **** Use of this source code is governed by an MIT-style
   5:../../DaisySP//Source/Effects/overdrive.h **** license that can be found in the LICENSE file or at
   6:../../DaisySP//Source/Effects/overdrive.h **** https://opensource.org/licenses/MIT.
   7:../../DaisySP//Source/Effects/overdrive.h **** */
   8:../../DaisySP//Source/Effects/overdrive.h **** 
ARM GAS  C:\Users\aydan\AppData\Local\Temp\ccPU8E4p.s 			page 11


   9:../../DaisySP//Source/Effects/overdrive.h **** #pragma once
  10:../../DaisySP//Source/Effects/overdrive.h **** #ifndef DSY_OVERDRIVE_H
  11:../../DaisySP//Source/Effects/overdrive.h **** #define DSY_OVERDRIVE_H
  12:../../DaisySP//Source/Effects/overdrive.h **** 
  13:../../DaisySP//Source/Effects/overdrive.h **** #include <stdint.h>
  14:../../DaisySP//Source/Effects/overdrive.h **** #ifdef __cplusplus
  15:../../DaisySP//Source/Effects/overdrive.h **** 
  16:../../DaisySP//Source/Effects/overdrive.h **** /** @file overdrive.h */
  17:../../DaisySP//Source/Effects/overdrive.h **** 
  18:../../DaisySP//Source/Effects/overdrive.h **** namespace daisysp
  19:../../DaisySP//Source/Effects/overdrive.h **** {
  20:../../DaisySP//Source/Effects/overdrive.h **** /**  
  21:../../DaisySP//Source/Effects/overdrive.h ****        @brief Distortion / Overdrive Module
  22:../../DaisySP//Source/Effects/overdrive.h ****        @author Ported by Ben Sergentanis 
  23:../../DaisySP//Source/Effects/overdrive.h ****        @date Jan 2021 
  24:../../DaisySP//Source/Effects/overdrive.h ****        Ported from pichenettes/eurorack/plaits/dsp/fx/overdrive.h \n
  25:../../DaisySP//Source/Effects/overdrive.h ****        to an independent module. \n
  26:../../DaisySP//Source/Effects/overdrive.h ****        Original code written by Emilie Gillet in 2014. \n
  27:../../DaisySP//Source/Effects/overdrive.h **** */
  28:../../DaisySP//Source/Effects/overdrive.h **** class Overdrive
  29:../../DaisySP//Source/Effects/overdrive.h **** {
  30:../../DaisySP//Source/Effects/overdrive.h ****   public:
  31:../../DaisySP//Source/Effects/overdrive.h ****     Overdrive() {}
  32:../../DaisySP//Source/Effects/overdrive.h ****     ~Overdrive() {}
 104              		.loc 7 32 5 is_stmt 1 view -0
 105              		.cfi_startproc
 106              		@ args = 0, pretend = 0, frame = 0
 107              		@ frame_needed = 0, uses_anonymous_args = 0
 108              		@ link register save eliminated.
 109              		.loc 7 32 19 is_stmt 0 view .LVU13
 110 0000 7047     		bx	lr
 111              		.cfi_endproc
 112              	.LFE4394:
 114              		.weak	_ZN7daisysp9OverdriveD1Ev
 115              		.thumb_set _ZN7daisysp9OverdriveD1Ev,_ZN7daisysp9OverdriveD2Ev
 116              		.section	.text._ZN7daisysp14GranularPlayerD2Ev,"axG",%progbits,_ZN7daisysp14GranularPlayerD5Ev,com
 117              		.align	1
 118              		.p2align 2,,3
 119              		.weak	_ZN7daisysp14GranularPlayerD2Ev
 120              		.syntax unified
 121              		.thumb
 122              		.thumb_func
 123              		.fpu fpv5-d16
 125              	_ZN7daisysp14GranularPlayerD2Ev:
 126              	.LVL3:
 127              	.LFB4567:
 128              		.file 8 "../../DaisySP//Source/Sampling/granularplayer.h"
   1:../../DaisySP//Source/Sampling/granularplayer.h **** /*
   2:../../DaisySP//Source/Sampling/granularplayer.h **** Copyright (c) 2020 Electrosmith, Corp, Vinícius Fernandes
   3:../../DaisySP//Source/Sampling/granularplayer.h **** 
   4:../../DaisySP//Source/Sampling/granularplayer.h **** Use of this source code is governed by an MIT-style
   5:../../DaisySP//Source/Sampling/granularplayer.h **** license that can be found in the LICENSE file or at
   6:../../DaisySP//Source/Sampling/granularplayer.h **** https://opensource.org/licenses/MIT.
   7:../../DaisySP//Source/Sampling/granularplayer.h **** */
   8:../../DaisySP//Source/Sampling/granularplayer.h **** 
   9:../../DaisySP//Source/Sampling/granularplayer.h **** #pragma once
  10:../../DaisySP//Source/Sampling/granularplayer.h **** #ifndef DSY_GRANULARPLAYER_H
ARM GAS  C:\Users\aydan\AppData\Local\Temp\ccPU8E4p.s 			page 12


  11:../../DaisySP//Source/Sampling/granularplayer.h **** #define DSY_GRANULARPLAYER_H
  12:../../DaisySP//Source/Sampling/granularplayer.h **** 
  13:../../DaisySP//Source/Sampling/granularplayer.h **** #include <stdint.h>
  14:../../DaisySP//Source/Sampling/granularplayer.h **** #include <cmath>
  15:../../DaisySP//Source/Sampling/granularplayer.h **** #include "Control/phasor.h"
  16:../../DaisySP//Source/Sampling/granularplayer.h **** #ifdef __cplusplus
  17:../../DaisySP//Source/Sampling/granularplayer.h **** #ifndef M_PI
  18:../../DaisySP//Source/Sampling/granularplayer.h **** #define M_PI 3.14159265358979323846 /* pi */
  19:../../DaisySP//Source/Sampling/granularplayer.h **** #endif
  20:../../DaisySP//Source/Sampling/granularplayer.h **** 
  21:../../DaisySP//Source/Sampling/granularplayer.h **** namespace daisysp
  22:../../DaisySP//Source/Sampling/granularplayer.h **** {
  23:../../DaisySP//Source/Sampling/granularplayer.h **** /** GranularPlayer Module
  24:../../DaisySP//Source/Sampling/granularplayer.h **** 
  25:../../DaisySP//Source/Sampling/granularplayer.h ****     Date: November, 2023
  26:../../DaisySP//Source/Sampling/granularplayer.h **** 
  27:../../DaisySP//Source/Sampling/granularplayer.h ****     Author: Vinícius Fernandes
  28:../../DaisySP//Source/Sampling/granularplayer.h **** 
  29:../../DaisySP//Source/Sampling/granularplayer.h ****     GranularPlayer is a lookup table player that provides independent time stretching and pitch shi
  30:../../DaisySP//Source/Sampling/granularplayer.h ****     via granulation.
  31:../../DaisySP//Source/Sampling/granularplayer.h ****     Inspired by the grain.player object from else pure data's library.
  32:../../DaisySP//Source/Sampling/granularplayer.h **** */
  33:../../DaisySP//Source/Sampling/granularplayer.h **** 
  34:../../DaisySP//Source/Sampling/granularplayer.h **** class GranularPlayer
  35:../../DaisySP//Source/Sampling/granularplayer.h **** {
  36:../../DaisySP//Source/Sampling/granularplayer.h ****   public:
  37:../../DaisySP//Source/Sampling/granularplayer.h ****     GranularPlayer() {}
  38:../../DaisySP//Source/Sampling/granularplayer.h ****     ~GranularPlayer() {}
 129              		.loc 8 38 5 is_stmt 1 view -0
 130              		.cfi_startproc
 131              		@ args = 0, pretend = 0, frame = 0
 132              		@ frame_needed = 0, uses_anonymous_args = 0
 133              		@ link register save eliminated.
 134              	.LBB312:
 135              	.LBI312:
 136              		.file 9 "../../DaisySP//Source/Control/phasor.h"
   1:../../DaisySP//Source/Control/phasor.h **** /*
   2:../../DaisySP//Source/Control/phasor.h **** Copyright (c) 2020 Electrosmith, Corp
   3:../../DaisySP//Source/Control/phasor.h **** 
   4:../../DaisySP//Source/Control/phasor.h **** Use of this source code is governed by an MIT-style
   5:../../DaisySP//Source/Control/phasor.h **** license that can be found in the LICENSE file or at
   6:../../DaisySP//Source/Control/phasor.h **** https://opensource.org/licenses/MIT.
   7:../../DaisySP//Source/Control/phasor.h **** */
   8:../../DaisySP//Source/Control/phasor.h **** 
   9:../../DaisySP//Source/Control/phasor.h **** #pragma once
  10:../../DaisySP//Source/Control/phasor.h **** #ifndef DSY_PHASOR_H
  11:../../DaisySP//Source/Control/phasor.h **** #define DSY_PHASOR_H
  12:../../DaisySP//Source/Control/phasor.h **** #ifdef __cplusplus
  13:../../DaisySP//Source/Control/phasor.h **** 
  14:../../DaisySP//Source/Control/phasor.h **** namespace daisysp
  15:../../DaisySP//Source/Control/phasor.h **** {
  16:../../DaisySP//Source/Control/phasor.h **** /** Generates a normalized signal moving from 0-1 at the specified frequency.
  17:../../DaisySP//Source/Control/phasor.h **** 
  18:../../DaisySP//Source/Control/phasor.h **** \todo Selecting which channels should be initialized/included in the sequence conversion.
  19:../../DaisySP//Source/Control/phasor.h **** \todo Setup a similar start function for an external mux, but that seems outside the scope of this 
  20:../../DaisySP//Source/Control/phasor.h **** 
  21:../../DaisySP//Source/Control/phasor.h **** */
ARM GAS  C:\Users\aydan\AppData\Local\Temp\ccPU8E4p.s 			page 13


  22:../../DaisySP//Source/Control/phasor.h **** class Phasor
  23:../../DaisySP//Source/Control/phasor.h **** {
  24:../../DaisySP//Source/Control/phasor.h ****   public:
  25:../../DaisySP//Source/Control/phasor.h ****     Phasor() {}
  26:../../DaisySP//Source/Control/phasor.h ****     ~Phasor() {}
 137              		.loc 9 26 5 view .LVU15
 138              		.loc 9 26 5 is_stmt 0 view .LVU16
 139              	.LBE312:
 140              	.LBB313:
 141              	.LBI313:
 142              		.loc 9 26 5 is_stmt 1 view .LVU17
 143              		.loc 9 26 5 is_stmt 0 view .LVU18
 144              	.LBE313:
 145              	.LBB314:
 146              	.LBI314:
 147              		.loc 9 26 5 is_stmt 1 view .LVU19
 148              		.loc 9 26 5 is_stmt 0 view .LVU20
 149              	.LBE314:
 150              	.LBB315:
 151              	.LBI315:
 152              		.loc 9 26 5 is_stmt 1 view .LVU21
 153              		.loc 9 26 5 is_stmt 0 view .LVU22
 154              	.LBE315:
 155              		.loc 8 38 24 view .LVU23
 156 0000 7047     		bx	lr
 157              		.cfi_endproc
 158              	.LFE4567:
 160              		.weak	_ZN7daisysp14GranularPlayerD1Ev
 161              		.thumb_set _ZN7daisysp14GranularPlayerD1Ev,_ZN7daisysp14GranularPlayerD2Ev
 162 0002 00BF     		.section	.text._ZL13AudioCallbackPKPKfPPfj,"ax",%progbits
 163              		.align	1
 164              		.p2align 2,,3
 165              		.syntax unified
 166              		.thumb
 167              		.thumb_func
 168              		.fpu fpv5-d16
 170              	_ZL13AudioCallbackPKPKfPPfj:
 171              	.LVL4:
 172              	.LFB4695:
 173              		.file 10 "project006.cpp"
   1:project006.cpp **** #include "daisy_seed.h"
   2:project006.cpp **** #include "daisysp.h"
   3:project006.cpp **** #include <cmath>
   4:project006.cpp **** #include <cstdio>
   5:project006.cpp **** #include <cstring>
   6:project006.cpp **** 
   7:project006.cpp **** using namespace daisy;
   8:project006.cpp **** using namespace daisy::seed;
   9:project006.cpp **** 
  10:project006.cpp **** // ============================================================
  11:project006.cpp **** // Hardware
  12:project006.cpp **** // ============================================================
  13:project006.cpp **** DaisySeed   hw;
  14:project006.cpp **** UartHandler uart;
  15:project006.cpp **** 
  16:project006.cpp **** // 6-position rotary (use 6 throws)
  17:project006.cpp **** static constexpr int kNumPos = 6;
ARM GAS  C:\Users\aydan\AppData\Local\Temp\ccPU8E4p.s 			page 14


  18:project006.cpp **** static const Pin kRotPins[kNumPos] = { D3, D4, D5, D6, D7, D8 };
  19:project006.cpp **** GPIO rot[kNumPos];
  20:project006.cpp **** 
  21:project006.cpp **** // Footswitch (active-low to GND, pull-up)
  22:project006.cpp **** GPIO foot;
  23:project006.cpp **** 
  24:project006.cpp **** // 3 physical pots
  25:project006.cpp **** static constexpr int   kNumPotsPhys      = 3;
  26:project006.cpp **** static constexpr float kPot3Placeholder  = 0.5f; // 4th param placeholder (neutral)
  27:project006.cpp **** 
  28:project006.cpp **** // ============================================================
  29:project006.cpp **** // Effects
  30:project006.cpp **** // ============================================================
  31:project006.cpp **** static constexpr float kSR = 48000.0f;
  32:project006.cpp **** 
  33:project006.cpp **** // DaisySP effects (use directly)
  34:project006.cpp **** daisysp::Chorus         chorus;
  35:project006.cpp **** daisysp::Overdrive      od;
  36:project006.cpp **** daisysp::GranularPlayer gran;
  37:project006.cpp **** 
  38:project006.cpp **** // Granular buffer in SDRAM (1 second @ 48k)
  39:project006.cpp **** static constexpr int kGranBufSize = 48000;
  40:project006.cpp **** DSY_SDRAM_BSS float gran_buf[kGranBufSize];
  41:project006.cpp **** 
  42:project006.cpp **** // Granular capture state (filled in audio callback)
  43:project006.cpp **** enum GranState : int { GRAN_EMPTY = 0, GRAN_RECORDING = 1, GRAN_READY = 2 };
  44:project006.cpp **** volatile int gran_state = GRAN_EMPTY;
  45:project006.cpp **** volatile int gran_wr    = 0;
  46:project006.cpp **** 
  47:project006.cpp **** // ============================================================
  48:project006.cpp **** // Shared state for telemetry / UI
  49:project006.cpp **** // ============================================================
  50:project006.cpp **** enum EffectId : int { FX_TUNER = 0, FX_CHORUS = 1, FX_GRANULAR = 2, FX_OVERDRIVE = 3 };
  51:project006.cpp **** 
  52:project006.cpp **** volatile int   g_fx = FX_TUNER;
  53:project006.cpp **** volatile float g_pots[4] = {0, 0, 0, kPot3Placeholder};
  54:project006.cpp **** 
  55:project006.cpp **** volatile bool  g_foot_down   = false;
  56:project006.cpp **** volatile int   g_press_count = 0;
  57:project006.cpp **** volatile bool  g_bypass      = false; // toggles for chorus/overdrive; granular uses capture
  58:project006.cpp **** 
  59:project006.cpp **** // Tuner telemetry (computed in main loop)
  60:project006.cpp **** volatile bool  g_tuner_valid   = false;
  61:project006.cpp **** volatile float g_tuner_freq_hz = 110.0f;
  62:project006.cpp **** volatile float g_tuner_cents   = 0.0f;
  63:project006.cpp **** volatile float g_tuner_conf    = 0.0f;
  64:project006.cpp **** char           g_tuner_note[8] = "A2";
  65:project006.cpp **** 
  66:project006.cpp **** // ============================================================
  67:project006.cpp **** // Utility
  68:project006.cpp **** // ============================================================
  69:project006.cpp **** static inline float clampf(float x, float lo, float hi)
  70:project006.cpp **** {
  71:project006.cpp ****     return (x < lo) ? lo : (x > hi) ? hi : x;
  72:project006.cpp **** }
  73:project006.cpp **** 
  74:project006.cpp **** static inline float softclip(float x)
ARM GAS  C:\Users\aydan\AppData\Local\Temp\ccPU8E4p.s 			page 15


  75:project006.cpp **** {
  76:project006.cpp ****     // simple, cheap soft-ish clip
  77:project006.cpp ****     x = clampf(x, -2.0f, 2.0f);
  78:project006.cpp ****     return x / (1.0f + std::fabs(x));
  79:project006.cpp **** }
  80:project006.cpp **** 
  81:project006.cpp **** // ============================================================
  82:project006.cpp **** // Rotary read + mapping
  83:project006.cpp **** // ============================================================
  84:project006.cpp **** static int ReadRotaryRaw()
  85:project006.cpp **** {
  86:project006.cpp ****     // Inputs are pull-up: 1 = not selected, 0 = selected (grounded through common)
  87:project006.cpp ****     for(int i = 0; i < kNumPos; i++)
  88:project006.cpp ****         if(!rot[i].Read())
  89:project006.cpp ****             return i + 1; // 1..6
  90:project006.cpp ****     return 0; // can happen briefly while rotating
  91:project006.cpp **** }
  92:project006.cpp **** 
  93:project006.cpp **** static bool RotaryPosToFx(int pos, int& out_fx)
  94:project006.cpp **** {
  95:project006.cpp ****     // Use only positions 1..4 => FX 0..3
  96:project006.cpp ****     if(pos >= 1 && pos <= 4)
  97:project006.cpp ****     {
  98:project006.cpp ****         out_fx = pos - 1;
  99:project006.cpp ****         return true;
 100:project006.cpp ****     }
 101:project006.cpp ****     return false;
 102:project006.cpp **** }
 103:project006.cpp **** 
 104:project006.cpp **** // ============================================================
 105:project006.cpp **** // UART helpers (never call from audio callback)
 106:project006.cpp **** // ============================================================
 107:project006.cpp **** static void uart_send(const char* s)
 108:project006.cpp **** {
 109:project006.cpp ****     uart.BlockingTransmit((uint8_t*)s, strlen(s), 1000);
 110:project006.cpp **** }
 111:project006.cpp **** 
 112:project006.cpp **** static void send_effect(int fx)
 113:project006.cpp **** {
 114:project006.cpp ****     char buf[32];
 115:project006.cpp ****     std::snprintf(buf, sizeof(buf), "E,%d\n", fx);
 116:project006.cpp ****     uart_send(buf);
 117:project006.cpp **** }
 118:project006.cpp **** 
 119:project006.cpp **** static void send_pots(float p0, float p1, float p2, float p3)
 120:project006.cpp **** {
 121:project006.cpp ****     char buf[96];
 122:project006.cpp ****     std::snprintf(buf, sizeof(buf), "P,%.4f,%.4f,%.4f,%.4f\n", p0, p1, p2, p3);
 123:project006.cpp ****     uart_send(buf);
 124:project006.cpp **** }
 125:project006.cpp **** 
 126:project006.cpp **** static void send_footswitch(bool down, const char* edge, int press_count)
 127:project006.cpp **** {
 128:project006.cpp ****     char buf[96];
 129:project006.cpp ****     std::snprintf(buf, sizeof(buf), "S,%d,%s,%d\n", down ? 1 : 0, edge, press_count);
 130:project006.cpp ****     uart_send(buf);
 131:project006.cpp **** }
ARM GAS  C:\Users\aydan\AppData\Local\Temp\ccPU8E4p.s 			page 16


 132:project006.cpp **** 
 133:project006.cpp **** static void send_tuner(bool valid, float freq_hz, const char* note, float cents, float conf)
 134:project006.cpp **** {
 135:project006.cpp ****     char buf[128];
 136:project006.cpp ****     std::snprintf(buf, sizeof(buf), "T,%d,%.3f,%s,%.2f,%.3f\n",
 137:project006.cpp ****                   valid ? 1 : 0, freq_hz, note, cents, conf);
 138:project006.cpp ****     uart_send(buf);
 139:project006.cpp **** }
 140:project006.cpp **** 
 141:project006.cpp **** // ============================================================
 142:project006.cpp **** // Pitch ring buffer (filled in callback, analyzed in main loop)
 143:project006.cpp **** // ============================================================
 144:project006.cpp **** static constexpr int kPitchRing = 4096;
 145:project006.cpp **** static constexpr int kPitchWin  = 1024;
 146:project006.cpp **** static float         pitch_ring[kPitchRing];
 147:project006.cpp **** static volatile int  pitch_wr = 0;
 148:project006.cpp **** 
 149:project006.cpp **** struct PitchResult
 150:project006.cpp **** {
 151:project006.cpp ****     bool  valid   = false;
 152:project006.cpp ****     float freq_hz = 110.0f;
 153:project006.cpp ****     float conf    = 0.0f;
 154:project006.cpp ****     float cents   = 0.0f;
 155:project006.cpp ****     char  note[8] = "A2";
 156:project006.cpp **** };
 157:project006.cpp **** 
 158:project006.cpp **** static void freq_to_note(float freq, char* out_note, size_t out_sz, float& out_cents)
 159:project006.cpp **** {
 160:project006.cpp ****     if(freq <= 0.0f)
 161:project006.cpp ****     {
 162:project006.cpp ****         std::snprintf(out_note, out_sz, "A2");
 163:project006.cpp ****         out_cents = 0.0f;
 164:project006.cpp ****         return;
 165:project006.cpp ****     }
 166:project006.cpp ****     float midi_f = 69.0f + 12.0f * (std::log2(freq / 440.0f));
 167:project006.cpp ****     int   midi_n = (int)std::round(midi_f);
 168:project006.cpp **** 
 169:project006.cpp ****     static const char* names[12] = {"C","C#","D","D#","E","F","F#","G","G#","A","A#","B"};
 170:project006.cpp **** 
 171:project006.cpp ****     int note_idx = ((midi_n % 12) + 12) % 12;
 172:project006.cpp ****     int octave   = (midi_n / 12) - 1;
 173:project006.cpp **** 
 174:project006.cpp ****     std::snprintf(out_note, out_sz, "%s%d", names[note_idx], octave);
 175:project006.cpp ****     out_cents = (midi_f - (float)midi_n) * 100.0f;
 176:project006.cpp **** }
 177:project006.cpp **** 
 178:project006.cpp **** // Simple AMDF pitch estimate on downsampled window.
 179:project006.cpp **** static PitchResult estimate_pitch(const float* x, int n, float fs,
 180:project006.cpp ****                                   float sens_norm, float smooth_norm,
 181:project006.cpp ****                                   float& freq_smoother)
 182:project006.cpp **** {
 183:project006.cpp ****     PitchResult pr;
 184:project006.cpp **** 
 185:project006.cpp ****     // Remove DC + compute RMS
 186:project006.cpp ****     float mean = 0.0f;
 187:project006.cpp ****     for(int i = 0; i < n; i++) mean += x[i];
 188:project006.cpp ****     mean /= (float)n;
ARM GAS  C:\Users\aydan\AppData\Local\Temp\ccPU8E4p.s 			page 17


 189:project006.cpp **** 
 190:project006.cpp ****     float e = 0.0f;
 191:project006.cpp ****     static float xd[1024];
 192:project006.cpp ****     for(int i = 0; i < n; i++)
 193:project006.cpp ****     {
 194:project006.cpp ****         xd[i] = x[i] - mean;
 195:project006.cpp ****         e += xd[i] * xd[i];
 196:project006.cpp ****     }
 197:project006.cpp ****     float rms = std::sqrt(e / (float)n);
 198:project006.cpp ****     if(rms < 0.01f)
 199:project006.cpp ****         return pr;
 200:project006.cpp **** 
 201:project006.cpp ****     // Downsample by 4 -> 256 samples
 202:project006.cpp ****     static float ds[256];
 203:project006.cpp ****     int dn = 0;
 204:project006.cpp ****     for(int i = 0; i < n; i += 4)
 205:project006.cpp ****         ds[dn++] = xd[i];
 206:project006.cpp **** 
 207:project006.cpp ****     float fs_ds = fs / 4.0f;
 208:project006.cpp **** 
 209:project006.cpp ****     // Lag range (guitar-ish): 70..1000 Hz
 210:project006.cpp ****     int minLag = (int)(fs_ds / 1000.0f);
 211:project006.cpp ****     int maxLag = (int)(fs_ds / 70.0f);
 212:project006.cpp ****     if(maxLag >= dn - 1) maxLag = dn - 2;
 213:project006.cpp ****     if(minLag < 2) minLag = 2;
 214:project006.cpp **** 
 215:project006.cpp ****     float best   = 1e30f;
 216:project006.cpp ****     int   bestLag = -1;
 217:project006.cpp ****     float avg    = 0.0f;
 218:project006.cpp ****     int   count  = 0;
 219:project006.cpp **** 
 220:project006.cpp ****     for(int lag = minLag; lag <= maxLag; lag++)
 221:project006.cpp ****     {
 222:project006.cpp ****         float s = 0.0f;
 223:project006.cpp ****         for(int i = 0; i < dn - lag; i++)
 224:project006.cpp ****             s += std::fabs(ds[i] - ds[i + lag]);
 225:project006.cpp **** 
 226:project006.cpp ****         avg += s;
 227:project006.cpp ****         count++;
 228:project006.cpp **** 
 229:project006.cpp ****         if(s < best)
 230:project006.cpp ****         {
 231:project006.cpp ****             best    = s;
 232:project006.cpp ****             bestLag = lag;
 233:project006.cpp ****         }
 234:project006.cpp ****     }
 235:project006.cpp ****     if(bestLag < 0) return pr;
 236:project006.cpp **** 
 237:project006.cpp ****     avg /= (float)count;
 238:project006.cpp ****     float conf = 1.0f - (best / (avg + 1e-9f));
 239:project006.cpp ****     conf = clampf(conf, 0.0f, 1.0f);
 240:project006.cpp **** 
 241:project006.cpp ****     // Sens pot: required confidence ~0.45..0.75
 242:project006.cpp ****     float conf_req = 0.45f + 0.30f * sens_norm;
 243:project006.cpp **** 
 244:project006.cpp ****     float freq = fs_ds / (float)bestLag;
 245:project006.cpp **** 
ARM GAS  C:\Users\aydan\AppData\Local\Temp\ccPU8E4p.s 			page 18


 246:project006.cpp ****     // Smooth pot: higher = more smoothing (slower)
 247:project006.cpp ****     float alpha_fast = 0.25f;
 248:project006.cpp ****     float alpha_slow = 0.03f;
 249:project006.cpp ****     float alpha = alpha_fast + (alpha_slow - alpha_fast) * smooth_norm;
 250:project006.cpp **** 
 251:project006.cpp ****     freq_smoother = freq_smoother + alpha * (freq - freq_smoother);
 252:project006.cpp ****     float freq_sm = freq_smoother;
 253:project006.cpp **** 
 254:project006.cpp ****     float cents = 0.0f;
 255:project006.cpp ****     char  note[8];
 256:project006.cpp ****     freq_to_note(freq_sm, note, sizeof(note), cents);
 257:project006.cpp **** 
 258:project006.cpp ****     pr.valid   = (conf >= conf_req) && (freq_sm >= 70.0f) && (freq_sm <= 1000.0f);
 259:project006.cpp ****     pr.freq_hz = freq_sm;
 260:project006.cpp ****     pr.conf    = conf;
 261:project006.cpp ****     pr.cents   = cents;
 262:project006.cpp ****     std::snprintf(pr.note, sizeof(pr.note), "%s", note);
 263:project006.cpp ****     return pr;
 264:project006.cpp **** }
 265:project006.cpp **** 
 266:project006.cpp **** // ============================================================
 267:project006.cpp **** // Audio callback
 268:project006.cpp **** // ============================================================
 269:project006.cpp **** static void AudioCallback(AudioHandle::InputBuffer in,
 270:project006.cpp ****                           AudioHandle::OutputBuffer out,
 271:project006.cpp ****                           size_t size)
 272:project006.cpp **** {
 174              		.loc 10 272 1 is_stmt 1 view -0
 175              		.cfi_startproc
 176              		@ args = 0, pretend = 0, frame = 8
 177              		@ frame_needed = 0, uses_anonymous_args = 0
 273:project006.cpp ****     // Snapshot shared state at block start
 274:project006.cpp ****     const int   fx     = g_fx;
 178              		.loc 10 274 5 view .LVU25
 272:project006.cpp ****     // Snapshot shared state at block start
 179              		.loc 10 272 1 is_stmt 0 view .LVU26
 180 0000 2DE9F04F 		push	{r4, r5, r6, r7, r8, r9, r10, fp, lr}
 181              		.cfi_def_cfa_offset 36
 182              		.cfi_offset 4, -36
 183              		.cfi_offset 5, -32
 184              		.cfi_offset 6, -28
 185              		.cfi_offset 7, -24
 186              		.cfi_offset 8, -20
 187              		.cfi_offset 9, -16
 188              		.cfi_offset 10, -12
 189              		.cfi_offset 11, -8
 190              		.cfi_offset 14, -4
 275:project006.cpp ****     const float p0     = g_pots[0];
 191              		.loc 10 275 34 view .LVU27
 192 0004 C84B     		ldr	r3, .L82
 272:project006.cpp ****     // Snapshot shared state at block start
 193              		.loc 10 272 1 view .LVU28
 194 0006 0646     		mov	r6, r0
 274:project006.cpp ****     const float p0     = g_pots[0];
 195              		.loc 10 274 26 view .LVU29
 196 0008 C84C     		ldr	r4, .L82+4
 272:project006.cpp ****     // Snapshot shared state at block start
ARM GAS  C:\Users\aydan\AppData\Local\Temp\ccPU8E4p.s 			page 19


 197              		.loc 10 272 1 view .LVU30
 198 000a 0F46     		mov	r7, r1
 199 000c 9146     		mov	r9, r2
 274:project006.cpp ****     const float p0     = g_pots[0];
 200              		.loc 10 274 26 view .LVU31
 201 000e D4F80080 		ldr	r8, [r4]
 202              	.LVL5:
 203              		.loc 10 275 5 is_stmt 1 view .LVU32
 272:project006.cpp ****     // Snapshot shared state at block start
 204              		.loc 10 272 1 is_stmt 0 view .LVU33
 205 0012 2DED088B 		vpush.64	{d8, d9, d10, d11}
 206              		.cfi_def_cfa_offset 68
 207              		.cfi_offset 80, -68
 208              		.cfi_offset 81, -64
 209              		.cfi_offset 82, -60
 210              		.cfi_offset 83, -56
 211              		.cfi_offset 84, -52
 212              		.cfi_offset 85, -48
 213              		.cfi_offset 86, -44
 214              		.cfi_offset 87, -40
 215              		.loc 10 275 34 view .LVU34
 216 0016 D3ED008A 		vldr.32	s17, [r3]
 217              	.LVL6:
 276:project006.cpp ****     const float p1     = g_pots[1];
 218              		.loc 10 276 5 is_stmt 1 view .LVU35
 272:project006.cpp ****     // Snapshot shared state at block start
 219              		.loc 10 272 1 is_stmt 0 view .LVU36
 220 001a 83B0     		sub	sp, sp, #12
 221              		.cfi_def_cfa_offset 80
 222              		.loc 10 276 34 view .LVU37
 223 001c 93ED017A 		vldr.32	s14, [r3, #4]
 224              	.LVL7:
 277:project006.cpp ****     const float p2     = g_pots[2];
 225              		.loc 10 277 5 is_stmt 1 view .LVU38
 226              	.LBB316:
 227              	.LBB317:
  71:project006.cpp **** }
 228              		.loc 10 71 21 is_stmt 0 view .LVU39
 229 0020 F5EEC08A 		vcmpe.f32	s17, #0
 230              	.LBE317:
 231              	.LBE316:
 232              		.loc 10 277 34 view .LVU40
 233 0024 D3ED027A 		vldr.32	s15, [r3, #8]
 234              	.LVL8:
 278:project006.cpp ****     const bool  bypass = g_bypass;
 235              		.loc 10 278 5 is_stmt 1 view .LVU41
 236              		.loc 10 278 26 is_stmt 0 view .LVU42
 237 0028 C14B     		ldr	r3, .L82+8
 238              	.LBB322:
 239              	.LBB318:
  71:project006.cpp **** }
 240              		.loc 10 71 21 view .LVU43
 241 002a F1EE10FA 		vmrs	APSR_nzcv, FPSCR
 242              	.LBE318:
 243              	.LBE322:
 244              		.loc 10 278 26 view .LVU44
 245 002e 93F800B0 		ldrb	fp, [r3]	@ zero_extendqisi2
ARM GAS  C:\Users\aydan\AppData\Local\Temp\ccPU8E4p.s 			page 20


 246 0032 5FFA8BFB 		uxtb	fp, fp
 247              	.LVL9:
 279:project006.cpp **** 
 280:project006.cpp ****     // ---- Precompute per-block params (cheap + stable) ----
 281:project006.cpp ****     // CHORUS: pot0=mix, pot1=rate, pot2=depth
 282:project006.cpp ****     const float chorus_mix   = clampf(p0, 0.0f, 1.0f);
 248              		.loc 10 282 5 is_stmt 1 view .LVU45
 249              	.LBB323:
 250              	.LBI316:
  69:project006.cpp **** {
 251              		.loc 10 69 21 view .LVU46
 252              	.LBB319:
  71:project006.cpp **** }
 253              		.loc 10 71 5 view .LVU47
  71:project006.cpp **** }
 254              		.loc 10 71 21 is_stmt 0 view .LVU48
 255 0036 56D4     		bmi	.L32
  71:project006.cpp **** }
 256              		.loc 10 71 37 view .LVU49
 257 0038 B7EE00BA 		vmov.f32	s22, #1.0e+0
 258 003c F4EECB8A 		vcmpe.f32	s17, s22
 259 0040 F1EE10FA 		vmrs	APSR_nzcv, FPSCR
 260              	.LBE319:
 261              	.LBE323:
 262              	.LBB324:
 263              	.LBB325:
  71:project006.cpp **** }
 264              		.loc 10 71 21 view .LVU50
 265 0044 B5EEC07A 		vcmpe.f32	s14, #0
 266              	.LBE325:
 267              	.LBE324:
 268              	.LBB330:
 269              	.LBB320:
  71:project006.cpp **** }
 270              		.loc 10 71 37 view .LVU51
 271 0048 3BFE28BA 		vselgt.f32	s22, s22, s17
 272              	.LVL10:
  71:project006.cpp **** }
 273              		.loc 10 71 37 view .LVU52
 274              	.LBE320:
 275              	.LBE330:
 283:project006.cpp ****     const float chorus_rate  = 0.05f + 7.95f * clampf(p1, 0.0f, 1.0f); // Hz
 276              		.loc 10 283 5 is_stmt 1 view .LVU53
 277              	.LBB331:
 278              	.LBI324:
  69:project006.cpp **** {
 279              		.loc 10 69 21 view .LVU54
 280              	.LBB326:
  71:project006.cpp **** }
 281              		.loc 10 71 5 view .LVU55
  71:project006.cpp **** }
 282              		.loc 10 71 21 is_stmt 0 view .LVU56
 283 004c F1EE10FA 		vmrs	APSR_nzcv, FPSCR
 284 0050 50D4     		bmi	.L34
 285              	.L72:
  71:project006.cpp **** }
 286              		.loc 10 71 37 view .LVU57
ARM GAS  C:\Users\aydan\AppData\Local\Temp\ccPU8E4p.s 			page 21


 287 0052 F7EE006A 		vmov.f32	s13, #1.0e+0
 288 0056 B4EEE67A 		vcmpe.f32	s14, s13
 289 005a F1EE10FA 		vmrs	APSR_nzcv, FPSCR
 290 005e 40F3B581 		ble	.L65
 291              	.LBE326:
 292              	.LBE331:
 293              	.LBB332:
 294              	.LBB333:
  71:project006.cpp **** }
 295              		.loc 10 71 21 view .LVU58
 296 0062 F5EEC07A 		vcmpe.f32	s15, #0
 297              	.LBE333:
 298              	.LBE332:
 299              	.LBB338:
 300              	.LBB327:
 301 0066 B2EE000A 		vmov.f32	s0, #8.0e+0
 302              	.LVL11:
  71:project006.cpp **** }
 303              		.loc 10 71 21 view .LVU59
 304              	.LBE327:
 305              	.LBE338:
 284:project006.cpp ****     const float chorus_depth = clampf(p2, 0.0f, 1.0f);
 306              		.loc 10 284 5 is_stmt 1 view .LVU60
 307              	.LBB339:
 308              	.LBI332:
  69:project006.cpp **** {
 309              		.loc 10 69 21 view .LVU61
 310              	.LBB334:
  71:project006.cpp **** }
 311              		.loc 10 71 5 view .LVU62
  71:project006.cpp **** }
 312              		.loc 10 71 21 is_stmt 0 view .LVU63
 313 006a F1EE10FA 		vmrs	APSR_nzcv, FPSCR
 314 006e 48D5     		bpl	.L66
 315              	.L36:
  71:project006.cpp **** }
 316              		.loc 10 71 21 view .LVU64
 317              	.LBE334:
 318              	.LBE339:
 319              	.LBB340:
 320              	.LBB341:
 321 0070 F5EEC08A 		vcmpe.f32	s17, #0
 322              	.LBE341:
 323              	.LBE340:
 324              	.LBB347:
 325              	.LBB335:
 326 0074 9FEDAF8A 		vldr.32	s16, .L82+12
 327              	.LVL12:
  71:project006.cpp **** }
 328              		.loc 10 71 21 view .LVU65
 329              	.LBE335:
 330              	.LBE347:
 285:project006.cpp ****     const float chorus_delay = 0.5f;   // 0..1 (mapped internally to ms) :contentReference[oaicite:
 331              		.loc 10 285 5 is_stmt 1 view .LVU66
 286:project006.cpp ****     const float chorus_fb    = 0.20f;  // keep conservative to avoid instability
 332              		.loc 10 286 5 view .LVU67
 287:project006.cpp **** 
ARM GAS  C:\Users\aydan\AppData\Local\Temp\ccPU8E4p.s 			page 22


 288:project006.cpp ****     // OVERDRIVE: pot0=drive, pot1=mix, pot2=level
 289:project006.cpp ****     const float od_drive = clampf(p0, 0.0f, 1.0f);
 333              		.loc 10 289 5 view .LVU68
 334              	.LBB348:
 335              	.LBI340:
  69:project006.cpp **** {
 336              		.loc 10 69 21 view .LVU69
 337              	.LBB342:
  71:project006.cpp **** }
 338              		.loc 10 71 5 view .LVU70
  71:project006.cpp **** }
 339              		.loc 10 71 21 is_stmt 0 view .LVU71
 340 0078 F1EE10FA 		vmrs	APSR_nzcv, FPSCR
 341 007c 4ED5     		bpl	.L67
 342              	.L38:
  71:project006.cpp **** }
 343              		.loc 10 71 21 view .LVU72
 344              	.LBE342:
 345              	.LBE348:
 346              	.LBB349:
 347              	.LBB350:
 348 007e B5EEC07A 		vcmpe.f32	s14, #0
 349              	.LBE350:
 350              	.LBE349:
 351              	.LBB356:
 352              	.LBB343:
 353 0082 DFEDACBA 		vldr.32	s23, .L82+12
 354              	.LVL13:
  71:project006.cpp **** }
 355              		.loc 10 71 21 view .LVU73
 356              	.LBE343:
 357              	.LBE356:
 290:project006.cpp ****     const float od_mix   = clampf(p1, 0.0f, 1.0f);
 358              		.loc 10 290 5 is_stmt 1 view .LVU74
 359              	.LBB357:
 360              	.LBI349:
  69:project006.cpp **** {
 361              		.loc 10 69 21 view .LVU75
 362              	.LBB351:
  71:project006.cpp **** }
 363              		.loc 10 71 5 view .LVU76
  71:project006.cpp **** }
 364              		.loc 10 71 21 is_stmt 0 view .LVU77
 365 0086 F1EE10FA 		vmrs	APSR_nzcv, FPSCR
 366 008a 54D5     		bpl	.L68
 367              	.L40:
  71:project006.cpp **** }
 368              		.loc 10 71 21 view .LVU78
 369              	.LBE351:
 370              	.LBE357:
 371              	.LBB358:
 372              	.LBB359:
 373 008c F5EEC07A 		vcmpe.f32	s15, #0
 374              	.LBE359:
 375              	.LBE358:
 376              	.LBB363:
 377              	.LBB352:
ARM GAS  C:\Users\aydan\AppData\Local\Temp\ccPU8E4p.s 			page 23


 378 0090 DFEDA8AA 		vldr.32	s21, .L82+12
 379              	.LVL14:
  71:project006.cpp **** }
 380              		.loc 10 71 21 view .LVU79
 381              	.LBE352:
 382              	.LBE363:
 291:project006.cpp ****     const float od_level = 0.25f + 0.75f * clampf(p2, 0.0f, 1.0f);
 383              		.loc 10 291 5 is_stmt 1 view .LVU80
 384              	.LBB364:
 385              	.LBI358:
  69:project006.cpp **** {
 386              		.loc 10 69 21 view .LVU81
 387              	.LBB360:
  71:project006.cpp **** }
 388              		.loc 10 71 5 view .LVU82
  71:project006.cpp **** }
 389              		.loc 10 71 21 is_stmt 0 view .LVU83
 390 0094 F1EE10FA 		vmrs	APSR_nzcv, FPSCR
 391 0098 5AD5     		bpl	.L69
 392              	.L42:
  71:project006.cpp **** }
 393              		.loc 10 71 21 view .LVU84
 394 009a B5EE00AA 		vmov.f32	s20, #2.5e-1
 395              	.L12:
 396              	.LVL15:
  71:project006.cpp **** }
 397              		.loc 10 71 21 view .LVU85
 398              	.LBE360:
 399              	.LBE364:
 292:project006.cpp **** 
 293:project006.cpp ****     // GRANULAR: pot0=mix, pot1=grain_ms, pot2=speed
 294:project006.cpp ****     const float gran_mix = clampf(p0, 0.0f, 1.0f);
 400              		.loc 10 294 5 is_stmt 1 view .LVU86
 401              	.LBB365:
 402              	.LBI365:
  69:project006.cpp **** {
 403              		.loc 10 69 21 view .LVU87
 404              	.LBB366:
  71:project006.cpp **** }
 405              		.loc 10 71 5 view .LVU88
  71:project006.cpp **** }
 406              		.loc 10 71 21 is_stmt 0 view .LVU89
 407 009e F5EEC08A 		vcmpe.f32	s17, #0
 408 00a2 F1EE10FA 		vmrs	APSR_nzcv, FPSCR
 409 00a6 65D4     		bmi	.L44
 410              	.L73:
  71:project006.cpp **** }
 411              		.loc 10 71 37 view .LVU90
 412 00a8 F7EE006A 		vmov.f32	s13, #1.0e+0
 413 00ac F4EE668A 		vcmp.f32	s17, s13
 414 00b0 F1EE10FA 		vmrs	APSR_nzcv, FPSCR
 415              	.LBE366:
 416              	.LBE365:
 417              	.LBB372:
 418              	.LBB373:
  71:project006.cpp **** }
 419              		.loc 10 71 21 view .LVU91
ARM GAS  C:\Users\aydan\AppData\Local\Temp\ccPU8E4p.s 			page 24


 420 00b4 B5EEC07A 		vcmpe.f32	s14, #0
 421              	.LBE373:
 422              	.LBE372:
 423              	.LBB378:
 424              	.LBB367:
  71:project006.cpp **** }
 425              		.loc 10 71 37 view .LVU92
 426 00b8 76FEA88A 		vselgt.f32	s17, s13, s17
 427              	.LVL16:
  71:project006.cpp **** }
 428              		.loc 10 71 37 view .LVU93
 429              	.LBE367:
 430              	.LBE378:
 295:project006.cpp ****     float gran_grain_ms  = 10.0f + 190.0f * clampf(p1, 0.0f, 1.0f);
 431              		.loc 10 295 5 is_stmt 1 view .LVU94
 432              	.LBB379:
 433              	.LBI372:
  69:project006.cpp **** {
 434              		.loc 10 69 21 view .LVU95
 435              	.LBB374:
  71:project006.cpp **** }
 436              		.loc 10 71 5 view .LVU96
  71:project006.cpp **** }
 437              		.loc 10 71 21 is_stmt 0 view .LVU97
 438 00bc F1EE10FA 		vmrs	APSR_nzcv, FPSCR
 439 00c0 5FD4     		bmi	.L46
 440              	.L74:
  71:project006.cpp **** }
 441              		.loc 10 71 37 view .LVU98
 442 00c2 F7EE006A 		vmov.f32	s13, #1.0e+0
 443 00c6 B4EEE67A 		vcmpe.f32	s14, s13
 444 00ca F1EE10FA 		vmrs	APSR_nzcv, FPSCR
 445 00ce 40F36C81 		ble	.L70
 446              	.LBE374:
 447              	.LBE379:
 448              	.LBB380:
 449              	.LBB381:
  71:project006.cpp **** }
 450              		.loc 10 71 21 view .LVU99
 451 00d2 F5EEC07A 		vcmpe.f32	s15, #0
 452              	.LBE381:
 453              	.LBE380:
 454              	.LBB385:
 455              	.LBB375:
 456 00d6 DFED989A 		vldr.32	s19, .L82+16
 457              	.LVL17:
  71:project006.cpp **** }
 458              		.loc 10 71 21 view .LVU100
 459              	.LBE375:
 460              	.LBE385:
 296:project006.cpp ****     if(gran_grain_ms < 1.0f) gran_grain_ms = 1.0f;
 461              		.loc 10 296 5 is_stmt 1 view .LVU101
 297:project006.cpp **** 
 298:project006.cpp ****     float gran_speed = -2.0f + 4.0f * clampf(p2, 0.0f, 1.0f); // -2..2
 462              		.loc 10 298 5 view .LVU102
 463              	.LBB386:
 464              	.LBI380:
ARM GAS  C:\Users\aydan\AppData\Local\Temp\ccPU8E4p.s 			page 25


  69:project006.cpp **** {
 465              		.loc 10 69 21 view .LVU103
 466              	.LBB382:
  71:project006.cpp **** }
 467              		.loc 10 71 5 view .LVU104
  71:project006.cpp **** }
 468              		.loc 10 71 21 is_stmt 0 view .LVU105
 469 00da F1EE10FA 		vmrs	APSR_nzcv, FPSCR
 470 00de 57D5     		bpl	.L71
 471              	.L48:
  71:project006.cpp **** }
 472              		.loc 10 71 21 view .LVU106
 473 00e0 B8EE009A 		vmov.f32	s18, #-2.0e+0
 474 00e4 74E0     		b	.L18
 475              	.LVL18:
 476              	.L32:
  71:project006.cpp **** }
 477              		.loc 10 71 21 view .LVU107
 478              	.LBE382:
 479              	.LBE386:
 480              	.LBB387:
 481              	.LBB328:
 482 00e6 B5EEC07A 		vcmpe.f32	s14, #0
 483              	.LBE328:
 484              	.LBE387:
 485              	.LBB388:
 486              	.LBB321:
 487 00ea 9FED92BA 		vldr.32	s22, .L82+12
 488              	.LVL19:
  71:project006.cpp **** }
 489              		.loc 10 71 21 view .LVU108
 490              	.LBE321:
 491              	.LBE388:
 283:project006.cpp ****     const float chorus_depth = clampf(p2, 0.0f, 1.0f);
 492              		.loc 10 283 5 is_stmt 1 view .LVU109
 493              	.LBB389:
  69:project006.cpp **** {
 494              		.loc 10 69 21 view .LVU110
 495              	.LBB329:
  71:project006.cpp **** }
 496              		.loc 10 71 5 view .LVU111
  71:project006.cpp **** }
 497              		.loc 10 71 21 is_stmt 0 view .LVU112
 498 00ee F1EE10FA 		vmrs	APSR_nzcv, FPSCR
 499 00f2 AED5     		bpl	.L72
 500              	.L34:
  71:project006.cpp **** }
 501              		.loc 10 71 21 view .LVU113
 502 00f4 9FED910A 		vldr.32	s0, .L82+20
 503              	.L8:
 504              	.LVL20:
  71:project006.cpp **** }
 505              		.loc 10 71 21 view .LVU114
 506              	.LBE329:
 507              	.LBE389:
 284:project006.cpp ****     const float chorus_delay = 0.5f;   // 0..1 (mapped internally to ms) :contentReference[oaicite:
 508              		.loc 10 284 5 is_stmt 1 view .LVU115
ARM GAS  C:\Users\aydan\AppData\Local\Temp\ccPU8E4p.s 			page 26


 509              	.LBB390:
  69:project006.cpp **** {
 510              		.loc 10 69 21 view .LVU116
 511              	.LBB336:
  71:project006.cpp **** }
 512              		.loc 10 71 5 view .LVU117
  71:project006.cpp **** }
 513              		.loc 10 71 21 is_stmt 0 view .LVU118
 514 00f8 F5EEC07A 		vcmpe.f32	s15, #0
 515 00fc F1EE10FA 		vmrs	APSR_nzcv, FPSCR
 516 0100 B6D4     		bmi	.L36
 517              	.L66:
  71:project006.cpp **** }
 518              		.loc 10 71 37 view .LVU119
 519 0102 B7EE008A 		vmov.f32	s16, #1.0e+0
 520 0106 F4EEC87A 		vcmpe.f32	s15, s16
 521 010a F1EE10FA 		vmrs	APSR_nzcv, FPSCR
 522              	.LBE336:
 523              	.LBE390:
 524              	.LBB391:
 525              	.LBB344:
  71:project006.cpp **** }
 526              		.loc 10 71 21 view .LVU120
 527 010e F5EEC08A 		vcmpe.f32	s17, #0
 528              	.LBE344:
 529              	.LBE391:
 530              	.LBB392:
 531              	.LBB337:
  71:project006.cpp **** }
 532              		.loc 10 71 37 view .LVU121
 533 0112 38FE278A 		vselgt.f32	s16, s16, s15
 534              	.LVL21:
  71:project006.cpp **** }
 535              		.loc 10 71 37 view .LVU122
 536              	.LBE337:
 537              	.LBE392:
 285:project006.cpp ****     const float chorus_fb    = 0.20f;  // keep conservative to avoid instability
 538              		.loc 10 285 5 is_stmt 1 view .LVU123
 286:project006.cpp **** 
 539              		.loc 10 286 5 view .LVU124
 289:project006.cpp ****     const float od_mix   = clampf(p1, 0.0f, 1.0f);
 540              		.loc 10 289 5 view .LVU125
 541              	.LBB393:
  69:project006.cpp **** {
 542              		.loc 10 69 21 view .LVU126
 543              	.LBB345:
  71:project006.cpp **** }
 544              		.loc 10 71 5 view .LVU127
  71:project006.cpp **** }
 545              		.loc 10 71 21 is_stmt 0 view .LVU128
 546 0116 F1EE10FA 		vmrs	APSR_nzcv, FPSCR
 547 011a B0D4     		bmi	.L38
 548              	.L67:
  71:project006.cpp **** }
 549              		.loc 10 71 37 view .LVU129
 550 011c F7EE00BA 		vmov.f32	s23, #1.0e+0
 551 0120 F4EEEB8A 		vcmpe.f32	s17, s23
ARM GAS  C:\Users\aydan\AppData\Local\Temp\ccPU8E4p.s 			page 27


 552 0124 F1EE10FA 		vmrs	APSR_nzcv, FPSCR
 553              	.LBE345:
 554              	.LBE393:
 555              	.LBB394:
 556              	.LBB353:
  71:project006.cpp **** }
 557              		.loc 10 71 21 view .LVU130
 558 0128 B5EEC07A 		vcmpe.f32	s14, #0
 559              	.LBE353:
 560              	.LBE394:
 561              	.LBB395:
 562              	.LBB346:
  71:project006.cpp **** }
 563              		.loc 10 71 37 view .LVU131
 564 012c 7BFEA8BA 		vselgt.f32	s23, s23, s17
 565              	.LVL22:
  71:project006.cpp **** }
 566              		.loc 10 71 37 view .LVU132
 567              	.LBE346:
 568              	.LBE395:
 290:project006.cpp ****     const float od_level = 0.25f + 0.75f * clampf(p2, 0.0f, 1.0f);
 569              		.loc 10 290 5 is_stmt 1 view .LVU133
 570              	.LBB396:
  69:project006.cpp **** {
 571              		.loc 10 69 21 view .LVU134
 572              	.LBB354:
  71:project006.cpp **** }
 573              		.loc 10 71 5 view .LVU135
  71:project006.cpp **** }
 574              		.loc 10 71 21 is_stmt 0 view .LVU136
 575 0130 F1EE10FA 		vmrs	APSR_nzcv, FPSCR
 576 0134 AAD4     		bmi	.L40
 577              	.L68:
  71:project006.cpp **** }
 578              		.loc 10 71 37 view .LVU137
 579 0136 F7EE00AA 		vmov.f32	s21, #1.0e+0
 580 013a B4EEEA7A 		vcmpe.f32	s14, s21
 581 013e F1EE10FA 		vmrs	APSR_nzcv, FPSCR
 582              	.LBE354:
 583              	.LBE396:
 584              	.LBB397:
 585              	.LBB361:
  71:project006.cpp **** }
 586              		.loc 10 71 21 view .LVU138
 587 0142 F5EEC07A 		vcmpe.f32	s15, #0
 588              	.LBE361:
 589              	.LBE397:
 590              	.LBB398:
 591              	.LBB355:
  71:project006.cpp **** }
 592              		.loc 10 71 37 view .LVU139
 593 0146 7AFE87AA 		vselgt.f32	s21, s21, s14
 594              	.LVL23:
  71:project006.cpp **** }
 595              		.loc 10 71 37 view .LVU140
 596              	.LBE355:
 597              	.LBE398:
ARM GAS  C:\Users\aydan\AppData\Local\Temp\ccPU8E4p.s 			page 28


 291:project006.cpp **** 
 598              		.loc 10 291 5 is_stmt 1 view .LVU141
 599              	.LBB399:
  69:project006.cpp **** {
 600              		.loc 10 69 21 view .LVU142
 601              	.LBB362:
  71:project006.cpp **** }
 602              		.loc 10 71 5 view .LVU143
  71:project006.cpp **** }
 603              		.loc 10 71 21 is_stmt 0 view .LVU144
 604 014a F1EE10FA 		vmrs	APSR_nzcv, FPSCR
 605 014e A4D4     		bmi	.L42
 606              	.L69:
  71:project006.cpp **** }
 607              		.loc 10 71 37 view .LVU145
 608 0150 B7EE00AA 		vmov.f32	s20, #1.0e+0
 609 0154 F4EECA7A 		vcmpe.f32	s15, s20
 610 0158 F1EE10FA 		vmrs	APSR_nzcv, FPSCR
 611 015c 9FDC     		bgt	.L12
 612              	.LBE362:
 613              	.LBE399:
 614              	.LBB400:
 615              	.LBB368:
  71:project006.cpp **** }
 616              		.loc 10 71 21 view .LVU146
 617 015e F5EEC08A 		vcmpe.f32	s17, #0
 618              	.LBE368:
 619              	.LBE400:
 291:project006.cpp **** 
 620              		.loc 10 291 65 view .LVU147
 621 0162 F6EE086A 		vmov.f32	s13, #7.5e-1
 622 0166 B5EE00AA 		vmov.f32	s20, #2.5e-1
 623              	.LBB401:
 624              	.LBB369:
  71:project006.cpp **** }
 625              		.loc 10 71 21 view .LVU148
 626 016a F1EE10FA 		vmrs	APSR_nzcv, FPSCR
 627              	.LBE369:
 628              	.LBE401:
 291:project006.cpp **** 
 629              		.loc 10 291 65 view .LVU149
 630 016e A7EEA6AA 		vfma.f32	s20, s15, s13
 631              	.LVL24:
 294:project006.cpp ****     float gran_grain_ms  = 10.0f + 190.0f * clampf(p1, 0.0f, 1.0f);
 632              		.loc 10 294 5 is_stmt 1 view .LVU150
 633              	.LBB402:
  69:project006.cpp **** {
 634              		.loc 10 69 21 view .LVU151
 635              	.LBB370:
  71:project006.cpp **** }
 636              		.loc 10 71 5 view .LVU152
  71:project006.cpp **** }
 637              		.loc 10 71 21 is_stmt 0 view .LVU153
 638 0172 99D5     		bpl	.L73
 639              	.L44:
  71:project006.cpp **** }
 640              		.loc 10 71 21 view .LVU154
ARM GAS  C:\Users\aydan\AppData\Local\Temp\ccPU8E4p.s 			page 29


 641              	.LBE370:
 642              	.LBE402:
 643              	.LBB403:
 644              	.LBB376:
 645 0174 B5EEC07A 		vcmpe.f32	s14, #0
 646              	.LBE376:
 647              	.LBE403:
 648              	.LBB404:
 649              	.LBB371:
 650 0178 DFED6E8A 		vldr.32	s17, .L82+12
 651              	.LVL25:
  71:project006.cpp **** }
 652              		.loc 10 71 21 view .LVU155
 653              	.LBE371:
 654              	.LBE404:
 295:project006.cpp ****     if(gran_grain_ms < 1.0f) gran_grain_ms = 1.0f;
 655              		.loc 10 295 5 is_stmt 1 view .LVU156
 656              	.LBB405:
  69:project006.cpp **** {
 657              		.loc 10 69 21 view .LVU157
 658              	.LBB377:
  71:project006.cpp **** }
 659              		.loc 10 71 5 view .LVU158
  71:project006.cpp **** }
 660              		.loc 10 71 21 is_stmt 0 view .LVU159
 661 017c F1EE10FA 		vmrs	APSR_nzcv, FPSCR
 662 0180 9FD5     		bpl	.L74
 663              	.L46:
  71:project006.cpp **** }
 664              		.loc 10 71 21 view .LVU160
 665 0182 F2EE049A 		vmov.f32	s19, #1.0e+1
 666              	.LVL26:
 667              	.L15:
  71:project006.cpp **** }
 668              		.loc 10 71 21 view .LVU161
 669              	.LBE377:
 670              	.LBE405:
 671              		.loc 10 298 5 is_stmt 1 view .LVU162
 672              	.LBB406:
  69:project006.cpp **** {
 673              		.loc 10 69 21 view .LVU163
 674              	.LBB383:
  71:project006.cpp **** }
 675              		.loc 10 71 5 view .LVU164
  71:project006.cpp **** }
 676              		.loc 10 71 21 is_stmt 0 view .LVU165
 677 0186 F5EEC07A 		vcmpe.f32	s15, #0
 678 018a F1EE10FA 		vmrs	APSR_nzcv, FPSCR
 679 018e A7D4     		bmi	.L48
 680              	.L71:
  71:project006.cpp **** }
 681              		.loc 10 71 37 view .LVU166
 682 0190 B7EE007A 		vmov.f32	s14, #1.0e+0
 683              	.LVL27:
  71:project006.cpp **** }
 684              		.loc 10 71 37 view .LVU167
 685 0194 F4EEC77A 		vcmpe.f32	s15, s14
ARM GAS  C:\Users\aydan\AppData\Local\Temp\ccPU8E4p.s 			page 30


 686 0198 F1EE10FA 		vmrs	APSR_nzcv, FPSCR
 687 019c 00F31381 		bgt	.L49
 688              	.LVL28:
  71:project006.cpp **** }
 689              		.loc 10 71 37 view .LVU168
 690              	.LBE383:
 691              	.LBE406:
 692              		.loc 10 298 60 view .LVU169
 693 01a0 F1EE006A 		vmov.f32	s13, #4.0e+0
 299:project006.cpp ****     if(std::fabs(gran_speed) < 0.05f)
 694              		.loc 10 299 5 view .LVU170
 695 01a4 9FED657A 		vldr.32	s14, .L82+20
 298:project006.cpp ****     if(std::fabs(gran_speed) < 0.05f)
 696              		.loc 10 298 60 view .LVU171
 697 01a8 B8EE009A 		vmov.f32	s18, #-2.0e+0
 698 01ac A7EEA69A 		vfma.f32	s18, s15, s13
 699              	.LVL29:
 700              		.loc 10 299 5 is_stmt 1 view .LVU172
 701              	.LBB407:
 702              	.LBI407:
 703              		.file 11 "c:\\program files\\daisytoolchain\\arm-none-eabi\\include\\c++\\10.2.1\\cmath"
   1:c:\program files\daisytoolchain\arm-none-eabi\include\c++\10.2.1\cmath **** // -*- C++ -*- C forwarding header.
   2:c:\program files\daisytoolchain\arm-none-eabi\include\c++\10.2.1\cmath **** 
   3:c:\program files\daisytoolchain\arm-none-eabi\include\c++\10.2.1\cmath **** // Copyright (C) 1997-2020 Free Software Foundation, Inc.
   4:c:\program files\daisytoolchain\arm-none-eabi\include\c++\10.2.1\cmath **** //
   5:c:\program files\daisytoolchain\arm-none-eabi\include\c++\10.2.1\cmath **** // This file is part of the GNU ISO C++ Library.  This library is free
   6:c:\program files\daisytoolchain\arm-none-eabi\include\c++\10.2.1\cmath **** // software; you can redistribute it and/or modify it under the
   7:c:\program files\daisytoolchain\arm-none-eabi\include\c++\10.2.1\cmath **** // terms of the GNU General Public License as published by the
   8:c:\program files\daisytoolchain\arm-none-eabi\include\c++\10.2.1\cmath **** // Free Software Foundation; either version 3, or (at your option)
   9:c:\program files\daisytoolchain\arm-none-eabi\include\c++\10.2.1\cmath **** // any later version.
  10:c:\program files\daisytoolchain\arm-none-eabi\include\c++\10.2.1\cmath **** 
  11:c:\program files\daisytoolchain\arm-none-eabi\include\c++\10.2.1\cmath **** // This library is distributed in the hope that it will be useful,
  12:c:\program files\daisytoolchain\arm-none-eabi\include\c++\10.2.1\cmath **** // but WITHOUT ANY WARRANTY; without even the implied warranty of
  13:c:\program files\daisytoolchain\arm-none-eabi\include\c++\10.2.1\cmath **** // MERCHANTABILITY or FITNESS FOR A PARTICULAR PURPOSE.  See the
  14:c:\program files\daisytoolchain\arm-none-eabi\include\c++\10.2.1\cmath **** // GNU General Public License for more details.
  15:c:\program files\daisytoolchain\arm-none-eabi\include\c++\10.2.1\cmath **** 
  16:c:\program files\daisytoolchain\arm-none-eabi\include\c++\10.2.1\cmath **** // Under Section 7 of GPL version 3, you are granted additional
  17:c:\program files\daisytoolchain\arm-none-eabi\include\c++\10.2.1\cmath **** // permissions described in the GCC Runtime Library Exception, version
  18:c:\program files\daisytoolchain\arm-none-eabi\include\c++\10.2.1\cmath **** // 3.1, as published by the Free Software Foundation.
  19:c:\program files\daisytoolchain\arm-none-eabi\include\c++\10.2.1\cmath **** 
  20:c:\program files\daisytoolchain\arm-none-eabi\include\c++\10.2.1\cmath **** // You should have received a copy of the GNU General Public License and
  21:c:\program files\daisytoolchain\arm-none-eabi\include\c++\10.2.1\cmath **** // a copy of the GCC Runtime Library Exception along with this program;
  22:c:\program files\daisytoolchain\arm-none-eabi\include\c++\10.2.1\cmath **** // see the files COPYING3 and COPYING.RUNTIME respectively.  If not, see
  23:c:\program files\daisytoolchain\arm-none-eabi\include\c++\10.2.1\cmath **** // <http://www.gnu.org/licenses/>.
  24:c:\program files\daisytoolchain\arm-none-eabi\include\c++\10.2.1\cmath **** 
  25:c:\program files\daisytoolchain\arm-none-eabi\include\c++\10.2.1\cmath **** /** @file include/cmath
  26:c:\program files\daisytoolchain\arm-none-eabi\include\c++\10.2.1\cmath ****  *  This is a Standard C++ Library file.  You should @c \#include this file
  27:c:\program files\daisytoolchain\arm-none-eabi\include\c++\10.2.1\cmath ****  *  in your programs, rather than any of the @a *.h implementation files.
  28:c:\program files\daisytoolchain\arm-none-eabi\include\c++\10.2.1\cmath ****  *
  29:c:\program files\daisytoolchain\arm-none-eabi\include\c++\10.2.1\cmath ****  *  This is the C++ version of the Standard C Library header @c math.h,
  30:c:\program files\daisytoolchain\arm-none-eabi\include\c++\10.2.1\cmath ****  *  and its contents are (mostly) the same as that header, but are all
  31:c:\program files\daisytoolchain\arm-none-eabi\include\c++\10.2.1\cmath ****  *  contained in the namespace @c std (except for names which are defined
  32:c:\program files\daisytoolchain\arm-none-eabi\include\c++\10.2.1\cmath ****  *  as macros in C).
  33:c:\program files\daisytoolchain\arm-none-eabi\include\c++\10.2.1\cmath ****  */
  34:c:\program files\daisytoolchain\arm-none-eabi\include\c++\10.2.1\cmath **** 
  35:c:\program files\daisytoolchain\arm-none-eabi\include\c++\10.2.1\cmath **** //
  36:c:\program files\daisytoolchain\arm-none-eabi\include\c++\10.2.1\cmath **** // ISO C++ 14882: 26.5  C library
ARM GAS  C:\Users\aydan\AppData\Local\Temp\ccPU8E4p.s 			page 31


  37:c:\program files\daisytoolchain\arm-none-eabi\include\c++\10.2.1\cmath **** //
  38:c:\program files\daisytoolchain\arm-none-eabi\include\c++\10.2.1\cmath **** 
  39:c:\program files\daisytoolchain\arm-none-eabi\include\c++\10.2.1\cmath **** #pragma GCC system_header
  40:c:\program files\daisytoolchain\arm-none-eabi\include\c++\10.2.1\cmath **** 
  41:c:\program files\daisytoolchain\arm-none-eabi\include\c++\10.2.1\cmath **** #include <bits/c++config.h>
  42:c:\program files\daisytoolchain\arm-none-eabi\include\c++\10.2.1\cmath **** #include <bits/cpp_type_traits.h>
  43:c:\program files\daisytoolchain\arm-none-eabi\include\c++\10.2.1\cmath **** #include <ext/type_traits.h>
  44:c:\program files\daisytoolchain\arm-none-eabi\include\c++\10.2.1\cmath **** #define _GLIBCXX_INCLUDE_NEXT_C_HEADERS
  45:c:\program files\daisytoolchain\arm-none-eabi\include\c++\10.2.1\cmath **** #include_next <math.h>
  46:c:\program files\daisytoolchain\arm-none-eabi\include\c++\10.2.1\cmath **** #undef _GLIBCXX_INCLUDE_NEXT_C_HEADERS
  47:c:\program files\daisytoolchain\arm-none-eabi\include\c++\10.2.1\cmath **** #include <bits/std_abs.h>
  48:c:\program files\daisytoolchain\arm-none-eabi\include\c++\10.2.1\cmath **** 
  49:c:\program files\daisytoolchain\arm-none-eabi\include\c++\10.2.1\cmath **** #ifndef _GLIBCXX_CMATH
  50:c:\program files\daisytoolchain\arm-none-eabi\include\c++\10.2.1\cmath **** #define _GLIBCXX_CMATH 1
  51:c:\program files\daisytoolchain\arm-none-eabi\include\c++\10.2.1\cmath **** 
  52:c:\program files\daisytoolchain\arm-none-eabi\include\c++\10.2.1\cmath **** // Get rid of those macros defined in <math.h> in lieu of real functions.
  53:c:\program files\daisytoolchain\arm-none-eabi\include\c++\10.2.1\cmath **** #undef div
  54:c:\program files\daisytoolchain\arm-none-eabi\include\c++\10.2.1\cmath **** #undef acos
  55:c:\program files\daisytoolchain\arm-none-eabi\include\c++\10.2.1\cmath **** #undef asin
  56:c:\program files\daisytoolchain\arm-none-eabi\include\c++\10.2.1\cmath **** #undef atan
  57:c:\program files\daisytoolchain\arm-none-eabi\include\c++\10.2.1\cmath **** #undef atan2
  58:c:\program files\daisytoolchain\arm-none-eabi\include\c++\10.2.1\cmath **** #undef ceil
  59:c:\program files\daisytoolchain\arm-none-eabi\include\c++\10.2.1\cmath **** #undef cos
  60:c:\program files\daisytoolchain\arm-none-eabi\include\c++\10.2.1\cmath **** #undef cosh
  61:c:\program files\daisytoolchain\arm-none-eabi\include\c++\10.2.1\cmath **** #undef exp
  62:c:\program files\daisytoolchain\arm-none-eabi\include\c++\10.2.1\cmath **** #undef fabs
  63:c:\program files\daisytoolchain\arm-none-eabi\include\c++\10.2.1\cmath **** #undef floor
  64:c:\program files\daisytoolchain\arm-none-eabi\include\c++\10.2.1\cmath **** #undef fmod
  65:c:\program files\daisytoolchain\arm-none-eabi\include\c++\10.2.1\cmath **** #undef frexp
  66:c:\program files\daisytoolchain\arm-none-eabi\include\c++\10.2.1\cmath **** #undef ldexp
  67:c:\program files\daisytoolchain\arm-none-eabi\include\c++\10.2.1\cmath **** #undef log
  68:c:\program files\daisytoolchain\arm-none-eabi\include\c++\10.2.1\cmath **** #undef log10
  69:c:\program files\daisytoolchain\arm-none-eabi\include\c++\10.2.1\cmath **** #undef modf
  70:c:\program files\daisytoolchain\arm-none-eabi\include\c++\10.2.1\cmath **** #undef pow
  71:c:\program files\daisytoolchain\arm-none-eabi\include\c++\10.2.1\cmath **** #undef sin
  72:c:\program files\daisytoolchain\arm-none-eabi\include\c++\10.2.1\cmath **** #undef sinh
  73:c:\program files\daisytoolchain\arm-none-eabi\include\c++\10.2.1\cmath **** #undef sqrt
  74:c:\program files\daisytoolchain\arm-none-eabi\include\c++\10.2.1\cmath **** #undef tan
  75:c:\program files\daisytoolchain\arm-none-eabi\include\c++\10.2.1\cmath **** #undef tanh
  76:c:\program files\daisytoolchain\arm-none-eabi\include\c++\10.2.1\cmath **** 
  77:c:\program files\daisytoolchain\arm-none-eabi\include\c++\10.2.1\cmath **** extern "C++"
  78:c:\program files\daisytoolchain\arm-none-eabi\include\c++\10.2.1\cmath **** {
  79:c:\program files\daisytoolchain\arm-none-eabi\include\c++\10.2.1\cmath **** namespace std _GLIBCXX_VISIBILITY(default)
  80:c:\program files\daisytoolchain\arm-none-eabi\include\c++\10.2.1\cmath **** {
  81:c:\program files\daisytoolchain\arm-none-eabi\include\c++\10.2.1\cmath **** _GLIBCXX_BEGIN_NAMESPACE_VERSION
  82:c:\program files\daisytoolchain\arm-none-eabi\include\c++\10.2.1\cmath **** 
  83:c:\program files\daisytoolchain\arm-none-eabi\include\c++\10.2.1\cmath ****   using ::acos;
  84:c:\program files\daisytoolchain\arm-none-eabi\include\c++\10.2.1\cmath **** 
  85:c:\program files\daisytoolchain\arm-none-eabi\include\c++\10.2.1\cmath **** #ifndef __CORRECT_ISO_CPP_MATH_H_PROTO
  86:c:\program files\daisytoolchain\arm-none-eabi\include\c++\10.2.1\cmath ****   inline _GLIBCXX_CONSTEXPR float
  87:c:\program files\daisytoolchain\arm-none-eabi\include\c++\10.2.1\cmath ****   acos(float __x)
  88:c:\program files\daisytoolchain\arm-none-eabi\include\c++\10.2.1\cmath ****   { return __builtin_acosf(__x); }
  89:c:\program files\daisytoolchain\arm-none-eabi\include\c++\10.2.1\cmath **** 
  90:c:\program files\daisytoolchain\arm-none-eabi\include\c++\10.2.1\cmath ****   inline _GLIBCXX_CONSTEXPR long double
  91:c:\program files\daisytoolchain\arm-none-eabi\include\c++\10.2.1\cmath ****   acos(long double __x)
  92:c:\program files\daisytoolchain\arm-none-eabi\include\c++\10.2.1\cmath ****   { return __builtin_acosl(__x); }
  93:c:\program files\daisytoolchain\arm-none-eabi\include\c++\10.2.1\cmath **** #endif
ARM GAS  C:\Users\aydan\AppData\Local\Temp\ccPU8E4p.s 			page 32


  94:c:\program files\daisytoolchain\arm-none-eabi\include\c++\10.2.1\cmath **** 
  95:c:\program files\daisytoolchain\arm-none-eabi\include\c++\10.2.1\cmath ****   template<typename _Tp>
  96:c:\program files\daisytoolchain\arm-none-eabi\include\c++\10.2.1\cmath ****     inline _GLIBCXX_CONSTEXPR
  97:c:\program files\daisytoolchain\arm-none-eabi\include\c++\10.2.1\cmath ****     typename __gnu_cxx::__enable_if<__is_integer<_Tp>::__value, 
  98:c:\program files\daisytoolchain\arm-none-eabi\include\c++\10.2.1\cmath ****                                     double>::__type
  99:c:\program files\daisytoolchain\arm-none-eabi\include\c++\10.2.1\cmath ****     acos(_Tp __x)
 100:c:\program files\daisytoolchain\arm-none-eabi\include\c++\10.2.1\cmath ****     { return __builtin_acos(__x); }
 101:c:\program files\daisytoolchain\arm-none-eabi\include\c++\10.2.1\cmath **** 
 102:c:\program files\daisytoolchain\arm-none-eabi\include\c++\10.2.1\cmath ****   using ::asin;
 103:c:\program files\daisytoolchain\arm-none-eabi\include\c++\10.2.1\cmath **** 
 104:c:\program files\daisytoolchain\arm-none-eabi\include\c++\10.2.1\cmath **** #ifndef __CORRECT_ISO_CPP_MATH_H_PROTO
 105:c:\program files\daisytoolchain\arm-none-eabi\include\c++\10.2.1\cmath ****   inline _GLIBCXX_CONSTEXPR float
 106:c:\program files\daisytoolchain\arm-none-eabi\include\c++\10.2.1\cmath ****   asin(float __x)
 107:c:\program files\daisytoolchain\arm-none-eabi\include\c++\10.2.1\cmath ****   { return __builtin_asinf(__x); }
 108:c:\program files\daisytoolchain\arm-none-eabi\include\c++\10.2.1\cmath **** 
 109:c:\program files\daisytoolchain\arm-none-eabi\include\c++\10.2.1\cmath ****   inline _GLIBCXX_CONSTEXPR long double
 110:c:\program files\daisytoolchain\arm-none-eabi\include\c++\10.2.1\cmath ****   asin(long double __x)
 111:c:\program files\daisytoolchain\arm-none-eabi\include\c++\10.2.1\cmath ****   { return __builtin_asinl(__x); }
 112:c:\program files\daisytoolchain\arm-none-eabi\include\c++\10.2.1\cmath **** #endif
 113:c:\program files\daisytoolchain\arm-none-eabi\include\c++\10.2.1\cmath **** 
 114:c:\program files\daisytoolchain\arm-none-eabi\include\c++\10.2.1\cmath ****   template<typename _Tp>
 115:c:\program files\daisytoolchain\arm-none-eabi\include\c++\10.2.1\cmath ****     inline _GLIBCXX_CONSTEXPR
 116:c:\program files\daisytoolchain\arm-none-eabi\include\c++\10.2.1\cmath ****     typename __gnu_cxx::__enable_if<__is_integer<_Tp>::__value,
 117:c:\program files\daisytoolchain\arm-none-eabi\include\c++\10.2.1\cmath ****                                     double>::__type
 118:c:\program files\daisytoolchain\arm-none-eabi\include\c++\10.2.1\cmath ****     asin(_Tp __x)
 119:c:\program files\daisytoolchain\arm-none-eabi\include\c++\10.2.1\cmath ****     { return __builtin_asin(__x); }
 120:c:\program files\daisytoolchain\arm-none-eabi\include\c++\10.2.1\cmath **** 
 121:c:\program files\daisytoolchain\arm-none-eabi\include\c++\10.2.1\cmath ****   using ::atan;
 122:c:\program files\daisytoolchain\arm-none-eabi\include\c++\10.2.1\cmath **** 
 123:c:\program files\daisytoolchain\arm-none-eabi\include\c++\10.2.1\cmath **** #ifndef __CORRECT_ISO_CPP_MATH_H_PROTO
 124:c:\program files\daisytoolchain\arm-none-eabi\include\c++\10.2.1\cmath ****   inline _GLIBCXX_CONSTEXPR float
 125:c:\program files\daisytoolchain\arm-none-eabi\include\c++\10.2.1\cmath ****   atan(float __x)
 126:c:\program files\daisytoolchain\arm-none-eabi\include\c++\10.2.1\cmath ****   { return __builtin_atanf(__x); }
 127:c:\program files\daisytoolchain\arm-none-eabi\include\c++\10.2.1\cmath **** 
 128:c:\program files\daisytoolchain\arm-none-eabi\include\c++\10.2.1\cmath ****   inline _GLIBCXX_CONSTEXPR long double
 129:c:\program files\daisytoolchain\arm-none-eabi\include\c++\10.2.1\cmath ****   atan(long double __x)
 130:c:\program files\daisytoolchain\arm-none-eabi\include\c++\10.2.1\cmath ****   { return __builtin_atanl(__x); }
 131:c:\program files\daisytoolchain\arm-none-eabi\include\c++\10.2.1\cmath **** #endif
 132:c:\program files\daisytoolchain\arm-none-eabi\include\c++\10.2.1\cmath **** 
 133:c:\program files\daisytoolchain\arm-none-eabi\include\c++\10.2.1\cmath ****   template<typename _Tp>
 134:c:\program files\daisytoolchain\arm-none-eabi\include\c++\10.2.1\cmath ****     inline _GLIBCXX_CONSTEXPR
 135:c:\program files\daisytoolchain\arm-none-eabi\include\c++\10.2.1\cmath ****     typename __gnu_cxx::__enable_if<__is_integer<_Tp>::__value,
 136:c:\program files\daisytoolchain\arm-none-eabi\include\c++\10.2.1\cmath ****                                     double>::__type
 137:c:\program files\daisytoolchain\arm-none-eabi\include\c++\10.2.1\cmath ****     atan(_Tp __x)
 138:c:\program files\daisytoolchain\arm-none-eabi\include\c++\10.2.1\cmath ****     { return __builtin_atan(__x); }
 139:c:\program files\daisytoolchain\arm-none-eabi\include\c++\10.2.1\cmath **** 
 140:c:\program files\daisytoolchain\arm-none-eabi\include\c++\10.2.1\cmath ****   using ::atan2;
 141:c:\program files\daisytoolchain\arm-none-eabi\include\c++\10.2.1\cmath **** 
 142:c:\program files\daisytoolchain\arm-none-eabi\include\c++\10.2.1\cmath **** #ifndef __CORRECT_ISO_CPP_MATH_H_PROTO
 143:c:\program files\daisytoolchain\arm-none-eabi\include\c++\10.2.1\cmath ****   inline _GLIBCXX_CONSTEXPR float
 144:c:\program files\daisytoolchain\arm-none-eabi\include\c++\10.2.1\cmath ****   atan2(float __y, float __x)
 145:c:\program files\daisytoolchain\arm-none-eabi\include\c++\10.2.1\cmath ****   { return __builtin_atan2f(__y, __x); }
 146:c:\program files\daisytoolchain\arm-none-eabi\include\c++\10.2.1\cmath **** 
 147:c:\program files\daisytoolchain\arm-none-eabi\include\c++\10.2.1\cmath ****   inline _GLIBCXX_CONSTEXPR long double
 148:c:\program files\daisytoolchain\arm-none-eabi\include\c++\10.2.1\cmath ****   atan2(long double __y, long double __x)
 149:c:\program files\daisytoolchain\arm-none-eabi\include\c++\10.2.1\cmath ****   { return __builtin_atan2l(__y, __x); }
 150:c:\program files\daisytoolchain\arm-none-eabi\include\c++\10.2.1\cmath **** #endif
ARM GAS  C:\Users\aydan\AppData\Local\Temp\ccPU8E4p.s 			page 33


 151:c:\program files\daisytoolchain\arm-none-eabi\include\c++\10.2.1\cmath **** 
 152:c:\program files\daisytoolchain\arm-none-eabi\include\c++\10.2.1\cmath ****   template<typename _Tp, typename _Up>
 153:c:\program files\daisytoolchain\arm-none-eabi\include\c++\10.2.1\cmath ****     inline _GLIBCXX_CONSTEXPR
 154:c:\program files\daisytoolchain\arm-none-eabi\include\c++\10.2.1\cmath ****     typename __gnu_cxx::__promote_2<_Tp, _Up>::__type
 155:c:\program files\daisytoolchain\arm-none-eabi\include\c++\10.2.1\cmath ****     atan2(_Tp __y, _Up __x)
 156:c:\program files\daisytoolchain\arm-none-eabi\include\c++\10.2.1\cmath ****     {
 157:c:\program files\daisytoolchain\arm-none-eabi\include\c++\10.2.1\cmath ****       typedef typename __gnu_cxx::__promote_2<_Tp, _Up>::__type __type;
 158:c:\program files\daisytoolchain\arm-none-eabi\include\c++\10.2.1\cmath ****       return atan2(__type(__y), __type(__x));
 159:c:\program files\daisytoolchain\arm-none-eabi\include\c++\10.2.1\cmath ****     }
 160:c:\program files\daisytoolchain\arm-none-eabi\include\c++\10.2.1\cmath **** 
 161:c:\program files\daisytoolchain\arm-none-eabi\include\c++\10.2.1\cmath ****   using ::ceil;
 162:c:\program files\daisytoolchain\arm-none-eabi\include\c++\10.2.1\cmath **** 
 163:c:\program files\daisytoolchain\arm-none-eabi\include\c++\10.2.1\cmath **** #ifndef __CORRECT_ISO_CPP_MATH_H_PROTO
 164:c:\program files\daisytoolchain\arm-none-eabi\include\c++\10.2.1\cmath ****   inline _GLIBCXX_CONSTEXPR float
 165:c:\program files\daisytoolchain\arm-none-eabi\include\c++\10.2.1\cmath ****   ceil(float __x)
 166:c:\program files\daisytoolchain\arm-none-eabi\include\c++\10.2.1\cmath ****   { return __builtin_ceilf(__x); }
 167:c:\program files\daisytoolchain\arm-none-eabi\include\c++\10.2.1\cmath **** 
 168:c:\program files\daisytoolchain\arm-none-eabi\include\c++\10.2.1\cmath ****   inline _GLIBCXX_CONSTEXPR long double
 169:c:\program files\daisytoolchain\arm-none-eabi\include\c++\10.2.1\cmath ****   ceil(long double __x)
 170:c:\program files\daisytoolchain\arm-none-eabi\include\c++\10.2.1\cmath ****   { return __builtin_ceill(__x); }
 171:c:\program files\daisytoolchain\arm-none-eabi\include\c++\10.2.1\cmath **** #endif
 172:c:\program files\daisytoolchain\arm-none-eabi\include\c++\10.2.1\cmath **** 
 173:c:\program files\daisytoolchain\arm-none-eabi\include\c++\10.2.1\cmath ****   template<typename _Tp>
 174:c:\program files\daisytoolchain\arm-none-eabi\include\c++\10.2.1\cmath ****     inline _GLIBCXX_CONSTEXPR
 175:c:\program files\daisytoolchain\arm-none-eabi\include\c++\10.2.1\cmath ****     typename __gnu_cxx::__enable_if<__is_integer<_Tp>::__value, 
 176:c:\program files\daisytoolchain\arm-none-eabi\include\c++\10.2.1\cmath ****                                     double>::__type
 177:c:\program files\daisytoolchain\arm-none-eabi\include\c++\10.2.1\cmath ****     ceil(_Tp __x)
 178:c:\program files\daisytoolchain\arm-none-eabi\include\c++\10.2.1\cmath ****     { return __builtin_ceil(__x); }
 179:c:\program files\daisytoolchain\arm-none-eabi\include\c++\10.2.1\cmath **** 
 180:c:\program files\daisytoolchain\arm-none-eabi\include\c++\10.2.1\cmath ****   using ::cos;
 181:c:\program files\daisytoolchain\arm-none-eabi\include\c++\10.2.1\cmath **** 
 182:c:\program files\daisytoolchain\arm-none-eabi\include\c++\10.2.1\cmath **** #ifndef __CORRECT_ISO_CPP_MATH_H_PROTO
 183:c:\program files\daisytoolchain\arm-none-eabi\include\c++\10.2.1\cmath ****   inline _GLIBCXX_CONSTEXPR float
 184:c:\program files\daisytoolchain\arm-none-eabi\include\c++\10.2.1\cmath ****   cos(float __x)
 185:c:\program files\daisytoolchain\arm-none-eabi\include\c++\10.2.1\cmath ****   { return __builtin_cosf(__x); }
 186:c:\program files\daisytoolchain\arm-none-eabi\include\c++\10.2.1\cmath **** 
 187:c:\program files\daisytoolchain\arm-none-eabi\include\c++\10.2.1\cmath ****   inline _GLIBCXX_CONSTEXPR long double
 188:c:\program files\daisytoolchain\arm-none-eabi\include\c++\10.2.1\cmath ****   cos(long double __x)
 189:c:\program files\daisytoolchain\arm-none-eabi\include\c++\10.2.1\cmath ****   { return __builtin_cosl(__x); }
 190:c:\program files\daisytoolchain\arm-none-eabi\include\c++\10.2.1\cmath **** #endif
 191:c:\program files\daisytoolchain\arm-none-eabi\include\c++\10.2.1\cmath **** 
 192:c:\program files\daisytoolchain\arm-none-eabi\include\c++\10.2.1\cmath ****   template<typename _Tp>
 193:c:\program files\daisytoolchain\arm-none-eabi\include\c++\10.2.1\cmath ****     inline _GLIBCXX_CONSTEXPR
 194:c:\program files\daisytoolchain\arm-none-eabi\include\c++\10.2.1\cmath ****     typename __gnu_cxx::__enable_if<__is_integer<_Tp>::__value,
 195:c:\program files\daisytoolchain\arm-none-eabi\include\c++\10.2.1\cmath ****                                     double>::__type
 196:c:\program files\daisytoolchain\arm-none-eabi\include\c++\10.2.1\cmath ****     cos(_Tp __x)
 197:c:\program files\daisytoolchain\arm-none-eabi\include\c++\10.2.1\cmath ****     { return __builtin_cos(__x); }
 198:c:\program files\daisytoolchain\arm-none-eabi\include\c++\10.2.1\cmath **** 
 199:c:\program files\daisytoolchain\arm-none-eabi\include\c++\10.2.1\cmath ****   using ::cosh;
 200:c:\program files\daisytoolchain\arm-none-eabi\include\c++\10.2.1\cmath **** 
 201:c:\program files\daisytoolchain\arm-none-eabi\include\c++\10.2.1\cmath **** #ifndef __CORRECT_ISO_CPP_MATH_H_PROTO
 202:c:\program files\daisytoolchain\arm-none-eabi\include\c++\10.2.1\cmath ****   inline _GLIBCXX_CONSTEXPR float
 203:c:\program files\daisytoolchain\arm-none-eabi\include\c++\10.2.1\cmath ****   cosh(float __x)
 204:c:\program files\daisytoolchain\arm-none-eabi\include\c++\10.2.1\cmath ****   { return __builtin_coshf(__x); }
 205:c:\program files\daisytoolchain\arm-none-eabi\include\c++\10.2.1\cmath **** 
 206:c:\program files\daisytoolchain\arm-none-eabi\include\c++\10.2.1\cmath ****   inline _GLIBCXX_CONSTEXPR long double
 207:c:\program files\daisytoolchain\arm-none-eabi\include\c++\10.2.1\cmath ****   cosh(long double __x)
ARM GAS  C:\Users\aydan\AppData\Local\Temp\ccPU8E4p.s 			page 34


 208:c:\program files\daisytoolchain\arm-none-eabi\include\c++\10.2.1\cmath ****   { return __builtin_coshl(__x); }
 209:c:\program files\daisytoolchain\arm-none-eabi\include\c++\10.2.1\cmath **** #endif
 210:c:\program files\daisytoolchain\arm-none-eabi\include\c++\10.2.1\cmath **** 
 211:c:\program files\daisytoolchain\arm-none-eabi\include\c++\10.2.1\cmath ****   template<typename _Tp>
 212:c:\program files\daisytoolchain\arm-none-eabi\include\c++\10.2.1\cmath ****     inline _GLIBCXX_CONSTEXPR
 213:c:\program files\daisytoolchain\arm-none-eabi\include\c++\10.2.1\cmath ****     typename __gnu_cxx::__enable_if<__is_integer<_Tp>::__value,
 214:c:\program files\daisytoolchain\arm-none-eabi\include\c++\10.2.1\cmath ****                                     double>::__type
 215:c:\program files\daisytoolchain\arm-none-eabi\include\c++\10.2.1\cmath ****     cosh(_Tp __x)
 216:c:\program files\daisytoolchain\arm-none-eabi\include\c++\10.2.1\cmath ****     { return __builtin_cosh(__x); }
 217:c:\program files\daisytoolchain\arm-none-eabi\include\c++\10.2.1\cmath **** 
 218:c:\program files\daisytoolchain\arm-none-eabi\include\c++\10.2.1\cmath ****   using ::exp;
 219:c:\program files\daisytoolchain\arm-none-eabi\include\c++\10.2.1\cmath **** 
 220:c:\program files\daisytoolchain\arm-none-eabi\include\c++\10.2.1\cmath **** #ifndef __CORRECT_ISO_CPP_MATH_H_PROTO
 221:c:\program files\daisytoolchain\arm-none-eabi\include\c++\10.2.1\cmath ****   inline _GLIBCXX_CONSTEXPR float
 222:c:\program files\daisytoolchain\arm-none-eabi\include\c++\10.2.1\cmath ****   exp(float __x)
 223:c:\program files\daisytoolchain\arm-none-eabi\include\c++\10.2.1\cmath ****   { return __builtin_expf(__x); }
 224:c:\program files\daisytoolchain\arm-none-eabi\include\c++\10.2.1\cmath **** 
 225:c:\program files\daisytoolchain\arm-none-eabi\include\c++\10.2.1\cmath ****   inline _GLIBCXX_CONSTEXPR long double
 226:c:\program files\daisytoolchain\arm-none-eabi\include\c++\10.2.1\cmath ****   exp(long double __x)
 227:c:\program files\daisytoolchain\arm-none-eabi\include\c++\10.2.1\cmath ****   { return __builtin_expl(__x); }
 228:c:\program files\daisytoolchain\arm-none-eabi\include\c++\10.2.1\cmath **** #endif
 229:c:\program files\daisytoolchain\arm-none-eabi\include\c++\10.2.1\cmath **** 
 230:c:\program files\daisytoolchain\arm-none-eabi\include\c++\10.2.1\cmath ****   template<typename _Tp>
 231:c:\program files\daisytoolchain\arm-none-eabi\include\c++\10.2.1\cmath ****     inline _GLIBCXX_CONSTEXPR
 232:c:\program files\daisytoolchain\arm-none-eabi\include\c++\10.2.1\cmath ****     typename __gnu_cxx::__enable_if<__is_integer<_Tp>::__value,
 233:c:\program files\daisytoolchain\arm-none-eabi\include\c++\10.2.1\cmath ****                                     double>::__type
 234:c:\program files\daisytoolchain\arm-none-eabi\include\c++\10.2.1\cmath ****     exp(_Tp __x)
 235:c:\program files\daisytoolchain\arm-none-eabi\include\c++\10.2.1\cmath ****     { return __builtin_exp(__x); }
 236:c:\program files\daisytoolchain\arm-none-eabi\include\c++\10.2.1\cmath **** 
 237:c:\program files\daisytoolchain\arm-none-eabi\include\c++\10.2.1\cmath ****   using ::fabs;
 238:c:\program files\daisytoolchain\arm-none-eabi\include\c++\10.2.1\cmath **** 
 239:c:\program files\daisytoolchain\arm-none-eabi\include\c++\10.2.1\cmath **** #ifndef __CORRECT_ISO_CPP_MATH_H_PROTO
 240:c:\program files\daisytoolchain\arm-none-eabi\include\c++\10.2.1\cmath ****   inline _GLIBCXX_CONSTEXPR float
 241:c:\program files\daisytoolchain\arm-none-eabi\include\c++\10.2.1\cmath ****   fabs(float __x)
 704              		.loc 11 241 3 view .LVU173
 705              	.LBB408:
 242:c:\program files\daisytoolchain\arm-none-eabi\include\c++\10.2.1\cmath ****   { return __builtin_fabsf(__x); }
 706              		.loc 11 242 5 view .LVU174
 707              		.loc 11 242 31 is_stmt 0 view .LVU175
 708 01b0 F0EEC97A 		vabs.f32	s15, s18
 709              	.LVL30:
 710              		.loc 11 242 31 view .LVU176
 711              	.LBE408:
 712              	.LBE407:
 713              		.loc 10 299 5 view .LVU177
 714 01b4 F4EEC77A 		vcmpe.f32	s15, s14
 715 01b8 F1EE10FA 		vmrs	APSR_nzcv, FPSCR
 716 01bc 08D5     		bpl	.L18
 300:project006.cpp ****         gran_speed = (gran_speed >= 0.0f) ? 0.05f : -0.05f;
 717              		.loc 10 300 9 is_stmt 1 view .LVU178
 718              		.loc 10 300 43 is_stmt 0 view .LVU179
 719 01be B5EEC09A 		vcmpe.f32	s18, #0
 720 01c2 F1EE10FA 		vmrs	APSR_nzcv, FPSCR
 721 01c6 ACBF     		ite	ge
 722 01c8 B0EE479A 		vmovge.f32	s18, s14
 723              	.LVL31:
 724              		.loc 10 300 43 view .LVU180
ARM GAS  C:\Users\aydan\AppData\Local\Temp\ccPU8E4p.s 			page 35


 725 01cc 9FED5C9A 		vldrlt.32	s18, .L82+24
 726              	.L18:
 727              	.LVL32:
 301:project006.cpp **** 
 302:project006.cpp ****     // Apply module params (safe to call per-block)
 303:project006.cpp ****     chorus.SetLfoFreq(chorus_rate);
 728              		.loc 10 303 5 is_stmt 1 view .LVU181
 729              		.loc 10 303 22 is_stmt 0 view .LVU182
 730 01d0 5C48     		ldr	r0, .L82+28
 731              	.LVL33:
 732              		.loc 10 303 22 view .LVU183
 733 01d2 FFF7FEFF 		bl	_ZN7daisysp6Chorus10SetLfoFreqEf
 734              	.LVL34:
 304:project006.cpp ****     chorus.SetLfoDepth(chorus_depth);
 735              		.loc 10 304 5 is_stmt 1 view .LVU184
 736              		.loc 10 304 23 is_stmt 0 view .LVU185
 737 01d6 B0EE480A 		vmov.f32	s0, s16
 738 01da 5A48     		ldr	r0, .L82+28
 739 01dc FFF7FEFF 		bl	_ZN7daisysp6Chorus11SetLfoDepthEf
 740              	.LVL35:
 305:project006.cpp ****     chorus.SetDelay(chorus_delay);
 741              		.loc 10 305 5 is_stmt 1 view .LVU186
 742              		.loc 10 305 20 is_stmt 0 view .LVU187
 743 01e0 B6EE000A 		vmov.f32	s0, #5.0e-1
 744 01e4 5748     		ldr	r0, .L82+28
 745 01e6 FFF7FEFF 		bl	_ZN7daisysp6Chorus8SetDelayEf
 746              	.LVL36:
 306:project006.cpp ****     chorus.SetFeedback(chorus_fb);
 747              		.loc 10 306 5 is_stmt 1 view .LVU188
 748              		.loc 10 306 23 is_stmt 0 view .LVU189
 749 01ea 9FED570A 		vldr.32	s0, .L82+32
 750 01ee 5548     		ldr	r0, .L82+28
 751 01f0 FFF7FEFF 		bl	_ZN7daisysp6Chorus11SetFeedbackEf
 752              	.LVL37:
 307:project006.cpp **** 
 308:project006.cpp ****     od.SetDrive(od_drive);
 753              		.loc 10 308 5 is_stmt 1 view .LVU190
 754              		.loc 10 308 16 is_stmt 0 view .LVU191
 755 01f4 B0EE6B0A 		vmov.f32	s0, s23
 756 01f8 5448     		ldr	r0, .L82+36
 757 01fa FFF7FEFF 		bl	_ZN7daisysp9Overdrive8SetDriveEf
 758              	.LVL38:
 309:project006.cpp **** 
 310:project006.cpp ****     for(size_t i = 0; i < size; i++)
 759              		.loc 10 310 5 is_stmt 1 view .LVU192
 760              	.LBB410:
 761              		.loc 10 310 25 view .LVU193
 762 01fe B9F1000F 		cmp	r9, #0
 763 0202 00F08C80 		beq	.L6
 764              		.loc 10 310 16 is_stmt 0 view .LVU194
 765 0206 0024     		movs	r4, #0
 766 0208 514D     		ldr	r5, .L82+40
 767 020a DFF85CA1 		ldr	r10, .L82+64
 768 020e 12E0     		b	.L20
 769              	.LVL39:
 770              	.L77:
 771              	.LBB411:
ARM GAS  C:\Users\aydan\AppData\Local\Temp\ccPU8E4p.s 			page 36


 772              	.LBB412:
 773              	.LBB413:
  71:project006.cpp **** }
 774              		.loc 10 71 37 view .LVU195
 775 0210 DFED507A 		vldr.32	s15, .L82+44
 776 0214 B4EE678A 		vcmp.f32	s16, s15
 777 0218 F1EE10FA 		vmrs	APSR_nzcv, FPSCR
 778 021c 37FE888A 		vselgt.f32	s16, s15, s16
 779              	.LVL40:
 780              	.L27:
  71:project006.cpp **** }
 781              		.loc 10 71 37 view .LVU196
 782              	.LBE413:
 783              	.LBE412:
 311:project006.cpp ****     {
 312:project006.cpp ****         // Mono = average L/R input
 313:project006.cpp ****         float x = 0.5f * (in[0][i] + in[1][i]);
 314:project006.cpp **** 
 315:project006.cpp ****         // Feed tuner ring buffer always
 316:project006.cpp ****         pitch_ring[pitch_wr] = x;
 317:project006.cpp ****         pitch_wr = (pitch_wr + 1) % kPitchRing;
 318:project006.cpp **** 
 319:project006.cpp ****         // Granular capture (only when recording)
 320:project006.cpp ****         if(fx == FX_GRANULAR && gran_state == GRAN_RECORDING)
 321:project006.cpp ****         {
 322:project006.cpp ****             gran_buf[gran_wr] = x;
 323:project006.cpp ****             gran_wr++;
 324:project006.cpp ****             if(gran_wr >= kGranBufSize)
 325:project006.cpp ****             {
 326:project006.cpp ****                 gran_wr    = 0;
 327:project006.cpp ****                 gran_state = GRAN_READY;
 328:project006.cpp ****             }
 329:project006.cpp ****         }
 330:project006.cpp **** 
 331:project006.cpp ****         float y = x;
 332:project006.cpp **** 
 333:project006.cpp ****         if(fx == FX_TUNER)
 334:project006.cpp ****         {
 335:project006.cpp ****             y = x; // pass-through
 336:project006.cpp ****         }
 337:project006.cpp ****         else if(fx == FX_CHORUS)
 338:project006.cpp ****         {
 339:project006.cpp ****             if(bypass)
 340:project006.cpp ****             {
 341:project006.cpp ****                 y = x;
 342:project006.cpp ****             }
 343:project006.cpp ****             else
 344:project006.cpp ****             {
 345:project006.cpp ****                 const float wet = chorus.Process(x);
 346:project006.cpp ****                 y = x + chorus_mix * (wet - x);
 347:project006.cpp ****             }
 348:project006.cpp ****         }
 349:project006.cpp ****         else if(fx == FX_GRANULAR)
 350:project006.cpp ****         {
 351:project006.cpp ****             if(gran_state != GRAN_READY)
 352:project006.cpp ****             {
 353:project006.cpp ****                 y = x; // monitor dry while capturing
ARM GAS  C:\Users\aydan\AppData\Local\Temp\ccPU8E4p.s 			page 37


 354:project006.cpp ****             }
 355:project006.cpp ****             else
 356:project006.cpp ****             {
 357:project006.cpp ****                 const float wet = gran.Process(gran_speed, 0.0f, gran_grain_ms);
 358:project006.cpp ****                 y = x + gran_mix * (wet - x);
 359:project006.cpp ****             }
 360:project006.cpp ****         }
 361:project006.cpp ****         else // FX_OVERDRIVE
 362:project006.cpp ****         {
 363:project006.cpp ****             if(bypass)
 364:project006.cpp ****             {
 365:project006.cpp ****                 y = x;
 366:project006.cpp ****             }
 367:project006.cpp ****             else
 368:project006.cpp ****             {
 369:project006.cpp ****                 float wet = od.Process(x);
 370:project006.cpp ****                 wet = softclip(wet); // keep it tame
 371:project006.cpp ****                 y = x + od_mix * (wet - x);
 372:project006.cpp ****                 y *= od_level;
 373:project006.cpp ****             }
 374:project006.cpp ****         }
 375:project006.cpp **** 
 376:project006.cpp ****         // Final safety clamp (prevents runaway noise)
 377:project006.cpp ****         y = clampf(y, -0.95f, 0.95f);
 378:project006.cpp **** 
 379:project006.cpp ****         // IMPORTANT: write BOTH channels every sample
 380:project006.cpp ****         out[0][i] = y;
 784              		.loc 10 380 9 is_stmt 1 view .LVU197
 381:project006.cpp ****         out[1][i] = y;
 785              		.loc 10 381 19 is_stmt 0 view .LVU198
 786 0220 D7E90013 		ldrd	r1, r3, [r7]
 787              	.LBE411:
 310:project006.cpp ****     {
 788              		.loc 10 310 5 view .LVU199
 789 0224 0134     		adds	r4, r4, #1
 790              	.LVL41:
 791              	.LBB453:
 380:project006.cpp ****         out[1][i] = y;
 792              		.loc 10 380 19 view .LVU200
 793 0226 1144     		add	r1, r1, r2
 794              		.loc 10 381 19 view .LVU201
 795 0228 1344     		add	r3, r3, r2
 796              	.LBE453:
 310:project006.cpp ****     {
 797              		.loc 10 310 25 view .LVU202
 798 022a A145     		cmp	r9, r4
 799              	.LBB454:
 380:project006.cpp ****         out[1][i] = y;
 800              		.loc 10 380 19 view .LVU203
 801 022c 81ED008A 		vstr.32	s16, [r1]
 802              		.loc 10 381 9 is_stmt 1 view .LVU204
 803              		.loc 10 381 19 is_stmt 0 view .LVU205
 804 0230 83ED008A 		vstr.32	s16, [r3]
 805              	.LBE454:
 310:project006.cpp ****     {
 806              		.loc 10 310 5 is_stmt 1 view .LVU206
 807              	.LVL42:
ARM GAS  C:\Users\aydan\AppData\Local\Temp\ccPU8E4p.s 			page 38


 310:project006.cpp ****     {
 808              		.loc 10 310 25 view .LVU207
 809 0234 73D0     		beq	.L6
 810              	.LVL43:
 811              	.L20:
 812              	.LBB455:
 313:project006.cpp **** 
 813              		.loc 10 313 9 view .LVU208
 313:project006.cpp **** 
 814              		.loc 10 313 45 is_stmt 0 view .LVU209
 815 0236 7268     		ldr	r2, [r6, #4]
 313:project006.cpp **** 
 816              		.loc 10 313 15 view .LVU210
 817 0238 F6EE007A 		vmov.f32	s15, #5.0e-1
 313:project006.cpp **** 
 818              		.loc 10 313 34 view .LVU211
 819 023c 3068     		ldr	r0, [r6]
 316:project006.cpp ****         pitch_wr = (pitch_wr + 1) % kPitchRing;
 820              		.loc 10 316 20 view .LVU212
 821 023e 2968     		ldr	r1, [r5]
 313:project006.cpp **** 
 822              		.loc 10 313 34 view .LVU213
 823 0240 00EB840C 		add	ip, r0, r4, lsl #2
 317:project006.cpp **** 
 824              		.loc 10 317 21 view .LVU214
 825 0244 2B68     		ldr	r3, [r5]
 313:project006.cpp **** 
 826              		.loc 10 313 45 view .LVU215
 827 0246 02EB8400 		add	r0, r2, r4, lsl #2
 317:project006.cpp **** 
 828              		.loc 10 317 30 view .LVU216
 829 024a 0133     		adds	r3, r3, #1
 313:project006.cpp **** 
 830              		.loc 10 313 36 view .LVU217
 831 024c 9CED008A 		vldr.32	s16, [ip]
 832 0250 90ED007A 		vldr.32	s14, [r0]
 316:project006.cpp ****         pitch_wr = (pitch_wr + 1) % kPitchRing;
 833              		.loc 10 316 30 view .LVU218
 834 0254 0AEB8101 		add	r1, r10, r1, lsl #2
 317:project006.cpp **** 
 835              		.loc 10 317 35 view .LVU219
 836 0258 5842     		rsbs	r0, r3, #0
 837 025a C3F30B03 		ubfx	r3, r3, #0, #12
 313:project006.cpp **** 
 838              		.loc 10 313 36 view .LVU220
 839 025e 38EE078A 		vadd.f32	s16, s16, s14
 840 0262 4FEA8402 		lsl	r2, r4, #2
 317:project006.cpp **** 
 841              		.loc 10 317 35 view .LVU221
 842 0266 C0F30B00 		ubfx	r0, r0, #0, #12
 313:project006.cpp **** 
 843              		.loc 10 313 15 view .LVU222
 844 026a 28EE278A 		vmul.f32	s16, s16, s15
 845              	.LVL44:
 316:project006.cpp ****         pitch_wr = (pitch_wr + 1) % kPitchRing;
 846              		.loc 10 316 9 is_stmt 1 view .LVU223
 317:project006.cpp **** 
ARM GAS  C:\Users\aydan\AppData\Local\Temp\ccPU8E4p.s 			page 39


 847              		.loc 10 317 35 is_stmt 0 view .LVU224
 848 026e 58BF     		it	pl
 849 0270 4342     		rsbpl	r3, r0, #0
 320:project006.cpp ****         {
 850              		.loc 10 320 30 view .LVU225
 851 0272 B8F1020F 		cmp	r8, #2
 317:project006.cpp **** 
 852              		.loc 10 317 18 view .LVU226
 853 0276 2B60     		str	r3, [r5]
 316:project006.cpp ****         pitch_wr = (pitch_wr + 1) % kPitchRing;
 854              		.loc 10 316 30 view .LVU227
 855 0278 81ED008A 		vstr.32	s16, [r1]
 317:project006.cpp **** 
 856              		.loc 10 317 9 is_stmt 1 view .LVU228
 320:project006.cpp ****         {
 857              		.loc 10 320 9 view .LVU229
 320:project006.cpp ****         {
 858              		.loc 10 320 30 is_stmt 0 view .LVU230
 859 027c 0CD0     		beq	.L75
 331:project006.cpp **** 
 860              		.loc 10 331 9 is_stmt 1 view .LVU231
 861              	.LVL45:
 333:project006.cpp ****         {
 862              		.loc 10 333 9 view .LVU232
 863              	.LBB415:
 864 027e B8F1000F 		cmp	r8, #0
 865 0282 20D1     		bne	.L76
 866              	.LVL46:
 867              	.L24:
 333:project006.cpp ****         {
 868              		.loc 10 333 9 is_stmt 0 view .LVU233
 869              	.LBE415:
 377:project006.cpp **** 
 870              		.loc 10 377 9 is_stmt 1 discriminator 2 view .LVU234
 871              	.LBB446:
 872              	.LBI412:
  69:project006.cpp **** {
 873              		.loc 10 69 21 discriminator 2 view .LVU235
 874              	.LBB414:
  71:project006.cpp **** }
 875              		.loc 10 71 5 discriminator 2 view .LVU236
  71:project006.cpp **** }
 876              		.loc 10 71 21 is_stmt 0 discriminator 2 view .LVU237
 877 0284 DFED347A 		vldr.32	s15, .L82+48
 878 0288 B4EEE78A 		vcmpe.f32	s16, s15
 879 028c F1EE10FA 		vmrs	APSR_nzcv, FPSCR
 880 0290 BED5     		bpl	.L77
  71:project006.cpp **** }
 881              		.loc 10 71 21 view .LVU238
 882 0292 B0EE678A 		vmov.f32	s16, s15
 883              	.LVL47:
  71:project006.cpp **** }
 884              		.loc 10 71 21 view .LVU239
 885 0296 C3E7     		b	.L27
 886              	.LVL48:
 887              	.L75:
  71:project006.cpp **** }
ARM GAS  C:\Users\aydan\AppData\Local\Temp\ccPU8E4p.s 			page 40


 888              		.loc 10 71 21 view .LVU240
 889              	.LBE414:
 890              	.LBE446:
 320:project006.cpp ****         {
 891              		.loc 10 320 44 discriminator 1 view .LVU241
 892 0298 304B     		ldr	r3, .L82+52
 893 029a 1968     		ldr	r1, [r3]
 320:project006.cpp ****         {
 894              		.loc 10 320 30 discriminator 1 view .LVU242
 895 029c 0129     		cmp	r1, #1
 896 029e 65D0     		beq	.L78
 897              	.L23:
 898              	.LVL49:
 320:project006.cpp ****         {
 899              		.loc 10 320 30 discriminator 1 view .LVU243
 900              	.LBE455:
 901              	.LBE410:
 337:project006.cpp ****         {
 902              		.loc 10 337 14 is_stmt 1 view .LVU244
 351:project006.cpp ****             {
 903              		.loc 10 351 13 view .LVU245
 904              	.LBB462:
 905              	.LBB456:
 906              	.LBB447:
 907              	.LBB416:
 908              	.LBB417:
 351:project006.cpp ****             {
 909              		.loc 10 351 27 is_stmt 0 view .LVU246
 910 02a0 1B68     		ldr	r3, [r3]
 351:project006.cpp ****             {
 911              		.loc 10 351 13 view .LVU247
 912 02a2 022B     		cmp	r3, #2
 913 02a4 EED1     		bne	.L24
 914              	.LBB418:
 357:project006.cpp ****                 y = x + gran_mix * (wet - x);
 915              		.loc 10 357 17 is_stmt 1 view .LVU248
 357:project006.cpp ****                 y = x + gran_mix * (wet - x);
 916              		.loc 10 357 47 is_stmt 0 view .LVU249
 917 02a6 B0EE691A 		vmov.f32	s2, s19
 918 02aa DFED220A 		vldr.32	s1, .L82+12
 919 02ae B0EE490A 		vmov.f32	s0, s18
 920 02b2 2B48     		ldr	r0, .L82+56
 921 02b4 0192     		str	r2, [sp, #4]
 922 02b6 FFF7FEFF 		bl	_ZN7daisysp14GranularPlayer7ProcessEfff
 923              	.LVL50:
 358:project006.cpp ****             }
 924              		.loc 10 358 17 is_stmt 1 view .LVU250
 358:project006.cpp ****             }
 925              		.loc 10 358 41 is_stmt 0 view .LVU251
 926 02ba 30EE480A 		vsub.f32	s0, s0, s16
 927              	.LVL51:
 358:project006.cpp ****             }
 928              		.loc 10 358 41 view .LVU252
 929 02be 019A     		ldr	r2, [sp, #4]
 358:project006.cpp ****             }
 930              		.loc 10 358 19 view .LVU253
 931 02c0 A0EE288A 		vfma.f32	s16, s0, s17
ARM GAS  C:\Users\aydan\AppData\Local\Temp\ccPU8E4p.s 			page 41


 932              	.LVL52:
 358:project006.cpp ****             }
 933              		.loc 10 358 19 view .LVU254
 934 02c4 DEE7     		b	.L24
 935              	.LVL53:
 936              	.L76:
 358:project006.cpp ****             }
 937              		.loc 10 358 19 view .LVU255
 938              	.LBE418:
 939              	.LBE417:
 940              	.LBE416:
 941              	.LBE447:
 942              	.LBE456:
 943              	.LBE462:
 337:project006.cpp ****         {
 944              		.loc 10 337 14 is_stmt 1 view .LVU256
 945              	.LBB463:
 946              	.LBB457:
 947              	.LBB448:
 948              	.LBB441:
 949 02c6 B8F1010F 		cmp	r8, #1
 950 02ca 19D0     		beq	.L79
 951              	.LBE441:
 952              	.LBE448:
 953              	.LBE457:
 954              	.LBE463:
 363:project006.cpp ****             {
 955              		.loc 10 363 13 view .LVU257
 956              	.LBB464:
 957              	.LBB458:
 958              	.LBB449:
 959              	.LBB442:
 960              	.LBB419:
 961 02cc BBF1000F 		cmp	fp, #0
 962 02d0 D8D1     		bne	.L24
 963              	.LBB420:
 369:project006.cpp ****                 wet = softclip(wet); // keep it tame
 964              		.loc 10 369 39 is_stmt 0 view .LVU258
 965 02d2 B0EE480A 		vmov.f32	s0, s16
 966 02d6 1D48     		ldr	r0, .L82+36
 967 02d8 0192     		str	r2, [sp, #4]
 369:project006.cpp ****                 wet = softclip(wet); // keep it tame
 968              		.loc 10 369 17 is_stmt 1 view .LVU259
 369:project006.cpp ****                 wet = softclip(wet); // keep it tame
 969              		.loc 10 369 39 is_stmt 0 view .LVU260
 970 02da FFF7FEFF 		bl	_ZN7daisysp9Overdrive7ProcessEf
 971              	.LVL54:
 370:project006.cpp ****                 y = x + od_mix * (wet - x);
 972              		.loc 10 370 17 is_stmt 1 view .LVU261
 973              	.LBB421:
 974              	.LBI421:
  74:project006.cpp **** {
 975              		.loc 10 74 21 view .LVU262
 976              	.LBB422:
  77:project006.cpp ****     return x / (1.0f + std::fabs(x));
 977              		.loc 10 77 5 view .LVU263
 978              	.LBB423:
ARM GAS  C:\Users\aydan\AppData\Local\Temp\ccPU8E4p.s 			page 42


 979              	.LBI423:
  69:project006.cpp **** {
 980              		.loc 10 69 21 view .LVU264
 981              	.LBB424:
  71:project006.cpp **** }
 982              		.loc 10 71 5 view .LVU265
  71:project006.cpp **** }
 983              		.loc 10 71 21 is_stmt 0 view .LVU266
 984 02de F8EE007A 		vmov.f32	s15, #-2.0e+0
 985 02e2 019A     		ldr	r2, [sp, #4]
 986 02e4 B4EEE70A 		vcmpe.f32	s0, s15
 987 02e8 F1EE10FA 		vmrs	APSR_nzcv, FPSCR
 988 02ec 53D5     		bpl	.L80
 989 02ee DFED1D7A 		vldr.32	s15, .L82+60
 990              	.L26:
 991              	.LVL55:
  71:project006.cpp **** }
 992              		.loc 10 71 21 view .LVU267
 993              	.LBE424:
 994              	.LBE423:
  78:project006.cpp **** }
 995              		.loc 10 78 5 is_stmt 1 view .LVU268
 996              	.LBB426:
 997              	.LBI426:
 241:c:\program files\daisytoolchain\arm-none-eabi\include\c++\10.2.1\cmath ****   { return __builtin_fabsf(__x); }
 998              		.loc 11 241 3 view .LVU269
 999              	.LBB427:
 1000              		.loc 11 242 5 view .LVU270
 1001              		.loc 11 242 5 is_stmt 0 view .LVU271
 1002              	.LBE427:
 1003              	.LBE426:
 1004              	.LBE422:
 1005              	.LBE421:
 371:project006.cpp ****                 y *= od_level;
 1006              		.loc 10 371 17 is_stmt 1 view .LVU272
 371:project006.cpp ****                 y *= od_level;
 1007              		.loc 10 371 39 is_stmt 0 view .LVU273
 1008 02f2 77EEC87A 		vsub.f32	s15, s15, s16
 371:project006.cpp ****                 y *= od_level;
 1009              		.loc 10 371 19 view .LVU274
 1010 02f6 A7EEAA8A 		vfma.f32	s16, s15, s21
 1011              	.LVL56:
 372:project006.cpp ****             }
 1012              		.loc 10 372 17 is_stmt 1 view .LVU275
 372:project006.cpp ****             }
 1013              		.loc 10 372 19 is_stmt 0 view .LVU276
 1014 02fa 28EE0A8A 		vmul.f32	s16, s16, s20
 1015              	.LVL57:
 372:project006.cpp ****             }
 1016              		.loc 10 372 19 view .LVU277
 1017 02fe C1E7     		b	.L24
 1018              	.LVL58:
 1019              	.L79:
 372:project006.cpp ****             }
 1020              		.loc 10 372 19 view .LVU278
 1021              	.LBE420:
 1022              	.LBE419:
ARM GAS  C:\Users\aydan\AppData\Local\Temp\ccPU8E4p.s 			page 43


 1023              	.LBE442:
 1024              	.LBE449:
 1025              	.LBE458:
 1026              	.LBE464:
 339:project006.cpp ****             {
 1027              		.loc 10 339 13 is_stmt 1 view .LVU279
 1028              	.LBB465:
 1029              	.LBB459:
 1030              	.LBB450:
 1031              	.LBB443:
 1032              	.LBB437:
 1033 0300 BBF1000F 		cmp	fp, #0
 1034 0304 BED1     		bne	.L24
 1035              	.LBB438:
 345:project006.cpp ****                 y = x + chorus_mix * (wet - x);
 1036              		.loc 10 345 17 view .LVU280
 345:project006.cpp ****                 y = x + chorus_mix * (wet - x);
 1037              		.loc 10 345 49 is_stmt 0 view .LVU281
 1038 0306 B0EE480A 		vmov.f32	s0, s16
 1039 030a 0E48     		ldr	r0, .L82+28
 1040 030c 0192     		str	r2, [sp, #4]
 1041 030e FFF7FEFF 		bl	_ZN7daisysp6Chorus7ProcessEf
 1042              	.LVL59:
 346:project006.cpp ****             }
 1043              		.loc 10 346 17 is_stmt 1 view .LVU282
 346:project006.cpp ****             }
 1044              		.loc 10 346 43 is_stmt 0 view .LVU283
 1045 0312 30EE480A 		vsub.f32	s0, s0, s16
 1046              	.LVL60:
 346:project006.cpp ****             }
 1047              		.loc 10 346 43 view .LVU284
 1048 0316 019A     		ldr	r2, [sp, #4]
 346:project006.cpp ****             }
 1049              		.loc 10 346 19 view .LVU285
 1050 0318 A0EE0B8A 		vfma.f32	s16, s0, s22
 1051              	.LVL61:
 346:project006.cpp ****             }
 1052              		.loc 10 346 19 view .LVU286
 1053 031c B2E7     		b	.L24
 1054              	.LVL62:
 1055              	.L6:
 346:project006.cpp ****             }
 1056              		.loc 10 346 19 view .LVU287
 1057              	.LBE438:
 1058              	.LBE437:
 1059              	.LBE443:
 1060              	.LBE450:
 1061              	.LBE459:
 1062              	.LBE465:
 382:project006.cpp ****     }
 383:project006.cpp **** }
 1063              		.loc 10 383 1 view .LVU288
 1064 031e 03B0     		add	sp, sp, #12
 1065              		.cfi_remember_state
 1066              		.cfi_def_cfa_offset 68
 1067              		@ sp needed
 1068 0320 BDEC088B 		vldm	sp!, {d8-d11}
ARM GAS  C:\Users\aydan\AppData\Local\Temp\ccPU8E4p.s 			page 44


 1069              		.cfi_restore 86
 1070              		.cfi_restore 87
 1071              		.cfi_restore 84
 1072              		.cfi_restore 85
 1073              		.cfi_restore 82
 1074              		.cfi_restore 83
 1075              		.cfi_restore 80
 1076              		.cfi_restore 81
 1077              		.cfi_def_cfa_offset 36
 1078              	.LVL63:
 1079              		.loc 10 383 1 view .LVU289
 1080 0324 BDE8F08F 		pop	{r4, r5, r6, r7, r8, r9, r10, fp, pc}
 1081              	.LVL64:
 1082              	.L83:
 1083              		.loc 10 383 1 view .LVU290
 1084              		.align	2
 1085              	.L82:
 1086 0328 00000000 		.word	.LANCHOR1
 1087 032c 00000000 		.word	.LANCHOR0
 1088 0330 00000000 		.word	.LANCHOR2
 1089 0334 00000000 		.word	0
 1090 0338 00004843 		.word	1128792064
 1091 033c CDCC4C3D 		.word	1028443341
 1092 0340 CDCC4CBD 		.word	-1119040307
 1093 0344 00000000 		.word	chorus
 1094 0348 CDCC4C3E 		.word	1045220557
 1095 034c 00000000 		.word	.LANCHOR3
 1096 0350 00000000 		.word	.LANCHOR4
 1097 0354 3333733F 		.word	1064514355
 1098 0358 333373BF 		.word	-1082969293
 1099 035c 00000000 		.word	.LANCHOR5
 1100 0360 00000000 		.word	.LANCHOR7
 1101 0364 ABAA2ABF 		.word	-1087722837
 1102 0368 00000000 		.word	_ZL10pitch_ring
 1103              	.LVL65:
 1104              	.L78:
 1105              		.cfi_restore_state
 1106              	.LBB466:
 1107              	.LBB460:
 322:project006.cpp ****             gran_wr++;
 1108              		.loc 10 322 13 is_stmt 1 view .LVU291
 322:project006.cpp ****             gran_wr++;
 1109              		.loc 10 322 22 is_stmt 0 view .LVU292
 1110 036c 1F49     		ldr	r1, .L84
 324:project006.cpp ****             {
 1111              		.loc 10 324 13 view .LVU293
 1112 036e 4BF67F3C 		movw	ip, #47999
 322:project006.cpp ****             gran_wr++;
 1113              		.loc 10 322 31 view .LVU294
 1114 0372 1F48     		ldr	r0, .L84+4
 322:project006.cpp ****             gran_wr++;
 1115              		.loc 10 322 22 view .LVU295
 1116 0374 D1F800E0 		ldr	lr, [r1]
 322:project006.cpp ****             gran_wr++;
 1117              		.loc 10 322 31 view .LVU296
 1118 0378 00EB8E00 		add	r0, r0, lr, lsl #2
 1119 037c 80ED008A 		vstr.32	s16, [r0]
ARM GAS  C:\Users\aydan\AppData\Local\Temp\ccPU8E4p.s 			page 45


 323:project006.cpp ****             if(gran_wr >= kGranBufSize)
 1120              		.loc 10 323 13 is_stmt 1 view .LVU297
 323:project006.cpp ****             if(gran_wr >= kGranBufSize)
 1121              		.loc 10 323 20 is_stmt 0 view .LVU298
 1122 0380 0868     		ldr	r0, [r1]
 1123 0382 0130     		adds	r0, r0, #1
 1124 0384 0860     		str	r0, [r1]
 324:project006.cpp ****             {
 1125              		.loc 10 324 13 is_stmt 1 view .LVU299
 324:project006.cpp ****             {
 1126              		.loc 10 324 24 is_stmt 0 view .LVU300
 1127 0386 0868     		ldr	r0, [r1]
 324:project006.cpp ****             {
 1128              		.loc 10 324 13 view .LVU301
 1129 0388 6045     		cmp	r0, ip
 1130 038a 89DD     		ble	.L23
 326:project006.cpp ****                 gran_state = GRAN_READY;
 1131              		.loc 10 326 17 is_stmt 1 view .LVU302
 326:project006.cpp ****                 gran_state = GRAN_READY;
 1132              		.loc 10 326 28 is_stmt 0 view .LVU303
 1133 038c 0020     		movs	r0, #0
 1134 038e 0860     		str	r0, [r1]
 327:project006.cpp ****             }
 1135              		.loc 10 327 17 is_stmt 1 view .LVU304
 327:project006.cpp ****             }
 1136              		.loc 10 327 28 is_stmt 0 view .LVU305
 1137 0390 C3F80080 		str	r8, [r3]
 1138 0394 84E7     		b	.L23
 1139              	.LVL66:
 1140              	.L80:
 1141              	.LBB451:
 1142              	.LBB444:
 1143              	.LBB439:
 1144              	.LBB435:
 1145              	.LBB433:
 1146              	.LBB431:
 1147              	.LBB429:
 1148              	.LBB425:
  71:project006.cpp **** }
 1149              		.loc 10 71 37 view .LVU306
 1150 0396 F0EE007A 		vmov.f32	s15, #2.0e+0
 1151 039a B4EEE70A 		vcmpe.f32	s0, s15
 1152 039e F1EE10FA 		vmrs	APSR_nzcv, FPSCR
 1153 03a2 1ADD     		ble	.L81
 1154 03a4 DFED137A 		vldr.32	s15, .L84+8
 1155 03a8 A3E7     		b	.L26
 1156              	.LVL67:
 1157              	.L70:
  71:project006.cpp **** }
 1158              		.loc 10 71 37 view .LVU307
 1159              	.LBE425:
 1160              	.LBE429:
 1161              	.LBE431:
 1162              	.LBE433:
 1163              	.LBE435:
 1164              	.LBE439:
 1165              	.LBE444:
ARM GAS  C:\Users\aydan\AppData\Local\Temp\ccPU8E4p.s 			page 46


 1166              	.LBE451:
 1167              	.LBE460:
 1168              	.LBE466:
 295:project006.cpp ****     if(gran_grain_ms < 1.0f) gran_grain_ms = 1.0f;
 1169              		.loc 10 295 66 view .LVU308
 1170 03aa F2EE049A 		vmov.f32	s19, #1.0e+1
 1171 03ae 9FED126A 		vldr.32	s12, .L84+12
 1172 03b2 E7EE069A 		vfma.f32	s19, s14, s12
 1173              	.LVL68:
 296:project006.cpp **** 
 1174              		.loc 10 296 5 is_stmt 1 view .LVU309
 296:project006.cpp **** 
 1175              		.loc 10 296 44 is_stmt 0 view .LVU310
 1176 03b6 F4EE669A 		vcmp.f32	s19, s13
 1177 03ba F1EE10FA 		vmrs	APSR_nzcv, FPSCR
 1178 03be 48BF     		it	mi
 1179 03c0 F0EE669A 		vmovmi.f32	s19, s13
 1180              	.LVL69:
 296:project006.cpp **** 
 1181              		.loc 10 296 44 view .LVU311
 1182 03c4 DFE6     		b	.L15
 1183              	.LVL70:
 1184              	.L49:
 1185              	.LBB467:
 1186              	.LBB384:
 296:project006.cpp **** 
 1187              		.loc 10 296 44 view .LVU312
 1188 03c6 B0EE009A 		vmov.f32	s18, #2.0e+0
 1189              	.LVL71:
 296:project006.cpp **** 
 1190              		.loc 10 296 44 view .LVU313
 1191              	.LBE384:
 1192              	.LBE467:
 299:project006.cpp ****         gran_speed = (gran_speed >= 0.0f) ? 0.05f : -0.05f;
 1193              		.loc 10 299 5 is_stmt 1 view .LVU314
 1194              	.LBB468:
 241:c:\program files\daisytoolchain\arm-none-eabi\include\c++\10.2.1\cmath ****   { return __builtin_fabsf(__x); }
 1195              		.loc 11 241 3 view .LVU315
 1196              	.LBB409:
 1197              		.loc 11 242 5 view .LVU316
 1198              		.loc 11 242 5 is_stmt 0 view .LVU317
 1199 03ca 01E7     		b	.L18
 1200              	.LVL72:
 1201              	.L65:
 1202              		.loc 11 242 5 view .LVU318
 1203              	.LBE409:
 1204              	.LBE468:
 283:project006.cpp ****     const float chorus_depth = clampf(p2, 0.0f, 1.0f);
 1205              		.loc 10 283 69 view .LVU319
 1206 03cc DFED0B6A 		vldr.32	s13, .L84+16
 1207 03d0 9FED0B0A 		vldr.32	s0, .L84+20
 1208 03d4 A7EE260A 		vfma.f32	s0, s14, s13
 1209 03d8 8EE6     		b	.L8
 1210              	.LVL73:
 1211              	.L81:
 1212              	.LBB469:
 1213              	.LBB461:
ARM GAS  C:\Users\aydan\AppData\Local\Temp\ccPU8E4p.s 			page 47


 1214              	.LBB452:
 1215              	.LBB445:
 1216              	.LBB440:
 1217              	.LBB436:
 1218              	.LBB434:
 1219              	.LBB432:
  78:project006.cpp **** }
 1220              		.loc 10 78 22 view .LVU320
 1221 03da F7EE007A 		vmov.f32	s15, #1.0e+0
 1222              	.LBB430:
 1223              	.LBB428:
 1224              		.loc 11 242 31 view .LVU321
 1225 03de B0EEC07A 		vabs.f32	s14, s0
 1226              	.LBE428:
 1227              	.LBE430:
  78:project006.cpp **** }
 1228              		.loc 10 78 22 view .LVU322
 1229 03e2 37EE277A 		vadd.f32	s14, s14, s15
  78:project006.cpp **** }
 1230              		.loc 10 78 36 view .LVU323
 1231 03e6 C0EE077A 		vdiv.f32	s15, s0, s14
 1232 03ea 82E7     		b	.L26
 1233              	.L85:
 1234              		.align	2
 1235              	.L84:
 1236 03ec 00000000 		.word	.LANCHOR6
 1237 03f0 00000000 		.word	gran_buf
 1238 03f4 ABAA2A3F 		.word	1059760811
 1239 03f8 00003E43 		.word	1128136704
 1240 03fc 6666FE40 		.word	1090414182
 1241 0400 CDCC4C3D 		.word	1028443341
 1242              	.LBE432:
 1243              	.LBE434:
 1244              	.LBE436:
 1245              	.LBE440:
 1246              	.LBE445:
 1247              	.LBE452:
 1248              	.LBE461:
 1249              	.LBE469:
 1250              		.cfi_endproc
 1251              	.LFE4695:
 1253              		.section	.rodata.main.str1.4,"aMS",%progbits,1
 1254              		.align	2
 1255              	.LC4:
 1256 0000 452C2564 		.ascii	"E,%d\012\000"
 1256      0A00
 1257 0006 0000     		.align	2
 1258              	.LC5:
 1259 0008 502C252E 		.ascii	"P,%.4f,%.4f,%.4f,%.4f\012\000"
 1259      34662C25 
 1259      2E34662C 
 1259      252E3466 
 1259      2C252E34 
 1260 001f 00       		.align	2
 1261              	.LC6:
 1262 0020 532C2564 		.ascii	"S,%d,%s,%d\012\000"
 1262      2C25732C 
ARM GAS  C:\Users\aydan\AppData\Local\Temp\ccPU8E4p.s 			page 48


 1262      25640A00 
 1263              		.align	2
 1264              	.LC7:
 1265 002c 72656C65 		.ascii	"released\000"
 1265      61736564 
 1265      00
 1266 0035 000000   		.align	2
 1267              	.LC8:
 1268 0038 542C2564 		.ascii	"T,%d,%.3f,%s,%.2f,%.3f\012\000"
 1268      2C252E33 
 1268      662C2573 
 1268      2C252E32 
 1268      662C252E 
 1269              		.align	2
 1270              	.LC9:
 1271 0050 413200   		.ascii	"A2\000"
 1272 0053 00       		.align	2
 1273              	.LC10:
 1274 0054 70726573 		.ascii	"pressed\000"
 1274      73656400 
 1275              		.align	2
 1276              	.LC11:
 1277 005c 25732564 		.ascii	"%s%d\000"
 1277      00
 1278 0061 000000   		.align	2
 1279              	.LC12:
 1280 0064 257300   		.ascii	"%s\000"
 1281              		.section	.text.startup.main,"ax",%progbits
 1282              		.align	1
 1283              		.p2align 2,,3
 1284              		.global	main
 1285              		.syntax unified
 1286              		.thumb
 1287              		.thumb_func
 1288              		.fpu fpv5-d16
 1290              	main:
 1291              	.LFB4701:
 384:project006.cpp **** 
 385:project006.cpp **** // ============================================================
 386:project006.cpp **** // Debouncer
 387:project006.cpp **** // ============================================================
 388:project006.cpp **** struct Debounce1
 389:project006.cpp **** {
 390:project006.cpp ****     bool     stable         = true; // pull-up: true=UP, false=DOWN
 391:project006.cpp ****     bool     last_sample    = true;
 392:project006.cpp ****     uint32_t last_change_ms = 0;
 393:project006.cpp **** 
 394:project006.cpp ****     bool Update(bool sample, uint32_t now_ms, uint32_t debounce_ms)
 395:project006.cpp ****     {
 396:project006.cpp ****         if(sample != last_sample)
 397:project006.cpp ****         {
 398:project006.cpp ****             last_sample    = sample;
 399:project006.cpp ****             last_change_ms = now_ms;
 400:project006.cpp ****         }
 401:project006.cpp ****         if(sample != stable && (now_ms - last_change_ms) >= debounce_ms)
 402:project006.cpp ****         {
 403:project006.cpp ****             stable = sample;
ARM GAS  C:\Users\aydan\AppData\Local\Temp\ccPU8E4p.s 			page 49


 404:project006.cpp ****             return true;
 405:project006.cpp ****         }
 406:project006.cpp ****         return false;
 407:project006.cpp ****     }
 408:project006.cpp **** };
 409:project006.cpp **** 
 410:project006.cpp **** Debounce1 foot_db;
 411:project006.cpp **** 
 412:project006.cpp **** // ============================================================
 413:project006.cpp **** // Granular helpers (called from main loop)
 414:project006.cpp **** // ============================================================
 415:project006.cpp **** static void StartGranularCapture()
 416:project006.cpp **** {
 417:project006.cpp ****     gran_state = GRAN_RECORDING;
 418:project006.cpp ****     gran_wr    = 0;
 419:project006.cpp ****     // (optional) clear buffer for cleanliness
 420:project006.cpp ****     for(int i = 0; i < kGranBufSize; i++)
 421:project006.cpp ****         gran_buf[i] = 0.0f;
 422:project006.cpp **** }
 423:project006.cpp **** 
 424:project006.cpp **** // ============================================================
 425:project006.cpp **** // Main
 426:project006.cpp **** // ============================================================
 427:project006.cpp **** int main(void)
 428:project006.cpp **** {
 1292              		.loc 10 428 1 is_stmt 1 view -0
 1293              		.cfi_startproc
 1294              		@ args = 0, pretend = 0, frame = 280
 1295              		@ frame_needed = 0, uses_anonymous_args = 0
 429:project006.cpp ****     hw.Init();
 1296              		.loc 10 429 5 view .LVU325
 1297              		.loc 10 429 12 is_stmt 0 view .LVU326
 1298 0000 0323     		movs	r3, #3
 1299 0002 0021     		movs	r1, #0
 1300 0004 CA48     		ldr	r0, .L188+16
 428:project006.cpp ****     hw.Init();
 1301              		.loc 10 428 1 view .LVU327
 1302 0006 2DE9F04F 		push	{r4, r5, r6, r7, r8, r9, r10, fp, lr}
 1303              		.cfi_def_cfa_offset 36
 1304              		.cfi_offset 4, -36
 1305              		.cfi_offset 5, -32
 1306              		.cfi_offset 6, -28
 1307              		.cfi_offset 7, -24
 1308              		.cfi_offset 8, -20
 1309              		.cfi_offset 9, -16
 1310              		.cfi_offset 10, -12
 1311              		.cfi_offset 11, -8
 1312              		.cfi_offset 14, -4
 1313 000a 2DED088B 		vpush.64	{d8, d9, d10, d11}
 1314              		.cfi_def_cfa_offset 68
 1315              		.cfi_offset 80, -68
 1316              		.cfi_offset 81, -64
 1317              		.cfi_offset 82, -60
 1318              		.cfi_offset 83, -56
 1319              		.cfi_offset 84, -52
 1320              		.cfi_offset 85, -48
 1321              		.cfi_offset 86, -44
ARM GAS  C:\Users\aydan\AppData\Local\Temp\ccPU8E4p.s 			page 50


 1322              		.cfi_offset 87, -40
 1323 000e CFB0     		sub	sp, sp, #316
 1324              		.cfi_def_cfa_offset 384
 1325              		.loc 10 429 12 view .LVU328
 1326 0010 1C46     		mov	r4, r3
 1327 0012 FFF7FEFF 		bl	_ZN5daisy9DaisySeed4InitEb
 1328              	.LVL74:
 430:project006.cpp **** 	// PROOF-OF-LIFE: boot blink (runs before UART/audio)
 431:project006.cpp **** 	for(int i=0;i<3;i++){
 1329              		.loc 10 431 2 is_stmt 1 view .LVU329
 1330              	.LBB572:
 1331              		.loc 10 431 15 view .LVU330
 1332              	.L87:
 432:project006.cpp ****     	hw.SetLed(true);  System::Delay(80);
 1333              		.loc 10 432 6 discriminator 2 view .LVU331
 1334              		.loc 10 432 15 is_stmt 0 discriminator 2 view .LVU332
 1335 0016 0121     		movs	r1, #1
 1336 0018 C548     		ldr	r0, .L188+16
 1337 001a FFF7FEFF 		bl	_ZN5daisy9DaisySeed6SetLedEb
 1338              	.LVL75:
 1339              		.loc 10 432 24 is_stmt 1 discriminator 2 view .LVU333
 1340              		.loc 10 432 37 is_stmt 0 discriminator 2 view .LVU334
 1341 001e 5020     		movs	r0, #80
 1342 0020 FFF7FEFF 		bl	_ZN5daisy6System5DelayEm
 1343              	.LVL76:
 433:project006.cpp ****     	hw.SetLed(false); System::Delay(80);
 1344              		.loc 10 433 6 is_stmt 1 discriminator 2 view .LVU335
 1345              		.loc 10 433 15 is_stmt 0 discriminator 2 view .LVU336
 1346 0024 C248     		ldr	r0, .L188+16
 1347 0026 0021     		movs	r1, #0
 1348 0028 FFF7FEFF 		bl	_ZN5daisy9DaisySeed6SetLedEb
 1349              	.LVL77:
 1350              		.loc 10 433 24 is_stmt 1 discriminator 2 view .LVU337
 1351              		.loc 10 433 37 is_stmt 0 discriminator 2 view .LVU338
 1352 002c 5020     		movs	r0, #80
 1353 002e FFF7FEFF 		bl	_ZN5daisy6System5DelayEm
 1354              	.LVL78:
 431:project006.cpp ****     	hw.SetLed(true);  System::Delay(80);
 1355              		.loc 10 431 2 is_stmt 1 discriminator 2 view .LVU339
 431:project006.cpp ****     	hw.SetLed(true);  System::Delay(80);
 1356              		.loc 10 431 15 discriminator 2 view .LVU340
 1357 0032 013C     		subs	r4, r4, #1
 1358              	.LVL79:
 431:project006.cpp ****     	hw.SetLed(true);  System::Delay(80);
 1359              		.loc 10 431 15 is_stmt 0 discriminator 2 view .LVU341
 1360 0034 EFD1     		bne	.L87
 1361              	.LBE572:
 434:project006.cpp **** 	}
 435:project006.cpp **** 
 436:project006.cpp ****     hw.SetAudioSampleRate(SaiHandle::Config::SampleRate::SAI_48KHZ);
 1362              		.loc 10 436 5 is_stmt 1 view .LVU342
 1363              		.loc 10 436 26 is_stmt 0 view .LVU343
 1364 0036 0321     		movs	r1, #3
 1365 0038 BD48     		ldr	r0, .L188+16
 1366 003a 0E94     		str	r4, [sp, #56]
 1367 003c FFF7FEFF 		bl	_ZN5daisy9DaisySeed18SetAudioSampleRateENS_9SaiHandle6Config10SampleRateE
 1368              	.LVL80:
ARM GAS  C:\Users\aydan\AppData\Local\Temp\ccPU8E4p.s 			page 51


 437:project006.cpp ****     hw.SetAudioBlockSize(48);
 1369              		.loc 10 437 5 is_stmt 1 view .LVU344
 1370              		.loc 10 437 25 is_stmt 0 view .LVU345
 1371 0040 3021     		movs	r1, #48
 1372 0042 BB48     		ldr	r0, .L188+16
 1373 0044 FFF7FEFF 		bl	_ZN5daisy9DaisySeed17SetAudioBlockSizeEj
 1374              	.LVL81:
 438:project006.cpp **** 
 439:project006.cpp ****     // UART Daisy -> Pi
 440:project006.cpp ****     UartHandler::Config uc;
 1375              		.loc 10 440 5 is_stmt 1 view .LVU346
 1376              	.LBB573:
 1377              	.LBI573:
 1378              		.file 12 "../../libDaisy//src/per/uart.h"
   1:../../libDaisy//src/per/uart.h **** /* 
   2:../../libDaisy//src/per/uart.h **** TODO
   3:../../libDaisy//src/per/uart.h **** - Overflow handling, etc. for Rx Queue.
   4:../../libDaisy//src/per/uart.h **** */
   5:../../libDaisy//src/per/uart.h **** 
   6:../../libDaisy//src/per/uart.h **** #pragma once
   7:../../libDaisy//src/per/uart.h **** #ifndef DSY_UART_H
   8:../../libDaisy//src/per/uart.h **** #define DSY_UART_H /**< macro */
   9:../../libDaisy//src/per/uart.h **** #include "daisy_core.h"
  10:../../libDaisy//src/per/uart.h **** 
  11:../../libDaisy//src/per/uart.h **** 
  12:../../libDaisy//src/per/uart.h **** namespace daisy
  13:../../libDaisy//src/per/uart.h **** {
  14:../../libDaisy//src/per/uart.h **** /** @addtogroup serial
  15:../../libDaisy//src/per/uart.h ****     @{
  16:../../libDaisy//src/per/uart.h ****     */
  17:../../libDaisy//src/per/uart.h **** 
  18:../../libDaisy//src/per/uart.h **** /** 
  19:../../libDaisy//src/per/uart.h ****     Uart Peripheral
  20:../../libDaisy//src/per/uart.h ****     @author shensley
  21:../../libDaisy//src/per/uart.h ****     @date March 2020
  22:../../libDaisy//src/per/uart.h ****     */
  23:../../libDaisy//src/per/uart.h **** class UartHandler
  24:../../libDaisy//src/per/uart.h **** {
  25:../../libDaisy//src/per/uart.h ****   public:
  26:../../libDaisy//src/per/uart.h ****     struct Config
  27:../../libDaisy//src/per/uart.h ****     {
  28:../../libDaisy//src/per/uart.h ****         enum class Peripheral
  29:../../libDaisy//src/per/uart.h ****         {
  30:../../libDaisy//src/per/uart.h ****             USART_1,
  31:../../libDaisy//src/per/uart.h ****             USART_2,
  32:../../libDaisy//src/per/uart.h ****             USART_3,
  33:../../libDaisy//src/per/uart.h ****             UART_4,
  34:../../libDaisy//src/per/uart.h ****             UART_5,
  35:../../libDaisy//src/per/uart.h ****             USART_6,
  36:../../libDaisy//src/per/uart.h ****             UART_7,
  37:../../libDaisy//src/per/uart.h ****             UART_8,
  38:../../libDaisy//src/per/uart.h ****             LPUART_1,
  39:../../libDaisy//src/per/uart.h ****         };
  40:../../libDaisy//src/per/uart.h **** 
  41:../../libDaisy//src/per/uart.h ****         enum class StopBits
  42:../../libDaisy//src/per/uart.h ****         {
  43:../../libDaisy//src/per/uart.h ****             BITS_0_5,
ARM GAS  C:\Users\aydan\AppData\Local\Temp\ccPU8E4p.s 			page 52


  44:../../libDaisy//src/per/uart.h ****             BITS_1,
  45:../../libDaisy//src/per/uart.h ****             BITS_1_5,
  46:../../libDaisy//src/per/uart.h ****             BITS_2,
  47:../../libDaisy//src/per/uart.h ****         };
  48:../../libDaisy//src/per/uart.h **** 
  49:../../libDaisy//src/per/uart.h ****         enum class Parity
  50:../../libDaisy//src/per/uart.h ****         {
  51:../../libDaisy//src/per/uart.h ****             NONE,
  52:../../libDaisy//src/per/uart.h ****             EVEN,
  53:../../libDaisy//src/per/uart.h ****             ODD,
  54:../../libDaisy//src/per/uart.h ****         };
  55:../../libDaisy//src/per/uart.h **** 
  56:../../libDaisy//src/per/uart.h ****         enum class Mode
  57:../../libDaisy//src/per/uart.h ****         {
  58:../../libDaisy//src/per/uart.h ****             RX,
  59:../../libDaisy//src/per/uart.h ****             TX,
  60:../../libDaisy//src/per/uart.h ****             TX_RX,
  61:../../libDaisy//src/per/uart.h ****         };
  62:../../libDaisy//src/per/uart.h **** 
  63:../../libDaisy//src/per/uart.h ****         enum class WordLength
  64:../../libDaisy//src/per/uart.h ****         {
  65:../../libDaisy//src/per/uart.h ****             BITS_7,
  66:../../libDaisy//src/per/uart.h ****             BITS_8,
  67:../../libDaisy//src/per/uart.h ****             BITS_9,
  68:../../libDaisy//src/per/uart.h ****         };
  69:../../libDaisy//src/per/uart.h **** 
  70:../../libDaisy//src/per/uart.h ****         struct
  71:../../libDaisy//src/per/uart.h ****         {
  72:../../libDaisy//src/per/uart.h ****             dsy_gpio_pin tx; /**< & */
  73:../../libDaisy//src/per/uart.h ****             dsy_gpio_pin rx; /**< & */
  74:../../libDaisy//src/per/uart.h ****         } pin_config;        /**< & */
  75:../../libDaisy//src/per/uart.h **** 
  76:../../libDaisy//src/per/uart.h ****         Config()
 1379              		.loc 12 76 9 view .LVU347
 1380              	.LBB574:
 1381              	.LBB575:
  77:../../libDaisy//src/per/uart.h ****         {
  78:../../libDaisy//src/per/uart.h ****             // user must init periph, pin_config, and mode
  79:../../libDaisy//src/per/uart.h ****             stopbits   = StopBits::BITS_1;
 1382              		.loc 12 79 13 view .LVU348
  80:../../libDaisy//src/per/uart.h ****             parity     = Parity::NONE;
 1383              		.loc 12 80 13 view .LVU349
  81:../../libDaisy//src/per/uart.h ****             wordlength = WordLength::BITS_8;
 1384              		.loc 12 81 13 view .LVU350
  82:../../libDaisy//src/per/uart.h ****             baudrate   = 31250;
 1385              		.loc 12 82 13 view .LVU351
 1386              		.loc 12 82 13 is_stmt 0 view .LVU352
 1387              	.LBE575:
 1388              	.LBE574:
 1389              	.LBE573:
 441:project006.cpp ****     uc.periph        = UartHandler::Config::Peripheral::USART_1;
 1390              		.loc 10 441 5 is_stmt 1 view .LVU353
 442:project006.cpp ****     uc.mode          = UartHandler::Config::Mode::TX;
 1391              		.loc 10 442 5 view .LVU354
 443:project006.cpp ****     uc.baudrate      = 115200;
 1392              		.loc 10 443 5 view .LVU355
 444:project006.cpp ****     uc.pin_config.tx = D13; // PB6
ARM GAS  C:\Users\aydan\AppData\Local\Temp\ccPU8E4p.s 			page 53


 1393              		.loc 10 444 5 view .LVU356
 445:project006.cpp ****     uc.pin_config.rx = D14; // unused, but set
 1394              		.loc 10 445 5 view .LVU357
 1395              	.LBB583:
 1396              	.LBB579:
  77:../../libDaisy//src/per/uart.h ****             // user must init periph, pin_config, and mode
 1397              		.loc 12 77 9 is_stmt 0 view .LVU358
 1398 0048 BA49     		ldr	r1, .L188+20
 1399              	.LBB576:
  79:../../libDaisy//src/per/uart.h ****             parity     = Parity::NONE;
 1400              		.loc 12 79 24 view .LVU359
 1401 004a 0123     		movs	r3, #1
 1402              	.LBE576:
 1403              	.LBE579:
 1404              	.LBE583:
 443:project006.cpp ****     uc.pin_config.tx = D13; // PB6
 1405              		.loc 10 443 22 view .LVU360
 1406 004c 4FF4E132 		mov	r2, #115200
 1407              	.LBB584:
 1408              	.LBB580:
  77:../../libDaisy//src/per/uart.h ****             // user must init periph, pin_config, and mode
 1409              		.loc 12 77 9 view .LVU361
 1410 0050 1991     		str	r1, [sp, #100]
 1411              	.LBE580:
 1412              	.LBE584:
 446:project006.cpp ****     uart.Init(uc);
 1413              		.loc 10 446 14 view .LVU362
 1414 0052 19A9     		add	r1, sp, #100
 1415 0054 B848     		ldr	r0, .L188+24
 436:project006.cpp ****     hw.SetAudioBlockSize(48);
 1416              		.loc 10 436 26 view .LVU363
 1417 0056 2546     		mov	r5, r4
 1418              		.loc 10 446 14 view .LVU364
 1419 0058 B84E     		ldr	r6, .L188+28
 1420 005a B94F     		ldr	r7, .L188+32
 1421              	.LBB585:
 1422              	.LBB581:
 1423              	.LBB577:
  81:../../libDaisy//src/per/uart.h ****             baudrate   = 31250;
 1424              		.loc 12 81 24 view .LVU365
 1425 005c 1E93     		str	r3, [sp, #120]
 1426              	.LBE577:
 1427              	.LBE581:
 1428              	.LBE585:
 443:project006.cpp ****     uc.pin_config.tx = D13; // PB6
 1429              		.loc 10 443 22 view .LVU366
 1430 005e 1F92     		str	r2, [sp, #124]
 1431              		.loc 10 446 5 is_stmt 1 view .LVU367
 1432              	.LBB586:
 1433              	.LBB582:
 1434              	.LBB578:
  79:../../libDaisy//src/per/uart.h ****             parity     = Parity::NONE;
 1435              		.loc 12 79 24 is_stmt 0 view .LVU368
 1436 0060 CDE91A43 		strd	r4, r3, [sp, #104]
 1437              	.LBE578:
 1438              	.LBE582:
 1439              	.LBE586:
ARM GAS  C:\Users\aydan\AppData\Local\Temp\ccPU8E4p.s 			page 54


 442:project006.cpp ****     uc.baudrate      = 115200;
 1440              		.loc 10 442 22 view .LVU369
 1441 0064 CDE91C43 		strd	r4, r3, [sp, #112]
 1442              		.loc 10 446 14 view .LVU370
 1443 0068 FFF7FEFF 		bl	_ZN5daisy11UartHandler4InitERKNS0_6ConfigE
 1444              	.LVL82:
 447:project006.cpp **** 
 448:project006.cpp ****     // Rotary GPIO inputs
 449:project006.cpp ****     for(int i = 0; i < kNumPos; i++)
 1445              		.loc 10 449 5 is_stmt 1 view .LVU371
 1446              	.LBB587:
 1447              		.loc 10 449 22 view .LVU372
 1448              	.L88:
 450:project006.cpp ****         rot[i].Init(kRotPins[i], GPIO::Mode::INPUT, GPIO::Pull::PULLUP);
 1449              		.loc 10 450 9 discriminator 2 view .LVU373
 1450              		.loc 10 450 20 is_stmt 0 discriminator 2 view .LVU374
 1451 006c 0024     		movs	r4, #0
 1452 006e 37F81510 		ldrh	r1, [r7, r5, lsl #1]
 449:project006.cpp ****         rot[i].Init(kRotPins[i], GPIO::Mode::INPUT, GPIO::Pull::PULLUP);
 1453              		.loc 10 449 5 discriminator 2 view .LVU375
 1454 0072 0135     		adds	r5, r5, #1
 1455              	.LVL83:
 1456              		.loc 10 450 20 discriminator 2 view .LVU376
 1457 0074 3046     		mov	r0, r6
 1458 0076 0123     		movs	r3, #1
 1459 0078 2246     		mov	r2, r4
 1460 007a 0094     		str	r4, [sp]
 449:project006.cpp ****         rot[i].Init(kRotPins[i], GPIO::Mode::INPUT, GPIO::Pull::PULLUP);
 1461              		.loc 10 449 22 discriminator 2 view .LVU377
 1462 007c 1436     		adds	r6, r6, #20
 1463              		.loc 10 450 20 discriminator 2 view .LVU378
 1464 007e FFF7FEFF 		bl	_ZN5daisy4GPIO4InitENS_3PinENS0_4ModeENS0_4PullENS0_5SpeedE
 1465              	.LVL84:
 449:project006.cpp ****         rot[i].Init(kRotPins[i], GPIO::Mode::INPUT, GPIO::Pull::PULLUP);
 1466              		.loc 10 449 5 is_stmt 1 discriminator 2 view .LVU379
 449:project006.cpp ****         rot[i].Init(kRotPins[i], GPIO::Mode::INPUT, GPIO::Pull::PULLUP);
 1467              		.loc 10 449 22 discriminator 2 view .LVU380
 1468 0082 062D     		cmp	r5, #6
 1469 0084 F2D1     		bne	.L88
 1470              	.LBE587:
 451:project006.cpp **** 
 452:project006.cpp ****     // Footswitch
 453:project006.cpp ****     foot.Init(D9, GPIO::Mode::INPUT, GPIO::Pull::PULLUP);
 1471              		.loc 10 453 5 view .LVU381
 1472              		.loc 10 453 14 is_stmt 0 view .LVU382
 1473 0086 AF4A     		ldr	r2, .L188+36
 454:project006.cpp **** 
 455:project006.cpp ****     // ADC: 3 pots
 456:project006.cpp ****     AdcChannelConfig adc_cfg[kNumPotsPhys];
 457:project006.cpp ****     adc_cfg[0].InitSingle(A0);
 1474              		.loc 10 457 26 view .LVU383
 1475 0088 0225     		movs	r5, #2
 1476              	.LVL85:
 453:project006.cpp **** 
 1477              		.loc 10 453 14 view .LVU384
 1478 008a 0123     		movs	r3, #1
 1479 008c AE48     		ldr	r0, .L188+40
ARM GAS  C:\Users\aydan\AppData\Local\Temp\ccPU8E4p.s 			page 55


 1480 008e 1168     		ldr	r1, [r2]
 1481 0090 2246     		mov	r2, r4
 1482 0092 0094     		str	r4, [sp]
 458:project006.cpp ****     adc_cfg[1].InitSingle(A1);
 1483              		.loc 10 458 26 view .LVU385
 1484 0094 0326     		movs	r6, #3
 453:project006.cpp **** 
 1485              		.loc 10 453 14 view .LVU386
 1486 0096 FFF7FEFF 		bl	_ZN5daisy4GPIO4InitENS_3PinENS0_4ModeENS0_4PullENS0_5SpeedE
 1487              	.LVL86:
 456:project006.cpp ****     adc_cfg[0].InitSingle(A0);
 1488              		.loc 10 456 5 is_stmt 1 view .LVU387
 457:project006.cpp ****     adc_cfg[1].InitSingle(A1);
 1489              		.loc 10 457 5 view .LVU388
 457:project006.cpp ****     adc_cfg[1].InitSingle(A1);
 1490              		.loc 10 457 26 is_stmt 0 view .LVU389
 1491 009a 8DF84050 		strb	r5, [sp, #64]
 1492 009e 8DF84140 		strb	r4, [sp, #65]
 1493 00a2 2A46     		mov	r2, r5
 1494 00a4 1099     		ldr	r1, [sp, #64]
 1495 00a6 20A8     		add	r0, sp, #128
 1496 00a8 FFF7FEFF 		bl	_ZN5daisy16AdcChannelConfig10InitSingleE12dsy_gpio_pinNS0_15ConversionSpeedE
 1497              	.LVL87:
 1498              		.loc 10 458 5 is_stmt 1 view .LVU390
 1499              		.loc 10 458 26 is_stmt 0 view .LVU391
 1500 00ac 8DF84440 		strb	r4, [sp, #68]
 1501 00b0 8DF84560 		strb	r6, [sp, #69]
 1502 00b4 2A46     		mov	r2, r5
 1503 00b6 1199     		ldr	r1, [sp, #68]
 1504 00b8 0DF19200 		add	r0, sp, #146
 1505 00bc FFF7FEFF 		bl	_ZN5daisy16AdcChannelConfig10InitSingleE12dsy_gpio_pinNS0_15ConversionSpeedE
 1506              	.LVL88:
 459:project006.cpp ****     adc_cfg[2].InitSingle(A2);
 1507              		.loc 10 459 5 is_stmt 1 view .LVU392
 1508              		.loc 10 459 26 is_stmt 0 view .LVU393
 1509 00c0 0123     		movs	r3, #1
 1510 00c2 2A46     		mov	r2, r5
 1511 00c4 29A8     		add	r0, sp, #164
 1512 00c6 8DF84830 		strb	r3, [sp, #72]
 460:project006.cpp ****     hw.adc.Init(adc_cfg, kNumPotsPhys);
 461:project006.cpp ****     hw.adc.Start();
 462:project006.cpp **** 
 463:project006.cpp ****     // Init DaisySP modules (direct usage)
 464:project006.cpp ****     chorus.Init(hw.AudioSampleRate());
 465:project006.cpp ****     od.Init();
 466:project006.cpp **** 
 467:project006.cpp ****     // Init granular player with our SDRAM buffer
 468:project006.cpp ****     for(int i = 0; i < kGranBufSize; i++)
 469:project006.cpp ****         gran_buf[i] = 0.0f;
 470:project006.cpp ****     gran.Init(gran_buf, kGranBufSize, hw.AudioSampleRate());
 471:project006.cpp **** 
 472:project006.cpp ****     // Clear tuner ring
 473:project006.cpp ****     for(int i = 0; i < kPitchRing; i++)
 474:project006.cpp ****         pitch_ring[i] = 0.0f;
 475:project006.cpp **** 
 476:project006.cpp ****     // Start audio
 477:project006.cpp ****     hw.StartAudio(AudioCallback);
ARM GAS  C:\Users\aydan\AppData\Local\Temp\ccPU8E4p.s 			page 56


 478:project006.cpp **** 
 479:project006.cpp ****     // Rotary debounce state
 480:project006.cpp ****     int      rot_stable      = 0;
 481:project006.cpp ****     int      rot_last_sample = 0;
 482:project006.cpp ****     uint32_t rot_last_change = System::GetNow();
 483:project006.cpp ****     int      last_sent_fx    = -1;
 1513              		.loc 10 483 14 view .LVU394
 1514 00ca 4FF0FF35 		mov	r5, #-1
 459:project006.cpp ****     adc_cfg[2].InitSingle(A2);
 1515              		.loc 10 459 26 view .LVU395
 1516 00ce 8DF84930 		strb	r3, [sp, #73]
 1517 00d2 1299     		ldr	r1, [sp, #72]
 1518 00d4 FFF7FEFF 		bl	_ZN5daisy16AdcChannelConfig10InitSingleE12dsy_gpio_pinNS0_15ConversionSpeedE
 1519              	.LVL89:
 460:project006.cpp ****     hw.adc.Init(adc_cfg, kNumPotsPhys);
 1520              		.loc 10 460 5 is_stmt 1 view .LVU396
 460:project006.cpp ****     hw.adc.Init(adc_cfg, kNumPotsPhys);
 1521              		.loc 10 460 16 is_stmt 0 view .LVU397
 1522 00d8 0423     		movs	r3, #4
 1523 00da 3246     		mov	r2, r6
 1524 00dc 20A9     		add	r1, sp, #128
 1525 00de 9B48     		ldr	r0, .L188+44
 1526 00e0 FFF7FEFF 		bl	_ZN5daisy9AdcHandle4InitEPNS_16AdcChannelConfigEjNS0_12OverSamplingE
 1527              	.LVL90:
 461:project006.cpp **** 
 1528              		.loc 10 461 5 is_stmt 1 view .LVU398
 461:project006.cpp **** 
 1529              		.loc 10 461 17 is_stmt 0 view .LVU399
 1530 00e4 9948     		ldr	r0, .L188+44
 1531 00e6 FFF7FEFF 		bl	_ZN5daisy9AdcHandle5StartEv
 1532              	.LVL91:
 464:project006.cpp ****     od.Init();
 1533              		.loc 10 464 5 is_stmt 1 view .LVU400
 464:project006.cpp ****     od.Init();
 1534              		.loc 10 464 16 is_stmt 0 view .LVU401
 1535 00ea 9148     		ldr	r0, .L188+16
 1536 00ec FFF7FEFF 		bl	_ZN5daisy9DaisySeed15AudioSampleRateEv
 1537              	.LVL92:
 1538 00f0 9748     		ldr	r0, .L188+48
 1539 00f2 FFF7FEFF 		bl	_ZN7daisysp6Chorus4InitEf
 1540              	.LVL93:
 465:project006.cpp **** 
 1541              		.loc 10 465 5 is_stmt 1 view .LVU402
 465:project006.cpp **** 
 1542              		.loc 10 465 12 is_stmt 0 view .LVU403
 1543 00f6 9748     		ldr	r0, .L188+52
 1544 00f8 FFF7FEFF 		bl	_ZN7daisysp9Overdrive4InitEv
 1545              	.LVL94:
 468:project006.cpp ****         gran_buf[i] = 0.0f;
 1546              		.loc 10 468 5 is_stmt 1 view .LVU404
 1547              	.LBB588:
 468:project006.cpp ****         gran_buf[i] = 0.0f;
 1548              		.loc 10 468 22 view .LVU405
 469:project006.cpp ****     gran.Init(gran_buf, kGranBufSize, hw.AudioSampleRate());
 1549              		.loc 10 469 21 is_stmt 0 view .LVU406
 1550 00fc 2146     		mov	r1, r4
 1551 00fe 964A     		ldr	r2, .L188+56
ARM GAS  C:\Users\aydan\AppData\Local\Temp\ccPU8E4p.s 			page 57


 1552 0100 9648     		ldr	r0, .L188+60
 1553 0102 FFF7FEFF 		bl	memset
 1554              	.LVL95:
 469:project006.cpp ****     gran.Init(gran_buf, kGranBufSize, hw.AudioSampleRate());
 1555              		.loc 10 469 21 view .LVU407
 1556              	.LBE588:
 470:project006.cpp **** 
 1557              		.loc 10 470 5 is_stmt 1 view .LVU408
 470:project006.cpp **** 
 1558              		.loc 10 470 14 is_stmt 0 view .LVU409
 1559 0106 8A48     		ldr	r0, .L188+16
 1560 0108 FFF7FEFF 		bl	_ZN5daisy9DaisySeed15AudioSampleRateEv
 1561              	.LVL96:
 1562 010c 4BF68032 		movw	r2, #48000
 1563 0110 9249     		ldr	r1, .L188+60
 1564 0112 9348     		ldr	r0, .L188+64
 1565 0114 FFF7FEFF 		bl	_ZN7daisysp14GranularPlayer4InitEPfif
 1566              	.LVL97:
 473:project006.cpp ****         pitch_ring[i] = 0.0f;
 1567              		.loc 10 473 5 is_stmt 1 view .LVU410
 1568              	.LBB589:
 473:project006.cpp ****         pitch_ring[i] = 0.0f;
 1569              		.loc 10 473 22 view .LVU411
 1570              	.LBE589:
 484:project006.cpp **** 
 485:project006.cpp ****     // Pot smoothing
 486:project006.cpp ****     float pot_filt[3] = {0, 0, 0};
 487:project006.cpp ****     auto  lpf = [](float y, float x, float a) { return y + a * (x - y); };
 488:project006.cpp **** 
 489:project006.cpp ****     // Pitch smoother
 490:project006.cpp ****     float freq_smoother = 110.0f;
 491:project006.cpp **** 
 492:project006.cpp ****     // Timers
 493:project006.cpp ****     uint32_t last_pots_tx  = 0;
 494:project006.cpp ****     uint32_t last_tuner_tx = 0;
 495:project006.cpp **** 
 496:project006.cpp ****     // Initial telemetry
 497:project006.cpp ****     send_effect((int)g_fx);
 1571              		.loc 10 497 16 is_stmt 0 view .LVU412
 1572 0118 DFF88492 		ldr	r9, .L188+128
 1573              	.LBB590:
 474:project006.cpp **** 
 1574              		.loc 10 474 23 view .LVU413
 1575 011c 4FF48042 		mov	r2, #16384
 1576 0120 2146     		mov	r1, r4
 1577 0122 9048     		ldr	r0, .L188+68
 1578 0124 FFF7FEFF 		bl	memset
 1579              	.LVL98:
 474:project006.cpp **** 
 1580              		.loc 10 474 23 view .LVU414
 1581              	.LBE590:
 477:project006.cpp **** 
 1582              		.loc 10 477 5 is_stmt 1 view .LVU415
 477:project006.cpp **** 
 1583              		.loc 10 477 18 is_stmt 0 view .LVU416
 1584 0128 8F49     		ldr	r1, .L188+72
 1585 012a 8148     		ldr	r0, .L188+16
ARM GAS  C:\Users\aydan\AppData\Local\Temp\ccPU8E4p.s 			page 58


 1586 012c FFF7FEFF 		bl	_ZN5daisy9DaisySeed10StartAudioEPFvPKPKfPPfjE
 1587              	.LVL99:
 480:project006.cpp ****     int      rot_last_sample = 0;
 1588              		.loc 10 480 5 is_stmt 1 view .LVU417
 481:project006.cpp ****     uint32_t rot_last_change = System::GetNow();
 1589              		.loc 10 481 5 view .LVU418
 482:project006.cpp ****     int      last_sent_fx    = -1;
 1590              		.loc 10 482 5 view .LVU419
 498:project006.cpp ****     send_pots(g_pots[0], g_pots[1], g_pots[2], g_pots[3]);
 1591              		.loc 10 498 23 is_stmt 0 view .LVU420
 1592 0130 8E4E     		ldr	r6, .L188+76
 482:project006.cpp ****     int      last_sent_fx    = -1;
 1593              		.loc 10 482 46 view .LVU421
 1594 0132 FFF7FEFF 		bl	_ZN5daisy6System6GetNowEv
 1595              	.LVL100:
 497:project006.cpp ****     send_pots(g_pots[0], g_pots[1], g_pots[2], g_pots[3]);
 1596              		.loc 10 497 16 view .LVU422
 1597 0136 D9F80030 		ldr	r3, [r9]
 1598              	.LBB591:
 1599              	.LBB592:
 115:project006.cpp ****     uart_send(buf);
 1600              		.loc 10 115 18 view .LVU423
 1601 013a 8D4A     		ldr	r2, .L188+80
 1602 013c 2021     		movs	r1, #32
 1603              	.LBE592:
 1604              	.LBE591:
 482:project006.cpp ****     int      last_sent_fx    = -1;
 1605              		.loc 10 482 46 view .LVU424
 1606 013e 0B90     		str	r0, [sp, #44]
 1607              	.LVL101:
 483:project006.cpp **** 
 1608              		.loc 10 483 5 is_stmt 1 view .LVU425
 486:project006.cpp ****     auto  lpf = [](float y, float x, float a) { return y + a * (x - y); };
 1609              		.loc 10 486 5 view .LVU426
 487:project006.cpp **** 
 1610              		.loc 10 487 5 view .LVU427
 490:project006.cpp **** 
 1611              		.loc 10 490 5 view .LVU428
 493:project006.cpp ****     uint32_t last_tuner_tx = 0;
 1612              		.loc 10 493 5 view .LVU429
 494:project006.cpp **** 
 1613              		.loc 10 494 5 view .LVU430
 497:project006.cpp ****     send_pots(g_pots[0], g_pots[1], g_pots[2], g_pots[3]);
 1614              		.loc 10 497 5 view .LVU431
 1615              	.LBB596:
 1616              	.LBI591:
 112:project006.cpp **** {
 1617              		.loc 10 112 13 view .LVU432
 1618              	.LBB595:
 114:project006.cpp ****     std::snprintf(buf, sizeof(buf), "E,%d\n", fx);
 1619              		.loc 10 114 5 view .LVU433
 115:project006.cpp ****     uart_send(buf);
 1620              		.loc 10 115 5 view .LVU434
 115:project006.cpp ****     uart_send(buf);
 1621              		.loc 10 115 18 is_stmt 0 view .LVU435
 1622 0140 2EA8     		add	r0, sp, #184
 1623              	.LVL102:
ARM GAS  C:\Users\aydan\AppData\Local\Temp\ccPU8E4p.s 			page 59


 115:project006.cpp ****     uart_send(buf);
 1624              		.loc 10 115 18 view .LVU436
 1625 0142 FFF7FEFF 		bl	snprintf
 1626              	.LVL103:
 116:project006.cpp **** }
 1627              		.loc 10 116 5 is_stmt 1 view .LVU437
 1628              	.LBB593:
 1629              	.LBI593:
 107:project006.cpp **** {
 1630              		.loc 10 107 13 view .LVU438
 1631              	.LBB594:
 109:project006.cpp **** }
 1632              		.loc 10 109 5 view .LVU439
 109:project006.cpp **** }
 1633              		.loc 10 109 26 is_stmt 0 view .LVU440
 1634 0146 2EA8     		add	r0, sp, #184
 1635              	.LVL104:
 109:project006.cpp **** }
 1636              		.loc 10 109 26 view .LVU441
 1637 0148 FFF7FEFF 		bl	strlen
 1638              	.LVL105:
 109:project006.cpp **** }
 1639              		.loc 10 109 26 view .LVU442
 1640 014c 4FF47A73 		mov	r3, #1000
 1641 0150 0246     		mov	r2, r0
 1642 0152 2EA9     		add	r1, sp, #184
 1643              	.LVL106:
 109:project006.cpp **** }
 1644              		.loc 10 109 26 view .LVU443
 1645 0154 7848     		ldr	r0, .L188+24
 1646 0156 FFF7FEFF 		bl	_ZN5daisy11UartHandler16BlockingTransmitEPhjm
 1647              	.LVL107:
 109:project006.cpp **** }
 1648              		.loc 10 109 26 view .LVU444
 1649              	.LBE594:
 1650              	.LBE593:
 1651              	.LBE595:
 1652              	.LBE596:
 1653              		.loc 10 498 5 is_stmt 1 view .LVU445
 1654              		.loc 10 498 23 is_stmt 0 view .LVU446
 1655 015a 96ED004A 		vldr.32	s8, [r6]
 1656              		.loc 10 498 34 view .LVU447
 1657 015e 96ED016A 		vldr.32	s12, [r6, #4]
 1658              	.LBB597:
 1659              	.LBB598:
 122:project006.cpp ****     uart_send(buf);
 1660              		.loc 10 122 18 view .LVU448
 1661 0162 6021     		movs	r1, #96
 1662              	.LBE598:
 1663              	.LBE597:
 1664              		.loc 10 498 45 view .LVU449
 1665 0164 96ED025A 		vldr.32	s10, [r6, #8]
 1666              	.LBB604:
 1667              	.LBB601:
 122:project006.cpp ****     uart_send(buf);
 1668              		.loc 10 122 18 view .LVU450
 1669 0168 B7EEC44A 		vcvt.f64.f32	d4, s8
ARM GAS  C:\Users\aydan\AppData\Local\Temp\ccPU8E4p.s 			page 60


 1670              	.LBE601:
 1671              	.LBE604:
 1672              		.loc 10 498 56 view .LVU451
 1673 016c 96ED037A 		vldr.32	s14, [r6, #12]
 1674              	.LVL108:
 1675              	.LBB605:
 1676              	.LBI597:
 119:project006.cpp **** {
 1677              		.loc 10 119 13 is_stmt 1 view .LVU452
 1678              	.LBB602:
 121:project006.cpp ****     std::snprintf(buf, sizeof(buf), "P,%.4f,%.4f,%.4f,%.4f\n", p0, p1, p2, p3);
 1679              		.loc 10 121 5 view .LVU453
 122:project006.cpp ****     uart_send(buf);
 1680              		.loc 10 122 5 view .LVU454
 122:project006.cpp ****     uart_send(buf);
 1681              		.loc 10 122 18 is_stmt 0 view .LVU455
 1682 0170 B7EEC66A 		vcvt.f64.f32	d6, s12
 1683              	.LVL109:
 122:project006.cpp ****     uart_send(buf);
 1684              		.loc 10 122 18 view .LVU456
 1685 0174 B7EEC55A 		vcvt.f64.f32	d5, s10
 1686              	.LVL110:
 122:project006.cpp ****     uart_send(buf);
 1687              		.loc 10 122 18 view .LVU457
 1688 0178 7E4A     		ldr	r2, .L188+84
 1689 017a B7EEC77A 		vcvt.f64.f32	d7, s14
 1690              	.LVL111:
 122:project006.cpp ****     uart_send(buf);
 1691              		.loc 10 122 18 view .LVU458
 1692 017e 2EA8     		add	r0, sp, #184
 1693              	.LBE602:
 1694              	.LBE605:
 486:project006.cpp ****     auto  lpf = [](float y, float x, float a) { return y + a * (x - y); };
 1695              		.loc 10 486 11 view .LVU459
 1696 0180 9FED7D8A 		vldr.32	s16, .L188+88
 490:project006.cpp **** 
 1697              		.loc 10 490 11 view .LVU460
 1698 0184 DFED7D8A 		vldr.32	s17, .L188+92
 486:project006.cpp ****     auto  lpf = [](float y, float x, float a) { return y + a * (x - y); };
 1699              		.loc 10 486 11 view .LVU461
 1700 0188 F0EE489A 		vmov.f32	s19, s16
 1701 018c DFF81482 		ldr	r8, .L188+132
 1702 0190 B0EE489A 		vmov.f32	s18, s16
 1703              	.LBB606:
 1704              	.LBB603:
 122:project006.cpp ****     uart_send(buf);
 1705              		.loc 10 122 18 view .LVU462
 1706 0194 8DED004B 		vstr.64	d4, [sp]
 1707 0198 8DED045B 		vstr.64	d5, [sp, #16]
 1708 019c 8DED026B 		vstr.64	d6, [sp, #8]
 1709 01a0 8DED067B 		vstr.64	d7, [sp, #24]
 1710 01a4 FFF7FEFF 		bl	snprintf
 1711              	.LVL112:
 123:project006.cpp **** }
 1712              		.loc 10 123 5 is_stmt 1 view .LVU463
 1713              	.LBB599:
 1714              	.LBI599:
ARM GAS  C:\Users\aydan\AppData\Local\Temp\ccPU8E4p.s 			page 61


 107:project006.cpp **** {
 1715              		.loc 10 107 13 view .LVU464
 1716              	.LBB600:
 109:project006.cpp **** }
 1717              		.loc 10 109 5 view .LVU465
 109:project006.cpp **** }
 1718              		.loc 10 109 26 is_stmt 0 view .LVU466
 1719 01a8 2EA8     		add	r0, sp, #184
 1720              	.LVL113:
 109:project006.cpp **** }
 1721              		.loc 10 109 26 view .LVU467
 1722 01aa FFF7FEFF 		bl	strlen
 1723              	.LVL114:
 109:project006.cpp **** }
 1724              		.loc 10 109 26 view .LVU468
 1725 01ae 4FF47A73 		mov	r3, #1000
 1726 01b2 0246     		mov	r2, r0
 1727 01b4 2EA9     		add	r1, sp, #184
 1728              	.LVL115:
 109:project006.cpp **** }
 1729              		.loc 10 109 26 view .LVU469
 1730 01b6 6048     		ldr	r0, .L188+24
 1731 01b8 FFF7FEFF 		bl	_ZN5daisy11UartHandler16BlockingTransmitEPhjm
 1732              	.LVL116:
 109:project006.cpp **** }
 1733              		.loc 10 109 26 view .LVU470
 1734              	.LBE600:
 1735              	.LBE599:
 1736              	.LBE603:
 1737              	.LBE606:
 499:project006.cpp ****     send_footswitch(false, "released", 0);
 1738              		.loc 10 499 5 is_stmt 1 view .LVU471
 1739              	.LBB607:
 1740              	.LBI607:
 126:project006.cpp **** {
 1741              		.loc 10 126 13 view .LVU472
 1742              	.LBB608:
 128:project006.cpp ****     std::snprintf(buf, sizeof(buf), "S,%d,%s,%d\n", down ? 1 : 0, edge, press_count);
 1743              		.loc 10 128 5 view .LVU473
 129:project006.cpp ****     uart_send(buf);
 1744              		.loc 10 129 5 view .LVU474
 129:project006.cpp ****     uart_send(buf);
 1745              		.loc 10 129 18 is_stmt 0 view .LVU475
 1746 01bc 704B     		ldr	r3, .L188+96
 1747 01be 714A     		ldr	r2, .L188+100
 1748 01c0 6021     		movs	r1, #96
 1749 01c2 0194     		str	r4, [sp, #4]
 1750 01c4 2EA8     		add	r0, sp, #184
 1751 01c6 0093     		str	r3, [sp]
 1752 01c8 2346     		mov	r3, r4
 1753 01ca FFF7FEFF 		bl	snprintf
 1754              	.LVL117:
 130:project006.cpp **** }
 1755              		.loc 10 130 5 is_stmt 1 view .LVU476
 1756              	.LBB609:
 1757              	.LBI609:
 107:project006.cpp **** {
ARM GAS  C:\Users\aydan\AppData\Local\Temp\ccPU8E4p.s 			page 62


 1758              		.loc 10 107 13 view .LVU477
 1759              	.LBB610:
 109:project006.cpp **** }
 1760              		.loc 10 109 5 view .LVU478
 109:project006.cpp **** }
 1761              		.loc 10 109 26 is_stmt 0 view .LVU479
 1762 01ce 2EA8     		add	r0, sp, #184
 1763              	.LVL118:
 109:project006.cpp **** }
 1764              		.loc 10 109 26 view .LVU480
 1765 01d0 FFF7FEFF 		bl	strlen
 1766              	.LVL119:
 109:project006.cpp **** }
 1767              		.loc 10 109 26 view .LVU481
 1768 01d4 4FF47A73 		mov	r3, #1000
 1769 01d8 0246     		mov	r2, r0
 1770 01da 2EA9     		add	r1, sp, #184
 1771              	.LVL120:
 109:project006.cpp **** }
 1772              		.loc 10 109 26 view .LVU482
 1773 01dc 5648     		ldr	r0, .L188+24
 1774 01de FFF7FEFF 		bl	_ZN5daisy11UartHandler16BlockingTransmitEPhjm
 1775              	.LVL121:
 109:project006.cpp **** }
 1776              		.loc 10 109 26 view .LVU483
 1777              	.LBE610:
 1778              	.LBE609:
 1779              	.LBE608:
 1780              	.LBE607:
 500:project006.cpp ****     send_tuner(false, 110.0f, "A2", 0.0f, 0.0f);
 1781              		.loc 10 500 5 is_stmt 1 view .LVU484
 1782              	.LBB611:
 1783              	.LBI611:
 133:project006.cpp **** {
 1784              		.loc 10 133 13 view .LVU485
 1785              	.LBB612:
 135:project006.cpp ****     std::snprintf(buf, sizeof(buf), "T,%d,%.3f,%s,%.2f,%.3f\n",
 1786              		.loc 10 135 5 view .LVU486
 136:project006.cpp ****                   valid ? 1 : 0, freq_hz, note, cents, conf);
 1787              		.loc 10 136 5 view .LVU487
 136:project006.cpp ****                   valid ? 1 : 0, freq_hz, note, cents, conf);
 1788              		.loc 10 136 18 is_stmt 0 view .LVU488
 1789 01e2 694B     		ldr	r3, .L188+104
 1790 01e4 694A     		ldr	r2, .L188+108
 1791 01e6 8021     		movs	r1, #128
 1792 01e8 0293     		str	r3, [sp, #8]
 1793 01ea 2EA8     		add	r0, sp, #184
 1794 01ec 2346     		mov	r3, r4
 1795              	.LBE612:
 1796              	.LBE611:
 494:project006.cpp **** 
 1797              		.loc 10 494 14 view .LVU489
 1798 01ee 0C94     		str	r4, [sp, #48]
 483:project006.cpp **** 
 1799              		.loc 10 483 14 view .LVU490
 1800 01f0 0D95     		str	r5, [sp, #52]
 1801 01f2 5C4D     		ldr	r5, .L188+68
ARM GAS  C:\Users\aydan\AppData\Local\Temp\ccPU8E4p.s 			page 63


 1802              	.LBB617:
 1803              	.LBB615:
 136:project006.cpp ****                   valid ? 1 : 0, freq_hz, note, cents, conf);
 1804              		.loc 10 136 18 view .LVU491
 1805 01f4 9FED4A7B 		vldr.64	d7, .L188
 1806              	.LBE615:
 1807              	.LBE617:
 480:project006.cpp ****     int      rot_last_sample = 0;
 1808              		.loc 10 480 14 view .LVU492
 1809 01f8 CDE90944 		strd	r4, r4, [sp, #36]
 1810 01fc 644C     		ldr	r4, .L188+112
 1811              	.LBB618:
 1812              	.LBB616:
 136:project006.cpp ****                   valid ? 1 : 0, freq_hz, note, cents, conf);
 1813              		.loc 10 136 18 view .LVU493
 1814 01fe 8DED067B 		vstr.64	d7, [sp, #24]
 1815 0202 8DED047B 		vstr.64	d7, [sp, #16]
 1816 0206 9FED487B 		vldr.64	d7, .L188+8
 1817 020a 8DED007B 		vstr.64	d7, [sp]
 1818 020e FFF7FEFF 		bl	snprintf
 1819              	.LVL122:
 138:project006.cpp **** }
 1820              		.loc 10 138 5 is_stmt 1 view .LVU494
 1821              	.LBB613:
 1822              	.LBI613:
 107:project006.cpp **** {
 1823              		.loc 10 107 13 view .LVU495
 1824              	.LBB614:
 109:project006.cpp **** }
 1825              		.loc 10 109 5 view .LVU496
 109:project006.cpp **** }
 1826              		.loc 10 109 26 is_stmt 0 view .LVU497
 1827 0212 2EA8     		add	r0, sp, #184
 1828              	.LVL123:
 109:project006.cpp **** }
 1829              		.loc 10 109 26 view .LVU498
 1830 0214 FFF7FEFF 		bl	strlen
 1831              	.LVL124:
 109:project006.cpp **** }
 1832              		.loc 10 109 26 view .LVU499
 1833 0218 4FF47A73 		mov	r3, #1000
 1834 021c 0246     		mov	r2, r0
 1835 021e 2EA9     		add	r1, sp, #184
 1836              	.LVL125:
 109:project006.cpp **** }
 1837              		.loc 10 109 26 view .LVU500
 1838 0220 4548     		ldr	r0, .L188+24
 1839 0222 FFF7FEFF 		bl	_ZN5daisy11UartHandler16BlockingTransmitEPhjm
 1840              	.LVL126:
 109:project006.cpp **** }
 1841              		.loc 10 109 26 view .LVU501
 1842 0226 5B4B     		ldr	r3, .L188+116
 1843 0228 5B00     		lsls	r3, r3, #1
 1844 022a 03F58063 		add	r3, r3, #1024
 1845 022e 0F93     		str	r3, [sp, #60]
 1846              	.LVL127:
 1847              	.L131:
ARM GAS  C:\Users\aydan\AppData\Local\Temp\ccPU8E4p.s 			page 64


 109:project006.cpp **** }
 1848              		.loc 10 109 26 view .LVU502
 1849              	.LBE614:
 1850              	.LBE613:
 1851              	.LBE616:
 1852              	.LBE618:
 501:project006.cpp **** 
 502:project006.cpp ****     while(1)
 1853              		.loc 10 502 5 is_stmt 1 view .LVU503
 1854              	.LBB619:
 503:project006.cpp ****     {
 504:project006.cpp ****         uint32_t now = System::GetNow();
 1855              		.loc 10 504 9 view .LVU504
 1856              		.loc 10 504 38 is_stmt 0 view .LVU505
 1857 0230 FFF7FEFF 		bl	_ZN5daisy6System6GetNowEv
 1858              	.LVL128:
 1859 0234 414F     		ldr	r7, .L188+28
 1860 0236 8246     		mov	r10, r0
 1861              	.LVL129:
 505:project006.cpp **** 
 506:project006.cpp ****         // ----------------------------
 507:project006.cpp ****         // Rotary -> effect select (debounced)
 508:project006.cpp ****         // ----------------------------
 509:project006.cpp ****         int sample = ReadRotaryRaw();
 1862              		.loc 10 509 9 is_stmt 1 view .LVU506
 1863              	.LBB620:
 1864              	.LBI620:
  84:project006.cpp **** {
 1865              		.loc 10 84 12 view .LVU507
 1866              	.LBE620:
 1867              	.LBE619:
  87:project006.cpp ****         if(!rot[i].Read())
 1868              		.loc 10 87 5 view .LVU508
 1869              	.LBB806:
 1870              	.LBB625:
 1871              	.LBB621:
  87:project006.cpp ****         if(!rot[i].Read())
 1872              		.loc 10 87 22 view .LVU509
  87:project006.cpp ****         if(!rot[i].Read())
 1873              		.loc 10 87 13 is_stmt 0 view .LVU510
 1874 0238 4FF0000B 		mov	fp, #0
 1875              	.LVL130:
 1876              	.L92:
  88:project006.cpp ****             return i + 1; // 1..6
 1877              		.loc 10 88 9 is_stmt 1 view .LVU511
  88:project006.cpp ****             return i + 1; // 1..6
 1878              		.loc 10 88 24 is_stmt 0 view .LVU512
 1879 023c 3846     		mov	r0, r7
  89:project006.cpp ****     return 0; // can happen briefly while rotating
 1880              		.loc 10 89 24 view .LVU513
 1881 023e 0BF1010B 		add	fp, fp, #1
 1882              	.LVL131:
  87:project006.cpp ****         if(!rot[i].Read())
 1883              		.loc 10 87 22 view .LVU514
 1884 0242 1437     		adds	r7, r7, #20
  88:project006.cpp ****             return i + 1; // 1..6
 1885              		.loc 10 88 24 view .LVU515
ARM GAS  C:\Users\aydan\AppData\Local\Temp\ccPU8E4p.s 			page 65


 1886 0244 FFF7FEFF 		bl	_ZN5daisy4GPIO4ReadEv
 1887              	.LVL132:
  87:project006.cpp ****         if(!rot[i].Read())
 1888              		.loc 10 87 5 is_stmt 1 view .LVU516
  88:project006.cpp ****             return i + 1; // 1..6
 1889              		.loc 10 88 9 is_stmt 0 view .LVU517
 1890 0248 0028     		cmp	r0, #0
 1891 024a 00F0CA82 		beq	.L181
 1892              	.LVL133:
  87:project006.cpp ****         if(!rot[i].Read())
 1893              		.loc 10 87 22 is_stmt 1 view .LVU518
 1894 024e BBF1060F 		cmp	fp, #6
 1895 0252 F3D1     		bne	.L92
 1896              	.LVL134:
 1897              	.L178:
  87:project006.cpp ****         if(!rot[i].Read())
 1898              		.loc 10 87 22 is_stmt 0 view .LVU519
 1899              	.LBE621:
 1900              	.LBE625:
 510:project006.cpp ****         if(sample != 0)
 511:project006.cpp ****         {
 512:project006.cpp ****             if(sample != rot_last_sample)
 513:project006.cpp ****             {
 514:project006.cpp ****                 rot_last_sample = sample;
 515:project006.cpp ****                 rot_last_change = now;
 516:project006.cpp ****             }
 517:project006.cpp **** 
 518:project006.cpp ****             if(sample != rot_stable && (now - rot_last_change) >= 20)
 519:project006.cpp ****                 rot_stable = sample;
 520:project006.cpp **** 
 521:project006.cpp ****             int mapped;
 522:project006.cpp ****             if(rot_stable != 0 && RotaryPosToFx(rot_stable, mapped))
 523:project006.cpp ****                 g_fx = mapped;
 524:project006.cpp ****         }
 525:project006.cpp **** 
 526:project006.cpp ****         // LED debug: on when rotary position 1
 527:project006.cpp ****         hw.SetLed(rot_stable == 1);
 1901              		.loc 10 527 18 view .LVU520
 1902 0254 099B     		ldr	r3, [sp, #36]
 1903 0256 A3F10100 		sub	r0, r3, #1
 1904 025a B0FA80F0 		clz	r0, r0
 1905 025e 4009     		lsrs	r0, r0, #5
 1906              	.L93:
 1907              		.loc 10 527 9 is_stmt 1 view .LVU521
 1908              		.loc 10 527 18 is_stmt 0 view .LVU522
 1909 0260 0146     		mov	r1, r0
 1910 0262 3348     		ldr	r0, .L188+16
 1911 0264 FFF7FEFF 		bl	_ZN5daisy9DaisySeed6SetLedEb
 1912              	.LVL135:
 528:project006.cpp **** 
 529:project006.cpp ****         // Send effect on change
 530:project006.cpp ****         if((int)g_fx != last_sent_fx)
 1913              		.loc 10 530 9 is_stmt 1 view .LVU523
 1914              		.loc 10 530 12 is_stmt 0 view .LVU524
 1915 0268 D9F80030 		ldr	r3, [r9]
 1916              		.loc 10 530 9 view .LVU525
 1917 026c 0D9A     		ldr	r2, [sp, #52]
ARM GAS  C:\Users\aydan\AppData\Local\Temp\ccPU8E4p.s 			page 66


 1918 026e 9342     		cmp	r3, r2
 1919 0270 18D0     		beq	.L95
 531:project006.cpp ****         {
 532:project006.cpp ****             last_sent_fx = (int)g_fx;
 1920              		.loc 10 532 13 is_stmt 1 view .LVU526
 1921              		.loc 10 532 26 is_stmt 0 view .LVU527
 1922 0272 D9F80030 		ldr	r3, [r9]
 1923              	.LVL136:
 1924              	.LBB626:
 1925              	.LBB627:
 115:project006.cpp ****     uart_send(buf);
 1926              		.loc 10 115 18 view .LVU528
 1927 0276 2021     		movs	r1, #32
 1928 0278 3D4A     		ldr	r2, .L188+80
 1929 027a 2EA8     		add	r0, sp, #184
 1930              	.LBE627:
 1931              	.LBE626:
 1932              		.loc 10 532 26 view .LVU529
 1933 027c 1F46     		mov	r7, r3
 1934 027e 0D93     		str	r3, [sp, #52]
 1935              	.LVL137:
 533:project006.cpp ****             send_effect(last_sent_fx);
 1936              		.loc 10 533 13 is_stmt 1 view .LVU530
 1937              	.LBB631:
 1938              	.LBI626:
 112:project006.cpp **** {
 1939              		.loc 10 112 13 view .LVU531
 1940              	.LBB630:
 114:project006.cpp ****     std::snprintf(buf, sizeof(buf), "E,%d\n", fx);
 1941              		.loc 10 114 5 view .LVU532
 115:project006.cpp ****     uart_send(buf);
 1942              		.loc 10 115 5 view .LVU533
 115:project006.cpp ****     uart_send(buf);
 1943              		.loc 10 115 18 is_stmt 0 view .LVU534
 1944 0280 FFF7FEFF 		bl	snprintf
 1945              	.LVL138:
 116:project006.cpp **** }
 1946              		.loc 10 116 5 is_stmt 1 view .LVU535
 1947              	.LBB628:
 1948              	.LBI628:
 107:project006.cpp **** {
 1949              		.loc 10 107 13 view .LVU536
 1950              	.LBB629:
 109:project006.cpp **** }
 1951              		.loc 10 109 5 view .LVU537
 109:project006.cpp **** }
 1952              		.loc 10 109 26 is_stmt 0 view .LVU538
 1953 0284 2EA8     		add	r0, sp, #184
 1954              	.LVL139:
 109:project006.cpp **** }
 1955              		.loc 10 109 26 view .LVU539
 1956 0286 FFF7FEFF 		bl	strlen
 1957              	.LVL140:
 109:project006.cpp **** }
 1958              		.loc 10 109 26 view .LVU540
 1959 028a 2EA9     		add	r1, sp, #184
 1960              	.LVL141:
ARM GAS  C:\Users\aydan\AppData\Local\Temp\ccPU8E4p.s 			page 67


 109:project006.cpp **** }
 1961              		.loc 10 109 26 view .LVU541
 1962 028c 0246     		mov	r2, r0
 1963 028e 4FF47A73 		mov	r3, #1000
 1964 0292 2948     		ldr	r0, .L188+24
 1965 0294 FFF7FEFF 		bl	_ZN5daisy11UartHandler16BlockingTransmitEPhjm
 1966              	.LVL142:
 109:project006.cpp **** }
 1967              		.loc 10 109 26 view .LVU542
 1968              	.LBE629:
 1969              	.LBE628:
 1970              	.LBE630:
 1971              	.LBE631:
 534:project006.cpp **** 
 535:project006.cpp ****             // Reset bypass when switching effects
 536:project006.cpp ****             g_bypass = false;
 1972              		.loc 10 536 13 is_stmt 1 view .LVU543
 1973              		.loc 10 536 22 is_stmt 0 view .LVU544
 1974 0298 0021     		movs	r1, #0
 1975 029a 3F4A     		ldr	r2, .L188+120
 537:project006.cpp **** 
 538:project006.cpp ****             // Entering granular: capture fresh buffer then play
 539:project006.cpp ****             if(last_sent_fx == FX_GRANULAR)
 1976              		.loc 10 539 13 view .LVU545
 1977 029c 022F     		cmp	r7, #2
 536:project006.cpp **** 
 1978              		.loc 10 536 22 view .LVU546
 1979 029e 1170     		strb	r1, [r2]
 1980              		.loc 10 539 13 is_stmt 1 view .LVU547
 1981 02a0 00F05583 		beq	.L182
 1982              	.LVL143:
 1983              	.L95:
 540:project006.cpp ****                 StartGranularCapture();
 541:project006.cpp ****         }
 542:project006.cpp **** 
 543:project006.cpp ****         // ----------------------------
 544:project006.cpp ****         // Pots (3 phys + placeholder)
 545:project006.cpp ****         // ----------------------------
 546:project006.cpp ****         float p0 = hw.adc.GetFloat(0);
 1984              		.loc 10 546 9 view .LVU548
 1985              		.loc 10 546 35 is_stmt 0 view .LVU549
 1986 02a4 0021     		movs	r1, #0
 1987 02a6 2948     		ldr	r0, .L188+44
 1988 02a8 FFF7FEFF 		bl	_ZNK5daisy9AdcHandle8GetFloatEh
 1989              	.LVL144:
 1990 02ac F0EE40AA 		vmov.f32	s21, s0
 1991              	.LVL145:
 547:project006.cpp ****         float p1 = hw.adc.GetFloat(1);
 1992              		.loc 10 547 9 is_stmt 1 view .LVU550
 1993              		.loc 10 547 35 is_stmt 0 view .LVU551
 1994 02b0 0121     		movs	r1, #1
 1995 02b2 2648     		ldr	r0, .L188+44
 1996 02b4 FFF7FEFF 		bl	_ZNK5daisy9AdcHandle8GetFloatEh
 1997              	.LVL146:
 548:project006.cpp ****         float p2 = hw.adc.GetFloat(2);
 1998              		.loc 10 548 35 view .LVU552
 1999 02b8 0221     		movs	r1, #2
ARM GAS  C:\Users\aydan\AppData\Local\Temp\ccPU8E4p.s 			page 68


 2000 02ba 2448     		ldr	r0, .L188+44
 547:project006.cpp ****         float p1 = hw.adc.GetFloat(1);
 2001              		.loc 10 547 35 view .LVU553
 2002 02bc B0EE40AA 		vmov.f32	s20, s0
 2003              	.LVL147:
 2004              		.loc 10 548 9 is_stmt 1 view .LVU554
 2005              		.loc 10 548 35 is_stmt 0 view .LVU555
 2006 02c0 FFF7FEFF 		bl	_ZNK5daisy9AdcHandle8GetFloatEh
 2007              	.LVL148:
 549:project006.cpp **** 
 550:project006.cpp ****         pot_filt[0] = lpf(pot_filt[0], p0, 0.08f);
 2008              		.loc 10 550 9 is_stmt 1 view .LVU556
 2009              	.LBB632:
 2010              	.LBI632:
 487:project006.cpp **** 
 2011              		.loc 10 487 17 view .LVU557
 2012              	.LBB633:
 487:project006.cpp **** 
 2013              		.loc 10 487 49 view .LVU558
 487:project006.cpp **** 
 2014              		.loc 10 487 67 is_stmt 0 view .LVU559
 2015 02c4 7AEEC9AA 		vsub.f32	s21, s21, s18
 2016              	.LVL149:
 487:project006.cpp **** 
 2017              		.loc 10 487 70 view .LVU560
 2018 02c8 DFED347A 		vldr.32	s15, .L188+124
 2019              	.LBE633:
 2020              	.LBE632:
 2021              	.LBB635:
 2022              	.LBB636:
 487:project006.cpp **** 
 2023              		.loc 10 487 67 view .LVU561
 2024 02cc 30EE480A 		vsub.f32	s0, s0, s16
 2025              	.LVL150:
 487:project006.cpp **** 
 2026              		.loc 10 487 67 view .LVU562
 2027              	.LBE636:
 2028              	.LBE635:
 2029              	.LBB639:
 2030              	.LBB640:
 2031 02d0 3AEE69AA 		vsub.f32	s20, s20, s19
 2032              	.LVL151:
 487:project006.cpp **** 
 2033              		.loc 10 487 67 view .LVU563
 2034              	.LBE640:
 2035              	.LBE639:
 2036              	.LBB643:
 2037              	.LBB634:
 487:project006.cpp **** 
 2038              		.loc 10 487 70 view .LVU564
 2039 02d4 AAEEA79A 		vfma.f32	s18, s21, s15
 2040              	.LVL152:
 487:project006.cpp **** 
 2041              		.loc 10 487 70 view .LVU565
 2042              	.LBE634:
 2043              	.LBE643:
 551:project006.cpp ****         pot_filt[1] = lpf(pot_filt[1], p1, 0.08f);
ARM GAS  C:\Users\aydan\AppData\Local\Temp\ccPU8E4p.s 			page 69


 2044              		.loc 10 551 9 is_stmt 1 view .LVU566
 2045              	.LBB644:
 2046              	.LBI639:
 487:project006.cpp **** 
 2047              		.loc 10 487 17 view .LVU567
 2048              	.LBB641:
 487:project006.cpp **** 
 2049              		.loc 10 487 49 view .LVU568
 2050              	.LBE641:
 2051              	.LBE644:
 2052              	.LBB645:
 2053              	.LBB637:
 487:project006.cpp **** 
 2054              		.loc 10 487 70 is_stmt 0 view .LVU569
 2055 02d8 A0EE278A 		vfma.f32	s16, s0, s15
 2056              	.LVL153:
 487:project006.cpp **** 
 2057              		.loc 10 487 70 view .LVU570
 2058              	.LBE637:
 2059              	.LBE645:
 2060              	.LBB646:
 2061              	.LBB642:
 2062 02dc EAEE279A 		vfma.f32	s19, s20, s15
 2063              	.LVL154:
 487:project006.cpp **** 
 2064              		.loc 10 487 70 view .LVU571
 2065              	.LBE642:
 2066              	.LBE646:
 552:project006.cpp ****         pot_filt[2] = lpf(pot_filt[2], p2, 0.08f);
 2067              		.loc 10 552 9 is_stmt 1 view .LVU572
 2068              	.LBB647:
 2069              	.LBI635:
 487:project006.cpp **** 
 2070              		.loc 10 487 17 view .LVU573
 2071              	.LBB638:
 487:project006.cpp **** 
 2072              		.loc 10 487 49 view .LVU574
 487:project006.cpp **** 
 2073              		.loc 10 487 49 is_stmt 0 view .LVU575
 2074              	.LBE638:
 2075              	.LBE647:
 553:project006.cpp **** 
 554:project006.cpp ****         g_pots[0] = clampf(pot_filt[0], 0.0f, 1.0f);
 2076              		.loc 10 554 9 is_stmt 1 view .LVU576
 2077              	.LBB648:
 2078              	.LBI648:
  69:project006.cpp **** {
 2079              		.loc 10 69 21 view .LVU577
 2080              	.LBB649:
  71:project006.cpp **** }
 2081              		.loc 10 71 5 view .LVU578
  71:project006.cpp **** }
 2082              		.loc 10 71 21 is_stmt 0 view .LVU579
 2083 02e0 B5EEC09A 		vcmpe.f32	s18, #0
 2084 02e4 F1EE10FA 		vmrs	APSR_nzcv, FPSCR
 2085 02e8 00F17882 		bmi	.L137
  71:project006.cpp **** }
ARM GAS  C:\Users\aydan\AppData\Local\Temp\ccPU8E4p.s 			page 70


 2086              		.loc 10 71 37 view .LVU580
 2087 02ec F7EE007A 		vmov.f32	s15, #1.0e+0
 2088 02f0 B4EEE79A 		vcmpe.f32	s18, s15
 2089 02f4 F1EE10FA 		vmrs	APSR_nzcv, FPSCR
 2090 02f8 77FE897A 		vselgt.f32	s15, s15, s18
 2091              	.L96:
 2092              	.LVL155:
  71:project006.cpp **** }
 2093              		.loc 10 71 37 view .LVU581
 2094              	.LBE649:
 2095              	.LBE648:
 2096              	.LBB651:
 2097              	.LBB652:
  71:project006.cpp **** }
 2098              		.loc 10 71 21 view .LVU582
 2099 02fc F5EEC09A 		vcmpe.f32	s19, #0
 2100              	.LBE652:
 2101              	.LBE651:
 2102              		.loc 10 554 19 view .LVU583
 2103 0300 C6ED007A 		vstr.32	s15, [r6]
 555:project006.cpp ****         g_pots[1] = clampf(pot_filt[1], 0.0f, 1.0f);
 2104              		.loc 10 555 9 is_stmt 1 view .LVU584
 2105              	.LVL156:
 2106              	.LBB655:
 2107              	.LBI651:
  69:project006.cpp **** {
 2108              		.loc 10 69 21 view .LVU585
 2109              	.LBB653:
  71:project006.cpp **** }
 2110              		.loc 10 71 5 view .LVU586
  71:project006.cpp **** }
 2111              		.loc 10 71 21 is_stmt 0 view .LVU587
 2112 0304 F1EE10FA 		vmrs	APSR_nzcv, FPSCR
 2113 0308 00F16582 		bmi	.L139
  71:project006.cpp **** }
 2114              		.loc 10 71 37 view .LVU588
 2115 030c F7EE007A 		vmov.f32	s15, #1.0e+0
 2116 0310 F4EEE79A 		vcmpe.f32	s19, s15
 2117 0314 F1EE10FA 		vmrs	APSR_nzcv, FPSCR
 2118 0318 77FEA97A 		vselgt.f32	s15, s15, s19
 2119 031c 44E0     		b	.L189
 2120              	.L190:
 2121 031e 00BF     		.align	3
 2122              	.L188:
 2123 0320 00000000 		.word	0
 2124 0324 00000000 		.word	0
 2125 0328 00000000 		.word	0
 2126 032c 00805B40 		.word	1079738368
 2127 0330 00000000 		.word	.LANCHOR8
 2128 0334 01060107 		.word	117507585
 2129 0338 00000000 		.word	.LANCHOR9
 2130 033c 00000000 		.word	.LANCHOR10
 2131 0340 00000000 		.word	.LANCHOR11
 2132 0344 00000000 		.word	.LANCHOR12
 2133 0348 00000000 		.word	.LANCHOR13
 2134 034c 18000000 		.word	.LANCHOR8+24
 2135 0350 00000000 		.word	chorus
ARM GAS  C:\Users\aydan\AppData\Local\Temp\ccPU8E4p.s 			page 71


 2136 0354 00000000 		.word	.LANCHOR3
 2137 0358 00EE0200 		.word	192000
 2138 035c 00000000 		.word	gran_buf
 2139 0360 00000000 		.word	.LANCHOR7
 2140 0364 00000000 		.word	_ZL10pitch_ring
 2141 0368 00000000 		.word	_ZL13AudioCallbackPKPKfPPfj
 2142 036c 00000000 		.word	.LANCHOR1
 2143 0370 00000000 		.word	.LC4
 2144 0374 08000000 		.word	.LC5
 2145 0378 00000000 		.word	0
 2146 037c 0000DC42 		.word	1121714176
 2147 0380 2C000000 		.word	.LC7
 2148 0384 20000000 		.word	.LC6
 2149 0388 50000000 		.word	.LC9
 2150 038c 38000000 		.word	.LC8
 2151 0390 00100000 		.word	_ZZ4mainE3win+4096
 2152 0394 00000000 		.word	.LANCHOR14
 2153 0398 00000000 		.word	.LANCHOR2
 2154 039c 0AD7A33D 		.word	1034147594
 2155 03a0 00000000 		.word	.LANCHOR0
 2156 03a4 00000000 		.word	.LANCHOR15
 2157              	.L189:
 2158              	.L97:
 2159              	.LVL157:
  71:project006.cpp **** }
 2160              		.loc 10 71 37 view .LVU589
 2161              	.LBE653:
 2162              	.LBE655:
 2163              	.LBB656:
 2164              	.LBB657:
  71:project006.cpp **** }
 2165              		.loc 10 71 21 view .LVU590
 2166 03a8 B5EEC08A 		vcmpe.f32	s16, #0
 2167              	.LBE657:
 2168              	.LBE656:
 2169              		.loc 10 555 19 view .LVU591
 2170 03ac C6ED017A 		vstr.32	s15, [r6, #4]
 556:project006.cpp ****         g_pots[2] = clampf(pot_filt[2], 0.0f, 1.0f);
 2171              		.loc 10 556 9 is_stmt 1 view .LVU592
 2172              	.LVL158:
 2173              	.LBB660:
 2174              	.LBI656:
  69:project006.cpp **** {
 2175              		.loc 10 69 21 view .LVU593
 2176              	.LBB658:
  71:project006.cpp **** }
 2177              		.loc 10 71 5 view .LVU594
  71:project006.cpp **** }
 2178              		.loc 10 71 21 is_stmt 0 view .LVU595
 2179 03b0 F1EE10FA 		vmrs	APSR_nzcv, FPSCR
 2180 03b4 00F10C82 		bmi	.L141
  71:project006.cpp **** }
 2181              		.loc 10 71 37 view .LVU596
 2182 03b8 F7EE007A 		vmov.f32	s15, #1.0e+0
 2183 03bc B4EEE78A 		vcmpe.f32	s16, s15
 2184 03c0 F1EE10FA 		vmrs	APSR_nzcv, FPSCR
 2185 03c4 77FE887A 		vselgt.f32	s15, s15, s16
ARM GAS  C:\Users\aydan\AppData\Local\Temp\ccPU8E4p.s 			page 72


 2186              	.L98:
 2187              	.LVL159:
  71:project006.cpp **** }
 2188              		.loc 10 71 37 view .LVU597
 2189              	.LBE658:
 2190              	.LBE660:
 557:project006.cpp ****         g_pots[3] = kPot3Placeholder;
 2191              		.loc 10 557 19 view .LVU598
 2192 03c8 4FF07C53 		mov	r3, #1056964608
 556:project006.cpp ****         g_pots[3] = kPot3Placeholder;
 2193              		.loc 10 556 19 view .LVU599
 2194 03cc C6ED027A 		vstr.32	s15, [r6, #8]
 2195              		.loc 10 557 9 is_stmt 1 view .LVU600
 2196              		.loc 10 557 19 is_stmt 0 view .LVU601
 2197 03d0 F360     		str	r3, [r6, #12]	@ float
 558:project006.cpp **** 
 559:project006.cpp ****         // Periodically send pots (~25 Hz)
 560:project006.cpp ****         if(now - last_pots_tx >= 40)
 2198              		.loc 10 560 9 is_stmt 1 view .LVU602
 2199              		.loc 10 560 16 is_stmt 0 view .LVU603
 2200 03d2 0E9B     		ldr	r3, [sp, #56]
 2201 03d4 AAEB0303 		sub	r3, r10, r3
 2202              		.loc 10 560 9 view .LVU604
 2203 03d8 272B     		cmp	r3, #39
 2204 03da 00F22E82 		bhi	.L183
 2205              	.L99:
 561:project006.cpp ****         {
 562:project006.cpp ****             last_pots_tx = now;
 563:project006.cpp ****             send_pots(g_pots[0], g_pots[1], g_pots[2], g_pots[3]);
 564:project006.cpp ****         }
 565:project006.cpp **** 
 566:project006.cpp ****         // ----------------------------
 567:project006.cpp ****         // Footswitch debounce + behavior
 568:project006.cpp ****         // ----------------------------
 569:project006.cpp ****         bool foot_sample = foot.Read(); // true=UP, false=DOWN
 2206              		.loc 10 569 9 is_stmt 1 view .LVU605
 2207              		.loc 10 569 37 is_stmt 0 view .LVU606
 2208 03de D348     		ldr	r0, .L191
 2209 03e0 FFF7FEFF 		bl	_ZN5daisy4GPIO4ReadEv
 2210              	.LVL160:
 570:project006.cpp ****         bool changed     = foot_db.Update(foot_sample, now, 15);
 2211              		.loc 10 570 9 is_stmt 1 view .LVU607
 2212              	.LBB661:
 2213              	.LBI661:
 394:project006.cpp ****     {
 2214              		.loc 10 394 10 view .LVU608
 2215              	.LBB662:
 396:project006.cpp ****         {
 2216              		.loc 10 396 9 view .LVU609
 2217 03e4 98F80130 		ldrb	r3, [r8, #1]	@ zero_extendqisi2
 2218 03e8 8342     		cmp	r3, r0
 2219 03ea 00F00882 		beq	.L100
 398:project006.cpp ****             last_change_ms = now_ms;
 2220              		.loc 10 398 13 view .LVU610
 398:project006.cpp ****             last_change_ms = now_ms;
 2221              		.loc 10 398 28 is_stmt 0 view .LVU611
 2222 03ee 88F80100 		strb	r0, [r8, #1]
ARM GAS  C:\Users\aydan\AppData\Local\Temp\ccPU8E4p.s 			page 73


 399:project006.cpp ****         }
 2223              		.loc 10 399 13 is_stmt 1 view .LVU612
 399:project006.cpp ****         }
 2224              		.loc 10 399 28 is_stmt 0 view .LVU613
 2225 03f2 C8F804A0 		str	r10, [r8, #4]
 401:project006.cpp ****         {
 2226              		.loc 10 401 9 is_stmt 1 view .LVU614
 2227              	.LVL161:
 2228              	.L101:
 401:project006.cpp ****         {
 2229              		.loc 10 401 9 is_stmt 0 view .LVU615
 2230              	.LBE662:
 2231              	.LBE661:
 571:project006.cpp **** 
 572:project006.cpp ****         if(changed)
 573:project006.cpp ****         {
 574:project006.cpp ****             bool new_down = (foot_db.stable == false);
 575:project006.cpp **** 
 576:project006.cpp ****             if(new_down && !g_foot_down)
 577:project006.cpp ****             {
 578:project006.cpp ****                 g_foot_down = true;
 579:project006.cpp ****                 g_press_count++;
 580:project006.cpp **** 
 581:project006.cpp ****                 // Behavior:
 582:project006.cpp ****                 // - granular: press re-captures buffer
 583:project006.cpp ****                 // - chorus/overdrive: press toggles bypass
 584:project006.cpp ****                 if((int)g_fx == FX_GRANULAR)
 585:project006.cpp ****                     StartGranularCapture();
 586:project006.cpp ****                 else if((int)g_fx != FX_TUNER)
 587:project006.cpp ****                     g_bypass = !g_bypass;
 588:project006.cpp **** 
 589:project006.cpp ****                 send_footswitch(true, "pressed", g_press_count);
 590:project006.cpp ****             }
 591:project006.cpp ****             else if(!new_down && g_foot_down)
 592:project006.cpp ****             {
 593:project006.cpp ****                 g_foot_down = false;
 594:project006.cpp ****                 send_footswitch(false, "released", g_press_count);
 595:project006.cpp ****             }
 596:project006.cpp ****         }
 597:project006.cpp **** 
 598:project006.cpp ****         // ----------------------------
 599:project006.cpp ****         // Tuner analysis (~10 Hz)
 600:project006.cpp ****         // ----------------------------
 601:project006.cpp ****         if(now - last_tuner_tx >= 100)
 2232              		.loc 10 601 9 is_stmt 1 view .LVU616
 2233              	.LBB664:
 2234              		.loc 10 601 16 is_stmt 0 view .LVU617
 2235 03f6 0C9B     		ldr	r3, [sp, #48]
 2236 03f8 AAEB0303 		sub	r3, r10, r3
 2237              		.loc 10 601 9 view .LVU618
 2238 03fc 632B     		cmp	r3, #99
 2239 03fe 40F2E381 		bls	.L108
 2240              	.LBB665:
 602:project006.cpp ****         {
 603:project006.cpp ****             last_tuner_tx = now;
 2241              		.loc 10 603 13 is_stmt 1 view .LVU619
 2242              	.LVL162:
ARM GAS  C:\Users\aydan\AppData\Local\Temp\ccPU8E4p.s 			page 74


 604:project006.cpp **** 
 605:project006.cpp ****             static float win[kPitchWin];
 2243              		.loc 10 605 13 view .LVU620
 606:project006.cpp ****             int wr = pitch_wr;
 2244              		.loc 10 606 13 view .LVU621
 2245              		.loc 10 606 22 is_stmt 0 view .LVU622
 2246 0402 CB4B     		ldr	r3, .L191+4
 2247 0404 CB4F     		ldr	r7, .L191+8
 2248 0406 1A68     		ldr	r2, [r3]
 2249              	.LVL163:
 607:project006.cpp **** 
 608:project006.cpp ****             for(int i = 0; i < kPitchWin; i++)
 2250              		.loc 10 608 13 is_stmt 1 view .LVU623
 2251              	.LBB666:
 2252              		.loc 10 608 30 view .LVU624
 2253              	.LBB667:
 609:project006.cpp ****             {
 610:project006.cpp ****                 int idx = wr - kPitchWin + i;
 2254              		.loc 10 610 30 is_stmt 0 view .LVU625
 2255 0408 3846     		mov	r0, r7
 2256 040a A2F58062 		sub	r2, r2, #1024
 2257              	.LVL164:
 2258              	.L110:
 2259              		.loc 10 610 17 is_stmt 1 view .LVU626
 611:project006.cpp ****                 while(idx < 0) idx += kPitchRing;
 2260              		.loc 10 611 32 view .LVU627
 2261              		.loc 10 611 17 view .LVU628
 2262              		.loc 10 611 27 view .LVU629
 612:project006.cpp ****                 idx %= kPitchRing;
 2263              		.loc 10 612 17 view .LVU630
 611:project006.cpp ****                 while(idx < 0) idx += kPitchRing;
 2264              		.loc 10 611 36 is_stmt 0 view .LVU631
 2265 040e 6FEA020C 		mvn	ip, r2
 2266 0412 C949     		ldr	r1, .L191+12
 611:project006.cpp ****                 while(idx < 0) idx += kPitchRing;
 2267              		.loc 10 611 27 view .LVU632
 2268 0414 002A     		cmp	r2, #0
 611:project006.cpp ****                 while(idx < 0) idx += kPitchRing;
 2269              		.loc 10 611 36 view .LVU633
 2270 0416 02F5805E 		add	lr, r2, #4096
 2271 041a 0CEA0101 		and	r1, ip, r1
 610:project006.cpp ****                 while(idx < 0) idx += kPitchRing;
 2272              		.loc 10 610 21 view .LVU634
 2273 041e 1346     		mov	r3, r2
 2274              	.LVL165:
 611:project006.cpp ****                 while(idx < 0) idx += kPitchRing;
 2275              		.loc 10 611 17 is_stmt 1 view .LVU635
 611:project006.cpp ****                 while(idx < 0) idx += kPitchRing;
 2276              		.loc 10 611 27 view .LVU636
 2277              	.LBE667:
 608:project006.cpp ****             {
 2278              		.loc 10 608 30 is_stmt 0 view .LVU637
 2279 0420 02F10102 		add	r2, r2, #1
 2280              	.LVL166:
 2281              	.LBB668:
 611:project006.cpp ****                 idx %= kPitchRing;
 2282              		.loc 10 611 36 view .LVU638
ARM GAS  C:\Users\aydan\AppData\Local\Temp\ccPU8E4p.s 			page 75


 2283 0424 B8BF     		it	lt
 2284 0426 01EB0E03 		addlt	r3, r1, lr
 2285              	.LVL167:
 613:project006.cpp ****                 win[i] = pitch_ring[idx];
 2286              		.loc 10 613 17 is_stmt 1 view .LVU639
 612:project006.cpp ****                 win[i] = pitch_ring[idx];
 2287              		.loc 10 612 21 is_stmt 0 view .LVU640
 2288 042a C3F30B03 		ubfx	r3, r3, #0, #12
 2289              	.LVL168:
 2290              		.loc 10 613 40 view .LVU641
 2291 042e 05EB8303 		add	r3, r5, r3, lsl #2
 2292              		.loc 10 613 24 view .LVU642
 2293 0432 1B68     		ldr	r3, [r3]	@ float
 2294 0434 40F8043B 		str	r3, [r0], #4	@ float
 2295              	.LBE668:
 608:project006.cpp ****             {
 2296              		.loc 10 608 13 is_stmt 1 view .LVU643
 608:project006.cpp ****             {
 2297              		.loc 10 608 30 view .LVU644
 2298 0438 A042     		cmp	r0, r4
 2299              	.LVL169:
 608:project006.cpp ****             {
 2300              		.loc 10 608 30 is_stmt 0 view .LVU645
 2301 043a E8D1     		bne	.L110
 2302              	.LBE666:
 614:project006.cpp ****             }
 615:project006.cpp **** 
 616:project006.cpp ****             bool tuner_enabled = ((int)g_fx == FX_TUNER);
 2303              		.loc 10 616 13 is_stmt 1 view .LVU646
 2304              		.loc 10 616 45 is_stmt 0 view .LVU647
 2305 043c D9F80030 		ldr	r3, [r9]
 2306              	.LVL170:
 617:project006.cpp ****             if(tuner_enabled)
 2307              		.loc 10 617 13 is_stmt 1 view .LVU648
 2308              	.LBB669:
 2309 0440 002B     		cmp	r3, #0
 2310 0442 40F02482 		bne	.L111
 2311              	.LBB670:
 618:project006.cpp ****             {
 619:project006.cpp ****                 float sens   = g_pots[0];
 2312              		.loc 10 619 17 view .LVU649
 2313              	.LBB671:
 2314              	.LBB672:
 183:project006.cpp **** 
 2315              		.loc 10 183 17 is_stmt 0 view .LVU650
 2316 0446 DFF860B3 		ldr	fp, .L191+124
 2317              	.LBE672:
 2318              	.LBE671:
 620:project006.cpp ****                 float smooth = g_pots[1];
 621:project006.cpp **** 
 622:project006.cpp ****                 PitchResult pr = estimate_pitch(win, kPitchWin, hw.AudioSampleRate(),
 623:project006.cpp ****                                                sens, smooth, freq_smoother);
 2319              		.loc 10 623 75 view .LVU651
 2320 044a BC48     		ldr	r0, .L191+16
 619:project006.cpp ****                 float smooth = g_pots[1];
 2321              		.loc 10 619 40 view .LVU652
 2322 044c 96ED00AA 		vldr.32	s20, [r6]
ARM GAS  C:\Users\aydan\AppData\Local\Temp\ccPU8E4p.s 			page 76


 2323              	.LVL171:
 620:project006.cpp ****                 float smooth = g_pots[1];
 2324              		.loc 10 620 17 is_stmt 1 view .LVU653
 620:project006.cpp ****                 float smooth = g_pots[1];
 2325              		.loc 10 620 40 is_stmt 0 view .LVU654
 2326 0450 D6ED01AA 		vldr.32	s21, [r6, #4]
 2327              	.LVL172:
 622:project006.cpp ****                                                sens, smooth, freq_smoother);
 2328              		.loc 10 622 17 is_stmt 1 view .LVU655
 2329              		.loc 10 623 75 is_stmt 0 view .LVU656
 2330 0454 FFF7FEFF 		bl	_ZN5daisy9DaisySeed15AudioSampleRateEv
 2331              	.LVL173:
 2332              	.LBB711:
 2333              	.LBB706:
 183:project006.cpp **** 
 2334              		.loc 10 183 17 view .LVU657
 2335 0458 0DF14C0E 		add	lr, sp, #76
 2336              	.LBE706:
 2337              	.LBE711:
 2338              		.loc 10 623 75 view .LVU658
 2339 045c B0EE40BA 		vmov.f32	s22, s0
 2340              	.LVL174:
 2341              	.LBB712:
 2342              	.LBI671:
 179:project006.cpp ****                                   float sens_norm, float smooth_norm,
 2343              		.loc 10 179 20 is_stmt 1 view .LVU659
 2344              	.LBB707:
 183:project006.cpp **** 
 2345              		.loc 10 183 5 view .LVU660
 186:project006.cpp ****     for(int i = 0; i < n; i++) mean += x[i];
 2346              		.loc 10 186 11 is_stmt 0 view .LVU661
 2347 0460 DFEDB77A 		vldr.32	s15, .L191+20
 183:project006.cpp **** 
 2348              		.loc 10 183 17 view .LVU662
 2349 0464 DFF8CCC2 		ldr	ip, .L191+8
 2350 0468 BBE80F00 		ldmia	fp!, {r0, r1, r2, r3}
 2351 046c AEE80F00 		stmia	lr!, {r0, r1, r2, r3}
 2352 0470 9BE80300 		ldm	fp, {r0, r1}
 2353 0474 8EE80300 		stm	lr, {r0, r1}
 186:project006.cpp ****     for(int i = 0; i < n; i++) mean += x[i];
 2354              		.loc 10 186 5 is_stmt 1 view .LVU663
 2355              	.LVL175:
 187:project006.cpp ****     mean /= (float)n;
 2356              		.loc 10 187 5 view .LVU664
 2357              	.LBB673:
 187:project006.cpp ****     mean /= (float)n;
 2358              		.loc 10 187 22 view .LVU665
 2359              	.L112:
 187:project006.cpp ****     mean /= (float)n;
 2360              		.loc 10 187 32 view .LVU666
 187:project006.cpp ****     mean /= (float)n;
 2361              		.loc 10 187 43 is_stmt 0 view .LVU667
 2362 0478 BCEC017A 		vldmia.32	ip!, {s14}
 187:project006.cpp ****     mean /= (float)n;
 2363              		.loc 10 187 22 view .LVU668
 2364 047c A445     		cmp	ip, r4
 187:project006.cpp ****     mean /= (float)n;
ARM GAS  C:\Users\aydan\AppData\Local\Temp\ccPU8E4p.s 			page 77


 2365              		.loc 10 187 37 view .LVU669
 2366 047e 77EE877A 		vadd.f32	s15, s15, s14
 2367              	.LVL176:
 187:project006.cpp ****     mean /= (float)n;
 2368              		.loc 10 187 5 is_stmt 1 view .LVU670
 187:project006.cpp ****     mean /= (float)n;
 2369              		.loc 10 187 22 view .LVU671
 2370 0482 F9D1     		bne	.L112
 2371              	.LBE673:
 188:project006.cpp **** 
 2372              		.loc 10 188 5 view .LVU672
 188:project006.cpp **** 
 2373              		.loc 10 188 10 is_stmt 0 view .LVU673
 2374 0484 9FEDAF7A 		vldr.32	s14, .L191+24
 2375 0488 DFF820B3 		ldr	fp, .L191+128
 2376 048c 27EE877A 		vmul.f32	s14, s15, s14
 2377              	.LVL177:
 190:project006.cpp ****     static float xd[1024];
 2378              		.loc 10 190 5 is_stmt 1 view .LVU674
 191:project006.cpp ****     for(int i = 0; i < n; i++)
 2379              		.loc 10 191 5 view .LVU675
 192:project006.cpp ****     {
 2380              		.loc 10 192 5 view .LVU676
 2381              	.LBB674:
 192:project006.cpp ****     {
 2382              		.loc 10 192 22 view .LVU677
 2383              	.LBE674:
 190:project006.cpp ****     static float xd[1024];
 2384              		.loc 10 190 11 is_stmt 0 view .LVU678
 2385 0490 DFEDAB6A 		vldr.32	s13, .L191+20
 188:project006.cpp **** 
 2386              		.loc 10 188 10 view .LVU679
 2387 0494 5B46     		mov	r3, fp
 2388              	.LVL178:
 2389              	.L113:
 2390              	.LBB675:
 194:project006.cpp ****         e += xd[i] * xd[i];
 2391              		.loc 10 194 9 is_stmt 1 view .LVU680
 194:project006.cpp ****         e += xd[i] * xd[i];
 2392              		.loc 10 194 20 is_stmt 0 view .LVU681
 2393 0496 F7EC017A 		vldmia.32	r7!, {s15}
 194:project006.cpp ****         e += xd[i] * xd[i];
 2394              		.loc 10 194 22 view .LVU682
 2395 049a 77EEC77A 		vsub.f32	s15, s15, s14
 192:project006.cpp ****     {
 2396              		.loc 10 192 22 view .LVU683
 2397 049e BC42     		cmp	r4, r7
 195:project006.cpp ****     }
 2398              		.loc 10 195 11 view .LVU684
 2399 04a0 E7EEA76A 		vfma.f32	s13, s15, s15
 2400              	.LVL179:
 194:project006.cpp ****         e += xd[i] * xd[i];
 2401              		.loc 10 194 15 view .LVU685
 2402 04a4 E3EC017A 		vstmia.32	r3!, {s15}
 195:project006.cpp ****     }
 2403              		.loc 10 195 9 is_stmt 1 view .LVU686
 2404              	.LVL180:
ARM GAS  C:\Users\aydan\AppData\Local\Temp\ccPU8E4p.s 			page 78


 192:project006.cpp ****     {
 2405              		.loc 10 192 5 view .LVU687
 192:project006.cpp ****     {
 2406              		.loc 10 192 22 view .LVU688
 2407 04a8 F5D1     		bne	.L113
 2408              	.LBE675:
 197:project006.cpp ****     if(rms < 0.01f)
 2409              		.loc 10 197 5 view .LVU689
 197:project006.cpp ****     if(rms < 0.01f)
 2410              		.loc 10 197 26 is_stmt 0 view .LVU690
 2411 04aa DFEDA67A 		vldr.32	s15, .L191+24
 2412 04ae 26EEA70A 		vmul.f32	s0, s13, s15
 2413              	.LVL181:
 2414              	.LBB676:
 2415              	.LBI676:
 243:c:\program files\daisytoolchain\arm-none-eabi\include\c++\10.2.1\cmath **** 
 244:c:\program files\daisytoolchain\arm-none-eabi\include\c++\10.2.1\cmath ****   inline _GLIBCXX_CONSTEXPR long double
 245:c:\program files\daisytoolchain\arm-none-eabi\include\c++\10.2.1\cmath ****   fabs(long double __x)
 246:c:\program files\daisytoolchain\arm-none-eabi\include\c++\10.2.1\cmath ****   { return __builtin_fabsl(__x); }
 247:c:\program files\daisytoolchain\arm-none-eabi\include\c++\10.2.1\cmath **** #endif
 248:c:\program files\daisytoolchain\arm-none-eabi\include\c++\10.2.1\cmath **** 
 249:c:\program files\daisytoolchain\arm-none-eabi\include\c++\10.2.1\cmath ****   template<typename _Tp>
 250:c:\program files\daisytoolchain\arm-none-eabi\include\c++\10.2.1\cmath ****     inline _GLIBCXX_CONSTEXPR
 251:c:\program files\daisytoolchain\arm-none-eabi\include\c++\10.2.1\cmath ****     typename __gnu_cxx::__enable_if<__is_integer<_Tp>::__value,
 252:c:\program files\daisytoolchain\arm-none-eabi\include\c++\10.2.1\cmath ****                                     double>::__type
 253:c:\program files\daisytoolchain\arm-none-eabi\include\c++\10.2.1\cmath ****     fabs(_Tp __x)
 254:c:\program files\daisytoolchain\arm-none-eabi\include\c++\10.2.1\cmath ****     { return __builtin_fabs(__x); }
 255:c:\program files\daisytoolchain\arm-none-eabi\include\c++\10.2.1\cmath **** 
 256:c:\program files\daisytoolchain\arm-none-eabi\include\c++\10.2.1\cmath ****   using ::floor;
 257:c:\program files\daisytoolchain\arm-none-eabi\include\c++\10.2.1\cmath **** 
 258:c:\program files\daisytoolchain\arm-none-eabi\include\c++\10.2.1\cmath **** #ifndef __CORRECT_ISO_CPP_MATH_H_PROTO
 259:c:\program files\daisytoolchain\arm-none-eabi\include\c++\10.2.1\cmath ****   inline _GLIBCXX_CONSTEXPR float
 260:c:\program files\daisytoolchain\arm-none-eabi\include\c++\10.2.1\cmath ****   floor(float __x)
 261:c:\program files\daisytoolchain\arm-none-eabi\include\c++\10.2.1\cmath ****   { return __builtin_floorf(__x); }
 262:c:\program files\daisytoolchain\arm-none-eabi\include\c++\10.2.1\cmath **** 
 263:c:\program files\daisytoolchain\arm-none-eabi\include\c++\10.2.1\cmath ****   inline _GLIBCXX_CONSTEXPR long double
 264:c:\program files\daisytoolchain\arm-none-eabi\include\c++\10.2.1\cmath ****   floor(long double __x)
 265:c:\program files\daisytoolchain\arm-none-eabi\include\c++\10.2.1\cmath ****   { return __builtin_floorl(__x); }
 266:c:\program files\daisytoolchain\arm-none-eabi\include\c++\10.2.1\cmath **** #endif
 267:c:\program files\daisytoolchain\arm-none-eabi\include\c++\10.2.1\cmath **** 
 268:c:\program files\daisytoolchain\arm-none-eabi\include\c++\10.2.1\cmath ****   template<typename _Tp>
 269:c:\program files\daisytoolchain\arm-none-eabi\include\c++\10.2.1\cmath ****     inline _GLIBCXX_CONSTEXPR
 270:c:\program files\daisytoolchain\arm-none-eabi\include\c++\10.2.1\cmath ****     typename __gnu_cxx::__enable_if<__is_integer<_Tp>::__value,
 271:c:\program files\daisytoolchain\arm-none-eabi\include\c++\10.2.1\cmath ****                                     double>::__type
 272:c:\program files\daisytoolchain\arm-none-eabi\include\c++\10.2.1\cmath ****     floor(_Tp __x)
 273:c:\program files\daisytoolchain\arm-none-eabi\include\c++\10.2.1\cmath ****     { return __builtin_floor(__x); }
 274:c:\program files\daisytoolchain\arm-none-eabi\include\c++\10.2.1\cmath **** 
 275:c:\program files\daisytoolchain\arm-none-eabi\include\c++\10.2.1\cmath ****   using ::fmod;
 276:c:\program files\daisytoolchain\arm-none-eabi\include\c++\10.2.1\cmath **** 
 277:c:\program files\daisytoolchain\arm-none-eabi\include\c++\10.2.1\cmath **** #ifndef __CORRECT_ISO_CPP_MATH_H_PROTO
 278:c:\program files\daisytoolchain\arm-none-eabi\include\c++\10.2.1\cmath ****   inline _GLIBCXX_CONSTEXPR float
 279:c:\program files\daisytoolchain\arm-none-eabi\include\c++\10.2.1\cmath ****   fmod(float __x, float __y)
 280:c:\program files\daisytoolchain\arm-none-eabi\include\c++\10.2.1\cmath ****   { return __builtin_fmodf(__x, __y); }
 281:c:\program files\daisytoolchain\arm-none-eabi\include\c++\10.2.1\cmath **** 
 282:c:\program files\daisytoolchain\arm-none-eabi\include\c++\10.2.1\cmath ****   inline _GLIBCXX_CONSTEXPR long double
 283:c:\program files\daisytoolchain\arm-none-eabi\include\c++\10.2.1\cmath ****   fmod(long double __x, long double __y)
 284:c:\program files\daisytoolchain\arm-none-eabi\include\c++\10.2.1\cmath ****   { return __builtin_fmodl(__x, __y); }
ARM GAS  C:\Users\aydan\AppData\Local\Temp\ccPU8E4p.s 			page 79


 285:c:\program files\daisytoolchain\arm-none-eabi\include\c++\10.2.1\cmath **** #endif
 286:c:\program files\daisytoolchain\arm-none-eabi\include\c++\10.2.1\cmath **** 
 287:c:\program files\daisytoolchain\arm-none-eabi\include\c++\10.2.1\cmath ****   template<typename _Tp, typename _Up>
 288:c:\program files\daisytoolchain\arm-none-eabi\include\c++\10.2.1\cmath ****     inline _GLIBCXX_CONSTEXPR
 289:c:\program files\daisytoolchain\arm-none-eabi\include\c++\10.2.1\cmath ****     typename __gnu_cxx::__promote_2<_Tp, _Up>::__type
 290:c:\program files\daisytoolchain\arm-none-eabi\include\c++\10.2.1\cmath ****     fmod(_Tp __x, _Up __y)
 291:c:\program files\daisytoolchain\arm-none-eabi\include\c++\10.2.1\cmath ****     {
 292:c:\program files\daisytoolchain\arm-none-eabi\include\c++\10.2.1\cmath ****       typedef typename __gnu_cxx::__promote_2<_Tp, _Up>::__type __type;
 293:c:\program files\daisytoolchain\arm-none-eabi\include\c++\10.2.1\cmath ****       return fmod(__type(__x), __type(__y));
 294:c:\program files\daisytoolchain\arm-none-eabi\include\c++\10.2.1\cmath ****     }
 295:c:\program files\daisytoolchain\arm-none-eabi\include\c++\10.2.1\cmath **** 
 296:c:\program files\daisytoolchain\arm-none-eabi\include\c++\10.2.1\cmath ****   using ::frexp;
 297:c:\program files\daisytoolchain\arm-none-eabi\include\c++\10.2.1\cmath **** 
 298:c:\program files\daisytoolchain\arm-none-eabi\include\c++\10.2.1\cmath **** #ifndef __CORRECT_ISO_CPP_MATH_H_PROTO
 299:c:\program files\daisytoolchain\arm-none-eabi\include\c++\10.2.1\cmath ****   inline float
 300:c:\program files\daisytoolchain\arm-none-eabi\include\c++\10.2.1\cmath ****   frexp(float __x, int* __exp)
 301:c:\program files\daisytoolchain\arm-none-eabi\include\c++\10.2.1\cmath ****   { return __builtin_frexpf(__x, __exp); }
 302:c:\program files\daisytoolchain\arm-none-eabi\include\c++\10.2.1\cmath **** 
 303:c:\program files\daisytoolchain\arm-none-eabi\include\c++\10.2.1\cmath ****   inline long double
 304:c:\program files\daisytoolchain\arm-none-eabi\include\c++\10.2.1\cmath ****   frexp(long double __x, int* __exp)
 305:c:\program files\daisytoolchain\arm-none-eabi\include\c++\10.2.1\cmath ****   { return __builtin_frexpl(__x, __exp); }
 306:c:\program files\daisytoolchain\arm-none-eabi\include\c++\10.2.1\cmath **** #endif
 307:c:\program files\daisytoolchain\arm-none-eabi\include\c++\10.2.1\cmath **** 
 308:c:\program files\daisytoolchain\arm-none-eabi\include\c++\10.2.1\cmath ****   template<typename _Tp>
 309:c:\program files\daisytoolchain\arm-none-eabi\include\c++\10.2.1\cmath ****     inline _GLIBCXX_CONSTEXPR
 310:c:\program files\daisytoolchain\arm-none-eabi\include\c++\10.2.1\cmath ****     typename __gnu_cxx::__enable_if<__is_integer<_Tp>::__value, 
 311:c:\program files\daisytoolchain\arm-none-eabi\include\c++\10.2.1\cmath ****                                     double>::__type
 312:c:\program files\daisytoolchain\arm-none-eabi\include\c++\10.2.1\cmath ****     frexp(_Tp __x, int* __exp)
 313:c:\program files\daisytoolchain\arm-none-eabi\include\c++\10.2.1\cmath ****     { return __builtin_frexp(__x, __exp); }
 314:c:\program files\daisytoolchain\arm-none-eabi\include\c++\10.2.1\cmath **** 
 315:c:\program files\daisytoolchain\arm-none-eabi\include\c++\10.2.1\cmath ****   using ::ldexp;
 316:c:\program files\daisytoolchain\arm-none-eabi\include\c++\10.2.1\cmath **** 
 317:c:\program files\daisytoolchain\arm-none-eabi\include\c++\10.2.1\cmath **** #ifndef __CORRECT_ISO_CPP_MATH_H_PROTO
 318:c:\program files\daisytoolchain\arm-none-eabi\include\c++\10.2.1\cmath ****   inline _GLIBCXX_CONSTEXPR float
 319:c:\program files\daisytoolchain\arm-none-eabi\include\c++\10.2.1\cmath ****   ldexp(float __x, int __exp)
 320:c:\program files\daisytoolchain\arm-none-eabi\include\c++\10.2.1\cmath ****   { return __builtin_ldexpf(__x, __exp); }
 321:c:\program files\daisytoolchain\arm-none-eabi\include\c++\10.2.1\cmath **** 
 322:c:\program files\daisytoolchain\arm-none-eabi\include\c++\10.2.1\cmath ****   inline _GLIBCXX_CONSTEXPR long double
 323:c:\program files\daisytoolchain\arm-none-eabi\include\c++\10.2.1\cmath ****   ldexp(long double __x, int __exp)
 324:c:\program files\daisytoolchain\arm-none-eabi\include\c++\10.2.1\cmath ****   { return __builtin_ldexpl(__x, __exp); }
 325:c:\program files\daisytoolchain\arm-none-eabi\include\c++\10.2.1\cmath **** #endif
 326:c:\program files\daisytoolchain\arm-none-eabi\include\c++\10.2.1\cmath **** 
 327:c:\program files\daisytoolchain\arm-none-eabi\include\c++\10.2.1\cmath ****   template<typename _Tp>
 328:c:\program files\daisytoolchain\arm-none-eabi\include\c++\10.2.1\cmath ****     inline _GLIBCXX_CONSTEXPR
 329:c:\program files\daisytoolchain\arm-none-eabi\include\c++\10.2.1\cmath ****     typename __gnu_cxx::__enable_if<__is_integer<_Tp>::__value, 
 330:c:\program files\daisytoolchain\arm-none-eabi\include\c++\10.2.1\cmath ****                                     double>::__type
 331:c:\program files\daisytoolchain\arm-none-eabi\include\c++\10.2.1\cmath ****     ldexp(_Tp __x, int __exp)
 332:c:\program files\daisytoolchain\arm-none-eabi\include\c++\10.2.1\cmath ****     { return __builtin_ldexp(__x, __exp); }
 333:c:\program files\daisytoolchain\arm-none-eabi\include\c++\10.2.1\cmath **** 
 334:c:\program files\daisytoolchain\arm-none-eabi\include\c++\10.2.1\cmath ****   using ::log;
 335:c:\program files\daisytoolchain\arm-none-eabi\include\c++\10.2.1\cmath **** 
 336:c:\program files\daisytoolchain\arm-none-eabi\include\c++\10.2.1\cmath **** #ifndef __CORRECT_ISO_CPP_MATH_H_PROTO
 337:c:\program files\daisytoolchain\arm-none-eabi\include\c++\10.2.1\cmath ****   inline _GLIBCXX_CONSTEXPR float
 338:c:\program files\daisytoolchain\arm-none-eabi\include\c++\10.2.1\cmath ****   log(float __x)
 339:c:\program files\daisytoolchain\arm-none-eabi\include\c++\10.2.1\cmath ****   { return __builtin_logf(__x); }
 340:c:\program files\daisytoolchain\arm-none-eabi\include\c++\10.2.1\cmath **** 
 341:c:\program files\daisytoolchain\arm-none-eabi\include\c++\10.2.1\cmath ****   inline _GLIBCXX_CONSTEXPR long double
ARM GAS  C:\Users\aydan\AppData\Local\Temp\ccPU8E4p.s 			page 80


 342:c:\program files\daisytoolchain\arm-none-eabi\include\c++\10.2.1\cmath ****   log(long double __x)
 343:c:\program files\daisytoolchain\arm-none-eabi\include\c++\10.2.1\cmath ****   { return __builtin_logl(__x); }
 344:c:\program files\daisytoolchain\arm-none-eabi\include\c++\10.2.1\cmath **** #endif
 345:c:\program files\daisytoolchain\arm-none-eabi\include\c++\10.2.1\cmath **** 
 346:c:\program files\daisytoolchain\arm-none-eabi\include\c++\10.2.1\cmath ****   template<typename _Tp>
 347:c:\program files\daisytoolchain\arm-none-eabi\include\c++\10.2.1\cmath ****     inline _GLIBCXX_CONSTEXPR
 348:c:\program files\daisytoolchain\arm-none-eabi\include\c++\10.2.1\cmath ****     typename __gnu_cxx::__enable_if<__is_integer<_Tp>::__value, 
 349:c:\program files\daisytoolchain\arm-none-eabi\include\c++\10.2.1\cmath ****                                     double>::__type
 350:c:\program files\daisytoolchain\arm-none-eabi\include\c++\10.2.1\cmath ****     log(_Tp __x)
 351:c:\program files\daisytoolchain\arm-none-eabi\include\c++\10.2.1\cmath ****     { return __builtin_log(__x); }
 352:c:\program files\daisytoolchain\arm-none-eabi\include\c++\10.2.1\cmath **** 
 353:c:\program files\daisytoolchain\arm-none-eabi\include\c++\10.2.1\cmath ****   using ::log10;
 354:c:\program files\daisytoolchain\arm-none-eabi\include\c++\10.2.1\cmath **** 
 355:c:\program files\daisytoolchain\arm-none-eabi\include\c++\10.2.1\cmath **** #ifndef __CORRECT_ISO_CPP_MATH_H_PROTO
 356:c:\program files\daisytoolchain\arm-none-eabi\include\c++\10.2.1\cmath ****   inline _GLIBCXX_CONSTEXPR float
 357:c:\program files\daisytoolchain\arm-none-eabi\include\c++\10.2.1\cmath ****   log10(float __x)
 358:c:\program files\daisytoolchain\arm-none-eabi\include\c++\10.2.1\cmath ****   { return __builtin_log10f(__x); }
 359:c:\program files\daisytoolchain\arm-none-eabi\include\c++\10.2.1\cmath **** 
 360:c:\program files\daisytoolchain\arm-none-eabi\include\c++\10.2.1\cmath ****   inline _GLIBCXX_CONSTEXPR long double
 361:c:\program files\daisytoolchain\arm-none-eabi\include\c++\10.2.1\cmath ****   log10(long double __x)
 362:c:\program files\daisytoolchain\arm-none-eabi\include\c++\10.2.1\cmath ****   { return __builtin_log10l(__x); }
 363:c:\program files\daisytoolchain\arm-none-eabi\include\c++\10.2.1\cmath **** #endif
 364:c:\program files\daisytoolchain\arm-none-eabi\include\c++\10.2.1\cmath **** 
 365:c:\program files\daisytoolchain\arm-none-eabi\include\c++\10.2.1\cmath ****   template<typename _Tp>
 366:c:\program files\daisytoolchain\arm-none-eabi\include\c++\10.2.1\cmath ****     inline _GLIBCXX_CONSTEXPR
 367:c:\program files\daisytoolchain\arm-none-eabi\include\c++\10.2.1\cmath ****     typename __gnu_cxx::__enable_if<__is_integer<_Tp>::__value,
 368:c:\program files\daisytoolchain\arm-none-eabi\include\c++\10.2.1\cmath ****                                     double>::__type
 369:c:\program files\daisytoolchain\arm-none-eabi\include\c++\10.2.1\cmath ****     log10(_Tp __x)
 370:c:\program files\daisytoolchain\arm-none-eabi\include\c++\10.2.1\cmath ****     { return __builtin_log10(__x); }
 371:c:\program files\daisytoolchain\arm-none-eabi\include\c++\10.2.1\cmath **** 
 372:c:\program files\daisytoolchain\arm-none-eabi\include\c++\10.2.1\cmath ****   using ::modf;
 373:c:\program files\daisytoolchain\arm-none-eabi\include\c++\10.2.1\cmath **** 
 374:c:\program files\daisytoolchain\arm-none-eabi\include\c++\10.2.1\cmath **** #ifndef __CORRECT_ISO_CPP_MATH_H_PROTO
 375:c:\program files\daisytoolchain\arm-none-eabi\include\c++\10.2.1\cmath ****   inline float
 376:c:\program files\daisytoolchain\arm-none-eabi\include\c++\10.2.1\cmath ****   modf(float __x, float* __iptr)
 377:c:\program files\daisytoolchain\arm-none-eabi\include\c++\10.2.1\cmath ****   { return __builtin_modff(__x, __iptr); }
 378:c:\program files\daisytoolchain\arm-none-eabi\include\c++\10.2.1\cmath **** 
 379:c:\program files\daisytoolchain\arm-none-eabi\include\c++\10.2.1\cmath ****   inline long double
 380:c:\program files\daisytoolchain\arm-none-eabi\include\c++\10.2.1\cmath ****   modf(long double __x, long double* __iptr)
 381:c:\program files\daisytoolchain\arm-none-eabi\include\c++\10.2.1\cmath ****   { return __builtin_modfl(__x, __iptr); }
 382:c:\program files\daisytoolchain\arm-none-eabi\include\c++\10.2.1\cmath **** #endif
 383:c:\program files\daisytoolchain\arm-none-eabi\include\c++\10.2.1\cmath **** 
 384:c:\program files\daisytoolchain\arm-none-eabi\include\c++\10.2.1\cmath ****   using ::pow;
 385:c:\program files\daisytoolchain\arm-none-eabi\include\c++\10.2.1\cmath **** 
 386:c:\program files\daisytoolchain\arm-none-eabi\include\c++\10.2.1\cmath **** #ifndef __CORRECT_ISO_CPP_MATH_H_PROTO
 387:c:\program files\daisytoolchain\arm-none-eabi\include\c++\10.2.1\cmath ****   inline _GLIBCXX_CONSTEXPR float
 388:c:\program files\daisytoolchain\arm-none-eabi\include\c++\10.2.1\cmath ****   pow(float __x, float __y)
 389:c:\program files\daisytoolchain\arm-none-eabi\include\c++\10.2.1\cmath ****   { return __builtin_powf(__x, __y); }
 390:c:\program files\daisytoolchain\arm-none-eabi\include\c++\10.2.1\cmath **** 
 391:c:\program files\daisytoolchain\arm-none-eabi\include\c++\10.2.1\cmath ****   inline _GLIBCXX_CONSTEXPR long double
 392:c:\program files\daisytoolchain\arm-none-eabi\include\c++\10.2.1\cmath ****   pow(long double __x, long double __y)
 393:c:\program files\daisytoolchain\arm-none-eabi\include\c++\10.2.1\cmath ****   { return __builtin_powl(__x, __y); }
 394:c:\program files\daisytoolchain\arm-none-eabi\include\c++\10.2.1\cmath **** 
 395:c:\program files\daisytoolchain\arm-none-eabi\include\c++\10.2.1\cmath **** #if __cplusplus < 201103L
 396:c:\program files\daisytoolchain\arm-none-eabi\include\c++\10.2.1\cmath ****   // _GLIBCXX_RESOLVE_LIB_DEFECTS
 397:c:\program files\daisytoolchain\arm-none-eabi\include\c++\10.2.1\cmath ****   // DR 550. What should the return type of pow(float,int) be?
 398:c:\program files\daisytoolchain\arm-none-eabi\include\c++\10.2.1\cmath ****   inline double
ARM GAS  C:\Users\aydan\AppData\Local\Temp\ccPU8E4p.s 			page 81


 399:c:\program files\daisytoolchain\arm-none-eabi\include\c++\10.2.1\cmath ****   pow(double __x, int __i)
 400:c:\program files\daisytoolchain\arm-none-eabi\include\c++\10.2.1\cmath ****   { return __builtin_powi(__x, __i); }
 401:c:\program files\daisytoolchain\arm-none-eabi\include\c++\10.2.1\cmath **** 
 402:c:\program files\daisytoolchain\arm-none-eabi\include\c++\10.2.1\cmath ****   inline float
 403:c:\program files\daisytoolchain\arm-none-eabi\include\c++\10.2.1\cmath ****   pow(float __x, int __n)
 404:c:\program files\daisytoolchain\arm-none-eabi\include\c++\10.2.1\cmath ****   { return __builtin_powif(__x, __n); }
 405:c:\program files\daisytoolchain\arm-none-eabi\include\c++\10.2.1\cmath **** 
 406:c:\program files\daisytoolchain\arm-none-eabi\include\c++\10.2.1\cmath ****   inline long double
 407:c:\program files\daisytoolchain\arm-none-eabi\include\c++\10.2.1\cmath ****   pow(long double __x, int __n)
 408:c:\program files\daisytoolchain\arm-none-eabi\include\c++\10.2.1\cmath ****   { return __builtin_powil(__x, __n); }
 409:c:\program files\daisytoolchain\arm-none-eabi\include\c++\10.2.1\cmath **** #endif
 410:c:\program files\daisytoolchain\arm-none-eabi\include\c++\10.2.1\cmath **** #endif
 411:c:\program files\daisytoolchain\arm-none-eabi\include\c++\10.2.1\cmath **** 
 412:c:\program files\daisytoolchain\arm-none-eabi\include\c++\10.2.1\cmath ****   template<typename _Tp, typename _Up>
 413:c:\program files\daisytoolchain\arm-none-eabi\include\c++\10.2.1\cmath ****     inline _GLIBCXX_CONSTEXPR
 414:c:\program files\daisytoolchain\arm-none-eabi\include\c++\10.2.1\cmath ****     typename __gnu_cxx::__promote_2<_Tp, _Up>::__type
 415:c:\program files\daisytoolchain\arm-none-eabi\include\c++\10.2.1\cmath ****     pow(_Tp __x, _Up __y)
 416:c:\program files\daisytoolchain\arm-none-eabi\include\c++\10.2.1\cmath ****     {
 417:c:\program files\daisytoolchain\arm-none-eabi\include\c++\10.2.1\cmath ****       typedef typename __gnu_cxx::__promote_2<_Tp, _Up>::__type __type;
 418:c:\program files\daisytoolchain\arm-none-eabi\include\c++\10.2.1\cmath ****       return pow(__type(__x), __type(__y));
 419:c:\program files\daisytoolchain\arm-none-eabi\include\c++\10.2.1\cmath ****     }
 420:c:\program files\daisytoolchain\arm-none-eabi\include\c++\10.2.1\cmath **** 
 421:c:\program files\daisytoolchain\arm-none-eabi\include\c++\10.2.1\cmath ****   using ::sin;
 422:c:\program files\daisytoolchain\arm-none-eabi\include\c++\10.2.1\cmath **** 
 423:c:\program files\daisytoolchain\arm-none-eabi\include\c++\10.2.1\cmath **** #ifndef __CORRECT_ISO_CPP_MATH_H_PROTO
 424:c:\program files\daisytoolchain\arm-none-eabi\include\c++\10.2.1\cmath ****   inline _GLIBCXX_CONSTEXPR float
 425:c:\program files\daisytoolchain\arm-none-eabi\include\c++\10.2.1\cmath ****   sin(float __x)
 426:c:\program files\daisytoolchain\arm-none-eabi\include\c++\10.2.1\cmath ****   { return __builtin_sinf(__x); }
 427:c:\program files\daisytoolchain\arm-none-eabi\include\c++\10.2.1\cmath **** 
 428:c:\program files\daisytoolchain\arm-none-eabi\include\c++\10.2.1\cmath ****   inline _GLIBCXX_CONSTEXPR long double
 429:c:\program files\daisytoolchain\arm-none-eabi\include\c++\10.2.1\cmath ****   sin(long double __x)
 430:c:\program files\daisytoolchain\arm-none-eabi\include\c++\10.2.1\cmath ****   { return __builtin_sinl(__x); }
 431:c:\program files\daisytoolchain\arm-none-eabi\include\c++\10.2.1\cmath **** #endif
 432:c:\program files\daisytoolchain\arm-none-eabi\include\c++\10.2.1\cmath **** 
 433:c:\program files\daisytoolchain\arm-none-eabi\include\c++\10.2.1\cmath ****   template<typename _Tp>
 434:c:\program files\daisytoolchain\arm-none-eabi\include\c++\10.2.1\cmath ****     inline _GLIBCXX_CONSTEXPR
 435:c:\program files\daisytoolchain\arm-none-eabi\include\c++\10.2.1\cmath ****     typename __gnu_cxx::__enable_if<__is_integer<_Tp>::__value, 
 436:c:\program files\daisytoolchain\arm-none-eabi\include\c++\10.2.1\cmath ****                                     double>::__type
 437:c:\program files\daisytoolchain\arm-none-eabi\include\c++\10.2.1\cmath ****     sin(_Tp __x)
 438:c:\program files\daisytoolchain\arm-none-eabi\include\c++\10.2.1\cmath ****     { return __builtin_sin(__x); }
 439:c:\program files\daisytoolchain\arm-none-eabi\include\c++\10.2.1\cmath **** 
 440:c:\program files\daisytoolchain\arm-none-eabi\include\c++\10.2.1\cmath ****   using ::sinh;
 441:c:\program files\daisytoolchain\arm-none-eabi\include\c++\10.2.1\cmath **** 
 442:c:\program files\daisytoolchain\arm-none-eabi\include\c++\10.2.1\cmath **** #ifndef __CORRECT_ISO_CPP_MATH_H_PROTO
 443:c:\program files\daisytoolchain\arm-none-eabi\include\c++\10.2.1\cmath ****   inline _GLIBCXX_CONSTEXPR float
 444:c:\program files\daisytoolchain\arm-none-eabi\include\c++\10.2.1\cmath ****   sinh(float __x)
 445:c:\program files\daisytoolchain\arm-none-eabi\include\c++\10.2.1\cmath ****   { return __builtin_sinhf(__x); }
 446:c:\program files\daisytoolchain\arm-none-eabi\include\c++\10.2.1\cmath **** 
 447:c:\program files\daisytoolchain\arm-none-eabi\include\c++\10.2.1\cmath ****   inline _GLIBCXX_CONSTEXPR long double
 448:c:\program files\daisytoolchain\arm-none-eabi\include\c++\10.2.1\cmath ****   sinh(long double __x)
 449:c:\program files\daisytoolchain\arm-none-eabi\include\c++\10.2.1\cmath ****   { return __builtin_sinhl(__x); }
 450:c:\program files\daisytoolchain\arm-none-eabi\include\c++\10.2.1\cmath **** #endif
 451:c:\program files\daisytoolchain\arm-none-eabi\include\c++\10.2.1\cmath **** 
 452:c:\program files\daisytoolchain\arm-none-eabi\include\c++\10.2.1\cmath ****   template<typename _Tp>
 453:c:\program files\daisytoolchain\arm-none-eabi\include\c++\10.2.1\cmath ****     inline _GLIBCXX_CONSTEXPR
 454:c:\program files\daisytoolchain\arm-none-eabi\include\c++\10.2.1\cmath ****     typename __gnu_cxx::__enable_if<__is_integer<_Tp>::__value, 
 455:c:\program files\daisytoolchain\arm-none-eabi\include\c++\10.2.1\cmath ****                                     double>::__type
ARM GAS  C:\Users\aydan\AppData\Local\Temp\ccPU8E4p.s 			page 82


 456:c:\program files\daisytoolchain\arm-none-eabi\include\c++\10.2.1\cmath ****     sinh(_Tp __x)
 457:c:\program files\daisytoolchain\arm-none-eabi\include\c++\10.2.1\cmath ****     { return __builtin_sinh(__x); }
 458:c:\program files\daisytoolchain\arm-none-eabi\include\c++\10.2.1\cmath **** 
 459:c:\program files\daisytoolchain\arm-none-eabi\include\c++\10.2.1\cmath ****   using ::sqrt;
 460:c:\program files\daisytoolchain\arm-none-eabi\include\c++\10.2.1\cmath **** 
 461:c:\program files\daisytoolchain\arm-none-eabi\include\c++\10.2.1\cmath **** #ifndef __CORRECT_ISO_CPP_MATH_H_PROTO
 462:c:\program files\daisytoolchain\arm-none-eabi\include\c++\10.2.1\cmath ****   inline _GLIBCXX_CONSTEXPR float
 463:c:\program files\daisytoolchain\arm-none-eabi\include\c++\10.2.1\cmath ****   sqrt(float __x)
 2416              		.loc 11 463 3 is_stmt 1 view .LVU691
 2417              	.LBB677:
 464:c:\program files\daisytoolchain\arm-none-eabi\include\c++\10.2.1\cmath ****   { return __builtin_sqrtf(__x); }
 2418              		.loc 11 464 5 view .LVU692
 2419 04b2 B5EE400A 		vcmp.f32	s0, #0
 2420 04b6 F1EE10FA 		vmrs	APSR_nzcv, FPSCR
 2421 04ba 00F16882 		bmi	.L173
 2422              		.loc 11 464 27 is_stmt 0 view .LVU693
 2423 04be F1EEC07A 		vsqrt.f32	s15, s0
 2424              	.LVL182:
 2425              	.L116:
 2426              		.loc 11 464 27 view .LVU694
 2427              	.LBE677:
 2428              	.LBE676:
 198:project006.cpp ****         return pr;
 2429              		.loc 10 198 5 is_stmt 1 view .LVU695
 2430 04c2 9FEDA17A 		vldr.32	s14, .L191+28
 2431 04c6 F4EEC77A 		vcmpe.f32	s15, s14
 2432 04ca F1EE10FA 		vmrs	APSR_nzcv, FPSCR
 2433 04ce 00F1FC80 		bmi	.L117
 2434 04d2 9E4B     		ldr	r3, .L191+32
 2435              	.L118:
 2436              	.LVL183:
 2437              	.LBB679:
 205:project006.cpp **** 
 2438              		.loc 10 205 9 view .LVU696
 205:project006.cpp **** 
 2439              		.loc 10 205 18 is_stmt 0 view .LVU697
 2440 04d4 5BF8102B 		ldr	r2, [fp], #16	@ float
 2441 04d8 43F8042B 		str	r2, [r3], #4	@ float
 2442              	.LVL184:
 204:project006.cpp ****         ds[dn++] = xd[i];
 2443              		.loc 10 204 5 is_stmt 1 view .LVU698
 204:project006.cpp ****         ds[dn++] = xd[i];
 2444              		.loc 10 204 22 view .LVU699
 2445 04dc 9C4A     		ldr	r2, .L191+36
 2446 04de 9A42     		cmp	r2, r3
 2447 04e0 F8D1     		bne	.L118
 2448              	.LBE679:
 207:project006.cpp **** 
 2449              		.loc 10 207 5 view .LVU700
 207:project006.cpp **** 
 2450              		.loc 10 207 11 is_stmt 0 view .LVU701
 2451 04e2 B5EE006A 		vmov.f32	s12, #2.5e-1
 211:project006.cpp ****     if(maxLag >= dn - 1) maxLag = dn - 2;
 2452              		.loc 10 211 30 view .LVU702
 2453 04e6 9FED9B7A 		vldr.32	s14, .L191+40
 210:project006.cpp ****     int maxLag = (int)(fs_ds / 70.0f);
 2454              		.loc 10 210 30 view .LVU703
ARM GAS  C:\Users\aydan\AppData\Local\Temp\ccPU8E4p.s 			page 83


 2455 04ea DFED9B6A 		vldr.32	s13, .L191+44
 207:project006.cpp **** 
 2456              		.loc 10 207 11 view .LVU704
 2457 04ee 2BEE066A 		vmul.f32	s12, s22, s12
 2458              	.LVL185:
 210:project006.cpp ****     int maxLag = (int)(fs_ds / 70.0f);
 2459              		.loc 10 210 5 is_stmt 1 view .LVU705
 211:project006.cpp ****     if(maxLag >= dn - 1) maxLag = dn - 2;
 2460              		.loc 10 211 5 view .LVU706
 211:project006.cpp ****     if(maxLag >= dn - 1) maxLag = dn - 2;
 2461              		.loc 10 211 30 is_stmt 0 view .LVU707
 2462 04f2 C6EE077A 		vdiv.f32	s15, s12, s14
 210:project006.cpp ****     int maxLag = (int)(fs_ds / 70.0f);
 2463              		.loc 10 210 30 view .LVU708
 2464 04f6 86EE267A 		vdiv.f32	s14, s12, s13
 211:project006.cpp ****     if(maxLag >= dn - 1) maxLag = dn - 2;
 2465              		.loc 10 211 9 view .LVU709
 2466 04fa FDEEE77A 		vcvt.s32.f32	s15, s15
 2467 04fe 17EE907A 		vmov	r7, s15	@ int
 2468              	.LVL186:
 212:project006.cpp ****     if(minLag < 2) minLag = 2;
 2469              		.loc 10 212 5 is_stmt 1 view .LVU710
 210:project006.cpp ****     int maxLag = (int)(fs_ds / 70.0f);
 2470              		.loc 10 210 9 is_stmt 0 view .LVU711
 2471 0502 FDEEC77A 		vcvt.s32.f32	s15, s14
 2472 0506 FE2F     		cmp	r7, #254
 2473 0508 A8BF     		it	ge
 2474 050a FE27     		movge	r7, #254
 2475              	.LVL187:
 213:project006.cpp **** 
 2476              		.loc 10 213 5 is_stmt 1 view .LVU712
 210:project006.cpp ****     int maxLag = (int)(fs_ds / 70.0f);
 2477              		.loc 10 210 9 is_stmt 0 view .LVU713
 2478 050c 17EE90CA 		vmov	ip, s15	@ int
 2479 0510 BCF1020F 		cmp	ip, #2
 2480 0514 B8BF     		it	lt
 2481 0516 4FF0020C 		movlt	ip, #2
 2482              	.LVL188:
 2483              	.LBB680:
 220:project006.cpp ****     {
 2484              		.loc 10 220 31 is_stmt 1 view .LVU714
 2485 051a 6745     		cmp	r7, ip
 2486 051c C0F2D580 		blt	.L117
 2487 0520 CCF58071 		rsb	r1, ip, #256
 2488 0524 A2F58063 		sub	r3, r2, #1024
 2489              	.LVL189:
 220:project006.cpp ****     {
 2490              		.loc 10 220 31 is_stmt 0 view .LVU715
 2491 0528 9FED8C5A 		vldr.32	s10, .L191+48
 2492 052c 07F1010E 		add	lr, r7, #1
 2493 0530 DFED835A 		vldr.32	s11, .L191+20
 2494 0534 03EB8101 		add	r1, r3, r1, lsl #2
 2495 0538 6046     		mov	r0, ip
 2496 053a 4FF0FF3B 		mov	fp, #-1
 2497              	.LVL190:
 2498              	.L123:
 2499              	.LBB681:
ARM GAS  C:\Users\aydan\AppData\Local\Temp\ccPU8E4p.s 			page 84


 2500              	.LBB682:
 223:project006.cpp ****             s += std::fabs(ds[i] - ds[i + lag]);
 2501              		.loc 10 223 26 is_stmt 1 view .LVU716
 2502 053e C0F58073 		rsb	r3, r0, #256
 2503              	.LBE682:
 222:project006.cpp ****         for(int i = 0; i < dn - lag; i++)
 2504              		.loc 10 222 15 is_stmt 0 view .LVU717
 2505 0542 9FED7F7A 		vldr.32	s14, .L191+20
 2506              	.LBB687:
 223:project006.cpp ****             s += std::fabs(ds[i] - ds[i + lag]);
 2507              		.loc 10 223 26 view .LVU718
 2508 0546 002B     		cmp	r3, #0
 2509 0548 0EDD     		ble	.L119
 223:project006.cpp ****             s += std::fabs(ds[i] - ds[i + lag]);
 2510              		.loc 10 223 26 view .LVU719
 2511 054a 0F9B     		ldr	r3, [sp, #60]
 2512 054c 5A1A     		subs	r2, r3, r1
 2513 054e 7F4B     		ldr	r3, .L191+32
 2514              	.LVL191:
 2515              	.L120:
 224:project006.cpp **** 
 2516              		.loc 10 224 13 is_stmt 1 view .LVU720
 224:project006.cpp **** 
 2517              		.loc 10 224 32 is_stmt 0 view .LVU721
 2518 0550 F3EC017A 		vldmia.32	r3!, {s15}
 224:project006.cpp **** 
 2519              		.loc 10 224 46 view .LVU722
 2520 0554 F2EC016A 		vldmia.32	r2!, {s13}
 2521              	.LVL192:
 2522              	.LBB683:
 2523              	.LBI683:
 241:c:\program files\daisytoolchain\arm-none-eabi\include\c++\10.2.1\cmath ****   { return __builtin_fabsf(__x); }
 2524              		.loc 11 241 3 is_stmt 1 view .LVU723
 2525              	.LBB684:
 242:c:\program files\daisytoolchain\arm-none-eabi\include\c++\10.2.1\cmath **** 
 2526              		.loc 11 242 5 view .LVU724
 242:c:\program files\daisytoolchain\arm-none-eabi\include\c++\10.2.1\cmath **** 
 2527              		.loc 11 242 5 is_stmt 0 view .LVU725
 2528              	.LBE684:
 2529              	.LBE683:
 223:project006.cpp ****             s += std::fabs(ds[i] - ds[i + lag]);
 2530              		.loc 10 223 26 view .LVU726
 2531 0558 8B42     		cmp	r3, r1
 224:project006.cpp **** 
 2532              		.loc 10 224 27 view .LVU727
 2533 055a 77EEE67A 		vsub.f32	s15, s15, s13
 2534              	.LBB686:
 2535              	.LBB685:
 242:c:\program files\daisytoolchain\arm-none-eabi\include\c++\10.2.1\cmath **** 
 2536              		.loc 11 242 31 view .LVU728
 2537 055e F0EEE77A 		vabs.f32	s15, s15
 2538              	.LBE685:
 2539              	.LBE686:
 224:project006.cpp **** 
 2540              		.loc 10 224 15 view .LVU729
 2541 0562 37EE277A 		vadd.f32	s14, s14, s15
 2542              	.LVL193:
ARM GAS  C:\Users\aydan\AppData\Local\Temp\ccPU8E4p.s 			page 85


 223:project006.cpp ****             s += std::fabs(ds[i] - ds[i + lag]);
 2543              		.loc 10 223 9 is_stmt 1 view .LVU730
 223:project006.cpp ****             s += std::fabs(ds[i] - ds[i + lag]);
 2544              		.loc 10 223 26 view .LVU731
 2545 0566 F3D1     		bne	.L120
 2546              	.LVL194:
 2547              	.L119:
 223:project006.cpp ****             s += std::fabs(ds[i] - ds[i + lag]);
 2548              		.loc 10 223 26 is_stmt 0 view .LVU732
 2549              	.LBE687:
 226:project006.cpp ****         count++;
 2550              		.loc 10 226 9 is_stmt 1 view .LVU733
 229:project006.cpp ****         {
 2551              		.loc 10 229 9 is_stmt 0 view .LVU734
 2552 0568 B4EEC75A 		vcmpe.f32	s10, s14
 226:project006.cpp ****         count++;
 2553              		.loc 10 226 13 view .LVU735
 2554 056c 75EE875A 		vadd.f32	s11, s11, s14
 2555              	.LVL195:
 227:project006.cpp **** 
 2556              		.loc 10 227 9 is_stmt 1 view .LVU736
 229:project006.cpp ****         {
 2557              		.loc 10 229 9 view .LVU737
 2558 0570 F1EE10FA 		vmrs	APSR_nzcv, FPSCR
 2559 0574 02DD     		ble	.L121
 2560 0576 B0EE475A 		vmov.f32	s10, s14
 2561              	.LVL196:
 229:project006.cpp ****         {
 2562              		.loc 10 229 9 is_stmt 0 view .LVU738
 2563 057a 8346     		mov	fp, r0
 2564              	.L121:
 2565              	.LVL197:
 229:project006.cpp ****         {
 2566              		.loc 10 229 9 view .LVU739
 2567              	.LBE681:
 220:project006.cpp ****     {
 2568              		.loc 10 220 5 is_stmt 1 view .LVU740
 2569 057c 0130     		adds	r0, r0, #1
 2570              	.LVL198:
 220:project006.cpp ****     {
 2571              		.loc 10 220 31 view .LVU741
 2572 057e 0439     		subs	r1, r1, #4
 2573 0580 8645     		cmp	lr, r0
 2574 0582 DCD1     		bne	.L123
 2575              	.LBB688:
 227:project006.cpp **** 
 2576              		.loc 10 227 14 is_stmt 0 view .LVU742
 2577 0584 A7EB0C07 		sub	r7, r7, ip
 2578              	.LVL199:
 227:project006.cpp **** 
 2579              		.loc 10 227 14 view .LVU743
 2580              	.LBE688:
 2581              	.LBE680:
 235:project006.cpp **** 
 2582              		.loc 10 235 5 view .LVU744
 2583 0588 BBF1FF3F 		cmp	fp, #-1
 2584              	.LBB690:
ARM GAS  C:\Users\aydan\AppData\Local\Temp\ccPU8E4p.s 			page 86


 2585              	.LBB689:
 227:project006.cpp **** 
 2586              		.loc 10 227 14 view .LVU745
 2587 058c 07F10107 		add	r7, r7, #1
 2588              	.LBE689:
 2589              	.LBE690:
 235:project006.cpp **** 
 2590              		.loc 10 235 5 is_stmt 1 view .LVU746
 2591 0590 00F09B80 		beq	.L117
 237:project006.cpp ****     float conf = 1.0f - (best / (avg + 1e-9f));
 2592              		.loc 10 237 5 view .LVU747
 2593              	.LVL200:
 238:project006.cpp ****     conf = clampf(conf, 0.0f, 1.0f);
 2594              		.loc 10 238 5 view .LVU748
 237:project006.cpp ****     float conf = 1.0f - (best / (avg + 1e-9f));
 2595              		.loc 10 237 12 is_stmt 0 view .LVU749
 2596 0594 07EE907A 		vmov	s15, r7	@ int
 238:project006.cpp ****     conf = clampf(conf, 0.0f, 1.0f);
 2597              		.loc 10 238 38 view .LVU750
 2598 0598 DFED714A 		vldr.32	s9, .L191+52
 238:project006.cpp ****     conf = clampf(conf, 0.0f, 1.0f);
 2599              		.loc 10 238 11 view .LVU751
 2600 059c B7EE007A 		vmov.f32	s14, #1.0e+0
 237:project006.cpp ****     float conf = 1.0f - (best / (avg + 1e-9f));
 2601              		.loc 10 237 12 view .LVU752
 2602 05a0 F8EEE77A 		vcvt.f32.s32	s15, s15
 237:project006.cpp ****     float conf = 1.0f - (best / (avg + 1e-9f));
 2603              		.loc 10 237 9 view .LVU753
 2604 05a4 C5EEA76A 		vdiv.f32	s13, s11, s15
 2605              	.LVL201:
 238:project006.cpp ****     conf = clampf(conf, 0.0f, 1.0f);
 2606              		.loc 10 238 38 view .LVU754
 2607 05a8 76EEA47A 		vadd.f32	s15, s13, s9
 238:project006.cpp ****     conf = clampf(conf, 0.0f, 1.0f);
 2608              		.loc 10 238 31 view .LVU755
 2609 05ac 85EE27BA 		vdiv.f32	s22, s10, s15
 2610              	.LVL202:
 238:project006.cpp ****     conf = clampf(conf, 0.0f, 1.0f);
 2611              		.loc 10 238 11 view .LVU756
 2612 05b0 37EE4BBA 		vsub.f32	s22, s14, s22
 2613              	.LVL203:
 239:project006.cpp **** 
 2614              		.loc 10 239 5 is_stmt 1 view .LVU757
 2615              	.LBB691:
 2616              	.LBI691:
  69:project006.cpp **** {
 2617              		.loc 10 69 21 view .LVU758
 2618              	.LBB692:
  71:project006.cpp **** }
 2619              		.loc 10 71 5 view .LVU759
  71:project006.cpp **** }
 2620              		.loc 10 71 21 is_stmt 0 view .LVU760
 2621 05b4 B5EEC0BA 		vcmpe.f32	s22, #0
 2622 05b8 F1EE10FA 		vmrs	APSR_nzcv, FPSCR
 2623 05bc 00F1DB81 		bmi	.L144
  71:project006.cpp **** }
 2624              		.loc 10 71 37 view .LVU761
ARM GAS  C:\Users\aydan\AppData\Local\Temp\ccPU8E4p.s 			page 87


 2625 05c0 B4EE47BA 		vcmp.f32	s22, s14
 2626 05c4 F1EE10FA 		vmrs	APSR_nzcv, FPSCR
 2627 05c8 37FE0BBA 		vselgt.f32	s22, s14, s22
 2628              	.LVL204:
 2629              	.L124:
  71:project006.cpp **** }
 2630              		.loc 10 71 37 view .LVU762
 2631              	.LBE692:
 2632              	.LBE691:
 242:project006.cpp **** 
 2633              		.loc 10 242 5 is_stmt 1 view .LVU763
 244:project006.cpp **** 
 2634              		.loc 10 244 26 is_stmt 0 view .LVU764
 2635 05cc 07EE90BA 		vmov	s15, fp	@ int
 249:project006.cpp **** 
 2636              		.loc 10 249 11 view .LVU765
 2637 05d0 F5EE005A 		vmov.f32	s11, #2.5e-1
 2638 05d4 DFED634A 		vldr.32	s9, .L191+56
 244:project006.cpp **** 
 2639              		.loc 10 244 26 view .LVU766
 2640 05d8 F8EEE77A 		vcvt.f32.s32	s15, s15
 242:project006.cpp **** 
 2641              		.loc 10 242 11 view .LVU767
 2642 05dc 9FED625A 		vldr.32	s10, .L191+60
 2643              	.LVL205:
 242:project006.cpp **** 
 2644              		.loc 10 242 11 view .LVU768
 2645 05e0 9FED627A 		vldr.32	s14, .L191+64
 244:project006.cpp **** 
 2646              		.loc 10 244 11 view .LVU769
 2647 05e4 C6EE276A 		vdiv.f32	s13, s12, s15
 2648              	.LVL206:
 249:project006.cpp **** 
 2649              		.loc 10 249 11 view .LVU770
 2650 05e8 B0EE656A 		vmov.f32	s12, s11
 2651              	.LVL207:
 242:project006.cpp **** 
 2652              		.loc 10 242 11 view .LVU771
 2653 05ec AAEE057A 		vfma.f32	s14, s20, s10
 249:project006.cpp **** 
 2654              		.loc 10 249 11 view .LVU772
 2655 05f0 AAEEA46A 		vfma.f32	s12, s21, s9
 242:project006.cpp **** 
 2656              		.loc 10 242 11 view .LVU773
 2657 05f4 F0EE47AA 		vmov.f32	s21, s14
 2658              	.LVL208:
 244:project006.cpp **** 
 2659              		.loc 10 244 5 is_stmt 1 view .LVU774
 247:project006.cpp ****     float alpha_slow = 0.03f;
 2660              		.loc 10 247 5 view .LVU775
 248:project006.cpp ****     float alpha = alpha_fast + (alpha_slow - alpha_fast) * smooth_norm;
 2661              		.loc 10 248 5 view .LVU776
 249:project006.cpp **** 
 2662              		.loc 10 249 5 view .LVU777
 251:project006.cpp ****     float freq_sm = freq_smoother;
 2663              		.loc 10 251 5 view .LVU778
 251:project006.cpp ****     float freq_sm = freq_smoother;
ARM GAS  C:\Users\aydan\AppData\Local\Temp\ccPU8E4p.s 			page 88


 2664              		.loc 10 251 51 is_stmt 0 view .LVU779
 2665 05f8 76EEE87A 		vsub.f32	s15, s13, s17
 251:project006.cpp ****     float freq_sm = freq_smoother;
 2666              		.loc 10 251 35 view .LVU780
 2667 05fc E6EE278A 		vfma.f32	s17, s12, s15
 2668              	.LVL209:
 252:project006.cpp **** 
 2669              		.loc 10 252 5 is_stmt 1 view .LVU781
 254:project006.cpp ****     char  note[8];
 2670              		.loc 10 254 5 view .LVU782
 255:project006.cpp ****     freq_to_note(freq_sm, note, sizeof(note), cents);
 2671              		.loc 10 255 5 view .LVU783
 256:project006.cpp **** 
 2672              		.loc 10 256 5 view .LVU784
 2673              	.LBB694:
 2674              	.LBI694:
 158:project006.cpp **** {
 2675              		.loc 10 158 13 view .LVU785
 2676              	.LBB695:
 160:project006.cpp ****     {
 2677              		.loc 10 160 5 view .LVU786
 2678 0600 F5EEC08A 		vcmpe.f32	s17, #0
 2679 0604 F1EE10FA 		vmrs	APSR_nzcv, FPSCR
 2680 0608 40F2AB81 		bls	.L184
 166:project006.cpp ****     int   midi_n = (int)std::round(midi_f);
 2681              		.loc 10 166 5 view .LVU787
 2682              	.LVL210:
 2683              	.LBB696:
 2684              	.LBI696:
 465:c:\program files\daisytoolchain\arm-none-eabi\include\c++\10.2.1\cmath **** 
 466:c:\program files\daisytoolchain\arm-none-eabi\include\c++\10.2.1\cmath ****   inline _GLIBCXX_CONSTEXPR long double
 467:c:\program files\daisytoolchain\arm-none-eabi\include\c++\10.2.1\cmath ****   sqrt(long double __x)
 468:c:\program files\daisytoolchain\arm-none-eabi\include\c++\10.2.1\cmath ****   { return __builtin_sqrtl(__x); }
 469:c:\program files\daisytoolchain\arm-none-eabi\include\c++\10.2.1\cmath **** #endif
 470:c:\program files\daisytoolchain\arm-none-eabi\include\c++\10.2.1\cmath **** 
 471:c:\program files\daisytoolchain\arm-none-eabi\include\c++\10.2.1\cmath ****   template<typename _Tp>
 472:c:\program files\daisytoolchain\arm-none-eabi\include\c++\10.2.1\cmath ****     inline _GLIBCXX_CONSTEXPR
 473:c:\program files\daisytoolchain\arm-none-eabi\include\c++\10.2.1\cmath ****     typename __gnu_cxx::__enable_if<__is_integer<_Tp>::__value, 
 474:c:\program files\daisytoolchain\arm-none-eabi\include\c++\10.2.1\cmath ****                                     double>::__type
 475:c:\program files\daisytoolchain\arm-none-eabi\include\c++\10.2.1\cmath ****     sqrt(_Tp __x)
 476:c:\program files\daisytoolchain\arm-none-eabi\include\c++\10.2.1\cmath ****     { return __builtin_sqrt(__x); }
 477:c:\program files\daisytoolchain\arm-none-eabi\include\c++\10.2.1\cmath **** 
 478:c:\program files\daisytoolchain\arm-none-eabi\include\c++\10.2.1\cmath ****   using ::tan;
 479:c:\program files\daisytoolchain\arm-none-eabi\include\c++\10.2.1\cmath **** 
 480:c:\program files\daisytoolchain\arm-none-eabi\include\c++\10.2.1\cmath **** #ifndef __CORRECT_ISO_CPP_MATH_H_PROTO
 481:c:\program files\daisytoolchain\arm-none-eabi\include\c++\10.2.1\cmath ****   inline _GLIBCXX_CONSTEXPR float
 482:c:\program files\daisytoolchain\arm-none-eabi\include\c++\10.2.1\cmath ****   tan(float __x)
 483:c:\program files\daisytoolchain\arm-none-eabi\include\c++\10.2.1\cmath ****   { return __builtin_tanf(__x); }
 484:c:\program files\daisytoolchain\arm-none-eabi\include\c++\10.2.1\cmath **** 
 485:c:\program files\daisytoolchain\arm-none-eabi\include\c++\10.2.1\cmath ****   inline _GLIBCXX_CONSTEXPR long double
 486:c:\program files\daisytoolchain\arm-none-eabi\include\c++\10.2.1\cmath ****   tan(long double __x)
 487:c:\program files\daisytoolchain\arm-none-eabi\include\c++\10.2.1\cmath ****   { return __builtin_tanl(__x); }
 488:c:\program files\daisytoolchain\arm-none-eabi\include\c++\10.2.1\cmath **** #endif
 489:c:\program files\daisytoolchain\arm-none-eabi\include\c++\10.2.1\cmath **** 
 490:c:\program files\daisytoolchain\arm-none-eabi\include\c++\10.2.1\cmath ****   template<typename _Tp>
 491:c:\program files\daisytoolchain\arm-none-eabi\include\c++\10.2.1\cmath ****     inline _GLIBCXX_CONSTEXPR
 492:c:\program files\daisytoolchain\arm-none-eabi\include\c++\10.2.1\cmath ****     typename __gnu_cxx::__enable_if<__is_integer<_Tp>::__value, 
ARM GAS  C:\Users\aydan\AppData\Local\Temp\ccPU8E4p.s 			page 89


 493:c:\program files\daisytoolchain\arm-none-eabi\include\c++\10.2.1\cmath ****                                     double>::__type
 494:c:\program files\daisytoolchain\arm-none-eabi\include\c++\10.2.1\cmath ****     tan(_Tp __x)
 495:c:\program files\daisytoolchain\arm-none-eabi\include\c++\10.2.1\cmath ****     { return __builtin_tan(__x); }
 496:c:\program files\daisytoolchain\arm-none-eabi\include\c++\10.2.1\cmath **** 
 497:c:\program files\daisytoolchain\arm-none-eabi\include\c++\10.2.1\cmath ****   using ::tanh;
 498:c:\program files\daisytoolchain\arm-none-eabi\include\c++\10.2.1\cmath **** 
 499:c:\program files\daisytoolchain\arm-none-eabi\include\c++\10.2.1\cmath **** #ifndef __CORRECT_ISO_CPP_MATH_H_PROTO
 500:c:\program files\daisytoolchain\arm-none-eabi\include\c++\10.2.1\cmath ****   inline _GLIBCXX_CONSTEXPR float
 501:c:\program files\daisytoolchain\arm-none-eabi\include\c++\10.2.1\cmath ****   tanh(float __x)
 502:c:\program files\daisytoolchain\arm-none-eabi\include\c++\10.2.1\cmath ****   { return __builtin_tanhf(__x); }
 503:c:\program files\daisytoolchain\arm-none-eabi\include\c++\10.2.1\cmath **** 
 504:c:\program files\daisytoolchain\arm-none-eabi\include\c++\10.2.1\cmath ****   inline _GLIBCXX_CONSTEXPR long double
 505:c:\program files\daisytoolchain\arm-none-eabi\include\c++\10.2.1\cmath ****   tanh(long double __x)
 506:c:\program files\daisytoolchain\arm-none-eabi\include\c++\10.2.1\cmath ****   { return __builtin_tanhl(__x); }
 507:c:\program files\daisytoolchain\arm-none-eabi\include\c++\10.2.1\cmath **** #endif
 508:c:\program files\daisytoolchain\arm-none-eabi\include\c++\10.2.1\cmath **** 
 509:c:\program files\daisytoolchain\arm-none-eabi\include\c++\10.2.1\cmath ****   template<typename _Tp>
 510:c:\program files\daisytoolchain\arm-none-eabi\include\c++\10.2.1\cmath ****     inline _GLIBCXX_CONSTEXPR
 511:c:\program files\daisytoolchain\arm-none-eabi\include\c++\10.2.1\cmath ****     typename __gnu_cxx::__enable_if<__is_integer<_Tp>::__value, 
 512:c:\program files\daisytoolchain\arm-none-eabi\include\c++\10.2.1\cmath ****                                     double>::__type
 513:c:\program files\daisytoolchain\arm-none-eabi\include\c++\10.2.1\cmath ****     tanh(_Tp __x)
 514:c:\program files\daisytoolchain\arm-none-eabi\include\c++\10.2.1\cmath ****     { return __builtin_tanh(__x); }
 515:c:\program files\daisytoolchain\arm-none-eabi\include\c++\10.2.1\cmath **** 
 516:c:\program files\daisytoolchain\arm-none-eabi\include\c++\10.2.1\cmath **** #if _GLIBCXX_USE_C99_MATH
 517:c:\program files\daisytoolchain\arm-none-eabi\include\c++\10.2.1\cmath **** #if !_GLIBCXX_USE_C99_FP_MACROS_DYNAMIC
 518:c:\program files\daisytoolchain\arm-none-eabi\include\c++\10.2.1\cmath **** 
 519:c:\program files\daisytoolchain\arm-none-eabi\include\c++\10.2.1\cmath **** // These are possible macros imported from C99-land.
 520:c:\program files\daisytoolchain\arm-none-eabi\include\c++\10.2.1\cmath **** #undef fpclassify
 521:c:\program files\daisytoolchain\arm-none-eabi\include\c++\10.2.1\cmath **** #undef isfinite
 522:c:\program files\daisytoolchain\arm-none-eabi\include\c++\10.2.1\cmath **** #undef isinf
 523:c:\program files\daisytoolchain\arm-none-eabi\include\c++\10.2.1\cmath **** #undef isnan
 524:c:\program files\daisytoolchain\arm-none-eabi\include\c++\10.2.1\cmath **** #undef isnormal
 525:c:\program files\daisytoolchain\arm-none-eabi\include\c++\10.2.1\cmath **** #undef signbit
 526:c:\program files\daisytoolchain\arm-none-eabi\include\c++\10.2.1\cmath **** #undef isgreater
 527:c:\program files\daisytoolchain\arm-none-eabi\include\c++\10.2.1\cmath **** #undef isgreaterequal
 528:c:\program files\daisytoolchain\arm-none-eabi\include\c++\10.2.1\cmath **** #undef isless
 529:c:\program files\daisytoolchain\arm-none-eabi\include\c++\10.2.1\cmath **** #undef islessequal
 530:c:\program files\daisytoolchain\arm-none-eabi\include\c++\10.2.1\cmath **** #undef islessgreater
 531:c:\program files\daisytoolchain\arm-none-eabi\include\c++\10.2.1\cmath **** #undef isunordered
 532:c:\program files\daisytoolchain\arm-none-eabi\include\c++\10.2.1\cmath **** 
 533:c:\program files\daisytoolchain\arm-none-eabi\include\c++\10.2.1\cmath **** #if __cplusplus >= 201103L
 534:c:\program files\daisytoolchain\arm-none-eabi\include\c++\10.2.1\cmath **** 
 535:c:\program files\daisytoolchain\arm-none-eabi\include\c++\10.2.1\cmath **** #ifndef __CORRECT_ISO_CPP11_MATH_H_PROTO_FP
 536:c:\program files\daisytoolchain\arm-none-eabi\include\c++\10.2.1\cmath ****   constexpr int
 537:c:\program files\daisytoolchain\arm-none-eabi\include\c++\10.2.1\cmath ****   fpclassify(float __x)
 538:c:\program files\daisytoolchain\arm-none-eabi\include\c++\10.2.1\cmath ****   { return __builtin_fpclassify(FP_NAN, FP_INFINITE, FP_NORMAL,
 539:c:\program files\daisytoolchain\arm-none-eabi\include\c++\10.2.1\cmath **** 				FP_SUBNORMAL, FP_ZERO, __x); }
 540:c:\program files\daisytoolchain\arm-none-eabi\include\c++\10.2.1\cmath **** 
 541:c:\program files\daisytoolchain\arm-none-eabi\include\c++\10.2.1\cmath ****   constexpr int
 542:c:\program files\daisytoolchain\arm-none-eabi\include\c++\10.2.1\cmath ****   fpclassify(double __x)
 543:c:\program files\daisytoolchain\arm-none-eabi\include\c++\10.2.1\cmath ****   { return __builtin_fpclassify(FP_NAN, FP_INFINITE, FP_NORMAL,
 544:c:\program files\daisytoolchain\arm-none-eabi\include\c++\10.2.1\cmath **** 				FP_SUBNORMAL, FP_ZERO, __x); }
 545:c:\program files\daisytoolchain\arm-none-eabi\include\c++\10.2.1\cmath **** 
 546:c:\program files\daisytoolchain\arm-none-eabi\include\c++\10.2.1\cmath ****   constexpr int
 547:c:\program files\daisytoolchain\arm-none-eabi\include\c++\10.2.1\cmath ****   fpclassify(long double __x)
 548:c:\program files\daisytoolchain\arm-none-eabi\include\c++\10.2.1\cmath ****   { return __builtin_fpclassify(FP_NAN, FP_INFINITE, FP_NORMAL,
 549:c:\program files\daisytoolchain\arm-none-eabi\include\c++\10.2.1\cmath **** 				FP_SUBNORMAL, FP_ZERO, __x); }
ARM GAS  C:\Users\aydan\AppData\Local\Temp\ccPU8E4p.s 			page 90


 550:c:\program files\daisytoolchain\arm-none-eabi\include\c++\10.2.1\cmath **** #endif
 551:c:\program files\daisytoolchain\arm-none-eabi\include\c++\10.2.1\cmath **** 
 552:c:\program files\daisytoolchain\arm-none-eabi\include\c++\10.2.1\cmath **** #ifndef __CORRECT_ISO_CPP11_MATH_H_PROTO_INT
 553:c:\program files\daisytoolchain\arm-none-eabi\include\c++\10.2.1\cmath ****   template<typename _Tp>
 554:c:\program files\daisytoolchain\arm-none-eabi\include\c++\10.2.1\cmath ****     constexpr typename __gnu_cxx::__enable_if<__is_integer<_Tp>::__value,
 555:c:\program files\daisytoolchain\arm-none-eabi\include\c++\10.2.1\cmath ****                                               int>::__type
 556:c:\program files\daisytoolchain\arm-none-eabi\include\c++\10.2.1\cmath ****     fpclassify(_Tp __x)
 557:c:\program files\daisytoolchain\arm-none-eabi\include\c++\10.2.1\cmath ****     { return __x != 0 ? FP_NORMAL : FP_ZERO; }
 558:c:\program files\daisytoolchain\arm-none-eabi\include\c++\10.2.1\cmath **** #endif
 559:c:\program files\daisytoolchain\arm-none-eabi\include\c++\10.2.1\cmath **** 
 560:c:\program files\daisytoolchain\arm-none-eabi\include\c++\10.2.1\cmath **** #ifndef __CORRECT_ISO_CPP11_MATH_H_PROTO_FP
 561:c:\program files\daisytoolchain\arm-none-eabi\include\c++\10.2.1\cmath ****   constexpr bool
 562:c:\program files\daisytoolchain\arm-none-eabi\include\c++\10.2.1\cmath ****   isfinite(float __x)
 563:c:\program files\daisytoolchain\arm-none-eabi\include\c++\10.2.1\cmath ****   { return __builtin_isfinite(__x); }
 564:c:\program files\daisytoolchain\arm-none-eabi\include\c++\10.2.1\cmath **** 
 565:c:\program files\daisytoolchain\arm-none-eabi\include\c++\10.2.1\cmath ****   constexpr bool
 566:c:\program files\daisytoolchain\arm-none-eabi\include\c++\10.2.1\cmath ****   isfinite(double __x)
 567:c:\program files\daisytoolchain\arm-none-eabi\include\c++\10.2.1\cmath ****   { return __builtin_isfinite(__x); }
 568:c:\program files\daisytoolchain\arm-none-eabi\include\c++\10.2.1\cmath **** 
 569:c:\program files\daisytoolchain\arm-none-eabi\include\c++\10.2.1\cmath ****   constexpr bool
 570:c:\program files\daisytoolchain\arm-none-eabi\include\c++\10.2.1\cmath ****   isfinite(long double __x)
 571:c:\program files\daisytoolchain\arm-none-eabi\include\c++\10.2.1\cmath ****   { return __builtin_isfinite(__x); }
 572:c:\program files\daisytoolchain\arm-none-eabi\include\c++\10.2.1\cmath **** #endif
 573:c:\program files\daisytoolchain\arm-none-eabi\include\c++\10.2.1\cmath **** 
 574:c:\program files\daisytoolchain\arm-none-eabi\include\c++\10.2.1\cmath **** #ifndef __CORRECT_ISO_CPP11_MATH_H_PROTO_INT
 575:c:\program files\daisytoolchain\arm-none-eabi\include\c++\10.2.1\cmath ****   template<typename _Tp>
 576:c:\program files\daisytoolchain\arm-none-eabi\include\c++\10.2.1\cmath ****     constexpr typename __gnu_cxx::__enable_if<__is_integer<_Tp>::__value,
 577:c:\program files\daisytoolchain\arm-none-eabi\include\c++\10.2.1\cmath ****                                               bool>::__type
 578:c:\program files\daisytoolchain\arm-none-eabi\include\c++\10.2.1\cmath ****     isfinite(_Tp __x)
 579:c:\program files\daisytoolchain\arm-none-eabi\include\c++\10.2.1\cmath ****     { return true; }
 580:c:\program files\daisytoolchain\arm-none-eabi\include\c++\10.2.1\cmath **** #endif
 581:c:\program files\daisytoolchain\arm-none-eabi\include\c++\10.2.1\cmath **** 
 582:c:\program files\daisytoolchain\arm-none-eabi\include\c++\10.2.1\cmath **** #ifndef __CORRECT_ISO_CPP11_MATH_H_PROTO_FP
 583:c:\program files\daisytoolchain\arm-none-eabi\include\c++\10.2.1\cmath ****   constexpr bool
 584:c:\program files\daisytoolchain\arm-none-eabi\include\c++\10.2.1\cmath ****   isinf(float __x)
 585:c:\program files\daisytoolchain\arm-none-eabi\include\c++\10.2.1\cmath ****   { return __builtin_isinf(__x); }
 586:c:\program files\daisytoolchain\arm-none-eabi\include\c++\10.2.1\cmath **** 
 587:c:\program files\daisytoolchain\arm-none-eabi\include\c++\10.2.1\cmath **** #if _GLIBCXX_HAVE_OBSOLETE_ISINF \
 588:c:\program files\daisytoolchain\arm-none-eabi\include\c++\10.2.1\cmath ****   && !_GLIBCXX_NO_OBSOLETE_ISINF_ISNAN_DYNAMIC
 589:c:\program files\daisytoolchain\arm-none-eabi\include\c++\10.2.1\cmath ****   using ::isinf;
 590:c:\program files\daisytoolchain\arm-none-eabi\include\c++\10.2.1\cmath **** #else
 591:c:\program files\daisytoolchain\arm-none-eabi\include\c++\10.2.1\cmath ****   constexpr bool
 592:c:\program files\daisytoolchain\arm-none-eabi\include\c++\10.2.1\cmath ****   isinf(double __x)
 593:c:\program files\daisytoolchain\arm-none-eabi\include\c++\10.2.1\cmath ****   { return __builtin_isinf(__x); }
 594:c:\program files\daisytoolchain\arm-none-eabi\include\c++\10.2.1\cmath **** #endif
 595:c:\program files\daisytoolchain\arm-none-eabi\include\c++\10.2.1\cmath **** 
 596:c:\program files\daisytoolchain\arm-none-eabi\include\c++\10.2.1\cmath ****   constexpr bool
 597:c:\program files\daisytoolchain\arm-none-eabi\include\c++\10.2.1\cmath ****   isinf(long double __x)
 598:c:\program files\daisytoolchain\arm-none-eabi\include\c++\10.2.1\cmath ****   { return __builtin_isinf(__x); }
 599:c:\program files\daisytoolchain\arm-none-eabi\include\c++\10.2.1\cmath **** #endif
 600:c:\program files\daisytoolchain\arm-none-eabi\include\c++\10.2.1\cmath **** 
 601:c:\program files\daisytoolchain\arm-none-eabi\include\c++\10.2.1\cmath **** #ifndef __CORRECT_ISO_CPP11_MATH_H_PROTO_INT
 602:c:\program files\daisytoolchain\arm-none-eabi\include\c++\10.2.1\cmath ****   template<typename _Tp>
 603:c:\program files\daisytoolchain\arm-none-eabi\include\c++\10.2.1\cmath ****     constexpr typename __gnu_cxx::__enable_if<__is_integer<_Tp>::__value,
 604:c:\program files\daisytoolchain\arm-none-eabi\include\c++\10.2.1\cmath ****                                               bool>::__type
 605:c:\program files\daisytoolchain\arm-none-eabi\include\c++\10.2.1\cmath ****     isinf(_Tp __x)
 606:c:\program files\daisytoolchain\arm-none-eabi\include\c++\10.2.1\cmath ****     { return false; }
ARM GAS  C:\Users\aydan\AppData\Local\Temp\ccPU8E4p.s 			page 91


 607:c:\program files\daisytoolchain\arm-none-eabi\include\c++\10.2.1\cmath **** #endif
 608:c:\program files\daisytoolchain\arm-none-eabi\include\c++\10.2.1\cmath **** 
 609:c:\program files\daisytoolchain\arm-none-eabi\include\c++\10.2.1\cmath **** #ifndef __CORRECT_ISO_CPP11_MATH_H_PROTO_FP
 610:c:\program files\daisytoolchain\arm-none-eabi\include\c++\10.2.1\cmath ****   constexpr bool
 611:c:\program files\daisytoolchain\arm-none-eabi\include\c++\10.2.1\cmath ****   isnan(float __x)
 612:c:\program files\daisytoolchain\arm-none-eabi\include\c++\10.2.1\cmath ****   { return __builtin_isnan(__x); }
 613:c:\program files\daisytoolchain\arm-none-eabi\include\c++\10.2.1\cmath **** 
 614:c:\program files\daisytoolchain\arm-none-eabi\include\c++\10.2.1\cmath **** #if _GLIBCXX_HAVE_OBSOLETE_ISNAN \
 615:c:\program files\daisytoolchain\arm-none-eabi\include\c++\10.2.1\cmath ****   && !_GLIBCXX_NO_OBSOLETE_ISINF_ISNAN_DYNAMIC
 616:c:\program files\daisytoolchain\arm-none-eabi\include\c++\10.2.1\cmath ****   using ::isnan;
 617:c:\program files\daisytoolchain\arm-none-eabi\include\c++\10.2.1\cmath **** #else
 618:c:\program files\daisytoolchain\arm-none-eabi\include\c++\10.2.1\cmath ****   constexpr bool
 619:c:\program files\daisytoolchain\arm-none-eabi\include\c++\10.2.1\cmath ****   isnan(double __x)
 620:c:\program files\daisytoolchain\arm-none-eabi\include\c++\10.2.1\cmath ****   { return __builtin_isnan(__x); }
 621:c:\program files\daisytoolchain\arm-none-eabi\include\c++\10.2.1\cmath **** #endif
 622:c:\program files\daisytoolchain\arm-none-eabi\include\c++\10.2.1\cmath **** 
 623:c:\program files\daisytoolchain\arm-none-eabi\include\c++\10.2.1\cmath ****   constexpr bool
 624:c:\program files\daisytoolchain\arm-none-eabi\include\c++\10.2.1\cmath ****   isnan(long double __x)
 625:c:\program files\daisytoolchain\arm-none-eabi\include\c++\10.2.1\cmath ****   { return __builtin_isnan(__x); }
 626:c:\program files\daisytoolchain\arm-none-eabi\include\c++\10.2.1\cmath **** #endif
 627:c:\program files\daisytoolchain\arm-none-eabi\include\c++\10.2.1\cmath **** 
 628:c:\program files\daisytoolchain\arm-none-eabi\include\c++\10.2.1\cmath **** #ifndef __CORRECT_ISO_CPP11_MATH_H_PROTO_INT
 629:c:\program files\daisytoolchain\arm-none-eabi\include\c++\10.2.1\cmath ****   template<typename _Tp>
 630:c:\program files\daisytoolchain\arm-none-eabi\include\c++\10.2.1\cmath ****     constexpr typename __gnu_cxx::__enable_if<__is_integer<_Tp>::__value,
 631:c:\program files\daisytoolchain\arm-none-eabi\include\c++\10.2.1\cmath ****                                               bool>::__type
 632:c:\program files\daisytoolchain\arm-none-eabi\include\c++\10.2.1\cmath ****     isnan(_Tp __x)
 633:c:\program files\daisytoolchain\arm-none-eabi\include\c++\10.2.1\cmath ****     { return false; }
 634:c:\program files\daisytoolchain\arm-none-eabi\include\c++\10.2.1\cmath **** #endif
 635:c:\program files\daisytoolchain\arm-none-eabi\include\c++\10.2.1\cmath **** 
 636:c:\program files\daisytoolchain\arm-none-eabi\include\c++\10.2.1\cmath **** #ifndef __CORRECT_ISO_CPP11_MATH_H_PROTO_FP
 637:c:\program files\daisytoolchain\arm-none-eabi\include\c++\10.2.1\cmath ****   constexpr bool
 638:c:\program files\daisytoolchain\arm-none-eabi\include\c++\10.2.1\cmath ****   isnormal(float __x)
 639:c:\program files\daisytoolchain\arm-none-eabi\include\c++\10.2.1\cmath ****   { return __builtin_isnormal(__x); }
 640:c:\program files\daisytoolchain\arm-none-eabi\include\c++\10.2.1\cmath **** 
 641:c:\program files\daisytoolchain\arm-none-eabi\include\c++\10.2.1\cmath ****   constexpr bool
 642:c:\program files\daisytoolchain\arm-none-eabi\include\c++\10.2.1\cmath ****   isnormal(double __x)
 643:c:\program files\daisytoolchain\arm-none-eabi\include\c++\10.2.1\cmath ****   { return __builtin_isnormal(__x); }
 644:c:\program files\daisytoolchain\arm-none-eabi\include\c++\10.2.1\cmath **** 
 645:c:\program files\daisytoolchain\arm-none-eabi\include\c++\10.2.1\cmath ****   constexpr bool
 646:c:\program files\daisytoolchain\arm-none-eabi\include\c++\10.2.1\cmath ****   isnormal(long double __x)
 647:c:\program files\daisytoolchain\arm-none-eabi\include\c++\10.2.1\cmath ****   { return __builtin_isnormal(__x); }
 648:c:\program files\daisytoolchain\arm-none-eabi\include\c++\10.2.1\cmath **** #endif
 649:c:\program files\daisytoolchain\arm-none-eabi\include\c++\10.2.1\cmath **** 
 650:c:\program files\daisytoolchain\arm-none-eabi\include\c++\10.2.1\cmath **** #ifndef __CORRECT_ISO_CPP11_MATH_H_PROTO_INT
 651:c:\program files\daisytoolchain\arm-none-eabi\include\c++\10.2.1\cmath ****   template<typename _Tp>
 652:c:\program files\daisytoolchain\arm-none-eabi\include\c++\10.2.1\cmath ****     constexpr typename __gnu_cxx::__enable_if<__is_integer<_Tp>::__value,
 653:c:\program files\daisytoolchain\arm-none-eabi\include\c++\10.2.1\cmath ****                                               bool>::__type
 654:c:\program files\daisytoolchain\arm-none-eabi\include\c++\10.2.1\cmath ****     isnormal(_Tp __x)
 655:c:\program files\daisytoolchain\arm-none-eabi\include\c++\10.2.1\cmath ****     { return __x != 0 ? true : false; }
 656:c:\program files\daisytoolchain\arm-none-eabi\include\c++\10.2.1\cmath **** #endif
 657:c:\program files\daisytoolchain\arm-none-eabi\include\c++\10.2.1\cmath **** 
 658:c:\program files\daisytoolchain\arm-none-eabi\include\c++\10.2.1\cmath **** #ifndef __CORRECT_ISO_CPP11_MATH_H_PROTO_FP
 659:c:\program files\daisytoolchain\arm-none-eabi\include\c++\10.2.1\cmath ****   // Note: middle-end/36757 is fixed, __builtin_signbit is type-generic.
 660:c:\program files\daisytoolchain\arm-none-eabi\include\c++\10.2.1\cmath ****   constexpr bool
 661:c:\program files\daisytoolchain\arm-none-eabi\include\c++\10.2.1\cmath ****   signbit(float __x)
 662:c:\program files\daisytoolchain\arm-none-eabi\include\c++\10.2.1\cmath ****   { return __builtin_signbit(__x); }
 663:c:\program files\daisytoolchain\arm-none-eabi\include\c++\10.2.1\cmath **** 
ARM GAS  C:\Users\aydan\AppData\Local\Temp\ccPU8E4p.s 			page 92


 664:c:\program files\daisytoolchain\arm-none-eabi\include\c++\10.2.1\cmath ****   constexpr bool
 665:c:\program files\daisytoolchain\arm-none-eabi\include\c++\10.2.1\cmath ****   signbit(double __x)
 666:c:\program files\daisytoolchain\arm-none-eabi\include\c++\10.2.1\cmath ****   { return __builtin_signbit(__x); }
 667:c:\program files\daisytoolchain\arm-none-eabi\include\c++\10.2.1\cmath **** 
 668:c:\program files\daisytoolchain\arm-none-eabi\include\c++\10.2.1\cmath ****   constexpr bool
 669:c:\program files\daisytoolchain\arm-none-eabi\include\c++\10.2.1\cmath ****   signbit(long double __x)
 670:c:\program files\daisytoolchain\arm-none-eabi\include\c++\10.2.1\cmath ****   { return __builtin_signbit(__x); }
 671:c:\program files\daisytoolchain\arm-none-eabi\include\c++\10.2.1\cmath **** #endif
 672:c:\program files\daisytoolchain\arm-none-eabi\include\c++\10.2.1\cmath **** 
 673:c:\program files\daisytoolchain\arm-none-eabi\include\c++\10.2.1\cmath **** #ifndef __CORRECT_ISO_CPP11_MATH_H_PROTO_INT
 674:c:\program files\daisytoolchain\arm-none-eabi\include\c++\10.2.1\cmath ****   template<typename _Tp>
 675:c:\program files\daisytoolchain\arm-none-eabi\include\c++\10.2.1\cmath ****     constexpr typename __gnu_cxx::__enable_if<__is_integer<_Tp>::__value,
 676:c:\program files\daisytoolchain\arm-none-eabi\include\c++\10.2.1\cmath ****                                               bool>::__type
 677:c:\program files\daisytoolchain\arm-none-eabi\include\c++\10.2.1\cmath ****     signbit(_Tp __x)
 678:c:\program files\daisytoolchain\arm-none-eabi\include\c++\10.2.1\cmath ****     { return __x < 0 ? true : false; }
 679:c:\program files\daisytoolchain\arm-none-eabi\include\c++\10.2.1\cmath **** #endif
 680:c:\program files\daisytoolchain\arm-none-eabi\include\c++\10.2.1\cmath **** 
 681:c:\program files\daisytoolchain\arm-none-eabi\include\c++\10.2.1\cmath **** #ifndef __CORRECT_ISO_CPP11_MATH_H_PROTO_FP
 682:c:\program files\daisytoolchain\arm-none-eabi\include\c++\10.2.1\cmath ****   constexpr bool
 683:c:\program files\daisytoolchain\arm-none-eabi\include\c++\10.2.1\cmath ****   isgreater(float __x, float __y)
 684:c:\program files\daisytoolchain\arm-none-eabi\include\c++\10.2.1\cmath ****   { return __builtin_isgreater(__x, __y); }
 685:c:\program files\daisytoolchain\arm-none-eabi\include\c++\10.2.1\cmath **** 
 686:c:\program files\daisytoolchain\arm-none-eabi\include\c++\10.2.1\cmath ****   constexpr bool
 687:c:\program files\daisytoolchain\arm-none-eabi\include\c++\10.2.1\cmath ****   isgreater(double __x, double __y)
 688:c:\program files\daisytoolchain\arm-none-eabi\include\c++\10.2.1\cmath ****   { return __builtin_isgreater(__x, __y); }
 689:c:\program files\daisytoolchain\arm-none-eabi\include\c++\10.2.1\cmath **** 
 690:c:\program files\daisytoolchain\arm-none-eabi\include\c++\10.2.1\cmath ****   constexpr bool
 691:c:\program files\daisytoolchain\arm-none-eabi\include\c++\10.2.1\cmath ****   isgreater(long double __x, long double __y)
 692:c:\program files\daisytoolchain\arm-none-eabi\include\c++\10.2.1\cmath ****   { return __builtin_isgreater(__x, __y); }
 693:c:\program files\daisytoolchain\arm-none-eabi\include\c++\10.2.1\cmath **** #endif
 694:c:\program files\daisytoolchain\arm-none-eabi\include\c++\10.2.1\cmath **** 
 695:c:\program files\daisytoolchain\arm-none-eabi\include\c++\10.2.1\cmath **** #ifndef __CORRECT_ISO_CPP11_MATH_H_PROTO_INT
 696:c:\program files\daisytoolchain\arm-none-eabi\include\c++\10.2.1\cmath ****   template<typename _Tp, typename _Up>
 697:c:\program files\daisytoolchain\arm-none-eabi\include\c++\10.2.1\cmath ****     constexpr typename
 698:c:\program files\daisytoolchain\arm-none-eabi\include\c++\10.2.1\cmath ****     __gnu_cxx::__enable_if<(__is_arithmetic<_Tp>::__value
 699:c:\program files\daisytoolchain\arm-none-eabi\include\c++\10.2.1\cmath **** 			    && __is_arithmetic<_Up>::__value), bool>::__type
 700:c:\program files\daisytoolchain\arm-none-eabi\include\c++\10.2.1\cmath ****     isgreater(_Tp __x, _Up __y)
 701:c:\program files\daisytoolchain\arm-none-eabi\include\c++\10.2.1\cmath ****     {
 702:c:\program files\daisytoolchain\arm-none-eabi\include\c++\10.2.1\cmath ****       typedef typename __gnu_cxx::__promote_2<_Tp, _Up>::__type __type;
 703:c:\program files\daisytoolchain\arm-none-eabi\include\c++\10.2.1\cmath ****       return __builtin_isgreater(__type(__x), __type(__y));
 704:c:\program files\daisytoolchain\arm-none-eabi\include\c++\10.2.1\cmath ****     }
 705:c:\program files\daisytoolchain\arm-none-eabi\include\c++\10.2.1\cmath **** #endif
 706:c:\program files\daisytoolchain\arm-none-eabi\include\c++\10.2.1\cmath **** 
 707:c:\program files\daisytoolchain\arm-none-eabi\include\c++\10.2.1\cmath **** #ifndef __CORRECT_ISO_CPP11_MATH_H_PROTO_FP
 708:c:\program files\daisytoolchain\arm-none-eabi\include\c++\10.2.1\cmath ****   constexpr bool
 709:c:\program files\daisytoolchain\arm-none-eabi\include\c++\10.2.1\cmath ****   isgreaterequal(float __x, float __y)
 710:c:\program files\daisytoolchain\arm-none-eabi\include\c++\10.2.1\cmath ****   { return __builtin_isgreaterequal(__x, __y); }
 711:c:\program files\daisytoolchain\arm-none-eabi\include\c++\10.2.1\cmath **** 
 712:c:\program files\daisytoolchain\arm-none-eabi\include\c++\10.2.1\cmath ****   constexpr bool
 713:c:\program files\daisytoolchain\arm-none-eabi\include\c++\10.2.1\cmath ****   isgreaterequal(double __x, double __y)
 714:c:\program files\daisytoolchain\arm-none-eabi\include\c++\10.2.1\cmath ****   { return __builtin_isgreaterequal(__x, __y); }
 715:c:\program files\daisytoolchain\arm-none-eabi\include\c++\10.2.1\cmath **** 
 716:c:\program files\daisytoolchain\arm-none-eabi\include\c++\10.2.1\cmath ****   constexpr bool
 717:c:\program files\daisytoolchain\arm-none-eabi\include\c++\10.2.1\cmath ****   isgreaterequal(long double __x, long double __y)
 718:c:\program files\daisytoolchain\arm-none-eabi\include\c++\10.2.1\cmath ****   { return __builtin_isgreaterequal(__x, __y); }
 719:c:\program files\daisytoolchain\arm-none-eabi\include\c++\10.2.1\cmath **** #endif
 720:c:\program files\daisytoolchain\arm-none-eabi\include\c++\10.2.1\cmath **** 
ARM GAS  C:\Users\aydan\AppData\Local\Temp\ccPU8E4p.s 			page 93


 721:c:\program files\daisytoolchain\arm-none-eabi\include\c++\10.2.1\cmath **** #ifndef __CORRECT_ISO_CPP11_MATH_H_PROTO_INT
 722:c:\program files\daisytoolchain\arm-none-eabi\include\c++\10.2.1\cmath ****   template<typename _Tp, typename _Up>
 723:c:\program files\daisytoolchain\arm-none-eabi\include\c++\10.2.1\cmath ****     constexpr typename
 724:c:\program files\daisytoolchain\arm-none-eabi\include\c++\10.2.1\cmath ****     __gnu_cxx::__enable_if<(__is_arithmetic<_Tp>::__value
 725:c:\program files\daisytoolchain\arm-none-eabi\include\c++\10.2.1\cmath **** 			    && __is_arithmetic<_Up>::__value), bool>::__type
 726:c:\program files\daisytoolchain\arm-none-eabi\include\c++\10.2.1\cmath ****     isgreaterequal(_Tp __x, _Up __y)
 727:c:\program files\daisytoolchain\arm-none-eabi\include\c++\10.2.1\cmath ****     {
 728:c:\program files\daisytoolchain\arm-none-eabi\include\c++\10.2.1\cmath ****       typedef typename __gnu_cxx::__promote_2<_Tp, _Up>::__type __type;
 729:c:\program files\daisytoolchain\arm-none-eabi\include\c++\10.2.1\cmath ****       return __builtin_isgreaterequal(__type(__x), __type(__y));
 730:c:\program files\daisytoolchain\arm-none-eabi\include\c++\10.2.1\cmath ****     }
 731:c:\program files\daisytoolchain\arm-none-eabi\include\c++\10.2.1\cmath **** #endif
 732:c:\program files\daisytoolchain\arm-none-eabi\include\c++\10.2.1\cmath **** 
 733:c:\program files\daisytoolchain\arm-none-eabi\include\c++\10.2.1\cmath **** #ifndef __CORRECT_ISO_CPP11_MATH_H_PROTO_FP
 734:c:\program files\daisytoolchain\arm-none-eabi\include\c++\10.2.1\cmath ****   constexpr bool
 735:c:\program files\daisytoolchain\arm-none-eabi\include\c++\10.2.1\cmath ****   isless(float __x, float __y)
 736:c:\program files\daisytoolchain\arm-none-eabi\include\c++\10.2.1\cmath ****   { return __builtin_isless(__x, __y); }
 737:c:\program files\daisytoolchain\arm-none-eabi\include\c++\10.2.1\cmath **** 
 738:c:\program files\daisytoolchain\arm-none-eabi\include\c++\10.2.1\cmath ****   constexpr bool
 739:c:\program files\daisytoolchain\arm-none-eabi\include\c++\10.2.1\cmath ****   isless(double __x, double __y)
 740:c:\program files\daisytoolchain\arm-none-eabi\include\c++\10.2.1\cmath ****   { return __builtin_isless(__x, __y); }
 741:c:\program files\daisytoolchain\arm-none-eabi\include\c++\10.2.1\cmath **** 
 742:c:\program files\daisytoolchain\arm-none-eabi\include\c++\10.2.1\cmath ****   constexpr bool
 743:c:\program files\daisytoolchain\arm-none-eabi\include\c++\10.2.1\cmath ****   isless(long double __x, long double __y)
 744:c:\program files\daisytoolchain\arm-none-eabi\include\c++\10.2.1\cmath ****   { return __builtin_isless(__x, __y); }
 745:c:\program files\daisytoolchain\arm-none-eabi\include\c++\10.2.1\cmath **** #endif
 746:c:\program files\daisytoolchain\arm-none-eabi\include\c++\10.2.1\cmath **** 
 747:c:\program files\daisytoolchain\arm-none-eabi\include\c++\10.2.1\cmath **** #ifndef __CORRECT_ISO_CPP11_MATH_H_PROTO_INT
 748:c:\program files\daisytoolchain\arm-none-eabi\include\c++\10.2.1\cmath ****   template<typename _Tp, typename _Up>
 749:c:\program files\daisytoolchain\arm-none-eabi\include\c++\10.2.1\cmath ****     constexpr typename
 750:c:\program files\daisytoolchain\arm-none-eabi\include\c++\10.2.1\cmath ****     __gnu_cxx::__enable_if<(__is_arithmetic<_Tp>::__value
 751:c:\program files\daisytoolchain\arm-none-eabi\include\c++\10.2.1\cmath **** 			    && __is_arithmetic<_Up>::__value), bool>::__type
 752:c:\program files\daisytoolchain\arm-none-eabi\include\c++\10.2.1\cmath ****     isless(_Tp __x, _Up __y)
 753:c:\program files\daisytoolchain\arm-none-eabi\include\c++\10.2.1\cmath ****     {
 754:c:\program files\daisytoolchain\arm-none-eabi\include\c++\10.2.1\cmath ****       typedef typename __gnu_cxx::__promote_2<_Tp, _Up>::__type __type;
 755:c:\program files\daisytoolchain\arm-none-eabi\include\c++\10.2.1\cmath ****       return __builtin_isless(__type(__x), __type(__y));
 756:c:\program files\daisytoolchain\arm-none-eabi\include\c++\10.2.1\cmath ****     }
 757:c:\program files\daisytoolchain\arm-none-eabi\include\c++\10.2.1\cmath **** #endif
 758:c:\program files\daisytoolchain\arm-none-eabi\include\c++\10.2.1\cmath **** 
 759:c:\program files\daisytoolchain\arm-none-eabi\include\c++\10.2.1\cmath **** #ifndef __CORRECT_ISO_CPP11_MATH_H_PROTO_FP
 760:c:\program files\daisytoolchain\arm-none-eabi\include\c++\10.2.1\cmath ****   constexpr bool
 761:c:\program files\daisytoolchain\arm-none-eabi\include\c++\10.2.1\cmath ****   islessequal(float __x, float __y)
 762:c:\program files\daisytoolchain\arm-none-eabi\include\c++\10.2.1\cmath ****   { return __builtin_islessequal(__x, __y); }
 763:c:\program files\daisytoolchain\arm-none-eabi\include\c++\10.2.1\cmath **** 
 764:c:\program files\daisytoolchain\arm-none-eabi\include\c++\10.2.1\cmath ****   constexpr bool
 765:c:\program files\daisytoolchain\arm-none-eabi\include\c++\10.2.1\cmath ****   islessequal(double __x, double __y)
 766:c:\program files\daisytoolchain\arm-none-eabi\include\c++\10.2.1\cmath ****   { return __builtin_islessequal(__x, __y); }
 767:c:\program files\daisytoolchain\arm-none-eabi\include\c++\10.2.1\cmath **** 
 768:c:\program files\daisytoolchain\arm-none-eabi\include\c++\10.2.1\cmath ****   constexpr bool
 769:c:\program files\daisytoolchain\arm-none-eabi\include\c++\10.2.1\cmath ****   islessequal(long double __x, long double __y)
 770:c:\program files\daisytoolchain\arm-none-eabi\include\c++\10.2.1\cmath ****   { return __builtin_islessequal(__x, __y); }
 771:c:\program files\daisytoolchain\arm-none-eabi\include\c++\10.2.1\cmath **** #endif
 772:c:\program files\daisytoolchain\arm-none-eabi\include\c++\10.2.1\cmath **** 
 773:c:\program files\daisytoolchain\arm-none-eabi\include\c++\10.2.1\cmath **** #ifndef __CORRECT_ISO_CPP11_MATH_H_PROTO_INT
 774:c:\program files\daisytoolchain\arm-none-eabi\include\c++\10.2.1\cmath ****   template<typename _Tp, typename _Up>
 775:c:\program files\daisytoolchain\arm-none-eabi\include\c++\10.2.1\cmath ****     constexpr typename
 776:c:\program files\daisytoolchain\arm-none-eabi\include\c++\10.2.1\cmath ****     __gnu_cxx::__enable_if<(__is_arithmetic<_Tp>::__value
 777:c:\program files\daisytoolchain\arm-none-eabi\include\c++\10.2.1\cmath **** 			    && __is_arithmetic<_Up>::__value), bool>::__type
ARM GAS  C:\Users\aydan\AppData\Local\Temp\ccPU8E4p.s 			page 94


 778:c:\program files\daisytoolchain\arm-none-eabi\include\c++\10.2.1\cmath ****     islessequal(_Tp __x, _Up __y)
 779:c:\program files\daisytoolchain\arm-none-eabi\include\c++\10.2.1\cmath ****     {
 780:c:\program files\daisytoolchain\arm-none-eabi\include\c++\10.2.1\cmath ****       typedef typename __gnu_cxx::__promote_2<_Tp, _Up>::__type __type;
 781:c:\program files\daisytoolchain\arm-none-eabi\include\c++\10.2.1\cmath ****       return __builtin_islessequal(__type(__x), __type(__y));
 782:c:\program files\daisytoolchain\arm-none-eabi\include\c++\10.2.1\cmath ****     }
 783:c:\program files\daisytoolchain\arm-none-eabi\include\c++\10.2.1\cmath **** #endif
 784:c:\program files\daisytoolchain\arm-none-eabi\include\c++\10.2.1\cmath **** 
 785:c:\program files\daisytoolchain\arm-none-eabi\include\c++\10.2.1\cmath **** #ifndef __CORRECT_ISO_CPP11_MATH_H_PROTO_FP
 786:c:\program files\daisytoolchain\arm-none-eabi\include\c++\10.2.1\cmath ****   constexpr bool
 787:c:\program files\daisytoolchain\arm-none-eabi\include\c++\10.2.1\cmath ****   islessgreater(float __x, float __y)
 788:c:\program files\daisytoolchain\arm-none-eabi\include\c++\10.2.1\cmath ****   { return __builtin_islessgreater(__x, __y); }
 789:c:\program files\daisytoolchain\arm-none-eabi\include\c++\10.2.1\cmath **** 
 790:c:\program files\daisytoolchain\arm-none-eabi\include\c++\10.2.1\cmath ****   constexpr bool
 791:c:\program files\daisytoolchain\arm-none-eabi\include\c++\10.2.1\cmath ****   islessgreater(double __x, double __y)
 792:c:\program files\daisytoolchain\arm-none-eabi\include\c++\10.2.1\cmath ****   { return __builtin_islessgreater(__x, __y); }
 793:c:\program files\daisytoolchain\arm-none-eabi\include\c++\10.2.1\cmath **** 
 794:c:\program files\daisytoolchain\arm-none-eabi\include\c++\10.2.1\cmath ****   constexpr bool
 795:c:\program files\daisytoolchain\arm-none-eabi\include\c++\10.2.1\cmath ****   islessgreater(long double __x, long double __y)
 796:c:\program files\daisytoolchain\arm-none-eabi\include\c++\10.2.1\cmath ****   { return __builtin_islessgreater(__x, __y); }
 797:c:\program files\daisytoolchain\arm-none-eabi\include\c++\10.2.1\cmath **** #endif
 798:c:\program files\daisytoolchain\arm-none-eabi\include\c++\10.2.1\cmath **** 
 799:c:\program files\daisytoolchain\arm-none-eabi\include\c++\10.2.1\cmath **** #ifndef __CORRECT_ISO_CPP11_MATH_H_PROTO_INT
 800:c:\program files\daisytoolchain\arm-none-eabi\include\c++\10.2.1\cmath ****   template<typename _Tp, typename _Up>
 801:c:\program files\daisytoolchain\arm-none-eabi\include\c++\10.2.1\cmath ****     constexpr typename
 802:c:\program files\daisytoolchain\arm-none-eabi\include\c++\10.2.1\cmath ****     __gnu_cxx::__enable_if<(__is_arithmetic<_Tp>::__value
 803:c:\program files\daisytoolchain\arm-none-eabi\include\c++\10.2.1\cmath **** 			    && __is_arithmetic<_Up>::__value), bool>::__type
 804:c:\program files\daisytoolchain\arm-none-eabi\include\c++\10.2.1\cmath ****     islessgreater(_Tp __x, _Up __y)
 805:c:\program files\daisytoolchain\arm-none-eabi\include\c++\10.2.1\cmath ****     {
 806:c:\program files\daisytoolchain\arm-none-eabi\include\c++\10.2.1\cmath ****       typedef typename __gnu_cxx::__promote_2<_Tp, _Up>::__type __type;
 807:c:\program files\daisytoolchain\arm-none-eabi\include\c++\10.2.1\cmath ****       return __builtin_islessgreater(__type(__x), __type(__y));
 808:c:\program files\daisytoolchain\arm-none-eabi\include\c++\10.2.1\cmath ****     }
 809:c:\program files\daisytoolchain\arm-none-eabi\include\c++\10.2.1\cmath **** #endif
 810:c:\program files\daisytoolchain\arm-none-eabi\include\c++\10.2.1\cmath **** 
 811:c:\program files\daisytoolchain\arm-none-eabi\include\c++\10.2.1\cmath **** #ifndef __CORRECT_ISO_CPP11_MATH_H_PROTO_FP
 812:c:\program files\daisytoolchain\arm-none-eabi\include\c++\10.2.1\cmath ****   constexpr bool
 813:c:\program files\daisytoolchain\arm-none-eabi\include\c++\10.2.1\cmath ****   isunordered(float __x, float __y)
 814:c:\program files\daisytoolchain\arm-none-eabi\include\c++\10.2.1\cmath ****   { return __builtin_isunordered(__x, __y); }
 815:c:\program files\daisytoolchain\arm-none-eabi\include\c++\10.2.1\cmath **** 
 816:c:\program files\daisytoolchain\arm-none-eabi\include\c++\10.2.1\cmath ****   constexpr bool
 817:c:\program files\daisytoolchain\arm-none-eabi\include\c++\10.2.1\cmath ****   isunordered(double __x, double __y)
 818:c:\program files\daisytoolchain\arm-none-eabi\include\c++\10.2.1\cmath ****   { return __builtin_isunordered(__x, __y); }
 819:c:\program files\daisytoolchain\arm-none-eabi\include\c++\10.2.1\cmath **** 
 820:c:\program files\daisytoolchain\arm-none-eabi\include\c++\10.2.1\cmath ****   constexpr bool
 821:c:\program files\daisytoolchain\arm-none-eabi\include\c++\10.2.1\cmath ****   isunordered(long double __x, long double __y)
 822:c:\program files\daisytoolchain\arm-none-eabi\include\c++\10.2.1\cmath ****   { return __builtin_isunordered(__x, __y); }
 823:c:\program files\daisytoolchain\arm-none-eabi\include\c++\10.2.1\cmath **** #endif
 824:c:\program files\daisytoolchain\arm-none-eabi\include\c++\10.2.1\cmath **** 
 825:c:\program files\daisytoolchain\arm-none-eabi\include\c++\10.2.1\cmath **** #ifndef __CORRECT_ISO_CPP11_MATH_H_PROTO_INT
 826:c:\program files\daisytoolchain\arm-none-eabi\include\c++\10.2.1\cmath ****   template<typename _Tp, typename _Up>
 827:c:\program files\daisytoolchain\arm-none-eabi\include\c++\10.2.1\cmath ****     constexpr typename
 828:c:\program files\daisytoolchain\arm-none-eabi\include\c++\10.2.1\cmath ****     __gnu_cxx::__enable_if<(__is_arithmetic<_Tp>::__value
 829:c:\program files\daisytoolchain\arm-none-eabi\include\c++\10.2.1\cmath **** 			    && __is_arithmetic<_Up>::__value), bool>::__type
 830:c:\program files\daisytoolchain\arm-none-eabi\include\c++\10.2.1\cmath ****     isunordered(_Tp __x, _Up __y)
 831:c:\program files\daisytoolchain\arm-none-eabi\include\c++\10.2.1\cmath ****     {
 832:c:\program files\daisytoolchain\arm-none-eabi\include\c++\10.2.1\cmath ****       typedef typename __gnu_cxx::__promote_2<_Tp, _Up>::__type __type;
 833:c:\program files\daisytoolchain\arm-none-eabi\include\c++\10.2.1\cmath ****       return __builtin_isunordered(__type(__x), __type(__y));
 834:c:\program files\daisytoolchain\arm-none-eabi\include\c++\10.2.1\cmath ****     }
ARM GAS  C:\Users\aydan\AppData\Local\Temp\ccPU8E4p.s 			page 95


 835:c:\program files\daisytoolchain\arm-none-eabi\include\c++\10.2.1\cmath **** #endif
 836:c:\program files\daisytoolchain\arm-none-eabi\include\c++\10.2.1\cmath **** 
 837:c:\program files\daisytoolchain\arm-none-eabi\include\c++\10.2.1\cmath **** #else
 838:c:\program files\daisytoolchain\arm-none-eabi\include\c++\10.2.1\cmath **** 
 839:c:\program files\daisytoolchain\arm-none-eabi\include\c++\10.2.1\cmath ****   template<typename _Tp>
 840:c:\program files\daisytoolchain\arm-none-eabi\include\c++\10.2.1\cmath ****     inline typename __gnu_cxx::__enable_if<__is_arithmetic<_Tp>::__value,
 841:c:\program files\daisytoolchain\arm-none-eabi\include\c++\10.2.1\cmath **** 					   int>::__type
 842:c:\program files\daisytoolchain\arm-none-eabi\include\c++\10.2.1\cmath ****     fpclassify(_Tp __f)
 843:c:\program files\daisytoolchain\arm-none-eabi\include\c++\10.2.1\cmath ****     {
 844:c:\program files\daisytoolchain\arm-none-eabi\include\c++\10.2.1\cmath ****       typedef typename __gnu_cxx::__promote<_Tp>::__type __type;
 845:c:\program files\daisytoolchain\arm-none-eabi\include\c++\10.2.1\cmath ****       return __builtin_fpclassify(FP_NAN, FP_INFINITE, FP_NORMAL,
 846:c:\program files\daisytoolchain\arm-none-eabi\include\c++\10.2.1\cmath **** 				  FP_SUBNORMAL, FP_ZERO, __type(__f));
 847:c:\program files\daisytoolchain\arm-none-eabi\include\c++\10.2.1\cmath ****     }
 848:c:\program files\daisytoolchain\arm-none-eabi\include\c++\10.2.1\cmath **** 
 849:c:\program files\daisytoolchain\arm-none-eabi\include\c++\10.2.1\cmath ****   template<typename _Tp>
 850:c:\program files\daisytoolchain\arm-none-eabi\include\c++\10.2.1\cmath ****     inline typename __gnu_cxx::__enable_if<__is_arithmetic<_Tp>::__value,
 851:c:\program files\daisytoolchain\arm-none-eabi\include\c++\10.2.1\cmath **** 					   int>::__type
 852:c:\program files\daisytoolchain\arm-none-eabi\include\c++\10.2.1\cmath ****     isfinite(_Tp __f)
 853:c:\program files\daisytoolchain\arm-none-eabi\include\c++\10.2.1\cmath ****     {
 854:c:\program files\daisytoolchain\arm-none-eabi\include\c++\10.2.1\cmath ****       typedef typename __gnu_cxx::__promote<_Tp>::__type __type;
 855:c:\program files\daisytoolchain\arm-none-eabi\include\c++\10.2.1\cmath ****       return __builtin_isfinite(__type(__f));
 856:c:\program files\daisytoolchain\arm-none-eabi\include\c++\10.2.1\cmath ****     }
 857:c:\program files\daisytoolchain\arm-none-eabi\include\c++\10.2.1\cmath **** 
 858:c:\program files\daisytoolchain\arm-none-eabi\include\c++\10.2.1\cmath ****   template<typename _Tp>
 859:c:\program files\daisytoolchain\arm-none-eabi\include\c++\10.2.1\cmath ****     inline typename __gnu_cxx::__enable_if<__is_arithmetic<_Tp>::__value,
 860:c:\program files\daisytoolchain\arm-none-eabi\include\c++\10.2.1\cmath **** 					   int>::__type
 861:c:\program files\daisytoolchain\arm-none-eabi\include\c++\10.2.1\cmath ****     isinf(_Tp __f)
 862:c:\program files\daisytoolchain\arm-none-eabi\include\c++\10.2.1\cmath ****     {
 863:c:\program files\daisytoolchain\arm-none-eabi\include\c++\10.2.1\cmath ****       typedef typename __gnu_cxx::__promote<_Tp>::__type __type;
 864:c:\program files\daisytoolchain\arm-none-eabi\include\c++\10.2.1\cmath ****       return __builtin_isinf(__type(__f));
 865:c:\program files\daisytoolchain\arm-none-eabi\include\c++\10.2.1\cmath ****     }
 866:c:\program files\daisytoolchain\arm-none-eabi\include\c++\10.2.1\cmath **** 
 867:c:\program files\daisytoolchain\arm-none-eabi\include\c++\10.2.1\cmath ****   template<typename _Tp>
 868:c:\program files\daisytoolchain\arm-none-eabi\include\c++\10.2.1\cmath ****     inline typename __gnu_cxx::__enable_if<__is_arithmetic<_Tp>::__value,
 869:c:\program files\daisytoolchain\arm-none-eabi\include\c++\10.2.1\cmath **** 					   int>::__type
 870:c:\program files\daisytoolchain\arm-none-eabi\include\c++\10.2.1\cmath ****     isnan(_Tp __f)
 871:c:\program files\daisytoolchain\arm-none-eabi\include\c++\10.2.1\cmath ****     {
 872:c:\program files\daisytoolchain\arm-none-eabi\include\c++\10.2.1\cmath ****       typedef typename __gnu_cxx::__promote<_Tp>::__type __type;
 873:c:\program files\daisytoolchain\arm-none-eabi\include\c++\10.2.1\cmath ****       return __builtin_isnan(__type(__f));
 874:c:\program files\daisytoolchain\arm-none-eabi\include\c++\10.2.1\cmath ****     }
 875:c:\program files\daisytoolchain\arm-none-eabi\include\c++\10.2.1\cmath **** 
 876:c:\program files\daisytoolchain\arm-none-eabi\include\c++\10.2.1\cmath ****   template<typename _Tp>
 877:c:\program files\daisytoolchain\arm-none-eabi\include\c++\10.2.1\cmath ****     inline typename __gnu_cxx::__enable_if<__is_arithmetic<_Tp>::__value,
 878:c:\program files\daisytoolchain\arm-none-eabi\include\c++\10.2.1\cmath **** 					   int>::__type
 879:c:\program files\daisytoolchain\arm-none-eabi\include\c++\10.2.1\cmath ****     isnormal(_Tp __f)
 880:c:\program files\daisytoolchain\arm-none-eabi\include\c++\10.2.1\cmath ****     {
 881:c:\program files\daisytoolchain\arm-none-eabi\include\c++\10.2.1\cmath ****       typedef typename __gnu_cxx::__promote<_Tp>::__type __type;
 882:c:\program files\daisytoolchain\arm-none-eabi\include\c++\10.2.1\cmath ****       return __builtin_isnormal(__type(__f));
 883:c:\program files\daisytoolchain\arm-none-eabi\include\c++\10.2.1\cmath ****     }
 884:c:\program files\daisytoolchain\arm-none-eabi\include\c++\10.2.1\cmath **** 
 885:c:\program files\daisytoolchain\arm-none-eabi\include\c++\10.2.1\cmath ****   template<typename _Tp>
 886:c:\program files\daisytoolchain\arm-none-eabi\include\c++\10.2.1\cmath ****     inline typename __gnu_cxx::__enable_if<__is_arithmetic<_Tp>::__value,
 887:c:\program files\daisytoolchain\arm-none-eabi\include\c++\10.2.1\cmath **** 					   int>::__type
 888:c:\program files\daisytoolchain\arm-none-eabi\include\c++\10.2.1\cmath ****     signbit(_Tp __f)
 889:c:\program files\daisytoolchain\arm-none-eabi\include\c++\10.2.1\cmath ****     {
 890:c:\program files\daisytoolchain\arm-none-eabi\include\c++\10.2.1\cmath ****       typedef typename __gnu_cxx::__promote<_Tp>::__type __type;
 891:c:\program files\daisytoolchain\arm-none-eabi\include\c++\10.2.1\cmath ****       return __builtin_signbit(__type(__f));
ARM GAS  C:\Users\aydan\AppData\Local\Temp\ccPU8E4p.s 			page 96


 892:c:\program files\daisytoolchain\arm-none-eabi\include\c++\10.2.1\cmath ****     }
 893:c:\program files\daisytoolchain\arm-none-eabi\include\c++\10.2.1\cmath **** 
 894:c:\program files\daisytoolchain\arm-none-eabi\include\c++\10.2.1\cmath ****   template<typename _Tp>
 895:c:\program files\daisytoolchain\arm-none-eabi\include\c++\10.2.1\cmath ****     inline typename __gnu_cxx::__enable_if<__is_arithmetic<_Tp>::__value,
 896:c:\program files\daisytoolchain\arm-none-eabi\include\c++\10.2.1\cmath **** 					   int>::__type
 897:c:\program files\daisytoolchain\arm-none-eabi\include\c++\10.2.1\cmath ****     isgreater(_Tp __f1, _Tp __f2)
 898:c:\program files\daisytoolchain\arm-none-eabi\include\c++\10.2.1\cmath ****     {
 899:c:\program files\daisytoolchain\arm-none-eabi\include\c++\10.2.1\cmath ****       typedef typename __gnu_cxx::__promote<_Tp>::__type __type;
 900:c:\program files\daisytoolchain\arm-none-eabi\include\c++\10.2.1\cmath ****       return __builtin_isgreater(__type(__f1), __type(__f2));
 901:c:\program files\daisytoolchain\arm-none-eabi\include\c++\10.2.1\cmath ****     }
 902:c:\program files\daisytoolchain\arm-none-eabi\include\c++\10.2.1\cmath **** 
 903:c:\program files\daisytoolchain\arm-none-eabi\include\c++\10.2.1\cmath ****   template<typename _Tp>
 904:c:\program files\daisytoolchain\arm-none-eabi\include\c++\10.2.1\cmath ****     inline typename __gnu_cxx::__enable_if<__is_arithmetic<_Tp>::__value,
 905:c:\program files\daisytoolchain\arm-none-eabi\include\c++\10.2.1\cmath **** 					   int>::__type
 906:c:\program files\daisytoolchain\arm-none-eabi\include\c++\10.2.1\cmath ****     isgreaterequal(_Tp __f1, _Tp __f2)
 907:c:\program files\daisytoolchain\arm-none-eabi\include\c++\10.2.1\cmath ****     {
 908:c:\program files\daisytoolchain\arm-none-eabi\include\c++\10.2.1\cmath ****       typedef typename __gnu_cxx::__promote<_Tp>::__type __type;
 909:c:\program files\daisytoolchain\arm-none-eabi\include\c++\10.2.1\cmath ****       return __builtin_isgreaterequal(__type(__f1), __type(__f2));
 910:c:\program files\daisytoolchain\arm-none-eabi\include\c++\10.2.1\cmath ****     }
 911:c:\program files\daisytoolchain\arm-none-eabi\include\c++\10.2.1\cmath **** 
 912:c:\program files\daisytoolchain\arm-none-eabi\include\c++\10.2.1\cmath ****   template<typename _Tp>
 913:c:\program files\daisytoolchain\arm-none-eabi\include\c++\10.2.1\cmath ****     inline typename __gnu_cxx::__enable_if<__is_arithmetic<_Tp>::__value,
 914:c:\program files\daisytoolchain\arm-none-eabi\include\c++\10.2.1\cmath **** 					   int>::__type
 915:c:\program files\daisytoolchain\arm-none-eabi\include\c++\10.2.1\cmath ****     isless(_Tp __f1, _Tp __f2)
 916:c:\program files\daisytoolchain\arm-none-eabi\include\c++\10.2.1\cmath ****     {
 917:c:\program files\daisytoolchain\arm-none-eabi\include\c++\10.2.1\cmath ****       typedef typename __gnu_cxx::__promote<_Tp>::__type __type;
 918:c:\program files\daisytoolchain\arm-none-eabi\include\c++\10.2.1\cmath ****       return __builtin_isless(__type(__f1), __type(__f2));
 919:c:\program files\daisytoolchain\arm-none-eabi\include\c++\10.2.1\cmath ****     }
 920:c:\program files\daisytoolchain\arm-none-eabi\include\c++\10.2.1\cmath **** 
 921:c:\program files\daisytoolchain\arm-none-eabi\include\c++\10.2.1\cmath ****   template<typename _Tp>
 922:c:\program files\daisytoolchain\arm-none-eabi\include\c++\10.2.1\cmath ****     inline typename __gnu_cxx::__enable_if<__is_arithmetic<_Tp>::__value,
 923:c:\program files\daisytoolchain\arm-none-eabi\include\c++\10.2.1\cmath **** 					   int>::__type
 924:c:\program files\daisytoolchain\arm-none-eabi\include\c++\10.2.1\cmath ****     islessequal(_Tp __f1, _Tp __f2)
 925:c:\program files\daisytoolchain\arm-none-eabi\include\c++\10.2.1\cmath ****     {
 926:c:\program files\daisytoolchain\arm-none-eabi\include\c++\10.2.1\cmath ****       typedef typename __gnu_cxx::__promote<_Tp>::__type __type;
 927:c:\program files\daisytoolchain\arm-none-eabi\include\c++\10.2.1\cmath ****       return __builtin_islessequal(__type(__f1), __type(__f2));
 928:c:\program files\daisytoolchain\arm-none-eabi\include\c++\10.2.1\cmath ****     }
 929:c:\program files\daisytoolchain\arm-none-eabi\include\c++\10.2.1\cmath **** 
 930:c:\program files\daisytoolchain\arm-none-eabi\include\c++\10.2.1\cmath ****   template<typename _Tp>
 931:c:\program files\daisytoolchain\arm-none-eabi\include\c++\10.2.1\cmath ****     inline typename __gnu_cxx::__enable_if<__is_arithmetic<_Tp>::__value,
 932:c:\program files\daisytoolchain\arm-none-eabi\include\c++\10.2.1\cmath **** 					   int>::__type
 933:c:\program files\daisytoolchain\arm-none-eabi\include\c++\10.2.1\cmath ****     islessgreater(_Tp __f1, _Tp __f2)
 934:c:\program files\daisytoolchain\arm-none-eabi\include\c++\10.2.1\cmath ****     {
 935:c:\program files\daisytoolchain\arm-none-eabi\include\c++\10.2.1\cmath ****       typedef typename __gnu_cxx::__promote<_Tp>::__type __type;
 936:c:\program files\daisytoolchain\arm-none-eabi\include\c++\10.2.1\cmath ****       return __builtin_islessgreater(__type(__f1), __type(__f2));
 937:c:\program files\daisytoolchain\arm-none-eabi\include\c++\10.2.1\cmath ****     }
 938:c:\program files\daisytoolchain\arm-none-eabi\include\c++\10.2.1\cmath **** 
 939:c:\program files\daisytoolchain\arm-none-eabi\include\c++\10.2.1\cmath ****   template<typename _Tp>
 940:c:\program files\daisytoolchain\arm-none-eabi\include\c++\10.2.1\cmath ****     inline typename __gnu_cxx::__enable_if<__is_arithmetic<_Tp>::__value,
 941:c:\program files\daisytoolchain\arm-none-eabi\include\c++\10.2.1\cmath **** 					   int>::__type
 942:c:\program files\daisytoolchain\arm-none-eabi\include\c++\10.2.1\cmath ****     isunordered(_Tp __f1, _Tp __f2)
 943:c:\program files\daisytoolchain\arm-none-eabi\include\c++\10.2.1\cmath ****     {
 944:c:\program files\daisytoolchain\arm-none-eabi\include\c++\10.2.1\cmath ****       typedef typename __gnu_cxx::__promote<_Tp>::__type __type;
 945:c:\program files\daisytoolchain\arm-none-eabi\include\c++\10.2.1\cmath ****       return __builtin_isunordered(__type(__f1), __type(__f2));
 946:c:\program files\daisytoolchain\arm-none-eabi\include\c++\10.2.1\cmath ****     }
 947:c:\program files\daisytoolchain\arm-none-eabi\include\c++\10.2.1\cmath **** 
 948:c:\program files\daisytoolchain\arm-none-eabi\include\c++\10.2.1\cmath **** #endif // C++11
ARM GAS  C:\Users\aydan\AppData\Local\Temp\ccPU8E4p.s 			page 97


 949:c:\program files\daisytoolchain\arm-none-eabi\include\c++\10.2.1\cmath **** #endif /* _GLIBCXX_USE_C99_FP_MACROS_DYNAMIC */
 950:c:\program files\daisytoolchain\arm-none-eabi\include\c++\10.2.1\cmath **** #endif /* _GLIBCXX_USE_C99_MATH */
 951:c:\program files\daisytoolchain\arm-none-eabi\include\c++\10.2.1\cmath **** 
 952:c:\program files\daisytoolchain\arm-none-eabi\include\c++\10.2.1\cmath **** #if __cplusplus >= 201103L
 953:c:\program files\daisytoolchain\arm-none-eabi\include\c++\10.2.1\cmath **** 
 954:c:\program files\daisytoolchain\arm-none-eabi\include\c++\10.2.1\cmath **** #ifdef _GLIBCXX_USE_C99_MATH_TR1
 955:c:\program files\daisytoolchain\arm-none-eabi\include\c++\10.2.1\cmath **** 
 956:c:\program files\daisytoolchain\arm-none-eabi\include\c++\10.2.1\cmath **** #undef acosh
 957:c:\program files\daisytoolchain\arm-none-eabi\include\c++\10.2.1\cmath **** #undef acoshf
 958:c:\program files\daisytoolchain\arm-none-eabi\include\c++\10.2.1\cmath **** #undef acoshl
 959:c:\program files\daisytoolchain\arm-none-eabi\include\c++\10.2.1\cmath **** #undef asinh
 960:c:\program files\daisytoolchain\arm-none-eabi\include\c++\10.2.1\cmath **** #undef asinhf
 961:c:\program files\daisytoolchain\arm-none-eabi\include\c++\10.2.1\cmath **** #undef asinhl
 962:c:\program files\daisytoolchain\arm-none-eabi\include\c++\10.2.1\cmath **** #undef atanh
 963:c:\program files\daisytoolchain\arm-none-eabi\include\c++\10.2.1\cmath **** #undef atanhf
 964:c:\program files\daisytoolchain\arm-none-eabi\include\c++\10.2.1\cmath **** #undef atanhl
 965:c:\program files\daisytoolchain\arm-none-eabi\include\c++\10.2.1\cmath **** #undef cbrt
 966:c:\program files\daisytoolchain\arm-none-eabi\include\c++\10.2.1\cmath **** #undef cbrtf
 967:c:\program files\daisytoolchain\arm-none-eabi\include\c++\10.2.1\cmath **** #undef cbrtl
 968:c:\program files\daisytoolchain\arm-none-eabi\include\c++\10.2.1\cmath **** #undef copysign
 969:c:\program files\daisytoolchain\arm-none-eabi\include\c++\10.2.1\cmath **** #undef copysignf
 970:c:\program files\daisytoolchain\arm-none-eabi\include\c++\10.2.1\cmath **** #undef copysignl
 971:c:\program files\daisytoolchain\arm-none-eabi\include\c++\10.2.1\cmath **** #undef erf
 972:c:\program files\daisytoolchain\arm-none-eabi\include\c++\10.2.1\cmath **** #undef erff
 973:c:\program files\daisytoolchain\arm-none-eabi\include\c++\10.2.1\cmath **** #undef erfl
 974:c:\program files\daisytoolchain\arm-none-eabi\include\c++\10.2.1\cmath **** #undef erfc
 975:c:\program files\daisytoolchain\arm-none-eabi\include\c++\10.2.1\cmath **** #undef erfcf
 976:c:\program files\daisytoolchain\arm-none-eabi\include\c++\10.2.1\cmath **** #undef erfcl
 977:c:\program files\daisytoolchain\arm-none-eabi\include\c++\10.2.1\cmath **** #undef exp2
 978:c:\program files\daisytoolchain\arm-none-eabi\include\c++\10.2.1\cmath **** #undef exp2f
 979:c:\program files\daisytoolchain\arm-none-eabi\include\c++\10.2.1\cmath **** #undef exp2l
 980:c:\program files\daisytoolchain\arm-none-eabi\include\c++\10.2.1\cmath **** #undef expm1
 981:c:\program files\daisytoolchain\arm-none-eabi\include\c++\10.2.1\cmath **** #undef expm1f
 982:c:\program files\daisytoolchain\arm-none-eabi\include\c++\10.2.1\cmath **** #undef expm1l
 983:c:\program files\daisytoolchain\arm-none-eabi\include\c++\10.2.1\cmath **** #undef fdim
 984:c:\program files\daisytoolchain\arm-none-eabi\include\c++\10.2.1\cmath **** #undef fdimf
 985:c:\program files\daisytoolchain\arm-none-eabi\include\c++\10.2.1\cmath **** #undef fdiml
 986:c:\program files\daisytoolchain\arm-none-eabi\include\c++\10.2.1\cmath **** #undef fma
 987:c:\program files\daisytoolchain\arm-none-eabi\include\c++\10.2.1\cmath **** #undef fmaf
 988:c:\program files\daisytoolchain\arm-none-eabi\include\c++\10.2.1\cmath **** #undef fmal
 989:c:\program files\daisytoolchain\arm-none-eabi\include\c++\10.2.1\cmath **** #undef fmax
 990:c:\program files\daisytoolchain\arm-none-eabi\include\c++\10.2.1\cmath **** #undef fmaxf
 991:c:\program files\daisytoolchain\arm-none-eabi\include\c++\10.2.1\cmath **** #undef fmaxl
 992:c:\program files\daisytoolchain\arm-none-eabi\include\c++\10.2.1\cmath **** #undef fmin
 993:c:\program files\daisytoolchain\arm-none-eabi\include\c++\10.2.1\cmath **** #undef fminf
 994:c:\program files\daisytoolchain\arm-none-eabi\include\c++\10.2.1\cmath **** #undef fminl
 995:c:\program files\daisytoolchain\arm-none-eabi\include\c++\10.2.1\cmath **** #undef hypot
 996:c:\program files\daisytoolchain\arm-none-eabi\include\c++\10.2.1\cmath **** #undef hypotf
 997:c:\program files\daisytoolchain\arm-none-eabi\include\c++\10.2.1\cmath **** #undef hypotl
 998:c:\program files\daisytoolchain\arm-none-eabi\include\c++\10.2.1\cmath **** #undef ilogb
 999:c:\program files\daisytoolchain\arm-none-eabi\include\c++\10.2.1\cmath **** #undef ilogbf
1000:c:\program files\daisytoolchain\arm-none-eabi\include\c++\10.2.1\cmath **** #undef ilogbl
1001:c:\program files\daisytoolchain\arm-none-eabi\include\c++\10.2.1\cmath **** #undef lgamma
1002:c:\program files\daisytoolchain\arm-none-eabi\include\c++\10.2.1\cmath **** #undef lgammaf
1003:c:\program files\daisytoolchain\arm-none-eabi\include\c++\10.2.1\cmath **** #undef lgammal
1004:c:\program files\daisytoolchain\arm-none-eabi\include\c++\10.2.1\cmath **** #ifndef _GLIBCXX_NO_C99_ROUNDING_FUNCS
1005:c:\program files\daisytoolchain\arm-none-eabi\include\c++\10.2.1\cmath **** #undef llrint
ARM GAS  C:\Users\aydan\AppData\Local\Temp\ccPU8E4p.s 			page 98


1006:c:\program files\daisytoolchain\arm-none-eabi\include\c++\10.2.1\cmath **** #undef llrintf
1007:c:\program files\daisytoolchain\arm-none-eabi\include\c++\10.2.1\cmath **** #undef llrintl
1008:c:\program files\daisytoolchain\arm-none-eabi\include\c++\10.2.1\cmath **** #undef llround
1009:c:\program files\daisytoolchain\arm-none-eabi\include\c++\10.2.1\cmath **** #undef llroundf
1010:c:\program files\daisytoolchain\arm-none-eabi\include\c++\10.2.1\cmath **** #undef llroundl
1011:c:\program files\daisytoolchain\arm-none-eabi\include\c++\10.2.1\cmath **** #endif
1012:c:\program files\daisytoolchain\arm-none-eabi\include\c++\10.2.1\cmath **** #undef log1p
1013:c:\program files\daisytoolchain\arm-none-eabi\include\c++\10.2.1\cmath **** #undef log1pf
1014:c:\program files\daisytoolchain\arm-none-eabi\include\c++\10.2.1\cmath **** #undef log1pl
1015:c:\program files\daisytoolchain\arm-none-eabi\include\c++\10.2.1\cmath **** #undef log2
1016:c:\program files\daisytoolchain\arm-none-eabi\include\c++\10.2.1\cmath **** #undef log2f
1017:c:\program files\daisytoolchain\arm-none-eabi\include\c++\10.2.1\cmath **** #undef log2l
1018:c:\program files\daisytoolchain\arm-none-eabi\include\c++\10.2.1\cmath **** #undef logb
1019:c:\program files\daisytoolchain\arm-none-eabi\include\c++\10.2.1\cmath **** #undef logbf
1020:c:\program files\daisytoolchain\arm-none-eabi\include\c++\10.2.1\cmath **** #undef logbl
1021:c:\program files\daisytoolchain\arm-none-eabi\include\c++\10.2.1\cmath **** #undef lrint
1022:c:\program files\daisytoolchain\arm-none-eabi\include\c++\10.2.1\cmath **** #undef lrintf
1023:c:\program files\daisytoolchain\arm-none-eabi\include\c++\10.2.1\cmath **** #undef lrintl
1024:c:\program files\daisytoolchain\arm-none-eabi\include\c++\10.2.1\cmath **** #undef lround
1025:c:\program files\daisytoolchain\arm-none-eabi\include\c++\10.2.1\cmath **** #undef lroundf
1026:c:\program files\daisytoolchain\arm-none-eabi\include\c++\10.2.1\cmath **** #undef lroundl
1027:c:\program files\daisytoolchain\arm-none-eabi\include\c++\10.2.1\cmath **** #undef nan
1028:c:\program files\daisytoolchain\arm-none-eabi\include\c++\10.2.1\cmath **** #undef nanf
1029:c:\program files\daisytoolchain\arm-none-eabi\include\c++\10.2.1\cmath **** #undef nanl
1030:c:\program files\daisytoolchain\arm-none-eabi\include\c++\10.2.1\cmath **** #undef nearbyint
1031:c:\program files\daisytoolchain\arm-none-eabi\include\c++\10.2.1\cmath **** #undef nearbyintf
1032:c:\program files\daisytoolchain\arm-none-eabi\include\c++\10.2.1\cmath **** #undef nearbyintl
1033:c:\program files\daisytoolchain\arm-none-eabi\include\c++\10.2.1\cmath **** #undef nextafter
1034:c:\program files\daisytoolchain\arm-none-eabi\include\c++\10.2.1\cmath **** #undef nextafterf
1035:c:\program files\daisytoolchain\arm-none-eabi\include\c++\10.2.1\cmath **** #undef nextafterl
1036:c:\program files\daisytoolchain\arm-none-eabi\include\c++\10.2.1\cmath **** #undef nexttoward
1037:c:\program files\daisytoolchain\arm-none-eabi\include\c++\10.2.1\cmath **** #undef nexttowardf
1038:c:\program files\daisytoolchain\arm-none-eabi\include\c++\10.2.1\cmath **** #undef nexttowardl
1039:c:\program files\daisytoolchain\arm-none-eabi\include\c++\10.2.1\cmath **** #undef remainder
1040:c:\program files\daisytoolchain\arm-none-eabi\include\c++\10.2.1\cmath **** #undef remainderf
1041:c:\program files\daisytoolchain\arm-none-eabi\include\c++\10.2.1\cmath **** #undef remainderl
1042:c:\program files\daisytoolchain\arm-none-eabi\include\c++\10.2.1\cmath **** #undef remquo
1043:c:\program files\daisytoolchain\arm-none-eabi\include\c++\10.2.1\cmath **** #undef remquof
1044:c:\program files\daisytoolchain\arm-none-eabi\include\c++\10.2.1\cmath **** #undef remquol
1045:c:\program files\daisytoolchain\arm-none-eabi\include\c++\10.2.1\cmath **** #undef rint
1046:c:\program files\daisytoolchain\arm-none-eabi\include\c++\10.2.1\cmath **** #undef rintf
1047:c:\program files\daisytoolchain\arm-none-eabi\include\c++\10.2.1\cmath **** #undef rintl
1048:c:\program files\daisytoolchain\arm-none-eabi\include\c++\10.2.1\cmath **** #undef round
1049:c:\program files\daisytoolchain\arm-none-eabi\include\c++\10.2.1\cmath **** #undef roundf
1050:c:\program files\daisytoolchain\arm-none-eabi\include\c++\10.2.1\cmath **** #undef roundl
1051:c:\program files\daisytoolchain\arm-none-eabi\include\c++\10.2.1\cmath **** #undef scalbln
1052:c:\program files\daisytoolchain\arm-none-eabi\include\c++\10.2.1\cmath **** #undef scalblnf
1053:c:\program files\daisytoolchain\arm-none-eabi\include\c++\10.2.1\cmath **** #undef scalblnl
1054:c:\program files\daisytoolchain\arm-none-eabi\include\c++\10.2.1\cmath **** #undef scalbn
1055:c:\program files\daisytoolchain\arm-none-eabi\include\c++\10.2.1\cmath **** #undef scalbnf
1056:c:\program files\daisytoolchain\arm-none-eabi\include\c++\10.2.1\cmath **** #undef scalbnl
1057:c:\program files\daisytoolchain\arm-none-eabi\include\c++\10.2.1\cmath **** #undef tgamma
1058:c:\program files\daisytoolchain\arm-none-eabi\include\c++\10.2.1\cmath **** #undef tgammaf
1059:c:\program files\daisytoolchain\arm-none-eabi\include\c++\10.2.1\cmath **** #undef tgammal
1060:c:\program files\daisytoolchain\arm-none-eabi\include\c++\10.2.1\cmath **** #undef trunc
1061:c:\program files\daisytoolchain\arm-none-eabi\include\c++\10.2.1\cmath **** #undef truncf
1062:c:\program files\daisytoolchain\arm-none-eabi\include\c++\10.2.1\cmath **** #undef truncl
ARM GAS  C:\Users\aydan\AppData\Local\Temp\ccPU8E4p.s 			page 99


1063:c:\program files\daisytoolchain\arm-none-eabi\include\c++\10.2.1\cmath **** 
1064:c:\program files\daisytoolchain\arm-none-eabi\include\c++\10.2.1\cmath ****   // types
1065:c:\program files\daisytoolchain\arm-none-eabi\include\c++\10.2.1\cmath ****   using ::double_t;
1066:c:\program files\daisytoolchain\arm-none-eabi\include\c++\10.2.1\cmath ****   using ::float_t;
1067:c:\program files\daisytoolchain\arm-none-eabi\include\c++\10.2.1\cmath **** 
1068:c:\program files\daisytoolchain\arm-none-eabi\include\c++\10.2.1\cmath ****   // functions
1069:c:\program files\daisytoolchain\arm-none-eabi\include\c++\10.2.1\cmath ****   using ::acosh;
1070:c:\program files\daisytoolchain\arm-none-eabi\include\c++\10.2.1\cmath ****   using ::acoshf;
1071:c:\program files\daisytoolchain\arm-none-eabi\include\c++\10.2.1\cmath ****   using ::acoshl;
1072:c:\program files\daisytoolchain\arm-none-eabi\include\c++\10.2.1\cmath **** 
1073:c:\program files\daisytoolchain\arm-none-eabi\include\c++\10.2.1\cmath ****   using ::asinh;
1074:c:\program files\daisytoolchain\arm-none-eabi\include\c++\10.2.1\cmath ****   using ::asinhf;
1075:c:\program files\daisytoolchain\arm-none-eabi\include\c++\10.2.1\cmath ****   using ::asinhl;
1076:c:\program files\daisytoolchain\arm-none-eabi\include\c++\10.2.1\cmath **** 
1077:c:\program files\daisytoolchain\arm-none-eabi\include\c++\10.2.1\cmath ****   using ::atanh;
1078:c:\program files\daisytoolchain\arm-none-eabi\include\c++\10.2.1\cmath ****   using ::atanhf;
1079:c:\program files\daisytoolchain\arm-none-eabi\include\c++\10.2.1\cmath ****   using ::atanhl;
1080:c:\program files\daisytoolchain\arm-none-eabi\include\c++\10.2.1\cmath **** 
1081:c:\program files\daisytoolchain\arm-none-eabi\include\c++\10.2.1\cmath ****   using ::cbrt;
1082:c:\program files\daisytoolchain\arm-none-eabi\include\c++\10.2.1\cmath ****   using ::cbrtf;
1083:c:\program files\daisytoolchain\arm-none-eabi\include\c++\10.2.1\cmath ****   using ::cbrtl;
1084:c:\program files\daisytoolchain\arm-none-eabi\include\c++\10.2.1\cmath **** 
1085:c:\program files\daisytoolchain\arm-none-eabi\include\c++\10.2.1\cmath ****   using ::copysign;
1086:c:\program files\daisytoolchain\arm-none-eabi\include\c++\10.2.1\cmath ****   using ::copysignf;
1087:c:\program files\daisytoolchain\arm-none-eabi\include\c++\10.2.1\cmath ****   using ::copysignl;
1088:c:\program files\daisytoolchain\arm-none-eabi\include\c++\10.2.1\cmath **** 
1089:c:\program files\daisytoolchain\arm-none-eabi\include\c++\10.2.1\cmath ****   using ::erf;
1090:c:\program files\daisytoolchain\arm-none-eabi\include\c++\10.2.1\cmath ****   using ::erff;
1091:c:\program files\daisytoolchain\arm-none-eabi\include\c++\10.2.1\cmath ****   using ::erfl;
1092:c:\program files\daisytoolchain\arm-none-eabi\include\c++\10.2.1\cmath **** 
1093:c:\program files\daisytoolchain\arm-none-eabi\include\c++\10.2.1\cmath ****   using ::erfc;
1094:c:\program files\daisytoolchain\arm-none-eabi\include\c++\10.2.1\cmath ****   using ::erfcf;
1095:c:\program files\daisytoolchain\arm-none-eabi\include\c++\10.2.1\cmath ****   using ::erfcl;
1096:c:\program files\daisytoolchain\arm-none-eabi\include\c++\10.2.1\cmath **** 
1097:c:\program files\daisytoolchain\arm-none-eabi\include\c++\10.2.1\cmath ****   using ::exp2;
1098:c:\program files\daisytoolchain\arm-none-eabi\include\c++\10.2.1\cmath ****   using ::exp2f;
1099:c:\program files\daisytoolchain\arm-none-eabi\include\c++\10.2.1\cmath ****   using ::exp2l;
1100:c:\program files\daisytoolchain\arm-none-eabi\include\c++\10.2.1\cmath **** 
1101:c:\program files\daisytoolchain\arm-none-eabi\include\c++\10.2.1\cmath ****   using ::expm1;
1102:c:\program files\daisytoolchain\arm-none-eabi\include\c++\10.2.1\cmath ****   using ::expm1f;
1103:c:\program files\daisytoolchain\arm-none-eabi\include\c++\10.2.1\cmath ****   using ::expm1l;
1104:c:\program files\daisytoolchain\arm-none-eabi\include\c++\10.2.1\cmath **** 
1105:c:\program files\daisytoolchain\arm-none-eabi\include\c++\10.2.1\cmath ****   using ::fdim;
1106:c:\program files\daisytoolchain\arm-none-eabi\include\c++\10.2.1\cmath ****   using ::fdimf;
1107:c:\program files\daisytoolchain\arm-none-eabi\include\c++\10.2.1\cmath ****   using ::fdiml;
1108:c:\program files\daisytoolchain\arm-none-eabi\include\c++\10.2.1\cmath **** 
1109:c:\program files\daisytoolchain\arm-none-eabi\include\c++\10.2.1\cmath ****   using ::fma;
1110:c:\program files\daisytoolchain\arm-none-eabi\include\c++\10.2.1\cmath ****   using ::fmaf;
1111:c:\program files\daisytoolchain\arm-none-eabi\include\c++\10.2.1\cmath ****   using ::fmal;
1112:c:\program files\daisytoolchain\arm-none-eabi\include\c++\10.2.1\cmath **** 
1113:c:\program files\daisytoolchain\arm-none-eabi\include\c++\10.2.1\cmath ****   using ::fmax;
1114:c:\program files\daisytoolchain\arm-none-eabi\include\c++\10.2.1\cmath ****   using ::fmaxf;
1115:c:\program files\daisytoolchain\arm-none-eabi\include\c++\10.2.1\cmath ****   using ::fmaxl;
1116:c:\program files\daisytoolchain\arm-none-eabi\include\c++\10.2.1\cmath **** 
1117:c:\program files\daisytoolchain\arm-none-eabi\include\c++\10.2.1\cmath ****   using ::fmin;
1118:c:\program files\daisytoolchain\arm-none-eabi\include\c++\10.2.1\cmath ****   using ::fminf;
1119:c:\program files\daisytoolchain\arm-none-eabi\include\c++\10.2.1\cmath ****   using ::fminl;
ARM GAS  C:\Users\aydan\AppData\Local\Temp\ccPU8E4p.s 			page 100


1120:c:\program files\daisytoolchain\arm-none-eabi\include\c++\10.2.1\cmath **** 
1121:c:\program files\daisytoolchain\arm-none-eabi\include\c++\10.2.1\cmath ****   using ::hypot;
1122:c:\program files\daisytoolchain\arm-none-eabi\include\c++\10.2.1\cmath ****   using ::hypotf;
1123:c:\program files\daisytoolchain\arm-none-eabi\include\c++\10.2.1\cmath ****   using ::hypotl;
1124:c:\program files\daisytoolchain\arm-none-eabi\include\c++\10.2.1\cmath **** 
1125:c:\program files\daisytoolchain\arm-none-eabi\include\c++\10.2.1\cmath ****   using ::ilogb;
1126:c:\program files\daisytoolchain\arm-none-eabi\include\c++\10.2.1\cmath ****   using ::ilogbf;
1127:c:\program files\daisytoolchain\arm-none-eabi\include\c++\10.2.1\cmath ****   using ::ilogbl;
1128:c:\program files\daisytoolchain\arm-none-eabi\include\c++\10.2.1\cmath **** 
1129:c:\program files\daisytoolchain\arm-none-eabi\include\c++\10.2.1\cmath ****   using ::lgamma;
1130:c:\program files\daisytoolchain\arm-none-eabi\include\c++\10.2.1\cmath ****   using ::lgammaf;
1131:c:\program files\daisytoolchain\arm-none-eabi\include\c++\10.2.1\cmath ****   using ::lgammal;
1132:c:\program files\daisytoolchain\arm-none-eabi\include\c++\10.2.1\cmath **** 
1133:c:\program files\daisytoolchain\arm-none-eabi\include\c++\10.2.1\cmath **** #ifndef _GLIBCXX_NO_C99_ROUNDING_FUNCS
1134:c:\program files\daisytoolchain\arm-none-eabi\include\c++\10.2.1\cmath ****   using ::llrint;
1135:c:\program files\daisytoolchain\arm-none-eabi\include\c++\10.2.1\cmath ****   using ::llrintf;
1136:c:\program files\daisytoolchain\arm-none-eabi\include\c++\10.2.1\cmath ****   using ::llrintl;
1137:c:\program files\daisytoolchain\arm-none-eabi\include\c++\10.2.1\cmath **** 
1138:c:\program files\daisytoolchain\arm-none-eabi\include\c++\10.2.1\cmath ****   using ::llround;
1139:c:\program files\daisytoolchain\arm-none-eabi\include\c++\10.2.1\cmath ****   using ::llroundf;
1140:c:\program files\daisytoolchain\arm-none-eabi\include\c++\10.2.1\cmath ****   using ::llroundl;
1141:c:\program files\daisytoolchain\arm-none-eabi\include\c++\10.2.1\cmath **** #endif
1142:c:\program files\daisytoolchain\arm-none-eabi\include\c++\10.2.1\cmath **** 
1143:c:\program files\daisytoolchain\arm-none-eabi\include\c++\10.2.1\cmath ****   using ::log1p;
1144:c:\program files\daisytoolchain\arm-none-eabi\include\c++\10.2.1\cmath ****   using ::log1pf;
1145:c:\program files\daisytoolchain\arm-none-eabi\include\c++\10.2.1\cmath ****   using ::log1pl;
1146:c:\program files\daisytoolchain\arm-none-eabi\include\c++\10.2.1\cmath **** 
1147:c:\program files\daisytoolchain\arm-none-eabi\include\c++\10.2.1\cmath ****   using ::log2;
1148:c:\program files\daisytoolchain\arm-none-eabi\include\c++\10.2.1\cmath ****   using ::log2f;
1149:c:\program files\daisytoolchain\arm-none-eabi\include\c++\10.2.1\cmath ****   using ::log2l;
1150:c:\program files\daisytoolchain\arm-none-eabi\include\c++\10.2.1\cmath **** 
1151:c:\program files\daisytoolchain\arm-none-eabi\include\c++\10.2.1\cmath ****   using ::logb;
1152:c:\program files\daisytoolchain\arm-none-eabi\include\c++\10.2.1\cmath ****   using ::logbf;
1153:c:\program files\daisytoolchain\arm-none-eabi\include\c++\10.2.1\cmath ****   using ::logbl;
1154:c:\program files\daisytoolchain\arm-none-eabi\include\c++\10.2.1\cmath **** 
1155:c:\program files\daisytoolchain\arm-none-eabi\include\c++\10.2.1\cmath ****   using ::lrint;
1156:c:\program files\daisytoolchain\arm-none-eabi\include\c++\10.2.1\cmath ****   using ::lrintf;
1157:c:\program files\daisytoolchain\arm-none-eabi\include\c++\10.2.1\cmath ****   using ::lrintl;
1158:c:\program files\daisytoolchain\arm-none-eabi\include\c++\10.2.1\cmath **** 
1159:c:\program files\daisytoolchain\arm-none-eabi\include\c++\10.2.1\cmath ****   using ::lround;
1160:c:\program files\daisytoolchain\arm-none-eabi\include\c++\10.2.1\cmath ****   using ::lroundf;
1161:c:\program files\daisytoolchain\arm-none-eabi\include\c++\10.2.1\cmath ****   using ::lroundl;
1162:c:\program files\daisytoolchain\arm-none-eabi\include\c++\10.2.1\cmath **** 
1163:c:\program files\daisytoolchain\arm-none-eabi\include\c++\10.2.1\cmath ****   using ::nan;
1164:c:\program files\daisytoolchain\arm-none-eabi\include\c++\10.2.1\cmath ****   using ::nanf;
1165:c:\program files\daisytoolchain\arm-none-eabi\include\c++\10.2.1\cmath ****   using ::nanl;
1166:c:\program files\daisytoolchain\arm-none-eabi\include\c++\10.2.1\cmath **** 
1167:c:\program files\daisytoolchain\arm-none-eabi\include\c++\10.2.1\cmath ****   using ::nearbyint;
1168:c:\program files\daisytoolchain\arm-none-eabi\include\c++\10.2.1\cmath ****   using ::nearbyintf;
1169:c:\program files\daisytoolchain\arm-none-eabi\include\c++\10.2.1\cmath ****   using ::nearbyintl;
1170:c:\program files\daisytoolchain\arm-none-eabi\include\c++\10.2.1\cmath **** 
1171:c:\program files\daisytoolchain\arm-none-eabi\include\c++\10.2.1\cmath ****   using ::nextafter;
1172:c:\program files\daisytoolchain\arm-none-eabi\include\c++\10.2.1\cmath ****   using ::nextafterf;
1173:c:\program files\daisytoolchain\arm-none-eabi\include\c++\10.2.1\cmath ****   using ::nextafterl;
1174:c:\program files\daisytoolchain\arm-none-eabi\include\c++\10.2.1\cmath **** 
1175:c:\program files\daisytoolchain\arm-none-eabi\include\c++\10.2.1\cmath ****   using ::nexttoward;
1176:c:\program files\daisytoolchain\arm-none-eabi\include\c++\10.2.1\cmath ****   using ::nexttowardf;
ARM GAS  C:\Users\aydan\AppData\Local\Temp\ccPU8E4p.s 			page 101


1177:c:\program files\daisytoolchain\arm-none-eabi\include\c++\10.2.1\cmath ****   using ::nexttowardl;
1178:c:\program files\daisytoolchain\arm-none-eabi\include\c++\10.2.1\cmath **** 
1179:c:\program files\daisytoolchain\arm-none-eabi\include\c++\10.2.1\cmath ****   using ::remainder;
1180:c:\program files\daisytoolchain\arm-none-eabi\include\c++\10.2.1\cmath ****   using ::remainderf;
1181:c:\program files\daisytoolchain\arm-none-eabi\include\c++\10.2.1\cmath ****   using ::remainderl;
1182:c:\program files\daisytoolchain\arm-none-eabi\include\c++\10.2.1\cmath **** 
1183:c:\program files\daisytoolchain\arm-none-eabi\include\c++\10.2.1\cmath ****   using ::remquo;
1184:c:\program files\daisytoolchain\arm-none-eabi\include\c++\10.2.1\cmath ****   using ::remquof;
1185:c:\program files\daisytoolchain\arm-none-eabi\include\c++\10.2.1\cmath ****   using ::remquol;
1186:c:\program files\daisytoolchain\arm-none-eabi\include\c++\10.2.1\cmath **** 
1187:c:\program files\daisytoolchain\arm-none-eabi\include\c++\10.2.1\cmath ****   using ::rint;
1188:c:\program files\daisytoolchain\arm-none-eabi\include\c++\10.2.1\cmath ****   using ::rintf;
1189:c:\program files\daisytoolchain\arm-none-eabi\include\c++\10.2.1\cmath ****   using ::rintl;
1190:c:\program files\daisytoolchain\arm-none-eabi\include\c++\10.2.1\cmath **** 
1191:c:\program files\daisytoolchain\arm-none-eabi\include\c++\10.2.1\cmath ****   using ::round;
1192:c:\program files\daisytoolchain\arm-none-eabi\include\c++\10.2.1\cmath ****   using ::roundf;
1193:c:\program files\daisytoolchain\arm-none-eabi\include\c++\10.2.1\cmath ****   using ::roundl;
1194:c:\program files\daisytoolchain\arm-none-eabi\include\c++\10.2.1\cmath **** 
1195:c:\program files\daisytoolchain\arm-none-eabi\include\c++\10.2.1\cmath ****   using ::scalbln;
1196:c:\program files\daisytoolchain\arm-none-eabi\include\c++\10.2.1\cmath ****   using ::scalblnf;
1197:c:\program files\daisytoolchain\arm-none-eabi\include\c++\10.2.1\cmath ****   using ::scalblnl;
1198:c:\program files\daisytoolchain\arm-none-eabi\include\c++\10.2.1\cmath **** 
1199:c:\program files\daisytoolchain\arm-none-eabi\include\c++\10.2.1\cmath ****   using ::scalbn;
1200:c:\program files\daisytoolchain\arm-none-eabi\include\c++\10.2.1\cmath ****   using ::scalbnf;
1201:c:\program files\daisytoolchain\arm-none-eabi\include\c++\10.2.1\cmath ****   using ::scalbnl;
1202:c:\program files\daisytoolchain\arm-none-eabi\include\c++\10.2.1\cmath **** 
1203:c:\program files\daisytoolchain\arm-none-eabi\include\c++\10.2.1\cmath ****   using ::tgamma;
1204:c:\program files\daisytoolchain\arm-none-eabi\include\c++\10.2.1\cmath ****   using ::tgammaf;
1205:c:\program files\daisytoolchain\arm-none-eabi\include\c++\10.2.1\cmath ****   using ::tgammal;
1206:c:\program files\daisytoolchain\arm-none-eabi\include\c++\10.2.1\cmath **** 
1207:c:\program files\daisytoolchain\arm-none-eabi\include\c++\10.2.1\cmath ****   using ::trunc;
1208:c:\program files\daisytoolchain\arm-none-eabi\include\c++\10.2.1\cmath ****   using ::truncf;
1209:c:\program files\daisytoolchain\arm-none-eabi\include\c++\10.2.1\cmath ****   using ::truncl;
1210:c:\program files\daisytoolchain\arm-none-eabi\include\c++\10.2.1\cmath **** 
1211:c:\program files\daisytoolchain\arm-none-eabi\include\c++\10.2.1\cmath ****   /// Additional overloads.
1212:c:\program files\daisytoolchain\arm-none-eabi\include\c++\10.2.1\cmath **** #ifndef __CORRECT_ISO_CPP11_MATH_H_PROTO_FP
1213:c:\program files\daisytoolchain\arm-none-eabi\include\c++\10.2.1\cmath ****   constexpr float
1214:c:\program files\daisytoolchain\arm-none-eabi\include\c++\10.2.1\cmath ****   acosh(float __x)
1215:c:\program files\daisytoolchain\arm-none-eabi\include\c++\10.2.1\cmath ****   { return __builtin_acoshf(__x); }
1216:c:\program files\daisytoolchain\arm-none-eabi\include\c++\10.2.1\cmath **** 
1217:c:\program files\daisytoolchain\arm-none-eabi\include\c++\10.2.1\cmath ****   constexpr long double
1218:c:\program files\daisytoolchain\arm-none-eabi\include\c++\10.2.1\cmath ****   acosh(long double __x)
1219:c:\program files\daisytoolchain\arm-none-eabi\include\c++\10.2.1\cmath ****   { return __builtin_acoshl(__x); }
1220:c:\program files\daisytoolchain\arm-none-eabi\include\c++\10.2.1\cmath **** #endif
1221:c:\program files\daisytoolchain\arm-none-eabi\include\c++\10.2.1\cmath **** 
1222:c:\program files\daisytoolchain\arm-none-eabi\include\c++\10.2.1\cmath **** #ifndef __CORRECT_ISO_CPP11_MATH_H_PROTO_INT
1223:c:\program files\daisytoolchain\arm-none-eabi\include\c++\10.2.1\cmath ****   template<typename _Tp>
1224:c:\program files\daisytoolchain\arm-none-eabi\include\c++\10.2.1\cmath ****     constexpr typename __gnu_cxx::__enable_if<__is_integer<_Tp>::__value, 
1225:c:\program files\daisytoolchain\arm-none-eabi\include\c++\10.2.1\cmath ****                                               double>::__type
1226:c:\program files\daisytoolchain\arm-none-eabi\include\c++\10.2.1\cmath ****     acosh(_Tp __x)
1227:c:\program files\daisytoolchain\arm-none-eabi\include\c++\10.2.1\cmath ****     { return __builtin_acosh(__x); }
1228:c:\program files\daisytoolchain\arm-none-eabi\include\c++\10.2.1\cmath **** #endif
1229:c:\program files\daisytoolchain\arm-none-eabi\include\c++\10.2.1\cmath **** 
1230:c:\program files\daisytoolchain\arm-none-eabi\include\c++\10.2.1\cmath **** #ifndef __CORRECT_ISO_CPP11_MATH_H_PROTO_FP
1231:c:\program files\daisytoolchain\arm-none-eabi\include\c++\10.2.1\cmath ****   constexpr float
1232:c:\program files\daisytoolchain\arm-none-eabi\include\c++\10.2.1\cmath ****   asinh(float __x)
1233:c:\program files\daisytoolchain\arm-none-eabi\include\c++\10.2.1\cmath ****   { return __builtin_asinhf(__x); }
ARM GAS  C:\Users\aydan\AppData\Local\Temp\ccPU8E4p.s 			page 102


1234:c:\program files\daisytoolchain\arm-none-eabi\include\c++\10.2.1\cmath **** 
1235:c:\program files\daisytoolchain\arm-none-eabi\include\c++\10.2.1\cmath ****   constexpr long double
1236:c:\program files\daisytoolchain\arm-none-eabi\include\c++\10.2.1\cmath ****   asinh(long double __x)
1237:c:\program files\daisytoolchain\arm-none-eabi\include\c++\10.2.1\cmath ****   { return __builtin_asinhl(__x); }
1238:c:\program files\daisytoolchain\arm-none-eabi\include\c++\10.2.1\cmath **** #endif
1239:c:\program files\daisytoolchain\arm-none-eabi\include\c++\10.2.1\cmath **** 
1240:c:\program files\daisytoolchain\arm-none-eabi\include\c++\10.2.1\cmath **** #ifndef __CORRECT_ISO_CPP11_MATH_H_PROTO_INT
1241:c:\program files\daisytoolchain\arm-none-eabi\include\c++\10.2.1\cmath ****   template<typename _Tp>
1242:c:\program files\daisytoolchain\arm-none-eabi\include\c++\10.2.1\cmath ****     constexpr typename __gnu_cxx::__enable_if<__is_integer<_Tp>::__value, 
1243:c:\program files\daisytoolchain\arm-none-eabi\include\c++\10.2.1\cmath ****                                               double>::__type
1244:c:\program files\daisytoolchain\arm-none-eabi\include\c++\10.2.1\cmath ****     asinh(_Tp __x)
1245:c:\program files\daisytoolchain\arm-none-eabi\include\c++\10.2.1\cmath ****     { return __builtin_asinh(__x); }
1246:c:\program files\daisytoolchain\arm-none-eabi\include\c++\10.2.1\cmath **** #endif
1247:c:\program files\daisytoolchain\arm-none-eabi\include\c++\10.2.1\cmath **** 
1248:c:\program files\daisytoolchain\arm-none-eabi\include\c++\10.2.1\cmath **** #ifndef __CORRECT_ISO_CPP11_MATH_H_PROTO_FP
1249:c:\program files\daisytoolchain\arm-none-eabi\include\c++\10.2.1\cmath ****   constexpr float
1250:c:\program files\daisytoolchain\arm-none-eabi\include\c++\10.2.1\cmath ****   atanh(float __x)
1251:c:\program files\daisytoolchain\arm-none-eabi\include\c++\10.2.1\cmath ****   { return __builtin_atanhf(__x); }
1252:c:\program files\daisytoolchain\arm-none-eabi\include\c++\10.2.1\cmath **** 
1253:c:\program files\daisytoolchain\arm-none-eabi\include\c++\10.2.1\cmath ****   constexpr long double
1254:c:\program files\daisytoolchain\arm-none-eabi\include\c++\10.2.1\cmath ****   atanh(long double __x)
1255:c:\program files\daisytoolchain\arm-none-eabi\include\c++\10.2.1\cmath ****   { return __builtin_atanhl(__x); }
1256:c:\program files\daisytoolchain\arm-none-eabi\include\c++\10.2.1\cmath **** #endif
1257:c:\program files\daisytoolchain\arm-none-eabi\include\c++\10.2.1\cmath **** 
1258:c:\program files\daisytoolchain\arm-none-eabi\include\c++\10.2.1\cmath **** #ifndef __CORRECT_ISO_CPP11_MATH_H_PROTO_INT
1259:c:\program files\daisytoolchain\arm-none-eabi\include\c++\10.2.1\cmath ****   template<typename _Tp>
1260:c:\program files\daisytoolchain\arm-none-eabi\include\c++\10.2.1\cmath ****     constexpr typename __gnu_cxx::__enable_if<__is_integer<_Tp>::__value, 
1261:c:\program files\daisytoolchain\arm-none-eabi\include\c++\10.2.1\cmath ****                                               double>::__type
1262:c:\program files\daisytoolchain\arm-none-eabi\include\c++\10.2.1\cmath ****     atanh(_Tp __x)
1263:c:\program files\daisytoolchain\arm-none-eabi\include\c++\10.2.1\cmath ****     { return __builtin_atanh(__x); }
1264:c:\program files\daisytoolchain\arm-none-eabi\include\c++\10.2.1\cmath **** #endif
1265:c:\program files\daisytoolchain\arm-none-eabi\include\c++\10.2.1\cmath **** 
1266:c:\program files\daisytoolchain\arm-none-eabi\include\c++\10.2.1\cmath **** #ifndef __CORRECT_ISO_CPP11_MATH_H_PROTO_FP
1267:c:\program files\daisytoolchain\arm-none-eabi\include\c++\10.2.1\cmath ****   constexpr float
1268:c:\program files\daisytoolchain\arm-none-eabi\include\c++\10.2.1\cmath ****   cbrt(float __x)
1269:c:\program files\daisytoolchain\arm-none-eabi\include\c++\10.2.1\cmath ****   { return __builtin_cbrtf(__x); }
1270:c:\program files\daisytoolchain\arm-none-eabi\include\c++\10.2.1\cmath **** 
1271:c:\program files\daisytoolchain\arm-none-eabi\include\c++\10.2.1\cmath ****   constexpr long double
1272:c:\program files\daisytoolchain\arm-none-eabi\include\c++\10.2.1\cmath ****   cbrt(long double __x)
1273:c:\program files\daisytoolchain\arm-none-eabi\include\c++\10.2.1\cmath ****   { return __builtin_cbrtl(__x); }
1274:c:\program files\daisytoolchain\arm-none-eabi\include\c++\10.2.1\cmath **** #endif
1275:c:\program files\daisytoolchain\arm-none-eabi\include\c++\10.2.1\cmath **** 
1276:c:\program files\daisytoolchain\arm-none-eabi\include\c++\10.2.1\cmath **** #ifndef __CORRECT_ISO_CPP11_MATH_H_PROTO_INT
1277:c:\program files\daisytoolchain\arm-none-eabi\include\c++\10.2.1\cmath ****   template<typename _Tp>
1278:c:\program files\daisytoolchain\arm-none-eabi\include\c++\10.2.1\cmath ****     constexpr typename __gnu_cxx::__enable_if<__is_integer<_Tp>::__value, 
1279:c:\program files\daisytoolchain\arm-none-eabi\include\c++\10.2.1\cmath ****                                               double>::__type
1280:c:\program files\daisytoolchain\arm-none-eabi\include\c++\10.2.1\cmath ****     cbrt(_Tp __x)
1281:c:\program files\daisytoolchain\arm-none-eabi\include\c++\10.2.1\cmath ****     { return __builtin_cbrt(__x); }
1282:c:\program files\daisytoolchain\arm-none-eabi\include\c++\10.2.1\cmath **** #endif
1283:c:\program files\daisytoolchain\arm-none-eabi\include\c++\10.2.1\cmath **** 
1284:c:\program files\daisytoolchain\arm-none-eabi\include\c++\10.2.1\cmath **** #ifndef __CORRECT_ISO_CPP11_MATH_H_PROTO_FP
1285:c:\program files\daisytoolchain\arm-none-eabi\include\c++\10.2.1\cmath ****   constexpr float
1286:c:\program files\daisytoolchain\arm-none-eabi\include\c++\10.2.1\cmath ****   copysign(float __x, float __y)
1287:c:\program files\daisytoolchain\arm-none-eabi\include\c++\10.2.1\cmath ****   { return __builtin_copysignf(__x, __y); }
1288:c:\program files\daisytoolchain\arm-none-eabi\include\c++\10.2.1\cmath **** 
1289:c:\program files\daisytoolchain\arm-none-eabi\include\c++\10.2.1\cmath ****   constexpr long double
1290:c:\program files\daisytoolchain\arm-none-eabi\include\c++\10.2.1\cmath ****   copysign(long double __x, long double __y)
ARM GAS  C:\Users\aydan\AppData\Local\Temp\ccPU8E4p.s 			page 103


1291:c:\program files\daisytoolchain\arm-none-eabi\include\c++\10.2.1\cmath ****   { return __builtin_copysignl(__x, __y); }
1292:c:\program files\daisytoolchain\arm-none-eabi\include\c++\10.2.1\cmath **** #endif
1293:c:\program files\daisytoolchain\arm-none-eabi\include\c++\10.2.1\cmath **** 
1294:c:\program files\daisytoolchain\arm-none-eabi\include\c++\10.2.1\cmath **** #ifndef __CORRECT_ISO_CPP11_MATH_H_PROTO_INT
1295:c:\program files\daisytoolchain\arm-none-eabi\include\c++\10.2.1\cmath ****   template<typename _Tp, typename _Up>
1296:c:\program files\daisytoolchain\arm-none-eabi\include\c++\10.2.1\cmath ****     constexpr typename __gnu_cxx::__promote_2<_Tp, _Up>::__type
1297:c:\program files\daisytoolchain\arm-none-eabi\include\c++\10.2.1\cmath ****     copysign(_Tp __x, _Up __y)
1298:c:\program files\daisytoolchain\arm-none-eabi\include\c++\10.2.1\cmath ****     {
1299:c:\program files\daisytoolchain\arm-none-eabi\include\c++\10.2.1\cmath ****       typedef typename __gnu_cxx::__promote_2<_Tp, _Up>::__type __type;
1300:c:\program files\daisytoolchain\arm-none-eabi\include\c++\10.2.1\cmath ****       return copysign(__type(__x), __type(__y));
1301:c:\program files\daisytoolchain\arm-none-eabi\include\c++\10.2.1\cmath ****     }
1302:c:\program files\daisytoolchain\arm-none-eabi\include\c++\10.2.1\cmath **** #endif
1303:c:\program files\daisytoolchain\arm-none-eabi\include\c++\10.2.1\cmath **** 
1304:c:\program files\daisytoolchain\arm-none-eabi\include\c++\10.2.1\cmath **** #ifndef __CORRECT_ISO_CPP11_MATH_H_PROTO_FP
1305:c:\program files\daisytoolchain\arm-none-eabi\include\c++\10.2.1\cmath ****   constexpr float
1306:c:\program files\daisytoolchain\arm-none-eabi\include\c++\10.2.1\cmath ****   erf(float __x)
1307:c:\program files\daisytoolchain\arm-none-eabi\include\c++\10.2.1\cmath ****   { return __builtin_erff(__x); }
1308:c:\program files\daisytoolchain\arm-none-eabi\include\c++\10.2.1\cmath **** 
1309:c:\program files\daisytoolchain\arm-none-eabi\include\c++\10.2.1\cmath ****   constexpr long double
1310:c:\program files\daisytoolchain\arm-none-eabi\include\c++\10.2.1\cmath ****   erf(long double __x)
1311:c:\program files\daisytoolchain\arm-none-eabi\include\c++\10.2.1\cmath ****   { return __builtin_erfl(__x); }
1312:c:\program files\daisytoolchain\arm-none-eabi\include\c++\10.2.1\cmath **** #endif
1313:c:\program files\daisytoolchain\arm-none-eabi\include\c++\10.2.1\cmath **** 
1314:c:\program files\daisytoolchain\arm-none-eabi\include\c++\10.2.1\cmath **** #ifndef __CORRECT_ISO_CPP11_MATH_H_PROTO_INT
1315:c:\program files\daisytoolchain\arm-none-eabi\include\c++\10.2.1\cmath ****   template<typename _Tp>
1316:c:\program files\daisytoolchain\arm-none-eabi\include\c++\10.2.1\cmath ****     constexpr typename __gnu_cxx::__enable_if<__is_integer<_Tp>::__value, 
1317:c:\program files\daisytoolchain\arm-none-eabi\include\c++\10.2.1\cmath ****                                               double>::__type
1318:c:\program files\daisytoolchain\arm-none-eabi\include\c++\10.2.1\cmath ****     erf(_Tp __x)
1319:c:\program files\daisytoolchain\arm-none-eabi\include\c++\10.2.1\cmath ****     { return __builtin_erf(__x); }
1320:c:\program files\daisytoolchain\arm-none-eabi\include\c++\10.2.1\cmath **** #endif
1321:c:\program files\daisytoolchain\arm-none-eabi\include\c++\10.2.1\cmath **** 
1322:c:\program files\daisytoolchain\arm-none-eabi\include\c++\10.2.1\cmath **** #ifndef __CORRECT_ISO_CPP11_MATH_H_PROTO_FP
1323:c:\program files\daisytoolchain\arm-none-eabi\include\c++\10.2.1\cmath ****   constexpr float
1324:c:\program files\daisytoolchain\arm-none-eabi\include\c++\10.2.1\cmath ****   erfc(float __x)
1325:c:\program files\daisytoolchain\arm-none-eabi\include\c++\10.2.1\cmath ****   { return __builtin_erfcf(__x); }
1326:c:\program files\daisytoolchain\arm-none-eabi\include\c++\10.2.1\cmath **** 
1327:c:\program files\daisytoolchain\arm-none-eabi\include\c++\10.2.1\cmath ****   constexpr long double
1328:c:\program files\daisytoolchain\arm-none-eabi\include\c++\10.2.1\cmath ****   erfc(long double __x)
1329:c:\program files\daisytoolchain\arm-none-eabi\include\c++\10.2.1\cmath ****   { return __builtin_erfcl(__x); }
1330:c:\program files\daisytoolchain\arm-none-eabi\include\c++\10.2.1\cmath **** #endif
1331:c:\program files\daisytoolchain\arm-none-eabi\include\c++\10.2.1\cmath **** 
1332:c:\program files\daisytoolchain\arm-none-eabi\include\c++\10.2.1\cmath **** #ifndef __CORRECT_ISO_CPP11_MATH_H_PROTO_INT
1333:c:\program files\daisytoolchain\arm-none-eabi\include\c++\10.2.1\cmath ****   template<typename _Tp>
1334:c:\program files\daisytoolchain\arm-none-eabi\include\c++\10.2.1\cmath ****     constexpr typename __gnu_cxx::__enable_if<__is_integer<_Tp>::__value, 
1335:c:\program files\daisytoolchain\arm-none-eabi\include\c++\10.2.1\cmath ****                                               double>::__type
1336:c:\program files\daisytoolchain\arm-none-eabi\include\c++\10.2.1\cmath ****     erfc(_Tp __x)
1337:c:\program files\daisytoolchain\arm-none-eabi\include\c++\10.2.1\cmath ****     { return __builtin_erfc(__x); }
1338:c:\program files\daisytoolchain\arm-none-eabi\include\c++\10.2.1\cmath **** #endif
1339:c:\program files\daisytoolchain\arm-none-eabi\include\c++\10.2.1\cmath **** 
1340:c:\program files\daisytoolchain\arm-none-eabi\include\c++\10.2.1\cmath **** #ifndef __CORRECT_ISO_CPP11_MATH_H_PROTO_FP
1341:c:\program files\daisytoolchain\arm-none-eabi\include\c++\10.2.1\cmath ****   constexpr float
1342:c:\program files\daisytoolchain\arm-none-eabi\include\c++\10.2.1\cmath ****   exp2(float __x)
1343:c:\program files\daisytoolchain\arm-none-eabi\include\c++\10.2.1\cmath ****   { return __builtin_exp2f(__x); }
1344:c:\program files\daisytoolchain\arm-none-eabi\include\c++\10.2.1\cmath **** 
1345:c:\program files\daisytoolchain\arm-none-eabi\include\c++\10.2.1\cmath ****   constexpr long double
1346:c:\program files\daisytoolchain\arm-none-eabi\include\c++\10.2.1\cmath ****   exp2(long double __x)
1347:c:\program files\daisytoolchain\arm-none-eabi\include\c++\10.2.1\cmath ****   { return __builtin_exp2l(__x); }
ARM GAS  C:\Users\aydan\AppData\Local\Temp\ccPU8E4p.s 			page 104


1348:c:\program files\daisytoolchain\arm-none-eabi\include\c++\10.2.1\cmath **** #endif
1349:c:\program files\daisytoolchain\arm-none-eabi\include\c++\10.2.1\cmath **** 
1350:c:\program files\daisytoolchain\arm-none-eabi\include\c++\10.2.1\cmath **** #ifndef __CORRECT_ISO_CPP11_MATH_H_PROTO_INT
1351:c:\program files\daisytoolchain\arm-none-eabi\include\c++\10.2.1\cmath ****   template<typename _Tp>
1352:c:\program files\daisytoolchain\arm-none-eabi\include\c++\10.2.1\cmath ****     constexpr typename __gnu_cxx::__enable_if<__is_integer<_Tp>::__value, 
1353:c:\program files\daisytoolchain\arm-none-eabi\include\c++\10.2.1\cmath ****                                               double>::__type
1354:c:\program files\daisytoolchain\arm-none-eabi\include\c++\10.2.1\cmath ****     exp2(_Tp __x)
1355:c:\program files\daisytoolchain\arm-none-eabi\include\c++\10.2.1\cmath ****     { return __builtin_exp2(__x); }
1356:c:\program files\daisytoolchain\arm-none-eabi\include\c++\10.2.1\cmath **** #endif
1357:c:\program files\daisytoolchain\arm-none-eabi\include\c++\10.2.1\cmath **** 
1358:c:\program files\daisytoolchain\arm-none-eabi\include\c++\10.2.1\cmath **** #ifndef __CORRECT_ISO_CPP11_MATH_H_PROTO_FP
1359:c:\program files\daisytoolchain\arm-none-eabi\include\c++\10.2.1\cmath ****   constexpr float
1360:c:\program files\daisytoolchain\arm-none-eabi\include\c++\10.2.1\cmath ****   expm1(float __x)
1361:c:\program files\daisytoolchain\arm-none-eabi\include\c++\10.2.1\cmath ****   { return __builtin_expm1f(__x); }
1362:c:\program files\daisytoolchain\arm-none-eabi\include\c++\10.2.1\cmath **** 
1363:c:\program files\daisytoolchain\arm-none-eabi\include\c++\10.2.1\cmath ****   constexpr long double
1364:c:\program files\daisytoolchain\arm-none-eabi\include\c++\10.2.1\cmath ****   expm1(long double __x)
1365:c:\program files\daisytoolchain\arm-none-eabi\include\c++\10.2.1\cmath ****   { return __builtin_expm1l(__x); }
1366:c:\program files\daisytoolchain\arm-none-eabi\include\c++\10.2.1\cmath **** #endif
1367:c:\program files\daisytoolchain\arm-none-eabi\include\c++\10.2.1\cmath **** 
1368:c:\program files\daisytoolchain\arm-none-eabi\include\c++\10.2.1\cmath **** #ifndef __CORRECT_ISO_CPP11_MATH_H_PROTO_INT
1369:c:\program files\daisytoolchain\arm-none-eabi\include\c++\10.2.1\cmath ****   template<typename _Tp>
1370:c:\program files\daisytoolchain\arm-none-eabi\include\c++\10.2.1\cmath ****     constexpr typename __gnu_cxx::__enable_if<__is_integer<_Tp>::__value, 
1371:c:\program files\daisytoolchain\arm-none-eabi\include\c++\10.2.1\cmath ****                                               double>::__type
1372:c:\program files\daisytoolchain\arm-none-eabi\include\c++\10.2.1\cmath ****     expm1(_Tp __x)
1373:c:\program files\daisytoolchain\arm-none-eabi\include\c++\10.2.1\cmath ****     { return __builtin_expm1(__x); }
1374:c:\program files\daisytoolchain\arm-none-eabi\include\c++\10.2.1\cmath **** #endif
1375:c:\program files\daisytoolchain\arm-none-eabi\include\c++\10.2.1\cmath **** 
1376:c:\program files\daisytoolchain\arm-none-eabi\include\c++\10.2.1\cmath **** #ifndef __CORRECT_ISO_CPP11_MATH_H_PROTO_FP
1377:c:\program files\daisytoolchain\arm-none-eabi\include\c++\10.2.1\cmath ****   constexpr float
1378:c:\program files\daisytoolchain\arm-none-eabi\include\c++\10.2.1\cmath ****   fdim(float __x, float __y)
1379:c:\program files\daisytoolchain\arm-none-eabi\include\c++\10.2.1\cmath ****   { return __builtin_fdimf(__x, __y); }
1380:c:\program files\daisytoolchain\arm-none-eabi\include\c++\10.2.1\cmath **** 
1381:c:\program files\daisytoolchain\arm-none-eabi\include\c++\10.2.1\cmath ****   constexpr long double
1382:c:\program files\daisytoolchain\arm-none-eabi\include\c++\10.2.1\cmath ****   fdim(long double __x, long double __y)
1383:c:\program files\daisytoolchain\arm-none-eabi\include\c++\10.2.1\cmath ****   { return __builtin_fdiml(__x, __y); }
1384:c:\program files\daisytoolchain\arm-none-eabi\include\c++\10.2.1\cmath **** #endif
1385:c:\program files\daisytoolchain\arm-none-eabi\include\c++\10.2.1\cmath **** 
1386:c:\program files\daisytoolchain\arm-none-eabi\include\c++\10.2.1\cmath **** #ifndef __CORRECT_ISO_CPP11_MATH_H_PROTO_INT
1387:c:\program files\daisytoolchain\arm-none-eabi\include\c++\10.2.1\cmath ****   template<typename _Tp, typename _Up>
1388:c:\program files\daisytoolchain\arm-none-eabi\include\c++\10.2.1\cmath ****     constexpr typename __gnu_cxx::__promote_2<_Tp, _Up>::__type
1389:c:\program files\daisytoolchain\arm-none-eabi\include\c++\10.2.1\cmath ****     fdim(_Tp __x, _Up __y)
1390:c:\program files\daisytoolchain\arm-none-eabi\include\c++\10.2.1\cmath ****     {
1391:c:\program files\daisytoolchain\arm-none-eabi\include\c++\10.2.1\cmath ****       typedef typename __gnu_cxx::__promote_2<_Tp, _Up>::__type __type;
1392:c:\program files\daisytoolchain\arm-none-eabi\include\c++\10.2.1\cmath ****       return fdim(__type(__x), __type(__y));
1393:c:\program files\daisytoolchain\arm-none-eabi\include\c++\10.2.1\cmath ****     }
1394:c:\program files\daisytoolchain\arm-none-eabi\include\c++\10.2.1\cmath **** #endif
1395:c:\program files\daisytoolchain\arm-none-eabi\include\c++\10.2.1\cmath **** 
1396:c:\program files\daisytoolchain\arm-none-eabi\include\c++\10.2.1\cmath **** #ifndef __CORRECT_ISO_CPP11_MATH_H_PROTO_FP
1397:c:\program files\daisytoolchain\arm-none-eabi\include\c++\10.2.1\cmath ****   constexpr float
1398:c:\program files\daisytoolchain\arm-none-eabi\include\c++\10.2.1\cmath ****   fma(float __x, float __y, float __z)
1399:c:\program files\daisytoolchain\arm-none-eabi\include\c++\10.2.1\cmath ****   { return __builtin_fmaf(__x, __y, __z); }
1400:c:\program files\daisytoolchain\arm-none-eabi\include\c++\10.2.1\cmath **** 
1401:c:\program files\daisytoolchain\arm-none-eabi\include\c++\10.2.1\cmath ****   constexpr long double
1402:c:\program files\daisytoolchain\arm-none-eabi\include\c++\10.2.1\cmath ****   fma(long double __x, long double __y, long double __z)
1403:c:\program files\daisytoolchain\arm-none-eabi\include\c++\10.2.1\cmath ****   { return __builtin_fmal(__x, __y, __z); }
1404:c:\program files\daisytoolchain\arm-none-eabi\include\c++\10.2.1\cmath **** #endif
ARM GAS  C:\Users\aydan\AppData\Local\Temp\ccPU8E4p.s 			page 105


1405:c:\program files\daisytoolchain\arm-none-eabi\include\c++\10.2.1\cmath **** 
1406:c:\program files\daisytoolchain\arm-none-eabi\include\c++\10.2.1\cmath **** #ifndef __CORRECT_ISO_CPP11_MATH_H_PROTO_INT
1407:c:\program files\daisytoolchain\arm-none-eabi\include\c++\10.2.1\cmath ****   template<typename _Tp, typename _Up, typename _Vp>
1408:c:\program files\daisytoolchain\arm-none-eabi\include\c++\10.2.1\cmath ****     constexpr typename __gnu_cxx::__promote_3<_Tp, _Up, _Vp>::__type
1409:c:\program files\daisytoolchain\arm-none-eabi\include\c++\10.2.1\cmath ****     fma(_Tp __x, _Up __y, _Vp __z)
1410:c:\program files\daisytoolchain\arm-none-eabi\include\c++\10.2.1\cmath ****     {
1411:c:\program files\daisytoolchain\arm-none-eabi\include\c++\10.2.1\cmath ****       typedef typename __gnu_cxx::__promote_3<_Tp, _Up, _Vp>::__type __type;
1412:c:\program files\daisytoolchain\arm-none-eabi\include\c++\10.2.1\cmath ****       return fma(__type(__x), __type(__y), __type(__z));
1413:c:\program files\daisytoolchain\arm-none-eabi\include\c++\10.2.1\cmath ****     }
1414:c:\program files\daisytoolchain\arm-none-eabi\include\c++\10.2.1\cmath **** #endif
1415:c:\program files\daisytoolchain\arm-none-eabi\include\c++\10.2.1\cmath **** 
1416:c:\program files\daisytoolchain\arm-none-eabi\include\c++\10.2.1\cmath **** #ifndef __CORRECT_ISO_CPP11_MATH_H_PROTO_FP
1417:c:\program files\daisytoolchain\arm-none-eabi\include\c++\10.2.1\cmath ****   constexpr float
1418:c:\program files\daisytoolchain\arm-none-eabi\include\c++\10.2.1\cmath ****   fmax(float __x, float __y)
1419:c:\program files\daisytoolchain\arm-none-eabi\include\c++\10.2.1\cmath ****   { return __builtin_fmaxf(__x, __y); }
1420:c:\program files\daisytoolchain\arm-none-eabi\include\c++\10.2.1\cmath **** 
1421:c:\program files\daisytoolchain\arm-none-eabi\include\c++\10.2.1\cmath ****   constexpr long double
1422:c:\program files\daisytoolchain\arm-none-eabi\include\c++\10.2.1\cmath ****   fmax(long double __x, long double __y)
1423:c:\program files\daisytoolchain\arm-none-eabi\include\c++\10.2.1\cmath ****   { return __builtin_fmaxl(__x, __y); }
1424:c:\program files\daisytoolchain\arm-none-eabi\include\c++\10.2.1\cmath **** #endif
1425:c:\program files\daisytoolchain\arm-none-eabi\include\c++\10.2.1\cmath **** 
1426:c:\program files\daisytoolchain\arm-none-eabi\include\c++\10.2.1\cmath **** #ifndef __CORRECT_ISO_CPP11_MATH_H_PROTO_INT
1427:c:\program files\daisytoolchain\arm-none-eabi\include\c++\10.2.1\cmath ****   template<typename _Tp, typename _Up>
1428:c:\program files\daisytoolchain\arm-none-eabi\include\c++\10.2.1\cmath ****     constexpr typename __gnu_cxx::__promote_2<_Tp, _Up>::__type
1429:c:\program files\daisytoolchain\arm-none-eabi\include\c++\10.2.1\cmath ****     fmax(_Tp __x, _Up __y)
1430:c:\program files\daisytoolchain\arm-none-eabi\include\c++\10.2.1\cmath ****     {
1431:c:\program files\daisytoolchain\arm-none-eabi\include\c++\10.2.1\cmath ****       typedef typename __gnu_cxx::__promote_2<_Tp, _Up>::__type __type;
1432:c:\program files\daisytoolchain\arm-none-eabi\include\c++\10.2.1\cmath ****       return fmax(__type(__x), __type(__y));
1433:c:\program files\daisytoolchain\arm-none-eabi\include\c++\10.2.1\cmath ****     }
1434:c:\program files\daisytoolchain\arm-none-eabi\include\c++\10.2.1\cmath **** #endif
1435:c:\program files\daisytoolchain\arm-none-eabi\include\c++\10.2.1\cmath **** 
1436:c:\program files\daisytoolchain\arm-none-eabi\include\c++\10.2.1\cmath **** #ifndef __CORRECT_ISO_CPP11_MATH_H_PROTO_FP
1437:c:\program files\daisytoolchain\arm-none-eabi\include\c++\10.2.1\cmath ****   constexpr float
1438:c:\program files\daisytoolchain\arm-none-eabi\include\c++\10.2.1\cmath ****   fmin(float __x, float __y)
1439:c:\program files\daisytoolchain\arm-none-eabi\include\c++\10.2.1\cmath ****   { return __builtin_fminf(__x, __y); }
1440:c:\program files\daisytoolchain\arm-none-eabi\include\c++\10.2.1\cmath **** 
1441:c:\program files\daisytoolchain\arm-none-eabi\include\c++\10.2.1\cmath ****   constexpr long double
1442:c:\program files\daisytoolchain\arm-none-eabi\include\c++\10.2.1\cmath ****   fmin(long double __x, long double __y)
1443:c:\program files\daisytoolchain\arm-none-eabi\include\c++\10.2.1\cmath ****   { return __builtin_fminl(__x, __y); }
1444:c:\program files\daisytoolchain\arm-none-eabi\include\c++\10.2.1\cmath **** #endif
1445:c:\program files\daisytoolchain\arm-none-eabi\include\c++\10.2.1\cmath **** 
1446:c:\program files\daisytoolchain\arm-none-eabi\include\c++\10.2.1\cmath **** #ifndef __CORRECT_ISO_CPP11_MATH_H_PROTO_INT
1447:c:\program files\daisytoolchain\arm-none-eabi\include\c++\10.2.1\cmath ****   template<typename _Tp, typename _Up>
1448:c:\program files\daisytoolchain\arm-none-eabi\include\c++\10.2.1\cmath ****     constexpr typename __gnu_cxx::__promote_2<_Tp, _Up>::__type
1449:c:\program files\daisytoolchain\arm-none-eabi\include\c++\10.2.1\cmath ****     fmin(_Tp __x, _Up __y)
1450:c:\program files\daisytoolchain\arm-none-eabi\include\c++\10.2.1\cmath ****     {
1451:c:\program files\daisytoolchain\arm-none-eabi\include\c++\10.2.1\cmath ****       typedef typename __gnu_cxx::__promote_2<_Tp, _Up>::__type __type;
1452:c:\program files\daisytoolchain\arm-none-eabi\include\c++\10.2.1\cmath ****       return fmin(__type(__x), __type(__y));
1453:c:\program files\daisytoolchain\arm-none-eabi\include\c++\10.2.1\cmath ****     }
1454:c:\program files\daisytoolchain\arm-none-eabi\include\c++\10.2.1\cmath **** #endif
1455:c:\program files\daisytoolchain\arm-none-eabi\include\c++\10.2.1\cmath **** 
1456:c:\program files\daisytoolchain\arm-none-eabi\include\c++\10.2.1\cmath **** #ifndef __CORRECT_ISO_CPP11_MATH_H_PROTO_FP
1457:c:\program files\daisytoolchain\arm-none-eabi\include\c++\10.2.1\cmath ****   constexpr float
1458:c:\program files\daisytoolchain\arm-none-eabi\include\c++\10.2.1\cmath ****   hypot(float __x, float __y)
1459:c:\program files\daisytoolchain\arm-none-eabi\include\c++\10.2.1\cmath ****   { return __builtin_hypotf(__x, __y); }
1460:c:\program files\daisytoolchain\arm-none-eabi\include\c++\10.2.1\cmath **** 
1461:c:\program files\daisytoolchain\arm-none-eabi\include\c++\10.2.1\cmath ****   constexpr long double
ARM GAS  C:\Users\aydan\AppData\Local\Temp\ccPU8E4p.s 			page 106


1462:c:\program files\daisytoolchain\arm-none-eabi\include\c++\10.2.1\cmath ****   hypot(long double __x, long double __y)
1463:c:\program files\daisytoolchain\arm-none-eabi\include\c++\10.2.1\cmath ****   { return __builtin_hypotl(__x, __y); }
1464:c:\program files\daisytoolchain\arm-none-eabi\include\c++\10.2.1\cmath **** #endif
1465:c:\program files\daisytoolchain\arm-none-eabi\include\c++\10.2.1\cmath **** 
1466:c:\program files\daisytoolchain\arm-none-eabi\include\c++\10.2.1\cmath **** #ifndef __CORRECT_ISO_CPP11_MATH_H_PROTO_INT
1467:c:\program files\daisytoolchain\arm-none-eabi\include\c++\10.2.1\cmath ****   template<typename _Tp, typename _Up>
1468:c:\program files\daisytoolchain\arm-none-eabi\include\c++\10.2.1\cmath ****     constexpr typename __gnu_cxx::__promote_2<_Tp, _Up>::__type
1469:c:\program files\daisytoolchain\arm-none-eabi\include\c++\10.2.1\cmath ****     hypot(_Tp __x, _Up __y)
1470:c:\program files\daisytoolchain\arm-none-eabi\include\c++\10.2.1\cmath ****     {
1471:c:\program files\daisytoolchain\arm-none-eabi\include\c++\10.2.1\cmath ****       typedef typename __gnu_cxx::__promote_2<_Tp, _Up>::__type __type;
1472:c:\program files\daisytoolchain\arm-none-eabi\include\c++\10.2.1\cmath ****       return hypot(__type(__x), __type(__y));
1473:c:\program files\daisytoolchain\arm-none-eabi\include\c++\10.2.1\cmath ****     }
1474:c:\program files\daisytoolchain\arm-none-eabi\include\c++\10.2.1\cmath **** #endif
1475:c:\program files\daisytoolchain\arm-none-eabi\include\c++\10.2.1\cmath **** 
1476:c:\program files\daisytoolchain\arm-none-eabi\include\c++\10.2.1\cmath **** #ifndef __CORRECT_ISO_CPP11_MATH_H_PROTO_FP
1477:c:\program files\daisytoolchain\arm-none-eabi\include\c++\10.2.1\cmath ****   constexpr int
1478:c:\program files\daisytoolchain\arm-none-eabi\include\c++\10.2.1\cmath ****   ilogb(float __x)
1479:c:\program files\daisytoolchain\arm-none-eabi\include\c++\10.2.1\cmath ****   { return __builtin_ilogbf(__x); }
1480:c:\program files\daisytoolchain\arm-none-eabi\include\c++\10.2.1\cmath **** 
1481:c:\program files\daisytoolchain\arm-none-eabi\include\c++\10.2.1\cmath ****   constexpr int
1482:c:\program files\daisytoolchain\arm-none-eabi\include\c++\10.2.1\cmath ****   ilogb(long double __x)
1483:c:\program files\daisytoolchain\arm-none-eabi\include\c++\10.2.1\cmath ****   { return __builtin_ilogbl(__x); }
1484:c:\program files\daisytoolchain\arm-none-eabi\include\c++\10.2.1\cmath **** #endif
1485:c:\program files\daisytoolchain\arm-none-eabi\include\c++\10.2.1\cmath **** 
1486:c:\program files\daisytoolchain\arm-none-eabi\include\c++\10.2.1\cmath **** #ifndef __CORRECT_ISO_CPP11_MATH_H_PROTO_INT
1487:c:\program files\daisytoolchain\arm-none-eabi\include\c++\10.2.1\cmath ****   template<typename _Tp>
1488:c:\program files\daisytoolchain\arm-none-eabi\include\c++\10.2.1\cmath ****     constexpr
1489:c:\program files\daisytoolchain\arm-none-eabi\include\c++\10.2.1\cmath ****     typename __gnu_cxx::__enable_if<__is_integer<_Tp>::__value, 
1490:c:\program files\daisytoolchain\arm-none-eabi\include\c++\10.2.1\cmath ****                                     int>::__type
1491:c:\program files\daisytoolchain\arm-none-eabi\include\c++\10.2.1\cmath ****     ilogb(_Tp __x)
1492:c:\program files\daisytoolchain\arm-none-eabi\include\c++\10.2.1\cmath ****     { return __builtin_ilogb(__x); }
1493:c:\program files\daisytoolchain\arm-none-eabi\include\c++\10.2.1\cmath **** #endif
1494:c:\program files\daisytoolchain\arm-none-eabi\include\c++\10.2.1\cmath **** 
1495:c:\program files\daisytoolchain\arm-none-eabi\include\c++\10.2.1\cmath **** #ifndef __CORRECT_ISO_CPP11_MATH_H_PROTO_FP
1496:c:\program files\daisytoolchain\arm-none-eabi\include\c++\10.2.1\cmath ****   constexpr float
1497:c:\program files\daisytoolchain\arm-none-eabi\include\c++\10.2.1\cmath ****   lgamma(float __x)
1498:c:\program files\daisytoolchain\arm-none-eabi\include\c++\10.2.1\cmath ****   { return __builtin_lgammaf(__x); }
1499:c:\program files\daisytoolchain\arm-none-eabi\include\c++\10.2.1\cmath **** 
1500:c:\program files\daisytoolchain\arm-none-eabi\include\c++\10.2.1\cmath ****   constexpr long double
1501:c:\program files\daisytoolchain\arm-none-eabi\include\c++\10.2.1\cmath ****   lgamma(long double __x)
1502:c:\program files\daisytoolchain\arm-none-eabi\include\c++\10.2.1\cmath ****   { return __builtin_lgammal(__x); }
1503:c:\program files\daisytoolchain\arm-none-eabi\include\c++\10.2.1\cmath **** #endif
1504:c:\program files\daisytoolchain\arm-none-eabi\include\c++\10.2.1\cmath **** 
1505:c:\program files\daisytoolchain\arm-none-eabi\include\c++\10.2.1\cmath **** #ifndef __CORRECT_ISO_CPP11_MATH_H_PROTO_INT
1506:c:\program files\daisytoolchain\arm-none-eabi\include\c++\10.2.1\cmath ****   template<typename _Tp>
1507:c:\program files\daisytoolchain\arm-none-eabi\include\c++\10.2.1\cmath ****     constexpr typename __gnu_cxx::__enable_if<__is_integer<_Tp>::__value, 
1508:c:\program files\daisytoolchain\arm-none-eabi\include\c++\10.2.1\cmath ****                                               double>::__type
1509:c:\program files\daisytoolchain\arm-none-eabi\include\c++\10.2.1\cmath ****     lgamma(_Tp __x)
1510:c:\program files\daisytoolchain\arm-none-eabi\include\c++\10.2.1\cmath ****     { return __builtin_lgamma(__x); }
1511:c:\program files\daisytoolchain\arm-none-eabi\include\c++\10.2.1\cmath **** #endif
1512:c:\program files\daisytoolchain\arm-none-eabi\include\c++\10.2.1\cmath **** 
1513:c:\program files\daisytoolchain\arm-none-eabi\include\c++\10.2.1\cmath **** #ifndef __CORRECT_ISO_CPP11_MATH_H_PROTO_FP
1514:c:\program files\daisytoolchain\arm-none-eabi\include\c++\10.2.1\cmath ****   constexpr long long
1515:c:\program files\daisytoolchain\arm-none-eabi\include\c++\10.2.1\cmath ****   llrint(float __x)
1516:c:\program files\daisytoolchain\arm-none-eabi\include\c++\10.2.1\cmath ****   { return __builtin_llrintf(__x); }
1517:c:\program files\daisytoolchain\arm-none-eabi\include\c++\10.2.1\cmath **** 
1518:c:\program files\daisytoolchain\arm-none-eabi\include\c++\10.2.1\cmath ****   constexpr long long
ARM GAS  C:\Users\aydan\AppData\Local\Temp\ccPU8E4p.s 			page 107


1519:c:\program files\daisytoolchain\arm-none-eabi\include\c++\10.2.1\cmath ****   llrint(long double __x)
1520:c:\program files\daisytoolchain\arm-none-eabi\include\c++\10.2.1\cmath ****   { return __builtin_llrintl(__x); }
1521:c:\program files\daisytoolchain\arm-none-eabi\include\c++\10.2.1\cmath **** #endif
1522:c:\program files\daisytoolchain\arm-none-eabi\include\c++\10.2.1\cmath **** 
1523:c:\program files\daisytoolchain\arm-none-eabi\include\c++\10.2.1\cmath **** #ifndef __CORRECT_ISO_CPP11_MATH_H_PROTO_INT
1524:c:\program files\daisytoolchain\arm-none-eabi\include\c++\10.2.1\cmath ****   template<typename _Tp>
1525:c:\program files\daisytoolchain\arm-none-eabi\include\c++\10.2.1\cmath ****     constexpr typename __gnu_cxx::__enable_if<__is_integer<_Tp>::__value, 
1526:c:\program files\daisytoolchain\arm-none-eabi\include\c++\10.2.1\cmath ****                                               long long>::__type
1527:c:\program files\daisytoolchain\arm-none-eabi\include\c++\10.2.1\cmath ****     llrint(_Tp __x)
1528:c:\program files\daisytoolchain\arm-none-eabi\include\c++\10.2.1\cmath ****     { return __builtin_llrint(__x); }
1529:c:\program files\daisytoolchain\arm-none-eabi\include\c++\10.2.1\cmath **** #endif
1530:c:\program files\daisytoolchain\arm-none-eabi\include\c++\10.2.1\cmath **** 
1531:c:\program files\daisytoolchain\arm-none-eabi\include\c++\10.2.1\cmath **** #ifndef __CORRECT_ISO_CPP11_MATH_H_PROTO_FP
1532:c:\program files\daisytoolchain\arm-none-eabi\include\c++\10.2.1\cmath ****   constexpr long long
1533:c:\program files\daisytoolchain\arm-none-eabi\include\c++\10.2.1\cmath ****   llround(float __x)
1534:c:\program files\daisytoolchain\arm-none-eabi\include\c++\10.2.1\cmath ****   { return __builtin_llroundf(__x); }
1535:c:\program files\daisytoolchain\arm-none-eabi\include\c++\10.2.1\cmath **** 
1536:c:\program files\daisytoolchain\arm-none-eabi\include\c++\10.2.1\cmath ****   constexpr long long
1537:c:\program files\daisytoolchain\arm-none-eabi\include\c++\10.2.1\cmath ****   llround(long double __x)
1538:c:\program files\daisytoolchain\arm-none-eabi\include\c++\10.2.1\cmath ****   { return __builtin_llroundl(__x); }
1539:c:\program files\daisytoolchain\arm-none-eabi\include\c++\10.2.1\cmath **** #endif
1540:c:\program files\daisytoolchain\arm-none-eabi\include\c++\10.2.1\cmath **** 
1541:c:\program files\daisytoolchain\arm-none-eabi\include\c++\10.2.1\cmath **** #ifndef __CORRECT_ISO_CPP11_MATH_H_PROTO_INT
1542:c:\program files\daisytoolchain\arm-none-eabi\include\c++\10.2.1\cmath ****   template<typename _Tp>
1543:c:\program files\daisytoolchain\arm-none-eabi\include\c++\10.2.1\cmath ****     constexpr typename __gnu_cxx::__enable_if<__is_integer<_Tp>::__value, 
1544:c:\program files\daisytoolchain\arm-none-eabi\include\c++\10.2.1\cmath ****                                               long long>::__type
1545:c:\program files\daisytoolchain\arm-none-eabi\include\c++\10.2.1\cmath ****     llround(_Tp __x)
1546:c:\program files\daisytoolchain\arm-none-eabi\include\c++\10.2.1\cmath ****     { return __builtin_llround(__x); }
1547:c:\program files\daisytoolchain\arm-none-eabi\include\c++\10.2.1\cmath **** #endif
1548:c:\program files\daisytoolchain\arm-none-eabi\include\c++\10.2.1\cmath **** 
1549:c:\program files\daisytoolchain\arm-none-eabi\include\c++\10.2.1\cmath **** #ifndef __CORRECT_ISO_CPP11_MATH_H_PROTO_FP
1550:c:\program files\daisytoolchain\arm-none-eabi\include\c++\10.2.1\cmath ****   constexpr float
1551:c:\program files\daisytoolchain\arm-none-eabi\include\c++\10.2.1\cmath ****   log1p(float __x)
1552:c:\program files\daisytoolchain\arm-none-eabi\include\c++\10.2.1\cmath ****   { return __builtin_log1pf(__x); }
1553:c:\program files\daisytoolchain\arm-none-eabi\include\c++\10.2.1\cmath **** 
1554:c:\program files\daisytoolchain\arm-none-eabi\include\c++\10.2.1\cmath ****   constexpr long double
1555:c:\program files\daisytoolchain\arm-none-eabi\include\c++\10.2.1\cmath ****   log1p(long double __x)
1556:c:\program files\daisytoolchain\arm-none-eabi\include\c++\10.2.1\cmath ****   { return __builtin_log1pl(__x); }
1557:c:\program files\daisytoolchain\arm-none-eabi\include\c++\10.2.1\cmath **** #endif
1558:c:\program files\daisytoolchain\arm-none-eabi\include\c++\10.2.1\cmath **** 
1559:c:\program files\daisytoolchain\arm-none-eabi\include\c++\10.2.1\cmath **** #ifndef __CORRECT_ISO_CPP11_MATH_H_PROTO_INT
1560:c:\program files\daisytoolchain\arm-none-eabi\include\c++\10.2.1\cmath ****   template<typename _Tp>
1561:c:\program files\daisytoolchain\arm-none-eabi\include\c++\10.2.1\cmath ****     constexpr typename __gnu_cxx::__enable_if<__is_integer<_Tp>::__value, 
1562:c:\program files\daisytoolchain\arm-none-eabi\include\c++\10.2.1\cmath ****                                               double>::__type
1563:c:\program files\daisytoolchain\arm-none-eabi\include\c++\10.2.1\cmath ****     log1p(_Tp __x)
1564:c:\program files\daisytoolchain\arm-none-eabi\include\c++\10.2.1\cmath ****     { return __builtin_log1p(__x); }
1565:c:\program files\daisytoolchain\arm-none-eabi\include\c++\10.2.1\cmath **** #endif
1566:c:\program files\daisytoolchain\arm-none-eabi\include\c++\10.2.1\cmath **** 
1567:c:\program files\daisytoolchain\arm-none-eabi\include\c++\10.2.1\cmath **** #ifndef __CORRECT_ISO_CPP11_MATH_H_PROTO_FP
1568:c:\program files\daisytoolchain\arm-none-eabi\include\c++\10.2.1\cmath ****   // DR 568.
1569:c:\program files\daisytoolchain\arm-none-eabi\include\c++\10.2.1\cmath ****   constexpr float
1570:c:\program files\daisytoolchain\arm-none-eabi\include\c++\10.2.1\cmath ****   log2(float __x)
 2685              		.loc 11 1570 3 view .LVU788
 2686              	.LBB697:
1571:c:\program files\daisytoolchain\arm-none-eabi\include\c++\10.2.1\cmath ****   { return __builtin_log2f(__x); }
 2687              		.loc 11 1571 5 view .LVU789
 2688              	.LBE697:
ARM GAS  C:\Users\aydan\AppData\Local\Temp\ccPU8E4p.s 			page 108


 2689              	.LBE696:
 166:project006.cpp ****     int   midi_n = (int)std::round(midi_f);
 2690              		.loc 10 166 46 is_stmt 0 view .LVU790
 2691 060c 9FED580A 		vldr.32	s0, .L191+68
 166:project006.cpp ****     int   midi_n = (int)std::round(midi_f);
 2692              		.loc 10 166 61 view .LVU791
 2693 0610 9FED58AA 		vldr.32	s20, .L191+72
 2694              	.LVL211:
 2695              	.LBB699:
 2696              	.LBB698:
 2697              		.loc 11 1571 27 view .LVU792
 2698 0614 88EE800A 		vdiv.f32	s0, s17, s0
 2699              	.LVL212:
 2700              		.loc 11 1571 27 view .LVU793
 2701 0618 FFF7FEFF 		bl	log2f
 2702              	.LVL213:
 2703              		.loc 11 1571 27 view .LVU794
 2704              	.LBE698:
 2705              	.LBE699:
 171:project006.cpp ****     int octave   = (midi_n / 12) - 1;
 2706              		.loc 10 171 29 view .LVU795
 2707 061c 564A     		ldr	r2, .L191+76
 171:project006.cpp ****     int octave   = (midi_n / 12) - 1;
 2708              		.loc 10 171 9 view .LVU796
 2709 061e 5748     		ldr	r0, .L191+80
 174:project006.cpp ****     out_cents = (midi_f - (float)midi_n) * 100.0f;
 2710              		.loc 10 174 18 view .LVU797
 2711 0620 0821     		movs	r1, #8
 166:project006.cpp ****     int   midi_n = (int)std::round(midi_f);
 2712              		.loc 10 166 61 view .LVU798
 2713 0622 F2EE087A 		vmov.f32	s15, #1.2e+1
 2714 0626 A0EE27AA 		vfma.f32	s20, s0, s15
 2715              	.LVL214:
 167:project006.cpp **** 
 2716              		.loc 10 167 5 is_stmt 1 view .LVU799
 2717              	.LBB700:
 2718              	.LBI700:
1572:c:\program files\daisytoolchain\arm-none-eabi\include\c++\10.2.1\cmath **** 
1573:c:\program files\daisytoolchain\arm-none-eabi\include\c++\10.2.1\cmath ****   constexpr long double
1574:c:\program files\daisytoolchain\arm-none-eabi\include\c++\10.2.1\cmath ****   log2(long double __x)
1575:c:\program files\daisytoolchain\arm-none-eabi\include\c++\10.2.1\cmath ****   { return __builtin_log2l(__x); }
1576:c:\program files\daisytoolchain\arm-none-eabi\include\c++\10.2.1\cmath **** #endif
1577:c:\program files\daisytoolchain\arm-none-eabi\include\c++\10.2.1\cmath **** 
1578:c:\program files\daisytoolchain\arm-none-eabi\include\c++\10.2.1\cmath **** #ifndef __CORRECT_ISO_CPP11_MATH_H_PROTO_INT
1579:c:\program files\daisytoolchain\arm-none-eabi\include\c++\10.2.1\cmath ****   template<typename _Tp>
1580:c:\program files\daisytoolchain\arm-none-eabi\include\c++\10.2.1\cmath ****     constexpr typename __gnu_cxx::__enable_if<__is_integer<_Tp>::__value, 
1581:c:\program files\daisytoolchain\arm-none-eabi\include\c++\10.2.1\cmath ****                                               double>::__type
1582:c:\program files\daisytoolchain\arm-none-eabi\include\c++\10.2.1\cmath ****     log2(_Tp __x)
1583:c:\program files\daisytoolchain\arm-none-eabi\include\c++\10.2.1\cmath ****     { return __builtin_log2(__x); }
1584:c:\program files\daisytoolchain\arm-none-eabi\include\c++\10.2.1\cmath **** #endif
1585:c:\program files\daisytoolchain\arm-none-eabi\include\c++\10.2.1\cmath **** 
1586:c:\program files\daisytoolchain\arm-none-eabi\include\c++\10.2.1\cmath **** #ifndef __CORRECT_ISO_CPP11_MATH_H_PROTO_FP
1587:c:\program files\daisytoolchain\arm-none-eabi\include\c++\10.2.1\cmath ****   constexpr float
1588:c:\program files\daisytoolchain\arm-none-eabi\include\c++\10.2.1\cmath ****   logb(float __x)
1589:c:\program files\daisytoolchain\arm-none-eabi\include\c++\10.2.1\cmath ****   { return __builtin_logbf(__x); }
1590:c:\program files\daisytoolchain\arm-none-eabi\include\c++\10.2.1\cmath **** 
1591:c:\program files\daisytoolchain\arm-none-eabi\include\c++\10.2.1\cmath ****   constexpr long double
ARM GAS  C:\Users\aydan\AppData\Local\Temp\ccPU8E4p.s 			page 109


1592:c:\program files\daisytoolchain\arm-none-eabi\include\c++\10.2.1\cmath ****   logb(long double __x)
1593:c:\program files\daisytoolchain\arm-none-eabi\include\c++\10.2.1\cmath ****   { return __builtin_logbl(__x); }
1594:c:\program files\daisytoolchain\arm-none-eabi\include\c++\10.2.1\cmath **** #endif
1595:c:\program files\daisytoolchain\arm-none-eabi\include\c++\10.2.1\cmath **** 
1596:c:\program files\daisytoolchain\arm-none-eabi\include\c++\10.2.1\cmath **** #ifndef __CORRECT_ISO_CPP11_MATH_H_PROTO_INT
1597:c:\program files\daisytoolchain\arm-none-eabi\include\c++\10.2.1\cmath ****   template<typename _Tp>
1598:c:\program files\daisytoolchain\arm-none-eabi\include\c++\10.2.1\cmath ****     constexpr typename __gnu_cxx::__enable_if<__is_integer<_Tp>::__value, 
1599:c:\program files\daisytoolchain\arm-none-eabi\include\c++\10.2.1\cmath ****                                               double>::__type
1600:c:\program files\daisytoolchain\arm-none-eabi\include\c++\10.2.1\cmath ****     logb(_Tp __x)
1601:c:\program files\daisytoolchain\arm-none-eabi\include\c++\10.2.1\cmath ****     { return __builtin_logb(__x); }
1602:c:\program files\daisytoolchain\arm-none-eabi\include\c++\10.2.1\cmath **** #endif
1603:c:\program files\daisytoolchain\arm-none-eabi\include\c++\10.2.1\cmath **** 
1604:c:\program files\daisytoolchain\arm-none-eabi\include\c++\10.2.1\cmath **** #ifndef __CORRECT_ISO_CPP11_MATH_H_PROTO_FP
1605:c:\program files\daisytoolchain\arm-none-eabi\include\c++\10.2.1\cmath ****   constexpr long
1606:c:\program files\daisytoolchain\arm-none-eabi\include\c++\10.2.1\cmath ****   lrint(float __x)
1607:c:\program files\daisytoolchain\arm-none-eabi\include\c++\10.2.1\cmath ****   { return __builtin_lrintf(__x); }
1608:c:\program files\daisytoolchain\arm-none-eabi\include\c++\10.2.1\cmath **** 
1609:c:\program files\daisytoolchain\arm-none-eabi\include\c++\10.2.1\cmath ****   constexpr long
1610:c:\program files\daisytoolchain\arm-none-eabi\include\c++\10.2.1\cmath ****   lrint(long double __x)
1611:c:\program files\daisytoolchain\arm-none-eabi\include\c++\10.2.1\cmath ****   { return __builtin_lrintl(__x); }
1612:c:\program files\daisytoolchain\arm-none-eabi\include\c++\10.2.1\cmath **** #endif
1613:c:\program files\daisytoolchain\arm-none-eabi\include\c++\10.2.1\cmath **** 
1614:c:\program files\daisytoolchain\arm-none-eabi\include\c++\10.2.1\cmath **** #ifndef __CORRECT_ISO_CPP11_MATH_H_PROTO_INT
1615:c:\program files\daisytoolchain\arm-none-eabi\include\c++\10.2.1\cmath ****   template<typename _Tp>
1616:c:\program files\daisytoolchain\arm-none-eabi\include\c++\10.2.1\cmath ****     constexpr typename __gnu_cxx::__enable_if<__is_integer<_Tp>::__value, 
1617:c:\program files\daisytoolchain\arm-none-eabi\include\c++\10.2.1\cmath ****                                               long>::__type
1618:c:\program files\daisytoolchain\arm-none-eabi\include\c++\10.2.1\cmath ****     lrint(_Tp __x)
1619:c:\program files\daisytoolchain\arm-none-eabi\include\c++\10.2.1\cmath ****     { return __builtin_lrint(__x); }
1620:c:\program files\daisytoolchain\arm-none-eabi\include\c++\10.2.1\cmath **** #endif
1621:c:\program files\daisytoolchain\arm-none-eabi\include\c++\10.2.1\cmath **** 
1622:c:\program files\daisytoolchain\arm-none-eabi\include\c++\10.2.1\cmath **** #ifndef __CORRECT_ISO_CPP11_MATH_H_PROTO_FP
1623:c:\program files\daisytoolchain\arm-none-eabi\include\c++\10.2.1\cmath ****   constexpr long
1624:c:\program files\daisytoolchain\arm-none-eabi\include\c++\10.2.1\cmath ****   lround(float __x)
1625:c:\program files\daisytoolchain\arm-none-eabi\include\c++\10.2.1\cmath ****   { return __builtin_lroundf(__x); }
1626:c:\program files\daisytoolchain\arm-none-eabi\include\c++\10.2.1\cmath **** 
1627:c:\program files\daisytoolchain\arm-none-eabi\include\c++\10.2.1\cmath ****   constexpr long
1628:c:\program files\daisytoolchain\arm-none-eabi\include\c++\10.2.1\cmath ****   lround(long double __x)
1629:c:\program files\daisytoolchain\arm-none-eabi\include\c++\10.2.1\cmath ****   { return __builtin_lroundl(__x); }
1630:c:\program files\daisytoolchain\arm-none-eabi\include\c++\10.2.1\cmath **** #endif
1631:c:\program files\daisytoolchain\arm-none-eabi\include\c++\10.2.1\cmath **** 
1632:c:\program files\daisytoolchain\arm-none-eabi\include\c++\10.2.1\cmath **** #ifndef __CORRECT_ISO_CPP11_MATH_H_PROTO_INT
1633:c:\program files\daisytoolchain\arm-none-eabi\include\c++\10.2.1\cmath ****   template<typename _Tp>
1634:c:\program files\daisytoolchain\arm-none-eabi\include\c++\10.2.1\cmath ****     constexpr typename __gnu_cxx::__enable_if<__is_integer<_Tp>::__value, 
1635:c:\program files\daisytoolchain\arm-none-eabi\include\c++\10.2.1\cmath ****                                               long>::__type
1636:c:\program files\daisytoolchain\arm-none-eabi\include\c++\10.2.1\cmath ****     lround(_Tp __x)
1637:c:\program files\daisytoolchain\arm-none-eabi\include\c++\10.2.1\cmath ****     { return __builtin_lround(__x); }
1638:c:\program files\daisytoolchain\arm-none-eabi\include\c++\10.2.1\cmath **** #endif
1639:c:\program files\daisytoolchain\arm-none-eabi\include\c++\10.2.1\cmath **** 
1640:c:\program files\daisytoolchain\arm-none-eabi\include\c++\10.2.1\cmath **** #ifndef __CORRECT_ISO_CPP11_MATH_H_PROTO_FP
1641:c:\program files\daisytoolchain\arm-none-eabi\include\c++\10.2.1\cmath ****   constexpr float
1642:c:\program files\daisytoolchain\arm-none-eabi\include\c++\10.2.1\cmath ****   nearbyint(float __x)
1643:c:\program files\daisytoolchain\arm-none-eabi\include\c++\10.2.1\cmath ****   { return __builtin_nearbyintf(__x); }
1644:c:\program files\daisytoolchain\arm-none-eabi\include\c++\10.2.1\cmath **** 
1645:c:\program files\daisytoolchain\arm-none-eabi\include\c++\10.2.1\cmath ****   constexpr long double
1646:c:\program files\daisytoolchain\arm-none-eabi\include\c++\10.2.1\cmath ****   nearbyint(long double __x)
1647:c:\program files\daisytoolchain\arm-none-eabi\include\c++\10.2.1\cmath ****   { return __builtin_nearbyintl(__x); }
1648:c:\program files\daisytoolchain\arm-none-eabi\include\c++\10.2.1\cmath **** #endif
ARM GAS  C:\Users\aydan\AppData\Local\Temp\ccPU8E4p.s 			page 110


1649:c:\program files\daisytoolchain\arm-none-eabi\include\c++\10.2.1\cmath **** 
1650:c:\program files\daisytoolchain\arm-none-eabi\include\c++\10.2.1\cmath **** #ifndef __CORRECT_ISO_CPP11_MATH_H_PROTO_INT
1651:c:\program files\daisytoolchain\arm-none-eabi\include\c++\10.2.1\cmath ****   template<typename _Tp>
1652:c:\program files\daisytoolchain\arm-none-eabi\include\c++\10.2.1\cmath ****     constexpr typename __gnu_cxx::__enable_if<__is_integer<_Tp>::__value, 
1653:c:\program files\daisytoolchain\arm-none-eabi\include\c++\10.2.1\cmath ****                                               double>::__type
1654:c:\program files\daisytoolchain\arm-none-eabi\include\c++\10.2.1\cmath ****     nearbyint(_Tp __x)
1655:c:\program files\daisytoolchain\arm-none-eabi\include\c++\10.2.1\cmath ****     { return __builtin_nearbyint(__x); }
1656:c:\program files\daisytoolchain\arm-none-eabi\include\c++\10.2.1\cmath **** #endif
1657:c:\program files\daisytoolchain\arm-none-eabi\include\c++\10.2.1\cmath **** 
1658:c:\program files\daisytoolchain\arm-none-eabi\include\c++\10.2.1\cmath **** #ifndef __CORRECT_ISO_CPP11_MATH_H_PROTO_FP
1659:c:\program files\daisytoolchain\arm-none-eabi\include\c++\10.2.1\cmath ****   constexpr float
1660:c:\program files\daisytoolchain\arm-none-eabi\include\c++\10.2.1\cmath ****   nextafter(float __x, float __y)
1661:c:\program files\daisytoolchain\arm-none-eabi\include\c++\10.2.1\cmath ****   { return __builtin_nextafterf(__x, __y); }
1662:c:\program files\daisytoolchain\arm-none-eabi\include\c++\10.2.1\cmath **** 
1663:c:\program files\daisytoolchain\arm-none-eabi\include\c++\10.2.1\cmath ****   constexpr long double
1664:c:\program files\daisytoolchain\arm-none-eabi\include\c++\10.2.1\cmath ****   nextafter(long double __x, long double __y)
1665:c:\program files\daisytoolchain\arm-none-eabi\include\c++\10.2.1\cmath ****   { return __builtin_nextafterl(__x, __y); }
1666:c:\program files\daisytoolchain\arm-none-eabi\include\c++\10.2.1\cmath **** #endif
1667:c:\program files\daisytoolchain\arm-none-eabi\include\c++\10.2.1\cmath **** 
1668:c:\program files\daisytoolchain\arm-none-eabi\include\c++\10.2.1\cmath **** #ifndef __CORRECT_ISO_CPP11_MATH_H_PROTO_INT
1669:c:\program files\daisytoolchain\arm-none-eabi\include\c++\10.2.1\cmath ****   template<typename _Tp, typename _Up>
1670:c:\program files\daisytoolchain\arm-none-eabi\include\c++\10.2.1\cmath ****     constexpr typename __gnu_cxx::__promote_2<_Tp, _Up>::__type
1671:c:\program files\daisytoolchain\arm-none-eabi\include\c++\10.2.1\cmath ****     nextafter(_Tp __x, _Up __y)
1672:c:\program files\daisytoolchain\arm-none-eabi\include\c++\10.2.1\cmath ****     {
1673:c:\program files\daisytoolchain\arm-none-eabi\include\c++\10.2.1\cmath ****       typedef typename __gnu_cxx::__promote_2<_Tp, _Up>::__type __type;
1674:c:\program files\daisytoolchain\arm-none-eabi\include\c++\10.2.1\cmath ****       return nextafter(__type(__x), __type(__y));
1675:c:\program files\daisytoolchain\arm-none-eabi\include\c++\10.2.1\cmath ****     }
1676:c:\program files\daisytoolchain\arm-none-eabi\include\c++\10.2.1\cmath **** #endif
1677:c:\program files\daisytoolchain\arm-none-eabi\include\c++\10.2.1\cmath **** 
1678:c:\program files\daisytoolchain\arm-none-eabi\include\c++\10.2.1\cmath **** #ifndef __CORRECT_ISO_CPP11_MATH_H_PROTO_FP
1679:c:\program files\daisytoolchain\arm-none-eabi\include\c++\10.2.1\cmath ****   constexpr float
1680:c:\program files\daisytoolchain\arm-none-eabi\include\c++\10.2.1\cmath ****   nexttoward(float __x, long double __y)
1681:c:\program files\daisytoolchain\arm-none-eabi\include\c++\10.2.1\cmath ****   { return __builtin_nexttowardf(__x, __y); }
1682:c:\program files\daisytoolchain\arm-none-eabi\include\c++\10.2.1\cmath **** 
1683:c:\program files\daisytoolchain\arm-none-eabi\include\c++\10.2.1\cmath ****   constexpr long double
1684:c:\program files\daisytoolchain\arm-none-eabi\include\c++\10.2.1\cmath ****   nexttoward(long double __x, long double __y)
1685:c:\program files\daisytoolchain\arm-none-eabi\include\c++\10.2.1\cmath ****   { return __builtin_nexttowardl(__x, __y); }
1686:c:\program files\daisytoolchain\arm-none-eabi\include\c++\10.2.1\cmath **** #endif
1687:c:\program files\daisytoolchain\arm-none-eabi\include\c++\10.2.1\cmath **** 
1688:c:\program files\daisytoolchain\arm-none-eabi\include\c++\10.2.1\cmath **** #ifndef __CORRECT_ISO_CPP11_MATH_H_PROTO_INT
1689:c:\program files\daisytoolchain\arm-none-eabi\include\c++\10.2.1\cmath ****   template<typename _Tp>
1690:c:\program files\daisytoolchain\arm-none-eabi\include\c++\10.2.1\cmath ****     constexpr typename __gnu_cxx::__enable_if<__is_integer<_Tp>::__value, 
1691:c:\program files\daisytoolchain\arm-none-eabi\include\c++\10.2.1\cmath ****                                               double>::__type
1692:c:\program files\daisytoolchain\arm-none-eabi\include\c++\10.2.1\cmath ****     nexttoward(_Tp __x, long double __y)
1693:c:\program files\daisytoolchain\arm-none-eabi\include\c++\10.2.1\cmath ****     { return __builtin_nexttoward(__x, __y); }
1694:c:\program files\daisytoolchain\arm-none-eabi\include\c++\10.2.1\cmath **** #endif
1695:c:\program files\daisytoolchain\arm-none-eabi\include\c++\10.2.1\cmath **** 
1696:c:\program files\daisytoolchain\arm-none-eabi\include\c++\10.2.1\cmath **** #ifndef __CORRECT_ISO_CPP11_MATH_H_PROTO_FP
1697:c:\program files\daisytoolchain\arm-none-eabi\include\c++\10.2.1\cmath ****   constexpr float
1698:c:\program files\daisytoolchain\arm-none-eabi\include\c++\10.2.1\cmath ****   remainder(float __x, float __y)
1699:c:\program files\daisytoolchain\arm-none-eabi\include\c++\10.2.1\cmath ****   { return __builtin_remainderf(__x, __y); }
1700:c:\program files\daisytoolchain\arm-none-eabi\include\c++\10.2.1\cmath **** 
1701:c:\program files\daisytoolchain\arm-none-eabi\include\c++\10.2.1\cmath ****   constexpr long double
1702:c:\program files\daisytoolchain\arm-none-eabi\include\c++\10.2.1\cmath ****   remainder(long double __x, long double __y)
1703:c:\program files\daisytoolchain\arm-none-eabi\include\c++\10.2.1\cmath ****   { return __builtin_remainderl(__x, __y); }
1704:c:\program files\daisytoolchain\arm-none-eabi\include\c++\10.2.1\cmath **** #endif
1705:c:\program files\daisytoolchain\arm-none-eabi\include\c++\10.2.1\cmath **** 
ARM GAS  C:\Users\aydan\AppData\Local\Temp\ccPU8E4p.s 			page 111


1706:c:\program files\daisytoolchain\arm-none-eabi\include\c++\10.2.1\cmath **** #ifndef __CORRECT_ISO_CPP11_MATH_H_PROTO_INT
1707:c:\program files\daisytoolchain\arm-none-eabi\include\c++\10.2.1\cmath ****   template<typename _Tp, typename _Up>
1708:c:\program files\daisytoolchain\arm-none-eabi\include\c++\10.2.1\cmath ****     constexpr typename __gnu_cxx::__promote_2<_Tp, _Up>::__type
1709:c:\program files\daisytoolchain\arm-none-eabi\include\c++\10.2.1\cmath ****     remainder(_Tp __x, _Up __y)
1710:c:\program files\daisytoolchain\arm-none-eabi\include\c++\10.2.1\cmath ****     {
1711:c:\program files\daisytoolchain\arm-none-eabi\include\c++\10.2.1\cmath ****       typedef typename __gnu_cxx::__promote_2<_Tp, _Up>::__type __type;
1712:c:\program files\daisytoolchain\arm-none-eabi\include\c++\10.2.1\cmath ****       return remainder(__type(__x), __type(__y));
1713:c:\program files\daisytoolchain\arm-none-eabi\include\c++\10.2.1\cmath ****     }
1714:c:\program files\daisytoolchain\arm-none-eabi\include\c++\10.2.1\cmath **** #endif
1715:c:\program files\daisytoolchain\arm-none-eabi\include\c++\10.2.1\cmath **** 
1716:c:\program files\daisytoolchain\arm-none-eabi\include\c++\10.2.1\cmath **** #ifndef __CORRECT_ISO_CPP11_MATH_H_PROTO_FP
1717:c:\program files\daisytoolchain\arm-none-eabi\include\c++\10.2.1\cmath ****   inline float
1718:c:\program files\daisytoolchain\arm-none-eabi\include\c++\10.2.1\cmath ****   remquo(float __x, float __y, int* __pquo)
1719:c:\program files\daisytoolchain\arm-none-eabi\include\c++\10.2.1\cmath ****   { return __builtin_remquof(__x, __y, __pquo); }
1720:c:\program files\daisytoolchain\arm-none-eabi\include\c++\10.2.1\cmath **** 
1721:c:\program files\daisytoolchain\arm-none-eabi\include\c++\10.2.1\cmath ****   inline long double
1722:c:\program files\daisytoolchain\arm-none-eabi\include\c++\10.2.1\cmath ****   remquo(long double __x, long double __y, int* __pquo)
1723:c:\program files\daisytoolchain\arm-none-eabi\include\c++\10.2.1\cmath ****   { return __builtin_remquol(__x, __y, __pquo); }
1724:c:\program files\daisytoolchain\arm-none-eabi\include\c++\10.2.1\cmath **** #endif
1725:c:\program files\daisytoolchain\arm-none-eabi\include\c++\10.2.1\cmath **** 
1726:c:\program files\daisytoolchain\arm-none-eabi\include\c++\10.2.1\cmath **** #ifndef __CORRECT_ISO_CPP11_MATH_H_PROTO_INT
1727:c:\program files\daisytoolchain\arm-none-eabi\include\c++\10.2.1\cmath ****   template<typename _Tp, typename _Up>
1728:c:\program files\daisytoolchain\arm-none-eabi\include\c++\10.2.1\cmath ****     inline typename __gnu_cxx::__promote_2<_Tp, _Up>::__type
1729:c:\program files\daisytoolchain\arm-none-eabi\include\c++\10.2.1\cmath ****     remquo(_Tp __x, _Up __y, int* __pquo)
1730:c:\program files\daisytoolchain\arm-none-eabi\include\c++\10.2.1\cmath ****     {
1731:c:\program files\daisytoolchain\arm-none-eabi\include\c++\10.2.1\cmath ****       typedef typename __gnu_cxx::__promote_2<_Tp, _Up>::__type __type;
1732:c:\program files\daisytoolchain\arm-none-eabi\include\c++\10.2.1\cmath ****       return remquo(__type(__x), __type(__y), __pquo);
1733:c:\program files\daisytoolchain\arm-none-eabi\include\c++\10.2.1\cmath ****     }
1734:c:\program files\daisytoolchain\arm-none-eabi\include\c++\10.2.1\cmath **** #endif
1735:c:\program files\daisytoolchain\arm-none-eabi\include\c++\10.2.1\cmath **** 
1736:c:\program files\daisytoolchain\arm-none-eabi\include\c++\10.2.1\cmath **** #ifndef __CORRECT_ISO_CPP11_MATH_H_PROTO_FP
1737:c:\program files\daisytoolchain\arm-none-eabi\include\c++\10.2.1\cmath ****   constexpr float
1738:c:\program files\daisytoolchain\arm-none-eabi\include\c++\10.2.1\cmath ****   rint(float __x)
1739:c:\program files\daisytoolchain\arm-none-eabi\include\c++\10.2.1\cmath ****   { return __builtin_rintf(__x); }
1740:c:\program files\daisytoolchain\arm-none-eabi\include\c++\10.2.1\cmath **** 
1741:c:\program files\daisytoolchain\arm-none-eabi\include\c++\10.2.1\cmath ****   constexpr long double
1742:c:\program files\daisytoolchain\arm-none-eabi\include\c++\10.2.1\cmath ****   rint(long double __x)
1743:c:\program files\daisytoolchain\arm-none-eabi\include\c++\10.2.1\cmath ****   { return __builtin_rintl(__x); }
1744:c:\program files\daisytoolchain\arm-none-eabi\include\c++\10.2.1\cmath **** #endif
1745:c:\program files\daisytoolchain\arm-none-eabi\include\c++\10.2.1\cmath **** 
1746:c:\program files\daisytoolchain\arm-none-eabi\include\c++\10.2.1\cmath **** #ifndef __CORRECT_ISO_CPP11_MATH_H_PROTO_INT
1747:c:\program files\daisytoolchain\arm-none-eabi\include\c++\10.2.1\cmath ****   template<typename _Tp>
1748:c:\program files\daisytoolchain\arm-none-eabi\include\c++\10.2.1\cmath ****     constexpr typename __gnu_cxx::__enable_if<__is_integer<_Tp>::__value, 
1749:c:\program files\daisytoolchain\arm-none-eabi\include\c++\10.2.1\cmath ****                                               double>::__type
1750:c:\program files\daisytoolchain\arm-none-eabi\include\c++\10.2.1\cmath ****     rint(_Tp __x)
1751:c:\program files\daisytoolchain\arm-none-eabi\include\c++\10.2.1\cmath ****     { return __builtin_rint(__x); }
1752:c:\program files\daisytoolchain\arm-none-eabi\include\c++\10.2.1\cmath **** #endif
1753:c:\program files\daisytoolchain\arm-none-eabi\include\c++\10.2.1\cmath **** 
1754:c:\program files\daisytoolchain\arm-none-eabi\include\c++\10.2.1\cmath **** #ifndef __CORRECT_ISO_CPP11_MATH_H_PROTO_FP
1755:c:\program files\daisytoolchain\arm-none-eabi\include\c++\10.2.1\cmath ****   constexpr float
1756:c:\program files\daisytoolchain\arm-none-eabi\include\c++\10.2.1\cmath ****   round(float __x)
 2719              		.loc 11 1756 3 view .LVU800
 2720              	.LBB701:
1757:c:\program files\daisytoolchain\arm-none-eabi\include\c++\10.2.1\cmath ****   { return __builtin_roundf(__x); }
 2721              		.loc 11 1757 5 view .LVU801
 2722              		.loc 11 1757 28 is_stmt 0 view .LVU802
 2723 062a F8FE4A7A 		vrinta.f32	s15, s20
ARM GAS  C:\Users\aydan\AppData\Local\Temp\ccPU8E4p.s 			page 112


 2724              	.LVL215:
 2725              		.loc 11 1757 28 view .LVU803
 2726              	.LBE701:
 2727              	.LBE700:
 167:project006.cpp **** 
 2728              		.loc 10 167 42 view .LVU804
 2729 062e FDEEE77A 		vcvt.s32.f32	s15, s15
 2730 0632 17EE90BA 		vmov	fp, s15	@ int
 2731              	.LVL216:
 169:project006.cpp **** 
 2732              		.loc 10 169 5 is_stmt 1 view .LVU805
 171:project006.cpp ****     int octave   = (midi_n / 12) - 1;
 2733              		.loc 10 171 5 view .LVU806
 172:project006.cpp **** 
 2734              		.loc 10 172 5 view .LVU807
 174:project006.cpp ****     out_cents = (midi_f - (float)midi_n) * 100.0f;
 2735              		.loc 10 174 5 view .LVU808
 171:project006.cpp ****     int octave   = (midi_n / 12) - 1;
 2736              		.loc 10 171 29 is_stmt 0 view .LVU809
 2737 0636 82FB0B32 		smull	r3, r2, r2, fp
 2738 063a 4FEAEB73 		asr	r3, fp, #31
 2739 063e C3EB6203 		rsb	r3, r3, r2, asr #1
 174:project006.cpp ****     out_cents = (midi_f - (float)midi_n) * 100.0f;
 2740              		.loc 10 174 18 view .LVU810
 2741 0642 4F4A     		ldr	r2, .L191+84
 171:project006.cpp ****     int octave   = (midi_n / 12) - 1;
 2742              		.loc 10 171 29 view .LVU811
 2743 0644 03EB4307 		add	r7, r3, r3, lsl #1
 172:project006.cpp **** 
 2744              		.loc 10 172 9 view .LVU812
 2745 0648 013B     		subs	r3, r3, #1
 174:project006.cpp ****     out_cents = (midi_f - (float)midi_n) * 100.0f;
 2746              		.loc 10 174 18 view .LVU813
 2747 064a 0093     		str	r3, [sp]
 171:project006.cpp ****     int octave   = (midi_n / 12) - 1;
 2748              		.loc 10 171 29 view .LVU814
 2749 064c ABEB8703 		sub	r3, fp, r7, lsl #2
 171:project006.cpp ****     int octave   = (midi_n / 12) - 1;
 2750              		.loc 10 171 35 view .LVU815
 2751 0650 0C33     		adds	r3, r3, #12
 171:project006.cpp ****     int octave   = (midi_n / 12) - 1;
 2752              		.loc 10 171 9 view .LVU816
 2753 0652 A0FB0370 		umull	r7, r0, r0, r3
 2754 0656 C008     		lsrs	r0, r0, #3
 2755 0658 00EB4000 		add	r0, r0, r0, lsl #1
 2756 065c A3EB8000 		sub	r0, r3, r0, lsl #2
 174:project006.cpp ****     out_cents = (midi_f - (float)midi_n) * 100.0f;
 2757              		.loc 10 174 18 view .LVU817
 2758 0660 484B     		ldr	r3, .L191+88
 2759 0662 53F82030 		ldr	r3, [r3, r0, lsl #2]
 2760 0666 2EA8     		add	r0, sp, #184
 2761              	.LVL217:
 174:project006.cpp ****     out_cents = (midi_f - (float)midi_n) * 100.0f;
 2762              		.loc 10 174 18 view .LVU818
 2763 0668 FFF7FEFF 		bl	snprintf
 2764              	.LVL218:
 175:project006.cpp **** }
ARM GAS  C:\Users\aydan\AppData\Local\Temp\ccPU8E4p.s 			page 113


 2765              		.loc 10 175 5 is_stmt 1 view .LVU819
 175:project006.cpp **** }
 2766              		.loc 10 175 27 is_stmt 0 view .LVU820
 2767 066c 07EE90BA 		vmov	s15, fp	@ int
 175:project006.cpp **** }
 2768              		.loc 10 175 42 view .LVU821
 2769 0670 9FED457A 		vldr.32	s14, .L191+92
 175:project006.cpp **** }
 2770              		.loc 10 175 27 view .LVU822
 2771 0674 F8EEE77A 		vcvt.f32.s32	s15, s15
 175:project006.cpp **** }
 2772              		.loc 10 175 25 view .LVU823
 2773 0678 7AEE677A 		vsub.f32	s15, s20, s15
 175:project006.cpp **** }
 2774              		.loc 10 175 42 view .LVU824
 2775 067c 67EE877A 		vmul.f32	s15, s15, s14
 2776              	.LVL219:
 2777              	.L127:
 175:project006.cpp **** }
 2778              		.loc 10 175 42 view .LVU825
 2779              	.LBE695:
 2780              	.LBE694:
 258:project006.cpp ****     pr.freq_hz = freq_sm;
 2781              		.loc 10 258 5 is_stmt 1 view .LVU826
 258:project006.cpp ****     pr.freq_hz = freq_sm;
 2782              		.loc 10 258 59 is_stmt 0 view .LVU827
 2783 0680 F4EECBAA 		vcmpe.f32	s21, s22
 2784 0684 F1EE10FA 		vmrs	APSR_nzcv, FPSCR
 2785 0688 00F25F81 		bhi	.L176
 258:project006.cpp ****     pr.freq_hz = freq_sm;
 2786              		.loc 10 258 37 view .LVU828
 2787 068c 9FED317A 		vldr.32	s14, .L191+40
 2788 0690 F4EEC78A 		vcmpe.f32	s17, s14
 2789 0694 F1EE10FA 		vmrs	APSR_nzcv, FPSCR
 2790 0698 C0F25781 		blt	.L176
 258:project006.cpp ****     pr.freq_hz = freq_sm;
 2791              		.loc 10 258 59 view .LVU829
 2792 069c 9FED2E7A 		vldr.32	s14, .L191+44
 2793 06a0 F4EEC78A 		vcmpe.f32	s17, s14
 2794 06a4 F1EE10FA 		vmrs	APSR_nzcv, FPSCR
 2795 06a8 94BF     		ite	ls
 2796 06aa 0123     		movls	r3, #1
 2797 06ac 0023     		movhi	r3, #0
 2798              	.L128:
 258:project006.cpp ****     pr.freq_hz = freq_sm;
 2799              		.loc 10 258 16 view .LVU830
 2800 06ae 8DF84C30 		strb	r3, [sp, #76]
 259:project006.cpp ****     pr.conf    = conf;
 2801              		.loc 10 259 5 is_stmt 1 view .LVU831
 262:project006.cpp ****     return pr;
 2802              		.loc 10 262 18 is_stmt 0 view .LVU832
 2803 06b2 0821     		movs	r1, #8
 2804 06b4 2EAB     		add	r3, sp, #184
 2805 06b6 354A     		ldr	r2, .L191+96
 2806 06b8 17A8     		add	r0, sp, #92
 259:project006.cpp ****     pr.conf    = conf;
 2807              		.loc 10 259 16 view .LVU833
ARM GAS  C:\Users\aydan\AppData\Local\Temp\ccPU8E4p.s 			page 114


 2808 06ba CDED148A 		vstr.32	s17, [sp, #80]
 260:project006.cpp ****     pr.cents   = cents;
 2809              		.loc 10 260 5 is_stmt 1 view .LVU834
 260:project006.cpp ****     pr.cents   = cents;
 2810              		.loc 10 260 16 is_stmt 0 view .LVU835
 2811 06be 8DED15BA 		vstr.32	s22, [sp, #84]
 261:project006.cpp ****     std::snprintf(pr.note, sizeof(pr.note), "%s", note);
 2812              		.loc 10 261 5 is_stmt 1 view .LVU836
 261:project006.cpp ****     std::snprintf(pr.note, sizeof(pr.note), "%s", note);
 2813              		.loc 10 261 16 is_stmt 0 view .LVU837
 2814 06c2 CDED167A 		vstr.32	s15, [sp, #88]
 262:project006.cpp ****     return pr;
 2815              		.loc 10 262 5 is_stmt 1 view .LVU838
 262:project006.cpp ****     return pr;
 2816              		.loc 10 262 18 is_stmt 0 view .LVU839
 2817 06c6 FFF7FEFF 		bl	snprintf
 2818              	.LVL220:
 263:project006.cpp **** }
 2819              		.loc 10 263 5 is_stmt 1 view .LVU840
 2820              	.L117:
 263:project006.cpp **** }
 2821              		.loc 10 263 5 is_stmt 0 view .LVU841
 2822              	.LBE707:
 2823              	.LBE712:
 624:project006.cpp **** 
 625:project006.cpp ****                 g_tuner_valid   = pr.valid;
 2824              		.loc 10 625 17 is_stmt 1 view .LVU842
 2825              		.loc 10 625 38 is_stmt 0 view .LVU843
 2826 06ca 9DF84C30 		ldrb	r3, [sp, #76]	@ zero_extendqisi2
 2827              		.loc 10 625 33 view .LVU844
 2828 06ce 304F     		ldr	r7, .L191+100
 626:project006.cpp ****                 g_tuner_freq_hz = pr.freq_hz;
 2829              		.loc 10 626 33 view .LVU845
 2830 06d0 304A     		ldr	r2, .L191+104
 625:project006.cpp ****                 g_tuner_freq_hz = pr.freq_hz;
 2831              		.loc 10 625 33 view .LVU846
 2832 06d2 3B70     		strb	r3, [r7]
 2833              		.loc 10 626 17 is_stmt 1 view .LVU847
 2834              		.loc 10 626 38 is_stmt 0 view .LVU848
 2835 06d4 149B     		ldr	r3, [sp, #80]	@ float
 627:project006.cpp ****                 g_tuner_cents   = pr.cents;
 2836              		.loc 10 627 33 view .LVU849
 2837 06d6 3049     		ldr	r1, .L191+108
 626:project006.cpp ****                 g_tuner_freq_hz = pr.freq_hz;
 2838              		.loc 10 626 33 view .LVU850
 2839 06d8 1360     		str	r3, [r2]	@ float
 2840              		.loc 10 627 17 is_stmt 1 view .LVU851
 2841              		.loc 10 627 38 is_stmt 0 view .LVU852
 2842 06da 169B     		ldr	r3, [sp, #88]	@ float
 628:project006.cpp ****                 g_tuner_conf    = pr.conf;
 2843              		.loc 10 628 33 view .LVU853
 2844 06dc 2F48     		ldr	r0, .L191+112
 627:project006.cpp ****                 g_tuner_cents   = pr.cents;
 2845              		.loc 10 627 33 view .LVU854
 2846 06de 0B60     		str	r3, [r1]	@ float
 2847              		.loc 10 628 17 is_stmt 1 view .LVU855
 629:project006.cpp ****                 std::snprintf(g_tuner_note, sizeof(g_tuner_note), "%s", pr.note);
ARM GAS  C:\Users\aydan\AppData\Local\Temp\ccPU8E4p.s 			page 115


 2848              		.loc 10 629 30 is_stmt 0 view .LVU856
 2849 06e0 0821     		movs	r1, #8
 628:project006.cpp ****                 g_tuner_conf    = pr.conf;
 2850              		.loc 10 628 38 view .LVU857
 2851 06e2 159B     		ldr	r3, [sp, #84]	@ float
 2852              		.loc 10 629 30 view .LVU858
 2853 06e4 294A     		ldr	r2, .L191+96
 628:project006.cpp ****                 g_tuner_conf    = pr.conf;
 2854              		.loc 10 628 33 view .LVU859
 2855 06e6 0360     		str	r3, [r0]	@ float
 2856              		.loc 10 629 17 is_stmt 1 view .LVU860
 2857              		.loc 10 629 30 is_stmt 0 view .LVU861
 2858 06e8 17AB     		add	r3, sp, #92
 2859 06ea 2D48     		ldr	r0, .L191+116
 2860              	.LBE670:
 2861              	.LBE669:
 603:project006.cpp **** 
 2862              		.loc 10 603 27 view .LVU862
 2863 06ec CDF830A0 		str	r10, [sp, #48]
 2864              	.LBB740:
 2865              	.LBB724:
 2866              		.loc 10 629 30 view .LVU863
 2867 06f0 FFF7FEFF 		bl	snprintf
 2868              	.LVL221:
 630:project006.cpp **** 
 631:project006.cpp ****                 send_tuner(g_tuner_valid, g_tuner_freq_hz, g_tuner_note,
 2869              		.loc 10 631 17 is_stmt 1 view .LVU864
 2870              	.LBB713:
 2871              	.LBB714:
 136:project006.cpp ****                   valid ? 1 : 0, freq_hz, note, cents, conf);
 2872              		.loc 10 136 18 is_stmt 0 view .LVU865
 2873 06f4 2A4B     		ldr	r3, .L191+116
 2874              	.LBE714:
 2875              	.LBE713:
 2876              		.loc 10 631 27 view .LVU866
 2877 06f6 274A     		ldr	r2, .L191+104
 2878 06f8 2749     		ldr	r1, .L191+108
 2879 06fa 2848     		ldr	r0, .L191+112
 2880              	.LBB718:
 2881              	.LBB715:
 136:project006.cpp ****                   valid ? 1 : 0, freq_hz, note, cents, conf);
 2882              		.loc 10 136 18 view .LVU867
 2883 06fc 0293     		str	r3, [sp, #8]
 2884              	.LBE715:
 2885              	.LBE718:
 2886              		.loc 10 631 27 view .LVU868
 2887 06fe 3B78     		ldrb	r3, [r7]	@ zero_extendqisi2
 2888 0700 92ED005A 		vldr.32	s10, [r2]
 2889 0704 91ED007A 		vldr.32	s14, [r1]
 2890              	.LBB719:
 2891              	.LBB716:
 136:project006.cpp ****                   valid ? 1 : 0, freq_hz, note, cents, conf);
 2892              		.loc 10 136 18 view .LVU869
 2893 0708 8021     		movs	r1, #128
 2894              	.LBE716:
 2895              	.LBE719:
 2896              		.loc 10 631 27 view .LVU870
ARM GAS  C:\Users\aydan\AppData\Local\Temp\ccPU8E4p.s 			page 116


 2897 070a 90ED006A 		vldr.32	s12, [r0]
 2898              	.LVL222:
 2899              	.LBB720:
 2900              	.LBI713:
 133:project006.cpp **** {
 2901              		.loc 10 133 13 is_stmt 1 view .LVU871
 2902              	.LBB717:
 135:project006.cpp ****     std::snprintf(buf, sizeof(buf), "T,%d,%.3f,%s,%.2f,%.3f\n",
 2903              		.loc 10 135 5 view .LVU872
 136:project006.cpp ****                   valid ? 1 : 0, freq_hz, note, cents, conf);
 2904              		.loc 10 136 5 view .LVU873
 136:project006.cpp ****                   valid ? 1 : 0, freq_hz, note, cents, conf);
 2905              		.loc 10 136 18 is_stmt 0 view .LVU874
 2906 070e B7EEC55A 		vcvt.f64.f32	d5, s10
 2907              	.LVL223:
 136:project006.cpp ****                   valid ? 1 : 0, freq_hz, note, cents, conf);
 2908              		.loc 10 136 18 view .LVU875
 2909 0712 B7EEC77A 		vcvt.f64.f32	d7, s14
 2910              	.LVL224:
 136:project006.cpp ****                   valid ? 1 : 0, freq_hz, note, cents, conf);
 2911              		.loc 10 136 18 view .LVU876
 2912 0716 234A     		ldr	r2, .L191+120
 2913 0718 B7EEC66A 		vcvt.f64.f32	d6, s12
 2914              	.LVL225:
 136:project006.cpp ****                   valid ? 1 : 0, freq_hz, note, cents, conf);
 2915              		.loc 10 136 18 view .LVU877
 2916 071c 2EA8     		add	r0, sp, #184
 2917 071e 8DED005B 		vstr.64	d5, [sp]
 2918 0722 8DED066B 		vstr.64	d6, [sp, #24]
 2919 0726 8DED047B 		vstr.64	d7, [sp, #16]
 2920 072a 41E0     		b	.L192
 2921              	.L193:
 2922              		.align	2
 2923              	.L191:
 2924 072c 00000000 		.word	.LANCHOR13
 2925 0730 00000000 		.word	.LANCHOR4
 2926 0734 00000000 		.word	_ZZ4mainE3win
 2927 0738 00F0FFFF 		.word	-4096
 2928 073c 00000000 		.word	.LANCHOR8
 2929 0740 00000000 		.word	0
 2930 0744 0000803A 		.word	981467136
 2931 0748 0AD7233C 		.word	1008981770
 2932 074c 00000000 		.word	.LANCHOR14
 2933 0750 00040000 		.word	.LANCHOR14+1024
 2934 0754 00008C42 		.word	1116471296
 2935 0758 00007A44 		.word	1148846080
 2936 075c CAF24971 		.word	1900671690
 2937 0760 5F708930 		.word	814313567
 2938 0764 AE4761BE 		.word	-1100920914
 2939 0768 9A99993E 		.word	1050253722
 2940 076c 6666E63E 		.word	1055286886
 2941 0770 0000DC43 		.word	1138491392
 2942 0774 00008A42 		.word	1116340224
 2943 0778 ABAAAA2A 		.word	715827883
 2944 077c ABAAAAAA 		.word	-1431655765
 2945 0780 5C000000 		.word	.LC11
 2946 0784 00000000 		.word	.LANCHOR19
ARM GAS  C:\Users\aydan\AppData\Local\Temp\ccPU8E4p.s 			page 117


 2947 0788 0000C842 		.word	1120403456
 2948 078c 64000000 		.word	.LC12
 2949 0790 00000000 		.word	.LANCHOR20
 2950 0794 00000000 		.word	.LANCHOR21
 2951 0798 00000000 		.word	.LANCHOR22
 2952 079c 00000000 		.word	.LANCHOR23
 2953 07a0 00000000 		.word	.LANCHOR24
 2954 07a4 38000000 		.word	.LC8
 2955 07a8 00000000 		.word	.LANCHOR18
 2956 07ac 00000000 		.word	_ZZL14estimate_pitchPKfifffRfE2xd
 2957              	.L192:
 2958              	.LVL226:
 2959              	.L180:
 136:project006.cpp ****                   valid ? 1 : 0, freq_hz, note, cents, conf);
 2960              		.loc 10 136 18 view .LVU878
 2961              	.LBE717:
 2962              	.LBE720:
 2963              	.LBE724:
 2964              	.LBB725:
 2965              	.LBB726:
 2966 07b0 FFF7FEFF 		bl	snprintf
 2967              	.LVL227:
 138:project006.cpp **** }
 2968              		.loc 10 138 5 is_stmt 1 view .LVU879
 2969              	.LBB727:
 2970              	.LBI727:
 107:project006.cpp **** {
 2971              		.loc 10 107 13 view .LVU880
 2972              	.LBB728:
 109:project006.cpp **** }
 2973              		.loc 10 109 5 view .LVU881
 109:project006.cpp **** }
 2974              		.loc 10 109 26 is_stmt 0 view .LVU882
 2975 07b4 2EA8     		add	r0, sp, #184
 2976              	.LVL228:
 109:project006.cpp **** }
 2977              		.loc 10 109 26 view .LVU883
 2978 07b6 FFF7FEFF 		bl	strlen
 2979              	.LVL229:
 109:project006.cpp **** }
 2980              		.loc 10 109 26 view .LVU884
 2981 07ba 4FF47A73 		mov	r3, #1000
 2982 07be 0246     		mov	r2, r0
 2983 07c0 2EA9     		add	r1, sp, #184
 2984              	.LVL230:
 109:project006.cpp **** }
 2985              		.loc 10 109 26 view .LVU885
 2986 07c2 7548     		ldr	r0, .L194
 2987 07c4 FFF7FEFF 		bl	_ZN5daisy11UartHandler16BlockingTransmitEPhjm
 2988              	.LVL231:
 2989              	.L108:
 109:project006.cpp **** }
 2990              		.loc 10 109 26 view .LVU886
 2991              	.LBE728:
 2992              	.LBE727:
 2993              	.LBE726:
 2994              	.LBE725:
ARM GAS  C:\Users\aydan\AppData\Local\Temp\ccPU8E4p.s 			page 118


 2995              	.LBE740:
 2996              	.LBE665:
 2997              	.LBE664:
 632:project006.cpp ****                            g_tuner_cents, g_tuner_conf);
 633:project006.cpp ****             }
 634:project006.cpp ****             else
 635:project006.cpp ****             {
 636:project006.cpp ****                 g_tuner_valid = false;
 637:project006.cpp ****                 g_tuner_conf  = 0.0f;
 638:project006.cpp ****                 send_tuner(false, 110.0f, "A2", 0.0f, 0.0f);
 639:project006.cpp ****             }
 640:project006.cpp ****         }
 641:project006.cpp **** 
 642:project006.cpp ****         System::Delay(1);
 2998              		.loc 10 642 9 is_stmt 1 view .LVU887
 2999              		.loc 10 642 22 is_stmt 0 view .LVU888
 3000 07c8 0120     		movs	r0, #1
 3001 07ca FFF7FEFF 		bl	_ZN5daisy6System5DelayEm
 3002              	.LVL232:
 3003              	.LBE806:
 502:project006.cpp ****     {
 3004              		.loc 10 502 5 is_stmt 1 view .LVU889
 643:project006.cpp ****     }
 3005              		.loc 10 643 5 is_stmt 0 view .LVU890
 3006 07ce 2FE5     		b	.L131
 3007              	.LVL233:
 3008              	.L141:
 3009              	.LBB807:
 3010              	.LBB750:
 3011              	.LBB659:
  71:project006.cpp **** }
 3012              		.loc 10 71 21 view .LVU891
 3013 07d0 DFED727A 		vldr.32	s15, .L194+4
 3014 07d4 F8E5     		b	.L98
 3015              	.LVL234:
 3016              	.L139:
  71:project006.cpp **** }
 3017              		.loc 10 71 21 view .LVU892
 3018              	.LBE659:
 3019              	.LBE750:
 3020              	.LBB751:
 3021              	.LBB654:
 3022 07d6 DFED717A 		vldr.32	s15, .L194+4
 3023 07da E5E5     		b	.L97
 3024              	.LVL235:
 3025              	.L137:
  71:project006.cpp **** }
 3026              		.loc 10 71 21 view .LVU893
 3027              	.LBE654:
 3028              	.LBE751:
 3029              	.LBB752:
 3030              	.LBB650:
 3031 07dc DFED6F7A 		vldr.32	s15, .L194+4
 3032 07e0 8CE5     		b	.L96
 3033              	.LVL236:
 3034              	.L181:
  71:project006.cpp **** }
ARM GAS  C:\Users\aydan\AppData\Local\Temp\ccPU8E4p.s 			page 119


 3035              		.loc 10 71 21 view .LVU894
 3036              	.LBE650:
 3037              	.LBE752:
 3038              	.LBB753:
 3039              	.LBB622:
  89:project006.cpp ****     return 0; // can happen briefly while rotating
 3040              		.loc 10 89 13 is_stmt 1 view .LVU895
  89:project006.cpp ****     return 0; // can happen briefly while rotating
 3041              		.loc 10 89 13 is_stmt 0 view .LVU896
 3042              	.LBE622:
 3043              	.LBE753:
 510:project006.cpp ****         {
 3044              		.loc 10 510 9 is_stmt 1 view .LVU897
 3045              	.LBB754:
 512:project006.cpp ****             {
 3046              		.loc 10 512 13 view .LVU898
 3047 07e2 0A9B     		ldr	r3, [sp, #40]
 3048 07e4 5B45     		cmp	r3, fp
 3049 07e6 6ED0     		beq	.L185
 514:project006.cpp ****                 rot_last_change = now;
 3050              		.loc 10 514 17 view .LVU899
 3051              	.LVL237:
 515:project006.cpp ****             }
 3052              		.loc 10 515 17 view .LVU900
 518:project006.cpp ****                 rot_stable = sample;
 3053              		.loc 10 518 13 view .LVU901
 3054 07e8 099B     		ldr	r3, [sp, #36]
 515:project006.cpp ****             }
 3055              		.loc 10 515 33 is_stmt 0 view .LVU902
 3056 07ea CDF82CA0 		str	r10, [sp, #44]
 518:project006.cpp ****                 rot_stable = sample;
 3057              		.loc 10 518 13 view .LVU903
 3058 07ee 5B45     		cmp	r3, fp
 3059 07f0 73D0     		beq	.L94
 3060              	.LVL238:
 3061              	.L132:
 521:project006.cpp ****             if(rot_stable != 0 && RotaryPosToFx(rot_stable, mapped))
 3062              		.loc 10 521 13 is_stmt 1 view .LVU904
 522:project006.cpp ****                 g_fx = mapped;
 3063              		.loc 10 522 13 view .LVU905
 522:project006.cpp ****                 g_fx = mapped;
 3064              		.loc 10 522 32 is_stmt 0 view .LVU906
 3065 07f2 099B     		ldr	r3, [sp, #36]
 3066 07f4 002B     		cmp	r3, #0
 3067 07f6 70D1     		bne	.L94
 3068              	.L136:
 522:project006.cpp ****                 g_fx = mapped;
 3069              		.loc 10 522 32 view .LVU907
 3070              	.LBE754:
 3071              	.LBB757:
 3072              	.LBB623:
  89:project006.cpp ****     return 0; // can happen briefly while rotating
 3073              		.loc 10 89 24 view .LVU908
 3074 07f8 CDF828B0 		str	fp, [sp, #40]
 3075 07fc 30E5     		b	.L93
 3076              	.LVL239:
 3077              	.L100:
ARM GAS  C:\Users\aydan\AppData\Local\Temp\ccPU8E4p.s 			page 120


  89:project006.cpp ****     return 0; // can happen briefly while rotating
 3078              		.loc 10 89 24 view .LVU909
 3079              	.LBE623:
 3080              	.LBE757:
 3081              	.LBB758:
 3082              	.LBB663:
 401:project006.cpp ****         {
 3083              		.loc 10 401 9 is_stmt 1 view .LVU910
 3084 07fe 98F80020 		ldrb	r2, [r8]	@ zero_extendqisi2
 3085 0802 9A42     		cmp	r2, r3
 3086 0804 3FF4F7AD 		beq	.L101
 401:project006.cpp ****         {
 3087              		.loc 10 401 40 is_stmt 0 view .LVU911
 3088 0808 D8F80420 		ldr	r2, [r8, #4]
 3089 080c AAEB0202 		sub	r2, r10, r2
 401:project006.cpp ****         {
 3090              		.loc 10 401 29 view .LVU912
 3091 0810 0E2A     		cmp	r2, #14
 3092 0812 7FF6F0AD 		bls	.L101
 403:project006.cpp ****             return true;
 3093              		.loc 10 403 13 is_stmt 1 view .LVU913
 403:project006.cpp ****             return true;
 3094              		.loc 10 403 20 is_stmt 0 view .LVU914
 3095 0816 88F80030 		strb	r3, [r8]
 404:project006.cpp ****         }
 3096              		.loc 10 404 13 is_stmt 1 view .LVU915
 3097              	.LVL240:
 404:project006.cpp ****         }
 3098              		.loc 10 404 13 is_stmt 0 view .LVU916
 3099              	.LBE663:
 3100              	.LBE758:
 572:project006.cpp ****         {
 3101              		.loc 10 572 9 is_stmt 1 view .LVU917
 3102              	.LBB759:
 574:project006.cpp **** 
 3103              		.loc 10 574 13 view .LVU918
 576:project006.cpp ****             {
 3104              		.loc 10 576 13 view .LVU919
 576:project006.cpp ****             {
 3105              		.loc 10 576 25 is_stmt 0 view .LVU920
 3106 081a 002B     		cmp	r3, #0
 3107 081c 66D0     		beq	.L186
 591:project006.cpp ****             {
 3108              		.loc 10 591 18 is_stmt 1 discriminator 1 view .LVU921
 591:project006.cpp ****             {
 3109              		.loc 10 591 34 is_stmt 0 discriminator 1 view .LVU922
 3110 081e 604B     		ldr	r3, .L194+8
 3111              	.LVL241:
 591:project006.cpp ****             {
 3112              		.loc 10 591 34 discriminator 1 view .LVU923
 3113 0820 1B78     		ldrb	r3, [r3]	@ zero_extendqisi2
 591:project006.cpp ****             {
 3114              		.loc 10 591 31 discriminator 1 view .LVU924
 3115 0822 002B     		cmp	r3, #0
 3116 0824 3FF4E7AD 		beq	.L101
 593:project006.cpp ****                 send_footswitch(false, "released", g_press_count);
 3117              		.loc 10 593 17 is_stmt 1 view .LVU925
ARM GAS  C:\Users\aydan\AppData\Local\Temp\ccPU8E4p.s 			page 121


 3118              	.LBB760:
 3119              	.LBB761:
 129:project006.cpp ****     uart_send(buf);
 3120              		.loc 10 129 18 is_stmt 0 view .LVU926
 3121 0828 5E4B     		ldr	r3, .L194+12
 3122              	.LBE761:
 3123              	.LBE760:
 593:project006.cpp ****                 send_footswitch(false, "released", g_press_count);
 3124              		.loc 10 593 29 view .LVU927
 3125 082a 5D4A     		ldr	r2, .L194+8
 3126              	.LBB767:
 3127              	.LBB764:
 129:project006.cpp ****     uart_send(buf);
 3128              		.loc 10 129 18 view .LVU928
 3129 082c 0093     		str	r3, [sp]
 3130              	.LBE764:
 3131              	.LBE767:
 593:project006.cpp ****                 send_footswitch(false, "released", g_press_count);
 3132              		.loc 10 593 29 view .LVU929
 3133 082e 0023     		movs	r3, #0
 3134 0830 1370     		strb	r3, [r2]
 594:project006.cpp ****             }
 3135              		.loc 10 594 17 is_stmt 1 view .LVU930
 594:project006.cpp ****             }
 3136              		.loc 10 594 32 is_stmt 0 view .LVU931
 3137 0832 5D4A     		ldr	r2, .L194+16
 3138 0834 1268     		ldr	r2, [r2]
 3139              	.LVL242:
 3140              	.LBB768:
 3141              	.LBI760:
 126:project006.cpp **** {
 3142              		.loc 10 126 13 is_stmt 1 view .LVU932
 3143              	.LBB765:
 128:project006.cpp ****     std::snprintf(buf, sizeof(buf), "S,%d,%s,%d\n", down ? 1 : 0, edge, press_count);
 3144              		.loc 10 128 5 view .LVU933
 129:project006.cpp ****     uart_send(buf);
 3145              		.loc 10 129 5 view .LVU934
 129:project006.cpp ****     uart_send(buf);
 3146              		.loc 10 129 18 is_stmt 0 view .LVU935
 3147 0836 0192     		str	r2, [sp, #4]
 3148 0838 77E0     		b	.L179
 3149              	.LVL243:
 3150              	.L183:
 129:project006.cpp ****     uart_send(buf);
 3151              		.loc 10 129 18 view .LVU936
 3152              	.LBE765:
 3153              	.LBE768:
 3154              	.LBE759:
 562:project006.cpp ****             send_pots(g_pots[0], g_pots[1], g_pots[2], g_pots[3]);
 3155              		.loc 10 562 13 is_stmt 1 view .LVU937
 563:project006.cpp ****         }
 3156              		.loc 10 563 13 view .LVU938
 563:project006.cpp ****         }
 3157              		.loc 10 563 31 is_stmt 0 view .LVU939
 3158 083a 96ED005A 		vldr.32	s10, [r6]
 3159              	.LBB779:
 3160              	.LBB780:
ARM GAS  C:\Users\aydan\AppData\Local\Temp\ccPU8E4p.s 			page 122


 122:project006.cpp ****     uart_send(buf);
 3161              		.loc 10 122 18 view .LVU940
 3162 083e 6021     		movs	r1, #96
 3163              	.LBE780:
 3164              	.LBE779:
 563:project006.cpp ****         }
 3165              		.loc 10 563 42 view .LVU941
 3166 0840 96ED014A 		vldr.32	s8, [r6, #4]
 3167              	.LBB789:
 3168              	.LBB785:
 122:project006.cpp ****     uart_send(buf);
 3169              		.loc 10 122 18 view .LVU942
 3170 0844 2EA8     		add	r0, sp, #184
 3171              	.LBE785:
 3172              	.LBE789:
 563:project006.cpp ****         }
 3173              		.loc 10 563 53 view .LVU943
 3174 0846 96ED027A 		vldr.32	s14, [r6, #8]
 3175              	.LBB790:
 3176              	.LBB786:
 122:project006.cpp ****     uart_send(buf);
 3177              		.loc 10 122 18 view .LVU944
 3178 084a B7EEC55A 		vcvt.f64.f32	d5, s10
 3179              	.LBE786:
 3180              	.LBE790:
 563:project006.cpp ****         }
 3181              		.loc 10 563 64 view .LVU945
 3182 084e 96ED036A 		vldr.32	s12, [r6, #12]
 3183              	.LVL244:
 3184              	.LBB791:
 3185              	.LBI779:
 119:project006.cpp **** {
 3186              		.loc 10 119 13 is_stmt 1 view .LVU946
 3187              	.LBB787:
 121:project006.cpp ****     std::snprintf(buf, sizeof(buf), "P,%.4f,%.4f,%.4f,%.4f\n", p0, p1, p2, p3);
 3188              		.loc 10 121 5 view .LVU947
 122:project006.cpp ****     uart_send(buf);
 3189              		.loc 10 122 5 view .LVU948
 122:project006.cpp ****     uart_send(buf);
 3190              		.loc 10 122 18 is_stmt 0 view .LVU949
 3191 0852 B7EEC44A 		vcvt.f64.f32	d4, s8
 3192              	.LVL245:
 122:project006.cpp ****     uart_send(buf);
 3193              		.loc 10 122 18 view .LVU950
 3194 0856 B7EEC77A 		vcvt.f64.f32	d7, s14
 3195              	.LVL246:
 122:project006.cpp ****     uart_send(buf);
 3196              		.loc 10 122 18 view .LVU951
 3197 085a 544A     		ldr	r2, .L194+20
 3198 085c B7EEC66A 		vcvt.f64.f32	d6, s12
 3199              	.LVL247:
 122:project006.cpp ****     uart_send(buf);
 3200              		.loc 10 122 18 view .LVU952
 3201 0860 8DED024B 		vstr.64	d4, [sp, #8]
 3202 0864 8DED005B 		vstr.64	d5, [sp]
 3203 0868 8DED066B 		vstr.64	d6, [sp, #24]
 3204 086c 8DED047B 		vstr.64	d7, [sp, #16]
ARM GAS  C:\Users\aydan\AppData\Local\Temp\ccPU8E4p.s 			page 123


 3205 0870 FFF7FEFF 		bl	snprintf
 3206              	.LVL248:
 123:project006.cpp **** }
 3207              		.loc 10 123 5 is_stmt 1 view .LVU953
 3208              	.LBB781:
 3209              	.LBI781:
 107:project006.cpp **** {
 3210              		.loc 10 107 13 view .LVU954
 3211              	.LBB782:
 109:project006.cpp **** }
 3212              		.loc 10 109 5 view .LVU955
 109:project006.cpp **** }
 3213              		.loc 10 109 26 is_stmt 0 view .LVU956
 3214 0874 2EA8     		add	r0, sp, #184
 3215              	.LVL249:
 109:project006.cpp **** }
 3216              		.loc 10 109 26 view .LVU957
 3217 0876 FFF7FEFF 		bl	strlen
 3218              	.LVL250:
 109:project006.cpp **** }
 3219              		.loc 10 109 26 view .LVU958
 3220 087a 4FF47A73 		mov	r3, #1000
 3221 087e 0246     		mov	r2, r0
 3222 0880 2EA9     		add	r1, sp, #184
 3223              	.LVL251:
 109:project006.cpp **** }
 3224              		.loc 10 109 26 view .LVU959
 3225 0882 4548     		ldr	r0, .L194
 3226              	.LBE782:
 3227              	.LBE781:
 3228              	.LBE787:
 3229              	.LBE791:
 562:project006.cpp ****             send_pots(g_pots[0], g_pots[1], g_pots[2], g_pots[3]);
 3230              		.loc 10 562 26 view .LVU960
 3231 0884 CDF838A0 		str	r10, [sp, #56]
 3232              	.LBB792:
 3233              	.LBB788:
 3234              	.LBB784:
 3235              	.LBB783:
 109:project006.cpp **** }
 3236              		.loc 10 109 26 view .LVU961
 3237 0888 FFF7FEFF 		bl	_ZN5daisy11UartHandler16BlockingTransmitEPhjm
 3238              	.LVL252:
 109:project006.cpp **** }
 3239              		.loc 10 109 26 view .LVU962
 3240              	.LBE783:
 3241              	.LBE784:
 124:project006.cpp **** 
 3242              		.loc 10 124 1 view .LVU963
 3243 088c A7E5     		b	.L99
 3244              	.LVL253:
 3245              	.L111:
 124:project006.cpp **** 
 3246              		.loc 10 124 1 view .LVU964
 3247              	.LBE788:
 3248              	.LBE792:
 3249              	.LBB793:
ARM GAS  C:\Users\aydan\AppData\Local\Temp\ccPU8E4p.s 			page 124


 3250              	.LBB746:
 3251              	.LBB741:
 636:project006.cpp ****                 g_tuner_conf  = 0.0f;
 3252              		.loc 10 636 17 is_stmt 1 view .LVU965
 3253              	.LBB733:
 3254              	.LBB729:
 136:project006.cpp ****                   valid ? 1 : 0, freq_hz, note, cents, conf);
 3255              		.loc 10 136 18 is_stmt 0 view .LVU966
 3256 088e 484B     		ldr	r3, .L194+24
 3257              	.LVL254:
 136:project006.cpp ****                   valid ? 1 : 0, freq_hz, note, cents, conf);
 3258              		.loc 10 136 18 view .LVU967
 3259 0890 4FF0000B 		mov	fp, #0
 3260              	.LBE729:
 3261              	.LBE733:
 636:project006.cpp ****                 g_tuner_conf  = 0.0f;
 3262              		.loc 10 636 31 view .LVU968
 3263 0894 474A     		ldr	r2, .L194+28
 3264              	.LVL255:
 3265              	.LBB734:
 3266              	.LBB730:
 136:project006.cpp ****                   valid ? 1 : 0, freq_hz, note, cents, conf);
 3267              		.loc 10 136 18 view .LVU969
 3268 0896 2EA8     		add	r0, sp, #184
 3269 0898 0293     		str	r3, [sp, #8]
 3270              	.LBE730:
 3271              	.LBE734:
 636:project006.cpp ****                 g_tuner_conf  = 0.0f;
 3272              		.loc 10 636 31 view .LVU970
 3273 089a 0023     		movs	r3, #0
 637:project006.cpp ****                 send_tuner(false, 110.0f, "A2", 0.0f, 0.0f);
 3274              		.loc 10 637 31 view .LVU971
 3275 089c 4649     		ldr	r1, .L194+32
 3276              	.LVL256:
 636:project006.cpp ****                 g_tuner_conf  = 0.0f;
 3277              		.loc 10 636 31 view .LVU972
 3278 089e 1370     		strb	r3, [r2]
 637:project006.cpp ****                 send_tuner(false, 110.0f, "A2", 0.0f, 0.0f);
 3279              		.loc 10 637 17 is_stmt 1 view .LVU973
 637:project006.cpp ****                 send_tuner(false, 110.0f, "A2", 0.0f, 0.0f);
 3280              		.loc 10 637 31 is_stmt 0 view .LVU974
 3281 08a0 0022     		movs	r2, #0
 3282              	.LBE741:
 603:project006.cpp **** 
 3283              		.loc 10 603 27 view .LVU975
 3284 08a2 CDF830A0 		str	r10, [sp, #48]
 3285              	.LBB742:
 3286              	.LBB735:
 3287              	.LBB731:
 136:project006.cpp ****                   valid ? 1 : 0, freq_hz, note, cents, conf);
 3288              		.loc 10 136 18 view .LVU976
 3289 08a6 4FF0000A 		mov	r10, #0
 3290              	.LVL257:
 136:project006.cpp ****                   valid ? 1 : 0, freq_hz, note, cents, conf);
 3291              		.loc 10 136 18 view .LVU977
 3292              	.LBE731:
 3293              	.LBE735:
ARM GAS  C:\Users\aydan\AppData\Local\Temp\ccPU8E4p.s 			page 125


 637:project006.cpp ****                 send_tuner(false, 110.0f, "A2", 0.0f, 0.0f);
 3294              		.loc 10 637 31 view .LVU978
 3295 08aa 0A60     		str	r2, [r1]	@ float
 638:project006.cpp ****             }
 3296              		.loc 10 638 17 is_stmt 1 view .LVU979
 3297              	.LVL258:
 3298              	.LBB736:
 3299              	.LBI725:
 133:project006.cpp **** {
 3300              		.loc 10 133 13 view .LVU980
 3301              	.LBB732:
 135:project006.cpp ****     std::snprintf(buf, sizeof(buf), "T,%d,%.3f,%s,%.2f,%.3f\n",
 3302              		.loc 10 135 5 view .LVU981
 136:project006.cpp ****                   valid ? 1 : 0, freq_hz, note, cents, conf);
 3303              		.loc 10 136 5 view .LVU982
 136:project006.cpp ****                   valid ? 1 : 0, freq_hz, note, cents, conf);
 3304              		.loc 10 136 18 is_stmt 0 view .LVU983
 3305 08ac 8021     		movs	r1, #128
 3306 08ae 434A     		ldr	r2, .L194+36
 3307 08b0 CDE906AB 		strd	r10, [sp, #24]
 3308 08b4 CDE904AB 		strd	r10, [sp, #16]
 3309 08b8 4FF0000A 		mov	r10, #0
 3310 08bc DFF81CB1 		ldr	fp, .L194+68
 3311 08c0 CDE900AB 		strd	r10, [sp]
 3312 08c4 74E7     		b	.L180
 3313              	.LVL259:
 3314              	.L185:
 136:project006.cpp ****                   valid ? 1 : 0, freq_hz, note, cents, conf);
 3315              		.loc 10 136 18 view .LVU984
 3316              	.LBE732:
 3317              	.LBE736:
 3318              	.LBE742:
 3319              	.LBE746:
 3320              	.LBE793:
 3321              	.LBB794:
 518:project006.cpp ****                 rot_stable = sample;
 3322              		.loc 10 518 13 is_stmt 1 view .LVU985
 3323 08c6 099B     		ldr	r3, [sp, #36]
 3324 08c8 5B45     		cmp	r3, fp
 3325 08ca 06D0     		beq	.L94
 518:project006.cpp ****                 rot_stable = sample;
 3326              		.loc 10 518 45 is_stmt 0 discriminator 1 view .LVU986
 3327 08cc 0B9B     		ldr	r3, [sp, #44]
 3328 08ce AAEB0303 		sub	r3, r10, r3
 518:project006.cpp ****                 rot_stable = sample;
 3329              		.loc 10 518 37 discriminator 1 view .LVU987
 3330 08d2 132B     		cmp	r3, #19
 3331 08d4 8DD9     		bls	.L132
 3332 08d6 CDF824B0 		str	fp, [sp, #36]
 3333              	.LVL260:
 3334              	.L94:
 3335              	.LBB755:
 3336              	.LBI755:
  93:project006.cpp **** {
 3337              		.loc 10 93 13 is_stmt 1 view .LVU988
 3338              	.LBB756:
  96:project006.cpp ****     {
ARM GAS  C:\Users\aydan\AppData\Local\Temp\ccPU8E4p.s 			page 126


 3339              		.loc 10 96 5 view .LVU989
  96:project006.cpp ****     {
 3340              		.loc 10 96 17 is_stmt 0 view .LVU990
 3341 08da 099B     		ldr	r3, [sp, #36]
 3342 08dc 013B     		subs	r3, r3, #1
  96:project006.cpp ****     {
 3343              		.loc 10 96 5 view .LVU991
 3344 08de 032B     		cmp	r3, #3
 3345 08e0 8AD8     		bhi	.L136
  98:project006.cpp ****         return true;
 3346              		.loc 10 98 9 is_stmt 1 view .LVU992
 3347              	.LVL261:
  99:project006.cpp ****     }
 3348              		.loc 10 99 9 view .LVU993
  99:project006.cpp ****     }
 3349              		.loc 10 99 9 is_stmt 0 view .LVU994
 3350              	.LBE756:
 3351              	.LBE755:
 523:project006.cpp ****         }
 3352              		.loc 10 523 17 is_stmt 1 view .LVU995
 523:project006.cpp ****         }
 3353              		.loc 10 523 22 is_stmt 0 view .LVU996
 3354 08e2 C9F80030 		str	r3, [r9]
 3355              	.LBE794:
 3356              	.LBB795:
 3357              	.LBB624:
  89:project006.cpp ****     return 0; // can happen briefly while rotating
 3358              		.loc 10 89 24 view .LVU997
 3359 08e6 CDF828B0 		str	fp, [sp, #40]
 3360 08ea B3E4     		b	.L178
 3361              	.LVL262:
 3362              	.L186:
  89:project006.cpp ****     return 0; // can happen briefly while rotating
 3363              		.loc 10 89 24 view .LVU998
 3364              	.LBE624:
 3365              	.LBE795:
 3366              	.LBB796:
 576:project006.cpp ****             {
 3367              		.loc 10 576 29 discriminator 1 view .LVU999
 3368 08ec 2C48     		ldr	r0, .L194+8
 3369              	.LVL263:
 576:project006.cpp ****             {
 3370              		.loc 10 576 29 discriminator 1 view .LVU1000
 3371 08ee 0378     		ldrb	r3, [r0]	@ zero_extendqisi2
 3372              	.LVL264:
 576:project006.cpp ****             {
 3373              		.loc 10 576 25 discriminator 1 view .LVU1001
 3374 08f0 03F0FF01 		and	r1, r3, #255
 3375 08f4 002B     		cmp	r3, #0
 3376 08f6 7FF47EAD 		bne	.L101
 578:project006.cpp ****                 g_press_count++;
 3377              		.loc 10 578 17 is_stmt 1 view .LVU1002
 578:project006.cpp ****                 g_press_count++;
 3378              		.loc 10 578 29 is_stmt 0 view .LVU1003
 3379 08fa 0122     		movs	r2, #1
 3380 08fc 0270     		strb	r2, [r0]
 579:project006.cpp **** 
ARM GAS  C:\Users\aydan\AppData\Local\Temp\ccPU8E4p.s 			page 127


 3381              		.loc 10 579 17 is_stmt 1 view .LVU1004
 579:project006.cpp **** 
 3382              		.loc 10 579 30 is_stmt 0 view .LVU1005
 3383 08fe 2A48     		ldr	r0, .L194+16
 3384 0900 0368     		ldr	r3, [r0]
 3385 0902 1344     		add	r3, r3, r2
 3386 0904 0360     		str	r3, [r0]
 584:project006.cpp ****                     StartGranularCapture();
 3387              		.loc 10 584 17 is_stmt 1 view .LVU1006
 584:project006.cpp ****                     StartGranularCapture();
 3388              		.loc 10 584 30 is_stmt 0 view .LVU1007
 3389 0906 D9F80030 		ldr	r3, [r9]
 584:project006.cpp ****                     StartGranularCapture();
 3390              		.loc 10 584 17 view .LVU1008
 3391 090a 022B     		cmp	r3, #2
 3392 090c 36D0     		beq	.L187
 586:project006.cpp ****                     g_bypass = !g_bypass;
 3393              		.loc 10 586 22 is_stmt 1 view .LVU1009
 586:project006.cpp ****                     g_bypass = !g_bypass;
 3394              		.loc 10 586 35 is_stmt 0 view .LVU1010
 3395 090e D9F80030 		ldr	r3, [r9]
 586:project006.cpp ****                     g_bypass = !g_bypass;
 3396              		.loc 10 586 22 view .LVU1011
 3397 0912 23B1     		cbz	r3, .L106
 587:project006.cpp **** 
 3398              		.loc 10 587 21 is_stmt 1 view .LVU1012
 587:project006.cpp **** 
 3399              		.loc 10 587 33 is_stmt 0 view .LVU1013
 3400 0914 2A4A     		ldr	r2, .L194+40
 3401 0916 1378     		ldrb	r3, [r2]	@ zero_extendqisi2
 587:project006.cpp **** 
 3402              		.loc 10 587 32 view .LVU1014
 3403 0918 83F00103 		eor	r3, r3, #1
 587:project006.cpp **** 
 3404              		.loc 10 587 30 view .LVU1015
 3405 091c 1370     		strb	r3, [r2]
 3406              	.LVL265:
 3407              	.L106:
 589:project006.cpp ****             }
 3408              		.loc 10 589 17 is_stmt 1 view .LVU1016
 3409              	.LBB769:
 3410              	.LBB770:
 129:project006.cpp ****     uart_send(buf);
 3411              		.loc 10 129 18 is_stmt 0 view .LVU1017
 3412 091e 294B     		ldr	r3, .L194+44
 3413 0920 0093     		str	r3, [sp]
 3414              	.LBE770:
 3415              	.LBE769:
 589:project006.cpp ****             }
 3416              		.loc 10 589 32 view .LVU1018
 3417 0922 214B     		ldr	r3, .L194+16
 3418 0924 1B68     		ldr	r3, [r3]
 3419              	.LVL266:
 3420              	.LBB772:
 3421              	.LBI769:
 126:project006.cpp **** {
 3422              		.loc 10 126 13 is_stmt 1 view .LVU1019
ARM GAS  C:\Users\aydan\AppData\Local\Temp\ccPU8E4p.s 			page 128


 3423              	.LBB771:
 128:project006.cpp ****     std::snprintf(buf, sizeof(buf), "S,%d,%s,%d\n", down ? 1 : 0, edge, press_count);
 3424              		.loc 10 128 5 view .LVU1020
 129:project006.cpp ****     uart_send(buf);
 3425              		.loc 10 129 5 view .LVU1021
 129:project006.cpp ****     uart_send(buf);
 3426              		.loc 10 129 18 is_stmt 0 view .LVU1022
 3427 0926 0193     		str	r3, [sp, #4]
 3428 0928 0123     		movs	r3, #1
 3429              	.LVL267:
 3430              	.L179:
 129:project006.cpp ****     uart_send(buf);
 3431              		.loc 10 129 18 view .LVU1023
 3432              	.LBE771:
 3433              	.LBE772:
 3434              	.LBB773:
 3435              	.LBB766:
 3436 092a 274A     		ldr	r2, .L194+48
 3437 092c 6021     		movs	r1, #96
 3438 092e 2EA8     		add	r0, sp, #184
 3439 0930 FFF7FEFF 		bl	snprintf
 3440              	.LVL268:
 130:project006.cpp **** }
 3441              		.loc 10 130 5 is_stmt 1 view .LVU1024
 3442              	.LBB762:
 3443              	.LBI762:
 107:project006.cpp **** {
 3444              		.loc 10 107 13 view .LVU1025
 3445              	.LBB763:
 109:project006.cpp **** }
 3446              		.loc 10 109 5 view .LVU1026
 109:project006.cpp **** }
 3447              		.loc 10 109 26 is_stmt 0 view .LVU1027
 3448 0934 2EA8     		add	r0, sp, #184
 3449              	.LVL269:
 109:project006.cpp **** }
 3450              		.loc 10 109 26 view .LVU1028
 3451 0936 FFF7FEFF 		bl	strlen
 3452              	.LVL270:
 109:project006.cpp **** }
 3453              		.loc 10 109 26 view .LVU1029
 3454 093a 4FF47A73 		mov	r3, #1000
 3455 093e 0246     		mov	r2, r0
 3456 0940 2EA9     		add	r1, sp, #184
 3457              	.LVL271:
 109:project006.cpp **** }
 3458              		.loc 10 109 26 view .LVU1030
 3459 0942 1548     		ldr	r0, .L194
 3460 0944 FFF7FEFF 		bl	_ZN5daisy11UartHandler16BlockingTransmitEPhjm
 3461              	.LVL272:
 109:project006.cpp **** }
 3462              		.loc 10 109 26 view .LVU1031
 3463              	.LBE763:
 3464              	.LBE762:
 131:project006.cpp **** 
 3465              		.loc 10 131 1 view .LVU1032
 3466 0948 55E5     		b	.L101
ARM GAS  C:\Users\aydan\AppData\Local\Temp\ccPU8E4p.s 			page 129


 3467              	.LVL273:
 3468              	.L176:
 131:project006.cpp **** 
 3469              		.loc 10 131 1 view .LVU1033
 3470              	.LBE766:
 3471              	.LBE773:
 3472              	.LBE796:
 3473              	.LBB797:
 3474              	.LBB747:
 3475              	.LBB743:
 3476              	.LBB737:
 3477              	.LBB721:
 3478              	.LBB708:
 258:project006.cpp ****     pr.freq_hz = freq_sm;
 3479              		.loc 10 258 59 view .LVU1034
 3480 094a 0023     		movs	r3, #0
 3481 094c AFE6     		b	.L128
 3482              	.LVL274:
 3483              	.L182:
 258:project006.cpp ****     pr.freq_hz = freq_sm;
 3484              		.loc 10 258 59 view .LVU1035
 3485              	.LBE708:
 3486              	.LBE721:
 3487              	.LBE737:
 3488              	.LBE743:
 3489              	.LBE747:
 3490              	.LBE797:
 540:project006.cpp ****         }
 3491              		.loc 10 540 17 is_stmt 1 view .LVU1036
 3492              	.LBB798:
 3493              	.LBI798:
 415:project006.cpp **** {
 3494              		.loc 10 415 13 view .LVU1037
 3495              	.LBB799:
 417:project006.cpp ****     gran_wr    = 0;
 3496              		.loc 10 417 5 view .LVU1038
 417:project006.cpp ****     gran_wr    = 0;
 3497              		.loc 10 417 16 is_stmt 0 view .LVU1039
 3498 094e 0123     		movs	r3, #1
 3499 0950 1E4A     		ldr	r2, .L194+52
 3500              	.LBB800:
 421:project006.cpp **** }
 3501              		.loc 10 421 21 view .LVU1040
 3502 0952 1F48     		ldr	r0, .L194+56
 3503              	.LBE800:
 417:project006.cpp ****     gran_wr    = 0;
 3504              		.loc 10 417 16 view .LVU1041
 3505 0954 1360     		str	r3, [r2]
 418:project006.cpp ****     // (optional) clear buffer for cleanliness
 3506              		.loc 10 418 5 is_stmt 1 view .LVU1042
 418:project006.cpp ****     // (optional) clear buffer for cleanliness
 3507              		.loc 10 418 16 is_stmt 0 view .LVU1043
 3508 0956 1F4B     		ldr	r3, .L194+60
 3509              	.LBB801:
 421:project006.cpp **** }
 3510              		.loc 10 421 21 view .LVU1044
 3511 0958 1F4A     		ldr	r2, .L194+64
ARM GAS  C:\Users\aydan\AppData\Local\Temp\ccPU8E4p.s 			page 130


 3512              	.LBE801:
 418:project006.cpp ****     // (optional) clear buffer for cleanliness
 3513              		.loc 10 418 16 view .LVU1045
 3514 095a 1960     		str	r1, [r3]
 420:project006.cpp ****         gran_buf[i] = 0.0f;
 3515              		.loc 10 420 5 is_stmt 1 view .LVU1046
 3516              	.LVL275:
 3517              	.LBB802:
 420:project006.cpp ****         gran_buf[i] = 0.0f;
 3518              		.loc 10 420 22 view .LVU1047
 421:project006.cpp **** }
 3519              		.loc 10 421 21 is_stmt 0 view .LVU1048
 3520 095c FFF7FEFF 		bl	memset
 3521              	.LVL276:
 3522 0960 A0E4     		b	.L95
 3523              	.LVL277:
 3524              	.L184:
 421:project006.cpp **** }
 3525              		.loc 10 421 21 view .LVU1049
 3526              	.LBE802:
 3527              	.LBE799:
 3528              	.LBE798:
 3529              	.LBB803:
 3530              	.LBB748:
 3531              	.LBB744:
 3532              	.LBB738:
 3533              	.LBB722:
 3534              	.LBB709:
 3535              	.LBB703:
 3536              	.LBB702:
 162:project006.cpp ****         out_cents = 0.0f;
 3537              		.loc 10 162 9 is_stmt 1 view .LVU1050
 162:project006.cpp ****         out_cents = 0.0f;
 3538              		.loc 10 162 22 is_stmt 0 view .LVU1051
 3539 0962 134B     		ldr	r3, .L194+24
 163:project006.cpp ****         return;
 3540              		.loc 10 163 19 view .LVU1052
 3541 0964 DFED0D7A 		vldr.32	s15, .L194+4
 162:project006.cpp ****         out_cents = 0.0f;
 3542              		.loc 10 162 22 view .LVU1053
 3543 0968 1B68     		ldr	r3, [r3]
 3544 096a ADF8B830 		strh	r3, [sp, #184]	@ movhi
 3545 096e 1B0C     		lsrs	r3, r3, #16
 3546 0970 8DF8BA30 		strb	r3, [sp, #186]
 163:project006.cpp ****         return;
 3547              		.loc 10 163 9 is_stmt 1 view .LVU1054
 164:project006.cpp ****     }
 3548              		.loc 10 164 9 view .LVU1055
 3549 0974 84E6     		b	.L127
 3550              	.LVL278:
 3551              	.L144:
 164:project006.cpp ****     }
 3552              		.loc 10 164 9 is_stmt 0 view .LVU1056
 3553              	.LBE702:
 3554              	.LBE703:
 3555              	.LBB704:
 3556              	.LBB693:
ARM GAS  C:\Users\aydan\AppData\Local\Temp\ccPU8E4p.s 			page 131


  71:project006.cpp **** }
 3557              		.loc 10 71 21 view .LVU1057
 3558 0976 9FED09BA 		vldr.32	s22, .L194+4
 3559              	.LVL279:
  71:project006.cpp **** }
 3560              		.loc 10 71 21 view .LVU1058
 3561 097a 27E6     		b	.L124
 3562              	.LVL280:
 3563              	.L187:
  71:project006.cpp **** }
 3564              		.loc 10 71 21 view .LVU1059
 3565              	.LBE693:
 3566              	.LBE704:
 3567              	.LBE709:
 3568              	.LBE722:
 3569              	.LBE738:
 3570              	.LBE744:
 3571              	.LBE748:
 3572              	.LBE803:
 3573              	.LBB804:
 585:project006.cpp ****                 else if((int)g_fx != FX_TUNER)
 3574              		.loc 10 585 21 is_stmt 1 view .LVU1060
 3575              	.LBB774:
 3576              	.LBI774:
 415:project006.cpp **** {
 3577              		.loc 10 415 13 view .LVU1061
 3578              	.LBB775:
 417:project006.cpp ****     gran_wr    = 0;
 3579              		.loc 10 417 5 view .LVU1062
 417:project006.cpp ****     gran_wr    = 0;
 3580              		.loc 10 417 16 is_stmt 0 view .LVU1063
 3581 097c 134B     		ldr	r3, .L194+52
 3582              	.LBB776:
 421:project006.cpp **** }
 3583              		.loc 10 421 21 view .LVU1064
 3584 097e 1448     		ldr	r0, .L194+56
 3585              	.LBE776:
 417:project006.cpp ****     gran_wr    = 0;
 3586              		.loc 10 417 16 view .LVU1065
 3587 0980 1A60     		str	r2, [r3]
 418:project006.cpp ****     // (optional) clear buffer for cleanliness
 3588              		.loc 10 418 5 is_stmt 1 view .LVU1066
 418:project006.cpp ****     // (optional) clear buffer for cleanliness
 3589              		.loc 10 418 16 is_stmt 0 view .LVU1067
 3590 0982 144B     		ldr	r3, .L194+60
 3591              	.LBB777:
 421:project006.cpp **** }
 3592              		.loc 10 421 21 view .LVU1068
 3593 0984 144A     		ldr	r2, .L194+64
 3594              	.LBE777:
 418:project006.cpp ****     // (optional) clear buffer for cleanliness
 3595              		.loc 10 418 16 view .LVU1069
 3596 0986 1960     		str	r1, [r3]
 420:project006.cpp ****         gran_buf[i] = 0.0f;
 3597              		.loc 10 420 5 is_stmt 1 view .LVU1070
 3598              	.LVL281:
 3599              	.LBB778:
ARM GAS  C:\Users\aydan\AppData\Local\Temp\ccPU8E4p.s 			page 132


 420:project006.cpp ****         gran_buf[i] = 0.0f;
 3600              		.loc 10 420 22 view .LVU1071
 421:project006.cpp **** }
 3601              		.loc 10 421 21 is_stmt 0 view .LVU1072
 3602 0988 FFF7FEFF 		bl	memset
 3603              	.LVL282:
 421:project006.cpp **** }
 3604              		.loc 10 421 21 view .LVU1073
 3605 098c C7E7     		b	.L106
 3606              	.LVL283:
 3607              	.L173:
 421:project006.cpp **** }
 3608              		.loc 10 421 21 view .LVU1074
 3609              	.LBE778:
 3610              	.LBE775:
 3611              	.LBE774:
 3612              	.LBE804:
 3613              	.LBB805:
 3614              	.LBB749:
 3615              	.LBB745:
 3616              	.LBB739:
 3617              	.LBB723:
 3618              	.LBB710:
 3619              	.LBB705:
 3620              	.LBB678:
 464:c:\program files\daisytoolchain\arm-none-eabi\include\c++\10.2.1\cmath **** 
 3621              		.loc 11 464 27 view .LVU1075
 3622 098e FFF7FEFF 		bl	sqrtf
 3623              	.LVL284:
 464:c:\program files\daisytoolchain\arm-none-eabi\include\c++\10.2.1\cmath **** 
 3624              		.loc 11 464 27 view .LVU1076
 3625 0992 F0EE407A 		vmov.f32	s15, s0
 3626 0996 94E5     		b	.L116
 3627              	.L195:
 3628              		.align	2
 3629              	.L194:
 3630 0998 00000000 		.word	.LANCHOR9
 3631 099c 00000000 		.word	0
 3632 09a0 00000000 		.word	.LANCHOR16
 3633 09a4 2C000000 		.word	.LC7
 3634 09a8 00000000 		.word	.LANCHOR17
 3635 09ac 08000000 		.word	.LC5
 3636 09b0 50000000 		.word	.LC9
 3637 09b4 00000000 		.word	.LANCHOR20
 3638 09b8 00000000 		.word	.LANCHOR23
 3639 09bc 38000000 		.word	.LC8
 3640 09c0 00000000 		.word	.LANCHOR2
 3641 09c4 54000000 		.word	.LC10
 3642 09c8 20000000 		.word	.LC6
 3643 09cc 00000000 		.word	.LANCHOR5
 3644 09d0 00000000 		.word	gran_buf
 3645 09d4 00000000 		.word	.LANCHOR6
 3646 09d8 00EE0200 		.word	192000
 3647 09dc 00805B40 		.word	1079738368
 3648              	.LBE678:
 3649              	.LBE705:
 3650              	.LBE710:
ARM GAS  C:\Users\aydan\AppData\Local\Temp\ccPU8E4p.s 			page 133


 3651              	.LBE723:
 3652              	.LBE739:
 3653              	.LBE745:
 3654              	.LBE749:
 3655              	.LBE805:
 3656              	.LBE807:
 3657              		.cfi_endproc
 3658              	.LFE4701:
 3660              		.section	.text.startup._GLOBAL__sub_I_hw,"ax",%progbits
 3661              		.align	1
 3662              		.p2align 2,,3
 3663              		.syntax unified
 3664              		.thumb
 3665              		.thumb_func
 3666              		.fpu fpv5-d16
 3668              	_GLOBAL__sub_I_hw:
 3669              	.LFB5267:
 644:project006.cpp **** }
 3670              		.loc 10 644 1 is_stmt 1 view -0
 3671              		.cfi_startproc
 3672              		@ args = 0, pretend = 0, frame = 0
 3673              		@ frame_needed = 0, uses_anonymous_args = 0
 3674              	.LBB865:
 3675              	.LBI865:
 3676              		.loc 10 644 1 view .LVU1078
 3677              	.LVL285:
 3678              	.LBB866:
 3679              	.LBB867:
 3680              	.LBI867:
  21:../../libDaisy//src/daisy_seed.h ****     ~DaisySeed() {}
 3681              		.loc 1 21 5 view .LVU1079
 3682              	.LBB868:
 3683              	.LBB869:
 3684              	.LBI869:
 3685              		.file 13 "../../libDaisy//src/per/qspi.h"
   1:../../libDaisy//src/per/qspi.h **** #ifndef DSY_QSPI
   2:../../libDaisy//src/per/qspi.h **** #define DSY_QSPI /**< Macro */
   3:../../libDaisy//src/per/qspi.h **** 
   4:../../libDaisy//src/per/qspi.h **** #ifndef UNIT_TEST // for unit tests, a dummy implementation
   5:../../libDaisy//src/per/qspi.h **** 
   6:../../libDaisy//src/per/qspi.h **** #include <cstdint>
   7:../../libDaisy//src/per/qspi.h **** #include "daisy_core.h" // Added for dsy_gpio_pin typedef
   8:../../libDaisy//src/per/qspi.h **** 
   9:../../libDaisy//src/per/qspi.h **** #define DSY_QSPI_TEXT       \
  10:../../libDaisy//src/per/qspi.h ****     __attribute__((section( \
  11:../../libDaisy//src/per/qspi.h ****         ".qspiflash_text"))) /**< used for reading memory in memory_mapped mode. */
  12:../../libDaisy//src/per/qspi.h **** #define DSY_QSPI_DATA       \
  13:../../libDaisy//src/per/qspi.h ****     __attribute__((section( \
  14:../../libDaisy//src/per/qspi.h ****         ".qspiflash_data"))) /**< used for reading memory in memory_mapped mode. */
  15:../../libDaisy//src/per/qspi.h **** #define DSY_QSPI_BSS        \
  16:../../libDaisy//src/per/qspi.h ****     __attribute__((section( \
  17:../../libDaisy//src/per/qspi.h ****         ".qspiflash_bss"))) /**< used for reading memory in memory_mapped mode. */
  18:../../libDaisy//src/per/qspi.h **** 
  19:../../libDaisy//src/per/qspi.h **** namespace daisy
  20:../../libDaisy//src/per/qspi.h **** {
  21:../../libDaisy//src/per/qspi.h **** /** @addtogroup serial
  22:../../libDaisy//src/per/qspi.h **** @{
ARM GAS  C:\Users\aydan\AppData\Local\Temp\ccPU8E4p.s 			page 134


  23:../../libDaisy//src/per/qspi.h **** */
  24:../../libDaisy//src/per/qspi.h **** 
  25:../../libDaisy//src/per/qspi.h **** /** 
  26:../../libDaisy//src/per/qspi.h ****  Driver for QSPI peripheral to interface with external flash memory. \n 
  27:../../libDaisy//src/per/qspi.h ****     Currently supported QSPI Devices: \n 
  28:../../libDaisy//src/per/qspi.h ****     * IS25LP080D
  29:../../libDaisy//src/per/qspi.h **** */
  30:../../libDaisy//src/per/qspi.h **** class QSPIHandle
  31:../../libDaisy//src/per/qspi.h **** {
  32:../../libDaisy//src/per/qspi.h ****   public:
  33:../../libDaisy//src/per/qspi.h ****     enum Result
  34:../../libDaisy//src/per/qspi.h ****     {
  35:../../libDaisy//src/per/qspi.h ****         OK = 0,
  36:../../libDaisy//src/per/qspi.h ****         ERR
  37:../../libDaisy//src/per/qspi.h ****     };
  38:../../libDaisy//src/per/qspi.h **** 
  39:../../libDaisy//src/per/qspi.h ****     /** Indicates the current status of the module. 
  40:../../libDaisy//src/per/qspi.h ****          *  Warnings are indicated by a leading W.
  41:../../libDaisy//src/per/qspi.h ****          *  Errors are indicated by a leading E and cause an immediate exit.
  42:../../libDaisy//src/per/qspi.h ****          * 
  43:../../libDaisy//src/per/qspi.h ****          *  \param GOOD - No errors have been reported.
  44:../../libDaisy//src/per/qspi.h ****          *  \param E_HAL_ERROR - HAL code did not return HAL_OK.
  45:../../libDaisy//src/per/qspi.h ****          *  \param E_SWITCHING_MODES - An error was encountered while switching QSPI peripheral mod
  46:../../libDaisy//src/per/qspi.h ****          *  \param E_INVALID_MODE - QSPI should not be written to while the program is executing fr
  47:../../libDaisy//src/per/qspi.h ****          */
  48:../../libDaisy//src/per/qspi.h ****     enum Status
  49:../../libDaisy//src/per/qspi.h ****     {
  50:../../libDaisy//src/per/qspi.h ****         GOOD = 0,
  51:../../libDaisy//src/per/qspi.h ****         E_HAL_ERROR,
  52:../../libDaisy//src/per/qspi.h ****         E_SWITCHING_MODES,
  53:../../libDaisy//src/per/qspi.h ****         E_INVALID_MODE,
  54:../../libDaisy//src/per/qspi.h ****     };
  55:../../libDaisy//src/per/qspi.h **** 
  56:../../libDaisy//src/per/qspi.h ****     /** Configuration structure for interfacing with QSPI Driver */
  57:../../libDaisy//src/per/qspi.h ****     struct Config
  58:../../libDaisy//src/per/qspi.h ****     {
  59:../../libDaisy//src/per/qspi.h ****         /** Flash Devices supported. (Both of these are more-or-less the same, just different sizes
  60:../../libDaisy//src/per/qspi.h ****         enum Device
  61:../../libDaisy//src/per/qspi.h ****         {
  62:../../libDaisy//src/per/qspi.h ****             IS25LP080D,  /**< & */
  63:../../libDaisy//src/per/qspi.h ****             IS25LP064A,  /**< & */
  64:../../libDaisy//src/per/qspi.h ****             DEVICE_LAST, /**< & */
  65:../../libDaisy//src/per/qspi.h ****         };
  66:../../libDaisy//src/per/qspi.h **** 
  67:../../libDaisy//src/per/qspi.h ****         /** 
  68:../../libDaisy//src/per/qspi.h ****         Modes of operation.
  69:../../libDaisy//src/per/qspi.h ****         Memory Mapped mode: QSPI configured so that the QSPI can be
  70:../../libDaisy//src/per/qspi.h ****         read from starting address 0x90000000. Writing is not
  71:../../libDaisy//src/per/qspi.h ****         possible in this mode. \n 
  72:../../libDaisy//src/per/qspi.h ****         Indirect Polling mode: Device driver enabled. 
  73:../../libDaisy//src/per/qspi.h ****         */
  74:../../libDaisy//src/per/qspi.h ****         enum Mode
  75:../../libDaisy//src/per/qspi.h ****         {
  76:../../libDaisy//src/per/qspi.h ****             MEMORY_MAPPED,    /**< & */
  77:../../libDaisy//src/per/qspi.h ****             INDIRECT_POLLING, /**< & */
  78:../../libDaisy//src/per/qspi.h ****             MODE_LAST,
  79:../../libDaisy//src/per/qspi.h ****         };
ARM GAS  C:\Users\aydan\AppData\Local\Temp\ccPU8E4p.s 			page 135


  80:../../libDaisy//src/per/qspi.h **** 
  81:../../libDaisy//src/per/qspi.h ****         //SCK,  CE# (active low)
  82:../../libDaisy//src/per/qspi.h ****         struct
  83:../../libDaisy//src/per/qspi.h ****         {
  84:../../libDaisy//src/per/qspi.h ****             dsy_gpio_pin io0; /**< & */
  85:../../libDaisy//src/per/qspi.h ****             dsy_gpio_pin io1; /**< & */
  86:../../libDaisy//src/per/qspi.h ****             dsy_gpio_pin io2; /**< & */
  87:../../libDaisy//src/per/qspi.h ****             dsy_gpio_pin io3; /**< & */
  88:../../libDaisy//src/per/qspi.h ****             dsy_gpio_pin clk; /**< & */
  89:../../libDaisy//src/per/qspi.h ****             dsy_gpio_pin ncs; /**< & */
  90:../../libDaisy//src/per/qspi.h ****         } pin_config;
  91:../../libDaisy//src/per/qspi.h **** 
  92:../../libDaisy//src/per/qspi.h ****         Device device;
  93:../../libDaisy//src/per/qspi.h ****         Mode   mode;
  94:../../libDaisy//src/per/qspi.h ****     };
  95:../../libDaisy//src/per/qspi.h **** 
  96:../../libDaisy//src/per/qspi.h ****     /** 
  97:../../libDaisy//src/per/qspi.h ****         Initializes QSPI peripheral, and Resets, and prepares memory for access.
  98:../../libDaisy//src/per/qspi.h ****         \param config should be populated with the mode, device and pin_config before calling this 
  99:../../libDaisy//src/per/qspi.h ****         \return Result::OK or Result::ERR
 100:../../libDaisy//src/per/qspi.h ****         */
 101:../../libDaisy//src/per/qspi.h ****     Result Init(const Config& config);
 102:../../libDaisy//src/per/qspi.h **** 
 103:../../libDaisy//src/per/qspi.h ****     /** Returns the current config. */
 104:../../libDaisy//src/per/qspi.h ****     const Config& GetConfig() const;
 105:../../libDaisy//src/per/qspi.h **** 
 106:../../libDaisy//src/per/qspi.h ****     // Couldn't this just be called before anything else in init? That
 107:../../libDaisy//src/per/qspi.h ****     // would make manually calling it unnecessary.
 108:../../libDaisy//src/per/qspi.h ****     /** 
 109:../../libDaisy//src/per/qspi.h ****         Deinitializes the peripheral
 110:../../libDaisy//src/per/qspi.h ****         This should be called before reinitializing QSPI in a different mode.
 111:../../libDaisy//src/per/qspi.h ****         \return Result::OK or Result::ERR
 112:../../libDaisy//src/per/qspi.h ****         */
 113:../../libDaisy//src/per/qspi.h ****     Result DeInit();
 114:../../libDaisy//src/per/qspi.h **** 
 115:../../libDaisy//src/per/qspi.h ****     /** 
 116:../../libDaisy//src/per/qspi.h ****         Writes a single page to to the specified address on the QSPI chip.
 117:../../libDaisy//src/per/qspi.h ****         For IS25LP*, page size is 256 bytes.
 118:../../libDaisy//src/per/qspi.h ****         \param address Address to write to
 119:../../libDaisy//src/per/qspi.h ****         \param size Buffer size
 120:../../libDaisy//src/per/qspi.h ****         \param buffer Buffer to write
 121:../../libDaisy//src/per/qspi.h ****         \return Result::OK or Result::ERR
 122:../../libDaisy//src/per/qspi.h ****         */
 123:../../libDaisy//src/per/qspi.h ****     Result WritePage(uint32_t address, uint32_t size, uint8_t* buffer);
 124:../../libDaisy//src/per/qspi.h **** 
 125:../../libDaisy//src/per/qspi.h ****     /** 
 126:../../libDaisy//src/per/qspi.h ****         Writes data in buffer to to the QSPI. Starting at address to address+size 
 127:../../libDaisy//src/per/qspi.h ****         \param address Address to write to
 128:../../libDaisy//src/per/qspi.h ****         \param size Buffer size
 129:../../libDaisy//src/per/qspi.h ****         \param buffer Buffer to write
 130:../../libDaisy//src/per/qspi.h ****         \return Result::OK or Result::ERR
 131:../../libDaisy//src/per/qspi.h ****         */
 132:../../libDaisy//src/per/qspi.h ****     Result Write(uint32_t address, uint32_t size, uint8_t* buffer);
 133:../../libDaisy//src/per/qspi.h **** 
 134:../../libDaisy//src/per/qspi.h ****     /** 
 135:../../libDaisy//src/per/qspi.h ****         Erases the area specified on the chip.
 136:../../libDaisy//src/per/qspi.h ****         Erasures will happen by 4K, 32K or 64K increments.
ARM GAS  C:\Users\aydan\AppData\Local\Temp\ccPU8E4p.s 			page 136


 137:../../libDaisy//src/per/qspi.h ****         Smallest erase possible is 4kB at a time. (on IS25LP*)
 138:../../libDaisy//src/per/qspi.h ****         \param start_addr Address to begin erasing from
 139:../../libDaisy//src/per/qspi.h ****         \param end_addr  Address to stop erasing at
 140:../../libDaisy//src/per/qspi.h ****         \return Result::OK or Result::ERR
 141:../../libDaisy//src/per/qspi.h ****         */
 142:../../libDaisy//src/per/qspi.h ****     Result Erase(uint32_t start_addr, uint32_t end_addr);
 143:../../libDaisy//src/per/qspi.h **** 
 144:../../libDaisy//src/per/qspi.h ****     /**  
 145:../../libDaisy//src/per/qspi.h ****          Erases a single sector of the chip.  
 146:../../libDaisy//src/per/qspi.h ****         TODO: Document the size of this function. 
 147:../../libDaisy//src/per/qspi.h ****         \param address Address of sector to erase
 148:../../libDaisy//src/per/qspi.h ****         \return Result::OK or Result::ERR
 149:../../libDaisy//src/per/qspi.h ****         */
 150:../../libDaisy//src/per/qspi.h ****     Result EraseSector(uint32_t address);
 151:../../libDaisy//src/per/qspi.h **** 
 152:../../libDaisy//src/per/qspi.h ****     /** Returns the current class status. Useful for debugging.
 153:../../libDaisy//src/per/qspi.h ****      *  \returns Status
 154:../../libDaisy//src/per/qspi.h ****      */
 155:../../libDaisy//src/per/qspi.h ****     Status GetStatus();
 156:../../libDaisy//src/per/qspi.h **** 
 157:../../libDaisy//src/per/qspi.h ****     /** Returns a pointer to the actual memory used 
 158:../../libDaisy//src/per/qspi.h ****      *  The memory at this address is read-only
 159:../../libDaisy//src/per/qspi.h ****      *  to write to it use the Write function.
 160:../../libDaisy//src/per/qspi.h ****      * 
 161:../../libDaisy//src/per/qspi.h ****      *  \param offset returns the pointer starting this 
 162:../../libDaisy//src/per/qspi.h ****      *                many bytes into the memory
 163:../../libDaisy//src/per/qspi.h ****     */
 164:../../libDaisy//src/per/qspi.h ****     void* GetData(uint32_t offset = 0);
 165:../../libDaisy//src/per/qspi.h **** 
 166:../../libDaisy//src/per/qspi.h ****     QSPIHandle() : pimpl_(nullptr) {}
 3686              		.loc 13 166 5 view .LVU1080
 3687              	.LBE869:
 3688              	.LBE868:
 3689              	.LBE867:
 3690              	.LBE866:
 3691              	.LBE865:
 3692              		.loc 10 644 1 is_stmt 0 view .LVU1081
 3693 0000 10B5     		push	{r4, lr}
 3694              		.cfi_def_cfa_offset 8
 3695              		.cfi_offset 4, -8
 3696              		.cfi_offset 14, -4
 3697              	.LBB932:
 3698              	.LBB929:
 3699              	.LBB890:
 3700              	.LBB888:
 3701              	.LBB874:
 3702              	.LBB870:
 3703              	.LBB871:
 3704              		.loc 13 166 34 view .LVU1082
 3705 0002 1D48     		ldr	r0, .L200
 3706 0004 0024     		movs	r4, #0
 3707              	.LBE871:
 3708              	.LBE870:
 3709              	.LBE874:
 3710              	.LBE888:
 3711              	.LBE890:
  13:project006.cpp **** UartHandler uart;
ARM GAS  C:\Users\aydan\AppData\Local\Temp\ccPU8E4p.s 			page 137


 3712              		.loc 10 13 13 view .LVU1083
 3713 0006 1D4A     		ldr	r2, .L200+4
 3714 0008 1D49     		ldr	r1, .L200+8
 3715              	.LBB891:
 3716              	.LBB889:
 3717              	.LBB875:
 3718              	.LBB873:
 3719              	.LBB872:
 3720              		.loc 13 166 34 view .LVU1084
 3721 000a 0460     		str	r4, [r0]
 3722              	.LVL286:
 3723              		.loc 13 166 34 view .LVU1085
 3724              	.LBE872:
 3725              	.LBE873:
 3726              	.LBE875:
 3727              	.LBB876:
 3728              	.LBI876:
  95:../../libDaisy//src/hid/audio.h ****     ~AudioHandle() {}
 3729              		.loc 5 95 5 is_stmt 1 view .LVU1086
 3730              	.LBB877:
 3731              	.LBB878:
  95:../../libDaisy//src/hid/audio.h ****     ~AudioHandle() {}
 3732              		.loc 5 95 35 is_stmt 0 view .LVU1087
 3733 000c 4461     		str	r4, [r0, #20]
 3734              	.LVL287:
  95:../../libDaisy//src/hid/audio.h ****     ~AudioHandle() {}
 3735              		.loc 5 95 35 view .LVU1088
 3736              	.LBE878:
 3737              	.LBE877:
 3738              	.LBE876:
 3739              	.LBB879:
 3740              	.LBI879:
 109:../../libDaisy//src/per/adc.h ****     ~AdcHandle() {}
 3741              		.loc 4 109 5 is_stmt 1 view .LVU1089
 109:../../libDaisy//src/per/adc.h ****     ~AdcHandle() {}
 3742              		.loc 4 109 5 is_stmt 0 view .LVU1090
 3743              	.LBE879:
 3744              	.LBB880:
 3745              	.LBI880:
 3746              		.file 14 "../../libDaisy//src/per/dac.h"
   1:../../libDaisy//src/per/dac.h **** #pragma once
   2:../../libDaisy//src/per/dac.h **** #ifndef DSY_DAC_H
   3:../../libDaisy//src/per/dac.h **** #define DSY_DAC_H
   4:../../libDaisy//src/per/dac.h **** 
   5:../../libDaisy//src/per/dac.h **** #include "daisy_core.h"
   6:../../libDaisy//src/per/dac.h **** 
   7:../../libDaisy//src/per/dac.h **** namespace daisy
   8:../../libDaisy//src/per/dac.h **** {
   9:../../libDaisy//src/per/dac.h **** /** @brief DAC handle for Built-in DAC Peripheral 
  10:../../libDaisy//src/per/dac.h ****  *  @ingroup per_analog
  11:../../libDaisy//src/per/dac.h ****  ** 
  12:../../libDaisy//src/per/dac.h ****  ** For now only Normal Mode is supported,
  13:../../libDaisy//src/per/dac.h ****  ** Sample and hold mode provides reduced power consumption, but requires a bit more setup.
  14:../../libDaisy//src/per/dac.h ****  **
  15:../../libDaisy//src/per/dac.h ****  ** For now connecting the DAC through other internal peripherals is also not supported.
  16:../../libDaisy//src/per/dac.h ****  **
  17:../../libDaisy//src/per/dac.h ****  ** Since the DAC channels have dedicated pins we don't need to pass in a pin config like with
ARM GAS  C:\Users\aydan\AppData\Local\Temp\ccPU8E4p.s 			page 138


  18:../../libDaisy//src/per/dac.h ****  ** other modules. However, it is still important to not try to use the DAC pins for anything else.
  19:../../libDaisy//src/per/dac.h ****  ** DAC Channel 1 is on PA4, and DAC Channel 2 is on PA5
  20:../../libDaisy//src/per/dac.h ****  ***/
  21:../../libDaisy//src/per/dac.h **** class DacHandle
  22:../../libDaisy//src/per/dac.h **** {
  23:../../libDaisy//src/per/dac.h ****   public:
  24:../../libDaisy//src/per/dac.h ****     /** Return Values for the DacHandle class */
  25:../../libDaisy//src/per/dac.h ****     enum class Result
  26:../../libDaisy//src/per/dac.h ****     {
  27:../../libDaisy//src/per/dac.h ****         OK,
  28:../../libDaisy//src/per/dac.h ****         ERR,
  29:../../libDaisy//src/per/dac.h ****     };
  30:../../libDaisy//src/per/dac.h **** 
  31:../../libDaisy//src/per/dac.h ****     /** Selects which channel(s) will be configured for use. */
  32:../../libDaisy//src/per/dac.h ****     enum class Channel
  33:../../libDaisy//src/per/dac.h ****     {
  34:../../libDaisy//src/per/dac.h ****         ONE,
  35:../../libDaisy//src/per/dac.h ****         TWO,
  36:../../libDaisy//src/per/dac.h ****         BOTH,
  37:../../libDaisy//src/per/dac.h ****     };
  38:../../libDaisy//src/per/dac.h **** 
  39:../../libDaisy//src/per/dac.h ****     /** Sets the Mode for the DAC channels.
  40:../../libDaisy//src/per/dac.h ****      **
  41:../../libDaisy//src/per/dac.h ****      ** Polling mode uses the blocking mode to transmit a single value at a time.
  42:../../libDaisy//src/per/dac.h ****      **
  43:../../libDaisy//src/per/dac.h ****      ** DMA mode uses a buffer, and periodically transmits it triggering a 
  44:../../libDaisy//src/per/dac.h ****      ** callback to fill the buffer when it is ready for more samples.
  45:../../libDaisy//src/per/dac.h ****      ***/
  46:../../libDaisy//src/per/dac.h ****     enum class Mode
  47:../../libDaisy//src/per/dac.h ****     {
  48:../../libDaisy//src/per/dac.h ****         POLLING,
  49:../../libDaisy//src/per/dac.h ****         DMA,
  50:../../libDaisy//src/per/dac.h ****     };
  51:../../libDaisy//src/per/dac.h **** 
  52:../../libDaisy//src/per/dac.h ****     /** Sets the number of bits per sample transmitted out of the DAC.
  53:../../libDaisy//src/per/dac.h ****      ** The output range will be: 0V - VDDA
  54:../../libDaisy//src/per/dac.h ****      ** The resolution will be roughly: bitdepth / (VDDA - 0V) 
  55:../../libDaisy//src/per/dac.h ****      ***/
  56:../../libDaisy//src/per/dac.h ****     enum class BitDepth
  57:../../libDaisy//src/per/dac.h ****     {
  58:../../libDaisy//src/per/dac.h ****         BITS_8,
  59:../../libDaisy//src/per/dac.h ****         BITS_12
  60:../../libDaisy//src/per/dac.h ****     };
  61:../../libDaisy//src/per/dac.h **** 
  62:../../libDaisy//src/per/dac.h ****     /** Sets whether the DAC output is buffered for higher drive ability. */
  63:../../libDaisy//src/per/dac.h ****     enum class BufferState
  64:../../libDaisy//src/per/dac.h ****     {
  65:../../libDaisy//src/per/dac.h ****         ENABLED,
  66:../../libDaisy//src/per/dac.h ****         DISABLED,
  67:../../libDaisy//src/per/dac.h ****     };
  68:../../libDaisy//src/per/dac.h **** 
  69:../../libDaisy//src/per/dac.h ****     /** Configuration structure for initializing the DAC structure. */
  70:../../libDaisy//src/per/dac.h ****     struct Config
  71:../../libDaisy//src/per/dac.h ****     {
  72:../../libDaisy//src/per/dac.h ****         /** Target Samplerate in Hz used to configure the internal 
  73:../../libDaisy//src/per/dac.h ****          ** timebase for DMA mode. Does nothing in POLLING mode.
  74:../../libDaisy//src/per/dac.h ****          ** If the value is 0 at Init time this will default to 48000Hz 
ARM GAS  C:\Users\aydan\AppData\Local\Temp\ccPU8E4p.s 			page 139


  75:../../libDaisy//src/per/dac.h ****          ** otherwise the driver will attempt meet the target.*/
  76:../../libDaisy//src/per/dac.h ****         uint32_t target_samplerate;
  77:../../libDaisy//src/per/dac.h **** 
  78:../../libDaisy//src/per/dac.h ****         Channel     chn;
  79:../../libDaisy//src/per/dac.h ****         Mode        mode;
  80:../../libDaisy//src/per/dac.h ****         BitDepth    bitdepth;
  81:../../libDaisy//src/per/dac.h ****         BufferState buff_state;
  82:../../libDaisy//src/per/dac.h ****     };
  83:../../libDaisy//src/per/dac.h **** 
  84:../../libDaisy//src/per/dac.h ****     DacHandle() : pimpl_(nullptr) {}
 3747              		.loc 14 84 5 is_stmt 1 view .LVU1091
 3748              	.LBB881:
 3749              	.LBB882:
 3750              		.loc 14 84 33 is_stmt 0 view .LVU1092
 3751 000e 0462     		str	r4, [r0, #32]
 3752              	.LVL288:
 3753              		.loc 14 84 33 view .LVU1093
 3754              	.LBE882:
 3755              	.LBE881:
 3756              	.LBE880:
 3757              	.LBB883:
 3758              	.LBI883:
  40:../../libDaisy//src/hid/usb.h **** 
 3759              		.loc 3 40 5 is_stmt 1 view .LVU1094
  40:../../libDaisy//src/hid/usb.h **** 
 3760              		.loc 3 40 5 is_stmt 0 view .LVU1095
 3761              	.LBE883:
 3762              	.LBB884:
 3763              	.LBI884:
  96:../../libDaisy//src/sys/system.h ****     ~System() {}
 3764              		.loc 2 96 5 is_stmt 1 view .LVU1096
  96:../../libDaisy//src/sys/system.h ****     ~System() {}
 3765              		.loc 2 96 5 is_stmt 0 view .LVU1097
 3766              	.LBE884:
 3767              	.LBB885:
 3768              	.LBI885:
 3769              		.file 15 "../../libDaisy//src/per/sai.h"
   1:../../libDaisy//src/per/sai.h **** #pragma once
   2:../../libDaisy//src/per/sai.h **** #ifndef DSY_SAI_H
   3:../../libDaisy//src/per/sai.h **** #define DSY_SAI_H
   4:../../libDaisy//src/per/sai.h **** 
   5:../../libDaisy//src/per/sai.h **** #include "daisy_core.h"
   6:../../libDaisy//src/per/sai.h **** 
   7:../../libDaisy//src/per/sai.h **** namespace daisy
   8:../../libDaisy//src/per/sai.h **** {
   9:../../libDaisy//src/per/sai.h **** /** 
  10:../../libDaisy//src/per/sai.h ****  * Support for I2S Audio Protocol with different bit-depth, samplerate options
  11:../../libDaisy//src/per/sai.h ****  * Allows for master or slave, as well as freedom of selecting direction, 
  12:../../libDaisy//src/per/sai.h ****  * and other behavior for each peripheral, and block.
  13:../../libDaisy//src/per/sai.h ****  * 
  14:../../libDaisy//src/per/sai.h ****  * DMA Transfer commands must use buffers located within non-cached memory or use cache maintenance
  15:../../libDaisy//src/per/sai.h ****  * To declare an unitialized global element in the DMA memory section:
  16:../../libDaisy//src/per/sai.h ****  *    int32_t DSY_DMA_BUFFER_SECTOR my_buffer[96];
  17:../../libDaisy//src/per/sai.h ****  *
  18:../../libDaisy//src/per/sai.h ****  * Callback functions will be called once per half of the buffer. In the above example, 
  19:../../libDaisy//src/per/sai.h ****  * the callback function would be called once for every 48 samples.
  20:../../libDaisy//src/per/sai.h ****  * 
ARM GAS  C:\Users\aydan\AppData\Local\Temp\ccPU8E4p.s 			page 140


  21:../../libDaisy//src/per/sai.h ****  * Use SAI Handle like this:
  22:../../libDaisy//src/per/sai.h ****  * 
  23:../../libDaisy//src/per/sai.h ****  *  SaiHandle::Config sai_config;
  24:../../libDaisy//src/per/sai.h ****  *  sai_config.periph          = SaiHandle::Config::Peripheral::SAI_1;
  25:../../libDaisy//src/per/sai.h ****  *  sai_config.sr              = SaiHandle::Config::SampleRate::SAI_48KHZ;
  26:../../libDaisy//src/per/sai.h ****  *  sai_config.bit_depth       = SaiHandle::Config::BitDepth::SAI_24BIT;
  27:../../libDaisy//src/per/sai.h ****  *  sai_config.a_sync          = SaiHandle::Config::Sync::MASTER;
  28:../../libDaisy//src/per/sai.h ****  *  sai_config.b_sync          = SaiHandle::Config::Sync::SLAVE;
  29:../../libDaisy//src/per/sai.h ****  *  sai_config.a_dir           = SaiHandle::Config::Direction::RECEIVE;
  30:../../libDaisy//src/per/sai.h ****  *  sai_config.b_dir           = SaiHandle::Config::Direction::TRANSMIT;
  31:../../libDaisy//src/per/sai.h ****  *  sai_config.pin_config.fs   = {DSY_GPIOE, 4};
  32:../../libDaisy//src/per/sai.h ****  *  sai_config.pin_config.mclk = {DSY_GPIOE, 2};
  33:../../libDaisy//src/per/sai.h ****  *  sai_config.pin_config.sck  = {DSY_GPIOE, 5};
  34:../../libDaisy//src/per/sai.h ****  *  sai_config.pin_config.sa   = {DSY_GPIOE, 6};
  35:../../libDaisy//src/per/sai.h ****  *  sai_config.pin_config.sb   = {DSY_GPIOE, 3};
  36:../../libDaisy//src/per/sai.h ****  *  // Then Initialize
  37:../../libDaisy//src/per/sai.h ****  *  SaiHandle sai;
  38:../../libDaisy//src/per/sai.h ****  *  sai.Init(sai_config);
  39:../../libDaisy//src/per/sai.h ****  *  // Now you can use it:
  40:../../libDaisy//src/per/sai.h ****  *  sai.StartDma(. . .);
  41:../../libDaisy//src/per/sai.h ****  */
  42:../../libDaisy//src/per/sai.h **** class SaiHandle
  43:../../libDaisy//src/per/sai.h **** {
  44:../../libDaisy//src/per/sai.h ****   public:
  45:../../libDaisy//src/per/sai.h ****     /** Contains settings for initialising an SAI Interface */
  46:../../libDaisy//src/per/sai.h ****     struct Config
  47:../../libDaisy//src/per/sai.h ****     {
  48:../../libDaisy//src/per/sai.h ****         /** Specifies the internal peripheral to use (mapped to different hardware pins) */
  49:../../libDaisy//src/per/sai.h ****         enum class Peripheral
  50:../../libDaisy//src/per/sai.h ****         {
  51:../../libDaisy//src/per/sai.h ****             SAI_1,
  52:../../libDaisy//src/per/sai.h ****             SAI_2,
  53:../../libDaisy//src/per/sai.h ****         };
  54:../../libDaisy//src/per/sai.h **** 
  55:../../libDaisy//src/per/sai.h ****         /** Rate at which samples will be streaming to/from the device. */
  56:../../libDaisy//src/per/sai.h ****         enum class SampleRate
  57:../../libDaisy//src/per/sai.h ****         {
  58:../../libDaisy//src/per/sai.h ****             SAI_8KHZ,
  59:../../libDaisy//src/per/sai.h ****             SAI_16KHZ,
  60:../../libDaisy//src/per/sai.h ****             SAI_32KHZ,
  61:../../libDaisy//src/per/sai.h ****             SAI_48KHZ,
  62:../../libDaisy//src/per/sai.h ****             SAI_96KHZ,
  63:../../libDaisy//src/per/sai.h ****         };
  64:../../libDaisy//src/per/sai.h **** 
  65:../../libDaisy//src/per/sai.h ****         /** Bit Depth that the hardware expects to be transferred to/from the device. */
  66:../../libDaisy//src/per/sai.h ****         enum class BitDepth
  67:../../libDaisy//src/per/sai.h ****         {
  68:../../libDaisy//src/per/sai.h ****             SAI_16BIT,
  69:../../libDaisy//src/per/sai.h ****             SAI_24BIT,
  70:../../libDaisy//src/per/sai.h ****             SAI_32BIT,
  71:../../libDaisy//src/per/sai.h ****         };
  72:../../libDaisy//src/per/sai.h **** 
  73:../../libDaisy//src/per/sai.h ****         /** Specifies whether a particular block is the master or the slave 
  74:../../libDaisy//src/per/sai.h ****          ** If both are set to slave, no MCLK signal will be used, and it is
  75:../../libDaisy//src/per/sai.h ****          ** expected that the codec will have its own xtal.
  76:../../libDaisy//src/per/sai.h ****          */
  77:../../libDaisy//src/per/sai.h ****         enum class Sync
ARM GAS  C:\Users\aydan\AppData\Local\Temp\ccPU8E4p.s 			page 141


  78:../../libDaisy//src/per/sai.h ****         {
  79:../../libDaisy//src/per/sai.h ****             MASTER,
  80:../../libDaisy//src/per/sai.h ****             SLAVE,
  81:../../libDaisy//src/per/sai.h ****         };
  82:../../libDaisy//src/per/sai.h **** 
  83:../../libDaisy//src/per/sai.h ****         /** Specifies the direction for each peripheral block. */
  84:../../libDaisy//src/per/sai.h ****         enum class Direction
  85:../../libDaisy//src/per/sai.h ****         {
  86:../../libDaisy//src/per/sai.h ****             TRANSMIT,
  87:../../libDaisy//src/per/sai.h ****             RECEIVE,
  88:../../libDaisy//src/per/sai.h ****         };
  89:../../libDaisy//src/per/sai.h **** 
  90:../../libDaisy//src/per/sai.h ****         Peripheral periph;
  91:../../libDaisy//src/per/sai.h ****         struct
  92:../../libDaisy//src/per/sai.h ****         {
  93:../../libDaisy//src/per/sai.h ****             dsy_gpio_pin mclk, fs, sck, sa, sb;
  94:../../libDaisy//src/per/sai.h ****         } pin_config;
  95:../../libDaisy//src/per/sai.h ****         SampleRate sr;
  96:../../libDaisy//src/per/sai.h ****         BitDepth   bit_depth;
  97:../../libDaisy//src/per/sai.h ****         Sync       a_sync, b_sync;
  98:../../libDaisy//src/per/sai.h ****         Direction  a_dir, b_dir;
  99:../../libDaisy//src/per/sai.h ****     };
 100:../../libDaisy//src/per/sai.h **** 
 101:../../libDaisy//src/per/sai.h ****     /** Return values for SAI functions */
 102:../../libDaisy//src/per/sai.h ****     enum class Result
 103:../../libDaisy//src/per/sai.h ****     {
 104:../../libDaisy//src/per/sai.h ****         OK,
 105:../../libDaisy//src/per/sai.h ****         ERR,
 106:../../libDaisy//src/per/sai.h ****     };
 107:../../libDaisy//src/per/sai.h **** 
 108:../../libDaisy//src/per/sai.h ****     SaiHandle() : pimpl_(nullptr) {}
 3770              		.loc 15 108 5 is_stmt 1 view .LVU1098
 3771              	.LBB886:
 3772              	.LBB887:
 3773              		.loc 15 108 33 is_stmt 0 view .LVU1099
 3774 0010 C463     		str	r4, [r0, #60]
 3775              	.LVL289:
 3776              		.loc 15 108 33 view .LVU1100
 3777              	.LBE887:
 3778              	.LBE886:
 3779              	.LBE885:
 3780              	.LBE889:
 3781              	.LBE891:
  13:project006.cpp **** UartHandler uart;
 3782              		.loc 10 13 13 view .LVU1101
 3783 0012 FFF7FEFF 		bl	__aeabi_atexit
 3784              	.LVL290:
 3785              	.LBB892:
 3786              	.LBI892:
  83:../../libDaisy//src/per/uart.h ****         }
  84:../../libDaisy//src/per/uart.h **** 
  85:../../libDaisy//src/per/uart.h ****         Peripheral periph;
  86:../../libDaisy//src/per/uart.h ****         StopBits   stopbits;
  87:../../libDaisy//src/per/uart.h ****         Parity     parity;
  88:../../libDaisy//src/per/uart.h ****         Mode       mode;
  89:../../libDaisy//src/per/uart.h ****         WordLength wordlength;
  90:../../libDaisy//src/per/uart.h ****         uint32_t   baudrate;
ARM GAS  C:\Users\aydan\AppData\Local\Temp\ccPU8E4p.s 			page 142


  91:../../libDaisy//src/per/uart.h ****     };
  92:../../libDaisy//src/per/uart.h **** 
  93:../../libDaisy//src/per/uart.h **** 
  94:../../libDaisy//src/per/uart.h ****     UartHandler() : pimpl_(nullptr) {}
 3787              		.loc 12 94 5 is_stmt 1 view .LVU1102
 3788 0016 1B4B     		ldr	r3, .L200+12
 3789              	.LBB893:
 3790              	.LBB894:
 3791              		.loc 12 94 35 is_stmt 0 view .LVU1103
 3792 0018 1B4A     		ldr	r2, .L200+16
 3793 001a 03F17800 		add	r0, r3, #120
 3794 001e 1460     		str	r4, [r2]
 3795              	.LVL291:
 3796              		.loc 12 94 35 view .LVU1104
 3797              	.LBE894:
 3798              	.LBE893:
 3799              	.LBE892:
  19:project006.cpp **** 
 3800              		.loc 10 19 17 is_stmt 1 view .LVU1105
 3801              	.L197:
 3802              	.LBB895:
 3803              	.LBI895:
 3804              		.file 16 "../../libDaisy//src/per/gpio.h"
   1:../../libDaisy//src/per/gpio.h **** #pragma once
   2:../../libDaisy//src/per/gpio.h **** #ifndef DSY_GPIO_H
   3:../../libDaisy//src/per/gpio.h **** #define DSY_GPIO_H
   4:../../libDaisy//src/per/gpio.h **** #include "daisy_core.h"
   5:../../libDaisy//src/per/gpio.h **** 
   6:../../libDaisy//src/per/gpio.h **** #ifdef __cplusplus
   7:../../libDaisy//src/per/gpio.h **** 
   8:../../libDaisy//src/per/gpio.h **** namespace daisy
   9:../../libDaisy//src/per/gpio.h **** {
  10:../../libDaisy//src/per/gpio.h **** /** @brief General Purpose I/O control 
  11:../../libDaisy//src/per/gpio.h ****  *  @details peripheral control over a single GPIO
  12:../../libDaisy//src/per/gpio.h ****  *  @ingroup peripheral
  13:../../libDaisy//src/per/gpio.h ****  *   
  14:../../libDaisy//src/per/gpio.h ****  *  Button Input (with internal Pullup resistor)
  15:../../libDaisy//src/per/gpio.h ****  *  @include GPIO_Input.cpp 
  16:../../libDaisy//src/per/gpio.h ****  * 
  17:../../libDaisy//src/per/gpio.h ****  *  Output Example (perfect for blinking an LED)
  18:../../libDaisy//src/per/gpio.h ****  *  @include GPIO_Output.cpp
  19:../../libDaisy//src/per/gpio.h ****  * 
  20:../../libDaisy//src/per/gpio.h **** */
  21:../../libDaisy//src/per/gpio.h **** class GPIO
  22:../../libDaisy//src/per/gpio.h **** {
  23:../../libDaisy//src/per/gpio.h ****   public:
  24:../../libDaisy//src/per/gpio.h ****     /** @brief Mode of operation for the specified GPIO */
  25:../../libDaisy//src/per/gpio.h ****     enum class Mode
  26:../../libDaisy//src/per/gpio.h ****     {
  27:../../libDaisy//src/per/gpio.h ****         INPUT,     /**< Input for reading state of pin */
  28:../../libDaisy//src/per/gpio.h ****         OUTPUT,    /**< Output w/ push-pull configuration */
  29:../../libDaisy//src/per/gpio.h ****         OUTPUT_OD, /**< Output w/ open-drain configuration */
  30:../../libDaisy//src/per/gpio.h ****         ANALOG,    /**< Analog for connection to ADC or DAC peripheral */
  31:../../libDaisy//src/per/gpio.h ****     };
  32:../../libDaisy//src/per/gpio.h **** 
  33:../../libDaisy//src/per/gpio.h ****     /** @brief Configures whether an internal Pull up or Pull down resistor is used. 
  34:../../libDaisy//src/per/gpio.h ****      *  
ARM GAS  C:\Users\aydan\AppData\Local\Temp\ccPU8E4p.s 			page 143


  35:../../libDaisy//src/per/gpio.h ****      * Internal Pull up/down resistors are typically 40k ohms, and will be between
  36:../../libDaisy//src/per/gpio.h ****      * 30k and 50k
  37:../../libDaisy//src/per/gpio.h ****      * 
  38:../../libDaisy//src/per/gpio.h ****      * When the Pin is configured in Analog mode, the pull up/down resistors are
  39:../../libDaisy//src/per/gpio.h ****      * disabled by hardware. 
  40:../../libDaisy//src/per/gpio.h ****      */
  41:../../libDaisy//src/per/gpio.h ****     enum class Pull
  42:../../libDaisy//src/per/gpio.h ****     {
  43:../../libDaisy//src/per/gpio.h ****         NOPULL,   /**< No pull up resistor */
  44:../../libDaisy//src/per/gpio.h ****         PULLUP,   /**< Internal pull up enabled */
  45:../../libDaisy//src/per/gpio.h ****         PULLDOWN, /**< Internal pull down enabled*/
  46:../../libDaisy//src/per/gpio.h ****     };
  47:../../libDaisy//src/per/gpio.h **** 
  48:../../libDaisy//src/per/gpio.h ****     /** @brief Output speed controls the drive strength, and slew rate of the pin */
  49:../../libDaisy//src/per/gpio.h ****     enum class Speed
  50:../../libDaisy//src/per/gpio.h ****     {
  51:../../libDaisy//src/per/gpio.h ****         LOW,
  52:../../libDaisy//src/per/gpio.h ****         MEDIUM,
  53:../../libDaisy//src/per/gpio.h ****         HIGH,
  54:../../libDaisy//src/per/gpio.h ****         VERY_HIGH,
  55:../../libDaisy//src/per/gpio.h ****     };
  56:../../libDaisy//src/per/gpio.h **** 
  57:../../libDaisy//src/per/gpio.h ****     /** @brief Configuration for a given GPIO */
  58:../../libDaisy//src/per/gpio.h ****     struct Config
  59:../../libDaisy//src/per/gpio.h ****     {
  60:../../libDaisy//src/per/gpio.h ****         Pin   pin;
  61:../../libDaisy//src/per/gpio.h ****         Mode  mode;
  62:../../libDaisy//src/per/gpio.h ****         Pull  pull;
  63:../../libDaisy//src/per/gpio.h ****         Speed speed;
  64:../../libDaisy//src/per/gpio.h **** 
  65:../../libDaisy//src/per/gpio.h ****         /** Constructor with no arguments will prepare an invalid GPIO set as
  66:../../libDaisy//src/per/gpio.h ****          *  an input, with no pullup. 
  67:../../libDaisy//src/per/gpio.h ****          */
  68:../../libDaisy//src/per/gpio.h ****         Config()
  69:../../libDaisy//src/per/gpio.h ****         : pin(), mode(Mode::INPUT), pull(Pull::NOPULL), speed(Speed::LOW)
  70:../../libDaisy//src/per/gpio.h ****         {
  71:../../libDaisy//src/per/gpio.h ****         }
  72:../../libDaisy//src/per/gpio.h ****     };
  73:../../libDaisy//src/per/gpio.h **** 
  74:../../libDaisy//src/per/gpio.h ****     GPIO() {}
 3805              		.loc 16 74 5 view .LVU1106
 3806              	.LBB896:
 3807              	.LBI896:
  68:../../libDaisy//src/per/gpio.h ****         : pin(), mode(Mode::INPUT), pull(Pull::NOPULL), speed(Speed::LOW)
 3808              		.loc 16 68 9 view .LVU1107
 3809              	.LBB897:
 3810              	.LBB898:
 3811              	.LBI898:
 3812              		.file 17 "../../libDaisy//src/daisy_core.h"
   1:../../libDaisy//src/daisy_core.h **** #pragma once
   2:../../libDaisy//src/daisy_core.h **** #ifndef DSY_CORE_HW_H
   3:../../libDaisy//src/daisy_core.h **** #define DSY_CORE_HW_H /**< & */
   4:../../libDaisy//src/daisy_core.h **** #include <stdint.h>
   5:../../libDaisy//src/daisy_core.h **** #include <stdlib.h>
   6:../../libDaisy//src/daisy_core.h **** 
   7:../../libDaisy//src/daisy_core.h **** #if defined(_MSC_VER)
   8:../../libDaisy//src/daisy_core.h **** #define FORCE_INLINE __forceinline /**< & */
ARM GAS  C:\Users\aydan\AppData\Local\Temp\ccPU8E4p.s 			page 144


   9:../../libDaisy//src/daisy_core.h **** #elif defined(__clang__)
  10:../../libDaisy//src/daisy_core.h **** #define FORCE_INLINE inline __attribute__((always_inline)) /**< & */
  11:../../libDaisy//src/daisy_core.h **** #pragma clang diagnostic ignored "-Wduplicate-decl-specifier"
  12:../../libDaisy//src/daisy_core.h **** #elif defined(__GNUC__)
  13:../../libDaisy//src/daisy_core.h **** #define FORCE_INLINE inline __attribute__((always_inline)) /**< & */
  14:../../libDaisy//src/daisy_core.h **** #else
  15:../../libDaisy//src/daisy_core.h **** #error unknown compiler
  16:../../libDaisy//src/daisy_core.h **** #endif
  17:../../libDaisy//src/daisy_core.h **** 
  18:../../libDaisy//src/daisy_core.h **** /** @addtogroup utility
  19:../../libDaisy//src/daisy_core.h ****     @{
  20:../../libDaisy//src/daisy_core.h **** */
  21:../../libDaisy//src/daisy_core.h **** 
  22:../../libDaisy//src/daisy_core.h **** /** Macro for area of memory that is configured as cacheless
  23:../../libDaisy//src/daisy_core.h **** This should be used primarily for DMA buffers, and the like.
  24:../../libDaisy//src/daisy_core.h **** */
  25:../../libDaisy//src/daisy_core.h **** #define DMA_BUFFER_MEM_SECTION __attribute__((section(".sram1_bss")))
  26:../../libDaisy//src/daisy_core.h **** /** 
  27:../../libDaisy//src/daisy_core.h **** THE DTCM RAM section is also non-cached. However, is not suitable 
  28:../../libDaisy//src/daisy_core.h **** for DMA transfers. Performance is on par with internal SRAM w/ 
  29:../../libDaisy//src/daisy_core.h **** cache enabled.
  30:../../libDaisy//src/daisy_core.h **** */
  31:../../libDaisy//src/daisy_core.h **** #define DTCM_MEM_SECTION __attribute__((section(".dtcmram_bss")))
  32:../../libDaisy//src/daisy_core.h **** 
  33:../../libDaisy//src/daisy_core.h **** #define FBIPMAX 0.999985f             /**< close to 1.0f-LSB at 16 bit */
  34:../../libDaisy//src/daisy_core.h **** #define FBIPMIN (-FBIPMAX)            /**< - (1 - LSB) */
  35:../../libDaisy//src/daisy_core.h **** #define U82F_SCALE 0.0078740f         /**< 1 / 127 */
  36:../../libDaisy//src/daisy_core.h **** #define F2U8_SCALE 127.0f             /**< 128 - 1 */
  37:../../libDaisy//src/daisy_core.h **** #define S82F_SCALE 0.0078125f         /**< 1 / (2**7) */
  38:../../libDaisy//src/daisy_core.h **** #define F2S8_SCALE 127.0f             /**< (2 ** 7) - 1 */
  39:../../libDaisy//src/daisy_core.h **** #define S162F_SCALE 3.0517578125e-05f /**< 1 / (2** 15) */
  40:../../libDaisy//src/daisy_core.h **** #define F2S16_SCALE 32767.0f          /**< (2 ** 15) - 1 */
  41:../../libDaisy//src/daisy_core.h **** #define F2S24_SCALE 8388608.0f        /**< 2 ** 23 */
  42:../../libDaisy//src/daisy_core.h **** #define S242F_SCALE 1.192092896e-07f  /**< 1 / (2 ** 23) */
  43:../../libDaisy//src/daisy_core.h **** #define S24SIGN 0x800000              /**< 2 ** 23 */
  44:../../libDaisy//src/daisy_core.h **** #define S322F_SCALE 4.6566129e-10f    /**< 1 / (2** 31) */
  45:../../libDaisy//src/daisy_core.h **** #define F2S32_SCALE 2147483647.f      /**< (2 ** 31) - 1 */
  46:../../libDaisy//src/daisy_core.h **** 
  47:../../libDaisy//src/daisy_core.h **** 
  48:../../libDaisy//src/daisy_core.h **** /** shorthand macro for simplifying the reading of the left 
  49:../../libDaisy//src/daisy_core.h ****  *  channel of a non-interleaved output buffer named out */
  50:../../libDaisy//src/daisy_core.h **** #define OUT_L out[0]
  51:../../libDaisy//src/daisy_core.h **** 
  52:../../libDaisy//src/daisy_core.h **** /** shorthand macro for simplifying the reading of the right 
  53:../../libDaisy//src/daisy_core.h ****  *  channel of a non-interleaved output buffer named out */
  54:../../libDaisy//src/daisy_core.h **** #define OUT_R out[1]
  55:../../libDaisy//src/daisy_core.h **** 
  56:../../libDaisy//src/daisy_core.h **** /** shorthand macro for simplifying the reading of the left 
  57:../../libDaisy//src/daisy_core.h ****  *  channel of a non-interleaved input buffer named in */
  58:../../libDaisy//src/daisy_core.h **** #define IN_L in[0]
  59:../../libDaisy//src/daisy_core.h **** 
  60:../../libDaisy//src/daisy_core.h **** /** shorthand macro for simplifying the reading of the right 
  61:../../libDaisy//src/daisy_core.h ****  *  channel of a non-interleaved input buffer named in */
  62:../../libDaisy//src/daisy_core.h **** #define IN_R in[1]
  63:../../libDaisy//src/daisy_core.h **** 
  64:../../libDaisy//src/daisy_core.h **** /** 
  65:../../libDaisy//src/daisy_core.h ****     Computes cube.
ARM GAS  C:\Users\aydan\AppData\Local\Temp\ccPU8E4p.s 			page 145


  66:../../libDaisy//src/daisy_core.h ****     \param x Number to be cubed
  67:../../libDaisy//src/daisy_core.h ****     \return x ^ 3
  68:../../libDaisy//src/daisy_core.h **** */
  69:../../libDaisy//src/daisy_core.h **** FORCE_INLINE float cube(float x)
  70:../../libDaisy//src/daisy_core.h **** {
  71:../../libDaisy//src/daisy_core.h ****     return (x * x) * x;
  72:../../libDaisy//src/daisy_core.h **** }
  73:../../libDaisy//src/daisy_core.h **** 
  74:../../libDaisy//src/daisy_core.h **** /** 
  75:../../libDaisy//src/daisy_core.h ****     Converts unsigned 8-bit to float
  76:../../libDaisy//src/daisy_core.h ****     \param x Number to be scaled.
  77:../../libDaisy//src/daisy_core.h ****     \return Scaled number.
  78:../../libDaisy//src/daisy_core.h **** */
  79:../../libDaisy//src/daisy_core.h **** FORCE_INLINE float u82f(uint8_t x)
  80:../../libDaisy//src/daisy_core.h **** {
  81:../../libDaisy//src/daisy_core.h ****     return ((float)x - 127.f) * U82F_SCALE;
  82:../../libDaisy//src/daisy_core.h **** }
  83:../../libDaisy//src/daisy_core.h **** 
  84:../../libDaisy//src/daisy_core.h **** /**
  85:../../libDaisy//src/daisy_core.h ****     Converts float to unsigned 8-bit
  86:../../libDaisy//src/daisy_core.h **** */
  87:../../libDaisy//src/daisy_core.h **** FORCE_INLINE uint8_t f2u8(float x)
  88:../../libDaisy//src/daisy_core.h **** {
  89:../../libDaisy//src/daisy_core.h ****     x = x <= FBIPMIN ? FBIPMIN : x;
  90:../../libDaisy//src/daisy_core.h ****     x = x >= FBIPMAX ? FBIPMAX : x;
  91:../../libDaisy//src/daisy_core.h ****     return (uint8_t)((x * F2U8_SCALE) + F2U8_SCALE);
  92:../../libDaisy//src/daisy_core.h **** }
  93:../../libDaisy//src/daisy_core.h **** 
  94:../../libDaisy//src/daisy_core.h **** 
  95:../../libDaisy//src/daisy_core.h **** /** 
  96:../../libDaisy//src/daisy_core.h ****     Converts Signed 8-bit to float
  97:../../libDaisy//src/daisy_core.h ****     \param x Number to be scaled.
  98:../../libDaisy//src/daisy_core.h ****     \return Scaled number.
  99:../../libDaisy//src/daisy_core.h **** */
 100:../../libDaisy//src/daisy_core.h **** FORCE_INLINE float s82f(int8_t x)
 101:../../libDaisy//src/daisy_core.h **** {
 102:../../libDaisy//src/daisy_core.h ****     return (float)x * S82F_SCALE;
 103:../../libDaisy//src/daisy_core.h **** }
 104:../../libDaisy//src/daisy_core.h **** 
 105:../../libDaisy//src/daisy_core.h **** /**
 106:../../libDaisy//src/daisy_core.h ****     Converts float to Signed 8-bit
 107:../../libDaisy//src/daisy_core.h **** */
 108:../../libDaisy//src/daisy_core.h **** FORCE_INLINE int8_t f2s8(float x)
 109:../../libDaisy//src/daisy_core.h **** {
 110:../../libDaisy//src/daisy_core.h ****     x = x <= FBIPMIN ? FBIPMIN : x;
 111:../../libDaisy//src/daisy_core.h ****     x = x >= FBIPMAX ? FBIPMAX : x;
 112:../../libDaisy//src/daisy_core.h ****     return (int32_t)(x * F2S8_SCALE);
 113:../../libDaisy//src/daisy_core.h **** }
 114:../../libDaisy//src/daisy_core.h **** 
 115:../../libDaisy//src/daisy_core.h **** /** 
 116:../../libDaisy//src/daisy_core.h ****     Converts Signed 16-bit to float
 117:../../libDaisy//src/daisy_core.h ****     \param x Number to be scaled.
 118:../../libDaisy//src/daisy_core.h ****     \return Scaled number.
 119:../../libDaisy//src/daisy_core.h **** */
 120:../../libDaisy//src/daisy_core.h **** FORCE_INLINE float s162f(int16_t x)
 121:../../libDaisy//src/daisy_core.h **** {
 122:../../libDaisy//src/daisy_core.h ****     return (float)x * S162F_SCALE;
ARM GAS  C:\Users\aydan\AppData\Local\Temp\ccPU8E4p.s 			page 146


 123:../../libDaisy//src/daisy_core.h **** }
 124:../../libDaisy//src/daisy_core.h **** 
 125:../../libDaisy//src/daisy_core.h **** /**
 126:../../libDaisy//src/daisy_core.h ****     Converts float to Signed 16-bit
 127:../../libDaisy//src/daisy_core.h **** */
 128:../../libDaisy//src/daisy_core.h **** FORCE_INLINE int16_t f2s16(float x)
 129:../../libDaisy//src/daisy_core.h **** {
 130:../../libDaisy//src/daisy_core.h ****     x = x <= FBIPMIN ? FBIPMIN : x;
 131:../../libDaisy//src/daisy_core.h ****     x = x >= FBIPMAX ? FBIPMAX : x;
 132:../../libDaisy//src/daisy_core.h ****     return (int32_t)(x * F2S16_SCALE);
 133:../../libDaisy//src/daisy_core.h **** }
 134:../../libDaisy//src/daisy_core.h **** 
 135:../../libDaisy//src/daisy_core.h **** /**
 136:../../libDaisy//src/daisy_core.h ****     Converts Signed 24-bit to float
 137:../../libDaisy//src/daisy_core.h ****  */
 138:../../libDaisy//src/daisy_core.h **** FORCE_INLINE float s242f(int32_t x)
 139:../../libDaisy//src/daisy_core.h **** {
 140:../../libDaisy//src/daisy_core.h ****     x = (x ^ S24SIGN) - S24SIGN; //sign extend aka ((x<<8)>>8)
 141:../../libDaisy//src/daisy_core.h ****     return (float)x * S242F_SCALE;
 142:../../libDaisy//src/daisy_core.h **** }
 143:../../libDaisy//src/daisy_core.h **** /**
 144:../../libDaisy//src/daisy_core.h ****     Converts float to Signed 24-bit
 145:../../libDaisy//src/daisy_core.h ****  */
 146:../../libDaisy//src/daisy_core.h **** FORCE_INLINE int32_t f2s24(float x)
 147:../../libDaisy//src/daisy_core.h **** {
 148:../../libDaisy//src/daisy_core.h ****     x = x <= FBIPMIN ? FBIPMIN : x;
 149:../../libDaisy//src/daisy_core.h ****     x = x >= FBIPMAX ? FBIPMAX : x;
 150:../../libDaisy//src/daisy_core.h ****     return (int32_t)(x * F2S24_SCALE);
 151:../../libDaisy//src/daisy_core.h **** }
 152:../../libDaisy//src/daisy_core.h **** 
 153:../../libDaisy//src/daisy_core.h **** /**
 154:../../libDaisy//src/daisy_core.h ****     Converts Signed 32-bit to float
 155:../../libDaisy//src/daisy_core.h ****  */
 156:../../libDaisy//src/daisy_core.h **** FORCE_INLINE float s322f(int32_t x)
 157:../../libDaisy//src/daisy_core.h **** {
 158:../../libDaisy//src/daisy_core.h ****     return (float)x * S322F_SCALE;
 159:../../libDaisy//src/daisy_core.h **** }
 160:../../libDaisy//src/daisy_core.h **** /**
 161:../../libDaisy//src/daisy_core.h ****     Converts float to Signed 24-bit
 162:../../libDaisy//src/daisy_core.h ****  */
 163:../../libDaisy//src/daisy_core.h **** FORCE_INLINE int32_t f2s32(float x)
 164:../../libDaisy//src/daisy_core.h **** {
 165:../../libDaisy//src/daisy_core.h ****     x = x <= FBIPMIN ? FBIPMIN : x;
 166:../../libDaisy//src/daisy_core.h ****     x = x >= FBIPMAX ? FBIPMAX : x;
 167:../../libDaisy//src/daisy_core.h ****     return (int32_t)(x * F2S32_SCALE);
 168:../../libDaisy//src/daisy_core.h **** }
 169:../../libDaisy//src/daisy_core.h **** 
 170:../../libDaisy//src/daisy_core.h **** 
 171:../../libDaisy//src/daisy_core.h **** /** Enums and a simple struct for defining a hardware pin on the MCU
 172:../../libDaisy//src/daisy_core.h ****  *  These correlate with the stm32 datasheet, and are used to configure
 173:../../libDaisy//src/daisy_core.h ****  *  the hardware.
 174:../../libDaisy//src/daisy_core.h ****  * 
 175:../../libDaisy//src/daisy_core.h ****  *  This along with the dsy_gpio_pin class should no longer be used.
 176:../../libDaisy//src/daisy_core.h ****  *  They are available for backwards compatability. 
 177:../../libDaisy//src/daisy_core.h ****  * 
 178:../../libDaisy//src/daisy_core.h ****  *  Please use GPIOPort enum and the Pin struct instead.
 179:../../libDaisy//src/daisy_core.h ****  */
ARM GAS  C:\Users\aydan\AppData\Local\Temp\ccPU8E4p.s 			page 147


 180:../../libDaisy//src/daisy_core.h **** typedef enum
 181:../../libDaisy//src/daisy_core.h **** {
 182:../../libDaisy//src/daisy_core.h ****     DSY_GPIOA, /**< & */
 183:../../libDaisy//src/daisy_core.h ****     DSY_GPIOB, /**< & */
 184:../../libDaisy//src/daisy_core.h ****     DSY_GPIOC, /**< & */
 185:../../libDaisy//src/daisy_core.h ****     DSY_GPIOD, /**< & */
 186:../../libDaisy//src/daisy_core.h ****     DSY_GPIOE, /**< & */
 187:../../libDaisy//src/daisy_core.h ****     DSY_GPIOF, /**< & */
 188:../../libDaisy//src/daisy_core.h ****     DSY_GPIOG, /**< & */
 189:../../libDaisy//src/daisy_core.h ****     DSY_GPIOH, /**< & */
 190:../../libDaisy//src/daisy_core.h ****     DSY_GPIOI, /**< & */
 191:../../libDaisy//src/daisy_core.h ****     DSY_GPIOJ, /**< & */
 192:../../libDaisy//src/daisy_core.h ****     DSY_GPIOK, /**< & */
 193:../../libDaisy//src/daisy_core.h ****     DSY_GPIOX, /** This is a non-existant port for unsupported bits of hardware. */
 194:../../libDaisy//src/daisy_core.h ****     DSY_GPIO_LAST, /** Final enum member */
 195:../../libDaisy//src/daisy_core.h **** } dsy_gpio_port;
 196:../../libDaisy//src/daisy_core.h **** 
 197:../../libDaisy//src/daisy_core.h **** /** Hardware define pins 
 198:../../libDaisy//src/daisy_core.h ****  *  
 199:../../libDaisy//src/daisy_core.h ****  *  The dsy_gpio_pin struct should no longer be used, and is only available for
 200:../../libDaisy//src/daisy_core.h ****  *  backwards compatability.
 201:../../libDaisy//src/daisy_core.h ****  * 
 202:../../libDaisy//src/daisy_core.h ****  *  Please use Pin struct instead.
 203:../../libDaisy//src/daisy_core.h ****  */
 204:../../libDaisy//src/daisy_core.h **** typedef struct
 205:../../libDaisy//src/daisy_core.h **** {
 206:../../libDaisy//src/daisy_core.h ****     dsy_gpio_port port; /**< & */
 207:../../libDaisy//src/daisy_core.h ****     uint8_t       pin;  /**< number 0-15 */
 208:../../libDaisy//src/daisy_core.h **** } dsy_gpio_pin;
 209:../../libDaisy//src/daisy_core.h **** 
 210:../../libDaisy//src/daisy_core.h **** /** Helper for creating pins from port/pin combos easily
 211:../../libDaisy//src/daisy_core.h ****  * 
 212:../../libDaisy//src/daisy_core.h ****  *  The dsy_gpio_pin struct should no longer be used, and is only available for
 213:../../libDaisy//src/daisy_core.h ****  *  backwards compatability.
 214:../../libDaisy//src/daisy_core.h ****  * 
 215:../../libDaisy//src/daisy_core.h ****  *  Please use Pin struct instead.
 216:../../libDaisy//src/daisy_core.h **** */
 217:../../libDaisy//src/daisy_core.h **** FORCE_INLINE dsy_gpio_pin dsy_pin(dsy_gpio_port port, uint8_t pin)
 218:../../libDaisy//src/daisy_core.h **** {
 219:../../libDaisy//src/daisy_core.h ****     dsy_gpio_pin p;
 220:../../libDaisy//src/daisy_core.h ****     p.port = port;
 221:../../libDaisy//src/daisy_core.h ****     p.pin  = pin;
 222:../../libDaisy//src/daisy_core.h ****     return p;
 223:../../libDaisy//src/daisy_core.h **** }
 224:../../libDaisy//src/daisy_core.h **** 
 225:../../libDaisy//src/daisy_core.h **** /** Helper for testing sameness of two dsy_gpio_pins
 226:../../libDaisy//src/daisy_core.h ****  *  \return    1 if same, 0 if different
 227:../../libDaisy//src/daisy_core.h ****  * 
 228:../../libDaisy//src/daisy_core.h ****  *  The dsy_gpio_pin struct should no longer be used, and is only available for
 229:../../libDaisy//src/daisy_core.h ****  *  backwards compatability.
 230:../../libDaisy//src/daisy_core.h ****  * 
 231:../../libDaisy//src/daisy_core.h ****  *  Please use Pin struct instead.
 232:../../libDaisy//src/daisy_core.h ****  */
 233:../../libDaisy//src/daisy_core.h **** FORCE_INLINE uint8_t dsy_pin_cmp(dsy_gpio_pin *a, dsy_gpio_pin *b)
 234:../../libDaisy//src/daisy_core.h **** {
 235:../../libDaisy//src/daisy_core.h ****     return ((a->port == b->port) && (a->pin == b->pin));
 236:../../libDaisy//src/daisy_core.h **** }
ARM GAS  C:\Users\aydan\AppData\Local\Temp\ccPU8E4p.s 			page 148


 237:../../libDaisy//src/daisy_core.h **** 
 238:../../libDaisy//src/daisy_core.h **** #ifdef __cplusplus
 239:../../libDaisy//src/daisy_core.h **** 
 240:../../libDaisy//src/daisy_core.h **** namespace daisy
 241:../../libDaisy//src/daisy_core.h **** {
 242:../../libDaisy//src/daisy_core.h **** /** @brief GPIO Port names */
 243:../../libDaisy//src/daisy_core.h **** enum GPIOPort
 244:../../libDaisy//src/daisy_core.h **** {
 245:../../libDaisy//src/daisy_core.h ****     PORTA, /**< Port A */
 246:../../libDaisy//src/daisy_core.h ****     PORTB, /**< Port B */
 247:../../libDaisy//src/daisy_core.h ****     PORTC, /**< Port C */
 248:../../libDaisy//src/daisy_core.h ****     PORTD, /**< Port D */
 249:../../libDaisy//src/daisy_core.h ****     PORTE, /**< Port E */
 250:../../libDaisy//src/daisy_core.h ****     PORTF, /**< Port F */
 251:../../libDaisy//src/daisy_core.h ****     PORTG, /**< Port G */
 252:../../libDaisy//src/daisy_core.h ****     PORTH, /**< Port H */
 253:../../libDaisy//src/daisy_core.h ****     PORTI, /**< Port I */
 254:../../libDaisy//src/daisy_core.h ****     PORTJ, /**< Port J */
 255:../../libDaisy//src/daisy_core.h ****     PORTK, /**< Port K */
 256:../../libDaisy//src/daisy_core.h ****     PORTX, /**< Used as a dummy port to signal an invalid pin. */
 257:../../libDaisy//src/daisy_core.h **** };
 258:../../libDaisy//src/daisy_core.h **** 
 259:../../libDaisy//src/daisy_core.h **** /** @brief representation of hardware port/pin combination */
 260:../../libDaisy//src/daisy_core.h **** struct Pin
 261:../../libDaisy//src/daisy_core.h **** {
 262:../../libDaisy//src/daisy_core.h ****     GPIOPort port;
 263:../../libDaisy//src/daisy_core.h ****     uint8_t  pin;
 264:../../libDaisy//src/daisy_core.h **** 
 265:../../libDaisy//src/daisy_core.h ****     /** @brief Constructor creates a valid pin. 
 266:../../libDaisy//src/daisy_core.h ****      *  @param pt GPIOPort between PA, and PK corresponding to STM32 Port.
 267:../../libDaisy//src/daisy_core.h ****      *  @param pn pin number in range of 0-15
 268:../../libDaisy//src/daisy_core.h ****     */
 269:../../libDaisy//src/daisy_core.h ****     constexpr Pin(const GPIOPort pt, const uint8_t pn) : port(pt), pin(pn) {}
 270:../../libDaisy//src/daisy_core.h **** 
 271:../../libDaisy//src/daisy_core.h ****     /** @brief Basic Constructor creates an invalid Pin object */
 272:../../libDaisy//src/daisy_core.h ****     constexpr Pin() : port(PORTX), pin(255) {}
 3813              		.loc 17 272 15 view .LVU1108
 3814              	.LBE898:
 3815              	.LBE897:
 3816              	.LBE896:
 3817              	.LBE895:
  19:project006.cpp **** 
 3818              		.loc 10 19 17 is_stmt 0 view .LVU1109
 3819 0020 1433     		adds	r3, r3, #20
 3820              	.LVL292:
 3821              	.LBB907:
 3822              	.LBB905:
 3823              	.LBB903:
  69:../../libDaisy//src/per/gpio.h ****         {
 3824              		.loc 16 69 73 view .LVU1110
 3825 0022 0024     		movs	r4, #0
 3826              	.LBB901:
 3827              	.LBB899:
 3828              		.loc 17 272 43 view .LVU1111
 3829 0024 0B21     		movs	r1, #11
 3830 0026 FF22     		movs	r2, #255
 3831              	.LBE899:
ARM GAS  C:\Users\aydan\AppData\Local\Temp\ccPU8E4p.s 			page 149


 3832              	.LBE901:
 3833              	.LBE903:
 3834              	.LBE905:
 3835              	.LBE907:
  19:project006.cpp **** 
 3836              		.loc 10 19 17 view .LVU1112
 3837 0028 8342     		cmp	r3, r0
 3838              	.LBB908:
 3839              	.LBB906:
 3840              	.LBB904:
  69:../../libDaisy//src/per/gpio.h ****         {
 3841              		.loc 16 69 73 view .LVU1113
 3842 002a 43F8104C 		str	r4, [r3, #-16]
 3843              	.LBB902:
 3844              	.LBB900:
 3845              		.loc 17 272 43 view .LVU1114
 3846 002e 03F8141C 		strb	r1, [r3, #-20]
 3847 0032 03F8132C 		strb	r2, [r3, #-19]
 3848              	.LVL293:
 3849              		.loc 17 272 43 view .LVU1115
 3850              	.LBE900:
 3851              	.LBE902:
  69:../../libDaisy//src/per/gpio.h ****         {
 3852              		.loc 16 69 73 view .LVU1116
 3853 0036 43E90344 		strd	r4, r4, [r3, #-12]
 3854              	.LVL294:
  69:../../libDaisy//src/per/gpio.h ****         {
 3855              		.loc 16 69 73 view .LVU1117
 3856              	.LBE904:
 3857              	.LBE906:
 3858              	.LBE908:
  19:project006.cpp **** 
 3859              		.loc 10 19 17 is_stmt 1 view .LVU1118
  19:project006.cpp **** 
 3860              		.loc 10 19 17 view .LVU1119
 3861 003a F1D1     		bne	.L197
 3862              	.LVL295:
 3863              	.LBB909:
 3864              	.LBI909:
 3865              		.loc 16 74 5 view .LVU1120
 3866              	.LBB910:
 3867              	.LBB911:
 3868              	.LBI911:
  68:../../libDaisy//src/per/gpio.h ****         : pin(), mode(Mode::INPUT), pull(Pull::NOPULL), speed(Speed::LOW)
 3869              		.loc 16 68 9 view .LVU1121
 3870              	.LBB912:
 3871              	.LBB913:
 3872              	.LBB914:
 3873              	.LBI914:
 3874              		.loc 17 272 15 view .LVU1122
 3875              		.loc 17 272 15 is_stmt 0 view .LVU1123
 3876              	.LBE914:
 3877              	.LBE913:
 3878              	.LBE912:
 3879              	.LBE911:
 3880              		.loc 16 74 12 view .LVU1124
 3881 003c 134B     		ldr	r3, .L200+20
ARM GAS  C:\Users\aydan\AppData\Local\Temp\ccPU8E4p.s 			page 150


 3882 003e 4FF60B70 		movw	r0, #65291
 3883              	.LBE910:
 3884              	.LBE909:
  34:project006.cpp **** daisysp::Overdrive      od;
 3885              		.loc 10 34 25 view .LVU1125
 3886 0042 0E4A     		ldr	r2, .L200+4
 3887 0044 1249     		ldr	r1, .L200+24
 3888              	.LBB919:
 3889              	.LBB918:
 3890              	.LBB917:
 3891              	.LBB916:
 3892              	.LBB915:
  69:../../libDaisy//src/per/gpio.h ****         {
 3893              		.loc 16 69 73 view .LVU1126
 3894 0046 C3E90004 		strd	r0, r4, [r3]
 3895 004a C3E90244 		strd	r4, r4, [r3, #8]
 3896              	.LVL296:
  69:../../libDaisy//src/per/gpio.h ****         {
 3897              		.loc 16 69 73 view .LVU1127
 3898              	.LBE915:
 3899              	.LBE916:
 3900              	.LBE917:
 3901              	.LBE918:
 3902              	.LBE919:
 3903              	.LBB920:
 3904              	.LBI920:
  96:../../DaisySP//Source/Effects/chorus.h ****     ~Chorus() {}
 3905              		.loc 6 96 5 is_stmt 1 view .LVU1128
 3906              	.LBE920:
 3907              	.LBE929:
 3908              	.LBE932:
  96:../../DaisySP//Source/Effects/chorus.h ****     ~Chorus() {}
 3909              		.loc 6 96 14 view .LVU1129
 3910              	.LBB933:
 3911              	.LBB930:
  34:project006.cpp **** daisysp::Overdrive      od;
 3912              		.loc 10 34 25 is_stmt 0 view .LVU1130
 3913 004e 1148     		ldr	r0, .L200+28
 3914 0050 FFF7FEFF 		bl	__aeabi_atexit
 3915              	.LVL297:
 3916              	.LBB921:
 3917              	.LBI921:
  31:../../DaisySP//Source/Effects/overdrive.h ****     ~Overdrive() {}
 3918              		.loc 7 31 5 is_stmt 1 view .LVU1131
  31:../../DaisySP//Source/Effects/overdrive.h ****     ~Overdrive() {}
 3919              		.loc 7 31 5 is_stmt 0 view .LVU1132
 3920              	.LBE921:
  35:project006.cpp **** daisysp::GranularPlayer gran;
 3921              		.loc 10 35 25 view .LVU1133
 3922 0054 094A     		ldr	r2, .L200+4
 3923 0056 1049     		ldr	r1, .L200+32
 3924 0058 1048     		ldr	r0, .L200+36
 3925 005a FFF7FEFF 		bl	__aeabi_atexit
 3926              	.LVL298:
 3927              	.LBB922:
 3928              	.LBI922:
  37:../../DaisySP//Source/Sampling/granularplayer.h ****     ~GranularPlayer() {}
ARM GAS  C:\Users\aydan\AppData\Local\Temp\ccPU8E4p.s 			page 151


 3929              		.loc 8 37 5 is_stmt 1 view .LVU1134
 3930              	.LBB923:
 3931              	.LBB924:
  37:../../DaisySP//Source/Sampling/granularplayer.h ****     ~GranularPlayer() {}
 3932              		.loc 8 37 22 is_stmt 0 view .LVU1135
 3933 005e 2146     		mov	r1, r4
 3934 0060 4FF48062 		mov	r2, #1024
 3935 0064 0E48     		ldr	r0, .L200+40
 3936 0066 FFF7FEFF 		bl	memset
 3937              	.LVL299:
 3938              	.LBB925:
 3939              	.LBI925:
  25:../../DaisySP//Source/Control/phasor.h ****     ~Phasor() {}
 3940              		.loc 9 25 5 is_stmt 1 view .LVU1136
  25:../../DaisySP//Source/Control/phasor.h ****     ~Phasor() {}
 3941              		.loc 9 25 5 is_stmt 0 view .LVU1137
 3942              	.LBE925:
 3943              	.LBB926:
 3944              	.LBI926:
  25:../../DaisySP//Source/Control/phasor.h ****     ~Phasor() {}
 3945              		.loc 9 25 5 is_stmt 1 view .LVU1138
  25:../../DaisySP//Source/Control/phasor.h ****     ~Phasor() {}
 3946              		.loc 9 25 5 is_stmt 0 view .LVU1139
 3947              	.LBE926:
 3948              	.LBB927:
 3949              	.LBI927:
  25:../../DaisySP//Source/Control/phasor.h ****     ~Phasor() {}
 3950              		.loc 9 25 5 is_stmt 1 view .LVU1140
  25:../../DaisySP//Source/Control/phasor.h ****     ~Phasor() {}
 3951              		.loc 9 25 5 is_stmt 0 view .LVU1141
 3952              	.LBE927:
 3953              	.LBB928:
 3954              	.LBI928:
  25:../../DaisySP//Source/Control/phasor.h ****     ~Phasor() {}
 3955              		.loc 9 25 5 is_stmt 1 view .LVU1142
  25:../../DaisySP//Source/Control/phasor.h ****     ~Phasor() {}
 3956              		.loc 9 25 5 is_stmt 0 view .LVU1143
 3957              	.LBE928:
 3958              	.LBE924:
 3959              	.LBE923:
 3960              	.LBE922:
  36:project006.cpp **** 
 3961              		.loc 10 36 25 view .LVU1144
 3962 006a 044A     		ldr	r2, .L200+4
 3963 006c 0D49     		ldr	r1, .L200+44
 3964 006e 0E48     		ldr	r0, .L200+48
 3965              	.LBE930:
 3966              	.LBE933:
 3967              		.loc 10 644 1 view .LVU1145
 3968 0070 BDE81040 		pop	{r4, lr}
 3969              		.cfi_restore 14
 3970              		.cfi_restore 4
 3971              		.cfi_def_cfa_offset 0
 3972              	.LBB934:
 3973              	.LBB931:
  36:project006.cpp **** 
 3974              		.loc 10 36 25 view .LVU1146
ARM GAS  C:\Users\aydan\AppData\Local\Temp\ccPU8E4p.s 			page 152


 3975 0074 FFF7FEBF 		b	__aeabi_atexit
 3976              	.LVL300:
 3977              	.L201:
 3978              		.align	2
 3979              	.L200:
 3980 0078 00000000 		.word	.LANCHOR8
 3981 007c 00000000 		.word	__dso_handle
 3982 0080 00000000 		.word	_ZN5daisy9DaisySeedD1Ev
 3983 0084 00000000 		.word	.LANCHOR10
 3984 0088 00000000 		.word	.LANCHOR9
 3985 008c 00000000 		.word	.LANCHOR13
 3986 0090 00000000 		.word	_ZN7daisysp6ChorusD1Ev
 3987 0094 00000000 		.word	chorus
 3988 0098 00000000 		.word	_ZN7daisysp9OverdriveD1Ev
 3989 009c 00000000 		.word	.LANCHOR3
 3990 00a0 1C000000 		.word	.LANCHOR7+28
 3991 00a4 00000000 		.word	_ZN7daisysp14GranularPlayerD1Ev
 3992 00a8 00000000 		.word	.LANCHOR7
 3993              	.LBE931:
 3994              	.LBE934:
 3995              		.cfi_endproc
 3996              	.LFE5267:
 3998              		.section	.init_array,"aw",%init_array
 3999              		.align	2
 4000 0000 00000000 		.word	_GLOBAL__sub_I_hw(target1)
 4001              		.global	foot_db
 4002              		.section	.rodata.str1.4,"aMS",%progbits,1
 4003              		.align	2
 4004              	.LC13:
 4005 0000 4300     		.ascii	"C\000"
 4006 0002 0000     		.align	2
 4007              	.LC14:
 4008 0004 432300   		.ascii	"C#\000"
 4009 0007 00       		.align	2
 4010              	.LC15:
 4011 0008 4400     		.ascii	"D\000"
 4012 000a 0000     		.align	2
 4013              	.LC16:
 4014 000c 442300   		.ascii	"D#\000"
 4015 000f 00       		.align	2
 4016              	.LC17:
 4017 0010 4500     		.ascii	"E\000"
 4018 0012 0000     		.align	2
 4019              	.LC18:
 4020 0014 4600     		.ascii	"F\000"
 4021 0016 0000     		.align	2
 4022              	.LC19:
 4023 0018 462300   		.ascii	"F#\000"
 4024 001b 00       		.align	2
 4025              	.LC20:
 4026 001c 4700     		.ascii	"G\000"
 4027 001e 0000     		.align	2
 4028              	.LC21:
 4029 0020 472300   		.ascii	"G#\000"
 4030 0023 00       		.align	2
 4031              	.LC22:
 4032 0024 4100     		.ascii	"A\000"
ARM GAS  C:\Users\aydan\AppData\Local\Temp\ccPU8E4p.s 			page 153


 4033 0026 0000     		.align	2
 4034              	.LC23:
 4035 0028 412300   		.ascii	"A#\000"
 4036 002b 00       		.align	2
 4037              	.LC24:
 4038 002c 4200     		.ascii	"B\000"
 4039              		.global	g_tuner_note
 4040              		.global	g_tuner_conf
 4041              		.global	g_tuner_cents
 4042              		.global	g_tuner_freq_hz
 4043              		.global	g_tuner_valid
 4044              		.global	g_bypass
 4045              		.global	g_press_count
 4046              		.global	g_foot_down
 4047              		.global	g_pots
 4048              		.global	g_fx
 4049              		.global	gran_wr
 4050              		.global	gran_state
 4051              		.global	gran_buf
 4052              		.global	gran
 4053              		.global	od
 4054              		.global	chorus
 4055              		.global	foot
 4056              		.global	rot
 4057              		.global	uart
 4058              		.global	hw
 4059              		.section	.rodata
 4060              		.align	2
 4061              		.set	.LANCHOR18,. + 0
 4062              	.LC3:
 4063 0000 00       		.byte	0
 4064 0001 000000   		.space	3
 4065 0004 0000DC42 		.word	1121714176
 4066 0008 00000000 		.word	0
 4067 000c 00000000 		.word	0
 4068 0010 413200   		.ascii	"A2\000"
 4069 0013 00000000 		.space	5
 4069      00
 4070              		.section	.bss._ZL10pitch_ring,"aw",%nobits
 4071              		.align	2
 4074              	_ZL10pitch_ring:
 4075 0000 00000000 		.space	16384
 4075      00000000 
 4075      00000000 
 4075      00000000 
 4075      00000000 
 4076              		.section	.bss._ZL8pitch_wr,"aw",%nobits
 4077              		.align	2
 4078              		.set	.LANCHOR4,. + 0
 4081              	_ZL8pitch_wr:
 4082 0000 00000000 		.space	4
 4083              		.section	.bss._ZZ4mainE3win,"aw",%nobits
 4084              		.align	2
 4087              	_ZZ4mainE3win:
 4088 0000 00000000 		.space	4096
 4088      00000000 
 4088      00000000 
ARM GAS  C:\Users\aydan\AppData\Local\Temp\ccPU8E4p.s 			page 154


 4088      00000000 
 4088      00000000 
 4089              		.section	.bss._ZZL14estimate_pitchPKfifffRfE2ds,"aw",%nobits
 4090              		.align	2
 4091              		.set	.LANCHOR14,. + 0
 4094              	_ZZL14estimate_pitchPKfifffRfE2ds:
 4095 0000 00000000 		.space	1024
 4095      00000000 
 4095      00000000 
 4095      00000000 
 4095      00000000 
 4096              		.section	.bss._ZZL14estimate_pitchPKfifffRfE2xd,"aw",%nobits
 4097              		.align	2
 4100              	_ZZL14estimate_pitchPKfifffRfE2xd:
 4101 0000 00000000 		.space	4096
 4101      00000000 
 4101      00000000 
 4101      00000000 
 4101      00000000 
 4102              		.section	.bss.chorus,"aw",%nobits
 4103              		.align	2
 4106              	chorus:
 4107 0000 00000000 		.space	19292
 4107      00000000 
 4107      00000000 
 4107      00000000 
 4107      00000000 
 4108              		.section	.bss.foot,"aw",%nobits
 4109              		.align	2
 4110              		.set	.LANCHOR13,. + 0
 4113              	foot:
 4114 0000 00000000 		.space	20
 4114      00000000 
 4114      00000000 
 4114      00000000 
 4114      00000000 
 4115              		.section	.bss.g_bypass,"aw",%nobits
 4116              		.set	.LANCHOR2,. + 0
 4119              	g_bypass:
 4120 0000 00       		.space	1
 4121              		.section	.bss.g_foot_down,"aw",%nobits
 4122              		.set	.LANCHOR16,. + 0
 4125              	g_foot_down:
 4126 0000 00       		.space	1
 4127              		.section	.bss.g_fx,"aw",%nobits
 4128              		.align	2
 4129              		.set	.LANCHOR0,. + 0
 4132              	g_fx:
 4133 0000 00000000 		.space	4
 4134              		.section	.bss.g_press_count,"aw",%nobits
 4135              		.align	2
 4136              		.set	.LANCHOR17,. + 0
 4139              	g_press_count:
 4140 0000 00000000 		.space	4
 4141              		.section	.bss.g_tuner_cents,"aw",%nobits
 4142              		.align	2
 4143              		.set	.LANCHOR22,. + 0
ARM GAS  C:\Users\aydan\AppData\Local\Temp\ccPU8E4p.s 			page 155


 4146              	g_tuner_cents:
 4147 0000 00000000 		.space	4
 4148              		.section	.bss.g_tuner_conf,"aw",%nobits
 4149              		.align	2
 4150              		.set	.LANCHOR23,. + 0
 4153              	g_tuner_conf:
 4154 0000 00000000 		.space	4
 4155              		.section	.bss.g_tuner_valid,"aw",%nobits
 4156              		.set	.LANCHOR20,. + 0
 4159              	g_tuner_valid:
 4160 0000 00       		.space	1
 4161              		.section	.bss.gran,"aw",%nobits
 4162              		.align	2
 4163              		.set	.LANCHOR7,. + 0
 4166              	gran:
 4167 0000 00000000 		.space	1148
 4167      00000000 
 4167      00000000 
 4167      00000000 
 4167      00000000 
 4168              		.section	.bss.gran_state,"aw",%nobits
 4169              		.align	2
 4170              		.set	.LANCHOR5,. + 0
 4173              	gran_state:
 4174 0000 00000000 		.space	4
 4175              		.section	.bss.gran_wr,"aw",%nobits
 4176              		.align	2
 4177              		.set	.LANCHOR6,. + 0
 4180              	gran_wr:
 4181 0000 00000000 		.space	4
 4182              		.section	.bss.hw,"aw",%nobits
 4183              		.align	2
 4184              		.set	.LANCHOR8,. + 0
 4187              	hw:
 4188 0000 00000000 		.space	64
 4188      00000000 
 4188      00000000 
 4188      00000000 
 4188      00000000 
 4189              		.section	.bss.od,"aw",%nobits
 4190              		.align	2
 4191              		.set	.LANCHOR3,. + 0
 4194              	od:
 4195 0000 00000000 		.space	12
 4195      00000000 
 4195      00000000 
 4196              		.section	.bss.rot,"aw",%nobits
 4197              		.align	2
 4198              		.set	.LANCHOR10,. + 0
 4201              	rot:
 4202 0000 00000000 		.space	120
 4202      00000000 
 4202      00000000 
 4202      00000000 
 4202      00000000 
 4203              		.section	.bss.uart,"aw",%nobits
 4204              		.align	2
ARM GAS  C:\Users\aydan\AppData\Local\Temp\ccPU8E4p.s 			page 156


 4205              		.set	.LANCHOR9,. + 0
 4208              	uart:
 4209 0000 00000000 		.space	4
 4210              		.section	.data.foot_db,"aw"
 4211              		.align	2
 4212              		.set	.LANCHOR15,. + 0
 4215              	foot_db:
 4216 0000 01       		.byte	1
 4217 0001 01       		.byte	1
 4218 0002 0000     		.space	2
 4219 0004 00000000 		.word	0
 4220              		.section	.data.g_pots,"aw"
 4221              		.align	2
 4222              		.set	.LANCHOR1,. + 0
 4225              	g_pots:
 4226 0000 00000000 		.word	0
 4227 0004 00000000 		.word	0
 4228 0008 00000000 		.word	0
 4229 000c 0000003F 		.word	1056964608
 4230              		.section	.data.g_tuner_freq_hz,"aw"
 4231              		.align	2
 4232              		.set	.LANCHOR21,. + 0
 4235              	g_tuner_freq_hz:
 4236 0000 0000DC42 		.word	1121714176
 4237              		.section	.data.g_tuner_note,"aw"
 4238              		.align	2
 4239              		.set	.LANCHOR24,. + 0
 4242              	g_tuner_note:
 4243 0000 413200   		.ascii	"A2\000"
 4244 0003 00000000 		.space	5
 4244      00
 4245              		.section	.rodata._ZL8kRotPins,"a"
 4246              		.align	2
 4247              		.set	.LANCHOR11,. + 0
 4250              	_ZL8kRotPins:
 4251 0000 02       		.byte	2
 4252 0001 09       		.byte	9
 4253 0002 02       		.byte	2
 4254 0003 08       		.byte	8
 4255 0004 03       		.byte	3
 4256 0005 02       		.byte	2
 4257 0006 02       		.byte	2
 4258 0007 0C       		.byte	12
 4259 0008 06       		.byte	6
 4260 0009 0A       		.byte	10
 4261 000a 06       		.byte	6
 4262 000b 0B       		.byte	11
 4263              		.section	.rodata._ZN5daisy4seedL2D9E,"a"
 4264              		.align	2
 4265              		.set	.LANCHOR12,. + 0
 4268              	_ZN5daisy4seedL2D9E:
 4269 0000 01       		.byte	1
 4270 0001 04       		.byte	4
 4271              		.section	.rodata._ZZL12freq_to_notefPcjRfE5names,"a"
 4272              		.align	2
 4273              		.set	.LANCHOR19,. + 0
 4276              	_ZZL12freq_to_notefPcjRfE5names:
ARM GAS  C:\Users\aydan\AppData\Local\Temp\ccPU8E4p.s 			page 157


 4277 0000 00000000 		.word	.LC13
 4278 0004 04000000 		.word	.LC14
 4279 0008 08000000 		.word	.LC15
 4280 000c 0C000000 		.word	.LC16
 4281 0010 10000000 		.word	.LC17
 4282 0014 14000000 		.word	.LC18
 4283 0018 18000000 		.word	.LC19
 4284 001c 1C000000 		.word	.LC20
 4285 0020 20000000 		.word	.LC21
 4286 0024 24000000 		.word	.LC22
 4287 0028 28000000 		.word	.LC23
 4288 002c 2C000000 		.word	.LC24
 4289              		.section	.sdram_bss,"aw"
 4290              		.align	2
 4293              	gran_buf:
 4294 0000 00000000 		.space	192000
 4294      00000000 
 4294      00000000 
 4294      00000000 
 4294      00000000 
 4295              		.text
 4296              	.Letext0:
 4297              		.file 18 "c:\\program files\\daisytoolchain\\arm-none-eabi\\include\\machine\\_default_types.h"
 4298              		.file 19 "c:\\program files\\daisytoolchain\\arm-none-eabi\\include\\sys\\_stdint.h"
 4299              		.file 20 "c:\\program files\\daisytoolchain\\arm-none-eabi\\include\\stdint.h"
 4300              		.file 21 "c:\\program files\\daisytoolchain\\lib\\gcc\\arm-none-eabi\\10.2.1\\include\\stddef.h"
 4301              		.file 22 "c:\\program files\\daisytoolchain\\arm-none-eabi\\include\\c++\\10.2.1\\bits\\std_abs.h"
 4302              		.file 23 "c:\\program files\\daisytoolchain\\arm-none-eabi\\include\\c++\\10.2.1\\cstdlib"
 4303              		.file 24 "c:\\program files\\daisytoolchain\\arm-none-eabi\\include\\c++\\10.2.1\\cstdint"
 4304              		.file 25 "c:\\program files\\daisytoolchain\\arm-none-eabi\\include\\c++\\10.2.1\\type_traits"
 4305              		.file 26 "c:\\program files\\daisytoolchain\\arm-none-eabi\\include\\c++\\10.2.1\\bits\\cpp_type_t
 4306              		.file 27 "c:\\program files\\daisytoolchain\\arm-none-eabi\\include\\c++\\10.2.1\\bits\\stl_pair.h
 4307              		.file 28 "c:\\program files\\daisytoolchain\\arm-none-eabi\\include\\c++\\10.2.1\\debug\\debug.h"
 4308              		.file 29 "c:\\program files\\daisytoolchain\\arm-none-eabi\\include\\c++\\10.2.1\\arm-none-eabi\\t
 4309              		.file 30 "c:\\program files\\daisytoolchain\\arm-none-eabi\\include\\c++\\10.2.1\\bits\\algorithmf
 4310              		.file 31 "c:\\program files\\daisytoolchain\\arm-none-eabi\\include\\c++\\10.2.1\\bits\\exception_
 4311              		.file 32 "c:\\program files\\daisytoolchain\\arm-none-eabi\\include\\c++\\10.2.1\\cstdarg"
 4312              		.file 33 "c:\\program files\\daisytoolchain\\arm-none-eabi\\include\\c++\\10.2.1\\cstdio"
 4313              		.file 34 "c:\\program files\\daisytoolchain\\arm-none-eabi\\include\\c++\\10.2.1\\cstring"
 4314              		.file 35 "c:\\program files\\daisytoolchain\\arm-none-eabi\\include\\c++\\10.2.1\\cwchar"
 4315              		.file 36 "c:\\program files\\daisytoolchain\\arm-none-eabi\\include\\c++\\10.2.1\\clocale"
 4316              		.file 37 "c:\\program files\\daisytoolchain\\arm-none-eabi\\include\\c++\\10.2.1\\bits\\basic_stri
 4317              		.file 38 "c:\\program files\\daisytoolchain\\arm-none-eabi\\include\\c++\\10.2.1\\bits\\stl_tempbu
 4318              		.file 39 "c:\\program files\\daisytoolchain\\arm-none-eabi\\include\\c++\\10.2.1\\bits\\predefined
 4319              		.file 40 "c:\\program files\\daisytoolchain\\arm-none-eabi\\include\\sys\\_types.h"
 4320              		.file 41 "c:\\program files\\daisytoolchain\\arm-none-eabi\\include\\sys\\reent.h"
 4321              		.file 42 "c:\\program files\\daisytoolchain\\arm-none-eabi\\include\\sys\\lock.h"
 4322              		.file 43 "c:\\program files\\daisytoolchain\\arm-none-eabi\\include\\math.h"
 4323              		.file 44 "c:\\program files\\daisytoolchain\\arm-none-eabi\\include\\stdlib.h"
 4324              		.file 45 "c:\\program files\\daisytoolchain\\arm-none-eabi\\include\\c++\\10.2.1\\math.h"
 4325              		.file 46 "c:\\program files\\daisytoolchain\\arm-none-eabi\\include\\c++\\10.2.1\\stdlib.h"
 4326              		.file 47 "../../libDaisy//src/per/tim.h"
 4327              		.file 48 "../../libDaisy//src/util/wav_format.h"
 4328              		.file 49 "../../libDaisy//src/dev/max11300.h"
 4329              		.file 50 "../../libDaisy//src/dev/sdram.h"
 4330              		.file 51 "c:\\program files\\daisytoolchain\\lib\\gcc\\arm-none-eabi\\10.2.1\\include\\stdarg.h"
 4331              		.file 52 "c:\\program files\\daisytoolchain\\arm-none-eabi\\include\\stdio.h"
ARM GAS  C:\Users\aydan\AppData\Local\Temp\ccPU8E4p.s 			page 158


 4332              		.file 53 "c:\\program files\\daisytoolchain\\arm-none-eabi\\include\\string.h"
 4333              		.file 54 "../../DaisySP//Source/Control/adenv.h"
 4334              		.file 55 "../../DaisySP//Source/Utility/dsp.h"
 4335              		.file 56 "../../DaisySP//Source/Utility/delayline.h"
 4336              		.file 57 "c:\\program files\\daisytoolchain\\arm-none-eabi\\include\\wchar.h"
 4337              		.file 58 "c:\\program files\\daisytoolchain\\arm-none-eabi\\include\\locale.h"
 4338              		.file 59 "../../libDaisy//src/dev/sr_595.h"
 4339              		.file 60 "<built-in>"
ARM GAS  C:\Users\aydan\AppData\Local\Temp\ccPU8E4p.s 			page 159


DEFINED SYMBOLS
                            *ABS*:00000000 project006.cpp
C:\Users\aydan\AppData\Local\Temp\ccPU8E4p.s:17     .text._ZN5daisy9DaisySeedD2Ev:00000000 $t
C:\Users\aydan\AppData\Local\Temp\ccPU8E4p.s:26     .text._ZN5daisy9DaisySeedD2Ev:00000000 _ZN5daisy9DaisySeedD2Ev
C:\Users\aydan\AppData\Local\Temp\ccPU8E4p.s:26     .text._ZN5daisy9DaisySeedD2Ev:00000000 _ZN5daisy9DaisySeedD1Ev
C:\Users\aydan\AppData\Local\Temp\ccPU8E4p.s:67     .text._ZN7daisysp6ChorusD2Ev:00000000 $t
C:\Users\aydan\AppData\Local\Temp\ccPU8E4p.s:75     .text._ZN7daisysp6ChorusD2Ev:00000000 _ZN7daisysp6ChorusD2Ev
C:\Users\aydan\AppData\Local\Temp\ccPU8E4p.s:75     .text._ZN7daisysp6ChorusD2Ev:00000000 _ZN7daisysp6ChorusD1Ev
C:\Users\aydan\AppData\Local\Temp\ccPU8E4p.s:92     .text._ZN7daisysp9OverdriveD2Ev:00000000 $t
C:\Users\aydan\AppData\Local\Temp\ccPU8E4p.s:100    .text._ZN7daisysp9OverdriveD2Ev:00000000 _ZN7daisysp9OverdriveD2Ev
C:\Users\aydan\AppData\Local\Temp\ccPU8E4p.s:100    .text._ZN7daisysp9OverdriveD2Ev:00000000 _ZN7daisysp9OverdriveD1Ev
C:\Users\aydan\AppData\Local\Temp\ccPU8E4p.s:117    .text._ZN7daisysp14GranularPlayerD2Ev:00000000 $t
C:\Users\aydan\AppData\Local\Temp\ccPU8E4p.s:125    .text._ZN7daisysp14GranularPlayerD2Ev:00000000 _ZN7daisysp14GranularPlayerD2Ev
C:\Users\aydan\AppData\Local\Temp\ccPU8E4p.s:125    .text._ZN7daisysp14GranularPlayerD2Ev:00000000 _ZN7daisysp14GranularPlayerD1Ev
C:\Users\aydan\AppData\Local\Temp\ccPU8E4p.s:163    .text._ZL13AudioCallbackPKPKfPPfj:00000000 $t
C:\Users\aydan\AppData\Local\Temp\ccPU8E4p.s:170    .text._ZL13AudioCallbackPKPKfPPfj:00000000 _ZL13AudioCallbackPKPKfPPfj
C:\Users\aydan\AppData\Local\Temp\ccPU8E4p.s:1086   .text._ZL13AudioCallbackPKPKfPPfj:00000328 $d
C:\Users\aydan\AppData\Local\Temp\ccPU8E4p.s:4106   .bss.chorus:00000000 chorus
C:\Users\aydan\AppData\Local\Temp\ccPU8E4p.s:4074   .bss._ZL10pitch_ring:00000000 _ZL10pitch_ring
C:\Users\aydan\AppData\Local\Temp\ccPU8E4p.s:1110   .text._ZL13AudioCallbackPKPKfPPfj:0000036c $t
C:\Users\aydan\AppData\Local\Temp\ccPU8E4p.s:1236   .text._ZL13AudioCallbackPKPKfPPfj:000003ec $d
C:\Users\aydan\AppData\Local\Temp\ccPU8E4p.s:4293   .sdram_bss:00000000 gran_buf
C:\Users\aydan\AppData\Local\Temp\ccPU8E4p.s:1254   .rodata.main.str1.4:00000000 $d
C:\Users\aydan\AppData\Local\Temp\ccPU8E4p.s:1282   .text.startup.main:00000000 $t
C:\Users\aydan\AppData\Local\Temp\ccPU8E4p.s:1290   .text.startup.main:00000000 main
C:\Users\aydan\AppData\Local\Temp\ccPU8E4p.s:2123   .text.startup.main:00000320 $d
C:\Users\aydan\AppData\Local\Temp\ccPU8E4p.s:4087   .bss._ZZ4mainE3win:00000000 _ZZ4mainE3win
C:\Users\aydan\AppData\Local\Temp\ccPU8E4p.s:2166   .text.startup.main:000003a8 $t
C:\Users\aydan\AppData\Local\Temp\ccPU8E4p.s:2924   .text.startup.main:0000072c $d
C:\Users\aydan\AppData\Local\Temp\ccPU8E4p.s:4100   .bss._ZZL14estimate_pitchPKfifffRfE2xd:00000000 _ZZL14estimate_pitchPKfifffRfE2xd
C:\Users\aydan\AppData\Local\Temp\ccPU8E4p.s:2966   .text.startup.main:000007b0 $t
C:\Users\aydan\AppData\Local\Temp\ccPU8E4p.s:3630   .text.startup.main:00000998 $d
C:\Users\aydan\AppData\Local\Temp\ccPU8E4p.s:3661   .text.startup._GLOBAL__sub_I_hw:00000000 $t
C:\Users\aydan\AppData\Local\Temp\ccPU8E4p.s:3668   .text.startup._GLOBAL__sub_I_hw:00000000 _GLOBAL__sub_I_hw
C:\Users\aydan\AppData\Local\Temp\ccPU8E4p.s:3980   .text.startup._GLOBAL__sub_I_hw:00000078 $d
C:\Users\aydan\AppData\Local\Temp\ccPU8E4p.s:3999   .init_array:00000000 $d
C:\Users\aydan\AppData\Local\Temp\ccPU8E4p.s:4215   .data.foot_db:00000000 foot_db
C:\Users\aydan\AppData\Local\Temp\ccPU8E4p.s:4003   .rodata.str1.4:00000000 $d
C:\Users\aydan\AppData\Local\Temp\ccPU8E4p.s:4242   .data.g_tuner_note:00000000 g_tuner_note
C:\Users\aydan\AppData\Local\Temp\ccPU8E4p.s:4153   .bss.g_tuner_conf:00000000 g_tuner_conf
C:\Users\aydan\AppData\Local\Temp\ccPU8E4p.s:4146   .bss.g_tuner_cents:00000000 g_tuner_cents
C:\Users\aydan\AppData\Local\Temp\ccPU8E4p.s:4235   .data.g_tuner_freq_hz:00000000 g_tuner_freq_hz
C:\Users\aydan\AppData\Local\Temp\ccPU8E4p.s:4159   .bss.g_tuner_valid:00000000 g_tuner_valid
C:\Users\aydan\AppData\Local\Temp\ccPU8E4p.s:4119   .bss.g_bypass:00000000 g_bypass
C:\Users\aydan\AppData\Local\Temp\ccPU8E4p.s:4139   .bss.g_press_count:00000000 g_press_count
C:\Users\aydan\AppData\Local\Temp\ccPU8E4p.s:4125   .bss.g_foot_down:00000000 g_foot_down
C:\Users\aydan\AppData\Local\Temp\ccPU8E4p.s:4225   .data.g_pots:00000000 g_pots
C:\Users\aydan\AppData\Local\Temp\ccPU8E4p.s:4132   .bss.g_fx:00000000 g_fx
C:\Users\aydan\AppData\Local\Temp\ccPU8E4p.s:4180   .bss.gran_wr:00000000 gran_wr
C:\Users\aydan\AppData\Local\Temp\ccPU8E4p.s:4173   .bss.gran_state:00000000 gran_state
C:\Users\aydan\AppData\Local\Temp\ccPU8E4p.s:4166   .bss.gran:00000000 gran
C:\Users\aydan\AppData\Local\Temp\ccPU8E4p.s:4194   .bss.od:00000000 od
C:\Users\aydan\AppData\Local\Temp\ccPU8E4p.s:4113   .bss.foot:00000000 foot
C:\Users\aydan\AppData\Local\Temp\ccPU8E4p.s:4201   .bss.rot:00000000 rot
C:\Users\aydan\AppData\Local\Temp\ccPU8E4p.s:4208   .bss.uart:00000000 uart
C:\Users\aydan\AppData\Local\Temp\ccPU8E4p.s:4187   .bss.hw:00000000 hw
C:\Users\aydan\AppData\Local\Temp\ccPU8E4p.s:4060   .rodata:00000000 $d
ARM GAS  C:\Users\aydan\AppData\Local\Temp\ccPU8E4p.s 			page 160


C:\Users\aydan\AppData\Local\Temp\ccPU8E4p.s:4071   .bss._ZL10pitch_ring:00000000 $d
C:\Users\aydan\AppData\Local\Temp\ccPU8E4p.s:4077   .bss._ZL8pitch_wr:00000000 $d
C:\Users\aydan\AppData\Local\Temp\ccPU8E4p.s:4081   .bss._ZL8pitch_wr:00000000 _ZL8pitch_wr
C:\Users\aydan\AppData\Local\Temp\ccPU8E4p.s:4084   .bss._ZZ4mainE3win:00000000 $d
C:\Users\aydan\AppData\Local\Temp\ccPU8E4p.s:4090   .bss._ZZL14estimate_pitchPKfifffRfE2ds:00000000 $d
C:\Users\aydan\AppData\Local\Temp\ccPU8E4p.s:4094   .bss._ZZL14estimate_pitchPKfifffRfE2ds:00000000 _ZZL14estimate_pitchPKfifffRfE2ds
C:\Users\aydan\AppData\Local\Temp\ccPU8E4p.s:4097   .bss._ZZL14estimate_pitchPKfifffRfE2xd:00000000 $d
C:\Users\aydan\AppData\Local\Temp\ccPU8E4p.s:4103   .bss.chorus:00000000 $d
C:\Users\aydan\AppData\Local\Temp\ccPU8E4p.s:4109   .bss.foot:00000000 $d
C:\Users\aydan\AppData\Local\Temp\ccPU8E4p.s:4120   .bss.g_bypass:00000000 $d
C:\Users\aydan\AppData\Local\Temp\ccPU8E4p.s:4126   .bss.g_foot_down:00000000 $d
C:\Users\aydan\AppData\Local\Temp\ccPU8E4p.s:4128   .bss.g_fx:00000000 $d
C:\Users\aydan\AppData\Local\Temp\ccPU8E4p.s:4135   .bss.g_press_count:00000000 $d
C:\Users\aydan\AppData\Local\Temp\ccPU8E4p.s:4142   .bss.g_tuner_cents:00000000 $d
C:\Users\aydan\AppData\Local\Temp\ccPU8E4p.s:4149   .bss.g_tuner_conf:00000000 $d
C:\Users\aydan\AppData\Local\Temp\ccPU8E4p.s:4160   .bss.g_tuner_valid:00000000 $d
C:\Users\aydan\AppData\Local\Temp\ccPU8E4p.s:4162   .bss.gran:00000000 $d
C:\Users\aydan\AppData\Local\Temp\ccPU8E4p.s:4169   .bss.gran_state:00000000 $d
C:\Users\aydan\AppData\Local\Temp\ccPU8E4p.s:4176   .bss.gran_wr:00000000 $d
C:\Users\aydan\AppData\Local\Temp\ccPU8E4p.s:4183   .bss.hw:00000000 $d
C:\Users\aydan\AppData\Local\Temp\ccPU8E4p.s:4190   .bss.od:00000000 $d
C:\Users\aydan\AppData\Local\Temp\ccPU8E4p.s:4197   .bss.rot:00000000 $d
C:\Users\aydan\AppData\Local\Temp\ccPU8E4p.s:4204   .bss.uart:00000000 $d
C:\Users\aydan\AppData\Local\Temp\ccPU8E4p.s:4211   .data.foot_db:00000000 $d
C:\Users\aydan\AppData\Local\Temp\ccPU8E4p.s:4221   .data.g_pots:00000000 $d
C:\Users\aydan\AppData\Local\Temp\ccPU8E4p.s:4231   .data.g_tuner_freq_hz:00000000 $d
C:\Users\aydan\AppData\Local\Temp\ccPU8E4p.s:4238   .data.g_tuner_note:00000000 $d
C:\Users\aydan\AppData\Local\Temp\ccPU8E4p.s:4246   .rodata._ZL8kRotPins:00000000 $d
C:\Users\aydan\AppData\Local\Temp\ccPU8E4p.s:4250   .rodata._ZL8kRotPins:00000000 _ZL8kRotPins
C:\Users\aydan\AppData\Local\Temp\ccPU8E4p.s:4264   .rodata._ZN5daisy4seedL2D9E:00000000 $d
C:\Users\aydan\AppData\Local\Temp\ccPU8E4p.s:4268   .rodata._ZN5daisy4seedL2D9E:00000000 _ZN5daisy4seedL2D9E
C:\Users\aydan\AppData\Local\Temp\ccPU8E4p.s:4272   .rodata._ZZL12freq_to_notefPcjRfE5names:00000000 $d
C:\Users\aydan\AppData\Local\Temp\ccPU8E4p.s:4276   .rodata._ZZL12freq_to_notefPcjRfE5names:00000000 _ZZL12freq_to_notefPcjRfE5names
C:\Users\aydan\AppData\Local\Temp\ccPU8E4p.s:4290   .sdram_bss:00000000 $d
                           .group:00000000 _ZN5daisy9DaisySeedD5Ev
                           .group:00000000 _ZN7daisysp6ChorusD5Ev
                           .group:00000000 _ZN7daisysp9OverdriveD5Ev
                           .group:00000000 _ZN7daisysp14GranularPlayerD5Ev

UNDEFINED SYMBOLS
_ZN7daisysp6Chorus10SetLfoFreqEf
_ZN7daisysp6Chorus11SetLfoDepthEf
_ZN7daisysp6Chorus8SetDelayEf
_ZN7daisysp6Chorus11SetFeedbackEf
_ZN7daisysp9Overdrive8SetDriveEf
_ZN7daisysp14GranularPlayer7ProcessEfff
_ZN7daisysp9Overdrive7ProcessEf
_ZN7daisysp6Chorus7ProcessEf
_ZN5daisy9DaisySeed4InitEb
_ZN5daisy9DaisySeed6SetLedEb
_ZN5daisy6System5DelayEm
_ZN5daisy9DaisySeed18SetAudioSampleRateENS_9SaiHandle6Config10SampleRateE
_ZN5daisy9DaisySeed17SetAudioBlockSizeEj
_ZN5daisy11UartHandler4InitERKNS0_6ConfigE
_ZN5daisy4GPIO4InitENS_3PinENS0_4ModeENS0_4PullENS0_5SpeedE
_ZN5daisy16AdcChannelConfig10InitSingleE12dsy_gpio_pinNS0_15ConversionSpeedE
_ZN5daisy9AdcHandle4InitEPNS_16AdcChannelConfigEjNS0_12OverSamplingE
ARM GAS  C:\Users\aydan\AppData\Local\Temp\ccPU8E4p.s 			page 161


_ZN5daisy9AdcHandle5StartEv
_ZN5daisy9DaisySeed15AudioSampleRateEv
_ZN7daisysp6Chorus4InitEf
_ZN7daisysp9Overdrive4InitEv
memset
_ZN7daisysp14GranularPlayer4InitEPfif
_ZN5daisy9DaisySeed10StartAudioEPFvPKPKfPPfjE
_ZN5daisy6System6GetNowEv
snprintf
strlen
_ZN5daisy11UartHandler16BlockingTransmitEPhjm
_ZN5daisy4GPIO4ReadEv
_ZNK5daisy9AdcHandle8GetFloatEh
log2f
sqrtf
__aeabi_atexit
__dso_handle
