:020000040800F2
:1000000000000220110A00080D0A0008D1B40008FF
:100010000D0A00080D0A00080D0A00080000000083
:100020000000000000000000000000000D0A0008B1
:100030000D0A0008000000000D0A000855B4000871
:100040000D0A00080D0A00080D0A00080D0A000834
:100050000D0A00080D0A00080D0A00080D0A000824
:100060000D0A00080D0A00080D0A000889A0000802
:1000700095A00008058E0008A1A00008ADA000080A
:1000800009AF0008B59500080D0A00080D0A000820
:100090000D0A00080D0A00080D0A00080D0A0008E4
:1000A0000D0A00080D0A00080D0A00080D0A0008D4
:1000B000912D01089D2D0108A92D0108E995000841
:1000C0000D0A0008F59500080D0A00080126010830
:1000D0000D2601083DAD000869AD00089DAD000882
:1000E0000D0A00080D0A0008000000000D0A0008B3
:1000F0000D0A00080D0A00080D0A00080D0A000884
:100100000D0A00080D0A0008B52D0108192601087E
:10011000D1AD000805AE00080D0A00080D0A000860
:100120000D0A00080D0A00083D2601087126010885
:100130003DAF00080D0A00080D0A00080D0A00086E
:1001400000000000000000000000000000000000AF
:100150000D0A00080D0A00080D0A000839AE000853
:10016000019600080D0A000865B4000889B400086B
:100170000D0A0008ADB400080D0A00080D0A0008B9
:100180000D0A00080D0A00086DAE0008A1AE0008B7
:1001900025260108312601080D0A00080D0A00086D
:1001A0000D0A00080D0A00080D0A00080D0A0008D3
:1001B000A99D00080D0A00080D0A00080D0A000894
:1001C0000D0A00080D0A00080D0A00080D0A0008B3
:1001D0000D0A00080D0A00080D0A00080D0A0008A3
:1001E0000D0A00080D0A00080D0A00080D0A000893
:1001F0000D0A00080D0A00080D0A00080D0A000883
:100200000D0A00080D0A00080D0A00080D0A000872
:100210000D0A00080D0A00080D0A00080D0A000862
:100220000D0A00080D0A00080D0A00080000000071
:100230000D0A00080D0A0008000000000D0A000861
:100240000D0A00080D0A00080D0A00080D0A000832
:100250000D0A00080D0A00080D0A00080D0A000822
:100260000D0A00080D0A00080D0A00080D0A000812
:100270000D0A00080D0A0008D5AE000800000000B5
:100280000D0A00080D0A00080D0A00080000000011
:08029000000000000D0A000847
:1002A00010B5054C237833B9044B13B10448AFF3B0
:1002B00000800123237010BDF00300240000000023
:1002C000EC67010808B5034B1BB103490348AFF3C2
:1002D000008008BD00000000F4030024EC67010862
:1002E000034613F8012B002AFBD1181A0138704776
:1002F00001F0FF01102A2BDB10F0070F08D010F8D7
:10030000013B013A8B422DD010F0070F42B3F6D1DA
:10031000F0B441EA012141EA014122F007047FF0F3
:1003200000070023F0E80256083C85EA010586EA4A
:10033000010685FA47F5A3FA87F586FA47F6A5FA86
:1003400087F68EB9EED1F0BC01F0FF0102F0070292
:1003500032B110F8013B013A83EA010313B1F8D13D
:100360000020704701387047002D06BF354603381E
:10037000073815F0010F07D1013015F4807F02BF57
:10038000013015F4C03F0130F0BC0138704700BFA8
:1003900081F0004102E000BF83F0004330B54FEA36
:1003A00041044FEA430594EA050F08BF90EA020FA3
:1003B0001FBF54EA000C55EA020C7FEA645C7FEA36
:1003C000655C00F0E2804FEA5454D4EB5555B8BF59
:1003D0006D420CDD2C4480EA020281EA030382EACA
:1003E000000083EA010180EA020281EA0303362D5C
:1003F00088BF30BD11F0004F4FEA01314FF4801C2F
:100400004CEA113102D0404261EB410113F0004F40
:100410004FEA03334CEA133302D0524263EB4303F7
:1004200094EA050F00F0A780A4F10104D5F1200E95
:100430000DDB02FA0EFC22FA05F2801841F10001F0
:1004400003FA0EF2801843FA05F359410EE0A5F1C4
:1004500020050EF1200E012A03FA0EFC28BF4CF0F5
:10046000020C43FA05F3C01851EBE37101F00045AB
:1004700007D54FF0000EDCF1000C7EEB00006EEBB8
:100480000101B1F5801F1BD3B1F5001F0CD3490842
:100490005FEA30004FEA3C0C04F101044FEA445299
:1004A00012F5800F80F09A80BCF1004F08BF5FEA20
:1004B000500C50F1000041EB045141EA050130BD00
:1004C0005FEA4C0C404141EB0101013C28BFB1F512
:1004D000801FE9D291F0000F04BF01460020B1FA5D
:1004E00081F308BF2033A3F10B03B3F120020CDA30
:1004F0000C3208DD02F1140CC2F10C0201FA0CF00E
:1005000021FA02F10CE002F11402D8BFC2F1200C72
:1005100001FA02F120FA0CFCDCBF41EA0C01904028
:10052000E41AA2BF01EB0451294330BD6FEA040471
:100530001F3C1CDA0C340EDC04F11404C4F120025C
:1005400020FA04F001FA02F340EA030021FA04F36E
:1005500045EA030130BDC4F10C04C4F1200220FAC5
:1005600002F001FA04F340EA0300294630BD21FA03
:1005700004F0294630BD94F0000F83F4801306BFC9
:1005800081F480110134013D4EE77FEA645C18BFBD
:100590007FEA655C29D094EA050F08BF90EA020F54
:1005A00005D054EA000C04BF1946104630BD91EA4C
:1005B000030F1EBF0021002030BD5FEA545C05D14F
:1005C0004000494128BF41F0004130BD14F580048E
:1005D0003CBF01F5801130BD01F0004545F0FE4102
:1005E00041F470014FF0000030BD7FEA645C1ABF37
:1005F000194610467FEA655C1CBF0B46024650EA6E
:10060000013406BF52EA033591EA030F41F4002199
:1006100030BD00BF90F0000F04BF0021704730B51F
:100620004FF4806404F132044FF000054FF00001F4
:1006300050E700BF90F0000F04BF0021704730B5B5
:100640004FF4806404F1320410F0004548BF40428A
:100650004FF000013EE700BF42004FEAE2014FEADF
:1006600031014FEA02701FBF12F07F4393F07F4FBA
:1006700081F06051704732F07F4208BF704793F0BD
:100680007F4F04BF41F40021704730B54FF46074D0
:1006900001F0004521F000411CE700BF50EA0102D3
:1006A00008BF704730B54FF000050AE050EA01027C
:1006B00008BF704730B511F0004502D5404261EBEC
:1006C00041014FF4806404F132045FEA915C3FF42D
:1006D000D8AE4FF003025FEADC0C18BF03325FEACA
:1006E000DC0C18BF033202EBDC02C2F1200300FA7B
:1006F00003FC20FA02F001FA03FE40EA0E0021FAA0
:1007000002F11444BDE600BF53B94AB9002908BF3D
:1007100000281CBF4FF0FF314FF0FF3000F074B9DC
:10072000ADF1080C6DE904CE00F006F8DDF804E048
:10073000DDE9022304B070472DE9F047089D044627
:100740008E46002B4DD18A42944669D9B2FA82F284
:1007500052B101FA02F3C2F1200120FA01F10CFAC0
:1007600002FC41EA030E94404FEA1C48210CBEFBF8
:10077000F8F61FFA8CF708FB16E341EA034306FB81
:1007800007F199420AD91CEB030306F1FF3080F010
:100790001F81994240F21C81023E63445B1AA4B25D
:1007A000B3FBF8F008FB103344EA034400FB07F7FF
:1007B000A7420AD91CEB040400F1FF3380F00A8140
:1007C000A74240F207816444023840EA0640E41B35
:1007D00000261DB1D4400023C5E900433146BDE8E1
:1007E000F0878B4209D9002D00F0EF800026C5E983
:1007F000000130463146BDE8F087B3FA83F6002E9B
:100800004AD18B4202D3824200F2F980841A61EB12
:10081000030301209E46002DE0D0C5E9004EDDE730
:1008200002B9FFDEB2FA82F2002A40F09280A1EB18
:100830000C014FEA1C471FFA8CFE0126200CB1FB6D
:10084000F7F307FB131140EA01410EFB03F0884266
:1008500008D91CEB010103F1FF3802D2884200F2F3
:10086000CB804346091AA4B2B1FBF7F007FB101185
:1008700044EA01440EFB00FEA64508D91CEB040423
:1008800000F1FF3102D2A64500F2BB800846A4EB7E
:100890000E0440EA03409CE7C6F12007B34022FA69
:1008A00007FC4CEA030C20FA07F401FA06F31C4398
:1008B000F9404FEA1C4900FA06F3B1FBF9F8200CA5
:1008C0001FFA8CFE09FB181140EA014108FB0EF0EB
:1008D000884202FA06F20BD91CEB010108F1FF3A3B
:1008E00080F08880884240F28580A8F10208614447
:1008F000091AA4B2B1FBF9F009FB101144EA014155
:1009000000FB0EFE8E4508D91CEB010100F1FF34FF
:100910006CD28E456AD90238614440EA0840A0FB97
:100920000294A1EB0E01A142C846A64656D353D06D
:100930005DB1B3EB080261EB0E0101FA07F722FA91
:1009400006F3F1401F43C5E9007100263146BDE8BA
:10095000F087C2F12003D8400CFA02FC21FA03F31D
:10096000914001434FEA1C471FFA8CFEB3FBF7F09E
:1009700007FB10360B0C43EA064300FB0EF69E42C3
:1009800004FA02F408D91CEB030300F1FF382FD25C
:100990009E422DD9023863449B1B89B2B3FBF7F604
:1009A00007FB163341EA034106FB0EF38B4208D9DD
:1009B0001CEB010106F1FF3816D28B4214D9023E1E
:1009C0006144C91A46EA004638E72E46284605E73C
:1009D0000646E3E61846F8E64B45A9D2B9EB02080D
:1009E00064EB0C0E0138A3E74646EAE7204694E79D
:1009F0004046D1E7D0467BE7023B614432E73046D0
:100A000009E76444023842E7704700BFFEE700BFD1
:100A10000B480C4A904203D0121A0B4913F06CFE9B
:100A20000A480B4A904203D0121A002113F072FEBA
:100A30000AF0B2FF13F02CFE00F018F8FEE700BF3A
:100A400000000024EC0300241C680108F0030024CB
:100A500024240124704700BF8446134602480A46F6
:100A6000614600F04BBF00BF0C0400242DE9F04F9D
:100A7000002197B07C4806F08DFD03217A4806F0EE
:100A80008DFC3021784806F0A9FC784C7848DFF8D6
:100A9000F481784D784FDFF8F0A1784E7249224604
:100AA00000F02EFA404601F021FD4FF000082846E4
:100AB00001F06EFAC3460AF07BFD01463846C14696
:100AC00001F0DAFA47460AF073FD42460146504605
:100AD00002F0B2F9644806F07DFC214630462A4611
:100AE00001F020F866496048FF26CDF80C8006F03A
:100AF00051FC25E0002E5BD021465F4801F0BCFA96
:100B000023464FF0000B4F2B00F28580A4EB080327
:100B1000B3F5FA7F0FD3594904A800F0E7FF9DED24
:100B2000091A03220B99DDED050AA0469DED040A82
:100B3000544801F0BBFE012037462E460AF040FD26
:100B40000AF036FD04465048214602F045F99AF86D
:100B50007C30023B012B3ED945490CA82346424A32
:100B600000F036FB12999DF84250A1F101013E4878
:100B7000B1FA81F1490906F04DFCAE4203D0294695
:100B8000404801F0CFFC9DF84C30E3B99DF840306F
:100B900023B9A4EB0903B3F5FA7F04D30CA93948B0
:100BA000A14601F0D9FCB5FA85F67609002FA1D04F
:100BB00065B307B32146304801F05EFA314803942B
:100BC00001F010FEA2E7DDE914239DF84D102D4839
:100BD00001F084FDDAE72D4802F0C6F8012837D08D
:100BE00002283BD02146284802F072F901461E48EF
:100BF00006F010FCB0E74DB1039BE31AB3F57A7F22
:100C000084D32048039401F0EDFD7FE7A4EB0B03B0
:100C10004F2B7FF67BAF4FF480521D49154801F0F2
:100C2000E1F908B9A34671E704A89DED0E1ADDEDC0
:100C30000D0A4FF480539DED0C0AA346144A0E4949
:100C4000009401F00DFB04A90E4801F065FD5DE77D
:100C50009AED290A0B4801F0DFFDC3E7DAF8AC1082
:100C6000084801F009FEBDE7384600246805002465
:100C7000784600242C050024340500240C040024AC
:100C8000590A0008E046002478050024F4050024F1
:100C90003806002438B515480024154A1549046063
:100CA00044610462C46313F059F9134B13485C6048
:100CB00043F8044B5C601C8100F0BEF8104D1148F5
:100CC00001F052F9104801F0C1F9284600F07CFC0F
:100CD000074A0E49284613F041F90D4801F002FC7D
:100CE0000C48BDE8384002F047B800BF3846002441
:100CF00000000024550A00086805002478460024F6
:100D00000C0400242C05002434050024190D0008CF
:100D1000E04600247805002410B50446083002F0AF
:100D200069FB204610BD00BFF0B50D8807464E8810
:100D3000013A00F10E044FF0000CAE422CBF00232C
:100D4000012303732B460AE09E4510D27344944559
:100D50004FEA530324F8023B0BDA31F8023FAE426C
:100D60000CF1010CB1F802E0EED39E45EED8002064
:100D7000F0BD012318467B73F0BD00BF70B5064679
:100D8000407B30B3F0697568002801DDA84221DDA1
:100D9000002D4DDD33684FF0010C00204FF6FF743D
:100DA000A3F1020E3EF8023F9942A3EB0102A1EB30
:100DB000030392B288BF9AB26346A24201D2604650
:100DC0001446AB420CF1010CECDB7389A34238BF33
:100DD000002070BD6FF000423368B6F80AE00244AC
:100DE000348933F8122074448A42A4B234BF8A1A78
:100DF000521A92B29442ECD29E1E012400204FF669
:100E0000FF7C36F8023F9942A3EB0102A1EB0303FA
:100E100092B288BF9AB22346624501D220469446D8
:100E20009D4204F10104ECDCE64538BF002070BDB2
:100E300000204FF6FF74C8E710B4184C03464FF675
:100E40000B7C002220680021A3F804C040F2011CA2
:100E5000C3F86200A088A3F84C20A3F866001846E7
:100E60001A601A61A3F818C0A3F844209A6483F8A2
:100E70004E20196559659965DA65A3F86020C3E9C4
:100E80000B22C3E902225DF8044BC3E90722C3E940
:100E90000922C3E90D22C3E90F2270474C50010813
:100EA00090F844305BB303684BB3B0F860C0F0B562
:100EB000B0F85C40B0F85EE090F84C7090F84D608F
:100EC00090F84E50A0F86240A0F864E0A0F866C028
:100ED00000201A68BFF35B8F911C42F0010221F0E1
:100EE00001011A601F715E719D71D8711C81A3F898
:100EF0000AE0A3F80CC0BFF35B8F1960F0BD704728
:100F00002DE9F04F002402260546804689464FF021
:100F1000010A08F1200B08272DED028B9FB045F840
:100F2000042B32468DF814600CA88DF815400599F5
:100F300007F0D4FC03238DF8184032468DF81930A1
:100F40000DF14200069907F0C9FC8DF81CA08DF840
:100F50001DA03246079915A807F0C0FC07238DF89D
:100F6000204032468DF821300DF16600089909F1D4
:100F7000180607F0B3FC04230CA930461A4607F004
:100F8000C1FC304607F0CCFE0521484606F0FEF9CC
:100F90008A4A5346284611682246009407F0DEFF2D
:100FA000DFED877A87490622874B5846C8F84040CC
:100FB000B0EE678A88F82D40F0EE678AC8F82010F6
:100FC000C8E90E44C8E90923FFF7AEFE8246CDED1D
:100FD000097ACDED0A7ACDED0B7A0AAD0024E1B2A3
:100FE000304607F0B3FEB5EEC00AF7EE007AF1EE38
:100FF00010FA0FD4B4EE670A0134F1EE10FA37FE9E
:10100000800A30EE080A032C05ED010A0BD0B5EC7E
:10101000018AE4E79FED6A0A013430EE080A032CE6
:1010200005ED010AF3D12146304607F08FFEB5EEFB
:10103000C00AF1EE10FA12D4F7EE007AB4EE670AA5
:10104000F1EE10FA37FE800A0121484678EE808AD8
:1010500006F09CF9013F05D09DED098ABDE79FEDA3
:10106000580AF1E708F15C0109A808F150030C46A1
:10107000B4EE007AF0EC017AF7EE006A002267EE37
:10108000877AF5EEC07AE3EC017AF1EE10FA11D42A
:10109000F4EEE67A9FED4D6AB6EE007A4FF6FF72F7
:1010A000F1EE10FA06DCA7EE867ABCEEC77A17EEF0
:1010B000102A92B29C4221F8022BD9D1BAF1000F2A
:1010C00031D0F4EE007A68EEA78AF5EEC08AF1EE30
:1010D00010FA33D5002103910AF06AFA0399064603
:1010E0005846FFF74BFED8F838400546A0423BD0A3
:1010F0000446C8F83800C8F840605846FFF73EFE7E
:10110000A042D8F83C5006F1140640D02C46C8F84E
:101110003800C8F84060002C08BF2C46631E042B22
:1011200098BF88F84C300123404688F84430FFF7D8
:10113000B7FE1FB0BDEC028BBDE8F08FF7EE007A72
:10114000F4EEE78AF1EE10FA02DD4FF6FF71C2E726
:10115000F6EE007A9FED1D7AE8EE877AFCEEE77AEC
:1011600017EE903A99B2B6E7D8F83C0085420246AD
:101170001CD0D8F84030F31A132B1AD95846C8F8A7
:101180003C50FFF7FBFDA04206F11406BED1AC4275
:1011900009D0D8F84010721A132A94BFD8F83C40EE
:1011A000C8F83C40B7E72246D8F83C00044615464C
:1011B000B1E72C4614360546E9E700BFF4500108B4
:1011C00000000000F85001088403F00A00FF7F4788
:1011D0002DE9F04F00250C4602F1180B2822294674
:1011E000074604F15C0604F15008BA46A9462DED05
:1011F000028B83B0019313F08DFAB4F84C207A82FD
:10120000E26BBA61E9B2584607F0A0FDB5EEC00A3C
:10121000F1EE10FA5FD4F7EE007AB4EE670AF1EE61
:1012200010FA37FE800AD8ED007A9FED7A7A30EE18
:10123000670AE0EE077AF5EEC07AE8EC017AF1EEA3
:1012400010FA42D4B7EE007AF4EEC77AF1EE10FA53
:1012500044DCB6EE007ADFED706AA7EEA67AFCEE0B
:10126000C77A17EE903A9AB207EE902AB8EE677AEC
:10127000C7EE267AF1883280914234BF521A8A1A18
:1012800092B2802A05F1010506F10206EAEC017A24
:1012900028BF4FF00109032DB4D1B6EE008A2946CC
:1012A000584687ED038A07F051FDB5EEC00AF1EE0E
:1012B00010FA18D4F7EE007AB4EEE70AF1EE10FA5D
:1012C00040F396804FF6FF710EE00022DFED537A77
:1012D0003280F288D5E79FED510AA4E7F0EE477A15
:1012E0004FF6FF72C6E7002104F12000B982FFF734
:1012F00045FDA36B984262D0019BA063E06B236421
:10130000B8610138042813D9201D4D4607F00CFFA1
:10131000637E834220D0019B6076E36187F8109062
:10132000002D43D1384603B0BDEC028BBDE8F08FF1
:10133000C0B294F84C308342E6D00023012584F8F3
:101340004C00B874201D84F84D30FB747D7407F098
:10135000EBFE637E8342DED1227E9A42DED0E269DA
:101360000199A1EB020ABAF10E0FD7D92376002B0F
:1013700030D194F84530002BD0D1012394F84C2083
:1013800084F84530A36C0133A3647B62002A3BD010
:1013900094F84D3040F2011287F8109083F0010369
:1013A000BA831F4A84F84D30FB743A622046FFF737
:1013B00077FD384603B0BDEC028BBDE8F08FE26BE1
:1013C00090429DD0236C0199CB1A132B94BF1046E9
:1013D000E06395E794F84530002B9FD0002384F814
:1013E0004530A36C7B6201233B770E4B3B6295E754
:1013F000F0EE487A9FED087AE0EE077AFCEEE77AA5
:1014000017EE903A99B26FE740F20113BB83044B99
:101410003B6283E70AD7A33D00FF7F47000000003F
:10142000E0500108E8500108037833B3F0B58C466A
:1014300086460AE0192D98BFFBB2192C98BFF2B26C
:10144000934214D11EF8013F6BB11CF8012BA3F19C
:10145000410503F12007A2F1410402F12006002A10
:10146000E8D10120F0BD9CF80030002BF9D010F835
:10147000013F002BDBD11846F0BD1846704700BF76
:1014800001F11A032DE9F04150F82380B8F1000F63
:1014900018D001EB41030D464E00044600EB8303D8
:1014A0001746D96F002931DA731904EB8303D3F897
:1014B0008010002916DA354404EB8504D4F8841032
:1014C000002901DABDE8F081BB8840469FED190A8A
:1014D00007EE903AF8EE677ABDE8F04187EE800AB1
:1014E00001F042BF7B8835449FED120A404607EE6B
:1014F000903A04EB8504F8EE677A87EE800A01F0F3
:1015000033FFD4F884100029DCDBDDE71388404684
:101510009FED080A07EE903AF8EE677A87EE800AA8
:1015200001F022FF731904EB8303D3F88010002924
:10153000C1DBD7E700FF7F472DE9F0470746884624
:1015400091469A4600250DE049462046FFF76CFF7C
:1015500058BBBAF1000F04D051462046FFF764FF94
:1015600018BB0135384601F061FEA84226DD294648
:10157000384601F05DFEB0FA80F604467609B8F10F
:10158000000F15D0A6B94146FFF74EFF68B9B9F173
:10159000000FD9D1BAF1000FE3D0002EE1D15146AE
:1015A0002046FFF741FF0028DBD02846BDE8F08742
:1015B000B9F1000FEED0002CD3D0C5E74FF0FF35C6
:1015C0002846BDE8F08700BF2DE9F041002500F175
:1015D00008060446C0E90055304601F077FF244B69
:1015E00004F17C0EA5679C46B7EE007A9FED216A58
:1015F000DFED216ADFED217AC4E91C5603F13C06D8
:10160000BCE80F00C4E91A55AEE80F00BCE80F00B3
:10161000AEE80F00BCE80F00AEE80F009CE8070042
:101620008EE8070003CEC4E92E553388C4F8C20003
:101630002046A4F8C05084ED366AC4ED376A84EDC4
:10164000397A84F8D45084F8E050C4ED3A7AC4F87A
:101650000851C4F8C610A4F8CA30C4F81C51C4E933
:101660003355C4E94355C4E94555BDE8F08100BF91
:1016700054500108000000008888883B8888083B97
:1016800038B500F1080504462F4B304A284630494A
:10169000FFF752FF2F4B304A3049C4F8A0002846CC
:1016A000FFF74AFF2E4BC4F8A40028462D4A2E49C6
:1016B000FFF742FFD4F8A030C4F8A800002B1ADBD3
:1016C000D4F8A430002B0DDBD4F8A830002B00DBBD
:1016D00038BD0221284601F013FE002829DBC4F89A
:1016E000A80038BD0121284601F00AFE002815DBBC
:1016F000C4F8A400E8E70021284601F001FE002814
:1017000002DBC4F8A000DBE7284601F08FFDB0FA49
:1017100080F040094042C4F8A000D1E7284601F01B
:1017200085FD01288CBF01204FF0FF30C4F8A400D4
:10173000CAE7284601F07AFD02288CBF02204FF04C
:10174000FF30C4F8A800CCE7045101080C5101088F
:10175000145101081C510108245101082C510108A1
:10176000345101083C510108445101080368002B21
:1017700072D0F0B51E6887B0BFF35B8F16F0010C16
:1017800001D007B0F0BD1A1D03AF04463D4607CA9D
:1017900003C52A801B68BFF35B8F9E42F1D1EE46E2
:1017A000D4F8CC3097E807007546B34203C52A80C9
:1017B000E7D004F1B805C4F8CC60B4F8C6600327DC
:1017C0002B469EE8070003C31A80B4F8BC30A4F887
:1017D000B870B34241D004F1BC0203212046FFF7A8
:1017E0004FFE94F8B93094F8B820B3F1000C18BF4C
:1017F0004FF0010C94F8D210914203D194F8D31019
:1018000061451ED0D4ED367A84F8D220F5EEC07A48
:1018100084F8D3C0F1EE10FA05DD94F8D01011B1C0
:1018200094F8D11061B3002184F8D02084F8D1C09D
:10183000C4F8D81012B1BCF1000F1FD0002384F8F7
:10184000D4302B4603CB1B88C4F8C200C4F8C610A2
:10185000A4F8CA3007B0F0BD7047B4F8BE20B4F8A1
:10186000C8309A42B7D1B4F8C020B4F8CA309A420E
:10187000B1D194F8C220BA42BCD0ACE70223DEE773
:10188000012384F8D430DCE790F8D430012B13D056
:10189000022B00D07047D0ED367AB7EE007AD0ED4B
:1018A000376A77EEA67AF4EEC77AF1EE10FA0FDB1C
:1018B000002380ED367A1BE0D0ED367A002390EDE0
:1018C000377A77EEC77AF5EEC07AF1EE10FA02D9E0
:1018D000C0ED367A704790F8D22090F8D310C0F857
:1018E000D83080F8D02080F8D11002B119B100238F
:1018F00080F8D43070470223FAE700BF2DE9F84F93
:1019000004460F4691461E462DED028B90F8D0807E
:1019100009F050FEC4F8F4002046FFF727FF606886
:1019200020B194F8E030002B00F0D680002E71D06A
:1019300000250FE0DFED6B7AB4EE678AF1EE10FA66
:1019400037FE888A013520468CED008AFFF79CFF20
:10195000AE425FD03B684FEA850A94F8D02003EB93
:10196000850302F11A0193ED008A54F821B0002A90
:1019700048D0BBF1000F45D094F8D1301BB194F89A
:10198000D430002B3ED0DBF80030B0EE480A584689
:10199000DB689847584601F025FD5846F0EE408A2E
:1019A00001F024FD38EEC87A94ED366AF0EE487AFC
:1019B000DFED4D6AD9F80000E6EE077A5044F4EE08
:1019C000E67AF1EE10FA22D49FED467AF4EE477AE9
:1019D000F1EE10FA77FE277A30EE480AC0ED007A71
:1019E00094ED367ADFED407AA7EE008AD9F804004C
:1019F00000EB0A0CB4EEE78AF1EE10FA9AD5B0EEDD
:101A0000678A9FE7B0EE480AF0EE488ACAE7F0EE30
:101A1000667AE1E709F0CEFDD4F8F42094ED3C7A43
:101A2000821A94F8EC3007EE902AF8EE677A67EEA7
:101A3000877A13B3B0EE677A0023C4ED407AC4ED21
:101A40003E7AC4ED3F7A84F8EC30B4EE477AF1EE9A
:101A500010FA02D1B8F1040F32D9F7EE007AB4EEE1
:101A6000E77AF1EE10FA04DDD4F81C310133C4F842
:101A70001C31BDEC028BBDE8F88F94ED3F7AF4EE9B
:101A8000C77AF1EE10FA03DDB0EE677AC4ED3F7A63
:101A9000D4ED3E6A94ED416AF4EEE67AD4ED405A14
:101AA000F7EE006AF1EE10FA76EEC66A48BFC4EDB2
:101AB0003E7A66EEA56AE7EE866AC4ED406AC4E740
:101AC00004EB8808D8ED427AF4EEC77AF1EE10FA0A
:101AD00048BF88ED427AC0E73246396800F068FABC
:101AE00024E700BF3333733F333373BF8C46D1F8E1
:101AF0000021D1F8FC10DCF81C3110B5C36186461A
:101B0000DCF8143100F1080441600260DCF80C11CB
:101B1000DCF80801DCF810210FC4DCF818012060A3
:101B2000704610BD30B50446083000252DED028BFF
:101B300083B0B0EE408AF7EE008A0190C4E900124B
:101B400001F0F2FC0121019801F000FA2046FFF7B4
:101B500097FD09F0D1FE9FED267ADFED265A00238E
:101B600088EE076A244A0121C4F80831C4F8F82035
:101B7000C4F8FC20C4F80021C7EE087A07EE100A6A
:101B8000C4F80C312046C4F81031C4F81431C4F83C
:101B90001831B8EE477A84F8EC10C4F81C51C5EE41
:101BA000866A67EE877A88EEA77A36EEA86AC6EE6E
:101BB000867A84ED3C7AC4ED417AFFF7D7FD9FED3C
:101BC0000F0A03224FF0031328EE008AC4ED368A71
:101BD000A4F8B820C4F8D030C8EE887A84F8E05071
:101BE000C4ED398AC4ED3A7A03B0BDEC028B30BD46
:101BF00000004042DB0FC9400000C07F0BD7233CF0
:101C0000002ADFEDC07A2DE9F84307461C462DED8A
:101C1000028BB0EE408A08DD0B4601EB8205B3EC87
:101C2000017AAB4277EE877AF9D107EE102AB64DEA
:101C3000501EDFEDB45AB8EEC77A6FF00308DFF834
:101C400024E305F580592E4687EE876A4246AF4B5E
:101C500008F10408DFEDAE6A9FEDAA7A01E0F3EC2B
:101C6000016A002A8C4605DB82429446A8BF84465E
:101C700001EB8C0CDCED007A734502F1010277EE8A
:101C8000C67AA7EEA67AEAD1A6EC017A4E45E7EE2F
:101C9000075ADBD1DFED9F7A25EEA70AB5EE400AA1
:101CA000F1EE10FA00F12981F1EEC07A9FED9A7AF7
:101CB000D7ED086AF4EEC77AF1EE10FA07DD9FED72
:101CC000977AF4EEC76AF1EE10FA00F3CF809FED39
:101CD000947ADFED945A27EE877A9FED936AF4EEBB
:101CE000C67AA6EEA57AF1EE10FA87ED087A00F131
:101CF000AE80002140F2F4628C48012612F00AFD09
:101D00008B484FEA450C8B4907460CF5805CACEBE1
:101D100001022B469FED7B7AF3EC017AF2EC016A2B
:101D20008B4277EEE67AA7EEA77AF5D1013640F23C
:101D3000BD12191FA7EC017A9642E8D17E4D4FF0F3
:101D40007E53DFED707A2A467C4942F8043B01233A
:101D5000F0EC016AB7EE007A9FED796A77EEA67A29
:101D6000F4EEC67AF1EE10FA07DD07EE103AB8EE9F
:101D7000C77A67EE266A86EEA77A814203F10103ED
:101D8000A2EC017AE4D1B5EEC08AF1EE10FA63D587
:101D90009FED6C7A6C4A0C2302E001338B4256D0E3
:101DA000F2EC017A40F2BD11F4EEC77AF1EE10FACE
:101DB000F3D505EB830209E0D2ED017AB2EC017AAA
:101DC000F4EEC77AF1EE10FA66D50B46B3F5DE7F76
:101DD00003F10101F0DBDFED4B7A07EE103AF7EE8D
:101DE000006AB8EEC77A77EE277AF4EEE67AF1EE7B
:101DF00010FA2CD9DFED555AB3EE0B6A85EEA77AAF
:101E0000B4EEC67AF1EE10FA21D4DFED517AB4EED9
:101E1000E77AF1EE10FA1ADC05EB830384ED007A21
:101E2000D3ED007A76EEE77AF5EEC07AF1EE10FAAD
:101E30005DD4F4EE667AF1EE10FA76FEA77A0A9B8C
:101E40000120BDEC028BC3ED007ABDE8F883BDEC48
:101E5000028B0020BDE8F883F7EE007AB4EEE78A43
:101E6000F1EE10FA11DD9FED3B7A93E787EEA67A4B
:101E70009FED396AB4EEC67AF1EE10FA7FF727AF1C
:101E8000FB6A0B9A13447B6221E7DFED347A9FED06
:101E90002D7AA8EE677A7DE705EB8302B0EE005A53
:101EA000DFED2F5A52ED016AB0EE666A97EE056AD1
:101EB00036EE676AB0EEC67AB4EEE57AF1EE10FA65
:101EC00089D476EEE77AF6EE006AFEEE005A27EE47
:101ED000A67AC7EE067AF4EEE57AF1EE10FA09D4A6
:101EE000F4EE667AF1EE10FA76FEA77A75E7DFED8A
:101EF000057AA4E7F0EE657A6FE712F081FBF0EE69
:101F0000407AD3E600000000E8560024BC510108E6
:101F1000F1F0F03C0000803AA69B443CBD3786358A
:101F20009A99193E9A99593F0AD7233CE8E600242A
:101F3000ECE60024E4660024E8460024DCED0024FE
:101F40005F708930AE47613E1847002400803B46F1
:101F500000007A44CDCCCC3D3333D33F8FC2F53D26
:101F6000CCBC8C2BDC51010800220549054B10B478
:101F7000C0E90022044C054A5DF8044B704700BFDD
:101F8000E8660024E8E60024E8560024E846002439
:101F900010B54FF4004204460021044812F0BAFB89
:101FA00000232360BFF35B8F636010BDE8660024ED
:101FB000036830B492B19C18094DC3F30C0201338D
:101FC00051F804CB05EB8202A342C2F800C0F4D161
:101FD0000460BFF35B8F446030BC70471C46F7E77A
:101FE000E8660024531EB3F5805F03D2B1FA81F393
:101FF0005B0909B90020704770B502F58075466825
:10200000BFF35B8FB5421CD8A6F580768C460E4D8B
:102010001946B41A0B19013141F6FF7EC3F30C03C4
:102020008A4205EB83031B684CF8043BF2DC4368EF
:10203000901BBFF35B8F184470458CBF00200120BC
:1020400070BD002070BD00BFE866002400220021A2
:1020500010B478248161C161C46201625DF8044BEF
:1020600080F83020C0E90022C0E90222C0E9042241
:10207000C0E90922704700BF0023002278310360C5
:1020800043608360C360036142618361C361036233
:1020900080F8302010B47824C0E90912C4625DF8D9
:1020A000044B7047B5EEC00AF0B5F1EE10FA1546D4
:1020B0002DED028B83B044D9DFED267A04460E461F
:1020C0009FED258A80EE270A244F12F09BF82046C8
:1020D000234B3146234EF2EE087AA0EE278AF8FE13
:1020E000487AFDEEE77A17EE904A83FB04234FEA25
:1020F000E47C1D4ACCEB630C0CEB4C030CF1FF3C75
:10210000A4EB8303CDF800C00C33A6FB036C4FEAAD
:10211000DC0C0CEB4C0CA3EB8C0357F8233012F0C7
:10212000FBFB07EE904A9FED117AF8EEE77A38EE66
:10213000678A28EE078A85ED008A03B0BDEC028B22
:10214000F0BD00270A4A12F0E7FB2F6003B0BDEC98
:10215000028BF0BD0000DC4300008A428851010878
:10216000ABAAAA2AABAAAAAA505101080000C842E9
:102170004C510108D0ED006AD0ED017A90ED020AD1
:10218000F4EEE76A90ED037A90ED046AF1EE10FA4E
:1021900005DDF0EE665AF0EE676AF0EE657AB4EEB1
:1021A000C67AF1EE10FA33DCB4EEC60AF1EE10FA9C
:1021B00005DDF0EE405AB0EE460AB0EE656AB4EEC8
:1021C000C70AF1EE10FA30DCF4EEC76AF1EE10FA4D
:1021D00005DDF0EE665AF0EE476AB0EE657AF4EE91
:1021E000406AF1EE10FA36FE800AF4EE467AF1EE1D
:1021F00010FA76FE277AF4EE477AF1EE10FA77FEBF
:10220000277AF4EE407AF1EE10FA37FE800A704732
:10221000B4EEC70AF1EE10FA0FDDF0EE405AB0EE60
:10222000470AB0EE467AB0EE656AF4EEC06AF1EEA7
:1022300010FA0EDDB0EE667AD7E7F0EE475AB0EE50
:10224000467AB0EE656AB4EEC70AF1EE10FABBDD6D
:10225000EBE7F0EE475AB0EE407AB0EE650ABEE723
:10226000F0B50D461146954A04460020166895F8CB
:1022700030202DED028B206185B02682360CB0EE29
:10228000608A0C9FA674C4E90000C4E90200C4E996
:1022900005002AB1AA6ABA1AB2F5966F00F2AE80AA
:1022A000B5EEC01A00220292F1EE10FA03921AD48F
:1022B000F7EE007AB4EEE71AF1EE10FA40F38580FB
:1022C000C822EA6299B96B6A00229F42A26180F03B
:1022D000888095F83030002B40F0A180204605B072
:1022E000BDEC028BF0BD3C22EA620029EBD0B3F5D5
:1022F000805FE8DB1A4603AB28460197009302ABE8
:10230000FFF77EFC6B6A9DED020ABB4284ED060A74
:10231000DFD8002865D095F83020002A40F094805E
:102320009DED035A6B682B60AB686B60EB68AB602C
:102330002B6985ED040AEB606B69042B00F3B78011
:102340000133052B6B6100F0B280B5EEC08AF1EE6F
:1023500010FA00F1A980F7EE007AB4EEE78AF1EE08
:1023600010FA00F3A8809FED567ADFED567AE8EE7A
:10237000077A3AB195ED067A70EE476AA6EEA77A2B
:10238000B0EE470ADFED507A85ED060AB4EEE75A63
:10239000F1EE10FACCBF0123002305DD012285ED0B
:1023A000070AAF6285F8302004F1100004F10C0236
:1023B0000821237084ED010A84ED025AFFF772FEB2
:1023C000204605B0BDEC028BF0BDF6EE007A9FED25
:1023D0003F7AE1EE077AFCEEE77A17EE902A3C327C
:1023E00082E7002295F830302270002B4CD1002378
:1023F0002046A36005B0BDEC028BF0BD00226861F1
:10240000A8622A606A60AA60EA602A61AA61EA6139
:102410002A6207F1780285F830006A6240E70020FE
:1024200095ED070A4FF07A5304F10C022070082151
:1024300004F1100084ED010AA360FFF733FE20468B
:1024400005B0BDEC028BF0BDD5ED077ADFED206A5B
:1024500080EE277AB4EEE67AF1EE10FA07DCDFEDD3
:102460001D6AB4EEE67AF1EE10FA7FF559AF9DEDF4
:10247000035A9FED197AB4EEC75AF1EE10FA7FF5C0
:1024800051AF0023237001E0D5ED077A134BB0EE76
:10249000670A04F10C02082104F11000A360C4EDE6
:1024A000017AFFF7FFFD19E7DFED067A61E72846BD
:1024B000FFF760FE49E7DFED0A7A5AE74C51010861
:1024C00014AEC7BE6666E63ECDCCCC3E00000C43E3
:1024D0009A99F93FB81E053F6666663FCDCC4C3EE3
:1024E00090C2753D0022C0E90022704710B50C4A29
:1024F00088B001230021B2F800C04FF4E134039307
:1025000006930491029101A9059393880794ADF86D
:1025100004C0ADF8063008F0C7FD08B010BD00BF1C
:102520009C50010810B588B00B460A4A2021044689
:10253000684612F0F1F96846FDF7D2FE0A2302461A
:102540006946204608F01AFE10B1636801336360E3
:1025500008B010BDDC51010891ED007AB5EEC07AEB
:1025600030B5F1EE10FA9DB0044640D4F7EE007A93
:10257000B4EEE77AF1EE10FA40F3998091ED017A2A
:1025800042F21073B5EEC07AF1EE10FA37D50020A2
:1025900091ED027AB5EEC07AF1EE10FA3FD4F7EE83
:1025A000007AB4EEE77AF1EE10FA5CDD91ED037A91
:1025B00042F21075B5EEC07AF1EE10FA37D500226E
:1025C00060210292434ACDE9000504A812F0A4F963
:1025D00004A8FDF785FE0A23024604A9204608F058
:1025E000CDFD10B16368013363601DB030BD0023C1
:1025F00091ED017AB5EEC07AF1EE10FAC7D4F7EE9C
:10260000007AB4EEE77AF1EE10FA3EDD91ED027A4F
:1026100042F21070B5EEC07AF1EE10FABFD5002587
:1026200091ED037AB5EEC07AF1EE10FAC7D4F7EE69
:10263000007AB4EEE77AF1EE10FA02DD42F210729F
:10264000BEE7F6EE007ADFED246A42F21071E7EEA3
:10265000267AFDEEE77A17EE902A8A42A8BF0A464C
:1026600022EAE272ACE7F6EE007ADFED1B6A42F294
:102670001072E7EE267AFDEEE77A17EE905A954251
:10268000A8BF154625EAE575CAE7F6EE007ADFED44
:10269000126A42F21072E7EE267AFDEEE77A17EE42
:1026A000900A9042A8BF104620EAE07070E7F6EE6C
:1026B000007ADFED096A42F21072E7EE267AFDEE4B
:1026C000E77A17EE903A9342A8BF134623EAE373E2
:1026D0008EE700BFE451010800401C4610B51446C7
:1026E0009AB01A460B46009460210446019202A853
:1026F000084A12F011F902A8FDF7F2FD0A2302467A
:1027000002A9204608F03AFD10B163680133636006
:102710001AB010BDF451010891ED017AB5EEC07AFE
:1027200010B5F1EE10FAA4B0044653D4F6EE007AD8
:10273000DFED296AE7EE267AFDEEE77A17EE900ADA
:102740009FED266AF6EE006A91ED037AFEEE007ABE
:1027500027EE067A91ED026AB5EEC07AF1EE10FA34
:10276000B5EEC06A66FEA77A77EE877AF1EE10FAC8
:10277000FDEEE77A09D4B7EE007AB4EEC76AF1EE5F
:1027800010FA1EDD4FF47A7300E00023CDED027ADB
:10279000009004A8039311F8103B114A0191802185
:1027A00012F0BAF804A8FDF79BFD0A23024604A91B
:1027B000204608F0E3FC10B163680133636024B085
:1027C00010BD9FED057AE6EE076ABDEEE67A17EEDC
:1027D000103ADBE70020B3E700007A440000C8426B
:1027E000005201080B4A002300B5126889B04FEA75
:1027F000124C01A9059301930493ADF814208DF8B0
:1028000016C0CDE90233CDE90633FFF785FF09B0E5
:102810005DF804FB4C510108DFED156ABEEE007A4D
:10282000F6EE007A134A20EE260A302110B5B5EEF6
:10283000C00A8CB004466846F1EE10FA67FE877A4B
:1028400077EE807AFDEEE77A17EE903A12F064F8B0
:102850006846FDF745FD0A2302466946204608F012
:102860008DFC10B16368013363600CB010BD00BF14
:102870000000C8421452010810B58CB00B460A4A39
:1028800030210446684612F047F86846FDF728FDF7
:102890000A2302466946204608F070FC10B16368BE
:1028A000013363600CB010BD24520108F6EE007ACB
:1028B000DFED186A1346184AB0EE677AB0EE676A21
:1028C000E1EE267AA0EEA67AA0EE266A10B5FDEE1D
:1028D000E77A9CB0BDEEC77A0446019104A8CDED1D
:1028E000037AFDEEC67A602102938DED007A17EE31
:1028F000903A12F011F804A8FDF7F2FC0A23024600
:1029000004A9204608F03AFC10B163680133636003
:102910001CB010BD00401C4638520108394A4FF621
:10292000FF71138CF0B5A0F8703089B0B2F8404058
:1029300005468C4218BFA342A0F8724003F1FF3352
:10294000B2F860202CBF012400244FF6FD719BB229
:10295000A0F87420013A8B4288BF44F0010492B27F
:102960008A4288BF44F001042CB10323002483660B
:10297000204609B0F0BD244B214604270126D3F898
:10298000E02042F08072C3F8E0206422D3F8E03007
:1029900003F080730093009B11F0BCFE4FF4802382
:1029A0001A4A28462F61AE61C5E900234FF48053CF
:1029B0002B6301F0A7FC10B10223AB66D8E740F20D
:1029C000FF724FF00111284601F0A8FD0028F3D155
:1029D0000F4B062201A92846019307230597CDE94D
:1029E000022340F2FF73CDE90644049300F098FF00
:1029F0000028E1D1304608F0E3FDAC6685F864605C
:102A00003446B5E700E8F11F004402580060025860
:102A1000000084CBF0B5002389B01746062201914F
:102A20000446CDE906330723CDE90223042340F20F
:102A3000FF720DEB0301CDE9042300F071FF00BB31
:102A400008260546204601F039FA034602212046B1
:102A5000A3B900F08DFE034620467BB900F010FFBD
:102A6000034620461D4401F067FB50B9013EE9D101
:102A700004350120ED083D8009B0F0BD204601F08D
:102A80005BFB002009B0F0BD10B54FF6FE7C00F1F5
:102A9000FF3EE6452DED028B68D801F1FF3EE6458D
:102AA00064D802F1FF3EE64560D803F1FF3EE645FB
:102AB0005CD8049CA34238BFB4F5803F56D2069C34
:102AC000A446059CA44551DD049CB4EB030C6EEBBD
:102AD0000E0EBCF1010F7EF1000447DB07EE902AD9
:102AE00005EE903A9FED241BB8EEE74B07EE901AE7
:102AF000B8EEE55B7146B8EEE76B07EE900A24EEA0
:102B0000014B6046B8EEE77BDDE9052384EE062B3A
:102B10009B1A03EE103AB8EEC33B22EE077B87EE1A
:102B2000018B38EE458B28EE038BFDF7BFFDDDED05
:102B3000057A079BB8EEE77BFBEE045A41EC160BD7
:102B400088EE066B36EE077BB7EEC77BB4EEE57A10
:102B500083ED007AF1EE10FA08DBDFED097AB4EECE
:102B6000E77AF1EE10FA01D8012000E00020BDEC78
:102B7000028B10BDAFF300800000000000C8A94028
:102B800000000243002391F8642030B5C0E900330F
:102B9000836085B08B6E0446C36012B9204605B0D1
:102BA00030BD0D4600F1080215492846FFF732FFF7
:102BB00048B195F8643033B104F10A02114928464E
:102BC000FFF728FF20B904232046E36005B030BD9D
:102BD000A96F231DB5F8722002911E210393009264
:102BE000B5F87030B5F87420019161892089FFF73C
:102BF0004BFF0028207014BF00230523E360CDE7BE
:102C0000000084CB0000B8CF03789A1E012A78D93F
:102C1000CA6810B40C89026384850C78002C5AD0E1
:102C2000BBEE047AD1ED017AF4EEC77AF1EE10FA38
:102C300051D49FED477AF4EEC77AF1EE10FA4ADCF0
:102C40009FED447A0022F4EEC77A4262F1EE10FA68
:102C500058DA81694A1C00EB81015442C1ED017AC6
:102C600002F0030204F0030158BF4A4241690329FC
:102C7000826103DC01310029416158DD021DDFED75
:102C8000367A02EB8104B2EC017AA24277EE877ABF
:102C9000F9D107EE101A9FED316AB8EEC77AC7EE88
:102CA000876AF4EEC66AC0ED0A6AF1EE10FA41DAFC
:102CB000DFED2B7A0022F4EEE76A0262F1EE10FA01
:102CC00029DBC3690133022BC36101DD01230370DA
:102CD0005DF8044B7047436A00210133022B4362C5
:102CE000C0E90711F4DD8A424FF002034FF00301FF
:102CF0005DF8044B08BF052280F834300170026390
:102D00007047704702210123C0ED0A7A0263017007
:102D100080F83430DCE7012BC261D9D1DFED117AC4
:102D2000F4EEE76AF1EE10FA98BF0270D0E7DFED3B
:102D30000A7AAEE7036A00220133022BC0E90723B7
:102D4000C6DD022101230263017080F83430BFE741
:102D5000000002430000C842000000000000B4422E
:102D60000000A042000096420346002290F8340082
:102D700083F83420704700BF10B564220021044658
:102D800011F0C8FC002300220221204684F86430A0
:102D90002367A4F87430A36784F87C30C4F88020DB
:102DA000C4F88420C4F88820C4F88C20C4F8A0306B
:102DB000C4F8A420A4F8A830C4F8AC3084F8B0302B
:102DC000A4F8BC30C4E91A13C4E92433C4E9263397
:102DD000C4E92D3310BD00BF70B590F8BC6084B05D
:102DE000DEB190F87C300446023B012B18D9D0F8B4
:102DF000B4300D46CB1A632B12D90146C0F8B4503B
:102E00006846FFF7BFFE694604F17C00FFF7FCFE51
:102E100094F87C30023B012B06D9304604B070BDDB
:102E20000026304604B070BDD4F8B830002BF4D181
:102E3000C4F8B850F1E700BF00234FF0000C70B5A4
:102E400080F87C300446C0F880C00D46C0F884C0CD
:102E50001646C0F888C0C0F88CC0C0F8A030C0F8D2
:102E6000A4C0A0F8A830C0F8AC3080F8B030C0E9F9
:102E70002433C0E9263300F075FC80B2E066D8B197
:102E80004FF6FF73984217D041F2030398428CBF6C
:102E900082236E232046A367FFF740FDA5F164035C
:102EA000002284F8BD00C4F8B4300123C4F8B8206F
:102EB00084F8BC302EB970BD00200623A067A3663D
:102EC000ECE729462046BDE87040FFF785BF00BF0C
:102ED00090F87C30023B012B15D8D0F8B82040F296
:102EE00014530A48891AA0FB0120800A03FB101022
:102EF000B0F5167F07D2064BA3FB0030C0F340109D
:102F000080F0010070470020704700BFFD33A6C964
:102F10001F85EB5180ED080A704700BF80ED050A60
:102F200080ED060A704700BF80ED050AC0ED060A75
:102F3000704700BF037FF7EE007A9FED030A002B76
:102F400000FE270A704700BF0000000001777047AD
:102F5000704700BF704700BF704700BF10B5044BFB
:102F60000446C068236008B110F0FFFF204610BD82
:102F70006C52010810B5064B0446C068236008B1C6
:102F800010F0F3FF2046242110F0EDFF204610BD85
:102F90006C52010838B50446C0680D4618B110F0EF
:102FA000E4FF0023E360002D02DC0023A36038BDB2
:102FB0002846A56010F0DBFFA368E060002BF6DD7B
:102FC00000210B4608E09CF81020C2540133A2688F
:102FD0001C319A42EBDDE068226902EB010C002A09
:102FE000F1D1C254F2E700BF2DE9F04F95B017467A
:102FF000013B0D461E9C0990B4F90620B4F904006B
:10300000002A069320EAE070B4F90230B4BF561CDF
:1030100016460593A0F109037610B4F900C01BB25F
:103020009642314623EAE3731FFA8CFCA8BF11468F
:10303000921B092812B221EAE17AA8BF0920092BC4
:1030400022EAE272E280BDF814201144A2F10502E6
:1030500061801946A8BF092102EB6A02002FA3EB89
:1030600001030A910CEB000196B20FFA82F88AB2C2
:103070000C920AB208929AB21BB20B92079345DDEA
:10308000ACF1020C0CEB6000031D02B20FFA83FBE3
:103090000D9293453ADB06F10902012128465B4671
:1030A00012B200922A6801915946D2F8189042460D
:1030B000C847721C28464FF0070912B25B462546E6
:1030C000013B0D991FFA82FB1BB21FFA89F9994245
:1030D0001ADC0BEB09010124A9F1020909B20FFA6C
:1030E00089F90091016829EAE97901948C69194606
:1030F000CDE90E03A0470D9B0BF101020E98194676
:103100000F9B12B29942DBD12C460546069BBB426F
:1031100040DD0C9B0B9A023B1A4413460A9A03EBC0
:1031200062031FFA83F91BB209F1050212B293423E
:1031300030DA06F1090101204246A9EB060909B27D
:103140004FF0070800912968019028468F691946B9
:10315000B847721C053612B236B297B2B2421FFAA5
:1031600088F807EB09031BB214D008EB0701012014
:1031700009B20091296801902846D1F818B0194683
:10318000D847A8F102037A1C1BB212B2002B23EA23
:10319000E378E2DC099B4FF000084FF0010910AE24
:1031A0005A6829462B6812A8DF6A089BADF846A02A
:1031B000ADF84030059B0096ADF84230079BCDE955
:1031C0000189ADF844300D4BB8472B68294612A849
:1031D000DD6A0096094BCDE901892288ADF84020CF
:1031E0006288ADF84220A288ADF84420E288ADF8AC
:1031F0004620034AA84715B0BDE8F08F4C020024D2
:103200005052010810B4074C002200210460064C03
:103210004161446081615DF8044B02770261C0E95D
:10322000022270476C52010854520108007A70471C
:10323000C3685BB1002909DB83688B4206DD036943
:1032400023B1C1EBC10153F821007047004870471A
:103250005C520108C36873B100290CDB826891429B
:1032600009DA5B5C9FED057A07EE903AF8EE677A33
:1032700087EE870A70479FED020A70470000FE4202
:10328000000000000029C26832DB8AB383689942DB
:103290002EDA036963B3C1EBC10003EB8003187935
:1032A000032825D19B68581C22D007EE903A9FED49
:1032B000115A525CF8EEE75ADFED0F7A07EE102A4A
:1032C000DFED0E6A85EE256AB8EEC77A37EE277A0B
:1032D000C7EE067A77EEA67AFDEEE77A17EE900A49
:1032E00001300128B8BF01209842A8BF1846704796
:1032F00001207047000000430000FC3E0000003C3D
:103300000369A3B110B48468002C0BDD002002E037
:103310000130A04206D05A691C338A42F8D15DF8C8
:10332000044B70474FF0FF305DF8044B70474FF08F
:10333000FF30704730B5C46884B100290EDB856862
:103340008D420BDD150609D414F801E0964505D031
:1033500062540368034ADB6A934200D130BDBDE882
:1033600030401847552F0008B5EEC00AF1EE10FAAC
:103370002CD4F7EE007AB4EEE70AF1EE10FA22DC74
:10338000002930B5C4681DDBE4B18568A94219DAAB
:103390009FED117ADFED117AE0EE077AFCEEE77A25
:1033A00017EE90CA1CF0800F5FFA8CFE0AD114F859
:1033B00001C0F44506D004F801E00368084ADB6A5E
:1033C000934206D130BD7F22FFF7B4BF0022FFF742
:1033D000B1BFBDE8304018470000FE423333B33E72
:1033E000552F000890ED050A704700BF90ED060AC2
:1033F000704700BF034B10B504460360FFF7AEFDF6
:10340000204610BD18530108054B10B50446036053
:10341000FFF7A4FD6021204610F0A5FD204610BD59
:103420001853010810B5044600212DED028B90EDD4
:10343000118AFFF70FFF94ED117A0121D4ED127A72
:10344000204677EEC77AA0EE278A84ED158AFFF72B
:1034500019FF07EE900A02212046F8EEE77A94ED74
:10346000138AC4ED167AFFF7F5FED4ED137A94EDC6
:10347000147A04F1240037EE677AF0EE487AE0EE31
:10348000077AC4ED177AC4ED0C7A00F0BBF8F7EEBA
:10349000007AD4ED160AF4EEE70AF1EE10FA10D431
:1034A000DFED097AF4EE670AF1EE10FA77FEA00A72
:1034B000B0EE000A10F010FF84ED100ABDEC028B94
:1034C00010BDF0EE670AF3E70000004238B504468D
:1034D000FFF798FE0D494FF07E520D48A1640D494B
:1034E0000D4B2060E1644FF0844162650B480C4A4B
:1034F0000C4D60642046A16503212365E36565608A
:103500002261FFF747FD204638BD00BF0000A04103
:10351000185301080000FA4300409C460AD7233C98
:10352000BC5201089C52010838B52DED028BB0EE5B
:10353000408A0546FFF7EEFC002405F12400B0EEBA
:10354000480A00F051F84FF08F432B642B68214656
:1035500001342846DB6A9847032CF7D1BDEC028B77
:1035600038BD00BF10B504462DED028BB0EE408A89
:10357000FFF7D4FC94ED107AD4ED156A28EE078A93
:10358000B6EEC88AC8EE077ABDEC028B67EEA67A63
:10359000C4ED057AC4ED067A10BD00BF10B504462F
:1035A0002DED028BF0EE408AB0EE608AFFF7BCFC96
:1035B000D4ED107A94ED156A68EEA78A28EE278A72
:1035C000F6EEE88AC8EEA76AB6EEC88A88EE277AD1
:1035D000BDEC028B66EE866AC4ED056A67EE067A7C
:1035E000C4ED067A10BD00BF4FF07C530021044AA1
:1035F0004160C2600361436180ED060A704700BF0D
:103600000000C8429FED187AD0ED037A90ED060ACB
:1036100067EE877A10B587EE800A04462DED028B9F
:1036200010F0C2FCF0EE007ABFEE007A37EEC08AEE
:10363000A8EE087AB5EE407AF1EE10FA0ED4B1EEAB
:10364000C70A38EE408AF7EE007A84ED058A77EEF5
:10365000C87ABDEC028BC4ED047A10BDB0EE470A07
:1036600010F0CEFFEDE700BFDB0FC940704700BF91
:103670000F4B1B780BB90120704710B504464FF46F
:103680007A700C4AB0FBF3F31068B0FBF3F001F072
:103690006BF80F2C00D808B1012010BD0022214684
:1036A0004FF0FF3001F000F8034B00201C6010BD0C
:1036B00004000024440200240800002438B503203C
:1036C000124D00F0DFFF124C02F0F8FA114A1249D5
:1036D0009369C3F30323CB5C03F01F0320FA03F3C6
:1036E0000E202B60926902F00F028A5C02F01F022A
:1036F000D3402360FFF7BCFF10B10124204638BD42
:103700000446FFF7B3FF204638BD00BF4402002443
:10371000480200240044025800540108034A044BA4
:1037200011681B780B441360704700BFE8F6002453
:1037300004000024014B1868704700BFE8F600241D
:1037400038B50446FFF7F6FF0546631C02D0044B6C
:103750001B781C44FFF7EEFF431BA342FAD338BD8E
:1037600004000024014B1868000C70470010005C36
:103770003F4A036893422DE9F04105460E4657D073
:1037800002F58072934253D03A4A2C699768082C0C
:1037900007F01F070AD0092F4CD840F22121F94029
:1037A000C90747D5DB68DA0748D40424FFF7C2FF0E
:1037B0008046731C2A6827D113681C42FCD06B6DAD
:1037C00043F400736B65D36813F4406F0FD16B7DC6
:1037D0006BB9136818070AD56B6D23F480736B659A
:1037E0006B6DD90403D46B6D43F001036B65224B01
:1037F0009A422ED0D068082C27D010F4804034D1C3
:103800000C231360BDE8F08113682342D7D1FFF782
:1038100091FFA0EB0800B04201D8002EC9D16B6D1A
:103820000022032043F0040385F850206B65E9E78C
:10383000124AAAE7936813F4404FB6D06B6D01208B
:1038400043F020036B65BDE8F08100201460BDE803
:10385000F081092F02D9064BD868CCE740F221232A
:1038600023FA07F7FB07C5D4F5E70020BDE8F08190
:103870000020024000630258002102400023024061
:103880000368186C704700BF704700BF806B08B5B5
:10389000FFF7FAFF08BD00BF836B5A6D12F0500F9F
:1038A0005A6D10B51DD1196842F400725A650A6844
:1038B00012F0080FCA681BD012F4406F0DD1CA680D
:1038C00094040AD45A6D22F480725A655A6DD10458
:1038D00003D45A6D42F001025A65184605F098FA71
:1038E00010BDD2060AD4DB6CBDE81040DB6C184773
:1038F0009007E7D0184605F08BFAF1E7184605F077
:103900002BFB10BD806B08B5436D43F0400343654E
:10391000836D43F00403836505F01EFB08BD00BF03
:10392000F0B5002283B0019290F85020012A00F0F7
:103930001C81034601201A6883F8500094686407CC
:1039400000F18A800C68C4F31305002D40F08F80CD
:10395000C4F38464A0404D684FF01F0ED6694FEA4F
:10396000951C30430CF00C0CD06105F01F0002F1E7
:10397000300584400EFA00FE5CF8050020EA0E00D7
:1039800004434CF80540906840076ED4956815F0E4
:10399000080547D10C68072002F11406B94F4FEA19
:1039A000D45CC4F304540CF0040C00FA04FE8868E0
:1039B00000FA04F45CF8060020EA0E0020434CF8FC
:1039C0000600386800F07040B0F1805F00F0C580FC
:1039D000D068D668C70600F1E880C6F38206486959
:1039E000760000FA06F60F69042F00F0C18002F19C
:1039F0006004086854F827C000F0F8400CF0004C50
:103A000040EA0C00304344F82700487E0E69012844
:103A100054F8260008BF4FF0004520F00040054351
:103A200044F826509068C40714D4CE68086806F09D
:103A30001807954CD2F8C050FC40C0F3130704405F
:103A400025EA07052C43C2F8C040904CA64246D058
:103A5000002816DB002003E05A6D42F020025A6570
:103A6000002283F8502003B0F0BD9068DAE794FAA2
:103A7000A4F5B5FA85F5C4F3846405F01F05A840E4
:103A800069E783498A4200F0B68001F580718A4275
:103A900000F0B1807F4D804CA968A46801F0E07609
:103AA000E44304F00104002C00F0B4807B4CA042FD
:103AB00000F0FC807A4CA04200F01A81794CA042C0
:103AC000C8D14902C6D474498A42C3D1AA68002029
:103AD00022F0E072324342F48002AA60C0E7002F75
:103AE0006AD090FAA0F4B4FA84F4013404F01F040C
:103AF000092C00F2A48090FAA0F4B4FA84F490FAAD
:103B0000A0F5B5FA85F5013401260135A40605F0C6
:103B10001F0504F0F84406FA05F52C4390FAA0F0CE
:103B2000B0FA80F0304400F01F0000EB40000005C8
:103B30002043C60D02F11405C0F30450072406F01B
:103B4000040604FA00F7745924EA07048F6807FA98
:103B500000F02043705108687AE7D6684869C6F3D8
:103B60008206760000FA06F63DE7022003B0F0BDBB
:103B7000106E0C6800F0F840A506B0EB846F30D0F2
:103B8000506E00F0F840854226D0906E00F0F8406C
:103B900085422BD0D06E00F0F84085427FF442AFD2
:103BA000D06E20F00040D0663CE77608486906F009
:103BB000080600FA06F616E7800E441C04F01F06FD
:103BC000092E2DD8A406012004F0F844B040044387
:103BD00006EB46000005ABE7506E20F00040506653
:103BE000D3E7106E20F000401066C9E7906E20F019
:103BF00000409066CEE7264C2B4D04F58074A968F2
:103C000054F8F86CA468344301F0E076E44304F01F
:103C1000010448E75A6D012042F020025A651FE76F
:103C200006EB4600A50601241E3805F0F84504FA07
:103C300006F60005354340F00070284379E790FA16
:103C4000A0F5B5FA85F590FAA0F4B4FA84F401353C
:103C500001260134AD0604F01F0405F0F84506FA0C
:103C600004F4254390FAA0F4B4FA84F4344404F044
:103C70001F0404EB4404A4F11E00000540F0007092
:103C8000DBE700BF0010005CFFFF0F000000FF47F4
:103C9000002002400063025800600258000084CBFC
:103CA000000052C70000B8CF0023024008023FF5D1
:103CB000D1AE17498A427FF4CDAE164AA968126880
:103CC000154821F0E07192093143A0FB020241F452
:103CD00000019209A96052000192019A002A3FF462
:103CE000B9AE019A013A0192019A002AF9D1B1E6DE
:103CF00011F080707FF4AEAE05498A427FF4AAAE1F
:103D0000AA6822F0E072324342F08072AA60A7E60D
:103D10000060025844020024632D3E0503689A683F
:103D200012F0040F9A6870B5044603D1120701D44B
:103D3000002070BDDA68950104D5A08A40F2011216
:103D400090421AD002299A683ED0550708D59A6841
:103D5000900705D498682C4A024042F010029A60FD
:103D6000012919D09A68120702D59A68900732D5AE
:103D7000032914BF04260C260FE01A68500606D447
:103D8000224A01E0013A16D019684906FAD54022C4
:103D90001A609A68560725D40426FFF7CBFC05461F
:103DA00004E0FFF7C7FC431B052B04D823689B687E
:103DB0003342F6D1BCE7636D012043F01003636525
:103DC000A36D0343A36570BD150702D59A689207DA
:103DD00013D50826E1E798680B4A024042F020021A
:103DE0009A60C5E79A689607D6D499680426064A69
:103DF0000A4042F010029A60CFE79968024A0A40EE
:103E000042F020029A60E4E7C0FFFF7F00DC0C0074
:103E100003689A68D20701D5002070479968214A43
:103E2000114270B5044608D0636D012043F01003C1
:103E30006365A36D0343A36570BD99681A4A0A4080
:103E400042F001029A60FFF775FC2368174A0546A5
:103E500093421ED002F5807293421AD0144A92689F
:103E6000114E0AE09A68324042F001029A60FFF770
:103E700061FC401B0228D7D823681A68D2070FD4E8
:103E80009A68D107EED5FFF755FC401B0228F3D9FD
:103E9000CAE7084A9268D006E2D0074A9342DFD1C7
:103EA000002070BD3F000080C0FFFF7F0020024067
:103EB000006302580023024000210240394A03688F
:103EC000934270B5044646D002F58072934242D0C8
:103ED000354A96689D6815F0040542D194F8503033
:103EE000012B3ED00123204684F85030FFF790FF8D
:103EF000002838D1636D06F01F062C4A1A4023684B
:103F000042F4807262652A4A934245D01946626D36
:103F100022F480126265626D12F4805240D0A26D6C
:103F200022F00602A2651C228B421A604FF00002AA
:103F300084F8502020D0092E18D9636D43F48013E3
:103F40006365CB689B0105D5636D23F4405343F44F
:103F50008053636570BD174A96689D6815F0040527
:103F6000BCD0022070BD84F8505070BD40F22122B8
:103F700022FA06F6F507E0D5DA68920105D5626DFA
:103F800022F4405242F48052626599680A4A0A401B
:103F900042F004029A6070BD0249002EB7D0BAE721
:103FA000A265C0E70020024000630258FEF0FFFF58
:103FB0000021024000230240C0FFFF7F2DE9F041B5
:103FC0003A4D044600680F461646A84219D0384BB1
:103FD000984216D0374DAB688068420716D494F8E3
:103FE0005020012A12D003F01F080122B8F1090F56
:103FF00084F850200DD90023012084F85030BDE80A
:10400000F0812D4DAB6880684207E8D50220BDE8FD
:10401000F08140F2212323FA08F3DB4313EA02057F
:10402000E9D12046FFF7F4FE002839D1626D234B19
:104030002168134043F480736365B8F1000F02D028
:104040001B4B994203D0636D23F480136365636D4A
:1040500013F4805328D0A36D23F00603A365E06C0E
:104060003346174D3A464031C563164D0564164D2B
:10407000C5641C2541F8405C002584F8505051F877
:104080003C5C45F0100541F83C5C00F07DFE226888
:104090000E4B91680B4043F004039360BDE8F08140
:1040A00084F85050BDE8F081A365D8E700200240B5
:1040B000002102400063025800230240FEF0FFFF8F
:1040C000993800088D38000805390008C0FFFF7FC7
:1040D00038B503689A68910702D59B68002038BDFF
:1040E0009A68D20723D59A68044602F00D02012A85
:1040F00008D0636D012043F010036365A36D034393
:10410000A36538BD986803210A4A024042F00202C2
:104110009A601960FFF70EFB054604E0FFF70AFB03
:10412000401B0228E5D823689B68DB07F6D40020F3
:1041300038BD00BFC0FFFF7F90F85030012B1BD06F
:104140000123032110B580F850300446FFF7E6FD47
:1041500018B1002384F8503010BD2046FFF7B8FF97
:104160000028F6D1626D054B134043F001036365EF
:10417000002384F8503010BD02207047FEEEFFFF90
:1041800038B5574A04460368934226D002F5807238
:10419000934222D0534B9B6813F4403F22D001F04E
:1041A00047FF63680546B3F5003F00F08880B3F52C
:1041B000403F70D0B3F5803F00F08180FFF7D2FA26
:1041C00041F2030398422DD8474B9D425DD92268A6
:1041D000936843F48073936038BD444B9B6813F439
:1041E000403FDCD14FF4002002F0EEFF636805464B
:1041F000B3F5101F6DD008D8B3F5E01F55D01AD90C
:10420000B3F5001FDAD14509D8E7B3F5201F4AD02E
:10421000B3F5301FD2D1FFF7A5FA41F2030398425C
:1042200033D92D0A324B9D421DD82268936823F45E
:104230004073936038BDB3F5801F06D00AD9B3F53B
:10424000A01F02D0B3F5C01FB8D19B0C5B00B5FB1B
:10425000F3F5B3E7B3F5002FF7D023F40022B2F55E
:10426000802FF2D0AAE7234B234A2B4493421ED936
:10427000224B234A2B449342226893682BD823F481
:10428000407343F40073936038BD2268936823F44D
:104290008073936038BD8508FFF764FA41F2030329
:1042A0009842BFD890E7C50988E7050986E72268E4
:1042B000936823F4407343F48073936038BD1B0C00
:1042C000B5FBF3F5FFF74EFA41F203039842A9D884
:1042D0007AE7850972E743F44073936038BD00BF05
:1042E0000020024000630258002D310100230240EB
:1042F000105E5F00EFA1A0FF0F5E5F00DF4341FF94
:104300001FBCBE0030B5002383B00193002800F02D
:10431000D080456D0446002D00F0BA802268936875
:104320009B0003D59168714B0B4093609368DD004F
:1043300015D46F4B90686F491B6801406E489B090C
:1043400041F08051A0FB030391609B090193019B05
:104350002BB1019B013B0193019B002BF9D1936889
:10436000D80024D4636D012543F010036365A36D69
:104370002B43A365936813F0040F636D1DD1D90619
:104380001BD4636D23F4817343F002036365936868
:10439000DB0728D4594B9A4217D003F580739A4211
:1043A00013D0574B9B68D9071DD4564A15E0936824
:1043B000002513F0040F636DE1D0636D012543F018
:1043C00010032846636503B030BD4C4A4E4B9268DB
:1043D0009B681343D80706D44C4A9368616823F45A
:1043E0007C130B439360FFF7BDF941F20303A1680F
:1043F0009842237F52D894F815C01A04206B42EAE1
:104400004C3202430A43012B03D1236A013B42EAA7
:104410004342636A23B103F47873A16A0B431A43DE
:1044200023683B49D86801400A43DA609A6812F071
:10443000040F9A681CD112071AD4D868354A217D16
:10444000024042EA8132E16A0A43DA6094F8382095
:10445000012A3AD01A6922F001021A611A6920462B
:10446000616B22F070420A431A61FFF789FE2368EC
:10447000E268012A21D01A6B22F00F021A63636DE1
:10448000284623F0030343F00103636503B030BD06
:1044900004F06CFCA56584F850503FE71029AAD1C0
:1044A000617D1A0442EA4132216B0A4342F01C0248
:1044B000A9E70125284603B030BD196BA26921F098
:1044C0000F01013A0A431A63D9E7D4E910211869A8
:1044D0000A43114901400A43A16C0A43E16B42EAD5
:1044E000014242F001021A61B8E700BFC0FFFF5F5E
:1044F00044020024C0FFFF6F632D3E0500200240F0
:10450000006002580063025800210240002302406C
:1045100003C0F0FFFCBFFFFF1EF800FCF0B5002356
:1045200083B0019390F85030012B40D00123044612
:104530000E46154680F85030FFF7CAFDE8B9676DA2
:1045400005F080421B4B06F480311B4D3B401B4F56
:1045500043F00203636523689E68354015430D43AD
:1045600045F000459D609A68002A0FDB636D23F0DB
:10457000030343F00103636503E0636D43F010033D
:104580006365002384F8503003B0F0BD019A013216
:104590000192019ABA42E6D9636D0022012023F00C
:1045A000120384F8502043F010036365ECE7022007
:1045B00003B0F0BDFDEEFFFFC0FFFE3FFF955A5573
:1045C000F0B490F850200E68012A49D00346294AD9
:1045D00001201C6883F85000944208D05A6D0021D5
:1045E00042F0200283F850105A65F0BC7047224D0B
:1045F000AA6852070AD5A2685A6D012042F020022B
:104600005A65002283F85020F0BC7047A06810F073
:104610000400F1D1C6B1DFF868C04F68DCF80820AB
:1046200022F440423A43CCF80820A468AA68224306
:10463000D40713D48A68DCF8081016430F4A0A40DE
:104640001643CCF80860DCE70D498A6822F4404242
:104650008A60A068AA680243D00704D50020D0E78A
:104660000220F0BC70478C683046044A22408A60C1
:10467000C7E700BF0020024000210240E0F0FFFF3A
:104680000023024006494FF6FF0C0002054BCA68A2
:1046900000F4E06002EA0C0210430343CB60704771
:1046A00000ED00E00000FA051B4BDB68C3F30223BA
:1046B00000B5C3F1070E03F1040CBEF1040F28BFCF
:1046C0004FF0040EBCF1060F1AD9033B4FF0FF3C2C
:1046D0000CFA03FC22EA0C024FF0FF3C00280CFA13
:1046E0000EFC21EA0C0101FA03F141EA02010ADBA6
:1046F00009010A4BC9B2034483F800135DF804FBB7
:1047000000221346E8E700F00F000901044BC9B28C
:10471000034419765DF804FB00ED00E000E100E0E1
:10472000FCEC00E0002807DB00F01F01012340093A
:10473000024A8B4042F82030704700BF00E100E0A1
:1047400000280DDB4309012200F01F00054920333A
:1047500002FA00F041F82300BFF34F8FBFF36F8FD1
:10476000704700BF00E100E0431EB3F1807F0CD230
:104770004FF0E022002006494FF0F00C5361072370
:1047800081F823C09061136170470120704700BF1A
:1047900000ED00E0BFF35F8F044B00215A6A22F462
:1047A00080325A62C3F89410704700BF00ED00E0F9
:1047B000064B40F00100C3F894005A6A42F480327C
:1047C0005A62BFF34F8FBFF36F8F704700ED00E069
:1047D000174A4378C2F89830017821B3436800B58E
:1047E000C2F89C30C37A90F80CC01B0690F80FE01A
:1047F00043EA0C7390F80AC00B43817B43EACC4335
:1048000090F80DC043EA8C4390F809C043EA414355
:10481000017A43EA0E4343EA0C2343EA4103C2F818
:10482000A0305DF804FBC2F89C10C2F8A0107047DD
:1048300000ED00E0704700BF08B5FFF7FBFF08BDC3
:104840000268344B344930B4344D354CAA4218BF59
:104850009A420CBF012300238A4208BF43F00103A0
:104860003031A24208BF43F0010330348A4208BF0E
:1048700043F001033031A24208BF43F0010330345A
:104880008A4208BF43F0010301F55C71A24208BFF0
:1048900043F0010304F55C748A4208BF43F001034E
:1048A0003031A24208BF43F0010330348A4208BFCE
:1048B00043F001033031A24208BF43F0010330341A
:1048C0008A4208BF43F001033031A24208BF43F0DF
:1048D00001038A4208BF43F0010313B9114B9A4206
:1048E00013D1D3B21049114C103BA1FB03515F2BE4
:1048F0000F4BC1F3021103EA0203615C88BF04336A
:10490000C1658365184630BC704722F0FF0383659C
:10491000F8E700BF100002404000024028000240BB
:1049200058000240B8040240ABAAAAAA48530108A2
:1049300000FCFFFF0368294A294930B4294D2A4C5D
:10494000AB4218BF93420CBF012200228B4208BF2A
:1049500042F001022831A34208BF42F0010228348C
:104960008B4208BF42F001022831A34208BF42F047
:1049700001028B4208BF42F0010212B91B4A934266
:1049800013D1DBB21A4C1B4A0121083B1A4DA4FB80
:104990000343456602EB1312C3F30413920001FABA
:1049A00003F30266836630BC7047DAB21349144CD5
:1049B0001944103AA829A4FB02234FEA131300D884
:1049C0000833104A03F01F0501210F4C1A44A94077
:1049D0004466920081660266E5E700BF085402580B
:1049E000305402581C5402584454025894540258EB
:1049F000CDCCCCCC0096001680580258F0FBFDBF01
:104A0000ABAAAAAA008200108008024070B5044632
:104A1000FEF790FE002C00F0C68023680546954AFC
:104A2000934248D01832934245D0303292498B425B
:104A300018BF934201F130010CBF012200228B42CA
:104A400008BF42F0010218318B4208BF42F0010258
:104A500018318B4208BF42F0010218318B4208BF67
:104A600042F0010201F556718B4208BF42F001028B
:104A700018318B4208BF42F0010218318B4208BF47
:104A800042F0010218318B4208BF42F00102183196
:104A90008B4208BF42F0010218318B4208BF42F03E
:104AA000010218318B4208BF42F001021AB9734A61
:104AB000934240F0F5800222002184F8352084F8EA
:104AC00034101A6822F001021A6005E0FEF732FE87
:104AD000431B052B40D823681A68D107F6D4D4E9C4
:104AE000022521692A43A0691D680A4361690A43B6
:104AF000E16902430A4362492940256A2A430A437D
:104B0000616A04292FD01A605A6922F00702114302
:104B100059612046FFF794FEE26D3F2302F01F0229
:104B2000934083602046FFF705FFA368802B3CD0AD
:104B30006368A06EDAB2013BD4E91851072B2A60F2
:104B4000486026D90023C4E91B3363670020012392
:104B5000606584F8353070BD202203230120626532
:104B600084F8353070BDD4E90B5129430A431A60EB
:104B70005969A26A21F00701114341F00401002D97
:104B8000C6D000284FD1012A6ED032F00202BFD128
:104B900051E0501E072810D9626FD4E91B31002064
:104BA00018604A60D2E7012070BD0023A16ED4E9ED
:104BB0001802636003605160C4E72168314B324DD5
:104BC000A94218BF994205F114050CBF0123002327
:104BD000A94208BF43F001031435A94208BF43F0BE
:104BE00001031435A94208BF43F001031435A9425B
:104BF00008BF43F001031435A94208BF43F0010385
:104C00003BB9224B994204D0214B224913449B00CB
:104C100003E0214B214913449B0001228240C4E957
:104C20001B316267BBE7B0F5005F0ED0022A05D9E1
:104C3000032A7FF46DAFEA017FF56AAF01234022BA
:104C40001846626584F8353070BD032A3FF660AFC0
:104C500001A050F822F000BF3D4C0008374C00087E
:104C60003D4C0008694C0008B5F1C07F7FF450AF9F
:104C7000E4E700BF1000024040000240B8040240D8
:104C80003F8010FE085402581C5402589454025895
:104C90003F820010400902403F96001640590258DA
:104CA000324A33483349834218BF934200F1280007
:104CB0000CBF012200228B4208BF42F001022831C2
:104CC000834208BF42F0010228308B4208BF42F005
:104CD00001022831834208BF42F001028B4208BF23
:104CE00042F0010212B9244A934238D10222002133
:104CF000224D84F8341084F835201A681540A268D3
:104D0000402A2AD0802A0CBF4FF480400846266AE9
:104D1000D4E90312D20842EAD102616942EAD1021F
:104D2000A16942EAD102E16942EAD102144942EAA8
:104D3000161219442A4302431248A0FB01012046DF
:104D40001A600B099B00E365FFF77AFDE26D012312
:104D500002F01F0293404360E4E61020D7E74022B0
:104D600003230120626584F8353070BD0854025871
:104D70001C54025830540258945402580F00FEFF3D
:104D8000F8ABFDA7CDCCCCCC002800F0BC8084468D
:104D900090F83400012800F0B88001202DE9F0419E
:104DA0009CF835408CF83400844208D000224FF43F
:104DB00000638CF83420CCF85430BDE8F081022038
:104DC000DCF800507A4C8CF835000020794ECCF895
:104DD00054007948854218BFA54200F118000CBF65
:104DE00001240024854208BF44F0010418308542A4
:104DF00008BF44F001041830854208BF44F00104A4
:104E00001830854208BF44F0010400F55670854211
:104E100008BF44F001041830854208BF44F0010483
:104E20001830854208BF44F001041830854208BF9D
:104E300044F001041830854208BF44F001041830E2
:104E4000854208BF44F001041830854208BF44F091
:104E500001041830854208BF44F00104A0F59560B4
:104E6000B54218BF8542DCF86C600CBF0120002001
:104E700054EA0008286820F001002860DCF864008B
:104E8000DCF86840DCF85870446040D016B1DCE9CA
:104E90001C044460DCF85C004FF03F0E00F01F0083
:104EA0000EFA00F0B860286820F4802028606B605B
:104EB000DCF80830402B23D0A960EA602B6823F08F
:104EC0001E0343F016032B60DCF840301BB12B6847
:104ED00043F008032B60DCF860301A68D20303D576
:104EE0001A6842F480721A601EB1336843F480730A
:104EF00033602B68002043F001032B60BDE8F08194
:104F0000AA60E960DAE7012070470220704716B115
:104F1000DCE91C0444602948DFF8A8E0754518BFA7
:104F200085420EF1140E0CBF01200020754508BF0C
:104F300040F001000EF1140E754508BF40F001006D
:104F40000EF1140E754508BF40F001000EF1140E6D
:104F5000754508BF40F001000EF1140E754508BFFD
:104F600040F0010010B9164885420ED1DCF85C0013
:104F700000F01F0E012000FA0EF078606B60DCF884
:104F80000830402B10D0A960EA602B6823F00E0394
:104F900043F00A032B60DCF84030002B9BD02B68D9
:104FA00043F004032B6096E7AA60E960EDE700BFD9
:104FB00040000240280002405800024008540258B5
:104FC000945402581C54025800285FD038B590F809
:104FD00035200346022A55D10168444A914248D0FF
:104FE0001832914245D03032414C4248A14218BF5C
:104FF000914204F148040CBF01220022814208BF03
:1050000042F001023030A14208BF42F001023034C8
:10501000814208BF42F0010200F55C70A14208BF66
:1050200042F0010204F55C74814208BF42F00102C3
:105030003030A14208BF42F001023034814208BF43
:1050400042F001023030A14208BF42F00102303488
:10505000814208BF42F001023030A14208BF42F055
:105060000102814208BF42F0010212B9224A914274
:105070000ED10422002083F835200B6823F00103B1
:105080000B6038BD802201205A6538BD0120704771
:105090000A681C6E22F00E02D86D9D6D0A6000F049
:1050A0001F000A6822F001020A6001222168824082
:1050B00021F4807121606A60DA6ED3E919104860CA
:1050C00032B11168D3E91C0421F48071116044608D
:1050D000002401211A6D83F8344083F835101AB189
:1050E00018469047204638BD104638BD1000024093
:1050F0004000024070000240B80402402DE9F04335
:1051000000229C4B83B09C4E1D688146019203682F
:105110009A4A846D934218BFB342276808BF01269C
:10512000216818BF002645D018329548834218BF21
:10513000934200F118000CBF01220022834208BFF5
:1051400042F001021830834208BF42F001021830D9
:10515000834208BF42F001021830834208BF42F088
:10516000010200F55670834208BF42F00102183078
:10517000834208BF42F001021830834208BF42F068
:1051800001021830834208BF42F001021830834206
:1051900008BF42F001021830834208BF42F001020A
:1051A0001830834208BF42F001021AB9754A93428F
:1051B00040F05082D9F85C10082201F01F0C02FA6E
:1051C0000CF2174240F0888127FA0CF2D2070CD576
:1051D0005A69100609D5012202FA0CF2A260D9F828
:1051E000542042F00202C9F854204FF0040E0EFA87
:1051F0000CF038425BD0002E4FD1634ADFF880813B
:10520000434518BF934208F118080CBF0122002241
:10521000434508BF42F0010208F11808434508BFA2
:1052200042F0010208F11808434508BF42F00102AC
:1052300008F11808434508BF42F0010208F5567806
:10524000434508BF42F0010208F11808434508BF72
:1052500042F0010208F11808434508BF42F001027C
:1052600008F11808434508BF42F0010208F1180888
:10527000434508BF42F0010208F11808434508BF42
:1052800042F0010208F11808434508BF42F001024C
:105290001AB93C4A934240F019821A68920706D51F
:1052A000A060D9F8542042F00402C9F8542010221A
:1052B00002FA0CFC1CEA070F6CD0002E45D1324AD2
:1052C0002F4EB34218BF934206F118060CBF0122BD
:1052D0000022B34208BF42F001021836B34208BFB1
:1052E00042F001021836B34208BF42F001021836FC
:1052F000B34208BF42F0010206F55676B34208BF3A
:1053000042F001021836B34208BF42F001021836DB
:10531000B34208BF42F001021836B34208BF42F060
:1053200001021836B34208BF42F001021836B342F8
:1053300008BF42F001021836B34208BF42F0010232
:105340001AB9104A934240F0C9811A68100721D552
:10535000C4F808C01A68560300F14C811A68D205D7
:1053600003D41A6822F008021A60D9F840308BB1D1
:105370000CE000BF4402002410000240280002405C
:1053800058000240B8040240400002404846984796
:10539000D9F85C1001F01F0120268E403E4268D0F3
:1053A000D9F80020A54BA64FBA4218BF9A4207F180
:1053B00018070CBF01230023BA4208BF43F00103C2
:1053C0001837BA4208BF43F001031837BA4208BF82
:1053D00043F001031837BA4208BF43F001031837FE
:1053E000BA4208BF43F001031837BA4208BF43F07E
:1053F000010307F55677BA4208BF43F00103183797
:10540000BA4208BF43F001031837BA4208BF43F05D
:1054100001031837BA4208BF43F001031837BA42F4
:1054200008BF43F001031837BA4208BF43F0010335
:105430001837BA4208BF43F001031BB9814B9A42A7
:1054400040F062811368DB0613D5A66099F8353009
:10545000042B136800F0AE8013F4802F136800F063
:10546000D3801C0340F1DE80D9F83C300BB14846B4
:105470009847D9F85430002B00F0B980D9F854304F
:10548000D8071FD5D9F80020042189F835101368F2
:1054900023F0010313606C4BA3FB0535AD0A02E05A
:1054A0001368D90704D5019B0133AB420193F7D9A7
:1054B000002389F834301368DB074CBF0323012332
:1054C00089F83530D9F84C30002B00F090804846F0
:1054D00003B0BDE8F0431847186840070AD51868BC
:1054E00020F004001860A260D9F8542042F00102B4
:1054F000C9F8542027FA0CF2D2077FF576AE534A4A
:105500005348834218BF934200F130000CBF012280
:105510000022834208BF42F001021830834208BFD4
:1055200042F001021830834208BF42F001021830F5
:10553000834208BF42F0010200F55670834208BF63
:1055400042F001021830834208BF42F001021830D5
:10555000834208BF42F001021830834208BF42F084
:1055600001021830834208BF42F001021830834222
:1055700008BF42F001021830834208BF42F0010226
:105580001830834208BF42F00102002A7FF420AEA7
:10559000002E7FF41DAE1A68042202FA0CF23A4281
:1055A00040F09480102202FA0CFC17EA0C0F3FF432
:1055B000F1AE84E623F016031360536923F08003F1
:1055C0005361D9F840309BB3136823F0080313608C
:1055D0003F230025012203FA01F1D9F85030A160E0
:1055E00089F8345089F83520002B7FF470AF03B070
:1055F000BDE8F0831B6818037FF5B7AED9F84830D3
:10560000002B7FF4C3AEC5E613F480737FF42CAF98
:10561000116821F010011160012289F8343089F8F5
:10562000352021E7D9F84430002B7FF420AF20E764
:10563000D9F84830002BC7D1CAE700BF100002409C
:1056400028000240B8040240B5814E1B58000240B9
:10565000400002404E4A4F4DAB4218BF934205F105
:1056600014050CBF01220022AB4208BF42F0010228
:105670001435AB4208BF42F001021435AB4208BFFB
:1056800042F001021435AB4208BF42F0010214356A
:10569000AB4208BF42F0010212B93F4A9342A6D181
:1056A000D9F85C5004261A6805F01F05AE400E427A
:1056B00019D0570717D5100466604BD5D1034FD4C6
:1056C000D9F84830002B7FF402AF90E71A68102217
:1056D00002FA0CFC17EA0C0F3FF45CAE1A68520792
:1056E0007FF558AE34E60226AE400E4211D0970741
:1056F0000FD56660140439D5D00343D4D9F84430AB
:10570000002B7FF4E4AE72E713689F077FF5B1AE1C
:105710009BE60826AE400E423FF469AF11077FF5C5
:1057200066AF1A68002122F00E021A600123D9F830
:105730004C2003FA05F56560C9F8543089F8341037
:1057400089F83530002A3FF452AF484603B0BDE82F
:10575000F0431047920603D41A6822F004021A603C
:10576000D9F84030002B7FF4B2AE40E712F02002AF
:1057700008D11968012421F00A01196089F8342040
:1057800089F83540D9F83C30002B7FF4A0AE2EE7E5
:10579000085402581C54025894540258406D7047E3
:1057A000002800F0DE81F8B503680446D80730D53C
:1057B0009F490A69896A02F03802102A00F00081C4
:1057C000182A00F0F8806368B3F5803F00F020816C
:1057D000002B00F05E81B3F5A02F954B1A6800F006
:1057E0002F8222F480321A601A6822F480221A6012
:1057F000FDF7A0FF8E4E41F28837054605E0FDF724
:1058000099FF401BB84200F2428133689A03F6D5F3
:1058100023689D0700F18580D9062FD5844A136936
:10582000926A03F03803082B00F0DA80182B00F09E
:10583000D280E3697E4D002B00F065812B6843F038
:1058400080032B60FDF776FF064605E0FDF772FF4B
:10585000801B022800F21B812B68DB05F6D5FDF7C3
:1058600081FF41F20303984200F20B826B68226AC7
:1058700023F0F84343EA82636B6023681D0716D563
:1058800063696B4D002B00F01C816B6F43F00103CB
:105890006B67FDF74FFF064605E0FDF74BFF801BEA
:1058A000022800F2F4806B6F9807F6D523689A06F9
:1058B00016D5A3695E4D002B00F014812B6843F4CC
:1058C00080532B60FDF736FF064605E0FDF732FFFB
:1058D000801B022800F2DB802B689F04F6D523682A
:1058E000590700F19B80636ACBB1514D2A6902F0E0
:1058F0003802182A6DD0022B2B6823F080732B609E
:1059000000F03981FDF716FF044605E0FDF712FFB0
:10591000001B022800F2BB802B689B01F6D40020FC
:10592000F8BD434A1369926A13F0380329D1404BFA
:10593000E2681B68590701D5002A4AD03C4D2B6804
:1059400023F0190313432B60FDF7F4FE064605E030
:10595000FDF7F0FE801B022800F299802B685B07A0
:10596000F6D5FDF7FFFE41F20303226998426B680A
:1059700000F2F08023F47C3343EA02336B60236847
:105980004AE7182B00F0E280294DE2682B68002AD4
:1059900000F0CB8023F0190313432B60FDF7CAFE00
:1059A000064604E0FDF7C6FE801B02286FD82B6870
:1059B0005F07F7D5D5E701F0030102297FF403AFB4
:1059C0001B4A126891037FF524AF6268002A7FF4B6
:1059D00020AF0120F8BD02F00302012A7FF429AFB5
:1059E000134B1B68DA0502D5E369802BF1D1FDF773
:1059F000B9FE41F203030E4A9842216A00F2B380D5
:105A0000536823F0F84343EA81635360236835E722
:105A1000074A136843F480331360E9E6054D2B68A9
:105A200043F480732B60FDF785FE064609E000BF56
:105A30000044025800480258FDF77CFE801B642891
:105A400025D82B68DA05F7D5A368012B00F0228151
:105A5000002B00F0FD80052B954B1A6F00F0208184
:105A600022F001021A671A6F22F004021A67FDF78A
:105A700061FE8F4E41F28837054604E0FDF75AFE7D
:105A8000401BB84203D8336F9B07F7D52BE70320A1
:105A9000F8BD874D41F288372B6823F480332B60A3
:105AA0002B6823F480232B60FDF744FE064604E0B8
:105AB000FDF740FE801BB842E9D82B689B03F7D462
:105AC000A6E66B6F23F001036B67FDF733FE064616
:105AD00004E0FDF72FFE801B0228D8D86B6F9907D2
:105AE000F7D4E3E62B6823F480532B60FDF722FE06
:105AF000064604E0FDF71EFE801B0228C7D82B686F
:105B00009804F7D4EBE62B6823F080032B60FDF7B5
:105B100011FE064604E0FDF70DFE801B0228B6D8F4
:105B20002B68DF05F7D42368A8E623F001032B6078
:105B3000FDF700FE064604E0FDF7FCFD801B022891
:105B4000A5D82B685807F7D4236865E690077FF43B
:105B50001BAFECE623F0FE4343EA02636B6023686D
:105B60005AE601207047D36823F07C5343EA01636F
:105B7000D360236882E6FDF7DDFD064604E0FDF70D
:105B8000D9FD801B022882D82B689901F7D4A96A15
:105B9000484BA26A0B404849454E1343E26A43EA28
:105BA0000213AB62D4E90D32013B013A5B021204ED
:105BB0009BB202F4FE021343226B013AC2F30802C5
:105BC0001343E26B013A120602F0FE4213432B63C9
:105BD000EB6A23F00103EB626A6BA36C114041EAAC
:105BE000C3016963EB6A226C23F00C031343EB627D
:105BF000EB6A626C23F002031343EB62EB6A43F43B
:105C00008033EB62EB6A43F40033EB62EB6A43F4FC
:105C10008023EB62EB6A43F00103EB622B6843F0F5
:105C200080732B60FDF786FD044605E0FDF782FDDD
:105C3000001B02283FF62BAF33689A01F6D56EE6BB
:105C400042F480221A601A6842F480321A60CFE56A
:105C5000174D41F288372B6F23F001032B672B6F11
:105C600023F004032B67FDF765FD064605E0FDF70D
:105C700061FD801BB8423FF60AAF2B6F9807F6D440
:105C800031E6EB68226A23F07C5343EA0263EB605F
:105C90002368F3E5064A136F43F001031367E6E652
:105CA00042F004021A671A6F42F001021A67DEE638
:105CB000004402580CFCFFFF0700FFFF474A13692E
:105CC00003F03803102B04D0182B0DD01BB144481F
:105CD000704744487047136899064AD5136842488C
:105CE000C3F3C103D8407047936A30B4946AD56A4D
:105CF00014F47C7F516BC4F3051038D0C1F3CC0190
:105D000005F0010503F0030305FB01F1012B07EE8C
:105D1000901AB8EEE77A02D0022B2CD093B307EE9C
:105D2000900A9FED325AF8EEE77A136BC5EE276AB8
:105D3000DFED2F5AC3F3080307EE903AB7EE006A7F
:105D4000F8EEE77AE7EE257A77EE867A66EEA76ACE
:105D5000224B1B6BC3F34623013307EE903AB8EE98
:105D6000E77AC6EE877AFCEEE77A17EE900A30BC47
:105D700070471D48704707EE900A9FED1E5AF8EED7
:105D8000E77AD2E713689B0620D5146807EE900ADD
:105D90001549F7EE005A136BC4F3C104F8EEE77A25
:105DA0009FED135AC3F30803E14006EE903A06EE66
:105DB000101AF8EEE66AB8EEC66AE7EE056A86EEF5
:105DC000277A76EEA56A66EE876AC1E707EE900A43
:105DD0009FED095AF8EEE77AA7E700BF00440258A2
:105DE00000093D000024F4000090D0030024744A10
:105DF000000000390024744B0024744C002800F08B
:105E00000281874A136803F00F038B422DE9F041AA
:105E100004460D460CD2136823F00F030B431360A6
:105E2000136803F00F038B4202D00120BDE8F0811C
:105E300023685F070BD57B4920698A6902F07002ED
:105E4000904204D98A6922F0700202438A611E07D7
:105E50000BD574496069CA6902F07002904204D996
:105E6000CA6922F070020243CA61D8060BD56D4997
:105E7000A069CA6902F4E062904204D9CA6922F4B6
:105E8000E0620243CA6199060BD56649E0690A6A75
:105E900002F07002904204D90A6A22F070020243B2
:105EA0000A629A0740F1A1805E48E168826902F0C7
:105EB0000F02914204D9826922F00F020A438261E3
:105EC000D80730D5574AA168936923F470630B4310
:105ED000936161681368022900F09780032900F03C
:105EE0008E80012900F0978058079ED54D4E41F2D3
:105EF0008838336923F007030B433361FDF71AFC3D
:105F0000074605E0FDF716FCC01B404500F2818006
:105F10003369626803F03803B3EBC20FF2D1236830
:105F2000990706D5E1683F48826902F00F028A426C
:105F30005FD83B490A6802F00F02AA420AD90A68F0
:105F400022F00F022A430A600A6802F00F02AA42F6
:105F50007FF46BAF5A070BD5324920698A6902F08A
:105F60007002904204D28A6922F0700202438A6170
:105F70001F070BD52B496069CA6902F07002904275
:105F800004D2CA6922F070020243CA61DE060BD550
:105F90002449A069CA6902F4E062904204D2CA6945
:105FA00022F4E0620243CA619D060BD51D4AE169F5
:105FB000136A03F07003994204D2136A23F070034A
:105FC0000B431362FFF77AFE164A0346164892699E
:105FD0001649C2F30322825C0E2002F01F02D34056
:105FE000BDE8F0410B60FDF743BBDA073FF56AAF50
:105FF0009FE7826922F00F021143816199E79F01B7
:106000003FF574AF11E7012070479B033FF56EAF7A
:106010000BE703200AE7DE053FF568AF05E700BFA1
:106020000020005200440258005401084402002499
:1060300008B501F095F9064B06499B69064A03F03D
:106040000F03CB5C03F01F03D840106008BD00BFF6
:1060500000440258005401084802002410B501F021
:106060007FF90949094A8B69094C03F00F03D35C96
:1060700003F01F03D8402060CB69C3F30213D35C45
:1060800003F01F03D84010BD00440258005401081B
:106090004802002410B501F063F90949094A8B69E7
:1060A000094C03F00F03D35C03F01F03D8402060BA
:1060B000CB69C3F30223D35C03F01F03D84010BDA8
:1060C000004402580054010848020024F8B53A4C34
:1060D000A36A03F00303032B67D0236806460F4629
:1060E00023F080632360FDF725FB054604E0FDF700
:1060F00021FB431B022B56D823681A01F7D4A36A4D
:10610000326823F47C3343EA0233A362D6E90232D5
:10611000013B013A5B0212049BB202F4FE021343FC
:106120007268013AC2F3080213433269013A120657
:1061300002F0FE421343A363E36A726923F0C003D3
:106140001343E362E26AB36922F020021A431B4B55
:10615000E262E26A22F01002E262E16BF2690B4055
:1061600043EAC203E363E36A43F01003E362E36AD2
:10617000EFB1012F0CBF43F4801343F40013E3622B
:106180000D4C236843F080632360FDF7D3FA054686
:1061900004E0FDF7CFFA401B022804D823681B0156
:1061A000F7D50020F8BD0320F8BD0120F8BD43F469
:1061B0000023E362E4E700BF004402580700FFFF4A
:1061C000F8B53A4CA36A03F00303032B67D02368A6
:1061D00006460F4623F080532360FDF7ABFA0546D1
:1061E00004E0FDF7A7FA431B022B56D823689A0058
:1061F000F7D4A36A326823F07C7343EA0253A362A4
:10620000D6E90232013B013A5B0212049BB202F46E
:10621000FE0213437268013AC2F308021343326963
:10622000013A120602F0FE4213432364E36A7269E4
:1062300023F440631343E362E26AB36922F4007219
:106240001A431B4BE262E26A22F48072E262616CE2
:10625000F2690B4043EAC2036364E36A43F4807368
:10626000E362E36AEFB1012F0CBF43F4000343F094
:106270008073E3620D4C236843F080532360FDF785
:1062800059FA054604E0FDF755FA401B022804D8E8
:1062900023689B00F7D50020F8BD0320F8BD01203E
:1062A000F8BD43F48003E362E4E700BF0044025812
:1062B0000700FFFF2DE9F8430368044613F000666A
:1062C00022D0426EB2F5001F00F0CE8411D8002A11
:1062D00000F0F884B2F5801F40F0F1840221043010
:1062E000FFF7F4FE0646002E40F08684626E2368B7
:1062F00003E0B2F5401F40F0E284A8480026016D9B
:1063000021F440110A430265DD050AD5626D042AB5
:1063100006D8DFE812F0A20493049A04DF02DF0239
:106320000126354698051BD5A26D802A00F05B84B6
:1063300000F2EC80002A00F08B83402A40F0ED80D0
:106340000021201DFFF7C2FE23680546002D40F006
:1063500067839249A06D0A6D22F4E07202430A65D8
:1063600059051FD5D4F8A420B2F5800F00F047845A
:1063700000F2D680002A00F07183B2F5001F40F0D1
:10638000D7800021201DFFF7A1FE23680546002DC0
:1063900040F044838149D4F8A4008A6D22F460025D
:1063A00002438A651A051FD5D4F8A820B2F1007FF0
:1063B00000F02E8400F2BF80002A00F05583B2F175
:1063C000807F40F0C0800021201DFFF77FFE236802
:1063D0000546002D40F02A837049D4F8A8008A6D44
:1063E00022F0E06202438A659F0118D5A26C202A40
:1063F00000F0DA8300F2AA803AB1102A40F0A980B6
:106400006649CA6A42F40032CA62002D40F05983DC
:106410006249A06CCA6C22F030020243CA64D804FC
:106420001DD5E26DB2F5005F00F0FB8300F29480B1
:10643000002A00F01F83B2F5805F40F095800021B4
:10644000201DFFF743FE23680546002D40F0EC8237
:106450005249E06D0A6D22F4E04202430A65990454
:106460001AD5226EB2F5003F00F074837FD84AB18E
:10647000B2F5803F40F083800121201DFFF726FE0A
:1064800023680546002D40F01E834449206E0A6DA6
:1064900022F4E02202430A655A041BD5D4F8AC204A
:1064A000B2F1005F00F060836CD842B1B2F1805F5E
:1064B00070D10121201DFFF709FE23680546002D3C
:1064C00040F003833549D4F8AC008A6D22F0E042F5
:1064D00002438A651F040DD5E26EB2F1805F00F0C1
:1064E0003183B2F1005F00F00182002A00F00482E3
:1064F00001263546D8015DD5626C032A00F20A8474
:10650000DFE812F0540017034E005400C02A3FF495
:106510001DAFB2F5807F3FF419AF012635461FE766
:10652000B2F5C00F3FF433AFB2F5000F3FF42FAF19
:106530000126354636E7B2F1407F3FF44AAFB2F16B
:10654000806F3FF446AF012635464DE7302A3FF4D1
:106550005CAF0126354662E7B2F5405F3FF475AFA8
:10656000B2F5804F3FF471AF0126354677E722F44C
:106570008031B1F5802F85D0B2F5403F82D0012621
:10658000354689E722F08051B1F1804F97D0B2F1C2
:10659000405F94D0012635469CE700BF0044025876
:1065A0000221201DFFF792FD23680546002D00F013
:1065B0006B822E46590200F1F081DF072FD5A26FC2
:1065C000282A2AD8DFE812F0D3012900290029005F
:1065D00029002900290029006D032900290029002C
:1065E0002900290029002900CC01290029002900BF
:1065F0002900290029002900D301290029002900A8
:106600002900290029002900D30129002900290097
:106610002900290029002900D301012635469807C1
:1066200016D5626F052A00F27883DFE812F00D00BC
:10663000300306000D000D000D00012104F12400BF
:10664000FFF7BEFD23680546002D00F025822E468B
:10665000590717D5D4F89020052A00F26183DFE8A6
:1066600012F00D000C0306000D000D000D000121BD
:1066700004F12400FFF7A4FD23680546002D00F077
:1066800013822E469A061DD5D4F88C20B2F1005FF5
:1066900000F0458200F2DC804AB1B2F1805F40F048
:1066A000E1800021201DFFF711FD23680546002D24
:1066B00040F00582A949D4F88C004A6D22F0E042EE
:1066C00002434A655F061DD5D4F89820B2F5006FE5
:1066D00000F0548200F2C9804AB1B2F5806F40F0F8
:1066E000CE800021201DFFF7F1FC23680546002D18
:1066F00040F0C8819949D4F898008A6D22F4E0529C
:1067000002438A6518061DD5D4F89C20B2F5804F47
:1067100000F03F8200F2B6804AB1B2F5005F40F06F
:10672000BB800021201DFFF7D1FC23680546002D0A
:1067300040F0A6818949D4F89C008A6D22F4604219
:1067400002438A6519070BD5D4F88010B1F5805F34
:1067500000F03E828148426D22F440520A43426575
:10676000DA060BD5D4F89410B1F5807F00F02582BD
:106770007A48826D22F440720A4382651F030ED567
:10678000D4F8A010B1F5803F00F0D480B1F5003FFF
:1067900000F0D780002900F0BA8101263546580361
:1067A0000FD5D4F88420B2F5001F00F0B080B2F508
:1067B000401F00F0B380B2F5801F00F0A0810126D9
:1067C0003546D90309D5E26C002A00F08681B2F57E
:1067D000803F00F02D81012635469A0000F1D280DD
:1067E0009F035CD4301E18BF0120DE0206D55B4932
:1067F000256F0A6D22F000422A430A65DD0007D5A5
:106800005649D4F8B4500A6922F480422A430A61F6
:10681000990206D55149A56E0A6D22F080722A436D
:106820000A655A0009D54D4A116921F400411161E8
:106830001169D4F8B85029431161002B06DA474A90
:10684000216DD36C23F040530B43D364BDE8F88330
:1068500022F08051B1F1804F3FF429AFB2F1405F97
:106860003FF425AF012635462CE722F48061B1F5CF
:10687000805F3FF43CAFB2F5406F3FF438AF012684
:1068800035463FE722F40051B1F5004F3FF44FAFDA
:10689000B2F5C04F3FF44BAF0126354652E7E26FE9
:1068A000B2F5807F00F0228106D922F48071B1F523
:1068B000007F03D0012098E7002AFBD1002DF9D1F9
:1068C000264D301E696D18BF012021F440710A4326
:1068D0006A658AE73546002D40F0A4801F49606D47
:1068E0000A6D22F0070202430A651BE50121201D03
:1068F000FFF7ECFB23680546002D40F0DE801749CA
:10690000E06E0A6D22F0405202430A65F2E5012171
:1069100004F12400FFF754FC23680546002D40F0E5
:10692000DA800E49D4F884004A6D22F44012024302
:106930004A6546E7022104F12400FFF741FC236881
:106940000546002D40F0C5800449D4F8A0008A6DAA
:1069500022F4403202438A6521E700BF0044025816
:10696000012104F12400FFF72BFC23680546002DCC
:1069700040F0AD80AF49A06F4A6D22F0380202436B
:106980004A654CE6022104F12400FFF719FC236854
:1069900000283FF425AF012622E7A74F3B6843F4C8
:1069A00080733B60FCF7C6FE804606E0FCF7C2FE43
:1069B000A0EB0800642800F27E813B68DA05F5D57B
:1069C000002D40F0A4819B4AD4F8B030116F59409B
:1069D00011F4407F0BD0116F106F21F4407140F41F
:1069E00080301067106F20F4803010671167B3F5A6
:1069F000807F00F06E8103F44072B2F5407F00F0BA
:106A00007C818C490A6922F47C520A61894AC3F369
:106A10000B03116F0B4313672368CEE52E46C1E4C9
:106A20002E469DE42E467DE42E4618E52E46DBE4F8
:106A30000221201DFFF74AFB05462368002D53D194
:106A40007C49E06CCA6C22F480320243CA64C4E61A
:106A50007849CA6A42F40032CA6277E47549CA6A60
:106A600042F40032CA6292E47249CA6A42F40032C5
:106A7000CA62AEE46F49CA6A42F40032CA62E4E410
:106A80002E465FE62E463DE66A49606CCA6C22F0EF
:106A900003020243CA648DE56649606F4A6D22F0C5
:106AA000070202434A65D3E56249D4F890008A6D33
:106AB00022F0070202438A65E4E52E461AE52E46D7
:106AC00000E62E46ABE42E46E6E42E4602E52E46D0
:106AD000A5E52E4663E62E4673E65649CA6A42F499
:106AE0000032CA62002DABD02E4676E65148C16A0C
:106AF00041F40031C162002D7FF4DCAEE0E64D4987
:106B0000CA6A42F40032CA62002DE4D109E7201DAE
:106B1000FFF7DCFA05462368002DDAD114E70221DD
:106B200004F12400FFF74CFB05462368002DC6D175
:106B3000C0E54049CA6A42F40032CA62002D7FF4BF
:106B400038ADA1E73B49CA6A42F40032CA62002D5F
:106B5000B3D1D4E6012104F12400FFF731FB05464F
:106B60002368002DAFD190E4012104F12400FFF748
:106B700027FB05462368002DA7D1A3E4022104F1D9
:106B80002400FFF71DFB05462368002D7FF47AAF34
:106B9000B0E5022104F12400FFF712FB054623684B
:106BA000002D7FF46DAFC5E50221201DFFF78EFAA1
:106BB00005462368002D84D12AE4022104F1240033
:106BC000FFF7FEFA236800283FF4D8AD0126D5E58B
:106BD000022104F12400FFF7F3FA236800283FF4B0
:106BE000BFAD0126BCE5002104F12400FFF7E8FA5F
:106BF00023680546FFF7AABB2368FFF785BB002182
:106C000004F12400FFF7DCFA23680546FFF7BFBB59
:106C1000002104F12400FFF7D3FA23680546FFF7AB
:106C2000D8BB002104F12400FFF7CAFA2368054607
:106C30000BE400BF00440258004802580021201D08
:106C4000FFF744FA2368054645E6002104F12400D5
:106C5000FFF7B6FA236805463DE633493546CA6A6A
:106C600042F40032CA6236E602212430FFF7A8FA65
:106C70000646002E3FF43AABBEE70121201DFFF788
:106C800025FA05462368002D7FF4FBAC0CE70121B3
:106C9000201DFFF71BFA05462368002D7FF4D7ACB3
:106CA000FAE60121201DFFF711FA05462368002DA1
:106CB0007FF40DAF5EE60326236835467DE40126AA
:106CC000FFF722BB1848C16A41F40031C162FFF7E7
:106CD00014BBFCF72FFDDFF85080074641F28839DE
:106CE00004E0FCF727FDC01B4845E4D8D8F8703015
:106CF0009B07F6D5D4F8B0307DE60B480B4A016906
:106D000002EA131221F47C510A4302617EE62368F1
:106D10002E4652E4012635464CE40126354697E4DA
:106D200001263546AEE400BF00440258CFFFFF0005
:106D300008B5FFF77DF9054B054A1B6AC3F302133B
:106D4000D35C03F01F03D84008BD00BF00440258C5
:106D500000540108584B70B4996A9D6ADE6A15F4B4
:106D60007C3FC5F30532DC6B5CD0C4F3CC0406F089
:106D7000100601F0030106FB04F4012907EE904A16
:106D8000B8EEE77A03D0022975D000294FD007EE7C
:106D9000902ADFED4A6AF8EEE77A9B6B86EEA76AE7
:106DA0009FED475AC3F3080306EE903AF7EE005AF8
:106DB000F8EEE66AE7EE056A76EEA56A66EE266A02
:106DC0003D4AB7EE006A936BC3F3462307EE103AD1
:106DD000B8EEC77A70BC37EE067AC6EE877AFCEE5C
:106DE000E77AC0ED007A936BC3F3064307EE103ADF
:106DF000B8EEC77A37EE067AC6EE877AFCEEE77A07
:106E0000C0ED017A936BC3F3066307EE903AF8EE98
:106E1000E77A77EE867A86EEA77ABCEEC77A80EDBF
:106E2000027A704770BCC0E900228260704719681E
:106E3000890627D51C6807EE902A2249F7EE005AEA
:106E40009B6BC4F3C102F8EEE77A9FED1D5AC3F3C2
:106E50000803D14006EE903A06EE101AF8EEE66A04
:106E6000B8EEC66AE7EE056A86EE277A76EEA56A80
:106E700066EE876AA4E707EE902ADFED136AF8EE64
:106E8000E77A8AE707EE902A9FED105A9B6BB7EEE0
:106E9000006AF8EEE77ADFED0A5AC3F30803C5EE9D
:106EA000276A07EE903AF8EEE77AE7EE257A77EE72
:106EB000867A66EEA76A83E7004402580024744A83
:106EC000000000390090D0030024744B0024744C5F
:106ED000584B70B4996A9D6ADE6A15F07C7FC5F3E1
:106EE00005525C6C5CD0C4F3CC0406F4807601F0EF
:106EF000030106FB04F4012907EE904AB8EEE77A95
:106F000003D0022975D000294FD007EE902ADFED7B
:106F10004A6AF8EEE77A1B6C86EEA76A9FED475A3D
:106F2000C3F3080306EE903AF7EE005AF8EEE66A6D
:106F3000E7EE056A76EEA56A66EE266A3D4AB7EE8A
:106F4000006A136CC3F3462307EE103AB8EEC77A13
:106F500070BC37EE067AC6EE877AFCEEE77AC0EDB3
:106F6000007A136CC3F3064307EE103AB8EEC77A03
:106F700037EE067AC6EE877AFCEEE77AC0ED017A44
:106F8000136CC3F3066307EE903AF8EEE77A77EEF8
:106F9000867A86EEA77ABCEEC77A80ED027A7047D1
:106FA00070BCC0E90022826070471968890627D545
:106FB0001C6807EE902A2249F7EE005A1B6CC4F3B6
:106FC000C102F8EEE77A9FED1D5AC3F30803D140E2
:106FD00006EE903A06EE101AF8EEE66AB8EEC66AC9
:106FE000E7EE056A86EE277A76EEA56A66EE876A90
:106FF000A4E707EE902ADFED136AF8EEE77A8AE756
:1070000007EE902A9FED105A1B6CB7EE006AF8EE5F
:10701000E77ADFED0A5AC3F30803C5EE276A07EEE5
:10702000903AF8EEE77AE7EE257A77EE867A66EE22
:10703000A76A83E7004402580024744A000000391C
:107040000090D0030024744B0024744C584B70B44F
:10705000996A9D6ADE6A15F47C7FC5F305125C6B44
:107060005CD0C4F3CC0406F0010601F0030106FB7A
:1070700004F4012907EE904AB8EEE77A03D002291A
:1070800075D000294FD007EE902ADFED4A6AF8EE5E
:10709000E77A1B6B86EEA76A9FED475AC3F3080396
:1070A00006EE903AF7EE005AF8EEE66AE7EE056A69
:1070B00076EEA56A66EE266A3D4AB7EE006A136B65
:1070C000C3F3462307EE103AB8EEC77A70BC37EE2A
:1070D000067AC6EE877AFCEEE77AC0ED007A136B8B
:1070E000C3F3064307EE103AB8EEC77A37EE067AD6
:1070F000C6EE877AFCEEE77AC0ED017A136BC3F334
:10710000066307EE903AF8EEE77A77EE867A86EE37
:10711000A77ABCEEC77A80ED027A704770BCC0E9EE
:107120000022826070471968890627D51C6807EE1F
:10713000902A2249F7EE005A1B6BC4F3C102F8EE05
:10714000E77A9FED1D5AC3F30803D14006EE903A4B
:1071500006EE101AF8EEE66AB8EEC66AE7EE056AC1
:1071600086EE277A76EEA56A66EE876AA4E707EED2
:10717000902ADFED136AF8EEE77A8AE707EE902AA5
:107180009FED105A1B6BB7EE006AF8EEE77ADFED61
:107190000A5AC3F30803C5EE276A07EE903AF8EEE1
:1071A000E77AE7EE257A77EE867A66EEA76A83E7D6
:1071B000004402580024744A000000390090D003B3
:1071C0000024744B0024744CB0F5807F00B585B06A
:1071D00048D0B0F5007F11D0B0F5806F00F082800C
:1071E000B0F5006F52D0B0F5805F2CD0B0F5002F15
:1071F00000F09680002005B05DF804FB534A136D43
:1072000003F4E073802B59D012D9C02B26D0B3F5EC
:10721000807FEFD1D36C13F040535BD0B3F1805F2C
:1072200000F08D80B3F1005F494818BF0020E2E70D
:10723000002B3CD0402BDDD101A8FFF78BFD01983E
:1072400005B05DF804FB414A136D03F4E043B3F568
:10725000005F33D029D9B3F5405F58D13D4805B020
:107260005DF804FB394B1B6D03F00703042BC1D8F9
:1072700001A252F823F000BFAF7200083972000873
:10728000BD7200085D720008CB7200082F4A936D32
:1072900003F0E063B3F1007F10D01DD9B3F1407F5C
:1072A000DCD0B3F1806FB5D0A4E7002B34D101A8B6
:1072B000FFF7CCFE029805B05DF804FB01A8FFF7CC
:1072C00007FE019805B05DF804FB204BDB6C13F062
:1072D0004053A3D120488EE7002BE8D0B3F1807F44
:1072E000AAD087E7194A936D03F46003B3F5800FC2
:1072F000E4D005D8002BDAD0B3F5001F9CD079E795
:10730000B3F5C00FAAD0B3F5000F83D072E7B3F581
:10731000804F3FF47FAF6DE7B3F5805F8CD069E7B6
:107320000A4A936D03F44033B3F5803F09D0B3F5B7
:10733000003F3FF46FAF002B7FF45CAF7CE7074862
:1073400059E701A8FFF7C4FD039854E70044025829
:107350000024F4000080BB000090D00300093D0031
:1073600008B5FEF7ABFC064B06499B69064AC3F31A
:107370000323CB5C03F01F03D840106008BD00BF9F
:10738000004402580054010844020024084604F056
:1073900017B900BF143001F06DBA00BF38B500F165
:1073A000140504462DED028B284601F01FFA2846ED
:1073B00001F018FA2846B0EE408A01F001FAD0ED4B
:1073C000007AF8EE677A88EE277ABDEC028B84EDBE
:1073D0000E7A38BD143001F005BA00BF38B500F19F
:1073E000140504462DED028B284601F0EDF92846E0
:1073F00001F0F8F92846B0EE408A01F0E1F9D0ED4D
:10740000007AF8EE677A88EE277ABDEC028B84ED7D
:107410000E7A38BD253001F079BF00BF10B540F2BB
:1074200003338EB000244FF60B7240F20341ADF8E7
:10743000083009A80123ADF81020ADF82420224619
:10744000ADF80C100094029907940C94CDE9054412
:10745000CDE90A4401F082FD04A8012322460399E4
:10746000009401F07BFD09A801F05EFE10B9012037
:107470000EB010BD04A801F057FEA0420CBF0220C0
:1074800020460EB010BD00BF2DE9F04103239AB095
:10749000012700240646CDE914373B4BCDE91043C4
:1074A00040F20453CDE91647ADF84830FFF7B6FF78
:1074B000B842054625D0022845D040F60132334B6C
:1074C0000DF12C081894ADF82C200B981997CDF8D5
:1074D0004A3000F0E3F810A906F13C0002F060FE2B
:1074E000302003224FF07E5341460D930E93CDE999
:1074F0000B02F26B06F1140001F02AF91AB0BDE894
:10750000F0811023214A06A906908DF828300DF14C
:107510002C081F4BCDF84A2007930294CDE918049C
:10752000CDE9080402A802F071F80823029A03A921
:107530004046ADF80C508DF80E40049505930B9421
:1075400000F0ECF8C7E700200121104B0DF12C08EA
:107550003A460094CDF84A304FF60B730C94ADF8D0
:107560002C302346CDE9180140F601314046ADF8F4
:1075700018100699CDE90D4401F0F0FC2146404673
:1075800001F0DEFDA7E700BF0402040404060403C3
:107590000704010B2DE9F04704462DED028B82B064
:1075A00000294DD0012140F2011200230091ADF8D5
:1075B00004208DF80630364A0127364B04F10409C1
:1075C000354904F12908626040F20272A36040F676
:1075D0000663E16004F1250AA4F82520A4F8293007
:1075E000278284F8277084F82B7004F08BF9054605
:1075F00003F0E8FF6946064650BB4DB304F1300086
:107600008DF8067004F000F9072D3CD104F1140543
:107610002046FFF739FF284601F0E4F82846B0EE8F
:10762000408A01F0CDF8D0ED007AF8EE677A88EE66
:10763000277A84ED0E7A02B0BDEC028BBDE8F087AC
:1076400040F2011300918DF80610ADF80430B2E756
:1076500004F1300004F0D8F8072D11D04946204637
:1076600002F01EFA0EB9002DD0D1504601F072FD85
:10767000404601F06FFD04F1120000F079F9C5E712
:10768000002EF2D1C2E74946204602F009FABDE7D2
:107690000508050905070506050A060610B584B0A4
:1076A00003460124ADF8040003A8ADF80C30ADF892
:1076B0000E4001F04FFD214603A801F027FE2046B1
:1076C00003F07EFF002103A801F020FE204603F016
:1076D00077FF214603A801F019FE04B010BD00BFDA
:1076E00010B5C2F3002384B00C46017C8DF80D2048
:1076F00043EA4402FA2402238DF80C2003AA0094E2
:1077000002F01AF818B10124204604B010BD044656
:107710000A2003F055FF204604B010BD034670B5A3
:1077200043F8042B044684B007C983E80700A37913
:1077300083B91A210B461E22FA2523742046ADF880
:107740000C20022303AA009501F0F6FF28B10120C6
:1077500004B070BD1B210B46EDE70A2003F030FF9B
:107760004FF4B85200950223ADF80C20204603AA2E
:10777000217C01F0E1FF0028E9D10A2003F020FF7D
:1077800041F2027200950223ADF80C20204603AAB4
:10779000217C01F0D1FF0028D9D10A2003F010FF8D
:1077A000042200950223ADF80C20204603AA217C78
:1077B00001F0C2FF0028CAD10A2003F001FF06220F
:1077C00000950223ADF80C20204603AA217C01F08D
:1077D000B3FF0028BBD10A2003F0F2FE41F20822D9
:1077E00000950223ADF80C20204603AA217C01F06D
:1077F000A3FF0028ABD10A20064603F0E1FE009566
:10780000022303AA217C2046ADF80C6001F094FF0E
:1078100000289CD1304603F0D3FE009522790C233A
:107820002046002A8DF80C3003AA4FF0020314BF43
:10783000622142218DF80D10217C01F07DFF00288E
:1078400085D1304603F0BCFE2279D4E902310B43E6
:10785000DBB20AB943F0400362790AB143F0200376
:107860000E22FA258DF80D302046009502238DF862
:107870000C2003AA217C01F05FFF00287FF467AF92
:107880000A2003F09DFE102200950223ADF80C2083
:10789000204603AA217C01F04FFF00287FF457AF58
:1078A0000A2003F08DFE122100950223ADF80C1082
:1078B00003AA217C204601F03FFF00287FF447AF58
:1078C0000A2003F07DFE012209212046FFF708FF70
:1078D000003818BF01203BE7F0B5102387B0234CD8
:1078E000012200250126002702A920460195CDE9A5
:1078F00002234FF48052CDE9046707F0D5F86420E5
:10790000FBF71EFF02A94FF480522046CDE9046721
:1079100002261027CDE9026707F0C6F803221023DC
:1079200002A92046CDE9022300230422CDE9042345
:107930004FF4805207F0B8F840F23223042202A933
:10794000019310232046CDE90223019A01230592D9
:107950004FF48052049307F0A7F840F60601204642
:1079600007F0C2F8284607B0F0BD00BFF4F60024C7
:107970001C4B00221C494FF0400C30B5054689B025
:107980000220596007219A601A620124DA620A22F1
:107990004FF4006EDC6006922022CDE90001042045
:1079A0000821CDE9020103201021CDE904010820BE
:1079B0006946C3E904024FF4C072181DC3E906C248
:1079C0004FF48052C3E909E207F044F838B9284679
:1079D000FFF782FF003818BF012009B030BD2046F4
:1079E00009B030BDF0F6002440410052614A002148
:1079F000D0B513688EB00A91002B40F0B9805E4B71
:107A000001214FF683700C2411600221D3F8D42099
:107A10000026032742F48052C3F8D420D3F8D420A0
:107A200002F480520092009AD3F8E02042F0100253
:107A3000C3F8E020D3F8E02002F010020192019A8E
:107A4000D3F8E02042F04002C3F8E020D3F8E02071
:107A500002F040020292029AD3F8E02042F00802BB
:107A6000C3F8E020D3F8E02002F008020392039A62
:107A7000D3F8E02042F48072C3F8E020D3F8E0208D
:107A800002F480720492049AD3F8E02042F080025B
:107A9000C3F8E020D3F8E02002F080020592059AB6
:107AA000D3F8E02042F02002C3F8E020D3F8E02031
:107AB00002F020020692069AD3F8E02042F0040277
:107AC000C3F8E020D3F8E0300C9403F004030793EC
:107AD0000323079A0B93CDE9080108A9274804F06E
:107AE0004DF948F23712022308A925480C94CDE934
:107AF0000823CDE90A6704F041F94CF2037202232E
:107B000008A920480C94CDE90823CDE90A6704F0C0
:107B100035F940F2FF62022308A91B480C94CDE915
:107B20000823CDE90A6704F029F94FF60C72022305
:107B300008A916480C94CDE90823CDE90A6704F09A
:107B40001DF94FF63F02022308A911480C94CDE914
:107B50000823CDE90A6704F011F92022022308A9BD
:107B60000A480C94CDE90A67CDE9082304F006F928
:107B70000EB0D0BDECF600240044025800100258AC
:107B800000180258000C025800200258001C02582D
:107B9000001402582DE9F04FDFF8108406460D4618
:107BA000144608F118002DED028B89B000AF02F0E9
:107BB000EFFBD8F8183073B3D8F81C30D8F804901D
:107BC000002B43690BBF4FF0080A4FF0100A4FF02B
:107BD000020B4FF0040BB9F1000F2AD0A200EA46C5
:107BE000012B02F1070222F00702ADEB020D6846FD
:107BF000ADEB020D694600F03F81022B00F0D6800C
:107C0000002B6FD02246C847D5462437BD46BDEC71
:107C1000028BBDE8F08FD8F81C30002BF5D0D8F8D7
:107C200004904FF0080A4FF0020B4369B9F1000FBE
:107C3000D4D1FB61D8F80030BB61002BE5D0D5482A
:107C400002F018FC6B46BBF1020F786108EE103AA7
:107C5000FB6900F083816A465146A2EBC402954657
:107C60006200EA46B2FBFBF2AAEBC40085460AEBCF
:107C70008200EE46F861ADEB010DF8690EEB820C67
:107C8000C7F810C0EC46ADEB010D00EB8201CCF85B
:107C90000400CCF8081001EB82013869E946CCF801
:107CA0000C1000EB8201CCF800A001EB8202C9E9C4
:107CB00000E0C9E90212012B00F06483022B00F0FE
:107CC0006C82002B00F08081620849466046BB69E7
:107CD000984718EE103A24379D46BD46BDEC028BFE
:107CE000BDE8F08F002C8DD01A46D8ED0C6A9FEDC0
:107CF000B27A8446331D36F922E00CF1080C07EE07
:107D000090EA33F922E00232F8EEE77A944267EE25
:107D1000877A67EEA67A4CED027A07EE90EAF8EEE3
:107D2000E77A67EE877A67EEA67A4CED017AE2D8B9
:107D3000F9612246C847984ED8ED0D6A0020F969CE
:107D40002B1D9FED9E7A9FED9E6ADFED9E5A22E0ED
:107D5000F4EEC67AF1EE10FAC0F2C88447F6FE726D
:107D6000D1ED017A45F8202066EEA77AF4EEC77AC5
:107D7000F1EE10FA40F2F080F4EEC67AF1EE10FA6D
:107D8000C0F2D58447F6FE7243F820200230083155
:107D900084427FF639AFD1ED007A66EEA77AF4EE31
:107DA000C77AF1EE10FAD3D83246D9E7002C3FF467
:107DB00029AFD8ED0C6A84469FED787A0022331DF6
:107DC0008E4656F822100CF1080C07EE901A53F864
:107DD00022100232F8EEE77A944267EE877A67EE75
:107DE000A67A4CED027A07EE901AF8EEE77A67EE83
:107DF000877A67EEA67A4CED017AE2D87146224680
:107E0000C7F81CE0C847664ED8ED0D6A0020F96936
:107E10002B1D9FED6A7A9FED6A6ADFF894C120E01E
:107E2000F4EEC67AF1EE10FAC0F279843246D1ED62
:107E3000017A45F8202066EEA77AF4EEC77AF1EED3
:107E400010FA40F28780F4EEC67AF1EE10FAC0F232
:107E50005E84324643F820200230083184427FF6A7
:107E6000D3AED1ED007A66EEA77AF4EEC77AF1EEE2
:107E700010FAD5D86246DAE7002C3FF4C3AED8ED4D
:107E80000C6A86469FED477A4FF0000C331D56F87A
:107E90002C200EF1080E82F40002A2F5000207EE7B
:107EA000902A53F82C200CF1020CF8EEE77A82F4B9
:107EB00000026445A2F5000267EE877A67EEA67AB3
:107EC0004EED027A07EE902AF8EEE77A67EE877AAF
:107ED00067EEA67A4EED017AD9D8F9612246C847F5
:107EE000314ED8ED0D6A0020F9692B1D9FED337AD4
:107EF0009FED336ADFF8BCC01FE0F4EEC67AF1EE06
:107F000010FAC0F2FC833246D1ED017A45F8202008
:107F100066EEA77AF4EEC77AF1EE10FA18D9F4EE0D
:107F2000C67AF1EE10FAC0F2DA83324643F8202026
:107F30000230083184427FF667AED1ED007A66EEFA
:107F4000A77AF4EEC77AF1EE10FAD6D86246DBE7EC
:107F50006246EBE762467DE7324615E7A100D6466A
:107F60006208073121F00701ADEB010DEA46ADEBE8
:107F7000010D6946ADEB0E0D0AEB8200EC46ADEB50
:107F80000E0D01EB8202F861E946CCE900A0C9E9D7
:107F9000001290E644F700240280FFFF000000304A
:107FA0000082FF7F0000003482FF7F0028F700245A
:107FB000007E00807E0080FF0000003804FF7FBF4D
:107FC00004FF7F3F00FEFF46002C00F0C982BBF19A
:107FD000020FD8F8242000F0FA827969C7F80490DB
:107FE00002EB810E5FED0C5A8A00DCF808100EF1EE
:107FF00004007A611A46DCF80C303B61331DD7F877
:1080000010903D61FD69C7E902CB8C46834636F985
:108010002210D8ED0C7A06EE101A33F9221006EE73
:10802000901A3EF92210B8EEC66A07EE101AF8EE62
:10803000E66A3BF92210B8EEC77A26EE256A66EEAC
:10804000A56A27EE257A26EE276A66EEA76A27EE4E
:10805000277A07EE901A51080232F8EEE77A0AEB17
:108060008100944280ED006A05EB810067EEA57AFD
:10807000C0ED006A0CEB810009EB810180ED007A14
:1080800098ED0C7A67EE877AC1ED007ABFD8D7F801
:1080900004903D69D7E902CB60466208BB69494656
:1080A0009847D8F82C307A69D8ED0D6A1A441FED3C
:1080B0003D7A1FED3D6A2B1D904602F1040A5FEDEB
:1080C0003F5A0022A84ED9E900EC51E0F4EEC67AFE
:1080D000F1EE10FAC0F2C78247F6FE7045F82200B2
:1080E0000CEB0100D0ED007A66EEA77AF4EEC77AC9
:1080F000F1EE10FA4BD9F4EEC67AF1EE10FAC0F2B6
:10810000BA8247F6FE70BBF1020F43F822002BD073
:10811000D9F808000844D0ED007A66EEA77AF4EEAC
:10812000C77AF1EE10FA36D9F4EEC67AF1EE10FA0B
:10813000C0F2CD8247F6FE7048F82200D9F80C0054
:108140000144D1ED007A66EEA77AF4EEC77AF1EE3B
:1081500010FA1ED9F4EEC67AF1EE10FAC0F2AF8230
:1081600047F6FE714AF82210023294427FF6B1AD12
:1081700051080EEB81008900D0ED007A66EEA77AF7
:10818000F4EEC77AF1EE10FAA0D83046A6E73046F2
:10819000B9E73146E6E73046CEE7002C00F0E08153
:1081A000BBF1020FD8F8243000F0E1817A69DCF8E5
:1081B000081003EB820EC7F804909300DFED6B5AB2
:1081C0000EF1040000227B61DCF80C303B61331DB2
:1081D000D7F810903D61FD69C7E902CB8C46834614
:1081E00056F82210D8ED0C7A07EE101A53F8221028
:1081F000B8EEC76A07EE101A5EF82210F8EEC76AEA
:1082000007EE101A26EE256A5BF82210B8EEC77A40
:1082100066EEA56A26EE276A27EE257A66EEA76A3D
:1082200027EE277A07EE901A51080232F8EEE77A25
:108230000AEB8100944280ED006A05EB810067EE55
:10824000A57AC0ED006A0CEB810009EB810180ED9D
:10825000007A98ED0C7A67EE877AC1ED007ABFD884
:10826000D7F804903D69D7E902CB60466208BB6944
:1082700049469847D8F82C307A69D8ED0D6A1A44E7
:108280009FED3E7A9FED3E6A131D9246DFF8E4C0F3
:108290000022FB612B1D364ED9E9008E4EE0F4EE34
:1082A000C67AF1EE10FAC0F2FC81304645F82200A1
:1082B0000EEB0100D0ED007A66EEA77AF4EEC77AF5
:1082C000F1EE10FA49D9F4EEC67AF1EE10FAC0F2E6
:1082D000EF813046BBF1020F43F822002AD0D9F8D3
:1082E00008000844D0ED007A66EEA77AF4EEC77A6B
:1082F000F1EE10FA35D9F4EEC67AF1EE10FAC0F2CA
:10830000C98130464AF82200D9F80C000144D1ED69
:10831000007A66EEA77AF4EEC77AF1EE10FA1ED96B
:10832000F4EEC67AF1EE10FAC0F2AD813146F8698A
:1083300040F82210023294427FF6CBAC510808EB91
:1083400081008900D0ED007A66EEA77AF4EEC77A54
:10835000F1EE10FAA3D86046A8E76046BAE7614696
:10836000E5E76046CEE700BF0280FFFF0000003077
:108370000082FF7F007E00800000003404FF7FBF8A
:1083800004FF7F3F002C00F0EB807A690021D8F8D1
:108390002430C7F8109003EB820ED7F81C9093009E
:1083A000FD610EF104021FED0C6A7B61331D154661
:1083B00056F821204808D8ED0C6ABBF1020F82F470
:1083C0000002A2F5000207EE902A53F8212082F461
:1083D0000002B8EEE77AA2F5000227EE067A07EE71
:1083E000902A0AEB8002F8EEE77A27EE267A67EE0B
:1083F000867A82ED007A09EB80024FEA800067EE10
:10840000A67AC2ED007A27D05EF8212082F400021D
:10841000A2F5000207EE902A55F8212082F400020E
:10842000B8EEE77AA2F5000227EE067A07EE902A68
:10843000DCF80820F8EEE77A024427EE267A67EEA9
:10844000867A82ED007A98ED0C7ADCF80C2067EEE3
:10845000877A0244C2ED007A02318C42A8D8D7F85C
:10846000109060466208BB694946FD699847D8F894
:108470002C307A69D8ED0D6A1A441FED407A1FED51
:10848000406A131D9246DFF8C4C20022FB612B1D17
:10849000AB4ED9E9008E4EE0F4EEC67AF1EE10FA5A
:1084A000C0F2C580304645F822000EEB0100D0ED49
:1084B000007A66EEA77AF4EEC77AF1EE10FA49D99F
:1084C000F4EEC67AF1EE10FAC0F2BF803046BBF18E
:1084D000020F43F822002AD0D9F808000844D0ED52
:1084E000007A66EEA77AF4EEC77AF1EE10FA35D983
:1084F000F4EEC67AF1EE10FAC0F2AE8030464AF8D9
:108500002200D9F80C000144D1ED007A66EEA77A7A
:10851000F4EEC77AF1EE10FA1ED9F4EEC67AF1EE57
:1085200010FAC0F28B803146F86940F8221002320E
:1085300094427FF6CEAB510808EB81008900D0ED64
:10854000007A66EEA77AF4EEC77AF1EE10FAA3D8B5
:108550006046A8E76046BAE76146E5E76046CEE7D1
:10856000224649466046BB699847FFF7B2BBC7F849
:1085700010B0002298ED0C6A331DDFED726AD7F857
:108580001CB0786956F8221007EE901A53F82210A2
:10859000B8EEE77A07EE901A51080232F8EEE77A61
:1085A00027EE267A0AEB810E94420BEB810167EEEF
:1085B000A67A27EE067A67EE867A8EED007AC1ED0E
:1085C000007ADFD88300D7F810B07B614DE61A46F9
:1085D000C7F810B098ED0C6A331DDFED5B6AD7F871
:1085E0001CB0786936F9221007EE101A33F9221000
:1085F00007EE901AB8EEC77A51080232F8EEE77A21
:1086000027EE267A0AEB810E94420BEB810167EE8E
:10861000A67A27EE067A67EE867A8EED007AC1EDAD
:10862000007ADFD88300D7F810B07B6134E5F0EE34
:10863000675AFEEEE45A15EE900A34E7F0EE675AF8
:10864000FEEEE45A15EE901A6EE7F0EE675AFEEE73
:10865000E45A15EE900A3AE7F0EE675AFEEEE45A55
:1086600015EE900A4BE767EEA57AFDEEE77A17EE76
:10867000900A00B232E567EEA57AFDEEE77A17EED2
:10868000900A00B23FE5F0EE675AFEEEE05A15EEB2
:10869000901A4CE6F0EE675AFEEEE05A15EE900A9C
:1086A00030E6F0EE675AFEEEE05A15EE900AFDE570
:1086B000F0EE675AFEEEE05A15EE900A0AE667EE13
:1086C000A57AFDEEE77A17EE901A09B24AE567EE51
:1086D000A57AFDEEE77A17EE900A00B22CE5F0EEEF
:1086E000675AFEEEE45A15EE902A1FE467EEA57A6B
:1086F000FDEEE77A17EE902A12B2FFF731BBF0EEEB
:10870000675AFEEEE45A15EE902AFFF7FDBBF0EE35
:10871000675AFEEEE05A15EE902AFFF79BBBF0EE8B
:10872000675AFEEEE05A15EE902AFFF780BB67EE1F
:10873000A57AFDEEE77A17EE902A12B2FFF724BB76
:1087400082FF7F0000000030000000387E0080FFC4
:1087500030B5184C154685B0046004F1080EEC469F
:108760000FC98EE80F00D4ED047AF5EEC07A8CE8DC
:108770000F00F1EE10FA1ADDB7EE006A94ED057AFB
:1087800027EE277AC6EE276A84ED0D7AC4ED0C6ACF
:108790006DB1204640F8185F01F0FAFD0649036903
:1087A0000020064A2162A262E36005B030BD0120CC
:1087B00005B030BD28F70024002000300000003054
:1087C00000680830704700BFB1F5807F03680A4633
:1087D00028BF4FF48072B1F5807F9A6094BF00206B
:1087E000012070470068183001F032BE70B504688F
:1087F0008AB0A369E160CBB104F11805284601F005
:10880000C7FD8446EE46E668BCE80F00AEE80F0000
:10881000BCE80F00AEE80F009CE803008EE8030000
:1088200069462846049601F0BBFCF8B9E069D8B166
:1088300004F11C05284601F0ABFD8446EE46E468D1
:10884000BCE80F00AEE80F00BCE80F00AEE80F0078
:108850009CE803008EE8030069462846049401F072
:108860009FFC003818BF01200AB070BD01200AB07B
:1088700070BD00BF30B5046883B00D46E3694BB1ED
:10888000A3680020E26A616A9B00009004F11C006A
:1088900001F080FDA3680748A26A9B00216A00904E
:1088A00004F1180001F076FD0020C4E9005003B087
:1088B00030BD00BF957B000810B4074B4FF07E51D0
:1088C00030240022032019619C60D8605DF8044BBD
:1088D0005961C3E90622704728F7002400B583B028
:1088E0004FF0000E4FF0030C4274ADF80410BDF8C9
:1088F000043080F810E0A0F802C0038003B05DF8F7
:1089000004FB00BF2DE9F04FDFF81C8300258DB07C
:10891000C04C037008F140034260074601920E46C6
:10892000202229464046C4F86831C4F86481CDE964
:108930000255CDE90455CDE90655CDE90855CDE9F7
:108940000A550BF0E7FE2022294604F5A170C4F871
:108950003151C4F83551C4F83951C4F83D510BF0C8
:10896000D9FE019B84F8485284F830317A68002A95
:108970006AD02B4604F59871454606F1100A9E46CA
:10898000F01856F803B0E2180EF1010ED0F80CC042
:10899000D0F80490D0F8088044F803B0C2F80CC0B6
:1089A0004FF0000CC2F80490C2F80880008A25F845
:1089B00002CB10821AF8032001F8012F002A70D090
:1089C0007A684FF001001233724584F84802D7D814
:1089D0004FF4802290489DF8043008214FF00008A1
:1089E0004FF00009C4F884310023C4E95B0201227E
:1089F000C4F8743184F88031C4E95E2194F84812D7
:108A0000C4E96489A9B3C4F89821002284F88131AB
:108A100084F888313B78C4E96722002B38D00122E2
:108A200000200121013B84F8A421C4E96C01082B3A
:108A300030D8DFE813F0BD00C200C700CC00D10081
:108A4000D600DB00E100E8009DF804300121C4F805
:108A50007421C4F884314FF4802384F880216E4A55
:108A6000C4E95B2308230022C4E95E130023C4E9A0
:108A700064230123002284F88131002384F88831A3
:108A80000323C4F898313B78C4E96722002BC6D190
:108A900084F8A4316148FBF735FC034638B1FFBECA
:108AA000FEE77A68123372453FF66AAF90E702A993
:108AB0005A480293FBF784FD8246002876D10422AF
:108AC00040F2FF710A90CDE9081294F83021002A93
:108AD00000F0F3804FF006080AEBCA034FEACA0918
:108AE00004EB43035B7C072B07D8DFE803F0595CFA
:108AF0005653504D4A04072307930FFA8AF6D14480
:108B000006EBC60604EB490904EB46077500384638
:108B100000F020FB99F81030042B00F3AA80022B00
:108B200000F3BD8000F0B98004EB0A03002283F853
:108B3000202114F81630002B78D0022B00F08A8008
:108B4000012B40F0B2807B78012B00F0B080002B2D
:108B5000334B18BF002305A93048CDE90538FAF793
:108B6000DFFE002840F0AC800AF1010A94F83031B1
:108B70005FFA8AFA534540F2A0802A4B53F82A80C4
:108B8000AAE706230793B8E705230793B5E704236D
:108B90000793B2E703230793AFE702230793ACE7FA
:108BA00000230793A9E701230793A6E7FFBEFEE78B
:108BB00003224023C4E96A236CE707226023C4E947
:108BC0006A2367E70F228023C4E96A2362E71F2232
:108BD000A023C4E96A235DE73F22C023C4E96A23D6
:108BE00058E77F22E023C4E96A2353E7FF224FF4CA
:108BF0008073C4E96A234DE740F2FF124FF490738B
:108C0000C4E96A2346E740F2FF324FF4A073C4E997
:108C10006A233FE760F7002400200240CCF80024DC
:108C20000002B02550530108004000307B78062B2D
:108C300037D0072B3DD0022B4AD0032B4AD0002B34
:108C40004CD0012B48D0042B4AD0052B254B18BF04
:108C5000002380E77B78042B25D0052B2BD08BB30A
:108C6000012B31D0022B31D0032B1F4B18BF002317
:108C700071E70323043504EB0A0B4FF00009254488
:108C80008BF82031284609F1010900F063FA9BF8BE
:108C9000203104354B45F5DC4BE70123EAE702239D
:108CA000E8E7124B57E7124B55E7002353E7114B08
:108CB00051E7114B4FE7114B4DE70DB0BDE8F08F79
:108CC000FFBEFEE70E4B46E70E4B44E70E4B42E776
:108CD0000E4B40E70E4B3EE70E4B3CE70E4B3AE7A0
:108CE0000E4B38E70000B84F002090360800900C7B
:108CF0001000C0102000F0148000501D00018021E1
:108D00000004002A0008302E001060320040C03AF3
:108D10000080F03E00005247000021430000844BD9
:108D200038B5094C40F2FF724FF0011104F5B675E9
:108D30002846FBF7F3FB94F83021D4F86411284659
:108D4000BDE83840FBF73AB960F70024064B0F291D
:108D5000D3F8643198BF03EB41031B8800EE103A4F
:108D6000BBEEC80A704700BF60F70024214B0268C1
:108D70009A4200D07047204A00232048D2F8D810E9
:108D800030B51F4C41F0200183B0C4F8D001092058
:108D900004F5E875C4E975034FF48060C2F8D81093
:108DA000D2F8D8204FF40061C4E9773094F8480233
:108DB00002F02002C4F8E4114FF4005198420192ED
:108DC0002846C4F8E811C4E97C33019B14BF002392
:108DD0004FF48073C4F8EC31FBF718FE08B1FFBE06
:108DE000FEE704F5B673C4F8B851C4F8083203B00E
:108DF00030BD00BF00200240004402584000024045
:108E000060F700240148FCF779B900BF30F900246D
:108E100002682DE9F84F4B4B9A4201D0BDE8F88F1C
:108E2000494D95F84832002BF8D095F83031002B99
:108E300077D0002405F10C0905F5A17605F59877A2
:108E4000A04613E003F0010117F811BCA9F10800D6
:108E500000F05CFABBF1010F25D895F830310134F0
:108E600009F112090236A2B293422BD917F8012F49
:108E7000002AF4D0D5F864310021327833F8140098
:108E8000D5F8683103EB041323F81200338801335B
:108E90009BB233805FFA83FA3A789A42D2D88A46F4
:108EA000A6F80080D0E7CAF34001A9F1040000F061
:108EB0002DFABBF1020FCAF38001CED0484600F074
:108EC00025FACAE7002395F848022049092298426A
:108ED000C5F8D8314FF48060C5F8D011C5F8D42159
:108EE0004FF400614FF40052C5F8DC3108BF4FF475
:108EF0008073C5F8E821C5E9780100221448C5E966
:108F00007B32C5F8F421FBF781FD08B1FFBEFEE717
:108F100095F83021D5F864110E48BDE8F84FFBF7FD
:108F20004DB80A4909224FF48060C5F8D831C5E927
:108F300074124FF400614FF40052C5E97730C5E96F
:108F40007912DAE70020024060F700244000024076
:108F500030F90024CCF80024704700BF10B592B05F
:108F6000ADF804100180C9B2149C0B29C460C0E99B
:108F700001233FD090F801C0BCF10F0F3AD8022A6C
:108F80003FD0032A02D0012A00D000220E92012BEA
:108F900002D0022B18BF0023022C0F932CD0032CDD
:108FA0002AD0012C28D000230A29109327D85C4A04
:108FB00002EB812202610A2914D8DFE801F0A395AF
:108FC00087796B5D4F4133250600564BD3F8E0108F
:108FD00041F48061C3F8E010D3F8E03003F480631B
:108FE0000C930C9B01230DA9104603FA0CF30D936F
:108FF00002F0C4FE12B010BD0A291094D7D9002285
:10900000D8E711220E92C2E7464BD3F8E01041F4A4
:109010000071C3F8E010D3F8E03003F400730B9351
:109020000B9BDFE73F4BD3F8E01041F48071C3F8AE
:10903000E010D3F8E03003F480730A930A9BD1E781
:10904000384BD3F8E01041F08001C3F8E010D3F8BA
:10905000E03003F080030993099BC3E7314BD3F859
:10906000E01041F04001C3F8E010D3F8E03003F025
:1090700040030893089BB5E72A4BD3F8E01041F072
:109080002001C3F8E010D3F8E03003F02003079389
:10909000079BA7E7234BD3F8E01041F01001C3F87A
:1090A000E010D3F8E03003F010030693069B99E735
:1090B0001C4BD3F8E01041F00801C3F8E010D3F8DE
:1090C000E03003F008030593059B8BE7154BD3F8BD
:1090D000E01041F00401C3F8E010D3F8E03003F0F1
:1090E00004030493049B7DE70E4BD3F8E01041F09A
:1090F0000201C3F8E010D3F8E03003F00203039359
:10910000039B6FE7074BD3F8E01041F00101C3F870
:10911000E010D3F8E03003F001030293029B61E713
:10912000000002580044025808B501214378006944
:10913000994089B203F02AF8003818BF012008BD11
:1091400001230A464178006903FA01F189B203F06C
:1091500023B800BF8378022B30B504468FB037D0D8
:10916000032B33D0012B31D000230A93E378012B5A
:109170002AD0022B28D000230B93002320460C93E7
:1091800002F044FD0546204602F048FD2378099090
:10919000082B13D8DFE803F01F3245586B7E91A4EB
:1091A0000500594BD3F8E02042F48072C3F8E02068
:1091B000D3F8E03003F480730893089B09A928468C
:1091C00002F0DCFD0FB030BD0B93D6E70A93CDE77C
:1091D00011230A93CAE74C4B09A92846D3F8E0208B
:1091E00042F00102C3F8E020D3F8E03003F00103BD
:1091F0000093009B02F0C2FD0FB030BD424B09A9A5
:109200002846D3F8E02042F00202C3F8E020D3F869
:10921000E03003F002030193019B02F0AFFD0FB0B9
:1092200030BD394B09A92846D3F8E02042F00402AA
:10923000C3F8E020D3F8E03003F004030293029B6C
:1092400002F09CFD0FB030BD2F4B09A92846D3F882
:10925000E02042F00802C3F8E020D3F8E03003F049
:1092600008030393039B02F089FD0FB030BD264B2A
:1092700009A92846D3F8E02042F01002C3F8E02004
:10928000D3F8E03003F010030493049B02F076FD62
:109290000FB030BD1C4B09A92846D3F8E02042F09E
:1092A0002002C3F8E020D3F8E03003F02003059358
:1092B000059B02F063FD0FB030BD134B09A9284692
:1092C000D3F8E02042F04002C3F8E020D3F8E030C9
:1092D00003F040030693069B02F050FD0FB030BD33
:1092E000094B09A92846D3F8E02042F08002C3F8D0
:1092F000E020D3F8E03003F080030793079B02F0EF
:109300003DFD0FB030BD00BF0044025870B50646A9
:109310000D4602F07BFC0446304602F07FFC2A1E1C
:109320000146204618BF0122BDE8704002F034BF5C
:109330000023122270B586B0CDE90223049303689E
:10934000032B01D804230593061D841D304602F02B
:109350005DFC0546304602F061FC034601A9284643
:10936000019302F00BFD204602F050FC034620461C
:109370001C4602F053FC01A903462046019302F06B
:10938000FDFC06B070BD00BF634A0368934210B590
:109390008CB028D0614A934258D0614A934200F081
:1093A0009480604A934201D00CB010BD5E4C5F487F
:1093B000D4F8E03043F00203C4F8E030D4F8E030F1
:1093C00003F002030A930A9BFFF7B2FFD4F8F430CC
:1093D00043F08003C4F8F430D4F8F43003F0800391
:1093E0000B930B9BE0E7504C5148D4F8E03043F02E
:1093F0000203C4F8E030D4F8E03003F00203019334
:10940000019BFFF795FFD4F8E83000221F2043F4BA
:1094100000131146C4F8E830D4F8E83003F4001320
:109420000293029BD4F8D83043F00103C4F8D8303B
:10943000D4F8D83003F001030393039BFBF734F90E
:109440001F200CB0BDE81040FBF76CB9364C394812
:10945000D4F8E03043F08003C4F8E030D4F8E030D2
:1094600003F080030493049BD4F8E03043F002033C
:10947000C4F8E030D4F8E03003F002030593059B14
:10948000FFF756FFD4F8E8300022212043F4800390
:109490001146C4F8E830D4F8E83003F480030693AA
:1094A000069BD4F8D83043F00103C4F8D830D4F880
:1094B000D83003F001030793079BFBF7F5F8212051
:1094C0000CB0BDE81040FBF72DB91B48FFF730FF8B
:1094D000154B00224820D3F8E840114644F400041C
:1094E000C3F8E840D3F8E84004F400040894089C6A
:1094F000D3F8D84044F00104C3F8D840D3F8D830AA
:1095000003F001030993099BFBF7CEF848200CB048
:10951000BDE81040FBF706B9005400400058004079
:10952000005C0040001C00580044025838FC002435
:10953000B0F9002488FA002460FB00242DE9F043F0
:109540001A4B87B000254FF010099E46EC46184B89
:10955000FF22E04667461A700EF118060EF130043D
:10956000CDE90055CDE90255ADF80090BCE80F00FB
:10957000CDE90455AEE80F009CE803000095ADF876
:1095800000908EE80300B8E80F000FC69CE80300C7
:109590000095ADF8009086E803000FCF0FC49CE85B
:1095A000030084E8030007B0BDE8F0830C0000244A
:1095B000ACF9002410B5EFF3108472B6084B1A789A
:1095C000120602D504B962B610BD1B78D822054830
:1095D0005BB202FB03001430FBF790FDF2E700BF23
:1095E000ACF90024B0F90024014803F06DBC00BFC1
:1095F0003CFA0024014803F067BC00BF14FB0024C0
:10960000014803F061BC00BFECFB00242DE9F043EE
:109610000F68D8243F4D85B007FB04F4032F05EBFA
:109620000403036040DCCB680E46012B3CD84DD0D0
:109630004FF0D808B646DFF8FC9008FB0758BEE8A4
:109640000F00C446ACE80F00DEF800300DF1100E3C
:10965000CCF80030D8F808C099E80F000EE90F00E8
:109660000EEB8703BCF1010F53F8103CC8F88C30A7
:1096700031D0BCF1020F42D0BCF1000F35D0317CAB
:109680008C34D823002201202C4403FB07534900CB
:10969000C3E92602C3F894102046C3E92822C3E98F
:1096A0002A2203F003FA18B1012005B0BDE8F083C7
:1096B0000146204603F014FC0028F5D1014620465F
:1096C00003F038FC003818BF0120EEE70B7C103B9C
:1096D000672BADD9E8E702F00DF90F4B98420CBFAC
:1096E0000E4B0F4BC8F89030C9E702F003F90A4B54
:1096F00098420CBF0B4B0C4BC8F89030BFE702F000
:10970000F9F8054B98420CBF084B094BC8F890304C
:10971000B5E700BFB0F90024000E27072D0FB030C9
:109720003211D0205F4390608A62E030200BA0109D
:109730001A098010A45001082DE9F041D0F80080EA
:1097400082B00D4617461E4608F18C04204603F0F1
:10975000C3FB2028FAD1D8F80C3073B96D0020462D
:10976000089C33463A46A9B2009403F0F5F9003854
:1097700018BF012002B0BDE8F081089B324639468F
:10978000204603F0BDFAF2E7044B10221A7483F866
:10979000E82083F8C02183F898227047B0F90024AC
:1097A00030B5002395B04FF48071062204460B9328
:1097B00006921393CDE90C13CDE90E33CDE91133A5
:1097C00002F0A0F807282BD004F1100541F28832EE
:1097D00006A9284604F0C0F928B10123184684F8E8
:1097E0005C3015B030BD0222022306A92846CDE91F
:1097F000002310220123CDE9022300224FF480032D
:10980000CDE9042305224FF0807306926A460F9338
:1098100041F2883304F00CFB0028DED115B030BDD6
:109820000323012084F85C3015B030BD0000000037
:1098300070B50023A4B04FF080724FF480750446D9
:10984000ADF806300D93CDE910320122CDE90E536B
:10985000CDE91223CDE91433002943D0F02300F1E0
:10986000100508AEADF80630C02341F2883231460B
:109870002846089304F070F928B10123184684F8AB
:109880005C3024B070BD41F288320DF106012846EB
:1098900004F0CCF903460028EFD105224FF4807183
:1098A0001E93284616924FF080721B9321931F92AD
:1098B00002AA9FED1F7BCDE91C13CDE922338DED6C
:1098C000027B9FED1D7B41F2883316A98DED047B51
:1098D0009FED1B7B8DED067B04F0AAFA0028CCD10E
:1098E00024B070BD00F1100508AE612341F288324A
:1098F00031462846089304F02FF90028BDD141F2E3
:1099000088320DF10601284604F00EFA0028B4D181
:10991000BDF80630204623F0780343F04003ADF84D
:109920000630FFF73DFF00289ED0A6E7AFF300808A
:109930000000000001000000100000000100000015
:1099400000000000000040002DE9F04F00234FF41C
:10995000807501264FF0807804462DED028BABB068
:109960008DF8073013932193299314950E96CDF813
:109970005C80CDE91533CDE91863CDE91A33CDE923
:109980002253CDE92433CDE9273306231C9301F07C
:10999000B9FF072808D004F1100741F288321CA94A
:1099A000384604F0D9F840B10123184684F85C30F9
:1099B0002BB0BDEC028BBDE8F08F4FF0020A4FF0E8
:1099C000020B4FF0050941F2883308AA1CA938465A
:1099D000CDF89480CDF870909FED2D8BCDE908AB3C
:1099E0004FF0000A4FF4800B8DED0A8BCDE90CABE4
:1099F00004F01EFA0028D7D141F2883238460EA969
:109A000004F0AAF80028CFD1402341F288320DF1AA
:109A1000070138468DF8073004F008F90028C3D153
:109A200041F288330EA902AA3846CDF83890CDF815
:109A30005C809FED197B8DED048BCDE906AB8DED40
:109A4000027B04F0F5F903460028ADD1CDF8709003
:109A50004FF00109CDF894804FF00008219308AA37
:109A600029931CA938462295CDE92333CDE9273324
:109A700041F288338DED0A8BCDE90CABCDE9088935
:109A800004F0D6F9002893D0304684F85C608FE764
:109A90001000000001000000400000004000000035
:109AA0002DE9F043624CA3B00D46046001F02AFF9B
:109AB000072800F0A980286823466968AA6807C3B8
:109AC0001E46AB8926F8043B3046257B677B04F0B5
:109AD00025F8E0B9574B012D4FF00108E0612361F3
:109AE00014BF4FF480134FF40003C4E9058893FAC0
:109AF000A3F3B3FA83F34FF48079013BC4F82490C5
:109B0000C4E90B003046236203F09CFF38B1012208
:109B1000134684F85C20184623B0BDE8F083662322
:109B20000B90139041F2883206A90693CDE90C9070
:109B3000CDE90E00CDE91100304604F00DF8002803
:109B4000E5D1992341F2883206A93046069304F004
:109B500003F80028DBD105231C9019906A46149362
:109B60004FF08073219014A91D9341F288339FED2B
:109B70002A7BCDE91A90CDE91F008DED007B9FED8A
:109B8000287B30468DED027B9FED277B8DED047B9E
:109B900004F04EF90028BAD129462046FFF748FEC6
:109BA0000028B4D12046FFF7CFFE03460028AED1EF
:109BB000002FB0D1189330460027002606AA14A91A
:109BC000CDF86890CDE91F33EB2314934FF4406335
:109BD0001B934FF4005317934FF440431C93A0235F
:109BE0001693062319934FF0805321934FF040733F
:109BF000CDE906671D9304F093F9034600288AD047
:109C0000434684F85C8086E701230322184684F8E3
:109C10005C2023B0BDE8F0830000000001000000DC
:109C200010000000010000000000000000004000E3
:109C300010FD0024005000522DE9F04F8FB0414B31
:109C40000024026800AF9A427C63C7E90944C7E96F
:109C50000B4403D03C37BD46BDE8F08F3A4B40F68D
:109C600009213A48EB46D3F8D42007F11C0607F146
:109C7000220A4FF0020942F480424FF00308C3F871
:109C8000D420D3F8D42002F48042BA60BA68D3F862
:109C9000E02042F04002C3F8E020D3F8E02002F0D8
:109CA0004002FA60FA68D3F8E02042F02002C3F8DC
:109CB000E020D3F8E02002F020023A613A69D3F8BC
:109CC000E02042F01002C3F8E020D3F8E02002F0D8
:109CD00010027A617A69D3F8E02042F00202C3F8F8
:109CE000E020D3F8E030F86103F002033984BB616F
:109CF000174B7B60BB697B6853F8040F7B6001F0F6
:109D000085FF7B680546186801F088FF16F8013B5F
:109D1000786207F124012846C7F830807B63C7E9E1
:109D20000A9402F02BF85645E5D100225C2011463A
:109D3000FAF7BAFC5C20FAF7F5FC3C37DD46BD4685
:109D4000BDE8F08F00500052004402580A0A090989
:109D50006CFD0024114B02689A4200D07047104AF3
:109D600070B5D2F8D4300F4C23F4804304F11806B8
:109D7000C2F8D43054F8040F01F048FF05462068BB
:109D800001F04CFF0146284602F038F9B442F1D107
:109D90005C20BDE87040FAF7D3BC00BF0050005211
:109DA000004402586CFD0024014804F045B900BF8E
:109DB00020FD0024084B1A1D981D03F1080110B462
:109DC0009C1C9A6603F10A02C3E91834C3E91B011B
:109DD0005DF8044B5A67704710FD002438B50368DE
:109DE00071B9026A00F1280500F5AC74012A0CBFB4
:109DF000002140218BBB1D4B5722C0F858310DE08C
:109E0000426A00F1C00500F5E874012A0CBF002188
:109E10004021EBB1164B5A22C0F8D0310023204626
:109E2000C4E901214FF480524FF4806163626261A2
:109E30004FF48042C4E903314FF48073C4E9062330
:109E40004FF400332362FAF7E1FD58B1FFBEFEE79D
:109E5000084B5822C0F8D031E0E7074B5922C0F830
:109E60005831DBE7C5E92044A56338BD1000024046
:109E70007000024028000240580002402DE9F043E3
:109E8000821D05468BB0031D05F10A010830CDE99E
:109E9000052305F10C02AB69CDE907010992002BFE
:109EA0003DD0EB69B3FA83F84FEA58180123022238
:109EB00005AE0AAF4FF006090393CDE9012356F82A
:109EC000044B2B792278934216D02B68F3B1012BE7
:109ED00002D1F2B10A230493204601F09FFE03460B
:109EE0002046009301F092FE694601F047FFBE4212
:109EF000E5D10BB0BDE8F083697963789942E4D18C
:109F0000B8F1000FF3D02B68002BE0D1CDF8109002
:109F1000E2E76378022B14BF0A230823DBE74FF044
:109F20000108C3E7534A0368934230B505468BB036
:109F300055D02032934252D04F4A934204D020321F
:109F4000934201D00BB030BD4C4C4D48D4F8E030BA
:109F500043F00103C4F8E030D4F8E03003F001032B
:109F60000593059BD4F8E03043F00803C4F8E030D3
:109F7000D4F8E03003F008030693069BD4F8E030F1
:109F800043F04003C4F8E030D4F8E03003F040037D
:109F90000793079BD4F8F03043F40003C4F8F03083
:109FA000D4F8F03003F400030893089BFFF766FF32
:109FB000D4F8D830296843F001032F4A3048C4F858
:109FC000D830891AD4F8D83018BF012103F0010322
:109FD0000993099B0BB0BDE83040FFF7FFBE274C4B
:109FE0002848D4F8E03043F00103C4F8E030D4F856
:109FF000E03003F001030093009BD4F8E03043F01D
:10A000001003C4F8E030D4F8E03003F010030193FB
:10A01000019BD4F8E03043F04003C4F8E030D4F8BA
:10A02000E03003F040030293029BD4F8F03043F495
:10A030008003C4F8F030D4F8F03003F480030393C5
:10A04000039BFFF71BFFD4F8D830296843F00103C6
:10A05000084A0C48C4F8D830891AD4F8D83018BF48
:10A06000012103F001030493049B0BB0BDE83040D1
:10A07000FFF7B4BE04580140045C0140004402589C
:10A08000E4FF002488FD00240148FBF737B800BF37
:10A09000E0FE00240148FBF731B800BF58FF002460
:10A0A0000148FBF72BB800BF3C0101240148FBF736
:10A0B00025B800BFB40101241A4A0368934210B4C2
:10A0C0000BD02032934208D0174A934216D0203248
:10A0D000934213D05DF8044B7047144B0022D3F821
:10A0E0005442C3F85822002CF4D0D3F84802D3E9E4
:10A0F000931223465DF8044B520818470B4B00227D
:10A10000D3F8B044C3F8B424002CE3D0D3F8AC2483
:10A11000D3F8A814D3F8A404520823465DF8044BDE
:10A12000184700BF04580140045C014088FD00242A
:10A13000184A0368934210B40BD02032934208D0DF
:10A14000154A934217D02032934214D05DF8044B45
:10A150007047124BD3E994245208C3F85822002CBC
:10A16000F4D0D3E99201234601EB820100EB820097
:10A170005DF8044B1847094BD3F8AC24D3F8B0442E
:10A180005208C3F8B424002CE0D0D3F8A814D3F8B4
:10A19000A404E8E704580140045C014088FD002461
:10A1A0002DE9F04F0C684FF41776754F87B004FB1C
:10A1B00006F6012C07EB060AC0F800A000F3A08009
:10A1C0000D468E464FF00008D44669A3D3E900231C
:10A1D00069A1D1E90001CDE9022306ABCAF850829A
:10A1E00003EB8403CDE9040153F810BC53F8083C99
:10A1F000CAE992880193BEE80F00ACE80F00BEE800
:10A200000F00ACE80F00019B9EE80300CAF828B0DD
:10A21000CAF8C0308CE803002B69042B0CD8DFE8A7
:10A2200003F0737D879103004FF41773554A03FBC6
:10A2300004739A64C3F8E020AA692B6A002A43D009
:10A24000002B4FF4177308BF022203FB047318BFDF
:10A250000322DA6201221A63EA696B6A002A40D19A
:10A26000191E4FF4177318BF012103FB0473C3E9D0
:10A2700031126B69022B05D8434A12F80380434A16
:10A2800052F823904FF4177306F1280042464946CE
:10A2900003FB04740023384463646363E365C4F818
:10A2A000DC30C4F8CC30C4F8F430C4E90F33C4E96E
:10A2B0001533C4E93533C4E93B33022304F068F9AC
:10A2C000002849D0FFBEFEE7191E4FF4177318BFD0
:10A2D000012103FB0473C3E90B12EA696B6A002ACC
:10A2E000BED0002B4FF4177308BF022203FB047388
:10A2F00018BF0322C3F8C4200122C3F8C820B8E75E
:10A30000012007B0BDE8F08F4FF417734FF4FA52F5
:10A3100003FB04739A64C3F8E0208DE74FF41773CE
:10A320004FF47A5203FB04739A64C3F8E02083E786
:10A330004FF417734FF4FA4203FB04739A64C3F8A3
:10A34000E02079E74FF417734BF6803203FB047378
:10A350009A64C3F8E0206FE706F1C000022342468A
:10A360004946384404F014F90028CAD0FFBEFEE77D
:10A3700004580140045C014024580140245C014021
:10A3800088FD0024007701009053010894530108D0
:10A390000068704770B5046882B015460E46C4F870
:10A3A0005032C4E99212069AC4F85422A269012AD2
:10A3B00026D0626A012A9AB211D0294604F1C0005F
:10A3C000019204F0A1F9236A019A012B10D02946C9
:10A3D00004F1280004F098F9002002B070BD04F1E7
:10A3E000C000019204F022FA236A019A012BEED1F7
:10A3F000314604F1280004F019FA002002B070BDC3
:10A40000226A012A9AB211D0294604F12800019249
:10A4100004F07AF9636A019A012B10D0294604F1FD
:10A42000C00004F071F9002002B070BD04F12800F2
:10A43000019204F0FBF9636A019A012BEED13146D7
:10A4400004F1C00004F0F2F9002002B070BD00BFBA
:10A4500003681B69042B05D8044A02EB830393EDC0
:10A46000000A70479FED020A704700BFA053010821
:10A4700000803B470368D3F8580270471F4BC16800
:10A480000268F0B5D3F88C5083B00369ADB24D1BB0
:10A49000A2B1AB4212D00446866811D2F018E91A74
:10A4A000CDE9001000F0BEFF0023DDE90010D4E983
:10A4B0000062B047E3682561AB421BD003B0F0BD3A
:10A4C000F018C91ACDE9000100F0ACFF0023DDE966
:10A4D0000001D4E90072B8473046294600F0A2FFD7
:10A4E00000233046626829462668B047E368256144
:10A4F000AB42E3D10023236103B0F0BD0000024072
:10A500002DE9F84F04460F4690461E4600F13405EB
:10A51000284604F0A7FD2028FAD14FF480630020DC
:10A52000C4F8D030C4F848314FF44033C4F8CC00FC
:10A53000C4F8E030C4F858314E4BC4F8DC00C4F81D
:10A54000C03003F57A73C4F8E400C4F8383140230E
:10A55000C4F8C800C4F84031E369C4F84401C4F841
:10A560005401C4F85C01C4E93500C4E95300072B69
:10A570000BD8DFE803F061535A373E454C045123B2
:10A58000C4F8C4305223C4F83C3104F59C794846E1
:10A59000FAF73CFA08B1FFBEFEE7C4F8A890C4F889
:10A5A0007051EFF3108972B6DFF8D0B094F91C3017
:10A5B000DFF8CCA08BF800300A9B2F4CCAF8003093
:10A5C0000B9B23600EB11846B0471FFA88F239463C
:10A5D000284604F031FBB0BBB9F1000F00D162B6E0
:10A5E000BDE8F88F3F23C4F8C4304023C4F83C31A1
:10A5F000CBE74123C4F8C4304223C4F83C31C4E75C
:10A600004723C4F8C4304823C4F83C31BDE74F2386
:10A61000C4F8C4305023C4F83C31B6E72B23C4F847
:10A62000C4302C23C4F83C31AFE72D23C4F8C43028
:10A630002E23C4F83C31A8E72923C4F8C4302A23C8
:10A64000C4F83C31A1E7FF238BF800300023CAF89F
:10A65000003023600A9B3BB10B98012198470120F1
:10A66000B9F1000FBCD1BAE70120B9F1000FB7D1A1
:10A67000B5E700BF8800024078110124741101245D
:10A68000701101242DE9F84F04460F4690461E46EE
:10A6900000F13405284604F0E5FC2028FAD14FF4F7
:10A6A00080630020C4F8D030C4F848314FF4403300
:10A6B000C4F8CC00C4F8E030C4F858314E4BC4F8AC
:10A6C000DC00C4F8C03003F57A73C4F8E400C4F8C1
:10A6D00038314023C4F8C800C4F84031E369C4F8F5
:10A6E0004401C4F85401C4F85C01C4E93500C4E96C
:10A6F0005300072B0BD8DFE803F061535A373E4570
:10A700004C045123C4F8C4305223C4F83C3104F142
:10A71000C0094846FAF77AF908B1FFBEFEE7C4F867
:10A72000AC90C4F8F850EFF3108972B6DFF8D0B0EF
:10A7300094F91C30DFF8CCA08BF800300A9B2F4C2A
:10A74000CAF800300B9B23600EB11846B0471FFAC1
:10A7500088F23946284604F0C1FAB0BBB9F1000FBF
:10A7600000D162B6BDE8F88F3F23C4F8C43040235F
:10A77000C4F83C31CBE74123C4F8C4304223C4F8C9
:10A780003C31C4E74723C4F8C4304823C4F83C3103
:10A79000BDE74F23C4F8C4305023C4F83C31B6E7BA
:10A7A0002B23C4F8C4302C23C4F83C31AFE72D234D
:10A7B000C4F8C4302E23C4F83C31A8E72923C4F8D8
:10A7C000C4302A23C4F83C31A1E7FF238BF80030C2
:10A7D0000023CAF8003023600A9B3BB10B9801218B
:10A7E00098470120B9F1000FBCD1BAE70120B9F1B7
:10A7F000000FB7D1B5E700BF8800024078110124EF
:10A8000074110124701101242DE9F0410D4682B02C
:10A81000EFF3108772B6002948D1FF23254A264C52
:10A82000237013682BB1002029461060234A10685A
:10A83000984723781B0625D5DFF888800025204E11
:10A84000444605E001351C3406F5D876092D19D0AB
:10A85000A369012B1BD0002BF4D1216830460029BD
:10A86000F0D06369019323690093E3682289FFF7BD
:10A8700009FF0028E6D1C5EBC50508EB850348F8BC
:10A880002500586007B962B602B0BDE8F081616882
:10A890000029D7D063693046019323690093E368A8
:10A8A0002289FFF72DFE0028CCD1E4E705F0D6FE83
:10A8B000B3E700BF70110124741101247811012441
:10A8C0004002012454000024F0B5002387B0022286
:10A8D00004460493CDE90223027EC3690B2A4FEAA2
:10A8E000430523D1A27E0B2A02D1002007B0F0BD80
:10A8F00048496B1C484851F823304578017818784E
:10A90000E67E884269D0824277D0D87803F1030C82
:10A9100081426ED0824278D0987903F1060C884249
:10A920006FD0824233D0012007B0F0BD394B3A4896
:10A9300053F8253001784678187894F819C0814288
:10A940003DD0824241D0D87803F1030E814240D0FD
:10A9500082424AD0987903F1060E884241D0824261
:10A96000E1D1DB796345DED1734604F118069B78AB
:10A970003046059301F04AF9034630461E4601F081
:10A980004DF901A90190304601F0F8F9AAE7DB7909
:10A99000B342C8D163461A349B782046059301F030
:10A9A00035F9034620461C4601F038F9034601A953
:10A9B0002046019301F0E2F9002007B0F0BD93F8C2
:10A9C00001E0B645BFD08242BDD158786045BAD1CA
:10A9D000CBE71F79B742BBD1BCE75F78AF4292D1DA
:10A9E00093E7D979B142BAD19DE718796045B1D1E1
:10A9F000BAE71F79AF428DD18EE75878B04284D143
:10AA0000C9E7D979A9428CD18DE71879B04283D1B1
:10AA1000C0E700BF6C010024680100247E4A03687F
:10AA20009342F0B58FB000F0E380A2F54C42934220
:10AA300000F0E08002F58062934200F0DD8002F5D4
:10AA40008062934200F0DA8002F58062934200F067
:10AA5000D98002F54442934200F0D280A2F51C4214
:10AA6000934200F0D18002F58062934200F0CE80E4
:10AA70006A4A934240F0CC800826694D4FF4D8745E
:10AA800004FB0654A07E01F0D1F8207E01F0CEF840
:10AA9000E369082B13D8DFE803F03B49576573815E
:10AAA0008F9D05005F4BD3F8F42042F00802C3F8F5
:10AAB000F420D3F8F43003F008030893089B2046F1
:10AAC000FFF702FF012801D1FFBEFEE74FF4D87463
:10AAD0000EAA554F0DF1240C04FB0654E36902EB5A
:10AAE00043050FCFACE80F003B680022ACF8003004
:10AAF000114635F9140CF9F7D7FDE3690EAA02EBFC
:10AB0000430333F9140C0FB0BDE8F040F9F70ABE67
:10AB1000444BD3F8F02042F01002C3F8F020D3F8F1
:10AB2000F03003F010030093009BC8E73D4BD3F8CF
:10AB3000E82042F40032C3F8E820D3F8E83003F408
:10AB400000330193019BBAE7364BD3F8E82042F477
:10AB50008022C3F8E820D3F8E83003F4802302937E
:10AB6000029BACE72F4BD3F8E82042F40022C3F855
:10AB7000E820D3F8E83003F400230393039B9EE717
:10AB8000284BD3F8E82042F48012C3F8E820D3F829
:10AB9000E83003F480130493049B90E7214BD3F82F
:10ABA000F02042F02002C3F8F020D3F8F03003F098
:10ABB00020030593059B82E71A4BD3F8E82042F067
:10ABC0008042C3F8E820D3F8E83003F080430693CE
:10ABD000069B74E7134BD3F8E82042F00042C3F819
:10ABE000E820D3F8E83003F000430793079B66E7BB
:10ABF000002642E7012640E702263EE703263CE71F
:10AC000005263AE7042638E7062636E7072634E71E
:10AC100000239B7EFFDE00BF00100140000C0058A7
:10AC20004002012400440258B45001082DE9F04FBD
:10AC300091B0002301223F490DF1240A09938B466C
:10AC400001F11C09CAF8143001F13808CDF800A050
:10AC500001F15407CDF804A001F17006CDF808A069
:10AC600001F18C05CDF80CA001F1A804CDF810A0DD
:10AC700001F1C40ECDF814A001F1E00CCAE90133D2
:10AC8000CAE903330F92FF222B4BCDE906AA1A70B3
:10AC9000BAE80F00ABE80F009AE80700009B8BE8CA
:10ACA00007009B46BBE80F00A9E80F009AE80700E1
:10ACB000019B89E807009946B9E80F00A8E80F0052
:10ACC0009AE80700029B88E807009846B8E80F005A
:10ACD0000FC79AE80700039B87E807001F460FCFBE
:10ACE0000FC69AE80700049B86E807001E460FCEB1
:10ACF0000FC59AE80700059B85E807001D460FCDA4
:10AD00000FC49AE80700069B84E807001C460FCC96
:10AD1000AEE80F00079B9AE807001C468EE8070084
:10AD20000FCCACE80F009AE807008CE8070011B0E0
:10AD3000BDE8F08F540000247411012410B5094CB3
:10AD400004F1340004F09CF8237D1BB1636BDB69D4
:10AD5000DB0600D410BD2046FFF790FB636B10228A
:10AD60001A6210BD4002012410B50B4C04F5F270BC
:10AD700004F086F894F8C43123B1D4F8E431DB69E7
:10AD8000DB0600D410BD04F5D870FFF777FBD4F8CC
:10AD9000E43110221A6210BD4002012410B50B4CA0
:10ADA00004F5657004F06CF894F8743323B1D4F8AA
:10ADB0009433DB69DB0600D410BD04F55870FFF74F
:10ADC0005DFBD4F8943310221A6210BD40020124B6
:10ADD00010B50B4C04F2445004F052F894F82435AA
:10ADE00023B1D4F84435DB69DB0600D410BD04F58B
:10ADF000A260FFF743FBD4F8443510221A6210BD5D
:10AE00004002012410B50B4C04F2F46004F038F851
:10AE100094F8D43623B1D4F8F436DB69DB0600D4D9
:10AE200010BD04F5D860FFF729FBD4F8F4361022E2
:10AE30001A6210BD4002012410B50B4C04F6A400A8
:10AE400004F01EF894F8843823B1D4F8A438DB69F0
:10AE5000DB0600D410BD04F50760FFF70FFBD4F844
:10AE6000A43810221A6210BD4002012410B50B4C08
:10AE700004F6542004F004F894F8343A23B1D4F8DA
:10AE8000543ADB69DB0600D410BD04F52260FFF7FD
:10AE9000F5FAD4F8543A10221A6210BD4002012487
:10AEA00010B50B4C04F6044003F0EAFF94F8E43BC1
:10AEB00023B1D4F8043CDB69DB0600D410BD04F5F3
:10AEC0003D60FFF7DBFAD4F8043C10221A6210BD93
:10AED0004002012410B50B4C04F6B45003F0D0FF2F
:10AEE00094F8943D23B1D4F8B43DDB69DB0600D47B
:10AEF00010BD04F55860FFF7C1FAD4F8B43D102234
:10AF00001A6210BD4002012410B5EFF3108472B62E
:10AF1000084B1A78120602D504B962B610BD1B7828
:10AF20004FF4D87204485BB202FB0300C030FAF75A
:10AF3000E5F8F1E7741101244002012410B5EFF3A4
:10AF4000108472B6094B1A78120602D504B962B69B
:10AF500010BD1B784FF4D87205485BB202FB0300AA
:10AF600000F59C70FAF7CAF8F0E700BF74110124ED
:10AF7000400201240021FFF747BC00BF214A0368BB
:10AF800093422BD0A2F54C42934229D002F5806225
:10AF9000934227D002F58062934225D002F5806269
:10AFA000934223D002F54442934221D0A2F51C42A1
:10AFB00093421FD002F5806293421DD0124A934201
:10AFC0001CD108224FF4D871104B01FB0233197DBC
:10AFD00011B11846FFF752BAFFF716BC0022F1E78D
:10AFE0000122EFE70222EDE70322EBE70422E9E783
:10AFF0000522E7E70622E5E70722E3E700231B7DBA
:10B00000FFDE00BF00100140000C00584002012488
:10B01000204A0368934229D0A2F54C42934227D09C
:10B0200002F58062934225D002F58062934223D0DC
:10B0300002F58062934221D002F5444293421FD030
:10B04000A2F51C4293421DD002F5806293421BD0B0
:10B05000114A93421AD1082310484FF4D87202FBC8
:10B060000300037D03B97047FFF708BA0023F3E735
:10B070000123F1E70223EFE70323EDE70423EBE7E6
:10B080000523E9E70623E7E70723E5E700231B7D20
:10B09000FFDE00BF00100140000C005840020124F8
:10B0A0000121FFF7B1BB00BF2DE9F0414F684FF41C
:10B0B000D876DFF8C0808E4607FB06F60C46082FD0
:10B0C00008EB0605056005F1180CBEE80F00ACE8BA
:10B0D0000F009EE807008CE8070002D86B6A022B7D
:10B0E00002D90120BDE8F0812A6A032AF9D8A96AA9
:10B0F0000229F6D8E86A0228F3D80131DFF878C0CF
:10B10000343689005CF8277046446F63A469A964EB
:10B110001549AC6351F823306B64144B53F822305B
:10B12000134A2B64002352F8201001223046EB65AD
:10B13000E963C5E91333C5E9153205F08FFA002834
:10B14000CFD10146304605F0E1FA0028C9D10146C9
:10B15000304605F029FB0028C3D1304605F0B8FA87
:10B160000028BED12875BDE7D8530108E453010873
:10B17000F453010840020124B4530108006892B25C
:10B1800008B5343003F0C8FC003818BF012008BDF2
:10B19000534B0122002047F6122130B4C3E974203A
:10B1A000C3E97721C3E9E020C3E9E3211A62DA6247
:10B1B00058621963C3F83025C3F83405C3F83C2539
:10B1C000C3F84015C3F8E026C3F8E406C3F8EC263C
:10B1D000C3F8F016C3F89028C3F89408C3F89C2865
:10B1E000C3F8A018C3F8402AC3F8440AC3F84C2A8D
:10B1F000C3F8501AC3F8F02BC3F8F40BC3F8FC2BB8
:10B20000C3F8001CC3F8A40D3648C3F8A02DC3F83A
:10B21000AC2DC3F8B01D0288837833490068334CE5
:10B22000CA804FEA104C0B723149E2802372A1F8B8
:10B230000320A4F8032063714B712E4CCA800B725B
:10B240002D492E4DE2802372A1F80320A4F803209B
:10B2500063714B712A4CCA800B722A49EA800880BC
:10B260002B7281F802C0E2802372A1F803204B7197
:10B27000CA800B722449A1F803204B71CA800B725B
:10B280002249A1F803204B71CA800B722049088023
:10B2900081F802C0A1F803204B71CA800B721D49CE
:10B2A000088081F802C0A1F803204B71CA800B729C
:10B2B0001949088081F802C01848A1F803204B7191
:10B2C000CA800B721649A0F803204371C280037232
:10B2D000A1F803204B71CA800B7230BC704700BFCD
:10B2E0004002012468010024F0010024140200241B
:10B2F000080200242C02002420020024FC01002467
:10B30000D8010024A011012438020024E401002403
:10B310007C11012494110124881101245C01002472
:10B32000500100243E4B00220B20114610B5D3F8EB
:10B33000D84082B044F00104C3F8D840D3F8D840D4
:10B3400004F001040094009CD3F8D84044F00204B7
:10B35000C3F8D840D3F8D83003F002030193019B1F
:10B36000F9F7A2F90B20F9F7DDF900220C201146BC
:10B37000F9F79AF90C20F9F7D5F900220D201146BA
:10B38000F9F792F90D20F9F7CDF900220E201146B8
:10B39000F9F78AF90E20F9F7C5F900220F201146B6
:10B3A000F9F782F90F20F9F7BDF9002210201146B4
:10B3B000F9F77AF91020F9F7B5F900223C20114687
:10B3C000F9F772F93C20F9F7ADF900221120114686
:10B3D000F9F76AF91120F9F7A5F90022382011468A
:10B3E000F9F762F93820F9F79DF900223920114662
:10B3F000F9F75AF93920F9F795F900223A20114660
:10B40000F9F752F93A20F9F78DF900223B2011465D
:10B41000F9F74AF93B2002B0BDE81040F9F782B9CC
:10B420000044025820F01F002031BFF34F8F002945
:10B4300007DD064A0144C2F85C0220300B1A002BDB
:10B44000F9DCBFF34F8FBFF36F8F704700ED00E063
:10B45000704700BF08B5F8F761F9BDE80840F9F793
:10B46000EBB900BF064808B503680BB100F098FEC1
:10B47000044803681BB1BDE8084001F087BD08BD62
:10B48000B8150124B0110124064808B503680BB1B2
:10B4900000F086FE044803681BB1BDE8084001F0D7
:10B4A00075BD08BDB8150124B0110124064808B5C2
:10B4B00003680BB100F074FE044803681BB1BDE8DB
:10B4C000084001F063BD08BDB8150124B011012486
:10B4D000364BDA6A520062D59A6A9A6A9A6A9B6A0D
:10B4E000180600D500BE314B9B6A990600D500BEF8
:10B4F0002E4B9B6ADA0600D500BE2C4B9B6A1B07BD
:10B5000000D500BE294B9B6A980700D500BE274B8B
:10B510009B6AD90700D500BE244B9B6A1A0400D54C
:10B5200000BE224B9B6A9B0400D500BE1F4B9B6A4A
:10B53000D80400D500BE1D4B9B6A190500D500BE7E
:10B540001A4B9B6A5A0500D500BE184B9B6A9B0597
:10B5500000D500BE154B9B6AD80500D500BE134B25
:10B560009B6A990100D500BE104B9B6ADA0100D599
:10B5700000BE0E4B9B6A1B0300D500BE0B4B9B6AA3
:10B58000580300D500BE094B9B6A990300D500BE45
:10B59000064B9B6ADA0306D400BE00BEFEE7DB6AF8
:10B5A0009B07FAD5F8E700BEF6E700BF00ED00E024
:10B5B000F8F7C0B8014807F07DBC00BFAC1101240A
:10B5C000F8F7BEB80A4B9B6803F17843B3F5003F28
:10B5D0000BD3084B986848B19868012806D0986842
:10B5E000022803D09B68032070470120704700BFEA
:10B5F00000ED00E0000080382DE9F041CEB00446B7
:10B600004C2200210AA809F085F82022002102A876
:10B6100009F080F8BC2200211EA809F07BF8022066
:10B6200002F028F92368012B4FF0000354D0534A4D
:10B6300002250193C820D16A514B21F00101D1624A
:10B64000D26A02F0010201929A6942F440429A6180
:10B650009B6903F440430193019B494A93699B040E
:10B66000FCD548490224002201268B6A04274FF0AA
:10B67000080823F0030323438B62052316900AA8CE
:10B6800018934FF480331096179419941597CDF8AA
:10B690006880CDE91B222122CDE91344CDE90A239C
:10B6A000FAF77EF800B1FEE73F220323294602A8FD
:10B6B000CDE9022300220823CDE9042340224023C0
:10B6C000CDE9062340234FF48062CDE90823FAF741
:10B6D00095FB0346B8B1FEE7294A04250093F02004
:10B6E0009169264B41F440419161926902F44042D4
:10B6F0000092DA6A42F00102DA62DB6A03F00103C7
:10B700000093009BA9E720224FF4805125934FF42A
:10B7100040152B9280222D931EA8309326913591AF
:10B720004FF48071249234920C223394439140F26E
:10B73000271120921022CDF884802A971F96CDE9F8
:10B740002E34CDE93B334FF48033CDE9224631939B
:10B75000002446930623CDE93E4527934FF48063AA
:10B76000094C2C931E94CDE92812FAF7A3FD00B1E1
:10B77000FEE702F0A5F84EB0BDE8F08100040058E5
:10B7800000480258004402580F130F0370B584B0EC
:10B790000124F8F7FFFF4FF480764FF04052194B29
:10B7A00068460025ADF800400396CDE90123F9F77E
:10B7B0000FF819224FF0404368468DF80820019396
:10B7C0008DF80F40ADF80D608DF801408DF80A50EE
:10B7D000F8F7FEFF02230B2268468DF80F508DF814
:10B7E00001304FF062538DF808200193ADF80D4001
:10B7F0008DF80A40F8F7ECFF0420F8F7D9FF04B001
:10B8000070BD00BF0E00010330B50D46044685B083
:10B81000D1E9000184E80300F7F750FFAB79A3B347
:10B82000FFF780FDFDF78AFE06F0AAFEFFF7FEF99E
:10B830002B798BBB6B799BB1BFF34F8FBFF36F8FAE
:10B840002A4B0022C3F85022BFF34F8FBFF36F8FF4
:10B850005A6942F400325A61BFF34F8FBFF36F8FC2
:10B860004FF0FF3200230024002569462048029251
:10B870008DF80C30CDE9004507F0A2FA1C4807F01E
:10B8800007FB06F0ADFA05B030BD2046FFF7B4FE69
:10B890002046FFF77BFFC3E7144C0023C4F8843035
:10B8A000BFF34F8FD4F8801043F6E07EC1F34E3CD7
:10B8B000C1F3C9014FEA4C1C0CEA0E000B4640EAEA
:10B8C0008372013BC4F860225A1CF8D1ACF1200C01
:10B8D0001CF1200FF0D1BFF34F8F636943F4803325
:10B8E0006361BFF34F8FBFF36F8FA3E700ED00E0FD
:10B8F000AC110124FAF7B2BB08B5FAF7AFFB400070
:10B9000008BD00BF1C4B9B6803F17842B2F5003FB5
:10B9100025D3B3F5803F20D303F16042B2F5003F59
:10B920001FD303F15C42B2F5002F1CD303F1704228
:10B93000B2F5902F19D303F14842B2F5803F16D3E8
:10B9400003F18042B2F1806F13D303F1E043B3F50A
:10B95000000F2CBF082007207047012070470020EF
:10B96000704702207047032070470420704705206D
:10B9700070470620704700BF00ED00E00348002339
:10B98000034A0449036008F0E9BA00BFAC1101247E
:10B990000000002451B4000810B4204C0022204BB9
:10B9A00083B0D4F888101F4841F47001C4F888109F
:10B9B00019681D4C41F0010119601A6119680840AD
:10B9C0001A4918609A61DA611A629A62DA621A6335
:10B9D0005A639A63DA631A645A64186820F4802000
:10B9E00018601A66D3F8DC2042F06042C3F8DC200D
:10B9F000D3F8DC300193019B23681940B1F1005F5B
:10BA000003D20B4B0122C3F80821044B4FF0006214
:10BA10009A6003B05DF8044B704700BF00ED00E092
:10BA2000004402587FEDF6EA0010005C0000FFFFC2
:10BA30000080005100F57171D0F8040405F0B8BD24
:10BA4000C1EBC10300EB8303D0F80404D3F8082250
:10BA500005F0DCBDC1EBC10300EB8303D0F80404A7
:10BA60009A6C05F011BE00BFD0F8040405F0B0BE1A
:10BA7000C16810B5044619B1022900D0FEE70121C2
:10BA8000D4F8040405F08EFED4F80404BDE8104098
:10BA900005F060BE10B50446D0F8040405F086FE3B
:10BAA0002268D2F8003E43F00103C2F8003E236A48
:10BAB00023B1034A136943F00603136110BD00BFAD
:10BAC00000ED00E0D0F8040405F07ABED0F80404DC
:10BAD00005F08EBED0F8040405F088BED0F804044A
:10BAE00005F088BED0F8040405F086BE9446D0F870
:10BAF00098021A4608B5634601F0ACFD032802D847
:10BB0000024B185C08BD022008BD00BF105401089C
:10BB1000D0F8980208B501F02BFE032802D8024B9A
:10BB2000185C08BD022008BD10540108D0F8980226
:10BB300008B501F061FE032802D8024B185C08BD6D
:10BB4000022008BD105401080A06D0F8983206D425
:10BB5000C1EBC10103EB810191F8FE01704701F0D7
:10BB60007F01C1EBC10103EB810191F83E007047F9
:10BB7000D0F8980208B501F057FD032802D8024B0F
:10BB8000185C08BD022008BD10540108D0F89802C6
:10BB900008B501F0C5FD032802D8024B185C08BDAA
:10BBA000022008BD10540108D0F8980208B501F031
:10BBB0008FFD032802D8024B185C08BD022008BD87
:10BBC00010540108D0F8C00206F0C4B8D0F8C00282
:10BBD00006F0D8B8D0F8C00206F0E0B8704700BF51
:10BBE000D0F8C00206F0C6B8D0F8C00206F0C6B859
:10BBF000D0F8D00308B500F093FE032802D8024B1A
:10BC0000185C08BD022008BD14540108024B0278DC
:10BC100053F82200704700BF38540108024B4278A5
:10BC200033F81200704700BF185401088CB00A287E
:10BC300014D8DFE800F01523313F4D5B6977859319
:10BC400006004D4BD3F8E02042F48062C3F8E020B8
:10BC5000D3F8E03003F480630B930B9B0CB0704778
:10BC6000454BD3F8E02042F00102C3F8E020D3F8BE
:10BC7000E03003F001030193019BEFE73E4BD3F863
:10BC8000E02042F00202C3F8E020D3F8E03003F0F5
:10BC900002030293029BE1E7374BD3F8E02042F026
:10BCA0000402C3F8E020D3F8E03003F00403039368
:10BCB000039BD3E7304BD3F8E02042F00802C3F8EF
:10BCC000E020D3F8E03003F008030493049BC5E7B9
:10BCD000294BD3F8E02042F01002C3F8E020D3F85B
:10BCE000E03003F010030593059BB7E7224BD3F830
:10BCF000E02042F02002C3F8E020D3F8E03003F067
:10BD000020030693069BA9E71B4BD3F8E02042F0E3
:10BD10004002C3F8E020D3F8E03003F0400307937B
:10BD2000079B9BE7144BD3F8E02042F08002C3F856
:10BD3000E020D3F8E03003F080030893089B8DE700
:10BD40000D4BD3F8E02042F48072C3F8E020D3F822
:10BD5000E03003F480730993099B7FE7064BD3F827
:10BD6000E02042F40072C3F8E020D3F8E03003F49E
:10BD700000730A930A9B71E7004402582DE9F04FC3
:10BD80000D6883B0002D00F0D5800023DFF86882B5
:10BD900001229A4012EA050C00F0C7804E6826F096
:10BDA0001009B9F1020F40F0C88003F007044FEA10
:10BDB000D30E4FF00F0A4FEA840900EB8E0E0AFAF9
:10BDC00009FADEF8204024EA0A0A0C6904FA09F4A8
:10BDD00006F0030944EA0A04CEF820404FEA430E75
:10BDE0000324D0F800A009FA0EF904FA0EF42AEAA6
:10BDF000040AE44349EA0A09C0F80090D0F808A010
:10BE0000CF6804EA0A0A07FA0EF949EA0A09C0F8F3
:10BE10000890C6F30019D0F804A009FA03F92AEA39
:10BE2000020249EA02024260C268F70004EA020420
:10BE30008A6802FA0EF242EA0402C26075D5644CC6
:10BE400023F0030E03F00309D4F8F420C6444FEAAC
:10BE5000890942F00202C4F8F420D4F8F42002F078
:10BE600002020192019A0F22DEF8084002FA09F25A
:10BE700024EA0202574CA04225D004F58064A04277
:10BE80007BD0554CA0427ED0544CA0426FD0544C35
:10BE9000A04200F08480534CA04200F08680524CB7
:10BEA000A04276D0514CA04200F08580504CA04278
:10BEB00000F087804F4CA0420CBF09240A2404FAEA
:10BEC00009F942EA0902CEF808204FF0B0426FEAC1
:10BED0000C0EF403D2F880204FF0B04454BF0EEAA9
:10BEE00002024CEA0202C4F88020B203D4F8844073
:10BEF0004FF0B04254BF0EEA04044CEA0404F702C7
:10BF0000C2F8844014684FF0B04254BF0EEA0404F3
:10BF10004CEA04041460B40252684FF0B04454BFB9
:10BF20000EEA02024CEA02026260013335FA03F2C1
:10BF30007FF42EAF03B0BDE8F08F4FEA430E032429
:10BF4000D0F800B006F0030A04FA0EF409F1FF3944
:10BF50000AFA0EFA2BEA040BB9F1010F6FEA040496
:10BF60004AEA0B0AC0F800A03FF65EAF46E703249A
:10BF700004FA09F942EA0902A5E7012404FA09F9D9
:10BF800042EA09029FE7022404FA09F942EA090297
:10BF900099E7062404FA09F942EA090293E704241E
:10BFA00004FA09F942EA09028DE7052404FA09F9BD
:10BFB00042EA090287E7072404FA09F942EA09027A
:10BFC00081E7082404FA09F942EA09027BE700BF85
:10BFD000004402580000025800080258000C0258A1
:10BFE000001002580014025800180258001C025891
:10BFF000002002580024025800040058002900F0D4
:10C00000A88000232DE9F04FDFF8689183B0DFF8B6
:10C010006881DFF868A1DFF868B14FF0010E0EFA11
:10C0200003F212EA010C6FD023F0030503F00304BE
:10C030000F2640454D444FEAC404AF6806FA04F6A3
:10C0400007EA0607019721D0504566D0584567D0CA
:10C05000434FB8426ED0434FB84270D0424FB842BF
:10C0600063D0424FB84256D0414FB84272D0DFF849
:10C0700014E1704568D0DFF810E1704514BF4FF04F
:10C080000A0E4FF0090E0EFA04F400E00024019F9E
:10C09000A74219D1AC6824EA06064FF0B044AE605E
:10C0A000D4F8805025EA0C05C4F88050D4F88450A8
:10C0B00025EA0C05C4F88450256825EA0C0525609E
:10C0C000656825EA0C05656003255C0003F0070739
:10C0D0000F2605FA04F40568BF00254306FA07F7A2
:10C0E0000560DD0800EB85052E6A26EA07062E624C
:10C0F000856825EA04058560456825EA02024260F4
:10C10000C26822EA0404C460013331FA03F284D124
:10C1100003B0BDE8F08F4FF0060E0EFA04F4B6E758
:10C120004FF0020E0EFA04F4B1E74FF0050E0EFACE
:10C1300004F4ACE74FF0030E0EFA04F4A7E74FF057
:10C14000040E0EFA04F4A2E74FF0080E0EFA04F4FF
:10C150009DE770474FF0070E0EFA04F497E700BF13
:10C16000000C02580010025800140258001802581F
:10C17000001C025800040058000002580004025835
:10C18000000802580020025800240258036919428E
:10C1900014BF01200020704702B909048161704773
:10C1A0002DE9F04F056885B00446284604F0A6FF47
:10C1B000012802D005B0BDE8F08F206804F04EFFE2
:10C1C0000028F7D0206804F049FF10F4001F206811
:10C1D00002D04FF40013436104F040FF10F4801FBD
:10C1E000206802D04FF48013436104F037FF10F051
:10C1F000806F206802D04FF08063436104F02EFF0F
:10C2000010F0020F20682FD104F028FF870000F102
:10C210001381206804F022FFC60100F1CF8020685E
:10C2200004F01CFF000700F1BE80206804F016FF38
:10C2300010F0007F20681AD104F010FFC306B9D5B2
:10C240002568AB6923F01003AB612E6AC6F3434146
:10C25000C6F30A17022902D1002F40F0C681AB694C
:10C2600043F01003AB61A5E702234361CCE704F080
:10C27000B3FFD4F808E080462068BEF1000F00F05C
:10C28000998005F5A06500264FF0280B4FF0020AB3
:10C290004AE000F5A0694A0109EB4117BB685B075A
:10C2A0005DD50423BB60FB6843F00203FB60BB6801
:10C2B000980500F1FD80BB68DB0740F1CF80236962
:10C2C00053B101EB81003B6904EBC000C3F3120CD6
:10C2D000836CA3EB0C03C3648B004FF0010C4FF095
:10C2E000000E581804EBC000C0F858E080F85DC09C
:10C2F000C7F808C090F83FE01EF0FD0F00F0648121
:10C30000BEF1030F00F040820B4404EBC30393F82B
:10C31000502082F0010283F85020D4F808E0206811
:10C3200001362035764545D206F00F0328FA03F38F
:10C33000D907F5D52B68F1B21A04AAD400F5A0628A
:10C340004FEA411C02EB4117BB6813F004090DD002
:10C350000423BB60FB6843F00203FB60E0E7BB68BB
:10C360009B0640F1B3802023BB60A0E7BB6813F0BD
:10C37000200300F0CA8001EB8103202204EBC303F9
:10C38000BA6093F83D20012ACAD183F83D9083F822
:10C390005CA0FB6843F00203FB6004F021FFD4F8CB
:10C3A00008E02068BCE72046FFF70CFC2068082363
:10C3B00043613BE74FF0007343613DE72668D6F8E1
:10C3C00040340293D6F840340393039B23F02E03AA
:10C3D0000393029B980707D5029BD90700F163815D
:10C3E000039B43F002030393029B1A0718D5039B98
:10C3F00043F008030393029B5B0740F15C81A16952
:10C40000022900F09A81E368012B03D14EF66022E5
:10C41000C6F804242046FFF7E3FB2046FFF7D6FBCF
:10C420002068029B9F0603D5039B43F020030393E0
:10C43000039BC6F84034F3E6D5F84034204623F099
:10C440002E03C5F84034FFF7C5FB0121206804F036
:10C45000A1FE20684FF000534361DBE6BB689807FC
:10C4600040F18E80FB6801EB810C23F0020304EBAA
:10C47000CC0CFB608B009CF85D00012800F0B280C2
:10C48000052800F0AF80062800F0A381082800F0FE
:10C49000A081032800F0DC819CF85C000246C7F80C
:10C4A00008A02046FFF79AFBD4F808E0206837E799
:10C4B000FB68206843F00203FB6004F091FE4FF438
:10C4C00000732068BB60D4F808E029E7BB681B074D
:10C4D00000F1BB80BB685B057FF5E9AEFB680192AC
:10C4E00043F002030091FB6004F07AFE00991020F3
:10C4F000019A01EB8103B860082004EBC30383F8C1
:10C500005D004FF48063BB60D1E6D7F8089019F066
:10C51000400F40F0B180BB6813F4007340F02F81EE
:10C52000D7F8089019F0010F40F03F81BB6813F075
:10C53000080340F06881D7F8089019F0100F00F058
:10C54000C98001EB810204EBC2029365032382F8E8
:10C550005D3092F83D303BB90BFB014393F83C2032
:10C5600012B9012283F83D20FB6843F00203FB600F
:10C5700004F036FE10232068BB60D4F808E0CFE654
:10C58000BB6813F0800340F0E380BA68D20640F144
:10C59000D08001EB810004EBC00090F83F20032A1B
:10C5A00000F04B8112F0FD02E4D123698265002B7B
:10C5B000E0D10BFB0143032283F85D20FB68206878
:10C5C00043F00203FB60D3E7FA68206842F00202FE
:10C5D00001930091FA6004F003FE1022DDE90013DC
:10C5E000BA6091E68CF85C0058E706F00F0606EB9F
:10C5F000860804EBC808D8F8441000293FF42FAE91
:10C60000284605F5A0653A4604F0A6FCD8F8443063
:10C6100005EB46123B441169D8F84C20C8F8443069
:10C6200073013A44C8F84C20BC4A0A405AB1EA584F
:10C6300022F0804242F00042EA5098F8503083F0F5
:10C64000010388F85030256809E6FB684FF0050CB7
:10C65000019243F002030091FB6001EB810304EBC4
:10C66000C30383F85DC01023BB600823BB6004F0E4
:10C67000B7FDDDE900121AE601EB810204EBC2020C
:10C680009365042382F85D30012382F83D30FB6816
:10C6900043F00203FB6004F0A3FD40232068BB606D
:10C6A000D4F808E03CE6B369204623F00053B361B8
:10C6B000FFF78CFA94E62046FFF796FAD6F8403456
:10C6C000206823F02E03C6F84034836943F00053FA
:10C6D0008361A6E6BB681B0600F1C880BB685B05EA
:10C6E00000F1D780BB689B077FF51AAEFB680BFB98
:10C6F000014023F00203FB6090F85D30012B00F055
:10C70000E180032B00F0DB80042B00F0D880052BA8
:10C7100000F0FC80062B00F0E480082B00F0E180A4
:10C720000BFB01432046C7F808A093F85C20FFF7F5
:10C7300055FAD4F808E02068F2E5029B206803F47B
:10C74000C023B3F5802F18BF012104F023FD61E65B
:10C75000FB6801EB810243F0020304EBC202FB60C1
:10C76000936D01339365062382F85D30206804F0F1
:10C7700037FD80232068BB60D4F808E0D0E5FB6873
:10C7800043F00203FB6098E652F80970019347F00A
:10C790000057009142F80970624680F85CC020465C
:10C7A000FFF71CFADDE90013AEE5FA6801EB810939
:10C7B00042F0020204EBC909C9F85830FA6004F0EB
:10C7C0000FFD0123BB6089F85D30D4F808E02068D4
:10C7D000A6E503EB010C04EBCC0CDCF858000130AF
:10C7E000032825D8CCF8580002200B4404EBC303DF
:10C7F00083F85C0052F8093023F0804343F0004393
:10C8000042F809304AE608230091BB60FB6843F018
:10C810000203FB6004F0E4FC0099052201EB8101B6
:10C8200004EBC10383F85D20D4F808E0206877E5C5
:10C830000020CCF858000420D7E7FA680BFB014031
:10C8400042F0020283652068FA6004F0C9FC91E6B8
:10C850000BFB0143022083F85CA052F8093023F05F
:10C86000804343F0004342F8093017E6FB6800912B
:10C8700043F00203FB6004F0B3FC009906230BFBBA
:10C88000014181F85D3080232068BB60D4F808E066
:10C8900046E5FB68009143F00203FB6004F0A0FC56
:10C8A00010230099BB604FF480630BFB0141BB6018
:10C8B000082381F85D30D4F808E0206830E580F87E
:10C8C0005CA02DE780F85C3090F83F30023B012BF4
:10C8D0003FF626AF90F8513083F0010380F85130D5
:10C8E0001EE70BFB0140836D0133032B11D88365D9
:10C8F00002230BFB014080F85C3052F80C3023F02F
:10C90000804343F0004342F80C3009E780F85C3084
:10C9100006E7002383650423EBE700BF0000F81F50
:10C9200090F8B832012B0CD0012310B504460068F2
:10C9300084F8B83204F0B4FC0023184684F8B83206
:10C9400010BD0220704700BFF8B505460E461746D9
:10C95000701C2C682CD1A369990727D4A369DA0627
:10C96000F9D5A3699A06FCD520231022E261E36180
:10C97000A3699F0701D50023A362A369DE0703D43F
:10C98000A36943F00103A361636800221B482021CF
:10C990000340012063606B6C85F8402043F0040382
:10C9A0006B6485F8411085F84220F8BD0020F8BD81
:10C9B000A3699B07FAD4A369D9061BD4F6F7BAFE7C
:10C9C000C01BB04201D8002EC2D16B6C20210022C6
:10C9D00001200B4385F840206B6485F8411085F8F1
:10C9E0004220F8BDF6F7A6FEC01B8642EDD3002E0E
:10C9F000EBD02C68A3699B06F4D5B5E700E800FEF0
:10CA0000F8B505460E4617462C68A3699B0649D41F
:10CA1000A369DA0626D5731C38D1A3699E06FCD516
:10CA200020231022E261E361A369990701D5002365
:10CA3000A362A369DA0703D4A36943F00103A361E6
:10CA400063680022184820210340012063606B6C5A
:10CA500085F8402043F004036B6485F8411085F8A5
:10CA60004220F8BDF6F766FEC01BB04201D8002E8A
:10CA7000CAD16B6C2021002201200B4385F8402095
:10CA80006B6485F8411085F84220F8BDA3699806CB
:10CA9000C6D4F6F74FFEC01B8642EAD3002EE8D07C
:10CAA0002C68B8E70020F8BD00E800FE00284ED052
:10CAB00010B590F84130044603F0FF02002B41D03E
:10CAC00023682421626884F84110196822F070629A
:10CAD000E06821F00101012819601A619A6822F4C6
:10CAE00000429A60A26829D042F4044202289A6067
:10CAF00002D14FF400625A6058684FF0200C15497B
:10CB0000226901435960D96821F40041D960D4E910
:10CB10000501024342EA0122D4E90710DA6000224B
:10CB2000014310461960196841F0010119606264FF
:10CB300084F841C0226384F8422010BD42F40042D0
:10CB40009A60D9E780F84020FCF71EFCB8E7012086
:10CB5000704700BF008000022DE9F047984690F82A
:10CB60004130089E202B40F0878090F840300446EA
:10CB7000012B00F0818001238946174680F8403060
:10CB8000F6F7D8FD054604E0F6F7D4FD401B19285A
:10CB900075D82368986910F40040F5D121226762A6
:10CBA0006063C9F3090784F84120102284F8422009
:10CBB0006064A4F82A80628D92B2FF2A6DD8628DDB
:10CBC000494892B2D1B222855A6802403A4342EAB9
:10CBD0000142464911435960DFF81C814FF0FF0ABA
:10CBE000DFF81891638D2A46314620469BB2002B10
:10CBF00030D0FFF7A9FE002873D1606A216810F8D1
:10CC0000012B238D8A62628D013B6062013A9BB2E7
:10CC100092B223856285628D92B2002BE2D1002A06
:10CC2000E0D0701C43D18B691A06FCD5638D9BB292
:10CC3000FF2B48D94B682A46A4F828A0204603EACF
:10CC400008033B4343EA09034B603146638D9BB2C3
:10CC5000002BCED1FFF7D4FE002842D1236820213B
:10CC6000234DD9615A682A405A6084F8411084F8EB
:10CC7000400084F8420000E00220BDE8F087636CC9
:10CC80002021002201200B4384F84020636484F8B3
:10CC9000411084F84220BDE8F0875A6812490A40E2
:10CCA00014493A431143FF222285596094E78B6966
:10CCB0001B06BBD4F6F73EFD401B8642DFD3002E99
:10CCC000DDD02168ADE7638D9BB2DAB223854B6876
:10CCD00003EA080343EA02433B4343F000734B601B
:10CCE00080E70120BDE8F087009800FC002000826A
:10CCF00000E800FE0020FF81009C00FC0000FF0116
:10CD00002DE9F0471F4690F84130202B40F08E80EF
:10CD100004460D46002900F08380B2FA82F91646D7
:10CD20004FEA5919002A7BD05FFA83FA90F8403015
:10CD3000012B7BD0012380F84030F6F7FBFC212348
:10CD400065628046256884F8413084F842A0C4F8C2
:10CD5000449066856B68C4F8349023F400436B609C
:10CD60007B1C66D1AE693607FCD50823EB61E3680E
:10CD7000022B06D0AE69F60328D4AE69F603F9D5C6
:10CD800024E0AB691907FCD50823EB617B1CF1D0CB
:10CD9000AB69DD031AD4F6F7CDFCA0EB080087429F
:10CDA00053D3002F51D02568F0E74246394620463C
:10CDB000FFF7CAFD00285BD1636A226813F8011BE4
:10CDC0009162658D6362013DADB26585638D9BB2F5
:10CDD000002BEAD1424639462046FFF711FE0028D3
:10CDE0004DD02268536843F400435360636C042BB6
:10CDF00054D1002363642023D361781C41D193690B
:10CE00001904FCD451680023202041F400415160F2
:10CE100084F84100184684F8423084F8403003E03A
:10CE20004FF4007301206364BDE8F0870220BDE881
:10CE3000F087AB69180733D4F6F77CFCA0EB080049
:10CE4000874202D30FB125688AE7636C2020002156
:10CE50002268034384F84010636484F84100012091
:10CE600084F84210536843F400435360BDE8F087F0
:10CE700022680120536843F400435360D4E72268DA
:10CE8000B9E793691B04BDD5F6F754FCA0EB080085
:10CE90008742DAD3002FD8D02268AEE70120C3E75B
:10CEA0000823EB61E368022B7FF470AF08E0F6F72C
:10CEB00041FCA0EB08008742C7D3002FC5D02568EE
:10CEC000AB691A07F3D55FE70268436B9169126893
:10CED00003B11847704700BF90F84100704700BF8A
:10CEE00090F84120202A23D15FFA82FC90F840205C
:10CEF0000346012A1CD00268242000B583F84100B3
:10CF00004FF0000E106820F001001060106820F44F
:10CF1000805010601068014370461160116841F044
:10CF20000101116083F841C083F840E05DF804FB23
:10CF30000220704790F84120202A22D1034600B5F4
:10CF40005FFA82FE90F84020012A1CD0026824205B
:10CF50004FF0000C83F84100106820F001001060D1
:10CF6000106820F4706040EA012160461160116889
:10CF700041F00101116083F841E083F840C05DF8A1
:10CF800004FB0220704702205DF804FB2DE9F04FFE
:10CF9000076889B00446384604F0B0F810B109B00B
:10CFA000BDE8F08F8246206804F058F80028F6D0DB
:10CFB000206804F053F810F0020F206803D0436992
:10CFC00003F00203436104F049F810F4002B2068D9
:10CFD00040F0508104F042F810F4802F206840F0B7
:10CFE000EB8004F03BF8002874DB206804F036F88E
:10CFF000000564D4206804F031F8020114D52268D9
:10D00000536903F00063536194F8F433002B40F04C
:10D0100095810121204684F8F413536DC3F38303F3
:10D02000C4F8F83300F024FC206804F017F8C304B7
:10D030007BD4206804F012F810F4005F20685DD102
:10D0400004F00CF810F0100F206812D0836923F060
:10D05000100383613D6AC5F3434305F00F06022BBD
:10D0600000F03182062B00F07F81836943F01003CA
:10D07000836103F0F3FF070700F15781206803F095
:10D08000EDFFC60200F14681206803F0E7FF85024C
:10D0900000F13581206803F0E1FF400000F12681B6
:10D0A000206803F0DBFF41077FF579AF23685D68F7
:10D0B0006A0700F129825A682A435A606FE7D7F855
:10D0C0000838D90700F11C822068436903F4006323
:10D0D000436190E7D7F8043823F00103C7F8043818
:10D0E00094F8F433012B00F038812046FEF7EAFC77
:10D0F0002068436903F00043436177E704F002F8D6
:10D10000206803F0E7FC2568E060F8F791FF227BD8
:10D110000146284603F042FC2046FEF7A9FC2068A1
:10D12000436903F4005343618AE7D7F804381021B8
:10D13000206807F5006523F001036B6003F0B0FC85
:10D140006068B0B107F510634FF67F3199600AF15E
:10D15000010A1A682033824522F4001243F8202C79
:10D16000C3F8E811D3F8E02122F40012C3F8E0215B
:10D17000ECD1EB6943F00113EB61236B002B40F022
:10D18000E1806A6942F22B0313436B612B6943F020
:10D190000B032B61D7F8003804F57172217C23F45E
:10D1A000FE632068C7F8003803F0C8FF20684369B1
:10D1B00003F4805343613DE703F068FF8046206835
:10D1C000B8F1000F00F0E580264607F510694FF032
:10D1D000000BCDE9037A09E05FEA58080BF1010B77
:10D1E00006F11C0609F1200900F0D58018F0010FA6
:10D1F000F2D05FFA8BF7394603F064FFC3070546A8
:10D200001FD50BF00F03039901229A40D1F834384F
:10D2100023EA0203C1F834380123C9F8083023692E
:10D22000012B03D1D6E911231344B36439462046B8
:10D23000FEF710FC2369012B03D1BBF1000F00F0B6
:10D24000AC81280702D50823C9F80830E90602D5C1
:10D250001023C9F808306A0602D54023C9F80830FF
:10D26000AB0702D50223C9F808302D0600F1C680AD
:10D270002068B1E703F0FCFE05462068002D00F0B1
:10D28000868007F53066A1464FF0000B049707E053
:10D290006D080BF1010B06F1200609F11C097DD088
:10D2A000EB07F5D55FFA8BF1039103F0FDFE10F06B
:10D2B000010F8046039973D118F0080F40F0F280F7
:10D2C000206818F0100F01D01023B36018F0200F61
:10D2D00005D02169012900F05A812023B36018F498
:10D2E000005FD5D04FF40053B360D1E72046FEF77E
:10D2F000F5FB2068436903F080434361D1E6204693
:10D300005FFA8BF1FEF7E2FB2068436903F4001338
:10D310004361C0E620465FFA8BF1FEF7DBFB206835
:10D32000436903F480134361AFE62046FEF79CFB9C
:10D330002068436903F008034361A0E62046FEF736
:10D34000A9FB71E6D5F8843043F00B03C5F88430AF
:10D350006B6C43F00B036B641CE70021204684F8E0
:10D36000F41300F085FAC3E6C6EBC606082204F5FE
:10D370007171384603F0F0FDC5F30A1304EB860221
:10D380002068D2F814120B44C2F814326DE6AB4692
:10D3900020E6C34625E6DDE9037A22E6049F19E686
:10D3A000206801232769B36000F53063012FD0F8AE
:10D3B00040E003EB4B139A6800F0C580984FBE45E0
:10D3C00040F0BD80170440F1B6804FF4004218F0E1
:10D3D000080F9A603FF475AF026C986890498A42D2
:10D3E00000F0978020460392FEF724FB8D4B039AB2
:10D3F0009A4200F296800823B36061E7D6E914539D
:10D40000D4F800A0AB4250463FF6E6AE0AF51062F3
:10D41000716CCDF81CA002EB4B120592EA1A8A42FD
:10D4200028BF0A4605998969033289B2B1EB920F88
:10D43000C0F0A980CDF81890C146A046059C1AE01E
:10D44000736C3A46B16C50469D4228BF1D4698F811
:10D4500010300093ABB203F069FDB36CA1692B44AB
:10D4600089B2B364736D2B440335B1EB950F7365CB
:10D47000C0F08180356D9D42A5EB0305E0D84446A0
:10D48000C846DDF81890D4F800A0079B012250464A
:10D4900003F500610BF00F039A404B6B23EA020384
:10D4A0004B6399E62268216902F53063126C012909
:10D4B00003EB4B13986891D15A498A4229D82046E8
:10D4C000FEF7B8FA97E747F6F0731D423FF4CDAD8B
:10D4D000C6EBC606C5F30A12384604EB86061546A7
:10D4E000D6F8081203F038FDD6F8083220682B442D
:10D4F000C6F80832D6F814322B44C6F81432B4E514
:10D500002046FEF7C7FADFE52046FEF7EBFA236870
:10D51000D1E5020402D54FF400429A602046FEF79E
:10D5200089FA216901297FF466AF04F571722068D8
:10D5300003F004FE5FE7900601D520229A602046A2
:10D54000FEF77EFAB8E6170732D536498E4504D97C
:10D55000120402D54FF400429A6020460393FEF76E
:10D5600069FA04F571720121206803F0E7FD0822D1
:10D57000039B9A60A0E64446356DC846DDF81890D6
:10D58000D4F800A050469D423FF626AE7DE704F554
:10D59000717203F0D3FD20689FE6236D002B7FF4AA
:10D5A00050AE04F571720121206803F0C7FD48E612
:10D5B000970608D520229A6018F0080F3FF481AE34
:10D5C000026C986878E712F0280FF5D1154FBE4528
:10D5D00005D9120403D54FF400429A60ECE71B69A9
:10D5E0002046D9F80422C3F31203D31AC9F814321F
:10D5F000D9F808321344C9F80832FEF721FABBF112
:10D60000000F7FF459AED4F81032002B7FF454AEE3
:10D6100004F571720121206803F090FD4CE600BF13
:10D620000A31544F0A30544F90F8BC23012A0ED0CF
:10D63000012210B50446006884F8381084F8BC2331
:10D6400003F0FAFC0023184684F8BC3310BD022016
:10D65000704700BF10B501F00F0E0906044627D42D
:10D660004FF01C0C0CFB0E0C0CF5FE71CEEBCE0C2F
:10D6700000EB8C0C00208CF8FD018A604A7881F860
:10D6800000E0CB700AB1A1F806E0022B01D1002323
:10D690000B7194F8BC33012B18D00123206884F857
:10D6A000BC3303F029FA0023184684F8BC3310BDBC
:10D6B0001C204FF0010C00FB0E4000F13C01CEEBB2
:10D6C000CE0004EB800080F83DC0D6E7022010BDFC
:10D6D00010B501F00F041C21C4EBC40C01FB0401C4
:10D6E00000EB8C0C01F5FE71CCF810320023CCF865
:10D6F00008228CF8FC41CCF814328CF8FD31036917
:10D700000068012B08BFCCF80C22DAB21CB903F078
:10D7100053FB002010BD03F037FA002010BD00BFFE
:10D7200010B501F00F041C21C4EBC40C01FB040173
:10D7300000EB8C0C3C31CCF850300023CCF8482066
:10D74000CCF8543001238CF83C408CF83D30036910
:10D750000068012B08BFCCF84C20DAB21CB903F0EA
:10D760002BFB002010BD03F00FFA002010BD00BFFE
:10D7700038B5436801F00F059D4234D80B060446C6
:10D780001DD41C22C1EBC10302FB010100EB83038A
:10D79000002201F5FE7183F8FD2101230D708B70CD
:10D7A00094F8BC239A421CD0206884F8BC3303F060
:10D7B000E3FBD5B10023184684F8BC3338BD1C21E7
:10D7C000C5EBC503012201FB050100EB83033C31DE
:10D7D00083F83D2001230D708B7094F8BC239A428E
:10D7E000E2D1022038BD012038BD04F57172217CE0
:10D7F000206803F0A3FCDDE7426838B501F00F03B1
:10D80000934232D811F0800F04464FF01C01C3EB55
:10D81000C30219D101FB0341002004EB8202002561
:10D8200001F5FE7182F8FD010B708D7094F8BC3328
:10D83000012B18D00123206884F8BC3303F0D0FBFF
:10D84000284684F8BC5338BD01FB0341012004EB9A
:10D85000820200253C3182F83D000B708D7094F8F7
:10D86000BC33012BE6D1022038BD012038BD00BFFA
:10D87000704700BF38B5114BDA68520704D4DB6833
:10D8800003F00703834214D10C4CE36823F0070331
:10D890001843E060F5F74EFF054605E0F5F74AFF4F
:10D8A000401BB0F57A7F06D863689B04F6D500204C
:10D8B00038BD012038BD032038BD00BF00480258E4
:10D8C000024AD36843F08073D3607047004802581F
:10D8D00070B44D6A15B1B2F1406F3AD18B691BB388
:10D8E0000C6A002C4CD08E680068C661CE69002E90
:10D8F00069D02B4313432343CC6A334323430C6B3C
:10D9000023434C6B23430C692343CC6823430C68AB
:10D9100023434C69B2F1406F43EA8443436165D0CD
:10D920004B6870BC836170470B6ABBB100682B43C6
:10D930008C68CE69C461002E6BD01343CC6A33432C
:10D9400023430C6B23434C6B23430C692343CC6868
:10D95000DEE78B6A0468013B2361BFE7CB69002BDC
:10D9600066D1002D42D0CB6A0C6B2B430068134369
:10D970004A6923434C6B234343EA8243436135E0C6
:10D98000CC6945EA030C002C32D003684CEA020053
:10D99000B2F1406F40EA0400CC6A40EA04000C6B2C
:10D9A00040EA04004C6B40EA0400CC6840EA040002
:10D9B0000C6840EA04004C6940EA8440586115D084
:10D9C0004A689A6112E045EA030C0D694CEA0203C9
:10D9D000CA6A23431343D1E90C4223430C6813431F
:10D9E0004A692B43234343EA8243436170BC704737
:10D9F000CC6A4CEA020300682343D1E90C4223437A
:10DA00000C6813434A69234343EA824370BC436171
:10DA10007047CC6A13432343D1E90C422343134399
:10DA2000D1E90442234343EA824370BC4361704717
:10DA30002B43CD6A0C6B134300682B4323434C6B81
:10DA400084E700BF70B50446F5F774FE002C54D08F
:10DA500094F84030012B52D00123064684F8403020
:10DA600094F8413003F0FF02002B34D0A56C2268FB
:10DA7000A1681368013923F4706343EA012313603A
:10DA800001E06B1C31D1936813F02003F9D1E069F8
:10DA9000E16815680143206A0143606841EA00615A
:10DAA0001C482840014360691160A1695568014321
:10DAB000206941EA004118482840012501431846E1
:10DAC0005160116829431160636484F84150002358
:10DAD00084F8403070BD204684F84020FCF7ACF854
:10DAE00041F288331D46A364C1E7F5F723FE801B8E
:10DAF000A84206D82DB12268C5E7012070BD0220DA
:10DB000070BD0423012084F84130636C03436364D7
:10DB1000DDE700BF2FFFFF00FEF8E0FFC8B110B542
:10DB200090F840300446012B11D00268012380F8A0
:10DB30004030136823F001031360FCF70BF9002356
:10DB40006364184684F8413084F8403010BD0220E8
:10DB500010BD0120704700BF2DE9F04104460E467C
:10DB60001546F5F7E7FD94F84030012B3AD0012334
:10DB700084F8403094F84130012BDFB206D0022700
:10DB80000023384684F84030BDE8F0810023804609
:10DB90006364022384F84130681C23680ED19A68BC
:10DBA00012F02002FBD131462046FFF791FE736A46
:10DBB000E3B10123002784F84130E1E79A6812F0CD
:10DBC00020021ED0F5F7B6FDA0EB0800854201D378
:10DBD000002DE1D1042384F84130636C43F001034C
:10DBE0006364CDE702273846BDE8F0812268936878
:10DBF0009B07FCD5022101230027D16084F8413026
:10DC0000BEE731462046FFF763FE736A43B1D0E7B3
:10DC1000F5F790FDA0EB08008542DBD3002DD9D0AD
:10DC2000226893689907F3D5E4E700BF2DE9F8432C
:10DC3000044689461546F5F77DFD94F8403027687F
:10DC4000012B67D0012384F8403094F84130012B38
:10DC50005FFA83F807D04FF002080023404684F8AB
:10DC60004030BDE8F88300236364B9F1000F56D05B
:10DC70001223064684F841303B690133E3623B6975
:10DC8000C4F824900133A3627B6923F040637B6175
:10DC9000E36A002B31D06A1C394611D18B685B07CF
:10DCA000FCD5636A1B7887F82030E26A636A013A20
:10DCB0000133E262E26A6362F2B16A1C2168EDD06C
:10DCC0008B685807EDD4F5F735FD801B854201D3ED
:10DCD000002DF2D1042384F84130636C43F001033A
:10DCE000636413E0BB689B070CD4F5F723FD801B2E
:10DCF0008542EFD3002DEDD02768691CF2D1BB68B7
:10DD00009A07FCD502234FF00008FB60012384F83A
:10DD10004130A2E74FF002084046BDE8F883636C4B
:10DD200043F00803636498E72DE9F8430446154679
:10DD30008946F5F7FFFC2768BA6994F84030012B53
:10DD40006CD0012384F8403094F84130012B5FFA05
:10DD500083F807D04FF002080023404684F8403093
:10DD6000BDE8F88300236364B9F1000F5BD0222380
:10DD7000064684F841303B690133A3633B69C4F82C
:10DD80003090013363637B6923F0406343F0806329
:10DD90007B61BA61A36B002B33D0681C394612D16A
:10DDA0008B6813F0060FFBD097F82020236B1A70B6
:10DDB000A26B236B013A0133A263A26B2363FAB116
:10DDC000681C2168ECD08B6813F0060FECD1F5F7D6
:10DDD000B1FC801B854201D3002DF1D1042384F8CE
:10DDE0004130636C43F00103636413E0BB689B073D
:10DDF0000CD4F5F79FFC801B8542EFD3002DEDD0AE
:10DE00002768691CF2D1BB689A07FCD502234FF042
:10DE10000008FB60012384F841309DE74FF00208C1
:10DE20004046BDE8F883636C43F00803636493E7FE
:10DE30002DE9F84F04461F4689469046F5F77AFCCF
:10DE400094F84030012B52D0012384F8403094F8EC
:10DE50004130012B5FFA83FB07D04FF0020B002308
:10DE6000584684F84030BDE8F88F0023824663644A
:10DE7000422384F841307A1C26682CD1B568AB0661
:10DE8000FCD4D8F8003049462046B362D8F80430B4
:10DE90007362D8F80830F3623268D8F8103022F490
:10DEA00040021343D8F80C2043F480033360C9F8D0
:10DEB00028204FF00062FFF70BFD781C22681BD171
:10DEC00093681907FCD5082101234FF0000BD1609E
:10DED00084F84130C3E7B3689D06D2D5F5F72AFC34
:10DEE000A0EB0A00874212D3002FC4D10FE04FF0FD
:10DEF000020B5846BDE8F88F93681B07E3D4F5F78B
:10DF000019FCA0EB0A00874201D3002FD5D10423CE
:10DF100084F84130636C43F0010363649FE700BF02
:10DF20002DE9F04704460F461646F5F703FC94F832
:10DF30004030012B45D0012384F8403094F8413023
:10DF4000012B5FFA83F907D04FF0020900234846FE
:10DF500084F84030BDE8F08700238046D4F848A01C
:10DF60006364822384F84130BAF1FF3F256814D1FD
:10DF7000AB689A06FCD42B68726823F00803082A61
:10DF800043EA02032B6021D04FF04062394620461D
:10DF90004FF00009FFF79CFCD8E7AB689B06EAD579
:10DFA000F5F7C8FBA0EB0800824502D3BAF1000FD9
:10DFB000DAD1042384F84130636C43F001036364D5
:10DFC000C4E74FF002094846BDE8F08732681023E5
:10DFD0002A63EB602B6843F480132B60D4E700BF07
:10DFE000704700BF08B5006C00238363C36290F8DC
:10DFF0004130082B0BD103680222DA601A6842F420
:10E0000000321A601A6842F002021A6008BD012349
:10E0100080F84130FFF7E4FF08BD00BF704700BF44
:10E02000704700BF704700BF704700BF704700BF18
:10E03000704700BF704700BF38B5036804469A6850
:10E04000196855070ED548030CD594F84120122ABB
:10E0500075D094F84120222A00F0A1802046FFF7D5
:10E06000E5FF38BD950726D5880324D50222DA605E
:10E070001A6822F4E0221A6094F84120122A7AD019
:10E0800094F84120222A00F0A98094F84120022A25
:10E0900000F0D08094F84120082AE2D15A69012189
:10E0A000204622F040625A6184F84110636C3BBB09
:10E0B000FFF7B4FF38BD150725D4D50735D5C803FC
:10E0C00033D50125DD601A6822F470221A60626C73
:10E0D00042F0020262641A68520779D51A68E06B4E
:10E0E00022F004021A60574B836504F003FF0028F6
:10E0F000B7D0636C204643F00403636484F8415056
:10E10000FFF76EFF38BD0803D7D50822DA601A681A
:10E11000520206D51A68012122F410221A6084F8EE
:10E1200041102046FFF784FF38BDD00699D5CA02BA
:10E1300097D510222046DA60FFF77CFF38BD9A6839
:10E1400050078BD518460EE0626A127883F82020BB
:10E15000E16A20680139626AE162013281686262C3
:10E160004D077FF57BAFE26A002AEDD1036823F407
:10E170008023036072E71A68510709D51A68E16BBA
:10E1800022F0040209681A60CB6823F00103CB6017
:10E190000123204684F84130FFF746FF38BD9A68D6
:10E1A00052077FF55BAF18460EE093F82010226B04
:10E1B0001170A16B20680139226BA1630132816863
:10E1C000226349077FF54AAFA26B002AEDD1CDE764
:10E1D000204684F84150FFF703FF38BD1A68520704
:10E1E0001DD49A6812F47C5F0FD111E093F82010CF
:10E1F000226B1170A16B20680139226BA16301327F
:10E200008168226311F47C5F02D0A26B002AEDD1F9
:10E210000123204684F84130FFF704FF38BD1A6817
:10E22000E16B22F0040209681A60CB6823F0010355
:10E23000CB60EDE70123204684F84130FFF7F0FE84
:10E2400038BD00BFE5DF0008F8B501680546AC4BF6
:10E2500099421FD0203399421CD003F5787399421C
:10E2600058D02033994255D003F57873994200F085
:10E270001E812033994200F01A8195F89130A14E09
:10E2800003F0FF026BB9284685F89020FBF74AFEA1
:10E29000296806E09C4E95F8913003F0FF02002BB0
:10E2A000F1D09A4B9A4A1B68A2FB03230A681B0B06
:10E2B00022F480329B000A6023B30C68013B14F403
:10E2C0008034F9D1022385F89130EB68012B00F0FE
:10E2D0001081022B15BF032023200227222715BF00
:10E2E0004FF0010C4FF0210C00222022AB68013BC3
:10E2F000042B00F24B81DFE813F0CF001000D600B2
:10E300000F00D200D5F89430012043F04003C5F847
:10E310009430F8BD7F4EBEE73A464FF400672B6A53
:10E320003260002B44D0764B994200F01E817A482F
:10E33000081AB0FA80F04009002840F01681774BA7
:10E34000994200F00C812033994200F00881744B0F
:10E35000994200F0FE802033994200F0FA80714B20
:10E36000994200F00881704B994200F00A81AB6934
:10E3700000EB8000B3F5002F4FEA400300F0E2808D
:10E38000AA6A296AB2F1806F0CBF0222012201FB46
:10E3900002F21202B3FBF2F3644AA2FB0312D208A8
:10E3A00002EB8201A3EB4103092B08BF01326A6231
:10E3B0006B6833F002032B6D40F09680012B14BF85
:10E3C0004FF400740024F5F7CDF9696CB0F5005FE7
:10E3D000D5E9003242EA0102A96C42EA0102E96C85
:10E3E00042EA0102E96A42EA0102696942EA01027B
:10E3F00072D3A96918680A43A96A0A434C490140C3
:10E40000196029690A4319680A43696A42EA015294
:10E4100048493A4322431A605A68286B1140EA6916
:10E420000243686B5960024359680A4342495A6083
:10E430009A6811406A6E9960E96D98680A43296E7E
:10E440000A43696D01390A43A96D013942EA012283
:10E4500002434FF220009A60D968AA6E0140D96049
:10E46000E96ED8680A43696F42EA0142296F0139AF
:10E4700042EA0122224902438B42DA6019D0294A3A
:10E48000934216D000230122C5F89430184685F82F
:10E49000903085F89120F8BD4FF480673FE7024641
:10E4A0004FF400673BE762464FF4006737E7234EBF
:10E4B000F1E6736C23F00103736495F83830012B97
:10E4C000E0D1D5E90F23013A43EA02137364736C78
:10E4D00043F001037364D5E7A96918680A43184932
:10E4E00001401960A96A8DE7012B08BF4FF4007441
:10E4F00069E7132012274FF0110C1022F6E600BF37
:10E5000004580140005400580058014044020024BF
:10E510001BECCB95005C014024580140045C014099
:10E52000046001400454005824540058CDCCCCCC95
:10E5300010C005F0F01FFFFF0080F8FF00600140F1
:10E5400010C005F82A6A696D01FB02F2B3FBF2F311
:10E5500022E74FF40070F8F737FE2968FFE64FF422
:10E560000070F8F731FE2968F1E64FF48070F8F793
:10E570002BFE2968E3E64FF48060F8F725FE296852
:10E58000F1E64FF40060F8F71FFEF0E60027C6E65C
:10E59000022938B5044635D9C81E012830D80020D4
:10E5A00023676064E064E065A0664FF6FF70606713
:10E5B000606830F002000CBF0125002504294FF4EB
:10E5C000003125650CBF01200D2021664FF480210C
:10E5D000A0656166032A13D8DFE802F0474E54367F
:10E5E0002368484A934205D002F1C052A2F5823214
:10E5F000934205D16368012B02D1636C002B2FD0AD
:10E60000012038BD002023676064E064A066606874
:10E6100030F0020014BF0120002020654FF480304C
:10E62000E0654FF6FF70606713F00100E8D14D1E02
:10E63000012D29D860664FF400302066032ADFD808
:10E64000DFE802F05546362CE0215B018022A16410
:10E650006365E266F5F786F894F83830012BBFD091
:10E660002046BDE83840FFF7EFBD80211B01402266
:10E67000A1646365E266EDE780225B01A2646365E5
:10E68000E266E7E7C021E0E720664FF4802060669D
:10E69000032AB5D8DFE802F02B1C0C025B08E0204F
:10E6A00080219A01A0645B01E166C4E91523D1E7EA
:10E6B0005B08C022802502294FEA8310A2644FEA3A
:10E6C0004313E5666065A365C4D10823A366C1E76B
:10E6D0005B08802202294FEA8310A2644FEA4313A9
:10E6E000E266C4E91503B5D11023A366B2E75B085F
:10E6F000802040215A01A0641B01E166C4E9152372
:10E70000A8E700BF045801402DE9F8430F4604462E
:10E710001546F5F70FF8002F61D0B5FA85F84FEAE6
:10E720005818002D5BD094F89130012B5FFA83F9D3
:10E7300050D194F89030012B4CD04346C4F89480CB
:10E740000646D4F8800065F30F03226884F89090A1
:10E75000394665F31F43A7671C32E3672B46122532
:10E7600084F891502E4DC0F8508005642D4DC5633E
:10E770002D4DC564F6F708FB00283ED1636C082BCD
:10E78000636831D005216122023B012B98BF1146FD
:10E79000226813690B431361136843F40033136059
:10E7A00006E0F4F7C7FF831BB3F57A7F2AD8226807
:10E7B000556915F4E025F4D01368DB0303D413681E
:10E7C00043F4803313600023994684F89030484620
:10E7D000BDE8F8834FF002094846BDE8F8834FF0E2
:10E7E00001094846BDE8F88323F00202012A0BBF65
:10E7F0001521052171226122C6E7484684F89080E0
:10E80000BDE8F883D4F894304FF0030984F89050B1
:10E8100043F040034846C4F89430BDE8F88300BF95
:10E8200069E9000801E90008E9E90008F8B50029EC
:10E830004ED0B2FA82F513466D09002A48D090F8FE
:10E8400091200446012AD6B23FD190F89020012AA7
:10E850003BD081670A462946222780F8906063F3FF
:10E860000F01C0F8945063F31F41C167D0F88400D2
:10E8700084F891701E4F216807641E4F1C31056596
:10E88000C7631D4FC764F6F77FFA20BB23681A6879
:10E89000D20303D41A6842F480321A60626C082AE8
:10E8A00062681CD005216120023A012A98BF014606
:10E8B0001A6900200A4306461A611A6842F40032B7
:10E8C0001A6084F890003046F8BD02263046F8BD44
:10E8D00001263046F8BD304684F89050F8BD22F04D
:10E8E000020101290BBF1521052171206120DBE701
:10E8F000D9E9000875E90008E9E90008704700BF98
:10E9000008B5C369806BB3F5807F1BD003684FF0F7
:10E91000000C416C1A680829A0F87EC022F400326D
:10E920001A60426811D06FF0610C6FF00501023A75
:10E93000012A98BF61461A694FF0010C0A401A611A
:10E9400080F891C0FFF7DAFF08BD22F0020101292B
:10E950000BBF6FF0710C6FF0610C6FF015016FF071
:10E960000501E4E7704700BF806B08B5FFF7FAFFC9
:10E9700008BD00BF08B5C369806BB3F5807F1BD0AD
:10E9800003684FF0000C416C1A68082922F4003229
:10E990001A604268A0F87EC011D06FF0610C6FF071
:10E9A0000501023A012A98BF61461A694FF0010C2D
:10E9B0000A401A6180F891C0FBF7BAFB08BD22F04B
:10E9C000020101290BBF6FF0710C6FF0610C6FF049
:10E9D00015016FF00501E4E7806B08B5FBF76CFBF0
:10E9E00008BD00BF704700BF10B5846BF6F7D6FEB8
:10E9F000022823D0D4F89420216842F08002134BDF
:10EA00001348C4F894201B680A68A0FB030322F48F
:10EA100000321B0B0A600A689B0022F480320A60F5
:10EA20006BB10A68013BD203FAD4012200232046CD
:10EA300084F89120A4F87E30FFF7D4FF10BDD4F8FD
:10EA4000943043F04003C4F89430EEE744020024CD
:10EA50001BECCB9518B338B590F82C3004460D4616
:10EA600003F0FF02B3B12146022384F82C3051F8A1
:10EA7000040B01F0E7FE62682946206801F020FFE0
:10EA8000084A01210020136843F00043136084F812
:10EA90002C1038BD80F82D20F8F7A8FFE3E70120FF
:10EAA000704700BF0040005270B590F82C3004460B
:10EAB000022BD8B204D000F0FB06012E01D00120B9
:10EAC00070BD02230D46206884F82C3001F044FF0D
:10EAD0002B68022B03D0002084F82C6070BD052326
:10EAE000002084F82C3070BD38B590F82C300446E6
:10EAF000022BD8B205D094F82C30012BDDB201D016
:10EB0000012038BD0223206884F82C3001F038FF42
:10EB1000002084F82C5038BD2DE9F8431E46D0F86B
:10EB20008030202B71D18946002947D0B2FA82F774
:10EB300014467F09002A41D090F87C300546012B0D
:10EB400063D00123C0F8887080F87C302123C0F89E
:10EB50008030F4F7EFFDAB688046A5F85440B3F57C
:10EB6000805FA5F8564060D0B5F856309BB2002BB8
:10EB700059D02C68721C24D1E2691306FCD5B9F176
:10EB8000000F3DD019F8013BA362B5F85630013BA8
:10EB90009BB2A5F85630B5F856309BB2002BE9D1A0
:10EBA000711C35D1E3695A06FCD500232022184692
:10EBB000C5F8802085F87C30BDE8F8830120BDE8E9
:10EBC000F883E3691806DAD4F4F7B4FDA0EB080083
:10EBD000864201D3002ECCD12B68202100240320B3
:10EBE0001A6822F4D0721A609A6822F001029A60C0
:10EBF000C5F8801085F87C40C5F88410BDE8F8831E
:10EC000037F8023BC3F30803BEE70220BDE8F883F0
:10EC1000E3695B06C9D4F4F78DFDA0EB08008642DA
:10EC2000DAD3002ED8D02C68BAE72B69002B9BD101
:10EC30004F46994698E700BFF8B5D0F88070202F6E
:10EC400044D1002940D0B2FA82F67609002A3BD09E
:10EC5000044690F87C00012838D001252123606FFC
:10EC6000A4F856202165C4F88860A4F8542084F8DC
:10EC70007C50C4F88030D8B1DFF854C01346226805
:10EC8000C0F83CC0DFF84CC028320665C0F840C070
:10EC9000DFF844C0C0F84CC0F6F776F840B1102356
:10ECA000284684F87C60C4F88830C4F88070F8BDC9
:10ECB0002368002240211046196284F87C209A685B
:10ECC00042F080029A60F8BD0120F8BD0220F8BD34
:10ECD00089ED0008B9ED000809EE0008F8B5D0F894
:10ECE0008470202F48D1002944D0B2FA82F67609E8
:10ECF000002A3FD090F87C300446012B3CD00125FF
:10ED00002223C0F888608165A0F85C2080F87C50E0
:10ED1000C0F88430806FE0B1DFF860C013460A4667
:10ED20002168C0F83CC0DFF858C024310665C0F83F
:10ED300040C0DFF850C0C0F84CC0F6F725F840B12D
:10ED40001023284684F87C60C4F88830C4F88070AA
:10ED5000F8BD2368002084F87C001A6842F48072B1
:10ED60001A609A6842F001029A609A6842F0400282
:10ED70009A60F8BD0120F8BD0220F8BDC5ED00087D
:10ED8000FDED000809EE000808B5C369806BB3F516
:10ED9000807F0CD003680022A0F856209A6822F0E9
:10EDA00080029A601A6842F040021A6008BDFCF7BF
:10EDB000E1F808BD704700BF806B08B5FFF7FAFFA8
:10EDC00008BD00BF08B5C369806BB3F5807F12D062
:10EDD000036800222021A0F85E201A6822F48072C5
:10EDE0001A609A6822F001029A609A6822F0400242
:10EDF0009A60C0F88410FCF7C1F808BD806B08B5B4
:10EE0000FCF706F908BD00BF806B38B50368D0F881
:10EE10008040D0F884109A68150601D5212C1DD0A9
:10EE20009A68520601D5222908D0D0F8883043F0DC
:10EE30001003C0F88830FCF733F938BD00240F4ABE
:10EE40002025A0F85E40196821F490711960996836
:10EE50000A409A60C0F88450C466E6E70022202485
:10EE6000A0F856201A6822F0C0021A609A6822F4AC
:10EE700000029A60C0F88040D2E700BFFEFFFFEFBB
:10EE80000268D36970B51E0715680446916800F0E2
:10EE900084806C4805F4907C08405CEA00061DD133
:10EEA000D80202D54E0200F19D80180606D501F465
:10EEB000000105F08000014340F08C805E0602D521
:10EEC000680600F19B80190202D56A0000F1A38058
:10EED000DB0102D5002DC0F2AA8070BDDE0709D586
:10EEE000EE0507D501261662D4F8886046F00106C3
:10EEF000C4F888609E0760D5CE0709D50226166241
:10EF0000D4F8886046F00406C4F888605E0758D4D8
:10EF10001E070CD505F0200C5CEA000007D0082085
:10EF20001062D4F8880040F00800C4F88800D4F8D3
:10EF300088000028D1D09E0606D505F0200501F0F6
:10EF4000805155EA01036BD1D4F88850936805F0DD
:10EF5000080503F040031D436ED0116820203A4B92
:10EF600021F49071116091680B4000219360C4F806
:10EF700084009368E1665D063CD59368A06F23F03A
:10EF800040039360002835D0304B0365F6F71CF83A
:10EF90000028A2D0A06F036D0CE09E0680D505F07E
:10EFA000200C01F0805E5CEA0E063FF479AFC36E80
:10EFB000002B92D0BDE8704018475E07A8D5CE0759
:10EFC000A6D504261662D4F8886046F00206C4F876
:10EFD00088609DE7236F002B3FF47FAF2046BDE89C
:10EFE000704018474FF4801320461362BDE870400C
:10EFF00001F068BB2046FCF753F870BD1368202071
:10F00000002123F040031360C4F8800020462167EC
:10F01000FBF7B0FF70BD2046BDE8704001F056BB65
:10F02000E36E002B90D02046984722688CE720465C
:10F03000BDE8704001F048BB2046FCF731F8C4F849
:10F04000885070BD01000010FEFFFFEF51F0000876
:10F0500008B5806B0023A0F85E30A0F85630FCF7AE
:10F060001FF808BDD0F88020D0F884001043704706
:10F07000F0B58268044687B02368D0E904101D68A3
:10F080000A43616E0243E06902430A43A8492940EA
:10F09000A84D0A43E168AB421A605A6822F4405214
:10F0A00042EA0102A1695A6000F09D80226A9D68CF
:10F0B0001143A14A666A2A4011439960DA6A22F034
:10F0C0000F023243DA629D4A934224D09C4A934213
:10F0D00055D09C4A934200F02F829B4A934200F005
:10F0E0009B829A4A934200F0E980994A934200F049
:10F0F0009D82984A934200F0D885974A934200F047
:10F10000D682012500234FF0011228462367C4E967
:10F110001A2307B0F0BD914B5B6D03F03803282B29
:10F12000EFD88F4AD55CB0F5004F33D0202D00F2D8
:10F13000D981202D00F2B680DFE815F0A8017B010F
:10F14000B400B4007201B400B400B4004901B400CA
:10F15000B400B400B400B400B400B4001C01B400A6
:10F16000B400B400B400B400B400B400B400B400FF
:10F17000B400B400B400B400B400B400CA00774BCB
:10F180005B6D03F00703052BBBD8764AB0F5004F43
:10F19000D55CCBD1202D00F21482202D00F200820C
:10F1A000DFE815F08A035804FE01FE012804FE0181
:10F1B000FE01FE018604FE01FE01FE01FE01FE01CC
:10F1C000FE01FE01F203FE01FE01FE01FE01FE0151
:10F1D000FE01FE01FE01FE01FE01FE01FE01FE0137
:10F1E000FE01FE01B7039868534A02405B480A4398
:10F1F0009A60DA6A616A22F00F020A43DA62836D6A
:10F2000003F00703052B3FF67CAF574AD65C202E50
:10F2100000F29C81012E7FF674AFB31E1E2B3FF6C9
:10F2200070AF01A252F823F0DFF7000803F10008E5
:10F2300089F7000803F1000803F1000803F1000852
:10F2400053F8000803F1000803F1000803F1000877
:10F2500003F1000803F1000803F1000803F10008BE
:10F26000F3F7000803F1000803F1000803F10008B8
:10F2700003F1000803F1000803F1000803F100089E
:10F2800003F1000803F1000803F1000803F100088E
:10F2900003F1000803F1000803F1000803F100087E
:10F2A00069F8000801250023A3F110014FF6EF7261
:10F2B00091423FF626AF2268D36023E7274B5B6D70
:10F2C00003F00703052B3FF61CAF284AD55C2AE75D
:10F2D000002E00F0B581012E00F09E85022E00F078
:10F2E000B185032E00F0D885042E00F0F485052E9C
:10F2F00000F08486062E00F0BE86072E00F0FD8604
:10F30000082E00F05087092E00F07B870A2E00F0AF
:10F31000DC8743F60953164A0B2E18BF1346626862
:10F32000002503EB5203B3FBF2F39BB2BCE700BF33
:10F33000F369FFCF000C0058FFF4FF1100100140EB
:10F340000044004000480040004C00400050004095
:10F350000014014000780040007C00400044025846
:10F36000C4610108F0610108F8610108F061010859
:10F3700000093D00B34B1A68920640F16F811A688C
:10F38000B14BC2F3C102D340002EC8D0012E00F011
:10F39000EF81022E00F0C584032E00F0BF84042EFE
:10F3A00000F02B85052E00F09D86062E00F0DC86F1
:10F3B000072E00F01C86082E00F04E86092E00F065
:10F3C0008E860A2E00F0E3860B2EA8D126E003A835
:10F3D000F7F77EFD626A049B002AA0D0012A00F0A4
:10F3E000C781022A00F09D84032A00F09784042A32
:10F3F00000F00385052A00F0FD84062A00F07E85D2
:10F40000072A00F0F485082A00F02686092A00F071
:10F4100066860A2A00F0BB860B2A80D11B0A7EE78B
:10F420006846F7F797FC626A019B002A3FF477AFC2
:10F43000D4E7F6F72FFE636A03B3012B00F0F384E1
:10F44000022B00F0CE84032B00F0C884042B00F0C4
:10F450001785052B00F01185062B00F00686072B7B
:10F4600000F04886082B00F09B86092B00F0E1860F
:10F470000A2B00F03B870B2B08BF000A62680025AF
:10F4800000EB5203B3FBF2F39BB20DE7F6F7E6FD98
:10F49000636A03B3012B00F0C984022B00F0A78438
:10F4A000032B00F0A184042B00F0E484052B00F072
:10F4B000DE84062B00F0E685072B00F03686082B4D
:10F4C00000F08786092B00F0B1860A2B00F0FA863F
:10F4D0000B2B08BF000A626800EB5203B3FBF2F388
:10F4E0009BB2E1E6402D7FF40CAE002E00F0DC80F4
:10F4F000012E00F09484022E00F0A784032E00F069
:10F50000C784042E00F0EC84052E00F07A85062EC8
:10F5100000F0B485072E00F0FE85082E00F0498625
:10F52000092E00F08B860A2E00F029870B2E0CBFC7
:10F5300080234FF40043F2E6424B5B6D03F0070378
:10F54000052B3FF6DEAD414AD55CECE5402E7FF45D
:10F55000D8AD002900F0B580012900F06E840229A1
:10F5600000F08284032900F0AF84042900F03B8579
:10F57000052900F06985062900F0AD85072900F00E
:10F58000EF85082900F03686092900F05B860A29F4
:10F5900000F0F9860B290CBF80254FF4004592E05E
:10F5A00001250023A3F110014FF6EF7291423FF6BF
:10F5B000A8AD23F00F02C3F3420313432268D360C4
:10F5C000A0E5402D7FF49DAD002E00F0D380012EEC
:10F5D00000F0D280022E00F06D84032E00F0F4843F
:10F5E000042E00F02585052E00F06885062E00F01B
:10F5F000C285072E00F01086082E00F04886092EDE
:10F6000000F059860A2E00F0EC860B2E0CBF4FF44A
:10F6100080704FF48030AFE00A4B5B6D03F007035E
:10F62000052B3FF66EAD0A4AD55C7CE5054B5B6D5C
:10F6300003F03803282B3FF664AD064AD55C72E52B
:10F64000054B6CE6004402580090D003F0610108BD
:10F65000F0610108C461010800093D00002E00F0BE
:10F66000BA83012E00F0FD83022E00F02A84032EBF
:10F6700000F0B684042E00F0E484052E00F0288506
:10F68000062E00F08785072EDAD0082E00F0C483FE
:10F69000092E00F0D7830A2E00F01D84B44BB54A22
:10F6A0000B2E18BF13463AE64FF4004337E6B24B31
:10F6B0005B6D03F00703052B3FF623ADAF4AD55C26
:10F6C00031E54FF40045676807EB4703AB423FF66F
:10F6D00018ADB5EB073F3FF614AD202E00F2F082D7
:10F6E000012E7FF60EAD023E1E2E3FF60AAD01A39F
:10F6F00053F826F031FC000803F1000807FC00086D
:10F7000003F1000803F1000803F10008A5FB00085D
:10F7100003F1000803F1000803F1000803F10008F9
:10F7200003F1000803F1000803F1000839FB0008A9
:10F7300003F1000803F1000803F1000803F10008D9
:10F7400003F1000803F1000803F1000803F10008C9
:10F7500003F1000803F1000803F1000803F10008B9
:10F7600003F1000803F1000803F10008C1FA0008E2
:10F770005B08D4E54FF480306268002500EB52034B
:10F78000B3FBF2F39BB20DE76846F7F7E3FA636A5F
:10F79000019D03B3012B00F0CF82022B00F0C78242
:10F7A000032B00F0C182042B00F02F83052B00F007
:10F7B0002983062B00F09883072B00F02684082B62
:10F7C00000F04D84092B00F09B840A2B00F0FB8491
:10F7D0000B2B00F06582002D3FF494AC73E7F7F734
:10F7E000A7FA636A0546002BD4D1002D3FF48AACFA
:10F7F00069E7614B1A68950640F1A5821B685D4D6B
:10F80000C3F3C103DD4000293FF45DAF012900F0DF
:10F810004D83022900F04683032900F04083042928
:10F8200000F04584052900F08384062900F0D48483
:10F83000072900F02085082900F04F85092900F0EC
:10F84000F9850A2900F0FD850B297FF43CAF2D0ACC
:10F8500039E703A8F7F73CFB636A049D002B99D1B5
:10F86000002D3FF44FAC2EE7002900F06A820129F9
:10F8700000F0DF82022900F0F282032900F02883E1
:10F88000042900F0AA83052900F0D883062900F096
:10F890002E84072900F06184082900F0AF8409292B
:10F8A00000F0EF840A2900F0148543F60955344B23
:10F8B0000B2918BF1D4606E7F6F7D0FB636A03B3B2
:10F8C000012B00F0CA82022B00F0F782032B00F01C
:10F8D0007F83042B00F0B083052B00F0EB83062B15
:10F8E00000F05084072B00F09E84082B00F0B984B0
:10F8F000092B00F0E4840A2B00F070850B2B08BF65
:10F90000000A61684A0802EB4003B3FBF1F39BB2C3
:10F9100048E6002E00F03A82012E00F09A82022E74
:10F9200000F0C682032E00F04D83042E00F07E838B
:10F93000052E00F0BA83062E00F02184072E00F079
:10F940006F84082E00F08284092E00F0CC840A2EE9
:10F9500000F06C8547F612230A4A0B2E18BF134697
:10F960006268002503EB5203B3FBF2F39BB219E686
:10F9700090D003000090D00300440258F0610108C9
:10F9800000093D0000127A00A44B1A68910640F16C
:10F99000FF811A68A24BC2F3C10223FA02F206B336
:10F9A000012E00F0B182022E00F03783032E00F00A
:10F9B0006F83042E00F0C683052E00F00084062E0F
:10F9C00000F06F84072E00F07184082E00F003858C
:10F9D000092E00F03C850A2E00F036850B2E08BF5C
:10F9E000120A616800254B0803EB4203B3FBF1F3F5
:10F9F0009BB2D7E56846F7F7ADF9626A019902B3A1
:10FA0000012A00F00782022A00F01A82032A00F07D
:10FA10003A82042A00F06282052A00F0EB82062A6C
:10FA200000F01683072A00F07483082A00F0A183EF
:10FA3000092A00F001840A2A00F05B840B2A08BF1F
:10FA4000090A62680025530803EB4103B3FBF2F394
:10FA50009BB2A7E5F6F71EFB636A03B3012B00F028
:10FA6000FA81022B00F02B82032B00F08382042BFF
:10FA700000F0DA82052B00F02583062B00F0698365
:10FA8000072B00F0C283082B00F0EE83092B00F057
:10FA90007E840A2B00F08D840B2B08BF000A61685E
:10FAA00000254A0802EB4003B3FBF1F39BB279E572
:10FAB00003A8F7F70DFA626A0499002AC1D09FE7FC
:10FAC000616A002900F05482012900F01F83022995
:10FAD00000F08B83032900F0BF83042900F0008429
:10FAE000052900F0AA84062900F08E84072900F079
:10FAF0008784082900F0E584092900F0DE840A29BA
:10FB000000F0A8844748484B0B2918BF184600212D
:10FB10007B083A4618184FF0000341F10001F0F756
:10FB2000F3FDA0F54073414A93423FF6EAAA2368E9
:10FB30000025D860FFF7E6BA384A116811F02001B5
:10FB400000F0E781136800213548C3F3C103D840B2
:10FB5000636A0BB3012B00F04B83022B00F07F8311
:10FB6000032B00F00584042B00F05D84052B00F0CE
:10FB70002C84062B00F0A984072B00F0B484082BFA
:10FB800000F0AD84092B00F094840A2B00F08D84E2
:10FB90000B2B01D1000A00210902030241EA106186
:10FBA0007808B6E703A8F7F793F90498636A002189
:10FBB00002460BB3012B00F03582022B00F0868247
:10FBC000032B00F0C182042B00F02183052B00F0F1
:10FBD0004D83062B00F09083072B00F02184082B27
:10FBE00000F00B84092B00F004840A2B00F05284EF
:10FBF0000B2B01D1100A002162680902030241EABD
:10FC00001061500886E76846F7F7A4F80198636A20
:10FC100000210246002BEFD0CCE700BF0044025881
:10FC20000090D00300093D000000093DFFFC0F00DB
:10FC3000F7F77EF8626A002103460AB3012A00F052
:10FC40006E82022A00F0B982032A00F02483042A7B
:10FC500000F09383052A00F0A683062A00F0DA83D9
:10FC6000072A00F0D583082A00F01C84092A00F036
:10FC700015840A2A00F02F840B2A01D1030A0021DF
:10FC800062680902180241EA13615308C0184FF074
:10FC9000000341F10001F0F737FDA0F5407342E7A2
:10FCA0002D0A002D3FF42EAA0DE5B54B5B6D03F038
:10FCB0000703052B3FF625AAB24AD55CFFF733BAF6
:10FCC000402E7FF41EAA616A002900F04E810129AE
:10FCD00000F02782022900F08482032900F0CE82FE
:10FCE000042900F05783052900F05983062900F004
:10FCF0006883072900F06083082900F0B783092989
:10FD000000F0AF830A2900F0C0830B294FF00001F7
:10FD10000CBF4FF400404FF40000F9E69A4AA2FBF2
:10FD200003239B08FFF7FBBA974BA3FB0535AD08F0
:10FD3000002D3FF4E7A9C6E46D08002D3FF4E2A9C9
:10FD4000C1E4924DBFE400295AD0012900F0AC80F3
:10FD5000022900F0DB80032900F06181042900F012
:10FD6000A181052900F0EB81062900F01682072900
:10FD7000E7D008295DD0092971D00A2900F02D812A
:10FD8000834D844B0B2918BF1D469CE4824BE7E54D
:10FD9000002E50D0012E00F0AF80022E00F03B81EB
:10FDA000032E00F07A81042E00F0C781052E00F0AA
:10FDB000FD81062E00F04D82072EE7D0082E48D098
:10FDC000092E75D00A2E00F03181744B744A0B2E27
:10FDD00018BF1346C4E56F4BFFF7A1BA6A4BA3FBEC
:10FDE00000308008FFF74ABB674BA3FB0030800858
:10FDF000FFF771BB6B4AA2FB0323DB08FFF78FBA47
:10FE0000644D60E4674BA3FB0535ED08002D3FF41E
:10FE100079A958E4490814E6634BFFF780BA4FF418
:10FE20008043FFF77CBA4008FFF728BB4008FFF784
:10FE300052BB5D4D47E45A4B92E54FF4804542E496
:10FE40008908FEE5594BFFF76ABA4FF40053FFF7F4
:10FE500066BA4E4B84E5400821E6400851E5534D13
:10FE600031E4534BFFF75BBA4FF400552BE44D4B95
:10FE7000A3FB0030C008FFF72EBB4A4BA3FB0030AA
:10FE8000C008FFF7FBBA404BA3FB01239908D8E554
:10FE900041F25553FFF743BA464BFFF740BA3A4B8E
:10FEA000A3FB0535AD080EE4414D0CE46D080AE4F2
:10FEB0003D4B55E54FF480405EE4800821E5800825
:10FEC000EDE53D4BFFF72BBA41F25555FFF7FBBB74
:10FED000384DFFF7F8BB314BFFF721BAC908B0E541
:10FEE0004FF48053FFF71BBA0C23B5FBF3F5002D3D
:10FEF0003FF408A9FFF7E7BB264B31E5224AA2FBF6
:10FF00000323DB08FFF70BBA52086AE52A4DFFF717
:10FF1000DABB626A002A00F0C280012A00F079810F
:10FF2000022A00F0B281032A00F0C381042A00F003
:10FF30005E82052A00F05982062A00F09E82072A76
:10FF400000F09982082A00F09D82092A00F0978229
:10FF50000A2A00F083820B2A184A0E4B0EBF00219A
:10FF60000321134678083A4690E64FF40000CFE5A7
:10FF70001348CDE5044BA3FB002398088FE500BF91
:10FF800000440258F0610108ABAAAAAA00093D008A
:10FF900090D003000090D00300127A0020A1070047
:10FFA0000020A107CDCCCCCC80841E0040420F00A5
:10FFB0000048E8012A2C0A000024F400000090D038
:10FFC0000000093DCF4BCBE442F6AA20FFF7D4BB9B
:10FFD000CD4BA3FB0023980893E4CC4DFFF773BBF4
:10FFE000CB4BFFF79CB94FF48055FFF76CBB1B0957
:10FFF000FFF795B90A23B1FBF3F122E5C54BFFF7F3
:020000040801F1
:100000008EB940F6CC43FFF78AB92D09002D3FF495
:1000100079A8FFF758BBC04BA2E49208E1E4BC4DBD
:10002000FFF751BB4008E7E5C00838E5BB4B97E454
:100030004FF40050FFF7A0BBC00862E4B54DFFF7D6
:1000400042BBB74BFFF76BB940F6CC45FFF73BBB64
:100050000C23B1FBF3F1F4E45B09FFF760B96D0920
:10006000002D3FF44FA8FFF72EBBA74BA3FB00309A
:10007000C008FFF703BAAB4BFFF751B940F6AA230C
:10008000FFF74DB9A04BA3FB0030C008FFF723BA20
:100090009D4BA3FB02239A08A3E4A34B60E4A34B6C
:1000A00003215FE79E4DFFF70EBBA14B58E4ED081F
:1000B000FFF709BB0A23B0FBF3F022E441F69810E6
:1000C000FFF75ABB0A23B0FBF3F0E8E4800893E59E
:1000D000984BFFF724B940F6AA25FFF7F4BA9B091D
:1000E000FFF71DB90A22B3FBF2F3FFF718B98D4DE4
:1000F000FFF7E9BA0009FFF7C1B98F4BFFF70FB956
:10010000AD09002D3EF4FEAFFFF7DDBA8B480021AC
:10011000FEE4090995E44FF40063FFF700B94308D2
:10012000AEE54FF480000021F2E40009FFF7D3B9F7
:100130000A23B5FBF3F5FFF7C6BA814B10E47D4DFA
:10014000FFF7C1BAD2084CE406220023F0F7DCFA2C
:1001500052E50C23B0FBF3F0A1E4774DFFF7B3BAFF
:100160004FF40065FFF7AFBA0C22B3FBF2F3FFF7D1
:10017000D6B8490965E441F25450FFF7FDBA714B16
:10018000FFF7EEBB0C23B0FBF3F0FFF7BABBDB09C4
:10019000FFF7C5B86C4BFFF7C2B86B4DFFF793BACA
:1001A0004009FFF76BB9694BFFF7B9B8684BFFF728
:1001B000D7BB4FF48063FFF7B2B8830860E50A232A
:1001C000B2FBF3F20DE4ED09002D3EF49BAFFFF717
:1001D0007ABA4009FFF77FB90C23B5FBF3F5FFF7B7
:1001E00072BA4FF40010002192E45A4800218FE4C3
:1001F0004008D1E44FF48065FFF765BA534DFFF72F
:1002000062BA4FF22443FFF78AB8000947E4C008F6
:10021000F2E4514B1146A5E64FF48050FFF7ACBA1B
:100220003A4BFFF79DBB0009FFF76BBB8009FFF757
:1002300052B98009FFF722B9890902E44FF400732B
:10024000FFF76DB84FF40075FFF73DBA3A4BFFF773
:1002500087BB2F4BFFF784BB4048002158E4800840
:100260009AE44009FFF74DBB400918E40A22002335
:10027000F0F74AFAC0E42D09FFF725BA3848002103
:1002800046E44FF22445FFF71EBA364B6AE64FF4B8
:100290000060FFF771BA00230622F0F735FA034633
:1002A000EEE40C23B2FBF3F2FFF79BBB1209FFF75E
:1002B00098BB2D4B56E64FF48060FFF75DBA80097E
:1002C000FFF71FBBC009FFF706B947F61223FFF778
:1002D00026B847F61225FFF7F6B96D09FFF7F3B90F
:1002E0002248002114E4194BFFF73ABBC009FFF77D
:1002F000C5B8C909FFF7A5BB0C220023F0F704FA23
:100300007AE400BF54581400ABAAAAAA20A107009F
:10031000AAC2A200801A06000048E80140420F006D
:1003200000127A001516050054854501000090D092
:1003300000350C0000A8610090D003000080841EEE
:100340000024F4002A2C0A005561510048E80100FD
:100350000050C3000040420F000048E8002A2C0A69
:1003600000551500000024F400AAC2A20020A10735
:1003700006220023F0F7C8F90EE4C30880E44FF426
:100380008073FEF7CCBF4FF48075FFF79CB98009EE
:10039000FFF785BB4FF480100021FFF7B9BB53482E
:1003A0000021FFF7B5BB00230A22F0F7ADF90346A1
:1003B00066E4C009FFF773BB4FF400200021FFF78C
:1003C000A7BB4B480021FFF7A3BB0A220023F0F78D
:1003D0009BF9FFF7E1BB5209FFF703BBC009FFF729
:1003E00090BA4FF40070FFF7C7B9424BBAE5424BE1
:1003F000B8E590090021FFF7FFBB4009FFF7FCBB00
:100400003E480021FFF784BB3D480021FFF780BB39
:10041000030935E400230C22F0F776F903462FE4B4
:100420000009FFF7E9BBC008FFF7B6BB4FF2244352
:10043000FFF796BAAD09FFF746B932480021FFF73A
:1004400067BBED09FFF73FB9D209FFF7CABA9209B6
:10045000FFF7C7BA2C480021FFF75ABB2B4B0021EE
:1004600080E54FF400300021FFF752BB4FF48020AD
:100470000021FFF74DBB264B74E5264B72E5264B5A
:1004800000216FE5254B00216CE54FF48030002101
:10049000FFF73EBBD0090021FFF7AEBB8309002167
:1004A000FFF7EEBB4309FFF7EBBBC0090021FFF7E5
:1004B00073BB80090021FFF76FBB19480021FFF7CC
:1004C00027BB18480021FFF723BB0C220023F0F7BD
:1004D0001BF9FFF761BBC3090021FFF7D1BB40093E
:1004E0000021FFF759BB0009FFF756BB00CC0C00F9
:1004F00000AA0A000000A8610000127A0090D00350
:100500000015160500801A0600127A000020A107C7
:100510000000093D005561510040420F0080841EDB
:100520000024F4000048E801836ADA0710B406D515
:100530000168C46A4A6822F4003222434A609C0778
:1005400006D50168046B4A6822F4803222434A606F
:10055000590706D50168446B4A6822F48022224379
:100560004A601A0706D50168846B4A6822F4004283
:1005700022434A60DC0606D50168C46B8A6822F40F
:10058000805222438A60990606D50168046C8A6805
:1005900022F4005222438A605A060AD50168446C4C
:1005A0004A68B4F5801F22F4801242EA04024A60CD
:1005B0000BD01B0606D50268C16C536823F40023D8
:1005C0000B4353605DF8044B70474A68846C22F417
:1005D000C00222434A60ECE7002370B50446C0F82D
:1005E0008830F3F7A7F8054623681A6811070CD47A
:1005F0001A68520725D420220023C4F88020184608
:10060000C4F8842084F87C3070BDDE6916F40016CE
:10061000EED1F3F78FF8431BB3F1007F2368F4D3D7
:100620001A682021032022F4D0721A609A6822F0FE
:1006300001029A60C4F8801084F87C60C4F88410C9
:1006400070BDDE6916F48006D5D1F3F773F8431B4D
:10065000B3F1007F2368F4D3E2E700BF80B3D0F8A2
:10066000803010B5044633B3226824232046C4F8F2
:100670008030136823F001031360FEF7F9FC0128B2
:1006800017D0A36A8BB9236820465A6822F4904297
:100690005A609A6822F02A029A601A6842F00102AF
:1006A000BDE810401A60FFF797BF2046FFF73CFFF8
:1006B000E9E7012010BD80F87C30FAF7AFF9D3E705
:1006C00001207047704700BF704700BF704700BFF0
:1006D00090F87C20012A17D00268034624200021CC
:1006E00030B4C3F8800020251068146820F0005052
:1006F00024F001041460596610600846C3F8805065
:1007000083F87C1030BC70470220704790F87C2042
:10071000012A43D002680346242030B4C3F8800085
:1007200084B014681068EC4604AD20F0010010603D
:10073000906820F0604001431948916003C88CE83C
:100740000300184903C905E90300596E19B39168FC
:100750009068C1F3426C05EB5071AC4411F8100C79
:1007600011F8081CC0001CF8085CB0FBF1F01CF884
:10077000101CC900B1FBF5F1A3F868100021A3F823
:100780006A00202508461460C3F8805083F87C1066
:1007900004B030BC704701210846EDE702207047E5
:1007A000C85001080062010890F87C20012A43D05B
:1007B00002680346242030B4C3F8800084B0146873
:1007C0001068EC4604AD20F001001060906820F045
:1007D000606001431948916003C88CE80300184920
:1007E00003C905E90300596E19B391689068C1F314
:1007F000426C05EB5071AC4411F8100C11F8081C58
:10080000C0001CF8085CB0FBF1F01CF8101CC9001B
:10081000B1FBF5F1A3F868100021A3F86A002025C8
:1008200008461460C3F8805083F87C1004B030BCD4
:10083000704701210846EDE702207047C8500108C3
:10084000006201080B6810B4D3B90468A3F5004333
:100850004A6823401343D1E9024223431343D1E9B9
:10086000044223431343D1E9064223431343D1E90E
:10087000084223435DF8044B134303600020704794
:100880000268D1E9074322F4F84222434C6A1A4332
:100890000A4B2243026042681340D1E901422343DC
:1008A0001343D1E9034223431343D1E905422343D0
:1008B0005DF8044B13434360002070470080FFFF46
:1008C00030B40ABB8368D1E9002403F07043013CD3
:1008D000013A43EA04131343D1E90224013A013CEB
:1008E00043EA022343EA0432D1E904348969013B33
:1008F000013C013942EA034343EA045343EA0163FA
:1009000030BC8360002070478268CC68114B013C8A
:1009100013404A6943EA0433541E43EA0454D1E9BC
:1009200000258460C3686C1E013A03F0704343EAFB
:1009300004130C691A438B68013C8969013B013936
:1009400042EA032343EA044343EA016330BCC36041
:1009500000207047FF0F0FFF0246D1E9003010B4AE
:1009600003431469D1E9021023435DF8044B0139B4
:1009700043EA4023002043EA41131361704700BF5C
:100980000246054B002010B4546923405DF8044B27
:1009900043EA41015161704701C0FFFF022A82B062
:1009A000844613D009230193DCF80C30002023F493
:1009B0007053CCF80C30019BDCF80C209B0203F444
:1009C00070531343CCF80C3002B07047224B234ACB
:1009D0000B44934207D9224B224A0B44934205D839
:1009E0000E230193E0E70F230193DDE71E4B1F4A1F
:1009F0000B44934207D91E4B1E4A0B44934205D227
:100A00000C230193D0E70D230193CDE71A4B1B4A2A
:100A10000B44934202D80B230193C5E7184B194AA4
:100A20000B44934202D20A230193BDE7164B174AA7
:100A30000B449342B6D3164B164A0B44934202D250
:100A400008230193B0E7144B144A0B44934234BF7C
:100A5000072306230193A7E7405327FFFF340C0029
:100A6000401E1BFF3F420F0000DC0BFF7F4F1200B8
:100A7000808CF9FE20D6130060B6E5FE5FE3160019
:100A800000D3CEFE40771B00C05BB3FEC0912100B7
:100A900000CA91FE20753800E05459FEE09C4100E8
:100AA000890182B000230A4A41F0200101930161CB
:100AB00003E0036913F0200307D0019B0133934245
:100AC0000193F6D9032002B07047184602B0704770
:100AD000400D0300D0F8083882B003F006030193FC
:100AE000019838B10198022804D0019B062B0CBF55
:100AF00002200F2002B0704730B44B780A78012BE7
:100B000020D002F00F0C4FF48033D0F81C4800EBDB
:100B1000421203FA0CF32343C0F81C38D2F8003B0E
:100B20001B040CD48B68D2F8004BC3F30A03C878BB
:100B30001449234343EA80431943C2F8001B0020B1
:100B400030BC704700F5006402F00F0500EB421066
:100B5000AB40E5692B43E361D0F800391C04EED4C7
:100B60008B68D0F80059C3F30A03CC7805492B43AE
:100B700043EA844343EA8252114330BCC0F800196F
:100B800000207047008000102DE9F0414B7891F86B
:100B900000C0012B51D000EB4C1C844CDCF8105BE6
:100BA0000CF530632C401C61814C1D692C401C618C
:100BB0004C6984B38D68012A7E4E2C4404F1FF34C5
:100BC000B4FBF5F406EAC44EA4B205FB04F41D69B7
:100BD0004EEA0505C4F312041D611D6944EA0504CB
:100BE0001C6125D0CB78012B0CD1D0F8083813F438
:100BF000807FDCF8003B0CBF43F0005343F0805390
:100C0000CCF8003BDCF8003B43F00443CCF8003B5D
:100C10000020BDE8F0818C68012A1D69C4F312042C
:100C200044EA05041C611C6944F400241C61D9D108
:100C3000CA68002AD6D05A61D4E74D69002D3DD04C
:100C400000EB4C14594ED1F808E0D4F81089584FF5
:100C500008EA0606C4F8106905EB0E06013EB6FB6D
:100C6000FEFED4F810693740524EC4F8107906EAF7
:100C7000CE46D4F810793E43C4F81069C5F3120685
:100C8000D4F810793E43C4F8106904F5106691F861
:100C900003E0BEF1010F57D0012A72D0D4F8002929
:100CA0000CF00F0C42F0044203FA0CF3C4F80029D4
:100CB000D0F834281343C0F83438A9E700EB4C13BC
:100CC0003B4E3A4C012AD3F8107906EA0706C3F8DE
:100CD0001069D3F8106946F40026C3F81069D3F8F8
:100CE000106904EA060403F51066C3F8104991F888
:100CF00003E03AD0D3F80049BEF1010F44F00444B8
:100D0000C3F8004984D1D0F8083813F4807F3368E1
:100D10000CBF43F0005343F080533360002A7FF44C
:100D200077AFADB20335AD083FF472AFCB6800EBDF
:100D30000C3C03EB85010CF5805C53F8042B8B42D3
:100D4000CCF80020F9D163E73369012A23F0C043CE
:100D50003361336943F00053336117D0D4F800395D
:100D600043F00443C4F80039CDE70B6963B9BEF121
:100D7000010F0ED03368002043F004433360BDE818
:100D8000F0810B69002BF5D07361F0E70B69002B44
:100D9000FAD1D0F8083813F4807F33680CBF43F0E1
:100DA000005343F080533360E4E700BF0000F8FFD6
:100DB000FFFF07E00000F81FF0B54C780B78012C1E
:100DC00026D000EB4310574CD0F8105B00F5306391
:100DD0002C401C61544C1D692C401C614C69A4B909
:100DE0008C681D69C4F31204012A45F400251D61B5
:100DF0001D6944EA05041C6149D0D0F8003B43F06A
:100E00000443C0F8003B0020F0BD8C684C61E8E76B
:100E10004C69002C40D000EB4315424FD1F808E05C
:100E2000D5F810C9404E74450CEA070705F5106C5B
:100E3000C5F81079D5F8107906EA0706C5F81069E3
:100E400058D9DCF81040012AC1F814E044F4002419
:100E5000CCF81040CEF31204DCF8106044EA06042B
:100E6000CCF810403AD0D5F8002942F00442C5F839
:100E70000029BEF1000FC6D003F00F010123D0F806
:100E800034288B401343C0F834380020F0BDCA68C2
:100E9000002AB2D05A61B0E700EB4310224B012A7E
:100EA000D0F8104900F5106C03EA0403CCF81030B8
:100EB000DCF8103043F40023CCF81030194BDCF888
:100EC000104003EA0403CCF8103007D0D0F8003902
:100ED00043F00443C0F800390020F0BD0B690BB1AA
:100EE000CCF81430DCF80030002043F00443CCF898
:100EF0000030F0BDDCF81060C4F31204012A46F49F
:100F00000026CCF81060DCF8106044EA0604CCF847
:100F10001040E3D0D5F8002942F00442C5F800297A
:100F2000AAE700BF0000F8FFFFFF07E010B49DF83C
:100F3000044064B903339B0809D0013201EB8303F9
:100F400000EB023051F8042B8B420260FAD10020F2
:100F50005DF8044B704700BF033292080AD000F5D9
:100F6000805C01EB8200DCF8003041F8043B8842F1
:100F7000F9D17047084670474A780B78012A00EB90
:100F800043100CD0D0F8002B0BB1002A14DAD0F8A3
:100F9000003B43F40013C0F8003B00207047D0F83A
:100FA0000029002A00DB73B9D0F8003943F400139C
:100FB000C0F8003900207047D0F8003B23F0804390
:100FC000C0F8003BE3E7D0F8003923F08043C0F8D5
:100FD0000039D0F8003943F40013C0F80039E9E7CC
:100FE0004A780B78012A00EB431013D0D0F8003B6D
:100FF00023F40013C0F8003BCB78023B012B01D94E
:1010000000207047D0F8003B43F08053C0F8003B0D
:1010100000207047D0F8003923F40013C0F80039DD
:10102000CB78023B012BEBD8D0F8003943F080534A
:10103000C0F8003900207047034609010020D3F8AA
:10104000002801F4FE6122F4FE62C3F80028D3F800
:1010500000281143C3F80018704700BF82B04369ED
:1010600001938269019B13400193019802B070477C
:1010700082B0D0F818380193D0F81C28019B134097
:1010800001930198000C02B0704700BF82B0D0F805
:1010900018380193D0F81C28019B13400193019844
:1010A00080B202B0704700BF00EB411182B0D1F8AE
:1010B000083B0193D0F81428019B13400193019839
:1010C00002B0704784B0D0F8103801F00F0C00EB7C
:1010D00041110293D0F834380393039B029A23FA08
:1010E0000CF3DB01DBB213430293D1F80839029A07
:1010F00013400193019804B0704700BF406900F0AD
:1011000001007047D0F8001900F500630A4A0A4050
:10111000C0F800299A6802F00602042A05D1D0F826
:10112000002942F00302C0F800295A68002042F466
:1011300080725A60704700BF00F8FFFF144B10B474
:10114000046C9C421AD800F5306000230129036129
:10115000036943F400230361036943F01803036147
:10116000036943F0C043036104D14261036843F063
:101170008023036000205DF8044B7047D0F8003BEB
:1011800000F53060002BE0DA00205DF8044B70477A
:101190000A30544FD0F8002401F00303012900F570
:1011A000806C22F00302C0F80024D0F8002443EA47
:1011B0000203C0F8003409D0022901D00020704792
:1011C00041F270730020CCF8043070474BF6803346
:1011D0000020CCF804307047D0F8140480B2704777
:1011E00000EB4111002382B001F5A0620193D1F818
:1011F000003513F4802FD1F8003543F08043C1F857
:10120000003522D1C36A13F47F0FD1F8003523D102
:1012100023F00043C1F80035D1F8003543F0004316
:10122000C1F80035D1F8003523F40043C1F800358A
:1012300002E01368002B13DA019B0133B3F57A7FC8
:101240000193F6D9002002B07047D0F8103413F49F
:101250007F0FD1F8003506D043F00043C1F80035C8
:10126000002002B0704723F00043C1F80035D1F8E8
:10127000003543F00043C1F80035D1F8003523F4C0
:101280000043C1F8003502E01368002BE8DA019B47
:101290000133B3F57A7F0193F6D9002002B070478D
:1012A00030B4002484B04FF48465AA4A0094014607
:1012B000836823F0010383600394056102E00B69F6
:1012C000980604D5039B013393420393F7D900207A
:1012D0001023A04A02900B6102E00B69DB0604D5E3
:1012E000029B013393420293F7D9D1F8003501F5FF
:1012F000A06201F5E0600193019B43F080430193FC
:10130000019B23F000430193019B23F400430193CD
:10131000019BC1F80035D1F820350193019B43F0C2
:1013200080430193019B23F000430193019B23F42D
:1013300000430193019BC1F82035D1F8403501935A
:10134000019B43F080430193019B23F000430193F1
:10135000019B23F400430193019BC1F84035D1F870
:1013600060350193019B43F080430193019B23F07F
:1013700000430193019B23F400430193019BC1F8B7
:101380006035D1F880350193019B43F08043019390
:10139000019B23F000430193019B23F4004301933D
:1013A000019BC1F88035D1F8A0350193019B43F032
:1013B00080430193019B23F000430193019B23F49D
:1013C00000430193019BC1F8A035D1F8C0350193CA
:1013D000019B43F080430193019B23F00043019361
:1013E000019B23F400430193019BC1F8C035D1F860
:1013F000E0350193019B43F080430193019B23F06F
:1014000000430193019B23F400430193019BC1F826
:10141000E035D1F800360193019B43F080430193FE
:10142000019B23F000430193019B23F400430193AC
:10143000019BC1F80036D1F820360193019B43F09F
:1014400080430193019B23F000430193019B23F40C
:1014500000430193019BC1F82036D1F84036019337
:10146000019B43F080430193019B23F000430193D0
:10147000019B23F400430193019BC1F84036D1F84E
:1014800060360193019B43F080430193019B23F05D
:1014900000430193019B23F400430193019BC1F896
:1014A0006036D1F880360193019B43F0804301936D
:1014B000019B23F000430193019B23F4004301931C
:1014C000019BC1F88036D1F8A0360193019B43F00F
:1014D00080430193019B23F000430193019B23F47C
:1014E00000430193019BC1F8A036D1F8C0360193A7
:1014F000019B43F080430193019B23F00043019340
:10150000019B23F400430193019BC1F8C036D1F83D
:10151000E0360193019B43F080430193019B23F04C
:1015200000430193019B23F400430193019BC1F805
:10153000E03613680193019B43F080430193019BC4
:1015400043F000430193019B23F400430193019B6B
:10155000136004E0400D03001368002B05DA009BC4
:101560000133B3F57A7F0093F6D920328242E0D17D
:101570004FF0FF330020C1F814344B618B6843F007
:1015800001038B6004B030BC704700BF08B5D0F8D1
:101590008C321BB11B68984700B908BD022008BDFA
:1015A00008B5D0F88C325B689847002008BD00BFB2
:1015B00038B500F520750446284600F07DFB012271
:1015C000B4F8863294F88012C4E99B2301F01F031B
:1015D000934209D0022B13D063B101F08001204661
:1015E000FAF796FA002038BD2946204600F092FA14
:1015F000002038BD2946204600F00AF9002038BDF9
:101600002946204600F0BAFA002038BD38B5054614
:1016100069B91346D0F86C22032A15D0052A0C4666
:101620000ED1C5F86C12FAF773FA204638BDD0F81F
:101630008C329B6933B190F87422032A02D1984707
:10164000002038BD022038BDD0E9531291420CD998
:10165000891A8A42C0F84C1188BF8AB2194698BFCD
:1016600092B200F055FB002038BDD0F88C321B69D7
:101670001BB190F87422032A04D0284600F052FBD4
:10168000002038BD9847F8E770B5044661B9D0F836
:101690006C32022B15D033F0040337D094F8783233
:1016A000012B2ED0002070BDD0F88C325B6933B195
:1016B00090F87422032A02D19847002070BD0220BE
:1016C00070BDD0E908630D469E4223D8C669B6FBBB
:1016D000F3F203FB12620AB9B34228D9D4F88C3270
:1016E000DB681BB194F87422032A30D08021204695
:1016F000FAF70EFA204600F021FB94F87832012B1D
:10170000D0D10023184684F8783270BD8021FAF7D2
:10171000FFF9C3E7F31A114603629AB200F0EEFA3A
:101720002B462A4629462046FAF73EFAB6E7D0F875
:1017300070329E42D2D20A4600F0E0FA2B462A4688
:1017400029462046C4F87052FAF72EFAA6E720463A
:101750009847CBE770B50022402604460125114684
:101760003346FAF7C3F93346802100222046C4F8F5
:101770004451C4F85061FAF7B9F90021D4F8903215
:10178000A561666284F87452C4F86C126160C4F892
:101790007C1223B1D4F88C3220465B689847002035
:1017A00070BD00BF03460020197470470346042132
:1017B000002093F8742283F8741283F8752270471E
:1017C0000346002093F8752283F87422704700BF07
:1017D00090F87422032A01D00020704708B5D0F891
:1017E0008C32DB6903B19847002008BD00207047A8
:1017F0000020704700207047D0F88C22012108B5E6
:1018000080F87412017953689847002008BD00BF22
:1018100030B50B7883B00D46044603F06003202BEF
:101820000DD0402B0BD09BB180212046FAF770F9E8
:1018300000212046FAF76CF9002003B030BDD4F83F
:101840008C32294620469B689847002003B030BD63
:101850004B78092BE8D801A252F823F0B7180108F9
:10186000E3180108291801080119010829180108BD
:1018700009190108411901082918010871190108FD
:10188000851801088978A24D01292970CCD890F8D3
:101890007432022B00F01281032B00F000818021B2
:1018A000FAF736F900212046FAF732F9297820466E
:1018B000FFF776FEC0E790F87432013B022BB3D8F5
:1018C000CB88022BB0D10122D0F87C32C2600BB1A0
:1018D0000323C360022204F10C01204600F000FA49
:1018E000AAE790F87432013B022B9DD84B88012B5C
:1018F000A2D100232046C4F87C3200F013FA9BE703
:101900004B88012B98D1F5E78B88002B8CD1CB88A5
:10191000002B89D14D887F2D86D890F87432032B07
:1019200082D0E9B280F87612FAF722F9204600F068
:10193000F9F9002D00F0E080022384F874327BE78F
:101940004A88130A013B062B3FF66EAF01A151F8FE
:1019500023F000BF051A0108ED190108DB19010881
:101960002918010829180108C51901089719010843
:10197000CA88012A7FF458AF90F87432022B00F223
:101980008780002B3FF450AF0146002341F8083F09
:1019900000F0A6F950E7037C002B7FF445AFD0F8A8
:1019A0008C320DF106001B6B984707234370BDF87E
:1019B0000620002A67D0EB88002B5BD1204600F080
:1019C000B1F939E7037C002B7FF42EAFD0F88C32CD
:1019D0000DF106005B6B9847E9E7D1B2052900F2EB
:1019E0008F80DFE801F0271F17372F3F037C002B84
:1019F00072D1D0F88C320DF106009B6A9847022311
:101A00004370D4E7D0F888320DF10601007C1B68E2
:101A10009847CCE7D0F888320DF10601007CDB68EE
:101A20009847C4E7D0F888320DF10601007C9B6826
:101A30009847BCE7D0F888320DF10601007C5B685E
:101A40009847B4E7D0F888320DF10601007C5B6955
:101A50009847ACE7D0F888320DF10601007C1B698D
:101A60009847A4E7D0F888320DF10601007C9B6905
:101A700098479CE79A420146204628BF1A46ADF88F
:101A8000062000F02DF9EB88002B7FF4D5AE95E70A
:101A9000032B7FF4C9AE011D00F022F9CCE621B37F
:101AA000416801298AD0C9B2FFF77AFD297820461A
:101AB0006160FFF76BFD022880D1B5E600293FF495
:101AC0007DAF01210323416080F87432FFF75EFD92
:101AD00002287FF473AFA7E6D0F88C320DF1060030
:101AE000DB6A98470223437061E70223416080F874
:101AF0007432FFF755FD61E7012384F874329BE6E9
:101B0000D0F88C320DF106029B6B98474FE700BF6F
:101B10007C18012438B50B780D46044603F06002AA
:101B2000402A0AD05B0608D58021F9F7F1FF002191
:101B30002046F9F7EDFF002038BD94F87432013BE0
:101B4000022B11D82B79012B0ED8D4F88C322946D0
:101B500020469B689847EB88002BECD10028EAD1FF
:101B6000204600F0DFF8E6E780212046F9F7D0FFB5
:101B700000212046F9F7CCFF002038BD38B50B789E
:101B8000044603F06003202B0CD0402B0AD083B115
:101B900080212046F9F7BCFF00212046F9F7B8FF65
:101BA000002038BDD4F88C3220469B68984700202E
:101BB00038BD4B788A88012B5FFA82FC37D0032B23
:101BC00023D0002BE4D190F87432022B4AD0032B9F
:101BD000DED10CF00F03120603EB830300EB83034B
:101BE00051D4D3F84431002BD2D00CF07F0314250C
:101BF00005FB030505F5A075002B4FD12B600222D4
:101C00002946204600F06CF8CAE790F87432022B9F
:101C10001DD0032BBCD14B882BB91CF07F0F02D0F9
:101C2000CB88002B43D0204600F07CF8B8E790F832
:101C30007432022B0BD0032BAAD14B88002BAFD1CF
:101C40001CF07F0FEFD06146F9F770FFEBE71CF057
:101C50007F0F9DD06146F9F75BFF80212046F9F7A1
:101C600057FF9DE71CF07F0F92D111064FF0000344
:101C70004FF002024CBF00F1140100F5A0710B609F
:101C800000F02EF88CE79B69002B81D00CF07F03CD
:101C90005D1C05EB850500EB8505ADE7614620463B
:101CA000F9F752FF08B10123A8E72860A7E76146CA
:101CB000F9F72EFFB7E700BF0B7803704B7843703E
:101CC000CA788B7803EB022343804A790B7903EBC4
:101CD00002238380CA798B7903EB0223C380704788
:101CE00010B5134602240A460021C0F86C42C0E930
:101CF0000733F9F74BFF002010BD00BF8C460021D1
:101D000008B513466246F9F741FF002008BD00BF41
:101D10008C46002108B513466246F9F745FF0020BE
:101D200008BD00BF08B504210023C0F86C121A4694
:101D30001946F9F72BFF002008BD00BF08B50521A3
:101D40000023C0F86C121A461946F9F72DFF00203F
:101D500008BD00BFD0F8C4230132C0F8C423027804
:101D60000B2A00D07047D0F87C33002BFAD09B6947
:101D7000184700BF012380F823337047002380F801
:101D800023337047034600220121104683F82013B5
:101D900083F8212383F82223704700BF38B501233D
:101DA0000025044680F8213380F8235380F820531F
:101DB000F9F71EFF2179204600F006F861792046E8
:101DC00000F002F8284638BD0A2907D800EB810048
:101DD000D0F88433C3F30E03C0F884330020704777
:101DE0000C4A82B00C4BD2F8DC1041F04001C2F832
:101DF000DC10D2F8DC2002F040020192019A1A684D
:101E000022F020021A601A6842F004021A6002B03E
:101E1000704700BF004402580018024870B5002304
:101E200004464FF4806204214FF440353448C4F82E
:101E30003821C4F8D410C4F83431C4F84C113149F5
:101E4000C4F8B000C4F82811C4E92F32C4E9313312
:101E5000C4E93335C4E93733C4E94F33C4E95135F4
:101E6000C4E95533A2680323C4F8D830C4F850310C
:101E7000042A0AD8DFE802F01F262D340300552279
:101E80005623C4F8B420C4F82C310022402304F1B6
:101E9000B005C4F8B8202846C4F83031F2F7B6FDD2
:101EA00008B1FFBEFEE704F594763046F2F7AEFDCA
:101EB000E8B1FFBEFEE725222623C4F8B420C4F80B
:101EC0002C31E2E727222823C4F8B420C4F82C31AF
:101ED000DBE73D223E23C4F8B420C4F82C31D4E71C
:101EE00053225423C4F8B420C4F82C31CDE704F1B4
:101EF0002803C4E92865C4F8E830C4F8603170BD2F
:101F000040040240580402402DE9F04F814683B05E
:101F10000E4617461D4600F12804204601F094FDA8
:101F200001288246F9D14846FFF778FF804600280D
:101F300035D1EFF31083019372B6DFF888B00C9BB4
:101F400099F90820DFF880A0DFF88090CBF8003006
:101F50000D9B89F80020CAF800300DB11846A8473B
:101F6000BAB23146204601F0E5F830B9019B03B919
:101F700062B6404603B0BDE8F08F0023CBF80030D6
:101F8000CAF80030FF2389F800300C9B8BB1012187
:101F90000D9888469847019B002BEAD1E8E70C9BF7
:101FA00053B1D0460D9851469847404603B0BDE81E
:101FB000F08F4FF00108D9E7D046404603B0BDE8A6
:101FC000F08F00BFA0220124A8220124A422012412
:101FD0002DE9F04F814683B00E4617461D4600F1AD
:101FE0002804204601F030FD01288246F9D14846F8
:101FF000FFF714FF8046002835D1EFF310830193DB
:1020000072B6DFF888B00C9B99F90820DFF880A041
:10201000DFF88090CBF800300D9B89F80020CAF8DB
:1020200000300DB11846A847BAB23146204601F03B
:1020300045FA30B9019B03B962B6404603B0BDE82A
:10204000F08F0023CBF80030CAF80030FF2389F866
:1020500000300C9B8BB101210D9888469847019B5D
:10206000002BEAD1E8E70C9B53B1D0460D985146BE
:102070009847404603B0BDE8F08F4FF00108D9E71C
:10208000D046404603B0BDE8F08F00BFA022012437
:10209000A8220124A42201242DE9F04F814683B017
:1020A0000F461646984600F12804204601F0CCFC65
:1020B0000128FAD182464846FFF7B0FE05460028BF
:1020C00038D1EFF31083019372B699F90830DFF835
:1020D0008890DFF888B089F800300D9BDFF880A089
:1020E000CBF800300E9BCAF800300C9B0BB10E9859
:1020F00098471FFA88F33A463146204601F0D2F855
:1021000030B9019B03B962B6284603B0BDE8F08F31
:102110000023CBF80030CAF80030FF2389F80030E4
:102120000D9B8BB101210E980D469847019B002B0A
:10213000EAD1E8E70D9B4BB155460E9851469847BA
:10214000284603B0BDE8F08F0125DAE7554628465A
:1021500003B0BDE8F08F00BFA4220124A022012417
:10216000A82201242DE9F043002387B0022204466F
:1021700005690493CDE90223D0E902128E00FAB179
:10218000022D7AD02178B5FA85F54FF00108276A3B
:102190000B294FEA551521D1A2780B2A02D0B8F1AC
:1021A000000F38D123790B2B01D0002D6CD1A379EE
:1021B00017B10B2B40F09980002007B0BDE8F083E9
:1021C00035F002032178276A0CBF4FF001084FF069
:1021D0000008023D18BF01250B29DDD07D4B94F886
:1021E00001C053F8262010780B2802D0884200F056
:1021F000AD80D378D01C994202D10B2B40F0BD802A
:102200009379901D8B4202D10B2B40F0BC800120B2
:1022100007B0BDE8F083711C6E4BE07853F82130B5
:1022200019780B2902D08A4200F0B580D97803F1E1
:10223000030C0B2902D08A4200F0BB80997903F18C
:10224000060C0B29E3D08A42E1D1DB798342DED14F
:10225000634604F102099B7848460593F9F7D6FCDA
:1022600080464846F9F7DAFC01A901904046F9F7A3
:1022700085FD23790B2B98D199E70178076A0B2903
:1022800040F0868001258DE7B11C524A607952F8F2
:10229000212011780B2902D08B4200F08180D17867
:1022A000D51C0B2902D08B4200F08D809179951DB1
:1022B0008B42ACD10B29AAD0D3798342A7D12A462D
:1022C000251D937828460593F9F7A0FC0346284678
:1022D0001D46F9F7A3FC01A901902846F9F74EFD28
:1022E000A379002F7FF465AF66E7F11C394AE079E6
:1022F00052F8212011780B2901D08B425FD0D17880
:10230000D51C0B2901D08B424FD09179951D8B4262
:102310007FF47DAF0B293FF47AAFD37983427FF40A
:1023200076AF2A46A51D937828460593F9F76EFCEB
:1023300004462846F9F772FC034601A9204601939A
:10234000F9F71CFD002007B0BDE8F0835378634522
:102350007FF44FAF937820460593F9F757FC8146F9
:102360002046F9F75BFC01A901904846F9F706FD04
:10237000A2780B2A7FF413AF14E7137963457FF437
:102380003FAF0246E6E7D37963457FF440AFF8E715
:102390009846012522E7597881427FF447AF58E7F4
:1023A000517881427FF47BAF8AE711798142ACD1C9
:1023B000B7E7197981427FF441AF634649E7517825
:1023C00081429CD1AEE7117981427FF46FAF2A46FA
:1023D00076E700BF10620108654A0368934200F087
:1023E000B980A2F57842934200F0B68002F580628F
:1023F000934200F0B38002F57842934200F0B0803F
:1024000002F5E052934200F0AD805A4A934240F008
:10241000AB8005234FF4D071574A01FB03F310B58D
:10242000D418D05C86B0F9F701FCA078F9F7FEFB70
:102430002079F9F7FBFBA079F9F7F8FBA368052BE6
:1024400011D8DFE803F0192F455B71034B4BD3F82C
:10245000F42042F02002C3F8F420D3F8F43003F063
:1024600020030593059B2046FFF77CFE012801D041
:1024700006B010BDFFBEFEE7404B00222320D3F87C
:10248000F01041F48051C3F8F0101146D3F8F03049
:1024900003F480530093009BF2F706F92320F2F730
:1024A00041F9E0E7354B00222420D3F8E81041F44D
:1024B0008041C3F8E8101146D3F8E83003F48043B4
:1024C0000193019BF2F7F0F82420F2F72BF9CAE709
:1024D0002A4B00223320D3F8E81041F40041C3F81E
:1024E000E8101146D3F8E83003F400430293029B4E
:1024F000F2F7DAF83320F2F715F9B4E71F4B0022B0
:102500005420D3F8F01041F40051C3F8F0101146F4
:10251000D3F8F03003F400530393039BF2F7C4F8AD
:102520005420F2F7FFF89EE7144B00225520D3F811
:10253000F01041F48011C3F8F0101146D3F8F030D8
:1025400003F480130493049BF2F7AEF85520F2F7DE
:10255000E9F888E700235DE701235BE7022359E7F9
:10256000032357E7042355E700231B78FFDE00BF52
:102570000030014000140058801801240044025823
:102580002DE9F043002289B01B4B01210DF1040C11
:102590009E461A4B0791E146E04667460EF11C063F
:1025A0000EF138050EF15404CDE90122CDE90322E4
:1025B000CDE90522FF221A70BCE80F00AEE80F003B
:1025C0009CE807008EE80700B9E80F000FC69CE8FA
:1025D000070086E80700B8E80F000FC59CE8070071
:1025E00085E807000FCF0FC49CE8070084E80700C8
:1025F00009B0BDE8F08300BF14030024A422012425
:10260000014801F0F5B800BFA8180124014801F005
:10261000EFB800BF481A0124014801F0E9B800BF33
:10262000E81B0124014801F0E3B800BF881D012424
:10263000014801F0DDB800BF281F012410B5EFF3F9
:10264000108472B6084B1A78120602D504B962B625
:1026500010BD1B784FF4D07204485BB202FB03003C
:10266000B030F2F74BFDF1E7A422012480180124D9
:1026700010B5EFF3108472B6094B1A78120602D522
:1026800004B962B610BD1B784FF4D07205485BB236
:1026900002FB030000F59470F2F730FDF0E700BF95
:1026A000A4220124801801242DE9F04184B0EFF325
:1026B000108772B6284AFF21284C1368217023B175
:1026C00000211160264A1068984723781B061CD504
:1026D000DFF894800025234E4446216879B1626872
:1026E0006AB1A369012B22D0A3B963693046019373
:1026F00023690093E3682289FFF76AFC18B3013568
:102700001C3406F5D076042DE7D107B962B604B0C3
:10271000BDE8F081D4E90430CDE90130E0682389D7
:1027200000903046FFF7B8FC0028E8D10BE0D4E970
:1027300004301146CDE900303046E3682289FFF7C6
:10274000E3FB0028DBD1C5EBC50508EB850348F8A2
:1027500025005860D9E700BFA0220124A42201244B
:10276000A822012480180124140300242DE9F0413B
:1027700084B0EFF3108772B6284AFF21284C136803
:10278000217023B100211160264A106898472378F0
:102790001B061CD5DFF894800025234E4446216893
:1027A00079B162686AB1A369012B22D0A3B96369C8
:1027B0003046019323690093E3682289FFF708FC00
:1027C00018B301351C3406F5D076042DE7D107B9CE
:1027D00062B604B0BDE8F081D4E90430CDE901303F
:1027E000E068238900903046FFF756FC0028E8D1C6
:1027F0000BE0D4E904301146CDE900303046E368FF
:102800002289FFF781FB0028DBD1C5EBC50508EB6A
:10281000850348F825005860D9E700BFA0220124AD
:10282000A4220124A82201248018012414030024D6
:102830002DE9F04184B0EFF3108772B6284AFF21EA
:10284000284C1368217023B100211160264A1068BA
:10285000984723781B061CD5DFF894800025234E6B
:102860004446216879B162686AB1A369012B22D01C
:10287000A3B963693046019323690093E368228911
:10288000FFF7A6FB18B301351C3406F5D076042DEE
:10289000E7D107B962B604B0BDE8F081D4E90430ED
:1028A000CDE90130E068238900903046FFF7F4FB62
:1028B0000028E8D10BE0D4E904301146CDE900301E
:1028C0003046E3682289FFF71FFB0028DBD1C5EB08
:1028D000C50508EB850348F825005860D9E700BF17
:1028E000A0220124A4220124A8220124801801246A
:1028F000140300242DE9F04184B0EFF3108772B681
:1029000000F06AFB284A294CFF21136821702BB183
:10291000002111600121264A1068984723781B0680
:102920001CD5DFF894800025224E4446216879B1F9
:1029300062686AB1A369012B22D0A3B963693046EA
:10294000019323690093E3682289FFF741FB18B3E1
:1029500001351C3406F5D076042DE7D107B962B6EF
:1029600004B0BDE8F081D4E90430CDE90130E0687D
:10297000238900903046FFF78FFB0028E8D10BE059
:10298000D4E904301146CDE900303046E3682289AD
:10299000FFF7BAFA0028DBD1C5EBC50508EB8503C4
:1029A00048F825005860D9E7A0220124A422012478
:1029B000A8220124801801241403002430B4544BAD
:1029C000002108220220534CD9615862C3F8BC117F
:1029D000C3F8C401C3F85C13C3F86403C3F8F42458
:1029E000C3F8F814C3F8FC14C3F80405C3F894261C
:1029F000C3F89816C3F89C16C3F8A406C3F8342885
:102A0000C3F83818C3F83C18C3F84408424D43488B
:102A1000C3E90521C3E96D21C3E9D5212288A37843
:102A20003F49EA80CA800B723E492B72CA800B7202
:102A30002168A0F803204371C28003723A4C3B48DE
:102A4000E2802372A0F80320394C4371C2800372E4
:102A50003848E2802372A0F80320374C4371C280CB
:102A60000372080C2180A070A4F803206371E28037
:102A70002372324C324D2180A070A4F80320637180
:102A8000E28023722F4CEA8021802B72A070A4F880
:102A900003206371E28023722B4C2180A070A4F884
:102AA00003206371E2802372284C2180A070A4F877
:102AB00003206371E2802372254C2180A070A4F86A
:102AC00003206371E2802372224C2180A070A4F85D
:102AD00003206371E28023721F4C21801F49A07084
:102AE000A4F803201E486371E2802372A1F803203A
:102AF0001C4C4B71CA800B721B49E2802372C2804E
:102B00000372A1F803204B71CA800B7230BC70476E
:102B1000801801240C6201089C020024C0020024D9
:102B20009002002454020024A8020024E40200249D
:102B3000CC0200246C0200247022012458220124BB
:102B4000D80200246422012440220124942201247A
:102B50007C220124882201244C2201240803002421
:102B6000FC020024F002002478020024714A036869
:102B700011698B4200B587B04BD0916E8B4200F04B
:102B8000B680D2F8C0108B4200F0B380D2F8181192
:102B90008B4200F0B080B3F1804F1ED0664A934262
:102BA0000DD0664A934200F0A880654A934200F037
:102BB000B280644A93421ED007B05DF804FB624BBA
:102BC000D3F8E82042F00202C3F8E820D3F8E83056
:102BD00003F002030293029BEEE75B4BD3F8E8207D
:102BE00042F00102C3F8E820D3F8E83003F0010313
:102BF0000193019BE0E7544BD3F8E82042F0100228
:102C0000C3F8E820D3F8E83003F010030593059BE0
:102C1000D2E700205821B3F1804F01FB0022127B44
:102C20001ED045498B4235D044498B4248D0444957
:102C30008B42BED1444BD3F8E81041F00801C3F8F1
:102C4000E810D3F8E83003F008030493049B002A4B
:102C5000B2D0322000220F21F1F726FD322014E0FD
:102C6000394BD3F8E81041F00101C3F8E810D3F86C
:102C7000E83003F001030193019B002A9CD01C2043
:102C800000220F21F1F710FD1C2007B05DF804EBC6
:102C9000F1F748BD2C4BD3F8E81041F00201C3F81E
:102CA000E810D3F8E83003F002030293029B002AF5
:102CB00082D01D2000220F21F1F7F6FC1D20E4E751
:102CC000214BD3F8E81041F00401C3F8E810D3F821
:102CD000E83003F004030393039B002A3FF46CAF36
:102CE0001E2000220F21F1F7DFFC1E20CDE701207E
:102CF00090E702208EE703208CE7134BD3F8E820FF
:102D000042F00402C3F8E820D3F8E83003F00403EB
:102D10000393039B50E70C4BD3F8E82042F00802E2
:102D2000C3F8E820D3F8E83003F008030493049BC9
:102D300042E700BFAC22012400040040000800402C
:102D4000000C004000100040004402580F4B026885
:102D500019698A420BD0996E8A4211D0D3F8C010FB
:102D60008A420FD0D3F818118A420DD07047002143
:102D7000582202FB01331A6D002AF7D0586D104714
:102D80000121F5E70221F3E70321F1E7AC22012459
:102D9000014800F0F3BF00BFBC220124014800F04D
:102DA000EDBF00BF14230124014800F0E7BF00BFBE
:102DB0006C230124014800F0E1BF00BFC4230124BB
:102DC000F0B54FF0580C0F682E4D8DB00CFB07FC82
:102DD000032F05EB0C06066047DC0B4608683446FB
:102DE00049689A6807C41B7B237004AC7268264B41
:102DF000002A4FF00002726118BF1022B2610FCB9F
:102E000084E80F000CAB03EB870353F8203CB3F1CD
:102E1000804F336124D01D4A934221D030890CF178
:102E2000100458230021802203FB07532C44C3E9DC
:102E300007019A62204600F00BFE034600B1FEE750
:102E40004FF4805208A92046099301930892CDE9D6
:102E50000A33CDE9023300F0CBFE034640B1FEE772
:102E6000582303FB07539868D9E701200DB0F0BD44
:102E700001A920460193039301F038F80028F5D00A
:102E8000FEE700BFAC220124D0500108000C004036
:102E9000006808B5037B10302BB100F093FE0038BA
:102EA00018BF012008BD00F073FE003818BF0120D4
:102EB00008BD00BF03681B69586A70470C4B0022AD
:102EC0004FF0FF311A739960196683F86420C3F8D4
:102ED000B81083F8BC20C3F8101183F81421C3E99B
:102EE0000022C3E91622C3E92C22C3E9422270471B
:102EF000AC220124034688B190F83D20022A03D079
:102F0000802201209A66704702680421002083F81D
:102F10003D10D36823F00103D36070470120704750
:102F200003682C495A6910B49C6944F008049C61F8
:102F30009C6944F010049C611C6824F001041C602E
:102F40001C6921401961996821F44041996090F809
:102F50008110042901D0910630D490F88110032902
:102F600001D054061FD4910509D5D0F8841041F042
:102F70000101C0F88410996941F400719961D2058A
:102F800009D5D0F8842042F00802C0F884209A695C
:102F900042F480729A6100235DF8044BA0F862301D
:102FA000A0F86A307047D0F8841041F00401C0F8EE
:102FB0008410996941F040019961D4E7D0F88410F8
:102FC00041F08001C0F88410996941F020019961B5
:102FD000C3E700BF90FCFFFF002800F0A480026858
:102FE0000021F8B5514B044681629A4216D0A3F5F0
:102FF00078439A4212D003F58063C0689A4200F089
:103000008A800F2808D8E16B00F108034D09DB081E
:1030100005FB0333082B15D90120F8BDE068E16BEF
:1030200000F10803414E4D09DB0805FB0333404D19
:10303000AA4218BFB24203D005F58065AA4201D169
:10304000102BE9D894F8813003F0FF05002B58D0FD
:10305000002702236568A66B84F88130136823F08B
:1030600001031360A369B3F1806F3ED03943676BEE
:103070003B43676A3B4327693B4367693B43276A96
:103080003B43E76C3B43A7683B43A76C3B43A76DBF
:103090003B432B433343E669314308439060D3609D
:1030A000B5B9936823F4C05343F400639360936805
:1030B00023F4C06343F480639360136D23F0010332
:1030C000136500200123C4F8840084F88130F8BD22
:1030D000136D23F0010313656B02F2D5D368616DA4
:1030E00023F000430B43D360EBE7B5F5800FBDD170
:1030F000002EBBD1D2F800C04CF4805CC2F800C0F6
:10310000B4E7204684F88050FFF766F92268A76A82
:10311000E16BE0689DE7E16B00F108034D09DB0816
:1031200005FB03338CE70120704700BF00300140EE
:1031300000380040F8B590F88030012B00F08C800A
:1031400090F88130154601220446DEB2934280F8A1
:1031500080206AD1002963D0B5FA85F35B09002D80
:103160005ED003224366A0F8683080F88120C0F862
:103170008430A0F86250A0F86A30C165A0F86050B1
:10318000C0E91C338368B3F5C02F04D1026813680B
:1031900043F400631360E368A06F0F2B4BD983697E
:1031A000B3F5804F3CD122683A4B3B4F2032036449
:1031B00052F8183CC763394F23F40043C764002713
:1031C000076542F8183CB4F862309BB2F1F7DCFDB9
:1031D000002844D1A36F324ADB69B3F5807F2368AE
:1031E000596802EA010218BF2A435A609A68616866
:1031F00042F40042B1F5800F9A601A6942F44872B5
:103200001A611A6842F001021A6003D11A6842F486
:1032100000721A6000231E4684F880303046F8BDE4
:10322000002384F880303046F8BD0023022680F861
:1032300080303046F8BD072B83691AD8B3F5005F9C
:1032400020D0B3F5804FAED1B4F862309BB20333D7
:103250009B08A4F86230A6E702263046F8BDD4F8F1
:103260008430012243F01003C4F8843084F88120B4
:10327000D9E7B3F5804F05D0B3F5005FD0D1B3F5F2
:10328000804F90D1B4F862309BB201335B08A4F850
:10329000623088E7ED3601087136010819370108F8
:1032A0000000FFFF70B51D4690F88030012B00F044
:1032B000B9800123044680F8803090F8813040685E
:1032C000DBB2B0F5800F7DD0012B40F08580002D62
:1032D00018BF002A71D000296FD094F88130042BD8
:1032E00002D0052384F881300023E1652168C4F809
:1032F0008430A4F86250A4F86A50A4F86050626662
:10330000A4F86850C4E91C338B6823F440438B60F5
:10331000E3680F2B65D9E06F8369B3F5804F4CD11B
:1033200094F88130042B00F08A805E4B03645E4B7E
:10333000C3635E4E3031B4F86A30C66400269BB277
:103340000665F1F721FD00286ED12268A16F936810
:10335000203243F4804342F8183CB4F86230C1E9AB
:103360000F00C1E913009BB20846E16DF1F70CFDB7
:10337000002859D1A36FDB69B3F5807F236863D040
:1033800059684B4A0A402A435A609A68616842F475
:103390000042B1F5800F9A601A6942F458721A61BE
:1033A0001A6842F001021A6003D11A6842F40072EE
:1033B0001A60002384F8803070BD0023012084F857
:1033C000803070BDA06800287FF47EAF042B3FF4EE
:1033D0007EAF012B3FF47BAF0023022084F88030C6
:1033E00070BD072B35D8A36F9B69B3F5005F50D034
:1033F000B3F5804F06D1B4F862309BB203339B081B
:10340000A4F86230E06F8369B3F5005F39D0B3F59B
:10341000804F85D1B4F86A309BB203339B08A4F87F
:103420006A307DE7022070BDD4F88430012243F079
:1034300010031046C4F8843084F8812070BD1D4B01
:1034400003641D4BC36374E75968194A0A405A6004
:103450009BE7E06F8369B3F5005F02D0B3F5804F5F
:10346000ABD1A66FB669B6F5804F06D1B4F86260ED
:10347000B6B201367608A4F86260B3F5804F7FF4E7
:103480004FAFB4F86A309BB201335B08A4F86A30DE
:1034900046E7B4F862309BB201335B08A4F86230AF
:1034A000B0E700BF0D370108C13601081937010820
:1034B0000000FFFFFD360108993601082DE9F041B3
:1034C0001546826804460E4622B94368B3F5800F5C
:1034D00000F0958094F88030012B00F09980012352
:1034E00084F8803094F88130012BDFB269D1002E4E
:1034F00061D0B5FA85F35B09002D5CD00421B2F5EB
:10350000C02F666684F88110A4F86850C4F884302F
:10351000A4F86030A4F86A50A4F86230C4E91C33FF
:1035200004D12268136823F400631360E3680F2B4F
:103530004ED9E06F8369B3F5804F3CD121688B6829
:1035400023F480438B603246454EB4F86A30303104
:103550000664444E9BB2C663434EC66400260665AD
:10356000F1F712FC002857D1E36F404ADB69B3F54D
:10357000807F2368596802EA010218BF2A435A6013
:103580009A68616842F48042B1F5800F9A601A69C6
:1035900042F450721A611A6842F001021A6003D1B3
:1035A0001A6842F400721A6000231F4684F88030C3
:1035B0003846BDE8F081002384F880303846BDE805
:1035C000F0810023022784F880303846BDE8F0817E
:1035D000072B2BD82168E06F8B6823F480438B6026
:1035E0008369B3F5005F32D0B3F5804FABD1B4F847
:1035F0006A309BB203339B08A4F86A30A3E72B46DA
:1036000004250A4680F88150BDE8F041FFF74ABE24
:1036100002273846BDE8F081D4F88430012243F017
:103620001003C4F8843084F88120C7E7E06F826912
:10363000B2F5804F02D0B2F5005FBCD12168B2F57F
:10364000804F8B6823F480438B607FF47CAFB4F8A9
:103650006A309BB201335B08A4F86A3073E700BF9D
:10366000FD36010899360108193701080000FFFFEF
:10367000806B08B590F88130072B09D0836FDB6928
:10368000B3F5807F05D00268136943F00803136126
:1036900008BDFFF709F808BD806B08B590F88130C8
:1036A000072B09D0C36FDB69B3F5807F05D00268B3
:1036B000136943F00803136108BDFFF757F808BD0D
:1036C000806B08B590F88130072B09D0836FDB69D8
:1036D000B3F5807F05D00268136943F008031361D6
:1036E00008BDFFF7A5F808BD704700BF806B08B59F
:1036F000FFF7FAFF08BD00BF704700BF806B08B539
:10370000FFF7FAFF08BD00BF704700BF806B08B528
:10371000FFF7FAFF08BD00BF10B5846BF2F73EF863
:10372000022800D110BD236830495A69986940F0D9
:1037300008009861986940F010009861186820F0BE
:1037400001001860186901401961996821F440412D
:10375000996094F88110042901D091063AD494F824
:103760008110032901D0500629D4910509D5D4F838
:10377000841041F00101C4F88410996941F400718A
:103780009961D20509D5D4F8842042F00802C4F822
:1037900084209A6942F480729A61002301222046B3
:1037A000A4F86230A4F86A30D4F8843043F01003EF
:1037B000C4F8843084F88120FFF79CF810BDD4F859
:1037C000841041F00401C4F88410996941F040016B
:1037D0009961CAE7D4F8841041F08001C4F88410DC
:1037E000996941F020019961B9E700BF90FCFFFFA2
:1037F000036819695A692DE9F04101EA02059F68D9
:10380000044690F8816005F0640CBCF1040F2FD0E1
:1038100005F04500012834D005F02600022800F00C
:10382000DF80280770D59A6917F4404FF6B242F04E
:1038300008029A619A6942F010029A619A6942F408
:1038400000629A611A6922F008021A6123D0042EDC
:1038500000F0DE80A26FD269EAB1032E50D0E26F91
:10386000D269C2B1052E14D12046FEF7E1FF10E067
:10387000436F9847236F2046984705F04503012B77
:1038800002D1236F2046984705F02605022D00F04F
:10389000A780BDE8F0819A6812F4404F1FD1B4F8B8
:1038A0006A2092B2DAB1626E0EE01B6B42F8043B02
:1038B0006266B4F86A30013B9BB2A4F86A30B4F88F
:1038C0006A309BB25BB12368E1680F29EDD8072904
:1038D00040F292801B8E22F8023B6266E9E72046A6
:1038E000FFF71EFB012384F88130D4F88430002BCD
:1038F0007FD1052EB8D0042E00F08F80032EC8D1C2
:103900002046FEF7D1FEC4E7100501D50A077AD498
:1039100015F4587FBDD06E0609D5D4F8842042F046
:103920000402C4F884209A6942F040029A61A80512
:1039300009D5D4F8842042F00102C4F884209A69A1
:1039400042F400729A61E90509D5D4F8842042F066
:103950000802C4F884209A6942F480729A61AA0627
:1039600009D5D4F8842042F08002C4F884209A69F2
:1039700042F020029A61D4F88420002A89D0196884
:1039800007F44047274A21F00101B7F5404F19607D
:10399000196902EA01021A6127D19A68E06F22F4DC
:1039A00040429A6050B1204B0365F1F70DFB28B1FE
:1039B000D4F8843043F04003C4F88430A06F00286A
:1039C0003FF467AF184B0365F1F7FEFA00283FF4A8
:1039D00060AFD4F8843043F04003C4F8843058E733
:1039E000636F2046BDE8F04118470123204684F864
:1039F0008130FEF77FFF4CE793F830301370626E32
:103A00000132626655E79A6942F400629A6140E7C2
:103A1000E26FD269002A3FF43EAF2046FEF7A6FED1
:103A200037E700BF94FCFFFF2D3A010808B5806B13
:103A300000230122A0F86A30A0F8623080F88120CB
:103A4000FEF758FF08BD00BF90F88100704700BF27
:103A5000002800F08F8038B590F83D30044603F020
:103A6000FF02002B60D0226802234349B2F1804F4D
:103A700084F83D30A2EB01011368B1FA81F14FEAFD
:103A8000511127D031BB3D483D4D824251D000F508
:103A9000806082424DD0551B00F58060B5FA85F5F7
:103AA00082424FEA55154DD0002D4BD1354836494D
:103AB0008A4218BF82424FD001F580618A424BD0C2
:103AC000A06923F08003E168034313606368D16257
:103AD000936223E02A4D23F07003A068551B034333
:103AE000B5FA85F56D09206923F440730343A06995
:103AF00023F0800303431360E368D3626368936237
:103B000051B94DB91F49204B9A4218BF8A4203D080
:103B100003F580639A4201D1636913630123002096
:103B2000536184F83D3038BD80F83C20FFF71EF823
:103B300099E7551B23F07003A068B5FA85F5034398
:103B40006D09D0E7A06823F0700303430F48824259
:103B5000C9D0002DC7D1A9E7206923F44073A1691A
:103B60000343E06823F080030B4361681360D06275
:103B70009162C7E701207047000001400004004047
:103B8000000401400040014000440140000C00409E
:103B90004FF0020C01680A4A034680F83DC088686D
:103BA0000240062A06D0B2F5803F03D00A6842F0F0
:103BB00001020A600122002083F83D20704700BF07
:103BC000070001000368094AD96841F00101D96082
:103BD00099680A40062A06D0B2F5803F03D01A68D9
:103BE00042F001021A600020704700BF0700010088
:103BF00090F83C30012B7DD002460223006830B49F
:103C0000012482F83D3082F83C40544C83681C40CB
:103C10000B68602B84606FD01DD9B3F5005F59D05D
:103C200042D94F498B4206D038D94E498B4202D0F7
:103C300010318B4206D184684B4921400B4343F03D
:103C40000703836000230121184682F83D1082F8A3
:103C50003C3030BC7047402B67D019D9502BF1D184
:103C6000036A4C68CD6823F00A03016A1C433E4B8B
:103C700021F001010162816921F0F00141EA0511A1
:103C80008161046281680B4043F057038360D9E788
:103C9000202BD0D01AD9302BD4D1CCE723F010016F
:103CA000B1F5801FCED1C6E7702BCBD18468D1E9A6
:103CB00001532B43CD6824F47F4143EA05230B4392
:103CC0008360836843F077038360BBE733F01001C0
:103CD000B8D1B0E7D1E9015384682B43CD6824F40F
:103CE0007F4143EA05230B438360836843F48043A9
:103CF0008360A7E702207047046A4D6824F010042F
:103D0000C9680462836923F4704343EA0133016A9A
:103D100021F0A0018361144B41EA05110162816821
:103D20000B4043F0670383608CE7036A4C68CD68FF
:103D300023F00A03016A1C430B4B21F001010162CD
:103D4000816921F0F00141EA051181610462816815
:103D50000B4043F04703836074E700BF8800CEFF49
:103D600020001000300010008FFFCFFF704700BF11
:103D7000704700BF704700BF704700BF03681A69F3
:103D8000910710B5044602D5DA68920768D41A691B
:103D9000520702D5DA6850074FD41A69110702D5C5
:103DA000DA68120737D41A69D00602D5DA68D10664
:103DB0001ED41A69D20702D5DA68D00769D41A6905
:103DC000110602D5DA6812066BD41A69D00502D53D
:103DD000DA6811066DD41A69520602D5DA685006FF
:103DE0006FD41A69910602D5DA68920649D410BDDB
:103DF0006FF010010822204619612277DB6913F465
:103E0000407F6FD1FFF7B2FF2046FFF7B3FF0022DC
:103E100023682277CDE76FF008010422204619615C
:103E20002277DB699B075AD1FFF7A0FF2046FFF7F7
:103E3000A1FF002223682277B5E76FF00401022278
:103E40002046196122779B6913F4407F44D1FFF724
:103E50008DFF2046FFF78EFF0022236822779CE724
:103E60006FF002010122196102779B69990730D135
:103E7000FFF77CFF2046FFF77DFF002223682277B3
:103E800085E76FF0200220461A61BDE8104000F07F
:103E90005FB86FF0010220461A61FEF757FF2368F2
:103EA0008DE76FF0800220461A6100F053F8236816
:103EB0008BE76FF4807220461A6100F04DF823689A
:103EC00089E76FF0400220461A61FFF755FF23682B
:103ED00087E7FFF74DFFD0E7FFF74AFFBCE7FFF7A3
:103EE00047FFA6E7FFF744FF91E700BF90F83C20AB
:103EF000012A28D003460068022230B4134D83F80B
:103F00003D20A8424268846818D005F58065A84223
:103F100014D024F0800C22F070020C6889682243CF
:103F200000244CEA01014FF0010C42608160204600
:103F300083F83DC083F83C4030BC704722F47002E7
:103F40004D682A43E5E70220704700BF00000140AA
:103F5000704700BF704700BF704700BF0B46014667
:103F6000184600F081BB00F004B800F002B800F081
:103F700002B800F0B9BB012838BF012010B50446D3
:103F8000204600F0A9FB30B900F006F808B900F0AF
:103F900063FB8047F4E710BD024B1868BFF35B8FEB
:103FA000704700BF0C24012438B510EE104AC4F34A
:103FB0000A53B3F57D7FB7EEC07A1ED227EE077B9A
:103FC000B3F5667F6FD327EE071B634B93ED142B7E
:103FD00093ED125B93ED0E3BA7EE025B93ED0C0BA2
:103FE00093ED104BA7EE030B27EE017BA1EE040B24
:103FF000A5EE070BB7EEC00B38BD40F22E42934240
:1040000054D8554991ED086B27EE066BFDEEC66B53
:1040100091ED0A5B16EE903A03F500031B1613F0C0
:10402000020F06EE903A01F1700208BF0A46D80767
:10403000B8EEE66BA6EE457B27EE076B1AD503F0CC
:10404000030301EBC30393ED002B92ED1A4B92EDAA
:10405000185B92ED163BA6EE045B27EE027B27EE83
:10406000064B26EE046BA4EE037BA5EE067BB7EEB3
:10407000C70B38BD92ED142B92ED127B92ED0E3BE7
:1040800092ED0C0B92ED104B26EE065BA6EE027B3A
:10409000A6EE030B26EE056BA5EE040BA7EE060BB2
:1040A000B7EEC00B38BDB7EE000A38BDB3F5FF6FF1
:1040B0003DD22A4BC4F3836203EB820153F82220E2
:1040C0000D69C4F31603C4F3C25043F400038340E4
:1040D000086A03FB02F2A3FB0010E3FB050202F1F6
:1040E00000518D0F01F04041511AECF7DFFA1C4BE3
:1040F0009FED177B05EBD47441EC160B14F0020F07
:10410000A3F1700208BF1346E90726EE077B27EEEE
:10411000076B10D504F0030402EBC40494ED002BEC
:1041200093ED1A4B93ED185B93ED163B93E7BDE8C7
:10413000384000F057B893ED142B93ED127B93EDBC
:104140000E3B93ED0C0B93ED104B9DE7AFF300800E
:10415000182D4454FB21193C6066010800660108D3
:10416000D066010810B582B08DED010A044600F05A
:1041700089FA9DED010A046002B010BD30B1F1EE84
:10418000407A27EE800A2220FFF7ECBFF0EE407A5B
:1041900027EE800A2220FFF7E5BF00BF9FED010A4E
:1041A000FFF7ECBF000000109FED010AFFF7E6BF2C
:1041B0000000201A9FED010AFFF7E0BF0000007029
:1041C0009FED070AFFEE007AB7EE007A00284FF065
:1041D000220047FE277A87EE800AFFF7C3BF00BFA1
:1041E0000000000070EE407AB4EE400A87EEA77A35
:1041F000F1EE10FAB0EE470A02D62120FFF7B2BF67
:10420000704700BF10EE103AB3F17E5F3ED0A3F5C9
:104210000001B1F1FE4F10EE102A3AD2BFEE002B92
:1042200002F14043284903F54D03C3F3C34001EBBA
:10423000001091ED424B91ED447B91ED406B91ED7F
:10424000465BD90DC9052DED028B90ED021B90ED5B
:10425000008B521ADB1500EE103A03EE902AB8EEEE
:10426000C00BB7EEE33A30EE010BA8EE032BBDEC2A
:10427000028B22EE023BA4EE027BA5EE020BA6EE21
:10428000037BA3EE070BB7EEC00B70479FED0F0A41
:104290007047590014D0B3F1FF4F14D0002B0BDB43
:1042A000B1F17F4F08D2DFED0A7A60EE277A17EE80
:1042B000903AA3F13862B1E700EE103AFFF792BFEF
:1042C0000120FFF77DBF7047B863010800000000C0
:1042D0000000004B0000000030B410EE103A2DED4D
:1042E000028BA3F5000110EE902AB1F1FE4F10EE03
:1042F000104A82B04FEA42017ED201F1FF3C6FF0DA
:104300008070844580F0F980002004F1404303F57B
:104310004D03C3F3C341DB0DDB05E21ADB1507EEEA
:10432000903ABFEE001BB24B03EB011191ED004B35
:1043300005EE102AB7EEC55AA4EE051B93ED444BCB
:1043400021EE012B93ED465B93ED403BA1EE045B28
:1043500093ED426B93ED484BA1EE036B22EE023BD3
:10436000B8EEE78BB7EEE07A91ED020B38EE000B7A
:10437000A1EE040BA2EE050BA6EE030B27EE000B3D
:1043800010EE903A48F2BF02C3F3CF33934252D2B9
:10439000B7EE007B974B93ED402B30EE023B13EED4
:1043A000102A33EE423B02F01F01821803EBC100DA
:1043B00053F83140456830EE433B93ED465B93ED57
:1043C000424BA3EE057BB0EE470B93ED446B00230D
:1043D000181905EBC23141EC170BA3EE046B23EE69
:1043E000034BA6EE040B20EE070BB7EEC00B02B09A
:1043F000BDEC028B30BC70474D1E6FF08070854263
:1044000080F0CE8059004D1E854280F09280002BB6
:1044100055DB0020B4F5000FBFF477AFDFED767AFF
:1044200007EE103A67EE277A17EE904A24F0004420
:10443000A4F1386469E79FED667BB4EEC70BF1EE3B
:1044400010FA15DC9FED647BB4EEC70BF1EE10FAA9
:1044500020DD4FF04C5388B10193DDED017ABFEEC2
:10446000007A77EE677AF4EE477AF1EE10FA11D01F
:1044700002B0BDEC028B30BCFFF79CBE0093DDEDBB
:10448000007AB7EE007A77EE877AF4EE477AF1EEAB
:1044900010FAEDD19FED527BB4EEC70BF1EE10FA9E
:1044A00057D99FED517BB4EEC70BF1EE10FA7FF5B3
:1044B0006FAF02B0BDEC028B30BCFFF775BEC2F32C
:1044C000C7517E2911DD962954DC0120C1F19601E6
:1044D00000FA01F1481E104207D111EA020018BF8C
:1044E0004FF4803024F0004494E700EE103A02B01C
:1044F000BDEC028B30BCFFF775BE002952D0B3F182
:104500007E5F2CD06400B4F17F4F2ED8B1F17F4F85
:104510002BD1B4F1FE4F4BD0B4F1FE4F6FEA020243
:1045200034BF00240124D20F94424CD09FED330AB3
:104530005DE7002B20EE000A1EDB002000293AD1A7
:10454000002ABFF654AF02B0BDEC028B30BCFFF7BF
:1045500037BE02B0BDEC028B30BCFFF71FBE82F449
:104560008002520012F5000F22D907EE903A37EE82
:10457000A00A3CE70020B5E7C2F3C753A3F17F00D0
:104580001728DAD8C3F19600012303FA00F0441E7D
:104590001442D2D11040D1D0B1EE400A1846CDE736
:1045A0000029AFD184F48002520012F5000FDCD84C
:1045B000B7EE000A1BE7002ABFF619AFF7EE007A44
:1045C00087EE800A13E720EEA00A10E7AFF3008021
:1045D00071D5D1FFFFFF5F40E2AAA3FFFFFF5F405D
:1045E0000000000000C062C00000000000A062C027
:1045F000D8640108706201080000004B0000000050
:1046000008B52DED028BB0EE408A00F021F80E4B7C
:1046100093F9003001330BD0B4EE488AF1EE10FA72
:1046200006D6DFED0A8AB4EEE88AF1EE10FA02D47B
:10463000BDEC028B08BD00F025F888EEA80ABDECA1
:10464000028B2123036008BD8403002400000000C6
:10465000B1EEC00A704700BF08B5062000F040F96F
:10466000012000F0F1FC000010B5054C13462CB100
:104670000A4601460220AFF3008010BD2046FCE749
:1046800000000000014B1868704700BF8803002439
:1046900070B50D4D0D4C641BA4100026A64209D127
:1046A0000B4D0C4C02F096F8641BA4100026A64299
:1046B00005D170BD55F8043B98470136EEE755F833
:1046C000043B98470136F2E7F4670108F4670108F4
:1046D000F467010818680108024B0146186800F0E9
:1046E0006DB800BF88030024024B0146186800F033
:1046F00019B800BF880300240A44914200F1FF3337
:1047000000D1704710B511F8014B03F8014F9142E9
:10471000F9D110BD02440346934200D1704703F81B
:10472000011BF9E737B5002944D051F8043C01904A
:10473000002BA1F10404B8BFE41800F023F91E4ACD
:104740000198136833B96360146003B0BDE830406A
:1047500000F01EB9A34208D9256861198B4201BF38
:1047600019685B6849192160EDE71A465B680BB16F
:10477000A342FAD911685518A5420BD124682144E7
:104780005418A3421160E0D11C685B685360214457
:104790001160DAE702D90C230360D6E725686119B6
:1047A0008B4204BF19685B68636004BF49192160CC
:1047B0005460CAE703B030BD10240124F8B5CD1C05
:1047C00025F0030508350C2D38BF0C25002D0646B5
:1047D00001DBA94203D90C2333600020F8BD00F0AF
:1047E000D1F821490A6814469CB9204F3B6823B987
:1047F0002146304600F03CF838602946304600F04B
:1048000037F8431C23D10C233360304600F0C0F846
:10481000E3E723685B1B17D40B2B03D923601C44ED
:10482000256004E06368A2420CBF0B605360304611
:1048300000F0AEF804F10B00231D20F00700C21AAF
:10484000CCD01B1AA350C9E722466468CCE7C41C2D
:1048500024F00304A042E3D0211A304600F008F807
:104860000130DDD1CFE700BF10240124142401243E
:1048700038B5064D0023044608462B6000F0D6FBF1
:10488000431C02D12B6803B1236038BD1C240124D2
:104890001F2938B504460D4604D9162303604FF08E
:1048A000FF3038BD426C12B152F821304BB920466E
:1048B00000F030F82A4601462046BDE8384000F0B6
:1048C00017B8012B0AD0591C03D11623036001200D
:1048D000E7E7002442F82540284698470020E0E713
:1048E000024B01461868FFF7D3BF00BF88030024BE
:1048F00038B5074D00230446084611462B6000F0EA
:104900008DFB431C02D12B6803B1236038BD00BF6F
:104910001C24012400F07ABB0CB430B5174B0C1EDC
:104920001D689DB008DA8B232B604FF0FF301DB05F
:10493000BDE8304002B070474FF40273ADF8143058
:1049400014BF04F1FF332346049307934FF6FF731C
:1049500002900690ADF81630209A21AB02A92846A5
:10496000019300F077F8431CBCBF8B232B60002C15
:10497000DDD0029B00221A70D9E700BF8803002413
:10498000704770470148FFF7FBBF00BF18240124A0
:104990000148FFF7F6BF00BF182401242DE9F047B6
:1049A0008E689E4282460C4690461F4638D88A89B9
:1049B00012F4906F32D025680969A5EB0109656989
:1049C00005EB450505EBD57501334B446D109D4254
:1049D00038BF1D46530531D52946FFF7EFFE064681
:1049E00050B90C23CAF80030A38943F04003A381D7
:1049F0004FF0FF30BDE8F08721694A46FFF77CFEA3
:104A0000A38923F4906343F08003A3812661656149
:104A10004E44A5EB09052660A5603E46BE4200D97E
:104A20003E4620683246414600F0A8FAA3689B1B28
:104A3000A3602368334423600020DBE72A4600F0AC
:104A4000B7FA06460028E1D121695046FFF76AFE11
:104A5000C7E700002DE9F04F98468B891B069DB0F3
:104A600007460D4614460ED50B6963B94021FFF782
:104A7000A5FE2860286120B90C233B604FF0FF3071
:104A8000D1E040236B610023099320238DF8293066
:104A9000CDF80C803023DFF8A8818DF82A304FF054
:104AA000010923469A4613F8012B0AB1252AF9D1A8
:104AB000BAEB040B0BD05B46224629463846FFF77B
:104AC0006DFF013000F0AA80099A5A4409929AF8C1
:104AD0000030002B00F0A28000234FF0FF32CDE920
:104AE00005230AF1010A049307938DF853301A93B2
:104AF0005446052214F8011B5148EBF7F9FB049AC0
:104B0000D8B9D00644BF20238DF85330110744BFD5
:104B10002B238DF853309AF800302A2B15D0079AA2
:104B2000544600204FF00A0C214611F8013B303B5F
:104B3000092B4ED9B0B1079214E0A0EB080309FA93
:104B400003F313430493A246D2E7039B191D1B688A
:104B50000391002BBBBF5B4242F002020793079315
:104B6000B8BF049223782E2B0CD163782A2B35D131
:104B7000039B1A1D1B680392002BB8BF4FF0FF3335
:104B800002340593DFF8C8A0217803225046EBF7E2
:104B9000AFFB40B14023A0EB0A0003FA00F0049BF6
:104BA00003430134049314F8011B26488DF82810A0
:104BB0000622EBF79DFB002838D0234B1BBB039B41
:104BC000073323F0070308330393099B3344099306
:104BD00067E70CFB02320C460120A5E700230134F5
:104BE000059319464FF00A0C204610F8012B303A75
:104BF000092A03D9002BC5D00591C3E70CFB01217D
:104C000004460123F0E703AB00932A460F4B04A9A7
:104C10003846AFF30080421C0646D6D1AB895B060E
:104C20003FF52CAF09981DB0BDE8F08F03AB0093A2
:104C30002A46064B04A9384600F07AF8EBE700BF95
:104C4000A0670108AA670108000000009D4901084B
:104C5000A66701082DE9F047164699468A680B6950
:104C6000DDF820809342B8BF1346336091F84320AB
:104C700007460C460AB1013333602368990642BFE8
:104C8000336802333360256815F0060506D104F158
:104C9000190AE36832689B1AAB4226DC94F8432079
:104CA000131E226818BF012392062BD404F143027D
:104CB00049463846C04701301ED02368E56832684F
:104CC00003F00603042B08BFAD1AA36822690CBFCA
:104CD00025EAE57500259342C4BF9B1AED1800260E
:104CE0001A34B5421AD1002008E001235246494641
:104CF0003846C047013003D14FF0FF30BDE8F087A0
:104D00000135C6E7E1185A1C302081F843002244DF
:104D100094F8451082F843100233C7E70123224676
:104D200049463846C0470130E6D00136D9E7000091
:104D30002DE9FF470F7E0C9D782F914680460C464B
:104D40009A4601F1430207D8622F0AD8002F00F0DB
:104D5000D880582F00F0A38004F1420584F84270F7
:104D60003AE0A7F16303152BF6D801A151F823F01F
:104D7000C94D0108DD4D0108594D0108594D010883
:104D8000594D0108594D0108DD4D0108594D0108E3
:104D9000594D0108594D0108594D0108E94E0108C6
:104DA0000D4E0108CB4E0108594D0108594D01081F
:104DB0000B4F0108594D01080D4E0108594D0108CE
:104DC000594D0108D34E01082B681A1D1B682A6033
:104DD00004F1420584F842300123A3E020682968E9
:104DE000060601F104030AD50E682B60002E03DAD3
:104DF0002D23764284F843305E480A2319E00E687A
:104E00002B6010F0400F18BF36B2EFE72B68206818
:104E1000191D2960010601D51E6802E04606FBD572
:104E20001E8854486F2F0CBF08230A23002184F8E2
:104E300043106568A560002DA2BF216821F0040120
:104E400021600EB9002D4DD01546B6FBF3F103FBE2
:104E50001167C75D05F8017D3746BB420E46F4D9A0
:104E6000082B0BD12368DE0708D5236961689942B6
:104E7000DEBF302305F8013C05F1FF35521B2261EE
:104E8000CDF800A04B4603AA21464046FFF7E2FEBC
:104E900001304CD14FF0FF3004B0BDE8F087354809
:104EA00081F845702968236851F8046B29601D0654
:104EB00014D5DF0744BF43F0200323601EB92368E5
:104EC00023F0200323601023B0E7236843F020037E
:104ED00023607823284884F84530E3E7590648BF23
:104EE000B6B2E6E71546BBE72B6826686169181D70
:104EF000286035061B6801D5196002E07006FBD5F5
:104F00001980002323611546BAE72B681A1D2A6011
:104F10001D68626800212846EBF7EAF908B1401BDA
:104F2000606063682361002384F84330A8E7236945
:104F30002A4649464046D0470130ABD023689B07FC
:104F400013D4E068039B9842B8BF1846A4E7012336
:104F5000324649464046D04701309BD00135E36890
:104F600003995B1AAB42F2DCEBE7002504F119066A
:104F7000F5E700BFB1670108C2670108884210B5B4
:104F800001EB020402D98442234607D8431EA14202
:104F900008D011F8012B03F8012FF8E7024401466D
:104FA0008A4200D110BD13F8014D02F8014DF7E718
:104FB000F8B5074614460E4621B9BDE8F84011463B
:104FC000FFF7FCBB22B9FFF7ADFB25462846F8BD2D
:104FD00000F014F8A0420FD221463846FFF7EEFB4E
:104FE00005460028F2D031462246FFF785FB3146C0
:104FF0003846FFF797FBE9E73546E7E751F8043C09
:10500000181F002BBCBF0B58C0187047024B58220A
:105010001A604FF0FF3070471C240124024B5822C5
:105020001A604FF0FF3070471C240124044A0549E0
:105030001368002B08BF0B461844106018467047D1
:105040002024012424240124FEE700BFFFFFFFFFEA
:10505000FFFF0000FFFFFFFFFFFFFFFFFFFFFFFF5E
:10506000FFFFFFFFFFFFFFFFFFFFFFFFFFFFFFFF50
:10507000FFFFFFFFFFFFFFFFFFFFFFFFFFFFFFFF40
:10508000FFFFFFFFFFFFFFFFFFFFFFFFFFFFFFFF30
:10509000FFFF0000FFFFFFFFFFFF00000106000011
:1050A000010700000054004000580040005C004030
:1050B000001C00582500260027003400350047005A
:1050C000520053008E00000001010103070100009F
:1050D000000000400004004000080040000C0040B8
:1050E000707265737365640072656C656173656485
:1050F00000000000010400006DDBDBB64992B66DD4
:1051000024499224766F6C756D6500006761696E45
:10511000000000006C6576656C00000064657074CA
:105120006800000063727573680000006269747340
:1051300000000000746F6E650000000066696C740A
:10514000657200006375746F666600002D2D0000A7
:105150002573256400000000430000004323000085
:105160004400000044230000450000004600000009
:1051700046230000470000004723000041000000D4
:105180004123000042000000585101085C51010811
:105190006051010864510108685101086C5101080F
:1051A0007051010874510108785101087C510108BF
:1051B0008051010884510108F1F0F03CF1F0703D9C
:1051C000F1F0F03DB5B4343EF1F0703EB5B4343E8C
:1051D000F1F0F03DF1F0703DF1F0F03C452C25642C
:1051E0000A000000502C25642C25642C25642C25F5
:1051F000640A0000532C25642C25732C25640A00B6
:10520000542C25642C25642C25732C25642C2564B2
:105210000A000000462C544845524D414C2C256450
:105220000A000000462C54454D505F53454E534FE5
:10523000522C25640A000000442C4350552C256450
:105240002C25642C256C752C25752C25640A0000F2
:105250002E2E2E004261736500000000556E6B6EAD
:105260006F776E0000000000000000005D2F000856
:10527000752F0008152F00081D2F0008292F000882
:10528000352F00084D2F0008512F0008592F000816
:10529000E92F0008952F0008552F000843727573F9
:1052A000686572004C6576656C0000004269747335
:1052B000000000004375746F66660000A452010888
:1052C00001000000000000000000000028000000B5
:1052D00000000000FFFFFFFFAC52010803000000C8
:1052E000200000000000000020000000010000007D
:1052F000FFFFFFFFB45201080100000000000000A2
:10530000000000004000000002000000FFFFFFFF5F
:105310000000000000000000F53300080934000818
:1053200029350008653500089D350008352F00082F
:105330004D2F0008512F0008592F0008E92F0008B1
:10534000952F0008253400080006101600061016D8
:10535000060000000C000000120000001800000011
:1053600000010000060100000C0100001201000015
:105370001801000000020000060200000C020000FC
:1053800012020000180200000003000006030000E3
:105390000002030000000000010000000000000007
:1053A0000000FA4500007A460000FA4600803B47BC
:1053B0000080BB470010014000440040004800400E
:1053C000004C0040005000400014014000780040B4
:1053D000007C0040000C00580000000000040000A9
:1053E0000006000000100000000000000030000077
:1053F000002000000000001000000000001000006D
:10540000000000000102030401020304060708096A
:105410000002010200020102010002000400080073
:10542000100020004000800000010002000400087D
:1054300000100020004000800000025800040258C4
:1054400000080258000C02580010025800140258BC
:1054500000180258001C025800200258002402586C
:1054600000280258000000000000000000000000BA
:10547000000000000000000000000000000000002C
:105480000000000000000000000000000000000C10
:10549000000C000C000C000C000C000C000C000CAC
:1054A000000C000C0000000C000C000000000000CC
:1054B0000000001B001B001B001B001B0000000065
:1054C00000000000000000000000000000000000DC
:1054D0000000000000008019801980198019C07F29
:1054E000C07F80190033C07FC07F0033003300339A
:1054F00000330000000000000000001E003F807527
:1055000080650074003C001E000780058065806592
:105510008075003F001E00040004000000000070C1
:1055200000D840D8C0D880D900730006000C801B7A
:10553000C036C066C046C006800300000000000000
:105540000000001E003F003300330033001E000C3B
:10555000C03CC066806380618063C03E801C0000E8
:10556000000000000000000C000C000C000C000CFF
:10557000000000000000000000000000000000002B
:105580000000000000000000800000010003000691
:1055900000060004000C000C000C000C000C000CB9
:1055A0000004000600060003000180000020001037
:1055B0000018000C000C000400060006000600069F
:1055C000000600060004000C000C0018001000206B
:1055D0000000000C002D003F001E00330000000002
:1055E00000000000000000000000000000000000BB
:1055F00000000000000000000000000C000C000C87
:10560000000CC0FFC0FF000C000C000C000C0000E0
:10561000000000000000000000000000000000008A
:10562000000000000000000000000000000000007A
:105630000000000C000C0004000400080000000042
:105640000000000000000000000000000000001E3C
:10565000001E00000000000000000000000000002C
:10566000000000000000000000000000000000003A
:1056700000000000000000000000000C000C000012
:105680000000000000000003000300030006000605
:1056900000060006000C000C000C000C001800189E
:1056A00000180000000000000000001E003F003352
:1056B000806180618061806D806D806180618061CA
:1056C0000033003F001E0000000000000000000644
:1056D000000E001E0036002600060006000600062A
:1056E000000600060006000600060000000000009C
:1056F0000000001E003F8073806180618001000314
:105700000006000C001800300060807F807F0000E1
:10571000000000000000001C003E00630063000366
:10572000000E000E00038001800180618073003F45
:10573000001E00000000000000000006000E000E29
:10574000001E001E0016003600360066807F807F37
:105750000006000600060000000000000000007FB8
:10576000007F006000600060006E007F8063800149
:10577000800180618073003F001E00000000000077
:105780000000001E003F803380610060006E007FDB
:1057900080738061806180618033003F001E000063
:1057A000000000000000807F807F80010003000374
:1057B00000060006000C000C000C00080018001881
:1057C00000180000000000000000001E003F806381
:1057D000806180610021001E003F806180618061E6
:1057E0008061003F001E0000000000000000001E5D
:1057F000003F00738061806180618073803F801D05
:10580000800180610073003F001E00000000000066
:1058100000000000000000000000000C000C000070
:1058200000000000000000000000000C000C000060
:105830000000000000000000000000000000000068
:10584000000C000C00000000000000000000000C34
:10585000000C00040004000800000000000000002C
:1058600080008003000E003800600038000E8003C6
:1058700080000000000000000000000000000000A8
:10588000000000000000807F807F00000000807F1B
:10589000807F000000000000000000000000000009
:1058A000000000000000000000400070001C000725
:1058B00080010007001C0070004000000000000094
:1058C000000000000000001F803FC071C060C000E9
:1058D000C00180030007000E000C000C0000000C4B
:1058E000000C0000000000000000001E003F80319E
:1058F00080718063806F806D806D806F80670060D5
:105900000032003E001C0000000000000000000EFD
:10591000000E001B001B001B001B80318031803FEC
:10592000803F8031C060C060C060000000000000A7
:105930000000007C007E0063006300630063007E63
:10594000007E0063806180618063007F007E0000D4
:10595000000000000000001E003F803180610060F8
:105960000060006000600060006080618031003F86
:10597000001E0000000000000000007C007F0063AB
:10598000806380618061806180618061806100638B
:105990000063007E007C0000000000000000807FAB
:1059A000807F0060006000600060007F007F00601A
:1059B000006000600060807F807F000000000000C9
:1059C0000000807F807F0060006000600060007FDA
:1059D000007F006000600060006000600060000008
:1059E000000000000000001E003F80318061006068
:1059F0000060006080638063806180618031803FEF
:105A0000001E0000000000000000806180618061D5
:105A1000806180618061807F807F80618061806142
:105A20008061806180610000000000000000003F94
:105A3000003F000C000C000C000C000C000C000CD3
:105A4000000C000C000C003F003F000000000000B4
:105A500000008001800180018001800180018001BF
:105A600080018001806180618073003F001E000022
:105A7000000000000000C0608061006300660066F6
:105A8000006C0078007C00660066006380618061C5
:105A9000C0600000000000000000006000600060C6
:105AA00000600060006000600060006000600060F6
:105AB0000060807F807F0000000000000000C07157
:105AC000C071C07BC07AC06AC06AC06EC064C0606A
:105AD000C060C060C060C060C06000000000000026
:105AE000000080718071807980798079806D806D0F
:105AF000806D806580678067806780638063000059
:105B0000000000000000001E003F00338061806143
:105B10008061806180618061806180610033003FCD
:105B2000001E0000000000000000007E007F806377
:105B30008061806180618063007F007E0060006022
:105B40000060006000600000000000000000001E17
:105B5000003F00338061806180618061806180618D
:105B6000806580670033803F401E00000000000019
:105B70000000007E007F8063806180618063007F21
:105B8000007E00660063006380618061C060000089
:105B9000000000000000000E001F80318031003046
:105BA0000038001E00078003806180618031003F63
:105BB000001E0000000000000000C0FFC0FF000C3D
:105BC000000C000C000C000C000C000C000C000C75
:105BD000000C000C000C00000000000000008061C0
:105BE00080618061806180618061806180618061AD
:105BF000806180618073003F001E00000000000093
:105C00000000C060C060C060803180318031001B06
:105C1000001B001B001B000E000E000E0004000005
:105C2000000000000000C0C0C0C0C0C0C0C0C0C0F4
:105C3000C0CC804C804C805E8052805280738061EA
:105C400080610000000000000000C0C08060806132
:105C50000033003B001E000C000C001E001F003B28
:105C600080718061C0C00000000000000000C0C062
:105C70008061806100330033001E001E000C000CA8
:105C8000000C000C000C000C000C000000000000D8
:105C90000000803F803F8001000300030006000CED
:105CA000000C0018001800300060807F807F00002A
:105CB00000000000000F000F000C000C000C000C96
:105CC000000C000C000C000C000C000C000C000C74
:105CD000000C000C000F000F000000180018001846
:105CE000000C000C000C000C00060006000600066C
:105CF000000300030003000000000000001E001E5F
:105D00000006000600060006000600060006000663
:105D1000000600060006000600060006001E001E23
:105D20000000000C000C001E0012003300338061E4
:105D30008061000000000000000000000000000082
:105D40000000000000000000000000000000000053
:105D50000000000000000000000000000000000043
:105D600000000000E0FF0000000000380018000CF8
:105D70000000000000000000000000000000000023
:105D80000000000000000000000000000000000013
:105D9000000000000000001F803F80618001801F24
:105DA000803F80618063807FC03800000000000079
:105DB00000000060006000600060006E007F807383
:105DC00080618061806180618073007F006E00006F
:105DD0000000000000000000000000000000001EA5
:105DE000003F807380610060006080618073003FCD
:105DF000001E000000000000000080018001800102
:105E00008001801D803F807380618061806180613E
:105E10008073803F801D0000000000000000000033
:105E2000000000000000001E003F00738061807FC2
:105E3000807F00608071003F001E000000000000B5
:105E40000000C007C00F000C000C807F807F000C9A
:105E5000000C000C000C000C000C000C000C0000EE
:105E6000000000000000000000000000801D803FD6
:105E7000807380618061806180618073803F801D5C
:105E800080018063007F003E0000006000600060D1
:105E90000060006F807F80718061806180618061BF
:105EA0008061806180610000000000000000000649
:105EB000000600000000003E003E0006000600064E
:105EC00000060006000600060006000000000000B4
:105ED0000006000600000000003E003E000600062E
:105EE0000006000600060006000600060006004642
:105EF000007E003C00000060006000600060806187
:105F000000630066006C007C0076006300638061C3
:105F1000C0600000000000000000003E003E0006DF
:105F20000006000600060006000600060006000641
:105F3000000600060006000000000000000000004F
:105F400000000000000080DDC0FFC0CEC0CCC0CC8F
:105F5000C0CCC0CCC0CCC0CCC0CC00000000000085
:105F600000000000000000000000006F807F8071D2
:105F700080618061806180618061806180610000FA
:105F80000000000000000000000000000000001EF3
:105F9000003F807380618061806180618073003F19
:105FA000001E0000000000000000000000000000D3
:105FB000006E007F8073806180618061806180738A
:105FC000007F006E00600060006000600000000064
:105FD00000000000801D803F8073806180618061CF
:105FE00080618073803F801D80018001800180017D
:105FF000000000000000000000000067803F003942
:106000000030003000300030003000300030000040
:106010000000000000000000000000000000001E62
:10602000803F80610060007F803F80018061007F51
:10603000001E000000000000000000000008001822
:106040000018007F007F00180018001800180018C2
:106050000018801F800F00000000000000000000FA
:1060600000000000000080618061806180618061CB
:10607000806180618063807F803D000000000000BF
:1060800000000000000000000000C060803180318E
:106090008031001B001B001B000E000E00060000DC
:1060A000000000000000000000000000000080DD93
:1060B00080DD80DD00550055005500770077002217
:1060C00000220000000000000000000000000000AE
:1060D0000000806100330033001E000C000C001E25
:1060E0000033003380610000000000000000000069
:1060F0000000000080618061803100330033001BAC
:10610000001B001B000E000E000E001C007C007027
:1061100000000000000000000000C07FC07F800180
:1061200000030006000C00180030C07FC07F000094
:10613000000000008003800700060006000600063D
:106140000006000E001C001C000E000600060006E3
:106150000006000680078003000600060006000611
:1061600000060006000600060006000600060006FF
:106170000006000600060006000600060038003C87
:10618000000C000C000C000C000C000E00070007B7
:10619000000E000C000C000C000C000C003C003841
:1061A0000000000000000000000000000000803837
:1061B000807F004700000000000000000000000099
:1061C00000000000018080808080808004808080CA
:1061D00080808080088080808080808010808080A7
:1061E00080808080208080808080808040000000CF
:1061F00000040810204000000204081020400000A5
:106200000804020408010101000000000B00FF0067
:106210009C020024840200249002002454020024E2
:10622000C0020024A8020024B4020024600200245A
:10623000E4020024CC020024D80200246C020024D2
:1062400070220124582201246422012440220124C6
:10625000942201247C220124882201244C2201243E
:1062600008030024F0020024FC0200247802002429
:10627000000000000000F03F748515D3B0D9EF3F57
:106280000F89F96C58B5EF3F515B12D00193EF3F86
:106290007B517D3CB872EF3FAAB968318754EF3F1C
:1062A0003862756E7A38EF3FE1DE1FF59D1EEF3FD5
:1062B00015B7310AFE06EF3FCBA93A37A7F1EE3FFB
:1062C0002234124CA6DEEE3F2D89616008CEEE3FEF
:1062D000272A36D5DABFEE3F824F9D562BB4EE3FCC
:1062E000295448DD07ABEE3F85553AB07EA4EE3F1A
:1062F000CD3B7F669EA0EE3F745FECE8759FEE3F5E
:106300008701EB7314A1EE3F13CE4C9989A5EE3FA4
:10631000DBA02A42E5ACEE3FE5C5CDB037B7EE3F96
:1063200090F0A38291C4EE3F5D253EB203D5EE3FCF
:10633000ADD35A999FE8EE3F475EFBF276FFEE3F02
:106340009C5285DD9B19EF3F6990EFDC2037EF3FD2
:1063500087A4FBDC1858EF3F5F9B7B33977CEF3FB4
:10636000DA90A4A2AFA4EF3F40456E5B76D0EF3F3A
:10637000000000000000E8429423914BF86AAC3F13
:10638000F3C4FA50CEBFCE3FD6520CFF422EE63FAA
:106390000000000000003843FE822B65471547408F
:1063A0009423914BF86ABC3EF3C4FA50CEBF2E3F03
:1063B000D6520CFF422E963FBEF3F879EC61F63FC1
:1063C0001930965BC6FEDEBF3D88AF4AED71F53FE2
:1063D000A4FCD432680BDBBFB010F0F03995F43F69
:1063E0007BB71F0A8B41D7BF8503B8B095C9F33F70
:1063F0007BCF6D1AE99DD3BFA564880C190DF33FBF
:1064000031B6F2F39B1DD0BFA08E0B7B225EF23F14
:10641000F07A3B1B1D7CC9BF3F341A4A4ABBF13F8F
:106420009F3CAF93E3F9C2BFBAE58AF05823F13F2E
:106430005C8D78BFCB60B9BFA70099413F95F03F15
:10644000CE5F47B69D6FAABF000000000000F03F7E
:106450000000000000000000AC479AFD8C60EE3F99
:106460003DF5249FCA38B33FA06A021FB3A4EC3F96
:10647000BA913854A976C43FE6FC6A573620EB3F00
:10648000D2E4C44A0B84CE3F2DAAA163D1C2E93F16
:106490001C65C6F04506D43FED417803E686E83F2B
:1064A000F89F1B2C9C8ED83F624853F5DC67E73F72
:1064B000CC7BB14EA4E0DC3F4D7E0AF7B612D7BFCD
:1064C000E0326849BFCADE3FDEE3FA9F4715E7BF07
:1064D000B8C8355F4715F73FBEF3F879EC61F63F72
:1064E0001930965BC6FEDEBF3D88AF4AED71F53FC1
:1064F000A4FCD432680BDBBFB010F0F03995F43F48
:106500007BB71F0A8B41D7BF8503B8B095C9F33F4E
:106510007BCF6D1AE99DD3BFA564880C190DF33F9D
:1065200031B6F2F39B1DD0BFA08E0B7B225EF23FF3
:10653000F07A3B1B1D7CC9BF3F341A4A4ABBF13F6E
:106540009F3CAF93E3F9C2BFBAE58AF05823F13F0D
:106550005C8D78BFCB60B9BFA70099413F95F03FF4
:10656000CE5F47B69D6FAABF000000000000F03F5D
:106570000000000000000000AC479AFD8C60EE3F78
:106580003DF5249FCA38B33FA06A021FB3A4EC3F75
:10659000BA913854A976C43FE6FC6A573620EB3FDF
:1065A000D2E4C44A0B84CE3F2DAAA163D1C2E93FF5
:1065B0001C65C6F04506D43FED417803E686E83F0A
:1065C000F89F1B2C9C8ED83F624853F5DC67E73F51
:1065D000CC7BB14EA4E0DC3F0B6E49C91676D23FAE
:1065E0007AC675A06919D7BFDDBAA76C0AC7DE3FA6
:1065F000C8F6BE484715E7BF2BB82A654715F73FD1
:10660000A2000000F9A2000083F9A2006E83F9A2A3
:106610004E6E83F9444E6E8315444E6E2915444EDA
:10662000FC29154427FC29155727FC29D15727FC9D
:10663000F5D1572734F5D157DD34F5D1C0DD34F528
:10664000DBC0DD3462DBC0DD9562DBC0999562DBC7
:106650003C999562433C999590433C994190433CC9
:10666000000000000000F03F000000000000F0BF4C
:10667000000000000000F0BF000000000000F03F3C
:1066800083C8C96D305F6441182D4454FB21F93F24
:10669000000000000000F03F1C620CFDFFFFDFBFA8
:1066A000198F06E15355A53F9D359AE887C056BF1F
:1066B000C3F87B024393F93E03A695595455C5BFD1
:1066C000C40B23057610813F24CF7437EB9429BF88
:1066D000000000000000F03F000000000000F0BFDC
:1066E000000000000000F0BF000000000000F03FCC
:1066F00083C8C96D305F6441182D4454FB21F93FB4
:10670000000000000000F0BF1C620CFDFFFFDF3F37
:10671000198F06E15355A5BF9D359AE887C0563FAE
:10672000C3F87B024393F9BE03A695595455C5BFE0
:10673000C40B23057610813F24CF7437EB9429BF17
:106740000000000000000000000000000000000049
:106750000000000000000000000000000000000039
:106760000000000000000000000000000000000029
:106770000000000000000000000000000000000019
:106780000000000000000000000000000000000009
:1067900000000000000000000000000000000000F9
:1067A000232D302B2000686C4C00656667454647FA
:1067B000003031323334353637383941424344457D
:1067C00046003031323334353637383961626364EC
:1067D00065660000F8B500BFF8BC08BC9E4670476F
:0C67E000F8B500BFF8BC08BC9E4670472E
:0867EC004C9FFE7F010000003C
:1067F400C5020008950C0008B988000889970008AC
:10680400B59D000891B100087DB90008BD290108B3
:04681400BD2E01088C
:04681800A1020008D1
:10681C00000000000100000010000000100000004B
:10682C00000000000000000000000000000000005C
:10683C00000000001000000000000000000000003C
:10684C00000000000000000000000000100000002C
:10685C00000000000000000000000000000000002C
:10686C00000000000000000000000000000000001C
:10687C00000000000000000000000000010000000B
:10688C0000000000000000000000000000000000FC
:10689C0000000000000000000100000000000000EB
:1068AC0000000000000000000000000000000000DC
:1068BC0000000000010000000000000000000000CB
:1068CC0000000000000000000000000000000000BC
:1068DC0001000000000000000000000000000000AB
:1068EC00000000000000000000000000010000009B
:1068FC00000000000000000000000000000000008C
:10690C00000000000000000001000000000000007A
:10691C00000000000000000000000000000000006B
:10692C00000000000100000000000000000000005A
:10693C00000000000000000000000000000000004B
:10694C00010000000000000000000000000000003A
:10695C00000000000000000000000000010000002A
:10696C0001070800000000000000000001060800FC
:10697C0000000000000000000B00FF00FC010024E0
:10698C00F001002414020024080200242C0200242C
:10699C0020020024C0010024B4010024D8010024EA
:1069AC00CC010024A011012438020024E4010024AD
:1069BC007C11012494110124881101245C01002410
:1069CC0050010024010808020B0800010800000017
:1069DC00010908020A08000008000000010C0E035F
:1069EC00020801050E000000020C0801060E000052
:1069FC000000000001040B0000000000000000007B
:106A0C00010707010F040000000000000106070148
:106A1C000E0400000000000000030700000000004E
:106A2C000000000000020700000000000000000051
:106A3C00020B07000000000000000000020A070023
:106A4C000000000000000000060907000000000024
:106A5C00000000000090D0030090D0030B12000047
:106A6C0068540108060A0500040500000000000037
:106A7C00010C0501040701090500000000040600D3
:106A8C0000000000000000000004080000000000EE
:106A9C0000000000010405000605060905000000C1
:106AAC00010505000705000000000000060B0500AD
:106ABC000505000000000000010E050202050000A3
:106ACC0000000000020105010F0502030500000093
:106ADC00030305000000000000000000020B06018B
:106AEC000406000000000000020C0601050700006F
:106AFC0000000000020A0600000000000000000078
:106B0C000104080006080000000000000105080050
:106B1C00070800000000000000050800000000004D
:106B2C000000000000000000000000000000000059
:106B3C000000000000000000000000000100000048
:106B4C000000000000000000000000000000000039
:106B5C000000000000000000010000000000000028
:106B6C000000000000000000000000000000000019
:106B7C000000000001000000000000000000000008
:106B8C0000000000000000000000000000000000F9
:106B9C0001000000FF0000008C0300240000000036
:106BAC006067010880670108406701080000000069
:106BBC0000000000000000000000000000000000C9
:106BCC0000000000000000000000000000000000B9
:106BDC0000000000000000000000000000000000A9
:106BEC000000000000000000000000000000000099
:0C6BFC000000000000000000000000008D
:0400000508000A11D4
:00000001FF
