:020000040800F2
:1000000000000220110A00080D0A0008D1A500080E
:100010000D0A00080D0A00080D0A00080000000083
:100020000000000000000000000000000D0A0008B1
:100030000D0A0008000000000D0A000855A5000880
:100040000D0A00080D0A00080D0A00080D0A000834
:100050000D0A00080D0A00080D0A00080D0A000824
:100060000D0A00080D0A00080D0A00088991000811
:1000700095910008057F0008A1910008AD91000846
:1000800009A00008B58600080D0A00080D0A00083E
:100090000D0A00080D0A00080D0A00080D0A0008E4
:1000A0000D0A00080D0A00080D0A00080D0A0008D4
:1000B000791E0108851E0108911E0108E9860008C5
:1000C0000D0A0008F58600080D0A0008E916010867
:1000D000F51601083D9E0008699E00089D9E0008D7
:1000E0000D0A00080D0A0008000000000D0A0008B3
:1000F0000D0A00080D0A00080D0A00080D0A000884
:100100000D0A00080D0A00089D1E010801170108CC
:10011000D19E0008059F00080D0A00080D0A00087E
:100120000D0A00080D0A00082517010859170108D3
:100130003DA000080D0A00080D0A00080D0A00087D
:1001400000000000000000000000000000000000AF
:100150000D0A00080D0A00080D0A0008399F000862
:10016000018700080D0A000865A5000889A5000898
:100170000D0A0008ADA500080D0A00080D0A0008C8
:100180000D0A00080D0A00086D9F0008A19F0008D5
:100190000D170108191701080D0A00080D0A0008BB
:1001A0000D0A00080D0A00080D0A00080D0A0008D3
:1001B000A98E00080D0A00080D0A00080D0A0008A3
:1001C0000D0A00080D0A00080D0A00080D0A0008B3
:1001D0000D0A00080D0A00080D0A00080D0A0008A3
:1001E0000D0A00080D0A00080D0A00080D0A000893
:1001F0000D0A00080D0A00080D0A00080D0A000883
:100200000D0A00080D0A00080D0A00080D0A000872
:100210000D0A00080D0A00080D0A00080D0A000862
:100220000D0A00080D0A00080D0A00080000000071
:100230000D0A00080D0A0008000000000D0A000861
:100240000D0A00080D0A00080D0A00080D0A000832
:100250000D0A00080D0A00080D0A00080D0A000822
:100260000D0A00080D0A00080D0A00080D0A000812
:100270000D0A00080D0A0008D59F000800000000C4
:100280000D0A00080D0A00080D0A00080000000011
:08029000000000000D0A000847
:1002A00010B5054C237833B9044B13B10448AFF3B0
:1002B00000800123237010BDE8030024000000002B
:1002C0002440010808B5034B1BB103490348AFF3B1
:1002D000008008BD00000000EC0300242440010859
:1002E000034613F8012B002AFBD1181A0138704776
:1002F00001F0FF01102A2BDB10F0070F08D010F8D7
:10030000013B013A8B422DD010F0070F42B3F6D1DA
:10031000F0B441EA012141EA014122F007047FF0F3
:1003200000070023F0E80256083C85EA010586EA4A
:10033000010685FA47F5A3FA87F586FA47F6A5FA86
:1003400087F68EB9EED1F0BC01F0FF0102F0070292
:1003500032B110F8013B013A83EA010313B1F8D13D
:100360000020704701387047002D06BF354603381E
:10037000073815F0010F07D1013015F4807F02BF57
:10038000013015F4C03F0130F0BC0138704700BFA8
:1003900081F0004102E000BF83F0004330B54FEA36
:1003A00041044FEA430594EA050F08BF90EA020FA3
:1003B0001FBF54EA000C55EA020C7FEA645C7FEA36
:1003C000655C00F0E2804FEA5454D4EB5555B8BF59
:1003D0006D420CDD2C4480EA020281EA030382EACA
:1003E000000083EA010180EA020281EA0303362D5C
:1003F00088BF30BD11F0004F4FEA01314FF4801C2F
:100400004CEA113102D0404261EB410113F0004F40
:100410004FEA03334CEA133302D0524263EB4303F7
:1004200094EA050F00F0A780A4F10104D5F1200E95
:100430000DDB02FA0EFC22FA05F2801841F10001F0
:1004400003FA0EF2801843FA05F359410EE0A5F1C4
:1004500020050EF1200E012A03FA0EFC28BF4CF0F5
:10046000020C43FA05F3C01851EBE37101F00045AB
:1004700007D54FF0000EDCF1000C7EEB00006EEBB8
:100480000101B1F5801F1BD3B1F5001F0CD3490842
:100490005FEA30004FEA3C0C04F101044FEA445299
:1004A00012F5800F80F09A80BCF1004F08BF5FEA20
:1004B000500C50F1000041EB045141EA050130BD00
:1004C0005FEA4C0C404141EB0101013C28BFB1F512
:1004D000801FE9D291F0000F04BF01460020B1FA5D
:1004E00081F308BF2033A3F10B03B3F120020CDA30
:1004F0000C3208DD02F1140CC2F10C0201FA0CF00E
:1005000021FA02F10CE002F11402D8BFC2F1200C72
:1005100001FA02F120FA0CFCDCBF41EA0C01904028
:10052000E41AA2BF01EB0451294330BD6FEA040471
:100530001F3C1CDA0C340EDC04F11404C4F120025C
:1005400020FA04F001FA02F340EA030021FA04F36E
:1005500045EA030130BDC4F10C04C4F1200220FAC5
:1005600002F001FA04F340EA0300294630BD21FA03
:1005700004F0294630BD94F0000F83F4801306BFC9
:1005800081F480110134013D4EE77FEA645C18BFBD
:100590007FEA655C29D094EA050F08BF90EA020F54
:1005A00005D054EA000C04BF1946104630BD91EA4C
:1005B000030F1EBF0021002030BD5FEA545C05D14F
:1005C0004000494128BF41F0004130BD14F580048E
:1005D0003CBF01F5801130BD01F0004545F0FE4102
:1005E00041F470014FF0000030BD7FEA645C1ABF37
:1005F000194610467FEA655C1CBF0B46024650EA6E
:10060000013406BF52EA033591EA030F41F4002199
:1006100030BD00BF90F0000F04BF0021704730B51F
:100620004FF4806404F132044FF000054FF00001F4
:1006300050E700BF90F0000F04BF0021704730B5B5
:100640004FF4806404F1320410F0004548BF40428A
:100650004FF000013EE700BF42004FEAE2014FEADF
:1006600031014FEA02701FBF12F07F4393F07F4FBA
:1006700081F06051704732F07F4208BF704793F0BD
:100680007F4F04BF41F40021704730B54FF46074D0
:1006900001F0004521F000411CE700BF50EA0102D3
:1006A00008BF704730B54FF000050AE050EA01027C
:1006B00008BF704730B511F0004502D5404261EBEC
:1006C00041014FF4806404F132045FEA915C3FF42D
:1006D000D8AE4FF003025FEADC0C18BF03325FEACA
:1006E000DC0C18BF033202EBDC02C2F1200300FA7B
:1006F00003FC20FA02F001FA03FE40EA0E0021FAA0
:1007000002F11444BDE600BF53B94AB9002908BF3D
:1007100000281CBF4FF0FF314FF0FF3000F074B9DC
:10072000ADF1080C6DE904CE00F006F8DDF804E048
:10073000DDE9022304B070472DE9F047089D044627
:100740008E46002B4DD18A42944669D9B2FA82F284
:1007500052B101FA02F3C2F1200120FA01F10CFAC0
:1007600002FC41EA030E94404FEA1C48210CBEFBF8
:10077000F8F61FFA8CF708FB16E341EA034306FB81
:1007800007F199420AD91CEB030306F1FF3080F010
:100790001F81994240F21C81023E63445B1AA4B25D
:1007A000B3FBF8F008FB103344EA034400FB07F7FF
:1007B000A7420AD91CEB040400F1FF3380F00A8140
:1007C000A74240F207816444023840EA0640E41B35
:1007D00000261DB1D4400023C5E900433146BDE8E1
:1007E000F0878B4209D9002D00F0EF800026C5E983
:1007F000000130463146BDE8F087B3FA83F6002E9B
:100800004AD18B4202D3824200F2F980841A61EB12
:10081000030301209E46002DE0D0C5E9004EDDE730
:1008200002B9FFDEB2FA82F2002A40F09280A1EB18
:100830000C014FEA1C471FFA8CFE0126200CB1FB6D
:10084000F7F307FB131140EA01410EFB03F0884266
:1008500008D91CEB010103F1FF3802D2884200F2F3
:10086000CB804346091AA4B2B1FBF7F007FB101185
:1008700044EA01440EFB00FEA64508D91CEB040423
:1008800000F1FF3102D2A64500F2BB800846A4EB7E
:100890000E0440EA03409CE7C6F12007B34022FA69
:1008A00007FC4CEA030C20FA07F401FA06F31C4398
:1008B000F9404FEA1C4900FA06F3B1FBF9F8200CA5
:1008C0001FFA8CFE09FB181140EA014108FB0EF0EB
:1008D000884202FA06F20BD91CEB010108F1FF3A3B
:1008E00080F08880884240F28580A8F10208614447
:1008F000091AA4B2B1FBF9F009FB101144EA014155
:1009000000FB0EFE8E4508D91CEB010100F1FF34FF
:100910006CD28E456AD90238614440EA0840A0FB97
:100920000294A1EB0E01A142C846A64656D353D06D
:100930005DB1B3EB080261EB0E0101FA07F722FA91
:1009400006F3F1401F43C5E9007100263146BDE8BA
:10095000F087C2F12003D8400CFA02FC21FA03F31D
:10096000914001434FEA1C471FFA8CFEB3FBF7F09E
:1009700007FB10360B0C43EA064300FB0EF69E42C3
:1009800004FA02F408D91CEB030300F1FF382FD25C
:100990009E422DD9023863449B1B89B2B3FBF7F604
:1009A00007FB163341EA034106FB0EF38B4208D9DD
:1009B0001CEB010106F1FF3816D28B4214D9023E1E
:1009C0006144C91A46EA004638E72E46284605E73C
:1009D0000646E3E61846F8E64B45A9D2B9EB02080D
:1009E00064EB0C0E0138A3E74646EAE7204694E79D
:1009F0004046D1E7D0467BE7023B614432E73046D0
:100A000009E76444023842E7704700BFFEE700BFD1
:100A10000B480C4A904203D0121A0B4912F00EFCFC
:100A20000A480B4A904203D0121A002112F014FC1B
:100A30000AF026F812F0DEFB00F02AF8FEE700BF0D
:100A400000000024E403002454400108E8030024CB
:100A500088230124704700BFF8B5154606460F46A7
:100A600001680A4800F008FF7DB133683C6870688F
:100A700003EB850C796853F8042B44F8042B634589
:100A800050F8042B41F8042BF5D1F8BD9004002454
:100A90002DE9F04F002195B0704805F0FBFD0321D2
:100AA0006E4805F0FBFC30216C4805F017FD6C4CDE
:100AB0006C48DFF8C8816C4D6C4FDFF8C4916C4E08
:100AC0006649224600F006FA404601F073F94FF0FD
:100AD000000B284600F0C0FEDA4609F0E9FD0146A9
:100AE0003846D84600F02CFF5F4609F0E1FD5A4633
:100AF0000146484601F0CCFD584805F0EBFC214684
:100B000030462A4600F0C4FC5A495448FF2605F0F6
:100B1000C1FC2BE0002E61D02146544800F010FFAC
:100B20004FF0000A23464F2B1BD94FF480525249F5
:100B30004D4800F0BBFE002800F0818003A84B491F
:100B40009DED0C1A4FF48053DDED0B0AA2469DED8E
:100B50000A0A494A009400F0E7FF03A9474801F058
:100B60003FFA012037462E4609F0A4FD09F0A0FD0A
:100B700004464348214601F05BFD99F87C30023B76
:100B8000012B3ED937490AA82346344A00F00AFB14
:100B900010999DF83A50A1F101013048B1FA81F164
:100BA000490905F0B7FCAE4203D02946334801F0AD
:100BB0001DF99DF84430E3B99DF8383023B9A4EB12
:100BC0000803B3F5FA7F04D30AA92C48A04601F024
:100BD00027F9B5FA85F67609002F9BD065B307B3E0
:100BE0002146224800F0ACFE2448A34601F05EFAFC
:100BF000B7E7DDE912239DF84510204801F0D2F94E
:100C0000DAE7204801F0DCFC01281AD002281ED0C7
:100C100021461B4801F088FD0146104805F07AFC8A
:100C2000B0E74DB1A4EB0B03B3F57A7F99D313482A
:100C3000A34601F03BFA94E7A4EB0A0373E7A2464C
:100C40008FE799ED290A0D4801F04AFAE0E7D9F853
:100C5000AC100A4801F074FADAE700BF9C450024A2
:100C6000CC040024DC4500249004002498040024D3
:100C700004040024590A00089C050024444600246A
:100C8000DC0400245805002410B512480024124A40
:100C90001249046044610462C46312F0CFF9104B3E
:100CA00010485C6043F8044B5C601C8100F0AEF8B7
:100CB0000D4800F0BDFD0D4800F02CFE0C4800F082
:100CC0009DFB0C4801F072F80B48BDE8104001F0A4
:100CD0007FBC00BF9C45002400000024550A00088A
:100CE000CC040024DC450024900400249804002453
:100CF0000404002444460024DC040024F0B50D88DC
:100D000007464E88013A00F10E044FF0000CAE4247
:100D10002CBF0023012303732B460AE09E4510D20B
:100D2000734494454FEA530324F8023B0BDA31F83D
:100D3000023FAE420CF1010CB1F802E0EED39E4549
:100D4000EED80020F0BD012318467B73F0BD00BF34
:100D500070B50646407B30B3F0697568002801DD48
:100D6000A84221DD002D4DDD33684FF0010C00203D
:100D70004FF6FF74A3F1020E3EF8023F9942A3EB37
:100D80000102A1EB030392B288BF9AB26346A2426A
:100D900001D260461446AB420CF1010CECDB7389C6
:100DA000A34238BF002070BD6FF000423368B6F830
:100DB0000AE00244348933F8122074448A42A4B20F
:100DC00034BF8A1A521A92B29442ECD29E1E012467
:100DD00000204FF6FF7C36F8023F9942A3EB010258
:100DE000A1EB030392B288BF9AB22346624501D2B7
:100DF000204694469D4204F10104ECDCE64538BFF0
:100E0000002070BD00204FF6FF74C8E710B4184CE6
:100E100003464FF60B7C002220680021A3F804C093
:100E200040F2011CC3F86200A088A3F84C20A3F88C
:100E3000660018461A601A61A3F818C0A3F8442087
:100E40009A6483F84E20196559659965DA65A3F8A7
:100E50006020C3E90B22C3E902225DF8044BC3E919
:100E60000722C3E90922C3E90D22C3E90F22704713
:100E7000E43A010890F844305BB303684BB3B0F830
:100E800060C0F0B5B0F85C40B0F85EE090F84C702F
:100E900090F84D6090F84E50A0F86240A0F864E0E1
:100EA000A0F866C000201A68BFF35B8F911C42F067
:100EB000010221F001011A601F715E719D71D871EC
:100EC0001C81A3F80AE0A3F80CC0BFF35B8F196084
:100ED000F0BD70472DE9F04F0024022605468046FC
:100EE00089464FF0010A08F1200B08272DED028BEF
:100EF0009FB045F8042B32468DF814600CA88DF88D
:100F00001540059906F06AFD03238DF81840324616
:100F10008DF819300DF14200069906F05FFD8DF84D
:100F20001CA08DF81DA03246079915A806F056FDA5
:100F300007238DF8204032468DF821300DF16600F0
:100F4000089909F1180606F049FD04230CA930465A
:100F50001A4606F057FD304606F062FF0521484666
:100F600005F094FA8A4A53462846116822460094AE
:100F700007F074F8DFED877A87490622874B5846D9
:100F8000C8F84040B0EE678A88F82D40F0EE678AD6
:100F9000C8F82010C8E90E44C8E90923FFF7AEFEDF
:100FA0008246CDED097ACDED0A7ACDED0B7A0AAD08
:100FB0000024E1B2304606F049FFB5EEC00AF7EE74
:100FC000007AF1EE10FA0FD4B4EE670A0134F1EEB4
:100FD00010FA37FE800A30EE080A032C05ED010AEC
:100FE0000BD0B5EC018AE4E79FED6A0A013430EEDC
:100FF000080A032C05ED010AF3D12146304606F01C
:1010000025FFB5EEC00AF1EE10FA12D4F7EE007A21
:10101000B4EE670AF1EE10FA37FE800A0121484665
:1010200078EE808A05F032FA013F05D09DED098AFD
:10103000BDE79FED580AF1E708F15C0109A808F146
:1010400050030C46B4EE007AF0EC017AF7EE006A39
:10105000002267EE877AF5EEC07AE3EC017AF1EED2
:1010600010FA11D4F4EEE67A9FED4D6AB6EE007AEE
:101070004FF6FF72F1EE10FA06DCA7EE867ABCEEB0
:10108000C77A17EE102A92B29C4221F8022BD9D1CE
:10109000BAF1000F31D0F4EE007A68EEA78AF5EECF
:1010A000C08AF1EE10FA33D50021039109F000FB5C
:1010B000039906465846FFF74BFED8F838400546D8
:1010C000A0423BD00446C8F83800C8F840605846F3
:1010D000FFF73EFEA042D8F83C5006F1140640D07F
:1010E0002C46C8F83800C8F84060002C08BF2C46D1
:1010F000631E042B98BF88F84C300123404688F8C3
:101100004430FFF7B7FE1FB0BDEC028BBDE8F08F97
:10111000F7EE007AF4EEE78AF1EE10FA02DD4FF610
:10112000FF71C2E7F6EE007A9FED1D7AE8EE877A4E
:10113000FCEEE77A17EE903A99B2B6E7D8F83C00A1
:10114000854202461CD0D8F84030F31A132B1AD926
:101150005846C8F83C50FFF7FBFDA04206F11406C4
:10116000BED1AC4209D0D8F84010721A132A94BFED
:10117000D8F83C40C8F83C40B7E72246D8F83C00D5
:1011800004461546B1E72C4614360546E9E700BF8C
:101190008C3B010800000000903B01088403F00A2A
:1011A00000FF7F472DE9F04F00250C4602F1180B98
:1011B00028222946074604F15C0604F15008BA4685
:1011C000A9462DED028B83B0019312F045F8B4F8D7
:1011D0004C207A82E26BBA61E9B2584606F036FEDC
:1011E000B5EEC00AF1EE10FA5FD4F7EE007AB4EE75
:1011F000670AF1EE10FA37FE800AD8ED007A9FED0B
:101200007A7A30EE670AE0EE077AF5EEC07AE8EC1B
:10121000017AF1EE10FA42D4B7EE007AF4EEC77A12
:10122000F1EE10FA44DCB6EE007ADFED706AA7EE5C
:10123000A67AFCEEC77A17EE903A9AB207EE902A99
:10124000B8EE677AC7EE267AF1883280914234BFD1
:10125000521A8A1A92B2802A05F1010506F1020695
:10126000EAEC017A28BF4FF00109032DB4D1B6EEA4
:10127000008A2946584687ED038A06F0E7FDB5EE59
:10128000C00AF1EE10FA18D4F7EE007AB4EEE70ACD
:10129000F1EE10FA40F396804FF6FF710EE0002257
:1012A000DFED537A3280F288D5E79FED510AA4E74B
:1012B000F0EE477A4FF6FF72C6E7002104F12000F6
:1012C000B982FFF745FDA36B984262D0019BA063F2
:1012D000E06B2364B8610138042813D9201D4D4602
:1012E00006F0A2FF637E834220D0019B6076E3611B
:1012F00087F81090002D43D1384603B0BDEC028B27
:10130000BDE8F08FC0B294F84C308342E6D00023A1
:10131000012584F84C00B874201D84F84D30FB740E
:101320007D7406F081FF637E8342DED1227E9A4285
:10133000DED0E2690199A1EB020ABAF10E0FD7D90A
:101340002376002B30D194F84530002BD0D10123E7
:1013500094F84C2084F84530A36C0133A3647B627D
:10136000002A3BD094F84D3040F2011287F81090DB
:1013700083F00103BA831F4A84F84D30FB743A624C
:101380002046FFF777FD384603B0BDEC028BBDE881
:10139000F08FE26B90429DD0236C0199CB1A132BF6
:1013A00094BF1046E06395E794F84530002B9FD03A
:1013B000002384F84530A36C7B6201233B770E4BFE
:1013C0003B6295E7F0EE487A9FED087AE0EE077A07
:1013D000FCEEE77A17EE903A99B26FE740F201130C
:1013E000BB83044B3B6283E70AD7A33D00FF7F47E3
:1013F00000000000783B0108803B0108204BB7EE5D
:10140000007A9FED206A9C46DFED1F6ADFED1F7AB0
:10141000F0B50025864600F11C0403F13C06856109
:10142000C0E90055C0E90255C0E90455BCE80F0009
:101430000FC4BCE80F000FC4BCE80F000FC49CE849
:10144000070084E8070003CECEE916553388CEF8AE
:1014500062007046AEF860508EED1E6ACEED1F6AD7
:101460008EF874508EF880508EED217ACEED227A6F
:10147000CEF86610AEF86A30CEE91B55F0BD00BF5D
:10148000EC3A0108000000008888883B8888083B07
:101490009FED0C7AF7EE007A00234FF0000C20EE5F
:1014A000070AA0F85830036787EE807AC0F878C042
:1014B00080F88030C0ED217AC0E9001280ED227AF8
:1014C000704700BF0BD7233C002ADFEDC07A2DE91F
:1014D000F84307461C462DED028BB0EE408A08DD2E
:1014E0000B4601EB8205B3EC017AAB4277EE877ACB
:1014F000F9D107EE102AB64D501EDFEDB45AB8EE02
:10150000C77A6FF00308DFF824E305F580592E460B
:1015100087EE876A4246AF4B08F10408DFEDAE6AFA
:101520009FEDAA7A01E0F3EC016A002A8C4605DB04
:1015300082429446A8BF844601EB8C0CDCED007A15
:10154000734502F1010277EEC67AA7EEA67AEAD1D8
:10155000A6EC017A4E45E7EE075ADBD1DFED9F7A24
:1015600025EEA70AB5EE400AF1EE10FA00F1298146
:10157000F1EEC07A9FED9A7AD7ED086AF4EEC77A59
:10158000F1EE10FA07DD9FED977AF4EEC76AF1EEFF
:1015900010FA00F3CF809FED947ADFED945A27EE96
:1015A000877A9FED936AF4EEC67AA6EEA57AF1EEFD
:1015B00010FA87ED087A00F1AE80002140F2F46263
:1015C0008C48012611F048FE8B484FEA450C8B49A8
:1015D00007460CF5805CACEB01022B469FED7B7A55
:1015E000F3EC017AF2EC016A8B4277EEE67AA7EE31
:1015F000A77AF5D1013640F2BD12191FA7EC017A86
:101600009642E8D17E4D4FF07E53DFED707A2A4648
:101610007C4942F8043B0123F0EC016AB7EE007A02
:101620009FED796A77EEA67AF4EEC67AF1EE10FABB
:1016300007DD07EE103AB8EEC77A67EE266A86EE47
:10164000A77A814203F10103A2EC017AE4D1B5EE5D
:10165000C08AF1EE10FA63D59FED6C7A6C4A0C23C8
:1016600002E001338B4256D0F2EC017A40F2BD1118
:10167000F4EEC77AF1EE10FAF3D505EB830209E038
:10168000D2ED017AB2EC017AF4EEC77AF1EE10FAFB
:1016900066D50B46B3F5DE7F03F10101F0DBDFED2C
:1016A0004B7A07EE103AF7EE006AB8EEC77A77EE9B
:1016B000277AF4EEE67AF1EE10FA2CD9DFED555ADE
:1016C000B3EE0B6A85EEA77AB4EEC67AF1EE10FAA5
:1016D00021D4DFED517AB4EEE77AF1EE10FA1ADC9C
:1016E00005EB830384ED007AD3ED007A76EEE77A9A
:1016F000F5EEC07AF1EE10FA5DD4F4EE667AF1EE12
:1017000010FA76FEA77A0A9B0120BDEC028BC3ED8E
:10171000007ABDE8F883BDEC028B0020BDE8F883B9
:10172000F7EE007AB4EEE78AF1EE10FA11DD9FEDE4
:101730003B7A93E787EEA67A9FED396AB4EEC67AD4
:10174000F1EE10FA7FF727AFFB6A0B9A13447B6226
:1017500021E7DFED347A9FED2D7AA8EE677A7DE7F9
:1017600005EB8302B0EE005ADFED2F5A52ED016A0D
:10177000B0EE666A97EE056A36EE676AB0EEC67A34
:10178000B4EEE57AF1EE10FA89D476EEE77AF6EE69
:10179000006AFEEE005A27EEA67AC7EE067AF4EE4D
:1017A000E57AF1EE10FA09D4F4EE667AF1EE10FA69
:1017B00076FEA77A75E7DFED057AA4E7F0EE657AA5
:1017C0006FE711F0D7FCF0EE407AD3E6000000009E
:1017D0004C5600240C3C0108F1F0F03C0000803A2B
:1017E000A69B443CBD3786359A99193E9A99593F34
:1017F0000AD7233C4CE6002450E600244866002427
:101800004C46002440ED00245F708930AE47613EB5
:101810007C46002400803B4600007A44CDCCCC3D81
:101820003333D33F8FC2F53DCCBC8C2B2C3C01080D
:1018300000220549054B10B4C0E90022044C054ABA
:101840005DF8044B704700BF4C6600244CE6002452
:101850004C5600244C46002410B54FF40042044678
:101860000021044811F0F8FC00232360BFF35B8FD4
:10187000636010BD4C660024036830B492B19C18BC
:10188000094DC3F30C02013351F804CB05EB82027E
:10189000A342C2F800C0F4D10460BFF35B8F446080
:1018A00030BC70471C46F7E74C660024531EB3F566
:1018B000805F03D2B1FA81F35B0909B90020704758
:1018C00070B502F580754668BFF35B8FB5421CD8D2
:1018D000A6F580768C460E4D1946B41A0B190131C7
:1018E00041F6FF7EC3F30C038A4205EB83031B68BA
:1018F0004CF8043BF2DC4368901BBFF35B8F184449
:1019000070458CBF0020012070BD002070BD00BF5D
:101910004C6600240022002110B478248161C1614A
:10192000C46201625DF8044B80F83020C0E90022F7
:10193000C0E90222C0E90422C0E90922704700BFC1
:10194000002300227831036043608360C360036139
:1019500042618361C361036280F8302010B478244F
:10196000C0E90912C4625DF8044B7047B5EEC00AC5
:10197000F0B5F1EE10FA15462DED028B83B044D987
:10198000DFED267A04460E469FED258A80EE270A73
:10199000244F11F087FB2046234B3146234EF2EEB5
:1019A000087AA0EE278AF8FE487AFDEEE77A17EE6D
:1019B000904A83FB04234FEAE47C1D4ACCEB630C82
:1019C0000CEB4C030CF1FF3CA4EB8303CDF800C0FF
:1019D0000C33A6FB036C4FEADC0C0CEB4C0CA3EBBA
:1019E0008C0357F8233011F0F5FC07EE904A9FED79
:1019F000117AF8EEE77A38EE678A28EE078A85EDE5
:101A0000008A03B0BDEC028BF0BD00270A4A11F03A
:101A1000E1FC2F6003B0BDEC028BF0BD0000DC43A5
:101A200000008A42D83B0108ABAAAA2AABAAAAAAFC
:101A3000A03B01080000C8429C3B0108D0ED006AB1
:101A4000D0ED017A90ED020AF4EEE76A90ED037AA8
:101A500090ED046AF1EE10FA05DDF0EE665AF0EE54
:101A6000676AF0EE657AB4EEC67AF1EE10FA33DC0E
:101A7000B4EEC60AF1EE10FA05DDF0EE405AB0EE13
:101A8000460AB0EE656AB4EEC70AF1EE10FA30DC31
:101A9000F4EEC76AF1EE10FA05DDF0EE665AF0EEEC
:101AA000476AB0EE657AF4EE406AF1EE10FA36FE5F
:101AB000800AF4EE467AF1EE10FA76FE277AF4EE1A
:101AC000477AF1EE10FA77FE277AF4EE407AF1EEDB
:101AD00010FA37FE800A7047B4EEC70AF1EE10FA2A
:101AE0000FDDF0EE405AB0EE470AB0EE467AB0EEA7
:101AF000656AF4EEC06AF1EE10FA0EDDB0EE667AB9
:101B0000D7E7F0EE475AB0EE467AB0EE656AB4EE2B
:101B1000C70AF1EE10FABBDDEBE7F0EE475AB0EE84
:101B2000407AB0EE650ABEE7F0B50D461146954A1B
:101B300004460020166895F830202DED028B2061B8
:101B400085B02682360CB0EE608A0C9FA674C4E97C
:101B50000000C4E90200C4E905002AB1AA6ABA1A61
:101B6000B2F5966F00F2AE80B5EEC01A0022029276
:101B7000F1EE10FA03921AD4F7EE007AB4EEE71AF7
:101B8000F1EE10FA40F38580C822EA6299B96B6AD7
:101B900000229F42A26180F0888095F83030002BAF
:101BA00040F0A180204605B0BDEC028BF0BD3C2288
:101BB000EA620029EBD0B3F5805FE8DB1A4603AB9D
:101BC00028460197009302ABFFF77EFC6B6A9DED00
:101BD000020ABB4284ED060ADFD8002865D095F8DA
:101BE0003020002A40F094809DED035A6B682B60F2
:101BF000AB686B60EB68AB602B6985ED040AEB604A
:101C00006B69042B00F3B7800133052B6B6100F087
:101C1000B280B5EEC08AF1EE10FA00F1A980F7EEBD
:101C2000007AB4EEE78AF1EE10FA00F3A8809FED97
:101C3000567ADFED567AE8EE077A3AB195ED067AF4
:101C400070EE476AA6EEA77AB0EE470ADFED507A4B
:101C500085ED060AB4EEE75AF1EE10FACCBF012387
:101C6000002305DD012285ED070AAF6285F83020EB
:101C700004F1100004F10C020821237084ED010A24
:101C800084ED025AFFF772FE204605B0BDEC028BD0
:101C9000F0BDF6EE007A9FED3F7AE1EE077AFCEEBA
:101CA000E77A17EE902A3C3282E7002295F830302E
:101CB0002270002B4CD100232046A36005B0BDEC60
:101CC000028BF0BD00226861A8622A606A60AA6087
:101CD000EA602A61AA61EA612A6207F1780285F85E
:101CE00030006A6240E7002095ED070A4FF07A5312
:101CF00004F10C022070082104F1100084ED010AA7
:101D0000A360FFF733FE204605B0BDEC028BF0BDAB
:101D1000D5ED077ADFED206A80EE277AB4EEE67A19
:101D2000F1EE10FA07DCDFED1D6AB4EEE67AF1EEB3
:101D300010FA7FF559AF9DED035A9FED197AB4EE75
:101D4000C75AF1EE10FA7FF551AF0023237001E07E
:101D5000D5ED077A134BB0EE670A04F10C020821A7
:101D600004F11000A360C4ED017AFFF7FFFD19E74D
:101D7000DFED067A61E72846FFF760FE49E7DFED11
:101D80000A7A5AE79C3B010814AEC7BE6666E63E77
:101D9000CDCCCC3E00000C439A99F93FB81E053FCC
:101DA0006666663FCDCC4C3E90C2753D0022C0E9D0
:101DB0000022704710B50C4A88B001230021B2F808
:101DC00000C04FF4E134039306930491029101A9FA
:101DD000059393880794ADF804C0ADF8063008F079
:101DE000E3F908B010BD00BF343B010810B588B05E
:101DF0000B460A4A20210446684611F0EBFA684671
:101E0000FEF76EFA0A2302466946204608F036FAC3
:101E100010B163680133636008B010BD2C3C010849
:101E200091ED007AB5EEC07A30B5F1EE10FA9DB0C2
:101E3000044640D4F7EE007AB4EEE77AF1EE10FAF9
:101E400040F3998091ED017A42F21073B5EEC07AB9
:101E5000F1EE10FA37D5002091ED027AB5EEC07A96
:101E6000F1EE10FA3FD4F7EE007AB4EEE77AF1EE35
:101E700010FA5CDD91ED037A42F21075B5EEC07A8E
:101E8000F1EE10FA37D5002260210292434ACDE9E3
:101E9000000504A811F09EFA04A8FEF721FA0A230F
:101EA000024604A9204608F0E9F910B1636801333D
:101EB00063601DB030BD002391ED017AB5EEC07AAC
:101EC000F1EE10FAC7D4F7EE007AB4EEE77AF1EE4D
:101ED00010FA3EDD91ED027A42F21070B5EEC07A52
:101EE000F1EE10FABFD5002591ED037AB5EEC07A78
:101EF000F1EE10FAC7D4F7EE007AB4EEE77AF1EE1D
:101F000010FA02DD42F21072BEE7F6EE007ADFED63
:101F1000246A42F21071E7EE267AFDEEE77A17EEB8
:101F2000902A8A42A8BF0A4622EAE272ACE7F6EE9D
:101F3000007ADFED1B6A42F21072E7EE267AFDEEC0
:101F4000E77A17EE905A9542A8BF154625EAE5753F
:101F5000CAE7F6EE007ADFED126A42F21072E7EE9F
:101F6000267AFDEEE77A17EE900A9042A8BF104657
:101F700020EAE07070E7F6EE007ADFED096A42F2DF
:101F80001072E7EE267AFDEEE77A17EE903A93426A
:101F9000A8BF134623EAE3738EE700BF343C010871
:101FA00000401C4610B514469AB01A460B460094E1
:101FB00060210446019202A8084A11F00BFA02A817
:101FC000FEF78EF90A23024602A9204608F056F9C8
:101FD00010B16368013363601AB010BD443C01085E
:101FE00091ED017AB5EEC07A10B5F1EE10FAA4B019
:101FF000044653D4F6EE007ADFED296AE7EE267A3E
:10200000FDEEE77A17EE900A9FED266AF6EE006A7B
:1020100091ED037AFEEE007A27EE067A91ED026AE0
:10202000B5EEC07AF1EE10FAB5EEC06A66FEA77A98
:1020300077EE877AF1EE10FAFDEEE77A09D4B7EE83
:10204000007AB4EEC76AF1EE10FA1EDD4FF47A732F
:1020500000E00023CDED027A009004A8039311F86C
:10206000103B114A0191802111F0B4F904A8FEF748
:1020700037F90A23024604A9204608F0FFF810B1F8
:1020800063680133636024B010BD9FED057AE6EE0E
:10209000076ABDEEE67A17EE103ADBE70020B3E7F9
:1020A00000007A440000C842503C01080B4A00235B
:1020B00000B5126889B04FEA124C01A9059301934B
:1020C0000493ADF814208DF816C0CDE90233CDE9A4
:1020D0000633FFF785FF09B05DF804FB9C3B010860
:1020E000DFED156ABEEE007AF6EE007A134A20EEB6
:1020F000260A302110B5B5EEC00A8CB004466846F9
:10210000F1EE10FA67FE877A77EE807AFDEEE77AD5
:1021100017EE903A11F05EF96846FEF7E1F80A23EF
:1021200002466946204608F0A9F810B163680133F9
:1021300063600CB010BD00BF0000C842643C0108E1
:1021400010B58CB00B460A4A30210446684611F09F
:1021500041F96846FEF7C4F80A230246694620465C
:1021600008F08CF810B16368013363600CB010BDE7
:10217000743C0108394A4FF6FF71138CF0B5A0F892
:10218000703089B0B2F8404005468C4218BFA34277
:10219000A0F8724003F1FF33B2F860202CBF012495
:1021A00000244FF6FD719BB2A0F87420013A8B42D7
:1021B00088BF44F0010492B28A4288BF44F001040F
:1021C0002CB1032300248366204609B0F0BD244BC4
:1021D000214604270126D3F8E02042F08072C3F89C
:1021E000E0206422D3F8E03003F080730093009B7A
:1021F00011F032F84FF480231A4A28462F61AE615D
:10220000C5E900234FF480532B6301F0FBF810B1B4
:102210000223AB66D8E740F2FF724FF00111284667
:1022200001F0FCF90028F3D10F4B062201A9284642
:10223000019307230597CDE9022340F2FF73CDE90F
:102240000644049300F0ECFB0028E1D1304608F08E
:1022500031FAAC6685F864603446B5E700E8F11FF2
:102260000044025800600258000084CBF0B50023FF
:1022700089B01746062201910446CDE906330723AB
:10228000CDE90223042340F2FF720DEB0301CDE9F7
:10229000042300F0C5FB00BB08260546204600F0DD
:1022A0008DFE034602212046A3B900F0E1FA034661
:1022B00020467BB900F064FB034620461D4400F035
:1022C000BBFF50B9013EE9D104350120ED083D8046
:1022D00009B0F0BD204600F0AFFF002009B0F0BD0E
:1022E00010B54FF6FE7C00F1FF3EE6452DED028B6A
:1022F00068D801F1FF3EE64564D802F1FF3EE645AD
:1023000060D803F1FF3EE6455CD8049CA34238BF89
:10231000B4F5803F56D2069CA446059CA44551DDE9
:10232000049CB4EB030C6EEB0E0EBCF1010F7EF1BE
:10233000000447DB07EE902A05EE903A9FED241B40
:10234000B8EEE74B07EE901AB8EEE55B7146B8EED3
:10235000E76B07EE900A24EE014B6046B8EEE77B90
:10236000DDE9052384EE062B9B1A03EE103AB8EE46
:10237000C33B22EE077B87EE018B38EE458B28EEC0
:10238000038BFEF793F9DDED057A079BB8EEE77B4B
:10239000FBEE045A41EC160B88EE066B36EE077B1B
:1023A000B7EEC77BB4EEE57A83ED007AF1EE10FA72
:1023B00008DBDFED097AB4EEE77AF1EE10FA01D826
:1023C000012000E00020BDEC028B10BDAFF30080C7
:1023D0000000000000C8A94000000243002391F85B
:1023E000642030B5C0E90033836085B08B6E04464D
:1023F000C36012B9204605B030BD0D4600F1080299
:1024000015492846FFF732FF48B195F8643033B1DB
:1024100004F10A0211492846FFF728FF20B90423D6
:102420002046E36005B030BDA96F231DB5F87220CA
:1024300002911E2103930092B5F87030B5F8742014
:10244000019161892089FFF74BFF0028207014BF9C
:1024500000230523E360CDE7000084CB0000B8CF64
:1024600003789A1E012A78D9CA6810B40C890263CD
:1024700084850C78002C5AD0BBEE047AD1ED017A19
:10248000F4EEC77AF1EE10FA51D49FED477AF4EEEC
:10249000C77AF1EE10FA4ADC9FED447A0022F4EE9E
:1024A000C77A4262F1EE10FA58DA81694A1C00EBF1
:1024B00081015442C1ED017A02F0030204F00301EC
:1024C00058BF4A4241690329826103DC0131002976
:1024D000416158DD021DDFED367A02EB8104B2EC7A
:1024E000017AA24277EE877AF9D107EE101A9FEDB2
:1024F000316AB8EEC77AC7EE876AF4EEC66AC0EDF5
:102500000A6AF1EE10FA41DADFED2B7A0022F4EEDE
:10251000E76A0262F1EE10FA29DBC3690133022B8C
:10252000C36101DD012303705DF8044B7047436A0A
:1025300000210133022B4362C0E90711F4DD8A4216
:102540004FF002034FF003015DF8044B08BF052272
:1025500080F8343001700263704770470221012314
:10256000C0ED0A7A0263017080F83430DCE7012B99
:10257000C261D9D1DFED117AF4EEE76AF1EE10FA1B
:1025800098BF0270D0E7DFED0A7AAEE7036A002257
:102590000133022BC0E90723C6DD022101230263B8
:1025A000017080F83430BFE7000002430000C842E9
:1025B000000000000000B4420000A042000096426B
:1025C0000346002290F8340083F83420704700BF9F
:1025D00010B564220021044610F03EFE00230022C4
:1025E0000221204684F864302367A4F87430A3677E
:1025F00084F87C30C4F88020C4F88420C4F8882093
:10260000C4F88C20C4F8A030C4F8A420A4F8A830E2
:10261000C4F8AC3084F8B030A4F8BC30C4E91A1364
:10262000C4E92433C4E92633C4E92D3310BD00BF07
:1026300070B590F8BC6084B0DEB190F87C30044690
:10264000023B012B18D9D0F8B4300D46CB1A632BBE
:1026500012D90146C0F8B4506846FFF7BFFE69467C
:1026600004F17C00FFF7FCFE94F87C30023B012B68
:1026700006D9304604B070BD0026304604B070BDA7
:10268000D4F8B830002BF4D1C4F8B850F1E700BF4B
:1026900000234FF0000C70B580F87C300446C0F881
:1026A00080C00D46C0F884C01646C0F888C0C0F887
:1026B0008CC0C0F8A030C0F8A4C0A0F8A830C0F802
:1026C000AC3080F8B030C0E92433C0E9263300F0E4
:1026D000C9F880B2E066D8B14FF6FF73984217D0C0
:1026E00041F2030398428CBF82236E232046A367E6
:1026F000FFF740FDA5F16403002284F8BD00C4F893
:10270000B4300123C4F8B82084F8BC302EB970BDB1
:1027100000200623A067A366ECE729462046BDE813
:102720007040FFF785BF00BF90F87C30023B012B63
:1027300015D8D0F8B82040F214530A48891AA0FBE3
:102740000120800A03FB1010B0F5167F07D2064B5C
:10275000A3FB0030C0F3401080F001007047002060
:10276000704700BFFD33A6C91F85EB51704700BFFE
:102770000F4B1B780BB90120704710B504464FF47E
:102780007A700C4AB0FBF3F31068B0FBF3F001F081
:102790006BF80F2C00D808B1012010BD0022214693
:1027A0004FF0FF3001F000F8034B00201C6010BD1B
:1027B00004000024440200240800002438B503204B
:1027C000124D00F0DFFF124C02F0F8FA114A1249E4
:1027D0009369C3F30323CB5C03F01F0320FA03F3D5
:1027E0000E202B60926902F00F028A5C02F01F0239
:1027F000D3402360FFF7BCFF10B10124204638BD51
:102800000446FFF7B3FF204638BD00BF4402002452
:102810004802002400440258403D0108034A044B8A
:1028200011681B780B441360704700BF4CF60024FE
:1028300004000024014B1868704700BF4CF60024C8
:1028400038B50446FFF7F6FF0546631C02D0044B7B
:102850001B781C44FFF7EEFF431BA342FAD338BD9D
:1028600004000024014B1868000C70470010005C45
:102870003F4A036893422DE9F04105460E4657D082
:1028800002F58072934253D03A4A2C699768082C1B
:1028900007F01F070AD0092F4CD840F22121F94038
:1028A000C90747D5DB68DA0748D40424FFF7C2FF1D
:1028B0008046731C2A6827D113681C42FCD06B6DBC
:1028C00043F400736B65D36813F4406F0FD16B7DD5
:1028D0006BB9136818070AD56B6D23F480736B65A9
:1028E0006B6DD90403D46B6D43F001036B65224B10
:1028F0009A422ED0D068082C27D010F4804034D1D2
:102900000C231360BDE8F08113682342D7D1FFF791
:1029100091FFA0EB0800B04201D8002EC9D16B6D29
:102920000022032043F0040385F850206B65E9E79B
:10293000124AAAE7936813F4404FB6D06B6D01209A
:1029400043F020036B65BDE8F08100201460BDE812
:10295000F081092F02D9064BD868CCE740F2212339
:1029600023FA07F7FB07C5D4F5E70020BDE8F0819F
:102970000020024000630258002102400023024070
:102980000368186C704700BF704700BF806B08B5C4
:10299000FFF7FAFF08BD00BF836B5A6D12F0500FAE
:1029A0005A6D10B51DD1196842F400725A650A6853
:1029B00012F0080FCA681BD012F4406F0DD1CA681C
:1029C00094040AD45A6D22F480725A655A6DD10467
:1029D00003D45A6D42F001025A65184605F098FA80
:1029E00010BDD2060AD4DB6CBDE81040DB6C184782
:1029F0009007E7D0184605F08BFAF1E7184605F086
:102A00002BFB10BD806B08B5436D43F0400343655D
:102A1000836D43F00403836505F01EFB08BD00BF12
:102A2000F0B5002283B0019290F85020012A00F006
:102A30001C81034601201A6883F8500094686407DB
:102A400000F18A800C68C4F31305002D40F08F80DC
:102A5000C4F38464A0404D684FF01F0ED6694FEA5E
:102A6000951C30430CF00C0CD06105F01F0002F1F6
:102A7000300584400EFA00FE5CF8050020EA0E00E6
:102A800004434CF80540906840076ED4956815F0F3
:102A9000080547D10C68072002F11406B94F4FEA28
:102AA000D45CC4F304540CF0040C00FA04FE8868EF
:102AB00000FA04F45CF8060020EA0E0020434CF80B
:102AC0000600386800F07040B0F1805F00F0C5800B
:102AD000D068D668C70600F1E880C6F38206486968
:102AE000760000FA06F60F69042F00F0C18002F1AB
:102AF0006004086854F827C000F0F8400CF0004C5F
:102B000040EA0C00304344F82700487E0E69012853
:102B100054F8260008BF4FF0004520F00040054360
:102B200044F826509068C40714D4CE68086806F0AC
:102B30001807954CD2F8C050FC40C0F3130704406E
:102B400025EA07052C43C2F8C040904CA64246D067
:102B5000002816DB002003E05A6D42F020025A657F
:102B6000002283F8502003B0F0BD9068DAE794FAB1
:102B7000A4F5B5FA85F5C4F3846405F01F05A840F3
:102B800069E783498A4200F0B68001F580718A4284
:102B900000F0B1807F4D804CA968A46801F0E07618
:102BA000E44304F00104002C00F0B4807B4CA0420C
:102BB00000F0FC807A4CA04200F01A81794CA042CF
:102BC000C8D14902C6D474498A42C3D1AA68002038
:102BD00022F0E072324342F48002AA60C0E7002F84
:102BE0006AD090FAA0F4B4FA84F4013404F01F041B
:102BF000092C00F2A48090FAA0F4B4FA84F490FABC
:102C0000A0F5B5FA85F5013401260135A40605F0D5
:102C10001F0504F0F84406FA05F52C4390FAA0F0DD
:102C2000B0FA80F0304400F01F0000EB40000005D7
:102C30002043C60D02F11405C0F30450072406F02A
:102C4000040604FA00F7745924EA07048F6807FAA7
:102C500000F02043705108687AE7D6684869C6F3E7
:102C60008206760000FA06F63DE7022003B0F0BDCA
:102C7000106E0C6800F0F840A506B0EB846F30D001
:102C8000506E00F0F840854226D0906E00F0F8407B
:102C900085422BD0D06E00F0F84085427FF442AFE1
:102CA000D06E20F00040D0663CE77608486906F018
:102CB000080600FA06F616E7800E441C04F01F060C
:102CC000092E2DD8A406012004F0F844B040044396
:102CD00006EB46000005ABE7506E20F00040506662
:102CE000D3E7106E20F000401066C9E7906E20F028
:102CF00000409066CEE7264C2B4D04F58074A96801
:102D000054F8F86CA468344301F0E076E44304F02E
:102D1000010448E75A6D012042F020025A651FE77E
:102D200006EB4600A50601241E3805F0F84504FA16
:102D300006F60005354340F00070284379E790FA25
:102D4000A0F5B5FA85F590FAA0F4B4FA84F401354B
:102D500001260134AD0604F01F0405F0F84506FA1B
:102D600004F4254390FAA0F4B4FA84F4344404F053
:102D70001F0404EB4404A4F11E00000540F00070A1
:102D8000DBE700BF0010005CFFFF0F000000FF4703
:102D9000002002400063025800600258000084CB0B
:102DA000000052C70000B8CF0023024008023FF5E0
:102DB000D1AE17498A427FF4CDAE164AA96812688F
:102DC000154821F0E07192093143A0FB020241F461
:102DD00000019209A96052000192019A002A3FF471
:102DE000B9AE019A013A0192019A002AF9D1B1E6ED
:102DF00011F080707FF4AEAE05498A427FF4AAAE2E
:102E0000AA6822F0E072324342F08072AA60A7E61C
:102E10000060025844020024632D3E0503689A684E
:102E200012F0040F9A6870B5044603D1120701D45A
:102E3000002070BDDA68950104D5A08A40F2011225
:102E400090421AD002299A683ED0550708D59A6850
:102E5000900705D498682C4A024042F010029A600C
:102E6000012919D09A68120702D59A68900732D5BD
:102E7000032914BF04260C260FE01A68500606D456
:102E8000224A01E0013A16D019684906FAD54022D3
:102E90001A609A68560725D40426FFF7CBFC05462E
:102EA00004E0FFF7C7FC431B052B04D823689B688D
:102EB0003342F6D1BCE7636D012043F01003636534
:102EC000A36D0343A36570BD150702D59A689207E9
:102ED00013D50826E1E798680B4A024042F0200229
:102EE0009A60C5E79A689607D6D499680426064A78
:102EF0000A4042F010029A60CFE79968024A0A40FD
:102F000042F020029A60E4E7C0FFFF7F00DC0C0083
:102F100003689A68D20701D5002070479968214A52
:102F2000114270B5044608D0636D012043F01003D0
:102F30006365A36D0343A36570BD99681A4A0A408F
:102F400042F001029A60FFF775FC2368174A0546B4
:102F500093421ED002F5807293421AD0144A9268AE
:102F6000114E0AE09A68324042F001029A60FFF77F
:102F700061FC401B0228D7D823681A68D2070FD4F7
:102F80009A68D107EED5FFF755FC401B0228F3D90C
:102F9000CAE7084A9268D006E2D0074A9342DFD1D6
:102FA000002070BD3F000080C0FFFF7F0020024076
:102FB000006302580023024000210240394A03689E
:102FC000934270B5044646D002F58072934242D0D7
:102FD000354A96689D6815F0040542D194F8503042
:102FE000012B3ED00123204684F85030FFF790FF9C
:102FF000002838D1636D06F01F062C4A1A4023685A
:1030000042F4807262652A4A934245D01946626D45
:1030100022F480126265626D12F4805240D0A26D7B
:1030200022F00602A2651C228B421A604FF00002B9
:1030300084F8502020D0092E18D9636D43F48013F2
:103040006365CB689B0105D5636D23F4405343F45E
:103050008053636570BD174A96689D6815F0040536
:10306000BCD0022070BD84F8505070BD40F22122C7
:1030700022FA06F6F507E0D5DA68920105D5626D09
:1030800022F4405242F48052626599680A4A0A402A
:1030900042F004029A6070BD0249002EB7D0BAE730
:1030A000A265C0E70020024000630258FEF0FFFF67
:1030B0000021024000230240C0FFFF7F2DE9F041C4
:1030C0003A4D044600680F461646A84219D0384BC0
:1030D000984216D0374DAB688068420716D494F8F2
:1030E0005020012A12D003F01F080122B8F1090F65
:1030F00084F850200DD90023012084F85030BDE819
:10310000F0812D4DAB6880684207E8D50220BDE80C
:10311000F08140F2212323FA08F3DB4313EA02058E
:10312000E9D12046FFF7F4FE002839D1626D234B28
:103130002168134043F480736365B8F1000F02D037
:103140001B4B994203D0636D23F480136365636D59
:1031500013F4805328D0A36D23F00603A365E06C1D
:103160003346174D3A464031C563164D0564164D3A
:10317000C5641C2541F8405C002584F8505051F886
:103180003C5C45F0100541F83C5C00F07DFE226897
:103190000E4B91680B4043F004039360BDE8F0814F
:1031A00084F85050BDE8F081A365D8E700200240C4
:1031B000002102400063025800230240FEF0FFFF9E
:1031C000992900088D290008052A0008C0FFFF7F03
:1031D00038B503689A68910702D59B68002038BD0E
:1031E0009A68D20723D59A68044602F00D02012A94
:1031F00008D0636D012043F010036365A36D0343A2
:10320000A36538BD986803210A4A024042F00202D1
:103210009A601960FFF70EFB054604E0FFF70AFB12
:10322000401B0228E5D823689B68DB07F6D4002002
:1032300038BD00BFC0FFFF7F90F85030012B1BD07E
:103240000123032110B580F850300446FFF7E6FD56
:1032500018B1002384F8503010BD2046FFF7B8FFA6
:103260000028F6D1626D054B134043F001036365FE
:10327000002384F8503010BD02207047FEEEFFFF9F
:1032800038B5574A04460368934226D002F5807247
:10329000934222D0534B9B6813F4403F22D001F05D
:1032A00047FF63680546B3F5003F00F08880B3F53B
:1032B000403F70D0B3F5803F00F08180FFF7D2FA35
:1032C00041F2030398422DD8474B9D425DD92268B5
:1032D000936843F48073936038BD444B9B6813F448
:1032E000403FDCD14FF4002002F0EEFF636805465A
:1032F000B3F5101F6DD008D8B3F5E01F55D01AD91B
:10330000B3F5001FDAD14509D8E7B3F5201F4AD03D
:10331000B3F5301FD2D1FFF7A5FA41F2030398426B
:1033200033D92D0A324B9D421DD82268936823F46D
:103330004073936038BDB3F5801F06D00AD9B3F54A
:10334000A01F02D0B3F5C01FB8D19B0C5B00B5FB2A
:10335000F3F5B3E7B3F5002FF7D023F40022B2F56D
:10336000802FF2D0AAE7234B234A2B4493421ED945
:10337000224B234A2B449342226893682BD823F490
:10338000407343F40073936038BD2268936823F45C
:103390008073936038BD8508FFF764FA41F2030338
:1033A0009842BFD890E7C50988E7050986E72268F3
:1033B000936823F4407343F48073936038BD1B0C0F
:1033C000B5FBF3F5FFF74EFA41F203039842A9D893
:1033D0007AE7850972E743F44073936038BD00BF14
:1033E0000020024000630258002D310100230240FA
:1033F000105E5F00EFA1A0FF0F5E5F00DF4341FFA3
:103400001FBCBE0030B5002383B00193002800F03C
:10341000D080456D0446002D00F0BA802268936884
:103420009B0003D59168714B0B4093609368DD005E
:1034300015D46F4B90686F491B6801406E489B091B
:1034400041F08051A0FB030391609B090193019B14
:103450002BB1019B013B0193019B002BF9D1936898
:10346000D80024D4636D012543F010036365A36D78
:103470002B43A365936813F0040F636D1DD1D90628
:103480001BD4636D23F4817343F002036365936877
:10349000DB0728D4594B9A4217D003F580739A4220
:1034A00013D0574B9B68D9071DD4564A15E0936833
:1034B000002513F0040F636DE1D0636D012543F027
:1034C00010032846636503B030BD4C4A4E4B9268EA
:1034D0009B681343D80706D44C4A9368616823F469
:1034E0007C130B439360FFF7BDF941F20303A1681E
:1034F0009842237F52D894F815C01A04206B42EAF0
:103500004C3202430A43012B03D1236A013B42EAB6
:103510004342636A23B103F47873A16A0B431A43ED
:1035200023683B49D86801400A43DA609A6812F080
:10353000040F9A681CD112071AD4D868354A217D25
:10354000024042EA8132E16A0A43DA6094F83820A4
:10355000012A3AD01A6922F001021A611A6920463A
:10356000616B22F070420A431A61FFF789FE2368FB
:10357000E268012A21D01A6B22F00F021A63636DF0
:10358000284623F0030343F00103636503B030BD15
:1035900004F06CFCA56584F850503FE71029AAD1CF
:1035A000617D1A0442EA4132216B0A4342F01C0257
:1035B000A9E70125284603B030BD196BA26921F0A7
:1035C0000F01013A0A431A63D9E7D4E910211869B7
:1035D0000A43114901400A43A16C0A43E16B42EAE4
:1035E000014242F001021A61B8E700BFC0FFFF5F6D
:1035F00044020024C0FFFF6F632D3E0500200240FF
:10360000006002580063025800210240002302407B
:1036100003C0F0FFFCBFFFFF1EF800FCF0B5002365
:1036200083B0019390F85030012B40D00123044621
:103630000E46154680F85030FFF7CAFDE8B9676DB1
:1036400005F080421B4B06F480311B4D3B401B4F65
:1036500043F00203636523689E68354015430D43BC
:1036600045F000459D609A68002A0FDB636D23F0EA
:10367000030343F00103636503E0636D43F010034C
:103680006365002384F8503003B0F0BD019A013225
:103690000192019ABA42E6D9636D0022012023F01B
:1036A000120384F8502043F010036365ECE7022016
:1036B00003B0F0BDFDEEFFFFC0FFFE3FFF955A5582
:1036C000F0B490F850200E68012A49D00346294AE8
:1036D00001201C6883F85000944208D05A6D0021E4
:1036E00042F0200283F850105A65F0BC7047224D1A
:1036F000AA6852070AD5A2685A6D012042F020023A
:103700005A65002283F85020F0BC7047A06810F082
:103710000400F1D1C6B1DFF868C04F68DCF80820BA
:1037200022F440423A43CCF80820A468AA68224315
:10373000D40713D48A68DCF8081016430F4A0A40ED
:103740001643CCF80860DCE70D498A6822F4404251
:103750008A60A068AA680243D00704D50020D0E799
:103760000220F0BC70478C683046044A22408A60D0
:10377000C7E700BF0020024000210240E0F0FFFF49
:103780000023024006494FF6FF0C0002054BCA68B1
:1037900000F4E06002EA0C0210430343CB60704780
:1037A00000ED00E00000FA051B4BDB68C3F30223C9
:1037B00000B5C3F1070E03F1040CBEF1040F28BFDE
:1037C0004FF0040EBCF1060F1AD9033B4FF0FF3C3B
:1037D0000CFA03FC22EA0C024FF0FF3C00280CFA22
:1037E0000EFC21EA0C0101FA03F141EA02010ADBB5
:1037F00009010A4BC9B2034483F800135DF804FBC6
:1038000000221346E8E700F00F000901044BC9B29B
:10381000034419765DF804FB00ED00E000E100E0F0
:10382000FCEC00E0002807DB00F01F010123400949
:10383000024A8B4042F82030704700BF00E100E0B0
:1038400000280DDB4309012200F01F000549203349
:1038500002FA00F041F82300BFF34F8FBFF36F8FE0
:10386000704700BF00E100E0431EB3F1807F0CD23F
:103870004FF0E022002006494FF0F00C536107237F
:1038800081F823C09061136170470120704700BF29
:1038900000ED00E0BFF35F8F044B00215A6A22F471
:1038A00080325A62C3F89410704700BF00ED00E008
:1038B000064B40F00100C3F894005A6A42F480328B
:1038C0005A62BFF34F8FBFF36F8F704700ED00E078
:1038D000174A4378C2F89830017821B3436800B59D
:1038E000C2F89C30C37A90F80CC01B0690F80FE029
:1038F00043EA0C7390F80AC00B43817B43EACC4344
:1039000090F80DC043EA8C4390F809C043EA414364
:10391000017A43EA0E4343EA0C2343EA4103C2F827
:10392000A0305DF804FBC2F89C10C2F8A0107047EC
:1039300000ED00E0704700BF08B5FFF7FBFF08BDD2
:103940000268344B344930B4344D354CAA4218BF68
:103950009A420CBF012300238A4208BF43F00103AF
:103960003031A24208BF43F0010330348A4208BF1D
:1039700043F001033031A24208BF43F00103303469
:103980008A4208BF43F0010301F55C71A24208BFFF
:1039900043F0010304F55C748A4208BF43F001035D
:1039A0003031A24208BF43F0010330348A4208BFDD
:1039B00043F001033031A24208BF43F00103303429
:1039C0008A4208BF43F001033031A24208BF43F0EE
:1039D00001038A4208BF43F0010313B9114B9A4215
:1039E00013D1D3B21049114C103BA1FB03515F2BF3
:1039F0000F4BC1F3021103EA0203615C88BF043379
:103A0000C1658365184630BC704722F0FF038365AB
:103A1000F8E700BF100002404000024028000240CA
:103A200058000240B8040240ABAAAAAA883C010888
:103A300000FCFFFF0368294A294930B4294D2A4C6C
:103A4000AB4218BF93420CBF012200228B4208BF39
:103A500042F001022831A34208BF42F0010228349B
:103A60008B4208BF42F001022831A34208BF42F056
:103A700001028B4208BF42F0010212B91B4A934275
:103A800013D1DBB21A4C1B4A0121083B1A4DA4FB8F
:103A90000343456602EB1312C3F30413920001FAC9
:103AA00003F30266836630BC7047DAB21349144CE4
:103AB0001944103AA829A4FB02234FEA131300D893
:103AC0000833104A03F01F0501210F4C1A44A94086
:103AD0004466920081660266E5E700BF085402581A
:103AE000305402581C5402584454025894540258FA
:103AF000CDCCCCCC0096001680580258F0FBFDBF10
:103B0000ABAAAAAA008200108008024070B5044641
:103B1000FEF790FE002C00F0C68023680546954A0B
:103B2000934248D01832934245D0303292498B426A
:103B300018BF934201F130010CBF012200228B42D9
:103B400008BF42F0010218318B4208BF42F0010267
:103B500018318B4208BF42F0010218318B4208BF76
:103B600042F0010201F556718B4208BF42F001029A
:103B700018318B4208BF42F0010218318B4208BF56
:103B800042F0010218318B4208BF42F001021831A5
:103B90008B4208BF42F0010218318B4208BF42F04D
:103BA000010218318B4208BF42F001021AB9734A70
:103BB000934240F0F5800222002184F8352084F8F9
:103BC00034101A6822F001021A6005E0FEF732FE96
:103BD000431B052B40D823681A68D107F6D4D4E9D3
:103BE000022521692A43A0691D680A4361690A43C5
:103BF000E16902430A4362492940256A2A430A438C
:103C0000616A04292FD01A605A6922F00702114311
:103C100059612046FFF794FEE26D3F2302F01F0238
:103C2000934083602046FFF705FFA368802B3CD0BC
:103C30006368A06EDAB2013BD4E91851072B2A6001
:103C4000486026D90023C4E91B33636700200123A1
:103C5000606584F8353070BD202203230120626541
:103C600084F8353070BDD4E90B5129430A431A60FA
:103C70005969A26A21F00701114341F00401002DA6
:103C8000C6D000284FD1012A6ED032F00202BFD137
:103C900051E0501E072810D9626FD4E91B31002073
:103CA00018604A60D2E7012070BD0023A16ED4E9FC
:103CB0001802636003605160C4E72168314B324DE4
:103CC000A94218BF994205F114050CBF0123002336
:103CD000A94208BF43F001031435A94208BF43F0CD
:103CE00001031435A94208BF43F001031435A9426A
:103CF00008BF43F001031435A94208BF43F0010394
:103D00003BB9224B994204D0214B224913449B00DA
:103D100003E0214B214913449B0001228240C4E966
:103D20001B316267BBE7B0F5005F0ED0022A05D9F0
:103D3000032A7FF46DAFEA017FF56AAF01234022C9
:103D40001846626584F8353070BD032A3FF660AFCF
:103D500001A050F822F000BF3D3D0008373D0008AB
:103D60003D3D0008693D0008B5F1C07F7FF450AFCC
:103D7000E4E700BF1000024040000240B8040240E7
:103D80003F8010FE085402581C54025894540258A4
:103D90003F820010400902403F96001640590258E9
:103DA000324A33483349834218BF934200F1280016
:103DB0000CBF012200228B4208BF42F001022831D1
:103DC000834208BF42F0010228308B4208BF42F014
:103DD00001022831834208BF42F001028B4208BF32
:103DE00042F0010212B9244A934238D10222002142
:103DF000224D84F8341084F835201A681540A268E2
:103E0000402A2AD0802A0CBF4FF480400846266AF8
:103E1000D4E90312D20842EAD102616942EAD1022E
:103E2000A16942EAD102E16942EAD102144942EAB7
:103E3000161219442A4302431248A0FB01012046EE
:103E40001A600B099B00E365FFF77AFDE26D012321
:103E500002F01F0293404360E4E61020D7E74022BF
:103E600003230120626584F8353070BD0854025880
:103E70001C54025830540258945402580F00FEFF4C
:103E8000F8ABFDA7CDCCCCCC002800F0BC8084469C
:103E900090F83400012800F0B88001202DE9F041AD
:103EA0009CF835408CF83400844208D000224FF44E
:103EB00000638CF83420CCF85430BDE8F081022047
:103EC000DCF800507A4C8CF835000020794ECCF8A4
:103ED00054007948854218BFA54200F118000CBF74
:103EE00001240024854208BF44F0010418308542B3
:103EF00008BF44F001041830854208BF44F00104B3
:103F00001830854208BF44F0010400F55670854220
:103F100008BF44F001041830854208BF44F0010492
:103F20001830854208BF44F001041830854208BFAC
:103F300044F001041830854208BF44F001041830F1
:103F4000854208BF44F001041830854208BF44F0A0
:103F500001041830854208BF44F00104A0F59560C3
:103F6000B54218BF8542DCF86C600CBF0120002010
:103F700054EA0008286820F001002860DCF864009A
:103F8000DCF86840DCF85870446040D016B1DCE9D9
:103F90001C044460DCF85C004FF03F0E00F01F0092
:103FA0000EFA00F0B860286820F4802028606B606A
:103FB000DCF80830402B23D0A960EA602B6823F09E
:103FC0001E0343F016032B60DCF840301BB12B6856
:103FD00043F008032B60DCF860301A68D20303D585
:103FE0001A6842F480721A601EB1336843F4807319
:103FF00033602B68002043F001032B60BDE8F081A3
:10400000AA60E960DAE7012070470220704716B124
:10401000DCE91C0444602948DFF8A8E0754518BFB6
:1040200085420EF1140E0CBF01200020754508BF1B
:1040300040F001000EF1140E754508BF40F001007C
:104040000EF1140E754508BF40F001000EF1140E7C
:10405000754508BF40F001000EF1140E754508BF0C
:1040600040F0010010B9164885420ED1DCF85C0022
:1040700000F01F0E012000FA0EF078606B60DCF893
:104080000830402B10D0A960EA602B6823F00E03A3
:1040900043F00A032B60DCF84030002B9BD02B68E8
:1040A00043F004032B6096E7AA60E960EDE700BFE8
:1040B00040000240280002405800024008540258C4
:1040C000945402581C54025800285FD038B590F818
:1040D00035200346022A55D10168444A914248D00E
:1040E0001832914245D03032414C4248A14218BF6B
:1040F000914204F148040CBF01220022814208BF12
:1041000042F001023030A14208BF42F001023034D7
:10411000814208BF42F0010200F55C70A14208BF75
:1041200042F0010204F55C74814208BF42F00102D2
:104130003030A14208BF42F001023034814208BF52
:1041400042F001023030A14208BF42F00102303497
:10415000814208BF42F001023030A14208BF42F064
:104160000102814208BF42F0010212B9224A914283
:104170000ED10422002083F835200B6823F00103C0
:104180000B6038BD802201205A6538BD0120704780
:104190000A681C6E22F00E02D86D9D6D0A6000F058
:1041A0001F000A6822F001020A6001222168824091
:1041B00021F4807121606A60DA6ED3E919104860D9
:1041C00032B11168D3E91C0421F48071116044609C
:1041D000002401211A6D83F8344083F835101AB198
:1041E00018469047204638BD104638BD10000240A2
:1041F0004000024070000240B80402402DE9F04344
:1042000000229C4B83B09C4E1D688146019203683E
:104210009A4A846D934218BFB342276808BF0126AB
:10422000216818BF002645D018329548834218BF30
:10423000934200F118000CBF01220022834208BF04
:1042400042F001021830834208BF42F001021830E8
:10425000834208BF42F001021830834208BF42F097
:10426000010200F55670834208BF42F00102183087
:10427000834208BF42F001021830834208BF42F077
:1042800001021830834208BF42F001021830834215
:1042900008BF42F001021830834208BF42F0010219
:1042A0001830834208BF42F001021AB9754A93429E
:1042B00040F05082D9F85C10082201F01F0C02FA7D
:1042C0000CF2174240F0888127FA0CF2D2070CD585
:1042D0005A69100609D5012202FA0CF2A260D9F837
:1042E000542042F00202C9F854204FF0040E0EFA96
:1042F0000CF038425BD0002E4FD1634ADFF880814A
:10430000434518BF934208F118080CBF0122002250
:10431000434508BF42F0010208F11808434508BFB1
:1043200042F0010208F11808434508BF42F00102BB
:1043300008F11808434508BF42F0010208F5567815
:10434000434508BF42F0010208F11808434508BF81
:1043500042F0010208F11808434508BF42F001028B
:1043600008F11808434508BF42F0010208F1180897
:10437000434508BF42F0010208F11808434508BF51
:1043800042F0010208F11808434508BF42F001025B
:104390001AB93C4A934240F019821A68920706D52E
:1043A000A060D9F8542042F00402C9F85420102229
:1043B00002FA0CFC1CEA070F6CD0002E45D1324AE1
:1043C0002F4EB34218BF934206F118060CBF0122CC
:1043D0000022B34208BF42F001021836B34208BFC0
:1043E00042F001021836B34208BF42F0010218360B
:1043F000B34208BF42F0010206F55676B34208BF49
:1044000042F001021836B34208BF42F001021836EA
:10441000B34208BF42F001021836B34208BF42F06F
:1044200001021836B34208BF42F001021836B34207
:1044300008BF42F001021836B34208BF42F0010241
:104440001AB9104A934240F0C9811A68100721D561
:10445000C4F808C01A68560300F14C811A68D205E6
:1044600003D41A6822F008021A60D9F840308BB1E0
:104470000CE000BF4402002410000240280002406B
:1044800058000240B80402404000024048469847A5
:10449000D9F85C1001F01F0120268E403E4268D002
:1044A000D9F80020A54BA64FBA4218BF9A4207F18F
:1044B00018070CBF01230023BA4208BF43F00103D1
:1044C0001837BA4208BF43F001031837BA4208BF91
:1044D00043F001031837BA4208BF43F0010318370D
:1044E000BA4208BF43F001031837BA4208BF43F08D
:1044F000010307F55677BA4208BF43F001031837A6
:10450000BA4208BF43F001031837BA4208BF43F06C
:1045100001031837BA4208BF43F001031837BA4203
:1045200008BF43F001031837BA4208BF43F0010344
:104530001837BA4208BF43F001031BB9814B9A42B6
:1045400040F062811368DB0613D5A66099F8353018
:10455000042B136800F0AE8013F4802F136800F072
:10456000D3801C0340F1DE80D9F83C300BB14846C3
:104570009847D9F85430002B00F0B980D9F854305E
:10458000D8071FD5D9F80020042189F83510136801
:1045900023F0010313606C4BA3FB0535AD0A02E069
:1045A0001368D90704D5019B0133AB420193F7D9B6
:1045B000002389F834301368DB074CBF0323012341
:1045C00089F83530D9F84C30002B00F090804846FF
:1045D00003B0BDE8F0431847186840070AD51868CB
:1045E00020F004001860A260D9F8542042F00102C3
:1045F000C9F8542027FA0CF2D2077FF576AE534A59
:104600005348834218BF934200F130000CBF01228F
:104610000022834208BF42F001021830834208BFE3
:1046200042F001021830834208BF42F00102183004
:10463000834208BF42F0010200F55670834208BF72
:1046400042F001021830834208BF42F001021830E4
:10465000834208BF42F001021830834208BF42F093
:1046600001021830834208BF42F001021830834231
:1046700008BF42F001021830834208BF42F0010235
:104680001830834208BF42F00102002A7FF420AEB6
:10469000002E7FF41DAE1A68042202FA0CF23A4290
:1046A00040F09480102202FA0CFC17EA0C0F3FF441
:1046B000F1AE84E623F016031360536923F0800300
:1046C0005361D9F840309BB3136823F0080313609B
:1046D0003F230025012203FA01F1D9F85030A160EF
:1046E00089F8345089F83520002B7FF470AF03B07F
:1046F000BDE8F0831B6818037FF5B7AED9F84830E2
:10470000002B7FF4C3AEC5E613F480737FF42CAFA7
:10471000116821F010011160012289F8343089F804
:10472000352021E7D9F84430002B7FF420AF20E773
:10473000D9F84830002BC7D1CAE700BF10000240AB
:1047400028000240B8040240B5814E1B58000240C8
:10475000400002404E4A4F4DAB4218BF934205F114
:1047600014050CBF01220022AB4208BF42F0010237
:104770001435AB4208BF42F001021435AB4208BF0A
:1047800042F001021435AB4208BF42F00102143579
:10479000AB4208BF42F0010212B93F4A9342A6D190
:1047A000D9F85C5004261A6805F01F05AE400E4289
:1047B00019D0570717D5100466604BD5D1034FD4D5
:1047C000D9F84830002B7FF402AF90E71A68102226
:1047D00002FA0CFC17EA0C0F3FF45CAE1A685207A1
:1047E0007FF558AE34E60226AE400E4211D0970750
:1047F0000FD56660140439D5D00343D4D9F84430BA
:10480000002B7FF4E4AE72E713689F077FF5B1AE2B
:104810009BE60826AE400E423FF469AF11077FF5D4
:1048200066AF1A68002122F00E021A600123D9F83F
:104830004C2003FA05F56560C9F8543089F8341046
:1048400089F83530002A3FF452AF484603B0BDE83E
:10485000F0431047920603D41A6822F004021A604B
:10486000D9F84030002B7FF4B2AE40E712F02002BE
:1048700008D11968012421F00A01196089F834204F
:1048800089F83540D9F83C30002B7FF4A0AE2EE7F4
:10489000085402581C54025894540258406D7047F2
:1048A000002800F0DE81F8B503680446D80730D54B
:1048B0009F490A69896A02F03802102A00F00081D3
:1048C000182A00F0F8806368B3F5803F00F020817B
:1048D000002B00F05E81B3F5A02F954B1A6800F015
:1048E0002F8222F480321A601A6822F480221A6021
:1048F000FDF7A0FF8E4E41F28837054605E0FDF733
:1049000099FF401BB84200F2428133689A03F6D502
:1049100023689D0700F18580D9062FD5844A136945
:10492000926A03F03803082B00F0DA80182B00F0AD
:10493000D280E3697E4D002B00F065812B6843F047
:1049400080032B60FDF776FF064605E0FDF772FF5A
:10495000801B022800F21B812B68DB05F6D5FDF7D2
:1049600081FF41F20303984200F20B826B68226AD6
:1049700023F0F84343EA82636B6023681D0716D572
:1049800063696B4D002B00F01C816B6F43F00103DA
:104990006B67FDF74FFF064605E0FDF74BFF801BF9
:1049A000022800F2F4806B6F9807F6D523689A0608
:1049B00016D5A3695E4D002B00F014812B6843F4DB
:1049C00080532B60FDF736FF064605E0FDF732FF0A
:1049D000801B022800F2DB802B689F04F6D5236839
:1049E000590700F19B80636ACBB1514D2A6902F0EF
:1049F0003802182A6DD0022B2B6823F080732B60AD
:104A000000F03981FDF716FF044605E0FDF712FFBF
:104A1000001B022800F2BB802B689B01F6D400200B
:104A2000F8BD434A1369926A13F0380329D1404B09
:104A3000E2681B68590701D5002A4AD03C4D2B6813
:104A400023F0190313432B60FDF7F4FE064605E03F
:104A5000FDF7F0FE801B022800F299802B685B07AF
:104A6000F6D5FDF7FFFE41F20303226998426B6819
:104A700000F2F08023F47C3343EA02336B60236856
:104A80004AE7182B00F0E280294DE2682B68002AE3
:104A900000F0CB8023F0190313432B60FDF7CAFE0F
:104AA000064604E0FDF7C6FE801B02286FD82B687F
:104AB0005F07F7D5D5E701F0030102297FF403AFC3
:104AC0001B4A126891037FF524AF6268002A7FF4C5
:104AD00020AF0120F8BD02F00302012A7FF429AFC4
:104AE000134B1B68DA0502D5E369802BF1D1FDF782
:104AF000B9FE41F203030E4A9842216A00F2B380E4
:104B0000536823F0F84343EA81635360236835E731
:104B1000074A136843F480331360E9E6054D2B68B8
:104B200043F480732B60FDF785FE064609E000BF65
:104B30000044025800480258FDF77CFE801B6428A0
:104B400025D82B68DA05F7D5A368012B00F0228160
:104B5000002B00F0FD80052B954B1A6F00F0208193
:104B600022F001021A671A6F22F004021A67FDF799
:104B700061FE8F4E41F28837054604E0FDF75AFE8C
:104B8000401BB84203D8336F9B07F7D52BE70320B0
:104B9000F8BD874D41F288372B6823F480332B60B2
:104BA0002B6823F480232B60FDF744FE064604E0C7
:104BB000FDF740FE801BB842E9D82B689B03F7D471
:104BC000A6E66B6F23F001036B67FDF733FE064625
:104BD00004E0FDF72FFE801B0228D8D86B6F9907E1
:104BE000F7D4E3E62B6823F480532B60FDF722FE15
:104BF000064604E0FDF71EFE801B0228C7D82B687E
:104C00009804F7D4EBE62B6823F080032B60FDF7C4
:104C100011FE064604E0FDF70DFE801B0228B6D803
:104C20002B68DF05F7D42368A8E623F001032B6087
:104C3000FDF700FE064604E0FDF7FCFD801B0228A0
:104C4000A5D82B685807F7D4236865E690077FF44A
:104C50001BAFECE623F0FE4343EA02636B6023687C
:104C60005AE601207047D36823F07C5343EA01637E
:104C7000D360236882E6FDF7DDFD064604E0FDF71C
:104C8000D9FD801B022882D82B689901F7D4A96A24
:104C9000484BA26A0B404849454E1343E26A43EA37
:104CA0000213AB62D4E90D32013B013A5B021204FC
:104CB0009BB202F4FE021343226B013AC2F30802D4
:104CC0001343E26B013A120602F0FE4213432B63D8
:104CD000EB6A23F00103EB626A6BA36C114041EABB
:104CE000C3016963EB6A226C23F00C031343EB628C
:104CF000EB6A626C23F002031343EB62EB6A43F44A
:104D00008033EB62EB6A43F40033EB62EB6A43F40B
:104D10008023EB62EB6A43F00103EB622B6843F004
:104D200080732B60FDF786FD044605E0FDF782FDEC
:104D3000001B02283FF62BAF33689A01F6D56EE6CA
:104D400042F480221A601A6842F480321A60CFE579
:104D5000174D41F288372B6F23F001032B672B6F20
:104D600023F004032B67FDF765FD064605E0FDF71C
:104D700061FD801BB8423FF60AAF2B6F9807F6D44F
:104D800031E6EB68226A23F07C5343EA0263EB606E
:104D90002368F3E5064A136F43F001031367E6E661
:104DA00042F004021A671A6F42F001021A67DEE647
:104DB000004402580CFCFFFF0700FFFF474A13693D
:104DC00003F03803102B04D0182B0DD01BB144482E
:104DD000704744487047136899064AD5136842489B
:104DE000C3F3C103D8407047936A30B4946AD56A5C
:104DF00014F47C7F516BC4F3051038D0C1F3CC019F
:104E000005F0010503F0030305FB01F1012B07EE9B
:104E1000901AB8EEE77A02D0022B2CD093B307EEAB
:104E2000900A9FED325AF8EEE77A136BC5EE276AC7
:104E3000DFED2F5AC3F3080307EE903AB7EE006A8E
:104E4000F8EEE77AE7EE257A77EE867A66EEA76ADD
:104E5000224B1B6BC3F34623013307EE903AB8EEA7
:104E6000E77AC6EE877AFCEEE77A17EE900A30BC56
:104E700070471D48704707EE900A9FED1E5AF8EEE6
:104E8000E77AD2E713689B0620D5146807EE900AEC
:104E90001549F7EE005A136BC4F3C104F8EEE77A34
:104EA0009FED135AC3F30803E14006EE903A06EE75
:104EB000101AF8EEE66AB8EEC66AE7EE056A86EE04
:104EC000277A76EEA56A66EE876AC1E707EE900A52
:104ED0009FED095AF8EEE77AA7E700BF00440258B1
:104EE00000093D000024F4000090D0030024744A1F
:104EF000000000390024744B0024744C002800F09A
:104F00000281874A136803F00F038B422DE9F041B9
:104F100004460D460CD2136823F00F030B431360B5
:104F2000136803F00F038B4202D00120BDE8F0812B
:104F300023685F070BD57B4920698A6902F07002FC
:104F4000904204D98A6922F0700202438A611E07E6
:104F50000BD574496069CA6902F07002904204D9A5
:104F6000CA6922F070020243CA61D8060BD56D49A6
:104F7000A069CA6902F4E062904204D9CA6922F4C5
:104F8000E0620243CA6199060BD56649E0690A6A84
:104F900002F07002904204D90A6A22F070020243C1
:104FA0000A629A0740F1A1805E48E168826902F0D6
:104FB0000F02914204D9826922F00F020A438261F2
:104FC000D80730D5574AA168936923F470630B431F
:104FD000936161681368022900F09780032900F04B
:104FE0008E80012900F0978058079ED54D4E41F2E2
:104FF0008838336923F007030B433361FDF71AFC4C
:10500000074605E0FDF716FCC01B404500F2818015
:105010003369626803F03803B3EBC20FF2D123683F
:10502000990706D5E1683F48826902F00F028A427B
:105030005FD83B490A6802F00F02AA420AD90A68FF
:1050400022F00F022A430A600A6802F00F02AA4205
:105050007FF46BAF5A070BD5324920698A6902F099
:105060007002904204D28A6922F0700202438A617F
:105070001F070BD52B496069CA6902F07002904284
:1050800004D2CA6922F070020243CA61DE060BD55F
:105090002449A069CA6902F4E062904204D2CA6954
:1050A00022F4E0620243CA619D060BD51D4AE16904
:1050B000136A03F07003994204D2136A23F0700359
:1050C0000B431362FFF77AFE164A034616489269AD
:1050D0001649C2F30322825C0E2002F01F02D34065
:1050E000BDE8F0410B60FDF743BBDA073FF56AAF5F
:1050F0009FE7826922F00F021143816199E79F01C6
:105100003FF574AF11E7012070479B033FF56EAF89
:105110000BE703200AE7DE053FF568AF05E700BFB0
:105120000020005200440258403D0108440200247F
:1051300008B501F095F9064B06499B69064A03F04C
:105140000F03CB5C03F01F03D840106008BD00BF05
:1051500000440258403D01084802002410B501F007
:105160007FF90949094A8B69094C03F00F03D35CA5
:1051700003F01F03D8402060CB69C3F30213D35C54
:1051800003F01F03D84010BD00440258403D010801
:105190004802002410B501F063F90949094A8B69F6
:1051A000094C03F00F03D35C03F01F03D8402060C9
:1051B000CB69C3F30223D35C03F01F03D84010BDB7
:1051C00000440258403D010848020024F8B53A4C1A
:1051D000A36A03F00303032B67D0236806460F4638
:1051E00023F080632360FDF725FB054604E0FDF70F
:1051F00021FB431B022B56D823681A01F7D4A36A5C
:10520000326823F47C3343EA0233A362D6E90232E4
:10521000013B013A5B0212049BB202F4FE0213430B
:105220007268013AC2F3080213433269013A120666
:1052300002F0FE421343A363E36A726923F0C003E2
:105240001343E362E26AB36922F020021A431B4B64
:10525000E262E26A22F01002E262E16BF2690B4064
:1052600043EAC203E363E36A43F01003E362E36AE1
:10527000EFB1012F0CBF43F4801343F40013E3623A
:105280000D4C236843F080632360FDF7D3FA054695
:1052900004E0FDF7CFFA401B022804D823681B0165
:1052A000F7D50020F8BD0320F8BD0120F8BD43F478
:1052B0000023E362E4E700BF004402580700FFFF59
:1052C000F8B53A4CA36A03F00303032B67D02368B5
:1052D00006460F4623F080532360FDF7ABFA0546E0
:1052E00004E0FDF7A7FA431B022B56D823689A0067
:1052F000F7D4A36A326823F07C7343EA0253A362B3
:10530000D6E90232013B013A5B0212049BB202F47D
:10531000FE0213437268013AC2F308021343326972
:10532000013A120602F0FE4213432364E36A7269F3
:1053300023F440631343E362E26AB36922F4007228
:105340001A431B4BE262E26A22F48072E262616CF1
:10535000F2690B4043EAC2036364E36A43F4807377
:10536000E362E36AEFB1012F0CBF43F4000343F0A3
:105370008073E3620D4C236843F080532360FDF794
:1053800059FA054604E0FDF755FA401B022804D8F7
:1053900023689B00F7D50020F8BD0320F8BD01204D
:1053A000F8BD43F48003E362E4E700BF0044025821
:1053B0000700FFFF2DE9F8430368044613F0006679
:1053C00022D0426EB2F5001F00F0CE8411D8002A20
:1053D00000F0F884B2F5801F40F0F184022104301F
:1053E000FFF7F4FE0646002E40F08684626E2368C6
:1053F00003E0B2F5401F40F0E284A8480026016DAA
:1054000021F440110A430265DD050AD5626D042AC4
:1054100006D8DFE812F0A20493049A04DF02DF0248
:105420000126354698051BD5A26D802A00F05B84C5
:1054300000F2EC80002A00F08B83402A40F0ED80DF
:105440000021201DFFF7C2FE23680546002D40F015
:1054500067839249A06D0A6D22F4E07202430A65E7
:1054600059051FD5D4F8A420B2F5800F00F0478469
:1054700000F2D680002A00F07183B2F5001F40F0E0
:10548000D7800021201DFFF7A1FE23680546002DCF
:1054900040F044838149D4F8A4008A6D22F460026C
:1054A00002438A651A051FD5D4F8A820B2F1007FFF
:1054B00000F02E8400F2BF80002A00F05583B2F184
:1054C000807F40F0C0800021201DFFF77FFE236811
:1054D0000546002D40F02A837049D4F8A8008A6D53
:1054E00022F0E06202438A659F0118D5A26C202A4F
:1054F00000F0DA8300F2AA803AB1102A40F0A980C5
:105500006649CA6A42F40032CA62002D40F05983EB
:105510006249A06CCA6C22F030020243CA64D8040B
:105520001DD5E26DB2F5005F00F0FB8300F29480C0
:10553000002A00F01F83B2F5805F40F095800021C3
:10554000201DFFF743FE23680546002D40F0EC8246
:105550005249E06D0A6D22F4E04202430A65990463
:105560001AD5226EB2F5003F00F074837FD84AB19D
:10557000B2F5803F40F083800121201DFFF726FE19
:1055800023680546002D40F01E834449206E0A6DB5
:1055900022F4E02202430A655A041BD5D4F8AC2059
:1055A000B2F1005F00F060836CD842B1B2F1805F6D
:1055B00070D10121201DFFF709FE23680546002D4B
:1055C00040F003833549D4F8AC008A6D22F0E04204
:1055D00002438A651F040DD5E26EB2F1805F00F0D0
:1055E0003183B2F1005F00F00182002A00F00482F2
:1055F00001263546D8015DD5626C032A00F20A8483
:10560000DFE812F0540017034E005400C02A3FF4A4
:105610001DAFB2F5807F3FF419AF012635461FE775
:10562000B2F5C00F3FF433AFB2F5000F3FF42FAF28
:105630000126354636E7B2F1407F3FF44AAFB2F17A
:10564000806F3FF446AF012635464DE7302A3FF4E0
:105650005CAF0126354662E7B2F5405F3FF475AFB7
:10566000B2F5804F3FF471AF0126354677E722F45B
:105670008031B1F5802F85D0B2F5403F82D0012630
:10568000354689E722F08051B1F1804F97D0B2F1D1
:10569000405F94D0012635469CE700BF0044025885
:1056A0000221201DFFF792FD23680546002D00F022
:1056B0006B822E46590200F1F081DF072FD5A26FD1
:1056C000282A2AD8DFE812F0D3012900290029006E
:1056D00029002900290029006D032900290029003B
:1056E0002900290029002900CC01290029002900CE
:1056F0002900290029002900D301290029002900B7
:105700002900290029002900D301290029002900A6
:105710002900290029002900D301012635469807D0
:1057200016D5626F052A00F27883DFE812F00D00CB
:10573000300306000D000D000D00012104F12400CE
:10574000FFF7BEFD23680546002D00F025822E469A
:10575000590717D5D4F89020052A00F26183DFE8B5
:1057600012F00D000C0306000D000D000D000121CC
:1057700004F12400FFF7A4FD23680546002D00F086
:1057800013822E469A061DD5D4F88C20B2F1005F04
:1057900000F0458200F2DC804AB1B2F1805F40F057
:1057A000E1800021201DFFF711FD23680546002D33
:1057B00040F00582A949D4F88C004A6D22F0E042FD
:1057C00002434A655F061DD5D4F89820B2F5006FF4
:1057D00000F0548200F2C9804AB1B2F5806F40F007
:1057E000CE800021201DFFF7F1FC23680546002D27
:1057F00040F0C8819949D4F898008A6D22F4E052AB
:1058000002438A6518061DD5D4F89C20B2F5804F56
:1058100000F03F8200F2B6804AB1B2F5005F40F07E
:10582000BB800021201DFFF7D1FC23680546002D19
:1058300040F0A6818949D4F89C008A6D22F4604228
:1058400002438A6519070BD5D4F88010B1F5805F43
:1058500000F03E828148426D22F440520A43426584
:10586000DA060BD5D4F89410B1F5807F00F02582CC
:105870007A48826D22F440720A4382651F030ED576
:10588000D4F8A010B1F5803F00F0D480B1F5003F0E
:1058900000F0D780002900F0BA8101263546580370
:1058A0000FD5D4F88420B2F5001F00F0B080B2F517
:1058B000401F00F0B380B2F5801F00F0A0810126E8
:1058C0003546D90309D5E26C002A00F08681B2F58D
:1058D000803F00F02D81012635469A0000F1D280EC
:1058E0009F035CD4301E18BF0120DE0206D55B4941
:1058F000256F0A6D22F000422A430A65DD0007D5B4
:105900005649D4F8B4500A6922F480422A430A6105
:10591000990206D55149A56E0A6D22F080722A437C
:105920000A655A0009D54D4A116921F400411161F7
:105930001169D4F8B85029431161002B06DA474A9F
:10594000216DD36C23F040530B43D364BDE8F8833F
:1059500022F08051B1F1804F3FF429AFB2F1405FA6
:105960003FF425AF012635462CE722F48061B1F5DE
:10597000805F3FF43CAFB2F5406F3FF438AF012693
:1059800035463FE722F40051B1F5004F3FF44FAFE9
:10599000B2F5C04F3FF44BAF0126354652E7E26FF8
:1059A000B2F5807F00F0228106D922F48071B1F532
:1059B000007F03D0012098E7002AFBD1002DF9D108
:1059C000264D301E696D18BF012021F440710A4335
:1059D0006A658AE73546002D40F0A4801F49606D56
:1059E0000A6D22F0070202430A651BE50121201D12
:1059F000FFF7ECFB23680546002D40F0DE801749D9
:105A0000E06E0A6D22F0405202430A65F2E5012180
:105A100004F12400FFF754FC23680546002D40F0F4
:105A2000DA800E49D4F884004A6D22F44012024311
:105A30004A6546E7022104F12400FFF741FC236890
:105A40000546002D40F0C5800449D4F8A0008A6DB9
:105A500022F4403202438A6521E700BF0044025825
:105A6000012104F12400FFF72BFC23680546002DDB
:105A700040F0AD80AF49A06F4A6D22F0380202437A
:105A80004A654CE6022104F12400FFF719FC236863
:105A900000283FF425AF012622E7A74F3B6843F4D7
:105AA00080733B60FCF7C6FE804606E0FCF7C2FE52
:105AB000A0EB0800642800F27E813B68DA05F5D58A
:105AC000002D40F0A4819B4AD4F8B030116F5940AA
:105AD00011F4407F0BD0116F106F21F4407140F42E
:105AE00080301067106F20F4803010671167B3F5B5
:105AF000807F00F06E8103F44072B2F5407F00F0C9
:105B00007C818C490A6922F47C520A61894AC3F378
:105B10000B03116F0B4313672368CEE52E46C1E4D8
:105B20002E469DE42E467DE42E4618E52E46DBE407
:105B30000221201DFFF74AFB05462368002D53D1A3
:105B40007C49E06CCA6C22F480320243CA64C4E629
:105B50007849CA6A42F40032CA6277E47549CA6A6F
:105B600042F40032CA6292E47249CA6A42F40032D4
:105B7000CA62AEE46F49CA6A42F40032CA62E4E41F
:105B80002E465FE62E463DE66A49606CCA6C22F0FE
:105B900003020243CA648DE56649606F4A6D22F0D4
:105BA000070202434A65D3E56249D4F890008A6D42
:105BB00022F0070202438A65E4E52E461AE52E46E6
:105BC00000E62E46ABE42E46E6E42E4602E52E46DF
:105BD000A5E52E4663E62E4673E65649CA6A42F4A8
:105BE0000032CA62002DABD02E4676E65148C16A1B
:105BF00041F40031C162002D7FF4DCAEE0E64D4996
:105C0000CA6A42F40032CA62002DE4D109E7201DBD
:105C1000FFF7DCFA05462368002DDAD114E70221EC
:105C200004F12400FFF74CFB05462368002DC6D184
:105C3000C0E54049CA6A42F40032CA62002D7FF4CE
:105C400038ADA1E73B49CA6A42F40032CA62002D6E
:105C5000B3D1D4E6012104F12400FFF731FB05465E
:105C60002368002DAFD190E4012104F12400FFF757
:105C700027FB05462368002DA7D1A3E4022104F1E8
:105C80002400FFF71DFB05462368002D7FF47AAF43
:105C9000B0E5022104F12400FFF712FB054623685A
:105CA000002D7FF46DAFC5E50221201DFFF78EFAB0
:105CB00005462368002D84D12AE4022104F1240042
:105CC000FFF7FEFA236800283FF4D8AD0126D5E59A
:105CD000022104F12400FFF7F3FA236800283FF4BF
:105CE000BFAD0126BCE5002104F12400FFF7E8FA6E
:105CF00023680546FFF7AABB2368FFF785BB002191
:105D000004F12400FFF7DCFA23680546FFF7BFBB68
:105D1000002104F12400FFF7D3FA23680546FFF7BA
:105D2000D8BB002104F12400FFF7CAFA2368054616
:105D30000BE400BF00440258004802580021201D17
:105D4000FFF744FA2368054645E6002104F12400E4
:105D5000FFF7B6FA236805463DE633493546CA6A79
:105D600042F40032CA6236E602212430FFF7A8FA74
:105D70000646002E3FF43AABBEE70121201DFFF797
:105D800025FA05462368002D7FF4FBAC0CE70121C2
:105D9000201DFFF71BFA05462368002D7FF4D7ACC2
:105DA000FAE60121201DFFF711FA05462368002DB0
:105DB0007FF40DAF5EE60326236835467DE40126B9
:105DC000FFF722BB1848C16A41F40031C162FFF7F6
:105DD00014BBFCF72FFDDFF85080074641F28839ED
:105DE00004E0FCF727FDC01B4845E4D8D8F8703024
:105DF0009B07F6D5D4F8B0307DE60B480B4A016915
:105E000002EA131221F47C510A4302617EE6236800
:105E10002E4652E4012635464CE40126354697E4E9
:105E200001263546AEE400BF00440258CFFFFF0014
:105E300008B5FFF77DF9054B054A1B6AC3F302134A
:105E4000D35C03F01F03D84008BD00BF00440258D4
:105E5000403D0108584B70B4996A9D6ADE6A15F49A
:105E60007C3FC5F30532DC6B5CD0C4F3CC0406F098
:105E7000100601F0030106FB04F4012907EE904A25
:105E8000B8EEE77A03D0022975D000294FD007EE8B
:105E9000902ADFED4A6AF8EEE77A9B6B86EEA76AF6
:105EA0009FED475AC3F3080306EE903AF7EE005A07
:105EB000F8EEE66AE7EE056A76EEA56A66EE266A11
:105EC0003D4AB7EE006A936BC3F3462307EE103AE0
:105ED000B8EEC77A70BC37EE067AC6EE877AFCEE6B
:105EE000E77AC0ED007A936BC3F3064307EE103AEE
:105EF000B8EEC77A37EE067AC6EE877AFCEEE77A16
:105F0000C0ED017A936BC3F3066307EE903AF8EEA7
:105F1000E77A77EE867A86EEA77ABCEEC77A80EDCE
:105F2000027A704770BCC0E900228260704719682D
:105F3000890627D51C6807EE902A2249F7EE005AF9
:105F40009B6BC4F3C102F8EEE77A9FED1D5AC3F3D1
:105F50000803D14006EE903A06EE101AF8EEE66A13
:105F6000B8EEC66AE7EE056A86EE277A76EEA56A8F
:105F700066EE876AA4E707EE902ADFED136AF8EE73
:105F8000E77A8AE707EE902A9FED105A9B6BB7EEEF
:105F9000006AF8EEE77ADFED0A5AC3F30803C5EEAC
:105FA000276A07EE903AF8EEE77AE7EE257A77EE81
:105FB000867A66EEA76A83E7004402580024744A92
:105FC000000000390090D0030024744B0024744C6E
:105FD000584B70B4996A9D6ADE6A15F07C7FC5F3F0
:105FE00005525C6C5CD0C4F3CC0406F4807601F0FE
:105FF000030106FB04F4012907EE904AB8EEE77AA4
:1060000003D0022975D000294FD007EE902ADFED8A
:106010004A6AF8EEE77A1B6C86EEA76A9FED475A4C
:10602000C3F3080306EE903AF7EE005AF8EEE66A7C
:10603000E7EE056A76EEA56A66EE266A3D4AB7EE99
:10604000006A136CC3F3462307EE103AB8EEC77A22
:1060500070BC37EE067AC6EE877AFCEEE77AC0EDC2
:10606000007A136CC3F3064307EE103AB8EEC77A12
:1060700037EE067AC6EE877AFCEEE77AC0ED017A53
:10608000136CC3F3066307EE903AF8EEE77A77EE07
:10609000867A86EEA77ABCEEC77A80ED027A7047E0
:1060A00070BCC0E90022826070471968890627D554
:1060B0001C6807EE902A2249F7EE005A1B6CC4F3C5
:1060C000C102F8EEE77A9FED1D5AC3F30803D140F1
:1060D00006EE903A06EE101AF8EEE66AB8EEC66AD8
:1060E000E7EE056A86EE277A76EEA56A66EE876A9F
:1060F000A4E707EE902ADFED136AF8EEE77A8AE765
:1061000007EE902A9FED105A1B6CB7EE006AF8EE6E
:10611000E77ADFED0A5AC3F30803C5EE276A07EEF4
:10612000903AF8EEE77AE7EE257A77EE867A66EE31
:10613000A76A83E7004402580024744A000000392B
:106140000090D0030024744B0024744C584B70B45E
:10615000996A9D6ADE6A15F47C7FC5F305125C6B53
:106160005CD0C4F3CC0406F0010601F0030106FB89
:1061700004F4012907EE904AB8EEE77A03D0022929
:1061800075D000294FD007EE902ADFED4A6AF8EE6D
:10619000E77A1B6B86EEA76A9FED475AC3F30803A5
:1061A00006EE903AF7EE005AF8EEE66AE7EE056A78
:1061B00076EEA56A66EE266A3D4AB7EE006A136B74
:1061C000C3F3462307EE103AB8EEC77A70BC37EE39
:1061D000067AC6EE877AFCEEE77AC0ED007A136B9A
:1061E000C3F3064307EE103AB8EEC77A37EE067AE5
:1061F000C6EE877AFCEEE77AC0ED017A136BC3F343
:10620000066307EE903AF8EEE77A77EE867A86EE46
:10621000A77ABCEEC77A80ED027A704770BCC0E9FD
:106220000022826070471968890627D51C6807EE2E
:10623000902A2249F7EE005A1B6BC4F3C102F8EE14
:10624000E77A9FED1D5AC3F30803D14006EE903A5A
:1062500006EE101AF8EEE66AB8EEC66AE7EE056AD0
:1062600086EE277A76EEA56A66EE876AA4E707EEE1
:10627000902ADFED136AF8EEE77A8AE707EE902AB4
:106280009FED105A1B6BB7EE006AF8EEE77ADFED70
:106290000A5AC3F30803C5EE276A07EE903AF8EEF0
:1062A000E77AE7EE257A77EE867A66EEA76A83E7E5
:1062B000004402580024744A000000390090D003C2
:1062C0000024744B0024744CB0F5807F00B585B079
:1062D00048D0B0F5007F11D0B0F5806F00F082801B
:1062E000B0F5006F52D0B0F5805F2CD0B0F5002F24
:1062F00000F09680002005B05DF804FB534A136D52
:1063000003F4E073802B59D012D9C02B26D0B3F5FB
:10631000807FEFD1D36C13F040535BD0B3F1805F3B
:1063200000F08D80B3F1005F494818BF0020E2E71C
:10633000002B3CD0402BDDD101A8FFF78BFD01984D
:1063400005B05DF804FB414A136D03F4E043B3F577
:10635000005F33D029D9B3F5405F58D13D4805B02F
:106360005DF804FB394B1B6D03F00703042BC1D808
:1063700001A252F823F000BFAF63000839630008A0
:10638000BD6300085D630008CB6300082F4A936D6E
:1063900003F0E063B3F1007F10D01DD9B3F1407F6B
:1063A000DCD0B3F1806FB5D0A4E7002B34D101A8C5
:1063B000FFF7CCFE029805B05DF804FB01A8FFF7DB
:1063C00007FE019805B05DF804FB204BDB6C13F071
:1063D0004053A3D120488EE7002BE8D0B3F1807F53
:1063E000AAD087E7194A936D03F46003B3F5800FD1
:1063F000E4D005D8002BDAD0B3F5001F9CD079E7A4
:10640000B3F5C00FAAD0B3F5000F83D072E7B3F590
:10641000804F3FF47FAF6DE7B3F5805F8CD069E7C5
:106420000A4A936D03F44033B3F5803F09D0B3F5C6
:10643000003F3FF46FAF002B7FF45CAF7CE7074871
:1064400059E701A8FFF7C4FD039854E70044025838
:106450000024F4000080BB000090D00300093D0040
:1064600008B5FEF7ABFC064B06499B69064AC3F329
:106470000323CB5C03F01F03D840106008BD00BFAE
:1064800000440258403D010844020024084604F03C
:1064900011B900BF143001F06DBA00BF38B500F17A
:1064A000140504462DED028B284601F01FFA2846FC
:1064B00001F018FA2846B0EE408A01F001FAD0ED5A
:1064C000007AF8EE677A88EE277ABDEC028B84EDCD
:1064D0000E7A38BD143001F005BA00BF38B500F1AE
:1064E000140504462DED028B284601F0EDF92846EF
:1064F00001F0F8F92846B0EE408A01F0E1F9D0ED5C
:10650000007AF8EE677A88EE277ABDEC028B84ED8C
:106510000E7A38BD253001F079BF00BF10B540F2CA
:1065200003338EB000244FF60B7240F20341ADF8F6
:10653000083009A80123ADF81020ADF82420224628
:10654000ADF80C100094029907940C94CDE9054421
:10655000CDE90A4401F082FD04A8012322460399F3
:10656000009401F07BFD09A801F05EFE10B9012046
:106570000EB010BD04A801F057FEA0420CBF0220CF
:1065800020460EB010BD00BF2DE9F04103239AB0A4
:10659000012700240646CDE914373B4BCDE91043D3
:1065A00040F20453CDE91647ADF84830FFF7B6FF87
:1065B000B842054625D0022845D040F60132334B7B
:1065C0000DF12C081894ADF82C200B981997CDF8E4
:1065D0004A3000F0E3F810A906F13C0002F060FE3A
:1065E000302003224FF07E5341460D930E93CDE9A8
:1065F0000B02F26B06F1140001F02AF91AB0BDE8A3
:10660000F0811023214A06A906908DF828300DF15B
:106610002C081F4BCDF84A2007930294CDE91804AB
:10662000CDE9080402A802F071F80823029A03A930
:106630004046ADF80C508DF80E40049505930B9430
:1066400000F0ECF8C7E700200121104B0DF12C08F9
:106650003A460094CDF84A304FF60B730C94ADF8DF
:106660002C302346CDE9180140F601314046ADF803
:1066700018100699CDE90D4401F0F0FC2146404682
:1066800001F0DEFDA7E700BF0402040404060403D2
:106690000704010B2DE9F04704462DED028B82B073
:1066A00000294DD0012140F2011200230091ADF8E4
:1066B00004208DF80630364A0127364B04F10409D0
:1066C000354904F12908626040F20272A36040F685
:1066D0000663E16004F1250AA4F82520A4F8293016
:1066E000278284F8277084F82B7004F07FF9054620
:1066F00003F0E2FF6946064650BB4DB304F130009B
:106700008DF8067004F0FAF8072D3CD104F1140559
:106710002046FFF739FF284601F0E4F82846B0EE9E
:10672000408A01F0CDF8D0ED007AF8EE677A88EE75
:10673000277A84ED0E7A02B0BDEC028BBDE8F087BB
:1067400040F2011300918DF80610ADF80430B2E765
:1067500004F1300004F0D2F8072D11D0494620464C
:1067600002F01EFA0EB9002DD0D1504601F072FD94
:10677000404601F06FFD04F1120000F079F9C5E721
:10678000002EF2D1C2E74946204602F009FABDE7E1
:106790000508050905070506050A060610B584B0B3
:1067A00003460124ADF8040003A8ADF80C30ADF8A1
:1067B0000E4001F04FFD214603A801F027FE2046C0
:1067C00003F078FF002103A801F020FE204603F02B
:1067D00071FF214603A801F019FE04B010BD00BFEF
:1067E00010B5C2F3002384B00C46017C8DF80D2057
:1067F00043EA4402FA2402238DF80C2003AA0094F1
:1068000002F01AF818B10124204604B010BD044665
:106810000A2003F04FFF204604B010BD034670B5B8
:1068200043F8042B044684B007C983E80700A37922
:1068300083B91A210B461E22FA2523742046ADF88F
:106840000C20022303AA009501F0F6FF28B10120D5
:1068500004B070BD1B210B46EDE70A2003F02AFFB0
:106860004FF4B85200950223ADF80C20204603AA3D
:10687000217C01F0E1FF0028E9D10A2003F01AFF92
:1068800041F2027200950223ADF80C20204603AAC3
:10689000217C01F0D1FF0028D9D10A2003F00AFFA2
:1068A000042200950223ADF80C20204603AA217C87
:1068B00001F0C2FF0028CAD10A2003F0FBFE062225
:1068C00000950223ADF80C20204603AA217C01F09C
:1068D000B3FF0028BBD10A2003F0ECFE41F20822EE
:1068E00000950223ADF80C20204603AA217C01F07C
:1068F000A3FF0028ABD10A20064603F0DBFE00957B
:10690000022303AA217C2046ADF80C6001F094FF1D
:1069100000289CD1304603F0CDFE009522790C234F
:106920002046002A8DF80C3003AA4FF0020314BF52
:10693000622142218DF80D10217C01F07DFF00289D
:1069400085D1304603F0B6FE2279D4E902310B43FB
:10695000DBB20AB943F0400362790AB143F0200385
:106960000E22FA258DF80D302046009502238DF871
:106970000C2003AA217C01F05FFF00287FF467AFA1
:106980000A2003F097FE102200950223ADF80C2098
:10699000204603AA217C01F04FFF00287FF457AF67
:1069A0000A2003F087FE122100950223ADF80C1097
:1069B00003AA217C204601F03FFF00287FF447AF67
:1069C0000A2003F077FE012209212046FFF708FF85
:1069D000003818BF01203BE7F0B5102387B0234CE7
:1069E000012200250126002702A920460195CDE9B4
:1069F00002234FF48052CDE9046707F0C9F8642000
:106A0000FBF71EFF02A94FF480522046CDE9046730
:106A100002261027CDE9026707F0BAF803221023F7
:106A200002A92046CDE9022300230422CDE9042354
:106A30004FF4805207F0ACF840F23223042202A94E
:106A4000019310232046CDE90223019A01230592E8
:106A50004FF48052049307F09BF840F6060120465D
:106A600007F0B6F8284607B0F0BD00BF58F600247E
:106A70001C4B00221C494FF0400C30B5054689B034
:106A80000220596007219A601A620124DA620A2200
:106A90004FF4006EDC6006922022CDE90001042054
:106AA0000821CDE9020103201021CDE904010820CD
:106AB0006946C3E904024FF4C072181DC3E906C257
:106AC0004FF48052C3E909E207F038F838B9284694
:106AD000FFF782FF003818BF012009B030BD204603
:106AE00009B030BD54F6002440410052614A0021F3
:106AF000D0B513688EB00A91002B40F0B9805E4B80
:106B000001214FF683700C2411600221D3F8D420A8
:106B10000026032742F48052C3F8D420D3F8D420AF
:106B200002F480520092009AD3F8E02042F0100262
:106B3000C3F8E020D3F8E02002F010020192019A9D
:106B4000D3F8E02042F04002C3F8E020D3F8E02080
:106B500002F040020292029AD3F8E02042F00802CA
:106B6000C3F8E020D3F8E02002F008020392039A71
:106B7000D3F8E02042F48072C3F8E020D3F8E0209C
:106B800002F480720492049AD3F8E02042F080026A
:106B9000C3F8E020D3F8E02002F080020592059AC5
:106BA000D3F8E02042F02002C3F8E020D3F8E02040
:106BB00002F020020692069AD3F8E02042F0040286
:106BC000C3F8E020D3F8E0300C9403F004030793FB
:106BD0000323079A0B93CDE9080108A9274804F07D
:106BE00041F948F23712022308A925480C94CDE94F
:106BF0000823CDE90A6704F035F94CF20372022349
:106C000008A920480C94CDE90823CDE90A6704F0CF
:106C100029F940F2FF62022308A91B480C94CDE930
:106C20000823CDE90A6704F01DF94FF60C72022320
:106C300008A916480C94CDE90823CDE90A6704F0A9
:106C400011F94FF63F02022308A911480C94CDE92F
:106C50000823CDE90A6704F005F92022022308A9D8
:106C60000A480C94CDE90A67CDE9082304F0FAF844
:106C70000EB0D0BD50F60024004402580010025857
:106C800000180258000C025800200258001C02583C
:106C9000001402582DE9F04FDFF8108406460D4627
:106CA000144608F118002DED028B89B000AF02F0F8
:106CB000EFFBD8F8183073B3D8F81C30D8F804902C
:106CC000002B43690BBF4FF0080A4FF0100A4FF03A
:106CD000020B4FF0040BB9F1000F2AD0A200EA46D4
:106CE000012B02F1070222F00702ADEB020D68460C
:106CF000ADEB020D694600F03F81022B00F0D6801B
:106D0000002B6FD02246C847D5462437BD46BDEC80
:106D1000028BBDE8F08FD8F81C30002BF5D0D8F8E6
:106D200004904FF0080A4FF0020B4369B9F1000FCD
:106D3000D4D1FB61D8F80030BB61002BE5D0D54839
:106D400002F018FC6B46BBF1020F786108EE103AB6
:106D5000FB6900F083816A465146A2EBC402954666
:106D60006200EA46B2FBFBF2AAEBC40085460AEBDE
:106D70008200EE46F861ADEB010DF8690EEB820C76
:106D8000C7F810C0EC46ADEB010D00EB8201CCF86A
:106D90000400CCF8081001EB82013869E946CCF810
:106DA0000C1000EB8201CCF800A001EB8202C9E9D3
:106DB00000E0C9E90212012B00F06483022B00F00D
:106DC0006C82002B00F08081620849466046BB69F6
:106DD000984718EE103A24379D46BD46BDEC028B0D
:106DE000BDE8F08F002C8DD01A46D8ED0C6A9FEDCF
:106DF000B27A8446331D36F922E00CF1080C07EE16
:106E000090EA33F922E00232F8EEE77A944267EE34
:106E1000877A67EEA67A4CED027A07EE90EAF8EEF2
:106E2000E77A67EE877A67EEA67A4CED017AE2D8C8
:106E3000F9612246C847984ED8ED0D6A0020F969DD
:106E40002B1D9FED9E7A9FED9E6ADFED9E5A22E0FC
:106E5000F4EEC67AF1EE10FAC0F2C88447F6FE727C
:106E6000D1ED017A45F8202066EEA77AF4EEC77AD4
:106E7000F1EE10FA40F2F080F4EEC67AF1EE10FA7C
:106E8000C0F2D58447F6FE7243F820200230083164
:106E900084427FF639AFD1ED007A66EEA77AF4EE40
:106EA000C77AF1EE10FAD3D83246D9E7002C3FF476
:106EB00029AFD8ED0C6A84469FED787A0022331D05
:106EC0008E4656F822100CF1080C07EE901A53F873
:106ED00022100232F8EEE77A944267EE877A67EE84
:106EE000A67A4CED027A07EE901AF8EEE77A67EE92
:106EF000877A67EEA67A4CED017AE2D8714622468F
:106F0000C7F81CE0C847664ED8ED0D6A0020F96945
:106F10002B1D9FED6A7A9FED6A6ADFF894C120E02D
:106F2000F4EEC67AF1EE10FAC0F279843246D1ED71
:106F3000017A45F8202066EEA77AF4EEC77AF1EEE2
:106F400010FA40F28780F4EEC67AF1EE10FAC0F241
:106F50005E84324643F820200230083184427FF6B6
:106F6000D3AED1ED007A66EEA77AF4EEC77AF1EEF1
:106F700010FAD5D86246DAE7002C3FF4C3AED8ED5C
:106F80000C6A86469FED477A4FF0000C331D56F889
:106F90002C200EF1080E82F40002A2F5000207EE8A
:106FA000902A53F82C200CF1020CF8EEE77A82F4C8
:106FB00000026445A2F5000267EE877A67EEA67AC2
:106FC0004EED027A07EE902AF8EEE77A67EE877ABE
:106FD00067EEA67A4EED017AD9D8F9612246C84704
:106FE000314ED8ED0D6A0020F9692B1D9FED337AE3
:106FF0009FED336ADFF8BCC01FE0F4EEC67AF1EE15
:1070000010FAC0F2FC833246D1ED017A45F8202017
:1070100066EEA77AF4EEC77AF1EE10FA18D9F4EE1C
:10702000C67AF1EE10FAC0F2DA83324643F8202035
:107030000230083184427FF667AED1ED007A66EE09
:10704000A77AF4EEC77AF1EE10FAD6D86246DBE7FB
:107050006246EBE762467DE7324615E7A100D64679
:107060006208073121F00701ADEB010DEA46ADEBF7
:10707000010D6946ADEB0E0D0AEB8200EC46ADEB5F
:107080000E0D01EB8202F861E946CCE900A0C9E9E6
:10709000001290E6A8F600240280FFFF00000030F6
:1070A0000082FF7F0000003482FF7F008CF6002406
:1070B000007E00807E0080FF0000003804FF7FBF5C
:1070C00004FF7F3F00FEFF46002C00F0C982BBF1A9
:1070D000020FD8F8242000F0FA827969C7F80490EA
:1070E00002EB810E5FED0C5A8A00DCF808100EF1FD
:1070F00004007A611A46DCF80C303B61331DD7F886
:1071000010903D61FD69C7E902CB8C46834636F994
:107110002210D8ED0C7A06EE101A33F9221006EE82
:10712000901A3EF92210B8EEC66A07EE101AF8EE71
:10713000E66A3BF92210B8EEC77A26EE256A66EEBB
:10714000A56A27EE257A26EE276A66EEA76A27EE5D
:10715000277A07EE901A51080232F8EEE77A0AEB26
:107160008100944280ED006A05EB810067EEA57A0C
:10717000C0ED006A0CEB810009EB810180ED007A23
:1071800098ED0C7A67EE877AC1ED007ABFD8D7F810
:1071900004903D69D7E902CB60466208BB69494665
:1071A0009847D8F82C307A69D8ED0D6A1A441FED4B
:1071B0003D7A1FED3D6A2B1D904602F1040A5FEDFA
:1071C0003F5A0022A84ED9E900EC51E0F4EEC67A0D
:1071D000F1EE10FAC0F2C78247F6FE7045F82200C1
:1071E0000CEB0100D0ED007A66EEA77AF4EEC77AD8
:1071F000F1EE10FA4BD9F4EEC67AF1EE10FAC0F2C5
:10720000BA8247F6FE70BBF1020F43F822002BD082
:10721000D9F808000844D0ED007A66EEA77AF4EEBB
:10722000C77AF1EE10FA36D9F4EEC67AF1EE10FA1A
:10723000C0F2CD8247F6FE7048F82200D9F80C0063
:107240000144D1ED007A66EEA77AF4EEC77AF1EE4A
:1072500010FA1ED9F4EEC67AF1EE10FAC0F2AF823F
:1072600047F6FE714AF82210023294427FF6B1AD21
:1072700051080EEB81008900D0ED007A66EEA77A06
:10728000F4EEC77AF1EE10FAA0D83046A6E7304601
:10729000B9E73146E6E73046CEE7002C00F0E08162
:1072A000BBF1020FD8F8243000F0E1817A69DCF8F4
:1072B000081003EB820EC7F804909300DFED6B5AC1
:1072C0000EF1040000227B61DCF80C303B61331DC1
:1072D000D7F810903D61FD69C7E902CB8C46834623
:1072E00056F82210D8ED0C7A07EE101A53F8221037
:1072F000B8EEC76A07EE101A5EF82210F8EEC76AF9
:1073000007EE101A26EE256A5BF82210B8EEC77A4F
:1073100066EEA56A26EE276A27EE257A66EEA76A4C
:1073200027EE277A07EE901A51080232F8EEE77A34
:107330000AEB8100944280ED006A05EB810067EE64
:10734000A57AC0ED006A0CEB810009EB810180EDAC
:10735000007A98ED0C7A67EE877AC1ED007ABFD893
:10736000D7F804903D69D7E902CB60466208BB6953
:1073700049469847D8F82C307A69D8ED0D6A1A44F6
:107380009FED3E7A9FED3E6A131D9246DFF8E4C002
:107390000022FB612B1D364ED9E9008E4EE0F4EE43
:1073A000C67AF1EE10FAC0F2FC81304645F82200B0
:1073B0000EEB0100D0ED007A66EEA77AF4EEC77A04
:1073C000F1EE10FA49D9F4EEC67AF1EE10FAC0F2F5
:1073D000EF813046BBF1020F43F822002AD0D9F8E2
:1073E00008000844D0ED007A66EEA77AF4EEC77A7A
:1073F000F1EE10FA35D9F4EEC67AF1EE10FAC0F2D9
:10740000C98130464AF82200D9F80C000144D1ED78
:10741000007A66EEA77AF4EEC77AF1EE10FA1ED97A
:10742000F4EEC67AF1EE10FAC0F2AD813146F86999
:1074300040F82210023294427FF6CBAC510808EBA0
:1074400081008900D0ED007A66EEA77AF4EEC77A63
:10745000F1EE10FAA3D86046A8E76046BAE76146A5
:10746000E5E76046CEE700BF0280FFFF0000003086
:107470000082FF7F007E00800000003404FF7FBF99
:1074800004FF7F3F002C00F0EB807A690021D8F8E0
:107490002430C7F8109003EB820ED7F81C909300AD
:1074A000FD610EF104021FED0C6A7B61331D154670
:1074B00056F821204808D8ED0C6ABBF1020F82F47F
:1074C0000002A2F5000207EE902A53F8212082F470
:1074D0000002B8EEE77AA2F5000227EE067A07EE80
:1074E000902A0AEB8002F8EEE77A27EE267A67EE1A
:1074F000867A82ED007A09EB80024FEA800067EE1F
:10750000A67AC2ED007A27D05EF8212082F400022C
:10751000A2F5000207EE902A55F8212082F400021D
:10752000B8EEE77AA2F5000227EE067A07EE902A77
:10753000DCF80820F8EEE77A024427EE267A67EEB8
:10754000867A82ED007A98ED0C7ADCF80C2067EEF2
:10755000877A0244C2ED007A02318C42A8D8D7F86B
:10756000109060466208BB694946FD699847D8F8A3
:107570002C307A69D8ED0D6A1A441FED407A1FED60
:10758000406A131D9246DFF8C4C20022FB612B1D26
:10759000AB4ED9E9008E4EE0F4EEC67AF1EE10FA69
:1075A000C0F2C580304645F822000EEB0100D0ED58
:1075B000007A66EEA77AF4EEC77AF1EE10FA49D9AE
:1075C000F4EEC67AF1EE10FAC0F2BF803046BBF19D
:1075D000020F43F822002AD0D9F808000844D0ED61
:1075E000007A66EEA77AF4EEC77AF1EE10FA35D992
:1075F000F4EEC67AF1EE10FAC0F2AE8030464AF8E8
:107600002200D9F80C000144D1ED007A66EEA77A89
:10761000F4EEC77AF1EE10FA1ED9F4EEC67AF1EE66
:1076200010FAC0F28B803146F86940F8221002321D
:1076300094427FF6CEAB510808EB81008900D0ED73
:10764000007A66EEA77AF4EEC77AF1EE10FAA3D8C4
:107650006046A8E76046BAE76146E5E76046CEE7E0
:10766000224649466046BB699847FFF7B2BBC7F858
:1076700010B0002298ED0C6A331DDFED726AD7F866
:107680001CB0786956F8221007EE901A53F82210B1
:10769000B8EEE77A07EE901A51080232F8EEE77A70
:1076A00027EE267A0AEB810E94420BEB810167EEFE
:1076B000A67A27EE067A67EE867A8EED007AC1ED1D
:1076C000007ADFD88300D7F810B07B614DE61A4608
:1076D000C7F810B098ED0C6A331DDFED5B6AD7F880
:1076E0001CB0786936F9221007EE101A33F922100F
:1076F00007EE901AB8EEC77A51080232F8EEE77A30
:1077000027EE267A0AEB810E94420BEB810167EE9D
:10771000A67A27EE067A67EE867A8EED007AC1EDBC
:10772000007ADFD88300D7F810B07B6134E5F0EE43
:10773000675AFEEEE45A15EE900A34E7F0EE675A07
:10774000FEEEE45A15EE901A6EE7F0EE675AFEEE82
:10775000E45A15EE900A3AE7F0EE675AFEEEE45A64
:1077600015EE900A4BE767EEA57AFDEEE77A17EE85
:10777000900A00B232E567EEA57AFDEEE77A17EEE1
:10778000900A00B23FE5F0EE675AFEEEE05A15EEC1
:10779000901A4CE6F0EE675AFEEEE05A15EE900AAB
:1077A00030E6F0EE675AFEEEE05A15EE900AFDE57F
:1077B000F0EE675AFEEEE05A15EE900A0AE667EE22
:1077C000A57AFDEEE77A17EE901A09B24AE567EE60
:1077D000A57AFDEEE77A17EE900A00B22CE5F0EEFE
:1077E000675AFEEEE45A15EE902A1FE467EEA57A7A
:1077F000FDEEE77A17EE902A12B2FFF731BBF0EEFA
:10780000675AFEEEE45A15EE902AFFF7FDBBF0EE44
:10781000675AFEEEE05A15EE902AFFF79BBBF0EE9A
:10782000675AFEEEE05A15EE902AFFF780BB67EE2E
:10783000A57AFDEEE77A17EE902A12B2FFF724BB85
:1078400082FF7F0000000030000000387E0080FFD3
:1078500030B5184C154685B0046004F1080EEC46AE
:107860000FC98EE80F00D4ED047AF5EEC07A8CE8EB
:107870000F00F1EE10FA1ADDB7EE006A94ED057A0A
:1078800027EE277AC6EE276A84ED0D7AC4ED0C6ADE
:107890006DB1204640F8185F01F0FAFD0649036912
:1078A0000020064A2162A262E36005B030BD0120DB
:1078B00005B030BD8CF60024002000300000003000
:1078C00000680830704700BFB1F5807F03680A4642
:1078D00028BF4FF48072B1F5807F9A6094BF00207A
:1078E000012070470068183001F032BE70B504689E
:1078F0008AB0A369E160CBB104F11805284601F014
:10790000C7FD8446EE46E668BCE80F00AEE80F000F
:10791000BCE80F00AEE80F009CE803008EE803000F
:1079200069462846049601F0BBFCF8B9E069D8B175
:1079300004F11C05284601F0ABFD8446EE46E468E0
:10794000BCE80F00AEE80F00BCE80F00AEE80F0087
:107950009CE803008EE8030069462846049401F081
:107960009FFC003818BF01200AB070BD01200AB08A
:1079700070BD00BF30B5046883B00D46E3694BB1FC
:10798000A3680020E26A616A9B00009004F11C0079
:1079900001F080FDA3680748A26A9B00216A00905D
:1079A00004F1180001F076FD0020C4E9005003B096
:1079B00030BD00BF956C000810B4074B4FF07E51EE
:1079C00030240022032019619C60D8605DF8044BCC
:1079D0005961C3E9062270478CF6002400B583B0D4
:1079E0004FF0000E4FF0030C4274ADF80410BDF8D8
:1079F000043080F810E0A0F802C0038003B05DF806
:107A000004FB00BF2DE9F04FDFF81C8300258DB08B
:107A1000C04C037008F140034260074601920E46D5
:107A2000202229464046C4F86831C4F86481CDE973
:107A30000255CDE90455CDE90655CDE90855CDE906
:107A40000A550BF009FC2022294604F5A170C4F860
:107A50003151C4F83551C4F83951C4F83D510BF0D7
:107A6000FBFB019B84F8485284F830317A68002A85
:107A70006AD02B4604F59871454606F1100A9E46D9
:107A8000F01856F803B0E2180EF1010ED0F80CC051
:107A9000D0F80490D0F8088044F803B0C2F80CC0C5
:107AA0004FF0000CC2F80490C2F80880008A25F854
:107AB00002CB10821AF8032001F8012F002A70D09F
:107AC0007A684FF001001233724584F84802D7D823
:107AD0004FF4802290489DF8043008214FF00008B0
:107AE0004FF00009C4F884310023C4E95B0201228D
:107AF000C4F8743184F88031C4E95E2194F84812E6
:107B0000C4E96489A9B3C4F89821002284F88131BA
:107B100084F888313B78C4E96722002B38D00122F1
:107B200000200121013B84F8A421C4E96C01082B49
:107B300030D8DFE813F0BD00C200C700CC00D10090
:107B4000D600DB00E100E8009DF804300121C4F814
:107B50007421C4F884314FF4802384F880216E4A64
:107B6000C4E95B2308230022C4E95E130023C4E9AF
:107B700064230123002284F88131002384F88831B2
:107B80000323C4F898313B78C4E96722002BC6D19F
:107B900084F8A4316148FBF735FC034638B1FFBED9
:107BA000FEE77A68123372453FF66AAF90E702A9A2
:107BB0005A480293FBF784FD8246002876D10422BE
:107BC00040F2FF710A90CDE9081294F83021002AA2
:107BD00000F0F3804FF006080AEBCA034FEACA0927
:107BE00004EB43035B7C072B07D8DFE803F0595C09
:107BF0005653504D4A04072307930FFA8AF6D1448F
:107C000006EBC60604EB490904EB46077500384647
:107C100000F020FB99F81030042B00F3AA80022B0F
:107C200000F3BD8000F0B98004EB0A03002283F862
:107C3000202114F81630002B78D0022B00F08A8017
:107C4000012B40F0B2807B78012B00F0B080002B3C
:107C5000334B18BF002305A93048CDE90538FAF7A2
:107C6000DFFE002840F0AC800AF1010A94F83031C0
:107C70005FFA8AFA534540F2A0802A4B53F82A80D3
:107C8000AAE706230793B8E705230793B5E704237C
:107C90000793B2E703230793AFE702230793ACE709
:107CA00000230793A9E701230793A6E7FFBEFEE79A
:107CB00003224023C4E96A236CE707226023C4E956
:107CC0006A2367E70F228023C4E96A2362E71F2241
:107CD000A023C4E96A235DE73F22C023C4E96A23E5
:107CE00058E77F22E023C4E96A2353E7FF224FF4D9
:107CF0008073C4E96A234DE740F2FF124FF490739A
:107D0000C4E96A2346E740F2FF324FF4A073C4E9A6
:107D10006A233FE7C8F600240020024034F800241C
:107D20000002B025903C0108004000307B78062B13
:107D300037D0072B3DD0022B4AD0032B4AD0002B43
:107D40004CD0012B48D0042B4AD0052B254B18BF13
:107D5000002380E77B78042B25D0052B2BD08BB319
:107D6000012B31D0022B31D0032B1F4B18BF002326
:107D700071E70323043504EB0A0B4FF00009254497
:107D80008BF82031284609F1010900F063FA9BF8CD
:107D9000203104354B45F5DC4BE70123EAE70223AC
:107DA000E8E7124B57E7124B55E7002353E7114B17
:107DB00051E7114B4FE7114B4DE70DB0BDE8F08F88
:107DC000FFBEFEE70E4B46E70E4B44E70E4B42E785
:107DD0000E4B40E70E4B3EE70E4B3CE70E4B3AE7AF
:107DE0000E4B38E70000B84F002090360800900C8A
:107DF0001000C0102000F0148000501D00018021F0
:107E00000004002A0008302E001060320040C03A02
:107E10000080F03E00005247000021430000844BE8
:107E200038B5094C40F2FF724FF0011104F5B675F8
:107E30002846FBF7F3FB94F83021D4F86411284668
:107E4000BDE83840FBF73AB9C8F60024064B0F29C5
:107E5000D3F8643198BF03EB41031B8800EE103A5E
:107E6000BBEEC80A704700BFC8F60024214B026869
:107E70009A4200D07047204A00232048D2F8D810F8
:107E800030B51F4C41F0200183B0C4F8D001092067
:107E900004F5E875C4E975034FF48060C2F8D810A2
:107EA000D2F8D8204FF40061C4E9773094F8480242
:107EB00002F02002C4F8E4114FF4005198420192FC
:107EC0002846C4F8E811C4E97C33019B14BF0023A1
:107ED0004FF48073C4F8EC31FBF718FE08B1FFBE15
:107EE000FEE704F5B673C4F8B851C4F8083203B01D
:107EF00030BD00BF00200240004402584000024054
:107F0000C8F600240148FCF779B900BF98F80024AE
:107F100002682DE9F84F4B4B9A4201D0BDE8F88F2B
:107F2000494D95F84832002BF8D095F83031002BA8
:107F300077D0002405F10C0905F5A17605F59877B1
:107F4000A04613E003F0010117F811BCA9F10800E5
:107F500000F05CFABBF1010F25D895F830310134FF
:107F600009F112090236A2B293422BD917F8012F58
:107F7000002AF4D0D5F864310021327833F81400A7
:107F8000D5F8683103EB041323F81200338801336A
:107F90009BB233805FFA83FA3A789A42D2D88A4603
:107FA000A6F80080D0E7CAF34001A9F1040000F070
:107FB0002DFABBF1020FCAF38001CED0484600F083
:107FC00025FACAE7002395F8480220490922984279
:107FD000C5F8D8314FF48060C5F8D011C5F8D42168
:107FE0004FF400614FF40052C5F8DC3108BF4FF484
:107FF0008073C5F8E821C5E9780100221448C5E975
:108000007B32C5F8F421FBF781FD08B1FFBEFEE726
:1080100095F83021D5F864110E48BDE8F84FFBF70C
:108020004DB80A4909224FF48060C5F8D831C5E936
:1080300074124FF400614FF40052C5E97730C5E97E
:108040007912DAE700200240C8F60024400002401E
:1080500098F8002434F80024704700BF10B592B09F
:10806000ADF804100180C9B2149C0B29C460C0E9AA
:1080700001233FD090F801C0BCF10F0F3AD8022A7B
:108080003FD0032A02D0012A00D000220E92012BF9
:1080900002D0022B18BF0023022C0F932CD0032CEC
:1080A0002AD0012C28D000230A29109327D85C4A13
:1080B00002EB812202610A2914D8DFE801F0A395BE
:1080C00087796B5D4F4133250600564BD3F8E0109E
:1080D00041F48061C3F8E010D3F8E03003F480632A
:1080E0000C930C9B01230DA9104603FA0CF30D937E
:1080F00002F0B8FE12B010BD0A291094D7D90022A0
:10810000D8E711220E92C2E7464BD3F8E01041F4B3
:108110000071C3F8E010D3F8E03003F400730B9360
:108120000B9BDFE73F4BD3F8E01041F48071C3F8BD
:10813000E010D3F8E03003F480730A930A9BD1E790
:10814000384BD3F8E01041F08001C3F8E010D3F8C9
:10815000E03003F080030993099BC3E7314BD3F868
:10816000E01041F04001C3F8E010D3F8E03003F034
:1081700040030893089BB5E72A4BD3F8E01041F081
:108180002001C3F8E010D3F8E03003F02003079398
:10819000079BA7E7234BD3F8E01041F01001C3F889
:1081A000E010D3F8E03003F010030693069B99E744
:1081B0001C4BD3F8E01041F00801C3F8E010D3F8ED
:1081C000E03003F008030593059B8BE7154BD3F8CC
:1081D000E01041F00401C3F8E010D3F8E03003F000
:1081E00004030493049B7DE70E4BD3F8E01041F0A9
:1081F0000201C3F8E010D3F8E03003F00203039368
:10820000039B6FE7074BD3F8E01041F00101C3F87F
:10821000E010D3F8E03003F001030293029B61E722
:10822000000002580044025808B501214378006953
:10823000994089B203F01EF8003818BF012008BD2C
:1082400001230A464178006903FA01F189B203F07B
:1082500017B800BF8378022B30B504468FB037D0F3
:10826000032B33D0012B31D000230A93E378012B69
:108270002AD0022B28D000230B93002320460C93F6
:1082800002F038FD0546204602F03CFD23780990B7
:10829000082B13D8DFE803F01F3245586B7E91A4FA
:1082A0000500594BD3F8E02042F48072C3F8E02077
:1082B000D3F8E03003F480730893089B09A928469B
:1082C00002F0D0FD0FB030BD0B93D6E70A93CDE797
:1082D00011230A93CAE74C4B09A92846D3F8E0209A
:1082E00042F00102C3F8E020D3F8E03003F00103CC
:1082F0000093009B02F0B6FD0FB030BD424B09A9C0
:108300002846D3F8E02042F00202C3F8E020D3F878
:10831000E03003F002030193019B02F0A3FD0FB0D4
:1083200030BD394B09A92846D3F8E02042F00402B9
:10833000C3F8E020D3F8E03003F004030293029B7B
:1083400002F090FD0FB030BD2F4B09A92846D3F89D
:10835000E02042F00802C3F8E020D3F8E03003F058
:1083600008030393039B02F07DFD0FB030BD264B45
:1083700009A92846D3F8E02042F01002C3F8E02013
:10838000D3F8E03003F010030493049B02F06AFD7D
:108390000FB030BD1C4B09A92846D3F8E02042F0AD
:1083A0002002C3F8E020D3F8E03003F02003059367
:1083B000059B02F057FD0FB030BD134B09A92846AD
:1083C000D3F8E02042F04002C3F8E020D3F8E030D8
:1083D00003F040030693069B02F044FD0FB030BD4E
:1083E000094B09A92846D3F8E02042F08002C3F8DF
:1083F000E020D3F8E03003F080030793079B02F0FE
:1084000031FD0FB030BD00BF0044025870B50646C4
:108410000D4602F06FFC0446304602F073FC2A1E43
:108420000146204618BF0122BDE8704002F028BF77
:108430000023122270B586B0CDE9022304930368AD
:10844000032B01D804230593061D841D304602F03A
:1084500051FC0546304602F055FC034601A928466A
:10846000019302F0FFFC204602F044FC0346204644
:108470001C4602F047FC01A903462046019302F086
:10848000F1FC06B070BD00BF634A0368934210B5AB
:108490008CB028D0614A934258D0614A934200F090
:1084A0009480604A934201D00CB010BD5E4C5F488E
:1084B000D4F8E03043F00203C4F8E030D4F8E03000
:1084C00003F002030A930A9BFFF7B2FFD4F8F430DB
:1084D00043F08003C4F8F430D4F8F43003F08003A0
:1084E0000B930B9BE0E7504C5148D4F8E03043F03D
:1084F0000203C4F8E030D4F8E03003F00203019343
:10850000019BFFF795FFD4F8E83000221F2043F4C9
:1085100000131146C4F8E830D4F8E83003F400132F
:108520000293029BD4F8D83043F00103C4F8D8304A
:10853000D4F8D83003F001030393039BFBF734F91D
:108540001F200CB0BDE81040FBF76CB9364C394821
:10855000D4F8E03043F08003C4F8E030D4F8E030E1
:1085600003F080030493049BD4F8E03043F002034B
:10857000C4F8E030D4F8E03003F002030593059B23
:10858000FFF756FFD4F8E8300022212043F480039F
:108590001146C4F8E830D4F8E83003F480030693B9
:1085A000069BD4F8D83043F00103C4F8D830D4F88F
:1085B000D83003F001030793079BFBF7F5F8212060
:1085C0000CB0BDE81040FBF72DB91B48FFF730FF9A
:1085D000154B00224820D3F8E840114644F400042B
:1085E000C3F8E840D3F8E84004F400040894089C79
:1085F000D3F8D84044F00104C3F8D840D3F8D830B9
:1086000003F001030993099BFBF7CEF848200CB057
:10861000BDE81040FBF706B9005400400058004088
:10862000005C0040001C005800440258A0FB0024DD
:1086300018F90024F0F90024C8FA00242DE9F043C9
:108640001A4B87B000254FF010099E46EC46184B98
:10865000FF22E04667461A700EF118060EF130044C
:10866000CDE90055CDE90255ADF80090BCE80F000A
:10867000CDE90455AEE80F009CE803000095ADF885
:1086800000908EE80300B8E80F000FC69CE80300D6
:108690000095ADF8009086E803000FCF0FC49CE86A
:1086A000030084E8030007B0BDE8F0830C00002459
:1086B00014F9002410B5EFF3108472B6084B1A7841
:1086C000120602D504B962B610BD1B78D82205483F
:1086D0005BB202FB03001430FBF790FDF2E700BF32
:1086E00014F9002418F90024014803F061BC00BF0C
:1086F000A4F90024014803F05BBC00BF7CFA00240D
:10870000014803F055BC00BF54FB00242DE9F043A1
:108710000F68D8243F4D85B007FB04F4032F05EB09
:108720000403036040DCCB680E46012B3CD84DD0DF
:108730004FF0D808B646DFF8FC9008FB0758BEE8B3
:108740000F00C446ACE80F00DEF800300DF1100E4B
:10875000CCF80030D8F808C099E80F000EE90F00F7
:108760000EEB8703BCF1010F53F8103CC8F88C30B6
:1087700031D0BCF1020F42D0BCF1000F35D0317CBA
:108780008C34D823002201202C4403FB07534900DA
:10879000C3E92602C3F894102046C3E92822C3E99E
:1087A0002A2203F0F7F918B1012005B0BDE8F083E3
:1087B0000146204603F008FC0028F5D1014620467A
:1087C00003F02CFC003818BF0120EEE70B7C103BB7
:1087D000672BADD9E8E702F007F90F4B98420CBFC1
:1087E0000E4B0F4BC8F89030C9E702F0FDF80A4B6A
:1087F00098420CBF0B4B0C4BC8F89030BFE702F00F
:10880000F3F8054B98420CBF084B094BC8F8903061
:10881000B5E700BF18F90024000E27072D0FB03070
:108820003211D0205F4390608A62E030200BA010AC
:108830001A0980103C3B01082DE9F041D0F8008076
:1088400082B00D4617461E4608F18C04204603F000
:10885000B7FB2028FAD1D8F80C3073B96D00204648
:10886000089C33463A46A9B2009403F0E9F900386F
:1088700018BF012002B0BDE8F081089B324639469E
:10888000204603F0B1FAF2E7044B10221A7483F881
:10889000E82083F8C02183F89822704718F9002453
:1088A00030B5002395B04FF48071062204460B9337
:1088B00006921393CDE90C13CDE90E33CDE91133B4
:1088C00002F094F807282BD004F1100541F2883209
:1088D00006A9284604F0B4F928B10123184684F803
:1088E0005C3015B030BD0222022306A92846CDE92E
:1088F000002310220123CDE9022300224FF480033C
:10890000CDE9042305224FF0807306926A460F9347
:1089100041F2883304F000FB0028DED115B030BDF1
:108920000323012084F85C3015B030BD0000000046
:1089300070B50023A4B04FF080724FF480750446E8
:10894000ADF806300D93CDE910320122CDE90E537A
:10895000CDE91223CDE91433002943D0F02300F1EF
:10896000100508AEADF80630C02341F2883231461A
:108970002846089304F064F928B10123184684F8C6
:108980005C3024B070BD41F288320DF106012846FA
:1089900004F0C0F903460028EFD105224FF480719E
:1089A0001E93284616924FF080721B9321931F92BC
:1089B00002AA9FED1F7BCDE91C13CDE922338DED7B
:1089C000027B9FED1D7B41F2883316A98DED047B60
:1089D0009FED1B7B8DED067B04F09EFA0028CCD129
:1089E00024B070BD00F1100508AE612341F2883259
:1089F00031462846089304F023F90028BDD141F2FE
:108A000088320DF10601284604F002FA0028B4D19C
:108A1000BDF80630204623F0780343F04003ADF85C
:108A20000630FFF73DFF00289ED0A6E7AFF3008099
:108A30000000000001000000100000000100000024
:108A400000000000000040002DE9F04F00234FF42B
:108A5000807501264FF0807804462DED028BABB077
:108A60008DF8073013932193299314950E96CDF822
:108A70005C80CDE91533CDE91863CDE91A33CDE932
:108A80002253CDE92433CDE9273306231C9301F08B
:108A9000ADFF072808D004F1100741F288321CA965
:108AA000384604F0CDF840B10123184684F85C3014
:108AB0002BB0BDEC028BBDE8F08F4FF0020A4FF0F7
:108AC000020B4FF0050941F2883308AA1CA9384669
:108AD000CDF89480CDF870909FED2D8BCDE908AB4B
:108AE0004FF0000A4FF4800B8DED0A8BCDE90CABF3
:108AF00004F012FA0028D7D141F2883238460EA984
:108B000004F09EF80028CFD1402341F288320DF1C5
:108B1000070138468DF8073004F0FCF80028C3D16F
:108B200041F288330EA902AA3846CDF83890CDF824
:108B30005C809FED197B8DED048BCDE906AB8DED4F
:108B4000027B04F0E9F903460028ADD1CDF870901E
:108B50004FF00109CDF894804FF00008219308AA46
:108B600029931CA938462295CDE92333CDE9273333
:108B700041F288338DED0A8BCDE90CABCDE9088944
:108B800004F0CAF9002893D0304684F85C608FE77F
:108B90001000000001000000400000004000000044
:108BA0002DE9F043624CA3B00D46046001F01EFFB6
:108BB000072800F0A980286823466968AA6807C3C7
:108BC0001E46AB8926F8043B3046257B677B04F0C4
:108BD00019F8E0B9574B012D4FF00108E06123610E
:108BE00014BF4FF480134FF40003C4E9058893FACF
:108BF000A3F3B3FA83F34FF48079013BC4F82490D4
:108C0000C4E90B003046236203F090FF38B1012223
:108C1000134684F85C20184623B0BDE8F083662331
:108C20000B90139041F2883206A90693CDE90C907F
:108C3000CDE90E00CDE91100304604F001F800281E
:108C4000E5D1992341F2883206A93046069303F014
:108C5000F7FF0028DBD105231C9019906A46149376
:108C60004FF08073219014A91D9341F288339FED3A
:108C70002A7BCDE91A90CDE91F008DED007B9FED99
:108C8000287B30468DED027B9FED277B8DED047BAD
:108C900004F042F90028BAD129462046FFF748FEE1
:108CA0000028B4D12046FFF7CFFE03460028AED1FE
:108CB000002FB0D1189330460027002606AA14A929
:108CC000CDF86890CDE91F33EB2314934FF4406344
:108CD0001B934FF4005317934FF440431C93A0236E
:108CE0001693062319934FF0805321934FF040734E
:108CF000CDE906671D9304F087F9034600288AD062
:108D0000434684F85C8086E701230322184684F8F2
:108D10005C2023B0BDE8F0830000000001000000EB
:108D200010000000010000000000000000004000F2
:108D300078FC0024005000522DE9F04F8FB0414BD9
:108D40000024026800AF9A427C63C7E90944C7E97E
:108D50000B4403D03C37BD46BDE8F08F3A4B40F69C
:108D600009213A48EB46D3F8D42007F11C0607F155
:108D7000220A4FF0020942F480424FF00308C3F880
:108D8000D420D3F8D42002F48042BA60BA68D3F871
:108D9000E02042F04002C3F8E020D3F8E02002F0E7
:108DA0004002FA60FA68D3F8E02042F02002C3F8EB
:108DB000E020D3F8E02002F020023A613A69D3F8CB
:108DC000E02042F01002C3F8E020D3F8E02002F0E7
:108DD00010027A617A69D3F8E02042F00202C3F807
:108DE000E020D3F8E030F86103F002033984BB617E
:108DF000174B7B60BB697B6853F8040F7B6001F005
:108E000079FF7B680546186801F07CFF16F8013B86
:108E1000786207F124012846C7F830807B63C7E9F0
:108E20000A9402F01FF85645E5D100225C20114655
:108E3000FAF7BAFC5C20FAF7F5FC3C37DD46BD4694
:108E4000BDE8F08F00500052004402580A0A090998
:108E5000D4FC0024114B02689A4200D07047104A9B
:108E600070B5D2F8D4300F4C23F4804304F11806C7
:108E7000C2F8D43054F8040F01F03CFF05462068D6
:108E800001F040FF0146284602F02CF9B442F1D12E
:108E90005C20BDE87040FAF7D3BC00BF0050005220
:108EA00000440258D4FC0024014804F039B900BF42
:108EB00088FC0024084B1A1D981D03F1080110B40A
:108EC0009C1C9A6603F10A02C3E91834C3E91B012A
:108ED0005DF8044B5A67704778FC002438B5036886
:108EE00071B9026A00F1280500F5AC74012A0CBFC3
:108EF000002140218BBB1D4B5722C0F858310DE09B
:108F0000426A00F1C00500F5E874012A0CBF002197
:108F10004021EBB1164B5A22C0F8D0310023204635
:108F2000C4E901214FF480524FF4806163626261B1
:108F30004FF48042C4E903314FF48073C4E906233F
:108F40004FF400332362FAF7E1FD58B1FFBEFEE7AC
:108F5000084B5822C0F8D031E0E7074B5922C0F83F
:108F60005831DBE7C5E92044A56338BD1000024055
:108F70007000024028000240580002402DE9F043F2
:108F8000821D05468BB0031D05F10A010830CDE9AD
:108F9000052305F10C02AB69CDE907010992002B0D
:108FA0003DD0EB69B3FA83F84FEA58180123022247
:108FB00005AE0AAF4FF006090393CDE9012356F839
:108FC000044B2B792278934216D02B68F3B1012BF6
:108FD00002D1F2B10A230493204601F093FE034626
:108FE0002046009301F086FE694601F03BFFBE4239
:108FF000E5D10BB0BDE8F083697963789942E4D19B
:10900000B8F1000FF3D02B68002BE0D1CDF8109011
:10901000E2E76378022B14BF0A230823DBE74FF053
:109020000108C3E7534A0368934230B505468BB045
:1090300055D02032934252D04F4A934204D020322E
:10904000934201D00BB030BD4C4C4D48D4F8E030C9
:1090500043F00103C4F8E030D4F8E03003F001033A
:109060000593059BD4F8E03043F00803C4F8E030E2
:10907000D4F8E03003F008030693069BD4F8E03000
:1090800043F04003C4F8E030D4F8E03003F040038C
:109090000793079BD4F8F03043F40003C4F8F03092
:1090A000D4F8F03003F400030893089BFFF766FF41
:1090B000D4F8D830296843F001032F4A3048C4F867
:1090C000D830891AD4F8D83018BF012103F0010331
:1090D0000993099B0BB0BDE83040FFF7FFBE274C5A
:1090E0002848D4F8E03043F00103C4F8E030D4F865
:1090F000E03003F001030093009BD4F8E03043F02C
:109100001003C4F8E030D4F8E03003F0100301930A
:10911000019BD4F8E03043F04003C4F8E030D4F8C9
:10912000E03003F040030293029BD4F8F03043F4A4
:109130008003C4F8F030D4F8F03003F480030393D4
:10914000039BFFF71BFFD4F8D830296843F00103D5
:10915000084A0C48C4F8D830891AD4F8D83018BF57
:10916000012103F001030493049B0BB0BDE83040E0
:10917000FFF7B4BE04580140045C014000440258AB
:109180004CFF0024F0FC00240148FBF737B800BF77
:1091900048FE00240148FBF731B800BFC0FE0024A0
:1091A0000148FBF72BB800BFA40001240148FBF7DE
:1091B00025B800BF1C0101241A4A0368934210B469
:1091C0000BD02032934208D0174A934216D0203257
:1091D000934213D05DF8044B7047144B0022D3F830
:1091E0005442C3F85822002CF4D0D3F84802D3E9F3
:1091F000931223465DF8044B520818470B4B00228C
:10920000D3F8B044C3F8B424002CE3D0D3F8AC2492
:10921000D3F8A814D3F8A404520823465DF8044BED
:10922000184700BF04580140045C0140F0FC0024D2
:10923000184A0368934210B40BD02032934208D0EE
:10924000154A934217D02032934214D05DF8044B54
:109250007047124BD3E994245208C3F85822002CCB
:10926000F4D0D3E99201234601EB820100EB8200A6
:109270005DF8044B1847094BD3F8AC24D3F8B0443D
:109280005208C3F8B424002CE0D0D3F8A814D3F8C3
:10929000A404E8E704580140045C0140F0FC002409
:1092A0002DE9F04F0C684FF41776754F87B004FB2B
:1092B00006F6012C07EB060AC0F800A000F3A08018
:1092C0000D468E464FF00008D44669A3D3E900232B
:1092D00069A1D1E90001CDE9022306ABCAF85082A9
:1092E00003EB8403CDE9040153F810BC53F8083CA8
:1092F000CAE992880193BEE80F00ACE80F00BEE80F
:109300000F00ACE80F00019B9EE80300CAF828B0EC
:10931000CAF8C0308CE803002B69042B0CD8DFE8B6
:1093200003F0737D879103004FF41773554A03FBD5
:1093300004739A64C3F8E020AA692B6A002A43D018
:10934000002B4FF4177308BF022203FB047318BFEE
:109350000322DA6201221A63EA696B6A002A40D1A9
:10936000191E4FF4177318BF012103FB0473C3E9DF
:1093700031126B69022B05D8434A12F80380434A25
:1093800052F823904FF4177306F1280042464946DD
:1093900003FB04740023384463646363E365C4F827
:1093A000DC30C4F8CC30C4F8F430C4E90F33C4E97D
:1093B0001533C4E93533C4E93B33022304F05CF9C7
:1093C000002849D0FFBEFEE7191E4FF4177318BFDF
:1093D000012103FB0473C3E90B12EA696B6A002ADB
:1093E000BED0002B4FF4177308BF022203FB047397
:1093F00018BF0322C3F8C4200122C3F8C820B8E76D
:10940000012007B0BDE8F08F4FF417734FF4FA5204
:1094100003FB04739A64C3F8E0208DE74FF41773DD
:109420004FF47A5203FB04739A64C3F8E02083E795
:109430004FF417734FF4FA4203FB04739A64C3F8B2
:10944000E02079E74FF417734BF6803203FB047387
:109450009A64C3F8E0206FE706F1C0000223424699
:109460004946384404F008F90028CAD0FFBEFEE798
:1094700004580140045C014024580140245C014030
:10948000F0FC002400770100D03C0108D43C010826
:109490000068704770B5046882B015460E46C4F87F
:1094A0005032C4E99212069AC4F85422A269012AE1
:1094B00026D0626A012A9AB211D0294604F1C0006E
:1094C000019204F095F9236A019A012B10D02946E4
:1094D00004F1280004F08CF9002002B070BD04F102
:1094E000C000019204F016FA236A019A012BEED112
:1094F000314604F1280004F00DFA002002B070BDDE
:10950000226A012A9AB211D0294604F12800019258
:1095100004F06EF9636A019A012B10D0294604F118
:10952000C00004F065F9002002B070BD04F128000D
:10953000019204F0EFF9636A019A012BEED13146F2
:1095400004F1C00004F0E6F9002002B070BD00BFD5
:1095500003681B69042B05D8044A02EB830393EDCF
:10956000000A70479FED020A704700BFE03C010807
:1095700000803B470368D3F8580270471F4BC1680F
:109580000268F0B5D3F88C5083B00369ADB24D1BBF
:10959000A2B1AB4212D00446866811D2F018E91A83
:1095A000CDE9001000F0BEFF0023DDE90010D4E992
:1095B0000062B047E3682561AB421BD003B0F0BD49
:1095C000F018C91ACDE9000100F0ACFF0023DDE975
:1095D0000001D4E90072B8473046294600F0A2FFE6
:1095E00000233046626829462668B047E368256153
:1095F000AB42E3D10023236103B0F0BD0000024081
:109600002DE9F84F04460F4690461E4600F13405FA
:10961000284604F09BFD2028FAD14FF480630020F7
:10962000C4F8D030C4F848314FF44033C4F8CC000B
:10963000C4F8E030C4F858314E4BC4F8DC00C4F82C
:10964000C03003F57A73C4F8E400C4F8383140231D
:10965000C4F8C800C4F84031E369C4F84401C4F850
:109660005401C4F85C01C4E93500C4E95300072B78
:109670000BD8DFE803F061535A373E454C045123C1
:10968000C4F8C4305223C4F83C3104F59C794846F0
:10969000FAF73CFA08B1FFBEFEE7C4F8A890C4F898
:1096A0007051EFF3108972B6DFF8D0B094F91C3026
:1096B000DFF8CCA08BF800300A9B2F4CCAF80030A2
:1096C0000B9B23600EB11846B0471FFA88F239464B
:1096D000284604F025FBB0BBB9F1000F00D162B6FB
:1096E000BDE8F88F3F23C4F8C4304023C4F83C31B0
:1096F000CBE74123C4F8C4304223C4F83C31C4E76B
:109700004723C4F8C4304823C4F83C31BDE74F2395
:10971000C4F8C4305023C4F83C31B6E72B23C4F856
:10972000C4302C23C4F83C31AFE72D23C4F8C43037
:109730002E23C4F83C31A8E72923C4F8C4302A23D7
:10974000C4F83C31A1E7FF238BF800300023CAF8AE
:10975000003023600A9B3BB10B9801219847012000
:10976000B9F1000FBCD1BAE70120B9F1000FB7D1B0
:10977000B5E700BF88000240E0100124DC1001249E
:10978000D81001242DE9F84F04460F4690461E4696
:1097900000F13405284604F0D9FC2028FAD14FF412
:1097A00080630020C4F8D030C4F848314FF440330F
:1097B000C4F8CC00C4F8E030C4F858314E4BC4F8BB
:1097C000DC00C4F8C03003F57A73C4F8E400C4F8D0
:1097D00038314023C4F8C800C4F84031E369C4F804
:1097E0004401C4F85401C4F85C01C4E93500C4E97B
:1097F0005300072B0BD8DFE803F061535A373E457F
:109800004C045123C4F8C4305223C4F83C3104F151
:10981000C0094846FAF77AF908B1FFBEFEE7C4F876
:10982000AC90C4F8F850EFF3108972B6DFF8D0B0FE
:1098300094F91C30DFF8CCA08BF800300A9B2F4C39
:10984000CAF800300B9B23600EB11846B0471FFAD0
:1098500088F23946284604F0B5FAB0BBB9F1000FDA
:1098600000D162B6BDE8F88F3F23C4F8C43040236E
:10987000C4F83C31CBE74123C4F8C4304223C4F8D8
:109880003C31C4E74723C4F8C4304823C4F83C3112
:10989000BDE74F23C4F8C4305023C4F83C31B6E7C9
:1098A0002B23C4F8C4302C23C4F83C31AFE72D235C
:1098B000C4F8C4302E23C4F83C31A8E72923C4F8E7
:1098C000C4302A23C4F83C31A1E7FF238BF80030D1
:1098D0000023CAF8003023600A9B3BB10B9801219A
:1098E00098470120B9F1000FBCD1BAE70120B9F1C6
:1098F000000FB7D1B5E700BF88000240E010012497
:10990000DC100124D81001242DE9F0410D4682B06D
:10991000EFF3108772B6002948D1FF23254A264C61
:10992000237013682BB1002029461060234A106869
:10993000984723781B0625D5DFF888800025204E20
:10994000444605E001351C3406F5D876092D19D0BA
:10995000A369012B1BD0002BF4D1216830460029CC
:10996000F0D06369019323690093E3682289FFF7CC
:1099700009FF0028E6D1C5EBC50508EB850348F8CB
:109980002500586007B962B602B0BDE8F081616891
:109990000029D7D063693046019323690093E368B7
:1099A0002289FFF72DFE0028CCD1E4E705F0CAFE9E
:1099B000B3E700BFD8100124DC100124E01001241B
:1099C000A801012454000024F0B5002387B002222E
:1099D00004460493CDE90223027EC3690B2A4FEAB1
:1099E000430523D1A27E0B2A02D1002007B0F0BD8F
:1099F00048496B1C484851F823304578017818785D
:109A0000E67E884269D0824277D0D87803F1030C91
:109A100081426ED0824278D0987903F1060C884258
:109A20006FD0824233D0012007B0F0BD394B3A48A5
:109A300053F8253001784678187894F819C0814297
:109A40003DD0824241D0D87803F1030E814240D00C
:109A500082424AD0987903F1060E884241D0824270
:109A6000E1D1DB796345DED1734604F118069B78BA
:109A70003046059301F03EF9034630461E4601F09C
:109A800041F901A90190304601F0ECF9AAE7DB7930
:109A9000B342C8D163461A349B782046059301F03F
:109AA00029F9034620461C4601F02CF9034601A97A
:109AB0002046019301F0D6F9002007B0F0BD93F8DD
:109AC00001E0B645BFD08242BDD158786045BAD1D9
:109AD000CBE71F79B742BBD1BCE75F78AF4292D1E9
:109AE00093E7D979B142BAD19DE718796045B1D1F0
:109AF000BAE71F79AF428DD18EE75878B04284D152
:109B0000C9E7D979A9428CD18DE71879B04283D1C0
:109B1000C0E700BF6C010024680100247E4A03688E
:109B20009342F0B58FB000F0E380A2F54C4293422F
:109B300000F0E08002F58062934200F0DD8002F5E3
:109B40008062934200F0DA8002F58062934200F076
:109B5000D98002F54442934200F0D280A2F51C4223
:109B6000934200F0D18002F58062934200F0CE80F3
:109B70006A4A934240F0CC800826694D4FF4D8746D
:109B800004FB0654A07E01F0C5F8207E01F0C2F867
:109B9000E369082B13D8DFE803F03B49576573816D
:109BA0008F9D05005F4BD3F8F42042F00802C3F804
:109BB000F420D3F8F43003F008030893089B204600
:109BC000FFF702FF012801D1FFBEFEE74FF4D87472
:109BD0000EAA554F0DF1240C04FB0654E36902EB69
:109BE00043050FCFACE80F003B680022ACF8003013
:109BF000114635F9140CF9F7D7FDE3690EAA02EB0B
:109C0000430333F9140C0FB0BDE8F040F9F70ABE76
:109C1000444BD3F8F02042F01002C3F8F020D3F800
:109C2000F03003F010030093009BC8E73D4BD3F8DE
:109C3000E82042F40032C3F8E820D3F8E83003F417
:109C400000330193019BBAE7364BD3F8E82042F486
:109C50008022C3F8E820D3F8E83003F4802302938D
:109C6000029BACE72F4BD3F8E82042F40022C3F864
:109C7000E820D3F8E83003F400230393039B9EE726
:109C8000284BD3F8E82042F48012C3F8E820D3F838
:109C9000E83003F480130493049B90E7214BD3F83E
:109CA000F02042F02002C3F8F020D3F8F03003F0A7
:109CB00020030593059B82E71A4BD3F8E82042F076
:109CC0008042C3F8E820D3F8E83003F080430693DD
:109CD000069B74E7134BD3F8E82042F00042C3F828
:109CE000E820D3F8E83003F000430793079B66E7CA
:109CF000002642E7012640E702263EE703263CE72E
:109D000005263AE7042638E7062636E7072634E72D
:109D100000239B7EFFDE00BF00100140000C0058B6
:109D2000A8010124004402584C3B01082DE9F04FE2
:109D300091B0002301223F490DF1240A09938B467B
:109D400001F11C09CAF8143001F13808CDF800A05F
:109D500001F15407CDF804A001F17006CDF808A078
:109D600001F18C05CDF80CA001F1A804CDF810A0EC
:109D700001F1C40ECDF814A001F1E00CCAE90133E1
:109D8000CAE903330F92FF222B4BCDE906AA1A70C2
:109D9000BAE80F00ABE80F009AE80700009B8BE8D9
:109DA00007009B46BBE80F00A9E80F009AE80700F0
:109DB000019B89E807009946B9E80F00A8E80F0061
:109DC0009AE80700029B88E807009846B8E80F0069
:109DD0000FC79AE80700039B87E807001F460FCFCD
:109DE0000FC69AE80700049B86E807001E460FCEC0
:109DF0000FC59AE80700059B85E807001D460FCDB3
:109E00000FC49AE80700069B84E807001C460FCCA5
:109E1000AEE80F00079B9AE807001C468EE8070093
:109E20000FCCACE80F009AE807008CE8070011B0EF
:109E3000BDE8F08F54000024DC10012410B5094C5B
:109E400004F1340004F090F8237D1BB1636BDB69EF
:109E5000DB0600D410BD2046FFF790FB636B102299
:109E60001A6210BDA801012410B50B4C04F5F27064
:109E700004F07AF894F8C43123B1D4F8E431DB6902
:109E8000DB0600D410BD04F5D870FFF777FBD4F8DB
:109E9000E43110221A6210BDA801012410B50B4C48
:109EA00004F5657004F060F894F8743323B1D4F8C5
:109EB0009433DB69DB0600D410BD04F55870FFF75E
:109EC0005DFBD4F8943310221A6210BDA80101245E
:109ED00010B50B4C04F2445004F046F894F82435C5
:109EE00023B1D4F84435DB69DB0600D410BD04F59A
:109EF000A260FFF743FBD4F8443510221A6210BD6C
:109F0000A801012410B50B4C04F2F46004F02CF805
:109F100094F8D43623B1D4F8F436DB69DB0600D4E8
:109F200010BD04F5D860FFF729FBD4F8F4361022F1
:109F30001A6210BDA801012410B50B4C04F6A40050
:109F400004F012F894F8843823B1D4F8A438DB690B
:109F5000DB0600D410BD04F50760FFF70FFBD4F853
:109F6000A43810221A6210BDA801012410B50B4CB0
:109F700004F6542003F0F8FF94F8343A23B1D4F8EF
:109F8000543ADB69DB0600D410BD04F52260FFF70C
:109F9000F5FAD4F8543A10221A6210BDA80101242F
:109FA00010B50B4C04F6044003F0DEFF94F8E43BDC
:109FB00023B1D4F8043CDB69DB0600D410BD04F502
:109FC0003D60FFF7DBFAD4F8043C10221A6210BDA2
:109FD000A801012410B50B4C04F6B45003F0C4FFE3
:109FE00094F8943D23B1D4F8B43DDB69DB0600D48A
:109FF00010BD04F55860FFF7C1FAD4F8B43D102243
:10A000001A6210BDA801012410B5EFF3108472B6D6
:10A01000084B1A78120602D504B962B610BD1B7837
:10A020004FF4D87204485BB202FB0300C030FAF769
:10A03000E5F8F1E7DC100124A801012410B5EFF3E5
:10A04000108472B6094B1A78120602D504B962B6AA
:10A0500010BD1B784FF4D87205485BB202FB0300B9
:10A0600000F59C70FAF7CAF8F0E700BFDC10012495
:10A07000A80101240021FFF747BC00BF214A036863
:10A0800093422BD0A2F54C42934229D002F5806234
:10A09000934227D002F58062934225D002F5806278
:10A0A000934223D002F54442934221D0A2F51C42B0
:10A0B00093421FD002F5806293421DD0124A934210
:10A0C0001CD108224FF4D871104B01FB0233197DCB
:10A0D00011B11846FFF752BAFFF716BC0022F1E79C
:10A0E0000122EFE70222EDE70322EBE70422E9E792
:10A0F0000522E7E70622E5E70722E3E700231B7DC9
:10A10000FFDE00BF00100140000C0058A801012430
:10A11000204A0368934229D0A2F54C42934227D0AB
:10A1200002F58062934225D002F58062934223D0EB
:10A1300002F58062934221D002F5444293421FD03F
:10A14000A2F51C4293421DD002F5806293421BD0BF
:10A15000114A93421AD1082310484FF4D87202FBD7
:10A160000300037D03B97047FFF708BA0023F3E744
:10A170000123F1E70223EFE70323EDE70423EBE7F5
:10A180000523E9E70623E7E70723E5E700231B7D2F
:10A19000FFDE00BF00100140000C0058A8010124A0
:10A1A0000121FFF7B1BB00BF2DE9F0414F684FF42B
:10A1B000D876DFF8C0808E4607FB06F60C46082FDF
:10A1C00008EB0605056005F1180CBEE80F00ACE8C9
:10A1D0000F009EE807008CE8070002D86B6A022B8C
:10A1E00002D90120BDE8F0812A6A032AF9D8A96AB8
:10A1F0000229F6D8E86A0228F3D80131DFF878C0DE
:10A20000343689005CF8277046446F63A469A964FA
:10A210001549AC6351F823306B64144B53F822306A
:10A22000134A2B64002352F8201001223046EB65BC
:10A23000E963C5E91333C5E9153205F083FA00284F
:10A24000CFD10146304605F0D5FA0028C9D10146E4
:10A25000304605F01DFB0028C3D1304605F0ACFAAE
:10A260000028BED12875BDE7183D0108243D01082E
:10A27000343D0108A8010124F43C0108006892B2B1
:10A2800008B5343003F0BCFC003818BF012008BD0D
:10A29000534B0122002047F6122130B4C3E9742049
:10A2A000C3E97721C3E9E020C3E9E3211A62DA6256
:10A2B00058621963C3F83025C3F83405C3F83C2548
:10A2C000C3F84015C3F8E026C3F8E406C3F8EC264B
:10A2D000C3F8F016C3F89028C3F89408C3F89C2874
:10A2E000C3F8A018C3F8402AC3F8440AC3F84C2A9C
:10A2F000C3F8501AC3F8F02BC3F8F40BC3F8FC2BC7
:10A30000C3F8001CC3F8A40D3648C3F8A02DC3F849
:10A31000AC2DC3F8B01D0288837833490068334CF4
:10A32000CA804FEA104C0B723149E2802372A1F8C7
:10A330000320A4F8032063714B712E4CCA800B726A
:10A340002D492E4DE2802372A1F80320A4F80320AA
:10A3500063714B712A4CCA800B722A49EA800880CB
:10A360002B7281F802C0E2802372A1F803204B71A6
:10A37000CA800B722449A1F803204B71CA800B726A
:10A380002249A1F803204B71CA800B722049088032
:10A3900081F802C0A1F803204B71CA800B721D49DD
:10A3A000088081F802C0A1F803204B71CA800B72AB
:10A3B0001949088081F802C01848A1F803204B71A0
:10A3C000CA800B721649A0F803204371C280037241
:10A3D000A1F803204B71CA800B7230BC704700BFDC
:10A3E000A801012468010024F001002414020024C3
:10A3F000080200242C02002420020024FC01002476
:10A40000D80100240811012438020024E4010024AA
:10A41000E4100124FC100124F01001245C0100244C
:10A42000500100243E4B00220B20114610B5D3F8FA
:10A43000D84082B044F00104C3F8D840D3F8D840E3
:10A4400004F001040094009CD3F8D84044F00204C6
:10A45000C3F8D840D3F8D83003F002030193019B2E
:10A46000F9F7A2F90B20F9F7DDF900220C201146CB
:10A47000F9F79AF90C20F9F7D5F900220D201146C9
:10A48000F9F792F90D20F9F7CDF900220E201146C7
:10A49000F9F78AF90E20F9F7C5F900220F201146C5
:10A4A000F9F782F90F20F9F7BDF9002210201146C3
:10A4B000F9F77AF91020F9F7B5F900223C20114696
:10A4C000F9F772F93C20F9F7ADF900221120114695
:10A4D000F9F76AF91120F9F7A5F900223820114699
:10A4E000F9F762F93820F9F79DF900223920114671
:10A4F000F9F75AF93920F9F795F900223A2011466F
:10A50000F9F752F93A20F9F78DF900223B2011466C
:10A51000F9F74AF93B2002B0BDE81040F9F782B9DB
:10A520000044025820F01F002031BFF34F8F002954
:10A5300007DD064A0144C2F85C0220300B1A002BEA
:10A54000F9DCBFF34F8FBFF36F8F704700ED00E072
:10A55000704700BF08B5F8F761F9BDE80840F9F7A2
:10A56000EBB900BF064808B503680BB100F08CFEDC
:10A57000044803681BB1BDE8084001F07BBD08BD7D
:10A580002015012418110124064808B503680BB1F1
:10A5900000F07AFE044803681BB1BDE8084001F0F2
:10A5A00069BD08BD2015012418110124064808B50D
:10A5B00003680BB100F068FE044803681BB1BDE8F6
:10A5C000084001F057BD08BD2015012418110124D1
:10A5D000364BDA6A520062D59A6A9A6A9A6A9B6A1C
:10A5E000180600D500BE314B9B6A990600D500BE07
:10A5F0002E4B9B6ADA0600D500BE2C4B9B6A1B07CC
:10A6000000D500BE294B9B6A980700D500BE274B9A
:10A610009B6AD90700D500BE244B9B6A1A0400D55B
:10A6200000BE224B9B6A9B0400D500BE1F4B9B6A59
:10A63000D80400D500BE1D4B9B6A190500D500BE8D
:10A640001A4B9B6A5A0500D500BE184B9B6A9B05A6
:10A6500000D500BE154B9B6AD80500D500BE134B34
:10A660009B6A990100D500BE104B9B6ADA0100D5A8
:10A6700000BE0E4B9B6A1B0300D500BE0B4B9B6AB2
:10A68000580300D500BE094B9B6A990300D500BE54
:10A69000064B9B6ADA0306D400BE00BEFEE7DB6A07
:10A6A0009B07FAD5F8E700BEF6E700BF00ED00E033
:10A6B000F8F7C0B8F8F7C4B80A4B9B6803F17843C1
:10A6C000B3F5003F0BD3084B986848B19868012850
:10A6D00006D09868022803D09B68032070470120A9
:10A6E000704700BF00ED00E0000080382DE9F04128
:10A6F000CEB004464C2200210AA808F0ADFD20226D
:10A70000002102A808F0A8FDBC2200211EA808F024
:10A71000A3FD022002F022F92368012B4FF0000371
:10A7200054D0534A02250193C820D16A514B21F0DD
:10A730000101D162D26A02F0010201929A6942F4E7
:10A7400040429A619B6903F440430193019B494A4B
:10A7500093699B04FCD548490224002201268B6A98
:10A7600004274FF0080823F0030323438B620523DB
:10A7700016900AA818934FF48033109617941994E2
:10A780001597CDF86880CDE91B222122CDE913442D
:10A79000CDE90A23FAF784F800B1FEE73F2203234C
:10A7A000294602A8CDE9022300220823CDE904238B
:10A7B00040224023CDE9062340234FF48062CDE9B7
:10A7C0000823FAF79BFB0346B8B1FEE7294A0425A4
:10A7D0000093F0209169264B41F4404191619269C8
:10A7E00002F440420092DA6A42F00102DA62DB6A65
:10A7F00003F001030093009BA9E720224FF480514E
:10A8000025934FF440152B9280222D931EA8309350
:10A81000269135914FF48071249234920C22339416
:10A82000439140F2271120921022CDF884802A977C
:10A830001F96CDE92E34CDE93B334FF48033CDE97B
:10A8400022463193002446930623CDE93E452793C3
:10A850004FF48063094C2C931E94CDE92812FAF72B
:10A86000A9FD00B1FEE702F09FF84EB0BDE8F0810F
:10A870000004005800480258004402580F130F0308
:10A8800070B584B00124F9F705F84FF480764FF0E5
:10A890004052194B68460025ADF800400396CDE9BB
:10A8A0000123F9F715F819224FF0404368468DF857
:10A8B000082001938DF80F40ADF80D608DF8014030
:10A8C0008DF80A50F9F704F802230B2268468DF838
:10A8D0000F508DF801304FF062538DF8082001932E
:10A8E000ADF80D408DF80A40F8F7F2FF0420F8F7B4
:10A8F000DFFF04B070BD00BF0E00010330B50D4690
:10A90000044685B0D1E9000184E80300F7F756FF5B
:10A91000AB79A3B3FFF786FDFDF790FE06F0A4FE2A
:10A92000FFF704FA2B798BBB6B799BB1BFF34F8F89
:10A93000BFF36F8F2A4B0022C3F85022BFF34F8F13
:10A94000BFF36F8F5A6942F400325A61BFF34F8FE1
:10A95000BFF36F8F4FF0FF320023002400256946BC
:10A96000204802928DF80C30CDE9004507F09CFAA2
:10A970001C4807F001FB06F0A7FA05B030BD2046E1
:10A98000FFF7B4FE2046FFF77BFFC3E7144C00231C
:10A99000C4F88430BFF34F8FD4F8801043F6E07EC4
:10A9A000C1F34E3CC1F3C9014FEA4C1C0CEA0E0046
:10A9B0000B4640EA8372013BC4F860225A1CF8D16E
:10A9C000ACF1200C1CF1200FF0D1BFF34F8F636965
:10A9D00043F480336361BFF34F8FBFF36F8FA3E7FF
:10A9E00000ED00E014110124FAF7B8BB1C4B9B6882
:10A9F00003F17842B2F5003F25D3B3F5803F20D371
:10AA000003F16042B2F5003F1FD303F15C42B2F59F
:10AA1000002F1CD303F17042B2F5902F19D303F12C
:10AA20004842B2F5803F16D303F18042B2F1806F05
:10AA300013D303F1E043B3F5000F2CBF0820072028
:10AA400070470120704700207047022070470320A4
:10AA5000704704207047052070470620704700BFEC
:10AA600000ED00E003480023034A0449036008F0B6
:10AA7000E5BA00BF141101240000002451A500080C
:10AA800010B4204C0022204B83B0D4F888101F480B
:10AA900041F47001C4F8881019681D4C41F001019F
:10AAA00019601A61196808401A4918609A61DA61D8
:10AAB0001A629A62DA621A635A639A63DA631A64F0
:10AAC0005A64186820F4802018601A66D3F8DC20D5
:10AAD00042F06042C3F8DC20D3F8DC300193019BE4
:10AAE00023681940B1F1005F03D20B4B0122C3F878
:10AAF0000821044B4FF000629A6003B05DF8044BEC
:10AB0000704700BF00ED00E0004402587FEDF6EA18
:10AB10000010005C0000FFFF0080005100F5717123
:10AB2000D0F8040405F0B8BDC1EBC10300EB83030A
:10AB3000D0F80404D3F8082205F0DCBDC1EBC10352
:10AB400000EB8303D0F804049A6C05F011BE00BF3B
:10AB5000D0F8040405F0B0BEC16810B5044619B1C0
:10AB6000022900D0FEE70121D4F8040405F08EFE8E
:10AB7000D4F80404BDE8104005F060BE10B50446EA
:10AB8000D0F8040405F086FE2268D2F8003E43F0B7
:10AB90000103C2F8003E236A23B1034A136943F05C
:10ABA0000603136110BD00BF00ED00E0D0F80404FF
:10ABB00005F07ABED0F8040405F08EBED0F8040487
:10ABC00005F088BED0F8040405F088BED0F804046F
:10ABD00005F086BE9446D0F898021A4608B563463A
:10ABE00001F0ACFD032802D8024B185C08BD02201E
:10ABF00008BD00BF503D0108D0F8980208B501F02B
:10AC00002BFE032802D8024B185C08BD022008BDA9
:10AC1000503D0108D0F8980208B501F061FE032804
:10AC200002D8024B185C08BD022008BD503D010847
:10AC30000A06D0F8983206D4C1EBC10103EB8101BA
:10AC400091F8FE01704701F07F01C1EBC10103EBF8
:10AC5000810191F83E007047D0F8980208B501F0E4
:10AC600057FD032802D8024B185C08BD022008BD1E
:10AC7000503D0108D0F8980208B501F0C5FD032841
:10AC800002D8024B185C08BD022008BD503D0108E7
:10AC9000D0F8980208B501F08FFD032802D8024BC6
:10ACA000185C08BD022008BD503D0108D0F8C00264
:10ACB00006F0C4B8D0F8C00206F0D8B8D0F8C00288
:10ACC00006F0E0B8704700BFD0F8C00206F0C6B882
:10ACD000D0F8C00206F0C6B8D0F8D00308B500F02E
:10ACE00093FE032802D8024B185C08BD022008BD61
:10ACF000543D0108024B027853F82200704700BF10
:10AD0000783D0108024B427833F81200704700BFCB
:10AD1000583D01088CB00A2814D8DFE800F015234C
:10AD2000313F4D5B6977859306004D4BD3F8E020AA
:10AD300042F48062C3F8E020D3F8E03003F480638B
:10AD40000B930B9B0CB07047454BD3F8E02042F0BF
:10AD50000102C3F8E020D3F8E03003F001030193CF
:10AD6000019BEFE73E4BD3F8E02042F00202C3F82C
:10AD7000E020D3F8E03003F002030293029BE1E706
:10AD8000374BD3F8E02042F00402C3F8E020D3F8B8
:10AD9000E03003F004030393039BD3E7304BD3F875
:10ADA000E02042F00802C3F8E020D3F8E03003F0DE
:10ADB00008030493049BC5E7294BD3F8E02042F035
:10ADC0001002C3F8E020D3F8E03003F0100305933D
:10ADD000059BB7E7224BD3F8E02042F02002C3F8EE
:10ADE000E020D3F8E03003F020030693069BA9E7A8
:10ADF0001B4BD3F8E02042F04002C3F8E020D3F828
:10AE0000E03003F040030793079B9BE7144BD3F814
:10AE1000E02042F08002C3F8E020D3F8E03003F0F5
:10AE200080030893089B8DE70D4BD3F8E02042F494
:10AE30008072C3F8E020D3F8E03003F48073099304
:10AE4000099B7FE7064BD3F8E02042F40072C3F879
:10AE5000E020D3F8E03003F400730A930A9B71E713
:10AE6000004402582DE9F04F0D6883B0002D00F02A
:10AE7000D5800023DFF8688201229A4012EA050C8F
:10AE800000F0C7804E6826F01009B9F1020F40F0BB
:10AE9000C88003F007044FEAD30E4FF00F0A4FEAC1
:10AEA000840900EB8E0E0AFA09FADEF8204024EA43
:10AEB0000A0A0C6904FA09F406F0030944EA0A04D0
:10AEC000CEF820404FEA430E0324D0F800A009FA40
:10AED0000EF904FA0EF42AEA040AE44349EA0A09DC
:10AEE000C0F80090D0F808A0CF6804EA0A0A07FA70
:10AEF0000EF949EA0A09C0F80890C6F30019D0F81B
:10AF000004A009FA03F92AEA020249EA02024260AD
:10AF1000C268F70004EA02048A6802FA0EF242EA02
:10AF20000402C26075D5644C23F0030E03F00309DC
:10AF3000D4F8F420C6444FEA890942F00202C4F86A
:10AF4000F420D4F8F42002F002020192019A0F22B8
:10AF5000DEF8084002FA09F224EA0202574CA04245
:10AF600025D004F58064A0427BD0554CA0427ED011
:10AF7000544CA0426FD0544CA04200F08480534CFB
:10AF8000A04200F08680524CA04276D0514CA042A4
:10AF900000F08580504CA04200F087804F4CA042CA
:10AFA0000CBF09240A2404FA09F942EA0902CEF87E
:10AFB00008204FF0B0426FEA0C0EF403D2F8802064
:10AFC0004FF0B04454BF0EEA02024CEA0202C4F849
:10AFD0008020B203D4F884404FF0B04254BF0EEA50
:10AFE00004044CEA0404F702C2F8844014684FF0E9
:10AFF000B04254BF0EEA04044CEA04041460B402E4
:10B0000052684FF0B04454BF0EEA02024CEA02020A
:10B010006260013335FA03F27FF42EAF03B0BDE86E
:10B02000F08F4FEA430E0324D0F800B006F0030A75
:10B0300004FA0EF409F1FF390AFA0EFA2BEA040BAE
:10B04000B9F1010F6FEA04044AEA0B0AC0F800A044
:10B050003FF65EAF46E7032404FA09F942EA090223
:10B06000A5E7012404FA09F942EA09029FE702244C
:10B0700004FA09F942EA090299E7062404FA09F9EF
:10B0800042EA090293E7042404FA09F942EA0902B0
:10B090008DE7052404FA09F942EA090287E7072443
:10B0A00004FA09F942EA090281E7082404FA09F9D5
:10B0B00042EA09027BE700BF004402580000025840
:10B0C00000080258000C02580010025800140258E0
:10B0D00000180258001C0258002002580024025890
:10B0E00000040058002900F0A88000232DE9F04F4B
:10B0F000DFF8689183B0DFF86881DFF868A1DFF8D6
:10B1000068B14FF0010E0EFA03F212EA010C6FD093
:10B1100023F0030503F003040F2640454D444FEA96
:10B12000C404AF6806FA04F607EA0607019721D0BF
:10B13000504566D0584567D0434FB8426ED0434F14
:10B14000B84270D0424FB84263D0424FB84256D056
:10B15000414FB84272D0DFF814E1704568D0DFF893
:10B1600010E1704514BF4FF00A0E4FF0090E0EFAB1
:10B1700004F400E00024019FA74219D1AC6824EA3E
:10B1800006064FF0B044AE60D4F8805025EA0C05B6
:10B19000C4F88050D4F8845025EA0C05C4F88450D3
:10B1A000256825EA0C052560656825EA0C056560BB
:10B1B00003255C0003F007070F2605FA04F4056871
:10B1C000BF00254306FA07F70560DD0800EB85059B
:10B1D0002E6A26EA07062E62856825EA0405856040
:10B1E000456825EA02024260C26822EA0404C4609B
:10B1F000013331FA03F284D103B0BDE8F08F4FF090
:10B20000060E0EFA04F4B6E74FF0020E0EFA04F43E
:10B21000B1E74FF0050E0EFA04F4ACE74FF0030E61
:10B220000EFA04F4A7E74FF0040E0EFA04F4A2E7B6
:10B230004FF0080E0EFA04F49DE770474FF0070E2A
:10B240000EFA04F497E700BF000C025800100258F1
:10B250000014025800180258001C0258000400583C
:10B26000000002580004025800080258002002584A
:10B27000002402580369194214BF012000207047BE
:10B2800002B90904816170472DE9F04F056885B066
:10B290000446284604F0A6FF012802D005B0BDE808
:10B2A000F08F206804F04EFF0028F7D0206804F0EB
:10B2B00049FF10F4001F206802D04FF400134361CF
:10B2C00004F040FF10F4801F206802D04FF4801378
:10B2D000436104F037FF10F0806F206802D04FF018
:10B2E0008063436104F02EFF10F0020F20682FD11D
:10B2F00004F028FF870000F11381206804F022FF8A
:10B30000C60100F1CF80206804F01CFF000700F1A7
:10B31000BE80206804F016FF10F0007F20681AD16C
:10B3200004F010FFC306B9D52568AB6923F01003FC
:10B33000AB612E6AC6F34341C6F30A17022902D154
:10B34000002F40F0C681AB6943F01003AB61A5E765
:10B3500002234361CCE704F0B3FFD4F808E0804651
:10B360002068BEF1000F00F0998005F5A065002669
:10B370004FF0280B4FF0020A4AE000F5A0694A019D
:10B3800009EB4117BB685B075DD50423BB60FB6815
:10B3900043F00203FB60BB68980500F1FD80BB68C9
:10B3A000DB0740F1CF80236953B101EB81003B699A
:10B3B00004EBC000C3F3120C836CA3EB0C03C36457
:10B3C0008B004FF0010C4FF0000E581804EBC0003A
:10B3D000C0F858E080F85DC0C7F808C090F83FE0BA
:10B3E0001EF0FD0F00F06481BEF1030F00F04082FB
:10B3F0000B4404EBC30393F8502082F0010283F85E
:10B400005020D4F808E0206801362035764545D232
:10B4100006F00F0328FA03F3D907F5D52B68F1B22C
:10B420001A04AAD400F5A0624FEA411C02EB4117AE
:10B43000BB6813F004090DD00423BB60FB6843F024
:10B440000203FB60E0E7BB689B0640F1B38020236A
:10B45000BB60A0E7BB6813F0200300F0CA8001EBDB
:10B460008103202204EBC303BA6093F83D20012A34
:10B47000CAD183F83D9083F85CA0FB6843F00203D7
:10B48000FB6004F021FFD4F808E02068BCE7204608
:10B49000FFF70CFC2068082343613BE74FF0007383
:10B4A00043613DE72668D6F840340293D6F840342D
:10B4B0000393039B23F02E030393029B980707D566
:10B4C000029BD90700F16381039B43F002030393BE
:10B4D000029B1A0718D5039B43F008030393029BB2
:10B4E0005B0740F15C81A169022900F09A81E36861
:10B4F000012B03D14EF66022C6F804242046FFF744
:10B50000E3FB2046FFF7D6FB2068029B9F0603D58E
:10B51000039B43F020030393039BC6F84034F3E6F8
:10B52000D5F84034204623F02E03C5F84034FFF709
:10B53000C5FB0121206804F0A1FE20684FF00053F4
:10B540004361DBE6BB68980740F18E80FB6801EB46
:10B55000810C23F0020304EBCC0CFB608B009CF805
:10B560005D00012800F0B280052800F0AF800628B9
:10B5700000F0A381082800F0A081032800F0DC81FE
:10B580009CF85C000246C7F808A02046FFF79AFB2B
:10B59000D4F808E0206837E7FB68206843F002032E
:10B5A000FB6004F091FE4FF400732068BB60D4F898
:10B5B00008E029E7BB681B0700F1BB80BB685B059F
:10B5C0007FF5E9AEFB68019243F002030091FB6056
:10B5D00004F07AFE00991020019A01EB8103B86013
:10B5E000082004EBC30383F85D004FF48063BB6065
:10B5F000D1E6D7F8089019F0400F40F0B180BB6851
:10B6000013F4007340F02F81D7F8089019F0010F60
:10B6100040F03F81BB6813F0080340F06881D7F821
:10B62000089019F0100F00F0C98001EB810204EBC3
:10B63000C2029365032382F85D3092F83D303BB936
:10B640000BFB014393F83C2012B9012283F83D2003
:10B65000FB6843F00203FB6004F036FE1023206811
:10B66000BB60D4F808E0CFE6BB6813F0800340F07D
:10B67000E380BA68D20640F1D08001EB810004EB90
:10B68000C00090F83F20032A00F04B8112F0FD0229
:10B69000E4D123698265002BE0D10BFB0143032237
:10B6A00083F85D20FB68206843F00203FB60D3E76A
:10B6B000FA68206842F0020201930091FA6004F0F7
:10B6C00003FE1022DDE90013BA6091E68CF85C00FD
:10B6D00058E706F00F0606EB860804EBC808D8F812
:10B6E000441000293FF42FAE284605F5A0653A46E0
:10B6F00004F0A6FCD8F8443005EB46123B4411692F
:10B70000D8F84C20C8F8443073013A44C8F84C20AB
:10B71000BC4A0A405AB1EA5822F0804242F0004244
:10B72000EA5098F8503083F0010388F850302568CB
:10B7300009E6FB684FF0050C019243F0020300910B
:10B74000FB6001EB810304EBC30383F85DC01023AE
:10B75000BB600823BB6004F0B7FDDDE900121AE608
:10B7600001EB810204EBC2029365042382F85D3091
:10B77000012382F83D30FB6843F00203FB6004F0D4
:10B78000A3FD40232068BB60D4F808E03CE6B36921
:10B79000204623F00053B361FFF78CFA94E620466D
:10B7A000FFF796FAD6F84034206823F02E03C6F847
:10B7B0004034836943F000538361A6E6BB681B06EF
:10B7C00000F1C880BB685B0500F1D780BB689B07B0
:10B7D0007FF51AAEFB680BFB014023F00203FB6010
:10B7E00090F85D30012B00F0E180032B00F0DB804E
:10B7F000042B00F0D880052B00F0FC80062B00F015
:10B80000E480082B00F0E1800BFB01432046C7F8E1
:10B8100008A093F85C20FFF755FAD4F808E02068F8
:10B82000F2E5029B206803F4C023B3F5802F18BF14
:10B83000012104F023FD61E6FB6801EB810243F086
:10B84000020304EBC202FB60936D01339365062390
:10B8500082F85D30206804F037FD80232068BB60EB
:10B86000D4F808E0D0E5FB6843F00203FB6098E6FB
:10B8700052F80970019347F00057009142F809709F
:10B88000624680F85CC02046FFF71CFADDE9001331
:10B89000AEE5FA6801EB810942F0020204EBC90946
:10B8A000C9F85830FA6004F00FFD0123BB6089F835
:10B8B0005D30D4F808E02068A6E503EB010C04EB4A
:10B8C000CC0CDCF858000130032825D8CCF85800FF
:10B8D00002200B4404EBC30383F85C0052F80930E8
:10B8E00023F0804343F0004342F809304AE608233E
:10B8F0000091BB60FB6843F00203FB6004F0E4FCD2
:10B900000099052201EB810104EBC10383F85D205E
:10B91000D4F808E0206877E50020CCF8580004202F
:10B92000D7E7FA680BFB014042F00202836520680A
:10B93000FA6004F0C9FC91E60BFB0143022083F896
:10B940005CA052F8093023F0804343F0004342F8F2
:10B95000093017E6FB68009143F00203FB6004F036
:10B96000B3FC009906230BFB014181F85D30802375
:10B970002068BB60D4F808E046E5FB68009143F01E
:10B980000203FB6004F0A0FC10230099BB604FF49D
:10B9900080630BFB0141BB60082381F85D30D4F864
:10B9A00008E0206830E580F85CA02DE780F85C3086
:10B9B00090F83F30023B012B3FF626AF90F8513014
:10B9C00083F0010380F851301EE70BFB0140836DCB
:10B9D0000133032B11D8836502230BFB014080F850
:10B9E0005C3052F80C3023F0804343F0004342F8BF
:10B9F0000C3009E780F85C3006E7002383650423F8
:10BA0000EBE700BF0000F81F90F8B832012B0CD014
:10BA1000012310B50446006884F8B83204F0B4FC81
:10BA20000023184684F8B83210BD0220704700BFCA
:10BA3000F8B505460E461746701C2C682CD1A36934
:10BA4000990727D4A369DA06F9D5A3699A06FCD524
:10BA500020231022E261E361A3699F0701D500233F
:10BA6000A362A369DE0703D4A36943F00103A361C2
:10BA7000636800221B4820210340012063606B6C37
:10BA800085F8402043F004036B6485F8411085F885
:10BA90004220F8BD0020F8BDA3699B07FAD4A36932
:10BAA000D9061BD4F6F7C6FEC01BB04201D8002E43
:10BAB000C2D16B6C2021002201200B4385F840206D
:10BAC0006B6485F8411085F84220F8BDF6F7B2FEA8
:10BAD000C01B8642EDD3002EEBD02C68A3699B06D9
:10BAE000F4D5B5E700E800FEF8B505460E46174662
:10BAF0002C68A3699B0649D4A369DA0626D5731C72
:10BB000038D1A3699E06FCD520231022E261E361AF
:10BB1000A369990701D50023A362A369DA0703D4B7
:10BB2000A36943F00103A361636800221848202140
:10BB30000340012063606B6C85F8402043F00403F0
:10BB40006B6485F8411085F84220F8BDF6F772FE67
:10BB5000C01BB04201D8002ECAD16B6C202100223C
:10BB600001200B4385F840206B6485F8411085F86F
:10BB70004220F8BDA3699806C6D4F6F75BFEC01B49
:10BB80008642EAD3002EE8D02C68B8E70020F8BD42
:10BB900000E800FE00284ED010B590F84130044671
:10BBA00003F0FF02002B41D023682421626884F84F
:10BBB0004110196822F07062E06821F0010101284B
:10BBC00019601A619A6822F400429A60A26829D02A
:10BBD00042F4044202289A6002D14FF400625A6093
:10BBE00058684FF0200C1549226901435960D96803
:10BBF00021F40041D960D4E90501024342EA01225F
:10BC0000D4E90710DA600022014310461960196870
:10BC100041F001011960626484F841C0226384F834
:10BC2000422010BD42F400429A60D9E780F84020DB
:10BC3000FCF72AFCB8E70120704700BF0080000233
:10BC40002DE9F047984690F84130089E202B40F0AF
:10BC5000878090F840300446012B00F0818001235A
:10BC60008946174680F84030F6F7E4FD054604E0C3
:10BC7000F6F7E0FD401B192875D82368986910F481
:10BC80000040F5D1212267626063C9F3090784F897
:10BC90004120102284F842206064A4F82A80628D3A
:10BCA00092B2FF2A6DD8628D494892B2D1B22285F4
:10BCB0005A6802403A4342EA0142464911435960F8
:10BCC000DFF81C814FF0FF0ADFF81891638D2A46D8
:10BCD000314620469BB2002B30D0FFF7A9FE00284A
:10BCE00073D1606A216810F8012B238D8A62628DFE
:10BCF000013B6062013A9BB292B223856285628DFC
:10BD000092B2002BE2D1002AE0D0701C43D18B69A3
:10BD10001A06FCD5638D9BB2FF2B48D94B682A4687
:10BD2000A4F828A0204603EA08033B4343EA09039A
:10BD30004B603146638D9BB2002BCED1FFF7D4FE12
:10BD4000002842D123682021234DD9615A682A4016
:10BD50005A6084F8411084F8400084F8420000E002
:10BD60000220BDE8F087636C2021002201200B43F4
:10BD700084F84020636484F8411084F84220BDE8D0
:10BD8000F0875A6812490A4014493A431143FF2286
:10BD90002285596094E78B691B06BBD4F6F74AFDF0
:10BDA000401B8642DFD3002EDDD02168ADE7638DD6
:10BDB0009BB2DAB223854B6803EA080343EA0243E5
:10BDC0003B4343F000734B6080E70120BDE8F08700
:10BDD000009800FC0020008200E800FE0020FF81A7
:10BDE000009C00FC0000FF012DE9F0471F4690F881
:10BDF0004130202B40F08E8004460D46002900F093
:10BE00008380B2FA82F916464FEA5919002A7BD08C
:10BE10005FFA83FA90F84030012B7BD0012380F841
:10BE20004030F6F707FD212365628046256884F8D7
:10BE3000413084F842A0C4F8449066856B68C4F829
:10BE4000349023F400436B607B1C66D1AE693607E7
:10BE5000FCD50823EB61E368022B06D0AE69F6033C
:10BE600028D4AE69F603F9D524E0AB691907FCD5EF
:10BE70000823EB617B1CF1D0AB69DD031AD4F6F724
:10BE8000D9FCA0EB0800874253D3002F51D025687E
:10BE9000F0E7424639462046FFF7CAFD00285BD14D
:10BEA000636A226813F8011B9162658D6362013D2C
:10BEB000ADB26585638D9BB2002BEAD1424639460F
:10BEC0002046FFF711FE00284DD02268536843F446
:10BED00000435360636C042B54D10023636420231C
:10BEE000D361781C41D193691904FCD451680023B3
:10BEF000202041F40041516084F84100184684F844
:10BF0000423084F8403003E04FF400730120636452
:10BF1000BDE8F0870220BDE8F087AB69180733D48D
:10BF2000F6F788FCA0EB0800874202D30FB1256822
:10BF30008AE7636C202000212268034384F84010C4
:10BF4000636484F84100012084F84210536843F48C
:10BF500000435360BDE8F08722680120536843F432
:10BF600000435360D4E72268B9E793691B04BDD549
:10BF7000F6F760FCA0EB08008742DAD3002FD8D098
:10BF80002268AEE70120C3E70823EB61E368022BD8
:10BF90007FF470AF08E0F6F74DFCA0EB0800874295
:10BFA000C7D3002FC5D02568AB691A07F3D55FE763
:10BFB0000268436B9169126803B11847704700BF6C
:10BFC00090F84100704700BF90F84120202A23D10B
:10BFD0005FFA82FC90F840200346012A1CD00268D8
:10BFE000242000B583F841004FF0000E106820F0C7
:10BFF00001001060106820F4805010601068014348
:10C0000070461160116841F00101116083F841C070
:10C0100083F840E05DF804FB0220704790F841206F
:10C02000202A22D1034600B55FFA82FE90F8402014
:10C03000012A1CD0026824204FF0000C83F8410034
:10C04000106820F001001060106820F4706040EA71
:10C05000012160461160116841F00101116083F80F
:10C0600041E083F840C05DF804FB022070470220E5
:10C070005DF804FB2DE9F04F076889B004463846A7
:10C0800004F0B0F810B109B0BDE8F08F8246206826
:10C0900004F058F80028F6D0206804F053F810F0A7
:10C0A000020F206803D0436903F00203436104F0E8
:10C0B00049F810F4002B206840F0508104F042F859
:10C0C00010F4802F206840F0EB8004F03BF800284B
:10C0D00074DB206804F036F8000564D4206804F0AE
:10C0E00031F8020114D52268536903F000635361EB
:10C0F00094F8F433002B40F095810121204684F818
:10C10000F413536DC3F38303C4F8F83300F024FC35
:10C11000206804F017F8C3047BD4206804F012F8F8
:10C1200010F4005F20685DD104F00CF810F0100FDF
:10C13000206812D0836923F0100383613D6AC5F340
:10C14000434305F00F06022B00F03182062B00F06E
:10C150007F81836943F01003836103F0F3FF0707D6
:10C1600000F15781206803F0EDFFC60200F146811F
:10C17000206803F0E7FF850200F13581206803F0B5
:10C18000E1FF400000F12681206803F0DBFF41075A
:10C190007FF579AF23685D686A0700F129825A68E4
:10C1A0002A435A606FE7D7F80838D90700F11C8294
:10C1B0002068436903F40063436190E7D7F80438CB
:10C1C00023F00103C7F8043894F8F433012B00F08E
:10C1D00038812046FEF7EAFC2068436903F00043FB
:10C1E000436177E704F002F8206803F0E7FC256874
:10C1F000E060F8F79DFF227B0146284603F042FCF1
:10C200002046FEF7A9FC2068436903F4005343610C
:10C210008AE7D7F804381021206807F5006523F075
:10C2200001036B6003F0B0FC6068B0B107F5106308
:10C230004FF67F3199600AF1010A1A68203382456E
:10C2400022F4001243F8202CC3F8E811D3F8E021BF
:10C2500022F40012C3F8E021ECD1EB6943F00113A2
:10C26000EB61236B002B40F0E1806A6942F22B0303
:10C2700013436B612B6943F00B032B61D7F8003834
:10C2800004F57172217C23F4FE632068C7F800383E
:10C2900003F0C8FF2068436903F4805343613DE71E
:10C2A00003F068FF80462068B8F1000F00F0E580D9
:10C2B000264607F510694FF0000BCDE9037A09E037
:10C2C0005FEA58080BF1010B06F11C0609F1200981
:10C2D00000F0D58018F0010FF2D05FFA8BF73946E5
:10C2E00003F064FFC30705461FD50BF00F03039946
:10C2F00001229A40D1F8343823EA0203C1F83438D5
:10C300000123C9F808302369012B03D1D6E9112391
:10C310001344B36439462046FEF710FC2369012B11
:10C3200003D1BBF1000F00F0AC81280702D5082330
:10C33000C9F80830E90602D51023C9F808306A06A2
:10C3400002D54023C9F80830AB0702D50223C9F84B
:10C3500008302D0600F1C6802068B1E703F0FCFE2E
:10C3600005462068002D00F0868007F53066A1465E
:10C370004FF0000B049707E06D080BF1010B06F17D
:10C38000200609F11C097DD0EB07F5D55FFA8BF18A
:10C39000039103F0FDFE10F0010F8046039973D165
:10C3A00018F0080F40F0F280206818F0100F01D04C
:10C3B0001023B36018F0200F05D02169012900F087
:10C3C0005A812023B36018F4005FD5D04FF4005396
:10C3D000B360D1E72046FEF7F5FB2068436903F020
:10C3E00080434361D1E620465FFA8BF1FEF7E2FB22
:10C3F0002068436903F400134361C0E620465FFAF6
:10C400008BF1FEF7DBFB2068436903F48013436183
:10C41000AFE62046FEF79CFB2068436903F0080363
:10C420004361A0E62046FEF7A9FB71E6D5F884300B
:10C4300043F00B03C5F884306B6C43F00B036B6463
:10C440001CE70021204684F8F41300F085FAC3E6C7
:10C45000C6EBC606082204F57171384603F0F0FDFC
:10C46000C5F30A1304EB86022068D2F814120B44B9
:10C47000C2F814326DE6AB4620E6C34625E6DDE998
:10C48000037A22E6049F19E6206801232769B36036
:10C4900000F53063012FD0F840E003EB4B139A68AE
:10C4A00000F0C580984FBE4540F0BD80170440F1B4
:10C4B000B6804FF4004218F0080F9A603FF475AF51
:10C4C000026C986890498A4200F097802046039257
:10C4D000FEF724FB8D4B039A9A4200F296800823C4
:10C4E000B36061E7D6E91453D4F800A0AB425046DC
:10C4F0003FF6E6AE0AF51062716CCDF81CA002EBB7
:10C500004B120592EA1A8A4228BF0A4605998969A0
:10C51000033289B2B1EB920FC0F0A980CDF8189028
:10C52000C146A046059C1AE0736C3A46B16C504671
:10C530009D4228BF1D4698F810300093ABB203F01F
:10C5400069FDB36CA1692B4489B2B364736D2B444C
:10C550000335B1EB950F7365C0F08180356D9D4259
:10C56000A5EB0305E0D84446C846DDF81890D4F89A
:10C5700000A0079B0122504603F500610BF00F035A
:10C580009A404B6B23EA02034B6399E622682169C8
:10C5900002F53063126C012903EB4B13986891D1BB
:10C5A0005A498A4229D82046FEF7B8FA97E747F653
:10C5B000F0731D423FF4CDADC6EBC606C5F30A12BB
:10C5C000384604EB86061546D6F8081203F038FD07
:10C5D000D6F8083220682B44C6F80832D6F8143250
:10C5E0002B44C6F81432B4E52046FEF7C7FADFE55F
:10C5F0002046FEF7EBFA2368D1E5020402D54FF49A
:10C6000000429A602046FEF789FA216901297FF4E9
:10C6100066AF04F57172206803F004FE5FE79006D0
:10C6200001D520229A602046FEF77EFAB8E6170769
:10C6300032D536498E4504D9120402D54FF4004252
:10C640009A6020460393FEF769FA04F5717201219E
:10C65000206803F0E7FD0822039B9A60A0E64446A9
:10C66000356DC846DDF81890D4F800A050469D42BC
:10C670003FF626AE7DE704F5717203F0D3FD206826
:10C680009FE6236D002B7FF450AE04F571720121FB
:10C69000206803F0C7FD48E6970608D520229A6077
:10C6A00018F0080F3FF481AE026C986878E712F03A
:10C6B000280FF5D1154FBE4505D9120403D54FF407
:10C6C00000429A60ECE71B692046D9F80422C3F3C4
:10C6D0001203D31AC9F81432D9F808321344C9F82E
:10C6E0000832FEF721FABBF1000F7FF459AED4F8FF
:10C6F0001032002B7FF454AE04F5717201212068D2
:10C7000003F090FD4CE600BF0A31544F0A30544FFD
:10C7100090F8BC23012A0ED0012210B5044600680F
:10C7200084F8381084F8BC2303F0FAFC0023184680
:10C7300084F8BC3310BD0220704700BF10B501F073
:10C740000F0E0906044627D44FF01C0C0CFB0E0CF0
:10C750000CF5FE71CEEBCE0C00EB8C0C00208CF8AF
:10C76000FD018A604A7881F800E0CB700AB1A1F837
:10C7700006E0022B01D100230B7194F8BC33012B8E
:10C7800018D00123206884F8BC3303F029FA002371
:10C79000184684F8BC3310BD1C204FF0010C00FB80
:10C7A0000E4000F13C01CEEBCE0004EB800080F89F
:10C7B0003DC0D6E7022010BD10B501F00F041C21CA
:10C7C000C4EBC40C01FB040100EB8C0C01F5FE7101
:10C7D000CCF810320023CCF808228CF8FC41CCF8BD
:10C7E00014328CF8FD3103690068012B08BFCCF8C6
:10C7F0000C22DAB21CB903F053FB002010BD03F089
:10C8000037FA002010BD00BF10B501F00F041C2145
:10C81000C4EBC40C01FB040100EB8C0C3C31CCF8E4
:10C8200050300023CCF84820CCF8543001238CF849
:10C830003C408CF83D3003690068012B08BFCCF800
:10C840004C20DAB21CB903F02BFB002010BD03F022
:10C850000FFA002010BD00BF38B5436801F00F0586
:10C860009D4234D80B0604461DD41C22C1EBC103E3
:10C8700002FB010100EB8303002201F5FE7183F846
:10C88000FD2101230D708B7094F8BC239A421CD0BB
:10C89000206884F8BC3303F0E3FBD5B100231846CD
:10C8A00084F8BC3338BD1C21C5EBC503012201FB54
:10C8B000050100EB83033C3183F83D2001230D701B
:10C8C0008B7094F8BC239A42E2D1022038BD01203B
:10C8D00038BD04F57172217C206803F0A3FCDDE70C
:10C8E000426838B501F00F03934232D811F0800F3F
:10C8F00004464FF01C01C3EBC30219D101FB0341F5
:10C90000002004EB8202002501F5FE7182F8FD0192
:10C910000B708D7094F8BC33012B18D00123206864
:10C9200084F8BC3303F0D0FB284684F8BC5338BDF0
:10C9300001FB0341012004EB820200253C3182F817
:10C940003D000B708D7094F8BC33012BE6D10220B2
:10C9500038BD012038BD00BF704700BF38B5114B4E
:10C96000DA68520704D4DB6803F00703834214D16A
:10C970000C4CE36823F007031843E060F5F75AFF17
:10C98000054605E0F5F756FF401BB0F57A7F06D85F
:10C9900063689B04F6D5002038BD012038BD032014
:10C9A00038BD00BF00480258024AD36843F0807384
:10C9B000D36070470048025870B44D6A15B1B2F1A7
:10C9C000406F3AD18B691BB30C6A002C4CD08E6837
:10C9D0000068C661CE69002E69D02B431343234300
:10C9E000CC6A334323430C6B23434C6B23430C69C6
:10C9F0002343CC6823430C6823434C69B2F1406F56
:10CA000043EA8443436165D04B6870BC83617047DF
:10CA10000B6ABBB100682B438C68CE69C461002EE1
:10CA20006BD01343CC6A334323430C6B23434C6BCF
:10CA300023430C692343CC68DEE78B6A0468013B1F
:10CA40002361BFE7CB69002B66D1002D42D0CB6AB2
:10CA50000C6B2B43006813434A6923434C6B2343FD
:10CA600043EA8243436135E0CC6945EA030C002C7C
:10CA700032D003684CEA0200B2F1406F40EA040091
:10CA8000CC6A40EA04000C6B40EA04004C6B40EABC
:10CA90000400CC6840EA04000C6840EA04004C69D9
:10CAA00040EA8440586115D04A689A6112E045EA2C
:10CAB000030C0D694CEA0203CA6A23431343D1E90C
:10CAC0000C4223430C6813434A692B43234343EA34
:10CAD0008243436170BC7047CC6A4CEA0203006831
:10CAE0002343D1E90C4223430C6813434A6923438F
:10CAF00043EA824370BC43617047CC6A13432343CB
:10CB0000D1E90C4223431343D1E90442234343EACE
:10CB1000824370BC436170472B43CD6A0C6B134357
:10CB200000682B4323434C6B84E700BF70B5044679
:10CB3000F5F780FE002C54D094F84030012B52D0F1
:10CB40000123064684F8403094F8413003F0FF0298
:10CB5000002B34D0A56C2268A1681368013923F436
:10CB6000706343EA0123136001E06B1C31D19368C9
:10CB700013F02003F9D1E069E16815680143206AE8
:10CB80000143606841EA00611C4828400143606934
:10CB90001160A16955680143206941EA00411848C4
:10CBA000284001250143184651601168294311604E
:10CBB000636484F84150002384F8403070BD2046FF
:10CBC00084F84020FCF7B8F841F288331D46A3648E
:10CBD000C1E7F5F72FFE801BA84206D82DB12268C9
:10CBE000C5E7012070BD022070BD0423012084F838
:10CBF0004130636C03436364DDE700BF2FFFFF0038
:10CC0000FEF8E0FFC8B110B590F840300446012BA3
:10CC100011D00268012380F84030136823F001032B
:10CC20001360FCF717F900236364184684F8413059
:10CC300084F8403010BD022010BD0120704700BFB5
:10CC40002DE9F04104460E461546F5F7F3FD94F83C
:10CC50004030012B3AD0012384F8403094F8413021
:10CC6000012BDFB206D002270023384684F840307B
:10CC7000BDE8F081002380466364022384F84130DC
:10CC8000681C23680ED19A6812F02002FBD131464D
:10CC90002046FFF791FE736AE3B10123002784F871
:10CCA0004130E1E79A6812F020021ED0F5F7C2FD8C
:10CCB000A0EB0800854201D3002DE1D1042384F8C4
:10CCC0004130636C43F001036364CDE702273846CB
:10CCD000BDE8F081226893689B07FCD502210123FF
:10CCE0000027D16084F84130BEE731462046FFF787
:10CCF00063FE736A43B1D0E7F5F79CFDA0EB080033
:10CD00008542DBD3002DD9D0226893689907F3D5EB
:10CD1000E4E700BF2DE9F843044689461546F5F7D8
:10CD200089FD94F840302768012B67D0012384F8EF
:10CD3000403094F84130012B5FFA83F807D04FF070
:10CD400002080023404684F84030BDE8F883002301
:10CD50006364B9F1000F56D01223064684F84130BF
:10CD60003B690133E3623B69C4F824900133A36259
:10CD70007B6923F040637B61E36A002B31D06A1C3E
:10CD8000394611D18B685B07FCD5636A1B7887F83D
:10CD90002030E26A636A013A0133E262E26A636266
:10CDA000F2B16A1C2168EDD08B685807EDD4F5F715
:10CDB00041FD801B854201D3002DF2D1042384F86C
:10CDC0004130636C43F00103636413E0BB689B076D
:10CDD0000CD4F5F72FFD801B8542EFD3002DEDD04D
:10CDE0002768691CF2D1BB689A07FCD502234FF073
:10CDF0000008FB60012384F84130A2E74FF00208ED
:10CE00004046BDE8F883636C43F00803636498E729
:10CE10002DE9F843044615468946F5F70BFD2768CA
:10CE2000BA6994F84030012B6CD0012384F840306B
:10CE300094F84130012B5FFA83F807D04FF00208D5
:10CE40000023404684F84030BDE8F8830023636443
:10CE5000B9F1000F5BD02223064684F841303B69CC
:10CE60000133A3633B69C4F83090013363637B698A
:10CE700023F0406343F080637B61BA61A36B002BB6
:10CE800033D0681C394612D18B6813F0060FFBD0E3
:10CE900097F82020236B1A70A26B236B013A0133A1
:10CEA000A263A26B2363FAB1681C2168ECD08B6883
:10CEB00013F0060FECD1F5F7BDFC801B854201D3C2
:10CEC000002DF1D1042384F84130636C43F0010359
:10CED000636413E0BB689B070CD4F5F7ABFC801BC5
:10CEE0008542EFD3002DEDD02768691CF2D1BB68D5
:10CEF0009A07FCD502234FF00008FB60012384F859
:10CF000041309DE74FF002084046BDE8F883636C6E
:10CF100043F00803636493E72DE9F84F04461F4686
:10CF200089469046F5F786FC94F84030012B52D0A4
:10CF3000012384F8403094F84130012B5FFA83FBE1
:10CF400007D04FF0020B0023584684F84030BDE86C
:10CF5000F88F002382466364422384F841307A1CB0
:10CF600026682CD1B568AB06FCD4D8F80030494609
:10CF70002046B362D8F804307362D8F80830F36200
:10CF80003268D8F8103022F440021343D8F80C204D
:10CF900043F480033360C9F828204FF00062FFF7A4
:10CFA0000BFD781C22681BD193681907FCD508215A
:10CFB00001234FF0000BD16084F84130C3E7B36820
:10CFC0009D06D2D5F5F736FCA0EB0A00874212D3B6
:10CFD000002FC4D10FE04FF0020B5846BDE8F88F88
:10CFE00093681B07E3D4F5F725FCA0EB0A00874202
:10CFF00001D3002FD5D1042384F84130636C43F072
:10D00000010363649FE700BF2DE9F04704460F4624
:10D010001646F5F70FFC94F84030012B45D001235C
:10D0200084F8403094F84130012B5FFA83F907D03F
:10D030004FF002090023484684F84030BDE8F087ED
:10D0400000238046D4F848A06364822384F84130EA
:10D05000BAF1FF3F256814D1AB689A06FCD42B685F
:10D06000726823F00803082A43EA02032B6021D0E8
:10D070004FF04062394620464FF00009FFF79CFC14
:10D08000D8E7AB689B06EAD5F5F7D4FBA0EB080020
:10D09000824502D3BAF1000FDAD1042384F841307B
:10D0A000636C43F001036364C4E74FF00209484630
:10D0B000BDE8F087326810232A63EB602B6843F4E5
:10D0C00080132B60D4E700BF704700BF08B5006C29
:10D0D00000238363C36290F84130082B0BD10368AF
:10D0E0000222DA601A6842F400321A601A6842F0CA
:10D0F00002021A6008BD012380F84130FFF7E4FF07
:10D1000008BD00BF704700BF704700BF704700BF39
:10D11000704700BF704700BF704700BF704700BF37
:10D1200038B5036804469A68196855070ED5480350
:10D130000CD594F84120122A75D094F84120222A67
:10D1400000F0A1802046FFF7E5FF38BD950726D502
:10D15000880324D50222DA601A6822F4E0221A60D9
:10D1600094F84120122A7AD094F84120222A00F023
:10D17000A98094F84120022A00F0D08094F8412040
:10D18000082AE2D15A690121204622F040625A6100
:10D1900084F84110636C3BBBFFF7B4FF38BD150743
:10D1A00025D4D50735D5C80333D50125DD601A68E8
:10D1B00022F470221A60626C42F0020262641A6801
:10D1C000520779D51A68E06B22F004021A60574BB7
:10D1D000836504F0FFFE0028B7D0636C204643F05F
:10D1E0000403636484F84150FFF76EFF38BD080301
:10D1F000D7D50822DA601A68520206D51A680121CA
:10D2000022F410221A6084F841102046FFF784FFB0
:10D2100038BDD00699D5CA0297D510222046DA60CB
:10D22000FFF77CFF38BD9A6850078BD518460EE093
:10D23000626A127883F82020E16A20680139626A04
:10D24000E1620132816862624D077FF57BAFE26A7D
:10D25000002AEDD1036823F48023036072E71A6883
:10D26000510709D51A68E16B22F0040209681A60B7
:10D27000CB6823F00103CB600123204684F84130C2
:10D28000FFF746FF38BD9A6852077FF55BAF184637
:10D290000EE093F82010226B1170A16B2068013909
:10D2A000226BA16301328168226349077FF54AAF8F
:10D2B000A26B002AEDD1CDE7204684F84150FFF75C
:10D2C00003FF38BD1A6852071DD49A6812F47C5FB8
:10D2D0000FD111E093F82010226B1170A16B206820
:10D2E0000139226BA16301328168226311F47C5FF2
:10D2F00002D0A26B002AEDD10123204684F84130F0
:10D30000FFF704FF38BD1A68E16B22F004020968D8
:10D310001A60CB6823F00103CB60EDE701232046C0
:10D3200084F84130FFF7F0FE38BD00BFCDD00008D3
:10D33000F8B501680546AC4B99421FD0203399429D
:10D340001CD003F57873994258D02033994255D0B8
:10D3500003F57873994200F01E812033994200F062
:10D360001A8195F89130A14E03F0FF026BB928465F
:10D3700085F89020FBF756FE296806E09C4E95F84C
:10D38000913003F0FF02002BF1D09A4B9A4A1B68B0
:10D39000A2FB03230A681B0B22F480329B000A6065
:10D3A00023B30C68013B14F48034F9D1022385F8CF
:10D3B0009130EB68012B00F01081022B15BF032088
:10D3C00023200227222715BF4FF0010C4FF0210C1C
:10D3D00000222022AB68013B042B00F24B81DFE8E6
:10D3E00013F0CF001000D6000F00D200D5F8943013
:10D3F000012043F04003C5F89430F8BD7F4EBEE7EE
:10D400003A464FF400672B6A3260002B44D0764BCB
:10D41000994200F01E817A48081AB0FA80F040095B
:10D42000002840F01681774B994200F00C812033A0
:10D43000994200F00881744B994200F0FE8020333D
:10D44000994200F0FA80714B994200F00881704BCC
:10D45000994200F00A81AB6900EB8000B3F5002F20
:10D460004FEA400300F0E280AA6A296AB2F1806FB5
:10D470000CBF0222012201FB02F21202B3FBF2F303
:10D48000644AA2FB0312D20802EB8201A3EB410320
:10D49000092B08BF01326A626B6833F002032B6DFF
:10D4A00040F09680012B14BF4FF400740024F5F770
:10D4B000D9F9696CB0F5005FD5E9003242EA0102A2
:10D4C000A96C42EA0102E96C42EA0102E96A42EA15
:10D4D0000102696942EA010272D3A96918680A4324
:10D4E000A96A0A434C490140196029690A4319682D
:10D4F0000A43696A42EA015248493A4322431A60A0
:10D500005A68286B1140EA690243686B596002430C
:10D5100059680A4342495A609A6811406A6E996094
:10D52000E96D98680A43296E0A43696D01390A4317
:10D53000A96D013942EA012202434FF220009A60AC
:10D54000D968AA6E0140D960E96ED8680A43696F4C
:10D5500042EA0142296F013942EA0122224902438B
:10D560008B42DA6019D0294A934216D00023012257
:10D57000C5F89430184685F8903085F89120F8BDAC
:10D580004FF480673FE702464FF400673BE762468F
:10D590004FF4006737E7234EF1E6736C23F0010385
:10D5A000736495F83830012BE0D1D5E90F23013AA7
:10D5B00043EA02137364736C43F001037364D5E7A9
:10D5C000A96918680A43184901401960A96A8DE7DA
:10D5D000012B08BF4FF4007469E7132012274FF0A6
:10D5E000110C1022F6E600BF045801400054005808
:10D5F00000580140440200241BECCB95005C014024
:10D6000024580140045C0140046001400454005867
:10D6100024540058CDCCCCCC10C005F0F01FFFFF37
:10D620000080F8FF0060014010C005F82A6A696DAB
:10D6300001FB02F2B3FBF2F322E74FF40070F8F7BC
:10D6400043FE2968FFE64FF40070F8F73DFE2968B5
:10D65000F1E64FF48070F8F737FE2968E3E64FF4FF
:10D660008060F8F731FE2968F1E64FF40060F8F7C2
:10D670002BFEF0E60027C6E6022938B5044635D968
:10D68000C81E012830D8002023676064E064E0658C
:10D69000A0664FF6FF706067606830F002000CBF54
:10D6A0000125002504294FF4003125650CBF012018
:10D6B0000D2021664FF48021A0656166032A13D8EE
:10D6C000DFE802F0474E54362368484A934205D0BB
:10D6D00002F1C052A2F58232934205D16368012B58
:10D6E00002D1636C002B2FD0012038BD00202367AE
:10D6F0006064E064A066606830F0020014BF01203E
:10D70000002020654FF48030E0654FF6FF706067C1
:10D7100013F00100E8D14D1E012D29D860664FF4A9
:10D7200000302066032ADFD8DFE802F05546362CA9
:10D73000E0215B018022A1646365E266F5F792F85F
:10D7400094F83830012BBFD02046BDE83840FFF7B1
:10D75000EFBD80211B014022A1646365E266EDE715
:10D7600080225B01A2646365E266E7E7C021E0E72F
:10D7700020664FF480206066032AB5D8DFE802F007
:10D780002B1C0C025B08E02080219A01A0645B0145
:10D79000E166C4E91523D1E75B08C0228025022990
:10D7A0004FEA8310A2644FEA4313E5666065A36500
:10D7B000C4D10823A366C1E75B08802202294FEA8F
:10D7C0008310A2644FEA4313E266C4E91503B5D19E
:10D7D0001023A366B2E75B08802040215A01A064B1
:10D7E0001B01E166C4E91523A8E700BF0458014006
:10D7F0002DE9F8430F4604461546F5F71BF8002FB0
:10D8000061D0B5FA85F84FEA5818002D5BD094F82E
:10D810009130012B5FFA83F950D194F89030012BAD
:10D820004CD04346C4F894800646D4F8800065F393
:10D830000F03226884F89090394665F31F43A76769
:10D840001C32E3672B46122584F891502E4DC0F808
:10D85000508005642D4DC5632D4DC564F6F714FB4E
:10D8600000283ED1636C082B636831D0052161220A
:10D87000023B012B98BF1146226813690B431361C9
:10D88000136843F40033136006E0F4F7D3FF831BFF
:10D89000B3F57A7F2AD82268556915F4E025F4D0CB
:10D8A0001368DB0303D4136843F48033136000234D
:10D8B000994684F890304846BDE8F8834FF0020955
:10D8C0004846BDE8F8834FF001094846BDE8F883B3
:10D8D00023F00202012A0BBF1521052171226122CA
:10D8E000C6E7484684F89080BDE8F883D4F89430C1
:10D8F0004FF0030984F8905043F040034846C4F8C1
:10D900009430BDE8F88300BF51DA0008E9D9000877
:10D91000D1DA0008F8B500294ED0B2FA82F51346E4
:10D920006D09002A48D090F891200446012AD6B209
:10D930003FD190F89020012A3BD081670A462946C2
:10D94000222780F8906063F30F01C0F8945063F3CE
:10D950001F41C167D0F8840084F891701E4F216880
:10D9600007641E4F1C310565C7631D4FC764F6F77A
:10D970008BFA20BB23681A68D20303D41A6842F4D6
:10D9800080321A60626C082A62681CD0052161200E
:10D99000023A012A98BF01461A6900200A43064646
:10D9A0001A611A6842F400321A6084F89000304616
:10D9B000F8BD02263046F8BD01263046F8BD304697
:10D9C00084F89050F8BD22F0020101290BBF152107
:10D9D000052171206120DBE7C1DA00085DDA00086B
:10D9E000D1DA0008704700BF08B5C369806BB3F592
:10D9F000807F1BD003684FF0000C416C1A68082927
:10DA0000A0F87EC022F400321A60426811D06FF094
:10DA1000610C6FF00501023A012A98BF61461A694C
:10DA20004FF0010C0A401A6180F891C0FFF7DAFF4D
:10DA300008BD22F0020101290BBF6FF0710C6FF0DD
:10DA4000610C6FF015016FF00501E4E7704700BF4E
:10DA5000806B08B5FFF7FAFF08BD00BF08B5C369C2
:10DA6000806BB3F5807F1BD003684FF0000C416CD6
:10DA70001A68082922F400321A604268A0F87EC0B1
:10DA800011D06FF0610C6FF00501023A012A98BFC6
:10DA900061461A694FF0010C0A401A6180F891C082
:10DAA000FBF7C6FB08BD22F0020101290BBF6FF096
:10DAB000710C6FF0610C6FF015016FF00501E4E778
:10DAC000806B08B5FBF778FB08BD00BF704700BF4F
:10DAD00010B5846BF6F7E2FE022823D0D4F8942028
:10DAE000216842F08002134B1348C4F894201B684D
:10DAF0000A68A0FB030322F400321B0B0A600A68C9
:10DB00009B0022F480320A606BB10A68013BD203A9
:10DB1000FAD401220023204684F89120A4F87E3014
:10DB2000FFF7D4FF10BDD4F8943043F04003C4F89D
:10DB30009430EEE7440200241BECCB9518B338B5C3
:10DB400090F82C3004460D4603F0FF02B3B1214695
:10DB5000022384F82C3051F8040B01F0E7FE6268D0
:10DB60002946206801F020FF084A0121002013689F
:10DB700043F00043136084F82C1038BD80F82D204A
:10DB8000F8F7B4FFE3E70120704700BF0040005200
:10DB900070B590F82C300446022BD8B204D000F0B7
:10DBA000FB06012E01D0012070BD02230D46206826
:10DBB00084F82C3001F044FF2B68022B03D00020A6
:10DBC00084F82C6070BD0523002084F82C3070BDD3
:10DBD00038B590F82C300446022BD8B205D094F812
:10DBE0002C30012BDDB201D0012038BD022320688A
:10DBF00084F82C3001F038FF002084F82C5038BD18
:10DC00002DE9F8431E46D0F88030202B71D189468B
:10DC1000002947D0B2FA82F714467F09002A41D082
:10DC200090F87C300546012B63D00123C0F8887042
:10DC300080F87C302123C0F88030F4F7FBFDAB681E
:10DC40008046A5F85440B3F5805FA5F8564060D0F3
:10DC5000B5F856309BB2002B59D02C68721C24D1D9
:10DC6000E2691306FCD5B9F1000F3DD019F8013B6C
:10DC7000A362B5F85630013B9BB2A5F85630B5F813
:10DC800056309BB2002BE9D1711C35D1E3695A069D
:10DC9000FCD5002320221846C5F8802085F87C306A
:10DCA000BDE8F8830120BDE8F883E3691806DAD4FB
:10DCB000F4F7C0FDA0EB0800864201D3002ECCD1C2
:10DCC0002B682021002403201A6822F4D0721A60E5
:10DCD0009A6822F001029A60C5F8801085F87C40AD
:10DCE000C5F88410BDE8F88337F8023BC3F3080396
:10DCF000BEE70220BDE8F883E3695B06C9D4F4F708
:10DD000099FDA0EB08008642DAD3002ED8D02C680B
:10DD1000BAE72B69002B9BD14F46994698E700BF85
:10DD2000F8B5D0F88070202F44D1002940D0B2FA45
:10DD300082F67609002A3BD0044690F87C00012840
:10DD400038D001252123606FA4F856202165C4F83E
:10DD50008860A4F8542084F87C50C4F88030D8B18E
:10DD6000DFF854C013462268C0F83CC0DFF84CC04E
:10DD700028320665C0F840C0DFF844C0C0F84CC087
:10DD8000F6F782F840B11023284684F87C60C4F886
:10DD90008830C4F88070F8BD236800224021104606
:10DDA000196284F87C209A6842F080029A60F8BD7B
:10DDB0000120F8BD0220F8BD71DE0008A1DE0008D8
:10DDC000F1DE0008F8B5D0F88470202F48D1002982
:10DDD00044D0B2FA82F67609002A3FD090F87C301F
:10DDE0000446012B3CD001252223C0F888608165C0
:10DDF000A0F85C2080F87C50C0F88430806FE0B1DF
:10DE0000DFF860C013460A462168C0F83CC0DFF85E
:10DE100058C024310665C0F840C0DFF850C0C0F8D3
:10DE20004CC0F6F731F840B11023284684F87C60E6
:10DE3000C4F88830C4F88070F8BD2368002084F8E6
:10DE40007C001A6842F480721A609A6842F00102FB
:10DE50009A609A6842F040029A60F8BD0120F8BDCD
:10DE60000220F8BDADDE0008E5DE0008F1DE0008A6
:10DE700008B5C369806BB3F5807F0CD003680022BE
:10DE8000A0F856209A6822F080029A601A6842F040
:10DE900040021A6008BDFCF7EDF808BD704700BFEE
:10DEA000806B08B5FFF7FAFF08BD00BF08B5C3696E
:10DEB000806BB3F5807F12D0036800222021A0F888
:10DEC0005E201A6822F480721A609A6822F00102B9
:10DED0009A609A6822F040029A60C0F88410FCF7B9
:10DEE000CDF808BD806B08B5FCF712F908BD00BF7E
:10DEF000806B38B50368D0F88040D0F884109A68F9
:10DF0000150601D5212C1DD09A68520601D522296B
:10DF100008D0D0F8883043F01003C0F88830FCF700
:10DF20003FF938BD00240F4A2025A0F85E4019684B
:10DF300021F49071196099680A409A60C0F8845081
:10DF4000C466E6E700222024A0F856201A6822F0D2
:10DF5000C0021A609A6822F400029A60C0F88040F9
:10DF6000D2E700BFFEFFFFEF0268D36970B51E075E
:10DF700015680446916800F084806C4805F4907C34
:10DF800008405CEA00061DD1D80202D54E0200F11D
:10DF90009D80180606D501F4000105F080000143BC
:10DFA00040F08C805E0602D5680600F19B80190265
:10DFB00002D56A0000F1A380DB0102D5002DC0F27A
:10DFC000AA8070BDDE0709D5EE0507D501261662C9
:10DFD000D4F8886046F00106C4F888609E0760D5D2
:10DFE000CE0709D502261662D4F8886046F00406EA
:10DFF000C4F888605E0758D41E070CD505F0200CC5
:10E000005CEA000007D008201062D4F8880040F0D5
:10E010000800C4F88800D4F888000028D1D09E06F3
:10E0200006D505F0200501F0805155EA01036BD1BA
:10E03000D4F88850936805F0080503F040031D43A9
:10E040006ED0116820203A4B21F4907111609168D4
:10E050000B4000219360C4F884009368E1665D067C
:10E060003CD59368A06F23F040039360002835D01F
:10E07000304B0365F6F728F80028A2D0A06F036D97
:10E080000CE09E0680D505F0200C01F0805E5CEA75
:10E090000E063FF479AFC36E002B92D0BDE87040FE
:10E0A00018475E07A8D5CE07A6D504261662D4F871
:10E0B000886046F00206C4F888609DE7236F002B55
:10E0C0003FF47FAF2046BDE8704018474FF48013FF
:10E0D00020461362BDE8704001F068BB2046FCF7A3
:10E0E0005FF870BD13682020002123F04003136007
:10E0F000C4F8800020462167FBF7BCFF70BD2046B6
:10E10000BDE8704001F056BBE36E002B90D0204676
:10E11000984722688CE72046BDE8704001F048BB74
:10E120002046FCF73DF8C4F8885070BD010000108F
:10E13000FEFFFFEF39E1000808B5806B0023A0F86F
:10E140005E30A0F85630FCF72BF808BDD0F88020E0
:10E15000D0F8840010437047F0B58268044687B059
:10E160002368D0E904101D680A43616E0243E06928
:10E1700002430A43A8492940A84D0A43E168AB423B
:10E180001A605A6822F4405242EA0102A1695A60B8
:10E1900000F09D80226A9D681143A14A666A2A4068
:10E1A00011439960DA6A22F00F023243DA629D4A23
:10E1B000934224D09C4A934255D09C4A934200F00B
:10E1C0002F829B4A934200F09B829A4A934200F02E
:10E1D000E980994A934200F09D82984A934200F068
:10E1E000D885974A934200F0D682012500234FF04C
:10E1F000011228462367C4E91A2307B0F0BD914BEA
:10E200005B6D03F03803282BEFD88F4AD55CB0F54F
:10E21000004F33D0202D00F2D981202D00F2B6809E
:10E22000DFE815F0A8017B01B400B4007201B4006E
:10E23000B400B4004901B400B400B400B400B400A8
:10E24000B400B4001C01B400B400B400B400B400C5
:10E25000B400B400B400B400B400B400B400B4001E
:10E26000B400B400CA00774B5B6D03F00703052BC5
:10E27000BBD8764AB0F5004FD55CCBD1202D00F24B
:10E280001482202D00F20082DFE815F08A03580482
:10E29000FE01FE012804FE01FE01FE018604FE01CE
:10E2A000FE01FE01FE01FE01FE01FE01F203FE0180
:10E2B000FE01FE01FE01FE01FE01FE01FE01FE0166
:10E2C000FE01FE01FE01FE01FE01FE01B70398689A
:10E2D000534A02405B480A439A60DA6A616A22F054
:10E2E0000F020A43DA62836D03F00703052B3FF642
:10E2F0007CAF574AD65C202E00F29C81012E7FF61F
:10E3000074AFB31E1E2B3FF670AF01A252F823F07C
:10E31000C7E80008EBE1000871E80008EBE100083D
:10E32000EBE10008EBE100083BE90008EBE1000845
:10E33000EBE10008EBE10008EBE10008EBE100088D
:10E34000EBE10008EBE10008DBE80008EBE1000886
:10E35000EBE10008EBE10008EBE10008EBE100086D
:10E36000EBE10008EBE10008EBE10008EBE100085D
:10E37000EBE10008EBE10008EBE10008EBE100084D
:10E38000EBE10008EBE1000851E90008012500235A
:10E39000A3F110014FF6EF7291423FF626AF2268CB
:10E3A000D36023E7274B5B6D03F00703052B3FF694
:10E3B0001CAF284AD55C2AE7002E00F0B581012E5B
:10E3C00000F09E85022E00F0B185032E00F0D88566
:10E3D000042E00F0F485052E00F08486062E00F051
:10E3E000BE86072E00F0FD86082E00F05087092E0D
:10E3F00000F07B870A2E00F0DC8743F60953164AAB
:10E400000B2E18BF13466268002503EB5203B3FBC3
:10E41000F2F39BB2BCE700BFF369FFCF000C0058DA
:10E42000FFF4FF110010014000440040004800408C
:10E43000004C0040005000400014014000780040B3
:10E44000007C004000440258A83D0108D43D01086A
:10E45000DC3D0108D43D010800093D00B34B1A68BA
:10E46000920640F16F811A68B14BC2F3C102D340EA
:10E47000002EC8D0012E00F0EF81022E00F0C584DE
:10E48000032E00F0BF84042E00F02B85052E00F033
:10E490009D86062E00F0DC86072E00F01C86082ED6
:10E4A00000F04E86092E00F08E860A2E00F0E386DC
:10E4B0000B2EA8D126E003A8F7F78AFD626A049B19
:10E4C000002AA0D0012A00F0C781022A00F09D8412
:10E4D000032A00F09784042A00F00385052A00F03F
:10E4E000FD84062A00F07E85072A00F0F485082ABC
:10E4F00000F02686092A00F066860A2A00F0BB860C
:10E500000B2A80D11B0A7EE76846F7F7A3FC626AF4
:10E51000019B002A3FF477AFD4E7F6F73BFE636A2E
:10E5200003B3012B00F0F384022B00F0CE84032B05
:10E5300000F0C884042B00F01785052B00F011852E
:10E54000062B00F00686072B00F04886082B00F00B
:10E550009B86092B00F0E1860A2B00F03B870B2BF2
:10E5600008BF000A6268002500EB5203B3FBF2F318
:10E570009BB20DE7F6F7F2FD636A03B3012B00F0DF
:10E58000C984022B00F0A784032B00F0A184042B84
:10E5900000F0E484052B00F0DE84062B00F0E68515
:10E5A000072B00F03686082B00F08786092B00F039
:10E5B000B1860A2B00F0FA860B2B08BF000A6268AE
:10E5C00000EB5203B3FBF2F39BB2E1E6402D7FF484
:10E5D0000CAE002E00F0DC80012E00F09484022EA0
:10E5E00000F0A784032E00F0C784042E00F0EC8412
:10E5F000052E00F07A85062E00F0B485072E00F077
:10E60000FE85082E00F04986092E00F08B860A2E22
:10E6100000F029870B2E0CBF80234FF40043F2E655
:10E62000424B5B6D03F00703052B3FF6DEAD414A1D
:10E63000D55CECE5402E7FF4D8AD002900F0B58024
:10E64000012900F06E84022900F08284032900F081
:10E65000AF84042900F03B85052900F0698506296F
:10E6600000F0AD85072900F0EF85082900F0368617
:10E67000092900F05B860A2900F0F9860B290CBFF6
:10E6800080254FF4004592E001250023A3F11001FD
:10E690004FF6EF7291423FF6A8AD23F00F02C3F39D
:10E6A000420313432268D360A0E5402D7FF49DAD63
:10E6B000002E00F0D380012E00F0D280022E00F058
:10E6C0006D84032E00F0F484042E00F02585052EC1
:10E6D00000F06885062E00F0C285072E00F0108637
:10E6E000082E00F04886092E00F059860A2E00F008
:10E6F000EC860B2E0CBF4FF480704FF48030AFE0EF
:10E700000A4B5B6D03F00703052B3FF66EAD0A4A1B
:10E71000D55C7CE5054B5B6D03F03803282B3FF699
:10E7200064AD064AD55C72E5054B6CE600440258C0
:10E730000090D003D43D0108D43D0108A83D010854
:10E7400000093D00002E00F0BA83012E00F0FD8389
:10E75000022E00F02A84032E00F0B684042E00F06E
:10E76000E484052E00F02885062E00F08785072E0C
:10E77000DAD0082E00F0C483092E00F0D7830A2EC9
:10E7800000F01D84B44BB54A0B2E18BF13463AE671
:10E790004FF4004337E6B24B5B6D03F00703052BE4
:10E7A0003FF623ADAF4AD55C31E54FF400456768CD
:10E7B00007EB4703AB423FF618ADB5EB073F3FF61B
:10E7C00014AD202E00F2F082012E7FF60EAD023E37
:10E7D0001E2E3FF60AAD01A353F826F019ED0008EE
:10E7E000EBE10008EFEC0008EBE10008EBE10008CA
:10E7F000EBE100088DEC0008EBE10008EBE100081C
:10E80000EBE10008EBE10008EBE10008EBE10008B8
:10E81000EBE1000821EC0008EBE10008EBE1000867
:10E82000EBE10008EBE10008EBE10008EBE1000898
:10E83000EBE10008EBE10008EBE10008EBE1000888
:10E84000EBE10008EBE10008EBE10008EBE1000878
:10E85000EBE10008A9EB00085B08D4E54FF4803039
:10E860006268002500EB5203B3FBF2F39BB20DE7A5
:10E870006846F7F7EFFA636A019D03B3012B00F0D6
:10E88000CF82022B00F0C782032B00F0C182042B41
:10E8900000F02F83052B00F02983062B00F09883CE
:10E8A000072B00F02684082B00F04D84092B00F084
:10E8B0009B840A2B00F0FB840B2B00F06582002D5B
:10E8C0003FF494AC73E7F7F7B3FA636A0546002B9D
:10E8D000D4D1002D3FF48AAC69E7614B1A689506E4
:10E8E00040F1A5821B685D4DC3F3C103DD400029E3
:10E8F0003FF45DAF012900F04D83022900F046830B
:10E90000032900F04083042900F04584052900F024
:10E910008384062900F0D484072900F02085082983
:10E9200000F04F85092900F0F9850A2900F0FD85DE
:10E930000B297FF43CAF2D0A39E703A8F7F748FB12
:10E94000636A049D002B99D1002D3FF44FAC2EE754
:10E95000002900F06A82012900F0DF82022900F01C
:10E96000F282032900F02883042900F0AA830529F4
:10E9700000F0D883062900F02E84072900F0618476
:10E98000082900F0AF84092900F0EF840A2900F07B
:10E99000148543F60955344B0B2918BF1D4606E76D
:10E9A000F6F7DCFB636A03B3012B00F0CA82022B8B
:10E9B00000F0F782032B00F07F83042B00F0B0837C
:10E9C000052B00F0EB83062B00F05084072B00F0A2
:10E9D0009E84082B00F0B984092B00F0E4840A2BF4
:10E9E00000F070850B2B08BF000A61684A0802EB33
:10E9F0004003B3FBF1F39BB248E6002E00F03A82ED
:10EA0000012E00F09A82022E00F0C682032E00F042
:10EA10004D83042E00F07E83052E00F0BA83062E6F
:10EA200000F02184072E00F06F84082E00F082840D
:10EA3000092E00F0CC840A2E00F06C8547F61223D4
:10EA40000A4A0B2E18BF13466268002503EB5203D7
:10EA5000B3FBF2F39BB219E690D003000090D00311
:10EA600000440258D43D010800093D0000127A001C
:10EA7000A44B1A68910640F1FF811A68A24BC2F3B9
:10EA8000C10223FA02F206B3012E00F0B182022E77
:10EA900000F03783032E00F06F83042E00F0C6834E
:10EAA000052E00F00084062E00F06F84072E00F083
:10EAB0007184082E00F00385092E00F03C850A2E93
:10EAC00000F036850B2E08BF120A616800254B083E
:10EAD00003EB4203B3FBF1F39BB2D7E56846F7F7CC
:10EAE000B9F9626A019902B3012A00F00782022A89
:10EAF00000F01A82032A00F03A82042A00F06282AF
:10EB0000052A00F0EB82062A00F01683072A00F09F
:10EB10007483082A00F0A183092A00F001840A2ADC
:10EB200000F05B840B2A08BF090A626800255308BD
:10EB300003EB4103B3FBF2F39BB2A7E5F6F72AFB25
:10EB4000636A03B3012B00F0FA81022B00F02B82E1
:10EB5000032B00F08382042B00F0DA82052B00F0F7
:10EB60002583062B00F06983072B00F0C283082B56
:10EB700000F0EE83092B00F07E840A2B00F08D84D8
:10EB80000B2B08BF000A616800254A0802EB40030E
:10EB9000B3FBF1F39BB279E503A8F7F719FA626AC0
:10EBA0000499002AC1D09FE7616A002900F05482CD
:10EBB000012900F01F83022900F08B83032900F054
:10EBC000BF83042900F00084052900F0AA840629E7
:10EBD00000F08E84072900F08784082900F0E5847E
:10EBE000092900F0DE840A2900F0A8844748484B30
:10EBF0000B2918BF184600217B083A4618184FF019
:10EC0000000341F10001F1F77FFDA0F54073414A97
:10EC100093423FF6EAAA23680025D860FFF7E6BAD8
:10EC2000384A116811F0200100F0E78113680021D3
:10EC30003548C3F3C103D840636A0BB3012B00F01E
:10EC40004B83022B00F07F83032B00F00584042B01
:10EC500000F05D84052B00F02C84062B00F0A984C5
:10EC6000072B00F0B484082B00F0AD84092B00F0D2
:10EC700094840A2B00F08D840B2B01D1000A002113
:10EC80000902030241EA10617808B6E703A8F7F722
:10EC90009FF90498636A002102460BB3012B00F030
:10ECA0003582022B00F08682032B00F0C182042BF8
:10ECB00000F02183052B00F04D83062B00F090839C
:10ECC000072B00F02184082B00F00B84092B00F0A7
:10ECD00004840A2B00F052840B2B01D1100A00216E
:10ECE00062680902030241EA1061500886E768463B
:10ECF000F7F7B0F80198636A00210246002BEFD0C5
:10ED0000CCE700BF004402580090D00300093D004A
:10ED10000000093DFFFC0F00F7F78AF8626A002146
:10ED200003460AB3012A00F06E82022A00F0B9827B
:10ED3000032A00F02483042A00F09383052A00F0BC
:10ED4000A683062A00F0DA83072A00F0D583082A72
:10ED500000F01C84092A00F015840A2A00F02F8490
:10ED60000B2A01D1030A002162680902180241EA54
:10ED700013615308C0184FF0000341F10001F1F78F
:10ED8000C3FCA0F5407342E72D0A002D3FF42EAAE4
:10ED90000DE5B54B5B6D03F00703052B3FF625AA88
:10EDA000B24AD55CFFF733BA402E7FF41EAA616ADF
:10EDB000002900F04E81012900F02782022900F08D
:10EDC0008482032900F0CE82042900F057830529AC
:10EDD00000F05983062900F06883072900F060835A
:10EDE000082900F0B783092900F0AF830A2900F051
:10EDF000C0830B294FF000010CBF4FF400404FF4CB
:10EE00000000F9E69A4AA2FB03239B08FFF7FBBA2E
:10EE1000974BA3FB0535AD08002D3FF4E7A9C6E4E9
:10EE20006D08002D3FF4E2A9C1E4924DBFE4002932
:10EE30005AD0012900F0AC80022900F0DB800329C0
:10EE400000F06181042900F0A181052900F0EB8127
:10EE5000062900F016820729E7D008295DD0092984
:10EE600071D00A2900F02D81834D844B0B2918BFE6
:10EE70001D469CE4824BE7E5002E50D0012E00F0A9
:10EE8000AF80022E00F03B81032E00F07A81042E29
:10EE900000F0C781052E00F0FD81062E00F04D82A6
:10EEA000072EE7D0082E48D0092E75D00A2E00F084
:10EEB0003181744B744A0B2E18BF1346C4E56F4B57
:10EEC000FFF7A1BA6A4BA3FB00308008FFF74ABBEB
:10EED000674BA3FB00308008FFF771BB6B4AA2FBB6
:10EEE0000323DB08FFF78FBA644D60E4674BA3FB95
:10EEF0000535ED08002D3FF479A958E4490814E6DA
:10EF0000634BFFF780BA4FF48043FFF77CBA4008A9
:10EF1000FFF728BB4008FFF752BB5D4D47E45A4B53
:10EF200092E54FF4804542E48908FEE5594BFFF72E
:10EF30006ABA4FF40053FFF766BA4E4B84E54008B7
:10EF400021E6400851E5534D31E4534BFFF75BBADE
:10EF50004FF400552BE44D4BA3FB0030C008FFF7E6
:10EF60002EBB4A4BA3FB0030C008FFF7FBBA404B57
:10EF7000A3FB01239908D8E541F25553FFF743BAA3
:10EF8000464BFFF740BA3A4BA3FB0535AD080EE4FC
:10EF9000414D0CE46D080AE43D4B55E54FF48040CB
:10EFA0005EE4800821E58008EDE53D4BFFF72BBAD4
:10EFB00041F25555FFF7FBBB384DFFF7F8BB314B1E
:10EFC000FFF721BAC908B0E54FF48053FFF71BBA29
:10EFD0000C23B5FBF3F5002D3FF408A9FFF7E7BBC1
:10EFE000264B31E5224AA2FB0323DB08FFF70BBACD
:10EFF00052086AE52A4DFFF7DABB626A002A00F080
:10F00000C280012A00F07981022A00F0B281032A2D
:10F0100000F0C381042A00F05E82052A00F05982C4
:10F02000062A00F09E82072A00F09982082A00F042
:10F030009D82092A00F097820A2A00F083820B2A17
:10F04000184A0E4B0EBF00210321134678083A469A
:10F0500090E64FF40000CFE51348CDE5044BA3FB49
:10F06000002398088FE500BF00440258D43D0108F2
:10F07000ABAAAAAA00093D0090D003000090D003DB
:10F0800000127A0020A107000020A107CDCCCCCC33
:10F0900080841E0040420F000048E8012A2C0A002C
:10F0A0000024F400000090D00000093DCF4BCBE4D9
:10F0B00042F6AA20FFF7D4BBCD4BA3FB0023980850
:10F0C00093E4CC4DFFF773BBCB4BFFF79CB94FF4E8
:10F0D0008055FFF76CBB1B09FFF795B90A23B1FBFD
:10F0E000F3F122E5C54BFFF78EB940F6CC43FFF7AD
:10F0F0008AB92D09002D3FF479A8FFF758BBC04B02
:10F10000A2E49208E1E4BC4DFFF751BB4008E7E5FB
:10F11000C00838E5BB4B97E44FF40050FFF7A0BBA5
:10F12000C00862E4B54DFFF742BBB74BFFF76BB9C0
:10F1300040F6CC45FFF73BBB0C23B1FBF3F1F4E405
:10F140005B09FFF760B96D09002D3FF44FA8FFF789
:10F150002EBBA74BA3FB0030C008FFF703BAAB4B95
:10F16000FFF751B940F6AA23FFF74DB9A04BA3FB17
:10F170000030C008FFF723BA9D4BA3FB02239A0877
:10F18000A3E4A34B60E4A34B03215FE79E4DFFF78D
:10F190000EBBA14B58E4ED08FFF709BB0A23B0FBF7
:10F1A000F3F022E441F69810FFF75ABB0A23B0FBB4
:10F1B000F3F0E8E4800893E5984BFFF724B940F6B4
:10F1C000AA25FFF7F4BA9B09FFF71DB90A22B3FB82
:10F1D000F2F3FFF718B98D4DFFF7E9BA0009FFF711
:10F1E000C1B98F4BFFF70FB9AD09002D3EF4FEAF4B
:10F1F000FFF7DDBA8B480021FEE4090995E44FF4DE
:10F200000063FFF700B94308AEE54FF4800000212A
:10F21000F2E40009FFF7D3B90A23B5FBF3F5FFF7D2
:10F22000C6BA814B10E47D4DFFF7C1BAD2084CE459
:10F2300006220023F1F768FA52E50C23B0FBF3F045
:10F24000A1E4774DFFF7B3BA4FF40065FFF7AFBA0B
:10F250000C22B3FBF2F3FFF7D6B8490965E441F29B
:10F260005450FFF7FDBA714BFFF7EEBB0C23B0FB18
:10F27000F3F0FFF7BABBDB09FFF7C5B86C4BFFF73C
:10F28000C2B86B4DFFF793BA4009FFF76BB9694BF2
:10F29000FFF7B9B8684BFFF7D7BB4FF48063FFF7B0
:10F2A000B2B8830860E50A23B2FBF3F20DE4ED097E
:10F2B000002D3EF49BAFFFF77ABA4009FFF77FB904
:10F2C0000C23B5FBF3F5FFF772BA4FF400100021E1
:10F2D00092E45A4800218FE44008D1E44FF480655D
:10F2E000FFF765BA534DFFF762BA4FF22443FFF7B9
:10F2F0008AB8000947E4C008F2E4514B1146A5E67C
:10F300004FF48050FFF7ACBA3A4BFFF79DBB0009B2
:10F31000FFF76BBB8009FFF752B98009FFF722B9ED
:10F32000890902E44FF40073FFF76DB84FF40075DC
:10F33000FFF73DBA3A4BFFF787BB2F4BFFF784BB74
:10F340004048002158E480089AE44009FFF74DBB8B
:10F35000400918E40A220023F1F7D6F9C0E42D0988
:10F36000FFF725BA3848002146E44FF22445FFF75D
:10F370001EBA364B6AE64FF40060FFF771BA0023FD
:10F380000622F1F7C1F90346EEE40C23B2FBF3F2D7
:10F39000FFF79BBB1209FFF798BB2D4B56E64FF4C6
:10F3A0008060FFF75DBA8009FFF71FBBC009FFF758
:10F3B00006B947F61223FFF726B847F61225FFF7DE
:10F3C000F6B96D09FFF7F3B92248002114E4194B8F
:10F3D000FFF73ABBC009FFF7C5B8C909FFF7A5BBDE
:10F3E0000C220023F1F790F97AE400BF545814007E
:10F3F000ABAAAAAA20A10700AAC2A200801A0600EE
:10F400000048E80140420F0000127A00151605007E
:10F4100054854501000090D000350C0000A8610023
:10F4200090D003000080841E0024F4002A2C0A00DF
:10F430005561510048E801000050C3000040420FF0
:10F44000000048E8002A2C0A00551500000024F4AA
:10F4500000AAC2A20020A10706220023F1F754F956
:10F460000EE4C30880E44FF48073FEF7CCBF4FF482
:10F470008075FFF79CB98009FFF785BB4FF48010BA
:10F480000021FFF7B9BB53480021FFF7B5BB0023AC
:10F490000A22F1F739F9034666E4C009FFF773BBA6
:10F4A0004FF400200021FFF7A7BB4B480021FFF7D6
:10F4B000A3BB0A220023F1F727F9FFF7E1BB5209AA
:10F4C000FFF703BBC009FFF790BA4FF40070FFF7D6
:10F4D000C7B9424BBAE5424BB8E590090021FFF7A6
:10F4E000FFBB4009FFF7FCBB3E480021FFF784BB90
:10F4F0003D480021FFF780BB030935E400230C22BF
:10F50000F1F702F903462FE40009FFF7E9BBC00851
:10F51000FFF7B6BB4FF22443FFF796BAAD09FFF7EA
:10F5200046B932480021FFF767BBED09FFF73FB945
:10F53000D209FFF7CABA9209FFF7C7BA2C480021CF
:10F54000FFF75ABB2B4B002180E54FF40030002120
:10F55000FFF752BB4FF480200021FFF74DBB264B35
:10F5600074E5264B72E5264B00216FE5254B002103
:10F570006CE54FF480300021FFF73EBBD00900213D
:10F58000FFF7AEBB83090021FFF7EEBB4309FFF78E
:10F59000EBBBC0090021FFF773BB80090021FFF717
:10F5A0006FBB19480021FFF727BB18480021FFF760
:10F5B00023BB0C220023F1F7A7F8FFF761BBC309B7
:10F5C0000021FFF7D1BB40090021FFF759BB00091B
:10F5D000FFF756BB00CC0C0000AA0A000000A8618F
:10F5E0000000127A0090D0030015160500801A065C
:10F5F00000127A000020A1070000093D005561516A
:10F600000040420F0080841E0024F4000048E801FE
:10F61000836ADA0710B406D50168C46A4A6822F41E
:10F62000003222434A609C0706D50168046B4A6891
:10F6300022F4803222434A60590706D50168446BA0
:10F640004A6822F4802222434A601A0706D50168DC
:10F65000846B4A6822F4004222434A60DC0606D5E5
:10F660000168C46B8A6822F4805222438A6099063A
:10F6700006D50168046C8A6822F4005222438A602D
:10F680005A060AD50168446C4A68B4F5801F22F412
:10F69000801242EA04024A600BD01B0606D50268BB
:10F6A000C16C536823F400230B4353605DF8044B93
:10F6B00070474A68846C22F4C00222434A60ECE737
:10F6C000002370B50446C0F88830F3F7B3F8054658
:10F6D00023681A6811070CD41A68520725D420220F
:10F6E0000023C4F880201846C4F8842084F87C30B5
:10F6F00070BDDE6916F40016EED1F3F79BF8431BDC
:10F70000B3F1007F2368F4D31A682021032022F488
:10F71000D0721A609A6822F001029A60C4F88010D0
:10F7200084F87C60C4F8841070BDDE6916F480062D
:10F73000D5D1F3F77FF8431BB3F1007F2368F4D3EF
:10F74000E2E700BF80B3D0F8803010B5044633B391
:10F75000226824232046C4F88030136823F0010374
:10F760001360FEF7F9FC012817D0A36A8BB9236850
:10F7700020465A6822F490425A609A6822F02A027F
:10F780009A601A6842F00102BDE810401A60FFF763
:10F7900097BF2046FFF73CFFE9E7012010BD80F846
:10F7A0007C30FAF7BBF9D3E701207047704700BF00
:10F7B000704700BF704700BF90F87C20012A17D027
:10F7C000026803462420002130B4C3F880002025BD
:10F7D0001068146820F0005024F001041460596689
:10F7E00010600846C3F8805083F87C1030BC704726
:10F7F0000220704790F87C20012A43D0026803461B
:10F80000242030B4C3F8800084B014681068EC463B
:10F8100004AD20F001001060906820F060400143CA
:10F820001948916003C88CE80300184903C905E929
:10F830000300596E19B391689068C1F3426C05EBEF
:10F840005071AC4411F8100C11F8081CC0001CF8E1
:10F85000085CB0FBF1F01CF8101CC900B1FBF5F11D
:10F86000A3F868100021A3F86A0020250846146058
:10F87000C3F8805083F87C1004B030BC704701217D
:10F880000846EDE702207047603B0108E43D0108AF
:10F8900090F87C20012A43D002680346242030B42B
:10F8A000C3F8800084B014681068EC4604AD20F002
:10F8B00001001060906820F0606001431948916079
:10F8C00003C88CE80300184903C905E90300596E11
:10F8D00019B391689068C1F3426C05EB5071AC4468
:10F8E00011F8100C11F8081CC0001CF8085CB0FBE3
:10F8F000F1F01CF8101CC900B1FBF5F1A3F8681079
:10F900000021A3F86A00202508461460C3F880503F
:10F9100083F87C1004B030BC704701210846EDE745
:10F9200002207047603B0108E43D01080B6810B4F9
:10F93000D3B90468A3F500434A6823401343D1E9CF
:10F94000024223431343D1E9044223431343D1E941
:10F95000064223431343D1E9084223435DF8044B95
:10F9600013430360002070470268D1E9074322F483
:10F97000F84222434C6A1A430A4B2243026042680F
:10F980001340D1E9014223431343D1E90342234306
:10F990001343D1E9054223435DF8044B134343600D
:10F9A000002070470080FFFF30B40ABB8368D1E9B4
:10F9B000002403F07043013C013A43EA041313436B
:10F9C000D1E90224013A013C43EA022343EA04322A
:10F9D000D1E904348969013B013C013942EA03431E
:10F9E00043EA045343EA016330BC8360002070475C
:10F9F0008268CC68114B013C13404A6943EA0433E6
:10FA0000541E43EA0454D1E900258460C3686C1E87
:10FA1000013A03F0704343EA04130C691A438B68FC
:10FA2000013C8969013B013942EA032343EA04436B
:10FA300043EA016330BCC36000207047FF0F0FFF33
:10FA40000246D1E9003010B403431469D1E9021031
:10FA500023435DF8044B013943EA4023002043EA85
:10FA600041131361704700BF0246054B002010B4DC
:10FA7000546923405DF8044B43EA410151617047EA
:10FA800001C0FFFF022A82B0844613D009230193EC
:10FA9000DCF80C30002023F47053CCF80C30019BC0
:10FAA000DCF80C209B0203F470531343CCF80C30A9
:10FAB00002B07047224B234A0B44934207D9224B92
:10FAC000224A0B44934205D80E230193E0E70F230B
:10FAD0000193DDE71E4B1F4A0B44934207D91E4B8F
:10FAE0001E4A0B44934205D20C230193D0E70D2309
:10FAF0000193CDE71A4B1B4A0B44934202D80B23C8
:10FB00000193C5E7184B194A0B44934202D20A23CA
:10FB10000193BDE7164B174A0B449342B6D3164BDD
:10FB2000164A0B44934202D208230193B0E7144BC8
:10FB3000144A0B44934234BF072306230193A7E7DB
:10FB4000405327FFFF340C00401E1BFF3F420F00B5
:10FB500000DC0BFF7F4F1200808CF9FE20D61300D3
:10FB600060B6E5FE5FE3160000D3CEFE40771B00D3
:10FB7000C05BB3FEC091210000CA91FE2075380021
:10FB8000E05459FEE09C4100890182B000230A4AFA
:10FB900041F020010193016103E0036913F02003A8
:10FBA00007D0019B013393420193F6D9032002B0A1
:10FBB0007047184602B07047400D0300D0F808386F
:10FBC00082B003F006030193019838B1019802282E
:10FBD00004D0019B062B0CBF02200F2002B07047FF
:10FBE00030B44B780A78012B20D002F00F0C4FF480
:10FBF0008033D0F81C4800EB421203FA0CF3234385
:10FC0000C0F81C38D2F8003B1B040CD48B68D2F827
:10FC1000004BC3F30A03C8781449234343EA8043E3
:10FC20001943C2F8001B002030BC704700F5006487
:10FC300002F00F0500EB4210AB40E5692B43E36196
:10FC4000D0F800391C04EED48B68D0F80059C3F307
:10FC50000A03CC7805492B4343EA844343EA8252A2
:10FC6000114330BCC0F8001900207047008000101C
:10FC70002DE9F0414B7891F800C0012B51D000EBF9
:10FC80004C1C844CDCF8105B0CF530632C401C6180
:10FC9000814C1D692C401C614C6984B38D68012A1C
:10FCA0007E4E2C4404F1FF34B4FBF5F406EAC44E56
:10FCB000A4B205FB04F41D694EEA0505C4F3120461
:10FCC0001D611D6944EA05041C6125D0CB78012B18
:10FCD0000CD1D0F8083813F4807FDCF8003B0CBF5F
:10FCE00043F0005343F08053CCF8003BDCF8003B7A
:10FCF00043F00443CCF8003B0020BDE8F0818C6861
:10FD0000012A1D69C4F3120444EA05041C611C693C
:10FD100044F400241C61D9D1CA68002AD6D05A61A3
:10FD2000D4E74D69002D3DD000EB4C14594ED1F86D
:10FD300008E0D4F81089584F08EA0606C4F810699C
:10FD400005EB0E06013EB6FBFEFED4F81069374007
:10FD5000524EC4F8107906EACE46D4F810793E43E4
:10FD6000C4F81069C5F31206D4F810793E43C4F8FC
:10FD7000106904F5106691F803E0BEF1010F57D049
:10FD8000012A72D0D4F800290CF00F0C42F0044282
:10FD900003FA0CF3C4F80029D0F834281343C0F850
:10FDA0003438A9E700EB4C133B4E3A4C012AD3F808
:10FDB000107906EA0706C3F81069D3F8106946F40B
:10FDC0000026C3F81069D3F8106904EA060403F5A5
:10FDD0001066C3F8104991F803E03AD0D3F800490F
:10FDE000BEF1010F44F00444C3F8004984D1D0F8B7
:10FDF000083813F4807F33680CBF43F0005343F09E
:10FE000080533360002A7FF477AFADB20335AD087D
:10FE10003FF472AFCB6800EB0C3C03EB85010CF5B3
:10FE2000805C53F8042B8B42CCF80020F9D163E7B7
:10FE30003369012A23F0C0433361336943F000532F
:10FE4000336117D0D4F8003943F00443C4F80039C3
:10FE5000CDE70B6963B9BEF1010F0ED03368002006
:10FE600043F004433360BDE8F0810B69002BF5D00B
:10FE70007361F0E70B69002BFAD1D0F8083813F45E
:10FE8000807F33680CBF43F0005343F080533360EE
:10FE9000E4E700BF0000F8FFFFFF07E00000F81FE5
:10FEA000F0B54C780B78012C26D000EB4310574C62
:10FEB000D0F8105B00F530632C401C61544C1D6978
:10FEC0002C401C614C69A4B98C681D69C4F31204F0
:10FED000012A45F400251D611D6944EA05041C61E1
:10FEE00049D0D0F8003B43F00443C0F8003B002069
:10FEF000F0BD8C684C61E8E74C69002C40D000EB09
:10FF00004315424FD1F808E0D5F810C9404E74456A
:10FF10000CEA070705F5106CC5F81079D5F81079CB
:10FF200006EA0706C5F8106958D9DCF81040012A1E
:10FF3000C1F814E044F40024CCF81040CEF31204CD
:10FF4000DCF8106044EA0604CCF810403AD0D5F84A
:10FF5000002942F00442C5F80029BEF1000FC6D0C6
:10FF600003F00F010123D0F834288B401343C0F86D
:10FF700034380020F0BDCA68002AB2D05A61B0E718
:10FF800000EB4310224B012AD0F8104900F5106C09
:10FF900003EA0403CCF81030DCF8103043F40023FB
:10FFA000CCF81030194BDCF8104003EA0403CCF80D
:10FFB000103007D0D0F8003943F00443C0F80039BE
:10FFC0000020F0BD0B690BB1CCF81430DCF8003028
:10FFD000002043F00443CCF80030F0BDDCF81060A2
:10FFE000C4F31204012A46F40026CCF81060DCF8B1
:10FFF000106044EA0604CCF81040E3D0D5F800299C
:020000040801F1
:1000000042F00442C5F80029AAE700BF0000F8FF4B
:10001000FFFF07E010B49DF8044064B903339B0868
:1000200009D0013201EB830300EB023051F8042BBD
:100030008B420260FAD100205DF8044B704700BF8C
:10004000033292080AD000F5805C01EB8200DCF8F4
:10005000003041F8043B8842F9D1704708467047A8
:100060004A780B78012A00EB43100CD0D0F8002B13
:100070000BB1002A14DAD0F8003B43F40013C0F8A7
:10008000003B00207047D0F80029002A00DB73B93C
:10009000D0F8003943F40013C0F80039002070474D
:1000A000D0F8003B23F08043C0F8003BE3E7D0F8F2
:1000B000003923F08043C0F80039D0F8003943F408
:1000C0000013C0F80039E9E74A780B78012A00EB01
:1000D000431013D0D0F8003B23F40013C0F8003BCA
:1000E000CB78023B012B01D900207047D0F8003BB0
:1000F00043F08053C0F8003B00207047D0F800392F
:1001000023F40013C0F80039CB78023B012BEBD865
:10011000D0F8003943F08053C0F800390020704710
:10012000034609010020D3F8002801F4FE6122F4FF
:10013000FE62C3F80028D3F800281143C3F8001862
:10014000704700BF82B0436901938269019B1340ED
:100150000193019802B0704782B0D0F8183801932B
:10016000D0F81C28019B134001930198000C02B0A9
:10017000704700BF82B0D0F818380193D0F81C281F
:10018000019B13400193019880B202B0704700BFF9
:1001900000EB411182B0D1F8083B0193D0F814284C
:1001A000019B13400193019802B0704784B0D0F8CE
:1001B000103801F00F0C00EB41110293D0F83438E5
:1001C0000393039B029A23FA0CF3DB01DBB2134384
:1001D0000293D1F80839029A13400193019804B0B0
:1001E000704700BF406900F001007047D0F8001967
:1001F00000F500630A4A0A40C0F800299A6802F034
:100200000602042A05D1D0F8002942F00302C0F802
:1002100000295A68002042F480725A60704700BF7B
:1002200000F8FFFF144B10B4046C9C421AD800F580
:100230003060002301290361036943F40023036153
:10024000036943F018030361036943F0C04303618A
:1002500004D14261036843F08023036000205DF80D
:10026000044B7047D0F8003B00F53060002BE0DA1B
:1002700000205DF8044B70470A30544FD0F800243A
:1002800001F00303012900F5806C22F00302C0F89D
:100290000024D0F8002443EA0203C0F8003409D057
:1002A000022901D00020704741F270730020CCF881
:1002B000043070474BF680330020CCF80430704790
:1002C000D0F8140480B2704700EB4111002382B0D3
:1002D00001F5A0620193D1F8003513F4802FD1F815
:1002E000003543F08043C1F8003522D1C36A13F4CE
:1002F0007F0FD1F8003523D123F00043C1F800353A
:10030000D1F8003543F00043C1F80035D1F800358D
:1003100023F40043C1F8003502E01368002B13DA20
:10032000019B0133B3F57A7F0193F6D9002002B027
:100330007047D0F8103413F47F0FD1F8003506D091
:1003400043F00043C1F80035002002B0704723F0AD
:100350000043C1F80035D1F8003543F00043C1F83F
:100360000035D1F8003523F40043C1F8003502E030
:100370001368002BE8DA019B0133B3F57A7F019310
:10038000F6D9002002B0704730B4002484B04FF496
:100390008465AA4A00940146836823F001038360C0
:1003A0000394056102E00B69980604D5039B0133B1
:1003B00093420393F7D900201023A04A02900B61C7
:1003C00002E00B69DB0604D5029B013393420293E2
:1003D000F7D9D1F8003501F5A06201F5E06001938D
:1003E000019B43F080430193019B23F00043019361
:1003F000019B23F400430193019BC1F80035D1F820
:1004000020350193019B43F080430193019B23F02E
:1004100000430193019B23F400430193019BC1F826
:100420002035D1F840350193019B43F0804301937F
:10043000019B23F000430193019B23F400430193AC
:10044000019BC1F84035D1F860350193019B43F021
:1004500080430193019B23F000430193019B23F40C
:1004600000430193019BC1F86035D1F880350193B9
:10047000019B43F080430193019B23F000430193D0
:10048000019B23F400430193019BC1F88035D1F80F
:10049000A0350193019B43F080430193019B23F01E
:1004A00000430193019B23F400430193019BC1F896
:1004B000A035D1F8C0350193019B43F080430193EF
:1004C000019B23F000430193019B23F4004301931C
:1004D000019BC1F8C035D1F8E0350193019B43F091
:1004E00080430193019B23F000430193019B23F47C
:1004F00000430193019BC1F8E035D1F80036019328
:10050000019B43F080430193019B23F0004301933F
:10051000019B23F400430193019BC1F80036D1F8FD
:1005200020360193019B43F080430193019B23F00C
:1005300000430193019B23F400430193019BC1F805
:100540002036D1F840360193019B43F0804301935C
:10055000019B23F000430193019B23F4004301938B
:10056000019BC1F84036D1F860360193019B43F0FE
:1005700080430193019B23F000430193019B23F4EB
:1005800000430193019BC1F86036D1F88036019396
:10059000019B43F080430193019B23F000430193AF
:1005A000019B23F400430193019BC1F88036D1F8ED
:1005B000A0360193019B43F080430193019B23F0FC
:1005C00000430193019B23F400430193019BC1F875
:1005D000A036D1F8C0360193019B43F080430193CC
:1005E000019B23F000430193019B23F400430193FB
:1005F000019BC1F8C036D1F8E0360193019B43F06E
:1006000080430193019B23F000430193019B23F45A
:1006100000430193019BC1F8E03613680193019BED
:1006200043F080430193019B43F000430193019BFE
:1006300023F400430193019B136004E0400D030089
:100640001368002B05DA009B0133B3F57A7F009322
:10065000F6D920328242E0D14FF0FF330020C1F8BA
:1006600014344B618B6843F001038B6004B030BCE1
:10067000704700BF08B5D0F88C321BB11B68984793
:1006800000B908BD022008BD08B5D0F88C325B68FF
:100690009847002008BD00BF38B500F52075044616
:1006A000284600F07DFB0122B4F8863294F88012CF
:1006B000C4E99B2301F01F03934209D0022B13D0FE
:1006C00063B101F080012046FAF796FA002038BDA8
:1006D0002946204600F092FA002038BD29462046DF
:1006E00000F00AF9002038BD2946204600F0BAFA89
:1006F000002038BD38B5054669B91346D0F86C22DC
:10070000032A15D0052A0C460ED1C5F86C12FAF74B
:1007100073FA204638BDD0F88C329B6933B190F81B
:100720007422032A02D19847002038BD022038BD28
:10073000D0E9531291420CD9891A8A42C0F84C115F
:1007400088BF8AB2194698BF92B200F055FB0020CC
:1007500038BDD0F88C321B691BB190F87422032A83
:1007600004D0284600F052FB002038BD9847F8E737
:1007700070B5044661B9D0F86C32022B15D033F055
:10078000040337D094F87832012B2ED0002070BDAE
:10079000D0F88C325B6933B190F87422032A02D10D
:1007A0009847002070BD022070BDD0E908630D4657
:1007B0009E4223D8C669B6FBF3F203FB12620AB964
:1007C000B34228D9D4F88C32DB681BB194F8742278
:1007D000032A30D080212046FAF70EFA204600F096
:1007E00021FB94F87832012BD0D10023184684F8ED
:1007F000783270BD8021FAF7FFF9C3E7F31A11468A
:1008000003629AB200F0EEFA2B462A4629462046A9
:10081000FAF73EFAB6E7D0F870329E42D2D20A46D4
:1008200000F0E0FA2B462A4629462046C4F87052CA
:10083000FAF72EFAA6E720469847CBE770B50022D4
:1008400040260446012511463346FAF7C3F93346DC
:10085000802100222046C4F84451C4F85061FAF7C0
:10086000B9F90021D4F89032A561666284F8745217
:10087000C4F86C126160C4F87C1223B1D4F88C32D5
:1008800020465B689847002070BD00BF03460020EB
:100890001974704703460421002093F8742283F8EA
:1008A000741283F8752270470346002093F875226E
:1008B00083F87422704700BF90F87422032A01D095
:1008C0000020704708B5D0F88C32DB6903B1984737
:1008D000002008BD002070470020704700207047AE
:1008E000D0F88C22012108B580F874120179536880
:1008F0009847002008BD00BF30B50B7883B00D4687
:10090000044603F06003202B0DD0402B0BD09BB18D
:1009100080212046FAF770F900212046FAF76CF999
:10092000002003B030BDD4F88C32294620469B68A5
:100930009847002003B030BD4B78092BE8D801A2BE
:1009400052F823F09F090108CB0901081109010899
:10095000E909010811090108F1090108290A01083A
:1009600011090108590A01086D0901088978A24D89
:1009700001292970CCD890F87432022B00F0128132
:10098000032B00F000818021FAF736F90021204680
:10099000FAF732F929782046FFF776FEC0E790F89B
:1009A0007432013B022BB3D8CB88022BB0D1012289
:1009B000D0F87C32C2600BB10323C360022204F181
:1009C0000C01204600F000FAAAE790F87432013BCF
:1009D000022B9DD84B88012BA2D100232046C4F8BE
:1009E0007C3200F013FA9BE74B88012B98D1F5E796
:1009F0008B88002B8CD1CB88002B89D14D887F2D03
:100A000086D890F87432032B82D0E9B280F876123F
:100A1000FAF722F9204600F0F9F9002D00F0E08005
:100A2000022384F874327BE74A88130A013B062BC1
:100A30003FF66EAF01A151F823F000BFED0A0108A7
:100A4000D50A0108C30A01081109010811090108A2
:100A5000AD0A01087F0A0108CA88012A7FF458AF4D
:100A600090F87432022B00F28780002B3FF450AFD5
:100A70000146002341F8083F00F0A6F950E7037C47
:100A8000002B7FF445AFD0F88C320DF106001B6BC4
:100A9000984707234370BDF80620002A67D0EB88EB
:100AA000002B5BD1204600F0B1F939E7037C002B25
:100AB0007FF42EAFD0F88C320DF106005B6B9847B7
:100AC000E9E7D1B2052900F28F80DFE801F0271FA6
:100AD00017372F3F037C002B72D1D0F88C320DF1E9
:100AE00006009B6A984702234370D4E7D0F8883207
:100AF0000DF10601007C1B689847CCE7D0F88832DE
:100B00000DF10601007CDB689847C4E7D0F8883215
:100B10000DF10601007C9B689847BCE7D0F888324D
:100B20000DF10601007C5B689847B4E7D0F8883285
:100B30000DF10601007C5B699847ACE7D0F888327C
:100B40000DF10601007C1B699847A4E7D0F88832B4
:100B50000DF10601007C9B6998479CE79A4201468B
:100B6000204628BF1A46ADF8062000F02DF9EB8884
:100B7000002B7FF4D5AE95E7032B7FF4C9AE011DA2
:100B800000F022F9CCE621B3416801298AD0C9B22C
:100B9000FFF77AFD297820466160FFF76BFD022898
:100BA00080D1B5E600293FF47DAF012103234160E8
:100BB00080F87432FFF75EFD02287FF473AFA7E67A
:100BC000D0F88C320DF10600DB6A9847022343709F
:100BD00061E70223416080F87432FFF755FD61E759
:100BE000012384F874329BE6D0F88C320DF10602B2
:100BF0009B6B98474FE700BFE417012438B50B788B
:100C00000D46044603F06002402A0AD05B0608D570
:100C10008021F9F7F1FF00212046F9F7EDFF0020D0
:100C200038BD94F87432013B022B11D82B79012B7B
:100C30000ED8D4F88C32294620469B689847EB881A
:100C4000002BECD10028EAD1204600F0DFF8E6E7DF
:100C500080212046F9F7D0FF00212046F9F7CCFF8C
:100C6000002038BD38B50B78044603F06003202B14
:100C70000CD0402B0AD083B180212046F9F7BCFF6D
:100C800000212046F9F7B8FF002038BDD4F88C3297
:100C900020469B689847002038BD4B788A88012BF6
:100CA0005FFA82FC37D0032B23D0002BE4D190F8DD
:100CB0007432022B4AD0032BDED10CF00F03120644
:100CC00003EB830300EB830351D4D3F84431002BAF
:100CD000D2D00CF07F03142505FB030505F5A075A4
:100CE000002B4FD12B6002222946204600F06CF8E1
:100CF000CAE790F87432022B1DD0032BBCD14B886D
:100D00002BB91CF07F0F02D0CB88002B43D020469C
:100D100000F07CF8B8E790F87432022B0BD0032B6C
:100D2000AAD14B88002BAFD11CF07F0FEFD06146CA
:100D3000F9F770FFEBE71CF07F0F9DD06146F9F7E4
:100D40005BFF80212046F9F757FF9DE71CF07F0FDE
:100D500092D111064FF000034FF002024CBF00F198
:100D6000140100F5A0710B6000F02EF88CE79B6970
:100D7000002B81D00CF07F035D1C05EB850500EB9B
:100D80008505ADE761462046F9F752FF08B101231A
:100D9000A8E72860A7E76146F9F72EFFB7E700BF8D
:100DA0000B7803704B784370CA788B7803EB02237F
:100DB00043804A790B7903EB02238380CA798B79CC
:100DC00003EB0223C380704710B5134602240A4682
:100DD0000021C0F86C42C0E90733F9F74BFF00204F
:100DE00010BD00BF8C46002108B513466246F9F7D6
:100DF00041FF002008BD00BF8C46002108B5134606
:100E00006246F9F745FF002008BD00BF08B5042180
:100E10000023C0F86C121A461946F9F72BFF002080
:100E200008BD00BF08B505210023C0F86C121A46A2
:100E30001946F9F72DFF002008BD00BFD0F8C423E4
:100E40000132C0F8C42302780B2A00D07047D0F8D2
:100E50007C33002BFAD09B69184700BF012380F830
:100E600023337047002380F8233370470346002262
:100E70000121104683F8201383F8212383F82223CD
:100E8000704700BF38B501230025044680F82133A0
:100E900080F8235380F82053F9F71EFF217920466C
:100EA00000F006F86179204600F002F8284638BDC7
:100EB0000A2907D800EB8100D0F88433C3F30E036E
:100EC000C0F88433002070470C4A82B00C4BD2F833
:100ED000DC1041F04001C2F8DC10D2F8DC2002F056
:100EE00040020192019A1A6822F020021A601A68E0
:100EF00042F004021A6002B0704700BF004402587A
:100F00000018024870B5002304464FF480620421A3
:100F10004FF440353448C4F83821C4F8D410C4F82C
:100F20003431C4F84C113149C4F8B000C4F8281168
:100F3000C4E92F32C4E93133C4E93335C4E9373366
:100F4000C4E94F33C4E95135C4E95533A2680323DA
:100F5000C4F8D830C4F85031042A0AD8DFE802F0C7
:100F60001F262D34030055225623C4F8B420C4F89C
:100F70002C310022402304F1B005C4F8B8202846E3
:100F8000C4F83031F2F7C2FD08B1FFBEFEE704F548
:100F900094763046F2F7BAFDE8B1FFBEFEE72522AF
:100FA0002623C4F8B420C4F82C31E2E727222823F2
:100FB000C4F8B420C4F82C31DBE73D223E23C4F84A
:100FC000B420C4F82C31D4E753225423C4F8B420FD
:100FD000C4F82C31CDE704F12803C4E92865C4F82E
:100FE000E830C4F8603170BD40040240580402404B
:100FF0002DE9F04F814683B00E4617461D4600F19D
:101000002804204601F090FD01288246F9D1484687
:10101000FFF778FF8046002835D1EFF31083019366
:1010200072B6DFF888B00C9B99F90820DFF880A031
:10103000DFF88090CBF800300D9B89F80020CAF8CB
:1010400000300DB11846A847BAB23146204601F02B
:10105000E1F830B9019B03B962B6404603B0BDE880
:10106000F08F0023CBF80030CAF80030FF2389F856
:1010700000300C9B8BB101210D9888469847019B4D
:10108000002BEAD1E8E70C9B53B1D0460D985146AE
:101090009847404603B0BDE8F08F4FF00108D9E70C
:1010A000D046404603B0BDE8F08F00BF08220124BF
:1010B000102201240C2201242DE9F04F814683B037
:1010C0000E4617461D4600F12804204601F02CFD6F
:1010D00001288246F9D14846FFF714FF80460028D0
:1010E00035D1EFF31083019372B6DFF888B00C9B13
:1010F00099F90820DFF880A0DFF88090CBF8003065
:101100000D9B89F80020CAF800300DB11846A84799
:10111000BAB23146204601F041FA30B9019B03B919
:1011200062B6404603B0BDE8F08F0023CBF8003034
:10113000CAF80030FF2389F800300C9B8BB10121E5
:101140000D9888469847019B002BEAD1E8E70C9B55
:1011500053B1D0460D9851469847404603B0BDE87C
:10116000F08F4FF00108D9E7D046404603B0BDE804
:10117000F08F00BF08220124102201240C22012438
:101180002DE9F04F814683B00F461646984600F190
:101190002804204601F0C8FC0128FAD182464846BE
:1011A000FFF7B0FE0546002838D1EFF31083019316
:1011B00072B699F90830DFF88890DFF888B089F8BE
:1011C00000300D9BDFF880A0CBF800300E9BCAF8F2
:1011D00000300C9B0BB10E9898471FFA88F33A46E3
:1011E0003146204601F0CEF830B9019B03B962B612
:1011F000284603B0BDE8F08F0023CBF80030CAF8D2
:101200000030FF2389F800300D9B8BB101210E982F
:101210000D469847019B002BEAD1E8E70D9B4BB1A7
:1012200055460E9851469847284603B0BDE8F08FC2
:101230000125DAE75546284603B0BDE8F08F00BF28
:101240000C22012408220124102201242DE9F0435C
:10125000002387B00222044605690493CDE90223E6
:10126000D0E902128E00FAB1022D7AD02178B5FAB7
:1012700085F54FF00108276A0B294FEA551521D152
:10128000A2780B2A02D0B8F1000F38D123790B2BAA
:1012900001D0002D6CD1A37917B10B2B40F09980B0
:1012A000002007B0BDE8F08335F002032178276AFB
:1012B0000CBF4FF001084FF00008023D18BF012598
:1012C0000B29DDD07D4B94F801C053F8262010780F
:1012D0000B2802D0884200F0AD80D378D01C994210
:1012E00002D10B2B40F0BD809379901D8B4202D12F
:1012F0000B2B40F0BC80012007B0BDE8F083711CCF
:101300006E4BE07853F8213019780B2902D08A42CD
:1013100000F0B580D97803F1030C0B2902D08A4282
:1013200000F0BB80997903F1060C0B29E3D08A42C7
:10133000E1D1DB798342DED1634604F102099B7877
:1013400048460593F9F7D6FC80464846F9F7DAFC9B
:1013500001A901904046F9F785FD23790B2B98D11F
:1013600099E70178076A0B2940F0868001258DE70F
:10137000B11C524A607952F8212011780B2902D011
:101380008B4200F08180D178D51C0B2902D08B4292
:1013900000F08D809179951D8B42ACD10B29AAD09C
:1013A000D3798342A7D12A46251D937828460593F1
:1013B000F9F7A0FC034628461D46F9F7A3FC01A94E
:1013C00001902846F9F74EFDA379002F7FF465AF11
:1013D00066E7F11C394AE07952F8212011780B298F
:1013E00001D08B425FD0D178D51C0B2901D08B4224
:1013F0004FD09179951D8B427FF47DAF0B293FF43F
:101400007AAFD37983427FF476AF2A46A51D9378CD
:1014100028460593F9F76EFC04462846F9F772FC56
:10142000034601A920460193F9F71CFD002007B0EF
:10143000BDE8F083537863457FF44FAF937820463F
:101440000593F9F757FC81462046F9F75BFC01A9A3
:1014500001904846F9F706FDA2780B2A7FF413AFF6
:1014600014E7137963457FF43FAF0246E6E7D3798B
:1014700063457FF440AFF8E79846012522E75978A5
:1014800081427FF447AF58E7517881427FF47BAFC8
:101490008AE711798142ACD1B7E7197981427FF4AB
:1014A00041AF634649E7517881429CD1AEE711795B
:1014B00081427FF46FAF2A4676E700BFF43D010812
:1014C000654A0368934200F0B980A2F578429342DE
:1014D00000F0B68002F58062934200F0B38002F51E
:1014E0007842934200F0B08002F5E052934200F05F
:1014F000AD805A4A934240F0AB8005234FF4D0713F
:10150000574A01FB03F310B5D418D05C86B0F9F745
:1015100001FCA078F9F7FEFB2079F9F7FBFBA07935
:10152000F9F7F8FBA368052B11D8DFE803F0192FB2
:10153000455B71034B4BD3F8F42042F02002C3F813
:10154000F420D3F8F43003F020030593059B2046E4
:10155000FFF77CFE012801D006B010BDFFBEFEE7FC
:10156000404B00222320D3F8F01041F48051C3F8FF
:10157000F0101146D3F8F03003F480530093009B31
:10158000F2F712F92320F2F74DF9E0E7354B00228C
:101590002420D3F8E81041F48041C3F8E810114644
:1015A000D3F8E83003F480430193019BF2F7FCF891
:1015B0002420F2F737F9CAE72A4B00223320D3F868
:1015C000E81041F40041C3F8E8101146D3F8E830C0
:1015D00003F400430293029BF2F7E6F83320F2F79C
:1015E00021F9B4E71F4B00225420D3F8F01041F446
:1015F0000051C3F8F0101146D3F8F03003F4005353
:101600000393039BF2F7D0F85420F2F70BF99EE70F
:10161000144B00225520D3F8F01041F48011C3F888
:10162000F0101146D3F8F03003F480130493049BB8
:10163000F2F7BAF85520F2F7F5F888E700235DE7EE
:1016400001235BE7022359E7032357E7042355E708
:1016500000231B78FFDE00BF00300140001400585B
:10166000E8170124004402582DE9F043002289B014
:101670001B4B01210DF1040C9E461A4B0791E146CC
:10168000E04667460EF11C060EF138050EF15404D3
:10169000CDE90122CDE90322CDE90522FF221A700E
:1016A000BCE80F00AEE80F009CE807008EE80700DA
:1016B000B9E80F000FC69CE8070086E80700B8E805
:1016C0000F000FC59CE8070085E807000FCF0FC487
:1016D0009CE8070084E8070009B0BDE8F08300BF7C
:1016E0000C0300240C220124014801F0F1B800BFD2
:1016F00010180124014801F0EBB800BFB019012413
:10170000014801F0E5B800BF501B0124014801F079
:10171000DFB800BFF01C0124014801F0D9B800BFB8
:10172000901E012410B5EFF3108472B6084B1A789E
:10173000120602D504B962B610BD1B784FF4D07200
:1017400004485BB202FB0300B030F2F757FDF1E74B
:101750000C220124E817012410B5EFF3108472B6AF
:10176000094B1A78120602D504B962B610BD1B786F
:101770004FF4D07205485BB202FB030000F5947091
:10178000F2F73CFDF0E700BF0C220124E81701242A
:101790002DE9F04184B0EFF3108772B6284AFF219B
:1017A000284C1368217023B100211160264A10686B
:1017B000984723781B061CD5DFF894800025234E1C
:1017C0004446216879B162686AB1A369012B22D0CD
:1017D000A3B963693046019323690093E3682289C2
:1017E000FFF76AFC18B301351C3406F5D076042DDA
:1017F000E7D107B962B604B0BDE8F081D4E904309E
:10180000CDE90130E068238900903046FFF7B8FC4D
:101810000028E8D10BE0D4E904301146CDE90030CE
:101820003046E3682289FFF7E3FB0028DBD1C5EBF4
:10183000C50508EB850348F825005860D9E700BFC7
:10184000082201240C22012410220124E81701247B
:101850000C0300242DE9F04184B0EFF3108772B639
:10186000284AFF21284C1368217023B10021116000
:10187000264A1068984723781B061CD5DFF8948009
:101880000025234E4446216879B162686AB1A36994
:10189000012B22D0A3B963693046019323690093D9
:1018A000E3682289FFF708FC18B301351C3406F5FC
:1018B000D076042DE7D107B962B604B0BDE8F08157
:1018C000D4E90430CDE90130E06823890090304646
:1018D000FFF756FC0028E8D10BE0D4E904301146AC
:1018E000CDE900303046E3682289FFF781FB00280C
:1018F000DBD1C5EBC50508EB850348F8250058602A
:10190000D9E700BF082201240C220124102201245F
:10191000E81701240C0300242DE9F04184B0EFF313
:10192000108772B6284AFF21284C1368217023B112
:1019300000211160264A1068984723781B061CD5A1
:10194000DFF894800025234E4446216879B162680F
:101950006AB1A369012B22D0A3B963693046019310
:1019600023690093E3682289FFF7A6FB18B30135CA
:101970001C3406F5D076042DE7D107B962B604B061
:10198000BDE8F081D4E90430CDE90130E068238975
:1019900000903046FFF7F4FB0028E8D10BE0D4E9D3
:1019A00004301146CDE900303046E3682289FFF764
:1019B0001FFB0028DBD1C5EBC50508EB850348F804
:1019C00025005860D9E700BF082201240C22012419
:1019D00010220124E81701240C0300242DE9F04112
:1019E00084B0EFF3108772B600F066FB284A294CEA
:1019F000FF21136821702BB1002111600121264ABB
:101A00001068984723781B061CD5DFF894800025C2
:101A1000224E4446216879B162686AB1A369012BFC
:101A200022D0A3B963693046019323690093E36828
:101A30002289FFF741FB18B301351C3406F5D07637
:101A4000042DE7D107B962B604B0BDE8F081D4E94E
:101A50000430CDE90130E068238900903046FFF77B
:101A60008FFB0028E8D10BE0D4E904301146CDE922
:101A700000303046E3682289FFF7BAFA0028DBD14C
:101A8000C5EBC50508EB850348F825005860D9E784
:101A9000082201240C22012410220124E817012429
:101AA0000C03002430B4544B002108220220534C74
:101AB000D9615862C3F8BC11C3F8C401C3F85C1300
:101AC000C3F86403C3F8F424C3F8F814C3F8FC148F
:101AD000C3F80405C3F89426C3F89816C3F89C16F7
:101AE000C3F8A406C3F83428C3F83818C3F83C1860
:101AF000C3F84408424D4348C3E90521C3E96D21B9
:101B0000C3E9D5212288A3783F49EA80CA800B72B5
:101B10003E492B72CA800B722168A0F803204371E2
:101B2000C28003723A4C3B48E2802372A0F8032043
:101B3000394C4371C28003723848E2802372A0F8A6
:101B40000320374C4371C2800372080C2180A070BF
:101B5000A4F803206371E2802372324C324D21805D
:101B6000A070A4F803206371E28023722F4CEA80F6
:101B700021802B72A070A4F803206371E28023728D
:101B80002B4C2180A070A4F803206371E2802372A3
:101B9000284C2180A070A4F803206371E280237296
:101BA000254C2180A070A4F803206371E280237289
:101BB000224C2180A070A4F803206371E28023727C
:101BC0001F4C21801F49A070A4F803201E48637198
:101BD000E2802372A1F803201C4C4B71CA800B7267
:101BE0001B49E2802372C2800372A1F803204B716B
:101BF000CA800B7230BC7047E8170124F03D010821
:101C000094020024B8020024880200244C0200241C
:101C1000A0020024DC020024C40200246402002488
:101C2000D8210124C0210124D0020024CC21012488
:101C3000A8210124FC210124E4210124F021012414
:101C4000B421012400030024F4020024E80200244B
:101C500070020024714A036811698B4200B587B095
:101C60004BD0916E8B4200F0B680D2F8C0108B4200
:101C700000F0B380D2F818118B4200F0B080B3F1BD
:101C8000804F1ED0664A93420DD0664A934200F0C0
:101C9000A880654A934200F0B280644A93421ED005
:101CA00007B05DF804FB624BD3F8E82042F0020273
:101CB000C3F8E820D3F8E83003F002030293029B54
:101CC000EEE75B4BD3F8E82042F00102C3F8E820CE
:101CD000D3F8E83003F001030193019BE0E7544B94
:101CE000D3F8E82042F01002C3F8E820D3F8E83037
:101CF00003F010030593059BD2E700205821B3F1B0
:101D0000804F01FB0022127B1ED045498B4235D00B
:101D100044498B4248D044498B42BED1444BD3F80E
:101D2000E81041F00801C3F8E810D3F8E83003F0F8
:101D300008030493049B002AB2D0322000220F2112
:101D4000F1F732FD322014E0394BD3F8E81041F0BE
:101D50000101C3F8E810D3F8E83003F00103019360
:101D6000019B002A9CD01C2000220F21F1F71CFDB2
:101D70001C2007B05DF804EBF1F754BD2C4BD3F8F1
:101D8000E81041F00201C3F8E810D3F8E83003F09E
:101D900002030293029B002A82D01D2000220F2101
:101DA000F1F702FD1D20E4E7214BD3F8E81041F0E4
:101DB0000401C3F8E810D3F8E83003F004030393F8
:101DC000039B002A3FF46CAF1E2000220F21F1F785
:101DD000EBFC1E20CDE7012090E702208EE70320D8
:101DE0008CE7134BD3F8E82042F00402C3F8E82054
:101DF000D3F8E83003F004030393039B50E70C4B44
:101E0000D3F8E82042F00802C3F8E820D3F8E8301D
:101E100003F008030493049B42E700BF142201244B
:101E20000004004000080040000C0040001000408A
:101E3000004402580F4B026819698A420BD0996E10
:101E40008A4211D0D3F8C0108A420FD0D3F81811AB
:101E50008A420DD070470021582202FB01331A6DCF
:101E6000002AF7D0586D10470121F5E70221F3E76A
:101E70000321F1E714220124014800F0EFBF00BF65
:101E800024220124014800F0E9BF00BF7C22012484
:101E9000014800F0E3BF00BFD4220124014800F054
:101EA000DDBF00BF2C230124F0B54FF0580C0F68A4
:101EB0002E4D8DB00CFB07FC032F05EB0C060660C6
:101EC00047DC0B460868344649689A6807C41B7BA0
:101ED000237004AC7268264B002A4FF00002726136
:101EE00018BF1022B2610FCB84E80F000CAB03EBDC
:101EF000870353F8203CB3F1804F336124D01D4A4F
:101F0000934221D030890CF1100458230021802203
:101F100003FB07532C44C3E907019A62204600F0F3
:101F200007FE034600B1FEE74FF4805208A92046A1
:101F3000099301930892CDE90A33CDE9023300F009
:101F4000C7FE034640B1FEE7582303FB07539868DA
:101F5000D9E701200DB0F0BD01A9204601930393FC
:101F600001F034F80028F5D0FEE700BF1422012468
:101F7000683B0108000C0040006808B5037B103086
:101F80002BB100F08FFE003818BF012008BD00F013
:101F90006FFE003818BF012008BD00BF0C4B0022A7
:101FA0004FF0FF311A739960196683F86420C3F803
:101FB000B81083F8BC20C3F8101183F81421C3E9CA
:101FC0000022C3E91622C3E92C22C3E9422270474A
:101FD00014220124034688B190F83D20022A03D040
:101FE000802201209A66704702680421002083F84D
:101FF0003D10D36823F00103D36070470120704780
:1020000003682C495A6910B49C6944F008049C6127
:102010009C6944F010049C611C6824F001041C605D
:102020001C6921401961996821F44041996090F838
:102030008110042901D0910630D490F88110032931
:1020400001D054061FD4910509D5D0F8841041F071
:102050000101C0F88410996941F400719961D205B9
:1020600009D5D0F8842042F00802C0F884209A698B
:1020700042F480729A6100235DF8044BA0F862304C
:10208000A0F86A307047D0F8841041F00401C0F81D
:102090008410996941F040019961D4E7D0F8841027
:1020A00041F08001C0F88410996941F020019961E4
:1020B000C3E700BF90FCFFFF002800F0A480026887
:1020C0000021F8B5514B044681629A4216D0A3F51F
:1020D00078439A4212D003F58063C0689A4200F0B8
:1020E0008A800F2808D8E16B00F108034D09DB084E
:1020F00005FB0333082B15D90120F8BDE068E16B1F
:1021000000F10803414E4D09DB0805FB0333404D48
:10211000AA4218BFB24203D005F58065AA4201D198
:10212000102BE9D894F8813003F0FF05002B58D02C
:10213000002702236568A66B84F88130136823F0BA
:1021400001031360A369B3F1806F3ED03943676B1D
:102150003B43676A3B4327693B4367693B43276AC5
:102160003B43E76C3B43A7683B43A76C3B43A76DEE
:102170003B432B433343E669314308439060D360CC
:10218000B5B9936823F4C05343F400639360936834
:1021900023F4C06343F480639360136D23F0010361
:1021A000136500200123C4F8840084F88130F8BD51
:1021B000136D23F0010313656B02F2D5D368616DD3
:1021C00023F000430B43D360EBE7B5F5800FBDD19F
:1021D000002EBBD1D2F800C04CF4805CC2F800C025
:1021E000B4E7204684F88050FFF76AF92268A76AAE
:1021F000E16BE0689DE7E16B00F108034D09DB0846
:1022000005FB03338CE70120704700BF003001401D
:1022100000380040F8B590F88030012B00F08C8039
:1022200090F88130154601220446DEB2934280F8D0
:1022300080206AD1002963D0B5FA85F35B09002DAF
:102240005ED003224366A0F8683080F88120C0F891
:102250008430A0F86250A0F86A30C165A0F86050E0
:10226000C0E91C338368B3F5C02F04D1026813683A
:1022700043F400631360E368A06F0F2B4BD98369AD
:10228000B3F5804F3CD122683A4B3B4F2032036478
:1022900052F8183CC763394F23F40043C764002742
:1022A000076542F8183CB4F862309BB2F1F7ECFDD8
:1022B000002844D1A36F324ADB69B3F5807F2368DD
:1022C000596802EA010218BF2A435A609A68616895
:1022D00042F40042B1F5800F9A601A6942F44872E4
:1022E0001A611A6842F001021A6003D11A6842F4B6
:1022F00000721A6000231E4684F880303046F8BD14
:10230000002384F880303046F8BD0023022680F890
:1023100080303046F8BD072B83691AD8B3F5005FCB
:1023200020D0B3F5804FAED1B4F862309BB2033306
:102330009B08A4F86230A6E702263046F8BDD4F820
:102340008430012243F01003C4F8843084F88120E3
:10235000D9E7B3F5804F05D0B3F5005FD0D1B3F521
:10236000804F90D1B4F862309BB201335B08A4F87F
:10237000623088E7CD27010851270108F9270108B5
:102380000000FFFF70B51D4690F88030012B00F073
:10239000B9800123044680F8803090F8813040688D
:1023A000DBB2B0F5800F7DD0012B40F08580002D91
:1023B00018BF002A71D000296FD094F88130042B07
:1023C00002D0052384F881300023E1652168C4F838
:1023D0008430A4F86250A4F86A50A4F86050626691
:1023E000A4F86850C4E91C338B6823F440438B6025
:1023F000E3680F2B65D9E06F8369B3F5804F4CD14B
:1024000094F88130042B00F08A805E4B03645E4BAD
:10241000C3635E4E3031B4F86A30C66400269BB2A6
:102420000665F1F731FD00286ED12268A16F93682F
:10243000203243F4804342F8183CB4F86230C1E9DA
:102440000F00C1E913009BB20846E16DF1F71CFDD6
:10245000002859D1A36FDB69B3F5807F236863D06F
:1024600059684B4A0A402A435A609A68616842F4A4
:102470000042B1F5800F9A601A6942F458721A61ED
:102480001A6842F001021A6003D11A6842F400721D
:102490001A60002384F8803070BD0023012084F886
:1024A000803070BDA06800287FF47EAF042B3FF41D
:1024B0007EAF012B3FF47BAF0023022084F88030F5
:1024C00070BD072B35D8A36F9B69B3F5005F50D063
:1024D000B3F5804F06D1B4F862309BB203339B084A
:1024E000A4F86230E06F8369B3F5005F39D0B3F5CB
:1024F000804F85D1B4F86A309BB203339B08A4F8AF
:102500006A307DE7022070BDD4F88430012243F0A8
:1025100010031046C4F8843084F8812070BD1D4B30
:1025200003641D4BC36374E75968194A0A405A6033
:102530009BE7E06F8369B3F5005F02D0B3F5804F8E
:10254000ABD1A66FB669B6F5804F06D1B4F862601C
:10255000B6B201367608A4F86260B3F5804F7FF416
:102560004FAFB4F86A309BB201335B08A4F86A300D
:1025700046E7B4F862309BB201335B08A4F86230DE
:10258000B0E700BFED270108A1270108F9270108DE
:102590000000FFFFDD270108792701082DE9F04140
:1025A0001546826804460E4622B94368B3F5800F8B
:1025B00000F0958094F88030012B00F09980012381
:1025C00084F8803094F88130012BDFB269D1002E7D
:1025D00061D0B5FA85F35B09002D5CD00421B2F51A
:1025E000C02F666684F88110A4F86850C4F884305F
:1025F000A4F86030A4F86A50A4F86230C4E91C332F
:1026000004D12268136823F400631360E3680F2B7E
:102610004ED9E06F8369B3F5804F3CD121688B6858
:1026200023F480438B603246454EB4F86A30303133
:102630000664444E9BB2C663434EC66400260665DC
:10264000F1F722FC002857D1E36F404ADB69B3F56C
:10265000807F2368596802EA010218BF2A435A6042
:102660009A68616842F48042B1F5800F9A601A69F5
:1026700042F450721A611A6842F001021A6003D1E2
:102680001A6842F400721A6000231F4684F88030F2
:102690003846BDE8F081002384F880303846BDE834
:1026A000F0810023022784F880303846BDE8F081AD
:1026B000072B2BD82168E06F8B6823F480438B6055
:1026C0008369B3F5005F32D0B3F5804FABD1B4F876
:1026D0006A309BB203339B08A4F86A30A3E72B4609
:1026E00004250A4680F88150BDE8F041FFF74ABE54
:1026F00002273846BDE8F081D4F88430012243F047
:102700001003C4F8843084F88120C7E7E06F826941
:10271000B2F5804F02D0B2F5005FBCD12168B2F5AE
:10272000804F8B6823F480438B607FF47CAFB4F8D8
:102730006A309BB201335B08A4F86A3073E700BFCC
:10274000DD27010879270108F92701080000FFFFAC
:10275000806B08B590F88130072B09D0836FDB6957
:10276000B3F5807F05D00268136943F00803136155
:1027700008BDFFF70DF808BD806B08B590F88130F3
:10278000072B09D0C36FDB69B3F5807F05D00268E2
:10279000136943F00803136108BDFFF75BF808BD38
:1027A000806B08B590F88130072B09D0836FDB6907
:1027B000B3F5807F05D00268136943F00803136105
:1027C00008BDFFF7A9F808BD704700BF806B08B5CA
:1027D000FFF7FAFF08BD00BF704700BF806B08B568
:1027E000FFF7FAFF08BD00BF704700BF806B08B558
:1027F000FFF7FAFF08BD00BF10B5846BF2F74EF883
:10280000022800D110BD236830495A69986940F008
:1028100008009861986940F010009861186820F0ED
:1028200001001860186901401961996821F440415C
:10283000996094F88110042901D091063AD494F853
:102840008110032901D0500629D4910509D5D4F867
:10285000841041F00101C4F88410996941F40071B9
:102860009961D20509D5D4F8842042F00802C4F851
:1028700084209A6942F480729A61002301222046E2
:10288000A4F86230A4F86A30D4F8843043F010031E
:10289000C4F8843084F88120FFF7A0F810BDD4F884
:1028A000841041F00401C4F88410996941F040019A
:1028B0009961CAE7D4F8841041F08001C4F884100B
:1028C000996941F020019961B9E700BF90FCFFFFD1
:1028D000036819695A692DE9F04101EA02059F6808
:1028E000044690F8816005F0640CBCF1040F2FD011
:1028F00005F04500012834D005F02600022800F03C
:10290000DF80280770D59A6917F4404FF6B242F07D
:1029100008029A619A6942F010029A619A6942F437
:1029200000629A611A6922F008021A6123D0042E0B
:1029300000F0DE80A26FD269EAB1032E50D0E26FC0
:10294000D269C2B1052E14D12046FEF7E5FF10E092
:10295000436F9847236F2046984705F04503012BA6
:1029600002D1236F2046984705F02605022D00F07E
:10297000A780BDE8F0819A6812F4404F1FD1B4F8E7
:102980006A2092B2DAB1626E0EE01B6B42F8043B31
:102990006266B4F86A30013B9BB2A4F86A30B4F8BE
:1029A0006A309BB25BB12368E1680F29EDD8072933
:1029B00040F292801B8E22F8023B6266E9E72046D5
:1029C000FFF71EFB012384F88130D4F88430002BFC
:1029D0007FD1052EB8D0042E00F08F80032EC8D1F1
:1029E0002046FEF7D5FEC4E7100501D50A077AD4C4
:1029F00015F4587FBDD06E0609D5D4F8842042F076
:102A00000402C4F884209A6942F040029A61A80541
:102A100009D5D4F8842042F00102C4F884209A69D0
:102A200042F400729A61E90509D5D4F8842042F095
:102A30000802C4F884209A6942F480729A61AA0656
:102A400009D5D4F8842042F08002C4F884209A6921
:102A500042F020029A61D4F88420002A89D01968B3
:102A600007F44047274A21F00101B7F5404F1960AC
:102A7000196902EA01021A6127D19A68E06F22F40B
:102A800040429A6050B1204B0365F1F71DFB28B11D
:102A9000D4F8843043F04003C4F88430A06F002899
:102AA0003FF467AF184B0365F1F70EFB00283FF4C6
:102AB00060AFD4F8843043F04003C4F8843058E762
:102AC000636F2046BDE8F04118470123204684F893
:102AD0008130FEF783FF4CE793F830301370626E5D
:102AE0000132626655E79A6942F400629A6140E7F2
:102AF000E26FD269002A3FF43EAF2046FEF7AAFEFD
:102B000037E700BF94FCFFFF0D2B010808B5806B71
:102B100000230122A0F86A30A0F8623080F88120FA
:102B2000FEF75CFF08BD00BF90F88100704700BF52
:102B3000002800F08F8038B590F83D30044603F04F
:102B4000FF02002B60D0226802234349B2F1804F7C
:102B500084F83D30A2EB01011368B1FA81F14FEA2C
:102B6000511127D031BB3D483D4D824251D000F537
:102B7000806082424DD0551B00F58060B5FA85F526
:102B800082424FEA55154DD0002D4BD1354836497C
:102B90008A4218BF82424FD001F580618A424BD0F1
:102BA000A06923F08003E168034313606368D16286
:102BB000936223E02A4D23F07003A068551B034362
:102BC000B5FA85F56D09206923F440730343A069C4
:102BD00023F0800303431360E368D3626368936266
:102BE00051B94DB91F49204B9A4218BF8A4203D0B0
:102BF00003F580639A4201D16369136301230020C6
:102C0000536184F83D3038BD80F83C20FFF722F84E
:102C100099E7551B23F07003A068B5FA85F50343C7
:102C20006D09D0E7A06823F0700303430F48824288
:102C3000C9D0002DC7D1A9E7206923F44073A16949
:102C40000343E06823F080030B4361681360D062A4
:102C50009162C7E701207047000001400004004076
:102C6000000401400040014000440140000C0040CD
:102C70004FF0020C01680A4A034680F83DC088689C
:102C80000240062A06D0B2F5803F03D00A6842F01F
:102C900001020A600122002083F83D20704700BF36
:102CA000070001000368094AD96841F00101D960B1
:102CB00099680A40062A06D0B2F5803F03D01A6808
:102CC00042F001021A600020704700BF07000100B7
:102CD00090F83C30012B7DD002460223006830B4CE
:102CE000012482F83D3082F83C40544C83681C40FB
:102CF0000B68602B84606FD01DD9B3F5005F59D08D
:102D000042D94F498B4206D038D94E498B4202D026
:102D100010318B4206D184684B4921400B4343F06C
:102D20000703836000230121184682F83D1082F8D2
:102D30003C3030BC7047402B67D019D9502BF1D1B3
:102D4000036A4C68CD6823F00A03016A1C433E4BBA
:102D500021F001010162816921F0F00141EA0511D0
:102D60008161046281680B4043F057038360D9E7B7
:102D7000202BD0D01AD9302BD4D1CCE723F010019E
:102D8000B1F5801FCED1C6E7702BCBD18468D1E9D5
:102D900001532B43CD6824F47F4143EA05230B43C1
:102DA0008360836843F077038360BBE733F01001EF
:102DB000B8D1B0E7D1E9015384682B43CD6824F43E
:102DC0007F4143EA05230B438360836843F48043D8
:102DD0008360A7E702207047046A4D6824F010045E
:102DE000C9680462836923F4704343EA0133016ACA
:102DF00021F0A0018361144B41EA05110162816851
:102E00000B4043F0670383608CE7036A4C68CD682E
:102E100023F00A03016A1C430B4B21F001010162FC
:102E2000816921F0F00141EA051181610462816844
:102E30000B4043F04703836074E700BF8800CEFF78
:102E400020001000300010008FFFCFFF704700BF40
:102E5000704700BF704700BF704700BF03681A6922
:102E6000910710B5044602D5DA68920768D41A694A
:102E7000520702D5DA6850074FD41A69110702D5F4
:102E8000DA68120737D41A69D00602D5DA68D10693
:102E90001ED41A69D20702D5DA68D00769D41A6934
:102EA000110602D5DA6812066BD41A69D00502D56C
:102EB000DA6811066DD41A69520602D5DA6850062E
:102EC0006FD41A69910602D5DA68920649D410BD0A
:102ED0006FF010010822204619612277DB6913F494
:102EE000407F6FD1FFF7B2FF2046FFF7B3FF00220C
:102EF00023682277CDE76FF008010422204619618C
:102F00002277DB699B075AD1FFF7A0FF2046FFF726
:102F1000A1FF002223682277B5E76FF004010222A7
:102F20002046196122779B6913F4407F44D1FFF753
:102F30008DFF2046FFF78EFF0022236822779CE753
:102F40006FF002010122196102779B69990730D164
:102F5000FFF77CFF2046FFF77DFF002223682277E2
:102F600085E76FF0200220461A61BDE8104000F0AE
:102F70005FB86FF0010220461A61FEF75BFF23681D
:102F80008DE76FF0800220461A6100F053F8236845
:102F90008BE76FF4807220461A6100F04DF82368C9
:102FA00089E76FF0400220461A61FFF755FF23685A
:102FB00087E7FFF74DFFD0E7FFF74AFFBCE7FFF7D2
:102FC00047FFA6E7FFF744FF91E700BF90F83C20DA
:102FD000012A28D003460068022230B4134D83F83A
:102FE0003D20A8424268846818D005F58065A84253
:102FF00014D024F0800C22F070020C6889682243FF
:1030000000244CEA01014FF0010C4260816020462F
:1030100083F83DC083F83C4030BC704722F4700216
:103020004D682A43E5E70220704700BF00000140D9
:10303000704700BF704700BF704700BF0B46014696
:10304000184600F0C3B8000010B582B08DED010A3B
:10305000044600F0C9F89DED010A046002B010BDFD
:103060009FED070AFFEE007AB7EE007A00284FF0D6
:10307000220047FE277A87EE800AFFF7E5BF00BFF0
:103080000000000070EE407AB4EE400A87EEA77AA6
:10309000F1EE10FAB0EE470A02D62120FFF7D4BFB6
:1030A000704700BF10EE103AB3F17E5F3ED0A3F53B
:1030B0000001B1F1FE4F10EE102A3AD2BFEE002B04
:1030C00002F14043284903F54D03C3F3C34001EB2C
:1030D000001091ED424B91ED447B91ED406B91EDF1
:1030E000465BD90DC9052DED028B90ED021B90EDCD
:1030F000008B521ADB1500EE103A03EE902AB8EE60
:10310000C00BB7EEE33A30EE010BA8EE032BBDEC9B
:10311000028B22EE023BA4EE027BA5EE020BA6EE92
:10312000037BA3EE070BB7EEC00B70479FED0F0AB2
:103130007047590014D0B3F1FF4F14D0002B0BDBB4
:10314000B1F17F4F08D2DFED0A7A60EE277A17EEF1
:10315000903AA3F13862B1E700EE103AFFF792BF60
:103160000120FFF77DBF7047583E010800000000B6
:103170000000004B08B52DED028BB0EE408A00F048
:1031800021F80E4B93F9003001330BD0B4EE488A8E
:10319000F1EE10FA06D6DFED0A8AB4EEE88AF1EE17
:1031A00010FA02D4BDEC028B08BD00F01DF888EEC9
:1031B000A80ABDEC028B2123036008BD7C03002418
:1031C00000000000B1EEC00A704700BF10B5054C0A
:1031D00013462CB10A4601460220AFF3008010BD11
:1031E0002046FCE700000000014B1868704700BF54
:1031F0008003002470B50D4D0D4C641BA4100026F7
:10320000A64209D10B4D0C4C00F000FF641BA4102A
:103210000026A64205D170BD55F8043B98470136FB
:10322000EEE755F8043B98470136F2E72C400108D9
:103230002C4001082C400108504001080A449142EA
:1032400000F1FF3300D1704710B511F8014B03F8BE
:10325000014F9142F9D110BD02440346934200D17F
:10326000704703F8011BF9E737B5002944D051F83E
:10327000043C0190002BA1F10404B8BFE41800F055
:10328000DFF81E4A0198136833B96360146003B015
:10329000BDE8304000F0DAB8A34208D925686119CA
:1032A0008B4201BF19685B6849192160EDE71A4636
:1032B0005B680BB1A342FAD911685518A5420BD12E
:1032C000246821445418A3421160E0D11C685B6853
:1032D000536021441160DAE702D90C230360D6E77A
:1032E000256861198B4204BF19685B68636004BF7D
:1032F000491921605460CAE703B030BD742301242A
:10330000F8B5CD1C25F0030508350C2D38BF0C256C
:10331000002D064601DBA94203D90C2333600020AF
:10332000F8BD00F08DF821490A6814469CB9204F79
:103330003B6823B92146304600F03CF83860294606
:10334000304600F037F8431C23D10C23336030465D
:1033500000F07CF8E3E723685B1B17D40B2B03D941
:1033600023601C44256004E06368A2420CBF0B602C
:103370005360304600F06AF804F10B00231D20F082
:103380000700C21ACCD01B1AA350C9E722466468B2
:10339000CCE7C41C24F00304A042E3D0211A304639
:1033A00000F008F80130DDD1CFE700BF742301241D
:1033B0007823012438B5064D0023044608462B60C7
:1033C00000F082FB431C02D12B6803B1236038BD9F
:1033D000802301240CB430B5174B0C1E1D689DB022
:1033E00008DA8B232B604FF0FF301DB0BDE8304072
:1033F00002B070474FF40273ADF8143014BF04F1FB
:10340000FF332346049307934FF6FF730290069011
:10341000ADF81630209A21AB02A92846019300F09E
:1034200077F8431CBCBF8B232B60002CDDD0029BA4
:1034300000221A70D9E700BF80030024704770474C
:103440000148FFF7FBBF00BF7C2301240148FFF7C1
:10345000F6BF00BF7C2301242DE9F0478E689E4211
:1034600082460C4690461F4638D88A8912F4906FDF
:1034700032D025680969A5EB0109656905EB4505A9
:1034800005EBD57501334B446D109D4238BF1D4689
:10349000530531D52946FFF733FF064650B90C23B3
:1034A000CAF80030A38943F04003A3814FF0FF30F6
:1034B000BDE8F08721694A46FFF7C0FEA38923F4DF
:1034C000906343F08003A381266165614E44A5EBC0
:1034D00009052660A5603E46BE4200D93E462068EA
:1034E0003246414600F0A8FAA3689B1BA3602368FC
:1034F000334423600020DBE72A4600F0B7FA064693
:103500000028E1D121695046FFF7AEFEC7E7000071
:103510002DE9F04F98468B891B069DB007460D4656
:1035200014460ED50B6963B94021FFF7E9FE286008
:10353000286120B90C233B604FF0FF30D1E04023DD
:103540006B610023099320238DF82930CDF80C807E
:103550003023DFF8A8818DF82A304FF00109234687
:103560009A4613F8012B0AB1252AF9D1BAEB040BBC
:103570000BD05B46224629463846FFF76DFF0130E7
:1035800000F0AA80099A5A4409929AF80030002B58
:1035900000F0A28000234FF0FF32CDE905230AF1AD
:1035A000010A049307938DF853301A935446052269
:1035B00014F8011B5148ECF79BFE049AD8B9D006C9
:1035C00044BF20238DF85330110744BF2B238DF8BF
:1035D00053309AF800302A2B15D0079A5446002011
:1035E0004FF00A0C214611F8013B303B092B4ED914
:1035F000B0B1079214E0A0EB080309FA03F31343F8
:103600000493A246D2E7039B191D1B680391002B6C
:10361000BBBF5B4242F0020207930793B8BF04921C
:1036200023782E2B0CD163782A2B35D1039B1A1DBE
:103630001B680392002BB8BF4FF0FF330234059391
:10364000DFF8C8A0217803225046ECF751FE40B1C4
:103650004023A0EB0A0003FA00F0049B034301346B
:10366000049314F8011B26488DF828100622ECF765
:103670003FFE002838D0234B1BBB039B073323F0AE
:10368000070308330393099B3344099367E70CFB53
:1036900002320C460120A5E70023013405931946A8
:1036A0004FF00A0C204610F8012B303A092A03D9B2
:1036B000002BC5D00591C3E70CFB01210446012373
:1036C000F0E703AB00932A460F4B04A93846AFF34B
:1036D0000080421C0646D6D1AB895B063FF52CAF75
:1036E00009981DB0BDE8F08F03AB00932A46064B46
:1036F00004A9384600F07AF8EBE700BFD83F01088C
:10370000E23F01080000000059340108DE3F0108D3
:103710002DE9F047164699468A680B69DDF8208046
:103720009342B8BF1346336091F8432007460C46D6
:103730000AB1013333602368990642BF336802330C
:103740003360256815F0060506D104F1190AE3680F
:1037500032689B1AAB4226DC94F84320131E226881
:1037600018BF012392062BD404F143024946384680
:10377000C04701301ED02368E568326803F00603B5
:10378000042B08BFAD1AA36822690CBF25EAE575B2
:1037900000259342C4BF9B1AED1800261A34B54287
:1037A0001AD1002008E00123524649463846C04756
:1037B000013003D14FF0FF30BDE8F0870135C6E797
:1037C000E1185A1C302081F84300224494F8451037
:1037D00082F843100233C7E70123224649463846A0
:1037E000C0470130E6D00136D9E700002DE9FF4798
:1037F0000F7E0C9D782F914680460C469A4601F12B
:10380000430207D8622F0AD8002F00F0D880582F23
:1038100000F0A38004F1420584F842703AE0A7F179
:103820006303152BF6D801A151F823F08538010860
:1038300099380108153801081538010815380108AC
:10384000153801089938010815380108153801089C
:103850001538010815380108A5390108C9380108CB
:10386000873901081538010815380108C7390108DA
:1038700015380108C938010815380108153801083C
:103880008F3901082B681A1D1B682A6004F1420554
:1038900084F842300123A3E020682968060601F17C
:1038A00004030AD50E682B60002E03DA2D2376421E
:1038B00084F843305E480A2319E00E682B6010F04C
:1038C000400F18BF36B2EFE72B682068191D29603A
:1038D000010601D51E6802E04606FBD51E88544845
:1038E0006F2F0CBF08230A23002184F8431065685A
:1038F000A560002DA2BF216821F0040121600EB94E
:10390000002D4DD01546B6FBF3F103FB1167C75DE3
:1039100005F8017D3746BB420E46F4D9082B0BD182
:103920002368DE0708D5236961689942DEBF30232A
:1039300005F8013C05F1FF35521B2261CDF800A0CE
:103940004B4603AA21464046FFF7E2FE01304CD128
:103950004FF0FF3004B0BDE8F087354881F845707E
:103960002968236851F8046B29601D0614D5DF0708
:1039700044BF43F0200323601EB9236823F02003D3
:1039800023601023B0E7236843F0200323607823EB
:10399000284884F84530E3E7590648BFB6B2E6E761
:1039A0001546BBE72B6826686169181D2860350637
:1039B0001B6801D5196002E07006FBD51980002351
:1039C00023611546BAE72B681A1D2A601D686268D4
:1039D00000212846ECF78CFC08B1401B606063684E
:1039E0002361002384F84330A8E723692A46494627
:1039F0004046D0470130ABD023689B0713D4E06822
:103A0000039B9842B8BF1846A4E7012332464946B3
:103A10004046D04701309BD00135E36803995B1ADB
:103A2000AB42F2DCEBE7002504F11906F5E700BF35
:103A3000E93F0108FA3F0108884210B501EB020492
:103A400002D98442234607D8431EA14208D011F868
:103A5000012B03F8012FF8E7024401468A4200D106
:103A600010BD13F8014D02F8014DF7E7F8B5074610
:103A700014460E4621B9BDE8F8401146FFF740BC98
:103A800022B9FFF7F1FB25462846F8BD00F014F8EF
:103A9000A0420FD221463846FFF732FC05460028E7
:103AA000F2D031462246FFF7C9FB31463846FFF7D0
:103AB000DBFBE9E73546E7E751F8043C181F002B2C
:103AC000BCBF0B58C0187047044A05491368002B47
:103AD00008BF0B4618441060184670478423012421
:103AE00088230124FFFFFFFFFFFF0000FFFFFFFF10
:103AF000FFFFFFFFFFFFFFFFFFFFFFFFFFFFFFFFD6
:103B0000FFFFFFFFFFFFFFFFFFFFFFFFFFFFFFFFC5
:103B1000FFFFFFFFFFFFFFFFFFFFFFFFFFFFFFFFB5
:103B2000FFFFFFFFFFFFFFFFFFFF0000FFFFFFFFA3
:103B3000FFFF0000010600000107000000540040E4
:103B400000580040005C0040001C00582500260082
:103B50002700340035004700520053008E0000005B
:103B600001010103070100000000004000040040C3
:103B700000080040000C00407072657373656400BB
:103B800072656C65617365640000000001040000EB
:103B90006DDBDBB64992B66D244992242D2D0000D1
:103BA000257325640000000043000000432300004B
:103BB00044000000442300004500000046000000CF
:103BC000462300004700000047230000410000009A
:103BD0004123000042000000A83B0108AC3B010863
:103BE000B03B0108B43B0108B83B0108BC3B0108ED
:103BF000C03B0108C43B0108C83B0108CC3B01089D
:103C0000D03B0108D43B0108F1F0F03CF1F0703DED
:103C1000F1F0F03DB5B4343EF1F0703EB5B4343E51
:103C2000F1F0F03DF1F0703DF1F0F03C452C2564F1
:103C30000A000000502C25642C25642C25642C25BA
:103C4000640A0000532C25642C25732C25640A007B
:103C5000542C25642C25642C25732C25642C256478
:103C60000A000000462C544845524D414C2C256416
:103C70000A000000462C54454D505F53454E534FAB
:103C8000522C25640A0000000006101600061016CB
:103C9000060000000C0000001200000018000000E8
:103CA00000010000060100000C01000012010000EC
:103CB0001801000000020000060200000C020000D3
:103CC00012020000180200000003000006030000BA
:103CD00000020300000000000100000000000000DE
:103CE0000000FA4500007A460000FA4600803B4793
:103CF0000080BB47001001400044004000480040E5
:103D0000004C00400050004000140140007800408A
:103D1000007C0040000C005800000000000400007F
:103D2000000600000010000000000000003000004D
:103D30000020000000000010000000000010000043
:103D40000000000001020304010203040607080941
:103D5000000201020002010201000200040008004A
:103D60001000200040008000000100020004000854
:103D7000001000200040008000000258000402589B
:103D800000080258000C0258001002580014025893
:103D900000180258001C0258002002580024025843
:103DA0000028025800000000018080808080808010
:103DB00004808080808080800880808080808080F7
:103DC00010808080808080802080808080808080C3
:103DD0004000000000040810204000000204081009
:103DE0002040000008040204080101010000000056
:103DF0000B00FF00940200247C02002488020024AF
:103E00004C020024B8020024A0020024AC020024CA
:103E100058020024DC020024C4020024D002002442
:103E200064020024D8210124C0210124CC210124D2
:103E3000A8210124FC210124E4210124F0210124F2
:103E4000B421012400030024E8020024F402002429
:103E50007002002400000000BEF3F879EC61F63F28
:103E60001930965BC6FEDEBF3D88AF4AED71F53F67
:103E7000A4FCD432680BDBBFB010F0F03995F43FEE
:103E80007BB71F0A8B41D7BF8503B8B095C9F33FF5
:103E90007BCF6D1AE99DD3BFA564880C190DF33F44
:103EA00031B6F2F39B1DD0BFA08E0B7B225EF23F9A
:103EB000F07A3B1B1D7CC9BF3F341A4A4ABBF13F15
:103EC0009F3CAF93E3F9C2BFBAE58AF05823F13FB4
:103ED0005C8D78BFCB60B9BFA70099413F95F03F9B
:103EE000CE5F47B69D6FAABF000000000000F03F04
:103EF0000000000000000000AC479AFD8C60EE3F1F
:103F00003DF5249FCA38B33FA06A021FB3A4EC3F1B
:103F1000BA913854A976C43FE6FC6A573620EB3F85
:103F2000D2E4C44A0B84CE3F2DAAA163D1C2E93F9B
:103F30001C65C6F04506D43FED417803E686E83FB0
:103F4000F89F1B2C9C8ED83F624853F5DC67E73FF7
:103F5000CC7BB14EA4E0DC3F4D7E0AF7B612D7BF52
:103F6000E0326849BFCADE3FDEE3FA9F4715E7BF8C
:103F7000B8C8355F4715F73F00000000000000009B
:103F80000000000000000000000000000000000031
:103F90000000000000000000000000000000000021
:103FA0000000000000000000000000000000000011
:103FB0000000000000000000000000000000000001
:103FC00000000000000000000000000000000000F1
:103FD0000000000000000000232D302B2000686C42
:103FE0004C0065666745464700303132333435361C
:103FF0003738394142434445460030313233343555
:10400000363738396162636465660000F8B500BF11
:10401000F8BC08BC9E467047F8B500BFF8BC08BCA9
:044020009E46704701
:0840240014C7FE7F010000003B
:10402C00C5020008890C0008B979000889880008C5
:10403C00B58E000891A2000865AA0008A51A01080F
:04404C009D1F0108AB
:04405000A1020008C1
:10405400000000000100000010000000100000003B
:10406400000000000000000000000000000000004C
:10407400000000001000000000000000000000002C
:10408400000000000000000000000000100000001C
:10409400000000000000000000000000000000001C
:1040A400000000000000000000000000000000000C
:1040B40000000000000000000000000001000000FB
:1040C40000000000000000000000000000000000EC
:1040D40000000000000000000100000000000000DB
:1040E40000000000000000000000000000000000CC
:1040F40000000000010000000000000000000000BB
:1041040000000000000000000000000000000000AB
:10411400010000000000000000000000000000009A
:10412400000000000000000000000000010000008A
:10413400000000000000000000000000000000007B
:10414400000000000000000001000000000000006A
:10415400000000000000000000000000000000005B
:10416400000000000100000000000000000000004A
:10417400000000000000000000000000000000003B
:10418400010000000000000000000000000000002A
:10419400000000000000000000000000010000001A
:1041A40001070800000000000000000001060800EC
:1041B40000000000000000000B00FF00FC010024D0
:1041C400F001002414020024080200242C0200241C
:1041D40020020024C0010024B4010024D8010024DA
:1041E400CC0100240811012438020024E401002435
:1041F400E4100124FC100124F01001245C010024CB
:1042040050010024010808020B0800010800000006
:10421400010908020A08000008000000010C0E034E
:10422400020801050E000000020C0801060E000041
:104234000000000001040B0000000000000000006A
:10424400010707010F040000000000000106070138
:104254000E0400000000000000030700000000003E
:104264000000000000020700000000000000000041
:10427400020B07000000000000000000020A070013
:104284000000000000000000060907000000000014
:10429400000000000090D0030090D003060A05003F
:1042A4000405000000000000010C050104070109D9
:1042B40005000000000406000000000000000000EB
:1042C40000040800000000000000000001040500D4
:1042D40006050609050000000105050007050000A4
:1042E40000000000060B05000505000000000000AA
:1042F400010E050202050000000000000201050194
:104304000F05020305000000030305000000000080
:1043140000000000020B060104060000000000007B
:10432400020C06010507000000000000020A060056
:10433400000000000000000001040800060800005E
:10434400000000000105080007080000000000004C
:10435400000508000000000000000000000000004C
:104364000000000000000000000000000000000049
:104374000000000001000000000000000000000038
:104384000000000000000000000000000000000029
:104394000100000000000000000000000000000018
:1043A4000000000000000000000000000100000008
:1043B40000000000000000000000000000000000F9
:1043C400000000000000000001000000FF000000E9
:1043D4008403002400000000983F0108B83F01084E
:1043E400783F010800000000000000000000000009
:1043F40000000000000000000000000000000000B9
:1044040000000000000000000000000000000000A8
:104414000000000000000000000000000000000098
:104424000000000000000000000000000000000088
:044434000000000084
:0400000508000A11D4
:00000001FF
