:020000040800F2
:10000000000002209906000895060008518C00089F
:1000100095060008950600089506000800000000F7
:10002000000000000000000000000000950600082D
:10003000950600080000000095060008D58B000812
:100040009506000895060008950600089506000824
:100050009506000895060008950600089506000814
:10006000950600089506000895060008097800081E
:100070001578000885650008217800082D780008AB
:1000800089860008356D0008950600089506000869
:1000900095060008950600089506000895060008D4
:1000A00095060008950600089506000895060008C4
:1000B000F90401080505010811050108696D00082A
:1000C00095060008756D00089506000869FD000892
:1000D00075FD0008BD840008E98400081D8500083E
:1000E0009506000895060008000000009506000827
:1000F0009506000895060008950600089506000874
:1001000095060008950600081D05010881FD0008F8
:1001100051850008858500089506000895060008A9
:100120009506000895060008A5FD0008D9FD000801
:10013000BD8600089506000895060008950600088B
:1001400000000000000000000000000000000000AF
:10015000950600089506000895060008B985000870
:10016000816D000895060008E58B0008098C0008E1
:10017000950600082D8C00089506000895060008D5
:100180009506000895060008ED8500082186000800
:100190008DFD000899FD00089506000895060008E9
:1001A00095060008950600089506000895060008C3
:1001B00029750008950600089506000895060008B0
:1001C00095060008950600089506000895060008A3
:1001D0009506000895060008950600089506000893
:1001E0009506000895060008950600089506000883
:1001F0009506000895060008950600089506000873
:100200009506000895060008950600089506000862
:100210009506000895060008950600089506000852
:1002200095060008950600089506000800000000E5
:1002300095060008950600080000000095060008D5
:100240009506000895060008950600089506000822
:100250009506000895060008950600089506000812
:100260009506000895060008950600089506000802
:100270009506000895060008558600080000000055
:100280009506000895060008950600080000000085
:080290000000000095060008C3
:1002A00010B5054C237833B9044B13B10448AFF3B0
:1002B00000800123237010BDE00300240000000033
:1002C000E022010808B5034B1BB103490348AFF313
:1002D000008008BD00000000E4030024E0220108C3
:1002E000034613F8012B002AFBD1181A0138704776
:1002F00001F0FF01102A2BDB10F0070F08D010F8D7
:10030000013B013A8B422DD010F0070F42B3F6D1DA
:10031000F0B441EA012141EA014122F007047FF0F3
:1003200000070023F0E80256083C85EA010586EA4A
:10033000010685FA47F5A3FA87F586FA47F6A5FA86
:1003400087F68EB9EED1F0BC01F0FF0102F0070292
:1003500032B110F8013B013A83EA010313B1F8D13D
:100360000020704701387047002D06BF354603381E
:10037000073815F0010F07D1013015F4807F02BF57
:10038000013015F4C03F0130F0BC0138704700BFA8
:1003900053B94AB9002908BF00281CBF4FF0FF31EC
:1003A0004FF0FF3000F074B9ADF1080C6DE904CEE8
:1003B00000F006F8DDF804E0DDE9022304B0704740
:1003C0002DE9F047089D04468E46002B4DD18A4208
:1003D000944669D9B2FA82F252B101FA02F3C2F13B
:1003E000200120FA01F10CFA02FC41EA030E9440CC
:1003F0004FEA1C48210CBEFBF8F61FFA8CF708FBED
:1004000016E341EA034306FB07F199420AD91CEBC4
:10041000030306F1FF3080F01F81994240F21C81F6
:10042000023E63445B1AA4B2B3FBF8F008FB10333E
:1004300044EA034400FB07F7A7420AD91CEB040473
:1004400000F1FF3380F00A81A74240F20781644443
:10045000023840EA0640E41B00261DB1D4400023C8
:10046000C5E900433146BDE8F0878B4209D9002D2C
:1004700000F0EF800026C5E9000130463146BDE8B6
:10048000F087B3FA83F6002E4AD18B4202D3824220
:1004900000F2F980841A61EB030301209E46002DCF
:1004A000E0D0C5E9004EDDE702B9FFDEB2FA82F224
:1004B000002A40F09280A1EB0C014FEA1C471FFA82
:1004C0008CFE0126200CB1FBF7F307FB131140EA69
:1004D00001410EFB03F0884208D91CEB010103F136
:1004E000FF3802D2884200F2CB804346091AA4B2F8
:1004F000B1FBF7F007FB101144EA01440EFB00FECC
:10050000A64508D91CEB040400F1FF3102D2A64530
:1005100000F2BB800846A4EB0E0440EA03409CE7CF
:10052000C6F12007B34022FA07FC4CEA030C20FA7C
:1005300007F401FA06F31C43F9404FEA1C4900FA9C
:1005400006F3B1FBF9F8200C1FFA8CFE09FB181119
:1005500040EA014108FB0EF0884202FA06F20BD98C
:100560001CEB010108F1FF3A80F08880884240F2DC
:100570008580A8F102086144091AA4B2B1FBF9F020
:1005800009FB101144EA014100FB0EFE8E4508D91B
:100590001CEB010100F1FF346CD28E456AD90238A0
:1005A000614440EA0840A0FB0294A1EB0E01A14285
:1005B000C846A64656D353D05DB1B3EB080261EBF3
:1005C0000E0101FA07F722FA06F3F1401F43C5E9CD
:1005D000007100263146BDE8F087C2F12003D84003
:1005E0000CFA02FC21FA03F3914001434FEA1C4745
:1005F0001FFA8CFEB3FBF7F007FB10360B0C43EA37
:10060000064300FB0EF69E4204FA02F408D91CEBE6
:10061000030300F1FF382FD29E422DD902386344E4
:100620009B1B89B2B3FBF7F607FB163341EA034184
:1006300006FB0EF38B4208D91CEB010106F1FF38D3
:1006400016D28B4214D9023E6144C91A46EA0046CA
:1006500038E72E46284605E70646E3E61846F8E65C
:100660004B45A9D2B9EB020864EB0C0E0138A3E7A5
:100670004646EAE7204694E74046D1E7D0467BE786
:10068000023B614432E7304609E76444023842E7FE
:10069000704700BFFEE700BF0B480C4A904203D0F2
:1006A000121A0B4911F042F80A480B4A904203D043
:1006B000121A002111F048F808F022FD11F012F88A
:1006C00000F024F8FEE700BF00000024E00300244F
:1006D00010230108E0030024F8310024704700BF14
:1006E0009AB10368406803EB820C10B40C68496847
:1006F00053F8042B44F8042B634550F8042B41F8BD
:10070000042BF5D15DF8044B70477047F0B500211C
:100710008BB0284804F0FEFA0321264804F002FAC0
:100720003021244804F01AFA234A2448244C214951
:10073000002700F05BF9204600F0F0FB21491D483E
:10074000FF2604F0EBF90EE09DF81030E21B69463D
:100750001B4813B9B2F5FA7F02D3274600F014FC08
:10076000012008F0E7FA08F0E3FA0446114A684667
:100770001249234600F0A2FA06999DF81250A1F101
:1007800001010C48B1FA81F1490904F003FAAE42C3
:1007900029460B4801D000F0DDFB9DF81C302E46A9
:1007A000002BD1D09DF81D100548DDE9082300F08D
:1007B000ADFCC9E70C040024FC0300244C04002415
:1007C000B4040024E106000810B50C4800240C4ACB
:1007D0000C49046044610462C46310F06FFF0A4B6B
:1007E0000A485C6043F8044B5C601C8100F09AF896
:1007F0000748BDE8104000F08DBB00BF0C0400248A
:1008000000000024DD060008FC0300244C04002442
:10081000B4040024F0B50D8807464E88013A00F173
:100820000E044FF0000CAE422CBF002301230373D3
:100830002B460AE09E4510D2734494454FEA530379
:1008400024F8023B0BDA31F8023FAE420CF1010C06
:10085000B1F802E0EED39E45EED80020F0BD0123B2
:1008600018467B73F0BD00BF70B50646407B30B3C1
:10087000F0697568002801DDA84221DD002D4DDDFD
:1008800033684FF0010C00204FF6FF74A3F1020E05
:100890003EF8023F9942A3EB0102A1EB030392B29F
:1008A00088BF9AB26346A24201D260461446AB4268
:1008B0000CF1010CECDB7389A34238BF002070BD42
:1008C0006FF000423368B6F80AE00244348933F826
:1008D000122074448A42A4B234BF8A1A521A92B2C5
:1008E0009442ECD29E1E012400204FF6FF7C36F885
:1008F000023F9942A3EB0102A1EB030392B288BF2E
:100900009AB22346624501D2204694469D4204F1A4
:100910000104ECDCE64538BF002070BD00204FF636
:10092000FF74C8E710B4184C03464FF60B7C002246
:1009300020680021A3F804C040F2011CC3F8620043
:10094000A088A3F84C20A3F8660018461A601A6124
:10095000A3F818C0A3F844209A6483F84E201965C0
:1009600059659965DA65A3F86020C3E90B22C3E9EC
:1009700002225DF8044BC3E90722C3E90922C3E957
:100980000D22C3E90F227047D41F010890F84430AC
:100990005BB303684BB3B0F860C0F0B5B0F85C402F
:1009A000B0F85EE090F84C7090F84D6090F84E50C2
:1009B000A0F86240A0F864E0A0F866C000201A68C1
:1009C000BFF35B8F911C42F0010221F001011A601C
:1009D0001F715E719D71D8711C81A3F80AE0A3F8A4
:1009E0000CC0BFF35B8F1960F0BD70472DE9F04F6D
:1009F000002402260546804689464FF0010A08F188
:100A0000200B08272DED028B9FB045F8042B3246B2
:100A10008DF814600CA88DF81540059905F01EFBA3
:100A200003238DF8184032468DF819300DF142003D
:100A3000069905F013FB8DF81CA08DF81DA0324619
:100A4000079915A805F00AFB07238DF820403246C8
:100A50008DF821300DF16600089909F1180605F0AE
:100A6000FDFA04230CA930461A4605F00BFB30466C
:100A700005F016FD0521484604F04CF88A4A534615
:100A8000284611682246009405F028FEDFED877A9B
:100A900087490622874B5846C8F84040B0EE678A1F
:100AA00088F82D40F0EE678AC8F82010C8E90E4497
:100AB000C8E90923FFF7AEFE8246CDED097ACDEDF8
:100AC0000A7ACDED0B7A0AAD0024E1B2304605F08A
:100AD000FDFCB5EEC00AF7EE007AF1EE10FA0FD485
:100AE000B4EE670A0134F1EE10FA37FE800A30EEF8
:100AF000080A032C05ED010A0BD0B5EC018AE4E7E6
:100B00009FED6A0A013430EE080A032C05ED010A54
:100B1000F3D12146304605F0D9FCB5EEC00AF1EE1E
:100B200010FA12D4F7EE007AB4EE670AF1EE10FA7A
:100B300037FE800A0121484678EE808A03F0EAFFFA
:100B4000013F05D09DED098ABDE79FED580AF1E709
:100B500008F15C0109A808F150030C46B4EE007AD4
:100B6000F0EC017AF7EE006A002267EE877AF5EE84
:100B7000C07AE3EC017AF1EE10FA11D4F4EEE67AE1
:100B80009FED4D6AB6EE007A4FF6FF72F1EE10FA65
:100B900006DCA7EE867ABCEEC77A17EE102A92B270
:100BA0009C4221F8022BD9D1BAF1000F31D0F4EEDA
:100BB000007A68EEA78AF5EEC08AF1EE10FA33D516
:100BC0000021039108F0B4F8039906465846FFF750
:100BD0004BFED8F838400546A0423BD00446C8F842
:100BE0003800C8F840605846FFF73EFEA042D8F8EB
:100BF0003C5006F1140640D02C46C8F83800C8F81E
:100C00004060002C08BF2C46631E042B98BF88F858
:100C10004C300123404688F84430FFF7B7FE1FB040
:100C2000BDEC028BBDE8F08FF7EE007AF4EEE78AB8
:100C3000F1EE10FA02DD4FF6FF71C2E7F6EE007A30
:100C40009FED1D7AE8EE877AFCEEE77A17EE903A90
:100C500099B2B6E7D8F83C00854202461CD0D8F8D5
:100C60004030F31A132B1AD95846C8F83C50FFF7F6
:100C7000FBFDA04206F11406BED1AC4209D0D8F863
:100C80004010721A132A94BFD8F83C40C8F83C4070
:100C9000B7E72246D8F83C0004461546B1E72C4693
:100CA00014360546E9E700BF3420010800000000C3
:100CB000382001088403F00A00FF7F472DE9F04F38
:100CC00000250C4602F1180B28222946074604F19C
:100CD0005C0604F15008BA46A9462DED028B83B09C
:100CE000019310F031FDB4F84C207A82E26BBA61C6
:100CF000E9B2584605F0EAFBB5EEC00AF1EE10FA8B
:100D00005FD4F7EE007AB4EE670AF1EE10FA37FE20
:100D1000800AD8ED007A9FED7A7A30EE670AE0EE2D
:100D2000077AF5EEC07AE8EC017AF1EE10FA42D4D7
:100D3000B7EE007AF4EEC77AF1EE10FA44DCB6EEC4
:100D4000007ADFED706AA7EEA67AFCEEC77A17EE9E
:100D5000903A9AB207EE902AB8EE677AC7EE267AF2
:100D6000F1883280914234BF521A8A1A92B2802A94
:100D700005F1010506F10206EAEC017A28BF4FF001
:100D80000109032DB4D1B6EE008A2946584687EDF5
:100D9000038A05F09BFBB5EEC00AF1EE10FA18D4F9
:100DA000F7EE007AB4EEE70AF1EE10FA40F396801F
:100DB0004FF6FF710EE00022DFED537A3280F288A9
:100DC000D5E79FED510AA4E7F0EE477A4FF6FF72A0
:100DD000C6E7002104F12000B982FFF745FDA36BAF
:100DE000984262D0019BA063E06B2364B861013834
:100DF000042813D9201D4D4605F056FD637E83421D
:100E000020D0019B6076E36187F81090002D43D1DC
:100E1000384603B0BDEC028BBDE8F08FC0B294F849
:100E20004C308342E6D00023012584F84C00B8748E
:100E3000201D84F84D30FB747D7405F035FD637E14
:100E40008342DED1227E9A42DED0E2690199A1EB93
:100E5000020ABAF10E0FD7D92376002B30D194F8BD
:100E60004530002BD0D1012394F84C2084F8453034
:100E7000A36C0133A3647B62002A3BD094F84D300D
:100E800040F2011287F8109083F00103BA831F4AE1
:100E900084F84D30FB743A622046FFF777FD384600
:100EA00003B0BDEC028BBDE8F08FE26B90429DD0A9
:100EB000236C0199CB1A132B94BF1046E06395E77E
:100EC00094F84530002B9FD0002384F84530A36C64
:100ED0007B6201233B770E4B3B6295E7F0EE487A4D
:100EE0009FED087AE0EE077AFCEEE77A17EE903A8B
:100EF00099B26FE740F20113BB83044B3B6283E777
:100F00000AD7A33D00FF7F47000000002020010812
:100F1000282001080022C0E90022704710B50C4AC1
:100F200088B001230021B2F800C04FF4E1340393EC
:100F300006930491029101A9059393880794ADF853
:100F400004C0ADF8063007F06FFC08B010BD00BF5C
:100F5000DC1F010810B588B00B460A4A2021044660
:100F6000684610F0AFFC6846FFF7BAF90A2302465C
:100F70006946204607F0C2FC10B163680133636024
:100F800008B010BD4420010891ED007AB5EEC07A9A
:100F900030B5F1EE10FA9DB0044640D4F7EE007A79
:100FA000B4EEE77AF1EE10FA40F3998091ED017A10
:100FB00042F21073B5EEC07AF1EE10FA37D5002088
:100FC00091ED027AB5EEC07AF1EE10FA3FD4F7EE69
:100FD000007AB4EEE77AF1EE10FA5CDD91ED037A77
:100FE00042F21075B5EEC07AF1EE10FA37D5002254
:100FF00060210292434ACDE9000504A810F062FC8A
:1010000004A8FFF76DF90A23024604A9204607F059
:1010100075FC10B16368013363601DB030BD0023FF
:1010200091ED017AB5EEC07AF1EE10FAC7D4F7EE81
:10103000007AB4EEE77AF1EE10FA3EDD91ED027A35
:1010400042F21070B5EEC07AF1EE10FABFD500256D
:1010500091ED037AB5EEC07AF1EE10FAC7D4F7EE4F
:10106000007AB4EEE77AF1EE10FA02DD42F2107285
:10107000BEE7F6EE007ADFED246A42F21071E7EE89
:10108000267AFDEEE77A17EE902A8A42A8BF0A4632
:1010900022EAE272ACE7F6EE007ADFED1B6A42F27A
:1010A0001072E7EE267AFDEEE77A17EE905A954237
:1010B000A8BF154625EAE575CAE7F6EE007ADFED2A
:1010C000126A42F21072E7EE267AFDEEE77A17EE28
:1010D000900A9042A8BF104620EAE07070E7F6EE52
:1010E000007ADFED096A42F21072E7EE267AFDEE31
:1010F000E77A17EE903A9342A8BF134623EAE373C8
:101100008EE700BF4C20010800401C4610B5144675
:101110009AB01A460B46009460210446019202A838
:10112000084A10F0CFFB02A8FFF7DAF80A230246BC
:1011300002A9204607F0E2FB10B163680133636047
:101140001AB010BD5C200108704700BF0F4B1B7820
:101150000BB90120704710B504464FF47A700C4A61
:10116000B0FBF3F31068B0FBF3F000F0C1FE0F2CFE
:1011700000D808B1012010BD002221464FF0FF30F9
:1011800000F056FE034B00201C6010BD040000243C
:10119000440200240800002438B50320124D00F05A
:1011A00035FE124C02F04EF9114A12499369C3F30D
:1011B0000323CB5C03F01F0320FA03F30E202B6004
:1011C000926902F00F028A5C02F01F02D340236092
:1011D000FFF7BCFF10B10124204638BD0446FFF7DD
:1011E000B3FF204638BD00BF44020024480200245B
:1011F0000044025820210108034A044B11681B785F
:101200000B441360704700BFBC040024040000249A
:10121000014B1868704700BFBC04002438B5044671
:10122000FFF7F6FF0546631C02D0044B1B781C44F5
:10123000FFF7EEFF431BA342FAD338BD040000249E
:10124000014B1868000C70470010005C704700BF2D
:10125000806B08B5FFF7FAFF08BD00BF836B5A6DBE
:1012600012F0500F5A6D10B51DD1196842F400727A
:101270005A650A6812F0080FCA681BD012F4406F52
:101280000DD1CA6894040AD45A6D22F480725A654A
:101290005A6DD10403D45A6D42F001025A651846C2
:1012A00005F076F910BDD2060AD4DB6CBDE810401B
:1012B000DB6C18479007E7D0184605F069F9F1E7AD
:1012C000184605F009FA10BD806B08B5436D43F070
:1012D00040034365836D43F00403836505F0FCF927
:1012E00008BD00BFF0B5002283B0019290F85020F5
:1012F000012A00F01C81034601201A6883F850007F
:101300009468640700F18A800C68C4F31305002D0B
:1013100040F08F80C4F38464A0404D684FF01F0EEE
:10132000D6694FEA951C30430CF00C0CD06105F0E7
:101330001F0002F1300584400EFA00FE5CF8050043
:1013400020EA0E0004434CF80540906840076ED434
:10135000956815F0080547D10C68072002F11406BE
:10136000B94F4FEAD45CC4F304540CF0040C00FAF7
:1013700004FE886800FA04F45CF8060020EA0E0017
:1013800020434CF80600386800F07040B0F1805FF0
:1013900000F0C580D068D668C70600F1E880C6F3C3
:1013A00082064869760000FA06F60F69042F00F0FD
:1013B000C18002F16004086854F827C000F0F840CA
:1013C0000CF0004C40EA0C00304344F82700487E03
:1013D0000E69012854F8260008BF4FF0004520F0A0
:1013E0000040054344F826509068C40714D4CE68E2
:1013F000086806F01807954CD2F8C050FC40C0F3BE
:101400001307044025EA07052C43C2F8C040904C5E
:10141000A64246D0002816DB002003E05A6D42F0B9
:1014200020025A65002283F8502003B0F0BD906876
:10143000DAE794FAA4F5B5FA85F5C4F3846405F007
:101440001F05A84069E783498A4200F0B68001F58C
:1014500080718A4200F0B1807F4D804CA968A468F9
:1014600001F0E076E44304F00104002C00F0B480C5
:101470007B4CA04200F0FC807A4CA04200F01A8124
:10148000794CA042C8D14902C6D474498A42C3D11A
:10149000AA68002022F0E072324342F48002AA607F
:1014A000C0E7002F6AD090FAA0F4B4FA84F40134B3
:1014B00004F01F04092C00F2A48090FAA0F4B4FAFE
:1014C00084F490FAA0F5B5FA85F5013401260135CA
:1014D000A40605F01F0504F0F84406FA05F52C43B0
:1014E00090FAA0F0B0FA80F0304400F01F0000EB5A
:1014F000400000052043C60D02F11405C0F304505E
:10150000072406F0040604FA00F7745924EA0704D5
:101510008F6807FA00F02043705108687AE7D668B0
:101520004869C6F38206760000FA06F63DE7022017
:1015300003B0F0BD106E0C6800F0F840A506B0EBEB
:10154000846F30D0506E00F0F840854226D0906E07
:1015500000F0F84085422BD0D06E00F0F840854274
:101560007FF442AFD06E20F00040D0663CE77608B2
:10157000486906F0080600FA06F616E7800E441CD5
:1015800004F01F06092E2DD8A406012004F0F8440B
:10159000B040044306EB46000005ABE7506E20F078
:1015A00000405066D3E7106E20F000401066C9E797
:1015B000906E20F000409066CEE7264C2B4D04F54F
:1015C0008074A96854F8F86CA468344301F0E0769C
:1015D000E44304F0010448E75A6D012042F0200280
:1015E0005A651FE706EB4600A50601241E3805F0E4
:1015F000F84504FA06F60005354340F0007028432C
:1016000079E790FAA0F5B5FA85F590FAA0F4B4FA66
:1016100084F4013501260134AD0604F01F0405F001
:10162000F84506FA04F4254390FAA0F4B4FA84F4D9
:10163000344404F01F0404EB4404A4F11E0000052C
:1016400040F00070DBE700BF0010005CFFFF0F0000
:101650000000FF470020024000630258006002586B
:10166000000084CB000052C70000B8CF0023024026
:1016700008023FF5D1AE17498A427FF4CDAE164A33
:10168000A9681268154821F0E07192093143A0FB66
:10169000020241F400019209A96052000192019AEC
:1016A000002A3FF4B9AE019A013A0192019A002A48
:1016B000F9D1B1E611F080707FF4AEAE05498A42EF
:1016C0007FF4AAAEAA6822F0E072324342F0807240
:1016D000AA60A7E60060025844020024632D3E057C
:1016E00003689A68D20701D5002070479968214A9B
:1016F000114270B5044608D0636D012043F0100319
:101700006365A36D0343A36570BD99681A4A0A40D7
:1017100042F001029A60FFF77BFD2368174A0546F5
:1017200093421ED002F5807293421AD0144A9268F6
:10173000114E0AE09A68324042F001029A60FFF7C7
:1017400067FD401B0228D7D823681A68D2070FD438
:101750009A68D107EED5FFF75BFD401B0228F3D94D
:10176000CAE7084A9268D006E2D0074A9342DFD11E
:10177000002070BD3F000080C0FFFF7F00200240BE
:101780000063025800230240002102402DE9F0418D
:101790003A4D044600680F461646A84219D0384B09
:1017A000984216D0374DAB688068420716D494F83B
:1017B0005020012A12D003F01F080122B8F1090FAE
:1017C00084F850200DD90023012084F85030BDE862
:1017D000F0812D4DAB6880684207E8D50220BDE856
:1017E000F08140F2212323FA08F3DB4313EA0205D8
:1017F000E9D12046FFF774FF002839D1626D234BF1
:101800002168134043F480736365B8F1000F02D080
:101810001B4B994203D0636D23F480136365636DA2
:1018200013F4805328D0A36D23F00603A365E06C66
:101830003346174D3A464031C563164D0564164D83
:10184000C5641C2541F8405C002584F8505051F8CF
:101850003C5C45F0100541F83C5C00F059FE226804
:101860000E4B91680B4043F004039360BDE8F08198
:1018700084F85050BDE8F081A365D8E7002002400D
:10188000002102400063025800230240FEF0FFFFE7
:101890005D12000851120008C9120008C0FFFF7F46
:1018A00038B503689A68910702D59B68002038BD57
:1018B0009A68D20723D59A68044602F00D02012ADD
:1018C00008D0636D012043F010036365A36D0343EB
:1018D000A36538BD986803210A4A024042F002021B
:1018E0009A601960FFF794FC054604E0FFF790FC4E
:1018F000401B0228E5D823689B68DB07F6D400204C
:1019000038BD00BFC0FFFF7F38B5574A04460368A3
:10191000934226D002F58072934222D0534B9B68AB
:1019200013F4403F22D001F047FF63680546B3F54A
:10193000003F00F08880B3F5403F70D0B3F5803FA2
:1019400000F08180FFF77CFC41F2030398422DD820
:10195000474B9D425DD92268936843F4807393603E
:1019600038BD444B9B6813F4403FDCD14FF400205A
:1019700002F0EEFF63680546B3F5101F6DD008D87E
:10198000B3F5E01F55D01AD9B3F5001FDAD14509D8
:10199000D8E7B3F5201F4AD0B3F5301FD2D1FFF7F7
:1019A0004FFC41F20303984233D92D0A324B9D423A
:1019B0001DD82268936823F44073936038BDB3F553
:1019C000801F06D00AD9B3F5A01F02D0B3F5C01FFF
:1019D000B8D19B0C5B00B5FBF3F5B3E7B3F5002F73
:1019E000F7D023F40022B2F5802FF2D0AAE7234BE0
:1019F000234A2B4493421ED9224B234A2B44934221
:101A0000226893682BD823F4407343F400739360E7
:101A100038BD2268936823F48073936038BD8508CD
:101A2000FFF70EFC41F203039842BFD890E7C509C7
:101A300088E7050986E72268936823F4407343F436
:101A40008073936038BD1B0CB5FBF3F5FFF7F8FB13
:101A500041F203039842A9D87AE7850972E743F473
:101A60004073936038BD00BF0020024000630258FD
:101A7000002D310100230240105E5F00EFA1A0FFA6
:101A80000F5E5F00DF4341FF1FBCBE0030B5002387
:101A900083B00193002800F0D080456D0446002DEE
:101AA00000F0BA80226893689B0003D59168714B5F
:101AB0000B4093609368DD0015D46F4B90686F49BD
:101AC0001B6801406E489B0941F08051A0FB030355
:101AD00091609B090193019B2BB1019B013B0193F9
:101AE000019B002BF9D19368D80024D4636D0125A4
:101AF00043F010036365A36D2B43A365936813F054
:101B0000040F636D1DD1D9061BD4636D23F481735B
:101B100043F0020363659368DB0728D4594B9A426C
:101B200017D003F580739A4213D0574B9B68D9079F
:101B30001DD4564A15E09368002513F0040F636D19
:101B4000E1D0636D012543F010032846636503B0BF
:101B500030BD4C4A4E4B92689B681343D80706D45D
:101B60004C4A9368616823F47C130B439360FFF73E
:101B700067FB41F20303A1689842237F52D894F88F
:101B800015C01A04206B42EA4C3202430A43012B6F
:101B900003D1236A013B42EA4342636A23B103F45F
:101BA0007873A16A0B431A4323683B49D868014004
:101BB0000A43DA609A6812F0040F9A681CD112077F
:101BC0001AD4D868354A217D024042EA8132E16A5E
:101BD0000A43DA6094F83820012A3AD01A6922F0D0
:101BE00001021A611A692046616B22F070420A43B1
:101BF0001A61FFF789FE2368E268012A21D01A6B77
:101C000022F00F021A63636D284623F0030343F0AA
:101C10000103636503B030BD04F068FCA56584F87A
:101C200050503FE71029AAD1617D1A0442EA41329F
:101C3000216B0A4342F01C02A9E70125284603B0A4
:101C400030BD196BA26921F00F01013A0A431A63F2
:101C5000D9E7D4E9102118690A43114901400A4320
:101C6000A16C0A43E16B42EA014242F001021A61AF
:101C7000B8E700BFC0FFFF5F44020024C0FFFF6F52
:101C8000632D3E05002002400060025800630258A8
:101C9000002102400023024003C0F0FFFCBFFFFF11
:101CA0001EF800FCF0B5002383B0019390F850308B
:101CB000012B40D0012304460E46154680F85030D3
:101CC000FFF7EEFDE8B9676D05F080421B4B06F4A7
:101CD00080311B4D3B401B4F43F00203636523687B
:101CE0009E68354015430D4345F000459D609A6858
:101CF000002A0FDB636D23F0030343F001036365E8
:101D000003E0636D43F010036365002384F85030F3
:101D100003B0F0BD019A01320192019ABA42E6D9AC
:101D2000636D0022012023F0120384F8502043F059
:101D300010036365ECE7022003B0F0BDFDEEFFFF8A
:101D4000C0FFFE3FFF955A55F0B490F850200E6842
:101D5000012A49D00346294A01201C6883F8500013
:101D6000944208D05A6D002142F0200283F85010AE
:101D70005A65F0BC7047224DAA6852070AD5A2687E
:101D80005A6D012042F020025A65002283F850204B
:101D9000F0BC7047A06810F00400F1D1C6B1DFF8C4
:101DA00068C04F68DCF8082022F440423A43CCF87F
:101DB0000820A468AA682243D40713D48A68DCF8F0
:101DC000081016430F4A0A401643CCF80860DCE7B7
:101DD0000D498A6822F440428A60A068AA680243DA
:101DE000D00704D50020D0E70220F0BC70478C68F3
:101DF0003046044A22408A60C7E700BF0020024004
:101E000000210240E0F0FFFF0023024006494FF6A8
:101E1000FF0C0002054BCA6800F4E06002EA0C0205
:101E200010430343CB60704700ED00E00000FA056B
:101E30001B4BDB68C3F3022300B5C3F1070E03F1AC
:101E4000040CBEF1040F28BF4FF0040EBCF1060FC6
:101E50001AD9033B4FF0FF3C0CFA03FC22EA0C02B8
:101E60004FF0FF3C00280CFA0EFC21EA0C0101FAAD
:101E700003F141EA02010ADB09010A4BC9B203443A
:101E800083F800135DF804FB00221346E8E700F036
:101E90000F000901044BC9B2034419765DF804FB35
:101EA00000ED00E000E100E0FCEC00E0002807DBD2
:101EB00000F01F0101234009024A8B4042F8203004
:101EC000704700BF00E100E000280DDB430901225C
:101ED00000F01F000549203302FA00F041F823000A
:101EE000BFF34F8FBFF36F8F704700BF00E100E07B
:101EF000431EB3F1807F0CD24FF0E0220020064950
:101F00004FF0F00C5361072381F823C090611361F7
:101F100070470120704700BF00ED00E0BFF35F8F06
:101F2000044B00215A6A22F480325A62C3F894109A
:101F3000704700BF00ED00E0064B40F00100C3F821
:101F400094005A6A42F480325A62BFF34F8FBFF353
:101F50006F8F704700ED00E0174A4378C2F8983061
:101F6000017821B3436800B5C2F89C30C37A90F879
:101F70000CC01B0690F80FE043EA0C7390F80AC0FF
:101F80000B43817B43EACC4390F80DC043EA8C437A
:101F900090F809C043EA4143017A43EA0E4343EA19
:101FA0000C2343EA4103C2F8A0305DF804FBC2F8F9
:101FB0009C10C2F8A010704700ED00E0704700BF11
:101FC00008B5FFF7FBFF08BD0268344B344930B455
:101FD000344D354CAA4218BF9A420CBF012300234E
:101FE0008A4208BF43F001033031A24208BF43F0E8
:101FF000010330348A4208BF43F001033031A2426A
:1020000008BF43F0010330348A4208BF43F00103A4
:1020100001F55C71A24208BF43F0010304F55C7452
:102020008A4208BF43F001033031A24208BF43F0A7
:10203000010330348A4208BF43F001033031A24229
:1020400008BF43F0010330348A4208BF43F0010364
:102050003031A24208BF43F001038A4208BF43F077
:10206000010313B9114B9A4213D1D3B21049114C49
:10207000103BA1FB03515F2B0F4BC1F3021103EA8D
:102080000203615C88BF0433C1658365184630BCB8
:10209000704722F0FF038365F8E700BF100002409D
:1020A000400002402800024058000240B8040240AC
:1020B000ABAAAAAA6820010800FCFFFF0368294A0E
:1020C000294930B4294D2A4CAB4218BF93420CBF6A
:1020D000012200228B4208BF42F001022831A342B4
:1020E00008BF42F0010228348B4208BF42F00102CF
:1020F0002831A34208BF42F001028B4208BF42F0E0
:10210000010212B91B4A934213D1DBB21A4C1B4A8B
:102110000121083B1A4DA4FB0343456602EB131251
:10212000C3F30413920001FA03F30266836630BC22
:102130007047DAB21349144C1944103AA829A4FB89
:1021400002234FEA131300D80833104A03F01F0587
:1021500001210F4C1A44A940446692008166026630
:10216000E5E700BF08540258305402581C54025886
:102170004454025894540258CDCCCCCC009600164E
:1021800080580258F0FBFDBFABAAAAAA008200103B
:102190008008024070B50446FFF73AF8002C00F0C2
:1021A000C68023680546954A934248D01832934228
:1021B00045D0303292498B4218BF934201F1300131
:1021C0000CBF012200228B4208BF42F001021831ED
:1021D0008B4208BF42F0010218318B4208BF42F027
:1021E000010218318B4208BF42F0010201F556711D
:1021F0008B4208BF42F0010218318B4208BF42F007
:10220000010218318B4208BF42F0010218318B42A3
:1022100008BF42F0010218318B4208BF42F00102B0
:1022200018318B4208BF42F0010218318B4208BFBF
:1022300042F001021AB9734A934240F0F58002223B
:10224000002184F8352084F834101A6822F0010245
:102250001A6005E0FEF7DCFF431B052B40D823681E
:102260001A68D107F6D4D4E9022521692A43A06966
:102270001D680A4361690A43E16902430A436249EE
:102280002940256A2A430A43616A04292FD01A602B
:102290005A6922F00702114359612046FFF794FE64
:1022A000E26D3F2302F01F02934083602046FFF758
:1022B00005FFA368802B3CD06368A06EDAB2013BB7
:1022C000D4E91851072B2A60486026D90023C4E9B5
:1022D0001B33636700200123606584F8353070BDCF
:1022E000202203230120626584F8353070BDD4E9D3
:1022F0000B5129430A431A605969A26A21F0070168
:10230000114341F00401002DC6D000284FD1012A0D
:102310006ED032F00202BFD151E0501E072810D912
:10232000626FD4E91B31002018604A60D2E70120B7
:1023300070BD0023A16ED4E9180263600360516090
:10234000C4E72168314B324DA94218BF994205F1CB
:1023500014050CBF01230023A94208BF43F0010369
:102360001435A94208BF43F001031435A94208BF40
:1023700043F001031435A94208BF43F001031435AB
:10238000A94208BF43F001033BB9224B994204D054
:10239000214B224913449B0003E0214B2149134464
:1023A0009B0001228240C4E91B316267BBE7B0F5A4
:1023B000005F0ED0022A05D9032A7FF46DAFEA012F
:1023C0007FF56AAF012340221846626584F83530F4
:1023D00070BD032A3FF660AF01A050F822F000BFA5
:1023E000C5230008BF230008C5230008F123000807
:1023F000B5F1C07F7FF450AFE4E700BF10000240AA
:1024000040000240B80402403F8010FE08540258C9
:102410001C540258945402583F8200104009024054
:102420003F96001640590258324A33483349834296
:1024300018BF934200F128000CBF012200228B42FA
:1024400008BF42F001022831834208BF42F0010276
:1024500028308B4208BF42F001022831834208BF76
:1024600042F001028B4208BF42F0010212B9244A35
:10247000934238D102220021224D84F8341084F88E
:1024800035201A681540A268402A2AD0802A0CBF3D
:102490004FF480400846266AD4E90312D20842EA83
:1024A000D102616942EAD102A16942EAD102E1693D
:1024B00042EAD102144942EA161219442A4302435D
:1024C0001248A0FB010120461A600B099B00E3653E
:1024D000FFF77AFDE26D012302F01F029340436093
:1024E000E4E61020D7E7402203230120626584F848
:1024F000353070BD085402581C54025830540258EC
:10250000945402580F00FEFFF8ABFDA7CDCCCCCC05
:10251000002800F0BC80844690F83400012800F0C8
:10252000B88001202DE9F0419CF835408CF834004A
:10253000844208D000224FF400638CF83420CCF899
:102540005430BDE8F0810220DCF800507A4C8CF861
:1025500035000020794ECCF854007948854218BFE8
:10256000A54200F118000CBF01240024854208BFD9
:1025700044F001041830854208BF44F001041830CB
:10258000854208BF44F001041830854208BF44F07A
:10259000010400F55670854208BF44F0010418306C
:1025A000854208BF44F001041830854208BF44F05A
:1025B00001041830854208BF44F0010418308542F8
:1025C00008BF44F001041830854208BF44F00104FC
:1025D0001830854208BF44F001041830854208BF16
:1025E00044F00104A0F59560B54218BF8542DCF8BF
:1025F0006C600CBF0120002054EA0008286820F01D
:1026000001002860DCF86400DCF86840DCF85870F1
:10261000446040D016B1DCE91C044460DCF85C0086
:102620004FF03F0E00F01F000EFA00F0B86028686F
:1026300020F4802028606B60DCF80830402B23D029
:10264000A960EA602B6823F01E0343F016032B6099
:10265000DCF840301BB12B6843F008032B60DCF83A
:1026600060301A68D20303D51A6842F480721A6087
:102670001EB1336843F4807333602B68002043F04D
:1026800001032B60BDE8F081AA60E960DAE7012070
:1026900070470220704716B1DCE91C0444602948E9
:1026A000DFF8A8E0754518BF85420EF1140E0CBF87
:1026B00001200020754508BF40F001000EF1140E06
:1026C000754508BF40F001000EF1140E754508BFB6
:1026D00040F001000EF1140E754508BF40F00100F6
:1026E0000EF1140E754508BF40F0010010B91648F0
:1026F00085420ED1DCF85C0000F01F0E012000FACC
:102700000EF078606B60DCF80830402B10D0A960C8
:10271000EA602B6823F00E0343F00A032B60DCF819
:102720004030002B9BD02B6843F004032B6096E7CE
:10273000AA60E960EDE700BF4000024028000240C7
:102740005800024008540258945402581C5402582D
:1027500000285FD038B590F835200346022A55D1BD
:102760000168444A914248D01832914245D03032F3
:10277000414C4248A14218BF914204F148040CBFA9
:1027800001220022814208BF42F001023030A14202
:1027900008BF42F001023034814208BF42F001021A
:1027A00000F55C70A14208BF42F0010204F55C74C0
:1027B000814208BF42F001023030A14208BF42F01E
:1027C00001023034814208BF42F001023030A142A0
:1027D00008BF42F001023034814208BF42F00102DA
:1027E0003030A14208BF42F00102814208BF42F0EE
:1027F000010212B9224A91420ED10422002083F82C
:1028000035200B6823F001030B6038BD80220120C6
:102810005A6538BD012070470A681C6E22F00E020E
:10282000D86D9D6D0A6000F01F000A6822F0010259
:102830000A6001222168824021F4807121606A606F
:10284000DA6ED3E91910486032B11168D3E91C047B
:1028500021F4807111604460002401211A6D83F815
:10286000344083F835101AB118469047204638BDD9
:10287000104638BD10000240400002407000024087
:10288000B80402402DE9F04300229C4B83B09C4EDB
:102890001D688146019203689A4A846D934218BF6D
:1028A000B342276808BF0126216818BF002645D01B
:1028B00018329548834218BF934200F118000CBFAC
:1028C00001220022834208BF42F0010218308342F5
:1028D00008BF42F001021830834208BF42F00102F3
:1028E0001830834208BF42F0010200F5567083425F
:1028F00008BF42F001021830834208BF42F00102D3
:102900001830834208BF42F001021830834208BFEA
:1029100042F001021830834208BF42F00102183031
:10292000834208BF42F001021830834208BF42F0E0
:1029300001021AB9754A934240F05082D9F85C10EE
:10294000082201F01F0C02FA0CF2174240F08881B5
:1029500027FA0CF2D2070CD55A69100609D50122C4
:1029600002FA0CF2A260D9F8542042F00202C9F82F
:1029700054204FF0040E0EFA0CF038425BD0002EBB
:102980004FD1634ADFF88081434518BF934208F175
:1029900018080CBF01220022434508BF42F0010283
:1029A00008F11808434508BF42F0010208F1180871
:1029B000434508BF42F0010208F11808434508BF2B
:1029C00042F0010208F55678434508BF42F0010283
:1029D00008F11808434508BF42F0010208F1180841
:1029E000434508BF42F0010208F11808434508BFFB
:1029F00042F0010208F11808434508BF42F0010205
:102A000008F11808434508BF42F0010208F1180810
:102A1000434508BF42F001021AB93C4A934240F0D4
:102A200019821A68920706D5A060D9F8542042F09E
:102A30000402C9F85420102202FA0CFC1CEA070F09
:102A40006CD0002E45D1324A2F4EB34218BF93426C
:102A500006F118060CBF01220022B34208BF42F063
:102A600001021836B34208BF42F001021836B342E1
:102A700008BF42F001021836B34208BF42F001021B
:102A800006F55676B34208BF42F001021836B3424B
:102A900008BF42F001021836B34208BF42F00102FB
:102AA0001836B34208BF42F001021836B34208BFDD
:102AB00042F001021836B34208BF42F00102183654
:102AC000B34208BF42F001021AB9104A934240F0E3
:102AD000C9811A68100721D5C4F808C01A685603BE
:102AE00000F14C811A68D20503D41A6822F008025A
:102AF0001A60D9F840308BB10CE000BF44020024CA
:102B0000100002402800024058000240B804024071
:102B10004000024048469847D9F85C1001F01F0178
:102B200020268E403E4268D0D9F80020A54BA64F03
:102B3000BA4218BF9A4207F118070CBF01230023BD
:102B4000BA4208BF43F001031837BA4208BF43F046
:102B500001031837BA4208BF43F001031837BA42DD
:102B600008BF43F001031837BA4208BF43F001031E
:102B70001837BA4208BF43F0010307F55677BA4247
:102B800008BF43F001031837BA4208BF43F00103FE
:102B90001837BA4208BF43F001031837BA4208BFDA
:102BA00043F001031837BA4208BF43F00103183756
:102BB000BA4208BF43F001031837BA4208BF43F0D6
:102BC00001031BB9814B9A4240F062811368DB0616
:102BD00013D5A66099F83530042B136800F0AE8049
:102BE00013F4802F136800F0D3801C0340F1DE80C3
:102BF000D9F83C300BB148469847D9F85430002BEF
:102C000000F0B980D9F85430D8071FD5D9F8002082
:102C1000042189F83510136823F0010313606C4B0D
:102C2000A3FB0535AD0A02E01368D90704D5019B63
:102C30000133AB420193F7D9002389F8343013688C
:102C4000DB074CBF0323012389F83530D9F84C301A
:102C5000002B00F09080484603B0BDE8F0431847D1
:102C6000186840070AD5186820F004001860A260B0
:102C7000D9F8542042F00102C9F8542027FA0CF286
:102C8000D2077FF576AE534A5348834218BF93422A
:102C900000F130000CBF01220022834208BF42F045
:102CA00001021830834208BF42F00102183083420B
:102CB00008BF42F001021830834208BF42F001020F
:102CC00000F55670834208BF42F00102183083427B
:102CD00008BF42F001021830834208BF42F00102EF
:102CE0001830834208BF42F001021830834208BF07
:102CF00042F001021830834208BF42F0010218304E
:102D0000834208BF42F001021830834208BF42F0FC
:102D10000102002A7FF420AE002E7FF41DAE1A6857
:102D2000042202FA0CF23A4240F09480102202FA95
:102D30000CFC17EA0C0F3FF4F1AE84E623F0160307
:102D40001360536923F080035361D9F840309BB37B
:102D5000136823F0080313603F230025012203FAC0
:102D600001F1D9F85030A16089F8345089F8352044
:102D7000002B7FF470AF03B0BDE8F0831B6818032D
:102D80007FF5B7AED9F84830002B7FF4C3AEC5E667
:102D900013F480737FF42CAF116821F010011160DF
:102DA000012289F8343089F8352021E7D9F84430F8
:102DB000002B7FF420AF20E7D9F84830002BC7D193
:102DC000CAE700BF1000024028000240B8040240D9
:102DD000B5814E1B58000240400002404E4A4F4D04
:102DE000AB4218BF934205F114050CBF012200222B
:102DF000AB4208BF42F001021435AB4208BF42F0BB
:102E000001021435AB4208BF42F001021435AB4257
:102E100008BF42F001021435AB4208BF42F0010284
:102E200012B93F4A9342A6D1D9F85C5004261A68D9
:102E300005F01F05AE400E4219D0570717D51004F4
:102E400066604BD5D1034FD4D9F84830002B7FF4BE
:102E500002AF90E71A68102202FA0CFC17EA0C0F76
:102E60003FF45CAE1A6852077FF558AE34E602268E
:102E7000AE400E4211D097070FD56660140439D5C5
:102E8000D00343D4D9F84430002B7FF4E4AE72E78A
:102E900013689F077FF5B1AE9BE60826AE400E4251
:102EA0003FF469AF11077FF566AF1A68002122F081
:102EB0000E021A600123D9F84C2003FA05F565606B
:102EC000C9F8543089F8341089F83530002A3FF4B5
:102ED00052AF484603B0BDE8F0431047920603D412
:102EE0001A6822F004021A60D9F84030002B7FF4EF
:102EF000B2AE40E712F0200208D11968012421F097
:102F00000A01196089F8342089F83540D9F83C3035
:102F1000002B7FF4A0AE2EE7085402581C54025830
:102F200094540258406D7047002800F0DE81F8B5D7
:102F300003680446D80730D59F490A69896A02F0B8
:102F40003802102A00F00081182A00F0F880636827
:102F5000B3F5803F00F02081002B00F05E81B3F5D7
:102F6000A02F954B1A6800F02F8222F480321A604D
:102F70001A6822F480221A60FEF74AF98E4E41F256
:102F80008837054605E0FEF743F9401BB84200F2DA
:102F9000428133689A03F6D523689D0700F1858046
:102FA000D9062FD5844A1369926A03F03803082B97
:102FB00000F0DA80182B00F0D280E3697E4D002B00
:102FC00000F065812B6843F080032B60FEF720F949
:102FD000064605E0FEF71CF9801B022800F21B8163
:102FE0002B68DB05F6D5FEF72BF941F20303984277
:102FF00000F20B826B68226A23F0F84343EA826393
:103000006B6023681D0716D563696B4D002B00F0BC
:103010001C816B6F43F001036B67FEF7F9F80646FE
:1030200005E0FEF7F5F8801B022800F2F4806B6FD4
:103030009807F6D523689A0616D5A3695E4D002B2E
:1030400000F014812B6843F480532B60FEF7E0F806
:10305000064605E0FEF7DCF8801B022800F2DB8064
:103060002B689F04F6D52368590700F19B80636A9B
:10307000CBB1514D2A6902F03802182A6DD0022BCB
:103080002B6823F080732B6000F03981FEF7C0F8C5
:10309000044605E0FEF7BCF8001B022800F2BB80E6
:1030A0002B689B01F6D40020F8BD434A1369926A4D
:1030B00013F0380329D1404BE2681B68590701D54A
:1030C000002A4AD03C4D2B6823F0190313432B6090
:1030D000FEF79EF8064605E0FEF79AF8801B0228E8
:1030E00000F299802B685B07F6D5FEF7A9F841F24C
:1030F0000303226998426B6800F2F08023F47C336A
:1031000043EA02336B6023684AE7182B00F0E28041
:10311000294DE2682B68002A00F0CB8023F01903C8
:1031200013432B60FEF774F8064604E0FEF770F8D0
:10313000801B02286FD82B685F07F7D5D5E701F011
:10314000030102297FF403AF1B4A126891037FF544
:1031500024AF6268002A7FF420AF0120F8BD02F09E
:103160000302012A7FF429AF134B1B68DA0502D54D
:10317000E369802BF1D1FEF763F841F203030E4AB5
:103180009842216A00F2B380536823F0F84343EA7F
:1031900081635360236835E7074A136843F480333B
:1031A0001360E9E6054D2B6843F480732B60FEF74E
:1031B0002FF8064609E000BF0044025800480258B4
:1031C000FEF726F8801B642825D82B68DA05F7D58A
:1031D000A368012B00F02281002B00F0FD80052B5D
:1031E000954B1A6F00F0208122F001021A671A6FC6
:1031F00022F004021A67FEF70BF88F4E41F288376F
:10320000054604E0FEF704F8401BB84203D8336FCC
:103210009B07F7D52BE70320F8BD874D41F2883790
:103220002B6823F480332B602B6823F480232B60DE
:10323000FDF7EEFF064604E0FDF7EAFF801BB8420B
:10324000E9D82B689B03F7D4A6E66B6F23F0010344
:103250006B67FDF7DDFF064604E0FDF7D9FF801B35
:103260000228D8D86B6F9907F7D4E3E62B6823F4CC
:1032700080532B60FDF7CCFF064604E0FDF7C8FF46
:10328000801B0228C7D82B689804F7D4EBE62B687C
:1032900023F080032B60FDF7BBFF064604E0FDF73B
:1032A000B7FF801B0228B6D82B68DF05F7D4236848
:1032B000A8E623F001032B60FDF7AAFF064604E011
:1032C000FDF7A6FF801B0228A5D82B685807F7D466
:1032D000236865E690077FF41BAFECE623F0FE431E
:1032E00043EA02636B6023685AE601207047D368A3
:1032F00023F07C5343EA0163D360236882E6FDF741
:1033000087FF064604E0FDF783FF801B022882D872
:103310002B689901F7D4A96A484BA26A0B40484927
:10332000454E1343E26A43EA0213AB62D4E90D321D
:10333000013B013A5B0212049BB202F4FE0213430A
:10334000226B013AC2F308021343E26B013A120600
:1033500002F0FE4213432B63EB6A23F00103EB629E
:103360006A6BA36C114041EAC3016963EB6A226C8A
:1033700023F00C031343EB62EB6A626C23F002034D
:103380001343EB62EB6A43F48033EB62EB6A43F482
:103390000033EB62EB6A43F48023EB62EB6A43F0A9
:1033A0000103EB622B6843F080732B60FDF730FF65
:1033B000044605E0FDF72CFF001B02283FF62BAF6B
:1033C00033689A01F6D56EE642F480221A601A68D4
:1033D00042F480321A60CFE5174D41F288372B6FE7
:1033E00023F001032B672B6F23F004032B67FDF7FA
:1033F0000FFF064605E0FDF70BFF801BB8423FF6C6
:103400000AAF2B6F9807F6D431E6EB68226A23F0F7
:103410007C5343EA0263EB602368F3E5064A136FCB
:1034200043F001031367E6E642F004021A671A6FDD
:1034300042F001021A67DEE6004402580CFCFFFF6E
:103440000700FFFF474A136903F03803102B04D02D
:10345000182B0DD01BB1444870474448704713687F
:1034600099064AD513684248C3F3C103D840704750
:10347000936A30B4946AD56A14F47C7F516BC4F3B8
:10348000051038D0C1F3CC0105F0010503F00303AA
:1034900005FB01F1012B07EE901AB8EEE77A02D096
:1034A000022B2CD093B307EE900A9FED325AF8EE20
:1034B000E77A136BC5EE276ADFED2F5AC3F30803D3
:1034C00007EE903AB7EE006AF8EEE77AE7EE257A73
:1034D00077EE867A66EEA76A224B1B6BC3F3462310
:1034E000013307EE903AB8EEE77AC6EE877AFCEE43
:1034F000E77A17EE900A30BC70471D48704707EE18
:10350000900A9FED1E5AF8EEE77AD2E713689B0601
:1035100020D5146807EE900A1549F7EE005A136B90
:10352000C4F3C104F8EEE77A9FED135AC3F308031E
:10353000E14006EE903A06EE101AF8EEE66AB8EEB2
:10354000C66AE7EE056A86EE277A76EEA56A66EE2B
:10355000876AC1E707EE900A9FED095AF8EEE77A0D
:10356000A7E700BF0044025800093D000024F40012
:103570000090D0030024744A000000390024744BEA
:103580000024744C002800F00281874A136803F07D
:103590000F038B422DE9F04104460D460CD213680F
:1035A00023F00F030B431360136803F00F038B42E8
:1035B00002D00120BDE8F08123685F070BD57B496D
:1035C00020698A6902F07002904204D98A6922F067
:1035D000700202438A611E070BD574496069CA698B
:1035E00002F07002904204D9CA6922F070020243CC
:1035F000CA61D8060BD56D49A069CA6902F4E062B8
:10360000904204D9CA6922F4E0620243CA61990671
:103610000BD56649E0690A6A02F07002904204D94B
:103620000A6A22F0700202430A629A0740F1A180FE
:103630005E48E168826902F00F02914204D9826912
:1036400022F00F020A438261D80730D5574AA16899
:10365000936923F470630B439361616813680229D3
:1036600000F09780032900F08E80012900F09780F8
:1036700058079ED54D4E41F28838336923F0070331
:103680000B433361FDF7C4FD074605E0FDF7C0FDC0
:10369000C01B404500F281803369626803F0380343
:1036A000B3EBC20FF2D12368990706D5E1683F4812
:1036B000826902F00F028A425FD83B490A6802F031
:1036C0000F02AA420AD90A6822F00F022A430A60AE
:1036D0000A6802F00F02AA427FF46BAF5A070BD5BB
:1036E000324920698A6902F07002904204D28A69E4
:1036F00022F0700202438A611F070BD52B496069D3
:10370000CA6902F07002904204D2CA6922F07002C3
:103710000243CA61DE060BD52449A069CA6902F4D6
:10372000E062904204D2CA6922F4E0620243CA61B4
:103730009D060BD51D4AE169136A03F07003994297
:1037400004D2136A23F070030B431362FFF77AFE6F
:10375000164A0346164892691649C2F30322825C50
:103760000E2002F01F02D340BDE8F0410B60FDF7D0
:10377000EDBCDA073FF56AAF9FE7826922F00F02DE
:103780001143816199E79F013FF574AF11E7012073
:1037900070479B033FF56EAF0BE703200AE7DE059A
:1037A0003FF568AF05E700BF002000520044025813
:1037B000202101084402002408B501F095F9064BC8
:1037C00006499B69064A03F00F03CB5C03F01F0315
:1037D000D840106008BD00BF0044025820210108F5
:1037E0004802002410B501F07FF90949094A8B69A4
:1037F000094C03F00F03D35C03F01F03D840206093
:10380000CB69C3F30213D35C03F01F03D84010BD90
:1038100000440258202101084802002410B501F09C
:1038200063F90949094A8B69094C03F00F03D35C1A
:1038300003F01F03D8402060CB69C3F30223D35C9D
:1038400003F01F03D84010BD004402582021010896
:1038500048020024F8B53A4CA36A03F00303032B93
:1038600067D0236806460F4623F080632360FDF788
:10387000CFFC054604E0FDF7CBFC431B022B56D8DA
:1038800023681A01F7D4A36A326823F47C3343EA2D
:103890000233A362D6E90232013B013A5B02120411
:1038A0009BB202F4FE0213437268013AC2F30802AB
:1038B00013433269013A120602F0FE421343A36336
:1038C000E36A726923F0C0031343E362E26AB369F7
:1038D00022F020021A431B4BE262E26A22F010023D
:1038E000E262E16BF2690B4043EAC203E363E36A1D
:1038F00043F01003E362E36AEFB1012F0CBF43F41E
:10390000801343F40013E3620D4C236843F080639B
:103910002360FDF77DFC054604E0FDF779FC401BC4
:10392000022804D823681B01F7D50020F8BD032026
:10393000F8BD0120F8BD43F40023E362E4E700BFD3
:10394000004402580700FFFFF8B53A4CA36A03F0A1
:103950000303032B67D0236806460F4623F08053EA
:103960002360FDF755FC054604E0FDF751FC431BC1
:10397000022B56D823689A00F7D4A36A326823F042
:103980007C7343EA0253A362D6E90232013B013A57
:103990005B0212049BB202F4FE0213437268013A06
:1039A000C2F3080213433269013A120602F0FE42E2
:1039B00013432364E36A726923F440631343E362AD
:1039C000E26AB36922F400721A431B4BE262E26AB4
:1039D00022F48072E262616CF2690B4043EAC20336
:1039E0006364E36A43F48073E362E36AEFB1012F37
:1039F0000CBF43F4000343F08073E3620D4C236873
:103A000043F080532360FDF703FC054604E0FDF717
:103A1000FFFB401B022804D823689B00F7D5002039
:103A2000F8BD0320F8BD0120F8BD43F48003E36234
:103A3000E4E700BF004402580700FFFF2DE9F84308
:103A40000368044613F0006622D0426EB2F5001FF0
:103A500000F0CE8411D8002A00F0F884B2F5801F5F
:103A600040F0F18402210430FFF7F4FE0646002EF8
:103A700040F08684626E236803E0B2F5401F40F098
:103A8000E284A8480026016D21F440110A43026532
:103A9000DD050AD5626D042A06D8DFE812F0A2041B
:103AA00093049A04DF02DF020126354698051BD5F0
:103AB000A26D802A00F05B8400F2EC80002A00F006
:103AC0008B83402A40F0ED800021201DFFF7C2FECD
:103AD00023680546002D40F067839249A06D0A6D6A
:103AE00022F4E07202430A6559051FD5D4F8A420D8
:103AF000B2F5800F00F0478400F2D680002A00F073
:103B00007183B2F5001F40F0D7800021201DFFF720
:103B1000A1FE23680546002D40F044838149D4F876
:103B2000A4008A6D22F4600202438A651A051FD53B
:103B3000D4F8A820B2F1007F00F02E8400F2BF80FC
:103B4000002A00F05583B2F1807F40F0C080002150
:103B5000201DFFF77FFE23680546002D40F02A83D5
:103B60007049D4F8A8008A6D22F0E06202438A65A9
:103B70009F0118D5A26C202A00F0DA8300F2AA80F7
:103B80003AB1102A40F0A9806649CA6A42F400326C
:103B9000CA62002D40F059836249A06CCA6C22F0C1
:103BA00030020243CA64D8041DD5E26DB2F5005F4D
:103BB00000F0FB8300F29480002A00F01F83B2F52E
:103BC000805F40F095800021201DFFF743FE2368B1
:103BD0000546002D40F0EC825249E06D0A6D22F45A
:103BE000E04202430A6599041AD5226EB2F5003FFD
:103BF00000F074837FD84AB1B2F5803F40F08380F3
:103C00000121201DFFF726FE23680546002D40F008
:103C10001E834449206E0A6D22F4E02202430A65A5
:103C20005A041BD5D4F8AC20B2F1005F00F06083D9
:103C30006CD842B1B2F1805F70D10121201DFFF735
:103C400009FE23680546002D40F003833549D4F86A
:103C5000AC008A6D22F0E04202438A651F040DD554
:103C6000E26EB2F1805F00F03183B2F1005F00F0EC
:103C70000182002A00F0048201263546D8015DD574
:103C8000626C032A00F20A84DFE812F05400170382
:103C90004E005400C02A3FF41DAFB2F5807F3FF4C0
:103CA00019AF012635461FE7B2F5C00F3FF433AF19
:103CB000B2F5000F3FF42FAF0126354636E7B2F1DB
:103CC000407F3FF44AAFB2F1806F3FF446AF012628
:103CD00035464DE7302A3FF45CAF0126354662E7B2
:103CE000B2F5405F3FF475AFB2F5804F3FF471AF6E
:103CF0000126354677E722F48031B1F5802F85D053
:103D0000B2F5403F82D00126354689E722F0805146
:103D1000B1F1804F97D0B2F1405F94D00126354683
:103D20009CE700BF004402580221201DFFF792FDCE
:103D300023680546002D00F06B822E46590200F1E3
:103D4000F081DF072FD5A26F282A2AD8DFE812F0EA
:103D5000D301290029002900290029002900290070
:103D60006D032900290029002900290029002900C4
:103D7000CC01290029002900290029002900290057
:103D8000D301290029002900290029002900290040
:103D9000D301290029002900290029002900290030
:103DA000D30101263546980716D5626F052A00F221
:103DB0007883DFE812F00D00300306000D000D00DF
:103DC0000D00012104F12400FFF7BEFD2368054624
:103DD000002D00F025822E46590717D5D4F89020E3
:103DE000052A00F26183DFE812F00D000C030600E3
:103DF0000D000D000D00012104F12400FFF7A4FDCA
:103E000023680546002D00F013822E469A061DD524
:103E1000D4F88C20B2F1005F00F0458200F2DC8023
:103E20004AB1B2F1805F40F0E1800021201DFFF730
:103E300011FD23680546002D40F00582A949D4F8FC
:103E40008C004A6D22F0E04202434A655F061DD5B0
:103E5000D4F89820B2F5006F00F0548200F2C980C7
:103E60004AB1B2F5806F40F0CE800021201DFFF7EF
:103E7000F1FC23680546002D40F0C8819949D4F82B
:103E800098008A6D22F4E05202438A6518061DD517
:103E9000D4F89C20B2F5804F00F03F8200F2B6804B
:103EA0004AB1B2F5005F40F0BB800021201DFFF752
:103EB000D1FC23680546002D40F0A6818949D4F83D
:103EC0009C008A6D22F4604202438A6519070BD573
:103ED000D4F88010B1F5805F00F03E828148426DD9
:103EE00022F440520A434265DA060BD5D4F8941006
:103EF000B1F5807F00F025827A48826D22F440720D
:103F00000A4382651F030ED5D4F8A010B1F5803F97
:103F100000F0D480B1F5003F00F0D780002900F018
:103F2000BA810126354658030FD5D4F88420B2F55E
:103F3000001F00F0B080B2F5401F00F0B380B2F572
:103F4000801F00F0A08101263546D90309D5E26C17
:103F5000002A00F08681B2F5803F00F02D81012615
:103F600035469A0000F1D2809F035CD4301E18BF02
:103F70000120DE0206D55B49256F0A6D22F0004262
:103F80002A430A65DD0007D55649D4F8B4500A69BA
:103F900022F480422A430A61990206D55149A56E4E
:103FA0000A6D22F080722A430A655A0009D54D4AEB
:103FB000116921F4004111611169D4F8B850294305
:103FC0001161002B06DA474A216DD36C23F0405370
:103FD0000B43D364BDE8F88322F08051B1F1804FE8
:103FE0003FF429AFB2F1405F3FF425AF01263546DB
:103FF0002CE722F48061B1F5805F3FF43CAFB2F56D
:10400000406F3FF438AF012635463FE722F40051B8
:10401000B1F5004F3FF44FAFB2F5C04F3FF44BAF97
:104020000126354652E7E26FB2F5807F00F022812B
:1040300006D922F48071B1F5007F03D0012098E702
:10404000002AFBD1002DF9D1264D301E696D18BF15
:10405000012021F440710A436A658AE73546002D44
:1040600040F0A4801F49606D0A6D22F007020243F0
:104070000A651BE50121201DFFF7ECFB23680546BF
:10408000002D40F0DE801749E06E0A6D22F04052AC
:1040900002430A65F2E5012104F12400FFF754FC14
:1040A00023680546002D40F0DA800E49D4F88400DC
:1040B0004A6D22F4401202434A6546E7022104F1A8
:1040C0002400FFF741FC23680546002D40F0C58021
:1040D0000449D4F8A0008A6D22F4403202438A6574
:1040E00021E700BF00440258012104F12400FFF73A
:1040F0002BFC23680546002D40F0AD80AF49A06F32
:104100004A6D22F0380202434A654CE6022104F16E
:104110002400FFF719FC236800283FF425AF01268F
:1041200022E7A74F3B6843F480733B60FDF770F8CC
:10413000804606E0FDF76CF8A0EB0800642800F26A
:104140007E813B68DA05F5D5002D40F0A4819B4ABD
:10415000D4F8B030116F594011F4407F0BD0116F7B
:10416000106F21F4407140F480301067106F20F41C
:10417000803010671167B3F5807F00F06E8103F423
:104180004072B2F5407F00F07C818C490A6922F4CC
:104190007C520A61894AC3F30B03116F0B43136707
:1041A0002368CEE52E46C1E42E469DE42E467DE4EE
:1041B0002E4618E52E46DBE40221201DFFF74AFBC0
:1041C00005462368002D53D17C49E06CCA6C22F46B
:1041D00080320243CA64C4E67849CA6A42F40032B3
:1041E000CA6277E47549CA6A42F40032CA6292E44C
:1041F0007249CA6A42F40032CA62AEE46F49CA6ABE
:1042000042F40032CA62E4E42E465FE62E463DE602
:104210006A49606CCA6C22F003020243CA648DE5ED
:104220006649606F4A6D22F0070202434A65D3E592
:104230006249D4F890008A6D22F0070202438A6531
:10424000E4E52E461AE52E4600E62E46ABE42E4661
:10425000E6E42E4602E52E46A5E52E4663E62E460A
:1042600073E65649CA6A42F40032CA62002DABD0E6
:104270002E4676E65148C16A41F40031C162002DF4
:104280007FF4DCAEE0E64D49CA6A42F40032CA620D
:10429000002DE4D109E7201DFFF7DCFA054623686D
:1042A000002DDAD114E7022104F12400FFF74CFBC2
:1042B00005462368002DC6D1C0E54049CA6A42F4CC
:1042C0000032CA62002D7FF438ADA1E73B49CA6ACB
:1042D00042F40032CA62002DB3D1D4E6012104F1C8
:1042E0002400FFF731FB05462368002DAFD190E491
:1042F000012104F12400FFF727FB05462368002D68
:10430000A7D1A3E4022104F12400FFF71DFB054619
:104310002368002D7FF47AAFB0E5022104F1240078
:10432000FFF712FB05462368002D7FF46DAFC5E54E
:104330000221201DFFF78EFA05462368002D84D147
:104340002AE4022104F12400FFF7FEFA2368002882
:104350003FF4D8AD0126D5E5022104F12400FFF792
:10436000F3FA236800283FF4BFAD0126BCE5002125
:1043700004F12400FFF7E8FA23680546FFF7AABB1B
:104380002368FFF785BB002104F12400FFF7DCFA66
:1043900023680546FFF7BFBB002104F12400FFF7A7
:1043A000D3FA23680546FFF7D8BB002104F12400A7
:1043B000FFF7CAFA236805460BE400BF0044025821
:1043C000004802580021201DFFF744FA23680546E3
:1043D00045E6002104F12400FFF7B6FA23680546FC
:1043E0003DE633493546CA6A42F40032CA6236E6CF
:1043F00002212430FFF7A8FA0646002E3FF43AAB1C
:10440000BEE70121201DFFF725FA05462368002D90
:104410007FF4FBAC0CE70121201DFFF71BFA0546DA
:104420002368002D7FF4D7ACFAE60121201DFFF7A9
:1044300011FA05462368002D7FF40DAF5EE60326D2
:10444000236835467DE40126FFF722BB1848C16A80
:1044500041F40031C162FFF714BBFCF7D9FEDFF86D
:104460005080074641F2883904E0FCF7D1FEC01BBA
:104470004845E4D8D8F870309B07F6D5D4F8B0306A
:104480007DE60B480B4A016902EA131221F47C51C4
:104490000A4302617EE623682E4652E40126354631
:1044A0004CE40126354697E401263546AEE400BFCC
:1044B00000440258CFFFFF0008B5FFF77DF9054B18
:1044C000054A1B6AC3F30213D35C03F01F03D840F1
:1044D00008BD00BF0044025820210108584B70B4A9
:1044E000996A9D6ADE6A15F47C3FC5F30532DC6B80
:1044F0005CD0C4F3CC0406F0100601F0030106FB07
:1045000004F4012907EE904AB8EEE77A03D00229B5
:1045100075D000294FD007EE902ADFED4A6AF8EEF9
:10452000E77A9B6B86EEA76A9FED475AC3F30803B1
:1045300006EE903AF7EE005AF8EEE66AE7EE056A04
:1045400076EEA56A66EE266A3D4AB7EE006A936B80
:10455000C3F3462307EE103AB8EEC77A70BC37EEC5
:10456000067AC6EE877AFCEEE77AC0ED007A936BA6
:10457000C3F3064307EE103AB8EEC77A37EE067A71
:10458000C6EE877AFCEEE77AC0ED017A936BC3F34F
:10459000066307EE903AF8EEE77A77EE867A86EED3
:1045A000A77ABCEEC77A80ED027A704770BCC0E98A
:1045B0000022826070471968890627D51C6807EEBB
:1045C000902A2249F7EE005A9B6BC4F3C102F8EE21
:1045D000E77A9FED1D5AC3F30803D14006EE903AE7
:1045E00006EE101AF8EEE66AB8EEC66AE7EE056A5D
:1045F00086EE277A76EEA56A66EE876AA4E707EE6E
:10460000902ADFED136AF8EEE77A8AE707EE902A40
:104610009FED105A9B6BB7EE006AF8EEE77ADFED7C
:104620000A5AC3F30803C5EE276A07EE903AF8EE7C
:10463000E77AE7EE257A77EE867A66EEA76A83E771
:10464000004402580024744A000000390090D0034E
:104650000024744B0024744C584B70B4996A9D6AC2
:10466000DE6A15F07C7FC5F305525C6C5CD0C4F348
:10467000CC0406F4807601F0030106FB04F4012962
:1046800007EE904AB8EEE77A03D0022975D00029E8
:104690004FD007EE902ADFED4A6AF8EEE77A1B6CFE
:1046A00086EEA76A9FED475AC3F3080306EE903AD9
:1046B000F7EE005AF8EEE66AE7EE056A76EEA56ACE
:1046C00066EE266A3D4AB7EE006A136CC3F34623D2
:1046D00007EE103AB8EEC77A70BC37EE067AC6EE2F
:1046E000877AFCEEE77AC0ED007A136CC3F30643D9
:1046F00007EE103AB8EEC77A37EE067AC6EE877A3A
:10470000FCEEE77AC0ED017A136CC3F3066307EEA3
:10471000903AF8EEE77A77EE867A86EEA77ABCEEE4
:10472000C77A80ED027A704770BCC0E900228260CF
:1047300070471968890627D51C6807EE902A224918
:10474000F7EE005A1B6CC4F3C102F8EEE77A9FED56
:104750001D5AC3F30803D14006EE903A06EE101A34
:10476000F8EEE66AB8EEC66AE7EE056A86EE277AE4
:1047700076EEA56A66EE876AA4E707EE902ADFED7B
:10478000136AF8EEE77A8AE707EE902A9FED105A4F
:104790001B6CB7EE006AF8EEE77ADFED0A5AC3F356
:1047A0000803C5EE276A07EE903AF8EEE77AE7EEDF
:1047B000257A77EE867A66EEA76A83E70044025888
:1047C0000024744A000000390090D0030024744B88
:1047D0000024744C584B70B4996A9D6ADE6A15F4D3
:1047E0007C7FC5F305125C6B5CD0C4F3CC0406F08F
:1047F000010601F0030106FB04F4012907EE904ACB
:10480000B8EEE77A03D0022975D000294FD007EE21
:10481000902ADFED4A6AF8EEE77A1B6B86EEA76A0C
:104820009FED475AC3F3080306EE903AF7EE005A9D
:10483000F8EEE66AE7EE056A76EEA56A66EE266AA7
:104840003D4AB7EE006A136BC3F3462307EE103AF6
:10485000B8EEC77A70BC37EE067AC6EE877AFCEE01
:10486000E77AC0ED007A136BC3F3064307EE103A04
:10487000B8EEC77A37EE067AC6EE877AFCEEE77AAC
:10488000C0ED017A136BC3F3066307EE903AF8EEBE
:10489000E77A77EE867A86EEA77ABCEEC77A80ED65
:1048A000027A704770BCC0E90022826070471968C4
:1048B000890627D51C6807EE902A2249F7EE005A90
:1048C0001B6BC4F3C102F8EEE77A9FED1D5AC3F3E8
:1048D0000803D14006EE903A06EE101AF8EEE66AAA
:1048E000B8EEC66AE7EE056A86EE277A76EEA56A26
:1048F00066EE876AA4E707EE902ADFED136AF8EE0A
:10490000E77A8AE707EE902A9FED105A1B6BB7EE05
:10491000006AF8EEE77ADFED0A5AC3F30803C5EE42
:10492000276A07EE903AF8EEE77AE7EE257A77EE17
:10493000867A66EEA76A83E7004402580024744A28
:10494000000000390090D0030024744B0024744C04
:10495000B0F5807F00B585B048D0B0F5007F11D0AC
:10496000B0F5806F00F08280B0F5006F52D0B0F5E6
:10497000805F2CD0B0F5002F00F09680002005B0AD
:104980005DF804FB534A136D03F4E073802B59D098
:1049900012D9C02B26D0B3F5807FEFD1D36C13F0A2
:1049A00040535BD0B3F1805F00F08D80B3F1005FC6
:1049B000494818BF0020E2E7002B3CD0402BDDD156
:1049C00001A8FFF78BFD019805B05DF804FB414A93
:1049D000136D03F4E043B3F5005F33D029D9B3F589
:1049E000405F58D13D4805B05DF804FB394B1B6D65
:1049F00003F00703042BC1D801A252F823F000BF33
:104A0000374A0008C1490008454A0008E54900083E
:104A1000534A00082F4A936D03F0E063B3F1007F1F
:104A200010D01DD9B3F1407FDCD0B3F1806FB5D089
:104A3000A4E7002B34D101A8FFF7CCFE029805B003
:104A40005DF804FB01A8FFF707FE019805B05DF8CB
:104A500004FB204BDB6C13F04053A3D120488EE7BE
:104A6000002BE8D0B3F1807FAAD087E7194A936D75
:104A700003F46003B3F5800FE4D005D8002BDAD03F
:104A8000B3F5001F9CD079E7B3F5C00FAAD0B3F5FA
:104A9000000F83D072E7B3F5804F3FF47FAF6DE72F
:104AA000B3F5805F8CD069E70A4A936D03F4403315
:104AB000B3F5803F09D0B3F5003F3FF46FAF002B53
:104AC0007FF45CAF7CE7074859E701A8FFF7C4FD16
:104AD000039854E7004402580024F4000080BB000F
:104AE0000090D00300093D0008B5FEF7ABFC064B73
:104AF00006499B69064AC3F30323CB5C03F01F03FB
:104B0000D840106008BD00BF0044025820210108B1
:104B100044020024084604F00DB900BF143001F02F
:104B200069BA00BF38B500F1140504462DED028BBB
:104B3000284601F01BFA284601F014FA2846B0EE88
:104B4000408A01F0FDF9D0ED007AF8EE677A88EE40
:104B5000277ABDEC028B84ED0E7A38BD38B500F1B2
:104B6000140504462DED028B284601F0EDF9284688
:104B700001F0F8F92846B0EE408A01F0E1F9D0EDF5
:104B8000007AF8EE677A88EE277ABDEC028B84ED26
:104B90000E7A38BD253001F079BF00BF10B540F264
:104BA00003338EB000244FF60B7240F20341ADF890
:104BB000083009A80123ADF81020ADF824202246C2
:104BC000ADF80C100094029907940C94CDE90544BB
:104BD000CDE90A4401F082FD04A80123224603998D
:104BE000009401F07BFD09A801F05EFE10B90120E0
:104BF0000EB010BD04A801F057FEA0420CBF022069
:104C000020460EB010BD00BF2DE9F04103239AB03D
:104C1000012700240646CDE914373B4BCDE910436C
:104C200040F20453CDE91647ADF84830FFF7B6FF20
:104C3000B842054625D0022845D040F60132334B14
:104C40000DF12C081894ADF82C200B981997CDF87D
:104C50004A3000F0E3F810A906F13C0002F060FED3
:104C6000302003224FF07E5341460D930E93CDE941
:104C70000B02F26B06F1140001F02AF91AB0BDE83C
:104C8000F0811023214A06A906908DF828300DF1F5
:104C90002C081F4BCDF84A2007930294CDE9180445
:104CA000CDE9080402A802F071F80823029A03A9CA
:104CB0004046ADF80C508DF80E40049505930B94CA
:104CC00000F0ECF8C7E700200121104B0DF12C0893
:104CD0003A460094CDF84A304FF60B730C94ADF879
:104CE0002C302346CDE9180140F601314046ADF89D
:104CF00018100699CDE90D4401F0F0FC214640461C
:104D000001F0DEFDA7E700BF04020404040604036B
:104D10000704010B2DE9F04704462DED028B82B00C
:104D200000294DD0012140F2011200230091ADF87D
:104D300004208DF80630364A0127364B04F1040969
:104D4000354904F12908626040F20272A36040F61E
:104D50000663E16004F1250AA4F82520A4F82930AF
:104D6000278284F8277084F82B7004F07FF90546B9
:104D700003F0E2FF6946064650BB4DB304F1300034
:104D80008DF8067004F0FAF8072D3CD104F11405F3
:104D90002046FFF739FF284601F0E4F82846B0EE38
:104DA000408A01F0CDF8D0ED007AF8EE677A88EE0F
:104DB000277A84ED0E7A02B0BDEC028BBDE8F08755
:104DC00040F2011300918DF80610ADF80430B2E7FF
:104DD00004F1300004F0D2F8072D11D049462046E6
:104DE00002F01EFA0EB9002DD0D1504601F072FD2E
:104DF000404601F06FFD04F1120000F079F9C5E7BB
:104E0000002EF2D1C2E74946204602F009FABDE77A
:104E10000508050905070506050A060610B584B04C
:104E200003460124ADF8040003A8ADF80C30ADF83A
:104E30000E4001F04FFD214603A801F027FE204659
:104E400003F078FF002103A801F020FE204603F0C4
:104E500071FF214603A801F019FE04B010BD00BF88
:104E600010B5C2F3002384B00C46017C8DF80D20F0
:104E700043EA4402FA2402238DF80C2003AA00948A
:104E800002F01AF818B10124204604B010BD0446FF
:104E90000A2003F04FFF204604B010BD034670B552
:104EA00043F8042B044684B007C983E80700A379BC
:104EB00083B91A210B461E22FA2523742046ADF829
:104EC0000C20022303AA009501F0F6FF28B101206F
:104ED00004B070BD1B210B46EDE70A2003F02AFF4A
:104EE0004FF4B85200950223ADF80C20204603AAD7
:104EF000217C01F0E1FF0028E9D10A2003F01AFF2C
:104F000041F2027200950223ADF80C20204603AA5C
:104F1000217C01F0D1FF0028D9D10A2003F00AFF3B
:104F2000042200950223ADF80C20204603AA217C20
:104F300001F0C2FF0028CAD10A2003F0FBFE0622BE
:104F400000950223ADF80C20204603AA217C01F035
:104F5000B3FF0028BBD10A2003F0ECFE41F2082287
:104F600000950223ADF80C20204603AA217C01F015
:104F7000A3FF0028ABD10A20064603F0DBFE009514
:104F8000022303AA217C2046ADF80C6001F094FFB7
:104F900000289CD1304603F0CDFE009522790C23E9
:104FA0002046002A8DF80C3003AA4FF0020314BFEC
:104FB000622142218DF80D10217C01F07DFF002837
:104FC00085D1304603F0B6FE2279D4E902310B4395
:104FD000DBB20AB943F0400362790AB143F020031F
:104FE0000E22FA258DF80D302046009502238DF80B
:104FF0000C2003AA217C01F05FFF00287FF467AF3B
:105000000A2003F097FE102200950223ADF80C2031
:10501000204603AA217C01F04FFF00287FF457AF00
:105020000A2003F087FE122100950223ADF80C1030
:1050300003AA217C204601F03FFF00287FF447AF00
:105040000A2003F077FE012209212046FFF708FF1E
:10505000003818BF01203BE7F0B5102387B0234C80
:10506000012200250126002702A920460195CDE94D
:1050700002234FF48052CDE9046707F0C9F8642099
:10508000FCF7CCF802A94FF480522046CDE9046722
:1050900002261027CDE9026707F0BAF80322102391
:1050A00002A92046CDE9022300230422CDE90423EE
:1050B0004FF4805207F0ACF840F23223042202A9E8
:1050C000019310232046CDE90223019A0123059282
:1050D0004FF48052049307F09BF840F606012046F7
:1050E00007F0B6F8284607B0F0BD00BFC80400249A
:1050F0001C4B00221C494FF0400C30B5054689B0CE
:105100000220596007219A601A620124DA620A2299
:105110004FF4006EDC6006922022CDE900010420ED
:105120000821CDE9020103201021CDE90401082066
:105130006946C3E904024FF4C072181DC3E906C2F0
:105140004FF48052C3E909E207F038F838B928462D
:10515000FFF782FF003818BF012009B030BD20469C
:1051600009B030BDC404002440410052614A00210E
:10517000D0B513688EB00A91002B40F0B9805E4B19
:1051800001214FF683700C2411600221D3F8D42042
:105190000026032742F48052C3F8D420D3F8D42049
:1051A00002F480520092009AD3F8E02042F01002FC
:1051B000C3F8E020D3F8E02002F010020192019A37
:1051C000D3F8E02042F04002C3F8E020D3F8E0201A
:1051D00002F040020292029AD3F8E02042F0080264
:1051E000C3F8E020D3F8E02002F008020392039A0B
:1051F000D3F8E02042F48072C3F8E020D3F8E02036
:1052000002F480720492049AD3F8E02042F0800203
:10521000C3F8E020D3F8E02002F080020592059A5E
:10522000D3F8E02042F02002C3F8E020D3F8E020D9
:1052300002F020020692069AD3F8E02042F004021F
:10524000C3F8E020D3F8E0300C9403F00403079394
:105250000323079A0B93CDE9080108A9274804F016
:1052600041F948F23712022308A925480C94CDE9E8
:105270000823CDE90A6704F035F94CF203720223E2
:1052800008A920480C94CDE90823CDE90A6704F069
:1052900029F940F2FF62022308A91B480C94CDE9CA
:1052A0000823CDE90A6704F01DF94FF60C720223BA
:1052B00008A916480C94CDE90823CDE90A6704F043
:1052C00011F94FF63F02022308A911480C94CDE9C9
:1052D0000823CDE90A6704F005F92022022308A972
:1052E0000A480C94CDE90A67CDE9082304F0FAF8DE
:1052F0000EB0D0BDC0040024004402580010025873
:1053000000180258000C025800200258001C0258D5
:10531000001402582DE9F04FDFF8108406460D46C0
:10532000144608F118002DED028B89B000AF02F091
:10533000EFFBD8F8183073B3D8F81C30D8F80490C5
:10534000002B43690BBF4FF0080A4FF0100A4FF0D3
:10535000020B4FF0040BB9F1000F2AD0A200EA466D
:10536000012B02F1070222F00702ADEB020D6846A5
:10537000ADEB020D694600F03F81022B00F0D680B4
:10538000002B6FD02246C847D5462437BD46BDEC1A
:10539000028BBDE8F08FD8F81C30002BF5D0D8F880
:1053A00004904FF0080A4FF0020B4369B9F1000F67
:1053B000D4D1FB61D8F80030BB61002BE5D0D548D3
:1053C00002F018FC6B46BBF1020F786108EE103A50
:1053D000FB6900F083816A465146A2EBC402954600
:1053E0006200EA46B2FBFBF2AAEBC40085460AEB78
:1053F0008200EE46F861ADEB010DF8690EEB820C10
:10540000C7F810C0EC46ADEB010D00EB8201CCF803
:105410000400CCF8081001EB82013869E946CCF8A9
:105420000C1000EB8201CCF800A001EB8202C9E96C
:1054300000E0C9E90212012B00F06483022B00F0A6
:105440006C82002B00F08081620849466046BB698F
:10545000984718EE103A24379D46BD46BDEC028BA6
:10546000BDE8F08F002C8DD01A46D8ED0C6A9FED68
:10547000B27A8446331D36F922E00CF1080C07EEAF
:1054800090EA33F922E00232F8EEE77A944267EECE
:10549000877A67EEA67A4CED027A07EE90EAF8EE8C
:1054A000E77A67EE877A67EEA67A4CED017AE2D862
:1054B000F9612246C847984ED8ED0D6A0020F96977
:1054C0002B1D9FED9E7A9FED9E6ADFED9E5A22E096
:1054D000F4EEC67AF1EE10FAC0F2C88447F6FE7216
:1054E000D1ED017A45F8202066EEA77AF4EEC77A6E
:1054F000F1EE10FA40F2F080F4EEC67AF1EE10FA16
:10550000C0F2D58447F6FE7243F8202002300831FD
:1055100084427FF639AFD1ED007A66EEA77AF4EED9
:10552000C77AF1EE10FAD3D83246D9E7002C3FF40F
:1055300029AFD8ED0C6A84469FED787A0022331D9E
:105540008E4656F822100CF1080C07EE901A53F80C
:1055500022100232F8EEE77A944267EE877A67EE1D
:10556000A67A4CED027A07EE901AF8EEE77A67EE2B
:10557000877A67EEA67A4CED017AE2D87146224628
:10558000C7F81CE0C847664ED8ED0D6A0020F969DF
:105590002B1D9FED6A7A9FED6A6ADFF894C120E0C7
:1055A000F4EEC67AF1EE10FAC0F279843246D1ED0B
:1055B000017A45F8202066EEA77AF4EEC77AF1EE7C
:1055C00010FA40F28780F4EEC67AF1EE10FAC0F2DB
:1055D0005E84324643F820200230083184427FF650
:1055E000D3AED1ED007A66EEA77AF4EEC77AF1EE8B
:1055F00010FAD5D86246DAE7002C3FF4C3AED8EDF6
:105600000C6A86469FED477A4FF0000C331D56F822
:105610002C200EF1080E82F40002A2F5000207EE23
:10562000902A53F82C200CF1020CF8EEE77A82F461
:1056300000026445A2F5000267EE877A67EEA67A5B
:105640004EED027A07EE902AF8EEE77A67EE877A57
:1056500067EEA67A4EED017AD9D8F9612246C8479D
:10566000314ED8ED0D6A0020F9692B1D9FED337A7C
:105670009FED336ADFF8BCC01FE0F4EEC67AF1EEAE
:1056800010FAC0F2FC833246D1ED017A45F82020B1
:1056900066EEA77AF4EEC77AF1EE10FA18D9F4EEB6
:1056A000C67AF1EE10FAC0F2DA83324643F82020CF
:1056B0000230083184427FF667AED1ED007A66EEA3
:1056C000A77AF4EEC77AF1EE10FAD6D86246DBE795
:1056D0006246EBE762467DE7324615E7A100D64613
:1056E0006208073121F00701ADEB010DEA46ADEB91
:1056F000010D6946ADEB0E0D0AEB8200EC46ADEBF9
:105700000E0D01EB8202F861E946CCE900A0C9E97F
:10571000001290E6180500240280FFFF0000003010
:105720000082FF7F0000003482FF7F00FC04002421
:10573000007E00807E0080FF0000003804FF7FBFF5
:1057400004FF7F3F00FEFF46002C00F0C982BBF142
:10575000020FD8F8242000F0FA827969C7F8049083
:1057600002EB810E5FED0C5A8A00DCF808100EF196
:1057700004007A611A46DCF80C303B61331DD7F81F
:1057800010903D61FD69C7E902CB8C46834636F92E
:105790002210D8ED0C7A06EE101A33F9221006EE1C
:1057A000901A3EF92210B8EEC66A07EE101AF8EE0B
:1057B000E66A3BF92210B8EEC77A26EE256A66EE55
:1057C000A56A27EE257A26EE276A66EEA76A27EEF7
:1057D000277A07EE901A51080232F8EEE77A0AEBC0
:1057E0008100944280ED006A05EB810067EEA57AA6
:1057F000C0ED006A0CEB810009EB810180ED007ABD
:1058000098ED0C7A67EE877AC1ED007ABFD8D7F8A9
:1058100004903D69D7E902CB60466208BB694946FE
:105820009847D8F82C307A69D8ED0D6A1A441FEDE4
:105830003D7A1FED3D6A2B1D904602F1040A5FED93
:105840003F5A0022A84ED9E900EC51E0F4EEC67AA6
:10585000F1EE10FAC0F2C78247F6FE7045F822005A
:105860000CEB0100D0ED007A66EEA77AF4EEC77A71
:10587000F1EE10FA4BD9F4EEC67AF1EE10FAC0F25E
:10588000BA8247F6FE70BBF1020F43F822002BD01C
:10589000D9F808000844D0ED007A66EEA77AF4EE55
:1058A000C77AF1EE10FA36D9F4EEC67AF1EE10FAB4
:1058B000C0F2CD8247F6FE7048F82200D9F80C00FD
:1058C0000144D1ED007A66EEA77AF4EEC77AF1EEE4
:1058D00010FA1ED9F4EEC67AF1EE10FAC0F2AF82D9
:1058E00047F6FE714AF82210023294427FF6B1ADBB
:1058F00051080EEB81008900D0ED007A66EEA77AA0
:10590000F4EEC77AF1EE10FAA0D83046A6E730469A
:10591000B9E73146E6E73046CEE7002C00F0E081FB
:10592000BBF1020FD8F8243000F0E1817A69DCF88D
:10593000081003EB820EC7F804909300DFED6B5A5A
:105940000EF1040000227B61DCF80C303B61331D5A
:10595000D7F810903D61FD69C7E902CB8C468346BC
:1059600056F82210D8ED0C7A07EE101A53F82210D0
:10597000B8EEC76A07EE101A5EF82210F8EEC76A92
:1059800007EE101A26EE256A5BF82210B8EEC77AE9
:1059900066EEA56A26EE276A27EE257A66EEA76AE6
:1059A00027EE277A07EE901A51080232F8EEE77ACE
:1059B0000AEB8100944280ED006A05EB810067EEFE
:1059C000A57AC0ED006A0CEB810009EB810180ED46
:1059D000007A98ED0C7A67EE877AC1ED007ABFD82D
:1059E000D7F804903D69D7E902CB60466208BB69ED
:1059F00049469847D8F82C307A69D8ED0D6A1A4490
:105A00009FED3E7A9FED3E6A131D9246DFF8E4C09B
:105A10000022FB612B1D364ED9E9008E4EE0F4EEDC
:105A2000C67AF1EE10FAC0F2FC81304645F8220049
:105A30000EEB0100D0ED007A66EEA77AF4EEC77A9D
:105A4000F1EE10FA49D9F4EEC67AF1EE10FAC0F28E
:105A5000EF813046BBF1020F43F822002AD0D9F87B
:105A600008000844D0ED007A66EEA77AF4EEC77A13
:105A7000F1EE10FA35D9F4EEC67AF1EE10FAC0F272
:105A8000C98130464AF82200D9F80C000144D1ED12
:105A9000007A66EEA77AF4EEC77AF1EE10FA1ED914
:105AA000F4EEC67AF1EE10FAC0F2AD813146F86933
:105AB00040F82210023294427FF6CBAC510808EB3A
:105AC00081008900D0ED007A66EEA77AF4EEC77AFD
:105AD000F1EE10FAA3D86046A8E76046BAE761463F
:105AE000E5E76046CEE700BF0280FFFF0000003020
:105AF0000082FF7F007E00800000003404FF7FBF33
:105B000004FF7F3F002C00F0EB807A690021D8F879
:105B10002430C7F8109003EB820ED7F81C90930046
:105B2000FD610EF104021FED0C6A7B61331D154609
:105B300056F821204808D8ED0C6ABBF1020F82F418
:105B40000002A2F5000207EE902A53F8212082F409
:105B50000002B8EEE77AA2F5000227EE067A07EE19
:105B6000902A0AEB8002F8EEE77A27EE267A67EEB3
:105B7000867A82ED007A09EB80024FEA800067EEB8
:105B8000A67AC2ED007A27D05EF8212082F40002C6
:105B9000A2F5000207EE902A55F8212082F40002B7
:105BA000B8EEE77AA2F5000227EE067A07EE902A11
:105BB000DCF80820F8EEE77A024427EE267A67EE52
:105BC000867A82ED007A98ED0C7ADCF80C2067EE8C
:105BD000877A0244C2ED007A02318C42A8D8D7F805
:105BE000109060466208BB694946FD699847D8F83D
:105BF0002C307A69D8ED0D6A1A441FED407A1FEDFA
:105C0000406A131D9246DFF8C4C20022FB612B1DBF
:105C1000AB4ED9E9008E4EE0F4EEC67AF1EE10FA02
:105C2000C0F2C580304645F822000EEB0100D0EDF1
:105C3000007A66EEA77AF4EEC77AF1EE10FA49D947
:105C4000F4EEC67AF1EE10FAC0F2BF803046BBF136
:105C5000020F43F822002AD0D9F808000844D0EDFA
:105C6000007A66EEA77AF4EEC77AF1EE10FA35D92B
:105C7000F4EEC67AF1EE10FAC0F2AE8030464AF881
:105C80002200D9F80C000144D1ED007A66EEA77A23
:105C9000F4EEC77AF1EE10FA1ED9F4EEC67AF1EE00
:105CA00010FAC0F28B803146F86940F822100232B7
:105CB00094427FF6CEAB510808EB81008900D0ED0D
:105CC000007A66EEA77AF4EEC77AF1EE10FAA3D85E
:105CD0006046A8E76046BAE76146E5E76046CEE77A
:105CE000224649466046BB699847FFF7B2BBC7F8F2
:105CF00010B0002298ED0C6A331DDFED726AD7F800
:105D00001CB0786956F8221007EE901A53F822104A
:105D1000B8EEE77A07EE901A51080232F8EEE77A09
:105D200027EE267A0AEB810E94420BEB810167EE97
:105D3000A67A27EE067A67EE867A8EED007AC1EDB6
:105D4000007ADFD88300D7F810B07B614DE61A46A1
:105D5000C7F810B098ED0C6A331DDFED5B6AD7F819
:105D60001CB0786936F9221007EE101A33F92210A8
:105D700007EE901AB8EEC77A51080232F8EEE77AC9
:105D800027EE267A0AEB810E94420BEB810167EE37
:105D9000A67A27EE067A67EE867A8EED007AC1ED56
:105DA000007ADFD88300D7F810B07B6134E5F0EEDD
:105DB000675AFEEEE45A15EE900A34E7F0EE675AA1
:105DC000FEEEE45A15EE901A6EE7F0EE675AFEEE1C
:105DD000E45A15EE900A3AE7F0EE675AFEEEE45AFE
:105DE00015EE900A4BE767EEA57AFDEEE77A17EE1F
:105DF000900A00B232E567EEA57AFDEEE77A17EE7B
:105E0000900A00B23FE5F0EE675AFEEEE05A15EE5A
:105E1000901A4CE6F0EE675AFEEEE05A15EE900A44
:105E200030E6F0EE675AFEEEE05A15EE900AFDE518
:105E3000F0EE675AFEEEE05A15EE900A0AE667EEBB
:105E4000A57AFDEEE77A17EE901A09B24AE567EEF9
:105E5000A57AFDEEE77A17EE900A00B22CE5F0EE97
:105E6000675AFEEEE45A15EE902A1FE467EEA57A13
:105E7000FDEEE77A17EE902A12B2FFF731BBF0EE93
:105E8000675AFEEEE45A15EE902AFFF7FDBBF0EEDE
:105E9000675AFEEEE05A15EE902AFFF79BBBF0EE34
:105EA000675AFEEEE05A15EE902AFFF780BB67EEC8
:105EB000A57AFDEEE77A17EE902A12B2FFF724BB1F
:105EC00082FF7F0000000030000000387E0080FF6D
:105ED00030B5184C154685B0046004F1080EEC4648
:105EE0000FC98EE80F00D4ED047AF5EEC07A8CE885
:105EF0000F00F1EE10FA1ADDB7EE006A94ED057AA4
:105F000027EE277AC6EE276A84ED0D7AC4ED0C6A77
:105F10006DB1204640F8185F01F0FAFD06490369AB
:105F20000020064A2162A262E36005B030BD012074
:105F300005B030BDFC04002400200030000000301B
:105F400000680830704700BFB1F5807F03680A46DB
:105F500028BF4FF48072B1F5807F9A6094BF002013
:105F6000012070470068183001F032BE70B5046837
:105F70008AB0A369E160CBB104F11805284601F0AD
:105F8000C7FD8446EE46E668BCE80F00AEE80F00A9
:105F9000BCE80F00AEE80F009CE803008EE80300A9
:105FA00069462846049601F0BBFCF8B9E069D8B10F
:105FB00004F11C05284601F0ABFD8446EE46E4687A
:105FC000BCE80F00AEE80F00BCE80F00AEE80F0021
:105FD0009CE803008EE8030069462846049401F01B
:105FE0009FFC003818BF01200AB070BD01200AB024
:105FF00070BD00BF30B5046883B00D46E3694BB196
:10600000A3680020E26A616A9B00009004F11C0012
:1060100001F080FDA3680748A26A9B00216A0090F6
:1060200004F1180001F076FD0020C4E9005003B02F
:1060300030BD00BF1553000810B4074B4FF07E5120
:1060400030240022032019619C60D8605DF8044B65
:106050005961C3E906227047FC04002400B583B0EF
:106060004FF0000E4FF0030C4274ADF80410BDF871
:10607000043080F810E0A0F802C0038003B05DF89F
:1060800004FB00BF2DE9F04FDFF81C8300258DB025
:10609000C04C037008F140034260074601920E466F
:1060A000202229464046C4F86831C4F86481CDE90D
:1060B0000255CDE90455CDE90655CDE90855CDE9A0
:1060C0000A550BF041FB2022294604F5A170C4F8C3
:1060D0003151C4F83551C4F83951C4F83D510BF071
:1060E00033FB019B84F8485284F830317A68002AE7
:1060F0006AD02B4604F59871454606F1100A9E4673
:10610000F01856F803B0E2180EF1010ED0F80CC0EA
:10611000D0F80490D0F8088044F803B0C2F80CC05E
:106120004FF0000CC2F80490C2F80880008A25F8ED
:1061300002CB10821AF8032001F8012F002A70D038
:106140007A684FF001001233724584F84802D7D8BC
:106150004FF4802290489DF8043008214FF0000849
:106160004FF00009C4F884310023C4E95B02012226
:10617000C4F8743184F88031C4E95E2194F848127F
:10618000C4E96489A9B3C4F89821002284F8813154
:1061900084F888313B78C4E96722002B38D001228B
:1061A00000200121013B84F8A421C4E96C01082BE3
:1061B00030D8DFE813F0BD00C200C700CC00D1002A
:1061C000D600DB00E100E8009DF804300121C4F8AE
:1061D0007421C4F884314FF4802384F880216E4AFE
:1061E000C4E95B2308230022C4E95E130023C4E949
:1061F00064230123002284F88131002384F888314C
:106200000323C4F898313B78C4E96722002BC6D138
:1062100084F8A4316148FBF739FC034638B1FFBE6E
:10622000FEE77A68123372453FF66AAF90E702A93B
:106230005A480293FBF788FD8246002876D1042253
:1062400040F2FF710A90CDE9081294F83021002A3B
:1062500000F0F3804FF006080AEBCA034FEACA09C0
:1062600004EB43035B7C072B07D8DFE803F0595CA2
:106270005653504D4A04072307930FFA8AF6D14428
:1062800006EBC60604EB490904EB460775003846E1
:1062900000F020FB99F81030042B00F3AA80022BA9
:1062A00000F3BD8000F0B98004EB0A03002283F8FC
:1062B000202114F81630002B78D0022B00F08A80B1
:1062C000012B40F0B2807B78012B00F0B080002BD6
:1062D000334B18BF002305A93048CDE90538FBF73B
:1062E00001F8002840F0AC800AF1010A94F830313E
:1062F0005FFA8AFA534540F2A0802A4B53F82A806D
:10630000AAE706230793B8E705230793B5E7042315
:106310000793B2E703230793AFE702230793ACE7A2
:1063200000230793A9E701230793A6E7FFBEFEE733
:1063300003224023C4E96A236CE707226023C4E9EF
:106340006A2367E70F228023C4E96A2362E71F22DA
:10635000A023C4E96A235DE73F22C023C4E96A237E
:1063600058E77F22E023C4E96A2353E7FF224FF472
:106370008073C4E96A234DE740F2FF124FF4907333
:10638000C4E96A2346E740F2FF324FF4A073C4E940
:106390006A233FE73805002400200240A4060024B9
:1063A0000002B02570200108004000307B78062BE9
:1063B00037D0072B3DD0022B4AD0032B4AD0002BDD
:1063C0004CD0012B48D0042B4AD0052B254B18BFAD
:1063D000002380E77B78042B25D0052B2BD08BB3B3
:1063E000012B31D0022B31D0032B1F4B18BF0023C0
:1063F00071E70323043504EB0A0B4FF00009254431
:106400008BF82031284609F1010900F063FA9BF866
:10641000203104354B45F5DC4BE70123EAE7022345
:10642000E8E7124B57E7124B55E7002353E7114BB0
:1064300051E7114B4FE7114B4DE70DB0BDE8F08F21
:10644000FFBEFEE70E4B46E70E4B44E70E4B42E71E
:106450000E4B40E70E4B3EE70E4B3CE70E4B3AE748
:106460000E4B38E70000B84F002090360800900C23
:106470001000C0102000F0148000501D0001802189
:106480000004002A0008302E001060320040C03A9C
:106490000080F03E00005247000021430000844B82
:1064A00038B5094C40F2FF724FF0011104F5B67592
:1064B0002846FBF7F7FB94F83021D4F864112846FE
:1064C000BDE83840FBF762B938050024064B0F29B8
:1064D000D3F8643198BF03EB41031B8800EE103AF8
:1064E000BBEEC80A704700BF38050024214B026884
:1064F0009A4200D07047204A00232048D2F8D81092
:1065000030B51F4C41F0200183B0C4F8D001092000
:1065100004F5E875C4E975034FF48060C2F8D8103B
:10652000D2F8D8204FF40061C4E9773094F84802DB
:1065300002F02002C4F8E4114FF400519842019295
:106540002846C4F8E811C4E97C33019B14BF00233A
:106550004FF48073C4F8EC31FBF71CFE08B1FFBEAA
:10656000FEE704F5B673C4F8B851C4F8083203B0B6
:1065700030BD00BF002002400044025840000240ED
:10658000380500240148FCF77DB900BF0807002446
:1065900002682DE9F84F4B4B9A4201D0BDE8F88FC5
:1065A000494D95F84832002BF8D095F83031002B42
:1065B00077D0002405F10C0905F5A17605F598774B
:1065C000A04613E003F0010117F811BCA9F108007F
:1065D00000F05CFABBF1010F25D895F83031013499
:1065E00009F112090236A2B293422BD917F8012FF2
:1065F000002AF4D0D5F864310021327833F8140041
:10660000D5F8683103EB041323F812003388013303
:106610009BB233805FFA83FA3A789A42D2D88A469C
:10662000A6F80080D0E7CAF34001A9F1040000F009
:106630002DFABBF1020FCAF38001CED0484600F01C
:1066400025FACAE7002395F8480220490922984212
:10665000C5F8D8314FF48060C5F8D011C5F8D42101
:106660004FF400614FF40052C5F8DC3108BF4FF41D
:106670008073C5F8E821C5E9780100221448C5E90E
:106680007B32C5F8F421FBF785FD08B1FFBEFEE7BC
:1066900095F83021D5F864110E48BDE8F84FFBF7A6
:1066A00075B80A4909224FF48060C5F8D831C5E9A8
:1066B00074124FF400614FF40052C5E97730C5E918
:1066C0007912DAE700200240380500244000024039
:1066D00008070024A4060024704700BF10B592B03C
:1066E000ADF804100180C9B2149C0B29C460C0E944
:1066F00001233FD090F801C0BCF10F0F3AD8022A15
:106700003FD0032A02D0012A00D000220E92012B92
:1067100002D0022B18BF0023022C0F932CD0032C85
:106720002AD0012C28D000230A29109327D85C4AAC
:1067300002EB812202610A2914D8DFE801F0A39557
:1067400087796B5D4F4133250600564BD3F8E01037
:1067500041F48061C3F8E010D3F8E03003F48063C3
:106760000C930C9B01230DA9104603FA0CF30D9317
:1067700002F0B8FE12B010BD0A291094D7D9002239
:10678000D8E711220E92C2E7464BD3F8E01041F44D
:106790000071C3F8E010D3F8E03003F400730B93FA
:1067A0000B9BDFE73F4BD3F8E01041F48071C3F857
:1067B000E010D3F8E03003F480730A930A9BD1E72A
:1067C000384BD3F8E01041F08001C3F8E010D3F863
:1067D000E03003F080030993099BC3E7314BD3F802
:1067E000E01041F04001C3F8E010D3F8E03003F0CE
:1067F00040030893089BB5E72A4BD3F8E01041F01B
:106800002001C3F8E010D3F8E03003F02003079331
:10681000079BA7E7234BD3F8E01041F01001C3F822
:10682000E010D3F8E03003F010030693069B99E7DD
:106830001C4BD3F8E01041F00801C3F8E010D3F886
:10684000E03003F008030593059B8BE7154BD3F865
:10685000E01041F00401C3F8E010D3F8E03003F099
:1068600004030493049B7DE70E4BD3F8E01041F042
:106870000201C3F8E010D3F8E03003F00203039301
:10688000039B6FE7074BD3F8E01041F00101C3F819
:10689000E010D3F8E03003F001030293029B61E7BC
:1068A000000002580044025808B5012143780069ED
:1068B000994089B203F01EF8003818BF012008BDC6
:1068C00001230A464178006903FA01F189B203F015
:1068D00017B800BF8378022B30B504468FB037D08D
:1068E000032B33D0012B31D000230A93E378012B03
:1068F0002AD0022B28D000230B93002320460C9390
:1069000002F038FD0546204602F03CFD2378099050
:10691000082B13D8DFE803F01F3245586B7E91A493
:106920000500594BD3F8E02042F48072C3F8E02010
:10693000D3F8E03003F480730893089B09A9284634
:1069400002F0D0FD0FB030BD0B93D6E70A93CDE730
:1069500011230A93CAE74C4B09A92846D3F8E02033
:1069600042F00102C3F8E020D3F8E03003F0010365
:106970000093009B02F0B6FD0FB030BD424B09A959
:106980002846D3F8E02042F00202C3F8E020D3F812
:10699000E03003F002030193019B02F0A3FD0FB06E
:1069A00030BD394B09A92846D3F8E02042F0040253
:1069B000C3F8E020D3F8E03003F004030293029B15
:1069C00002F090FD0FB030BD2F4B09A92846D3F837
:1069D000E02042F00802C3F8E020D3F8E03003F0F2
:1069E00008030393039B02F07DFD0FB030BD264BDF
:1069F00009A92846D3F8E02042F01002C3F8E020AD
:106A0000D3F8E03003F010030493049B02F06AFD16
:106A10000FB030BD1C4B09A92846D3F8E02042F046
:106A20002002C3F8E020D3F8E03003F02003059300
:106A3000059B02F057FD0FB030BD134B09A9284646
:106A4000D3F8E02042F04002C3F8E020D3F8E03071
:106A500003F040030693069B02F044FD0FB030BDE7
:106A6000094B09A92846D3F8E02042F08002C3F878
:106A7000E020D3F8E03003F080030793079B02F097
:106A800031FD0FB030BD00BF0044025870B506465E
:106A90000D4602F06FFC0446304602F073FC2A1EDD
:106AA0000146204618BF0122BDE8704002F028BF11
:106AB0000023122270B586B0CDE902230493036847
:106AC000032B01D804230593061D841D304602F0D4
:106AD00051FC0546304602F055FC034601A9284604
:106AE000019302F0FFFC204602F044FC03462046DE
:106AF0001C4602F047FC01A903462046019302F020
:106B0000F1FC06B070BD00BF634A0368934210B544
:106B10008CB028D0614A934258D0614A934200F029
:106B20009480604A934201D00CB010BD5E4C5F4827
:106B3000D4F8E03043F00203C4F8E030D4F8E03099
:106B400003F002030A930A9BFFF7B2FFD4F8F43074
:106B500043F08003C4F8F430D4F8F43003F0800339
:106B60000B930B9BE0E7504C5148D4F8E03043F0D6
:106B70000203C4F8E030D4F8E03003F002030193DC
:106B8000019BFFF795FFD4F8E83000221F2043F463
:106B900000131146C4F8E830D4F8E83003F40013C9
:106BA0000293029BD4F8D83043F00103C4F8D830E4
:106BB000D4F8D83003F001030393039BFBF738F9B3
:106BC0001F200CB0BDE81040FBF770B9364C3948B7
:106BD000D4F8E03043F08003C4F8E030D4F8E0307B
:106BE00003F080030493049BD4F8E03043F00203E5
:106BF000C4F8E030D4F8E03003F002030593059BBD
:106C0000FFF756FFD4F8E8300022212043F4800338
:106C10001146C4F8E830D4F8E83003F48003069352
:106C2000069BD4F8D83043F00103C4F8D830D4F828
:106C3000D83003F001030793079BFBF7F9F82120F5
:106C40000CB0BDE81040FBF731B91B48FFF730FF2F
:106C5000154B00224820D3F8E840114644F40004C4
:106C6000C3F8E840D3F8E84004F400040894089C12
:106C7000D3F8D84044F00104C3F8D840D3F8D83052
:106C800003F001030993099BFBF7D2F848200CB0ED
:106C9000BDE81040FBF70AB900540040005800401E
:106CA000005C0040001C005800440258100A0024F8
:106CB0008807002460080024380900242DE9F043E7
:106CC0001A4B87B000254FF010099E46EC46184B32
:106CD000FF22E04667461A700EF118060EF13004E6
:106CE000CDE90055CDE90255ADF80090BCE80F00A4
:106CF000CDE90455AEE80F009CE803000095ADF81F
:106D000000908EE80300B8E80F000FC69CE803006F
:106D10000095ADF8009086E803000FCF0FC49CE803
:106D2000030084E8030007B0BDE8F0830C000024F2
:106D30008407002410B5EFF3108472B6084B1A785C
:106D4000120602D504B962B610BD1B78D8220548D8
:106D50005BB202FB03001430FBF794FDF2E700BFC7
:106D60008407002488070024014803F061BC00BFA9
:106D700014080024014803F05BBC00BFEC080024A9
:106D8000014803F055BC00BFC40900242DE9F043BD
:106D90000F68D8243F4D85B007FB04F4032F05EBA3
:106DA0000403036040DCCB680E46012B3CD84DD079
:106DB0004FF0D808B646DFF8FC9008FB0758BEE84D
:106DC0000F00C446ACE80F00DEF800300DF1100EE5
:106DD000CCF80030D8F808C099E80F000EE90F0091
:106DE0000EEB8703BCF1010F53F8103CC8F88C3050
:106DF00031D0BCF1020F42D0BCF1000F35D0317C54
:106E00008C34D823002201202C4403FB0753490073
:106E1000C3E92602C3F894102046C3E92822C3E937
:106E20002A2203F0F7F918B1012005B0BDE8F0837C
:106E30000146204603F008FC0028F5D10146204613
:106E400003F02CFC003818BF0120EEE70B7C103B50
:106E5000672BADD9E8E702F007F90F4B98420CBF5A
:106E60000E4B0F4BC8F89030C9E702F0FDF80A4B03
:106E700098420CBF0B4B0C4BC8F89030BFE702F0A8
:106E8000F3F8054B98420CBF084B094BC8F89030FB
:106E9000B5E700BF88070024000E27072D0FB0308C
:106EA0003211D0205F4390608A62E030200BA01046
:106EB0001A098010E41F01082DE9F041D0F8008084
:106EC00082B00D4617461E4608F18C04204603F09A
:106ED000B7FB2028FAD1D8F80C3073B96D002046E2
:106EE000089C33463A46A9B2009403F0E9F9003809
:106EF00018BF012002B0BDE8F081089B3246394638
:106F0000204603F0B1FAF2E7044B10221A7483F81A
:106F1000E82083F8C02183F898227047880700246E
:106F200030B5002395B04FF48071062204460B93D0
:106F300006921393CDE90C13CDE90E33CDE911334D
:106F400002F094F807282BD004F1100541F28832A2
:106F500006A9284604F0B4F928B10123184684F89C
:106F60005C3015B030BD0222022306A92846CDE9C7
:106F7000002310220123CDE9022300224FF48003D5
:106F8000CDE9042305224FF0807306926A460F93E1
:106F900041F2883304F000FB0028DED115B030BD8B
:106FA0000323012084F85C3015B030BD00000000E0
:106FB00070B50023A4B04FF080724FF48075044682
:106FC000ADF806300D93CDE910320122CDE90E5314
:106FD000CDE91223CDE91433002943D0F02300F189
:106FE000100508AEADF80630C02341F288323146B4
:106FF0002846089304F064F928B10123184684F860
:107000005C3024B070BD41F288320DF10601284693
:1070100004F0C0F903460028EFD105224FF4807137
:107020001E93284616924FF080721B9321931F9255
:1070300002AA9FED1F7BCDE91C13CDE922338DED14
:10704000027B9FED1D7B41F2883316A98DED047BF9
:107050009FED1B7B8DED067B04F09EFA0028CCD1C2
:1070600024B070BD00F1100508AE612341F28832F2
:1070700031462846089304F023F90028BDD141F297
:1070800088320DF10601284604F002FA0028B4D136
:10709000BDF80630204623F0780343F04003ADF8F6
:1070A0000630FFF73DFF00289ED0A6E7AFF3008033
:1070B00000000000010000001000000001000000BE
:1070C00000000000000040002DE9F04F00234FF4C5
:1070D000807501264FF0807804462DED028BABB011
:1070E0008DF8073013932193299314950E96CDF8BC
:1070F0005C80CDE91533CDE91863CDE91A33CDE9CC
:107100002253CDE92433CDE9273306231C9301F024
:10711000ADFF072808D004F1100741F288321CA9FE
:10712000384604F0CDF840B10123184684F85C30AD
:107130002BB0BDEC028BBDE8F08F4FF0020A4FF090
:10714000020B4FF0050941F2883308AA1CA9384602
:10715000CDF89480CDF870909FED2D8BCDE908ABE4
:107160004FF0000A4FF4800B8DED0A8BCDE90CAB8C
:1071700004F012FA0028D7D141F2883238460EA91D
:1071800004F09EF80028CFD1402341F288320DF15F
:10719000070138468DF8073004F0FCF80028C3D109
:1071A00041F288330EA902AA3846CDF83890CDF8BE
:1071B0005C809FED197B8DED048BCDE906AB8DEDE9
:1071C000027B04F0E9F903460028ADD1CDF87090B8
:1071D0004FF00109CDF894804FF00008219308AAE0
:1071E00029931CA938462295CDE92333CDE92733CD
:1071F00041F288338DED0A8BCDE90CABCDE90889DE
:1072000004F0CAF9002893D0304684F85C608FE718
:1072100010000000010000004000000040000000DD
:107220002DE9F043624CA3B00D46046001F01EFF4F
:10723000072800F0A980286823466968AA6807C360
:107240001E46AB8926F8043B3046257B677B04F05D
:1072500019F8E0B9574B012D4FF00108E0612361A7
:1072600014BF4FF480134FF40003C4E9058893FA68
:10727000A3F3B3FA83F34FF48079013BC4F824906D
:10728000C4E90B003046236203F090FF38B10122BD
:10729000134684F85C20184623B0BDE8F0836623CB
:1072A0000B90139041F2883206A90693CDE90C9019
:1072B000CDE90E00CDE91100304604F001F80028B8
:1072C000E5D1992341F2883206A93046069303F0AE
:1072D000F7FF0028DBD105231C9019906A46149310
:1072E0004FF08073219014A91D9341F288339FEDD4
:1072F0002A7BCDE91A90CDE91F008DED007B9FED33
:10730000287B30468DED027B9FED277B8DED047B46
:1073100004F042F90028BAD129462046FFF748FE7A
:107320000028B4D12046FFF7CFFE03460028AED197
:10733000002FB0D1189330460027002606AA14A9C2
:10734000CDF86890CDE91F33EB2314934FF44063DD
:107350001B934FF4005317934FF440431C93A02307
:107360001693062319934FF0805321934FF04073E7
:10737000CDE906671D9304F087F9034600288AD0FB
:10738000434684F85C8086E701230322184684F88C
:107390005C2023B0BDE8F083000000000100000085
:1073A000100000000100000000000000000040008C
:1073B000E80A0024005000522DE9F04F8FB0414BF5
:1073C0000024026800AF9A427C63C7E90944C7E918
:1073D0000B4403D03C37BD46BDE8F08F3A4B40F636
:1073E00009213A48EB46D3F8D42007F11C0607F1EF
:1073F000220A4FF0020942F480424FF00308C3F81A
:10740000D420D3F8D42002F48042BA60BA68D3F80A
:10741000E02042F04002C3F8E020D3F8E02002F080
:107420004002FA60FA68D3F8E02042F02002C3F884
:10743000E020D3F8E02002F020023A613A69D3F864
:10744000E02042F01002C3F8E020D3F8E02002F080
:1074500010027A617A69D3F8E02042F00202C3F8A0
:10746000E020D3F8E030F86103F002033984BB6117
:10747000174B7B60BB697B6853F8040F7B6001F09E
:1074800079FF7B680546186801F07CFF16F8013B20
:10749000786207F124012846C7F830807B63C7E98A
:1074A0000A9402F01FF85645E5D100225C201146EF
:1074B000FAF7BEFC5C20FAF7F9FC3C37DD46BD4626
:1074C000BDE8F08F00500052004402580A0A090932
:1074D000440B0024114B02689A4200D07047104AB6
:1074E00070B5D2F8D4300F4C23F4804304F1180661
:1074F000C2F8D43054F8040F01F03CFF0546206870
:1075000001F040FF0146284602F02CF9B442F1D1C7
:107510005C20BDE87040FAF7D7BC00BF00500052B5
:1075200000440258440B0024014804F039B900BF5C
:10753000F80A0024084B1A1D981D03F1080110B425
:107540009C1C9A6603F10A02C3E91834C3E91B01C3
:107550005DF8044B5A677047E80A002438B50368A1
:1075600071B9026A00F1280500F5AC74012A0CBF5C
:10757000002140218BBB1D4B5722C0F858310DE034
:10758000426A00F1C00500F5E874012A0CBF002131
:107590004021EBB1164B5A22C0F8D03100232046CF
:1075A000C4E901214FF480524FF48061636262614B
:1075B0004FF48042C4E903314FF48073C4E90623D9
:1075C0004FF400332362FAF7E5FD58B1FFBEFEE742
:1075D000084B5822C0F8D031E0E7074B5922C0F8D9
:1075E0005831DBE7C5E92044A56338BD10000240EF
:1075F0007000024028000240580002402DE9F0438C
:10760000821D05468BB0031D05F10A010830CDE946
:10761000052305F10C02AB69CDE907010992002BA6
:107620003DD0EB69B3FA83F84FEA581801230222E0
:1076300005AE0AAF4FF006090393CDE9012356F8D2
:10764000044B2B792278934216D02B68F3B1012B8F
:1076500002D1F2B10A230493204601F093FE0346BF
:107660002046009301F086FE694601F03BFFBE42D2
:10767000E5D10BB0BDE8F083697963789942E4D134
:10768000B8F1000FF3D02B68002BE0D1CDF81090AB
:10769000E2E76378022B14BF0A230823DBE74FF0ED
:1076A0000108C3E7534A0368934230B505468BB0DF
:1076B00055D02032934252D04F4A934204D02032C8
:1076C000934201D00BB030BD4C4C4D48D4F8E03063
:1076D00043F00103C4F8E030D4F8E03003F00103D4
:1076E0000593059BD4F8E03043F00803C4F8E0307C
:1076F000D4F8E03003F008030693069BD4F8E0309A
:1077000043F04003C4F8E030D4F8E03003F0400325
:107710000793079BD4F8F03043F40003C4F8F0302B
:10772000D4F8F03003F400030893089BFFF766FFDA
:10773000D4F8D830296843F001032F4A3048C4F800
:10774000D830891AD4F8D83018BF012103F00103CA
:107750000993099B0BB0BDE83040FFF7FFBE274CF3
:107760002848D4F8E03043F00103C4F8E030D4F8FE
:10777000E03003F001030093009BD4F8E03043F0C5
:107780001003C4F8E030D4F8E03003F010030193A4
:10779000019BD4F8E03043F04003C4F8E030D4F863
:1077A000E03003F040030293029BD4F8F03043F43E
:1077B0008003C4F8F030D4F8F03003F4800303936E
:1077C000039BFFF71BFFD4F8D830296843F001036F
:1077D000084A0C48C4F8D830891AD4F8D83018BFF1
:1077E000012103F001030493049B0BB0BDE830407A
:1077F000FFF7B4BE04580140045C01400044025845
:10780000BC0D0024600B00240148FBF73BB800BF0F
:10781000B80C00240148FBF735B800BF300D002438
:107820000148FBF72FB800BF140F00240148FBF7F5
:1078300029B800BF8C0F00241A4A0368934210B481
:107840000BD02032934208D0174A934216D02032F0
:10785000934213D05DF8044B7047144B0022D3F8C9
:107860005442C3F85822002CF4D0D3F84802D3E98C
:10787000931223465DF8044B520818470B4B002225
:10788000D3F8B044C3F8B424002CE3D0D3F8AC242C
:10789000D3F8A814D3F8A404520823465DF8044B87
:1078A000184700BF04580140045C0140600B0024ED
:1078B000184A0368934210B40BD02032934208D088
:1078C000154A934217D02032934214D05DF8044BEE
:1078D0007047124BD3E994245208C3F85822002C65
:1078E000F4D0D3E99201234601EB820100EB820040
:1078F0005DF8044B1847094BD3F8AC24D3F8B044D7
:107900005208C3F8B424002CE0D0D3F8A814D3F85C
:10791000A404E8E704580140045C0140600B002423
:107920002DE9F04F0C684FF41776754F87B004FBC4
:1079300006F6012C07EB060AC0F800A000F3A080B1
:107940000D468E464FF00008D44669A3D3E90023C4
:1079500069A1D1E90001CDE9022306ABCAF8508242
:1079600003EB8403CDE9040153F810BC53F8083C41
:10797000CAE992880193BEE80F00ACE80F00BEE8A8
:107980000F00ACE80F00019B9EE80300CAF828B086
:10799000CAF8C0308CE803002B69042B0CD8DFE850
:1079A00003F0737D879103004FF41773554A03FB6F
:1079B00004739A64C3F8E020AA692B6A002A43D0B2
:1079C000002B4FF4177308BF022203FB047318BF88
:1079D0000322DA6201221A63EA696B6A002A40D143
:1079E000191E4FF4177318BF012103FB0473C3E979
:1079F00031126B69022B05D8434A12F80380434ABF
:107A000052F823904FF4177306F128004246494676
:107A100003FB04740023384463646363E365C4F8C0
:107A2000DC30C4F8CC30C4F8F430C4E90F33C4E916
:107A30001533C4E93533C4E93B33022304F05CF960
:107A4000002849D0FFBEFEE7191E4FF4177318BF78
:107A5000012103FB0473C3E90B12EA696B6A002A74
:107A6000BED0002B4FF4177308BF022203FB047330
:107A700018BF0322C3F8C4200122C3F8C820B8E706
:107A8000012007B0BDE8F08F4FF417734FF4FA529E
:107A900003FB04739A64C3F8E0208DE74FF4177377
:107AA0004FF47A5203FB04739A64C3F8E02083E72F
:107AB0004FF417734FF4FA4203FB04739A64C3F84C
:107AC000E02079E74FF417734BF6803203FB047321
:107AD0009A64C3F8E0206FE706F1C0000223424633
:107AE0004946384404F008F90028CAD0FFBEFEE732
:107AF00004580140045C014024580140245C0140CA
:107B0000600B002400770100B0200108B4200108B8
:107B10000068704770B5046882B015460E46C4F818
:107B20005032C4E99212069AC4F85422A269012A7A
:107B300026D0626A012A9AB211D0294604F1C00007
:107B4000019204F095F9236A019A012B10D029467D
:107B500004F1280004F08CF9002002B070BD04F19B
:107B6000C000019204F016FA236A019A012BEED1AB
:107B7000314604F1280004F00DFA002002B070BD77
:107B8000226A012A9AB211D0294604F128000192F2
:107B900004F06EF9636A019A012B10D0294604F1B2
:107BA000C00004F065F9002002B070BD04F12800A7
:107BB000019204F0EFF9636A019A012BEED131468C
:107BC00004F1C00004F0E6F9002002B070BD00BF6F
:107BD00003681B69042B05D8044A02EB830393ED69
:107BE000000A70479FED020A704700BFC0200108DD
:107BF00000803B470368D3F8580270471F4BC168A9
:107C00000268F0B5D3F88C5083B00369ADB24D1B58
:107C1000A2B1AB4212D00446866811D2F018E91A1C
:107C2000CDE9001000F0BEFF0023DDE90010D4E92B
:107C30000062B047E3682561AB421BD003B0F0BDE2
:107C4000F018C91ACDE9000100F0ACFF0023DDE90E
:107C50000001D4E90072B8473046294600F0A2FF7F
:107C600000233046626829462668B047E3682561EC
:107C7000AB42E3D10023236103B0F0BD000002401A
:107C80002DE9F84F04460F4690461E4600F1340594
:107C9000284604F09BFD2028FAD14FF48063002091
:107CA000C4F8D030C4F848314FF44033C4F8CC00A5
:107CB000C4F8E030C4F858314E4BC4F8DC00C4F8C6
:107CC000C03003F57A73C4F8E400C4F838314023B7
:107CD000C4F8C800C4F84031E369C4F84401C4F8EA
:107CE0005401C4F85C01C4E93500C4E95300072B12
:107CF0000BD8DFE803F061535A373E454C0451235B
:107D0000C4F8C4305223C4F83C3104F59C79484689
:107D1000FAF740FA08B1FFBEFEE7C4F8A890C4F82D
:107D20007051EFF3108972B6DFF8D0B094F91C30BF
:107D3000DFF8CCA08BF800300A9B2F4CCAF800303B
:107D40000B9B23600EB11846B0471FFA88F23946E4
:107D5000284604F025FBB0BBB9F1000F00D162B694
:107D6000BDE8F88F3F23C4F8C4304023C4F83C3149
:107D7000CBE74123C4F8C4304223C4F83C31C4E704
:107D80004723C4F8C4304823C4F83C31BDE74F232F
:107D9000C4F8C4305023C4F83C31B6E72B23C4F8F0
:107DA000C4302C23C4F83C31AFE72D23C4F8C430D1
:107DB0002E23C4F83C31A8E72923C4F8C4302A2371
:107DC000C4F83C31A1E7FF238BF800300023CAF848
:107DD000003023600A9B3BB10B980121984701209A
:107DE000B9F1000FBCD1BAE70120B9F1000FB7D14A
:107DF000B5E700BF88000240501F00244C1F00243C
:107E0000481F00242DE9F84F04460F4690461E46B1
:107E100000F13405284604F0D9FC2028FAD14FF4AB
:107E200080630020C4F8D030C4F848314FF44033A8
:107E3000C4F8CC00C4F8E030C4F858314E4BC4F854
:107E4000DC00C4F8C03003F57A73C4F8E400C4F869
:107E500038314023C4F8C800C4F84031E369C4F89D
:107E60004401C4F85401C4F85C01C4E93500C4E914
:107E70005300072B0BD8DFE803F061535A373E4518
:107E80004C045123C4F8C4305223C4F83C3104F1EB
:107E9000C0094846FAF77EF908B1FFBEFEE7C4F80C
:107EA000AC90C4F8F850EFF3108972B6DFF8D0B098
:107EB00094F91C30DFF8CCA08BF800300A9B2F4CD3
:107EC000CAF800300B9B23600EB11846B0471FFA6A
:107ED00088F23946284604F0B5FAB0BBB9F1000F74
:107EE00000D162B6BDE8F88F3F23C4F8C430402308
:107EF000C4F83C31CBE74123C4F8C4304223C4F872
:107F00003C31C4E74723C4F8C4304823C4F83C31AB
:107F1000BDE74F23C4F8C4305023C4F83C31B6E762
:107F20002B23C4F8C4302C23C4F83C31AFE72D23F5
:107F3000C4F8C4302E23C4F83C31A8E72923C4F880
:107F4000C4302A23C4F83C31A1E7FF238BF800306A
:107F50000023CAF8003023600A9B3BB10B98012133
:107F600098470120B9F1000FBCD1BAE70120B9F15F
:107F7000000FB7D1B5E700BF88000240501F0024B2
:107F80004C1F0024481F00242DE9F0410D4682B00B
:107F9000EFF3108772B6002948D1FF23254A264CFB
:107FA000237013682BB1002029461060234A106803
:107FB000984723781B0625D5DFF888800025204EBA
:107FC000444605E001351C3406F5D876092D19D054
:107FD000A369012B1BD0002BF4D121683046002966
:107FE000F0D06369019323690093E3682289FFF766
:107FF00009FF0028E6D1C5EBC50508EB850348F865
:108000002500586007B962B602B0BDE8F08161682A
:108010000029D7D063693046019323690093E36850
:108020002289FFF72DFE0028CCD1E4E705F0CAFE37
:10803000B3E700BF481F00244C1F0024501F00243A
:108040001810002454000024F0B5002387B0022249
:1080500004460493CDE90223027EC3690B2A4FEA4A
:10806000430523D1A27E0B2A02D1002007B0F0BD28
:1080700048496B1C484851F82330457801781878F6
:10808000E67E884269D0824277D0D87803F1030C2B
:1080900081426ED0824278D0987903F1060C8842F2
:1080A0006FD0824233D0012007B0F0BD394B3A483F
:1080B00053F8253001784678187894F819C0814231
:1080C0003DD0824241D0D87803F1030E814240D0A6
:1080D00082424AD0987903F1060E884241D082420A
:1080E000E1D1DB796345DED1734604F118069B7854
:1080F0003046059301F03EF9034630461E4601F036
:1081000041F901A90190304601F0ECF9AAE7DB79C9
:10811000B342C8D163461A349B782046059301F0D8
:1081200029F9034620461C4601F02CF9034601A913
:108130002046019301F0D6F9002007B0F0BD93F876
:1081400001E0B645BFD08242BDD158786045BAD172
:10815000CBE71F79B742BBD1BCE75F78AF4292D182
:1081600093E7D979B142BAD19DE718796045B1D189
:10817000BAE71F79AF428DD18EE75878B04284D1EB
:10818000C9E7D979A9428CD18DE71879B04283D15A
:10819000C0E700BF6C010024680100247E4A036828
:1081A0009342F0B58FB000F0E380A2F54C429342C9
:1081B00000F0E08002F58062934200F0DD8002F57D
:1081C0008062934200F0DA8002F58062934200F010
:1081D000D98002F54442934200F0D280A2F51C42BD
:1081E000934200F0D18002F58062934200F0CE808D
:1081F0006A4A934240F0CC800826694D4FF4D87407
:1082000004FB0654A07E01F0C5F8207E01F0C2F800
:10821000E369082B13D8DFE803F03B495765738106
:108220008F9D05005F4BD3F8F42042F00802C3F89D
:10823000F420D3F8F43003F008030893089B204699
:10824000FFF702FF012801D1FFBEFEE74FF4D8740B
:108250000EAA554F0DF1240C04FB0654E36902EB02
:1082600043050FCFACE80F003B680022ACF80030AC
:10827000114635F9140CF9F7DBFDE3690EAA02EBA0
:10828000430333F9140C0FB0BDE8F040F9F70EBE0C
:10829000444BD3F8F02042F01002C3F8F020D3F89A
:1082A000F03003F010030093009BC8E73D4BD3F878
:1082B000E82042F40032C3F8E820D3F8E83003F4B1
:1082C00000330193019BBAE7364BD3F8E82042F420
:1082D0008022C3F8E820D3F8E83003F48023029327
:1082E000029BACE72F4BD3F8E82042F40022C3F8FE
:1082F000E820D3F8E83003F400230393039B9EE7C0
:10830000284BD3F8E82042F48012C3F8E820D3F8D1
:10831000E83003F480130493049B90E7214BD3F8D7
:10832000F02042F02002C3F8F020D3F8F03003F040
:1083300020030593059B82E71A4BD3F8E82042F00F
:108340008042C3F8E820D3F8E83003F08043069376
:10835000069B74E7134BD3F8E82042F00042C3F8C1
:10836000E820D3F8E83003F000430793079B66E763
:10837000002642E7012640E702263EE703263CE7C7
:1083800005263AE7042638E7062636E7072634E7C7
:1083900000239B7EFFDE00BF00100140000C005850
:1083A0001810002400440258F41F01082DE9F04F72
:1083B00091B0002301223F490DF1240A09938B4615
:1083C00001F11C09CAF8143001F13808CDF800A0F9
:1083D00001F15407CDF804A001F17006CDF808A012
:1083E00001F18C05CDF80CA001F1A804CDF810A086
:1083F00001F1C40ECDF814A001F1E00CCAE901337B
:10840000CAE903330F92FF222B4BCDE906AA1A705B
:10841000BAE80F00ABE80F009AE80700009B8BE872
:1084200007009B46BBE80F00A9E80F009AE8070089
:10843000019B89E807009946B9E80F00A8E80F00FA
:108440009AE80700029B88E807009846B8E80F0002
:108450000FC79AE80700039B87E807001F460FCF66
:108460000FC69AE80700049B86E807001E460FCE59
:108470000FC59AE80700059B85E807001D460FCD4C
:108480000FC49AE80700069B84E807001C460FCC3F
:10849000AEE80F00079B9AE807001C468EE807002D
:1084A0000FCCACE80F009AE807008CE8070011B089
:1084B000BDE8F08F540000244C1F002410B5094C77
:1084C00004F1340004F090F8237D1BB1636BDB6989
:1084D000DB0600D410BD2046FFF790FB636B102233
:1084E0001A6210BD1810002410B50B4C04F5F27080
:1084F00004F07AF894F8C43123B1D4F8E431DB699C
:10850000DB0600D410BD04F5D870FFF777FBD4F874
:10851000E43110221A6210BD1810002410B50B4C63
:1085200004F5657004F060F894F8743323B1D4F85E
:108530009433DB69DB0600D410BD04F55870FFF7F7
:108540005DFBD4F8943310221A6210BD1810002479
:1085500010B50B4C04F2445004F046F894F824355E
:1085600023B1D4F84435DB69DB0600D410BD04F533
:10857000A260FFF743FBD4F8443510221A6210BD05
:108580001810002410B50B4C04F2F46004F02CF821
:1085900094F8D43623B1D4F8F436DB69DB0600D482
:1085A00010BD04F5D860FFF729FBD4F8F43610228B
:1085B0001A6210BD1810002410B50B4C04F6A4006C
:1085C00004F012F894F8843823B1D4F8A438DB69A5
:1085D000DB0600D410BD04F50760FFF70FFBD4F8ED
:1085E000A43810221A6210BD1810002410B50B4CCC
:1085F00004F6542003F0F8FF94F8343A23B1D4F889
:10860000543ADB69DB0600D410BD04F52260FFF7A5
:10861000F5FAD4F8543A10221A6210BD181000244A
:1086200010B50B4C04F6044003F0DEFF94F8E43B75
:1086300023B1D4F8043CDB69DB0600D410BD04F59B
:108640003D60FFF7DBFAD4F8043C10221A6210BD3B
:108650001810002410B50B4C04F6B45003F0C4FFFE
:1086600094F8943D23B1D4F8B43DDB69DB0600D423
:1086700010BD04F55860FFF7C1FAD4F8B43D1022DC
:108680001A6210BD1810002410B5EFF3108472B6F2
:10869000084B1A78120602D504B962B610BD1B78D1
:1086A0004FF4D87204485BB202FB0300C030FAF703
:1086B000E9F8F1E74C1F00241810002410B5EFF37F
:1086C000108472B6094B1A78120602D504B962B644
:1086D00010BD1B784FF4D87205485BB202FB030053
:1086E00000F59C70FAF7CEF8F0E700BF4C1F0024AD
:1086F000181000240021FFF747BC00BF214A03687F
:1087000093422BD0A2F54C42934229D002F58062CD
:10871000934227D002F58062934225D002F5806211
:10872000934223D002F54442934221D0A2F51C4249
:1087300093421FD002F5806293421DD0124A9342A9
:108740001CD108224FF4D871104B01FB0233197D64
:1087500011B11846FFF752BAFFF716BC0022F1E735
:108760000122EFE70222EDE70322EBE70422E9E72B
:108770000522E7E70622E5E70722E3E700231B7D62
:10878000FFDE00BF00100140000C0058181000244C
:10879000204A0368934229D0A2F54C42934227D045
:1087A00002F58062934225D002F58062934223D085
:1087B00002F58062934221D002F5444293421FD0D9
:1087C000A2F51C4293421DD002F5806293421BD059
:1087D000114A93421AD1082310484FF4D87202FB71
:1087E0000300037D03B97047FFF708BA0023F3E7DE
:1087F0000123F1E70223EFE70323EDE70423EBE78F
:108800000523E9E70623E7E70723E5E700231B7DC8
:10881000FFDE00BF00100140000C005818100024BB
:108820000121FFF7B1BB00BF2DE9F0414F684FF4C4
:10883000D876DFF8C0808E4607FB06F60C46082F78
:1088400008EB0605056005F1180CBEE80F00ACE862
:108850000F009EE807008CE8070002D86B6A022B25
:1088600002D90120BDE8F0812A6A032AF9D8A96A51
:108870000229F6D8E86A0228F3D80131DFF878C077
:10888000343689005CF8277046446F63A469A96494
:108890001549AC6351F823306B64144B53F8223004
:1088A000134A2B64002352F8201001223046EB6556
:1088B000E963C5E91333C5E9153205F083FA0028E9
:1088C000CFD10146304605F0D5FA0028C9D101467E
:1088D000304605F01DFB0028C3D1304605F0ACFA48
:1088E0000028BED12875BDE7F82001080421010841
:1088F0001421010818100024D4200108006892B245
:1089000008B5343003F0BCFC003818BF012008BDA6
:10891000534B0122002047F6122130B4C3E97420E2
:10892000C3E97721C3E9E020C3E9E3211A62DA62EF
:1089300058621963C3F83025C3F83405C3F83C25E1
:10894000C3F84015C3F8E026C3F8E406C3F8EC26E4
:10895000C3F8F016C3F89028C3F89408C3F89C280D
:10896000C3F8A018C3F8402AC3F8440AC3F84C2A35
:10897000C3F8501AC3F8F02BC3F8F40BC3F8FC2B60
:10898000C3F8001CC3F8A40D3648C3F8A02DC3F8E3
:10899000AC2DC3F8B01D0288837833490068334C8E
:1089A000CA804FEA104C0B723149E2802372A1F861
:1089B0000320A4F8032063714B712E4CCA800B7204
:1089C0002D492E4DE2802372A1F80320A4F8032044
:1089D00063714B712A4CCA800B722A49EA80088065
:1089E0002B7281F802C0E2802372A1F803204B7140
:1089F000CA800B722449A1F803204B71CA800B7204
:108A00002249A1F803204B71CA800B7220490880CB
:108A100081F802C0A1F803204B71CA800B721D4976
:108A2000088081F802C0A1F803204B71CA800B7244
:108A30001949088081F802C01848A1F803204B7139
:108A4000CA800B721649A0F803204371C2800372DA
:108A5000A1F803204B71CA800B7230BC704700BF75
:108A60001810002468010024F001002414020024DE
:108A7000080200242C02002420020024FC0100240F
:108A8000D8010024781F002438020024E4010024C7
:108A9000541F00246C1F0024601F00245C0100246C
:108AA000500100243E4B00220B20114610B5D3F894
:108AB000D84082B044F00104C3F8D840D3F8D8407D
:108AC00004F001040094009CD3F8D84044F0020460
:108AD000C3F8D840D3F8D83003F002030193019BC8
:108AE000F9F7A6F90B20F9F7E1F900220C2011465D
:108AF000F9F79EF90C20F9F7D9F900220D2011465B
:108B0000F9F796F90D20F9F7D1F900220E20114658
:108B1000F9F78EF90E20F9F7C9F900220F20114656
:108B2000F9F786F90F20F9F7C1F900221020114654
:108B3000F9F77EF91020F9F7B9F900223C20114627
:108B4000F9F776F93C20F9F7B1F900221120114626
:108B5000F9F76EF91120F9F7A9F90022382011462A
:108B6000F9F766F93820F9F7A1F900223920114602
:108B7000F9F75EF93920F9F799F900223A20114600
:108B8000F9F756F93A20F9F791F900223B201146FE
:108B9000F9F74EF93B2002B0BDE81040F9F786B96D
:108BA0000044025820F01F002031BFF34F8F0029EE
:108BB00007DD064A0144C2F85C0220300B1A002B84
:108BC000F9DCBFF34F8FBFF36F8F704700ED00E00C
:108BD000704700BF08B5F8F70FFBBDE80840F9F78C
:108BE000EFB900BF064808B503680BB100F08CFE72
:108BF000044803681BB1BDE8084001F07BBD08BD17
:108C000090230024881F0024064808B503680BB190
:108C100000F07AFE044803681BB1BDE8084001F08B
:108C200069BD08BD90230024881F0024064808B5AC
:108C300003680BB100F068FE044803681BB1BDE88F
:108C4000084001F057BD08BD90230024881F002470
:108C5000364BDA6A520062D59A6A9A6A9A6A9B6AB5
:108C6000180600D500BE314B9B6A990600D500BEA0
:108C70002E4B9B6ADA0600D500BE2C4B9B6A1B0765
:108C800000D500BE294B9B6A980700D500BE274B34
:108C90009B6AD90700D500BE244B9B6A1A0400D5F5
:108CA00000BE224B9B6A9B0400D500BE1F4B9B6AF3
:108CB000D80400D500BE1D4B9B6A190500D500BE27
:108CC0001A4B9B6A5A0500D500BE184B9B6A9B0540
:108CD00000D500BE154B9B6AD80500D500BE134BCE
:108CE0009B6A990100D500BE104B9B6ADA0100D542
:108CF00000BE0E4B9B6A1B0300D500BE0B4B9B6A4C
:108D0000580300D500BE094B9B6A990300D500BEED
:108D1000064B9B6ADA0306D400BE00BEFEE7DB6AA0
:108D20009B07FAD5F8E700BEF6E700BF00ED00E0CC
:108D3000F8F76EBAF8F772BA0A4B9B6803F17843FA
:108D4000B3F5003F0BD3084B986848B198680128E9
:108D500006D09868022803D09B6803207047012042
:108D6000704700BF00ED00E0000080382DE9F041C1
:108D7000CEB004464C2200210AA808F0E5FC2022CF
:108D8000002102A808F0E0FCBC2200211EA808F087
:108D9000DBFC022002F022F92368012B4FF00003D4
:108DA00054D0534A02250193C820D16A514B21F077
:108DB0000101D162D26A02F0010201929A6942F481
:108DC00040429A619B6903F440430193019B494AE5
:108DD00093699B04FCD548490224002201268B6A32
:108DE00004274FF0080823F0030323438B62052375
:108DF00016900AA818934FF480331096179419947C
:108E00001597CDF86880CDE91B222122CDE91344C6
:108E1000CDE90A23FAF788F800B1FEE73F220323E1
:108E2000294602A8CDE9022300220823CDE9042324
:108E300040224023CDE9062340234FF48062CDE950
:108E40000823FAF79FFB0346B8B1FEE7294A042539
:108E50000093F0209169264B41F440419161926961
:108E600002F440420092DA6A42F00102DA62DB6AFE
:108E700003F001030093009BA9E720224FF48051E7
:108E800025934FF440152B9280222D931EA83093EA
:108E9000269135914FF48071249234920C223394B0
:108EA000439140F2271120921022CDF884802A9716
:108EB0001F96CDE92E34CDE93B334FF48033CDE915
:108EC00022463193002446930623CDE93E4527935D
:108ED0004FF48063094C2C931E94CDE92812FAF7C5
:108EE000ADFD00B1FEE702F09FF84EB0BDE8F081A5
:108EF0000004005800480258004402580F130F03A2
:108F000070B584B00124F9F709F84FF480764FF07A
:108F10004052194B68460025ADF800400396CDE954
:108F20000123F9F719F819224FF0404368468DF8EC
:108F3000082001938DF80F40ADF80D608DF80140C9
:108F40008DF80A50F9F708F802230B2268468DF8CD
:108F50000F508DF801304FF062538DF808200193C7
:108F6000ADF80D408DF80A40F8F7F6FF0420F8F749
:108F7000E3FF04B070BD00BF0E00010330B50D4625
:108F8000044685B0D1E9000184E80300F8F704F94C
:108F9000AB79A3B3FFF786FDFDF790FE06F0A4FEC4
:108FA000FFF704FA2B798BBB6B799BB1BFF34F8F23
:108FB000BFF36F8F2A4B0022C3F85022BFF34F8FAD
:108FC000BFF36F8F5A6942F400325A61BFF34F8F7B
:108FD000BFF36F8F4FF0FF32002300240025694656
:108FE000204802928DF80C30CDE9004507F09CFA3C
:108FF0001C4807F001FB06F0A7FA05B030BD20467B
:10900000FFF7B4FE2046FFF77BFFC3E7144C0023B5
:10901000C4F88430BFF34F8FD4F8801043F6E07E5D
:10902000C1F34E3CC1F3C9014FEA4C1C0CEA0E00DF
:109030000B4640EA8372013BC4F860225A1CF8D107
:10904000ACF1200C1CF1200FF0D1BFF34F8F6369FE
:1090500043F480336361BFF34F8FBFF36F8FA3E798
:1090600000ED00E0841F0024FAF7BCBB1C4B9B689A
:1090700003F17842B2F5003F25D3B3F5803F20D30A
:1090800003F16042B2F5003F1FD303F15C42B2F539
:10909000002F1CD303F17042B2F5902F19D303F1C6
:1090A0004842B2F5803F16D303F18042B2F1806F9F
:1090B00013D303F1E043B3F5000F2CBF08200720C2
:1090C000704701207047002070470220704703203E
:1090D000704704207047052070470620704700BF86
:1090E00000ED00E003480023034A0449036008F050
:1090F000E5BA00BF841F002400000024D18B0008C3
:1091000010B4204C0022204B83B0D4F888101F48A4
:1091100041F47001C4F8881019681D4C41F0010138
:1091200019601A61196808401A4918609A61DA6171
:109130001A629A62DA621A635A639A63DA631A6489
:109140005A64186820F4802018601A66D3F8DC206E
:1091500042F06042C3F8DC20D3F8DC300193019B7D
:1091600023681940B1F1005F03D20B4B0122C3F811
:109170000821044B4FF000629A6003B05DF8044B85
:10918000704700BF00ED00E0004402587FEDF6EAB2
:109190000010005C0000FFFF0080005100F57171BD
:1091A000D0F8040405F0B8BDC1EBC10300EB8303A4
:1091B000D0F80404D3F8082205F0DCBDC1EBC103EC
:1091C00000EB8303D0F804049A6C05F011BE00BFD5
:1091D000D0F8040405F0B0BEC16810B5044619B15A
:1091E000022900D0FEE70121D4F8040405F08EFE28
:1091F000D4F80404BDE8104005F060BE10B5044684
:10920000D0F8040405F086FE2268D2F8003E43F050
:109210000103C2F8003E236A23B1034A136943F0F5
:109220000603136110BD00BF00ED00E0D0F8040498
:1092300005F07ABED0F8040405F08EBED0F8040420
:1092400005F088BED0F8040405F088BED0F8040408
:1092500005F086BE9446D0F898021A4608B56346D3
:1092600001F0ACFD032802D8024B185C08BD0220B7
:1092700008BD00BF30210108D0F8980208B501F000
:109280002BFE032802D8024B185C08BD022008BD43
:1092900030210108D0F8980208B501F061FE0328DA
:1092A00002D8024B185C08BD022008BD302101081D
:1092B0000A06D0F8983206D4C1EBC10103EB810154
:1092C00091F8FE01704701F07F01C1EBC10103EB92
:1092D000810191F83E007047D0F8980208B501F07E
:1092E00057FD032802D8024B185C08BD022008BDB8
:1092F00030210108D0F8980208B501F0C5FD032817
:1093000002D8024B185C08BD022008BD30210108BC
:10931000D0F8980208B501F08FFD032802D8024B5F
:10932000185C08BD022008BD30210108D0F8C00239
:1093300006F0C4B8D0F8C00206F0D8B8D0F8C00221
:1093400006F0E0B8704700BFD0F8C00206F0C6B81B
:10935000D0F8C00206F0C6B8D0F8D00308B500F0C7
:1093600093FE032802D8024B185C08BD022008BDFA
:1093700034210108024B027853F82200704700BFE5
:1093800058210108024B427833F81200704700BFA1
:10939000382101088CB00A2814D8DFE800F0152322
:1093A000313F4D5B6977859306004D4BD3F8E02044
:1093B00042F48062C3F8E020D3F8E03003F4806325
:1093C0000B930B9B0CB07047454BD3F8E02042F059
:1093D0000102C3F8E020D3F8E03003F00103019369
:1093E000019BEFE73E4BD3F8E02042F00202C3F8C6
:1093F000E020D3F8E03003F002030293029BE1E7A0
:10940000374BD3F8E02042F00402C3F8E020D3F851
:10941000E03003F004030393039BD3E7304BD3F80E
:10942000E02042F00802C3F8E020D3F8E03003F077
:1094300008030493049BC5E7294BD3F8E02042F0CE
:109440001002C3F8E020D3F8E03003F010030593D6
:10945000059BB7E7224BD3F8E02042F02002C3F887
:10946000E020D3F8E03003F020030693069BA9E741
:109470001B4BD3F8E02042F04002C3F8E020D3F8C1
:10948000E03003F040030793079B9BE7144BD3F8AE
:10949000E02042F08002C3F8E020D3F8E03003F08F
:1094A00080030893089B8DE70D4BD3F8E02042F42E
:1094B0008072C3F8E020D3F8E03003F4807309939E
:1094C000099B7FE7064BD3F8E02042F40072C3F813
:1094D000E020D3F8E03003F400730A930A9B71E7AD
:1094E000004402582DE9F04F0D6883B0002D00F0C4
:1094F000D5800023DFF8688201229A4012EA050C29
:1095000000F0C7804E6826F01009B9F1020F40F054
:10951000C88003F007044FEAD30E4FF00F0A4FEA5A
:10952000840900EB8E0E0AFA09FADEF8204024EADC
:109530000A0A0C6904FA09F406F0030944EA0A0469
:10954000CEF820404FEA430E0324D0F800A009FAD9
:109550000EF904FA0EF42AEA040AE44349EA0A0975
:10956000C0F80090D0F808A0CF6804EA0A0A07FA09
:109570000EF949EA0A09C0F80890C6F30019D0F8B4
:1095800004A009FA03F92AEA020249EA0202426047
:10959000C268F70004EA02048A6802FA0EF242EA9C
:1095A0000402C26075D5644C23F0030E03F0030976
:1095B000D4F8F420C6444FEA890942F00202C4F804
:1095C000F420D4F8F42002F002020192019A0F2252
:1095D000DEF8084002FA09F224EA0202574CA042DF
:1095E00025D004F58064A0427BD0554CA0427ED0AB
:1095F000544CA0426FD0544CA04200F08480534C95
:10960000A04200F08680524CA04276D0514CA0423D
:1096100000F08580504CA04200F087804F4CA04263
:109620000CBF09240A2404FA09F942EA0902CEF817
:1096300008204FF0B0426FEA0C0EF403D2F88020FD
:109640004FF0B04454BF0EEA02024CEA0202C4F8E2
:109650008020B203D4F884404FF0B04254BF0EEAE9
:1096600004044CEA0404F702C2F8844014684FF082
:10967000B04254BF0EEA04044CEA04041460B4027D
:1096800052684FF0B04454BF0EEA02024CEA0202A4
:109690006260013335FA03F27FF42EAF03B0BDE808
:1096A000F08F4FEA430E0324D0F800B006F0030A0F
:1096B00004FA0EF409F1FF390AFA0EFA2BEA040B48
:1096C000B9F1010F6FEA04044AEA0B0AC0F800A0DE
:1096D0003FF65EAF46E7032404FA09F942EA0902BD
:1096E000A5E7012404FA09F942EA09029FE70224E6
:1096F00004FA09F942EA090299E7062404FA09F989
:1097000042EA090293E7042404FA09F942EA090249
:109710008DE7052404FA09F942EA090287E70724DC
:1097200004FA09F942EA090281E7082404FA09F96E
:1097300042EA09027BE700BF0044025800000258D9
:1097400000080258000C0258001002580014025879
:1097500000180258001C0258002002580024025829
:1097600000040058002900F0A88000232DE9F04FE4
:10977000DFF8689183B0DFF86881DFF868A1DFF86F
:1097800068B14FF0010E0EFA03F212EA010C6FD02D
:1097900023F0030503F003040F2640454D444FEA30
:1097A000C404AF6806FA04F607EA0607019721D059
:1097B000504566D0584567D0434FB8426ED0434FAE
:1097C000B84270D0424FB84263D0424FB84256D0F0
:1097D000414FB84272D0DFF814E1704568D0DFF82D
:1097E00010E1704514BF4FF00A0E4FF0090E0EFA4B
:1097F00004F400E00024019FA74219D1AC6824EAD8
:1098000006064FF0B044AE60D4F8805025EA0C054F
:10981000C4F88050D4F8845025EA0C05C4F884506C
:10982000256825EA0C052560656825EA0C05656054
:1098300003255C0003F007070F2605FA04F405680A
:10984000BF00254306FA07F70560DD0800EB850534
:109850002E6A26EA07062E62856825EA04058560D9
:10986000456825EA02024260C26822EA0404C46034
:10987000013331FA03F284D103B0BDE8F08F4FF029
:10988000060E0EFA04F4B6E74FF0020E0EFA04F4D8
:10989000B1E74FF0050E0EFA04F4ACE74FF0030EFB
:1098A0000EFA04F4A7E74FF0040E0EFA04F4A2E750
:1098B0004FF0080E0EFA04F49DE770474FF0070EC4
:1098C0000EFA04F497E700BF000C0258001002588B
:1098D0000014025800180258001C025800040058D6
:1098E00000000258000402580008025800200258E4
:1098F000002402580369194214BF01200020704758
:1099000002B90904816170472DE9F04F056885B0FF
:109910000446284604F0A6FF012802D005B0BDE8A1
:10992000F08F206804F04EFF0028F7D0206804F084
:1099300049FF10F4001F206802D04FF40013436168
:1099400004F040FF10F4801F206802D04FF4801311
:10995000436104F037FF10F0806F206802D04FF0B1
:109960008063436104F02EFF10F0020F20682FD1B6
:1099700004F028FF870000F11381206804F022FF23
:10998000C60100F1CF80206804F01CFF000700F141
:10999000BE80206804F016FF10F0007F20681AD106
:1099A00004F010FFC306B9D52568AB6923F0100396
:1099B000AB612E6AC6F34341C6F30A17022902D1EE
:1099C000002F40F0C681AB6943F01003AB61A5E7FF
:1099D00002234361CCE704F0B3FFD4F808E08046EB
:1099E0002068BEF1000F00F0998005F5A065002603
:1099F0004FF0280B4FF0020A4AE000F5A0694A0137
:109A000009EB4117BB685B075DD50423BB60FB68AE
:109A100043F00203FB60BB68980500F1FD80BB6862
:109A2000DB0740F1CF80236953B101EB81003B6933
:109A300004EBC000C3F3120C836CA3EB0C03C364F0
:109A40008B004FF0010C4FF0000E581804EBC000D3
:109A5000C0F858E080F85DC0C7F808C090F83FE053
:109A60001EF0FD0F00F06481BEF1030F00F0408294
:109A70000B4404EBC30393F8502082F0010283F8F7
:109A80005020D4F808E0206801362035764545D2CC
:109A900006F00F0328FA03F3D907F5D52B68F1B2C6
:109AA0001A04AAD400F5A0624FEA411C02EB411748
:109AB000BB6813F004090DD00423BB60FB6843F0BE
:109AC0000203FB60E0E7BB689B0640F1B380202304
:109AD000BB60A0E7BB6813F0200300F0CA8001EB75
:109AE0008103202204EBC303BA6093F83D20012ACE
:109AF000CAD183F83D9083F85CA0FB6843F0020371
:109B0000FB6004F021FFD4F808E02068BCE72046A1
:109B1000FFF70CFC2068082343613BE74FF000731C
:109B200043613DE72668D6F840340293D6F84034C6
:109B30000393039B23F02E030393029B980707D5FF
:109B4000029BD90700F16381039B43F00203039357
:109B5000029B1A0718D5039B43F008030393029B4B
:109B60005B0740F15C81A169022900F09A81E368FA
:109B7000012B03D14EF66022C6F804242046FFF7DD
:109B8000E3FB2046FFF7D6FB2068029B9F0603D528
:109B9000039B43F020030393039BC6F84034F3E692
:109BA000D5F84034204623F02E03C5F84034FFF7A3
:109BB000C5FB0121206804F0A1FE20684FF000538E
:109BC0004361DBE6BB68980740F18E80FB6801EBE0
:109BD000810C23F0020304EBCC0CFB608B009CF89F
:109BE0005D00012800F0B280052800F0AF80062853
:109BF00000F0A381082800F0A081032800F0DC8198
:109C00009CF85C000246C7F808A02046FFF79AFBC4
:109C1000D4F808E0206837E7FB68206843F00203C7
:109C2000FB6004F091FE4FF400732068BB60D4F831
:109C300008E029E7BB681B0700F1BB80BB685B0538
:109C40007FF5E9AEFB68019243F002030091FB60EF
:109C500004F07AFE00991020019A01EB8103B860AC
:109C6000082004EBC30383F85D004FF48063BB60FE
:109C7000D1E6D7F8089019F0400F40F0B180BB68EA
:109C800013F4007340F02F81D7F8089019F0010FFA
:109C900040F03F81BB6813F0080340F06881D7F8BB
:109CA000089019F0100F00F0C98001EB810204EB5D
:109CB000C2029365032382F85D3092F83D303BB9D0
:109CC0000BFB014393F83C2012B9012283F83D209D
:109CD000FB6843F00203FB6004F036FE10232068AB
:109CE000BB60D4F808E0CFE6BB6813F0800340F017
:109CF000E380BA68D20640F1D08001EB810004EB2A
:109D0000C00090F83F20032A00F04B8112F0FD02C2
:109D1000E4D123698265002BE0D10BFB01430322D0
:109D200083F85D20FB68206843F00203FB60D3E703
:109D3000FA68206842F0020201930091FA6004F090
:109D400003FE1022DDE90013BA6091E68CF85C0096
:109D500058E706F00F0606EB860804EBC808D8F8AB
:109D6000441000293FF42FAE284605F5A0653A4679
:109D700004F0A6FCD8F8443005EB46123B441169C8
:109D8000D8F84C20C8F8443073013A44C8F84C2045
:109D9000BC4A0A405AB1EA5822F0804242F00042DE
:109DA000EA5098F8503083F0010388F85030256865
:109DB00009E6FB684FF0050C019243F002030091A5
:109DC000FB6001EB810304EBC30383F85DC0102348
:109DD000BB600823BB6004F0B7FDDDE900121AE6A2
:109DE00001EB810204EBC2029365042382F85D302B
:109DF000012382F83D30FB6843F00203FB6004F06E
:109E0000A3FD40232068BB60D4F808E03CE6B369BA
:109E1000204623F00053B361FFF78CFA94E6204606
:109E2000FFF796FAD6F84034206823F02E03C6F8E0
:109E30004034836943F000538361A6E6BB681B0688
:109E400000F1C880BB685B0500F1D780BB689B0749
:109E50007FF51AAEFB680BFB014023F00203FB60A9
:109E600090F85D30012B00F0E180032B00F0DB80E7
:109E7000042B00F0D880052B00F0FC80062B00F0AE
:109E8000E480082B00F0E1800BFB01432046C7F87B
:109E900008A093F85C20FFF755FAD4F808E0206892
:109EA000F2E5029B206803F4C023B3F5802F18BFAE
:109EB000012104F023FD61E6FB6801EB810243F020
:109EC000020304EBC202FB60936D0133936506232A
:109ED00082F85D30206804F037FD80232068BB6085
:109EE000D4F808E0D0E5FB6843F00203FB6098E695
:109EF00052F80970019347F00057009142F8097039
:109F0000624680F85CC02046FFF71CFADDE90013CA
:109F1000AEE5FA6801EB810942F0020204EBC909DF
:109F2000C9F85830FA6004F00FFD0123BB6089F8CE
:109F30005D30D4F808E02068A6E503EB010C04EBE3
:109F4000CC0CDCF858000130032825D8CCF8580098
:109F500002200B4404EBC30383F85C0052F8093081
:109F600023F0804343F0004342F809304AE60823D7
:109F70000091BB60FB6843F00203FB6004F0E4FC6B
:109F80000099052201EB810104EBC10383F85D20F8
:109F9000D4F808E0206877E50020CCF858000420C9
:109FA000D7E7FA680BFB014042F0020283652068A4
:109FB000FA6004F0C9FC91E60BFB0143022083F830
:109FC0005CA052F8093023F0804343F0004342F88C
:109FD000093017E6FB68009143F00203FB6004F0D0
:109FE000B3FC009906230BFB014181F85D3080230F
:109FF0002068BB60D4F808E046E5FB68009143F0B8
:10A000000203FB6004F0A0FC10230099BB604FF436
:10A0100080630BFB0141BB60082381F85D30D4F8FD
:10A0200008E0206830E580F85CA02DE780F85C301F
:10A0300090F83F30023B012B3FF626AF90F85130AD
:10A0400083F0010380F851301EE70BFB0140836D64
:10A050000133032B11D8836502230BFB014080F8E9
:10A060005C3052F80C3023F0804343F0004342F858
:10A070000C3009E780F85C3006E700238365042391
:10A08000EBE700BF0000F81F90F8B832012B0CD0AE
:10A09000012310B50446006884F8B83204F0B4FC1B
:10A0A0000023184684F8B83210BD0220704700BF64
:10A0B000F8B505460E461746701C2C682CD1A369CE
:10A0C000990727D4A369DA06F9D5A3699A06FCD5BE
:10A0D00020231022E261E361A3699F0701D50023D9
:10A0E000A362A369DE0703D4A36943F00103A3615C
:10A0F000636800221B4820210340012063606B6CD1
:10A1000085F8402043F004036B6485F8411085F81E
:10A110004220F8BD0020F8BDA3699B07FAD4A369CB
:10A12000D9061BD4F7F774F8C01BB04201D8002E33
:10A13000C2D16B6C2021002201200B4385F8402006
:10A140006B6485F8411085F84220F8BDF7F760F898
:10A15000C01B8642EDD3002EEBD02C68A3699B0672
:10A16000F4D5B5E700E800FEF8B505460E461746FB
:10A170002C68A3699B0649D4A369DA0626D5731C0B
:10A1800038D1A3699E06FCD520231022E261E36149
:10A19000A369990701D50023A362A369DA0703D451
:10A1A000A36943F00103A3616368002218482021DA
:10A1B0000340012063606B6C85F8402043F004038A
:10A1C0006B6485F8411085F84220F8BDF7F720F858
:10A1D000C01BB04201D8002ECAD16B6C20210022D6
:10A1E00001200B4385F840206B6485F8411085F809
:10A1F0004220F8BDA3699806C6D4F7F709F8C01B3A
:10A200008642EAD3002EE8D02C68B8E70020F8BDDB
:10A2100000E800FE00284ED010B590F8413004460A
:10A2200003F0FF02002B41D023682421626884F8E8
:10A230004110196822F07062E06821F001010128E4
:10A2400019601A619A6822F400429A60A26829D0C3
:10A2500042F4044202289A6002D14FF400625A602C
:10A2600058684FF0200C1549226901435960D9689C
:10A2700021F40041D960D4E90501024342EA0122F8
:10A28000D4E90710DA60002201431046196019680A
:10A2900041F001011960626484F841C0226384F8CE
:10A2A000422010BD42F400429A60D9E780F8402075
:10A2B000FCF72AFCB8E70120704700BF00800002CD
:10A2C0002DE9F047984690F84130089E202B40F049
:10A2D000878090F840300446012B00F081800123F4
:10A2E0008946174680F84030F6F792FF054604E0AD
:10A2F000F6F78EFF401B192875D82368986910F46B
:10A300000040F5D1212267626063C9F3090784F830
:10A310004120102284F842206064A4F82A80628DD3
:10A3200092B2FF2A6DD8628D494892B2D1B222858D
:10A330005A6802403A4342EA014246491143596091
:10A34000DFF81C814FF0FF0ADFF81891638D2A4671
:10A35000314620469BB2002B30D0FFF7A9FE0028E3
:10A3600073D1606A216810F8012B238D8A62628D97
:10A37000013B6062013A9BB292B223856285628D95
:10A3800092B2002BE2D1002AE0D0701C43D18B693D
:10A390001A06FCD5638D9BB2FF2B48D94B682A4621
:10A3A000A4F828A0204603EA08033B4343EA090334
:10A3B0004B603146638D9BB2002BCED1FFF7D4FEAC
:10A3C000002842D123682021234DD9615A682A40B0
:10A3D0005A6084F8411084F8400084F8420000E09C
:10A3E0000220BDE8F087636C2021002201200B438E
:10A3F00084F84020636484F8411084F84220BDE86A
:10A40000F0875A6812490A4014493A431143FF221F
:10A410002285596094E78B691B06BBD4F6F7F8FEDA
:10A42000401B8642DFD3002EDDD02168ADE7638D6F
:10A430009BB2DAB223854B6803EA080343EA02437E
:10A440003B4343F000734B6080E70120BDE8F08799
:10A45000009800FC0020008200E800FE0020FF8140
:10A46000009C00FC0000FF012DE9F0471F4690F81A
:10A470004130202B40F08E8004460D46002900F02C
:10A480008380B2FA82F916464FEA5919002A7BD026
:10A490005FFA83FA90F84030012B7BD0012380F8DB
:10A4A0004030F6F7B5FE212365628046256884F8C2
:10A4B000413084F842A0C4F8449066856B68C4F8C3
:10A4C000349023F400436B607B1C66D1AE69360781
:10A4D000FCD50823EB61E368022B06D0AE69F603D6
:10A4E00028D4AE69F603F9D524E0AB691907FCD589
:10A4F0000823EB617B1CF1D0AB69DD031AD4F6F7BE
:10A5000087FEA0EB0800874253D3002F51D0256867
:10A51000F0E7424639462046FFF7CAFD00285BD1E6
:10A52000636A226813F8011B9162658D6362013DC5
:10A53000ADB26585638D9BB2002BEAD142463946A8
:10A540002046FFF711FE00284DD02268536843F4DF
:10A5500000435360636C042B54D1002363642023B5
:10A56000D361781C41D193691904FCD4516800234C
:10A57000202041F40041516084F84100184684F8DD
:10A58000423084F8403003E04FF4007301206364EC
:10A59000BDE8F0870220BDE8F087AB69180733D427
:10A5A000F6F736FEA0EB0800874202D30FB125680C
:10A5B0008AE7636C202000212268034384F840105E
:10A5C000636484F84100012084F84210536843F426
:10A5D00000435360BDE8F08722680120536843F4CC
:10A5E00000435360D4E72268B9E793691B04BDD5E3
:10A5F000F6F70EFEA0EB08008742DAD3002FD8D082
:10A600002268AEE70120C3E70823EB61E368022B71
:10A610007FF470AF08E0F6F7FBFDA0EB080087427F
:10A62000C7D3002FC5D02568AB691A07F3D55FE7FC
:10A630000268436B9169126803B11847704700BF05
:10A6400090F84100704700BF90F84120202A23D1A4
:10A650005FFA82FC90F840200346012A1CD0026871
:10A66000242000B583F841004FF0000E106820F060
:10A6700001001060106820F48050106010680143E1
:10A6800070461160116841F00101116083F841C00A
:10A6900083F840E05DF804FB0220704790F8412009
:10A6A000202A22D1034600B55FFA82FE90F84020AE
:10A6B000012A1CD0026824204FF0000C83F84100CE
:10A6C000106820F001001060106820F4706040EA0B
:10A6D000012160461160116841F00101116083F8A9
:10A6E00041E083F840C05DF804FB0220704702207F
:10A6F0005DF804FB2DE9F04F076889B00446384641
:10A7000004F0B0F810B109B0BDE8F08F82462068BF
:10A7100004F058F80028F6D0206804F053F810F040
:10A72000020F206803D0436903F00203436104F081
:10A7300049F810F4002B206840F0508104F042F8F2
:10A7400010F4802F206840F0EB8004F03BF80028E4
:10A7500074DB206804F036F8000564D4206804F047
:10A7600031F8020114D52268536903F00063536184
:10A7700094F8F433002B40F095810121204684F8B1
:10A78000F413536DC3F38303C4F8F83300F024FCCF
:10A79000206804F017F8C3047BD4206804F012F892
:10A7A00010F4005F20685DD104F00CF810F0100F79
:10A7B000206812D0836923F0100383613D6AC5F3DA
:10A7C000434305F00F06022B00F03182062B00F008
:10A7D0007F81836943F01003836103F0F3FF070770
:10A7E00000F15781206803F0EDFFC60200F14681B9
:10A7F000206803F0E7FF850200F13581206803F04F
:10A80000E1FF400000F12681206803F0DBFF4107F3
:10A810007FF579AF23685D686A0700F129825A687D
:10A820002A435A606FE7D7F80838D90700F11C822D
:10A830002068436903F40063436190E7D7F8043864
:10A8400023F00103C7F8043894F8F433012B00F027
:10A8500038812046FEF7EAFC2068436903F0004394
:10A86000436177E704F002F8206803F0E7FC25680D
:10A87000E060F8F7A1FF227B0146284603F042FC86
:10A880002046FEF7A9FC2068436903F400534361A6
:10A890008AE7D7F804381021206807F5006523F00F
:10A8A00001036B6003F0B0FC6068B0B107F51063A2
:10A8B0004FF67F3199600AF1010A1A682033824508
:10A8C00022F4001243F8202CC3F8E811D3F8E02159
:10A8D00022F40012C3F8E021ECD1EB6943F001133C
:10A8E000EB61236B002B40F0E1806A6942F22B039D
:10A8F00013436B612B6943F00B032B61D7F80038CE
:10A9000004F57172217C23F4FE632068C7F80038D7
:10A9100003F0C8FF2068436903F4805343613DE7B7
:10A9200003F068FF80462068B8F1000F00F0E58072
:10A93000264607F510694FF0000BCDE9037A09E0D0
:10A940005FEA58080BF1010B06F11C0609F120091A
:10A9500000F0D58018F0010FF2D05FFA8BF739467E
:10A9600003F064FFC30705461FD50BF00F030399DF
:10A9700001229A40D1F8343823EA0203C1F834386E
:10A980000123C9F808302369012B03D1D6E911232B
:10A990001344B36439462046FEF710FC2369012BAB
:10A9A00003D1BBF1000F00F0AC81280702D50823CA
:10A9B000C9F80830E90602D51023C9F808306A063C
:10A9C00002D54023C9F80830AB0702D50223C9F8E5
:10A9D00008302D0600F1C6802068B1E703F0FCFEC8
:10A9E00005462068002D00F0868007F53066A146F8
:10A9F0004FF0000B049707E06D080BF1010B06F117
:10AA0000200609F11C097DD0EB07F5D55FFA8BF123
:10AA1000039103F0FDFE10F0010F8046039973D1FE
:10AA200018F0080F40F0F280206818F0100F01D0E5
:10AA30001023B36018F0200F05D02169012900F020
:10AA40005A812023B36018F4005FD5D04FF400532F
:10AA5000B360D1E72046FEF7F5FB2068436903F0B9
:10AA600080434361D1E620465FFA8BF1FEF7E2FBBB
:10AA70002068436903F400134361C0E620465FFA8F
:10AA80008BF1FEF7DBFB2068436903F4801343611D
:10AA9000AFE62046FEF79CFB2068436903F00803FD
:10AAA0004361A0E62046FEF7A9FB71E6D5F88430A5
:10AAB00043F00B03C5F884306B6C43F00B036B64FD
:10AAC0001CE70021204684F8F41300F085FAC3E661
:10AAD000C6EBC606082204F57171384603F0F0FD96
:10AAE000C5F30A1304EB86022068D2F814120B4453
:10AAF000C2F814326DE6AB4620E6C34625E6DDE932
:10AB0000037A22E6049F19E6206801232769B360CF
:10AB100000F53063012FD0F840E003EB4B139A6847
:10AB200000F0C580984FBE4540F0BD80170440F14D
:10AB3000B6804FF4004218F0080F9A603FF475AFEA
:10AB4000026C986890498A4200F0978020460392F0
:10AB5000FEF724FB8D4B039A9A4200F2968008235D
:10AB6000B36061E7D6E91453D4F800A0AB42504675
:10AB70003FF6E6AE0AF51062716CCDF81CA002EB50
:10AB80004B120592EA1A8A4228BF0A46059989693A
:10AB9000033289B2B1EB920FC0F0A980CDF81890C2
:10ABA000C146A046059C1AE0736C3A46B16C50460B
:10ABB0009D4228BF1D4698F810300093ABB203F0B9
:10ABC00069FDB36CA1692B4489B2B364736D2B44E6
:10ABD0000335B1EB950F7365C0F08180356D9D42F3
:10ABE000A5EB0305E0D84446C846DDF81890D4F834
:10ABF00000A0079B0122504603F500610BF00F03F4
:10AC00009A404B6B23EA02034B6399E62268216961
:10AC100002F53063126C012903EB4B13986891D154
:10AC20005A498A4229D82046FEF7B8FA97E747F6EC
:10AC3000F0731D423FF4CDADC6EBC606C5F30A1254
:10AC4000384604EB86061546D6F8081203F038FDA0
:10AC5000D6F8083220682B44C6F80832D6F81432E9
:10AC60002B44C6F81432B4E52046FEF7C7FADFE5F8
:10AC70002046FEF7EBFA2368D1E5020402D54FF433
:10AC800000429A602046FEF789FA216901297FF483
:10AC900066AF04F57172206803F004FE5FE790066A
:10ACA00001D520229A602046FEF77EFAB8E6170703
:10ACB00032D536498E4504D9120402D54FF40042EC
:10ACC0009A6020460393FEF769FA04F57172012138
:10ACD000206803F0E7FD0822039B9A60A0E6444643
:10ACE000356DC846DDF81890D4F800A050469D4256
:10ACF0003FF626AE7DE704F5717203F0D3FD2068C0
:10AD00009FE6236D002B7FF450AE04F57172012194
:10AD1000206803F0C7FD48E6970608D520229A6010
:10AD200018F0080F3FF481AE026C986878E712F0D3
:10AD3000280FF5D1154FBE4505D9120403D54FF4A0
:10AD400000429A60ECE71B692046D9F80422C3F35D
:10AD50001203D31AC9F81432D9F808321344C9F8C7
:10AD60000832FEF721FABBF1000F7FF459AED4F898
:10AD70001032002B7FF454AE04F57172012120686B
:10AD800003F090FD4CE600BF0A31544F0A30544F97
:10AD900090F8BC23012A0ED0012210B504460068A9
:10ADA00084F8381084F8BC2303F0FAFC002318461A
:10ADB00084F8BC3310BD0220704700BF10B501F00D
:10ADC0000F0E0906044627D44FF01C0C0CFB0E0C8A
:10ADD0000CF5FE71CEEBCE0C00EB8C0C00208CF849
:10ADE000FD018A604A7881F800E0CB700AB1A1F8D1
:10ADF00006E0022B01D100230B7194F8BC33012B28
:10AE000018D00123206884F8BC3303F029FA00230A
:10AE1000184684F8BC3310BD1C204FF0010C00FB19
:10AE20000E4000F13C01CEEBCE0004EB800080F838
:10AE30003DC0D6E7022010BD10B501F00F041C2163
:10AE4000C4EBC40C01FB040100EB8C0C01F5FE719A
:10AE5000CCF810320023CCF808228CF8FC41CCF856
:10AE600014328CF8FD3103690068012B08BFCCF85F
:10AE70000C22DAB21CB903F053FB002010BD03F022
:10AE800037FA002010BD00BF10B501F00F041C21DF
:10AE9000C4EBC40C01FB040100EB8C0C3C31CCF87E
:10AEA00050300023CCF84820CCF8543001238CF8E3
:10AEB0003C408CF83D3003690068012B08BFCCF89A
:10AEC0004C20DAB21CB903F02BFB002010BD03F0BC
:10AED0000FFA002010BD00BF38B5436801F00F0520
:10AEE0009D4234D80B0604461DD41C22C1EBC1037D
:10AEF00002FB010100EB8303002201F5FE7183F8E0
:10AF0000FD2101230D708B7094F8BC239A421CD054
:10AF1000206884F8BC3303F0E3FBD5B10023184666
:10AF200084F8BC3338BD1C21C5EBC503012201FBED
:10AF3000050100EB83033C3183F83D2001230D70B4
:10AF40008B7094F8BC239A42E2D1022038BD0120D4
:10AF500038BD04F57172217C206803F0A3FCDDE7A5
:10AF6000426838B501F00F03934232D811F0800FD8
:10AF700004464FF01C01C3EBC30219D101FB03418E
:10AF8000002004EB8202002501F5FE7182F8FD012C
:10AF90000B708D7094F8BC33012B18D001232068FE
:10AFA00084F8BC3303F0D0FB284684F8BC5338BD8A
:10AFB00001FB0341012004EB820200253C3182F8B1
:10AFC0003D000B708D7094F8BC33012BE6D102204C
:10AFD00038BD012038BD00BF704700BF38B5114BE8
:10AFE000DA68520704D4DB6803F00703834214D104
:10AFF0000C4CE36823F007031843E060F6F708F908
:10B00000054605E0F6F704F9401BB0F57A7F06D84F
:10B0100063689B04F6D5002038BD012038BD0320AD
:10B0200038BD00BF00480258024AD36843F080731D
:10B03000D36070470048025870B44D6A15B1B2F140
:10B04000406F3AD18B691BB30C6A002C4CD08E68D0
:10B050000068C661CE69002E69D02B431343234399
:10B06000CC6A334323430C6B23434C6B23430C695F
:10B070002343CC6823430C6823434C69B2F1406FEF
:10B0800043EA8443436165D04B6870BC8361704779
:10B090000B6ABBB100682B438C68CE69C461002E7B
:10B0A0006BD01343CC6A334323430C6B23434C6B69
:10B0B00023430C692343CC68DEE78B6A0468013BB9
:10B0C0002361BFE7CB69002B66D1002D42D0CB6A4C
:10B0D0000C6B2B43006813434A6923434C6B234397
:10B0E00043EA8243436135E0CC6945EA030C002C16
:10B0F00032D003684CEA0200B2F1406F40EA04002B
:10B10000CC6A40EA04000C6B40EA04004C6B40EA55
:10B110000400CC6840EA04000C6840EA04004C6972
:10B1200040EA8440586115D04A689A6112E045EAC5
:10B13000030C0D694CEA0203CA6A23431343D1E9A5
:10B140000C4223430C6813434A692B43234343EACD
:10B150008243436170BC7047CC6A4CEA02030068CA
:10B160002343D1E90C4223430C6813434A69234328
:10B1700043EA824370BC43617047CC6A1343234364
:10B18000D1E90C4223431343D1E90442234343EA68
:10B19000824370BC436170472B43CD6A0C6B1343F1
:10B1A00000682B4323434C6B84E700BF70B5044613
:10B1B000F6F72EF8002C54D094F84030012B52D0E2
:10B1C0000123064684F8403094F8413003F0FF0232
:10B1D000002B34D0A56C2268A1681368013923F4D0
:10B1E000706343EA0123136001E06B1C31D1936863
:10B1F00013F02003F9D1E069E16815680143206A82
:10B200000143606841EA00611C48284001436069CD
:10B210001160A16955680143206941EA004118485D
:10B2200028400125014318465160116829431160E7
:10B23000636484F84150002384F8403070BD204698
:10B2400084F84020FCF7B8F841F288331D46A36427
:10B25000C1E7F5F7DDFF801BA84206D82DB12268B3
:10B26000C5E7012070BD022070BD0423012084F8D1
:10B270004130636C03436364DDE700BF2FFFFF00D1
:10B28000FEF8E0FFC8B110B590F840300446012B3D
:10B2900011D00268012380F84030136823F00103C5
:10B2A0001360FCF717F900236364184684F84130F3
:10B2B00084F8403010BD022010BD0120704700BF4F
:10B2C0002DE9F04104460E461546F5F7A1FF94F826
:10B2D0004030012B3AD0012384F8403094F84130BB
:10B2E000012BDFB206D002270023384684F8403015
:10B2F000BDE8F081002380466364022384F8413076
:10B30000681C23680ED19A6812F02002FBD13146E6
:10B310002046FFF791FE736AE3B10123002784F80A
:10B320004130E1E79A6812F020021ED0F5F770FF75
:10B33000A0EB0800854201D3002DE1D1042384F85D
:10B340004130636C43F001036364CDE70227384664
:10B35000BDE8F081226893689B07FCD50221012398
:10B360000027D16084F84130BEE731462046FFF720
:10B3700063FE736A43B1D0E7F5F74AFFA0EB08001C
:10B380008542DBD3002DD9D0226893689907F3D585
:10B39000E4E700BF2DE9F843044689461546F5F772
:10B3A00037FF94F840302768012B67D0012384F8D9
:10B3B000403094F84130012B5FFA83F807D04FF00A
:10B3C00002080023404684F84030BDE8F88300239B
:10B3D0006364B9F1000F56D01223064684F8413059
:10B3E0003B690133E3623B69C4F824900133A362F3
:10B3F0007B6923F040637B61E36A002B31D06A1CD8
:10B40000394611D18B685B07FCD5636A1B7887F8D6
:10B410002030E26A636A013A0133E262E26A6362FF
:10B42000F2B16A1C2168EDD08B685807EDD4F5F7AE
:10B43000EFFE801B854201D3002DF2D1042384F856
:10B440004130636C43F00103636413E0BB689B0706
:10B450000CD4F5F7DDFE801B8542EFD3002DEDD037
:10B460002768691CF2D1BB689A07FCD502234FF00C
:10B470000008FB60012384F84130A2E74FF0020886
:10B480004046BDE8F883636C43F00803636498E7C3
:10B490002DE9F843044615468946F5F7B9FE2768B5
:10B4A000BA6994F84030012B6CD0012384F8403005
:10B4B00094F84130012B5FFA83F807D04FF002086F
:10B4C0000023404684F84030BDE8F88300236364DD
:10B4D000B9F1000F5BD02223064684F841303B6966
:10B4E0000133A3633B69C4F83090013363637B6924
:10B4F00023F0406343F080637B61BA61A36B002B50
:10B5000033D0681C394612D18B6813F0060FFBD07C
:10B5100097F82020236B1A70A26B236B013A01333A
:10B52000A263A26B2363FAB1681C2168ECD08B681C
:10B5300013F0060FECD1F5F76BFE801B854201D3AB
:10B54000002DF1D1042384F84130636C43F00103F2
:10B55000636413E0BB689B070CD4F5F759FE801BAE
:10B560008542EFD3002DEDD02768691CF2D1BB686E
:10B570009A07FCD502234FF00008FB60012384F8F2
:10B5800041309DE74FF002084046BDE8F883636C08
:10B5900043F00803636493E72DE9F84F04461F4620
:10B5A00089469046F5F734FE94F84030012B52D08E
:10B5B000012384F8403094F84130012B5FFA83FB7B
:10B5C00007D04FF0020B0023584684F84030BDE806
:10B5D000F88F002382466364422384F841307A1C4A
:10B5E00026682CD1B568AB06FCD4D8F800304946A3
:10B5F0002046B362D8F804307362D8F80830F3629A
:10B600003268D8F8103022F440021343D8F80C20E6
:10B6100043F480033360C9F828204FF00062FFF73D
:10B620000BFD781C22681BD193681907FCD50821F3
:10B6300001234FF0000BD16084F84130C3E7B368B9
:10B640009D06D2D5F5F7E4FDA0EB0A00874212D3A0
:10B65000002FC4D10FE04FF0020B5846BDE8F88F21
:10B6600093681B07E3D4F5F7D3FDA0EB0A008742EC
:10B6700001D3002FD5D1042384F84130636C43F00B
:10B68000010363649FE700BF2DE9F04704460F46BE
:10B690001646F5F7BDFD94F84030012B45D0012347
:10B6A00084F8403094F84130012B5FFA83F907D0D9
:10B6B0004FF002090023484684F84030BDE8F08787
:10B6C00000238046D4F848A06364822384F8413084
:10B6D000BAF1FF3F256814D1AB689A06FCD42B68F9
:10B6E000726823F00803082A43EA02032B6021D082
:10B6F0004FF04062394620464FF00009FFF79CFCAE
:10B70000D8E7AB689B06EAD5F5F782FDA0EB080009
:10B71000824502D3BAF1000FDAD1042384F8413014
:10B72000636C43F001036364C4E74FF002094846C9
:10B73000BDE8F087326810232A63EB602B6843F47E
:10B7400080132B60D4E700BF704700BF08B5006CC2
:10B7500000238363C36290F84130082B0BD1036848
:10B760000222DA601A6842F400321A601A6842F063
:10B7700002021A6008BD012380F84130FFF7E4FFA0
:10B7800008BD00BF704700BF704700BF704700BFD3
:10B79000704700BF704700BF704700BF704700BFD1
:10B7A00038B5036804469A68196855070ED54803EA
:10B7B0000CD594F84120122A75D094F84120222A01
:10B7C00000F0A1802046FFF7E5FF38BD950726D59C
:10B7D000880324D50222DA601A6822F4E0221A6073
:10B7E00094F84120122A7AD094F84120222A00F0BD
:10B7F000A98094F84120022A00F0D08094F84120DA
:10B80000082AE2D15A690121204622F040625A6199
:10B8100084F84110636C3BBBFFF7B4FF38BD1507DC
:10B8200025D4D50735D5C80333D50125DD601A6881
:10B8300022F470221A60626C42F0020262641A689A
:10B84000520779D51A68E06B22F004021A60574B50
:10B85000836504F0FFFE0028B7D0636C204643F0F8
:10B860000403636484F84150FFF76EFF38BD08039A
:10B87000D7D50822DA601A68520206D51A68012163
:10B8800022F410221A6084F841102046FFF784FF4A
:10B8900038BDD00699D5CA0297D510222046DA6065
:10B8A000FFF77CFF38BD9A6850078BD518460EE02D
:10B8B000626A127883F82020E16A20680139626A9E
:10B8C000E1620132816862624D077FF57BAFE26A17
:10B8D000002AEDD1036823F48023036072E71A681D
:10B8E000510709D51A68E16B22F0040209681A6051
:10B8F000CB6823F00103CB600123204684F841305C
:10B90000FFF746FF38BD9A6852077FF55BAF1846D0
:10B910000EE093F82010226B1170A16B20680139A2
:10B92000226BA16301328168226349077FF54AAF28
:10B93000A26B002AEDD1CDE7204684F84150FFF7F5
:10B9400003FF38BD1A6852071DD49A6812F47C5F51
:10B950000FD111E093F82010226B1170A16B2068B9
:10B960000139226BA16301328168226311F47C5F8B
:10B9700002D0A26B002AEDD10123204684F8413089
:10B98000FFF704FF38BD1A68E16B22F00402096872
:10B990001A60CB6823F00103CB60EDE7012320465A
:10B9A00084F84130FFF7F0FE38BD00BF4DB7000806
:10B9B000F8B501680546AC4B99421FD02033994237
:10B9C0001CD003F57873994258D02033994255D052
:10B9D00003F57873994200F01E812033994200F0FC
:10B9E0001A8195F89130A14E03F0FF026BB92846F9
:10B9F00085F89020FBF756FE296806E09C4E95F8E6
:10BA0000913003F0FF02002BF1D09A4B9A4A1B6849
:10BA1000A2FB03230A681B0B22F480329B000A60FE
:10BA200023B30C68013B14F48034F9D1022385F868
:10BA30009130EB68012B00F01081022B15BF032021
:10BA400023200227222715BF4FF0010C4FF0210CB5
:10BA500000222022AB68013B042B00F24B81DFE87F
:10BA600013F0CF001000D6000F00D200D5F89430AC
:10BA7000012043F04003C5F89430F8BD7F4EBEE787
:10BA80003A464FF400672B6A3260002B44D0764B65
:10BA9000994200F01E817A48081AB0FA80F04009F5
:10BAA000002840F01681774B994200F00C8120333A
:10BAB000994200F00881744B994200F0FE802033D7
:10BAC000994200F0FA80714B994200F00881704B66
:10BAD000994200F00A81AB6900EB8000B3F5002FBA
:10BAE0004FEA400300F0E280AA6A296AB2F1806F4F
:10BAF0000CBF0222012201FB02F21202B3FBF2F39D
:10BB0000644AA2FB0312D20802EB8201A3EB4103B9
:10BB1000092B08BF01326A626B6833F002032B6D98
:10BB200040F09680012B14BF4FF400740024F5F709
:10BB300087FB696CB0F5005FD5E9003242EA01028B
:10BB4000A96C42EA0102E96C42EA0102E96A42EAAE
:10BB50000102696942EA010272D3A96918680A43BD
:10BB6000A96A0A434C490140196029690A431968C6
:10BB70000A43696A42EA015248493A4322431A6039
:10BB80005A68286B1140EA690243686B59600243A6
:10BB900059680A4342495A609A6811406A6E99602E
:10BBA000E96D98680A43296E0A43696D01390A43B1
:10BBB000A96D013942EA012202434FF220009A6046
:10BBC000D968AA6E0140D960E96ED8680A43696FE6
:10BBD00042EA0142296F013942EA01222249024325
:10BBE0008B42DA6019D0294A934216D000230122F1
:10BBF000C5F89430184685F8903085F89120F8BD46
:10BC00004FF480673FE702464FF400673BE7624628
:10BC10004FF4006737E7234EF1E6736C23F001031E
:10BC2000736495F83830012BE0D1D5E90F23013A40
:10BC300043EA02137364736C43F001037364D5E742
:10BC4000A96918680A43184901401960A96A8DE773
:10BC5000012B08BF4FF4007469E7132012274FF03F
:10BC6000110C1022F6E600BF0458014000540058A1
:10BC700000580140440200241BECCB95005C0140BD
:10BC800024580140045C0140046001400454005801
:10BC900024540058CDCCCCCC10C005F0F01FFFFFD1
:10BCA0000080F8FF0060014010C005F82A6A696D45
:10BCB00001FB02F2B3FBF2F322E74FF40070F8F756
:10BCC00047FE2968FFE64FF40070F8F741FE296847
:10BCD000F1E64FF48070F8F73BFE2968E3E64FF495
:10BCE0008060F8F735FE2968F1E64FF40060F8F758
:10BCF0002FFEF0E60027C6E6022938B5044635D9FE
:10BD0000C81E012830D8002023676064E064E06525
:10BD1000A0664FF6FF706067606830F002000CBFED
:10BD20000125002504294FF4003125650CBF0120B1
:10BD30000D2021664FF48021A0656166032A13D887
:10BD4000DFE802F0474E54362368484A934205D054
:10BD500002F1C052A2F58232934205D16368012BF1
:10BD600002D1636C002B2FD0012038BD0020236747
:10BD70006064E064A066606830F0020014BF0120D7
:10BD8000002020654FF48030E0654FF6FF7060675B
:10BD900013F00100E8D14D1E012D29D860664FF443
:10BDA00000302066032ADFD8DFE802F05546362C43
:10BDB000E0215B018022A1646365E266F5F740FA49
:10BDC00094F83830012BBFD02046BDE83840FFF74B
:10BDD000EFBD80211B014022A1646365E266EDE7AF
:10BDE00080225B01A2646365E266E7E7C021E0E7C9
:10BDF00020664FF480206066032AB5D8DFE802F0A1
:10BE00002B1C0C025B08E02080219A01A0645B01DE
:10BE1000E166C4E91523D1E75B08C0228025022929
:10BE20004FEA8310A2644FEA4313E5666065A36599
:10BE3000C4D10823A366C1E75B08802202294FEA28
:10BE40008310A2644FEA4313E266C4E91503B5D137
:10BE50001023A366B2E75B08802040215A01A0644A
:10BE60001B01E166C4E91523A8E700BF045801409F
:10BE70002DE9F8430F4604461546F5F7C9F9002F9A
:10BE800061D0B5FA85F84FEA5818002D5BD094F8C8
:10BE90009130012B5FFA83F950D194F89030012B47
:10BEA0004CD04346C4F894800646D4F8800065F32D
:10BEB0000F03226884F89090394665F31F43A76703
:10BEC0001C32E3672B46122584F891502E4DC0F8A2
:10BED000508005642D4DC5632D4DC564F6F718FBE4
:10BEE00000283ED1636C082B636831D005216122A4
:10BEF000023B012B98BF1146226813690B43136163
:10BF0000136843F40033136006E0F5F781F9831BEF
:10BF1000B3F57A7F2AD82268556915F4E025F4D064
:10BF20001368DB0303D4136843F4803313600023E6
:10BF3000994684F890304846BDE8F8834FF00209EE
:10BF40004846BDE8F8834FF001094846BDE8F8834C
:10BF500023F00202012A0BBF152105217122612263
:10BF6000C6E7484684F89080BDE8F883D4F894305A
:10BF70004FF0030984F8905043F040034846C4F85A
:10BF80009430BDE8F88300BFD1C0000869C0000844
:10BF900051C10008F8B500294ED0B2FA82F5134617
:10BFA0006D09002A48D090F891200446012AD6B2A3
:10BFB0003FD190F89020012A3BD081670A4629465C
:10BFC000222780F8906063F30F01C0F8945063F368
:10BFD0001F41C167D0F8840084F891701E4F21681A
:10BFE00007641E4F1C310565C7631D4FC764F6F714
:10BFF0008FFA20BB23681A68D20303D41A6842F46C
:10C0000080321A60626C082A62681CD005216120A7
:10C01000023A012A98BF01461A6900200A430646DF
:10C020001A611A6842F400321A6084F890003046AF
:10C03000F8BD02263046F8BD01263046F8BD304630
:10C0400084F89050F8BD22F0020101290BBF1521A0
:10C05000052171206120DBE741C10008DDC0000837
:10C0600051C10008704700BF08B5C369806BB3F5C4
:10C07000807F1BD003684FF0000C416C1A680829C0
:10C08000A0F87EC022F400321A60426811D06FF02E
:10C09000610C6FF00501023A012A98BF61461A69E6
:10C0A0004FF0010C0A401A6180F891C0FFF7DAFFE7
:10C0B00008BD22F0020101290BBF6FF0710C6FF077
:10C0C000610C6FF015016FF00501E4E7704700BFE8
:10C0D000806B08B5FFF7FAFF08BD00BF08B5C3695C
:10C0E000806BB3F5807F1BD003684FF0000C416C70
:10C0F0001A68082922F400321A604268A0F87EC04B
:10C1000011D06FF0610C6FF00501023A012A98BF5F
:10C1100061461A694FF0010C0A401A6180F891C01B
:10C12000FBF7C6FB08BD22F0020101290BBF6FF02F
:10C13000710C6FF0610C6FF015016FF00501E4E711
:10C14000806B08B5FBF778FB08BD00BF704700BFE8
:10C1500010B5846BF6F7E6FE022823D0D4F89420BD
:10C16000216842F08002134B1348C4F894201B68E6
:10C170000A68A0FB030322F400321B0B0A600A6862
:10C180009B0022F480320A606BB10A68013BD20343
:10C19000FAD401220023204684F89120A4F87E30AE
:10C1A000FFF7D4FF10BDD4F8943043F04003C4F837
:10C1B0009430EEE7440200241BECCB9518B338B55D
:10C1C00090F82C3004460D4603F0FF02B3B121462F
:10C1D000022384F82C3051F8040B01F0E7FE62686A
:10C1E0002946206801F020FF084A01210020136839
:10C1F00043F00043136084F82C1038BD80F82D20E4
:10C20000F8F7B4FFE3E70120704700BF0040005299
:10C2100070B590F82C300446022BD8B204D000F050
:10C22000FB06012E01D0012070BD02230D462068BF
:10C2300084F82C3001F044FF2B68022B03D000203F
:10C2400084F82C6070BD0523002084F82C3070BD6C
:10C2500038B590F82C300446022BD8B205D094F8AB
:10C260002C30012BDDB201D0012038BD0223206823
:10C2700084F82C3001F038FF002084F82C5038BDB1
:10C280002DE9F8431E46D0F88030202B71D1894625
:10C29000002947D0B2FA82F714467F09002A41D01C
:10C2A00090F87C300546012B63D00123C0F88870DC
:10C2B00080F87C302123C0F88030F4F7A9FFAB6808
:10C2C0008046A5F85440B3F5805FA5F8564060D08D
:10C2D000B5F856309BB2002B59D02C68721C24D173
:10C2E000E2691306FCD5B9F1000F3DD019F8013B06
:10C2F000A362B5F85630013B9BB2A5F85630B5F8AD
:10C3000056309BB2002BE9D1711C35D1E3695A0636
:10C31000FCD5002320221846C5F8802085F87C3003
:10C32000BDE8F8830120BDE8F883E3691806DAD494
:10C33000F4F76EFFA0EB0800864201D3002ECCD1AB
:10C340002B682021002403201A6822F4D0721A607E
:10C350009A6822F001029A60C5F8801085F87C4046
:10C36000C5F88410BDE8F88337F8023BC3F308032F
:10C37000BEE70220BDE8F883E3695B06C9D4F4F7A1
:10C3800047FFA0EB08008642DAD3002ED8D02C68F5
:10C39000BAE72B69002B9BD14F46994698E700BF1F
:10C3A000F8B5D0F88070202F44D1002940D0B2FADF
:10C3B00082F67609002A3BD0044690F87C000128DA
:10C3C00038D001252123606FA4F856202165C4F8D8
:10C3D0008860A4F8542084F87C50C4F88030D8B128
:10C3E000DFF854C013462268C0F83CC0DFF84CC0E8
:10C3F00028320665C0F840C0DFF844C0C0F84CC021
:10C40000F6F786F840B11023284684F87C60C4F81B
:10C410008830C4F88070F8BD23680022402110469F
:10C42000196284F87C209A6842F080029A60F8BD14
:10C430000120F8BD0220F8BDF1C4000821C50008A4
:10C4400071C50008F8B5D0F88470202F48D10029B4
:10C4500044D0B2FA82F67609002A3FD090F87C30B8
:10C460000446012B3CD001252223C0F88860816559
:10C47000A0F85C2080F87C50C0F88430806FE0B178
:10C48000DFF860C013460A462168C0F83CC0DFF8F8
:10C4900058C024310665C0F840C0DFF850C0C0F86D
:10C4A0004CC0F6F735F840B11023284684F87C607C
:10C4B000C4F88830C4F88070F8BD2368002084F880
:10C4C0007C001A6842F480721A609A6842F0010295
:10C4D0009A609A6842F040029A60F8BD0120F8BD67
:10C4E0000220F8BD2DC5000865C5000871C500080B
:10C4F00008B5C369806BB3F5807F0CD00368002258
:10C50000A0F856209A6822F080029A601A6842F0D9
:10C5100040021A6008BDFCF7EDF808BD704700BF87
:10C52000806B08B5FFF7FAFF08BD00BF08B5C36907
:10C53000806BB3F5807F12D0036800222021A0F821
:10C540005E201A6822F480721A609A6822F0010252
:10C550009A609A6822F040029A60C0F88410FCF752
:10C56000CDF808BD806B08B5FCF712F908BD00BF17
:10C57000806B38B50368D0F88040D0F884109A6892
:10C58000150601D5212C1DD09A68520601D5222905
:10C5900008D0D0F8883043F01003C0F88830FCF79A
:10C5A0003FF938BD00240F4A2025A0F85E401968E5
:10C5B00021F49071196099680A409A60C0F884501B
:10C5C000C466E6E700222024A0F856201A6822F06C
:10C5D000C0021A609A6822F400029A60C0F8804093
:10C5E000D2E700BFFEFFFFEF0268D36970B51E07F8
:10C5F00015680446916800F084806C4805F4907CCE
:10C6000008405CEA00061DD1D80202D54E0200F1B6
:10C610009D80180606D501F4000105F08000014355
:10C6200040F08C805E0602D5680600F19B801902FE
:10C6300002D56A0000F1A380DB0102D5002DC0F213
:10C64000AA8070BDDE0709D5EE0507D50126166262
:10C65000D4F8886046F00106C4F888609E0760D56B
:10C66000CE0709D502261662D4F8886046F0040683
:10C67000C4F888605E0758D41E070CD505F0200C5E
:10C680005CEA000007D008201062D4F8880040F06F
:10C690000800C4F88800D4F888000028D1D09E068D
:10C6A00006D505F0200501F0805155EA01036BD154
:10C6B000D4F88850936805F0080503F040031D4343
:10C6C0006ED0116820203A4B21F49071116091686E
:10C6D0000B4000219360C4F884009368E1665D0616
:10C6E0003CD59368A06F23F040039360002835D0B9
:10C6F000304B0365F6F72CF80028A2D0A06F036D2D
:10C700000CE09E0680D505F0200C01F0805E5CEA0E
:10C710000E063FF479AFC36E002B92D0BDE8704097
:10C7200018475E07A8D5CE07A6D504261662D4F80A
:10C73000886046F00206C4F888609DE7236F002BEE
:10C740003FF47FAF2046BDE8704018474FF4801398
:10C7500020461362BDE8704001F068BB2046FCF73C
:10C760005FF870BD13682020002123F040031360A0
:10C77000C4F8800020462167FBF7BCFF70BD20464F
:10C78000BDE8704001F056BBE36E002B90D0204610
:10C79000984722688CE72046BDE8704001F048BB0E
:10C7A0002046FCF73DF8C4F8885070BD0100001029
:10C7B000FEFFFFEFB9C7000808B5806B0023A0F8A3
:10C7C0005E30A0F85630FCF72BF808BDD0F880207A
:10C7D000D0F8840010437047F0B58268044687B0F3
:10C7E0002368D0E904101D680A43616E0243E069C2
:10C7F00002430A43A8492940A84D0A43E168AB42D5
:10C800001A605A6822F4405242EA0102A1695A6051
:10C8100000F09D80226A9D681143A14A666A2A4001
:10C8200011439960DA6A22F00F023243DA629D4ABC
:10C83000934224D09C4A934255D09C4A934200F0A4
:10C840002F829B4A934200F09B829A4A934200F0C7
:10C85000E980994A934200F09D82984A934200F001
:10C86000D885974A934200F0D682012500234FF0E5
:10C87000011228462367C4E91A2307B0F0BD914B83
:10C880005B6D03F03803282BEFD88F4AD55CB0F5E9
:10C89000004F33D0202D00F2D981202D00F2B68038
:10C8A000DFE815F0A8017B01B400B4007201B40008
:10C8B000B400B4004901B400B400B400B400B40042
:10C8C000B400B4001C01B400B400B400B400B4005F
:10C8D000B400B400B400B400B400B400B400B400B8
:10C8E000B400B400CA00774B5B6D03F00703052B5F
:10C8F000BBD8764AB0F5004FD55CCBD1202D00F2E5
:10C900001482202D00F20082DFE815F08A0358041B
:10C91000FE01FE012804FE01FE01FE018604FE0167
:10C92000FE01FE01FE01FE01FE01FE01F203FE0119
:10C93000FE01FE01FE01FE01FE01FE01FE01FE01FF
:10C94000FE01FE01FE01FE01FE01FE01B703986833
:10C95000534A02405B480A439A60DA6A616A22F0ED
:10C960000F020A43DA62836D03F00703052B3FF6DB
:10C970007CAF574AD65C202E00F29C81012E7FF6B8
:10C9800074AFB31E1E2B3FF670AF01A252F823F016
:10C9900047CF00086BC80008F1CE00086BC800083C
:10C9A0006BC800086BC80008BBCF00086BC8000844
:10C9B0006BC800086BC800086BC800086BC800088B
:10C9C0006BC800086BC800085BCF00086BC8000884
:10C9D0006BC800086BC800086BC800086BC800086B
:10C9E0006BC800086BC800086BC800086BC800085B
:10C9F0006BC800086BC800086BC800086BC800084B
:10CA00006BC800086BC80008D1CF000801250023BF
:10CA1000A3F110014FF6EF7291423FF626AF226864
:10CA2000D36023E7274B5B6D03F00703052B3FF62D
:10CA30001CAF284AD55C2AE7002E00F0B581012EF4
:10CA400000F09E85022E00F0B185032E00F0D885FF
:10CA5000042E00F0F485052E00F08486062E00F0EA
:10CA6000BE86072E00F0FD86082E00F05087092EA6
:10CA700000F07B870A2E00F0DC8743F60953164A44
:10CA80000B2E18BF13466268002503EB5203B3FB5D
:10CA9000F2F39BB2BCE700BFF369FFCF000C005874
:10CAA000FFF4FF1100100140004400400048004026
:10CAB000004C00400050004000140140007800404D
:10CAC000007C00400044025888210108B42101087C
:10CAD000BC210108B421010800093D00B34B1A68CC
:10CAE000920640F16F811A68B14BC2F3C102D34084
:10CAF000002EC8D0012E00F0EF81022E00F0C58478
:10CB0000032E00F0BF84042E00F02B85052E00F0CC
:10CB10009D86062E00F0DC86072E00F01C86082E6F
:10CB200000F04E86092E00F08E860A2E00F0E38675
:10CB30000B2EA8D126E003A8F7F78EFD626A049BAE
:10CB4000002AA0D0012A00F0C781022A00F09D84AB
:10CB5000032A00F09784042A00F00385052A00F0D8
:10CB6000FD84062A00F07E85072A00F0F485082A55
:10CB700000F02686092A00F066860A2A00F0BB86A5
:10CB80000B2A80D11B0A7EE76846F7F7A7FC626A8A
:10CB9000019B002A3FF477AFD4E7F6F73FFE636AC4
:10CBA00003B3012B00F0F384022B00F0CE84032B9F
:10CBB00000F0C884042B00F01785052B00F01185C8
:10CBC000062B00F00686072B00F04886082B00F0A5
:10CBD0009B86092B00F0E1860A2B00F03B870B2B8C
:10CBE00008BF000A6268002500EB5203B3FBF2F3B2
:10CBF0009BB20DE7F6F7F6FD636A03B3012B00F075
:10CC0000C984022B00F0A784032B00F0A184042B1D
:10CC100000F0E484052B00F0DE84062B00F0E685AE
:10CC2000072B00F03686082B00F08786092B00F0D2
:10CC3000B1860A2B00F0FA860B2B08BF000A626847
:10CC400000EB5203B3FBF2F39BB2E1E6402D7FF41D
:10CC50000CAE002E00F0DC80012E00F09484022E39
:10CC600000F0A784032E00F0C784042E00F0EC84AB
:10CC7000052E00F07A85062E00F0B485072E00F010
:10CC8000FE85082E00F04986092E00F08B860A2EBC
:10CC900000F029870B2E0CBF80234FF40043F2E6EF
:10CCA000424B5B6D03F00703052B3FF6DEAD414AB7
:10CCB000D55CECE5402E7FF4D8AD002900F0B580BE
:10CCC000012900F06E84022900F08284032900F01B
:10CCD000AF84042900F03B85052900F06985062909
:10CCE00000F0AD85072900F0EF85082900F03686B1
:10CCF000092900F05B860A2900F0F9860B290CBF90
:10CD000080254FF4004592E001250023A3F1100196
:10CD10004FF6EF7291423FF6A8AD23F00F02C3F336
:10CD2000420313432268D360A0E5402D7FF49DADFC
:10CD3000002E00F0D380012E00F0D280022E00F0F1
:10CD40006D84032E00F0F484042E00F02585052E5A
:10CD500000F06885062E00F0C285072E00F01086D0
:10CD6000082E00F04886092E00F059860A2E00F0A1
:10CD7000EC860B2E0CBF4FF480704FF48030AFE088
:10CD80000A4B5B6D03F00703052B3FF66EAD0A4AB5
:10CD9000D55C7CE5054B5B6D03F03803282B3FF633
:10CDA00064AD064AD55C72E5054B6CE6004402585A
:10CDB0000090D003B4210108B421010888210108A2
:10CDC00000093D00002E00F0BA83012E00F0FD8323
:10CDD000022E00F02A84032E00F0B684042E00F008
:10CDE000E484052E00F02885062E00F08785072EA6
:10CDF000DAD0082E00F0C483092E00F0D7830A2E63
:10CE000000F01D84B44BB54A0B2E18BF13463AE60A
:10CE10004FF4004337E6B24B5B6D03F00703052B7D
:10CE20003FF623ADAF4AD55C31E54FF40045676866
:10CE300007EB4703AB423FF618ADB5EB073F3FF6B4
:10CE400014AD202E00F2F082012E7FF60EAD023ED0
:10CE50001E2E3FF60AAD01A353F826F099D3000821
:10CE60006BC800086FD300086BC800086BC80008C7
:10CE70006BC800080DD300086BC800086BC8000819
:10CE80006BC800086BC800086BC800086BC80008B6
:10CE90006BC80008A1D200086BC800086BC8000866
:10CEA0006BC800086BC800086BC800086BC8000896
:10CEB0006BC800086BC800086BC800086BC8000886
:10CEC0006BC800086BC800086BC800086BC8000876
:10CED0006BC8000829D200085B08D4E54FF4803005
:10CEE0006268002500EB5203B3FBF2F39BB20DE73F
:10CEF0006846F7F7F3FA636A019D03B3012B00F06C
:10CF0000CF82022B00F0C782032B00F0C182042BDA
:10CF100000F02F83052B00F02983062B00F0988367
:10CF2000072B00F02684082B00F04D84092B00F01D
:10CF30009B840A2B00F0FB840B2B00F06582002DF4
:10CF40003FF494AC73E7F7F7B7FA636A0546002B32
:10CF5000D4D1002D3FF48AAC69E7614B1A6895067D
:10CF600040F1A5821B685D4DC3F3C103DD4000297C
:10CF70003FF45DAF012900F04D83022900F04683A4
:10CF8000032900F04083042900F04584052900F0BE
:10CF90008384062900F0D484072900F0208508291D
:10CFA00000F04F85092900F0F9850A2900F0FD8578
:10CFB0000B297FF43CAF2D0A39E703A8F7F74CFBA8
:10CFC000636A049D002B99D1002D3FF44FAC2EE7EE
:10CFD000002900F06A82012900F0DF82022900F0B6
:10CFE000F282032900F02883042900F0AA8305298E
:10CFF00000F0D883062900F02E84072900F0618410
:10D00000082900F0AF84092900F0EF840A2900F014
:10D01000148543F60955344B0B2918BF1D4606E706
:10D02000F6F7E0FB636A03B3012B00F0CA82022B20
:10D0300000F0F782032B00F07F83042B00F0B08315
:10D04000052B00F0EB83062B00F05084072B00F03B
:10D050009E84082B00F0B984092B00F0E4840A2B8D
:10D0600000F070850B2B08BF000A61684A0802EBCC
:10D070004003B3FBF1F39BB248E6002E00F03A8286
:10D08000012E00F09A82022E00F0C682032E00F0DC
:10D090004D83042E00F07E83052E00F0BA83062E09
:10D0A00000F02184072E00F06F84082E00F08284A7
:10D0B000092E00F0CC840A2E00F06C8547F612236E
:10D0C0000A4A0B2E18BF13466268002503EB520371
:10D0D000B3FBF2F39BB219E690D003000090D003AB
:10D0E00000440258B421010800093D0000127A00F2
:10D0F000A44B1A68910640F1FF811A68A24BC2F353
:10D10000C10223FA02F206B3012E00F0B182022E10
:10D1100000F03783032E00F06F83042E00F0C683E7
:10D12000052E00F00084062E00F06F84072E00F01C
:10D130007184082E00F00385092E00F03C850A2E2C
:10D1400000F036850B2E08BF120A616800254B08D7
:10D1500003EB4203B3FBF1F39BB2D7E56846F7F765
:10D16000BDF9626A019902B3012A00F00782022A1E
:10D1700000F01A82032A00F03A82042A00F0628248
:10D18000052A00F0EB82062A00F01683072A00F039
:10D190007483082A00F0A183092A00F001840A2A76
:10D1A00000F05B840B2A08BF090A62680025530857
:10D1B00003EB4103B3FBF2F39BB2A7E5F6F72EFBBB
:10D1C000636A03B3012B00F0FA81022B00F02B827B
:10D1D000032B00F08382042B00F0DA82052B00F091
:10D1E0002583062B00F06983072B00F0C283082BF0
:10D1F00000F0EE83092B00F07E840A2B00F08D8472
:10D200000B2B08BF000A616800254A0802EB4003A7
:10D21000B3FBF1F39BB279E503A8F7F71DFA626A55
:10D220000499002AC1D09FE7616A002900F0548266
:10D23000012900F01F83022900F08B83032900F0ED
:10D24000BF83042900F00084052900F0AA84062980
:10D2500000F08E84072900F08784082900F0E58417
:10D26000092900F0DE840A2900F0A8844748484BC9
:10D270000B2918BF184600217B083A4618184FF0B2
:10D28000000341F10001F3F783F8A0F54073414A30
:10D2900093423FF6EAAA23680025D860FFF7E6BA72
:10D2A000384A116811F0200100F0E781136800216D
:10D2B0003548C3F3C103D840636A0BB3012B00F0B8
:10D2C0004B83022B00F07F83032B00F00584042B9B
:10D2D00000F05D84052B00F02C84062B00F0A9845F
:10D2E000072B00F0B484082B00F0AD84092B00F06C
:10D2F00094840A2B00F08D840B2B01D1000A0021AD
:10D300000902030241EA10617808B6E703A8F7F7BB
:10D31000A3F90498636A002102460BB3012B00F0C5
:10D320003582022B00F08682032B00F0C182042B91
:10D3300000F02183052B00F04D83062B00F0908335
:10D34000072B00F02184082B00F00B84092B00F040
:10D3500004840A2B00F052840B2B01D1100A002107
:10D3600062680902030241EA1061500886E76846D4
:10D37000F7F7B4F80198636A00210246002BEFD05A
:10D38000CCE700BF004402580090D00300093D00E4
:10D390000000093DFFFC0F00F7F78EF8626A0021DC
:10D3A00003460AB3012A00F06E82022A00F0B98215
:10D3B000032A00F02483042A00F09383052A00F056
:10D3C000A683062A00F0DA83072A00F0D583082A0C
:10D3D00000F01C84092A00F015840A2A00F02F842A
:10D3E0000B2A01D1030A002162680902180241EAEE
:10D3F00013615308C0184FF0000341F10001F2F728
:10D40000C7FFA0F5407342E72D0A002D3FF42EAA76
:10D410000DE5B54B5B6D03F00703052B3FF625AA21
:10D42000B24AD55CFFF733BA402E7FF41EAA616A78
:10D43000002900F04E81012900F02782022900F026
:10D440008482032900F0CE82042900F05783052945
:10D4500000F05983062900F06883072900F06083F3
:10D46000082900F0B783092900F0AF830A2900F0EA
:10D47000C0830B294FF000010CBF4FF400404FF464
:10D480000000F9E69A4AA2FB03239B08FFF7FBBAC8
:10D49000974BA3FB0535AD08002D3FF4E7A9C6E483
:10D4A0006D08002D3FF4E2A9C1E4924DBFE40029CC
:10D4B0005AD0012900F0AC80022900F0DB8003295A
:10D4C00000F06181042900F0A181052900F0EB81C1
:10D4D000062900F016820729E7D008295DD009291E
:10D4E00071D00A2900F02D81834D844B0B2918BF80
:10D4F0001D469CE4824BE7E5002E50D0012E00F043
:10D50000AF80022E00F03B81032E00F07A81042EC2
:10D5100000F0C781052E00F0FD81062E00F04D823F
:10D52000072EE7D0082E48D0092E75D00A2E00F01D
:10D530003181744B744A0B2E18BF1346C4E56F4BF0
:10D54000FFF7A1BA6A4BA3FB00308008FFF74ABB84
:10D55000674BA3FB00308008FFF771BB6B4AA2FB4F
:10D560000323DB08FFF78FBA644D60E4674BA3FB2E
:10D570000535ED08002D3FF479A958E4490814E673
:10D58000634BFFF780BA4FF48043FFF77CBA400843
:10D59000FFF728BB4008FFF752BB5D4D47E45A4BED
:10D5A00092E54FF4804542E48908FEE5594BFFF7C8
:10D5B0006ABA4FF40053FFF766BA4E4B84E5400851
:10D5C00021E6400851E5534D31E4534BFFF75BBA78
:10D5D0004FF400552BE44D4BA3FB0030C008FFF780
:10D5E0002EBB4A4BA3FB0030C008FFF7FBBA404BF1
:10D5F000A3FB01239908D8E541F25553FFF743BA3D
:10D60000464BFFF740BA3A4BA3FB0535AD080EE495
:10D61000414D0CE46D080AE43D4B55E54FF4804064
:10D620005EE4800821E58008EDE53D4BFFF72BBA6D
:10D6300041F25555FFF7FBBB384DFFF7F8BB314BB7
:10D64000FFF721BAC908B0E54FF48053FFF71BBAC2
:10D650000C23B5FBF3F5002D3FF408A9FFF7E7BB5A
:10D66000264B31E5224AA2FB0323DB08FFF70BBA66
:10D6700052086AE52A4DFFF7DABB626A002A00F019
:10D68000C280012A00F07981022A00F0B281032AC7
:10D6900000F0C381042A00F05E82052A00F059825E
:10D6A000062A00F09E82072A00F09982082A00F0DC
:10D6B0009D82092A00F097820A2A00F083820B2AB1
:10D6C000184A0E4B0EBF00210321134678083A4634
:10D6D00090E64FF40000CFE51348CDE5044BA3FBE3
:10D6E000002398088FE500BF00440258B4210108C8
:10D6F000ABAAAAAA00093D0090D003000090D00375
:10D7000000127A0020A107000020A107CDCCCCCCCC
:10D7100080841E0040420F000048E8012A2C0A00C5
:10D720000024F400000090D00000093DCF4BCBE472
:10D7300042F6AA20FFF7D4BBCD4BA3FB00239808E9
:10D7400093E4CC4DFFF773BBCB4BFFF79CB94FF481
:10D750008055FFF76CBB1B09FFF795B90A23B1FB96
:10D76000F3F122E5C54BFFF78EB940F6CC43FFF746
:10D770008AB92D09002D3FF479A8FFF758BBC04B9B
:10D78000A2E49208E1E4BC4DFFF751BB4008E7E595
:10D79000C00838E5BB4B97E44FF40050FFF7A0BB3F
:10D7A000C00862E4B54DFFF742BBB74BFFF76BB95A
:10D7B00040F6CC45FFF73BBB0C23B1FBF3F1F4E49F
:10D7C0005B09FFF760B96D09002D3FF44FA8FFF723
:10D7D0002EBBA74BA3FB0030C008FFF703BAAB4B2F
:10D7E000FFF751B940F6AA23FFF74DB9A04BA3FBB1
:10D7F0000030C008FFF723BA9D4BA3FB02239A0811
:10D80000A3E4A34B60E4A34B03215FE79E4DFFF726
:10D810000EBBA14B58E4ED08FFF709BB0A23B0FB90
:10D82000F3F022E441F69810FFF75ABB0A23B0FB4D
:10D83000F3F0E8E4800893E5984BFFF724B940F64D
:10D84000AA25FFF7F4BA9B09FFF71DB90A22B3FB1B
:10D85000F2F3FFF718B98D4DFFF7E9BA0009FFF7AA
:10D86000C1B98F4BFFF70FB9AD09002D3EF4FEAFE4
:10D87000FFF7DDBA8B480021FEE4090995E44FF477
:10D880000063FFF700B94308AEE54FF480000021C4
:10D89000F2E40009FFF7D3B90A23B5FBF3F5FFF76C
:10D8A000C6BA814B10E47D4DFFF7C1BAD2084CE4F3
:10D8B00006220023F2F76CFD52E50C23B0FBF3F0D7
:10D8C000A1E4774DFFF7B3BA4FF40065FFF7AFBAA5
:10D8D0000C22B3FBF2F3FFF7D6B8490965E441F235
:10D8E0005450FFF7FDBA714BFFF7EEBB0C23B0FBB2
:10D8F000F3F0FFF7BABBDB09FFF7C5B86C4BFFF7D6
:10D90000C2B86B4DFFF793BA4009FFF76BB9694B8B
:10D91000FFF7B9B8684BFFF7D7BB4FF48063FFF749
:10D92000B2B8830860E50A23B2FBF3F20DE4ED0917
:10D93000002D3EF49BAFFFF77ABA4009FFF77FB99D
:10D940000C23B5FBF3F5FFF772BA4FF4001000217A
:10D9500092E45A4800218FE44008D1E44FF48065F6
:10D96000FFF765BA534DFFF762BA4FF22443FFF752
:10D970008AB8000947E4C008F2E4514B1146A5E615
:10D980004FF48050FFF7ACBA3A4BFFF79DBB00094C
:10D99000FFF76BBB8009FFF752B98009FFF722B987
:10D9A000890902E44FF40073FFF76DB84FF4007576
:10D9B000FFF73DBA3A4BFFF787BB2F4BFFF784BB0E
:10D9C0004048002158E480089AE44009FFF74DBB25
:10D9D000400918E40A220023F2F7DAFCC0E42D091A
:10D9E000FFF725BA3848002146E44FF22445FFF7F7
:10D9F0001EBA364B6AE64FF40060FFF771BA002397
:10DA00000622F2F7C5FC0346EEE40C23B2FBF3F268
:10DA1000FFF79BBB1209FFF798BB2D4B56E64FF45F
:10DA20008060FFF75DBA8009FFF71FBBC009FFF7F1
:10DA300006B947F61223FFF726B847F61225FFF777
:10DA4000F6B96D09FFF7F3B92248002114E4194B28
:10DA5000FFF73ABBC009FFF7C5B8C909FFF7A5BB77
:10DA60000C220023F2F794FC7AE400BF545814000F
:10DA7000ABAAAAAA20A10700AAC2A200801A060087
:10DA80000048E80140420F0000127A001516050018
:10DA900054854501000090D000350C0000A86100BD
:10DAA00090D003000080841E0024F4002A2C0A0079
:10DAB0005561510048E801000050C3000040420F8A
:10DAC000000048E8002A2C0A00551500000024F444
:10DAD00000AAC2A20020A10706220023F2F758FCE8
:10DAE0000EE4C30880E44FF48073FEF7CCBF4FF41C
:10DAF0008075FFF79CB98009FFF785BB4FF4801054
:10DB00000021FFF7B9BB53480021FFF7B5BB002345
:10DB10000A22F2F73DFC034666E4C009FFF773BB37
:10DB20004FF400200021FFF7A7BB4B480021FFF76F
:10DB3000A3BB0A220023F2F72BFCFFF7E1BB52093B
:10DB4000FFF703BBC009FFF790BA4FF40070FFF76F
:10DB5000C7B9424BBAE5424BB8E590090021FFF73F
:10DB6000FFBB4009FFF7FCBB3E480021FFF784BB29
:10DB70003D480021FFF780BB030935E400230C2258
:10DB8000F2F706FC03462FE40009FFF7E9BBC008E3
:10DB9000FFF7B6BB4FF22443FFF796BAAD09FFF784
:10DBA00046B932480021FFF767BBED09FFF73FB9DF
:10DBB000D209FFF7CABA9209FFF7C7BA2C48002169
:10DBC000FFF75ABB2B4B002180E54FF400300021BA
:10DBD000FFF752BB4FF480200021FFF74DBB264BCF
:10DBE00074E5264B72E5264B00216FE5254B00219D
:10DBF0006CE54FF480300021FFF73EBBD0090021D7
:10DC0000FFF7AEBB83090021FFF7EEBB4309FFF727
:10DC1000EBBBC0090021FFF773BB80090021FFF7B0
:10DC20006FBB19480021FFF727BB18480021FFF7F9
:10DC300023BB0C220023F2F7ABFBFFF761BBC30948
:10DC40000021FFF7D1BB40090021FFF759BB0009B4
:10DC5000FFF756BB00CC0C0000AA0A000000A86128
:10DC60000000127A0090D0030015160500801A06F5
:10DC700000127A000020A1070000093D0055615103
:10DC80000040420F0080841E0024F4000048E80198
:10DC9000836ADA0710B406D50168C46A4A6822F4B8
:10DCA000003222434A609C0706D50168046B4A682B
:10DCB00022F4803222434A60590706D50168446B3A
:10DCC0004A6822F4802222434A601A0706D5016876
:10DCD000846B4A6822F4004222434A60DC0606D57F
:10DCE0000168C46B8A6822F4805222438A609906D4
:10DCF00006D50168046C8A6822F4005222438A60C7
:10DD00005A060AD50168446C4A68B4F5801F22F4AB
:10DD1000801242EA04024A600BD01B0606D5026854
:10DD2000C16C536823F400230B4353605DF8044B2C
:10DD300070474A68846C22F4C00222434A60ECE7D0
:10DD4000002370B50446C0F88830F3F761FA054641
:10DD500023681A6811070CD41A68520725D42022A8
:10DD60000023C4F880201846C4F8842084F87C304E
:10DD700070BDDE6916F40016EED1F3F749FA431BC5
:10DD8000B3F1007F2368F4D31A682021032022F422
:10DD9000D0721A609A6822F001029A60C4F880106A
:10DDA00084F87C60C4F8841070BDDE6916F48006C7
:10DDB000D5D1F3F72DFA431BB3F1007F2368F4D3D9
:10DDC000E2E700BF80B3D0F8803010B5044633B32B
:10DDD000226824232046C4F88030136823F001030E
:10DDE0001360FEF7F9FC012817D0A36A8BB92368EA
:10DDF00020465A6822F490425A609A6822F02A0219
:10DE00009A601A6842F00102BDE810401A60FFF7FC
:10DE100097BF2046FFF73CFFE9E7012010BD80F8DF
:10DE20007C30FAF7BBF9D3E701207047704700BF99
:10DE3000704700BF704700BF90F87C20012A17D0C0
:10DE4000026803462420002130B4C3F88000202556
:10DE50001068146820F0005024F001041460596622
:10DE600010600846C3F8805083F87C1030BC7047BF
:10DE70000220704790F87C20012A43D002680346B4
:10DE8000242030B4C3F8800084B014681068EC46D5
:10DE900004AD20F001001060906820F06040014364
:10DEA0001948916003C88CE80300184903C905E9C3
:10DEB0000300596E19B391689068C1F3426C05EB89
:10DEC0005071AC4411F8100C11F8081CC0001CF87B
:10DED000085CB0FBF1F01CF8101CC900B1FBF5F1B7
:10DEE000A3F868100021A3F86A00202508461460F2
:10DEF000C3F8805083F87C1004B030BC7047012117
:10DF00000846EDE70220704708200108C4210108F7
:10DF100090F87C20012A43D002680346242030B4C4
:10DF2000C3F8800084B014681068EC4604AD20F09B
:10DF300001001060906820F0606001431948916012
:10DF400003C88CE80300184903C905E90300596EAA
:10DF500019B391689068C1F3426C05EB5071AC4401
:10DF600011F8100C11F8081CC0001CF8085CB0FB7C
:10DF7000F1F01CF8101CC900B1FBF5F1A3F8681012
:10DF80000021A3F86A00202508461460C3F88050D9
:10DF900083F87C1004B030BC704701210846EDE7DF
:10DFA0000220704708200108C42101080B6810B442
:10DFB000D3B90468A3F500434A6823401343D1E969
:10DFC000024223431343D1E9044223431343D1E9DB
:10DFD000064223431343D1E9084223435DF8044B2F
:10DFE00013430360002070470268D1E9074322F41D
:10DFF000F84222434C6A1A430A4B224302604268A9
:10E000001340D1E9014223431343D1E9034223439F
:10E010001343D1E9054223435DF8044B13434360A6
:10E02000002070470080FFFF30B40ABB8368D1E94D
:10E03000002403F07043013C013A43EA0413134304
:10E04000D1E90224013A013C43EA022343EA0432C3
:10E05000D1E904348969013B013C013942EA0343B7
:10E0600043EA045343EA016330BC836000207047F5
:10E070008268CC68114B013C13404A6943EA04337F
:10E08000541E43EA0454D1E900258460C3686C1E21
:10E09000013A03F0704343EA04130C691A438B6896
:10E0A000013C8969013B013942EA032343EA044305
:10E0B00043EA016330BCC36000207047FF0F0FFFCD
:10E0C0000246D1E9003010B403431469D1E90210CB
:10E0D00023435DF8044B013943EA4023002043EA1F
:10E0E00041131361704700BF0246054B002010B476
:10E0F000546923405DF8044B43EA41015161704784
:10E1000001C0FFFF022A82B0844613D00923019385
:10E11000DCF80C30002023F47053CCF80C30019B59
:10E12000DCF80C209B0203F470531343CCF80C3042
:10E1300002B07047224B234A0B44934207D9224B2B
:10E14000224A0B44934205D80E230193E0E70F23A4
:10E150000193DDE71E4B1F4A0B44934207D91E4B28
:10E160001E4A0B44934205D20C230193D0E70D23A2
:10E170000193CDE71A4B1B4A0B44934202D80B2361
:10E180000193C5E7184B194A0B44934202D20A2364
:10E190000193BDE7164B174A0B449342B6D3164B77
:10E1A000164A0B44934202D208230193B0E7144B62
:10E1B000144A0B44934234BF072306230193A7E775
:10E1C000405327FFFF340C00401E1BFF3F420F004F
:10E1D00000DC0BFF7F4F1200808CF9FE20D613006D
:10E1E00060B6E5FE5FE3160000D3CEFE40771B006D
:10E1F000C05BB3FEC091210000CA91FE20753800BB
:10E20000E05459FEE09C4100890182B000230A4A93
:10E2100041F020010193016103E0036913F0200341
:10E2200007D0019B013393420193F6D9032002B03A
:10E230007047184602B07047400D0300D0F8083808
:10E2400082B003F006030193019838B101980228C7
:10E2500004D0019B062B0CBF02200F2002B0704798
:10E2600030B44B780A78012B20D002F00F0C4FF419
:10E270008033D0F81C4800EB421203FA0CF323431E
:10E28000C0F81C38D2F8003B1B040CD48B68D2F8C1
:10E29000004BC3F30A03C8781449234343EA80437D
:10E2A0001943C2F8001B002030BC704700F5006421
:10E2B00002F00F0500EB4210AB40E5692B43E36130
:10E2C000D0F800391C04EED48B68D0F80059C3F3A1
:10E2D0000A03CC7805492B4343EA844343EA82523C
:10E2E000114330BCC0F800190020704700800010B6
:10E2F0002DE9F0414B7891F800C0012B51D000EB93
:10E300004C1C844CDCF8105B0CF530632C401C6119
:10E31000814C1D692C401C614C6984B38D68012AB5
:10E320007E4E2C4404F1FF34B4FBF5F406EAC44EEF
:10E33000A4B205FB04F41D694EEA0505C4F31204FA
:10E340001D611D6944EA05041C6125D0CB78012BB1
:10E350000CD1D0F8083813F4807FDCF8003B0CBFF8
:10E3600043F0005343F08053CCF8003BDCF8003B13
:10E3700043F00443CCF8003B0020BDE8F0818C68FA
:10E38000012A1D69C4F3120444EA05041C611C69D6
:10E3900044F400241C61D9D1CA68002AD6D05A613D
:10E3A000D4E74D69002D3DD000EB4C14594ED1F807
:10E3B00008E0D4F81089584F08EA0606C4F8106936
:10E3C00005EB0E06013EB6FBFEFED4F810693740A1
:10E3D000524EC4F8107906EACE46D4F810793E437E
:10E3E000C4F81069C5F31206D4F810793E43C4F896
:10E3F000106904F5106691F803E0BEF1010F57D0E3
:10E40000012A72D0D4F800290CF00F0C42F004421B
:10E4100003FA0CF3C4F80029D0F834281343C0F8E9
:10E420003438A9E700EB4C133B4E3A4C012AD3F8A1
:10E43000107906EA0706C3F81069D3F8106946F4A4
:10E440000026C3F81069D3F8106904EA060403F53E
:10E450001066C3F8104991F803E03AD0D3F80049A8
:10E46000BEF1010F44F00444C3F8004984D1D0F850
:10E47000083813F4807F33680CBF43F0005343F037
:10E4800080533360002A7FF477AFADB20335AD0817
:10E490003FF472AFCB6800EB0C3C03EB85010CF54D
:10E4A000805C53F8042B8B42CCF80020F9D163E751
:10E4B0003369012A23F0C0433361336943F00053C9
:10E4C000336117D0D4F8003943F00443C4F800395D
:10E4D000CDE70B6963B9BEF1010F0ED033680020A0
:10E4E00043F004433360BDE8F0810B69002BF5D0A5
:10E4F0007361F0E70B69002BFAD1D0F8083813F4F8
:10E50000807F33680CBF43F0005343F08053336087
:10E51000E4E700BF0000F8FFFFFF07E00000F81F7E
:10E52000F0B54C780B78012C26D000EB4310574CFB
:10E53000D0F8105B00F530632C401C61544C1D6911
:10E540002C401C614C69A4B98C681D69C4F3120489
:10E55000012A45F400251D611D6944EA05041C617A
:10E5600049D0D0F8003B43F00443C0F8003B002002
:10E57000F0BD8C684C61E8E74C69002C40D000EBA2
:10E580004315424FD1F808E0D5F810C9404E744504
:10E590000CEA070705F5106CC5F81079D5F8107965
:10E5A00006EA0706C5F8106958D9DCF81040012AB8
:10E5B000C1F814E044F40024CCF81040CEF3120467
:10E5C000DCF8106044EA0604CCF810403AD0D5F8E4
:10E5D000002942F00442C5F80029BEF1000FC6D060
:10E5E00003F00F010123D0F834288B401343C0F807
:10E5F00034380020F0BDCA68002AB2D05A61B0E7B2
:10E6000000EB4310224B012AD0F8104900F5106CA2
:10E6100003EA0403CCF81030DCF8103043F4002394
:10E62000CCF81030194BDCF8104003EA0403CCF8A6
:10E63000103007D0D0F8003943F00443C0F8003957
:10E640000020F0BD0B690BB1CCF81430DCF80030C1
:10E65000002043F00443CCF80030F0BDDCF810603B
:10E66000C4F31204012A46F40026CCF81060DCF84A
:10E67000106044EA0604CCF81040E3D0D5F8002935
:10E6800042F00442C5F80029AAE700BF0000F8FFE5
:10E69000FFFF07E010B49DF8044064B903339B0802
:10E6A00009D0013201EB830300EB023051F8042B57
:10E6B0008B420260FAD100205DF8044B704700BF26
:10E6C000033292080AD000F5805C01EB8200DCF88E
:10E6D000003041F8043B8842F9D170470846704742
:10E6E0004A780B78012A00EB43100CD0D0F8002BAD
:10E6F0000BB1002A14DAD0F8003B43F40013C0F841
:10E70000003B00207047D0F80029002A00DB73B9D5
:10E71000D0F8003943F40013C0F8003900207047E6
:10E72000D0F8003B23F08043C0F8003BE3E7D0F88B
:10E73000003923F08043C0F80039D0F8003943F4A1
:10E740000013C0F80039E9E74A780B78012A00EB9A
:10E75000431013D0D0F8003B23F40013C0F8003B63
:10E76000CB78023B012B01D900207047D0F8003B49
:10E7700043F08053C0F8003B00207047D0F80039C8
:10E7800023F40013C0F80039CB78023B012BEBD8FF
:10E79000D0F8003943F08053C0F8003900207047AA
:10E7A000034609010020D3F8002801F4FE6122F499
:10E7B000FE62C3F80028D3F800281143C3F80018FC
:10E7C000704700BF82B0436901938269019B134087
:10E7D0000193019802B0704782B0D0F818380193C5
:10E7E000D0F81C28019B134001930198000C02B043
:10E7F000704700BF82B0D0F818380193D0F81C28B9
:10E80000019B13400193019880B202B0704700BF92
:10E8100000EB411182B0D1F8083B0193D0F81428E5
:10E82000019B13400193019802B0704784B0D0F867
:10E83000103801F00F0C00EB41110293D0F834387E
:10E840000393039B029A23FA0CF3DB01DBB213431D
:10E850000293D1F80839029A13400193019804B049
:10E86000704700BF406900F001007047D0F8001900
:10E8700000F500630A4A0A40C0F800299A6802F0CD
:10E880000602042A05D1D0F8002942F00302C0F89C
:10E8900000295A68002042F480725A60704700BF15
:10E8A00000F8FFFF144B10B4046C9C421AD800F51A
:10E8B0003060002301290361036943F400230361ED
:10E8C000036943F018030361036943F0C043036124
:10E8D00004D14261036843F08023036000205DF8A7
:10E8E000044B7047D0F8003B00F53060002BE0DAB5
:10E8F00000205DF8044B70470A30544FD0F80024D4
:10E9000001F00303012900F5806C22F00302C0F836
:10E910000024D0F8002443EA0203C0F8003409D0F0
:10E92000022901D00020704741F270730020CCF81A
:10E93000043070474BF680330020CCF80430704729
:10E94000D0F8140480B2704700EB4111002382B06C
:10E9500001F5A0620193D1F8003513F4802FD1F8AE
:10E96000003543F08043C1F8003522D1C36A13F467
:10E970007F0FD1F8003523D123F00043C1F80035D3
:10E98000D1F8003543F00043C1F80035D1F8003527
:10E9900023F40043C1F8003502E01368002B13DABA
:10E9A000019B0133B3F57A7F0193F6D9002002B0C1
:10E9B0007047D0F8103413F47F0FD1F8003506D02B
:10E9C00043F00043C1F80035002002B0704723F047
:10E9D0000043C1F80035D1F8003543F00043C1F8D9
:10E9E0000035D1F8003523F40043C1F8003502E0CA
:10E9F0001368002BE8DA019B0133B3F57A7F0193AA
:10EA0000F6D9002002B0704730B4002484B04FF42F
:10EA10008465AA4A00940146836823F00103836059
:10EA20000394056102E00B69980604D5039B01334A
:10EA300093420393F7D900201023A04A02900B6160
:10EA400002E00B69DB0604D5029B0133934202937B
:10EA5000F7D9D1F8003501F5A06201F5E060019326
:10EA6000019B43F080430193019B23F000430193FA
:10EA7000019B23F400430193019BC1F80035D1F8B9
:10EA800020350193019B43F080430193019B23F0C8
:10EA900000430193019B23F400430193019BC1F8C0
:10EAA0002035D1F840350193019B43F08043019319
:10EAB000019B23F000430193019B23F40043019346
:10EAC000019BC1F84035D1F860350193019B43F0BB
:10EAD00080430193019B23F000430193019B23F4A6
:10EAE00000430193019BC1F86035D1F88035019353
:10EAF000019B43F080430193019B23F0004301936A
:10EB0000019B23F400430193019BC1F88035D1F8A8
:10EB1000A0350193019B43F080430193019B23F0B7
:10EB200000430193019B23F400430193019BC1F82F
:10EB3000A035D1F8C0350193019B43F08043019388
:10EB4000019B23F000430193019B23F400430193B5
:10EB5000019BC1F8C035D1F8E0350193019B43F02A
:10EB600080430193019B23F000430193019B23F415
:10EB700000430193019BC1F8E035D1F800360193C1
:10EB8000019B43F080430193019B23F000430193D9
:10EB9000019B23F400430193019BC1F80036D1F897
:10EBA00020360193019B43F080430193019B23F0A6
:10EBB00000430193019B23F400430193019BC1F89F
:10EBC0002036D1F840360193019B43F080430193F6
:10EBD000019B23F000430193019B23F40043019325
:10EBE000019BC1F84036D1F860360193019B43F098
:10EBF00080430193019B23F000430193019B23F485
:10EC000000430193019BC1F86036D1F8803601932F
:10EC1000019B43F080430193019B23F00043019348
:10EC2000019B23F400430193019BC1F88036D1F886
:10EC3000A0360193019B43F080430193019B23F095
:10EC400000430193019B23F400430193019BC1F80E
:10EC5000A036D1F8C0360193019B43F08043019365
:10EC6000019B23F000430193019B23F40043019394
:10EC7000019BC1F8C036D1F8E0360193019B43F007
:10EC800080430193019B23F000430193019B23F4F4
:10EC900000430193019BC1F8E03613680193019B87
:10ECA00043F080430193019B43F000430193019B98
:10ECB00023F400430193019B136004E0400D030023
:10ECC0001368002B05DA009B0133B3F57A7F0093BC
:10ECD000F6D920328242E0D14FF0FF330020C1F854
:10ECE00014344B618B6843F001038B6004B030BC7B
:10ECF000704700BF08B5D0F88C321BB11B6898472D
:10ED000000B908BD022008BD08B5D0F88C325B6898
:10ED10009847002008BD00BF38B500F520750446AF
:10ED2000284600F07DFB0122B4F8863294F8801268
:10ED3000C4E99B2301F01F03934209D0022B13D097
:10ED400063B101F080012046FAF796FA002038BD41
:10ED50002946204600F092FA002038BD2946204678
:10ED600000F00AF9002038BD2946204600F0BAFA22
:10ED7000002038BD38B5054669B91346D0F86C2275
:10ED8000032A15D0052A0C460ED1C5F86C12FAF7E5
:10ED900073FA204638BDD0F88C329B6933B190F8B5
:10EDA0007422032A02D19847002038BD022038BDC2
:10EDB000D0E9531291420CD9891A8A42C0F84C11F9
:10EDC00088BF8AB2194698BF92B200F055FB002066
:10EDD00038BDD0F88C321B691BB190F87422032A1D
:10EDE00004D0284600F052FB002038BD9847F8E7D1
:10EDF00070B5044661B9D0F86C32022B15D033F0EF
:10EE0000040337D094F87832012B2ED0002070BD47
:10EE1000D0F88C325B6933B190F87422032A02D1A6
:10EE20009847002070BD022070BDD0E908630D46F0
:10EE30009E4223D8C669B6FBF3F203FB12620AB9FD
:10EE4000B34228D9D4F88C32DB681BB194F8742211
:10EE5000032A30D080212046FAF70EFA204600F02F
:10EE600021FB94F87832012BD0D10023184684F886
:10EE7000783270BD8021FAF7FFF9C3E7F31A114623
:10EE800003629AB200F0EEFA2B462A462946204643
:10EE9000FAF73EFAB6E7D0F870329E42D2D20A466E
:10EEA00000F0E0FA2B462A4629462046C4F8705264
:10EEB000FAF72EFAA6E720469847CBE770B500226E
:10EEC00040260446012511463346FAF7C3F9334676
:10EED000802100222046C4F84451C4F85061FAF75A
:10EEE000B9F90021D4F89032A561666284F87452B1
:10EEF000C4F86C126160C4F87C1223B1D4F88C326F
:10EF000020465B689847002070BD00BF0346002084
:10EF10001974704703460421002093F8742283F883
:10EF2000741283F8752270470346002093F8752207
:10EF300083F87422704700BF90F87422032A01D02E
:10EF40000020704708B5D0F88C32DB6903B19847D0
:10EF5000002008BD00207047002070470020704747
:10EF6000D0F88C22012108B580F874120179536819
:10EF70009847002008BD00BF30B50B7883B00D4620
:10EF8000044603F06003202B0DD0402B0BD09BB127
:10EF900080212046FAF770F900212046FAF76CF933
:10EFA000002003B030BDD4F88C32294620469B683F
:10EFB0009847002003B030BD4B78092BE8D801A258
:10EFC00052F823F01FF000084BF0000891EF000802
:10EFD00069F0000891EF000871F00008A9F000083E
:10EFE00091EF0008D9F00008EDEF00088978A24DF4
:10EFF00001292970CCD890F87432022B00F01281CC
:10F00000032B00F000818021FAF736F90021204619
:10F01000FAF732F929782046FFF776FEC0E790F834
:10F020007432013B022BB3D8CB88022BB0D1012222
:10F03000D0F87C32C2600BB10323C360022204F11A
:10F040000C01204600F000FAAAE790F87432013B68
:10F05000022B9DD84B88012BA2D100232046C4F857
:10F060007C3200F013FA9BE74B88012B98D1F5E72F
:10F070008B88002B8CD1CB88002B89D14D887F2D9C
:10F0800086D890F87432032B82D0E9B280F87612D9
:10F09000FAF722F9204600F0F9F9002D00F0E0809F
:10F0A000022384F874327BE74A88130A013B062B5B
:10F0B0003FF66EAF01A151F823F000BF6DF10008DB
:10F0C00055F1000843F1000891EF000891EF0008A6
:10F0D0002DF10008FFF00008CA88012A7FF458AF1C
:10F0E00090F87432022B00F28780002B3FF450AF6F
:10F0F0000146002341F8083F00F0A6F950E7037CE1
:10F10000002B7FF445AFD0F88C320DF106001B6B5D
:10F11000984707234370BDF80620002A67D0EB8884
:10F12000002B5BD1204600F0B1F939E7037C002BBE
:10F130007FF42EAFD0F88C320DF106005B6B984750
:10F14000E9E7D1B2052900F28F80DFE801F0271F3F
:10F1500017372F3F037C002B72D1D0F88C320DF182
:10F1600006009B6A984702234370D4E7D0F88832A0
:10F170000DF10601007C1B689847CCE7D0F8883277
:10F180000DF10601007CDB689847C4E7D0F88832AF
:10F190000DF10601007C9B689847BCE7D0F88832E7
:10F1A0000DF10601007C5B689847B4E7D0F888321F
:10F1B0000DF10601007C5B699847ACE7D0F8883216
:10F1C0000DF10601007C1B699847A4E7D0F888324E
:10F1D0000DF10601007C9B6998479CE79A42014625
:10F1E000204628BF1A46ADF8062000F02DF9EB881E
:10F1F000002B7FF4D5AE95E7032B7FF4C9AE011D3C
:10F2000000F022F9CCE621B3416801298AD0C9B2C5
:10F21000FFF77AFD297820466160FFF76BFD022831
:10F2200080D1B5E600293FF47DAF01210323416081
:10F2300080F87432FFF75EFD02287FF473AFA7E613
:10F24000D0F88C320DF10600DB6A98470223437038
:10F2500061E70223416080F87432FFF755FD61E7F2
:10F26000012384F874329BE6D0F88C320DF106024B
:10F270009B6B98474FE700BF5426002438B50B78A6
:10F280000D46044603F06002402A0AD05B0608D50A
:10F290008021F9F7F1FF00212046F9F7EDFF00206A
:10F2A00038BD94F87432013B022B11D82B79012B15
:10F2B0000ED8D4F88C32294620469B689847EB88B4
:10F2C000002BECD10028EAD1204600F0DFF8E6E779
:10F2D00080212046F9F7D0FF00212046F9F7CCFF26
:10F2E000002038BD38B50B78044603F06003202BAE
:10F2F0000CD0402B0AD083B180212046F9F7BCFF07
:10F3000000212046F9F7B8FF002038BDD4F88C3230
:10F3100020469B689847002038BD4B788A88012B8F
:10F320005FFA82FC37D0032B23D0002BE4D190F876
:10F330007432022B4AD0032BDED10CF00F031206DD
:10F3400003EB830300EB830351D4D3F84431002B48
:10F35000D2D00CF07F03142505FB030505F5A0753D
:10F36000002B4FD12B6002222946204600F06CF87A
:10F37000CAE790F87432022B1DD0032BBCD14B8806
:10F380002BB91CF07F0F02D0CB88002B43D0204636
:10F3900000F07CF8B8E790F87432022B0BD0032B06
:10F3A000AAD14B88002BAFD11CF07F0FEFD0614664
:10F3B000F9F770FFEBE71CF07F0F9DD06146F9F77E
:10F3C0005BFF80212046F9F757FF9DE71CF07F0F78
:10F3D00092D111064FF000034FF002024CBF00F132
:10F3E000140100F5A0710B6000F02EF88CE79B690A
:10F3F000002B81D00CF07F035D1C05EB850500EB35
:10F400008505ADE761462046F9F752FF08B10123B3
:10F41000A8E72860A7E76146F9F72EFFB7E700BF26
:10F420000B7803704B784370CA788B7803EB022318
:10F4300043804A790B7903EB02238380CA798B7965
:10F4400003EB0223C380704710B5134602240A461B
:10F450000021C0F86C42C0E90733F9F74BFF0020E8
:10F4600010BD00BF8C46002108B513466246F9F76F
:10F4700041FF002008BD00BF8C46002108B513469F
:10F480006246F9F745FF002008BD00BF08B504211A
:10F490000023C0F86C121A461946F9F72BFF00201A
:10F4A00008BD00BF08B505210023C0F86C121A463C
:10F4B0001946F9F72DFF002008BD00BFD0F8C4237E
:10F4C0000132C0F8C42302780B2A00D07047D0F86C
:10F4D0007C33002BFAD09B69184700BF012380F8CA
:10F4E00023337047002380F82333704703460022FC
:10F4F0000121104683F8201383F8212383F8222367
:10F50000704700BF38B501230025044680F8213339
:10F5100080F8235380F82053F9F71EFF2179204605
:10F5200000F006F86179204600F002F8284638BD60
:10F530000A2907D800EB8100D0F88433C3F30E0307
:10F54000C0F88433002070470C4A82B00C4BD2F8CC
:10F55000DC1041F04001C2F8DC10D2F8DC2002F0EF
:10F5600040020192019A1A6822F020021A601A6879
:10F5700042F004021A6002B0704700BF0044025813
:10F580000018024870B5002304464FF4806204213D
:10F590004FF440353448C4F83821C4F8D410C4F8C6
:10F5A0003431C4F84C113149C4F8B000C4F8281102
:10F5B000C4E92F32C4E93133C4E93335C4E9373300
:10F5C000C4E94F33C4E95135C4E95533A268032374
:10F5D000C4F8D830C4F85031042A0AD8DFE802F061
:10F5E0001F262D34030055225623C4F8B420C4F836
:10F5F0002C310022402304F1B005C4F8B82028467D
:10F60000C4F83031F2F7C6FD08B1FFBEFEE704F5DD
:10F6100094763046F2F7BEFDE8B1FFBEFEE7252244
:10F620002623C4F8B420C4F82C31E2E7272228238B
:10F63000C4F8B420C4F82C31DBE73D223E23C4F8E3
:10F64000B420C4F82C31D4E753225423C4F8B42096
:10F65000C4F82C31CDE704F12803C4E92865C4F8C7
:10F66000E830C4F8603170BD4004024058040240E4
:10F670002DE9F04F814683B00E4617461D4600F136
:10F680002804204601F090FD01288246F9D1484621
:10F69000FFF778FF8046002835D1EFF31083019300
:10F6A00072B6DFF888B00C9B99F90820DFF880A0CB
:10F6B000DFF88090CBF800300D9B89F80020CAF865
:10F6C00000300DB11846A847BAB23146204601F0C5
:10F6D000E1F830B9019B03B962B6404603B0BDE81A
:10F6E000F08F0023CBF80030CAF80030FF2389F8F0
:10F6F00000300C9B8BB101210D9888469847019BE7
:10F70000002BEAD1E8E70C9B53B1D0460D98514647
:10F710009847404603B0BDE8F08F4FF00108D9E7A5
:10F72000D046404603B0BDE8F08F00BF78300024DB
:10F73000803000247C3000242DE9F04F814683B0D6
:10F740000E4617461D4600F12804204601F02CFD08
:10F7500001288246F9D14846FFF714FF8046002869
:10F7600035D1EFF31083019372B6DFF888B00C9BAC
:10F7700099F90820DFF880A0DFF88090CBF80030FE
:10F780000D9B89F80020CAF800300DB11846A84733
:10F79000BAB23146204601F041FA30B9019B03B9B3
:10F7A00062B6404603B0BDE8F08F0023CBF80030CE
:10F7B000CAF80030FF2389F800300C9B8BB101217F
:10F7C0000D9888469847019B002BEAD1E8E70C9BEF
:10F7D00053B1D0460D9851469847404603B0BDE816
:10F7E000F08F4FF00108D9E7D046404603B0BDE89E
:10F7F000F08F00BF78300024803000247C3000245B
:10F800002DE9F04F814683B00F461646984600F129
:10F810002804204601F0C8FC0128FAD18246484657
:10F82000FFF7B0FE0546002838D1EFF310830193AF
:10F8300072B699F90830DFF88890DFF888B089F857
:10F8400000300D9BDFF880A0CBF800300E9BCAF88B
:10F8500000300C9B0BB10E9898471FFA88F33A467C
:10F860003146204601F0CEF830B9019B03B962B6AB
:10F87000284603B0BDE8F08F0023CBF80030CAF86B
:10F880000030FF2389F800300D9B8BB101210E98C9
:10F890000D469847019B002BEAD1E8E70D9B4BB141
:10F8A00055460E9851469847284603B0BDE8F08F5C
:10F8B0000125DAE75546284603B0BDE8F08F00BFC2
:10F8C0007C30002478300024803000242DE9F0437F
:10F8D000002387B00222044605690493CDE9022380
:10F8E000D0E902128E00FAB1022D7AD02178B5FA51
:10F8F00085F54FF00108276A0B294FEA551521D1EC
:10F90000A2780B2A02D0B8F1000F38D123790B2B43
:10F9100001D0002D6CD1A37917B10B2B40F0998049
:10F92000002007B0BDE8F08335F002032178276A94
:10F930000CBF4FF001084FF00008023D18BF012531
:10F940000B29DDD07D4B94F801C053F826201078A8
:10F950000B2802D0884200F0AD80D378D01C9942A9
:10F9600002D10B2B40F0BD809379901D8B4202D1C8
:10F970000B2B40F0BC80012007B0BDE8F083711C68
:10F980006E4BE07853F8213019780B2902D08A4267
:10F9900000F0B580D97803F1030C0B2902D08A421C
:10F9A00000F0BB80997903F1060C0B29E3D08A4261
:10F9B000E1D1DB798342DED1634604F102099B7811
:10F9C00048460593F9F7D6FC80464846F9F7DAFC35
:10F9D00001A901904046F9F785FD23790B2B98D1B9
:10F9E00099E70178076A0B2940F0868001258DE7A9
:10F9F000B11C524A607952F8212011780B2902D0AB
:10FA00008B4200F08180D178D51C0B2902D08B422B
:10FA100000F08D809179951D8B42ACD10B29AAD035
:10FA2000D3798342A7D12A46251D9378284605938A
:10FA3000F9F7A0FC034628461D46F9F7A3FC01A9E7
:10FA400001902846F9F74EFDA379002F7FF465AFAA
:10FA500066E7F11C394AE07952F8212011780B2928
:10FA600001D08B425FD0D178D51C0B2901D08B42BD
:10FA70004FD09179951D8B427FF47DAF0B293FF4D8
:10FA80007AAFD37983427FF476AF2A46A51D937867
:10FA900028460593F9F76EFC04462846F9F772FCF0
:10FAA000034601A920460193F9F71CFD002007B089
:10FAB000BDE8F083537863457FF44FAF93782046D9
:10FAC0000593F9F757FC81462046F9F75BFC01A93D
:10FAD00001904846F9F706FDA2780B2A7FF413AF90
:10FAE00014E7137963457FF43FAF0246E6E7D37925
:10FAF00063457FF440AFF8E79846012522E759783F
:10FB000081427FF447AF58E7517881427FF47BAF61
:10FB10008AE711798142ACD1B7E7197981427FF444
:10FB200041AF634649E7517881429CD1AEE71179F4
:10FB300081427FF46FAF2A4676E700BFD4210108E7
:10FB4000654A0368934200F0B980A2F57842934277
:10FB500000F0B68002F58062934200F0B38002F5B7
:10FB60007842934200F0B08002F5E052934200F0F8
:10FB7000AD805A4A934240F0AB8005234FF4D071D8
:10FB8000574A01FB03F310B5D418D05C86B0F9F7DF
:10FB900001FCA078F9F7FEFB2079F9F7FBFBA079CF
:10FBA000F9F7F8FBA368052B11D8DFE803F0192F4C
:10FBB000455B71034B4BD3F8F42042F02002C3F8AD
:10FBC000F420D3F8F43003F020030593059B20467E
:10FBD000FFF77CFE012801D006B010BDFFBEFEE796
:10FBE000404B00222320D3F8F01041F48051C3F899
:10FBF000F0101146D3F8F03003F480530093009BCB
:10FC0000F2F716F92320F2F751F9E0E7354B00221D
:10FC10002420D3F8E81041F48041C3F8E8101146DD
:10FC2000D3F8E83003F480430193019BF2F700F925
:10FC30002420F2F73BF9CAE72A4B00223320D3F8FD
:10FC4000E81041F40041C3F8E8101146D3F8E83059
:10FC500003F400430293029BF2F7EAF83320F2F731
:10FC600025F9B4E71F4B00225420D3F8F01041F4DB
:10FC70000051C3F8F0101146D3F8F03003F40053EC
:10FC80000393039BF2F7D4F85420F2F70FF99EE7A1
:10FC9000144B00225520D3F8F01041F48011C3F822
:10FCA000F0101146D3F8F03003F480130493049B52
:10FCB000F2F7BEF85520F2F7F9F888E700235DE780
:10FCC00001235BE7022359E7032357E7042355E7A2
:10FCD00000231B78FFDE00BF0030014000140058F5
:10FCE00058260024004402582DE9F043002289B030
:10FCF0001B4B01210DF1040C9E461A4B0791E14666
:10FD0000E04667460EF11C060EF138050EF154046C
:10FD1000CDE90122CDE90322CDE90522FF221A70A7
:10FD2000BCE80F00AEE80F009CE807008EE8070073
:10FD3000B9E80F000FC69CE8070086E80700B8E89E
:10FD40000F000FC59CE8070085E807000FCF0FC420
:10FD50009CE8070084E8070009B0BDE8F08300BF15
:10FD60000C0300247C300024014801F0F1B800BFEE
:10FD700080260024014801F0EBB800BF20280024B1
:10FD8000014801F0E5B800BFC0290024014801F096
:10FD9000DFB800BF602B0024014801F0D9B800BFD4
:10FDA000002D002410B5EFF3108472B6084B1A78BA
:10FDB000120602D504B962B610BD1B784FF4D0729A
:10FDC00004485BB202FB0300B030F2F75BFDF1E7E1
:10FDD0007C3000245826002410B5EFF3108472B64E
:10FDE000094B1A78120602D504B962B610BD1B7809
:10FDF0004FF4D07205485BB202FB030000F594702B
:10FE0000F2F740FDF0E700BF7C30002458260024C4
:10FE10002DE9F04184B0EFF3108772B6284AFF2134
:10FE2000284C1368217023B100211160264A106804
:10FE3000984723781B061CD5DFF894800025234EB5
:10FE40004446216879B162686AB1A369012B22D066
:10FE5000A3B963693046019323690093E36822895B
:10FE6000FFF76AFC18B301351C3406F5D076042D73
:10FE7000E7D107B962B604B0BDE8F081D4E9043037
:10FE8000CDE90130E068238900903046FFF7B8FCE7
:10FE90000028E8D10BE0D4E904301146CDE9003068
:10FEA0003046E3682289FFF7E3FB0028DBD1C5EB8E
:10FEB000C50508EB850348F825005860D9E700BF61
:10FEC000783000247C300024803000245826002420
:10FED0000C0300242DE9F04184B0EFF3108772B6D3
:10FEE000284AFF21284C1368217023B1002111609A
:10FEF000264A1068984723781B061CD5DFF89480A3
:10FF00000025234E4446216879B162686AB1A3692D
:10FF1000012B22D0A3B96369304601932369009372
:10FF2000E3682289FFF708FC18B301351C3406F595
:10FF3000D076042DE7D107B962B604B0BDE8F081F0
:10FF4000D4E90430CDE90130E068238900903046DF
:10FF5000FFF756FC0028E8D10BE0D4E90430114645
:10FF6000CDE900303046E3682289FFF781FB0028A5
:10FF7000DBD1C5EBC50508EB850348F825005860C3
:10FF8000D9E700BF783000247C3000248030002482
:10FF9000582600240C0300242DE9F04184B0EFF32F
:10FFA000108772B6284AFF21284C1368217023B1AC
:10FFB00000211160264A1068984723781B061CD53B
:10FFC000DFF894800025234E4446216879B16268A9
:10FFD0006AB1A369012B22D0A3B9636930460193AA
:10FFE00023690093E3682289FFF7A6FB18B3013564
:10FFF0001C3406F5D076042DE7D107B962B604B0FB
:020000040801F1
:10000000BDE8F081D4E90430CDE90130E06823890E
:1000100000903046FFF7F4FB0028E8D10BE0D4E96C
:1000200004301146CDE900303046E3682289FFF7FD
:100030001FFB0028DBD1C5EBC50508EB850348F89D
:1000400025005860D9E700BF783000247C300024B8
:1000500080300024582600240C0300242DE9F041B0
:1000600084B0EFF3108772B600F066FB284A294C83
:10007000FF21136821702BB1002111600121264A54
:100080001068984723781B061CD5DFF8948000255C
:10009000224E4446216879B162686AB1A369012B96
:1000A00022D0A3B963693046019323690093E368C2
:1000B0002289FFF741FB18B301351C3406F5D076D1
:1000C000042DE7D107B962B604B0BDE8F081D4E9E8
:1000D0000430CDE90130E068238900903046FFF715
:1000E0008FFB0028E8D10BE0D4E904301146CDE9BC
:1000F00000303046E3682289FFF7BAFA0028DBD1E6
:10010000C5EBC50508EB850348F825005860D9E71D
:10011000783000247C3000248030002458260024CD
:100120000C03002430B4544B002108220220534C0D
:10013000D9615862C3F8BC11C3F8C401C3F85C1399
:10014000C3F86403C3F8F424C3F8F814C3F8FC1428
:10015000C3F80405C3F89426C3F89816C3F89C1690
:10016000C3F8A406C3F83428C3F83818C3F83C18F9
:10017000C3F84408424D4348C3E90521C3E96D2152
:10018000C3E9D5212288A3783F49EA80CA800B724F
:100190003E492B72CA800B722168A0F8032043717C
:1001A000C28003723A4C3B48E2802372A0F80320DD
:1001B000394C4371C28003723848E2802372A0F840
:1001C0000320374C4371C2800372080C2180A07059
:1001D000A4F803206371E2802372324C324D2180F7
:1001E000A070A4F803206371E28023722F4CEA8090
:1001F00021802B72A070A4F803206371E280237227
:100200002B4C2180A070A4F803206371E28023723C
:10021000284C2180A070A4F803206371E28023722F
:10022000254C2180A070A4F803206371E280237222
:10023000224C2180A070A4F803206371E280237215
:100240001F4C21801F49A070A4F803201E48637131
:10025000E2802372A1F803201C4C4B71CA800B7200
:100260001B49E2802372C2800372A1F803204B7104
:10027000CA800B7230BC704758260024D021010878
:1002800094020024B8020024880200244C020024B6
:10029000A0020024DC020024C40200246402002422
:1002A0004830002430300024D00200243C300024A8
:1002B000183000246C3000245430002460300024B6
:1002C0002430002400030024F4020024E802002467
:1002D00070020024714A036811698B4200B587B02F
:1002E0004BD0916E8B4200F0B680D2F8C0108B429A
:1002F00000F0B380D2F818118B4200F0B080B3F157
:10030000804F1ED0664A93420DD0664A934200F059
:10031000A880654A934200F0B280644A93421ED09E
:1003200007B05DF804FB624BD3F8E82042F002020C
:10033000C3F8E820D3F8E83003F002030293029BED
:10034000EEE75B4BD3F8E82042F00102C3F8E82067
:10035000D3F8E83003F001030193019BE0E7544B2D
:10036000D3F8E82042F01002C3F8E820D3F8E830D0
:1003700003F010030593059BD2E700205821B3F149
:10038000804F01FB0022127B1ED045498B4235D0A5
:1003900044498B4248D044498B42BED1444BD3F8A8
:1003A000E81041F00801C3F8E810D3F8E83003F092
:1003B00008030493049B002AB2D0322000220F21AC
:1003C000F1F736FD322014E0394BD3F8E81041F054
:1003D0000101C3F8E810D3F8E83003F001030193FA
:1003E000019B002A9CD01C2000220F21F1F720FD48
:1003F0001C2007B05DF804EBF1F758BD2C4BD3F887
:10040000E81041F00201C3F8E810D3F8E83003F037
:1004100002030293029B002A82D01D2000220F219A
:10042000F1F706FD1D20E4E7214BD3F8E81041F079
:100430000401C3F8E810D3F8E83003F00403039391
:10044000039B002A3FF46CAF1E2000220F21F1F71E
:10045000EFFC1E20CDE7012090E702208EE703206D
:100460008CE7134BD3F8E82042F00402C3F8E820ED
:10047000D3F8E83003F004030393039B50E70C4BDD
:10048000D3F8E82042F00802C3F8E820D3F8E830B7
:1004900003F008030493049B42E700BF8430002468
:1004A0000004004000080040000C00400010004024
:1004B000004402580F4B026819698A420BD0996EAA
:1004C0008A4211D0D3F8C0108A420FD0D3F8181145
:1004D0008A420DD070470021582202FB01331A6D69
:1004E000002AF7D0586D10470121F5E70221F3E704
:1004F0000321F1E784300024014800F0EFBF00BF82
:1005000094300024014800F0E9BF00BFEC30002423
:10051000014800F0E3BF00BF44310024014800F06F
:10052000DDBF00BF9C310024F0B54FF0580C0F68C0
:100530002E4D8DB00CFB07FC032F05EB0C0606605F
:1005400047DC0B460868344649689A6807C41B7B39
:10055000237004AC7268264B002A4FF000027261CF
:1005600018BF1022B2610FCB84E80F000CAB03EB75
:10057000870353F8203CB3F1804F336124D01D4AE8
:10058000934221D030890CF110045823002180229D
:1005900003FB07532C44C3E907019A62204600F08D
:1005A00007FE034600B1FEE74FF4805208A920463B
:1005B000099301930892CDE90A33CDE9023300F0A3
:1005C000C7FE034640B1FEE7582303FB0753986874
:1005D000D9E701200DB0F0BD01A920460193039396
:1005E00001F034F80028F5D0FEE700BF8430002485
:1005F00010200108000C0040006808B5037B103093
:100600002BB100F08FFE003818BF012008BD00F0AC
:100610006FFE003818BF012008BD00BF0C4B002240
:100620004FF0FF311A739960196683F86420C3F89C
:10063000B81083F8BC20C3F8101183F81421C3E963
:100640000022C3E91622C3E92C22C3E942227047E3
:1006500084300024034688B190F83D20022A03D05C
:10066000802201209A66704702680421002083F8E6
:100670003D10D36823F00103D36070470120704719
:1006800003682C495A6910B49C6944F008049C61C1
:100690009C6944F010049C611C6824F001041C60F7
:1006A0001C6921401961996821F44041996090F8D2
:1006B0008110042901D0910630D490F881100329CB
:1006C00001D054061FD4910509D5D0F8841041F00B
:1006D0000101C0F88410996941F400719961D20553
:1006E00009D5D0F8842042F00802C0F884209A6925
:1006F00042F480729A6100235DF8044BA0F86230E6
:10070000A0F86A307047D0F8841041F00401C0F8B6
:100710008410996941F040019961D4E7D0F88410C0
:1007200041F08001C0F88410996941F0200199617D
:10073000C3E700BF90FCFFFF002800F0A480026820
:100740000021F8B5514B044681629A4216D0A3F5B8
:1007500078439A4212D003F58063C0689A4200F051
:100760008A800F2808D8E16B00F108034D09DB08E7
:1007700005FB0333082B15D90120F8BDE068E16BB8
:1007800000F10803414E4D09DB0805FB0333404DE2
:10079000AA4218BFB24203D005F58065AA4201D132
:1007A000102BE9D894F8813003F0FF05002B58D0C6
:1007B000002702236568A66B84F88130136823F054
:1007C00001031360A369B3F1806F3ED03943676BB7
:1007D0003B43676A3B4327693B4367693B43276A5F
:1007E0003B43E76C3B43A7683B43A76C3B43A76D88
:1007F0003B432B433343E669314308439060D36066
:10080000B5B9936823F4C05343F4006393609368CD
:1008100023F4C06343F480639360136D23F00103FA
:10082000136500200123C4F8840084F88130F8BDEA
:10083000136D23F0010313656B02F2D5D368616D6C
:1008400023F000430B43D360EBE7B5F5800FBDD138
:10085000002EBBD1D2F800C04CF4805CC2F800C0BE
:10086000B4E7204684F88050FFF76AF92268A76A47
:10087000E16BE0689DE7E16B00F108034D09DB08DF
:1008800005FB03338CE70120704700BF00300140B7
:1008900000380040F8B590F88030012B00F08C80D3
:1008A00090F88130154601220446DEB2934280F86A
:1008B00080206AD1002963D0B5FA85F35B09002D49
:1008C0005ED003224366A0F8683080F88120C0F82B
:1008D0008430A0F86250A0F86A30C165A0F860507A
:1008E000C0E91C338368B3F5C02F04D102681368D4
:1008F00043F400631360E368A06F0F2B4BD9836947
:10090000B3F5804F3CD122683A4B3B4F2032036411
:1009100052F8183CC763394F23F40043C7640027DB
:10092000076542F8183CB4F862309BB2F1F7F0FD6D
:10093000002844D1A36F324ADB69B3F5807F236876
:10094000596802EA010218BF2A435A609A6861682E
:1009500042F40042B1F5800F9A601A6942F448727D
:100960001A611A6842F001021A6003D11A6842F44F
:1009700000721A6000231E4684F880303046F8BDAD
:10098000002384F880303046F8BD0023022680F82A
:1009900080303046F8BD072B83691AD8B3F5005F65
:1009A00020D0B3F5804FAED1B4F862309BB20333A0
:1009B0009B08A4F86230A6E702263046F8BDD4F8BA
:1009C0008430012243F01003C4F8843084F881207D
:1009D000D9E7B3F5804F05D0B3F5005FD0D1B3F5BB
:1009E000804F90D1B4F862309BB201335B08A4F819
:1009F000623088E74D0E0108D10D0108790E01081B
:100A00000000FFFF70B51D4690F88030012B00F00C
:100A1000B9800123044680F8803090F88130406826
:100A2000DBB2B0F5800F7DD0012B40F08580002D2A
:100A300018BF002A71D000296FD094F88130042BA0
:100A400002D0052384F881300023E1652168C4F8D1
:100A50008430A4F86250A4F86A50A4F8605062662A
:100A6000A4F86850C4E91C338B6823F440438B60BE
:100A7000E3680F2B65D9E06F8369B3F5804F4CD1E4
:100A800094F88130042B00F08A805E4B03645E4B47
:100A9000C3635E4E3031B4F86A30C66400269BB240
:100AA0000665F1F735FD00286ED12268A16F9368C5
:100AB000203243F4804342F8183CB4F86230C1E974
:100AC0000F00C1E913009BB20846E16DF1F720FD6C
:100AD000002859D1A36FDB69B3F5807F236863D009
:100AE00059684B4A0A402A435A609A68616842F43E
:100AF0000042B1F5800F9A601A6942F458721A6187
:100B00001A6842F001021A6003D11A6842F40072B6
:100B10001A60002384F8803070BD0023012084F81F
:100B2000803070BDA06800287FF47EAF042B3FF4B6
:100B30007EAF012B3FF47BAF0023022084F880308E
:100B400070BD072B35D8A36F9B69B3F5005F50D0FC
:100B5000B3F5804F06D1B4F862309BB203339B08E3
:100B6000A4F86230E06F8369B3F5005F39D0B3F564
:100B7000804F85D1B4F86A309BB203339B08A4F848
:100B80006A307DE7022070BDD4F88430012243F042
:100B900010031046C4F8843084F8812070BD1D4BCA
:100BA00003641D4BC36374E75968194A0A405A60CD
:100BB0009BE7E06F8369B3F5005F02D0B3F5804F28
:100BC000ABD1A66FB669B6F5804F06D1B4F86260B6
:100BD000B6B201367608A4F86260B3F5804F7FF4B0
:100BE0004FAFB4F86A309BB201335B08A4F86A30A7
:100BF00046E7B4F862309BB201335B08A4F8623078
:100C0000B0E700BF6D0E0108210E0108790E010842
:100C10000000FFFF5D0E0108F90D01082DE9F0410C
:100C20001546826804460E4622B94368B3F5800F24
:100C300000F0958094F88030012B00F0998001231A
:100C400084F8803094F88130012BDFB269D1002E16
:100C500061D0B5FA85F35B09002D5CD00421B2F5B3
:100C6000C02F666684F88110A4F86850C4F88430F8
:100C7000A4F86030A4F86A50A4F86230C4E91C33C8
:100C800004D12268136823F400631360E3680F2B18
:100C90004ED9E06F8369B3F5804F3CD121688B68F2
:100CA00023F480438B603246454EB4F86A303031CD
:100CB0000664444E9BB2C663434EC6640026066576
:100CC000F1F726FC002857D1E36F404ADB69B3F502
:100CD000807F2368596802EA010218BF2A435A60DC
:100CE0009A68616842F48042B1F5800F9A601A698F
:100CF00042F450721A611A6842F001021A6003D17C
:100D00001A6842F400721A6000231F4684F880308B
:100D10003846BDE8F081002384F880303846BDE8CD
:100D2000F0810023022784F880303846BDE8F08146
:100D3000072B2BD82168E06F8B6823F480438B60EE
:100D40008369B3F5005F32D0B3F5804FABD1B4F80F
:100D50006A309BB203339B08A4F86A30A3E72B46A2
:100D600004250A4680F88150BDE8F041FFF74ABEED
:100D700002273846BDE8F081D4F88430012243F0E0
:100D80001003C4F8843084F88120C7E7E06F8269DB
:100D9000B2F5804F02D0B2F5005FBCD12168B2F548
:100DA000804F8B6823F480438B607FF47CAFB4F872
:100DB0006A309BB201335B08A4F86A3073E700BF66
:100DC0005D0E0108F90D0108790E01080000FFFF12
:100DD000806B08B590F88130072B09D0836FDB69F1
:100DE000B3F5807F05D00268136943F008031361EF
:100DF00008BDFFF70DF808BD806B08B590F881308D
:100E0000072B09D0C36FDB69B3F5807F05D002687B
:100E1000136943F00803136108BDFFF75BF808BDD1
:100E2000806B08B590F88130072B09D0836FDB69A0
:100E3000B3F5807F05D00268136943F0080313619E
:100E400008BDFFF7A9F808BD704700BF806B08B563
:100E5000FFF7FAFF08BD00BF704700BF806B08B501
:100E6000FFF7FAFF08BD00BF704700BF806B08B5F1
:100E7000FFF7FAFF08BD00BF10B5846BF2F752F818
:100E8000022800D110BD236830495A69986940F0A2
:100E900008009861986940F010009861186820F087
:100EA00001001860186901401961996821F44041F6
:100EB000996094F88110042901D091063AD494F8ED
:100EC0008110032901D0500629D4910509D5D4F801
:100ED000841041F00101C4F88410996941F4007153
:100EE0009961D20509D5D4F8842042F00802C4F8EB
:100EF00084209A6942F480729A610023012220467C
:100F0000A4F86230A4F86A30D4F8843043F01003B7
:100F1000C4F8843084F88120FFF7A0F810BDD4F81D
:100F2000841041F00401C4F88410996941F0400133
:100F30009961CAE7D4F8841041F08001C4F88410A4
:100F4000996941F020019961B9E700BF90FCFFFF6A
:100F5000036819695A692DE9F04101EA02059F68A1
:100F6000044690F8816005F0640CBCF1040F2FD0AA
:100F700005F04500012834D005F02600022800F0D5
:100F8000DF80280770D59A6917F4404FF6B242F017
:100F900008029A619A6942F010029A619A6942F4D1
:100FA00000629A611A6922F008021A6123D0042EA5
:100FB00000F0DE80A26FD269EAB1032E50D0E26F5A
:100FC000D269C2B1052E14D12046FEF7E5FF10E02C
:100FD000436F9847236F2046984705F04503012B40
:100FE00002D1236F2046984705F02605022D00F018
:100FF000A780BDE8F0819A6812F4404F1FD1B4F881
:101000006A2092B2DAB1626E0EE01B6B42F8043BCA
:101010006266B4F86A30013B9BB2A4F86A30B4F857
:101020006A309BB25BB12368E1680F29EDD80729CC
:1010300040F292801B8E22F8023B6266E9E720466E
:10104000FFF71EFB012384F88130D4F88430002B95
:101050007FD1052EB8D0042E00F08F80032EC8D18A
:101060002046FEF7D5FEC4E7100501D50A077AD45D
:1010700015F4587FBDD06E0609D5D4F8842042F00F
:101080000402C4F884209A6942F040029A61A805DB
:1010900009D5D4F8842042F00102C4F884209A696A
:1010A00042F400729A61E90509D5D4F8842042F02F
:1010B0000802C4F884209A6942F480729A61AA06F0
:1010C00009D5D4F8842042F08002C4F884209A69BB
:1010D00042F020029A61D4F88420002A89D019684D
:1010E00007F44047274A21F00101B7F5404F196046
:1010F000196902EA01021A6127D19A68E06F22F4A5
:1011000040429A6050B1204B0365F1F721FB28B1B2
:10111000D4F8843043F04003C4F88430A06F002832
:101120003FF467AF184B0365F1F712FB00283FF45B
:1011300060AFD4F8843043F04003C4F8843058E7FB
:10114000636F2046BDE8F04118470123204684F82C
:101150008130FEF783FF4CE793F830301370626EF6
:101160000132626655E79A6942F400629A6140E78B
:10117000E26FD269002A3FF43EAF2046FEF7AAFE96
:1011800037E700BF94FCFFFF8D11010808B5806BA5
:1011900000230122A0F86A30A0F8623080F8812094
:1011A000FEF75CFF08BD00BF90F88100704700BFEC
:1011B000002800F08F8038B590F83D30044603F0E9
:1011C000FF02002B60D0226802234349B2F1804F16
:1011D00084F83D30A2EB01011368B1FA81F14FEAC6
:1011E000511127D031BB3D483D4D824251D000F5D1
:1011F000806082424DD0551B00F58060B5FA85F5C0
:1012000082424FEA55154DD0002D4BD13548364915
:101210008A4218BF82424FD001F580618A424BD08A
:10122000A06923F08003E168034313606368D1621F
:10123000936223E02A4D23F07003A068551B0343FB
:10124000B5FA85F56D09206923F440730343A0695D
:1012500023F0800303431360E368D36263689362FF
:1012600051B94DB91F49204B9A4218BF8A4203D049
:1012700003F580639A4201D163691363012300205F
:10128000536184F83D3038BD80F83C20FFF722F8E8
:1012900099E7551B23F07003A068B5FA85F5034361
:1012A0006D09D0E7A06823F0700303430F48824222
:1012B000C9D0002DC7D1A9E7206923F44073A169E3
:1012C0000343E06823F080030B4361681360D0623E
:1012D0009162C7E701207047000001400004004010
:1012E000000401400040014000440140000C004067
:1012F0004FF0020C01680A4A034680F83DC0886836
:101300000240062A06D0B2F5803F03D00A6842F0B8
:1013100001020A600122002083F83D20704700BFCF
:10132000070001000368094AD96841F00101D9604A
:1013300099680A40062A06D0B2F5803F03D01A68A1
:1013400042F001021A600020704700BF0700010050
:1013500090F83C30012B7DD002460223006830B467
:10136000012482F83D3082F83C40544C83681C4094
:101370000B68602B84606FD01DD9B3F5005F59D026
:1013800042D94F498B4206D038D94E498B4202D0C0
:1013900010318B4206D184684B4921400B4343F006
:1013A0000703836000230121184682F83D1082F86C
:1013B0003C3030BC7047402B67D019D9502BF1D14D
:1013C000036A4C68CD6823F00A03016A1C433E4B54
:1013D00021F001010162816921F0F00141EA05116A
:1013E0008161046281680B4043F057038360D9E751
:1013F000202BD0D01AD9302BD4D1CCE723F0100138
:10140000B1F5801FCED1C6E7702BCBD18468D1E96E
:1014100001532B43CD6824F47F4143EA05230B435A
:101420008360836843F077038360BBE733F0100188
:10143000B8D1B0E7D1E9015384682B43CD6824F4D7
:101440007F4143EA05230B438360836843F4804371
:101450008360A7E702207047046A4D6824F01004F7
:10146000C9680462836923F4704343EA0133016A63
:1014700021F0A0018361144B41EA051101628168EA
:101480000B4043F0670383608CE7036A4C68CD68C8
:1014900023F00A03016A1C430B4B21F00101016296
:1014A000816921F0F00141EA0511816104628168DE
:1014B0000B4043F04703836074E700BF8800CEFF12
:1014C00020001000300010008FFFCFFF704700BFDA
:1014D000704700BF704700BF704700BF03681A69BC
:1014E000910710B5044602D5DA68920768D41A69E4
:1014F000520702D5DA6850074FD41A69110702D58E
:10150000DA68120737D41A69D00602D5DA68D1062C
:101510001ED41A69D20702D5DA68D00769D41A69CD
:10152000110602D5DA6812066BD41A69D00502D505
:10153000DA6811066DD41A69520602D5DA685006C7
:101540006FD41A69910602D5DA68920649D410BDA3
:101550006FF010010822204619612277DB6913F42D
:10156000407F6FD1FFF7B2FF2046FFF7B3FF0022A5
:1015700023682277CDE76FF0080104222046196125
:101580002277DB699B075AD1FFF7A0FF2046FFF7C0
:10159000A1FF002223682277B5E76FF00401022241
:1015A0002046196122779B6913F4407F44D1FFF7ED
:1015B0008DFF2046FFF78EFF0022236822779CE7ED
:1015C0006FF002010122196102779B69990730D1FE
:1015D000FFF77CFF2046FFF77DFF0022236822777C
:1015E00085E76FF0200220461A61BDE8104000F048
:1015F0005FB86FF0010220461A61FEF75BFF2368B7
:101600008DE76FF0800220461A6100F053F82368DE
:101610008BE76FF4807220461A6100F04DF8236862
:1016200089E76FF0400220461A61FFF755FF2368F3
:1016300087E7FFF74DFFD0E7FFF74AFFBCE7FFF76B
:1016400047FFA6E7FFF744FF91E700BF90F83C2073
:10165000012A28D003460068022230B4134D83F8D3
:101660003D20A8424268846818D005F58065A842EC
:1016700014D024F0800C22F070020C688968224398
:1016800000244CEA01014FF0010C426081602046C9
:1016900083F83DC083F83C4030BC704722F47002B0
:1016A0004D682A43E5E70220704700BF0000014073
:1016B000704700BF704700BF704700BF0B46014630
:1016C000184600F001B8000010B5054C13462CB1C7
:1016D0000A4601460220AFF3008010BD2046FCE719
:1016E0000000000070B50D4D0D4C641BA4100026C9
:1016F000A64209D10B4D0C4C00F0E6FD641BA41072
:101700000026A64205D170BD55F8043B9847013626
:10171000EEE755F8043B98470136F2E7E822010866
:10172000E8220108E82201080C2301080A4491423A
:1017300000F1FF3300D1704710B511F8014B03F8E9
:10174000014F9142F9D110BD02440346934200D1AA
:10175000704703F8011BF9E737B5002944D051F869
:10176000043C0190002BA1F10404B8BFE41800F080
:10177000DFF81E4A0198136833B96360146003B040
:10178000BDE8304000F0DAB8A34208D925686119F5
:101790008B4201BF19685B6849192160EDE71A4661
:1017A0005B680BB1A342FAD911685518A5420BD159
:1017B000246821445418A3421160E0D11C685B687E
:1017C000536021441160DAE702D90C230360D6E7A5
:1017D000256861198B4204BF19685B68636004BFA8
:1017E000491921605460CAE703B030BDE4310024D8
:1017F000F8B5CD1C25F0030508350C2D38BF0C2598
:10180000002D064601DBA94203D90C2333600020DA
:10181000F8BD00F08DF821490A6814469CB9204FA4
:101820003B6823B92146304600F03CF83860294631
:10183000304600F037F8431C23D10C233360304688
:1018400000F07CF8E3E723685B1B17D40B2B03D96C
:1018500023601C44256004E06368A2420CBF0B6057
:101860005360304600F06AF804F10B00231D20F0AD
:101870000700C21ACCD01B1AA350C9E722466468DD
:10188000CCE7C41C24F00304A042E3D0211A304664
:1018900000F008F80130DDD1CFE700BFE4310024CB
:1018A000E831002438B5064D0023044608462B6075
:1018B00000F082FB431C02D12B6803B1236038BDCA
:1018C000F03100240CB430B5174B0C1E1D689DB0D0
:1018D00008DA8B232B604FF0FF301DB0BDE830409D
:1018E00002B070474FF40273ADF8143014BF04F126
:1018F000FF332346049307934FF6FF73029006903D
:10190000ADF81630209A21AB02A92846019300F0C9
:1019100077F8431CBCBF8B232B60002CDDD0029BCF
:1019200000221A70D9E700BF7C030024704770477B
:101930000148FFF7FBBF00BFEC3100240148FFF76F
:10194000F6BF00BFEC3100242DE9F0478E689E42BF
:1019500082460C4690461F4638D88A8912F4906F0A
:1019600032D025680969A5EB0109656905EB4505D4
:1019700005EBD57501334B446D109D4238BF1D46B4
:10198000530531D52946FFF733FF064650B90C23DE
:10199000CAF80030A38943F04003A3814FF0FF3021
:1019A000BDE8F08721694A46FFF7C0FEA38923F40A
:1019B000906343F08003A381266165614E44A5EBEB
:1019C00009052660A5603E46BE4200D93E46206815
:1019D0003246414600F0A8FAA3689B1BA360236827
:1019E000334423600020DBE72A4600F0B7FA0646BE
:1019F0000028E1D121695046FFF7AEFEC7E700009D
:101A00002DE9F04F98468B891B069DB007460D4681
:101A100014460ED50B6963B94021FFF7E9FE286033
:101A2000286120B90C233B604FF0FF30D1E0402308
:101A30006B610023099320238DF82930CDF80C80A9
:101A40003023DFF8A8818DF82A304FF001092346B2
:101A50009A4613F8012B0AB1252AF9D1BAEB040BE7
:101A60000BD05B46224629463846FFF76DFF013012
:101A700000F0AA80099A5A4409929AF80030002B83
:101A800000F0A28000234FF0FF32CDE905230AF1D8
:101A9000010A049307938DF853301A935446052294
:101AA00014F8011B5148EEF723FC049AD8B9D0066C
:101AB00044BF20238DF85330110744BF2B238DF8EA
:101AC00053309AF800302A2B15D0079A544600203C
:101AD0004FF00A0C214611F8013B303B092B4ED93F
:101AE000B0B1079214E0A0EB080309FA03F3134323
:101AF0000493A246D2E7039B191D1B680391002B98
:101B0000BBBF5B4242F0020207930793B8BF049247
:101B100023782E2B0CD163782A2B35D1039B1A1DE9
:101B20001B680392002BB8BF4FF0FF3302340593BC
:101B3000DFF8C8A0217803225046EEF7D9FB40B168
:101B40004023A0EB0A0003FA00F0049B0343013496
:101B5000049314F8011B26488DF828100622EEF78E
:101B6000C7FB002838D0234B1BBB039B073323F054
:101B7000070308330393099B3344099367E70CFB7E
:101B800002320C460120A5E70023013405931946D3
:101B90004FF00A0C204610F8012B303A092A03D9DD
:101BA000002BC5D00591C3E70CFB0121044601239E
:101BB000F0E703AB00932A460F4B04A93846AFF376
:101BC0000080421C0646D6D1AB895B063FF52CAFA0
:101BD00009981DB0BDE8F08F03AB00932A46064B71
:101BE00004A9384600F07AF8EBE700BF9422010818
:101BF0009E22010800000000491901089A220108EC
:101C00002DE9F047164699468A680B69DDF8208071
:101C10009342B8BF1346336091F8432007460C4601
:101C20000AB1013333602368990642BF3368023337
:101C30003360256815F0060506D104F1190AE3683A
:101C400032689B1AAB4226DC94F84320131E2268AC
:101C500018BF012392062BD404F1430249463846AB
:101C6000C04701301ED02368E568326803F00603E0
:101C7000042B08BFAD1AA36822690CBF25EAE575DD
:101C800000259342C4BF9B1AED1800261A34B542B2
:101C90001AD1002008E00123524649463846C04781
:101CA000013003D14FF0FF30BDE8F0870135C6E7C2
:101CB000E1185A1C302081F84300224494F8451062
:101CC00082F843100233C7E70123224649463846CB
:101CD000C0470130E6D00136D9E700002DE9FF47C3
:101CE0000F7E0C9D782F914680460C469A4601F156
:101CF000430207D8622F0AD8002F00F0D880582F4F
:101D000000F0A38004F1420584F842703AE0A7F1A4
:101D10006303152BF6D801A151F823F0751D0108B6
:101D2000891D0108051D0108051D0108051D010883
:101D3000051D0108891D0108051D0108051D010873
:101D4000051D0108051D0108951E0108B91D0108A2
:101D5000771E0108051D0108051D0108B71E0108B1
:101D6000051D0108B91D0108051D0108051D010813
:101D70007F1E01082B681A1D1B682A6004F14205AA
:101D800084F842300123A3E020682968060601F1A7
:101D900004030AD50E682B60002E03DA2D23764249
:101DA00084F843305E480A2319E00E682B6010F077
:101DB000400F18BF36B2EFE72B682068191D296065
:101DC000010601D51E6802E04606FBD51E88544870
:101DD0006F2F0CBF08230A23002184F84310656885
:101DE000A560002DA2BF216821F0040121600EB979
:101DF000002D4DD01546B6FBF3F103FB1167C75D0F
:101E000005F8017D3746BB420E46F4D9082B0BD1AD
:101E10002368DE0708D5236961689942DEBF302355
:101E200005F8013C05F1FF35521B2261CDF800A0F9
:101E30004B4603AA21464046FFF7E2FE01304CD153
:101E40004FF0FF3004B0BDE8F087354881F84570A9
:101E50002968236851F8046B29601D0614D5DF0733
:101E600044BF43F0200323601EB9236823F02003FE
:101E700023601023B0E7236843F020032360782316
:101E8000284884F84530E3E7590648BFB6B2E6E78C
:101E90001546BBE72B6826686169181D2860350662
:101EA0001B6801D5196002E07006FBD5198000237C
:101EB00023611546BAE72B681A1D2A601D686268FF
:101EC00000212846EEF714FA08B1401B60606368F1
:101ED0002361002384F84330A8E723692A46494652
:101EE0004046D0470130ABD023689B0713D4E0684D
:101EF000039B9842B8BF1846A4E7012332464946DF
:101F00004046D04701309BD00135E36803995B1A06
:101F1000AB42F2DCEBE7002504F11906F5E700BF60
:101F2000A5220108B6220108884210B501EB02047F
:101F300002D98442234607D8431EA14208D011F893
:101F4000012B03F8012FF8E7024401468A4200D131
:101F500010BD13F8014D02F8014DF7E7F8B507463B
:101F600014460E4621B9BDE8F8401146FFF740BCC3
:101F700022B9FFF7F1FB25462846F8BD00F014F81A
:101F8000A0420FD221463846FFF732FC0546002812
:101F9000F2D031462246FFF7C9FB31463846FFF7FB
:101FA000DBFBE9E73546E7E751F8043C181F002B57
:101FB000BCBF0B58C0187047044A05491368002B72
:101FC00008BF0B461844106018467047F4310024CF
:101FD000F8310024FFFFFFFFFFFF000001060000B3
:101FE000010700000054004000580040005C004021
:101FF000001C00582500260027003400350047004B
:10200000520053008E00000001010103070100008F
:10201000000000400004004000080040000C0040A8
:10202000707265737365640072656C656173656475
:1020300000000000010400006DDBDBB64992B66DC4
:1020400024499224452C25640A000000502C256464
:102050002C25642C25642C25640A0000532C25644F
:102060002C25732C25640A00000610160006101695
:10207000060000000C000000120000001800000024
:1020800000010000060100000C0100001201000028
:102090001801000000020000060200000C0200000F
:1020A00012020000180200000003000006030000F6
:1020B000000203000000000001000000000000001A
:1020C0000000FA4500007A460000FA4600803B47CF
:1020D0000080BB4700100140004400400048004021
:1020E000004C0040005000400014014000780040C7
:1020F000007C0040000C00580000000000040000BC
:102100000006000000100000000000000030000089
:10211000002000000000001000000000001000007F
:10212000000000000102030401020304060708097D
:102130000002010200020102010002000400080086
:102140001000200040008000000100020004000890
:1021500000100020004000800000025800040258D7
:1021600000080258000C02580010025800140258CF
:1021700000180258001C025800200258002402587F
:10218000002802580000000001808080808080804C
:102190000480808080808080088080808080808033
:1021A00010808080808080802080808080808080FF
:1021B0004000000000040810204000000204081045
:1021C0002040000008040204080101010000000092
:1021D0000B00FF00940200247C02002488020024EB
:1021E0004C020024B8020024A0020024AC02002407
:1021F00058020024DC020024C4020024D00200247F
:102200006402002448300024303000243C30002494
:10221000183000246C300024543000246030002436
:102220002430002400030024E8020024F4020024E7
:102230007002002400000000000000000000000008
:10224000000000000000000000000000000000008E
:10225000000000000000000000000000000000007E
:10226000000000000000000000000000000000006E
:10227000000000000000000000000000000000005E
:10228000000000000000000000000000000000004E
:1022900000000000232D302B2000686C4C00656688
:1022A00067454647003031323334353637383941A7
:1022B00042434445460030313233343536373839BD
:1022C0006162636465660000F8B500BFF8BC08BCD5
:1022D0009E467047F8B500BFF8BC08BC9E467047E4
:0822E000E0E0FE7F01000000B8
:1022E800C5020008C907000839600008096F00081E
:1022F8003575000811890008E590000825010108D6
:042308001D060108A5
:04230C00A102000822
:10231000000000000100000010000000100000009C
:1023200000000000000000000000000000000000AD
:10233000000000001000000000000000000000008D
:10234000000000000000000000000000100000007D
:10235000000000000000000000000000000000007D
:10236000000000000000000000000000000000006D
:10237000000000000000000000000000010000005C
:10238000000000000000000000000000000000004D
:10239000000000000000000001000000000000003C
:1023A000000000000000000000000000000000002D
:1023B000000000000100000000000000000000001C
:1023C000000000000000000000000000000000000D
:1023D00001000000000000000000000000000000FC
:1023E00000000000000000000000000001000000EC
:1023F00000000000000000000000000000000000DD
:1024000000000000000000000100000000000000CB
:1024100000000000000000000000000000000000BC
:1024200000000000010000000000000000000000AB
:10243000000000000000000000000000000000009C
:10244000010000000000000000000000000000008B
:10245000000000000000000000000000010000007B
:10246000010708000000000000000000010608004D
:1024700000000000000000000B00FF00FC01002431
:10248000F001002414020024080200242C0200247D
:1024900020020024C0010024B4010024D80100243B
:1024A000CC010024781F002438020024E401002419
:1024B000541F00246C1F0024601F00245C010024B2
:1024C00050010024010808020B0800010800000068
:1024D000010908020A08000008000000010C0E03B0
:1024E000020801050E000000020C0801060E0000A3
:1024F0000000000001040B000000000000000000CC
:10250000010707010F040000000000000106070199
:102510000E0400000000000000030700000000009F
:1025200000000000000207000000000000000000A2
:10253000020B07000000000000000000020A070074
:102540000000000000000000060907000000000075
:10255000000000000090D0030090D003060A0500A0
:102560000405000000000000010C0501040701093A
:10257000050000000004060000000000000000004C
:102580000004080000000000000000000104050035
:102590000605060905000000010505000705000005
:1025A00000000000060B050005050000000000000B
:1025B000010E0502020500000000000002010501F5
:1025C0000F050203050000000303050000000000E2
:1025D00000000000020B06010406000000000000DD
:1025E000020C06010507000000000000020A0600B8
:1025F00000000000000000000104080006080000C0
:1026000000000000010508000708000000000000AD
:1026100000050800000000000000000000000000AD
:1026200000000000000000000000000000000000AA
:102630000000000001000000000000000000000099
:10264000000000000000000000000000000000008A
:102650000100000000000000000000000000000079
:102660000000000000000000000000000100000069
:10267000000000000000000000000000000000005A
:1026800000000000000000000100000080030024A2
:1026900000000000542201087422010834220108BD
:1026A000000000000000000000000000000000002A
:1026B000000000000000000000000000000000001A
:1026C000000000000000000000000000000000000A
:1026D00000000000000000000000000000000000FA
:1026E00000000000000000000000000000000000EA
:040000050800069950
:00000001FF
