:020000040800F2
:1000000000000220E1050008DD0500084589000820
:10001000DD050008DD050008DD0500080000000022
:10002000000000000000000000000000DD050008E6
:10003000DD05000800000000DD050008C988000893
:10004000DD050008DD050008DD050008DD05000808
:10005000DD050008DD050008DD050008DD050008F8
:10006000DD050008DD050008DD0500081175000844
:100070001D75000891620008297500083575000893
:1000800091830008416A0008DD050008DD050008CD
:10009000DD050008DD050008DD050008DD050008B8
:1000A000DD050008DD050008DD050008DD050008A8
:1000B000CD000108D9000108E5000108756A0008B3
:1000C000DD050008816A0008DD0500083DF900082B
:1000D00049F90008C5810008F1810008258200085F
:1000E000DD050008DD05000800000000DD05000852
:1000F000DD050008DD050008DD050008DD05000858
:10010000DD050008DD050008F100010855F90008CB
:10011000598200088D820008DD050008DD05000811
:10012000DD050008DD05000879F90008ADF90008D3
:10013000C5830008DD050008DD050008DD050008B1
:1001400000000000000000000000000000000000AF
:10015000DD050008DD050008DD050008C182000896
:100160008D6A0008DD050008D9880008FD880008B0
:10017000DD05000821890008DD050008DD0500080F
:10018000DD050008DD050008F58200082983000868
:1001900061F900086DF90008DD050008DD050008BB
:1001A000DD050008DD050008DD050008DD050008A7
:1001B00031720008DD050008DD050008DD050008D6
:1001C000DD050008DD050008DD050008DD05000887
:1001D000DD050008DD050008DD050008DD05000877
:1001E000DD050008DD050008DD050008DD05000867
:1001F000DD050008DD050008DD050008DD05000857
:10020000DD050008DD050008DD050008DD05000846
:10021000DD050008DD050008DD050008DD05000836
:10022000DD050008DD050008DD0500080000000010
:10023000DD050008DD05000800000000DD05000800
:10024000DD050008DD050008DD050008DD05000806
:10025000DD050008DD050008DD050008DD050008F6
:10026000DD050008DD050008DD050008DD050008E6
:10027000DD050008DD0500085D83000800000000C2
:10028000DD050008DD050008DD05000800000000B0
:0802900000000000DD0500087C
:1002980010B5054C237833B9044B13B10448AFF3B8
:1002A80000800123237010BD80030024000000009B
:1002B8008015010808B5034B1BB103490348AFF388
:1002C800008008BD00000000840300248015010898
:1002D80053B94AB9002908BF00281CBF4FF0FF31A5
:1002E8004FF0FF3000F074B9ADF1080C6DE904CEA1
:1002F80000F006F8DDF804E0DDE9022304B07047F9
:100308002DE9F047089D04468E46002B4DD18A42C0
:10031800944669D9B2FA82F252B101FA02F3C2F1F3
:10032800200120FA01F10CFA02FC41EA030E944084
:100338004FEA1C48210CBEFBF8F61FFA8CF708FBA5
:1003480016E341EA034306FB07F199420AD91CEB7D
:10035800030306F1FF3080F01F81994240F21C81AF
:10036800023E63445B1AA4B2B3FBF8F008FB1033F7
:1003780044EA034400FB07F7A7420AD91CEB04042C
:1003880000F1FF3380F00A81A74240F207816444FC
:10039800023840EA0640E41B00261DB1D440002381
:1003A800C5E900433146BDE8F0878B4209D9002DE5
:1003B80000F0EF800026C5E9000130463146BDE86F
:1003C800F087B3FA83F6002E4AD18B4202D38242D9
:1003D80000F2F980841A61EB030301209E46002D88
:1003E800E0D0C5E9004EDDE702B9FFDEB2FA82F2DD
:1003F800002A40F09280A1EB0C014FEA1C471FFA3B
:100408008CFE0126200CB1FBF7F307FB131140EA21
:1004180001410EFB03F0884208D91CEB010103F1EE
:10042800FF3802D2884200F2CB804346091AA4B2B0
:10043800B1FBF7F007FB101144EA01440EFB00FE84
:10044800A64508D91CEB040400F1FF3102D2A645E9
:1004580000F2BB800846A4EB0E0440EA03409CE788
:10046800C6F12007B34022FA07FC4CEA030C20FA35
:1004780007F401FA06F31C43F9404FEA1C4900FA55
:1004880006F3B1FBF9F8200C1FFA8CFE09FB1811D2
:1004980040EA014108FB0EF0884202FA06F20BD945
:1004A8001CEB010108F1FF3A80F08880884240F295
:1004B8008580A8F102086144091AA4B2B1FBF9F0D9
:1004C80009FB101144EA014100FB0EFE8E4508D9D4
:1004D8001CEB010100F1FF346CD28E456AD9023859
:1004E800614440EA0840A0FB0294A1EB0E01A1423E
:1004F800C846A64656D353D05DB1B3EB080261EBAC
:100508000E0101FA07F722FA06F3F1401F43C5E985
:10051800007100263146BDE8F087C2F12003D840BB
:100528000CFA02FC21FA03F3914001434FEA1C47FD
:100538001FFA8CFEB3FBF7F007FB10360B0C43EAEF
:10054800064300FB0EF69E4204FA02F408D91CEB9F
:10055800030300F1FF382FD29E422DD9023863449D
:100568009B1B89B2B3FBF7F607FB163341EA03413D
:1005780006FB0EF38B4208D91CEB010106F1FF388C
:1005880016D28B4214D9023E6144C91A46EA004683
:1005980038E72E46284605E70646E3E61846F8E615
:1005A8004B45A9D2B9EB020864EB0C0E0138A3E75E
:1005B8004646EAE7204694E74046D1E7D0467BE73F
:1005C800023B614432E7304609E76444023842E7B7
:1005D800704700BFFEE700BF0B480C4A904203D0AB
:1005E800121A0B4910F088FE0A480B4A904203D0B1
:1005F800121A002110F08EFE08F0F8FB10F058FED9
:1006080000F024F8FEE700BF000000247C0300246B
:10061800B01501088003002484310024704700BF0E
:100628009AB10368406803EB820C10B40C684968FF
:1006380053F8042B44F8042B634550F8042B41F875
:10064800042BF5D15DF8044B7047704710B50021B5
:100658008AB0164804F0E0F90321144804F0E4F8DD
:100668003021124804F0FCF8114A1248124C0F4984
:1006780000F038F9204600F0CDFB10490B4804F093
:10068800CFF808F0CBF9094A03460A49684600F052
:1006980091FA06990548A1F10101B1FA81F14909D8
:1006A80004F0FAF8012008F0BBF9EAE7AC030024EB
:1006B8009C030024EC0300245404002429060008A9
:1006C80010B50C4800240C4A0C49046044610462CB
:1006D800C46310F0D9FD0A4B0A485C6043F8044B28
:1006E8005C601C8100F09AF80748BDE8104000F0F3
:1006F8008DBB00BFAC0300240000002425060008C1
:100708009C030024EC03002454040024F0B50D8855
:1007180007464E88013A00F10E044FF0000CAE4235
:100728002CBF0023012303732B460AE09E4510D2F9
:10073800734494454FEA530324F8023B0BDA31F82B
:10074800023FAE420CF1010CB1F802E0EED39E4537
:10075800EED80020F0BD012318467B73F0BD00BF22
:1007680070B50646407B30B3F0697568002801DD36
:10077800A84221DD002D4DDD33684FF0010C00202B
:100788004FF6FF74A3F1020E3EF8023F9942A3EB25
:100798000102A1EB030392B288BF9AB26346A24258
:1007A80001D260461446AB420CF1010CECDB7389B4
:1007B800A34238BF002070BD6FF000423368B6F81E
:1007C8000AE00244348933F8122074448A42A4B2FD
:1007D80034BF8A1A521A92B29442ECD29E1E012455
:1007E80000204FF6FF7C36F8023F9942A3EB010246
:1007F800A1EB030392B288BF9AB22346624501D2A5
:10080800204694469D4204F10104ECDCE64538BFDD
:10081800002070BD00204FF6FF74C8E710B4184CD4
:1008280003464FF60B7C002220680021A3F804C081
:1008380040F2011CC3F86200A088A3F84C20A3F87A
:10084800660018461A601A61A3F818C0A3F8442075
:100858009A6483F84E20196559659965DA65A3F895
:100868006020C3E90B22C3E902225DF8044BC3E907
:100878000722C3E90922C3E90D22C3E90F22704701
:100888002C13010890F844305BB303684BB3B0F8FD
:1008980060C0F0B5B0F85C40B0F85EE090F84C701D
:1008A80090F84D6090F84E50A0F86240A0F864E0CF
:1008B800A0F866C000201A68BFF35B8F911C42F055
:1008C800010221F001011A601F715E719D71D871DA
:1008D8001C81A3F80AE0A3F80CC0BFF35B8F196072
:1008E800F0BD70472DE9F04F0024022605468046EA
:1008F80089464FF0010A08F1200B08272DED028BDD
:100908009FB045F8042B32468DF814600CA88DF87A
:100918001540059905F024FA03238DF8184032464E
:100928008DF819300DF14200069905F019FA8DF885
:100938001CA08DF81DA03246079915A805F010FADD
:1009480007238DF8204032468DF821300DF16600DE
:10095800089909F1180605F003FA04230CA9304692
:100968001A4605F011FA304605F01CFC05214846E8
:1009780003F052FF8A4A53462846116822460094DB
:1009880005F02EFDDFED877A87490622874B58460A
:10099800C8F84040B0EE678A88F82D40F0EE678AC4
:1009A800C8F82010C8E90E44C8E90923FFF7AEFECD
:1009B8008246CDED097ACDED0A7ACDED0B7A0AADF6
:1009C8000024E1B2304605F003FCB5EEC00AF7EEAC
:1009D800007AF1EE10FA0FD4B4EE670A0134F1EEA2
:1009E80010FA37FE800A30EE080A032C05ED010ADA
:1009F8000BD0B5EC018AE4E79FED6A0A013430EECA
:100A0800080A032C05ED010AF3D12146304605F00A
:100A1800DFFBB5EEC00AF1EE10FA12D4F7EE007A59
:100A2800B4EE670AF1EE10FA37FE800A0121484653
:100A380078EE808A03F0F0FE013F05D09DED098A2B
:100A4800BDE79FED580AF1E708F15C0109A808F134
:100A580050030C46B4EE007AF0EC017AF7EE006A27
:100A6800002267EE877AF5EEC07AE3EC017AF1EEC0
:100A780010FA11D4F4EEE67A9FED4D6AB6EE007ADC
:100A88004FF6FF72F1EE10FA06DCA7EE867ABCEE9E
:100A9800C77A17EE102A92B29C4221F8022BD9D1BC
:100AA800BAF1000F31D0F4EE007A68EEA78AF5EEBD
:100AB800C08AF1EE10FA33D50021039107F0AEFF9A
:100AC800039906465846FFF74BFED8F838400546C6
:100AD800A0423BD00446C8F83800C8F840605846E1
:100AE800FFF73EFEA042D8F83C5006F1140640D06D
:100AF8002C46C8F83800C8F84060002C08BF2C46BF
:100B0800631E042B98BF88F84C300123404688F8B0
:100B18004430FFF7B7FE1FB0BDEC028BBDE8F08F85
:100B2800F7EE007AF4EEE78AF1EE10FA02DD4FF6FE
:100B3800FF71C2E7F6EE007A9FED1D7AE8EE877A3C
:100B4800FCEEE77A17EE903A99B2B6E7D8F83C008F
:100B5800854202461CD0D8F84030F31A132B1AD914
:100B68005846C8F83C50FFF7FBFDA04206F11406B2
:100B7800BED1AC4209D0D8F84010721A132A94BFDB
:100B8800D8F83C40C8F83C40B7E72246D8F83C00C3
:100B980004461546B1E72C4614360546E9E700BF7A
:100BA8008C13010800000000901301088403F00A68
:100BB80000FF7F472DE9F04F00250C4602F1180B86
:100BC80028222946074604F15C0604F15008BA4673
:100BD800A9462DED028B83B0019310F09BFBB4F86E
:100BE8004C207A82E26BBA61E9B2584605F0F0FA15
:100BF800B5EEC00AF1EE10FA5FD4F7EE007AB4EE63
:100C0800670AF1EE10FA37FE800AD8ED007A9FEDF8
:100C18007A7A30EE670AE0EE077AF5EEC07AE8EC09
:100C2800017AF1EE10FA42D4B7EE007AF4EEC77A00
:100C3800F1EE10FA44DCB6EE007ADFED706AA7EE4A
:100C4800A67AFCEEC77A17EE903A9AB207EE902A87
:100C5800B8EE677AC7EE267AF1883280914234BFBF
:100C6800521A8A1A92B2802A05F1010506F1020683
:100C7800EAEC017A28BF4FF00109032DB4D1B6EE92
:100C8800008A2946584687ED038A05F0A1FAB5EE91
:100C9800C00AF1EE10FA18D4F7EE007AB4EEE70ABB
:100CA800F1EE10FA40F396804FF6FF710EE0002245
:100CB800DFED537A3280F288D5E79FED510AA4E739
:100CC800F0EE477A4FF6FF72C6E7002104F12000E4
:100CD800B982FFF745FDA36B984262D0019BA063E0
:100CE800E06B2364B8610138042813D9201D4D46F0
:100CF80005F05CFC637E834220D0019B6076E36153
:100D080087F81090002D43D1384603B0BDEC028B14
:100D1800BDE8F08FC0B294F84C308342E6D000238F
:100D2800012584F84C00B874201D84F84D30FB74FC
:100D38007D7405F03BFC637E8342DED1227E9A42BD
:100D4800DED0E2690199A1EB020ABAF10E0FD7D9F8
:100D58002376002B30D194F84530002BD0D10123D5
:100D680094F84C2084F84530A36C0133A3647B626B
:100D7800002A3BD094F84D3040F2011287F81090C9
:100D880083F00103BA831F4A84F84D30FB743A623A
:100D98002046FFF777FD384603B0BDEC028BBDE86F
:100DA800F08FE26B90429DD0236C0199CB1A132BE4
:100DB80094BF1046E06395E794F84530002B9FD028
:100DC800002384F84530A36C7B6201233B770E4BEC
:100DD8003B6295E7F0EE487A9FED087AE0EE077AF5
:100DE800FCEEE77A17EE903A99B26FE740F20113FA
:100DF800BB83044B3B6283E70AD7A33D00FF7F47D1
:100E08000000000078130108801301080022C0E9DF
:100E18000022704710B50C4A88B001230021B2F8AF
:100E280000C04FF4E134039306930491029101A9A1
:100E3800059393880794ADF804C0ADF8063007F021
:100E480073FB08B010BD00BF34130108704700BF22
:100E58000F4B1B780BB90120704710B504464FF4AF
:100E68007A700C4AB0FBF3F31068B0FBF3F000F0B3
:100E7800C1FE0F2C00D808B1012010BD0022214668
:100E88004FF0FF3000F056FE034B00201C6010BDF1
:100E980004000024440200240800002438B503207C
:100EA800124D00F035FE124C02F04EF9114A12496B
:100EB8009369C3F30323CB5C03F01F0320FA03F306
:100EC8000E202B60926902F00F028A5C02F01F026A
:100ED800D3402360FFF7BCFF10B10124204638BD82
:100EE8000446FFF7B3FF204638BD00BF4402002484
:100EF800480200240044025854140108034A044BD1
:100F080011681B780B441360704700BF5C04002411
:100F180004000024014B1868704700BF5C040024DB
:100F280038B50446FFF7F6FF0546631C02D0044BAC
:100F38001B781C44FFF7EEFF431BA342FAD338BDCE
:100F480004000024014B1868000C70470010005C76
:100F5800704700BF806B08B5FFF7FAFF08BD00BFF8
:100F6800836B5A6D12F0500F5A6D10B51DD1196868
:100F780042F400725A650A6812F0080FCA681BD05A
:100F880012F4406F0DD1CA6894040AD45A6D22F441
:100F980080725A655A6DD10403D45A6D42F0010229
:100FA8005A65184605F076F910BDD2060AD4DB6CEE
:100FB800BDE81040DB6C18479007E7D0184605F0ED
:100FC80069F9F1E7184605F009FA10BD806B08B514
:100FD800436D43F040034365836D43F00403836529
:100FE80005F0FCF908BD00BFF0B5002283B00192FE
:100FF80090F85020012A00F01C81034601201A684D
:1010080083F850009468640700F18A800C68C4F380
:101018001305002D40F08F80C4F38464A0404D6810
:101028004FF01F0ED6694FEA951C30430CF00C0C9C
:10103800D06105F01F0002F1300584400EFA00FE71
:101048005CF8050020EA0E0004434CF8054090685F
:1010580040076ED4956815F0080547D10C6807203D
:1010680002F11406B94F4FEAD45CC4F304540CF0EF
:10107800040C00FA04FE886800FA04F45CF8060020
:1010880020EA0E0020434CF80600386800F0704053
:10109800B0F1805F00F0C580D068D668C70600F15F
:1010A800E880C6F382064869760000FA06F60F69FA
:1010B800042F00F0C18002F16004086854F827C0CA
:1010C80000F0F8400CF0004C40EA0C00304344F8C3
:1010D8002700487E0E69012854F8260008BF4FF003
:1010E800004520F00040054344F826509068C407A6
:1010F80014D4CE68086806F01807954CD2F8C0508A
:10110800FC40C0F31307044025EA07052C43C2F846
:10111800C040904CA64246D0002816DB002003E0D1
:101128005A6D42F020025A65002283F8502003B01D
:10113800F0BD9068DAE794FAA4F5B5FA85F5C4F33A
:10114800846405F01F05A84069E783498A4200F0D6
:10115800B68001F580718A4200F0B1807F4D804CE5
:10116800A968A46801F0E076E44304F00104002CC7
:1011780000F0B4807B4CA04200F0FC807A4CA04286
:1011880000F01A81794CA042C8D14902C6D47449EA
:101198008A42C3D1AA68002022F0E072324342F4A6
:1011A8008002AA60C0E7002F6AD090FAA0F4B4FACF
:1011B80084F4013404F01F04092C00F2A48090FA8E
:1011C800A0F4B4FA84F490FAA0F5B5FA85F50134E0
:1011D80001260135A40605F01F0504F0F84406FAB7
:1011E80005F52C4390FAA0F0B0FA80F0304400F0F6
:1011F8001F0000EB400000052043C60D02F1140556
:10120800C0F30450072406F0040604FA00F77459E2
:1012180024EA07048F6807FA00F020437051086831
:101228007AE7D6684869C6F38206760000FA06F6B9
:101238003DE7022003B0F0BD106E0C6800F0F840E6
:10124800A506B0EB846F30D0506E00F0F8408542B0
:1012580026D0906E00F0F84085422BD0D06E00F07A
:10126800F84085427FF442AFD06E20F00040D0664F
:101278003CE77608486906F0080600FA06F616E71D
:10128800800E441C04F01F06092E2DD8A406012048
:1012980004F0F844B040044306EB46000005ABE711
:1012A800506E20F000405066D3E7106E20F00040EA
:1012B8001066C9E7906E20F000409066CEE7264C95
:1012C8002B4D04F58074A96854F8F86CA46834436D
:1012D80001F0E076E44304F0010448E75A6D012088
:1012E80042F020025A651FE706EB4600A5060124D6
:1012F8001E3805F0F84504FA06F60005354340F0B7
:101308000070284379E790FAA0F5B5FA85F590FAC8
:10131800A0F4B4FA84F4013501260134AD0604F0D2
:101328001F0405F0F84506FA04F4254390FAA0F4E2
:10133800B4FA84F4344404F01F0404EB4404A4F124
:101348001E00000540F00070DBE700BF0010005CE5
:10135800FFFF0F000000FF47002002400063025813
:1013680000600258000084CB000052C70000B8CFCC
:101378000023024008023FF5D1AE17498A427FF4A4
:10138800CDAE164AA9681268154821F0E071920995
:101398003143A0FB020241F400019209A960520006
:1013A8000192019A002A3FF4B9AE019A013A0192DA
:1013B800019A002AF9D1B1E611F080707FF4AEAE3F
:1013C80005498A427FF4AAAEAA6822F0E072324345
:1013D80042F08072AA60A7E6006002584402002426
:1013E800632D3E0503689A68D20701D5002070472F
:1013F8009968214A114270B5044608D0636D0120EE
:1014080043F010036365A36D0343A36570BD99683A
:101418001A4A0A4042F001029A60FFF77BFD2368EE
:10142800174A054693421ED002F5807293421AD09D
:10143800144A9268114E0AE09A68324042F001025A
:101448009A60FFF767FD401B0228D7D823681A68FF
:10145800D2070FD49A68D107EED5FFF75BFD401B82
:101468000228F3D9CAE7084A9268D006E2D0074AA8
:101478009342DFD1002070BD3F000080C0FFFF7F96
:10148800002002400063025800230240002102406D
:101498002DE9F0413A4D044600680F461646A84229
:1014A80019D0384B984216D0374DAB688068420740
:1014B80016D494F85020012A12D003F01F080122F4
:1014C800B8F1090F84F850200DD90023012084F8C1
:1014D8005030BDE8F0812D4DAB6880684207E8D5F3
:1014E8000220BDE8F08140F2212323FA08F3DB4310
:1014F80013EA0205E9D12046FFF774FF002839D125
:10150800626D234B2168134043F480736365B8F11F
:10151800000F02D01B4B994203D0636D23F4801354
:101528006365636D13F4805328D0A36D23F006031D
:10153800A365E06C3346174D3A464031C563164DF6
:101548000564164DC5641C2541F8405C002584F8E7
:10155800505051F83C5C45F0100541F83C5C00F0F7
:1015680059FE22680E4B91680B4043F004039360C8
:10157800BDE8F08184F85050BDE8F081A365D8E754
:10158800002002400021024000630258002302406C
:10159800FEF0FFFF690F00085D0F0008D50F000877
:1015A800C0FFFF7F38B503689A68910702D59B682A
:1015B800002038BD9A68D20723D59A68044602F0FD
:1015C8000D02012A08D0636D012043F01003636502
:1015D800A36D0343A36538BD986803210A4A0240F6
:1015E80042F002029A601960FFF794FC054604E095
:1015F800FFF790FC401B0228E5D823689B68DB07AF
:10160800F6D4002038BD00BFC0FFFF7F38B5574A69
:1016180004460368934226D002F58072934222D092
:10162800534B9B6813F4403F22D001F047FF636897
:101638000546B3F5003F00F08880B3F5403F70D011
:10164800B3F5803F00F08180FFF77CFC41F2030393
:1016580098422DD8474B9D425DD92268936843F440
:101668008073936038BD444B9B6813F4403FDCD1D2
:101678004FF4002002F0EEFF63680546B3F5101F33
:101688006DD008D8B3F5E01F55D01AD9B3F5001FAF
:10169800DAD14509D8E7B3F5201F4AD0B3F5301F92
:1016A800D2D1FFF74FFC41F20303984233D92D0AF8
:1016B800324B9D421DD82268936823F4407393608F
:1016C80038BDB3F5801F06D00AD9B3F5A01F02D0E4
:1016D800B3F5C01FB8D19B0C5B00B5FBF3F5B3E7BE
:1016E800B3F5002FF7D023F40022B2F5802FF2D003
:1016F800AAE7234B234A2B4493421ED9224B234A61
:101708002B449342226893682BD823F4407343F404
:101718000073936038BD2268936823F480739360E4
:1017280038BD8508FFF70EFC41F203039842BFD885
:1017380090E7C50988E7050986E72268936823F4D6
:10174800407343F48073936038BD1B0CB5FBF3F50D
:10175800FFF7F8FB41F203039842A9D87AE7850915
:1017680072E743F44073936038BD00BF0020024025
:1017780000630258002D310100230240105E5F0013
:10178800EFA1A0FF0F5E5F00DF4341FF1FBCBE005B
:1017980030B5002383B00193002800F0D080456D58
:1017A8000446002D00F0BA80226893689B0003D598
:1017B8009168714B0B4093609368DD0015D46F4BB3
:1017C80090686F491B6801406E489B0941F0805141
:1017D800A0FB030391609B090193019B2BB1019B23
:1017E800013B0193019B002BF9D19368D80024D4C5
:1017F800636D012543F010036365A36D2B43A36557
:10180800936813F0040F636D1DD1D9061BD4636D63
:1018180023F4817343F0020363659368DB0728D4DC
:10182800594B9A4217D003F580739A4213D0574BFD
:101838009B68D9071DD4564A15E09368002513F014
:10184800040F636DE1D0636D012543F01003284652
:10185800636503B030BD4C4A4E4B92689B68134396
:10186800D80706D44C4A9368616823F47C130B4369
:101878009360FFF767FB41F20303A1689842237F57
:1018880052D894F815C01A04206B42EA4C3202432D
:101898000A43012B03D1236A013B42EA4342636AAC
:1018A80023B103F47873A16A0B431A4323683B49B5
:1018B800D86801400A43DA609A6812F0040F9A68FF
:1018C8001CD112071AD4D868354A217D024042EA51
:1018D8008132E16A0A43DA6094F83820012A3AD062
:1018E8001A6922F001021A611A692046616B22F016
:1018F80070420A431A61FFF789FE2368E268012AE9
:1019080021D01A6B22F00F021A63636D284623F068
:10191800030343F00103636503B030BD04F068FCC2
:10192800A56584F850503FE71029AAD1617D1A04B3
:1019380042EA4132216B0A4342F01C02A9E7012521
:10194800284603B030BD196BA26921F00F01013A96
:101958000A431A63D9E7D4E9102118690A431149DF
:1019680001400A43A16C0A43E16B42EA014242F09A
:1019780001021A61B8E700BFC0FFFF5F44020024FC
:10198800C0FFFF6F632D3E05002002400060025833
:1019980000630258002102400023024003C0F0FF08
:1019A800FCBFFFFF1EF800FCF0B5002383B00193D5
:1019B80090F85030012B40D0012304460E461546BE
:1019C80080F85030FFF7EEFDE8B9676D05F080420A
:1019D8001B4B06F480311B4D3B401B4F43F0020369
:1019E800636523689E68354015430D4345F00045FF
:1019F8009D609A68002A0FDB636D23F0030343F0B0
:101A08000103636503E0636D43F01003636500231E
:101A180084F8503003B0F0BD019A01320192019A66
:101A2800BA42E6D9636D0022012023F0120384F83C
:101A3800502043F010036365ECE7022003B0F0BDCB
:101A4800FDEEFFFFC0FFFE3FFF955A55F0B490F83A
:101A580050200E68012A49D00346294A01201C68F3
:101A680083F85000944208D05A6D002142F02002B9
:101A780083F850105A65F0BC7047224DAA68520787
:101A88000AD5A2685A6D012042F020025A65002248
:101A980083F85020F0BC7047A06810F00400F1D122
:101AA800C6B1DFF868C04F68DCF8082022F440426D
:101AB8003A43CCF80820A468AA682243D40713D470
:101AC8008A68DCF8081016430F4A0A401643CCF817
:101AD8000860DCE70D498A6822F440428A60A06801
:101AE800AA680243D00704D50020D0E70220F0BC42
:101AF80070478C683046044A22408A60C7E700BFB6
:101B08000020024000210240E0F0FFFF00230240D5
:101B180006494FF6FF0C0002054BCA6800F4E06066
:101B280002EA0C0210430343CB60704700ED00E06B
:101B38000000FA051B4BDB68C3F3022300B5C3F1B1
:101B4800070E03F1040CBEF1040F28BF4FF0040E7A
:101B5800BCF1060F1AD9033B4FF0FF3C0CFA03FC0B
:101B680022EA0C024FF0FF3C00280CFA0EFC21EA96
:101B78000C0101FA03F141EA02010ADB09010A4BEF
:101B8800C9B2034483F800135DF804FB002213462E
:101B9800E8E700F00F000901044BC9B203441976C5
:101BA8005DF804FB00ED00E000E100E0FCEC00E083
:101BB800002807DB00F01F0101234009024A8B407F
:101BC80042F82030704700BF00E100E000280DDB3C
:101BD8004309012200F01F000549203302FA00F0F2
:101BE80041F82300BFF34F8FBFF36F8F704700BFDB
:101BF80000E100E0431EB3F1807F0CD24FF0E022F9
:101C0800002006494FF0F00C5361072381F823C0E8
:101C18009061136170470120704700BF00ED00E03C
:101C2800BFF35F8F044B00215A6A22F480325A6254
:101C3800C3F89410704700BF00ED00E0064B40F079
:101C48000100C3F894005A6A42F480325A62BFF322
:101C58004F8FBFF36F8F704700ED00E0174A43784E
:101C6800C2F89830017821B3436800B5C2F89C30B7
:101C7800C37A90F80CC01B0690F80FE043EA0C7387
:101C880090F80AC00B43817B43EACC4390F80DC01F
:101C980043EA8C4390F809C043EA4143017A43EA96
:101CA8000E4343EA0C2343EA4103C2F8A0305DF82F
:101CB80004FBC2F89C10C2F8A010704700ED00E0C9
:101CC800704700BF08B5FFF7FBFF08BD0268344B3B
:101CD800344930B4344D354CAA4218BF9A420CBF2F
:101CE800012300238A4208BF43F001033031A24296
:101CF80008BF43F0010330348A4208BF43F00103B0
:101D08003031A24208BF43F0010330348A4208BF91
:101D180043F0010301F55C71A24208BF43F00103DF
:101D280004F55C748A4208BF43F001033031A242D3
:101D380008BF43F0010330348A4208BF43F001036F
:101D48003031A24208BF43F0010330348A4208BF51
:101D580043F001033031A24208BF43F001038A4235
:101D680008BF43F0010313B9114B9A4213D1D3B200
:101D78001049114C103BA1FB03515F2B0F4BC1F3D2
:101D8800021103EA0203615C88BF0433C1658365FD
:101D9800184630BC704722F0FF038365F8E700BFA0
:101DA8001000024040000240280002405800024053
:101DB800B8040240ABAAAAAA9C13010800FCFFFFC2
:101DC8000368294A294930B4294D2A4CAB4218BF27
:101DD80093420CBF012200228B4208BF42F001024D
:101DE8002831A34208BF42F0010228348B4208BFC1
:101DF80042F001022831A34208BF42F001028B429F
:101E080008BF42F0010212B91B4A934213D1DBB258
:101E18001A4C1B4A0121083B1A4DA4FB0343456693
:101E280002EB1312C3F30413920001FA03F30266E0
:101E3800836630BC7047DAB21349144C1944103A1F
:101E4800A829A4FB02234FEA131300D80833104A29
:101E580003F01F0501210F4C1A44A9404466920063
:101E680081660266E5E700BF0854025830540258FC
:101E78001C5402584454025894540258CDCCCCCC2B
:101E88000096001680580258F0FBFDBFABAAAAAA1C
:101E9800008200108008024070B50446FFF73AF847
:101EA800002C00F0C68023680546954A934248D026
:101EB8001832934245D0303292498B4218BF934230
:101EC80001F130010CBF012200228B4208BF42F011
:101ED800010218318B4208BF42F0010218318B42CF
:101EE80008BF42F0010218318B4208BF42F00102DC
:101EF80001F556718B4208BF42F0010218318B423E
:101F080008BF42F0010218318B4208BF42F00102BB
:101F180018318B4208BF42F0010218318B4208BFCA
:101F280042F0010218318B4208BF42F00102183119
:101F38008B4208BF42F001021AB9734A934240F03B
:101F4800F5800222002184F8352084F834101A68BC
:101F580022F001021A6005E0FEF7DCFF431B052BA7
:101F680040D823681A68D107F6D4D4E90225216934
:101F78002A43A0691D680A4361690A43E16902436B
:101F88000A4362492940256A2A430A43616A0429A7
:101F98002FD01A605A6922F007021143596120466E
:101FA800FFF794FEE26D3F2302F01F029340836027
:101FB8002046FFF705FFA368802B3CD06368A06E1E
:101FC800DAB2013BD4E91851072B2A60486026D9B8
:101FD8000023C4E91B33636700200123606584F88C
:101FE800353070BD202203230120626584F8353026
:101FF80070BDD4E90B5129430A431A605969A26A92
:1020080021F00701114341F00401002DC6D000283A
:102018004FD1012A6ED032F00202BFD151E0501EDA
:10202800072810D9626FD4E91B31002018604A6074
:10203800D2E7012070BD0023A16ED4E918026360C5
:1020480003605160C4E72168314B324DA94218BF83
:10205800994205F114050CBF01230023A94208BFCA
:1020680043F001031435A94208BF43F001031435B6
:10207800A94208BF43F001031435A94208BF43F041
:1020880001031435A94208BF43F001033BB9224BB1
:10209800994204D0214B224913449B0003E0214B71
:1020A800214913449B0001228240C4E91B31626725
:1020B800BBE7B0F5005F0ED0022A05D9032A7FF4EA
:1020C8006DAFEA017FF56AAF0123402218466265C9
:1020D80084F8353070BD032A3FF660AF01A050F890
:1020E80022F000BFD1200008CB200008D120000832
:1020F800FD200008B5F1C07F7FF450AFE4E700BFD2
:102108001000024040000240B80402403F8010FE28
:10211800085402581C540258945402583F82001024
:10212800400902403F96001640590258324A334847
:102138003349834218BF934200F128000CBF0122A3
:1021480000228B4208BF42F001022831834208BFB7
:1021580042F0010228308B4208BF42F001022831C8
:10216800834208BF42F001028B4208BF42F00102DD
:1021780012B9244A934238D102220021224D84F810
:10218800341084F835201A681540A268402A2AD0ED
:10219800802A0CBF4FF480400846266AD4E903120F
:1021A800D20842EAD102616942EAD102A16942EA4F
:1021B800D102E16942EAD102144942EA16121944ED
:1021C8002A4302431248A0FB010120461A600B096A
:1021D8009B00E365FFF77AFDE26D012302F01F0221
:1021E80093404360E4E61020D7E740220323012010
:1021F800626584F8353070BD085402581C54025882
:1022080030540258945402580F00FEFFF8ABFDA753
:10221800CDCCCCCC002800F0BC80844690F83400AB
:10222800012800F0B88001202DE9F0419CF83540E4
:102238008CF83400844208D000224FF400638CF8F4
:102248003420CCF85430BDE8F0810220DCF800508E
:102258007A4C8CF835000020794ECCF85400794837
:10226800854218BFA54200F118000CBF01240024C4
:10227800854208BF44F001041830854208BF44F085
:1022880001041830854208BF44F001041830854223
:1022980008BF44F0010400F55670854208BF44F0B9
:1022A80001041830854208BF44F001041830854203
:1022B80008BF44F001041830854208BF44F0010407
:1022C8001830854208BF44F001041830854208BF21
:1022D80044F001041830854208BF44F00104183066
:1022E800854208BF44F00104A0F59560B54218BFC7
:1022F8008542DCF86C600CBF0120002054EA00081D
:10230800286820F001002860DCF86400DCF86840E8
:10231800DCF85870446040D016B1DCE91C04446015
:10232800DCF85C004FF03F0E00F01F000EFA00F0E2
:10233800B860286820F4802028606B60DCF80830DA
:10234800402B23D0A960EA602B6823F01E0343F0DA
:1023580016032B60DCF840301BB12B6843F00803F0
:102368002B60DCF860301A68D20303D51A6842F48F
:1023780080721A601EB1336843F4807333602B682F
:10238800002043F001032B60BDE8F081AA60E960FA
:10239800DAE7012070470220704716B1DCE91C0417
:1023A80044602948DFF8A8E0754518BF85420EF15A
:1023B800140E0CBF01200020754508BF40F0010035
:1023C8000EF1140E754508BF40F001000EF1140E11
:1023D800754508BF40F001000EF1140E754508BFA1
:1023E80040F001000EF1140E754508BF40F00100E1
:1023F80010B9164885420ED1DCF85C0000F01F0EBB
:10240800012000FA0EF078606B60DCF80830402B91
:1024180010D0A960EA602B6823F00E0343F00A038A
:102428002B60DCF84030002B9BD02B6843F0040372
:102438002B6096E7AA60E960EDE700BF4000024024
:102448002800024058000240085402589454025888
:102458001C54025800285FD038B590F83520034640
:10246800022A55D10168444A914248D01832914213
:1024780045D03032414C4248A14218BF914204F144
:1024880048040CBF01220022814208BF42F0010229
:102498003030A14208BF42F001023034814208BF07
:1024A80042F0010200F55C70A14208BF42F001024F
:1024B80004F55C74814208BF42F001023030A14249
:1024C80008BF42F001023034814208BF42F00102E5
:1024D8003030A14208BF42F001023034814208BFC7
:1024E80042F001023030A14208BF42F001028142AD
:1024F80008BF42F0010212B9224A91420ED10422C9
:10250800002083F835200B6823F001030B6038BDE9
:10251800802201205A6538BD012070470A681C6E68
:1025280022F00E02D86D9D6D0A6000F01F000A6847
:1025380022F001020A6001222168824021F48071A0
:1025480021606A60DA6ED3E91910486032B1116807
:10255800D3E91C0421F48071116044600024012136
:102568001A6D83F8344083F835101AB1184690472D
:10257800204638BD104638BD1000024040000240D9
:1025880070000240B80402402DE9F04300229C4B41
:1025980083B09C4E1D688146019203689A4A846DF7
:1025A800934218BFB342276808BF0126216818BFA5
:1025B800002645D018329548834218BF934200F14F
:1025C80018000CBF01220022834208BF42F001021A
:1025D8001830834208BF42F001021830834208BF16
:1025E80042F001021830834208BF42F0010200F5B0
:1025F8005670834208BF42F001021830834208BF78
:1026080042F001021830834208BF42F0010218303C
:10261800834208BF42F001021830834208BF42F0EB
:1026280001021830834208BF42F001021830834289
:1026380008BF42F001021AB9754A934240F050822D
:10264800D9F85C10082201F01F0C02FA0CF21742AC
:1026580040F0888127FA0CF2D2070CD55A69100687
:1026680009D5012202FA0CF2A260D9F8542042F0EE
:102678000202C9F854204FF0040E0EFA0CF038424A
:102688005BD0002E4FD1634ADFF88081434518BFE5
:10269800934208F118080CBF01220022434508BFE5
:1026A80042F0010208F11808434508BF42F0010250
:1026B80008F11808434508BF42F0010208F118085C
:1026C800434508BF42F0010208F55678434508BF64
:1026D80042F0010208F11808434508BF42F0010220
:1026E80008F11808434508BF42F0010208F118082C
:1026F800434508BF42F0010208F11808434508BFE6
:1027080042F0010208F11808434508BF42F00102EF
:1027180008F11808434508BF42F001021AB93C4ABB
:10272800934240F019821A68920706D5A060D9F83A
:10273800542042F00402C9F85420102202FA0CFC7A
:102748001CEA070F6CD0002E45D1324A2F4EB342F7
:1027580018BF934206F118060CBF01220022B342AB
:1027680008BF42F001021836B34208BF42F0010226
:102778001836B34208BF42F001021836B34208BF08
:1027880042F0010206F55676B34208BF42F0010254
:102798001836B34208BF42F001021836B34208BFE8
:1027A80042F001021836B34208BF42F0010218365F
:1027B800B34208BF42F001021836B34208BF42F0E4
:1027C80001021836B34208BF42F001021AB9104A92
:1027D800934240F0C9811A68100721D5C4F808C08F
:1027E8001A68560300F14C811A68D20503D41A6896
:1027F80022F008021A60D9F840308BB10CE000BF13
:102808004402002410000240280002405800024000
:10281800B80402404000024048469847D9F85C1086
:1028280001F01F0120268E403E4268D0D9F80020D2
:10283800A54BA64FBA4218BF9A4207F118070CBF1A
:1028480001230023BA4208BF43F001031837BA42F4
:1028580008BF43F001031837BA4208BF43F0010329
:102868001837BA4208BF43F001031837BA4208BF05
:1028780043F001031837BA4208BF43F0010307F5D4
:102888005677BA4208BF43F001031837BA4208BF67
:1028980043F001031837BA4208BF43F00103183761
:1028A800BA4208BF43F001031837BA4208BF43F0E1
:1028B80001031837BA4208BF43F001031837BA4278
:1028C80008BF43F001031BB9814B9A4240F0628173
:1028D8001368DB0613D5A66099F83530042B136806
:1028E80000F0AE8013F4802F136800F0D3801C032F
:1028F80040F1DE80D9F83C300BB148469847D9F80A
:102908005430002B00F0B980D9F85430D8071FD5BF
:10291800D9F80020042189F83510136823F0010341
:1029280013606C4BA3FB0535AD0A02E01368D907A9
:1029380004D5019B0133AB420193F7D9002389F8F1
:1029480034301368DB074CBF0323012389F8353083
:10295800D9F84C30002B00F09080484603B0BDE811
:10296800F0431847186840070AD5186820F0040093
:102978001860A260D9F8542042F00102C9F8542026
:1029880027FA0CF2D2077FF576AE534A53488342B2
:1029980018BF934200F130000CBF0122002283428D
:1029A80008BF42F001021830834208BF42F001021A
:1029B8001830834208BF42F001021830834208BF32
:1029C80042F0010200F55670834208BF42F001024E
:1029D8001830834208BF42F001021830834208BF12
:1029E80042F001021830834208BF42F00102183059
:1029F800834208BF42F001021830834208BF42F008
:102A080001021830834208BF42F0010218308342A5
:102A180008BF42F00102002A7FF420AE002E7FF4A6
:102A28001DAE1A68042202FA0CF23A4240F0948071
:102A3800102202FA0CFC17EA0C0F3FF4F1AE84E600
:102A480023F016031360536923F080035361D9F808
:102A580040309BB3136823F0080313603F2300251D
:102A6800012203FA01F1D9F85030A16089F83450F5
:102A780089F83520002B7FF470AF03B0BDE8F083F0
:102A88001B6818037FF5B7AED9F84830002B7FF4E0
:102A9800C3AEC5E613F480737FF42CAF116821F040
:102AA80010011160012289F8343089F8352021E7B6
:102AB800D9F84430002B7FF420AF20E7D9F848300C
:102AC800002BC7D1CAE700BF10000240280002400F
:102AD800B8040240B5814E1B580002404000024035
:102AE8004E4A4F4DAB4218BF934205F114050CBF37
:102AF80001220022AB4208BF42F001021435AB426A
:102B080008BF42F001021435AB4208BF42F001028F
:102B18001435AB4208BF42F001021435AB4208BF7E
:102B280042F0010212B93F4A9342A6D1D9F85C504B
:102B380004261A6805F01F05AE400E4219D0570743
:102B480017D5100466604BD5D1034FD4D9F8483057
:102B5800002B7FF402AF90E71A68102202FA0CFCEF
:102B680017EA0C0F3FF45CAE1A6852077FF558AEAF
:102B780034E60226AE400E4211D097070FD56660A4
:102B8800140439D5D00343D4D9F84430002B7FF44A
:102B9800E4AE72E713689F077FF5B1AE9BE608269F
:102BA800AE400E423FF469AF11077FF566AF1A6871
:102BB800002122F00E021A600123D9F84C2003FAF2
:102BC80005F56560C9F8543089F8341089F835304E
:102BD800002A3FF452AF484603B0BDE8F04310471F
:102BE800920603D41A6822F004021A60D9F8403019
:102BF800002B7FF4B2AE40E712F0200208D119682A
:102C0800012421F00A01196089F8342089F8354037
:102C1800D9F83C30002B7FF4A0AE2EE708540258B8
:102C28001C54025894540258406D7047002800F014
:102C3800DE81F8B503680446D80730D59F490A698C
:102C4800896A02F03802102A00F00081182A00F080
:102C5800F8806368B3F5803F00F02081002B00F016
:102C68005E81B3F5A02F954B1A6800F02F8222F4ED
:102C780080321A601A6822F480221A60FEF74AF934
:102C88008E4E41F28837054605E0FEF743F9401BB2
:102C9800B84200F2428133689A03F6D523689D074B
:102CA80000F18580D9062FD5844A1369926A03F00A
:102CB8003803082B00F0DA80182B00F0D280E36983
:102CC8007E4D002B00F065812B6843F080032B605C
:102CD800FEF720F9064605E0FEF71CF9801B0228DE
:102CE80000F21B812B68DB05F6D5FEF72BF941F2C4
:102CF8000303984200F20B826B68226A23F0F843C0
:102D080043EA82636B6023681D0716D563696B4DC0
:102D1800002B00F01C816B6F43F001036B67FEF71B
:102D2800F9F8064605E0FEF7F5F8801B022800F2E0
:102D3800F4806B6F9807F6D523689A0616D5A369B1
:102D48005E4D002B00F014812B6843F480532B60F8
:102D5800FEF7E0F8064605E0FEF7DCF8801B0228DF
:102D680000F2DB802B689F04F6D52368590700F131
:102D78009B80636ACBB1514D2A6902F03802182A48
:102D88006DD0022B2B6823F080732B6000F0398103
:102D9800FEF7C0F8044605E0FEF7BCF8001B022861
:102DA80000F2BB802B689B01F6D40020F8BD434A93
:102DB8001369926A13F0380329D1404BE2681B6803
:102DC800590701D5002A4AD03C4D2B6823F0190336
:102DD80013432B60FEF79EF8064605E0FEF79AF8C7
:102DE800801B022800F299802B685B07F6D5FEF756
:102DF800A9F841F20303226998426B6800F2F08057
:102E080023F47C3343EA02336B6023684AE7182BC8
:102E180000F0E280294DE2682B68002A00F0CB80A0
:102E280023F0190313432B60FEF774F8064604E0F9
:102E3800FEF770F8801B02286FD82B685F07F7D55C
:102E4800D5E701F0030102297FF403AF1B4A12689A
:102E580091037FF524AF6268002A7FF420AF012038
:102E6800F8BD02F00302012A7FF429AF134B1B6857
:102E7800DA0502D5E369802BF1D1FEF763F841F258
:102E880003030E4A9842216A00F2B380536823F084
:102E9800F84343EA81635360236835E7074A1368B8
:102EA80043F480331360E9E6054D2B6843F48073DF
:102EB8002B60FEF72FF8064609E000BF00440258D1
:102EC80000480258FEF726F8801B642825D82B688E
:102ED800DA05F7D5A368012B00F02281002B00F05A
:102EE800FD80052B954B1A6F00F0208122F001021E
:102EF8001A671A6F22F004021A67FEF70BF88F4E52
:102F080041F28837054604E0FEF704F8401BB84252
:102F180003D8336F9B07F7D52BE70320F8BD874D00
:102F280041F288372B6823F480332B602B6823F415
:102F380080232B60FDF7EEFF064604E0FDF7EAFF6D
:102F4800801BB842E9D82B689B03F7D4A6E66B6FC1
:102F580023F001036B67FDF7DDFF064604E0FDF78C
:102F6800D9FF801B0228D8D86B6F9907F7D4E3E6FE
:102F78002B6823F480532B60FDF7CCFF064604E052
:102F8800FDF7C8FF801B0228C7D82B689804F7D420
:102F9800EBE62B6823F080032B60FDF7BBFF0646AA
:102FA80004E0FDF7B7FF801B0228B6D82B68DF05C1
:102FB800F7D42368A8E623F001032B60FDF7AAFFE6
:102FC800064604E0FDF7A6FF801B0228A5D82B685B
:102FD8005807F7D4236865E690077FF41BAFECE643
:102FE80023F0FE4343EA02636B6023685AE601203C
:102FF8007047D36823F07C5343EA0163D3602368A6
:1030080082E6FDF787FF064604E0FDF783FF801B95
:10301800022882D82B689901F7D4A96A484BA26A7A
:103028000B404849454E1343E26A43EA0213AB6238
:10303800D4E90D32013B013A5B0212049BB202F45F
:10304800FE021343226B013AC2F308021343E26BF8
:10305800013A120602F0FE4213432B63EB6A23F097
:103068000103EB626A6BA36C114041EAC301696317
:10307800EB6A226C23F00C031343EB62EB6A626C7D
:1030880023F002031343EB62EB6A43F48033EB62F1
:10309800EB6A43F40033EB62EB6A43F48023EB62A0
:1030A800EB6A43F00103EB622B6843F080732B60FB
:1030B800FDF730FF044605E0FDF72CFF001B022852
:1030C8003FF62BAF33689A01F6D56EE642F48022BC
:1030D8001A601A6842F480321A60CFE5174D41F23F
:1030E80088372B6F23F001032B672B6F23F0040322
:1030F8002B67FDF70FFF064605E0FDF70BFF801B6A
:10310800B8423FF60AAF2B6F9807F6D431E6EB6862
:10311800226A23F07C5343EA0263EB602368F3E5F9
:10312800064A136F43F001031367E6E642F0040210
:103138001A671A6F42F001021A67DEE60044025865
:103148000CFCFFFF0700FFFF474A136903F0380331
:10315800102B04D0182B0DD01BB14448704744489D
:103168007047136899064AD513684248C3F3C103E8
:10317800D8407047936A30B4946AD56A14F47C7F57
:10318800516BC4F3051038D0C1F3CC0105F001052B
:1031980003F0030305FB01F1012B07EE901AB8EECB
:1031A800E77A02D0022B2CD093B307EE900A9FED5A
:1031B800325AF8EEE77A136BC5EE276ADFED2F5A1D
:1031C800C3F3080307EE903AB7EE006AF8EEE77A21
:1031D800E7EE257A77EE867A66EEA76A224B1B6BB6
:1031E800C3F34623013307EE903AB8EEE77AC6EE0A
:1031F800877AFCEEE77A17EE900A30BC70471D48D4
:10320800704707EE900A9FED1E5AF8EEE77AD2E76C
:1032180013689B0620D5146807EE900A1549F7EE47
:10322800005A136BC4F3C104F8EEE77A9FED135A02
:10323800C3F30803E14006EE903A06EE101AF8EEE2
:10324800E66AB8EEC66AE7EE056A86EE277A76EE93
:10325800A56A66EE876AC1E707EE900A9FED095AEC
:10326800F8EEE77AA7E700BF0044025800093D00DE
:103278000024F4000090D0030024744A00000039B0
:103288000024744B0024744C002800F00281874A03
:10329800136803F00F038B422DE9F04104460D46F5
:1032A8000CD2136823F00F030B431360136803F069
:1032B8000F038B4202D00120BDE8F08123685F072D
:1032C8000BD57B4920698A6902F07002904204D9C3
:1032D8008A6922F0700202438A611E070BD574497D
:1032E8006069CA6902F07002904204D9CA6922F082
:1032F80070020243CA61D8060BD56D49A069CA6934
:1033080002F4E062904204D9CA6922F4E0620243FE
:10331800CA6199060BD56649E0690A6A02F070022B
:10332800904204D90A6A22F0700202430A629A079C
:1033380040F1A1805E48E168826902F00F02914283
:1033480004D9826922F00F020A438261D80730D576
:10335800574AA168936923F470630B4393616168CA
:103368001368022900F09780032900F08E80012954
:1033780000F0978058079ED54D4E41F28838336942
:1033880023F007030B433361FDF7C4FD074605E04F
:10339800FDF7C0FDC01B404500F2818033696268BB
:1033A80003F03803B3EBC20FF2D12368990706D5AF
:1033B800E1683F48826902F00F028A425FD83B49C0
:1033C8000A6802F00F02AA420AD90A6822F00F021C
:1033D8002A430A600A6802F00F02AA427FF46BAF20
:1033E8005A070BD5324920698A6902F07002904267
:1033F80004D28A6922F0700202438A611F070BD542
:103408002B496069CA6902F07002904204D2CA6905
:1034180022F070020243CA61DE060BD52449A06976
:10342800CA6902F4E062904204D2CA6922F4E062F6
:103438000243CA619D060BD51D4AE169136A03F070
:103448007003994204D2136A23F070030B4313628A
:10345800FFF77AFE164A0346164892691649C2F3E0
:103468000322825C0E2002F01F02D340BDE8F04127
:103478000B60FDF7EDBCDA073FF56AAF9FE782699D
:1034880022F00F021143816199E79F013FF574AF64
:1034980011E7012070479B033FF56EAF0BE7032050
:1034A8000AE7DE053FF568AF05E700BF00200052D8
:1034B80000440258541401084402002408B501F0DD
:1034C80095F9064B06499B69064A03F00F03CB5C46
:1034D80003F01F03D840106008BD00BF0044025825
:1034E800541401084802002410B501F07FF9094975
:1034F800094A8B69094C03F00F03D35C03F01F03DF
:10350800D8402060CB69C3F30213D35C03F01F03D8
:10351800D84010BD00440258541401084802002441
:1035280010B501F063F90949094A8B69094C03F0A0
:103538000F03D35C03F01F03D8402060CB69C3F3AB
:103548000223D35C03F01F03D84010BD0044025887
:103558005414010848020024F8B53A4CA36A03F051
:103568000303032B67D0236806460F4623F08063C6
:103578002360FDF7CFFC054604E0FDF7CBFC431BB9
:10358800022B56D823681A01F7D4A36A326823F4A9
:103598007C3343EA0233A362D6E90232013B013AA3
:1035A8005B0212049BB202F4FE0213437268013AF2
:1035B800C2F3080213433269013A120602F0FE42CE
:1035C8001343A363E36A726923F0C0031343E362FE
:1035D800E26AB36922F020021A431B4BE262E26AF4
:1035E80022F01002E262E16BF2690B4043EAC20387
:1035F800E363E36A43F01003E362E36AEFB1012F88
:103608000CBF43F4801343F40013E3620D4C2368AA
:1036180043F080632360FDF77DFC054604E0FDF779
:1036280079FC401B022804D823681B01F7D5002029
:10363800F8BD0320F8BD0120F8BD43F40023E36280
:10364800E4E700BF004402580700FFFFF8B53A4C12
:10365800A36A03F00303032B67D0236806460F46CB
:1036680023F080532360FDF755FC054604E0FDF781
:1036780051FC431B022B56D823689A00F7D4A36A3F
:10368800326823F07C7343EA0253A362D6E902321C
:10369800013B013A5B0212049BB202F4FE0213439F
:1036A8007268013AC2F3080213433269013A1206FA
:1036B80002F0FE4213432364E36A726923F4406311
:1036C8001343E362E26AB36922F400721A431B4BA4
:1036D800E262E26A22F48072E262616CF2690B4093
:1036E80043EAC2036364E36A43F48073E362E36A10
:1036F800EFB1012F0CBF43F4000343F08073E36282
:103708000D4C236843F080532360FDF703FC054606
:1037180004E0FDF7FFFB401B022804D823689B0048
:10372800F7D50020F8BD0320F8BD0120F8BD43F40B
:103738008003E362E4E700BF004402580700FFFF8C
:103748002DE9F8430368044613F0006622D0426E60
:10375800B2F5001F00F0CE8411D8002A00F0F884DA
:10376800B2F5801F40F0F18402210430FFF7F4FE27
:103778000646002E40F08684626E236803E0B2F5A8
:10378800401F40F0E284A8480026016D21F4401152
:103798000A430265DD050AD5626D042A06D8DFE80A
:1037A80012F0A20493049A04DF02DF0201263546D0
:1037B80098051BD5A26D802A00F05B8400F2EC808E
:1037C800002A00F08B83402A40F0ED800021201D64
:1037D800FFF7C2FE23680546002D40F06783924933
:1037E800A06D0A6D22F4E07202430A6559051FD5DF
:1037F800D4F8A420B2F5800F00F0478400F2D680F8
:10380800002A00F07183B2F5001F40F0D780002134
:10381800201DFFF7A1FE23680546002D40F04483D4
:103828008149D4F8A4008A6D22F4600202438A65B3
:103838001A051FD5D4F8A820B2F1007F00F02E8415
:1038480000F2BF80002A00F05583B2F1807F40F07B
:10385800C0800021201DFFF77FFE23680546002D4C
:1038680040F02A837049D4F8A8008A6D22F0E062FB
:1038780002438A659F0118D5A26C202A00F0DA83DA
:1038880000F2AA803AB1102A40F0A9806649CA6AB3
:1038980042F40032CA62002D40F059836249A06C9C
:1038A800CA6C22F030020243CA64D8041DD5E26D06
:1038B800B2F5005F00F0FB8300F29480002A00F06C
:1038C8001F83B2F5805F40F095800021201DFFF72F
:1038D80043FE23680546002D40F0EC825249E06D16
:1038E8000A6D22F4E04202430A6599041AD5226E51
:1038F800B2F5003F00F074837FD84AB1B2F5803F3B
:1039080040F083800121201DFFF726FE236805462D
:10391800002D40F01E834449206E0A6D22F4E022F7
:1039280002430A655A041BD5D4F8AC20B2F1005FF3
:1039380000F060836CD842B1B2F1805F70D1012190
:10394800201DFFF709FE23680546002D40F003837C
:103958003549D4F8AC008A6D22F0E04202438A650A
:103968001F040DD5E26EB2F1805F00F03183B2F131
:10397800005F00F00182002A00F00482012635462B
:10398800D8015DD5626C032A00F20A84DFE812F0E0
:10399800540017034E005400C02A3FF41DAFB2F57F
:1039A800807F3FF419AF012635461FE7B2F5C00FF7
:1039B8003FF433AFB2F5000F3FF42FAF0126354681
:1039C80036E7B2F1407F3FF44AAFB2F1806F3FF47F
:1039D80046AF012635464DE7302A3FF45CAF012655
:1039E800354662E7B2F5405F3FF475AFB2F5804FF8
:1039F8003FF471AF0126354677E722F48031B1F5FF
:103A0800802F85D0B2F5403F82D00126354689E720
:103A180022F08051B1F1804F97D0B2F1405F94D03D
:103A2800012635469CE700BF004402580221201DAC
:103A3800FFF792FD23680546002D00F06B822E46A5
:103A4800590200F1F081DF072FD5A26F282A2AD862
:103A5800DFE812F0D30129002900290029002900F4
:103A6800290029006D0329002900290029002900BF
:103A780029002900CC012900290029002900290052
:103A880029002900D301290029002900290029003B
:103A980029002900D301290029002900290029002B
:103AA80029002900D30101263546980716D5626FEB
:103AB800052A00F27883DFE812F00D0030030600D3
:103AC8000D000D000D00012104F12400FFF7BEFDDB
:103AD80023680546002D00F025822E46590717D584
:103AE800D4F89020052A00F26183DFE812F00D0077
:103AF8000C0306000D000D000D00012104F1240047
:103B0800FFF7A4FD23680546002D00F013822E461A
:103B18009A061DD5D4F88C20B2F1005F00F04582DA
:103B280000F2DC804AB1B2F1805F40F0E180002110
:103B3800201DFFF711FD23680546002D40F0058282
:103B4800A949D4F88C004A6D22F0E04202434A6544
:103B58005F061DD5D4F89820B2F5006F00F05482A6
:103B680000F2C9804AB1B2F5806F40F0CE800021E2
:103B7800201DFFF7F1FC23680546002D40F0C881A1
:103B88009949D4F898008A6D22F4E05202438A6574
:103B980018061DD5D4F89C20B2F5804F00F03F825E
:103BA80000F2B6804AB1B2F5005F40F0BB80002158
:103BB800201DFFF7D1FC23680546002D40F0A681A3
:103BC8008949D4F89C008A6D22F4604202438A65D0
:103BD80019070BD5D4F88010B1F5805F00F03E824C
:103BE8008148426D22F440520A434265DA060BD5F9
:103BF800D4F89410B1F5807F00F025827A48826D60
:103C080022F440720A4382651F030ED5D4F8A0102F
:103C1800B1F5803F00F0D480B1F5003F00F0D780C7
:103C2800002900F0BA810126354658030FD5D4F88B
:103C38008420B2F5001F00F0B080B2F5401F00F0FC
:103C4800B380B2F5801F00F0A08101263546D90364
:103C580009D5E26C002A00F08681B2F5803F00F0B9
:103C68002D81012635469A0000F1D2809F035CD44D
:103C7800301E18BF0120DE0206D55B49256F0A6D8C
:103C880022F000422A430A65DD0007D55649D4F8D8
:103C9800B4500A6922F480422A430A61990206D57F
:103CA8005149A56E0A6D22F080722A430A655A00AE
:103CB80009D54D4A116921F4004111611169D4F8FF
:103CC800B85029431161002B06DA474A216DD36C9D
:103CD80023F040530B43D364BDE8F88322F08051AE
:103CE800B1F1804F3FF429AFB2F1405F3FF425AF07
:103CF800012635462CE722F48061B1F5805F3FF458
:103D08003CAFB2F5406F3FF438AF012635463FE788
:103D180022F40051B1F5004F3FF44FAFB2F5C04F58
:103D28003FF44BAF0126354652E7E26FB2F5807F8C
:103D380000F0228106D922F48071B1F5007F03D00A
:103D4800012098E7002AFBD1002DF9D1264D301E1D
:103D5800696D18BF012021F440710A436A658AE73A
:103D68003546002D40F0A4801F49606D0A6D22F091
:103D7800070202430A651BE50121201DFFF7ECFB42
:103D880023680546002D40F0DE801749E06E0A6D75
:103D980022F0405202430A65F2E5012104F12400B1
:103DA800FFF754FC23680546002D40F0DA800E49E1
:103DB800D4F884004A6D22F4401202434A6546E76B
:103DC800022104F12400FFF741FC23680546002D79
:103DD80040F0C5800449D4F8A0008A6D22F440322E
:103DE80002438A6521E700BF00440258012104F11B
:103DF8002400FFF72BFC23680546002D40F0AD801A
:103E0800AF49A06F4A6D22F0380202434A654CE67A
:103E1800022104F12400FFF719FC236800283FF46D
:103E280025AF012622E7A74F3B6843F480733B6028
:103E3800FDF770F8804606E0FDF76CF8A0EB080087
:103E4800642800F27E813B68DA05F5D5002D40F044
:103E5800A4819B4AD4F8B030116F594011F4407FC7
:103E68000BD0116F106F21F4407140F4803010674F
:103E7800106F20F4803010671167B3F5807F00F071
:103E88006E8103F44072B2F5407F00F07C818C496A
:103E98000A6922F47C520A61894AC3F30B03116F41
:103EA8000B4313672368CEE52E46C1E42E469DE4F6
:103EB8002E467DE42E4618E52E46DBE40221201D21
:103EC800FFF74AFB05462368002D53D17C49E06C77
:103ED800CA6C22F480320243CA64C4E67849CA6ACA
:103EE80042F40032CA6277E47549CA6A42F4003281
:103EF800CA6292E47249CA6A42F40032CA62AEE403
:103F08006F49CA6A42F40032CA62E4E42E465FE6A8
:103F18002E463DE66A49606CCA6C22F003020243F1
:103F2800CA648DE56649606F4A6D22F00702024354
:103F38004A65D3E56249D4F890008A6D22F00702F9
:103F480002438A65E4E52E461AE52E4600E62E462B
:103F5800ABE42E46E6E42E4602E52E46A5E52E46BF
:103F680063E62E4673E65649CA6A42F40032CA62CC
:103F7800002DABD02E4676E65148C16A41F4003197
:103F8800C162002D7FF4DCAEE0E64D49CA6A42F416
:103F98000032CA62002DE4D109E7201DFFF7DCFAE0
:103FA80005462368002DDAD114E7022104F1240024
:103FB800FFF74CFB05462368002DC6D1C0E54049F4
:103FC800CA6A42F40032CA62002D7FF438ADA1E714
:103FD8003B49CA6A42F40032CA62002DB3D1D4E622
:103FE800012104F12400FFF731FB05462368002D69
:103FF800AFD190E4012104F12400FFF727FB054627
:104008002368002DA7D1A3E4022104F12400FFF7BF
:104018001DFB05462368002D7FF47AAFB0E5022129
:1040280004F12400FFF712FB05462368002D7FF4F6
:104038006DAFC5E50221201DFFF78EFA05462368FE
:10404800002D84D12AE4022104F12400FFF7FEFAAE
:10405800236800283FF4D8AD0126D5E5022104F1F4
:104068002400FFF7F3FA236800283FF4BFAD0126C8
:10407800BCE5002104F12400FFF7E8FA23680546AF
:10408800FFF7AABB2368FFF785BB002104F12400D2
:10409800FFF7DCFA23680546FFF7BFBB002104F1F0
:1040A8002400FFF7D3FA23680546FFF7D8BB0021A1
:1040B80004F12400FFF7CAFA236805460BE400BFA1
:1040C80000440258004802580021201DFFF744FA16
:1040D8002368054645E6002104F12400FFF7B6FAF7
:1040E800236805463DE633493546CA6A42F400323C
:1040F800CA6236E602212430FFF7A8FA0646002EE7
:104108003FF43AABBEE70121201DFFF725FA05462B
:104118002368002D7FF4FBAC0CE70121201DFFF77D
:104128001BFA05462368002D7FF4D7ACFAE6012177
:10413800201DFFF711FA05462368002D7FF40DAF07
:104148005EE60326236835467DE40126FFF722BB99
:104158001848C16A41F40031C162FFF714BBFCF78B
:10416800D9FEDFF85080074641F2883904E0FCF7B1
:10417800D1FEC01B4845E4D8D8F870309B07F6D567
:10418800D4F8B0307DE60B480B4A016902EA1312F5
:1041980021F47C510A4302617EE623682E4652E4EC
:1041A800012635464CE40126354697E40126354676
:1041B800AEE400BF00440258CFFFFF0008B5FFF788
:1041C8007DF9054B054A1B6AC3F30213D35C03F060
:1041D8001F03D84008BD00BF00440258541401080A
:1041E800584B70B4996A9D6ADE6A15F47C3FC5F332
:1041F8000532DC6B5CD0C4F3CC0406F0100601F089
:10420800030106FB04F4012907EE904AB8EEE77AA9
:1042180003D0022975D000294FD007EE902ADFED90
:104228004A6AF8EEE77A9B6B86EEA76A9FED475AD3
:10423800C3F3080306EE903AF7EE005AF8EEE66A82
:10424800E7EE056A76EEA56A66EE266A3D4AB7EE9F
:10425800006A936BC3F3462307EE103AB8EEC77AA9
:1042680070BC37EE067AC6EE877AFCEEE77AC0EDC8
:10427800007A936BC3F3064307EE103AB8EEC77A99
:1042880037EE067AC6EE877AFCEEE77AC0ED017A59
:10429800936BC3F3066307EE903AF8EEE77A77EE8E
:1042A800867A86EEA77ABCEEC77A80ED027A7047E6
:1042B80070BCC0E90022826070471968890627D55A
:1042C8001C6807EE902A2249F7EE005A9B6BC4F34C
:1042D800C102F8EEE77A9FED1D5AC3F30803D140F7
:1042E80006EE903A06EE101AF8EEE66AB8EEC66ADE
:1042F800E7EE056A86EE277A76EEA56A66EE876AA5
:10430800A4E707EE902ADFED136AF8EEE77A8AE76A
:1043180007EE902A9FED105A9B6BB7EE006AF8EEF5
:10432800E77ADFED0A5AC3F30803C5EE276A07EEFA
:10433800903AF8EEE77AE7EE257A77EE867A66EE37
:10434800A76A83E7004402580024744A0000003931
:104358000090D0030024744B0024744C584B70B464
:10436800996A9D6ADE6A15F07C7FC5F305525C6C1C
:104378005CD0C4F3CC0406F4807601F0030106FB9C
:1043880004F4012907EE904AB8EEE77A03D002292F
:1043980075D000294FD007EE902ADFED4A6AF8EE73
:1043A800E77A1B6C86EEA76A9FED475AC3F30803AA
:1043B80006EE903AF7EE005AF8EEE66AE7EE056A7E
:1043C80076EEA56A66EE266A3D4AB7EE006A136C79
:1043D800C3F3462307EE103AB8EEC77A70BC37EE3F
:1043E800067AC6EE877AFCEEE77AC0ED007A136C9F
:1043F800C3F3064307EE103AB8EEC77A37EE067AEB
:10440800C6EE877AFCEEE77AC0ED017A136CC3F347
:10441800066307EE903AF8EEE77A77EE867A86EE4C
:10442800A77ABCEEC77A80ED027A704770BCC0E903
:104438000022826070471968890627D51C6807EE34
:10444800902A2249F7EE005A1B6CC4F3C102F8EE19
:10445800E77A9FED1D5AC3F30803D14006EE903A60
:1044680006EE101AF8EEE66AB8EEC66AE7EE056AD6
:1044780086EE277A76EEA56A66EE876AA4E707EEE7
:10448800902ADFED136AF8EEE77A8AE707EE902ABA
:104498009FED105A1B6CB7EE006AF8EEE77ADFED75
:1044A8000A5AC3F30803C5EE276A07EE903AF8EEF6
:1044B800E77AE7EE257A77EE867A66EEA76A83E7EB
:1044C800004402580024744A000000390090D003C8
:1044D8000024744B0024744C584B70B4996A9D6A3C
:1044E800DE6A15F47C7FC5F305125C6B5CD0C4F3FF
:1044F800CC0406F0010601F0030106FB04F40129CF
:1045080007EE904AB8EEE77A03D0022975D0002961
:104518004FD007EE902ADFED4A6AF8EEE77A1B6B78
:1045280086EEA76A9FED475AC3F3080306EE903A52
:10453800F7EE005AF8EEE66AE7EE056A76EEA56A47
:1045480066EE266A3D4AB7EE006A136BC3F346234C
:1045580007EE103AB8EEC77A70BC37EE067AC6EEA8
:10456800877AFCEEE77AC0ED007A136BC3F3064353
:1045780007EE103AB8EEC77A37EE067AC6EE877AB3
:10458800FCEEE77AC0ED017A136BC3F3066307EE1E
:10459800903AF8EEE77A77EE867A86EEA77ABCEE5E
:1045A800C77A80ED027A704770BCC0E90022826049
:1045B80070471968890627D51C6807EE902A224992
:1045C800F7EE005A1B6BC4F3C102F8EEE77A9FEDD1
:1045D8001D5AC3F30803D14006EE903A06EE101AAE
:1045E800F8EEE66AB8EEC66AE7EE056A86EE277A5E
:1045F80076EEA56A66EE876AA4E707EE902ADFEDF5
:10460800136AF8EEE77A8AE707EE902A9FED105AC8
:104618001B6BB7EE006AF8EEE77ADFED0A5AC3F3D0
:104628000803C5EE276A07EE903AF8EEE77AE7EE58
:10463800257A77EE867A66EEA76A83E70044025801
:104648000024744A000000390090D0030024744B01
:104658000024744CB0F5807F00B585B048D0B0F523
:10466800007F11D0B0F5806F00F08280B0F5006F48
:1046780052D0B0F5805F2CD0B0F5002F00F09680B6
:10468800002005B05DF804FB534A136D03F4E07392
:10469800802B59D012D9C02B26D0B3F5807FEFD10B
:1046A800D36C13F040535BD0B3F1805F00F08D8082
:1046B800B3F1005F494818BF0020E2E7002B3CD067
:1046C800402BDDD101A8FFF78BFD019805B05DF8FF
:1046D80004FB414A136D03F4E043B3F5005F33D0A4
:1046E80029D9B3F5405F58D13D4805B05DF804FBC2
:1046F800394B1B6D03F00703042BC1D801A252F8F4
:1047080023F000BF43470008CD4600085147000882
:10471800F14600085F4700082F4A936D03F0E063F5
:10472800B3F1007F10D01DD9B3F1407FDCD0B3F1D5
:10473800806FB5D0A4E7002B34D101A8FFF7CCFED9
:10474800029805B05DF804FB01A8FFF707FE019881
:1047580005B05DF804FB204BDB6C13F04053A3D18C
:1047680020488EE7002BE8D0B3F1807FAAD087E7F6
:10477800194A936D03F46003B3F5800FE4D005D8AC
:10478800002BDAD0B3F5001F9CD079E7B3F5C00F42
:10479800AAD0B3F5000F83D072E7B3F5804F3FF48A
:1047A8007FAF6DE7B3F5805F8CD069E70A4A936DF8
:1047B80003F44033B3F5803F09D0B3F5003F3FF42D
:1047C8006FAF002B7FF45CAF7CE7074859E701A87F
:1047D800FFF7C4FD039854E7004402580024F4008E
:1047E8000080BB000090D00300093D0008B5FEF72B
:1047F800ABFC064B06499B69064AC3F30323CB5C13
:1048080003F01F03D840106008BD00BF00440258E1
:104818005414010844020024084604F001B900BFFA
:10482800143001F069BA00BF38B500F11405044628
:104838002DED028B284601F01BFA284601F014FAE8
:104848002846B0EE408A01F0FDF9D0ED007AF8EE86
:10485800677A88EE277ABDEC028B84ED0E7A38BD34
:1048680038B500F1140504462DED028B284601F0F9
:10487800EDF9284601F0F8F92846B0EE408A01F033
:10488800E1F9D0ED007AF8EE677A88EE277ABDEC88
:10489800028B84ED0E7A38BD253001F079BF00BF58
:1048A80010B540F203338EB000244FF60B7240F27D
:1048B8000341ADF8083009A80123ADF81020ADF880
:1048C80024202246ADF80C100094029907940C9409
:1048D800CDE90544CDE90A4401F082FD04A801238D
:1048E80022460399009401F07BFD09A801F05EFEC1
:1048F80010B901200EB010BD04A801F057FEA04267
:104908000CBF022020460EB010BD00BF2DE9F041BB
:1049180003239AB0012700240646CDE914373B4B00
:10492800CDE9104340F20453CDE91647ADF84830BD
:10493800FFF7B6FFB842054625D0022845D040F615
:104948000132334B0DF12C081894ADF82C200B983C
:104958001997CDF84A3000F0E3F810A906F13C00A9
:1049680002F05EFE302003224FF07E5341460D9345
:104978000E93CDE90B02F26B06F1140001F02AF94F
:104988001AB0BDE8F0811023214A06A906908DF8D7
:1049980028300DF12C081F4BCDF84A2007930294BC
:1049A800CDE91804CDE9080402A802F071F808233B
:1049B800029A03A94046ADF80C508DF80E400495B4
:1049C80005930B9400F0ECF8C7E700200121104B89
:1049D8000DF12C083A460094CDF84A304FF60B7387
:1049E8000C94ADF82C302346CDE9180140F601317E
:1049F8004046ADF818100699CDE90D4401F0F0FCD9
:104A08002146404601F0DEFDA7E700BF040204048A
:104A1800040604030704010B2DE9F04704462DEDB5
:104A2800028B82B000294DD0012140F201120023EF
:104A38000091ADF804208DF80630364A0127364B30
:104A480004F10409354904F12908626040F2027250
:104A5800A36040F60663E16004F1250AA4F8252066
:104A6800A4F82930278284F8277084F82B7004F082
:104A780073F9054603F0D6FF6946064650BB4DB3A9
:104A880004F130008DF8067004F0EEF8072D3CD1E3
:104A980004F114052046FFF739FF284601F0E4F831
:104AA8002846B0EE408A01F0CDF8D0ED007AF8EE55
:104AB800677A88EE277A84ED0E7A02B0BDEC028B15
:104AC800BDE8F08740F2011300918DF80610ADF8AB
:104AD8000430B2E704F1300004F0C6F8072D11D015
:104AE8004946204602F01CFA0EB9002DD0D1504696
:104AF80001F072FD404601F06FFD04F1120000F074
:104B080079F9C5E7002EF2D1C2E74946204602F0FE
:104B180007FABDE70508050905070506050A06069B
:104B280010B584B003460124ADF8040003A8ADF81D
:104B38000C30ADF80E4001F04FFD214603A801F0FE
:104B480027FE204603F06CFF002103A801F020FE99
:104B5800204603F065FF214603A801F019FE04B0C2
:104B680010BD00BF10B5C2F3002384B00C46017C11
:104B78008DF80D2043EA4402FA2402238DF80C2014
:104B880003AA009402F01AF818B10124204604B0D0
:104B980010BD04460A2003F043FF204604B010BDB0
:104BA800034670B543F8042B044684B007C983E86C
:104BB8000700A37983B91A210B461E22FA2523740C
:104BC8002046ADF80C20022303AA009501F0F6FF59
:104BD80028B1012004B070BD1B210B46EDE70A2067
:104BE80003F01EFF4FF4B85200950223ADF80C20D5
:104BF800204603AA217C01F0E1FF0028E9D10A2020
:104C080003F00EFF41F2027200950223ADF80C206A
:104C1800204603AA217C01F0D1FF0028D9D10A201F
:104C280003F0FEFE042200950223ADF80C20204676
:104C380003AA217C01F0C2FF0028CAD10A2003F090
:104C4800EFFE062200950223ADF80C20204603AAA9
:104C5800217C01F0B3FF0028BBD10A2003F0E0FE5D
:104C680041F2082200950223ADF80C20204603AA41
:104C7800217C01F0A3FF0028ABD10A20064603F0EF
:104C8800CFFE0095022303AA217C2046ADF80C60D4
:104C980001F094FF00289CD1304603F0C1FE009536
:104CA80022790C232046002A8DF80C3003AA4FF0F5
:104CB800020314BF622142218DF80D10217C01F0FE
:104CC8007DFF002885D1304603F0AAFE2279D4E979
:104CD80002310B43DBB20AB943F0400362790AB1EF
:104CE80043F020030E22FA258DF80D30204600955A
:104CF80002238DF80C2003AA217C01F05FFF002815
:104D08007FF467AF0A2003F08BFE10220095022380
:104D1800ADF80C20204603AA217C01F04FFF0028A3
:104D28007FF457AF0A2003F07BFE1221009502237F
:104D3800ADF80C1003AA217C204601F03FFF0028A3
:104D48007FF447AF0A2003F06BFE012209212046B9
:104D5800FFF708FF003818BF01203BE7F0B5102324
:104D680087B0234C012200250126002702A92046EE
:104D78000195CDE902234FF48052CDE9046707F08D
:104D8800BDF86420FCF7CCF802A94FF48052204605
:104D9800CDE9046702261027CDE9026707F0AEF8CF
:104DA8000322102302A92046CDE90223002304226E
:104DB800CDE904234FF4805207F0A0F840F23223E3
:104DC800042202A9019310232046CDE90223019A67
:104DD800012305924FF48052049307F08FF840F6B0
:104DE8000601204607F0AAF8284607B0F0BD00BF24
:104DF800680400241C4B00221C494FF0400C30B5BD
:104E0800054689B00220596007219A601A62012478
:104E1800DA620A224FF4006EDC6006922022CDE9A5
:104E2800000104200821CDE9020103201021CDE969
:104E3800040108206946C3E904024FF4C072181D32
:104E4800C3E906C24FF48052C3E909E207F02CF81F
:104E580038B92846FFF782FF003818BF012009B08B
:104E680030BD204609B030BD6404002440410052E2
:104E7800614A0021D0B513688EB00A91002B40F02A
:104E8800B9805E4B01214FF683700C24116002211A
:104E9800D3F8D4200026032742F48052C3F8D42044
:104EA800D3F8D42002F480520092009AD3F8E0207C
:104EB80042F01002C3F8E020D3F8E02002F010021C
:104EC8000192019AD3F8E02042F04002C3F8E020B2
:104ED800D3F8E02002F040020292029AD3F8E020D0
:104EE80042F00802C3F8E020D3F8E02002F00802FC
:104EF8000392039AD3F8E02042F48072C3F8E020CA
:104F0800D3F8E02002F480720492049AD3F8E020E7
:104F180042F08002C3F8E020D3F8E02002F08002DB
:104F28000592059AD3F8E02042F02002C3F8E02069
:104F3800D3F8E02002F020020692069AD3F8E02087
:104F480042F00402C3F8E020D3F8E0300C9403F0F8
:104F5800040307930323079A0B93CDE9080108A9D3
:104F6800274804F035F948F23712022308A92548E2
:104F78000C94CDE90823CDE90A6704F029F94CF22D
:104F88000372022308A920480C94CDE90823CDE92F
:104F98000A6704F01DF940F2FF62022308A91B48C2
:104FA8000C94CDE90823CDE90A6704F011F94FF60E
:104FB8000C72022308A916480C94CDE90823CDE900
:104FC8000A6704F005F94FF63F02022308A91148C1
:104FD8000C94CDE90823CDE90A6704F0F9F82022FA
:104FE800022308A90A480C94CDE90A67CDE90823E9
:104FF80004F0EEF80EB0D0BD60040024004402585E
:105008000010025800180258000C025800200258DC
:10501800001C0258001402582DE9F04FDFF81084E4
:1050280006460D46144608F118002DED028B89B08E
:1050380000AF02F0EDFBD8F8183073B3D8F81C3085
:10504800D8F80490002B43690BBF4FF0080A4FF0C3
:10505800100A4FF0020B4FF0040BB9F1000F2AD0E1
:10506800A200EA46012B02F1070222F00702ADEB8B
:10507800020D6846ADEB020D694600F03F81022B38
:1050880000F0D680002B6FD02246C847D54624377B
:10509800BD46BDEC028BBDE8F08FD8F81C30002B64
:1050A800F5D0D8F804904FF0080A4FF0020B436986
:1050B800B9F1000FD4D1FB61D8F80030BB61002BE7
:1050C800E5D0D54802F016FC6B46BBF1020F7861BB
:1050D80008EE103AFB6900F083816A465146A2EB5C
:1050E800C40295466200EA46B2FBFBF2AAEBC40092
:1050F80085460AEB8200EE46F861ADEB010DF869D2
:105108000EEB820CC7F810C0EC46ADEB010D00EBBE
:105118008201CCF80400CCF8081001EB8201386950
:10512800E946CCF80C1000EB8201CCF800A001EBAA
:105138008202C9E900E0C9E90212012B00F0648388
:10514800022B00F06C82002B00F080816208494637
:105158006046BB69984718EE103A24379D46BD460D
:10516800BDEC028BBDE8F08F002C8DD01A46D8ED2F
:105178000C6A9FEDB27A8446331D36F922E00CF1B1
:10518800080C07EE90EA33F922E00232F8EEE77AEB
:10519800944267EE877A67EEA67A4CED027A07EEBC
:1051A80090EAF8EEE77A67EE877A67EEA67A4CED32
:1051B800017AE2D8F9612246C847984ED8ED0D6ABF
:1051C8000020F9692B1D9FED9E7A9FED9E6ADFED09
:1051D8009E5A22E0F4EEC67AF1EE10FAC0F2C884C4
:1051E80047F6FE72D1ED017A45F8202066EEA77ADF
:1051F800F4EEC77AF1EE10FA40F2F080F4EEC67AD7
:10520800F1EE10FAC0F2D58447F6FE7243F820207A
:105218000230083184427FF639AFD1ED007A66EE6C
:10522800A77AF4EEC77AF1EE10FAD3D83246D9E766
:10523800002C3FF429AFD8ED0C6A84469FED787AAC
:105248000022331D8E4656F822100CF1080C07EE8A
:10525800901A53F822100232F8EEE77A944267EE79
:10526800877A67EEA67A4CED027A07EE901AF8EE86
:10527800E77A67EE877A67EEA67A4CED017AE2D88C
:1052880071462246C7F81CE0C847664ED8ED0D6A3D
:105298000020F9692B1D9FED6A7A9FED6A6ADFF895
:1052A80094C120E0F4EEC67AF1EE10FAC0F27984E7
:1052B8003246D1ED017A45F8202066EEA77AF4EE61
:1052C800C77AF1EE10FA40F28780F4EEC67AF1EE72
:1052D80010FAC0F25E84324643F8202002300831CA
:1052E80084427FF6D3AED1ED007A66EEA77AF4EE6B
:1052F800C77AF1EE10FAD5D86246DAE7002C3FF407
:10530800C3AED8ED0C6A86469FED477A4FF0000C85
:10531800331D56F82C200EF1080E82F40002A2F577
:10532800000207EE902A53F82C200CF1020CF8EE3C
:10533800E77A82F400026445A2F5000267EE877AF4
:1053480067EEA67A4EED027A07EE902AF8EEE77A33
:1053580067EE877A67EEA67A4EED017AD9D8F961B9
:105368002246C847314ED8ED0D6A0020F9692B1D39
:105378009FED337A9FED336ADFF8BCC01FE0F4EE8F
:10538800C67AF1EE10FAC0F2FC833246D1ED017A0A
:1053980045F8202066EEA77AF4EEC77AF1EE10FA07
:1053A80018D9F4EEC67AF1EE10FAC0F2DA83324672
:1053B80043F820200230083184427FF667AED1EDF1
:1053C800007A66EEA77AF4EEC77AF1EE10FAD6D82C
:1053D8006246DBE76246EBE762467DE7324615E761
:1053E800A100D6466208073121F00701ADEB010D97
:1053F800EA46ADEB010D6946ADEB0E0D0AEB8200F6
:10540800EC46ADEB0E0D01EB8202F861E946CCE902
:1054180000A0C9E9001290E6B80400240280FFFF4A
:10542800000000300082FF7F0000003482FF7F0010
:105438009C040024007E00807E0080FF000000386D
:1054480004FF7FBF04FF7F3F00FEFF46002C00F0F3
:10545800C982BBF1020FD8F8242000F0FA827969DA
:10546800C7F8049002EB810E5FED0C5A8A00DCF855
:1054780008100EF104007A611A46DCF80C303B6122
:10548800331DD7F810903D61FD69C7E902CB8C4602
:10549800834636F92210D8ED0C7A06EE101A33F945
:1054A800221006EE901A3EF92210B8EEC66A07EEF0
:1054B800101AF8EEE66A3BF92210B8EEC77A26EE23
:1054C800256A66EEA56A27EE257A26EE276A66EE35
:1054D800A76A27EE277A07EE901A51080232F8EEEB
:1054E800E77A0AEB8100944280ED006A05EB8100BF
:1054F80067EEA57AC0ED006A0CEB810009EB81012B
:1055080080ED007A98ED0C7A67EE877AC1ED007A23
:10551800BFD8D7F804903D69D7E902CB6046620846
:10552800BB6949469847D8F82C307A69D8ED0D6A96
:105538001A441FED3D7A1FED3D6A2B1D904602F17E
:10554800040A5FED3F5A0022A84ED9E900EC51E069
:10555800F4EEC67AF1EE10FAC0F2C78247F6FE7092
:1055680045F822000CEB0100D0ED007A66EEA77A30
:10557800F4EEC77AF1EE10FA4BD9F4EEC67AF1EEF2
:1055880010FAC0F2BA8247F6FE70BBF1020F43F878
:1055980022002BD0D9F808000844D0ED007A66EE36
:1055A800A77AF4EEC77AF1EE10FA36D9F4EEC67A95
:1055B800F1EE10FAC0F2CD8247F6FE7048F82200EC
:1055C800D9F80C000144D1ED007A66EEA77AF4EE22
:1055D800C77AF1EE10FA1ED9F4EEC67AF1EE10FA97
:1055E800C0F2AF8247F6FE714AF8221002329442A6
:1055F8007FF6B1AD51080EEB81008900D0ED007A3D
:1056080066EEA77AF4EEC77AF1EE10FAA0D8304623
:10561800A6E73046B9E73146E6E73046CEE7002C44
:1056280000F0E081BBF1020FD8F8243000F0E181EE
:105638007A69DCF8081003EB820EC7F8049093002F
:10564800DFED6B5A0EF1040000227B61DCF80C30B0
:105658003B61331DD7F810903D61FD69C7E902CB66
:105668008C46834656F82210D8ED0C7A07EE101AAD
:1056780053F82210B8EEC76A07EE101A5EF8221027
:10568800F8EEC76A07EE101A26EE256A5BF82210B4
:10569800B8EEC77A66EEA56A26EE276A27EE257A5F
:1056A80066EEA76A27EE277A07EE901A51080232AB
:1056B800F8EEE77A0AEB8100944280ED006A05EB88
:1056C800810067EEA57AC0ED006A0CEB810009EB5A
:1056D800810180ED007A98ED0C7A67EE877AC1ED4A
:1056E800007ABFD8D7F804903D69D7E902CB604665
:1056F8006208BB6949469847D8F82C307A69D8EDD2
:105708000D6A1A449FED3E7A9FED3E6A131D92463C
:10571800DFF8E4C00022FB612B1D364ED9E9008E6C
:105728004EE0F4EEC67AF1EE10FAC0F2FC81304693
:1057380045F822000EEB0100D0ED007A66EEA77A5C
:10574800F4EEC77AF1EE10FA49D9F4EEC67AF1EE22
:1057580010FAC0F2EF813046BBF1020F43F8220085
:105768002AD0D9F808000844D0ED007A66EEA77A66
:10577800F4EEC77AF1EE10FA35D9F4EEC67AF1EE06
:1057880010FAC0F2C98130464AF82200D9F80C0054
:105798000144D1ED007A66EEA77AF4EEC77AF1EE0D
:1057A80010FA1ED9F4EEC67AF1EE10FAC0F2AD8105
:1057B8003146F86940F82210023294427FF6CBACA9
:1057C800510808EB81008900D0ED007A66EEA77ACF
:1057D800F4EEC77AF1EE10FAA3D86046A8E760465F
:1057E800BAE76146E5E76046CEE700BF0280FFFF03
:1057F800000000300082FF7F007E0080000000343F
:1058080004FF7FBF04FF7F3F002C00F0EB807A6924
:105818000021D8F82430C7F8109003EB820ED7F88F
:105828001C909300FD610EF104021FED0C6A7B6170
:10583800331D154656F821204808D8ED0C6ABBF1EF
:10584800020F82F40002A2F5000207EE902A53F834
:10585800212082F40002B8EEE77AA2F5000227EED2
:10586800067A07EE902A0AEB8002F8EEE77A27EE2E
:10587800267A67EE867A82ED007A09EB80024FEA93
:10588800800067EEA67AC2ED007A27D05EF8212064
:1058980082F40002A2F5000207EE902A55F82120B2
:1058A80082F40002B8EEE77AA2F5000227EE067A43
:1058B80007EE902ADCF80820F8EEE77A024427EE93
:1058C800267A67EE867A82ED007A98ED0C7ADCF813
:1058D8000C2067EE877A0244C2ED007A02318C42CE
:1058E800A8D8D7F8109060466208BB694946FD6998
:1058F8009847D8F82C307A69D8ED0D6A1A441FED0C
:10590800407A1FED406A131D9246DFF8C4C2002298
:10591800FB612B1DAB4ED9E9008E4EE0F4EEC67A42
:10592800F1EE10FAC0F2C580304645F822000EEBC1
:105938000100D0ED007A66EEA77AF4EEC77AF1EEB0
:1059480010FA49D9F4EEC67AF1EE10FAC0F2BF8027
:105958003046BBF1020F43F822002AD0D9F80800DC
:105968000844D0ED007A66EEA77AF4EEC77AF1EE35
:1059780010FA35D9F4EEC67AF1EE10FAC0F2AE801C
:1059880030464AF82200D9F80C000144D1ED007ADB
:1059980066EEA77AF4EEC77AF1EE10FA1ED9F4EEA5
:1059A800C67AF1EE10FAC0F28B803146F86940F8F9
:1059B8002210023294427FF6CEAB510808EB8100E8
:1059C8008900D0ED007A66EEA77AF4EEC77AF1EE98
:1059D80010FAA3D86046A8E76046BAE76146E5E74B
:1059E8006046CEE7224649466046BB699847FFF7BE
:1059F800B2BBC7F810B0002298ED0C6A331DDFED7A
:105A0800726AD7F81CB0786956F8221007EE901A17
:105A180053F82210B8EEE77A07EE901A51080232CE
:105A2800F8EEE77A27EE267A0AEB810E94420BEB22
:105A3800810167EEA67A27EE067A67EE867A8EED02
:105A4800007AC1ED007ADFD88300D7F810B07B6107
:105A58004DE61A46C7F810B098ED0C6A331DDFED15
:105A68005B6AD7F81CB0786936F9221007EE101A6D
:105A780033F9221007EE901AB8EEC77A51080232AD
:105A8800F8EEE77A27EE267A0AEB810E94420BEBC2
:105A9800810167EEA67A27EE067A67EE867A8EEDA2
:105AA800007AC1ED007ADFD88300D7F810B07B61A7
:105AB80034E5F0EE675AFEEEE45A15EE900A34E744
:105AC800F0EE675AFEEEE45A15EE901A6EE7F0EE25
:105AD800675AFEEEE45A15EE900A3AE7F0EE675A76
:105AE800FEEEE45A15EE900A4BE767EEA57AFDEE56
:105AF800E77A17EE900A00B232E567EEA57AFDEE76
:105B0800E77A17EE900A00B23FE5F0EE675AFEEE2C
:105B1800E05A15EE901A4CE6F0EE675AFEEEE05A9F
:105B280015EE900A30E6F0EE675AFEEEE05A15EEF2
:105B3800900AFDE5F0EE675AFEEEE05A15EE900A7F
:105B48000AE667EEA57AFDEEE77A17EE901A09B233
:105B58004AE567EEA57AFDEEE77A17EE900A00B2FD
:105B68002CE5F0EE675AFEEEE45A15EE902A1FE493
:105B780067EEA57AFDEEE77A17EE902A12B2FFF7E4
:105B880031BBF0EE675AFEEEE45A15EE902AFFF7A5
:105B9800FDBBF0EE675AFEEEE05A15EE902AFFF7CD
:105BA8009BBBF0EE675AFEEEE05A15EE902AFFF71F
:105BB80080BB67EEA57AFDEEE77A17EE902A12B25F
:105BC800FFF724BB82FF7F00000000300000003890
:105BD8007E0080FF30B5184C154685B0046004F18E
:105BE800080EEC460FC98EE80F00D4ED047AF5EEE6
:105BF800C07A8CE80F00F1EE10FA1ADDB7EE006AF1
:105C080094ED057A27EE277AC6EE276A84ED0D7A99
:105C1800C4ED0C6A6DB1204640F8185F01F0F8FD3C
:105C2800064903690020064A2162A262E36005B0C2
:105C380030BD012005B030BD9C0400240020003098
:105C48000000003000680830704700BFB1F5807F61
:105C580003680A4628BF4FF48072B1F5807F9A60C6
:105C680094BF0020012070470068183001F030BE52
:105C780070B504688AB0A369E160CBB104F1180576
:105C8800284601F0C5FD8446EE46E668BCE80F00EC
:105C9800AEE80F00BCE80F00AEE80F009CE8030078
:105CA8008EE8030069462846049601F0B9FCF8B965
:105CB800E069D8B104F11C05284601F0A9FD844625
:105CC800EE46E468BCE80F00AEE80F00BCE80F0041
:105CD800AEE80F009CE803008EE8030069462846FA
:105CE800049401F09DFC003818BF01200AB070BD73
:105CF80001200AB070BD00BF30B5046883B00D46FE
:105D0800E3694BB1A3680020E26A616A9B000090D6
:105D180004F11C0001F07EFDA3680748A26A9B00FD
:105D2800216A009004F1180001F074FD0020C4E914
:105D3800005003B030BD00BF2150000810B4074B1D
:105D48004FF07E5130240022032019619C60D860F6
:105D58005DF8044B5961C3E9062270479C0400248E
:105D680000B583B04FF0000E4FF0030C4274ADF84D
:105D78000410BDF8043080F810E0A0F802C00380D9
:105D880003B05DF804FB00BF2DE9F04FDFF81C837A
:105D980000258DB0C04C037008F1400342600746EF
:105DA80001920E46202229464046C4F86831C4F8BC
:105DB8006481CDE90255CDE90455CDE90655CDE913
:105DC8000855CDE90A550BF0A5FA2022294604F515
:105DD800A170C4F83151C4F83551C4F83951C4F828
:105DE8003D510BF097FA019B84F8485284F8303102
:105DF8007A68002A6AD02B4604F59871454606F160
:105E0800100A9E46F01856F803B0E2180EF1010E7B
:105E1800D0F80CC0D0F80490D0F8088044F803B04B
:105E2800C2F80CC04FF0000CC2F80490C2F8088009
:105E3800008A25F802CB10821AF8032001F8012FF6
:105E4800002A70D07A684FF001001233724584F846
:105E58004802D7D84FF4802290489DF80430082192
:105E68004FF000084FF00009C4F884310023C4E95A
:105E78005B020122C4F8743184F88031C4E95E21E0
:105E880094F84812C4E96489A9B3C4F89821002297
:105E980084F8813184F888313B78C4E96722002B83
:105EA80038D0012200200121013B84F8A421C4E953
:105EB8006C01082B30D8DFE813F0BD00C200C70022
:105EC800CC00D100D600DB00E100E8009DF80430EA
:105ED8000121C4F87421C4F884314FF4802384F874
:105EE80080216E4AC4E95B2308230022C4E95E13BB
:105EF8000023C4E964230123002284F881310023AC
:105F080084F888310323C4F898313B78C4E96722C0
:105F1800002BC6D184F8A4316148FBF739FC03464D
:105F280038B1FFBEFEE77A68123372453FF66AAFB2
:105F380090E702A95A480293FBF788FD8246002899
:105F480076D1042240F2FF710A90CDE9081294F844
:105F58003021002A00F0F3804FF006080AEBCA034C
:105F68004FEACA0904EB43035B7C072B07D8DFE839
:105F780003F0595C5653504D4A04072307930FFA10
:105F88008AF6D14406EBC60604EB490904EB46073A
:105F98007500384600F020FB99F81030042B00F308
:105FA800AA80022B00F3BD8000F0B98004EB0A033D
:105FB800002283F8202114F81630002B78D0022B09
:105FC80000F08A80012B40F0B2807B78012B00F032
:105FD800B080002B334B18BF002305A93048CDE90A
:105FE8000538FBF701F8002840F0AC800AF1010AF7
:105FF80094F830315FFA8AFA534540F2A0802A4B70
:1060080053F82A80AAE706230793B8E705230793DE
:10601800B5E704230793B2E703230793AFE7022307
:106028000793ACE700230793A9E701230793A6E7A3
:10603800FFBEFEE703224023C4E96A236CE7072278
:106048006023C4E96A2367E70F228023C4E96A232F
:1060580062E71F22A023C4E96A235DE73F22C02329
:10606800C4E96A2358E77F22E023C4E96A2353E797
:10607800FF224FF48073C4E96A234DE740F2FF1210
:106088004FF49073C4E96A2346E740F2FF324FF4B5
:10609800A073C4E96A233FE7D80400240020024023
:1060A800440600240002B025A41301080040003073
:1060B8007B78062B37D0072B3DD0022B4AD0032BF9
:1060C8004AD0002B4CD0012B48D0042B4AD0052BAA
:1060D800254B18BF002380E77B78042B25D0052BA0
:1060E8002BD08BB3012B31D0022B31D0032B1F4B7C
:1060F80018BF002371E70323043504EB0A0B4FF0A4
:10610800000925448BF82031284609F1010900F0DF
:1061180063FA9BF8203104354B45F5DC4BE7012346
:10612800EAE70223E8E7124B57E7124B55E700234B
:1061380053E7114B51E7114B4FE7114B4DE70DB0AA
:10614800BDE8F08FFFBEFEE70E4B46E70E4B44E777
:106158000E4B42E70E4B40E70E4B3EE70E4B3CE73B
:106168000E4B3AE70E4B38E70000B84F0020903648
:106178000800900C1000C0102000F0148000501D82
:10618800000180210004002A0008302E001060322F
:106198000040C03A0080F03E000052470000214312
:1061A8000000844B38B5094C40F2FF724FF00111E2
:1061B80004F5B6752846FBF7F7FB94F83021D4F8B8
:1061C80064112846BDE83840FBF762B9D8040024BA
:1061D800064B0F29D3F8643198BF03EB41031B88A2
:1061E80000EE103ABBEEC80A704700BFD80400247E
:1061F800214B02689A4200D07047204A0023204869
:10620800D2F8D81030B51F4C41F0200183B0C4F843
:10621800D001092004F5E875C4E975034FF48060DE
:10622800C2F8D810D2F8D8204FF40061C4E977300A
:1062380094F8480202F02002C4F8E4114FF4005127
:10624800984201922846C4F8E811C4E97C33019BBE
:1062580014BF00234FF48073C4F8EC31FBF71CFE25
:1062680008B1FFBEFEE704F5B673C4F8B851C4F828
:10627800083203B030BD00BF00200240004402587D
:1062880040000240D80400240148FCF77DB900BF53
:10629800A806002402682DE9F84F4B4B9A4201D01A
:1062A800BDE8F88F494D95F84832002BF8D095F89D
:1062B8003031002B77D0002405F10C0905F5A176C3
:1062C80005F59877A04613E003F0010117F811BC13
:1062D800A9F1080000F05CFABBF1010F25D895F888
:1062E8003031013409F112090236A2B293422BD996
:1062F80017F8012F002AF4D0D5F86431002132783C
:1063080033F81400D5F8683103EB041323F81200AE
:10631800338801339BB233805FFA83FA3A789A4222
:10632800D2D88A46A6F80080D0E7CAF34001A9F17E
:10633800040000F02DFABBF1020FCAF38001CED0A1
:10634800484600F025FACAE7002395F84802204994
:1063580009229842C5F8D8314FF48060C5F8D011A9
:10636800C5F8D4214FF400614FF40052C5F8DC3170
:1063780008BF4FF48073C5F8E821C5E97801002209
:106388001448C5E97B32C5F8F421FBF785FD08B14F
:10639800FFBEFEE795F83021D5F864110E48BDE838
:1063A800F84FFBF775B80A4909224FF48060C5F821
:1063B800D831C5E974124FF400614FF40052C5E9B1
:1063C8007730C5E97912DAE700200240D8040024C2
:1063D80040000240A806002444060024704700BF7D
:1063E80010B592B0ADF804100180C9B2149C0B2905
:1063F800C460C0E901233FD090F801C0BCF10F0F81
:106408003AD8022A3FD0032A02D0012A00D000221B
:106418000E92012B02D0022B18BF0023022C0F93DF
:106428002CD0032C2AD0012C28D000230A29109321
:1064380027D85C4A02EB812202610A2914D8DFE8D6
:1064480001F0A39587796B5D4F4133250600564BC4
:10645800D3F8E01041F48061C3F8E010D3F8E030DD
:1064680003F480630C930C9B01230DA9104603FAD7
:106478000CF30D9302F0ACFE12B010BD0A29109473
:10648800D7D90022D8E711220E92C2E7464BD3F89B
:10649800E01041F40071C3F8E010D3F8E03003F4E1
:1064A80000730B930B9BDFE73F4BD3F8E01041F4ED
:1064B8008071C3F8E010D3F8E03003F480730A93D6
:1064C8000A9BD1E7384BD3F8E01041F08001C3F8BC
:1064D800E010D3F8E03003F080030993099BC3E789
:1064E800314BD3F8E01041F04001C3F8E010D3F885
:1064F800E03003F040030893089BB5E72A4BD3F834
:10650800E01041F02001C3F8E010D3F8E03003F0C8
:1065180020030793079BA7E7234BD3F8E01041F02C
:106528001001C3F8E010D3F8E03003F0100306932D
:10653800069B99E71C4BD3F8E01041F00801C3F81B
:10654800E010D3F8E03003F008030593059B8BE7D0
:10655800154BD3F8E01041F00401C3F8E010D3F86C
:10656800E03003F004030493049B7DE70E4BD3F85B
:10657800E01041F00201C3F8E010D3F8E03003F076
:1065880002030393039B6FE7074BD3F8E01041F036
:106598000101C3F8E010D3F8E03003F001030293DF
:1065A800029B61E7000002580044025808B5012127
:1065B80043780069994089B203F012F8003818BF8F
:1065C800012008BD01230A464178006903FA01F158
:1065D80089B203F00BB800BF8378022B30B50446AC
:1065E8008FB037D0032B33D0012B31D000230A933F
:1065F800E378012B2AD0022B28D000230B93002309
:1066080020460C9302F02CFD0546204602F030FD92
:1066180023780990082B13D8DFE803F01F32455878
:106628006B7E91A40500594BD3F8E02042F48072A8
:10663800C3F8E020D3F8E03003F480730893089B94
:1066480009A9284602F0C4FD0FB030BD0B93D6E768
:106658000A93CDE711230A93CAE74C4B09A92846A8
:10666800D3F8E02042F00102C3F8E020D3F8E0308C
:1066780003F001030093009B02F0AAFD0FB030BDA8
:10668800424B09A92846D3F8E02042F00202C3F899
:10669800E020D3F8E03003F002030193019B02F0FD
:1066A80097FD0FB030BD394B09A92846D3F8E02033
:1066B80042F00402C3F8E020D3F8E03003F004030A
:1066C8000293029B02F084FD0FB030BD2F4B09A945
:1066D8002846D3F8E02042F00802C3F8E020D3F8B7
:1066E800E03003F008030393039B02F071FD0FB041
:1066F80030BD264B09A92846D3F8E02042F0100205
:10670800C3F8E020D3F8E03003F010030493049BAF
:1067180002F05EFD0FB030BD1C4B09A92846D3F826
:10672800E02042F02002C3F8E020D3F8E03003F084
:1067380020030593059B02F04BFD0FB030BD134BB2
:1067480009A92846D3F8E02042F04002C3F8E02027
:10675800D3F8E03003F040030693069B02F038FDBF
:106768000FB030BD094B09A92846D3F8E02042F004
:106778008002C3F8E020D3F8E03003F080030793E9
:10678800079B02F025FD0FB030BD00BF0044025842
:1067980070B506460D4602F063FC0446304602F02A
:1067A80067FC2A1E0146204618BF0122BDE870403A
:1067B80002F01CBF0023122270B586B0CDE9022377
:1067C80004930368032B01D804230593061D841D35
:1067D800304602F045FC0546304602F049FC0346C7
:1067E80001A92846019302F0F3FC204602F038FC88
:1067F800034620461C4602F03BFC01A903462046FE
:10680800019302F0E5FC06B070BD00BF634A03685F
:10681800934210B58CB028D0614A934258D0614A4F
:10682800934200F09480604A934201D00CB010BDAE
:106838005E4C5F48D4F8E03043F00203C4F8E0301F
:10684800D4F8E03003F002030A930A9BFFF7B2FF83
:10685800D4F8F43043F08003C4F8F430D4F8F430BA
:1068680003F080030B930B9BE0E7504C5148D4F89E
:10687800E03043F00203C4F8E030D4F8E03003F02D
:1068880002030193019BFFF795FFD4F8E83000223B
:106898001F2043F400131146C4F8E830D4F8E83058
:1068A80003F400130293029BD4F8D83043F0010399
:1068B800C4F8D830D4F8D83003F001030393039B0D
:1068C800FBF738F91F200CB0BDE81040FBF770B992
:1068D800364C3948D4F8E03043F08003C4F8E0304F
:1068E800D4F8E03003F080030493049BD4F8E0303C
:1068F80043F00203C4F8E030D4F8E03003F00203B8
:106908000593059BFFF756FFD4F8E83000222120B5
:1069180043F480031146C4F8E830D4F8E83003F4AF
:1069280080030693069BD4F8D83043F00103C4F8DB
:10693800D830D4F8D83003F001030793079BFBF74E
:10694800F9F821200CB0BDE81040FBF731B91B481D
:10695800FFF730FF154B00224820D3F8E8401146D6
:1069680044F40004C3F8E840D3F8E84004F4000411
:106978000894089CD3F8D84044F00104C3F8D840E0
:10698800D3F8D83003F001030993099BFBF7D2F839
:1069980048200CB0BDE81040FBF70AB9005400408D
:1069A80000580040005C0040001C00580044025899
:1069B800B00900242807002400080024D80800246F
:1069C8002DE9F0431A4B87B000254FF010099E4679
:1069D800EC46184BFF22E04667461A700EF118067F
:1069E8000EF13004CDE90055CDE90255ADF800901F
:1069F800BCE80F00CDE90455AEE80F009CE80300A1
:106A08000095ADF800908EE80300B8E80F000FC6B7
:106A18009CE803000095ADF8009086E803000FCFCE
:106A28000FC49CE8030084E8030007B0BDE8F083C6
:106A38000C0000242407002410B5EFF3108472B66C
:106A4800084B1A78120602D504B962B610BD1B7835
:106A5800D82205485BB202FB03001430FBF794FD13
:106A6800F2E700BF2407002428070024014803F0A8
:106A780055BC00BFB4070024014803F04FBC00BF59
:106A88008C080024014803F049BC00BF64090024B5
:106A98002DE9F0430F68D8243F4D85B007FB04F477
:106AA800032F05EB0403036040DCCB680E46012B83
:106AB8003CD84DD04FF0D808B646DFF8FC9008FB1C
:106AC8000758BEE80F00C446ACE80F00DEF80030F7
:106AD8000DF1100ECCF80030D8F808C099E80F0076
:106AE8000EE90F000EEB8703BCF1010F53F8103CC1
:106AF800C8F88C3031D0BCF1020F42D0BCF1000F85
:106B080035D0317C8C34D823002201202C4403FB5F
:106B180007534900C3E92602C3F894102046C3E985
:106B28002822C3E92A2203F0EBF918B1012005B0A5
:106B3800BDE8F0830146204603F0FCFB0028F5D1B0
:106B48000146204603F020FC003818BF0120EEE77C
:106B58000B7C103B672BADD9E8E702F0FBF80F4B35
:106B680098420CBF0E4B0F4BC8F89030C9E702F0A3
:106B7800F1F80A4B98420CBF0B4B0C4BC8F89030FD
:106B8800BFE702F0E7F8054B98420CBF084B094BEA
:106B9800C8F89030B5E700BF28070024000E270783
:106BA8002D0FB0303211D0205F4390608A62E03000
:106BB800200BA0101A0980103C1301082DE9F041A0
:106BC800D0F8008082B00D4617461E4608F18C04A6
:106BD800204603F0ABFB2028FAD1D8F80C3073B963
:106BE8006D002046089C33463A46A9B2009403F04B
:106BF800DDF9003818BF012002B0BDE8F081089B1C
:106C080032463946204603F0A5FAF2E7044B102233
:106C18001A7483F8E82083F8C02183F89822704713
:106C28002807002430B5002395B04FF48071062260
:106C380004460B9306921393CDE90C13CDE90E335A
:106C4800CDE9113302F088F807282BD004F110059C
:106C580041F2883206A9284604F0A8F928B1012390
:106C6800184684F85C3015B030BD0222022306A90C
:106C78002846CDE9002310220123CDE90223002272
:106C88004FF48003CDE9042305224FF08073069268
:106C98006A460F9341F2883304F0F4FA0028DED1F3
:106CA80015B030BD0323012084F85C3015B030BD29
:106CB80070B50023A4B04FF080724FF4807504467D
:106CC800ADF806300D93CDE910320122CDE90E530F
:106CD800CDE91223CDE91433002943D0F02300F184
:106CE800100508AEADF80630C02341F288323146AF
:106CF8002846089304F05AF928B10123184684F865
:106D08005C3024B070BD41F288320DF1060128468E
:106D180004F0B6F903460028EFD105224FF480713C
:106D28001E93284616924FF080721B9321931F9250
:106D380002AA9FED1F7BCDE91C13CDE922338DED0F
:106D4800027B9FED1D7B41F2883316A98DED047BF4
:106D58009FED1B7B8DED067B04F094FA0028CCD1C7
:106D680024B070BD00F1100508AE612341F28832ED
:106D780031462846089304F019F90028BDD141F29C
:106D880088320DF10601284604F0F8F90028B4D13C
:106D9800BDF80630204623F0780343F04003ADF8F1
:106DA8000630FFF73FFF00289ED0A6E7AFF300802C
:106DB80000000000010000001000000001000000B9
:106DC80000000000000040002DE9F04F00234FF4C0
:106DD800807501264FF0807804462DED028BABB00C
:106DE8008DF8073013932193299314950E96CDF8B7
:106DF8005C80CDE91533CDE91863CDE91A33CDE9C7
:106E08002253CDE92433CDE9273306231C9301F01F
:106E1800A3FF072808D004F1100741F288321CA903
:106E2800384604F0C3F840B10123184684F85C30B2
:106E38002BB0BDEC028BBDE8F08F4FF0020A4FF08B
:106E4800020B4FF0050941F2883308AA1CA93846FD
:106E5800CDF89480CDF870909FED2D8BCDE908ABDF
:106E68004FF0000A4FF4800B8DED0A8BCDE90CAB87
:106E780004F008FA0028D7D141F2883238460EA922
:106E880004F094F80028CFD1402341F288320DF164
:106E9800070138468DF8073004F0F2F80028C3D10E
:106EA80041F288330EA902AA3846CDF83890CDF8B9
:106EB8005C809FED197B8DED048BCDE906AB8DEDE4
:106EC800027B04F0DFF903460028ADD1CDF87090BD
:106ED8004FF00109CDF894804FF00008219308AADB
:106EE80029931CA938462295CDE92333CDE92733C8
:106EF80041F288338DED0A8BCDE90CABCDE90889D9
:106F080004F0C0F9002893D0304684F85C608FE71D
:106F180010000000010000004000000040000000D8
:106F28002DE9F043624CA3B00D46046001F014FF54
:106F3800072800F0A980286823466968AA6807C35B
:106F48001E46AB8926F8043B3046257B677B04F058
:106F58000FF8E0B9574B012D4FF00108E0612361AC
:106F680014BF4FF480134FF40003C4E9058893FA63
:106F7800A3F3B3FA83F34FF48079013BC4F8249068
:106F8800C4E90B003046236203F086FF38B10122C2
:106F9800134684F85C20184623B0BDE8F0836623C6
:106FA8000B90139041F2883206A90693CDE90C9014
:106FB800CDE90E00CDE91100304603F0F7FF0028B7
:106FC800E5D1992341F2883206A93046069303F0A9
:106FD800EDFF0028DBD105231C9019906A46149315
:106FE8004FF08073219014A91D9341F288339FEDCF
:106FF8002A7BCDE91A90CDE91F008DED007B9FED2E
:10700800287B30468DED027B9FED277B8DED047B41
:1070180004F038F90028BAD129462046FFF748FE7F
:107028000028B4D12046FFF7CFFE03460028AED192
:10703800002FB0D1189330460027002606AA14A9BD
:10704800CDF86890CDE91F33EB2314934FF44063D8
:107058001B934FF4005317934FF440431C93A02302
:107068001693062319934FF0805321934FF04073E2
:10707800CDE906671D9304F07DF9034600288AD000
:10708800434684F85C8086E701230322184684F887
:107098005C2023B0BDE8F083000000000100000080
:1070A8001000000001000000000000000000400087
:1070B800880A0024005000522DE9F04F8FB0414B50
:1070C8000024026800AF9A427C63C7E90944C7E913
:1070D8000B4403D03C37BD46BDE8F08F3A4B40F631
:1070E80009213A48EB46D3F8D42007F11C0607F1EA
:1070F800220A4FF0020942F480424FF00308C3F815
:10710800D420D3F8D42002F48042BA60BA68D3F805
:10711800E02042F04002C3F8E020D3F8E02002F07B
:107128004002FA60FA68D3F8E02042F02002C3F87F
:10713800E020D3F8E02002F020023A613A69D3F85F
:10714800E02042F01002C3F8E020D3F8E02002F07B
:1071580010027A617A69D3F8E02042F00202C3F89B
:10716800E020D3F8E030F86103F002033984BB6112
:10717800174B7B60BB697B6853F8040F7B6001F099
:107188006FFF7B680546186801F072FF16F8013B2F
:10719800786207F124012846C7F830807B63C7E985
:1071A8000A9402F015F85645E5D100225C201146F4
:1071B800FAF7C0FC5C20FAF7FBFC3C37DD46BD461D
:1071C800BDE8F08F00500052004402580A0A09092D
:1071D800E40A0024114B02689A4200D07047104A12
:1071E80070B5D2F8D4300F4C23F4804304F118065C
:1071F800C2F8D43054F8040F01F032FF0546206875
:1072080001F036FF0146284602F022F9B442F1D1D6
:107218005C20BDE87040FAF7D9BC00BF00500052AE
:1072280000440258E40A0024014804F02FB900BFC2
:10723800980A0024084B1A1D981D03F1080110B480
:107248009C1C9A6603F10A02C3E91834C3E91B01BE
:107258005DF8044B5A677047880A002438B50368FC
:1072680071B9026A00F1280500F5AC74012A0CBF57
:10727800002140218BBB1D4B5722C0F858310DE02F
:10728800426A00F1C00500F5E874012A0CBF00212C
:107298004021EBB1164B5A22C0F8D03100232046CA
:1072A800C4E901214FF480524FF480616362626146
:1072B8004FF48042C4E903314FF48073C4E90623D4
:1072C8004FF400332362FAF7E7FD58B1FFBEFEE73B
:1072D800084B5822C0F8D031E0E7074B5922C0F8D4
:1072E8005831DBE7C5E92044A56338BD10000240EA
:1072F8007000024028000240580002402DE9F04387
:10730800821D05468BB0031D05F10A010830CDE941
:10731800052305F10C02AB69CDE907010992002BA1
:107328003DD0EB69B3FA83F84FEA581801230222DB
:1073380005AE0AAF4FF006090393CDE9012356F8CD
:10734800044B2B792278934216D02B68F3B1012B8A
:1073580002D1F2B10A230493204601F089FE0346C4
:107368002046009301F07CFE694601F031FFBE42E1
:10737800E5D10BB0BDE8F083697963789942E4D12F
:10738800B8F1000FF3D02B68002BE0D1CDF81090A6
:10739800E2E76378022B14BF0A230823DBE74FF0E8
:1073A8000108C3E7534A0368934230B505468BB0DA
:1073B80055D02032934252D04F4A934204D02032C3
:1073C800934201D00BB030BD4C4C4D48D4F8E0305E
:1073D80043F00103C4F8E030D4F8E03003F00103CF
:1073E8000593059BD4F8E03043F00803C4F8E03077
:1073F800D4F8E03003F008030693069BD4F8E03095
:1074080043F04003C4F8E030D4F8E03003F0400320
:107418000793079BD4F8F03043F40003C4F8F03026
:10742800D4F8F03003F400030893089BFFF766FFD5
:10743800D4F8D830296843F001032F4A3048C4F8FB
:10744800D830891AD4F8D83018BF012103F00103C5
:107458000993099B0BB0BDE83040FFF7FFBE274CEE
:107468002848D4F8E03043F00103C4F8E030D4F8F9
:10747800E03003F001030093009BD4F8E03043F0C0
:107488001003C4F8E030D4F8E03003F0100301939F
:10749800019BD4F8E03043F04003C4F8E030D4F85E
:1074A800E03003F040030293029BD4F8F03043F439
:1074B8008003C4F8F030D4F8F03003F48003039369
:1074C800039BFFF71BFFD4F8D830296843F001036A
:1074D800084A0C48C4F8D830891AD4F8D83018BFEC
:1074E800012103F001030493049B0BB0BDE8304075
:1074F800FFF7B4BE04580140045C01400044025840
:107508005C0D0024000B00240148FBF73DB800BFC8
:10751800580C00240148FBF737B800BFD00C0024F2
:107528000148FBF731B800BFB40E00240148FBF74F
:107538002BB800BF2C0F00241A4A0368934210B4DA
:107548000BD02032934208D0174A934216D02032EB
:10755800934213D05DF8044B7047144B0022D3F8C4
:107568005442C3F85822002CF4D0D3F84802D3E987
:10757800931223465DF8044B520818470B4B002220
:10758800D3F8B044C3F8B424002CE3D0D3F8AC2427
:10759800D3F8A814D3F8A404520823465DF8044B82
:1075A800184700BF04580140045C0140000B002448
:1075B800184A0368934210B40BD02032934208D083
:1075C800154A934217D02032934214D05DF8044BE9
:1075D8007047124BD3E994245208C3F85822002C60
:1075E800F4D0D3E99201234601EB820100EB82003B
:1075F8005DF8044B1847094BD3F8AC24D3F8B044D2
:107608005208C3F8B424002CE0D0D3F8A814D3F857
:10761800A404E8E704580140045C0140000B00247E
:107628002DE9F04F0C684FF41776754F87B004FBBF
:1076380006F6012C07EB060AC0F800A000F3A080AC
:107648000D468E464FF00008D44669A3D3E90023BF
:1076580069A1D1E90001CDE9022306ABCAF850823D
:1076680003EB8403CDE9040153F810BC53F8083C3C
:10767800CAE992880193BEE80F00ACE80F00BEE8A3
:107688000F00ACE80F00019B9EE80300CAF828B081
:10769800CAF8C0308CE803002B69042B0CD8DFE84B
:1076A80003F0737D879103004FF41773554A03FB6A
:1076B80004739A64C3F8E020AA692B6A002A43D0AD
:1076C800002B4FF4177308BF022203FB047318BF83
:1076D8000322DA6201221A63EA696B6A002A40D13E
:1076E800191E4FF4177318BF012103FB0473C3E974
:1076F80031126B69022B05D8434A12F80380434ABA
:1077080052F823904FF4177306F128004246494671
:1077180003FB04740023384463646363E365C4F8BB
:10772800DC30C4F8CC30C4F8F430C4E90F33C4E911
:107738001533C4E93533C4E93B33022304F052F965
:10774800002849D0FFBEFEE7191E4FF4177318BF73
:10775800012103FB0473C3E90B12EA696B6A002A6F
:10776800BED0002B4FF4177308BF022203FB04732B
:1077780018BF0322C3F8C4200122C3F8C820B8E701
:10778800012007B0BDE8F08F4FF417734FF4FA5299
:1077980003FB04739A64C3F8E0208DE74FF4177372
:1077A8004FF47A5203FB04739A64C3F8E02083E72A
:1077B8004FF417734FF4FA4203FB04739A64C3F847
:1077C800E02079E74FF417734BF6803203FB04731C
:1077D8009A64C3F8E0206FE706F1C000022342462E
:1077E8004946384404F0FEF80028CAD0FFBEFEE738
:1077F80004580140045C014024580140245C0140C5
:10780800000B002400770100E4130108E8130108C5
:107818000068704770B5046882B015460E46C4F813
:107828005032C4E99212069AC4F85422A269012A75
:1078380026D0626A012A9AB211D0294604F1C00002
:10784800019204F08BF9236A019A012B10D0294682
:1078580004F1280004F082F9002002B070BD04F1A0
:10786800C000019204F00CFA236A019A012BEED1B0
:10787800314604F1280004F003FA002002B070BD7C
:10788800226A012A9AB211D0294604F128000192ED
:1078980004F064F9636A019A012B10D0294604F1B7
:1078A800C00004F05BF9002002B070BD04F12800AC
:1078B800019204F0E5F9636A019A012BEED1314691
:1078C80004F1C00004F0DCF9002002B070BD00BF74
:1078D80003681B69042B05D8044A02EB830393ED64
:1078E800000A70479FED020A704700BFF4130108B1
:1078F80000803B470368D3F8580270471F4BC168A4
:107908000268F0B5D3F88C5083B00369ADB24D1B53
:10791800A2B1AB4212D00446866811D2F018E91A17
:10792800CDE9001000F0B4FF0023DDE90010D4E930
:107938000062B047E3682561AB421BD003B0F0BDDD
:10794800F018C91ACDE9000100F0A2FF0023DDE913
:107958000001D4E90072B8473046294600F098FF84
:1079680000233046626829462668B047E3682561E7
:10797800AB42E3D10023236103B0F0BD0000024015
:107988002DE9F84F04460F4690461E4600F134058F
:10799800284604F001FD2028FAD14FF48063002026
:1079A800C4F8D030C4F848314FF44033C4F8CC00A0
:1079B800C4F8E030C4F858314E4BC4F8DC00C4F8C1
:1079C800C03003F57A73C4F8E400C4F838314023B2
:1079D800C4F8C800C4F84031E369C4F84401C4F8E5
:1079E8005401C4F85C01C4E93500C4E95300072B0D
:1079F8000BD8DFE803F061535A373E454C04512356
:107A0800C4F8C4305223C4F83C3104F59C79484684
:107A1800FAF742FA08B1FFBEFEE7C4F8A890C4F826
:107A28007051EFF3108972B6DFF8D0B094F91C30BA
:107A3800DFF8CCA08BF800300A9B2F4CCAF8003036
:107A48000B9B23600EB11846B0471FFA88F23946DF
:107A5800284604F08BFAB0BBB9F1000F00D162B62A
:107A6800BDE8F88F3F23C4F8C4304023C4F83C3144
:107A7800CBE74123C4F8C4304223C4F83C31C4E7FF
:107A88004723C4F8C4304823C4F83C31BDE74F232A
:107A9800C4F8C4305023C4F83C31B6E72B23C4F8EB
:107AA800C4302C23C4F83C31AFE72D23C4F8C430CC
:107AB8002E23C4F83C31A8E72923C4F8C4302A236C
:107AC800C4F83C31A1E7FF238BF800300023CAF843
:107AD800003023600A9B3BB10B9801219847012095
:107AE800B9F1000FBCD1BAE70120B9F1000FB7D145
:107AF800B5E700BF88000240F01E0024EC1E0024F9
:107B0800E81E00242DE9F84F04460F4690461E460D
:107B180000F13405284604F03FFC2028FAD14FF440
:107B280080630020C4F8D030C4F848314FF44033A3
:107B3800C4F8CC00C4F8E030C4F858314E4BC4F84F
:107B4800DC00C4F8C03003F57A73C4F8E400C4F864
:107B580038314023C4F8C800C4F84031E369C4F898
:107B68004401C4F85401C4F85C01C4E93500C4E90F
:107B78005300072B0BD8DFE803F061535A373E4513
:107B88004C045123C4F8C4305223C4F83C3104F1E6
:107B9800C0094846FAF780F908B1FFBEFEE7C4F805
:107BA800AC90C4F8F850EFF3108972B6DFF8D0B093
:107BB80094F91C30DFF8CCA08BF800300A9B2F4CCE
:107BC800CAF800300B9B23600EB11846B0471FFA65
:107BD80088F23946284604F01BFAB0BBB9F1000F09
:107BE80000D162B6BDE8F88F3F23C4F8C430402303
:107BF800C4F83C31CBE74123C4F8C4304223C4F86D
:107C08003C31C4E74723C4F8C4304823C4F83C31A6
:107C1800BDE74F23C4F8C4305023C4F83C31B6E75D
:107C28002B23C4F8C4302C23C4F83C31AFE72D23F0
:107C3800C4F8C4302E23C4F83C31A8E72923C4F87B
:107C4800C4302A23C4F83C31A1E7FF238BF8003065
:107C58000023CAF8003023600A9B3BB10B9801212E
:107C680098470120B9F1000FBCD1BAE70120B9F15A
:107C7800000FB7D1B5E700BF88000240F01E00240E
:107C8800EC1E0024E81E00242DE9F0410D4682B0C8
:107C9800EFF3108772B6002948D1FF23254A264CF6
:107CA800237013682BB1002029461060234A1068FE
:107CB800984723781B0625D5DFF888800025204EB5
:107CC800444605E001351C3406F5D876092D19D04F
:107CD800A369012B1BD0002BF4D121683046002961
:107CE800F0D06369019323690093E3682289FFF761
:107CF80009FF0028E6D1C5EBC50508EB850348F860
:107D08002500586007B962B602B0BDE8F081616825
:107D18000029D7D063693046019323690093E3684B
:107D28002289FFF72DFE0028CCD1E4E705F030FECC
:107D3800B3E700BFE81E0024EC1E0024F01E002458
:107D4800B80F002454000024F0B5002387B00222A5
:107D580004460493CDE90223027EC3690B2A4FEA45
:107D6800430523D1A27E0B2A02D1002007B0F0BD23
:107D780048496B1C484851F82330457801781878F1
:107D8800E67E884269D0824277D0D87803F1030C26
:107D980081426ED0824278D0987903F1060C8842ED
:107DA8006FD0824233D0012007B0F0BD394B3A483A
:107DB80053F8253001784678187894F819C081422C
:107DC8003DD0824241D0D87803F1030E814240D0A1
:107DD80082424AD0987903F1060E884241D0824205
:107DE800E1D1DB796345DED1734604F118069B784F
:107DF8003046059301F034F9034630461E4601F03B
:107E080037F901A90190304601F0E2F9AAE7DB79D8
:107E1800B342C8D163461A349B782046059301F0D3
:107E28001FF9034620461C4601F022F9034601A922
:107E38002046019301F0CCF9002007B0F0BD93F87B
:107E480001E0B645BFD08242BDD158786045BAD16D
:107E5800CBE71F79B742BBD1BCE75F78AF4292D17D
:107E680093E7D979B142BAD19DE718796045B1D184
:107E7800BAE71F79AF428DD18EE75878B04284D1E6
:107E8800C9E7D979A9428CD18DE71879B04283D155
:107E9800C0E700BF6C010024680100247E4A036823
:107EA8009342F0B58FB000F0E380A2F54C429342C4
:107EB80000F0E08002F58062934200F0DD8002F578
:107EC8008062934200F0DA8002F58062934200F00B
:107ED800D98002F54442934200F0D280A2F51C42B8
:107EE800934200F0D18002F58062934200F0CE8088
:107EF8006A4A934240F0CC800826694D4FF4D87402
:107F080004FB0654A07E01F0BBF8207E01F0B8F80F
:107F1800E369082B13D8DFE803F03B495765738101
:107F28008F9D05005F4BD3F8F42042F00802C3F898
:107F3800F420D3F8F43003F008030893089B204694
:107F4800FFF702FF012801D1FFBEFEE74FF4D87406
:107F58000EAA554F0DF1240C04FB0654E36902EBFD
:107F680043050FCFACE80F003B680022ACF80030A7
:107F7800114635F9140CF9F7DDFDE3690EAA02EB99
:107F8800430333F9140C0FB0BDE8F040F9F710BE05
:107F9800444BD3F8F02042F01002C3F8F020D3F895
:107FA800F03003F010030093009BC8E73D4BD3F873
:107FB800E82042F40032C3F8E820D3F8E83003F4AC
:107FC80000330193019BBAE7364BD3F8E82042F41B
:107FD8008022C3F8E820D3F8E83003F48023029322
:107FE800029BACE72F4BD3F8E82042F40022C3F8F9
:107FF800E820D3F8E83003F400230393039B9EE7BB
:10800800284BD3F8E82042F48012C3F8E820D3F8CC
:10801800E83003F480130493049B90E7214BD3F8D2
:10802800F02042F02002C3F8F020D3F8F03003F03B
:1080380020030593059B82E71A4BD3F8E82042F00A
:108048008042C3F8E820D3F8E83003F08043069371
:10805800069B74E7134BD3F8E82042F00042C3F8BC
:10806800E820D3F8E83003F000430793079B66E75E
:10807800002642E7012640E702263EE703263CE7C2
:1080880005263AE7042638E7062636E7072634E7C2
:1080980000239B7EFFDE00BF00100140000C00584B
:1080A800B80F0024004402584C1301082DE9F04F82
:1080B80091B0002301223F490DF1240A09938B4610
:1080C80001F11C09CAF8143001F13808CDF800A0F4
:1080D80001F15407CDF804A001F17006CDF808A00D
:1080E80001F18C05CDF80CA001F1A804CDF810A081
:1080F80001F1C40ECDF814A001F1E00CCAE9013376
:10810800CAE903330F92FF222B4BCDE906AA1A7056
:10811800BAE80F00ABE80F009AE80700009B8BE86D
:1081280007009B46BBE80F00A9E80F009AE8070084
:10813800019B89E807009946B9E80F00A8E80F00F5
:108148009AE80700029B88E807009846B8E80F00FD
:108158000FC79AE80700039B87E807001F460FCF61
:108168000FC69AE80700049B86E807001E460FCE54
:108178000FC59AE80700059B85E807001D460FCD47
:108188000FC49AE80700069B84E807001C460FCC3A
:10819800AEE80F00079B9AE807001C468EE8070028
:1081A8000FCCACE80F009AE807008CE8070011B084
:1081B800BDE8F08F54000024EC1E002410B5094CD3
:1081C80004F1340003F0F6FF237D1BB1636BDB6918
:1081D800DB0600D410BD2046FFF790FB636B10222E
:1081E8001A6210BDB80F002410B50B4C04F5F270DC
:1081F80003F0E0FF94F8C43123B1D4F8E431DB692B
:10820800DB0600D410BD04F5D870FFF777FBD4F86F
:10821800E43110221A6210BDB80F002410B50B4CBF
:1082280004F5657003F0C6FF94F8743323B1D4F8ED
:108238009433DB69DB0600D410BD04F55870FFF7F2
:108248005DFBD4F8943310221A6210BDB80F0024D5
:1082580010B50B4C04F2445003F0ACFF94F82435ED
:1082680023B1D4F84435DB69DB0600D410BD04F52E
:10827800A260FFF743FBD4F8443510221A6210BD00
:10828800B80F002410B50B4C04F2F46003F092FF11
:1082980094F8D43623B1D4F8F436DB69DB0600D47D
:1082A80010BD04F5D860FFF729FBD4F8F436102286
:1082B8001A6210BDB80F002410B50B4C04F6A400C8
:1082C80003F078FF94F8843823B1D4F8A438DB6934
:1082D800DB0600D410BD04F50760FFF70FFBD4F8E8
:1082E800A43810221A6210BDB80F002410B50B4C28
:1082F80004F6542003F05EFF94F8343A23B1D4F81E
:10830800543ADB69DB0600D410BD04F52260FFF7A0
:10831800F5FAD4F8543A10221A6210BDB80F0024A6
:1083280010B50B4C04F6044003F044FF94F8E43B0A
:1083380023B1D4F8043CDB69DB0600D410BD04F596
:108348003D60FFF7DBFAD4F8043C10221A6210BD36
:10835800B80F002410B50B4C04F6B45003F02AFFF4
:1083680094F8943D23B1D4F8B43DDB69DB0600D41E
:1083780010BD04F55860FFF7C1FAD4F8B43D1022D7
:108388001A6210BDB80F002410B5EFF3108472B64E
:10839800084B1A78120602D504B962B610BD1B78CC
:1083A8004FF4D87204485BB202FB0300C030FAF7FE
:1083B800EBF8F1E7EC1E0024B80F002410B5EFF33A
:1083C800108472B6094B1A78120602D504B962B63F
:1083D80010BD1B784FF4D87205485BB202FB03004E
:1083E80000F59C70FAF7D0F8F0E700BFEC1E002407
:1083F800B80F00240021FFF747BC00BF214A0368DB
:1084080093422BD0A2F54C42934229D002F58062C8
:10841800934227D002F58062934225D002F580620C
:10842800934223D002F54442934221D0A2F51C4244
:1084380093421FD002F5806293421DD0124A9342A4
:108448001CD108224FF4D871104B01FB0233197D5F
:1084580011B11846FFF752BAFFF716BC0022F1E730
:108468000122EFE70222EDE70322EBE70422E9E726
:108478000522E7E70622E5E70722E3E700231B7D5D
:10848800FFDE00BF00100140000C0058B80F0024A8
:10849800204A0368934229D0A2F54C42934227D040
:1084A80002F58062934225D002F58062934223D080
:1084B80002F58062934221D002F5444293421FD0D4
:1084C800A2F51C4293421DD002F5806293421BD054
:1084D800114A93421AD1082310484FF4D87202FB6C
:1084E8000300037D03B97047FFF708BA0023F3E7D9
:1084F8000123F1E70223EFE70323EDE70423EBE78A
:108508000523E9E70623E7E70723E5E700231B7DC3
:10851800FFDE00BF00100140000C0058B80F002417
:108528000121FFF7B1BB00BF2DE9F0414F684FF4BF
:10853800D876DFF8C0808E4607FB06F60C46082F73
:1085480008EB0605056005F1180CBEE80F00ACE85D
:108558000F009EE807008CE8070002D86B6A022B20
:1085680002D90120BDE8F0812A6A032AF9D8A96A4C
:108578000229F6D8E86A0228F3D80131DFF878C072
:10858800343689005CF8277046446F63A469A9648F
:108598001549AC6351F823306B64144B53F82230FF
:1085A800134A2B64002352F8201001223046EB6551
:1085B800E963C5E91333C5E9153205F0E9F900287F
:1085C800CFD10146304605F03BFA0028C9D1014613
:1085D800304605F083FA0028C3D1304605F012FA78
:1085E8000028BED12875BDE72C14010838140108ED
:1085F80048140108B80F002408140108534B01223D
:10860800002047F6122130B4C3E97420C3E977216A
:10861800C3E9E020C3E9E3211A62DA625862196308
:10862800C3F83025C3F83405C3F83C25C3F8401512
:10863800C3F8E026C3F8E406C3F8EC26C3F8F0163E
:10864800C3F89028C3F89408C3F89C28C3F8A01866
:10865800C3F8402AC3F8440AC3F84C2AC3F8501A8E
:10866800C3F8F02BC3F8F40BC3F8FC2BC3F8001CB9
:10867800C3F8A40D3648C3F8A02DC3F8AC2DC3F831
:10868800B01D0288837833490068334CCA804FEAAA
:10869800104C0B723149E2802372A1F80320A4F830
:1086A800032063714B712E4CCA800B722D492E4DDD
:1086B800E2802372A1F80320A4F8032063714B71B0
:1086C8002A4CCA800B722A49EA8008802B7281F8EA
:1086D80002C0E2802372A1F803204B71CA800B729A
:1086E8002449A1F803204B71CA800B722249A1F8D2
:1086F80003204B71CA800B722049088081F802C0A0
:10870800A1F803204B71CA800B721D49088081F8BB
:1087180002C0A1F803204B71CA800B721949088066
:1087280081F802C01848A1F803204B71CA800B7267
:108738001649A0F803204371C2800372A1F80320F0
:108748004B71CA800B7230BC704700BFB80F002451
:1087580068010024F0010024140200240802002407
:108768002C02002420020024FC010024D80100244B
:10877800181F002438020024E4010024F41E0024F9
:108788000C1F0024001F00245C0100245001002459
:108798003E4B00220B20114610B5D3F8D84082B0CA
:1087A80044F00104C3F8D840D3F8D84004F00104D9
:1087B8000094009CD3F8D84044F00204C3F8D84091
:1087C800D3F8D83003F002030193019BF9F7B2F90B
:1087D8000B20F9F7EDF900220C201146F9F7AAF958
:1087E8000C20F9F7E5F900220D201146F9F7A2F956
:1087F8000D20F9F7DDF900220E201146F9F79AF954
:108808000E20F9F7D5F900220F201146F9F792F951
:108818000F20F9F7CDF9002210201146F9F78AF94F
:108828001020F9F7C5F900223C201146F9F782F922
:108838003C20F9F7BDF9002211201146F9F77AF921
:108848001120F9F7B5F9002238201146F9F772F925
:108858003820F9F7ADF9002239201146F9F76AF9FD
:108868003920F9F7A5F900223A201146F9F762F9FB
:108878003A20F9F79DF900223B201146F9F75AF9F9
:108888003B2002B0BDE81040F9F792B90044025805
:1088980020F01F002031BFF34F8F002907DD064A63
:1088A8000144C2F85C0220300B1A002BF9DCBFF33C
:1088B8004F8FBFF36F8F704700ED00E0704700BF28
:1088C80008B5F8F71BFBBDE80840F9F7FBB900BF8E
:1088D800064808B503680BB100F08CFE044803682D
:1088E8001BB1BDE8084001F07BBD08BD3023002462
:1088F800281F0024064808B503680BB100F07AFE6B
:10890800044803681BB1BDE8084001F069BD08BD13
:1089180030230024281F0024064808B503680BB13B
:1089280000F068FE044803681BB1BDE8084001F088
:1089380057BD08BD30230024281F0024364BDA6AAF
:10894800520062D59A6A9A6A9A6A9B6A180600D592
:1089580000BE314B9B6A990600D500BE2E4B9B6A20
:10896800DA0600D500BE2C4B9B6A1B0700D500BE5B
:10897800294B9B6A980700D500BE274B9B6AD907ED
:1089880000D500BE244B9B6A1A0400D500BE224BBA
:108998009B6A9B0400D500BE1F4B9B6AD80400D578
:1089A80000BE1D4B9B6A190500D500BE1A4B9B6A79
:1089B8005A0500D500BE184B9B6A9B0500D500BE22
:1089C800154B9B6AD80500D500BE134B9B6A9901CD
:1089D80000D500BE104B9B6ADA0100D500BE0E4BD5
:1089E8009B6A1B0300D500BE0B4B9B6A580300D53E
:1089F80000BE094B9B6A990300D500BE064B9B6AD3
:108A0800DA0306D400BE00BEFEE7DB6A9B07FAD590
:108A1800F8E700BEF6E700BF00ED00E0F8F77ABA25
:108A2800F8F77EBA0A4B9B6803F17843B3F5003F29
:108A38000BD3084B986848B19868012806D0986805
:108A4800022803D09B68032070470120704700BFAD
:108A580000ED00E0000080382DE9F041CEB004467A
:108A68004C2200210AA808F055FC2022002102A867
:108A780008F050FCBC2200211EA808F04BFC022084
:108A880002F022F92368012B4FF0000354D0534A17
:108A980002250193C820D16A514B21F00101D1620E
:108AA800D26A02F0010201929A6942F440429A6144
:108AB8009B6903F440430193019B494A93699B04D2
:108AC800FCD548490224002201268B6A04274FF06E
:108AD800080823F0030323438B62052316900AA892
:108AE80018934FF480331096179419941597CDF86E
:108AF8006880CDE91B222122CDE91344CDE90A2360
:108B0800FAF794F800B1FEE73F220323294602A8AA
:108B1800CDE9022300220823CDE904234022402383
:108B2800CDE9062340234FF48062CDE90823FAF704
:108B3800ABFB0346B8B1FEE7294A04250093F020B1
:108B48009169264B41F440419161926902F4404297
:108B58000092DA6A42F00102DA62DB6A03F001038A
:108B68000093009BA9E720224FF4805125934FF4EE
:108B780040152B9280222D931EA830932691359173
:108B88004FF48071249234920C223394439140F232
:108B9800271120921022CDF884802A971F96CDE9BC
:108BA8002E34CDE93B334FF48033CDE9224631935F
:108BB800002446930623CDE93E4527934FF480636E
:108BC800094C2C931E94CDE92812FAF7B9FD00B18F
:108BD800FEE702F09FF84EB0BDE8F08100040058AF
:108BE80000480258004402580F130F0370B584B0B0
:108BF8000124F9F715F84FF480764FF04052194BDD
:108C080068460025ADF800400396CDE90123F9F741
:108C180025F819224FF0404368468DF80820019343
:108C28008DF80F40ADF80D608DF801408DF80A50B1
:108C3800F9F714F802230B2268468DF80F508DF8C7
:108C480001304FF062538DF808200193ADF80D40C4
:108C58008DF80A40F9F702F80420F8F7EFFF04B09E
:108C680070BD00BF0E00010330B50D46044685B047
:108C7800D1E9000184E80300F8F710F9AB79A3B350
:108C8800FFF786FDFDF79CFE06F014FEFFF70EFACF
:108C98002B798BBB6B799BB1BFF34F8FBFF36F8F72
:108CA8002A4B0022C3F85022BFF34F8FBFF36F8FB8
:108CB8005A6942F400325A61BFF34F8FBFF36F8F86
:108CC8004FF0FF3200230024002569462048029215
:108CD8008DF80C30CDE9004507F00CFA1C4807F078
:108CE80071FA06F017FA05B030BD2046FFF7B4FE5A
:108CF8002046FFF77BFFC3E7144C0023C4F88430F9
:108D0800BFF34F8FD4F8801043F6E07EC1F34E3C9A
:108D1800C1F3C9014FEA4C1C0CEA0E000B4640EAAD
:108D28008372013BC4F860225A1CF8D1ACF1200CC4
:108D38001CF1200FF0D1BFF34F8F636943F48033E8
:108D48006361BFF34F8FBFF36F8FA3E700ED00E0C0
:108D5800241F0024FAF7C8BB1C4B9B6803F1784218
:108D6800B2F5003F25D3B3F5803F20D303F160422D
:108D7800B2F5003F1FD303F15C42B2F5002F1CD3BC
:108D880003F17042B2F5902F19D303F14842B2F5BE
:108D9800803F16D303F18042B2F1806F13D303F101
:108DA800E043B3F5000F2CBF0820072070470120CF
:108DB8007047002070470220704703207047042046
:108DC8007047052070470620704700BF00ED00E09F
:108DD80003480023034A0449036008F055BA00BF5A
:108DE800241F002400000024C588000810B4204C6B
:108DF8000022204B83B0D4F888101F4841F470013A
:108E0800C4F8881019681D4C41F0010119601A61F5
:108E1800196808401A4918609A61DA611A629A62F8
:108E2800DA621A635A639A63DA631A645A641868CE
:108E380020F4802018601A66D3F8DC2042F06042E3
:108E4800C3F8DC20D3F8DC300193019B2368194078
:108E5800B1F1005F03D20B4B0122C3F80821044B88
:108E68004FF000629A6003B05DF8044B704700BF92
:108E780000ED00E0004402587FEDF6EA0010005CC7
:108E88000000FFFF0080005100F57171D0F8040464
:108E980005F028BDC1EBC10300EB8303D0F804043F
:108EA800D3F8082205F04CBDC1EBC10300EB8303E6
:108EB800D0F804049A6C05F081BD00BFD0F8040412
:108EC80005F020BEC16810B5044619B1022900D0CA
:108ED800FEE70121D4F8040405F0FEFDD4F80404EB
:108EE800BDE8104005F0D0BD10B50446D0F8040424
:108EF80005F0F6FD2268D2F8003E43F00103C2F8FF
:108F0800003E236A23B1034A136943F00603136141
:108F180010BD00BF00ED00E0D0F8040405F0EABD84
:108F2800D0F8040405F0FEBDD0F8040405F0F8BD3F
:108F3800D0F8040405F0F8BDD0F8040405F0F6BD37
:108F48009446D0F898021A4608B5634601F0ACFD7D
:108F5800032802D8024B185C08BD022008BD00BFD8
:108F680064140108D0F8980208B501F02BFE032814
:108F780002D8024B185C08BD022008BD6414010821
:108F8800D0F8980208B501F061FE032802D8024B18
:108F9800185C08BD022008BD641401080A06D0F850
:108FA800983206D4C1EBC10103EB810191F8FE01AF
:108FB800704701F07F01C1EBC10103EB810191F81A
:108FC8003E007047D0F8980208B501F057FD032815
:108FD80002D8024B185C08BD022008BD64140108C1
:108FE800D0F8980208B501F0C5FD032802D8024B55
:108FF800185C08BD022008BD64140108D0F8980266
:1090080008B501F08FFD032802D8024B185C08BD93
:10901800022008BD64140108D0F8C00206F034B874
:10902800D0F8C00206F048B8D0F8C00206F050B830
:10903800704700BFD0F8C00206F036B8D0F8C002BA
:1090480006F036B8D0F8D00308B500F093FE032830
:1090580002D8024B185C08BD022008BD681401083C
:10906800024B027853F82200704700BF8C140108A5
:10907800024B427833F81200704700BF6C140108A5
:109088008CB00A2814D8DFE800F01523313F4D5B77
:109098006977859306004D4BD3F8E02042F480624F
:1090A800C3F8E020D3F8E03003F480630B930B9B04
:1090B8000CB07047454BD3F8E02042F00102C3F8EA
:1090C800E020D3F8E03003F001030193019BEFE7C0
:1090D8003E4BD3F8E02042F00202C3F8E020D3F878
:1090E800E03003F002030293029BE1E7374BD3F829
:1090F800E02042F00402C3F8E020D3F8E03003F0A7
:1091080004030393039BD3E7304BD3F8E02042F0EA
:109118000802C3F8E020D3F8E03003F00803049312
:10912800049BC5E7294BD3F8E02042F01002C3F8AE
:10913800E020D3F8E03003F010030593059BB7E770
:10914800224BD3F8E02042F02002C3F8E020D3F805
:10915800E03003F020030693069BA9E71B4BD3F8E6
:10916800E02042F04002C3F8E020D3F8E03003F0FA
:1091780040030793079B9BE7144BD3F8E02042F08A
:109188008002C3F8E020D3F8E03003F080030893AE
:10919800089B8DE70D4BD3F8E02042F48072C3F8AA
:1091A800E020D3F8E03003F480730993099B7FE74C
:1091B800064BD3F8E02042F40072C3F8E020D3F85D
:1091C800E03003F400730A930A9B71E700440258E5
:1091D8002DE9F04F0D6883B0002D00F0D5800023F5
:1091E800DFF8688201229A4012EA050C00F0C78075
:1091F8004E6826F01009B9F1020F40F0C88003F05C
:1092080007044FEAD30E4FF00F0A4FEA840900EB28
:109218008E0E0AFA09FADEF8204024EA0A0A0C69D6
:1092280004FA09F406F0030944EA0A04CEF82040D7
:109238004FEA430E0324D0F800A009FA0EF904FA05
:109248000EF42AEA040AE44349EA0A09C0F800903D
:10925800D0F808A0CF6804EA0A0A07FA0EF949EA22
:109268000A09C0F80890C6F30019D0F804A009FA52
:1092780003F92AEA020249EA02024260C268F700D8
:1092880004EA02048A6802FA0EF242EA0402C260A0
:1092980075D5644C23F0030E03F00309D4F8F420C9
:1092A800C6444FEA890942F00202C4F8F420D4F80F
:1092B800F42002F002020192019A0F22DEF808401F
:1092C80002FA09F224EA0202574CA04225D004F51A
:1092D8008064A0427BD0554CA0427ED0544CA04222
:1092E8006FD0544CA04200F08480534CA04200F050
:1092F8008680524CA04276D0514CA04200F0858026
:10930800504CA04200F087804F4CA0420CBF09246B
:109318000A2404FA09F942EA0902CEF808204FF0B3
:10932800B0426FEA0C0EF403D2F880204FF0B0443C
:1093380054BF0EEA02024CEA0202C4F88020B203CB
:10934800D4F884404FF0B04254BF0EEA04044CEA0B
:109358000404F702C2F8844014684FF0B04254BFC6
:109368000EEA04044CEA04041460B40252684FF094
:10937800B04454BF0EEA02024CEA020262600133B2
:1093880035FA03F27FF42EAF03B0BDE8F08F4FEA51
:10939800430E0324D0F800B006F0030A04FA0EF4D2
:1093A80009F1FF390AFA0EFA2BEA040BB9F1010F99
:1093B8006FEA04044AEA0B0AC0F800A03FF65EAF61
:1093C80046E7032404FA09F942EA0902A5E7012459
:1093D80004FA09F942EA09029FE7022404FA09F9A2
:1093E80042EA090299E7062404FA09F942EA09025D
:1093F80093E7042404FA09F942EA09028DE70524EF
:1094080004FA09F942EA090287E7072404FA09F984
:1094180042EA090281E7082404FA09F942EA090242
:109428007BE700BF004402580000025800080258B9
:10943800000C025800100258001402580018025874
:10944800001C02580020025800240258000400584A
:10945800002900F0A88000232DE9F04FDFF868917B
:1094680083B0DFF86881DFF868A1DFF868B14FF0F2
:10947800010E0EFA03F212EA010C6FD023F0030575
:1094880003F003040F2640454D444FEAC404AF6877
:1094980006FA04F607EA0607019721D0504566D078
:1094A800584567D0434FB8426ED0434FB84270D04A
:1094B800424FB84263D0424FB84256D0414FB842AB
:1094C80072D0DFF814E1704568D0DFF810E170451C
:1094D80014BF4FF00A0E4FF0090E0EFA04F400E024
:1094E8000024019FA74219D1AC6824EA06064FF070
:1094F800B044AE60D4F8805025EA0C05C4F880501A
:10950800D4F8845025EA0C05C4F88450256825EA67
:109518000C052560656825EA0C05656003255C0077
:1095280003F007070F2605FA04F40568BF00254372
:1095380006FA07F70560DD0800EB85052E6A26EABE
:1095480007062E62856825EA04058560456825EAD0
:1095580002024260C26822EA0404C460013331FA9C
:1095680003F284D103B0BDE8F08F4FF0060E0EFA77
:1095780004F4B6E74FF0020E0EFA04F4B1E74FF028
:10958800050E0EFA04F4ACE74FF0030E0EFA04F4DD
:10959800A7E74FF0040E0EFA04F4A2E74FF0080E06
:1095A8000EFA04F49DE770474FF0070E0EFA04F424
:1095B80097E700BF000C0258001002580014025828
:1095C80000180258001C02580004005800000258F5
:1095D80000040258000802580020025800240258CB
:1095E8000369194214BF01200020704702B9090419
:1095F800816170472DE9F04F056885B0044628461B
:1096080004F016FF012802D005B0BDE8F08F2068ED
:1096180004F0BEFE0028F7D0206804F0B9FE10F46C
:10962800001F206802D04FF40013436104F0B0FE1D
:1096380010F4801F206802D04FF48013436104F0B7
:10964800A7FE10F0806F206802D04FF0806343615E
:1096580004F09EFE10F0020F20682FD104F098FE4F
:10966800870000F11381206804F092FEC60100F122
:10967800CF80206804F08CFE000700F1BE802068CF
:1096880004F086FE10F0007F20681AD104F080FEF6
:10969800C306B9D52568AB6923F01003AB612E6A00
:1096A800C6F34341C6F30A17022902D1002F40F03E
:1096B800C681AB6943F01003AB61A5E702234361A0
:1096C800CCE704F023FFD4F808E080462068BEF118
:1096D800000F00F0998005F5A06500264FF0280BD3
:1096E8004FF0020A4AE000F5A0694A0109EB411768
:1096F800BB685B075DD50423BB60FB6843F00203CE
:10970800FB60BB68980500F1FD80BB68DB0740F192
:10971800CF80236953B101EB81003B6904EBC000A2
:10972800C3F3120C836CA3EB0C03C3648B004FF0E0
:10973800010C4FF0000E581804EBC000C0F858E0B8
:1097480080F85DC0C7F808C090F83FE01EF0FD0F34
:1097580000F06481BEF1030F00F040820B4404EB7B
:10976800C30393F8502082F0010283F85020D4F804
:1097780008E0206801362035764545D206F00F030B
:1097880028FA03F3D907F5D52B68F1B21A04AAD43D
:1097980000F5A0624FEA411C02EB4117BB6813F0C9
:1097A80004090DD00423BB60FB6843F00203FB608F
:1097B800E0E7BB689B0640F1B3802023BB60A0E7CD
:1097C800BB6813F0200300F0CA8001EB810320225C
:1097D80004EBC303BA6093F83D20012ACAD183F889
:1097E8003D9083F85CA0FB6843F00203FB6004F043
:1097F80091FED4F808E02068BCE72046FFF70CFC8F
:109808002068082343613BE74FF0007343613DE75D
:109818002668D6F840340293D6F840340393039B65
:1098280023F02E030393029B980707D5029BD907C1
:1098380000F16381039B43F002030393029B1A0721
:1098480018D5039B43F008030393029B5B0740F181
:109858005C81A169022900F09A81E368012B03D198
:109868004EF66022C6F804242046FFF7E3FB2046A4
:10987800FFF7D6FB2068029B9F0603D5039B43F0A6
:1098880020030393039BC6F84034F3E6D5F840342D
:10989800204623F02E03C5F84034FFF7C5FB01210D
:1098A800206804F011FE20684FF000534361DBE6A6
:1098B800BB68980740F18E80FB6801EB810C23F0B0
:1098C800020304EBCC0CFB608B009CF85D000128C4
:1098D80000F0B280052800F0AF80062800F0A381D0
:1098E800082800F0A081032800F0DC819CF85C00C7
:1098F8000246C7F808A02046FFF79AFBD4F808E00C
:10990800206837E7FB68206843F00203FB6004F037
:1099180001FE4FF400732068BB60D4F808E029E723
:10992800BB681B0700F1BB80BB685B057FF5E9AE30
:10993800FB68019243F002030091FB6004F0EAFD2A
:1099480000991020019A01EB8103B860082004EB0C
:10995800C30383F85D004FF48063BB60D1E6D7F89A
:10996800089019F0400F40F0B180BB6813F4007301
:1099780040F02F81D7F8089019F0010F40F03F818F
:10998800BB6813F0080340F06881D7F8089019F015
:10999800100F00F0C98001EB810204EBC20293654D
:1099A800032382F85D3092F83D303BB90BFB01434D
:1099B80093F83C2012B9012283F83D20FB6843F05C
:1099C8000203FB6004F0A6FD10232068BB60D4F8F6
:1099D80008E0CFE6BB6813F0800340F0E380BA6884
:1099E800D20640F1D08001EB810004EBC00090F872
:1099F8003F20032A00F04B8112F0FD02E4D12369D5
:109A08008265002BE0D10BFB0143032283F85D2024
:109A1800FB68206843F00203FB60D3E7FA6820681C
:109A280042F0020201930091FA6004F073FD1022E3
:109A3800DDE90013BA6091E68CF85C0058E706F09F
:109A48000F0606EB860804EBC808D8F8441000296E
:109A58003FF42FAE284605F5A0653A4604F016FCFB
:109A6800D8F8443005EB46123B441169D8F84C202D
:109A7800C8F8443073013A44C8F84C20BC4A0A403C
:109A88005AB1EA5822F0804242F00042EA5098F86F
:109A9800503083F0010388F85030256809E6FB68E8
:109AA8004FF0050C019243F002030091FB6001EBBB
:109AB800810304EBC30383F85DC01023BB60082354
:109AC800BB6004F027FDDDE900121AE601EB810214
:109AD80004EBC2029365042382F85D30012382F807
:109AE8003D30FB6843F00203FB6004F013FD4023A4
:109AF8002068BB60D4F808E03CE6B369204623F050
:109B08000053B361FFF78CFA94E62046FFF796FA04
:109B1800D6F84034206823F02E03C6F84034836911
:109B280043F000538361A6E6BB681B0600F1C880BA
:109B3800BB685B0500F1D780BB689B077FF51AAE51
:109B4800FB680BFB014023F00203FB6090F85D30DB
:109B5800012B00F0E180032B00F0DB80042B00F0E8
:109B6800D880052B00F0FC80062B00F0E480082B41
:109B780000F0E1800BFB01432046C7F808A093F8EA
:109B88005C20FFF755FAD4F808E02068F2E5029B5C
:109B9800206803F4C023B3F5802F18BF012104F017
:109BA80093FC61E6FB6801EB810243F0020304EBDE
:109BB800C202FB60936D01339365062382F85D3022
:109BC800206804F0A7FC80232068BB60D4F808E074
:109BD800D0E5FB6843F00203FB6098E652F8097091
:109BE800019347F00057009142F80970624680F8E7
:109BF8005CC02046FFF71CFADDE90013AEE5FA6801
:109C080001EB810942F0020204EBC909C9F8583096
:109C1800FA6004F07FFC0123BB6089F85D30D4F85A
:109C280008E02068A6E503EB010C04EBCC0CDCF89B
:109C380058000130032825D8CCF8580002200B44DE
:109C480004EBC30383F85C0052F8093023F0804327
:109C580043F0004342F809304AE608230091BB600C
:109C6800FB6843F00203FB6004F054FC00990522F2
:109C780001EB810104EBC10383F85D20D4F808E00F
:109C8800206877E50020CCF858000420D7E7FA6868
:109C98000BFB014042F0020283652068FA6004F081
:109CA80039FC91E60BFB0143022083F85CA052F8D3
:109CB800093023F0804343F0004342F8093017E6A7
:109CC800FB68009143F00203FB6004F023FC009959
:109CD80006230BFB014181F85D3080232068BB60BF
:109CE800D4F808E046E5FB68009143F00203FB6006
:109CF80004F010FC10230099BB604FF480630BFB49
:109D08000141BB60082381F85D30D4F808E0206881
:109D180030E580F85CA02DE780F85C3090F83F30A3
:109D2800023B012B3FF626AF90F8513083F0010338
:109D380080F851301EE70BFB0140836D0133032B84
:109D480011D8836502230BFB014080F85C3052F880
:109D58000C3023F0804343F0004342F80C3009E70D
:109D680080F85C3006E7002383650423EBE700BF37
:109D78000000F81F90F8B832012B0CD0012310B561
:109D88000446006884F8B83204F024FC002318461E
:109D980084F8B83210BD0220704700BFF8B50546F8
:109DA8000E461746701C2C682CD1A369990727D436
:109DB800A369DA06F9D5A3699A06FCD520231022EF
:109DC800E261E361A3699F0701D50023A362A36948
:109DD800DE0703D4A36943F00103A361636800228B
:109DE8001B4820210340012063606B6C85F84020EC
:109DF80043F004036B6485F8411085F84220F8BDF0
:109E08000020F8BDA3699B07FAD4A369D9061BD41F
:109E1800F7F780F8C01BB04201D8002EC2D16B6C96
:109E28002021002201200B4385F840206B6485F82F
:109E3800411085F84220F8BDF7F76CF8C01B864240
:109E4800EDD3002EEBD02C68A3699B06F4D5B5E7BB
:109E580000E800FEF8B505460E4617462C68A369CB
:109E68009B0649D4A369DA0626D5731C38D1A369A1
:109E78009E06FCD520231022E261E361A3699907BD
:109E880001D50023A362A369DA0703D4A36943F0C9
:109E98000103A361636800221848202103400120C0
:109EA80063606B6C85F8402043F004036B6485F8AD
:109EB800411085F84220F8BDF7F72CF8C01BB042D6
:109EC80001D8002ECAD16B6C2021002201200B433F
:109ED80085F840206B6485F8411085F84220F8BD6C
:109EE800A3699806C6D4F7F715F8C01B8642EAD3CB
:109EF800002EE8D02C68B8E70020F8BD00E800FE86
:109F080000284ED010B590F84130044603F0FF0207
:109F1800002B41D023682421626884F84110196815
:109F280022F07062E06821F00101012819601A61CD
:109F38009A6822F400429A60A26829D042F4044246
:109F480002289A6002D14FF400625A6058684FF0B4
:109F5800200C1549226901435960D96821F4004150
:109F6800D960D4E90501024342EA0122D4E9071085
:109F7800DA600022014310461960196841F00101B6
:109F88001960626484F841C0226384F8422010BDDD
:109F980042F400429A60D9E780F84020FCF736FC8A
:109FA800B8E70120704700BF008000022DE9F047A4
:109FB800984690F84130089E202B40F0878090F812
:109FC80040300446012B00F0818001238946174662
:109FD80080F84030F6F79EFF054604E0F6F79AFF52
:109FE800401B192875D82368986910F40040F5D1EA
:109FF800212267626063C9F3090784F841201022AF
:10A0080084F842206064A4F82A80628D92B2FF2A04
:10A018006DD8628D494892B2D1B222855A68024001
:10A028003A4342EA0142464911435960DFF81C812C
:10A038004FF0FF0ADFF81891638D2A463146204613
:10A048009BB2002B30D0FFF7A9FE002873D1606ABD
:10A05800216810F8012B238D8A62628D013B6062B2
:10A06800013A9BB292B223856285628D92B2002B2F
:10A07800E2D1002AE0D0701C43D18B691A06FCD5C6
:10A08800638D9BB2FF2B48D94B682A46A4F828A0B9
:10A09800204603EA08033B4343EA09034B60314681
:10A0A800638D9BB2002BCED1FFF7D4FE002842D19E
:10A0B80023682021234DD9615A682A405A6084F8C0
:10A0C800411084F8400084F8420000E00220BDE816
:10A0D800F087636C2021002201200B4384F8402084
:10A0E800636484F8411084F84220BDE8F0875A6818
:10A0F80012490A4014493A431143FF222285596004
:10A1080094E78B691B06BBD4F6F704FF401B864215
:10A11800DFD3002EDDD02168ADE7638D9BB2DAB2C4
:10A1280023854B6803EA080343EA02433B4343F0B1
:10A1380000734B6080E70120BDE8F087009800FCC1
:10A148000020008200E800FE0020FF81009C00FC47
:10A158000000FF012DE9F0471F4690F84130202B01
:10A1680040F08E8004460D46002900F08380B2FA44
:10A1780082F916464FEA5919002A7BD05FFA83FA0A
:10A1880090F84030012B7BD0012380F84030F6F75F
:10A19800C1FE212365628046256884F8413084F831
:10A1A80042A0C4F8449066856B68C4F8349023F4E0
:10A1B80000436B607B1C66D1AE693607FCD508236B
:10A1C800EB61E368022B06D0AE69F60328D4AE69CA
:10A1D800F603F9D524E0AB691907FCD50823EB6130
:10A1E8007B1CF1D0AB69DD031AD4F6F793FEA0EB24
:10A1F8000800874253D3002F51D02568F0E7424624
:10A2080039462046FFF7CAFD00285BD1636A2268F9
:10A2180013F8011B9162658D6362013DADB26585DE
:10A22800638D9BB2002BEAD1424639462046FFF7A0
:10A2380011FE00284DD02268536843F40043536050
:10A24800636C042B54D1002363642023D361781CEE
:10A2580041D193691904FCD451680023202041F4AA
:10A268000041516084F84100184684F8423084F86F
:10A27800403003E04FF4007301206364BDE8F087C9
:10A288000220BDE8F087AB69180733D4F6F742FE21
:10A29800A0EB0800874202D30FB125688AE7636CF8
:10A2A800202000212268034384F84010636484F866
:10A2B8004100012084F84210536843F4004353607E
:10A2C800BDE8F08722680120536843F400435360D7
:10A2D800D4E72268B9E793691B04BDD5F6F71AFEDF
:10A2E800A0EB08008742DAD3002FD8D02268AEE767
:10A2F8000120C3E70823EB61E368022B7FF470AF0A
:10A3080008E0F6F707FEA0EB08008742C7D3002F46
:10A31800C5D02568AB691A07F3D55FE70268436BB8
:10A328009169126803B11847704700BF90F841005F
:10A33800704700BF90F84120202A23D15FFA82FCA1
:10A3480090F840200346012A1CD00268242000B55A
:10A3580083F841004FF0000E106820F001001060F3
:10A36800106820F480501060106801437046116036
:10A37800116841F00101116083F841C083F840E0A1
:10A388005DF804FB0220704790F84120202A22D172
:10A39800034600B55FFA82FE90F84020012A1CD0DF
:10A3A800026824204FF0000C83F84100106820F068
:10A3B80001001060106820F4706040EA01216046D6
:10A3C8001160116841F00101116083F841E083F8E0
:10A3D80040C05DF804FB0220704702205DF804FBD2
:10A3E8002DE9F04F076889B00446384604F020F894
:10A3F80010B109B0BDE8F08F8246206803F0C8FFAD
:10A408000028F6D0206803F0C3FF10F0020F206880
:10A4180003D0436903F00203436103F0B9FF10F46A
:10A42800002B206840F0508103F0B2FF10F4802F19
:10A43800206840F0EB8003F0ABFF002874DB206855
:10A4480003F0A6FF000564D4206803F0A1FF020111
:10A4580014D52268536903F00063536194F8F43308
:10A46800002B40F095810121204684F8F413536DA8
:10A47800C3F38303C4F8F83300F024FC206803F026
:10A4880087FFC3047BD4206803F082FF10F4005FC9
:10A4980020685DD103F07CFF10F0100F206812D007
:10A4A800836923F0100383613D6AC5F3434305F0D4
:10A4B8000F06022B00F03182062B00F07F818369A2
:10A4C80043F01003836103F063FF070700F157812E
:10A4D800206803F05DFFC60200F14681206803F0A2
:10A4E80057FF850200F13581206803F051FF4000D5
:10A4F80000F12681206803F04BFF41077FF579AF13
:10A5080023685D686A0700F129825A682A435A60FD
:10A518006FE7D7F80838D90700F11C82206843692B
:10A5280003F40063436190E7D7F8043823F001038C
:10A53800C7F8043894F8F433012B00F0388120462A
:10A54800FEF7EAFC2068436903F00043436177E7BC
:10A5580003F072FF206803F057FC2568E060F8F705
:10A56800ADFF227B0146284603F0B2FB2046FEF7EA
:10A57800A9FC2068436903F4005343618AE7D7F8CC
:10A5880004381021206807F5006523F001036B608B
:10A5980003F020FC6068B0B107F510634FF67F3117
:10A5A80099600AF1010A1A682033824522F40012E0
:10A5B80043F8202CC3F8E811D3F8E02122F4001264
:10A5C800C3F8E021ECD1EB6943F00113EB61236B95
:10A5D800002B40F0E1806A6942F22B0313436B6160
:10A5E8002B6943F00B032B61D7F8003804F571721F
:10A5F800217C23F4FE632068C7F8003803F038FF95
:10A608002068436903F4805343613DE703F0D8FEB3
:10A6180080462068B8F1000F00F0E580264607F56F
:10A6280010694FF0000BCDE9037A09E05FEA58089A
:10A638000BF1010B06F11C0609F1200900F0D58089
:10A6480018F0010FF2D05FFA8BF7394603F0D4FE09
:10A65800C30705461FD50BF00F03039901229A4043
:10A66800D1F8343823EA0203C1F834380123C9F891
:10A6780008302369012B03D1D6E911231344B364AD
:10A6880039462046FEF710FC2369012B03D1BBF1A4
:10A69800000F00F0AC81280702D50823C9F808305C
:10A6A800E90602D51023C9F808306A0602D5402306
:10A6B800C9F80830AB0702D50223C9F808302D06BF
:10A6C80000F1C6802068B1E703F06CFE05462068FB
:10A6D800002D00F0868007F53066A1464FF0000B8C
:10A6E800049707E06D080BF1010B06F1200609F14C
:10A6F8001C097DD0EB07F5D55FFA8BF1039103F0C8
:10A708006DFE10F0010F8046039973D118F0080F01
:10A7180040F0F280206818F0100F01D01023B360C9
:10A7280018F0200F05D02169012900F05A81202353
:10A73800B36018F4005FD5D04FF40053B360D1E78D
:10A748002046FEF7F5FB2068436903F08043436128
:10A75800D1E620465FFA8BF1FEF7E2FB20684369F9
:10A7680003F400134361C0E620465FFA8BF1FEF75D
:10A77800DBFB2068436903F480134361AFE620469E
:10A78800FEF79CFB2068436903F008034361A0E6D9
:10A798002046FEF7A9FB71E6D5F8843043F00B0399
:10A7A800C5F884306B6C43F00B036B641CE7002125
:10A7B800204684F8F41300F085FAC3E6C6EBC60613
:10A7C800082204F57171384603F060FDC5F30A13D9
:10A7D80004EB86022068D2F814120B44C2F8143233
:10A7E8006DE6AB4620E6C34625E6DDE9037A22E6B8
:10A7F800049F19E6206801232769B36000F53063D8
:10A80800012FD0F840E003EB4B139A6800F0C580A5
:10A81800984FBE4540F0BD80170440F1B6804FF414
:10A82800004218F0080F9A603FF475AF026C986800
:10A8380090498A4200F0978020460392FEF724FB55
:10A848008D4B039A9A4200F296800823B36061E721
:10A85800D6E91453D4F800A0AB4250463FF6E6AE12
:10A868000AF51062716CCDF81CA002EB4B12059230
:10A87800EA1A8A4228BF0A4605998969033289B2C9
:10A88800B1EB920FC0F0A980CDF81890C146A04650
:10A89800059C1AE0736C3A46B16C50469D4228BF3D
:10A8A8001D4698F810300093ABB203F0D9FCB36C96
:10A8B800A1692B4489B2B364736D2B440335B1EBA2
:10A8C800950F7365C0F08180356D9D42A5EB03053A
:10A8D800E0D84446C846DDF81890D4F800A0079B95
:10A8E8000122504603F500610BF00F039A404B6BB1
:10A8F80023EA02034B6399E62268216902F5306373
:10A90800126C012903EB4B13986891D15A498A427A
:10A9180029D82046FEF7B8FA97E747F6F0731D42A4
:10A928003FF4CDADC6EBC606C5F30A12384604EBB4
:10A9380086061546D6F8081203F0A8FCD6F80832A1
:10A9480020682B44C6F80832D6F814322B44C6F8CF
:10A958001432B4E52046FEF7C7FADFE52046FEF7D5
:10A96800EBFA2368D1E5020402D54FF400429A605D
:10A978002046FEF789FA216901297FF466AF04F5BC
:10A988007172206803F074FD5FE7900601D52022FC
:10A998009A602046FEF77EFAB8E6170732D53649A0
:10A9A8008E4504D9120402D54FF400429A6020461D
:10A9B8000393FEF769FA04F571720121206803F028
:10A9C80057FD0822039B9A60A0E64446356DC846A9
:10A9D800DDF81890D4F800A050469D423FF626AE08
:10A9E8007DE704F5717203F043FD20689FE6236D4F
:10A9F800002B7FF450AE04F571720121206803F03A
:10AA080037FD48E6970608D520229A6018F0080F07
:10AA18003FF481AE026C986878E712F0280FF5D100
:10AA2800154FBE4505D9120403D54FF400429A606C
:10AA3800ECE71B692046D9F80422C3F31203D31AA2
:10AA4800C9F81432D9F808321344C9F80832FEF7A5
:10AA580021FABBF1000F7FF459AED4F81032002B65
:10AA68007FF454AE04F571720121206803F000FDF3
:10AA78004CE600BF0A31544F0A30544F90F8BC23BB
:10AA8800012A0ED0012210B50446006884F8381057
:10AA980084F8BC2303F06AFC0023184684F8BC330E
:10AAA80010BD0220704700BF10B501F00F0E090657
:10AAB800044627D44FF01C0C0CFB0E0C0CF5FE7151
:10AAC800CEEBCE0C00EB8C0C00208CF8FD018A60DC
:10AAD8004A7881F800E0CB700AB1A1F806E0022BB1
:10AAE80001D100230B7194F8BC33012B18D001233A
:10AAF800206884F8BC3303F099F90023184684F8D9
:10AB0800BC3310BD1C204FF0010C00FB0E4000F1BF
:10AB18003C01CEEBCE0004EB800080F83DC0D6E7C8
:10AB2800022010BD10B501F00F041C21C4EBC40CA9
:10AB380001FB040100EB8C0C01F5FE71CCF810321E
:10AB48000023CCF808228CF8FC41CCF814328CF89D
:10AB5800FD3103690068012B08BFCCF80C22DAB27A
:10AB68001CB903F0C3FA002010BD03F0A7F90020B8
:10AB780010BD00BF10B501F00F041C21C4EBC40CBC
:10AB880001FB040100EB8C0C3C31CCF85030002365
:10AB9800CCF84820CCF8543001238CF83C408CF891
:10ABA8003D3003690068012B08BFCCF84C20DAB2AD
:10ABB8001CB903F09BFA002010BD03F07FF90020B8
:10ABC80010BD00BF38B5436801F00F059D4234D869
:10ABD8000B0604461DD41C22C1EBC10302FB010174
:10ABE80000EB8303002201F5FE7183F8FD210123A8
:10ABF8000D708B7094F8BC239A421CD0206884F89E
:10AC0800BC3303F053FBD5B10023184684F8BC339A
:10AC180038BD1C21C5EBC503012201FB050100EB72
:10AC280083033C3183F83D2001230D708B7094F829
:10AC3800BC239A42E2D1022038BD012038BD04F578
:10AC48007172217C206803F013FCDDE7426838B597
:10AC580001F00F03934232D811F0800F04464FF0F1
:10AC68001C01C3EBC30219D101FB0341002004EB13
:10AC78008202002501F5FE7182F8FD010B708D70CE
:10AC880094F8BC33012B18D00123206884F8BC3316
:10AC980003F040FB284684F8BC5338BD01FB034150
:10ACA800012004EB820200253C3182F83D000B7044
:10ACB8008D7094F8BC33012BE6D1022038BD0120F9
:10ACC80038BD00BF704700BF38B5114BDA6852076E
:10ACD80004D4DB6803F00703834214D10C4CE36807
:10ACE80023F007031843E060F6F714F9054605E07A
:10ACF800F6F710F9401BB0F57A7F06D863689B0415
:10AD0800F6D5002038BD012038BD032038BD00BF6E
:10AD180000480258024AD36843F08073D3607047F2
:10AD28000048025870B44D6A15B1B2F1406F3AD17B
:10AD38008B691BB30C6A002C4CD08E680068C66106
:10AD4800CE69002E69D02B4313432343CC6A334387
:10AD580023430C6B23434C6B23430C692343CC687C
:10AD680023430C6823434C69B2F1406F43EA8443A0
:10AD7800436165D04B6870BC836170470B6ABBB197
:10AD880000682B438C68CE69C461002E6BD01343D6
:10AD9800CC6A334323430C6B23434C6B23430C692A
:10ADA8002343CC68DEE78B6A0468013B2361BFE775
:10ADB800CB69002B66D1002D42D0CB6A0C6B2B439C
:10ADC800006813434A6923434C6B234343EA824395
:10ADD800436135E0CC6945EA030C002C32D00368A6
:10ADE8004CEA0200B2F1406F40EA0400CC6A40EA43
:10ADF80004000C6B40EA04004C6B40EA0400CC6889
:10AE080040EA04000C6840EA04004C6940EA8440C7
:10AE1800586115D04A689A6112E045EA030C0D6939
:10AE28004CEA0203CA6A23431343D1E90C42234381
:10AE38000C6813434A692B43234343EA8243436123
:10AE480070BC7047CC6A4CEA020300682343D1E91E
:10AE58000C4223430C6813434A69234343EA824361
:10AE680070BC43617047CC6A13432343D1E90C4259
:10AE780023431343D1E90442234343EA824370BC8A
:10AE8800436170472B43CD6A0C6B134300682B4317
:10AE980023434C6B84E700BF70B50446F6F73AF8D5
:10AEA800002C54D094F84030012B52D00123064690
:10AEB80084F8403094F8413003F0FF02002B34D07E
:10AEC800A56C2268A1681368013923F4706343EA0A
:10AED8000123136001E06B1C31D1936813F0200348
:10AEE800F9D1E069E16815680143206A01436068A7
:10AEF80041EA00611C482840014360691160A1696A
:10AF080055680143206941EA004118482840012555
:10AF1800014318465160116829431160636484F83D
:10AF28004150002384F8403070BD204684F840200A
:10AF3800FCF7C2F841F288331D46A364C1E7F5F770
:10AF4800E9FF801BA84206D82DB12268C5E7012079
:10AF580070BD022070BD0423012084F84130636C69
:10AF680003436364DDE700BF2FFFFF00FEF8E0FF47
:10AF7800C8B110B590F840300446012B11D00268D2
:10AF8800012380F84030136823F001031360FCF7B5
:10AF980021F900236364184684F8413084F840306E
:10AFA80010BD022010BD0120704700BF2DE9F041FF
:10AFB80004460E461546F5F7ADFF94F84030012BD0
:10AFC8003AD0012384F8403094F84130012BDFB2A5
:10AFD80006D002270023384684F84030BDE8F081C7
:10AFE800002380466364022384F84130681C236888
:10AFF8000ED19A6812F02002FBD131462046FFF7A5
:10B0080091FE736AE3B10123002784F84130E1E738
:10B018009A6812F020021ED0F5F77CFFA0EB08001A
:10B02800854201D3002DE1D1042384F84130636CBB
:10B0380043F001036364CDE702273846BDE8F08199
:10B04800226893689B07FCD5022101230027D16061
:10B0580084F84130BEE731462046FFF763FE736A45
:10B0680043B1D0E7F5F756FFA0EB08008542DBD3E4
:10B07800002DD9D0226893689907F3D5E4E700BF7B
:10B088002DE9F843044689461546F5F743FF94F839
:10B0980040302768012B67D0012384F8403094F8AA
:10B0A8004130012B5FFA83F807D04FF002080023E4
:10B0B800404684F84030BDE8F88300236364B9F162
:10B0C800000F56D01223064684F841303B690133FD
:10B0D800E3623B69C4F824900133A3627B6923F0DF
:10B0E80040637B61E36A002B31D06A1C394611D179
:10B0F8008B685B07FCD5636A1B7887F82030E26AA7
:10B10800636A013A0133E262E26A6362F2B16A1C7D
:10B118002168EDD08B685807EDD4F5F7FBFE801B4E
:10B12800854201D3002DF2D1042384F84130636CA9
:10B1380043F00103636413E0BB689B070CD4F5F785
:10B14800E9FE801B8542EFD3002DEDD02768691CEE
:10B15800F2D1BB689A07FCD502234FF00008FB60C8
:10B16800012384F84130A2E74FF002084046BDE8C9
:10B17800F883636C43F00803636498E72DE9F843A8
:10B18800044615468946F5F7C5FE2768BA6994F856
:10B198004030012B6CD0012384F8403094F84130C2
:10B1A800012B5FFA83F807D04FF0020800234046CE
:10B1B80084F84030BDE8F88300236364B9F1000FD8
:10B1C8005BD02223064684F841303B690133A363F0
:10B1D8003B69C4F83090013363637B6923F04063B3
:10B1E80043F080637B61BA61A36B002B33D0681C8A
:10B1F800394612D18B6813F0060FFBD097F8202040
:10B20800236B1A70A26B236B013A0133A263A26B02
:10B218002363FAB1681C2168ECD08B6813F0060F21
:10B22800ECD1F5F777FE801B854201D3002DF1D1D3
:10B23800042384F84130636C43F00103636413E032
:10B24800BB689B070CD4F5F765FE801B8542EFD3DE
:10B25800002DEDD02768691CF2D1BB689A07FCD590
:10B2680002234FF00008FB60012384F841309DE77A
:10B278004FF002084046BDE8F883636C43F00803CA
:10B28800636493E72DE9F84F04461F4689469046C4
:10B29800F5F740FE94F84030012B52D0012384F892
:10B2A800403094F84130012B5FFA83FB07D04FF010
:10B2B800020B0023584684F84030BDE8F88F00237D
:10B2C80082466364422384F841307A1C26682CD174
:10B2D800B568AB06FCD4D8F8003049462046B362BE
:10B2E800D8F804307362D8F80830F3623268D8F8B6
:10B2F800103022F440021343D8F80C2043F48003A2
:10B308003360C9F828204FF00062FFF70BFD781C66
:10B3180022681BD193681907FCD5082101234FF037
:10B32800000BD16084F84130C3E7B3689D06D2D5DD
:10B33800F5F7F0FDA0EB0A00874212D3002FC4D125
:10B348000FE04FF0020B5846BDE8F88F93681B07D3
:10B35800E3D4F5F7DFFDA0EB0A00874201D3002F05
:10B36800D5D1042384F84130636C43F0010363644E
:10B378009FE700BF2DE9F04704460F461646F5F74C
:10B38800C9FD94F84030012B45D0012384F84030A2
:10B3980094F84130012B5FFA83F907D04FF0020986
:10B3A8000023484684F84030BDE8F08700238046F3
:10B3B800D4F848A06364822384F84130BAF1FF3F8F
:10B3C800256814D1AB689A06FCD42B68726823F000
:10B3D8000803082A43EA02032B6021D04FF0406299
:10B3E800394620464FF00009FFF79CFCD8E7AB68C8
:10B3F8009B06EAD5F5F78EFDA0EB0800824502D33F
:10B40800BAF1000FDAD1042384F84130636C43F0B9
:10B4180001036364C4E74FF002094846BDE8F087BA
:10B42800326810232A63EB602B6843F480132B6087
:10B43800D4E700BF704700BF08B5006C00238363E2
:10B44800C36290F84130082B0BD103680222DA60FE
:10B458001A6842F400321A601A6842F002021A604E
:10B4680008BD012380F84130FFF7E4FF08BD00BFA5
:10B47800704700BF704700BF704700BF704700BFEC
:10B48800704700BF704700BF704700BF38B50368FA
:10B4980004469A68196855070ED548030CD594F8E0
:10B4A8004120122A75D094F84120222A00F0A18068
:10B4B8002046FFF7E5FF38BD950726D5880324D534
:10B4C8000222DA601A6822F4E0221A6094F8412015
:10B4D800122A7AD094F84120222A00F0A98094F800
:10B4E8004120022A00F0D08094F84120082AE2D1B5
:10B4F8005A690121204622F040625A6184F84110BD
:10B50800636C3BBBFFF7B4FF38BD150725D4D507DF
:10B5180035D5C80333D50125DD601A6822F47022B9
:10B528001A60626C42F0020262641A68520779D5A6
:10B538001A68E06B22F004021A60574B836504F026
:10B548006FFE0028B7D0636C204643F004036364A1
:10B5580084F84150FFF76EFF38BD0803D7D508229D
:10B56800DA601A68520206D51A68012122F41022FC
:10B578001A6084F841102046FFF784FF38BDD006D2
:10B5880099D5CA0297D510222046DA60FFF77CFFCA
:10B5980038BD9A6850078BD518460EE0626A127853
:10B5A80083F82020E16A20680139626AE162013289
:10B5B800816862624D077FF57BAFE26A002AEDD1B0
:10B5C800036823F48023036072E71A68510709D5DA
:10B5D8001A68E16B22F0040209681A60CB6823F04C
:10B5E8000103CB600123204684F84130FFF746FF72
:10B5F80038BD9A6852077FF55BAF18460EE093F89E
:10B608002010226B1170A16B20680139226BA16395
:10B6180001328168226349077FF54AAFA26B002A8D
:10B62800EDD1CDE7204684F84150FFF703FF38BD40
:10B638001A6852071DD49A6812F47C5F0FD111E082
:10B6480093F82010226B1170A16B20680139226BCE
:10B65800A16301328168226311F47C5F02D0A26B7E
:10B66800002AEDD10123204684F84130FFF704FF7A
:10B6780038BD1A68E16B22F0040209681A60CB68C9
:10B6880023F00103CB60EDE70123204684F8413025
:10B69800FFF7F0FE38BD00BF41B40008F8B50168F7
:10B6A8000546AC4B99421FD0203399421CD003F574
:10B6B8007873994258D02033994255D003F578735E
:10B6C800994200F01E812033994200F01A8195F8C2
:10B6D8009130A14E03F0FF026BB9284685F89020FF
:10B6E800FBF760FE296806E09C4E95F8913003F060
:10B6F800FF02002BF1D09A4B9A4A1B68A2FB032346
:10B708000A681B0B22F480329B000A6023B30C6882
:10B71800013B14F48034F9D1022385F89130EB68A9
:10B72800012B00F01081022B15BF032023200227D4
:10B73800222715BF4FF0010C4FF0210C00222022C8
:10B74800AB68013B042B00F24B81DFE813F0CF001C
:10B758001000D6000F00D200D5F89430012043F035
:10B768004003C5F89430F8BD7F4EBEE73A464FF423
:10B7780000672B6A3260002B44D0764B994200F068
:10B788001E817A48081AB0FA80F04009002840F073
:10B798001681774B994200F00C812033994200F0D2
:10B7A8000881744B994200F0FE802033994200F0E2
:10B7B800FA80714B994200F00881704B994200F071
:10B7C8000A81AB6900EB8000B3F5002F4FEA400314
:10B7D80000F0E280AA6A296AB2F1806F0CBF0222E7
:10B7E800012201FB02F21202B3FBF2F3644AA2FB4C
:10B7F8000312D20802EB8201A3EB4103092B08BF15
:10B8080001326A626B6833F002032B6D40F0968058
:10B81800012B14BF4FF400740024F5F793FB696CF7
:10B82800B0F5005FD5E9003242EA0102A96C42EAAC
:10B838000102E96C42EA0102E96A42EA0102696925
:10B8480042EA010272D3A96918680A43A96A0A433D
:10B858004C490140196029690A4319680A43696A11
:10B8680042EA015248493A4322431A605A68286B0F
:10B878001140EA690243686B5960024359680A43F8
:10B8880042495A609A6811406A6E9960E96D9868F1
:10B898000A43296E0A43696D01390A43A96D0139C2
:10B8A80042EA012202434FF220009A60D968AA6E48
:10B8B8000140D960E96ED8680A43696F42EA0142DB
:10B8C800296F013942EA0122224902438B42DA6098
:10B8D80019D0294A934216D000230122C5F8943082
:10B8E800184685F8903085F89120F8BD4FF48067A8
:10B8F8003FE702464FF400673BE762464FF40067B4
:10B9080037E7234EF1E6736C23F00103736495F86F
:10B918003830012BE0D1D5E90F23013A43EA02136D
:10B928007364736C43F001037364D5E7A9691868FD
:10B938000A43184901401960A96A8DE7012B08BF1D
:10B948004FF4007469E7132012274FF0110C1022EE
:10B95800F6E600BF04580140005400580058014062
:10B96800440200241BECCB95005C014024580140A4
:10B97800045C0140046001400454005824540058F9
:10B98800CDCCCCCC10C005F0F01FFFFF0080F8FF35
:10B998000060014010C005F82A6A696D01FB02F2D7
:10B9A800B3FBF2F322E74FF40070F8F753FE29686F
:10B9B800FFE64FF40070F8F74DFE2968F1E64FF402
:10B9C8008070F8F747FE2968E3E64FF48060F8F7DF
:10B9D80041FE2968F1E64FF40060F8F73BFEF0E617
:10B9E8000027C6E6022938B5044635D9C81E0128FD
:10B9F80030D8002023676064E064E065A0664FF6F5
:10BA0800FF706067606830F002000CBF01250025F8
:10BA180004294FF4003125650CBF01200D20216653
:10BA28004FF48021A0656166032A13D8DFE802F08D
:10BA3800474E54362368484A934205D002F1C05213
:10BA4800A2F58232934205D16368012B02D1636C5F
:10BA5800002B2FD0012038BD002023676064E064EC
:10BA6800A066606830F0020014BF01200020206545
:10BA78004FF48030E0654FF6FF70606713F0010007
:10BA8800E8D14D1E012D29D860664FF4003020669C
:10BA9800032ADFD8DFE802F05546362CE0215B01A7
:10BAA8008022A1646365E266F5F74CFA94F83830B1
:10BAB800012BBFD02046BDE83840FFF7EFBD8021FD
:10BAC8001B014022A1646365E266EDE780225B0109
:10BAD800A2646365E266E7E7C021E0E720664FF409
:10BAE80080206066032AB5D8DFE802F02B1C0C0220
:10BAF8005B08E02080219A01A0645B01E166C4E94B
:10BB08001523D1E75B08C022802502294FEA83105C
:10BB1800A2644FEA4313E5666065A365C4D10823B0
:10BB2800A366C1E75B08802202294FEA8310A2645A
:10BB38004FEA4313E266C4E91503B5D11023A3669F
:10BB4800B2E75B08802040215A01A0641B01E1662E
:10BB5800C4E91523A8E700BF045801402DE9F843BC
:10BB68000F4604461546F5F7D5F9002F61D0B5FA0A
:10BB780085F84FEA5818002D5BD094F89130012BC6
:10BB88005FFA83F950D194F89030012B4CD043469A
:10BB9800C4F894800646D4F8800065F30F03226841
:10BBA80084F89090394665F31F43A7671C32E36712
:10BBB8002B46122584F891502E4DC0F8508005640C
:10BBC8002D4DC5632D4DC564F6F724FB00283ED1E5
:10BBD800636C082B636831D005216122023B012B7D
:10BBE80098BF1146226813690B431361136843F425
:10BBF8000033136006E0F5F78DF9831BB3F57A7F00
:10BC08002AD82268556915F4E025F4D01368DB03B7
:10BC180003D4136843F4803313600023994684F8EF
:10BC280090304846BDE8F8834FF002094846BDE821
:10BC3800F8834FF001094846BDE8F88323F0020273
:10BC4800012A0BBF1521052171226122C6E748464A
:10BC580084F89080BDE8F883D4F894304FF0030955
:10BC680084F8905043F040034846C4F89430BDE847
:10BC7800F88300BFC5BD00085DBD000845BE0008CB
:10BC8800F8B500294ED0B2FA82F513466D09002A9C
:10BC980048D090F891200446012AD6B23FD190F8B6
:10BCA8009020012A3BD081670A462946222780F83E
:10BCB800906063F30F01C0F8945063F31F41C167AC
:10BCC800D0F8840084F891701E4F216807641E4FD5
:10BCD8001C310565C7631D4FC764F6F79BFA20BB87
:10BCE80023681A68D20303D41A6842F480321A60AF
:10BCF800626C082A62681CD005216120023A012A78
:10BD080098BF01461A6900200A4306461A611A6854
:10BD180042F400321A6084F890003046F8BD0226DA
:10BD28003046F8BD01263046F8BD304684F89050BC
:10BD3800F8BD22F0020101290BBF15210521712050
:10BD48006120DBE735BE0008D1BD000845BE00080C
:10BD5800704700BF08B5C369806BB3F5807F1BD0FF
:10BD680003684FF0000C416C1A680829A0F87EC0DF
:10BD780022F400321A60426811D06FF0610C6FF043
:10BD88000501023A012A98BF61461A694FF0010C71
:10BD98000A401A6180F891C0FFF7DAFF08BD22F067
:10BDA800020101290BBF6FF0710C6FF0610C6FF08D
:10BDB80015016FF00501E4E7704700BF806B08B517
:10BDC800FFF7FAFF08BD00BF08B5C369806BB3F57C
:10BDD800807F1BD003684FF0000C416C1A6808295B
:10BDE80022F400321A604268A0F87EC011D06FF0C9
:10BDF800610C6FF00501023A012A98BF61461A6981
:10BE08004FF0010C0A401A6180F891C0FBF7D0FB93
:10BE180008BD22F0020101290BBF6FF0710C6FF011
:10BE2800610C6FF015016FF00501E4E7806B08B550
:10BE3800FBF782FB08BD00BF704700BF10B5846BDD
:10BE4800F6F7F2FE022823D0D4F89420216842F0B5
:10BE58008002134B1348C4F894201B680A68A0FB9F
:10BE6800030322F400321B0B0A600A689B0022F4C9
:10BE780080320A606BB10A68013BD203FAD401220E
:10BE88000023204684F89120A4F87E30FFF7D4FFE1
:10BE980010BDD4F8943043F04003C4F89430EEE772
:10BEA800440200241BECCB9518B338B590F82C301D
:10BEB80004460D4603F0FF02B3B12146022384F87D
:10BEC8002C3051F8040B01F057FE626829462068AF
:10BED80001F090FE084A01210020136843F0004356
:10BEE800136084F82C1038BD80F82D20F8F7C0FFB7
:10BEF800E3E70120704700BF0040005270B590F89A
:10BF08002C300446022BD8B204D000F0FB06012ED8
:10BF180001D0012070BD02230D46206884F82C3022
:10BF280001F0B4FE2B68022B03D0002084F82C60AB
:10BF380070BD0523002084F82C3070BD38B590F80A
:10BF48002C300446022BD8B205D094F82C30012BA3
:10BF5800DDB201D0012038BD0223206884F82C30DE
:10BF680001F0A8FE002084F82C5038BDF8B5D0F8B0
:10BF78008070202F44D1002940D0B2FA82F6760989
:10BF8800002A3BD0044690F87C00012838D00125CF
:10BF98002123606FA4F856202165C4F88860A4F8AE
:10BFA800542084F87C50C4F88030D8B1DFF854C0ED
:10BFB80013462268C0F83CC0DFF84CC0283206653A
:10BFC800C0F840C0DFF844C0C0F84CC0F6F722F90A
:10BFD80040B11023284684F87C60C4F88830C4F83F
:10BFE8008070F8BD2368002240211046196284F849
:10BFF8007C209A6842F080029A60F8BD0120F8BD62
:10C008000220F8BDC5C00008F5C0000845C10008F9
:10C01800F8B5D0F88470202F48D1002944D0B2FA5E
:10C0280082F67609002A3FD090F87C300446012B2E
:10C038003CD001252223C0F888608165A0F85C20E7
:10C0480080F87C50C0F88430806FE0B1DFF860C0C1
:10C0580013460A462168C0F83CC0DFF858C02431AE
:10C068000665C0F840C0DFF850C0C0F84CC0F6F70D
:10C07800D1F840B11023284684F87C60C4F8883091
:10C08800C4F88070F8BD2368002084F87C001A6822
:10C0980042F480721A609A6842F001029A609A68C3
:10C0A80042F040029A60F8BD0120F8BD0220F8BDB8
:10C0B80001C1000839C1000845C1000808B5C369B5
:10C0C800806BB3F5807F0CD003680022A0F856205F
:10C0D8009A6822F080029A601A6842F040021A6058
:10C0E80008BDFCF787F908BD704700BF806B08B52D
:10C0F800FFF7FAFF08BD00BF08B5C369806BB3F549
:10C10800807F12D0036800222021A0F85E201A68E0
:10C1180022F480721A609A6822F001029A609A6882
:10C1280022F040029A60C0F88410FCF767F908BD55
:10C13800806B08B5FCF7ACF908BD00BF806B38B55B
:10C148000368D0F88040D0F884109A68150601D5A5
:10C15800212C1DD09A68520601D5222908D0D0F882
:10C16800883043F01003C0F88830FCF7D9F938BD9F
:10C1780000240F4A2025A0F85E40196821F4907128
:10C18800196099680A409A60C0F88450C466E6E766
:10C1980000222024A0F856201A6822F0C0021A6053
:10C1A8009A6822F400029A60C0F88040D2E700BF83
:10C1B800FEFFFFEF0268D36970B51E0715680446D5
:10C1C800916800F084806C4805F4907C08405CEA33
:10C1D80000061DD1D80202D54E0200F19D80180636
:10C1E80006D501F4000105F08000014340F08C8081
:10C1F8005E0602D5680600F19B80190202D56A0026
:10C2080000F1A380DB0102D5002DC0F2AA8070BD29
:10C21800DE0709D5EE0507D501261662D4F8886031
:10C2280046F00106C4F888609E0760D5CE0709D598
:10C2380002261662D4F8886046F00406C4F88860BE
:10C248005E0758D41E070CD505F0200C5CEA0000E8
:10C2580007D008201062D4F8880040F00800C4F81D
:10C268008800D4F888000028D1D09E0606D505F0AD
:10C27800200501F0805155EA01036BD1D4F88850AC
:10C28800936805F0080503F040031D436ED011685C
:10C2980020203A4B21F49071116091680B400021E5
:10C2A8009360C4F884009368E1665D063CD59368A2
:10C2B800A06F23F040039360002835D0304B03650E
:10C2C800F6F7C8F80028A2D0A06F036D0CE09E0610
:10C2D80080D505F0200C01F0805E5CEA0E063FF484
:10C2E80079AFC36E002B92D0BDE8704018475E0747
:10C2F800A8D5CE07A6D504261662D4F8886046F0DD
:10C308000206C4F888609DE7236F002B3FF47FAFD7
:10C318002046BDE8704018474FF48013204613624A
:10C32800BDE8704001F068BB2046FCF7F9F870BD25
:10C3380013682020002123F040031360C4F8800014
:10C3480020462167FCF756F870BD2046BDE87040CE
:10C3580001F056BBE36E002B90D020469847226828
:10C368008CE72046BDE8704001F048BB2046FCF74A
:10C37800D7F8C4F8885070BD01000010FEFFFFEF29
:10C388008DC3000808B5806B0023A0F85E30A0F8C4
:10C398005630FCF7C5F808BDD0F88020D0F88400E6
:10C3A80010437047F0B58268044687B02368D0E927
:10C3B80004101D680A43616E0243E06902430A43A0
:10C3C800A8492940A84D0A43E168AB421A605A6857
:10C3D80022F4405242EA0102A1695A6000F09D80AD
:10C3E800226A9D681143A14A666A2A4011439960EE
:10C3F800DA6A22F00F023243DA629D4A934224D06D
:10C408009C4A934255D09C4A934200F02F829B4A03
:10C41800934200F09B829A4A934200F0E980994A3D
:10C42800934200F09D82984A934200F0D885974A3B
:10C43800934200F0D682012500234FF001122846CE
:10C448002367C4E91A2307B0F0BD914B5B6D03F075
:10C458003803282BEFD88F4AD55CB0F5004F33D07E
:10C46800202D00F2D981202D00F2B680DFE815F0EA
:10C47800A8017B01B400B4007201B400B400B40098
:10C488004901B400B400B400B400B400B400B4006E
:10C498001C01B400B400B400B400B400B400B4008B
:10C4A800B400B400B400B400B400B400B400B400E4
:10C4B800CA00774B5B6D03F00703052BBBD8764AA0
:10C4C800B0F5004FD55CCBD1202D00F21482202D81
:10C4D80000F20082DFE815F08A035804FE01FE012D
:10C4E8002804FE01FE01FE018604FE01FE01FE0194
:10C4F800FE01FE01FE01FE01F203FE01FE01FE0146
:10C50800FE01FE01FE01FE01FE01FE01FE01FE012B
:10C51800FE01FE01FE01FE01B7039868534A02407E
:10C528005B480A439A60DA6A616A22F00F020A439A
:10C53800DA62836D03F00703052B3FF67CAF574A99
:10C54800D65C202E00F29C81012E7FF674AFB31EBC
:10C558001E2B3FF670AF01A252F823F01BCB000848
:10C568003FC40008C5CA00083FC400083FC400080B
:10C578003FC400088FCB00083FC400083FC4000830
:10C588003FC400083FC400083FC400083FC4000877
:10C598003FC400082FCB00083FC400083FC4000870
:10C5A8003FC400083FC400083FC400083FC4000857
:10C5B8003FC400083FC400083FC400083FC4000847
:10C5C8003FC400083FC400083FC400083FC4000837
:10C5D8003FC40008A5CB000801250023A3F11001E2
:10C5E8004FF6EF7291423FF626AF2268D36023E7F9
:10C5F800274B5B6D03F00703052B3FF61CAF284A5A
:10C60800D55C2AE7002E00F0B581012E00F09E854A
:10C61800022E00F0B185032E00F0D885042E00F01C
:10C62800F485052E00F08486062E00F0BE86072EBF
:10C6380000F0FD86082E00F05087092E00F07B8759
:10C648000A2E00F0DC8743F60953164A0B2E18BF52
:10C6580013466268002503EB5203B3FBF2F39BB267
:10C66800BCE700BFF369FFCF000C0058FFF4FF11CF
:10C67800001001400044004000480040004C0040C9
:10C68800005000400014014000780040007C004049
:10C6980000440258BC140108E8140108F014010809
:10C6A800E814010800093D00B34B1A68920640F1EE
:10C6B8006F811A68B14BC2F3C102D340002EC8D0B3
:10C6C800012E00F0EF81022E00F0C584032E00F049
:10C6D800BF84042E00F02B85052E00F09D86062EC3
:10C6E80000F0DC86072E00F01C86082E00F04E862F
:10C6F800092E00F08E860A2E00F0E3860B2EA8D1B4
:10C7080026E003A8F7F72AFE626A049B002AA0D055
:10C71800012A00F0C781022A00F09D84032A00F054
:10C728009784042A00F00385052A00F0FD84062A70
:10C7380000F07E85072A00F0F485082A00F0268696
:10C74800092A00F066860A2A00F0BB860B2A80D1E7
:10C758001B0A7EE76846F7F743FD626A019B002AD9
:10C768003FF477AFD4E7F6F7DBFE636A03B3012B38
:10C7780000F0F384022B00F0CE84032B00F0C88471
:10C78800042B00F01785052B00F01185062B00F00F
:10C798000686072B00F04886082B00F09B86092B9D
:10C7A80000F0E1860A2B00F03B870B2B08BF000A3C
:10C7B8006268002500EB5203B3FBF2F39BB20DE76E
:10C7C800F6F792FE636A03B3012B00F0C984022BCB
:10C7D80000F0A784032B00F0A184042B00F0E4846C
:10C7E800052B00F0DE84062B00F0E685072B00F011
:10C7F8003686082B00F08786092B00F0B1860A2BB5
:10C8080000F0FA860B2B08BF000A626800EB52039F
:10C81800B3FBF2F39BB2E1E6402D7FF40CAE002EA1
:10C8280000F0DC80012E00F09484022E00F0A78432
:10C83800032E00F0C784042E00F0EC84052E00F0CF
:10C848007A85062E00F0B485072E00F0FE85082EA6
:10C8580000F04986092E00F08B860A2E00F0298701
:10C868000B2E0CBF80234FF40043F2E6424B5B6D66
:10C8780003F00703052B3FF6DEAD414AD55CECE536
:10C88800402E7FF4D8AD002900F0B580012900F0D2
:10C898006E84022900F08284032900F0AF84042901
:10C8A80000F03B85052900F06985062900F0AD8573
:10C8B800072900F0EF85082900F03686092900F0DD
:10C8C8005B860A2900F0F9860B290CBF80254FF4F6
:10C8D800004592E001250023A3F110014FF6EF7205
:10C8E80091423FF6A8AD23F00F02C3F3420313436E
:10C8F8002268D360A0E5402D7FF49DAD002E00F0A6
:10C90800D380012E00F0D280022E00F06D84032E19
:10C9180000F0F484042E00F02585052E00F06885CB
:10C92800062E00F0C285072E00F01086082E00F0B3
:10C938004886092E00F059860A2E00F0EC860B2E48
:10C948000CBF4FF480704FF48030AFE00A4B5B6D42
:10C9580003F00703052B3FF66EAD0A4AD55C7CE56C
:10C96800054B5B6D03F03803282B3FF664AD064A90
:10C97800D55C72E5054B6CE6004402580090D00384
:10C98800E8140108E8140108BC14010800093D0076
:10C99800002E00F0BA83012E00F0FD83022E00F075
:10C9A8002A84032E00F0B684042E00F0E484052EB9
:10C9B80000F02885062E00F08785072EDAD0082E8D
:10C9C80000F0C483092E00F0D7830A2E00F01D84DE
:10C9D800B44BB54A0B2E18BF13463AE64FF4004342
:10C9E80037E6B24B5B6D03F00703052B3FF623AD2B
:10C9F800AF4AD55C31E54FF40045676807EB47035C
:10CA0800AB423FF618ADB5EB073F3FF614AD202E0D
:10CA180000F2F082012E7FF60EAD023E1E2E3FF68A
:10CA28000AAD01A353F826F06DCF00083FC40008F3
:10CA380043CF00083FC400083FC400083FC40008B3
:10CA4800E1CE00083FC400083FC400083FC4000806
:10CA58003FC400083FC400083FC400083FC40008A2
:10CA680075CE00083FC400083FC400083FC4000852
:10CA78003FC400083FC400083FC400083FC4000882
:10CA88003FC400083FC400083FC400083FC4000872
:10CA98003FC400083FC400083FC400083FC4000862
:10CAA800FDCD00085B08D4E54FF4803062680025AE
:10CAB80000EB5203B3FBF2F39BB20DE76846F7F7BE
:10CAC8008FFB636A019D03B3012B00F0CF82022B19
:10CAD80000F0C782032B00F0C182042B00F02F83E3
:10CAE800052B00F02983062B00F09883072B00F014
:10CAF8002684082B00F04D84092B00F09B840A2B18
:10CB080000F0FB840B2B00F06582002D3FF494AC01
:10CB180073E7F7F753FB636A0546002BD4D1002D62
:10CB28003FF48AAC69E7614B1A68950640F1A58223
:10CB38001B685D4DC3F3C103DD4000293FF45DAFC1
:10CB4800012900F04D83022900F04683032900F0F3
:10CB58004083042900F04584052900F083840629D0
:10CB680000F0D484072900F02085082900F04F85BB
:10CB7800092900F0F9850A2900F0FD850B297FF4C1
:10CB88003CAF2D0A39E703A8F7F7E8FB636A049D71
:10CB9800002B99D1002D3FF44FAC2EE7002900F06F
:10CBA8006A82012900F0DF82022900F0F28203295B
:10CBB80000F02883042900F0AA83052900F0D8830F
:10CBC800062900F02E84072900F06184082900F066
:10CBD800AF84092900F0EF840A2900F0148543F690
:10CBE8000955344B0B2918BF1D4606E7F6F77CFCA0
:10CBF800636A03B3012B00F0CA82022B00F0F782AC
:10CC0800032B00F07F83042B00F0B083052B00F08A
:10CC1800EB83062B00F05084072B00F09E84082B32
:10CC280000F0B984092B00F0E4840A2B00F0708529
:10CC38000B2B08BF000A61684A0802EB4003B3FBEC
:10CC4800F1F39BB248E6002E00F03A82012E00F084
:10CC58009A82022E00F0C682032E00F04D83042E25
:10CC680000F07E83052E00F0BA83062E00F02184A2
:10CC7800072E00F06F84082E00F08284092E00F041
:10CC8800CC840A2E00F06C8547F612230A4A0B2E34
:10CC980018BF13466268002503EB5203B3FBF2F397
:10CCA8009BB219E690D003000090D00300440258CC
:10CCB800E814010800093D0000127A00A44B1A6824
:10CCC800910640F1FF811A68A24BC2F3C10223FA10
:10CCD80002F206B3012E00F0B182022E00F0378373
:10CCE800032E00F06F83042E00F0C683052E00F09B
:10CCF8000084062E00F06F84072E00F07184082E41
:10CD080000F00385092E00F03C850A2E00F03685D8
:10CD18000B2E08BF120A616800254B0803EB42037B
:10CD2800B3FBF1F39BB2D7E56846F7F759FA626AA5
:10CD3800019902B3012A00F00782022A00F01A8240
:10CD4800032A00F03A82042A00F06282052A00F0E1
:10CD5800EB82062A00F01683072A00F07483082A5B
:10CD680000F0A183092A00F001840A2A00F05B84FC
:10CD78000B2A08BF090A62680025530803EB410320
:10CD8800B3FBF2F39BB2A7E5F6F7CAFB636A03B3FA
:10CD9800012B00F0FA81022B00F02B82032B00F00C
:10CDA8008382042B00F0DA82052B00F02583062B02
:10CDB80000F06983072B00F0C283082B00F0EE8394
:10CDC800092B00F07E840A2B00F08D840B2B08BF02
:10CDD800000A616800254A0802EB4003B3FBF1F33F
:10CDE8009BB279E503A8F7F7B9FA626A0499002AB1
:10CDF800C1D09FE7616A002900F05482012900F040
:10CE08001F83022900F08B83032900F0BF830429C4
:10CE180000F00084052900F0AA84062900F08E8419
:10CE2800072900F08784082900F0E584092900F023
:10CE3800DE840A2900F0A8844748484B0B2918BF0C
:10CE4800184600217B083A4618184FF0000341F1B4
:10CE58000001F3F73DFAA0F54073414A93423FF6CB
:10CE6800EAAA23680025D860FFF7E6BA384A1168AD
:10CE780011F0200100F0E781136800213548C3F361
:10CE8800C103D840636A0BB3012B00F04B83022B1C
:10CE980000F07F83032B00F00584042B00F05D84F1
:10CEA800052B00F02C84062B00F0A984072B00F03A
:10CEB800B484082B00F0AD84092B00F094840A2B6D
:10CEC80000F08D840B2B01D1000A00210902030216
:10CED80041EA10617808B6E703A8F7F73FFA049823
:10CEE800636A002102460BB3012B00F03582022B46
:10CEF80000F08682032B00F0C182042B00F021830E
:10CF0800052B00F04D83062B00F09083072B00F0D3
:10CF18002184082B00F00B84092B00F004840A2BD1
:10CF280000F052840B2B01D1100A0021626809021B
:10CF3800030241EA1061500886E76846F7F750F99E
:10CF48000198636A00210246002BEFD0CCE700BFAE
:10CF5800004402580090D00300093D000000093D3C
:10CF6800FFFC0F00F7F72AF9626A002103460AB3AB
:10CF7800012A00F06E82022A00F0B982032A00F02A
:10CF88002483042A00F09383052A00F0A683062A46
:10CF980000F0DA83072A00F0D583082A00F01C8401
:10CFA800092A00F015840A2A00F02F840B2A01D1DF
:10CFB800030A002162680902180241EA1361530852
:10CFC800C0184FF0000341F10001F3F781F9A0F513
:10CFD800407342E72D0A002D3FF42EAA0DE5B54B0C
:10CFE8005B6D03F00703052B3FF625AAB24AD55C13
:10CFF800FFF733BA402E7FF41EAA616A002900F0B9
:10D008004E81012900F02782022900F08482032939
:10D0180000F0CE82042900F05783052900F05983D7
:10D02800062900F06883072900F06083082900F0CA
:10D03800B783092900F0AF830A2900F0C0830B29C0
:10D048004FF000010CBF4FF400404FF40000F9E628
:10D058009A4AA2FB03239B08FFF7FBBA974BA3FB53
:10D068000535AD08002D3FF4E7A9C6E46D08002D8D
:10D078003FF4E2A9C1E4924DBFE400295AD0012946
:10D0880000F0AC80022900F0DB80032900F0618108
:10D09800042900F0A181052900F0EB81062900F0A0
:10D0A80016820729E7D008295DD0092971D00A29F5
:10D0B80000F02D81834D844B0B2918BF1D469CE43D
:10D0C800824BE7E5002E50D0012E00F0AF80022EF3
:10D0D80000F03B81032E00F07A81042E00F0C78116
:10D0E800052E00F0FD81062E00F04D82072EE7D0B8
:10D0F800082E48D0092E75D00A2E00F03181744BC5
:10D10800744A0B2E18BF1346C4E56F4BFFF7A1BA3C
:10D118006A4BA3FB00308008FFF74ABB674BA3FBB1
:10D1280000308008FFF771BB6B4AA2FB0323DB08C2
:10D13800FFF78FBA644D60E4674BA3FB0535ED0834
:10D14800002D3FF479A958E4490814E6634BFFF72A
:10D1580080BA4FF48043FFF77CBA4008FFF728BB3A
:10D168004008FFF752BB5D4D47E45A4B92E54FF438
:10D17800804542E48908FEE5594BFFF76ABA4FF447
:10D188000053FFF766BA4E4B84E5400821E6400895
:10D1980051E5534D31E4534BFFF75BBA4FF400555B
:10D1A8002BE44D4BA3FB0030C008FFF72EBB4A4BC6
:10D1B800A3FB0030C008FFF7FBBA404BA3FB0123D9
:10D1C8009908D8E541F25553FFF743BA464BFFF7A4
:10D1D80040BA3A4BA3FB0535AD080EE4414D0CE4CB
:10D1E8006D080AE43D4B55E54FF480405EE4800845
:10D1F80021E58008EDE53D4BFFF72BBA41F2555587
:10D20800FFF7FBBB384DFFF7F8BB314BFFF721BAEF
:10D21800C908B0E54FF48053FFF71BBA0C23B5FBE0
:10D22800F3F5002D3FF408A9FFF7E7BB264B31E5DE
:10D23800224AA2FB0323DB08FFF70BBA52086AE570
:10D248002A4DFFF7DABB626A002A00F0C280012A81
:10D2580000F07981022A00F0B281032A00F0C3812C
:10D26800042A00F05E82052A00F05982062A00F09E
:10D278009E82072A00F09982082A00F09D82092AD6
:10D2880000F097820A2A00F083820B2A184A0E4B74
:10D298000EBF00210321134678083A4690E64FF462
:10D2A8000000CFE51348CDE5044BA3FB0023980805
:10D2B8008FE500BF00440258E8140108ABAAAAAAE7
:10D2C80000093D0090D003000090D00300127A00BE
:10D2D80020A107000020A107CDCCCCCC80841E0063
:10D2E80040420F000048E8012A2C0A000024F400FC
:10D2F800000090D00000093DCF4BCBE442F6AA20B5
:10D30800FFF7D4BBCD4BA3FB0023980893E4CC4D87
:10D31800FFF773BBCB4BFFF79CB94FF48055FFF772
:10D328006CBB1B09FFF795B90A23B1FBF3F122E5A2
:10D33800C54BFFF78EB940F6CC43FFF78AB92D09E4
:10D34800002D3FF479A8FFF758BBC04BA2E4920820
:10D35800E1E4BC4DFFF751BB4008E7E5C00838E5FC
:10D36800BB4B97E44FF40050FFF7A0BBC00862E442
:10D37800B54DFFF742BBB74BFFF76BB940F6CC454D
:10D38800FFF73BBB0C23B1FBF3F1F4E45B09FFF7B8
:10D3980060B96D09002D3FF44FA8FFF72EBBA74BCE
:10D3A800A3FB0030C008FFF703BAAB4BFFF751B936
:10D3B80040F6AA23FFF74DB9A04BA3FB0030C008E5
:10D3C800FFF723BA9D4BA3FB02239A08A3E4A34BC0
:10D3D80060E4A34B03215FE79E4DFFF70EBBA14B13
:10D3E80058E4ED08FFF709BB0A23B0FBF3F022E489
:10D3F80041F69810FFF75ABB0A23B0FBF3F0E8E4B4
:10D40800800893E5984BFFF724B940F6AA25FFF763
:10D41800F4BA9B09FFF71DB90A22B3FBF2F3FFF731
:10D4280018B98D4DFFF7E9BA0009FFF7C1B98F4B5D
:10D43800FFF70FB9AD09002D3EF4FEAFFFF7DDBAD7
:10D448008B480021FEE4090995E44FF40063FFF7D7
:10D4580000B94308AEE54FF480000021F2E400096A
:10D46800FFF7D3B90A23B5FBF3F5FFF7C6BA814B2B
:10D4780010E47D4DFFF7C1BAD2084CE40622002320
:10D48800F2F726FF52E50C23B0FBF3F0A1E4774D49
:10D49800FFF7B3BA4FF40065FFF7AFBA0C22B3FB3E
:10D4A800F2F3FFF7D6B8490965E441F25450FFF7A3
:10D4B800FDBA714BFFF7EEBB0C23B0FBF3F0FFF79F
:10D4C800BABBDB09FFF7C5B86C4BFFF7C2B86B4DA9
:10D4D800FFF793BA4009FFF76BB9694BFFF7B9B883
:10D4E800684BFFF7D7BB4FF48063FFF7B2B88308E8
:10D4F80060E50A23B2FBF3F20DE4ED09002D3EF4DA
:10D508009BAFFFF77ABA4009FFF77FB90C23B5FB49
:10D51800F3F5FFF772BA4FF40010002192E45A486D
:10D5280000218FE44008D1E44FF48065FFF765BA25
:10D53800534DFFF762BA4FF22443FFF78AB8000948
:10D5480047E4C008F2E4514B1146A5E64FF4805079
:10D55800FFF7ACBA3A4BFFF79DBB0009FFF76BBB6F
:10D568008009FFF752B98009FFF722B9890902E457
:10D578004FF40073FFF76DB84FF40075FFF73DBA2D
:10D588003A4BFFF787BB2F4BFFF784BB404800217E
:10D5980058E480089AE44009FFF74DBB400918E4B5
:10D5A8000A220023F2F794FEC0E42D09FFF725BAFA
:10D5B8003848002146E44FF22445FFF71EBA364B9F
:10D5C8006AE64FF40060FFF771BA00230622F2F70B
:10D5D8007FFE0346EEE40C23B2FBF3F2FFF79BBB9E
:10D5E8001209FFF798BB2D4B56E64FF48060FFF702
:10D5F8005DBA8009FFF71FBBC009FFF706B947F6F8
:10D608001223FFF726B847F61225FFF7F6B96D097A
:10D61800FFF7F3B92248002114E4194BFFF73ABB8E
:10D62800C009FFF7C5B8C909FFF7A5BB0C2200233D
:10D63800F2F74EFE7AE400BF54581400ABAAAAAA27
:10D6480020A10700AAC2A200801A06000048E8012B
:10D6580040420F0000127A00151605005485450156
:10D66800000090D000350C0000A8610090D00300A5
:10D678000080841E0024F4002A2C0A005561510001
:10D6880048E801000050C3000040420F000048E88D
:10D69800002A2C0A00551500000024F400AAC2A292
:10D6A8000020A10706220023F2F712FE0EE4C308A9
:10D6B80080E44FF48073FEF7CCBF4FF48075FFF71A
:10D6C8009CB98009FFF785BB4FF480100021FFF754
:10D6D800B9BB53480021FFF7B5BB00230A22F2F774
:10D6E800F7FD034666E4C009FFF773BB4FF400205B
:10D6F8000021FFF7A7BB4B480021FFF7A3BB0A2275
:10D708000023F2F7E5FDFFF7E1BB5209FFF703BB82
:10D71800C009FFF790BA4FF40070FFF7C7B9424B42
:10D72800BAE5424BB8E590090021FFF7FFBB400975
:10D73800FFF7FCBB3E480021FFF784BB3D480021B2
:10D74800FFF780BB030935E400230C22F2F7C0FD84
:10D7580003462FE40009FFF7E9BBC008FFF7B6BB93
:10D768004FF22443FFF796BAAD09FFF746B932489E
:10D778000021FFF767BBED09FFF73FB9D209FFF7B3
:10D78800CABA9209FFF7C7BA2C480021FFF75ABB5B
:10D798002B4B002180E54FF400300021FFF752BBEE
:10D7A8004FF480200021FFF74DBB264B74E5264B34
:10D7B80072E5264B00216FE5254B00216CE54FF4FF
:10D7C80080300021FFF73EBBD0090021FFF7AEBB38
:10D7D80083090021FFF7EEBB4309FFF7EBBBC00944
:10D7E8000021FFF773BB80090021FFF76FBB1948C1
:10D7F8000021FFF727BB18480021FFF723BB0C22A5
:10D808000023F2F765FDFFF761BBC3090021FFF7AD
:10D81800D1BB40090021FFF759BB0009FFF756BBF0
:10D8280000CC0C0000AA0A000000A8610000127ACF
:10D838000090D0030015160500801A0600127A0021
:10D848000020A1070000093D005561510040420F2A
:10D858000080841E0024F4000048E801836ADA0787
:10D8680010B406D50168C46A4A6822F4003222431B
:10D878004A609C0706D50168046B4A6822F4803226
:10D8880022434A60590706D50168446B4A6822F466
:10D89800802222434A601A0706D50168846B4A68C9
:10D8A80022F4004222434A60DC0606D50168C46BB4
:10D8B8008A6822F4805222438A60990606D5016854
:10D8C800046C8A6822F4005222438A605A060AD5F8
:10D8D8000168446C4A68B4F5801F22F4801242EA59
:10D8E80004024A600BD01B0606D50268C16C536857
:10D8F80023F400230B4353605DF8044B70474A68D8
:10D90800846C22F4C00222434A60ECE7002370B51D
:10D918000446C0F88830F3F7FDFA054623681A680C
:10D9280011070CD41A68520725D420220023C4F802
:10D9380080201846C4F8842084F87C3070BDDE69E5
:10D9480016F40016EED1F3F7E5FA431BB3F1007FA6
:10D958002368F4D31A682021032022F4D0721A60B5
:10D968009A6822F001029A60C4F8801084F87C60FA
:10D97800C4F8841070BDDE6916F48006D5D1F3F7BB
:10D98800C9FA431BB3F1007F2368F4D3E2E700BF71
:10D9980080B3D0F8803010B5044633B3226824230E
:10D9A8002046C4F88030136823F001031360FEF7A3
:10D9B800F9FC012817D0A36A8BB9236820465A6856
:10D9C80022F490425A609A6822F02A029A601A68F1
:10D9D80042F00102BDE810401A60FFF797BF2046E9
:10D9E800FFF73CFFE9E7012010BD80F87C30FAF72B
:10D9F80055FAD3E701207047704700BF704700BF52
:10DA0800704700BF90F87C20012A17D002680346AF
:10DA18002420002130B4C3F8800020251068146841
:10DA280020F0005024F00104146059661060084684
:10DA3800C3F8805083F87C1030BC704702207047D0
:10DA480090F87C20012A43D002680346242030B491
:10DA5800C3F8800084B014681068EC4604AD20F068
:10DA680001001060906820F06040014319489160FF
:10DA780003C88CE80300184903C905E90300596E77
:10DA880019B391689068C1F3426C05EB5071AC44CE
:10DA980011F8100C11F8081CC0001CF8085CB0FB49
:10DAA800F1F01CF8101CC900B1FBF5F1A3F86810DF
:10DAB8000021A3F86A00202508461460C3F88050A6
:10DAC80083F87C1004B030BC704701210846EDE7AC
:10DAD8000220704760130108F814010890F87C20B0
:10DAE800012A43D002680346242030B4C3F88000DA
:10DAF80084B014681068EC4604AD20F00100106092
:10DB0800906820F0606001431948916003C88CE870
:10DB18000300184903C905E90300596E19B3916850
:10DB28009068C1F3426C05EB5071AC4411F8100CCD
:10DB380011F8081CC0001CF8085CB0FBF1F01CF8D8
:10DB4800101CC900B1FBF5F1A3F868100021A3F877
:10DB58006A00202508461460C3F8805083F87C10BA
:10DB680004B030BC704701210846EDE70220704739
:10DB780060130108F81401080B6810B4D3B90468DD
:10DB8800A3F500434A6823401343D1E902422343E3
:10DB98001343D1E9044223431343D1E90642234303
:10DBA8001343D1E9084223435DF8044B1343036050
:10DBB800002070470268D1E9074322F4F842224363
:10DBC8004C6A1A430A4B2243026042681340D1E967
:10DBD800014223431343D1E9034223431343D1E9C9
:10DBE800054223435DF8044B13434360002070470C
:10DBF8000080FFFF30B40ABB8368D1E9002403F03A
:10DC08007043013C013A43EA04131343D1E9022467
:10DC1800013A013C43EA022343EA0432D1E90434DD
:10DC28008969013B013C013942EA034343EA045351
:10DC380043EA016330BC8360002070478268CC6887
:10DC4800114B013C13404A6943EA0433541E43EA2A
:10DC58000454D1E900258460C3686C1E013A03F0BE
:10DC6800704343EA04130C691A438B68013C8969C1
:10DC7800013B013942EA032343EA044343EA0163CF
:10DC880030BCC36000207047FF0F0FFF0246D1E988
:10DC9800003010B403431469D1E9021023435DF83E
:10DCA800044B013943EA4023002043EA411313613E
:10DCB800704700BF0246054B002010B4546923404A
:10DCC8005DF8044B43EA41015161704701C0FFFF11
:10DCD800022A82B0844613D009230193DCF80C3061
:10DCE800002023F47053CCF80C30019BDCF80C2096
:10DCF8009B0203F470531343CCF80C3002B0704706
:10DD0800224B234A0B44934207D9224B224A0B4405
:10DD1800934205D80E230193E0E70F230193DDE733
:10DD28001E4B1F4A0B44934207D91E4B1E4A0B44F5
:10DD3800934205D20C230193D0E70D230193CDE73D
:10DD48001A4B1B4A0B44934202D80B230193C5E795
:10DD5800184B194A0B44934202D20A230193BDE798
:10DD6800164B174A0B449342B6D3164B164A0B442C
:10DD7800934202D208230193B0E7144B144A0B4490
:10DD8800934234BF072306230193A7E7405327FF95
:10DD9800FF340C00401E1BFF3F420F0000DC0BFF4E
:10DDA8007F4F1200808CF9FE20D6130060B6E5FE86
:10DDB8005FE3160000D3CEFE40771B00C05BB3FEC6
:10DDC800C091210000CA91FE20753800E05459FE28
:10DDD800E09C4100890182B000230A4A41F02001F9
:10DDE8000193016103E0036913F0200307D0019B4D
:10DDF800013393420193F6D9032002B070471846C5
:10DE080002B07047400D0300D0F8083882B003F024
:10DE180006030193019838B10198022804D0019BA8
:10DE2800062B0CBF02200F2002B0704730B44B788D
:10DE38000A78012B20D002F00F0C4FF48033D0F871
:10DE48001C4800EB421203FA0CF32343C0F81C38B9
:10DE5800D2F8003B1B040CD48B68D2F8004BC3F3F8
:10DE68000A03C8781449234343EA80431943C2F894
:10DE7800001B002030BC704700F5006402F00F055D
:10DE880000EB4210AB40E5692B43E361D0F8003961
:10DE98001C04EED48B68D0F80059C3F30A03CC787D
:10DEA80005492B4343EA844343EA8252114330BC79
:10DEB800C0F8001900207047008000102DE9F041DB
:10DEC8004B7891F800C0012B51D000EB4C1C844CCE
:10DED800DCF8105B0CF530632C401C61814C1D692B
:10DEE8002C401C614C6984B38D68012A7E4E2C44F9
:10DEF80004F1FF34B4FBF5F406EAC44EA4B205FB02
:10DF080004F41D694EEA0505C4F312041D611D6978
:10DF180044EA05041C6125D0CB78012B0CD1D0F83C
:10DF2800083813F4807FDCF8003B0CBF43F0005343
:10DF380043F08053CCF8003BDCF8003B43F004434B
:10DF4800CCF8003B0020BDE8F0818C68012A1D69EF
:10DF5800C4F3120444EA05041C611C6944F4002457
:10DF68001C61D9D1CA68002AD6D05A61D4E74D6954
:10DF7800002D3DD000EB4C14594ED1F808E0D4F8F0
:10DF88001089584F08EA0606C4F8106905EB0E0612
:10DF9800013EB6FBFEFED4F810693740524EC4F875
:10DFA800107906EACE46D4F810793E43C4F81069D1
:10DFB800C5F31206D4F810793E43C4F8106904F585
:10DFC800106691F803E0BEF1010F57D0012A72D014
:10DFD800D4F800290CF00F0C42F0044203FA0CF3B9
:10DFE800C4F80029D0F834281343C0F83438A9E716
:10DFF80000EB4C133B4E3A4C012AD3F8107906EA51
:10E008000706C3F81069D3F8106946F40026C3F868
:10E018001069D3F8106904EA060403F51066C3F81A
:10E02800104991F803E03AD0D3F80049BEF1010F46
:10E0380044F00444C3F8004984D1D0F8083813F4F4
:10E04800807F33680CBF43F0005343F08053336044
:10E05800002A7FF477AFADB20335AD083FF472AF55
:10E06800CB6800EB0C3C03EB85010CF5805C53F8A6
:10E07800042B8B42CCF80020F9D163E73369012ADD
:10E0880023F0C0433361336943F00053336117D041
:10E09800D4F8003943F00443C4F80039CDE70B69DC
:10E0A80063B9BEF1010F0ED03368002043F004437A
:10E0B8003360BDE8F0810B69002BF5D07361F0E7A0
:10E0C8000B69002BFAD1D0F8083813F4807F336835
:10E0D8000CBF43F0005343F080533360E4E700BFC4
:10E0E8000000F8FFFFFF07E00000F81FF0B54C78CC
:10E0F8000B78012C26D000EB4310574CD0F8105B5E
:10E1080000F530632C401C61544C1D692C401C6187
:10E118004C69A4B98C681D69C4F31204012A45F43A
:10E1280000251D611D6944EA05041C6149D0D0F829
:10E13800003B43F00443C0F8003B0020F0BD8C686E
:10E148004C61E8E74C69002C40D000EB4315424F86
:10E15800D1F808E0D5F810C9404E74450CEA070715
:10E1680005F5106CC5F81079D5F8107906EA070698
:10E17800C5F8106958D9DCF81040012AC1F814E034
:10E1880044F40024CCF81040CEF31204DCF81060FC
:10E1980044EA0604CCF810403AD0D5F8002942F0F9
:10E1A8000442C5F80029BEF1000FC6D003F00F01E4
:10E1B8000123D0F834288B401343C0F834380020AA
:10E1C800F0BDCA68002AB2D05A61B0E700EB43102C
:10E1D800224B012AD0F8104900F5106C03EA040319
:10E1E800CCF81030DCF8103043F40023CCF81030B1
:10E1F800194BDCF8104003EA0403CCF8103007D0C0
:10E20800D0F8003943F00443C0F800390020F0BDCD
:10E218000B690BB1CCF81430DCF80030002043F067
:10E228000443CCF80030F0BDDCF81060C4F31204ED
:10E23800012A46F40026CCF81060DCF8106044EAA5
:10E248000604CCF81040E3D0D5F8002942F0044287
:10E25800C5F80029AAE700BF0000F8FFFFFF07E0A4
:10E2680010B49DF8044064B903339B0809D0013207
:10E2780001EB830300EB023051F8042B8B42026060
:10E28800FAD100205DF8044B704700BF03329208B2
:10E298000AD000F5805C01EB8200DCF8003041F820
:10E2A800043B8842F9D17047084670474A780B7892
:10E2B800012A00EB43100CD0D0F8002B0BB1002A38
:10E2C80014DAD0F8003B43F40013C0F8003B0020F8
:10E2D8007047D0F80029002A00DB73B9D0F800395C
:10E2E80043F40013C0F8003900207047D0F8003B11
:10E2F80023F08043C0F8003BE3E7D0F8003923F06F
:10E308008043C0F80039D0F8003943F40013C0F84E
:10E318000039E9E74A780B78012A00EB431013D05B
:10E32800D0F8003B23F40013C0F8003BCB78023B45
:10E33800012B01D900207047D0F8003B43F08053EF
:10E34800C0F8003B00207047D0F8003923F40013D0
:10E35800C0F80039CB78023B012BEBD8D0F8003954
:10E3680043F08053C0F80039002070470346090184
:10E378000020D3F8002801F4FE6122F4FE62C3F8FD
:10E388000028D3F800281143C3F80018704700BFCD
:10E3980082B0436901938269019B134001930198FC
:10E3A80002B0704782B0D0F818380193D0F81C2812
:10E3B800019B134001930198000C02B0704700BF05
:10E3C80082B0D0F818380193D0F81C28019B13406C
:10E3D8000193019880B202B0704700BF00EB411171
:10E3E80082B0D1F8083B0193D0F81428019B134060
:10E3F8000193019802B0704784B0D0F8103801F04A
:10E408000F0C00EB41110293D0F834380393039BAF
:10E41800029A23FA0CF3DB01DBB213430293D1F81F
:10E428000839029A13400193019804B0704700BF5D
:10E43800406900F001007047D0F8001900F500634A
:10E448000A4A0A40C0F800299A6802F00602042A1B
:10E4580005D1D0F8002942F00302C0F800295A6813
:10E46800002042F480725A60704700BF00F8FFFF36
:10E47800144B10B4046C9C421AD800F53060002389
:10E4880001290361036943F400230361036943F02D
:10E4980018030361036943F0C043036104D1426177
:10E4A800036843F08023036000205DF8044B704745
:10E4B800D0F8003B00F53060002BE0DA00205DF872
:10E4C800044B70470A30544FD0F8002401F003037E
:10E4D800012900F5806C22F00302C0F80024D0F86E
:10E4E800002443EA0203C0F8003409D0022901D00D
:10E4F8000020704741F270730020CCF80430704758
:10E508004BF680330020CCF804307047D0F8140460
:10E5180080B2704700EB4111002382B001F5A06280
:10E528000193D1F8003513F4802FD1F8003543F06A
:10E538008043C1F8003522D1C36A13F47F0FD1F8A4
:10E54800003523D123F00043C1F80035D1F8003558
:10E5580043F00043C1F80035D1F8003523F40043F7
:10E56800C1F8003502E01368002B13DA019B013370
:10E57800B3F57A7F0193F6D9002002B07047D0F83E
:10E58800103413F47F0FD1F8003506D043F0004360
:10E59800C1F80035002002B0704723F00043C1F8ED
:10E5A8000035D1F8003543F00043C1F80035D1F803
:10E5B800003523F40043C1F8003502E01368002B4E
:10E5C800E8DA019B0133B3F57A7F0193F6D900208D
:10E5D80002B0704730B4002484B04FF48465AA4A6E
:10E5E80000940146836823F0010383600394056166
:10E5F80002E00B69980604D5039B01339342039309
:10E60800F7D900201023A04A02900B6102E00B69A1
:10E61800DB0604D5029B013393420293F7D9D1F864
:10E62800003501F5A06201F5E0600193019B43F01C
:10E6380080430193019B23F000430193019B23F442
:10E6480000430193019BC1F80035D1F820350193AF
:10E65800019B43F080430193019B23F00043019306
:10E66800019B23F400430193019BC1F82035D1F8A5
:10E6780040350193019B43F080430193019B23F0B4
:10E6880000430193019B23F400430193019BC1F8CC
:10E698004035D1F860350193019B43F080430193E5
:10E6A800019B23F000430193019B23F40043019352
:10E6B800019BC1F86035D1F880350193019B43F087
:10E6C80080430193019B23F000430193019B23F4B2
:10E6D80000430193019BC1F88035D1F8A03501931F
:10E6E800019B43F080430193019B23F00043019376
:10E6F800019B23F400430193019BC1F8A035D1F895
:10E70800C0350193019B43F080430193019B23F0A3
:10E7180000430193019B23F400430193019BC1F83B
:10E72800C035D1F8E0350193019B43F08043019354
:10E73800019B23F000430193019B23F400430193C1
:10E74800019BC1F8E035D1F800360193019B43F0F5
:10E7580080430193019B23F000430193019B23F421
:10E7680000430193019BC1F80036D1F8203601938C
:10E77800019B43F080430193019B23F000430193E5
:10E78800019B23F400430193019BC1F82036D1F883
:10E7980040360193019B43F080430193019B23F092
:10E7A80000430193019B23F400430193019BC1F8AB
:10E7B8004036D1F860360193019B43F080430193C2
:10E7C800019B23F000430193019B23F40043019331
:10E7D800019BC1F86036D1F880360193019B43F064
:10E7E80080430193019B23F000430193019B23F491
:10E7F80000430193019BC1F88036D1F8A0360193FC
:10E80800019B43F080430193019B23F00043019354
:10E81800019B23F400430193019BC1F8A036D1F872
:10E82800C0360193019B43F080430193019B23F081
:10E8380000430193019B23F400430193019BC1F81A
:10E84800C036D1F8E0360193019B43F08043019331
:10E85800019B23F000430193019B23F400430193A0
:10E86800019BC1F8E03613680193019B43F0804394
:10E878000193019B43F000430193019B23F4004360
:10E888000193019B136004E0400D03001368002B03
:10E8980005DA009B0133B3F57A7F0093F6D920326D
:10E8A8008242E0D14FF0FF330020C1F814344B61AD
:10E8B8008B6843F001038B6004B030BC704700BF25
:10E8C80008B5D0F88C321BB11B68984700B908BD51
:10E8D800022008BD08B5D0F88C325B689847002044
:10E8E80008BD00BF38B500F520750446284600F07D
:10E8F8007DFB0122B4F8863294F88012C4E99B2388
:10E9080001F01F03934209D0022B13D063B101F029
:10E9180080012046FAF726FB002038BD294620460C
:10E9280000F092FA002038BD2946204600F00AF986
:10E93800002038BD2946204600F0BAFA002038BD2C
:10E9480038B5054669B91346D0F86C22032A15D0A4
:10E95800052A0C460ED1C5F86C12FAF703FB2046BF
:10E9680038BDD0F88C329B6933B190F87422032AF1
:10E9780002D19847002038BD022038BDD0E9531293
:10E9880091420CD9891A8A42C0F84C1188BF8AB2C0
:10E99800194698BF92B200F055FB002038BDD0F858
:10E9A8008C321B691BB190F87422032A04D02846C4
:10E9B80000F052FB002038BD9847F8E770B50446D0
:10E9C80061B9D0F86C32022B15D033F0040337D07C
:10E9D80094F87832012B2ED0002070BDD0F88C32FC
:10E9E8005B6933B190F87422032A02D1984700205A
:10E9F80070BD022070BDD0E908630D469E4223D841
:10EA0800C669B6FBF3F203FB12620AB9B34228D90E
:10EA1800D4F88C32DB681BB194F87422032A30D006
:10EA280080212046FAF79EFA204600F021FB94F850
:10EA38007832012BD0D10023184684F8783270BD83
:10EA48008021FAF78FFAC3E7F31A114603629AB2E4
:10EA580000F0EEFA2B462A4629462046FAF7CEFA67
:10EA6800B6E7D0F870329E42D2D20A4600F0E0FAF9
:10EA78002B462A4629462046C4F87052FAF7BEFAB1
:10EA8800A6E720469847CBE770B500224026044603
:10EA9800012511463346FAF753FA334680210022FE
:10EAA8002046C4F84451C4F85061FAF749FA0021E5
:10EAB800D4F89032A561666284F87452C4F86C1276
:10EAC8006160C4F87C1223B1D4F88C3220465B68AC
:10EAD8009847002070BD00BF034600201974704796
:10EAE80003460421002093F8742283F8741283F8F3
:10EAF800752270470346002093F8752283F8742224
:10EB0800704700BF90F87422032A01D00020704794
:10EB180008B5D0F88C32DB6903B19847002008BDEE
:10EB2800002070470020704700207047D0F88C22E2
:10EB3800012108B580F874120179536898470020BC
:10EB480008BD00BF30B50B7883B00D46044603F00E
:10EB58006003202B0DD0402B0BD09BB18021204689
:10EB6800FAF700FA00212046FAF7FCF9002003B072
:10EB780030BDD4F88C32294620469B68984700203F
:10EB880003B030BD4B78092BE8D801A252F823F026
:10EB9800F3EB00081FEC000865EB00083DEC0008EB
:10EBA80065EB000845EC00087DEC000865EB000803
:10EBB800ADEC0008C1EB00088978A24D0129297045
:10EBC800CCD890F87432022B00F01281032B00F09D
:10EBD80000818021FAF7C6F900212046FAF7C2F928
:10EBE80029782046FFF776FEC0E790F87432013B9B
:10EBF800022BB3D8CB88022BB0D10122D0F87C32BB
:10EC0800C2600BB10323C360022204F10C01204649
:10EC180000F000FAAAE790F87432013B022B9DD865
:10EC28004B88012BA2D100232046C4F87C3200F087
:10EC380013FA9BE74B88012B98D1F5E78B88002BBB
:10EC48008CD1CB88002B89D14D887F2D86D890F820
:10EC58007432032B82D0E9B280F87612FAF7B2F94F
:10EC6800204600F0F9F9002D00F0E080022384F836
:10EC780074327BE74A88130A013B062B3FF66EAFD6
:10EC880001A151F823F000BF41ED000829ED00086B
:10EC980017ED000865EB000865EB000801ED0008BA
:10ECA800D3EC0008CA88012A7FF458AF90F8743270
:10ECB800022B00F28780002B3FF450AF014600235F
:10ECC80041F8083F00F0A6F950E7037C002B7FF4D9
:10ECD80045AFD0F88C320DF106001B6B984707231F
:10ECE8004370BDF80620002A67D0EB88002B5BD163
:10ECF800204600F0B1F939E7037C002B7FF42EAFF2
:10ED0800D0F88C320DF106005B6B9847E9E7D1B279
:10ED1800052900F28F80DFE801F0271F17372F3F02
:10ED2800037C002B72D1D0F88C320DF106009B6A5F
:10ED3800984702234370D4E7D0F888320DF10601D2
:10ED4800007C1B689847CCE7D0F888320DF10601A3
:10ED5800007CDB689847C4E7D0F888320DF10601DB
:10ED6800007C9B689847BCE7D0F888320DF1060113
:10ED7800007C5B689847B4E7D0F888320DF106014B
:10ED8800007C5B699847ACE7D0F888320DF1060142
:10ED9800007C1B699847A4E7D0F888320DF106017A
:10EDA800007C9B6998479CE79A420146204628BF09
:10EDB8001A46ADF8062000F02DF9EB88002B7FF4F9
:10EDC800D5AE95E7032B7FF4C9AE011D00F022F9FB
:10EDD800CCE621B3416801298AD0C9B2FFF77AFD90
:10EDE800297820466160FFF76BFD022880D1B5E6DF
:10EDF80000293FF47DAF01210323416080F874327C
:10EE0800FFF75EFD02287FF473AFA7E6D0F88C32D7
:10EE18000DF10600DB6A98470223437061E702237D
:10EE2800416080F87432FFF755FD61E7012384F8EB
:10EE380074329BE6D0F88C320DF106029B6B984732
:10EE48004FE700BFF425002438B50B780D4604467B
:10EE580003F06002402A0AD05B0608D58021FAF741
:10EE680081F800212046FAF77DF8002038BD94F893
:10EE78007432013B022B11D82B79012B0ED8D4F810
:10EE88008C32294620469B689847EB88002BECD1AA
:10EE98000028EAD1204600F0DFF8E6E78021204686
:10EEA800FAF760F800212046FAF75CF8002038BD30
:10EEB80038B50B78044603F06003202B0CD0402BA8
:10EEC8000AD083B180212046FAF74CF80021204669
:10EED800FAF748F8002038BDD4F88C3220469B68F1
:10EEE8009847002038BD4B788A88012B5FFA82FC4E
:10EEF80037D0032B23D0002BE4D190F87432022BA7
:10EF08004AD0032BDED10CF00F03120603EB830368
:10EF180000EB830351D4D3F84431002BD2D00CF04A
:10EF28007F03142505FB030505F5A075002B4FD1BC
:10EF38002B6002222946204600F06CF8CAE790F8B8
:10EF48007432022B1DD0032BBCD14B882BB91CF07B
:10EF58007F0F02D0CB88002B43D0204600F07CF8EE
:10EF6800B8E790F87432022B0BD0032BAAD14B8848
:10EF7800002BAFD11CF07F0FEFD06146FAF700F8F5
:10EF8800EBE71CF07F0F9DD06146F9F7EBFF80217E
:10EF98002046F9F7E7FF9DE71CF07F0F92D1110695
:10EFA8004FF000034FF002024CBF00F1140100F5CE
:10EFB800A0710B6000F02EF88CE79B69002B81D0C4
:10EFC8000CF07F035D1C05EB850500EB8505ADE7BF
:10EFD80061462046F9F7E2FF08B10123A8E7286057
:10EFE800A7E76146F9F7BEFFB7E700BF0B780370E4
:10EFF8004B784370CA788B7803EB022343804A79B5
:10F008000B7903EB02238380CA798B7903EB022304
:10F01800C380704710B5134602240A460021C0F881
:10F028006C42C0E90733F9F7DBFF002010BD00BFD1
:10F038008C46002108B513466246F9F7D1FF002037
:10F0480008BD00BF8C46002108B513466246F9F793
:10F05800D5FF002008BD00BF08B504210023C0F873
:10F068006C121A461946F9F7BBFF002008BD00BF0D
:10F0780008B505210023C0F86C121A461946F9F79D
:10F08800BDFF002008BD00BFD0F8C4230132C0F87E
:10F09800C42302780B2A00D07047D0F87C33002BA9
:10F0A800FAD09B69184700BF012380F823337047C3
:10F0B800002380F8233370470346002201211046BD
:10F0C80083F8201383F8212383F82223704700BF95
:10F0D80038B501230025044680F8213380F82353EE
:10F0E80080F82053F9F7AEFF2179204600F006F8A2
:10F0F8006179204600F002F8284638BD0A2907D869
:10F1080000EB8100D0F88433C3F30E03C0F88433D6
:10F11800002070470C4A82B00C4BD2F8DC1041F04A
:10F128004001C2F8DC10D2F8DC2002F04002019263
:10F13800019A1A6822F020021A601A6842F0040242
:10F148001A6002B0704700BF004402580018024815
:10F1580070B5002304464FF4806204214FF4403513
:10F168003448C4F83821C4F8D410C4F83431C4F889
:10F178004C113149C4F8B000C4F82811C4E92F3241
:10F18800C4E93133C4E93335C4E93733C4E94F330B
:10F19800C4E95135C4E95533A2680323C4F8D8300B
:10F1A800C4F85031042A0AD8DFE802F01F262D34AB
:10F1B800030055225623C4F8B420C4F82C31002289
:10F1C800402304F1B005C4F8B8202846C4F830310B
:10F1D800F2F762FE08B1FFBEFEE704F5947630460A
:10F1E800F2F75AFEE8B1FFBEFEE725222623C4F84F
:10F1F800B420C4F82C31E2E727222823C4F8B4202D
:10F20800C4F82C31DBE73D223E23C4F8B420C4F80F
:10F218002C31D4E753225423C4F8B420C4F82C3139
:10F22800CDE704F12803C4E92865C4F8E830C4F838
:10F23800603170BD40040240580402402DE9F04F8F
:10F24800814683B00E4617461D4600F12804204625
:10F2580001F090FD01288246F9D14846FFF778FF72
:10F268008046002835D1EFF31083019372B6DFF89A
:10F2780088B00C9B99F90820DFF880A0DFF880900F
:10F28800CBF800300D9B89F80020CAF800300DB18A
:10F298001846A847BAB23146204601F0E1F830B91D
:10F2A800019B03B962B6404603B0BDE8F08F002366
:10F2B800CBF80030CAF80030FF2389F800300C9BE7
:10F2C8008BB101210D9888469847019B002BEAD104
:10F2D800E8E70C9B53B1D0460D98514698474046F5
:10F2E80003B0BDE8F08F4FF00108D9E7D04640469B
:10F2F80003B0BDE8F08F00BF183000242030002490
:10F308001C3000242DE9F04F814683B00E46174685
:10F318001D4600F12804204601F02CFD01288246F4
:10F32800F9D14846FFF714FF8046002835D1EFF39E
:10F338001083019372B6DFF888B00C9B99F9082006
:10F34800DFF880A0DFF88090CBF800300D9B89F8BB
:10F358000020CAF800300DB11846A847BAB23146A5
:10F36800204601F041FA30B9019B03B962B6404624
:10F3780003B0BDE8F08F0023CBF80030CAF80030A6
:10F38800FF2389F800300C9B8BB101210D9888462A
:10F398009847019B002BEAD1E8E70C9B53B1D04674
:10F3A8000D9851469847404603B0BDE8F08F4FF09E
:10F3B8000108D9E7D046404603B0BDE8F08F00BF4A
:10F3C80018300024203000241C3000242DE9F04F90
:10F3D800814683B00F461646984600F12804204619
:10F3E80001F0C8FC0128FAD182464846FFF7B0FE72
:10F3F8000546002838D1EFF31083019372B699F9C6
:10F408000830DFF88890DFF888B089F800300D9B65
:10F41800DFF880A0CBF800300E9BCAF800300C9BB8
:10F428000BB10E9898471FFA88F33A4631462046A2
:10F4380001F0CEF830B9019B03B962B6284603B093
:10F44800BDE8F08F0023CBF80030CAF80030FF2366
:10F4580089F800300D9B8BB101210E980D46984715
:10F46800019B002BEAD1E8E70D9B4BB155460E985E
:10F4780051469847284603B0BDE8F08F0125DAE7E2
:10F488005546284603B0BDE8F08F00BF1C30002465
:10F4980018300024203000242DE9F043002387B0E1
:10F4A8000222044605690493CDE90223D0E9021239
:10F4B8008E00FAB1022D7AD02178B5FA85F54FF091
:10F4C8000108276A0B294FEA551521D1A2780B2A82
:10F4D80002D0B8F1000F38D123790B2B01D0002DC1
:10F4E8006CD1A37917B10B2B40F09980002007B09D
:10F4F800BDE8F08335F002032178276A0CBF4FF08E
:10F5080001084FF00008023D18BF01250B29DDD086
:10F518007D4B94F801C053F8262010780B2802D0B0
:10F52800884200F0AD80D378D01C994202D10B2BD1
:10F5380040F0BD809379901D8B4202D10B2B40F097
:10F54800BC80012007B0BDE8F083711C6E4BE078E9
:10F5580053F8213019780B2902D08A4200F0B5807F
:10F56800D97803F1030C0B2902D08A4200F0BB8042
:10F57800997903F1060C0B29E3D08A42E1D1DB79B2
:10F588008342DED1634604F102099B78484605931D
:10F59800F9F766FD80464846F9F76AFD01A901902A
:10F5A8004046F9F715FE23790B2B98D199E7017896
:10F5B800076A0B2940F0868001258DE7B11C524A65
:10F5C800607952F8212011780B2902D08B4200F083
:10F5D8008180D178D51C0B2902D08B4200F08D8018
:10F5E8009179951D8B42ACD10B29AAD0D37983424E
:10F5F800A7D12A46251D937828460593F9F730FDAB
:10F60800034628461D46F9F733FD01A9019028460F
:10F61800F9F7DEFDA379002F7FF465AF66E7F11CEB
:10F62800394AE07952F8212011780B2901D08B4210
:10F638005FD0D178D51C0B2901D08B424FD091795E
:10F64800951D8B427FF47DAF0B293FF47AAFD379B8
:10F6580083427FF476AF2A46A51D93782846059302
:10F66800F9F7FEFC04462846F9F702FD034601A90E
:10F6780020460193F9F7ACFD002007B0BDE8F08300
:10F68800537863457FF44FAF937820460593F9F795
:10F69800E7FC81462046F9F7EBFC01A901904846B2
:10F6A800F9F796FDA2780B2A7FF413AF14E71379C4
:10F6B80063457FF43FAF0246E6E7D37963457FF4BD
:10F6C80040AFF8E79846012522E7597881427FF450
:10F6D80047AF58E7517881427FF47BAF8AE71179C9
:10F6E8008142ACD1B7E7197981427FF441AF6346D3
:10F6F80049E7517881429CD1AEE7117981427FF484
:10F708006FAF2A4676E700BF08150108654A036807
:10F71800934200F0B980A2F57842934200F0B68097
:10F7280002F58062934200F0B38002F5784293427A
:10F7380000F0B08002F5E052934200F0AD805A4AE2
:10F74800934240F0AB8005234FF4D071574A01FB38
:10F7580003F310B5D418D05C86B0F9F791FCA07803
:10F76800F9F78EFC2079F9F78BFCA079F9F788FC7A
:10F77800A368052B11D8DFE803F0192F455B710347
:10F788004B4BD3F8F42042F02002C3F8F420D3F80E
:10F79800F43003F020030593059B2046FFF77CFE19
:10F7A800012801D006B010BDFFBEFEE7404B002285
:10F7B8002320D3F8F01041F48051C3F8F01011461B
:10F7C800D3F8F03003F480530093009BF2F7B2F9BA
:10F7D8002320F2F7EDF9E0E7354B00222420D3F897
:10F7E800E81041F48041C3F8E8101146D3F8E83036
:10F7F80003F480430193019BF2F79CF92420F2F76C
:10F80800D7F9CAE72A4B00223320D3F8E81041F48D
:10F818000041C3F8E8101146D3F8E83003F4004378
:10F828000293029BF2F786F93320F2F7C1F9B4E7A5
:10F838001F4B00225420D3F8F01041F40051C3F8B4
:10F84800F0101146D3F8F03003F400530393039BF0
:10F85800F2F770F95420F2F7ABF99EE7144B002247
:10F868005520D3F8F01041F48011C3F8F010114678
:10F87800D3F8F03003F480130493049BF2F75AF999
:10F888005520F2F795F988E700235DE701235BE748
:10F89800022359E7032357E7042355E700231B787E
:10F8A800FFDE00BF0030014000140058F825002496
:10F8B800004402582DE9F043002289B01B4B012176
:10F8C8000DF1040C9E461A4B0791E146E046674647
:10F8D8000EF11C060EF138050EF15404CDE9012293
:10F8E800CDE90322CDE90522FF221A70BCE80F00FA
:10F8F800AEE80F009CE807008EE80700B9E80F00A3
:10F908000FC69CE8070086E80700B8E80F000FC597
:10F918009CE8070085E807000FCF0FC49CE80700A4
:10F9280084E8070009B0BDE8F08300BF0C03002499
:10F938001C300024014801F0F1B800BF2026002443
:10F94800014801F0EBB800BFC0270024014801F0CE
:10F95800E5B800BF60290024014801F0DFB800BF06
:10F96800002B0024014801F0D9B800BFA02C0024C6
:10F9780010B5EFF3108472B6084B1A78120602D548
:10F9880004B962B610BD1B784FF4D07204485BB25C
:10F9980002FB0300B030F2F7F7FDF1E71C3000245A
:10F9A800F825002410B5EFF3108472B6094B1A78C5
:10F9B800120602D504B962B610BD1B784FF4D07296
:10F9C80005485BB202FB030000F59470F2F7DCFD1A
:10F9D800F0E700BF1C300024F82500242DE9F04191
:10F9E80084B0EFF3108772B6284AFF21284C1368B9
:10F9F800217023B100211160264A106898472378A6
:10FA08001B061CD5DFF894800025234E4446216848
:10FA180079B162686AB1A369012B22D0A3B963697D
:10FA28003046019323690093E3682289FFF76AFC53
:10FA380018B301351C3406F5D076042DE7D107B983
:10FA480062B604B0BDE8F081D4E90430CDE90130F4
:10FA5800E068238900903046FFF7B8FC0028E8D119
:10FA68000BE0D4E904301146CDE900303046E368B4
:10FA78002289FFF7E3FB0028DBD1C5EBC50508EBBE
:10FA8800850348F825005860D9E700BF18300024DE
:10FA98001C30002420300024F82500240C03002406
:10FAA8002DE9F04184B0EFF3108772B6284AFF21A0
:10FAB800284C1368217023B100211160264A106870
:10FAC800984723781B061CD5DFF894800025234E21
:10FAD8004446216879B162686AB1A369012B22D0D2
:10FAE800A3B963693046019323690093E3682289C7
:10FAF800FFF708FC18B301351C3406F5D076042D41
:10FB0800E7D107B962B604B0BDE8F081D4E90430A2
:10FB1800CDE90130E068238900903046FFF756FCB4
:10FB28000028E8D10BE0D4E904301146CDE90030D3
:10FB38003046E3682289FFF781FB0028DBD1C5EB5B
:10FB4800C50508EB850348F825005860D9E700BFCC
:10FB5800183000241C30002420300024F82500240C
:10FB68000C0300242DE9F04184B0EFF3108772B63E
:10FB7800284AFF21284C1368217023B10021116005
:10FB8800264A1068984723781B061CD5DFF894800E
:10FB98000025234E4446216879B162686AB1A36999
:10FBA800012B22D0A3B963693046019323690093DE
:10FBB800E3682289FFF7A6FB18B301351C3406F564
:10FBC800D076042DE7D107B962B604B0BDE8F0815C
:10FBD800D4E90430CDE90130E0682389009030464B
:10FBE800FFF7F4FB0028E8D10BE0D4E90430114614
:10FBF800CDE900303046E3682289FFF71FFB002873
:10FC0800DBD1C5EBC50508EB850348F8250058602E
:10FC1800D9E700BF183000241C300024203000240D
:10FC2800F82500240C0300242DE9F04184B0EFF3FB
:10FC3800108772B600F066FB284A294CFF2113682A
:10FC480021702BB1002111600121264A10689847C4
:10FC580023781B061CD5DFF894800025224E4446E5
:10FC6800216879B162686AB1A369012B22D0A3B96E
:10FC780063693046019323690093E3682289FFF79B
:10FC880041FB18B301351C3406F5D076042DE7D1B5
:10FC980007B962B604B0BDE8F081D4E90430CDE913
:10FCA8000130E068238900903046FFF78FFB002879
:10FCB800E8D10BE0D4E904301146CDE900303046F4
:10FCC800E3682289FFF7BAFA0028DBD1C5EBC5053E
:10FCD80008EB850348F825005860D9E71830002458
:10FCE8001C30002420300024F82500240C030024B4
:10FCF80030B4544B002108220220534CD961586279
:10FD0800C3F8BC11C3F8C401C3F85C13C3F8640397
:10FD1800C3F8F424C3F8F814C3F8FC14C3F80405B2
:10FD2800C3F89426C3F89816C3F89C16C3F8A4061B
:10FD3800C3F83428C3F83818C3F83C18C3F8440883
:10FD4800424D4348C3E90521C3E96D21C3E9D521E3
:10FD58002288A3783F49EA80CA800B723E492B72F9
:10FD6800CA800B722168A0F803204371C280037215
:10FD78003A4C3B48E2802372A0F80320394C437187
:10FD8800C28003723848E2802372A0F80320374CFF
:10FD98004371C2800372080C2180A070A4F803206C
:10FDA8006371E2802372324C324D2180A070A4F836
:10FDB80003206371E28023722F4CEA8021802B722A
:10FDC800A070A4F803206371E28023722B4C218079
:10FDD800A070A4F803206371E2802372284C21806C
:10FDE800A070A4F803206371E2802372254C21805F
:10FDF800A070A4F803206371E2802372224C218052
:10FE0800A070A4F803206371E28023721F4C218044
:10FE18001F49A070A4F803201E486371E280237272
:10FE2800A1F803201C4C4B71CA800B721B49E2805D
:10FE38002372C2800372A1F803204B71CA800B722F
:10FE480030BC7047F82500240415010894020024EA
:10FE5800B8020024880200244C020024A0020024D6
:10FE6800DC020024C402002464020024E82F0024D9
:10FE7800D02F0024D0020024DC2F0024B82F002427
:10FE88000C300024F42F002400300024C42F002458
:10FE980000030024F4020024E80200247002002475
:10FEA800714A036811698B4200B587B04BD0916ED7
:10FEB8008B4200F0B680D2F8C0108B4200F0B380BD
:10FEC800D2F818118B4200F0B080B3F1804F1ED0E9
:10FED800664A93420DD0664A934200F0A880654A6C
:10FEE800934200F0B280644A93421ED007B05DF896
:10FEF80004FB624BD3F8E82042F00202C3F8E82082
:10FF0800D3F8E83003F002030293029BEEE75B4B61
:10FF1800D3F8E82042F00102C3F8E820D3F8E8302B
:10FF280003F001030193019BE0E7544BD3F8E82069
:10FF380042F01002C3F8E820D3F8E83003F01003C9
:10FF48000593059BD2E700205821B3F1804F01FBB0
:10FF58000022127B1ED045498B4235D044498B4242
:10FF680048D044498B42BED1444BD3F8E81041F005
:10FF78000801C3F8E810D3F8E83003F00803049345
:10FF8800049B002AB2D0322000220F21F1F7D2FDC3
:10FF9800322014E0394BD3F8E81041F00101C3F8DE
:10FFA800E810D3F8E83003F001030193019B002A1D
:10FFB8009CD01C2000220F21F1F7BCFD1C2007B0AB
:10FFC8005DF804EBF1F7F4BD2C4BD3F8E81041F0E1
:10FFD8000201C3F8E810D3F8E83003F002030293F3
:10FFE800029B002A82D01D2000220F21F1F7A2FDDA
:08FFF8001D20E4E7214BD3F8C2
:020000040801F1
:10000000E81041F00401C3F8E810D3F8E83003F039
:1000100004030393039B002A3FF46CAF1E200022CD
:100020000F21F1F78BFD1E20CDE7012090E7022084
:100030008EE703208CE7134BD3F8E82042F004024C
:10004000C3F8E820D3F8E83003F004030393039BDC
:1000500050E70C4BD3F8E82042F00802C3F8E82040
:10006000D3F8E83003F008030493049B42E700BF91
:10007000243000240004004000080040000C004030
:1000800000100040004402580F4B026819698A4270
:100090000BD0996E8A4211D0D3F8C0108A420FD08B
:1000A000D3F818118A420DD070470021582202FB64
:1000B00001331A6D002AF7D0586D10470121F5E77A
:1000C0000221F3E70321F1E724300024014800F086
:1000D000EFBF00BF34300024014800F0E9BF00BF8B
:1000E0008C300024014800F0E3BF00BFE43000245E
:1000F000014800F0DDBF00BF3C310024F0B54FF0F7
:10010000580C0F682E4D8DB00CFB07FC032F05EB30
:100110000C06066047DC0B460868344649689A6856
:1001200007C41B7B237004AC7268264B002A4FF077
:100130000002726118BF1022B2610FCB84E80F0079
:100140000CAB03EB870353F8203CB3F1804F3361D2
:1001500024D01D4A934221D030890CF11004582339
:100160000021802203FB07532C44C3E907019A6254
:10017000204600F007FE034600B1FEE74FF4805230
:1001800008A92046099301930892CDE90A33CDE9E5
:10019000023300F0C7FE034640B1FEE7582303FBDD
:1001A00007539868D9E701200DB0F0BD01A920469A
:1001B0000193039301F034F80028F5D0FEE700BF67
:1001C0002430002468130108000C0040006808B5C2
:1001D000037B10302BB100F08FFE003818BF0120D8
:1001E00008BD00F06FFE003818BF012008BD00BF39
:1001F0000C4B00224FF0FF311A739960196683F897
:100200006420C3F8B81083F8BC20C3F8101183F839
:100210001421C3E90022C3E91622C3E92C22C3E951
:100220004222704724300024034688B190F83D20D4
:10023000022A03D0802201209A66704702680421B6
:10024000002083F83D10D36823F00103D36070478A
:100250000120704703682C495A6910B49C6944F026
:1002600008049C619C6944F010049C611C6824F0A3
:1002700001041C601C6921401961996821F4404106
:10028000996090F88110042901D0910630D490F83B
:100290008110032901D054061FD4910509D5D0F847
:1002A000841041F00101C0F88410996941F4007193
:1002B0009961D20509D5D0F8842042F00802C0F82F
:1002C00084209A6942F480729A6100235DF8044B9D
:1002D000A0F86230A0F86A307047D0F8841041F07E
:1002E0000401C0F88410996941F040019961D4E794
:1002F000D0F8841041F08001C0F88410996941F071
:1003000020019961C3E700BF90FCFFFF002800F0C7
:10031000A48002680021F8B5514B044681629A42DC
:1003200016D0A3F578439A4212D003F58063C068D3
:100330009A4200F08A800F2808D8E16B00F1080388
:100340004D09DB0805FB0333082B15D90120F8BD47
:10035000E068E16B00F10803414E4D09DB0805FB45
:100360000333404DAA4218BFB24203D005F5806561
:10037000AA4201D1102BE9D894F8813003F0FF058F
:10038000002B58D0002702236568A66B84F88130C3
:10039000136823F001031360A369B3F1806F3ED0AB
:1003A0003943676B3B43676A3B4327693B43676954
:1003B0003B43276A3B43E76C3B43A7683B43A76C3F
:1003C0003B43A76D3B432B433343E669314308432B
:1003D0009060D360B5B9936823F4C05343F40063CD
:1003E0009360936823F4C06343F480639360136D58
:1003F00023F00103136500200123C4F8840084F86E
:100400008130F8BD136D23F0010313656B02F2D543
:10041000D368616D23F000430B43D360EBE7B5F580
:10042000800FBDD1002EBBD1D2F800C04CF4805C4F
:10043000C2F800C0B4E7204684F88050FFF76AF99C
:100440002268A76AE16BE0689DE7E16B00F10803B1
:100450004D09DB0805FB03338CE70120704700BF23
:100460000030014000380040F8B590F88030012B92
:1004700000F08C8090F88130154601220446DEB2EF
:10048000934280F880206AD1002963D0B5FA85F3C1
:100490005B09002D5ED003224366A0F8683080F827
:1004A0008120C0F88430A0F86250A0F86A30C1659D
:1004B000A0F86050C0E91C338368B3F5C02F04D1A5
:1004C0000268136843F400631360E368A06F0F2BA6
:1004D0004BD98369B3F5804F3CD122683A4B3B4FEF
:1004E0002032036452F8183CC763394F23F40043A9
:1004F000C7640027076542F8183CB4F862309BB225
:10050000F1F78CFE002844D1A36F324ADB69B3F5C2
:10051000807F2368596802EA010218BF2A435A60A3
:100520009A68616842F40042B1F5800F9A601A69D6
:1005300042F448721A611A6842F001021A6003D14B
:100540001A6842F400721A6000231E4684F8803054
:100550003046F8BD002384F880303046F8BD0023D3
:10056000022680F880303046F8BD072B83691AD800
:10057000B3F5005F20D0B3F5804FAED1B4F8623050
:100580009BB203339B08A4F86230A6E702263046EC
:10059000F8BDD4F88430012243F01003C4F884304D
:1005A00084F88120D9E7B3F5804F05D0B3F5005F1B
:1005B000D0D1B3F5804F90D1B4F862309BB2013303
:1005C0005B08A4F8623088E7210A0108A509010840
:1005D0004D0A01080000FFFF70B51D4690F88030FD
:1005E000012B00F0B9800123044680F8803090F898
:1005F00081304068DBB2B0F5800F7DD0012B40F038
:100600008580002D18BF002A71D000296FD094F882
:100610008130042B02D0052384F881300023E1656A
:100620002168C4F88430A4F86250A4F86A50A4F891
:1006300060506266A4F86850C4E91C338B6823F4E8
:1006400040438B60E3680F2B65D9E06F8369B3F596
:10065000804F4CD194F88130042B00F08A805E4B9F
:1006600003645E4BC3635E4E3031B4F86A30C664D7
:1006700000269BB20665F1F7D1FD00286ED12268F5
:10068000A16F9368203243F4804342F8183CB4F8D9
:100690006230C1E90F00C1E913009BB20846E16D69
:1006A000F1F7BCFD002859D1A36FDB69B3F5807F5A
:1006B000236863D059684B4A0A402A435A609A68B3
:1006C000616842F40042B1F5800F9A601A6942F401
:1006D00058721A611A6842F001021A6003D11A684E
:1006E00042F400721A60002384F8803070BD002349
:1006F000012084F8803070BDA06800287FF47EAFB0
:10070000042B3FF47EAF012B3FF47BAF002302208C
:1007100084F8803070BD072B35D8A36F9B69B3F583
:10072000005F50D0B3F5804F06D1B4F862309BB271
:1007300003339B08A4F86230E06F8369B3F5005F70
:1007400039D0B3F5804F85D1B4F86A309BB203330A
:100750009B08A4F86A307DE7022070BDD4F884308D
:10076000012243F010031046C4F8843084F881203D
:1007700070BD1D4B03641D4BC36374E75968194A70
:100780000A405A609BE7E06F8369B3F5005F02D0CF
:10079000B3F5804FABD1A66FB669B6F5804F06D1E1
:1007A000B4F86260B6B201367608A4F86260B3F5B8
:1007B000804F7FF44FAFB4F86A309BB201335B08CF
:1007C000A4F86A3046E7B4F862309BB201335B08A4
:1007D000A4F86230B0E700BF410A0108F50901083A
:1007E0004D0A01080000FFFF310A0108CD09010888
:1007F0002DE9F0411546826804460E4622B9436849
:10080000B3F5800F00F0958094F88030012B00F054
:100810009980012384F8803094F88130012BDFB275
:1008200069D1002E61D0B5FA85F35B09002D5CD04B
:100830000421B2F5C02F666684F88110A4F86850D0
:10084000C4F88430A4F86030A4F86A50A4F8623088
:10085000C4E91C3304D12268136823F400631360D5
:10086000E3680F2B4ED9E06F8369B3F5804F3CD11D
:1008700021688B6823F480438B603246454EB4F880
:100880006A3030310664444E9BB2C663434EC66440
:1008900000260665F1F7C2FC002857D1E36F404AF5
:1008A000DB69B3F5807F2368596802EA010218BF4B
:1008B0002A435A609A68616842F48042B1F5800F19
:1008C0009A601A6942F450721A611A6842F0010281
:1008D0001A6003D11A6842F400721A6000231F469E
:1008E00084F880303846BDE8F081002384F88030F9
:1008F0003846BDE8F0810023022784F8803038466E
:10090000BDE8F081072B2BD82168E06F8B6823F4BA
:1009100080438B608369B3F5005F32D0B3F5804FBD
:10092000ABD1B4F86A309BB203339B08A4F86A30A9
:10093000A3E72B4604250A4680F88150BDE8F04124
:10094000FFF74ABE02273846BDE8F081D4F884306C
:10095000012243F01003C4F8843084F88120C7E7F3
:10096000E06F8269B2F5804F02D0B2F5005FBCD172
:100970002168B2F5804F8B6823F480438B607FF44D
:100980007CAFB4F86A309BB201335B08A4F86A30DC
:1009900073E700BF310A0108CD0901084D0A0108BB
:1009A0000000FFFF806B08B590F88130072B09D05D
:1009B000836FDB69B3F5807F05D00268136943F06C
:1009C0000803136108BDFFF70DF808BD806B08B57B
:1009D00090F88130072B09D0C36FDB69B3F5807FB6
:1009E00005D00268136943F00803136108BDFFF7DF
:1009F0005BF808BD806B08B590F88130072B09D0F3
:100A0000836FDB69B3F5807F05D00268136943F01B
:100A10000803136108BDFFF7A9F808BD704700BFC0
:100A2000806B08B5FFF7FAFF08BD00BF704700BF35
:100A3000806B08B5FFF7FAFF08BD00BF704700BF25
:100A4000806B08B5FFF7FAFF08BD00BF10B5846BD7
:100A5000F2F7EEF8022800D110BD236830495A6938
:100A6000986940F008009861986940F0100098611A
:100A7000186820F001001860186901401961996830
:100A800021F44041996094F88110042901D0910625
:100A90003AD494F88110032901D0500629D4910545
:100AA00009D5D4F8841041F00101C4F88410996983
:100AB00041F400719961D20509D5D4F8842042F03F
:100AC0000802C4F884209A6942F480729A61002373
:100AD00001222046A4F86230A4F86A30D4F88430A9
:100AE00043F01003C4F8843084F88120FFF7A0F8A5
:100AF00010BDD4F8841041F00401C4F88410996941
:100B000041F040019961CAE7D4F8841041F08001B6
:100B1000C4F88410996941F020019961B9E700BFD8
:100B200090FCFFFF036819695A692DE9F04101EA59
:100B300002059F68044690F8816005F0640CBCF1E2
:100B4000040F2FD005F04500012834D005F0260011
:100B5000022800F0DF80280770D59A6917F4404F0B
:100B6000F6B242F008029A619A6942F010029A6164
:100B70009A6942F400629A611A6922F008021A61C5
:100B800023D0042E00F0DE80A26FD269EAB1032EDA
:100B900050D0E26FD269C2B1052E14D12046FEF7C3
:100BA000E5FF10E0436F9847236F2046984705F014
:100BB0004503012B02D1236F2046984705F02605F7
:100BC000022D00F0A780BDE8F0819A6812F4404F32
:100BD0001FD1B4F86A2092B2DAB1626E0EE01B6BDC
:100BE00042F8043B6266B4F86A30013B9BB2A4F859
:100BF0006A30B4F86A309BB25BB12368E1680F29B0
:100C0000EDD8072940F292801B8E22F8023B6266E3
:100C1000E9E72046FFF71EFB012384F88130D4F872
:100C20008430002B7FD1052EB8D0042E00F08F80A9
:100C3000032EC8D12046FEF7D5FEC4E7100501D526
:100C40000A077AD415F4587FBDD06E0609D5D4F8BA
:100C5000842042F00402C4F884209A6942F04002E1
:100C60009A61A80509D5D4F8842042F00102C4F89D
:100C700084209A6942F400729A61E90509D5D4F892
:100C8000842042F00802C4F884209A6942F48072F9
:100C90009A61AA0609D5D4F8842042F08002C4F8EB
:100CA00084209A6942F020029A61D4F88420002AB4
:100CB00089D0196807F44047274A21F00101B7F5A8
:100CC000404F1960196902EA01021A6127D19A6836
:100CD000E06F22F440429A6050B1204B0365F1F777
:100CE000BDFB28B1D4F8843043F04003C4F884300D
:100CF000A06F00283FF467AF184B0365F1F7AEFB18
:100D000000283FF460AFD4F8843043F04003C4F8C7
:100D1000843058E7636F2046BDE8F041184701234F
:100D2000204684F88130FEF783FF4CE793F830309B
:100D30001370626E0132626655E79A6942F400628E
:100D40009A6140E7E26FD269002A3FF43EAF204645
:100D5000FEF7AAFE37E700BF94FCFFFF610D010814
:100D600008B5806B00230122A0F86A30A0F8623039
:100D700080F88120FEF75CFF08BD00BF90F881007D
:100D8000704700BF002800F08F8038B590F83D30E4
:100D9000044603F0FF02002B60D02268022343497F
:100DA000B2F1804F84F83D30A2EB01011368B1FA33
:100DB00081F14FEA511127D031BB3D483D4D824270
:100DC00051D000F5806082424DD0551B00F5806007
:100DD000B5FA85F582424FEA55154DD0002D4BD11D
:100DE000354836498A4218BF82424FD001F58061AA
:100DF0008A424BD0A06923F08003E168034313606B
:100E00006368D162936223E02A4D23F07003A068E7
:100E1000551B0343B5FA85F56D09206923F440732A
:100E20000343A06923F0800303431360E368D362A4
:100E30006368936251B94DB91F49204B9A4218BF5C
:100E40008A4203D003F580639A4201D16369136338
:100E500001230020536184F83D3038BD80F83C20E8
:100E6000FFF722F899E7551B23F07003A068B5FA45
:100E700085F503436D09D0E7A06823F070030343B1
:100E80000F488242C9D0002DC7D1A9E7206923F4B9
:100E90004073A1690343E06823F080030B4361685A
:100EA0001360D0629162C7E70120704700000140E3
:100EB00000040040000401400040014000440140A3
:100EC000000C00404FF0020C01680A4A034680F80B
:100ED0003DC088680240062A06D0B2F5803F03D0A4
:100EE0000A6842F001020A600122002083F83D20D6
:100EF000704700BF070001000368094AD96841F044
:100F00000101D96099680A40062A06D0B2F5803FEF
:100F100003D01A6842F001021A600020704700BF37
:100F20000700010090F83C30012B7DD002460223DF
:100F3000006830B4012482F83D3082F83C40544CC3
:100F400083681C400B68602B84606FD01DD9B3F59B
:100F5000005F59D042D94F498B4206D038D94E490B
:100F60008B4202D010318B4206D184684B4921401C
:100F70000B4343F00703836000230121184682F8E6
:100F80003D1082F83C3030BC7047402B67D019D9F7
:100F9000502BF1D1036A4C68CD6823F00A03016A33
:100FA0001C433E4B21F001010162816921F0F001F7
:100FB00041EA05118161046281680B4043F05703E7
:100FC0008360D9E7202BD0D01AD9302BD4D1CCE7ED
:100FD00023F01001B1F5801FCED1C6E7702BCBD125
:100FE0008468D1E901532B43CD6824F47F4143EA5F
:100FF00005230B438360836843F077038360BBE77B
:1010000033F01001B8D1B0E7D1E9015384682B4324
:10101000CD6824F47F4143EA05230B438360836852
:1010200043F480438360A7E702207047046A4D6859
:1010300024F01004C9680462836923F4704343EA0E
:101040000133016A21F0A0018361144B41EA0511CB
:10105000016281680B4043F0670383608CE7036A99
:101060004C68CD6823F00A03016A1C430B4B21F046
:1010700001010162816921F0F00141EA05118161FC
:10108000046281680B4043F04703836074E700BF4C
:101090008800CEFF20001000300010008FFFCFFF2F
:1010A000704700BF704700BF704700BF704700BF68
:1010B00003681A69910710B5044602D5DA689207E9
:1010C00068D41A69520702D5DA6850074FD41A69F2
:1010D000110702D5DA68120737D41A69D00602D58B
:1010E000DA68D1061ED41A69D20702D5DA68D007A9
:1010F00069D41A69110602D5DA6812066BD41A6926
:10110000D00502D5DA6811066DD41A69520602D5E7
:10111000DA6850066FD41A69910602D5DA68920629
:1011200049D410BD6FF010010822204619612277C2
:10113000DB6913F4407F6FD1FFF7B2FF2046FFF762
:10114000B3FF002223682277CDE76FF00801042265
:10115000204619612277DB699B075AD1FFF7A0FF70
:101160002046FFF7A1FF002223682277B5E76FF042
:10117000040102222046196122779B6913F4407F03
:1011800044D1FFF78DFF2046FFF78EFF0022236832
:1011900022779CE76FF002010122196102779B69B7
:1011A000990730D1FFF77CFF2046FFF77DFF002233
:1011B0002368227785E76FF0200220461A61BDE898
:1011C000104000F05FB86FF0010220461A61FEF790
:1011D0005BFF23688DE76FF0800220461A6100F004
:1011E00053F823688BE76FF4807220461A6100F091
:1011F0004DF8236889E76FF0400220461A61FFF737
:1012000055FF236887E7FFF74DFFD0E7FFF74AFF59
:10121000BCE7FFF747FFA6E7FFF744FF91E700BFF2
:1012200090F83C20012A28D003460068022230B4FE
:10123000134D83F83D20A8424268846818D005F514
:101240008065A84214D024F0800C22F070020C6853
:101250008968224300244CEA01014FF0010C4260EE
:101260008160204683F83DC083F83C4030BC704725
:1012700022F470024D682A43E5E70220704700BF60
:1012800000000140704700BF704700BF704700BFBB
:101290000B460146184600F001B8000010B5054C99
:1012A00013462CB10A4601460220AFF3008010BD60
:1012B0002046FCE70000000070B50D4D0D4C641B8E
:1012C000A4100026A64209D10B4D0C4C00F04CF99D
:1012D000641BA4100026A64205D170BD55F8043B3E
:1012E00098470136EEE755F8043B98470136F2E798
:1012F000881501088815010888150108AC15010832
:101300000A44914200F1FF3300D1704710B511F843
:10131000014B03F8014F9142F9D110BD024403463D
:10132000934200D1704703F8011BF9E7FFFFFFFF6D
:10133000FFFF00000106000001070000005400400C
:1013400000580040005C0040001C005825002600AA
:101350002700340035004700520053008E00000083
:1013600001010103070100000000004000040040EB
:1013700000080040000C00407072657373656400E3
:1013800072656C6561736564000000000104000013
:101390006DDBDBB64992B66D244992240006101627
:1013A00000061016060000000C00000012000000ED
:1013B0001800000000010000060100000C01000000
:1013C00012010000180100000002000006020000E7
:1013D0000C020000120200001802000000030000CE
:1013E00006030000000203000000000001000000EE
:1013F000000000000000FA4500007A460000FA46AE
:1014000000803B470080BB47001001400044004083
:1014100000480040004C00400050004000140140D3
:1014200000780040007C0040000C005800000000E4
:101430000004000000060000001000000000000092
:10144000003000000020000000000010000000003C
:101450000010000000000000010203040102030468
:101460000607080900020102000201020100020051
:10147000040008001000200040008000000100026D
:101480000004000800100020004000800000025806
:101490000004025800080258000C025800100258BC
:1014A0000014025800180258001C0258002002586C
:1014B00000240258002802580000000001808080AB
:1014C0008080808004808080808080800880808010
:1014D00080808080108080808080808020808080DC
:1014E0008080808040000000000408102040000040
:1014F0000204081020400000080402040801010151
:10150000000000000B00FF00940200247C02002475
:10151000880200244C020024B8020024A002002407
:10152000AC02002458020024DC020024C40200247F
:10153000D002002464020024E82F0024D02F0024CD
:10154000DC2F0024B82F00240C300024F42F0024BA
:1015500000300024C42F002400030024E8020024EB
:10156000F402002470020024F8B500BFF8BC08BCE7
:101570009E467047F8B500BFF8BC08BC9E46704751
:0815800088EDFE7F0100000070
:10158800BD020008C9060008455D0008156C000882
:101598003D72000805860008D98D0008F9FC00088E
:0415A800F101010844
:0415AC009902000898
:1015B000000000000100000010000000100000000A
:1015C000000000000000000000000000000000001B
:1015D00000000000100000000000000000000000FB
:1015E00000000000000000000000000010000000EB
:1015F00000000000000000000000000000000000EB
:1016000000000000000000000000000000000000DA
:1016100000000000000000000000000001000000C9
:1016200000000000000000000000000000000000BA
:1016300000000000000000000100000000000000A9
:10164000000000000000000000000000000000009A
:101650000000000001000000000000000000000089
:10166000000000000000000000000000000000007A
:101670000100000000000000000000000000000069
:101680000000000000000000000000000100000059
:10169000000000000000000000000000000000004A
:1016A0000000000000000000010000000000000039
:1016B000000000000000000000000000000000002A
:1016C0000000000001000000000000000000000019
:1016D000000000000000000000000000000000000A
:1016E00001000000000000000000000000000000F9
:1016F00000000000000000000000000001000000E9
:1017000001070800000000000000000001060800BA
:1017100000000000000000000B00FF00FC0100249E
:10172000F001002414020024080200242C020024EA
:1017300020020024C0010024B4010024D8010024A8
:10174000CC010024181F002438020024E4010024E6
:10175000F41E00240C1F0024001F00245C01002440
:1017600050010024010808020B08000108000000D5
:10177000010908020A08000008000000010C0E031D
:10178000020801050E000000020C0801060E000010
:101790000000000001040B00000000000000000039
:1017A000010707010F040000000000000106070107
:1017B0000E0400000000000000030700000000000D
:1017C0000000000000020700000000000000000010
:1017D000020B07000000000000000000020A0700E2
:1017E00000000000000000000609070000000000E3
:1017F000000000000090D0030090D003060A05000E
:101800000405000000000000010C050104070109A7
:1018100005000000000406000000000000000000B9
:1018200000040800000000000000000001040500A2
:101830000605060905000000010505000705000072
:1018400000000000060B0500050500000000000078
:10185000010E050202050000000000000201050162
:101860000F0502030500000003030500000000004F
:1018700000000000020B060104060000000000004A
:10188000020C06010507000000000000020A060025
:10189000000000000000000001040800060800002D
:1018A000000000000105080007080000000000001B
:1018B000000508000000000000000000000000001B
:1018C0000000000000000000000000000000000018
:1018D0000000000001000000000000000000000007
:1018E00000000000000000000000000000000000F8
:1018F00001000000000000000000000000000000E7
:1019000000000000000000000000000001000000D6
:1019100000000000000000000000000000000000C7
:0C192000000000000000000001000000BA
:04000005080005E109
:00000001FF
