ARM GAS  C:\Users\aydan\AppData\Local\Temp\ccfUwhPG.s 			page 1


   1              		.cpu cortex-m7
   2              		.eabi_attribute 28, 1
   3              		.eabi_attribute 20, 1
   4              		.eabi_attribute 21, 1
   5              		.eabi_attribute 23, 3
   6              		.eabi_attribute 24, 1
   7              		.eabi_attribute 25, 1
   8              		.eabi_attribute 26, 1
   9              		.eabi_attribute 30, 2
  10              		.eabi_attribute 34, 1
  11              		.eabi_attribute 18, 4
  12              		.file	"audio_engine.cpp"
  13              		.text
  14              	.Ltext0:
  15              		.cfi_sections	.debug_frame
  16              		.section	.text._ZN3app11AudioEngine16StringContainsCiEPKcS2_.part.0,"ax",%progbits
  17              		.align	1
  18              		.p2align 2,,3
  19              		.arch armv7e-m
  20              		.syntax unified
  21              		.thumb
  22              		.thumb_func
  23              		.fpu fpv5-d16
  25              	_ZN3app11AudioEngine16StringContainsCiEPKcS2_.part.0:
  26              	.LVL0:
  27              	.LFB2602:
  28              		.file 1 "src/audio_engine.cpp"
   1:src/audio_engine.cpp **** #include "audio_engine.h"
   2:src/audio_engine.cpp **** 
   3:src/audio_engine.cpp **** namespace app
   4:src/audio_engine.cpp **** {
   5:src/audio_engine.cpp **** AudioEngine::AudioEngine()
   6:src/audio_engine.cpp **** : mailbox_(0),
   7:src/audio_engine.cpp ****   tuner_capture_(0)
   8:src/audio_engine.cpp **** #if DIAG_FX_CHORUS
   9:src/audio_engine.cpp ****   ,
  10:src/audio_engine.cpp ****   chorus_()
  11:src/audio_engine.cpp **** #endif
  12:src/audio_engine.cpp **** #if DIAG_FX_REVERB
  13:src/audio_engine.cpp ****   ,
  14:src/audio_engine.cpp ****   reverb_()
  15:src/audio_engine.cpp **** #endif
  16:src/audio_engine.cpp **** #if DIAG_FX_CRUSHER
  17:src/audio_engine.cpp ****   ,
  18:src/audio_engine.cpp ****   crusher_()
  19:src/audio_engine.cpp **** #endif
  20:src/audio_engine.cpp **** #if DIAG_FX_GRANULAR
  21:src/audio_engine.cpp ****   ,
  22:src/audio_engine.cpp ****   granular_delay_()
  23:src/audio_engine.cpp **** #endif
  24:src/audio_engine.cpp ****   ,
  25:src/audio_engine.cpp ****   effects_
  26:src/audio_engine.cpp **** {
  27:src/audio_engine.cpp ****     0,
  28:src/audio_engine.cpp **** #if DIAG_FX_CHORUS
  29:src/audio_engine.cpp ****         &chorus_,
  30:src/audio_engine.cpp **** #else
ARM GAS  C:\Users\aydan\AppData\Local\Temp\ccfUwhPG.s 			page 2


  31:src/audio_engine.cpp ****         0,
  32:src/audio_engine.cpp **** #endif
  33:src/audio_engine.cpp **** #if DIAG_FX_REVERB
  34:src/audio_engine.cpp ****         &reverb_,
  35:src/audio_engine.cpp **** #else
  36:src/audio_engine.cpp ****         0,
  37:src/audio_engine.cpp **** #endif
  38:src/audio_engine.cpp **** #if DIAG_FX_CRUSHER
  39:src/audio_engine.cpp ****         &crusher_,
  40:src/audio_engine.cpp **** #else
  41:src/audio_engine.cpp ****         0,
  42:src/audio_engine.cpp **** #endif
  43:src/audio_engine.cpp **** #if DIAG_FX_GRANULAR
  44:src/audio_engine.cpp ****         &granular_delay_
  45:src/audio_engine.cpp **** #else
  46:src/audio_engine.cpp ****         0
  47:src/audio_engine.cpp **** #endif
  48:src/audio_engine.cpp **** }
  49:src/audio_engine.cpp **** , maps_{{-1, -1, -1}, {-1, -1, -1}, {-1, -1, -1}, {-1, -1, -1}, {-1, -1, -1}},
  50:src/audio_engine.cpp ****     current_{config::FX_TUNER, 0, (uint8_t)SystemMode::Normal, 0, {0, 0, 0}},
  51:src/audio_engine.cpp ****     applied_{0xffu,
  52:src/audio_engine.cpp ****              0xffu,
  53:src/audio_engine.cpp ****              (uint8_t)SystemMode::Normal,
  54:src/audio_engine.cpp ****              0,
  55:src/audio_engine.cpp ****              {0xffffu, 0xffffu, 0xffffu}},
  56:src/audio_engine.cpp ****     mailbox_revision_(0), active_effect_(config::FX_TUNER),
  57:src/audio_engine.cpp ****     active_bypass_(false), pending_effect_(config::FX_TUNER),
  58:src/audio_engine.cpp ****     pending_bypass_(false), transition_(TRANSITION_STEADY), wet_gain_(0.0f),
  59:src/audio_engine.cpp ****     wet_gain_step_(
  60:src/audio_engine.cpp ****         1.0f / (config::kSampleRateHz * (config::kTransitionTimeMs * 0.001f))),
  61:src/audio_engine.cpp ****     thermal_audio_state_(THERMAL_AUDIO_NORMAL), thermal_gain_(1.0f),
  62:src/audio_engine.cpp ****     thermal_gain_step_(
  63:src/audio_engine.cpp ****         1.0f / (config::kSampleRateHz * (config::kThermalAudioFadeMs * 0.001f)))
  64:src/audio_engine.cpp **** #if AUDIO_CPU_LOAD_DEBUG
  65:src/audio_engine.cpp ****         ,
  66:src/audio_engine.cpp ****     cpu_load_(), effect_peak_load_{0.0f, 0.0f, 0.0f, 0.0f, 0.0f},
  67:src/audio_engine.cpp ****     overrun_count_(0)
  68:src/audio_engine.cpp **** #endif
  69:src/audio_engine.cpp **** {
  70:src/audio_engine.cpp **** }
  71:src/audio_engine.cpp **** 
  72:src/audio_engine.cpp **** void AudioEngine::Init(float           sample_rate,
  73:src/audio_engine.cpp ****                        ControlMailbox& mailbox,
  74:src/audio_engine.cpp ****                        TunerCapture&   tuner_capture)
  75:src/audio_engine.cpp **** {
  76:src/audio_engine.cpp ****     mailbox_       = &mailbox;
  77:src/audio_engine.cpp ****     tuner_capture_ = &tuner_capture;
  78:src/audio_engine.cpp **** 
  79:src/audio_engine.cpp **** #if DIAG_FX_CHORUS
  80:src/audio_engine.cpp ****     chorus_.Init(sample_rate);
  81:src/audio_engine.cpp ****     chorus_.SetEnabled(true);
  82:src/audio_engine.cpp **** #endif
  83:src/audio_engine.cpp **** #if DIAG_FX_REVERB
  84:src/audio_engine.cpp ****     reverb_.Init(sample_rate);
  85:src/audio_engine.cpp ****     reverb_.SetEnabled(true);
  86:src/audio_engine.cpp **** #endif
  87:src/audio_engine.cpp **** #if DIAG_FX_CRUSHER
ARM GAS  C:\Users\aydan\AppData\Local\Temp\ccfUwhPG.s 			page 3


  88:src/audio_engine.cpp ****     crusher_.Init(sample_rate);
  89:src/audio_engine.cpp ****     crusher_.SetEnabled(true);
  90:src/audio_engine.cpp **** #endif
  91:src/audio_engine.cpp **** #if DIAG_FX_GRANULAR
  92:src/audio_engine.cpp ****     granular_delay_.Init(sample_rate);
  93:src/audio_engine.cpp ****     granular_delay_.SetEnabled(true);
  94:src/audio_engine.cpp **** #endif
  95:src/audio_engine.cpp **** 
  96:src/audio_engine.cpp ****     BuildParamMaps();
  97:src/audio_engine.cpp **** #if AUDIO_CPU_LOAD_DEBUG
  98:src/audio_engine.cpp ****     cpu_load_.Init(sample_rate, config::kAudioBlockSize);
  99:src/audio_engine.cpp ****     for(int i = 0; i < config::FX_COUNT; ++i)
 100:src/audio_engine.cpp ****         effect_peak_load_[i] = 0.0f;
 101:src/audio_engine.cpp ****     overrun_count_ = 0;
 102:src/audio_engine.cpp **** #endif
 103:src/audio_engine.cpp **** #if DIAG_ENGINE_USE_MAILBOX
 104:src/audio_engine.cpp ****     ApplySnapshotIfChanged();
 105:src/audio_engine.cpp **** #endif
 106:src/audio_engine.cpp **** #if DIAG_STAGE != DIAG_STAGE_PRODUCTION
 107:src/audio_engine.cpp ****     current_.effect = (uint8_t)DIAG_FORCE_EFFECT;
 108:src/audio_engine.cpp ****     current_.bypass = 0;
 109:src/audio_engine.cpp **** #endif
 110:src/audio_engine.cpp ****     active_effect_  = current_.effect;
 111:src/audio_engine.cpp ****     active_bypass_  = current_.bypass != 0;
 112:src/audio_engine.cpp ****     pending_effect_ = active_effect_;
 113:src/audio_engine.cpp ****     pending_bypass_ = active_bypass_;
 114:src/audio_engine.cpp ****     wet_gain_
 115:src/audio_engine.cpp ****         = (active_effect_ == config::FX_TUNER || active_bypass_) ? 0.0f : 1.0f;
 116:src/audio_engine.cpp ****     thermal_audio_state_ = THERMAL_AUDIO_NORMAL;
 117:src/audio_engine.cpp ****     thermal_gain_        = 1.0f;
 118:src/audio_engine.cpp ****     thermal_gain_step_
 119:src/audio_engine.cpp ****         = 1.0f / (sample_rate * (config::kThermalAudioFadeMs * 0.001f));
 120:src/audio_engine.cpp **** }
 121:src/audio_engine.cpp **** 
 122:src/audio_engine.cpp **** // The callback reads one control snapshot per block, then keeps audio work
 123:src/audio_engine.cpp **** // deterministic: capture input, process the current effect, and apply any
 124:src/audio_engine.cpp **** // pending fade state sample by sample.
 125:src/audio_engine.cpp **** void AudioEngine::Process(daisy::AudioHandle::InputBuffer  in,
 126:src/audio_engine.cpp ****                           daisy::AudioHandle::OutputBuffer out,
 127:src/audio_engine.cpp ****                           size_t                           size)
 128:src/audio_engine.cpp **** {
 129:src/audio_engine.cpp **** #if AUDIO_CPU_LOAD_DEBUG
 130:src/audio_engine.cpp ****     const uint8_t metered_effect = active_effect_;
 131:src/audio_engine.cpp ****     cpu_load_.OnBlockStart();
 132:src/audio_engine.cpp **** #endif
 133:src/audio_engine.cpp **** 
 134:src/audio_engine.cpp **** #if DIAG_ENGINE_USE_MAILBOX
 135:src/audio_engine.cpp ****     ApplySnapshotIfChanged();
 136:src/audio_engine.cpp **** #endif
 137:src/audio_engine.cpp **** 
 138:src/audio_engine.cpp **** #if DIAG_STAGE == DIAG_STAGE_AUDIOENGINE_PROCESS_DRY
 139:src/audio_engine.cpp ****     for(size_t i = 0; i < size; ++i)
 140:src/audio_engine.cpp ****     {
 141:src/audio_engine.cpp ****         const float x = in[0][i];
 142:src/audio_engine.cpp ****         out[0][i]     = x;
 143:src/audio_engine.cpp ****         out[1][i]     = x;
 144:src/audio_engine.cpp ****     }
ARM GAS  C:\Users\aydan\AppData\Local\Temp\ccfUwhPG.s 			page 4


 145:src/audio_engine.cpp **** #if AUDIO_CPU_LOAD_DEBUG
 146:src/audio_engine.cpp ****     cpu_load_.OnBlockEnd();
 147:src/audio_engine.cpp **** #endif
 148:src/audio_engine.cpp ****     return;
 149:src/audio_engine.cpp **** #endif
 150:src/audio_engine.cpp **** 
 151:src/audio_engine.cpp **** #if DIAG_ENFORCE_THERMAL_AUDIO_SHUTDOWN
 152:src/audio_engine.cpp ****     if(thermal_audio_state_ == THERMAL_AUDIO_MUTED)
 153:src/audio_engine.cpp ****     {
 154:src/audio_engine.cpp ****         for(size_t i = 0; i < size; ++i)
 155:src/audio_engine.cpp ****         {
 156:src/audio_engine.cpp ****             out[0][i] = 0.0f;
 157:src/audio_engine.cpp ****             out[1][i] = 0.0f;
 158:src/audio_engine.cpp ****         }
 159:src/audio_engine.cpp **** #if AUDIO_CPU_LOAD_DEBUG
 160:src/audio_engine.cpp ****         cpu_load_.OnBlockEnd();
 161:src/audio_engine.cpp **** #endif
 162:src/audio_engine.cpp ****         return;
 163:src/audio_engine.cpp ****     }
 164:src/audio_engine.cpp **** #endif
 165:src/audio_engine.cpp **** 
 166:src/audio_engine.cpp **** #if DIAG_ENGINE_CAPTURE_TUNER
 167:src/audio_engine.cpp ****     if(tuner_capture_ && thermal_audio_state_ == THERMAL_AUDIO_NORMAL)
 168:src/audio_engine.cpp ****         tuner_capture_->WriteBlock(in[0], size);
 169:src/audio_engine.cpp **** #endif
 170:src/audio_engine.cpp **** 
 171:src/audio_engine.cpp ****     for(size_t i = 0; i < size; ++i)
 172:src/audio_engine.cpp ****     {
 173:src/audio_engine.cpp **** #if DIAG_ENFORCE_THERMAL_AUDIO_SHUTDOWN
 174:src/audio_engine.cpp ****         if(thermal_audio_state_ == THERMAL_AUDIO_MUTED)
 175:src/audio_engine.cpp ****         {
 176:src/audio_engine.cpp ****             out[0][i] = 0.0f;
 177:src/audio_engine.cpp ****             out[1][i] = 0.0f;
 178:src/audio_engine.cpp ****             continue;
 179:src/audio_engine.cpp ****         }
 180:src/audio_engine.cpp **** #endif
 181:src/audio_engine.cpp **** 
 182:src/audio_engine.cpp ****         const float x = in[0][i];
 183:src/audio_engine.cpp **** #if DIAG_ENGINE_TRANSITIONS
 184:src/audio_engine.cpp ****         float wet_l = x;
 185:src/audio_engine.cpp ****         float wet_r = x;
 186:src/audio_engine.cpp **** #endif
 187:src/audio_engine.cpp **** #if DIAG_ENGINE_DISPATCH
 188:src/audio_engine.cpp ****         bkshepherd::BaseEffectModule* fx = effects_[active_effect_];
 189:src/audio_engine.cpp **** 
 190:src/audio_engine.cpp **** #if DIAG_ENGINE_PROCESS_FX
 191:src/audio_engine.cpp ****         if(fx && active_effect_ != config::FX_TUNER
 192:src/audio_engine.cpp ****            && !(active_bypass_ && transition_ == TRANSITION_STEADY))
 193:src/audio_engine.cpp ****             ProcessEffectSample(fx, x, wet_l, wet_r);
 194:src/audio_engine.cpp **** #else
 195:src/audio_engine.cpp ****         (void)fx;
 196:src/audio_engine.cpp **** #endif
 197:src/audio_engine.cpp **** #endif
 198:src/audio_engine.cpp **** 
 199:src/audio_engine.cpp **** #if DIAG_ENGINE_TRANSITIONS
 200:src/audio_engine.cpp **** #if DIAG_ENFORCE_THERMAL_AUDIO_SHUTDOWN
 201:src/audio_engine.cpp ****         out[0][i] = thermal_gain_ * ClampOutput(x + wet_gain_ * (wet_l - x));
ARM GAS  C:\Users\aydan\AppData\Local\Temp\ccfUwhPG.s 			page 5


 202:src/audio_engine.cpp ****         out[1][i] = thermal_gain_ * ClampOutput(x + wet_gain_ * (wet_r - x));
 203:src/audio_engine.cpp **** #else
 204:src/audio_engine.cpp ****         out[0][i] = ClampOutput(x + wet_gain_ * (wet_l - x));
 205:src/audio_engine.cpp ****         out[1][i] = ClampOutput(x + wet_gain_ * (wet_r - x));
 206:src/audio_engine.cpp **** #endif
 207:src/audio_engine.cpp **** #else
 208:src/audio_engine.cpp ****         out[0][i] = x;
 209:src/audio_engine.cpp ****         out[1][i] = x;
 210:src/audio_engine.cpp **** #endif
 211:src/audio_engine.cpp **** 
 212:src/audio_engine.cpp **** #if DIAG_ENFORCE_THERMAL_AUDIO_SHUTDOWN
 213:src/audio_engine.cpp ****         if(thermal_audio_state_ == THERMAL_AUDIO_FADING)
 214:src/audio_engine.cpp ****         {
 215:src/audio_engine.cpp ****             thermal_gain_ -= thermal_gain_step_;
 216:src/audio_engine.cpp ****             if(thermal_gain_ <= 0.0f)
 217:src/audio_engine.cpp ****             {
 218:src/audio_engine.cpp ****                 thermal_gain_        = 0.0f;
 219:src/audio_engine.cpp ****                 thermal_audio_state_ = THERMAL_AUDIO_MUTED;
 220:src/audio_engine.cpp ****             }
 221:src/audio_engine.cpp ****         }
 222:src/audio_engine.cpp ****         else
 223:src/audio_engine.cpp **** #endif
 224:src/audio_engine.cpp **** #if DIAG_ENGINE_TRANSITIONS
 225:src/audio_engine.cpp ****         {
 226:src/audio_engine.cpp ****             StepTransition();
 227:src/audio_engine.cpp ****         }
 228:src/audio_engine.cpp **** #endif
 229:src/audio_engine.cpp ****     }
 230:src/audio_engine.cpp **** 
 231:src/audio_engine.cpp **** #if AUDIO_CPU_LOAD_DEBUG
 232:src/audio_engine.cpp ****     cpu_load_.OnBlockEnd();
 233:src/audio_engine.cpp ****     const float peak = cpu_load_.GetMaxCpuLoad();
 234:src/audio_engine.cpp ****     if(metered_effect < config::FX_COUNT && peak == peak
 235:src/audio_engine.cpp ****        && peak > effect_peak_load_[metered_effect])
 236:src/audio_engine.cpp ****         effect_peak_load_[metered_effect] = peak;
 237:src/audio_engine.cpp ****     if(peak > 1.0f)
 238:src/audio_engine.cpp ****         ++overrun_count_;
 239:src/audio_engine.cpp **** #endif
 240:src/audio_engine.cpp **** }
 241:src/audio_engine.cpp **** 
 242:src/audio_engine.cpp **** // Case-insensitive substring helper used only while building parameter maps during initialization.
 243:src/audio_engine.cpp **** bool AudioEngine::StringContainsCi(const char* haystack, const char* needle)
  29              		.loc 1 243 6 view -0
  30              		.cfi_startproc
  31              		@ args = 0, pretend = 0, frame = 0
  32              		@ frame_needed = 0, uses_anonymous_args = 0
  33              	.LBB24:
 244:src/audio_engine.cpp **** {
 245:src/audio_engine.cpp ****     if(!haystack || !needle)
 246:src/audio_engine.cpp ****         return false;
 247:src/audio_engine.cpp ****     for(const char* h = haystack; *h; ++h)
  34              		.loc 1 247 35 view .LVU1
  35 0000 0378     		ldrb	r3, [r0]	@ zero_extendqisi2
  36 0002 33B3     		cbz	r3, .L8
  37              	.LBE24:
 243:src/audio_engine.cpp **** {
  38              		.loc 1 243 6 is_stmt 0 view .LVU2
ARM GAS  C:\Users\aydan\AppData\Local\Temp\ccfUwhPG.s 			page 6


  39 0004 F0B5     		push	{r4, r5, r6, r7, lr}
  40              		.cfi_def_cfa_offset 20
  41              		.cfi_offset 4, -20
  42              		.cfi_offset 5, -16
  43              		.cfi_offset 6, -12
  44              		.cfi_offset 7, -8
  45              		.cfi_offset 14, -4
  46              	.LVL1:
  47              	.L7:
  48              	.LBB31:
  49              	.LBB25:
 248:src/audio_engine.cpp ****     {
 249:src/audio_engine.cpp ****         const char* h2 = h;
 250:src/audio_engine.cpp ****         const char* n  = needle;
 251:src/audio_engine.cpp ****         while(*h2 && *n)
  50              		.loc 1 251 9 is_stmt 1 view .LVU3
  51              		.loc 1 251 19 view .LVU4
  52              		.loc 1 251 19 is_stmt 0 view .LVU5
  53 0006 8C46     		mov	ip, r1
  54 0008 8646     		mov	lr, r0
  55 000a 0AE0     		b	.L6
  56              	.LVL2:
  57              	.L18:
  58              	.LBB26:
 252:src/audio_engine.cpp ****         {
 253:src/audio_engine.cpp ****             char ch = *h2;
 254:src/audio_engine.cpp ****             char cn = *n;
 255:src/audio_engine.cpp ****             if(ch >= 'A' && ch <= 'Z')
  59              		.loc 1 255 13 view .LVU6
  60 000c 192D     		cmp	r5, #25
 256:src/audio_engine.cpp ****                 ch = (char)(ch - 'A' + 'a');
  61              		.loc 1 256 20 view .LVU7
  62 000e 98BF     		it	ls
  63 0010 FBB2     		uxtbls	r3, r7
  64              	.LVL3:
 257:src/audio_engine.cpp ****             if(cn >= 'A' && cn <= 'Z')
  65              		.loc 1 257 13 is_stmt 1 view .LVU8
  66 0012 192C     		cmp	r4, #25
 258:src/audio_engine.cpp ****                 cn = (char)(cn - 'A' + 'a');
  67              		.loc 1 258 20 is_stmt 0 view .LVU9
  68 0014 98BF     		it	ls
  69 0016 F2B2     		uxtbls	r2, r6
  70              	.LVL4:
 259:src/audio_engine.cpp ****             if(ch != cn)
  71              		.loc 1 259 13 is_stmt 1 view .LVU10
  72 0018 9342     		cmp	r3, r2
  73 001a 14D1     		bne	.L5
  74              	.LBE26:
 251:src/audio_engine.cpp ****         {
  75              		.loc 1 251 15 is_stmt 0 view .LVU11
  76 001c 1EF8013F 		ldrb	r3, [lr, #1]!	@ zero_extendqisi2
  77              	.LVL5:
 251:src/audio_engine.cpp ****         {
  78              		.loc 1 251 19 view .LVU12
  79 0020 6BB1     		cbz	r3, .L17
  80              	.LVL6:
  81              	.L6:
ARM GAS  C:\Users\aydan\AppData\Local\Temp\ccfUwhPG.s 			page 7


  82              	.LBB27:
 253:src/audio_engine.cpp ****             char cn = *n;
  83              		.loc 1 253 13 is_stmt 1 view .LVU13
 254:src/audio_engine.cpp ****             if(ch >= 'A' && ch <= 'Z')
  84              		.loc 1 254 13 view .LVU14
 256:src/audio_engine.cpp ****             if(cn >= 'A' && cn <= 'Z')
  85              		.loc 1 256 17 view .LVU15
 258:src/audio_engine.cpp ****             if(ch != cn)
  86              		.loc 1 258 17 view .LVU16
 260:src/audio_engine.cpp ****                 break;
 261:src/audio_engine.cpp ****             ++h2;
  87              		.loc 1 261 13 view .LVU17
 262:src/audio_engine.cpp ****             ++n;
  88              		.loc 1 262 13 view .LVU18
  89              	.LBE27:
 251:src/audio_engine.cpp ****         {
  90              		.loc 1 251 22 is_stmt 0 view .LVU19
  91 0022 1CF8012B 		ldrb	r2, [ip], #1	@ zero_extendqisi2
  92              	.LVL7:
  93              	.LBB28:
 255:src/audio_engine.cpp ****                 ch = (char)(ch - 'A' + 'a');
  94              		.loc 1 255 13 is_stmt 1 view .LVU20
 255:src/audio_engine.cpp ****                 ch = (char)(ch - 'A' + 'a');
  95              		.loc 1 255 13 is_stmt 0 view .LVU21
  96              	.LBE28:
 251:src/audio_engine.cpp ****         {
  97              		.loc 1 251 9 is_stmt 1 view .LVU22
 251:src/audio_engine.cpp ****         {
  98              		.loc 1 251 19 view .LVU23
  99              	.LBB29:
 255:src/audio_engine.cpp ****                 ch = (char)(ch - 'A' + 'a');
 100              		.loc 1 255 13 is_stmt 0 view .LVU24
 101 0026 A3F14105 		sub	r5, r3, #65
 256:src/audio_engine.cpp ****             if(cn >= 'A' && cn <= 'Z')
 102              		.loc 1 256 20 view .LVU25
 103 002a 03F12007 		add	r7, r3, #32
 257:src/audio_engine.cpp ****                 cn = (char)(cn - 'A' + 'a');
 104              		.loc 1 257 13 view .LVU26
 105 002e A2F14104 		sub	r4, r2, #65
 258:src/audio_engine.cpp ****             if(ch != cn)
 106              		.loc 1 258 20 view .LVU27
 107 0032 02F12006 		add	r6, r2, #32
 108              	.LBE29:
 251:src/audio_engine.cpp ****         {
 109              		.loc 1 251 19 view .LVU28
 110 0036 002A     		cmp	r2, #0
 111 0038 E8D1     		bne	.L18
 112              	.LVL8:
 113              	.L10:
 263:src/audio_engine.cpp ****         }
 264:src/audio_engine.cpp ****         if(*n == '\0')
 265:src/audio_engine.cpp ****             return true;
 114              		.loc 1 265 20 view .LVU29
 115 003a 0120     		movs	r0, #1
 116              	.LVL9:
 117              		.loc 1 265 20 view .LVU30
 118              	.LBE25:
ARM GAS  C:\Users\aydan\AppData\Local\Temp\ccfUwhPG.s 			page 8


 119              	.LBE31:
 266:src/audio_engine.cpp ****     }
 267:src/audio_engine.cpp ****     return false;
 268:src/audio_engine.cpp **** }
 120              		.loc 1 268 1 view .LVU31
 121 003c F0BD     		pop	{r4, r5, r6, r7, pc}
 122              	.LVL10:
 123              	.L17:
 124              	.LBB32:
 125              	.LBB30:
 264:src/audio_engine.cpp ****             return true;
 126              		.loc 1 264 9 is_stmt 1 view .LVU32
 127 003e 9CF80030 		ldrb	r3, [ip]	@ zero_extendqisi2
 128 0042 002B     		cmp	r3, #0
 129 0044 F9D0     		beq	.L10
 130              	.L5:
 264:src/audio_engine.cpp ****             return true;
 131              		.loc 1 264 9 is_stmt 0 view .LVU33
 132              	.LBE30:
 247:src/audio_engine.cpp ****     {
 133              		.loc 1 247 5 is_stmt 1 view .LVU34
 134              	.LVL11:
 247:src/audio_engine.cpp ****     {
 135              		.loc 1 247 35 view .LVU35
 136 0046 10F8013F 		ldrb	r3, [r0, #1]!	@ zero_extendqisi2
 137              	.LVL12:
 247:src/audio_engine.cpp ****     {
 138              		.loc 1 247 35 is_stmt 0 view .LVU36
 139 004a 002B     		cmp	r3, #0
 140 004c DBD1     		bne	.L7
 141              	.LBE32:
 267:src/audio_engine.cpp **** }
 142              		.loc 1 267 12 view .LVU37
 143 004e 1846     		mov	r0, r3
 144              	.LVL13:
 145              		.loc 1 268 1 view .LVU38
 146 0050 F0BD     		pop	{r4, r5, r6, r7, pc}
 147              	.LVL14:
 148              	.L8:
 149              		.cfi_def_cfa_offset 0
 150              		.cfi_restore 4
 151              		.cfi_restore 5
 152              		.cfi_restore 6
 153              		.cfi_restore 7
 154              		.cfi_restore 14
 267:src/audio_engine.cpp **** }
 155              		.loc 1 267 12 view .LVU39
 156 0052 1846     		mov	r0, r3
 157              	.LVL15:
 158              		.loc 1 268 1 view .LVU40
 159 0054 7047     		bx	lr
 160              		.cfi_endproc
 161              	.LFE2602:
 163 0056 00BF     		.section	.text._ZN3app11AudioEngineC2Ev,"ax",%progbits
 164              		.align	1
 165              		.p2align 2,,3
 166              		.global	_ZN3app11AudioEngineC2Ev
ARM GAS  C:\Users\aydan\AppData\Local\Temp\ccfUwhPG.s 			page 9


 167              		.syntax unified
 168              		.thumb
 169              		.thumb_func
 170              		.fpu fpv5-d16
 172              	_ZN3app11AudioEngineC2Ev:
 173              	.LVL16:
 174              	.LFB2568:
   5:src/audio_engine.cpp **** : mailbox_(0),
 175              		.loc 1 5 1 is_stmt 1 view -0
 176              		.cfi_startproc
 177              		@ args = 0, pretend = 0, frame = 0
 178              		@ frame_needed = 0, uses_anonymous_args = 0
 179              	.LBB33:
  63:src/audio_engine.cpp **** #if AUDIO_CPU_LOAD_DEBUG
 180              		.loc 1 63 80 is_stmt 0 view .LVU42
 181 0000 204B     		ldr	r3, .L21
 182 0002 B7EE007A 		vmov.f32	s14, #1.0e+0
 183 0006 9FED206A 		vldr.32	s12, .L21+4
 184 000a 9C46     		mov	ip, r3
 185 000c DFED1F6A 		vldr.32	s13, .L21+8
 186 0010 DFED1F7A 		vldr.32	s15, .L21+12
 187              	.LBE33:
   5:src/audio_engine.cpp **** : mailbox_(0),
 188              		.loc 1 5 1 view .LVU43
 189 0014 F0B5     		push	{r4, r5, r6, r7, lr}
 190              		.cfi_def_cfa_offset 20
 191              		.cfi_offset 4, -20
 192              		.cfi_offset 5, -16
 193              		.cfi_offset 6, -12
 194              		.cfi_offset 7, -8
 195              		.cfi_offset 14, -4
 196              	.LBB34:
  63:src/audio_engine.cpp **** #if AUDIO_CPU_LOAD_DEBUG
 197              		.loc 1 63 80 view .LVU44
 198 0016 0025     		movs	r5, #0
 199              	.LBE34:
   5:src/audio_engine.cpp **** : mailbox_(0),
 200              		.loc 1 5 1 view .LVU45
 201 0018 8646     		mov	lr, r0
 202              	.LBB35:
  63:src/audio_engine.cpp **** #if AUDIO_CPU_LOAD_DEBUG
 203              		.loc 1 63 80 view .LVU46
 204 001a 00F11C04 		add	r4, r0, #28
 205 001e 03F13C06 		add	r6, r3, #60
 206 0022 8561     		str	r5, [r0, #24]
 207 0024 C0E90055 		strd	r5, r5, [r0]
 208 0028 C0E90255 		strd	r5, r5, [r0, #8]
 209 002c C0E90455 		strd	r5, r5, [r0, #16]
 210 0030 BCE80F00 		ldmia	ip!, {r0, r1, r2, r3}
 211              	.LVL17:
  63:src/audio_engine.cpp **** #if AUDIO_CPU_LOAD_DEBUG
 212              		.loc 1 63 80 view .LVU47
 213 0034 0FC4     		stmia	r4!, {r0, r1, r2, r3}
 214 0036 BCE80F00 		ldmia	ip!, {r0, r1, r2, r3}
 215 003a 0FC4     		stmia	r4!, {r0, r1, r2, r3}
 216 003c BCE80F00 		ldmia	ip!, {r0, r1, r2, r3}
 217 0040 0FC4     		stmia	r4!, {r0, r1, r2, r3}
ARM GAS  C:\Users\aydan\AppData\Local\Temp\ccfUwhPG.s 			page 10


 218 0042 9CE80700 		ldm	ip, {r0, r1, r2}
 219 0046 84E80700 		stm	r4, {r0, r1, r2}
 220 004a 03CE     		ldmia	r6!, {r0, r1}
 221 004c CEE91655 		strd	r5, r5, [lr, #88]
 222 0050 3388     		ldrh	r3, [r6]	@ unaligned
 223 0052 CEF86200 		str	r0, [lr, #98]	@ unaligned
 224              	.LBE35:
  70:src/audio_engine.cpp **** 
 225              		.loc 1 70 1 view .LVU48
 226 0056 7046     		mov	r0, lr
 227              	.LBB36:
  63:src/audio_engine.cpp **** #if AUDIO_CPU_LOAD_DEBUG
 228              		.loc 1 63 80 view .LVU49
 229 0058 AEF86050 		strh	r5, [lr, #96]	@ movhi
 230 005c 8EED1E6A 		vstr.32	s12, [lr, #120]
 231 0060 CEED1F6A 		vstr.32	s13, [lr, #124]
 232 0064 8EF87450 		strb	r5, [lr, #116]
 233 0068 8EF88050 		strb	r5, [lr, #128]
 234 006c 8EED217A 		vstr.32	s14, [lr, #132]
 235 0070 CEED227A 		vstr.32	s15, [lr, #136]
 236 0074 CEF86610 		str	r1, [lr, #102]	@ unaligned
 237 0078 AEF86A30 		strh	r3, [lr, #106]	@ unaligned
 238 007c CEE91B55 		strd	r5, r5, [lr, #108]
 239              	.LBE36:
  70:src/audio_engine.cpp **** 
 240              		.loc 1 70 1 view .LVU50
 241 0080 F0BD     		pop	{r4, r5, r6, r7, pc}
 242              	.L22:
 243 0082 00BF     		.align	2
 244              	.L21:
 245 0084 00000000 		.word	.LANCHOR0
 246 0088 00000000 		.word	0
 247 008c 8888883B 		.word	998803592
 248 0090 8888083B 		.word	990414984
 249              		.cfi_endproc
 250              	.LFE2568:
 252              		.global	_ZN3app11AudioEngineC1Ev
 253              		.thumb_set _ZN3app11AudioEngineC1Ev,_ZN3app11AudioEngineC2Ev
 254              		.section	.text._ZN3app11AudioEngine16StringContainsCiEPKcS2_,"ax",%progbits
 255              		.align	1
 256              		.p2align 2,,3
 257              		.global	_ZN3app11AudioEngine16StringContainsCiEPKcS2_
 258              		.syntax unified
 259              		.thumb
 260              		.thumb_func
 261              		.fpu fpv5-d16
 263              	_ZN3app11AudioEngine16StringContainsCiEPKcS2_:
 264              	.LVL18:
 265              	.LFB2572:
 244:src/audio_engine.cpp ****     if(!haystack || !needle)
 266              		.loc 1 244 1 is_stmt 1 view -0
 267              		.cfi_startproc
 268              		@ args = 0, pretend = 0, frame = 0
 269              		@ frame_needed = 0, uses_anonymous_args = 0
 270              		@ link register save eliminated.
 245:src/audio_engine.cpp ****         return false;
 271              		.loc 1 245 5 view .LVU52
ARM GAS  C:\Users\aydan\AppData\Local\Temp\ccfUwhPG.s 			page 11


 272 0000 10B1     		cbz	r0, .L24
 273 0002 09B1     		cbz	r1, .L24
 274 0004 FFF7FEBF 		b	_ZN3app11AudioEngine16StringContainsCiEPKcS2_.part.0
 275              	.LVL19:
 276              	.L24:
 277              		.loc 1 268 1 is_stmt 0 view .LVU53
 278 0008 0020     		movs	r0, #0
 279              	.LVL20:
 280              		.loc 1 268 1 view .LVU54
 281 000a 7047     		bx	lr
 282              		.cfi_endproc
 283              	.LFE2572:
 285              		.section	.text._ZN3app11AudioEngine19FindParamByKeywordsEPN10bkshepherd16BaseEffectModuleEPKcS5_S5
 286              		.align	1
 287              		.p2align 2,,3
 288              		.global	_ZN3app11AudioEngine19FindParamByKeywordsEPN10bkshepherd16BaseEffectModuleEPKcS5_S5_
 289              		.syntax unified
 290              		.thumb
 291              		.thumb_func
 292              		.fpu fpv5-d16
 294              	_ZN3app11AudioEngine19FindParamByKeywordsEPN10bkshepherd16BaseEffectModuleEPKcS5_S5_:
 295              	.LVL21:
 296              	.LFB2573:
 269:src/audio_engine.cpp **** 
 270:src/audio_engine.cpp **** // Find a module parameter by its display name when the imported module does not expose a better ty
 271:src/audio_engine.cpp **** int AudioEngine::FindParamByKeywords(bkshepherd::BaseEffectModule* fx,
 272:src/audio_engine.cpp ****                                      const char*                   kw1,
 273:src/audio_engine.cpp ****                                      const char*                   kw2,
 274:src/audio_engine.cpp ****                                      const char*                   kw3)
 275:src/audio_engine.cpp **** {
 297              		.loc 1 275 1 is_stmt 1 view -0
 298              		.cfi_startproc
 299              		@ args = 0, pretend = 0, frame = 0
 300              		@ frame_needed = 0, uses_anonymous_args = 0
 276:src/audio_engine.cpp ****     if(!fx)
 301              		.loc 1 276 5 view .LVU56
 275:src/audio_engine.cpp ****     if(!fx)
 302              		.loc 1 275 1 is_stmt 0 view .LVU57
 303 0000 2DE9F047 		push	{r4, r5, r6, r7, r8, r9, r10, lr}
 304              		.cfi_def_cfa_offset 32
 305              		.cfi_offset 4, -32
 306              		.cfi_offset 5, -28
 307              		.cfi_offset 6, -24
 308              		.cfi_offset 7, -20
 309              		.cfi_offset 8, -16
 310              		.cfi_offset 9, -12
 311              		.cfi_offset 10, -8
 312              		.cfi_offset 14, -4
 313              		.loc 1 276 5 view .LVU58
 314 0004 0028     		cmp	r0, #0
 315 0006 3FD0     		beq	.L26
 316 0008 8846     		mov	r8, r1
 317 000a 0746     		mov	r7, r0
 318 000c 9146     		mov	r9, r2
 319 000e 9A46     		mov	r10, r3
 320              	.LBB49:
 277:src/audio_engine.cpp ****         return -1;
ARM GAS  C:\Users\aydan\AppData\Local\Temp\ccfUwhPG.s 			page 12


 278:src/audio_engine.cpp ****     for(int i = 0; i < (int)fx->GetParameterCount(); ++i)
 321              		.loc 1 278 13 view .LVU59
 322 0010 0025     		movs	r5, #0
 323 0012 0DE0     		b	.L33
 324              	.LVL22:
 325              	.L35:
 326              	.LBB50:
 327              	.LBB51:
 328              	.LBB52:
 329              		.loc 1 278 13 view .LVU60
 330 0014 4946     		mov	r1, r9
 331 0016 2046     		mov	r0, r4
 332 0018 FFF7FEFF 		bl	_ZN3app11AudioEngine16StringContainsCiEPKcS2_.part.0
 333              	.LVL23:
 334              		.loc 1 278 13 view .LVU61
 335              	.LBE52:
 336              	.LBE51:
 279:src/audio_engine.cpp ****     {
 280:src/audio_engine.cpp ****         const char* name = fx->GetParameterName(i);
 281:src/audio_engine.cpp ****         if(StringContainsCi(name, kw1) || (kw2 && StringContainsCi(name, kw2))
 337              		.loc 1 281 48 view .LVU62
 338 001c 58BB     		cbnz	r0, .L25
 339              	.LVL24:
 282:src/audio_engine.cpp ****            || (kw3 && StringContainsCi(name, kw3)))
 340              		.loc 1 282 12 view .LVU63
 341 001e BAF1000F 		cmp	r10, #0
 342 0022 04D0     		beq	.L31
 343              	.LVL25:
 344              	.LBB54:
 345              	.LBB55:
 346              		.loc 1 282 12 view .LVU64
 347 0024 5146     		mov	r1, r10
 348              	.LVL26:
 349              		.loc 1 282 12 view .LVU65
 350 0026 2046     		mov	r0, r4
 351 0028 FFF7FEFF 		bl	_ZN3app11AudioEngine16StringContainsCiEPKcS2_.part.0
 352              	.LVL27:
 353              		.loc 1 282 12 view .LVU66
 354              	.LBE55:
 355              	.LBE54:
 356              		.loc 1 282 20 view .LVU67
 357 002c 18BB     		cbnz	r0, .L25
 358              	.L31:
 359              		.loc 1 282 20 view .LVU68
 360              	.LBE50:
 278:src/audio_engine.cpp ****     {
 361              		.loc 1 278 5 is_stmt 1 discriminator 5 view .LVU69
 362 002e 0135     		adds	r5, r5, #1
 363              	.LVL28:
 364              	.L33:
 278:src/audio_engine.cpp ****     {
 365              		.loc 1 278 22 discriminator 1 view .LVU70
 278:src/audio_engine.cpp ****     {
 366              		.loc 1 278 50 is_stmt 0 discriminator 1 view .LVU71
 367 0030 3846     		mov	r0, r7
 368 0032 FFF7FEFF 		bl	_ZN10bkshepherd16BaseEffectModule17GetParameterCountEv
 369              	.LVL29:
ARM GAS  C:\Users\aydan\AppData\Local\Temp\ccfUwhPG.s 			page 13


 278:src/audio_engine.cpp ****     {
 370              		.loc 1 278 22 discriminator 1 view .LVU72
 371 0036 A842     		cmp	r0, r5
 372 0038 26DD     		ble	.L26
 373              	.LBB61:
 280:src/audio_engine.cpp ****         if(StringContainsCi(name, kw1) || (kw2 && StringContainsCi(name, kw2))
 374              		.loc 1 280 9 is_stmt 1 view .LVU73
 280:src/audio_engine.cpp ****         if(StringContainsCi(name, kw1) || (kw2 && StringContainsCi(name, kw2))
 375              		.loc 1 280 48 is_stmt 0 view .LVU74
 376 003a 2946     		mov	r1, r5
 377 003c 3846     		mov	r0, r7
 378 003e FFF7FEFF 		bl	_ZN10bkshepherd16BaseEffectModule16GetParameterNameEi
 379              	.LVL30:
 281:src/audio_engine.cpp ****            || (kw3 && StringContainsCi(name, kw3)))
 380              		.loc 1 281 9 is_stmt 1 view .LVU75
 381              	.LBB57:
 382              	.LBI57:
 243:src/audio_engine.cpp **** {
 383              		.loc 1 243 6 view .LVU76
 384              	.LBB58:
 245:src/audio_engine.cpp ****         return false;
 385              		.loc 1 245 5 view .LVU77
 245:src/audio_engine.cpp ****         return false;
 386              		.loc 1 245 8 is_stmt 0 view .LVU78
 387 0042 B0FA80F6 		clz	r6, r0
 388 0046 0446     		mov	r4, r0
 389 0048 7609     		lsrs	r6, r6, #5
 245:src/audio_engine.cpp ****         return false;
 390              		.loc 1 245 5 view .LVU79
 391 004a B8F1000F 		cmp	r8, #0
 392 004e 15D0     		beq	.L27
 393 0050 A6B9     		cbnz	r6, .L27
 394 0052 4146     		mov	r1, r8
 395 0054 FFF7FEFF 		bl	_ZN3app11AudioEngine16StringContainsCiEPKcS2_.part.0
 396              	.LVL31:
 245:src/audio_engine.cpp ****         return false;
 397              		.loc 1 245 5 view .LVU80
 398              	.LBE58:
 399              	.LBE57:
 400              		.loc 1 282 12 view .LVU81
 401 0058 68B9     		cbnz	r0, .L25
 402              	.LVL32:
 281:src/audio_engine.cpp ****            || (kw3 && StringContainsCi(name, kw3)))
 403              		.loc 1 281 40 view .LVU82
 404 005a B9F1000F 		cmp	r9, #0
 405 005e D9D1     		bne	.L35
 406              	.LVL33:
 407              	.L30:
 408              	.LBB59:
 409              	.LBI54:
 243:src/audio_engine.cpp **** {
 410              		.loc 1 243 6 is_stmt 1 view .LVU83
 411              	.LBB56:
 245:src/audio_engine.cpp ****         return false;
 412              		.loc 1 245 5 view .LVU84
 413 0060 BAF1000F 		cmp	r10, #0
 414 0064 E3D0     		beq	.L31
ARM GAS  C:\Users\aydan\AppData\Local\Temp\ccfUwhPG.s 			page 14


 415 0066 002E     		cmp	r6, #0
 416 0068 E1D1     		bne	.L31
 245:src/audio_engine.cpp ****         return false;
 417              		.loc 1 245 5 is_stmt 0 view .LVU85
 418 006a 5146     		mov	r1, r10
 419 006c 2046     		mov	r0, r4
 420 006e FFF7FEFF 		bl	_ZN3app11AudioEngine16StringContainsCiEPKcS2_.part.0
 421              	.LVL34:
 245:src/audio_engine.cpp ****         return false;
 422              		.loc 1 245 5 view .LVU86
 423              	.LBE56:
 424              	.LBE59:
 425              		.loc 1 282 20 view .LVU87
 426 0072 0028     		cmp	r0, #0
 427 0074 DBD0     		beq	.L31
 428              	.L25:
 429              		.loc 1 282 20 view .LVU88
 430              	.LBE61:
 431              	.LBE49:
 283:src/audio_engine.cpp ****             return i;
 284:src/audio_engine.cpp ****     }
 285:src/audio_engine.cpp ****     return -1;
 286:src/audio_engine.cpp **** }
 432              		.loc 1 286 1 view .LVU89
 433 0076 2846     		mov	r0, r5
 434 0078 BDE8F087 		pop	{r4, r5, r6, r7, r8, r9, r10, pc}
 435              	.LVL35:
 436              	.L27:
 437              	.LBB63:
 438              	.LBB62:
 281:src/audio_engine.cpp ****            || (kw3 && StringContainsCi(name, kw3)))
 439              		.loc 1 281 40 view .LVU90
 440 007c B9F1000F 		cmp	r9, #0
 441 0080 EED0     		beq	.L30
 442              	.LVL36:
 443              	.LBB60:
 444              	.LBI51:
 243:src/audio_engine.cpp **** {
 445              		.loc 1 243 6 is_stmt 1 view .LVU91
 446              	.LBB53:
 245:src/audio_engine.cpp ****         return false;
 447              		.loc 1 245 5 view .LVU92
 448 0082 002C     		cmp	r4, #0
 449 0084 D3D0     		beq	.L31
 450 0086 C5E7     		b	.L35
 451              	.LVL37:
 452              	.L26:
 245:src/audio_engine.cpp ****         return false;
 453              		.loc 1 245 5 is_stmt 0 view .LVU93
 454              	.LBE53:
 455              	.LBE60:
 456              	.LBE62:
 457              	.LBE63:
 277:src/audio_engine.cpp ****     for(int i = 0; i < (int)fx->GetParameterCount(); ++i)
 458              		.loc 1 277 17 view .LVU94
 459 0088 4FF0FF35 		mov	r5, #-1
 460              		.loc 1 286 1 view .LVU95
ARM GAS  C:\Users\aydan\AppData\Local\Temp\ccfUwhPG.s 			page 15


 461 008c 2846     		mov	r0, r5
 462 008e BDE8F087 		pop	{r4, r5, r6, r7, r8, r9, r10, pc}
 463              		.cfi_endproc
 464              	.LFE2573:
 466 0092 00BF     		.section	.text._ZN3app11AudioEngine19FallbackParamForPotEPN10bkshepherd16BaseEffectModuleEi,"ax",%
 467              		.align	1
 468              		.p2align 2,,3
 469              		.global	_ZN3app11AudioEngine19FallbackParamForPotEPN10bkshepherd16BaseEffectModuleEi
 470              		.syntax unified
 471              		.thumb
 472              		.thumb_func
 473              		.fpu fpv5-d16
 475              	_ZN3app11AudioEngine19FallbackParamForPotEPN10bkshepherd16BaseEffectModuleEi:
 476              	.LVL38:
 477              	.LFB2574:
 287:src/audio_engine.cpp **** 
 288:src/audio_engine.cpp **** // Fall back to the module-defined knob mapping, then to positional parameters, preserving old modu
 289:src/audio_engine.cpp **** int AudioEngine::FallbackParamForPot(bkshepherd::BaseEffectModule* fx,
 290:src/audio_engine.cpp ****                                      int                           pot_idx)
 291:src/audio_engine.cpp **** {
 478              		.loc 1 291 1 is_stmt 1 view -0
 479              		.cfi_startproc
 480              		@ args = 0, pretend = 0, frame = 0
 481              		@ frame_needed = 0, uses_anonymous_args = 0
 292:src/audio_engine.cpp ****     if(!fx)
 482              		.loc 1 292 5 view .LVU97
 483 0000 88B1     		cbz	r0, .L55
 293:src/audio_engine.cpp ****         return -1;
 294:src/audio_engine.cpp ****     const int pid = fx->GetMappedParameterIDForKnob(pot_idx);
 484              		.loc 1 294 5 view .LVU98
 291:src/audio_engine.cpp ****     if(!fx)
 485              		.loc 1 291 1 is_stmt 0 view .LVU99
 486 0002 38B5     		push	{r3, r4, r5, lr}
 487              		.cfi_def_cfa_offset 16
 488              		.cfi_offset 3, -16
 489              		.cfi_offset 4, -12
 490              		.cfi_offset 5, -8
 491              		.cfi_offset 14, -4
 492 0004 0446     		mov	r4, r0
 493 0006 0D46     		mov	r5, r1
 494              		.loc 1 294 52 view .LVU100
 495 0008 FFF7FEFF 		bl	_ZN10bkshepherd16BaseEffectModule27GetMappedParameterIDForKnobEi
 496              	.LVL39:
 295:src/audio_engine.cpp ****     if(pid >= 0)
 497              		.loc 1 295 5 is_stmt 1 view .LVU101
 498 000c 0028     		cmp	r0, #0
 499              		.loc 1 295 5 is_stmt 0 view .LVU102
 500 000e 00DB     		blt	.L56
 296:src/audio_engine.cpp ****         return pid;
 297:src/audio_engine.cpp ****     return pot_idx < (int)fx->GetParameterCount() ? pot_idx : -1;
 298:src/audio_engine.cpp **** }
 501              		.loc 1 298 1 view .LVU103
 502 0010 38BD     		pop	{r3, r4, r5, pc}
 503              	.LVL40:
 504              	.L56:
 297:src/audio_engine.cpp **** }
 505              		.loc 1 297 5 is_stmt 1 view .LVU104
ARM GAS  C:\Users\aydan\AppData\Local\Temp\ccfUwhPG.s 			page 16


 297:src/audio_engine.cpp **** }
 506              		.loc 1 297 48 is_stmt 0 view .LVU105
 507 0012 2046     		mov	r0, r4
 508              	.LVL41:
 297:src/audio_engine.cpp **** }
 509              		.loc 1 297 48 view .LVU106
 510 0014 FFF7FEFF 		bl	_ZN10bkshepherd16BaseEffectModule17GetParameterCountEv
 511              	.LVL42:
 297:src/audio_engine.cpp **** }
 512              		.loc 1 297 51 view .LVU107
 513 0018 A842     		cmp	r0, r5
 514 001a 01DD     		ble	.L51
 515 001c 2846     		mov	r0, r5
 516              		.loc 1 298 1 view .LVU108
 517 001e 38BD     		pop	{r3, r4, r5, pc}
 518              	.LVL43:
 519              	.L51:
 293:src/audio_engine.cpp ****     const int pid = fx->GetMappedParameterIDForKnob(pot_idx);
 520              		.loc 1 293 17 view .LVU109
 521 0020 4FF0FF30 		mov	r0, #-1
 522              		.loc 1 298 1 view .LVU110
 523 0024 38BD     		pop	{r3, r4, r5, pc}
 524              	.LVL44:
 525              	.L55:
 526              		.cfi_def_cfa_offset 0
 527              		.cfi_restore 3
 528              		.cfi_restore 4
 529              		.cfi_restore 5
 530              		.cfi_restore 14
 293:src/audio_engine.cpp ****     const int pid = fx->GetMappedParameterIDForKnob(pot_idx);
 531              		.loc 1 293 17 view .LVU111
 532 0026 4FF0FF30 		mov	r0, #-1
 533              	.LVL45:
 534              		.loc 1 298 1 view .LVU112
 535 002a 7047     		bx	lr
 536              		.cfi_endproc
 537              	.LFE2574:
 539              		.section	.text._ZN3app11AudioEngine10U16ToFloatEt,"ax",%progbits
 540              		.align	1
 541              		.p2align 2,,3
 542              		.global	_ZN3app11AudioEngine10U16ToFloatEt
 543              		.syntax unified
 544              		.thumb
 545              		.thumb_func
 546              		.fpu fpv5-d16
 548              	_ZN3app11AudioEngine10U16ToFloatEt:
 549              	.LVL46:
 550              	.LFB2575:
 299:src/audio_engine.cpp **** 
 300:src/audio_engine.cpp **** float AudioEngine::U16ToFloat(uint16_t value)
 301:src/audio_engine.cpp **** {
 551              		.loc 1 301 1 is_stmt 1 view -0
 552              		.cfi_startproc
 553              		@ args = 0, pretend = 0, frame = 0
 554              		@ frame_needed = 0, uses_anonymous_args = 0
 555              		@ link register save eliminated.
 302:src/audio_engine.cpp ****     return (float)value / 65535.0f;
ARM GAS  C:\Users\aydan\AppData\Local\Temp\ccfUwhPG.s 			page 17


 556              		.loc 1 302 5 view .LVU114
 557              		.loc 1 302 12 is_stmt 0 view .LVU115
 558 0000 07EE900A 		vmov	s15, r0	@ int
 559              		.loc 1 302 27 view .LVU116
 560 0004 9FED030A 		vldr.32	s0, .L58
 561              		.loc 1 302 12 view .LVU117
 562 0008 F8EE677A 		vcvt.f32.u32	s15, s15
 303:src/audio_engine.cpp **** }
 563              		.loc 1 303 1 view .LVU118
 564 000c 87EE800A 		vdiv.f32	s0, s15, s0
 565 0010 7047     		bx	lr
 566              	.L59:
 567 0012 00BF     		.align	2
 568              	.L58:
 569 0014 00FF7F47 		.word	1199570688
 570              		.cfi_endproc
 571              	.LFE2575:
 573              		.section	.text._ZN3app11AudioEngine11ClampOutputEf,"ax",%progbits
 574              		.align	1
 575              		.p2align 2,,3
 576              		.global	_ZN3app11AudioEngine11ClampOutputEf
 577              		.syntax unified
 578              		.thumb
 579              		.thumb_func
 580              		.fpu fpv5-d16
 582              	_ZN3app11AudioEngine11ClampOutputEf:
 583              	.LVL47:
 584              	.LFB2576:
 304:src/audio_engine.cpp **** 
 305:src/audio_engine.cpp **** // Preserve the existing simple output limiter so summed dry/wet transitions cannot exceed the expe
 306:src/audio_engine.cpp **** float AudioEngine::ClampOutput(float value)
 307:src/audio_engine.cpp **** {
 585              		.loc 1 307 1 is_stmt 1 view -0
 586              		.cfi_startproc
 587              		@ args = 0, pretend = 0, frame = 0
 588              		@ frame_needed = 0, uses_anonymous_args = 0
 589              		@ link register save eliminated.
 308:src/audio_engine.cpp ****     return value < -0.95f ? -0.95f : (value > 0.95f ? 0.95f : value);
 590              		.loc 1 308 5 view .LVU120
 591              		.loc 1 308 27 is_stmt 0 view .LVU121
 592 0000 DFED097A 		vldr.32	s15, .L64
 593 0004 B4EEE70A 		vcmpe.f32	s0, s15
 594 0008 F1EE10FA 		vmrs	APSR_nzcv, FPSCR
 595 000c 08D4     		bmi	.L62
 596              		.loc 1 308 53 discriminator 2 view .LVU122
 597 000e 9FED077A 		vldr.32	s14, .L64+4
 598 0012 B4EEC70A 		vcmpe.f32	s0, s14
 599 0016 F1EE10FA 		vmrs	APSR_nzcv, FPSCR
 600 001a 37FE000A 		vselgt.f32	s0, s14, s0
 601              	.LVL48:
 602              		.loc 1 308 53 discriminator 2 view .LVU123
 603 001e 7047     		bx	lr
 604              	.LVL49:
 605              	.L62:
 606              		.loc 1 308 27 view .LVU124
 607 0020 B0EE670A 		vmov.f32	s0, s15
 608              	.LVL50:
ARM GAS  C:\Users\aydan\AppData\Local\Temp\ccfUwhPG.s 			page 18


 309:src/audio_engine.cpp **** }
 609              		.loc 1 309 1 view .LVU125
 610 0024 7047     		bx	lr
 611              	.L65:
 612 0026 00BF     		.align	2
 613              	.L64:
 614 0028 333373BF 		.word	-1082969293
 615 002c 3333733F 		.word	1064514355
 616              		.cfi_endproc
 617              	.LFE2576:
 619              		.section	.text._ZN3app11AudioEngine14BuildParamMapsEv,"ax",%progbits
 620              		.align	1
 621              		.p2align 2,,3
 622              		.global	_ZN3app11AudioEngine14BuildParamMapsEv
 623              		.syntax unified
 624              		.thumb
 625              		.thumb_func
 626              		.fpu fpv5-d16
 628              	_ZN3app11AudioEngine14BuildParamMapsEv:
 629              	.LVL51:
 630              	.LFB2577:
 310:src/audio_engine.cpp **** 
 311:src/audio_engine.cpp **** // Map the three pots to the parameters that make sense for each effect.
 312:src/audio_engine.cpp **** // Granular delay uses explicit parameter IDs so the mapping stays obvious.
 313:src/audio_engine.cpp **** void AudioEngine::BuildParamMaps()
 314:src/audio_engine.cpp **** {
 631              		.loc 1 314 1 is_stmt 1 view -0
 632              		.cfi_startproc
 633              		@ args = 0, pretend = 0, frame = 0
 634              		@ frame_needed = 0, uses_anonymous_args = 0
 635              		@ link register save eliminated.
 315:src/audio_engine.cpp **** #if DIAG_FX_CHORUS
 316:src/audio_engine.cpp ****     maps_[config::FX_CHORUS].p0
 317:src/audio_engine.cpp ****         = FindParamByKeywords(&chorus_, "mix", "wet", 0);
 318:src/audio_engine.cpp ****     maps_[config::FX_CHORUS].p1
 319:src/audio_engine.cpp ****         = FindParamByKeywords(&chorus_, "rate", "speed", "freq");
 320:src/audio_engine.cpp ****     maps_[config::FX_CHORUS].p2 = FindParamByKeywords(&chorus_, "depth", 0, 0);
 321:src/audio_engine.cpp ****     if(maps_[config::FX_CHORUS].p0 < 0)
 322:src/audio_engine.cpp ****         maps_[config::FX_CHORUS].p0 = FallbackParamForPot(&chorus_, 0);
 323:src/audio_engine.cpp ****     if(maps_[config::FX_CHORUS].p1 < 0)
 324:src/audio_engine.cpp ****         maps_[config::FX_CHORUS].p1 = FallbackParamForPot(&chorus_, 1);
 325:src/audio_engine.cpp ****     if(maps_[config::FX_CHORUS].p2 < 0)
 326:src/audio_engine.cpp ****         maps_[config::FX_CHORUS].p2 = FallbackParamForPot(&chorus_, 2);
 327:src/audio_engine.cpp **** #endif
 328:src/audio_engine.cpp **** 
 329:src/audio_engine.cpp **** #if DIAG_FX_REVERB
 330:src/audio_engine.cpp ****     maps_[config::FX_REVERB].p0
 331:src/audio_engine.cpp ****         = FindParamByKeywords(&reverb_, "mix", "wet", 0);
 332:src/audio_engine.cpp ****     maps_[config::FX_REVERB].p1
 333:src/audio_engine.cpp ****         = FindParamByKeywords(&reverb_, "time", "decay", "feedback");
 334:src/audio_engine.cpp ****     maps_[config::FX_REVERB].p2
 335:src/audio_engine.cpp ****         = FindParamByKeywords(&reverb_, "lpfreq", "damp", "tone");
 336:src/audio_engine.cpp ****     if(maps_[config::FX_REVERB].p0 < 0)
 337:src/audio_engine.cpp ****         maps_[config::FX_REVERB].p0 = FallbackParamForPot(&reverb_, 0);
 338:src/audio_engine.cpp ****     if(maps_[config::FX_REVERB].p1 < 0)
 339:src/audio_engine.cpp ****         maps_[config::FX_REVERB].p1 = FallbackParamForPot(&reverb_, 1);
 340:src/audio_engine.cpp ****     if(maps_[config::FX_REVERB].p2 < 0)
ARM GAS  C:\Users\aydan\AppData\Local\Temp\ccfUwhPG.s 			page 19


 341:src/audio_engine.cpp ****         maps_[config::FX_REVERB].p2 = FallbackParamForPot(&reverb_, 2);
 342:src/audio_engine.cpp **** #endif
 343:src/audio_engine.cpp **** 
 344:src/audio_engine.cpp **** #if DIAG_FX_CRUSHER
 345:src/audio_engine.cpp ****     maps_[config::FX_CRUSHER].p0
 346:src/audio_engine.cpp ****         = FindParamByKeywords(&crusher_, "level", "gain", "volume");
 347:src/audio_engine.cpp ****     maps_[config::FX_CRUSHER].p1
 348:src/audio_engine.cpp ****         = FindParamByKeywords(&crusher_, "bits", "crush", "depth");
 349:src/audio_engine.cpp ****     maps_[config::FX_CRUSHER].p2
 350:src/audio_engine.cpp ****         = FindParamByKeywords(&crusher_, "cutoff", "filter", "tone");
 351:src/audio_engine.cpp ****     if(maps_[config::FX_CRUSHER].p0 < 0)
 352:src/audio_engine.cpp ****         maps_[config::FX_CRUSHER].p0 = FallbackParamForPot(&crusher_, 0);
 353:src/audio_engine.cpp ****     if(maps_[config::FX_CRUSHER].p1 < 0)
 354:src/audio_engine.cpp ****         maps_[config::FX_CRUSHER].p1 = FallbackParamForPot(&crusher_, 1);
 355:src/audio_engine.cpp ****     if(maps_[config::FX_CRUSHER].p2 < 0)
 356:src/audio_engine.cpp ****         maps_[config::FX_CRUSHER].p2 = FallbackParamForPot(&crusher_, 2);
 357:src/audio_engine.cpp **** #endif
 358:src/audio_engine.cpp **** 
 359:src/audio_engine.cpp **** #if DIAG_FX_GRANULAR
 360:src/audio_engine.cpp ****     maps_[config::FX_GRANULAR_DELAY].p0 = bkshepherd::GranularDelayModule::SIZE;
 361:src/audio_engine.cpp ****     maps_[config::FX_GRANULAR_DELAY].p1 = bkshepherd::GranularDelayModule::MIX;
 362:src/audio_engine.cpp ****     maps_[config::FX_GRANULAR_DELAY].p2
 363:src/audio_engine.cpp ****         = bkshepherd::GranularDelayModule::PITCH;
 364:src/audio_engine.cpp **** #endif
 365:src/audio_engine.cpp **** }
 636              		.loc 1 365 1 is_stmt 0 view .LVU127
 637 0000 7047     		bx	lr
 638              		.cfi_endproc
 639              	.LFE2577:
 641 0002 00BF     		.section	.text._ZN3app11AudioEngine22ApplySnapshotIfChangedEv,"ax",%progbits
 642              		.align	1
 643              		.p2align 2,,3
 644              		.global	_ZN3app11AudioEngine22ApplySnapshotIfChangedEv
 645              		.syntax unified
 646              		.thumb
 647              		.thumb_func
 648              		.fpu fpv5-d16
 650              	_ZN3app11AudioEngine22ApplySnapshotIfChangedEv:
 651              	.LVL52:
 652              	.LFB2578:
 366:src/audio_engine.cpp **** 
 367:src/audio_engine.cpp **** // The main loop publishes requested state into the mailbox; the audio thread
 368:src/audio_engine.cpp **** // consumes it here and only re-applies parameters when the revision changes.
 369:src/audio_engine.cpp **** void AudioEngine::ApplySnapshotIfChanged()
 370:src/audio_engine.cpp **** {
 653              		.loc 1 370 1 is_stmt 1 view -0
 654              		.cfi_startproc
 655              		@ args = 0, pretend = 0, frame = 24
 656              		@ frame_needed = 0, uses_anonymous_args = 0
 371:src/audio_engine.cpp ****     if(!mailbox_)
 657              		.loc 1 371 5 view .LVU129
 370:src/audio_engine.cpp ****     if(!mailbox_)
 658              		.loc 1 370 1 is_stmt 0 view .LVU130
 659 0000 F0B5     		push	{r4, r5, r6, r7, lr}
 660              		.cfi_def_cfa_offset 20
 661              		.cfi_offset 4, -20
 662              		.cfi_offset 5, -16
ARM GAS  C:\Users\aydan\AppData\Local\Temp\ccfUwhPG.s 			page 20


 663              		.cfi_offset 6, -12
 664              		.cfi_offset 7, -8
 665              		.cfi_offset 14, -4
 666              		.loc 1 371 9 view .LVU131
 667 0002 0468     		ldr	r4, [r0]
 370:src/audio_engine.cpp ****     if(!mailbox_)
 668              		.loc 1 370 1 view .LVU132
 669 0004 87B0     		sub	sp, sp, #28
 670              		.cfi_def_cfa_offset 48
 671              		.loc 1 371 5 view .LVU133
 672 0006 2CB1     		cbz	r4, .L67
 372:src/audio_engine.cpp ****         return;
 373:src/audio_engine.cpp **** 
 374:src/audio_engine.cpp ****     ControlSnapshot snapshot;
 673              		.loc 1 374 5 is_stmt 1 view .LVU134
 375:src/audio_engine.cpp ****     uint32_t        revision = mailbox_revision_;
 674              		.loc 1 375 5 view .LVU135
 675              	.LVL53:
 376:src/audio_engine.cpp ****     if(!mailbox_->Read(snapshot, revision) || revision == mailbox_revision_)
 676              		.loc 1 376 5 view .LVU136
 677              	.LBB70:
 678              	.LBI70:
 679              		.file 2 "src/control_mailbox.h"
   1:src/control_mailbox.h **** #pragma once
   2:src/control_mailbox.h **** 
   3:src/control_mailbox.h **** #include "app_config.h"
   4:src/control_mailbox.h **** 
   5:src/control_mailbox.h **** #include <stdint.h>
   6:src/control_mailbox.h **** #include <type_traits>
   7:src/control_mailbox.h **** 
   8:src/control_mailbox.h **** namespace app
   9:src/control_mailbox.h **** {
  10:src/control_mailbox.h **** 
  11:src/control_mailbox.h **** enum class SystemMode : uint8_t
  12:src/control_mailbox.h **** {
  13:src/control_mailbox.h ****     Normal = 0,
  14:src/control_mailbox.h ****     ThermalShutdown = 1
  15:src/control_mailbox.h **** };
  16:src/control_mailbox.h **** 
  17:src/control_mailbox.h **** // Compact requested-control state crossing from the foreground loop into the
  18:src/control_mailbox.h **** // audio interrupt. Keep this trivially copyable and small so a seqlock retry is
  19:src/control_mailbox.h **** // cheap and no dynamic allocation or mutex is needed.
  20:src/control_mailbox.h **** struct ControlSnapshot
  21:src/control_mailbox.h **** {
  22:src/control_mailbox.h ****     uint8_t effect;
  23:src/control_mailbox.h ****     uint8_t bypass;
  24:src/control_mailbox.h ****     uint8_t system_mode;
  25:src/control_mailbox.h ****     uint8_t reserved;
  26:src/control_mailbox.h ****     uint16_t parameters[config::kPhysicalPotCount];
  27:src/control_mailbox.h **** };
  28:src/control_mailbox.h **** 
  29:src/control_mailbox.h **** static_assert(std::is_trivially_copyable<ControlSnapshot>::value, "ControlSnapshot must be copied b
  30:src/control_mailbox.h **** static_assert(sizeof(ControlSnapshot) <= 16, "ControlSnapshot must stay small for interrupt transfe
  31:src/control_mailbox.h **** static_assert(sizeof(ControlSnapshot) == 10, "ControlSnapshot layout changed unexpectedly");
  32:src/control_mailbox.h **** 
  33:src/control_mailbox.h **** // Single-writer/single-reader mailbox for the main loop -> audio callback handoff.
  34:src/control_mailbox.h **** // The main loop is the only writer, and the audio interrupt is the only reader.
ARM GAS  C:\Users\aydan\AppData\Local\Temp\ccfUwhPG.s 			page 21


  35:src/control_mailbox.h **** class ControlMailbox
  36:src/control_mailbox.h **** {
  37:src/control_mailbox.h ****   public:
  38:src/control_mailbox.h ****     ControlMailbox();
  39:src/control_mailbox.h **** 
  40:src/control_mailbox.h ****     // Publish() is called from the main loop after controls have been filtered and
  41:src/control_mailbox.h ****     // debounced. It marks the sequence odd while the payload is being copied.
  42:src/control_mailbox.h ****     void Publish(const ControlSnapshot& snapshot);
  43:src/control_mailbox.h **** 
  44:src/control_mailbox.h ****     // Read() is called once at the beginning of an audio block. It returns false
  45:src/control_mailbox.h ****     // if publication is in progress, allowing the callback to keep its last valid
  46:src/control_mailbox.h ****     // snapshot without blocking.
  47:src/control_mailbox.h ****     bool Read(ControlSnapshot& out, uint32_t& out_revision) const;
  48:src/control_mailbox.h **** 
  49:src/control_mailbox.h ****   private:
  50:src/control_mailbox.h ****     uint32_t sequence_;
  51:src/control_mailbox.h ****     ControlSnapshot snapshot_;
  52:src/control_mailbox.h **** };
  53:src/control_mailbox.h **** 
  54:src/control_mailbox.h **** inline ControlMailbox::ControlMailbox()
  55:src/control_mailbox.h **** : sequence_(0),
  56:src/control_mailbox.h ****   snapshot_{config::FX_TUNER, 0, (uint8_t)SystemMode::Normal, 0, {0, 0, 0}}
  57:src/control_mailbox.h **** {
  58:src/control_mailbox.h **** }
  59:src/control_mailbox.h **** 
  60:src/control_mailbox.h **** // GCC atomics provide the compiler and CPU barriers needed for the callback to
  61:src/control_mailbox.h **** // reject in-progress or torn snapshots. The sequence is even when stable and odd
  62:src/control_mailbox.h **** // while the writer is updating the payload.
  63:src/control_mailbox.h **** inline void ControlMailbox::Publish(const ControlSnapshot& snapshot)
  64:src/control_mailbox.h **** {
  65:src/control_mailbox.h ****     const uint32_t start = __atomic_load_n(&sequence_, __ATOMIC_RELAXED);
  66:src/control_mailbox.h ****     __atomic_store_n(&sequence_, start | 1u, __ATOMIC_RELEASE);
  67:src/control_mailbox.h ****     snapshot_ = snapshot;
  68:src/control_mailbox.h ****     __atomic_store_n(&sequence_, (start + 2u) & ~1u, __ATOMIC_RELEASE);
  69:src/control_mailbox.h **** }
  70:src/control_mailbox.h **** 
  71:src/control_mailbox.h **** inline bool ControlMailbox::Read(ControlSnapshot& out, uint32_t& out_revision) const
 680              		.loc 2 71 13 view .LVU137
 681              	.LBB71:
  72:src/control_mailbox.h **** {
  73:src/control_mailbox.h ****     const uint32_t before = __atomic_load_n(&sequence_, __ATOMIC_ACQUIRE);
 682              		.loc 2 73 5 view .LVU138
 683              		.loc 2 73 73 is_stmt 0 view .LVU139
 684 0008 2568     		ldr	r5, [r4]
 685 000a BFF35B8F 		dmb	ish
 686              	.LVL54:
  74:src/control_mailbox.h ****     if(before & 1u)
 687              		.loc 2 74 5 is_stmt 1 view .LVU140
 688 000e 15F00107 		ands	r7, r5, #1
 689 0012 01D0     		beq	.L89
 690              	.LVL55:
 691              	.L67:
 692              		.loc 2 74 5 is_stmt 0 view .LVU141
 693              	.LBE71:
 694              	.LBE70:
 377:src/audio_engine.cpp ****         return;
 378:src/audio_engine.cpp **** 
ARM GAS  C:\Users\aydan\AppData\Local\Temp\ccfUwhPG.s 			page 22


 379:src/audio_engine.cpp ****     mailbox_revision_ = revision;
 380:src/audio_engine.cpp ****     current_          = snapshot;
 381:src/audio_engine.cpp **** #if DIAG_STAGE != DIAG_STAGE_PRODUCTION
 382:src/audio_engine.cpp ****     current_.effect = (uint8_t)DIAG_FORCE_EFFECT;
 383:src/audio_engine.cpp ****     current_.bypass = 0;
 384:src/audio_engine.cpp **** #endif
 385:src/audio_engine.cpp **** #if DIAG_ENFORCE_THERMAL_AUDIO_SHUTDOWN
 386:src/audio_engine.cpp ****     if(current_.system_mode == (uint8_t)SystemMode::ThermalShutdown)
 387:src/audio_engine.cpp ****     {
 388:src/audio_engine.cpp ****         BeginThermalShutdown();
 389:src/audio_engine.cpp ****         return;
 390:src/audio_engine.cpp ****     }
 391:src/audio_engine.cpp ****     if(thermal_audio_state_ != THERMAL_AUDIO_NORMAL)
 392:src/audio_engine.cpp ****         return;
 393:src/audio_engine.cpp **** #endif
 394:src/audio_engine.cpp ****     if(current_.effect >= config::FX_COUNT)
 395:src/audio_engine.cpp ****         current_.effect = config::FX_TUNER;
 396:src/audio_engine.cpp **** 
 397:src/audio_engine.cpp ****     const bool effect_changed = current_.effect != applied_.effect;
 398:src/audio_engine.cpp ****     const bool params_changed
 399:src/audio_engine.cpp ****         = current_.parameters[0] != applied_.parameters[0]
 400:src/audio_engine.cpp ****           || current_.parameters[1] != applied_.parameters[1]
 401:src/audio_engine.cpp ****           || current_.parameters[2] != applied_.parameters[2];
 402:src/audio_engine.cpp **** 
 403:src/audio_engine.cpp **** #if DIAG_ENGINE_PROCESS_FX
 404:src/audio_engine.cpp ****     if(params_changed || effect_changed)
 405:src/audio_engine.cpp ****         ApplyParameters(current_.effect, current_.parameters);
 406:src/audio_engine.cpp **** #else
 407:src/audio_engine.cpp ****     (void)params_changed;
 408:src/audio_engine.cpp ****     (void)effect_changed;
 409:src/audio_engine.cpp **** #endif
 410:src/audio_engine.cpp **** 
 411:src/audio_engine.cpp **** #if DIAG_ENGINE_TRANSITIONS
 412:src/audio_engine.cpp ****     if(current_.effect != pending_effect_
 413:src/audio_engine.cpp ****        || (current_.bypass != 0) != pending_bypass_)
 414:src/audio_engine.cpp ****         StartTransition(current_.effect, current_.bypass != 0);
 415:src/audio_engine.cpp **** #endif
 416:src/audio_engine.cpp **** 
 417:src/audio_engine.cpp ****     applied_ = current_;
 418:src/audio_engine.cpp **** }
 695              		.loc 1 418 1 view .LVU142
 696 0014 07B0     		add	sp, sp, #28
 697              		.cfi_remember_state
 698              		.cfi_def_cfa_offset 20
 699              		@ sp needed
 700 0016 F0BD     		pop	{r4, r5, r6, r7, pc}
 701              	.LVL56:
 702              	.L89:
 703              		.cfi_restore_state
 704              	.LBB75:
 705              	.LBB72:
  75:src/control_mailbox.h ****         return false;
  76:src/control_mailbox.h **** 
  77:src/control_mailbox.h ****     const ControlSnapshot copy = snapshot_;
 706              		.loc 2 77 27 view .LVU143
 707 0018 03AE     		add	r6, sp, #12
 708 001a 221D     		adds	r2, r4, #4
ARM GAS  C:\Users\aydan\AppData\Local\Temp\ccfUwhPG.s 			page 23


 709 001c 0346     		mov	r3, r0
 710              		.loc 2 77 5 is_stmt 1 view .LVU144
 711              		.loc 2 77 27 is_stmt 0 view .LVU145
 712 001e B446     		mov	ip, r6
 713 0020 07CA     		ldm	r2, {r0, r1, r2}
 714              	.LVL57:
 715              		.loc 2 77 27 view .LVU146
 716 0022 ACE80300 		stmia	ip!, {r0, r1}
 717 0026 ACF80020 		strh	r2, [ip]	@ movhi
  78:src/control_mailbox.h ****     const uint32_t after = __atomic_load_n(&sequence_, __ATOMIC_ACQUIRE);
 718              		.loc 2 78 5 is_stmt 1 view .LVU147
 719              		.loc 2 78 72 is_stmt 0 view .LVU148
 720 002a 2268     		ldr	r2, [r4]
 721 002c BFF35B8F 		dmb	ish
 722              	.LVL58:
  79:src/control_mailbox.h ****     if(before != after || (after & 1u))
 723              		.loc 2 79 5 is_stmt 1 view .LVU149
 724 0030 9542     		cmp	r5, r2
 725 0032 EFD1     		bne	.L67
  80:src/control_mailbox.h ****         return false;
  81:src/control_mailbox.h **** 
  82:src/control_mailbox.h ****     out = copy;
 726              		.loc 2 82 5 view .LVU150
 727              		.loc 2 82 9 is_stmt 0 view .LVU151
 728 0034 EE46     		mov	lr, sp
 729              	.LBE72:
 730              	.LBE75:
 376:src/audio_engine.cpp ****         return;
 731              		.loc 1 376 44 view .LVU152
 732 0036 DC6E     		ldr	r4, [r3, #108]
 733              	.LVL59:
 734              	.LBB76:
 735              	.LBB73:
 736              		.loc 2 82 9 view .LVU153
 737 0038 96E80700 		ldm	r6, {r0, r1, r2}
 738              	.LVL60:
 739              		.loc 2 82 9 view .LVU154
 740 003c F446     		mov	ip, lr
 741              	.LBE73:
 742              	.LBE76:
 376:src/audio_engine.cpp ****         return;
 743              		.loc 1 376 44 view .LVU155
 744 003e AC42     		cmp	r4, r5
 745              	.LBB77:
 746              	.LBB74:
 747              		.loc 2 82 9 view .LVU156
 748 0040 ACE80300 		stmia	ip!, {r0, r1}
 749 0044 ACF80020 		strh	r2, [ip]	@ movhi
  83:src/control_mailbox.h ****     out_revision = after;
 750              		.loc 2 83 5 is_stmt 1 view .LVU157
 751              	.LVL61:
  84:src/control_mailbox.h ****     return true;
 752              		.loc 2 84 5 view .LVU158
 753              		.loc 2 84 5 is_stmt 0 view .LVU159
 754              	.LBE74:
 755              	.LBE77:
 376:src/audio_engine.cpp ****         return;
ARM GAS  C:\Users\aydan\AppData\Local\Temp\ccfUwhPG.s 			page 24


 756              		.loc 1 376 44 view .LVU160
 757 0048 E4D0     		beq	.L67
 379:src/audio_engine.cpp ****     current_          = snapshot;
 758              		.loc 1 379 5 is_stmt 1 view .LVU161
 380:src/audio_engine.cpp **** #if DIAG_STAGE != DIAG_STAGE_PRODUCTION
 759              		.loc 1 380 23 is_stmt 0 view .LVU162
 760 004a 03F1580C 		add	ip, r3, #88
 379:src/audio_engine.cpp ****     current_          = snapshot;
 761              		.loc 1 379 23 view .LVU163
 762 004e DD66     		str	r5, [r3, #108]
 380:src/audio_engine.cpp **** #if DIAG_STAGE != DIAG_STAGE_PRODUCTION
 763              		.loc 1 380 5 is_stmt 1 view .LVU164
 380:src/audio_engine.cpp **** #if DIAG_STAGE != DIAG_STAGE_PRODUCTION
 764              		.loc 1 380 23 is_stmt 0 view .LVU165
 765 0050 9EE80700 		ldm	lr, {r0, r1, r2}
 766 0054 6446     		mov	r4, ip
 767 0056 03C4     		stmia	r4!, {r0, r1}
 768 0058 2280     		strh	r2, [r4]	@ movhi
 382:src/audio_engine.cpp ****     current_.bypass = 0;
 769              		.loc 1 382 5 is_stmt 1 view .LVU166
 383:src/audio_engine.cpp **** #endif
 770              		.loc 1 383 5 view .LVU167
 386:src/audio_engine.cpp ****     {
 771              		.loc 1 386 5 is_stmt 0 view .LVU168
 772 005a 93F85A20 		ldrb	r2, [r3, #90]	@ zero_extendqisi2
 382:src/audio_engine.cpp ****     current_.bypass = 0;
 773              		.loc 1 382 21 view .LVU169
 774 005e A3F85870 		strh	r7, [r3, #88]	@ movhi
 386:src/audio_engine.cpp ****     {
 775              		.loc 1 386 5 is_stmt 1 view .LVU170
 776 0062 012A     		cmp	r2, #1
 777 0064 2FD0     		beq	.L90
 391:src/audio_engine.cpp ****         return;
 778              		.loc 1 391 5 view .LVU171
 779 0066 93F88020 		ldrb	r2, [r3, #128]	@ zero_extendqisi2
 780 006a 002A     		cmp	r2, #0
 781 006c D2D1     		bne	.L67
 394:src/audio_engine.cpp ****         current_.effect = config::FX_TUNER;
 782              		.loc 1 394 5 view .LVU172
 397:src/audio_engine.cpp ****     const bool params_changed
 783              		.loc 1 397 5 view .LVU173
 784              	.LVL62:
 398:src/audio_engine.cpp ****         = current_.parameters[0] != applied_.parameters[0]
 785              		.loc 1 398 5 view .LVU174
 407:src/audio_engine.cpp ****     (void)effect_changed;
 786              		.loc 1 407 5 view .LVU175
 408:src/audio_engine.cpp **** #endif
 787              		.loc 1 408 5 view .LVU176
 412:src/audio_engine.cpp ****        || (current_.bypass != 0) != pending_bypass_)
 788              		.loc 1 412 5 view .LVU177
 789 006e 93F87220 		ldrb	r2, [r3, #114]	@ zero_extendqisi2
 790 0072 12B9     		cbnz	r2, .L73
 413:src/audio_engine.cpp ****         StartTransition(current_.effect, current_.bypass != 0);
 791              		.loc 1 413 8 is_stmt 0 view .LVU178
 792 0074 93F87320 		ldrb	r2, [r3, #115]	@ zero_extendqisi2
 793 0078 D2B1     		cbz	r2, .L74
 794              	.L73:
ARM GAS  C:\Users\aydan\AppData\Local\Temp\ccfUwhPG.s 			page 25


 414:src/audio_engine.cpp **** #endif
 795              		.loc 1 414 9 is_stmt 1 view .LVU179
 796              	.LVL63:
 797              	.LBB78:
 798              	.LBI78:
 419:src/audio_engine.cpp **** 
 420:src/audio_engine.cpp **** void AudioEngine::BeginThermalShutdown()
 421:src/audio_engine.cpp **** {
 422:src/audio_engine.cpp ****     if(thermal_audio_state_ != THERMAL_AUDIO_NORMAL)
 423:src/audio_engine.cpp ****         return;
 424:src/audio_engine.cpp ****     thermal_audio_state_ = THERMAL_AUDIO_FADING;
 425:src/audio_engine.cpp ****     thermal_gain_        = 1.0f;
 426:src/audio_engine.cpp **** }
 427:src/audio_engine.cpp **** 
 428:src/audio_engine.cpp **** // Fade out the old wet signal before changing modes, so bypass and effect
 429:src/audio_engine.cpp **** // switches do not click or cut off the previous effect abruptly.
 430:src/audio_engine.cpp **** void AudioEngine::StartTransition(uint8_t requested_effect,
 799              		.loc 1 430 6 view .LVU180
 800              	.LBB79:
 431:src/audio_engine.cpp ****                                   bool    requested_bypass)
 432:src/audio_engine.cpp **** {
 433:src/audio_engine.cpp ****     pending_effect_ = requested_effect;
 801              		.loc 1 433 5 view .LVU181
 434:src/audio_engine.cpp ****     pending_bypass_ = requested_bypass;
 802              		.loc 1 434 5 view .LVU182
 435:src/audio_engine.cpp **** 
 436:src/audio_engine.cpp ****     const bool audible = wet_gain_ > 0.0f && active_effect_ != config::FX_TUNER
 437:src/audio_engine.cpp ****                          && !active_bypass_;
 803              		.loc 1 437 26 is_stmt 0 view .LVU183
 804 007a D3ED1E7A 		vldr.32	s15, [r3, #120]
 433:src/audio_engine.cpp ****     pending_bypass_ = requested_bypass;
 805              		.loc 1 433 21 view .LVU184
 806 007e 0022     		movs	r2, #0
 807              		.loc 1 437 26 view .LVU185
 808 0080 F5EEC07A 		vcmpe.f32	s15, #0
 433:src/audio_engine.cpp ****     pending_bypass_ = requested_bypass;
 809              		.loc 1 433 21 view .LVU186
 810 0084 A3F87220 		strh	r2, [r3, #114]	@ movhi
 436:src/audio_engine.cpp ****                          && !active_bypass_;
 811              		.loc 1 436 5 is_stmt 1 view .LVU187
 812              		.loc 1 437 26 is_stmt 0 view .LVU188
 813 0088 F1EE10FA 		vmrs	APSR_nzcv, FPSCR
 814 008c 09DD     		ble	.L75
 436:src/audio_engine.cpp ****                          && !active_bypass_;
 815              		.loc 1 436 43 view .LVU189
 816 008e 93F87020 		ldrb	r2, [r3, #112]	@ zero_extendqisi2
 817 0092 32B1     		cbz	r2, .L75
 818              		.loc 1 437 26 view .LVU190
 819 0094 93F87120 		ldrb	r2, [r3, #113]	@ zero_extendqisi2
 820 0098 1AB9     		cbnz	r2, .L75
 821              	.LVL64:
 438:src/audio_engine.cpp ****     if(audible)
 822              		.loc 1 438 5 is_stmt 1 view .LVU191
 439:src/audio_engine.cpp ****         transition_ = TRANSITION_FADING_OUT;
 823              		.loc 1 439 9 view .LVU192
 824              		.loc 1 439 21 is_stmt 0 view .LVU193
 825 009a 0122     		movs	r2, #1
ARM GAS  C:\Users\aydan\AppData\Local\Temp\ccfUwhPG.s 			page 26


 826 009c 83F87420 		strb	r2, [r3, #116]
 827 00a0 06E0     		b	.L74
 828              	.LVL65:
 829              	.L75:
 438:src/audio_engine.cpp ****     if(audible)
 830              		.loc 1 438 5 is_stmt 1 view .LVU194
 440:src/audio_engine.cpp ****     else
 441:src/audio_engine.cpp ****     {
 442:src/audio_engine.cpp ****         active_effect_ = pending_effect_;
 831              		.loc 1 442 9 view .LVU195
 443:src/audio_engine.cpp ****         active_bypass_ = pending_bypass_;
 832              		.loc 1 443 9 view .LVU196
 442:src/audio_engine.cpp ****         active_bypass_ = pending_bypass_;
 833              		.loc 1 442 24 is_stmt 0 view .LVU197
 834 00a2 0022     		movs	r2, #0
 444:src/audio_engine.cpp ****         wet_gain_      = 0.0f;
 835              		.loc 1 444 24 view .LVU198
 836 00a4 0021     		movs	r1, #0
 442:src/audio_engine.cpp ****         active_bypass_ = pending_bypass_;
 837              		.loc 1 442 24 view .LVU199
 838 00a6 A3F87020 		strh	r2, [r3, #112]	@ movhi
 839              		.loc 1 444 9 is_stmt 1 view .LVU200
 840              		.loc 1 444 24 is_stmt 0 view .LVU201
 841 00aa 9967     		str	r1, [r3, #120]	@ float
 445:src/audio_engine.cpp ****         transition_    = (active_effect_ != config::FX_TUNER && !active_bypass_)
 842              		.loc 1 445 9 is_stmt 1 view .LVU202
 843              		.loc 1 445 24 is_stmt 0 view .LVU203
 844 00ac 83F87420 		strb	r2, [r3, #116]
 845              	.LVL66:
 846              	.L74:
 847              		.loc 1 445 24 view .LVU204
 848              	.LBE79:
 849              	.LBE78:
 417:src/audio_engine.cpp **** }
 850              		.loc 1 417 5 is_stmt 1 view .LVU205
 417:src/audio_engine.cpp **** }
 851              		.loc 1 417 14 is_stmt 0 view .LVU206
 852 00b0 6246     		mov	r2, ip
 853 00b2 03CA     		ldmia	r2!, {r0, r1}
 854 00b4 1288     		ldrh	r2, [r2]	@ unaligned
 855 00b6 C3F86200 		str	r0, [r3, #98]	@ unaligned
 856              	.LVL67:
 417:src/audio_engine.cpp **** }
 857              		.loc 1 417 14 view .LVU207
 858 00ba C3F86610 		str	r1, [r3, #102]	@ unaligned
 859 00be A3F86A20 		strh	r2, [r3, #106]	@ unaligned
 860              	.LVL68:
 418:src/audio_engine.cpp **** 
 861              		.loc 1 418 1 view .LVU208
 862 00c2 07B0     		add	sp, sp, #28
 863              		.cfi_remember_state
 864              		.cfi_def_cfa_offset 20
 865              		@ sp needed
 866 00c4 F0BD     		pop	{r4, r5, r6, r7, pc}
 867              	.LVL69:
 868              	.L90:
 869              		.cfi_restore_state
ARM GAS  C:\Users\aydan\AppData\Local\Temp\ccfUwhPG.s 			page 27


 388:src/audio_engine.cpp ****         return;
 870              		.loc 1 388 9 is_stmt 1 view .LVU209
 871              	.LBB80:
 872              	.LBI80:
 420:src/audio_engine.cpp **** {
 873              		.loc 1 420 6 view .LVU210
 874              	.LBB81:
 422:src/audio_engine.cpp ****         return;
 875              		.loc 1 422 5 view .LVU211
 876 00c6 93F88010 		ldrb	r1, [r3, #128]	@ zero_extendqisi2
 877 00ca 0029     		cmp	r1, #0
 878 00cc A2D1     		bne	.L67
 424:src/audio_engine.cpp ****     thermal_gain_        = 1.0f;
 879              		.loc 1 424 5 view .LVU212
 425:src/audio_engine.cpp **** }
 880              		.loc 1 425 26 is_stmt 0 view .LVU213
 881 00ce 4FF07E51 		mov	r1, #1065353216
 424:src/audio_engine.cpp ****     thermal_gain_        = 1.0f;
 882              		.loc 1 424 26 view .LVU214
 883 00d2 83F88020 		strb	r2, [r3, #128]
 425:src/audio_engine.cpp **** }
 884              		.loc 1 425 5 is_stmt 1 view .LVU215
 425:src/audio_engine.cpp **** }
 885              		.loc 1 425 26 is_stmt 0 view .LVU216
 886 00d6 C3F88410 		str	r1, [r3, #132]	@ float
 887 00da 9BE7     		b	.L67
 888              	.LBE81:
 889              	.LBE80:
 890              		.cfi_endproc
 891              	.LFE2578:
 893              		.section	.text._ZN3app11AudioEngine4InitEfRNS_14ControlMailboxERNS_12TunerCaptureE,"ax",%progbits
 894              		.align	1
 895              		.p2align 2,,3
 896              		.global	_ZN3app11AudioEngine4InitEfRNS_14ControlMailboxERNS_12TunerCaptureE
 897              		.syntax unified
 898              		.thumb
 899              		.thumb_func
 900              		.fpu fpv5-d16
 902              	_ZN3app11AudioEngine4InitEfRNS_14ControlMailboxERNS_12TunerCaptureE:
 903              	.LVL70:
 904              	.LFB2570:
  75:src/audio_engine.cpp ****     mailbox_       = &mailbox;
 905              		.loc 1 75 1 is_stmt 1 view -0
 906              		.cfi_startproc
 907              		@ args = 0, pretend = 0, frame = 0
 908              		@ frame_needed = 0, uses_anonymous_args = 0
  76:src/audio_engine.cpp ****     tuner_capture_ = &tuner_capture;
 909              		.loc 1 76 5 view .LVU218
 119:src/audio_engine.cpp **** }
 910              		.loc 1 119 31 is_stmt 0 view .LVU219
 911 0000 9FED0D7A 		vldr.32	s14, .L93
  75:src/audio_engine.cpp ****     mailbox_       = &mailbox;
 912              		.loc 1 75 1 view .LVU220
 913 0004 10B5     		push	{r4, lr}
 914              		.cfi_def_cfa_offset 8
 915              		.cfi_offset 4, -8
 916              		.cfi_offset 14, -4
ARM GAS  C:\Users\aydan\AppData\Local\Temp\ccfUwhPG.s 			page 28


  77:src/audio_engine.cpp **** 
 917              		.loc 1 77 20 view .LVU221
 918 0006 C0E90012 		strd	r1, r2, [r0]
  96:src/audio_engine.cpp **** #if AUDIO_CPU_LOAD_DEBUG
 919              		.loc 1 96 5 is_stmt 1 view .LVU222
 104:src/audio_engine.cpp **** #endif
 920              		.loc 1 104 5 view .LVU223
  75:src/audio_engine.cpp ****     mailbox_       = &mailbox;
 921              		.loc 1 75 1 is_stmt 0 view .LVU224
 922 000a 0446     		mov	r4, r0
 104:src/audio_engine.cpp **** #endif
 923              		.loc 1 104 27 view .LVU225
 924 000c FFF7FEFF 		bl	_ZN3app11AudioEngine22ApplySnapshotIfChangedEv
 925              	.LVL71:
 107:src/audio_engine.cpp ****     current_.bypass = 0;
 926              		.loc 1 107 5 is_stmt 1 view .LVU226
 108:src/audio_engine.cpp **** #endif
 927              		.loc 1 108 5 view .LVU227
 117:src/audio_engine.cpp ****     thermal_gain_step_
 928              		.loc 1 117 26 is_stmt 0 view .LVU228
 929 0010 F7EE007A 		vmov.f32	s15, #1.0e+0
 107:src/audio_engine.cpp ****     current_.bypass = 0;
 930              		.loc 1 107 21 view .LVU229
 931 0014 0023     		movs	r3, #0
 119:src/audio_engine.cpp **** }
 932              		.loc 1 119 31 view .LVU230
 933 0016 20EE070A 		vmul.f32	s0, s0, s14
 934              	.LVL72:
 115:src/audio_engine.cpp ****     thermal_audio_state_ = THERMAL_AUDIO_NORMAL;
 935              		.loc 1 115 9 view .LVU231
 936 001a 0022     		movs	r2, #0
 107:src/audio_engine.cpp ****     current_.bypass = 0;
 937              		.loc 1 107 21 view .LVU232
 938 001c A4F85830 		strh	r3, [r4, #88]	@ movhi
 110:src/audio_engine.cpp ****     active_bypass_  = current_.bypass != 0;
 939              		.loc 1 110 5 is_stmt 1 view .LVU233
 111:src/audio_engine.cpp ****     pending_effect_ = active_effect_;
 940              		.loc 1 111 5 view .LVU234
 112:src/audio_engine.cpp ****     pending_bypass_ = active_bypass_;
 941              		.loc 1 112 5 view .LVU235
 113:src/audio_engine.cpp ****     wet_gain_
 942              		.loc 1 113 5 view .LVU236
 110:src/audio_engine.cpp ****     active_bypass_  = current_.bypass != 0;
 943              		.loc 1 110 21 is_stmt 0 view .LVU237
 944 0020 2367     		str	r3, [r4, #112]
 114:src/audio_engine.cpp ****         = (active_effect_ == config::FX_TUNER || active_bypass_) ? 0.0f : 1.0f;
 945              		.loc 1 114 5 is_stmt 1 view .LVU238
 119:src/audio_engine.cpp **** }
 946              		.loc 1 119 16 is_stmt 0 view .LVU239
 947 0022 87EE807A 		vdiv.f32	s14, s15, s0
 115:src/audio_engine.cpp ****     thermal_audio_state_ = THERMAL_AUDIO_NORMAL;
 948              		.loc 1 115 9 view .LVU240
 949 0026 A267     		str	r2, [r4, #120]	@ float
 116:src/audio_engine.cpp ****     thermal_gain_        = 1.0f;
 950              		.loc 1 116 5 is_stmt 1 view .LVU241
 116:src/audio_engine.cpp ****     thermal_gain_        = 1.0f;
 951              		.loc 1 116 26 is_stmt 0 view .LVU242
ARM GAS  C:\Users\aydan\AppData\Local\Temp\ccfUwhPG.s 			page 29


 952 0028 84F88030 		strb	r3, [r4, #128]
 117:src/audio_engine.cpp ****     thermal_gain_step_
 953              		.loc 1 117 5 is_stmt 1 view .LVU243
 117:src/audio_engine.cpp ****     thermal_gain_step_
 954              		.loc 1 117 26 is_stmt 0 view .LVU244
 955 002c C4ED217A 		vstr.32	s15, [r4, #132]
 118:src/audio_engine.cpp ****         = 1.0f / (sample_rate * (config::kThermalAudioFadeMs * 0.001f));
 956              		.loc 1 118 5 is_stmt 1 view .LVU245
 119:src/audio_engine.cpp **** }
 957              		.loc 1 119 9 is_stmt 0 view .LVU246
 958 0030 84ED227A 		vstr.32	s14, [r4, #136]
 120:src/audio_engine.cpp **** 
 959              		.loc 1 120 1 view .LVU247
 960 0034 10BD     		pop	{r4, pc}
 961              	.LVL73:
 962              	.L94:
 120:src/audio_engine.cpp **** 
 963              		.loc 1 120 1 view .LVU248
 964 0036 00BF     		.align	2
 965              	.L93:
 966 0038 0BD7233C 		.word	1008981771
 967              		.cfi_endproc
 968              	.LFE2570:
 970              		.section	.text._ZN3app11AudioEngine20BeginThermalShutdownEv,"ax",%progbits
 971              		.align	1
 972              		.p2align 2,,3
 973              		.global	_ZN3app11AudioEngine20BeginThermalShutdownEv
 974              		.syntax unified
 975              		.thumb
 976              		.thumb_func
 977              		.fpu fpv5-d16
 979              	_ZN3app11AudioEngine20BeginThermalShutdownEv:
 980              	.LVL74:
 981              	.LFB2579:
 421:src/audio_engine.cpp ****     if(thermal_audio_state_ != THERMAL_AUDIO_NORMAL)
 982              		.loc 1 421 1 is_stmt 1 view -0
 983              		.cfi_startproc
 984              		@ args = 0, pretend = 0, frame = 0
 985              		@ frame_needed = 0, uses_anonymous_args = 0
 986              		@ link register save eliminated.
 422:src/audio_engine.cpp ****         return;
 987              		.loc 1 422 5 view .LVU250
 988 0000 90F88030 		ldrb	r3, [r0, #128]	@ zero_extendqisi2
 989 0004 33B9     		cbnz	r3, .L95
 424:src/audio_engine.cpp ****     thermal_gain_        = 1.0f;
 990              		.loc 1 424 5 view .LVU251
 425:src/audio_engine.cpp **** }
 991              		.loc 1 425 26 is_stmt 0 view .LVU252
 992 0006 4FF07E53 		mov	r3, #1065353216
 424:src/audio_engine.cpp ****     thermal_gain_        = 1.0f;
 993              		.loc 1 424 26 view .LVU253
 994 000a 0122     		movs	r2, #1
 425:src/audio_engine.cpp **** }
 995              		.loc 1 425 26 view .LVU254
 996 000c C0F88430 		str	r3, [r0, #132]	@ float
 424:src/audio_engine.cpp ****     thermal_gain_        = 1.0f;
 997              		.loc 1 424 26 view .LVU255
ARM GAS  C:\Users\aydan\AppData\Local\Temp\ccfUwhPG.s 			page 30


 998 0010 80F88020 		strb	r2, [r0, #128]
 425:src/audio_engine.cpp **** }
 999              		.loc 1 425 5 is_stmt 1 view .LVU256
 1000              	.L95:
 426:src/audio_engine.cpp **** 
 1001              		.loc 1 426 1 is_stmt 0 view .LVU257
 1002 0014 7047     		bx	lr
 1003              		.cfi_endproc
 1004              	.LFE2579:
 1006 0016 00BF     		.section	.text._ZN3app11AudioEngine15StartTransitionEhb,"ax",%progbits
 1007              		.align	1
 1008              		.p2align 2,,3
 1009              		.global	_ZN3app11AudioEngine15StartTransitionEhb
 1010              		.syntax unified
 1011              		.thumb
 1012              		.thumb_func
 1013              		.fpu fpv5-d16
 1015              	_ZN3app11AudioEngine15StartTransitionEhb:
 1016              	.LVL75:
 1017              	.LFB2580:
 432:src/audio_engine.cpp ****     pending_effect_ = requested_effect;
 1018              		.loc 1 432 1 is_stmt 1 view -0
 1019              		.cfi_startproc
 1020              		@ args = 0, pretend = 0, frame = 0
 1021              		@ frame_needed = 0, uses_anonymous_args = 0
 1022              		@ link register save eliminated.
 433:src/audio_engine.cpp ****     pending_bypass_ = requested_bypass;
 1023              		.loc 1 433 5 view .LVU259
 437:src/audio_engine.cpp ****     if(audible)
 1024              		.loc 1 437 26 is_stmt 0 view .LVU260
 1025 0000 D0ED1E7A 		vldr.32	s15, [r0, #120]
 433:src/audio_engine.cpp ****     pending_bypass_ = requested_bypass;
 1026              		.loc 1 433 21 view .LVU261
 1027 0004 80F87210 		strb	r1, [r0, #114]
 434:src/audio_engine.cpp **** 
 1028              		.loc 1 434 5 is_stmt 1 view .LVU262
 437:src/audio_engine.cpp ****     if(audible)
 1029              		.loc 1 437 26 is_stmt 0 view .LVU263
 1030 0008 F5EEC07A 		vcmpe.f32	s15, #0
 434:src/audio_engine.cpp **** 
 1031              		.loc 1 434 21 view .LVU264
 1032 000c 80F87320 		strb	r2, [r0, #115]
 436:src/audio_engine.cpp ****                          && !active_bypass_;
 1033              		.loc 1 436 5 is_stmt 1 view .LVU265
 437:src/audio_engine.cpp ****     if(audible)
 1034              		.loc 1 437 26 is_stmt 0 view .LVU266
 1035 0010 F1EE10FA 		vmrs	APSR_nzcv, FPSCR
 1036 0014 02DD     		ble	.L98
 436:src/audio_engine.cpp ****                          && !active_bypass_;
 1037              		.loc 1 436 43 view .LVU267
 1038 0016 90F87030 		ldrb	r3, [r0, #112]	@ zero_extendqisi2
 1039 001a 5BB9     		cbnz	r3, .L109
 1040              	.L98:
 1041              	.LVL76:
 438:src/audio_engine.cpp ****         transition_ = TRANSITION_FADING_OUT;
 1042              		.loc 1 438 5 is_stmt 1 view .LVU268
 442:src/audio_engine.cpp ****         active_bypass_ = pending_bypass_;
ARM GAS  C:\Users\aydan\AppData\Local\Temp\ccfUwhPG.s 			page 31


 1043              		.loc 1 442 9 view .LVU269
 444:src/audio_engine.cpp ****         transition_    = (active_effect_ != config::FX_TUNER && !active_bypass_)
 1044              		.loc 1 444 24 is_stmt 0 view .LVU270
 1045 001c 0023     		movs	r3, #0
 442:src/audio_engine.cpp ****         active_bypass_ = pending_bypass_;
 1046              		.loc 1 442 24 view .LVU271
 1047 001e 80F87010 		strb	r1, [r0, #112]
 443:src/audio_engine.cpp ****         wet_gain_      = 0.0f;
 1048              		.loc 1 443 9 is_stmt 1 view .LVU272
 443:src/audio_engine.cpp ****         wet_gain_      = 0.0f;
 1049              		.loc 1 443 24 is_stmt 0 view .LVU273
 1050 0022 80F87120 		strb	r2, [r0, #113]
 444:src/audio_engine.cpp ****         transition_    = (active_effect_ != config::FX_TUNER && !active_bypass_)
 1051              		.loc 1 444 9 is_stmt 1 view .LVU274
 444:src/audio_engine.cpp ****         transition_    = (active_effect_ != config::FX_TUNER && !active_bypass_)
 1052              		.loc 1 444 24 is_stmt 0 view .LVU275
 1053 0026 8367     		str	r3, [r0, #120]	@ float
 1054              		.loc 1 445 9 is_stmt 1 view .LVU276
 1055              		.loc 1 445 62 is_stmt 0 view .LVU277
 1056 0028 01B1     		cbz	r1, .L105
 1057              		.loc 1 445 62 view .LVU278
 1058 002a 5AB1     		cbz	r2, .L103
 1059              	.L105:
 446:src/audio_engine.cpp ****                           ? TRANSITION_FADING_IN
 1060              		.loc 1 446 27 view .LVU279
 1061 002c 0023     		movs	r3, #0
 445:src/audio_engine.cpp ****                           ? TRANSITION_FADING_IN
 1062              		.loc 1 445 24 view .LVU280
 1063 002e 80F87430 		strb	r3, [r0, #116]
 447:src/audio_engine.cpp ****                           : TRANSITION_STEADY;
 448:src/audio_engine.cpp ****     }
 449:src/audio_engine.cpp **** }
 1064              		.loc 1 449 1 view .LVU281
 1065 0032 7047     		bx	lr
 1066              	.LVL77:
 1067              	.L109:
 437:src/audio_engine.cpp ****     if(audible)
 1068              		.loc 1 437 26 discriminator 3 view .LVU282
 1069 0034 90F87130 		ldrb	r3, [r0, #113]	@ zero_extendqisi2
 1070 0038 002B     		cmp	r3, #0
 1071 003a EFD1     		bne	.L98
 1072              	.LVL78:
 438:src/audio_engine.cpp ****         transition_ = TRANSITION_FADING_OUT;
 1073              		.loc 1 438 5 is_stmt 1 view .LVU283
 439:src/audio_engine.cpp ****     else
 1074              		.loc 1 439 9 view .LVU284
 439:src/audio_engine.cpp ****     else
 1075              		.loc 1 439 21 is_stmt 0 view .LVU285
 1076 003c 0123     		movs	r3, #1
 1077 003e 80F87430 		strb	r3, [r0, #116]
 1078 0042 7047     		bx	lr
 1079              	.LVL79:
 1080              	.L103:
 446:src/audio_engine.cpp ****                           : TRANSITION_STEADY;
 1081              		.loc 1 446 27 view .LVU286
 1082 0044 0223     		movs	r3, #2
 445:src/audio_engine.cpp ****                           ? TRANSITION_FADING_IN
ARM GAS  C:\Users\aydan\AppData\Local\Temp\ccfUwhPG.s 			page 32


 1083              		.loc 1 445 24 view .LVU287
 1084 0046 80F87430 		strb	r3, [r0, #116]
 1085              		.loc 1 449 1 view .LVU288
 1086 004a 7047     		bx	lr
 1087              		.cfi_endproc
 1088              	.LFE2580:
 1090              		.section	.text._ZN3app11AudioEngine14StepTransitionEv,"ax",%progbits
 1091              		.align	1
 1092              		.p2align 2,,3
 1093              		.global	_ZN3app11AudioEngine14StepTransitionEv
 1094              		.syntax unified
 1095              		.thumb
 1096              		.thumb_func
 1097              		.fpu fpv5-d16
 1099              	_ZN3app11AudioEngine14StepTransitionEv:
 1100              	.LVL80:
 1101              	.LFB2581:
 450:src/audio_engine.cpp **** 
 451:src/audio_engine.cpp **** // Advance the wet/dry ramp once per sample. When the ramp reaches zero or
 452:src/audio_engine.cpp **** // one, the engine either switches modes or returns to steady state.
 453:src/audio_engine.cpp **** void AudioEngine::StepTransition()
 454:src/audio_engine.cpp **** {
 1102              		.loc 1 454 1 is_stmt 1 view -0
 1103              		.cfi_startproc
 1104              		@ args = 0, pretend = 0, frame = 0
 1105              		@ frame_needed = 0, uses_anonymous_args = 0
 1106              		@ link register save eliminated.
 455:src/audio_engine.cpp ****     if(transition_ == TRANSITION_FADING_OUT)
 1107              		.loc 1 455 5 view .LVU290
 1108              		.loc 1 455 8 is_stmt 0 view .LVU291
 1109 0000 90F87430 		ldrb	r3, [r0, #116]	@ zero_extendqisi2
 1110              		.loc 1 455 5 view .LVU292
 1111 0004 012B     		cmp	r3, #1
 1112 0006 13D0     		beq	.L122
 456:src/audio_engine.cpp ****     {
 457:src/audio_engine.cpp ****         wet_gain_ -= wet_gain_step_;
 458:src/audio_engine.cpp ****         if(wet_gain_ <= 0.0f)
 459:src/audio_engine.cpp ****         {
 460:src/audio_engine.cpp ****             wet_gain_      = 0.0f;
 461:src/audio_engine.cpp ****             active_effect_ = pending_effect_;
 462:src/audio_engine.cpp ****             active_bypass_ = pending_bypass_;
 463:src/audio_engine.cpp ****             transition_
 464:src/audio_engine.cpp ****                 = (active_effect_ != config::FX_TUNER && !active_bypass_)
 465:src/audio_engine.cpp ****                       ? TRANSITION_FADING_IN
 466:src/audio_engine.cpp ****                       : TRANSITION_STEADY;
 467:src/audio_engine.cpp ****         }
 468:src/audio_engine.cpp ****     }
 469:src/audio_engine.cpp ****     else if(transition_ == TRANSITION_FADING_IN)
 1113              		.loc 1 469 10 is_stmt 1 view .LVU293
 1114 0008 022B     		cmp	r3, #2
 1115 000a 00D0     		beq	.L123
 470:src/audio_engine.cpp ****     {
 471:src/audio_engine.cpp ****         wet_gain_ += wet_gain_step_;
 472:src/audio_engine.cpp ****         if(wet_gain_ >= 1.0f)
 473:src/audio_engine.cpp ****         {
 474:src/audio_engine.cpp ****             wet_gain_   = 1.0f;
 475:src/audio_engine.cpp ****             transition_ = TRANSITION_STEADY;
ARM GAS  C:\Users\aydan\AppData\Local\Temp\ccfUwhPG.s 			page 33


 476:src/audio_engine.cpp ****         }
 477:src/audio_engine.cpp ****     }
 478:src/audio_engine.cpp **** }
 1116              		.loc 1 478 1 is_stmt 0 view .LVU294
 1117 000c 7047     		bx	lr
 1118              	.L123:
 471:src/audio_engine.cpp ****         if(wet_gain_ >= 1.0f)
 1119              		.loc 1 471 9 is_stmt 1 view .LVU295
 471:src/audio_engine.cpp ****         if(wet_gain_ >= 1.0f)
 1120              		.loc 1 471 19 is_stmt 0 view .LVU296
 1121 000e D0ED1E7A 		vldr.32	s15, [r0, #120]
 472:src/audio_engine.cpp ****         {
 1122              		.loc 1 472 9 view .LVU297
 1123 0012 B7EE007A 		vmov.f32	s14, #1.0e+0
 471:src/audio_engine.cpp ****         if(wet_gain_ >= 1.0f)
 1124              		.loc 1 471 19 view .LVU298
 1125 0016 D0ED1F6A 		vldr.32	s13, [r0, #124]
 1126 001a 77EEA67A 		vadd.f32	s15, s15, s13
 472:src/audio_engine.cpp ****         {
 1127              		.loc 1 472 9 is_stmt 1 view .LVU299
 1128 001e F4EEC77A 		vcmpe.f32	s15, s14
 1129 0022 F1EE10FA 		vmrs	APSR_nzcv, FPSCR
 1130 0026 0FDB     		blt	.L120
 474:src/audio_engine.cpp ****             transition_ = TRANSITION_STEADY;
 1131              		.loc 1 474 13 view .LVU300
 475:src/audio_engine.cpp ****         }
 1132              		.loc 1 475 25 is_stmt 0 view .LVU301
 1133 0028 0023     		movs	r3, #0
 474:src/audio_engine.cpp ****             transition_ = TRANSITION_STEADY;
 1134              		.loc 1 474 25 view .LVU302
 1135 002a 80ED1E7A 		vstr.32	s14, [r0, #120]
 1136 002e 1AE0     		b	.L121
 1137              	.L122:
 457:src/audio_engine.cpp ****         if(wet_gain_ <= 0.0f)
 1138              		.loc 1 457 9 is_stmt 1 view .LVU303
 457:src/audio_engine.cpp ****         if(wet_gain_ <= 0.0f)
 1139              		.loc 1 457 19 is_stmt 0 view .LVU304
 1140 0030 D0ED1E7A 		vldr.32	s15, [r0, #120]
 458:src/audio_engine.cpp ****         {
 1141              		.loc 1 458 9 view .LVU305
 1142 0034 0023     		movs	r3, #0
 457:src/audio_engine.cpp ****         if(wet_gain_ <= 0.0f)
 1143              		.loc 1 457 19 view .LVU306
 1144 0036 90ED1F7A 		vldr.32	s14, [r0, #124]
 1145 003a 77EEC77A 		vsub.f32	s15, s15, s14
 458:src/audio_engine.cpp ****         {
 1146              		.loc 1 458 9 is_stmt 1 view .LVU307
 1147 003e F5EEC07A 		vcmpe.f32	s15, #0
 1148 0042 F1EE10FA 		vmrs	APSR_nzcv, FPSCR
 1149 0046 02D9     		bls	.L112
 1150              	.L120:
 471:src/audio_engine.cpp ****         if(wet_gain_ >= 1.0f)
 1151              		.loc 1 471 19 is_stmt 0 view .LVU308
 1152 0048 C0ED1E7A 		vstr.32	s15, [r0, #120]
 1153 004c 7047     		bx	lr
 1154              	.L112:
 1155              	.LVL81:
ARM GAS  C:\Users\aydan\AppData\Local\Temp\ccfUwhPG.s 			page 34


 1156              	.LBB84:
 1157              	.LBI84:
 453:src/audio_engine.cpp **** {
 1158              		.loc 1 453 6 is_stmt 1 view .LVU309
 1159              	.LBB85:
 460:src/audio_engine.cpp ****             active_effect_ = pending_effect_;
 1160              		.loc 1 460 13 view .LVU310
 461:src/audio_engine.cpp ****             active_bypass_ = pending_bypass_;
 1161              		.loc 1 461 30 is_stmt 0 view .LVU311
 1162 004e 90F87220 		ldrb	r2, [r0, #114]	@ zero_extendqisi2
 462:src/audio_engine.cpp ****             transition_
 1163              		.loc 1 462 30 view .LVU312
 1164 0052 90F87310 		ldrb	r1, [r0, #115]	@ zero_extendqisi2
 460:src/audio_engine.cpp ****             active_effect_ = pending_effect_;
 1165              		.loc 1 460 28 view .LVU313
 1166 0056 8367     		str	r3, [r0, #120]	@ float
 461:src/audio_engine.cpp ****             active_bypass_ = pending_bypass_;
 1167              		.loc 1 461 13 is_stmt 1 view .LVU314
 461:src/audio_engine.cpp ****             active_bypass_ = pending_bypass_;
 1168              		.loc 1 461 28 is_stmt 0 view .LVU315
 1169 0058 80F87020 		strb	r2, [r0, #112]
 462:src/audio_engine.cpp ****             transition_
 1170              		.loc 1 462 13 is_stmt 1 view .LVU316
 462:src/audio_engine.cpp ****             transition_
 1171              		.loc 1 462 28 is_stmt 0 view .LVU317
 1172 005c 80F87110 		strb	r1, [r0, #113]
 463:src/audio_engine.cpp ****                 = (active_effect_ != config::FX_TUNER && !active_bypass_)
 1173              		.loc 1 463 13 is_stmt 1 view .LVU318
 464:src/audio_engine.cpp ****                       ? TRANSITION_FADING_IN
 1174              		.loc 1 464 55 is_stmt 0 view .LVU319
 1175 0060 02B1     		cbz	r2, .L119
 1176 0062 19B1     		cbz	r1, .L118
 1177              	.L119:
 465:src/audio_engine.cpp ****                       : TRANSITION_STEADY;
 1178              		.loc 1 465 23 view .LVU320
 1179 0064 0023     		movs	r3, #0
 1180              	.LVL82:
 1181              	.L121:
 465:src/audio_engine.cpp ****                       : TRANSITION_STEADY;
 1182              		.loc 1 465 23 view .LVU321
 1183              	.LBE85:
 1184              	.LBE84:
 475:src/audio_engine.cpp ****         }
 1185              		.loc 1 475 13 is_stmt 1 view .LVU322
 475:src/audio_engine.cpp ****         }
 1186              		.loc 1 475 25 is_stmt 0 view .LVU323
 1187 0066 80F87430 		strb	r3, [r0, #116]
 1188              		.loc 1 478 1 view .LVU324
 1189 006a 7047     		bx	lr
 1190              	.LVL83:
 1191              	.L118:
 1192              	.LBB87:
 1193              	.LBB86:
 465:src/audio_engine.cpp ****                       : TRANSITION_STEADY;
 1194              		.loc 1 465 23 view .LVU325
 1195 006c 0223     		movs	r3, #2
 1196 006e FAE7     		b	.L121
ARM GAS  C:\Users\aydan\AppData\Local\Temp\ccfUwhPG.s 			page 35


 1197              	.LBE86:
 1198              	.LBE87:
 1199              		.cfi_endproc
 1200              	.LFE2581:
 1202              		.section	.text._ZN3app11AudioEngine7ProcessEPKPKfPPfj,"ax",%progbits
 1203              		.align	1
 1204              		.p2align 2,,3
 1205              		.global	_ZN3app11AudioEngine7ProcessEPKPKfPPfj
 1206              		.syntax unified
 1207              		.thumb
 1208              		.thumb_func
 1209              		.fpu fpv5-d16
 1211              	_ZN3app11AudioEngine7ProcessEPKPKfPPfj:
 1212              	.LVL84:
 1213              	.LFB2571:
 128:src/audio_engine.cpp **** #if AUDIO_CPU_LOAD_DEBUG
 1214              		.loc 1 128 1 is_stmt 1 view -0
 1215              		.cfi_startproc
 1216              		@ args = 0, pretend = 0, frame = 8
 1217              		@ frame_needed = 0, uses_anonymous_args = 0
 135:src/audio_engine.cpp **** #endif
 1218              		.loc 1 135 5 view .LVU327
 128:src/audio_engine.cpp **** #if AUDIO_CPU_LOAD_DEBUG
 1219              		.loc 1 128 1 is_stmt 0 view .LVU328
 1220 0000 2DE9F041 		push	{r4, r5, r6, r7, r8, lr}
 1221              		.cfi_def_cfa_offset 24
 1222              		.cfi_offset 4, -24
 1223              		.cfi_offset 5, -20
 1224              		.cfi_offset 6, -16
 1225              		.cfi_offset 7, -12
 1226              		.cfi_offset 8, -8
 1227              		.cfi_offset 14, -4
 1228 0004 0446     		mov	r4, r0
 1229 0006 82B0     		sub	sp, sp, #8
 1230              		.cfi_def_cfa_offset 32
 128:src/audio_engine.cpp **** #if AUDIO_CPU_LOAD_DEBUG
 1231              		.loc 1 128 1 view .LVU329
 1232 0008 9846     		mov	r8, r3
 1233 000a 0F46     		mov	r7, r1
 1234 000c 1646     		mov	r6, r2
 135:src/audio_engine.cpp **** #endif
 1235              		.loc 1 135 27 view .LVU330
 1236 000e FFF7FEFF 		bl	_ZN3app11AudioEngine22ApplySnapshotIfChangedEv
 1237              	.LVL85:
 152:src/audio_engine.cpp ****     {
 1238              		.loc 1 152 5 is_stmt 1 view .LVU331
 1239              	.LBB88:
 152:src/audio_engine.cpp ****     {
 1240              		.loc 1 152 8 is_stmt 0 view .LVU332
 1241 0012 94F88030 		ldrb	r3, [r4, #128]	@ zero_extendqisi2
 152:src/audio_engine.cpp ****     {
 1242              		.loc 1 152 5 view .LVU333
 1243 0016 022B     		cmp	r3, #2
 1244 0018 00F08180 		beq	.L159
 1245              	.LBE88:
 167:src/audio_engine.cpp ****         tuner_capture_->WriteBlock(in[0], size);
 1246              		.loc 1 167 5 is_stmt 1 view .LVU334
ARM GAS  C:\Users\aydan\AppData\Local\Temp\ccfUwhPG.s 			page 36


 167:src/audio_engine.cpp ****         tuner_capture_->WriteBlock(in[0], size);
 1247              		.loc 1 167 8 is_stmt 0 view .LVU335
 1248 001c 6068     		ldr	r0, [r4, #4]
 167:src/audio_engine.cpp ****         tuner_capture_->WriteBlock(in[0], size);
 1249              		.loc 1 167 23 view .LVU336
 1250 001e 10B1     		cbz	r0, .L130
 1251 0020 002B     		cmp	r3, #0
 1252 0022 00F09680 		beq	.L160
 1253              	.L130:
 1254              	.LVL86:
 1255              	.LBB92:
 171:src/audio_engine.cpp ****     {
 1256              		.loc 1 171 25 is_stmt 1 discriminator 1 view .LVU337
 1257 0026 B8F1000F 		cmp	r8, #0
 1258 002a 65D0     		beq	.L124
 171:src/audio_engine.cpp ****     {
 1259              		.loc 1 171 25 is_stmt 0 view .LVU338
 1260 002c 0025     		movs	r5, #0
 1261 002e 20E0     		b	.L137
 1262              	.LVL87:
 1263              	.L162:
 1264              	.LBB93:
 1265              	.LBB94:
 1266              	.LBB95:
 308:src/audio_engine.cpp **** }
 1267              		.loc 1 308 53 view .LVU339
 1268 0030 DFED526A 		vldr.32	s13, .L163
 1269 0034 F4EE667A 		vcmp.f32	s15, s13
 1270 0038 F1EE10FA 		vmrs	APSR_nzcv, FPSCR
 1271 003c 76FEA77A 		vselgt.f32	s15, s13, s15
 1272              	.LVL88:
 1273              	.L134:
 308:src/audio_engine.cpp **** }
 1274              		.loc 1 308 53 view .LVU340
 1275              	.LBE95:
 1276              	.LBE94:
 202:src/audio_engine.cpp **** #else
 1277              		.loc 1 202 19 view .LVU341
 1278 0040 7068     		ldr	r0, [r6, #4]
 202:src/audio_engine.cpp **** #else
 1279              		.loc 1 202 35 view .LVU342
 1280 0042 67EE277A 		vmul.f32	s15, s14, s15
 213:src/audio_engine.cpp ****         {
 1281              		.loc 1 213 9 view .LVU343
 1282 0046 012A     		cmp	r2, #1
 202:src/audio_engine.cpp **** #else
 1283              		.loc 1 202 19 view .LVU344
 1284 0048 0844     		add	r0, r0, r1
 1285 004a C0ED007A 		vstr.32	s15, [r0]
 213:src/audio_engine.cpp ****         {
 1286              		.loc 1 213 9 is_stmt 1 view .LVU345
 1287 004e 4DD1     		bne	.L135
 215:src/audio_engine.cpp ****             if(thermal_gain_ <= 0.0f)
 1288              		.loc 1 215 13 view .LVU346
 215:src/audio_engine.cpp ****             if(thermal_gain_ <= 0.0f)
 1289              		.loc 1 215 27 is_stmt 0 view .LVU347
 1290 0050 D4ED217A 		vldr.32	s15, [r4, #132]
ARM GAS  C:\Users\aydan\AppData\Local\Temp\ccfUwhPG.s 			page 37


 216:src/audio_engine.cpp ****             {
 1291              		.loc 1 216 13 view .LVU348
 1292 0054 0023     		movs	r3, #0
 215:src/audio_engine.cpp ****             if(thermal_gain_ <= 0.0f)
 1293              		.loc 1 215 27 view .LVU349
 1294 0056 94ED227A 		vldr.32	s14, [r4, #136]
 1295 005a 77EEC77A 		vsub.f32	s15, s15, s14
 216:src/audio_engine.cpp ****             {
 1296              		.loc 1 216 13 is_stmt 1 view .LVU350
 1297 005e F5EEC07A 		vcmpe.f32	s15, #0
 1298 0062 F1EE10FA 		vmrs	APSR_nzcv, FPSCR
 1299 0066 54D9     		bls	.L136
 215:src/audio_engine.cpp ****             if(thermal_gain_ <= 0.0f)
 1300              		.loc 1 215 27 is_stmt 0 view .LVU351
 1301 0068 C4ED217A 		vstr.32	s15, [r4, #132]
 1302              	.L132:
 215:src/audio_engine.cpp ****             if(thermal_gain_ <= 0.0f)
 1303              		.loc 1 215 27 view .LVU352
 1304              	.LBE93:
 171:src/audio_engine.cpp ****     {
 1305              		.loc 1 171 5 is_stmt 1 discriminator 2 view .LVU353
 1306 006c 0135     		adds	r5, r5, #1
 1307              	.LVL89:
 171:src/audio_engine.cpp ****     {
 1308              		.loc 1 171 25 discriminator 2 view .LVU354
 1309 006e A845     		cmp	r8, r5
 1310 0070 42D0     		beq	.L124
 1311              	.LVL90:
 1312              	.L137:
 1313              	.LBB106:
 174:src/audio_engine.cpp ****         {
 1314              		.loc 1 174 9 view .LVU355
 174:src/audio_engine.cpp ****         {
 1315              		.loc 1 174 12 is_stmt 0 view .LVU356
 1316 0072 94F88020 		ldrb	r2, [r4, #128]	@ zero_extendqisi2
 174:src/audio_engine.cpp ****         {
 1317              		.loc 1 174 9 view .LVU357
 1318 0076 022A     		cmp	r2, #2
 1319 0078 41D0     		beq	.L161
 182:src/audio_engine.cpp **** #if DIAG_ENGINE_TRANSITIONS
 1320              		.loc 1 182 9 is_stmt 1 view .LVU358
 182:src/audio_engine.cpp **** #if DIAG_ENGINE_TRANSITIONS
 1321              		.loc 1 182 21 is_stmt 0 view .LVU359
 1322 007a 3B68     		ldr	r3, [r7]
 1323 007c A900     		lsls	r1, r5, #2
 201:src/audio_engine.cpp ****         out[1][i] = thermal_gain_ * ClampOutput(x + wet_gain_ * (wet_r - x));
 1324              		.loc 1 201 48 view .LVU360
 1325 007e 94ED1E5A 		vldr.32	s10, [r4, #120]
 182:src/audio_engine.cpp **** #if DIAG_ENGINE_TRANSITIONS
 1326              		.loc 1 182 21 view .LVU361
 1327 0082 03EB8503 		add	r3, r3, r5, lsl #2
 1328              	.LBB98:
 1329              	.LBB99:
 308:src/audio_engine.cpp **** }
 1330              		.loc 1 308 27 view .LVU362
 1331 0086 DFED3E5A 		vldr.32	s11, .L163+4
 1332              	.LBE99:
ARM GAS  C:\Users\aydan\AppData\Local\Temp\ccfUwhPG.s 			page 38


 1333              	.LBE98:
 201:src/audio_engine.cpp ****         out[1][i] = thermal_gain_ * ClampOutput(x + wet_gain_ * (wet_r - x));
 1334              		.loc 1 201 21 view .LVU363
 1335 008a D4ED216A 		vldr.32	s13, [r4, #132]
 182:src/audio_engine.cpp **** #if DIAG_ENGINE_TRANSITIONS
 1336              		.loc 1 182 21 view .LVU364
 1337 008e D3ED007A 		vldr.32	s15, [r3]
 1338              	.LVL91:
 184:src/audio_engine.cpp ****         float wet_r = x;
 1339              		.loc 1 184 9 is_stmt 1 view .LVU365
 185:src/audio_engine.cpp **** #endif
 1340              		.loc 1 185 9 view .LVU366
 201:src/audio_engine.cpp ****         out[1][i] = thermal_gain_ * ClampOutput(x + wet_gain_ * (wet_r - x));
 1341              		.loc 1 201 9 view .LVU367
 201:src/audio_engine.cpp ****         out[1][i] = thermal_gain_ * ClampOutput(x + wet_gain_ * (wet_r - x));
 1342              		.loc 1 201 72 is_stmt 0 view .LVU368
 1343 0092 37EEE76A 		vsub.f32	s12, s15, s15
 201:src/audio_engine.cpp ****         out[1][i] = thermal_gain_ * ClampOutput(x + wet_gain_ * (wet_r - x));
 1344              		.loc 1 201 48 view .LVU369
 1345 0096 B0EE677A 		vmov.f32	s14, s15
 1346 009a A5EE067A 		vfma.f32	s14, s10, s12
 1347              	.LVL92:
 1348              	.LBB102:
 1349              	.LBI98:
 306:src/audio_engine.cpp **** {
 1350              		.loc 1 306 7 is_stmt 1 view .LVU370
 1351              	.LBB100:
 308:src/audio_engine.cpp **** }
 1352              		.loc 1 308 5 view .LVU371
 308:src/audio_engine.cpp **** }
 1353              		.loc 1 308 27 is_stmt 0 view .LVU372
 1354 009e B4EEE57A 		vcmpe.f32	s14, s11
 1355 00a2 F1EE10FA 		vmrs	APSR_nzcv, FPSCR
 1356 00a6 1ED4     		bmi	.L138
 308:src/audio_engine.cpp **** }
 1357              		.loc 1 308 53 view .LVU373
 1358 00a8 DFED345A 		vldr.32	s11, .L163
 1359 00ac B4EE657A 		vcmp.f32	s14, s11
 1360 00b0 F1EE10FA 		vmrs	APSR_nzcv, FPSCR
 1361 00b4 35FE877A 		vselgt.f32	s14, s11, s14
 1362              	.LVL93:
 1363              	.L133:
 308:src/audio_engine.cpp **** }
 1364              		.loc 1 308 53 view .LVU374
 1365              	.LBE100:
 1366              	.LBE102:
 201:src/audio_engine.cpp ****         out[1][i] = thermal_gain_ * ClampOutput(x + wet_gain_ * (wet_r - x));
 1367              		.loc 1 201 19 view .LVU375
 1368 00b8 3368     		ldr	r3, [r6]
 201:src/audio_engine.cpp ****         out[1][i] = thermal_gain_ * ClampOutput(x + wet_gain_ * (wet_r - x));
 1369              		.loc 1 201 35 view .LVU376
 1370 00ba 26EE877A 		vmul.f32	s14, s13, s14
 1371              	.LBB103:
 1372              	.LBB96:
 308:src/audio_engine.cpp **** }
 1373              		.loc 1 308 27 view .LVU377
 1374 00be DFED306A 		vldr.32	s13, .L163+4
ARM GAS  C:\Users\aydan\AppData\Local\Temp\ccfUwhPG.s 			page 39


 1375              	.LBE96:
 1376              	.LBE103:
 201:src/audio_engine.cpp ****         out[1][i] = thermal_gain_ * ClampOutput(x + wet_gain_ * (wet_r - x));
 1377              		.loc 1 201 19 view .LVU378
 1378 00c2 03EB010C 		add	ip, r3, r1
 1379 00c6 8CED007A 		vstr.32	s14, [ip]
 202:src/audio_engine.cpp **** #else
 1380              		.loc 1 202 9 is_stmt 1 view .LVU379
 202:src/audio_engine.cpp **** #else
 1381              		.loc 1 202 48 is_stmt 0 view .LVU380
 1382 00ca D4ED1E5A 		vldr.32	s11, [r4, #120]
 202:src/audio_engine.cpp **** #else
 1383              		.loc 1 202 21 view .LVU381
 1384 00ce 94ED217A 		vldr.32	s14, [r4, #132]
 202:src/audio_engine.cpp **** #else
 1385              		.loc 1 202 48 view .LVU382
 1386 00d2 E6EE257A 		vfma.f32	s15, s12, s11
 1387              	.LVL94:
 1388              	.LBB104:
 1389              	.LBI94:
 306:src/audio_engine.cpp **** {
 1390              		.loc 1 306 7 is_stmt 1 view .LVU383
 1391              	.LBB97:
 308:src/audio_engine.cpp **** }
 1392              		.loc 1 308 5 view .LVU384
 308:src/audio_engine.cpp **** }
 1393              		.loc 1 308 27 is_stmt 0 view .LVU385
 1394 00d6 F4EEE67A 		vcmpe.f32	s15, s13
 1395 00da F1EE10FA 		vmrs	APSR_nzcv, FPSCR
 1396 00de A7D5     		bpl	.L162
 1397 00e0 F0EE667A 		vmov.f32	s15, s13
 1398              	.LVL95:
 308:src/audio_engine.cpp **** }
 1399              		.loc 1 308 27 view .LVU386
 1400 00e4 ACE7     		b	.L134
 1401              	.LVL96:
 1402              	.L138:
 308:src/audio_engine.cpp **** }
 1403              		.loc 1 308 27 view .LVU387
 1404              	.LBE97:
 1405              	.LBE104:
 1406              	.LBB105:
 1407              	.LBB101:
 1408 00e6 B0EE657A 		vmov.f32	s14, s11
 1409              	.LVL97:
 308:src/audio_engine.cpp **** }
 1410              		.loc 1 308 27 view .LVU388
 1411 00ea E5E7     		b	.L133
 1412              	.LVL98:
 1413              	.L135:
 308:src/audio_engine.cpp **** }
 1414              		.loc 1 308 27 view .LVU389
 1415              	.LBE101:
 1416              	.LBE105:
 226:src/audio_engine.cpp ****         }
 1417              		.loc 1 226 13 is_stmt 1 view .LVU390
 1418              	.LBE106:
ARM GAS  C:\Users\aydan\AppData\Local\Temp\ccfUwhPG.s 			page 40


 171:src/audio_engine.cpp ****     {
 1419              		.loc 1 171 5 is_stmt 0 view .LVU391
 1420 00ec 0135     		adds	r5, r5, #1
 1421              	.LVL99:
 1422              	.LBB107:
 226:src/audio_engine.cpp ****         }
 1423              		.loc 1 226 27 view .LVU392
 1424 00ee 2046     		mov	r0, r4
 1425 00f0 FFF7FEFF 		bl	_ZN3app11AudioEngine14StepTransitionEv
 1426              	.LVL100:
 1427              	.LBE107:
 171:src/audio_engine.cpp ****     {
 1428              		.loc 1 171 5 is_stmt 1 view .LVU393
 171:src/audio_engine.cpp ****     {
 1429              		.loc 1 171 25 view .LVU394
 1430 00f4 A845     		cmp	r8, r5
 1431 00f6 BCD1     		bne	.L137
 1432              	.LVL101:
 1433              	.L124:
 171:src/audio_engine.cpp ****     {
 1434              		.loc 1 171 25 is_stmt 0 view .LVU395
 1435              	.LBE92:
 240:src/audio_engine.cpp **** 
 1436              		.loc 1 240 1 view .LVU396
 1437 00f8 02B0     		add	sp, sp, #8
 1438              		.cfi_remember_state
 1439              		.cfi_def_cfa_offset 24
 1440              		@ sp needed
 1441 00fa BDE8F081 		pop	{r4, r5, r6, r7, r8, pc}
 1442              	.LVL102:
 1443              	.L161:
 1444              		.cfi_restore_state
 1445              	.LBB109:
 1446              	.LBB108:
 176:src/audio_engine.cpp ****             out[1][i] = 0.0f;
 1447              		.loc 1 176 13 is_stmt 1 discriminator 1 view .LVU397
 176:src/audio_engine.cpp ****             out[1][i] = 0.0f;
 1448              		.loc 1 176 23 is_stmt 0 discriminator 1 view .LVU398
 1449 00fe 3368     		ldr	r3, [r6]
 1450 0100 0022     		movs	r2, #0
 1451 0102 03EB8503 		add	r3, r3, r5, lsl #2
 1452 0106 1A60     		str	r2, [r3]	@ float
 177:src/audio_engine.cpp ****             continue;
 1453              		.loc 1 177 13 is_stmt 1 discriminator 1 view .LVU399
 177:src/audio_engine.cpp ****             continue;
 1454              		.loc 1 177 23 is_stmt 0 discriminator 1 view .LVU400
 1455 0108 7368     		ldr	r3, [r6, #4]
 1456 010a 03EB8503 		add	r3, r3, r5, lsl #2
 1457 010e 1A60     		str	r2, [r3]	@ float
 178:src/audio_engine.cpp ****         }
 1458              		.loc 1 178 13 is_stmt 1 discriminator 1 view .LVU401
 1459 0110 ACE7     		b	.L132
 1460              	.L136:
 218:src/audio_engine.cpp ****                 thermal_audio_state_ = THERMAL_AUDIO_MUTED;
 1461              		.loc 1 218 17 view .LVU402
 218:src/audio_engine.cpp ****                 thermal_audio_state_ = THERMAL_AUDIO_MUTED;
 1462              		.loc 1 218 38 is_stmt 0 view .LVU403
ARM GAS  C:\Users\aydan\AppData\Local\Temp\ccfUwhPG.s 			page 41


 1463 0112 C4F88430 		str	r3, [r4, #132]	@ float
 219:src/audio_engine.cpp ****             }
 1464              		.loc 1 219 17 is_stmt 1 view .LVU404
 219:src/audio_engine.cpp ****             }
 1465              		.loc 1 219 38 is_stmt 0 view .LVU405
 1466 0116 0223     		movs	r3, #2
 1467 0118 84F88030 		strb	r3, [r4, #128]
 1468 011c A6E7     		b	.L132
 1469              	.LVL103:
 1470              	.L159:
 219:src/audio_engine.cpp ****             }
 1471              		.loc 1 219 38 view .LVU406
 1472              	.LBE108:
 1473              	.LBE109:
 1474              	.LBB110:
 1475              	.LBB89:
 154:src/audio_engine.cpp ****         {
 1476              		.loc 1 154 29 is_stmt 1 view .LVU407
 1477 011e B8F1000F 		cmp	r8, #0
 1478 0122 E9D0     		beq	.L124
 1479 0124 4FEA8802 		lsl	r2, r8, #2
 156:src/audio_engine.cpp ****             out[1][i] = 0.0f;
 1480              		.loc 1 156 18 is_stmt 0 view .LVU408
 1481 0128 D6E90004 		ldrd	r0, r4, [r6]
 1482              	.LVL104:
 156:src/audio_engine.cpp ****             out[1][i] = 0.0f;
 1483              		.loc 1 156 18 view .LVU409
 1484 012c 04EB8808 		add	r8, r4, r8, lsl #2
 1485              	.LVL105:
 156:src/audio_engine.cpp ****             out[1][i] = 0.0f;
 1486              		.loc 1 156 18 view .LVU410
 1487 0130 4045     		cmp	r0, r8
 1488 0132 02D2     		bcs	.L142
 1489 0134 8118     		adds	r1, r0, r2
 1490 0136 8C42     		cmp	r4, r1
 1491 0138 10D3     		bcc	.L129
 1492              	.L142:
 156:src/audio_engine.cpp ****             out[1][i] = 0.0f;
 1493              		.loc 1 156 23 view .LVU411
 1494 013a 0021     		movs	r1, #0
 1495 013c 0192     		str	r2, [sp, #4]
 1496 013e FFF7FEFF 		bl	memset
 1497              	.LVL106:
 157:src/audio_engine.cpp ****         }
 1498              		.loc 1 157 23 view .LVU412
 1499 0142 019A     		ldr	r2, [sp, #4]
 1500 0144 0021     		movs	r1, #0
 1501 0146 2046     		mov	r0, r4
 1502              	.LBE89:
 1503              	.LBE110:
 240:src/audio_engine.cpp **** 
 1504              		.loc 1 240 1 view .LVU413
 1505 0148 02B0     		add	sp, sp, #8
 1506              		.cfi_remember_state
 1507              		.cfi_def_cfa_offset 24
 1508              		@ sp needed
 1509 014a BDE8F041 		pop	{r4, r5, r6, r7, r8, lr}
ARM GAS  C:\Users\aydan\AppData\Local\Temp\ccfUwhPG.s 			page 42


 1510              		.cfi_restore 14
 1511              		.cfi_restore 8
 1512              		.cfi_restore 7
 1513              		.cfi_restore 6
 1514              		.cfi_restore 5
 1515              		.cfi_restore 4
 1516              		.cfi_def_cfa_offset 0
 1517              	.LVL107:
 1518              	.LBB111:
 1519              	.LBB90:
 157:src/audio_engine.cpp ****         }
 1520              		.loc 1 157 23 view .LVU414
 1521 014e FFF7FEBF 		b	memset
 1522              	.LVL108:
 1523              	.L160:
 1524              		.cfi_restore_state
 157:src/audio_engine.cpp ****         }
 1525              		.loc 1 157 23 view .LVU415
 1526              	.LBE90:
 1527              	.LBE111:
 168:src/audio_engine.cpp **** #endif
 1528              		.loc 1 168 9 is_stmt 1 view .LVU416
 168:src/audio_engine.cpp **** #endif
 1529              		.loc 1 168 35 is_stmt 0 view .LVU417
 1530 0152 4246     		mov	r2, r8
 1531 0154 3968     		ldr	r1, [r7]
 1532 0156 FFF7FEFF 		bl	_ZN3app12TunerCapture10WriteBlockEPKfj
 1533              	.LVL109:
 1534 015a 64E7     		b	.L130
 1535              	.LVL110:
 1536              	.L129:
 1537              	.LBB112:
 1538              	.LBB91:
 156:src/audio_engine.cpp ****             out[1][i] = 0.0f;
 1539              		.loc 1 156 13 is_stmt 1 view .LVU418
 156:src/audio_engine.cpp ****             out[1][i] = 0.0f;
 1540              		.loc 1 156 23 is_stmt 0 view .LVU419
 1541 015c 0023     		movs	r3, #0
 1542 015e 40F8043B 		str	r3, [r0], #4	@ float
 157:src/audio_engine.cpp ****         }
 1543              		.loc 1 157 13 is_stmt 1 view .LVU420
 154:src/audio_engine.cpp ****         {
 1544              		.loc 1 154 29 is_stmt 0 view .LVU421
 1545 0162 8842     		cmp	r0, r1
 157:src/audio_engine.cpp ****         }
 1546              		.loc 1 157 23 view .LVU422
 1547 0164 44F8043B 		str	r3, [r4], #4	@ float
 154:src/audio_engine.cpp ****         {
 1548              		.loc 1 154 9 is_stmt 1 view .LVU423
 154:src/audio_engine.cpp ****         {
 1549              		.loc 1 154 29 view .LVU424
 1550 0168 C6D0     		beq	.L124
 156:src/audio_engine.cpp ****             out[1][i] = 0.0f;
 1551              		.loc 1 156 13 view .LVU425
 156:src/audio_engine.cpp ****             out[1][i] = 0.0f;
 1552              		.loc 1 156 23 is_stmt 0 view .LVU426
 1553 016a 0023     		movs	r3, #0
ARM GAS  C:\Users\aydan\AppData\Local\Temp\ccfUwhPG.s 			page 43


 1554 016c 40F8043B 		str	r3, [r0], #4	@ float
 157:src/audio_engine.cpp ****         }
 1555              		.loc 1 157 13 is_stmt 1 view .LVU427
 154:src/audio_engine.cpp ****         {
 1556              		.loc 1 154 29 is_stmt 0 view .LVU428
 1557 0170 8842     		cmp	r0, r1
 157:src/audio_engine.cpp ****         }
 1558              		.loc 1 157 23 view .LVU429
 1559 0172 44F8043B 		str	r3, [r4], #4	@ float
 154:src/audio_engine.cpp ****         {
 1560              		.loc 1 154 9 is_stmt 1 view .LVU430
 154:src/audio_engine.cpp ****         {
 1561              		.loc 1 154 29 view .LVU431
 1562 0176 F1D1     		bne	.L129
 1563 0178 BEE7     		b	.L124
 1564              	.L164:
 1565 017a 00BF     		.align	2
 1566              	.L163:
 1567 017c 3333733F 		.word	1064514355
 1568 0180 333373BF 		.word	-1082969293
 1569              	.LBE91:
 1570              	.LBE112:
 1571              		.cfi_endproc
 1572              	.LFE2571:
 1574              		.section	.text._ZN3app11AudioEngine19ProcessEffectSampleEPN10bkshepherd16BaseEffectModuleEfRfS4_,"
 1575              		.align	1
 1576              		.p2align 2,,3
 1577              		.global	_ZN3app11AudioEngine19ProcessEffectSampleEPN10bkshepherd16BaseEffectModuleEfRfS4_
 1578              		.syntax unified
 1579              		.thumb
 1580              		.thumb_func
 1581              		.fpu fpv5-d16
 1583              	_ZN3app11AudioEngine19ProcessEffectSampleEPN10bkshepherd16BaseEffectModuleEfRfS4_:
 1584              	.LVL111:
 1585              	.LFB2582:
 479:src/audio_engine.cpp **** 
 480:src/audio_engine.cpp **** // Process one sample through the active module and retrieve both output channels.
 481:src/audio_engine.cpp **** void AudioEngine::ProcessEffectSample(bkshepherd::BaseEffectModule* fx,
 482:src/audio_engine.cpp ****                                       float                         in,
 483:src/audio_engine.cpp ****                                       float&                        out_l,
 484:src/audio_engine.cpp ****                                       float&                        out_r)
 485:src/audio_engine.cpp **** {
 1586              		.loc 1 485 1 view -0
 1587              		.cfi_startproc
 1588              		@ args = 0, pretend = 0, frame = 8
 1589              		@ frame_needed = 0, uses_anonymous_args = 0
 486:src/audio_engine.cpp ****     fx->ProcessMono(in);
 1590              		.loc 1 486 5 view .LVU433
 485:src/audio_engine.cpp ****     fx->ProcessMono(in);
 1591              		.loc 1 485 1 is_stmt 0 view .LVU434
 1592 0000 30B5     		push	{r4, r5, lr}
 1593              		.cfi_def_cfa_offset 12
 1594              		.cfi_offset 4, -12
 1595              		.cfi_offset 5, -8
 1596              		.cfi_offset 14, -4
 1597 0002 1C46     		mov	r4, r3
 1598 0004 83B0     		sub	sp, sp, #12
ARM GAS  C:\Users\aydan\AppData\Local\Temp\ccfUwhPG.s 			page 44


 1599              		.cfi_def_cfa_offset 24
 1600              		.loc 1 486 23 view .LVU435
 1601 0006 0B68     		ldr	r3, [r1]
 1602              	.LVL112:
 485:src/audio_engine.cpp ****     fx->ProcessMono(in);
 1603              		.loc 1 485 1 view .LVU436
 1604 0008 0846     		mov	r0, r1
 1605              	.LVL113:
 1606              		.loc 1 486 20 view .LVU437
 1607 000a 0191     		str	r1, [sp, #4]
 485:src/audio_engine.cpp ****     fx->ProcessMono(in);
 1608              		.loc 1 485 1 view .LVU438
 1609 000c 1546     		mov	r5, r2
 1610              		.loc 1 486 20 view .LVU439
 1611 000e DB68     		ldr	r3, [r3, #12]
 1612 0010 9847     		blx	r3
 1613              	.LVL114:
 487:src/audio_engine.cpp ****     out_l = fx->GetAudioLeft();
 1614              		.loc 1 487 5 is_stmt 1 view .LVU440
 1615              		.loc 1 487 29 is_stmt 0 view .LVU441
 1616 0012 0198     		ldr	r0, [sp, #4]
 1617 0014 FFF7FEFF 		bl	_ZN10bkshepherd16BaseEffectModule12GetAudioLeftEv
 1618              	.LVL115:
 488:src/audio_engine.cpp ****     out_r = fx->GetAudioRight();
 1619              		.loc 1 488 30 view .LVU442
 1620 0018 0198     		ldr	r0, [sp, #4]
 487:src/audio_engine.cpp ****     out_l = fx->GetAudioLeft();
 1621              		.loc 1 487 11 view .LVU443
 1622 001a 85ED000A 		vstr.32	s0, [r5]
 1623              		.loc 1 488 5 is_stmt 1 view .LVU444
 1624              		.loc 1 488 30 is_stmt 0 view .LVU445
 1625 001e FFF7FEFF 		bl	_ZN10bkshepherd16BaseEffectModule13GetAudioRightEv
 1626              	.LVL116:
 1627              		.loc 1 488 11 view .LVU446
 1628 0022 84ED000A 		vstr.32	s0, [r4]
 489:src/audio_engine.cpp **** }
 1629              		.loc 1 489 1 view .LVU447
 1630 0026 03B0     		add	sp, sp, #12
 1631              		.cfi_def_cfa_offset 12
 1632              		@ sp needed
 1633 0028 30BD     		pop	{r4, r5, pc}
 1634              		.loc 1 489 1 view .LVU448
 1635              		.cfi_endproc
 1636              	.LFE2582:
 1638 002a 00BF     		.section	.text._ZN3app11AudioEngine15ApplyParametersEhPKt,"ax",%progbits
 1639              		.align	1
 1640              		.p2align 2,,3
 1641              		.global	_ZN3app11AudioEngine15ApplyParametersEhPKt
 1642              		.syntax unified
 1643              		.thumb
 1644              		.thumb_func
 1645              		.fpu fpv5-d16
 1647              	_ZN3app11AudioEngine15ApplyParametersEhPKt:
 1648              	.LVL117:
 1649              	.LFB2583:
 490:src/audio_engine.cpp **** 
 491:src/audio_engine.cpp **** // Convert mailbox fixed-point pots back to normalized floats only inside the callback-owned engine
ARM GAS  C:\Users\aydan\AppData\Local\Temp\ccfUwhPG.s 			page 45


 492:src/audio_engine.cpp **** void AudioEngine::ApplyParameters(uint8_t effect, const uint16_t* parameters)
 493:src/audio_engine.cpp **** {
 1650              		.loc 1 493 1 is_stmt 1 view -0
 1651              		.cfi_startproc
 1652              		@ args = 0, pretend = 0, frame = 0
 1653              		@ frame_needed = 0, uses_anonymous_args = 0
 494:src/audio_engine.cpp ****     if(effect == config::FX_TUNER || effect >= config::FX_COUNT)
 1654              		.loc 1 494 5 view .LVU450
 1655 0000 4B1E     		subs	r3, r1, #1
 1656 0002 032B     		cmp	r3, #3
 1657 0004 54D8     		bhi	.L177
 495:src/audio_engine.cpp ****         return;
 496:src/audio_engine.cpp **** 
 497:src/audio_engine.cpp ****     bkshepherd::BaseEffectModule* fx = effects_[effect];
 1658              		.loc 1 497 5 view .LVU451
 1659              		.loc 1 497 35 is_stmt 0 view .LVU452
 1660 0006 8B1C     		adds	r3, r1, #2
 493:src/audio_engine.cpp ****     if(effect == config::FX_TUNER || effect >= config::FX_COUNT)
 1661              		.loc 1 493 1 view .LVU453
 1662 0008 2DE9F041 		push	{r4, r5, r6, r7, r8, lr}
 1663              		.cfi_def_cfa_offset 24
 1664              		.cfi_offset 4, -24
 1665              		.cfi_offset 5, -20
 1666              		.cfi_offset 6, -16
 1667              		.cfi_offset 7, -12
 1668              		.cfi_offset 8, -8
 1669              		.cfi_offset 14, -4
 1670              		.loc 1 497 35 view .LVU454
 1671 000c 50F82380 		ldr	r8, [r0, r3, lsl #2]
 1672              	.LVL118:
 498:src/audio_engine.cpp ****     if(!fx)
 1673              		.loc 1 498 5 is_stmt 1 view .LVU455
 1674 0010 0C46     		mov	r4, r1
 1675 0012 0546     		mov	r5, r0
 1676 0014 B8F1000F 		cmp	r8, #0
 1677 0018 14D0     		beq	.L167
 499:src/audio_engine.cpp ****         return;
 500:src/audio_engine.cpp **** 
 501:src/audio_engine.cpp ****     const PotParamMap& map = maps_[effect];
 1678              		.loc 1 501 5 view .LVU456
 1679              	.LVL119:
 502:src/audio_engine.cpp ****     if(map.p0 >= 0)
 1680              		.loc 1 502 5 view .LVU457
 1681              		.loc 1 502 12 is_stmt 0 view .LVU458
 1682 001a 01EB4103 		add	r3, r1, r1, lsl #1
 1683 001e 1646     		mov	r6, r2
 1684 0020 4F00     		lsls	r7, r1, #1
 1685 0022 00EB8303 		add	r3, r0, r3, lsl #2
 1686 0026 D969     		ldr	r1, [r3, #28]
 1687              	.LVL120:
 1688              		.loc 1 502 5 view .LVU459
 1689 0028 0029     		cmp	r1, #0
 1690 002a 2EDA     		bge	.L180
 503:src/audio_engine.cpp ****         fx->SetParameterAsMagnitude(map.p0, U16ToFloat(parameters[0]));
 504:src/audio_engine.cpp ****     if(map.p1 >= 0)
 1691              		.loc 1 504 5 is_stmt 1 view .LVU460
 1692              		.loc 1 504 12 is_stmt 0 view .LVU461
ARM GAS  C:\Users\aydan\AppData\Local\Temp\ccfUwhPG.s 			page 46


 1693 002c 3B19     		adds	r3, r7, r4
 1694 002e 05EB8303 		add	r3, r5, r3, lsl #2
 1695 0032 196A     		ldr	r1, [r3, #32]
 1696              		.loc 1 504 5 view .LVU462
 1697 0034 0029     		cmp	r1, #0
 1698 0036 15DA     		bge	.L181
 1699              	.LVL121:
 1700              	.L172:
 505:src/audio_engine.cpp ****         fx->SetParameterAsMagnitude(map.p1, U16ToFloat(parameters[1]));
 506:src/audio_engine.cpp ****     if(map.p2 >= 0)
 1701              		.loc 1 506 5 is_stmt 1 view .LVU463
 1702              		.loc 1 506 12 is_stmt 0 view .LVU464
 1703 0038 3C44     		add	r4, r4, r7
 1704              	.LVL122:
 1705              		.loc 1 506 12 view .LVU465
 1706 003a 05EB8405 		add	r5, r5, r4, lsl #2
 1707              	.LVL123:
 1708              		.loc 1 506 12 view .LVU466
 1709 003e 696A     		ldr	r1, [r5, #36]
 1710              		.loc 1 506 5 view .LVU467
 1711 0040 0029     		cmp	r1, #0
 1712 0042 01DA     		bge	.L182
 1713              	.LVL124:
 1714              	.L167:
 507:src/audio_engine.cpp ****         fx->SetParameterAsMagnitude(map.p2, U16ToFloat(parameters[2]));
 508:src/audio_engine.cpp **** }
 1715              		.loc 1 508 1 view .LVU468
 1716 0044 BDE8F081 		pop	{r4, r5, r6, r7, r8, pc}
 1717              	.LVL125:
 1718              	.L182:
 507:src/audio_engine.cpp ****         fx->SetParameterAsMagnitude(map.p2, U16ToFloat(parameters[2]));
 1719              		.loc 1 507 9 is_stmt 1 view .LVU469
 1720              	.LBB113:
 1721              	.LBI113:
 300:src/audio_engine.cpp **** {
 1722              		.loc 1 300 7 view .LVU470
 1723              	.LBB114:
 302:src/audio_engine.cpp **** }
 1724              		.loc 1 302 5 view .LVU471
 302:src/audio_engine.cpp **** }
 1725              		.loc 1 302 12 is_stmt 0 view .LVU472
 1726 0048 B388     		ldrh	r3, [r6, #4]
 1727              	.LBE114:
 1728              	.LBE113:
 507:src/audio_engine.cpp ****         fx->SetParameterAsMagnitude(map.p2, U16ToFloat(parameters[2]));
 1729              		.loc 1 507 36 view .LVU473
 1730 004a 4046     		mov	r0, r8
 1731              	.LBB116:
 1732              	.LBB115:
 302:src/audio_engine.cpp **** }
 1733              		.loc 1 302 27 view .LVU474
 1734 004c 9FED190A 		vldr.32	s0, .L183
 302:src/audio_engine.cpp **** }
 1735              		.loc 1 302 12 view .LVU475
 1736 0050 07EE903A 		vmov	s15, r3	@ int
 1737 0054 F8EE677A 		vcvt.f32.u32	s15, s15
 1738              	.LBE115:
ARM GAS  C:\Users\aydan\AppData\Local\Temp\ccfUwhPG.s 			page 47


 1739              	.LBE116:
 1740              		.loc 1 508 1 view .LVU476
 1741 0058 BDE8F041 		pop	{r4, r5, r6, r7, r8, lr}
 1742              		.cfi_remember_state
 1743              		.cfi_restore 14
 1744              		.cfi_restore 8
 1745              		.cfi_restore 7
 1746              		.cfi_restore 6
 1747              		.cfi_restore 5
 1748              		.cfi_restore 4
 1749              		.cfi_def_cfa_offset 0
 1750              	.LVL126:
 507:src/audio_engine.cpp ****         fx->SetParameterAsMagnitude(map.p2, U16ToFloat(parameters[2]));
 1751              		.loc 1 507 36 view .LVU477
 1752 005c 87EE800A 		vdiv.f32	s0, s15, s0
 1753 0060 FFF7FEBF 		b	_ZN10bkshepherd16BaseEffectModule23SetParameterAsMagnitudeEif
 1754              	.LVL127:
 1755              	.L181:
 1756              		.cfi_restore_state
 505:src/audio_engine.cpp ****     if(map.p2 >= 0)
 1757              		.loc 1 505 9 is_stmt 1 view .LVU478
 1758              	.LBB117:
 1759              	.LBI117:
 300:src/audio_engine.cpp **** {
 1760              		.loc 1 300 7 view .LVU479
 1761              	.LBB118:
 302:src/audio_engine.cpp **** }
 1762              		.loc 1 302 5 view .LVU480
 302:src/audio_engine.cpp **** }
 1763              		.loc 1 302 12 is_stmt 0 view .LVU481
 1764 0064 7388     		ldrh	r3, [r6, #2]
 1765              	.LBE118:
 1766              	.LBE117:
 506:src/audio_engine.cpp ****         fx->SetParameterAsMagnitude(map.p2, U16ToFloat(parameters[2]));
 1767              		.loc 1 506 12 view .LVU482
 1768 0066 3C44     		add	r4, r4, r7
 1769              	.LVL128:
 1770              	.LBB122:
 1771              	.LBB119:
 302:src/audio_engine.cpp **** }
 1772              		.loc 1 302 27 view .LVU483
 1773 0068 9FED120A 		vldr.32	s0, .L183
 1774              	.LBE119:
 1775              	.LBE122:
 505:src/audio_engine.cpp ****     if(map.p2 >= 0)
 1776              		.loc 1 505 36 view .LVU484
 1777 006c 4046     		mov	r0, r8
 1778              	.LBB123:
 1779              	.LBB120:
 302:src/audio_engine.cpp **** }
 1780              		.loc 1 302 12 view .LVU485
 1781 006e 07EE903A 		vmov	s15, r3	@ int
 1782              	.LBE120:
 1783              	.LBE123:
 506:src/audio_engine.cpp ****         fx->SetParameterAsMagnitude(map.p2, U16ToFloat(parameters[2]));
 1784              		.loc 1 506 12 view .LVU486
 1785 0072 05EB8405 		add	r5, r5, r4, lsl #2
ARM GAS  C:\Users\aydan\AppData\Local\Temp\ccfUwhPG.s 			page 48


 1786              	.LVL129:
 1787              	.LBB124:
 1788              	.LBB121:
 302:src/audio_engine.cpp **** }
 1789              		.loc 1 302 12 view .LVU487
 1790 0076 F8EE677A 		vcvt.f32.u32	s15, s15
 1791              	.LBE121:
 1792              	.LBE124:
 505:src/audio_engine.cpp ****     if(map.p2 >= 0)
 1793              		.loc 1 505 36 view .LVU488
 1794 007a 87EE800A 		vdiv.f32	s0, s15, s0
 1795 007e FFF7FEFF 		bl	_ZN10bkshepherd16BaseEffectModule23SetParameterAsMagnitudeEif
 1796              	.LVL130:
 506:src/audio_engine.cpp ****         fx->SetParameterAsMagnitude(map.p2, U16ToFloat(parameters[2]));
 1797              		.loc 1 506 5 is_stmt 1 view .LVU489
 506:src/audio_engine.cpp ****         fx->SetParameterAsMagnitude(map.p2, U16ToFloat(parameters[2]));
 1798              		.loc 1 506 12 is_stmt 0 view .LVU490
 1799 0082 696A     		ldr	r1, [r5, #36]
 506:src/audio_engine.cpp ****         fx->SetParameterAsMagnitude(map.p2, U16ToFloat(parameters[2]));
 1800              		.loc 1 506 5 view .LVU491
 1801 0084 0029     		cmp	r1, #0
 1802 0086 DDDB     		blt	.L167
 1803 0088 DEE7     		b	.L182
 1804              	.LVL131:
 1805              	.L180:
 503:src/audio_engine.cpp ****     if(map.p1 >= 0)
 1806              		.loc 1 503 9 is_stmt 1 view .LVU492
 1807              	.LBB125:
 1808              	.LBI125:
 300:src/audio_engine.cpp **** {
 1809              		.loc 1 300 7 view .LVU493
 1810              	.LBB126:
 302:src/audio_engine.cpp **** }
 1811              		.loc 1 302 5 view .LVU494
 302:src/audio_engine.cpp **** }
 1812              		.loc 1 302 12 is_stmt 0 view .LVU495
 1813 008a 1388     		ldrh	r3, [r2]
 1814              	.LBE126:
 1815              	.LBE125:
 503:src/audio_engine.cpp ****     if(map.p1 >= 0)
 1816              		.loc 1 503 36 view .LVU496
 1817 008c 4046     		mov	r0, r8
 1818              	.LVL132:
 1819              	.LBB128:
 1820              	.LBB127:
 302:src/audio_engine.cpp **** }
 1821              		.loc 1 302 27 view .LVU497
 1822 008e 9FED090A 		vldr.32	s0, .L183
 302:src/audio_engine.cpp **** }
 1823              		.loc 1 302 12 view .LVU498
 1824 0092 07EE903A 		vmov	s15, r3	@ int
 1825 0096 F8EE677A 		vcvt.f32.u32	s15, s15
 1826              	.LBE127:
 1827              	.LBE128:
 503:src/audio_engine.cpp ****     if(map.p1 >= 0)
 1828              		.loc 1 503 36 view .LVU499
 1829 009a 87EE800A 		vdiv.f32	s0, s15, s0
ARM GAS  C:\Users\aydan\AppData\Local\Temp\ccfUwhPG.s 			page 49


 1830 009e FFF7FEFF 		bl	_ZN10bkshepherd16BaseEffectModule23SetParameterAsMagnitudeEif
 1831              	.LVL133:
 504:src/audio_engine.cpp ****         fx->SetParameterAsMagnitude(map.p1, U16ToFloat(parameters[1]));
 1832              		.loc 1 504 5 is_stmt 1 view .LVU500
 504:src/audio_engine.cpp ****         fx->SetParameterAsMagnitude(map.p1, U16ToFloat(parameters[1]));
 1833              		.loc 1 504 12 is_stmt 0 view .LVU501
 1834 00a2 3B19     		adds	r3, r7, r4
 1835 00a4 05EB8303 		add	r3, r5, r3, lsl #2
 1836 00a8 196A     		ldr	r1, [r3, #32]
 504:src/audio_engine.cpp ****         fx->SetParameterAsMagnitude(map.p1, U16ToFloat(parameters[1]));
 1837              		.loc 1 504 5 view .LVU502
 1838 00aa 0029     		cmp	r1, #0
 1839 00ac C4DB     		blt	.L172
 1840 00ae D9E7     		b	.L181
 1841              	.LVL134:
 1842              	.L177:
 1843              		.cfi_def_cfa_offset 0
 1844              		.cfi_restore 4
 1845              		.cfi_restore 5
 1846              		.cfi_restore 6
 1847              		.cfi_restore 7
 1848              		.cfi_restore 8
 1849              		.cfi_restore 14
 504:src/audio_engine.cpp ****         fx->SetParameterAsMagnitude(map.p1, U16ToFloat(parameters[1]));
 1850              		.loc 1 504 5 view .LVU503
 1851 00b0 7047     		bx	lr
 1852              	.L184:
 1853 00b2 00BF     		.align	2
 1854              	.L183:
 1855 00b4 00FF7F47 		.word	1199570688
 1856              		.cfi_endproc
 1857              	.LFE2583:
 1859              		.section	.text._ZN3app11AudioEngine13CurrentEffectEv,"ax",%progbits
 1860              		.align	1
 1861              		.p2align 2,,3
 1862              		.global	_ZN3app11AudioEngine13CurrentEffectEv
 1863              		.syntax unified
 1864              		.thumb
 1865              		.thumb_func
 1866              		.fpu fpv5-d16
 1868              	_ZN3app11AudioEngine13CurrentEffectEv:
 1869              	.LVL135:
 1870              	.LFB2584:
 509:src/audio_engine.cpp **** 
 510:src/audio_engine.cpp **** bkshepherd::BaseEffectModule* AudioEngine::CurrentEffect()
 511:src/audio_engine.cpp **** {
 1871              		.loc 1 511 1 is_stmt 1 view -0
 1872              		.cfi_startproc
 1873              		@ args = 0, pretend = 0, frame = 0
 1874              		@ frame_needed = 0, uses_anonymous_args = 0
 1875              		@ link register save eliminated.
 512:src/audio_engine.cpp ****     if(active_effect_ == config::FX_TUNER || active_effect_ >= config::FX_COUNT)
 1876              		.loc 1 512 5 view .LVU505
 1877              		.loc 1 512 8 is_stmt 0 view .LVU506
 1878 0000 90F87030 		ldrb	r3, [r0, #112]	@ zero_extendqisi2
 1879              		.loc 1 512 5 view .LVU507
 1880 0004 5A1E     		subs	r2, r3, #1
ARM GAS  C:\Users\aydan\AppData\Local\Temp\ccfUwhPG.s 			page 50


 1881 0006 032A     		cmp	r2, #3
 1882 0008 03D8     		bhi	.L187
 513:src/audio_engine.cpp ****         return 0;
 514:src/audio_engine.cpp ****     return effects_[active_effect_];
 1883              		.loc 1 514 5 is_stmt 1 view .LVU508
 1884              		.loc 1 514 35 is_stmt 0 view .LVU509
 1885 000a 0233     		adds	r3, r3, #2
 1886 000c 50F82300 		ldr	r0, [r0, r3, lsl #2]
 1887              	.LVL136:
 1888              		.loc 1 514 35 view .LVU510
 1889 0010 7047     		bx	lr
 1890              	.LVL137:
 1891              	.L187:
 513:src/audio_engine.cpp ****         return 0;
 1892              		.loc 1 513 16 view .LVU511
 1893 0012 0020     		movs	r0, #0
 1894              	.LVL138:
 515:src/audio_engine.cpp **** }
 1895              		.loc 1 515 1 view .LVU512
 1896 0014 7047     		bx	lr
 1897              		.cfi_endproc
 1898              	.LFE2584:
 1900 0016 00BF     		.section	.rodata
 1901              		.align	2
 1902              		.set	.LANCHOR0,. + 0
 1903              	.LC0:
 1904 0000 FFFFFFFF 		.word	-1
 1905 0004 FFFFFFFF 		.word	-1
 1906 0008 FFFFFFFF 		.word	-1
 1907 000c FFFFFFFF 		.word	-1
 1908 0010 FFFFFFFF 		.word	-1
 1909 0014 FFFFFFFF 		.word	-1
 1910 0018 FFFFFFFF 		.word	-1
 1911 001c FFFFFFFF 		.word	-1
 1912 0020 FFFFFFFF 		.word	-1
 1913 0024 FFFFFFFF 		.word	-1
 1914 0028 FFFFFFFF 		.word	-1
 1915 002c FFFFFFFF 		.word	-1
 1916 0030 FFFFFFFF 		.word	-1
 1917 0034 FFFFFFFF 		.word	-1
 1918 0038 FFFFFFFF 		.word	-1
 1919              	.LC1:
 1920 003c FF       		.byte	-1
 1921 003d FF       		.byte	-1
 1922 003e 00       		.byte	0
 1923 003f 00       		.byte	0
 1924 0040 FFFF     		.short	-1
 1925 0042 FFFF     		.short	-1
 1926 0044 FFFF     		.short	-1
 1927              		.text
 1928              	.Letext0:
 1929              		.file 3 "c:\\program files\\daisytoolchain\\arm-none-eabi\\include\\machine\\_default_types.h"
 1930              		.file 4 "c:\\program files\\daisytoolchain\\arm-none-eabi\\include\\sys\\_stdint.h"
 1931              		.file 5 "c:\\program files\\daisytoolchain\\arm-none-eabi\\include\\stdint.h"
 1932              		.file 6 "c:\\program files\\daisytoolchain\\lib\\gcc\\arm-none-eabi\\10.2.1\\include\\stddef.h"
 1933              		.file 7 "c:\\program files\\daisytoolchain\\arm-none-eabi\\include\\c++\\10.2.1\\cmath"
 1934              		.file 8 "c:\\program files\\daisytoolchain\\arm-none-eabi\\include\\c++\\10.2.1\\bits\\std_abs.h"
ARM GAS  C:\Users\aydan\AppData\Local\Temp\ccfUwhPG.s 			page 51


 1935              		.file 9 "c:\\program files\\daisytoolchain\\arm-none-eabi\\include\\c++\\10.2.1\\cstdlib"
 1936              		.file 10 "c:\\program files\\daisytoolchain\\arm-none-eabi\\include\\c++\\10.2.1\\cstdint"
 1937              		.file 11 "c:\\program files\\daisytoolchain\\arm-none-eabi\\include\\c++\\10.2.1\\type_traits"
 1938              		.file 12 "c:\\program files\\daisytoolchain\\arm-none-eabi\\include\\c++\\10.2.1\\debug\\debug.h"
 1939              		.file 13 "c:\\program files\\daisytoolchain\\arm-none-eabi\\include\\c++\\10.2.1\\arm-none-eabi\\t
 1940              		.file 14 "c:\\program files\\daisytoolchain\\arm-none-eabi\\include\\c++\\10.2.1\\bits\\algorithmf
 1941              		.file 15 "c:\\program files\\daisytoolchain\\arm-none-eabi\\include\\c++\\10.2.1\\bits\\stl_pair.h
 1942              		.file 16 "c:\\program files\\daisytoolchain\\arm-none-eabi\\include\\c++\\10.2.1\\bits\\exception_
 1943              		.file 17 "c:\\program files\\daisytoolchain\\arm-none-eabi\\include\\c++\\10.2.1\\cstdarg"
 1944              		.file 18 "c:\\program files\\daisytoolchain\\arm-none-eabi\\include\\c++\\10.2.1\\cstdio"
 1945              		.file 19 "c:\\program files\\daisytoolchain\\arm-none-eabi\\include\\c++\\10.2.1\\cstring"
 1946              		.file 20 "c:\\program files\\daisytoolchain\\arm-none-eabi\\include\\c++\\10.2.1\\bits\\predefined
 1947              		.file 21 "c:\\program files\\daisytoolchain\\arm-none-eabi\\include\\sys\\_types.h"
 1948              		.file 22 "c:\\program files\\daisytoolchain\\arm-none-eabi\\include\\sys\\reent.h"
 1949              		.file 23 "c:\\program files\\daisytoolchain\\arm-none-eabi\\include\\sys\\lock.h"
 1950              		.file 24 "c:\\program files\\daisytoolchain\\arm-none-eabi\\include\\math.h"
 1951              		.file 25 "c:\\program files\\daisytoolchain\\arm-none-eabi\\include\\stdlib.h"
 1952              		.file 26 "c:\\program files\\daisytoolchain\\arm-none-eabi\\include\\c++\\10.2.1\\math.h"
 1953              		.file 27 "c:\\program files\\daisytoolchain\\arm-none-eabi\\include\\c++\\10.2.1\\stdlib.h"
 1954              		.file 28 "../../libDaisy/src/daisy_core.h"
 1955              		.file 29 "../../libDaisy/src/per/sai.h"
 1956              		.file 30 "../../libDaisy/src/hid/audio.h"
 1957              		.file 31 "../../libDaisy/src/util/wav_format.h"
 1958              		.file 32 "../../libDaisy/src/dev/max11300.h"
 1959              		.file 33 "../../libDaisy/src/daisy_seed.h"
 1960              		.file 34 "c:\\program files\\daisytoolchain\\lib\\gcc\\arm-none-eabi\\10.2.1\\include\\stdarg.h"
 1961              		.file 35 "c:\\program files\\daisytoolchain\\arm-none-eabi\\include\\stdio.h"
 1962              		.file 36 "c:\\program files\\daisytoolchain\\arm-none-eabi\\include\\string.h"
 1963              		.file 37 "src/app_config.h"
 1964              		.file 38 "src/tuner.h"
 1965              		.file 39 "src/audio_engine.h"
 1966              		.file 40 "gml/GuitarPedal/Effect-Modules/base_effect_module.h"
 1967              		.file 41 "../../libDaisy/src/dev/sr_595.h"
 1968              		.file 42 "<built-in>"
ARM GAS  C:\Users\aydan\AppData\Local\Temp\ccfUwhPG.s 			page 52


DEFINED SYMBOLS
                            *ABS*:00000000 audio_engine.cpp
C:\Users\aydan\AppData\Local\Temp\ccfUwhPG.s:17     .text._ZN3app11AudioEngine16StringContainsCiEPKcS2_.part.0:00000000 $t
C:\Users\aydan\AppData\Local\Temp\ccfUwhPG.s:25     .text._ZN3app11AudioEngine16StringContainsCiEPKcS2_.part.0:00000000 _ZN3app11AudioEngine16StringContainsCiEPKcS2_.part.0
C:\Users\aydan\AppData\Local\Temp\ccfUwhPG.s:164    .text._ZN3app11AudioEngineC2Ev:00000000 $t
C:\Users\aydan\AppData\Local\Temp\ccfUwhPG.s:172    .text._ZN3app11AudioEngineC2Ev:00000000 _ZN3app11AudioEngineC2Ev
C:\Users\aydan\AppData\Local\Temp\ccfUwhPG.s:245    .text._ZN3app11AudioEngineC2Ev:00000084 $d
C:\Users\aydan\AppData\Local\Temp\ccfUwhPG.s:172    .text._ZN3app11AudioEngineC2Ev:00000000 _ZN3app11AudioEngineC1Ev
C:\Users\aydan\AppData\Local\Temp\ccfUwhPG.s:255    .text._ZN3app11AudioEngine16StringContainsCiEPKcS2_:00000000 $t
C:\Users\aydan\AppData\Local\Temp\ccfUwhPG.s:263    .text._ZN3app11AudioEngine16StringContainsCiEPKcS2_:00000000 _ZN3app11AudioEngine16StringContainsCiEPKcS2_
C:\Users\aydan\AppData\Local\Temp\ccfUwhPG.s:286    .text._ZN3app11AudioEngine19FindParamByKeywordsEPN10bkshepherd16BaseEffectModuleEPKcS5_S5_:00000000 $t
C:\Users\aydan\AppData\Local\Temp\ccfUwhPG.s:294    .text._ZN3app11AudioEngine19FindParamByKeywordsEPN10bkshepherd16BaseEffectModuleEPKcS5_S5_:00000000 _ZN3app11AudioEngine19FindParamByKeywordsEPN10bkshepherd16BaseEffectModuleEPKcS5_S5_
C:\Users\aydan\AppData\Local\Temp\ccfUwhPG.s:467    .text._ZN3app11AudioEngine19FallbackParamForPotEPN10bkshepherd16BaseEffectModuleEi:00000000 $t
C:\Users\aydan\AppData\Local\Temp\ccfUwhPG.s:475    .text._ZN3app11AudioEngine19FallbackParamForPotEPN10bkshepherd16BaseEffectModuleEi:00000000 _ZN3app11AudioEngine19FallbackParamForPotEPN10bkshepherd16BaseEffectModuleEi
C:\Users\aydan\AppData\Local\Temp\ccfUwhPG.s:540    .text._ZN3app11AudioEngine10U16ToFloatEt:00000000 $t
C:\Users\aydan\AppData\Local\Temp\ccfUwhPG.s:548    .text._ZN3app11AudioEngine10U16ToFloatEt:00000000 _ZN3app11AudioEngine10U16ToFloatEt
C:\Users\aydan\AppData\Local\Temp\ccfUwhPG.s:569    .text._ZN3app11AudioEngine10U16ToFloatEt:00000014 $d
C:\Users\aydan\AppData\Local\Temp\ccfUwhPG.s:574    .text._ZN3app11AudioEngine11ClampOutputEf:00000000 $t
C:\Users\aydan\AppData\Local\Temp\ccfUwhPG.s:582    .text._ZN3app11AudioEngine11ClampOutputEf:00000000 _ZN3app11AudioEngine11ClampOutputEf
C:\Users\aydan\AppData\Local\Temp\ccfUwhPG.s:614    .text._ZN3app11AudioEngine11ClampOutputEf:00000028 $d
C:\Users\aydan\AppData\Local\Temp\ccfUwhPG.s:620    .text._ZN3app11AudioEngine14BuildParamMapsEv:00000000 $t
C:\Users\aydan\AppData\Local\Temp\ccfUwhPG.s:628    .text._ZN3app11AudioEngine14BuildParamMapsEv:00000000 _ZN3app11AudioEngine14BuildParamMapsEv
C:\Users\aydan\AppData\Local\Temp\ccfUwhPG.s:642    .text._ZN3app11AudioEngine22ApplySnapshotIfChangedEv:00000000 $t
C:\Users\aydan\AppData\Local\Temp\ccfUwhPG.s:650    .text._ZN3app11AudioEngine22ApplySnapshotIfChangedEv:00000000 _ZN3app11AudioEngine22ApplySnapshotIfChangedEv
C:\Users\aydan\AppData\Local\Temp\ccfUwhPG.s:894    .text._ZN3app11AudioEngine4InitEfRNS_14ControlMailboxERNS_12TunerCaptureE:00000000 $t
C:\Users\aydan\AppData\Local\Temp\ccfUwhPG.s:902    .text._ZN3app11AudioEngine4InitEfRNS_14ControlMailboxERNS_12TunerCaptureE:00000000 _ZN3app11AudioEngine4InitEfRNS_14ControlMailboxERNS_12TunerCaptureE
C:\Users\aydan\AppData\Local\Temp\ccfUwhPG.s:966    .text._ZN3app11AudioEngine4InitEfRNS_14ControlMailboxERNS_12TunerCaptureE:00000038 $d
C:\Users\aydan\AppData\Local\Temp\ccfUwhPG.s:971    .text._ZN3app11AudioEngine20BeginThermalShutdownEv:00000000 $t
C:\Users\aydan\AppData\Local\Temp\ccfUwhPG.s:979    .text._ZN3app11AudioEngine20BeginThermalShutdownEv:00000000 _ZN3app11AudioEngine20BeginThermalShutdownEv
C:\Users\aydan\AppData\Local\Temp\ccfUwhPG.s:1007   .text._ZN3app11AudioEngine15StartTransitionEhb:00000000 $t
C:\Users\aydan\AppData\Local\Temp\ccfUwhPG.s:1015   .text._ZN3app11AudioEngine15StartTransitionEhb:00000000 _ZN3app11AudioEngine15StartTransitionEhb
C:\Users\aydan\AppData\Local\Temp\ccfUwhPG.s:1091   .text._ZN3app11AudioEngine14StepTransitionEv:00000000 $t
C:\Users\aydan\AppData\Local\Temp\ccfUwhPG.s:1099   .text._ZN3app11AudioEngine14StepTransitionEv:00000000 _ZN3app11AudioEngine14StepTransitionEv
C:\Users\aydan\AppData\Local\Temp\ccfUwhPG.s:1203   .text._ZN3app11AudioEngine7ProcessEPKPKfPPfj:00000000 $t
C:\Users\aydan\AppData\Local\Temp\ccfUwhPG.s:1211   .text._ZN3app11AudioEngine7ProcessEPKPKfPPfj:00000000 _ZN3app11AudioEngine7ProcessEPKPKfPPfj
C:\Users\aydan\AppData\Local\Temp\ccfUwhPG.s:1567   .text._ZN3app11AudioEngine7ProcessEPKPKfPPfj:0000017c $d
C:\Users\aydan\AppData\Local\Temp\ccfUwhPG.s:1575   .text._ZN3app11AudioEngine19ProcessEffectSampleEPN10bkshepherd16BaseEffectModuleEfRfS4_:00000000 $t
C:\Users\aydan\AppData\Local\Temp\ccfUwhPG.s:1583   .text._ZN3app11AudioEngine19ProcessEffectSampleEPN10bkshepherd16BaseEffectModuleEfRfS4_:00000000 _ZN3app11AudioEngine19ProcessEffectSampleEPN10bkshepherd16BaseEffectModuleEfRfS4_
C:\Users\aydan\AppData\Local\Temp\ccfUwhPG.s:1639   .text._ZN3app11AudioEngine15ApplyParametersEhPKt:00000000 $t
C:\Users\aydan\AppData\Local\Temp\ccfUwhPG.s:1647   .text._ZN3app11AudioEngine15ApplyParametersEhPKt:00000000 _ZN3app11AudioEngine15ApplyParametersEhPKt
C:\Users\aydan\AppData\Local\Temp\ccfUwhPG.s:1855   .text._ZN3app11AudioEngine15ApplyParametersEhPKt:000000b4 $d
C:\Users\aydan\AppData\Local\Temp\ccfUwhPG.s:1860   .text._ZN3app11AudioEngine13CurrentEffectEv:00000000 $t
C:\Users\aydan\AppData\Local\Temp\ccfUwhPG.s:1868   .text._ZN3app11AudioEngine13CurrentEffectEv:00000000 _ZN3app11AudioEngine13CurrentEffectEv
C:\Users\aydan\AppData\Local\Temp\ccfUwhPG.s:1901   .rodata:00000000 $d

UNDEFINED SYMBOLS
_ZN10bkshepherd16BaseEffectModule17GetParameterCountEv
_ZN10bkshepherd16BaseEffectModule16GetParameterNameEi
_ZN10bkshepherd16BaseEffectModule27GetMappedParameterIDForKnobEi
memset
_ZN3app12TunerCapture10WriteBlockEPKfj
_ZN10bkshepherd16BaseEffectModule12GetAudioLeftEv
_ZN10bkshepherd16BaseEffectModule13GetAudioRightEv
_ZN10bkshepherd16BaseEffectModule23SetParameterAsMagnitudeEif
