:020000040800F2
:1000000000000220110A00080D0A000899A8000843
:100010000D0A00080D0A00080D0A00080000000083
:100020000000000000000000000000000D0A0008B1
:100030000D0A0008000000000D0A00081DA80008B5
:100040000D0A00080D0A00080D0A00080D0A000834
:100050000D0A00080D0A00080D0A00080D0A000824
:100060000D0A00080D0A00080D0A00085194000846
:100070005D940008CD81000869940008759400081B
:10008000D1A200087D8900080D0A00080D0A0008A9
:100090000D0A00080D0A00080D0A00080D0A0008E4
:1000A0000D0A00080D0A00080D0A00080D0A0008D4
:1000B000412101084D21010859210108B189000899
:1000C0000D0A0008BD8900080D0A0008B1190108D1
:1000D000BD19010805A1000831A1000865A10008AB
:1000E0000D0A00080D0A0008000000000D0A0008B3
:1000F0000D0A00080D0A00080D0A00080D0A000884
:100100000D0A00080D0A000865210108C919010837
:1001100099A10008CDA100080D0A00080D0A0008E9
:100120000D0A00080D0A0008ED190108211A01083E
:1001300005A300080D0A00080D0A00080D0A0008B2
:1001400000000000000000000000000000000000AF
:100150000D0A00080D0A00080D0A000801A2000897
:10016000C98900080D0A00082DA8000851A8000838
:100170000D0A000875A800080D0A00080D0A0008FD
:100180000D0A00080D0A000835A2000869A200083F
:10019000D5190108E11901080D0A00080D0A000827
:1001A0000D0A00080D0A00080D0A00080D0A0008D3
:1001B000719100080D0A00080D0A00080D0A0008D8
:1001C0000D0A00080D0A00080D0A00080D0A0008B3
:1001D0000D0A00080D0A00080D0A00080D0A0008A3
:1001E0000D0A00080D0A00080D0A00080D0A000893
:1001F0000D0A00080D0A00080D0A00080D0A000883
:100200000D0A00080D0A00080D0A00080D0A000872
:100210000D0A00080D0A00080D0A00080D0A000862
:100220000D0A00080D0A00080D0A00080000000071
:100230000D0A00080D0A0008000000000D0A000861
:100240000D0A00080D0A00080D0A00080D0A000832
:100250000D0A00080D0A00080D0A00080D0A000822
:100260000D0A00080D0A00080D0A00080D0A000812
:100270000D0A00080D0A00089DA2000800000000F9
:100280000D0A00080D0A00080D0A00080000000011
:08029000000000000D0A000847
:1002A00010B5054C237833B9044B13B10448AFF3B0
:1002B00000800123237010BDE8030024000000002B
:1002C000EC42010808B5034B1BB103490348AFF3E7
:1002D000008008BD00000000EC030024EC4201088F
:1002E000034613F8012B002AFBD1181A0138704776
:1002F00001F0FF01102A2BDB10F0070F08D010F8D7
:10030000013B013A8B422DD010F0070F42B3F6D1DA
:10031000F0B441EA012141EA014122F007047FF0F3
:1003200000070023F0E80256083C85EA010586EA4A
:10033000010685FA47F5A3FA87F586FA47F6A5FA86
:1003400087F68EB9EED1F0BC01F0FF0102F0070292
:1003500032B110F8013B013A83EA010313B1F8D13D
:100360000020704701387047002D06BF354603381E
:10037000073815F0010F07D1013015F4807F02BF57
:10038000013015F4C03F0130F0BC0138704700BFA8
:1003900081F0004102E000BF83F0004330B54FEA36
:1003A00041044FEA430594EA050F08BF90EA020FA3
:1003B0001FBF54EA000C55EA020C7FEA645C7FEA36
:1003C000655C00F0E2804FEA5454D4EB5555B8BF59
:1003D0006D420CDD2C4480EA020281EA030382EACA
:1003E000000083EA010180EA020281EA0303362D5C
:1003F00088BF30BD11F0004F4FEA01314FF4801C2F
:100400004CEA113102D0404261EB410113F0004F40
:100410004FEA03334CEA133302D0524263EB4303F7
:1004200094EA050F00F0A780A4F10104D5F1200E95
:100430000DDB02FA0EFC22FA05F2801841F10001F0
:1004400003FA0EF2801843FA05F359410EE0A5F1C4
:1004500020050EF1200E012A03FA0EFC28BF4CF0F5
:10046000020C43FA05F3C01851EBE37101F00045AB
:1004700007D54FF0000EDCF1000C7EEB00006EEBB8
:100480000101B1F5801F1BD3B1F5001F0CD3490842
:100490005FEA30004FEA3C0C04F101044FEA445299
:1004A00012F5800F80F09A80BCF1004F08BF5FEA20
:1004B000500C50F1000041EB045141EA050130BD00
:1004C0005FEA4C0C404141EB0101013C28BFB1F512
:1004D000801FE9D291F0000F04BF01460020B1FA5D
:1004E00081F308BF2033A3F10B03B3F120020CDA30
:1004F0000C3208DD02F1140CC2F10C0201FA0CF00E
:1005000021FA02F10CE002F11402D8BFC2F1200C72
:1005100001FA02F120FA0CFCDCBF41EA0C01904028
:10052000E41AA2BF01EB0451294330BD6FEA040471
:100530001F3C1CDA0C340EDC04F11404C4F120025C
:1005400020FA04F001FA02F340EA030021FA04F36E
:1005500045EA030130BDC4F10C04C4F1200220FAC5
:1005600002F001FA04F340EA0300294630BD21FA03
:1005700004F0294630BD94F0000F83F4801306BFC9
:1005800081F480110134013D4EE77FEA645C18BFBD
:100590007FEA655C29D094EA050F08BF90EA020F54
:1005A00005D054EA000C04BF1946104630BD91EA4C
:1005B000030F1EBF0021002030BD5FEA545C05D14F
:1005C0004000494128BF41F0004130BD14F580048E
:1005D0003CBF01F5801130BD01F0004545F0FE4102
:1005E00041F470014FF0000030BD7FEA645C1ABF37
:1005F000194610467FEA655C1CBF0B46024650EA6E
:10060000013406BF52EA033591EA030F41F4002199
:1006100030BD00BF90F0000F04BF0021704730B51F
:100620004FF4806404F132044FF000054FF00001F4
:1006300050E700BF90F0000F04BF0021704730B5B5
:100640004FF4806404F1320410F0004548BF40428A
:100650004FF000013EE700BF42004FEAE2014FEADF
:1006600031014FEA02701FBF12F07F4393F07F4FBA
:1006700081F06051704732F07F4208BF704793F0BD
:100680007F4F04BF41F40021704730B54FF46074D0
:1006900001F0004521F000411CE700BF50EA0102D3
:1006A00008BF704730B54FF000050AE050EA01027C
:1006B00008BF704730B511F0004502D5404261EBEC
:1006C00041014FF4806404F132045FEA915C3FF42D
:1006D000D8AE4FF003025FEADC0C18BF03325FEACA
:1006E000DC0C18BF033202EBDC02C2F1200300FA7B
:1006F00003FC20FA02F001FA03FE40EA0E0021FAA0
:1007000002F11444BDE600BF53B94AB9002908BF3D
:1007100000281CBF4FF0FF314FF0FF3000F074B9DC
:10072000ADF1080C6DE904CE00F006F8DDF804E048
:10073000DDE9022304B070472DE9F047089D044627
:100740008E46002B4DD18A42944669D9B2FA82F284
:1007500052B101FA02F3C2F1200120FA01F10CFAC0
:1007600002FC41EA030E94404FEA1C48210CBEFBF8
:10077000F8F61FFA8CF708FB16E341EA034306FB81
:1007800007F199420AD91CEB030306F1FF3080F010
:100790001F81994240F21C81023E63445B1AA4B25D
:1007A000B3FBF8F008FB103344EA034400FB07F7FF
:1007B000A7420AD91CEB040400F1FF3380F00A8140
:1007C000A74240F207816444023840EA0640E41B35
:1007D00000261DB1D4400023C5E900433146BDE8E1
:1007E000F0878B4209D9002D00F0EF800026C5E983
:1007F000000130463146BDE8F087B3FA83F6002E9B
:100800004AD18B4202D3824200F2F980841A61EB12
:10081000030301209E46002DE0D0C5E9004EDDE730
:1008200002B9FFDEB2FA82F2002A40F09280A1EB18
:100830000C014FEA1C471FFA8CFE0126200CB1FB6D
:10084000F7F307FB131140EA01410EFB03F0884266
:1008500008D91CEB010103F1FF3802D2884200F2F3
:10086000CB804346091AA4B2B1FBF7F007FB101185
:1008700044EA01440EFB00FEA64508D91CEB040423
:1008800000F1FF3102D2A64500F2BB800846A4EB7E
:100890000E0440EA03409CE7C6F12007B34022FA69
:1008A00007FC4CEA030C20FA07F401FA06F31C4398
:1008B000F9404FEA1C4900FA06F3B1FBF9F8200CA5
:1008C0001FFA8CFE09FB181140EA014108FB0EF0EB
:1008D000884202FA06F20BD91CEB010108F1FF3A3B
:1008E00080F08880884240F28580A8F10208614447
:1008F000091AA4B2B1FBF9F009FB101144EA014155
:1009000000FB0EFE8E4508D91CEB010100F1FF34FF
:100910006CD28E456AD90238614440EA0840A0FB97
:100920000294A1EB0E01A142C846A64656D353D06D
:100930005DB1B3EB080261EB0E0101FA07F722FA91
:1009400006F3F1401F43C5E9007100263146BDE8BA
:10095000F087C2F12003D8400CFA02FC21FA03F31D
:10096000914001434FEA1C471FFA8CFEB3FBF7F09E
:1009700007FB10360B0C43EA064300FB0EF69E42C3
:1009800004FA02F408D91CEB030300F1FF382FD25C
:100990009E422DD9023863449B1B89B2B3FBF7F604
:1009A00007FB163341EA034106FB0EF38B4208D9DD
:1009B0001CEB010106F1FF3816D28B4214D9023E1E
:1009C0006144C91A46EA004638E72E46284605E73C
:1009D0000646E3E61846F8E64B45A9D2B9EB02080D
:1009E00064EB0C0E0138A3E74646EAE7204694E79D
:1009F0004046D1E7D0467BE7023B614432E73046D0
:100A000009E76444023842E7704700BFFEE700BFD1
:100A10000B480C4A904203D0121A0B4912F072FD97
:100A20000A480B4A904203D0121A002112F078FDB6
:100A30000AF08AF912F042FD00F018F8FEE700BF54
:100A400000000024E40300241C430108E803002400
:100A500088230124704700BF8446134602480A4693
:100A6000614600F0D3BD00BF040400242DE9F04F1F
:100A7000002195B0714805F071FF03216F4805F022
:100A800071FE30216D4805F08DFE6D4C6D48DFF82C
:100A9000CC816D4D6D4FDFF8C8916D4E6749224690
:100AA00000F008FA404601F0E9FA4FF0000B284642
:100AB00001F036F8DA4609F05FFF01463846D846BD
:100AC00001F0A2F85F4609F057FF5A460146484632
:100AD00001F042FF594805F061FE214630462A46A2
:100AE00000F03EFD5B495548FF2605F037FE2BE040
:100AF000002E61D02146554801F086F84FF0000ADB
:100B000023464F2B1BD94FF4805253494E4801F0D6
:100B100031F8002800F0848003A84C499DED0C1AA0
:100B20004FF48053DDED0B0AA2469DED0A0A4A4AB6
:100B3000009401F05DF903A9484801F0B5FB0120DC
:100B400037462E4609F01AFF09F016FF04464448BE
:100B5000214601F0D1FE99F87C30023B012B3ED9B1
:100B600038490AA82346354A00F00CFB10999DF835
:100B70003A50A1F101013148B1FA81F1490905F07A
:100B80002DFEAE4203D02946344801F093FA9DF879
:100B90004430E3B99DF8383023B9A4EB0803B3F52A
:100BA000FA7F04D30AA92D48A04601F09DFAB5FAB0
:100BB00085F67609002F9BD07DB31FB321462348CD
:100BC00001F022F82548A34601F0D4FBB7E7DDE9A0
:100BD00012239DF84510214801F048FBDAE7194837
:100BE00000F0FCFB1F4801F04FFE01281AD002283C
:100BF0001ED021461A4801F0FBFE01460F4805F0C1
:100C0000EDFDADE74DB1A4EB0B03B3F57A7F96D3C1
:100C10001248A34601F0AEFB91E7A4EB0A0370E78C
:100C2000A2468CE799ED290A0C4801F0BDFBE0E7EC
:100C3000D9F8AC10094801F0E7FBDAE79C4500243D
:100C4000CC040024DC4500249004002498040024F3
:100C500004040024590A00089C050024444600248A
:100C6000DC0400245805002410B512480024124A60
:100C70001249046044610462C46312F043FB104BE8
:100C800010485C6043F8044B5C601C8100F0AEF8D7
:100C90000D4800F031FF0D4800F0A0FF0C4800F0B7
:100CA000A7FB0C4801F0E6F90B48BDE8104001F045
:100CB000F3BD00BF9C45002400000024550A000835
:100CC000CC040024DC450024900400249804002473
:100CD0000404002444460024DC040024F0B50D88FC
:100CE00007464E88013A00F10E044FF0000CAE4268
:100CF0002CBF0023012303732B460AE09E4510D22C
:100D0000734494454FEA530324F8023B0BDA31F85D
:100D1000023FAE420CF1010CB1F802E0EED39E4569
:100D2000EED80020F0BD012318467B73F0BD00BF54
:100D300070B50646407B30B3F0697568002801DD68
:100D4000A84221DD002D4DDD33684FF0010C00205D
:100D50004FF6FF74A3F1020E3EF8023F9942A3EB57
:100D60000102A1EB030392B288BF9AB26346A2428A
:100D700001D260461446AB420CF1010CECDB7389E6
:100D8000A34238BF002070BD6FF000423368B6F850
:100D90000AE00244348933F8122074448A42A4B22F
:100DA00034BF8A1A521A92B29442ECD29E1E012487
:100DB00000204FF6FF7C36F8023F9942A3EB010278
:100DC000A1EB030392B288BF9AB22346624501D2D7
:100DD000204694469D4204F10104ECDCE64538BF10
:100DE000002070BD00204FF6FF74C8E710B4184C07
:100DF00003464FF60B7C002220680021A3F804C0B4
:100E000040F2011CC3F86200A088A3F84C20A3F8AC
:100E1000660018461A601A61A3F818C0A3F84420A7
:100E20009A6483F84E20196559659965DA65A3F8C7
:100E30006020C3E90B22C3E902225DF8044BC3E939
:100E40000722C3E90922C3E90D22C3E90F22704733
:100E5000AC3D010890F844305BB303684BB3B0F885
:100E600060C0F0B5B0F85C40B0F85EE090F84C704F
:100E700090F84D6090F84E50A0F86240A0F864E001
:100E8000A0F866C000201A68BFF35B8F911C42F087
:100E9000010221F001011A601F715E719D71D8710C
:100EA0001C81A3F80AE0A3F80CC0BFF35B8F1960A4
:100EB000F0BD70472DE9F04F00240226054680461C
:100EC00089464FF0010A08F1200B08272DED028B0F
:100ED0009FB045F8042B32468DF814600CA88DF8AD
:100EE0001540059906F0DEFE03238DF818403246C2
:100EF0008DF819300DF14200069906F0D3FE8DF8F9
:100F00001CA08DF81DA03246079915A806F0CAFE50
:100F100007238DF8204032468DF821300DF1660010
:100F2000089909F1180606F0BDFE04230CA9304605
:100F30001A4606F0CBFE304607F0D6F805214846A3
:100F400005F008FC8A4A5346284611682246009458
:100F500007F0E8F9DFED877A87490622874B584684
:100F6000C8F84040B0EE678A88F82D40F0EE678AF6
:100F7000C8F82010C8E90E44C8E90923FFF7AEFEFF
:100F80008246CDED097ACDED0A7ACDED0B7A0AAD28
:100F90000024E1B2304607F0BDF8B5EEC00AF7EE26
:100FA000007AF1EE10FA0FD4B4EE670A0134F1EED4
:100FB00010FA37FE800A30EE080A032C05ED010A0C
:100FC0000BD0B5EC018AE4E79FED6A0A013430EEFC
:100FD000080A032C05ED010AF3D12146304607F03B
:100FE00099F8B5EEC00AF1EE10FA12D4F7EE007AD5
:100FF000B4EE670AF1EE10FA37FE800A0121484686
:1010000078EE808A05F0A6FB013F05D09DED098AA8
:10101000BDE79FED580AF1E708F15C0109A808F166
:1010200050030C46B4EE007AF0EC017AF7EE006A59
:10103000002267EE877AF5EEC07AE3EC017AF1EEF2
:1010400010FA11D4F4EEE67A9FED4D6AB6EE007A0E
:101050004FF6FF72F1EE10FA06DCA7EE867ABCEED0
:10106000C77A17EE102A92B29C4221F8022BD9D1EE
:10107000BAF1000F31D0F4EE007A68EEA78AF5EEEF
:10108000C08AF1EE10FA33D50021039109F074FC07
:10109000039906465846FFF74BFED8F838400546F8
:1010A000A0423BD00446C8F83800C8F84060584613
:1010B000FFF73EFEA042D8F83C5006F1140640D09F
:1010C0002C46C8F83800C8F84060002C08BF2C46F1
:1010D000631E042B98BF88F84C300123404688F8E3
:1010E0004430FFF7B7FE1FB0BDEC028BBDE8F08FB8
:1010F000F7EE007AF4EEE78AF1EE10FA02DD4FF631
:10110000FF71C2E7F6EE007A9FED1D7AE8EE877A6E
:10111000FCEEE77A17EE903A99B2B6E7D8F83C00C1
:10112000854202461CD0D8F84030F31A132B1AD946
:101130005846C8F83C50FFF7FBFDA04206F11406E4
:10114000BED1AC4209D0D8F84010721A132A94BF0D
:10115000D8F83C40C8F83C40B7E72246D8F83C00F5
:1011600004461546B1E72C4614360546E9E700BFAC
:10117000543E010800000000583E01088403F00AB4
:1011800000FF7F472DE9F04F00250C4602F1180BB8
:1011900028222946074604F15C0604F15008BA46A5
:1011A000A9462DED028B83B0019312F0B9F9B4F882
:1011B0004C207A82E26BBA61E9B2584606F0AAFF87
:1011C000B5EEC00AF1EE10FA5FD4F7EE007AB4EE95
:1011D000670AF1EE10FA37FE800AD8ED007A9FED2B
:1011E0007A7A30EE670AE0EE077AF5EEC07AE8EC3C
:1011F000017AF1EE10FA42D4B7EE007AF4EEC77A33
:10120000F1EE10FA44DCB6EE007ADFED706AA7EE7C
:10121000A67AFCEEC77A17EE903A9AB207EE902AB9
:10122000B8EE677AC7EE267AF1883280914234BFF1
:10123000521A8A1A92B2802A05F1010506F10206B5
:10124000EAEC017A28BF4FF00109032DB4D1B6EEC4
:10125000008A2946584687ED038A06F05BFFB5EE03
:10126000C00AF1EE10FA18D4F7EE007AB4EEE70AED
:10127000F1EE10FA40F396804FF6FF710EE0002277
:10128000DFED537A3280F288D5E79FED510AA4E76B
:10129000F0EE477A4FF6FF72C6E7002104F1200016
:1012A000B982FFF745FDA36B984262D0019BA06312
:1012B000E06B2364B8610138042813D9201D4D4622
:1012C00007F016F9637E834220D0019B6076E361CC
:1012D00087F81090002D43D1384603B0BDEC028B47
:1012E000BDE8F08FC0B294F84C308342E6D00023C2
:1012F000012584F84C00B874201D84F84D30FB742F
:101300007D7407F0F5F8637E8342DED1227E9A4237
:10131000DED0E2690199A1EB020ABAF10E0FD7D92A
:101320002376002B30D194F84530002BD0D1012307
:1013300094F84C2084F84530A36C0133A3647B629D
:10134000002A3BD094F84D3040F2011287F81090FB
:1013500083F00103BA831F4A84F84D30FB743A626C
:101360002046FFF777FD384603B0BDEC028BBDE8A1
:10137000F08FE26B90429DD0236C0199CB1A132B16
:1013800094BF1046E06395E794F84530002B9FD05A
:10139000002384F84530A36C7B6201233B770E4B1E
:1013A0003B6295E7F0EE487A9FED087AE0EE077A27
:1013B000FCEEE77A17EE903A99B26FE740F201132C
:1013C000BB83044B3B6283E70AD7A33D00FF7F4703
:1013D00000000000403E0108483E010890F84E2001
:1013E00002B17047012280F84E20FFF733BD00BFE5
:1013F000204BB7EE007A9FED206A9C46DFED1F6A16
:10140000DFED1F7AF0B50025864600F11C0403F1DC
:101410003C068561C0E90055C0E90255C0E90455A4
:10142000BCE80F000FC4BCE80F000FC4BCE80F00FD
:101430000FC49CE8070084E8070003CECEE91655E8
:101440003388CEF862007046AEF860508EED1E6AAA
:10145000CEED1F6A8EF874508EF880508EED217A92
:10146000CEED227ACEF86610AEF86A30CEE91B5582
:10147000F0BD00BFB43D0108000000008888883B33
:101480008888083BF0B5046887B02CB12568BFF3A5
:101490005B8F15F0010701D007B0F0BD03AE221D30
:1014A0000346B44607CAACE80300ACF80020226843
:1014B000BFF35B8F9542EFD1EE46DC6E96E80700F6
:1014C000F446AC42ACE80300ACF80020E4D003F1F1
:1014D000580CDD669EE80700644603C4228093F83A
:1014E0005A20A3F85870012A2FD093F88020002AA0
:1014F000D2D193F8722012B993F87320D2B1D3ED00
:101500001E7A0022F5EEC07AA3F87220F1EE10FAEE
:1015100009DD93F8702032B193F871201AB90122D5
:1015200083F8742006E000220021A3F87020996758
:1015300083F87420624603CA1288C3F86200C3F8B5
:101540006610A3F86A2007B0F0BD93F88010002958
:10155000A2D14FF07E5183F88020C3F884109BE71E
:101560009FED0D7A10B5C0E900120446FFF78AFF1F
:10157000F7EE007A002320EE070A0022A4F8583084
:10158000236787EE807AA26784F88030C4ED217AE1
:1015900084ED227A10BD00BF0BD7233C90F8743045
:1015A000012B13D0022B00D07047D0ED1E7AB7EE7E
:1015B000007AD0ED1F6A77EEA67AF4EEC77AF1EEE4
:1015C00010FA0FDB002380ED1E7A1AE0D0ED1E7AB0
:1015D000002390ED1F7A77EEC77AF5EEC07AF1EE30
:1015E00010FA02D9C0ED1E7A704790F8722090F878
:1015F0007310836780F8702080F8711002B119B100
:10160000002380F8743070470223FAE72DE9F04197
:10161000044682B098460F461646FFF733FF94F80B
:101620008030022B00F08180606810B1002B00F048
:101630009680B8F1000F65D0002520E0DFED526AFA
:10164000F4EE667AF1EE10FA76FEA77A706867EE2D
:10165000277A012A0844C0ED007A4DD1D4ED217AD1
:10166000002394ED227A77EEC77AF5EEC07AF1EE98
:1016700010FA54D9C4ED217A0135A84542D094F826
:101680008020022A41D03B68A90094ED1E5A03EB4A
:101690008503DFED3E5AD4ED216AD3ED007A37EEB3
:1016A000E76AB0EE677AA5EE067AB4EEE57AF1EE77
:1016B00010FA1ED4DFED345AB4EE657AF1EE10FA6A
:1016C00035FE877A336826EE877ADFED306A03EBE2
:1016D000010C8CED007AD4ED1E5A94ED217AE6EEE1
:1016E000257AF4EEE67AF1EE10FAA7D5F0EE667AF6
:1016F000ACE7B0EE657AE5E701352046FFF74EFF2F
:10170000A845BCD102B0BDE8F0813368002203EBEC
:1017100085031A60736803EB85031A60ACE7C4F8AD
:101720008430022384F88030A6E7B8F1000FE9D0B6
:101730004FEA8802D6E9000404EB8808404502D24B
:1017400081188C4210D30021019211F0E9FE019A18
:101750000021204602B0BDE8F04111F0E1BE424652
:10176000396800F0EDF964E7002340F8043B884253
:1017700044F8043BC6D0002340F8043B884244F8B8
:10178000043BF1D1BEE700BF3333733F333373BF44
:10179000002ADFEDC07A2DE9F84307461C462DEDFF
:1017A000028BB0EE408A08DD0B4601EB8205B3ECFC
:1017B000017AAB4277EE877AF9D107EE102AB64D5F
:1017C000501EDFEDB45AB8EEC77A6FF00308DFF8A9
:1017D00024E305F580592E4687EE876A4246AF4BD3
:1017E00008F10408DFEDAE6A9FEDAA7A01E0F3ECA0
:1017F000016A002A8C4605DB82429446A8BF8446D3
:1018000001EB8C0CDCED007A734502F1010277EEFE
:10181000C67AA7EEA67AEAD1A6EC017A4E45E7EEA3
:10182000075ADBD1DFED9F7A25EEA70AB5EE400A15
:10183000F1EE10FA00F12981F1EEC07A9FED9A7A6B
:10184000D7ED086AF4EEC77AF1EE10FA07DD9FEDE6
:10185000977AF4EEC76AF1EE10FA00F3CF809FEDAD
:10186000947ADFED945A27EE877A9FED936AF4EE2F
:10187000C67AA6EEA57AF1EE10FA87ED087A00F1A5
:10188000AE80002140F2F4628C48012611F048FE3F
:101890008B484FEA450C8B4907460CF5805CACEB56
:1018A00001022B469FED7B7AF3EC017AF2EC016AA0
:1018B0008B4277EEE67AA7EEA77AF5D1013640F2B1
:1018C000BD12191FA7EC017A9642E8D17E4D4FF068
:1018D0007E53DFED707A2A467C4942F8043B0123AF
:1018E000F0EC016AB7EE007A9FED796A77EEA67A9E
:1018F000F4EEC67AF1EE10FA07DD07EE103AB8EE14
:10190000C77A67EE266A86EEA77A814203F1010361
:10191000A2EC017AE4D1B5EEC08AF1EE10FA63D5FB
:101920009FED6C7A6C4A0C2302E001338B4256D057
:10193000F2EC017A40F2BD11F4EEC77AF1EE10FA42
:10194000F3D505EB830209E0D2ED017AB2EC017A1E
:10195000F4EEC77AF1EE10FA66D50B46B3F5DE7FEA
:1019600003F10101F0DBDFED4B7A07EE103AF7EE01
:10197000006AB8EEC77A77EE277AF4EEE67AF1EEEF
:1019800010FA2CD9DFED555AB3EE0B6A85EEA77A23
:10199000B4EEC67AF1EE10FA21D4DFED517AB4EE4E
:1019A000E77AF1EE10FA1ADC05EB830384ED007A96
:1019B000D3ED007A76EEE77AF5EEC07AF1EE10FA22
:1019C0005DD4F4EE667AF1EE10FA76FEA77A0A9B01
:1019D0000120BDEC028BC3ED007ABDE8F883BDECBD
:1019E000028B0020BDE8F883F7EE007AB4EEE78AB8
:1019F000F1EE10FA11DD9FED3B7A93E787EEA67AC0
:101A00009FED396AB4EEC67AF1EE10FA7FF727AF90
:101A1000FB6A0B9A13447B6221E7DFED347A9FED7A
:101A20002D7AA8EE677A7DE705EB8302B0EE005AC7
:101A3000DFED2F5A52ED016AB0EE666A97EE056A45
:101A400036EE676AB0EEC67AB4EEE57AF1EE10FAD9
:101A500089D476EEE77AF6EE006AFEEE005A27EEBB
:101A6000A67AC7EE067AF4EEE57AF1EE10FA09D41A
:101A7000F4EE667AF1EE10FA76FEA77A75E7DFEDFE
:101A8000057AA4E7F0EE657A6FE711F0D7FCF0EE87
:101A9000407AD3E6000000004C560024D43E0108F2
:101AA000F1F0F03C0000803AA69B443CBD378635FF
:101AB0009A99193E9A99593F0AD7233C4CE600243B
:101AC00050E60024486600244C46002440ED0024E3
:101AD0005F708930AE47613E7C46002400803B4603
:101AE00000007A44CDCCCC3D3333D33F8FC2F53D9B
:101AF000CCBC8C2BF43E010800220549054B10B4E8
:101B0000C0E90022044C054A5DF8044B704700BF51
:101B10004C6600244CE600244C5600244C4600241D
:101B200010B54FF4004204460021044811F0F8FCBF
:101B300000232360BFF35B8F636010BD4C660024FD
:101B4000036830B492B19C18094DC3F30C02013301
:101B500051F804CB05EB8202A342C2F800C0F4D1D5
:101B60000460BFF35B8F446030BC70471C46F7E7EE
:101B70004C660024531EB3F5805F03D2B1FA81F3A3
:101B80005B0909B90020704770B502F58075466899
:101B9000BFF35B8FB5421CD8A6F580768C460E4D00
:101BA0001946B41A0B19013141F6FF7EC3F30C0339
:101BB0008A4205EB83031B684CF8043BF2DC436864
:101BC000901BBFF35B8F184470458CBF0020012031
:101BD00070BD002070BD00BF4C66002400220021B3
:101BE00010B478248161C161C46201625DF8044B64
:101BF00080F83020C0E90022C0E90222C0E90422B6
:101C0000C0E90922704700BF002300227831036039
:101C100043608360C360036142618361C3610362A7
:101C200080F8302010B47824C0E90912C4625DF84D
:101C3000044B7047B5EEC00AF0B5F1EE10FA154648
:101C40002DED028B83B044D9DFED267A04460E4693
:101C50009FED258A80EE270A244F11F087FB20464E
:101C6000234B3146234EF2EE087AA0EE278AF8FE87
:101C7000487AFDEEE77A17EE904A83FB04234FEA99
:101C8000E47C1D4ACCEB630C0CEB4C030CF1FF3CE9
:101C9000A4EB8303CDF800C00C33A6FB036C4FEA22
:101CA000DC0C0CEB4C0CA3EB8C0357F8233011F03D
:101CB000F5FC07EE904A9FED117AF8EEE77A38EEE0
:101CC000678A28EE078A85ED008A03B0BDEC028B97
:101CD000F0BD00270A4A11F0E1FC2F6003B0BDEC13
:101CE000028BF0BD0000DC4300008A42A03E0108E8
:101CF000ABAAAA2AABAAAAAA683E01080000C84259
:101D0000643E0108D0ED006AD0ED017A90ED020A40
:101D1000F4EEE76A90ED037A90ED046AF1EE10FAC2
:101D200005DDF0EE665AF0EE676AF0EE657AB4EE25
:101D3000C67AF1EE10FA33DCB4EEC60AF1EE10FA10
:101D400005DDF0EE405AB0EE460AB0EE656AB4EE3C
:101D5000C70AF1EE10FA30DCF4EEC76AF1EE10FAC1
:101D600005DDF0EE665AF0EE476AB0EE657AF4EE05
:101D7000406AF1EE10FA36FE800AF4EE467AF1EE91
:101D800010FA76FE277AF4EE477AF1EE10FA77FE33
:101D9000277AF4EE407AF1EE10FA37FE800A7047A7
:101DA000B4EEC70AF1EE10FA0FDDF0EE405AB0EED5
:101DB000470AB0EE467AB0EE656AF4EEC06AF1EE1C
:101DC00010FA0EDDB0EE667AD7E7F0EE475AB0EEC5
:101DD000467AB0EE656AB4EEC70AF1EE10FABBDDE2
:101DE000EBE7F0EE475AB0EE407AB0EE650ABEE798
:101DF000F0B50D461146954A04460020166895F840
:101E000030202DED028B206185B02682360CB0EE9D
:101E1000608A0C9FA674C4E90000C4E90200C4E90A
:101E200005002AB1AA6ABA1AB2F5966F00F2AE801E
:101E3000B5EEC01A00220292F1EE10FA03921AD403
:101E4000F7EE007AB4EEE71AF1EE10FA40F385806F
:101E5000C822EA6299B96B6A00229F42A26180F0AF
:101E6000888095F83030002B40F0A180204605B0E6
:101E7000BDEC028BF0BD3C22EA620029EBD0B3F549
:101E8000805FE8DB1A4603AB28460197009302AB5C
:101E9000FFF77EFC6B6A9DED020ABB4284ED060AE9
:101EA000DFD8002865D095F83020002A40F09480D3
:101EB0009DED035A6B682B60AB686B60EB68AB60A1
:101EC0002B6985ED040AEB606B69042B00F3B78086
:101ED0000133052B6B6100F0B280B5EEC08AF1EEE4
:101EE00010FA00F1A980F7EE007AB4EEE78AF1EE7D
:101EF00010FA00F3A8809FED567ADFED567AE8EEEF
:101F0000077A3AB195ED067A70EE476AA6EEA77A9F
:101F1000B0EE470ADFED507A85ED060AB4EEE75AD7
:101F2000F1EE10FACCBF0123002305DD012285ED7F
:101F3000070AAF6285F8302004F1100004F10C02AA
:101F40000821237084ED010A84ED025AFFF772FE26
:101F5000204605B0BDEC028BF0BDF6EE007A9FED99
:101F60003F7AE1EE077AFCEEE77A17EE902A3C32F0
:101F700082E7002295F830302270002B4CD10023EC
:101F80002046A36005B0BDEC028BF0BD0022686165
:101F9000A8622A606A60AA60EA602A61AA61EA61AE
:101FA0002A6207F1780285F830006A6240E7002073
:101FB00095ED070A4FF07A5304F10C0220700821C6
:101FC00004F1100084ED010AA360FFF733FE204600
:101FD00005B0BDEC028BF0BDD5ED077ADFED206AD0
:101FE00080EE277AB4EEE67AF1EE10FA07DCDFED48
:101FF0001D6AB4EEE67AF1EE10FA7FF559AF9DED69
:10200000035A9FED197AB4EEC75AF1EE10FA7FF534
:1020100051AF0023237001E0D5ED077A134BB0EEEA
:10202000670A04F10C02082104F11000A360C4ED5A
:10203000017AFFF7FFFD19E7DFED067A61E7284631
:10204000FFF760FE49E7DFED0A7A5AE7643E0108D0
:1020500014AEC7BE6666E63ECDCCCC3E00000C4357
:102060009A99F93FB81E053F6666663FCDCC4C3E57
:1020700090C2753D0022C0E90022704710B50C4A9D
:1020800088B001230021B2F800C04FF4E13403937B
:1020900006930491029101A9059393880794ADF8E2
:1020A00004C0ADF8063008F0E3F908B010BD00BF79
:1020B000FC3D010810B588B00B460A4A20210446B1
:1020C000684611F0EBFA6846FEF70AF90A23024661
:1020D0006946204608F036FA10B163680133636040
:1020E00008B010BDF43E010891ED007AB5EEC07A5B
:1020F00030B5F1EE10FA9DB0044640D4F7EE007A08
:10210000B4EEE77AF1EE10FA40F3998091ED017A9E
:1021100042F21073B5EEC07AF1EE10FA37D5002016
:1021200091ED027AB5EEC07AF1EE10FA3FD4F7EEF7
:10213000007AB4EEE77AF1EE10FA5CDD91ED037A05
:1021400042F21075B5EEC07AF1EE10FA37D50022E2
:1021500060210292434ACDE9000504A811F09EFADD
:1021600004A8FEF7BDF80A23024604A9204608F099
:10217000E9F910B16368013363601DB030BD00231D
:1021800091ED017AB5EEC07AF1EE10FAC7D4F7EE10
:10219000007AB4EEE77AF1EE10FA3EDD91ED027AC4
:1021A00042F21070B5EEC07AF1EE10FABFD50025FC
:1021B00091ED037AB5EEC07AF1EE10FAC7D4F7EEDE
:1021C000007AB4EEE77AF1EE10FA02DD42F2107214
:1021D000BEE7F6EE007ADFED246A42F21071E7EE18
:1021E000267AFDEEE77A17EE902A8A42A8BF0A46C1
:1021F00022EAE272ACE7F6EE007ADFED1B6A42F209
:102200001072E7EE267AFDEEE77A17EE905A9542C5
:10221000A8BF154625EAE575CAE7F6EE007ADFEDB8
:10222000126A42F21072E7EE267AFDEEE77A17EEB6
:10223000900A9042A8BF104620EAE07070E7F6EEE0
:10224000007ADFED096A42F21072E7EE267AFDEEBF
:10225000E77A17EE903A9342A8BF134623EAE37356
:102260008EE700BFFC3E010800401C4610B5144636
:102270009AB01A460B46009460210446019202A8C7
:10228000084A11F00BFA02A8FEF72AF80A230246C0
:1022900002A9204608F056F910B163680133636063
:1022A0001AB010BD0C3F010891ED017AB5EEC07A6D
:1022B00010B5F1EE10FAA4B0044653D4F6EE007A4D
:1022C000DFED296AE7EE267AFDEEE77A17EE900A4F
:1022D0009FED266AF6EE006A91ED037AFEEE007A33
:1022E00027EE067A91ED026AB5EEC07AF1EE10FAA9
:1022F000B5EEC06A66FEA77A77EE877AF1EE10FA3D
:10230000FDEEE77A09D4B7EE007AB4EEC76AF1EED3
:1023100010FA1EDD4FF47A7300E00023CDED027A4F
:10232000009004A8039311F8103B114A01918021F9
:1023300011F0B4F904A8FDF7D3FF0A23024604A95B
:10234000204608F0FFF810B163680133636024B0E1
:1023500010BD9FED057AE6EE076ABDEEE67A17EE50
:10236000103ADBE70020B3E700007A440000C842DF
:10237000183F01080B4A002300B5126889B04FEAE4
:10238000124C01A9059301930493ADF814208DF824
:1023900016C0CDE90233CDE90633FFF785FF09B05A
:1023A0005DF804FB643E0108DFED156ABEEE007ABD
:1023B000F6EE007A134A20EE260A302110B5B5EE6B
:1023C000C00A8CB004466846F1EE10FA67FE877AC0
:1023D00077EE807AFDEEE77A17EE903A11F05EF92B
:1023E0006846FDF77DFF0A2302466946204608F04D
:1023F000A9F810B16368013363600CB010BD00BF71
:102400000000C8422C3F010810B58CB00B460A4AA8
:1024100030210446684611F041F96846FDF760FF37
:102420000A2302466946204608F08CF810B163681A
:10243000013363600CB010BD3C3F0108394A4FF6D0
:10244000FF71138CF0B5A0F8703089B0B2F840403D
:1024500005468C4218BFA342A0F8724003F1FF3337
:10246000B2F860202CBF012400244FF6FD719BB20E
:10247000A0F87420013A8B4288BF44F0010492B264
:102480008A4288BF44F001042CB1032300248366F0
:10249000204609B0F0BD244B214604270126D3F87D
:1024A000E02042F08072C3F8E0206422D3F8E030EC
:1024B00003F080730093009B11F032F84FF48023F7
:1024C0001A4A28462F61AE61C5E900234FF48053B4
:1024D0002B6301F0FBF810B10223AB66D8E740F2A2
:1024E000FF724FF00111284601F0FCF90028F3D1EA
:1024F0000F4B062201A92846019307230597CDE932
:10250000022340F2FF73CDE90644049300F0ECFB94
:102510000028E1D1304608F031FAAC6685F86460F5
:102520003446B5E700E8F11F004402580060025845
:10253000000084CBF0B5002389B017460622019134
:102540000446CDE906330723CDE90223042340F2F4
:10255000FF720DEB0301CDE9042300F0C5FB00BBC6
:1025600008260546204600F08DFE0346022120463F
:10257000A3B900F0E1FA034620467BB900F064FB02
:10258000034620461D4400F0BBFF50B9013EE9D18F
:1025900004350120ED083D8009B0F0BD204600F073
:1025A000AFFF002009B0F0BD10B54FF6FE7C00F182
:1025B000FF3EE6452DED028B68D801F1FF3EE64572
:1025C00064D802F1FF3EE64560D803F1FF3EE645E0
:1025D0005CD8049CA34238BFB4F5803F56D2069C19
:1025E000A446059CA44551DD049CB4EB030C6EEBA2
:1025F0000E0EBCF1010F7EF1000447DB07EE902ABE
:1026000005EE903A9FED241BB8EEE74B07EE901ACB
:10261000B8EEE55B7146B8EEE76B07EE900A24EE84
:10262000014B6046B8EEE77BDDE9052384EE062B1F
:102630009B1A03EE103AB8EEC33B22EE077B87EEFF
:10264000018B38EE458B28EE038BFEF72FF8DDED7E
:10265000057A079BB8EEE77BFBEE045A41EC160BBC
:1026600088EE066B36EE077BB7EEC77BB4EEE57AF5
:1026700083ED007AF1EE10FA08DBDFED097AB4EEB3
:10268000E77AF1EE10FA01D8012000E00020BDEC5D
:10269000028B10BDAFF300800000000000C8A9400D
:1026A00000000243002391F8642030B5C0E90033F4
:1026B000836085B08B6E0446C36012B9204605B0B6
:1026C00030BD0D4600F1080215492846FFF732FFDC
:1026D00048B195F8643033B104F10A021149284633
:1026E000FFF728FF20B904232046E36005B030BD82
:1026F000A96F231DB5F8722002911E210393009249
:10270000B5F87030B5F87420019161892089FFF720
:102710004BFF0028207014BF00230523E360CDE7A2
:10272000000084CB0000B8CF03789A1E012A78D924
:10273000CA6810B40C89026384850C78002C5AD0C6
:10274000BBEE047AD1ED017AF4EEC77AF1EE10FA1D
:1027500051D49FED477AF4EEC77AF1EE10FA4ADCD5
:102760009FED447A0022F4EEC77A4262F1EE10FA4D
:1027700058DA81694A1C00EB81015442C1ED017AAB
:1027800002F0030204F0030158BF4A4241690329E1
:10279000826103DC01310029416158DD021DDFED5A
:1027A000367A02EB8104B2EC017AA24277EE877AA4
:1027B000F9D107EE101A9FED316AB8EEC77AC7EE6D
:1027C000876AF4EEC66AC0ED0A6AF1EE10FA41DAE1
:1027D000DFED2B7A0022F4EEE76A0262F1EE10FAE6
:1027E00029DBC3690133022BC36101DD01230370BF
:1027F0005DF8044B7047436A00210133022B4362AA
:10280000C0E90711F4DD8A424FF002034FF00301E3
:102810005DF8044B08BF052280F834300170026374
:102820007047704702210123C0ED0A7A02630170EC
:1028300080F83430DCE7012BC261D9D1DFED117AA9
:10284000F4EEE76AF1EE10FA98BF0270D0E7DFED20
:102850000A7AAEE7036A00220133022BC0E907239C
:10286000C6DD022101230263017080F83430BFE726
:10287000000002430000C842000000000000B44213
:102880000000A042000096420346002290F8340067
:1028900083F83420704700BF10B56422002104463D
:1028A00010F03EFE002300220221204684F864300E
:1028B0002367A4F87430A36784F87C30C4F88020C0
:1028C000C4F88420C4F88820C4F88C20C4F8A03050
:1028D000C4F8A420A4F8A830C4F8AC3084F8B03010
:1028E000A4F8BC30C4E91A13C4E92433C4E926337C
:1028F000C4E92D3310BD00BF70B590F8BC6084B042
:10290000DEB190F87C300446023B012B18D9D0F898
:10291000B4300D46CB1A632B12D90146C0F8B4501F
:102920006846FFF7BFFE694604F17C00FFF7FCFE36
:1029300094F87C30023B012B06D9304604B070BDC0
:102940000026304604B070BDD4F8B830002BF4D166
:10295000C4F8B850F1E700BF00234FF0000C70B589
:1029600080F87C300446C0F880C00D46C0F884C0B2
:102970001646C0F888C0C0F88CC0C0F8A030C0F8B7
:10298000A4C0A0F8A830C0F8AC3080F8B030C0E9DE
:102990002433C0E9263300F0C9F880B2E066D8B12C
:1029A0004FF6FF73984217D041F2030398428CBF51
:1029B00082236E232046A367FFF740FDA5F1640341
:1029C000002284F8BD00C4F8B4300123C4F8B82054
:1029D00084F8BC302EB970BD00200623A067A36622
:1029E000ECE729462046BDE87040FFF785BF00BFF1
:1029F00090F87C30023B012B15D8D0F8B82040F27B
:102A000014530A48891AA0FB0120800A03FB101006
:102A1000B0F5167F07D2064BA3FB0030C0F3401081
:102A200080F0010070470020704700BFFD33A6C949
:102A30001F85EB51704700BF0F4B1B780BB901206E
:102A4000704710B504464FF47A700C4AB0FBF3F3AC
:102A50001068B0FBF3F001F06BF80F2C00D808B150
:102A6000012010BD002221464FF0FF3001F000F898
:102A7000034B00201C6010BD04000024440200240D
:102A80000800002438B50320124D00F0DFFF124C7F
:102A900002F0F8FA114A12499369C3F30323CB5C9D
:102AA00003F01F0320FA03F30E202B60926902F05B
:102AB0000F028A5C02F01F02D3402360FFF7BCFFC5
:102AC00010B10124204638BD0446FFF7B3FF20466D
:102AD00038BD00BF440200244802002400440258CC
:102AE00008400108034A044B11681B780B4413602B
:102AF000704700BF4CF6002404000024014B186806
:102B0000704700BF4CF6002438B50446FFF7F6FFC7
:102B10000546631C02D0044B1B781C44FFF7EEFFF4
:102B2000431BA342FAD338BD04000024014B1868AC
:102B3000000C70470010005C3F4A036893422DE987
:102B4000F04105460E4657D002F58072934253D0AD
:102B50003A4A2C699768082C07F01F070AD0092FFA
:102B60004CD840F22121F940C90747D5DB68DA0784
:102B700048D40424FFF7C2FF8046731C2A6827D17B
:102B800013681C42FCD06B6D43F400736B65D36813
:102B900013F4406F0FD16B7D6BB9136818070AD51A
:102BA0006B6D23F480736B656B6DD90403D46B6D0F
:102BB00043F001036B65224B9A422ED0D068082C5B
:102BC00027D010F4804034D10C231360BDE8F0818D
:102BD00013682342D7D1FFF791FFA0EB0800B04262
:102BE00001D8002EC9D16B6D0022032043F00403ED
:102BF00085F850206B65E9E7124AAAE7936813F459
:102C0000404FB6D06B6D012043F020036B65BDE8EB
:102C1000F08100201460BDE8F081092F02D9064B35
:102C2000D868CCE740F2212323FA07F7FB07C5D485
:102C3000F5E70020BDE8F081002002400063025863
:102C400000210240002302400368186C704700BF57
:102C5000704700BF806B08B5FFF7FAFF08BD00BFE3
:102C6000836B5A6D12F0500F5A6D10B51DD1196853
:102C700042F400725A650A6812F0080FCA681BD045
:102C800012F4406F0DD1CA6894040AD45A6D22F42C
:102C900080725A655A6DD10403D45A6D42F0010214
:102CA0005A65184605F098FA10BDD2060AD4DB6CB6
:102CB000BDE81040DB6C18479007E7D0184605F0D8
:102CC0008BFAF1E7184605F02BFB10BD806B08B5B9
:102CD000436D43F040034365836D43F00403836514
:102CE00005F01EFB08BD00BFF0B5002283B00192C5
:102CF00090F85020012A00F01C81034601201A6838
:102D000083F850009468640700F18A800C68C4F36B
:102D10001305002D40F08F80C4F38464A0404D68FB
:102D20004FF01F0ED6694FEA951C30430CF00C0C87
:102D3000D06105F01F0002F1300584400EFA00FE5C
:102D40005CF8050020EA0E0004434CF8054090684A
:102D500040076ED4956815F0080547D10C68072028
:102D600002F11406B94F4FEAD45CC4F304540CF0DA
:102D7000040C00FA04FE886800FA04F45CF806000B
:102D800020EA0E0020434CF80600386800F070403E
:102D9000B0F1805F00F0C580D068D668C70600F14A
:102DA000E880C6F382064869760000FA06F60F69E5
:102DB000042F00F0C18002F16004086854F827C0B5
:102DC00000F0F8400CF0004C40EA0C00304344F8AE
:102DD0002700487E0E69012854F8260008BF4FF0EE
:102DE000004520F00040054344F826509068C40791
:102DF00014D4CE68086806F01807954CD2F8C05075
:102E0000FC40C0F31307044025EA07052C43C2F831
:102E1000C040904CA64246D0002816DB002003E0BC
:102E20005A6D42F020025A65002283F8502003B008
:102E3000F0BD9068DAE794FAA4F5B5FA85F5C4F325
:102E4000846405F01F05A84069E783498A4200F0C1
:102E5000B68001F580718A4200F0B1807F4D804CD0
:102E6000A968A46801F0E076E44304F00104002CB2
:102E700000F0B4807B4CA04200F0FC807A4CA04271
:102E800000F01A81794CA042C8D14902C6D47449D5
:102E90008A42C3D1AA68002022F0E072324342F491
:102EA0008002AA60C0E7002F6AD090FAA0F4B4FABA
:102EB00084F4013404F01F04092C00F2A48090FA79
:102EC000A0F4B4FA84F490FAA0F5B5FA85F50134CB
:102ED00001260135A40605F01F0504F0F84406FAA2
:102EE00005F52C4390FAA0F0B0FA80F0304400F0E1
:102EF0001F0000EB400000052043C60D02F1140541
:102F0000C0F30450072406F0040604FA00F77459CD
:102F100024EA07048F6807FA00F02043705108681C
:102F20007AE7D6684869C6F38206760000FA06F6A4
:102F30003DE7022003B0F0BD106E0C6800F0F840D1
:102F4000A506B0EB846F30D0506E00F0F84085429B
:102F500026D0906E00F0F84085422BD0D06E00F065
:102F6000F84085427FF442AFD06E20F00040D0663A
:102F70003CE77608486906F0080600FA06F616E708
:102F8000800E441C04F01F06092E2DD8A406012033
:102F900004F0F844B040044306EB46000005ABE7FC
:102FA000506E20F000405066D3E7106E20F00040D5
:102FB0001066C9E7906E20F000409066CEE7264C80
:102FC0002B4D04F58074A96854F8F86CA468344358
:102FD00001F0E076E44304F0010448E75A6D012073
:102FE00042F020025A651FE706EB4600A5060124C1
:102FF0001E3805F0F84504FA06F60005354340F0A2
:103000000070284379E790FAA0F5B5FA85F590FAB3
:10301000A0F4B4FA84F4013501260134AD0604F0BD
:103020001F0405F0F84506FA04F4254390FAA0F4CD
:10303000B4FA84F4344404F01F0404EB4404A4F10F
:103040001E00000540F00070DBE700BF0010005CD0
:10305000FFFF0F000000FF470020024000630258FE
:1030600000600258000084CB000052C70000B8CFB7
:103070000023024008023FF5D1AE17498A427FF48F
:10308000CDAE164AA9681268154821F0E071920980
:103090003143A0FB020241F400019209A9605200F1
:1030A0000192019A002A3FF4B9AE019A013A0192C5
:1030B000019A002AF9D1B1E611F080707FF4AEAE2A
:1030C00005498A427FF4AAAEAA6822F0E072324330
:1030D00042F08072AA60A7E6006002584402002411
:1030E000632D3E0503689A6812F0040F9A6870B564
:1030F000044603D1120701D4002070BDDA6895019F
:1031000004D5A08A40F2011290421AD002299A688E
:103110003ED0550708D59A68900705D498682C4A80
:10312000024042F010029A60012919D09A681207F1
:1031300002D59A68900732D5032914BF04260C26BD
:103140000FE01A68500606D4224A01E0013A16D070
:1031500019684906FAD540221A609A68560725D49C
:103160000426FFF7CBFC054604E0FFF7C7FC431B32
:10317000052B04D823689B683342F6D1BCE7636D06
:10318000012043F010036365A36D0343A36570BD85
:10319000150702D59A68920713D50826E1E79868C3
:1031A0000B4A024042F020029A60C5E79A689607EF
:1031B000D6D499680426064A0A4042F010029A6062
:1031C000CFE79968024A0A4042F020029A60E4E799
:1031D000C0FFFF7F00DC0C0003689A68D20701D5AE
:1031E000002070479968214A114270B5044608D002
:1031F000636D012043F010036365A36D0343A36572
:1032000070BD99681A4A0A4042F001029A60FFF7BD
:1032100075FC2368174A054693421ED002F580725A
:1032200093421AD0144A9268114E0AE09A683240CA
:1032300042F001029A60FFF761FC401B0228D7D8D8
:1032400023681A68D2070FD49A68D107EED5FFF722
:1032500055FC401B0228F3D9CAE7084A9268D006F9
:10326000E2D0074A9342DFD1002070BD3F000080CA
:10327000C0FFFF7F0020024000630258002302408D
:1032800000210240394A0368934270B5044646D093
:1032900002F58072934242D0354A96689D6815F0D7
:1032A000040542D194F85030012B3ED00123204632
:1032B00084F85030FFF790FF002838D1636D06F096
:1032C0001F062C4A1A40236842F4807262652A4A1B
:1032D000934245D01946626D22F480126265626D98
:1032E00012F4805240D0A26D22F00602A2651C2288
:1032F0008B421A604FF0000284F8502020D0092E33
:1033000018D9636D43F480136365CB689B0105D5C1
:10331000636D23F4405343F48053636570BD174AD3
:1033200096689D6815F00405BCD0022070BD84F835
:10333000505070BD40F2212222FA06F6F507E0D582
:10334000DA68920105D5626D22F4405242F480524F
:10335000626599680A4A0A4042F004029A6070BDA8
:103360000249002EB7D0BAE7A265C0E700200240AC
:1033700000630258FEF0FFFF0021024000230240DC
:10338000C0FFFF7F2DE9F0413A4D044600680F462B
:103390001646A84219D0384B984216D0374DAB6824
:1033A0008068420716D494F85020012A12D003F006
:1033B0001F080122B8F1090F84F850200DD900230D
:1033C000012084F85030BDE8F0812D4DAB68806855
:1033D0004207E8D50220BDE8F08140F2212323FA1C
:1033E00008F3DB4313EA0205E9D12046FFF7F4FEB8
:1033F000002839D1626D234B2168134043F4807358
:103400006365B8F1000F02D01B4B994203D0636D86
:1034100023F480136365636D13F4805328D0A36D88
:1034200023F00603A365E06C3346174D3A4640315E
:10343000C563164D0564164DC5641C2541F8405CF6
:10344000002584F8505051F83C5C45F0100541F8D7
:103450003C5C00F07DFE22680E4B91680B4043F00F
:1034600004039360BDE8F08184F85050BDE8F0811A
:10347000A365D8E700200240002102400063025803
:1034800000230240FEF0FFFF612C0008552C0008CD
:10349000CD2C0008C0FFFF7F38B503689A689107FC
:1034A00002D59B68002038BD9A68D20723D59A6858
:1034B000044602F00D02012A08D0636D012043F09A
:1034C00010036365A36D0343A36538BD98680321AA
:1034D0000A4A024042F002029A601960FFF70EFBAE
:1034E000054604E0FFF70AFB401B0228E5D82368E5
:1034F0009B68DB07F6D4002038BD00BFC0FFFF7F0C
:1035000090F85030012B1BD00123032110B580F817
:1035100050300446FFF7E6FD18B1002384F8503020
:1035200010BD2046FFF7B8FF0028F6D1626D054BAD
:10353000134043F001036365002384F8503010BD4D
:1035400002207047FEEEFFFF38B5574A0446036875
:10355000934226D002F58072934222D0534B9B684F
:1035600013F4403F22D001F047FF63680546B3F5EE
:10357000003F00F08880B3F5403F70D0B3F5803F46
:1035800000F08180FFF7D2FA41F2030398422DD870
:10359000474B9D425DD92268936843F480739360E2
:1035A00038BD444B9B6813F4403FDCD14FF40020FE
:1035B00002F0EEFF63680546B3F5101F6DD008D822
:1035C000B3F5E01F55D01AD9B3F5001FDAD145097C
:1035D000D8E7B3F5201F4AD0B3F5301FD2D1FFF79B
:1035E000A5FA41F20303984233D92D0A324B9D428A
:1035F0001DD82268936823F44073936038BDB3F5F7
:10360000801F06D00AD9B3F5A01F02D0B3F5C01FA2
:10361000B8D19B0C5B00B5FBF3F5B3E7B3F5002F16
:10362000F7D023F40022B2F5802FF2D0AAE7234B83
:10363000234A2B4493421ED9224B234A2B449342C4
:10364000226893682BD823F4407343F4007393608B
:1036500038BD2268936823F48073936038BD850871
:10366000FFF764FA41F203039842BFD890E7C50917
:1036700088E7050986E72268936823F4407343F4DA
:103680008073936038BD1B0CB5FBF3F5FFF74EFA62
:1036900041F203039842A9D87AE7850972E743F417
:1036A0004073936038BD00BF0020024000630258A1
:1036B000002D310100230240105E5F00EFA1A0FF4A
:1036C0000F5E5F00DF4341FF1FBCBE0030B500232B
:1036D00083B00193002800F0D080456D0446002D92
:1036E00000F0BA80226893689B0003D59168714B03
:1036F0000B4093609368DD0015D46F4B90686F4961
:103700001B6801406E489B0941F08051A0FB0303F8
:1037100091609B090193019B2BB1019B013B01939C
:10372000019B002BF9D19368D80024D4636D012547
:1037300043F010036365A36D2B43A365936813F0F7
:10374000040F636D1DD1D9061BD4636D23F48173FF
:1037500043F0020363659368DB0728D4594B9A4210
:1037600017D003F580739A4213D0574B9B68D90743
:103770001DD4564A15E09368002513F0040F636DBD
:10378000E1D0636D012543F010032846636503B063
:1037900030BD4C4A4E4B92689B681343D80706D401
:1037A0004C4A9368616823F47C130B439360FFF7E2
:1037B000BDF941F20303A1689842237F52D894F8DF
:1037C00015C01A04206B42EA4C3202430A43012B13
:1037D00003D1236A013B42EA4342636A23B103F403
:1037E0007873A16A0B431A4323683B49D8680140A8
:1037F0000A43DA609A6812F0040F9A681CD1120723
:103800001AD4D868354A217D024042EA8132E16A01
:103810000A43DA6094F83820012A3AD01A6922F073
:1038200001021A611A692046616B22F070420A4354
:103830001A61FFF789FE2368E268012A21D01A6B1A
:1038400022F00F021A63636D284623F0030343F04E
:103850000103636503B030BD04F06CFCA56584F81A
:1038600050503FE71029AAD1617D1A0442EA413243
:10387000216B0A4342F01C02A9E70125284603B048
:1038800030BD196BA26921F00F01013A0A431A6396
:10389000D9E7D4E9102118690A43114901400A43C4
:1038A000A16C0A43E16B42EA014242F001021A6153
:1038B000B8E700BFC0FFFF5F44020024C0FFFF6FF6
:1038C000632D3E050020024000600258006302584C
:1038D000002102400023024003C0F0FFFCBFFFFFB5
:1038E0001EF800FCF0B5002383B0019390F850302F
:1038F000012B40D0012304460E46154680F8503077
:10390000FFF7CAFDE8B9676D05F080421B4B06F46E
:1039100080311B4D3B401B4F43F00203636523681E
:103920009E68354015430D4345F000459D609A68FB
:10393000002A0FDB636D23F0030343F0010363658B
:1039400003E0636D43F010036365002384F8503097
:1039500003B0F0BD019A01320192019ABA42E6D950
:10396000636D0022012023F0120384F8502043F0FD
:1039700010036365ECE7022003B0F0BDFDEEFFFF2E
:10398000C0FFFE3FFF955A55F0B490F850200E68E6
:10399000012A49D00346294A01201C6883F85000B7
:1039A000944208D05A6D002142F0200283F8501052
:1039B0005A65F0BC7047224DAA6852070AD5A26822
:1039C0005A6D012042F020025A65002283F85020EF
:1039D000F0BC7047A06810F00400F1D1C6B1DFF868
:1039E00068C04F68DCF8082022F440423A43CCF823
:1039F0000820A468AA682243D40713D48A68DCF894
:103A0000081016430F4A0A401643CCF80860DCE75A
:103A10000D498A6822F440428A60A068AA6802437D
:103A2000D00704D50020D0E70220F0BC70478C6896
:103A30003046044A22408A60C7E700BF00200240A7
:103A400000210240E0F0FFFF0023024006494FF64C
:103A5000FF0C0002054BCA6800F4E06002EA0C02A9
:103A600010430343CB60704700ED00E00000FA050F
:103A70001B4BDB68C3F3022300B5C3F1070E03F150
:103A8000040CBEF1040F28BF4FF0040EBCF1060F6A
:103A90001AD9033B4FF0FF3C0CFA03FC22EA0C025C
:103AA0004FF0FF3C00280CFA0EFC21EA0C0101FA51
:103AB00003F141EA02010ADB09010A4BC9B20344DE
:103AC00083F800135DF804FB00221346E8E700F0DA
:103AD0000F000901044BC9B2034419765DF804FBD9
:103AE00000ED00E000E100E0FCEC00E0002807DB76
:103AF00000F01F0101234009024A8B4042F82030A8
:103B0000704700BF00E100E000280DDB43090122FF
:103B100000F01F000549203302FA00F041F82300AD
:103B2000BFF34F8FBFF36F8F704700BF00E100E01E
:103B3000431EB3F1807F0CD24FF0E02200200649F3
:103B40004FF0F00C5361072381F823C0906113619B
:103B500070470120704700BF00ED00E0BFF35F8FAA
:103B6000044B00215A6A22F480325A62C3F894103E
:103B7000704700BF00ED00E0064B40F00100C3F8C5
:103B800094005A6A42F480325A62BFF34F8FBFF3F7
:103B90006F8F704700ED00E0174A4378C2F8983005
:103BA000017821B3436800B5C2F89C30C37A90F81D
:103BB0000CC01B0690F80FE043EA0C7390F80AC0A3
:103BC0000B43817B43EACC4390F80DC043EA8C431E
:103BD00090F809C043EA4143017A43EA0E4343EABD
:103BE0000C2343EA4103C2F8A0305DF804FBC2F89D
:103BF0009C10C2F8A010704700ED00E0704700BFB5
:103C000008B5FFF7FBFF08BD0268344B344930B4F8
:103C1000344D354CAA4218BF9A420CBF01230023F1
:103C20008A4208BF43F001033031A24208BF43F08B
:103C3000010330348A4208BF43F001033031A2420D
:103C400008BF43F0010330348A4208BF43F0010348
:103C500001F55C71A24208BF43F0010304F55C74F6
:103C60008A4208BF43F001033031A24208BF43F04B
:103C7000010330348A4208BF43F001033031A242CD
:103C800008BF43F0010330348A4208BF43F0010308
:103C90003031A24208BF43F001038A4208BF43F01B
:103CA000010313B9114B9A4213D1D3B21049114CED
:103CB000103BA1FB03515F2B0F4BC1F3021103EA31
:103CC0000203615C88BF0433C1658365184630BC5C
:103CD000704722F0FF038365F8E700BF1000024041
:103CE000400002402800024058000240B804024050
:103CF000ABAAAAAA503F010800FCFFFF0368294AAB
:103D0000294930B4294D2A4CAB4218BF93420CBF0D
:103D1000012200228B4208BF42F001022831A34257
:103D200008BF42F0010228348B4208BF42F0010272
:103D30002831A34208BF42F001028B4208BF42F083
:103D4000010212B91B4A934213D1DBB21A4C1B4A2F
:103D50000121083B1A4DA4FB0343456602EB1312F5
:103D6000C3F30413920001FA03F30266836630BCC6
:103D70007047DAB21349144C1944103AA829A4FB2D
:103D800002234FEA131300D80833104A03F01F052B
:103D900001210F4C1A44A9404466920081660266D4
:103DA000E5E700BF08540258305402581C5402582A
:103DB0004454025894540258CDCCCCCC00960016F2
:103DC00080580258F0FBFDBFABAAAAAA00820010DF
:103DD0008008024070B50446FEF790FE002C00F00B
:103DE000C68023680546954A934248D018329342CC
:103DF00045D0303292498B4218BF934201F13001D5
:103E00000CBF012200228B4208BF42F00102183190
:103E10008B4208BF42F0010218318B4208BF42F0CA
:103E2000010218318B4208BF42F0010201F55671C0
:103E30008B4208BF42F0010218318B4208BF42F0AA
:103E4000010218318B4208BF42F0010218318B4247
:103E500008BF42F0010218318B4208BF42F0010254
:103E600018318B4208BF42F0010218318B4208BF63
:103E700042F001021AB9734A934240F0F5800222DF
:103E8000002184F8352084F834101A6822F00102E9
:103E90001A6005E0FEF732FE431B052B40D823686D
:103EA0001A68D107F6D4D4E9022521692A43A0690A
:103EB0001D680A4361690A43E16902430A43624992
:103EC0002940256A2A430A43616A04292FD01A60CF
:103ED0005A6922F00702114359612046FFF794FE08
:103EE000E26D3F2302F01F02934083602046FFF7FC
:103EF00005FFA368802B3CD06368A06EDAB2013B5B
:103F0000D4E91851072B2A60486026D90023C4E958
:103F10001B33636700200123606584F8353070BD72
:103F2000202203230120626584F8353070BDD4E976
:103F30000B5129430A431A605969A26A21F007010B
:103F4000114341F00401002DC6D000284FD1012AB1
:103F50006ED032F00202BFD151E0501E072810D9B6
:103F6000626FD4E91B31002018604A60D2E701205B
:103F700070BD0023A16ED4E9180263600360516034
:103F8000C4E72168314B324DA94218BF994205F16F
:103F900014050CBF01230023A94208BF43F001030D
:103FA0001435A94208BF43F001031435A94208BFE4
:103FB00043F001031435A94208BF43F0010314354F
:103FC000A94208BF43F001033BB9224B994204D0F8
:103FD000214B224913449B0003E0214B2149134408
:103FE0009B0001228240C4E91B316267BBE7B0F548
:103FF000005F0ED0022A05D9032A7FF46DAFEA01D3
:104000007FF56AAF012340221846626584F8353097
:1040100070BD032A3FF660AF01A050F822F000BF48
:1040200005400008FF3F0008054000083140000837
:10403000B5F1C07F7FF450AFE4E700BF100002404D
:1040400040000240B80402403F8010FE085402586D
:104050001C540258945402583F82001040090240F8
:104060003F96001640590258324A3348334983423A
:1040700018BF934200F128000CBF012200228B429E
:1040800008BF42F001022831834208BF42F001021A
:1040900028308B4208BF42F001022831834208BF1A
:1040A00042F001028B4208BF42F0010212B9244AD9
:1040B000934238D102220021224D84F8341084F832
:1040C00035201A681540A268402A2AD0802A0CBFE1
:1040D0004FF480400846266AD4E90312D20842EA27
:1040E000D102616942EAD102A16942EAD102E169E1
:1040F00042EAD102144942EA161219442A43024301
:104100001248A0FB010120461A600B099B00E365E1
:10411000FFF77AFDE26D012302F01F029340436036
:10412000E4E61020D7E7402203230120626584F8EB
:10413000353070BD085402581C540258305402588F
:10414000945402580F00FEFFF8ABFDA7CDCCCCCCA9
:10415000002800F0BC80844690F83400012800F06C
:10416000B88001202DE9F0419CF835408CF83400EE
:10417000844208D000224FF400638CF83420CCF83D
:104180005430BDE8F0810220DCF800507A4C8CF805
:1041900035000020794ECCF854007948854218BF8C
:1041A000A54200F118000CBF01240024854208BF7D
:1041B00044F001041830854208BF44F0010418306F
:1041C000854208BF44F001041830854208BF44F01E
:1041D000010400F55670854208BF44F00104183010
:1041E000854208BF44F001041830854208BF44F0FE
:1041F00001041830854208BF44F00104183085429C
:1042000008BF44F001041830854208BF44F001049F
:104210001830854208BF44F001041830854208BFB9
:1042200044F00104A0F59560B54218BF8542DCF862
:104230006C600CBF0120002054EA0008286820F0C0
:1042400001002860DCF86400DCF86840DCF8587095
:10425000446040D016B1DCE91C044460DCF85C002A
:104260004FF03F0E00F01F000EFA00F0B860286813
:1042700020F4802028606B60DCF80830402B23D0CD
:10428000A960EA602B6823F01E0343F016032B603D
:10429000DCF840301BB12B6843F008032B60DCF8DE
:1042A00060301A68D20303D51A6842F480721A602B
:1042B0001EB1336843F4807333602B68002043F0F1
:1042C00001032B60BDE8F081AA60E960DAE7012014
:1042D00070470220704716B1DCE91C04446029488D
:1042E000DFF8A8E0754518BF85420EF1140E0CBF2B
:1042F00001200020754508BF40F001000EF1140EAA
:10430000754508BF40F001000EF1140E754508BF59
:1043100040F001000EF1140E754508BF40F0010099
:104320000EF1140E754508BF40F0010010B9164893
:1043300085420ED1DCF85C0000F01F0E012000FA6F
:104340000EF078606B60DCF80830402B10D0A9606C
:10435000EA602B6823F00E0343F00A032B60DCF8BD
:104360004030002B9BD02B6843F004032B6096E772
:10437000AA60E960EDE700BF40000240280002406B
:104380005800024008540258945402581C540258D1
:1043900000285FD038B590F835200346022A55D161
:1043A0000168444A914248D01832914245D0303297
:1043B000414C4248A14218BF914204F148040CBF4D
:1043C00001220022814208BF42F001023030A142A6
:1043D00008BF42F001023034814208BF42F00102BE
:1043E00000F55C70A14208BF42F0010204F55C7464
:1043F000814208BF42F001023030A14208BF42F0C2
:1044000001023034814208BF42F001023030A14243
:1044100008BF42F001023034814208BF42F001027D
:104420003030A14208BF42F00102814208BF42F091
:10443000010212B9224A91420ED10422002083F8CF
:1044400035200B6823F001030B6038BD802201206A
:104450005A6538BD012070470A681C6E22F00E02B2
:10446000D86D9D6D0A6000F01F000A6822F00102FD
:104470000A6001222168824021F4807121606A6013
:10448000DA6ED3E91910486032B11168D3E91C041F
:1044900021F4807111604460002401211A6D83F8B9
:1044A000344083F835101AB118469047204638BD7D
:1044B000104638BD1000024040000240700002402B
:1044C000B80402402DE9F04300229C4B83B09C4E7F
:1044D0001D688146019203689A4A846D934218BF11
:1044E000B342276808BF0126216818BF002645D0BF
:1044F00018329548834218BF934200F118000CBF50
:1045000001220022834208BF42F001021830834298
:1045100008BF42F001021830834208BF42F0010296
:104520001830834208BF42F0010200F55670834202
:1045300008BF42F001021830834208BF42F0010276
:104540001830834208BF42F001021830834208BF8E
:1045500042F001021830834208BF42F001021830D5
:10456000834208BF42F001021830834208BF42F084
:1045700001021AB9754A934240F05082D9F85C1092
:10458000082201F01F0C02FA0CF2174240F0888159
:1045900027FA0CF2D2070CD55A69100609D5012268
:1045A00002FA0CF2A260D9F8542042F00202C9F8D3
:1045B00054204FF0040E0EFA0CF038425BD0002E5F
:1045C0004FD1634ADFF88081434518BF934208F119
:1045D00018080CBF01220022434508BF42F0010227
:1045E00008F11808434508BF42F0010208F1180815
:1045F000434508BF42F0010208F11808434508BFCF
:1046000042F0010208F55678434508BF42F0010226
:1046100008F11808434508BF42F0010208F11808E4
:10462000434508BF42F0010208F11808434508BF9E
:1046300042F0010208F11808434508BF42F00102A8
:1046400008F11808434508BF42F0010208F11808B4
:10465000434508BF42F001021AB93C4A934240F078
:1046600019821A68920706D5A060D9F8542042F042
:104670000402C9F85420102202FA0CFC1CEA070FAD
:104680006CD0002E45D1324A2F4EB34218BF934210
:1046900006F118060CBF01220022B34208BF42F007
:1046A00001021836B34208BF42F001021836B34285
:1046B00008BF42F001021836B34208BF42F00102BF
:1046C00006F55676B34208BF42F001021836B342EF
:1046D00008BF42F001021836B34208BF42F001029F
:1046E0001836B34208BF42F001021836B34208BF81
:1046F00042F001021836B34208BF42F001021836F8
:10470000B34208BF42F001021AB9104A934240F086
:10471000C9811A68100721D5C4F808C01A68560361
:1047200000F14C811A68D20503D41A6822F00802FD
:104730001A60D9F840308BB10CE000BF440200246D
:10474000100002402800024058000240B804024015
:104750004000024048469847D9F85C1001F01F011C
:1047600020268E403E4268D0D9F80020A54BA64FA7
:10477000BA4218BF9A4207F118070CBF0123002361
:10478000BA4208BF43F001031837BA4208BF43F0EA
:1047900001031837BA4208BF43F001031837BA4281
:1047A00008BF43F001031837BA4208BF43F00103C2
:1047B0001837BA4208BF43F0010307F55677BA42EB
:1047C00008BF43F001031837BA4208BF43F00103A2
:1047D0001837BA4208BF43F001031837BA4208BF7E
:1047E00043F001031837BA4208BF43F001031837FA
:1047F000BA4208BF43F001031837BA4208BF43F07A
:1048000001031BB9814B9A4240F062811368DB06B9
:1048100013D5A66099F83530042B136800F0AE80EC
:1048200013F4802F136800F0D3801C0340F1DE8066
:10483000D9F83C300BB148469847D9F85430002B92
:1048400000F0B980D9F85430D8071FD5D9F8002026
:10485000042189F83510136823F0010313606C4BB1
:10486000A3FB0535AD0A02E01368D90704D5019B07
:104870000133AB420193F7D9002389F83430136830
:10488000DB074CBF0323012389F83530D9F84C30BE
:10489000002B00F09080484603B0BDE8F043184775
:1048A000186840070AD5186820F004001860A26054
:1048B000D9F8542042F00102C9F8542027FA0CF22A
:1048C000D2077FF576AE534A5348834218BF9342CE
:1048D00000F130000CBF01220022834208BF42F0E9
:1048E00001021830834208BF42F0010218308342AF
:1048F00008BF42F001021830834208BF42F00102B3
:1049000000F55670834208BF42F00102183083421E
:1049100008BF42F001021830834208BF42F0010292
:104920001830834208BF42F001021830834208BFAA
:1049300042F001021830834208BF42F001021830F1
:10494000834208BF42F001021830834208BF42F0A0
:104950000102002A7FF420AE002E7FF41DAE1A68FB
:10496000042202FA0CF23A4240F09480102202FA39
:104970000CFC17EA0C0F3FF4F1AE84E623F01603AB
:104980001360536923F080035361D9F840309BB31F
:10499000136823F0080313603F230025012203FA64
:1049A00001F1D9F85030A16089F8345089F83520E8
:1049B000002B7FF470AF03B0BDE8F0831B681803D1
:1049C0007FF5B7AED9F84830002B7FF4C3AEC5E60B
:1049D00013F480737FF42CAF116821F01001116083
:1049E000012289F8343089F8352021E7D9F844309C
:1049F000002B7FF420AF20E7D9F84830002BC7D137
:104A0000CAE700BF1000024028000240B80402407C
:104A1000B5814E1B58000240400002404E4A4F4DA7
:104A2000AB4218BF934205F114050CBF01220022CE
:104A3000AB4208BF42F001021435AB4208BF42F05E
:104A400001021435AB4208BF42F001021435AB42FB
:104A500008BF42F001021435AB4208BF42F0010228
:104A600012B93F4A9342A6D1D9F85C5004261A687D
:104A700005F01F05AE400E4219D0570717D5100498
:104A800066604BD5D1034FD4D9F84830002B7FF462
:104A900002AF90E71A68102202FA0CFC17EA0C0F1A
:104AA0003FF45CAE1A6852077FF558AE34E6022632
:104AB000AE400E4211D097070FD56660140439D569
:104AC000D00343D4D9F84430002B7FF4E4AE72E72E
:104AD00013689F077FF5B1AE9BE60826AE400E42F5
:104AE0003FF469AF11077FF566AF1A68002122F025
:104AF0000E021A600123D9F84C2003FA05F565600F
:104B0000C9F8543089F8341089F83530002A3FF458
:104B100052AF484603B0BDE8F0431047920603D4B5
:104B20001A6822F004021A60D9F84030002B7FF492
:104B3000B2AE40E712F0200208D11968012421F03A
:104B40000A01196089F8342089F83540D9F83C30D9
:104B5000002B7FF4A0AE2EE7085402581C540258D4
:104B600094540258406D7047002800F0DE81F8B57B
:104B700003680446D80730D59F490A69896A02F05C
:104B80003802102A00F00081182A00F0F8806368CB
:104B9000B3F5803F00F02081002B00F05E81B3F57B
:104BA000A02F954B1A6800F02F8222F480321A60F1
:104BB0001A6822F480221A60FDF7A0FF8E4E41F29F
:104BC0008837054605E0FDF799FF401BB84200F223
:104BD000428133689A03F6D523689D0700F18580EA
:104BE000D9062FD5844A1369926A03F03803082B3B
:104BF00000F0DA80182B00F0D280E3697E4D002BA4
:104C000000F065812B6843F080032B60FDF776FF91
:104C1000064605E0FDF772FF801B022800F21B81AB
:104C20002B68DB05F6D5FDF781FF41F203039842BF
:104C300000F20B826B68226A23F0F84343EA826336
:104C40006B6023681D0716D563696B4D002B00F060
:104C50001C816B6F43F001036B67FDF74FFF064646
:104C600005E0FDF74BFF801B022800F2F4806B6F1C
:104C70009807F6D523689A0616D5A3695E4D002BD2
:104C800000F014812B6843F480532B60FDF736FF4E
:104C9000064605E0FDF732FF801B022800F2DB80AC
:104CA0002B689F04F6D52368590700F19B80636A3F
:104CB000CBB1514D2A6902F03802182A6DD0022B6F
:104CC0002B6823F080732B6000F03981FDF716FF0D
:104CD000044605E0FDF712FF001B022800F2BB802E
:104CE0002B689B01F6D40020F8BD434A1369926AF1
:104CF00013F0380329D1404BE2681B68590701D5EE
:104D0000002A4AD03C4D2B6823F0190313432B6033
:104D1000FDF7F4FE064605E0FDF7F0FE801B0228D5
:104D200000F299802B685B07F6D5FDF7FFFE41F294
:104D30000303226998426B6800F2F08023F47C330D
:104D400043EA02336B6023684AE7182B00F0E280E5
:104D5000294DE2682B68002A00F0CB8023F019036C
:104D600013432B60FDF7CAFE064604E0FDF7C6FEBE
:104D7000801B02286FD82B685F07F7D5D5E701F0B5
:104D8000030102297FF403AF1B4A126891037FF5E8
:104D900024AF6268002A7FF420AF0120F8BD02F042
:104DA0000302012A7FF429AF134B1B68DA0502D5F1
:104DB000E369802BF1D1FDF7B9FE41F203030E4AFE
:104DC0009842216A00F2B380536823F0F84343EA23
:104DD00081635360236835E7074A136843F48033DF
:104DE0001360E9E6054D2B6843F480732B60FDF7F3
:104DF00085FE064609E000BF0044025800480258FC
:104E0000FDF77CFE801B642825D82B68DA05F7D5D2
:104E1000A368012B00F02281002B00F0FD80052B00
:104E2000954B1A6F00F0208122F001021A671A6F69
:104E300022F004021A67FDF761FE8F4E41F28837B7
:104E4000054604E0FDF75AFE401BB84203D8336F15
:104E50009B07F7D52BE70320F8BD874D41F2883734
:104E60002B6823F480332B602B6823F480232B6082
:104E7000FDF744FE064604E0FDF740FE801BB84205
:104E8000E9D82B689B03F7D4A6E66B6F23F00103E8
:104E90006B67FDF733FE064604E0FDF72FFE801B2F
:104EA0000228D8D86B6F9907F7D4E3E62B6823F470
:104EB00080532B60FDF722FE064604E0FDF71EFE40
:104EC000801B0228C7D82B689804F7D4EBE62B6820
:104ED00023F080032B60FDF711FE064604E0FDF78A
:104EE0000DFE801B0228B6D82B68DF05F7D4236897
:104EF000A8E623F001032B60FDF700FE064604E060
:104F0000FDF7FCFD801B0228A5D82B685807F7D4B5
:104F1000236865E690077FF41BAFECE623F0FE43C1
:104F200043EA02636B6023685AE601207047D36846
:104F300023F07C5343EA0163D360236882E6FDF7E4
:104F4000DDFD064604E0FDF7D9FD801B022882D86E
:104F50002B689901F7D4A96A484BA26A0B404849CB
:104F6000454E1343E26A43EA0213AB62D4E90D32C1
:104F7000013B013A5B0212049BB202F4FE021343AE
:104F8000226B013AC2F308021343E26B013A1206A4
:104F900002F0FE4213432B63EB6A23F00103EB6242
:104FA0006A6BA36C114041EAC3016963EB6A226C2E
:104FB00023F00C031343EB62EB6A626C23F00203F1
:104FC0001343EB62EB6A43F48033EB62EB6A43F426
:104FD0000033EB62EB6A43F48023EB62EB6A43F04D
:104FE0000103EB622B6843F080732B60FDF786FDB5
:104FF000044605E0FDF782FD001B02283FF62BAFBB
:1050000033689A01F6D56EE642F480221A601A6877
:1050100042F480321A60CFE5174D41F288372B6F8A
:1050200023F001032B672B6F23F004032B67FDF79D
:1050300065FD064605E0FDF761FD801BB8423FF6C1
:105040000AAF2B6F9807F6D431E6EB68226A23F09B
:105050007C5343EA0263EB602368F3E5064A136F6F
:1050600043F001031367E6E642F004021A671A6F81
:1050700042F001021A67DEE6004402580CFCFFFF12
:105080000700FFFF474A136903F03803102B04D0D1
:10509000182B0DD01BB14448704744487047136823
:1050A00099064AD513684248C3F3C103D8407047F4
:1050B000936A30B4946AD56A14F47C7F516BC4F35C
:1050C000051038D0C1F3CC0105F0010503F003034E
:1050D00005FB01F1012B07EE901AB8EEE77A02D03A
:1050E000022B2CD093B307EE900A9FED325AF8EEC4
:1050F000E77A136BC5EE276ADFED2F5AC3F3080377
:1051000007EE903AB7EE006AF8EEE77AE7EE257A16
:1051100077EE867A66EEA76A224B1B6BC3F34623B3
:10512000013307EE903AB8EEE77AC6EE877AFCEEE6
:10513000E77A17EE900A30BC70471D48704707EEBB
:10514000900A9FED1E5AF8EEE77AD2E713689B06A5
:1051500020D5146807EE900A1549F7EE005A136B34
:10516000C4F3C104F8EEE77A9FED135AC3F30803C2
:10517000E14006EE903A06EE101AF8EEE66AB8EE56
:10518000C66AE7EE056A86EE277A76EEA56A66EECF
:10519000876AC1E707EE900A9FED095AF8EEE77AB1
:1051A000A7E700BF0044025800093D000024F400B6
:1051B0000090D0030024744A000000390024744B8E
:1051C0000024744C002800F00281874A136803F021
:1051D0000F038B422DE9F04104460D460CD21368B3
:1051E00023F00F030B431360136803F00F038B428C
:1051F00002D00120BDE8F08123685F070BD57B4911
:1052000020698A6902F07002904204D98A6922F00A
:10521000700202438A611E070BD574496069CA692E
:1052200002F07002904204D9CA6922F0700202436F
:10523000CA61D8060BD56D49A069CA6902F4E0625B
:10524000904204D9CA6922F4E0620243CA61990615
:105250000BD56649E0690A6A02F07002904204D9EF
:105260000A6A22F0700202430A629A0740F1A180A2
:105270005E48E168826902F00F02914204D98269B6
:1052800022F00F020A438261D80730D5574AA1683D
:10529000936923F470630B43936161681368022977
:1052A00000F09780032900F08E80012900F097809C
:1052B00058079ED54D4E41F28838336923F00703D5
:1052C0000B433361FDF71AFC074605E0FDF716FCBA
:1052D000C01B404500F281803369626803F03803E7
:1052E000B3EBC20FF2D12368990706D5E1683F48B6
:1052F000826902F00F028A425FD83B490A6802F0D5
:105300000F02AA420AD90A6822F00F022A430A6051
:105310000A6802F00F02AA427FF46BAF5A070BD55E
:10532000324920698A6902F07002904204D28A6987
:1053300022F0700202438A611F070BD52B49606976
:10534000CA6902F07002904204D2CA6922F0700267
:105350000243CA61DE060BD52449A069CA6902F47A
:10536000E062904204D2CA6922F4E0620243CA6158
:105370009D060BD51D4AE169136A03F0700399423B
:1053800004D2136A23F070030B431362FFF77AFE13
:10539000164A0346164892691649C2F30322825CF4
:1053A0000E2002F01F02D340BDE8F0410B60FDF774
:1053B00043BBDA073FF56AAF9FE7826922F00F022D
:1053C0001143816199E79F013FF574AF11E7012017
:1053D00070479B033FF56EAF0BE703200AE7DE053E
:1053E0003FF568AF05E700BF0020005200440258B7
:1053F000084001084402002408B501F095F9064B65
:1054000006499B69064A03F00F03CB5C03F01F03B8
:10541000D840106008BD00BF004402580840010891
:105420004802002410B501F07FF90949094A8B6947
:10543000094C03F00F03D35C03F01F03D840206036
:10544000CB69C3F30213D35C03F01F03D84010BD34
:1054500000440258084001084802002410B501F039
:1054600063F90949094A8B69094C03F00F03D35CBE
:1054700003F01F03D8402060CB69C3F30223D35C41
:1054800003F01F03D84010BD004402580840010833
:1054900048020024F8B53A4CA36A03F00303032B37
:1054A00067D0236806460F4623F080632360FDF72C
:1054B00025FB054604E0FDF721FB431B022B56D8D4
:1054C00023681A01F7D4A36A326823F47C3343EAD1
:1054D0000233A362D6E90232013B013A5B021204B5
:1054E0009BB202F4FE0213437268013AC2F308024F
:1054F00013433269013A120602F0FE421343A363DA
:10550000E36A726923F0C0031343E362E26AB3699A
:1055100022F020021A431B4BE262E26A22F01002E0
:10552000E262E16BF2690B4043EAC203E363E36AC0
:1055300043F01003E362E36AEFB1012F0CBF43F4C1
:10554000801343F40013E3620D4C236843F080633F
:105550002360FDF7D3FA054604E0FDF7CFFA401BC0
:10556000022804D823681B01F7D50020F8BD0320CA
:10557000F8BD0120F8BD43F40023E362E4E700BF77
:10558000004402580700FFFFF8B53A4CA36A03F045
:105590000303032B67D0236806460F4623F080538E
:1055A0002360FDF7ABFA054604E0FDF7A7FA431BBD
:1055B000022B56D823689A00F7D4A36A326823F0E6
:1055C0007C7343EA0253A362D6E90232013B013AFB
:1055D0005B0212049BB202F4FE0213437268013AAA
:1055E000C2F3080213433269013A120602F0FE4286
:1055F00013432364E36A726923F440631343E36251
:10560000E26AB36922F400721A431B4BE262E26A57
:1056100022F48072E262616CF2690B4043EAC203D9
:105620006364E36A43F48073E362E36AEFB1012FDA
:105630000CBF43F4000343F08073E3620D4C236816
:1056400043F080532360FDF759FA054604E0FDF767
:1056500055FA401B022804D823689B00F7D5002088
:10566000F8BD0320F8BD0120F8BD43F48003E362D8
:10567000E4E700BF004402580700FFFF2DE9F843AC
:105680000368044613F0006622D0426EB2F5001F94
:1056900000F0CE8411D8002A00F0F884B2F5801F03
:1056A00040F0F18402210430FFF7F4FE0646002E9C
:1056B00040F08684626E236803E0B2F5401F40F03C
:1056C000E284A8480026016D21F440110A430265D6
:1056D000DD050AD5626D042A06D8DFE812F0A204BF
:1056E00093049A04DF02DF020126354698051BD594
:1056F000A26D802A00F05B8400F2EC80002A00F0AA
:105700008B83402A40F0ED800021201DFFF7C2FE70
:1057100023680546002D40F067839249A06D0A6D0D
:1057200022F4E07202430A6559051FD5D4F8A4207B
:10573000B2F5800F00F0478400F2D680002A00F016
:105740007183B2F5001F40F0D7800021201DFFF7C4
:10575000A1FE23680546002D40F044838149D4F81A
:10576000A4008A6D22F4600202438A651A051FD5DF
:10577000D4F8A820B2F1007F00F02E8400F2BF80A0
:10578000002A00F05583B2F1807F40F0C0800021F4
:10579000201DFFF77FFE23680546002D40F02A8379
:1057A0007049D4F8A8008A6D22F0E06202438A654D
:1057B0009F0118D5A26C202A00F0DA8300F2AA809B
:1057C0003AB1102A40F0A9806649CA6A42F4003210
:1057D000CA62002D40F059836249A06CCA6C22F065
:1057E00030020243CA64D8041DD5E26DB2F5005FF1
:1057F00000F0FB8300F29480002A00F01F83B2F5D2
:10580000805F40F095800021201DFFF743FE236854
:105810000546002D40F0EC825249E06D0A6D22F4FD
:10582000E04202430A6599041AD5226EB2F5003FA0
:1058300000F074837FD84AB1B2F5803F40F0838096
:105840000121201DFFF726FE23680546002D40F0AC
:105850001E834449206E0A6D22F4E02202430A6549
:105860005A041BD5D4F8AC20B2F1005F00F060837D
:105870006CD842B1B2F1805F70D10121201DFFF7D9
:1058800009FE23680546002D40F003833549D4F80E
:10589000AC008A6D22F0E04202438A651F040DD5F8
:1058A000E26EB2F1805F00F03183B2F1005F00F090
:1058B0000182002A00F0048201263546D8015DD518
:1058C000626C032A00F20A84DFE812F05400170326
:1058D0004E005400C02A3FF41DAFB2F5807F3FF464
:1058E00019AF012635461FE7B2F5C00F3FF433AFBD
:1058F000B2F5000F3FF42FAF0126354636E7B2F17F
:10590000407F3FF44AAFB2F1806F3FF446AF0126CB
:1059100035464DE7302A3FF45CAF0126354662E755
:10592000B2F5405F3FF475AFB2F5804F3FF471AF11
:105930000126354677E722F48031B1F5802F85D0F6
:10594000B2F5403F82D00126354689E722F08051EA
:10595000B1F1804F97D0B2F1405F94D00126354627
:105960009CE700BF004402580221201DFFF792FD72
:1059700023680546002D00F06B822E46590200F187
:10598000F081DF072FD5A26F282A2AD8DFE812F08E
:10599000D301290029002900290029002900290014
:1059A0006D03290029002900290029002900290068
:1059B000CC012900290029002900290029002900FB
:1059C000D3012900290029002900290029002900E4
:1059D000D3012900290029002900290029002900D4
:1059E000D30101263546980716D5626F052A00F2C5
:1059F0007883DFE812F00D00300306000D000D0083
:105A00000D00012104F12400FFF7BEFD23680546C7
:105A1000002D00F025822E46590717D5D4F8902086
:105A2000052A00F26183DFE812F00D000C03060086
:105A30000D000D000D00012104F12400FFF7A4FD6D
:105A400023680546002D00F013822E469A061DD5C8
:105A5000D4F88C20B2F1005F00F0458200F2DC80C7
:105A60004AB1B2F1805F40F0E1800021201DFFF7D4
:105A700011FD23680546002D40F00582A949D4F8A0
:105A80008C004A6D22F0E04202434A655F061DD554
:105A9000D4F89820B2F5006F00F0548200F2C9806B
:105AA0004AB1B2F5806F40F0CE800021201DFFF793
:105AB000F1FC23680546002D40F0C8819949D4F8CF
:105AC00098008A6D22F4E05202438A6518061DD5BB
:105AD000D4F89C20B2F5804F00F03F8200F2B680EF
:105AE0004AB1B2F5005F40F0BB800021201DFFF7F6
:105AF000D1FC23680546002D40F0A6818949D4F8E1
:105B00009C008A6D22F4604202438A6519070BD516
:105B1000D4F88010B1F5805F00F03E828148426D7C
:105B200022F440520A434265DA060BD5D4F89410A9
:105B3000B1F5807F00F025827A48826D22F44072B0
:105B40000A4382651F030ED5D4F8A010B1F5803F3B
:105B500000F0D480B1F5003F00F0D780002900F0BC
:105B6000BA810126354658030FD5D4F88420B2F502
:105B7000001F00F0B080B2F5401F00F0B380B2F516
:105B8000801F00F0A08101263546D90309D5E26CBB
:105B9000002A00F08681B2F5803F00F02D810126B9
:105BA00035469A0000F1D2809F035CD4301E18BFA6
:105BB0000120DE0206D55B49256F0A6D22F0004206
:105BC0002A430A65DD0007D55649D4F8B4500A695E
:105BD00022F480422A430A61990206D55149A56EF2
:105BE0000A6D22F080722A430A655A0009D54D4A8F
:105BF000116921F4004111611169D4F8B8502943A9
:105C00001161002B06DA474A216DD36C23F0405313
:105C10000B43D364BDE8F88322F08051B1F1804F8B
:105C20003FF429AFB2F1405F3FF425AF012635467E
:105C30002CE722F48061B1F5805F3FF43CAFB2F510
:105C4000406F3FF438AF012635463FE722F400515C
:105C5000B1F5004F3FF44FAFB2F5C04F3FF44BAF3B
:105C60000126354652E7E26FB2F5807F00F02281CF
:105C700006D922F48071B1F5007F03D0012098E7A6
:105C8000002AFBD1002DF9D1264D301E696D18BFB9
:105C9000012021F440710A436A658AE73546002DE8
:105CA00040F0A4801F49606D0A6D22F00702024394
:105CB0000A651BE50121201DFFF7ECFB2368054663
:105CC000002D40F0DE801749E06E0A6D22F0405250
:105CD00002430A65F2E5012104F12400FFF754FCB8
:105CE00023680546002D40F0DA800E49D4F8840080
:105CF0004A6D22F4401202434A6546E7022104F14C
:105D00002400FFF741FC23680546002D40F0C580C4
:105D10000449D4F8A0008A6D22F4403202438A6517
:105D200021E700BF00440258012104F12400FFF7DD
:105D30002BFC23680546002D40F0AD80AF49A06FD5
:105D40004A6D22F0380202434A654CE6022104F112
:105D50002400FFF719FC236800283FF425AF012633
:105D600022E7A74F3B6843F480733B60FCF7C6FE15
:105D7000804606E0FCF7C2FEA0EB0800642800F2B3
:105D80007E813B68DA05F5D5002D40F0A4819B4A61
:105D9000D4F8B030116F594011F4407F0BD0116F1F
:105DA000106F21F4407140F480301067106F20F4C0
:105DB000803010671167B3F5807F00F06E8103F4C7
:105DC0004072B2F5407F00F07C818C490A6922F470
:105DD0007C520A61894AC3F30B03116F0B431367AB
:105DE0002368CEE52E46C1E42E469DE42E467DE492
:105DF0002E4618E52E46DBE40221201DFFF74AFB64
:105E000005462368002D53D17C49E06CCA6C22F40E
:105E100080320243CA64C4E67849CA6A42F4003256
:105E2000CA6277E47549CA6A42F40032CA6292E4EF
:105E30007249CA6A42F40032CA62AEE46F49CA6A61
:105E400042F40032CA62E4E42E465FE62E463DE6A6
:105E50006A49606CCA6C22F003020243CA648DE591
:105E60006649606F4A6D22F0070202434A65D3E536
:105E70006249D4F890008A6D22F0070202438A65D5
:105E8000E4E52E461AE52E4600E62E46ABE42E4605
:105E9000E6E42E4602E52E46A5E52E4663E62E46AE
:105EA00073E65649CA6A42F40032CA62002DABD08A
:105EB0002E4676E65148C16A41F40031C162002D98
:105EC0007FF4DCAEE0E64D49CA6A42F40032CA62B1
:105ED000002DE4D109E7201DFFF7DCFA0546236811
:105EE000002DDAD114E7022104F12400FFF74CFB66
:105EF00005462368002DC6D1C0E54049CA6A42F470
:105F00000032CA62002D7FF438ADA1E73B49CA6A6E
:105F100042F40032CA62002DB3D1D4E6012104F16B
:105F20002400FFF731FB05462368002DAFD190E434
:105F3000012104F12400FFF727FB05462368002D0B
:105F4000A7D1A3E4022104F12400FFF71DFB0546BD
:105F50002368002D7FF47AAFB0E5022104F124001C
:105F6000FFF712FB05462368002D7FF46DAFC5E5F2
:105F70000221201DFFF78EFA05462368002D84D1EB
:105F80002AE4022104F12400FFF7FEFA2368002826
:105F90003FF4D8AD0126D5E5022104F12400FFF736
:105FA000F3FA236800283FF4BFAD0126BCE50021C9
:105FB00004F12400FFF7E8FA23680546FFF7AABBBF
:105FC0002368FFF785BB002104F12400FFF7DCFA0A
:105FD00023680546FFF7BFBB002104F12400FFF74B
:105FE000D3FA23680546FFF7D8BB002104F124004B
:105FF000FFF7CAFA236805460BE400BF00440258C5
:10600000004802580021201DFFF744FA2368054686
:1060100045E6002104F12400FFF7B6FA236805469F
:106020003DE633493546CA6A42F40032CA6236E672
:1060300002212430FFF7A8FA0646002E3FF43AABBF
:10604000BEE70121201DFFF725FA05462368002D34
:106050007FF4FBAC0CE70121201DFFF71BFA05467E
:106060002368002D7FF4D7ACFAE60121201DFFF74D
:1060700011FA05462368002D7FF40DAF5EE6032676
:10608000236835467DE40126FFF722BB1848C16A24
:1060900041F40031C162FFF714BBFCF72FFDDFF8BC
:1060A0005080074641F2883904E0FCF727FDC01B09
:1060B0004845E4D8D8F870309B07F6D5D4F8B0300E
:1060C0007DE60B480B4A016902EA131221F47C5168
:1060D0000A4302617EE623682E4652E401263546D5
:1060E0004CE40126354697E401263546AEE400BF70
:1060F00000440258CFFFFF0008B5FFF77DF9054BBC
:10610000054A1B6AC3F30213D35C03F01F03D84094
:1061100008BD00BF0044025808400108584B70B445
:10612000996A9D6ADE6A15F47C3FC5F30532DC6B23
:106130005CD0C4F3CC0406F0100601F0030106FBAA
:1061400004F4012907EE904AB8EEE77A03D0022959
:1061500075D000294FD007EE902ADFED4A6AF8EE9D
:10616000E77A9B6B86EEA76A9FED475AC3F3080355
:1061700006EE903AF7EE005AF8EEE66AE7EE056AA8
:1061800076EEA56A66EE266A3D4AB7EE006A936B24
:10619000C3F3462307EE103AB8EEC77A70BC37EE69
:1061A000067AC6EE877AFCEEE77AC0ED007A936B4A
:1061B000C3F3064307EE103AB8EEC77A37EE067A15
:1061C000C6EE877AFCEEE77AC0ED017A936BC3F3F3
:1061D000066307EE903AF8EEE77A77EE867A86EE77
:1061E000A77ABCEEC77A80ED027A704770BCC0E92E
:1061F0000022826070471968890627D51C6807EE5F
:10620000902A2249F7EE005A9B6BC4F3C102F8EEC4
:10621000E77A9FED1D5AC3F30803D14006EE903A8A
:1062200006EE101AF8EEE66AB8EEC66AE7EE056A00
:1062300086EE277A76EEA56A66EE876AA4E707EE11
:10624000902ADFED136AF8EEE77A8AE707EE902AE4
:106250009FED105A9B6BB7EE006AF8EEE77ADFED20
:106260000A5AC3F30803C5EE276A07EE903AF8EE20
:10627000E77AE7EE257A77EE867A66EEA76A83E715
:10628000004402580024744A000000390090D003F2
:106290000024744B0024744C584B70B4996A9D6A66
:1062A000DE6A15F07C7FC5F305525C6C5CD0C4F3EC
:1062B000CC0406F4807601F0030106FB04F4012906
:1062C00007EE904AB8EEE77A03D0022975D000298C
:1062D0004FD007EE902ADFED4A6AF8EEE77A1B6CA2
:1062E00086EEA76A9FED475AC3F3080306EE903A7D
:1062F000F7EE005AF8EEE66AE7EE056A76EEA56A72
:1063000066EE266A3D4AB7EE006A136CC3F3462375
:1063100007EE103AB8EEC77A70BC37EE067AC6EED2
:10632000877AFCEEE77AC0ED007A136CC3F306437C
:1063300007EE103AB8EEC77A37EE067AC6EE877ADD
:10634000FCEEE77AC0ED017A136CC3F3066307EE47
:10635000903AF8EEE77A77EE867A86EEA77ABCEE88
:10636000C77A80ED027A704770BCC0E90022826073
:1063700070471968890627D51C6807EE902A2249BC
:10638000F7EE005A1B6CC4F3C102F8EEE77A9FEDFA
:106390001D5AC3F30803D14006EE903A06EE101AD8
:1063A000F8EEE66AB8EEC66AE7EE056A86EE277A88
:1063B00076EEA56A66EE876AA4E707EE902ADFED1F
:1063C000136AF8EEE77A8AE707EE902A9FED105AF3
:1063D0001B6CB7EE006AF8EEE77ADFED0A5AC3F3FA
:1063E0000803C5EE276A07EE903AF8EEE77AE7EE83
:1063F000257A77EE867A66EEA76A83E7004402582C
:106400000024744A000000390090D0030024744B2B
:106410000024744C584B70B4996A9D6ADE6A15F476
:106420007C7FC5F305125C6B5CD0C4F3CC0406F032
:10643000010601F0030106FB04F4012907EE904A6E
:10644000B8EEE77A03D0022975D000294FD007EEC5
:10645000902ADFED4A6AF8EEE77A1B6B86EEA76AB0
:106460009FED475AC3F3080306EE903AF7EE005A41
:10647000F8EEE66AE7EE056A76EEA56A66EE266A4B
:106480003D4AB7EE006A136BC3F3462307EE103A9A
:10649000B8EEC77A70BC37EE067AC6EE877AFCEEA5
:1064A000E77AC0ED007A136BC3F3064307EE103AA8
:1064B000B8EEC77A37EE067AC6EE877AFCEEE77A50
:1064C000C0ED017A136BC3F3066307EE903AF8EE62
:1064D000E77A77EE867A86EEA77ABCEEC77A80ED09
:1064E000027A704770BCC0E9002282607047196868
:1064F000890627D51C6807EE902A2249F7EE005A34
:106500001B6BC4F3C102F8EEE77A9FED1D5AC3F38B
:106510000803D14006EE903A06EE101AF8EEE66A4D
:10652000B8EEC66AE7EE056A86EE277A76EEA56AC9
:1065300066EE876AA4E707EE902ADFED136AF8EEAD
:10654000E77A8AE707EE902A9FED105A1B6BB7EEA9
:10655000006AF8EEE77ADFED0A5AC3F30803C5EEE6
:10656000276A07EE903AF8EEE77AE7EE257A77EEBB
:10657000867A66EEA76A83E7004402580024744ACC
:10658000000000390090D0030024744B0024744CA8
:10659000B0F5807F00B585B048D0B0F5007F11D050
:1065A000B0F5806F00F08280B0F5006F52D0B0F58A
:1065B000805F2CD0B0F5002F00F09680002005B051
:1065C0005DF804FB534A136D03F4E073802B59D03C
:1065D00012D9C02B26D0B3F5807FEFD1D36C13F046
:1065E00040535BD0B3F1805F00F08D80B3F1005F6A
:1065F000494818BF0020E2E7002B3CD0402BDDD1FA
:1066000001A8FFF78BFD019805B05DF804FB414A36
:10661000136D03F4E043B3F5005F33D029D9B3F52C
:10662000405F58D13D4805B05DF804FB394B1B6D08
:1066300003F00703042BC1D801A252F823F000BFD6
:106640007766000801660008856600082566000870
:10665000936600082F4A936D03F0E063B3F1007F67
:1066600010D01DD9B3F1407FDCD0B3F1806FB5D02D
:10667000A4E7002B34D101A8FFF7CCFE029805B0A7
:106680005DF804FB01A8FFF707FE019805B05DF86F
:1066900004FB204BDB6C13F04053A3D120488EE762
:1066A000002BE8D0B3F1807FAAD087E7194A936D19
:1066B00003F46003B3F5800FE4D005D8002BDAD0E3
:1066C000B3F5001F9CD079E7B3F5C00FAAD0B3F59E
:1066D000000F83D072E7B3F5804F3FF47FAF6DE7D3
:1066E000B3F5805F8CD069E70A4A936D03F44033B9
:1066F000B3F5803F09D0B3F5003F3FF46FAF002BF7
:106700007FF45CAF7CE7074859E701A8FFF7C4FDB9
:10671000039854E7004402580024F4000080BB00B2
:106720000090D00300093D0008B5FEF7ABFC064B16
:1067300006499B69064AC3F30323CB5C03F01F039E
:10674000D840106008BD00BF00440258084001084E
:1067500044020024084604F011B900BF143001F0CF
:106760006DBA00BF38B500F1140504462DED028B5B
:10677000284601F01FFA284601F018FA2846B0EE24
:10678000408A01F001FAD0ED007AF8EE677A88EEDF
:10679000277ABDEC028B84ED0E7A38BD143001F0FF
:1067A00005BA00BF38B500F1140504462DED028B83
:1067B000284601F0EDF9284601F0F8F92846B0EE38
:1067C000408A01F0E1F9D0ED007AF8EE677A88EEC0
:1067D000277ABDEC028B84ED0E7A38BD253001F0AE
:1067E00079BF00BF10B540F203338EB000244FF6DE
:1067F0000B7240F20341ADF8083009A80123ADF84F
:106800001020ADF824202246ADF80C100094029917
:1068100007940C94CDE90544CDE90A4401F082FDCA
:1068200004A8012322460399009401F07BFD09A8E6
:1068300001F05EFE10B901200EB010BD04A801F0F9
:1068400057FEA0420CBF022020460EB010BD00BF74
:106850002DE9F04103239AB0012700240646CDE933
:1068600014373B4BCDE9104340F20453CDE91647B2
:10687000ADF84830FFF7B6FFB842054625D00228EC
:1068800045D040F60132334B0DF12C081894ADF889
:106890002C200B981997CDF84A3000F0E3F810A996
:1068A00006F13C0002F060FE302003224FF07E53E0
:1068B00041460D930E93CDE90B02F26B06F11400E5
:1068C00001F02AF91AB0BDE8F0811023214A06A987
:1068D00006908DF828300DF12C081F4BCDF84A207A
:1068E00007930294CDE91804CDE9080402A802F048
:1068F00071F80823029A03A94046ADF80C508DF8B0
:106900000E40049505930B9400F0ECF8C7E70020C7
:106910000121104B0DF12C083A460094CDF84A3075
:106920004FF60B730C94ADF82C302346CDE91801CB
:1069300040F601314046ADF818100699CDE90D44F6
:1069400001F0F0FC2146404601F0DEFDA7E700BF64
:1069500004020404040604030704010B2DE9F047B4
:1069600004462DED028B82B000294DD0012140F26A
:10697000011200230091ADF804208DF80630364A4C
:106980000127364B04F10409354904F129086260F6
:1069900040F20272A36040F60663E16004F1250A4A
:1069A000A4F82520A4F82930278284F8277084F8D9
:1069B0002B7004F07FF9054603F0E2FF69460646B6
:1069C00050BB4DB304F130008DF8067004F0FAF8B6
:1069D000072D3CD104F114052046FFF739FF284666
:1069E00001F0E4F82846B0EE408A01F0CDF8D0ED91
:1069F000007AF8EE677A88EE277A84ED0E7A02B094
:106A0000BDEC028BBDE8F08740F2011300918DF8D8
:106A10000610ADF80430B2E704F1300004F0D2F80B
:106A2000072D11D04946204602F01EFA0EB9002D5E
:106A3000D0D1504601F072FD404601F06FFD04F1E7
:106A4000120000F079F9C5E7002EF2D1C2E74946FD
:106A5000204602F009FABDE7050805090507050605
:106A6000050A060610B584B003460124ADF80400FB
:106A700003A8ADF80C30ADF80E4001F04FFD2146F3
:106A800003A801F027FE204603F078FF002103A8A9
:106A900001F020FE204603F071FF214603A801F01B
:106AA00019FE04B010BD00BF10B5C2F3002384B0BE
:106AB0000C46017C8DF80D2043EA4402FA2402239F
:106AC0008DF80C2003AA009402F01AF818B10124E2
:106AD000204604B010BD04460A2003F04FFF2046B4
:106AE00004B010BD034670B543F8042B044684B0CF
:106AF00007C983E80700A37983B91A210B461E2230
:106B0000FA2523742046ADF80C20022303AA009531
:106B100001F0F6FF28B1012004B070BD1B210B4627
:106B2000EDE70A2003F02AFF4FF4B8520095022344
:106B3000ADF80C20204603AA217C01F0E1FF0028DB
:106B4000E9D10A2003F01AFF41F2027200950223F4
:106B5000ADF80C20204603AA217C01F0D1FF0028CB
:106B6000D9D10A2003F00AFF042200950223ADF8D0
:106B70000C20204603AA217C01F0C2FF0028CAD1C4
:106B80000A2003F0FBFE062200950223ADF80C203C
:106B9000204603AA217C01F0B3FF0028BBD10A20C4
:106BA00003F0ECFE41F2082200950223ADF80C2020
:106BB000204603AA217C01F0A3FF0028ABD10A20C4
:106BC000064603F0DBFE0095022303AA217C204643
:106BD000ADF80C6001F094FF00289CD1304603F022
:106BE000CDFE009522790C232046002A8DF80C302A
:106BF00003AA4FF0020314BF622142218DF80D1049
:106C0000217C01F07DFF002885D1304603F0B6FEDF
:106C10002279D4E902310B43DBB20AB943F04003D5
:106C200062790AB143F020030E22FA258DF80D3067
:106C30002046009502238DF80C2003AA217C01F048
:106C40005FFF00287FF467AF0A2003F097FE102251
:106C500000950223ADF80C20204603AA217C01F008
:106C60004FFF00287FF457AF0A2003F087FE122160
:106C700000950223ADF80C1003AA217C204601F0F8
:106C80003FFF00287FF447AF0A2003F077FE012280
:106C900009212046FFF708FF003818BF01203BE715
:106CA000F0B5102387B0234C0122002501260027D0
:106CB00002A920460195CDE902234FF48052CDE987
:106CC000046707F0C9F86420FBF71EFF02A94FF420
:106CD00080522046CDE9046702261027CDE90267DD
:106CE00007F0BAF80322102302A92046CDE90223B7
:106CF00000230422CDE904234FF4805207F0ACF8BE
:106D000040F23223042202A9019310232046CDE948
:106D10000223019A012305924FF48052049307F055
:106D20009BF840F60601204607F0B6F8284607B063
:106D3000F0BD00BF58F600241C4B00221C494FF048
:106D4000400C30B5054689B00220596007219A6091
:106D50001A620124DA620A224FF4006EDC600692A5
:106D60002022CDE9000104200821CDE90201032001
:106D70001021CDE9040108206946C3E904024FF45B
:106D8000C072181DC3E906C24FF48052C3E909E27C
:106D900007F038F838B92846FFF782FF003818BFE7
:106DA000012009B030BD204609B030BD54F60024A2
:106DB00040410052614A0021D0B513688EB00A915B
:106DC000002B40F0B9805E4B01214FF683700C24FC
:106DD00011600221D3F8D4200026032742F4805208
:106DE000C3F8D420D3F8D42002F480520092009A41
:106DF000D3F8E02042F01002C3F8E020D3F8E020FE
:106E000002F010020192019AD3F8E02042F0400211
:106E1000C3F8E020D3F8E02002F040020292029A88
:106E2000D3F8E02042F00802C3F8E020D3F8E020D5
:106E300002F008020392039AD3F8E02042F4807231
:106E4000C3F8E020D3F8E02002F480720492049AA0
:106E5000D3F8E02042F08002C3F8E020D3F8E0202D
:106E600002F080020592059AD3F8E02042F0200259
:106E7000C3F8E020D3F8E02002F020020692069A40
:106E8000D3F8E02042F00402C3F8E020D3F8E03069
:106E90000C9403F0040307930323079A0B93CDE9A3
:106EA000080108A9274804F041F948F237120223E3
:106EB00008A925480C94CDE90823CDE90A6704F018
:106EC00035F94CF20372022308A920480C94CDE94D
:106ED0000823CDE90A6704F029F940F2FF62022392
:106EE00008A91B480C94CDE90823CDE90A6704F0F2
:106EF0001DF94FF60C72022308A916480C94CDE92F
:106F00000823CDE90A6704F011F94FF63F02022386
:106F100008A911480C94CDE90823CDE90A6704F0CB
:106F200005F92022022308A90A480C94CDE90A6732
:106F3000CDE9082304F0FAF80EB0D0BD50F60024D5
:106F4000004402580010025800180258000C025861
:106F500000200258001C0258001402582DE9F04F7E
:106F6000DFF8108406460D46144608F118002DED92
:106F7000028B89B000AF02F0EFFBD8F8183073B382
:106F8000D8F81C30D8F80490002B43690BBF4FF0A1
:106F9000080A4FF0100A4FF0020B4FF0040BB9F142
:106FA000000F2AD0A200EA46012B02F1070222F0CC
:106FB0000702ADEB020D6846ADEB020D694600F02D
:106FC0003F81022B00F0D680002B6FD02246C847AD
:106FD000D5462437BD46BDEC028BBDE8F08FD8F80E
:106FE0001C30002BF5D0D8F804904FF0080A4FF071
:106FF000020B4369B9F1000FD4D1FB61D8F800301E
:10700000BB61002BE5D0D54802F018FC6B46BBF104
:10701000020F786108EE103AFB6900F083816A463E
:107020005146A2EBC40295466200EA46B2FBFBF26F
:10703000AAEBC40085460AEB8200EE46F861ADEB90
:10704000010DF8690EEB820CC7F810C0EC46ADEBF1
:10705000010D00EB8201CCF80400CCF8081001EB24
:1070600082013869E946CCF80C1000EB8201CCF8BB
:1070700000A001EB8202C9E900E0C9E90212012B7C
:1070800000F06483022B00F06C82002B00F0808102
:10709000620849466046BB69984718EE103A2437A3
:1070A0009D46BD46BDEC028BBDE8F08F002C8DD017
:1070B0001A46D8ED0C6A9FEDB27A8446331D36F934
:1070C00022E00CF1080C07EE90EA33F922E00232DC
:1070D000F8EEE77A944267EE877A67EEA67A4CED8F
:1070E000027A07EE90EAF8EEE77A67EE877A67EEC3
:1070F000A67A4CED017AE2D8F9612246C847984E4B
:10710000D8ED0D6A0020F9692B1D9FED9E7A9FED49
:107110009E6ADFED9E5A22E0F4EEC67AF1EE10FA96
:10712000C0F2C88447F6FE72D1ED017A45F82020FE
:1071300066EEA77AF4EEC77AF1EE10FA40F2F0802C
:10714000F4EEC67AF1EE10FAC0F2D58447F6FE727C
:1071500043F820200230083184427FF639AFD1ED68
:10716000007A66EEA77AF4EEC77AF1EE10FAD3D879
:107170003246D9E7002C3FF429AFD8ED0C6A84469B
:107180009FED787A0022331D8E4656F822100CF1BE
:10719000080C07EE901A53F822100232F8EEE77A44
:1071A000944267EE877A67EEA67A4CED027A07EE94
:1071B000901AF8EEE77A67EE877A67EEA67A4CEDDA
:1071C000017AE2D871462246C7F81CE0C847664EED
:1071D000D8ED0D6A0020F9692B1D9FED6A7A9FEDAD
:1071E0006A6ADFF894C120E0F4EEC67AF1EE10FA94
:1071F000C0F279843246D1ED017A45F8202066EE5E
:10720000A77AF4EEC77AF1EE10FA40F28780F4EE36
:10721000C67AF1EE10FAC0F25E84324643F82020BE
:107220000230083184427FF6D3AED1ED007A66EEAB
:10723000A77AF4EEC77AF1EE10FAD5D86246DAE70B
:10724000002C3FF4C3AED8ED0C6A86469FED477A1A
:107250004FF0000C331D56F82C200EF1080E82F46E
:107260000002A2F5000207EE902A53F82C200CF140
:10727000020CF8EEE77A82F400026445A2F50002FF
:1072800067EE877A67EEA67A4EED027A07EE902ACD
:10729000F8EEE77A67EE877A67EEA67A4EED017A26
:1072A000D9D8F9612246C847314ED8ED0D6A002081
:1072B000F9692B1D9FED337A9FED336ADFF8BCC06F
:1072C0001FE0F4EEC67AF1EE10FAC0F2FC8332460B
:1072D000D1ED017A45F8202066EEA77AF4EEC77A60
:1072E000F1EE10FA18D9F4EEC67AF1EE10FAC0F207
:1072F000DA83324643F820200230083184427FF698
:1073000067AED1ED007A66EEA77AF4EEC77AF1EEB9
:1073100010FAD6D86246DBE76246EBE762467DE7C5
:10732000324615E7A100D6466208073121F0070171
:10733000ADEB010DEA46ADEB010D6946ADEB0E0D6F
:107340000AEB8200EC46ADEB0E0D01EB8202F86118
:10735000E946CCE900A0C9E9001290E6A8F60024AD
:107360000280FFFF000000300082FF7F0000003439
:1073700082FF7F008CF60024007E00807E0080FF6C
:107380000000003804FF7FBF04FF7F3F00FEFF4680
:10739000002C00F0C982BBF1020FD8F8242000F0C5
:1073A000FA827969C7F8049002EB810E5FED0C5AFE
:1073B0008A00DCF808100EF104007A611A46DCF845
:1073C0000C303B61331DD7F810903D61FD69C7E972
:1073D00002CB8C46834636F92210D8ED0C7A06EEA5
:1073E000101A33F9221006EE901A3EF92210B8EE68
:1073F000C66A07EE101AF8EEE66A3BF92210B8EEFC
:10740000C77A26EE256A66EEA56A27EE257A26EE6D
:10741000276A66EEA76A27EE277A07EE901A5108C8
:107420000232F8EEE77A0AEB8100944280ED006ABE
:1074300005EB810067EEA57AC0ED006A0CEB8100D8
:1074400009EB810180ED007A98ED0C7A67EE877A7E
:10745000C1ED007ABFD8D7F804903D69D7E902CBD7
:1074600060466208BB6949469847D8F82C307A696B
:10747000D8ED0D6A1A441FED3D7A1FED3D6A2B1DB4
:10748000904602F1040A5FED3F5A0022A84ED9E966
:1074900000EC51E0F4EEC67AF1EE10FAC0F2C782C9
:1074A00047F6FE7045F822000CEB0100D0ED007AA3
:1074B00066EEA77AF4EEC77AF1EE10FA4BD9F4EE45
:1074C000C67AF1EE10FAC0F2BA8247F6FE70BBF14E
:1074D000020F43F822002BD0D9F808000844D0ED61
:1074E000007A66EEA77AF4EEC77AF1EE10FA36D992
:1074F000F4EEC67AF1EE10FAC0F2CD8247F6FE70D5
:1075000048F82200D9F80C000144D1ED007A66EE6B
:10751000A77AF4EEC77AF1EE10FA1ED9F4EEC67A25
:10752000F1EE10FAC0F2AF8247F6FE714AF822106F
:10753000023294427FF6B1AD51080EEB8100890012
:10754000D0ED007A66EEA77AF4EEC77AF1EE10FA83
:10755000A0D83046A6E73046B9E73146E6E73046E0
:10756000CEE7002C00F0E081BBF1020FD8F8243008
:1075700000F0E1817A69DCF8081003EB820EC7F8AD
:1075800004909300DFED6B5A0EF1040000227B6142
:10759000DCF80C303B61331DD7F810903D61FD697C
:1075A000C7E902CB8C46834656F82210D8ED0C7AF8
:1075B00007EE101A53F82210B8EEC76A07EE101A39
:1075C0005EF82210F8EEC76A07EE101A26EE256A5A
:1075D0005BF82210B8EEC77A66EEA56A26EE276A37
:1075E00027EE257A66EEA76A27EE277A07EE901A2D
:1075F00051080232F8EEE77A0AEB8100944280EDFE
:10760000006A05EB810067EEA57AC0ED006A0CEB1D
:10761000810009EB810180ED007A98ED0C7A67EE2C
:10762000877AC1ED007ABFD8D7F804903D69D7E9D1
:1076300002CB60466208BB6949469847D8F82C30AF
:107640007A69D8ED0D6A1A449FED3E7A9FED3E6A45
:10765000131D9246DFF8E4C00022FB612B1D364E5D
:10766000D9E9008E4EE0F4EEC67AF1EE10FAC0F2DF
:10767000FC81304645F822000EEB0100D0ED007A87
:1076800066EEA77AF4EEC77AF1EE10FA49D9F4EE75
:10769000C67AF1EE10FAC0F2EF813046BBF1020F6C
:1076A00043F822002AD0D9F808000844D0ED007A27
:1076B00066EEA77AF4EEC77AF1EE10FA35D9F4EE59
:1076C000C67AF1EE10FAC0F2C98130464AF82200BB
:1076D000D9F80C000144D1ED007A66EEA77AF4EEF9
:1076E000C77AF1EE10FA1ED9F4EEC67AF1EE10FA6E
:1076F000C0F2AD813146F86940F82210023294425E
:107700007FF6CBAC510808EB81008900D0ED007A00
:1077100066EEA77AF4EEC77AF1EE10FAA3D86046C7
:10772000A8E76046BAE76146E5E76046CEE700BFF6
:107730000280FFFF000000300082FF7F007E00809B
:107740000000003404FF7FBF04FF7F3F002C00F0E7
:10775000EB807A690021D8F82430C7F8109003EB49
:10776000820ED7F81C909300FD610EF104021FED0C
:107770000C6A7B61331D154656F821204808D8ED68
:107780000C6ABBF1020F82F40002A2F5000207EEC0
:10779000902A53F8212082F40002B8EEE77AA2F58D
:1077A000000227EE067A07EE902A0AEB8002F8EE36
:1077B000E77A27EE267A67EE867A82ED007A09EB81
:1077C00080024FEA800067EEA67AC2ED007A27D0E9
:1077D0005EF8212082F40002A2F5000207EE902A52
:1077E00055F8212082F40002B8EEE77AA2F50002F3
:1077F00027EE067A07EE902ADCF80820F8EEE77A02
:10780000024427EE267A67EE867A82ED007A98EDBA
:107810000C7ADCF80C2067EE877A0244C2ED007A1D
:1078200002318C42A8D8D7F8109060466208BB6934
:107830004946FD699847D8F82C307A69D8ED0D6A29
:107840001A441FED407A1FED406A131D9246DFF87F
:10785000C4C20022FB612B1DAB4ED9E9008E4EE065
:10786000F4EEC67AF1EE10FAC0F2C580304645F863
:1078700022000EEB0100D0ED007A66EEA77AF4EE5E
:10788000C77AF1EE10FA49D9F4EEC67AF1EE10FAA1
:10789000C0F2BF803046BBF1020F43F822002AD06D
:1078A000D9F808000844D0ED007A66EEA77AF4EE25
:1078B000C77AF1EE10FA35D9F4EEC67AF1EE10FA85
:1078C000C0F2AE8030464AF82200D9F80C000144DC
:1078D000D1ED007A66EEA77AF4EEC77AF1EE10FAEF
:1078E0001ED9F4EEC67AF1EE10FAC0F28B80314662
:1078F000F86940F82210023294427FF6CEAB51086C
:1079000008EB81008900D0ED007A66EEA77AF4EEEC
:10791000C77AF1EE10FAA3D86046A8E76046BAE746
:107920006146E5E76046CEE7224649466046BB69C8
:107930009847FFF7B2BBC7F810B0002298ED0C6A69
:10794000331DDFED726AD7F81CB0786956F8221043
:1079500007EE901A53F82210B8EEE77A07EE901A65
:1079600051080232F8EEE77A27EE267A0AEB810E0A
:1079700094420BEB810167EEA67A27EE067A67EE5A
:10798000867A8EED007AC1ED007ADFD88300D7F8D1
:1079900010B07B614DE61A46C7F810B098ED0C6A3E
:1079A000331DDFED5B6AD7F81CB0786936F9221019
:1079B00007EE101A33F9221007EE901AB8EEC77AC4
:1079C00051080232F8EEE77A27EE267A0AEB810EAA
:1079D00094420BEB810167EEA67A27EE067A67EEFA
:1079E000867A8EED007AC1ED007ADFD88300D7F871
:1079F00010B07B6134E5F0EE675AFEEEE45A15EE06
:107A0000900A34E7F0EE675AFEEEE45A15EE901A4B
:107A10006EE7F0EE675AFEEEE45A15EE900A3AE78A
:107A2000F0EE675AFEEEE45A15EE900A4BE767EE69
:107A3000A57AFDEEE77A17EE900A00B232E567EE1E
:107A4000A57AFDEEE77A17EE900A00B23FE5F0EE78
:107A5000675AFEEEE05A15EE901A4CE6F0EE675AC1
:107A6000FEEEE05A15EE900A30E6F0EE675AFEEEB2
:107A7000E05A15EE900AFDE5F0EE675AFEEEE05A88
:107A800015EE900A0AE667EEA57AFDEEE77A17EEA4
:107A9000901A09B24AE567EEA57AFDEEE77A17EE8D
:107AA000900A00B22CE5F0EE675AFEEEE45A15EEAD
:107AB000902A1FE467EEA57AFDEEE77A17EE902A8A
:107AC00012B2FFF731BBF0EE675AFEEEE45A15EE44
:107AD000902AFFF7FDBBF0EE675AFEEEE05A15EE76
:107AE000902AFFF79BBBF0EE675AFEEEE05A15EEC8
:107AF000902AFFF780BB67EEA57AFDEEE77A17EED6
:107B0000902A12B2FFF724BB82FF7F0000000030F2
:107B1000000000387E0080FF30B5184C154685B057
:107B2000046004F1080EEC460FC98EE80F00D4ED96
:107B3000047AF5EEC07A8CE80F00F1EE10FA1ADD47
:107B4000B7EE006A94ED057A27EE277AC6EE276A2B
:107B500084ED0D7AC4ED0C6A6DB1204640F8185FD3
:107B600001F0FAFD064903690020064A2162A2627B
:107B7000E36005B030BD012005B030BD8CF60024B7
:107B8000002000300000003000680830704700BF5F
:107B9000B1F5807F03680A4628BF4FF48072B1F5C3
:107BA000807F9A6094BF00200120704700681830E1
:107BB00001F032BE70B504688AB0A369E160CBB150
:107BC00004F11805284601F0C7FD8446EE46E66834
:107BD000BCE80F00AEE80F00BCE80F00AEE80F00F5
:107BE0009CE803008EE8030069462846049601F0ED
:107BF000BBFCF8B9E069D8B104F11C05284601F0D6
:107C0000ABFD8446EE46E468BCE80F00AEE80F002A
:107C1000BCE80F00AEE80F009CE803008EE803000C
:107C200069462846049401F09FFC003818BF0120E3
:107C30000AB070BD01200AB070BD00BF30B5046845
:107C400083B00D46E3694BB1A3680020E26A616A24
:107C50009B00009004F11C0001F080FDA368074820
:107C6000A26A9B00216A009004F1180001F076FDE1
:107C70000020C4E9005003B030BD00BF5D6F0008B4
:107C800010B4074B4FF07E513024002203201961BD
:107C90009C60D8605DF8044B5961C3E906227047C7
:107CA0008CF6002400B583B04FF0000E4FF0030CAB
:107CB0004274ADF80410BDF8043080F810E0A0F86C
:107CC00002C0038003B05DF804FB00BF2DE9F04F54
:107CD000DFF81C8300258DB0C04C037008F1400311
:107CE0004260074601920E46202229464046C4F8CB
:107CF0006831C4F86481CDE90255CDE90455CDE978
:107D00000655CDE90855CDE90A550BF009FC2022AE
:107D1000294604F5A170C4F83151C4F83551C4F8AE
:107D20003951C4F83D510BF0FBFB019B84F84852DC
:107D300084F830317A68002A6AD02B4604F59871AD
:107D4000454606F1100A9E46F01856F803B0E218B0
:107D50000EF1010ED0F80CC0D0F80490D0F80880D5
:107D600044F803B0C2F80CC04FF0000CC2F8049005
:107D7000C2F80880008A25F802CB10821AF8032086
:107D800001F8012F002A70D07A684FF001001233F9
:107D9000724584F84802D7D84FF4802290489DF865
:107DA000043008214FF000084FF00009C4F8843176
:107DB0000023C4E95B020122C4F8743184F88031E5
:107DC000C4E95E2194F84812C4E96489A9B3C4F8EF
:107DD0009821002284F8813184F888313B78C4E905
:107DE0006722002B38D0012200200121013B84F8BA
:107DF000A421C4E96C01082B30D8DFE813F0BD00E2
:107E0000C200C700CC00D100D600DB00E100E800D2
:107E10009DF804300121C4F87421C4F884314FF472
:107E2000802384F880216E4AC4E95B230823002262
:107E3000C4E95E130023C4E964230123002284F80B
:107E40008131002384F888310323C4F898313B78CA
:107E5000C4E96722002BC6D184F8A4316148FBF73E
:107E600035FC034638B1FFBEFEE77A68123372452F
:107E70003FF66AAF90E702A95A480293FBF784FDE8
:107E80008246002876D1042240F2FF710A90CDE9A3
:107E9000081294F83021002A00F0F3804FF0060811
:107EA0000AEBCA034FEACA0904EB43035B7C072BC6
:107EB00007D8DFE803F0595C5653504D4A040723B6
:107EC00007930FFA8AF6D14406EBC60604EB49097C
:107ED00004EB46077500384600F020FB99F8103097
:107EE000042B00F3AA80022B00F3BD8000F0B980C0
:107EF00004EB0A03002283F8202114F81630002B2B
:107F000078D0022B00F08A80012B40F0B2807B7881
:107F1000012B00F0B080002B334B18BF002305A9C4
:107F20003048CDE90538FAF7DFFE002840F0AC8094
:107F30000AF1010A94F830315FFA8AFA534540F2A7
:107F4000A0802A4B53F82A80AAE706230793B8E7B4
:107F500005230793B5E704230793B2E703230793A9
:107F6000AFE702230793ACE700230793A9E70123B8
:107F70000793A6E7FFBEFEE703224023C4E96A2376
:107F80006CE707226023C4E96A2367E70F22802396
:107F9000C4E96A2362E71F22A023C4E96A235DE7DC
:107FA0003F22C023C4E96A2358E77F22E023C4E9C3
:107FB0006A2353E7FF224FF48073C4E96A234DE735
:107FC00040F2FF124FF49073C4E96A2346E740F28F
:107FD000FF324FF4A073C4E96A233FE7C8F60024D8
:107FE0000020024034F800240002B025583F010868
:107FF000004000307B78062B37D0072B3DD0022B7A
:108000004AD0032B4AD0002B4CD0012B48D0042B54
:108010004AD0052B254B18BF002380E77B78042B23
:1080200025D0052B2BD08BB3012B31D0022B31D097
:10803000032B1F4B18BF002371E70323043504EB08
:108040000A0B4FF0000925448BF82031284609F12E
:10805000010900F063FA9BF8203104354B45F5DC4B
:108060004BE70123EAE70223E8E7124B57E7124BFD
:1080700055E7002353E7114B51E7114B4FE7114BE5
:108080004DE70DB0BDE8F08FFFBEFEE70E4B46E7B3
:108090000E4B44E70E4B42E70E4B40E70E4B3EE7DC
:1080A0000E4B3CE70E4B3AE70E4B38E70000B84F5B
:1080B000002090360800900C1000C0102000F01432
:1080C0008000501D000180210004002A0008302E8D
:1080D000001060320040C03A0080F03E000052477D
:1080E000000021430000844B38B5094C40F2FF7278
:1080F0004FF0011104F5B6752846FBF7F3FB94F831
:108100003021D4F864112846BDE83840FBF73AB96D
:10811000C8F60024064B0F29D3F8643198BF03EB4F
:1081200041031B8800EE103ABBEEC80A704700BF3F
:10813000C8F60024214B02689A4200D07047204ABA
:1081400000232048D2F8D81030B51F4C41F0200150
:1081500083B0C4F8D001092004F5E875C4E97503BB
:108160004FF48060C2F8D810D2F8D8204FF40061E4
:10817000C4E9773094F8480202F02002C4F8E41110
:108180004FF40051984201922846C4F8E811C4E91E
:108190007C33019B14BF00234FF48073C4F8EC318F
:1081A000FBF718FE08B1FFBEFEE704F5B673C4F88E
:1081B000B851C4F8083203B030BD00BF00200240FF
:1081C0000044025840000240C8F600240148FCF771
:1081D00079B900BF98F8002402682DE9F84F4B4B9D
:1081E0009A4201D0BDE8F88F494D95F84832002BEE
:1081F000F8D095F83031002B77D0002405F10C0928
:1082000005F5A17605F59877A04613E003F0010186
:1082100017F811BCA9F1080000F05CFABBF1010FDE
:1082200025D895F83031013409F112090236A2B28D
:1082300093422BD917F8012F002AF4D0D5F86431D6
:108240000021327833F81400D5F8683103EB0413B9
:1082500023F81200338801339BB233805FFA83FA2C
:108260003A789A42D2D88A46A6F80080D0E7CAF374
:108270004001A9F1040000F02DFABBF1020FCAF38E
:108280008001CED0484600F025FACAE7002395F8D1
:108290004802204909229842C5F8D8314FF480603D
:1082A000C5F8D011C5F8D4214FF400614FF4005245
:1082B000C5F8DC3108BF4FF48073C5F8E821C5E983
:1082C000780100221448C5E97B32C5F8F421FBF798
:1082D00081FD08B1FFBEFEE795F83021D5F86411A5
:1082E0000E48BDE8F84FFBF74DB80A4909224FF494
:1082F0008060C5F8D831C5E974124FF400614FF4BD
:108300000052C5E97730C5E97912DAE7002002406A
:10831000C8F600244000024098F8002434F80024F5
:10832000704700BF10B592B0ADF804100180C9B21B
:10833000149C0B29C460C0E901233FD090F801C010
:10834000BCF10F0F3AD8022A3FD0032A02D0012AEB
:1083500000D000220E92012B02D0022B18BF002366
:10836000022C0F932CD0032C2AD0012C28D00023D0
:108370000A29109327D85C4A02EB812202610A295C
:1083800014D8DFE801F0A39587796B5D4F41332561
:108390000600564BD3F8E01041F48061C3F8E010BA
:1083A000D3F8E03003F480630C930C9B01230DA9F8
:1083B000104603FA0CF30D9302F0B8FE12B010BD94
:1083C0000A291094D7D90022D8E711220E92C2E7C9
:1083D000464BD3F8E01041F40071C3F8E010D3F835
:1083E000E03003F400730B930B9BDFE73F4BD3F8B4
:1083F000E01041F48071C3F8E010D3F8E03003F4EA
:1084000080730A930A9BD1E7384BD3F8E01041F010
:108410008001C3F8E010D3F8E03003F08003099343
:10842000099BC3E7314BD3F8E01041F04001C3F89A
:10843000E010D3F8E03003F040030893089BB5E761
:108440002A4BD3F8E01041F02001C3F8E010D3F834
:10845000E03003F020030793079BA7E7234BD3F8F3
:10846000E01041F01001C3F8E010D3F8E03003F061
:1084700010030693069B99E71C4BD3F8E01041F0DC
:108480000801C3F8E010D3F8E03003F008030593C7
:10849000059B8BE7154BD3F8E01041F00401C3F8BE
:1084A000E010D3F8E03003F004030493049B7DE76D
:1084B0000E4BD3F8E01041F00201C3F8E010D3F8FE
:1084C000E03003F002030393039B6FE7074BD3F8FD
:1084D000E01041F00101C3F8E010D3F8E03003F000
:1084E00001030293029B61E7000002580044025816
:1084F00008B5012143780069994089B203F01EF85C
:10850000003818BF012008BD01230A4641780069E0
:1085100003FA01F189B203F017B800BF8378022B88
:1085200030B504468FB037D0032B33D0012B31D078
:1085300000230A93E378012B2AD0022B28D00023B2
:108540000B93002320460C9302F038FD054620468D
:1085500002F03CFD23780990082B13D8DFE803F0E4
:108560001F3245586B7E91A40500594BD3F8E0208B
:1085700042F48072C3F8E020D3F8E03003F4807353
:108580000893089B09A9284602F0D0FD0FB030BD22
:108590000B93D6E70A93CDE711230A93CAE74C4B16
:1085A00009A92846D3F8E02042F00102C3F8E020F0
:1085B000D3F8E03003F001030093009B02F0B6FD16
:1085C0000FB030BD424B09A92846D3F8E02042F055
:1085D0000202C3F8E020D3F8E03003F00203019375
:1085E000019B02F0A3FD0FB030BD394B09A928460D
:1085F000D3F8E02042F00402C3F8E020D3F8E030E2
:1086000003F004030293029B02F090FD0FB030BD13
:108610002F4B09A92846D3F8E02042F00802C3F8FE
:10862000E020D3F8E03003F008030393039B02F04B
:108630007DFD0FB030BD264B09A92846D3F8E020B8
:1086400042F01002C3F8E020D3F8E03003F010034A
:108650000493049B02F06AFD0FB030BD1C4B09A9C6
:108660002846D3F8E02042F02002C3F8E020D3F8F7
:10867000E03003F020030593059B02F057FD0FB097
:1086800030BD134B09A92846D3F8E02042F0400240
:10869000C3F8E020D3F8E03003F040030693069BD4
:1086A00002F044FD0FB030BD094B09A92846D3F8AC
:1086B000E02042F08002C3F8E020D3F8E03003F07D
:1086C00080030793079B02F031FD0FB030BD00BF60
:1086D0000044025870B506460D4602F06FFC044691
:1086E000304602F073FC2A1E0146204618BF0122C4
:1086F000BDE8704002F028BF0023122270B586B09A
:10870000CDE9022304930368032B01D804230593C6
:10871000061D841D304602F051FC0546304602F02D
:1087200055FC034601A92846019302F0FFFC2046B0
:1087300002F044FC034620461C4602F047FC01A917
:1087400003462046019302F0F1FC06B070BD00BF65
:10875000634A0368934210B58CB028D0614A9342B3
:1087600058D0614A934200F09480604A934201D00D
:108770000CB010BD5E4C5F48D4F8E03043F002030B
:10878000C4F8E030D4F8E03003F002030A930A9B07
:10879000FFF7B2FFD4F8F43043F08003C4F8F430AC
:1087A000D4F8F43003F080030B930B9BE0E7504CBC
:1087B0005148D4F8E03043F00203C4F8E030D4F874
:1087C000E03003F002030193019BFFF795FFD4F81B
:1087D000E83000221F2043F400131146C4F8E830AB
:1087E000D4F8E83003F400130293029BD4F8D83095
:1087F00043F00103C4F8D830D4F8D83003F00103B3
:108800000393039BFBF734F91F200CB0BDE8104025
:10881000FBF76CB9364C3948D4F8E03043F08003AC
:10882000C4F8E030D4F8E03003F080030493049BF4
:10883000D4F8E03043F00203C4F8E030D4F8E0307C
:1088400003F002030593059BFFF756FFD4F8E830C9
:108850000022212043F480031146C4F8E830D4F804
:10886000E83003F480030693069BD4F8D83043F035
:108870000103C4F8D830D4F8D83003F001030793CB
:10888000079BFBF7F5F821200CB0BDE81040FBF783
:108890002DB91B48FFF730FF154B00224820D3F8B5
:1088A000E840114644F40004C3F8E840D3F8E84037
:1088B00004F400040894089CD3F8D84044F0010460
:1088C000C3F8D840D3F8D83003F001030993099BCB
:1088D000FBF7CEF848200CB0BDE81040FBF706B916
:1088E0000054004000580040005C0040001C00584C
:1088F00000440258A0FB002418F90024F0F90024D9
:10890000C8FA00242DE9F0431A4B87B000254FF038
:1089100010099E46EC46184BFF22E04667461A7047
:108920000EF118060EF13004CDE90055CDE90255DF
:10893000ADF80090BCE80F00CDE90455AEE80F009B
:108940009CE803000095ADF800908EE80300B8E8BD
:108950000F000FC69CE803000095ADF8009086E874
:1089600003000FCF0FC49CE8030084E8030007B0A6
:10897000BDE8F0830C00002414F9002410B5EFF3D7
:10898000108472B6084B1A78120602D504B962B682
:1089900010BD1B78D82205485BB202FB03001430DF
:1089A000FBF790FDF2E700BF14F9002418F900244A
:1089B000014803F061BC00BFA4F90024014803F0A2
:1089C0005BBC00BF7CFA0024014803F055BC00BF2B
:1089D00054FB00242DE9F0430F68D8243F4D85B0A7
:1089E00007FB04F4032F05EB0403036040DCCB68B2
:1089F0000E46012B3CD84DD04FF0D808B646DFF8D4
:108A0000FC9008FB0758BEE80F00C446ACE80F0016
:108A1000DEF800300DF1100ECCF80030D8F808C0A8
:108A200099E80F000EE90F000EEB8703BCF1010F70
:108A300053F8103CC8F88C3031D0BCF1020F42D052
:108A4000BCF1000F35D0317C8C34D82300220120BA
:108A50002C4403FB07534900C3E92602C3F89410D2
:108A60002046C3E92822C3E92A2203F0F7F918B106
:108A7000012005B0BDE8F0830146204603F008FC64
:108A80000028F5D10146204603F02CFC003818BF21
:108A90000120EEE70B7C103B672BADD9E8E702F035
:108AA00007F90F4B98420CBF0E4B0F4BC8F8903094
:108AB000C9E702F0FDF80A4B98420CBF0B4B0C4B78
:108AC000C8F89030BFE702F0F3F8054B98420CBFAE
:108AD000084B094BC8F89030B5E700BF18F90024DF
:108AE000000E27072D0FB0303211D0205F43906069
:108AF0008A62E030200BA0101A098010043E0108A1
:108B00002DE9F041D0F8008082B00D4617461E4690
:108B100008F18C04204603F0B7FB2028FAD1D8F8DE
:108B20000C3073B96D002046089C33463A46A9B212
:108B3000009403F0E9F9003818BF012002B0BDE845
:108B4000F081089B32463946204603F0B1FAF2E73D
:108B5000044B10221A7483F8E82083F8C02183F8AC
:108B60009822704718F9002430B5002395B04FF4CF
:108B70008071062204460B9306921393CDE90C13E1
:108B8000CDE90E33CDE9113302F094F807282BD04C
:108B900004F1100541F2883206A9284604F0B4F920
:108BA00028B10123184684F85C3015B030BD02228C
:108BB000022306A92846CDE9002310220123CDE98E
:108BC000022300224FF48003CDE9042305224FF055
:108BD000807306926A460F9341F2883304F000FBDB
:108BE0000028DED115B030BD0323012084F85C30AD
:108BF00015B030BD0000000070B50023A4B04FF0E8
:108C000080724FF480750446ADF806300D93CDE9BF
:108C100010320122CDE90E53CDE91223CDE91433F0
:108C2000002943D0F02300F1100508AEADF806305E
:108C3000C02341F2883231462846089304F064F993
:108C400028B10123184684F85C3024B070BD41F28D
:108C500088320DF10601284604F0C0F903460028C9
:108C6000EFD105224FF480711E93284616924FF0E3
:108C700080721B9321931F9202AA9FED1F7BCDE967
:108C80001C13CDE922338DED027B9FED1D7B41F25C
:108C9000883316A98DED047B9FED1B7B8DED067B44
:108CA00004F09EFA0028CCD124B070BD00F110056C
:108CB00008AE612341F2883231462846089304F019
:108CC00023F90028BDD141F288320DF10601284672
:108CD00004F002FA0028B4D1BDF80630204623F093
:108CE000780343F04003ADF80630FFF73DFF00285E
:108CF0009ED0A6E7AFF30080000000000100000056
:108D00001000000001000000000000000000400012
:108D10002DE9F04F00234FF4807501264FF0807845
:108D200004462DED028BABB08DF8073013932193E1
:108D3000299314950E96CDF85C80CDE91533CDE9D5
:108D40001863CDE91A33CDE92253CDE92433CDE9B7
:108D5000273306231C9301F0ADFF072808D004F148
:108D6000100741F288321CA9384604F0CDF840B112
:108D70000123184684F85C302BB0BDEC028BBDE8B3
:108D8000F08F4FF0020A4FF0020B4FF0050941F24D
:108D9000883308AA1CA93846CDF89480CDF8709085
:108DA0009FED2D8BCDE908AB4FF0000A4FF4800BFF
:108DB0008DED0A8BCDE90CAB04F012FA0028D7D167
:108DC00041F2883238460EA904F09EF80028CFD12F
:108DD000402341F288320DF1070138468DF8073003
:108DE00004F0FCF80028C3D141F288330EA902AA8E
:108DF0003846CDF83890CDF85C809FED197B8DED2D
:108E0000048BCDE906AB8DED027B04F0E9F9034656
:108E10000028ADD1CDF870904FF00109CDF89480C5
:108E20004FF00008219308AA29931CA938462295DF
:108E3000CDE92333CDE9273341F288338DED0A8B19
:108E4000CDE90CABCDE9088904F0CAF9002893D02C
:108E5000304684F85C608FE71000000001000000DD
:108E600040000000400000002DE9F043624CA3B038
:108E70000D46046001F01EFF072800F0A980286855
:108E800023466968AA6807C31E46AB8926F8043BD7
:108E90003046257B677B04F019F8E0B9574B012D6C
:108EA0004FF00108E061236114BF4FF480134FF4C9
:108EB0000003C4E9058893FAA3F3B3FA83F34FF4EC
:108EC0008079013BC4F82490C4E90B00304623624A
:108ED00003F090FF38B10122134684F85C20184655
:108EE00023B0BDE8F08366230B90139041F28832E3
:108EF00006A90693CDE90C90CDE90E00CDE911004D
:108F0000304604F001F80028E5D1992341F2883277
:108F100006A93046069303F0F7FF0028DBD10523AE
:108F20001C9019906A4614934FF08073219014A9F5
:108F30001D9341F288339FED2A7BCDE91A90CDE94C
:108F40001F008DED007B9FED287B30468DED027B71
:108F50009FED277B8DED047B04F042F90028BAD108
:108F600029462046FFF748FE0028B4D12046FFF7E7
:108F7000CFFE03460028AED1002FB0D11893304663
:108F80000027002606AA14A9CDF86890CDE91F3362
:108F9000EB2314934FF440631B934FF40053179348
:108FA0004FF440431C93A0231693062319934FF0CC
:108FB000805321934FF04073CDE906671D9304F071
:108FC00087F9034600288AD0434684F85C8086E708
:108FD00001230322184684F85C2023B0BDE8F08307
:108FE000000000000100000010000000010000006F
:108FF000000000000000400078FC002400500052F7
:109000002DE9F04F8FB0414B0024026800AF9A4227
:109010007C63C7E90944C7E90B4403D03C37BD462C
:10902000BDE8F08F3A4B40F609213A48EB46D3F8B9
:10903000D42007F11C0607F1220A4FF0020942F47E
:1090400080424FF00308C3F8D420D3F8D42002F4B0
:109050008042BA60BA68D3F8E02042F04002C3F818
:10906000E020D3F8E02002F04002FA60FA68D3F87A
:10907000E02042F02002C3F8E020D3F8E02002F024
:1090800020023A613A69D3F8E02042F01002C3F8B6
:10909000E020D3F8E02002F010027A617A69D3F878
:1090A000E02042F00202C3F8E020D3F8E030F8619B
:1090B00003F002033984BB61174B7B60BB697B689B
:1090C00053F8040F7B6001F079FF7B680546186850
:1090D00001F07CFF16F8013B786207F12401284675
:1090E000C7F830807B63C7E90A9402F01FF8564541
:1090F000E5D100225C201146FAF7BAFC5C20FAF7B1
:10910000F5FC3C37DD46BD46BDE8F08F005000520F
:10911000004402580A0A0909D4FC0024114B0268D1
:109120009A4200D07047104A70B5D2F8D4300F4C34
:1091300023F4804304F11806C2F8D43054F8040F25
:1091400001F03CFF0546206801F040FF014628463B
:1091500002F02CF9B442F1D15C20BDE87040FAF77E
:10916000D3BC00BF0050005200440258D4FC00247D
:10917000014804F039B900BF88FC0024084B1A1DCF
:10918000981D03F1080110B49C1C9A6603F10A02B1
:10919000C3E91834C3E91B015DF8044B5A677047F3
:1091A00078FC002438B5036871B9026A00F128051B
:1091B00000F5AC74012A0CBF002140218BBB1D4B74
:1091C0005722C0F858310DE0426A00F1C00500F5A1
:1091D000E874012A0CBF00214021EBB1164B5A2242
:1091E000C0F8D03100232046C4E901214FF4805259
:1091F0004FF48061636262614FF48042C4E90331DD
:109200004FF48073C4E906234FF400332362FAF766
:10921000E1FD58B1FFBEFEE7084B5822C0F8D0313F
:10922000E0E7074B5922C0F85831DBE7C5E9204495
:10923000A56338BD100002407000024028000240C3
:10924000580002402DE9F043821D05468BB0031DF6
:1092500005F10A010830CDE9052305F10C02AB69DF
:10926000CDE907010992002B3DD0EB69B3FA83F8F1
:109270004FEA58180123022205AE0AAF4FF0060943
:109280000393CDE9012356F8044B2B7922789342BE
:1092900016D02B68F3B1012B02D1F2B10A2304934B
:1092A000204601F093FE03462046009301F086FE1F
:1092B000694601F03BFFBE42E5D10BB0BDE8F0834B
:1092C000697963789942E4D1B8F1000FF3D02B6843
:1092D000002BE0D1CDF81090E2E76378022B14BFA9
:1092E0000A230823DBE74FF00108C3E7534A03686A
:1092F000934230B505468BB055D02032934252D0C0
:109300004F4A934204D02032934201D00BB030BD7B
:109310004C4C4D48D4F8E03043F00103C4F8E03041
:10932000D4F8E03003F001030593059BD4F8E03056
:1093300043F00803C4F8E030D4F8E03003F0080349
:109340000693069BD4F8E03043F04003C4F8E030C5
:10935000D4F8E03003F040030793079BD4F8F030D3
:1093600043F40003C4F8F030D4F8F03003F4000301
:109370000893089BFFF766FFD4F8D830296843F0BC
:1093800001032F4A3048C4F8D830891AD4F8D830AD
:1093900018BF012103F001030993099B0BB0BDE83D
:1093A0003040FFF7FFBE274C2848D4F8E03043F0A8
:1093B0000103C4F8E030D4F8E03003F00103009377
:1093C000009BD4F8E03043F01003C4F8E030D4F848
:1093D000E03003F010030193019BD4F8E03043F038
:1093E0004003C4F8E030D4F8E03003F040030293C7
:1093F000029BD4F8F03043F48003C4F8F030D4F882
:10940000F03003F480030393039BFFF71BFFD4F8B2
:10941000D830296843F00103084A0C48C4F8D83012
:10942000891AD4F8D83018BF012103F0010304933E
:10943000049B0BB0BDE83040FFF7B4BE04580140B8
:10944000045C0140004402584CFF0024F0FC00245E
:109450000148FBF737B800BF48FE00240148FBF77E
:1094600031B800BFC0FE00240148FBF72BB800BF95
:10947000A40001240148FBF725B800BF1C0101240A
:109480001A4A0368934210B40BD02032934208D09A
:10949000174A934216D02032934213D05DF8044B02
:1094A0007047144B0022D3F85442C3F85822002CC2
:1094B000F4D0D3F84802D3E9931223465DF8044B65
:1094C000520818470B4B0022D3F8B044C3F8B42419
:1094D000002CE3D0D3F8AC24D3F8A814D3F8A40418
:1094E000520823465DF8044B184700BF045801405A
:1094F000045C0140F0FC0024184A0368934210B455
:109500000BD02032934208D0154A934217D0203214
:10951000934214D05DF8044B7047124BD3E9942466
:109520005208C3F85822002CF4D0D3E99201234604
:1095300001EB820100EB82005DF8044B1847094BF8
:10954000D3F8AC24D3F8B0445208C3F8B424002CA8
:10955000E0D0D3F8A814D3F8A404E8E704580140F5
:10956000045C0140F0FC00242DE9F04F0C684FF43E
:109570001776754F87B004FB06F6012C07EB060A39
:10958000C0F800A000F3A0800D468E464FF0000802
:10959000D44669A3D3E9002369A1D1E90001CDE94B
:1095A000022306ABCAF8508203EB8403CDE9040121
:1095B00053F810BC53F8083CCAE992880193BEE8FE
:1095C0000F00ACE80F00BEE80F00ACE80F00019BF5
:1095D0009EE80300CAF828B0CAF8C0308CE803003F
:1095E0002B69042B0CD8DFE803F0737D879103000F
:1095F0004FF41773554A03FB04739A64C3F8E020D1
:10960000AA692B6A002A43D0002B4FF4177308BFB6
:10961000022203FB047318BF0322DA6201221A63D9
:10962000EA696B6A002A40D1191E4FF4177318BFFC
:10963000012103FB0473C3E931126B69022B05D8C6
:10964000434A12F80380434A52F823904FF41773A9
:1096500006F128004246494603FB047400233844BF
:1096600063646363E365C4F8DC30C4F8CC30C4F8E9
:10967000F430C4E90F33C4E91533C4E93533C4E920
:109680003B33022304F05CF9002849D0FFBEFEE71B
:10969000191E4FF4177318BF012103FB0473C3E9AC
:1096A0000B12EA696B6A002ABED0002B4FF41773C5
:1096B00008BF022203FB047318BF0322C3F8C420AF
:1096C0000122C3F8C820B8E7012007B0BDE8F08F39
:1096D0004FF417734FF4FA5203FB04739A64C3F800
:1096E000E0208DE74FF417734FF47A5203FB0473B5
:1096F0009A64C3F8E02083E74FF417734FF4FA42FB
:1097000003FB04739A64C3F8E02079E74FF41773FE
:109710004BF6803203FB04739A64C3F8E0206FE7D2
:1097200006F1C000022342464946384404F008F9D5
:109730000028CAD0FFBEFEE704580140045C014087
:1097400024580140245C0140F0FC00240077010013
:10975000983F01089C3F01080068704770B5046895
:1097600082B015460E46C4F85032C4E99212069AE9
:10977000C4F85422A269012A26D0626A012A9AB248
:1097800011D0294604F1C000019204F095F9236A32
:10979000019A012B10D0294604F1280004F08CF91D
:1097A000002002B070BD04F1C000019204F016FA6E
:1097B000236A019A012BEED1314604F1280004F00E
:1097C0000DFA002002B070BD226A012A9AB211D0AF
:1097D000294604F12800019204F06EF9636A019AA7
:1097E000012B10D0294604F1C00004F065F90020D7
:1097F00002B070BD04F12800019204F0EFF9636A31
:10980000019A012BEED1314604F1C00004F0E6F9D3
:10981000002002B070BD00BF03681B69042B05D88F
:10982000044A02EB830393ED000A70479FED020A9E
:10983000704700BFA83F010800803B470368D3F88A
:10984000580270471F4BC1680268F0B5D3F88C50BE
:1098500083B00369ADB24D1BA2B1AB4212D0044636
:10986000866811D2F018E91ACDE9001000F0BEFFA9
:109870000023DDE90010D4E90062B047E368256108
:10988000AB421BD003B0F0BDF018C91ACDE90001FE
:1098900000F0ACFF0023DDE90001D4E90072B84715
:1098A0003046294600F0A2FF002330466268294670
:1098B0002668B047E3682561AB42E3D1002323610A
:1098C00003B0F0BD000002402DE9F84F04460F46FA
:1098D00090461E4600F13405284604F09BFD2028E2
:1098E000FAD14FF480630020C4F8D030C4F8483176
:1098F0004FF44033C4F8CC00C4F8E030C4F8583119
:109900004E4BC4F8DC00C4F8C03003F57A73C4F8D9
:10991000E400C4F838314023C4F8C800C4F840312A
:10992000E369C4F84401C4F85401C4F85C01C4E913
:109930003500C4E95300072B0BD8DFE803F061536F
:109940005A373E454C045123C4F8C4305223C4F85E
:109950003C3104F59C794846FAF73CFA08B1FFBE61
:10996000FEE7C4F8A890C4F87051EFF3108972B6FE
:10997000DFF8D0B094F91C30DFF8CCA08BF80030C1
:109980000A9B2F4CCAF800300B9B23600EB118467F
:10999000B0471FFA88F23946284604F025FBB0BBD1
:1099A000B9F1000F00D162B6BDE8F88F3F23C4F8CB
:1099B000C4304023C4F83C31CBE74123C4F8C43061
:1099C0004223C4F83C31C4E74723C4F8C4304823D9
:1099D000C4F83C31BDE74F23C4F8C4305023C4F869
:1099E0003C31B6E72B23C4F8C4302C23C4F83C31F7
:1099F000AFE72D23C4F8C4302E23C4F83C31A8E7C8
:109A00002923C4F8C4302A23C4F83C31A1E7FF233A
:109A10008BF800300023CAF8003023600A9B3BB16A
:109A20000B98012198470120B9F1000FBCD1BAE78A
:109A30000120B9F1000FB7D1B5E700BF880002409F
:109A4000E0100124DC100124D81001242DE9F84F86
:109A500004460F4690461E4600F13405284604F0A1
:109A6000D9FC2028FAD14FF480630020C4F8D0300C
:109A7000C4F848314FF44033C4F8CC00C4F8E030A7
:109A8000C4F858314E4BC4F8DC00C4F8C03003F5BC
:109A90007A73C4F8E400C4F838314023C4F8C8002D
:109AA000C4F84031E369C4F84401C4F85401C4F86F
:109AB0005C01C4E93500C4E95300072B0BD8DFE88B
:109AC00003F061535A373E454C045123C4F8C43067
:109AD0005223C4F83C3104F1C0094846FAF77AF938
:109AE00008B1FFBEFEE7C4F8AC90C4F8F850EFF33D
:109AF000108972B6DFF8D0B094F91C30DFF8CCA032
:109B00008BF800300A9B2F4CCAF800300B9B236067
:109B10000EB11846B0471FFA88F23946284604F0BD
:109B2000B5FAB0BBB9F1000F00D162B6BDE8F88F4D
:109B30003F23C4F8C4304023C4F83C31CBE7412371
:109B4000C4F8C4304223C4F83C31C4E74723C4F806
:109B5000C4304823C4F83C31BDE74F23C4F8C430B7
:109B60005023C4F83C31B6E72B23C4F8C4302C236F
:109B7000C4F83C31AFE72D23C4F8C4302E23C4F819
:109B80003C31A8E72923C4F8C4302A23C4F83C3167
:109B9000A1E7FF238BF800300023CAF800302360D0
:109BA0000A9B3BB10B98012198470120B9F1000FA6
:109BB000BCD1BAE70120B9F1000FB7D1B5E700BFBA
:109BC00088000240E0100124DC100124D810012498
:109BD0002DE9F0410D4682B0EFF3108772B60029EF
:109BE00048D1FF23254A264C237013682BB100204F
:109BF00029461060234A1068984723781B0625D50C
:109C0000DFF888800025204E444605E001351C34ED
:109C100006F5D876092D19D0A369012B1BD0002B8E
:109C2000F4D1216830460029F0D06369019323699B
:109C30000093E3682289FFF709FF0028E6D1C5EB0E
:109C4000C50508EB850348F82500586007B962B6DA
:109C500002B0BDE8F08161680029D7D06369304661
:109C6000019323690093E3682289FFF72DFE002802
:109C7000CCD1E4E705F0CAFEB3E700BFD810012459
:109C8000DC100124E0100124A80101245400002468
:109C9000F0B5002387B0022204460493CDE90223E5
:109CA000027EC3690B2A4FEA430523D1A27E0B2A09
:109CB00002D1002007B0F0BD48496B1C484851F85C
:109CC0002330457801781878E67E884269D0824250
:109CD00077D0D87803F1030C81426ED0824278D0DD
:109CE000987903F1060C88426FD0824233D001206C
:109CF00007B0F0BD394B3A4853F825300178467823
:109D0000187894F819C081423DD0824241D0D87869
:109D100003F1030E814240D082424AD0987903F188
:109D2000060E884241D08242E1D1DB796345DED123
:109D3000734604F118069B783046059301F03EF90E
:109D4000034630461E4601F041F901A90190304614
:109D500001F0ECF9AAE7DB79B342C8D163461A34C3
:109D60009B782046059301F029F9034620461C46BE
:109D700001F02CF9034601A92046019301F0D6F920
:109D8000002007B0F0BD93F801E0B645BFD0824295
:109D9000BDD158786045BAD1CBE71F79B742BBD166
:109DA000BCE75F78AF4292D193E7D979B142BAD19B
:109DB0009DE718796045B1D1BAE71F79AF428DD1DF
:109DC0008EE75878B04284D1C9E7D979A9428CD1BD
:109DD0008DE71879B04283D1C0E700BF6C01002441
:109DE000680100247E4A03689342F0B58FB000F00A
:109DF000E380A2F54C42934200F0E08002F58062DD
:109E0000934200F0DD8002F58062934200F0DA8038
:109E100002F58062934200F0D98002F544429342F9
:109E200000F0D280A2F51C42934200F0D18002F5EE
:109E30008062934200F0CE806A4A934240F0CC8028
:109E40000826694D4FF4D87404FB0654A07E01F037
:109E5000C5F8207E01F0C2F8E369082B13D8DFE8CB
:109E600003F03B49576573818F9D05005F4BD3F825
:109E7000F42042F00802C3F8F420D3F8F43003F0E1
:109E800008030893089B2046FFF702FF012801D131
:109E9000FFBEFEE74FF4D8740EAA554F0DF1240C07
:109EA00004FB0654E36902EB43050FCFACE80F0057
:109EB0003B680022ACF80030114635F9140CF9F774
:109EC000D7FDE3690EAA02EB430333F9140C0FB07C
:109ED000BDE8F040F9F70ABE444BD3F8F02042F059
:109EE0001002C3F8F020D3F8F03003F01003009311
:109EF000009BC8E73D4BD3F8E82042F40032C3F89A
:109F0000E820D3F8E83003F400330193019BBAE76B
:109F1000364BD3F8E82042F48022C3F8E820D3F887
:109F2000E83003F480230293029BACE72F4BD3F875
:109F3000E82042F40022C3F8E820D3F8E83003F424
:109F400000230393039B9EE7284BD3F8E82042F4B9
:109F50008012C3F8E820D3F8E83003F480130493A8
:109F6000049B90E7214BD3F8F02042F02002C3F885
:109F7000F020D3F8F03003F020030593059B82E72F
:109F80001A4BD3F8E82042F08042C3F8E820D3F817
:109F9000E83003F080430693069B74E7134BD3F835
:109FA000E82042F00042C3F8E820D3F8E83003F09C
:109FB00000430793079B66E7002642E7012640E738
:109FC00002263EE703263CE705263AE7042638E763
:109FD000062636E7072634E700239B7EFFDE00BF18
:109FE00000100140000C0058A80101240044025850
:109FF000143E01082DE9F04F91B0002301223F49A2
:10A000000DF1240A09938B4601F11C09CAF814309A
:10A0100001F13808CDF800A001F15407CDF804A0F3
:10A0200001F17006CDF808A001F18C05CDF80CA067
:10A0300001F1A804CDF810A001F1C40ECDF814A0D0
:10A0400001F1E00CCAE90133CAE903330F92FF22A0
:10A050002B4BCDE906AA1A70BAE80F00ABE80F0047
:10A060009AE80700009B8BE807009B46BBE80F00BF
:10A07000A9E80F009AE80700019B89E807009946C4
:10A08000B9E80F00A8E80F009AE80700029B88E8EB
:10A0900007009846B8E80F000FC79AE80700039B2F
:10A0A00087E807001F460FCF0FC69AE80700049BFA
:10A0B00086E807001E460FCE0FC59AE80700059BED
:10A0C00085E807001D460FCD0FC49AE80700069BE0
:10A0D00084E807001C460FCCAEE80F00079B9AE807
:10A0E00007001C468EE807000FCCACE80F009AE88A
:10A0F00007008CE8070011B0BDE8F08F5400002481
:10A10000DC10012410B5094C04F1340004F090F87F
:10A11000237D1BB1636BDB69DB0600D410BD2046D9
:10A12000FFF790FB636B10221A6210BDA801012497
:10A1300010B50B4C04F5F27004F07AF894F8C431C1
:10A1400023B1D4F8E431DB69DB0600D410BD04F59B
:10A15000D870FFF777FBD4F8E43110221A6210BDF3
:10A16000A801012410B50B4C04F5657004F060F8EB
:10A1700094F8743323B1D4F89433DB69DB0600D44C
:10A1800010BD04F55870FFF75DFBD4F8943310222E
:10A190001A6210BDA801012410B50B4C04F2445002
:10A1A00004F046F894F8243523B1D4F84435DB693B
:10A1B000DB0600D410BD04F5A260FFF743FBD4F822
:10A1C000443510221A6210BDA801012410B50B4CB1
:10A1D00004F2F46004F02CF894F8D43623B1D4F8E7
:10A1E000F436DB69DB0600D410BD04F5D860FFF758
:10A1F00029FBD4F8F43610221A6210BDA8010124FC
:10A2000010B50B4C04F6A40004F012F894F884384E
:10A2100023B1D4F8A438DB69DB0600D410BD04F503
:10A220000760FFF70FFBD4F8A43810221A6210BDA4
:10A23000A801012410B50B4C04F6542003F0F8FFDC
:10A2400094F8343A23B1D4F8543ADB69DB0600D4ED
:10A2500010BD04F52260FFF7F5FAD4F8543A102245
:10A260001A6210BDA801012410B50B4C04F604407D
:10A2700003F0DEFF94F8E43B23B1D4F8043CDB693F
:10A28000DB0600D410BD04F53D60FFF7DBFAD4F81F
:10A29000043C10221A6210BDA801012410B50B4C19
:10A2A00004F6B45003F0C4FF94F8943D23B1D4F8FD
:10A2B000B43DDB69DB0600D410BD04F55860FFF740
:10A2C000C1FAD4F8B43D10221A6210BDA8010124CD
:10A2D00010B5EFF3108472B6084B1A78120602D547
:10A2E00004B962B610BD1B784FF4D87204485BB253
:10A2F00002FB0300C030FAF7E5F8F1E7DC100124B7
:10A30000A801012410B5EFF3108472B6094B1A7836
:10A31000120602D504B962B610BD1B784FF4D8728C
:10A3200005485BB202FB030000F59C70FAF7CAF81F
:10A33000F0E700BFDC100124A80101240021FFF791
:10A3400047BC00BF214A036893422BD0A2F54C4280
:10A35000934229D002F58062934227D002F58062B1
:10A36000934225D002F58062934223D002F5444205
:10A37000934221D0A2F51C4293421FD002F5806285
:10A3800093421DD0124A93421CD108224FF4D87137
:10A39000104B01FB0233197D11B11846FFF752BA79
:10A3A000FFF716BC0022F1E70122EFE70222EDE7FA
:10A3B0000322EBE70422E9E70522E7E70622E5E7C7
:10A3C0000722E3E700231B7DFFDE00BF00100140F2
:10A3D000000C0058A8010124204A0368934229D0A8
:10A3E000A2F54C42934227D002F58062934225D0D9
:10A3F00002F58062934223D002F58062934221D01D
:10A4000002F5444293421FD0A2F51C4293421DD054
:10A4100002F5806293421BD0114A93421AD108235D
:10A4200010484FF4D87202FB0300037D03B9704754
:10A43000FFF708BA0023F3E70123F1E70223EFE770
:10A440000323EDE70423EBE70523E9E70623E7E72A
:10A450000723E5E700231B7DFFDE00BF001001405E
:10A46000000C0058A80101240121FFF7B1BB00BF77
:10A470002DE9F0414F684FF4D876DFF8C0808E4662
:10A4800007FB06F60C46082F08EB0605056005F1EC
:10A49000180CBEE80F00ACE80F009EE807008CE83F
:10A4A000070002D86B6A022B02D90120BDE8F081B7
:10A4B0002A6A032AF9D8A96A0229F6D8E86A022882
:10A4C000F3D80131DFF878C0343689005CF82770A2
:10A4D00046446F63A469A9641549AC6351F82330FD
:10A4E0006B64144B53F82230134A2B64002352F848
:10A4F000201001223046EB65E963C5E91333C5E955
:10A50000153205F083FA0028CFD10146304605F018
:10A51000D5FA0028C9D10146304605F01DFB0028B8
:10A52000C3D1304605F0ACFA0028BED12875BDE78E
:10A53000E03F0108EC3F0108FC3F0108A8010124AD
:10A54000BC3F0108006892B208B5343003F0BCFC8F
:10A55000003818BF012008BD534B0122002047F6E8
:10A56000122130B4C3E97420C3E97721C3E9E020A4
:10A57000C3E9E3211A62DA6258621963C3F830252D
:10A58000C3F83405C3F83C25C3F84015C3F8E026EA
:10A59000C3F8E406C3F8EC26C3F8F016C3F8902815
:10A5A000C3F89408C3F89C28C3F8A018C3F8402A3D
:10A5B000C3F8440AC3F84C2AC3F8501AC3F8F02B66
:10A5C000C3F8F40BC3F8FC2BC3F8001CC3F8A40DAC
:10A5D0003648C3F8A02DC3F8AC2DC3F8B01D0288CF
:10A5E000837833490068334CCA804FEA104C0B72B1
:10A5F0003149E2802372A1F80320A4F8032063719B
:10A600004B712E4CCA800B722D492E4DE280237265
:10A61000A1F80320A4F8032063714B712A4CCA806F
:10A620000B722A49EA8008802B7281F802C0E2800E
:10A630002372A1F803204B71CA800B722449A1F840
:10A6400003204B71CA800B722249A1F803204B7181
:10A65000CA800B722049088081F802C0A1F803204B
:10A660004B71CA800B721D49088081F802C0A1F8A5
:10A6700003204B71CA800B721949088081F802C00F
:10A680001848A1F803204B71CA800B721649A0F834
:10A6900003204371C2800372A1F803204B71CA806A
:10A6A0000B7230BC704700BFA80101246801002470
:10A6B000F001002414020024080200242C020024CB
:10A6C00020020024FC010024D801002408110124E8
:10A6D00038020024E4010024E4100124FC100124C9
:10A6E000F01001245C010024500100243E4B0022A4
:10A6F0000B20114610B5D3F8D84082B044F00104C5
:10A70000C3F8D840D3F8D84004F001040094009C6A
:10A71000D3F8D84044F00204C3F8D840D3F8D83076
:10A7200003F002030193019BF9F7A2F90B20F9F75B
:10A73000DDF900220C201146F9F79AF90C20F9F7FF
:10A74000D5F900220D201146F9F792F90D20F9F7FD
:10A75000CDF900220E201146F9F78AF90E20F9F7FB
:10A76000C5F900220F201146F9F782F90F20F9F7F9
:10A77000BDF9002210201146F9F77AF91020F9F7F7
:10A78000B5F900223C201146F9F772F93C20F9F79F
:10A79000ADF9002211201146F9F76AF91120F9F7F5
:10A7A000A5F9002238201146F9F762F93820F9F7A7
:10A7B0009DF9002239201146F9F75AF93920F9F7A5
:10A7C00095F900223A201146F9F752F93A20F9F7A3
:10A7D0008DF900223B201146F9F74AF93B2002B0DF
:10A7E000BDE81040F9F782B90044025820F01F007C
:10A7F0002031BFF34F8F002907DD064A0144C2F81C
:10A800005C0220300B1A002BF9DCBFF34F8FBFF333
:10A810006F8F704700ED00E0704700BF08B5F8F794
:10A8200061F9BDE80840F9F7EBB900BF064808B583
:10A8300003680BB100F08CFE044803681BB1BDE84F
:10A84000084001F07BBD08BD20150124181101242A
:10A85000064808B503680BB100F07AFE04480368A7
:10A860001BB1BDE8084001F069BD08BD20150124F9
:10A8700018110124064808B503680BB100F068FE02
:10A88000044803681BB1BDE8084001F057BD08BD8E
:10A890002015012418110124364BDA6A520062D5C2
:10A8A0009A6A9A6A9A6A9B6A180600D500BE314B6A
:10A8B0009B6A990600D500BE2E4B9B6ADA0600D52E
:10A8C00000BE2C4B9B6A1B0700D500BE294B9B6A20
:10A8D000980700D500BE274B9B6AD90700D500BE5C
:10A8E000244B9B6A1A0400D500BE224B9B6A9B0432
:10A8F00000D500BE1F4B9B6AD80400D500BE1D4B7F
:10A900009B6A190500D500BE1A4B9B6A5A0500D5F3
:10A9100000BE184B9B6A9B0500D500BE154B9B6A79
:10A92000D80500D500BE134B9B6A990100D500BE27
:10A93000104B9B6ADA0100D500BE0E4B9B6A1B03CD
:10A9400000D500BE0B4B9B6A580300D500BE094BD7
:10A950009B6A990300D500BE064B9B6ADA0306D4B6
:10A9600000BE00BEFEE7DB6A9B07FAD5F8E700BE33
:10A97000F6E700BF00ED00E0F8F7C0B8F8F7C4B89C
:10A980000A4B9B6803F17843B3F5003F0BD3084BA8
:10A99000986848B19868012806D09868022803D0C2
:10A9A0009B68032070470120704700BF00ED00E066
:10A9B000000080382DE9F041CEB004464C22002141
:10A9C0000AA808F0ADFD2022002102A808F0A8FD89
:10A9D000BC2200211EA808F0A3FD022002F022F9EB
:10A9E0002368012B4FF0000354D0534A02250193F2
:10A9F000C820D16A514B21F00101D162D26A02F024
:10AA0000010201929A6942F440429A619B6903F4FF
:10AA100040430193019B494A93699B04FCD54849F3
:10AA20000224002201268B6A04274FF0080823F035
:10AA3000030323438B62052316900AA818934FF44F
:10AA400080331096179419941597CDF86880CDE946
:10AA50001B222122CDE91344CDE90A23FAF784F819
:10AA600000B1FEE73F220323294602A8CDE90223D5
:10AA700000220823CDE9042340224023CDE9062308
:10AA800040234FF48062CDE90823FAF79BFB03468D
:10AA9000B8B1FEE7294A04250093F0209169264BBE
:10AAA00041F440419161926902F440420092DA6AB5
:10AAB00042F00102DA62DB6A03F001030093009BBB
:10AAC000A9E720224FF4805125934FF440152B9293
:10AAD00080222D931EA83093269135914FF48071DA
:10AAE000249234920C223394439140F22711209205
:10AAF0001022CDF884802A971F96CDE92E34CDE917
:10AB00003B334FF48033CDE9224631930024469302
:10AB10000623CDE93E4527934FF48063094C2C93DF
:10AB20001E94CDE92812FAF7A9FD00B1FEE702F064
:10AB30009FF84EB0BDE8F08100040058004802586C
:10AB4000004402580F130F0370B584B00124F9F7C5
:10AB500005F84FF480764FF04052194B68460025B7
:10AB6000ADF800400396CDE90123F9F715F8192255
:10AB70004FF0404368468DF8082001938DF80F4050
:10AB8000ADF80D608DF801408DF80A50F9F704F822
:10AB900002230B2268468DF80F508DF801304FF0DC
:10ABA00062538DF808200193ADF80D408DF80A40EE
:10ABB000F8F7F2FF0420F8F7DFFF04B070BD00BF24
:10ABC0000E00010330B50D46044685B0D1E9000101
:10ABD00084E80300F7F756FFAB79A3B3FFF786FDD0
:10ABE000FDF790FE06F0A4FEFFF704FA2B798BBB6D
:10ABF0006B799BB1BFF34F8FBFF36F8F2A4B00224E
:10AC0000C3F85022BFF34F8FBFF36F8F5A6942F4DE
:10AC100000325A61BFF34F8FBFF36F8F4FF0FF3297
:10AC20000023002400256946204802928DF80C304C
:10AC3000CDE9004507F09CFA1C4807F001FB06F03F
:10AC4000A7FA05B030BD2046FFF7B4FE2046FFF757
:10AC50007BFFC3E7144C0023C4F88430BFF34F8F4D
:10AC6000D4F8801043F6E07EC1F34E3CC1F3C90135
:10AC70004FEA4C1C0CEA0E000B4640EA8372013B83
:10AC8000C4F860225A1CF8D1ACF1200C1CF1200F42
:10AC9000F0D1BFF34F8F636943F480336361BFF337
:10ACA0004F8FBFF36F8FA3E700ED00E01411012475
:10ACB000FAF7B8BB1C4B9B6803F17842B2F5003F32
:10ACC00025D3B3F5803F20D303F16042B2F5003FB6
:10ACD0001FD303F15C42B2F5002F1CD303F1704285
:10ACE000B2F5902F19D303F14842B2F5803F16D345
:10ACF00003F18042B2F1806F13D303F1E043B3F567
:10AD0000000F2CBF0820072070470120704700204B
:10AD100070470220704703207047042070470520C9
:10AD200070470620704700BF00ED00E00348002395
:10AD3000034A0449036008F0E5BA00BF1411012476
:10AD40000000002419A8000810B4204C0022204B59
:10AD500083B0D4F888101F4841F47001C4F88810FB
:10AD600019681D4C41F0010119601A611968084009
:10AD70001A4918609A61DA611A629A62DA621A6391
:10AD80005A639A63DA631A645A64186820F480205C
:10AD900018601A66D3F8DC2042F06042C3F8DC2069
:10ADA000D3F8DC300193019B23681940B1F1005FB7
:10ADB00003D20B4B0122C3F80821044B4FF0006271
:10ADC0009A6003B05DF8044B704700BF00ED00E0EF
:10ADD000004402587FEDF6EA0010005C0000FFFF1F
:10ADE0000080005100F57171D0F8040405F0B8BD81
:10ADF000C1EBC10300EB8303D0F80404D3F80822AD
:10AE000005F0DCBDC1EBC10300EB8303D0F8040403
:10AE10009A6C05F011BE00BFD0F8040405F0B0BE76
:10AE2000C16810B5044619B1022900D0FEE701211E
:10AE3000D4F8040405F08EFED4F80404BDE81040F4
:10AE400005F060BE10B50446D0F8040405F086FE97
:10AE50002268D2F8003E43F00103C2F8003E236AA4
:10AE600023B1034A136943F00603136110BD00BF09
:10AE700000ED00E0D0F8040405F07ABED0F8040438
:10AE800005F08EBED0F8040405F088BED0F80404A6
:10AE900005F088BED0F8040405F086BE9446D0F8CC
:10AEA00098021A4608B5634601F0ACFD032802D8A3
:10AEB000024B185C08BD022008BD00BF1840010805
:10AEC000D0F8980208B501F02BFE032802D8024BF7
:10AED000185C08BD022008BD18400108D0F898028F
:10AEE00008B501F061FE032802D8024B185C08BDCA
:10AEF000022008BD184001080A06D0F8983206D48E
:10AF0000C1EBC10103EB810191F8FE01704701F033
:10AF10007F01C1EBC10103EB810191F83E00704755
:10AF2000D0F8980208B501F057FD032802D8024B6B
:10AF3000185C08BD022008BD18400108D0F898022E
:10AF400008B501F0C5FD032802D8024B185C08BD06
:10AF5000022008BD18400108D0F8980208B501F099
:10AF60008FFD032802D8024B185C08BD022008BDE3
:10AF700018400108D0F8C00206F0C4B8D0F8C002EA
:10AF800006F0D8B8D0F8C00206F0E0B8704700BFAD
:10AF9000D0F8C00206F0C6B8D0F8C00206F0C6B8B5
:10AFA000D0F8D00308B500F093FE032802D8024B76
:10AFB000185C08BD022008BD1C400108024B027845
:10AFC00053F82200704700BF40400108024B42780E
:10AFD00033F81200704700BF204001088CB00A28E7
:10AFE00014D8DFE800F01523313F4D5B6977859376
:10AFF00006004D4BD3F8E02042F48062C3F8E02015
:10B00000D3F8E03003F480630B930B9B0CB07047D4
:10B01000454BD3F8E02042F00102C3F8E020D3F81A
:10B02000E03003F001030193019BEFE73E4BD3F8BF
:10B03000E02042F00202C3F8E020D3F8E03003F051
:10B0400002030293029BE1E7374BD3F8E02042F082
:10B050000402C3F8E020D3F8E03003F004030393C4
:10B06000039BD3E7304BD3F8E02042F00802C3F84B
:10B07000E020D3F8E03003F008030493049BC5E715
:10B08000294BD3F8E02042F01002C3F8E020D3F8B7
:10B09000E03003F010030593059BB7E7224BD3F88C
:10B0A000E02042F02002C3F8E020D3F8E03003F0C3
:10B0B00020030693069BA9E71B4BD3F8E02042F040
:10B0C0004002C3F8E020D3F8E03003F040030793D8
:10B0D000079B9BE7144BD3F8E02042F08002C3F8B3
:10B0E000E020D3F8E03003F080030893089B8DE75D
:10B0F0000D4BD3F8E02042F48072C3F8E020D3F87F
:10B10000E03003F480730993099B7FE7064BD3F883
:10B11000E02042F40072C3F8E020D3F8E03003F4FA
:10B1200000730A930A9B71E7004402582DE9F04F1F
:10B130000D6883B0002D00F0D5800023DFF8688211
:10B1400001229A4012EA050C00F0C7804E6826F0F2
:10B150001009B9F1020F40F0C88003F007044FEA6C
:10B16000D30E4FF00F0A4FEA840900EB8E0E0AFA55
:10B1700009FADEF8204024EA0A0A0C6904FA09F404
:10B1800006F0030944EA0A04CEF820404FEA430ED1
:10B190000324D0F800A009FA0EF904FA0EF42AEA02
:10B1A000040AE44349EA0A09C0F80090D0F808A06C
:10B1B000CF6804EA0A0A07FA0EF949EA0A09C0F850
:10B1C0000890C6F30019D0F804A009FA03F92AEA96
:10B1D000020249EA02024260C268F70004EA02047D
:10B1E0008A6802FA0EF242EA0402C26075D5644C23
:10B1F00023F0030E03F00309D4F8F420C6444FEA09
:10B20000890942F00202C4F8F420D4F8F42002F0D4
:10B2100002020192019A0F22DEF8084002FA09F2B6
:10B2200024EA0202574CA04225D004F58064A042D3
:10B230007BD0554CA0427ED0544CA0426FD0544C91
:10B24000A04200F08480534CA04200F08680524C13
:10B25000A04276D0514CA04200F08580504CA042D4
:10B2600000F087804F4CA0420CBF09240A2404FA46
:10B2700009F942EA0902CEF808204FF0B0426FEA1D
:10B280000C0EF403D2F880204FF0B04454BF0EEA05
:10B2900002024CEA0202C4F88020B203D4F88440CF
:10B2A0004FF0B04254BF0EEA04044CEA0404F70223
:10B2B000C2F8844014684FF0B04254BF0EEA040450
:10B2C0004CEA04041460B40252684FF0B04454BF16
:10B2D0000EEA02024CEA02026260013335FA03F21E
:10B2E0007FF42EAF03B0BDE8F08F4FEA430E032486
:10B2F000D0F800B006F0030A04FA0EF409F1FF39A1
:10B300000AFA0EFA2BEA040BB9F1010F6FEA0404F2
:10B310004AEA0B0AC0F800A03FF65EAF46E70324F6
:10B3200004FA09F942EA0902A5E7012404FA09F935
:10B3300042EA09029FE7022404FA09F942EA0902F3
:10B3400099E7062404FA09F942EA090293E704247A
:10B3500004FA09F942EA09028DE7052404FA09F919
:10B3600042EA090287E7072404FA09F942EA0902D6
:10B3700081E7082404FA09F942EA09027BE700BFE1
:10B38000004402580000025800080258000C0258FD
:10B39000001002580014025800180258001C0258ED
:10B3A000002002580024025800040058002900F030
:10B3B000A88000232DE9F04FDFF8689183B0DFF813
:10B3C0006881DFF868A1DFF868B14FF0010E0EFA6E
:10B3D00003F212EA010C6FD023F0030503F003041B
:10B3E0000F2640454D444FEAC404AF6806FA04F600
:10B3F00007EA0607019721D0504566D0584567D027
:10B40000434FB8426ED0434FB84270D0424FB8421B
:10B4100063D0424FB84256D0414FB84272D0DFF8A5
:10B4200014E1704568D0DFF810E1704514BF4FF0AB
:10B430000A0E4FF0090E0EFA04F400E00024019FFA
:10B44000A74219D1AC6824EA06064FF0B044AE60BA
:10B45000D4F8805025EA0C05C4F88050D4F8845004
:10B4600025EA0C05C4F88450256825EA0C052560FA
:10B47000656825EA0C05656003255C0003F0070795
:10B480000F2605FA04F40568BF00254306FA07F7FE
:10B490000560DD0800EB85052E6A26EA07062E62A8
:10B4A000856825EA04058560456825EA0202426050
:10B4B000C26822EA0404C460013331FA03F284D181
:10B4C00003B0BDE8F08F4FF0060E0EFA04F4B6E7B5
:10B4D0004FF0020E0EFA04F4B1E74FF0050E0EFA2B
:10B4E00004F4ACE74FF0030E0EFA04F4A7E74FF0B4
:10B4F000040E0EFA04F4A2E74FF0080E0EFA04F45C
:10B500009DE770474FF0070E0EFA04F497E700BF6F
:10B51000000C02580010025800140258001802587B
:10B52000001C025800040058000002580004025891
:10B5300000080258002002580024025803691942EA
:10B5400014BF01200020704702B9090481617047CF
:10B550002DE9F04F056885B00446284604F0A6FFA3
:10B56000012802D005B0BDE8F08F206804F04EFF3E
:10B570000028F7D0206804F049FF10F4001F20686D
:10B5800002D04FF40013436104F040FF10F4801F19
:10B59000206802D04FF48013436104F037FF10F0AD
:10B5A000806F206802D04FF08063436104F02EFF6B
:10B5B00010F0020F20682FD104F028FF870000F15F
:10B5C0001381206804F022FFC60100F1CF802068BB
:10B5D00004F01CFF000700F1BE80206804F016FF95
:10B5E00010F0007F20681AD104F010FFC306B9D50F
:10B5F0002568AB6923F01003AB612E6AC6F34341A3
:10B60000C6F30A17022902D1002F40F0C681AB69A8
:10B6100043F01003AB61A5E702234361CCE704F0DC
:10B62000B3FFD4F808E080462068BEF1000F00F0B8
:10B63000998005F5A06500264FF0280B4FF0020A0F
:10B640004AE000F5A0694A0109EB4117BB685B07B6
:10B650005DD50423BB60FB6843F00203FB60BB685D
:10B66000980500F1FD80BB68DB0740F1CF802369BE
:10B6700053B101EB81003B6904EBC000C3F3120C32
:10B68000836CA3EB0C03C3648B004FF0010C4FF0F1
:10B69000000E581804EBC000C0F858E080F85DC0F8
:10B6A000C7F808C090F83FE01EF0FD0F00F064817D
:10B6B000BEF1030F00F040820B4404EBC30393F888
:10B6C000502082F0010283F85020D4F808E020686E
:10B6D00001362035764545D206F00F0328FA03F3EC
:10B6E000D907F5D52B68F1B21A04AAD400F5A062E7
:10B6F0004FEA411C02EB4117BB6813F004090DD05F
:10B700000423BB60FB6843F00203FB60E0E7BB6817
:10B710009B0640F1B3802023BB60A0E7BB6813F019
:10B72000200300F0CA8001EB8103202204EBC30355
:10B73000BA6093F83D20012ACAD183F83D9083F87E
:10B740005CA0FB6843F00203FB6004F021FFD4F827
:10B7500008E02068BCE72046FFF70CFC20680823BF
:10B7600043613BE74FF0007343613DE72668D6F83D
:10B7700040340293D6F840340393039B23F02E0306
:10B780000393029B980707D5029BD90700F16381B9
:10B79000039B43F002030393029B1A0718D5039BF4
:10B7A00043F008030393029B5B0740F15C81A169AE
:10B7B000022900F09A81E368012B03D14EF6602242
:10B7C000C6F804242046FFF7E3FB2046FFF7D6FB2C
:10B7D0002068029B9F0603D5039B43F0200303933D
:10B7E000039BC6F84034F3E6D5F84034204623F0F6
:10B7F0002E03C5F84034FFF7C5FB0121206804F093
:10B80000A1FE20684FF000534361DBE6BB68980758
:10B8100040F18E80FB6801EB810C23F0020304EB06
:10B82000CC0CFB608B009CF85D00012800F0B2801E
:10B83000052800F0AF80062800F0A381082800F05A
:10B84000A081032800F0DC819CF85C000246C7F868
:10B8500008A02046FFF79AFBD4F808E0206837E7F5
:10B86000FB68206843F00203FB6004F091FE4FF494
:10B8700000732068BB60D4F808E029E7BB681B07A9
:10B8800000F1BB80BB685B057FF5E9AEFB68019208
:10B8900043F002030091FB6004F07AFE009910204F
:10B8A000019A01EB8103B860082004EBC30383F81D
:10B8B0005D004FF48063BB60D1E6D7F8089019F0C3
:10B8C000400F40F0B180BB6813F4007340F02F814B
:10B8D000D7F8089019F0010F40F03F81BB6813F0D2
:10B8E000080340F06881D7F8089019F0100F00F0B5
:10B8F000C98001EB810204EBC2029365032382F845
:10B900005D3092F83D303BB90BFB014393F83C208E
:10B9100012B9012283F83D20FB6843F00203FB606B
:10B9200004F036FE10232068BB60D4F808E0CFE6B0
:10B93000BB6813F0800340F0E380BA68D20640F1A0
:10B94000D08001EB810004EBC00090F83F20032A77
:10B9500000F04B8112F0FD02E4D123698265002BD7
:10B96000E0D10BFB0143032283F85D20FB682068D4
:10B9700043F00203FB60D3E7FA68206842F002025A
:10B9800001930091FA6004F003FE1022DDE9001338
:10B99000BA6091E68CF85C0058E706F00F0606EBFB
:10B9A000860804EBC808D8F8441000293FF42FAEED
:10B9B000284605F5A0653A4604F0A6FCD8F84430C0
:10B9C00005EB46123B441169D8F84C20C8F84430C6
:10B9D00073013A44C8F84C20BC4A0A405AB1EA58AC
:10B9E00022F0804242F00042EA5098F8503083F052
:10B9F000010388F85030256809E6FB684FF0050C14
:10BA0000019243F002030091FB6001EB810304EB20
:10BA1000C30383F85DC01023BB600823BB6004F040
:10BA2000B7FDDDE900121AE601EB810204EBC20268
:10BA30009365042382F85D30012382F83D30FB6872
:10BA400043F00203FB6004F0A3FD40232068BB60C9
:10BA5000D4F808E03CE6B369204623F00053B36114
:10BA6000FFF78CFA94E62046FFF796FAD6F84034B2
:10BA7000206823F02E03C6F84034836943F0005356
:10BA80008361A6E6BB681B0600F1C880BB685B0546
:10BA900000F1D780BB689B077FF51AAEFB680BFBF4
:10BAA000014023F00203FB6090F85D30012B00F0B1
:10BAB000E180032B00F0DB80042B00F0D880052B05
:10BAC00000F0FC80062B00F0E480082B00F0E18001
:10BAD0000BFB01432046C7F808A093F85C20FFF752
:10BAE00055FAD4F808E02068F2E5029B206803F4D8
:10BAF000C023B3F5802F18BF012104F023FD61E6B8
:10BB0000FB6801EB810243F0020304EBC202FB601D
:10BB1000936D01339365062382F85D30206804F04D
:10BB200037FD80232068BB60D4F808E0D0E5FB68CF
:10BB300043F00203FB6098E652F80970019347F066
:10BB40000057009142F80970624680F85CC02046B8
:10BB5000FFF71CFADDE90013AEE5FA6801EB810995
:10BB600042F0020204EBC909C9F85830FA6004F047
:10BB70000FFD0123BB6089F85D30D4F808E0206830
:10BB8000A6E503EB010C04EBCC0CDCF8580001300B
:10BB9000032825D8CCF8580002200B4404EBC3033B
:10BBA00083F85C0052F8093023F0804343F00043EF
:10BBB00042F809304AE608230091BB60FB6843F075
:10BBC0000203FB6004F0E4FC0099052201EB810113
:10BBD00004EBC10383F85D20D4F808E0206877E522
:10BBE0000020CCF858000420D7E7FA680BFB01408E
:10BBF00042F0020283652068FA6004F0C9FC91E615
:10BC00000BFB0143022083F85CA052F8093023F0BB
:10BC1000804343F0004342F8093017E6FB68009187
:10BC200043F00203FB6004F0B3FC009906230BFB16
:10BC3000014181F85D3080232068BB60D4F808E0C2
:10BC400046E5FB68009143F00203FB6004F0A0FCB2
:10BC500010230099BB604FF480630BFB0141BB6074
:10BC6000082381F85D30D4F808E0206830E580F8DA
:10BC70005CA02DE780F85C3090F83F30023B012B50
:10BC80003FF626AF90F8513083F0010380F8513031
:10BC90001EE70BFB0140836D0133032B11D8836535
:10BCA00002230BFB014080F85C3052F80C3023F08B
:10BCB000804343F0004342F80C3009E780F85C30E1
:10BCC00006E7002383650423EBE700BF0000F81FAD
:10BCD00090F8B832012B0CD0012310B5044600684F
:10BCE00084F8B83204F0B4FC0023184684F8B83263
:10BCF00010BD0220704700BFF8B505460E46174636
:10BD0000701C2C682CD1A369990727D4A369DA0683
:10BD1000F9D5A3699A06FCD520231022E261E361DC
:10BD2000A3699F0701D50023A362A369DE0703D49B
:10BD3000A36943F00103A361636800221B4820212B
:10BD40000340012063606B6C85F8402043F00403DE
:10BD50006B6485F8411085F84220F8BD0020F8BDDD
:10BD6000A3699B07FAD4A369D9061BD4F6F7C6FECC
:10BD7000C01BB04201D8002EC2D16B6C2021002222
:10BD800001200B4385F840206B6485F8411085F84D
:10BD90004220F8BDF6F7B2FEC01B8642EDD3002E5E
:10BDA000EBD02C68A3699B06F4D5B5E700E800FE4C
:10BDB000F8B505460E4617462C68A3699B0649D47C
:10BDC000A369DA0626D5731C38D1A3699E06FCD573
:10BDD00020231022E261E361A369990701D50023C2
:10BDE000A362A369DA0703D4A36943F00103A36143
:10BDF00063680022184820210340012063606B6CB7
:10BE000085F8402043F004036B6485F8411085F801
:10BE10004220F8BDF6F772FEC01BB04201D8002EDA
:10BE2000CAD16B6C2021002201200B4385F84020F1
:10BE30006B6485F8411085F84220F8BDA369980627
:10BE4000C6D4F6F75BFEC01B8642EAD3002EE8D0CC
:10BE50002C68B8E70020F8BD00E800FE00284ED0AE
:10BE600010B590F84130044603F0FF02002B41D09A
:10BE700023682421626884F84110196822F07062F6
:10BE8000E06821F00101012819601A619A6822F422
:10BE900000429A60A26829D042F4044202289A60C3
:10BEA00002D14FF400625A6058684FF0200C1549D7
:10BEB000226901435960D96821F40041D960D4E96D
:10BEC0000501024342EA0122D4E90710DA600022A8
:10BED000014310461960196841F00101196062645C
:10BEE00084F841C0226384F8422010BD42F400422D
:10BEF0009A60D9E780F84020FCF72AFCB8E70120D7
:10BF0000704700BF008000022DE9F047984690F886
:10BF10004130089E202B40F0878090F84030044646
:10BF2000012B00F0818001238946174680F84030BC
:10BF3000F6F7E4FD054604E0F6F7E0FD401B19289E
:10BF400075D82368986910F40040F5D12122676202
:10BF50006063C9F3090784F84120102284F8422065
:10BF60006064A4F82A80628D92B2FF2A6DD8628D37
:10BF7000494892B2D1B222855A6802403A4342EA15
:10BF80000142464911435960DFF81C814FF0FF0A16
:10BF9000DFF81891638D2A46314620469BB2002B6C
:10BFA00030D0FFF7A9FE002873D1606A216810F82D
:10BFB000012B238D8A62628D013B6062013A9BB244
:10BFC00092B223856285628D92B2002BE2D1002A63
:10BFD000E0D0701C43D18B691A06FCD5638D9BB2EF
:10BFE000FF2B48D94B682A46A4F828A0204603EA2C
:10BFF00008033B4343EA09034B603146638D9BB220
:10C00000002BCED1FFF7D4FE002842D12368202197
:10C01000234DD9615A682A405A6084F8411084F847
:10C02000400084F8420000E00220BDE8F087636C25
:10C030002021002201200B4384F84020636484F80F
:10C04000411084F84220BDE8F0875A6812490A403E
:10C0500014493A431143FF222285596094E78B69C2
:10C060001B06BBD4F6F74AFD401B8642DFD3002EE9
:10C07000DDD02168ADE7638D9BB2DAB223854B68D2
:10C0800003EA080343EA02433B4343F000734B6077
:10C0900080E70120BDE8F087009800FC00200082C6
:10C0A00000E800FE0020FF81009C00FC0000FF0172
:10C0B0002DE9F0471F4690F84130202B40F08E804C
:10C0C00004460D46002900F08380B2FA82F9164634
:10C0D0004FEA5919002A7BD05FFA83FA90F8403072
:10C0E000012B7BD0012380F84030F6F707FD212398
:10C0F00065628046256884F8413084F842A0C4F81F
:10C10000449066856B68C4F8349023F400436B60F8
:10C110007B1C66D1AE693607FCD50823EB61E3686A
:10C12000022B06D0AE69F60328D4AE69F603F9D522
:10C1300024E0AB691907FCD50823EB617B1CF1D027
:10C14000AB69DD031AD4F6F7D9FCA0EB08008742EF
:10C1500053D3002F51D02568F0E742463946204698
:10C16000FFF7CAFD00285BD1636A226813F8011B40
:10C170009162658D6362013DADB26585638D9BB251
:10C18000002BEAD1424639462046FFF711FE00282F
:10C190004DD02268536843F400435360636C042B12
:10C1A00054D1002363642023D361781C41D1936967
:10C1B0001904FCD451680023202041F4004151604F
:10C1C00084F84100184684F8423084F8403003E097
:10C1D0004FF4007301206364BDE8F0870220BDE8DE
:10C1E000F087AB69180733D4F6F788FCA0EB08009A
:10C1F000874202D30FB125688AE7636C20200021B3
:10C200002268034384F84010636484F841000120ED
:10C2100084F84210536843F400435360BDE8F0874C
:10C2200022680120536843F400435360D4E7226836
:10C23000B9E793691B04BDD5F6F760FCA0EB0800D5
:10C240008742DAD3002FD8D02268AEE70120C3E7B7
:10C250000823EB61E368022B7FF470AF08E0F6F788
:10C260004DFCA0EB08008742C7D3002FC5D025683E
:10C27000AB691A07F3D55FE70268436B91691268EF
:10C2800003B11847704700BF90F84100704700BFE6
:10C2900090F84120202A23D15FFA82FC90F84020B8
:10C2A0000346012A1CD00268242000B583F841000F
:10C2B0004FF0000E106820F001001060106820F4AC
:10C2C000805010601068014370461160116841F0A1
:10C2D0000101116083F841C083F840E05DF804FB80
:10C2E0000220704790F84120202A22D1034600B551
:10C2F0005FFA82FE90F84020012A1CD002682420B8
:10C300004FF0000C83F84100106820F0010010602D
:10C31000106820F4706040EA0121604611601168E5
:10C3200041F00101116083F841E083F840C05DF8FD
:10C3300004FB0220704702205DF804FB2DE9F04F5A
:10C34000076889B00446384604F0B0F810B109B067
:10C35000BDE8F08F8246206804F058F80028F6D037
:10C36000206804F053F810F0020F206803D04369EE
:10C3700003F00203436104F049F810F4002B206835
:10C3800040F0508104F042F810F4802F206840F013
:10C39000EB8004F03BF8002874DB206804F036F8EA
:10C3A000000564D4206804F031F8020114D5226835
:10C3B000536903F00063536194F8F433002B40F0A9
:10C3C00095810121204684F8F413536DC3F3830350
:10C3D000C4F8F83300F024FC206804F017F8C30414
:10C3E0007BD4206804F012F810F4005F20685DD15F
:10C3F00004F00CF810F0100F206812D0836923F0BD
:10C40000100383613D6AC5F3434305F00F06022B19
:10C4100000F03182062B00F07F81836943F0100326
:10C42000836103F0F3FF070700F15781206803F0F1
:10C43000EDFFC60200F14681206803F0E7FF8502A8
:10C4400000F13581206803F0E1FF400000F1268112
:10C45000206803F0DBFF41077FF579AF23685D6853
:10C460006A0700F129825A682A435A606FE7D7F8B1
:10C470000838D90700F11C822068436903F400637F
:10C48000436190E7D7F8043823F00103C7F8043874
:10C4900094F8F433012B00F038812046FEF7EAFCD3
:10C4A0002068436903F00043436177E704F002F832
:10C4B000206803F0E7FC2568E060F8F79DFF227B29
:10C4C0000146284603F042FC2046FEF7A9FC2068FE
:10C4D000436903F4005343618AE7D7F80438102115
:10C4E000206807F5006523F001036B6003F0B0FCE2
:10C4F0006068B0B107F510634FF67F3199600AF1BB
:10C50000010A1A682033824522F4001243F8202CD5
:10C51000C3F8E811D3F8E02122F40012C3F8E021B7
:10C52000ECD1EB6943F00113EB61236B002B40F07E
:10C53000E1806A6942F22B0313436B612B6943F07C
:10C540000B032B61D7F8003804F57172217C23F4BA
:10C55000FE632068C7F8003803F0C8FF206843690D
:10C5600003F4805343613DE703F068FF8046206891
:10C57000B8F1000F00F0E580264607F510694FF08E
:10C58000000BCDE9037A09E05FEA58080BF1010BD3
:10C5900006F11C0609F1200900F0D58018F0010F02
:10C5A000F2D05FFA8BF7394603F064FFC307054604
:10C5B0001FD50BF00F03039901229A40D1F83438AC
:10C5C00023EA0203C1F834380123C9F8083023698B
:10C5D000012B03D1D6E911231344B3643946204615
:10C5E000FEF710FC2369012B03D1BBF1000F00F013
:10C5F000AC81280702D50823C9F80830E90602D51E
:10C600001023C9F808306A0602D54023C9F808305B
:10C61000AB0702D50223C9F808302D0600F1C68009
:10C620002068B1E703F0FCFE05462068002D00F00D
:10C63000868007F53066A1464FF0000B049707E0AF
:10C640006D080BF1010B06F1200609F11C097DD0E4
:10C65000EB07F5D55FFA8BF1039103F0FDFE10F0C7
:10C66000010F8046039973D118F0080F40F0F28053
:10C67000206818F0100F01D01023B36018F0200FBD
:10C6800005D02169012900F05A812023B36018F4F4
:10C69000005FD5D04FF40053B360D1E72046FEF7DA
:10C6A000F5FB2068436903F080434361D1E62046EF
:10C6B0005FFA8BF1FEF7E2FB2068436903F4001395
:10C6C0004361C0E620465FFA8BF1FEF7DBFB206892
:10C6D000436903F480134361AFE62046FEF79CFBF9
:10C6E0002068436903F008034361A0E62046FEF793
:10C6F000A9FB71E6D5F8843043F00B03C5F884300C
:10C700006B6C43F00B036B641CE70021204684F83C
:10C71000F41300F085FAC3E6C6EBC606082204F55A
:10C720007171384603F0F0FDC5F30A1304EB86027D
:10C730002068D2F814120B44C2F814326DE6AB46EE
:10C7400020E6C34625E6DDE9037A22E6049F19E6E2
:10C75000206801232769B36000F53063012FD0F80A
:10C7600040E003EB4B139A6800F0C580984FBE453C
:10C7700040F0BD80170440F1B6804FF4004218F03D
:10C78000080F9A603FF475AF026C986890498A422E
:10C7900000F0978020460392FEF724FB8D4B039A0E
:10C7A0009A4200F296800823B36061E7D6E91453F9
:10C7B000D4F800A0AB4250463FF6E6AE0AF5106250
:10C7C000716CCDF81CA002EB4B120592EA1A8A425A
:10C7D00028BF0A4605998969033289B2B1EB920FE5
:10C7E000C0F0A980CDF81890C146A046059C1AE07B
:10C7F000736C3A46B16C50469D4228BF1D4698F86E
:10C8000010300093ABB203F069FDB36CA1692B4407
:10C8100089B2B364736D2B440335B1EB950F736527
:10C82000C0F08180356D9D42A5EB0305E0D84446FC
:10C83000C846DDF81890D4F800A0079B01225046A6
:10C8400003F500610BF00F039A404B6B23EA0203E0
:10C850004B6399E62268216902F53063126C012965
:10C8600003EB4B13986891D15A498A4229D8204644
:10C87000FEF7B8FA97E747F6F0731D423FF4CDADE7
:10C88000C6EBC606C5F30A12384604EB8606154603
:10C89000D6F8081203F038FDD6F8083220682B4489
:10C8A000C6F80832D6F814322B44C6F81432B4E570
:10C8B0002046FEF7C7FADFE52046FEF7EBFA2368CD
:10C8C000D1E5020402D54FF400429A602046FEF7FB
:10C8D00089FA216901297FF466AF04F57172206835
:10C8E00003F004FE5FE7900601D520229A602046FF
:10C8F000FEF77EFAB8E6170732D536498E4504D9D9
:10C90000120402D54FF400429A6020460393FEF7CA
:10C9100069FA04F571720121206803F0E7FD08222D
:10C92000039B9A60A0E64446356DC846DDF8189032
:10C93000D4F800A050469D423FF626AE7DE704F5B0
:10C94000717203F0D3FD20689FE6236D002B7FF406
:10C9500050AE04F571720121206803F0C7FD48E66E
:10C96000970608D520229A6018F0080F3FF481AE90
:10C97000026C986878E712F0280FF5D1154FBE4584
:10C9800005D9120403D54FF400429A60ECE71B6905
:10C990002046D9F80422C3F31203D31AC9F814327B
:10C9A000D9F808321344C9F80832FEF721FABBF16E
:10C9B000000F7FF459AED4F81032002B7FF454AE40
:10C9C00004F571720121206803F090FD4CE600BF70
:10C9D0000A31544F0A30544F90F8BC23012A0ED02C
:10C9E000012210B50446006884F8381084F8BC238E
:10C9F00003F0FAFC0023184684F8BC3310BD022073
:10CA0000704700BF10B501F00F0E0906044627D489
:10CA10004FF01C0C0CFB0E0C0CF5FE71CEEBCE0C8B
:10CA200000EB8C0C00208CF8FD018A604A7881F8BC
:10CA300000E0CB700AB1A1F806E0022B01D100237F
:10CA40000B7194F8BC33012B18D00123206884F8B3
:10CA5000BC3303F029FA0023184684F8BC3310BD18
:10CA60001C204FF0010C00FB0E4000F13C01CEEB0E
:10CA7000CE0004EB800080F83DC0D6E7022010BD58
:10CA800010B501F00F041C21C4EBC40C01FB040120
:10CA900000EB8C0C01F5FE71CCF810320023CCF8C1
:10CAA00008228CF8FC41CCF814328CF8FD31036973
:10CAB0000068012B08BFCCF80C22DAB21CB903F0D5
:10CAC00053FB002010BD03F037FA002010BD00BF5B
:10CAD00010B501F00F041C21C4EBC40C01FB0401D0
:10CAE00000EB8C0C3C31CCF850300023CCF84820C3
:10CAF000CCF8543001238CF83C408CF83D3003696D
:10CB00000068012B08BFCCF84C20DAB21CB903F046
:10CB10002BFB002010BD03F00FFA002010BD00BF5A
:10CB200038B5436801F00F059D4234D80B06044622
:10CB30001DD41C22C1EBC10302FB010100EB8303E6
:10CB4000002201F5FE7183F8FD2101230D708B7029
:10CB500094F8BC239A421CD0206884F8BC3303F0BC
:10CB6000E3FBD5B10023184684F8BC3338BD1C2143
:10CB7000C5EBC503012201FB050100EB83033C313A
:10CB800083F83D2001230D708B7094F8BC239A42EA
:10CB9000E2D1022038BD012038BD04F57172217C3C
:10CBA000206803F0A3FCDDE7426838B501F00F030D
:10CBB000934232D811F0800F04464FF01C01C3EBB2
:10CBC000C30219D101FB0341002004EB82020025BE
:10CBD00001F5FE7182F8FD010B708D7094F8BC3385
:10CBE000012B18D00123206884F8BC3303F0D0FB5C
:10CBF000284684F8BC5338BD01FB0341012004EBF7
:10CC0000820200253C3182F83D000B708D7094F853
:10CC1000BC33012BE6D1022038BD012038BD00BF56
:10CC2000704700BF38B5114BDA68520704D4DB688F
:10CC300003F00703834214D10C4CE36823F007038D
:10CC40001843E060F5F75AFF054605E0F5F756FF93
:10CC5000401BB0F57A7F06D863689B04F6D50020A8
:10CC600038BD012038BD032038BD00BF0048025840
:10CC7000024AD36843F08073D3607047004802587B
:10CC800070B44D6A15B1B2F1406F3AD18B691BB3E4
:10CC90000C6A002C4CD08E680068C661CE69002EEC
:10CCA00069D02B4313432343CC6A334323430C6B98
:10CCB00023434C6B23430C692343CC6823430C6808
:10CCC00023434C69B2F1406F43EA8443436165D02A
:10CCD0004B6870BC836170470B6ABBB100682B4323
:10CCE0008C68CE69C461002E6BD01343CC6A334389
:10CCF00023430C6B23434C6B23430C692343CC68C5
:10CD0000DEE78B6A0468013B2361BFE7CB69002B38
:10CD100066D1002D42D0CB6A0C6B2B4300681343C5
:10CD20004A6923434C6B234343EA8243436135E022
:10CD3000CC6945EA030C002C32D003684CEA0200AF
:10CD4000B2F1406F40EA0400CC6A40EA04000C6B88
:10CD500040EA04004C6B40EA0400CC6840EA04005E
:10CD60000C6840EA04004C6940EA8440586115D0E0
:10CD70004A689A6112E045EA030C0D694CEA020325
:10CD8000CA6A23431343D1E90C4223430C6813437B
:10CD90004A692B43234343EA8243436170BC704793
:10CDA000CC6A4CEA020300682343D1E90C422343D6
:10CDB0000C6813434A69234343EA824370BC4361CE
:10CDC0007047CC6A13432343D1E90C4223431343F6
:10CDD000D1E90442234343EA824370BC4361704774
:10CDE0002B43CD6A0C6B134300682B4323434C6BDE
:10CDF00084E700BF70B50446F5F780FE002C54D0E0
:10CE000094F84030012B52D00123064684F840307C
:10CE100094F8413003F0FF02002B34D0A56C226857
:10CE2000A1681368013923F4706343EA0123136096
:10CE300001E06B1C31D1936813F02003F9D1E06954
:10CE4000E16815680143206A0143606841EA0061B6
:10CE50001C482840014360691160A169556801437D
:10CE6000206941EA0041184828400125014318463D
:10CE70005160116829431160636484F841500023B4
:10CE800084F8403070BD204684F84020FCF7B8F8A4
:10CE900041F288331D46A364C1E7F5F72FFE801BDE
:10CEA000A84206D82DB12268C5E7012070BD022036
:10CEB00070BD0423012084F84130636C0343636434
:10CEC000DDE700BF2FFFFF00FEF8E0FFC8B110B59F
:10CED00090F840300446012B11D00268012380F8FD
:10CEE0004030136823F001031360FCF717F90023A7
:10CEF0006364184684F8413084F8403010BD022045
:10CF000010BD0120704700BF2DE9F04104460E46D8
:10CF10001546F5F7F3FD94F84030012B3AD0012384
:10CF200084F8403094F84130012BDFB206D002275C
:10CF30000023384684F84030BDE8F0810023804665
:10CF40006364022384F84130681C23680ED19A6818
:10CF500012F02002FBD131462046FFF791FE736AA2
:10CF6000E3B10123002784F84130E1E79A6812F029
:10CF700020021ED0F5F7C2FDA0EB0800854201D3C8
:10CF8000002DE1D1042384F84130636C43F00103A8
:10CF90006364CDE702273846BDE8F08122689368D4
:10CFA0009B07FCD5022101230027D16084F8413082
:10CFB000BEE731462046FFF763FE736A43B1D0E710
:10CFC000F5F79CFDA0EB08008542DBD3002DD9D0FE
:10CFD000226893689907F3D5E4E700BF2DE9F84389
:10CFE000044689461546F5F789FD94F840302768D0
:10CFF000012B67D0012384F8403094F84130012B95
:10D000005FFA83F807D04FF002080023404684F807
:10D010004030BDE8F88300236364B9F1000F56D0B7
:10D020001223064684F841303B690133E3623B69D1
:10D03000C4F824900133A3627B6923F040637B61D1
:10D04000E36A002B31D06A1C394611D18B685B072B
:10D05000FCD5636A1B7887F82030E26A636A013A7C
:10D060000133E262E26A6362F2B16A1C2168EDD0C8
:10D070008B685807EDD4F5F741FD801B854201D33D
:10D08000002DF2D1042384F84130636C43F0010396
:10D09000636413E0BB689B070CD4F5F72FFD801B7E
:10D0A0008542EFD3002DEDD02768691CF2D1BB6813
:10D0B0009A07FCD502234FF00008FB60012384F897
:10D0C0004130A2E74FF002084046BDE8F883636CA8
:10D0D00043F00803636498E72DE9F84304461546D6
:10D0E0008946F5F70BFD2768BA6994F84030012BA3
:10D0F0006CD0012384F8403094F84130012B5FFA62
:10D1000083F807D04FF002080023404684F84030EF
:10D11000BDE8F88300236364B9F1000F5BD02223DC
:10D12000064684F841303B690133A3633B69C4F888
:10D130003090013363637B6923F0406343F0806385
:10D140007B61BA61A36B002B33D0681C394612D1C6
:10D150008B6813F0060FFBD097F82020236B1A7012
:10D16000A26B236B013A0133A263A26B2363FAB172
:10D17000681C2168ECD08B6813F0060FECD1F5F732
:10D18000BDFC801B854201D3002DF1D1042384F81E
:10D190004130636C43F00103636413E0BB689B0799
:10D1A0000CD4F5F7ABFC801B8542EFD3002DEDD0FE
:10D1B0002768691CF2D1BB689A07FCD502234FF09F
:10D1C0000008FB60012384F841309DE74FF002081E
:10D1D0004046BDE8F883636C43F00803636493E75B
:10D1E0002DE9F84F04461F4689469046F5F786FC20
:10D1F00094F84030012B52D0012384F8403094F849
:10D200004130012B5FFA83FB07D04FF0020B002364
:10D21000584684F84030BDE8F88F002382466364A6
:10D22000422384F841307A1C26682CD1B568AB06BD
:10D23000FCD4D8F8003049462046B362D8F8043010
:10D240007362D8F80830F3623268D8F8103022F4EC
:10D2500040021343D8F80C2043F480033360C9F82C
:10D2600028204FF00062FFF70BFD781C22681BD1CD
:10D2700093681907FCD5082101234FF0000BD160FA
:10D2800084F84130C3E7B3689D06D2D5F5F736FC84
:10D29000A0EB0A00874212D3002FC4D10FE04FF059
:10D2A000020B5846BDE8F88F93681B07E3D4F5F7E7
:10D2B00025FCA0EB0A00874201D3002FD5D104231F
:10D2C00084F84130636C43F0010363649FE700BF5F
:10D2D0002DE9F04704460F461646F5F70FFC94F883
:10D2E0004030012B45D0012384F8403094F8413080
:10D2F000012B5FFA83F907D04FF00209002348465B
:10D3000084F84030BDE8F08700238046D4F848A078
:10D310006364822384F84130BAF1FF3F256814D159
:10D32000AB689A06FCD42B68726823F00803082ABD
:10D3300043EA02032B6021D04FF040623946204679
:10D340004FF00009FFF79CFCD8E7AB689B06EAD5D5
:10D35000F5F7D4FBA0EB0800824502D3BAF1000F29
:10D36000DAD1042384F84130636C43F00103636431
:10D37000C4E74FF002094846BDE8F0873268102341
:10D380002A63EB602B6843F480132B60D4E700BF63
:10D39000704700BF08B5006C00238363C36290F838
:10D3A0004130082B0BD103680222DA601A6842F47C
:10D3B00000321A601A6842F002021A6008BD0123A6
:10D3C00080F84130FFF7E4FF08BD00BF704700BFA1
:10D3D000704700BF704700BF704700BF704700BF75
:10D3E000704700BF704700BF38B5036804469A68AD
:10D3F000196855070ED548030CD594F84120122A18
:10D4000075D094F84120222A00F0A1802046FFF731
:10D41000E5FF38BD950726D5880324D50222DA60BA
:10D420001A6822F4E0221A6094F84120122A7AD075
:10D4300094F84120222A00F0A98094F84120022A81
:10D4400000F0D08094F84120082AE2D15A690121E5
:10D45000204622F040625A6184F84110636C3BBB65
:10D46000FFF7B4FF38BD150725D4D50735D5C80358
:10D4700033D50125DD601A6822F470221A60626CCF
:10D4800042F0020262641A68520779D51A68E06BAA
:10D4900022F004021A60574B836504F0FFFE002857
:10D4A000B7D0636C204643F00403636484F84150B2
:10D4B000FFF76EFF38BD0803D7D50822DA601A6877
:10D4C000520206D51A68012122F410221A6084F84B
:10D4D00041102046FFF784FF38BDD00699D5CA0217
:10D4E00097D510222046DA60FFF77CFF38BD9A6896
:10D4F00050078BD518460EE0626A127883F8202018
:10D50000E16A20680139626AE1620132816862621F
:10D510004D077FF57BAFE26A002AEDD1036823F463
:10D520008023036072E71A68510709D51A68E16B16
:10D5300022F0040209681A60CB6823F00103CB6073
:10D540000123204684F84130FFF746FF38BD9A6832
:10D5500052077FF55BAF18460EE093F82010226B60
:10D560001170A16B20680139226BA16301328168BF
:10D57000226349077FF54AAFA26B002AEDD1CDE7C0
:10D58000204684F84150FFF703FF38BD1A68520760
:10D590001DD49A6812F47C5F0FD111E093F820102B
:10D5A000226B1170A16B20680139226BA1630132DB
:10D5B0008168226311F47C5F02D0A26B002AEDD156
:10D5C0000123204684F84130FFF704FF38BD1A6874
:10D5D000E16B22F0040209681A60CB6823F00103B2
:10D5E000CB60EDE70123204684F84130FFF7F0FEE1
:10D5F00038BD00BF95D30008F8B501680546AC4BAF
:10D6000099421FD0203399421CD003F57873994278
:10D6100058D02033994255D003F57873994200F0E1
:10D620001E812033994200F01A8195F89130A14E65
:10D6300003F0FF026BB9284685F89020FBF756FEF1
:10D64000296806E09C4E95F8913003F0FF02002B0C
:10D65000F1D09A4B9A4A1B68A2FB03230A681B0B62
:10D6600022F480329B000A6023B30C68013B14F45F
:10D670008034F9D1022385F89130EB68012B00F05A
:10D680001081022B15BF032023200227222715BF5C
:10D690004FF0010C4FF0210C00222022AB68013B1F
:10D6A000042B00F24B81DFE813F0CF001000D6000E
:10D6B0000F00D200D5F89430012043F04003C5F8A4
:10D6C0009430F8BD7F4EBEE73A464FF400672B6AB0
:10D6D0003260002B44D0764B994200F01E817A488C
:10D6E000081AB0FA80F04009002840F01681774B04
:10D6F000994200F00C812033994200F00881744B6C
:10D70000994200F0FE802033994200F0FA80714B7C
:10D71000994200F00881704B994200F00A81AB6990
:10D7200000EB8000B3F5002F4FEA400300F0E280E9
:10D73000AA6A296AB2F1806F0CBF0222012201FBA2
:10D7400002F21202B3FBF2F3644AA2FB0312D20804
:10D7500002EB8201A3EB4103092B08BF01326A628D
:10D760006B6833F002032B6D40F09680012B14BFE1
:10D770004FF400740024F5F7D9F9696CB0F5005F37
:10D78000D5E9003242EA0102A96C42EA0102E96CE1
:10D7900042EA0102E96A42EA0102696942EA0102D7
:10D7A00072D3A96918680A43A96A0A434C4901401F
:10D7B000196029690A4319680A43696A42EA0152F1
:10D7C00048493A4322431A605A68286B1140EA6973
:10D7D0000243686B5960024359680A4342495A60E0
:10D7E0009A6811406A6E9960E96D98680A43296EDB
:10D7F0000A43696D01390A43A96D013942EA0122E0
:10D8000002434FF220009A60D968AA6E0140D960A5
:10D81000E96ED8680A43696F42EA0142296F01390B
:10D8200042EA0122224902438B42DA6019D0294A96
:10D83000934216D000230122C5F89430184685F88B
:10D84000903085F89120F8BD4FF480673FE702469D
:10D850004FF400673BE762464FF4006737E7234E1B
:10D86000F1E6736C23F00103736495F83830012BF3
:10D87000E0D1D5E90F23013A43EA02137364736CD4
:10D8800043F001037364D5E7A96918680A4318498E
:10D8900001401960A96A8DE7012B08BF4FF400749D
:10D8A00069E7132012274FF0110C1022F6E600BF93
:10D8B000045801400054005800580140440200241C
:10D8C0001BECCB95005C014024580140045C0140F6
:10D8D000046001400454005824540058CDCCCCCCF2
:10D8E00010C005F0F01FFFFF0080F8FF006001404E
:10D8F00010C005F82A6A696D01FB02F2B3FBF2F36E
:10D9000022E74FF40070F8F743FE2968FFE64FF472
:10D910000070F8F73DFE2968F1E64FF48070F8F7E3
:10D9200037FE2968E3E64FF48060F8F731FE296896
:10D93000F1E64FF40060F8F72BFEF0E60027C6E6AC
:10D94000022938B5044635D9C81E012830D8002030
:10D9500023676064E064E065A0664FF6FF7060676F
:10D96000606830F002000CBF0125002504294FF447
:10D97000003125650CBF01200D2021664FF4802168
:10D98000A0656166032A13D8DFE802F0474E5436DB
:10D990002368484A934205D002F1C052A2F5823270
:10D9A000934205D16368012B02D1636C002B2FD009
:10D9B000012038BD002023676064E064A0666068D1
:10D9C00030F0020014BF0120002020654FF48030A9
:10D9D000E0654FF6FF70606713F00100E8D14D1E5F
:10D9E000012D29D860664FF400302066032ADFD865
:10D9F000DFE802F05546362CE0215B018022A1646D
:10DA00006365E266F5F792F894F83830012BBFD0E1
:10DA10002046BDE83840FFF7EFBD80211B014022C2
:10DA2000A1646365E266EDE780225B01A264636541
:10DA3000E266E7E7C021E0E720664FF480206066F9
:10DA4000032AB5D8DFE802F02B1C0C025B08E020AB
:10DA500080219A01A0645B01E166C4E91523D1E746
:10DA60005B08C022802502294FEA8310A2644FEA96
:10DA70004313E5666065A365C4D10823A366C1E7C7
:10DA80005B08802202294FEA8310A2644FEA431305
:10DA9000E266C4E91503B5D11023A366B2E75B08BB
:10DAA000802040215A01A0641B01E166C4E91523CE
:10DAB000A8E700BF045801402DE9F8430F4604468B
:10DAC0001546F5F71BF8002F61D0B5FA85F84FEA37
:10DAD0005818002D5BD094F89130012B5FFA83F930
:10DAE00050D194F89030012B4CD04346C4F8948028
:10DAF0000646D4F8800065F30F03226884F89090FE
:10DB0000394665F31F43A7671C32E3672B4612258E
:10DB100084F891502E4DC0F8508005642D4DC5639A
:10DB20002D4DC564F6F714FB00283ED1636C082B1D
:10DB3000636831D005216122023B012B98BF114659
:10DB4000226813690B431361136843F400331360B5
:10DB500006E0F4F7D3FF831BB3F57A7F2AD8226857
:10DB6000556915F4E025F4D01368DB0303D413687A
:10DB700043F4803313600023994684F8903048467C
:10DB8000BDE8F8834FF002094846BDE8F8834FF03E
:10DB900001094846BDE8F88323F00202012A0BBFC1
:10DBA0001521052171226122C6E7484684F890803C
:10DBB000BDE8F883D4F894304FF0030984F890500E
:10DBC00043F040034846C4F89430BDE8F88300BFF2
:10DBD00019DD0008B1DC000899DD0008F8B500295E
:10DBE0004ED0B2FA82F513466D09002A48D090F85B
:10DBF00091200446012AD6B23FD190F89020012A04
:10DC00003BD081670A462946222780F8906063F35B
:10DC10000F01C0F8945063F31F41C167D0F884002E
:10DC200084F891701E4F216807641E4F1C310565F2
:10DC3000C7631D4FC764F6F78BFA20BB23681A68C9
:10DC4000D20303D41A6842F480321A60626C082A44
:10DC500062681CD005216120023A012A98BF014662
:10DC60001A6900200A4306461A611A6842F4003213
:10DC70001A6084F890003046F8BD02263046F8BDA0
:10DC800001263046F8BD304684F89050F8BD22F0A9
:10DC9000020101290BBF1521052171206120DBE75D
:10DCA00089DD000825DD000899DD0008704700BF08
:10DCB00008B5C369806BB3F5807F1BD003684FF054
:10DCC000000C416C1A680829A0F87EC022F40032CA
:10DCD0001A60426811D06FF0610C6FF00501023AD2
:10DCE000012A98BF61461A694FF0010C0A401A6177
:10DCF00080F891C0FFF7DAFF08BD22F00201012988
:10DD00000BBF6FF0710C6FF0610C6FF015016FF0CD
:10DD10000501E4E7704700BF806B08B5FFF7FAFF25
:10DD200008BD00BF08B5C369806BB3F5807F1BD009
:10DD300003684FF0000C416C1A68082922F4003285
:10DD40001A604268A0F87EC011D06FF0610C6FF0CD
:10DD50000501023A012A98BF61461A694FF0010C89
:10DD60000A401A6180F891C0FBF7C6FB08BD22F09B
:10DD7000020101290BBF6FF0710C6FF0610C6FF0A5
:10DD800015016FF00501E4E7806B08B5FBF778FB40
:10DD900008BD00BF704700BF10B5846BF6F7E2FE08
:10DDA000022823D0D4F89420216842F08002134B3B
:10DDB0001348C4F894201B680A68A0FB030322F4EC
:10DDC00000321B0B0A600A689B0022F480320A6052
:10DDD0006BB10A68013BD203FAD40122002320462A
:10DDE00084F89120A4F87E30FFF7D4FF10BDD4F85A
:10DDF000943043F04003C4F89430EEE7440200242A
:10DE00001BECCB9518B338B590F82C3004460D4672
:10DE100003F0FF02B3B12146022384F82C3051F8FD
:10DE2000040B01F0E7FE62682946206801F020FF3C
:10DE3000084A01210020136843F00043136084F86E
:10DE40002C1038BD80F82D20F8F7B4FFE3E701204F
:10DE5000704700BF0040005270B590F82C30044667
:10DE6000022BD8B204D000F0FB06012E01D0012015
:10DE700070BD02230D46206884F82C3001F044FF69
:10DE80002B68022B03D0002084F82C6070BD052382
:10DE9000002084F82C3070BD38B590F82C30044642
:10DEA000022BD8B205D094F82C30012BDDB201D072
:10DEB000012038BD0223206884F82C3001F038FF9F
:10DEC000002084F82C5038BD2DE9F8431E46D0F8C8
:10DED0008030202B71D18946002947D0B2FA82F7D1
:10DEE00014467F09002A41D090F87C300546012B6A
:10DEF00063D00123C0F8887080F87C302123C0F8FB
:10DF00008030F4F7FBFDAB688046A5F85440B3F5CC
:10DF1000805FA5F8564060D0B5F856309BB2002B14
:10DF200059D02C68721C24D1E2691306FCD5B9F1D2
:10DF3000000F3DD019F8013BA362B5F85630013B04
:10DF40009BB2A5F85630B5F856309BB2002BE9D1FC
:10DF5000711C35D1E3695A06FCD5002320221846EE
:10DF6000C5F8802085F87C30BDE8F8830120BDE845
:10DF7000F883E3691806DAD4F4F7C0FDA0EB0800D3
:10DF8000864201D3002ECCD12B682021002403200F
:10DF90001A6822F4D0721A609A6822F001029A601C
:10DFA000C5F8801085F87C40C5F88410BDE8F8837A
:10DFB00037F8023BC3F30803BEE70220BDE8F8834D
:10DFC000E3695B06C9D4F4F799FDA0EB080086422B
:10DFD000DAD3002ED8D02C68BAE72B69002B9BD15E
:10DFE0004F46994698E700BFF8B5D0F88070202FCB
:10DFF00044D1002940D0B2FA82F67609002A3BD0FB
:10E00000044690F87C00012838D001252123606F58
:10E01000A4F856202165C4F88860A4F8542084F838
:10E020007C50C4F88030D8B1DFF854C01346226861
:10E03000C0F83CC0DFF84CC028320665C0F840C0CC
:10E04000DFF844C0C0F84CC0F6F782F840B11023A6
:10E05000284684F87C60C4F88830C4F88070F8BD25
:10E060002368002240211046196284F87C209A68B7
:10E0700042F080029A60F8BD0120F8BD0220F8BD90
:10E0800039E1000869E10008B9E10008F8B5D0F805
:10E090008470202F48D1002944D0B2FA82F6760944
:10E0A000002A3FD090F87C300446012B3CD001255B
:10E0B0002223C0F888608165A0F85C2080F87C503D
:10E0C000C0F88430806FE0B1DFF860C013460A46C4
:10E0D0002168C0F83CC0DFF858C024310665C0F89C
:10E0E00040C0DFF850C0C0F84CC0F6F731F840B17E
:10E0F0001023284684F87C60C4F88830C4F8807007
:10E10000F8BD2368002084F87C001A6842F480720D
:10E110001A609A6842F001029A609A6842F04002DE
:10E120009A60F8BD0120F8BD0220F8BD75E1000835
:10E13000ADE10008B9E1000808B5C369806BB3F52B
:10E14000807F0CD003680022A0F856209A6822F045
:10E1500080029A601A6842F040021A6008BDFCF71B
:10E16000EDF808BD704700BF806B08B5FFF7FAFFF8
:10E1700008BD00BF08B5C369806BB3F5807F12D0BE
:10E18000036800222021A0F85E201A6822F4807221
:10E190001A609A6822F001029A609A6822F040029E
:10E1A0009A60C0F88410FCF7CDF808BD806B08B504
:10E1B000FCF712F908BD00BF806B38B50368D0F8D2
:10E1C0008040D0F884109A68150601D5212C1DD006
:10E1D0009A68520601D5222908D0D0F8883043F039
:10E1E0001003C0F88830FCF73FF938BD00240F4A0F
:10E1F0002025A0F85E40196821F490711960996893
:10E200000A409A60C0F88450C466E6E700222024E1
:10E21000A0F856201A6822F0C0021A609A6822F408
:10E2200000029A60C0F88040D2E700BFFEFFFFEF17
:10E230000268D36970B51E0715680446916800F03E
:10E2400084806C4805F4907C08405CEA00061DD18F
:10E25000D80202D54E0200F19D80180606D501F4C1
:10E26000000105F08000014340F08C805E0602D57D
:10E27000680600F19B80190202D56A0000F1A380B4
:10E28000DB0102D5002DC0F2AA8070BDDE0709D5E2
:10E29000EE0507D501261662D4F8886046F001061F
:10E2A000C4F888609E0760D5CE0709D5022616629D
:10E2B000D4F8886046F00406C4F888605E0758D435
:10E2C0001E070CD505F0200C5CEA000007D00820E2
:10E2D0001062D4F8880040F00800C4F88800D4F830
:10E2E00088000028D1D09E0606D505F0200501F053
:10E2F000805155EA01036BD1D4F88850936805F03A
:10E30000080503F040031D436ED0116820203A4BEE
:10E3100021F49071116091680B4000219360C4F862
:10E3200084009368E1665D063CD59368A06F23F096
:10E3300040039360002835D0304B0365F6F728F88A
:10E340000028A2D0A06F036D0CE09E0680D505F0DA
:10E35000200C01F0805E5CEA0E063FF479AFC36EDC
:10E36000002B92D0BDE8704018475E07A8D5CE07B5
:10E37000A6D504261662D4F8886046F00206C4F8D2
:10E3800088609DE7236F002B3FF47FAF2046BDE8F8
:10E39000704018474FF4801320461362BDE8704068
:10E3A00001F068BB2046FCF75FF870BD13682020C1
:10E3B000002123F040031360C4F880002046216749
:10E3C000FBF7BCFF70BD2046BDE8704001F056BBB6
:10E3D000E36E002B90D02046984722688CE72046B9
:10E3E000BDE8704001F048BB2046FCF73DF8C4F89A
:10E3F000885070BD01000010FEFFFFEF01E400082F
:10E4000008B5806B0023A0F85E30A0F85630FCF70A
:10E410002BF808BDD0F88020D0F884001043704756
:10E42000F0B58268044687B02368D0E904101D68FF
:10E430000A43616E0243E06902430A43A849294046
:10E44000A84D0A43E168AB421A605A6822F4405270
:10E4500042EA0102A1695A6000F09D80226A9D682B
:10E460001143A14A666A2A4011439960DA6A22F090
:10E470000F023243DA629D4A934224D09C4A93426F
:10E4800055D09C4A934200F02F829B4A934200F061
:10E490009B829A4A934200F0E980994A934200F0A5
:10E4A0009D82984A934200F0D885974A934200F0A3
:10E4B000D682012500234FF0011228462367C4E9C4
:10E4C0001A2307B0F0BD914B5B6D03F03803282B86
:10E4D000EFD88F4AD55CB0F5004F33D0202D00F235
:10E4E000D981202D00F2B680DFE815F0A8017B016C
:10E4F000B400B4007201B400B400B4004901B40027
:10E50000B400B400B400B400B400B4001C01B40002
:10E51000B400B400B400B400B400B400B400B4005B
:10E52000B400B400B400B400B400B400CA00774B27
:10E530005B6D03F00703052BBBD8764AB0F5004F9F
:10E54000D55CCBD1202D00F21482202D00F2008268
:10E55000DFE815F08A035804FE01FE012804FE01DD
:10E56000FE01FE018604FE01FE01FE01FE01FE0128
:10E57000FE01FE01F203FE01FE01FE01FE01FE01AD
:10E58000FE01FE01FE01FE01FE01FE01FE01FE0193
:10E59000FE01FE01B7039868534A02405B480A43F4
:10E5A0009A60DA6A616A22F00F020A43DA62836DC6
:10E5B00003F00703052B3FF67CAF574AD65C202EAD
:10E5C00000F29C81012E7FF674AFB31E1E2B3FF626
:10E5D00070AF01A252F823F08FEB0008B3E40008FB
:10E5E00039EB0008B3E40008B3E40008B3E4000822
:10E5F00003EC0008B3E40008B3E40008B3E4000847
:10E60000B3E40008B3E40008B3E40008B3E400088E
:10E61000A3EB0008B3E40008B3E40008B3E4000887
:10E62000B3E40008B3E40008B3E40008B3E400086E
:10E63000B3E40008B3E40008B3E40008B3E400085E
:10E64000B3E40008B3E40008B3E40008B3E400084E
:10E6500019EC000801250023A3F110014FF6EF7219
:10E6600091423FF626AF2268D36023E7274B5B6DCC
:10E6700003F00703052B3FF61CAF284AD55C2AE7B9
:10E68000002E00F0B581012E00F09E85022E00F0D4
:10E69000B185032E00F0D885042E00F0F485052EF8
:10E6A00000F08486062E00F0BE86072E00F0FD8660
:10E6B000082E00F05087092E00F07B870A2E00F00C
:10E6C000DC8743F60953164A0B2E18BF13466268BF
:10E6D000002503EB5203B3FBF2F39BB2BCE700BF90
:10E6E000F369FFCF000C0058FFF4FF110010014048
:10E6F0000044004000480040004C004000500040F2
:10E700000014014000780040007C004000440258A2
:10E71000704001089C400108A44001089C40010889
:10E7200000093D00B34B1A68920640F16F811A68E8
:10E73000B14BC2F3C102D340002EC8D0012E00F06D
:10E74000EF81022E00F0C584032E00F0BF84042E5A
:10E7500000F02B85052E00F09D86062E00F0DC864D
:10E76000072E00F01C86082E00F04E86092E00F0C1
:10E770008E860A2E00F0E3860B2EA8D126E003A891
:10E78000F7F78AFD626A049B002AA0D0012A00F0F4
:10E79000C781022A00F09D84032A00F09784042A8E
:10E7A00000F00385052A00F0FD84062A00F07E852E
:10E7B000072A00F0F485082A00F02686092A00F0CE
:10E7C00066860A2A00F0BB860B2A80D11B0A7EE7E8
:10E7D0006846F7F7A3FC626A019B002A3FF477AF13
:10E7E000D4E7F6F73BFE636A03B3012B00F0F38432
:10E7F000022B00F0CE84032B00F0C884042B00F021
:10E800001785052B00F01185062B00F00686072BD7
:10E8100000F04886082B00F09B86092B00F0E1866B
:10E820000A2B00F03B870B2B08BF000A626800250B
:10E8300000EB5203B3FBF2F39BB20DE7F6F7F2FDE8
:10E84000636A03B3012B00F0C984022B00F0A78494
:10E85000032B00F0A184042B00F0E484052B00F0CE
:10E86000DE84062B00F0E685072B00F03686082BA9
:10E8700000F08786092B00F0B1860A2B00F0FA869B
:10E880000B2B08BF000A626800EB5203B3FBF2F3E4
:10E890009BB2E1E6402D7FF40CAE002E00F0DC8050
:10E8A000012E00F09484022E00F0A784032E00F0C5
:10E8B000C784042E00F0EC84052E00F07A85062E25
:10E8C00000F0B485072E00F0FE85082E00F0498682
:10E8D000092E00F08B860A2E00F029870B2E0CBF24
:10E8E00080234FF40043F2E6424B5B6D03F00703D5
:10E8F000052B3FF6DEAD414AD55CECE5402E7FF4BA
:10E90000D8AD002900F0B580012900F06E840229FD
:10E9100000F08284032900F0AF84042900F03B85D5
:10E92000052900F06985062900F0AD85072900F06A
:10E93000EF85082900F03686092900F05B860A2950
:10E9400000F0F9860B290CBF80254FF4004592E0BA
:10E9500001250023A3F110014FF6EF7291423FF61B
:10E96000A8AD23F00F02C3F3420313432268D36020
:10E97000A0E5402D7FF49DAD002E00F0D380012E48
:10E9800000F0D280022E00F06D84032E00F0F4849B
:10E99000042E00F02585052E00F06885062E00F077
:10E9A000C285072E00F01086082E00F04886092E3A
:10E9B00000F059860A2E00F0EC860B2E0CBF4FF4A7
:10E9C00080704FF48030AFE00A4B5B6D03F00703BB
:10E9D000052B3FF66EAD0A4AD55C7CE5054B5B6DB9
:10E9E00003F03803282B3FF664AD064AD55C72E588
:10E9F000054B6CE6004402580090D0039C4001088F
:10EA00009C4001087040010800093D00002E00F004
:10EA1000BA83012E00F0FD83022E00F02A84032E1B
:10EA200000F0B684042E00F0E484052E00F0288562
:10EA3000062E00F08785072EDAD0082E00F0C4835A
:10EA4000092E00F0D7830A2E00F01D84B44BB54A7E
:10EA50000B2E18BF13463AE64FF4004337E6B24B8D
:10EA60005B6D03F00703052B3FF623ADAF4AD55C82
:10EA700031E54FF40045676807EB4703AB423FF6CB
:10EA800018ADB5EB073F3FF614AD202E00F2F08233
:10EA9000012E7FF60EAD023E1E2E3FF60AAD01A3FB
:10EAA00053F826F0E1EF0008B3E40008B7EF0008E0
:10EAB000B3E40008B3E40008B3E4000855EF00082D
:10EAC000B3E40008B3E40008B3E40008B3E40008CA
:10EAD000B3E40008B3E40008B3E40008E9EE00087A
:10EAE000B3E40008B3E40008B3E40008B3E40008AA
:10EAF000B3E40008B3E40008B3E40008B3E400089A
:10EB0000B3E40008B3E40008B3E40008B3E4000889
:10EB1000B3E40008B3E40008B3E4000871EE0008B1
:10EB20005B08D4E54FF480306268002500EB5203A7
:10EB3000B3FBF2F39BB20DE76846F7F7EFFA636AAF
:10EB4000019D03B3012B00F0CF82022B00F0C7829E
:10EB5000032B00F0C182042B00F02F83052B00F063
:10EB60002983062B00F09883072B00F02684082BBE
:10EB700000F04D84092B00F09B840A2B00F0FB84ED
:10EB80000B2B00F06582002D3FF494AC73E7F7F790
:10EB9000B3FA636A0546002BD4D1002D3FF48AAC4A
:10EBA00069E7614B1A68950640F1A5821B685D4DC7
:10EBB000C3F3C103DD4000293FF45DAF012900F03C
:10EBC0004D83022900F04683032900F04083042985
:10EBD00000F04584052900F08384062900F0D484E0
:10EBE000072900F02085082900F04F85092900F049
:10EBF000F9850A2900F0FD850B297FF43CAF2D0A29
:10EC000039E703A8F7F748FB636A049D002B99D105
:10EC1000002D3FF44FAC2EE7002900F06A82012955
:10EC200000F0DF82022900F0F282032900F028833D
:10EC3000042900F0AA83052900F0D883062900F0F2
:10EC40002E84072900F06184082900F0AF84092987
:10EC500000F0EF840A2900F0148543F60955344B7F
:10EC60000B2918BF1D4606E7F6F7DCFB636A03B302
:10EC7000012B00F0CA82022B00F0F782032B00F078
:10EC80007F83042B00F0B083052B00F0EB83062B71
:10EC900000F05084072B00F09E84082B00F0B9840C
:10ECA000092B00F0E4840A2B00F070850B2B08BFC1
:10ECB000000A61684A0802EB4003B3FBF1F39BB220
:10ECC00048E6002E00F03A82012E00F09A82022ED1
:10ECD00000F0C682032E00F04D83042E00F07E83E8
:10ECE000052E00F0BA83062E00F02184072E00F0D6
:10ECF0006F84082E00F08284092E00F0CC840A2E46
:10ED000000F06C8547F612230A4A0B2E18BF1346F3
:10ED10006268002503EB5203B3FBF2F39BB219E6E2
:10ED200090D003000090D003004402589C4001089A
:10ED300000093D0000127A00A44B1A68910640F1C8
:10ED4000FF811A68A24BC2F3C10223FA02F206B392
:10ED5000012E00F0B182022E00F03783032E00F066
:10ED60006F83042E00F0C683052E00F00084062E6B
:10ED700000F06F84072E00F07184082E00F00385E8
:10ED8000092E00F03C850A2E00F036850B2E08BFB8
:10ED9000120A616800254B0803EB4203B3FBF1F351
:10EDA0009BB2D7E56846F7F7B9F9626A019902B3F1
:10EDB000012A00F00782022A00F01A82032A00F0DA
:10EDC0003A82042A00F06282052A00F0EB82062AC9
:10EDD00000F01683072A00F07483082A00F0A1834C
:10EDE000092A00F001840A2A00F05B840B2A08BF7C
:10EDF000090A62680025530803EB4103B3FBF2F3F1
:10EE00009BB2A7E5F6F72AFB636A03B3012B00F078
:10EE1000FA81022B00F02B82032B00F08382042B5B
:10EE200000F0DA82052B00F02583062B00F06983C1
:10EE3000072B00F0C283082B00F0EE83092B00F0B3
:10EE40007E840A2B00F08D840B2B08BF000A6168BA
:10EE500000254A0802EB4003B3FBF1F39BB279E5CE
:10EE600003A8F7F719FA626A0499002AC1D09FE74C
:10EE7000616A002900F05482012900F01F830229F1
:10EE800000F08B83032900F0BF83042900F0008485
:10EE9000052900F0AA84062900F08E84072900F0D5
:10EEA0008784082900F0E584092900F0DE840A2916
:10EEB00000F0A8844748484B0B2918BF184600218A
:10EEC0007B083A4618184FF0000341F10001F1F7B2
:10EED0001BFCA0F54073414A93423FF6EAAA23681F
:10EEE0000025D860FFF7E6BA384A116811F0200112
:10EEF00000F0E781136800213548C3F3C103D8400F
:10EF0000636A0BB3012B00F04B83022B00F07F836D
:10EF1000032B00F00584042B00F05D84052B00F02A
:10EF20002C84062B00F0A984072B00F0B484082B56
:10EF300000F0AD84092B00F094840A2B00F08D843E
:10EF40000B2B01D1000A00210902030241EA1061E2
:10EF50007808B6E703A8F7F79FF90498636A0021D9
:10EF600002460BB3012B00F03582022B00F08682A3
:10EF7000032B00F0C182042B00F02183052B00F04D
:10EF80004D83062B00F09083072B00F02184082B83
:10EF900000F00B84092B00F004840A2B00F052844B
:10EFA0000B2B01D1100A002162680902030241EA19
:10EFB0001061500886E76846F7F7B0F80198636A71
:10EFC00000210246002BEFD0CCE700BF00440258DE
:10EFD0000090D00300093D000000093DFFFC0F0038
:10EFE000F7F78AF8626A002103460AB3012A00F0A3
:10EFF0006E82022A00F0B982032A00F02483042AD8
:10F0000000F09383052A00F0A683062A00F0DA8335
:10F01000072A00F0D583082A00F01C84092A00F092
:10F0200015840A2A00F02F840B2A01D1030A00213B
:10F0300062680902180241EA13615308C0184FF0D0
:10F04000000341F10001F1F75FFBA0F5407342E7D7
:10F050002D0A002D3FF42EAA0DE5B54B5B6D03F094
:10F060000703052B3FF625AAB24AD55CFFF733BA52
:10F07000402E7FF41EAA616A002900F04E8101290A
:10F0800000F02782022900F08482032900F0CE825A
:10F09000042900F05783052900F05983062900F060
:10F0A0006883072900F06083082900F0B7830929E5
:10F0B00000F0AF830A2900F0C0830B294FF0000154
:10F0C0000CBF4FF400404FF40000F9E69A4AA2FB4F
:10F0D00003239B08FFF7FBBA974BA3FB0535AD084D
:10F0E000002D3FF4E7A9C6E46D08002D3FF4E2A926
:10F0F000C1E4924DBFE400295AD0012900F0AC8050
:10F10000022900F0DB80032900F06181042900F06E
:10F11000A181052900F0EB81062900F0168207295C
:10F12000E7D008295DD0092971D00A2900F02D8186
:10F13000834D844B0B2918BF1D469CE4824BE7E5A9
:10F14000002E50D0012E00F0AF80022E00F03B8147
:10F15000032E00F07A81042E00F0C781052E00F006
:10F16000FD81062E00F04D82072EE7D0082E48D0F4
:10F17000092E75D00A2E00F03181744B744A0B2E83
:10F1800018BF1346C4E56F4BFFF7A1BA6A4BA3FB48
:10F1900000308008FFF74ABB674BA3FB00308008B4
:10F1A000FFF771BB6B4AA2FB0323DB08FFF78FBAA3
:10F1B000644D60E4674BA3FB0535ED08002D3FF47B
:10F1C00079A958E4490814E6634BFFF780BA4FF475
:10F1D0008043FFF77CBA4008FFF728BB4008FFF7E1
:10F1E00052BB5D4D47E45A4B92E54FF4804542E4F3
:10F1F0008908FEE5594BFFF76ABA4FF40053FFF751
:10F2000066BA4E4B84E5400821E6400851E5534D6F
:10F2100031E4534BFFF75BBA4FF400552BE44D4BF1
:10F22000A3FB0030C008FFF72EBB4A4BA3FB003006
:10F23000C008FFF7FBBA404BA3FB01239908D8E5B0
:10F2400041F25553FFF743BA464BFFF740BA3A4BEA
:10F25000A3FB0535AD080EE4414D0CE46D080AE44E
:10F260003D4B55E54FF480405EE4800821E5800881
:10F27000EDE53D4BFFF72BBA41F25555FFF7FBBBD0
:10F28000384DFFF7F8BB314BFFF721BAC908B0E59D
:10F290004FF48053FFF71BBA0C23B5FBF3F5002D99
:10F2A0003FF408A9FFF7E7BB264B31E5224AA2FB52
:10F2B0000323DB08FFF70BBA52086AE52A4DFFF774
:10F2C000DABB626A002A00F0C280012A00F079816C
:10F2D000022A00F0B281032A00F0C381042A00F060
:10F2E0005E82052A00F05982062A00F09E82072AD3
:10F2F00000F09982082A00F09D82092A00F0978286
:10F300000A2A00F083820B2A184A0E4B0EBF0021F6
:10F310000321134678083A4690E64FF40000CFE503
:10F320001348CDE5044BA3FB002398088FE500BFED
:10F33000004402589C400108ABAAAAAA00093D005B
:10F3400090D003000090D00300127A0020A10700A3
:10F350000020A107CDCCCCCC80841E0040420F0001
:10F360000048E8012A2C0A000024F400000090D094
:10F370000000093DCF4BCBE442F6AA20FFF7D4BBF7
:10F38000CD4BA3FB0023980893E4CC4DFFF773BB50
:10F39000CB4BFFF79CB94FF48055FFF76CBB1B09B3
:10F3A000FFF795B90A23B1FBF3F122E5C54BFFF74F
:10F3B0008EB940F6CC43FFF78AB92D09002D3FF4F2
:10F3C00079A8FFF758BBC04BA2E49208E1E4BC4D1A
:10F3D000FFF751BB4008E7E5C00838E5BB4B97E4B1
:10F3E0004FF40050FFF7A0BBC00862E4B54DFFF733
:10F3F00042BBB74BFFF76BB940F6CC45FFF73BBBC1
:10F400000C23B1FBF3F1F4E45B09FFF760B96D097C
:10F41000002D3FF44FA8FFF72EBBA74BA3FB0030F6
:10F42000C008FFF703BAAB4BFFF751B940F6AA2368
:10F43000FFF74DB9A04BA3FB0030C008FFF723BA7C
:10F440009D4BA3FB02239A08A3E4A34B60E4A34BC8
:10F4500003215FE79E4DFFF70EBBA14B58E4ED087B
:10F46000FFF709BB0A23B0FBF3F022E441F6981042
:10F47000FFF75ABB0A23B0FBF3F0E8E4800893E5FA
:10F48000984BFFF724B940F6AA25FFF7F4BA9B0979
:10F49000FFF71DB90A22B3FBF2F3FFF718B98D4D40
:10F4A000FFF7E9BA0009FFF7C1B98F4BFFF70FB9B2
:10F4B000AD09002D3EF4FEAFFFF7DDBA8B48002109
:10F4C000FEE4090995E44FF40063FFF700B943082F
:10F4D000AEE54FF480000021F2E40009FFF7D3B954
:10F4E0000A23B5FBF3F5FFF7C6BA814B10E47D4D57
:10F4F000FFF7C1BAD2084CE406220023F1F704F961
:10F5000052E50C23B0FBF3F0A1E4774DFFF7B3BA5B
:10F510004FF40065FFF7AFBA0C22B3FBF2F3FFF72D
:10F52000D6B8490965E441F25450FFF7FDBA714B72
:10F53000FFF7EEBB0C23B0FBF3F0FFF7BABBDB0920
:10F54000FFF7C5B86C4BFFF7C2B86B4DFFF793BA26
:10F550004009FFF76BB9694BFFF7B9B8684BFFF784
:10F56000D7BB4FF48063FFF7B2B8830860E50A2386
:10F57000B2FBF3F20DE4ED09002D3EF49BAFFFF773
:10F580007ABA4009FFF77FB90C23B5FBF3F5FFF713
:10F5900072BA4FF40010002192E45A4800218FE41F
:10F5A0004008D1E44FF48065FFF765BA534DFFF78B
:10F5B00062BA4FF22443FFF78AB8000947E4C00853
:10F5C000F2E4514B1146A5E64FF48050FFF7ACBA78
:10F5D0003A4BFFF79DBB0009FFF76BBB8009FFF7B4
:10F5E00052B98009FFF722B9890902E44FF4007388
:10F5F000FFF76DB84FF40075FFF73DBA3A4BFFF7D0
:10F6000087BB2F4BFFF784BB4048002158E480089C
:10F610009AE44009FFF74DBB400918E40A22002391
:10F62000F1F772F8C0E42D09FFF725BA3848002138
:10F6300046E44FF22445FFF71EBA364B6AE64FF414
:10F640000060FFF771BA00230622F1F75DF8034668
:10F65000EEE40C23B2FBF3F2FFF79BBB1209FFF7BA
:10F6600098BB2D4B56E64FF48060FFF75DBA8009DA
:10F67000FFF71FBBC009FFF706B947F61223FFF7D4
:10F6800026B847F61225FFF7F6B96D09FFF7F3B96B
:10F690002248002114E4194BFFF73ABBC009FFF7D9
:10F6A000C5B8C909FFF7A5BB0C220023F1F72CF858
:10F6B0007AE400BF54581400ABAAAAAA20A10700FC
:10F6C000AAC2A200801A06000048E80140420F00CA
:10F6D00000127A001516050054854501000090D0EF
:10F6E00000350C0000A8610090D003000080841E4B
:10F6F0000024F4002A2C0A005561510048E801005A
:10F700000050C3000040420F000048E8002A2C0AC5
:10F7100000551500000024F400AAC2A20020A10791
:10F7200006220023F0F7F0FF0EE4C30880E44FF454
:10F730008073FEF7CCBF4FF48075FFF79CB980094A
:10F74000FFF785BB4FF480100021FFF7B9BB53488A
:10F750000021FFF7B5BB00230A22F0F7D5FF0346CF
:10F7600066E4C009FFF773BB4FF400200021FFF7E8
:10F77000A7BB4B480021FFF7A3BB0A220023F0F7E9
:10F78000C3FFFFF7E1BB5209FFF703BBC009FFF757
:10F7900090BA4FF40070FFF7C7B9424BBAE5424B3D
:10F7A000B8E590090021FFF7FFBB4009FFF7FCBB5C
:10F7B0003E480021FFF784BB3D480021FFF780BB96
:10F7C000030935E400230C22F0F79EFF03462FE4E3
:10F7D0000009FFF7E9BBC008FFF7B6BB4FF22443AF
:10F7E000FFF796BAAD09FFF746B932480021FFF797
:10F7F00067BBED09FFF73FB9D209FFF7CABA920913
:10F80000FFF7C7BA2C480021FFF75ABB2B4B00214A
:10F8100080E54FF400300021FFF752BB4FF4802009
:10F820000021FFF74DBB264B74E5264B72E5264BB6
:10F8300000216FE5254B00216CE54FF4803000215D
:10F84000FFF73EBBD0090021FFF7AEBB83090021C3
:10F85000FFF7EEBB4309FFF7EBBBC0090021FFF741
:10F8600073BB80090021FFF76FBB19480021FFF728
:10F8700027BB18480021FFF723BB0C220023F0F719
:10F8800043FFFFF761BBC3090021FFF7D1BB40096C
:10F890000021FFF759BB0009FFF756BB00CC0C0055
:10F8A00000AA0A000000A8610000127A0090D003AC
:10F8B0000015160500801A0600127A000020A10724
:10F8C0000000093D005561510040420F0080841E38
:10F8D0000024F4000048E801836ADA0710B406D572
:10F8E0000168C46A4A6822F4003222434A609C07D5
:10F8F00006D50168046B4A6822F4803222434A60CC
:10F90000590706D50168446B4A6822F480222243D5
:10F910004A601A0706D50168846B4A6822F40042DF
:10F9200022434A60DC0606D50168C46B8A6822F46B
:10F93000805222438A60990606D50168046C8A6861
:10F9400022F4005222438A605A060AD50168446CA8
:10F950004A68B4F5801F22F4801242EA04024A6029
:10F960000BD01B0606D50268C16C536823F4002334
:10F970000B4353605DF8044B70474A68846C22F473
:10F98000C00222434A60ECE7002370B50446C0F889
:10F990008830F3F7B3F8054623681A6811070CD4CA
:10F9A0001A68520725D420220023C4F88020184664
:10F9B000C4F8842084F87C3070BDDE6916F400162B
:10F9C000EED1F3F79BF8431BB3F1007F2368F4D328
:10F9D0001A682021032022F4D0721A609A6822F05B
:10F9E00001029A60C4F8801084F87C60C4F8841026
:10F9F00070BDDE6916F48006D5D1F3F77FF8431B9E
:10FA0000B3F1007F2368F4D3E2E700BF80B3D0F8FE
:10FA1000803010B5044633B3226824232046C4F84E
:10FA20008030136823F001031360FEF7F9FC01280E
:10FA300017D0A36A8BB9236820465A6822F49042F3
:10FA40005A609A6822F02A029A601A6842F001020B
:10FA5000BDE810401A60FFF797BF2046FFF73CFF54
:10FA6000E9E7012010BD80F87C30FAF7BBF9D3E755
:10FA700001207047704700BF704700BF704700BF4C
:10FA800090F87C20012A17D0026803462420002128
:10FA900030B4C3F8800020251068146820F00050AE
:10FAA00024F001041460596610600846C3F88050C1
:10FAB00083F87C1030BC70470220704790F87C209F
:10FAC000012A43D002680346242030B4C3F88000E2
:10FAD00084B014681068EC4604AD20F0010010609A
:10FAE000906820F0604001431948916003C88CE899
:10FAF0000300184903C905E90300596E19B3916859
:10FB00009068C1F3426C05EB5071AC4411F8100CD5
:10FB100011F8081CC0001CF8085CB0FBF1F01CF8E0
:10FB2000101CC900B1FBF5F1A3F868100021A3F87F
:10FB30006A00202508461460C3F8805083F87C10C2
:10FB400004B030BC704701210846EDE70220704741
:10FB5000283E0108AC40010890F87C20012A43D0DF
:10FB600002680346242030B4C3F8800084B01468CF
:10FB70001068EC4604AD20F001001060906820F0A1
:10FB8000606001431948916003C88CE8030018497C
:10FB900003C905E90300596E19B391689068C1F370
:10FBA000426C05EB5071AC4411F8100C11F8081CB4
:10FBB000C0001CF8085CB0FBF1F01CF8101CC90078
:10FBC000B1FBF5F1A3F868100021A3F86A00202525
:10FBD00008461460C3F8805083F87C1004B030BC31
:10FBE000704701210846EDE702207047283E0108D2
:10FBF000AC4001080B6810B4D3B90468A3F5004306
:10FC00004A6823401343D1E9024223431343D1E915
:10FC1000044223431343D1E9064223431343D1E96A
:10FC2000084223435DF8044B1343036000207047F0
:10FC30000268D1E9074322F4F84222434C6A1A438E
:10FC40000A4B2243026042681340D1E90142234338
:10FC50001343D1E9034223431343D1E9054223432C
:10FC60005DF8044B13434360002070470080FFFFA2
:10FC700030B40ABB8368D1E9002403F07043013C2F
:10FC8000013A43EA04131343D1E90224013A013C47
:10FC900043EA022343EA0432D1E904348969013B8F
:10FCA000013C013942EA034343EA045343EA016356
:10FCB00030BC8360002070478268CC68114B013CE7
:10FCC00013404A6943EA0433541E43EA0454D1E919
:10FCD00000258460C3686C1E013A03F0704343EA58
:10FCE00004130C691A438B68013C8969013B013993
:10FCF00042EA032343EA044343EA016330BCC3609E
:10FD000000207047FF0F0FFF0246D1E9003010B40A
:10FD100003431469D1E9021023435DF8044B013910
:10FD200043EA4023002043EA41131361704700BFB8
:10FD30000246054B002010B4546923405DF8044B83
:10FD400043EA41015161704701C0FFFF022A82B0BE
:10FD5000844613D009230193DCF80C30002023F4EF
:10FD60007053CCF80C30019BDCF80C209B0203F4A0
:10FD700070531343CCF80C3002B07047224B234A27
:10FD80000B44934207D9224B224A0B44934205D895
:10FD90000E230193E0E70F230193DDE71E4B1F4A7B
:10FDA0000B44934207D91E4B1E4A0B44934205D283
:10FDB0000C230193D0E70D230193CDE71A4B1B4A87
:10FDC0000B44934202D80B230193C5E7184B194A01
:10FDD0000B44934202D20A230193BDE7164B174A04
:10FDE0000B449342B6D3164B164A0B44934202D2AD
:10FDF00008230193B0E7144B144A0B44934234BFD9
:10FE0000072306230193A7E7405327FFFF340C0085
:10FE1000401E1BFF3F420F0000DC0BFF7F4F120014
:10FE2000808CF9FE20D6130060B6E5FE5FE3160075
:10FE300000D3CEFE40771B00C05BB3FEC091210013
:10FE400000CA91FE20753800E05459FEE09C410044
:10FE5000890182B000230A4A41F020010193016127
:10FE600003E0036913F0200307D0019B01339342A1
:10FE70000193F6D9032002B07047184602B07047CC
:10FE8000400D0300D0F8083882B003F00603019358
:10FE9000019838B10198022804D0019B062B0CBFB1
:10FEA00002200F2002B0704730B44B780A78012B43
:10FEB00020D002F00F0C4FF48033D0F81C4800EB38
:10FEC000421203FA0CF32343C0F81C38D2F8003B6B
:10FED0001B040CD48B68D2F8004BC3F30A03C87818
:10FEE0001449234343EA80431943C2F8001B00200E
:10FEF00030BC704700F5006402F00F0500EB4210C3
:10FF0000AB40E5692B43E361D0F800391C04EED423
:10FF10008B68D0F80059C3F30A03CC7805492B430A
:10FF200043EA844343EA8252114330BCC0F80019CB
:10FF300000207047008000102DE9F0414B7891F8C7
:10FF400000C0012B51D000EB4C1C844CDCF8105B42
:10FF50000CF530632C401C61814C1D692C401C61E8
:10FF60004C6984B38D68012A7E4E2C4404F1FF3421
:10FF7000B4FBF5F406EAC44EA4B205FB04F41D6913
:10FF80004EEA0505C4F312041D611D6944EA050427
:10FF90001C6125D0CB78012B0CD1D0F8083813F494
:10FFA000807FDCF8003B0CBF43F0005343F08053EC
:10FFB000CCF8003BDCF8003B43F00443CCF8003BBA
:10FFC0000020BDE8F0818C68012A1D69C4F3120489
:10FFD00044EA05041C611C6944F400241C61D9D165
:10FFE000CA68002AD6D05A61D4E74D69002D3DD0A9
:10FFF00000EB4C14594ED1F808E0D4F81089584F52
:020000040801F1
:1000000008EA0606C4F8106905EB0E06013EB6FBC9
:10001000FEFED4F810693740524EC4F8107906EA53
:10002000CE46D4F810793E43C4F81069C5F31206E1
:10003000D4F810793E43C4F8106904F5106691F8BD
:1000400003E0BEF1010F57D0012A72D0D4F8002985
:100050000CF00F0C42F0044203FA0CF3C4F8002930
:10006000D0F834281343C0F83438A9E700EB4C1318
:100070003B4E3A4C012AD3F8107906EA0706C3F83A
:100080001069D3F8106946F40026C3F81069D3F854
:10009000106904EA060403F51066C3F8104991F8E4
:1000A00003E03AD0D3F80049BEF1010F44F0044414
:1000B000C3F8004984D1D0F8083813F4807F33683E
:1000C0000CBF43F0005343F080533360002A7FF4A9
:1000D00077AFADB20335AD083FF472AFCB6800EB3C
:1000E0000C3C03EB85010CF5805C53F8042B8B4230
:1000F000CCF80020F9D163E73369012A23F0C0432B
:100100003361336943F00053336117D0D4F80039B9
:1001100043F00443C4F80039CDE70B6963B9BEF17D
:10012000010F0ED03368002043F004433360BDE874
:10013000F0810B69002BF5D07361F0E70B69002BA0
:10014000FAD1D0F8083813F4807F33680CBF43F03D
:10015000005343F080533360E4E700BF0000F8FF32
:10016000FFFF07E00000F81FF0B54C780B78012C7A
:1001700026D000EB4310574CD0F8105B00F53063ED
:100180002C401C61544C1D692C401C614C69A4B965
:100190008C681D69C4F31204012A45F400251D6111
:1001A0001D6944EA05041C6149D0D0F8003B43F0C6
:1001B0000443C0F8003B0020F0BD8C684C61E8E7C8
:1001C0004C69002C40D000EB4315424FD1F808E0B9
:1001D000D5F810C9404E74450CEA070705F5106CB8
:1001E000C5F81079D5F8107906EA0706C5F8106940
:1001F00058D9DCF81040012AC1F814E044F4002476
:10020000CCF81040CEF31204DCF8106044EA060487
:10021000CCF810403AD0D5F8002942F00442C5F895
:100220000029BEF1000FC6D003F00F010123D0F862
:1002300034288B401343C0F834380020F0BDCA681E
:10024000002AB2D05A61B0E700EB4310224B012ADA
:10025000D0F8104900F5106C03EA0403CCF8103014
:10026000DCF8103043F40023CCF81030194BDCF8E4
:10027000104003EA0403CCF8103007D0D0F800395E
:1002800043F00443C0F800390020F0BD0B690BB106
:10029000CCF81430DCF80030002043F00443CCF8F4
:1002A0000030F0BDDCF81060C4F31204012A46F4FB
:1002B0000026CCF81060DCF8106044EA0604CCF8A4
:1002C0001040E3D0D5F8002942F00442C5F80029D7
:1002D000AAE700BF0000F8FFFFFF07E010B49DF899
:1002E000044064B903339B0809D0013201EB830356
:1002F00000EB023051F8042B8B420260FAD100204F
:100300005DF8044B704700BF033292080AD000F535
:10031000805C01EB8200DCF8003041F8043B88424D
:10032000F9D17047084670474A780B78012A00EBEC
:1003300043100CD0D0F8002B0BB1002A14DAD0F8FF
:10034000003B43F40013C0F8003B00207047D0F896
:100350000029002A00DB73B9D0F8003943F40013F8
:10036000C0F8003900207047D0F8003B23F08043EC
:10037000C0F8003BE3E7D0F8003923F08043C0F831
:100380000039D0F8003943F40013C0F80039E9E728
:100390004A780B78012A00EB431013D0D0F8003BC9
:1003A00023F40013C0F8003BCB78023B012B01D9AA
:1003B00000207047D0F8003B43F08053C0F8003B6A
:1003C00000207047D0F8003923F40013C0F800393A
:1003D000CB78023B012BEBD8D0F8003943F08053A7
:1003E000C0F8003900207047034609010020D3F807
:1003F000002801F4FE6122F4FE62C3F80028D3F85D
:1004000000281143C3F80018704700BF82B0436949
:1004100001938269019B13400193019802B07047D8
:1004200082B0D0F818380193D0F81C28019B1340F3
:1004300001930198000C02B0704700BF82B0D0F861
:1004400018380193D0F81C28019B134001930198A0
:1004500080B202B0704700BF00EB411182B0D1F80A
:10046000083B0193D0F81428019B13400193019895
:1004700002B0704784B0D0F8103801F00F0C00EBD8
:1004800041110293D0F834380393039B029A23FA64
:100490000CF3DB01DBB213430293D1F80839029A63
:1004A00013400193019804B0704700BF406900F009
:1004B00001007047D0F8001900F500630A4A0A40AD
:1004C000C0F800299A6802F00602042A05D1D0F883
:1004D000002942F00302C0F800295A68002042F4C3
:1004E00080725A60704700BF00F8FFFF144B10B4D1
:1004F000046C9C421AD800F5306000230129036186
:10050000036943F400230361036943F018030361A3
:10051000036943F0C043036104D14261036843F0BF
:100520008023036000205DF8044B7047D0F8003B47
:1005300000F53060002BE0DA00205DF8044B7047D6
:100540000A30544FD0F8002401F00303012900F5CC
:10055000806C22F00302C0F80024D0F8002443EAA3
:100560000203C0F8003409D0022901D000207047EE
:1005700041F270730020CCF8043070474BF68033A2
:100580000020CCF804307047D0F8140480B27047D3
:1005900000EB4111002382B001F5A0620193D1F874
:1005A000003513F4802FD1F8003543F08043C1F8B3
:1005B000003522D1C36A13F47F0FD1F8003523D15F
:1005C00023F00043C1F80035D1F8003543F0004373
:1005D000C1F80035D1F8003523F40043C1F80035E7
:1005E00002E01368002B13DA019B0133B3F57A7F25
:1005F0000193F6D9002002B07047D0F8103413F4FC
:100600007F0FD1F8003506D043F00043C1F8003524
:10061000002002B0704723F00043C1F80035D1F844
:10062000003543F00043C1F80035D1F8003523F41C
:100630000043C1F8003502E01368002BE8DA019BA3
:100640000133B3F57A7F0193F6D9002002B07047E9
:1006500030B4002484B04FF48465AA4A0094014663
:10066000836823F0010383600394056102E00B6952
:10067000980604D5039B013393420393F7D90020D6
:100680001023A04A02900B6102E00B69DB0604D53F
:10069000029B013393420293F7D9D1F8003501F55B
:1006A000A06201F5E0600193019B43F08043019358
:1006B000019B23F000430193019B23F4004301932A
:1006C000019BC1F80035D1F820350193019B43F01F
:1006D00080430193019B23F000430193019B23F48A
:1006E00000430193019BC1F82035D1F840350193B7
:1006F000019B43F080430193019B23F0004301934E
:10070000019B23F400430193019BC1F84035D1F8CC
:1007100060350193019B43F080430193019B23F0DB
:1007200000430193019B23F400430193019BC1F813
:100730006035D1F880350193019B43F080430193EC
:10074000019B23F000430193019B23F40043019399
:10075000019BC1F88035D1F8A0350193019B43F08E
:1007600080430193019B23F000430193019B23F4F9
:1007700000430193019BC1F8A035D1F8C035019326
:10078000019B43F080430193019B23F000430193BD
:10079000019B23F400430193019BC1F8C035D1F8BC
:1007A000E0350193019B43F080430193019B23F0CB
:1007B00000430193019B23F400430193019BC1F883
:1007C000E035D1F800360193019B43F0804301935B
:1007D000019B23F000430193019B23F40043019309
:1007E000019BC1F80036D1F820360193019B43F0FC
:1007F00080430193019B23F000430193019B23F469
:1008000000430193019BC1F82036D1F84036019393
:10081000019B43F080430193019B23F0004301932C
:10082000019B23F400430193019BC1F84036D1F8AA
:1008300060360193019B43F080430193019B23F0B9
:1008400000430193019B23F400430193019BC1F8F2
:100850006036D1F880360193019B43F080430193C9
:10086000019B23F000430193019B23F40043019378
:10087000019BC1F88036D1F8A0360193019B43F06B
:1008800080430193019B23F000430193019B23F4D8
:1008900000430193019BC1F8A036D1F8C036019303
:1008A000019B43F080430193019B23F0004301939C
:1008B000019B23F400430193019BC1F8C036D1F89A
:1008C000E0360193019B43F080430193019B23F0A9
:1008D00000430193019B23F400430193019BC1F862
:1008E000E03613680193019B43F080430193019B21
:1008F00043F000430193019B23F400430193019BC8
:10090000136004E0400D03001368002B05DA009B20
:100910000133B3F57A7F0093F6D920328242E0D1D9
:100920004FF0FF330020C1F814344B618B6843F063
:1009300001038B6004B030BC704700BF08B5D0F82D
:100940008C321BB11B68984700B908BD022008BD56
:1009500008B5D0F88C325B689847002008BD00BF0E
:1009600038B500F520750446284600F07DFB0122CD
:10097000B4F8863294F88012C4E99B2301F01F0377
:10098000934209D0022B13D063B101F080012046BD
:10099000FAF796FA002038BD2946204600F092FA70
:1009A000002038BD2946204600F00AF9002038BD55
:1009B0002946204600F0BAFA002038BD38B5054671
:1009C00069B91346D0F86C22032A15D0052A0C46C3
:1009D0000ED1C5F86C12FAF773FA204638BDD0F87C
:1009E0008C329B6933B190F87422032A02D1984764
:1009F000002038BD022038BDD0E9531291420CD9F5
:100A0000891A8A42C0F84C1188BF8AB2194698BF29
:100A100092B200F055FB002038BDD0F88C321B6933
:100A20001BB190F87422032A04D0284600F052FB30
:100A3000002038BD9847F8E770B5044661B9D0F892
:100A40006C32022B15D033F0040337D094F878328F
:100A5000012B2ED0002070BDD0F88C325B6933B1F1
:100A600090F87422032A02D19847002070BD02201A
:100A700070BDD0E908630D469E4223D8C669B6FB17
:100A8000F3F203FB12620AB9B34228D9D4F88C32CC
:100A9000DB681BB194F87422032A30D080212046F1
:100AA000FAF70EFA204600F021FB94F87832012B79
:100AB000D0D10023184684F8783270BD8021FAF72F
:100AC000FFF9C3E7F31A114603629AB200F0EEFA97
:100AD0002B462A4629462046FAF73EFAB6E7D0F8D2
:100AE00070329E42D2D20A4600F0E0FA2B462A46E5
:100AF00029462046C4F87052FAF72EFAA6E7204697
:100B00009847CBE770B500224026044601251146E0
:100B10003346FAF7C3F93346802100222046C4F851
:100B20004451C4F85061FAF7B9F90021D4F8903271
:100B3000A561666284F87452C4F86C126160C4F8EE
:100B40007C1223B1D4F88C3220465B689847002091
:100B500070BD00BF0346002019747047034604218E
:100B6000002093F8742283F8741283F8752270477A
:100B70000346002093F8752283F87422704700BF63
:100B800090F87422032A01D00020704708B5D0F8ED
:100B90008C32DB6903B19847002008BD0020704704
:100BA0000020704700207047D0F88C22012108B542
:100BB00080F87412017953689847002008BD00BF7F
:100BC00030B50B7883B00D46044603F06003202B4C
:100BD0000DD0402B0BD09BB180212046FAF770F945
:100BE00000212046FAF76CF9002003B030BDD4F89C
:100BF0008C32294620469B689847002003B030BDC0
:100C00004B78092BE8D801A252F823F0670C0108B1
:100C1000930C0108D90B0108B10C0108D90B01088C
:100C2000B90C0108F10C0108D90B0108210D0108CC
:100C3000350C01088978A24D01292970CCD890F88B
:100C40007432022B00F01281032B00F0008180210E
:100C5000FAF736F900212046FAF732F929782046CA
:100C6000FFF776FEC0E790F87432013B022BB3D851
:100C7000CB88022BB0D10122D0F87C32C2600BB1FC
:100C80000323C360022204F10C01204600F000FAA5
:100C9000AAE790F87432013B022B9DD84B88012BB8
:100CA000A2D100232046C4F87C3200F013FA9BE75F
:100CB0004B88012B98D1F5E78B88002B8CD1CB8802
:100CC000002B89D14D887F2D86D890F87432032B64
:100CD00082D0E9B280F87612FAF722F9204600F0C5
:100CE000F9F9002D00F0E080022384F874327BE7EC
:100CF0004A88130A013B062B3FF66EAF01A151F85B
:100D000023F000BFB50D01089D0D01088B0D0108F2
:100D1000D90B0108D90B0108750D0108470D010811
:100D2000CA88012A7FF458AF90F87432022B00F27F
:100D30008780002B3FF450AF0146002341F8083F65
:100D400000F0A6F950E7037C002B7FF445AFD0F804
:100D50008C320DF106001B6B984707234370BDF8DA
:100D60000620002A67D0EB88002B5BD1204600F0DC
:100D7000B1F939E7037C002B7FF42EAFD0F88C3229
:100D80000DF106005B6B9847E9E7D1B2052900F247
:100D90008F80DFE801F0271F17372F3F037C002BE0
:100DA00072D1D0F88C320DF106009B6A984702236D
:100DB0004370D4E7D0F888320DF10601007C1B683F
:100DC0009847CCE7D0F888320DF10601007CDB684B
:100DD0009847C4E7D0F888320DF10601007C9B6883
:100DE0009847BCE7D0F888320DF10601007C5B68BB
:100DF0009847B4E7D0F888320DF10601007C5B69B2
:100E00009847ACE7D0F888320DF10601007C1B69E9
:100E10009847A4E7D0F888320DF10601007C9B6961
:100E200098479CE79A420146204628BF1A46ADF8EB
:100E3000062000F02DF9EB88002B7FF4D5AE95E766
:100E4000032B7FF4C9AE011D00F022F9CCE621B3DB
:100E5000416801298AD0C9B2FFF77AFD2978204676
:100E60006160FFF76BFD022880D1B5E600293FF4F1
:100E70007DAF01210323416080F87432FFF75EFDEE
:100E800002287FF473AFA7E6D0F88C320DF106008C
:100E9000DB6A98470223437061E70223416080F8D0
:100EA0007432FFF755FD61E7012384F874329BE645
:100EB000D0F88C320DF106029B6B98474FE700BFCC
:100EC000E417012438B50B780D46044603F06002A0
:100ED000402A0AD05B0608D58021F9F7F1FF0021EE
:100EE0002046F9F7EDFF002038BD94F87432013B3D
:100EF000022B11D82B79012B0ED8D4F88C3229462D
:100F000020469B689847EB88002BECD10028EAD15B
:100F1000204600F0DFF8E6E780212046F9F7D0FF11
:100F200000212046F9F7CCFF002038BD38B50B78FA
:100F3000044603F06003202B0CD0402B0AD083B171
:100F400080212046F9F7BCFF00212046F9F7B8FFC1
:100F5000002038BDD4F88C3220469B68984700208A
:100F600038BD4B788A88012B5FFA82FC37D0032B7F
:100F700023D0002BE4D190F87432022B4AD0032BFB
:100F8000DED10CF00F03120603EB830300EB8303A7
:100F900051D4D3F84431002BD2D00CF07F03142568
:100FA00005FB030505F5A075002B4FD12B60022230
:100FB0002946204600F06CF8CAE790F87432022BFC
:100FC0001DD0032BBCD14B882BB91CF07F0F02D056
:100FD000CB88002B43D0204600F07CF8B8E790F88F
:100FE0007432022B0BD0032BAAD14B88002BAFD12C
:100FF0001CF07F0FEFD06146F9F770FFEBE71CF0B4
:101000007F0F9DD06146F9F75BFF80212046F9F7FD
:1010100057FF9DE71CF07F0F92D111064FF00003A0
:101020004FF002024CBF00F1140100F5A0710B60FB
:1010300000F02EF88CE79B69002B81D00CF07F0329
:101040005D1C05EB850500EB8505ADE76146204697
:10105000F9F752FF08B10123A8E72860A7E7614626
:10106000F9F72EFFB7E700BF0B7803704B7843709A
:10107000CA788B7803EB022343804A790B7903EB20
:1010800002238380CA798B7903EB0223C3807047E4
:1010900010B5134602240A460021C0F86C42C0E98C
:1010A0000733F9F74BFF002010BD00BF8C4600212D
:1010B00008B513466246F9F741FF002008BD00BF9E
:1010C0008C46002108B513466246F9F745FF00201B
:1010D00008BD00BF08B504210023C0F86C121A46F1
:1010E0001946F9F72BFF002008BD00BF08B5052100
:1010F0000023C0F86C121A461946F9F72DFF00209C
:1011000008BD00BFD0F8C4230132C0F8C423027860
:101110000B2A00D07047D0F87C33002BFAD09B69A3
:10112000184700BF012380F823337047002380F85D
:1011300023337047034600220121104683F8201311
:1011400083F8212383F82223704700BF38B5012399
:101150000025044680F8213380F8235380F820537B
:10116000F9F71EFF2179204600F006F86179204644
:1011700000F002F8284638BD0A2907D800EB8100A4
:10118000D0F88433C3F30E03C0F8843300207047D3
:101190000C4A82B00C4BD2F8DC1041F04001C2F88E
:1011A000DC10D2F8DC2002F040020192019A1A68A9
:1011B00022F020021A601A6842F004021A6002B09B
:1011C000704700BF004402580018024870B5002361
:1011D00004464FF4806204214FF440353448C4F88B
:1011E0003821C4F8D410C4F83431C4F84C11314952
:1011F000C4F8B000C4F82811C4E92F32C4E931336F
:10120000C4E93335C4E93733C4E94F33C4E9513550
:10121000C4E95533A2680323C4F8D830C4F8503168
:10122000042A0AD8DFE802F01F262D3403005522D5
:101230005623C4F8B420C4F82C310022402304F112
:10124000B005C4F8B8202846C4F83031F2F7C2FD22
:1012500008B1FFBEFEE704F594763046F2F7BAFD1A
:10126000E8B1FFBEFEE725222623C4F8B420C4F867
:101270002C31E2E727222823C4F8B420C4F82C310B
:10128000DBE73D223E23C4F8B420C4F82C31D4E778
:1012900053225423C4F8B420C4F82C31CDE704F110
:1012A0002803C4E92865C4F8E830C4F8603170BD8B
:1012B00040040240580402402DE9F04F814683B0BB
:1012C0000E4617461D4600F12804204601F090FD09
:1012D00001288246F9D14846FFF778FF804600286A
:1012E00035D1EFF31083019372B6DFF888B00C9B11
:1012F00099F90820DFF880A0DFF88090CBF8003063
:101300000D9B89F80020CAF800300DB11846A84797
:10131000BAB23146204601F0E1F830B9019B03B979
:1013200062B6404603B0BDE8F08F0023CBF8003032
:10133000CAF80030FF2389F800300C9B8BB10121E3
:101340000D9888469847019B002BEAD1E8E70C9B53
:1013500053B1D0460D9851469847404603B0BDE87A
:10136000F08F4FF00108D9E7D046404603B0BDE802
:10137000F08F00BF08220124102201240C22012436
:101380002DE9F04F814683B00E4617461D4600F109
:101390002804204601F02CFD01288246F9D1484658
:1013A000FFF714FF8046002835D1EFF31083019337
:1013B00072B6DFF888B00C9B99F90820DFF880A09E
:1013C000DFF88090CBF800300D9B89F80020CAF838
:1013D00000300DB11846A847BAB23146204601F098
:1013E00041FA30B9019B03B962B6404603B0BDE88B
:1013F000F08F0023CBF80030CAF80030FF2389F8C3
:1014000000300C9B8BB101210D9888469847019BB9
:10141000002BEAD1E8E70C9B53B1D0460D9851461A
:101420009847404603B0BDE8F08F4FF00108D9E778
:10143000D046404603B0BDE8F08F00BF082201242B
:10144000102201240C2201242DE9F04F814683B0A3
:101450000F461646984600F12804204601F0C8FCC5
:101460000128FAD182464846FFF7B0FE054600281B
:1014700038D1EFF31083019372B699F90830DFF891
:101480008890DFF888B089F800300D9BDFF880A0E5
:10149000CBF800300E9BCAF800300C9B0BB10E98B5
:1014A00098471FFA88F33A463146204601F0CEF8B5
:1014B00030B9019B03B962B6284603B0BDE8F08F8E
:1014C0000023CBF80030CAF80030FF2389F8003041
:1014D0000D9B8BB101210E980D469847019B002B67
:1014E000EAD1E8E70D9B4BB155460E985146984717
:1014F000284603B0BDE8F08F0125DAE755462846B7
:1015000003B0BDE8F08F00BF0C22012408220124A3
:10151000102201242DE9F043002387B00222044663
:1015200005690493CDE90223D0E902128E00FAB1D5
:10153000022D7AD02178B5FA85F54FF00108276A97
:101540000B294FEA551521D1A2780B2A02D0B8F108
:10155000000F38D123790B2B01D0002D6CD1A3794A
:1015600017B10B2B40F09980002007B0BDE8F08345
:1015700035F002032178276A0CBF4FF001084FF0C5
:101580000008023D18BF01250B29DDD07D4B94F8E2
:1015900001C053F8262010780B2802D0884200F0B2
:1015A000AD80D378D01C994202D10B2B40F0BD8086
:1015B0009379901D8B4202D10B2B40F0BC8001200F
:1015C00007B0BDE8F083711C6E4BE07853F8213012
:1015D00019780B2902D08A4200F0B580D97803F13E
:1015E000030C0B2902D08A4200F0BB80997903F1E9
:1015F000060C0B29E3D08A42E1D1DB798342DED1AC
:10160000634604F102099B7848460593F9F7D6FC36
:1016100080464846F9F7DAFC01A901904046F9F7FF
:1016200085FD23790B2B98D199E70178076A0B295F
:1016300040F0868001258DE7B11C524A607952F84E
:10164000212011780B2902D08B4200F08180D178C3
:10165000D51C0B2902D08B4200F08D809179951D0D
:101660008B42ACD10B29AAD0D3798342A7D12A4689
:10167000251D937828460593F9F7A0FC03462846D4
:101680001D46F9F7A3FC01A901902846F9F74EFD84
:10169000A379002F7FF465AF66E7F11C394AE07942
:1016A00052F8212011780B2901D08B425FD0D178DC
:1016B000D51C0B2901D08B424FD09179951D8B42BF
:1016C0007FF47DAF0B293FF47AAFD37983427FF467
:1016D00076AF2A46A51D937828460593F9F76EFC48
:1016E00004462846F9F772FC034601A920460193F7
:1016F000F9F71CFD002007B0BDE8F083537863457F
:101700007FF44FAF937820460593F9F757FC814655
:101710002046F9F75BFC01A901904846F9F706FD60
:10172000A2780B2A7FF413AF14E7137963457FF493
:101730003FAF0246E6E7D37963457FF440AFF8E771
:101740009846012522E7597881427FF447AF58E750
:10175000517881427FF47BAF8AE711798142ACD125
:10176000B7E7197981427FF441AF634649E7517881
:1017700081429CD1AEE7117981427FF46FAF2A4656
:1017800076E700BFBC400108654A0368934200F059
:10179000B980A2F57842934200F0B68002F58062EB
:1017A000934200F0B38002F57842934200F0B0809B
:1017B00002F5E052934200F0AD805A4A934240F065
:1017C000AB8005234FF4D071574A01FB03F310B5EA
:1017D000D418D05C86B0F9F701FCA078F9F7FEFBCD
:1017E0002079F9F7FBFBA079F9F7F8FBA368052B43
:1017F00011D8DFE803F0192F455B71034B4BD3F889
:10180000F42042F02002C3F8F420D3F8F43003F0BF
:1018100020030593059B2046FFF77CFE012801D09D
:1018200006B010BDFFBEFEE7404B00222320D3F8D8
:10183000F01041F48051C3F8F0101146D3F8F030A5
:1018400003F480530093009BF2F712F92320F2F780
:101850004DF9E0E7354B00222420D3F8E81041F49D
:101860008041C3F8E8101146D3F8E83003F4804310
:101870000193019BF2F7FCF82420F2F737F9CAE74D
:101880002A4B00223320D3F8E81041F40041C3F87A
:10189000E8101146D3F8E83003F400430293029BAA
:1018A000F2F7E6F83320F2F721F9B4E71F4B0022F4
:1018B0005420D3F8F01041F40051C3F8F010114651
:1018C000D3F8F03003F400530393039BF2F7D0F8FE
:1018D0005420F2F70BF99EE7144B00225520D3F861
:1018E000F01041F48011C3F8F0101146D3F8F03035
:1018F00003F480130493049BF2F7BAF85520F2F72F
:10190000F5F888E700235DE701235BE7022359E749
:10191000032357E7042355E700231B78FFDE00BFAE
:101920000030014000140058E81701240044025818
:101930002DE9F043002289B01B4B01210DF1040C6D
:101940009E461A4B0791E146E04667460EF11C069B
:101950000EF138050EF15404CDE90122CDE9032240
:10196000CDE90522FF221A70BCE80F00AEE80F0097
:101970009CE807008EE80700B9E80F000FC69CE856
:10198000070086E80700B8E80F000FC59CE80700CD
:1019900085E807000FCF0FC49CE8070084E8070024
:1019A00009B0BDE8F08300BF0C0300240C22012421
:1019B000014801F0F1B800BF10180124014801F0FE
:1019C000EBB800BFB0190124014801F0E5B800BF31
:1019D000501B0124014801F0DFB800BFF01C0124B6
:1019E000014801F0D9B800BF901E012410B5EFF3F3
:1019F000108472B6084B1A78120602D504B962B682
:101A000010BD1B784FF4D07204485BB202FB030098
:101A1000B030F2F757FDF1E70C220124E81701245A
:101A200010B5EFF3108472B6094B1A78120602D57E
:101A300004B962B610BD1B784FF4D07205485BB292
:101A400002FB030000F59470F2F73CFDF0E700BFE5
:101A50000C220124E81701242DE9F04184B0EFF3B2
:101A6000108772B6284AFF21284C1368217023B1D1
:101A700000211160264A1068984723781B061CD560
:101A8000DFF894800025234E4446216879B16268CE
:101A90006AB1A369012B22D0A3B9636930460193CF
:101AA00023690093E3682289FFF76AFC18B30135C4
:101AB0001C3406F5D076042DE7D107B962B604B020
:101AC000BDE8F081D4E90430CDE90130E068238934
:101AD00000903046FFF7B8FC0028E8D10BE0D4E9CD
:101AE00004301146CDE900303046E3682289FFF723
:101AF000E3FB0028DBD1C5EBC50508EB850348F8FF
:101B000025005860D9E700BF082201240C220124D7
:101B100010220124E81701240C0300242DE9F041D0
:101B200084B0EFF3108772B6284AFF21284C13685F
:101B3000217023B100211160264A1068984723784C
:101B40001B061CD5DFF894800025234E44462168EF
:101B500079B162686AB1A369012B22D0A3B9636924
:101B60003046019323690093E3682289FFF708FC5C
:101B700018B301351C3406F5D076042DE7D107B92A
:101B800062B604B0BDE8F081D4E90430CDE901309B
:101B9000E068238900903046FFF756FC0028E8D122
:101BA0000BE0D4E904301146CDE900303046E3685B
:101BB0002289FFF781FB0028DBD1C5EBC50508EBC7
:101BC000850348F825005860D9E700BF08220124A2
:101BD0000C22012410220124E81701240C03002404
:101BE0002DE9F04184B0EFF3108772B6284AFF2147
:101BF000284C1368217023B100211160264A106817
:101C0000984723781B061CD5DFF894800025234EC7
:101C10004446216879B162686AB1A369012B22D078
:101C2000A3B963693046019323690093E36822896D
:101C3000FFF7A6FB18B301351C3406F5D076042D4A
:101C4000E7D107B962B604B0BDE8F081D4E9043049
:101C5000CDE90130E068238900903046FFF7F4FBBE
:101C60000028E8D10BE0D4E904301146CDE900307A
:101C70003046E3682289FFF71FFB0028DBD1C5EB64
:101C8000C50508EB850348F825005860D9E700BF73
:101C9000082201240C22012410220124E817012427
:101CA0000C0300242DE9F04184B0EFF3108772B6E5
:101CB00000F066FB284A294CFF21136821702BB1E4
:101CC000002111600121264A1068984723781B06DD
:101CD0001CD5DFF894800025224E4446216879B156
:101CE00062686AB1A369012B22D0A3B96369304647
:101CF000019323690093E3682289FFF741FB18B33E
:101D000001351C3406F5D076042DE7D107B962B64B
:101D100004B0BDE8F081D4E90430CDE90130E068D9
:101D2000238900903046FFF78FFB0028E8D10BE0B5
:101D3000D4E904301146CDE900303046E368228909
:101D4000FFF7BAFA0028DBD1C5EBC50508EB850320
:101D500048F825005860D9E7082201240C22012404
:101D600010220124E81701240C03002430B4544B42
:101D7000002108220220534CD9615862C3F8BC11DB
:101D8000C3F8C401C3F85C13C3F86403C3F8F424B4
:101D9000C3F8F814C3F8FC14C3F80405C3F8942678
:101DA000C3F89816C3F89C16C3F8A406C3F83428E1
:101DB000C3F83818C3F83C18C3F84408424D4348E8
:101DC000C3E90521C3E96D21C3E9D5212288A378A0
:101DD0003F49EA80CA800B723E492B72CA800B725F
:101DE0002168A0F803204371C28003723A4C3B483B
:101DF000E2802372A0F80320394C4371C280037241
:101E00003848E2802372A0F80320374C4371C28027
:101E10000372080C2180A070A4F803206371E28093
:101E20002372324C324D2180A070A4F803206371DC
:101E3000E28023722F4CEA8021802B72A070A4F8DC
:101E400003206371E28023722B4C2180A070A4F8E0
:101E500003206371E2802372284C2180A070A4F8D3
:101E600003206371E2802372254C2180A070A4F8C6
:101E700003206371E2802372224C2180A070A4F8B9
:101E800003206371E28023721F4C21801F49A070E0
:101E9000A4F803201E486371E2802372A1F8032096
:101EA0001C4C4B71CA800B721B49E2802372C280AA
:101EB0000372A1F803204B71CA800B7230BC7047CB
:101EC000E8170124B840010894020024B802002455
:101ED000880200244C020024A0020024DC0200241A
:101EE000C402002464020024D8210124C02101245A
:101EF000D0020024CC210124A8210124FC210124AA
:101F0000E4210124F0210124B42101240003002450
:101F1000F4020024E802002470020024714A0368DD
:101F200011698B4200B587B04BD0916E8B4200F0A7
:101F3000B680D2F8C0108B4200F0B380D2F81811EE
:101F40008B4200F0B080B3F1804F1ED0664A9342BE
:101F50000DD0664A934200F0A880654A934200F093
:101F6000B280644A93421ED007B05DF804FB624B16
:101F7000D3F8E82042F00202C3F8E820D3F8E830B2
:101F800003F002030293029BEEE75B4BD3F8E820D9
:101F900042F00102C3F8E820D3F8E83003F001036F
:101FA0000193019BE0E7544BD3F8E82042F0100284
:101FB000C3F8E820D3F8E83003F010030593059B3D
:101FC000D2E700205821B3F1804F01FB0022127BA1
:101FD0001ED045498B4235D044498B4248D04449B4
:101FE0008B42BED1444BD3F8E81041F00801C3F84E
:101FF000E810D3F8E83003F008030493049B002AA8
:10200000B2D0322000220F21F1F732FD322014E04D
:10201000394BD3F8E81041F00101C3F8E810D3F8C8
:10202000E83003F001030193019B002A9CD01C209F
:1020300000220F21F1F71CFD1C2007B05DF804EB16
:10204000F1F754BD2C4BD3F8E81041F00201C3F86E
:10205000E810D3F8E83003F002030293029B002A51
:1020600082D01D2000220F21F1F702FD1D20E4E7A0
:10207000214BD3F8E81041F00401C3F8E810D3F87D
:10208000E83003F004030393039B002A3FF46CAF92
:102090001E2000220F21F1F7EBFC1E20CDE70120CE
:1020A00090E702208EE703208CE7134BD3F8E8205B
:1020B00042F00402C3F8E820D3F8E83003F0040348
:1020C0000393039B50E70C4BD3F8E82042F008023F
:1020D000C3F8E820D3F8E83003F008030493049B26
:1020E00042E700BF14220124000400400008004021
:1020F000000C004000100040004402580F4B0268E2
:1021000019698A420BD0996E8A4211D0D3F8C01057
:102110008A420FD0D3F818118A420DD0704700219F
:10212000582202FB01331A6D002AF7D0586D104770
:102130000121F5E70221F3E70321F1E7142201244D
:10214000014800F0EFBF00BF24220124014800F045
:10215000E9BF00BF7C220124014800F0E3BF00BFBB
:10216000D4220124014800F0DDBF00BF2C2301244C
:10217000F0B54FF0580C0F682E4D8DB00CFB07FCDE
:10218000032F05EB0C06066047DC0B460868344657
:1021900049689A6807C41B7B237004AC7268264B9D
:1021A000002A4FF00002726118BF1022B2610FCBFB
:1021B00084E80F000CAB03EB870353F8203CB3F12A
:1021C000804F336124D01D4A934221D030890CF1D5
:1021D000100458230021802203FB07532C44C3E939
:1021E00007019A62204600F007FE034600B1FEE7B1
:1021F0004FF4805208A92046099301930892CDE933
:102200000A33CDE9023300F0C7FE034640B1FEE7D2
:10221000582303FB07539868D9E701200DB0F0BDA0
:1022200001A920460193039301F034F80028F5D06A
:10223000FEE700BF14220124303E0108000C0040DC
:10224000006808B5037B10302BB100F08FFE00381A
:1022500018BF012008BD00F06FFE003818BF012034
:1022600008BD00BF0C4B00224FF0FF311A7399607C
:10227000196683F86420C3F8B81083F8BC20C3F84B
:10228000101183F81421C3E90022C3E91622C3E91F
:102290002C22C3E94222704714220124034688B14C
:1022A00090F83D20022A03D0802201209A667047D0
:1022B00002680421002083F83D10D36823F0010355
:1022C000D36070470120704703682C495A6910B4E5
:1022D0009C6944F008049C619C6944F010049C6172
:1022E0001C6824F001041C601C6921401961996874
:1022F00021F44041996090F88110042901D09106A1
:1023000030D490F88110032901D054061FD49105D0
:1023100009D5D0F8841041F00101C0F88410996902
:1023200041F400719961D20509D5D0F8842042F0BA
:102330000802C0F884209A6942F480729A610023EE
:102340005DF8044BA0F86230A0F86A307047D0F80E
:10235000841041F00401C0F88410996941F04001F3
:102360009961D4E7D0F8841041F08001C0F884105E
:10237000996941F020019961C3E700BF90FCFFFF1C
:10238000002800F0A48002680021F8B5514B0446F3
:1023900081629A4216D0A3F578439A4212D003F58F
:1023A0008063C0689A4200F08A800F2808D8E16BE9
:1023B00000F108034D09DB0805FB0333082B15D991
:1023C0000120F8BDE068E16B00F10803414E4D09C2
:1023D000DB0805FB0333404DAA4218BFB24203D0CD
:1023E00005F58065AA4201D1102BE9D894F8813017
:1023F00003F0FF05002B58D0002702236568A66B69
:1024000084F88130136823F001031360A369B3F1EA
:10241000806F3ED03943676B3B43676A3B43276914
:102420003B4367693B43276A3B43E76C3B43A768F1
:102430003B43A76C3B43A76D3B432B433343E669C8
:10244000314308439060D360B5B9936823F4C05317
:1024500043F400639360936823F4C06343F48063A0
:102460009360136D23F00103136500200123C4F86A
:10247000840084F88130F8BD136D23F001031365E7
:102480006B02F2D5D368616D23F000430B43D36038
:10249000EBE7B5F5800FBDD1002EBBD1D2F800C05F
:1024A0004CF4805CC2F800C0B4E7204684F8805049
:1024B000FFF76AF92268A76AE16BE0689DE7E16BC4
:1024C00000F108034D09DB0805FB03338CE701200D
:1024D000704700BF0030014000380040F8B590F868
:1024E0008030012B00F08C8090F88130154601225D
:1024F0000446DEB2934280F880206AD1002963D07E
:10250000B5FA85F35B09002D5ED003224366A0F87F
:10251000683080F88120C0F88430A0F86250A0F8BC
:102520006A30C165A0F86050C0E91C338368B3F518
:10253000C02F04D10268136843F400631360E3689A
:10254000A06F0F2B4BD98369B3F5804F3CD1226824
:102550003A4B3B4F2032036452F8183CC763394F63
:1025600023F40043C7640027076542F8183CB4F819
:1025700062309BB2F1F7ECFD002844D1A36F324AE0
:10258000DB69B3F5807F2368596802EA010218BF4E
:102590002A435A609A68616842F40042B1F5800F9C
:1025A0009A601A6942F448721A611A6842F001028C
:1025B0001A6003D11A6842F400721A6000231E46A2
:1025C00084F880303046F8BD002384F880303046EF
:1025D000F8BD0023022680F880303046F8BD072B76
:1025E00083691AD8B3F5005F20D0B3F5804FAED120
:1025F000B4F862309BB203339B08A4F86230A6E7BC
:1026000002263046F8BDD4F88430012243F010038E
:10261000C4F8843084F88120D9E7B3F5804F05D021
:10262000B3F5005FD0D1B3F5804F90D1B4F86230EC
:102630009BB201335B08A4F8623088E7952A010851
:10264000192A0108C12A01080000FFFF70B51D46C4
:1026500090F88030012B00F0B9800123044680F807
:10266000803090F881304068DBB2B0F5800F7DD0CB
:10267000012B40F08580002D18BF002A71D0002961
:102680006FD094F88130042B02D0052384F8813078
:102690000023E1652168C4F88430A4F86250A4F8EE
:1026A0006A50A4F860506266A4F86850C4E91C330C
:1026B0008B6823F440438B60E3680F2B65D9E06F90
:1026C0008369B3F5804F4CD194F88130042B00F02E
:1026D0008A805E4B03645E4BC3635E4E3031B4F858
:1026E0006A30C66400269BB20665F1F731FD00280A
:1026F0006ED12268A16F9368203243F4804342F880
:10270000183CB4F86230C1E90F00C1E913009BB274
:102710000846E16DF1F71CFD002859D1A36FDB6974
:10272000B3F5807F236863D059684B4A0A402A4337
:102730005A609A68616842F40042B1F5800F9A606D
:102740001A6942F458721A611A6842F001021A605A
:1027500003D11A6842F400721A60002384F88030B2
:1027600070BD0023012084F8803070BDA06800286F
:102770007FF47EAF042B3FF47EAF012B3FF47BAFA1
:102780000023022084F8803070BD072B35D8A36F5A
:102790009B69B3F5005F50D0B3F5804F06D1B4F814
:1027A00062309BB203339B08A4F86230E06F836908
:1027B000B3F5005F39D0B3F5804F85D1B4F86A30F6
:1027C0009BB203339B08A4F86A307DE7022070BDFA
:1027D000D4F88430012243F010031046C4F884304A
:1027E00084F8812070BD1D4B03641D4BC36374E7E7
:1027F0005968194A0A405A609BE7E06F8369B3F54C
:10280000005F02D0B3F5804FABD1A66FB669B6F5C5
:10281000804F06D1B4F86260B6B201367608A4F8EB
:102820006260B3F5804F7FF44FAFB4F86A309BB26B
:1028300001335B08A4F86A3046E7B4F862309BB213
:1028400001335B08A4F86230B0E700BFB52A010885
:10285000692A0108C12A01080000FFFFA52A010812
:10286000412A01082DE9F0411546826804460E46CA
:1028700022B94368B3F5800F00F0958094F880305A
:10288000012B00F09980012384F8803094F8813086
:10289000012BDFB269D1002E61D0B5FA85F35B0957
:1028A000002D5CD00421B2F5C02F666684F881103B
:1028B000A4F86850C4F88430A4F86030A4F86A50D2
:1028C000A4F86230C4E91C3304D12268136823F4ED
:1028D00000631360E3680F2B4ED9E06F8369B3F593
:1028E000804F3CD121688B6823F480438B60324653
:1028F000454EB4F86A3030310664444E9BB2C6632C
:10290000434EC66400260665F1F722FC002857D125
:10291000E36F404ADB69B3F5807F2368596802EAB8
:10292000010218BF2A435A609A68616842F48042E3
:10293000B1F5800F9A601A6942F450721A611A68F0
:1029400042F001021A6003D11A6842F400721A6060
:1029500000231F4684F880303846BDE8F08100230C
:1029600084F880303846BDE8F0810023022784F8DF
:1029700080303846BDE8F081072B2BD82168E06F06
:102980008B6823F480438B608369B3F5005F32D09A
:10299000B3F5804FABD1B4F86A309BB203339B08D8
:1029A000A4F86A30A3E72B4604250A4680F8815034
:1029B000BDE8F041FFF74ABE02273846BDE8F08186
:1029C000D4F88430012243F01003C4F8843084F832
:1029D0008120C7E7E06F8269B2F5804F02D0B2F57F
:1029E000005FBCD12168B2F5804F8B6823F480432F
:1029F0008B607FF47CAFB4F86A309BB201335B0824
:102A0000A4F86A3073E700BFA52A0108412A01082B
:102A1000C12A01080000FFFF806B08B590F88130E3
:102A2000072B09D0836FDB69B3F5807F05D002687F
:102A3000136943F00803136108BDFFF70DF808BDE3
:102A4000806B08B590F88130072B09D0C36FDB6924
:102A5000B3F5807F05D00268136943F00803136162
:102A600008BDFFF75BF808BD806B08B590F88130B2
:102A7000072B09D0836FDB69B3F5807F05D002682F
:102A8000136943F00803136108BDFFF7A9F808BDF7
:102A9000704700BF806B08B5FFF7FAFF08BD00BFA5
:102AA000704700BF806B08B5FFF7FAFF08BD00BF95
:102AB000704700BF806B08B5FFF7FAFF08BD00BF85
:102AC00010B5846BF2F74EF8022800D110BD2368D0
:102AD00030495A69986940F008009861986940F057
:102AE00010009861186820F0010018601869014012
:102AF0001961996821F44041996094F88110042982
:102B000001D091063AD494F88110032901D05006DF
:102B100029D4910509D5D4F8841041F00101C4F8F5
:102B20008410996941F400719961D20509D5D4F8EE
:102B3000842042F00802C4F884209A6942F480722A
:102B40009A61002301222046A4F86230A4F86A307A
:102B5000D4F8843043F01003C4F8843084F8812022
:102B6000FFF7A0F810BDD4F8841041F00401C4F8B8
:102B70008410996941F040019961CAE7D4F8841042
:102B800041F08001C4F88410996941F020019961F5
:102B9000B9E700BF90FCFFFF036819695A692DE986
:102BA000F04101EA02059F68044690F8816005F053
:102BB000640CBCF1040F2FD005F04500012834D07F
:102BC00005F02600022800F0DF80280770D59A69FA
:102BD00017F4404FF6B242F008029A619A6942F047
:102BE00010029A619A6942F400629A611A6922F0AD
:102BF00008021A6123D0042E00F0DE80A26FD26991
:102C0000EAB1032E50D0E26FD269C2B1052E14D1C1
:102C10002046FEF7E5FF10E0436F9847236F2046FC
:102C2000984705F04503012B02D1236F20469847B2
:102C300005F02605022D00F0A780BDE8F0819A6816
:102C400012F4404F1FD1B4F86A2092B2DAB1626E2A
:102C50000EE01B6B42F8043B6266B4F86A30013B3D
:102C60009BB2A4F86A30B4F86A309BB25BB12368B7
:102C7000E1680F29EDD8072940F292801B8E22F8D7
:102C8000023B6266E9E72046FFF71EFB012384F85A
:102C90008130D4F88430002B7FD1052EB8D0042E9B
:102CA00000F08F80032EC8D12046FEF7D5FEC4E782
:102CB000100501D50A077AD415F4587FBDD06E06E9
:102CC00009D5D4F8842042F00402C4F884209A691B
:102CD00042F040029A61A80509D5D4F8842042F058
:102CE0000102C4F884209A6942F400729A61E905ED
:102CF00009D5D4F8842042F00802C4F884209A69E7
:102D000042F480729A61AA0609D5D4F8842042F070
:102D10008002C4F884209A6942F020029A61D4F8B3
:102D20008420002A89D0196807F44047274A21F0F7
:102D30000101B7F5404F1960196902EA01021A61F1
:102D400027D19A68E06F22F440429A6050B1204B3C
:102D50000365F1F71DFB28B1D4F8843043F040033C
:102D6000C4F88430A06F00283FF467AF184B0365A8
:102D7000F1F70EFB00283FF460AFD4F8843043F045
:102D80004003C4F8843058E7636F2046BDE8F04143
:102D900018470123204684F88130FEF783FF4CE773
:102DA00093F830301370626E0132626655E79A69AB
:102DB00042F400629A6140E7E26FD269002A3FF470
:102DC0003EAF2046FEF7AAFE37E700BF94FCFFFFA8
:102DD000D52D010808B5806B00230122A0F86A30C8
:102DE000A0F8623080F88120FEF75CFF08BD00BFCC
:102DF00090F88100704700BF002800F08F8038B540
:102E000090F83D30044603F0FF02002B60D02268AA
:102E100002234349B2F1804F84F83D30A2EB010117
:102E20001368B1FA81F14FEA511127D031BB3D4807
:102E30003D4D824251D000F5806082424DD0551BFD
:102E400000F58060B5FA85F582424FEA55154DD000
:102E5000002D4BD1354836498A4218BF82424FD0A7
:102E600001F580618A424BD0A06923F08003E168BC
:102E7000034313606368D162936223E02A4D23F019
:102E80007003A068551B0343B5FA85F56D092069E9
:102E900023F440730343A06923F0800303431360CA
:102EA000E368D3626368936251B94DB91F49204BFF
:102EB0009A4218BF8A4203D003F580639A4201D137
:102EC0006369136301230020536184F83D3038BDEA
:102ED00080F83C20FFF722F899E7551B23F0700398
:102EE000A068B5FA85F503436D09D0E7A06823F023
:102EF000700303430F488242C9D0002DC7D1A9E710
:102F0000206923F44073A1690343E06823F0800340
:102F10000B4361681360D0629162C7E7012070477C
:102F20000000014000040040000401400040014056
:102F300000440140000C00404FF0020C01680A4AB6
:102F4000034680F83DC088680240062A06D0B2F5E4
:102F5000803F03D00A6842F001020A60012200208B
:102F600083F83D20704700BF070001000368094A4D
:102F7000D96841F00101D96099680A40062A06D053
:102F8000B2F5803F03D01A6842F001021A600020B7
:102F9000704700BF0700010090F83C30012B7DD046
:102FA00002460223006830B4012482F83D3082F8E2
:102FB0003C40544C83681C400B68602B84606FD08D
:102FC0001DD9B3F5005F59D042D94F498B4206D085
:102FD00038D94E498B4202D010318B4206D18468D9
:102FE0004B4921400B4343F0070383600023012139
:102FF000184682F83D1082F83C3030BC7047402BB8
:1030000067D019D9502BF1D1036A4C68CD6823F0F1
:103010000A03016A1C433E4B21F0010101628169F0
:1030200021F0F00141EA05118161046281680B40E1
:1030300043F057038360D9E7202BD0D01AD9302B27
:10304000D4D1CCE723F01001B1F5801FCED1C6E773
:10305000702BCBD18468D1E901532B43CD6824F484
:103060007F4143EA05230B438360836843F0770382
:103070008360BBE733F01001B8D1B0E7D1E9015369
:1030800084682B43CD6824F47F4143EA05230B4336
:103090008360836843F480438360A7E7022070471E
:1030A000046A4D6824F01004C9680462836923F43B
:1030B000704343EA0133016A21F0A0018361144B9C
:1030C00041EA0511016281680B4043F067038360A8
:1030D0008CE7036A4C68CD6823F00A03016A1C433D
:1030E0000B4B21F001010162816921F0F00141EAFD
:1030F00005118161046281680B4043F047038360DE
:1031000074E700BF8800CEFF2000100030001000E0
:103110008FFFCFFF704700BF704700BF704700BFF1
:10312000704700BF03681A69910710B5044602D5BD
:10313000DA68920768D41A69520702D5DA6850072C
:103140004FD41A69110702D5DA68120737D41A6901
:10315000D00602D5DA68D1061ED41A69D20702D584
:10316000DA68D00769D41A69110602D5DA6812063E
:103170006BD41A69D00502D5DA6811066DD41A69C4
:10318000520602D5DA6850066FD41A69910602D544
:10319000DA68920649D410BD6FF01001082220466B
:1031A00019612277DB6913F4407F6FD1FFF7B2FF1B
:1031B0002046FFF7B3FF002223682277CDE76FF0A8
:1031C00008010422204619612277DB699B075AD146
:1031D000FFF7A0FF2046FFF7A1FF00222368227718
:1031E000B5E76FF0040102222046196122779B693E
:1031F00013F4407F44D1FFF78DFF2046FFF78EFF89
:103200000022236822779CE76FF0020101221961F6
:1032100002779B69990730D1FFF77CFF2046FFF7C3
:103220007DFF00222368227785E76FF02002204689
:103230001A61BDE8104000F05FB86FF0010220464F
:103240001A61FEF75BFF23688DE76FF0800220466E
:103250001A6100F053F823688BE76FF48072204600
:103260001A6100F04DF8236889E76FF040022046AC
:103270001A61FFF755FF236887E7FFF74DFFD0E797
:10328000FFF74AFFBCE7FFF747FFA6E7FFF744FF5A
:1032900091E700BF90F83C20012A28D0034600683F
:1032A000022230B4134D83F83D20A842426884685E
:1032B00018D005F58065A84214D024F0800C22F0C7
:1032C00070020C688968224300244CEA01014FF027
:1032D000010C42608160204683F83DC083F83C4089
:1032E00030BC704722F470024D682A43E5E70220A3
:1032F000704700BF00000140704700BF704700BF2B
:10330000704700BF0B460146184600F0C3B80000E6
:1033100010B582B08DED010A044600F0C9F89DEDAC
:10332000010A046002B010BD9FED070AFFEE007AAB
:10333000B7EE007A00284FF0220047FE277A87EE8A
:10334000800AFFF7E5BF00BF0000000070EE407A82
:10335000B4EE400A87EEA77AF1EE10FAB0EE470A13
:1033600002D62120FFF7D4BF704700BF10EE103AFD
:10337000B3F17E5F3ED0A3F50001B1F1FE4F10EE38
:10338000102A3AD2BFEE002B02F14043284903F540
:103390004D03C3F3C34001EB001091ED424B91ED9F
:1033A000447B91ED406B91ED465BD90DC9052DED48
:1033B000028B90ED021B90ED008B521ADB1500EE94
:1033C000103A03EE902AB8EEC00BB7EEE33A30EEB7
:1033D000010BA8EE032BBDEC028B22EE023BA4EE08
:1033E000027BA5EE020BA6EE037BA3EE070BB7EE66
:1033F000C00B70479FED0F0A7047590014D0B3F10E
:10340000FF4F14D0002B0BDBB1F17F4F08D2DFED63
:103410000A7A60EE277A17EE903AA3F13862B1E7A4
:1034200000EE103AFFF792BF0120FFF77DBF704713
:1034300020410108000000000000004B08B52DED00
:10344000028BB0EE408A00F021F80E4B93F9003069
:1034500001330BD0B4EE488AF1EE10FA06D6DFED58
:103460000A8AB4EEE88AF1EE10FA02D4BDEC028BBF
:1034700008BD00F01DF888EEA80ABDEC028B2123E0
:10348000036008BD7C03002400000000B1EEC00A08
:10349000704700BF10B5054C13462CB10A460146D3
:1034A0000220AFF3008010BD2046FCE700000000C2
:1034B000014B1868704700BF8003002470B50D4DA4
:1034C0000D4C641BA4100026A64209D10B4D0C4CD8
:1034D00000F000FF641BA4100026A64205D170BDB9
:1034E00055F8043B98470136EEE755F8043B9847FA
:1034F0000136F2E7F4420108F4420108F4420108FF
:10350000184301080A44914200F1FF3300D170478B
:1035100010B511F8014B03F8014F9142F9D110BDDC
:1035200002440346934200D1704703F8011BF9E7B8
:1035300037B5002944D051F8043C0190002BA1F18B
:103540000404B8BFE41800F0DFF81E4A01981368BD
:1035500033B96360146003B0BDE8304000F0DAB8FE
:10356000A34208D9256861198B4201BF19685B68BD
:1035700049192160EDE71A465B680BB1A342FAD9FD
:1035800011685518A5420BD1246821445418A34250
:103590001160E0D11C685B68536021441160DAE778
:1035A00002D90C230360D6E7256861198B4204BF5A
:1035B00019685B68636004BF491921605460CAE7F9
:1035C00003B030BD74230124F8B5CD1C25F00305EC
:1035D00008350C2D38BF0C25002D064601DBA9420D
:1035E00003D90C2333600020F8BD00F08DF8214989
:1035F0000A6814469CB9204F3B6823B921463046DF
:1036000000F03CF838602946304600F037F8431C9B
:1036100023D10C233360304600F07CF8E3E72368C5
:103620005B1B17D40B2B03D923601C44256004E0DB
:103630006368A2420CBF0B605360304600F06AF82A
:1036400004F10B00231D20F00700C21ACCD01B1A76
:10365000A350C9E722466468CCE7C41C24F00304E5
:10366000A042E3D0211A304600F008F80130DDD145
:10367000CFE700BF742301247823012438B5064D19
:103680000023044608462B6000F082FB431C02D155
:103690002B6803B1236038BD802301240CB430B5FE
:1036A000174B0C1E1D689DB008DA8B232B604FF062
:1036B000FF301DB0BDE8304002B070474FF40273D8
:1036C000ADF8143014BF04F1FF332346049307937D
:1036D0004FF6FF7302900690ADF81630209A21AB9A
:1036E00002A92846019300F077F8431CBCBF8B2346
:1036F0002B60002CDDD0029B00221A70D9E700BF9E
:1037000080030024704770470148FFF7FBBF00BFEC
:103710007C2301240148FFF7F6BF00BF7C2301246E
:103720002DE9F0478E689E4282460C4690461F4621
:1037300038D88A8912F4906F32D025680969A5EBD0
:103740000109656905EB450505EBD57501334B446A
:103750006D109D4238BF1D46530531D52946FFF7F0
:1037600033FF064650B90C23CAF80030A38943F052
:103770004003A3814FF0FF30BDE8F08721694A463E
:10378000FFF7C0FEA38923F4906343F08003A38175
:10379000266165614E44A5EB09052660A5603E469D
:1037A000BE4200D93E4620683246414600F0A8FAA3
:1037B000A3689B1BA3602368334423600020DBE7DE
:1037C0002A4600F0B7FA06460028E1D121695046A2
:1037D000FFF7AEFEC7E700002DE9F04F98468B8952
:1037E0001B069DB007460D4614460ED50B6963B9FE
:1037F0004021FFF7E9FE2860286120B90C233B60D7
:103800004FF0FF30D1E040236B6100230993202368
:103810008DF82930CDF80C803023DFF8A8818DF8A1
:103820002A304FF0010923469A4613F8012B0AB1BA
:10383000252AF9D1BAEB040B0BD05B462246294668
:103840003846FFF76DFF013000F0AA80099A5A440C
:1038500009929AF80030002B00F0A28000234FF06C
:10386000FF32CDE905230AF1010A049307938DF88D
:1038700053301A935446052214F8011B5148ECF7B3
:1038800037FD049AD8B9D00644BF20238DF85330B1
:10389000110744BF2B238DF853309AF800302A2BA0
:1038A00015D0079A544600204FF00A0C214611F813
:1038B000013B303B092B4ED9B0B1079214E0A0EB8D
:1038C000080309FA03F313430493A246D2E7039BC8
:1038D000191D1B680391002BBBBF5B4242F0020223
:1038E00007930793B8BF049223782E2B0CD16378EB
:1038F0002A2B35D1039B1A1D1B680392002BB8BFDE
:103900004FF0FF3302340593DFF8C8A0217803227B
:103910005046ECF7EDFC40B14023A0EB0A0003FA5F
:1039200000F0049B03430134049314F8011B264860
:103930008DF828100622ECF7DBFC002838D0234B4A
:103940001BBB039B073323F0070308330393099B37
:103950003344099367E70CFB02320C460120A5E7CC
:1039600000230134059319464FF00A0C204610F845
:10397000012B303A092A03D9002BC5D00591C3E7A2
:103980000CFB012104460123F0E703AB00932A4618
:103990000F4B04A93846AFF30080421C0646D6D12F
:1039A000AB895B063FF52CAF09981DB0BDE8F08FE1
:1039B00003AB00932A46064B04A9384600F07AF878
:1039C000EBE700BFA0420108AA4201080000000086
:1039D00021370108A64201082DE9F047164699460D
:1039E0008A680B69DDF820809342B8BF13463360C4
:1039F00091F8432007460C460AB10133336023682F
:103A0000990642BF336802333360256815F0060516
:103A100006D104F1190AE36832689B1AAB4226DC2E
:103A200094F84320131E226818BF012392062BD45A
:103A300004F1430249463846C04701301ED023688E
:103A4000E568326803F00603042B08BFAD1AA368CB
:103A500022690CBF25EAE57500259342C4BF9B1A75
:103A6000ED1800261A34B5421AD1002008E00123CF
:103A7000524649463846C047013003D14FF0FF3027
:103A8000BDE8F0870135C6E7E1185A1C302081F8FF
:103A90004300224494F8451082F843100233C7E7EC
:103AA0000123224649463846C0470130E6D0013658
:103AB000D9E700002DE9FF470F7E0C9D782F914636
:103AC00080460C469A4601F1430207D8622F0AD875
:103AD000002F00F0D880582F00F0A38004F1420599
:103AE00084F842703AE0A7F16303152BF6D801A1E0
:103AF00051F823F04D3B0108613B0108DD3A010814
:103B0000DD3A0108DD3A0108DD3A0108613B0108B0
:103B1000DD3A0108DD3A0108DD3A0108DD3A010825
:103B20006D3C0108913B01084F3C0108DD3A01085A
:103B3000DD3A01088F3C0108DD3A0108913B01089C
:103B4000DD3A0108DD3A0108573C01082B681A1DCF
:103B50001B682A6004F1420584F842300123A3E087
:103B600020682968060601F104030AD50E682B6057
:103B7000002E03DA2D23764284F843305E480A2370
:103B800019E00E682B6010F0400F18BF36B2EFE757
:103B90002B682068191D2960010601D51E6802E006
:103BA0004606FBD51E8854486F2F0CBF08230A23F6
:103BB000002184F843106568A560002DA2BF21682C
:103BC00021F0040121600EB9002D4DD01546B6FB41
:103BD000F3F103FB1167C75D05F8017D3746BB4272
:103BE0000E46F4D9082B0BD12368DE0708D52369CC
:103BF00061689942DEBF302305F8013C05F1FF35CD
:103C0000521B2261CDF800A04B4603AA2146404634
:103C1000FFF7E2FE01304CD14FF0FF3004B0BDE8B9
:103C2000F087354881F845702968236851F8046B9E
:103C300029601D0614D5DF0744BF43F0200323602D
:103C40001EB9236823F0200323601023B0E7236804
:103C500043F0200323607823284884F84530E3E7C5
:103C6000590648BFB6B2E6E71546BBE72B6826689B
:103C70006169181D286035061B6801D5196002E0CE
:103C80007006FBD51980002323611546BAE72B681F
:103C90001A1D2A601D68626800212846ECF728FB7F
:103CA00008B1401B606063682361002384F84330DF
:103CB000A8E723692A4649464046D0470130ABD0A1
:103CC00023689B0713D4E068039B9842B8BF18464B
:103CD000A4E70123324649464046D04701309BD0F5
:103CE0000135E36803995B1AAB42F2DCEBE7002590
:103CF00004F11906F5E700BFB1420108C24201080C
:103D0000884210B501EB020402D98442234607D849
:103D1000431EA14208D011F8012B03F8012FF8E748
:103D2000024401468A4200D110BD13F8014D02F849
:103D3000014DF7E7F8B5074614460E4621B9BDE830
:103D4000F8401146FFF740BC22B9FFF7F1FB2546CA
:103D50002846F8BD00F014F8A0420FD2214638469C
:103D6000FFF732FC05460028F2D031462246FFF725
:103D7000C9FB31463846FFF7DBFBE9E73546E7E7A5
:103D800051F8043C181F002BBCBF0B58C0187047DB
:103D9000044A05491368002B08BF0B4618441060FD
:103DA000184670478423012488230124FFFFFFFF66
:103DB000FFFF0000FFFFFFFFFFFFFFFFFFFFFFFF11
:103DC000FFFFFFFFFFFFFFFFFFFFFFFFFFFFFFFF03
:103DD000FFFFFFFFFFFFFFFFFFFFFFFFFFFFFFFFF3
:103DE000FFFFFFFFFFFFFFFFFFFFFFFFFFFFFFFFE3
:103DF000FFFF0000FFFFFFFFFFFF000001060000C4
:103E0000010700000054004000580040005C0040E2
:103E1000001C00582500260027003400350047000C
:103E2000520053008E000000010101030701000051
:103E3000000000400004004000080040000C00406A
:103E4000707265737365640072656C656173656437
:103E500000000000010400006DDBDBB64992B66D86
:103E6000244992242D2D00002573256400000000B4
:103E700043000000432300004400000044230000EE
:103E800045000000460000004623000047000000F7
:103E900047230000410000004123000042000000D1
:103EA000703E0108743E0108783E01087C3E01081E
:103EB000803E0108843E0108883E01088C3E0108CE
:103EC000903E0108943E0108983E01089C3E01087E
:103ED000F1F0F03CF1F0703DF1F0F03DB5B4343E5E
:103EE000F1F0703EB5B4343EF1F0F03DF1F0703DCC
:103EF000F1F0F03C452C25640A000000502C2564AC
:103F00002C25642C25642C25640A0000532C256480
:103F10002C25732C25640A00542C25642C25642C34
:103F200025732C25642C25640A000000462C544877
:103F300045524D414C2C25640A000000462C544546
:103F40004D505F53454E534F522C25640A000000DC
:103F50000006101600061016060000000C000000F7
:103F6000120000001800000000010000060100001F
:103F70000C01000012010000180100000002000006
:103F8000060200000C0200001202000018020000ED
:103F90000003000006030000000203000000000010
:103FA00001000000000000000000FA4500007A4611
:103FB0000000FA4600803B470080BB4700100140EC
:103FC0000044004000480040004C004000500040C9
:103FD0000014014000780040007C0040000C0058B4
:103FE00000000000000400000006000000100000B7
:103FF0000000000000300000002000000000001061
:104000000000000000100000000000000102030496
:10401000010203040607080900020102000201026E
:104020000100020004000800100020004000800091
:104030000001000200040008001000200040008081
:10404000000002580004025800080258000C0258F0
:10405000001002580014025800180258001C0258A0
:1040600000200258002402580028025800000000D6
:10407000018080808080808004808080808080803B
:104080000880808080808080108080808080808018
:104090002080808080808080400000000004081024
:1040A0002040000002040810204000000804020420
:1040B00008010101000000000B00FF009402002431
:1040C0007C020024880200244C020024B802002450
:1040D000A0020024AC02002458020024DC020024C8
:1040E000C4020024D002002464020024D821012448
:1040F000C0210124CC210124A8210124FC21012478
:10410000E4210124F0210124B4210124000300242E
:10411000E8020024F40200247002002400000000E1
:10412000BEF3F879EC61F63F1930965BC6FEDEBF50
:104130003D88AF4AED71F53FA4FCD432680BDBBF7C
:10414000B010F0F03995F43F7BB71F0A8B41D7BF11
:104150008503B8B095C9F33F7BCF6D1AE99DD3BFF6
:10416000A564880C190DF33F31B6F2F39B1DD0BF47
:10417000A08E0B7B225EF23FF07A3B1B1D7CC9BFF9
:104180003F341A4A4ABBF13F9F3CAF93E3F9C2BFA9
:10419000BAE58AF05823F13F5C8D78BFCB60B9BF98
:1041A000A70099413F95F03FCE5F47B69D6FAABFEC
:1041B000000000000000F03F0000000000000000D0
:1041C000AC479AFD8C60EE3F3DF5249FCA38B33F63
:1041D000A06A021FB3A4EC3FBA913854A976C43F39
:1041E000E6FC6A573620EB3FD2E4C44A0B84CE3F4C
:1041F0002DAAA163D1C2E93F1C65C6F04506D43F94
:10420000ED417803E686E83FF89F1B2C9C8ED83F53
:10421000624853F5DC67E73FCC7BB14EA4E0DC3F5E
:104220004D7E0AF7B612D7BFE0326849BFCADE3FFB
:10423000DEE3FA9F4715E7BFB8C8355F4715F73F7C
:10424000000000000000000000000000000000006E
:10425000000000000000000000000000000000005E
:10426000000000000000000000000000000000004E
:10427000000000000000000000000000000000003E
:10428000000000000000000000000000000000002E
:10429000000000000000000000000000000000001E
:1042A000232D302B2000686C4C006566674546471F
:1042B00000303132333435363738394142434445A2
:1042C0004600303132333435363738396162636411
:1042D00065660000F8B500BFF8BC08BC9E46704794
:0C42E000F8B500BFF8BC08BC9E46704753
:0842EC004CC4FE7F010000003C
:1042F400C5020008690C0008817C0008518B000885
:104304007D91000859A500082DAD00086D1D010818
:044314006522010815
:04431800A1020008F6
:10431C000000000001000000100000001000000070
:10432C000000000000000000000000000000000081
:10433C000000000010000000000000000000000061
:10434C000000000000000000000000001000000051
:10435C000000000000000000000000000000000051
:10436C000000000000000000000000000000000041
:10437C000000000000000000000000000100000030
:10438C000000000000000000000000000000000021
:10439C000000000000000000010000000000000010
:1043AC000000000000000000000000000000000001
:1043BC0000000000010000000000000000000000F0
:1043CC0000000000000000000000000000000000E1
:1043DC0001000000000000000000000000000000D0
:1043EC0000000000000000000000000001000000C0
:1043FC0000000000000000000000000000000000B1
:10440C00000000000000000001000000000000009F
:10441C000000000000000000000000000000000090
:10442C00000000000100000000000000000000007F
:10443C000000000000000000000000000000000070
:10444C00010000000000000000000000000000005F
:10445C00000000000000000000000000010000004F
:10446C000107080000000000000000000106080021
:10447C0000000000000000000B00FF00FC01002405
:10448C00F001002414020024080200242C02002451
:10449C0020020024C0010024B4010024D80100240F
:1044AC00CC0100240811012438020024E40100246A
:1044BC00E4100124FC100124F01001245C01002400
:1044CC0050010024010808020B080001080000003C
:1044DC00010908020A08000008000000010C0E0384
:1044EC00020801050E000000020C0801060E000077
:1044FC000000000001040B000000000000000000A0
:10450C00010707010F04000000000000010607016D
:10451C000E04000000000000000307000000000073
:10452C000000000000020700000000000000000076
:10453C00020B07000000000000000000020A070048
:10454C000000000000000000060907000000000049
:10455C00000000000090D0030090D003060A050074
:10456C000405000000000000010C0501040701090E
:10457C000500000000040600000000000000000020
:10458C000004080000000000000000000104050009
:10459C0006050609050000000105050007050000D9
:1045AC0000000000060B05000505000000000000DF
:1045BC00010E0502020500000000000002010501C9
:1045CC000F050203050000000303050000000000B6
:1045DC0000000000020B06010406000000000000B1
:1045EC00020C06010507000000000000020A06008C
:1045FC000000000000000000010408000608000094
:10460C000000000001050800070800000000000081
:10461C000005080000000000000000000000000081
:10462C00000000000000000000000000000000007E
:10463C00000000000100000000000000000000006D
:10464C00000000000000000000000000000000005E
:10465C00010000000000000000000000000000004D
:10466C00000000000000000000000000010000003D
:10467C00000000000000000000000000000000002E
:10468C00000000000000000001000000FF0000001E
:10469C0084030024000000006042010880420108ED
:1046AC004042010800000000000000000000000073
:1046BC0000000000000000000000000000000000EE
:1046CC0000000000000000000000000000000000DE
:1046DC0000000000000000000000000000000000CE
:1046EC0000000000000000000000000000000000BE
:0446FC0000000000BA
:0400000508000A11D4
:00000001FF
