:020000040800F2
:1000000000000220110A00080D0A000899A5000846
:100010000D0A00080D0A00080D0A00080000000083
:100020000000000000000000000000000D0A0008B1
:100030000D0A0008000000000D0A00081DA50008B8
:100040000D0A00080D0A00080D0A00080D0A000834
:100050000D0A00080D0A00080D0A00080D0A000824
:100060000D0A00080D0A00080D0A00085191000849
:100070005D910008CD7E0008699100087591000827
:10008000D19F00087D8600080D0A00080D0A0008AF
:100090000D0A00080D0A00080D0A00080D0A0008E4
:1000A0000D0A00080D0A00080D0A00080D0A0008D4
:1000B000411E01084D1E0108591E0108B1860008A5
:1000C0000D0A0008BD8600080D0A0008B1160108D7
:1000D000BD160108059E0008319E0008659E0008B7
:1000E0000D0A00080D0A0008000000000D0A0008B3
:1000F0000D0A00080D0A00080D0A00080D0A000884
:100100000D0A00080D0A0008651E0108C91601083D
:10011000999E0008CD9E00080D0A00080D0A0008EF
:100120000D0A00080D0A0008ED1601082117010844
:1001300005A000080D0A00080D0A00080D0A0008B5
:1001400000000000000000000000000000000000AF
:100150000D0A00080D0A00080D0A0008019F00089A
:10016000C98600080D0A00082DA5000851A5000841
:100170000D0A000875A500080D0A00080D0A000800
:100180000D0A00080D0A0008359F0008699F000845
:10019000D5160108E11601080D0A00080D0A00082D
:1001A0000D0A00080D0A00080D0A00080D0A0008D3
:1001B000718E00080D0A00080D0A00080D0A0008DB
:1001C0000D0A00080D0A00080D0A00080D0A0008B3
:1001D0000D0A00080D0A00080D0A00080D0A0008A3
:1001E0000D0A00080D0A00080D0A00080D0A000893
:1001F0000D0A00080D0A00080D0A00080D0A000883
:100200000D0A00080D0A00080D0A00080D0A000872
:100210000D0A00080D0A00080D0A00080D0A000862
:100220000D0A00080D0A00080D0A00080000000071
:100230000D0A00080D0A0008000000000D0A000861
:100240000D0A00080D0A00080D0A00080D0A000832
:100250000D0A00080D0A00080D0A00080D0A000822
:100260000D0A00080D0A00080D0A00080D0A000812
:100270000D0A00080D0A00089D9F000800000000FC
:100280000D0A00080D0A00080D0A00080000000011
:08029000000000000D0A000847
:1002A00010B5054C237833B9044B13B10448AFF3B0
:1002B00000800123237010BDE8030024000000002B
:1002C000EC3F010808B5034B1BB103490348AFF3EA
:1002D000008008BD00000000EC030024EC3F010892
:1002E000034613F8012B002AFBD1181A0138704776
:1002F00001F0FF01102A2BDB10F0070F08D010F8D7
:10030000013B013A8B422DD010F0070F42B3F6D1DA
:10031000F0B441EA012141EA014122F007047FF0F3
:1003200000070023F0E80256083C85EA010586EA4A
:10033000010685FA47F5A3FA87F586FA47F6A5FA86
:1003400087F68EB9EED1F0BC01F0FF0102F0070292
:1003500032B110F8013B013A83EA010313B1F8D13D
:100360000020704701387047002D06BF354603381E
:10037000073815F0010F07D1013015F4807F02BF57
:10038000013015F4C03F0130F0BC0138704700BFA8
:1003900081F0004102E000BF83F0004330B54FEA36
:1003A00041044FEA430594EA050F08BF90EA020FA3
:1003B0001FBF54EA000C55EA020C7FEA645C7FEA36
:1003C000655C00F0E2804FEA5454D4EB5555B8BF59
:1003D0006D420CDD2C4480EA020281EA030382EACA
:1003E000000083EA010180EA020281EA0303362D5C
:1003F00088BF30BD11F0004F4FEA01314FF4801C2F
:100400004CEA113102D0404261EB410113F0004F40
:100410004FEA03334CEA133302D0524263EB4303F7
:1004200094EA050F00F0A780A4F10104D5F1200E95
:100430000DDB02FA0EFC22FA05F2801841F10001F0
:1004400003FA0EF2801843FA05F359410EE0A5F1C4
:1004500020050EF1200E012A03FA0EFC28BF4CF0F5
:10046000020C43FA05F3C01851EBE37101F00045AB
:1004700007D54FF0000EDCF1000C7EEB00006EEBB8
:100480000101B1F5801F1BD3B1F5001F0CD3490842
:100490005FEA30004FEA3C0C04F101044FEA445299
:1004A00012F5800F80F09A80BCF1004F08BF5FEA20
:1004B000500C50F1000041EB045141EA050130BD00
:1004C0005FEA4C0C404141EB0101013C28BFB1F512
:1004D000801FE9D291F0000F04BF01460020B1FA5D
:1004E00081F308BF2033A3F10B03B3F120020CDA30
:1004F0000C3208DD02F1140CC2F10C0201FA0CF00E
:1005000021FA02F10CE002F11402D8BFC2F1200C72
:1005100001FA02F120FA0CFCDCBF41EA0C01904028
:10052000E41AA2BF01EB0451294330BD6FEA040471
:100530001F3C1CDA0C340EDC04F11404C4F120025C
:1005400020FA04F001FA02F340EA030021FA04F36E
:1005500045EA030130BDC4F10C04C4F1200220FAC5
:1005600002F001FA04F340EA0300294630BD21FA03
:1005700004F0294630BD94F0000F83F4801306BFC9
:1005800081F480110134013D4EE77FEA645C18BFBD
:100590007FEA655C29D094EA050F08BF90EA020F54
:1005A00005D054EA000C04BF1946104630BD91EA4C
:1005B000030F1EBF0021002030BD5FEA545C05D14F
:1005C0004000494128BF41F0004130BD14F580048E
:1005D0003CBF01F5801130BD01F0004545F0FE4102
:1005E00041F470014FF0000030BD7FEA645C1ABF37
:1005F000194610467FEA655C1CBF0B46024650EA6E
:10060000013406BF52EA033591EA030F41F4002199
:1006100030BD00BF90F0000F04BF0021704730B51F
:100620004FF4806404F132044FF000054FF00001F4
:1006300050E700BF90F0000F04BF0021704730B5B5
:100640004FF4806404F1320410F0004548BF40428A
:100650004FF000013EE700BF42004FEAE2014FEADF
:1006600031014FEA02701FBF12F07F4393F07F4FBA
:1006700081F06051704732F07F4208BF704793F0BD
:100680007F4F04BF41F40021704730B54FF46074D0
:1006900001F0004521F000411CE700BF50EA0102D3
:1006A00008BF704730B54FF000050AE050EA01027C
:1006B00008BF704730B511F0004502D5404261EBEC
:1006C00041014FF4806404F132045FEA915C3FF42D
:1006D000D8AE4FF003025FEADC0C18BF03325FEACA
:1006E000DC0C18BF033202EBDC02C2F1200300FA7B
:1006F00003FC20FA02F001FA03FE40EA0E0021FAA0
:1007000002F11444BDE600BF53B94AB9002908BF3D
:1007100000281CBF4FF0FF314FF0FF3000F074B9DC
:10072000ADF1080C6DE904CE00F006F8DDF804E048
:10073000DDE9022304B070472DE9F047089D044627
:100740008E46002B4DD18A42944669D9B2FA82F284
:1007500052B101FA02F3C2F1200120FA01F10CFAC0
:1007600002FC41EA030E94404FEA1C48210CBEFBF8
:10077000F8F61FFA8CF708FB16E341EA034306FB81
:1007800007F199420AD91CEB030306F1FF3080F010
:100790001F81994240F21C81023E63445B1AA4B25D
:1007A000B3FBF8F008FB103344EA034400FB07F7FF
:1007B000A7420AD91CEB040400F1FF3380F00A8140
:1007C000A74240F207816444023840EA0640E41B35
:1007D00000261DB1D4400023C5E900433146BDE8E1
:1007E000F0878B4209D9002D00F0EF800026C5E983
:1007F000000130463146BDE8F087B3FA83F6002E9B
:100800004AD18B4202D3824200F2F980841A61EB12
:10081000030301209E46002DE0D0C5E9004EDDE730
:1008200002B9FFDEB2FA82F2002A40F09280A1EB18
:100830000C014FEA1C471FFA8CFE0126200CB1FB6D
:10084000F7F307FB131140EA01410EFB03F0884266
:1008500008D91CEB010103F1FF3802D2884200F2F3
:10086000CB804346091AA4B2B1FBF7F007FB101185
:1008700044EA01440EFB00FEA64508D91CEB040423
:1008800000F1FF3102D2A64500F2BB800846A4EB7E
:100890000E0440EA03409CE7C6F12007B34022FA69
:1008A00007FC4CEA030C20FA07F401FA06F31C4398
:1008B000F9404FEA1C4900FA06F3B1FBF9F8200CA5
:1008C0001FFA8CFE09FB181140EA014108FB0EF0EB
:1008D000884202FA06F20BD91CEB010108F1FF3A3B
:1008E00080F08880884240F28580A8F10208614447
:1008F000091AA4B2B1FBF9F009FB101144EA014155
:1009000000FB0EFE8E4508D91CEB010100F1FF34FF
:100910006CD28E456AD90238614440EA0840A0FB97
:100920000294A1EB0E01A142C846A64656D353D06D
:100930005DB1B3EB080261EB0E0101FA07F722FA91
:1009400006F3F1401F43C5E9007100263146BDE8BA
:10095000F087C2F12003D8400CFA02FC21FA03F31D
:10096000914001434FEA1C471FFA8CFEB3FBF7F09E
:1009700007FB10360B0C43EA064300FB0EF69E42C3
:1009800004FA02F408D91CEB030300F1FF382FD25C
:100990009E422DD9023863449B1B89B2B3FBF7F604
:1009A00007FB163341EA034106FB0EF38B4208D9DD
:1009B0001CEB010106F1FF3816D28B4214D9023E1E
:1009C0006144C91A46EA004638E72E46284605E73C
:1009D0000646E3E61846F8E64B45A9D2B9EB02080D
:1009E00064EB0C0E0138A3E74646EAE7204694E79D
:1009F0004046D1E7D0467BE7023B614432E73046D0
:100A000009E76444023842E7704700BFFEE700BFD1
:100A10000B480C4A904203D0121A0B4912F0F2FB19
:100A20000A480B4A904203D0121A002112F0F8FB38
:100A30000AF00AF812F0C2FB00F018F8FEE700BF57
:100A400000000024E40300241C400108E803002403
:100A500088230124704700BF8446134602480A4693
:100A6000614600F01FBD00BF040400242DE9F04FD3
:100A7000002195B0704805F0F1FD03216E4805F0A6
:100A8000F1FC30216C4805F00DFD6C4C6C48DFF832
:100A9000C8816C4D6C4FDFF8C4916C4E664922469C
:100AA00000F006FA404601F069F94FF0000B2846C5
:100AB00000F0D0FEDA4609F0DFFD01463846D846A0
:100AC00000F022FF5F4609F0D7FD5A46014648462E
:100AD00001F0C2FD584805F0E1FC214630462A46A7
:100AE00000F0C4FC5A495448FF2605F0B7FC2BE03F
:100AF000002E61D02146544800F006FF4FF0000A56
:100B000023464F2B1BD94FF4805252494D4800F0D9
:100B1000B1FE002800F0818003A84B499DED0C1A1E
:100B20004FF48053DDED0B0AA2469DED0A0A494AB7
:100B3000009400F0DDFF03A9474801F035FA0120D9
:100B400037462E4609F09AFD09F096FD04464348C3
:100B5000214601F051FD99F87C30023B012B3ED932
:100B600037490AA82346344A00F00AFB10999DF839
:100B70003A50A1F101013048B1FA81F1490905F07B
:100B8000ADFCAE4203D02946334801F013F99DF87D
:100B90004430E3B99DF8383023B9A4EB0803B3F52A
:100BA000FA7F04D30AA92C48A04601F01DF9B5FA32
:100BB00085F67609002F9BD065B307B321462248FE
:100BC00000F0A2FE2448A34601F054FAB7E7DDE99D
:100BD00012239DF84510204801F0C8F9DAE72048B3
:100BE00001F0D2FC01281AD002281ED021461B4851
:100BF00001F07EFD0146104805F070FCB0E74DB1F4
:100C0000A4EB0B03B3F57A7F99D31348A34601F005
:100C100031FA94E7A4EB0A0373E7A2468FE799ED54
:100C2000290A0D4801F040FAE0E7D9F8AC100A486B
:100C300001F06AFADAE700BF9C450024CC040024E6
:100C4000DC450024900400249804002404040024BB
:100C5000590A00089C05002444460024DC040024B2
:100C60005805002410B512480024124A12490460A5
:100C700044610462C46312F0C5F9104B10485C6013
:100C800043F8044B5C601C8100F0AEF80D4800F0A6
:100C9000CDFD0D4800F022FE0C4800F09DFB0C48F5
:100CA00001F068F80B48BDE8104001F075BC00BFCA
:100CB0009C45002400000024550A0008CC040024B0
:100CC000DC4500249004002498040024040400243B
:100CD00044460024DC040024F0B50D8807464E8805
:100CE000013A00F10E044FF0000CAE422CBF00237D
:100CF000012303732B460AE09E4510D273449445AA
:100D00004FEA530324F8023B0BDA31F8023FAE42BC
:100D10000CF1010CB1F802E0EED39E45EED80020B4
:100D2000F0BD012318467B73F0BD00BF70B50646C9
:100D3000407B30B3F0697568002801DDA84221DDF1
:100D4000002D4DDD33684FF0010C00204FF6FF748D
:100D5000A3F1020E3EF8023F9942A3EB0102A1EB80
:100D6000030392B288BF9AB26346A24201D26046A0
:100D70001446AB420CF1010CECDB7389A34238BF83
:100D8000002070BD6FF000423368B6F80AE00244FC
:100D9000348933F8122074448A42A4B234BF8A1AC8
:100DA000521A92B29442ECD29E1E012400204FF6B9
:100DB000FF7C36F8023F9942A3EB0102A1EB03034B
:100DC00092B288BF9AB22346624501D22046944629
:100DD0009D4204F10104ECDCE64538BF002070BD03
:100DE00000204FF6FF74C8E710B4184C03464FF6C6
:100DF0000B7C002220680021A3F804C040F2011CF3
:100E0000C3F86200A088A3F84C20A3F86600184637
:100E10001A601A61A3F818C0A3F844209A6483F8F2
:100E20004E20196559659965DA65A3F86020C3E914
:100E30000B22C3E902225DF8044BC3E90722C3E990
:100E40000922C3E90D22C3E90F227047AC3A010819
:100E500090F844305BB303684BB3B0F860C0F0B5B2
:100E6000B0F85C40B0F85EE090F84C7090F84D60DF
:100E700090F84E50A0F86240A0F864E0A0F866C078
:100E800000201A68BFF35B8F911C42F0010221F031
:100E900001011A601F715E719D71D8711C81A3F8E8
:100EA0000AE0A3F80CC0BFF35B8F1960F0BD704778
:100EB0002DE9F04F002402260546804689464FF072
:100EC000010A08F1200B08272DED028B9FB045F891
:100ED000042B32468DF814600CA88DF81540059946
:100EE00006F060FD03238DF8184032468DF8193066
:100EF0000DF14200069906F055FD8DF81CA08DF805
:100F00001DA03246079915A806F04CFD07238DF861
:100F1000204032468DF821300DF16600089909F124
:100F2000180606F03FFD04230CA930461A4606F0C9
:100F30004DFD304606F058FF0521484605F08AFA77
:100F40008A4A5346284611682246009407F06AF8F8
:100F5000DFED877A87490622874B5846C8F840401C
:100F6000B0EE678A88F82D40F0EE678AC8F8201046
:100F7000C8E90E44C8E90923FFF7AEFE8246CDED6D
:100F8000097ACDED0A7ACDED0B7A0AAD0024E1B2F3
:100F9000304606F03FFFB5EEC00AF7EE007AF1EEFC
:100FA00010FA0FD4B4EE670A0134F1EE10FA37FEEE
:100FB000800A30EE080A032C05ED010A0BD0B5ECCF
:100FC000018AE4E79FED6A0A013430EE080A032C37
:100FD00005ED010AF3D12146304606F01BFFB5EEC0
:100FE000C00AF1EE10FA12D4F7EE007AB4EE670AF6
:100FF000F1EE10FA37FE800A0121484678EE808A29
:1010000005F028FA013F05D09DED098ABDE79FED67
:10101000580AF1E708F15C0109A808F150030C46F1
:10102000B4EE007AF0EC017AF7EE006A002267EE87
:10103000877AF5EEC07AE3EC017AF1EE10FA11D47A
:10104000F4EEE67A9FED4D6AB6EE007A4FF6FF7247
:10105000F1EE10FA06DCA7EE867ABCEEC77A17EE40
:10106000102A92B29C4221F8022BD9D1BAF1000F7A
:1010700031D0F4EE007A68EEA78AF5EEC08AF1EE80
:1010800010FA33D50021039109F0F6FA03990646C8
:101090005846FFF74BFED8F838400546A0423BD0F3
:1010A0000446C8F83800C8F840605846FFF73EFECE
:1010B000A042D8F83C5006F1140640D02C46C8F89F
:1010C0003800C8F84060002C08BF2C46631E042B73
:1010D00098BF88F84C300123404688F84430FFF729
:1010E000B7FE1FB0BDEC028BBDE8F08FF7EE007AC3
:1010F000F4EEE78AF1EE10FA02DD4FF6FF71C2E777
:10110000F6EE007A9FED1D7AE8EE877AFCEEE77A3C
:1011100017EE903A99B2B6E7D8F83C0085420246FD
:101120001CD0D8F84030F31A132B1AD95846C8F8F7
:101130003C50FFF7FBFDA04206F11406BED1AC42C5
:1011400009D0D8F84010721A132A94BFD8F83C403E
:10115000C8F83C40B7E72246D8F83C00044615469C
:10116000B1E72C4614360546E9E700BF543B0108B9
:1011700000000000583B01088403F00A00FF7F478D
:101180002DE9F04F00250C4602F1180B28222946C4
:10119000074604F15C0604F15008BA46A9462DED55
:1011A000028B83B0019312F03BF8B4F84C207A82A2
:1011B000E26BBA61E9B2584606F02CFEB5EEC00A01
:1011C000F1EE10FA5FD4F7EE007AB4EE670AF1EEB2
:1011D00010FA37FE800AD8ED007A9FED7A7A30EE69
:1011E000670AE0EE077AF5EEC07AE8EC017AF1EEF4
:1011F00010FA42D4B7EE007AF4EEC77AF1EE10FAA4
:1012000044DCB6EE007ADFED706AA7EEA67AFCEE5B
:10121000C77A17EE903A9AB207EE902AB8EE677A3C
:10122000C7EE267AF1883280914234BF521A8A1A68
:1012300092B2802A05F1010506F10206EAEC017A74
:1012400028BF4FF00109032DB4D1B6EE008A29461C
:10125000584687ED038A06F0DDFDB5EEC00AF1EED3
:1012600010FA18D4F7EE007AB4EEE70AF1EE10FAAD
:1012700040F396804FF6FF710EE00022DFED537AC7
:101280003280F288D5E79FED510AA4E7F0EE477A65
:101290004FF6FF72C6E7002104F12000B982FFF784
:1012A00045FDA36B984262D0019BA063E06B236471
:1012B000B8610138042813D9201D4D4606F098FF67
:1012C000637E834220D0019B6076E36187F81090B3
:1012D000002D43D1384603B0BDEC028BBDE8F08F42
:1012E000C0B294F84C308342E6D00023012584F844
:1012F0004C00B874201D84F84D30FB747D7406F0EA
:1013000077FF637E8342DED1227E9A42DED0E2699D
:101310000199A1EB020ABAF10E0FD7D92376002B5F
:1013200030D194F84530002BD0D1012394F84C20D3
:1013300084F84530A36C0133A3647B62002A3BD060
:1013400094F84D3040F2011287F8109083F00103B9
:10135000BA831F4A84F84D30FB743A622046FFF787
:1013600077FD384603B0BDEC028BBDE8F08FE26B31
:1013700090429DD0236C0199CB1A132B94BF104639
:10138000E06395E794F84530002B9FD0002384F864
:101390004530A36C7B6201233B770E4B3B6295E7A4
:1013A000F0EE487A9FED087AE0EE077AFCEEE77AF5
:1013B00017EE903A99B26FE740F20113BB83044BEA
:1013C0003B6283E70AD7A33D00FF7F470000000090
:1013D000403B0108483B0108204BB7EE007A9FEDE7
:1013E000206A9C46DFED1F6ADFED1F7AF0B500250D
:1013F000864600F11C0403F13C068561C0E90055F6
:10140000C0E90255C0E90455BCE80F000FC4BCE8B0
:101410000F000FC4BCE80F000FC49CE8070084E86D
:10142000070003CECEE916553388CEF86200704629
:10143000AEF860508EED1E6ACEED1F6A8EF87450C5
:101440008EF880508EED217ACEED227ACEF866109D
:10145000AEF86A30CEE91B55F0BD00BFB43A0108C2
:10146000000000008888883B8888083B9FED0C7A44
:10147000F7EE007A00234FF0000C20EE070AA0F8E8
:101480005830036787EE807AC0F878C080F88030E3
:10149000C0ED217AC0E9001280ED227A704700BFCA
:1014A0000BD7233C63B10968D2E9000201EB830C3E
:1014B00051F8043B614540F8043B42F8043BF7D146
:1014C000704700BF002ADFEDC07A2DE9F8430746D8
:1014D0001C462DED028BB0EE408A08DD0B4601EB79
:1014E0008205B3EC017AAB4277EE877AF9D107EE49
:1014F000102AB64D501EDFEDB45AB8EEC77A6FF021
:101500000308DFF824E305F580592E4687EE876A45
:101510004246AF4B08F10408DFEDAE6A9FEDAA7AB0
:1015200001E0F3EC016A002A8C4605DB8242944616
:10153000A8BF844601EB8C0CDCED007A734502F108
:10154000010277EEC67AA7EEA67AEAD1A6EC017A76
:101550004E45E7EE075ADBD1DFED9F7A25EEA70A6D
:10156000B5EE400AF1EE10FA00F12981F1EEC07AF1
:101570009FED9A7AD7ED086AF4EEC77AF1EE10FA89
:1015800007DD9FED977AF4EEC76AF1EE10FA00F3EB
:10159000CF809FED947ADFED945A27EE877A9FED06
:1015A000936AF4EEC67AA6EEA57AF1EE10FA87ED0C
:1015B000087A00F1AE80002140F2F4628C480126E6
:1015C00011F02EFE8B484FEA450C8B4907460CF56F
:1015D000805CACEB01022B469FED7B7AF3EC017A49
:1015E000F2EC016A8B4277EEE67AA7EEA77AF5D1A4
:1015F000013640F2BD12191FA7EC017A9642E8D1DC
:101600007E4D4FF07E53DFED707A2A467C4942F8DA
:10161000043B0123F0EC016AB7EE007A9FED796A92
:1016200077EEA67AF4EEC67AF1EE10FA07DD07EE51
:10163000103AB8EEC77A67EE266A86EEA77A81423C
:1016400003F10103A2EC017AE4D1B5EEC08AF1EE18
:1016500010FA63D59FED6C7A6C4A0C2302E00133DB
:101660008B4256D0F2EC017A40F2BD11F4EEC77A0B
:10167000F1EE10FAF3D505EB830209E0D2ED017A21
:10168000B2EC017AF4EEC77AF1EE10FA66D50B46A9
:10169000B3F5DE7F03F10101F0DBDFED4B7A07EEFE
:1016A000103AF7EE006AB8EEC77A77EE277AF4EED2
:1016B000E67AF1EE10FA2CD9DFED555AB3EE0B6A4B
:1016C00085EEA77AB4EEC67AF1EE10FA21D4DFEDFA
:1016D000517AB4EEE77AF1EE10FA1ADC05EB8303E7
:1016E00084ED007AD3ED007A76EEE77AF5EEC07AF3
:1016F000F1EE10FA5DD4F4EE667AF1EE10FA76FEB1
:10170000A77A0A9B0120BDEC028BC3ED007ABDE8ED
:10171000F883BDEC028B0020BDE8F883F7EE007A79
:10172000B4EEE78AF1EE10FA11DD9FED3B7A93E714
:1017300087EEA67A9FED396AB4EEC67AF1EE10FA1A
:101740007FF727AFFB6A0B9A13447B6221E7DFED3B
:10175000347A9FED2D7AA8EE677A7DE705EB830258
:10176000B0EE005ADFED2F5A52ED016AB0EE666A14
:1017700097EE056A36EE676AB0EEC67AB4EEE57AA1
:10178000F1EE10FA89D476EEE77AF6EE006AFEEE14
:10179000005A27EEA67AC7EE067AF4EEE57AF1EE65
:1017A00010FA09D4F4EE667AF1EE10FA76FEA77A12
:1017B00075E7DFED057AA4E7F0EE657A6FE711F0E3
:1017C000BDFCF0EE407AD3E6000000004C56002449
:1017D000D43B0108F1F0F03C0000803AA69B443C69
:1017E000BD3786359A99193E9A99593F0AD7233CB5
:1017F0004CE6002450E60024486600244C460024B1
:1018000040ED00245F708930AE47613E7C46002485
:1018100000803B4600007A44CDCCCC3D3333D33FEF
:101820008FC2F53DCCBC8C2BF43B0108002205494E
:10183000054B10B4C0E90022044C054A5DF8044B86
:10184000704700BF4C6600244CE600244C56002430
:101850004C46002410B54FF40042044600210448D1
:1018600011F0DEFC00232360BFF35B8F636010BDCB
:101870004C660024531EB3F5805F03D2B1FA81F3A6
:101880005B0909B90020704770B502F5807546689C
:10189000BFF35B8FB5421CD8A6F580768C460E4D03
:1018A0001946B41A0B19013141F6FF7EC3F30C033C
:1018B0008A4205EB83031B684CF8043BF2DC436867
:1018C000901BBFF35B8F184470458CBF0020012034
:1018D00070BD002070BD00BF4C66002400220021B6
:1018E00010B478248161C161C46201625DF8044B67
:1018F00080F83020C0E90022C0E90222C0E90422B9
:10190000C0E90922704700BF00230022783103603C
:1019100043608360C360036142618361C3610362AA
:1019200080F8302010B47824C0E90912C4625DF850
:10193000044B7047B5EEC00AF0B5F1EE10FA15464B
:101940002DED028B83B044D9DFED267A04460E4696
:101950009FED258A80EE270A244F11F087FB204651
:10196000234B3146234EF2EE087AA0EE278AF8FE8A
:10197000487AFDEEE77A17EE904A83FB04234FEA9C
:10198000E47C1D4ACCEB630C0CEB4C030CF1FF3CEC
:10199000A4EB8303CDF800C00C33A6FB036C4FEA25
:1019A000DC0C0CEB4C0CA3EB8C0357F8233011F040
:1019B000F5FC07EE904A9FED117AF8EEE77A38EEE3
:1019C000678A28EE078A85ED008A03B0BDEC028B9A
:1019D000F0BD00270A4A11F0E1FC2F6003B0BDEC16
:1019E000028BF0BD0000DC4300008A42A03B0108EE
:1019F000ABAAAA2AABAAAAAA683B01080000C8425F
:101A0000643B0108D0ED006AD0ED017A90ED020A46
:101A1000F4EEE76A90ED037A90ED046AF1EE10FAC5
:101A200005DDF0EE665AF0EE676AF0EE657AB4EE28
:101A3000C67AF1EE10FA33DCB4EEC60AF1EE10FA13
:101A400005DDF0EE405AB0EE460AB0EE656AB4EE3F
:101A5000C70AF1EE10FA30DCF4EEC76AF1EE10FAC4
:101A600005DDF0EE665AF0EE476AB0EE657AF4EE08
:101A7000406AF1EE10FA36FE800AF4EE467AF1EE94
:101A800010FA76FE277AF4EE477AF1EE10FA77FE36
:101A9000277AF4EE407AF1EE10FA37FE800A7047AA
:101AA000B4EEC70AF1EE10FA0FDDF0EE405AB0EED8
:101AB000470AB0EE467AB0EE656AF4EEC06AF1EE1F
:101AC00010FA0EDDB0EE667AD7E7F0EE475AB0EEC8
:101AD000467AB0EE656AB4EEC70AF1EE10FABBDDE5
:101AE000EBE7F0EE475AB0EE407AB0EE650ABEE79B
:101AF000F0B50D461146954A04460020166895F843
:101B000030202DED028B206185B02682360CB0EEA0
:101B1000608A0C9FA674C4E90000C4E90200C4E90D
:101B200005002AB1AA6ABA1AB2F5966F00F2AE8021
:101B3000B5EEC01A00220292F1EE10FA03921AD406
:101B4000F7EE007AB4EEE71AF1EE10FA40F3858072
:101B5000C822EA6299B96B6A00229F42A26180F0B2
:101B6000888095F83030002B40F0A180204605B0E9
:101B7000BDEC028BF0BD3C22EA620029EBD0B3F54C
:101B8000805FE8DB1A4603AB28460197009302AB5F
:101B9000FFF798FC6B6A9DED020ABB4284ED060AD2
:101BA000DFD8002865D095F83020002A40F09480D6
:101BB0009DED035A6B682B60AB686B60EB68AB60A4
:101BC0002B6985ED040AEB606B69042B00F3B78089
:101BD0000133052B6B6100F0B280B5EEC08AF1EEE7
:101BE00010FA00F1A980F7EE007AB4EEE78AF1EE80
:101BF00010FA00F3A8809FED567ADFED567AE8EEF2
:101C0000077A3AB195ED067A70EE476AA6EEA77AA2
:101C1000B0EE470ADFED507A85ED060AB4EEE75ADA
:101C2000F1EE10FACCBF0123002305DD012285ED82
:101C3000070AAF6285F8302004F1100004F10C02AD
:101C40000821237084ED010A84ED025AFFF772FE29
:101C5000204605B0BDEC028BF0BDF6EE007A9FED9C
:101C60003F7AE1EE077AFCEEE77A17EE902A3C32F3
:101C700082E7002295F830302270002B4CD10023EF
:101C80002046A36005B0BDEC028BF0BD0022686168
:101C9000A8622A606A60AA60EA602A61AA61EA61B1
:101CA0002A6207F1780285F830006A6240E7002076
:101CB00095ED070A4FF07A5304F10C0220700821C9
:101CC00004F1100084ED010AA360FFF733FE204603
:101CD00005B0BDEC028BF0BDD5ED077ADFED206AD3
:101CE00080EE277AB4EEE67AF1EE10FA07DCDFED4B
:101CF0001D6AB4EEE67AF1EE10FA7FF559AF9DED6C
:101D0000035A9FED197AB4EEC75AF1EE10FA7FF537
:101D100051AF0023237001E0D5ED077A134BB0EEED
:101D2000670A04F10C02082104F11000A360C4ED5D
:101D3000017AFFF7FFFD19E7DFED067A61E7284634
:101D4000FFF760FE49E7DFED0A7A5AE7643B0108D6
:101D500014AEC7BE6666E63ECDCCCC3E00000C435A
:101D60009A99F93FB81E053F6666663FCDCC4C3E5A
:101D700090C2753D0022C0E90022704710B50C4AA0
:101D800088B001230021B2F800C04FF4E13403937E
:101D900006930491029101A9059393880794ADF8E5
:101DA00004C0ADF8063008F0E3F908B010BD00BF7C
:101DB000FC3A010810B588B00B460A4A20210446B7
:101DC000684611F0EBFA6846FEF78AFA0A230246E3
:101DD0006946204608F036FA10B163680133636043
:101DE00008B010BDF43B010891ED007AB5EEC07A61
:101DF00030B5F1EE10FA9DB0044640D4F7EE007A0B
:101E0000B4EEE77AF1EE10FA40F3998091ED017AA1
:101E100042F21073B5EEC07AF1EE10FA37D5002019
:101E200091ED027AB5EEC07AF1EE10FA3FD4F7EEFA
:101E3000007AB4EEE77AF1EE10FA5CDD91ED037A08
:101E400042F21075B5EEC07AF1EE10FA37D50022E5
:101E500060210292434ACDE9000504A811F09EFAE0
:101E600004A8FEF73DFA0A23024604A9204608F01A
:101E7000E9F910B16368013363601DB030BD002320
:101E800091ED017AB5EEC07AF1EE10FAC7D4F7EE13
:101E9000007AB4EEE77AF1EE10FA3EDD91ED027AC7
:101EA00042F21070B5EEC07AF1EE10FABFD50025FF
:101EB00091ED037AB5EEC07AF1EE10FAC7D4F7EEE1
:101EC000007AB4EEE77AF1EE10FA02DD42F2107217
:101ED000BEE7F6EE007ADFED246A42F21071E7EE1B
:101EE000267AFDEEE77A17EE902A8A42A8BF0A46C4
:101EF00022EAE272ACE7F6EE007ADFED1B6A42F20C
:101F00001072E7EE267AFDEEE77A17EE905A9542C8
:101F1000A8BF154625EAE575CAE7F6EE007ADFEDBB
:101F2000126A42F21072E7EE267AFDEEE77A17EEB9
:101F3000900A9042A8BF104620EAE07070E7F6EEE3
:101F4000007ADFED096A42F21072E7EE267AFDEEC2
:101F5000E77A17EE903A9342A8BF134623EAE37359
:101F60008EE700BFFC3B010800401C4610B514463C
:101F70009AB01A460B46009460210446019202A8CA
:101F8000084A11F00BFA02A8FEF7AAF90A23024642
:101F900002A9204608F056F910B163680133636066
:101FA0001AB010BD0C3C010891ED017AB5EEC07A73
:101FB00010B5F1EE10FAA4B0044653D4F6EE007A50
:101FC000DFED296AE7EE267AFDEEE77A17EE900A52
:101FD0009FED266AF6EE006A91ED037AFEEE007A36
:101FE00027EE067A91ED026AB5EEC07AF1EE10FAAC
:101FF000B5EEC06A66FEA77A77EE877AF1EE10FA40
:10200000FDEEE77A09D4B7EE007AB4EEC76AF1EED6
:1020100010FA1EDD4FF47A7300E00023CDED027A52
:10202000009004A8039311F8103B114A01918021FC
:1020300011F0B4F904A8FEF753F90A23024604A9E3
:10204000204608F0FFF810B163680133636024B0E4
:1020500010BD9FED057AE6EE076ABDEEE67A17EE53
:10206000103ADBE70020B3E700007A440000C842E2
:10207000183C01080B4A002300B5126889B04FEAEA
:10208000124C01A9059301930493ADF814208DF827
:1020900016C0CDE90233CDE90633FFF785FF09B05D
:1020A0005DF804FB643B0108DFED156ABEEE007AC3
:1020B000F6EE007A134A20EE260A302110B5B5EE6E
:1020C000C00A8CB004466846F1EE10FA67FE877AC3
:1020D00077EE807AFDEEE77A17EE903A11F05EF92E
:1020E0006846FEF7FDF80A2302466946204608F0D6
:1020F000A9F810B16368013363600CB010BD00BF74
:102100000000C8422C3C010810B58CB00B460A4AAE
:1021100030210446684611F041F96846FEF7E0F8C0
:102120000A2302466946204608F08CF810B163681D
:10213000013363600CB010BD3C3C0108394A4FF6D6
:10214000FF71138CF0B5A0F8703089B0B2F8404040
:1021500005468C4218BFA342A0F8724003F1FF333A
:10216000B2F860202CBF012400244FF6FD719BB211
:10217000A0F87420013A8B4288BF44F0010492B267
:102180008A4288BF44F001042CB1032300248366F3
:10219000204609B0F0BD244B214604270126D3F880
:1021A000E02042F08072C3F8E0206422D3F8E030EF
:1021B00003F080730093009B11F032F84FF48023FA
:1021C0001A4A28462F61AE61C5E900234FF48053B7
:1021D0002B6301F0FBF810B10223AB66D8E740F2A5
:1021E000FF724FF00111284601F0FCF90028F3D1ED
:1021F0000F4B062201A92846019307230597CDE935
:10220000022340F2FF73CDE90644049300F0ECFB97
:102210000028E1D1304608F031FAAC6685F86460F8
:102220003446B5E700E8F11F004402580060025848
:10223000000084CBF0B5002389B017460622019137
:102240000446CDE906330723CDE90223042340F2F7
:10225000FF720DEB0301CDE9042300F0C5FB00BBC9
:1022600008260546204600F08DFE03460221204642
:10227000A3B900F0E1FA034620467BB900F064FB05
:10228000034620461D4400F0BBFF50B9013EE9D192
:1022900004350120ED083D8009B0F0BD204600F076
:1022A000AFFF002009B0F0BD10B54FF6FE7C00F185
:1022B000FF3EE6452DED028B68D801F1FF3EE64575
:1022C00064D802F1FF3EE64560D803F1FF3EE645E3
:1022D0005CD8049CA34238BFB4F5803F56D2069C1C
:1022E000A446059CA44551DD049CB4EB030C6EEBA5
:1022F0000E0EBCF1010F7EF1000447DB07EE902AC1
:1023000005EE903A9FED241BB8EEE74B07EE901ACE
:10231000B8EEE55B7146B8EEE76B07EE900A24EE87
:10232000014B6046B8EEE77BDDE9052384EE062B22
:102330009B1A03EE103AB8EEC33B22EE077B87EE02
:10234000018B38EE458B28EE038BFEF7AFF9DDED00
:10235000057A079BB8EEE77BFBEE045A41EC160BBF
:1023600088EE066B36EE077BB7EEC77BB4EEE57AF8
:1023700083ED007AF1EE10FA08DBDFED097AB4EEB6
:10238000E77AF1EE10FA01D8012000E00020BDEC60
:10239000028B10BDAFF300800000000000C8A94010
:1023A00000000243002391F8642030B5C0E90033F7
:1023B000836085B08B6E0446C36012B9204605B0B9
:1023C00030BD0D4600F1080215492846FFF732FFDF
:1023D00048B195F8643033B104F10A021149284636
:1023E000FFF728FF20B904232046E36005B030BD85
:1023F000A96F231DB5F8722002911E21039300924C
:10240000B5F87030B5F87420019161892089FFF723
:102410004BFF0028207014BF00230523E360CDE7A5
:10242000000084CB0000B8CF03789A1E012A78D927
:10243000CA6810B40C89026384850C78002C5AD0C9
:10244000BBEE047AD1ED017AF4EEC77AF1EE10FA20
:1024500051D49FED477AF4EEC77AF1EE10FA4ADCD8
:102460009FED447A0022F4EEC77A4262F1EE10FA50
:1024700058DA81694A1C00EB81015442C1ED017AAE
:1024800002F0030204F0030158BF4A4241690329E4
:10249000826103DC01310029416158DD021DDFED5D
:1024A000367A02EB8104B2EC017AA24277EE877AA7
:1024B000F9D107EE101A9FED316AB8EEC77AC7EE70
:1024C000876AF4EEC66AC0ED0A6AF1EE10FA41DAE4
:1024D000DFED2B7A0022F4EEE76A0262F1EE10FAE9
:1024E00029DBC3690133022BC36101DD01230370C2
:1024F0005DF8044B7047436A00210133022B4362AD
:10250000C0E90711F4DD8A424FF002034FF00301E6
:102510005DF8044B08BF052280F834300170026377
:102520007047704702210123C0ED0A7A02630170EF
:1025300080F83430DCE7012BC261D9D1DFED117AAC
:10254000F4EEE76AF1EE10FA98BF0270D0E7DFED23
:102550000A7AAEE7036A00220133022BC0E907239F
:10256000C6DD022101230263017080F83430BFE729
:10257000000002430000C842000000000000B44216
:102580000000A042000096420346002290F834006A
:1025900083F83420704700BF10B564220021044640
:1025A00010F03EFE002300220221204684F8643011
:1025B0002367A4F87430A36784F87C30C4F88020C3
:1025C000C4F88420C4F88820C4F88C20C4F8A03053
:1025D000C4F8A420A4F8A830C4F8AC3084F8B03013
:1025E000A4F8BC30C4E91A13C4E92433C4E926337F
:1025F000C4E92D3310BD00BF70B590F8BC6084B045
:10260000DEB190F87C300446023B012B18D9D0F89B
:10261000B4300D46CB1A632B12D90146C0F8B45022
:102620006846FFF7BFFE694604F17C00FFF7FCFE39
:1026300094F87C30023B012B06D9304604B070BDC3
:102640000026304604B070BDD4F8B830002BF4D169
:10265000C4F8B850F1E700BF00234FF0000C70B58C
:1026600080F87C300446C0F880C00D46C0F884C0B5
:102670001646C0F888C0C0F88CC0C0F8A030C0F8BA
:10268000A4C0A0F8A830C0F8AC3080F8B030C0E9E1
:102690002433C0E9263300F0C9F880B2E066D8B12F
:1026A0004FF6FF73984217D041F2030398428CBF54
:1026B00082236E232046A367FFF740FDA5F1640344
:1026C000002284F8BD00C4F8B4300123C4F8B82057
:1026D00084F8BC302EB970BD00200623A067A36625
:1026E000ECE729462046BDE87040FFF785BF00BFF4
:1026F00090F87C30023B012B15D8D0F8B82040F27E
:1027000014530A48891AA0FB0120800A03FB101009
:10271000B0F5167F07D2064BA3FB0030C0F3401084
:1027200080F0010070470020704700BFFD33A6C94C
:102730001F85EB51704700BF0F4B1B780BB9012071
:10274000704710B504464FF47A700C4AB0FBF3F3AF
:102750001068B0FBF3F001F06BF80F2C00D808B153
:10276000012010BD002221464FF0FF3001F000F89B
:10277000034B00201C6010BD040000244402002410
:102780000800002438B50320124D00F0DFFF124C82
:1027900002F0F8FA114A12499369C3F30323CB5CA0
:1027A00003F01F0320FA03F30E202B60926902F05E
:1027B0000F028A5C02F01F02D3402360FFF7BCFFC8
:1027C00010B10124204638BD0446FFF7B3FF204670
:1027D00038BD00BF440200244802002400440258CF
:1027E000083D0108034A044B11681B780B44136031
:1027F000704700BF4CF6002404000024014B186809
:10280000704700BF4CF6002438B50446FFF7F6FFCA
:102810000546631C02D0044B1B781C44FFF7EEFFF7
:10282000431BA342FAD338BD04000024014B1868AF
:10283000000C70470010005C3F4A036893422DE98A
:10284000F04105460E4657D002F58072934253D0B0
:102850003A4A2C699768082C07F01F070AD0092FFD
:102860004CD840F22121F940C90747D5DB68DA0787
:1028700048D40424FFF7C2FF8046731C2A6827D17E
:1028800013681C42FCD06B6D43F400736B65D36816
:1028900013F4406F0FD16B7D6BB9136818070AD51D
:1028A0006B6D23F480736B656B6DD90403D46B6D12
:1028B00043F001036B65224B9A422ED0D068082C5E
:1028C00027D010F4804034D10C231360BDE8F08190
:1028D00013682342D7D1FFF791FFA0EB0800B04265
:1028E00001D8002EC9D16B6D0022032043F00403F0
:1028F00085F850206B65E9E7124AAAE7936813F45C
:10290000404FB6D06B6D012043F020036B65BDE8EE
:10291000F08100201460BDE8F081092F02D9064B38
:10292000D868CCE740F2212323FA07F7FB07C5D488
:10293000F5E70020BDE8F081002002400063025866
:1029400000210240002302400368186C704700BF5A
:10295000704700BF806B08B5FFF7FAFF08BD00BFE6
:10296000836B5A6D12F0500F5A6D10B51DD1196856
:1029700042F400725A650A6812F0080FCA681BD048
:1029800012F4406F0DD1CA6894040AD45A6D22F42F
:1029900080725A655A6DD10403D45A6D42F0010217
:1029A0005A65184605F098FA10BDD2060AD4DB6CB9
:1029B000BDE81040DB6C18479007E7D0184605F0DB
:1029C0008BFAF1E7184605F02BFB10BD806B08B5BC
:1029D000436D43F040034365836D43F00403836517
:1029E00005F01EFB08BD00BFF0B5002283B00192C8
:1029F00090F85020012A00F01C81034601201A683B
:102A000083F850009468640700F18A800C68C4F36E
:102A10001305002D40F08F80C4F38464A0404D68FE
:102A20004FF01F0ED6694FEA951C30430CF00C0C8A
:102A3000D06105F01F0002F1300584400EFA00FE5F
:102A40005CF8050020EA0E0004434CF8054090684D
:102A500040076ED4956815F0080547D10C6807202B
:102A600002F11406B94F4FEAD45CC4F304540CF0DD
:102A7000040C00FA04FE886800FA04F45CF806000E
:102A800020EA0E0020434CF80600386800F0704041
:102A9000B0F1805F00F0C580D068D668C70600F14D
:102AA000E880C6F382064869760000FA06F60F69E8
:102AB000042F00F0C18002F16004086854F827C0B8
:102AC00000F0F8400CF0004C40EA0C00304344F8B1
:102AD0002700487E0E69012854F8260008BF4FF0F1
:102AE000004520F00040054344F826509068C40794
:102AF00014D4CE68086806F01807954CD2F8C05078
:102B0000FC40C0F31307044025EA07052C43C2F834
:102B1000C040904CA64246D0002816DB002003E0BF
:102B20005A6D42F020025A65002283F8502003B00B
:102B3000F0BD9068DAE794FAA4F5B5FA85F5C4F328
:102B4000846405F01F05A84069E783498A4200F0C4
:102B5000B68001F580718A4200F0B1807F4D804CD3
:102B6000A968A46801F0E076E44304F00104002CB5
:102B700000F0B4807B4CA04200F0FC807A4CA04274
:102B800000F01A81794CA042C8D14902C6D47449D8
:102B90008A42C3D1AA68002022F0E072324342F494
:102BA0008002AA60C0E7002F6AD090FAA0F4B4FABD
:102BB00084F4013404F01F04092C00F2A48090FA7C
:102BC000A0F4B4FA84F490FAA0F5B5FA85F50134CE
:102BD00001260135A40605F01F0504F0F84406FAA5
:102BE00005F52C4390FAA0F0B0FA80F0304400F0E4
:102BF0001F0000EB400000052043C60D02F1140544
:102C0000C0F30450072406F0040604FA00F77459D0
:102C100024EA07048F6807FA00F02043705108681F
:102C20007AE7D6684869C6F38206760000FA06F6A7
:102C30003DE7022003B0F0BD106E0C6800F0F840D4
:102C4000A506B0EB846F30D0506E00F0F84085429E
:102C500026D0906E00F0F84085422BD0D06E00F068
:102C6000F84085427FF442AFD06E20F00040D0663D
:102C70003CE77608486906F0080600FA06F616E70B
:102C8000800E441C04F01F06092E2DD8A406012036
:102C900004F0F844B040044306EB46000005ABE7FF
:102CA000506E20F000405066D3E7106E20F00040D8
:102CB0001066C9E7906E20F000409066CEE7264C83
:102CC0002B4D04F58074A96854F8F86CA46834435B
:102CD00001F0E076E44304F0010448E75A6D012076
:102CE00042F020025A651FE706EB4600A5060124C4
:102CF0001E3805F0F84504FA06F60005354340F0A5
:102D00000070284379E790FAA0F5B5FA85F590FAB6
:102D1000A0F4B4FA84F4013501260134AD0604F0C0
:102D20001F0405F0F84506FA04F4254390FAA0F4D0
:102D3000B4FA84F4344404F01F0404EB4404A4F112
:102D40001E00000540F00070DBE700BF0010005CD3
:102D5000FFFF0F000000FF47002002400063025801
:102D600000600258000084CB000052C70000B8CFBA
:102D70000023024008023FF5D1AE17498A427FF492
:102D8000CDAE164AA9681268154821F0E071920983
:102D90003143A0FB020241F400019209A9605200F4
:102DA0000192019A002A3FF4B9AE019A013A0192C8
:102DB000019A002AF9D1B1E611F080707FF4AEAE2D
:102DC00005498A427FF4AAAEAA6822F0E072324333
:102DD00042F08072AA60A7E6006002584402002414
:102DE000632D3E0503689A6812F0040F9A6870B567
:102DF000044603D1120701D4002070BDDA689501A2
:102E000004D5A08A40F2011290421AD002299A6891
:102E10003ED0550708D59A68900705D498682C4A83
:102E2000024042F010029A60012919D09A681207F4
:102E300002D59A68900732D5032914BF04260C26C0
:102E40000FE01A68500606D4224A01E0013A16D073
:102E500019684906FAD540221A609A68560725D49F
:102E60000426FFF7CBFC054604E0FFF7C7FC431B35
:102E7000052B04D823689B683342F6D1BCE7636D09
:102E8000012043F010036365A36D0343A36570BD88
:102E9000150702D59A68920713D50826E1E79868C6
:102EA0000B4A024042F020029A60C5E79A689607F2
:102EB000D6D499680426064A0A4042F010029A6065
:102EC000CFE79968024A0A4042F020029A60E4E79C
:102ED000C0FFFF7F00DC0C0003689A68D20701D5B1
:102EE000002070479968214A114270B5044608D005
:102EF000636D012043F010036365A36D0343A36575
:102F000070BD99681A4A0A4042F001029A60FFF7C0
:102F100075FC2368174A054693421ED002F580725D
:102F200093421AD0144A9268114E0AE09A683240CD
:102F300042F001029A60FFF761FC401B0228D7D8DB
:102F400023681A68D2070FD49A68D107EED5FFF725
:102F500055FC401B0228F3D9CAE7084A9268D006FC
:102F6000E2D0074A9342DFD1002070BD3F000080CD
:102F7000C0FFFF7F00200240006302580023024090
:102F800000210240394A0368934270B5044646D096
:102F900002F58072934242D0354A96689D6815F0DA
:102FA000040542D194F85030012B3ED00123204635
:102FB00084F85030FFF790FF002838D1636D06F099
:102FC0001F062C4A1A40236842F4807262652A4A1E
:102FD000934245D01946626D22F480126265626D9B
:102FE00012F4805240D0A26D22F00602A2651C228B
:102FF0008B421A604FF0000284F8502020D0092E36
:1030000018D9636D43F480136365CB689B0105D5C4
:10301000636D23F4405343F48053636570BD174AD6
:1030200096689D6815F00405BCD0022070BD84F838
:10303000505070BD40F2212222FA06F6F507E0D585
:10304000DA68920105D5626D22F4405242F4805252
:10305000626599680A4A0A4042F004029A6070BDAB
:103060000249002EB7D0BAE7A265C0E700200240AF
:1030700000630258FEF0FFFF0021024000230240DF
:10308000C0FFFF7F2DE9F0413A4D044600680F462E
:103090001646A84219D0384B984216D0374DAB6827
:1030A0008068420716D494F85020012A12D003F009
:1030B0001F080122B8F1090F84F850200DD9002310
:1030C000012084F85030BDE8F0812D4DAB68806858
:1030D0004207E8D50220BDE8F08140F2212323FA1F
:1030E00008F3DB4313EA0205E9D12046FFF7F4FEBB
:1030F000002839D1626D234B2168134043F480735B
:103100006365B8F1000F02D01B4B994203D0636D89
:1031100023F480136365636D13F4805328D0A36D8B
:1031200023F00603A365E06C3346174D3A46403161
:10313000C563164D0564164DC5641C2541F8405CF9
:10314000002584F8505051F83C5C45F0100541F8DA
:103150003C5C00F07DFE22680E4B91680B4043F012
:1031600004039360BDE8F08184F85050BDE8F0811D
:10317000A365D8E700200240002102400063025806
:1031800000230240FEF0FFFF6129000855290008D6
:10319000CD290008C0FFFF7F38B503689A68910702
:1031A00002D59B68002038BD9A68D20723D59A685B
:1031B000044602F00D02012A08D0636D012043F09D
:1031C00010036365A36D0343A36538BD98680321AD
:1031D0000A4A024042F002029A601960FFF70EFBB1
:1031E000054604E0FFF70AFB401B0228E5D82368E8
:1031F0009B68DB07F6D4002038BD00BFC0FFFF7F0F
:1032000090F85030012B1BD00123032110B580F81A
:1032100050300446FFF7E6FD18B1002384F8503023
:1032200010BD2046FFF7B8FF0028F6D1626D054BB0
:10323000134043F001036365002384F8503010BD50
:1032400002207047FEEEFFFF38B5574A0446036878
:10325000934226D002F58072934222D0534B9B6852
:1032600013F4403F22D001F047FF63680546B3F5F1
:10327000003F00F08880B3F5403F70D0B3F5803F49
:1032800000F08180FFF7D2FA41F2030398422DD873
:10329000474B9D425DD92268936843F480739360E5
:1032A00038BD444B9B6813F4403FDCD14FF4002001
:1032B00002F0EEFF63680546B3F5101F6DD008D825
:1032C000B3F5E01F55D01AD9B3F5001FDAD145097F
:1032D000D8E7B3F5201F4AD0B3F5301FD2D1FFF79E
:1032E000A5FA41F20303984233D92D0A324B9D428D
:1032F0001DD82268936823F44073936038BDB3F5FA
:10330000801F06D00AD9B3F5A01F02D0B3F5C01FA5
:10331000B8D19B0C5B00B5FBF3F5B3E7B3F5002F19
:10332000F7D023F40022B2F5802FF2D0AAE7234B86
:10333000234A2B4493421ED9224B234A2B449342C7
:10334000226893682BD823F4407343F4007393608E
:1033500038BD2268936823F48073936038BD850874
:10336000FFF764FA41F203039842BFD890E7C5091A
:1033700088E7050986E72268936823F4407343F4DD
:103380008073936038BD1B0CB5FBF3F5FFF74EFA65
:1033900041F203039842A9D87AE7850972E743F41A
:1033A0004073936038BD00BF0020024000630258A4
:1033B000002D310100230240105E5F00EFA1A0FF4D
:1033C0000F5E5F00DF4341FF1FBCBE0030B500232E
:1033D00083B00193002800F0D080456D0446002D95
:1033E00000F0BA80226893689B0003D59168714B06
:1033F0000B4093609368DD0015D46F4B90686F4964
:103400001B6801406E489B0941F08051A0FB0303FB
:1034100091609B090193019B2BB1019B013B01939F
:10342000019B002BF9D19368D80024D4636D01254A
:1034300043F010036365A36D2B43A365936813F0FA
:10344000040F636D1DD1D9061BD4636D23F4817302
:1034500043F0020363659368DB0728D4594B9A4213
:1034600017D003F580739A4213D0574B9B68D90746
:103470001DD4564A15E09368002513F0040F636DC0
:10348000E1D0636D012543F010032846636503B066
:1034900030BD4C4A4E4B92689B681343D80706D404
:1034A0004C4A9368616823F47C130B439360FFF7E5
:1034B000BDF941F20303A1689842237F52D894F8E2
:1034C00015C01A04206B42EA4C3202430A43012B16
:1034D00003D1236A013B42EA4342636A23B103F406
:1034E0007873A16A0B431A4323683B49D8680140AB
:1034F0000A43DA609A6812F0040F9A681CD1120726
:103500001AD4D868354A217D024042EA8132E16A04
:103510000A43DA6094F83820012A3AD01A6922F076
:1035200001021A611A692046616B22F070420A4357
:103530001A61FFF789FE2368E268012A21D01A6B1D
:1035400022F00F021A63636D284623F0030343F051
:103550000103636503B030BD04F06CFCA56584F81D
:1035600050503FE71029AAD1617D1A0442EA413246
:10357000216B0A4342F01C02A9E70125284603B04B
:1035800030BD196BA26921F00F01013A0A431A6399
:10359000D9E7D4E9102118690A43114901400A43C7
:1035A000A16C0A43E16B42EA014242F001021A6156
:1035B000B8E700BFC0FFFF5F44020024C0FFFF6FF9
:1035C000632D3E050020024000600258006302584F
:1035D000002102400023024003C0F0FFFCBFFFFFB8
:1035E0001EF800FCF0B5002383B0019390F8503032
:1035F000012B40D0012304460E46154680F850307A
:10360000FFF7CAFDE8B9676D05F080421B4B06F471
:1036100080311B4D3B401B4F43F002036365236821
:103620009E68354015430D4345F000459D609A68FE
:10363000002A0FDB636D23F0030343F0010363658E
:1036400003E0636D43F010036365002384F850309A
:1036500003B0F0BD019A01320192019ABA42E6D953
:10366000636D0022012023F0120384F8502043F000
:1036700010036365ECE7022003B0F0BDFDEEFFFF31
:10368000C0FFFE3FFF955A55F0B490F850200E68E9
:10369000012A49D00346294A01201C6883F85000BA
:1036A000944208D05A6D002142F0200283F8501055
:1036B0005A65F0BC7047224DAA6852070AD5A26825
:1036C0005A6D012042F020025A65002283F85020F2
:1036D000F0BC7047A06810F00400F1D1C6B1DFF86B
:1036E00068C04F68DCF8082022F440423A43CCF826
:1036F0000820A468AA682243D40713D48A68DCF897
:10370000081016430F4A0A401643CCF80860DCE75D
:103710000D498A6822F440428A60A068AA68024380
:10372000D00704D50020D0E70220F0BC70478C6899
:103730003046044A22408A60C7E700BF00200240AA
:1037400000210240E0F0FFFF0023024006494FF64F
:10375000FF0C0002054BCA6800F4E06002EA0C02AC
:1037600010430343CB60704700ED00E00000FA0512
:103770001B4BDB68C3F3022300B5C3F1070E03F153
:10378000040CBEF1040F28BF4FF0040EBCF1060F6D
:103790001AD9033B4FF0FF3C0CFA03FC22EA0C025F
:1037A0004FF0FF3C00280CFA0EFC21EA0C0101FA54
:1037B00003F141EA02010ADB09010A4BC9B20344E1
:1037C00083F800135DF804FB00221346E8E700F0DD
:1037D0000F000901044BC9B2034419765DF804FBDC
:1037E00000ED00E000E100E0FCEC00E0002807DB79
:1037F00000F01F0101234009024A8B4042F82030AB
:10380000704700BF00E100E000280DDB4309012202
:1038100000F01F000549203302FA00F041F82300B0
:10382000BFF34F8FBFF36F8F704700BF00E100E021
:10383000431EB3F1807F0CD24FF0E02200200649F6
:103840004FF0F00C5361072381F823C0906113619E
:1038500070470120704700BF00ED00E0BFF35F8FAD
:10386000044B00215A6A22F480325A62C3F8941041
:10387000704700BF00ED00E0064B40F00100C3F8C8
:1038800094005A6A42F480325A62BFF34F8FBFF3FA
:103890006F8F704700ED00E0174A4378C2F8983008
:1038A000017821B3436800B5C2F89C30C37A90F820
:1038B0000CC01B0690F80FE043EA0C7390F80AC0A6
:1038C0000B43817B43EACC4390F80DC043EA8C4321
:1038D00090F809C043EA4143017A43EA0E4343EAC0
:1038E0000C2343EA4103C2F8A0305DF804FBC2F8A0
:1038F0009C10C2F8A010704700ED00E0704700BFB8
:1039000008B5FFF7FBFF08BD0268344B344930B4FB
:10391000344D354CAA4218BF9A420CBF01230023F4
:103920008A4208BF43F001033031A24208BF43F08E
:10393000010330348A4208BF43F001033031A24210
:1039400008BF43F0010330348A4208BF43F001034B
:1039500001F55C71A24208BF43F0010304F55C74F9
:103960008A4208BF43F001033031A24208BF43F04E
:10397000010330348A4208BF43F001033031A242D0
:1039800008BF43F0010330348A4208BF43F001030B
:103990003031A24208BF43F001038A4208BF43F01E
:1039A000010313B9114B9A4213D1D3B21049114CF0
:1039B000103BA1FB03515F2B0F4BC1F3021103EA34
:1039C0000203615C88BF0433C1658365184630BC5F
:1039D000704722F0FF038365F8E700BF1000024044
:1039E000400002402800024058000240B804024053
:1039F000ABAAAAAA503C010800FCFFFF0368294AB1
:103A0000294930B4294D2A4CAB4218BF93420CBF10
:103A1000012200228B4208BF42F001022831A3425A
:103A200008BF42F0010228348B4208BF42F0010275
:103A30002831A34208BF42F001028B4208BF42F086
:103A4000010212B91B4A934213D1DBB21A4C1B4A32
:103A50000121083B1A4DA4FB0343456602EB1312F8
:103A6000C3F30413920001FA03F30266836630BCC9
:103A70007047DAB21349144C1944103AA829A4FB30
:103A800002234FEA131300D80833104A03F01F052E
:103A900001210F4C1A44A9404466920081660266D7
:103AA000E5E700BF08540258305402581C5402582D
:103AB0004454025894540258CDCCCCCC00960016F5
:103AC00080580258F0FBFDBFABAAAAAA00820010E2
:103AD0008008024070B50446FEF790FE002C00F00E
:103AE000C68023680546954A934248D018329342CF
:103AF00045D0303292498B4218BF934201F13001D8
:103B00000CBF012200228B4208BF42F00102183193
:103B10008B4208BF42F0010218318B4208BF42F0CD
:103B2000010218318B4208BF42F0010201F55671C3
:103B30008B4208BF42F0010218318B4208BF42F0AD
:103B4000010218318B4208BF42F0010218318B424A
:103B500008BF42F0010218318B4208BF42F0010257
:103B600018318B4208BF42F0010218318B4208BF66
:103B700042F001021AB9734A934240F0F5800222E2
:103B8000002184F8352084F834101A6822F00102EC
:103B90001A6005E0FEF732FE431B052B40D8236870
:103BA0001A68D107F6D4D4E9022521692A43A0690D
:103BB0001D680A4361690A43E16902430A43624995
:103BC0002940256A2A430A43616A04292FD01A60D2
:103BD0005A6922F00702114359612046FFF794FE0B
:103BE000E26D3F2302F01F02934083602046FFF7FF
:103BF00005FFA368802B3CD06368A06EDAB2013B5E
:103C0000D4E91851072B2A60486026D90023C4E95B
:103C10001B33636700200123606584F8353070BD75
:103C2000202203230120626584F8353070BDD4E979
:103C30000B5129430A431A605969A26A21F007010E
:103C4000114341F00401002DC6D000284FD1012AB4
:103C50006ED032F00202BFD151E0501E072810D9B9
:103C6000626FD4E91B31002018604A60D2E701205E
:103C700070BD0023A16ED4E9180263600360516037
:103C8000C4E72168314B324DA94218BF994205F172
:103C900014050CBF01230023A94208BF43F0010310
:103CA0001435A94208BF43F001031435A94208BFE7
:103CB00043F001031435A94208BF43F00103143552
:103CC000A94208BF43F001033BB9224B994204D0FB
:103CD000214B224913449B0003E0214B214913440B
:103CE0009B0001228240C4E91B316267BBE7B0F54B
:103CF000005F0ED0022A05D9032A7FF46DAFEA01D6
:103D00007FF56AAF012340221846626584F835309A
:103D100070BD032A3FF660AF01A050F822F000BF4B
:103D2000053D0008FF3C0008053D0008313D000846
:103D3000B5F1C07F7FF450AFE4E700BF1000024050
:103D400040000240B80402403F8010FE0854025870
:103D50001C540258945402583F82001040090240FB
:103D60003F96001640590258324A3348334983423D
:103D700018BF934200F128000CBF012200228B42A1
:103D800008BF42F001022831834208BF42F001021D
:103D900028308B4208BF42F001022831834208BF1D
:103DA00042F001028B4208BF42F0010212B9244ADC
:103DB000934238D102220021224D84F8341084F835
:103DC00035201A681540A268402A2AD0802A0CBFE4
:103DD0004FF480400846266AD4E90312D20842EA2A
:103DE000D102616942EAD102A16942EAD102E169E4
:103DF00042EAD102144942EA161219442A43024304
:103E00001248A0FB010120461A600B099B00E365E4
:103E1000FFF77AFDE26D012302F01F029340436039
:103E2000E4E61020D7E7402203230120626584F8EE
:103E3000353070BD085402581C5402583054025892
:103E4000945402580F00FEFFF8ABFDA7CDCCCCCCAC
:103E5000002800F0BC80844690F83400012800F06F
:103E6000B88001202DE9F0419CF835408CF83400F1
:103E7000844208D000224FF400638CF83420CCF840
:103E80005430BDE8F0810220DCF800507A4C8CF808
:103E900035000020794ECCF854007948854218BF8F
:103EA000A54200F118000CBF01240024854208BF80
:103EB00044F001041830854208BF44F00104183072
:103EC000854208BF44F001041830854208BF44F021
:103ED000010400F55670854208BF44F00104183013
:103EE000854208BF44F001041830854208BF44F001
:103EF00001041830854208BF44F00104183085429F
:103F000008BF44F001041830854208BF44F00104A2
:103F10001830854208BF44F001041830854208BFBC
:103F200044F00104A0F59560B54218BF8542DCF865
:103F30006C600CBF0120002054EA0008286820F0C3
:103F400001002860DCF86400DCF86840DCF8587098
:103F5000446040D016B1DCE91C044460DCF85C002D
:103F60004FF03F0E00F01F000EFA00F0B860286816
:103F700020F4802028606B60DCF80830402B23D0D0
:103F8000A960EA602B6823F01E0343F016032B6040
:103F9000DCF840301BB12B6843F008032B60DCF8E1
:103FA00060301A68D20303D51A6842F480721A602E
:103FB0001EB1336843F4807333602B68002043F0F4
:103FC00001032B60BDE8F081AA60E960DAE7012017
:103FD00070470220704716B1DCE91C044460294890
:103FE000DFF8A8E0754518BF85420EF1140E0CBF2E
:103FF00001200020754508BF40F001000EF1140EAD
:10400000754508BF40F001000EF1140E754508BF5C
:1040100040F001000EF1140E754508BF40F001009C
:104020000EF1140E754508BF40F0010010B9164896
:1040300085420ED1DCF85C0000F01F0E012000FA72
:104040000EF078606B60DCF80830402B10D0A9606F
:10405000EA602B6823F00E0343F00A032B60DCF8C0
:104060004030002B9BD02B6843F004032B6096E775
:10407000AA60E960EDE700BF40000240280002406E
:104080005800024008540258945402581C540258D4
:1040900000285FD038B590F835200346022A55D164
:1040A0000168444A914248D01832914245D030329A
:1040B000414C4248A14218BF914204F148040CBF50
:1040C00001220022814208BF42F001023030A142A9
:1040D00008BF42F001023034814208BF42F00102C1
:1040E00000F55C70A14208BF42F0010204F55C7467
:1040F000814208BF42F001023030A14208BF42F0C5
:1041000001023034814208BF42F001023030A14246
:1041100008BF42F001023034814208BF42F0010280
:104120003030A14208BF42F00102814208BF42F094
:10413000010212B9224A91420ED10422002083F8D2
:1041400035200B6823F001030B6038BD802201206D
:104150005A6538BD012070470A681C6E22F00E02B5
:10416000D86D9D6D0A6000F01F000A6822F0010200
:104170000A6001222168824021F4807121606A6016
:10418000DA6ED3E91910486032B11168D3E91C0422
:1041900021F4807111604460002401211A6D83F8BC
:1041A000344083F835101AB118469047204638BD80
:1041B000104638BD1000024040000240700002402E
:1041C000B80402402DE9F04300229C4B83B09C4E82
:1041D0001D688146019203689A4A846D934218BF14
:1041E000B342276808BF0126216818BF002645D0C2
:1041F00018329548834218BF934200F118000CBF53
:1042000001220022834208BF42F00102183083429B
:1042100008BF42F001021830834208BF42F0010299
:104220001830834208BF42F0010200F55670834205
:1042300008BF42F001021830834208BF42F0010279
:104240001830834208BF42F001021830834208BF91
:1042500042F001021830834208BF42F001021830D8
:10426000834208BF42F001021830834208BF42F087
:1042700001021AB9754A934240F05082D9F85C1095
:10428000082201F01F0C02FA0CF2174240F088815C
:1042900027FA0CF2D2070CD55A69100609D501226B
:1042A00002FA0CF2A260D9F8542042F00202C9F8D6
:1042B00054204FF0040E0EFA0CF038425BD0002E62
:1042C0004FD1634ADFF88081434518BF934208F11C
:1042D00018080CBF01220022434508BF42F001022A
:1042E00008F11808434508BF42F0010208F1180818
:1042F000434508BF42F0010208F11808434508BFD2
:1043000042F0010208F55678434508BF42F0010229
:1043100008F11808434508BF42F0010208F11808E7
:10432000434508BF42F0010208F11808434508BFA1
:1043300042F0010208F11808434508BF42F00102AB
:1043400008F11808434508BF42F0010208F11808B7
:10435000434508BF42F001021AB93C4A934240F07B
:1043600019821A68920706D5A060D9F8542042F045
:104370000402C9F85420102202FA0CFC1CEA070FB0
:104380006CD0002E45D1324A2F4EB34218BF934213
:1043900006F118060CBF01220022B34208BF42F00A
:1043A00001021836B34208BF42F001021836B34288
:1043B00008BF42F001021836B34208BF42F00102C2
:1043C00006F55676B34208BF42F001021836B342F2
:1043D00008BF42F001021836B34208BF42F00102A2
:1043E0001836B34208BF42F001021836B34208BF84
:1043F00042F001021836B34208BF42F001021836FB
:10440000B34208BF42F001021AB9104A934240F089
:10441000C9811A68100721D5C4F808C01A68560364
:1044200000F14C811A68D20503D41A6822F0080200
:104430001A60D9F840308BB10CE000BF4402002470
:10444000100002402800024058000240B804024018
:104450004000024048469847D9F85C1001F01F011F
:1044600020268E403E4268D0D9F80020A54BA64FAA
:10447000BA4218BF9A4207F118070CBF0123002364
:10448000BA4208BF43F001031837BA4208BF43F0ED
:1044900001031837BA4208BF43F001031837BA4284
:1044A00008BF43F001031837BA4208BF43F00103C5
:1044B0001837BA4208BF43F0010307F55677BA42EE
:1044C00008BF43F001031837BA4208BF43F00103A5
:1044D0001837BA4208BF43F001031837BA4208BF81
:1044E00043F001031837BA4208BF43F001031837FD
:1044F000BA4208BF43F001031837BA4208BF43F07D
:1045000001031BB9814B9A4240F062811368DB06BC
:1045100013D5A66099F83530042B136800F0AE80EF
:1045200013F4802F136800F0D3801C0340F1DE8069
:10453000D9F83C300BB148469847D9F85430002B95
:1045400000F0B980D9F85430D8071FD5D9F8002029
:10455000042189F83510136823F0010313606C4BB4
:10456000A3FB0535AD0A02E01368D90704D5019B0A
:104570000133AB420193F7D9002389F83430136833
:10458000DB074CBF0323012389F83530D9F84C30C1
:10459000002B00F09080484603B0BDE8F043184778
:1045A000186840070AD5186820F004001860A26057
:1045B000D9F8542042F00102C9F8542027FA0CF22D
:1045C000D2077FF576AE534A5348834218BF9342D1
:1045D00000F130000CBF01220022834208BF42F0EC
:1045E00001021830834208BF42F0010218308342B2
:1045F00008BF42F001021830834208BF42F00102B6
:1046000000F55670834208BF42F001021830834221
:1046100008BF42F001021830834208BF42F0010295
:104620001830834208BF42F001021830834208BFAD
:1046300042F001021830834208BF42F001021830F4
:10464000834208BF42F001021830834208BF42F0A3
:104650000102002A7FF420AE002E7FF41DAE1A68FE
:10466000042202FA0CF23A4240F09480102202FA3C
:104670000CFC17EA0C0F3FF4F1AE84E623F01603AE
:104680001360536923F080035361D9F840309BB322
:10469000136823F0080313603F230025012203FA67
:1046A00001F1D9F85030A16089F8345089F83520EB
:1046B000002B7FF470AF03B0BDE8F0831B681803D4
:1046C0007FF5B7AED9F84830002B7FF4C3AEC5E60E
:1046D00013F480737FF42CAF116821F01001116086
:1046E000012289F8343089F8352021E7D9F844309F
:1046F000002B7FF420AF20E7D9F84830002BC7D13A
:10470000CAE700BF1000024028000240B80402407F
:10471000B5814E1B58000240400002404E4A4F4DAA
:10472000AB4218BF934205F114050CBF01220022D1
:10473000AB4208BF42F001021435AB4208BF42F061
:1047400001021435AB4208BF42F001021435AB42FE
:1047500008BF42F001021435AB4208BF42F001022B
:1047600012B93F4A9342A6D1D9F85C5004261A6880
:1047700005F01F05AE400E4219D0570717D510049B
:1047800066604BD5D1034FD4D9F84830002B7FF465
:1047900002AF90E71A68102202FA0CFC17EA0C0F1D
:1047A0003FF45CAE1A6852077FF558AE34E6022635
:1047B000AE400E4211D097070FD56660140439D56C
:1047C000D00343D4D9F84430002B7FF4E4AE72E731
:1047D00013689F077FF5B1AE9BE60826AE400E42F8
:1047E0003FF469AF11077FF566AF1A68002122F028
:1047F0000E021A600123D9F84C2003FA05F5656012
:10480000C9F8543089F8341089F83530002A3FF45B
:1048100052AF484603B0BDE8F0431047920603D4B8
:104820001A6822F004021A60D9F84030002B7FF495
:10483000B2AE40E712F0200208D11968012421F03D
:104840000A01196089F8342089F83540D9F83C30DC
:10485000002B7FF4A0AE2EE7085402581C540258D7
:1048600094540258406D7047002800F0DE81F8B57E
:1048700003680446D80730D59F490A69896A02F05F
:104880003802102A00F00081182A00F0F8806368CE
:10489000B3F5803F00F02081002B00F05E81B3F57E
:1048A000A02F954B1A6800F02F8222F480321A60F4
:1048B0001A6822F480221A60FDF7A0FF8E4E41F2A2
:1048C0008837054605E0FDF799FF401BB84200F226
:1048D000428133689A03F6D523689D0700F18580ED
:1048E000D9062FD5844A1369926A03F03803082B3E
:1048F00000F0DA80182B00F0D280E3697E4D002BA7
:1049000000F065812B6843F080032B60FDF776FF94
:10491000064605E0FDF772FF801B022800F21B81AE
:104920002B68DB05F6D5FDF781FF41F203039842C2
:1049300000F20B826B68226A23F0F84343EA826339
:104940006B6023681D0716D563696B4D002B00F063
:104950001C816B6F43F001036B67FDF74FFF064649
:1049600005E0FDF74BFF801B022800F2F4806B6F1F
:104970009807F6D523689A0616D5A3695E4D002BD5
:1049800000F014812B6843F480532B60FDF736FF51
:10499000064605E0FDF732FF801B022800F2DB80AF
:1049A0002B689F04F6D52368590700F19B80636A42
:1049B000CBB1514D2A6902F03802182A6DD0022B72
:1049C0002B6823F080732B6000F03981FDF716FF10
:1049D000044605E0FDF712FF001B022800F2BB8031
:1049E0002B689B01F6D40020F8BD434A1369926AF4
:1049F00013F0380329D1404BE2681B68590701D5F1
:104A0000002A4AD03C4D2B6823F0190313432B6036
:104A1000FDF7F4FE064605E0FDF7F0FE801B0228D8
:104A200000F299802B685B07F6D5FDF7FFFE41F297
:104A30000303226998426B6800F2F08023F47C3310
:104A400043EA02336B6023684AE7182B00F0E280E8
:104A5000294DE2682B68002A00F0CB8023F019036F
:104A600013432B60FDF7CAFE064604E0FDF7C6FEC1
:104A7000801B02286FD82B685F07F7D5D5E701F0B8
:104A8000030102297FF403AF1B4A126891037FF5EB
:104A900024AF6268002A7FF420AF0120F8BD02F045
:104AA0000302012A7FF429AF134B1B68DA0502D5F4
:104AB000E369802BF1D1FDF7B9FE41F203030E4A01
:104AC0009842216A00F2B380536823F0F84343EA26
:104AD00081635360236835E7074A136843F48033E2
:104AE0001360E9E6054D2B6843F480732B60FDF7F6
:104AF00085FE064609E000BF0044025800480258FF
:104B0000FDF77CFE801B642825D82B68DA05F7D5D5
:104B1000A368012B00F02281002B00F0FD80052B03
:104B2000954B1A6F00F0208122F001021A671A6F6C
:104B300022F004021A67FDF761FE8F4E41F28837BA
:104B4000054604E0FDF75AFE401BB84203D8336F18
:104B50009B07F7D52BE70320F8BD874D41F2883737
:104B60002B6823F480332B602B6823F480232B6085
:104B7000FDF744FE064604E0FDF740FE801BB84208
:104B8000E9D82B689B03F7D4A6E66B6F23F00103EB
:104B90006B67FDF733FE064604E0FDF72FFE801B32
:104BA0000228D8D86B6F9907F7D4E3E62B6823F473
:104BB00080532B60FDF722FE064604E0FDF71EFE43
:104BC000801B0228C7D82B689804F7D4EBE62B6823
:104BD00023F080032B60FDF711FE064604E0FDF78D
:104BE0000DFE801B0228B6D82B68DF05F7D423689A
:104BF000A8E623F001032B60FDF700FE064604E063
:104C0000FDF7FCFD801B0228A5D82B685807F7D4B8
:104C1000236865E690077FF41BAFECE623F0FE43C4
:104C200043EA02636B6023685AE601207047D36849
:104C300023F07C5343EA0163D360236882E6FDF7E7
:104C4000DDFD064604E0FDF7D9FD801B022882D871
:104C50002B689901F7D4A96A484BA26A0B404849CE
:104C6000454E1343E26A43EA0213AB62D4E90D32C4
:104C7000013B013A5B0212049BB202F4FE021343B1
:104C8000226B013AC2F308021343E26B013A1206A7
:104C900002F0FE4213432B63EB6A23F00103EB6245
:104CA0006A6BA36C114041EAC3016963EB6A226C31
:104CB00023F00C031343EB62EB6A626C23F00203F4
:104CC0001343EB62EB6A43F48033EB62EB6A43F429
:104CD0000033EB62EB6A43F48023EB62EB6A43F050
:104CE0000103EB622B6843F080732B60FDF786FDB8
:104CF000044605E0FDF782FD001B02283FF62BAFBE
:104D000033689A01F6D56EE642F480221A601A687A
:104D100042F480321A60CFE5174D41F288372B6F8D
:104D200023F001032B672B6F23F004032B67FDF7A0
:104D300065FD064605E0FDF761FD801BB8423FF6C4
:104D40000AAF2B6F9807F6D431E6EB68226A23F09E
:104D50007C5343EA0263EB602368F3E5064A136F72
:104D600043F001031367E6E642F004021A671A6F84
:104D700042F001021A67DEE6004402580CFCFFFF15
:104D80000700FFFF474A136903F03803102B04D0D4
:104D9000182B0DD01BB14448704744487047136826
:104DA00099064AD513684248C3F3C103D8407047F7
:104DB000936A30B4946AD56A14F47C7F516BC4F35F
:104DC000051038D0C1F3CC0105F0010503F0030351
:104DD00005FB01F1012B07EE901AB8EEE77A02D03D
:104DE000022B2CD093B307EE900A9FED325AF8EEC7
:104DF000E77A136BC5EE276ADFED2F5AC3F308037A
:104E000007EE903AB7EE006AF8EEE77AE7EE257A19
:104E100077EE867A66EEA76A224B1B6BC3F34623B6
:104E2000013307EE903AB8EEE77AC6EE877AFCEEE9
:104E3000E77A17EE900A30BC70471D48704707EEBE
:104E4000900A9FED1E5AF8EEE77AD2E713689B06A8
:104E500020D5146807EE900A1549F7EE005A136B37
:104E6000C4F3C104F8EEE77A9FED135AC3F30803C5
:104E7000E14006EE903A06EE101AF8EEE66AB8EE59
:104E8000C66AE7EE056A86EE277A76EEA56A66EED2
:104E9000876AC1E707EE900A9FED095AF8EEE77AB4
:104EA000A7E700BF0044025800093D000024F400B9
:104EB0000090D0030024744A000000390024744B91
:104EC0000024744C002800F00281874A136803F024
:104ED0000F038B422DE9F04104460D460CD21368B6
:104EE00023F00F030B431360136803F00F038B428F
:104EF00002D00120BDE8F08123685F070BD57B4914
:104F000020698A6902F07002904204D98A6922F00D
:104F1000700202438A611E070BD574496069CA6931
:104F200002F07002904204D9CA6922F07002024372
:104F3000CA61D8060BD56D49A069CA6902F4E0625E
:104F4000904204D9CA6922F4E0620243CA61990618
:104F50000BD56649E0690A6A02F07002904204D9F2
:104F60000A6A22F0700202430A629A0740F1A180A5
:104F70005E48E168826902F00F02914204D98269B9
:104F800022F00F020A438261D80730D5574AA16840
:104F9000936923F470630B4393616168136802297A
:104FA00000F09780032900F08E80012900F097809F
:104FB00058079ED54D4E41F28838336923F00703D8
:104FC0000B433361FDF71AFC074605E0FDF716FCBD
:104FD000C01B404500F281803369626803F03803EA
:104FE000B3EBC20FF2D12368990706D5E1683F48B9
:104FF000826902F00F028A425FD83B490A6802F0D8
:105000000F02AA420AD90A6822F00F022A430A6054
:105010000A6802F00F02AA427FF46BAF5A070BD561
:10502000324920698A6902F07002904204D28A698A
:1050300022F0700202438A611F070BD52B49606979
:10504000CA6902F07002904204D2CA6922F070026A
:105050000243CA61DE060BD52449A069CA6902F47D
:10506000E062904204D2CA6922F4E0620243CA615B
:105070009D060BD51D4AE169136A03F0700399423E
:1050800004D2136A23F070030B431362FFF77AFE16
:10509000164A0346164892691649C2F30322825CF7
:1050A0000E2002F01F02D340BDE8F0410B60FDF777
:1050B00043BBDA073FF56AAF9FE7826922F00F0230
:1050C0001143816199E79F013FF574AF11E701201A
:1050D00070479B033FF56EAF0BE703200AE7DE0541
:1050E0003FF568AF05E700BF0020005200440258BA
:1050F000083D01084402002408B501F095F9064B6B
:1051000006499B69064A03F00F03CB5C03F01F03BB
:10511000D840106008BD00BF00440258083D010897
:105120004802002410B501F07FF90949094A8B694A
:10513000094C03F00F03D35C03F01F03D840206039
:10514000CB69C3F30213D35C03F01F03D84010BD37
:1051500000440258083D01084802002410B501F03F
:1051600063F90949094A8B69094C03F00F03D35CC1
:1051700003F01F03D8402060CB69C3F30223D35C44
:1051800003F01F03D84010BD00440258083D010839
:1051900048020024F8B53A4CA36A03F00303032B3A
:1051A00067D0236806460F4623F080632360FDF72F
:1051B00025FB054604E0FDF721FB431B022B56D8D7
:1051C00023681A01F7D4A36A326823F47C3343EAD4
:1051D0000233A362D6E90232013B013A5B021204B8
:1051E0009BB202F4FE0213437268013AC2F3080252
:1051F00013433269013A120602F0FE421343A363DD
:10520000E36A726923F0C0031343E362E26AB3699D
:1052100022F020021A431B4BE262E26A22F01002E3
:10522000E262E16BF2690B4043EAC203E363E36AC3
:1052300043F01003E362E36AEFB1012F0CBF43F4C4
:10524000801343F40013E3620D4C236843F0806342
:105250002360FDF7D3FA054604E0FDF7CFFA401BC3
:10526000022804D823681B01F7D50020F8BD0320CD
:10527000F8BD0120F8BD43F40023E362E4E700BF7A
:10528000004402580700FFFFF8B53A4CA36A03F048
:105290000303032B67D0236806460F4623F0805391
:1052A0002360FDF7ABFA054604E0FDF7A7FA431BC0
:1052B000022B56D823689A00F7D4A36A326823F0E9
:1052C0007C7343EA0253A362D6E90232013B013AFE
:1052D0005B0212049BB202F4FE0213437268013AAD
:1052E000C2F3080213433269013A120602F0FE4289
:1052F00013432364E36A726923F440631343E36254
:10530000E26AB36922F400721A431B4BE262E26A5A
:1053100022F48072E262616CF2690B4043EAC203DC
:105320006364E36A43F48073E362E36AEFB1012FDD
:105330000CBF43F4000343F08073E3620D4C236819
:1053400043F080532360FDF759FA054604E0FDF76A
:1053500055FA401B022804D823689B00F7D500208B
:10536000F8BD0320F8BD0120F8BD43F48003E362DB
:10537000E4E700BF004402580700FFFF2DE9F843AF
:105380000368044613F0006622D0426EB2F5001F97
:1053900000F0CE8411D8002A00F0F884B2F5801F06
:1053A00040F0F18402210430FFF7F4FE0646002E9F
:1053B00040F08684626E236803E0B2F5401F40F03F
:1053C000E284A8480026016D21F440110A430265D9
:1053D000DD050AD5626D042A06D8DFE812F0A204C2
:1053E00093049A04DF02DF020126354698051BD597
:1053F000A26D802A00F05B8400F2EC80002A00F0AD
:105400008B83402A40F0ED800021201DFFF7C2FE73
:1054100023680546002D40F067839249A06D0A6D10
:1054200022F4E07202430A6559051FD5D4F8A4207E
:10543000B2F5800F00F0478400F2D680002A00F019
:105440007183B2F5001F40F0D7800021201DFFF7C7
:10545000A1FE23680546002D40F044838149D4F81D
:10546000A4008A6D22F4600202438A651A051FD5E2
:10547000D4F8A820B2F1007F00F02E8400F2BF80A3
:10548000002A00F05583B2F1807F40F0C0800021F7
:10549000201DFFF77FFE23680546002D40F02A837C
:1054A0007049D4F8A8008A6D22F0E06202438A6550
:1054B0009F0118D5A26C202A00F0DA8300F2AA809E
:1054C0003AB1102A40F0A9806649CA6A42F4003213
:1054D000CA62002D40F059836249A06CCA6C22F068
:1054E00030020243CA64D8041DD5E26DB2F5005FF4
:1054F00000F0FB8300F29480002A00F01F83B2F5D5
:10550000805F40F095800021201DFFF743FE236857
:105510000546002D40F0EC825249E06D0A6D22F400
:10552000E04202430A6599041AD5226EB2F5003FA3
:1055300000F074837FD84AB1B2F5803F40F0838099
:105540000121201DFFF726FE23680546002D40F0AF
:105550001E834449206E0A6D22F4E02202430A654C
:105560005A041BD5D4F8AC20B2F1005F00F0608380
:105570006CD842B1B2F1805F70D10121201DFFF7DC
:1055800009FE23680546002D40F003833549D4F811
:10559000AC008A6D22F0E04202438A651F040DD5FB
:1055A000E26EB2F1805F00F03183B2F1005F00F093
:1055B0000182002A00F0048201263546D8015DD51B
:1055C000626C032A00F20A84DFE812F05400170329
:1055D0004E005400C02A3FF41DAFB2F5807F3FF467
:1055E00019AF012635461FE7B2F5C00F3FF433AFC0
:1055F000B2F5000F3FF42FAF0126354636E7B2F182
:10560000407F3FF44AAFB2F1806F3FF446AF0126CE
:1056100035464DE7302A3FF45CAF0126354662E758
:10562000B2F5405F3FF475AFB2F5804F3FF471AF14
:105630000126354677E722F48031B1F5802F85D0F9
:10564000B2F5403F82D00126354689E722F08051ED
:10565000B1F1804F97D0B2F1405F94D0012635462A
:105660009CE700BF004402580221201DFFF792FD75
:1056700023680546002D00F06B822E46590200F18A
:10568000F081DF072FD5A26F282A2AD8DFE812F091
:10569000D301290029002900290029002900290017
:1056A0006D0329002900290029002900290029006B
:1056B000CC012900290029002900290029002900FE
:1056C000D3012900290029002900290029002900E7
:1056D000D3012900290029002900290029002900D7
:1056E000D30101263546980716D5626F052A00F2C8
:1056F0007883DFE812F00D00300306000D000D0086
:105700000D00012104F12400FFF7BEFD23680546CA
:10571000002D00F025822E46590717D5D4F8902089
:10572000052A00F26183DFE812F00D000C03060089
:105730000D000D000D00012104F12400FFF7A4FD70
:1057400023680546002D00F013822E469A061DD5CB
:10575000D4F88C20B2F1005F00F0458200F2DC80CA
:105760004AB1B2F1805F40F0E1800021201DFFF7D7
:1057700011FD23680546002D40F00582A949D4F8A3
:105780008C004A6D22F0E04202434A655F061DD557
:10579000D4F89820B2F5006F00F0548200F2C9806E
:1057A0004AB1B2F5806F40F0CE800021201DFFF796
:1057B000F1FC23680546002D40F0C8819949D4F8D2
:1057C00098008A6D22F4E05202438A6518061DD5BE
:1057D000D4F89C20B2F5804F00F03F8200F2B680F2
:1057E0004AB1B2F5005F40F0BB800021201DFFF7F9
:1057F000D1FC23680546002D40F0A6818949D4F8E4
:105800009C008A6D22F4604202438A6519070BD519
:10581000D4F88010B1F5805F00F03E828148426D7F
:1058200022F440520A434265DA060BD5D4F89410AC
:10583000B1F5807F00F025827A48826D22F44072B3
:105840000A4382651F030ED5D4F8A010B1F5803F3E
:1058500000F0D480B1F5003F00F0D780002900F0BF
:10586000BA810126354658030FD5D4F88420B2F505
:10587000001F00F0B080B2F5401F00F0B380B2F519
:10588000801F00F0A08101263546D90309D5E26CBE
:10589000002A00F08681B2F5803F00F02D810126BC
:1058A00035469A0000F1D2809F035CD4301E18BFA9
:1058B0000120DE0206D55B49256F0A6D22F0004209
:1058C0002A430A65DD0007D55649D4F8B4500A6961
:1058D00022F480422A430A61990206D55149A56EF5
:1058E0000A6D22F080722A430A655A0009D54D4A92
:1058F000116921F4004111611169D4F8B8502943AC
:105900001161002B06DA474A216DD36C23F0405316
:105910000B43D364BDE8F88322F08051B1F1804F8E
:105920003FF429AFB2F1405F3FF425AF0126354681
:105930002CE722F48061B1F5805F3FF43CAFB2F513
:10594000406F3FF438AF012635463FE722F400515F
:10595000B1F5004F3FF44FAFB2F5C04F3FF44BAF3E
:105960000126354652E7E26FB2F5807F00F02281D2
:1059700006D922F48071B1F5007F03D0012098E7A9
:10598000002AFBD1002DF9D1264D301E696D18BFBC
:10599000012021F440710A436A658AE73546002DEB
:1059A00040F0A4801F49606D0A6D22F00702024397
:1059B0000A651BE50121201DFFF7ECFB2368054666
:1059C000002D40F0DE801749E06E0A6D22F0405253
:1059D00002430A65F2E5012104F12400FFF754FCBB
:1059E00023680546002D40F0DA800E49D4F8840083
:1059F0004A6D22F4401202434A6546E7022104F14F
:105A00002400FFF741FC23680546002D40F0C580C7
:105A10000449D4F8A0008A6D22F4403202438A651A
:105A200021E700BF00440258012104F12400FFF7E0
:105A30002BFC23680546002D40F0AD80AF49A06FD8
:105A40004A6D22F0380202434A654CE6022104F115
:105A50002400FFF719FC236800283FF425AF012636
:105A600022E7A74F3B6843F480733B60FCF7C6FE18
:105A7000804606E0FCF7C2FEA0EB0800642800F2B6
:105A80007E813B68DA05F5D5002D40F0A4819B4A64
:105A9000D4F8B030116F594011F4407F0BD0116F22
:105AA000106F21F4407140F480301067106F20F4C3
:105AB000803010671167B3F5807F00F06E8103F4CA
:105AC0004072B2F5407F00F07C818C490A6922F473
:105AD0007C520A61894AC3F30B03116F0B431367AE
:105AE0002368CEE52E46C1E42E469DE42E467DE495
:105AF0002E4618E52E46DBE40221201DFFF74AFB67
:105B000005462368002D53D17C49E06CCA6C22F411
:105B100080320243CA64C4E67849CA6A42F4003259
:105B2000CA6277E47549CA6A42F40032CA6292E4F2
:105B30007249CA6A42F40032CA62AEE46F49CA6A64
:105B400042F40032CA62E4E42E465FE62E463DE6A9
:105B50006A49606CCA6C22F003020243CA648DE594
:105B60006649606F4A6D22F0070202434A65D3E539
:105B70006249D4F890008A6D22F0070202438A65D8
:105B8000E4E52E461AE52E4600E62E46ABE42E4608
:105B9000E6E42E4602E52E46A5E52E4663E62E46B1
:105BA00073E65649CA6A42F40032CA62002DABD08D
:105BB0002E4676E65148C16A41F40031C162002D9B
:105BC0007FF4DCAEE0E64D49CA6A42F40032CA62B4
:105BD000002DE4D109E7201DFFF7DCFA0546236814
:105BE000002DDAD114E7022104F12400FFF74CFB69
:105BF00005462368002DC6D1C0E54049CA6A42F473
:105C00000032CA62002D7FF438ADA1E73B49CA6A71
:105C100042F40032CA62002DB3D1D4E6012104F16E
:105C20002400FFF731FB05462368002DAFD190E437
:105C3000012104F12400FFF727FB05462368002D0E
:105C4000A7D1A3E4022104F12400FFF71DFB0546C0
:105C50002368002D7FF47AAFB0E5022104F124001F
:105C6000FFF712FB05462368002D7FF46DAFC5E5F5
:105C70000221201DFFF78EFA05462368002D84D1EE
:105C80002AE4022104F12400FFF7FEFA2368002829
:105C90003FF4D8AD0126D5E5022104F12400FFF739
:105CA000F3FA236800283FF4BFAD0126BCE50021CC
:105CB00004F12400FFF7E8FA23680546FFF7AABBC2
:105CC0002368FFF785BB002104F12400FFF7DCFA0D
:105CD00023680546FFF7BFBB002104F12400FFF74E
:105CE000D3FA23680546FFF7D8BB002104F124004E
:105CF000FFF7CAFA236805460BE400BF00440258C8
:105D0000004802580021201DFFF744FA2368054689
:105D100045E6002104F12400FFF7B6FA23680546A2
:105D20003DE633493546CA6A42F40032CA6236E675
:105D300002212430FFF7A8FA0646002E3FF43AABC2
:105D4000BEE70121201DFFF725FA05462368002D37
:105D50007FF4FBAC0CE70121201DFFF71BFA054681
:105D60002368002D7FF4D7ACFAE60121201DFFF750
:105D700011FA05462368002D7FF40DAF5EE6032679
:105D8000236835467DE40126FFF722BB1848C16A27
:105D900041F40031C162FFF714BBFCF72FFDDFF8BF
:105DA0005080074641F2883904E0FCF727FDC01B0C
:105DB0004845E4D8D8F870309B07F6D5D4F8B03011
:105DC0007DE60B480B4A016902EA131221F47C516B
:105DD0000A4302617EE623682E4652E401263546D8
:105DE0004CE40126354697E401263546AEE400BF73
:105DF00000440258CFFFFF0008B5FFF77DF9054BBF
:105E0000054A1B6AC3F30213D35C03F01F03D84097
:105E100008BD00BF00440258083D0108584B70B44B
:105E2000996A9D6ADE6A15F47C3FC5F30532DC6B26
:105E30005CD0C4F3CC0406F0100601F0030106FBAD
:105E400004F4012907EE904AB8EEE77A03D002295C
:105E500075D000294FD007EE902ADFED4A6AF8EEA0
:105E6000E77A9B6B86EEA76A9FED475AC3F3080358
:105E700006EE903AF7EE005AF8EEE66AE7EE056AAB
:105E800076EEA56A66EE266A3D4AB7EE006A936B27
:105E9000C3F3462307EE103AB8EEC77A70BC37EE6C
:105EA000067AC6EE877AFCEEE77AC0ED007A936B4D
:105EB000C3F3064307EE103AB8EEC77A37EE067A18
:105EC000C6EE877AFCEEE77AC0ED017A936BC3F3F6
:105ED000066307EE903AF8EEE77A77EE867A86EE7A
:105EE000A77ABCEEC77A80ED027A704770BCC0E931
:105EF0000022826070471968890627D51C6807EE62
:105F0000902A2249F7EE005A9B6BC4F3C102F8EEC7
:105F1000E77A9FED1D5AC3F30803D14006EE903A8D
:105F200006EE101AF8EEE66AB8EEC66AE7EE056A03
:105F300086EE277A76EEA56A66EE876AA4E707EE14
:105F4000902ADFED136AF8EEE77A8AE707EE902AE7
:105F50009FED105A9B6BB7EE006AF8EEE77ADFED23
:105F60000A5AC3F30803C5EE276A07EE903AF8EE23
:105F7000E77AE7EE257A77EE867A66EEA76A83E718
:105F8000004402580024744A000000390090D003F5
:105F90000024744B0024744C584B70B4996A9D6A69
:105FA000DE6A15F07C7FC5F305525C6C5CD0C4F3EF
:105FB000CC0406F4807601F0030106FB04F4012909
:105FC00007EE904AB8EEE77A03D0022975D000298F
:105FD0004FD007EE902ADFED4A6AF8EEE77A1B6CA5
:105FE00086EEA76A9FED475AC3F3080306EE903A80
:105FF000F7EE005AF8EEE66AE7EE056A76EEA56A75
:1060000066EE266A3D4AB7EE006A136CC3F3462378
:1060100007EE103AB8EEC77A70BC37EE067AC6EED5
:10602000877AFCEEE77AC0ED007A136CC3F306437F
:1060300007EE103AB8EEC77A37EE067AC6EE877AE0
:10604000FCEEE77AC0ED017A136CC3F3066307EE4A
:10605000903AF8EEE77A77EE867A86EEA77ABCEE8B
:10606000C77A80ED027A704770BCC0E90022826076
:1060700070471968890627D51C6807EE902A2249BF
:10608000F7EE005A1B6CC4F3C102F8EEE77A9FEDFD
:106090001D5AC3F30803D14006EE903A06EE101ADB
:1060A000F8EEE66AB8EEC66AE7EE056A86EE277A8B
:1060B00076EEA56A66EE876AA4E707EE902ADFED22
:1060C000136AF8EEE77A8AE707EE902A9FED105AF6
:1060D0001B6CB7EE006AF8EEE77ADFED0A5AC3F3FD
:1060E0000803C5EE276A07EE903AF8EEE77AE7EE86
:1060F000257A77EE867A66EEA76A83E7004402582F
:106100000024744A000000390090D0030024744B2E
:106110000024744C584B70B4996A9D6ADE6A15F479
:106120007C7FC5F305125C6B5CD0C4F3CC0406F035
:10613000010601F0030106FB04F4012907EE904A71
:10614000B8EEE77A03D0022975D000294FD007EEC8
:10615000902ADFED4A6AF8EEE77A1B6B86EEA76AB3
:106160009FED475AC3F3080306EE903AF7EE005A44
:10617000F8EEE66AE7EE056A76EEA56A66EE266A4E
:106180003D4AB7EE006A136BC3F3462307EE103A9D
:10619000B8EEC77A70BC37EE067AC6EE877AFCEEA8
:1061A000E77AC0ED007A136BC3F3064307EE103AAB
:1061B000B8EEC77A37EE067AC6EE877AFCEEE77A53
:1061C000C0ED017A136BC3F3066307EE903AF8EE65
:1061D000E77A77EE867A86EEA77ABCEEC77A80ED0C
:1061E000027A704770BCC0E900228260704719686B
:1061F000890627D51C6807EE902A2249F7EE005A37
:106200001B6BC4F3C102F8EEE77A9FED1D5AC3F38E
:106210000803D14006EE903A06EE101AF8EEE66A50
:10622000B8EEC66AE7EE056A86EE277A76EEA56ACC
:1062300066EE876AA4E707EE902ADFED136AF8EEB0
:10624000E77A8AE707EE902A9FED105A1B6BB7EEAC
:10625000006AF8EEE77ADFED0A5AC3F30803C5EEE9
:10626000276A07EE903AF8EEE77AE7EE257A77EEBE
:10627000867A66EEA76A83E7004402580024744ACF
:10628000000000390090D0030024744B0024744CAB
:10629000B0F5807F00B585B048D0B0F5007F11D053
:1062A000B0F5806F00F08280B0F5006F52D0B0F58D
:1062B000805F2CD0B0F5002F00F09680002005B054
:1062C0005DF804FB534A136D03F4E073802B59D03F
:1062D00012D9C02B26D0B3F5807FEFD1D36C13F049
:1062E00040535BD0B3F1805F00F08D80B3F1005F6D
:1062F000494818BF0020E2E7002B3CD0402BDDD1FD
:1063000001A8FFF78BFD019805B05DF804FB414A39
:10631000136D03F4E043B3F5005F33D029D9B3F52F
:10632000405F58D13D4805B05DF804FB394B1B6D0B
:1063300003F00703042BC1D801A252F823F000BFD9
:10634000776300080163000885630008256300087F
:10635000936300082F4A936D03F0E063B3F1007F6D
:1063600010D01DD9B3F1407FDCD0B3F1806FB5D030
:10637000A4E7002B34D101A8FFF7CCFE029805B0AA
:106380005DF804FB01A8FFF707FE019805B05DF872
:1063900004FB204BDB6C13F04053A3D120488EE765
:1063A000002BE8D0B3F1807FAAD087E7194A936D1C
:1063B00003F46003B3F5800FE4D005D8002BDAD0E6
:1063C000B3F5001F9CD079E7B3F5C00FAAD0B3F5A1
:1063D000000F83D072E7B3F5804F3FF47FAF6DE7D6
:1063E000B3F5805F8CD069E70A4A936D03F44033BC
:1063F000B3F5803F09D0B3F5003F3FF46FAF002BFA
:106400007FF45CAF7CE7074859E701A8FFF7C4FDBC
:10641000039854E7004402580024F4000080BB00B5
:106420000090D00300093D0008B5FEF7ABFC064B19
:1064300006499B69064AC3F30323CB5C03F01F03A1
:10644000D840106008BD00BF00440258083D010854
:1064500044020024084604F011B900BF143001F0D2
:106460006DBA00BF38B500F1140504462DED028B5E
:10647000284601F01FFA284601F018FA2846B0EE27
:10648000408A01F001FAD0ED007AF8EE677A88EEE2
:10649000277ABDEC028B84ED0E7A38BD143001F002
:1064A00005BA00BF38B500F1140504462DED028B86
:1064B000284601F0EDF9284601F0F8F92846B0EE3B
:1064C000408A01F0E1F9D0ED007AF8EE677A88EEC3
:1064D000277ABDEC028B84ED0E7A38BD253001F0B1
:1064E00079BF00BF10B540F203338EB000244FF6E1
:1064F0000B7240F20341ADF8083009A80123ADF852
:106500001020ADF824202246ADF80C10009402991A
:1065100007940C94CDE90544CDE90A4401F082FDCD
:1065200004A8012322460399009401F07BFD09A8E9
:1065300001F05EFE10B901200EB010BD04A801F0FC
:1065400057FEA0420CBF022020460EB010BD00BF77
:106550002DE9F04103239AB0012700240646CDE936
:1065600014373B4BCDE9104340F20453CDE91647B5
:10657000ADF84830FFF7B6FFB842054625D00228EF
:1065800045D040F60132334B0DF12C081894ADF88C
:106590002C200B981997CDF84A3000F0E3F810A999
:1065A00006F13C0002F060FE302003224FF07E53E3
:1065B00041460D930E93CDE90B02F26B06F11400E8
:1065C00001F02AF91AB0BDE8F0811023214A06A98A
:1065D00006908DF828300DF12C081F4BCDF84A207D
:1065E00007930294CDE91804CDE9080402A802F04B
:1065F00071F80823029A03A94046ADF80C508DF8B3
:106600000E40049505930B9400F0ECF8C7E70020CA
:106610000121104B0DF12C083A460094CDF84A3078
:106620004FF60B730C94ADF82C302346CDE91801CE
:1066300040F601314046ADF818100699CDE90D44F9
:1066400001F0F0FC2146404601F0DEFDA7E700BF67
:1066500004020404040604030704010B2DE9F047B7
:1066600004462DED028B82B000294DD0012140F26D
:10667000011200230091ADF804208DF80630364A4F
:106680000127364B04F10409354904F129086260F9
:1066900040F20272A36040F60663E16004F1250A4D
:1066A000A4F82520A4F82930278284F8277084F8DC
:1066B0002B7004F07FF9054603F0E2FF69460646B9
:1066C00050BB4DB304F130008DF8067004F0FAF8B9
:1066D000072D3CD104F114052046FFF739FF284669
:1066E00001F0E4F82846B0EE408A01F0CDF8D0ED94
:1066F000007AF8EE677A88EE277A84ED0E7A02B097
:10670000BDEC028BBDE8F08740F2011300918DF8DB
:106710000610ADF80430B2E704F1300004F0D2F80E
:10672000072D11D04946204602F01EFA0EB9002D61
:10673000D0D1504601F072FD404601F06FFD04F1EA
:10674000120000F079F9C5E7002EF2D1C2E7494600
:10675000204602F009FABDE7050805090507050608
:10676000050A060610B584B003460124ADF80400FE
:1067700003A8ADF80C30ADF80E4001F04FFD2146F6
:1067800003A801F027FE204603F078FF002103A8AC
:1067900001F020FE204603F071FF214603A801F01E
:1067A00019FE04B010BD00BF10B5C2F3002384B0C1
:1067B0000C46017C8DF80D2043EA4402FA240223A2
:1067C0008DF80C2003AA009402F01AF818B10124E5
:1067D000204604B010BD04460A2003F04FFF2046B7
:1067E00004B010BD034670B543F8042B044684B0D2
:1067F00007C983E80700A37983B91A210B461E2233
:10680000FA2523742046ADF80C20022303AA009534
:1068100001F0F6FF28B1012004B070BD1B210B462A
:10682000EDE70A2003F02AFF4FF4B8520095022347
:10683000ADF80C20204603AA217C01F0E1FF0028DE
:10684000E9D10A2003F01AFF41F2027200950223F7
:10685000ADF80C20204603AA217C01F0D1FF0028CE
:10686000D9D10A2003F00AFF042200950223ADF8D3
:106870000C20204603AA217C01F0C2FF0028CAD1C7
:106880000A2003F0FBFE062200950223ADF80C203F
:10689000204603AA217C01F0B3FF0028BBD10A20C7
:1068A00003F0ECFE41F2082200950223ADF80C2023
:1068B000204603AA217C01F0A3FF0028ABD10A20C7
:1068C000064603F0DBFE0095022303AA217C204646
:1068D000ADF80C6001F094FF00289CD1304603F025
:1068E000CDFE009522790C232046002A8DF80C302D
:1068F00003AA4FF0020314BF622142218DF80D104C
:10690000217C01F07DFF002885D1304603F0B6FEE2
:106910002279D4E902310B43DBB20AB943F04003D8
:1069200062790AB143F020030E22FA258DF80D306A
:106930002046009502238DF80C2003AA217C01F04B
:106940005FFF00287FF467AF0A2003F097FE102254
:1069500000950223ADF80C20204603AA217C01F00B
:106960004FFF00287FF457AF0A2003F087FE122163
:1069700000950223ADF80C1003AA217C204601F0FB
:106980003FFF00287FF447AF0A2003F077FE012283
:1069900009212046FFF708FF003818BF01203BE718
:1069A000F0B5102387B0234C0122002501260027D3
:1069B00002A920460195CDE902234FF48052CDE98A
:1069C000046707F0C9F86420FBF71EFF02A94FF423
:1069D00080522046CDE9046702261027CDE90267E0
:1069E00007F0BAF80322102302A92046CDE90223BA
:1069F00000230422CDE904234FF4805207F0ACF8C1
:106A000040F23223042202A9019310232046CDE94B
:106A10000223019A012305924FF48052049307F058
:106A20009BF840F60601204607F0B6F8284607B066
:106A3000F0BD00BF58F600241C4B00221C494FF04B
:106A4000400C30B5054689B00220596007219A6094
:106A50001A620124DA620A224FF4006EDC600692A8
:106A60002022CDE9000104200821CDE90201032004
:106A70001021CDE9040108206946C3E904024FF45E
:106A8000C072181DC3E906C24FF48052C3E909E27F
:106A900007F038F838B92846FFF782FF003818BFEA
:106AA000012009B030BD204609B030BD54F60024A5
:106AB00040410052614A0021D0B513688EB00A915E
:106AC000002B40F0B9805E4B01214FF683700C24FF
:106AD00011600221D3F8D4200026032742F480520B
:106AE000C3F8D420D3F8D42002F480520092009A44
:106AF000D3F8E02042F01002C3F8E020D3F8E02001
:106B000002F010020192019AD3F8E02042F0400214
:106B1000C3F8E020D3F8E02002F040020292029A8B
:106B2000D3F8E02042F00802C3F8E020D3F8E020D8
:106B300002F008020392039AD3F8E02042F4807234
:106B4000C3F8E020D3F8E02002F480720492049AA3
:106B5000D3F8E02042F08002C3F8E020D3F8E02030
:106B600002F080020592059AD3F8E02042F020025C
:106B7000C3F8E020D3F8E02002F020020692069A43
:106B8000D3F8E02042F00402C3F8E020D3F8E0306C
:106B90000C9403F0040307930323079A0B93CDE9A6
:106BA000080108A9274804F041F948F237120223E6
:106BB00008A925480C94CDE90823CDE90A6704F01B
:106BC00035F94CF20372022308A920480C94CDE950
:106BD0000823CDE90A6704F029F940F2FF62022395
:106BE00008A91B480C94CDE90823CDE90A6704F0F5
:106BF0001DF94FF60C72022308A916480C94CDE932
:106C00000823CDE90A6704F011F94FF63F02022389
:106C100008A911480C94CDE90823CDE90A6704F0CE
:106C200005F92022022308A90A480C94CDE90A6735
:106C3000CDE9082304F0FAF80EB0D0BD50F60024D8
:106C4000004402580010025800180258000C025864
:106C500000200258001C0258001402582DE9F04F81
:106C6000DFF8108406460D46144608F118002DED95
:106C7000028B89B000AF02F0EFFBD8F8183073B385
:106C8000D8F81C30D8F80490002B43690BBF4FF0A4
:106C9000080A4FF0100A4FF0020B4FF0040BB9F145
:106CA000000F2AD0A200EA46012B02F1070222F0CF
:106CB0000702ADEB020D6846ADEB020D694600F030
:106CC0003F81022B00F0D680002B6FD02246C847B0
:106CD000D5462437BD46BDEC028BBDE8F08FD8F811
:106CE0001C30002BF5D0D8F804904FF0080A4FF074
:106CF000020B4369B9F1000FD4D1FB61D8F8003021
:106D0000BB61002BE5D0D54802F018FC6B46BBF107
:106D1000020F786108EE103AFB6900F083816A4641
:106D20005146A2EBC40295466200EA46B2FBFBF272
:106D3000AAEBC40085460AEB8200EE46F861ADEB93
:106D4000010DF8690EEB820CC7F810C0EC46ADEBF4
:106D5000010D00EB8201CCF80400CCF8081001EB27
:106D600082013869E946CCF80C1000EB8201CCF8BE
:106D700000A001EB8202C9E900E0C9E90212012B7F
:106D800000F06483022B00F06C82002B00F0808105
:106D9000620849466046BB69984718EE103A2437A6
:106DA0009D46BD46BDEC028BBDE8F08F002C8DD01A
:106DB0001A46D8ED0C6A9FEDB27A8446331D36F937
:106DC00022E00CF1080C07EE90EA33F922E00232DF
:106DD000F8EEE77A944267EE877A67EEA67A4CED92
:106DE000027A07EE90EAF8EEE77A67EE877A67EEC6
:106DF000A67A4CED017AE2D8F9612246C847984E4E
:106E0000D8ED0D6A0020F9692B1D9FED9E7A9FED4C
:106E10009E6ADFED9E5A22E0F4EEC67AF1EE10FA99
:106E2000C0F2C88447F6FE72D1ED017A45F8202001
:106E300066EEA77AF4EEC77AF1EE10FA40F2F0802F
:106E4000F4EEC67AF1EE10FAC0F2D58447F6FE727F
:106E500043F820200230083184427FF639AFD1ED6B
:106E6000007A66EEA77AF4EEC77AF1EE10FAD3D87C
:106E70003246D9E7002C3FF429AFD8ED0C6A84469E
:106E80009FED787A0022331D8E4656F822100CF1C1
:106E9000080C07EE901A53F822100232F8EEE77A47
:106EA000944267EE877A67EEA67A4CED027A07EE97
:106EB000901AF8EEE77A67EE877A67EEA67A4CEDDD
:106EC000017AE2D871462246C7F81CE0C847664EF0
:106ED000D8ED0D6A0020F9692B1D9FED6A7A9FEDB0
:106EE0006A6ADFF894C120E0F4EEC67AF1EE10FA97
:106EF000C0F279843246D1ED017A45F8202066EE61
:106F0000A77AF4EEC77AF1EE10FA40F28780F4EE39
:106F1000C67AF1EE10FAC0F25E84324643F82020C1
:106F20000230083184427FF6D3AED1ED007A66EEAE
:106F3000A77AF4EEC77AF1EE10FAD5D86246DAE70E
:106F4000002C3FF4C3AED8ED0C6A86469FED477A1D
:106F50004FF0000C331D56F82C200EF1080E82F471
:106F60000002A2F5000207EE902A53F82C200CF143
:106F7000020CF8EEE77A82F400026445A2F5000202
:106F800067EE877A67EEA67A4EED027A07EE902AD0
:106F9000F8EEE77A67EE877A67EEA67A4EED017A29
:106FA000D9D8F9612246C847314ED8ED0D6A002084
:106FB000F9692B1D9FED337A9FED336ADFF8BCC072
:106FC0001FE0F4EEC67AF1EE10FAC0F2FC8332460E
:106FD000D1ED017A45F8202066EEA77AF4EEC77A63
:106FE000F1EE10FA18D9F4EEC67AF1EE10FAC0F20A
:106FF000DA83324643F820200230083184427FF69B
:1070000067AED1ED007A66EEA77AF4EEC77AF1EEBC
:1070100010FAD6D86246DBE76246EBE762467DE7C8
:10702000324615E7A100D6466208073121F0070174
:10703000ADEB010DEA46ADEB010D6946ADEB0E0D72
:107040000AEB8200EC46ADEB0E0D01EB8202F8611B
:10705000E946CCE900A0C9E9001290E6A8F60024B0
:107060000280FFFF000000300082FF7F000000343C
:1070700082FF7F008CF60024007E00807E0080FF6F
:107080000000003804FF7FBF04FF7F3F00FEFF4683
:10709000002C00F0C982BBF1020FD8F8242000F0C8
:1070A000FA827969C7F8049002EB810E5FED0C5A01
:1070B0008A00DCF808100EF104007A611A46DCF848
:1070C0000C303B61331DD7F810903D61FD69C7E975
:1070D00002CB8C46834636F92210D8ED0C7A06EEA8
:1070E000101A33F9221006EE901A3EF92210B8EE6B
:1070F000C66A07EE101AF8EEE66A3BF92210B8EEFF
:10710000C77A26EE256A66EEA56A27EE257A26EE70
:10711000276A66EEA76A27EE277A07EE901A5108CB
:107120000232F8EEE77A0AEB8100944280ED006AC1
:1071300005EB810067EEA57AC0ED006A0CEB8100DB
:1071400009EB810180ED007A98ED0C7A67EE877A81
:10715000C1ED007ABFD8D7F804903D69D7E902CBDA
:1071600060466208BB6949469847D8F82C307A696E
:10717000D8ED0D6A1A441FED3D7A1FED3D6A2B1DB7
:10718000904602F1040A5FED3F5A0022A84ED9E969
:1071900000EC51E0F4EEC67AF1EE10FAC0F2C782CC
:1071A00047F6FE7045F822000CEB0100D0ED007AA6
:1071B00066EEA77AF4EEC77AF1EE10FA4BD9F4EE48
:1071C000C67AF1EE10FAC0F2BA8247F6FE70BBF151
:1071D000020F43F822002BD0D9F808000844D0ED64
:1071E000007A66EEA77AF4EEC77AF1EE10FA36D995
:1071F000F4EEC67AF1EE10FAC0F2CD8247F6FE70D8
:1072000048F82200D9F80C000144D1ED007A66EE6E
:10721000A77AF4EEC77AF1EE10FA1ED9F4EEC67A28
:10722000F1EE10FAC0F2AF8247F6FE714AF8221072
:10723000023294427FF6B1AD51080EEB8100890015
:10724000D0ED007A66EEA77AF4EEC77AF1EE10FA86
:10725000A0D83046A6E73046B9E73146E6E73046E3
:10726000CEE7002C00F0E081BBF1020FD8F824300B
:1072700000F0E1817A69DCF8081003EB820EC7F8B0
:1072800004909300DFED6B5A0EF1040000227B6145
:10729000DCF80C303B61331DD7F810903D61FD697F
:1072A000C7E902CB8C46834656F82210D8ED0C7AFB
:1072B00007EE101A53F82210B8EEC76A07EE101A3C
:1072C0005EF82210F8EEC76A07EE101A26EE256A5D
:1072D0005BF82210B8EEC77A66EEA56A26EE276A3A
:1072E00027EE257A66EEA76A27EE277A07EE901A30
:1072F00051080232F8EEE77A0AEB8100944280ED01
:10730000006A05EB810067EEA57AC0ED006A0CEB20
:10731000810009EB810180ED007A98ED0C7A67EE2F
:10732000877AC1ED007ABFD8D7F804903D69D7E9D4
:1073300002CB60466208BB6949469847D8F82C30B2
:107340007A69D8ED0D6A1A449FED3E7A9FED3E6A48
:10735000131D9246DFF8E4C00022FB612B1D364E60
:10736000D9E9008E4EE0F4EEC67AF1EE10FAC0F2E2
:10737000FC81304645F822000EEB0100D0ED007A8A
:1073800066EEA77AF4EEC77AF1EE10FA49D9F4EE78
:10739000C67AF1EE10FAC0F2EF813046BBF1020F6F
:1073A00043F822002AD0D9F808000844D0ED007A2A
:1073B00066EEA77AF4EEC77AF1EE10FA35D9F4EE5C
:1073C000C67AF1EE10FAC0F2C98130464AF82200BE
:1073D000D9F80C000144D1ED007A66EEA77AF4EEFC
:1073E000C77AF1EE10FA1ED9F4EEC67AF1EE10FA71
:1073F000C0F2AD813146F86940F822100232944261
:107400007FF6CBAC510808EB81008900D0ED007A03
:1074100066EEA77AF4EEC77AF1EE10FAA3D86046CA
:10742000A8E76046BAE76146E5E76046CEE700BFF9
:107430000280FFFF000000300082FF7F007E00809E
:107440000000003404FF7FBF04FF7F3F002C00F0EA
:10745000EB807A690021D8F82430C7F8109003EB4C
:10746000820ED7F81C909300FD610EF104021FED0F
:107470000C6A7B61331D154656F821204808D8ED6B
:107480000C6ABBF1020F82F40002A2F5000207EEC3
:10749000902A53F8212082F40002B8EEE77AA2F590
:1074A000000227EE067A07EE902A0AEB8002F8EE39
:1074B000E77A27EE267A67EE867A82ED007A09EB84
:1074C00080024FEA800067EEA67AC2ED007A27D0EC
:1074D0005EF8212082F40002A2F5000207EE902A55
:1074E00055F8212082F40002B8EEE77AA2F50002F6
:1074F00027EE067A07EE902ADCF80820F8EEE77A05
:10750000024427EE267A67EE867A82ED007A98EDBD
:107510000C7ADCF80C2067EE877A0244C2ED007A20
:1075200002318C42A8D8D7F8109060466208BB6937
:107530004946FD699847D8F82C307A69D8ED0D6A2C
:107540001A441FED407A1FED406A131D9246DFF882
:10755000C4C20022FB612B1DAB4ED9E9008E4EE068
:10756000F4EEC67AF1EE10FAC0F2C580304645F866
:1075700022000EEB0100D0ED007A66EEA77AF4EE61
:10758000C77AF1EE10FA49D9F4EEC67AF1EE10FAA4
:10759000C0F2BF803046BBF1020F43F822002AD070
:1075A000D9F808000844D0ED007A66EEA77AF4EE28
:1075B000C77AF1EE10FA35D9F4EEC67AF1EE10FA88
:1075C000C0F2AE8030464AF82200D9F80C000144DF
:1075D000D1ED007A66EEA77AF4EEC77AF1EE10FAF2
:1075E0001ED9F4EEC67AF1EE10FAC0F28B80314665
:1075F000F86940F82210023294427FF6CEAB51086F
:1076000008EB81008900D0ED007A66EEA77AF4EEEF
:10761000C77AF1EE10FAA3D86046A8E76046BAE749
:107620006146E5E76046CEE7224649466046BB69CB
:107630009847FFF7B2BBC7F810B0002298ED0C6A6C
:10764000331DDFED726AD7F81CB0786956F8221046
:1076500007EE901A53F82210B8EEE77A07EE901A68
:1076600051080232F8EEE77A27EE267A0AEB810E0D
:1076700094420BEB810167EEA67A27EE067A67EE5D
:10768000867A8EED007AC1ED007ADFD88300D7F8D4
:1076900010B07B614DE61A46C7F810B098ED0C6A41
:1076A000331DDFED5B6AD7F81CB0786936F922101C
:1076B00007EE101A33F9221007EE901AB8EEC77AC7
:1076C00051080232F8EEE77A27EE267A0AEB810EAD
:1076D00094420BEB810167EEA67A27EE067A67EEFD
:1076E000867A8EED007AC1ED007ADFD88300D7F874
:1076F00010B07B6134E5F0EE675AFEEEE45A15EE09
:10770000900A34E7F0EE675AFEEEE45A15EE901A4E
:107710006EE7F0EE675AFEEEE45A15EE900A3AE78D
:10772000F0EE675AFEEEE45A15EE900A4BE767EE6C
:10773000A57AFDEEE77A17EE900A00B232E567EE21
:10774000A57AFDEEE77A17EE900A00B23FE5F0EE7B
:10775000675AFEEEE05A15EE901A4CE6F0EE675AC4
:10776000FEEEE05A15EE900A30E6F0EE675AFEEEB5
:10777000E05A15EE900AFDE5F0EE675AFEEEE05A8B
:1077800015EE900A0AE667EEA57AFDEEE77A17EEA7
:10779000901A09B24AE567EEA57AFDEEE77A17EE90
:1077A000900A00B22CE5F0EE675AFEEEE45A15EEB0
:1077B000902A1FE467EEA57AFDEEE77A17EE902A8D
:1077C00012B2FFF731BBF0EE675AFEEEE45A15EE47
:1077D000902AFFF7FDBBF0EE675AFEEEE05A15EE79
:1077E000902AFFF79BBBF0EE675AFEEEE05A15EECB
:1077F000902AFFF780BB67EEA57AFDEEE77A17EED9
:10780000902A12B2FFF724BB82FF7F0000000030F5
:10781000000000387E0080FF30B5184C154685B05A
:10782000046004F1080EEC460FC98EE80F00D4ED99
:10783000047AF5EEC07A8CE80F00F1EE10FA1ADD4A
:10784000B7EE006A94ED057A27EE277AC6EE276A2E
:1078500084ED0D7AC4ED0C6A6DB1204640F8185FD6
:1078600001F0FAFD064903690020064A2162A2627E
:10787000E36005B030BD012005B030BD8CF60024BA
:10788000002000300000003000680830704700BF62
:10789000B1F5807F03680A4628BF4FF48072B1F5C6
:1078A000807F9A6094BF00200120704700681830E4
:1078B00001F032BE70B504688AB0A369E160CBB153
:1078C00004F11805284601F0C7FD8446EE46E66837
:1078D000BCE80F00AEE80F00BCE80F00AEE80F00F8
:1078E0009CE803008EE8030069462846049601F0F0
:1078F000BBFCF8B9E069D8B104F11C05284601F0D9
:10790000ABFD8446EE46E468BCE80F00AEE80F002D
:10791000BCE80F00AEE80F009CE803008EE803000F
:1079200069462846049401F09FFC003818BF0120E6
:107930000AB070BD01200AB070BD00BF30B5046848
:1079400083B00D46E3694BB1A3680020E26A616A27
:107950009B00009004F11C0001F080FDA368074823
:10796000A26A9B00216A009004F1180001F076FDE4
:107970000020C4E9005003B030BD00BF5D6C0008BA
:1079800010B4074B4FF07E513024002203201961C0
:107990009C60D8605DF8044B5961C3E906227047CA
:1079A0008CF6002400B583B04FF0000E4FF0030CAE
:1079B0004274ADF80410BDF8043080F810E0A0F86F
:1079C00002C0038003B05DF804FB00BF2DE9F04F57
:1079D000DFF81C8300258DB0C04C037008F1400314
:1079E0004260074601920E46202229464046C4F8CE
:1079F0006831C4F86481CDE90255CDE90455CDE97B
:107A00000655CDE90855CDE90A550BF009FC2022B1
:107A1000294604F5A170C4F83151C4F83551C4F8B1
:107A20003951C4F83D510BF0FBFB019B84F84852DF
:107A300084F830317A68002A6AD02B4604F59871B0
:107A4000454606F1100A9E46F01856F803B0E218B3
:107A50000EF1010ED0F80CC0D0F80490D0F80880D8
:107A600044F803B0C2F80CC04FF0000CC2F8049008
:107A7000C2F80880008A25F802CB10821AF8032089
:107A800001F8012F002A70D07A684FF001001233FC
:107A9000724584F84802D7D84FF4802290489DF868
:107AA000043008214FF000084FF00009C4F8843179
:107AB0000023C4E95B020122C4F8743184F88031E8
:107AC000C4E95E2194F84812C4E96489A9B3C4F8F2
:107AD0009821002284F8813184F888313B78C4E908
:107AE0006722002B38D0012200200121013B84F8BD
:107AF000A421C4E96C01082B30D8DFE813F0BD00E5
:107B0000C200C700CC00D100D600DB00E100E800D5
:107B10009DF804300121C4F87421C4F884314FF475
:107B2000802384F880216E4AC4E95B230823002265
:107B3000C4E95E130023C4E964230123002284F80E
:107B40008131002384F888310323C4F898313B78CD
:107B5000C4E96722002BC6D184F8A4316148FBF741
:107B600035FC034638B1FFBEFEE77A681233724532
:107B70003FF66AAF90E702A95A480293FBF784FDEB
:107B80008246002876D1042240F2FF710A90CDE9A6
:107B9000081294F83021002A00F0F3804FF0060814
:107BA0000AEBCA034FEACA0904EB43035B7C072BC9
:107BB00007D8DFE803F0595C5653504D4A040723B9
:107BC00007930FFA8AF6D14406EBC60604EB49097F
:107BD00004EB46077500384600F020FB99F810309A
:107BE000042B00F3AA80022B00F3BD8000F0B980C3
:107BF00004EB0A03002283F8202114F81630002B2E
:107C000078D0022B00F08A80012B40F0B2807B7884
:107C1000012B00F0B080002B334B18BF002305A9C7
:107C20003048CDE90538FAF7DFFE002840F0AC8097
:107C30000AF1010A94F830315FFA8AFA534540F2AA
:107C4000A0802A4B53F82A80AAE706230793B8E7B7
:107C500005230793B5E704230793B2E703230793AC
:107C6000AFE702230793ACE700230793A9E70123BB
:107C70000793A6E7FFBEFEE703224023C4E96A2379
:107C80006CE707226023C4E96A2367E70F22802399
:107C9000C4E96A2362E71F22A023C4E96A235DE7DF
:107CA0003F22C023C4E96A2358E77F22E023C4E9C6
:107CB0006A2353E7FF224FF48073C4E96A234DE738
:107CC00040F2FF124FF49073C4E96A2346E740F292
:107CD000FF324FF4A073C4E96A233FE7C8F60024DB
:107CE0000020024034F800240002B025583C01086E
:107CF000004000307B78062B37D0072B3DD0022B7D
:107D00004AD0032B4AD0002B4CD0012B48D0042B57
:107D10004AD0052B254B18BF002380E77B78042B26
:107D200025D0052B2BD08BB3012B31D0022B31D09A
:107D3000032B1F4B18BF002371E70323043504EB0B
:107D40000A0B4FF0000925448BF82031284609F131
:107D5000010900F063FA9BF8203104354B45F5DC4E
:107D60004BE70123EAE70223E8E7124B57E7124B00
:107D700055E7002353E7114B51E7114B4FE7114BE8
:107D80004DE70DB0BDE8F08FFFBEFEE70E4B46E7B6
:107D90000E4B44E70E4B42E70E4B40E70E4B3EE7DF
:107DA0000E4B3CE70E4B3AE70E4B38E70000B84F5E
:107DB000002090360800900C1000C0102000F01435
:107DC0008000501D000180210004002A0008302E90
:107DD000001060320040C03A0080F03E0000524780
:107DE000000021430000844B38B5094C40F2FF727B
:107DF0004FF0011104F5B6752846FBF7F3FB94F834
:107E00003021D4F864112846BDE83840FBF73AB970
:107E1000C8F60024064B0F29D3F8643198BF03EB52
:107E200041031B8800EE103ABBEEC80A704700BF42
:107E3000C8F60024214B02689A4200D07047204ABD
:107E400000232048D2F8D81030B51F4C41F0200153
:107E500083B0C4F8D001092004F5E875C4E97503BE
:107E60004FF48060C2F8D810D2F8D8204FF40061E7
:107E7000C4E9773094F8480202F02002C4F8E41113
:107E80004FF40051984201922846C4F8E811C4E921
:107E90007C33019B14BF00234FF48073C4F8EC3192
:107EA000FBF718FE08B1FFBEFEE704F5B673C4F891
:107EB000B851C4F8083203B030BD00BF0020024002
:107EC0000044025840000240C8F600240148FCF774
:107ED00079B900BF98F8002402682DE9F84F4B4BA0
:107EE0009A4201D0BDE8F88F494D95F84832002BF1
:107EF000F8D095F83031002B77D0002405F10C092B
:107F000005F5A17605F59877A04613E003F0010189
:107F100017F811BCA9F1080000F05CFABBF1010FE1
:107F200025D895F83031013409F112090236A2B290
:107F300093422BD917F8012F002AF4D0D5F86431D9
:107F40000021327833F81400D5F8683103EB0413BC
:107F500023F81200338801339BB233805FFA83FA2F
:107F60003A789A42D2D88A46A6F80080D0E7CAF377
:107F70004001A9F1040000F02DFABBF1020FCAF391
:107F80008001CED0484600F025FACAE7002395F8D4
:107F90004802204909229842C5F8D8314FF4806040
:107FA000C5F8D011C5F8D4214FF400614FF4005248
:107FB000C5F8DC3108BF4FF48073C5F8E821C5E986
:107FC000780100221448C5E97B32C5F8F421FBF79B
:107FD00081FD08B1FFBEFEE795F83021D5F86411A8
:107FE0000E48BDE8F84FFBF74DB80A4909224FF497
:107FF0008060C5F8D831C5E974124FF400614FF4C0
:108000000052C5E97730C5E97912DAE7002002406D
:10801000C8F600244000024098F8002434F80024F8
:10802000704700BF10B592B0ADF804100180C9B21E
:10803000149C0B29C460C0E901233FD090F801C013
:10804000BCF10F0F3AD8022A3FD0032A02D0012AEE
:1080500000D000220E92012B02D0022B18BF002369
:10806000022C0F932CD0032C2AD0012C28D00023D3
:108070000A29109327D85C4A02EB812202610A295F
:1080800014D8DFE801F0A39587796B5D4F41332564
:108090000600564BD3F8E01041F48061C3F8E010BD
:1080A000D3F8E03003F480630C930C9B01230DA9FB
:1080B000104603FA0CF30D9302F0B8FE12B010BD97
:1080C0000A291094D7D90022D8E711220E92C2E7CC
:1080D000464BD3F8E01041F40071C3F8E010D3F838
:1080E000E03003F400730B930B9BDFE73F4BD3F8B7
:1080F000E01041F48071C3F8E010D3F8E03003F4ED
:1081000080730A930A9BD1E7384BD3F8E01041F013
:108110008001C3F8E010D3F8E03003F08003099346
:10812000099BC3E7314BD3F8E01041F04001C3F89D
:10813000E010D3F8E03003F040030893089BB5E764
:108140002A4BD3F8E01041F02001C3F8E010D3F837
:10815000E03003F020030793079BA7E7234BD3F8F6
:10816000E01041F01001C3F8E010D3F8E03003F064
:1081700010030693069B99E71C4BD3F8E01041F0DF
:108180000801C3F8E010D3F8E03003F008030593CA
:10819000059B8BE7154BD3F8E01041F00401C3F8C1
:1081A000E010D3F8E03003F004030493049B7DE770
:1081B0000E4BD3F8E01041F00201C3F8E010D3F801
:1081C000E03003F002030393039B6FE7074BD3F800
:1081D000E01041F00101C3F8E010D3F8E03003F003
:1081E00001030293029B61E7000002580044025819
:1081F00008B5012143780069994089B203F01EF85F
:10820000003818BF012008BD01230A4641780069E3
:1082100003FA01F189B203F017B800BF8378022B8B
:1082200030B504468FB037D0032B33D0012B31D07B
:1082300000230A93E378012B2AD0022B28D00023B5
:108240000B93002320460C9302F038FD0546204690
:1082500002F03CFD23780990082B13D8DFE803F0E7
:108260001F3245586B7E91A40500594BD3F8E0208E
:1082700042F48072C3F8E020D3F8E03003F4807356
:108280000893089B09A9284602F0D0FD0FB030BD25
:108290000B93D6E70A93CDE711230A93CAE74C4B19
:1082A00009A92846D3F8E02042F00102C3F8E020F3
:1082B000D3F8E03003F001030093009B02F0B6FD19
:1082C0000FB030BD424B09A92846D3F8E02042F058
:1082D0000202C3F8E020D3F8E03003F00203019378
:1082E000019B02F0A3FD0FB030BD394B09A9284610
:1082F000D3F8E02042F00402C3F8E020D3F8E030E5
:1083000003F004030293029B02F090FD0FB030BD16
:108310002F4B09A92846D3F8E02042F00802C3F801
:10832000E020D3F8E03003F008030393039B02F04E
:108330007DFD0FB030BD264B09A92846D3F8E020BB
:1083400042F01002C3F8E020D3F8E03003F010034D
:108350000493049B02F06AFD0FB030BD1C4B09A9C9
:108360002846D3F8E02042F02002C3F8E020D3F8FA
:10837000E03003F020030593059B02F057FD0FB09A
:1083800030BD134B09A92846D3F8E02042F0400243
:10839000C3F8E020D3F8E03003F040030693069BD7
:1083A00002F044FD0FB030BD094B09A92846D3F8AF
:1083B000E02042F08002C3F8E020D3F8E03003F080
:1083C00080030793079B02F031FD0FB030BD00BF63
:1083D0000044025870B506460D4602F06FFC044694
:1083E000304602F073FC2A1E0146204618BF0122C7
:1083F000BDE8704002F028BF0023122270B586B09D
:10840000CDE9022304930368032B01D804230593C9
:10841000061D841D304602F051FC0546304602F030
:1084200055FC034601A92846019302F0FFFC2046B3
:1084300002F044FC034620461C4602F047FC01A91A
:1084400003462046019302F0F1FC06B070BD00BF68
:10845000634A0368934210B58CB028D0614A9342B6
:1084600058D0614A934200F09480604A934201D010
:108470000CB010BD5E4C5F48D4F8E03043F002030E
:10848000C4F8E030D4F8E03003F002030A930A9B0A
:10849000FFF7B2FFD4F8F43043F08003C4F8F430AF
:1084A000D4F8F43003F080030B930B9BE0E7504CBF
:1084B0005148D4F8E03043F00203C4F8E030D4F877
:1084C000E03003F002030193019BFFF795FFD4F81E
:1084D000E83000221F2043F400131146C4F8E830AE
:1084E000D4F8E83003F400130293029BD4F8D83098
:1084F00043F00103C4F8D830D4F8D83003F00103B6
:108500000393039BFBF734F91F200CB0BDE8104028
:10851000FBF76CB9364C3948D4F8E03043F08003AF
:10852000C4F8E030D4F8E03003F080030493049BF7
:10853000D4F8E03043F00203C4F8E030D4F8E0307F
:1085400003F002030593059BFFF756FFD4F8E830CC
:108550000022212043F480031146C4F8E830D4F807
:10856000E83003F480030693069BD4F8D83043F038
:108570000103C4F8D830D4F8D83003F001030793CE
:10858000079BFBF7F5F821200CB0BDE81040FBF786
:108590002DB91B48FFF730FF154B00224820D3F8B8
:1085A000E840114644F40004C3F8E840D3F8E8403A
:1085B00004F400040894089CD3F8D84044F0010463
:1085C000C3F8D840D3F8D83003F001030993099BCE
:1085D000FBF7CEF848200CB0BDE81040FBF706B919
:1085E0000054004000580040005C0040001C00584F
:1085F00000440258A0FB002418F90024F0F90024DC
:10860000C8FA00242DE9F0431A4B87B000254FF03B
:1086100010099E46EC46184BFF22E04667461A704A
:108620000EF118060EF13004CDE90055CDE90255E2
:10863000ADF80090BCE80F00CDE90455AEE80F009E
:108640009CE803000095ADF800908EE80300B8E8C0
:108650000F000FC69CE803000095ADF8009086E877
:1086600003000FCF0FC49CE8030084E8030007B0A9
:10867000BDE8F0830C00002414F9002410B5EFF3DA
:10868000108472B6084B1A78120602D504B962B685
:1086900010BD1B78D82205485BB202FB03001430E2
:1086A000FBF790FDF2E700BF14F9002418F900244D
:1086B000014803F061BC00BFA4F90024014803F0A5
:1086C0005BBC00BF7CFA0024014803F055BC00BF2E
:1086D00054FB00242DE9F0430F68D8243F4D85B0AA
:1086E00007FB04F4032F05EB0403036040DCCB68B5
:1086F0000E46012B3CD84DD04FF0D808B646DFF8D7
:10870000FC9008FB0758BEE80F00C446ACE80F0019
:10871000DEF800300DF1100ECCF80030D8F808C0AB
:1087200099E80F000EE90F000EEB8703BCF1010F73
:1087300053F8103CC8F88C3031D0BCF1020F42D055
:10874000BCF1000F35D0317C8C34D82300220120BD
:108750002C4403FB07534900C3E92602C3F89410D5
:108760002046C3E92822C3E92A2203F0F7F918B109
:10877000012005B0BDE8F0830146204603F008FC67
:108780000028F5D10146204603F02CFC003818BF24
:108790000120EEE70B7C103B672BADD9E8E702F038
:1087A00007F90F4B98420CBF0E4B0F4BC8F8903097
:1087B000C9E702F0FDF80A4B98420CBF0B4B0C4B7B
:1087C000C8F89030BFE702F0F3F8054B98420CBFB1
:1087D000084B094BC8F89030B5E700BF18F90024E2
:1087E000000E27072D0FB0303211D0205F4390606C
:1087F0008A62E030200BA0101A098010043B0108A7
:108800002DE9F041D0F8008082B00D4617461E4693
:1088100008F18C04204603F0B7FB2028FAD1D8F8E1
:108820000C3073B96D002046089C33463A46A9B215
:10883000009403F0E9F9003818BF012002B0BDE848
:10884000F081089B32463946204603F0B1FAF2E740
:10885000044B10221A7483F8E82083F8C02183F8AF
:108860009822704718F9002430B5002395B04FF4D2
:108870008071062204460B9306921393CDE90C13E4
:10888000CDE90E33CDE9113302F094F807282BD04F
:1088900004F1100541F2883206A9284604F0B4F923
:1088A00028B10123184684F85C3015B030BD02228F
:1088B000022306A92846CDE9002310220123CDE991
:1088C000022300224FF48003CDE9042305224FF058
:1088D000807306926A460F9341F2883304F000FBDE
:1088E0000028DED115B030BD0323012084F85C30B0
:1088F00015B030BD0000000070B50023A4B04FF0EB
:1089000080724FF480750446ADF806300D93CDE9C2
:1089100010320122CDE90E53CDE91223CDE91433F3
:10892000002943D0F02300F1100508AEADF8063061
:10893000C02341F2883231462846089304F064F996
:1089400028B10123184684F85C3024B070BD41F290
:1089500088320DF10601284604F0C0F903460028CC
:10896000EFD105224FF480711E93284616924FF0E6
:1089700080721B9321931F9202AA9FED1F7BCDE96A
:108980001C13CDE922338DED027B9FED1D7B41F25F
:10899000883316A98DED047B9FED1B7B8DED067B47
:1089A00004F09EFA0028CCD124B070BD00F110056F
:1089B00008AE612341F2883231462846089304F01C
:1089C00023F90028BDD141F288320DF10601284675
:1089D00004F002FA0028B4D1BDF80630204623F096
:1089E000780343F04003ADF80630FFF73DFF002861
:1089F0009ED0A6E7AFF30080000000000100000059
:108A00001000000001000000000000000000400015
:108A10002DE9F04F00234FF4807501264FF0807848
:108A200004462DED028BABB08DF8073013932193E4
:108A3000299314950E96CDF85C80CDE91533CDE9D8
:108A40001863CDE91A33CDE92253CDE92433CDE9BA
:108A5000273306231C9301F0ADFF072808D004F14B
:108A6000100741F288321CA9384604F0CDF840B115
:108A70000123184684F85C302BB0BDEC028BBDE8B6
:108A8000F08F4FF0020A4FF0020B4FF0050941F250
:108A9000883308AA1CA93846CDF89480CDF8709088
:108AA0009FED2D8BCDE908AB4FF0000A4FF4800B02
:108AB0008DED0A8BCDE90CAB04F012FA0028D7D16A
:108AC00041F2883238460EA904F09EF80028CFD132
:108AD000402341F288320DF1070138468DF8073006
:108AE00004F0FCF80028C3D141F288330EA902AA91
:108AF0003846CDF83890CDF85C809FED197B8DED30
:108B0000048BCDE906AB8DED027B04F0E9F9034659
:108B10000028ADD1CDF870904FF00109CDF89480C8
:108B20004FF00008219308AA29931CA938462295E2
:108B3000CDE92333CDE9273341F288338DED0A8B1C
:108B4000CDE90CABCDE9088904F0CAF9002893D02F
:108B5000304684F85C608FE71000000001000000E0
:108B600040000000400000002DE9F043624CA3B03B
:108B70000D46046001F01EFF072800F0A980286858
:108B800023466968AA6807C31E46AB8926F8043BDA
:108B90003046257B677B04F019F8E0B9574B012D6F
:108BA0004FF00108E061236114BF4FF480134FF4CC
:108BB0000003C4E9058893FAA3F3B3FA83F34FF4EF
:108BC0008079013BC4F82490C4E90B00304623624D
:108BD00003F090FF38B10122134684F85C20184658
:108BE00023B0BDE8F08366230B90139041F28832E6
:108BF00006A90693CDE90C90CDE90E00CDE9110050
:108C0000304604F001F80028E5D1992341F288327A
:108C100006A93046069303F0F7FF0028DBD10523B1
:108C20001C9019906A4614934FF08073219014A9F8
:108C30001D9341F288339FED2A7BCDE91A90CDE94F
:108C40001F008DED007B9FED287B30468DED027B74
:108C50009FED277B8DED047B04F042F90028BAD10B
:108C600029462046FFF748FE0028B4D12046FFF7EA
:108C7000CFFE03460028AED1002FB0D11893304666
:108C80000027002606AA14A9CDF86890CDE91F3365
:108C9000EB2314934FF440631B934FF4005317934B
:108CA0004FF440431C93A0231693062319934FF0CF
:108CB000805321934FF04073CDE906671D9304F074
:108CC00087F9034600288AD0434684F85C8086E70B
:108CD00001230322184684F85C2023B0BDE8F0830A
:108CE0000000000001000000100000000100000072
:108CF000000000000000400078FC002400500052FA
:108D00002DE9F04F8FB0414B0024026800AF9A422A
:108D10007C63C7E90944C7E90B4403D03C37BD462F
:108D2000BDE8F08F3A4B40F609213A48EB46D3F8BC
:108D3000D42007F11C0607F1220A4FF0020942F481
:108D400080424FF00308C3F8D420D3F8D42002F4B3
:108D50008042BA60BA68D3F8E02042F04002C3F81B
:108D6000E020D3F8E02002F04002FA60FA68D3F87D
:108D7000E02042F02002C3F8E020D3F8E02002F027
:108D800020023A613A69D3F8E02042F01002C3F8B9
:108D9000E020D3F8E02002F010027A617A69D3F87B
:108DA000E02042F00202C3F8E020D3F8E030F8619E
:108DB00003F002033984BB61174B7B60BB697B689E
:108DC00053F8040F7B6001F079FF7B680546186853
:108DD00001F07CFF16F8013B786207F12401284678
:108DE000C7F830807B63C7E90A9402F01FF8564544
:108DF000E5D100225C201146FAF7BAFC5C20FAF7B4
:108E0000F5FC3C37DD46BD46BDE8F08F0050005212
:108E1000004402580A0A0909D4FC0024114B0268D4
:108E20009A4200D07047104A70B5D2F8D4300F4C37
:108E300023F4804304F11806C2F8D43054F8040F28
:108E400001F03CFF0546206801F040FF014628463E
:108E500002F02CF9B442F1D15C20BDE87040FAF781
:108E6000D3BC00BF0050005200440258D4FC002480
:108E7000014804F039B900BF88FC0024084B1A1DD2
:108E8000981D03F1080110B49C1C9A6603F10A02B4
:108E9000C3E91834C3E91B015DF8044B5A677047F6
:108EA00078FC002438B5036871B9026A00F128051E
:108EB00000F5AC74012A0CBF002140218BBB1D4B77
:108EC0005722C0F858310DE0426A00F1C00500F5A4
:108ED000E874012A0CBF00214021EBB1164B5A2245
:108EE000C0F8D03100232046C4E901214FF480525C
:108EF0004FF48061636262614FF48042C4E90331E0
:108F00004FF48073C4E906234FF400332362FAF769
:108F1000E1FD58B1FFBEFEE7084B5822C0F8D03142
:108F2000E0E7074B5922C0F85831DBE7C5E9204498
:108F3000A56338BD100002407000024028000240C6
:108F4000580002402DE9F043821D05468BB0031DF9
:108F500005F10A010830CDE9052305F10C02AB69E2
:108F6000CDE907010992002B3DD0EB69B3FA83F8F4
:108F70004FEA58180123022205AE0AAF4FF0060946
:108F80000393CDE9012356F8044B2B7922789342C1
:108F900016D02B68F3B1012B02D1F2B10A2304934E
:108FA000204601F093FE03462046009301F086FE22
:108FB000694601F03BFFBE42E5D10BB0BDE8F0834E
:108FC000697963789942E4D1B8F1000FF3D02B6846
:108FD000002BE0D1CDF81090E2E76378022B14BFAC
:108FE0000A230823DBE74FF00108C3E7534A03686D
:108FF000934230B505468BB055D02032934252D0C3
:109000004F4A934204D02032934201D00BB030BD7E
:109010004C4C4D48D4F8E03043F00103C4F8E03044
:10902000D4F8E03003F001030593059BD4F8E03059
:1090300043F00803C4F8E030D4F8E03003F008034C
:109040000693069BD4F8E03043F04003C4F8E030C8
:10905000D4F8E03003F040030793079BD4F8F030D6
:1090600043F40003C4F8F030D4F8F03003F4000304
:109070000893089BFFF766FFD4F8D830296843F0BF
:1090800001032F4A3048C4F8D830891AD4F8D830B0
:1090900018BF012103F001030993099B0BB0BDE840
:1090A0003040FFF7FFBE274C2848D4F8E03043F0AB
:1090B0000103C4F8E030D4F8E03003F0010300937A
:1090C000009BD4F8E03043F01003C4F8E030D4F84B
:1090D000E03003F010030193019BD4F8E03043F03B
:1090E0004003C4F8E030D4F8E03003F040030293CA
:1090F000029BD4F8F03043F48003C4F8F030D4F885
:10910000F03003F480030393039BFFF71BFFD4F8B5
:10911000D830296843F00103084A0C48C4F8D83015
:10912000891AD4F8D83018BF012103F00103049341
:10913000049B0BB0BDE83040FFF7B4BE04580140BB
:10914000045C0140004402584CFF0024F0FC002461
:109150000148FBF737B800BF48FE00240148FBF781
:1091600031B800BFC0FE00240148FBF72BB800BF98
:10917000A40001240148FBF725B800BF1C0101240D
:109180001A4A0368934210B40BD02032934208D09D
:10919000174A934216D02032934213D05DF8044B05
:1091A0007047144B0022D3F85442C3F85822002CC5
:1091B000F4D0D3F84802D3E9931223465DF8044B68
:1091C000520818470B4B0022D3F8B044C3F8B4241C
:1091D000002CE3D0D3F8AC24D3F8A814D3F8A4041B
:1091E000520823465DF8044B184700BF045801405D
:1091F000045C0140F0FC0024184A0368934210B458
:109200000BD02032934208D0154A934217D0203217
:10921000934214D05DF8044B7047124BD3E9942469
:109220005208C3F85822002CF4D0D3E99201234607
:1092300001EB820100EB82005DF8044B1847094BFB
:10924000D3F8AC24D3F8B0445208C3F8B424002CAB
:10925000E0D0D3F8A814D3F8A404E8E704580140F8
:10926000045C0140F0FC00242DE9F04F0C684FF441
:109270001776754F87B004FB06F6012C07EB060A3C
:10928000C0F800A000F3A0800D468E464FF0000805
:10929000D44669A3D3E9002369A1D1E90001CDE94E
:1092A000022306ABCAF8508203EB8403CDE9040124
:1092B00053F810BC53F8083CCAE992880193BEE801
:1092C0000F00ACE80F00BEE80F00ACE80F00019BF8
:1092D0009EE80300CAF828B0CAF8C0308CE8030042
:1092E0002B69042B0CD8DFE803F0737D8791030012
:1092F0004FF41773554A03FB04739A64C3F8E020D4
:10930000AA692B6A002A43D0002B4FF4177308BFB9
:10931000022203FB047318BF0322DA6201221A63DC
:10932000EA696B6A002A40D1191E4FF4177318BFFF
:10933000012103FB0473C3E931126B69022B05D8C9
:10934000434A12F80380434A52F823904FF41773AC
:1093500006F128004246494603FB047400233844C2
:1093600063646363E365C4F8DC30C4F8CC30C4F8EC
:10937000F430C4E90F33C4E91533C4E93533C4E923
:109380003B33022304F05CF9002849D0FFBEFEE71E
:10939000191E4FF4177318BF012103FB0473C3E9AF
:1093A0000B12EA696B6A002ABED0002B4FF41773C8
:1093B00008BF022203FB047318BF0322C3F8C420B2
:1093C0000122C3F8C820B8E7012007B0BDE8F08F3C
:1093D0004FF417734FF4FA5203FB04739A64C3F803
:1093E000E0208DE74FF417734FF47A5203FB0473B8
:1093F0009A64C3F8E02083E74FF417734FF4FA42FE
:1094000003FB04739A64C3F8E02079E74FF4177301
:109410004BF6803203FB04739A64C3F8E0206FE7D5
:1094200006F1C000022342464946384404F008F9D8
:109430000028CAD0FFBEFEE704580140045C01408A
:1094400024580140245C0140F0FC00240077010016
:10945000983C01089C3C01080068704770B504689E
:1094600082B015460E46C4F85032C4E99212069AEC
:10947000C4F85422A269012A26D0626A012A9AB24B
:1094800011D0294604F1C000019204F095F9236A35
:10949000019A012B10D0294604F1280004F08CF920
:1094A000002002B070BD04F1C000019204F016FA71
:1094B000236A019A012BEED1314604F1280004F011
:1094C0000DFA002002B070BD226A012A9AB211D0B2
:1094D000294604F12800019204F06EF9636A019AAA
:1094E000012B10D0294604F1C00004F065F90020DA
:1094F00002B070BD04F12800019204F0EFF9636A34
:10950000019A012BEED1314604F1C00004F0E6F9D6
:10951000002002B070BD00BF03681B69042B05D892
:10952000044A02EB830393ED000A70479FED020AA1
:10953000704700BFA83C010800803B470368D3F890
:10954000580270471F4BC1680268F0B5D3F88C50C1
:1095500083B00369ADB24D1BA2B1AB4212D0044639
:10956000866811D2F018E91ACDE9001000F0BEFFAC
:109570000023DDE90010D4E90062B047E36825610B
:10958000AB421BD003B0F0BDF018C91ACDE9000101
:1095900000F0ACFF0023DDE90001D4E90072B84718
:1095A0003046294600F0A2FF002330466268294673
:1095B0002668B047E3682561AB42E3D1002323610D
:1095C00003B0F0BD000002402DE9F84F04460F46FD
:1095D00090461E4600F13405284604F09BFD2028E5
:1095E000FAD14FF480630020C4F8D030C4F8483179
:1095F0004FF44033C4F8CC00C4F8E030C4F858311C
:109600004E4BC4F8DC00C4F8C03003F57A73C4F8DC
:10961000E400C4F838314023C4F8C800C4F840312D
:10962000E369C4F84401C4F85401C4F85C01C4E916
:109630003500C4E95300072B0BD8DFE803F0615372
:109640005A373E454C045123C4F8C4305223C4F861
:109650003C3104F59C794846FAF73CFA08B1FFBE64
:10966000FEE7C4F8A890C4F87051EFF3108972B601
:10967000DFF8D0B094F91C30DFF8CCA08BF80030C4
:109680000A9B2F4CCAF800300B9B23600EB1184682
:10969000B0471FFA88F23946284604F025FBB0BBD4
:1096A000B9F1000F00D162B6BDE8F88F3F23C4F8CE
:1096B000C4304023C4F83C31CBE74123C4F8C43064
:1096C0004223C4F83C31C4E74723C4F8C4304823DC
:1096D000C4F83C31BDE74F23C4F8C4305023C4F86C
:1096E0003C31B6E72B23C4F8C4302C23C4F83C31FA
:1096F000AFE72D23C4F8C4302E23C4F83C31A8E7CB
:109700002923C4F8C4302A23C4F83C31A1E7FF233D
:109710008BF800300023CAF8003023600A9B3BB16D
:109720000B98012198470120B9F1000FBCD1BAE78D
:109730000120B9F1000FB7D1B5E700BF88000240A2
:10974000E0100124DC100124D81001242DE9F84F89
:1097500004460F4690461E4600F13405284604F0A4
:10976000D9FC2028FAD14FF480630020C4F8D0300F
:10977000C4F848314FF44033C4F8CC00C4F8E030AA
:10978000C4F858314E4BC4F8DC00C4F8C03003F5BF
:109790007A73C4F8E400C4F838314023C4F8C80030
:1097A000C4F84031E369C4F84401C4F85401C4F872
:1097B0005C01C4E93500C4E95300072B0BD8DFE88E
:1097C00003F061535A373E454C045123C4F8C4306A
:1097D0005223C4F83C3104F1C0094846FAF77AF93B
:1097E00008B1FFBEFEE7C4F8AC90C4F8F850EFF340
:1097F000108972B6DFF8D0B094F91C30DFF8CCA035
:109800008BF800300A9B2F4CCAF800300B9B23606A
:109810000EB11846B0471FFA88F23946284604F0C0
:10982000B5FAB0BBB9F1000F00D162B6BDE8F88F50
:109830003F23C4F8C4304023C4F83C31CBE7412374
:10984000C4F8C4304223C4F83C31C4E74723C4F809
:10985000C4304823C4F83C31BDE74F23C4F8C430BA
:109860005023C4F83C31B6E72B23C4F8C4302C2372
:10987000C4F83C31AFE72D23C4F8C4302E23C4F81C
:109880003C31A8E72923C4F8C4302A23C4F83C316A
:10989000A1E7FF238BF800300023CAF800302360D3
:1098A0000A9B3BB10B98012198470120B9F1000FA9
:1098B000BCD1BAE70120B9F1000FB7D1B5E700BFBD
:1098C00088000240E0100124DC100124D81001249B
:1098D0002DE9F0410D4682B0EFF3108772B60029F2
:1098E00048D1FF23254A264C237013682BB1002052
:1098F00029461060234A1068984723781B0625D50F
:10990000DFF888800025204E444605E001351C34F0
:1099100006F5D876092D19D0A369012B1BD0002B91
:10992000F4D1216830460029F0D06369019323699E
:109930000093E3682289FFF709FF0028E6D1C5EB11
:10994000C50508EB850348F82500586007B962B6DD
:1099500002B0BDE8F08161680029D7D06369304664
:10996000019323690093E3682289FFF72DFE002805
:10997000CCD1E4E705F0CAFEB3E700BFD81001245C
:10998000DC100124E0100124A8010124540000246B
:10999000F0B5002387B0022204460493CDE90223E8
:1099A000027EC3690B2A4FEA430523D1A27E0B2A0C
:1099B00002D1002007B0F0BD48496B1C484851F85F
:1099C0002330457801781878E67E884269D0824253
:1099D00077D0D87803F1030C81426ED0824278D0E0
:1099E000987903F1060C88426FD0824233D001206F
:1099F00007B0F0BD394B3A4853F825300178467826
:109A0000187894F819C081423DD0824241D0D8786C
:109A100003F1030E814240D082424AD0987903F18B
:109A2000060E884241D08242E1D1DB796345DED126
:109A3000734604F118069B783046059301F03EF911
:109A4000034630461E4601F041F901A90190304617
:109A500001F0ECF9AAE7DB79B342C8D163461A34C6
:109A60009B782046059301F029F9034620461C46C1
:109A700001F02CF9034601A92046019301F0D6F923
:109A8000002007B0F0BD93F801E0B645BFD0824298
:109A9000BDD158786045BAD1CBE71F79B742BBD169
:109AA000BCE75F78AF4292D193E7D979B142BAD19E
:109AB0009DE718796045B1D1BAE71F79AF428DD1E2
:109AC0008EE75878B04284D1C9E7D979A9428CD1C0
:109AD0008DE71879B04283D1C0E700BF6C01002444
:109AE000680100247E4A03689342F0B58FB000F00D
:109AF000E380A2F54C42934200F0E08002F58062E0
:109B0000934200F0DD8002F58062934200F0DA803B
:109B100002F58062934200F0D98002F544429342FC
:109B200000F0D280A2F51C42934200F0D18002F5F1
:109B30008062934200F0CE806A4A934240F0CC802B
:109B40000826694D4FF4D87404FB0654A07E01F03A
:109B5000C5F8207E01F0C2F8E369082B13D8DFE8CE
:109B600003F03B49576573818F9D05005F4BD3F828
:109B7000F42042F00802C3F8F420D3F8F43003F0E4
:109B800008030893089B2046FFF702FF012801D134
:109B9000FFBEFEE74FF4D8740EAA554F0DF1240C0A
:109BA00004FB0654E36902EB43050FCFACE80F005A
:109BB0003B680022ACF80030114635F9140CF9F777
:109BC000D7FDE3690EAA02EB430333F9140C0FB07F
:109BD000BDE8F040F9F70ABE444BD3F8F02042F05C
:109BE0001002C3F8F020D3F8F03003F01003009314
:109BF000009BC8E73D4BD3F8E82042F40032C3F89D
:109C0000E820D3F8E83003F400330193019BBAE76E
:109C1000364BD3F8E82042F48022C3F8E820D3F88A
:109C2000E83003F480230293029BACE72F4BD3F878
:109C3000E82042F40022C3F8E820D3F8E83003F427
:109C400000230393039B9EE7284BD3F8E82042F4BC
:109C50008012C3F8E820D3F8E83003F480130493AB
:109C6000049B90E7214BD3F8F02042F02002C3F888
:109C7000F020D3F8F03003F020030593059B82E732
:109C80001A4BD3F8E82042F08042C3F8E820D3F81A
:109C9000E83003F080430693069B74E7134BD3F838
:109CA000E82042F00042C3F8E820D3F8E83003F09F
:109CB00000430793079B66E7002642E7012640E73B
:109CC00002263EE703263CE705263AE7042638E766
:109CD000062636E7072634E700239B7EFFDE00BF1B
:109CE00000100140000C0058A80101240044025853
:109CF000143B01082DE9F04F91B0002301223F49A8
:109D00000DF1240A09938B4601F11C09CAF814309D
:109D100001F13808CDF800A001F15407CDF804A0F6
:109D200001F17006CDF808A001F18C05CDF80CA06A
:109D300001F1A804CDF810A001F1C40ECDF814A0D3
:109D400001F1E00CCAE90133CAE903330F92FF22A3
:109D50002B4BCDE906AA1A70BAE80F00ABE80F004A
:109D60009AE80700009B8BE807009B46BBE80F00C2
:109D7000A9E80F009AE80700019B89E807009946C7
:109D8000B9E80F00A8E80F009AE80700029B88E8EE
:109D900007009846B8E80F000FC79AE80700039B32
:109DA00087E807001F460FCF0FC69AE80700049BFD
:109DB00086E807001E460FCE0FC59AE80700059BF0
:109DC00085E807001D460FCD0FC49AE80700069BE3
:109DD00084E807001C460FCCAEE80F00079B9AE80A
:109DE00007001C468EE807000FCCACE80F009AE88D
:109DF00007008CE8070011B0BDE8F08F5400002484
:109E0000DC10012410B5094C04F1340004F090F882
:109E1000237D1BB1636BDB69DB0600D410BD2046DC
:109E2000FFF790FB636B10221A6210BDA80101249A
:109E300010B50B4C04F5F27004F07AF894F8C431C4
:109E400023B1D4F8E431DB69DB0600D410BD04F59E
:109E5000D870FFF777FBD4F8E43110221A6210BDF6
:109E6000A801012410B50B4C04F5657004F060F8EE
:109E700094F8743323B1D4F89433DB69DB0600D44F
:109E800010BD04F55870FFF75DFBD4F89433102231
:109E90001A6210BDA801012410B50B4C04F2445005
:109EA00004F046F894F8243523B1D4F84435DB693E
:109EB000DB0600D410BD04F5A260FFF743FBD4F825
:109EC000443510221A6210BDA801012410B50B4CB4
:109ED00004F2F46004F02CF894F8D43623B1D4F8EA
:109EE000F436DB69DB0600D410BD04F5D860FFF75B
:109EF00029FBD4F8F43610221A6210BDA8010124FF
:109F000010B50B4C04F6A40004F012F894F8843851
:109F100023B1D4F8A438DB69DB0600D410BD04F506
:109F20000760FFF70FFBD4F8A43810221A6210BDA7
:109F3000A801012410B50B4C04F6542003F0F8FFDF
:109F400094F8343A23B1D4F8543ADB69DB0600D4F0
:109F500010BD04F52260FFF7F5FAD4F8543A102248
:109F60001A6210BDA801012410B50B4C04F6044080
:109F700003F0DEFF94F8E43B23B1D4F8043CDB6942
:109F8000DB0600D410BD04F53D60FFF7DBFAD4F822
:109F9000043C10221A6210BDA801012410B50B4C1C
:109FA00004F6B45003F0C4FF94F8943D23B1D4F800
:109FB000B43DDB69DB0600D410BD04F55860FFF743
:109FC000C1FAD4F8B43D10221A6210BDA8010124D0
:109FD00010B5EFF3108472B6084B1A78120602D54A
:109FE00004B962B610BD1B784FF4D87204485BB256
:109FF00002FB0300C030FAF7E5F8F1E7DC100124BA
:10A00000A801012410B5EFF3108472B6094B1A7839
:10A01000120602D504B962B610BD1B784FF4D8728F
:10A0200005485BB202FB030000F59C70FAF7CAF822
:10A03000F0E700BFDC100124A80101240021FFF794
:10A0400047BC00BF214A036893422BD0A2F54C4283
:10A05000934229D002F58062934227D002F58062B4
:10A06000934225D002F58062934223D002F5444208
:10A07000934221D0A2F51C4293421FD002F5806288
:10A0800093421DD0124A93421CD108224FF4D8713A
:10A09000104B01FB0233197D11B11846FFF752BA7C
:10A0A000FFF716BC0022F1E70122EFE70222EDE7FD
:10A0B0000322EBE70422E9E70522E7E70622E5E7CA
:10A0C0000722E3E700231B7DFFDE00BF00100140F5
:10A0D000000C0058A8010124204A0368934229D0AB
:10A0E000A2F54C42934227D002F58062934225D0DC
:10A0F00002F58062934223D002F58062934221D020
:10A1000002F5444293421FD0A2F51C4293421DD057
:10A1100002F5806293421BD0114A93421AD1082360
:10A1200010484FF4D87202FB0300037D03B9704757
:10A13000FFF708BA0023F3E70123F1E70223EFE773
:10A140000323EDE70423EBE70523E9E70623E7E72D
:10A150000723E5E700231B7DFFDE00BF0010014061
:10A16000000C0058A80101240121FFF7B1BB00BF7A
:10A170002DE9F0414F684FF4D876DFF8C0808E4665
:10A1800007FB06F60C46082F08EB0605056005F1EF
:10A19000180CBEE80F00ACE80F009EE807008CE842
:10A1A000070002D86B6A022B02D90120BDE8F081BA
:10A1B0002A6A032AF9D8A96A0229F6D8E86A022885
:10A1C000F3D80131DFF878C0343689005CF82770A5
:10A1D00046446F63A469A9641549AC6351F8233000
:10A1E0006B64144B53F82230134A2B64002352F84B
:10A1F000201001223046EB65E963C5E91333C5E958
:10A20000153205F083FA0028CFD10146304605F01B
:10A21000D5FA0028C9D10146304605F01DFB0028BB
:10A22000C3D1304605F0ACFA0028BED12875BDE791
:10A23000E03C0108EC3C0108FC3C0108A8010124B9
:10A24000BC3C0108006892B208B5343003F0BCFC95
:10A25000003818BF012008BD534B0122002047F6EB
:10A26000122130B4C3E97420C3E97721C3E9E020A7
:10A27000C3E9E3211A62DA6258621963C3F8302530
:10A28000C3F83405C3F83C25C3F84015C3F8E026ED
:10A29000C3F8E406C3F8EC26C3F8F016C3F8902818
:10A2A000C3F89408C3F89C28C3F8A018C3F8402A40
:10A2B000C3F8440AC3F84C2AC3F8501AC3F8F02B69
:10A2C000C3F8F40BC3F8FC2BC3F8001CC3F8A40DAF
:10A2D0003648C3F8A02DC3F8AC2DC3F8B01D0288D2
:10A2E000837833490068334CCA804FEA104C0B72B4
:10A2F0003149E2802372A1F80320A4F8032063719E
:10A300004B712E4CCA800B722D492E4DE280237268
:10A31000A1F80320A4F8032063714B712A4CCA8072
:10A320000B722A49EA8008802B7281F802C0E28011
:10A330002372A1F803204B71CA800B722449A1F843
:10A3400003204B71CA800B722249A1F803204B7184
:10A35000CA800B722049088081F802C0A1F803204E
:10A360004B71CA800B721D49088081F802C0A1F8A8
:10A3700003204B71CA800B721949088081F802C012
:10A380001848A1F803204B71CA800B721649A0F837
:10A3900003204371C2800372A1F803204B71CA806D
:10A3A0000B7230BC704700BFA80101246801002473
:10A3B000F001002414020024080200242C020024CE
:10A3C00020020024FC010024D801002408110124EB
:10A3D00038020024E4010024E4100124FC100124CC
:10A3E000F01001245C010024500100243E4B0022A7
:10A3F0000B20114610B5D3F8D84082B044F00104C8
:10A40000C3F8D840D3F8D84004F001040094009C6D
:10A41000D3F8D84044F00204C3F8D840D3F8D83079
:10A4200003F002030193019BF9F7A2F90B20F9F75E
:10A43000DDF900220C201146F9F79AF90C20F9F702
:10A44000D5F900220D201146F9F792F90D20F9F700
:10A45000CDF900220E201146F9F78AF90E20F9F7FE
:10A46000C5F900220F201146F9F782F90F20F9F7FC
:10A47000BDF9002210201146F9F77AF91020F9F7FA
:10A48000B5F900223C201146F9F772F93C20F9F7A2
:10A49000ADF9002211201146F9F76AF91120F9F7F8
:10A4A000A5F9002238201146F9F762F93820F9F7AA
:10A4B0009DF9002239201146F9F75AF93920F9F7A8
:10A4C00095F900223A201146F9F752F93A20F9F7A6
:10A4D0008DF900223B201146F9F74AF93B2002B0E2
:10A4E000BDE81040F9F782B90044025820F01F007F
:10A4F0002031BFF34F8F002907DD064A0144C2F81F
:10A500005C0220300B1A002BF9DCBFF34F8FBFF336
:10A510006F8F704700ED00E0704700BF08B5F8F797
:10A5200061F9BDE80840F9F7EBB900BF064808B586
:10A5300003680BB100F08CFE044803681BB1BDE852
:10A54000084001F07BBD08BD20150124181101242D
:10A55000064808B503680BB100F07AFE04480368AA
:10A560001BB1BDE8084001F069BD08BD20150124FC
:10A5700018110124064808B503680BB100F068FE05
:10A58000044803681BB1BDE8084001F057BD08BD91
:10A590002015012418110124364BDA6A520062D5C5
:10A5A0009A6A9A6A9A6A9B6A180600D500BE314B6D
:10A5B0009B6A990600D500BE2E4B9B6ADA0600D531
:10A5C00000BE2C4B9B6A1B0700D500BE294B9B6A23
:10A5D000980700D500BE274B9B6AD90700D500BE5F
:10A5E000244B9B6A1A0400D500BE224B9B6A9B0435
:10A5F00000D500BE1F4B9B6AD80400D500BE1D4B82
:10A600009B6A190500D500BE1A4B9B6A5A0500D5F6
:10A6100000BE184B9B6A9B0500D500BE154B9B6A7C
:10A62000D80500D500BE134B9B6A990100D500BE2A
:10A63000104B9B6ADA0100D500BE0E4B9B6A1B03D0
:10A6400000D500BE0B4B9B6A580300D500BE094BDA
:10A650009B6A990300D500BE064B9B6ADA0306D4B9
:10A6600000BE00BEFEE7DB6A9B07FAD5F8E700BE36
:10A67000F6E700BF00ED00E0F8F7C0B8F8F7C4B89F
:10A680000A4B9B6803F17843B3F5003F0BD3084BAB
:10A69000986848B19868012806D09868022803D0C5
:10A6A0009B68032070470120704700BF00ED00E069
:10A6B000000080382DE9F041CEB004464C22002144
:10A6C0000AA808F0ADFD2022002102A808F0A8FD8C
:10A6D000BC2200211EA808F0A3FD022002F022F9EE
:10A6E0002368012B4FF0000354D0534A02250193F5
:10A6F000C820D16A514B21F00101D162D26A02F027
:10A70000010201929A6942F440429A619B6903F402
:10A7100040430193019B494A93699B04FCD54849F6
:10A720000224002201268B6A04274FF0080823F038
:10A73000030323438B62052316900AA818934FF452
:10A7400080331096179419941597CDF86880CDE949
:10A750001B222122CDE91344CDE90A23FAF784F81C
:10A7600000B1FEE73F220323294602A8CDE90223D8
:10A7700000220823CDE9042340224023CDE906230B
:10A7800040234FF48062CDE90823FAF79BFB034690
:10A79000B8B1FEE7294A04250093F0209169264BC1
:10A7A00041F440419161926902F440420092DA6AB8
:10A7B00042F00102DA62DB6A03F001030093009BBE
:10A7C000A9E720224FF4805125934FF440152B9296
:10A7D00080222D931EA83093269135914FF48071DD
:10A7E000249234920C223394439140F22711209208
:10A7F0001022CDF884802A971F96CDE92E34CDE91A
:10A800003B334FF48033CDE9224631930024469305
:10A810000623CDE93E4527934FF48063094C2C93E2
:10A820001E94CDE92812FAF7A9FD00B1FEE702F067
:10A830009FF84EB0BDE8F08100040058004802586F
:10A84000004402580F130F0370B584B00124F9F7C8
:10A8500005F84FF480764FF04052194B68460025BA
:10A86000ADF800400396CDE90123F9F715F8192258
:10A870004FF0404368468DF8082001938DF80F4053
:10A88000ADF80D608DF801408DF80A50F9F704F825
:10A8900002230B2268468DF80F508DF801304FF0DF
:10A8A00062538DF808200193ADF80D408DF80A40F1
:10A8B000F8F7F2FF0420F8F7DFFF04B070BD00BF27
:10A8C0000E00010330B50D46044685B0D1E9000104
:10A8D00084E80300F7F756FFAB79A3B3FFF786FDD3
:10A8E000FDF790FE06F0A4FEFFF704FA2B798BBB70
:10A8F0006B799BB1BFF34F8FBFF36F8F2A4B002251
:10A90000C3F85022BFF34F8FBFF36F8F5A6942F4E1
:10A9100000325A61BFF34F8FBFF36F8F4FF0FF329A
:10A920000023002400256946204802928DF80C304F
:10A93000CDE9004507F09CFA1C4807F001FB06F042
:10A94000A7FA05B030BD2046FFF7B4FE2046FFF75A
:10A950007BFFC3E7144C0023C4F88430BFF34F8F50
:10A96000D4F8801043F6E07EC1F34E3CC1F3C90138
:10A970004FEA4C1C0CEA0E000B4640EA8372013B86
:10A98000C4F860225A1CF8D1ACF1200C1CF1200F45
:10A99000F0D1BFF34F8F636943F480336361BFF33A
:10A9A0004F8FBFF36F8FA3E700ED00E01411012478
:10A9B000FAF7B8BB1C4B9B6803F17842B2F5003F35
:10A9C00025D3B3F5803F20D303F16042B2F5003FB9
:10A9D0001FD303F15C42B2F5002F1CD303F1704288
:10A9E000B2F5902F19D303F14842B2F5803F16D348
:10A9F00003F18042B2F1806F13D303F1E043B3F56A
:10AA0000000F2CBF0820072070470120704700204E
:10AA100070470220704703207047042070470520CC
:10AA200070470620704700BF00ED00E00348002398
:10AA3000034A0449036008F0E5BA00BF1411012479
:10AA40000000002419A5000810B4204C0022204B5F
:10AA500083B0D4F888101F4841F47001C4F88810FE
:10AA600019681D4C41F0010119601A61196808400C
:10AA70001A4918609A61DA611A629A62DA621A6394
:10AA80005A639A63DA631A645A64186820F480205F
:10AA900018601A66D3F8DC2042F06042C3F8DC206C
:10AAA000D3F8DC300193019B23681940B1F1005FBA
:10AAB00003D20B4B0122C3F80821044B4FF0006274
:10AAC0009A6003B05DF8044B704700BF00ED00E0F2
:10AAD000004402587FEDF6EA0010005C0000FFFF22
:10AAE0000080005100F57171D0F8040405F0B8BD84
:10AAF000C1EBC10300EB8303D0F80404D3F80822B0
:10AB000005F0DCBDC1EBC10300EB8303D0F8040406
:10AB10009A6C05F011BE00BFD0F8040405F0B0BE79
:10AB2000C16810B5044619B1022900D0FEE7012121
:10AB3000D4F8040405F08EFED4F80404BDE81040F7
:10AB400005F060BE10B50446D0F8040405F086FE9A
:10AB50002268D2F8003E43F00103C2F8003E236AA7
:10AB600023B1034A136943F00603136110BD00BF0C
:10AB700000ED00E0D0F8040405F07ABED0F804043B
:10AB800005F08EBED0F8040405F088BED0F80404A9
:10AB900005F088BED0F8040405F086BE9446D0F8CF
:10ABA00098021A4608B5634601F0ACFD032802D8A6
:10ABB000024B185C08BD022008BD00BF183D01080B
:10ABC000D0F8980208B501F02BFE032802D8024BFA
:10ABD000185C08BD022008BD183D0108D0F8980295
:10ABE00008B501F061FE032802D8024B185C08BDCD
:10ABF000022008BD183D01080A06D0F8983206D494
:10AC0000C1EBC10103EB810191F8FE01704701F036
:10AC10007F01C1EBC10103EB810191F83E00704758
:10AC2000D0F8980208B501F057FD032802D8024B6E
:10AC3000185C08BD022008BD183D0108D0F8980234
:10AC400008B501F0C5FD032802D8024B185C08BD09
:10AC5000022008BD183D0108D0F8980208B501F09F
:10AC60008FFD032802D8024B185C08BD022008BDE6
:10AC7000183D0108D0F8C00206F0C4B8D0F8C002F0
:10AC800006F0D8B8D0F8C00206F0E0B8704700BFB0
:10AC9000D0F8C00206F0C6B8D0F8C00206F0C6B8B8
:10ACA000D0F8D00308B500F093FE032802D8024B79
:10ACB000185C08BD022008BD1C3D0108024B02784B
:10ACC00053F82200704700BF403D0108024B427814
:10ACD00033F81200704700BF203D01088CB00A28ED
:10ACE00014D8DFE800F01523313F4D5B6977859379
:10ACF00006004D4BD3F8E02042F48062C3F8E02018
:10AD0000D3F8E03003F480630B930B9B0CB07047D7
:10AD1000454BD3F8E02042F00102C3F8E020D3F81D
:10AD2000E03003F001030193019BEFE73E4BD3F8C2
:10AD3000E02042F00202C3F8E020D3F8E03003F054
:10AD400002030293029BE1E7374BD3F8E02042F085
:10AD50000402C3F8E020D3F8E03003F004030393C7
:10AD6000039BD3E7304BD3F8E02042F00802C3F84E
:10AD7000E020D3F8E03003F008030493049BC5E718
:10AD8000294BD3F8E02042F01002C3F8E020D3F8BA
:10AD9000E03003F010030593059BB7E7224BD3F88F
:10ADA000E02042F02002C3F8E020D3F8E03003F0C6
:10ADB00020030693069BA9E71B4BD3F8E02042F043
:10ADC0004002C3F8E020D3F8E03003F040030793DB
:10ADD000079B9BE7144BD3F8E02042F08002C3F8B6
:10ADE000E020D3F8E03003F080030893089B8DE760
:10ADF0000D4BD3F8E02042F48072C3F8E020D3F882
:10AE0000E03003F480730993099B7FE7064BD3F886
:10AE1000E02042F40072C3F8E020D3F8E03003F4FD
:10AE200000730A930A9B71E7004402582DE9F04F22
:10AE30000D6883B0002D00F0D5800023DFF8688214
:10AE400001229A4012EA050C00F0C7804E6826F0F5
:10AE50001009B9F1020F40F0C88003F007044FEA6F
:10AE6000D30E4FF00F0A4FEA840900EB8E0E0AFA58
:10AE700009FADEF8204024EA0A0A0C6904FA09F407
:10AE800006F0030944EA0A04CEF820404FEA430ED4
:10AE90000324D0F800A009FA0EF904FA0EF42AEA05
:10AEA000040AE44349EA0A09C0F80090D0F808A06F
:10AEB000CF6804EA0A0A07FA0EF949EA0A09C0F853
:10AEC0000890C6F30019D0F804A009FA03F92AEA99
:10AED000020249EA02024260C268F70004EA020480
:10AEE0008A6802FA0EF242EA0402C26075D5644C26
:10AEF00023F0030E03F00309D4F8F420C6444FEA0C
:10AF0000890942F00202C4F8F420D4F8F42002F0D7
:10AF100002020192019A0F22DEF8084002FA09F2B9
:10AF200024EA0202574CA04225D004F58064A042D6
:10AF30007BD0554CA0427ED0544CA0426FD0544C94
:10AF4000A04200F08480534CA04200F08680524C16
:10AF5000A04276D0514CA04200F08580504CA042D7
:10AF600000F087804F4CA0420CBF09240A2404FA49
:10AF700009F942EA0902CEF808204FF0B0426FEA20
:10AF80000C0EF403D2F880204FF0B04454BF0EEA08
:10AF900002024CEA0202C4F88020B203D4F88440D2
:10AFA0004FF0B04254BF0EEA04044CEA0404F70226
:10AFB000C2F8844014684FF0B04254BF0EEA040453
:10AFC0004CEA04041460B40252684FF0B04454BF19
:10AFD0000EEA02024CEA02026260013335FA03F221
:10AFE0007FF42EAF03B0BDE8F08F4FEA430E032489
:10AFF000D0F800B006F0030A04FA0EF409F1FF39A4
:10B000000AFA0EFA2BEA040BB9F1010F6FEA0404F5
:10B010004AEA0B0AC0F800A03FF65EAF46E70324F9
:10B0200004FA09F942EA0902A5E7012404FA09F938
:10B0300042EA09029FE7022404FA09F942EA0902F6
:10B0400099E7062404FA09F942EA090293E704247D
:10B0500004FA09F942EA09028DE7052404FA09F91C
:10B0600042EA090287E7072404FA09F942EA0902D9
:10B0700081E7082404FA09F942EA09027BE700BFE4
:10B08000004402580000025800080258000C025800
:10B09000001002580014025800180258001C0258F0
:10B0A000002002580024025800040058002900F033
:10B0B000A88000232DE9F04FDFF8689183B0DFF816
:10B0C0006881DFF868A1DFF868B14FF0010E0EFA71
:10B0D00003F212EA010C6FD023F0030503F003041E
:10B0E0000F2640454D444FEAC404AF6806FA04F603
:10B0F00007EA0607019721D0504566D0584567D02A
:10B10000434FB8426ED0434FB84270D0424FB8421E
:10B1100063D0424FB84256D0414FB84272D0DFF8A8
:10B1200014E1704568D0DFF810E1704514BF4FF0AE
:10B130000A0E4FF0090E0EFA04F400E00024019FFD
:10B14000A74219D1AC6824EA06064FF0B044AE60BD
:10B15000D4F8805025EA0C05C4F88050D4F8845007
:10B1600025EA0C05C4F88450256825EA0C052560FD
:10B17000656825EA0C05656003255C0003F0070798
:10B180000F2605FA04F40568BF00254306FA07F701
:10B190000560DD0800EB85052E6A26EA07062E62AB
:10B1A000856825EA04058560456825EA0202426053
:10B1B000C26822EA0404C460013331FA03F284D184
:10B1C00003B0BDE8F08F4FF0060E0EFA04F4B6E7B8
:10B1D0004FF0020E0EFA04F4B1E74FF0050E0EFA2E
:10B1E00004F4ACE74FF0030E0EFA04F4A7E74FF0B7
:10B1F000040E0EFA04F4A2E74FF0080E0EFA04F45F
:10B200009DE770474FF0070E0EFA04F497E700BF72
:10B21000000C02580010025800140258001802587E
:10B22000001C025800040058000002580004025894
:10B2300000080258002002580024025803691942ED
:10B2400014BF01200020704702B9090481617047D2
:10B250002DE9F04F056885B00446284604F0A6FFA6
:10B26000012802D005B0BDE8F08F206804F04EFF41
:10B270000028F7D0206804F049FF10F4001F206870
:10B2800002D04FF40013436104F040FF10F4801F1C
:10B29000206802D04FF48013436104F037FF10F0B0
:10B2A000806F206802D04FF08063436104F02EFF6E
:10B2B00010F0020F20682FD104F028FF870000F162
:10B2C0001381206804F022FFC60100F1CF802068BE
:10B2D00004F01CFF000700F1BE80206804F016FF98
:10B2E00010F0007F20681AD104F010FFC306B9D512
:10B2F0002568AB6923F01003AB612E6AC6F34341A6
:10B30000C6F30A17022902D1002F40F0C681AB69AB
:10B3100043F01003AB61A5E702234361CCE704F0DF
:10B32000B3FFD4F808E080462068BEF1000F00F0BB
:10B33000998005F5A06500264FF0280B4FF0020A12
:10B340004AE000F5A0694A0109EB4117BB685B07B9
:10B350005DD50423BB60FB6843F00203FB60BB6860
:10B36000980500F1FD80BB68DB0740F1CF802369C1
:10B3700053B101EB81003B6904EBC000C3F3120C35
:10B38000836CA3EB0C03C3648B004FF0010C4FF0F4
:10B39000000E581804EBC000C0F858E080F85DC0FB
:10B3A000C7F808C090F83FE01EF0FD0F00F0648180
:10B3B000BEF1030F00F040820B4404EBC30393F88B
:10B3C000502082F0010283F85020D4F808E0206871
:10B3D00001362035764545D206F00F0328FA03F3EF
:10B3E000D907F5D52B68F1B21A04AAD400F5A062EA
:10B3F0004FEA411C02EB4117BB6813F004090DD062
:10B400000423BB60FB6843F00203FB60E0E7BB681A
:10B410009B0640F1B3802023BB60A0E7BB6813F01C
:10B42000200300F0CA8001EB8103202204EBC30358
:10B43000BA6093F83D20012ACAD183F83D9083F881
:10B440005CA0FB6843F00203FB6004F021FFD4F82A
:10B4500008E02068BCE72046FFF70CFC20680823C2
:10B4600043613BE74FF0007343613DE72668D6F840
:10B4700040340293D6F840340393039B23F02E0309
:10B480000393029B980707D5029BD90700F16381BC
:10B49000039B43F002030393029B1A0718D5039BF7
:10B4A00043F008030393029B5B0740F15C81A169B1
:10B4B000022900F09A81E368012B03D14EF6602245
:10B4C000C6F804242046FFF7E3FB2046FFF7D6FB2F
:10B4D0002068029B9F0603D5039B43F02003039340
:10B4E000039BC6F84034F3E6D5F84034204623F0F9
:10B4F0002E03C5F84034FFF7C5FB0121206804F096
:10B50000A1FE20684FF000534361DBE6BB6898075B
:10B5100040F18E80FB6801EB810C23F0020304EB09
:10B52000CC0CFB608B009CF85D00012800F0B28021
:10B53000052800F0AF80062800F0A381082800F05D
:10B54000A081032800F0DC819CF85C000246C7F86B
:10B5500008A02046FFF79AFBD4F808E0206837E7F8
:10B56000FB68206843F00203FB6004F091FE4FF497
:10B5700000732068BB60D4F808E029E7BB681B07AC
:10B5800000F1BB80BB685B057FF5E9AEFB6801920B
:10B5900043F002030091FB6004F07AFE0099102052
:10B5A000019A01EB8103B860082004EBC30383F820
:10B5B0005D004FF48063BB60D1E6D7F8089019F0C6
:10B5C000400F40F0B180BB6813F4007340F02F814E
:10B5D000D7F8089019F0010F40F03F81BB6813F0D5
:10B5E000080340F06881D7F8089019F0100F00F0B8
:10B5F000C98001EB810204EBC2029365032382F848
:10B600005D3092F83D303BB90BFB014393F83C2091
:10B6100012B9012283F83D20FB6843F00203FB606E
:10B6200004F036FE10232068BB60D4F808E0CFE6B3
:10B63000BB6813F0800340F0E380BA68D20640F1A3
:10B64000D08001EB810004EBC00090F83F20032A7A
:10B6500000F04B8112F0FD02E4D123698265002BDA
:10B66000E0D10BFB0143032283F85D20FB682068D7
:10B6700043F00203FB60D3E7FA68206842F002025D
:10B6800001930091FA6004F003FE1022DDE900133B
:10B69000BA6091E68CF85C0058E706F00F0606EBFE
:10B6A000860804EBC808D8F8441000293FF42FAEF0
:10B6B000284605F5A0653A4604F0A6FCD8F84430C3
:10B6C00005EB46123B441169D8F84C20C8F84430C9
:10B6D00073013A44C8F84C20BC4A0A405AB1EA58AF
:10B6E00022F0804242F00042EA5098F8503083F055
:10B6F000010388F85030256809E6FB684FF0050C17
:10B70000019243F002030091FB6001EB810304EB23
:10B71000C30383F85DC01023BB600823BB6004F043
:10B72000B7FDDDE900121AE601EB810204EBC2026B
:10B730009365042382F85D30012382F83D30FB6875
:10B7400043F00203FB6004F0A3FD40232068BB60CC
:10B75000D4F808E03CE6B369204623F00053B36117
:10B76000FFF78CFA94E62046FFF796FAD6F84034B5
:10B77000206823F02E03C6F84034836943F0005359
:10B780008361A6E6BB681B0600F1C880BB685B0549
:10B7900000F1D780BB689B077FF51AAEFB680BFBF7
:10B7A000014023F00203FB6090F85D30012B00F0B4
:10B7B000E180032B00F0DB80042B00F0D880052B08
:10B7C00000F0FC80062B00F0E480082B00F0E18004
:10B7D0000BFB01432046C7F808A093F85C20FFF755
:10B7E00055FAD4F808E02068F2E5029B206803F4DB
:10B7F000C023B3F5802F18BF012104F023FD61E6BB
:10B80000FB6801EB810243F0020304EBC202FB6020
:10B81000936D01339365062382F85D30206804F050
:10B8200037FD80232068BB60D4F808E0D0E5FB68D2
:10B8300043F00203FB6098E652F80970019347F069
:10B840000057009142F80970624680F85CC02046BB
:10B85000FFF71CFADDE90013AEE5FA6801EB810998
:10B8600042F0020204EBC909C9F85830FA6004F04A
:10B870000FFD0123BB6089F85D30D4F808E0206833
:10B88000A6E503EB010C04EBCC0CDCF8580001300E
:10B89000032825D8CCF8580002200B4404EBC3033E
:10B8A00083F85C0052F8093023F0804343F00043F2
:10B8B00042F809304AE608230091BB60FB6843F078
:10B8C0000203FB6004F0E4FC0099052201EB810116
:10B8D00004EBC10383F85D20D4F808E0206877E525
:10B8E0000020CCF858000420D7E7FA680BFB014091
:10B8F00042F0020283652068FA6004F0C9FC91E618
:10B900000BFB0143022083F85CA052F8093023F0BE
:10B91000804343F0004342F8093017E6FB6800918A
:10B9200043F00203FB6004F0B3FC009906230BFB19
:10B93000014181F85D3080232068BB60D4F808E0C5
:10B9400046E5FB68009143F00203FB6004F0A0FCB5
:10B9500010230099BB604FF480630BFB0141BB6077
:10B96000082381F85D30D4F808E0206830E580F8DD
:10B970005CA02DE780F85C3090F83F30023B012B53
:10B980003FF626AF90F8513083F0010380F8513034
:10B990001EE70BFB0140836D0133032B11D8836538
:10B9A00002230BFB014080F85C3052F80C3023F08E
:10B9B000804343F0004342F80C3009E780F85C30E4
:10B9C00006E7002383650423EBE700BF0000F81FB0
:10B9D00090F8B832012B0CD0012310B50446006852
:10B9E00084F8B83204F0B4FC0023184684F8B83266
:10B9F00010BD0220704700BFF8B505460E46174639
:10BA0000701C2C682CD1A369990727D4A369DA0686
:10BA1000F9D5A3699A06FCD520231022E261E361DF
:10BA2000A3699F0701D50023A362A369DE0703D49E
:10BA3000A36943F00103A361636800221B4820212E
:10BA40000340012063606B6C85F8402043F00403E1
:10BA50006B6485F8411085F84220F8BD0020F8BDE0
:10BA6000A3699B07FAD4A369D9061BD4F6F7C6FECF
:10BA7000C01BB04201D8002EC2D16B6C2021002225
:10BA800001200B4385F840206B6485F8411085F850
:10BA90004220F8BDF6F7B2FEC01B8642EDD3002E61
:10BAA000EBD02C68A3699B06F4D5B5E700E800FE4F
:10BAB000F8B505460E4617462C68A3699B0649D47F
:10BAC000A369DA0626D5731C38D1A3699E06FCD576
:10BAD00020231022E261E361A369990701D50023C5
:10BAE000A362A369DA0703D4A36943F00103A36146
:10BAF00063680022184820210340012063606B6CBA
:10BB000085F8402043F004036B6485F8411085F804
:10BB10004220F8BDF6F772FEC01BB04201D8002EDD
:10BB2000CAD16B6C2021002201200B4385F84020F4
:10BB30006B6485F8411085F84220F8BDA36998062A
:10BB4000C6D4F6F75BFEC01B8642EAD3002EE8D0CF
:10BB50002C68B8E70020F8BD00E800FE00284ED0B1
:10BB600010B590F84130044603F0FF02002B41D09D
:10BB700023682421626884F84110196822F07062F9
:10BB8000E06821F00101012819601A619A6822F425
:10BB900000429A60A26829D042F4044202289A60C6
:10BBA00002D14FF400625A6058684FF0200C1549DA
:10BBB000226901435960D96821F40041D960D4E970
:10BBC0000501024342EA0122D4E90710DA600022AB
:10BBD000014310461960196841F00101196062645F
:10BBE00084F841C0226384F8422010BD42F4004230
:10BBF0009A60D9E780F84020FCF72AFCB8E70120DA
:10BC0000704700BF008000022DE9F047984690F889
:10BC10004130089E202B40F0878090F84030044649
:10BC2000012B00F0818001238946174680F84030BF
:10BC3000F6F7E4FD054604E0F6F7E0FD401B1928A1
:10BC400075D82368986910F40040F5D12122676205
:10BC50006063C9F3090784F84120102284F8422068
:10BC60006064A4F82A80628D92B2FF2A6DD8628D3A
:10BC7000494892B2D1B222855A6802403A4342EA18
:10BC80000142464911435960DFF81C814FF0FF0A19
:10BC9000DFF81891638D2A46314620469BB2002B6F
:10BCA00030D0FFF7A9FE002873D1606A216810F830
:10BCB000012B238D8A62628D013B6062013A9BB247
:10BCC00092B223856285628D92B2002BE2D1002A66
:10BCD000E0D0701C43D18B691A06FCD5638D9BB2F2
:10BCE000FF2B48D94B682A46A4F828A0204603EA2F
:10BCF00008033B4343EA09034B603146638D9BB223
:10BD0000002BCED1FFF7D4FE002842D1236820219A
:10BD1000234DD9615A682A405A6084F8411084F84A
:10BD2000400084F8420000E00220BDE8F087636C28
:10BD30002021002201200B4384F84020636484F812
:10BD4000411084F84220BDE8F0875A6812490A4041
:10BD500014493A431143FF222285596094E78B69C5
:10BD60001B06BBD4F6F74AFD401B8642DFD3002EEC
:10BD7000DDD02168ADE7638D9BB2DAB223854B68D5
:10BD800003EA080343EA02433B4343F000734B607A
:10BD900080E70120BDE8F087009800FC00200082C9
:10BDA00000E800FE0020FF81009C00FC0000FF0175
:10BDB0002DE9F0471F4690F84130202B40F08E804F
:10BDC00004460D46002900F08380B2FA82F9164637
:10BDD0004FEA5919002A7BD05FFA83FA90F8403075
:10BDE000012B7BD0012380F84030F6F707FD21239B
:10BDF00065628046256884F8413084F842A0C4F822
:10BE0000449066856B68C4F8349023F400436B60FB
:10BE10007B1C66D1AE693607FCD50823EB61E3686D
:10BE2000022B06D0AE69F60328D4AE69F603F9D525
:10BE300024E0AB691907FCD50823EB617B1CF1D02A
:10BE4000AB69DD031AD4F6F7D9FCA0EB08008742F2
:10BE500053D3002F51D02568F0E74246394620469B
:10BE6000FFF7CAFD00285BD1636A226813F8011B43
:10BE70009162658D6362013DADB26585638D9BB254
:10BE8000002BEAD1424639462046FFF711FE002832
:10BE90004DD02268536843F400435360636C042B15
:10BEA00054D1002363642023D361781C41D193696A
:10BEB0001904FCD451680023202041F40041516052
:10BEC00084F84100184684F8423084F8403003E09A
:10BED0004FF4007301206364BDE8F0870220BDE8E1
:10BEE000F087AB69180733D4F6F788FCA0EB08009D
:10BEF000874202D30FB125688AE7636C20200021B6
:10BF00002268034384F84010636484F841000120F0
:10BF100084F84210536843F400435360BDE8F0874F
:10BF200022680120536843F400435360D4E7226839
:10BF3000B9E793691B04BDD5F6F760FCA0EB0800D8
:10BF40008742DAD3002FD8D02268AEE70120C3E7BA
:10BF50000823EB61E368022B7FF470AF08E0F6F78B
:10BF60004DFCA0EB08008742C7D3002FC5D0256841
:10BF7000AB691A07F3D55FE70268436B91691268F2
:10BF800003B11847704700BF90F84100704700BFE9
:10BF900090F84120202A23D15FFA82FC90F84020BB
:10BFA0000346012A1CD00268242000B583F8410012
:10BFB0004FF0000E106820F001001060106820F4AF
:10BFC000805010601068014370461160116841F0A4
:10BFD0000101116083F841C083F840E05DF804FB83
:10BFE0000220704790F84120202A22D1034600B554
:10BFF0005FFA82FE90F84020012A1CD002682420BB
:10C000004FF0000C83F84100106820F00100106030
:10C01000106820F4706040EA0121604611601168E8
:10C0200041F00101116083F841E083F840C05DF800
:10C0300004FB0220704702205DF804FB2DE9F04F5D
:10C04000076889B00446384604F0B0F810B109B06A
:10C05000BDE8F08F8246206804F058F80028F6D03A
:10C06000206804F053F810F0020F206803D04369F1
:10C0700003F00203436104F049F810F4002B206838
:10C0800040F0508104F042F810F4802F206840F016
:10C09000EB8004F03BF8002874DB206804F036F8ED
:10C0A000000564D4206804F031F8020114D5226838
:10C0B000536903F00063536194F8F433002B40F0AC
:10C0C00095810121204684F8F413536DC3F3830353
:10C0D000C4F8F83300F024FC206804F017F8C30417
:10C0E0007BD4206804F012F810F4005F20685DD162
:10C0F00004F00CF810F0100F206812D0836923F0C0
:10C10000100383613D6AC5F3434305F00F06022B1C
:10C1100000F03182062B00F07F81836943F0100329
:10C12000836103F0F3FF070700F15781206803F0F4
:10C13000EDFFC60200F14681206803F0E7FF8502AB
:10C1400000F13581206803F0E1FF400000F1268115
:10C15000206803F0DBFF41077FF579AF23685D6856
:10C160006A0700F129825A682A435A606FE7D7F8B4
:10C170000838D90700F11C822068436903F4006382
:10C18000436190E7D7F8043823F00103C7F8043877
:10C1900094F8F433012B00F038812046FEF7EAFCD6
:10C1A0002068436903F00043436177E704F002F835
:10C1B000206803F0E7FC2568E060F8F79DFF227B2C
:10C1C0000146284603F042FC2046FEF7A9FC206801
:10C1D000436903F4005343618AE7D7F80438102118
:10C1E000206807F5006523F001036B6003F0B0FCE5
:10C1F0006068B0B107F510634FF67F3199600AF1BE
:10C20000010A1A682033824522F4001243F8202CD8
:10C21000C3F8E811D3F8E02122F40012C3F8E021BA
:10C22000ECD1EB6943F00113EB61236B002B40F081
:10C23000E1806A6942F22B0313436B612B6943F07F
:10C240000B032B61D7F8003804F57172217C23F4BD
:10C25000FE632068C7F8003803F0C8FF2068436910
:10C2600003F4805343613DE703F068FF8046206894
:10C27000B8F1000F00F0E580264607F510694FF091
:10C28000000BCDE9037A09E05FEA58080BF1010BD6
:10C2900006F11C0609F1200900F0D58018F0010F05
:10C2A000F2D05FFA8BF7394603F064FFC307054607
:10C2B0001FD50BF00F03039901229A40D1F83438AF
:10C2C00023EA0203C1F834380123C9F8083023698E
:10C2D000012B03D1D6E911231344B3643946204618
:10C2E000FEF710FC2369012B03D1BBF1000F00F016
:10C2F000AC81280702D50823C9F80830E90602D521
:10C300001023C9F808306A0602D54023C9F808305E
:10C31000AB0702D50223C9F808302D0600F1C6800C
:10C320002068B1E703F0FCFE05462068002D00F010
:10C33000868007F53066A1464FF0000B049707E0B2
:10C340006D080BF1010B06F1200609F11C097DD0E7
:10C35000EB07F5D55FFA8BF1039103F0FDFE10F0CA
:10C36000010F8046039973D118F0080F40F0F28056
:10C37000206818F0100F01D01023B36018F0200FC0
:10C3800005D02169012900F05A812023B36018F4F7
:10C39000005FD5D04FF40053B360D1E72046FEF7DD
:10C3A000F5FB2068436903F080434361D1E62046F2
:10C3B0005FFA8BF1FEF7E2FB2068436903F4001398
:10C3C0004361C0E620465FFA8BF1FEF7DBFB206895
:10C3D000436903F480134361AFE62046FEF79CFBFC
:10C3E0002068436903F008034361A0E62046FEF796
:10C3F000A9FB71E6D5F8843043F00B03C5F884300F
:10C400006B6C43F00B036B641CE70021204684F83F
:10C41000F41300F085FAC3E6C6EBC606082204F55D
:10C420007171384603F0F0FDC5F30A1304EB860280
:10C430002068D2F814120B44C2F814326DE6AB46F1
:10C4400020E6C34625E6DDE9037A22E6049F19E6E5
:10C45000206801232769B36000F53063012FD0F80D
:10C4600040E003EB4B139A6800F0C580984FBE453F
:10C4700040F0BD80170440F1B6804FF4004218F040
:10C48000080F9A603FF475AF026C986890498A4231
:10C4900000F0978020460392FEF724FB8D4B039A11
:10C4A0009A4200F296800823B36061E7D6E91453FC
:10C4B000D4F800A0AB4250463FF6E6AE0AF5106253
:10C4C000716CCDF81CA002EB4B120592EA1A8A425D
:10C4D00028BF0A4605998969033289B2B1EB920FE8
:10C4E000C0F0A980CDF81890C146A046059C1AE07E
:10C4F000736C3A46B16C50469D4228BF1D4698F871
:10C5000010300093ABB203F069FDB36CA1692B440A
:10C5100089B2B364736D2B440335B1EB950F73652A
:10C52000C0F08180356D9D42A5EB0305E0D84446FF
:10C53000C846DDF81890D4F800A0079B01225046A9
:10C5400003F500610BF00F039A404B6B23EA0203E3
:10C550004B6399E62268216902F53063126C012968
:10C5600003EB4B13986891D15A498A4229D8204647
:10C57000FEF7B8FA97E747F6F0731D423FF4CDADEA
:10C58000C6EBC606C5F30A12384604EB8606154606
:10C59000D6F8081203F038FDD6F8083220682B448C
:10C5A000C6F80832D6F814322B44C6F81432B4E573
:10C5B0002046FEF7C7FADFE52046FEF7EBFA2368D0
:10C5C000D1E5020402D54FF400429A602046FEF7FE
:10C5D00089FA216901297FF466AF04F57172206838
:10C5E00003F004FE5FE7900601D520229A60204602
:10C5F000FEF77EFAB8E6170732D536498E4504D9DC
:10C60000120402D54FF400429A6020460393FEF7CD
:10C6100069FA04F571720121206803F0E7FD082230
:10C62000039B9A60A0E64446356DC846DDF8189035
:10C63000D4F800A050469D423FF626AE7DE704F5B3
:10C64000717203F0D3FD20689FE6236D002B7FF409
:10C6500050AE04F571720121206803F0C7FD48E671
:10C66000970608D520229A6018F0080F3FF481AE93
:10C67000026C986878E712F0280FF5D1154FBE4587
:10C6800005D9120403D54FF400429A60ECE71B6908
:10C690002046D9F80422C3F31203D31AC9F814327E
:10C6A000D9F808321344C9F80832FEF721FABBF171
:10C6B000000F7FF459AED4F81032002B7FF454AE43
:10C6C00004F571720121206803F090FD4CE600BF73
:10C6D0000A31544F0A30544F90F8BC23012A0ED02F
:10C6E000012210B50446006884F8381084F8BC2391
:10C6F00003F0FAFC0023184684F8BC3310BD022076
:10C70000704700BF10B501F00F0E0906044627D48C
:10C710004FF01C0C0CFB0E0C0CF5FE71CEEBCE0C8E
:10C7200000EB8C0C00208CF8FD018A604A7881F8BF
:10C7300000E0CB700AB1A1F806E0022B01D1002382
:10C740000B7194F8BC33012B18D00123206884F8B6
:10C75000BC3303F029FA0023184684F8BC3310BD1B
:10C760001C204FF0010C00FB0E4000F13C01CEEB11
:10C77000CE0004EB800080F83DC0D6E7022010BD5B
:10C7800010B501F00F041C21C4EBC40C01FB040123
:10C7900000EB8C0C01F5FE71CCF810320023CCF8C4
:10C7A00008228CF8FC41CCF814328CF8FD31036976
:10C7B0000068012B08BFCCF80C22DAB21CB903F0D8
:10C7C00053FB002010BD03F037FA002010BD00BF5E
:10C7D00010B501F00F041C21C4EBC40C01FB0401D3
:10C7E00000EB8C0C3C31CCF850300023CCF84820C6
:10C7F000CCF8543001238CF83C408CF83D30036970
:10C800000068012B08BFCCF84C20DAB21CB903F049
:10C810002BFB002010BD03F00FFA002010BD00BF5D
:10C8200038B5436801F00F059D4234D80B06044625
:10C830001DD41C22C1EBC10302FB010100EB8303E9
:10C84000002201F5FE7183F8FD2101230D708B702C
:10C8500094F8BC239A421CD0206884F8BC3303F0BF
:10C86000E3FBD5B10023184684F8BC3338BD1C2146
:10C87000C5EBC503012201FB050100EB83033C313D
:10C8800083F83D2001230D708B7094F8BC239A42ED
:10C89000E2D1022038BD012038BD04F57172217C3F
:10C8A000206803F0A3FCDDE7426838B501F00F0310
:10C8B000934232D811F0800F04464FF01C01C3EBB5
:10C8C000C30219D101FB0341002004EB82020025C1
:10C8D00001F5FE7182F8FD010B708D7094F8BC3388
:10C8E000012B18D00123206884F8BC3303F0D0FB5F
:10C8F000284684F8BC5338BD01FB0341012004EBFA
:10C90000820200253C3182F83D000B708D7094F856
:10C91000BC33012BE6D1022038BD012038BD00BF59
:10C92000704700BF38B5114BDA68520704D4DB6892
:10C9300003F00703834214D10C4CE36823F0070390
:10C940001843E060F5F75AFF054605E0F5F756FF96
:10C95000401BB0F57A7F06D863689B04F6D50020AB
:10C9600038BD012038BD032038BD00BF0048025843
:10C97000024AD36843F08073D3607047004802587E
:10C9800070B44D6A15B1B2F1406F3AD18B691BB3E7
:10C990000C6A002C4CD08E680068C661CE69002EEF
:10C9A00069D02B4313432343CC6A334323430C6B9B
:10C9B00023434C6B23430C692343CC6823430C680B
:10C9C00023434C69B2F1406F43EA8443436165D02D
:10C9D0004B6870BC836170470B6ABBB100682B4326
:10C9E0008C68CE69C461002E6BD01343CC6A33438C
:10C9F00023430C6B23434C6B23430C692343CC68C8
:10CA0000DEE78B6A0468013B2361BFE7CB69002B3B
:10CA100066D1002D42D0CB6A0C6B2B4300681343C8
:10CA20004A6923434C6B234343EA8243436135E025
:10CA3000CC6945EA030C002C32D003684CEA0200B2
:10CA4000B2F1406F40EA0400CC6A40EA04000C6B8B
:10CA500040EA04004C6B40EA0400CC6840EA040061
:10CA60000C6840EA04004C6940EA8440586115D0E3
:10CA70004A689A6112E045EA030C0D694CEA020328
:10CA8000CA6A23431343D1E90C4223430C6813437E
:10CA90004A692B43234343EA8243436170BC704796
:10CAA000CC6A4CEA020300682343D1E90C422343D9
:10CAB0000C6813434A69234343EA824370BC4361D1
:10CAC0007047CC6A13432343D1E90C4223431343F9
:10CAD000D1E90442234343EA824370BC4361704777
:10CAE0002B43CD6A0C6B134300682B4323434C6BE1
:10CAF00084E700BF70B50446F5F780FE002C54D0E3
:10CB000094F84030012B52D00123064684F840307F
:10CB100094F8413003F0FF02002B34D0A56C22685A
:10CB2000A1681368013923F4706343EA0123136099
:10CB300001E06B1C31D1936813F02003F9D1E06957
:10CB4000E16815680143206A0143606841EA0061B9
:10CB50001C482840014360691160A1695568014380
:10CB6000206941EA00411848284001250143184640
:10CB70005160116829431160636484F841500023B7
:10CB800084F8403070BD204684F84020FCF7B8F8A7
:10CB900041F288331D46A364C1E7F5F72FFE801BE1
:10CBA000A84206D82DB12268C5E7012070BD022039
:10CBB00070BD0423012084F84130636C0343636437
:10CBC000DDE700BF2FFFFF00FEF8E0FFC8B110B5A2
:10CBD00090F840300446012B11D00268012380F800
:10CBE0004030136823F001031360FCF717F90023AA
:10CBF0006364184684F8413084F8403010BD022048
:10CC000010BD0120704700BF2DE9F04104460E46DB
:10CC10001546F5F7F3FD94F84030012B3AD0012387
:10CC200084F8403094F84130012BDFB206D002275F
:10CC30000023384684F84030BDE8F0810023804668
:10CC40006364022384F84130681C23680ED19A681B
:10CC500012F02002FBD131462046FFF791FE736AA5
:10CC6000E3B10123002784F84130E1E79A6812F02C
:10CC700020021ED0F5F7C2FDA0EB0800854201D3CB
:10CC8000002DE1D1042384F84130636C43F00103AB
:10CC90006364CDE702273846BDE8F08122689368D7
:10CCA0009B07FCD5022101230027D16084F8413085
:10CCB000BEE731462046FFF763FE736A43B1D0E713
:10CCC000F5F79CFDA0EB08008542DBD3002DD9D001
:10CCD000226893689907F3D5E4E700BF2DE9F8438C
:10CCE000044689461546F5F789FD94F840302768D3
:10CCF000012B67D0012384F8403094F84130012B98
:10CD00005FFA83F807D04FF002080023404684F80A
:10CD10004030BDE8F88300236364B9F1000F56D0BA
:10CD20001223064684F841303B690133E3623B69D4
:10CD3000C4F824900133A3627B6923F040637B61D4
:10CD4000E36A002B31D06A1C394611D18B685B072E
:10CD5000FCD5636A1B7887F82030E26A636A013A7F
:10CD60000133E262E26A6362F2B16A1C2168EDD0CB
:10CD70008B685807EDD4F5F741FD801B854201D340
:10CD8000002DF2D1042384F84130636C43F0010399
:10CD9000636413E0BB689B070CD4F5F72FFD801B81
:10CDA0008542EFD3002DEDD02768691CF2D1BB6816
:10CDB0009A07FCD502234FF00008FB60012384F89A
:10CDC0004130A2E74FF002084046BDE8F883636CAB
:10CDD00043F00803636498E72DE9F84304461546D9
:10CDE0008946F5F70BFD2768BA6994F84030012BA6
:10CDF0006CD0012384F8403094F84130012B5FFA65
:10CE000083F807D04FF002080023404684F84030F2
:10CE1000BDE8F88300236364B9F1000F5BD02223DF
:10CE2000064684F841303B690133A3633B69C4F88B
:10CE30003090013363637B6923F0406343F0806388
:10CE40007B61BA61A36B002B33D0681C394612D1C9
:10CE50008B6813F0060FFBD097F82020236B1A7015
:10CE6000A26B236B013A0133A263A26B2363FAB175
:10CE7000681C2168ECD08B6813F0060FECD1F5F735
:10CE8000BDFC801B854201D3002DF1D1042384F821
:10CE90004130636C43F00103636413E0BB689B079C
:10CEA0000CD4F5F7ABFC801B8542EFD3002DEDD001
:10CEB0002768691CF2D1BB689A07FCD502234FF0A2
:10CEC0000008FB60012384F841309DE74FF0020821
:10CED0004046BDE8F883636C43F00803636493E75E
:10CEE0002DE9F84F04461F4689469046F5F786FC23
:10CEF00094F84030012B52D0012384F8403094F84C
:10CF00004130012B5FFA83FB07D04FF0020B002367
:10CF1000584684F84030BDE8F88F002382466364A9
:10CF2000422384F841307A1C26682CD1B568AB06C0
:10CF3000FCD4D8F8003049462046B362D8F8043013
:10CF40007362D8F80830F3623268D8F8103022F4EF
:10CF500040021343D8F80C2043F480033360C9F82F
:10CF600028204FF00062FFF70BFD781C22681BD1D0
:10CF700093681907FCD5082101234FF0000BD160FD
:10CF800084F84130C3E7B3689D06D2D5F5F736FC87
:10CF9000A0EB0A00874212D3002FC4D10FE04FF05C
:10CFA000020B5846BDE8F88F93681B07E3D4F5F7EA
:10CFB00025FCA0EB0A00874201D3002FD5D1042322
:10CFC00084F84130636C43F0010363649FE700BF62
:10CFD0002DE9F04704460F461646F5F70FFC94F886
:10CFE0004030012B45D0012384F8403094F8413083
:10CFF000012B5FFA83F907D04FF00209002348465E
:10D0000084F84030BDE8F08700238046D4F848A07B
:10D010006364822384F84130BAF1FF3F256814D15C
:10D02000AB689A06FCD42B68726823F00803082AC0
:10D0300043EA02032B6021D04FF04062394620467C
:10D040004FF00009FFF79CFCD8E7AB689B06EAD5D8
:10D05000F5F7D4FBA0EB0800824502D3BAF1000F2C
:10D06000DAD1042384F84130636C43F00103636434
:10D07000C4E74FF002094846BDE8F0873268102344
:10D080002A63EB602B6843F480132B60D4E700BF66
:10D09000704700BF08B5006C00238363C36290F83B
:10D0A0004130082B0BD103680222DA601A6842F47F
:10D0B00000321A601A6842F002021A6008BD0123A9
:10D0C00080F84130FFF7E4FF08BD00BF704700BFA4
:10D0D000704700BF704700BF704700BF704700BF78
:10D0E000704700BF704700BF38B5036804469A68B0
:10D0F000196855070ED548030CD594F84120122A1B
:10D1000075D094F84120222A00F0A1802046FFF734
:10D11000E5FF38BD950726D5880324D50222DA60BD
:10D120001A6822F4E0221A6094F84120122A7AD078
:10D1300094F84120222A00F0A98094F84120022A84
:10D1400000F0D08094F84120082AE2D15A690121E8
:10D15000204622F040625A6184F84110636C3BBB68
:10D16000FFF7B4FF38BD150725D4D50735D5C8035B
:10D1700033D50125DD601A6822F470221A60626CD2
:10D1800042F0020262641A68520779D51A68E06BAD
:10D1900022F004021A60574B836504F0FFFE00285A
:10D1A000B7D0636C204643F00403636484F84150B5
:10D1B000FFF76EFF38BD0803D7D50822DA601A687A
:10D1C000520206D51A68012122F410221A6084F84E
:10D1D00041102046FFF784FF38BDD00699D5CA021A
:10D1E00097D510222046DA60FFF77CFF38BD9A6899
:10D1F00050078BD518460EE0626A127883F820201B
:10D20000E16A20680139626AE16201328168626222
:10D210004D077FF57BAFE26A002AEDD1036823F466
:10D220008023036072E71A68510709D51A68E16B19
:10D2300022F0040209681A60CB6823F00103CB6076
:10D240000123204684F84130FFF746FF38BD9A6835
:10D2500052077FF55BAF18460EE093F82010226B63
:10D260001170A16B20680139226BA16301328168C2
:10D27000226349077FF54AAFA26B002AEDD1CDE7C3
:10D28000204684F84150FFF703FF38BD1A68520763
:10D290001DD49A6812F47C5F0FD111E093F820102E
:10D2A000226B1170A16B20680139226BA1630132DE
:10D2B0008168226311F47C5F02D0A26B002AEDD159
:10D2C0000123204684F84130FFF704FF38BD1A6877
:10D2D000E16B22F0040209681A60CB6823F00103B5
:10D2E000CB60EDE70123204684F84130FFF7F0FEE4
:10D2F00038BD00BF95D00008F8B501680546AC4BB5
:10D3000099421FD0203399421CD003F5787399427B
:10D3100058D02033994255D003F57873994200F0E4
:10D320001E812033994200F01A8195F89130A14E68
:10D3300003F0FF026BB9284685F89020FBF756FEF4
:10D34000296806E09C4E95F8913003F0FF02002B0F
:10D35000F1D09A4B9A4A1B68A2FB03230A681B0B65
:10D3600022F480329B000A6023B30C68013B14F462
:10D370008034F9D1022385F89130EB68012B00F05D
:10D380001081022B15BF032023200227222715BF5F
:10D390004FF0010C4FF0210C00222022AB68013B22
:10D3A000042B00F24B81DFE813F0CF001000D60011
:10D3B0000F00D200D5F89430012043F04003C5F8A7
:10D3C0009430F8BD7F4EBEE73A464FF400672B6AB3
:10D3D0003260002B44D0764B994200F01E817A488F
:10D3E000081AB0FA80F04009002840F01681774B07
:10D3F000994200F00C812033994200F00881744B6F
:10D40000994200F0FE802033994200F0FA80714B7F
:10D41000994200F00881704B994200F00A81AB6993
:10D4200000EB8000B3F5002F4FEA400300F0E280EC
:10D43000AA6A296AB2F1806F0CBF0222012201FBA5
:10D4400002F21202B3FBF2F3644AA2FB0312D20807
:10D4500002EB8201A3EB4103092B08BF01326A6290
:10D460006B6833F002032B6D40F09680012B14BFE4
:10D470004FF400740024F5F7D9F9696CB0F5005F3A
:10D48000D5E9003242EA0102A96C42EA0102E96CE4
:10D4900042EA0102E96A42EA0102696942EA0102DA
:10D4A00072D3A96918680A43A96A0A434C49014022
:10D4B000196029690A4319680A43696A42EA0152F4
:10D4C00048493A4322431A605A68286B1140EA6976
:10D4D0000243686B5960024359680A4342495A60E3
:10D4E0009A6811406A6E9960E96D98680A43296EDE
:10D4F0000A43696D01390A43A96D013942EA0122E3
:10D5000002434FF220009A60D968AA6E0140D960A8
:10D51000E96ED8680A43696F42EA0142296F01390E
:10D5200042EA0122224902438B42DA6019D0294A99
:10D53000934216D000230122C5F89430184685F88E
:10D54000903085F89120F8BD4FF480673FE70246A0
:10D550004FF400673BE762464FF4006737E7234E1E
:10D56000F1E6736C23F00103736495F83830012BF6
:10D57000E0D1D5E90F23013A43EA02137364736CD7
:10D5800043F001037364D5E7A96918680A43184991
:10D5900001401960A96A8DE7012B08BF4FF40074A0
:10D5A00069E7132012274FF0110C1022F6E600BF96
:10D5B000045801400054005800580140440200241F
:10D5C0001BECCB95005C014024580140045C0140F9
:10D5D000046001400454005824540058CDCCCCCCF5
:10D5E00010C005F0F01FFFFF0080F8FF0060014051
:10D5F00010C005F82A6A696D01FB02F2B3FBF2F371
:10D6000022E74FF40070F8F743FE2968FFE64FF475
:10D610000070F8F73DFE2968F1E64FF48070F8F7E6
:10D6200037FE2968E3E64FF48060F8F731FE296899
:10D63000F1E64FF40060F8F72BFEF0E60027C6E6AF
:10D64000022938B5044635D9C81E012830D8002033
:10D6500023676064E064E065A0664FF6FF70606772
:10D66000606830F002000CBF0125002504294FF44A
:10D67000003125650CBF01200D2021664FF480216B
:10D68000A0656166032A13D8DFE802F0474E5436DE
:10D690002368484A934205D002F1C052A2F5823273
:10D6A000934205D16368012B02D1636C002B2FD00C
:10D6B000012038BD002023676064E064A0666068D4
:10D6C00030F0020014BF0120002020654FF48030AC
:10D6D000E0654FF6FF70606713F00100E8D14D1E62
:10D6E000012D29D860664FF400302066032ADFD868
:10D6F000DFE802F05546362CE0215B018022A16470
:10D700006365E266F5F792F894F83830012BBFD0E4
:10D710002046BDE83840FFF7EFBD80211B014022C5
:10D72000A1646365E266EDE780225B01A264636544
:10D73000E266E7E7C021E0E720664FF480206066FC
:10D74000032AB5D8DFE802F02B1C0C025B08E020AE
:10D7500080219A01A0645B01E166C4E91523D1E749
:10D760005B08C022802502294FEA8310A2644FEA99
:10D770004313E5666065A365C4D10823A366C1E7CA
:10D780005B08802202294FEA8310A2644FEA431308
:10D79000E266C4E91503B5D11023A366B2E75B08BE
:10D7A000802040215A01A0641B01E166C4E91523D1
:10D7B000A8E700BF045801402DE9F8430F4604468E
:10D7C0001546F5F71BF8002F61D0B5FA85F84FEA3A
:10D7D0005818002D5BD094F89130012B5FFA83F933
:10D7E00050D194F89030012B4CD04346C4F894802B
:10D7F0000646D4F8800065F30F03226884F8909001
:10D80000394665F31F43A7671C32E3672B46122591
:10D8100084F891502E4DC0F8508005642D4DC5639D
:10D820002D4DC564F6F714FB00283ED1636C082B20
:10D83000636831D005216122023B012B98BF11465C
:10D84000226813690B431361136843F400331360B8
:10D8500006E0F4F7D3FF831BB3F57A7F2AD822685A
:10D86000556915F4E025F4D01368DB0303D413687D
:10D8700043F4803313600023994684F8903048467F
:10D88000BDE8F8834FF002094846BDE8F8834FF041
:10D8900001094846BDE8F88323F00202012A0BBFC4
:10D8A0001521052171226122C6E7484684F890803F
:10D8B000BDE8F883D4F894304FF0030984F8905011
:10D8C00043F040034846C4F89430BDE8F88300BFF5
:10D8D00019DA0008B1D9000899DA0008F8B500296A
:10D8E0004ED0B2FA82F513466D09002A48D090F85E
:10D8F00091200446012AD6B23FD190F89020012A07
:10D900003BD081670A462946222780F8906063F35E
:10D910000F01C0F8945063F31F41C167D0F8840031
:10D9200084F891701E4F216807641E4F1C310565F5
:10D93000C7631D4FC764F6F78BFA20BB23681A68CC
:10D94000D20303D41A6842F480321A60626C082A47
:10D9500062681CD005216120023A012A98BF014665
:10D960001A6900200A4306461A611A6842F4003216
:10D970001A6084F890003046F8BD02263046F8BDA3
:10D9800001263046F8BD304684F89050F8BD22F0AC
:10D99000020101290BBF1521052171206120DBE760
:10D9A00089DA000825DA000899DA0008704700BF14
:10D9B00008B5C369806BB3F5807F1BD003684FF057
:10D9C000000C416C1A680829A0F87EC022F40032CD
:10D9D0001A60426811D06FF0610C6FF00501023AD5
:10D9E000012A98BF61461A694FF0010C0A401A617A
:10D9F00080F891C0FFF7DAFF08BD22F0020101298B
:10DA00000BBF6FF0710C6FF0610C6FF015016FF0D0
:10DA10000501E4E7704700BF806B08B5FFF7FAFF28
:10DA200008BD00BF08B5C369806BB3F5807F1BD00C
:10DA300003684FF0000C416C1A68082922F4003288
:10DA40001A604268A0F87EC011D06FF0610C6FF0D0
:10DA50000501023A012A98BF61461A694FF0010C8C
:10DA60000A401A6180F891C0FBF7C6FB08BD22F09E
:10DA7000020101290BBF6FF0710C6FF0610C6FF0A8
:10DA800015016FF00501E4E7806B08B5FBF778FB43
:10DA900008BD00BF704700BF10B5846BF6F7E2FE0B
:10DAA000022823D0D4F89420216842F08002134B3E
:10DAB0001348C4F894201B680A68A0FB030322F4EF
:10DAC00000321B0B0A600A689B0022F480320A6055
:10DAD0006BB10A68013BD203FAD40122002320462D
:10DAE00084F89120A4F87E30FFF7D4FF10BDD4F85D
:10DAF000943043F04003C4F89430EEE7440200242D
:10DB00001BECCB9518B338B590F82C3004460D4675
:10DB100003F0FF02B3B12146022384F82C3051F800
:10DB2000040B01F0E7FE62682946206801F020FF3F
:10DB3000084A01210020136843F00043136084F871
:10DB40002C1038BD80F82D20F8F7B4FFE3E7012052
:10DB5000704700BF0040005270B590F82C3004466A
:10DB6000022BD8B204D000F0FB06012E01D0012018
:10DB700070BD02230D46206884F82C3001F044FF6C
:10DB80002B68022B03D0002084F82C6070BD052385
:10DB9000002084F82C3070BD38B590F82C30044645
:10DBA000022BD8B205D094F82C30012BDDB201D075
:10DBB000012038BD0223206884F82C3001F038FFA2
:10DBC000002084F82C5038BD2DE9F8431E46D0F8CB
:10DBD0008030202B71D18946002947D0B2FA82F7D4
:10DBE00014467F09002A41D090F87C300546012B6D
:10DBF00063D00123C0F8887080F87C302123C0F8FE
:10DC00008030F4F7FBFDAB688046A5F85440B3F5CF
:10DC1000805FA5F8564060D0B5F856309BB2002B17
:10DC200059D02C68721C24D1E2691306FCD5B9F1D5
:10DC3000000F3DD019F8013BA362B5F85630013B07
:10DC40009BB2A5F85630B5F856309BB2002BE9D1FF
:10DC5000711C35D1E3695A06FCD5002320221846F1
:10DC6000C5F8802085F87C30BDE8F8830120BDE848
:10DC7000F883E3691806DAD4F4F7C0FDA0EB0800D6
:10DC8000864201D3002ECCD12B6820210024032012
:10DC90001A6822F4D0721A609A6822F001029A601F
:10DCA000C5F8801085F87C40C5F88410BDE8F8837D
:10DCB00037F8023BC3F30803BEE70220BDE8F88350
:10DCC000E3695B06C9D4F4F799FDA0EB080086422E
:10DCD000DAD3002ED8D02C68BAE72B69002B9BD161
:10DCE0004F46994698E700BFF8B5D0F88070202FCE
:10DCF00044D1002940D0B2FA82F67609002A3BD0FE
:10DD0000044690F87C00012838D001252123606F5B
:10DD1000A4F856202165C4F88860A4F8542084F83B
:10DD20007C50C4F88030D8B1DFF854C01346226864
:10DD3000C0F83CC0DFF84CC028320665C0F840C0CF
:10DD4000DFF844C0C0F84CC0F6F782F840B11023A9
:10DD5000284684F87C60C4F88830C4F88070F8BD28
:10DD60002368002240211046196284F87C209A68BA
:10DD700042F080029A60F8BD0120F8BD0220F8BD93
:10DD800039DE000869DE0008B9DE0008F8B5D0F811
:10DD90008470202F48D1002944D0B2FA82F6760947
:10DDA000002A3FD090F87C300446012B3CD001255E
:10DDB0002223C0F888608165A0F85C2080F87C5040
:10DDC000C0F88430806FE0B1DFF860C013460A46C7
:10DDD0002168C0F83CC0DFF858C024310665C0F89F
:10DDE00040C0DFF850C0C0F84CC0F6F731F840B181
:10DDF0001023284684F87C60C4F88830C4F880700A
:10DE0000F8BD2368002084F87C001A6842F4807210
:10DE10001A609A6842F001029A609A6842F04002E1
:10DE20009A60F8BD0120F8BD0220F8BD75DE00083B
:10DE3000ADDE0008B9DE000808B5C369806BB3F534
:10DE4000807F0CD003680022A0F856209A6822F048
:10DE500080029A601A6842F040021A6008BDFCF71E
:10DE6000EDF808BD704700BF806B08B5FFF7FAFFFB
:10DE700008BD00BF08B5C369806BB3F5807F12D0C1
:10DE8000036800222021A0F85E201A6822F4807224
:10DE90001A609A6822F001029A609A6822F04002A1
:10DEA0009A60C0F88410FCF7CDF808BD806B08B507
:10DEB000FCF712F908BD00BF806B38B50368D0F8D5
:10DEC0008040D0F884109A68150601D5212C1DD009
:10DED0009A68520601D5222908D0D0F8883043F03C
:10DEE0001003C0F88830FCF73FF938BD00240F4A12
:10DEF0002025A0F85E40196821F490711960996896
:10DF00000A409A60C0F88450C466E6E700222024E4
:10DF1000A0F856201A6822F0C0021A609A6822F40B
:10DF200000029A60C0F88040D2E700BFFEFFFFEF1A
:10DF30000268D36970B51E0715680446916800F041
:10DF400084806C4805F4907C08405CEA00061DD192
:10DF5000D80202D54E0200F19D80180606D501F4C4
:10DF6000000105F08000014340F08C805E0602D580
:10DF7000680600F19B80190202D56A0000F1A380B7
:10DF8000DB0102D5002DC0F2AA8070BDDE0709D5E5
:10DF9000EE0507D501261662D4F8886046F0010622
:10DFA000C4F888609E0760D5CE0709D502261662A0
:10DFB000D4F8886046F00406C4F888605E0758D438
:10DFC0001E070CD505F0200C5CEA000007D00820E5
:10DFD0001062D4F8880040F00800C4F88800D4F833
:10DFE00088000028D1D09E0606D505F0200501F056
:10DFF000805155EA01036BD1D4F88850936805F03D
:10E00000080503F040031D436ED0116820203A4BF1
:10E0100021F49071116091680B4000219360C4F865
:10E0200084009368E1665D063CD59368A06F23F099
:10E0300040039360002835D0304B0365F6F728F88D
:10E040000028A2D0A06F036D0CE09E0680D505F0DD
:10E05000200C01F0805E5CEA0E063FF479AFC36EDF
:10E06000002B92D0BDE8704018475E07A8D5CE07B8
:10E07000A6D504261662D4F8886046F00206C4F8D5
:10E0800088609DE7236F002B3FF47FAF2046BDE8FB
:10E09000704018474FF4801320461362BDE870406B
:10E0A00001F068BB2046FCF75FF870BD13682020C4
:10E0B000002123F040031360C4F88000204621674C
:10E0C000FBF7BCFF70BD2046BDE8704001F056BBB9
:10E0D000E36E002B90D02046984722688CE72046BC
:10E0E000BDE8704001F048BB2046FCF73DF8C4F89D
:10E0F000885070BD01000010FEFFFFEF01E1000835
:10E1000008B5806B0023A0F85E30A0F85630FCF70D
:10E110002BF808BDD0F88020D0F884001043704759
:10E12000F0B58268044687B02368D0E904101D6802
:10E130000A43616E0243E06902430A43A849294049
:10E14000A84D0A43E168AB421A605A6822F4405273
:10E1500042EA0102A1695A6000F09D80226A9D682E
:10E160001143A14A666A2A4011439960DA6A22F093
:10E170000F023243DA629D4A934224D09C4A934272
:10E1800055D09C4A934200F02F829B4A934200F064
:10E190009B829A4A934200F0E980994A934200F0A8
:10E1A0009D82984A934200F0D885974A934200F0A6
:10E1B000D682012500234FF0011228462367C4E9C7
:10E1C0001A2307B0F0BD914B5B6D03F03803282B89
:10E1D000EFD88F4AD55CB0F5004F33D0202D00F238
:10E1E000D981202D00F2B680DFE815F0A8017B016F
:10E1F000B400B4007201B400B400B4004901B4002A
:10E20000B400B400B400B400B400B4001C01B40005
:10E21000B400B400B400B400B400B400B400B4005E
:10E22000B400B400B400B400B400B400CA00774B2A
:10E230005B6D03F00703052BBBD8764AB0F5004FA2
:10E24000D55CCBD1202D00F21482202D00F200826B
:10E25000DFE815F08A035804FE01FE012804FE01E0
:10E26000FE01FE018604FE01FE01FE01FE01FE012B
:10E27000FE01FE01F203FE01FE01FE01FE01FE01B0
:10E28000FE01FE01FE01FE01FE01FE01FE01FE0196
:10E29000FE01FE01B7039868534A02405B480A43F7
:10E2A0009A60DA6A616A22F00F020A43DA62836DC9
:10E2B00003F00703052B3FF67CAF574AD65C202EB0
:10E2C00000F29C81012E7FF674AFB31E1E2B3FF629
:10E2D00070AF01A252F823F08FE80008B3E1000804
:10E2E00039E80008B3E10008B3E10008B3E1000831
:10E2F00003E90008B3E10008B3E10008B3E1000856
:10E30000B3E10008B3E10008B3E10008B3E100089D
:10E31000A3E80008B3E10008B3E10008B3E1000896
:10E32000B3E10008B3E10008B3E10008B3E100087D
:10E33000B3E10008B3E10008B3E10008B3E100086D
:10E34000B3E10008B3E10008B3E10008B3E100085D
:10E3500019E9000801250023A3F110014FF6EF721F
:10E3600091423FF626AF2268D36023E7274B5B6DCF
:10E3700003F00703052B3FF61CAF284AD55C2AE7BC
:10E38000002E00F0B581012E00F09E85022E00F0D7
:10E39000B185032E00F0D885042E00F0F485052EFB
:10E3A00000F08486062E00F0BE86072E00F0FD8663
:10E3B000082E00F05087092E00F07B870A2E00F00F
:10E3C000DC8743F60953164A0B2E18BF13466268C2
:10E3D000002503EB5203B3FBF2F39BB2BCE700BF93
:10E3E000F369FFCF000C0058FFF4FF11001001404B
:10E3F0000044004000480040004C004000500040F5
:10E400000014014000780040007C004000440258A5
:10E41000703D01089C3D0108A43D01089C3D010898
:10E4200000093D00B34B1A68920640F16F811A68EB
:10E43000B14BC2F3C102D340002EC8D0012E00F070
:10E44000EF81022E00F0C584032E00F0BF84042E5D
:10E4500000F02B85052E00F09D86062E00F0DC8650
:10E46000072E00F01C86082E00F04E86092E00F0C4
:10E470008E860A2E00F0E3860B2EA8D126E003A894
:10E48000F7F78AFD626A049B002AA0D0012A00F0F7
:10E49000C781022A00F09D84032A00F09784042A91
:10E4A00000F00385052A00F0FD84062A00F07E8531
:10E4B000072A00F0F485082A00F02686092A00F0D1
:10E4C00066860A2A00F0BB860B2A80D11B0A7EE7EB
:10E4D0006846F7F7A3FC626A019B002A3FF477AF16
:10E4E000D4E7F6F73BFE636A03B3012B00F0F38435
:10E4F000022B00F0CE84032B00F0C884042B00F024
:10E500001785052B00F01185062B00F00686072BDA
:10E5100000F04886082B00F09B86092B00F0E1866E
:10E520000A2B00F03B870B2B08BF000A626800250E
:10E5300000EB5203B3FBF2F39BB20DE7F6F7F2FDEB
:10E54000636A03B3012B00F0C984022B00F0A78497
:10E55000032B00F0A184042B00F0E484052B00F0D1
:10E56000DE84062B00F0E685072B00F03686082BAC
:10E5700000F08786092B00F0B1860A2B00F0FA869E
:10E580000B2B08BF000A626800EB5203B3FBF2F3E7
:10E590009BB2E1E6402D7FF40CAE002E00F0DC8053
:10E5A000012E00F09484022E00F0A784032E00F0C8
:10E5B000C784042E00F0EC84052E00F07A85062E28
:10E5C00000F0B485072E00F0FE85082E00F0498685
:10E5D000092E00F08B860A2E00F029870B2E0CBF27
:10E5E00080234FF40043F2E6424B5B6D03F00703D8
:10E5F000052B3FF6DEAD414AD55CECE5402E7FF4BD
:10E60000D8AD002900F0B580012900F06E84022900
:10E6100000F08284032900F0AF84042900F03B85D8
:10E62000052900F06985062900F0AD85072900F06D
:10E63000EF85082900F03686092900F05B860A2953
:10E6400000F0F9860B290CBF80254FF4004592E0BD
:10E6500001250023A3F110014FF6EF7291423FF61E
:10E66000A8AD23F00F02C3F3420313432268D36023
:10E67000A0E5402D7FF49DAD002E00F0D380012E4B
:10E6800000F0D280022E00F06D84032E00F0F4849E
:10E69000042E00F02585052E00F06885062E00F07A
:10E6A000C285072E00F01086082E00F04886092E3D
:10E6B00000F059860A2E00F0EC860B2E0CBF4FF4AA
:10E6C00080704FF48030AFE00A4B5B6D03F00703BE
:10E6D000052B3FF66EAD0A4AD55C7CE5054B5B6DBC
:10E6E00003F03803282B3FF664AD064AD55C72E58B
:10E6F000054B6CE6004402580090D0039C3D010895
:10E700009C3D0108703D010800093D00002E00F00D
:10E71000BA83012E00F0FD83022E00F02A84032E1E
:10E7200000F0B684042E00F0E484052E00F0288565
:10E73000062E00F08785072EDAD0082E00F0C4835D
:10E74000092E00F0D7830A2E00F01D84B44BB54A81
:10E750000B2E18BF13463AE64FF4004337E6B24B90
:10E760005B6D03F00703052B3FF623ADAF4AD55C85
:10E7700031E54FF40045676807EB4703AB423FF6CE
:10E7800018ADB5EB073F3FF614AD202E00F2F08236
:10E79000012E7FF60EAD023E1E2E3FF60AAD01A3FE
:10E7A00053F826F0E1EC0008B3E10008B7EC0008EC
:10E7B000B3E10008B3E10008B3E1000855EC00083C
:10E7C000B3E10008B3E10008B3E10008B3E10008D9
:10E7D000B3E10008B3E10008B3E10008E9EB000889
:10E7E000B3E10008B3E10008B3E10008B3E10008B9
:10E7F000B3E10008B3E10008B3E10008B3E10008A9
:10E80000B3E10008B3E10008B3E10008B3E1000898
:10E81000B3E10008B3E10008B3E1000871EB0008C0
:10E820005B08D4E54FF480306268002500EB5203AA
:10E83000B3FBF2F39BB20DE76846F7F7EFFA636AB2
:10E84000019D03B3012B00F0CF82022B00F0C782A1
:10E85000032B00F0C182042B00F02F83052B00F066
:10E860002983062B00F09883072B00F02684082BC1
:10E8700000F04D84092B00F09B840A2B00F0FB84F0
:10E880000B2B00F06582002D3FF494AC73E7F7F793
:10E89000B3FA636A0546002BD4D1002D3FF48AAC4D
:10E8A00069E7614B1A68950640F1A5821B685D4DCA
:10E8B000C3F3C103DD4000293FF45DAF012900F03F
:10E8C0004D83022900F04683032900F04083042988
:10E8D00000F04584052900F08384062900F0D484E3
:10E8E000072900F02085082900F04F85092900F04C
:10E8F000F9850A2900F0FD850B297FF43CAF2D0A2C
:10E9000039E703A8F7F748FB636A049D002B99D108
:10E91000002D3FF44FAC2EE7002900F06A82012958
:10E9200000F0DF82022900F0F282032900F0288340
:10E93000042900F0AA83052900F0D883062900F0F5
:10E940002E84072900F06184082900F0AF8409298A
:10E9500000F0EF840A2900F0148543F60955344B82
:10E960000B2918BF1D4606E7F6F7DCFB636A03B305
:10E97000012B00F0CA82022B00F0F782032B00F07B
:10E980007F83042B00F0B083052B00F0EB83062B74
:10E9900000F05084072B00F09E84082B00F0B9840F
:10E9A000092B00F0E4840A2B00F070850B2B08BFC4
:10E9B000000A61684A0802EB4003B3FBF1F39BB223
:10E9C00048E6002E00F03A82012E00F09A82022ED4
:10E9D00000F0C682032E00F04D83042E00F07E83EB
:10E9E000052E00F0BA83062E00F02184072E00F0D9
:10E9F0006F84082E00F08284092E00F0CC840A2E49
:10EA000000F06C8547F612230A4A0B2E18BF1346F6
:10EA10006268002503EB5203B3FBF2F39BB219E6E5
:10EA200090D003000090D003004402589C3D0108A0
:10EA300000093D0000127A00A44B1A68910640F1CB
:10EA4000FF811A68A24BC2F3C10223FA02F206B395
:10EA5000012E00F0B182022E00F03783032E00F069
:10EA60006F83042E00F0C683052E00F00084062E6E
:10EA700000F06F84072E00F07184082E00F00385EB
:10EA8000092E00F03C850A2E00F036850B2E08BFBB
:10EA9000120A616800254B0803EB4203B3FBF1F354
:10EAA0009BB2D7E56846F7F7B9F9626A019902B3F4
:10EAB000012A00F00782022A00F01A82032A00F0DD
:10EAC0003A82042A00F06282052A00F0EB82062ACC
:10EAD00000F01683072A00F07483082A00F0A1834F
:10EAE000092A00F001840A2A00F05B840B2A08BF7F
:10EAF000090A62680025530803EB4103B3FBF2F3F4
:10EB00009BB2A7E5F6F72AFB636A03B3012B00F07B
:10EB1000FA81022B00F02B82032B00F08382042B5E
:10EB200000F0DA82052B00F02583062B00F06983C4
:10EB3000072B00F0C283082B00F0EE83092B00F0B6
:10EB40007E840A2B00F08D840B2B08BF000A6168BD
:10EB500000254A0802EB4003B3FBF1F39BB279E5D1
:10EB600003A8F7F719FA626A0499002AC1D09FE74F
:10EB7000616A002900F05482012900F01F830229F4
:10EB800000F08B83032900F0BF83042900F0008488
:10EB9000052900F0AA84062900F08E84072900F0D8
:10EBA0008784082900F0E584092900F0DE840A2919
:10EBB00000F0A8844748484B0B2918BF184600218D
:10EBC0007B083A4618184FF0000341F10001F1F7B5
:10EBD0009BFDA0F54073414A93423FF6EAAA2368A1
:10EBE0000025D860FFF7E6BA384A116811F0200115
:10EBF00000F0E781136800213548C3F3C103D84012
:10EC0000636A0BB3012B00F04B83022B00F07F8370
:10EC1000032B00F00584042B00F05D84052B00F02D
:10EC20002C84062B00F0A984072B00F0B484082B59
:10EC300000F0AD84092B00F094840A2B00F08D8441
:10EC40000B2B01D1000A00210902030241EA1061E5
:10EC50007808B6E703A8F7F79FF90498636A0021DC
:10EC600002460BB3012B00F03582022B00F08682A6
:10EC7000032B00F0C182042B00F02183052B00F050
:10EC80004D83062B00F09083072B00F02184082B86
:10EC900000F00B84092B00F004840A2B00F052844E
:10ECA0000B2B01D1100A002162680902030241EA1C
:10ECB0001061500886E76846F7F7B0F80198636A74
:10ECC00000210246002BEFD0CCE700BF00440258E1
:10ECD0000090D00300093D000000093DFFFC0F003B
:10ECE000F7F78AF8626A002103460AB3012A00F0A6
:10ECF0006E82022A00F0B982032A00F02483042ADB
:10ED000000F09383052A00F0A683062A00F0DA8338
:10ED1000072A00F0D583082A00F01C84092A00F095
:10ED200015840A2A00F02F840B2A01D1030A00213E
:10ED300062680902180241EA13615308C0184FF0D3
:10ED4000000341F10001F1F7DFFCA0F5407342E759
:10ED50002D0A002D3FF42EAA0DE5B54B5B6D03F097
:10ED60000703052B3FF625AAB24AD55CFFF733BA55
:10ED7000402E7FF41EAA616A002900F04E8101290D
:10ED800000F02782022900F08482032900F0CE825D
:10ED9000042900F05783052900F05983062900F063
:10EDA0006883072900F06083082900F0B7830929E8
:10EDB00000F0AF830A2900F0C0830B294FF0000157
:10EDC0000CBF4FF400404FF40000F9E69A4AA2FB52
:10EDD00003239B08FFF7FBBA974BA3FB0535AD0850
:10EDE000002D3FF4E7A9C6E46D08002D3FF4E2A929
:10EDF000C1E4924DBFE400295AD0012900F0AC8053
:10EE0000022900F0DB80032900F06181042900F071
:10EE1000A181052900F0EB81062900F0168207295F
:10EE2000E7D008295DD0092971D00A2900F02D8189
:10EE3000834D844B0B2918BF1D469CE4824BE7E5AC
:10EE4000002E50D0012E00F0AF80022E00F03B814A
:10EE5000032E00F07A81042E00F0C781052E00F009
:10EE6000FD81062E00F04D82072EE7D0082E48D0F7
:10EE7000092E75D00A2E00F03181744B744A0B2E86
:10EE800018BF1346C4E56F4BFFF7A1BA6A4BA3FB4B
:10EE900000308008FFF74ABB674BA3FB00308008B7
:10EEA000FFF771BB6B4AA2FB0323DB08FFF78FBAA6
:10EEB000644D60E4674BA3FB0535ED08002D3FF47E
:10EEC00079A958E4490814E6634BFFF780BA4FF478
:10EED0008043FFF77CBA4008FFF728BB4008FFF7E4
:10EEE00052BB5D4D47E45A4B92E54FF4804542E4F6
:10EEF0008908FEE5594BFFF76ABA4FF40053FFF754
:10EF000066BA4E4B84E5400821E6400851E5534D72
:10EF100031E4534BFFF75BBA4FF400552BE44D4BF4
:10EF2000A3FB0030C008FFF72EBB4A4BA3FB003009
:10EF3000C008FFF7FBBA404BA3FB01239908D8E5B3
:10EF400041F25553FFF743BA464BFFF740BA3A4BED
:10EF5000A3FB0535AD080EE4414D0CE46D080AE451
:10EF60003D4B55E54FF480405EE4800821E5800884
:10EF7000EDE53D4BFFF72BBA41F25555FFF7FBBBD3
:10EF8000384DFFF7F8BB314BFFF721BAC908B0E5A0
:10EF90004FF48053FFF71BBA0C23B5FBF3F5002D9C
:10EFA0003FF408A9FFF7E7BB264B31E5224AA2FB55
:10EFB0000323DB08FFF70BBA52086AE52A4DFFF777
:10EFC000DABB626A002A00F0C280012A00F079816F
:10EFD000022A00F0B281032A00F0C381042A00F063
:10EFE0005E82052A00F05982062A00F09E82072AD6
:10EFF00000F09982082A00F09D82092A00F0978289
:10F000000A2A00F083820B2A184A0E4B0EBF0021F9
:10F010000321134678083A4690E64FF40000CFE506
:10F020001348CDE5044BA3FB002398088FE500BFF0
:10F03000004402589C3D0108ABAAAAAA00093D0061
:10F0400090D003000090D00300127A0020A10700A6
:10F050000020A107CDCCCCCC80841E0040420F0004
:10F060000048E8012A2C0A000024F400000090D097
:10F070000000093DCF4BCBE442F6AA20FFF7D4BBFA
:10F08000CD4BA3FB0023980893E4CC4DFFF773BB53
:10F09000CB4BFFF79CB94FF48055FFF76CBB1B09B6
:10F0A000FFF795B90A23B1FBF3F122E5C54BFFF752
:10F0B0008EB940F6CC43FFF78AB92D09002D3FF4F5
:10F0C00079A8FFF758BBC04BA2E49208E1E4BC4D1D
:10F0D000FFF751BB4008E7E5C00838E5BB4B97E4B4
:10F0E0004FF40050FFF7A0BBC00862E4B54DFFF736
:10F0F00042BBB74BFFF76BB940F6CC45FFF73BBBC4
:10F100000C23B1FBF3F1F4E45B09FFF760B96D097F
:10F11000002D3FF44FA8FFF72EBBA74BA3FB0030F9
:10F12000C008FFF703BAAB4BFFF751B940F6AA236B
:10F13000FFF74DB9A04BA3FB0030C008FFF723BA7F
:10F140009D4BA3FB02239A08A3E4A34B60E4A34BCB
:10F1500003215FE79E4DFFF70EBBA14B58E4ED087E
:10F16000FFF709BB0A23B0FBF3F022E441F6981045
:10F17000FFF75ABB0A23B0FBF3F0E8E4800893E5FD
:10F18000984BFFF724B940F6AA25FFF7F4BA9B097C
:10F19000FFF71DB90A22B3FBF2F3FFF718B98D4D43
:10F1A000FFF7E9BA0009FFF7C1B98F4BFFF70FB9B5
:10F1B000AD09002D3EF4FEAFFFF7DDBA8B4800210C
:10F1C000FEE4090995E44FF40063FFF700B9430832
:10F1D000AEE54FF480000021F2E40009FFF7D3B957
:10F1E0000A23B5FBF3F5FFF7C6BA814B10E47D4D5A
:10F1F000FFF7C1BAD2084CE406220023F1F784FAE3
:10F2000052E50C23B0FBF3F0A1E4774DFFF7B3BA5E
:10F210004FF40065FFF7AFBA0C22B3FBF2F3FFF730
:10F22000D6B8490965E441F25450FFF7FDBA714B75
:10F23000FFF7EEBB0C23B0FBF3F0FFF7BABBDB0923
:10F24000FFF7C5B86C4BFFF7C2B86B4DFFF793BA29
:10F250004009FFF76BB9694BFFF7B9B8684BFFF787
:10F26000D7BB4FF48063FFF7B2B8830860E50A2389
:10F27000B2FBF3F20DE4ED09002D3EF49BAFFFF776
:10F280007ABA4009FFF77FB90C23B5FBF3F5FFF716
:10F2900072BA4FF40010002192E45A4800218FE422
:10F2A0004008D1E44FF48065FFF765BA534DFFF78E
:10F2B00062BA4FF22443FFF78AB8000947E4C00856
:10F2C000F2E4514B1146A5E64FF48050FFF7ACBA7B
:10F2D0003A4BFFF79DBB0009FFF76BBB8009FFF7B7
:10F2E00052B98009FFF722B9890902E44FF400738B
:10F2F000FFF76DB84FF40075FFF73DBA3A4BFFF7D3
:10F3000087BB2F4BFFF784BB4048002158E480089F
:10F310009AE44009FFF74DBB400918E40A22002394
:10F32000F1F7F2F9C0E42D09FFF725BA38480021BA
:10F3300046E44FF22445FFF71EBA364B6AE64FF417
:10F340000060FFF771BA00230622F1F7DDF90346EA
:10F35000EEE40C23B2FBF3F2FFF79BBB1209FFF7BD
:10F3600098BB2D4B56E64FF48060FFF75DBA8009DD
:10F37000FFF71FBBC009FFF706B947F61223FFF7D7
:10F3800026B847F61225FFF7F6B96D09FFF7F3B96E
:10F390002248002114E4194BFFF73ABBC009FFF7DC
:10F3A000C5B8C909FFF7A5BB0C220023F1F7ACF9DA
:10F3B0007AE400BF54581400ABAAAAAA20A10700FF
:10F3C000AAC2A200801A06000048E80140420F00CD
:10F3D00000127A001516050054854501000090D0F2
:10F3E00000350C0000A8610090D003000080841E4E
:10F3F0000024F4002A2C0A005561510048E801005D
:10F400000050C3000040420F000048E8002A2C0AC8
:10F4100000551500000024F400AAC2A20020A10794
:10F4200006220023F1F770F90EE4C30880E44FF4DC
:10F430008073FEF7CCBF4FF48075FFF79CB980094D
:10F44000FFF785BB4FF480100021FFF7B9BB53488D
:10F450000021FFF7B5BB00230A22F1F755F9034657
:10F4600066E4C009FFF773BB4FF400200021FFF7EB
:10F47000A7BB4B480021FFF7A3BB0A220023F1F7EB
:10F4800043F9FFF7E1BB5209FFF703BBC009FFF7E0
:10F4900090BA4FF40070FFF7C7B9424BBAE5424B40
:10F4A000B8E590090021FFF7FFBB4009FFF7FCBB5F
:10F4B0003E480021FFF784BB3D480021FFF780BB99
:10F4C000030935E400230C22F1F71EF903462FE46B
:10F4D0000009FFF7E9BBC008FFF7B6BB4FF22443B2
:10F4E000FFF796BAAD09FFF746B932480021FFF79A
:10F4F00067BBED09FFF73FB9D209FFF7CABA920916
:10F50000FFF7C7BA2C480021FFF75ABB2B4B00214D
:10F5100080E54FF400300021FFF752BB4FF480200C
:10F520000021FFF74DBB264B74E5264B72E5264BB9
:10F5300000216FE5254B00216CE54FF48030002160
:10F54000FFF73EBBD0090021FFF7AEBB83090021C6
:10F55000FFF7EEBB4309FFF7EBBBC0090021FFF744
:10F5600073BB80090021FFF76FBB19480021FFF72B
:10F5700027BB18480021FFF723BB0C220023F1F71B
:10F58000C3F8FFF761BBC3090021FFF7D1BB4009F6
:10F590000021FFF759BB0009FFF756BB00CC0C0058
:10F5A00000AA0A000000A8610000127A0090D003AF
:10F5B0000015160500801A0600127A000020A10727
:10F5C0000000093D005561510040420F0080841E3B
:10F5D0000024F4000048E801836ADA0710B406D575
:10F5E0000168C46A4A6822F4003222434A609C07D8
:10F5F00006D50168046B4A6822F4803222434A60CF
:10F60000590706D50168446B4A6822F480222243D8
:10F610004A601A0706D50168846B4A6822F40042E2
:10F6200022434A60DC0606D50168C46B8A6822F46E
:10F63000805222438A60990606D50168046C8A6864
:10F6400022F4005222438A605A060AD50168446CAB
:10F650004A68B4F5801F22F4801242EA04024A602C
:10F660000BD01B0606D50268C16C536823F4002337
:10F670000B4353605DF8044B70474A68846C22F476
:10F68000C00222434A60ECE7002370B50446C0F88C
:10F690008830F3F7B3F8054623681A6811070CD4CD
:10F6A0001A68520725D420220023C4F88020184667
:10F6B000C4F8842084F87C3070BDDE6916F400162E
:10F6C000EED1F3F79BF8431BB3F1007F2368F4D32B
:10F6D0001A682021032022F4D0721A609A6822F05E
:10F6E00001029A60C4F8801084F87C60C4F8841029
:10F6F00070BDDE6916F48006D5D1F3F77FF8431BA1
:10F70000B3F1007F2368F4D3E2E700BF80B3D0F801
:10F71000803010B5044633B3226824232046C4F851
:10F720008030136823F001031360FEF7F9FC012811
:10F7300017D0A36A8BB9236820465A6822F49042F6
:10F740005A609A6822F02A029A601A6842F001020E
:10F75000BDE810401A60FFF797BF2046FFF73CFF57
:10F76000E9E7012010BD80F87C30FAF7BBF9D3E758
:10F7700001207047704700BF704700BF704700BF4F
:10F7800090F87C20012A17D002680346242000212B
:10F7900030B4C3F8800020251068146820F00050B1
:10F7A00024F001041460596610600846C3F88050C4
:10F7B00083F87C1030BC70470220704790F87C20A2
:10F7C000012A43D002680346242030B4C3F88000E5
:10F7D00084B014681068EC4604AD20F0010010609D
:10F7E000906820F0604001431948916003C88CE89C
:10F7F0000300184903C905E90300596E19B391685C
:10F800009068C1F3426C05EB5071AC4411F8100CD8
:10F8100011F8081CC0001CF8085CB0FBF1F01CF8E3
:10F82000101CC900B1FBF5F1A3F868100021A3F882
:10F830006A00202508461460C3F8805083F87C10C5
:10F8400004B030BC704701210846EDE70220704744
:10F85000283B0108AC3D010890F87C20012A43D0E8
:10F8600002680346242030B4C3F8800084B01468D2
:10F870001068EC4604AD20F001001060906820F0A4
:10F88000606001431948916003C88CE8030018497F
:10F8900003C905E90300596E19B391689068C1F373
:10F8A000426C05EB5071AC4411F8100C11F8081CB7
:10F8B000C0001CF8085CB0FBF1F01CF8101CC9007B
:10F8C000B1FBF5F1A3F868100021A3F86A00202528
:10F8D00008461460C3F8805083F87C1004B030BC34
:10F8E000704701210846EDE702207047283B0108D8
:10F8F000AC3D01080B6810B4D3B90468A3F500430C
:10F900004A6823401343D1E9024223431343D1E918
:10F91000044223431343D1E9064223431343D1E96D
:10F92000084223435DF8044B1343036000207047F3
:10F930000268D1E9074322F4F84222434C6A1A4391
:10F940000A4B2243026042681340D1E9014223433B
:10F950001343D1E9034223431343D1E9054223432F
:10F960005DF8044B13434360002070470080FFFFA5
:10F9700030B40ABB8368D1E9002403F07043013C32
:10F98000013A43EA04131343D1E90224013A013C4A
:10F9900043EA022343EA0432D1E904348969013B92
:10F9A000013C013942EA034343EA045343EA016359
:10F9B00030BC8360002070478268CC68114B013CEA
:10F9C00013404A6943EA0433541E43EA0454D1E91C
:10F9D00000258460C3686C1E013A03F0704343EA5B
:10F9E00004130C691A438B68013C8969013B013996
:10F9F00042EA032343EA044343EA016330BCC360A1
:10FA000000207047FF0F0FFF0246D1E9003010B40D
:10FA100003431469D1E9021023435DF8044B013913
:10FA200043EA4023002043EA41131361704700BFBB
:10FA30000246054B002010B4546923405DF8044B86
:10FA400043EA41015161704701C0FFFF022A82B0C1
:10FA5000844613D009230193DCF80C30002023F4F2
:10FA60007053CCF80C30019BDCF80C209B0203F4A3
:10FA700070531343CCF80C3002B07047224B234A2A
:10FA80000B44934207D9224B224A0B44934205D898
:10FA90000E230193E0E70F230193DDE71E4B1F4A7E
:10FAA0000B44934207D91E4B1E4A0B44934205D286
:10FAB0000C230193D0E70D230193CDE71A4B1B4A8A
:10FAC0000B44934202D80B230193C5E7184B194A04
:10FAD0000B44934202D20A230193BDE7164B174A07
:10FAE0000B449342B6D3164B164A0B44934202D2B0
:10FAF00008230193B0E7144B144A0B44934234BFDC
:10FB0000072306230193A7E7405327FFFF340C0088
:10FB1000401E1BFF3F420F0000DC0BFF7F4F120017
:10FB2000808CF9FE20D6130060B6E5FE5FE3160078
:10FB300000D3CEFE40771B00C05BB3FEC091210016
:10FB400000CA91FE20753800E05459FEE09C410047
:10FB5000890182B000230A4A41F02001019301612A
:10FB600003E0036913F0200307D0019B01339342A4
:10FB70000193F6D9032002B07047184602B07047CF
:10FB8000400D0300D0F8083882B003F0060301935B
:10FB9000019838B10198022804D0019B062B0CBFB4
:10FBA00002200F2002B0704730B44B780A78012B46
:10FBB00020D002F00F0C4FF48033D0F81C4800EB3B
:10FBC000421203FA0CF32343C0F81C38D2F8003B6E
:10FBD0001B040CD48B68D2F8004BC3F30A03C8781B
:10FBE0001449234343EA80431943C2F8001B002011
:10FBF00030BC704700F5006402F00F0500EB4210C6
:10FC0000AB40E5692B43E361D0F800391C04EED426
:10FC10008B68D0F80059C3F30A03CC7805492B430D
:10FC200043EA844343EA8252114330BCC0F80019CE
:10FC300000207047008000102DE9F0414B7891F8CA
:10FC400000C0012B51D000EB4C1C844CDCF8105B45
:10FC50000CF530632C401C61814C1D692C401C61EB
:10FC60004C6984B38D68012A7E4E2C4404F1FF3424
:10FC7000B4FBF5F406EAC44EA4B205FB04F41D6916
:10FC80004EEA0505C4F312041D611D6944EA05042A
:10FC90001C6125D0CB78012B0CD1D0F8083813F497
:10FCA000807FDCF8003B0CBF43F0005343F08053EF
:10FCB000CCF8003BDCF8003B43F00443CCF8003BBD
:10FCC0000020BDE8F0818C68012A1D69C4F312048C
:10FCD00044EA05041C611C6944F400241C61D9D168
:10FCE000CA68002AD6D05A61D4E74D69002D3DD0AC
:10FCF00000EB4C14594ED1F808E0D4F81089584F55
:10FD000008EA0606C4F8106905EB0E06013EB6FBCC
:10FD1000FEFED4F810693740524EC4F8107906EA56
:10FD2000CE46D4F810793E43C4F81069C5F31206E4
:10FD3000D4F810793E43C4F8106904F5106691F8C0
:10FD400003E0BEF1010F57D0012A72D0D4F8002988
:10FD50000CF00F0C42F0044203FA0CF3C4F8002933
:10FD6000D0F834281343C0F83438A9E700EB4C131B
:10FD70003B4E3A4C012AD3F8107906EA0706C3F83D
:10FD80001069D3F8106946F40026C3F81069D3F857
:10FD9000106904EA060403F51066C3F8104991F8E7
:10FDA00003E03AD0D3F80049BEF1010F44F0044417
:10FDB000C3F8004984D1D0F8083813F4807F336841
:10FDC0000CBF43F0005343F080533360002A7FF4AC
:10FDD00077AFADB20335AD083FF472AFCB6800EB3F
:10FDE0000C3C03EB85010CF5805C53F8042B8B4233
:10FDF000CCF80020F9D163E73369012A23F0C0432E
:10FE00003361336943F00053336117D0D4F80039BC
:10FE100043F00443C4F80039CDE70B6963B9BEF180
:10FE2000010F0ED03368002043F004433360BDE877
:10FE3000F0810B69002BF5D07361F0E70B69002BA3
:10FE4000FAD1D0F8083813F4807F33680CBF43F040
:10FE5000005343F080533360E4E700BF0000F8FF35
:10FE6000FFFF07E00000F81FF0B54C780B78012C7D
:10FE700026D000EB4310574CD0F8105B00F53063F0
:10FE80002C401C61544C1D692C401C614C69A4B968
:10FE90008C681D69C4F31204012A45F400251D6114
:10FEA0001D6944EA05041C6149D0D0F8003B43F0C9
:10FEB0000443C0F8003B0020F0BD8C684C61E8E7CB
:10FEC0004C69002C40D000EB4315424FD1F808E0BC
:10FED000D5F810C9404E74450CEA070705F5106CBB
:10FEE000C5F81079D5F8107906EA0706C5F8106943
:10FEF00058D9DCF81040012AC1F814E044F4002479
:10FF0000CCF81040CEF31204DCF8106044EA06048A
:10FF1000CCF810403AD0D5F8002942F00442C5F898
:10FF20000029BEF1000FC6D003F00F010123D0F865
:10FF300034288B401343C0F834380020F0BDCA6821
:10FF4000002AB2D05A61B0E700EB4310224B012ADD
:10FF5000D0F8104900F5106C03EA0403CCF8103017
:10FF6000DCF8103043F40023CCF81030194BDCF8E7
:10FF7000104003EA0403CCF8103007D0D0F8003961
:10FF800043F00443C0F800390020F0BD0B690BB109
:10FF9000CCF81430DCF80030002043F00443CCF8F7
:10FFA0000030F0BDDCF81060C4F31204012A46F4FE
:10FFB0000026CCF81060DCF8106044EA0604CCF8A7
:10FFC0001040E3D0D5F8002942F00442C5F80029DA
:10FFD000AAE700BF0000F8FFFFFF07E010B49DF89C
:10FFE000044064B903339B0809D0013201EB830359
:10FFF00000EB023051F8042B8B420260FAD1002052
:020000040801F1
:100000005DF8044B704700BF033292080AD000F538
:10001000805C01EB8200DCF8003041F8043B884250
:10002000F9D17047084670474A780B78012A00EBEF
:1000300043100CD0D0F8002B0BB1002A14DAD0F802
:10004000003B43F40013C0F8003B00207047D0F899
:100050000029002A00DB73B9D0F8003943F40013FB
:10006000C0F8003900207047D0F8003B23F08043EF
:10007000C0F8003BE3E7D0F8003923F08043C0F834
:100080000039D0F8003943F40013C0F80039E9E72B
:100090004A780B78012A00EB431013D0D0F8003BCC
:1000A00023F40013C0F8003BCB78023B012B01D9AD
:1000B00000207047D0F8003B43F08053C0F8003B6D
:1000C00000207047D0F8003923F40013C0F800393D
:1000D000CB78023B012BEBD8D0F8003943F08053AA
:1000E000C0F8003900207047034609010020D3F80A
:1000F000002801F4FE6122F4FE62C3F80028D3F860
:1001000000281143C3F80018704700BF82B043694C
:1001100001938269019B13400193019802B07047DB
:1001200082B0D0F818380193D0F81C28019B1340F6
:1001300001930198000C02B0704700BF82B0D0F864
:1001400018380193D0F81C28019B134001930198A3
:1001500080B202B0704700BF00EB411182B0D1F80D
:10016000083B0193D0F81428019B13400193019898
:1001700002B0704784B0D0F8103801F00F0C00EBDB
:1001800041110293D0F834380393039B029A23FA67
:100190000CF3DB01DBB213430293D1F80839029A66
:1001A00013400193019804B0704700BF406900F00C
:1001B00001007047D0F8001900F500630A4A0A40B0
:1001C000C0F800299A6802F00602042A05D1D0F886
:1001D000002942F00302C0F800295A68002042F4C6
:1001E00080725A60704700BF00F8FFFF144B10B4D4
:1001F000046C9C421AD800F5306000230129036189
:10020000036943F400230361036943F018030361A6
:10021000036943F0C043036104D14261036843F0C2
:100220008023036000205DF8044B7047D0F8003B4A
:1002300000F53060002BE0DA00205DF8044B7047D9
:100240000A30544FD0F8002401F00303012900F5CF
:10025000806C22F00302C0F80024D0F8002443EAA6
:100260000203C0F8003409D0022901D000207047F1
:1002700041F270730020CCF8043070474BF68033A5
:100280000020CCF804307047D0F8140480B27047D6
:1002900000EB4111002382B001F5A0620193D1F877
:1002A000003513F4802FD1F8003543F08043C1F8B6
:1002B000003522D1C36A13F47F0FD1F8003523D162
:1002C00023F00043C1F80035D1F8003543F0004376
:1002D000C1F80035D1F8003523F40043C1F80035EA
:1002E00002E01368002B13DA019B0133B3F57A7F28
:1002F0000193F6D9002002B07047D0F8103413F4FF
:100300007F0FD1F8003506D043F00043C1F8003527
:10031000002002B0704723F00043C1F80035D1F847
:10032000003543F00043C1F80035D1F8003523F41F
:100330000043C1F8003502E01368002BE8DA019BA6
:100340000133B3F57A7F0193F6D9002002B07047EC
:1003500030B4002484B04FF48465AA4A0094014666
:10036000836823F0010383600394056102E00B6955
:10037000980604D5039B013393420393F7D90020D9
:100380001023A04A02900B6102E00B69DB0604D542
:10039000029B013393420293F7D9D1F8003501F55E
:1003A000A06201F5E0600193019B43F0804301935B
:1003B000019B23F000430193019B23F4004301932D
:1003C000019BC1F80035D1F820350193019B43F022
:1003D00080430193019B23F000430193019B23F48D
:1003E00000430193019BC1F82035D1F840350193BA
:1003F000019B43F080430193019B23F00043019351
:10040000019B23F400430193019BC1F84035D1F8CF
:1004100060350193019B43F080430193019B23F0DE
:1004200000430193019B23F400430193019BC1F816
:100430006035D1F880350193019B43F080430193EF
:10044000019B23F000430193019B23F4004301939C
:10045000019BC1F88035D1F8A0350193019B43F091
:1004600080430193019B23F000430193019B23F4FC
:1004700000430193019BC1F8A035D1F8C035019329
:10048000019B43F080430193019B23F000430193C0
:10049000019B23F400430193019BC1F8C035D1F8BF
:1004A000E0350193019B43F080430193019B23F0CE
:1004B00000430193019B23F400430193019BC1F886
:1004C000E035D1F800360193019B43F0804301935E
:1004D000019B23F000430193019B23F4004301930C
:1004E000019BC1F80036D1F820360193019B43F0FF
:1004F00080430193019B23F000430193019B23F46C
:1005000000430193019BC1F82036D1F84036019396
:10051000019B43F080430193019B23F0004301932F
:10052000019B23F400430193019BC1F84036D1F8AD
:1005300060360193019B43F080430193019B23F0BC
:1005400000430193019B23F400430193019BC1F8F5
:100550006036D1F880360193019B43F080430193CC
:10056000019B23F000430193019B23F4004301937B
:10057000019BC1F88036D1F8A0360193019B43F06E
:1005800080430193019B23F000430193019B23F4DB
:1005900000430193019BC1F8A036D1F8C036019306
:1005A000019B43F080430193019B23F0004301939F
:1005B000019B23F400430193019BC1F8C036D1F89D
:1005C000E0360193019B43F080430193019B23F0AC
:1005D00000430193019B23F400430193019BC1F865
:1005E000E03613680193019B43F080430193019B24
:1005F00043F000430193019B23F400430193019BCB
:10060000136004E0400D03001368002B05DA009B23
:100610000133B3F57A7F0093F6D920328242E0D1DC
:100620004FF0FF330020C1F814344B618B6843F066
:1006300001038B6004B030BC704700BF08B5D0F830
:100640008C321BB11B68984700B908BD022008BD59
:1006500008B5D0F88C325B689847002008BD00BF11
:1006600038B500F520750446284600F07DFB0122D0
:10067000B4F8863294F88012C4E99B2301F01F037A
:10068000934209D0022B13D063B101F080012046C0
:10069000FAF796FA002038BD2946204600F092FA73
:1006A000002038BD2946204600F00AF9002038BD58
:1006B0002946204600F0BAFA002038BD38B5054674
:1006C00069B91346D0F86C22032A15D0052A0C46C6
:1006D0000ED1C5F86C12FAF773FA204638BDD0F87F
:1006E0008C329B6933B190F87422032A02D1984767
:1006F000002038BD022038BDD0E9531291420CD9F8
:10070000891A8A42C0F84C1188BF8AB2194698BF2C
:1007100092B200F055FB002038BDD0F88C321B6936
:100720001BB190F87422032A04D0284600F052FB33
:10073000002038BD9847F8E770B5044661B9D0F895
:100740006C32022B15D033F0040337D094F8783292
:10075000012B2ED0002070BDD0F88C325B6933B1F4
:1007600090F87422032A02D19847002070BD02201D
:1007700070BDD0E908630D469E4223D8C669B6FB1A
:10078000F3F203FB12620AB9B34228D9D4F88C32CF
:10079000DB681BB194F87422032A30D080212046F4
:1007A000FAF70EFA204600F021FB94F87832012B7C
:1007B000D0D10023184684F8783270BD8021FAF732
:1007C000FFF9C3E7F31A114603629AB200F0EEFA9A
:1007D0002B462A4629462046FAF73EFAB6E7D0F8D5
:1007E00070329E42D2D20A4600F0E0FA2B462A46E8
:1007F00029462046C4F87052FAF72EFAA6E720469A
:100800009847CBE770B500224026044601251146E3
:100810003346FAF7C3F93346802100222046C4F854
:100820004451C4F85061FAF7B9F90021D4F8903274
:10083000A561666284F87452C4F86C126160C4F8F1
:100840007C1223B1D4F88C3220465B689847002094
:1008500070BD00BF03460020197470470346042191
:10086000002093F8742283F8741283F8752270477D
:100870000346002093F8752283F87422704700BF66
:1008800090F87422032A01D00020704708B5D0F8F0
:100890008C32DB6903B19847002008BD0020704707
:1008A0000020704700207047D0F88C22012108B545
:1008B00080F87412017953689847002008BD00BF82
:1008C00030B50B7883B00D46044603F06003202B4F
:1008D0000DD0402B0BD09BB180212046FAF770F948
:1008E00000212046FAF76CF9002003B030BDD4F89F
:1008F0008C32294620469B689847002003B030BDC3
:100900004B78092BE8D801A252F823F067090108B7
:1009100093090108D9080108B1090108D90801089B
:10092000B9090108F1090108D9080108210A0108DB
:10093000350901088978A24D01292970CCD890F891
:100940007432022B00F01281032B00F00081802111
:10095000FAF736F900212046FAF732F929782046CD
:10096000FFF776FEC0E790F87432013B022BB3D854
:10097000CB88022BB0D10122D0F87C32C2600BB1FF
:100980000323C360022204F10C01204600F000FAA8
:10099000AAE790F87432013B022B9DD84B88012BBB
:1009A000A2D100232046C4F87C3200F013FA9BE762
:1009B0004B88012B98D1F5E78B88002B8CD1CB8805
:1009C000002B89D14D887F2D86D890F87432032B67
:1009D00082D0E9B280F87612FAF722F9204600F0C8
:1009E000F9F9002D00F0E080022384F874327BE7EF
:1009F0004A88130A013B062B3FF66EAF01A151F85E
:100A000023F000BFB50A01089D0A01088B0A0108FE
:100A1000D9080108D9080108750A0108470A010820
:100A2000CA88012A7FF458AF90F87432022B00F282
:100A30008780002B3FF450AF0146002341F8083F68
:100A400000F0A6F950E7037C002B7FF445AFD0F807
:100A50008C320DF106001B6B984707234370BDF8DD
:100A60000620002A67D0EB88002B5BD1204600F0DF
:100A7000B1F939E7037C002B7FF42EAFD0F88C322C
:100A80000DF106005B6B9847E9E7D1B2052900F24A
:100A90008F80DFE801F0271F17372F3F037C002BE3
:100AA00072D1D0F88C320DF106009B6A9847022370
:100AB0004370D4E7D0F888320DF10601007C1B6842
:100AC0009847CCE7D0F888320DF10601007CDB684E
:100AD0009847C4E7D0F888320DF10601007C9B6886
:100AE0009847BCE7D0F888320DF10601007C5B68BE
:100AF0009847B4E7D0F888320DF10601007C5B69B5
:100B00009847ACE7D0F888320DF10601007C1B69EC
:100B10009847A4E7D0F888320DF10601007C9B6964
:100B200098479CE79A420146204628BF1A46ADF8EE
:100B3000062000F02DF9EB88002B7FF4D5AE95E769
:100B4000032B7FF4C9AE011D00F022F9CCE621B3DE
:100B5000416801298AD0C9B2FFF77AFD2978204679
:100B60006160FFF76BFD022880D1B5E600293FF4F4
:100B70007DAF01210323416080F87432FFF75EFDF1
:100B800002287FF473AFA7E6D0F88C320DF106008F
:100B9000DB6A98470223437061E70223416080F8D3
:100BA0007432FFF755FD61E7012384F874329BE648
:100BB000D0F88C320DF106029B6B98474FE700BFCF
:100BC000E417012438B50B780D46044603F06002A3
:100BD000402A0AD05B0608D58021F9F7F1FF0021F1
:100BE0002046F9F7EDFF002038BD94F87432013B40
:100BF000022B11D82B79012B0ED8D4F88C32294630
:100C000020469B689847EB88002BECD10028EAD15E
:100C1000204600F0DFF8E6E780212046F9F7D0FF14
:100C200000212046F9F7CCFF002038BD38B50B78FD
:100C3000044603F06003202B0CD0402B0AD083B174
:100C400080212046F9F7BCFF00212046F9F7B8FFC4
:100C5000002038BDD4F88C3220469B68984700208D
:100C600038BD4B788A88012B5FFA82FC37D0032B82
:100C700023D0002BE4D190F87432022B4AD0032BFE
:100C8000DED10CF00F03120603EB830300EB8303AA
:100C900051D4D3F84431002BD2D00CF07F0314256B
:100CA00005FB030505F5A075002B4FD12B60022233
:100CB0002946204600F06CF8CAE790F87432022BFF
:100CC0001DD0032BBCD14B882BB91CF07F0F02D059
:100CD000CB88002B43D0204600F07CF8B8E790F892
:100CE0007432022B0BD0032BAAD14B88002BAFD12F
:100CF0001CF07F0FEFD06146F9F770FFEBE71CF0B7
:100D00007F0F9DD06146F9F75BFF80212046F9F700
:100D100057FF9DE71CF07F0F92D111064FF00003A3
:100D20004FF002024CBF00F1140100F5A0710B60FE
:100D300000F02EF88CE79B69002B81D00CF07F032C
:100D40005D1C05EB850500EB8505ADE7614620469A
:100D5000F9F752FF08B10123A8E72860A7E7614629
:100D6000F9F72EFFB7E700BF0B7803704B7843709D
:100D7000CA788B7803EB022343804A790B7903EB23
:100D800002238380CA798B7903EB0223C3807047E7
:100D900010B5134602240A460021C0F86C42C0E98F
:100DA0000733F9F74BFF002010BD00BF8C46002130
:100DB00008B513466246F9F741FF002008BD00BFA1
:100DC0008C46002108B513466246F9F745FF00201E
:100DD00008BD00BF08B504210023C0F86C121A46F4
:100DE0001946F9F72BFF002008BD00BF08B5052103
:100DF0000023C0F86C121A461946F9F72DFF00209F
:100E000008BD00BFD0F8C4230132C0F8C423027863
:100E10000B2A00D07047D0F87C33002BFAD09B69A6
:100E2000184700BF012380F823337047002380F860
:100E300023337047034600220121104683F8201314
:100E400083F8212383F82223704700BF38B501239C
:100E50000025044680F8213380F8235380F820537E
:100E6000F9F71EFF2179204600F006F86179204647
:100E700000F002F8284638BD0A2907D800EB8100A7
:100E8000D0F88433C3F30E03C0F8843300207047D6
:100E90000C4A82B00C4BD2F8DC1041F04001C2F891
:100EA000DC10D2F8DC2002F040020192019A1A68AC
:100EB00022F020021A601A6842F004021A6002B09E
:100EC000704700BF004402580018024870B5002364
:100ED00004464FF4806204214FF440353448C4F88E
:100EE0003821C4F8D410C4F83431C4F84C11314955
:100EF000C4F8B000C4F82811C4E92F32C4E9313372
:100F0000C4E93335C4E93733C4E94F33C4E9513553
:100F1000C4E95533A2680323C4F8D830C4F850316B
:100F2000042A0AD8DFE802F01F262D3403005522D8
:100F30005623C4F8B420C4F82C310022402304F115
:100F4000B005C4F8B8202846C4F83031F2F7C2FD25
:100F500008B1FFBEFEE704F594763046F2F7BAFD1D
:100F6000E8B1FFBEFEE725222623C4F8B420C4F86A
:100F70002C31E2E727222823C4F8B420C4F82C310E
:100F8000DBE73D223E23C4F8B420C4F82C31D4E77B
:100F900053225423C4F8B420C4F82C31CDE704F113
:100FA0002803C4E92865C4F8E830C4F8603170BD8E
:100FB00040040240580402402DE9F04F814683B0BE
:100FC0000E4617461D4600F12804204601F090FD0C
:100FD00001288246F9D14846FFF778FF804600286D
:100FE00035D1EFF31083019372B6DFF888B00C9B14
:100FF00099F90820DFF880A0DFF88090CBF8003066
:101000000D9B89F80020CAF800300DB11846A8479A
:10101000BAB23146204601F0E1F830B9019B03B97C
:1010200062B6404603B0BDE8F08F0023CBF8003035
:10103000CAF80030FF2389F800300C9B8BB10121E6
:101040000D9888469847019B002BEAD1E8E70C9B56
:1010500053B1D0460D9851469847404603B0BDE87D
:10106000F08F4FF00108D9E7D046404603B0BDE805
:10107000F08F00BF08220124102201240C22012439
:101080002DE9F04F814683B00E4617461D4600F10C
:101090002804204601F02CFD01288246F9D148465B
:1010A000FFF714FF8046002835D1EFF3108301933A
:1010B00072B6DFF888B00C9B99F90820DFF880A0A1
:1010C000DFF88090CBF800300D9B89F80020CAF83B
:1010D00000300DB11846A847BAB23146204601F09B
:1010E00041FA30B9019B03B962B6404603B0BDE88E
:1010F000F08F0023CBF80030CAF80030FF2389F8C6
:1011000000300C9B8BB101210D9888469847019BBC
:10111000002BEAD1E8E70C9B53B1D0460D9851461D
:101120009847404603B0BDE8F08F4FF00108D9E77B
:10113000D046404603B0BDE8F08F00BF082201242E
:10114000102201240C2201242DE9F04F814683B0A6
:101150000F461646984600F12804204601F0C8FCC8
:101160000128FAD182464846FFF7B0FE054600281E
:1011700038D1EFF31083019372B699F90830DFF894
:101180008890DFF888B089F800300D9BDFF880A0E8
:10119000CBF800300E9BCAF800300C9B0BB10E98B8
:1011A00098471FFA88F33A463146204601F0CEF8B8
:1011B00030B9019B03B962B6284603B0BDE8F08F91
:1011C0000023CBF80030CAF80030FF2389F8003044
:1011D0000D9B8BB101210E980D469847019B002B6A
:1011E000EAD1E8E70D9B4BB155460E98514698471A
:1011F000284603B0BDE8F08F0125DAE755462846BA
:1012000003B0BDE8F08F00BF0C22012408220124A6
:10121000102201242DE9F043002387B00222044666
:1012200005690493CDE90223D0E902128E00FAB1D8
:10123000022D7AD02178B5FA85F54FF00108276A9A
:101240000B294FEA551521D1A2780B2A02D0B8F10B
:10125000000F38D123790B2B01D0002D6CD1A3794D
:1012600017B10B2B40F09980002007B0BDE8F08348
:1012700035F002032178276A0CBF4FF001084FF0C8
:101280000008023D18BF01250B29DDD07D4B94F8E5
:1012900001C053F8262010780B2802D0884200F0B5
:1012A000AD80D378D01C994202D10B2B40F0BD8089
:1012B0009379901D8B4202D10B2B40F0BC80012012
:1012C00007B0BDE8F083711C6E4BE07853F8213015
:1012D00019780B2902D08A4200F0B580D97803F141
:1012E000030C0B2902D08A4200F0BB80997903F1EC
:1012F000060C0B29E3D08A42E1D1DB798342DED1AF
:10130000634604F102099B7848460593F9F7D6FC39
:1013100080464846F9F7DAFC01A901904046F9F702
:1013200085FD23790B2B98D199E70178076A0B2962
:1013300040F0868001258DE7B11C524A607952F851
:10134000212011780B2902D08B4200F08180D178C6
:10135000D51C0B2902D08B4200F08D809179951D10
:101360008B42ACD10B29AAD0D3798342A7D12A468C
:10137000251D937828460593F9F7A0FC03462846D7
:101380001D46F9F7A3FC01A901902846F9F74EFD87
:10139000A379002F7FF465AF66E7F11C394AE07945
:1013A00052F8212011780B2901D08B425FD0D178DF
:1013B000D51C0B2901D08B424FD09179951D8B42C2
:1013C0007FF47DAF0B293FF47AAFD37983427FF46A
:1013D00076AF2A46A51D937828460593F9F76EFC4B
:1013E00004462846F9F772FC034601A920460193FA
:1013F000F9F71CFD002007B0BDE8F0835378634582
:101400007FF44FAF937820460593F9F757FC814658
:101410002046F9F75BFC01A901904846F9F706FD63
:10142000A2780B2A7FF413AF14E7137963457FF496
:101430003FAF0246E6E7D37963457FF440AFF8E774
:101440009846012522E7597881427FF447AF58E753
:10145000517881427FF47BAF8AE711798142ACD128
:10146000B7E7197981427FF441AF634649E7517884
:1014700081429CD1AEE7117981427FF46FAF2A4659
:1014800076E700BFBC3D0108654A0368934200F05F
:10149000B980A2F57842934200F0B68002F58062EE
:1014A000934200F0B38002F57842934200F0B0809E
:1014B00002F5E052934200F0AD805A4A934240F068
:1014C000AB8005234FF4D071574A01FB03F310B5ED
:1014D000D418D05C86B0F9F701FCA078F9F7FEFBD0
:1014E0002079F9F7FBFBA079F9F7F8FBA368052B46
:1014F00011D8DFE803F0192F455B71034B4BD3F88C
:10150000F42042F02002C3F8F420D3F8F43003F0C2
:1015100020030593059B2046FFF77CFE012801D0A0
:1015200006B010BDFFBEFEE7404B00222320D3F8DB
:10153000F01041F48051C3F8F0101146D3F8F030A8
:1015400003F480530093009BF2F712F92320F2F783
:101550004DF9E0E7354B00222420D3F8E81041F4A0
:101560008041C3F8E8101146D3F8E83003F4804313
:101570000193019BF2F7FCF82420F2F737F9CAE750
:101580002A4B00223320D3F8E81041F40041C3F87D
:10159000E8101146D3F8E83003F400430293029BAD
:1015A000F2F7E6F83320F2F721F9B4E71F4B0022F7
:1015B0005420D3F8F01041F40051C3F8F010114654
:1015C000D3F8F03003F400530393039BF2F7D0F801
:1015D0005420F2F70BF99EE7144B00225520D3F864
:1015E000F01041F48011C3F8F0101146D3F8F03038
:1015F00003F480130493049BF2F7BAF85520F2F732
:10160000F5F888E700235DE701235BE7022359E74C
:10161000032357E7042355E700231B78FFDE00BFB1
:101620000030014000140058E8170124004402581B
:101630002DE9F043002289B01B4B01210DF1040C70
:101640009E461A4B0791E146E04667460EF11C069E
:101650000EF138050EF15404CDE90122CDE9032243
:10166000CDE90522FF221A70BCE80F00AEE80F009A
:101670009CE807008EE80700B9E80F000FC69CE859
:10168000070086E80700B8E80F000FC59CE80700D0
:1016900085E807000FCF0FC49CE8070084E8070027
:1016A00009B0BDE8F08300BF0C0300240C22012424
:1016B000014801F0F1B800BF10180124014801F001
:1016C000EBB800BFB0190124014801F0E5B800BF34
:1016D000501B0124014801F0DFB800BFF01C0124B9
:1016E000014801F0D9B800BF901E012410B5EFF3F6
:1016F000108472B6084B1A78120602D504B962B685
:1017000010BD1B784FF4D07204485BB202FB03009B
:10171000B030F2F757FDF1E70C220124E81701245D
:1017200010B5EFF3108472B6094B1A78120602D581
:1017300004B962B610BD1B784FF4D07205485BB295
:1017400002FB030000F59470F2F73CFDF0E700BFE8
:101750000C220124E81701242DE9F04184B0EFF3B5
:10176000108772B6284AFF21284C1368217023B1D4
:1017700000211160264A1068984723781B061CD563
:10178000DFF894800025234E4446216879B16268D1
:101790006AB1A369012B22D0A3B9636930460193D2
:1017A00023690093E3682289FFF76AFC18B30135C7
:1017B0001C3406F5D076042DE7D107B962B604B023
:1017C000BDE8F081D4E90430CDE90130E068238937
:1017D00000903046FFF7B8FC0028E8D10BE0D4E9D0
:1017E00004301146CDE900303046E3682289FFF726
:1017F000E3FB0028DBD1C5EBC50508EB850348F802
:1018000025005860D9E700BF082201240C220124DA
:1018100010220124E81701240C0300242DE9F041D3
:1018200084B0EFF3108772B6284AFF21284C136862
:10183000217023B100211160264A1068984723784F
:101840001B061CD5DFF894800025234E44462168F2
:1018500079B162686AB1A369012B22D0A3B9636927
:101860003046019323690093E3682289FFF708FC5F
:1018700018B301351C3406F5D076042DE7D107B92D
:1018800062B604B0BDE8F081D4E90430CDE901309E
:10189000E068238900903046FFF756FC0028E8D125
:1018A0000BE0D4E904301146CDE900303046E3685E
:1018B0002289FFF781FB0028DBD1C5EBC50508EBCA
:1018C000850348F825005860D9E700BF08220124A5
:1018D0000C22012410220124E81701240C03002407
:1018E0002DE9F04184B0EFF3108772B6284AFF214A
:1018F000284C1368217023B100211160264A10681A
:10190000984723781B061CD5DFF894800025234ECA
:101910004446216879B162686AB1A369012B22D07B
:10192000A3B963693046019323690093E368228970
:10193000FFF7A6FB18B301351C3406F5D076042D4D
:10194000E7D107B962B604B0BDE8F081D4E904304C
:10195000CDE90130E068238900903046FFF7F4FBC1
:101960000028E8D10BE0D4E904301146CDE900307D
:101970003046E3682289FFF71FFB0028DBD1C5EB67
:10198000C50508EB850348F825005860D9E700BF76
:10199000082201240C22012410220124E81701242A
:1019A0000C0300242DE9F04184B0EFF3108772B6E8
:1019B00000F066FB284A294CFF21136821702BB1E7
:1019C000002111600121264A1068984723781B06E0
:1019D0001CD5DFF894800025224E4446216879B159
:1019E00062686AB1A369012B22D0A3B9636930464A
:1019F000019323690093E3682289FFF741FB18B341
:101A000001351C3406F5D076042DE7D107B962B64E
:101A100004B0BDE8F081D4E90430CDE90130E068DC
:101A2000238900903046FFF78FFB0028E8D10BE0B8
:101A3000D4E904301146CDE900303046E36822890C
:101A4000FFF7BAFA0028DBD1C5EBC50508EB850323
:101A500048F825005860D9E7082201240C22012407
:101A600010220124E81701240C03002430B4544B45
:101A7000002108220220534CD9615862C3F8BC11DE
:101A8000C3F8C401C3F85C13C3F86403C3F8F424B7
:101A9000C3F8F814C3F8FC14C3F80405C3F894267B
:101AA000C3F89816C3F89C16C3F8A406C3F83428E4
:101AB000C3F83818C3F83C18C3F84408424D4348EB
:101AC000C3E90521C3E96D21C3E9D5212288A378A3
:101AD0003F49EA80CA800B723E492B72CA800B7262
:101AE0002168A0F803204371C28003723A4C3B483E
:101AF000E2802372A0F80320394C4371C280037244
:101B00003848E2802372A0F80320374C4371C2802A
:101B10000372080C2180A070A4F803206371E28096
:101B20002372324C324D2180A070A4F803206371DF
:101B3000E28023722F4CEA8021802B72A070A4F8DF
:101B400003206371E28023722B4C2180A070A4F8E3
:101B500003206371E2802372284C2180A070A4F8D6
:101B600003206371E2802372254C2180A070A4F8C9
:101B700003206371E2802372224C2180A070A4F8BC
:101B800003206371E28023721F4C21801F49A070E3
:101B9000A4F803201E486371E2802372A1F8032099
:101BA0001C4C4B71CA800B721B49E2802372C280AD
:101BB0000372A1F803204B71CA800B7230BC7047CE
:101BC000E8170124B83D010894020024B80200245B
:101BD000880200244C020024A0020024DC0200241D
:101BE000C402002464020024D8210124C02101245D
:101BF000D0020024CC210124A8210124FC210124AD
:101C0000E4210124F0210124B42101240003002453
:101C1000F4020024E802002470020024714A0368E0
:101C200011698B4200B587B04BD0916E8B4200F0AA
:101C3000B680D2F8C0108B4200F0B380D2F81811F1
:101C40008B4200F0B080B3F1804F1ED0664A9342C1
:101C50000DD0664A934200F0A880654A934200F096
:101C6000B280644A93421ED007B05DF804FB624B19
:101C7000D3F8E82042F00202C3F8E820D3F8E830B5
:101C800003F002030293029BEEE75B4BD3F8E820DC
:101C900042F00102C3F8E820D3F8E83003F0010372
:101CA0000193019BE0E7544BD3F8E82042F0100287
:101CB000C3F8E820D3F8E83003F010030593059B40
:101CC000D2E700205821B3F1804F01FB0022127BA4
:101CD0001ED045498B4235D044498B4248D04449B7
:101CE0008B42BED1444BD3F8E81041F00801C3F851
:101CF000E810D3F8E83003F008030493049B002AAB
:101D0000B2D0322000220F21F1F732FD322014E050
:101D1000394BD3F8E81041F00101C3F8E810D3F8CB
:101D2000E83003F001030193019B002A9CD01C20A2
:101D300000220F21F1F71CFD1C2007B05DF804EB19
:101D4000F1F754BD2C4BD3F8E81041F00201C3F871
:101D5000E810D3F8E83003F002030293029B002A54
:101D600082D01D2000220F21F1F702FD1D20E4E7A3
:101D7000214BD3F8E81041F00401C3F8E810D3F880
:101D8000E83003F004030393039B002A3FF46CAF95
:101D90001E2000220F21F1F7EBFC1E20CDE70120D1
:101DA00090E702208EE703208CE7134BD3F8E8205E
:101DB00042F00402C3F8E820D3F8E83003F004034B
:101DC0000393039B50E70C4BD3F8E82042F0080242
:101DD000C3F8E820D3F8E83003F008030493049B29
:101DE00042E700BF14220124000400400008004024
:101DF000000C004000100040004402580F4B0268E5
:101E000019698A420BD0996E8A4211D0D3F8C0105A
:101E10008A420FD0D3F818118A420DD070470021A2
:101E2000582202FB01331A6D002AF7D0586D104773
:101E30000121F5E70221F3E70321F1E71422012450
:101E4000014800F0EFBF00BF24220124014800F048
:101E5000E9BF00BF7C220124014800F0E3BF00BFBE
:101E6000D4220124014800F0DDBF00BF2C2301244F
:101E7000F0B54FF0580C0F682E4D8DB00CFB07FCE1
:101E8000032F05EB0C06066047DC0B46086834465A
:101E900049689A6807C41B7B237004AC7268264BA0
:101EA000002A4FF00002726118BF1022B2610FCBFE
:101EB00084E80F000CAB03EB870353F8203CB3F12D
:101EC000804F336124D01D4A934221D030890CF1D8
:101ED000100458230021802203FB07532C44C3E93C
:101EE00007019A62204600F007FE034600B1FEE7B4
:101EF0004FF4805208A92046099301930892CDE936
:101F00000A33CDE9023300F0C7FE034640B1FEE7D5
:101F1000582303FB07539868D9E701200DB0F0BDA3
:101F200001A920460193039301F034F80028F5D06D
:101F3000FEE700BF14220124303B0108000C0040E2
:101F4000006808B5037B10302BB100F08FFE00381D
:101F500018BF012008BD00F06FFE003818BF012037
:101F600008BD00BF0C4B00224FF0FF311A7399607F
:101F7000196683F86420C3F8B81083F8BC20C3F84E
:101F8000101183F81421C3E90022C3E91622C3E922
:101F90002C22C3E94222704714220124034688B14F
:101FA00090F83D20022A03D0802201209A667047D3
:101FB00002680421002083F83D10D36823F0010358
:101FC000D36070470120704703682C495A6910B4E8
:101FD0009C6944F008049C619C6944F010049C6175
:101FE0001C6824F001041C601C6921401961996877
:101FF00021F44041996090F88110042901D09106A4
:1020000030D490F88110032901D054061FD49105D3
:1020100009D5D0F8841041F00101C0F88410996905
:1020200041F400719961D20509D5D0F8842042F0BD
:102030000802C0F884209A6942F480729A610023F1
:102040005DF8044BA0F86230A0F86A307047D0F811
:10205000841041F00401C0F88410996941F04001F6
:102060009961D4E7D0F8841041F08001C0F8841061
:10207000996941F020019961C3E700BF90FCFFFF1F
:10208000002800F0A48002680021F8B5514B0446F6
:1020900081629A4216D0A3F578439A4212D003F592
:1020A0008063C0689A4200F08A800F2808D8E16BEC
:1020B00000F108034D09DB0805FB0333082B15D994
:1020C0000120F8BDE068E16B00F10803414E4D09C5
:1020D000DB0805FB0333404DAA4218BFB24203D0D0
:1020E00005F58065AA4201D1102BE9D894F881301A
:1020F00003F0FF05002B58D0002702236568A66B6C
:1021000084F88130136823F001031360A369B3F1ED
:10211000806F3ED03943676B3B43676A3B43276917
:102120003B4367693B43276A3B43E76C3B43A768F4
:102130003B43A76C3B43A76D3B432B433343E669CB
:10214000314308439060D360B5B9936823F4C0531A
:1021500043F400639360936823F4C06343F48063A3
:102160009360136D23F00103136500200123C4F86D
:10217000840084F88130F8BD136D23F001031365EA
:102180006B02F2D5D368616D23F000430B43D3603B
:10219000EBE7B5F5800FBDD1002EBBD1D2F800C062
:1021A0004CF4805CC2F800C0B4E7204684F880504C
:1021B000FFF76AF92268A76AE16BE0689DE7E16BC7
:1021C00000F108034D09DB0805FB03338CE7012010
:1021D000704700BF0030014000380040F8B590F86B
:1021E0008030012B00F08C8090F881301546012260
:1021F0000446DEB2934280F880206AD1002963D081
:10220000B5FA85F35B09002D5ED003224366A0F882
:10221000683080F88120C0F88430A0F86250A0F8BF
:102220006A30C165A0F86050C0E91C338368B3F51B
:10223000C02F04D10268136843F400631360E3689D
:10224000A06F0F2B4BD98369B3F5804F3CD1226827
:102250003A4B3B4F2032036452F8183CC763394F66
:1022600023F40043C7640027076542F8183CB4F81C
:1022700062309BB2F1F7ECFD002844D1A36F324AE3
:10228000DB69B3F5807F2368596802EA010218BF51
:102290002A435A609A68616842F40042B1F5800F9F
:1022A0009A601A6942F448721A611A6842F001028F
:1022B0001A6003D11A6842F400721A6000231E46A5
:1022C00084F880303046F8BD002384F880303046F2
:1022D000F8BD0023022680F880303046F8BD072B79
:1022E00083691AD8B3F5005F20D0B3F5804FAED123
:1022F000B4F862309BB203339B08A4F86230A6E7BF
:1023000002263046F8BDD4F88430012243F0100391
:10231000C4F8843084F88120D9E7B3F5804F05D024
:10232000B3F5005FD0D1B3F5804F90D1B4F86230EF
:102330009BB201335B08A4F8623088E79527010857
:1023400019270108C12701080000FFFF70B51D46CD
:1023500090F88030012B00F0B9800123044680F80A
:10236000803090F881304068DBB2B0F5800F7DD0CE
:10237000012B40F08580002D18BF002A71D0002964
:102380006FD094F88130042B02D0052384F881307B
:102390000023E1652168C4F88430A4F86250A4F8F1
:1023A0006A50A4F860506266A4F86850C4E91C330F
:1023B0008B6823F440438B60E3680F2B65D9E06F93
:1023C0008369B3F5804F4CD194F88130042B00F031
:1023D0008A805E4B03645E4BC3635E4E3031B4F85B
:1023E0006A30C66400269BB20665F1F731FD00280D
:1023F0006ED12268A16F9368203243F4804342F883
:10240000183CB4F86230C1E90F00C1E913009BB277
:102410000846E16DF1F71CFD002859D1A36FDB6977
:10242000B3F5807F236863D059684B4A0A402A433A
:102430005A609A68616842F40042B1F5800F9A6070
:102440001A6942F458721A611A6842F001021A605D
:1024500003D11A6842F400721A60002384F88030B5
:1024600070BD0023012084F8803070BDA068002872
:102470007FF47EAF042B3FF47EAF012B3FF47BAFA4
:102480000023022084F8803070BD072B35D8A36F5D
:102490009B69B3F5005F50D0B3F5804F06D1B4F817
:1024A00062309BB203339B08A4F86230E06F83690B
:1024B000B3F5005F39D0B3F5804F85D1B4F86A30F9
:1024C0009BB203339B08A4F86A307DE7022070BDFD
:1024D000D4F88430012243F010031046C4F884304D
:1024E00084F8812070BD1D4B03641D4BC36374E7EA
:1024F0005968194A0A405A609BE7E06F8369B3F54F
:10250000005F02D0B3F5804FABD1A66FB669B6F5C8
:10251000804F06D1B4F86260B6B201367608A4F8EE
:102520006260B3F5804F7FF44FAFB4F86A309BB26E
:1025300001335B08A4F86A3046E7B4F862309BB216
:1025400001335B08A4F86230B0E700BFB52701088B
:1025500069270108C12701080000FFFFA52701081E
:10256000412701082DE9F0411546826804460E46D0
:1025700022B94368B3F5800F00F0958094F880305D
:10258000012B00F09980012384F8803094F8813089
:10259000012BDFB269D1002E61D0B5FA85F35B095A
:1025A000002D5CD00421B2F5C02F666684F881103E
:1025B000A4F86850C4F88430A4F86030A4F86A50D5
:1025C000A4F86230C4E91C3304D12268136823F4F0
:1025D00000631360E3680F2B4ED9E06F8369B3F596
:1025E000804F3CD121688B6823F480438B60324656
:1025F000454EB4F86A3030310664444E9BB2C6632F
:10260000434EC66400260665F1F722FC002857D128
:10261000E36F404ADB69B3F5807F2368596802EABB
:10262000010218BF2A435A609A68616842F48042E6
:10263000B1F5800F9A601A6942F450721A611A68F3
:1026400042F001021A6003D11A6842F400721A6063
:1026500000231F4684F880303846BDE8F08100230F
:1026600084F880303846BDE8F0810023022784F8E2
:1026700080303846BDE8F081072B2BD82168E06F09
:102680008B6823F480438B608369B3F5005F32D09D
:10269000B3F5804FABD1B4F86A309BB203339B08DB
:1026A000A4F86A30A3E72B4604250A4680F8815037
:1026B000BDE8F041FFF74ABE02273846BDE8F08189
:1026C000D4F88430012243F01003C4F8843084F835
:1026D0008120C7E7E06F8269B2F5804F02D0B2F582
:1026E000005FBCD12168B2F5804F8B6823F4804332
:1026F0008B607FF47CAFB4F86A309BB201335B0827
:10270000A4F86A3073E700BFA52701084127010834
:10271000C12701080000FFFF806B08B590F88130E9
:10272000072B09D0836FDB69B3F5807F05D0026882
:10273000136943F00803136108BDFFF70DF808BDE6
:10274000806B08B590F88130072B09D0C36FDB6927
:10275000B3F5807F05D00268136943F00803136165
:1027600008BDFFF75BF808BD806B08B590F88130B5
:10277000072B09D0836FDB69B3F5807F05D0026832
:10278000136943F00803136108BDFFF7A9F808BDFA
:10279000704700BF806B08B5FFF7FAFF08BD00BFA8
:1027A000704700BF806B08B5FFF7FAFF08BD00BF98
:1027B000704700BF806B08B5FFF7FAFF08BD00BF88
:1027C00010B5846BF2F74EF8022800D110BD2368D3
:1027D00030495A69986940F008009861986940F05A
:1027E00010009861186820F0010018601869014015
:1027F0001961996821F44041996094F88110042985
:1028000001D091063AD494F88110032901D05006E2
:1028100029D4910509D5D4F8841041F00101C4F8F8
:102820008410996941F400719961D20509D5D4F8F1
:10283000842042F00802C4F884209A6942F480722D
:102840009A61002301222046A4F86230A4F86A307D
:10285000D4F8843043F01003C4F8843084F8812025
:10286000FFF7A0F810BDD4F8841041F00401C4F8BB
:102870008410996941F040019961CAE7D4F8841045
:1028800041F08001C4F88410996941F020019961F8
:10289000B9E700BF90FCFFFF036819695A692DE989
:1028A000F04101EA02059F68044690F8816005F056
:1028B000640CBCF1040F2FD005F04500012834D082
:1028C00005F02600022800F0DF80280770D59A69FD
:1028D00017F4404FF6B242F008029A619A6942F04A
:1028E00010029A619A6942F400629A611A6922F0B0
:1028F00008021A6123D0042E00F0DE80A26FD26994
:10290000EAB1032E50D0E26FD269C2B1052E14D1C4
:102910002046FEF7E5FF10E0436F9847236F2046FF
:10292000984705F04503012B02D1236F20469847B5
:1029300005F02605022D00F0A780BDE8F0819A6819
:1029400012F4404F1FD1B4F86A2092B2DAB1626E2D
:102950000EE01B6B42F8043B6266B4F86A30013B40
:102960009BB2A4F86A30B4F86A309BB25BB12368BA
:10297000E1680F29EDD8072940F292801B8E22F8DA
:10298000023B6266E9E72046FFF71EFB012384F85D
:102990008130D4F88430002B7FD1052EB8D0042E9E
:1029A00000F08F80032EC8D12046FEF7D5FEC4E785
:1029B000100501D50A077AD415F4587FBDD06E06EC
:1029C00009D5D4F8842042F00402C4F884209A691E
:1029D00042F040029A61A80509D5D4F8842042F05B
:1029E0000102C4F884209A6942F400729A61E905F0
:1029F00009D5D4F8842042F00802C4F884209A69EA
:102A000042F480729A61AA0609D5D4F8842042F073
:102A10008002C4F884209A6942F020029A61D4F8B6
:102A20008420002A89D0196807F44047274A21F0FA
:102A30000101B7F5404F1960196902EA01021A61F4
:102A400027D19A68E06F22F440429A6050B1204B3F
:102A50000365F1F71DFB28B1D4F8843043F040033F
:102A6000C4F88430A06F00283FF467AF184B0365AB
:102A7000F1F70EFB00283FF460AFD4F8843043F048
:102A80004003C4F8843058E7636F2046BDE8F04146
:102A900018470123204684F88130FEF783FF4CE776
:102AA00093F830301370626E0132626655E79A69AE
:102AB00042F400629A6140E7E26FD269002A3FF473
:102AC0003EAF2046FEF7AAFE37E700BF94FCFFFFAB
:102AD000D52A010808B5806B00230122A0F86A30CE
:102AE000A0F8623080F88120FEF75CFF08BD00BFCF
:102AF00090F88100704700BF002800F08F8038B543
:102B000090F83D30044603F0FF02002B60D02268AD
:102B100002234349B2F1804F84F83D30A2EB01011A
:102B20001368B1FA81F14FEA511127D031BB3D480A
:102B30003D4D824251D000F5806082424DD0551B00
:102B400000F58060B5FA85F582424FEA55154DD003
:102B5000002D4BD1354836498A4218BF82424FD0AA
:102B600001F580618A424BD0A06923F08003E168BF
:102B7000034313606368D162936223E02A4D23F01C
:102B80007003A068551B0343B5FA85F56D092069EC
:102B900023F440730343A06923F0800303431360CD
:102BA000E368D3626368936251B94DB91F49204B02
:102BB0009A4218BF8A4203D003F580639A4201D13A
:102BC0006369136301230020536184F83D3038BDED
:102BD00080F83C20FFF722F899E7551B23F070039B
:102BE000A068B5FA85F503436D09D0E7A06823F026
:102BF000700303430F488242C9D0002DC7D1A9E713
:102C0000206923F44073A1690343E06823F0800343
:102C10000B4361681360D0629162C7E7012070477F
:102C20000000014000040040000401400040014059
:102C300000440140000C00404FF0020C01680A4AB9
:102C4000034680F83DC088680240062A06D0B2F5E7
:102C5000803F03D00A6842F001020A60012200208E
:102C600083F83D20704700BF070001000368094A50
:102C7000D96841F00101D96099680A40062A06D056
:102C8000B2F5803F03D01A6842F001021A600020BA
:102C9000704700BF0700010090F83C30012B7DD049
:102CA00002460223006830B4012482F83D3082F8E5
:102CB0003C40544C83681C400B68602B84606FD090
:102CC0001DD9B3F5005F59D042D94F498B4206D088
:102CD00038D94E498B4202D010318B4206D18468DC
:102CE0004B4921400B4343F007038360002301213C
:102CF000184682F83D1082F83C3030BC7047402BBB
:102D000067D019D9502BF1D1036A4C68CD6823F0F4
:102D10000A03016A1C433E4B21F0010101628169F3
:102D200021F0F00141EA05118161046281680B40E4
:102D300043F057038360D9E7202BD0D01AD9302B2A
:102D4000D4D1CCE723F01001B1F5801FCED1C6E776
:102D5000702BCBD18468D1E901532B43CD6824F487
:102D60007F4143EA05230B438360836843F0770385
:102D70008360BBE733F01001B8D1B0E7D1E901536C
:102D800084682B43CD6824F47F4143EA05230B4339
:102D90008360836843F480438360A7E70220704721
:102DA000046A4D6824F01004C9680462836923F43E
:102DB000704343EA0133016A21F0A0018361144B9F
:102DC00041EA0511016281680B4043F067038360AB
:102DD0008CE7036A4C68CD6823F00A03016A1C4340
:102DE0000B4B21F001010162816921F0F00141EA00
:102DF00005118161046281680B4043F047038360E1
:102E000074E700BF8800CEFF2000100030001000E3
:102E10008FFFCFFF704700BF704700BF704700BFF4
:102E2000704700BF03681A69910710B5044602D5C0
:102E3000DA68920768D41A69520702D5DA6850072F
:102E40004FD41A69110702D5DA68120737D41A6904
:102E5000D00602D5DA68D1061ED41A69D20702D587
:102E6000DA68D00769D41A69110602D5DA68120641
:102E70006BD41A69D00502D5DA6811066DD41A69C7
:102E8000520602D5DA6850066FD41A69910602D547
:102E9000DA68920649D410BD6FF01001082220466E
:102EA00019612277DB6913F4407F6FD1FFF7B2FF1E
:102EB0002046FFF7B3FF002223682277CDE76FF0AB
:102EC00008010422204619612277DB699B075AD149
:102ED000FFF7A0FF2046FFF7A1FF0022236822771B
:102EE000B5E76FF0040102222046196122779B6941
:102EF00013F4407F44D1FFF78DFF2046FFF78EFF8C
:102F00000022236822779CE76FF0020101221961F9
:102F100002779B69990730D1FFF77CFF2046FFF7C6
:102F20007DFF00222368227785E76FF0200220468C
:102F30001A61BDE8104000F05FB86FF00102204652
:102F40001A61FEF75BFF23688DE76FF08002204671
:102F50001A6100F053F823688BE76FF48072204603
:102F60001A6100F04DF8236889E76FF040022046AF
:102F70001A61FFF755FF236887E7FFF74DFFD0E79A
:102F8000FFF74AFFBCE7FFF747FFA6E7FFF744FF5D
:102F900091E700BF90F83C20012A28D00346006842
:102FA000022230B4134D83F83D20A8424268846861
:102FB00018D005F58065A84214D024F0800C22F0CA
:102FC00070020C688968224300244CEA01014FF02A
:102FD000010C42608160204683F83DC083F83C408C
:102FE00030BC704722F470024D682A43E5E70220A6
:102FF000704700BF00000140704700BF704700BF2E
:10300000704700BF0B460146184600F0C3B80000E9
:1030100010B582B08DED010A044600F0C9F89DEDAF
:10302000010A046002B010BD9FED070AFFEE007AAE
:10303000B7EE007A00284FF0220047FE277A87EE8D
:10304000800AFFF7E5BF00BF0000000070EE407A85
:10305000B4EE400A87EEA77AF1EE10FAB0EE470A16
:1030600002D62120FFF7D4BF704700BF10EE103A00
:10307000B3F17E5F3ED0A3F50001B1F1FE4F10EE3B
:10308000102A3AD2BFEE002B02F14043284903F543
:103090004D03C3F3C34001EB001091ED424B91EDA2
:1030A000447B91ED406B91ED465BD90DC9052DED4B
:1030B000028B90ED021B90ED008B521ADB1500EE97
:1030C000103A03EE902AB8EEC00BB7EEE33A30EEBA
:1030D000010BA8EE032BBDEC028B22EE023BA4EE0B
:1030E000027BA5EE020BA6EE037BA3EE070BB7EE69
:1030F000C00B70479FED0F0A7047590014D0B3F111
:10310000FF4F14D0002B0BDBB1F17F4F08D2DFED66
:103110000A7A60EE277A17EE903AA3F13862B1E7A7
:1031200000EE103AFFF792BF0120FFF77DBF704716
:10313000203E0108000000000000004B08B52DED06
:10314000028BB0EE408A00F021F80E4B93F900306C
:1031500001330BD0B4EE488AF1EE10FA06D6DFED5B
:103160000A8AB4EEE88AF1EE10FA02D4BDEC028BC2
:1031700008BD00F01DF888EEA80ABDEC028B2123E3
:10318000036008BD7C03002400000000B1EEC00A0B
:10319000704700BF10B5054C13462CB10A460146D6
:1031A0000220AFF3008010BD2046FCE700000000C5
:1031B000014B1868704700BF8003002470B50D4DA7
:1031C0000D4C641BA4100026A64209D10B4D0C4CDB
:1031D00000F000FF641BA4100026A64205D170BDBC
:1031E00055F8043B98470136EEE755F8043B9847FD
:1031F0000136F2E7F43F0108F43F0108F43F01080B
:10320000184001080A44914200F1FF3300D1704791
:1032100010B511F8014B03F8014F9142F9D110BDDF
:1032200002440346934200D1704703F8011BF9E7BB
:1032300037B5002944D051F8043C0190002BA1F18E
:103240000404B8BFE41800F0DFF81E4A01981368C0
:1032500033B96360146003B0BDE8304000F0DAB801
:10326000A34208D9256861198B4201BF19685B68C0
:1032700049192160EDE71A465B680BB1A342FAD900
:1032800011685518A5420BD1246821445418A34253
:103290001160E0D11C685B68536021441160DAE77B
:1032A00002D90C230360D6E7256861198B4204BF5D
:1032B00019685B68636004BF491921605460CAE7FC
:1032C00003B030BD74230124F8B5CD1C25F00305EF
:1032D00008350C2D38BF0C25002D064601DBA94210
:1032E00003D90C2333600020F8BD00F08DF821498C
:1032F0000A6814469CB9204F3B6823B921463046E2
:1033000000F03CF838602946304600F037F8431C9E
:1033100023D10C233360304600F07CF8E3E72368C8
:103320005B1B17D40B2B03D923601C44256004E0DE
:103330006368A2420CBF0B605360304600F06AF82D
:1033400004F10B00231D20F00700C21ACCD01B1A79
:10335000A350C9E722466468CCE7C41C24F00304E8
:10336000A042E3D0211A304600F008F80130DDD148
:10337000CFE700BF742301247823012438B5064D1C
:103380000023044608462B6000F082FB431C02D158
:103390002B6803B1236038BD802301240CB430B501
:1033A000174B0C1E1D689DB008DA8B232B604FF065
:1033B000FF301DB0BDE8304002B070474FF40273DB
:1033C000ADF8143014BF04F1FF3323460493079380
:1033D0004FF6FF7302900690ADF81630209A21AB9D
:1033E00002A92846019300F077F8431CBCBF8B2349
:1033F0002B60002CDDD0029B00221A70D9E700BFA1
:1034000080030024704770470148FFF7FBBF00BFEF
:103410007C2301240148FFF7F6BF00BF7C23012471
:103420002DE9F0478E689E4282460C4690461F4624
:1034300038D88A8912F4906F32D025680969A5EBD3
:103440000109656905EB450505EBD57501334B446D
:103450006D109D4238BF1D46530531D52946FFF7F3
:1034600033FF064650B90C23CAF80030A38943F055
:103470004003A3814FF0FF30BDE8F08721694A4641
:10348000FFF7C0FEA38923F4906343F08003A38178
:10349000266165614E44A5EB09052660A5603E46A0
:1034A000BE4200D93E4620683246414600F0A8FAA6
:1034B000A3689B1BA3602368334423600020DBE7E1
:1034C0002A4600F0B7FA06460028E1D121695046A5
:1034D000FFF7AEFEC7E700002DE9F04F98468B8955
:1034E0001B069DB007460D4614460ED50B6963B901
:1034F0004021FFF7E9FE2860286120B90C233B60DA
:103500004FF0FF30D1E040236B610023099320236B
:103510008DF82930CDF80C803023DFF8A8818DF8A4
:103520002A304FF0010923469A4613F8012B0AB1BD
:10353000252AF9D1BAEB040B0BD05B46224629466B
:103540003846FFF76DFF013000F0AA80099A5A440F
:1035500009929AF80030002B00F0A28000234FF06F
:10356000FF32CDE905230AF1010A049307938DF890
:1035700053301A935446052214F8011B5148ECF7B6
:10358000B7FE049AD8B9D00644BF20238DF8533033
:10359000110744BF2B238DF853309AF800302A2BA3
:1035A00015D0079A544600204FF00A0C214611F816
:1035B000013B303B092B4ED9B0B1079214E0A0EB90
:1035C000080309FA03F313430493A246D2E7039BCB
:1035D000191D1B680391002BBBBF5B4242F0020226
:1035E00007930793B8BF049223782E2B0CD16378EE
:1035F0002A2B35D1039B1A1D1B680392002BB8BFE1
:103600004FF0FF3302340593DFF8C8A0217803227E
:103610005046ECF76DFE40B14023A0EB0A0003FAE0
:1036200000F0049B03430134049314F8011B264863
:103630008DF828100622ECF75BFE002838D0234BCB
:103640001BBB039B073323F0070308330393099B3A
:103650003344099367E70CFB02320C460120A5E7CF
:1036600000230134059319464FF00A0C204610F848
:10367000012B303A092A03D9002BC5D00591C3E7A5
:103680000CFB012104460123F0E703AB00932A461B
:103690000F4B04A93846AFF30080421C0646D6D132
:1036A000AB895B063FF52CAF09981DB0BDE8F08FE4
:1036B00003AB00932A46064B04A9384600F07AF87B
:1036C000EBE700BFA03F0108AA3F0108000000008F
:1036D00021340108A63F01082DE9F0471646994616
:1036E0008A680B69DDF820809342B8BF13463360C7
:1036F00091F8432007460C460AB101333360236832
:10370000990642BF336802333360256815F0060519
:1037100006D104F1190AE36832689B1AAB4226DC31
:1037200094F84320131E226818BF012392062BD45D
:1037300004F1430249463846C04701301ED0236891
:10374000E568326803F00603042B08BFAD1AA368CE
:1037500022690CBF25EAE57500259342C4BF9B1A78
:10376000ED1800261A34B5421AD1002008E00123D2
:10377000524649463846C047013003D14FF0FF302A
:10378000BDE8F0870135C6E7E1185A1C302081F802
:103790004300224494F8451082F843100233C7E7EF
:1037A0000123224649463846C0470130E6D001365B
:1037B000D9E700002DE9FF470F7E0C9D782F914639
:1037C00080460C469A4601F1430207D8622F0AD878
:1037D000002F00F0D880582F00F0A38004F142059C
:1037E00084F842703AE0A7F16303152BF6D801A1E3
:1037F00051F823F04D38010861380108DD37010820
:10380000DD370108DD370108DD37010861380108BF
:10381000DD370108DD370108DD370108DD37010834
:103820006D390108913801084F390108DD37010869
:10383000DD3701088F390108DD37010891380108AB
:10384000DD370108DD370108573901082B681A1DDB
:103850001B682A6004F1420584F842300123A3E08A
:1038600020682968060601F104030AD50E682B605A
:10387000002E03DA2D23764284F843305E480A2373
:1038800019E00E682B6010F0400F18BF36B2EFE75A
:103890002B682068191D2960010601D51E6802E009
:1038A0004606FBD51E8854486F2F0CBF08230A23F9
:1038B000002184F843106568A560002DA2BF21682F
:1038C00021F0040121600EB9002D4DD01546B6FB44
:1038D000F3F103FB1167C75D05F8017D3746BB4275
:1038E0000E46F4D9082B0BD12368DE0708D52369CF
:1038F00061689942DEBF302305F8013C05F1FF35D0
:10390000521B2261CDF800A04B4603AA2146404637
:10391000FFF7E2FE01304CD14FF0FF3004B0BDE8BC
:10392000F087354881F845702968236851F8046BA1
:1039300029601D0614D5DF0744BF43F02003236030
:103940001EB9236823F0200323601023B0E7236807
:1039500043F0200323607823284884F84530E3E7C8
:10396000590648BFB6B2E6E71546BBE72B6826689E
:103970006169181D286035061B6801D5196002E0D1
:103980007006FBD51980002323611546BAE72B6822
:103990001A1D2A601D68626800212846ECF7A8FC01
:1039A00008B1401B606063682361002384F84330E2
:1039B000A8E723692A4649464046D0470130ABD0A4
:1039C00023689B0713D4E068039B9842B8BF18464E
:1039D000A4E70123324649464046D04701309BD0F8
:1039E0000135E36803995B1AAB42F2DCEBE7002593
:1039F00004F11906F5E700BFB13F0108C23F010815
:103A0000884210B501EB020402D98442234607D84C
:103A1000431EA14208D011F8012B03F8012FF8E74B
:103A2000024401468A4200D110BD13F8014D02F84C
:103A3000014DF7E7F8B5074614460E4621B9BDE833
:103A4000F8401146FFF740BC22B9FFF7F1FB2546CD
:103A50002846F8BD00F014F8A0420FD2214638469F
:103A6000FFF732FC05460028F2D031462246FFF728
:103A7000C9FB31463846FFF7DBFBE9E73546E7E7A8
:103A800051F8043C181F002BBCBF0B58C0187047DE
:103A9000044A05491368002B08BF0B461844106000
:103AA000184670478423012488230124FFFFFFFF69
:103AB000FFFF0000FFFFFFFFFFFFFFFFFFFFFFFF14
:103AC000FFFFFFFFFFFFFFFFFFFFFFFFFFFFFFFF06
:103AD000FFFFFFFFFFFFFFFFFFFFFFFFFFFFFFFFF6
:103AE000FFFFFFFFFFFFFFFFFFFFFFFFFFFFFFFFE6
:103AF000FFFF0000FFFFFFFFFFFF000001060000C7
:103B0000010700000054004000580040005C0040E5
:103B1000001C00582500260027003400350047000F
:103B2000520053008E000000010101030701000054
:103B3000000000400004004000080040000C00406D
:103B4000707265737365640072656C65617365643A
:103B500000000000010400006DDBDBB64992B66D89
:103B6000244992242D2D00002573256400000000B7
:103B700043000000432300004400000044230000F1
:103B800045000000460000004623000047000000FA
:103B900047230000410000004123000042000000D4
:103BA000703B0108743B0108783B01087C3B01082D
:103BB000803B0108843B0108883B01088C3B0108DD
:103BC000903B0108943B0108983B01089C3B01088D
:103BD000F1F0F03CF1F0703DF1F0F03DB5B4343E61
:103BE000F1F0703EB5B4343EF1F0F03DF1F0703DCF
:103BF000F1F0F03C452C25640A000000502C2564AF
:103C00002C25642C25642C25640A0000532C256483
:103C10002C25732C25640A00542C25642C25642C37
:103C200025732C25642C25640A000000462C54487A
:103C300045524D414C2C25640A000000462C544549
:103C40004D505F53454E534F522C25640A000000DF
:103C50000006101600061016060000000C000000FA
:103C60001200000018000000000100000601000022
:103C70000C01000012010000180100000002000009
:103C8000060200000C0200001202000018020000F0
:103C90000003000006030000000203000000000013
:103CA00001000000000000000000FA4500007A4614
:103CB0000000FA4600803B470080BB4700100140EF
:103CC0000044004000480040004C004000500040CC
:103CD0000014014000780040007C0040000C0058B7
:103CE00000000000000400000006000000100000BA
:103CF0000000000000300000002000000000001064
:103D00000000000000100000000000000102030499
:103D10000102030406070809000201020002010271
:103D20000100020004000800100020004000800094
:103D30000001000200040008001000200040008084
:103D4000000002580004025800080258000C0258F3
:103D5000001002580014025800180258001C0258A3
:103D600000200258002402580028025800000000D9
:103D7000018080808080808004808080808080803E
:103D8000088080808080808010808080808080801B
:103D90002080808080808080400000000004081027
:103DA0002040000002040810204000000804020423
:103DB00008010101000000000B00FF009402002434
:103DC0007C020024880200244C020024B802002453
:103DD000A0020024AC02002458020024DC020024CB
:103DE000C4020024D002002464020024D82101244B
:103DF000C0210124CC210124A8210124FC2101247B
:103E0000E4210124F0210124B42101240003002431
:103E1000E8020024F40200247002002400000000E4
:103E2000BEF3F879EC61F63F1930965BC6FEDEBF53
:103E30003D88AF4AED71F53FA4FCD432680BDBBF7F
:103E4000B010F0F03995F43F7BB71F0A8B41D7BF14
:103E50008503B8B095C9F33F7BCF6D1AE99DD3BFF9
:103E6000A564880C190DF33F31B6F2F39B1DD0BF4A
:103E7000A08E0B7B225EF23FF07A3B1B1D7CC9BFFC
:103E80003F341A4A4ABBF13F9F3CAF93E3F9C2BFAC
:103E9000BAE58AF05823F13F5C8D78BFCB60B9BF9B
:103EA000A70099413F95F03FCE5F47B69D6FAABFEF
:103EB000000000000000F03F0000000000000000D3
:103EC000AC479AFD8C60EE3F3DF5249FCA38B33F66
:103ED000A06A021FB3A4EC3FBA913854A976C43F3C
:103EE000E6FC6A573620EB3FD2E4C44A0B84CE3F4F
:103EF0002DAAA163D1C2E93F1C65C6F04506D43F97
:103F0000ED417803E686E83FF89F1B2C9C8ED83F56
:103F1000624853F5DC67E73FCC7BB14EA4E0DC3F61
:103F20004D7E0AF7B612D7BFE0326849BFCADE3FFE
:103F3000DEE3FA9F4715E7BFB8C8355F4715F73F7F
:103F40000000000000000000000000000000000071
:103F50000000000000000000000000000000000061
:103F60000000000000000000000000000000000051
:103F70000000000000000000000000000000000041
:103F80000000000000000000000000000000000031
:103F90000000000000000000000000000000000021
:103FA000232D302B2000686C4C0065666745464722
:103FB00000303132333435363738394142434445A5
:103FC0004600303132333435363738396162636414
:103FD00065660000F8B500BFF8BC08BC9E46704797
:0C3FE000F8B500BFF8BC08BC9E46704756
:083FEC004CC7FE7F010000003C
:103FF400C5020008650C0008817900085188000892
:104004007D8E000859A200082DAA00086D1A010827
:04401400651F01081B
:04401800A1020008F9
:10401C000000000001000000100000001000000073
:10402C000000000000000000000000000000000084
:10403C000000000010000000000000000000000064
:10404C000000000000000000000000001000000054
:10405C000000000000000000000000000000000054
:10406C000000000000000000000000000000000044
:10407C000000000000000000000000000100000033
:10408C000000000000000000000000000000000024
:10409C000000000000000000010000000000000013
:1040AC000000000000000000000000000000000004
:1040BC0000000000010000000000000000000000F3
:1040CC0000000000000000000000000000000000E4
:1040DC0001000000000000000000000000000000D3
:1040EC0000000000000000000000000001000000C3
:1040FC0000000000000000000000000000000000B4
:10410C0000000000000000000100000000000000A2
:10411C000000000000000000000000000000000093
:10412C000000000001000000000000000000000082
:10413C000000000000000000000000000000000073
:10414C000100000000000000000000000000000062
:10415C000000000000000000000000000100000052
:10416C000107080000000000000000000106080024
:10417C0000000000000000000B00FF00FC01002408
:10418C00F001002414020024080200242C02002454
:10419C0020020024C0010024B4010024D801002412
:1041AC00CC0100240811012438020024E40100246D
:1041BC00E4100124FC100124F01001245C01002403
:1041CC0050010024010808020B080001080000003F
:1041DC00010908020A08000008000000010C0E0387
:1041EC00020801050E000000020C0801060E00007A
:1041FC000000000001040B000000000000000000A3
:10420C00010707010F040000000000000106070170
:10421C000E04000000000000000307000000000076
:10422C000000000000020700000000000000000079
:10423C00020B07000000000000000000020A07004B
:10424C00000000000000000006090700000000004C
:10425C00000000000090D0030090D003060A050077
:10426C000405000000000000010C05010407010911
:10427C000500000000040600000000000000000023
:10428C00000408000000000000000000010405000C
:10429C0006050609050000000105050007050000DC
:1042AC0000000000060B05000505000000000000E2
:1042BC00010E0502020500000000000002010501CC
:1042CC000F050203050000000303050000000000B9
:1042DC0000000000020B06010406000000000000B4
:1042EC00020C06010507000000000000020A06008F
:1042FC000000000000000000010408000608000097
:10430C000000000001050800070800000000000084
:10431C000005080000000000000000000000000084
:10432C000000000000000000000000000000000081
:10433C000000000001000000000000000000000070
:10434C000000000000000000000000000000000061
:10435C000100000000000000000000000000000050
:10436C000000000000000000000000000100000040
:10437C000000000000000000000000000000000031
:10438C00000000000000000001000000FF00000021
:10439C008403002400000000603F0108803F0108F6
:1043AC00403F010800000000000000000000000079
:1043BC0000000000000000000000000000000000F1
:1043CC0000000000000000000000000000000000E1
:1043DC0000000000000000000000000000000000D1
:1043EC0000000000000000000000000000000000C1
:0443FC0000000000BD
:0400000508000A11D4
:00000001FF
