ARM GAS  C:\Users\aydan\AppData\Local\Temp\ccAAF8Hc.s 			page 1


   1              		.cpu cortex-m7
   2              		.eabi_attribute 28, 1
   3              		.eabi_attribute 20, 1
   4              		.eabi_attribute 21, 1
   5              		.eabi_attribute 23, 3
   6              		.eabi_attribute 24, 1
   7              		.eabi_attribute 25, 1
   8              		.eabi_attribute 26, 1
   9              		.eabi_attribute 30, 2
  10              		.eabi_attribute 34, 1
  11              		.eabi_attribute 18, 4
  12              		.file	"main.cpp"
  13              		.text
  14              	.Ltext0:
  15              		.cfi_sections	.debug_frame
  16              		.section	.text._ZN5daisy9DaisySeedD2Ev,"axG",%progbits,_ZN5daisy9DaisySeedD5Ev,comdat
  17              		.align	1
  18              		.p2align 2,,3
  19              		.weak	_ZN5daisy9DaisySeedD2Ev
  20              		.arch armv7e-m
  21              		.syntax unified
  22              		.thumb
  23              		.thumb_func
  24              		.fpu fpv5-d16
  26              	_ZN5daisy9DaisySeedD2Ev:
  27              	.LVL0:
  28              	.LFB2555:
  29              		.file 1 "../../libDaisy/src/daisy_seed.h"
   1:../../libDaisy/src/daisy_seed.h **** #pragma once
   2:../../libDaisy/src/daisy_seed.h **** #ifndef DSY_SEED_H
   3:../../libDaisy/src/daisy_seed.h **** #define DSY_SEED_H
   4:../../libDaisy/src/daisy_seed.h **** 
   5:../../libDaisy/src/daisy_seed.h **** #include "daisy.h"
   6:../../libDaisy/src/daisy_seed.h **** 
   7:../../libDaisy/src/daisy_seed.h **** //Uncomment this out if you're still using the rev2 hardware
   8:../../libDaisy/src/daisy_seed.h **** //#define SEED_REV2
   9:../../libDaisy/src/daisy_seed.h **** 
  10:../../libDaisy/src/daisy_seed.h **** namespace daisy
  11:../../libDaisy/src/daisy_seed.h **** {
  12:../../libDaisy/src/daisy_seed.h **** /**
  13:../../libDaisy/src/daisy_seed.h ****    @brief This is the higher-level interface for the Daisy board. \n 
  14:../../libDaisy/src/daisy_seed.h ****     All basic peripheral configuration/initialization is setup here. \n
  15:../../libDaisy/src/daisy_seed.h **** 
  16:../../libDaisy/src/daisy_seed.h ****    @ingroup boards
  17:../../libDaisy/src/daisy_seed.h **** */
  18:../../libDaisy/src/daisy_seed.h **** class DaisySeed
  19:../../libDaisy/src/daisy_seed.h **** {
  20:../../libDaisy/src/daisy_seed.h ****   public:
  21:../../libDaisy/src/daisy_seed.h ****     DaisySeed() {}
  22:../../libDaisy/src/daisy_seed.h ****     ~DaisySeed() {}
  30              		.loc 1 22 5 view -0
  31              		.cfi_startproc
  32              		@ args = 0, pretend = 0, frame = 0
  33              		@ frame_needed = 0, uses_anonymous_args = 0
  34              		@ link register save eliminated.
  35              	.LBB118:
  36              	.LBI118:
ARM GAS  C:\Users\aydan\AppData\Local\Temp\ccAAF8Hc.s 			page 2


  37              		.file 2 "../../libDaisy/src/sys/system.h"
   1:../../libDaisy/src/sys/system.h **** #ifndef DSY_SYSTEM_H
   2:../../libDaisy/src/sys/system.h **** #define DSY_SYSTEM_H
   3:../../libDaisy/src/sys/system.h **** 
   4:../../libDaisy/src/sys/system.h **** #ifndef UNIT_TEST // for unit tests, a dummy implementation is provided below
   5:../../libDaisy/src/sys/system.h **** 
   6:../../libDaisy/src/sys/system.h **** #include <cstdint>
   7:../../libDaisy/src/sys/system.h **** #include "per/tim.h"
   8:../../libDaisy/src/sys/system.h **** 
   9:../../libDaisy/src/sys/system.h **** namespace daisy
  10:../../libDaisy/src/sys/system.h **** {
  11:../../libDaisy/src/sys/system.h **** /** A handle for interacting with the Core System.
  12:../../libDaisy/src/sys/system.h ****  ** This includes the Clock tree, MPU, global DMA initialization,
  13:../../libDaisy/src/sys/system.h ****  ** cache handling, and any other necessary global initiailzation
  14:../../libDaisy/src/sys/system.h ****  **
  15:../../libDaisy/src/sys/system.h ****  ** @author shensley
  16:../../libDaisy/src/sys/system.h ****  ** @ingroup system
  17:../../libDaisy/src/sys/system.h ****  */
  18:../../libDaisy/src/sys/system.h **** class System
  19:../../libDaisy/src/sys/system.h **** {
  20:../../libDaisy/src/sys/system.h ****   public:
  21:../../libDaisy/src/sys/system.h ****     /** Contains settings for initializing the System */
  22:../../libDaisy/src/sys/system.h ****     struct Config
  23:../../libDaisy/src/sys/system.h ****     {
  24:../../libDaisy/src/sys/system.h ****         /** Specifies the system clock frequency that feeds APB/AHB clocks, etc. */
  25:../../libDaisy/src/sys/system.h ****         enum class SysClkFreq
  26:../../libDaisy/src/sys/system.h ****         {
  27:../../libDaisy/src/sys/system.h ****             FREQ_400MHZ,
  28:../../libDaisy/src/sys/system.h ****             FREQ_480MHZ,
  29:../../libDaisy/src/sys/system.h ****         };
  30:../../libDaisy/src/sys/system.h **** 
  31:../../libDaisy/src/sys/system.h ****         /** Method to call on the struct to set to defaults
  32:../../libDaisy/src/sys/system.h ****          ** CPU Freq set to 400MHz
  33:../../libDaisy/src/sys/system.h ****          ** Cache Enabled
  34:../../libDaisy/src/sys/system.h ****          ** */
  35:../../libDaisy/src/sys/system.h ****         void Defaults()
  36:../../libDaisy/src/sys/system.h ****         {
  37:../../libDaisy/src/sys/system.h ****             cpu_freq    = SysClkFreq::FREQ_400MHZ;
  38:../../libDaisy/src/sys/system.h ****             use_dcache  = true;
  39:../../libDaisy/src/sys/system.h ****             use_icache  = true;
  40:../../libDaisy/src/sys/system.h ****             skip_clocks = false;
  41:../../libDaisy/src/sys/system.h ****         }
  42:../../libDaisy/src/sys/system.h **** 
  43:../../libDaisy/src/sys/system.h ****         /** Method to call on the struct to set to boost mode:
  44:../../libDaisy/src/sys/system.h ****          ** CPU Freq set to 480MHz
  45:../../libDaisy/src/sys/system.h ****          ** Cache Enabled
  46:../../libDaisy/src/sys/system.h ****          ** */
  47:../../libDaisy/src/sys/system.h ****         void Boost()
  48:../../libDaisy/src/sys/system.h ****         {
  49:../../libDaisy/src/sys/system.h ****             cpu_freq    = SysClkFreq::FREQ_480MHZ;
  50:../../libDaisy/src/sys/system.h ****             use_dcache  = true;
  51:../../libDaisy/src/sys/system.h ****             use_icache  = true;
  52:../../libDaisy/src/sys/system.h ****             skip_clocks = false;
  53:../../libDaisy/src/sys/system.h ****         }
  54:../../libDaisy/src/sys/system.h **** 
  55:../../libDaisy/src/sys/system.h ****         SysClkFreq cpu_freq;
  56:../../libDaisy/src/sys/system.h ****         bool       use_dcache;
ARM GAS  C:\Users\aydan\AppData\Local\Temp\ccAAF8Hc.s 			page 3


  57:../../libDaisy/src/sys/system.h ****         bool       use_icache;
  58:../../libDaisy/src/sys/system.h ****         bool       skip_clocks;
  59:../../libDaisy/src/sys/system.h ****     };
  60:../../libDaisy/src/sys/system.h **** 
  61:../../libDaisy/src/sys/system.h ****     /** Describes the different regions of memory available to the Daisy */
  62:../../libDaisy/src/sys/system.h ****     enum MemoryRegion
  63:../../libDaisy/src/sys/system.h ****     {
  64:../../libDaisy/src/sys/system.h ****         INTERNAL_FLASH = 0,
  65:../../libDaisy/src/sys/system.h ****         ITCMRAM,
  66:../../libDaisy/src/sys/system.h ****         DTCMRAM,
  67:../../libDaisy/src/sys/system.h ****         SRAM_D1,
  68:../../libDaisy/src/sys/system.h ****         SRAM_D2,
  69:../../libDaisy/src/sys/system.h ****         SRAM_D3,
  70:../../libDaisy/src/sys/system.h ****         SDRAM,
  71:../../libDaisy/src/sys/system.h ****         QSPI,
  72:../../libDaisy/src/sys/system.h ****         INVALID_ADDRESS,
  73:../../libDaisy/src/sys/system.h ****     };
  74:../../libDaisy/src/sys/system.h **** 
  75:../../libDaisy/src/sys/system.h ****     /** Bootloader struct for controlling bootloading parameters */
  76:../../libDaisy/src/sys/system.h ****     struct BootInfo
  77:../../libDaisy/src/sys/system.h ****     {
  78:../../libDaisy/src/sys/system.h ****         enum class Type : uint32_t
  79:../../libDaisy/src/sys/system.h ****         {
  80:../../libDaisy/src/sys/system.h ****             INVALID      = 0x00000000,
  81:../../libDaisy/src/sys/system.h ****             JUMP         = 0xDEADBEEF,
  82:../../libDaisy/src/sys/system.h ****             SKIP_TIMEOUT = 0x5AFEB007,
  83:../../libDaisy/src/sys/system.h ****             INF_TIMEOUT  = 0xB0074EFA,
  84:../../libDaisy/src/sys/system.h ****         } status;
  85:../../libDaisy/src/sys/system.h ****         uint32_t data;
  86:../../libDaisy/src/sys/system.h ****         enum class Version : uint32_t
  87:../../libDaisy/src/sys/system.h ****         {
  88:../../libDaisy/src/sys/system.h ****             LT_v6_0 = 0, // Less than v6.0
  89:../../libDaisy/src/sys/system.h ****             NONE,        // No bootloader present
  90:../../libDaisy/src/sys/system.h ****             v6_0,        // v6.0
  91:../../libDaisy/src/sys/system.h ****             v6_1,        // v6.1 or greater
  92:../../libDaisy/src/sys/system.h ****             LAST
  93:../../libDaisy/src/sys/system.h ****         } version;
  94:../../libDaisy/src/sys/system.h ****     };
  95:../../libDaisy/src/sys/system.h **** 
  96:../../libDaisy/src/sys/system.h ****     System() {}
  97:../../libDaisy/src/sys/system.h ****     ~System() {}
  38              		.loc 2 97 5 view .LVU1
  39              		.loc 2 97 5 is_stmt 0 view .LVU2
  40              	.LBE118:
  41              	.LBB119:
  42              	.LBI119:
  43              		.file 3 "../../libDaisy/src/hid/usb.h"
   1:../../libDaisy/src/hid/usb.h **** #pragma once
   2:../../libDaisy/src/hid/usb.h **** #ifndef DSY_HID_USB_H
   3:../../libDaisy/src/hid/usb.h **** #define DSY_HID_USB_H
   4:../../libDaisy/src/hid/usb.h **** #include <stdint.h>
   5:../../libDaisy/src/hid/usb.h **** #include <stdlib.h>
   6:../../libDaisy/src/hid/usb.h **** 
   7:../../libDaisy/src/hid/usb.h **** namespace daisy
   8:../../libDaisy/src/hid/usb.h **** /** @addtogroup human_interface
   9:../../libDaisy/src/hid/usb.h ****     @{
  10:../../libDaisy/src/hid/usb.h **** */
ARM GAS  C:\Users\aydan\AppData\Local\Temp\ccAAF8Hc.s 			page 4


  11:../../libDaisy/src/hid/usb.h **** 
  12:../../libDaisy/src/hid/usb.h **** {
  13:../../libDaisy/src/hid/usb.h **** /** 
  14:../../libDaisy/src/hid/usb.h ****     @brief Interface for initializing and using the USB Peripherals on the daisy
  15:../../libDaisy/src/hid/usb.h ****     @author Stephen Hensley
  16:../../libDaisy/src/hid/usb.h ****     @date December 2019
  17:../../libDaisy/src/hid/usb.h **** */
  18:../../libDaisy/src/hid/usb.h **** class UsbHandle
  19:../../libDaisy/src/hid/usb.h **** {
  20:../../libDaisy/src/hid/usb.h ****   public:
  21:../../libDaisy/src/hid/usb.h ****     /** Return values for USBHandle Functions */
  22:../../libDaisy/src/hid/usb.h ****     enum class Result
  23:../../libDaisy/src/hid/usb.h ****     {
  24:../../libDaisy/src/hid/usb.h ****         OK,
  25:../../libDaisy/src/hid/usb.h ****         ERR,
  26:../../libDaisy/src/hid/usb.h ****     };
  27:../../libDaisy/src/hid/usb.h **** 
  28:../../libDaisy/src/hid/usb.h ****     /** Specified which of the two USB Peripherals to initialize. */
  29:../../libDaisy/src/hid/usb.h ****     enum UsbPeriph
  30:../../libDaisy/src/hid/usb.h ****     {
  31:../../libDaisy/src/hid/usb.h ****         FS_INTERNAL, /**< Internal pin */
  32:../../libDaisy/src/hid/usb.h ****         FS_EXTERNAL, /**< FS External D+ pin is Pin 38 (GPIO32). FS External D- pin is Pin 37 (GPIO
  33:../../libDaisy/src/hid/usb.h ****         FS_BOTH,     /**< Both */
  34:../../libDaisy/src/hid/usb.h ****     };
  35:../../libDaisy/src/hid/usb.h **** 
  36:../../libDaisy/src/hid/usb.h **** 
  37:../../libDaisy/src/hid/usb.h ****     /** Function called upon reception of a buffer */
  38:../../libDaisy/src/hid/usb.h ****     typedef void (*ReceiveCallback)(uint8_t* buff, uint32_t* len);
  39:../../libDaisy/src/hid/usb.h **** 
  40:../../libDaisy/src/hid/usb.h ****     UsbHandle() {}
  41:../../libDaisy/src/hid/usb.h **** 
  42:../../libDaisy/src/hid/usb.h ****     ~UsbHandle() {}
  44              		.loc 3 42 5 is_stmt 1 view .LVU3
  45              		.loc 3 42 5 is_stmt 0 view .LVU4
  46              	.LBE119:
  47              	.LBB120:
  48              	.LBI120:
  49              		.file 4 "../../libDaisy/src/per/adc.h"
   1:../../libDaisy/src/per/adc.h **** #pragma once
   2:../../libDaisy/src/per/adc.h **** #ifndef DSY_ADC_H
   3:../../libDaisy/src/per/adc.h **** #define DSY_ADC_H /**< Macro */
   4:../../libDaisy/src/per/adc.h **** #include <stdint.h>
   5:../../libDaisy/src/per/adc.h **** #include <stdlib.h>
   6:../../libDaisy/src/per/adc.h **** #include "daisy_core.h"
   7:../../libDaisy/src/per/adc.h **** #include "per/gpio.h"
   8:../../libDaisy/src/per/adc.h **** 
   9:../../libDaisy/src/per/adc.h **** #define DSY_ADC_MAX_CHANNELS 16 /**< Maximum number of ADC channels */
  10:../../libDaisy/src/per/adc.h **** 
  11:../../libDaisy/src/per/adc.h **** namespace daisy
  12:../../libDaisy/src/per/adc.h **** {
  13:../../libDaisy/src/per/adc.h **** /** @addtogroup per_analog
  14:../../libDaisy/src/per/adc.h ****     @{
  15:../../libDaisy/src/per/adc.h **** */
  16:../../libDaisy/src/per/adc.h **** 
  17:../../libDaisy/src/per/adc.h **** /* While there may not be many configuration options here,
  18:../../libDaisy/src/per/adc.h **** using a struct like this allows us to add more configuration
  19:../../libDaisy/src/per/adc.h **** later without breaking existing functionality.
ARM GAS  C:\Users\aydan\AppData\Local\Temp\ccAAF8Hc.s 			page 5


  20:../../libDaisy/src/per/adc.h **** */
  21:../../libDaisy/src/per/adc.h **** 
  22:../../libDaisy/src/per/adc.h **** /** @brief   Configuration Structure for an ADC Channel 
  23:../../libDaisy/src/per/adc.h ****  *  @details This can be used to configure a a single input, 
  24:../../libDaisy/src/per/adc.h ****  *           or a multiplexed input, allowing up to 8 inputs on 
  25:../../libDaisy/src/per/adc.h ****  *           one channel.
  26:../../libDaisy/src/per/adc.h ****  *  @note    Sharing data lines to multiple muxes _is_ possible, but
  27:../../libDaisy/src/per/adc.h ****  *           each channel sharing data lines must be set to the maximum
  28:../../libDaisy/src/per/adc.h ****  *           number of channels, even if some multiplexers have fewer
  29:../../libDaisy/src/per/adc.h ****  *           inputs connected.
  30:../../libDaisy/src/per/adc.h **** */
  31:../../libDaisy/src/per/adc.h **** struct AdcChannelConfig
  32:../../libDaisy/src/per/adc.h **** {
  33:../../libDaisy/src/per/adc.h ****     /** Which pin to use for multiplexing */
  34:../../libDaisy/src/per/adc.h ****     enum MuxPin
  35:../../libDaisy/src/per/adc.h ****     {
  36:../../libDaisy/src/per/adc.h ****         MUX_SEL_0,    /**< & */
  37:../../libDaisy/src/per/adc.h ****         MUX_SEL_1,    /**< & */
  38:../../libDaisy/src/per/adc.h ****         MUX_SEL_2,    /**< & */
  39:../../libDaisy/src/per/adc.h ****         MUX_SEL_LAST, /**< & */
  40:../../libDaisy/src/per/adc.h ****     };
  41:../../libDaisy/src/per/adc.h **** 
  42:../../libDaisy/src/per/adc.h ****     /** \brief per channel conversion speed added to fixed time based on bitdepth, etc. */
  43:../../libDaisy/src/per/adc.h ****     enum ConversionSpeed
  44:../../libDaisy/src/per/adc.h ****     {
  45:../../libDaisy/src/per/adc.h ****         SPEED_1CYCLES_5,
  46:../../libDaisy/src/per/adc.h ****         SPEED_2CYCLES_5,
  47:../../libDaisy/src/per/adc.h ****         SPEED_8CYCLES_5,
  48:../../libDaisy/src/per/adc.h ****         SPEED_16CYCLES_5,
  49:../../libDaisy/src/per/adc.h ****         SPEED_32CYCLES_5,
  50:../../libDaisy/src/per/adc.h ****         SPEED_64CYCLES_5,
  51:../../libDaisy/src/per/adc.h ****         SPEED_387CYCLES_5,
  52:../../libDaisy/src/per/adc.h ****         SPEED_810CYCLES_5,
  53:../../libDaisy/src/per/adc.h ****     };
  54:../../libDaisy/src/per/adc.h **** 
  55:../../libDaisy/src/per/adc.h ****     /** Initializes a single ADC pin as an ADC. 
  56:../../libDaisy/src/per/adc.h ****     \param pin Pin to init.
  57:../../libDaisy/src/per/adc.h ****     \param speed conversion speed for this pin defaults to 8.5 cycles
  58:../../libDaisy/src/per/adc.h ****      */
  59:../../libDaisy/src/per/adc.h ****     void InitSingle(dsy_gpio_pin pin, ConversionSpeed speed = SPEED_8CYCLES_5);
  60:../../libDaisy/src/per/adc.h **** 
  61:../../libDaisy/src/per/adc.h ****     /** 
  62:../../libDaisy/src/per/adc.h ****     Initializes a single ADC pin as a Multiplexed ADC.
  63:../../libDaisy/src/per/adc.h ****     Requires a CD405X Multiplexer connected to the pin.
  64:../../libDaisy/src/per/adc.h ****     You only need to supply the mux pins that are required,
  65:../../libDaisy/src/per/adc.h ****     e.g. a 4052 mux would only require mux_0 and mux_1.
  66:../../libDaisy/src/per/adc.h ****     Internal Callbacks handle the pin addressing.
  67:../../libDaisy/src/per/adc.h ****     \param adc_pin &
  68:../../libDaisy/src/per/adc.h ****     \param mux_channels must be 1-8
  69:../../libDaisy/src/per/adc.h ****     \param mux_0 First mux pin
  70:../../libDaisy/src/per/adc.h ****     \param mux_1 Second mux pin
  71:../../libDaisy/src/per/adc.h ****     \param mux_2 Third mux pin
  72:../../libDaisy/src/per/adc.h ****     \param speed conversion speed for this pin defaults to 8.5 cycles
  73:../../libDaisy/src/per/adc.h ****     */
  74:../../libDaisy/src/per/adc.h ****     void InitMux(dsy_gpio_pin    adc_pin,
  75:../../libDaisy/src/per/adc.h ****                  size_t          mux_channels,
  76:../../libDaisy/src/per/adc.h ****                  dsy_gpio_pin    mux_0,
ARM GAS  C:\Users\aydan\AppData\Local\Temp\ccAAF8Hc.s 			page 6


  77:../../libDaisy/src/per/adc.h ****                  dsy_gpio_pin    mux_1 = {DSY_GPIOX, 0},
  78:../../libDaisy/src/per/adc.h ****                  dsy_gpio_pin    mux_2 = {DSY_GPIOX, 0},
  79:../../libDaisy/src/per/adc.h ****                  ConversionSpeed speed = SPEED_8CYCLES_5);
  80:../../libDaisy/src/per/adc.h **** 
  81:../../libDaisy/src/per/adc.h ****     dsy_gpio        pin_;                   /**< & */
  82:../../libDaisy/src/per/adc.h ****     dsy_gpio        mux_pin_[MUX_SEL_LAST]; /**< & */
  83:../../libDaisy/src/per/adc.h ****     uint8_t         mux_channels_;          /**< & */
  84:../../libDaisy/src/per/adc.h ****     ConversionSpeed speed_;
  85:../../libDaisy/src/per/adc.h **** };
  86:../../libDaisy/src/per/adc.h **** 
  87:../../libDaisy/src/per/adc.h **** /**
  88:../../libDaisy/src/per/adc.h ****    @brief Handler for analog to digital conversion
  89:../../libDaisy/src/per/adc.h **** */
  90:../../libDaisy/src/per/adc.h **** class AdcHandle
  91:../../libDaisy/src/per/adc.h **** {
  92:../../libDaisy/src/per/adc.h ****   public:
  93:../../libDaisy/src/per/adc.h ****     /** Supported oversampling amounts */
  94:../../libDaisy/src/per/adc.h ****     enum OverSampling
  95:../../libDaisy/src/per/adc.h ****     {
  96:../../libDaisy/src/per/adc.h ****         OVS_NONE, /**< & */
  97:../../libDaisy/src/per/adc.h ****         OVS_4,    /**< & */
  98:../../libDaisy/src/per/adc.h ****         OVS_8,    /**< & */
  99:../../libDaisy/src/per/adc.h ****         OVS_16,   /**< & */
 100:../../libDaisy/src/per/adc.h ****         OVS_32,   /**< & */
 101:../../libDaisy/src/per/adc.h ****         OVS_64,   /**< & */
 102:../../libDaisy/src/per/adc.h ****         OVS_128,  /**< & */
 103:../../libDaisy/src/per/adc.h ****         OVS_256,  /**< & */
 104:../../libDaisy/src/per/adc.h ****         OVS_512,  /**< & */
 105:../../libDaisy/src/per/adc.h ****         OVS_1024, /**< & */
 106:../../libDaisy/src/per/adc.h ****         OVS_LAST, /**< & */
 107:../../libDaisy/src/per/adc.h ****     };
 108:../../libDaisy/src/per/adc.h **** 
 109:../../libDaisy/src/per/adc.h ****     AdcHandle() {}
 110:../../libDaisy/src/per/adc.h ****     ~AdcHandle() {}
  50              		.loc 4 110 5 is_stmt 1 view .LVU5
  51              		.loc 4 110 5 is_stmt 0 view .LVU6
  52              	.LBE120:
  53              	.LBB121:
  54              	.LBI121:
  55              		.file 5 "../../libDaisy/src/hid/audio.h"
   1:../../libDaisy/src/hid/audio.h **** #ifndef DSY_AUDIO_H
   2:../../libDaisy/src/hid/audio.h **** #define DSY_AUDIO_H /**< & */
   3:../../libDaisy/src/hid/audio.h **** 
   4:../../libDaisy/src/hid/audio.h **** #include "per/sai.h"
   5:../../libDaisy/src/hid/audio.h **** 
   6:../../libDaisy/src/hid/audio.h **** namespace daisy
   7:../../libDaisy/src/hid/audio.h **** {
   8:../../libDaisy/src/hid/audio.h **** /** @brief Audio Engine Handle
   9:../../libDaisy/src/hid/audio.h ****  *  @ingroup audio 
  10:../../libDaisy/src/hid/audio.h ****  *  @details This class allows for higher level access to an audio engine.
  11:../../libDaisy/src/hid/audio.h ****  *           If you're using a SOM like the DaisySeed or DaisyPatchSM (or any 
  12:../../libDaisy/src/hid/audio.h ****  *            board that includes one of those objects) then the intialization
  13:../../libDaisy/src/hid/audio.h ****  *            is already taken  care of.
  14:../../libDaisy/src/hid/audio.h ****  *           If you're setting up your own custom hardware, or need to make changes
  15:../../libDaisy/src/hid/audio.h ****  *           you will have to take the following steps:
  16:../../libDaisy/src/hid/audio.h ****  *             1. Create and Initialize an SaiHandle or two depending on your requirements
  17:../../libDaisy/src/hid/audio.h ****  *             2. Initialize the Audio Handle with the desired settings and the Initialized SaiHand
ARM GAS  C:\Users\aydan\AppData\Local\Temp\ccAAF8Hc.s 			page 7


  18:../../libDaisy/src/hid/audio.h ****  *             3. If the connected codec requires special configuration or initialization, do so
  19:../../libDaisy/src/hid/audio.h ****  *             4. Write a callback method using either the AudioCallback or the InterleavingAudioCa
  20:../../libDaisy/src/hid/audio.h ****  *             5. Start the Audio using one of the StartAudio function
  21:../../libDaisy/src/hid/audio.h ****  */
  22:../../libDaisy/src/hid/audio.h **** class AudioHandle
  23:../../libDaisy/src/hid/audio.h **** {
  24:../../libDaisy/src/hid/audio.h ****   public:
  25:../../libDaisy/src/hid/audio.h ****     /** Manually configurable details about the Audio Engine */
  26:../../libDaisy/src/hid/audio.h ****     /** TODO: Figure out how to get samplerate in here. */
  27:../../libDaisy/src/hid/audio.h ****     struct Config
  28:../../libDaisy/src/hid/audio.h ****     {
  29:../../libDaisy/src/hid/audio.h ****         /** number of samples to process per callback */
  30:../../libDaisy/src/hid/audio.h ****         size_t blocksize;
  31:../../libDaisy/src/hid/audio.h **** 
  32:../../libDaisy/src/hid/audio.h ****         /**< Sample rate of audio */
  33:../../libDaisy/src/hid/audio.h ****         SaiHandle::Config::SampleRate samplerate;
  34:../../libDaisy/src/hid/audio.h **** 
  35:../../libDaisy/src/hid/audio.h ****         /** factor for adjustment before and after callback for hardware that may have extra headro
  36:../../libDaisy/src/hid/audio.h ****         float postgain;
  37:../../libDaisy/src/hid/audio.h **** 
  38:../../libDaisy/src/hid/audio.h ****         /** factor for additional one-sided compensation to audio path for hardware that may
  39:../../libDaisy/src/hid/audio.h ****          *  have unequal input/output ranges
  40:../../libDaisy/src/hid/audio.h ****          */
  41:../../libDaisy/src/hid/audio.h ****         float output_compensation;
  42:../../libDaisy/src/hid/audio.h **** 
  43:../../libDaisy/src/hid/audio.h ****         /** Sets default values for config struct */
  44:../../libDaisy/src/hid/audio.h ****         Config()
  45:../../libDaisy/src/hid/audio.h ****         : blocksize(48),
  46:../../libDaisy/src/hid/audio.h ****           samplerate(SaiHandle::Config::SampleRate::SAI_48KHZ),
  47:../../libDaisy/src/hid/audio.h ****           postgain(1.f),
  48:../../libDaisy/src/hid/audio.h ****           output_compensation(1.f)
  49:../../libDaisy/src/hid/audio.h ****         {
  50:../../libDaisy/src/hid/audio.h ****         }
  51:../../libDaisy/src/hid/audio.h ****     };
  52:../../libDaisy/src/hid/audio.h **** 
  53:../../libDaisy/src/hid/audio.h ****     enum class Result
  54:../../libDaisy/src/hid/audio.h ****     {
  55:../../libDaisy/src/hid/audio.h ****         OK,
  56:../../libDaisy/src/hid/audio.h ****         ERR,
  57:../../libDaisy/src/hid/audio.h ****     };
  58:../../libDaisy/src/hid/audio.h **** 
  59:../../libDaisy/src/hid/audio.h ****     /** Non-Interleaving input buffer
  60:../../libDaisy/src/hid/audio.h ****      * Buffer arranged by float[chn][sample] 
  61:../../libDaisy/src/hid/audio.h ****      * const so that the user can't modify the input
  62:../../libDaisy/src/hid/audio.h ****      */
  63:../../libDaisy/src/hid/audio.h ****     typedef const float* const* InputBuffer;
  64:../../libDaisy/src/hid/audio.h **** 
  65:../../libDaisy/src/hid/audio.h ****     /** Non-Interleaving output buffer
  66:../../libDaisy/src/hid/audio.h ****      * Arranged by float[chn][sample] 
  67:../../libDaisy/src/hid/audio.h ****      */
  68:../../libDaisy/src/hid/audio.h ****     typedef float** OutputBuffer;
  69:../../libDaisy/src/hid/audio.h **** 
  70:../../libDaisy/src/hid/audio.h ****     /** Type for a Non-Interleaving audio callback 
  71:../../libDaisy/src/hid/audio.h ****      * Non-Interleaving audio callbacks in daisy will be of this type
  72:../../libDaisy/src/hid/audio.h ****      */
  73:../../libDaisy/src/hid/audio.h ****     typedef void (*AudioCallback)(InputBuffer  in,
  74:../../libDaisy/src/hid/audio.h ****                                   OutputBuffer out,
ARM GAS  C:\Users\aydan\AppData\Local\Temp\ccAAF8Hc.s 			page 8


  75:../../libDaisy/src/hid/audio.h ****                                   size_t       size);
  76:../../libDaisy/src/hid/audio.h **** 
  77:../../libDaisy/src/hid/audio.h ****     /** Interleaving Input buffer
  78:../../libDaisy/src/hid/audio.h ****      ** audio is prepared as { L0, R0, L1, R1, . . . LN, RN }]
  79:../../libDaisy/src/hid/audio.h ****      ** this is const, as the user shouldn't modify it
  80:../../libDaisy/src/hid/audio.h ****     */
  81:../../libDaisy/src/hid/audio.h ****     typedef const float* InterleavingInputBuffer;
  82:../../libDaisy/src/hid/audio.h **** 
  83:../../libDaisy/src/hid/audio.h ****     /** Interleaving Output buffer 
  84:../../libDaisy/src/hid/audio.h ****      ** audio is prepared as { L0, R0, L1, R1, . . . LN, RN }
  85:../../libDaisy/src/hid/audio.h ****     */
  86:../../libDaisy/src/hid/audio.h ****     typedef float* InterleavingOutputBuffer;
  87:../../libDaisy/src/hid/audio.h **** 
  88:../../libDaisy/src/hid/audio.h ****     /** Interleaving Audio Callback 
  89:../../libDaisy/src/hid/audio.h ****      * Interleaving audio callbacks in daisy must be of this type
  90:../../libDaisy/src/hid/audio.h ****      */
  91:../../libDaisy/src/hid/audio.h ****     typedef void (*InterleavingAudioCallback)(InterleavingInputBuffer  in,
  92:../../libDaisy/src/hid/audio.h ****                                               InterleavingOutputBuffer out,
  93:../../libDaisy/src/hid/audio.h ****                                               size_t                   size);
  94:../../libDaisy/src/hid/audio.h **** 
  95:../../libDaisy/src/hid/audio.h ****     AudioHandle() : pimpl_(nullptr) {}
  96:../../libDaisy/src/hid/audio.h ****     ~AudioHandle() {}
  56              		.loc 5 96 5 is_stmt 1 view .LVU7
  57              		.loc 5 96 5 is_stmt 0 view .LVU8
  58              	.LBE121:
  59              		.loc 1 22 19 view .LVU9
  60 0000 7047     		bx	lr
  61              		.cfi_endproc
  62              	.LFE2555:
  64              		.weak	_ZN5daisy9DaisySeedD1Ev
  65              		.thumb_set _ZN5daisy9DaisySeedD1Ev,_ZN5daisy9DaisySeedD2Ev
  66 0002 00BF     		.section	.text._ZN12_GLOBAL__N_113AudioCallbackEPKPKfPPfj,"ax",%progbits
  67              		.align	1
  68              		.p2align 2,,3
  69              		.syntax unified
  70              		.thumb
  71              		.thumb_func
  72              		.fpu fpv5-d16
  74              	_ZN12_GLOBAL__N_113AudioCallbackEPKPKfPPfj:
  75              	.LVL1:
  76              	.LFB2582:
  77              		.file 6 "src/main.cpp"
   1:src/main.cpp  **** #include "diagnostic_config.h"
   2:src/main.cpp  **** #include "daisy_seed.h"
   3:src/main.cpp  **** 
   4:src/main.cpp  **** #if DIAG_HAS_MAILBOX
   5:src/main.cpp  **** #include "control_mailbox.h"
   6:src/main.cpp  **** #endif
   7:src/main.cpp  **** #if DIAG_HAS_CONTROLS
   8:src/main.cpp  **** #include "controls.h"
   9:src/main.cpp  **** #endif
  10:src/main.cpp  **** #if DIAG_HAS_TELEMETRY
  11:src/main.cpp  **** #include "telemetry.h"
  12:src/main.cpp  **** #endif
  13:src/main.cpp  **** #if DIAG_HAS_TUNER_OBJECTS
  14:src/main.cpp  **** #include "tuner.h"
  15:src/main.cpp  **** #endif
ARM GAS  C:\Users\aydan\AppData\Local\Temp\ccAAF8Hc.s 			page 9


  16:src/main.cpp  **** #if DIAG_HAS_THERMAL
  17:src/main.cpp  **** #include "thermal_monitor.h"
  18:src/main.cpp  **** #endif
  19:src/main.cpp  **** #if DIAG_HAS_AUDIOENGINE
  20:src/main.cpp  **** #include "audio_engine.h"
  21:src/main.cpp  **** #endif
  22:src/main.cpp  **** 
  23:src/main.cpp  **** #if DIAG_AUDIO_MODE == DIAG_AUDIO_SINE_440
  24:src/main.cpp  **** #include <cmath>
  25:src/main.cpp  **** #endif
  26:src/main.cpp  **** 
  27:src/main.cpp  **** using namespace daisy;
  28:src/main.cpp  **** 
  29:src/main.cpp  **** namespace
  30:src/main.cpp  **** {
  31:src/main.cpp  **** template <typename T>
  32:src/main.cpp  **** void RetainDiagnosticObject(T& object)
  33:src/main.cpp  **** {
  34:src/main.cpp  ****     asm volatile("" : : "r"(&object));
  35:src/main.cpp  **** }
  36:src/main.cpp  **** 
  37:src/main.cpp  **** DaisySeed hw;
  38:src/main.cpp  **** 
  39:src/main.cpp  **** #if DIAG_HAS_MAILBOX
  40:src/main.cpp  **** app::ControlMailbox control_mailbox;
  41:src/main.cpp  **** #endif
  42:src/main.cpp  **** #if DIAG_HAS_CONTROLS
  43:src/main.cpp  **** app::Controls controls;
  44:src/main.cpp  **** #endif
  45:src/main.cpp  **** #if DIAG_HAS_TUNER_OBJECTS
  46:src/main.cpp  **** app::TunerCapture  tuner_capture;
  47:src/main.cpp  **** app::TunerAnalyzer tuner_analyzer;
  48:src/main.cpp  **** #endif
  49:src/main.cpp  **** #if DIAG_HAS_AUDIOENGINE
  50:src/main.cpp  **** app::AudioEngine audio_engine;
  51:src/main.cpp  **** #endif
  52:src/main.cpp  **** #if DIAG_HAS_TELEMETRY
  53:src/main.cpp  **** app::Telemetry telemetry;
  54:src/main.cpp  **** #endif
  55:src/main.cpp  **** #if DIAG_HAS_THERMAL
  56:src/main.cpp  **** app::ThermalMonitor thermal_monitor;
  57:src/main.cpp  **** #endif
  58:src/main.cpp  **** #if DIAG_ANALYZE_TUNER
  59:src/main.cpp  **** // Foreground CPU scratch, not DMA storage. Keep it out of .sram1_bss so the
  60:src/main.cpp  **** // libDaisy audio and ADC DMA buffers remain inside the non-cacheable MPU window.
  61:src/main.cpp  **** float tuner_source_window[app::config::kTunerSourceWindowSize];
  62:src/main.cpp  **** #endif
  63:src/main.cpp  **** 
  64:src/main.cpp  **** void AudioCallback(AudioHandle::InputBuffer  in,
  65:src/main.cpp  ****                    AudioHandle::OutputBuffer out,
  66:src/main.cpp  ****                    size_t                    size)
  67:src/main.cpp  **** {
  78              		.loc 6 67 1 is_stmt 1 view -0
  79              		.cfi_startproc
  80              		@ args = 0, pretend = 0, frame = 0
  81              		@ frame_needed = 0, uses_anonymous_args = 0
  68:src/main.cpp  **** #if DIAG_CAPTURE_TUNER && !DIAG_PROCESS_AUDIOENGINE
ARM GAS  C:\Users\aydan\AppData\Local\Temp\ccAAF8Hc.s 			page 10


  69:src/main.cpp  ****     tuner_capture.WriteBlock(in[0], size);
  82              		.loc 6 69 5 view .LVU11
  67:src/main.cpp  **** #if DIAG_CAPTURE_TUNER && !DIAG_PROCESS_AUDIOENGINE
  83              		.loc 6 67 1 is_stmt 0 view .LVU12
  84 0000 F8B5     		push	{r3, r4, r5, r6, r7, lr}
  85              		.cfi_def_cfa_offset 24
  86              		.cfi_offset 3, -24
  87              		.cfi_offset 4, -20
  88              		.cfi_offset 5, -16
  89              		.cfi_offset 6, -12
  90              		.cfi_offset 7, -8
  91              		.cfi_offset 14, -4
  67:src/main.cpp  **** #if DIAG_CAPTURE_TUNER && !DIAG_PROCESS_AUDIOENGINE
  92              		.loc 6 67 1 view .LVU13
  93 0002 1546     		mov	r5, r2
  94 0004 0646     		mov	r6, r0
  95 0006 0F46     		mov	r7, r1
  96              		.loc 6 69 29 view .LVU14
  97 0008 0168     		ldr	r1, [r0]
  98              	.LVL2:
  99              		.loc 6 69 29 view .LVU15
 100 000a 0A48     		ldr	r0, .L11
 101              	.LVL3:
 102              		.loc 6 69 29 view .LVU16
 103 000c FFF7FEFF 		bl	_ZN3app12TunerCapture10WriteBlockEPKfj
 104              	.LVL4:
  70:src/main.cpp  **** #endif
  71:src/main.cpp  **** 
  72:src/main.cpp  **** #if DIAG_AUDIO_MODE == DIAG_AUDIO_DIRECT_STEREO_BYPASS
  73:src/main.cpp  ****     for(size_t i = 0; i < size; ++i)
 105              		.loc 6 73 5 is_stmt 1 view .LVU17
 106              	.LBB122:
 107              		.loc 6 73 25 view .LVU18
 108 0010 7DB1     		cbz	r5, .L3
 109 0012 3368     		ldr	r3, [r6]
 110 0014 3C68     		ldr	r4, [r7]
 111 0016 7068     		ldr	r0, [r6, #4]
 112 0018 03EB850C 		add	ip, r3, r5, lsl #2
 113 001c 7968     		ldr	r1, [r7, #4]
 114              	.LVL5:
 115              	.L5:
  74:src/main.cpp  ****     {
  75:src/main.cpp  ****         out[0][i] = in[0][i];
 116              		.loc 6 75 9 discriminator 2 view .LVU19
 117              		.loc 6 75 28 is_stmt 0 discriminator 2 view .LVU20
 118 001e 53F8042B 		ldr	r2, [r3], #4	@ float
 119              		.loc 6 75 19 discriminator 2 view .LVU21
 120 0022 44F8042B 		str	r2, [r4], #4	@ float
  76:src/main.cpp  ****         out[1][i] = in[1][i];
 121              		.loc 6 76 9 is_stmt 1 discriminator 2 view .LVU22
  73:src/main.cpp  ****     {
 122              		.loc 6 73 25 is_stmt 0 discriminator 2 view .LVU23
 123 0026 6345     		cmp	r3, ip
 124              		.loc 6 76 28 discriminator 2 view .LVU24
 125 0028 50F8042B 		ldr	r2, [r0], #4	@ float
 126              		.loc 6 76 19 discriminator 2 view .LVU25
 127 002c 41F8042B 		str	r2, [r1], #4	@ float
ARM GAS  C:\Users\aydan\AppData\Local\Temp\ccAAF8Hc.s 			page 11


  73:src/main.cpp  ****     {
 128              		.loc 6 73 5 is_stmt 1 discriminator 2 view .LVU26
  73:src/main.cpp  ****     {
 129              		.loc 6 73 25 discriminator 2 view .LVU27
 130 0030 F5D1     		bne	.L5
 131              	.L3:
 132              	.LBE122:
  77:src/main.cpp  ****     }
  78:src/main.cpp  **** #elif DIAG_AUDIO_MODE == DIAG_AUDIO_DIRECT_MONO_BYPASS
  79:src/main.cpp  ****     for(size_t i = 0; i < size; ++i)
  80:src/main.cpp  ****     {
  81:src/main.cpp  ****         out[0][i] = in[0][i];
  82:src/main.cpp  ****         out[1][i] = in[0][i];
  83:src/main.cpp  ****     }
  84:src/main.cpp  **** #elif DIAG_AUDIO_MODE == DIAG_AUDIO_SINE_440
  85:src/main.cpp  ****     static float phase     = 0.0f;
  86:src/main.cpp  ****     const float  increment = 6.28318530718f * 440.0f / 48000.0f;
  87:src/main.cpp  ****     for(size_t i = 0; i < size; ++i)
  88:src/main.cpp  ****     {
  89:src/main.cpp  ****         const float sample = 0.1f * sinf(phase);
  90:src/main.cpp  ****         phase += increment;
  91:src/main.cpp  ****         if(phase >= 6.28318530718f)
  92:src/main.cpp  ****             phase -= 6.28318530718f;
  93:src/main.cpp  ****         out[0][i] = sample;
  94:src/main.cpp  ****         out[1][i] = sample;
  95:src/main.cpp  ****     }
  96:src/main.cpp  **** #elif DIAG_AUDIO_MODE == DIAG_AUDIO_SILENCE
  97:src/main.cpp  ****     (void)in;
  98:src/main.cpp  ****     for(size_t i = 0; i < size; ++i)
  99:src/main.cpp  ****     {
 100:src/main.cpp  ****         out[0][i] = 0.0f;
 101:src/main.cpp  ****         out[1][i] = 0.0f;
 102:src/main.cpp  ****     }
 103:src/main.cpp  **** #elif DIAG_AUDIO_MODE == DIAG_AUDIO_ENGINE
 104:src/main.cpp  ****     audio_engine.Process(in, out, size);
 105:src/main.cpp  **** #endif
 106:src/main.cpp  **** }
 133              		.loc 6 106 1 is_stmt 0 view .LVU28
 134 0032 F8BD     		pop	{r3, r4, r5, r6, r7, pc}
 135              	.LVL6:
 136              	.L12:
 137              		.loc 6 106 1 view .LVU29
 138              		.align	2
 139              	.L11:
 140 0034 00000000 		.word	.LANCHOR0
 141              		.cfi_endproc
 142              	.LFE2582:
 144              		.section	.text.startup.main,"ax",%progbits
 145              		.align	1
 146              		.p2align 2,,3
 147              		.global	main
 148              		.syntax unified
 149              		.thumb
 150              		.thumb_func
 151              		.fpu fpv5-d16
 153              	main:
 154              	.LFB2583:
ARM GAS  C:\Users\aydan\AppData\Local\Temp\ccAAF8Hc.s 			page 12


 107:src/main.cpp  **** } // namespace
 108:src/main.cpp  **** 
 109:src/main.cpp  **** int main(void)
 110:src/main.cpp  **** {
 155              		.loc 6 110 1 is_stmt 1 view -0
 156              		.cfi_startproc
 157              		@ args = 0, pretend = 0, frame = 72
 158              		@ frame_needed = 0, uses_anonymous_args = 0
 111:src/main.cpp  ****     hw.Init();
 159              		.loc 6 111 5 view .LVU31
 110:src/main.cpp  ****     hw.Init();
 160              		.loc 6 110 1 is_stmt 0 view .LVU32
 161 0000 2DE9F04F 		push	{r4, r5, r6, r7, r8, r9, r10, fp, lr}
 162              		.cfi_def_cfa_offset 36
 163              		.cfi_offset 4, -36
 164              		.cfi_offset 5, -32
 165              		.cfi_offset 6, -28
 166              		.cfi_offset 7, -24
 167              		.cfi_offset 8, -20
 168              		.cfi_offset 9, -16
 169              		.cfi_offset 10, -12
 170              		.cfi_offset 11, -8
 171              		.cfi_offset 14, -4
 172              		.loc 6 111 12 view .LVU33
 173 0004 0021     		movs	r1, #0
 110:src/main.cpp  ****     hw.Init();
 174              		.loc 6 110 1 view .LVU34
 175 0006 95B0     		sub	sp, sp, #84
 176              		.cfi_def_cfa_offset 120
 177              		.loc 6 111 12 view .LVU35
 178 0008 6B48     		ldr	r0, .L50
 179 000a FFF7FEFF 		bl	_ZN5daisy9DaisySeed4InitEb
 180              	.LVL7:
 112:src/main.cpp  ****     hw.SetAudioSampleRate(SaiHandle::Config::SampleRate::SAI_48KHZ);
 181              		.loc 6 112 5 is_stmt 1 view .LVU36
 182              		.loc 6 112 26 is_stmt 0 view .LVU37
 183 000e 0321     		movs	r1, #3
 184 0010 6948     		ldr	r0, .L50
 185 0012 FFF7FEFF 		bl	_ZN5daisy9DaisySeed18SetAudioSampleRateENS_9SaiHandle6Config10SampleRateE
 186              	.LVL8:
 113:src/main.cpp  ****     hw.SetAudioBlockSize(48);
 187              		.loc 6 113 5 is_stmt 1 view .LVU38
 188              		.loc 6 113 25 is_stmt 0 view .LVU39
 189 0016 3021     		movs	r1, #48
 190 0018 6748     		ldr	r0, .L50
 191 001a FFF7FEFF 		bl	_ZN5daisy9DaisySeed17SetAudioBlockSizeEj
 192              	.LVL9:
 114:src/main.cpp  **** 
 115:src/main.cpp  **** #if DIAG_STAGE != DIAG_STAGE_PRODUCTION
 116:src/main.cpp  **** #if DIAG_HAS_MAILBOX
 117:src/main.cpp  ****     RetainDiagnosticObject(control_mailbox);
 193              		.loc 6 117 5 is_stmt 1 view .LVU40
 194              	.LBB123:
 195              	.LBI123:
  32:src/main.cpp  **** {
 196              		.loc 6 32 6 view .LVU41
 197              	.LBB124:
ARM GAS  C:\Users\aydan\AppData\Local\Temp\ccAAF8Hc.s 			page 13


  34:src/main.cpp  **** }
 198              		.loc 6 34 5 is_stmt 0 view .LVU42
 199 001e 674A     		ldr	r2, .L50+4
 200              	.LVL10:
  34:src/main.cpp  **** }
 201              		.loc 6 34 5 view .LVU43
 202              	.LBE124:
 203              	.LBE123:
 118:src/main.cpp  **** #endif
 119:src/main.cpp  **** #if DIAG_HAS_CONTROLS
 120:src/main.cpp  ****     RetainDiagnosticObject(controls);
 204              		.loc 6 120 5 is_stmt 1 view .LVU44
 205              	.LBB125:
 206              	.LBI125:
  32:src/main.cpp  **** {
 207              		.loc 6 32 6 view .LVU45
 208              	.LBB126:
  34:src/main.cpp  **** }
 209              		.loc 6 34 5 is_stmt 0 view .LVU46
 210 0020 6748     		ldr	r0, .L50+8
 211              	.LVL11:
  34:src/main.cpp  **** }
 212              		.loc 6 34 5 view .LVU47
 213              	.LBE126:
 214              	.LBE125:
 121:src/main.cpp  **** #endif
 122:src/main.cpp  **** #if DIAG_HAS_TELEMETRY
 123:src/main.cpp  ****     RetainDiagnosticObject(telemetry);
 215              		.loc 6 123 5 is_stmt 1 view .LVU48
 216              	.LBB127:
 217              	.LBI127:
  32:src/main.cpp  **** {
 218              		.loc 6 32 6 view .LVU49
 219              	.LBB128:
  34:src/main.cpp  **** }
 220              		.loc 6 34 5 is_stmt 0 view .LVU50
 221 0022 684E     		ldr	r6, .L50+12
 222              	.LVL12:
  34:src/main.cpp  **** }
 223              		.loc 6 34 5 view .LVU51
 224              	.LBE128:
 225              	.LBE127:
 124:src/main.cpp  **** #endif
 125:src/main.cpp  **** #if DIAG_HAS_TUNER_OBJECTS
 126:src/main.cpp  ****     RetainDiagnosticObject(tuner_capture);
 226              		.loc 6 126 5 is_stmt 1 view .LVU52
 227              	.LBB129:
 228              	.LBI129:
  32:src/main.cpp  **** {
 229              		.loc 6 32 6 view .LVU53
 230              	.LBB130:
  34:src/main.cpp  **** }
 231              		.loc 6 34 5 is_stmt 0 view .LVU54
 232 0024 684D     		ldr	r5, .L50+16
 233              	.LVL13:
  34:src/main.cpp  **** }
 234              		.loc 6 34 5 view .LVU55
ARM GAS  C:\Users\aydan\AppData\Local\Temp\ccAAF8Hc.s 			page 14


 235              	.LBE130:
 236              	.LBE129:
 127:src/main.cpp  ****     RetainDiagnosticObject(tuner_analyzer);
 237              		.loc 6 127 5 is_stmt 1 view .LVU56
 238              	.LBB131:
 239              	.LBI131:
  32:src/main.cpp  **** {
 240              		.loc 6 32 6 view .LVU57
 241              	.LBB132:
  34:src/main.cpp  **** }
 242              		.loc 6 34 5 is_stmt 0 view .LVU58
 243 0026 694C     		ldr	r4, .L50+20
 244              	.LVL14:
  34:src/main.cpp  **** }
 245              		.loc 6 34 5 view .LVU59
 246              	.LBE132:
 247              	.LBE131:
 128:src/main.cpp  **** #endif
 129:src/main.cpp  **** #if DIAG_HAS_THERMAL
 130:src/main.cpp  ****     RetainDiagnosticObject(thermal_monitor);
 248              		.loc 6 130 5 is_stmt 1 view .LVU60
 249              	.LBB133:
 250              	.LBI133:
  32:src/main.cpp  **** {
 251              		.loc 6 32 6 view .LVU61
 252              	.LBB134:
  34:src/main.cpp  **** }
 253              		.loc 6 34 5 is_stmt 0 view .LVU62
 254 0028 DFF8B091 		ldr	r9, .L50+36
 255              	.LVL15:
  34:src/main.cpp  **** }
 256              		.loc 6 34 5 view .LVU63
 257              	.LBE134:
 258              	.LBE133:
 131:src/main.cpp  **** #endif
 132:src/main.cpp  **** #if DIAG_HAS_AUDIOENGINE
 133:src/main.cpp  ****     RetainDiagnosticObject(audio_engine);
 259              		.loc 6 133 5 is_stmt 1 view .LVU64
 260              	.LBB135:
 261              	.LBI135:
  32:src/main.cpp  **** {
 262              		.loc 6 32 6 view .LVU65
 263              	.LBB136:
  34:src/main.cpp  **** }
 264              		.loc 6 34 5 is_stmt 0 view .LVU66
 265 002c 684B     		ldr	r3, .L50+24
 266              	.LVL16:
  34:src/main.cpp  **** }
 267              		.loc 6 34 5 view .LVU67
 268              	.LBE136:
 269              	.LBE135:
 134:src/main.cpp  **** #endif
 135:src/main.cpp  **** #endif
 136:src/main.cpp  **** 
 137:src/main.cpp  **** #if DIAG_STAGE == DIAG_STAGE_PRODUCTION
 138:src/main.cpp  ****     telemetry.Init();
 139:src/main.cpp  ****     controls.Init(hw, control_mailbox);
ARM GAS  C:\Users\aydan\AppData\Local\Temp\ccAAF8Hc.s 			page 15


 140:src/main.cpp  ****     thermal_monitor.Init(System::GetNow());
 141:src/main.cpp  **** #if THERMAL_DEBUG_TELEMETRY
 142:src/main.cpp  ****     app::ThermalCalibrationInfo thermal_calibration;
 143:src/main.cpp  ****     if(thermal_monitor.TakeCalibrationDebug(thermal_calibration))
 144:src/main.cpp  ****         telemetry.SendThermalCalibration(thermal_calibration);
 145:src/main.cpp  **** #endif
 146:src/main.cpp  ****     tuner_capture.Init();
 147:src/main.cpp  ****     tuner_analyzer.Reset(System::GetNow());
 148:src/main.cpp  ****     audio_engine.Init(hw.AudioSampleRate(), control_mailbox, tuner_capture);
 149:src/main.cpp  **** #else
 150:src/main.cpp  **** #if DIAG_INIT_CONTROLS
 151:src/main.cpp  ****     controls.Init(hw, control_mailbox);
 270              		.loc 6 151 5 is_stmt 1 view .LVU68
 271              		.loc 6 151 18 is_stmt 0 view .LVU69
 272 002e 6249     		ldr	r1, .L50
 152:src/main.cpp  **** #endif
 153:src/main.cpp  **** #if DIAG_INIT_TELEMETRY
 154:src/main.cpp  ****     telemetry.Init();
 155:src/main.cpp  **** #endif
 156:src/main.cpp  **** #if DIAG_INIT_TUNER
 157:src/main.cpp  ****     tuner_capture.Init();
 158:src/main.cpp  ****     tuner_analyzer.Reset(System::GetNow());
 159:src/main.cpp  **** #endif
 160:src/main.cpp  **** #if DIAG_INIT_THERMAL
 161:src/main.cpp  ****     thermal_monitor.Init(System::GetNow(), false);
 162:src/main.cpp  **** #if THERMAL_DEBUG_TELEMETRY && DIAG_INIT_TELEMETRY
 163:src/main.cpp  ****     app::ThermalCalibrationInfo thermal_calibration;
 164:src/main.cpp  ****     if(thermal_monitor.TakeCalibrationDebug(thermal_calibration))
 165:src/main.cpp  ****         telemetry.SendThermalCalibration(thermal_calibration);
 166:src/main.cpp  **** #endif
 167:src/main.cpp  **** #endif
 168:src/main.cpp  **** #if DIAG_INIT_AUDIOENGINE
 169:src/main.cpp  ****     audio_engine.Init(hw.AudioSampleRate(), control_mailbox, tuner_capture);
 170:src/main.cpp  **** #endif
 171:src/main.cpp  **** #endif
 172:src/main.cpp  **** 
 173:src/main.cpp  ****     hw.StartAudio(AudioCallback);
 174:src/main.cpp  **** 
 175:src/main.cpp  **** #if !DIAG_SERVICE_CONTROLS && !DIAG_SERVICE_THERMAL
 176:src/main.cpp  ****     while(1) {}
 177:src/main.cpp  **** #else
 178:src/main.cpp  ****     uint8_t  last_sent_effect       = 0xffu;
 179:src/main.cpp  ****     uint8_t  current_effect         = app::config::FX_TUNER;
 180:src/main.cpp  ****     bool     previous_tuner_mode    = false;
 181:src/main.cpp  ****     uint32_t last_pots_tx           = 0;
 182:src/main.cpp  ****     uint32_t last_tuner_tx          = 0;
 183:src/main.cpp  ****     uint32_t last_tuner_disabled_tx = 0;
 273              		.loc 6 183 14 view .LVU70
 274 0030 4FF0000B 		mov	fp, #0
 151:src/main.cpp  **** #endif
 275              		.loc 6 151 18 view .LVU71
 276 0034 FFF7FEFF 		bl	_ZN3app8Controls4InitERN5daisy9DaisySeedERNS_14ControlMailboxE
 277              	.LVL17:
 154:src/main.cpp  **** #endif
 278              		.loc 6 154 5 is_stmt 1 view .LVU72
 154:src/main.cpp  **** #endif
 279              		.loc 6 154 19 is_stmt 0 view .LVU73
ARM GAS  C:\Users\aydan\AppData\Local\Temp\ccAAF8Hc.s 			page 16


 280 0038 3046     		mov	r0, r6
 281 003a FFF7FEFF 		bl	_ZN3app9Telemetry4InitEv
 282              	.LVL18:
 157:src/main.cpp  ****     tuner_analyzer.Reset(System::GetNow());
 283              		.loc 6 157 5 is_stmt 1 view .LVU74
 157:src/main.cpp  ****     tuner_analyzer.Reset(System::GetNow());
 284              		.loc 6 157 23 is_stmt 0 view .LVU75
 285 003e 2846     		mov	r0, r5
 286 0040 FFF7FEFF 		bl	_ZN3app12TunerCapture4InitEv
 287              	.LVL19:
 158:src/main.cpp  **** #endif
 288              		.loc 6 158 5 is_stmt 1 view .LVU76
 182:src/main.cpp  ****     uint32_t last_tuner_disabled_tx = 0;
 289              		.loc 6 182 14 is_stmt 0 view .LVU77
 290 0044 DA46     		mov	r10, fp
 158:src/main.cpp  **** #endif
 291              		.loc 6 158 25 view .LVU78
 292 0046 FFF7FEFF 		bl	_ZN5daisy6System6GetNowEv
 293              	.LVL20:
 294 004a 0146     		mov	r1, r0
 295 004c 2046     		mov	r0, r4
 181:src/main.cpp  ****     uint32_t last_tuner_tx          = 0;
 296              		.loc 6 181 14 view .LVU79
 297 004e D846     		mov	r8, fp
 158:src/main.cpp  **** #endif
 298              		.loc 6 158 25 view .LVU80
 299 0050 FFF7FEFF 		bl	_ZN3app13TunerAnalyzer5ResetEm
 300              	.LVL21:
 161:src/main.cpp  **** #if THERMAL_DEBUG_TELEMETRY && DIAG_INIT_TELEMETRY
 301              		.loc 6 161 5 is_stmt 1 view .LVU81
 180:src/main.cpp  ****     uint32_t last_pots_tx           = 0;
 302              		.loc 6 180 14 is_stmt 0 view .LVU82
 303 0054 5F46     		mov	r7, fp
 161:src/main.cpp  **** #if THERMAL_DEBUG_TELEMETRY && DIAG_INIT_TELEMETRY
 304              		.loc 6 161 25 view .LVU83
 305 0056 FFF7FEFF 		bl	_ZN5daisy6System6GetNowEv
 306              	.LVL22:
 307 005a 5A46     		mov	r2, fp
 308 005c 0146     		mov	r1, r0
 309 005e 4846     		mov	r0, r9
 310 0060 FFF7FEFF 		bl	_ZN3app14ThermalMonitor4InitEmb
 311              	.LVL23:
 173:src/main.cpp  **** 
 312              		.loc 6 173 5 is_stmt 1 view .LVU84
 173:src/main.cpp  **** 
 313              		.loc 6 173 18 is_stmt 0 view .LVU85
 314 0064 5B49     		ldr	r1, .L50+28
 315 0066 5448     		ldr	r0, .L50
 178:src/main.cpp  ****     uint8_t  current_effect         = app::config::FX_TUNER;
 316              		.loc 6 178 14 view .LVU86
 317 0068 FF26     		movs	r6, #255
 173:src/main.cpp  **** 
 318              		.loc 6 173 18 view .LVU87
 319 006a FFF7FEFF 		bl	_ZN5daisy9DaisySeed10StartAudioEPFvPKPKfPPfjE
 320              	.LVL24:
 178:src/main.cpp  ****     uint8_t  current_effect         = app::config::FX_TUNER;
 321              		.loc 6 178 5 is_stmt 1 view .LVU88
ARM GAS  C:\Users\aydan\AppData\Local\Temp\ccAAF8Hc.s 			page 17


 179:src/main.cpp  ****     bool     previous_tuner_mode    = false;
 322              		.loc 6 179 5 view .LVU89
 180:src/main.cpp  ****     uint32_t last_pots_tx           = 0;
 323              		.loc 6 180 5 view .LVU90
 181:src/main.cpp  ****     uint32_t last_tuner_tx          = 0;
 324              		.loc 6 181 5 view .LVU91
 182:src/main.cpp  ****     uint32_t last_tuner_disabled_tx = 0;
 325              		.loc 6 182 5 view .LVU92
 326              		.loc 6 183 5 view .LVU93
 184:src/main.cpp  ****     uint32_t last_rotary_cal_tx     = 0;
 327              		.loc 6 184 5 view .LVU94
 185:src/main.cpp  ****     uint32_t last_thermal_debug_tx  = 0;
 328              		.loc 6 185 5 view .LVU95
 186:src/main.cpp  ****     uint32_t last_cpu_tx            = 0;
 329              		.loc 6 186 5 view .LVU96
 330              		.loc 6 186 5 is_stmt 0 view .LVU97
 331 006e 2BE0     		b	.L26
 332              	.LVL25:
 333              	.L47:
 334              	.LBB137:
 187:src/main.cpp  **** 
 188:src/main.cpp  ****     while(1)
 189:src/main.cpp  ****     {
 190:src/main.cpp  ****         const uint32_t now             = System::GetNow();
 191:src/main.cpp  **** 
 192:src/main.cpp  **** #if DIAG_SERVICE_THERMAL
 193:src/main.cpp  ****         const bool     thermal_sampled = thermal_monitor.Service(now);
 194:src/main.cpp  **** #if DIAG_STAGE == DIAG_STAGE_PRODUCTION
 195:src/main.cpp  ****         if(thermal_monitor.IsSafetyLatched())
 196:src/main.cpp  ****         {
 197:src/main.cpp  ****             controls.RequestThermalShutdown();
 198:src/main.cpp  ****             const app::ThermalFaultKind fault
 199:src/main.cpp  ****                 = thermal_monitor.TakeFaultNotification();
 200:src/main.cpp  ****             if(app::config::kThermalFaultMessagesEnabled)
 201:src/main.cpp  ****             {
 202:src/main.cpp  ****                 if(fault == app::ThermalFaultKind::Thermal)
 203:src/main.cpp  ****                     telemetry.SendThermalFault(
 204:src/main.cpp  ****                         thermal_monitor.filtered_temperature_c());
 205:src/main.cpp  ****                 else if(fault == app::ThermalFaultKind::Sensor)
 206:src/main.cpp  ****                     telemetry.SendTemperatureSensorFault(
 207:src/main.cpp  ****                         thermal_monitor.last_error_code());
 208:src/main.cpp  ****             }
 209:src/main.cpp  ****             hw.SetLed(thermal_monitor.FaultLedOn(now));
 210:src/main.cpp  ****             System::Delay(app::config::kThermalFaultLoopDelayMs);
 211:src/main.cpp  ****             continue;
 212:src/main.cpp  ****         }
 213:src/main.cpp  **** #else
 214:src/main.cpp  ****         if(thermal_monitor.IsSafetyLatched())
 215:src/main.cpp  ****         {
 216:src/main.cpp  **** #if DIAG_ENFORCE_THERMAL_AUDIO_SHUTDOWN
 217:src/main.cpp  ****             controls.RequestThermalShutdown();
 218:src/main.cpp  **** #endif
 219:src/main.cpp  ****             const app::ThermalFaultKind fault
 220:src/main.cpp  ****                 = thermal_monitor.TakeFaultNotification();
 221:src/main.cpp  **** #if DIAG_INIT_TELEMETRY
 222:src/main.cpp  ****             if(fault == app::ThermalFaultKind::Thermal)
 223:src/main.cpp  ****                 telemetry.SendThermalFault(
ARM GAS  C:\Users\aydan\AppData\Local\Temp\ccAAF8Hc.s 			page 18


 224:src/main.cpp  ****                     thermal_monitor.filtered_temperature_c());
 225:src/main.cpp  ****             else if(fault == app::ThermalFaultKind::Sensor)
 226:src/main.cpp  ****                 telemetry.SendTemperatureSensorFault(
 227:src/main.cpp  ****                     thermal_monitor.last_error_code());
 228:src/main.cpp  **** #else
 229:src/main.cpp  ****             (void)fault;
 230:src/main.cpp  **** #endif
 231:src/main.cpp  ****             hw.SetLed(thermal_monitor.FaultLedOn(now));
 232:src/main.cpp  ****         }
 233:src/main.cpp  **** #endif
 234:src/main.cpp  **** #if THERMAL_DEBUG_TELEMETRY && DIAG_INIT_TELEMETRY
 235:src/main.cpp  ****         if(thermal_sampled
 236:src/main.cpp  ****            && (uint32_t)(now - last_thermal_debug_tx)
 237:src/main.cpp  ****                   >= app::config::kThermalDebugTelemetryPeriodMs)
 238:src/main.cpp  ****         {
 239:src/main.cpp  ****             last_thermal_debug_tx = now;
 240:src/main.cpp  ****             telemetry.SendThermalDebug(thermal_monitor.filtered_temperature_c(),
 241:src/main.cpp  ****                                        thermal_monitor.last_raw_temperature(),
 242:src/main.cpp  ****                                        thermal_monitor.state());
 243:src/main.cpp  ****         }
 244:src/main.cpp  **** #else
 245:src/main.cpp  ****         (void)thermal_sampled;
 246:src/main.cpp  ****         (void)last_thermal_debug_tx;
 247:src/main.cpp  **** #endif
 248:src/main.cpp  **** #else
 249:src/main.cpp  ****         (void)last_thermal_debug_tx;
 250:src/main.cpp  **** #endif
 251:src/main.cpp  **** 
 252:src/main.cpp  **** #if DIAG_SERVICE_CONTROLS
 253:src/main.cpp  ****         const app::ControlTelemetryState state = controls.Process(hw, now);
 254:src/main.cpp  ****         current_effect                         = state.effect;
 255:src/main.cpp  ****         hw.SetLed(state.rotary_position == 1);
 256:src/main.cpp  **** 
 257:src/main.cpp  **** #if DIAG_SEND_TELEMETRY
 258:src/main.cpp  ****         if(current_effect != last_sent_effect)
 259:src/main.cpp  ****         {
 260:src/main.cpp  ****             last_sent_effect = current_effect;
 261:src/main.cpp  ****             telemetry.SendEffect(last_sent_effect);
 262:src/main.cpp  ****         }
 263:src/main.cpp  ****         if(state.footswitch.occurred)
 264:src/main.cpp  ****             telemetry.SendFootswitch(state.footswitch.down,
 265:src/main.cpp  ****                                      state.footswitch.edge,
 266:src/main.cpp  ****                                      state.footswitch.press_count);
 267:src/main.cpp  ****         if(state.pots_changed
 268:src/main.cpp  ****            || (uint32_t)(now - last_pots_tx)
 269:src/main.cpp  ****                   >= app::config::kPotTelemetryHeartbeatMs)
 270:src/main.cpp  ****         {
 271:src/main.cpp  ****             last_pots_tx = now;
 272:src/main.cpp  ****             telemetry.SendPots(state.pots);
 273:src/main.cpp  ****         }
 274:src/main.cpp  **** #if ROTARY_CALIBRATION_MODE
 275:src/main.cpp  ****         if((uint32_t)(now - last_rotary_cal_tx) >= 100u)
 276:src/main.cpp  ****         {
 277:src/main.cpp  ****             last_rotary_cal_tx = now;
 278:src/main.cpp  ****             telemetry.SendRotaryCalibration(state.rotary_raw_u16,
 279:src/main.cpp  ****                                             state.rotary_position);
 280:src/main.cpp  ****         }
ARM GAS  C:\Users\aydan\AppData\Local\Temp\ccAAF8Hc.s 			page 19


 281:src/main.cpp  **** #endif
 282:src/main.cpp  **** #endif
 283:src/main.cpp  **** 
 284:src/main.cpp  **** #if DIAG_ANALYZE_TUNER
 285:src/main.cpp  ****         const bool tuner_mode = current_effect == app::config::FX_TUNER;
 286:src/main.cpp  ****         if(tuner_mode && !previous_tuner_mode)
 335              		.loc 6 286 9 view .LVU98
 336 0070 002E     		cmp	r6, #0
 337 0072 61D0     		beq	.L21
 287:src/main.cpp  ****         {
 288:src/main.cpp  ****             tuner_analyzer.Reset(now);
 338              		.loc 6 288 13 is_stmt 1 view .LVU99
 339              		.loc 6 288 33 is_stmt 0 view .LVU100
 340 0074 2146     		mov	r1, r4
 341 0076 5548     		ldr	r0, .L50+20
 342 0078 FFF7FEFF 		bl	_ZN3app13TunerAnalyzer5ResetEm
 343              	.LVL26:
 289:src/main.cpp  ****             last_tuner_tx = 0;
 344              		.loc 6 289 13 is_stmt 1 view .LVU101
 290:src/main.cpp  ****         }
 291:src/main.cpp  ****         else if(!tuner_mode && previous_tuner_mode)
 292:src/main.cpp  ****         {
 293:src/main.cpp  ****             tuner_analyzer.Reset(now);
 294:src/main.cpp  **** #if DIAG_SEND_TELEMETRY
 295:src/main.cpp  ****             telemetry.SendTunerDisabled();
 296:src/main.cpp  **** #endif
 297:src/main.cpp  ****             last_tuner_disabled_tx = now;
 298:src/main.cpp  ****         }
 299:src/main.cpp  ****         previous_tuner_mode = tuner_mode;
 345              		.loc 6 299 9 view .LVU102
 300:src/main.cpp  **** 
 301:src/main.cpp  ****         if(tuner_mode
 346              		.loc 6 301 9 view .LVU103
 289:src/main.cpp  ****         }
 347              		.loc 6 289 27 is_stmt 0 view .LVU104
 348 007c 4FF0000A 		mov	r10, #0
 288:src/main.cpp  ****             last_tuner_tx = 0;
 349              		.loc 6 288 33 view .LVU105
 350 0080 2346     		mov	r3, r4
 351              	.LVL27:
 352              	.L22:
 353              	.LBB138:
 302:src/main.cpp  ****            && (uint32_t)(now - last_tuner_tx)
 354              		.loc 6 302 12 view .LVU106
 355 0082 4F2B     		cmp	r3, #79
 356 0084 1BD9     		bls	.L24
 357              	.LBB139:
 303:src/main.cpp  ****                   >= app::config::kTunerAnalysisPeriodMs)
 304:src/main.cpp  ****         {
 305:src/main.cpp  ****             last_tuner_tx = now;
 358              		.loc 6 305 13 is_stmt 1 view .LVU107
 359              	.LVL28:
 306:src/main.cpp  ****             if(tuner_capture.CopyAnalysisWindow(
 360              		.loc 6 306 13 view .LVU108
 361              	.LBB140:
 362              		.loc 6 306 48 is_stmt 0 view .LVU109
 363 0086 4FF48052 		mov	r2, #4096
ARM GAS  C:\Users\aydan\AppData\Local\Temp\ccAAF8Hc.s 			page 20


 364 008a 5349     		ldr	r1, .L50+32
 365 008c 4E48     		ldr	r0, .L50+16
 366 008e FFF7FEFF 		bl	_ZNK3app12TunerCapture18CopyAnalysisWindowEPfi
 367              	.LVL29:
 368              		.loc 6 306 13 view .LVU110
 369 0092 0028     		cmp	r0, #0
 370 0094 00F08180 		beq	.L27
 371              	.LBB141:
 307:src/main.cpp  ****                    tuner_source_window, app::config::kTunerSourceWindowSize))
 308:src/main.cpp  ****             {
 309:src/main.cpp  ****                 const app::TunerResult result = tuner_analyzer.Analyze(
 372              		.loc 6 309 17 is_stmt 1 view .LVU111
 310:src/main.cpp  ****                     tuner_source_window,
 311:src/main.cpp  ****                     app::config::kTunerSourceWindowSize,
 312:src/main.cpp  ****                     state.pots[0],
 313:src/main.cpp  ****                     state.pots[1],
 314:src/main.cpp  ****                     state.pots[2],
 315:src/main.cpp  ****                     now);
 373              		.loc 6 315 24 is_stmt 0 view .LVU112
 374 0098 03A8     		add	r0, sp, #12
 375 009a 4C49     		ldr	r1, .L50+20
 376 009c 9DED0C1A 		vldr.32	s2, [sp, #48]
 377 00a0 4FF48053 		mov	r3, #4096
 378 00a4 DDED0B0A 		vldr.32	s1, [sp, #44]
 379              	.LBE141:
 380              	.LBE140:
 305:src/main.cpp  ****             if(tuner_capture.CopyAnalysisWindow(
 381              		.loc 6 305 27 view .LVU113
 382 00a8 A246     		mov	r10, r4
 383              	.LBB143:
 384              	.LBB142:
 385              		.loc 6 315 24 view .LVU114
 386 00aa 9DED0A0A 		vldr.32	s0, [sp, #40]
 387 00ae 4A4A     		ldr	r2, .L50+32
 388 00b0 0094     		str	r4, [sp]
 389 00b2 FFF7FEFF 		bl	_ZN3app13TunerAnalyzer7AnalyzeEPKfifffm
 390              	.LVL30:
 316:src/main.cpp  **** #if DIAG_SEND_TELEMETRY
 317:src/main.cpp  ****                 telemetry.SendTuner(result);
 391              		.loc 6 317 17 is_stmt 1 view .LVU115
 392              		.loc 6 317 36 is_stmt 0 view .LVU116
 393 00b6 03A9     		add	r1, sp, #12
 394 00b8 4248     		ldr	r0, .L50+12
 395 00ba FFF7FEFF 		bl	_ZN3app9Telemetry9SendTunerERKNS_11TunerResultE
 396              	.LVL31:
 397              	.L24:
 398              		.loc 6 317 36 view .LVU117
 399              	.LBE142:
 400              	.LBE143:
 401              	.LBE139:
 402              	.LBE138:
 318:src/main.cpp  **** #else
 319:src/main.cpp  ****                 (void)result;
 320:src/main.cpp  **** #endif
 321:src/main.cpp  ****             }
 322:src/main.cpp  ****         }
 323:src/main.cpp  **** #if DIAG_SEND_TELEMETRY
ARM GAS  C:\Users\aydan\AppData\Local\Temp\ccAAF8Hc.s 			page 21


 324:src/main.cpp  ****         else if(!tuner_mode
 325:src/main.cpp  ****                 && (uint32_t)(now - last_tuner_disabled_tx)
 326:src/main.cpp  ****                        >= app::config::kTunerDisabledHeartbeatMs)
 327:src/main.cpp  ****         {
 328:src/main.cpp  ****             last_tuner_disabled_tx = now;
 329:src/main.cpp  ****             telemetry.SendTunerDisabled();
 330:src/main.cpp  ****         }
 331:src/main.cpp  **** #endif
 332:src/main.cpp  **** #endif
 333:src/main.cpp  **** #endif
 334:src/main.cpp  **** 
 335:src/main.cpp  **** #if AUDIO_CPU_LOAD_DEBUG && DIAG_INIT_TELEMETRY
 336:src/main.cpp  ****         if((uint32_t)(now - last_cpu_tx) >= 500u)
 337:src/main.cpp  ****         {
 338:src/main.cpp  ****             last_cpu_tx = now;
 339:src/main.cpp  ****             const app::AudioEngine::CpuLoadSnapshot load
 340:src/main.cpp  ****                 = audio_engine.GetCpuLoadSnapshot();
 341:src/main.cpp  ****             const uint8_t effect = (uint8_t)DIAG_FORCE_EFFECT;
 342:src/main.cpp  ****             telemetry.SendAudioCpuLoad(load.average,
 343:src/main.cpp  ****                                        load.peak,
 344:src/main.cpp  ****                                        load.overrun_count,
 345:src/main.cpp  ****                                        effect,
 346:src/main.cpp  ****                                        load.effect_peak[effect]);
 347:src/main.cpp  ****         }
 348:src/main.cpp  **** #else
 349:src/main.cpp  ****         (void)last_cpu_tx;
 403              		.loc 6 349 9 is_stmt 1 discriminator 2 view .LVU118
 350:src/main.cpp  **** #endif
 351:src/main.cpp  **** 
 352:src/main.cpp  ****         (void)last_sent_effect;
 404              		.loc 6 352 9 discriminator 2 view .LVU119
 353:src/main.cpp  ****         (void)last_pots_tx;
 405              		.loc 6 353 9 discriminator 2 view .LVU120
 354:src/main.cpp  ****         (void)last_tuner_tx;
 406              		.loc 6 354 9 discriminator 2 view .LVU121
 355:src/main.cpp  ****         (void)last_tuner_disabled_tx;
 407              		.loc 6 355 9 discriminator 2 view .LVU122
 356:src/main.cpp  ****         (void)last_rotary_cal_tx;
 408              		.loc 6 356 9 discriminator 2 view .LVU123
 357:src/main.cpp  ****         (void)previous_tuner_mode;
 409              		.loc 6 357 9 discriminator 2 view .LVU124
 358:src/main.cpp  ****         (void)current_effect;
 410              		.loc 6 358 9 discriminator 2 view .LVU125
 359:src/main.cpp  ****         System::Delay(app::config::kMainLoopDelayMs);
 411              		.loc 6 359 9 discriminator 2 view .LVU126
 412              		.loc 6 359 22 is_stmt 0 discriminator 2 view .LVU127
 413 00be 0120     		movs	r0, #1
 285:src/main.cpp  ****         if(tuner_mode && !previous_tuner_mode)
 414              		.loc 6 285 20 discriminator 2 view .LVU128
 415 00c0 3746     		mov	r7, r6
 254:src/main.cpp  ****         hw.SetLed(state.rotary_position == 1);
 416              		.loc 6 254 48 discriminator 2 view .LVU129
 417 00c2 2E46     		mov	r6, r5
 418              	.LVL32:
 419              		.loc 6 359 22 discriminator 2 view .LVU130
 420 00c4 FFF7FEFF 		bl	_ZN5daisy6System5DelayEm
 421              	.LVL33:
ARM GAS  C:\Users\aydan\AppData\Local\Temp\ccAAF8Hc.s 			page 22


 422              	.LBE137:
 188:src/main.cpp  ****     {
 423              		.loc 6 188 5 is_stmt 1 discriminator 2 view .LVU131
 424              	.L26:
 188:src/main.cpp  ****     {
 425              		.loc 6 188 5 view .LVU132
 426              	.LBB171:
 190:src/main.cpp  **** 
 427              		.loc 6 190 9 view .LVU133
 190:src/main.cpp  **** 
 428              		.loc 6 190 56 is_stmt 0 view .LVU134
 429 00c8 FFF7FEFF 		bl	_ZN5daisy6System6GetNowEv
 430              	.LVL34:
 431 00cc 0446     		mov	r4, r0
 193:src/main.cpp  **** #if DIAG_STAGE == DIAG_STAGE_PRODUCTION
 432              		.loc 6 193 65 view .LVU135
 433 00ce 4348     		ldr	r0, .L50+36
 434              	.LVL35:
 193:src/main.cpp  **** #if DIAG_STAGE == DIAG_STAGE_PRODUCTION
 435              		.loc 6 193 9 is_stmt 1 view .LVU136
 193:src/main.cpp  **** #if DIAG_STAGE == DIAG_STAGE_PRODUCTION
 436              		.loc 6 193 65 is_stmt 0 view .LVU137
 437 00d0 2146     		mov	r1, r4
 438 00d2 FFF7FEFF 		bl	_ZN3app14ThermalMonitor7ServiceEm
 439              	.LVL36:
 214:src/main.cpp  ****         {
 440              		.loc 6 214 9 is_stmt 1 view .LVU138
 441              	.LBB145:
 442              	.LBB146:
 443              	.LBI146:
 444              		.file 7 "src/thermal_monitor.h"
   1:src/thermal_monitor.h **** #pragma once
   2:src/thermal_monitor.h **** 
   3:src/thermal_monitor.h **** #include "app_config.h"
   4:src/thermal_monitor.h **** 
   5:src/thermal_monitor.h **** #include <stdint.h>
   6:src/thermal_monitor.h **** 
   7:src/thermal_monitor.h **** namespace app
   8:src/thermal_monitor.h **** {
   9:src/thermal_monitor.h **** enum class ThermalState : uint8_t
  10:src/thermal_monitor.h **** {
  11:src/thermal_monitor.h ****     Normal,
  12:src/thermal_monitor.h ****     Warning,
  13:src/thermal_monitor.h ****     Shutdown,
  14:src/thermal_monitor.h ****     SensorFault
  15:src/thermal_monitor.h **** };
  16:src/thermal_monitor.h **** 
  17:src/thermal_monitor.h **** enum class ThermalFaultKind : uint8_t
  18:src/thermal_monitor.h **** {
  19:src/thermal_monitor.h ****     None,
  20:src/thermal_monitor.h ****     Thermal,
  21:src/thermal_monitor.h ****     Sensor
  22:src/thermal_monitor.h **** };
  23:src/thermal_monitor.h **** 
  24:src/thermal_monitor.h **** enum ThermalSensorError : int
  25:src/thermal_monitor.h **** {
  26:src/thermal_monitor.h ****     THERMAL_SENSOR_OK          = 0,
ARM GAS  C:\Users\aydan\AppData\Local\Temp\ccAAF8Hc.s 			page 23


  27:src/thermal_monitor.h ****     THERMAL_SENSOR_DISABLED    = 1,
  28:src/thermal_monitor.h ****     THERMAL_SENSOR_ADC_INIT    = 2,
  29:src/thermal_monitor.h ****     THERMAL_SENSOR_CALIBRATION = 3,
  30:src/thermal_monitor.h ****     THERMAL_SENSOR_CONVERSION  = 4,
  31:src/thermal_monitor.h ****     THERMAL_SENSOR_IMPLAUSIBLE = 5,
  32:src/thermal_monitor.h ****     THERMAL_SENSOR_REVISION    = 6
  33:src/thermal_monitor.h **** };
  34:src/thermal_monitor.h **** 
  35:src/thermal_monitor.h **** struct ThermalCalibrationInfo
  36:src/thermal_monitor.h **** {
  37:src/thermal_monitor.h ****     uint32_t revision_id;
  38:src/thermal_monitor.h ****     uint16_t cal1_raw;
  39:src/thermal_monitor.h ****     uint16_t cal2_raw;
  40:src/thermal_monitor.h ****     int32_t  cal2_temperature_c;
  41:src/thermal_monitor.h **** };
  42:src/thermal_monitor.h **** 
  43:src/thermal_monitor.h **** int32_t ResolveTemperatureCal2C(uint32_t revision_id);
  44:src/thermal_monitor.h **** 
  45:src/thermal_monitor.h **** struct ThermalSample
  46:src/thermal_monitor.h **** {
  47:src/thermal_monitor.h ****     bool     valid;
  48:src/thermal_monitor.h ****     float    temperature_c;
  49:src/thermal_monitor.h ****     uint16_t raw_temperature;
  50:src/thermal_monitor.h ****     uint16_t raw_vref;
  51:src/thermal_monitor.h ****     int      error_code;
  52:src/thermal_monitor.h **** };
  53:src/thermal_monitor.h **** 
  54:src/thermal_monitor.h **** // Concrete backend kept separate from policy so a future external thermistor can
  55:src/thermal_monitor.h **** // replace ADC3 acquisition without changing the safety state machine.
  56:src/thermal_monitor.h **** class InternalTemperatureSensor
  57:src/thermal_monitor.h **** {
  58:src/thermal_monitor.h ****   public:
  59:src/thermal_monitor.h ****     InternalTemperatureSensor();
  60:src/thermal_monitor.h ****     bool          Init();
  61:src/thermal_monitor.h ****     ThermalSample Read();
  62:src/thermal_monitor.h **** 
  63:src/thermal_monitor.h ****     static bool            ConvertTemperatureC(uint32_t raw_temperature,
  64:src/thermal_monitor.h ****                                                uint32_t raw_vref,
  65:src/thermal_monitor.h ****                                                uint32_t vref_cal,
  66:src/thermal_monitor.h ****                                                uint32_t cal1_raw,
  67:src/thermal_monitor.h ****                                                uint32_t cal2_raw,
  68:src/thermal_monitor.h ****                                                int32_t  cal1_temperature_c,
  69:src/thermal_monitor.h ****                                                int32_t  cal2_temperature_c,
  70:src/thermal_monitor.h ****                                                float&   out_temperature_c);
  71:src/thermal_monitor.h ****     ThermalCalibrationInfo calibration_info() const;
  72:src/thermal_monitor.h **** 
  73:src/thermal_monitor.h ****   private:
  74:src/thermal_monitor.h ****     bool ReadChannelAveraged(uint32_t channel, uint16_t& out_raw);
  75:src/thermal_monitor.h **** 
  76:src/thermal_monitor.h **** #if THERMAL_MONITOR_ENABLED
  77:src/thermal_monitor.h ****     ADC_HandleTypeDef adc_;
  78:src/thermal_monitor.h **** #endif
  79:src/thermal_monitor.h ****     bool     ready_;
  80:src/thermal_monitor.h ****     int      init_error_;
  81:src/thermal_monitor.h ****     uint32_t revision_id_;
  82:src/thermal_monitor.h ****     uint16_t cal1_raw_;
  83:src/thermal_monitor.h ****     uint16_t cal2_raw_;
ARM GAS  C:\Users\aydan\AppData\Local\Temp\ccAAF8Hc.s 			page 24


  84:src/thermal_monitor.h ****     uint16_t vref_cal_raw_;
  85:src/thermal_monitor.h ****     int32_t  cal2_temperature_c_;
  86:src/thermal_monitor.h **** };
  87:src/thermal_monitor.h **** 
  88:src/thermal_monitor.h **** class ThermalPolicy
  89:src/thermal_monitor.h **** {
  90:src/thermal_monitor.h ****   public:
  91:src/thermal_monitor.h ****     ThermalPolicy();
  92:src/thermal_monitor.h ****     void Reset();
  93:src/thermal_monitor.h ****     void Process(const ThermalSample& sample);
  94:src/thermal_monitor.h **** 
  95:src/thermal_monitor.h ****     ThermalState state() const { return state_; }
  96:src/thermal_monitor.h ****     bool         IsSafetyLatched() const
  97:src/thermal_monitor.h ****     {
  98:src/thermal_monitor.h ****         return state_ == ThermalState::Shutdown
  99:src/thermal_monitor.h ****                || state_ == ThermalState::SensorFault;
 100:src/thermal_monitor.h ****     }
 101:src/thermal_monitor.h ****     float    filtered_temperature_c() const { return filtered_temperature_c_; }
 102:src/thermal_monitor.h ****     uint16_t last_raw_temperature() const { return last_raw_temperature_; }
 103:src/thermal_monitor.h ****     int      last_error_code() const { return last_error_code_; }
 104:src/thermal_monitor.h ****     ThermalFaultKind TakeFaultNotification();
 105:src/thermal_monitor.h **** 
 106:src/thermal_monitor.h ****   private:
 107:src/thermal_monitor.h ****     void Latch(ThermalState state, int error_code);
 108:src/thermal_monitor.h **** 
 109:src/thermal_monitor.h ****     ThermalState     state_;
 110:src/thermal_monitor.h ****     float            filter_[config::kThermalFilterLength];
 111:src/thermal_monitor.h ****     int              filter_count_;
 112:src/thermal_monitor.h ****     int              filter_index_;
 113:src/thermal_monitor.h ****     int              warning_count_;
 114:src/thermal_monitor.h ****     int              trip_count_;
 115:src/thermal_monitor.h ****     int              invalid_count_;
 116:src/thermal_monitor.h ****     float            filtered_temperature_c_;
 117:src/thermal_monitor.h ****     uint16_t         last_raw_temperature_;
 118:src/thermal_monitor.h ****     int              last_error_code_;
 119:src/thermal_monitor.h ****     ThermalFaultKind pending_fault_;
 120:src/thermal_monitor.h **** };
 121:src/thermal_monitor.h **** 
 122:src/thermal_monitor.h **** class ThermalMonitor
 123:src/thermal_monitor.h **** {
 124:src/thermal_monitor.h ****   public:
 125:src/thermal_monitor.h ****     ThermalMonitor();
 126:src/thermal_monitor.h ****     void Init(uint32_t now_ms, bool perform_initial_sample = true);
 127:src/thermal_monitor.h ****     bool Service(uint32_t now_ms);
 128:src/thermal_monitor.h **** 
 129:src/thermal_monitor.h ****     ThermalState state() const { return policy_.state(); }
 130:src/thermal_monitor.h ****     bool         IsSafetyLatched() const { return policy_.IsSafetyLatched(); }
 445              		.loc 7 130 18 view .LVU139
 446              	.LBE146:
 447              	.LBE145:
 448              	.LBE171:
 449              		.loc 7 130 44 view .LVU140
 450              	.LBB172:
 451              	.LBB164:
 452              	.LBB149:
 453              	.LBB147:
 454              	.LBI147:
ARM GAS  C:\Users\aydan\AppData\Local\Temp\ccAAF8Hc.s 			page 25


  96:src/thermal_monitor.h ****     {
 455              		.loc 7 96 18 view .LVU141
 456              	.LBB148:
  98:src/thermal_monitor.h ****                || state_ == ThermalState::SensorFault;
 457              		.loc 7 98 9 view .LVU142
  99:src/thermal_monitor.h ****     }
 458              		.loc 7 99 16 is_stmt 0 view .LVU143
 459 00d6 99F87C30 		ldrb	r3, [r9, #124]	@ zero_extendqisi2
 460              	.LBE148:
 461              	.LBE147:
 462              	.LBE149:
 214:src/main.cpp  ****         {
 463              		.loc 6 214 9 view .LVU144
 464 00da 023B     		subs	r3, r3, #2
 465 00dc 012B     		cmp	r3, #1
 466 00de 3ED9     		bls	.L45
 467              	.L14:
 468              	.LBE164:
 245:src/main.cpp  ****         (void)last_thermal_debug_tx;
 469              		.loc 6 245 9 is_stmt 1 view .LVU145
 246:src/main.cpp  **** #endif
 470              		.loc 6 246 9 view .LVU146
 253:src/main.cpp  ****         current_effect                         = state.effect;
 471              		.loc 6 253 9 view .LVU147
 253:src/main.cpp  ****         current_effect                         = state.effect;
 472              		.loc 6 253 74 is_stmt 0 view .LVU148
 473 00e0 3749     		ldr	r1, .L50+8
 474 00e2 0AA8     		add	r0, sp, #40
 475 00e4 2346     		mov	r3, r4
 476 00e6 344A     		ldr	r2, .L50
 477 00e8 FFF7FEFF 		bl	_ZN3app8Controls7ProcessERN5daisy9DaisySeedEm
 478              	.LVL37:
 254:src/main.cpp  ****         hw.SetLed(state.rotary_position == 1);
 479              		.loc 6 254 9 is_stmt 1 view .LVU149
 255:src/main.cpp  **** 
 480              		.loc 6 255 18 is_stmt 0 view .LVU150
 481 00ec 1099     		ldr	r1, [sp, #64]
 254:src/main.cpp  ****         hw.SetLed(state.rotary_position == 1);
 482              		.loc 6 254 48 view .LVU151
 483 00ee 9DF83A50 		ldrb	r5, [sp, #58]	@ zero_extendqisi2
 484              	.LVL38:
 255:src/main.cpp  **** 
 485              		.loc 6 255 9 is_stmt 1 view .LVU152
 255:src/main.cpp  **** 
 486              		.loc 6 255 18 is_stmt 0 view .LVU153
 487 00f2 A1F10101 		sub	r1, #1
 488 00f6 3048     		ldr	r0, .L50
 489 00f8 B1FA81F1 		clz	r1, r1
 490 00fc 4909     		lsrs	r1, r1, #5
 491 00fe FFF7FEFF 		bl	_ZN5daisy9DaisySeed6SetLedEb
 492              	.LVL39:
 258:src/main.cpp  ****         {
 493              		.loc 6 258 9 is_stmt 1 view .LVU154
 494 0102 AE42     		cmp	r6, r5
 495 0104 03D0     		beq	.L17
 260:src/main.cpp  ****             telemetry.SendEffect(last_sent_effect);
 496              		.loc 6 260 13 view .LVU155
ARM GAS  C:\Users\aydan\AppData\Local\Temp\ccAAF8Hc.s 			page 26


 497              	.LVL40:
 261:src/main.cpp  ****         }
 498              		.loc 6 261 13 view .LVU156
 261:src/main.cpp  ****         }
 499              		.loc 6 261 33 is_stmt 0 view .LVU157
 500 0106 2946     		mov	r1, r5
 501 0108 2E48     		ldr	r0, .L50+12
 502 010a FFF7FEFF 		bl	_ZN3app9Telemetry10SendEffectEi
 503              	.LVL41:
 504              	.L17:
 263:src/main.cpp  ****             telemetry.SendFootswitch(state.footswitch.down,
 505              		.loc 6 263 9 is_stmt 1 view .LVU158
 506 010e 9DF84430 		ldrb	r3, [sp, #68]	@ zero_extendqisi2
 507 0112 E3B9     		cbnz	r3, .L46
 508              	.L18:
 267:src/main.cpp  ****            || (uint32_t)(now - last_pots_tx)
 509              		.loc 6 267 9 view .LVU159
 510 0114 9DF83830 		ldrb	r3, [sp, #56]	@ zero_extendqisi2
 511 0118 23B9     		cbnz	r3, .L19
 268:src/main.cpp  ****                   >= app::config::kPotTelemetryHeartbeatMs)
 512              		.loc 6 268 30 is_stmt 0 view .LVU160
 513 011a A4EB0803 		sub	r3, r4, r8
 268:src/main.cpp  ****                   >= app::config::kPotTelemetryHeartbeatMs)
 514              		.loc 6 268 12 view .LVU161
 515 011e B3F5FA7F 		cmp	r3, #500
 516 0122 04D3     		bcc	.L20
 517              	.L19:
 271:src/main.cpp  ****             telemetry.SendPots(state.pots);
 518              		.loc 6 271 13 is_stmt 1 view .LVU162
 519              	.LVL42:
 272:src/main.cpp  ****         }
 520              		.loc 6 272 13 view .LVU163
 272:src/main.cpp  ****         }
 521              		.loc 6 272 31 is_stmt 0 view .LVU164
 522 0124 0AA9     		add	r1, sp, #40
 523 0126 2748     		ldr	r0, .L50+12
 271:src/main.cpp  ****             telemetry.SendPots(state.pots);
 524              		.loc 6 271 26 view .LVU165
 525 0128 A046     		mov	r8, r4
 272:src/main.cpp  ****         }
 526              		.loc 6 272 31 view .LVU166
 527 012a FFF7FEFF 		bl	_ZN3app9Telemetry8SendPotsEPKf
 528              	.LVL43:
 529              	.L20:
 285:src/main.cpp  ****         if(tuner_mode && !previous_tuner_mode)
 530              		.loc 6 285 9 is_stmt 1 view .LVU167
 285:src/main.cpp  ****         if(tuner_mode && !previous_tuner_mode)
 531              		.loc 6 285 20 is_stmt 0 view .LVU168
 532 012e B5FA85F6 		clz	r6, r5
 533 0132 7609     		lsrs	r6, r6, #5
 534              	.LVL44:
 286:src/main.cpp  ****         {
 535              		.loc 6 286 9 is_stmt 1 view .LVU169
 536 0134 002F     		cmp	r7, #0
 537 0136 9BD0     		beq	.L47
 538              	.L21:
 291:src/main.cpp  ****         {
ARM GAS  C:\Users\aydan\AppData\Local\Temp\ccAAF8Hc.s 			page 27


 539              		.loc 6 291 14 view .LVU170
 540 0138 65B3     		cbz	r5, .L43
 541 013a 07B3     		cbz	r7, .L23
 293:src/main.cpp  **** #if DIAG_SEND_TELEMETRY
 542              		.loc 6 293 13 view .LVU171
 293:src/main.cpp  **** #if DIAG_SEND_TELEMETRY
 543              		.loc 6 293 33 is_stmt 0 view .LVU172
 544 013c 2146     		mov	r1, r4
 545 013e 2348     		ldr	r0, .L50+20
 546 0140 FFF7FEFF 		bl	_ZN3app13TunerAnalyzer5ResetEm
 547              	.LVL45:
 295:src/main.cpp  **** #endif
 548              		.loc 6 295 13 is_stmt 1 view .LVU173
 295:src/main.cpp  **** #endif
 549              		.loc 6 295 40 is_stmt 0 view .LVU174
 550 0144 1F48     		ldr	r0, .L50+12
 297:src/main.cpp  ****         }
 551              		.loc 6 297 36 view .LVU175
 552 0146 A346     		mov	fp, r4
 553              	.LVL46:
 295:src/main.cpp  **** #endif
 554              		.loc 6 295 40 view .LVU176
 555 0148 FFF7FEFF 		bl	_ZN3app9Telemetry17SendTunerDisabledEv
 556              	.LVL47:
 297:src/main.cpp  ****         }
 557              		.loc 6 297 13 is_stmt 1 view .LVU177
 299:src/main.cpp  **** 
 558              		.loc 6 299 9 view .LVU178
 301:src/main.cpp  ****            && (uint32_t)(now - last_tuner_tx)
 559              		.loc 6 301 9 view .LVU179
 560              	.LBB165:
 324:src/main.cpp  ****                 && (uint32_t)(now - last_tuner_disabled_tx)
 561              		.loc 6 324 14 view .LVU180
 562 014c B7E7     		b	.L24
 563              	.LVL48:
 564              	.L46:
 324:src/main.cpp  ****                 && (uint32_t)(now - last_tuner_disabled_tx)
 565              		.loc 6 324 14 is_stmt 0 view .LVU181
 566              	.LBE165:
 264:src/main.cpp  ****                                      state.footswitch.edge,
 567              		.loc 6 264 13 is_stmt 1 view .LVU182
 264:src/main.cpp  ****                                      state.footswitch.edge,
 568              		.loc 6 264 37 is_stmt 0 view .LVU183
 569 014e DDE91223 		ldrd	r2, r3, [sp, #72]
 570 0152 9DF84510 		ldrb	r1, [sp, #69]	@ zero_extendqisi2
 571 0156 1B48     		ldr	r0, .L50+12
 572 0158 FFF7FEFF 		bl	_ZN3app9Telemetry14SendFootswitchEbPKci
 573              	.LVL49:
 574 015c DAE7     		b	.L18
 575              	.LVL50:
 576              	.L45:
 577              	.LBB166:
 578              	.LBB150:
 219:src/main.cpp  ****                 = thermal_monitor.TakeFaultNotification();
 579              		.loc 6 219 13 is_stmt 1 view .LVU184
 580              	.LBB151:
 581              	.LBI151:
ARM GAS  C:\Users\aydan\AppData\Local\Temp\ccAAF8Hc.s 			page 28


 131:src/thermal_monitor.h ****     float        filtered_temperature_c() const
 132:src/thermal_monitor.h ****     {
 133:src/thermal_monitor.h ****         return policy_.filtered_temperature_c();
 134:src/thermal_monitor.h ****     }
 135:src/thermal_monitor.h ****     uint16_t last_raw_temperature() const
 136:src/thermal_monitor.h ****     {
 137:src/thermal_monitor.h ****         return policy_.last_raw_temperature();
 138:src/thermal_monitor.h ****     }
 139:src/thermal_monitor.h ****     int last_error_code() const { return policy_.last_error_code(); }
 140:src/thermal_monitor.h ****     ThermalFaultKind TakeFaultNotification()
 582              		.loc 7 140 22 view .LVU185
 583              	.LBB152:
 141:src/thermal_monitor.h ****     {
 142:src/thermal_monitor.h ****         return policy_.TakeFaultNotification();
 584              		.loc 7 142 9 view .LVU186
 585              		.loc 7 142 45 is_stmt 0 view .LVU187
 586 015e 2048     		ldr	r0, .L50+40
 587 0160 FFF7FEFF 		bl	_ZN3app13ThermalPolicy21TakeFaultNotificationEv
 588              	.LVL51:
 589              		.loc 7 142 45 view .LVU188
 590              	.LBE152:
 591              	.LBE151:
 222:src/main.cpp  ****                 telemetry.SendThermalFault(
 592              		.loc 6 222 13 is_stmt 1 view .LVU189
 593 0164 0128     		cmp	r0, #1
 594 0166 1AD0     		beq	.L48
 225:src/main.cpp  ****                 telemetry.SendTemperatureSensorFault(
 595              		.loc 6 225 18 view .LVU190
 596 0168 0228     		cmp	r0, #2
 597 016a 1ED0     		beq	.L49
 598              	.LVL52:
 599              	.L16:
 231:src/main.cpp  ****         }
 600              		.loc 6 231 13 view .LVU191
 231:src/main.cpp  ****         }
 601              		.loc 6 231 22 is_stmt 0 view .LVU192
 602 016c 2146     		mov	r1, r4
 603 016e 1B48     		ldr	r0, .L50+36
 604 0170 FFF7FEFF 		bl	_ZNK3app14ThermalMonitor10FaultLedOnEm
 605              	.LVL53:
 606 0174 0146     		mov	r1, r0
 607 0176 1048     		ldr	r0, .L50
 608 0178 FFF7FEFF 		bl	_ZN5daisy9DaisySeed6SetLedEb
 609              	.LVL54:
 610              	.LBE150:
 611 017c B0E7     		b	.L14
 612              	.LVL55:
 613              	.L23:
 231:src/main.cpp  ****         }
 614              		.loc 6 231 22 view .LVU193
 615              	.LBE166:
 299:src/main.cpp  **** 
 616              		.loc 6 299 9 is_stmt 1 view .LVU194
 301:src/main.cpp  ****            && (uint32_t)(now - last_tuner_tx)
 617              		.loc 6 301 9 view .LVU195
 618              	.LBB167:
 619 017e 4DB1     		cbz	r5, .L43
ARM GAS  C:\Users\aydan\AppData\Local\Temp\ccAAF8Hc.s 			page 29


 620              	.LVL56:
 324:src/main.cpp  ****                 && (uint32_t)(now - last_tuner_disabled_tx)
 621              		.loc 6 324 14 view .LVU196
 325:src/main.cpp  ****                        >= app::config::kTunerDisabledHeartbeatMs)
 622              		.loc 6 325 35 is_stmt 0 view .LVU197
 623 0180 A4EB0B03 		sub	r3, r4, fp
 325:src/main.cpp  ****                        >= app::config::kTunerDisabledHeartbeatMs)
 624              		.loc 6 325 17 view .LVU198
 625 0184 B3F57A7F 		cmp	r3, #1000
 626 0188 99D3     		bcc	.L24
 328:src/main.cpp  ****             telemetry.SendTunerDisabled();
 627              		.loc 6 328 13 is_stmt 1 view .LVU199
 628              	.LVL57:
 329:src/main.cpp  ****         }
 629              		.loc 6 329 13 view .LVU200
 329:src/main.cpp  ****         }
 630              		.loc 6 329 40 is_stmt 0 view .LVU201
 631 018a 0E48     		ldr	r0, .L50+12
 328:src/main.cpp  ****             telemetry.SendTunerDisabled();
 632              		.loc 6 328 36 view .LVU202
 633 018c A346     		mov	fp, r4
 329:src/main.cpp  ****         }
 634              		.loc 6 329 40 view .LVU203
 635 018e FFF7FEFF 		bl	_ZN3app9Telemetry17SendTunerDisabledEv
 636              	.LVL58:
 637 0192 94E7     		b	.L24
 638              	.LVL59:
 639              	.L43:
 302:src/main.cpp  ****                   >= app::config::kTunerAnalysisPeriodMs)
 640              		.loc 6 302 30 view .LVU204
 641 0194 A4EB0A03 		sub	r3, r4, r10
 642 0198 73E7     		b	.L22
 643              	.LVL60:
 644              	.L27:
 645              	.LBB144:
 305:src/main.cpp  ****             if(tuner_capture.CopyAnalysisWindow(
 646              		.loc 6 305 27 view .LVU205
 647 019a A246     		mov	r10, r4
 648 019c 8FE7     		b	.L24
 649              	.LVL61:
 650              	.L48:
 305:src/main.cpp  ****             if(tuner_capture.CopyAnalysisWindow(
 651              		.loc 6 305 27 view .LVU206
 652              	.LBE144:
 653              	.LBE167:
 654              	.LBB168:
 655              	.LBB161:
 223:src/main.cpp  ****                     thermal_monitor.filtered_temperature_c());
 656              		.loc 6 223 17 is_stmt 1 view .LVU207
 657              	.LBB153:
 658              	.LBI153:
 131:src/thermal_monitor.h ****     {
 659              		.loc 7 131 18 view .LVU208
 660              	.LBE153:
 661              	.LBE161:
 662              	.LBE168:
 663              	.LBE172:
ARM GAS  C:\Users\aydan\AppData\Local\Temp\ccAAF8Hc.s 			page 30


 133:src/thermal_monitor.h ****     }
 664              		.loc 7 133 9 view .LVU209
 665              	.LBB173:
 666              	.LBB169:
 667              	.LBB162:
 668              	.LBB156:
 669              	.LBB154:
 670              	.LBI154:
 101:src/thermal_monitor.h ****     uint16_t last_raw_temperature() const { return last_raw_temperature_; }
 671              		.loc 7 101 14 view .LVU210
 672              	.LBB155:
 101:src/thermal_monitor.h ****     uint16_t last_raw_temperature() const { return last_raw_temperature_; }
 673              		.loc 7 101 47 view .LVU211
 101:src/thermal_monitor.h ****     uint16_t last_raw_temperature() const { return last_raw_temperature_; }
 674              		.loc 7 101 47 is_stmt 0 view .LVU212
 675              	.LBE155:
 676              	.LBE154:
 677              	.LBE156:
 223:src/main.cpp  ****                     thermal_monitor.filtered_temperature_c());
 678              		.loc 6 223 43 view .LVU213
 679 019e 99ED290A 		vldr.32	s0, [r9, #164]
 680 01a2 0848     		ldr	r0, .L50+12
 681              	.LVL62:
 223:src/main.cpp  ****                     thermal_monitor.filtered_temperature_c());
 682              		.loc 6 223 43 view .LVU214
 683 01a4 FFF7FEFF 		bl	_ZN3app9Telemetry16SendThermalFaultEf
 684              	.LVL63:
 685 01a8 E0E7     		b	.L16
 686              	.LVL64:
 687              	.L49:
 226:src/main.cpp  ****                     thermal_monitor.last_error_code());
 688              		.loc 6 226 17 is_stmt 1 view .LVU215
 689              	.LBB157:
 690              	.LBI157:
 139:src/thermal_monitor.h ****     ThermalFaultKind TakeFaultNotification()
 691              		.loc 7 139 9 view .LVU216
 692              	.LBE157:
 693              	.LBE162:
 694              	.LBE169:
 695              	.LBE173:
 139:src/thermal_monitor.h ****     ThermalFaultKind TakeFaultNotification()
 696              		.loc 7 139 35 view .LVU217
 697              	.LBB174:
 698              	.LBB170:
 699              	.LBB163:
 700              	.LBB160:
 701              	.LBB158:
 702              	.LBI158:
 103:src/thermal_monitor.h ****     ThermalFaultKind TakeFaultNotification();
 703              		.loc 7 103 14 view .LVU218
 704              	.LBB159:
 103:src/thermal_monitor.h ****     ThermalFaultKind TakeFaultNotification();
 705              		.loc 7 103 40 view .LVU219
 103:src/thermal_monitor.h ****     ThermalFaultKind TakeFaultNotification();
 706              		.loc 7 103 40 is_stmt 0 view .LVU220
 707              	.LBE159:
 708              	.LBE158:
ARM GAS  C:\Users\aydan\AppData\Local\Temp\ccAAF8Hc.s 			page 31


 709              	.LBE160:
 226:src/main.cpp  ****                     thermal_monitor.last_error_code());
 710              		.loc 6 226 53 view .LVU221
 711 01aa D9F8AC10 		ldr	r1, [r9, #172]
 712 01ae 0548     		ldr	r0, .L50+12
 713              	.LVL65:
 226:src/main.cpp  ****                     thermal_monitor.last_error_code());
 714              		.loc 6 226 53 view .LVU222
 715 01b0 FFF7FEFF 		bl	_ZN3app9Telemetry26SendTemperatureSensorFaultEi
 716              	.LVL66:
 717 01b4 DAE7     		b	.L16
 718              	.L51:
 719 01b6 00BF     		.align	2
 720              	.L50:
 721 01b8 00000000 		.word	.LANCHOR1
 722 01bc 00000000 		.word	.LANCHOR2
 723 01c0 00000000 		.word	.LANCHOR3
 724 01c4 00000000 		.word	.LANCHOR4
 725 01c8 00000000 		.word	.LANCHOR0
 726 01cc 00000000 		.word	.LANCHOR5
 727 01d0 00000000 		.word	.LANCHOR7
 728 01d4 00000000 		.word	_ZN12_GLOBAL__N_113AudioCallbackEPKPKfPPfj
 729 01d8 00000000 		.word	_ZN12_GLOBAL__N_119tuner_source_windowE
 730 01dc 00000000 		.word	.LANCHOR6
 731 01e0 7C000000 		.word	.LANCHOR6+124
 732              	.LBE163:
 733              	.LBE170:
 734              	.LBE174:
 735              		.cfi_endproc
 736              	.LFE2583:
 738              		.section	.text.startup._GLOBAL__sub_I_main,"ax",%progbits
 739              		.align	1
 740              		.p2align 2,,3
 741              		.syntax unified
 742              		.thumb
 743              		.thumb_func
 744              		.fpu fpv5-d16
 746              	_GLOBAL__sub_I_main:
 747              	.LFB2609:
 360:src/main.cpp  ****     }
 361:src/main.cpp  **** #endif
 362:src/main.cpp  **** }
 748              		.loc 6 362 1 is_stmt 1 view -0
 749              		.cfi_startproc
 750              		@ args = 0, pretend = 0, frame = 0
 751              		@ frame_needed = 0, uses_anonymous_args = 0
 752              	.LBB199:
 753              	.LBI199:
 754              		.loc 6 362 1 view .LVU224
 755              	.LVL67:
 756              	.LBB200:
 757              	.LBB201:
 758              	.LBI201:
  21:../../libDaisy/src/daisy_seed.h ****     ~DaisySeed() {}
 759              		.loc 1 21 5 view .LVU225
 760              	.LBB202:
 761              	.LBB203:
ARM GAS  C:\Users\aydan\AppData\Local\Temp\ccAAF8Hc.s 			page 32


 762              	.LBI203:
 763              		.file 8 "../../libDaisy/src/per/qspi.h"
   1:../../libDaisy/src/per/qspi.h **** #ifndef DSY_QSPI
   2:../../libDaisy/src/per/qspi.h **** #define DSY_QSPI /**< Macro */
   3:../../libDaisy/src/per/qspi.h **** 
   4:../../libDaisy/src/per/qspi.h **** #ifndef UNIT_TEST // for unit tests, a dummy implementation
   5:../../libDaisy/src/per/qspi.h **** 
   6:../../libDaisy/src/per/qspi.h **** #include <cstdint>
   7:../../libDaisy/src/per/qspi.h **** #include "daisy_core.h" // Added for dsy_gpio_pin typedef
   8:../../libDaisy/src/per/qspi.h **** 
   9:../../libDaisy/src/per/qspi.h **** #define DSY_QSPI_TEXT       \
  10:../../libDaisy/src/per/qspi.h ****     __attribute__((section( \
  11:../../libDaisy/src/per/qspi.h ****         ".qspiflash_text"))) /**< used for reading memory in memory_mapped mode. */
  12:../../libDaisy/src/per/qspi.h **** #define DSY_QSPI_DATA       \
  13:../../libDaisy/src/per/qspi.h ****     __attribute__((section( \
  14:../../libDaisy/src/per/qspi.h ****         ".qspiflash_data"))) /**< used for reading memory in memory_mapped mode. */
  15:../../libDaisy/src/per/qspi.h **** #define DSY_QSPI_BSS        \
  16:../../libDaisy/src/per/qspi.h ****     __attribute__((section( \
  17:../../libDaisy/src/per/qspi.h ****         ".qspiflash_bss"))) /**< used for reading memory in memory_mapped mode. */
  18:../../libDaisy/src/per/qspi.h **** 
  19:../../libDaisy/src/per/qspi.h **** namespace daisy
  20:../../libDaisy/src/per/qspi.h **** {
  21:../../libDaisy/src/per/qspi.h **** /** @addtogroup serial
  22:../../libDaisy/src/per/qspi.h **** @{
  23:../../libDaisy/src/per/qspi.h **** */
  24:../../libDaisy/src/per/qspi.h **** 
  25:../../libDaisy/src/per/qspi.h **** /** 
  26:../../libDaisy/src/per/qspi.h ****  Driver for QSPI peripheral to interface with external flash memory. \n 
  27:../../libDaisy/src/per/qspi.h ****     Currently supported QSPI Devices: \n 
  28:../../libDaisy/src/per/qspi.h ****     * IS25LP080D
  29:../../libDaisy/src/per/qspi.h **** */
  30:../../libDaisy/src/per/qspi.h **** class QSPIHandle
  31:../../libDaisy/src/per/qspi.h **** {
  32:../../libDaisy/src/per/qspi.h ****   public:
  33:../../libDaisy/src/per/qspi.h ****     enum Result
  34:../../libDaisy/src/per/qspi.h ****     {
  35:../../libDaisy/src/per/qspi.h ****         OK = 0,
  36:../../libDaisy/src/per/qspi.h ****         ERR
  37:../../libDaisy/src/per/qspi.h ****     };
  38:../../libDaisy/src/per/qspi.h **** 
  39:../../libDaisy/src/per/qspi.h ****     /** Indicates the current status of the module. 
  40:../../libDaisy/src/per/qspi.h ****          *  Warnings are indicated by a leading W.
  41:../../libDaisy/src/per/qspi.h ****          *  Errors are indicated by a leading E and cause an immediate exit.
  42:../../libDaisy/src/per/qspi.h ****          * 
  43:../../libDaisy/src/per/qspi.h ****          *  \param GOOD - No errors have been reported.
  44:../../libDaisy/src/per/qspi.h ****          *  \param E_HAL_ERROR - HAL code did not return HAL_OK.
  45:../../libDaisy/src/per/qspi.h ****          *  \param E_SWITCHING_MODES - An error was encountered while switching QSPI peripheral mod
  46:../../libDaisy/src/per/qspi.h ****          *  \param E_INVALID_MODE - QSPI should not be written to while the program is executing fr
  47:../../libDaisy/src/per/qspi.h ****          */
  48:../../libDaisy/src/per/qspi.h ****     enum Status
  49:../../libDaisy/src/per/qspi.h ****     {
  50:../../libDaisy/src/per/qspi.h ****         GOOD = 0,
  51:../../libDaisy/src/per/qspi.h ****         E_HAL_ERROR,
  52:../../libDaisy/src/per/qspi.h ****         E_SWITCHING_MODES,
  53:../../libDaisy/src/per/qspi.h ****         E_INVALID_MODE,
  54:../../libDaisy/src/per/qspi.h ****     };
  55:../../libDaisy/src/per/qspi.h **** 
ARM GAS  C:\Users\aydan\AppData\Local\Temp\ccAAF8Hc.s 			page 33


  56:../../libDaisy/src/per/qspi.h ****     /** Configuration structure for interfacing with QSPI Driver */
  57:../../libDaisy/src/per/qspi.h ****     struct Config
  58:../../libDaisy/src/per/qspi.h ****     {
  59:../../libDaisy/src/per/qspi.h ****         /** Flash Devices supported. (Both of these are more-or-less the same, just different sizes
  60:../../libDaisy/src/per/qspi.h ****         enum Device
  61:../../libDaisy/src/per/qspi.h ****         {
  62:../../libDaisy/src/per/qspi.h ****             IS25LP080D,  /**< & */
  63:../../libDaisy/src/per/qspi.h ****             IS25LP064A,  /**< & */
  64:../../libDaisy/src/per/qspi.h ****             DEVICE_LAST, /**< & */
  65:../../libDaisy/src/per/qspi.h ****         };
  66:../../libDaisy/src/per/qspi.h **** 
  67:../../libDaisy/src/per/qspi.h ****         /** 
  68:../../libDaisy/src/per/qspi.h ****         Modes of operation.
  69:../../libDaisy/src/per/qspi.h ****         Memory Mapped mode: QSPI configured so that the QSPI can be
  70:../../libDaisy/src/per/qspi.h ****         read from starting address 0x90000000. Writing is not
  71:../../libDaisy/src/per/qspi.h ****         possible in this mode. \n 
  72:../../libDaisy/src/per/qspi.h ****         Indirect Polling mode: Device driver enabled. 
  73:../../libDaisy/src/per/qspi.h ****         */
  74:../../libDaisy/src/per/qspi.h ****         enum Mode
  75:../../libDaisy/src/per/qspi.h ****         {
  76:../../libDaisy/src/per/qspi.h ****             MEMORY_MAPPED,    /**< & */
  77:../../libDaisy/src/per/qspi.h ****             INDIRECT_POLLING, /**< & */
  78:../../libDaisy/src/per/qspi.h ****             MODE_LAST,
  79:../../libDaisy/src/per/qspi.h ****         };
  80:../../libDaisy/src/per/qspi.h **** 
  81:../../libDaisy/src/per/qspi.h ****         //SCK,  CE# (active low)
  82:../../libDaisy/src/per/qspi.h ****         struct
  83:../../libDaisy/src/per/qspi.h ****         {
  84:../../libDaisy/src/per/qspi.h ****             dsy_gpio_pin io0; /**< & */
  85:../../libDaisy/src/per/qspi.h ****             dsy_gpio_pin io1; /**< & */
  86:../../libDaisy/src/per/qspi.h ****             dsy_gpio_pin io2; /**< & */
  87:../../libDaisy/src/per/qspi.h ****             dsy_gpio_pin io3; /**< & */
  88:../../libDaisy/src/per/qspi.h ****             dsy_gpio_pin clk; /**< & */
  89:../../libDaisy/src/per/qspi.h ****             dsy_gpio_pin ncs; /**< & */
  90:../../libDaisy/src/per/qspi.h ****         } pin_config;
  91:../../libDaisy/src/per/qspi.h **** 
  92:../../libDaisy/src/per/qspi.h ****         Device device;
  93:../../libDaisy/src/per/qspi.h ****         Mode   mode;
  94:../../libDaisy/src/per/qspi.h ****     };
  95:../../libDaisy/src/per/qspi.h **** 
  96:../../libDaisy/src/per/qspi.h ****     /** 
  97:../../libDaisy/src/per/qspi.h ****         Initializes QSPI peripheral, and Resets, and prepares memory for access.
  98:../../libDaisy/src/per/qspi.h ****         \param config should be populated with the mode, device and pin_config before calling this 
  99:../../libDaisy/src/per/qspi.h ****         \return Result::OK or Result::ERR
 100:../../libDaisy/src/per/qspi.h ****         */
 101:../../libDaisy/src/per/qspi.h ****     Result Init(const Config& config);
 102:../../libDaisy/src/per/qspi.h **** 
 103:../../libDaisy/src/per/qspi.h ****     /** Returns the current config. */
 104:../../libDaisy/src/per/qspi.h ****     const Config& GetConfig() const;
 105:../../libDaisy/src/per/qspi.h **** 
 106:../../libDaisy/src/per/qspi.h ****     // Couldn't this just be called before anything else in init? That
 107:../../libDaisy/src/per/qspi.h ****     // would make manually calling it unnecessary.
 108:../../libDaisy/src/per/qspi.h ****     /** 
 109:../../libDaisy/src/per/qspi.h ****         Deinitializes the peripheral
 110:../../libDaisy/src/per/qspi.h ****         This should be called before reinitializing QSPI in a different mode.
 111:../../libDaisy/src/per/qspi.h ****         \return Result::OK or Result::ERR
 112:../../libDaisy/src/per/qspi.h ****         */
ARM GAS  C:\Users\aydan\AppData\Local\Temp\ccAAF8Hc.s 			page 34


 113:../../libDaisy/src/per/qspi.h ****     Result DeInit();
 114:../../libDaisy/src/per/qspi.h **** 
 115:../../libDaisy/src/per/qspi.h ****     /** 
 116:../../libDaisy/src/per/qspi.h ****         Writes a single page to to the specified address on the QSPI chip.
 117:../../libDaisy/src/per/qspi.h ****         For IS25LP*, page size is 256 bytes.
 118:../../libDaisy/src/per/qspi.h ****         \param address Address to write to
 119:../../libDaisy/src/per/qspi.h ****         \param size Buffer size
 120:../../libDaisy/src/per/qspi.h ****         \param buffer Buffer to write
 121:../../libDaisy/src/per/qspi.h ****         \return Result::OK or Result::ERR
 122:../../libDaisy/src/per/qspi.h ****         */
 123:../../libDaisy/src/per/qspi.h ****     Result WritePage(uint32_t address, uint32_t size, uint8_t* buffer);
 124:../../libDaisy/src/per/qspi.h **** 
 125:../../libDaisy/src/per/qspi.h ****     /** 
 126:../../libDaisy/src/per/qspi.h ****         Writes data in buffer to to the QSPI. Starting at address to address+size 
 127:../../libDaisy/src/per/qspi.h ****         \param address Address to write to
 128:../../libDaisy/src/per/qspi.h ****         \param size Buffer size
 129:../../libDaisy/src/per/qspi.h ****         \param buffer Buffer to write
 130:../../libDaisy/src/per/qspi.h ****         \return Result::OK or Result::ERR
 131:../../libDaisy/src/per/qspi.h ****         */
 132:../../libDaisy/src/per/qspi.h ****     Result Write(uint32_t address, uint32_t size, uint8_t* buffer);
 133:../../libDaisy/src/per/qspi.h **** 
 134:../../libDaisy/src/per/qspi.h ****     /** 
 135:../../libDaisy/src/per/qspi.h ****         Erases the area specified on the chip.
 136:../../libDaisy/src/per/qspi.h ****         Erasures will happen by 4K, 32K or 64K increments.
 137:../../libDaisy/src/per/qspi.h ****         Smallest erase possible is 4kB at a time. (on IS25LP*)
 138:../../libDaisy/src/per/qspi.h ****         \param start_addr Address to begin erasing from
 139:../../libDaisy/src/per/qspi.h ****         \param end_addr  Address to stop erasing at
 140:../../libDaisy/src/per/qspi.h ****         \return Result::OK or Result::ERR
 141:../../libDaisy/src/per/qspi.h ****         */
 142:../../libDaisy/src/per/qspi.h ****     Result Erase(uint32_t start_addr, uint32_t end_addr);
 143:../../libDaisy/src/per/qspi.h **** 
 144:../../libDaisy/src/per/qspi.h ****     /**  
 145:../../libDaisy/src/per/qspi.h ****          Erases a single sector of the chip.  
 146:../../libDaisy/src/per/qspi.h ****         TODO: Document the size of this function. 
 147:../../libDaisy/src/per/qspi.h ****         \param address Address of sector to erase
 148:../../libDaisy/src/per/qspi.h ****         \return Result::OK or Result::ERR
 149:../../libDaisy/src/per/qspi.h ****         */
 150:../../libDaisy/src/per/qspi.h ****     Result EraseSector(uint32_t address);
 151:../../libDaisy/src/per/qspi.h **** 
 152:../../libDaisy/src/per/qspi.h ****     /** Returns the current class status. Useful for debugging.
 153:../../libDaisy/src/per/qspi.h ****      *  \returns Status
 154:../../libDaisy/src/per/qspi.h ****      */
 155:../../libDaisy/src/per/qspi.h ****     Status GetStatus();
 156:../../libDaisy/src/per/qspi.h **** 
 157:../../libDaisy/src/per/qspi.h ****     /** Returns a pointer to the actual memory used 
 158:../../libDaisy/src/per/qspi.h ****      *  The memory at this address is read-only
 159:../../libDaisy/src/per/qspi.h ****      *  to write to it use the Write function.
 160:../../libDaisy/src/per/qspi.h ****      * 
 161:../../libDaisy/src/per/qspi.h ****      *  \param offset returns the pointer starting this 
 162:../../libDaisy/src/per/qspi.h ****      *                many bytes into the memory
 163:../../libDaisy/src/per/qspi.h ****     */
 164:../../libDaisy/src/per/qspi.h ****     void* GetData(uint32_t offset = 0);
 165:../../libDaisy/src/per/qspi.h **** 
 166:../../libDaisy/src/per/qspi.h ****     QSPIHandle() : pimpl_(nullptr) {}
 764              		.loc 8 166 5 view .LVU226
 765              	.LBE203:
 766              	.LBE202:
ARM GAS  C:\Users\aydan\AppData\Local\Temp\ccAAF8Hc.s 			page 35


 767              	.LBE201:
 768              	.LBE200:
 769              	.LBE199:
 770              		.loc 6 362 1 is_stmt 0 view .LVU227
 771 0000 10B5     		push	{r4, lr}
 772              		.cfi_def_cfa_offset 8
 773              		.cfi_offset 4, -8
 774              		.cfi_offset 14, -4
 775              	.LBB234:
 776              	.LBB232:
 777              	.LBB224:
 778              	.LBB222:
 779              	.LBB208:
 780              	.LBB204:
 781              	.LBB205:
 782              		.loc 8 166 34 view .LVU228
 783 0002 1248     		ldr	r0, .L54
 784 0004 0024     		movs	r4, #0
 785              	.LBE205:
 786              	.LBE204:
 787              	.LBE208:
 788              	.LBE222:
 789              	.LBE224:
  37:src/main.cpp  **** 
 790              		.loc 6 37 11 view .LVU229
 791 0006 124A     		ldr	r2, .L54+4
 792 0008 1249     		ldr	r1, .L54+8
 793              	.LBB225:
 794              	.LBB223:
 795              	.LBB209:
 796              	.LBB207:
 797              	.LBB206:
 798              		.loc 8 166 34 view .LVU230
 799 000a 0460     		str	r4, [r0]
 800              	.LVL68:
 801              		.loc 8 166 34 view .LVU231
 802              	.LBE206:
 803              	.LBE207:
 804              	.LBE209:
 805              	.LBB210:
 806              	.LBI210:
  95:../../libDaisy/src/hid/audio.h ****     ~AudioHandle() {}
 807              		.loc 5 95 5 is_stmt 1 view .LVU232
 808              	.LBB211:
 809              	.LBB212:
  95:../../libDaisy/src/hid/audio.h ****     ~AudioHandle() {}
 810              		.loc 5 95 35 is_stmt 0 view .LVU233
 811 000c 4461     		str	r4, [r0, #20]
 812              	.LVL69:
  95:../../libDaisy/src/hid/audio.h ****     ~AudioHandle() {}
 813              		.loc 5 95 35 view .LVU234
 814              	.LBE212:
 815              	.LBE211:
 816              	.LBE210:
 817              	.LBB213:
 818              	.LBI213:
 109:../../libDaisy/src/per/adc.h ****     ~AdcHandle() {}
ARM GAS  C:\Users\aydan\AppData\Local\Temp\ccAAF8Hc.s 			page 36


 819              		.loc 4 109 5 is_stmt 1 view .LVU235
 109:../../libDaisy/src/per/adc.h ****     ~AdcHandle() {}
 820              		.loc 4 109 5 is_stmt 0 view .LVU236
 821              	.LBE213:
 822              	.LBB214:
 823              	.LBI214:
 824              		.file 9 "../../libDaisy/src/per/dac.h"
   1:../../libDaisy/src/per/dac.h **** #pragma once
   2:../../libDaisy/src/per/dac.h **** #ifndef DSY_DAC_H
   3:../../libDaisy/src/per/dac.h **** #define DSY_DAC_H
   4:../../libDaisy/src/per/dac.h **** 
   5:../../libDaisy/src/per/dac.h **** #include "daisy_core.h"
   6:../../libDaisy/src/per/dac.h **** 
   7:../../libDaisy/src/per/dac.h **** namespace daisy
   8:../../libDaisy/src/per/dac.h **** {
   9:../../libDaisy/src/per/dac.h **** /** @brief DAC handle for Built-in DAC Peripheral 
  10:../../libDaisy/src/per/dac.h ****  *  @ingroup per_analog
  11:../../libDaisy/src/per/dac.h ****  ** 
  12:../../libDaisy/src/per/dac.h ****  ** For now only Normal Mode is supported,
  13:../../libDaisy/src/per/dac.h ****  ** Sample and hold mode provides reduced power consumption, but requires a bit more setup.
  14:../../libDaisy/src/per/dac.h ****  **
  15:../../libDaisy/src/per/dac.h ****  ** For now connecting the DAC through other internal peripherals is also not supported.
  16:../../libDaisy/src/per/dac.h ****  **
  17:../../libDaisy/src/per/dac.h ****  ** Since the DAC channels have dedicated pins we don't need to pass in a pin config like with
  18:../../libDaisy/src/per/dac.h ****  ** other modules. However, it is still important to not try to use the DAC pins for anything else.
  19:../../libDaisy/src/per/dac.h ****  ** DAC Channel 1 is on PA4, and DAC Channel 2 is on PA5
  20:../../libDaisy/src/per/dac.h ****  ***/
  21:../../libDaisy/src/per/dac.h **** class DacHandle
  22:../../libDaisy/src/per/dac.h **** {
  23:../../libDaisy/src/per/dac.h ****   public:
  24:../../libDaisy/src/per/dac.h ****     /** Return Values for the DacHandle class */
  25:../../libDaisy/src/per/dac.h ****     enum class Result
  26:../../libDaisy/src/per/dac.h ****     {
  27:../../libDaisy/src/per/dac.h ****         OK,
  28:../../libDaisy/src/per/dac.h ****         ERR,
  29:../../libDaisy/src/per/dac.h ****     };
  30:../../libDaisy/src/per/dac.h **** 
  31:../../libDaisy/src/per/dac.h ****     /** Selects which channel(s) will be configured for use. */
  32:../../libDaisy/src/per/dac.h ****     enum class Channel
  33:../../libDaisy/src/per/dac.h ****     {
  34:../../libDaisy/src/per/dac.h ****         ONE,
  35:../../libDaisy/src/per/dac.h ****         TWO,
  36:../../libDaisy/src/per/dac.h ****         BOTH,
  37:../../libDaisy/src/per/dac.h ****     };
  38:../../libDaisy/src/per/dac.h **** 
  39:../../libDaisy/src/per/dac.h ****     /** Sets the Mode for the DAC channels.
  40:../../libDaisy/src/per/dac.h ****      **
  41:../../libDaisy/src/per/dac.h ****      ** Polling mode uses the blocking mode to transmit a single value at a time.
  42:../../libDaisy/src/per/dac.h ****      **
  43:../../libDaisy/src/per/dac.h ****      ** DMA mode uses a buffer, and periodically transmits it triggering a 
  44:../../libDaisy/src/per/dac.h ****      ** callback to fill the buffer when it is ready for more samples.
  45:../../libDaisy/src/per/dac.h ****      ***/
  46:../../libDaisy/src/per/dac.h ****     enum class Mode
  47:../../libDaisy/src/per/dac.h ****     {
  48:../../libDaisy/src/per/dac.h ****         POLLING,
  49:../../libDaisy/src/per/dac.h ****         DMA,
  50:../../libDaisy/src/per/dac.h ****     };
ARM GAS  C:\Users\aydan\AppData\Local\Temp\ccAAF8Hc.s 			page 37


  51:../../libDaisy/src/per/dac.h **** 
  52:../../libDaisy/src/per/dac.h ****     /** Sets the number of bits per sample transmitted out of the DAC.
  53:../../libDaisy/src/per/dac.h ****      ** The output range will be: 0V - VDDA
  54:../../libDaisy/src/per/dac.h ****      ** The resolution will be roughly: bitdepth / (VDDA - 0V) 
  55:../../libDaisy/src/per/dac.h ****      ***/
  56:../../libDaisy/src/per/dac.h ****     enum class BitDepth
  57:../../libDaisy/src/per/dac.h ****     {
  58:../../libDaisy/src/per/dac.h ****         BITS_8,
  59:../../libDaisy/src/per/dac.h ****         BITS_12
  60:../../libDaisy/src/per/dac.h ****     };
  61:../../libDaisy/src/per/dac.h **** 
  62:../../libDaisy/src/per/dac.h ****     /** Sets whether the DAC output is buffered for higher drive ability. */
  63:../../libDaisy/src/per/dac.h ****     enum class BufferState
  64:../../libDaisy/src/per/dac.h ****     {
  65:../../libDaisy/src/per/dac.h ****         ENABLED,
  66:../../libDaisy/src/per/dac.h ****         DISABLED,
  67:../../libDaisy/src/per/dac.h ****     };
  68:../../libDaisy/src/per/dac.h **** 
  69:../../libDaisy/src/per/dac.h ****     /** Configuration structure for initializing the DAC structure. */
  70:../../libDaisy/src/per/dac.h ****     struct Config
  71:../../libDaisy/src/per/dac.h ****     {
  72:../../libDaisy/src/per/dac.h ****         /** Target Samplerate in Hz used to configure the internal 
  73:../../libDaisy/src/per/dac.h ****          ** timebase for DMA mode. Does nothing in POLLING mode.
  74:../../libDaisy/src/per/dac.h ****          ** If the value is 0 at Init time this will default to 48000Hz 
  75:../../libDaisy/src/per/dac.h ****          ** otherwise the driver will attempt meet the target.*/
  76:../../libDaisy/src/per/dac.h ****         uint32_t target_samplerate;
  77:../../libDaisy/src/per/dac.h **** 
  78:../../libDaisy/src/per/dac.h ****         Channel     chn;
  79:../../libDaisy/src/per/dac.h ****         Mode        mode;
  80:../../libDaisy/src/per/dac.h ****         BitDepth    bitdepth;
  81:../../libDaisy/src/per/dac.h ****         BufferState buff_state;
  82:../../libDaisy/src/per/dac.h ****     };
  83:../../libDaisy/src/per/dac.h **** 
  84:../../libDaisy/src/per/dac.h ****     DacHandle() : pimpl_(nullptr) {}
 825              		.loc 9 84 5 is_stmt 1 view .LVU237
 826              	.LBB215:
 827              	.LBB216:
 828              		.loc 9 84 33 is_stmt 0 view .LVU238
 829 000e 0462     		str	r4, [r0, #32]
 830              	.LVL70:
 831              		.loc 9 84 33 view .LVU239
 832              	.LBE216:
 833              	.LBE215:
 834              	.LBE214:
 835              	.LBB217:
 836              	.LBI217:
  40:../../libDaisy/src/hid/usb.h **** 
 837              		.loc 3 40 5 is_stmt 1 view .LVU240
  40:../../libDaisy/src/hid/usb.h **** 
 838              		.loc 3 40 5 is_stmt 0 view .LVU241
 839              	.LBE217:
 840              	.LBB218:
 841              	.LBI218:
  96:../../libDaisy/src/sys/system.h ****     ~System() {}
 842              		.loc 2 96 5 is_stmt 1 view .LVU242
  96:../../libDaisy/src/sys/system.h ****     ~System() {}
 843              		.loc 2 96 5 is_stmt 0 view .LVU243
ARM GAS  C:\Users\aydan\AppData\Local\Temp\ccAAF8Hc.s 			page 38


 844              	.LBE218:
 845              	.LBB219:
 846              	.LBI219:
 847              		.file 10 "../../libDaisy/src/per/sai.h"
   1:../../libDaisy/src/per/sai.h **** #pragma once
   2:../../libDaisy/src/per/sai.h **** #ifndef DSY_SAI_H
   3:../../libDaisy/src/per/sai.h **** #define DSY_SAI_H
   4:../../libDaisy/src/per/sai.h **** 
   5:../../libDaisy/src/per/sai.h **** #include "daisy_core.h"
   6:../../libDaisy/src/per/sai.h **** 
   7:../../libDaisy/src/per/sai.h **** namespace daisy
   8:../../libDaisy/src/per/sai.h **** {
   9:../../libDaisy/src/per/sai.h **** /** 
  10:../../libDaisy/src/per/sai.h ****  * Support for I2S Audio Protocol with different bit-depth, samplerate options
  11:../../libDaisy/src/per/sai.h ****  * Allows for master or slave, as well as freedom of selecting direction, 
  12:../../libDaisy/src/per/sai.h ****  * and other behavior for each peripheral, and block.
  13:../../libDaisy/src/per/sai.h ****  * 
  14:../../libDaisy/src/per/sai.h ****  * DMA Transfer commands must use buffers located within non-cached memory or use cache maintenance
  15:../../libDaisy/src/per/sai.h ****  * To declare an unitialized global element in the DMA memory section:
  16:../../libDaisy/src/per/sai.h ****  *    int32_t DSY_DMA_BUFFER_SECTOR my_buffer[96];
  17:../../libDaisy/src/per/sai.h ****  *
  18:../../libDaisy/src/per/sai.h ****  * Callback functions will be called once per half of the buffer. In the above example, 
  19:../../libDaisy/src/per/sai.h ****  * the callback function would be called once for every 48 samples.
  20:../../libDaisy/src/per/sai.h ****  * 
  21:../../libDaisy/src/per/sai.h ****  * Use SAI Handle like this:
  22:../../libDaisy/src/per/sai.h ****  * 
  23:../../libDaisy/src/per/sai.h ****  *  SaiHandle::Config sai_config;
  24:../../libDaisy/src/per/sai.h ****  *  sai_config.periph          = SaiHandle::Config::Peripheral::SAI_1;
  25:../../libDaisy/src/per/sai.h ****  *  sai_config.sr              = SaiHandle::Config::SampleRate::SAI_48KHZ;
  26:../../libDaisy/src/per/sai.h ****  *  sai_config.bit_depth       = SaiHandle::Config::BitDepth::SAI_24BIT;
  27:../../libDaisy/src/per/sai.h ****  *  sai_config.a_sync          = SaiHandle::Config::Sync::MASTER;
  28:../../libDaisy/src/per/sai.h ****  *  sai_config.b_sync          = SaiHandle::Config::Sync::SLAVE;
  29:../../libDaisy/src/per/sai.h ****  *  sai_config.a_dir           = SaiHandle::Config::Direction::RECEIVE;
  30:../../libDaisy/src/per/sai.h ****  *  sai_config.b_dir           = SaiHandle::Config::Direction::TRANSMIT;
  31:../../libDaisy/src/per/sai.h ****  *  sai_config.pin_config.fs   = {DSY_GPIOE, 4};
  32:../../libDaisy/src/per/sai.h ****  *  sai_config.pin_config.mclk = {DSY_GPIOE, 2};
  33:../../libDaisy/src/per/sai.h ****  *  sai_config.pin_config.sck  = {DSY_GPIOE, 5};
  34:../../libDaisy/src/per/sai.h ****  *  sai_config.pin_config.sa   = {DSY_GPIOE, 6};
  35:../../libDaisy/src/per/sai.h ****  *  sai_config.pin_config.sb   = {DSY_GPIOE, 3};
  36:../../libDaisy/src/per/sai.h ****  *  // Then Initialize
  37:../../libDaisy/src/per/sai.h ****  *  SaiHandle sai;
  38:../../libDaisy/src/per/sai.h ****  *  sai.Init(sai_config);
  39:../../libDaisy/src/per/sai.h ****  *  // Now you can use it:
  40:../../libDaisy/src/per/sai.h ****  *  sai.StartDma(. . .);
  41:../../libDaisy/src/per/sai.h ****  */
  42:../../libDaisy/src/per/sai.h **** class SaiHandle
  43:../../libDaisy/src/per/sai.h **** {
  44:../../libDaisy/src/per/sai.h ****   public:
  45:../../libDaisy/src/per/sai.h ****     /** Contains settings for initialising an SAI Interface */
  46:../../libDaisy/src/per/sai.h ****     struct Config
  47:../../libDaisy/src/per/sai.h ****     {
  48:../../libDaisy/src/per/sai.h ****         /** Specifies the internal peripheral to use (mapped to different hardware pins) */
  49:../../libDaisy/src/per/sai.h ****         enum class Peripheral
  50:../../libDaisy/src/per/sai.h ****         {
  51:../../libDaisy/src/per/sai.h ****             SAI_1,
  52:../../libDaisy/src/per/sai.h ****             SAI_2,
  53:../../libDaisy/src/per/sai.h ****         };
ARM GAS  C:\Users\aydan\AppData\Local\Temp\ccAAF8Hc.s 			page 39


  54:../../libDaisy/src/per/sai.h **** 
  55:../../libDaisy/src/per/sai.h ****         /** Rate at which samples will be streaming to/from the device. */
  56:../../libDaisy/src/per/sai.h ****         enum class SampleRate
  57:../../libDaisy/src/per/sai.h ****         {
  58:../../libDaisy/src/per/sai.h ****             SAI_8KHZ,
  59:../../libDaisy/src/per/sai.h ****             SAI_16KHZ,
  60:../../libDaisy/src/per/sai.h ****             SAI_32KHZ,
  61:../../libDaisy/src/per/sai.h ****             SAI_48KHZ,
  62:../../libDaisy/src/per/sai.h ****             SAI_96KHZ,
  63:../../libDaisy/src/per/sai.h ****         };
  64:../../libDaisy/src/per/sai.h **** 
  65:../../libDaisy/src/per/sai.h ****         /** Bit Depth that the hardware expects to be transferred to/from the device. */
  66:../../libDaisy/src/per/sai.h ****         enum class BitDepth
  67:../../libDaisy/src/per/sai.h ****         {
  68:../../libDaisy/src/per/sai.h ****             SAI_16BIT,
  69:../../libDaisy/src/per/sai.h ****             SAI_24BIT,
  70:../../libDaisy/src/per/sai.h ****             SAI_32BIT,
  71:../../libDaisy/src/per/sai.h ****         };
  72:../../libDaisy/src/per/sai.h **** 
  73:../../libDaisy/src/per/sai.h ****         /** Specifies whether a particular block is the master or the slave 
  74:../../libDaisy/src/per/sai.h ****          ** If both are set to slave, no MCLK signal will be used, and it is
  75:../../libDaisy/src/per/sai.h ****          ** expected that the codec will have its own xtal.
  76:../../libDaisy/src/per/sai.h ****          */
  77:../../libDaisy/src/per/sai.h ****         enum class Sync
  78:../../libDaisy/src/per/sai.h ****         {
  79:../../libDaisy/src/per/sai.h ****             MASTER,
  80:../../libDaisy/src/per/sai.h ****             SLAVE,
  81:../../libDaisy/src/per/sai.h ****         };
  82:../../libDaisy/src/per/sai.h **** 
  83:../../libDaisy/src/per/sai.h ****         /** Specifies the direction for each peripheral block. */
  84:../../libDaisy/src/per/sai.h ****         enum class Direction
  85:../../libDaisy/src/per/sai.h ****         {
  86:../../libDaisy/src/per/sai.h ****             TRANSMIT,
  87:../../libDaisy/src/per/sai.h ****             RECEIVE,
  88:../../libDaisy/src/per/sai.h ****         };
  89:../../libDaisy/src/per/sai.h **** 
  90:../../libDaisy/src/per/sai.h ****         Peripheral periph;
  91:../../libDaisy/src/per/sai.h ****         struct
  92:../../libDaisy/src/per/sai.h ****         {
  93:../../libDaisy/src/per/sai.h ****             dsy_gpio_pin mclk, fs, sck, sa, sb;
  94:../../libDaisy/src/per/sai.h ****         } pin_config;
  95:../../libDaisy/src/per/sai.h ****         SampleRate sr;
  96:../../libDaisy/src/per/sai.h ****         BitDepth   bit_depth;
  97:../../libDaisy/src/per/sai.h ****         Sync       a_sync, b_sync;
  98:../../libDaisy/src/per/sai.h ****         Direction  a_dir, b_dir;
  99:../../libDaisy/src/per/sai.h ****     };
 100:../../libDaisy/src/per/sai.h **** 
 101:../../libDaisy/src/per/sai.h ****     /** Return values for SAI functions */
 102:../../libDaisy/src/per/sai.h ****     enum class Result
 103:../../libDaisy/src/per/sai.h ****     {
 104:../../libDaisy/src/per/sai.h ****         OK,
 105:../../libDaisy/src/per/sai.h ****         ERR,
 106:../../libDaisy/src/per/sai.h ****     };
 107:../../libDaisy/src/per/sai.h **** 
 108:../../libDaisy/src/per/sai.h ****     SaiHandle() : pimpl_(nullptr) {}
 848              		.loc 10 108 5 is_stmt 1 view .LVU244
 849              	.LBB220:
ARM GAS  C:\Users\aydan\AppData\Local\Temp\ccAAF8Hc.s 			page 40


 850              	.LBB221:
 851              		.loc 10 108 33 is_stmt 0 view .LVU245
 852 0010 C463     		str	r4, [r0, #60]
 853              	.LVL71:
 854              		.loc 10 108 33 view .LVU246
 855              	.LBE221:
 856              	.LBE220:
 857              	.LBE219:
 858              	.LBE223:
 859              	.LBE225:
  37:src/main.cpp  **** 
 860              		.loc 6 37 11 view .LVU247
 861 0012 FFF7FEFF 		bl	__aeabi_atexit
 862              	.LVL72:
 863              	.LBB226:
 864              	.LBI226:
 865              		.file 11 "src/control_mailbox.h"
   1:src/control_mailbox.h **** #pragma once
   2:src/control_mailbox.h **** 
   3:src/control_mailbox.h **** #include "app_config.h"
   4:src/control_mailbox.h **** 
   5:src/control_mailbox.h **** #include <stdint.h>
   6:src/control_mailbox.h **** #include <type_traits>
   7:src/control_mailbox.h **** 
   8:src/control_mailbox.h **** namespace app
   9:src/control_mailbox.h **** {
  10:src/control_mailbox.h **** 
  11:src/control_mailbox.h **** enum class SystemMode : uint8_t
  12:src/control_mailbox.h **** {
  13:src/control_mailbox.h ****     Normal = 0,
  14:src/control_mailbox.h ****     ThermalShutdown = 1
  15:src/control_mailbox.h **** };
  16:src/control_mailbox.h **** 
  17:src/control_mailbox.h **** // Compact requested-control state crossing from the foreground loop into the
  18:src/control_mailbox.h **** // audio interrupt. Keep this trivially copyable and small so a seqlock retry is
  19:src/control_mailbox.h **** // cheap and no dynamic allocation or mutex is needed.
  20:src/control_mailbox.h **** struct ControlSnapshot
  21:src/control_mailbox.h **** {
  22:src/control_mailbox.h ****     uint8_t effect;
  23:src/control_mailbox.h ****     uint8_t bypass;
  24:src/control_mailbox.h ****     uint8_t system_mode;
  25:src/control_mailbox.h ****     uint8_t reserved;
  26:src/control_mailbox.h ****     uint16_t parameters[config::kPhysicalPotCount];
  27:src/control_mailbox.h **** };
  28:src/control_mailbox.h **** 
  29:src/control_mailbox.h **** static_assert(std::is_trivially_copyable<ControlSnapshot>::value, "ControlSnapshot must be copied b
  30:src/control_mailbox.h **** static_assert(sizeof(ControlSnapshot) <= 16, "ControlSnapshot must stay small for interrupt transfe
  31:src/control_mailbox.h **** static_assert(sizeof(ControlSnapshot) == 10, "ControlSnapshot layout changed unexpectedly");
  32:src/control_mailbox.h **** 
  33:src/control_mailbox.h **** // Single-writer/single-reader mailbox for the main loop -> audio callback handoff.
  34:src/control_mailbox.h **** // The main loop is the only writer, and the audio interrupt is the only reader.
  35:src/control_mailbox.h **** class ControlMailbox
  36:src/control_mailbox.h **** {
  37:src/control_mailbox.h ****   public:
  38:src/control_mailbox.h ****     ControlMailbox();
  39:src/control_mailbox.h **** 
  40:src/control_mailbox.h ****     // Publish() is called from the main loop after controls have been filtered and
ARM GAS  C:\Users\aydan\AppData\Local\Temp\ccAAF8Hc.s 			page 41


  41:src/control_mailbox.h ****     // debounced. It marks the sequence odd while the payload is being copied.
  42:src/control_mailbox.h ****     void Publish(const ControlSnapshot& snapshot);
  43:src/control_mailbox.h **** 
  44:src/control_mailbox.h ****     // Read() is called once at the beginning of an audio block. It returns false
  45:src/control_mailbox.h ****     // if publication is in progress, allowing the callback to keep its last valid
  46:src/control_mailbox.h ****     // snapshot without blocking.
  47:src/control_mailbox.h ****     bool Read(ControlSnapshot& out, uint32_t& out_revision) const;
  48:src/control_mailbox.h **** 
  49:src/control_mailbox.h ****   private:
  50:src/control_mailbox.h ****     uint32_t sequence_;
  51:src/control_mailbox.h ****     ControlSnapshot snapshot_;
  52:src/control_mailbox.h **** };
  53:src/control_mailbox.h **** 
  54:src/control_mailbox.h **** inline ControlMailbox::ControlMailbox()
 866              		.loc 11 54 8 is_stmt 1 view .LVU248
 867              	.LBB227:
 868              	.LBB228:
  55:src/control_mailbox.h **** : sequence_(0),
  56:src/control_mailbox.h ****   snapshot_{config::FX_TUNER, 0, (uint8_t)SystemMode::Normal, 0, {0, 0, 0}}
 869              		.loc 11 56 75 is_stmt 0 view .LVU249
 870 0016 104B     		ldr	r3, .L54+12
 871              	.LBE228:
 872              	.LBE227:
 873              	.LBE226:
  43:src/main.cpp  **** #endif
 874              		.loc 6 43 15 view .LVU250
 875 0018 1048     		ldr	r0, .L54+16
 876              	.LBB231:
 877              	.LBB230:
 878              	.LBB229:
 879              		.loc 11 56 75 view .LVU251
 880 001a 5C60     		str	r4, [r3, #4]
 881 001c 43F8044B 		str	r4, [r3], #4
 882 0020 5C60     		str	r4, [r3, #4]
 883 0022 1C81     		strh	r4, [r3, #8]	@ movhi
 884              	.LVL73:
 885              		.loc 11 56 75 view .LVU252
 886              	.LBE229:
 887              	.LBE230:
 888              	.LBE231:
  43:src/main.cpp  **** #endif
 889              		.loc 6 43 15 view .LVU253
 890 0024 FFF7FEFF 		bl	_ZN3app8ControlsC1Ev
 891              	.LVL74:
  46:src/main.cpp  **** app::TunerAnalyzer tuner_analyzer;
 892              		.loc 6 46 20 view .LVU254
 893 0028 0D48     		ldr	r0, .L54+20
 894 002a FFF7FEFF 		bl	_ZN3app12TunerCaptureC1Ev
 895              	.LVL75:
  47:src/main.cpp  **** #endif
 896              		.loc 6 47 20 view .LVU255
 897 002e 0D48     		ldr	r0, .L54+24
 898 0030 FFF7FEFF 		bl	_ZN3app13TunerAnalyzerC1Ev
 899              	.LVL76:
  50:src/main.cpp  **** #endif
 900              		.loc 6 50 18 view .LVU256
 901 0034 0C48     		ldr	r0, .L54+28
ARM GAS  C:\Users\aydan\AppData\Local\Temp\ccAAF8Hc.s 			page 42


 902 0036 FFF7FEFF 		bl	_ZN3app11AudioEngineC1Ev
 903              	.LVL77:
  53:src/main.cpp  **** #endif
 904              		.loc 6 53 16 view .LVU257
 905 003a 0C48     		ldr	r0, .L54+32
 906 003c FFF7FEFF 		bl	_ZN3app9TelemetryC1Ev
 907              	.LVL78:
  56:src/main.cpp  **** #endif
 908              		.loc 6 56 21 view .LVU258
 909 0040 0B48     		ldr	r0, .L54+36
 910              	.LBE232:
 911              	.LBE234:
 912              		.loc 6 362 1 view .LVU259
 913 0042 BDE81040 		pop	{r4, lr}
 914              		.cfi_restore 14
 915              		.cfi_restore 4
 916              		.cfi_def_cfa_offset 0
 917              	.LBB235:
 918              	.LBB233:
  56:src/main.cpp  **** #endif
 919              		.loc 6 56 21 view .LVU260
 920 0046 FFF7FEBF 		b	_ZN3app14ThermalMonitorC1Ev
 921              	.LVL79:
 922              	.L55:
 923 004a 00BF     		.align	2
 924              	.L54:
 925 004c 00000000 		.word	.LANCHOR1
 926 0050 00000000 		.word	__dso_handle
 927 0054 00000000 		.word	_ZN5daisy9DaisySeedD1Ev
 928 0058 00000000 		.word	.LANCHOR2
 929 005c 00000000 		.word	.LANCHOR3
 930 0060 00000000 		.word	.LANCHOR0
 931 0064 00000000 		.word	.LANCHOR5
 932 0068 00000000 		.word	.LANCHOR7
 933 006c 00000000 		.word	.LANCHOR4
 934 0070 00000000 		.word	.LANCHOR6
 935              	.LBE233:
 936              	.LBE235:
 937              		.cfi_endproc
 938              	.LFE2609:
 940              		.section	.init_array,"aw",%init_array
 941              		.align	2
 942 0000 00000000 		.word	_GLOBAL__sub_I_main(target1)
 943              		.section	.bss._ZN12_GLOBAL__N_112audio_engineE,"aw",%nobits
 944              		.align	2
 945              		.set	.LANCHOR7,. + 0
 948              	_ZN12_GLOBAL__N_112audio_engineE:
 949 0000 00000000 		.space	140
 949      00000000 
 949      00000000 
 949      00000000 
 949      00000000 
 950              		.section	.bss._ZN12_GLOBAL__N_113tuner_captureE,"aw",%nobits
 951              		.align	2
 952              		.set	.LANCHOR0,. + 0
 955              	_ZN12_GLOBAL__N_113tuner_captureE:
 956 0000 00000000 		.space	8
ARM GAS  C:\Users\aydan\AppData\Local\Temp\ccAAF8Hc.s 			page 43


 956      00000000 
 957              		.section	.bss._ZN12_GLOBAL__N_114tuner_analyzerE,"aw",%nobits
 958              		.align	2
 959              		.set	.LANCHOR5,. + 0
 962              	_ZN12_GLOBAL__N_114tuner_analyzerE:
 963 0000 00000000 		.space	52
 963      00000000 
 963      00000000 
 963      00000000 
 963      00000000 
 964              		.section	.bss._ZN12_GLOBAL__N_115control_mailboxE,"aw",%nobits
 965              		.align	2
 966              		.set	.LANCHOR2,. + 0
 969              	_ZN12_GLOBAL__N_115control_mailboxE:
 970 0000 00000000 		.space	16
 970      00000000 
 970      00000000 
 970      00000000 
 971              		.section	.bss._ZN12_GLOBAL__N_115thermal_monitorE,"aw",%nobits
 972              		.align	2
 973              		.set	.LANCHOR6,. + 0
 976              	_ZN12_GLOBAL__N_115thermal_monitorE:
 977 0000 00000000 		.space	192
 977      00000000 
 977      00000000 
 977      00000000 
 977      00000000 
 978              		.section	.bss._ZN12_GLOBAL__N_119tuner_source_windowE,"aw",%nobits
 979              		.align	2
 982              	_ZN12_GLOBAL__N_119tuner_source_windowE:
 983 0000 00000000 		.space	16384
 983      00000000 
 983      00000000 
 983      00000000 
 983      00000000 
 984              		.section	.bss._ZN12_GLOBAL__N_12hwE,"aw",%nobits
 985              		.align	2
 986              		.set	.LANCHOR1,. + 0
 989              	_ZN12_GLOBAL__N_12hwE:
 990 0000 00000000 		.space	64
 990      00000000 
 990      00000000 
 990      00000000 
 990      00000000 
 991              		.section	.bss._ZN12_GLOBAL__N_18controlsE,"aw",%nobits
 992              		.align	2
 993              		.set	.LANCHOR3,. + 0
 996              	_ZN12_GLOBAL__N_18controlsE:
 997 0000 00000000 		.space	104
 997      00000000 
 997      00000000 
 997      00000000 
 997      00000000 
 998              		.section	.bss._ZN12_GLOBAL__N_19telemetryE,"aw",%nobits
 999              		.align	2
 1000              		.set	.LANCHOR4,. + 0
 1003              	_ZN12_GLOBAL__N_19telemetryE:
ARM GAS  C:\Users\aydan\AppData\Local\Temp\ccAAF8Hc.s 			page 44


 1004 0000 00000000 		.space	8
 1004      00000000 
 1005              		.text
 1006              	.Letext0:
 1007              		.file 12 "c:\\program files\\daisytoolchain\\arm-none-eabi\\include\\machine\\_default_types.h"
 1008              		.file 13 "c:\\program files\\daisytoolchain\\arm-none-eabi\\include\\sys\\_stdint.h"
 1009              		.file 14 "c:\\program files\\daisytoolchain\\arm-none-eabi\\include\\stdint.h"
 1010              		.file 15 "../../libDaisy/Drivers/CMSIS/Device/ST/STM32H7xx/Include/stm32h750xx.h"
 1011              		.file 16 "../../libDaisy/Drivers/CMSIS/Device/ST/STM32H7xx/Include/stm32h7xx.h"
 1012              		.file 17 "c:\\program files\\daisytoolchain\\lib\\gcc\\arm-none-eabi\\10.2.1\\include\\stddef.h"
 1013              		.file 18 "c:\\program files\\daisytoolchain\\arm-none-eabi\\include\\c++\\10.2.1\\cmath"
 1014              		.file 19 "c:\\program files\\daisytoolchain\\arm-none-eabi\\include\\c++\\10.2.1\\bits\\std_abs.h"
 1015              		.file 20 "c:\\program files\\daisytoolchain\\arm-none-eabi\\include\\c++\\10.2.1\\cstdlib"
 1016              		.file 21 "c:\\program files\\daisytoolchain\\arm-none-eabi\\include\\c++\\10.2.1\\cstdint"
 1017              		.file 22 "c:\\program files\\daisytoolchain\\arm-none-eabi\\include\\c++\\10.2.1\\type_traits"
 1018              		.file 23 "c:\\program files\\daisytoolchain\\arm-none-eabi\\include\\c++\\10.2.1\\debug\\debug.h"
 1019              		.file 24 "c:\\program files\\daisytoolchain\\arm-none-eabi\\include\\c++\\10.2.1\\arm-none-eabi\\t
 1020              		.file 25 "c:\\program files\\daisytoolchain\\arm-none-eabi\\include\\c++\\10.2.1\\bits\\algorithmf
 1021              		.file 26 "c:\\program files\\daisytoolchain\\arm-none-eabi\\include\\c++\\10.2.1\\bits\\exception_
 1022              		.file 27 "c:\\program files\\daisytoolchain\\arm-none-eabi\\include\\c++\\10.2.1\\bits\\stl_pair.h
 1023              		.file 28 "c:\\program files\\daisytoolchain\\arm-none-eabi\\include\\c++\\10.2.1\\cstdarg"
 1024              		.file 29 "c:\\program files\\daisytoolchain\\arm-none-eabi\\include\\c++\\10.2.1\\cstdio"
 1025              		.file 30 "c:\\program files\\daisytoolchain\\arm-none-eabi\\include\\c++\\10.2.1\\cstring"
 1026              		.file 31 "c:\\program files\\daisytoolchain\\arm-none-eabi\\include\\c++\\10.2.1\\bits\\predefined
 1027              		.file 32 "c:\\program files\\daisytoolchain\\arm-none-eabi\\include\\sys\\_types.h"
 1028              		.file 33 "c:\\program files\\daisytoolchain\\arm-none-eabi\\include\\sys\\reent.h"
 1029              		.file 34 "c:\\program files\\daisytoolchain\\arm-none-eabi\\include\\sys\\lock.h"
 1030              		.file 35 "c:\\program files\\daisytoolchain\\arm-none-eabi\\include\\math.h"
 1031              		.file 36 "c:\\program files\\daisytoolchain\\arm-none-eabi\\include\\stdlib.h"
 1032              		.file 37 "c:\\program files\\daisytoolchain\\arm-none-eabi\\include\\c++\\10.2.1\\math.h"
 1033              		.file 38 "../../libDaisy/Drivers/STM32H7xx_HAL_Driver/Inc/stm32h7xx_hal_def.h"
 1034              		.file 39 "../../libDaisy/Drivers/STM32H7xx_HAL_Driver/Inc/stm32h7xx_hal_dma.h"
 1035              		.file 40 "../../libDaisy/Drivers/STM32H7xx_HAL_Driver/Inc/stm32h7xx_hal_adc.h"
 1036              		.file 41 "c:\\program files\\daisytoolchain\\arm-none-eabi\\include\\c++\\10.2.1\\stdlib.h"
 1037              		.file 42 "../../libDaisy/src/daisy_core.h"
 1038              		.file 43 "../../libDaisy/src/per/tim.h"
 1039              		.file 44 "../../libDaisy/src/per/gpio.h"
 1040              		.file 45 "../../libDaisy/src/per/uart.h"
 1041              		.file 46 "../../libDaisy/src/util/wav_format.h"
 1042              		.file 47 "../../libDaisy/src/dev/max11300.h"
 1043              		.file 48 "../../libDaisy/src/dev/sdram.h"
 1044              		.file 49 "c:\\program files\\daisytoolchain\\lib\\gcc\\arm-none-eabi\\10.2.1\\include\\stdarg.h"
 1045              		.file 50 "c:\\program files\\daisytoolchain\\arm-none-eabi\\include\\stdio.h"
 1046              		.file 51 "c:\\program files\\daisytoolchain\\arm-none-eabi\\include\\string.h"
 1047              		.file 52 "src/app_config.h"
 1048              		.file 53 "src/controls.h"
 1049              		.file 54 "src/tuner.h"
 1050              		.file 55 "src/telemetry.h"
 1051              		.file 56 "src/audio_engine.h"
 1052              		.file 57 "gml/GuitarPedal/Effect-Modules/base_effect_module.h"
 1053              		.file 58 "../../libDaisy/src/dev/sr_595.h"
 1054              		.file 59 "<built-in>"
ARM GAS  C:\Users\aydan\AppData\Local\Temp\ccAAF8Hc.s 			page 45


DEFINED SYMBOLS
                            *ABS*:00000000 main.cpp
C:\Users\aydan\AppData\Local\Temp\ccAAF8Hc.s:17     .text._ZN5daisy9DaisySeedD2Ev:00000000 $t
C:\Users\aydan\AppData\Local\Temp\ccAAF8Hc.s:26     .text._ZN5daisy9DaisySeedD2Ev:00000000 _ZN5daisy9DaisySeedD2Ev
C:\Users\aydan\AppData\Local\Temp\ccAAF8Hc.s:26     .text._ZN5daisy9DaisySeedD2Ev:00000000 _ZN5daisy9DaisySeedD1Ev
C:\Users\aydan\AppData\Local\Temp\ccAAF8Hc.s:67     .text._ZN12_GLOBAL__N_113AudioCallbackEPKPKfPPfj:00000000 $t
C:\Users\aydan\AppData\Local\Temp\ccAAF8Hc.s:74     .text._ZN12_GLOBAL__N_113AudioCallbackEPKPKfPPfj:00000000 _ZN12_GLOBAL__N_113AudioCallbackEPKPKfPPfj
C:\Users\aydan\AppData\Local\Temp\ccAAF8Hc.s:140    .text._ZN12_GLOBAL__N_113AudioCallbackEPKPKfPPfj:00000034 $d
C:\Users\aydan\AppData\Local\Temp\ccAAF8Hc.s:145    .text.startup.main:00000000 $t
C:\Users\aydan\AppData\Local\Temp\ccAAF8Hc.s:153    .text.startup.main:00000000 main
C:\Users\aydan\AppData\Local\Temp\ccAAF8Hc.s:721    .text.startup.main:000001b8 $d
C:\Users\aydan\AppData\Local\Temp\ccAAF8Hc.s:982    .bss._ZN12_GLOBAL__N_119tuner_source_windowE:00000000 _ZN12_GLOBAL__N_119tuner_source_windowE
C:\Users\aydan\AppData\Local\Temp\ccAAF8Hc.s:739    .text.startup._GLOBAL__sub_I_main:00000000 $t
C:\Users\aydan\AppData\Local\Temp\ccAAF8Hc.s:746    .text.startup._GLOBAL__sub_I_main:00000000 _GLOBAL__sub_I_main
C:\Users\aydan\AppData\Local\Temp\ccAAF8Hc.s:925    .text.startup._GLOBAL__sub_I_main:0000004c $d
C:\Users\aydan\AppData\Local\Temp\ccAAF8Hc.s:941    .init_array:00000000 $d
C:\Users\aydan\AppData\Local\Temp\ccAAF8Hc.s:944    .bss._ZN12_GLOBAL__N_112audio_engineE:00000000 $d
C:\Users\aydan\AppData\Local\Temp\ccAAF8Hc.s:948    .bss._ZN12_GLOBAL__N_112audio_engineE:00000000 _ZN12_GLOBAL__N_112audio_engineE
C:\Users\aydan\AppData\Local\Temp\ccAAF8Hc.s:951    .bss._ZN12_GLOBAL__N_113tuner_captureE:00000000 $d
C:\Users\aydan\AppData\Local\Temp\ccAAF8Hc.s:955    .bss._ZN12_GLOBAL__N_113tuner_captureE:00000000 _ZN12_GLOBAL__N_113tuner_captureE
C:\Users\aydan\AppData\Local\Temp\ccAAF8Hc.s:958    .bss._ZN12_GLOBAL__N_114tuner_analyzerE:00000000 $d
C:\Users\aydan\AppData\Local\Temp\ccAAF8Hc.s:962    .bss._ZN12_GLOBAL__N_114tuner_analyzerE:00000000 _ZN12_GLOBAL__N_114tuner_analyzerE
C:\Users\aydan\AppData\Local\Temp\ccAAF8Hc.s:965    .bss._ZN12_GLOBAL__N_115control_mailboxE:00000000 $d
C:\Users\aydan\AppData\Local\Temp\ccAAF8Hc.s:969    .bss._ZN12_GLOBAL__N_115control_mailboxE:00000000 _ZN12_GLOBAL__N_115control_mailboxE
C:\Users\aydan\AppData\Local\Temp\ccAAF8Hc.s:972    .bss._ZN12_GLOBAL__N_115thermal_monitorE:00000000 $d
C:\Users\aydan\AppData\Local\Temp\ccAAF8Hc.s:976    .bss._ZN12_GLOBAL__N_115thermal_monitorE:00000000 _ZN12_GLOBAL__N_115thermal_monitorE
C:\Users\aydan\AppData\Local\Temp\ccAAF8Hc.s:979    .bss._ZN12_GLOBAL__N_119tuner_source_windowE:00000000 $d
C:\Users\aydan\AppData\Local\Temp\ccAAF8Hc.s:985    .bss._ZN12_GLOBAL__N_12hwE:00000000 $d
C:\Users\aydan\AppData\Local\Temp\ccAAF8Hc.s:989    .bss._ZN12_GLOBAL__N_12hwE:00000000 _ZN12_GLOBAL__N_12hwE
C:\Users\aydan\AppData\Local\Temp\ccAAF8Hc.s:992    .bss._ZN12_GLOBAL__N_18controlsE:00000000 $d
C:\Users\aydan\AppData\Local\Temp\ccAAF8Hc.s:996    .bss._ZN12_GLOBAL__N_18controlsE:00000000 _ZN12_GLOBAL__N_18controlsE
C:\Users\aydan\AppData\Local\Temp\ccAAF8Hc.s:999    .bss._ZN12_GLOBAL__N_19telemetryE:00000000 $d
C:\Users\aydan\AppData\Local\Temp\ccAAF8Hc.s:1003   .bss._ZN12_GLOBAL__N_19telemetryE:00000000 _ZN12_GLOBAL__N_19telemetryE
                           .group:00000000 _ZN5daisy9DaisySeedD5Ev

UNDEFINED SYMBOLS
_ZN3app12TunerCapture10WriteBlockEPKfj
_ZN5daisy9DaisySeed4InitEb
_ZN5daisy9DaisySeed18SetAudioSampleRateENS_9SaiHandle6Config10SampleRateE
_ZN5daisy9DaisySeed17SetAudioBlockSizeEj
_ZN3app8Controls4InitERN5daisy9DaisySeedERNS_14ControlMailboxE
_ZN3app9Telemetry4InitEv
_ZN3app12TunerCapture4InitEv
_ZN5daisy6System6GetNowEv
_ZN3app13TunerAnalyzer5ResetEm
_ZN3app14ThermalMonitor4InitEmb
_ZN5daisy9DaisySeed10StartAudioEPFvPKPKfPPfjE
_ZNK3app12TunerCapture18CopyAnalysisWindowEPfi
_ZN3app13TunerAnalyzer7AnalyzeEPKfifffm
_ZN3app9Telemetry9SendTunerERKNS_11TunerResultE
_ZN5daisy6System5DelayEm
_ZN3app14ThermalMonitor7ServiceEm
_ZN3app8Controls7ProcessERN5daisy9DaisySeedEm
_ZN5daisy9DaisySeed6SetLedEb
_ZN3app9Telemetry10SendEffectEi
_ZN3app9Telemetry8SendPotsEPKf
_ZN3app9Telemetry17SendTunerDisabledEv
ARM GAS  C:\Users\aydan\AppData\Local\Temp\ccAAF8Hc.s 			page 46


_ZN3app9Telemetry14SendFootswitchEbPKci
_ZN3app13ThermalPolicy21TakeFaultNotificationEv
_ZNK3app14ThermalMonitor10FaultLedOnEm
_ZN3app9Telemetry16SendThermalFaultEf
_ZN3app9Telemetry26SendTemperatureSensorFaultEi
__aeabi_atexit
_ZN3app8ControlsC1Ev
_ZN3app12TunerCaptureC1Ev
_ZN3app13TunerAnalyzerC1Ev
_ZN3app11AudioEngineC1Ev
_ZN3app9TelemetryC1Ev
_ZN3app14ThermalMonitorC1Ev
__dso_handle
