:020000040800F2
:1000000000000220110A00080D0A000881A500085E
:100010000D0A00080D0A00080D0A00080000000083
:100020000000000000000000000000000D0A0008B1
:100030000D0A0008000000000D0A000805A50008D0
:100040000D0A00080D0A00080D0A00080D0A000834
:100050000D0A00080D0A00080D0A00080D0A000824
:100060000D0A00080D0A00080D0A00083991000861
:1000700045910008B57E0008519100085D91000887
:10008000B99F0008658600080D0A00080D0A0008DF
:100090000D0A00080D0A00080D0A00080D0A0008E4
:1000A0000D0A00080D0A00080D0A00080D0A0008D4
:1000B000291E0108351E0108411E01089986000805
:1000C0000D0A0008A58600080D0A00089916010807
:1000D000A5160108ED9D0008199E00084D9E000818
:1000E0000D0A00080D0A0008000000000D0A0008B3
:1000F0000D0A00080D0A00080D0A00080D0A000884
:100100000D0A00080D0A00084D1E0108B11601086D
:10011000819E0008B59E00080D0A00080D0A00081F
:100120000D0A00080D0A0008D51601080917010874
:10013000ED9F00080D0A00080D0A00080D0A0008CE
:1001400000000000000000000000000000000000AF
:100150000D0A00080D0A00080D0A0008E99E0008B3
:10016000B18600080D0A000815A5000839A5000889
:100170000D0A00085DA500080D0A00080D0A000818
:100180000D0A00080D0A00081D9F0008519F000875
:10019000BD160108C91601080D0A00080D0A00085D
:1001A0000D0A00080D0A00080D0A00080D0A0008D3
:1001B000598E00080D0A00080D0A00080D0A0008F3
:1001C0000D0A00080D0A00080D0A00080D0A0008B3
:1001D0000D0A00080D0A00080D0A00080D0A0008A3
:1001E0000D0A00080D0A00080D0A00080D0A000893
:1001F0000D0A00080D0A00080D0A00080D0A000883
:100200000D0A00080D0A00080D0A00080D0A000872
:100210000D0A00080D0A00080D0A00080D0A000862
:100220000D0A00080D0A00080D0A00080000000071
:100230000D0A00080D0A0008000000000D0A000861
:100240000D0A00080D0A00080D0A00080D0A000832
:100250000D0A00080D0A00080D0A00080D0A000822
:100260000D0A00080D0A00080D0A00080D0A000812
:100270000D0A00080D0A0008859F00080000000014
:100280000D0A00080D0A00080D0A00080000000011
:08029000000000000D0A000847
:1002A00010B5054C237833B9044B13B10448AFF3B0
:1002B00000800123237010BDE8030024000000002B
:1002C000D43F010808B5034B1BB103490348AFF302
:1002D000008008BD00000000EC030024D43F0108AA
:1002E000034613F8012B002AFBD1181A0138704776
:1002F00001F0FF01102A2BDB10F0070F08D010F8D7
:10030000013B013A8B422DD010F0070F42B3F6D1DA
:10031000F0B441EA012141EA014122F007047FF0F3
:1003200000070023F0E80256083C85EA010586EA4A
:10033000010685FA47F5A3FA87F586FA47F6A5FA86
:1003400087F68EB9EED1F0BC01F0FF0102F0070292
:1003500032B110F8013B013A83EA010313B1F8D13D
:100360000020704701387047002D06BF354603381E
:10037000073815F0010F07D1013015F4807F02BF57
:10038000013015F4C03F0130F0BC0138704700BFA8
:1003900081F0004102E000BF83F0004330B54FEA36
:1003A00041044FEA430594EA050F08BF90EA020FA3
:1003B0001FBF54EA000C55EA020C7FEA645C7FEA36
:1003C000655C00F0E2804FEA5454D4EB5555B8BF59
:1003D0006D420CDD2C4480EA020281EA030382EACA
:1003E000000083EA010180EA020281EA0303362D5C
:1003F00088BF30BD11F0004F4FEA01314FF4801C2F
:100400004CEA113102D0404261EB410113F0004F40
:100410004FEA03334CEA133302D0524263EB4303F7
:1004200094EA050F00F0A780A4F10104D5F1200E95
:100430000DDB02FA0EFC22FA05F2801841F10001F0
:1004400003FA0EF2801843FA05F359410EE0A5F1C4
:1004500020050EF1200E012A03FA0EFC28BF4CF0F5
:10046000020C43FA05F3C01851EBE37101F00045AB
:1004700007D54FF0000EDCF1000C7EEB00006EEBB8
:100480000101B1F5801F1BD3B1F5001F0CD3490842
:100490005FEA30004FEA3C0C04F101044FEA445299
:1004A00012F5800F80F09A80BCF1004F08BF5FEA20
:1004B000500C50F1000041EB045141EA050130BD00
:1004C0005FEA4C0C404141EB0101013C28BFB1F512
:1004D000801FE9D291F0000F04BF01460020B1FA5D
:1004E00081F308BF2033A3F10B03B3F120020CDA30
:1004F0000C3208DD02F1140CC2F10C0201FA0CF00E
:1005000021FA02F10CE002F11402D8BFC2F1200C72
:1005100001FA02F120FA0CFCDCBF41EA0C01904028
:10052000E41AA2BF01EB0451294330BD6FEA040471
:100530001F3C1CDA0C340EDC04F11404C4F120025C
:1005400020FA04F001FA02F340EA030021FA04F36E
:1005500045EA030130BDC4F10C04C4F1200220FAC5
:1005600002F001FA04F340EA0300294630BD21FA03
:1005700004F0294630BD94F0000F83F4801306BFC9
:1005800081F480110134013D4EE77FEA645C18BFBD
:100590007FEA655C29D094EA050F08BF90EA020F54
:1005A00005D054EA000C04BF1946104630BD91EA4C
:1005B000030F1EBF0021002030BD5FEA545C05D14F
:1005C0004000494128BF41F0004130BD14F580048E
:1005D0003CBF01F5801130BD01F0004545F0FE4102
:1005E00041F470014FF0000030BD7FEA645C1ABF37
:1005F000194610467FEA655C1CBF0B46024650EA6E
:10060000013406BF52EA033591EA030F41F4002199
:1006100030BD00BF90F0000F04BF0021704730B51F
:100620004FF4806404F132044FF000054FF00001F4
:1006300050E700BF90F0000F04BF0021704730B5B5
:100640004FF4806404F1320410F0004548BF40428A
:100650004FF000013EE700BF42004FEAE2014FEADF
:1006600031014FEA02701FBF12F07F4393F07F4FBA
:1006700081F06051704732F07F4208BF704793F0BD
:100680007F4F04BF41F40021704730B54FF46074D0
:1006900001F0004521F000411CE700BF50EA0102D3
:1006A00008BF704730B54FF000050AE050EA01027C
:1006B00008BF704730B511F0004502D5404261EBEC
:1006C00041014FF4806404F132045FEA915C3FF42D
:1006D000D8AE4FF003025FEADC0C18BF03325FEACA
:1006E000DC0C18BF033202EBDC02C2F1200300FA7B
:1006F00003FC20FA02F001FA03FE40EA0E0021FAA0
:1007000002F11444BDE600BF53B94AB9002908BF3D
:1007100000281CBF4FF0FF314FF0FF3000F074B9DC
:10072000ADF1080C6DE904CE00F006F8DDF804E048
:10073000DDE9022304B070472DE9F047089D044627
:100740008E46002B4DD18A42944669D9B2FA82F284
:1007500052B101FA02F3C2F1200120FA01F10CFAC0
:1007600002FC41EA030E94404FEA1C48210CBEFBF8
:10077000F8F61FFA8CF708FB16E341EA034306FB81
:1007800007F199420AD91CEB030306F1FF3080F010
:100790001F81994240F21C81023E63445B1AA4B25D
:1007A000B3FBF8F008FB103344EA034400FB07F7FF
:1007B000A7420AD91CEB040400F1FF3380F00A8140
:1007C000A74240F207816444023840EA0640E41B35
:1007D00000261DB1D4400023C5E900433146BDE8E1
:1007E000F0878B4209D9002D00F0EF800026C5E983
:1007F000000130463146BDE8F087B3FA83F6002E9B
:100800004AD18B4202D3824200F2F980841A61EB12
:10081000030301209E46002DE0D0C5E9004EDDE730
:1008200002B9FFDEB2FA82F2002A40F09280A1EB18
:100830000C014FEA1C471FFA8CFE0126200CB1FB6D
:10084000F7F307FB131140EA01410EFB03F0884266
:1008500008D91CEB010103F1FF3802D2884200F2F3
:10086000CB804346091AA4B2B1FBF7F007FB101185
:1008700044EA01440EFB00FEA64508D91CEB040423
:1008800000F1FF3102D2A64500F2BB800846A4EB7E
:100890000E0440EA03409CE7C6F12007B34022FA69
:1008A00007FC4CEA030C20FA07F401FA06F31C4398
:1008B000F9404FEA1C4900FA06F3B1FBF9F8200CA5
:1008C0001FFA8CFE09FB181140EA014108FB0EF0EB
:1008D000884202FA06F20BD91CEB010108F1FF3A3B
:1008E00080F08880884240F28580A8F10208614447
:1008F000091AA4B2B1FBF9F009FB101144EA014155
:1009000000FB0EFE8E4508D91CEB010100F1FF34FF
:100910006CD28E456AD90238614440EA0840A0FB97
:100920000294A1EB0E01A142C846A64656D353D06D
:100930005DB1B3EB080261EB0E0101FA07F722FA91
:1009400006F3F1401F43C5E9007100263146BDE8BA
:10095000F087C2F12003D8400CFA02FC21FA03F31D
:10096000914001434FEA1C471FFA8CFEB3FBF7F09E
:1009700007FB10360B0C43EA064300FB0EF69E42C3
:1009800004FA02F408D91CEB030300F1FF382FD25C
:100990009E422DD9023863449B1B89B2B3FBF7F604
:1009A00007FB163341EA034106FB0EF38B4208D9DD
:1009B0001CEB010106F1FF3816D28B4214D9023E1E
:1009C0006144C91A46EA004638E72E46284605E73C
:1009D0000646E3E61846F8E64B45A9D2B9EB02080D
:1009E00064EB0C0E0138A3E74646EAE7204694E79D
:1009F0004046D1E7D0467BE7023B614432E73046D0
:100A000009E76444023842E7704700BFFEE700BFD1
:100A10000B480C4A904203D0121A0B4912F0E6FB25
:100A20000A480B4A904203D0121A002112F0ECFB44
:100A300009F0FEFF12F0B6FB00F02AF8FEE700BF57
:100A400000000024E403002404400108E80300241B
:100A500088230124704700BFF8B5154606460F46A7
:100A600001680A4800F0E2FE7DB133683C687068B6
:100A700003EB850C796853F8042B44F8042B634589
:100A800050F8042B41F8042BF5D1F8BD9004002454
:100A90002DE9F04F002195B06B4805F0D3FD0321FF
:100AA000694805F0D7FC3021674805F0EFFC674A3C
:100AB0006748684E684D694CDFF8B091684B6249F1
:100AC0004FF0000B00F0FCF9304601F04DF92846DC
:100AD00000F09CFEDA4609F0C3FD01462046D846E8
:100AE00000F008FF5F4609F0BBFD5A460146484644
:100AF00001F0AAFD5B495448FF2605F0A7FC2BE056
:100B0000002E61D02146554800F0F4FE4FF0000A57
:100B100023464F2B1BD94FF4805253494E4800F0C7
:100B20009FFE002800F0818003A84C499DED0C1A1F
:100B30004FF48053DDED0B0AA2469DED0A0A4A4AA6
:100B4000009400F0CBFF03A9424801F023FA0120F2
:100B500037462E4609F086FD09F082FD04464348DB
:100B6000214601F041FD99F87C30023B012B3ED932
:100B700037490AA82346344A00F00AFB10999DF829
:100B80003A50A1F101013048B1FA81F1490905F06B
:100B900099FCAE4203D029462E4801F001F99DF898
:100BA0004430E3B99DF8383023B9A4EB0803B3F51A
:100BB000FA7F04D30AA92748A04601F00BF9B5FA39
:100BC00085F67609002F9BD065B307B321462348ED
:100BD00000F090FE1F48A34601F042FAB7E7DDE9B6
:100BE00012239DF845101B4801F0B6F9DAE72048BA
:100BF00001F0C2FC01281AD002281ED021461B4851
:100C000001F06EFD0146104805F05CFCB0E74DB107
:100C1000A4EB0B03B3F57A7F99D30E48A34601F0FA
:100C20001FFA94E7A4EB0A0373E7A2468FE799ED56
:100C3000290A084801F02EFAE0E7D9F8AC10054877
:100C400001F058FADAE700BF9C450024CC040024E8
:100C5000DC45002444460024900400249804002429
:100C600004040024590A00089C050024DC04002424
:100C70005805002410B512480024124A1249046095
:100C800044610462C46312F0B1F9104B10485C6017
:100C900043F8044B5C601C8100F0AEF80D4800F096
:100CA000A1FD0D4800F010FE0C4800F09DFB0C4823
:100CB00001F056F80B48BDE8104001F065BC00BFDC
:100CC0009C45002400000024550A0008CC040024A0
:100CD000DC4500249004002498040024040400242B
:100CE00044460024DC040024F0B50D8807464E88F5
:100CF000013A00F10E044FF0000CAE422CBF00236D
:100D0000012303732B460AE09E4510D27344944599
:100D10004FEA530324F8023B0BDA31F8023FAE42AC
:100D20000CF1010CB1F802E0EED39E45EED80020A4
:100D3000F0BD012318467B73F0BD00BF70B50646B9
:100D4000407B30B3F0697568002801DDA84221DDE1
:100D5000002D4DDD33684FF0010C00204FF6FF747D
:100D6000A3F1020E3EF8023F9942A3EB0102A1EB70
:100D7000030392B288BF9AB26346A24201D2604690
:100D80001446AB420CF1010CECDB7389A34238BF73
:100D9000002070BD6FF000423368B6F80AE00244EC
:100DA000348933F8122074448A42A4B234BF8A1AB8
:100DB000521A92B29442ECD29E1E012400204FF6A9
:100DC000FF7C36F8023F9942A3EB0102A1EB03033B
:100DD00092B288BF9AB22346624501D22046944619
:100DE0009D4204F10104ECDCE64538BF002070BDF3
:100DF00000204FF6FF74C8E710B4184C03464FF6B6
:100E00000B7C002220680021A3F804C040F2011CE2
:100E1000C3F86200A088A3F84C20A3F86600184627
:100E20001A601A61A3F818C0A3F844209A6483F8E2
:100E30004E20196559659965DA65A3F86020C3E904
:100E40000B22C3E902225DF8044BC3E90722C3E980
:100E50000922C3E90D22C3E90F227047943A010821
:100E600090F844305BB303684BB3B0F860C0F0B5A2
:100E7000B0F85C40B0F85EE090F84C7090F84D60CF
:100E800090F84E50A0F86240A0F864E0A0F866C068
:100E900000201A68BFF35B8F911C42F0010221F021
:100EA00001011A601F715E719D71D8711C81A3F8D8
:100EB0000AE0A3F80CC0BFF35B8F1960F0BD704768
:100EC0002DE9F04F002402260546804689464FF062
:100ED000010A08F1200B08272DED028B9FB045F881
:100EE000042B32468DF814600CA88DF81540059936
:100EF00006F04CFD03238DF8184032468DF819306A
:100F00000DF14200069906F041FD8DF81CA08DF808
:100F10001DA03246079915A806F038FD07238DF865
:100F2000204032468DF821300DF16600089909F114
:100F3000180606F02BFD04230CA930461A4606F0CD
:100F400039FD304606F044FF0521484605F07AFA9F
:100F50008A4A5346284611682246009407F056F8FC
:100F6000DFED877A87490622874B5846C8F840400C
:100F7000B0EE678A88F82D40F0EE678AC8F8201036
:100F8000C8E90E44C8E90923FFF7AEFE8246CDED5D
:100F9000097ACDED0A7ACDED0B7A0AAD0024E1B2E3
:100FA000304606F02BFFB5EEC00AF7EE007AF1EE00
:100FB00010FA0FD4B4EE670A0134F1EE10FA37FEDE
:100FC000800A30EE080A032C05ED010A0BD0B5ECBF
:100FD000018AE4E79FED6A0A013430EE080A032C27
:100FE00005ED010AF3D12146304606F007FFB5EEC4
:100FF000C00AF1EE10FA12D4F7EE007AB4EE670AE6
:10100000F1EE10FA37FE800A0121484678EE808A18
:1010100005F018FA013F05D09DED098ABDE79FED67
:10102000580AF1E708F15C0109A808F150030C46E1
:10103000B4EE007AF0EC017AF7EE006A002267EE77
:10104000877AF5EEC07AE3EC017AF1EE10FA11D46A
:10105000F4EEE67A9FED4D6AB6EE007A4FF6FF7237
:10106000F1EE10FA06DCA7EE867ABCEEC77A17EE30
:10107000102A92B29C4221F8022BD9D1BAF1000F6A
:1010800031D0F4EE007A68EEA78AF5EEC08AF1EE70
:1010900010FA33D50021039109F0E2FA03990646CC
:1010A0005846FFF74BFED8F838400546A0423BD0E3
:1010B0000446C8F83800C8F840605846FFF73EFEBE
:1010C000A042D8F83C5006F1140640D02C46C8F88F
:1010D0003800C8F84060002C08BF2C46631E042B63
:1010E00098BF88F84C300123404688F84430FFF719
:1010F000B7FE1FB0BDEC028BBDE8F08FF7EE007AB3
:10110000F4EEE78AF1EE10FA02DD4FF6FF71C2E766
:10111000F6EE007A9FED1D7AE8EE877AFCEEE77A2C
:1011200017EE903A99B2B6E7D8F83C0085420246ED
:101130001CD0D8F84030F31A132B1AD95846C8F8E7
:101140003C50FFF7FBFDA04206F11406BED1AC42B5
:1011500009D0D8F84010721A132A94BFD8F83C402E
:10116000C8F83C40B7E72246D8F83C00044615468C
:10117000B1E72C4614360546E9E700BF3C3B0108C1
:1011800000000000403B01088403F00A00FF7F4795
:101190002DE9F04F00250C4602F1180B28222946B4
:1011A000074604F15C0604F15008BA46A9462DED45
:1011B000028B83B0019312F027F8B4F84C207A82A6
:1011C000E26BBA61E9B2584606F018FEB5EEC00A05
:1011D000F1EE10FA5FD4F7EE007AB4EE670AF1EEA2
:1011E00010FA37FE800AD8ED007A9FED7A7A30EE59
:1011F000670AE0EE077AF5EEC07AE8EC017AF1EEE4
:1012000010FA42D4B7EE007AF4EEC77AF1EE10FA93
:1012100044DCB6EE007ADFED706AA7EEA67AFCEE4B
:10122000C77A17EE903A9AB207EE902AB8EE677A2C
:10123000C7EE267AF1883280914234BF521A8A1A58
:1012400092B2802A05F1010506F10206EAEC017A64
:1012500028BF4FF00109032DB4D1B6EE008A29460C
:10126000584687ED038A06F0C9FDB5EEC00AF1EED7
:1012700010FA18D4F7EE007AB4EEE70AF1EE10FA9D
:1012800040F396804FF6FF710EE00022DFED537AB7
:101290003280F288D5E79FED510AA4E7F0EE477A55
:1012A0004FF6FF72C6E7002104F12000B982FFF774
:1012B00045FDA36B984262D0019BA063E06B236461
:1012C000B8610138042813D9201D4D4606F084FF6B
:1012D000637E834220D0019B6076E36187F81090A3
:1012E000002D43D1384603B0BDEC028BBDE8F08F32
:1012F000C0B294F84C308342E6D00023012584F834
:101300004C00B874201D84F84D30FB747D7406F0D9
:1013100063FF637E8342DED1227E9A42DED0E269A1
:101320000199A1EB020ABAF10E0FD7D92376002B4F
:1013300030D194F84530002BD0D1012394F84C20C3
:1013400084F84530A36C0133A3647B62002A3BD050
:1013500094F84D3040F2011287F8109083F00103A9
:10136000BA831F4A84F84D30FB743A622046FFF777
:1013700077FD384603B0BDEC028BBDE8F08FE26B21
:1013800090429DD0236C0199CB1A132B94BF104629
:10139000E06395E794F84530002B9FD0002384F854
:1013A0004530A36C7B6201233B770E4B3B6295E794
:1013B000F0EE487A9FED087AE0EE077AFCEEE77AE5
:1013C00017EE903A99B26FE740F20113BB83044BDA
:1013D0003B6283E70AD7A33D00FF7F470000000080
:1013E000283B0108303B0108204BB7EE007A9FED07
:1013F000206A9C46DFED1F6ADFED1F7AF0B50025FD
:10140000864600F11C0403F13C068561C0E90055E5
:10141000C0E90255C0E90455BCE80F000FC4BCE8A0
:101420000F000FC4BCE80F000FC49CE8070084E85D
:10143000070003CECEE916553388CEF86200704619
:10144000AEF860508EED1E6ACEED1F6A8EF87450B5
:101450008EF880508EED217ACEED227ACEF866108D
:10146000AEF86A30CEE91B55F0BD00BF9C3A0108CA
:10147000000000008888883B8888083B002ADFED50
:10148000C07A2DE9F84307461C462DED028BB0EEDD
:10149000408A08DD0B4601EB8205B3EC017AAB42D2
:1014A00077EE877AF9D107EE102AB64D501EDFEDA0
:1014B000B45AB8EEC77A6FF00308DFF824E305F5F5
:1014C00080592E4687EE876A4246AF4B08F10408E2
:1014D000DFEDAE6A9FEDAA7A01E0F3EC016A002A23
:1014E0008C4605DB82429446A8BF844601EB8C0CF7
:1014F000DCED007A734502F1010277EEC67AA7EEC1
:10150000A67AEAD1A6EC017A4E45E7EE075ADBD17E
:10151000DFED9F7A25EEA70AB5EE400AF1EE10FA4C
:1015200000F12981F1EEC07A9FED9A7AD7ED086A31
:10153000F4EEC77AF1EE10FA07DD9FED977AF4EE3C
:10154000C76AF1EE10FA00F3CF809FED947ADFEDD9
:10155000945A27EE877A9FED936AF4EEC67AA6EE48
:10156000A57AF1EE10FA87ED087A00F1AE8000213D
:1015700040F2F4628C48012611F046FE8B484FEA97
:10158000450C8B4907460CF5805CACEB01022B4601
:101590009FED7B7AF3EC017AF2EC016A8B4277EEF5
:1015A000E67AA7EEA77AF5D1013640F2BD12191FEF
:1015B000A7EC017A9642E8D17E4D4FF07E53DFEDE5
:1015C000707A2A467C4942F8043B0123F0EC016A18
:1015D000B7EE007A9FED796A77EEA67AF4EEC67AD6
:1015E000F1EE10FA07DD07EE103AB8EEC77A67EEB3
:1015F000266A86EEA77A814203F10103A2EC017A02
:10160000E4D1B5EEC08AF1EE10FA63D59FED6C7AA5
:101610006C4A0C2302E001338B4256D0F2EC017A83
:1016200040F2BD11F4EEC77AF1EE10FAF3D505EBF6
:10163000830209E0D2ED017AB2EC017AF4EEC77AC6
:10164000F1EE10FA66D50B46B3F5DE7F03F101012A
:10165000F0DBDFED4B7A07EE103AF7EE006AB8EEFA
:10166000C77A77EE277AF4EEE67AF1EE10FA2CD903
:10167000DFED555AB3EE0B6A85EEA77AB4EEC67A63
:10168000F1EE10FA21D4DFED517AB4EEE77AF1EE03
:1016900010FA1ADC05EB830384ED007AD3ED007AAF
:1016A00076EEE77AF5EEC07AF1EE10FA5DD4F4EE5C
:1016B000667AF1EE10FA76FEA77A0A9B0120BDEC5D
:1016C000028BC3ED007ABDE8F883BDEC028B0020ED
:1016D000BDE8F883F7EE007AB4EEE78AF1EE10FA8F
:1016E00011DD9FED3B7A93E787EEA67A9FED396A8D
:1016F000B4EEC67AF1EE10FA7FF727AFFB6A0B9AC9
:1017000013447B6221E7DFED347A9FED2D7AA8EE5A
:10171000677A7DE705EB8302B0EE005ADFED2F5AC2
:1017200052ED016AB0EE666A97EE056A36EE676AB8
:10173000B0EEC67AB4EEE57AF1EE10FA89D476EE20
:10174000E77AF6EE006AFEEE005A27EEA67AC7EEBA
:10175000067AF4EEE57AF1EE10FA09D4F4EE667A40
:10176000F1EE10FA76FEA77A75E7DFED057AA4E7C9
:10177000F0EE657A6FE711F0D5FCF0EE407AD3E633
:10178000000000004C560024BC3B0108F1F0F03C86
:101790000000803AA69B443CBD3786359A99193E95
:1017A0009A99593F0AD7233C4CE6002450E600247E
:1017B000486600244C46002440ED00245F708930C8
:1017C000AE47613E7C46002400803B4600007A44E0
:1017D000CDCCCC3D3333D33F8FC2F53DCCBC8C2B2D
:1017E000DC3B010800220549054B10B4C0E900228A
:1017F000044C054A5DF8044B704700BF4C6600245A
:101800004CE600244C5600244C46002410B54FF4FE
:10181000004204460021044811F0F6FC0023236036
:10182000BFF35B8F636010BD4C660024036830B467
:1018300092B19C18094DC3F30C02013351F804CB4B
:1018400005EB8202A342C2F800C0F4D10460BFF3EA
:101850005B8F446030BC70471C46F7E74C66002441
:10186000531EB3F5805F03D2B1FA81F35B0909B966
:101870000020704770B502F580754668BFF35B8F36
:10188000B5421CD8A6F580768C460E4D1946B41A82
:101890000B19013141F6FF7EC3F30C038A4205EBBD
:1018A00083031B684CF8043BF2DC4368901BBFF3D6
:1018B0005B8F184470458CBF0020012070BD002054
:1018C00070BD00BF4C6600240022002110B47824B3
:1018D0008161C161C46201625DF8044B80F830200F
:1018E000C0E90022C0E90222C0E90422C0E90922BD
:1018F000704700BF0023002278310360436083609B
:10190000C360036142618361C361036280F8302078
:1019100010B47824C0E90912C4625DF8044B704722
:10192000B5EEC00AF0B5F1EE10FA15462DED028BBA
:1019300083B044D9DFED267A04460E469FED258A12
:1019400080EE270A244F11F085FB2046234B3146B9
:10195000234EF2EE087AA0EE278AF8FE487AFDEED2
:10196000E77A17EE904A83FB04234FEAE47C1D4A92
:10197000CCEB630C0CEB4C030CF1FF3CA4EB8303AE
:10198000CDF800C00C33A6FB036C4FEADC0C0CEB6B
:101990004C0CA3EB8C0357F8233011F0F3FC07EE4B
:1019A000904A9FED117AF8EEE77A38EE678A28EED2
:1019B000078A85ED008A03B0BDEC028BF0BD0027DD
:1019C0000A4A11F0DFFC2F6003B0BDEC028BF0BDC2
:1019D0000000DC4300008A42883B0108ABAAAA2A27
:1019E000ABAAAAAA503B01080000C8424C3B010820
:1019F000D0ED006AD0ED017A90ED020AF4EEE76ACC
:101A000090ED037A90ED046AF1EE10FA05DDF0EE48
:101A1000665AF0EE676AF0EE657AB4EEC67AF1EED9
:101A200010FA33DCB4EEC60AF1EE10FA05DDF0EE82
:101A3000405AB0EE460AB0EE656AB4EEC70AF1EE5F
:101A400010FA30DCF4EEC76AF1EE10FA05DDF0EEC4
:101A5000665AF0EE476AB0EE657AF4EE406AF1EE4F
:101A600010FA36FE800AF4EE467AF1EE10FA76FEAF
:101A7000277AF4EE477AF1EE10FA77FE277AF4EE41
:101A8000407AF1EE10FA37FE800A7047B4EEC70ACA
:101A9000F1EE10FA0FDDF0EE405AB0EE470AB0EE6C
:101AA000467AB0EE656AF4EEC06AF1EE10FA0EDD29
:101AB000B0EE667AD7E7F0EE475AB0EE467AB0EE6F
:101AC000656AB4EEC70AF1EE10FABBDDEBE7F0EEA3
:101AD000475AB0EE407AB0EE650ABEE7F0B50D4663
:101AE0001146954A04460020166895F830202DEDE1
:101AF000028B206185B02682360CB0EE608A0C9F86
:101B0000A674C4E90000C4E90200C4E905002AB1D2
:101B1000AA6ABA1AB2F5966F00F2AE80B5EEC01A94
:101B200000220292F1EE10FA03921AD4F7EE007A34
:101B3000B4EEE71AF1EE10FA40F38580C822EA62AB
:101B400099B96B6A00229F42A26180F0888095F863
:101B50003030002B40F0A180204605B0BDEC028B58
:101B6000F0BD3C22EA620029EBD0B3F5805FE8DBF0
:101B70001A4603AB28460197009302ABFFF77EFCA1
:101B80006B6A9DED020ABB4284ED060ADFD800288D
:101B900065D095F83020002A40F094809DED035ADE
:101BA0006B682B60AB686B60EB68AB602B6985ED95
:101BB000040AEB606B69042B00F3B7800133052B3B
:101BC0006B6100F0B280B5EEC08AF1EE10FA00F160
:101BD000A980F7EE007AB4EEE78AF1EE10FA00F38E
:101BE000A8809FED567ADFED567AE8EE077A3AB193
:101BF00095ED067A70EE476AA6EEA77AB0EE470A30
:101C0000DFED507A85ED060AB4EEE75AF1EE10FAF0
:101C1000CCBF0123002305DD012285ED070AAF6259
:101C200085F8302004F1100004F10C020821237023
:101C300084ED010A84ED025AFFF772FE204605B0DA
:101C4000BDEC028BF0BDF6EE007A9FED3F7AE1EE3F
:101C5000077AFCEEE77A17EE902A3C3282E7002200
:101C600095F830302270002B4CD100232046A36021
:101C700005B0BDEC028BF0BD00226861A8622A604D
:101C80006A60AA60EA602A61AA61EA612A6207F1D1
:101C9000780285F830006A6240E7002095ED070A77
:101CA0004FF07A5304F10C022070082104F1100067
:101CB00084ED010AA360FFF733FE204605B0BDECBA
:101CC000028BF0BDD5ED077ADFED206A80EE277A32
:101CD000B4EEE67AF1EE10FA07DCDFED1D6AB4EE41
:101CE000E67AF1EE10FA7FF559AF9DED035A9FEDBC
:101CF000197AB4EEC75AF1EE10FA7FF551AF00230E
:101D0000237001E0D5ED077A134BB0EE670A04F1BA
:101D10000C02082104F11000A360C4ED017AFFF762
:101D2000FFFD19E7DFED067A61E72846FFF760FE61
:101D300049E7DFED0A7A5AE74C3B010814AEC7BE0B
:101D40006666E63ECDCCCC3E00000C439A99F93F46
:101D5000B81E053F6666663FCDCC4C3E90C2753DD1
:101D60000022C0E90022704710B50C4A88B0012358
:101D70000021B2F800C04FF4E134039306930491BC
:101D8000029101A9059393880794ADF804C0ADF8BA
:101D9000063008F0E1F908B010BD00BFE43A0108D0
:101DA00010B588B00B460A4A20210446684611F057
:101DB000E9FA6846FEF794FA0A2302466946204685
:101DC00008F034FA10B163680133636008B010BDE5
:101DD000DC3B010891ED007AB5EEC07A30B5F1EE4A
:101DE00010FA9DB0044640D4F7EE007AB4EEE77ADC
:101DF000F1EE10FA40F3998091ED017A42F21073FE
:101E0000B5EEC07AF1EE10FA37D5002091ED027AE6
:101E1000B5EEC07AF1EE10FA3FD4F7EE007AB4EEE8
:101E2000E77AF1EE10FA5CDD91ED037A42F210757B
:101E3000B5EEC07AF1EE10FA37D500226021029299
:101E4000434ACDE9000504A811F09CFA04A8FEF766
:101E500047FA0A23024604A9204608F0E7F910B120
:101E60006368013363601DB030BD002391ED017ADA
:101E7000B5EEC07AF1EE10FAC7D4F7EE007AB4EE00
:101E8000E77AF1EE10FA3EDD91ED027A42F210703F
:101E9000B5EEC07AF1EE10FABFD5002591ED037AC8
:101EA000B5EEC07AF1EE10FAC7D4F7EE007AB4EED0
:101EB000E77AF1EE10FA02DD42F21072BEE7F6EEBA
:101EC000007ADFED246A42F21071E7EE267AFDEE29
:101ED000E77A17EE902A8A42A8BF0A4622EAE272FF
:101EE000ACE7F6EE007ADFED1B6A42F21072E7EE25
:101EF000267AFDEEE77A17EE905A9542A8BF15466E
:101F000025EAE575CAE7F6EE007ADFED126A42F2DD
:101F10001072E7EE267AFDEEE77A17EE900A90420D
:101F2000A8BF104620EAE07070E7F6EE007ADFED19
:101F3000096A42F21072E7EE267AFDEEE77A17EEB2
:101F4000903A9342A8BF134623EAE3738EE700BF9B
:101F5000E43B010800401C4610B514469AB01A46EE
:101F60000B46009460210446019202A8084A11F031
:101F700009FA02A8FEF7B4F90A23024602A920468C
:101F800008F054F910B16368013363601AB010BDF2
:101F9000F43B010891ED017AB5EEC07A10B5F1EE8F
:101FA00010FAA4B0044653D4F6EE007ADFED296AA5
:101FB000E7EE267AFDEEE77A17EE900A9FED266AA5
:101FC000F6EE006A91ED037AFEEE007A27EE067ACD
:101FD00091ED026AB5EEC07AF1EE10FAB5EEC06A84
:101FE00066FEA77A77EE877AF1EE10FAFDEEE77AD1
:101FF00009D4B7EE007AB4EEC76AF1EE10FA1EDD2E
:102000004FF47A7300E00023CDED027A009004A82B
:10201000039311F8103B114A0191802111F0B2F99C
:1020200004A8FEF75DF90A23024604A9204608F039
:10203000FDF810B163680133636024B010BD9FEDFB
:10204000057AE6EE076ABDEEE67A17EE103ADBE7B0
:102050000020B3E700007A440000C842003C0108B9
:102060000B4A002300B5126889B04FEA124C01A94F
:10207000059301930493ADF814208DF816C0CDE9B3
:102080000233CDE90633FFF785FF09B05DF804FBA5
:102090004C3B0108DFED156ABEEE007AF6EE007AE1
:1020A000134A20EE260A302110B5B5EEC00A8CB0D6
:1020B00004466846F1EE10FA67FE877A77EE807A7A
:1020C000FDEEE77A17EE903A11F05CF96846FEF7FC
:1020D00007F90A2302466946204608F0A7F810B11E
:1020E0006368013363600CB010BD00BF0000C842DC
:1020F000143C010810B58CB00B460A4A3021044646
:10210000684611F03FF96846FEF7EAF80A230246EE
:102110006946204608F08AF810B1636801336360AD
:102120000CB010BD243C0108394A4FF6FF71138CE6
:10213000F0B5A0F8703089B0B2F8404005468C4246
:1021400018BFA342A0F8724003F1FF33B2F8602039
:102150002CBF012400244FF6FD719BB2A0F874201F
:10216000013A8B4288BF44F0010492B28A4288BF90
:1021700044F001042CB1032300248366204609B0F7
:10218000F0BD244B214604270126D3F8E02042F07D
:102190008072C3F8E0206422D3F8E03003F080734B
:1021A0000093009B11F030F84FF480231A4A284620
:1021B0002F61AE61C5E900234FF480532B6301F01A
:1021C000FDF810B10223AB66D8E740F2FF724FF082
:1021D0000111284601F0FEF90028F3D10F4B062229
:1021E00001A92846019307230597CDE9022340F270
:1021F000FF73CDE90644049300F0EEFB0028E1D123
:10220000304608F02FFAAC6685F864603446B5E7CE
:1022100000E8F11F0044025800600258000084CB1F
:10222000F0B5002389B01746062201910446CDE996
:1022300006330723CDE90223042340F2FF720DEB9E
:102240000301CDE9042300F0C7FB00BB08260546C7
:10225000204600F08FFE034602212046A3B900F07D
:10226000E3FA034620467BB900F066FB03462046AE
:102270001D4400F0BDFF50B9013EE9D104350120F5
:10228000ED083D8009B0F0BD204600F0B1FF002010
:1022900009B0F0BD0000000010B54FF6FE7C00F163
:1022A000FF3EE6452DED028B68D801F1FF3EE64585
:1022B00064D802F1FF3EE64560D803F1FF3EE645F3
:1022C0005CD8049CA34238BFB4F5803F56D2069C2C
:1022D000A446059CA44551DD049CB4EB030C6EEBB5
:1022E0000E0EBCF1010F7EF1000447DB07EE902AD1
:1022F00005EE903A9FED241BB8EEE74B07EE901ADF
:10230000B8EEE55B7146B8EEE76B07EE900A24EE97
:10231000014B6046B8EEE77BDDE9052384EE062B32
:102320009B1A03EE103AB8EEC33B22EE077B87EE12
:10233000018B38EE458B28EE038BFEF7B7F9DDED08
:10234000057A079BB8EEE77BFBEE045A41EC160BCF
:1023500088EE066B36EE077BB7EEC77BB4EEE57A08
:1023600083ED007AF1EE10FA08DBDFED097AB4EEC6
:10237000E77AF1EE10FA01D8012000E00020BDEC70
:10238000028B10BDAFF300800000000000C8A94020
:1023900000000243002391F8642030B5C0E9003307
:1023A000836085B08B6E0446C36012B9204605B0C9
:1023B00030BD0D4600F1080215492846FFF730FFF1
:1023C00048B195F8643033B104F10A021149284646
:1023D000FFF726FF20B904232046E36005B030BD97
:1023E000A96F231DB5F8722002911E21039300925C
:1023F000B5F87030B5F87420019161892089FFF734
:102400004BFF0028207014BF00230523E360CDE7B5
:10241000000084CB0000B8CF03789A1E012A78D937
:10242000CA6810B40C89026384850C78002C5AD0D9
:10243000BBEE047AD1ED017AF4EEC77AF1EE10FA30
:1024400051D49FED477AF4EEC77AF1EE10FA4ADCE8
:102450009FED447A0022F4EEC77A4262F1EE10FA60
:1024600058DA81694A1C00EB81015442C1ED017ABE
:1024700002F0030204F0030158BF4A4241690329F4
:10248000826103DC01310029416158DD021DDFED6D
:10249000367A02EB8104B2EC017AA24277EE877AB7
:1024A000F9D107EE101A9FED316AB8EEC77AC7EE80
:1024B000876AF4EEC66AC0ED0A6AF1EE10FA41DAF4
:1024C000DFED2B7A0022F4EEE76A0262F1EE10FAF9
:1024D00029DBC3690133022BC36101DD01230370D2
:1024E0005DF8044B7047436A00210133022B4362BD
:1024F000C0E90711F4DD8A424FF002034FF00301F7
:102500005DF8044B08BF052280F834300170026387
:102510007047704702210123C0ED0A7A02630170FF
:1025200080F83430DCE7012BC261D9D1DFED117ABC
:10253000F4EEE76AF1EE10FA98BF0270D0E7DFED33
:102540000A7AAEE7036A00220133022BC0E90723AF
:10255000C6DD022101230263017080F83430BFE739
:10256000000002430000C842000000000000B44226
:102570000000A042000096420346002290F834007A
:1025800083F83420704700BF10B564220021044650
:1025900010F03AFE002300220221204684F8643025
:1025A0002367A4F87430A36784F87C30C4F88020D3
:1025B000C4F88420C4F88820C4F88C20C4F8A03063
:1025C000C4F8A420A4F8A830C4F8AC3084F8B03023
:1025D000A4F8BC30C4E91A13C4E92433C4E926338F
:1025E000C4E92D3310BD00BF70B590F8BC6084B055
:1025F000DEB190F87C300446023B012B18D9D0F8AC
:10260000B4300D46CB1A632B12D90146C0F8B45032
:102610006846FFF7BFFE694604F17C00FFF7FCFE49
:1026200094F87C30023B012B06D9304604B070BDD3
:102630000026304604B070BDD4F8B830002BF4D179
:10264000C4F8B850F1E700BF00234FF0000C70B59C
:1026500080F87C300446C0F880C00D46C0F884C0C5
:102660001646C0F888C0C0F88CC0C0F8A030C0F8CA
:10267000A4C0A0F8A830C0F8AC3080F8B030C0E9F1
:102680002433C0E9263300F0C9F880B2E066D8B13F
:102690004FF6FF73984217D041F2030398428CBF64
:1026A00082236E232046A367FFF73EFDA5F1640356
:1026B000002284F8BD00C4F8B4300123C4F8B82067
:1026C00084F8BC302EB970BD00200623A067A36635
:1026D000ECE729462046BDE87040FFF785BF00BF04
:1026E00090F87C30023B012B15D8D0F8B82040F28E
:1026F00014530A48891AA0FB0120800A03FB10101A
:10270000B0F5167F07D2064BA3FB0030C0F3401094
:1027100080F0010070470020704700BFFD33A6C95C
:102720001F85EB51704700BF0F4B1B780BB9012081
:10273000704710B504464FF47A700C4AB0FBF3F3BF
:102740001068B0FBF3F001F06BF80F2C00D808B163
:10275000012010BD002221464FF0FF3001F000F8AB
:10276000034B00201C6010BD040000244402002420
:102770000800002438B50320124D00F0DFFF124C92
:1027800002F0F8FA114A12499369C3F30323CB5CB0
:1027900003F01F0320FA03F30E202B60926902F06E
:1027A0000F028A5C02F01F02D3402360FFF7BCFFD8
:1027B00010B10124204638BD0446FFF7B3FF204680
:1027C00038BD00BF440200244802002400440258DF
:1027D000F03C0108034A044B11681B780B4413605A
:1027E000704700BF4CF6002404000024014B186819
:1027F000704700BF4CF6002438B50446FFF7F6FFDB
:102800000546631C02D0044B1B781C44FFF7EEFF07
:10281000431BA342FAD338BD04000024014B1868BF
:10282000000C70470010005C3F4A036893422DE99A
:10283000F04105460E4657D002F58072934253D0C0
:102840003A4A2C699768082C07F01F070AD0092F0D
:102850004CD840F22121F940C90747D5DB68DA0797
:1028600048D40424FFF7C2FF8046731C2A6827D18E
:1028700013681C42FCD06B6D43F400736B65D36826
:1028800013F4406F0FD16B7D6BB9136818070AD52D
:102890006B6D23F480736B656B6DD90403D46B6D22
:1028A00043F001036B65224B9A422ED0D068082C6E
:1028B00027D010F4804034D10C231360BDE8F081A0
:1028C00013682342D7D1FFF791FFA0EB0800B04275
:1028D00001D8002EC9D16B6D0022032043F0040300
:1028E00085F850206B65E9E7124AAAE7936813F46C
:1028F000404FB6D06B6D012043F020036B65BDE8FF
:10290000F08100201460BDE8F081092F02D9064B48
:10291000D868CCE740F2212323FA07F7FB07C5D498
:10292000F5E70020BDE8F081002002400063025876
:1029300000210240002302400368186C704700BF6A
:10294000704700BF806B08B5FFF7FAFF08BD00BFF6
:10295000836B5A6D12F0500F5A6D10B51DD1196866
:1029600042F400725A650A6812F0080FCA681BD058
:1029700012F4406F0DD1CA6894040AD45A6D22F43F
:1029800080725A655A6DD10403D45A6D42F0010227
:102990005A65184605F094FA10BDD2060AD4DB6CCD
:1029A000BDE81040DB6C18479007E7D0184605F0EB
:1029B00087FAF1E7184605F027FB10BD806B08B5D4
:1029C000436D43F040034365836D43F00403836527
:1029D00005F01AFB08BD00BFF0B5002283B00192DC
:1029E00090F85020012A00F01C81034601201A684B
:1029F00083F850009468640700F18A800C68C4F37F
:102A00001305002D40F08F80C4F38464A0404D680E
:102A10004FF01F0ED6694FEA951C30430CF00C0C9A
:102A2000D06105F01F0002F1300584400EFA00FE6F
:102A30005CF8050020EA0E0004434CF8054090685D
:102A400040076ED4956815F0080547D10C6807203B
:102A500002F11406B94F4FEAD45CC4F304540CF0ED
:102A6000040C00FA04FE886800FA04F45CF806001E
:102A700020EA0E0020434CF80600386800F0704051
:102A8000B0F1805F00F0C580D068D668C70600F15D
:102A9000E880C6F382064869760000FA06F60F69F8
:102AA000042F00F0C18002F16004086854F827C0C8
:102AB00000F0F8400CF0004C40EA0C00304344F8C1
:102AC0002700487E0E69012854F8260008BF4FF001
:102AD000004520F00040054344F826509068C407A4
:102AE00014D4CE68086806F01807954CD2F8C05088
:102AF000FC40C0F31307044025EA07052C43C2F845
:102B0000C040904CA64246D0002816DB002003E0CF
:102B10005A6D42F020025A65002283F8502003B01B
:102B2000F0BD9068DAE794FAA4F5B5FA85F5C4F338
:102B3000846405F01F05A84069E783498A4200F0D4
:102B4000B68001F580718A4200F0B1807F4D804CE3
:102B5000A968A46801F0E076E44304F00104002CC5
:102B600000F0B4807B4CA04200F0FC807A4CA04284
:102B700000F01A81794CA042C8D14902C6D47449E8
:102B80008A42C3D1AA68002022F0E072324342F4A4
:102B90008002AA60C0E7002F6AD090FAA0F4B4FACD
:102BA00084F4013404F01F04092C00F2A48090FA8C
:102BB000A0F4B4FA84F490FAA0F5B5FA85F50134DE
:102BC00001260135A40605F01F0504F0F84406FAB5
:102BD00005F52C4390FAA0F0B0FA80F0304400F0F4
:102BE0001F0000EB400000052043C60D02F1140554
:102BF000C0F30450072406F0040604FA00F77459E1
:102C000024EA07048F6807FA00F02043705108682F
:102C10007AE7D6684869C6F38206760000FA06F6B7
:102C20003DE7022003B0F0BD106E0C6800F0F840E4
:102C3000A506B0EB846F30D0506E00F0F8408542AE
:102C400026D0906E00F0F84085422BD0D06E00F078
:102C5000F84085427FF442AFD06E20F00040D0664D
:102C60003CE77608486906F0080600FA06F616E71B
:102C7000800E441C04F01F06092E2DD8A406012046
:102C800004F0F844B040044306EB46000005ABE70F
:102C9000506E20F000405066D3E7106E20F00040E8
:102CA0001066C9E7906E20F000409066CEE7264C93
:102CB0002B4D04F58074A96854F8F86CA46834436B
:102CC00001F0E076E44304F0010448E75A6D012086
:102CD00042F020025A651FE706EB4600A5060124D4
:102CE0001E3805F0F84504FA06F60005354340F0B5
:102CF0000070284379E790FAA0F5B5FA85F590FAC7
:102D0000A0F4B4FA84F4013501260134AD0604F0D0
:102D10001F0405F0F84506FA04F4254390FAA0F4E0
:102D2000B4FA84F4344404F01F0404EB4404A4F122
:102D30001E00000540F00070DBE700BF0010005CE3
:102D4000FFFF0F000000FF47002002400063025811
:102D500000600258000084CB000052C70000B8CFCA
:102D60000023024008023FF5D1AE17498A427FF4A2
:102D7000CDAE164AA9681268154821F0E071920993
:102D80003143A0FB020241F400019209A960520004
:102D90000192019A002A3FF4B9AE019A013A0192D8
:102DA000019A002AF9D1B1E611F080707FF4AEAE3D
:102DB00005498A427FF4AAAEAA6822F0E072324343
:102DC00042F08072AA60A7E6006002584402002424
:102DD000632D3E0503689A6812F0040F9A6870B577
:102DE000044603D1120701D4002070BDDA689501B2
:102DF00004D5A08A40F2011290421AD002299A68A2
:102E00003ED0550708D59A68900705D498682C4A93
:102E1000024042F010029A60012919D09A68120704
:102E200002D59A68900732D5032914BF04260C26D0
:102E30000FE01A68500606D4224A01E0013A16D083
:102E400019684906FAD540221A609A68560725D4AF
:102E50000426FFF7CBFC054604E0FFF7C7FC431B45
:102E6000052B04D823689B683342F6D1BCE7636D19
:102E7000012043F010036365A36D0343A36570BD98
:102E8000150702D59A68920713D50826E1E79868D6
:102E90000B4A024042F020029A60C5E79A68960702
:102EA000D6D499680426064A0A4042F010029A6075
:102EB000CFE79968024A0A4042F020029A60E4E7AC
:102EC000C0FFFF7F00DC0C0003689A68D20701D5C1
:102ED000002070479968214A114270B5044608D015
:102EE000636D012043F010036365A36D0343A36585
:102EF00070BD99681A4A0A4042F001029A60FFF7D1
:102F000075FC2368174A054693421ED002F580726D
:102F100093421AD0144A9268114E0AE09A683240DD
:102F200042F001029A60FFF761FC401B0228D7D8EB
:102F300023681A68D2070FD49A68D107EED5FFF735
:102F400055FC401B0228F3D9CAE7084A9268D0060C
:102F5000E2D0074A9342DFD1002070BD3F000080DD
:102F6000C0FFFF7F002002400063025800230240A0
:102F700000210240394A0368934270B5044646D0A6
:102F800002F58072934242D0354A96689D6815F0EA
:102F9000040542D194F85030012B3ED00123204645
:102FA00084F85030FFF790FF002838D1636D06F0A9
:102FB0001F062C4A1A40236842F4807262652A4A2E
:102FC000934245D01946626D22F480126265626DAB
:102FD00012F4805240D0A26D22F00602A2651C229B
:102FE0008B421A604FF0000284F8502020D0092E46
:102FF00018D9636D43F480136365CB689B0105D5D5
:10300000636D23F4405343F48053636570BD174AE6
:1030100096689D6815F00405BCD0022070BD84F848
:10302000505070BD40F2212222FA06F6F507E0D595
:10303000DA68920105D5626D22F4405242F4805262
:10304000626599680A4A0A4042F004029A6070BDBB
:103050000249002EB7D0BAE7A265C0E700200240BF
:1030600000630258FEF0FFFF0021024000230240EF
:10307000C0FFFF7F2DE9F0413A4D044600680F463E
:103080001646A84219D0384B984216D0374DAB6837
:103090008068420716D494F85020012A12D003F019
:1030A0001F080122B8F1090F84F850200DD9002320
:1030B000012084F85030BDE8F0812D4DAB68806868
:1030C0004207E8D50220BDE8F08140F2212323FA2F
:1030D00008F3DB4313EA0205E9D12046FFF7F4FECB
:1030E000002839D1626D234B2168134043F480736B
:1030F0006365B8F1000F02D01B4B994203D0636D9A
:1031000023F480136365636D13F4805328D0A36D9B
:1031100023F00603A365E06C3346174D3A46403171
:10312000C563164D0564164DC5641C2541F8405C09
:10313000002584F8505051F83C5C45F0100541F8EA
:103140003C5C00F07DFE22680E4B91680B4043F022
:1031500004039360BDE8F08184F85050BDE8F0812D
:10316000A365D8E700200240002102400063025816
:1031700000230240FEF0FFFF512900084529000806
:10318000BD290008C0FFFF7F38B503689A68910722
:1031900002D59B68002038BD9A68D20723D59A686B
:1031A000044602F00D02012A08D0636D012043F0AD
:1031B00010036365A36D0343A36538BD98680321BD
:1031C0000A4A024042F002029A601960FFF70EFBC1
:1031D000054604E0FFF70AFB401B0228E5D82368F8
:1031E0009B68DB07F6D4002038BD00BFC0FFFF7F1F
:1031F00090F85030012B1BD00123032110B580F82B
:1032000050300446FFF7E6FD18B1002384F8503033
:1032100010BD2046FFF7B8FF0028F6D1626D054BC0
:10322000134043F001036365002384F8503010BD60
:1032300002207047FEEEFFFF38B5574A0446036888
:10324000934226D002F58072934222D0534B9B6862
:1032500013F4403F22D001F047FF63680546B3F501
:10326000003F00F08880B3F5403F70D0B3F5803F59
:1032700000F08180FFF7D2FA41F2030398422DD883
:10328000474B9D425DD92268936843F480739360F5
:1032900038BD444B9B6813F4403FDCD14FF4002011
:1032A00002F0EEFF63680546B3F5101F6DD008D835
:1032B000B3F5E01F55D01AD9B3F5001FDAD145098F
:1032C000D8E7B3F5201F4AD0B3F5301FD2D1FFF7AE
:1032D000A5FA41F20303984233D92D0A324B9D429D
:1032E0001DD82268936823F44073936038BDB3F50A
:1032F000801F06D00AD9B3F5A01F02D0B3F5C01FB6
:10330000B8D19B0C5B00B5FBF3F5B3E7B3F5002F29
:10331000F7D023F40022B2F5802FF2D0AAE7234B96
:10332000234A2B4493421ED9224B234A2B449342D7
:10333000226893682BD823F4407343F4007393609E
:1033400038BD2268936823F48073936038BD850884
:10335000FFF764FA41F203039842BFD890E7C5092A
:1033600088E7050986E72268936823F4407343F4ED
:103370008073936038BD1B0CB5FBF3F5FFF74EFA75
:1033800041F203039842A9D87AE7850972E743F42A
:103390004073936038BD00BF0020024000630258B4
:1033A000002D310100230240105E5F00EFA1A0FF5D
:1033B0000F5E5F00DF4341FF1FBCBE0030B500233E
:1033C00083B00193002800F0D080456D0446002DA5
:1033D00000F0BA80226893689B0003D59168714B16
:1033E0000B4093609368DD0015D46F4B90686F4974
:1033F0001B6801406E489B0941F08051A0FB03030C
:1034000091609B090193019B2BB1019B013B0193AF
:10341000019B002BF9D19368D80024D4636D01255A
:1034200043F010036365A36D2B43A365936813F00A
:10343000040F636D1DD1D9061BD4636D23F4817312
:1034400043F0020363659368DB0728D4594B9A4223
:1034500017D003F580739A4213D0574B9B68D90756
:103460001DD4564A15E09368002513F0040F636DD0
:10347000E1D0636D012543F010032846636503B076
:1034800030BD4C4A4E4B92689B681343D80706D414
:103490004C4A9368616823F47C130B439360FFF7F5
:1034A000BDF941F20303A1689842237F52D894F8F2
:1034B00015C01A04206B42EA4C3202430A43012B26
:1034C00003D1236A013B42EA4342636A23B103F416
:1034D0007873A16A0B431A4323683B49D8680140BB
:1034E0000A43DA609A6812F0040F9A681CD1120736
:1034F0001AD4D868354A217D024042EA8132E16A15
:103500000A43DA6094F83820012A3AD01A6922F086
:1035100001021A611A692046616B22F070420A4367
:103520001A61FFF789FE2368E268012A21D01A6B2D
:1035300022F00F021A63636D284623F0030343F061
:103540000103636503B030BD04F068FCA56584F831
:1035500050503FE71029AAD1617D1A0442EA413256
:10356000216B0A4342F01C02A9E70125284603B05B
:1035700030BD196BA26921F00F01013A0A431A63A9
:10358000D9E7D4E9102118690A43114901400A43D7
:10359000A16C0A43E16B42EA014242F001021A6166
:1035A000B8E700BFC0FFFF5F44020024C0FFFF6F09
:1035B000632D3E050020024000600258006302585F
:1035C000002102400023024003C0F0FFFCBFFFFFC8
:1035D0001EF800FCF0B5002383B0019390F8503042
:1035E000012B40D0012304460E46154680F850308A
:1035F000FFF7CAFDE8B9676D05F080421B4B06F482
:1036000080311B4D3B401B4F43F002036365236831
:103610009E68354015430D4345F000459D609A680E
:10362000002A0FDB636D23F0030343F0010363659E
:1036300003E0636D43F010036365002384F85030AA
:1036400003B0F0BD019A01320192019ABA42E6D963
:10365000636D0022012023F0120384F8502043F010
:1036600010036365ECE7022003B0F0BDFDEEFFFF41
:10367000C0FFFE3FFF955A55F0B490F850200E68F9
:10368000012A49D00346294A01201C6883F85000CA
:10369000944208D05A6D002142F0200283F8501065
:1036A0005A65F0BC7047224DAA6852070AD5A26835
:1036B0005A6D012042F020025A65002283F8502002
:1036C000F0BC7047A06810F00400F1D1C6B1DFF87B
:1036D00068C04F68DCF8082022F440423A43CCF836
:1036E0000820A468AA682243D40713D48A68DCF8A7
:1036F000081016430F4A0A401643CCF80860DCE76E
:103700000D498A6822F440428A60A068AA68024390
:10371000D00704D50020D0E70220F0BC70478C68A9
:103720003046044A22408A60C7E700BF00200240BA
:1037300000210240E0F0FFFF0023024006494FF65F
:10374000FF0C0002054BCA6800F4E06002EA0C02BC
:1037500010430343CB60704700ED00E00000FA0522
:103760001B4BDB68C3F3022300B5C3F1070E03F163
:10377000040CBEF1040F28BF4FF0040EBCF1060F7D
:103780001AD9033B4FF0FF3C0CFA03FC22EA0C026F
:103790004FF0FF3C00280CFA0EFC21EA0C0101FA64
:1037A00003F141EA02010ADB09010A4BC9B20344F1
:1037B00083F800135DF804FB00221346E8E700F0ED
:1037C0000F000901044BC9B2034419765DF804FBEC
:1037D00000ED00E000E100E0FCEC00E0002807DB89
:1037E00000F01F0101234009024A8B4042F82030BB
:1037F000704700BF00E100E000280DDB4309012213
:1038000000F01F000549203302FA00F041F82300C0
:10381000BFF34F8FBFF36F8F704700BF00E100E031
:10382000431EB3F1807F0CD24FF0E0220020064906
:103830004FF0F00C5361072381F823C090611361AE
:1038400070470120704700BF00ED00E0BFF35F8FBD
:10385000044B00215A6A22F480325A62C3F8941051
:10386000704700BF00ED00E0064B40F00100C3F8D8
:1038700094005A6A42F480325A62BFF34F8FBFF30A
:103880006F8F704700ED00E0174A4378C2F8983018
:10389000017821B3436800B5C2F89C30C37A90F830
:1038A0000CC01B0690F80FE043EA0C7390F80AC0B6
:1038B0000B43817B43EACC4390F80DC043EA8C4331
:1038C00090F809C043EA4143017A43EA0E4343EAD0
:1038D0000C2343EA4103C2F8A0305DF804FBC2F8B0
:1038E0009C10C2F8A010704700ED00E0704700BFC8
:1038F00008B5FFF7FBFF08BD0268344B344930B40C
:10390000344D354CAA4218BF9A420CBF0123002304
:103910008A4208BF43F001033031A24208BF43F09E
:10392000010330348A4208BF43F001033031A24220
:1039300008BF43F0010330348A4208BF43F001035B
:1039400001F55C71A24208BF43F0010304F55C7409
:103950008A4208BF43F001033031A24208BF43F05E
:10396000010330348A4208BF43F001033031A242E0
:1039700008BF43F0010330348A4208BF43F001031B
:103980003031A24208BF43F001038A4208BF43F02E
:10399000010313B9114B9A4213D1D3B21049114C00
:1039A000103BA1FB03515F2B0F4BC1F3021103EA44
:1039B0000203615C88BF0433C1658365184630BC6F
:1039C000704722F0FF038365F8E700BF1000024054
:1039D000400002402800024058000240B804024063
:1039E000ABAAAAAA383C010800FCFFFF0368294AD9
:1039F000294930B4294D2A4CAB4218BF93420CBF21
:103A0000012200228B4208BF42F001022831A3426A
:103A100008BF42F0010228348B4208BF42F0010285
:103A20002831A34208BF42F001028B4208BF42F096
:103A3000010212B91B4A934213D1DBB21A4C1B4A42
:103A40000121083B1A4DA4FB0343456602EB131208
:103A5000C3F30413920001FA03F30266836630BCD9
:103A60007047DAB21349144C1944103AA829A4FB40
:103A700002234FEA131300D80833104A03F01F053E
:103A800001210F4C1A44A9404466920081660266E7
:103A9000E5E700BF08540258305402581C5402583D
:103AA0004454025894540258CDCCCCCC0096001605
:103AB00080580258F0FBFDBFABAAAAAA00820010F2
:103AC0008008024070B50446FEF790FE002C00F01E
:103AD000C68023680546954A934248D018329342DF
:103AE00045D0303292498B4218BF934201F13001E8
:103AF0000CBF012200228B4208BF42F001021831A4
:103B00008B4208BF42F0010218318B4208BF42F0DD
:103B1000010218318B4208BF42F0010201F55671D3
:103B20008B4208BF42F0010218318B4208BF42F0BD
:103B3000010218318B4208BF42F0010218318B425A
:103B400008BF42F0010218318B4208BF42F0010267
:103B500018318B4208BF42F0010218318B4208BF76
:103B600042F001021AB9734A934240F0F5800222F2
:103B7000002184F8352084F834101A6822F00102FC
:103B80001A6005E0FEF732FE431B052B40D8236880
:103B90001A68D107F6D4D4E9022521692A43A0691D
:103BA0001D680A4361690A43E16902430A436249A5
:103BB0002940256A2A430A43616A04292FD01A60E2
:103BC0005A6922F00702114359612046FFF794FE1B
:103BD000E26D3F2302F01F02934083602046FFF70F
:103BE00005FFA368802B3CD06368A06EDAB2013B6E
:103BF000D4E91851072B2A60486026D90023C4E96C
:103C00001B33636700200123606584F8353070BD85
:103C1000202203230120626584F8353070BDD4E989
:103C20000B5129430A431A605969A26A21F007011E
:103C3000114341F00401002DC6D000284FD1012AC4
:103C40006ED032F00202BFD151E0501E072810D9C9
:103C5000626FD4E91B31002018604A60D2E701206E
:103C600070BD0023A16ED4E9180263600360516047
:103C7000C4E72168314B324DA94218BF994205F182
:103C800014050CBF01230023A94208BF43F0010320
:103C90001435A94208BF43F001031435A94208BFF7
:103CA00043F001031435A94208BF43F00103143562
:103CB000A94208BF43F001033BB9224B994204D00B
:103CC000214B224913449B0003E0214B214913441B
:103CD0009B0001228240C4E91B316267BBE7B0F55B
:103CE000005F0ED0022A05D9032A7FF46DAFEA01E6
:103CF0007FF56AAF012340221846626584F83530AB
:103D000070BD032A3FF660AF01A050F822F000BF5B
:103D1000F53C0008EF3C0008F53C0008213D000898
:103D2000B5F1C07F7FF450AFE4E700BF1000024060
:103D300040000240B80402403F8010FE0854025880
:103D40001C540258945402583F820010400902400B
:103D50003F96001640590258324A3348334983424D
:103D600018BF934200F128000CBF012200228B42B1
:103D700008BF42F001022831834208BF42F001022D
:103D800028308B4208BF42F001022831834208BF2D
:103D900042F001028B4208BF42F0010212B9244AEC
:103DA000934238D102220021224D84F8341084F845
:103DB00035201A681540A268402A2AD0802A0CBFF4
:103DC0004FF480400846266AD4E90312D20842EA3A
:103DD000D102616942EAD102A16942EAD102E169F4
:103DE00042EAD102144942EA161219442A43024314
:103DF0001248A0FB010120461A600B099B00E365F5
:103E0000FFF77AFDE26D012302F01F029340436049
:103E1000E4E61020D7E7402203230120626584F8FE
:103E2000353070BD085402581C54025830540258A2
:103E3000945402580F00FEFFF8ABFDA7CDCCCCCCBC
:103E4000002800F0BC80844690F83400012800F07F
:103E5000B88001202DE9F0419CF835408CF8340001
:103E6000844208D000224FF400638CF83420CCF850
:103E70005430BDE8F0810220DCF800507A4C8CF818
:103E800035000020794ECCF854007948854218BF9F
:103E9000A54200F118000CBF01240024854208BF90
:103EA00044F001041830854208BF44F00104183082
:103EB000854208BF44F001041830854208BF44F031
:103EC000010400F55670854208BF44F00104183023
:103ED000854208BF44F001041830854208BF44F011
:103EE00001041830854208BF44F0010418308542AF
:103EF00008BF44F001041830854208BF44F00104B3
:103F00001830854208BF44F001041830854208BFCC
:103F100044F00104A0F59560B54218BF8542DCF875
:103F20006C600CBF0120002054EA0008286820F0D3
:103F300001002860DCF86400DCF86840DCF85870A8
:103F4000446040D016B1DCE91C044460DCF85C003D
:103F50004FF03F0E00F01F000EFA00F0B860286826
:103F600020F4802028606B60DCF80830402B23D0E0
:103F7000A960EA602B6823F01E0343F016032B6050
:103F8000DCF840301BB12B6843F008032B60DCF8F1
:103F900060301A68D20303D51A6842F480721A603E
:103FA0001EB1336843F4807333602B68002043F004
:103FB00001032B60BDE8F081AA60E960DAE7012027
:103FC00070470220704716B1DCE91C0444602948A0
:103FD000DFF8A8E0754518BF85420EF1140E0CBF3E
:103FE00001200020754508BF40F001000EF1140EBD
:103FF000754508BF40F001000EF1140E754508BF6D
:1040000040F001000EF1140E754508BF40F00100AC
:104010000EF1140E754508BF40F0010010B91648A6
:1040200085420ED1DCF85C0000F01F0E012000FA82
:104030000EF078606B60DCF80830402B10D0A9607F
:10404000EA602B6823F00E0343F00A032B60DCF8D0
:104050004030002B9BD02B6843F004032B6096E785
:10406000AA60E960EDE700BF40000240280002407E
:104070005800024008540258945402581C540258E4
:1040800000285FD038B590F835200346022A55D174
:104090000168444A914248D01832914245D03032AA
:1040A000414C4248A14218BF914204F148040CBF60
:1040B00001220022814208BF42F001023030A142B9
:1040C00008BF42F001023034814208BF42F00102D1
:1040D00000F55C70A14208BF42F0010204F55C7477
:1040E000814208BF42F001023030A14208BF42F0D5
:1040F00001023034814208BF42F001023030A14257
:1041000008BF42F001023034814208BF42F0010290
:104110003030A14208BF42F00102814208BF42F0A4
:10412000010212B9224A91420ED10422002083F8E2
:1041300035200B6823F001030B6038BD802201207D
:104140005A6538BD012070470A681C6E22F00E02C5
:10415000D86D9D6D0A6000F01F000A6822F0010210
:104160000A6001222168824021F4807121606A6026
:10417000DA6ED3E91910486032B11168D3E91C0432
:1041800021F4807111604460002401211A6D83F8CC
:10419000344083F835101AB118469047204638BD90
:1041A000104638BD1000024040000240700002403E
:1041B000B80402402DE9F04300229C4B83B09C4E92
:1041C0001D688146019203689A4A846D934218BF24
:1041D000B342276808BF0126216818BF002645D0D2
:1041E00018329548834218BF934200F118000CBF63
:1041F00001220022834208BF42F0010218308342AC
:1042000008BF42F001021830834208BF42F00102A9
:104210001830834208BF42F0010200F55670834215
:1042200008BF42F001021830834208BF42F0010289
:104230001830834208BF42F001021830834208BFA1
:1042400042F001021830834208BF42F001021830E8
:10425000834208BF42F001021830834208BF42F097
:1042600001021AB9754A934240F05082D9F85C10A5
:10427000082201F01F0C02FA0CF2174240F088816C
:1042800027FA0CF2D2070CD55A69100609D501227B
:1042900002FA0CF2A260D9F8542042F00202C9F8E6
:1042A00054204FF0040E0EFA0CF038425BD0002E72
:1042B0004FD1634ADFF88081434518BF934208F12C
:1042C00018080CBF01220022434508BF42F001023A
:1042D00008F11808434508BF42F0010208F1180828
:1042E000434508BF42F0010208F11808434508BFE2
:1042F00042F0010208F55678434508BF42F001023A
:1043000008F11808434508BF42F0010208F11808F7
:10431000434508BF42F0010208F11808434508BFB1
:1043200042F0010208F11808434508BF42F00102BB
:1043300008F11808434508BF42F0010208F11808C7
:10434000434508BF42F001021AB93C4A934240F08B
:1043500019821A68920706D5A060D9F8542042F055
:104360000402C9F85420102202FA0CFC1CEA070FC0
:104370006CD0002E45D1324A2F4EB34218BF934223
:1043800006F118060CBF01220022B34208BF42F01A
:1043900001021836B34208BF42F001021836B34298
:1043A00008BF42F001021836B34208BF42F00102D2
:1043B00006F55676B34208BF42F001021836B34202
:1043C00008BF42F001021836B34208BF42F00102B2
:1043D0001836B34208BF42F001021836B34208BF94
:1043E00042F001021836B34208BF42F0010218360B
:1043F000B34208BF42F001021AB9104A934240F09A
:10440000C9811A68100721D5C4F808C01A68560374
:1044100000F14C811A68D20503D41A6822F0080210
:104420001A60D9F840308BB10CE000BF4402002480
:10443000100002402800024058000240B804024028
:104440004000024048469847D9F85C1001F01F012F
:1044500020268E403E4268D0D9F80020A54BA64FBA
:10446000BA4218BF9A4207F118070CBF0123002374
:10447000BA4208BF43F001031837BA4208BF43F0FD
:1044800001031837BA4208BF43F001031837BA4294
:1044900008BF43F001031837BA4208BF43F00103D5
:1044A0001837BA4208BF43F0010307F55677BA42FE
:1044B00008BF43F001031837BA4208BF43F00103B5
:1044C0001837BA4208BF43F001031837BA4208BF91
:1044D00043F001031837BA4208BF43F0010318370D
:1044E000BA4208BF43F001031837BA4208BF43F08D
:1044F00001031BB9814B9A4240F062811368DB06CD
:1045000013D5A66099F83530042B136800F0AE80FF
:1045100013F4802F136800F0D3801C0340F1DE8079
:10452000D9F83C300BB148469847D9F85430002BA5
:1045300000F0B980D9F85430D8071FD5D9F8002039
:10454000042189F83510136823F0010313606C4BC4
:10455000A3FB0535AD0A02E01368D90704D5019B1A
:104560000133AB420193F7D9002389F83430136843
:10457000DB074CBF0323012389F83530D9F84C30D1
:10458000002B00F09080484603B0BDE8F043184788
:10459000186840070AD5186820F004001860A26067
:1045A000D9F8542042F00102C9F8542027FA0CF23D
:1045B000D2077FF576AE534A5348834218BF9342E1
:1045C00000F130000CBF01220022834208BF42F0FC
:1045D00001021830834208BF42F0010218308342C2
:1045E00008BF42F001021830834208BF42F00102C6
:1045F00000F55670834208BF42F001021830834232
:1046000008BF42F001021830834208BF42F00102A5
:104610001830834208BF42F001021830834208BFBD
:1046200042F001021830834208BF42F00102183004
:10463000834208BF42F001021830834208BF42F0B3
:104640000102002A7FF420AE002E7FF41DAE1A680E
:10465000042202FA0CF23A4240F09480102202FA4C
:104660000CFC17EA0C0F3FF4F1AE84E623F01603BE
:104670001360536923F080035361D9F840309BB332
:10468000136823F0080313603F230025012203FA77
:1046900001F1D9F85030A16089F8345089F83520FB
:1046A000002B7FF470AF03B0BDE8F0831B681803E4
:1046B0007FF5B7AED9F84830002B7FF4C3AEC5E61E
:1046C00013F480737FF42CAF116821F01001116096
:1046D000012289F8343089F8352021E7D9F84430AF
:1046E000002B7FF420AF20E7D9F84830002BC7D14A
:1046F000CAE700BF1000024028000240B804024090
:10470000B5814E1B58000240400002404E4A4F4DBA
:10471000AB4218BF934205F114050CBF01220022E1
:10472000AB4208BF42F001021435AB4208BF42F071
:1047300001021435AB4208BF42F001021435AB420E
:1047400008BF42F001021435AB4208BF42F001023B
:1047500012B93F4A9342A6D1D9F85C5004261A6890
:1047600005F01F05AE400E4219D0570717D51004AB
:1047700066604BD5D1034FD4D9F84830002B7FF475
:1047800002AF90E71A68102202FA0CFC17EA0C0F2D
:104790003FF45CAE1A6852077FF558AE34E6022645
:1047A000AE400E4211D097070FD56660140439D57C
:1047B000D00343D4D9F84430002B7FF4E4AE72E741
:1047C00013689F077FF5B1AE9BE60826AE400E4208
:1047D0003FF469AF11077FF566AF1A68002122F038
:1047E0000E021A600123D9F84C2003FA05F5656022
:1047F000C9F8543089F8341089F83530002A3FF46C
:1048000052AF484603B0BDE8F0431047920603D4C8
:104810001A6822F004021A60D9F84030002B7FF4A5
:10482000B2AE40E712F0200208D11968012421F04D
:104830000A01196089F8342089F83540D9F83C30EC
:10484000002B7FF4A0AE2EE7085402581C540258E7
:1048500094540258406D7047002800F0DE81F8B58E
:1048600003680446D80730D59F490A69896A02F06F
:104870003802102A00F00081182A00F0F8806368DE
:10488000B3F5803F00F02081002B00F05E81B3F58E
:10489000A02F954B1A6800F02F8222F480321A6004
:1048A0001A6822F480221A60FDF7A0FF8E4E41F2B2
:1048B0008837054605E0FDF799FF401BB84200F236
:1048C000428133689A03F6D523689D0700F18580FD
:1048D000D9062FD5844A1369926A03F03803082B4E
:1048E00000F0DA80182B00F0D280E3697E4D002BB7
:1048F00000F065812B6843F080032B60FDF776FFA5
:10490000064605E0FDF772FF801B022800F21B81BE
:104910002B68DB05F6D5FDF781FF41F203039842D2
:1049200000F20B826B68226A23F0F84343EA826349
:104930006B6023681D0716D563696B4D002B00F073
:104940001C816B6F43F001036B67FDF74FFF064659
:1049500005E0FDF74BFF801B022800F2F4806B6F2F
:104960009807F6D523689A0616D5A3695E4D002BE5
:1049700000F014812B6843F480532B60FDF736FF61
:10498000064605E0FDF732FF801B022800F2DB80BF
:104990002B689F04F6D52368590700F19B80636A52
:1049A000CBB1514D2A6902F03802182A6DD0022B82
:1049B0002B6823F080732B6000F03981FDF716FF20
:1049C000044605E0FDF712FF001B022800F2BB8041
:1049D0002B689B01F6D40020F8BD434A1369926A04
:1049E00013F0380329D1404BE2681B68590701D501
:1049F000002A4AD03C4D2B6823F0190313432B6047
:104A0000FDF7F4FE064605E0FDF7F0FE801B0228E8
:104A100000F299802B685B07F6D5FDF7FFFE41F2A7
:104A20000303226998426B6800F2F08023F47C3320
:104A300043EA02336B6023684AE7182B00F0E280F8
:104A4000294DE2682B68002A00F0CB8023F019037F
:104A500013432B60FDF7CAFE064604E0FDF7C6FED1
:104A6000801B02286FD82B685F07F7D5D5E701F0C8
:104A7000030102297FF403AF1B4A126891037FF5FB
:104A800024AF6268002A7FF420AF0120F8BD02F055
:104A90000302012A7FF429AF134B1B68DA0502D504
:104AA000E369802BF1D1FDF7B9FE41F203030E4A11
:104AB0009842216A00F2B380536823F0F84343EA36
:104AC00081635360236835E7074A136843F48033F2
:104AD0001360E9E6054D2B6843F480732B60FDF706
:104AE00085FE064609E000BF00440258004802580F
:104AF000FDF77CFE801B642825D82B68DA05F7D5E6
:104B0000A368012B00F02281002B00F0FD80052B13
:104B1000954B1A6F00F0208122F001021A671A6F7C
:104B200022F004021A67FDF761FE8F4E41F28837CA
:104B3000054604E0FDF75AFE401BB84203D8336F28
:104B40009B07F7D52BE70320F8BD874D41F2883747
:104B50002B6823F480332B602B6823F480232B6095
:104B6000FDF744FE064604E0FDF740FE801BB84218
:104B7000E9D82B689B03F7D4A6E66B6F23F00103FB
:104B80006B67FDF733FE064604E0FDF72FFE801B42
:104B90000228D8D86B6F9907F7D4E3E62B6823F483
:104BA00080532B60FDF722FE064604E0FDF71EFE53
:104BB000801B0228C7D82B689804F7D4EBE62B6833
:104BC00023F080032B60FDF711FE064604E0FDF79D
:104BD0000DFE801B0228B6D82B68DF05F7D42368AA
:104BE000A8E623F001032B60FDF700FE064604E073
:104BF000FDF7FCFD801B0228A5D82B685807F7D4C9
:104C0000236865E690077FF41BAFECE623F0FE43D4
:104C100043EA02636B6023685AE601207047D36859
:104C200023F07C5343EA0163D360236882E6FDF7F7
:104C3000DDFD064604E0FDF7D9FD801B022882D881
:104C40002B689901F7D4A96A484BA26A0B404849DE
:104C5000454E1343E26A43EA0213AB62D4E90D32D4
:104C6000013B013A5B0212049BB202F4FE021343C1
:104C7000226B013AC2F308021343E26B013A1206B7
:104C800002F0FE4213432B63EB6A23F00103EB6255
:104C90006A6BA36C114041EAC3016963EB6A226C41
:104CA00023F00C031343EB62EB6A626C23F0020304
:104CB0001343EB62EB6A43F48033EB62EB6A43F439
:104CC0000033EB62EB6A43F48023EB62EB6A43F060
:104CD0000103EB622B6843F080732B60FDF786FDC8
:104CE000044605E0FDF782FD001B02283FF62BAFCE
:104CF00033689A01F6D56EE642F480221A601A688B
:104D000042F480321A60CFE5174D41F288372B6F9D
:104D100023F001032B672B6F23F004032B67FDF7B0
:104D200065FD064605E0FDF761FD801BB8423FF6D4
:104D30000AAF2B6F9807F6D431E6EB68226A23F0AE
:104D40007C5343EA0263EB602368F3E5064A136F82
:104D500043F001031367E6E642F004021A671A6F94
:104D600042F001021A67DEE6004402580CFCFFFF25
:104D70000700FFFF474A136903F03803102B04D0E4
:104D8000182B0DD01BB14448704744487047136836
:104D900099064AD513684248C3F3C103D840704707
:104DA000936A30B4946AD56A14F47C7F516BC4F36F
:104DB000051038D0C1F3CC0105F0010503F0030361
:104DC00005FB01F1012B07EE901AB8EEE77A02D04D
:104DD000022B2CD093B307EE900A9FED325AF8EED7
:104DE000E77A136BC5EE276ADFED2F5AC3F308038A
:104DF00007EE903AB7EE006AF8EEE77AE7EE257A2A
:104E000077EE867A66EEA76A224B1B6BC3F34623C6
:104E1000013307EE903AB8EEE77AC6EE877AFCEEF9
:104E2000E77A17EE900A30BC70471D48704707EECE
:104E3000900A9FED1E5AF8EEE77AD2E713689B06B8
:104E400020D5146807EE900A1549F7EE005A136B47
:104E5000C4F3C104F8EEE77A9FED135AC3F30803D5
:104E6000E14006EE903A06EE101AF8EEE66AB8EE69
:104E7000C66AE7EE056A86EE277A76EEA56A66EEE2
:104E8000876AC1E707EE900A9FED095AF8EEE77AC4
:104E9000A7E700BF0044025800093D000024F400C9
:104EA0000090D0030024744A000000390024744BA1
:104EB0000024744C002800F00281874A136803F034
:104EC0000F038B422DE9F04104460D460CD21368C6
:104ED00023F00F030B431360136803F00F038B429F
:104EE00002D00120BDE8F08123685F070BD57B4924
:104EF00020698A6902F07002904204D98A6922F01E
:104F0000700202438A611E070BD574496069CA6941
:104F100002F07002904204D9CA6922F07002024382
:104F2000CA61D8060BD56D49A069CA6902F4E0626E
:104F3000904204D9CA6922F4E0620243CA61990628
:104F40000BD56649E0690A6A02F07002904204D902
:104F50000A6A22F0700202430A629A0740F1A180B5
:104F60005E48E168826902F00F02914204D98269C9
:104F700022F00F020A438261D80730D5574AA16850
:104F8000936923F470630B4393616168136802298A
:104F900000F09780032900F08E80012900F09780AF
:104FA00058079ED54D4E41F28838336923F00703E8
:104FB0000B433361FDF71AFC074605E0FDF716FCCD
:104FC000C01B404500F281803369626803F03803FA
:104FD000B3EBC20FF2D12368990706D5E1683F48C9
:104FE000826902F00F028A425FD83B490A6802F0E8
:104FF0000F02AA420AD90A6822F00F022A430A6065
:105000000A6802F00F02AA427FF46BAF5A070BD571
:10501000324920698A6902F07002904204D28A699A
:1050200022F0700202438A611F070BD52B49606989
:10503000CA6902F07002904204D2CA6922F070027A
:105040000243CA61DE060BD52449A069CA6902F48D
:10505000E062904204D2CA6922F4E0620243CA616B
:105060009D060BD51D4AE169136A03F0700399424E
:1050700004D2136A23F070030B431362FFF77AFE26
:10508000164A0346164892691649C2F30322825C07
:105090000E2002F01F02D340BDE8F0410B60FDF787
:1050A00043BBDA073FF56AAF9FE7826922F00F0240
:1050B0001143816199E79F013FF574AF11E701202A
:1050C00070479B033FF56EAF0BE703200AE7DE0551
:1050D0003FF568AF05E700BF0020005200440258CA
:1050E000F03C01084402002408B501F095F9064B94
:1050F00006499B69064A03F00F03CB5C03F01F03CC
:10510000D840106008BD00BF00440258F03C0108C0
:105110004802002410B501F07FF90949094A8B695A
:10512000094C03F00F03D35C03F01F03D840206049
:10513000CB69C3F30213D35C03F01F03D84010BD47
:1051400000440258F03C01084802002410B501F068
:1051500063F90949094A8B69094C03F00F03D35CD1
:1051600003F01F03D8402060CB69C3F30223D35C54
:1051700003F01F03D84010BD00440258F03C010862
:1051800048020024F8B53A4CA36A03F00303032B4A
:1051900067D0236806460F4623F080632360FDF73F
:1051A00025FB054604E0FDF721FB431B022B56D8E7
:1051B00023681A01F7D4A36A326823F47C3343EAE4
:1051C0000233A362D6E90232013B013A5B021204C8
:1051D0009BB202F4FE0213437268013AC2F3080262
:1051E00013433269013A120602F0FE421343A363ED
:1051F000E36A726923F0C0031343E362E26AB369AE
:1052000022F020021A431B4BE262E26A22F01002F3
:10521000E262E16BF2690B4043EAC203E363E36AD3
:1052200043F01003E362E36AEFB1012F0CBF43F4D4
:10523000801343F40013E3620D4C236843F0806352
:105240002360FDF7D3FA054604E0FDF7CFFA401BD3
:10525000022804D823681B01F7D50020F8BD0320DD
:10526000F8BD0120F8BD43F40023E362E4E700BF8A
:10527000004402580700FFFFF8B53A4CA36A03F058
:105280000303032B67D0236806460F4623F08053A1
:105290002360FDF7ABFA054604E0FDF7A7FA431BD0
:1052A000022B56D823689A00F7D4A36A326823F0F9
:1052B0007C7343EA0253A362D6E90232013B013A0E
:1052C0005B0212049BB202F4FE0213437268013ABD
:1052D000C2F3080213433269013A120602F0FE4299
:1052E00013432364E36A726923F440631343E36264
:1052F000E26AB36922F400721A431B4BE262E26A6B
:1053000022F48072E262616CF2690B4043EAC203EC
:105310006364E36A43F48073E362E36AEFB1012FED
:105320000CBF43F4000343F08073E3620D4C236829
:1053300043F080532360FDF759FA054604E0FDF77A
:1053400055FA401B022804D823689B00F7D500209B
:10535000F8BD0320F8BD0120F8BD43F48003E362EB
:10536000E4E700BF004402580700FFFF2DE9F843BF
:105370000368044613F0006622D0426EB2F5001FA7
:1053800000F0CE8411D8002A00F0F884B2F5801F16
:1053900040F0F18402210430FFF7F4FE0646002EAF
:1053A00040F08684626E236803E0B2F5401F40F04F
:1053B000E284A8480026016D21F440110A430265E9
:1053C000DD050AD5626D042A06D8DFE812F0A204D2
:1053D00093049A04DF02DF020126354698051BD5A7
:1053E000A26D802A00F05B8400F2EC80002A00F0BD
:1053F0008B83402A40F0ED800021201DFFF7C2FE84
:1054000023680546002D40F067839249A06D0A6D20
:1054100022F4E07202430A6559051FD5D4F8A4208E
:10542000B2F5800F00F0478400F2D680002A00F029
:105430007183B2F5001F40F0D7800021201DFFF7D7
:10544000A1FE23680546002D40F044838149D4F82D
:10545000A4008A6D22F4600202438A651A051FD5F2
:10546000D4F8A820B2F1007F00F02E8400F2BF80B3
:10547000002A00F05583B2F1807F40F0C080002107
:10548000201DFFF77FFE23680546002D40F02A838C
:105490007049D4F8A8008A6D22F0E06202438A6560
:1054A0009F0118D5A26C202A00F0DA8300F2AA80AE
:1054B0003AB1102A40F0A9806649CA6A42F4003223
:1054C000CA62002D40F059836249A06CCA6C22F078
:1054D00030020243CA64D8041DD5E26DB2F5005F04
:1054E00000F0FB8300F29480002A00F01F83B2F5E5
:1054F000805F40F095800021201DFFF743FE236868
:105500000546002D40F0EC825249E06D0A6D22F410
:10551000E04202430A6599041AD5226EB2F5003FB3
:1055200000F074837FD84AB1B2F5803F40F08380A9
:105530000121201DFFF726FE23680546002D40F0BF
:105540001E834449206E0A6D22F4E02202430A655C
:105550005A041BD5D4F8AC20B2F1005F00F0608390
:105560006CD842B1B2F1805F70D10121201DFFF7EC
:1055700009FE23680546002D40F003833549D4F821
:10558000AC008A6D22F0E04202438A651F040DD50B
:10559000E26EB2F1805F00F03183B2F1005F00F0A3
:1055A0000182002A00F0048201263546D8015DD52B
:1055B000626C032A00F20A84DFE812F05400170339
:1055C0004E005400C02A3FF41DAFB2F5807F3FF477
:1055D00019AF012635461FE7B2F5C00F3FF433AFD0
:1055E000B2F5000F3FF42FAF0126354636E7B2F192
:1055F000407F3FF44AAFB2F1806F3FF446AF0126DF
:1056000035464DE7302A3FF45CAF0126354662E768
:10561000B2F5405F3FF475AFB2F5804F3FF471AF24
:105620000126354677E722F48031B1F5802F85D009
:10563000B2F5403F82D00126354689E722F08051FD
:10564000B1F1804F97D0B2F1405F94D0012635463A
:105650009CE700BF004402580221201DFFF792FD85
:1056600023680546002D00F06B822E46590200F19A
:10567000F081DF072FD5A26F282A2AD8DFE812F0A1
:10568000D301290029002900290029002900290027
:105690006D0329002900290029002900290029007B
:1056A000CC0129002900290029002900290029000E
:1056B000D3012900290029002900290029002900F7
:1056C000D3012900290029002900290029002900E7
:1056D000D30101263546980716D5626F052A00F2D8
:1056E0007883DFE812F00D00300306000D000D0096
:1056F0000D00012104F12400FFF7BEFD23680546DB
:10570000002D00F025822E46590717D5D4F8902099
:10571000052A00F26183DFE812F00D000C03060099
:105720000D000D000D00012104F12400FFF7A4FD80
:1057300023680546002D00F013822E469A061DD5DB
:10574000D4F88C20B2F1005F00F0458200F2DC80DA
:105750004AB1B2F1805F40F0E1800021201DFFF7E7
:1057600011FD23680546002D40F00582A949D4F8B3
:105770008C004A6D22F0E04202434A655F061DD567
:10578000D4F89820B2F5006F00F0548200F2C9807E
:105790004AB1B2F5806F40F0CE800021201DFFF7A6
:1057A000F1FC23680546002D40F0C8819949D4F8E2
:1057B00098008A6D22F4E05202438A6518061DD5CE
:1057C000D4F89C20B2F5804F00F03F8200F2B68002
:1057D0004AB1B2F5005F40F0BB800021201DFFF709
:1057E000D1FC23680546002D40F0A6818949D4F8F4
:1057F0009C008A6D22F4604202438A6519070BD52A
:10580000D4F88010B1F5805F00F03E828148426D8F
:1058100022F440520A434265DA060BD5D4F89410BC
:10582000B1F5807F00F025827A48826D22F44072C3
:105830000A4382651F030ED5D4F8A010B1F5803F4E
:1058400000F0D480B1F5003F00F0D780002900F0CF
:10585000BA810126354658030FD5D4F88420B2F515
:10586000001F00F0B080B2F5401F00F0B380B2F529
:10587000801F00F0A08101263546D90309D5E26CCE
:10588000002A00F08681B2F5803F00F02D810126CC
:1058900035469A0000F1D2809F035CD4301E18BFB9
:1058A0000120DE0206D55B49256F0A6D22F0004219
:1058B0002A430A65DD0007D55649D4F8B4500A6971
:1058C00022F480422A430A61990206D55149A56E05
:1058D0000A6D22F080722A430A655A0009D54D4AA2
:1058E000116921F4004111611169D4F8B8502943BC
:1058F0001161002B06DA474A216DD36C23F0405327
:105900000B43D364BDE8F88322F08051B1F1804F9E
:105910003FF429AFB2F1405F3FF425AF0126354691
:105920002CE722F48061B1F5805F3FF43CAFB2F523
:10593000406F3FF438AF012635463FE722F400516F
:10594000B1F5004F3FF44FAFB2F5C04F3FF44BAF4E
:105950000126354652E7E26FB2F5807F00F02281E2
:1059600006D922F48071B1F5007F03D0012098E7B9
:10597000002AFBD1002DF9D1264D301E696D18BFCC
:10598000012021F440710A436A658AE73546002DFB
:1059900040F0A4801F49606D0A6D22F007020243A7
:1059A0000A651BE50121201DFFF7ECFB2368054676
:1059B000002D40F0DE801749E06E0A6D22F0405263
:1059C00002430A65F2E5012104F12400FFF754FCCB
:1059D00023680546002D40F0DA800E49D4F8840093
:1059E0004A6D22F4401202434A6546E7022104F15F
:1059F0002400FFF741FC23680546002D40F0C580D8
:105A00000449D4F8A0008A6D22F4403202438A652A
:105A100021E700BF00440258012104F12400FFF7F0
:105A20002BFC23680546002D40F0AD80AF49A06FE8
:105A30004A6D22F0380202434A654CE6022104F125
:105A40002400FFF719FC236800283FF425AF012646
:105A500022E7A74F3B6843F480733B60FCF7C6FE28
:105A6000804606E0FCF7C2FEA0EB0800642800F2C6
:105A70007E813B68DA05F5D5002D40F0A4819B4A74
:105A8000D4F8B030116F594011F4407F0BD0116F32
:105A9000106F21F4407140F480301067106F20F4D3
:105AA000803010671167B3F5807F00F06E8103F4DA
:105AB0004072B2F5407F00F07C818C490A6922F483
:105AC0007C520A61894AC3F30B03116F0B431367BE
:105AD0002368CEE52E46C1E42E469DE42E467DE4A5
:105AE0002E4618E52E46DBE40221201DFFF74AFB77
:105AF00005462368002D53D17C49E06CCA6C22F422
:105B000080320243CA64C4E67849CA6A42F4003269
:105B1000CA6277E47549CA6A42F40032CA6292E402
:105B20007249CA6A42F40032CA62AEE46F49CA6A74
:105B300042F40032CA62E4E42E465FE62E463DE6B9
:105B40006A49606CCA6C22F003020243CA648DE5A4
:105B50006649606F4A6D22F0070202434A65D3E549
:105B60006249D4F890008A6D22F0070202438A65E8
:105B7000E4E52E461AE52E4600E62E46ABE42E4618
:105B8000E6E42E4602E52E46A5E52E4663E62E46C1
:105B900073E65649CA6A42F40032CA62002DABD09D
:105BA0002E4676E65148C16A41F40031C162002DAB
:105BB0007FF4DCAEE0E64D49CA6A42F40032CA62C4
:105BC000002DE4D109E7201DFFF7DCFA0546236824
:105BD000002DDAD114E7022104F12400FFF74CFB79
:105BE00005462368002DC6D1C0E54049CA6A42F483
:105BF0000032CA62002D7FF438ADA1E73B49CA6A82
:105C000042F40032CA62002DB3D1D4E6012104F17E
:105C10002400FFF731FB05462368002DAFD190E447
:105C2000012104F12400FFF727FB05462368002D1E
:105C3000A7D1A3E4022104F12400FFF71DFB0546D0
:105C40002368002D7FF47AAFB0E5022104F124002F
:105C5000FFF712FB05462368002D7FF46DAFC5E505
:105C60000221201DFFF78EFA05462368002D84D1FE
:105C70002AE4022104F12400FFF7FEFA2368002839
:105C80003FF4D8AD0126D5E5022104F12400FFF749
:105C9000F3FA236800283FF4BFAD0126BCE50021DC
:105CA00004F12400FFF7E8FA23680546FFF7AABBD2
:105CB0002368FFF785BB002104F12400FFF7DCFA1D
:105CC00023680546FFF7BFBB002104F12400FFF75E
:105CD000D3FA23680546FFF7D8BB002104F124005E
:105CE000FFF7CAFA236805460BE400BF00440258D8
:105CF000004802580021201DFFF744FA236805469A
:105D000045E6002104F12400FFF7B6FA23680546B2
:105D10003DE633493546CA6A42F40032CA6236E685
:105D200002212430FFF7A8FA0646002E3FF43AABD2
:105D3000BEE70121201DFFF725FA05462368002D47
:105D40007FF4FBAC0CE70121201DFFF71BFA054691
:105D50002368002D7FF4D7ACFAE60121201DFFF760
:105D600011FA05462368002D7FF40DAF5EE6032689
:105D7000236835467DE40126FFF722BB1848C16A37
:105D800041F40031C162FFF714BBFCF72FFDDFF8CF
:105D90005080074641F2883904E0FCF727FDC01B1C
:105DA0004845E4D8D8F870309B07F6D5D4F8B03021
:105DB0007DE60B480B4A016902EA131221F47C517B
:105DC0000A4302617EE623682E4652E401263546E8
:105DD0004CE40126354697E401263546AEE400BF83
:105DE00000440258CFFFFF0008B5FFF77DF9054BCF
:105DF000054A1B6AC3F30213D35C03F01F03D840A8
:105E000008BD00BF00440258F03C0108584B70B474
:105E1000996A9D6ADE6A15F47C3FC5F30532DC6B36
:105E20005CD0C4F3CC0406F0100601F0030106FBBD
:105E300004F4012907EE904AB8EEE77A03D002296C
:105E400075D000294FD007EE902ADFED4A6AF8EEB0
:105E5000E77A9B6B86EEA76A9FED475AC3F3080368
:105E600006EE903AF7EE005AF8EEE66AE7EE056ABB
:105E700076EEA56A66EE266A3D4AB7EE006A936B37
:105E8000C3F3462307EE103AB8EEC77A70BC37EE7C
:105E9000067AC6EE877AFCEEE77AC0ED007A936B5D
:105EA000C3F3064307EE103AB8EEC77A37EE067A28
:105EB000C6EE877AFCEEE77AC0ED017A936BC3F306
:105EC000066307EE903AF8EEE77A77EE867A86EE8A
:105ED000A77ABCEEC77A80ED027A704770BCC0E941
:105EE0000022826070471968890627D51C6807EE72
:105EF000902A2249F7EE005A9B6BC4F3C102F8EED8
:105F0000E77A9FED1D5AC3F30803D14006EE903A9D
:105F100006EE101AF8EEE66AB8EEC66AE7EE056A13
:105F200086EE277A76EEA56A66EE876AA4E707EE24
:105F3000902ADFED136AF8EEE77A8AE707EE902AF7
:105F40009FED105A9B6BB7EE006AF8EEE77ADFED33
:105F50000A5AC3F30803C5EE276A07EE903AF8EE33
:105F6000E77AE7EE257A77EE867A66EEA76A83E728
:105F7000004402580024744A000000390090D00305
:105F80000024744B0024744C584B70B4996A9D6A79
:105F9000DE6A15F07C7FC5F305525C6C5CD0C4F3FF
:105FA000CC0406F4807601F0030106FB04F4012919
:105FB00007EE904AB8EEE77A03D0022975D000299F
:105FC0004FD007EE902ADFED4A6AF8EEE77A1B6CB5
:105FD00086EEA76A9FED475AC3F3080306EE903A90
:105FE000F7EE005AF8EEE66AE7EE056A76EEA56A85
:105FF00066EE266A3D4AB7EE006A136CC3F3462389
:1060000007EE103AB8EEC77A70BC37EE067AC6EEE5
:10601000877AFCEEE77AC0ED007A136CC3F306438F
:1060200007EE103AB8EEC77A37EE067AC6EE877AF0
:10603000FCEEE77AC0ED017A136CC3F3066307EE5A
:10604000903AF8EEE77A77EE867A86EEA77ABCEE9B
:10605000C77A80ED027A704770BCC0E90022826086
:1060600070471968890627D51C6807EE902A2249CF
:10607000F7EE005A1B6CC4F3C102F8EEE77A9FED0D
:106080001D5AC3F30803D14006EE903A06EE101AEB
:10609000F8EEE66AB8EEC66AE7EE056A86EE277A9B
:1060A00076EEA56A66EE876AA4E707EE902ADFED32
:1060B000136AF8EEE77A8AE707EE902A9FED105A06
:1060C0001B6CB7EE006AF8EEE77ADFED0A5AC3F30D
:1060D0000803C5EE276A07EE903AF8EEE77AE7EE96
:1060E000257A77EE867A66EEA76A83E7004402583F
:1060F0000024744A000000390090D0030024744B3F
:106100000024744C584B70B4996A9D6ADE6A15F489
:106110007C7FC5F305125C6B5CD0C4F3CC0406F045
:10612000010601F0030106FB04F4012907EE904A81
:10613000B8EEE77A03D0022975D000294FD007EED8
:10614000902ADFED4A6AF8EEE77A1B6B86EEA76AC3
:106150009FED475AC3F3080306EE903AF7EE005A54
:10616000F8EEE66AE7EE056A76EEA56A66EE266A5E
:106170003D4AB7EE006A136BC3F3462307EE103AAD
:10618000B8EEC77A70BC37EE067AC6EE877AFCEEB8
:10619000E77AC0ED007A136BC3F3064307EE103ABB
:1061A000B8EEC77A37EE067AC6EE877AFCEEE77A63
:1061B000C0ED017A136BC3F3066307EE903AF8EE75
:1061C000E77A77EE867A86EEA77ABCEEC77A80ED1C
:1061D000027A704770BCC0E900228260704719687B
:1061E000890627D51C6807EE902A2249F7EE005A47
:1061F0001B6BC4F3C102F8EEE77A9FED1D5AC3F39F
:106200000803D14006EE903A06EE101AF8EEE66A60
:10621000B8EEC66AE7EE056A86EE277A76EEA56ADC
:1062200066EE876AA4E707EE902ADFED136AF8EEC0
:10623000E77A8AE707EE902A9FED105A1B6BB7EEBC
:10624000006AF8EEE77ADFED0A5AC3F30803C5EEF9
:10625000276A07EE903AF8EEE77AE7EE257A77EECE
:10626000867A66EEA76A83E7004402580024744ADF
:10627000000000390090D0030024744B0024744CBB
:10628000B0F5807F00B585B048D0B0F5007F11D063
:10629000B0F5806F00F08280B0F5006F52D0B0F59D
:1062A000805F2CD0B0F5002F00F09680002005B064
:1062B0005DF804FB534A136D03F4E073802B59D04F
:1062C00012D9C02B26D0B3F5807FEFD1D36C13F059
:1062D00040535BD0B3F1805F00F08D80B3F1005F7D
:1062E000494818BF0020E2E7002B3CD0402BDDD10D
:1062F00001A8FFF78BFD019805B05DF804FB414A4A
:10630000136D03F4E043B3F5005F33D029D9B3F53F
:10631000405F58D13D4805B05DF804FB394B1B6D1B
:1063200003F00703042BC1D801A252F823F000BFE9
:1063300067630008F16200087563000815630008D0
:10634000836300082F4A936D03F0E063B3F1007F8D
:1063500010D01DD9B3F1407FDCD0B3F1806FB5D040
:10636000A4E7002B34D101A8FFF7CCFE029805B0BA
:106370005DF804FB01A8FFF707FE019805B05DF882
:1063800004FB204BDB6C13F04053A3D120488EE775
:10639000002BE8D0B3F1807FAAD087E7194A936D2C
:1063A00003F46003B3F5800FE4D005D8002BDAD0F6
:1063B000B3F5001F9CD079E7B3F5C00FAAD0B3F5B1
:1063C000000F83D072E7B3F5804F3FF47FAF6DE7E6
:1063D000B3F5805F8CD069E70A4A936D03F44033CC
:1063E000B3F5803F09D0B3F5003F3FF46FAF002B0A
:1063F0007FF45CAF7CE7074859E701A8FFF7C4FDCD
:10640000039854E7004402580024F4000080BB00C5
:106410000090D00300093D0008B5FEF7ABFC064B29
:1064200006499B69064AC3F30323CB5C03F01F03B1
:10643000D840106008BD00BF00440258F03C01087D
:1064400044020024084604F00DB900BF143001F0E6
:1064500069BA00BF38B500F1140504462DED028B72
:10646000284601F01BFA284601F014FA2846B0EE3F
:10647000408A01F0FDF9D0ED007AF8EE677A88EEF7
:10648000277ABDEC028B84ED0E7A38BD38B500F169
:10649000140504462DED028B284601F0EDF928463F
:1064A00001F0F8F92846B0EE408A01F0E1F9D0EDAC
:1064B000007AF8EE677A88EE277ABDEC028B84EDDD
:1064C0000E7A38BD253001F079BF00BF10B540F21B
:1064D00003338EB000244FF60B7240F20341ADF847
:1064E000083009A80123ADF81020ADF82420224679
:1064F000ADF80C100094029907940C94CDE9054472
:10650000CDE90A4401F082FD04A801232246039943
:10651000009401F07BFD09A801F05EFE10B9012096
:106520000EB010BD04A801F057FEA0420CBF02201F
:1065300020460EB010BD00BF2DE9F04103239AB0F4
:10654000012700240646CDE914373B4BCDE9104323
:1065500040F20453CDE91647ADF84830FFF7B6FFD7
:10656000B842054625D0022845D040F60132334BCB
:106570000DF12C081894ADF82C200B981997CDF834
:106580004A3000F0E3F810A906F13C0002F060FE8A
:10659000302003224FF07E5341460D930E93CDE9F8
:1065A0000B02F26B06F1140001F02AF91AB0BDE8F3
:1065B000F0811023214A06A906908DF828300DF1AC
:1065C0002C081F4BCDF84A2007930294CDE91804FC
:1065D000CDE9080402A802F071F80823029A03A981
:1065E0004046ADF80C508DF80E40049505930B9481
:1065F00000F0ECF8C7E700200121104B0DF12C084A
:106600003A460094CDF84A304FF60B730C94ADF82F
:106610002C302346CDE9180140F601314046ADF853
:1066200018100699CDE90D4401F0F0FC21464046D2
:1066300001F0DEFDA7E700BF040204040406040322
:106640000704010B2DE9F04704462DED028B82B0C3
:1066500000294DD0012140F2011200230091ADF834
:1066600004208DF80630364A0127364B04F1040920
:10667000354904F12908626040F20272A36040F6D5
:106680000663E16004F1250AA4F82520A4F8293066
:10669000278284F8277084F82B7004F07FF9054670
:1066A00003F0E2FF6946064650BB4DB304F13000EB
:1066B0008DF8067004F0FAF8072D3CD104F11405AA
:1066C0002046FFF739FF284601F0E4F82846B0EEEF
:1066D000408A01F0CDF8D0ED007AF8EE677A88EEC6
:1066E000277A84ED0E7A02B0BDEC028BBDE8F0870C
:1066F00040F2011300918DF80610ADF80430B2E7B6
:1067000004F1300004F0D2F8072D11D0494620469C
:1067100002F01EFA0EB9002DD0D1504601F072FDE4
:10672000404601F06FFD04F1120000F079F9C5E771
:10673000002EF2D1C2E74946204602F009FABDE731
:106740000508050905070506050A060610B584B003
:1067500003460124ADF8040003A8ADF80C30ADF8F1
:106760000E4001F04FFD214603A801F027FE204610
:1067700003F078FF002103A801F020FE204603F07B
:1067800071FF214603A801F019FE04B010BD00BF3F
:1067900010B5C2F3002384B00C46017C8DF80D20A7
:1067A00043EA4402FA2402238DF80C2003AA009441
:1067B00002F01AF818B10124204604B010BD0446B6
:1067C0000A2003F04FFF204604B010BD034670B509
:1067D00043F8042B044684B007C983E80700A37973
:1067E00083B91A210B461E22FA2523742046ADF8E0
:1067F0000C20022303AA009501F0F6FF28B1012026
:1068000004B070BD1B210B46EDE70A2003F02AFF00
:106810004FF4B85200950223ADF80C20204603AA8D
:10682000217C01F0E1FF0028E9D10A2003F01AFFE2
:1068300041F2027200950223ADF80C20204603AA13
:10684000217C01F0D1FF0028D9D10A2003F00AFFF2
:10685000042200950223ADF80C20204603AA217CD7
:1068600001F0C2FF0028CAD10A2003F0FBFE062275
:1068700000950223ADF80C20204603AA217C01F0EC
:10688000B3FF0028BBD10A2003F0ECFE41F208223E
:1068900000950223ADF80C20204603AA217C01F0CC
:1068A000A3FF0028ABD10A20064603F0DBFE0095CB
:1068B000022303AA217C2046ADF80C6001F094FF6E
:1068C00000289CD1304603F0CDFE009522790C23A0
:1068D0002046002A8DF80C3003AA4FF0020314BFA3
:1068E000622142218DF80D10217C01F07DFF0028EE
:1068F00085D1304603F0B6FE2279D4E902310B434C
:10690000DBB20AB943F0400362790AB143F02003D5
:106910000E22FA258DF80D302046009502238DF8C1
:106920000C2003AA217C01F05FFF00287FF467AFF1
:106930000A2003F097FE102200950223ADF80C20E8
:10694000204603AA217C01F04FFF00287FF457AFB7
:106950000A2003F087FE122100950223ADF80C10E7
:1069600003AA217C204601F03FFF00287FF447AFB7
:106970000A2003F077FE012209212046FFF708FFD5
:10698000003818BF01203BE7F0B5102387B0234C37
:10699000012200250126002702A920460195CDE904
:1069A00002234FF48052CDE9046707F0C9F8642050
:1069B000FBF722FF02A94FF480522046CDE904677D
:1069C00002261027CDE9026707F0BAF80322102348
:1069D00002A92046CDE9022300230422CDE90423A5
:1069E0004FF4805207F0ACF840F23223042202A99F
:1069F000019310232046CDE90223019A0123059239
:106A00004FF48052049307F09BF840F606012046AD
:106A100007F0B6F8284607B0F0BD00BF58F60024CE
:106A20001C4B00221C494FF0400C30B5054689B084
:106A30000220596007219A601A620124DA620A2250
:106A40004FF4006EDC6006922022CDE900010420A4
:106A50000821CDE9020103201021CDE9040108201D
:106A60006946C3E904024FF4C072181DC3E906C2A7
:106A70004FF48052C3E909E207F038F838B92846E4
:106A8000FFF782FF003818BF012009B030BD204653
:106A900009B030BD54F6002440410052614A002143
:106AA000D0B513688EB00A91002B40F0B9805E4BD0
:106AB00001214FF683700C2411600221D3F8D420F9
:106AC0000026032742F48052C3F8D420D3F8D42000
:106AD00002F480520092009AD3F8E02042F01002B3
:106AE000C3F8E020D3F8E02002F010020192019AEE
:106AF000D3F8E02042F04002C3F8E020D3F8E020D1
:106B000002F040020292029AD3F8E02042F008021A
:106B1000C3F8E020D3F8E02002F008020392039AC1
:106B2000D3F8E02042F48072C3F8E020D3F8E020EC
:106B300002F480720492049AD3F8E02042F08002BA
:106B4000C3F8E020D3F8E02002F080020592059A15
:106B5000D3F8E02042F02002C3F8E020D3F8E02090
:106B600002F020020692069AD3F8E02042F00402D6
:106B7000C3F8E020D3F8E0300C9403F0040307934B
:106B80000323079A0B93CDE9080108A9274804F0CD
:106B900041F948F23712022308A925480C94CDE99F
:106BA0000823CDE90A6704F035F94CF20372022399
:106BB00008A920480C94CDE90823CDE90A6704F020
:106BC00029F940F2FF62022308A91B480C94CDE981
:106BD0000823CDE90A6704F01DF94FF60C72022371
:106BE00008A916480C94CDE90823CDE90A6704F0FA
:106BF00011F94FF63F02022308A911480C94CDE980
:106C00000823CDE90A6704F005F92022022308A928
:106C10000A480C94CDE90A67CDE9082304F0FAF894
:106C20000EB0D0BD50F600240044025800100258A7
:106C300000180258000C025800200258001C02588C
:106C4000001402582DE9F04FDFF8108406460D4677
:106C5000144608F118002DED028B89B000AF02F048
:106C6000EFFBD8F8183073B3D8F81C30D8F804907C
:106C7000002B43690BBF4FF0080A4FF0100A4FF08A
:106C8000020B4FF0040BB9F1000F2AD0A200EA4624
:106C9000012B02F1070222F00702ADEB020D68465C
:106CA000ADEB020D694600F03F81022B00F0D6806B
:106CB000002B6FD02246C847D5462437BD46BDECD1
:106CC000028BBDE8F08FD8F81C30002BF5D0D8F837
:106CD00004904FF0080A4FF0020B4369B9F1000F1E
:106CE000D4D1FB61D8F80030BB61002BE5D0D5488A
:106CF00002F018FC6B46BBF1020F786108EE103A07
:106D0000FB6900F083816A465146A2EBC4029546B6
:106D10006200EA46B2FBFBF2AAEBC40085460AEB2E
:106D20008200EE46F861ADEB010DF8690EEB820CC6
:106D3000C7F810C0EC46ADEB010D00EB8201CCF8BA
:106D40000400CCF8081001EB82013869E946CCF860
:106D50000C1000EB8201CCF800A001EB8202C9E923
:106D600000E0C9E90212012B00F06483022B00F05D
:106D70006C82002B00F08081620849466046BB6946
:106D8000984718EE103A24379D46BD46BDEC028B5D
:106D9000BDE8F08F002C8DD01A46D8ED0C6A9FED1F
:106DA000B27A8446331D36F922E00CF1080C07EE66
:106DB00090EA33F922E00232F8EEE77A944267EE85
:106DC000877A67EEA67A4CED027A07EE90EAF8EE43
:106DD000E77A67EE877A67EEA67A4CED017AE2D819
:106DE000F9612246C847984ED8ED0D6A0020F9692E
:106DF0002B1D9FED9E7A9FED9E6ADFED9E5A22E04D
:106E0000F4EEC67AF1EE10FAC0F2C88447F6FE72CC
:106E1000D1ED017A45F8202066EEA77AF4EEC77A24
:106E2000F1EE10FA40F2F080F4EEC67AF1EE10FACC
:106E3000C0F2D58447F6FE7243F8202002300831B4
:106E400084427FF639AFD1ED007A66EEA77AF4EE90
:106E5000C77AF1EE10FAD3D83246D9E7002C3FF4C6
:106E600029AFD8ED0C6A84469FED787A0022331D55
:106E70008E4656F822100CF1080C07EE901A53F8C3
:106E800022100232F8EEE77A944267EE877A67EED4
:106E9000A67A4CED027A07EE901AF8EEE77A67EEE2
:106EA000877A67EEA67A4CED017AE2D871462246DF
:106EB000C7F81CE0C847664ED8ED0D6A0020F96996
:106EC0002B1D9FED6A7A9FED6A6ADFF894C120E07E
:106ED000F4EEC67AF1EE10FAC0F279843246D1EDC2
:106EE000017A45F8202066EEA77AF4EEC77AF1EE33
:106EF00010FA40F28780F4EEC67AF1EE10FAC0F292
:106F00005E84324643F820200230083184427FF606
:106F1000D3AED1ED007A66EEA77AF4EEC77AF1EE41
:106F200010FAD5D86246DAE7002C3FF4C3AED8EDAC
:106F30000C6A86469FED477A4FF0000C331D56F8D9
:106F40002C200EF1080E82F40002A2F5000207EEDA
:106F5000902A53F82C200CF1020CF8EEE77A82F418
:106F600000026445A2F5000267EE877A67EEA67A12
:106F70004EED027A07EE902AF8EEE77A67EE877A0E
:106F800067EEA67A4EED017AD9D8F9612246C84754
:106F9000314ED8ED0D6A0020F9692B1D9FED337A33
:106FA0009FED336ADFF8BCC01FE0F4EEC67AF1EE65
:106FB00010FAC0F2FC833246D1ED017A45F8202068
:106FC00066EEA77AF4EEC77AF1EE10FA18D9F4EE6D
:106FD000C67AF1EE10FAC0F2DA83324643F8202086
:106FE0000230083184427FF667AED1ED007A66EE5A
:106FF000A77AF4EEC77AF1EE10FAD6D86246DBE74C
:107000006246EBE762467DE7324615E7A100D646C9
:107010006208073121F00701ADEB010DEA46ADEB47
:10702000010D6946ADEB0E0D0AEB8200EC46ADEBAF
:107030000E0D01EB8202F861E946CCE900A0C9E936
:10704000001290E6A8F600240280FFFF0000003046
:107050000082FF7F0000003482FF7F008CF6002456
:10706000007E00807E0080FF0000003804FF7FBFAC
:1070700004FF7F3F00FEFF46002C00F0C982BBF1F9
:10708000020FD8F8242000F0FA827969C7F804903A
:1070900002EB810E5FED0C5A8A00DCF808100EF14D
:1070A00004007A611A46DCF80C303B61331DD7F8D6
:1070B00010903D61FD69C7E902CB8C46834636F9E5
:1070C0002210D8ED0C7A06EE101A33F9221006EED3
:1070D000901A3EF92210B8EEC66A07EE101AF8EEC2
:1070E000E66A3BF92210B8EEC77A26EE256A66EE0C
:1070F000A56A27EE257A26EE276A66EEA76A27EEAE
:10710000277A07EE901A51080232F8EEE77A0AEB76
:107110008100944280ED006A05EB810067EEA57A5C
:10712000C0ED006A0CEB810009EB810180ED007A73
:1071300098ED0C7A67EE877AC1ED007ABFD8D7F860
:1071400004903D69D7E902CB60466208BB694946B5
:107150009847D8F82C307A69D8ED0D6A1A441FED9B
:107160003D7A1FED3D6A2B1D904602F1040A5FED4A
:107170003F5A0022A84ED9E900EC51E0F4EEC67A5D
:10718000F1EE10FAC0F2C78247F6FE7045F8220011
:107190000CEB0100D0ED007A66EEA77AF4EEC77A28
:1071A000F1EE10FA4BD9F4EEC67AF1EE10FAC0F215
:1071B000BA8247F6FE70BBF1020F43F822002BD0D3
:1071C000D9F808000844D0ED007A66EEA77AF4EE0C
:1071D000C77AF1EE10FA36D9F4EEC67AF1EE10FA6B
:1071E000C0F2CD8247F6FE7048F82200D9F80C00B4
:1071F0000144D1ED007A66EEA77AF4EEC77AF1EE9B
:1072000010FA1ED9F4EEC67AF1EE10FAC0F2AF828F
:1072100047F6FE714AF82210023294427FF6B1AD71
:1072200051080EEB81008900D0ED007A66EEA77A56
:10723000F4EEC77AF1EE10FAA0D83046A6E7304651
:10724000B9E73146E6E73046CEE7002C00F0E081B2
:10725000BBF1020FD8F8243000F0E1817A69DCF844
:10726000081003EB820EC7F804909300DFED6B5A11
:107270000EF1040000227B61DCF80C303B61331D11
:10728000D7F810903D61FD69C7E902CB8C46834673
:1072900056F82210D8ED0C7A07EE101A53F8221087
:1072A000B8EEC76A07EE101A5EF82210F8EEC76A49
:1072B00007EE101A26EE256A5BF82210B8EEC77AA0
:1072C00066EEA56A26EE276A27EE257A66EEA76A9D
:1072D00027EE277A07EE901A51080232F8EEE77A85
:1072E0000AEB8100944280ED006A05EB810067EEB5
:1072F000A57AC0ED006A0CEB810009EB810180EDFD
:10730000007A98ED0C7A67EE877AC1ED007ABFD8E3
:10731000D7F804903D69D7E902CB60466208BB69A3
:1073200049469847D8F82C307A69D8ED0D6A1A4446
:107330009FED3E7A9FED3E6A131D9246DFF8E4C052
:107340000022FB612B1D364ED9E9008E4EE0F4EE93
:10735000C67AF1EE10FAC0F2FC81304645F8220000
:107360000EEB0100D0ED007A66EEA77AF4EEC77A54
:10737000F1EE10FA49D9F4EEC67AF1EE10FAC0F245
:10738000EF813046BBF1020F43F822002AD0D9F832
:1073900008000844D0ED007A66EEA77AF4EEC77ACA
:1073A000F1EE10FA35D9F4EEC67AF1EE10FAC0F229
:1073B000C98130464AF82200D9F80C000144D1EDC9
:1073C000007A66EEA77AF4EEC77AF1EE10FA1ED9CB
:1073D000F4EEC67AF1EE10FAC0F2AD813146F869EA
:1073E00040F82210023294427FF6CBAC510808EBF1
:1073F00081008900D0ED007A66EEA77AF4EEC77AB4
:10740000F1EE10FAA3D86046A8E76046BAE76146F5
:10741000E5E76046CEE700BF0280FFFF00000030D6
:107420000082FF7F007E00800000003404FF7FBFE9
:1074300004FF7F3F002C00F0EB807A690021D8F830
:107440002430C7F8109003EB820ED7F81C909300FD
:10745000FD610EF104021FED0C6A7B61331D1546C0
:1074600056F821204808D8ED0C6ABBF1020F82F4CF
:107470000002A2F5000207EE902A53F8212082F4C0
:107480000002B8EEE77AA2F5000227EE067A07EED0
:10749000902A0AEB8002F8EEE77A27EE267A67EE6A
:1074A000867A82ED007A09EB80024FEA800067EE6F
:1074B000A67AC2ED007A27D05EF8212082F400027D
:1074C000A2F5000207EE902A55F8212082F400026E
:1074D000B8EEE77AA2F5000227EE067A07EE902AC8
:1074E000DCF80820F8EEE77A024427EE267A67EE09
:1074F000867A82ED007A98ED0C7ADCF80C2067EE43
:10750000877A0244C2ED007A02318C42A8D8D7F8BB
:10751000109060466208BB694946FD699847D8F8F3
:107520002C307A69D8ED0D6A1A441FED407A1FEDB0
:10753000406A131D9246DFF8C4C20022FB612B1D76
:10754000AB4ED9E9008E4EE0F4EEC67AF1EE10FAB9
:10755000C0F2C580304645F822000EEB0100D0EDA8
:10756000007A66EEA77AF4EEC77AF1EE10FA49D9FE
:10757000F4EEC67AF1EE10FAC0F2BF803046BBF1ED
:10758000020F43F822002AD0D9F808000844D0EDB1
:10759000007A66EEA77AF4EEC77AF1EE10FA35D9E2
:1075A000F4EEC67AF1EE10FAC0F2AE8030464AF838
:1075B0002200D9F80C000144D1ED007A66EEA77ADA
:1075C000F4EEC77AF1EE10FA1ED9F4EEC67AF1EEB7
:1075D00010FAC0F28B803146F86940F8221002326E
:1075E00094427FF6CEAB510808EB81008900D0EDC4
:1075F000007A66EEA77AF4EEC77AF1EE10FAA3D815
:107600006046A8E76046BAE76146E5E76046CEE730
:10761000224649466046BB699847FFF7B2BBC7F8A8
:1076200010B0002298ED0C6A331DDFED726AD7F8B6
:107630001CB0786956F8221007EE901A53F8221001
:10764000B8EEE77A07EE901A51080232F8EEE77AC0
:1076500027EE267A0AEB810E94420BEB810167EE4E
:10766000A67A27EE067A67EE867A8EED007AC1ED6D
:10767000007ADFD88300D7F810B07B614DE61A4658
:10768000C7F810B098ED0C6A331DDFED5B6AD7F8D0
:107690001CB0786936F9221007EE101A33F922105F
:1076A00007EE901AB8EEC77A51080232F8EEE77A80
:1076B00027EE267A0AEB810E94420BEB810167EEEE
:1076C000A67A27EE067A67EE867A8EED007AC1ED0D
:1076D000007ADFD88300D7F810B07B6134E5F0EE94
:1076E000675AFEEEE45A15EE900A34E7F0EE675A58
:1076F000FEEEE45A15EE901A6EE7F0EE675AFEEED3
:10770000E45A15EE900A3AE7F0EE675AFEEEE45AB4
:1077100015EE900A4BE767EEA57AFDEEE77A17EED5
:10772000900A00B232E567EEA57AFDEEE77A17EE31
:10773000900A00B23FE5F0EE675AFEEEE05A15EE11
:10774000901A4CE6F0EE675AFEEEE05A15EE900AFB
:1077500030E6F0EE675AFEEEE05A15EE900AFDE5CF
:10776000F0EE675AFEEEE05A15EE900A0AE667EE72
:10777000A57AFDEEE77A17EE901A09B24AE567EEB0
:10778000A57AFDEEE77A17EE900A00B22CE5F0EE4E
:10779000675AFEEEE45A15EE902A1FE467EEA57ACA
:1077A000FDEEE77A17EE902A12B2FFF731BBF0EE4A
:1077B000675AFEEEE45A15EE902AFFF7FDBBF0EE95
:1077C000675AFEEEE05A15EE902AFFF79BBBF0EEEB
:1077D000675AFEEEE05A15EE902AFFF780BB67EE7F
:1077E000A57AFDEEE77A17EE902A12B2FFF724BBD6
:1077F00082FF7F0000000030000000387E0080FF24
:1078000030B5184C154685B0046004F1080EEC46FE
:107810000FC98EE80F00D4ED047AF5EEC07A8CE83B
:107820000F00F1EE10FA1ADDB7EE006A94ED057A5A
:1078300027EE277AC6EE276A84ED0D7AC4ED0C6A2E
:107840006DB1204640F8185F01F0FAFD0649036962
:107850000020064A2162A262E36005B030BD01202B
:1078600005B030BD8CF60024002000300000003050
:1078700000680830704700BFB1F5807F03680A4692
:1078800028BF4FF48072B1F5807F9A6094BF0020CA
:10789000012070470068183001F032BE70B50468EE
:1078A0008AB0A369E160CBB104F11805284601F064
:1078B000C7FD8446EE46E668BCE80F00AEE80F0060
:1078C000BCE80F00AEE80F009CE803008EE8030060
:1078D00069462846049601F0BBFCF8B9E069D8B1C6
:1078E00004F11C05284601F0ABFD8446EE46E46831
:1078F000BCE80F00AEE80F00BCE80F00AEE80F00D8
:107900009CE803008EE8030069462846049401F0D1
:107910009FFC003818BF01200AB070BD01200AB0DA
:1079200070BD00BF30B5046883B00D46E3694BB14C
:10793000A3680020E26A616A9B00009004F11C00C9
:1079400001F080FDA3680748A26A9B00216A0090AD
:1079500004F1180001F076FD0020C4E9005003B0E6
:1079600030BD00BF456C000810B4074B4FF07E518E
:1079700030240022032019619C60D8605DF8044B1C
:107980005961C3E9062270478CF6002400B583B024
:107990004FF0000E4FF0030C4274ADF80410BDF828
:1079A000043080F810E0A0F802C0038003B05DF856
:1079B00004FB00BF2DE9F04FDFF81C8300258DB0DC
:1079C000C04C037008F140034260074601920E4626
:1079D000202229464046C4F86831C4F86481CDE9C4
:1079E0000255CDE90455CDE90655CDE90855CDE957
:1079F0000A550BF009FC2022294604F5A170C4F8B1
:107A00003151C4F83551C4F83951C4F83D510BF027
:107A1000FBFB019B84F8485284F830317A68002AD5
:107A20006AD02B4604F59871454606F1100A9E4629
:107A3000F01856F803B0E2180EF1010ED0F80CC0A1
:107A4000D0F80490D0F8088044F803B0C2F80CC015
:107A50004FF0000CC2F80490C2F80880008A25F8A4
:107A600002CB10821AF8032001F8012F002A70D0EF
:107A70007A684FF001001233724584F84802D7D873
:107A80004FF4802290489DF8043008214FF0000800
:107A90004FF00009C4F884310023C4E95B020122DD
:107AA000C4F8743184F88031C4E95E2194F8481236
:107AB000C4E96489A9B3C4F89821002284F881310B
:107AC00084F888313B78C4E96722002B38D0012242
:107AD00000200121013B84F8A421C4E96C01082B9A
:107AE00030D8DFE813F0BD00C200C700CC00D100E1
:107AF000D600DB00E100E8009DF804300121C4F865
:107B00007421C4F884314FF4802384F880216E4AB4
:107B1000C4E95B2308230022C4E95E130023C4E9FF
:107B200064230123002284F88131002384F8883102
:107B30000323C4F898313B78C4E96722002BC6D1EF
:107B400084F8A4316148FBF739FC034638B1FFBE25
:107B5000FEE77A68123372453FF66AAF90E702A9F2
:107B60005A480293FBF788FD8246002876D104220A
:107B700040F2FF710A90CDE9081294F83021002AF2
:107B800000F0F3804FF006080AEBCA034FEACA0977
:107B900004EB43035B7C072B07D8DFE803F0595C59
:107BA0005653504D4A04072307930FFA8AF6D144DF
:107BB00006EBC60604EB490904EB46077500384698
:107BC00000F020FB99F81030042B00F3AA80022B60
:107BD00000F3BD8000F0B98004EB0A03002283F8B3
:107BE000202114F81630002B78D0022B00F08A8068
:107BF000012B40F0B2807B78012B00F0B080002B8D
:107C0000334B18BF002305A93048CDE90538FAF7F2
:107C1000E3FE002840F0AC800AF1010A94F830310C
:107C20005FFA8AFA534540F2A0802A4B53F82A8023
:107C3000AAE706230793B8E705230793B5E70423CC
:107C40000793B2E703230793AFE702230793ACE759
:107C500000230793A9E701230793A6E7FFBEFEE7EA
:107C600003224023C4E96A236CE707226023C4E9A6
:107C70006A2367E70F228023C4E96A2362E71F2291
:107C8000A023C4E96A235DE73F22C023C4E96A2335
:107C900058E77F22E023C4E96A2353E7FF224FF429
:107CA0008073C4E96A234DE740F2FF124FF49073EA
:107CB000C4E96A2346E740F2FF324FF4A073C4E9F7
:107CC0006A233FE7C8F600240020024034F800246D
:107CD0000002B025403C0108004000307B78062BB4
:107CE00037D0072B3DD0022B4AD0032B4AD0002B94
:107CF0004CD0012B48D0042B4AD0052B254B18BF64
:107D0000002380E77B78042B25D0052B2BD08BB369
:107D1000012B31D0022B31D0032B1F4B18BF002376
:107D200071E70323043504EB0A0B4FF000092544E7
:107D30008BF82031284609F1010900F063FA9BF81D
:107D4000203104354B45F5DC4BE70123EAE70223FC
:107D5000E8E7124B57E7124B55E7002353E7114B67
:107D600051E7114B4FE7114B4DE70DB0BDE8F08FD8
:107D7000FFBEFEE70E4B46E70E4B44E70E4B42E7D5
:107D80000E4B40E70E4B3EE70E4B3CE70E4B3AE7FF
:107D90000E4B38E70000B84F002090360800900CDA
:107DA0001000C0102000F0148000501D0001802140
:107DB0000004002A0008302E001060320040C03A53
:107DC0000080F03E00005247000021430000844B39
:107DD00038B5094C40F2FF724FF0011104F5B67549
:107DE0002846FBF7F7FB94F83021D4F864112846B5
:107DF000BDE83840FBF73EB9C8F60024064B0F2912
:107E0000D3F8643198BF03EB41031B8800EE103AAE
:107E1000BBEEC80A704700BFC8F60024214B0268B9
:107E20009A4200D07047204A00232048D2F8D81048
:107E300030B51F4C41F0200183B0C4F8D0010920B7
:107E400004F5E875C4E975034FF48060C2F8D810F2
:107E5000D2F8D8204FF40061C4E9773094F8480292
:107E600002F02002C4F8E4114FF40051984201924C
:107E70002846C4F8E811C4E97C33019B14BF0023F1
:107E80004FF48073C4F8EC31FBF71CFE08B1FFBE61
:107E9000FEE704F5B673C4F8B851C4F8083203B06D
:107EA00030BD00BF002002400044025840000240A4
:107EB000C8F600240148FCF77DB900BF98F80024FB
:107EC00002682DE9F84F4B4B9A4201D0BDE8F88F7C
:107ED000494D95F84832002BF8D095F83031002BF9
:107EE00077D0002405F10C0905F5A17605F5987702
:107EF000A04613E003F0010117F811BCA9F1080036
:107F000000F05CFABBF1010F25D895F8303101344F
:107F100009F112090236A2B293422BD917F8012FA8
:107F2000002AF4D0D5F864310021327833F81400F7
:107F3000D5F8683103EB041323F8120033880133BA
:107F40009BB233805FFA83FA3A789A42D2D88A4653
:107F5000A6F80080D0E7CAF34001A9F1040000F0C0
:107F60002DFABBF1020FCAF38001CED0484600F0D3
:107F700025FACAE7002395F84802204909229842C9
:107F8000C5F8D8314FF48060C5F8D011C5F8D421B8
:107F90004FF400614FF40052C5F8DC3108BF4FF4D4
:107FA0008073C5F8E821C5E9780100221448C5E9C5
:107FB0007B32C5F8F421FBF785FD08B1FFBEFEE773
:107FC00095F83021D5F864110E48BDE8F84FFBF75D
:107FD00051B80A4909224FF48060C5F8D831C5E983
:107FE00074124FF400614FF40052C5E97730C5E9CF
:107FF0007912DAE700200240C8F60024400002406F
:1080000098F8002434F80024704700BF10B592B0EF
:10801000ADF804100180C9B2149C0B29C460C0E9FA
:1080200001233FD090F801C0BCF10F0F3AD8022ACB
:108030003FD0032A02D0012A00D000220E92012B49
:1080400002D0022B18BF0023022C0F932CD0032C3C
:108050002AD0012C28D000230A29109327D85C4A63
:1080600002EB812202610A2914D8DFE801F0A3950E
:1080700087796B5D4F4133250600564BD3F8E010EE
:1080800041F48061C3F8E010D3F8E03003F480637A
:108090000C930C9B01230DA9104603FA0CF30D93CE
:1080A00002F0B8FE12B010BD0A291094D7D90022F0
:1080B000D8E711220E92C2E7464BD3F8E01041F404
:1080C0000071C3F8E010D3F8E03003F400730B93B1
:1080D0000B9BDFE73F4BD3F8E01041F48071C3F80E
:1080E000E010D3F8E03003F480730A930A9BD1E7E1
:1080F000384BD3F8E01041F08001C3F8E010D3F81A
:10810000E03003F080030993099BC3E7314BD3F8B8
:10811000E01041F04001C3F8E010D3F8E03003F084
:1081200040030893089BB5E72A4BD3F8E01041F0D1
:108130002001C3F8E010D3F8E03003F020030793E8
:10814000079BA7E7234BD3F8E01041F01001C3F8D9
:10815000E010D3F8E03003F010030693069B99E794
:108160001C4BD3F8E01041F00801C3F8E010D3F83D
:10817000E03003F008030593059B8BE7154BD3F81C
:10818000E01041F00401C3F8E010D3F8E03003F050
:1081900004030493049B7DE70E4BD3F8E01041F0F9
:1081A0000201C3F8E010D3F8E03003F002030393B8
:1081B000039B6FE7074BD3F8E01041F00101C3F8D0
:1081C000E010D3F8E03003F001030293029B61E773
:1081D000000002580044025808B5012143780069A4
:1081E000994089B203F01EF8003818BF012008BD7D
:1081F00001230A464178006903FA01F189B203F0CC
:1082000017B800BF8378022B30B504468FB037D043
:10821000032B33D0012B31D000230A93E378012BB9
:108220002AD0022B28D000230B93002320460C9346
:1082300002F038FD0546204602F03CFD2378099007
:10824000082B13D8DFE803F01F3245586B7E91A44A
:108250000500594BD3F8E02042F48072C3F8E020C7
:10826000D3F8E03003F480730893089B09A92846EB
:1082700002F0D0FD0FB030BD0B93D6E70A93CDE7E7
:1082800011230A93CAE74C4B09A92846D3F8E020EA
:1082900042F00102C3F8E020D3F8E03003F001031C
:1082A0000093009B02F0B6FD0FB030BD424B09A910
:1082B0002846D3F8E02042F00202C3F8E020D3F8C9
:1082C000E03003F002030193019B02F0A3FD0FB025
:1082D00030BD394B09A92846D3F8E02042F004020A
:1082E000C3F8E020D3F8E03003F004030293029BCC
:1082F00002F090FD0FB030BD2F4B09A92846D3F8EE
:10830000E02042F00802C3F8E020D3F8E03003F0A8
:1083100008030393039B02F07DFD0FB030BD264B95
:1083200009A92846D3F8E02042F01002C3F8E02063
:10833000D3F8E03003F010030493049B02F06AFDCD
:108340000FB030BD1C4B09A92846D3F8E02042F0FD
:108350002002C3F8E020D3F8E03003F020030593B7
:10836000059B02F057FD0FB030BD134B09A92846FD
:10837000D3F8E02042F04002C3F8E020D3F8E03028
:1083800003F040030693069B02F044FD0FB030BD9E
:10839000094B09A92846D3F8E02042F08002C3F82F
:1083A000E020D3F8E03003F080030793079B02F04E
:1083B00031FD0FB030BD00BF0044025870B5064615
:1083C0000D4602F06FFC0446304602F073FC2A1E94
:1083D0000146204618BF0122BDE8704002F028BFC8
:1083E0000023122270B586B0CDE9022304930368FE
:1083F000032B01D804230593061D841D304602F08B
:1084000051FC0546304602F055FC034601A92846BA
:10841000019302F0FFFC204602F044FC0346204694
:108420001C4602F047FC01A903462046019302F0D6
:10843000F1FC06B070BD00BF634A0368934210B5FB
:108440008CB028D0614A934258D0614A934200F0E0
:108450009480604A934201D00CB010BD5E4C5F48DE
:10846000D4F8E03043F00203C4F8E030D4F8E03050
:1084700003F002030A930A9BFFF7B2FFD4F8F4302B
:1084800043F08003C4F8F430D4F8F43003F08003F0
:108490000B930B9BE0E7504C5148D4F8E03043F08D
:1084A0000203C4F8E030D4F8E03003F00203019393
:1084B000019BFFF795FFD4F8E83000221F2043F41A
:1084C00000131146C4F8E830D4F8E83003F4001380
:1084D0000293029BD4F8D83043F00103C4F8D8309B
:1084E000D4F8D83003F001030393039BFBF738F96A
:1084F0001F200CB0BDE81040FBF770B9364C39486E
:10850000D4F8E03043F08003C4F8E030D4F8E03031
:1085100003F080030493049BD4F8E03043F002039B
:10852000C4F8E030D4F8E03003F002030593059B73
:10853000FFF756FFD4F8E8300022212043F48003EF
:108540001146C4F8E830D4F8E83003F48003069309
:10855000069BD4F8D83043F00103C4F8D830D4F8DF
:10856000D83003F001030793079BFBF7F9F82120AC
:108570000CB0BDE81040FBF731B91B48FFF730FFE6
:10858000154B00224820D3F8E840114644F400047B
:10859000C3F8E840D3F8E84004F400040894089CC9
:1085A000D3F8D84044F00104C3F8D840D3F8D83009
:1085B00003F001030993099BFBF7D2F848200CB0A4
:1085C000BDE81040FBF70AB90054004000580040D5
:1085D000005C0040001C005800440258A0FB00242E
:1085E00018F90024F0F90024C8FA00242DE9F0431A
:1085F0001A4B87B000254FF010099E46EC46184BE9
:10860000FF22E04667461A700EF118060EF130049C
:10861000CDE90055CDE90255ADF80090BCE80F005A
:10862000CDE90455AEE80F009CE803000095ADF8D5
:1086300000908EE80300B8E80F000FC69CE8030026
:108640000095ADF8009086E803000FCF0FC49CE8BA
:10865000030084E8030007B0BDE8F0830C000024A9
:1086600014F9002410B5EFF3108472B6084B1A7891
:10867000120602D504B962B610BD1B78D82205488F
:108680005BB202FB03001430FBF794FDF2E700BF7E
:1086900014F9002418F90024014803F061BC00BF5C
:1086A000A4F90024014803F05BBC00BF7CFA00245D
:1086B000014803F055BC00BF54FB00242DE9F043F2
:1086C0000F68D8243F4D85B007FB04F4032F05EB5A
:1086D0000403036040DCCB680E46012B3CD84DD030
:1086E0004FF0D808B646DFF8FC9008FB0758BEE804
:1086F0000F00C446ACE80F00DEF800300DF1100E9C
:10870000CCF80030D8F808C099E80F000EE90F0047
:108710000EEB8703BCF1010F53F8103CC8F88C3006
:1087200031D0BCF1020F42D0BCF1000F35D0317C0A
:108730008C34D823002201202C4403FB075349002A
:10874000C3E92602C3F894102046C3E92822C3E9EE
:108750002A2203F0F7F918B1012005B0BDE8F08333
:108760000146204603F008FC0028F5D101462046CA
:1087700003F02CFC003818BF0120EEE70B7C103B07
:10878000672BADD9E8E702F007F90F4B98420CBF11
:108790000E4B0F4BC8F89030C9E702F0FDF80A4BBA
:1087A00098420CBF0B4B0C4BC8F89030BFE702F05F
:1087B000F3F8054B98420CBF084B094BC8F89030B2
:1087C000B5E700BF18F90024000E27072D0FB030C1
:1087D0003211D0205F4390608A62E030200BA010FD
:1087E0001A098010EC3A01082DE9F041D0F8008018
:1087F00082B00D4617461E4608F18C04204603F051
:10880000B7FB2028FAD1D8F80C3073B96D00204698
:10881000089C33463A46A9B2009403F0E9F90038BF
:1088200018BF012002B0BDE8F081089B32463946EE
:10883000204603F0B1FAF2E7044B10221A7483F8D1
:10884000E82083F8C02183F89822704718F90024A3
:1088500030B5002395B04FF48071062204460B9387
:1088600006921393CDE90C13CDE90E33CDE9113304
:1088700002F094F807282BD004F1100541F2883259
:1088800006A9284604F0B4F928B10123184684F853
:108890005C3015B030BD0222022306A92846CDE97E
:1088A000002310220123CDE9022300224FF480038C
:1088B000CDE9042305224FF0807306926A460F9398
:1088C00041F2883304F000FB0028DED115B030BD42
:1088D0000323012084F85C3015B030BD0000000097
:1088E00070B50023A4B04FF080724FF48075044639
:1088F000ADF806300D93CDE910320122CDE90E53CB
:10890000CDE91223CDE91433002943D0F02300F13F
:10891000100508AEADF80630C02341F2883231466A
:108920002846089304F064F928B10123184684F816
:108930005C3024B070BD41F288320DF1060128464A
:1089400004F0C0F903460028EFD105224FF48071EE
:108950001E93284616924FF080721B9321931F920C
:1089600002AA9FED1F7BCDE91C13CDE922338DEDCB
:10897000027B9FED1D7B41F2883316A98DED047BB0
:108980009FED1B7B8DED067B04F09EFA0028CCD179
:1089900024B070BD00F1100508AE612341F28832A9
:1089A00031462846089304F023F90028BDD141F24E
:1089B00088320DF10601284604F002FA0028B4D1ED
:1089C000BDF80630204623F0780343F04003ADF8AD
:1089D0000630FFF73DFF00289ED0A6E7AFF30080EA
:1089E0000000000001000000100000000100000075
:1089F00000000000000040002DE9F04F00234FF47C
:108A0000807501264FF0807804462DED028BABB0C7
:108A10008DF8073013932193299314950E96CDF872
:108A20005C80CDE91533CDE91863CDE91A33CDE982
:108A30002253CDE92433CDE9273306231C9301F0DB
:108A4000ADFF072808D004F1100741F288321CA9B5
:108A5000384604F0CDF840B10123184684F85C3064
:108A60002BB0BDEC028BBDE8F08F4FF0020A4FF047
:108A7000020B4FF0050941F2883308AA1CA93846B9
:108A8000CDF89480CDF870909FED2D8BCDE908AB9B
:108A90004FF0000A4FF4800B8DED0A8BCDE90CAB43
:108AA00004F012FA0028D7D141F2883238460EA9D4
:108AB00004F09EF80028CFD1402341F288320DF116
:108AC000070138468DF8073004F0FCF80028C3D1C0
:108AD00041F288330EA902AA3846CDF83890CDF875
:108AE0005C809FED197B8DED048BCDE906AB8DEDA0
:108AF000027B04F0E9F903460028ADD1CDF870906F
:108B00004FF00109CDF894804FF00008219308AA96
:108B100029931CA938462295CDE92333CDE9273383
:108B200041F288338DED0A8BCDE90CABCDE9088994
:108B300004F0CAF9002893D0304684F85C608FE7CF
:108B40001000000001000000400000004000000094
:108B50002DE9F043624CA3B00D46046001F01EFF06
:108B6000072800F0A980286823466968AA6807C317
:108B70001E46AB8926F8043B3046257B677B04F014
:108B800019F8E0B9574B012D4FF00108E06123615E
:108B900014BF4FF480134FF40003C4E9058893FA1F
:108BA000A3F3B3FA83F34FF48079013BC4F8249024
:108BB000C4E90B003046236203F090FF38B1012274
:108BC000134684F85C20184623B0BDE8F083662382
:108BD0000B90139041F2883206A90693CDE90C90D0
:108BE000CDE90E00CDE91100304604F001F800286F
:108BF000E5D1992341F2883206A93046069303F065
:108C0000F7FF0028DBD105231C9019906A461493C6
:108C10004FF08073219014A91D9341F288339FED8A
:108C20002A7BCDE91A90CDE91F008DED007B9FEDE9
:108C3000287B30468DED027B9FED277B8DED047BFD
:108C400004F042F90028BAD129462046FFF748FE31
:108C50000028B4D12046FFF7CFFE03460028AED14E
:108C6000002FB0D1189330460027002606AA14A979
:108C7000CDF86890CDE91F33EB2314934FF4406394
:108C80001B934FF4005317934FF440431C93A023BE
:108C90001693062319934FF0805321934FF040739E
:108CA000CDE906671D9304F087F9034600288AD0B2
:108CB000434684F85C8086E701230322184684F843
:108CC0005C2023B0BDE8F08300000000010000003C
:108CD0001000000001000000000000000000400043
:108CE00078FC0024005000522DE9F04F8FB0414B2A
:108CF0000024026800AF9A427C63C7E90944C7E9CF
:108D00000B4403D03C37BD46BDE8F08F3A4B40F6EC
:108D100009213A48EB46D3F8D42007F11C0607F1A5
:108D2000220A4FF0020942F480424FF00308C3F8D0
:108D3000D420D3F8D42002F48042BA60BA68D3F8C1
:108D4000E02042F04002C3F8E020D3F8E02002F037
:108D50004002FA60FA68D3F8E02042F02002C3F83B
:108D6000E020D3F8E02002F020023A613A69D3F81B
:108D7000E02042F01002C3F8E020D3F8E02002F037
:108D800010027A617A69D3F8E02042F00202C3F857
:108D9000E020D3F8E030F86103F002033984BB61CE
:108DA000174B7B60BB697B6853F8040F7B6001F055
:108DB00079FF7B680546186801F07CFF16F8013BD7
:108DC000786207F124012846C7F830807B63C7E941
:108DD0000A9402F01FF85645E5D100225C201146A6
:108DE000FAF7BEFC5C20FAF7F9FC3C37DD46BD46DD
:108DF000BDE8F08F00500052004402580A0A0909E9
:108E0000D4FC0024114B02689A4200D07047104AEB
:108E100070B5D2F8D4300F4C23F4804304F1180617
:108E2000C2F8D43054F8040F01F03CFF0546206826
:108E300001F040FF0146284602F02CF9B442F1D17E
:108E40005C20BDE87040FAF7D7BC00BF005000526C
:108E500000440258D4FC0024014804F039B900BF92
:108E600088FC0024084B1A1D981D03F1080110B45A
:108E70009C1C9A6603F10A02C3E91834C3E91B017A
:108E80005DF8044B5A67704778FC002438B50368D6
:108E900071B9026A00F1280500F5AC74012A0CBF13
:108EA000002140218BBB1D4B5722C0F858310DE0EB
:108EB000426A00F1C00500F5E874012A0CBF0021E8
:108EC0004021EBB1164B5A22C0F8D0310023204686
:108ED000C4E901214FF480524FF480616362626102
:108EE0004FF48042C4E903314FF48073C4E9062390
:108EF0004FF400332362FAF7E5FD58B1FFBEFEE7F9
:108F0000084B5822C0F8D031E0E7074B5922C0F88F
:108F10005831DBE7C5E92044A56338BD10000240A5
:108F20007000024028000240580002402DE9F04342
:108F3000821D05468BB0031D05F10A010830CDE9FD
:108F4000052305F10C02AB69CDE907010992002B5D
:108F50003DD0EB69B3FA83F84FEA58180123022297
:108F600005AE0AAF4FF006090393CDE9012356F889
:108F7000044B2B792278934216D02B68F3B1012B46
:108F800002D1F2B10A230493204601F093FE034676
:108F90002046009301F086FE694601F03BFFBE4289
:108FA000E5D10BB0BDE8F083697963789942E4D1EB
:108FB000B8F1000FF3D02B68002BE0D1CDF8109062
:108FC000E2E76378022B14BF0A230823DBE74FF0A4
:108FD0000108C3E7534A0368934230B505468BB096
:108FE00055D02032934252D04F4A934204D020327F
:108FF000934201D00BB030BD4C4C4D48D4F8E0301A
:1090000043F00103C4F8E030D4F8E03003F001038A
:109010000593059BD4F8E03043F00803C4F8E03032
:10902000D4F8E03003F008030693069BD4F8E03050
:1090300043F04003C4F8E030D4F8E03003F04003DC
:109040000793079BD4F8F03043F40003C4F8F030E2
:10905000D4F8F03003F400030893089BFFF766FF91
:10906000D4F8D830296843F001032F4A3048C4F8B7
:10907000D830891AD4F8D83018BF012103F0010381
:109080000993099B0BB0BDE83040FFF7FFBE274CAA
:109090002848D4F8E03043F00103C4F8E030D4F8B5
:1090A000E03003F001030093009BD4F8E03043F07C
:1090B0001003C4F8E030D4F8E03003F0100301935B
:1090C000019BD4F8E03043F04003C4F8E030D4F81A
:1090D000E03003F040030293029BD4F8F03043F4F5
:1090E0008003C4F8F030D4F8F03003F48003039325
:1090F000039BFFF71BFFD4F8D830296843F0010326
:10910000084A0C48C4F8D830891AD4F8D83018BFA7
:10911000012103F001030493049B0BB0BDE8304030
:10912000FFF7B4BE04580140045C014000440258FB
:109130004CFF0024F0FC00240148FBF73BB800BFC3
:1091400048FE00240148FBF735B800BFC0FE0024EC
:109150000148FBF72FB800BFA40001240148FBF72A
:1091600029B800BF1C0101241A4A0368934210B4B5
:109170000BD02032934208D0174A934216D02032A7
:10918000934213D05DF8044B7047144B0022D3F880
:109190005442C3F85822002CF4D0D3F84802D3E943
:1091A000931223465DF8044B520818470B4B0022DC
:1091B000D3F8B044C3F8B424002CE3D0D3F8AC24E3
:1091C000D3F8A814D3F8A404520823465DF8044B3E
:1091D000184700BF04580140045C0140F0FC002423
:1091E000184A0368934210B40BD02032934208D03F
:1091F000154A934217D02032934214D05DF8044BA5
:109200007047124BD3E994245208C3F85822002C1B
:10921000F4D0D3E99201234601EB820100EB8200F6
:109220005DF8044B1847094BD3F8AC24D3F8B0448D
:109230005208C3F8B424002CE0D0D3F8A814D3F813
:10924000A404E8E704580140045C0140F0FC002459
:109250002DE9F04F0C684FF41776754F87B004FB7B
:1092600006F6012C07EB060AC0F800A000F3A08068
:109270000D468E464FF00008D44669A3D3E900237B
:1092800069A1D1E90001CDE9022306ABCAF85082F9
:1092900003EB8403CDE9040153F810BC53F8083CF8
:1092A000CAE992880193BEE80F00ACE80F00BEE85F
:1092B0000F00ACE80F00019B9EE80300CAF828B03D
:1092C000CAF8C0308CE803002B69042B0CD8DFE807
:1092D00003F0737D879103004FF41773554A03FB26
:1092E00004739A64C3F8E020AA692B6A002A43D069
:1092F000002B4FF4177308BF022203FB047318BF3F
:109300000322DA6201221A63EA696B6A002A40D1F9
:10931000191E4FF4177318BF012103FB0473C3E92F
:1093200031126B69022B05D8434A12F80380434A75
:1093300052F823904FF4177306F12800424649462D
:1093400003FB04740023384463646363E365C4F877
:10935000DC30C4F8CC30C4F8F430C4E90F33C4E9CD
:109360001533C4E93533C4E93B33022304F05CF917
:10937000002849D0FFBEFEE7191E4FF4177318BF2F
:10938000012103FB0473C3E90B12EA696B6A002A2B
:10939000BED0002B4FF4177308BF022203FB0473E7
:1093A00018BF0322C3F8C4200122C3F8C820B8E7BD
:1093B000012007B0BDE8F08F4FF417734FF4FA5255
:1093C00003FB04739A64C3F8E0208DE74FF417732E
:1093D0004FF47A5203FB04739A64C3F8E02083E7E6
:1093E0004FF417734FF4FA4203FB04739A64C3F803
:1093F000E02079E74FF417734BF6803203FB0473D8
:109400009A64C3F8E0206FE706F1C00002234246E9
:109410004946384404F008F90028CAD0FFBEFEE7E8
:1094200004580140045C014024580140245C014080
:10943000F0FC002400770100803C0108843C010816
:109440000068704770B5046882B015460E46C4F8CF
:109450005032C4E99212069AC4F85422A269012A31
:1094600026D0626A012A9AB211D0294604F1C000BE
:10947000019204F095F9236A019A012B10D0294634
:1094800004F1280004F08CF9002002B070BD04F152
:10949000C000019204F016FA236A019A012BEED162
:1094A000314604F1280004F00DFA002002B070BD2E
:1094B000226A012A9AB211D0294604F128000192A9
:1094C00004F06EF9636A019A012B10D0294604F169
:1094D000C00004F065F9002002B070BD04F128005E
:1094E000019204F0EFF9636A019A012BEED1314643
:1094F00004F1C00004F0E6F9002002B070BD00BF26
:1095000003681B69042B05D8044A02EB830393ED1F
:10951000000A70479FED020A704700BF903C0108A7
:1095200000803B470368D3F8580270471F4BC1685F
:109530000268F0B5D3F88C5083B00369ADB24D1B0F
:10954000A2B1AB4212D00446866811D2F018E91AD3
:10955000CDE9001000F0BEFF0023DDE90010D4E9E2
:109560000062B047E3682561AB421BD003B0F0BD99
:10957000F018C91ACDE9000100F0ACFF0023DDE9C5
:109580000001D4E90072B8473046294600F0A2FF36
:1095900000233046626829462668B047E3682561A3
:1095A000AB42E3D10023236103B0F0BD00000240D1
:1095B0002DE9F84F04460F4690461E4600F134054B
:1095C000284604F09BFD2028FAD14FF48063002048
:1095D000C4F8D030C4F848314FF44033C4F8CC005C
:1095E000C4F8E030C4F858314E4BC4F8DC00C4F87D
:1095F000C03003F57A73C4F8E400C4F8383140236E
:10960000C4F8C800C4F84031E369C4F84401C4F8A0
:109610005401C4F85C01C4E93500C4E95300072BC8
:109620000BD8DFE803F061535A373E454C04512311
:10963000C4F8C4305223C4F83C3104F59C79484640
:10964000FAF740FA08B1FFBEFEE7C4F8A890C4F8E4
:109650007051EFF3108972B6DFF8D0B094F91C3076
:10966000DFF8CCA08BF800300A9B2F4CCAF80030F2
:109670000B9B23600EB11846B0471FFA88F239469B
:10968000284604F025FBB0BBB9F1000F00D162B64B
:10969000BDE8F88F3F23C4F8C4304023C4F83C3100
:1096A000CBE74123C4F8C4304223C4F83C31C4E7BB
:1096B0004723C4F8C4304823C4F83C31BDE74F23E6
:1096C000C4F8C4305023C4F83C31B6E72B23C4F8A7
:1096D000C4302C23C4F83C31AFE72D23C4F8C43088
:1096E0002E23C4F83C31A8E72923C4F8C4302A2328
:1096F000C4F83C31A1E7FF238BF800300023CAF8FF
:10970000003023600A9B3BB10B9801219847012050
:10971000B9F1000FBCD1BAE70120B9F1000FB7D100
:10972000B5E700BF88000240E0100124DC100124EE
:10973000D81001242DE9F84F04460F4690461E46E6
:1097400000F13405284604F0D9FC2028FAD14FF462
:1097500080630020C4F8D030C4F848314FF440335F
:10976000C4F8CC00C4F8E030C4F858314E4BC4F80B
:10977000DC00C4F8C03003F57A73C4F8E400C4F820
:1097800038314023C4F8C800C4F84031E369C4F854
:109790004401C4F85401C4F85C01C4E93500C4E9CB
:1097A0005300072B0BD8DFE803F061535A373E45CF
:1097B0004C045123C4F8C4305223C4F83C3104F1A2
:1097C000C0094846FAF77EF908B1FFBEFEE7C4F8C3
:1097D000AC90C4F8F850EFF3108972B6DFF8D0B04F
:1097E00094F91C30DFF8CCA08BF800300A9B2F4C8A
:1097F000CAF800300B9B23600EB11846B0471FFA21
:1098000088F23946284604F0B5FAB0BBB9F1000F2A
:1098100000D162B6BDE8F88F3F23C4F8C4304023BE
:10982000C4F83C31CBE74123C4F8C4304223C4F828
:109830003C31C4E74723C4F8C4304823C4F83C3162
:10984000BDE74F23C4F8C4305023C4F83C31B6E719
:109850002B23C4F8C4302C23C4F83C31AFE72D23AC
:10986000C4F8C4302E23C4F83C31A8E72923C4F837
:10987000C4302A23C4F83C31A1E7FF238BF8003021
:109880000023CAF8003023600A9B3BB10B980121EA
:1098900098470120B9F1000FBCD1BAE70120B9F116
:1098A000000FB7D1B5E700BF88000240E0100124E7
:1098B000DC100124D81001242DE9F0410D4682B0BE
:1098C000EFF3108772B6002948D1FF23254A264CB2
:1098D000237013682BB1002029461060234A1068BA
:1098E000984723781B0625D5DFF888800025204E71
:1098F000444605E001351C3406F5D876092D19D00B
:10990000A369012B1BD0002BF4D12168304600291C
:10991000F0D06369019323690093E3682289FFF71C
:1099200009FF0028E6D1C5EBC50508EB850348F81B
:109930002500586007B962B602B0BDE8F0816168E1
:109940000029D7D063693046019323690093E36807
:109950002289FFF72DFE0028CCD1E4E705F0CAFEEE
:10996000B3E700BFD8100124DC100124E01001246B
:10997000A801012454000024F0B5002387B002227E
:1099800004460493CDE90223027EC3690B2A4FEA01
:10999000430523D1A27E0B2A02D1002007B0F0BDDF
:1099A00048496B1C484851F82330457801781878AD
:1099B000E67E884269D0824277D0D87803F1030CE2
:1099C00081426ED0824278D0987903F1060C8842A9
:1099D0006FD0824233D0012007B0F0BD394B3A48F6
:1099E00053F8253001784678187894F819C08142E8
:1099F0003DD0824241D0D87803F1030E814240D05D
:109A000082424AD0987903F1060E884241D08242C0
:109A1000E1D1DB796345DED1734604F118069B780A
:109A20003046059301F03EF9034630461E4601F0EC
:109A300041F901A90190304601F0ECF9AAE7DB7980
:109A4000B342C8D163461A349B782046059301F08F
:109A500029F9034620461C4601F02CF9034601A9CA
:109A60002046019301F0D6F9002007B0F0BD93F82D
:109A700001E0B645BFD08242BDD158786045BAD129
:109A8000CBE71F79B742BBD1BCE75F78AF4292D139
:109A900093E7D979B142BAD19DE718796045B1D140
:109AA000BAE71F79AF428DD18EE75878B04284D1A2
:109AB000C9E7D979A9428CD18DE71879B04283D111
:109AC000C0E700BF6C010024680100247E4A0368DF
:109AD0009342F0B58FB000F0E380A2F54C42934280
:109AE00000F0E08002F58062934200F0DD8002F534
:109AF0008062934200F0DA8002F58062934200F0C7
:109B0000D98002F54442934200F0D280A2F51C4273
:109B1000934200F0D18002F58062934200F0CE8043
:109B20006A4A934240F0CC800826694D4FF4D874BD
:109B300004FB0654A07E01F0C5F8207E01F0C2F8B7
:109B4000E369082B13D8DFE803F03B4957657381BD
:109B50008F9D05005F4BD3F8F42042F00802C3F854
:109B6000F420D3F8F43003F008030893089B204650
:109B7000FFF702FF012801D1FFBEFEE74FF4D874C2
:109B80000EAA554F0DF1240C04FB0654E36902EBB9
:109B900043050FCFACE80F003B680022ACF8003063
:109BA000114635F9140CF9F7DBFDE3690EAA02EB57
:109BB000430333F9140C0FB0BDE8F040F9F70EBEC3
:109BC000444BD3F8F02042F01002C3F8F020D3F851
:109BD000F03003F010030093009BC8E73D4BD3F82F
:109BE000E82042F40032C3F8E820D3F8E83003F468
:109BF00000330193019BBAE7364BD3F8E82042F4D7
:109C00008022C3F8E820D3F8E83003F480230293DD
:109C1000029BACE72F4BD3F8E82042F40022C3F8B4
:109C2000E820D3F8E83003F400230393039B9EE776
:109C3000284BD3F8E82042F48012C3F8E820D3F888
:109C4000E83003F480130493049B90E7214BD3F88E
:109C5000F02042F02002C3F8F020D3F8F03003F0F7
:109C600020030593059B82E71A4BD3F8E82042F0C6
:109C70008042C3F8E820D3F8E83003F0804306932D
:109C8000069B74E7134BD3F8E82042F00042C3F878
:109C9000E820D3F8E83003F000430793079B66E71A
:109CA000002642E7012640E702263EE703263CE77E
:109CB00005263AE7042638E7062636E7072634E77E
:109CC00000239B7EFFDE00BF00100140000C005807
:109CD000A801012400440258FC3A01082DE9F04F84
:109CE00091B0002301223F490DF1240A09938B46CC
:109CF00001F11C09CAF8143001F13808CDF800A0B0
:109D000001F15407CDF804A001F17006CDF808A0C8
:109D100001F18C05CDF80CA001F1A804CDF810A03C
:109D200001F1C40ECDF814A001F1E00CCAE9013331
:109D3000CAE903330F92FF222B4BCDE906AA1A7012
:109D4000BAE80F00ABE80F009AE80700009B8BE829
:109D500007009B46BBE80F00A9E80F009AE8070040
:109D6000019B89E807009946B9E80F00A8E80F00B1
:109D70009AE80700029B88E807009846B8E80F00B9
:109D80000FC79AE80700039B87E807001F460FCF1D
:109D90000FC69AE80700049B86E807001E460FCE10
:109DA0000FC59AE80700059B85E807001D460FCD03
:109DB0000FC49AE80700069B84E807001C460FCCF6
:109DC000AEE80F00079B9AE807001C468EE80700E4
:109DD0000FCCACE80F009AE807008CE8070011B040
:109DE000BDE8F08F54000024DC10012410B5094CAC
:109DF00004F1340004F090F8237D1BB1636BDB6940
:109E0000DB0600D410BD2046FFF790FB636B1022E9
:109E10001A6210BDA801012410B50B4C04F5F270B4
:109E200004F07AF894F8C43123B1D4F8E431DB6952
:109E3000DB0600D410BD04F5D870FFF777FBD4F82B
:109E4000E43110221A6210BDA801012410B50B4C98
:109E500004F5657004F060F894F8743323B1D4F815
:109E60009433DB69DB0600D410BD04F55870FFF7AE
:109E70005DFBD4F8943310221A6210BDA8010124AE
:109E800010B50B4C04F2445004F046F894F8243515
:109E900023B1D4F84435DB69DB0600D410BD04F5EA
:109EA000A260FFF743FBD4F8443510221A6210BDBC
:109EB000A801012410B50B4C04F2F46004F02CF856
:109EC00094F8D43623B1D4F8F436DB69DB0600D439
:109ED00010BD04F5D860FFF729FBD4F8F436102242
:109EE0001A6210BDA801012410B50B4C04F6A400A1
:109EF00004F012F894F8843823B1D4F8A438DB695C
:109F0000DB0600D410BD04F50760FFF70FFBD4F8A3
:109F1000A43810221A6210BDA801012410B50B4C00
:109F200004F6542003F0F8FF94F8343A23B1D4F83F
:109F3000543ADB69DB0600D410BD04F52260FFF75C
:109F4000F5FAD4F8543A10221A6210BDA80101247F
:109F500010B50B4C04F6044003F0DEFF94F8E43B2C
:109F600023B1D4F8043CDB69DB0600D410BD04F552
:109F70003D60FFF7DBFAD4F8043C10221A6210BDF2
:109F8000A801012410B50B4C04F6B45003F0C4FF33
:109F900094F8943D23B1D4F8B43DDB69DB0600D4DA
:109FA00010BD04F55860FFF7C1FAD4F8B43D102293
:109FB0001A6210BDA801012410B5EFF3108472B627
:109FC000084B1A78120602D504B962B610BD1B7888
:109FD0004FF4D87204485BB202FB0300C030FAF7BA
:109FE000E9F8F1E7DC100124A801012410B5EFF332
:109FF000108472B6094B1A78120602D504B962B6FB
:10A0000010BD1B784FF4D87205485BB202FB030009
:10A0100000F59C70FAF7CEF8F0E700BFDC100124E1
:10A02000A80101240021FFF747BC00BF214A0368B3
:10A0300093422BD0A2F54C42934229D002F5806284
:10A04000934227D002F58062934225D002F58062C8
:10A05000934223D002F54442934221D0A2F51C4200
:10A0600093421FD002F5806293421DD0124A934260
:10A070001CD108224FF4D871104B01FB0233197D1B
:10A0800011B11846FFF752BAFFF716BC0022F1E7EC
:10A090000122EFE70222EDE70322EBE70422E9E7E2
:10A0A0000522E7E70622E5E70722E3E700231B7D19
:10A0B000FFDE00BF00100140000C0058A801012481
:10A0C000204A0368934229D0A2F54C42934227D0FC
:10A0D00002F58062934225D002F58062934223D03C
:10A0E00002F58062934221D002F5444293421FD090
:10A0F000A2F51C4293421DD002F5806293421BD010
:10A10000114A93421AD1082310484FF4D87202FB27
:10A110000300037D03B97047FFF708BA0023F3E794
:10A120000123F1E70223EFE70323EDE70423EBE745
:10A130000523E9E70623E7E70723E5E700231B7D7F
:10A14000FFDE00BF00100140000C0058A8010124F0
:10A150000121FFF7B1BB00BF2DE9F0414F684FF47B
:10A16000D876DFF8C0808E4607FB06F60C46082F2F
:10A1700008EB0605056005F1180CBEE80F00ACE819
:10A180000F009EE807008CE8070002D86B6A022BDC
:10A1900002D90120BDE8F0812A6A032AF9D8A96A08
:10A1A0000229F6D8E86A0228F3D80131DFF878C02E
:10A1B000343689005CF8277046446F63A469A9644B
:10A1C0001549AC6351F823306B64144B53F82230BB
:10A1D000134A2B64002352F8201001223046EB650D
:10A1E000E963C5E91333C5E9153205F083FA0028A0
:10A1F000CFD10146304605F0D5FA0028C9D1014635
:10A20000304605F01DFB0028C3D1304605F0ACFAFE
:10A210000028BED12875BDE7C83C0108D43C010820
:10A22000E43C0108A8010124A43C0108006892B2A2
:10A2300008B5343003F0BCFC003818BF012008BD5D
:10A24000534B0122002047F6122130B4C3E9742099
:10A25000C3E97721C3E9E020C3E9E3211A62DA62A6
:10A2600058621963C3F83025C3F83405C3F83C2598
:10A27000C3F84015C3F8E026C3F8E406C3F8EC269B
:10A28000C3F8F016C3F89028C3F89408C3F89C28C4
:10A29000C3F8A018C3F8402AC3F8440AC3F84C2AEC
:10A2A000C3F8501AC3F8F02BC3F8F40BC3F8FC2B17
:10A2B000C3F8001CC3F8A40D3648C3F8A02DC3F89A
:10A2C000AC2DC3F8B01D0288837833490068334C45
:10A2D000CA804FEA104C0B723149E2802372A1F818
:10A2E0000320A4F8032063714B712E4CCA800B72BB
:10A2F0002D492E4DE2802372A1F80320A4F80320FB
:10A3000063714B712A4CCA800B722A49EA8008801B
:10A310002B7281F802C0E2802372A1F803204B71F6
:10A32000CA800B722449A1F803204B71CA800B72BA
:10A330002249A1F803204B71CA800B722049088082
:10A3400081F802C0A1F803204B71CA800B721D492D
:10A35000088081F802C0A1F803204B71CA800B72FB
:10A360001949088081F802C01848A1F803204B71F0
:10A37000CA800B721649A0F803204371C280037291
:10A38000A1F803204B71CA800B7230BC704700BF2C
:10A39000A801012468010024F00100241402002413
:10A3A000080200242C02002420020024FC010024C6
:10A3B000D80100240811012438020024E4010024FB
:10A3C000E4100124FC100124F01001245C0100249D
:10A3D000500100243E4B00220B20114610B5D3F84B
:10A3E000D84082B044F00104C3F8D840D3F8D84034
:10A3F00004F001040094009CD3F8D84044F0020417
:10A40000C3F8D840D3F8D83003F002030193019B7E
:10A41000F9F7A6F90B20F9F7E1F900220C20114613
:10A42000F9F79EF90C20F9F7D9F900220D20114611
:10A43000F9F796F90D20F9F7D1F900220E2011460F
:10A44000F9F78EF90E20F9F7C9F900220F2011460D
:10A45000F9F786F90F20F9F7C1F90022102011460B
:10A46000F9F77EF91020F9F7B9F900223C201146DE
:10A47000F9F776F93C20F9F7B1F9002211201146DD
:10A48000F9F76EF91120F9F7A9F9002238201146E1
:10A49000F9F766F93820F9F7A1F9002239201146B9
:10A4A000F9F75EF93920F9F799F900223A201146B7
:10A4B000F9F756F93A20F9F791F900223B201146B5
:10A4C000F9F74EF93B2002B0BDE81040F9F786B924
:10A4D0000044025820F01F002031BFF34F8F0029A5
:10A4E00007DD064A0144C2F85C0220300B1A002B3B
:10A4F000F9DCBFF34F8FBFF36F8F704700ED00E0C3
:10A50000704700BF08B5F8F765F9BDE80840F9F7EE
:10A51000EFB900BF064808B503680BB100F08CFE28
:10A52000044803681BB1BDE8084001F07BBD08BDCD
:10A530002015012418110124064808B503680BB141
:10A5400000F07AFE044803681BB1BDE8084001F042
:10A5500069BD08BD2015012418110124064808B55D
:10A5600003680BB100F068FE044803681BB1BDE846
:10A57000084001F057BD08BD201501241811012421
:10A58000364BDA6A520062D59A6A9A6A9A6A9B6A6C
:10A59000180600D500BE314B9B6A990600D500BE57
:10A5A0002E4B9B6ADA0600D500BE2C4B9B6A1B071C
:10A5B00000D500BE294B9B6A980700D500BE274BEB
:10A5C0009B6AD90700D500BE244B9B6A1A0400D5AC
:10A5D00000BE224B9B6A9B0400D500BE1F4B9B6AAA
:10A5E000D80400D500BE1D4B9B6A190500D500BEDE
:10A5F0001A4B9B6A5A0500D500BE184B9B6A9B05F7
:10A6000000D500BE154B9B6AD80500D500BE134B84
:10A610009B6A990100D500BE104B9B6ADA0100D5F8
:10A6200000BE0E4B9B6A1B0300D500BE0B4B9B6A02
:10A63000580300D500BE094B9B6A990300D500BEA4
:10A64000064B9B6ADA0306D400BE00BEFEE7DB6A57
:10A650009B07FAD5F8E700BEF6E700BF00ED00E083
:10A66000F8F7C4B8F8F7C8B80A4B9B6803F1784309
:10A67000B3F5003F0BD3084B986848B198680128A0
:10A6800006D09868022803D09B68032070470120F9
:10A69000704700BF00ED00E0000080382DE9F04178
:10A6A000CEB004464C2200210AA808F0ADFD2022BD
:10A6B000002102A808F0A8FDBC2200211EA808F075
:10A6C000A3FD022002F022F92368012B4FF00003C2
:10A6D00054D0534A02250193C820D16A514B21F02E
:10A6E0000101D162D26A02F0010201929A6942F438
:10A6F00040429A619B6903F440430193019B494A9C
:10A7000093699B04FCD548490224002201268B6AE8
:10A7100004274FF0080823F0030323438B6205232B
:10A7200016900AA818934FF4803310961794199432
:10A730001597CDF86880CDE91B222122CDE913447D
:10A74000CDE90A23FAF788F800B1FEE73F22032398
:10A75000294602A8CDE9022300220823CDE90423DB
:10A7600040224023CDE9062340234FF48062CDE907
:10A770000823FAF79FFB0346B8B1FEE7294A0425F0
:10A780000093F0209169264B41F440419161926918
:10A7900002F440420092DA6A42F00102DA62DB6AB5
:10A7A00003F001030093009BA9E720224FF480519E
:10A7B00025934FF440152B9280222D931EA83093A1
:10A7C000269135914FF48071249234920C22339467
:10A7D000439140F2271120921022CDF884802A97CD
:10A7E0001F96CDE92E34CDE93B334FF48033CDE9CC
:10A7F00022463193002446930623CDE93E45279314
:10A800004FF48063094C2C931E94CDE92812FAF77B
:10A81000ADFD00B1FEE702F09FF84EB0BDE8F0815B
:10A820000004005800480258004402580F130F0358
:10A8300070B584B00124F9F709F84FF480764FF031
:10A840004052194B68460025ADF800400396CDE90B
:10A850000123F9F719F819224FF0404368468DF8A3
:10A86000082001938DF80F40ADF80D608DF8014080
:10A870008DF80A50F9F708F802230B2268468DF884
:10A880000F508DF801304FF062538DF8082001937E
:10A89000ADF80D408DF80A40F8F7F6FF0420F8F700
:10A8A000E3FF04B070BD00BF0E00010330B50D46DC
:10A8B000044685B0D1E9000184E80300F7F75AFFA8
:10A8C000AB79A3B3FFF786FDFDF790FE06F0A4FE7B
:10A8D000FFF704FA2B798BBB6B799BB1BFF34F8FDA
:10A8E000BFF36F8F2A4B0022C3F85022BFF34F8F64
:10A8F000BFF36F8F5A6942F400325A61BFF34F8F32
:10A90000BFF36F8F4FF0FF3200230024002569460C
:10A91000204802928DF80C30CDE9004507F09CFAF2
:10A920001C4807F001FB06F0A7FA05B030BD204631
:10A93000FFF7B4FE2046FFF77BFFC3E7144C00236C
:10A94000C4F88430BFF34F8FD4F8801043F6E07E14
:10A95000C1F34E3CC1F3C9014FEA4C1C0CEA0E0096
:10A960000B4640EA8372013BC4F860225A1CF8D1BE
:10A97000ACF1200C1CF1200FF0D1BFF34F8F6369B5
:10A9800043F480336361BFF34F8FBFF36F8FA3E74F
:10A9900000ED00E014110124FAF7BCBB1C4B9B68CE
:10A9A00003F17842B2F5003F25D3B3F5803F20D3C1
:10A9B00003F16042B2F5003F1FD303F15C42B2F5F0
:10A9C000002F1CD303F17042B2F5902F19D303F17D
:10A9D0004842B2F5803F16D303F18042B2F1806F56
:10A9E00013D303F1E043B3F5000F2CBF0820072079
:10A9F00070470120704700207047022070470320F5
:10AA0000704704207047052070470620704700BF3C
:10AA100000ED00E003480023034A0449036008F006
:10AA2000E5BA00BF141101240000002401A50008AC
:10AA300010B4204C0022204B83B0D4F888101F485B
:10AA400041F47001C4F8881019681D4C41F00101EF
:10AA500019601A61196808401A4918609A61DA6128
:10AA60001A629A62DA621A635A639A63DA631A6440
:10AA70005A64186820F4802018601A66D3F8DC2025
:10AA800042F06042C3F8DC20D3F8DC300193019B34
:10AA900023681940B1F1005F03D20B4B0122C3F8C8
:10AAA0000821044B4FF000629A6003B05DF8044B3C
:10AAB000704700BF00ED00E0004402587FEDF6EA69
:10AAC0000010005C0000FFFF0080005100F5717174
:10AAD000D0F8040405F0B8BDC1EBC10300EB83035B
:10AAE000D0F80404D3F8082205F0DCBDC1EBC103A3
:10AAF00000EB8303D0F804049A6C05F011BE00BF8C
:10AB0000D0F8040405F0B0BEC16810B5044619B110
:10AB1000022900D0FEE70121D4F8040405F08EFEDE
:10AB2000D4F80404BDE8104005F060BE10B504463A
:10AB3000D0F8040405F086FE2268D2F8003E43F007
:10AB40000103C2F8003E236A23B1034A136943F0AC
:10AB50000603136110BD00BF00ED00E0D0F804044F
:10AB600005F07ABED0F8040405F08EBED0F80404D7
:10AB700005F088BED0F8040405F088BED0F80404BF
:10AB800005F086BE9446D0F898021A4608B563468A
:10AB900001F0ACFD032802D8024B185C08BD02206E
:10ABA00008BD00BF003D0108D0F8980208B501F0CB
:10ABB0002BFE032802D8024B185C08BD022008BDFA
:10ABC000003D0108D0F8980208B501F061FE0328A5
:10ABD00002D8024B185C08BD022008BD003D0108E8
:10ABE0000A06D0F8983206D4C1EBC10103EB81010B
:10ABF00091F8FE01704701F07F01C1EBC10103EB49
:10AC0000810191F83E007047D0F8980208B501F034
:10AC100057FD032802D8024B185C08BD022008BD6E
:10AC2000003D0108D0F8980208B501F0C5FD0328E1
:10AC300002D8024B185C08BD022008BD003D010887
:10AC4000D0F8980208B501F08FFD032802D8024B16
:10AC5000185C08BD022008BD003D0108D0F8C00204
:10AC600006F0C4B8D0F8C00206F0D8B8D0F8C002D8
:10AC700006F0E0B8704700BFD0F8C00206F0C6B8D2
:10AC8000D0F8C00206F0C6B8D0F8D00308B500F07E
:10AC900093FE032802D8024B185C08BD022008BDB1
:10ACA000043D0108024B027853F82200704700BFB0
:10ACB000283D0108024B427833F81200704700BF6C
:10ACC000083D01088CB00A2814D8DFE800F01523ED
:10ACD000313F4D5B6977859306004D4BD3F8E020FB
:10ACE00042F48062C3F8E020D3F8E03003F48063DC
:10ACF0000B930B9B0CB07047454BD3F8E02042F010
:10AD00000102C3F8E020D3F8E03003F0010301931F
:10AD1000019BEFE73E4BD3F8E02042F00202C3F87C
:10AD2000E020D3F8E03003F002030293029BE1E756
:10AD3000374BD3F8E02042F00402C3F8E020D3F808
:10AD4000E03003F004030393039BD3E7304BD3F8C5
:10AD5000E02042F00802C3F8E020D3F8E03003F02E
:10AD600008030493049BC5E7294BD3F8E02042F085
:10AD70001002C3F8E020D3F8E03003F0100305938D
:10AD8000059BB7E7224BD3F8E02042F02002C3F83E
:10AD9000E020D3F8E03003F020030693069BA9E7F8
:10ADA0001B4BD3F8E02042F04002C3F8E020D3F878
:10ADB000E03003F040030793079B9BE7144BD3F865
:10ADC000E02042F08002C3F8E020D3F8E03003F046
:10ADD00080030893089B8DE70D4BD3F8E02042F4E5
:10ADE0008072C3F8E020D3F8E03003F48073099355
:10ADF000099B7FE7064BD3F8E02042F40072C3F8CA
:10AE0000E020D3F8E03003F400730A930A9B71E763
:10AE1000004402582DE9F04F0D6883B0002D00F07A
:10AE2000D5800023DFF8688201229A4012EA050CDF
:10AE300000F0C7804E6826F01009B9F1020F40F00B
:10AE4000C88003F007044FEAD30E4FF00F0A4FEA11
:10AE5000840900EB8E0E0AFA09FADEF8204024EA93
:10AE60000A0A0C6904FA09F406F0030944EA0A0420
:10AE7000CEF820404FEA430E0324D0F800A009FA90
:10AE80000EF904FA0EF42AEA040AE44349EA0A092C
:10AE9000C0F80090D0F808A0CF6804EA0A0A07FAC0
:10AEA0000EF949EA0A09C0F80890C6F30019D0F86B
:10AEB00004A009FA03F92AEA020249EA02024260FE
:10AEC000C268F70004EA02048A6802FA0EF242EA53
:10AED0000402C26075D5644C23F0030E03F003092D
:10AEE000D4F8F420C6444FEA890942F00202C4F8BB
:10AEF000F420D4F8F42002F002020192019A0F2209
:10AF0000DEF8084002FA09F224EA0202574CA04295
:10AF100025D004F58064A0427BD0554CA0427ED061
:10AF2000544CA0426FD0544CA04200F08480534C4B
:10AF3000A04200F08680524CA04276D0514CA042F4
:10AF400000F08580504CA04200F087804F4CA0421A
:10AF50000CBF09240A2404FA09F942EA0902CEF8CE
:10AF600008204FF0B0426FEA0C0EF403D2F88020B4
:10AF70004FF0B04454BF0EEA02024CEA0202C4F899
:10AF80008020B203D4F884404FF0B04254BF0EEAA0
:10AF900004044CEA0404F702C2F8844014684FF039
:10AFA000B04254BF0EEA04044CEA04041460B40234
:10AFB00052684FF0B04454BF0EEA02024CEA02025B
:10AFC0006260013335FA03F27FF42EAF03B0BDE8BF
:10AFD000F08F4FEA430E0324D0F800B006F0030AC6
:10AFE00004FA0EF409F1FF390AFA0EFA2BEA040BFF
:10AFF000B9F1010F6FEA04044AEA0B0AC0F800A095
:10B000003FF65EAF46E7032404FA09F942EA090273
:10B01000A5E7012404FA09F942EA09029FE702249C
:10B0200004FA09F942EA090299E7062404FA09F93F
:10B0300042EA090293E7042404FA09F942EA090200
:10B040008DE7052404FA09F942EA090287E7072493
:10B0500004FA09F942EA090281E7082404FA09F925
:10B0600042EA09027BE700BF004402580000025890
:10B0700000080258000C0258001002580014025830
:10B0800000180258001C02580020025800240258E0
:10B0900000040058002900F0A88000232DE9F04F9B
:10B0A000DFF8689183B0DFF86881DFF868A1DFF826
:10B0B00068B14FF0010E0EFA03F212EA010C6FD0E4
:10B0C00023F0030503F003040F2640454D444FEAE7
:10B0D000C404AF6806FA04F607EA0607019721D010
:10B0E000504566D0584567D0434FB8426ED0434F65
:10B0F000B84270D0424FB84263D0424FB84256D0A7
:10B10000414FB84272D0DFF814E1704568D0DFF8E3
:10B1100010E1704514BF4FF00A0E4FF0090E0EFA01
:10B1200004F400E00024019FA74219D1AC6824EA8E
:10B1300006064FF0B044AE60D4F8805025EA0C0506
:10B14000C4F88050D4F8845025EA0C05C4F8845023
:10B15000256825EA0C052560656825EA0C0565600B
:10B1600003255C0003F007070F2605FA04F40568C1
:10B17000BF00254306FA07F70560DD0800EB8505EB
:10B180002E6A26EA07062E62856825EA0405856090
:10B19000456825EA02024260C26822EA0404C460EB
:10B1A000013331FA03F284D103B0BDE8F08F4FF0E0
:10B1B000060E0EFA04F4B6E74FF0020E0EFA04F48F
:10B1C000B1E74FF0050E0EFA04F4ACE74FF0030EB2
:10B1D0000EFA04F4A7E74FF0040E0EFA04F4A2E707
:10B1E0004FF0080E0EFA04F49DE770474FF0070E7B
:10B1F0000EFA04F497E700BF000C02580010025842
:10B200000014025800180258001C0258000400588C
:10B21000000002580004025800080258002002589A
:10B22000002402580369194214BF0120002070470E
:10B2300002B90904816170472DE9F04F056885B0B6
:10B240000446284604F0A6FF012802D005B0BDE858
:10B25000F08F206804F04EFF0028F7D0206804F03B
:10B2600049FF10F4001F206802D04FF4001343611F
:10B2700004F040FF10F4801F206802D04FF48013C8
:10B28000436104F037FF10F0806F206802D04FF068
:10B290008063436104F02EFF10F0020F20682FD16D
:10B2A00004F028FF870000F11381206804F022FFDA
:10B2B000C60100F1CF80206804F01CFF000700F1F8
:10B2C000BE80206804F016FF10F0007F20681AD1BD
:10B2D00004F010FFC306B9D52568AB6923F010034D
:10B2E000AB612E6AC6F34341C6F30A17022902D1A5
:10B2F000002F40F0C681AB6943F01003AB61A5E7B6
:10B3000002234361CCE704F0B3FFD4F808E08046A1
:10B310002068BEF1000F00F0998005F5A0650026B9
:10B320004FF0280B4FF0020A4AE000F5A0694A01ED
:10B3300009EB4117BB685B075DD50423BB60FB6865
:10B3400043F00203FB60BB68980500F1FD80BB6819
:10B35000DB0740F1CF80236953B101EB81003B69EA
:10B3600004EBC000C3F3120C836CA3EB0C03C364A7
:10B370008B004FF0010C4FF0000E581804EBC0008A
:10B38000C0F858E080F85DC0C7F808C090F83FE00A
:10B390001EF0FD0F00F06481BEF1030F00F040824B
:10B3A0000B4404EBC30393F8502082F0010283F8AE
:10B3B0005020D4F808E0206801362035764545D283
:10B3C00006F00F0328FA03F3D907F5D52B68F1B27D
:10B3D0001A04AAD400F5A0624FEA411C02EB4117FF
:10B3E000BB6813F004090DD00423BB60FB6843F075
:10B3F0000203FB60E0E7BB689B0640F1B3802023BB
:10B40000BB60A0E7BB6813F0200300F0CA8001EB2B
:10B410008103202204EBC303BA6093F83D20012A84
:10B42000CAD183F83D9083F85CA0FB6843F0020327
:10B43000FB6004F021FFD4F808E02068BCE7204658
:10B44000FFF70CFC2068082343613BE74FF00073D3
:10B4500043613DE72668D6F840340293D6F840347D
:10B460000393039B23F02E030393029B980707D5B6
:10B47000029BD90700F16381039B43F0020303930E
:10B48000029B1A0718D5039B43F008030393029B02
:10B490005B0740F15C81A169022900F09A81E368B1
:10B4A000012B03D14EF66022C6F804242046FFF794
:10B4B000E3FB2046FFF7D6FB2068029B9F0603D5DF
:10B4C000039B43F020030393039BC6F84034F3E649
:10B4D000D5F84034204623F02E03C5F84034FFF75A
:10B4E000C5FB0121206804F0A1FE20684FF0005345
:10B4F0004361DBE6BB68980740F18E80FB6801EB97
:10B50000810C23F0020304EBCC0CFB608B009CF855
:10B510005D00012800F0B280052800F0AF80062809
:10B5200000F0A381082800F0A081032800F0DC814E
:10B530009CF85C000246C7F808A02046FFF79AFB7B
:10B54000D4F808E0206837E7FB68206843F002037E
:10B55000FB6004F091FE4FF400732068BB60D4F8E8
:10B5600008E029E7BB681B0700F1BB80BB685B05EF
:10B570007FF5E9AEFB68019243F002030091FB60A6
:10B5800004F07AFE00991020019A01EB8103B86063
:10B59000082004EBC30383F85D004FF48063BB60B5
:10B5A000D1E6D7F8089019F0400F40F0B180BB68A1
:10B5B00013F4007340F02F81D7F8089019F0010FB1
:10B5C00040F03F81BB6813F0080340F06881D7F872
:10B5D000089019F0100F00F0C98001EB810204EB14
:10B5E000C2029365032382F85D3092F83D303BB987
:10B5F0000BFB014393F83C2012B9012283F83D2054
:10B60000FB6843F00203FB6004F036FE1023206861
:10B61000BB60D4F808E0CFE6BB6813F0800340F0CD
:10B62000E380BA68D20640F1D08001EB810004EBE0
:10B63000C00090F83F20032A00F04B8112F0FD0279
:10B64000E4D123698265002BE0D10BFB0143032287
:10B6500083F85D20FB68206843F00203FB60D3E7BA
:10B66000FA68206842F0020201930091FA6004F047
:10B6700003FE1022DDE90013BA6091E68CF85C004D
:10B6800058E706F00F0606EB860804EBC808D8F862
:10B69000441000293FF42FAE284605F5A0653A4630
:10B6A00004F0A6FCD8F8443005EB46123B4411697F
:10B6B000D8F84C20C8F8443073013A44C8F84C20FC
:10B6C000BC4A0A405AB1EA5822F0804242F0004295
:10B6D000EA5098F8503083F0010388F8503025681C
:10B6E00009E6FB684FF0050C019243F0020300915C
:10B6F000FB6001EB810304EBC30383F85DC01023FF
:10B70000BB600823BB6004F0B7FDDDE900121AE658
:10B7100001EB810204EBC2029365042382F85D30E1
:10B72000012382F83D30FB6843F00203FB6004F024
:10B73000A3FD40232068BB60D4F808E03CE6B36971
:10B74000204623F00053B361FFF78CFA94E62046BD
:10B75000FFF796FAD6F84034206823F02E03C6F897
:10B760004034836943F000538361A6E6BB681B063F
:10B7700000F1C880BB685B0500F1D780BB689B0700
:10B780007FF51AAEFB680BFB014023F00203FB6060
:10B7900090F85D30012B00F0E180032B00F0DB809E
:10B7A000042B00F0D880052B00F0FC80062B00F065
:10B7B000E480082B00F0E1800BFB01432046C7F832
:10B7C00008A093F85C20FFF755FAD4F808E0206849
:10B7D000F2E5029B206803F4C023B3F5802F18BF65
:10B7E000012104F023FD61E6FB6801EB810243F0D7
:10B7F000020304EBC202FB60936D013393650623E1
:10B8000082F85D30206804F037FD80232068BB603B
:10B81000D4F808E0D0E5FB6843F00203FB6098E64B
:10B8200052F80970019347F00057009142F80970EF
:10B83000624680F85CC02046FFF71CFADDE9001381
:10B84000AEE5FA6801EB810942F0020204EBC90996
:10B85000C9F85830FA6004F00FFD0123BB6089F885
:10B860005D30D4F808E02068A6E503EB010C04EB9A
:10B87000CC0CDCF858000130032825D8CCF858004F
:10B8800002200B4404EBC30383F85C0052F8093038
:10B8900023F0804343F0004342F809304AE608238E
:10B8A0000091BB60FB6843F00203FB6004F0E4FC22
:10B8B0000099052201EB810104EBC10383F85D20AF
:10B8C000D4F808E0206877E50020CCF85800042080
:10B8D000D7E7FA680BFB014042F00202836520685B
:10B8E000FA6004F0C9FC91E60BFB0143022083F8E7
:10B8F0005CA052F8093023F0804343F0004342F843
:10B90000093017E6FB68009143F00203FB6004F086
:10B91000B3FC009906230BFB014181F85D308023C5
:10B920002068BB60D4F808E046E5FB68009143F06E
:10B930000203FB6004F0A0FC10230099BB604FF4ED
:10B9400080630BFB0141BB60082381F85D30D4F8B4
:10B9500008E0206830E580F85CA02DE780F85C30D6
:10B9600090F83F30023B012B3FF626AF90F8513064
:10B9700083F0010380F851301EE70BFB0140836D1B
:10B980000133032B11D8836502230BFB014080F8A0
:10B990005C3052F80C3023F0804343F0004342F80F
:10B9A0000C3009E780F85C3006E700238365042348
:10B9B000EBE700BF0000F81F90F8B832012B0CD065
:10B9C000012310B50446006884F8B83204F0B4FCD2
:10B9D0000023184684F8B83210BD0220704700BF1B
:10B9E000F8B505460E461746701C2C682CD1A36985
:10B9F000990727D4A369DA06F9D5A3699A06FCD575
:10BA000020231022E261E361A3699F0701D500238F
:10BA1000A362A369DE0703D4A36943F00103A36112
:10BA2000636800221B4820210340012063606B6C87
:10BA300085F8402043F004036B6485F8411085F8D5
:10BA40004220F8BD0020F8BDA3699B07FAD4A36982
:10BA5000D9061BD4F6F7CAFEC01BB04201D8002E8F
:10BA6000C2D16B6C2021002201200B4385F84020BD
:10BA70006B6485F8411085F84220F8BDF6F7B6FEF4
:10BA8000C01B8642EDD3002EEBD02C68A3699B0629
:10BA9000F4D5B5E700E800FEF8B505460E461746B2
:10BAA0002C68A3699B0649D4A369DA0626D5731CC2
:10BAB00038D1A3699E06FCD520231022E261E36100
:10BAC000A369990701D50023A362A369DA0703D408
:10BAD000A36943F00103A361636800221848202191
:10BAE0000340012063606B6C85F8402043F0040341
:10BAF0006B6485F8411085F84220F8BDF6F776FEB4
:10BB0000C01BB04201D8002ECAD16B6C202100228C
:10BB100001200B4385F840206B6485F8411085F8BF
:10BB20004220F8BDA3699806C6D4F6F75FFEC01B95
:10BB30008642EAD3002EE8D02C68B8E70020F8BD92
:10BB400000E800FE00284ED010B590F841300446C1
:10BB500003F0FF02002B41D023682421626884F89F
:10BB60004110196822F07062E06821F0010101289B
:10BB700019601A619A6822F400429A60A26829D07A
:10BB800042F4044202289A6002D14FF400625A60E3
:10BB900058684FF0200C1549226901435960D96853
:10BBA00021F40041D960D4E90501024342EA0122AF
:10BBB000D4E90710DA6000220143104619601968C1
:10BBC00041F001011960626484F841C0226384F885
:10BBD000422010BD42F400429A60D9E780F840202C
:10BBE000FCF72AFCB8E70120704700BF0080000284
:10BBF0002DE9F047984690F84130089E202B40F000
:10BC0000878090F840300446012B00F081800123AA
:10BC10008946174680F84030F6F7E8FD054604E00F
:10BC2000F6F7E4FD401B192875D82368986910F4CD
:10BC30000040F5D1212267626063C9F3090784F8E7
:10BC40004120102284F842206064A4F82A80628D8A
:10BC500092B2FF2A6DD8628D494892B2D1B2228544
:10BC60005A6802403A4342EA014246491143596048
:10BC7000DFF81C814FF0FF0ADFF81891638D2A4628
:10BC8000314620469BB2002B30D0FFF7A9FE00289A
:10BC900073D1606A216810F8012B238D8A62628D4E
:10BCA000013B6062013A9BB292B223856285628D4C
:10BCB00092B2002BE2D1002AE0D0701C43D18B69F4
:10BCC0001A06FCD5638D9BB2FF2B48D94B682A46D8
:10BCD000A4F828A0204603EA08033B4343EA0903EB
:10BCE0004B603146638D9BB2002BCED1FFF7D4FE63
:10BCF000002842D123682021234DD9615A682A4067
:10BD00005A6084F8411084F8400084F8420000E052
:10BD10000220BDE8F087636C2021002201200B4344
:10BD200084F84020636484F8411084F84220BDE820
:10BD3000F0875A6812490A4014493A431143FF22D6
:10BD40002285596094E78B691B06BBD4F6F74EFD3C
:10BD5000401B8642DFD3002EDDD02168ADE7638D26
:10BD60009BB2DAB223854B6803EA080343EA024335
:10BD70003B4343F000734B6080E70120BDE8F08750
:10BD8000009800FC0020008200E800FE0020FF81F7
:10BD9000009C00FC0000FF012DE9F0471F4690F8D1
:10BDA0004130202B40F08E8004460D46002900F0E3
:10BDB0008380B2FA82F916464FEA5919002A7BD0DD
:10BDC0005FFA83FA90F84030012B7BD0012380F892
:10BDD0004030F6F70BFD212365628046256884F824
:10BDE000413084F842A0C4F8449066856B68C4F87A
:10BDF000349023F400436B607B1C66D1AE69360738
:10BE0000FCD50823EB61E368022B06D0AE69F6038C
:10BE100028D4AE69F603F9D524E0AB691907FCD53F
:10BE20000823EB617B1CF1D0AB69DD031AD4F6F774
:10BE3000DDFCA0EB0800874253D3002F51D02568CA
:10BE4000F0E7424639462046FFF7CAFD00285BD19D
:10BE5000636A226813F8011B9162658D6362013D7C
:10BE6000ADB26585638D9BB2002BEAD1424639465F
:10BE70002046FFF711FE00284DD02268536843F496
:10BE800000435360636C042B54D10023636420236C
:10BE9000D361781C41D193691904FCD45168002303
:10BEA000202041F40041516084F84100184684F894
:10BEB000423084F8403003E04FF4007301206364A3
:10BEC000BDE8F0870220BDE8F087AB69180733D4DE
:10BED000F6F78CFCA0EB0800874202D30FB125686F
:10BEE0008AE7636C202000212268034384F8401015
:10BEF000636484F84100012084F84210536843F4DD
:10BF000000435360BDE8F08722680120536843F482
:10BF100000435360D4E72268B9E793691B04BDD599
:10BF2000F6F764FCA0EB08008742DAD3002FD8D0E4
:10BF30002268AEE70120C3E70823EB61E368022B28
:10BF40007FF470AF08E0F6F751FCA0EB08008742E1
:10BF5000C7D3002FC5D02568AB691A07F3D55FE7B3
:10BF60000268436B9169126803B11847704700BFBC
:10BF700090F84100704700BF90F84120202A23D15B
:10BF80005FFA82FC90F840200346012A1CD0026828
:10BF9000242000B583F841004FF0000E106820F017
:10BFA00001001060106820F4805010601068014398
:10BFB00070461160116841F00101116083F841C0C1
:10BFC00083F840E05DF804FB0220704790F84120C0
:10BFD000202A22D1034600B55FFA82FE90F8402065
:10BFE000012A1CD0026824204FF0000C83F8410085
:10BFF000106820F001001060106820F4706040EAC2
:10C00000012160461160116841F00101116083F85F
:10C0100041E083F840C05DF804FB02207047022035
:10C020005DF804FB2DE9F04F076889B004463846F7
:10C0300004F0B0F810B109B0BDE8F08F8246206876
:10C0400004F058F80028F6D0206804F053F810F0F7
:10C05000020F206803D0436903F00203436104F038
:10C0600049F810F4002B206840F0508104F042F8A9
:10C0700010F4802F206840F0EB8004F03BF800289B
:10C0800074DB206804F036F8000564D4206804F0FE
:10C0900031F8020114D52268536903F0006353613B
:10C0A00094F8F433002B40F095810121204684F868
:10C0B000F413536DC3F38303C4F8F83300F024FC86
:10C0C000206804F017F8C3047BD4206804F012F849
:10C0D00010F4005F20685DD104F00CF810F0100F30
:10C0E000206812D0836923F0100383613D6AC5F391
:10C0F000434305F00F06022B00F03182062B00F0BF
:10C100007F81836943F01003836103F0F3FF070726
:10C1100000F15781206803F0EDFFC60200F146816F
:10C12000206803F0E7FF850200F13581206803F005
:10C13000E1FF400000F12681206803F0DBFF4107AA
:10C140007FF579AF23685D686A0700F129825A6834
:10C150002A435A606FE7D7F80838D90700F11C82E4
:10C160002068436903F40063436190E7D7F804381B
:10C1700023F00103C7F8043894F8F433012B00F0DE
:10C1800038812046FEF7EAFC2068436903F000434B
:10C19000436177E704F002F8206803F0E7FC2568C4
:10C1A000E060F8F7A1FF227B0146284603F042FC3D
:10C1B0002046FEF7A9FC2068436903F4005343615D
:10C1C0008AE7D7F804381021206807F5006523F0C6
:10C1D00001036B6003F0B0FC6068B0B107F5106359
:10C1E0004FF67F3199600AF1010A1A6820338245BF
:10C1F00022F4001243F8202CC3F8E811D3F8E02110
:10C2000022F40012C3F8E021ECD1EB6943F00113F2
:10C21000EB61236B002B40F0E1806A6942F22B0353
:10C2200013436B612B6943F00B032B61D7F8003884
:10C2300004F57172217C23F4FE632068C7F800388E
:10C2400003F0C8FF2068436903F4805343613DE76E
:10C2500003F068FF80462068B8F1000F00F0E58029
:10C26000264607F510694FF0000BCDE9037A09E087
:10C270005FEA58080BF1010B06F11C0609F12009D1
:10C2800000F0D58018F0010FF2D05FFA8BF7394635
:10C2900003F064FFC30705461FD50BF00F03039996
:10C2A00001229A40D1F8343823EA0203C1F8343825
:10C2B0000123C9F808302369012B03D1D6E91123E2
:10C2C0001344B36439462046FEF710FC2369012B62
:10C2D00003D1BBF1000F00F0AC81280702D5082381
:10C2E000C9F80830E90602D51023C9F808306A06F3
:10C2F00002D54023C9F80830AB0702D50223C9F89C
:10C3000008302D0600F1C6802068B1E703F0FCFE7E
:10C3100005462068002D00F0868007F53066A146AE
:10C320004FF0000B049707E06D080BF1010B06F1CD
:10C33000200609F11C097DD0EB07F5D55FFA8BF1DA
:10C34000039103F0FDFE10F0010F8046039973D1B5
:10C3500018F0080F40F0F280206818F0100F01D09C
:10C360001023B36018F0200F05D02169012900F0D7
:10C370005A812023B36018F4005FD5D04FF40053E6
:10C38000B360D1E72046FEF7F5FB2068436903F070
:10C3900080434361D1E620465FFA8BF1FEF7E2FB72
:10C3A0002068436903F400134361C0E620465FFA46
:10C3B0008BF1FEF7DBFB2068436903F480134361D4
:10C3C000AFE62046FEF79CFB2068436903F00803B4
:10C3D0004361A0E62046FEF7A9FB71E6D5F884305C
:10C3E00043F00B03C5F884306B6C43F00B036B64B4
:10C3F0001CE70021204684F8F41300F085FAC3E618
:10C40000C6EBC606082204F57171384603F0F0FD4C
:10C41000C5F30A1304EB86022068D2F814120B4409
:10C42000C2F814326DE6AB4620E6C34625E6DDE9E8
:10C43000037A22E6049F19E6206801232769B36086
:10C4400000F53063012FD0F840E003EB4B139A68FE
:10C4500000F0C580984FBE4540F0BD80170440F104
:10C46000B6804FF4004218F0080F9A603FF475AFA1
:10C47000026C986890498A4200F0978020460392A7
:10C48000FEF724FB8D4B039A9A4200F29680082314
:10C49000B36061E7D6E91453D4F800A0AB4250462C
:10C4A0003FF6E6AE0AF51062716CCDF81CA002EB07
:10C4B0004B120592EA1A8A4228BF0A4605998969F1
:10C4C000033289B2B1EB920FC0F0A980CDF8189079
:10C4D000C146A046059C1AE0736C3A46B16C5046C2
:10C4E0009D4228BF1D4698F810300093ABB203F070
:10C4F00069FDB36CA1692B4489B2B364736D2B449D
:10C500000335B1EB950F7365C0F08180356D9D42A9
:10C51000A5EB0305E0D84446C846DDF81890D4F8EA
:10C5200000A0079B0122504603F500610BF00F03AA
:10C530009A404B6B23EA02034B6399E62268216918
:10C5400002F53063126C012903EB4B13986891D10B
:10C550005A498A4229D82046FEF7B8FA97E747F6A3
:10C56000F0731D423FF4CDADC6EBC606C5F30A120B
:10C57000384604EB86061546D6F8081203F038FD57
:10C58000D6F8083220682B44C6F80832D6F81432A0
:10C590002B44C6F81432B4E52046FEF7C7FADFE5AF
:10C5A0002046FEF7EBFA2368D1E5020402D54FF4EA
:10C5B00000429A602046FEF789FA216901297FF43A
:10C5C00066AF04F57172206803F004FE5FE7900621
:10C5D00001D520229A602046FEF77EFAB8E61707BA
:10C5E00032D536498E4504D9120402D54FF40042A3
:10C5F0009A6020460393FEF769FA04F571720121EF
:10C60000206803F0E7FD0822039B9A60A0E64446F9
:10C61000356DC846DDF81890D4F800A050469D420C
:10C620003FF626AE7DE704F5717203F0D3FD206876
:10C630009FE6236D002B7FF450AE04F5717201214B
:10C64000206803F0C7FD48E6970608D520229A60C7
:10C6500018F0080F3FF481AE026C986878E712F08A
:10C66000280FF5D1154FBE4505D9120403D54FF457
:10C6700000429A60ECE71B692046D9F80422C3F314
:10C680001203D31AC9F81432D9F808321344C9F87E
:10C690000832FEF721FABBF1000F7FF459AED4F84F
:10C6A0001032002B7FF454AE04F571720121206822
:10C6B00003F090FD4CE600BF0A31544F0A30544F4E
:10C6C00090F8BC23012A0ED0012210B50446006860
:10C6D00084F8381084F8BC2303F0FAFC00231846D1
:10C6E00084F8BC3310BD0220704700BF10B501F0C4
:10C6F0000F0E0906044627D44FF01C0C0CFB0E0C41
:10C700000CF5FE71CEEBCE0C00EB8C0C00208CF8FF
:10C71000FD018A604A7881F800E0CB700AB1A1F887
:10C7200006E0022B01D100230B7194F8BC33012BDE
:10C7300018D00123206884F8BC3303F029FA0023C1
:10C74000184684F8BC3310BD1C204FF0010C00FBD0
:10C750000E4000F13C01CEEBCE0004EB800080F8EF
:10C760003DC0D6E7022010BD10B501F00F041C211A
:10C77000C4EBC40C01FB040100EB8C0C01F5FE7151
:10C78000CCF810320023CCF808228CF8FC41CCF80D
:10C7900014328CF8FD3103690068012B08BFCCF816
:10C7A0000C22DAB21CB903F053FB002010BD03F0D9
:10C7B00037FA002010BD00BF10B501F00F041C2196
:10C7C000C4EBC40C01FB040100EB8C0C3C31CCF835
:10C7D00050300023CCF84820CCF8543001238CF89A
:10C7E0003C408CF83D3003690068012B08BFCCF851
:10C7F0004C20DAB21CB903F02BFB002010BD03F073
:10C800000FFA002010BD00BF38B5436801F00F05D6
:10C810009D4234D80B0604461DD41C22C1EBC10333
:10C8200002FB010100EB8303002201F5FE7183F896
:10C83000FD2101230D708B7094F8BC239A421CD00B
:10C84000206884F8BC3303F0E3FBD5B1002318461D
:10C8500084F8BC3338BD1C21C5EBC503012201FBA4
:10C86000050100EB83033C3183F83D2001230D706B
:10C870008B7094F8BC239A42E2D1022038BD01208B
:10C8800038BD04F57172217C206803F0A3FCDDE75C
:10C89000426838B501F00F03934232D811F0800F8F
:10C8A00004464FF01C01C3EBC30219D101FB034145
:10C8B000002004EB8202002501F5FE7182F8FD01E3
:10C8C0000B708D7094F8BC33012B18D001232068B5
:10C8D00084F8BC3303F0D0FB284684F8BC5338BD41
:10C8E00001FB0341012004EB820200253C3182F868
:10C8F0003D000B708D7094F8BC33012BE6D1022003
:10C9000038BD012038BD00BF704700BF38B5114B9E
:10C91000DA68520704D4DB6803F00703834214D1BA
:10C920000C4CE36823F007031843E060F5F75EFF63
:10C93000054605E0F5F75AFF401BB0F57A7F06D8AB
:10C9400063689B04F6D5002038BD012038BD032064
:10C9500038BD00BF00480258024AD36843F08073D4
:10C96000D36070470048025870B44D6A15B1B2F1F7
:10C97000406F3AD18B691BB30C6A002C4CD08E6887
:10C980000068C661CE69002E69D02B431343234350
:10C99000CC6A334323430C6B23434C6B23430C6916
:10C9A0002343CC6823430C6823434C69B2F1406FA6
:10C9B00043EA8443436165D04B6870BC8361704730
:10C9C0000B6ABBB100682B438C68CE69C461002E32
:10C9D0006BD01343CC6A334323430C6B23434C6B20
:10C9E00023430C692343CC68DEE78B6A0468013B70
:10C9F0002361BFE7CB69002B66D1002D42D0CB6A03
:10CA00000C6B2B43006813434A6923434C6B23434D
:10CA100043EA8243436135E0CC6945EA030C002CCC
:10CA200032D003684CEA0200B2F1406F40EA0400E1
:10CA3000CC6A40EA04000C6B40EA04004C6B40EA0C
:10CA40000400CC6840EA04000C6840EA04004C6929
:10CA500040EA8440586115D04A689A6112E045EA7C
:10CA6000030C0D694CEA0203CA6A23431343D1E95C
:10CA70000C4223430C6813434A692B43234343EA84
:10CA80008243436170BC7047CC6A4CEA0203006881
:10CA90002343D1E90C4223430C6813434A692343DF
:10CAA00043EA824370BC43617047CC6A134323431B
:10CAB000D1E90C4223431343D1E90442234343EA1F
:10CAC000824370BC436170472B43CD6A0C6B1343A8
:10CAD00000682B4323434C6B84E700BF70B50446CA
:10CAE000F5F784FE002C54D094F84030012B52D03E
:10CAF0000123064684F8403094F8413003F0FF02E9
:10CB0000002B34D0A56C2268A1681368013923F486
:10CB1000706343EA0123136001E06B1C31D1936819
:10CB200013F02003F9D1E069E16815680143206A38
:10CB30000143606841EA00611C4828400143606984
:10CB40001160A16955680143206941EA0041184814
:10CB5000284001250143184651601168294311609E
:10CB6000636484F84150002384F8403070BD20464F
:10CB700084F84020FCF7B8F841F288331D46A364DE
:10CB8000C1E7F5F733FE801BA84206D82DB1226815
:10CB9000C5E7012070BD022070BD0423012084F888
:10CBA0004130636C03436364DDE700BF2FFFFF0088
:10CBB000FEF8E0FFC8B110B590F840300446012BF4
:10CBC00011D00268012380F84030136823F001037C
:10CBD0001360FCF717F900236364184684F84130AA
:10CBE00084F8403010BD022010BD0120704700BF06
:10CBF0002DE9F04104460E461546F5F7F7FD94F889
:10CC00004030012B3AD0012384F8403094F8413071
:10CC1000012BDFB206D002270023384684F84030CB
:10CC2000BDE8F081002380466364022384F841302C
:10CC3000681C23680ED19A6812F02002FBD131469D
:10CC40002046FFF791FE736AE3B10123002784F8C1
:10CC50004130E1E79A6812F020021ED0F5F7C6FDD8
:10CC6000A0EB0800854201D3002DE1D1042384F814
:10CC70004130636C43F001036364CDE7022738461B
:10CC8000BDE8F081226893689B07FCD5022101234F
:10CC90000027D16084F84130BEE731462046FFF7D7
:10CCA00063FE736A43B1D0E7F5F7A0FDA0EB08007F
:10CCB0008542DBD3002DD9D0226893689907F3D53C
:10CCC000E4E700BF2DE9F843044689461546F5F729
:10CCD0008DFD94F840302768012B67D0012384F83C
:10CCE000403094F84130012B5FFA83F807D04FF0C1
:10CCF00002080023404684F84030BDE8F883002352
:10CD00006364B9F1000F56D01223064684F841300F
:10CD10003B690133E3623B69C4F824900133A362A9
:10CD20007B6923F040637B61E36A002B31D06A1C8E
:10CD3000394611D18B685B07FCD5636A1B7887F88D
:10CD40002030E26A636A013A0133E262E26A6362B6
:10CD5000F2B16A1C2168EDD08B685807EDD4F5F765
:10CD600045FD801B854201D3002DF2D1042384F8B8
:10CD70004130636C43F00103636413E0BB689B07BD
:10CD80000CD4F5F733FD801B8542EFD3002DEDD099
:10CD90002768691CF2D1BB689A07FCD502234FF0C3
:10CDA0000008FB60012384F84130A2E74FF002083D
:10CDB0004046BDE8F883636C43F00803636498E77A
:10CDC0002DE9F843044615468946F5F70FFD276817
:10CDD000BA6994F84030012B6CD0012384F84030BC
:10CDE00094F84130012B5FFA83F807D04FF0020826
:10CDF0000023404684F84030BDE8F8830023636494
:10CE0000B9F1000F5BD02223064684F841303B691C
:10CE10000133A3633B69C4F83090013363637B69DA
:10CE200023F0406343F080637B61BA61A36B002B06
:10CE300033D0681C394612D18B6813F0060FFBD033
:10CE400097F82020236B1A70A26B236B013A0133F1
:10CE5000A263A26B2363FAB1681C2168ECD08B68D3
:10CE600013F0060FECD1F5F7C1FC801B854201D30E
:10CE7000002DF1D1042384F84130636C43F00103A9
:10CE8000636413E0BB689B070CD4F5F7AFFC801B11
:10CE90008542EFD3002DEDD02768691CF2D1BB6825
:10CEA0009A07FCD502234FF00008FB60012384F8A9
:10CEB00041309DE74FF002084046BDE8F883636CBF
:10CEC00043F00803636493E72DE9F84F04461F46D7
:10CED00089469046F5F78AFC94F84030012B52D0F1
:10CEE000012384F8403094F84130012B5FFA83FB32
:10CEF00007D04FF0020B0023584684F84030BDE8BD
:10CF0000F88F002382466364422384F841307A1C00
:10CF100026682CD1B568AB06FCD4D8F80030494659
:10CF20002046B362D8F804307362D8F80830F36250
:10CF30003268D8F8103022F440021343D8F80C209D
:10CF400043F480033360C9F828204FF00062FFF7F4
:10CF50000BFD781C22681BD193681907FCD50821AA
:10CF600001234FF0000BD16084F84130C3E7B36870
:10CF70009D06D2D5F5F73AFCA0EB0A00874212D302
:10CF8000002FC4D10FE04FF0020B5846BDE8F88FD8
:10CF900093681B07E3D4F5F729FCA0EB0A0087424E
:10CFA00001D3002FD5D1042384F84130636C43F0C2
:10CFB000010363649FE700BF2DE9F04704460F4675
:10CFC0001646F5F713FC94F84030012B45D00123A9
:10CFD00084F8403094F84130012B5FFA83F907D090
:10CFE0004FF002090023484684F84030BDE8F0873E
:10CFF00000238046D4F848A06364822384F841303B
:10D00000BAF1FF3F256814D1AB689A06FCD42B68AF
:10D01000726823F00803082A43EA02032B6021D038
:10D020004FF04062394620464FF00009FFF79CFC64
:10D03000D8E7AB689B06EAD5F5F7D8FBA0EB08006C
:10D04000824502D3BAF1000FDAD1042384F84130CB
:10D05000636C43F001036364C4E74FF00209484680
:10D06000BDE8F087326810232A63EB602B6843F435
:10D0700080132B60D4E700BF704700BF08B5006C79
:10D0800000238363C36290F84130082B0BD10368FF
:10D090000222DA601A6842F400321A601A6842F01A
:10D0A00002021A6008BD012380F84130FFF7E4FF57
:10D0B00008BD00BF704700BF704700BF704700BF8A
:10D0C000704700BF704700BF704700BF704700BF88
:10D0D00038B5036804469A68196855070ED54803A1
:10D0E0000CD594F84120122A75D094F84120222AB8
:10D0F00000F0A1802046FFF7E5FF38BD950726D553
:10D10000880324D50222DA601A6822F4E0221A6029
:10D1100094F84120122A7AD094F84120222A00F073
:10D12000A98094F84120022A00F0D08094F8412090
:10D13000082AE2D15A690121204622F040625A6150
:10D1400084F84110636C3BBBFFF7B4FF38BD150793
:10D1500025D4D50735D5C80333D50125DD601A6838
:10D1600022F470221A60626C42F0020262641A6851
:10D17000520779D51A68E06B22F004021A60574B07
:10D18000836504F0FFFE0028B7D0636C204643F0AF
:10D190000403636484F84150FFF76EFF38BD080351
:10D1A000D7D50822DA601A68520206D51A6801211A
:10D1B00022F410221A6084F841102046FFF784FF01
:10D1C00038BDD00699D5CA0297D510222046DA601C
:10D1D000FFF77CFF38BD9A6850078BD518460EE0E4
:10D1E000626A127883F82020E16A20680139626A55
:10D1F000E1620132816862624D077FF57BAFE26ACE
:10D20000002AEDD1036823F48023036072E71A68D3
:10D21000510709D51A68E16B22F0040209681A6007
:10D22000CB6823F00103CB600123204684F8413012
:10D23000FFF746FF38BD9A6852077FF55BAF184687
:10D240000EE093F82010226B1170A16B2068013959
:10D25000226BA16301328168226349077FF54AAFDF
:10D26000A26B002AEDD1CDE7204684F84150FFF7AC
:10D2700003FF38BD1A6852071DD49A6812F47C5F08
:10D280000FD111E093F82010226B1170A16B206870
:10D290000139226BA16301328168226311F47C5F42
:10D2A00002D0A26B002AEDD10123204684F8413040
:10D2B000FFF704FF38BD1A68E16B22F00402096829
:10D2C0001A60CB6823F00103CB60EDE70123204611
:10D2D00084F84130FFF7F0FE38BD00BF7DD0000874
:10D2E000F8B501680546AC4B99421FD020339942EE
:10D2F0001CD003F57873994258D02033994255D009
:10D3000003F57873994200F01E812033994200F0B2
:10D310001A8195F89130A14E03F0FF026BB92846AF
:10D3200085F89020FBF756FE296806E09C4E95F89C
:10D33000913003F0FF02002BF1D09A4B9A4A1B6800
:10D34000A2FB03230A681B0B22F480329B000A60B5
:10D3500023B30C68013B14F48034F9D1022385F81F
:10D360009130EB68012B00F01081022B15BF0320D8
:10D3700023200227222715BF4FF0010C4FF0210C6C
:10D3800000222022AB68013B042B00F24B81DFE836
:10D3900013F0CF001000D6000F00D200D5F8943063
:10D3A000012043F04003C5F89430F8BD7F4EBEE73E
:10D3B0003A464FF400672B6A3260002B44D0764B1C
:10D3C000994200F01E817A48081AB0FA80F04009AC
:10D3D000002840F01681774B994200F00C812033F1
:10D3E000994200F00881744B994200F0FE8020338E
:10D3F000994200F0FA80714B994200F00881704B1D
:10D40000994200F00A81AB6900EB8000B3F5002F70
:10D410004FEA400300F0E280AA6A296AB2F1806F05
:10D420000CBF0222012201FB02F21202B3FBF2F353
:10D43000644AA2FB0312D20802EB8201A3EB410370
:10D44000092B08BF01326A626B6833F002032B6D4F
:10D4500040F09680012B14BF4FF400740024F5F7C0
:10D46000DDF9696CB0F5005FD5E9003242EA0102EE
:10D47000A96C42EA0102E96C42EA0102E96A42EA65
:10D480000102696942EA010272D3A96918680A4374
:10D49000A96A0A434C490140196029690A4319687D
:10D4A0000A43696A42EA015248493A4322431A60F0
:10D4B0005A68286B1140EA690243686B596002435D
:10D4C00059680A4342495A609A6811406A6E9960E5
:10D4D000E96D98680A43296E0A43696D01390A4368
:10D4E000A96D013942EA012202434FF220009A60FD
:10D4F000D968AA6E0140D960E96ED8680A43696F9D
:10D5000042EA0142296F013942EA012222490243DB
:10D510008B42DA6019D0294A934216D000230122A7
:10D52000C5F89430184685F8903085F89120F8BDFC
:10D530004FF480673FE702464FF400673BE76246DF
:10D540004FF4006737E7234EF1E6736C23F00103D5
:10D55000736495F83830012BE0D1D5E90F23013AF7
:10D5600043EA02137364736C43F001037364D5E7F9
:10D57000A96918680A43184901401960A96A8DE72A
:10D58000012B08BF4FF4007469E7132012274FF0F6
:10D59000110C1022F6E600BF045801400054005858
:10D5A00000580140440200241BECCB95005C014074
:10D5B00024580140045C01400460014004540058B8
:10D5C00024540058CDCCCCCC10C005F0F01FFFFF88
:10D5D0000080F8FF0060014010C005F82A6A696DFC
:10D5E00001FB02F2B3FBF2F322E74FF40070F8F70D
:10D5F00047FE2968FFE64FF40070F8F741FE2968FE
:10D60000F1E64FF48070F8F73BFE2968E3E64FF44B
:10D610008060F8F735FE2968F1E64FF40060F8F70E
:10D620002FFEF0E60027C6E6022938B5044635D9B4
:10D63000C81E012830D8002023676064E064E065DC
:10D64000A0664FF6FF706067606830F002000CBFA4
:10D650000125002504294FF4003125650CBF012068
:10D660000D2021664FF48021A0656166032A13D83E
:10D67000DFE802F0474E54362368484A934205D00B
:10D6800002F1C052A2F58232934205D16368012BA8
:10D6900002D1636C002B2FD0012038BD00202367FE
:10D6A0006064E064A066606830F0020014BF01208E
:10D6B000002020654FF48030E0654FF6FF70606712
:10D6C00013F00100E8D14D1E012D29D860664FF4FA
:10D6D00000302066032ADFD8DFE802F05546362CFA
:10D6E000E0215B018022A1646365E266F5F796F8AC
:10D6F00094F83830012BBFD02046BDE83840FFF702
:10D70000EFBD80211B014022A1646365E266EDE765
:10D7100080225B01A2646365E266E7E7C021E0E77F
:10D7200020664FF480206066032AB5D8DFE802F057
:10D730002B1C0C025B08E02080219A01A0645B0195
:10D74000E166C4E91523D1E75B08C02280250229E0
:10D750004FEA8310A2644FEA4313E5666065A36550
:10D76000C4D10823A366C1E75B08802202294FEADF
:10D770008310A2644FEA4313E266C4E91503B5D1EE
:10D780001023A366B2E75B08802040215A01A06401
:10D790001B01E166C4E91523A8E700BF0458014056
:10D7A0002DE9F8430F4604461546F5F71FF8002FFC
:10D7B00061D0B5FA85F84FEA5818002D5BD094F87F
:10D7C0009130012B5FFA83F950D194F89030012BFE
:10D7D0004CD04346C4F894800646D4F8800065F3E4
:10D7E0000F03226884F89090394665F31F43A767BA
:10D7F0001C32E3672B46122584F891502E4DC0F859
:10D80000508005642D4DC5632D4DC564F6F718FB9A
:10D8100000283ED1636C082B636831D0052161225A
:10D82000023B012B98BF1146226813690B43136119
:10D83000136843F40033136006E0F4F7D7FF831B4B
:10D84000B3F57A7F2AD82268556915F4E025F4D01B
:10D850001368DB0303D4136843F48033136000239D
:10D86000994684F890304846BDE8F8834FF00209A5
:10D870004846BDE8F8834FF001094846BDE8F88303
:10D8800023F00202012A0BBF15210521712261221A
:10D89000C6E7484684F89080BDE8F883D4F8943011
:10D8A0004FF0030984F8905043F040034846C4F811
:10D8B0009430BDE8F88300BF01DA000899D9000868
:10D8C00081DA0008F8B500294ED0B2FA82F5134685
:10D8D0006D09002A48D090F891200446012AD6B25A
:10D8E0003FD190F89020012A3BD081670A46294613
:10D8F000222780F8906063F30F01C0F8945063F31F
:10D900001F41C167D0F8840084F891701E4F2168D0
:10D9100007641E4F1C310565C7631D4FC764F6F7CA
:10D920008FFA20BB23681A68D20303D41A6842F422
:10D9300080321A60626C082A62681CD0052161205E
:10D94000023A012A98BF01461A6900200A43064696
:10D950001A611A6842F400321A6084F89000304666
:10D96000F8BD02263046F8BD01263046F8BD3046E7
:10D9700084F89050F8BD22F0020101290BBF152157
:10D98000052171206120DBE771DA00080DDA00085B
:10D9900081DA0008704700BF08B5C369806BB3F532
:10D9A000807F1BD003684FF0000C416C1A68082977
:10D9B000A0F87EC022F400321A60426811D06FF0E5
:10D9C000610C6FF00501023A012A98BF61461A699D
:10D9D0004FF0010C0A401A6180F891C0FFF7DAFF9E
:10D9E00008BD22F0020101290BBF6FF0710C6FF02E
:10D9F000610C6FF015016FF00501E4E7704700BF9F
:10DA0000806B08B5FFF7FAFF08BD00BF08B5C36912
:10DA1000806BB3F5807F1BD003684FF0000C416C26
:10DA20001A68082922F400321A604268A0F87EC001
:10DA300011D06FF0610C6FF00501023A012A98BF16
:10DA400061461A694FF0010C0A401A6180F891C0D2
:10DA5000FBF7C6FB08BD22F0020101290BBF6FF0E6
:10DA6000710C6FF0610C6FF015016FF00501E4E7C8
:10DA7000806B08B5FBF778FB08BD00BF704700BF9F
:10DA800010B5846BF6F7E6FE022823D0D4F8942074
:10DA9000216842F08002134B1348C4F894201B689D
:10DAA0000A68A0FB030322F400321B0B0A600A6819
:10DAB0009B0022F480320A606BB10A68013BD203FA
:10DAC000FAD401220023204684F89120A4F87E3065
:10DAD000FFF7D4FF10BDD4F8943043F04003C4F8EE
:10DAE0009430EEE7440200241BECCB9518B338B514
:10DAF00090F82C3004460D4603F0FF02B3B12146E6
:10DB0000022384F82C3051F8040B01F0E7FE626820
:10DB10002946206801F020FF084A012100201368EF
:10DB200043F00043136084F82C1038BD80F82D209A
:10DB3000F8F7B4FFE3E70120704700BF0040005250
:10DB400070B590F82C300446022BD8B204D000F007
:10DB5000FB06012E01D0012070BD02230D46206876
:10DB600084F82C3001F044FF2B68022B03D00020F6
:10DB700084F82C6070BD0523002084F82C3070BD23
:10DB800038B590F82C300446022BD8B205D094F862
:10DB90002C30012BDDB201D0012038BD02232068DA
:10DBA00084F82C3001F038FF002084F82C5038BD68
:10DBB0002DE9F8431E46D0F88030202B71D18946DC
:10DBC000002947D0B2FA82F714467F09002A41D0D3
:10DBD00090F87C300546012B63D00123C0F8887093
:10DBE00080F87C302123C0F88030F4F7FFFDAB686B
:10DBF0008046A5F85440B3F5805FA5F8564060D044
:10DC0000B5F856309BB2002B59D02C68721C24D129
:10DC1000E2691306FCD5B9F1000F3DD019F8013BBC
:10DC2000A362B5F85630013B9BB2A5F85630B5F863
:10DC300056309BB2002BE9D1711C35D1E3695A06ED
:10DC4000FCD5002320221846C5F8802085F87C30BA
:10DC5000BDE8F8830120BDE8F883E3691806DAD44B
:10DC6000F4F7C4FDA0EB0800864201D3002ECCD10E
:10DC70002B682021002403201A6822F4D0721A6035
:10DC80009A6822F001029A60C5F8801085F87C40FD
:10DC9000C5F88410BDE8F88337F8023BC3F30803E6
:10DCA000BEE70220BDE8F883E3695B06C9D4F4F758
:10DCB0009DFDA0EB08008642DAD3002ED8D02C6858
:10DCC000BAE72B69002B9BD14F46994698E700BFD6
:10DCD000F8B5D0F88070202F44D1002940D0B2FA96
:10DCE00082F67609002A3BD0044690F87C00012891
:10DCF00038D001252123606FA4F856202165C4F88F
:10DD00008860A4F8542084F87C50C4F88030D8B1DE
:10DD1000DFF854C013462268C0F83CC0DFF84CC09E
:10DD200028320665C0F840C0DFF844C0C0F84CC0D7
:10DD3000F6F786F840B11023284684F87C60C4F8D2
:10DD40008830C4F88070F8BD236800224021104656
:10DD5000196284F87C209A6842F080029A60F8BDCB
:10DD60000120F8BD0220F8BD21DE000851DE0008C8
:10DD7000A1DE0008F8B5D0F88470202F48D1002922
:10DD800044D0B2FA82F67609002A3FD090F87C306F
:10DD90000446012B3CD001252223C0F88860816510
:10DDA000A0F85C2080F87C50C0F88430806FE0B12F
:10DDB000DFF860C013460A462168C0F83CC0DFF8AF
:10DDC00058C024310665C0F840C0DFF850C0C0F824
:10DDD0004CC0F6F735F840B11023284684F87C6033
:10DDE000C4F88830C4F88070F8BD2368002084F837
:10DDF0007C001A6842F480721A609A6842F001024C
:10DE00009A609A6842F040029A60F8BD0120F8BD1D
:10DE10000220F8BD5DDE000895DE0008A1DE0008E6
:10DE200008B5C369806BB3F5807F0CD0036800220E
:10DE3000A0F856209A6822F080029A601A6842F090
:10DE400040021A6008BDFCF7EDF808BD704700BF3E
:10DE5000806B08B5FFF7FAFF08BD00BF08B5C369BE
:10DE6000806BB3F5807F12D0036800222021A0F8D8
:10DE70005E201A6822F480721A609A6822F0010209
:10DE80009A609A6822F040029A60C0F88410FCF709
:10DE9000CDF808BD806B08B5FCF712F908BD00BFCE
:10DEA000806B38B50368D0F88040D0F884109A6849
:10DEB000150601D5212C1DD09A68520601D52229BC
:10DEC00008D0D0F8883043F01003C0F88830FCF751
:10DED0003FF938BD00240F4A2025A0F85E4019689C
:10DEE00021F49071196099680A409A60C0F88450D2
:10DEF000C466E6E700222024A0F856201A6822F023
:10DF0000C0021A609A6822F400029A60C0F8804049
:10DF1000D2E700BFFEFFFFEF0268D36970B51E07AE
:10DF200015680446916800F084806C4805F4907C84
:10DF300008405CEA00061DD1D80202D54E0200F16D
:10DF40009D80180606D501F4000105F0800001430C
:10DF500040F08C805E0602D5680600F19B801902B5
:10DF600002D56A0000F1A380DB0102D5002DC0F2CA
:10DF7000AA8070BDDE0709D5EE0507D50126166219
:10DF8000D4F8886046F00106C4F888609E0760D522
:10DF9000CE0709D502261662D4F8886046F004063A
:10DFA000C4F888605E0758D41E070CD505F0200C15
:10DFB0005CEA000007D008201062D4F8880040F026
:10DFC0000800C4F88800D4F888000028D1D09E0644
:10DFD00006D505F0200501F0805155EA01036BD10B
:10DFE000D4F88850936805F0080503F040031D43FA
:10DFF0006ED0116820203A4B21F490711160916825
:10E000000B4000219360C4F884009368E1665D06CC
:10E010003CD59368A06F23F040039360002835D06F
:10E02000304B0365F6F72CF80028A2D0A06F036DE3
:10E030000CE09E0680D505F0200C01F0805E5CEAC5
:10E040000E063FF479AFC36E002B92D0BDE870404E
:10E0500018475E07A8D5CE07A6D504261662D4F8C1
:10E06000886046F00206C4F888609DE7236F002BA5
:10E070003FF47FAF2046BDE8704018474FF480134F
:10E0800020461362BDE8704001F068BB2046FCF7F3
:10E090005FF870BD13682020002123F04003136057
:10E0A000C4F8800020462167FBF7BCFF70BD204606
:10E0B000BDE8704001F056BBE36E002B90D02046C7
:10E0C000984722688CE72046BDE8704001F048BBC5
:10E0D0002046FCF73DF8C4F8885070BD01000010E0
:10E0E000FEFFFFEFE9E0000808B5806B0023A0F811
:10E0F0005E30A0F85630FCF72BF808BDD0F8802031
:10E10000D0F8840010437047F0B58268044687B0A9
:10E110002368D0E904101D680A43616E0243E06978
:10E1200002430A43A8492940A84D0A43E168AB428B
:10E130001A605A6822F4405242EA0102A1695A6008
:10E1400000F09D80226A9D681143A14A666A2A40B8
:10E1500011439960DA6A22F00F023243DA629D4A73
:10E16000934224D09C4A934255D09C4A934200F05B
:10E170002F829B4A934200F09B829A4A934200F07E
:10E18000E980994A934200F09D82984A934200F0B8
:10E19000D885974A934200F0D682012500234FF09C
:10E1A000011228462367C4E91A2307B0F0BD914B3A
:10E1B0005B6D03F03803282BEFD88F4AD55CB0F5A0
:10E1C000004F33D0202D00F2D981202D00F2B680EF
:10E1D000DFE815F0A8017B01B400B4007201B400BF
:10E1E000B400B4004901B400B400B400B400B400F9
:10E1F000B400B4001C01B400B400B400B400B40016
:10E20000B400B400B400B400B400B400B400B4006E
:10E21000B400B400CA00774B5B6D03F00703052B15
:10E22000BBD8764AB0F5004FD55CCBD1202D00F29B
:10E230001482202D00F20082DFE815F08A035804D2
:10E24000FE01FE012804FE01FE01FE018604FE011E
:10E25000FE01FE01FE01FE01FE01FE01F203FE01D0
:10E26000FE01FE01FE01FE01FE01FE01FE01FE01B6
:10E27000FE01FE01FE01FE01FE01FE01B7039868EA
:10E28000534A02405B480A439A60DA6A616A22F0A4
:10E290000F020A43DA62836D03F00703052B3FF692
:10E2A0007CAF574AD65C202E00F29C81012E7FF66F
:10E2B00074AFB31E1E2B3FF670AF01A252F823F0CD
:10E2C00077E800089BE1000821E800089BE10008CE
:10E2D0009BE100089BE10008EBE800089BE10008D7
:10E2E0009BE100089BE100089BE100089BE100081E
:10E2F0009BE100089BE100088BE800089BE1000817
:10E300009BE100089BE100089BE100089BE10008FD
:10E310009BE100089BE100089BE100089BE10008ED
:10E320009BE100089BE100089BE100089BE10008DD
:10E330009BE100089BE1000801E90008012500239A
:10E34000A3F110014FF6EF7291423FF626AF22681B
:10E35000D36023E7274B5B6D03F00703052B3FF6E4
:10E360001CAF284AD55C2AE7002E00F0B581012EAB
:10E3700000F09E85022E00F0B185032E00F0D885B6
:10E38000042E00F0F485052E00F08486062E00F0A1
:10E39000BE86072E00F0FD86082E00F05087092E5D
:10E3A00000F07B870A2E00F0DC8743F60953164AFB
:10E3B0000B2E18BF13466268002503EB5203B3FB14
:10E3C000F2F39BB2BCE700BFF369FFCF000C00582B
:10E3D000FFF4FF11001001400044004000480040DD
:10E3E000004C004000500040001401400078004004
:10E3F000007C004000440258583D0108843D01085B
:10E400008C3D0108843D010800093D00B34B1A68AA
:10E41000920640F16F811A68B14BC2F3C102D3403A
:10E42000002EC8D0012E00F0EF81022E00F0C5842E
:10E43000032E00F0BF84042E00F02B85052E00F083
:10E440009D86062E00F0DC86072E00F01C86082E26
:10E4500000F04E86092E00F08E860A2E00F0E3862C
:10E460000B2EA8D126E003A8F7F78EFD626A049B65
:10E47000002AA0D0012A00F0C781022A00F09D8462
:10E48000032A00F09784042A00F00385052A00F08F
:10E49000FD84062A00F07E85072A00F0F485082A0C
:10E4A00000F02686092A00F066860A2A00F0BB865C
:10E4B0000B2A80D11B0A7EE76846F7F7A7FC626A41
:10E4C000019B002A3FF477AFD4E7F6F73FFE636A7B
:10E4D00003B3012B00F0F384022B00F0CE84032B56
:10E4E00000F0C884042B00F01785052B00F011857F
:10E4F000062B00F00686072B00F04886082B00F05C
:10E500009B86092B00F0E1860A2B00F03B870B2B42
:10E5100008BF000A6268002500EB5203B3FBF2F368
:10E520009BB20DE7F6F7F6FD636A03B3012B00F02B
:10E53000C984022B00F0A784032B00F0A184042BD4
:10E5400000F0E484052B00F0DE84062B00F0E68565
:10E55000072B00F03686082B00F08786092B00F089
:10E56000B1860A2B00F0FA860B2B08BF000A6268FE
:10E5700000EB5203B3FBF2F39BB2E1E6402D7FF4D4
:10E580000CAE002E00F0DC80012E00F09484022EF0
:10E5900000F0A784032E00F0C784042E00F0EC8462
:10E5A000052E00F07A85062E00F0B485072E00F0C7
:10E5B000FE85082E00F04986092E00F08B860A2E73
:10E5C00000F029870B2E0CBF80234FF40043F2E6A6
:10E5D000424B5B6D03F00703052B3FF6DEAD414A6E
:10E5E000D55CECE5402E7FF4D8AD002900F0B58075
:10E5F000012900F06E84022900F08284032900F0D2
:10E60000AF84042900F03B85052900F069850629BF
:10E6100000F0AD85072900F0EF85082900F0368667
:10E62000092900F05B860A2900F0F9860B290CBF46
:10E6300080254FF4004592E001250023A3F110014D
:10E640004FF6EF7291423FF6A8AD23F00F02C3F3ED
:10E65000420313432268D360A0E5402D7FF49DADB3
:10E66000002E00F0D380012E00F0D280022E00F0A8
:10E670006D84032E00F0F484042E00F02585052E11
:10E6800000F06885062E00F0C285072E00F0108687
:10E69000082E00F04886092E00F059860A2E00F058
:10E6A000EC860B2E0CBF4FF480704FF48030AFE03F
:10E6B0000A4B5B6D03F00703052B3FF66EAD0A4A6C
:10E6C000D55C7CE5054B5B6D03F03803282B3FF6EA
:10E6D00064AD064AD55C72E5054B6CE60044025811
:10E6E0000090D003843D0108843D0108583D010895
:10E6F00000093D00002E00F0BA83012E00F0FD83DA
:10E70000022E00F02A84032E00F0B684042E00F0BE
:10E71000E484052E00F02885062E00F08785072E5C
:10E72000DAD0082E00F0C483092E00F0D7830A2E19
:10E7300000F01D84B44BB54A0B2E18BF13463AE6C1
:10E740004FF4004337E6B24B5B6D03F00703052B34
:10E750003FF623ADAF4AD55C31E54FF4004567681D
:10E7600007EB4703AB423FF618ADB5EB073F3FF66B
:10E7700014AD202E00F2F082012E7FF60EAD023E87
:10E780001E2E3FF60AAD01A353F826F0C9EC00088F
:10E790009BE100089FEC00089BE100089BE100085A
:10E7A0009BE100083DEC00089BE100089BE10008AC
:10E7B0009BE100089BE100089BE100089BE1000849
:10E7C0009BE10008D1EB00089BE100089BE10008F9
:10E7D0009BE100089BE100089BE100089BE1000829
:10E7E0009BE100089BE100089BE100089BE1000819
:10E7F0009BE100089BE100089BE100089BE1000809
:10E800009BE1000859EB00085B08D4E54FF4803029
:10E810006268002500EB5203B3FBF2F39BB20DE7F5
:10E820006846F7F7F3FA636A019D03B3012B00F022
:10E83000CF82022B00F0C782032B00F0C182042B91
:10E8400000F02F83052B00F02983062B00F098831E
:10E85000072B00F02684082B00F04D84092B00F0D4
:10E860009B840A2B00F0FB840B2B00F06582002DAB
:10E870003FF494AC73E7F7F7B7FA636A0546002BE9
:10E88000D4D1002D3FF48AAC69E7614B1A68950634
:10E8900040F1A5821B685D4DC3F3C103DD40002933
:10E8A0003FF45DAF012900F04D83022900F046835B
:10E8B000032900F04083042900F04584052900F075
:10E8C0008384062900F0D484072900F020850829D4
:10E8D00000F04F85092900F0F9850A2900F0FD852F
:10E8E0000B297FF43CAF2D0A39E703A8F7F74CFB5F
:10E8F000636A049D002B99D1002D3FF44FAC2EE7A5
:10E90000002900F06A82012900F0DF82022900F06C
:10E91000F282032900F02883042900F0AA83052944
:10E9200000F0D883062900F02E84072900F06184C6
:10E93000082900F0AF84092900F0EF840A2900F0CB
:10E94000148543F60955344B0B2918BF1D4606E7BD
:10E95000F6F7E0FB636A03B3012B00F0CA82022BD7
:10E9600000F0F782032B00F07F83042B00F0B083CC
:10E97000052B00F0EB83062B00F05084072B00F0F2
:10E980009E84082B00F0B984092B00F0E4840A2B44
:10E9900000F070850B2B08BF000A61684A0802EB83
:10E9A0004003B3FBF1F39BB248E6002E00F03A823D
:10E9B000012E00F09A82022E00F0C682032E00F093
:10E9C0004D83042E00F07E83052E00F0BA83062EC0
:10E9D00000F02184072E00F06F84082E00F082845E
:10E9E000092E00F0CC840A2E00F06C8547F6122325
:10E9F0000A4A0B2E18BF13466268002503EB520328
:10EA0000B3FBF2F39BB219E690D003000090D00361
:10EA100000440258843D010800093D0000127A00BC
:10EA2000A44B1A68910640F1FF811A68A24BC2F309
:10EA3000C10223FA02F206B3012E00F0B182022EC7
:10EA400000F03783032E00F06F83042E00F0C6839E
:10EA5000052E00F00084062E00F06F84072E00F0D3
:10EA60007184082E00F00385092E00F03C850A2EE3
:10EA700000F036850B2E08BF120A616800254B088E
:10EA800003EB4203B3FBF1F39BB2D7E56846F7F71C
:10EA9000BDF9626A019902B3012A00F00782022AD5
:10EAA00000F01A82032A00F03A82042A00F06282FF
:10EAB000052A00F0EB82062A00F01683072A00F0F0
:10EAC0007483082A00F0A183092A00F001840A2A2D
:10EAD00000F05B840B2A08BF090A6268002553080E
:10EAE00003EB4103B3FBF2F39BB2A7E5F6F72EFB72
:10EAF000636A03B3012B00F0FA81022B00F02B8232
:10EB0000032B00F08382042B00F0DA82052B00F047
:10EB10002583062B00F06983072B00F0C283082BA6
:10EB200000F0EE83092B00F07E840A2B00F08D8428
:10EB30000B2B08BF000A616800254A0802EB40035E
:10EB4000B3FBF1F39BB279E503A8F7F71DFA626A0C
:10EB50000499002AC1D09FE7616A002900F054821D
:10EB6000012900F01F83022900F08B83032900F0A4
:10EB7000BF83042900F00084052900F0AA84062937
:10EB800000F08E84072900F08784082900F0E584CE
:10EB9000092900F0DE840A2900F0A8844748484B80
:10EBA0000B2918BF184600217B083A4618184FF069
:10EBB000000341F10001F1F7A7FDA0F54073414AC0
:10EBC00093423FF6EAAA23680025D860FFF7E6BA29
:10EBD000384A116811F0200100F0E7811368002124
:10EBE0003548C3F3C103D840636A0BB3012B00F06F
:10EBF0004B83022B00F07F83032B00F00584042B52
:10EC000000F05D84052B00F02C84062B00F0A98415
:10EC1000072B00F0B484082B00F0AD84092B00F022
:10EC200094840A2B00F08D840B2B01D1000A002163
:10EC30000902030241EA10617808B6E703A8F7F772
:10EC4000A3F90498636A002102460BB3012B00F07C
:10EC50003582022B00F08682032B00F0C182042B48
:10EC600000F02183052B00F04D83062B00F09083EC
:10EC7000072B00F02184082B00F00B84092B00F0F7
:10EC800004840A2B00F052840B2B01D1100A0021BE
:10EC900062680902030241EA1061500886E768468B
:10ECA000F7F7B4F80198636A00210246002BEFD011
:10ECB000CCE700BF004402580090D00300093D009B
:10ECC0000000093DFFFC0F00F7F78EF8626A002193
:10ECD00003460AB3012A00F06E82022A00F0B982CC
:10ECE000032A00F02483042A00F09383052A00F00D
:10ECF000A683062A00F0DA83072A00F0D583082AC3
:10ED000000F01C84092A00F015840A2A00F02F84E0
:10ED10000B2A01D1030A002162680902180241EAA4
:10ED200013615308C0184FF0000341F10001F1F7DF
:10ED3000EBFCA0F5407342E72D0A002D3FF42EAA0C
:10ED40000DE5B54B5B6D03F00703052B3FF625AAD8
:10ED5000B24AD55CFFF733BA402E7FF41EAA616A2F
:10ED6000002900F04E81012900F02782022900F0DD
:10ED70008482032900F0CE82042900F057830529FC
:10ED800000F05983062900F06883072900F06083AA
:10ED9000082900F0B783092900F0AF830A2900F0A1
:10EDA000C0830B294FF000010CBF4FF400404FF41B
:10EDB0000000F9E69A4AA2FB03239B08FFF7FBBA7F
:10EDC000974BA3FB0535AD08002D3FF4E7A9C6E43A
:10EDD0006D08002D3FF4E2A9C1E4924DBFE4002983
:10EDE0005AD0012900F0AC80022900F0DB80032911
:10EDF00000F06181042900F0A181052900F0EB8178
:10EE0000062900F016820729E7D008295DD00929D4
:10EE100071D00A2900F02D81834D844B0B2918BF36
:10EE20001D469CE4824BE7E5002E50D0012E00F0F9
:10EE3000AF80022E00F03B81032E00F07A81042E79
:10EE400000F0C781052E00F0FD81062E00F04D82F6
:10EE5000072EE7D0082E48D0092E75D00A2E00F0D4
:10EE60003181744B744A0B2E18BF1346C4E56F4BA7
:10EE7000FFF7A1BA6A4BA3FB00308008FFF74ABB3B
:10EE8000674BA3FB00308008FFF771BB6B4AA2FB06
:10EE90000323DB08FFF78FBA644D60E4674BA3FBE5
:10EEA0000535ED08002D3FF479A958E4490814E62A
:10EEB000634BFFF780BA4FF48043FFF77CBA4008FA
:10EEC000FFF728BB4008FFF752BB5D4D47E45A4BA4
:10EED00092E54FF4804542E48908FEE5594BFFF77F
:10EEE0006ABA4FF40053FFF766BA4E4B84E5400808
:10EEF00021E6400851E5534D31E4534BFFF75BBA2F
:10EF00004FF400552BE44D4BA3FB0030C008FFF736
:10EF10002EBB4A4BA3FB0030C008FFF7FBBA404BA7
:10EF2000A3FB01239908D8E541F25553FFF743BAF3
:10EF3000464BFFF740BA3A4BA3FB0535AD080EE44C
:10EF4000414D0CE46D080AE43D4B55E54FF480401B
:10EF50005EE4800821E58008EDE53D4BFFF72BBA24
:10EF600041F25555FFF7FBBB384DFFF7F8BB314B6E
:10EF7000FFF721BAC908B0E54FF48053FFF71BBA79
:10EF80000C23B5FBF3F5002D3FF408A9FFF7E7BB11
:10EF9000264B31E5224AA2FB0323DB08FFF70BBA1D
:10EFA00052086AE52A4DFFF7DABB626A002A00F0D0
:10EFB000C280012A00F07981022A00F0B281032A7E
:10EFC00000F0C381042A00F05E82052A00F0598215
:10EFD000062A00F09E82072A00F09982082A00F093
:10EFE0009D82092A00F097820A2A00F083820B2A68
:10EFF000184A0E4B0EBF00210321134678083A46EB
:10F0000090E64FF40000CFE51348CDE5044BA3FB99
:10F01000002398088FE500BF00440258843D010892
:10F02000ABAAAAAA00093D0090D003000090D0032B
:10F0300000127A0020A107000020A107CDCCCCCC83
:10F0400080841E0040420F000048E8012A2C0A007C
:10F050000024F400000090D00000093DCF4BCBE429
:10F0600042F6AA20FFF7D4BBCD4BA3FB00239808A0
:10F0700093E4CC4DFFF773BBCB4BFFF79CB94FF438
:10F080008055FFF76CBB1B09FFF795B90A23B1FB4D
:10F09000F3F122E5C54BFFF78EB940F6CC43FFF7FD
:10F0A0008AB92D09002D3FF479A8FFF758BBC04B52
:10F0B000A2E49208E1E4BC4DFFF751BB4008E7E54C
:10F0C000C00838E5BB4B97E44FF40050FFF7A0BBF6
:10F0D000C00862E4B54DFFF742BBB74BFFF76BB911
:10F0E00040F6CC45FFF73BBB0C23B1FBF3F1F4E456
:10F0F0005B09FFF760B96D09002D3FF44FA8FFF7DA
:10F100002EBBA74BA3FB0030C008FFF703BAAB4BE5
:10F11000FFF751B940F6AA23FFF74DB9A04BA3FB67
:10F120000030C008FFF723BA9D4BA3FB02239A08C7
:10F13000A3E4A34B60E4A34B03215FE79E4DFFF7DD
:10F140000EBBA14B58E4ED08FFF709BB0A23B0FB47
:10F15000F3F022E441F69810FFF75ABB0A23B0FB04
:10F16000F3F0E8E4800893E5984BFFF724B940F604
:10F17000AA25FFF7F4BA9B09FFF71DB90A22B3FBD2
:10F18000F2F3FFF718B98D4DFFF7E9BA0009FFF761
:10F19000C1B98F4BFFF70FB9AD09002D3EF4FEAF9B
:10F1A000FFF7DDBA8B480021FEE4090995E44FF42E
:10F1B0000063FFF700B94308AEE54FF4800000217B
:10F1C000F2E40009FFF7D3B90A23B5FBF3F5FFF723
:10F1D000C6BA814B10E47D4DFFF7C1BAD2084CE4AA
:10F1E00006220023F1F790FA52E50C23B0FBF3F06E
:10F1F000A1E4774DFFF7B3BA4FF40065FFF7AFBA5C
:10F200000C22B3FBF2F3FFF7D6B8490965E441F2EB
:10F210005450FFF7FDBA714BFFF7EEBB0C23B0FB68
:10F22000F3F0FFF7BABBDB09FFF7C5B86C4BFFF78C
:10F23000C2B86B4DFFF793BA4009FFF76BB9694B42
:10F24000FFF7B9B8684BFFF7D7BB4FF48063FFF700
:10F25000B2B8830860E50A23B2FBF3F20DE4ED09CE
:10F26000002D3EF49BAFFFF77ABA4009FFF77FB954
:10F270000C23B5FBF3F5FFF772BA4FF40010002131
:10F2800092E45A4800218FE44008D1E44FF48065AD
:10F29000FFF765BA534DFFF762BA4FF22443FFF709
:10F2A0008AB8000947E4C008F2E4514B1146A5E6CC
:10F2B0004FF48050FFF7ACBA3A4BFFF79DBB000903
:10F2C000FFF76BBB8009FFF752B98009FFF722B93E
:10F2D000890902E44FF40073FFF76DB84FF400752D
:10F2E000FFF73DBA3A4BFFF787BB2F4BFFF784BBC5
:10F2F0004048002158E480089AE44009FFF74DBBDC
:10F30000400918E40A220023F1F7FEF9C0E42D09B0
:10F31000FFF725BA3848002146E44FF22445FFF7AD
:10F320001EBA364B6AE64FF40060FFF771BA00234D
:10F330000622F1F7E9F90346EEE40C23B2FBF3F2FF
:10F34000FFF79BBB1209FFF798BB2D4B56E64FF416
:10F350008060FFF75DBA8009FFF71FBBC009FFF7A8
:10F3600006B947F61223FFF726B847F61225FFF72E
:10F37000F6B96D09FFF7F3B92248002114E4194BDF
:10F38000FFF73ABBC009FFF7C5B8C909FFF7A5BB2E
:10F390000C220023F1F7B8F97AE400BF54581400A6
:10F3A000ABAAAAAA20A10700AAC2A200801A06003E
:10F3B0000048E80140420F0000127A0015160500CF
:10F3C00054854501000090D000350C0000A8610074
:10F3D00090D003000080841E0024F4002A2C0A0030
:10F3E0005561510048E801000050C3000040420F41
:10F3F000000048E8002A2C0A00551500000024F4FB
:10F4000000AAC2A20020A10706220023F1F77CF97E
:10F410000EE4C30880E44FF48073FEF7CCBF4FF4D2
:10F420008075FFF79CB98009FFF785BB4FF480100A
:10F430000021FFF7B9BB53480021FFF7B5BB0023FC
:10F440000A22F1F761F9034666E4C009FFF773BBCE
:10F450004FF400200021FFF7A7BB4B480021FFF726
:10F46000A3BB0A220023F1F74FF9FFF7E1BB5209D2
:10F47000FFF703BBC009FFF790BA4FF40070FFF726
:10F48000C7B9424BBAE5424BB8E590090021FFF7F6
:10F49000FFBB4009FFF7FCBB3E480021FFF784BBE0
:10F4A0003D480021FFF780BB030935E400230C220F
:10F4B000F1F72AF903462FE40009FFF7E9BBC0087A
:10F4C000FFF7B6BB4FF22443FFF796BAAD09FFF73B
:10F4D00046B932480021FFF767BBED09FFF73FB996
:10F4E000D209FFF7CABA9209FFF7C7BA2C48002120
:10F4F000FFF75ABB2B4B002180E54FF40030002171
:10F50000FFF752BB4FF480200021FFF74DBB264B85
:10F5100074E5264B72E5264B00216FE5254B002153
:10F520006CE54FF480300021FFF73EBBD00900218D
:10F53000FFF7AEBB83090021FFF7EEBB4309FFF7DE
:10F54000EBBBC0090021FFF773BB80090021FFF767
:10F550006FBB19480021FFF727BB18480021FFF7B0
:10F5600023BB0C220023F1F7CFF8FFF761BBC309DF
:10F570000021FFF7D1BB40090021FFF759BB00096B
:10F58000FFF756BB00CC0C0000AA0A000000A861DF
:10F590000000127A0090D0030015160500801A06AC
:10F5A00000127A000020A1070000093D00556151BA
:10F5B0000040420F0080841E0024F4000048E8014F
:10F5C000836ADA0710B406D50168C46A4A6822F46F
:10F5D000003222434A609C0706D50168046B4A68E2
:10F5E00022F4803222434A60590706D50168446BF1
:10F5F0004A6822F4802222434A601A0706D501682D
:10F60000846B4A6822F4004222434A60DC0606D535
:10F610000168C46B8A6822F4805222438A6099068A
:10F6200006D50168046C8A6822F4005222438A607D
:10F630005A060AD50168446C4A68B4F5801F22F462
:10F64000801242EA04024A600BD01B0606D502680B
:10F65000C16C536823F400230B4353605DF8044BE3
:10F6600070474A68846C22F4C00222434A60ECE787
:10F67000002370B50446C0F88830F3F7B7F80546A4
:10F6800023681A6811070CD41A68520725D420225F
:10F690000023C4F880201846C4F8842084F87C3005
:10F6A00070BDDE6916F40016EED1F3F79FF8431B28
:10F6B000B3F1007F2368F4D31A682021032022F4D9
:10F6C000D0721A609A6822F001029A60C4F8801021
:10F6D00084F87C60C4F8841070BDDE6916F480067E
:10F6E000D5D1F3F783F8431BB3F1007F2368F4D33C
:10F6F000E2E700BF80B3D0F8803010B5044633B3E2
:10F70000226824232046C4F88030136823F00103C4
:10F710001360FEF7F9FC012817D0A36A8BB92368A0
:10F7200020465A6822F490425A609A6822F02A02CF
:10F730009A601A6842F00102BDE810401A60FFF7B3
:10F7400097BF2046FFF73CFFE9E7012010BD80F896
:10F750007C30FAF7BBF9D3E701207047704700BF50
:10F76000704700BF704700BF90F87C20012A17D077
:10F77000026803462420002130B4C3F8800020250D
:10F780001068146820F0005024F0010414605966D9
:10F7900010600846C3F8805083F87C1030BC704776
:10F7A0000220704790F87C20012A43D0026803466B
:10F7B000242030B4C3F8800084B014681068EC468C
:10F7C00004AD20F001001060906820F0604001431B
:10F7D0001948916003C88CE80300184903C905E97A
:10F7E0000300596E19B391689068C1F3426C05EB40
:10F7F0005071AC4411F8100C11F8081CC0001CF832
:10F80000085CB0FBF1F01CF8101CC900B1FBF5F16D
:10F81000A3F868100021A3F86A00202508461460A8
:10F82000C3F8805083F87C1004B030BC70470121CD
:10F830000846EDE702207047103B0108943D01089F
:10F8400090F87C20012A43D002680346242030B47B
:10F85000C3F8800084B014681068EC4604AD20F052
:10F8600001001060906820F06060014319489160C9
:10F8700003C88CE80300184903C905E90300596E61
:10F8800019B391689068C1F3426C05EB5071AC44B8
:10F8900011F8100C11F8081CC0001CF8085CB0FB33
:10F8A000F1F01CF8101CC900B1FBF5F1A3F86810C9
:10F8B0000021A3F86A00202508461460C3F8805090
:10F8C00083F87C1004B030BC704701210846EDE796
:10F8D00002207047103B0108943D01080B6810B4EA
:10F8E000D3B90468A3F500434A6823401343D1E920
:10F8F000024223431343D1E9044223431343D1E992
:10F90000064223431343D1E9084223435DF8044BE5
:10F9100013430360002070470268D1E9074322F4D3
:10F92000F84222434C6A1A430A4B2243026042685F
:10F930001340D1E9014223431343D1E90342234356
:10F940001343D1E9054223435DF8044B134343605D
:10F95000002070470080FFFF30B40ABB8368D1E904
:10F96000002403F07043013C013A43EA04131343BB
:10F97000D1E90224013A013C43EA022343EA04327A
:10F98000D1E904348969013B013C013942EA03436E
:10F9900043EA045343EA016330BC836000207047AC
:10F9A0008268CC68114B013C13404A6943EA043336
:10F9B000541E43EA0454D1E900258460C3686C1ED8
:10F9C000013A03F0704343EA04130C691A438B684D
:10F9D000013C8969013B013942EA032343EA0443BC
:10F9E00043EA016330BCC36000207047FF0F0FFF84
:10F9F0000246D1E9003010B403431469D1E9021082
:10FA000023435DF8044B013943EA4023002043EAD5
:10FA100041131361704700BF0246054B002010B42C
:10FA2000546923405DF8044B43EA4101516170473A
:10FA300001C0FFFF022A82B0844613D0092301933C
:10FA4000DCF80C30002023F47053CCF80C30019B10
:10FA5000DCF80C209B0203F470531343CCF80C30F9
:10FA600002B07047224B234A0B44934207D9224BE2
:10FA7000224A0B44934205D80E230193E0E70F235B
:10FA80000193DDE71E4B1F4A0B44934207D91E4BDF
:10FA90001E4A0B44934205D20C230193D0E70D2359
:10FAA0000193CDE71A4B1B4A0B44934202D80B2318
:10FAB0000193C5E7184B194A0B44934202D20A231B
:10FAC0000193BDE7164B174A0B449342B6D3164B2E
:10FAD000164A0B44934202D208230193B0E7144B19
:10FAE000144A0B44934234BF072306230193A7E72C
:10FAF000405327FFFF340C00401E1BFF3F420F0006
:10FB000000DC0BFF7F4F1200808CF9FE20D6130023
:10FB100060B6E5FE5FE3160000D3CEFE40771B0023
:10FB2000C05BB3FEC091210000CA91FE2075380071
:10FB3000E05459FEE09C4100890182B000230A4A4A
:10FB400041F020010193016103E0036913F02003F8
:10FB500007D0019B013393420193F6D9032002B0F1
:10FB60007047184602B07047400D0300D0F80838BF
:10FB700082B003F006030193019838B1019802287E
:10FB800004D0019B062B0CBF02200F2002B070474F
:10FB900030B44B780A78012B20D002F00F0C4FF4D0
:10FBA0008033D0F81C4800EB421203FA0CF32343D5
:10FBB000C0F81C38D2F8003B1B040CD48B68D2F878
:10FBC000004BC3F30A03C8781449234343EA804334
:10FBD0001943C2F8001B002030BC704700F50064D8
:10FBE00002F00F0500EB4210AB40E5692B43E361E7
:10FBF000D0F800391C04EED48B68D0F80059C3F358
:10FC00000A03CC7805492B4343EA844343EA8252F2
:10FC1000114330BCC0F8001900207047008000106C
:10FC20002DE9F0414B7891F800C0012B51D000EB49
:10FC30004C1C844CDCF8105B0CF530632C401C61D0
:10FC4000814C1D692C401C614C6984B38D68012A6C
:10FC50007E4E2C4404F1FF34B4FBF5F406EAC44EA6
:10FC6000A4B205FB04F41D694EEA0505C4F31204B1
:10FC70001D611D6944EA05041C6125D0CB78012B68
:10FC80000CD1D0F8083813F4807FDCF8003B0CBFAF
:10FC900043F0005343F08053CCF8003BDCF8003BCA
:10FCA00043F00443CCF8003B0020BDE8F0818C68B1
:10FCB000012A1D69C4F3120444EA05041C611C698D
:10FCC00044F400241C61D9D1CA68002AD6D05A61F4
:10FCD000D4E74D69002D3DD000EB4C14594ED1F8BE
:10FCE00008E0D4F81089584F08EA0606C4F81069ED
:10FCF00005EB0E06013EB6FBFEFED4F81069374058
:10FD0000524EC4F8107906EACE46D4F810793E4334
:10FD1000C4F81069C5F31206D4F810793E43C4F84C
:10FD2000106904F5106691F803E0BEF1010F57D099
:10FD3000012A72D0D4F800290CF00F0C42F00442D2
:10FD400003FA0CF3C4F80029D0F834281343C0F8A0
:10FD50003438A9E700EB4C133B4E3A4C012AD3F858
:10FD6000107906EA0706C3F81069D3F8106946F45B
:10FD70000026C3F81069D3F8106904EA060403F5F5
:10FD80001066C3F8104991F803E03AD0D3F800495F
:10FD9000BEF1010F44F00444C3F8004984D1D0F807
:10FDA000083813F4807F33680CBF43F0005343F0EE
:10FDB00080533360002A7FF477AFADB20335AD08CE
:10FDC0003FF472AFCB6800EB0C3C03EB85010CF504
:10FDD000805C53F8042B8B42CCF80020F9D163E708
:10FDE0003369012A23F0C0433361336943F0005380
:10FDF000336117D0D4F8003943F00443C4F8003914
:10FE0000CDE70B6963B9BEF1010F0ED03368002056
:10FE100043F004433360BDE8F0810B69002BF5D05B
:10FE20007361F0E70B69002BFAD1D0F8083813F4AE
:10FE3000807F33680CBF43F0005343F0805333603E
:10FE4000E4E700BF0000F8FFFFFF07E00000F81F35
:10FE5000F0B54C780B78012C26D000EB4310574CB2
:10FE6000D0F8105B00F530632C401C61544C1D69C8
:10FE70002C401C614C69A4B98C681D69C4F3120440
:10FE8000012A45F400251D611D6944EA05041C6131
:10FE900049D0D0F8003B43F00443C0F8003B0020B9
:10FEA000F0BD8C684C61E8E74C69002C40D000EB59
:10FEB0004315424FD1F808E0D5F810C9404E7445BB
:10FEC0000CEA070705F5106CC5F81079D5F810791C
:10FED00006EA0706C5F8106958D9DCF81040012A6F
:10FEE000C1F814E044F40024CCF81040CEF312041E
:10FEF000DCF8106044EA0604CCF810403AD0D5F89B
:10FF0000002942F00442C5F80029BEF1000FC6D016
:10FF100003F00F010123D0F834288B401343C0F8BD
:10FF200034380020F0BDCA68002AB2D05A61B0E768
:10FF300000EB4310224B012AD0F8104900F5106C59
:10FF400003EA0403CCF81030DCF8103043F400234B
:10FF5000CCF81030194BDCF8104003EA0403CCF85D
:10FF6000103007D0D0F8003943F00443C0F800390E
:10FF70000020F0BD0B690BB1CCF81430DCF8003078
:10FF8000002043F00443CCF80030F0BDDCF81060F2
:10FF9000C4F31204012A46F40026CCF81060DCF801
:10FFA000106044EA0604CCF81040E3D0D5F80029EC
:10FFB00042F00442C5F80029AAE700BF0000F8FF9C
:10FFC000FFFF07E010B49DF8044064B903339B08B9
:10FFD00009D0013201EB830300EB023051F8042B0E
:10FFE0008B420260FAD100205DF8044B704700BFDD
:10FFF000033292080AD000F5805C01EB8200DCF845
:020000040801F1
:10000000003041F8043B8842F9D1704708467047F8
:100010004A780B78012A00EB43100CD0D0F8002B63
:100020000BB1002A14DAD0F8003B43F40013C0F8F7
:10003000003B00207047D0F80029002A00DB73B98C
:10004000D0F8003943F40013C0F80039002070479D
:10005000D0F8003B23F08043C0F8003BE3E7D0F842
:10006000003923F08043C0F80039D0F8003943F458
:100070000013C0F80039E9E74A780B78012A00EB51
:10008000431013D0D0F8003B23F40013C0F8003B1A
:10009000CB78023B012B01D900207047D0F8003B00
:1000A00043F08053C0F8003B00207047D0F800397F
:1000B00023F40013C0F80039CB78023B012BEBD8B6
:1000C000D0F8003943F08053C0F800390020704761
:1000D000034609010020D3F8002801F4FE6122F450
:1000E000FE62C3F80028D3F800281143C3F80018B3
:1000F000704700BF82B0436901938269019B13403E
:100100000193019802B0704782B0D0F8183801937B
:10011000D0F81C28019B134001930198000C02B0F9
:10012000704700BF82B0D0F818380193D0F81C286F
:10013000019B13400193019880B202B0704700BF49
:1001400000EB411182B0D1F8083B0193D0F814289C
:10015000019B13400193019802B0704784B0D0F81E
:10016000103801F00F0C00EB41110293D0F8343835
:100170000393039B029A23FA0CF3DB01DBB21343D4
:100180000293D1F80839029A13400193019804B000
:10019000704700BF406900F001007047D0F80019B7
:1001A00000F500630A4A0A40C0F800299A6802F084
:1001B0000602042A05D1D0F8002942F00302C0F853
:1001C00000295A68002042F480725A60704700BFCC
:1001D00000F8FFFF144B10B4046C9C421AD800F5D1
:1001E0003060002301290361036943F400230361A4
:1001F000036943F018030361036943F0C0430361DB
:1002000004D14261036843F08023036000205DF85D
:10021000044B7047D0F8003B00F53060002BE0DA6B
:1002200000205DF8044B70470A30544FD0F800248A
:1002300001F00303012900F5806C22F00302C0F8ED
:100240000024D0F8002443EA0203C0F8003409D0A7
:10025000022901D00020704741F270730020CCF8D1
:10026000043070474BF680330020CCF804307047E0
:10027000D0F8140480B2704700EB4111002382B023
:1002800001F5A0620193D1F8003513F4802FD1F865
:10029000003543F08043C1F8003522D1C36A13F41E
:1002A0007F0FD1F8003523D123F00043C1F800358A
:1002B000D1F8003543F00043C1F80035D1F80035DE
:1002C00023F40043C1F8003502E01368002B13DA71
:1002D000019B0133B3F57A7F0193F6D9002002B078
:1002E0007047D0F8103413F47F0FD1F8003506D0E2
:1002F00043F00043C1F80035002002B0704723F0FE
:100300000043C1F80035D1F8003543F00043C1F88F
:100310000035D1F8003523F40043C1F8003502E080
:100320001368002BE8DA019B0133B3F57A7F019360
:10033000F6D9002002B0704730B4002484B04FF4E6
:100340008465AA4A00940146836823F00103836010
:100350000394056102E00B69980604D5039B013301
:1003600093420393F7D900201023A04A02900B6117
:1003700002E00B69DB0604D5029B01339342029332
:10038000F7D9D1F8003501F5A06201F5E0600193DD
:10039000019B43F080430193019B23F000430193B1
:1003A000019B23F400430193019BC1F80035D1F870
:1003B00020350193019B43F080430193019B23F07F
:1003C00000430193019B23F400430193019BC1F877
:1003D0002035D1F840350193019B43F080430193D0
:1003E000019B23F000430193019B23F400430193FD
:1003F000019BC1F84035D1F860350193019B43F072
:1004000080430193019B23F000430193019B23F45C
:1004100000430193019BC1F86035D1F88035019309
:10042000019B43F080430193019B23F00043019320
:10043000019B23F400430193019BC1F88035D1F85F
:10044000A0350193019B43F080430193019B23F06E
:1004500000430193019B23F400430193019BC1F8E6
:10046000A035D1F8C0350193019B43F0804301933F
:10047000019B23F000430193019B23F4004301936C
:10048000019BC1F8C035D1F8E0350193019B43F0E1
:1004900080430193019B23F000430193019B23F4CC
:1004A00000430193019BC1F8E035D1F80036019378
:1004B000019B43F080430193019B23F00043019390
:1004C000019B23F400430193019BC1F80036D1F84E
:1004D00020360193019B43F080430193019B23F05D
:1004E00000430193019B23F400430193019BC1F856
:1004F0002036D1F840360193019B43F080430193AD
:10050000019B23F000430193019B23F400430193DB
:10051000019BC1F84036D1F860360193019B43F04E
:1005200080430193019B23F000430193019B23F43B
:1005300000430193019BC1F86036D1F880360193E6
:10054000019B43F080430193019B23F000430193FF
:10055000019B23F400430193019BC1F88036D1F83D
:10056000A0360193019B43F080430193019B23F04C
:1005700000430193019B23F400430193019BC1F8C5
:10058000A036D1F8C0360193019B43F0804301931C
:10059000019B23F000430193019B23F4004301934B
:1005A000019BC1F8C036D1F8E0360193019B43F0BE
:1005B00080430193019B23F000430193019B23F4AB
:1005C00000430193019BC1F8E03613680193019B3E
:1005D00043F080430193019B43F000430193019B4F
:1005E00023F400430193019B136004E0400D0300DA
:1005F0001368002B05DA009B0133B3F57A7F009373
:10060000F6D920328242E0D14FF0FF330020C1F80A
:1006100014344B618B6843F001038B6004B030BC31
:10062000704700BF08B5D0F88C321BB11B689847E3
:1006300000B908BD022008BD08B5D0F88C325B684F
:100640009847002008BD00BF38B500F52075044666
:10065000284600F07DFB0122B4F8863294F880121F
:10066000C4E99B2301F01F03934209D0022B13D04E
:1006700063B101F080012046FAF796FA002038BDF8
:100680002946204600F092FA002038BD294620462F
:1006900000F00AF9002038BD2946204600F0BAFAD9
:1006A000002038BD38B5054669B91346D0F86C222C
:1006B000032A15D0052A0C460ED1C5F86C12FAF79C
:1006C00073FA204638BDD0F88C329B6933B190F86C
:1006D0007422032A02D19847002038BD022038BD79
:1006E000D0E9531291420CD9891A8A42C0F84C11B0
:1006F00088BF8AB2194698BF92B200F055FB00201D
:1007000038BDD0F88C321B691BB190F87422032AD3
:1007100004D0284600F052FB002038BD9847F8E787
:1007200070B5044661B9D0F86C32022B15D033F0A5
:10073000040337D094F87832012B2ED0002070BDFE
:10074000D0F88C325B6933B190F87422032A02D15D
:100750009847002070BD022070BDD0E908630D46A7
:100760009E4223D8C669B6FBF3F203FB12620AB9B4
:10077000B34228D9D4F88C32DB681BB194F87422C8
:10078000032A30D080212046FAF70EFA204600F0E6
:1007900021FB94F87832012BD0D10023184684F83D
:1007A000783270BD8021FAF7FFF9C3E7F31A1146DA
:1007B00003629AB200F0EEFA2B462A4629462046FA
:1007C000FAF73EFAB6E7D0F870329E42D2D20A4625
:1007D00000F0E0FA2B462A4629462046C4F870521B
:1007E000FAF72EFAA6E720469847CBE770B5002225
:1007F00040260446012511463346FAF7C3F933462D
:10080000802100222046C4F84451C4F85061FAF710
:10081000B9F90021D4F89032A561666284F8745267
:10082000C4F86C126160C4F87C1223B1D4F88C3225
:1008300020465B689847002070BD00BF034600203B
:100840001974704703460421002093F8742283F83A
:10085000741283F8752270470346002093F87522BE
:1008600083F87422704700BF90F87422032A01D0E5
:100870000020704708B5D0F88C32DB6903B1984787
:10088000002008BD002070470020704700207047FE
:10089000D0F88C22012108B580F8741201795368D0
:1008A0009847002008BD00BF30B50B7883B00D46D7
:1008B000044603F06003202B0DD0402B0BD09BB1DE
:1008C00080212046FAF770F900212046FAF76CF9EA
:1008D000002003B030BDD4F88C32294620469B68F6
:1008E0009847002003B030BD4B78092BE8D801A20F
:1008F00052F823F04F0901087B090108C1080108DB
:1009000099090108C1080108A1090108D9090108CC
:10091000C1080108090A01081D0901088978A24DCA
:1009200001292970CCD890F87432022B00F0128182
:10093000032B00F000818021FAF736F900212046D0
:10094000FAF732F929782046FFF776FEC0E790F8EB
:100950007432013B022BB3D8CB88022BB0D10122D9
:10096000D0F87C32C2600BB10323C360022204F1D1
:100970000C01204600F000FAAAE790F87432013B1F
:10098000022B9DD84B88012BA2D100232046C4F80E
:100990007C3200F013FA9BE74B88012B98D1F5E7E6
:1009A0008B88002B8CD1CB88002B89D14D887F2D53
:1009B00086D890F87432032B82D0E9B280F8761290
:1009C000FAF722F9204600F0F9F9002D00F0E08056
:1009D000022384F874327BE74A88130A013B062B12
:1009E0003FF66EAF01A151F823F000BF9D0A010848
:1009F000850A0108730A0108C1080108C108010835
:100A00005D0A01082F0A0108CA88012A7FF458AF3D
:100A100090F87432022B00F28780002B3FF450AF25
:100A20000146002341F8083F00F0A6F950E7037C97
:100A3000002B7FF445AFD0F88C320DF106001B6B14
:100A4000984707234370BDF80620002A67D0EB883B
:100A5000002B5BD1204600F0B1F939E7037C002B75
:100A60007FF42EAFD0F88C320DF106005B6B984707
:100A7000E9E7D1B2052900F28F80DFE801F0271FF6
:100A800017372F3F037C002B72D1D0F88C320DF139
:100A900006009B6A984702234370D4E7D0F8883257
:100AA0000DF10601007C1B689847CCE7D0F888322E
:100AB0000DF10601007CDB689847C4E7D0F8883266
:100AC0000DF10601007C9B689847BCE7D0F888329E
:100AD0000DF10601007C5B689847B4E7D0F88832D6
:100AE0000DF10601007C5B699847ACE7D0F88832CD
:100AF0000DF10601007C1B699847A4E7D0F8883205
:100B00000DF10601007C9B6998479CE79A420146DB
:100B1000204628BF1A46ADF8062000F02DF9EB88D4
:100B2000002B7FF4D5AE95E7032B7FF4C9AE011DF2
:100B300000F022F9CCE621B3416801298AD0C9B27C
:100B4000FFF77AFD297820466160FFF76BFD0228E8
:100B500080D1B5E600293FF47DAF01210323416038
:100B600080F87432FFF75EFD02287FF473AFA7E6CA
:100B7000D0F88C320DF10600DB6A984702234370EF
:100B800061E70223416080F87432FFF755FD61E7A9
:100B9000012384F874329BE6D0F88C320DF1060202
:100BA0009B6B98474FE700BFE417012438B50B78DB
:100BB0000D46044603F06002402A0AD05B0608D5C1
:100BC0008021F9F7F1FF00212046F9F7EDFF002021
:100BD00038BD94F87432013B022B11D82B79012BCC
:100BE0000ED8D4F88C32294620469B689847EB886B
:100BF000002BECD10028EAD1204600F0DFF8E6E730
:100C000080212046F9F7D0FF00212046F9F7CCFFDC
:100C1000002038BD38B50B78044603F06003202B64
:100C20000CD0402B0AD083B180212046F9F7BCFFBD
:100C300000212046F9F7B8FF002038BDD4F88C32E7
:100C400020469B689847002038BD4B788A88012B46
:100C50005FFA82FC37D0032B23D0002BE4D190F82D
:100C60007432022B4AD0032BDED10CF00F03120694
:100C700003EB830300EB830351D4D3F84431002BFF
:100C8000D2D00CF07F03142505FB030505F5A075F4
:100C9000002B4FD12B6002222946204600F06CF831
:100CA000CAE790F87432022B1DD0032BBCD14B88BD
:100CB0002BB91CF07F0F02D0CB88002B43D02046ED
:100CC00000F07CF8B8E790F87432022B0BD0032BBD
:100CD000AAD14B88002BAFD11CF07F0FEFD061461B
:100CE000F9F770FFEBE71CF07F0F9DD06146F9F735
:100CF0005BFF80212046F9F757FF9DE71CF07F0F2F
:100D000092D111064FF000034FF002024CBF00F1E8
:100D1000140100F5A0710B6000F02EF88CE79B69C0
:100D2000002B81D00CF07F035D1C05EB850500EBEB
:100D30008505ADE761462046F9F752FF08B101236A
:100D4000A8E72860A7E76146F9F72EFFB7E700BFDD
:100D50000B7803704B784370CA788B7803EB0223CF
:100D600043804A790B7903EB02238380CA798B791C
:100D700003EB0223C380704710B5134602240A46D2
:100D80000021C0F86C42C0E90733F9F74BFF00209F
:100D900010BD00BF8C46002108B513466246F9F726
:100DA00041FF002008BD00BF8C46002108B5134656
:100DB0006246F9F745FF002008BD00BF08B50421D1
:100DC0000023C0F86C121A461946F9F72BFF0020D1
:100DD00008BD00BF08B505210023C0F86C121A46F3
:100DE0001946F9F72DFF002008BD00BFD0F8C42335
:100DF0000132C0F8C42302780B2A00D07047D0F823
:100E00007C33002BFAD09B69184700BF012380F880
:100E100023337047002380F82333704703460022B2
:100E20000121104683F8201383F8212383F822231D
:100E3000704700BF38B501230025044680F82133F0
:100E400080F8235380F82053F9F71EFF21792046BC
:100E500000F006F86179204600F002F8284638BD17
:100E60000A2907D800EB8100D0F88433C3F30E03BE
:100E7000C0F88433002070470C4A82B00C4BD2F883
:100E8000DC1041F04001C2F8DC10D2F8DC2002F0A6
:100E900040020192019A1A6822F020021A601A6830
:100EA00042F004021A6002B0704700BF00440258CA
:100EB0000018024870B5002304464FF480620421F4
:100EC0004FF440353448C4F83821C4F8D410C4F87D
:100ED0003431C4F84C113149C4F8B000C4F82811B9
:100EE000C4E92F32C4E93133C4E93335C4E93733B7
:100EF000C4E94F33C4E95135C4E95533A26803232B
:100F0000C4F8D830C4F85031042A0AD8DFE802F017
:100F10001F262D34030055225623C4F8B420C4F8EC
:100F20002C310022402304F1B005C4F8B820284633
:100F3000C4F83031F2F7C6FD08B1FFBEFEE704F594
:100F400094763046F2F7BEFDE8B1FFBEFEE72522FB
:100F50002623C4F8B420C4F82C31E2E72722282342
:100F6000C4F8B420C4F82C31DBE73D223E23C4F89A
:100F7000B420C4F82C31D4E753225423C4F8B4204D
:100F8000C4F82C31CDE704F12803C4E92865C4F87E
:100F9000E830C4F8603170BD40040240580402409B
:100FA0002DE9F04F814683B00E4617461D4600F1ED
:100FB0002804204601F090FD01288246F9D14846D8
:100FC000FFF778FF8046002835D1EFF310830193B7
:100FD00072B6DFF888B00C9B99F90820DFF880A082
:100FE000DFF88090CBF800300D9B89F80020CAF81C
:100FF00000300DB11846A847BAB23146204601F07C
:10100000E1F830B9019B03B962B6404603B0BDE8D0
:10101000F08F0023CBF80030CAF80030FF2389F8A6
:1010200000300C9B8BB101210D9888469847019B9D
:10103000002BEAD1E8E70C9B53B1D0460D985146FE
:101040009847404603B0BDE8F08F4FF00108D9E75C
:10105000D046404603B0BDE8F08F00BF082201240F
:10106000102201240C2201242DE9F04F814683B087
:101070000E4617461D4600F12804204601F02CFDBF
:1010800001288246F9D14846FFF714FF8046002820
:1010900035D1EFF31083019372B6DFF888B00C9B63
:1010A00099F90820DFF880A0DFF88090CBF80030B5
:1010B0000D9B89F80020CAF800300DB11846A847EA
:1010C000BAB23146204601F041FA30B9019B03B96A
:1010D00062B6404603B0BDE8F08F0023CBF8003085
:1010E000CAF80030FF2389F800300C9B8BB1012136
:1010F0000D9888469847019B002BEAD1E8E70C9BA6
:1011000053B1D0460D9851469847404603B0BDE8CC
:10111000F08F4FF00108D9E7D046404603B0BDE854
:10112000F08F00BF08220124102201240C22012488
:101130002DE9F04F814683B00F461646984600F1E0
:101140002804204601F0C8FC0128FAD1824648460E
:10115000FFF7B0FE0546002838D1EFF31083019366
:1011600072B699F90830DFF88890DFF888B089F80E
:1011700000300D9BDFF880A0CBF800300E9BCAF842
:1011800000300C9B0BB10E9898471FFA88F33A4633
:101190003146204601F0CEF830B9019B03B962B662
:1011A000284603B0BDE8F08F0023CBF80030CAF822
:1011B0000030FF2389F800300D9B8BB101210E9880
:1011C0000D469847019B002BEAD1E8E70D9B4BB1F8
:1011D00055460E9851469847284603B0BDE8F08F13
:1011E0000125DAE75546284603B0BDE8F08F00BF79
:1011F0000C22012408220124102201242DE9F043AD
:10120000002387B00222044605690493CDE9022336
:10121000D0E902128E00FAB1022D7AD02178B5FA07
:1012200085F54FF00108276A0B294FEA551521D1A2
:10123000A2780B2A02D0B8F1000F38D123790B2BFA
:1012400001D0002D6CD1A37917B10B2B40F0998000
:10125000002007B0BDE8F08335F002032178276A4B
:101260000CBF4FF001084FF00008023D18BF0125E8
:101270000B29DDD07D4B94F801C053F8262010785F
:101280000B2802D0884200F0AD80D378D01C994260
:1012900002D10B2B40F0BD809379901D8B4202D17F
:1012A0000B2B40F0BC80012007B0BDE8F083711C1F
:1012B0006E4BE07853F8213019780B2902D08A421E
:1012C00000F0B580D97803F1030C0B2902D08A42D3
:1012D00000F0BB80997903F1060C0B29E3D08A4218
:1012E000E1D1DB798342DED1634604F102099B78C8
:1012F00048460593F9F7D6FC80464846F9F7DAFCEC
:1013000001A901904046F9F785FD23790B2B98D16F
:1013100099E70178076A0B2940F0868001258DE75F
:10132000B11C524A607952F8212011780B2902D061
:101330008B4200F08180D178D51C0B2902D08B42E2
:1013400000F08D809179951D8B42ACD10B29AAD0EC
:10135000D3798342A7D12A46251D93782846059341
:10136000F9F7A0FC034628461D46F9F7A3FC01A99E
:1013700001902846F9F74EFDA379002F7FF465AF61
:1013800066E7F11C394AE07952F8212011780B29DF
:1013900001D08B425FD0D178D51C0B2901D08B4274
:1013A0004FD09179951D8B427FF47DAF0B293FF48F
:1013B0007AAFD37983427FF476AF2A46A51D93781E
:1013C00028460593F9F76EFC04462846F9F772FCA7
:1013D000034601A920460193F9F71CFD002007B040
:1013E000BDE8F083537863457FF44FAF9378204690
:1013F0000593F9F757FC81462046F9F75BFC01A9F4
:1014000001904846F9F706FDA2780B2A7FF413AF46
:1014100014E7137963457FF43FAF0246E6E7D379DB
:1014200063457FF440AFF8E79846012522E75978F5
:1014300081427FF447AF58E7517881427FF47BAF18
:101440008AE711798142ACD1B7E7197981427FF4FB
:1014500041AF634649E7517881429CD1AEE71179AB
:1014600081427FF46FAF2A4676E700BFA43D0108B2
:10147000654A0368934200F0B980A2F5784293422E
:1014800000F0B68002F58062934200F0B38002F56E
:101490007842934200F0B08002F5E052934200F0AF
:1014A000AD805A4A934240F0AB8005234FF4D0718F
:1014B000574A01FB03F310B5D418D05C86B0F9F796
:1014C00001FCA078F9F7FEFB2079F9F7FBFBA07986
:1014D000F9F7F8FBA368052B11D8DFE803F0192F03
:1014E000455B71034B4BD3F8F42042F02002C3F864
:1014F000F420D3F8F43003F020030593059B204635
:10150000FFF77CFE012801D006B010BDFFBEFEE74C
:10151000404B00222320D3F8F01041F48051C3F84F
:10152000F0101146D3F8F03003F480530093009B81
:10153000F2F716F92320F2F751F9E0E7354B0022D4
:101540002420D3F8E81041F48041C3F8E810114694
:10155000D3F8E83003F480430193019BF2F700F9DC
:101560002420F2F73BF9CAE72A4B00223320D3F8B4
:10157000E81041F40041C3F8E8101146D3F8E83010
:1015800003F400430293029BF2F7EAF83320F2F7E8
:1015900025F9B4E71F4B00225420D3F8F01041F492
:1015A0000051C3F8F0101146D3F8F03003F40053A3
:1015B0000393039BF2F7D4F85420F2F70FF99EE758
:1015C000144B00225520D3F8F01041F48011C3F8D9
:1015D000F0101146D3F8F03003F480130493049B09
:1015E000F2F7BEF85520F2F7F9F888E700235DE737
:1015F00001235BE7022359E7032357E7042355E759
:1016000000231B78FFDE00BF0030014000140058AB
:10161000E8170124004402582DE9F043002289B064
:101620001B4B01210DF1040C9E461A4B0791E1461C
:10163000E04667460EF11C060EF138050EF1540423
:10164000CDE90122CDE90322CDE90522FF221A705E
:10165000BCE80F00AEE80F009CE807008EE807002A
:10166000B9E80F000FC69CE8070086E80700B8E855
:101670000F000FC59CE8070085E807000FCF0FC4D7
:101680009CE8070084E8070009B0BDE8F08300BFCC
:101690000C0300240C220124014801F0F1B800BF22
:1016A00010180124014801F0EBB800BFB019012463
:1016B000014801F0E5B800BF501B0124014801F0CA
:1016C000DFB800BFF01C0124014801F0D9B800BF09
:1016D000901E012410B5EFF3108472B6084B1A78EF
:1016E000120602D504B962B610BD1B784FF4D07251
:1016F00004485BB202FB0300B030F2F75BFDF1E798
:101700000C220124E817012410B5EFF3108472B6FF
:10171000094B1A78120602D504B962B610BD1B78BF
:101720004FF4D07205485BB202FB030000F59470E1
:10173000F2F740FDF0E700BF0C220124E817012476
:101740002DE9F04184B0EFF3108772B6284AFF21EB
:10175000284C1368217023B100211160264A1068BB
:10176000984723781B061CD5DFF894800025234E6C
:101770004446216879B162686AB1A369012B22D01D
:10178000A3B963693046019323690093E368228912
:10179000FFF76AFC18B301351C3406F5D076042D2A
:1017A000E7D107B962B604B0BDE8F081D4E90430EE
:1017B000CDE90130E068238900903046FFF7B8FC9E
:1017C0000028E8D10BE0D4E904301146CDE900301F
:1017D0003046E3682289FFF7E3FB0028DBD1C5EB45
:1017E000C50508EB850348F825005860D9E700BF18
:1017F000082201240C22012410220124E8170124CC
:101800000C0300242DE9F04184B0EFF3108772B689
:10181000284AFF21284C1368217023B10021116050
:10182000264A1068984723781B061CD5DFF8948059
:101830000025234E4446216879B162686AB1A369E4
:10184000012B22D0A3B96369304601932369009329
:10185000E3682289FFF708FC18B301351C3406F54C
:10186000D076042DE7D107B962B604B0BDE8F081A7
:10187000D4E90430CDE90130E06823890090304696
:10188000FFF756FC0028E8D10BE0D4E904301146FC
:10189000CDE900303046E3682289FFF781FB00285C
:1018A000DBD1C5EBC50508EB850348F8250058607A
:1018B000D9E700BF082201240C22012410220124B0
:1018C000E81701240C0300242DE9F04184B0EFF364
:1018D000108772B6284AFF21284C1368217023B163
:1018E00000211160264A1068984723781B061CD5F2
:1018F000DFF894800025234E4446216879B1626860
:101900006AB1A369012B22D0A3B963693046019360
:1019100023690093E3682289FFF7A6FB18B301351A
:101920001C3406F5D076042DE7D107B962B604B0B1
:10193000BDE8F081D4E90430CDE90130E0682389C5
:1019400000903046FFF7F4FB0028E8D10BE0D4E923
:1019500004301146CDE900303046E3682289FFF7B4
:101960001FFB0028DBD1C5EBC50508EB850348F854
:1019700025005860D9E700BF082201240C22012469
:1019800010220124E81701240C0300242DE9F04162
:1019900084B0EFF3108772B600F066FB284A294C3A
:1019A000FF21136821702BB1002111600121264A0B
:1019B0001068984723781B061CD5DFF89480002513
:1019C000224E4446216879B162686AB1A369012B4D
:1019D00022D0A3B963693046019323690093E36879
:1019E0002289FFF741FB18B301351C3406F5D07688
:1019F000042DE7D107B962B604B0BDE8F081D4E99F
:101A00000430CDE90130E068238900903046FFF7CB
:101A10008FFB0028E8D10BE0D4E904301146CDE972
:101A200000303046E3682289FFF7BAFA0028DBD19C
:101A3000C5EBC50508EB850348F825005860D9E7D4
:101A4000082201240C22012410220124E817012479
:101A50000C03002430B4544B002108220220534CC4
:101A6000D9615862C3F8BC11C3F8C401C3F85C1350
:101A7000C3F86403C3F8F424C3F8F814C3F8FC14DF
:101A8000C3F80405C3F89426C3F89816C3F89C1647
:101A9000C3F8A406C3F83428C3F83818C3F83C18B0
:101AA000C3F84408424D4348C3E90521C3E96D2109
:101AB000C3E9D5212288A3783F49EA80CA800B7206
:101AC0003E492B72CA800B722168A0F80320437133
:101AD000C28003723A4C3B48E2802372A0F8032094
:101AE000394C4371C28003723848E2802372A0F8F7
:101AF0000320374C4371C2800372080C2180A07010
:101B0000A4F803206371E2802372324C324D2180AD
:101B1000A070A4F803206371E28023722F4CEA8046
:101B200021802B72A070A4F803206371E2802372DD
:101B30002B4C2180A070A4F803206371E2802372F3
:101B4000284C2180A070A4F803206371E2802372E6
:101B5000254C2180A070A4F803206371E2802372D9
:101B6000224C2180A070A4F803206371E2802372CC
:101B70001F4C21801F49A070A4F803201E486371E8
:101B8000E2802372A1F803201C4C4B71CA800B72B7
:101B90001B49E2802372C2800372A1F803204B71BB
:101BA000CA800B7230BC7047E8170124A03D0108C1
:101BB00094020024B8020024880200244C0200246D
:101BC000A0020024DC020024C402002464020024D9
:101BD000D8210124C0210124D0020024CC210124D9
:101BE000A8210124FC210124E4210124F021012465
:101BF000B421012400030024F4020024E80200249C
:101C000070020024714A036811698B4200B587B0E5
:101C10004BD0916E8B4200F0B680D2F8C0108B4250
:101C200000F0B380D2F818118B4200F0B080B3F10D
:101C3000804F1ED0664A93420DD0664A934200F010
:101C4000A880654A934200F0B280644A93421ED055
:101C500007B05DF804FB624BD3F8E82042F00202C3
:101C6000C3F8E820D3F8E83003F002030293029BA4
:101C7000EEE75B4BD3F8E82042F00102C3F8E8201E
:101C8000D3F8E83003F001030193019BE0E7544BE4
:101C9000D3F8E82042F01002C3F8E820D3F8E83087
:101CA00003F010030593059BD2E700205821B3F100
:101CB000804F01FB0022127B1ED045498B4235D05C
:101CC00044498B4248D044498B42BED1444BD3F85F
:101CD000E81041F00801C3F8E810D3F8E83003F049
:101CE00008030493049B002AB2D0322000220F2163
:101CF000F1F736FD322014E0394BD3F8E81041F00B
:101D00000101C3F8E810D3F8E83003F001030193B0
:101D1000019B002A9CD01C2000220F21F1F720FDFE
:101D20001C2007B05DF804EBF1F758BD2C4BD3F83D
:101D3000E81041F00201C3F8E810D3F8E83003F0EE
:101D400002030293029B002A82D01D2000220F2151
:101D5000F1F706FD1D20E4E7214BD3F8E81041F030
:101D60000401C3F8E810D3F8E83003F00403039348
:101D7000039B002A3FF46CAF1E2000220F21F1F7D5
:101D8000EFFC1E20CDE7012090E702208EE7032024
:101D90008CE7134BD3F8E82042F00402C3F8E820A4
:101DA000D3F8E83003F004030393039B50E70C4B94
:101DB000D3F8E82042F00802C3F8E820D3F8E8306E
:101DC00003F008030493049B42E700BF142201249C
:101DD0000004004000080040000C004000100040DB
:101DE000004402580F4B026819698A420BD0996E61
:101DF0008A4211D0D3F8C0108A420FD0D3F81811FC
:101E00008A420DD070470021582202FB01331A6D1F
:101E1000002AF7D0586D10470121F5E70221F3E7BA
:101E20000321F1E714220124014800F0EFBF00BFB5
:101E300024220124014800F0E9BF00BF7C220124D4
:101E4000014800F0E3BF00BFD4220124014800F0A4
:101E5000DDBF00BF2C230124F0B54FF0580C0F68F4
:101E60002E4D8DB00CFB07FC032F05EB0C06066016
:101E700047DC0B460868344649689A6807C41B7BF0
:101E8000237004AC7268264B002A4FF00002726186
:101E900018BF1022B2610FCB84E80F000CAB03EB2C
:101EA000870353F8203CB3F1804F336124D01D4A9F
:101EB000934221D030890CF1100458230021802254
:101EC00003FB07532C44C3E907019A62204600F044
:101ED00007FE034600B1FEE74FF4805208A92046F2
:101EE000099301930892CDE90A33CDE9023300F05A
:101EF000C7FE034640B1FEE7582303FB075398682B
:101F0000D9E701200DB0F0BD01A92046019303934C
:101F100001F034F80028F5D0FEE700BF14220124B8
:101F2000183B0108000C0040006808B5037B103026
:101F30002BB100F08FFE003818BF012008BD00F063
:101F40006FFE003818BF012008BD00BF0C4B0022F7
:101F50004FF0FF311A739960196683F86420C3F853
:101F6000B81083F8BC20C3F8101183F81421C3E91A
:101F70000022C3E91622C3E92C22C3E9422270479A
:101F800014220124034688B190F83D20022A03D090
:101F9000802201209A66704702680421002083F89D
:101FA0003D10D36823F00103D360704701207047D0
:101FB00003682C495A6910B49C6944F008049C6178
:101FC0009C6944F010049C611C6824F001041C60AE
:101FD0001C6921401961996821F44041996090F889
:101FE0008110042901D0910630D490F88110032982
:101FF00001D054061FD4910509D5D0F8841041F0C2
:102000000101C0F88410996941F400719961D20509
:1020100009D5D0F8842042F00802C0F884209A69DB
:1020200042F480729A6100235DF8044BA0F862309C
:10203000A0F86A307047D0F8841041F00401C0F86D
:102040008410996941F040019961D4E7D0F8841077
:1020500041F08001C0F88410996941F02001996134
:10206000C3E700BF90FCFFFF002800F0A4800268D7
:102070000021F8B5514B044681629A4216D0A3F56F
:1020800078439A4212D003F58063C0689A4200F008
:102090008A800F2808D8E16B00F108034D09DB089E
:1020A00005FB0333082B15D90120F8BDE068E16B6F
:1020B00000F10803414E4D09DB0805FB0333404D99
:1020C000AA4218BFB24203D005F58065AA4201D1E9
:1020D000102BE9D894F8813003F0FF05002B58D07D
:1020E000002702236568A66B84F88130136823F00B
:1020F00001031360A369B3F1806F3ED03943676B6E
:102100003B43676A3B4327693B4367693B43276A15
:102110003B43E76C3B43A7683B43A76C3B43A76D3E
:102120003B432B433343E669314308439060D3601C
:10213000B5B9936823F4C05343F400639360936884
:1021400023F4C06343F480639360136D23F00103B1
:10215000136500200123C4F8840084F88130F8BDA1
:10216000136D23F0010313656B02F2D5D368616D23
:1021700023F000430B43D360EBE7B5F5800FBDD1EF
:10218000002EBBD1D2F800C04CF4805CC2F800C075
:10219000B4E7204684F88050FFF76AF92268A76AFE
:1021A000E16BE0689DE7E16B00F108034D09DB0896
:1021B00005FB03338CE70120704700BF003001406E
:1021C00000380040F8B590F88030012B00F08C808A
:1021D00090F88130154601220446DEB2934280F821
:1021E00080206AD1002963D0B5FA85F35B09002D00
:1021F0005ED003224366A0F8683080F88120C0F8E2
:102200008430A0F86250A0F86A30C165A0F8605030
:10221000C0E91C338368B3F5C02F04D1026813688A
:1022200043F400631360E368A06F0F2B4BD98369FD
:10223000B3F5804F3CD122683A4B3B4F20320364C8
:1022400052F8183CC763394F23F40043C764002792
:10225000076542F8183CB4F862309BB2F1F7F0FD24
:10226000002844D1A36F324ADB69B3F5807F23682D
:10227000596802EA010218BF2A435A609A686168E5
:1022800042F40042B1F5800F9A601A6942F4487234
:102290001A611A6842F001021A6003D11A6842F406
:1022A00000721A6000231E4684F880303046F8BD64
:1022B000002384F880303046F8BD0023022680F8E1
:1022C00080303046F8BD072B83691AD8B3F5005F1C
:1022D00020D0B3F5804FAED1B4F862309BB2033357
:1022E0009B08A4F86230A6E702263046F8BDD4F871
:1022F0008430012243F01003C4F8843084F8812034
:10230000D9E7B3F5804F05D0B3F5005FD0D1B3F571
:10231000804F90D1B4F862309BB201335B08A4F8CF
:10232000623088E77D27010801270108A9270108F5
:102330000000FFFF70B51D4690F88030012B00F0C3
:10234000B9800123044680F8803090F881304068DD
:10235000DBB2B0F5800F7DD0012B40F08580002DE1
:1023600018BF002A71D000296FD094F88130042B57
:1023700002D0052384F881300023E1652168C4F888
:102380008430A4F86250A4F86A50A4F860506266E1
:10239000A4F86850C4E91C338B6823F440438B6075
:1023A000E3680F2B65D9E06F8369B3F5804F4CD19B
:1023B00094F88130042B00F08A805E4B03645E4BFE
:1023C000C3635E4E3031B4F86A30C66400269BB2F7
:1023D0000665F1F735FD00286ED12268A16F93687C
:1023E000203243F4804342F8183CB4F86230C1E92B
:1023F0000F00C1E913009BB20846E16DF1F720FD23
:10240000002859D1A36FDB69B3F5807F236863D0BF
:1024100059684B4A0A402A435A609A68616842F4F4
:102420000042B1F5800F9A601A6942F458721A613D
:102430001A6842F001021A6003D11A6842F400726D
:102440001A60002384F8803070BD0023012084F8D6
:10245000803070BDA06800287FF47EAF042B3FF46D
:102460007EAF012B3FF47BAF0023022084F8803045
:1024700070BD072B35D8A36F9B69B3F5005F50D0B3
:10248000B3F5804F06D1B4F862309BB203339B089A
:10249000A4F86230E06F8369B3F5005F39D0B3F51B
:1024A000804F85D1B4F86A309BB203339B08A4F8FF
:1024B0006A307DE7022070BDD4F88430012243F0F9
:1024C00010031046C4F8843084F8812070BD1D4B81
:1024D00003641D4BC36374E75968194A0A405A6084
:1024E0009BE7E06F8369B3F5005F02D0B3F5804FDF
:1024F000ABD1A66FB669B6F5804F06D1B4F862606D
:10250000B6B201367608A4F86260B3F5804F7FF466
:102510004FAFB4F86A309BB201335B08A4F86A305D
:1025200046E7B4F862309BB201335B08A4F862302E
:10253000B0E700BF9D27010851270108A92701081E
:102540000000FFFF8D270108292701082DE9F04130
:102550001546826804460E4622B94368B3F5800FDB
:1025600000F0958094F88030012B00F099800123D1
:1025700084F8803094F88130012BDFB269D1002ECD
:1025800061D0B5FA85F35B09002D5CD00421B2F56A
:10259000C02F666684F88110A4F86850C4F88430AF
:1025A000A4F86030A4F86A50A4F86230C4E91C337F
:1025B00004D12268136823F400631360E3680F2BCF
:1025C0004ED9E06F8369B3F5804F3CD121688B68A9
:1025D00023F480438B603246454EB4F86A30303184
:1025E0000664444E9BB2C663434EC664002606652D
:1025F000F1F726FC002857D1E36F404ADB69B3F5B9
:10260000807F2368596802EA010218BF2A435A6092
:102610009A68616842F48042B1F5800F9A601A6945
:1026200042F450721A611A6842F001021A6003D132
:102630001A6842F400721A6000231F4684F8803042
:102640003846BDE8F081002384F880303846BDE884
:10265000F0810023022784F880303846BDE8F081FD
:10266000072B2BD82168E06F8B6823F480438B60A5
:102670008369B3F5005F32D0B3F5804FABD1B4F8C6
:102680006A309BB203339B08A4F86A30A3E72B4659
:1026900004250A4680F88150BDE8F041FFF74ABEA4
:1026A00002273846BDE8F081D4F88430012243F097
:1026B0001003C4F8843084F88120C7E7E06F826992
:1026C000B2F5804F02D0B2F5005FBCD12168B2F5FF
:1026D000804F8B6823F480438B607FF47CAFB4F829
:1026E0006A309BB201335B08A4F86A3073E700BF1D
:1026F0008D27010829270108A92701080000FFFFED
:10270000806B08B590F88130072B09D0836FDB69A7
:10271000B3F5807F05D00268136943F008031361A5
:1027200008BDFFF70DF808BD806B08B590F8813043
:10273000072B09D0C36FDB69B3F5807F05D0026832
:10274000136943F00803136108BDFFF75BF808BD88
:10275000806B08B590F88130072B09D0836FDB6957
:10276000B3F5807F05D00268136943F00803136155
:1027700008BDFFF7A9F808BD704700BF806B08B51A
:10278000FFF7FAFF08BD00BF704700BF806B08B5B8
:10279000FFF7FAFF08BD00BF704700BF806B08B5A8
:1027A000FFF7FAFF08BD00BF10B5846BF2F752F8CF
:1027B000022800D110BD236830495A69986940F059
:1027C00008009861986940F010009861186820F03E
:1027D00001001860186901401961996821F44041AD
:1027E000996094F88110042901D091063AD494F8A4
:1027F0008110032901D0500629D4910509D5D4F8B8
:10280000841041F00101C4F88410996941F4007109
:102810009961D20509D5D4F8842042F00802C4F8A1
:1028200084209A6942F480729A6100230122204632
:10283000A4F86230A4F86A30D4F8843043F010036E
:10284000C4F8843084F88120FFF7A0F810BDD4F8D4
:10285000841041F00401C4F88410996941F04001EA
:102860009961CAE7D4F8841041F08001C4F884105B
:10287000996941F020019961B9E700BF90FCFFFF21
:10288000036819695A692DE9F04101EA02059F6858
:10289000044690F8816005F0640CBCF1040F2FD061
:1028A00005F04500012834D005F02600022800F08C
:1028B000DF80280770D59A6917F4404FF6B242F0CE
:1028C00008029A619A6942F010029A619A6942F488
:1028D00000629A611A6922F008021A6123D0042E5C
:1028E00000F0DE80A26FD269EAB1032E50D0E26F11
:1028F000D269C2B1052E14D12046FEF7E5FF10E0E3
:10290000436F9847236F2046984705F04503012BF6
:1029100002D1236F2046984705F02605022D00F0CE
:10292000A780BDE8F0819A6812F4404F1FD1B4F837
:102930006A2092B2DAB1626E0EE01B6B42F8043B81
:102940006266B4F86A30013B9BB2A4F86A30B4F80E
:102950006A309BB25BB12368E1680F29EDD8072983
:1029600040F292801B8E22F8023B6266E9E7204625
:10297000FFF71EFB012384F88130D4F88430002B4C
:102980007FD1052EB8D0042E00F08F80032EC8D141
:102990002046FEF7D5FEC4E7100501D50A077AD414
:1029A00015F4587FBDD06E0609D5D4F8842042F0C6
:1029B0000402C4F884209A6942F040029A61A80592
:1029C00009D5D4F8842042F00102C4F884209A6921
:1029D00042F400729A61E90509D5D4F8842042F0E6
:1029E0000802C4F884209A6942F480729A61AA06A7
:1029F00009D5D4F8842042F08002C4F884209A6972
:102A000042F020029A61D4F88420002A89D0196803
:102A100007F44047274A21F00101B7F5404F1960FC
:102A2000196902EA01021A6127D19A68E06F22F45B
:102A300040429A6050B1204B0365F1F721FB28B169
:102A4000D4F8843043F04003C4F88430A06F0028E9
:102A50003FF467AF184B0365F1F712FB00283FF412
:102A600060AFD4F8843043F04003C4F8843058E7B2
:102A7000636F2046BDE8F04118470123204684F8E3
:102A80008130FEF783FF4CE793F830301370626EAD
:102A90000132626655E79A6942F400629A6140E742
:102AA000E26FD269002A3FF43EAF2046FEF7AAFE4D
:102AB00037E700BF94FCFFFFBD2A010808B5806B13
:102AC00000230122A0F86A30A0F8623080F881204B
:102AD000FEF75CFF08BD00BF90F88100704700BFA3
:102AE000002800F08F8038B590F83D30044603F0A0
:102AF000FF02002B60D0226802234349B2F1804FCD
:102B000084F83D30A2EB01011368B1FA81F14FEA7C
:102B1000511127D031BB3D483D4D824251D000F587
:102B2000806082424DD0551B00F58060B5FA85F576
:102B300082424FEA55154DD0002D4BD135483649CC
:102B40008A4218BF82424FD001F580618A424BD041
:102B5000A06923F08003E168034313606368D162D6
:102B6000936223E02A4D23F07003A068551B0343B2
:102B7000B5FA85F56D09206923F440730343A06914
:102B800023F0800303431360E368D36263689362B6
:102B900051B94DB91F49204B9A4218BF8A4203D000
:102BA00003F580639A4201D1636913630123002016
:102BB000536184F83D3038BD80F83C20FFF722F89F
:102BC00099E7551B23F07003A068B5FA85F5034318
:102BD0006D09D0E7A06823F0700303430F488242D9
:102BE000C9D0002DC7D1A9E7206923F44073A1699A
:102BF0000343E06823F080030B4361681360D062F5
:102C00009162C7E7012070470000014000040040C6
:102C1000000401400040014000440140000C00401D
:102C20004FF0020C01680A4A034680F83DC08868EC
:102C30000240062A06D0B2F5803F03D00A6842F06F
:102C400001020A600122002083F83D20704700BF86
:102C5000070001000368094AD96841F00101D96001
:102C600099680A40062A06D0B2F5803F03D01A6858
:102C700042F001021A600020704700BF0700010007
:102C800090F83C30012B7DD002460223006830B41E
:102C9000012482F83D3082F83C40544C83681C404B
:102CA0000B68602B84606FD01DD9B3F5005F59D0DD
:102CB00042D94F498B4206D038D94E498B4202D077
:102CC00010318B4206D184684B4921400B4343F0BD
:102CD0000703836000230121184682F83D1082F823
:102CE0003C3030BC7047402B67D019D9502BF1D104
:102CF000036A4C68CD6823F00A03016A1C433E4B0B
:102D000021F001010162816921F0F00141EA051120
:102D10008161046281680B4043F057038360D9E707
:102D2000202BD0D01AD9302BD4D1CCE723F01001EE
:102D3000B1F5801FCED1C6E7702BCBD18468D1E925
:102D400001532B43CD6824F47F4143EA05230B4311
:102D50008360836843F077038360BBE733F010013F
:102D6000B8D1B0E7D1E9015384682B43CD6824F48E
:102D70007F4143EA05230B438360836843F4804328
:102D80008360A7E702207047046A4D6824F01004AE
:102D9000C9680462836923F4704343EA0133016A1A
:102DA00021F0A0018361144B41EA051101628168A1
:102DB0000B4043F0670383608CE7036A4C68CD687F
:102DC00023F00A03016A1C430B4B21F0010101624D
:102DD000816921F0F00141EA051181610462816895
:102DE0000B4043F04703836074E700BF8800CEFFC9
:102DF00020001000300010008FFFCFFF704700BF91
:102E0000704700BF704700BF704700BF03681A6972
:102E1000910710B5044602D5DA68920768D41A699A
:102E2000520702D5DA6850074FD41A69110702D544
:102E3000DA68120737D41A69D00602D5DA68D106E3
:102E40001ED41A69D20702D5DA68D00769D41A6984
:102E5000110602D5DA6812066BD41A69D00502D5BC
:102E6000DA6811066DD41A69520602D5DA6850067E
:102E70006FD41A69910602D5DA68920649D410BD5A
:102E80006FF010010822204619612277DB6913F4E4
:102E9000407F6FD1FFF7B2FF2046FFF7B3FF00225C
:102EA00023682277CDE76FF00801042220461961DC
:102EB0002277DB699B075AD1FFF7A0FF2046FFF777
:102EC000A1FF002223682277B5E76FF004010222F8
:102ED0002046196122779B6913F4407F44D1FFF7A4
:102EE0008DFF2046FFF78EFF0022236822779CE7A4
:102EF0006FF002010122196102779B69990730D1B5
:102F0000FFF77CFF2046FFF77DFF00222368227732
:102F100085E76FF0200220461A61BDE8104000F0FE
:102F20005FB86FF0010220461A61FEF75BFF23686D
:102F30008DE76FF0800220461A6100F053F8236895
:102F40008BE76FF4807220461A6100F04DF8236819
:102F500089E76FF0400220461A61FFF755FF2368AA
:102F600087E7FFF74DFFD0E7FFF74AFFBCE7FFF722
:102F700047FFA6E7FFF744FF91E700BF90F83C202A
:102F8000012A28D003460068022230B4134D83F88A
:102F90003D20A8424268846818D005F58065A842A3
:102FA00014D024F0800C22F070020C68896822434F
:102FB00000244CEA01014FF0010C42608160204680
:102FC00083F83DC083F83C4030BC704722F4700267
:102FD0004D682A43E5E70220704700BF000001402A
:102FE000704700BF704700BF704700BF0B460146E7
:102FF000184600F0C3B8000010B582B08DED010A8C
:10300000044600F0C9F89DED010A046002B010BD4D
:103010009FED070AFFEE007AB7EE007A00284FF026
:10302000220047FE277A87EE800AFFF7E5BF00BF40
:103030000000000070EE407AB4EE400A87EEA77AF6
:10304000F1EE10FAB0EE470A02D62120FFF7D4BF06
:10305000704700BF10EE103AB3F17E5F3ED0A3F58B
:103060000001B1F1FE4F10EE102A3AD2BFEE002B54
:1030700002F14043284903F54D03C3F3C34001EB7C
:10308000001091ED424B91ED447B91ED406B91ED41
:10309000465BD90DC9052DED028B90ED021B90ED1D
:1030A000008B521ADB1500EE103A03EE902AB8EEB0
:1030B000C00BB7EEE33A30EE010BA8EE032BBDECEC
:1030C000028B22EE023BA4EE027BA5EE020BA6EEE3
:1030D000037BA3EE070BB7EEC00B70479FED0F0A03
:1030E0007047590014D0B3F1FF4F14D0002B0BDB05
:1030F000B1F17F4F08D2DFED0A7A60EE277A17EE42
:10310000903AA3F13862B1E700EE103AFFF792BFB0
:103110000120FFF77DBF7047083E01080000000056
:103120000000004B08B52DED028BB0EE408A00F098
:1031300021F80E4B93F9003001330BD0B4EE488ADE
:10314000F1EE10FA06D6DFED0A8AB4EEE88AF1EE67
:1031500010FA02D4BDEC028B08BD00F01DF888EE19
:10316000A80ABDEC028B2123036008BD7C03002468
:1031700000000000B1EEC00A704700BF10B5054C5A
:1031800013462CB10A4601460220AFF3008010BD61
:103190002046FCE700000000014B1868704700BFA4
:1031A0008003002470B50D4D0D4C641BA410002647
:1031B000A64209D10B4D0C4C00F000FF641BA4107B
:1031C0000026A64205D170BD55F8043B984701364C
:1031D000EEE755F8043B98470136F2E7DC3F01087B
:1031E000DC3F0108DC3F0108004001080A4491422D
:1031F00000F1FF3300D1704710B511F8014B03F80F
:10320000014F9142F9D110BD02440346934200D1CF
:10321000704703F8011BF9E737B5002944D051F88E
:10322000043C0190002BA1F10404B8BFE41800F0A5
:10323000DFF81E4A0198136833B96360146003B065
:10324000BDE8304000F0DAB8A34208D9256861191A
:103250008B4201BF19685B6849192160EDE71A4686
:103260005B680BB1A342FAD911685518A5420BD17E
:10327000246821445418A3421160E0D11C685B68A3
:10328000536021441160DAE702D90C230360D6E7CA
:10329000256861198B4204BF19685B68636004BFCD
:1032A000491921605460CAE703B030BD742301247A
:1032B000F8B5CD1C25F0030508350C2D38BF0C25BD
:1032C000002D064601DBA94203D90C233360002000
:1032D000F8BD00F08DF821490A6814469CB9204FCA
:1032E0003B6823B92146304600F03CF83860294657
:1032F000304600F037F8431C23D10C2333603046AE
:1033000000F07CF8E3E723685B1B17D40B2B03D991
:1033100023601C44256004E06368A2420CBF0B607C
:103320005360304600F06AF804F10B00231D20F0D2
:103330000700C21ACCD01B1AA350C9E72246646802
:10334000CCE7C41C24F00304A042E3D0211A304689
:1033500000F008F80130DDD1CFE700BF742301246D
:103360007823012438B5064D0023044608462B6017
:1033700000F082FB431C02D12B6803B1236038BDEF
:10338000802301240CB430B5174B0C1E1D689DB072
:1033900008DA8B232B604FF0FF301DB0BDE83040C2
:1033A00002B070474FF40273ADF8143014BF04F14B
:1033B000FF332346049307934FF6FF730290069062
:1033C000ADF81630209A21AB02A92846019300F0EF
:1033D00077F8431CBCBF8B232B60002CDDD0029BF5
:1033E00000221A70D9E700BF80030024704770479D
:1033F0000148FFF7FBBF00BF7C2301240148FFF712
:10340000F6BF00BF7C2301242DE9F0478E689E4261
:1034100082460C4690461F4638D88A8912F4906F2F
:1034200032D025680969A5EB0109656905EB4505F9
:1034300005EBD57501334B446D109D4238BF1D46D9
:10344000530531D52946FFF733FF064650B90C2303
:10345000CAF80030A38943F04003A3814FF0FF3046
:10346000BDE8F08721694A46FFF7C0FEA38923F42F
:10347000906343F08003A381266165614E44A5EB10
:1034800009052660A5603E46BE4200D93E4620683A
:103490003246414600F0A8FAA3689B1BA36023684C
:1034A000334423600020DBE72A4600F0B7FA0646E3
:1034B0000028E1D121695046FFF7AEFEC7E70000C2
:1034C0002DE9F04F98468B891B069DB007460D46A7
:1034D00014460ED50B6963B94021FFF7E9FE286059
:1034E000286120B90C233B604FF0FF30D1E040232E
:1034F0006B610023099320238DF82930CDF80C80CF
:103500003023DFF8A8818DF82A304FF001092346D7
:103510009A4613F8012B0AB1252AF9D1BAEB040B0C
:103520000BD05B46224629463846FFF76DFF013037
:1035300000F0AA80099A5A4409929AF80030002BA8
:1035400000F0A28000234FF0FF32CDE905230AF1FD
:10355000010A049307938DF853301A9354460522B9
:1035600014F8011B5148ECF7C3FE049AD8B9D006F1
:1035700044BF20238DF85330110744BF2B238DF80F
:1035800053309AF800302A2B15D0079A5446002061
:103590004FF00A0C214611F8013B303B092B4ED964
:1035A000B0B1079214E0A0EB080309FA03F3134348
:1035B0000493A246D2E7039B191D1B680391002BBD
:1035C000BBBF5B4242F0020207930793B8BF04926D
:1035D00023782E2B0CD163782A2B35D1039B1A1D0F
:1035E0001B680392002BB8BF4FF0FF3302340593E2
:1035F000DFF8C8A0217803225046ECF779FE40B1ED
:103600004023A0EB0A0003FA00F0049B03430134BB
:10361000049314F8011B26488DF828100622ECF7B5
:1036200067FE002838D0234B1BBB039B073323F0D6
:10363000070308330393099B3344099367E70CFBA3
:1036400002320C460120A5E70023013405931946F8
:103650004FF00A0C204610F8012B303A092A03D902
:10366000002BC5D00591C3E70CFB012104460123C3
:10367000F0E703AB00932A460F4B04A93846AFF39B
:103680000080421C0646D6D1AB895B063FF52CAFC5
:1036900009981DB0BDE8F08F03AB00932A46064B96
:1036A00004A9384600F07AF8EBE700BF883F01082C
:1036B000923F010800000000093401088E3F010814
:1036C0002DE9F047164699468A680B69DDF8208097
:1036D0009342B8BF1346336091F8432007460C4627
:1036E0000AB1013333602368990642BF336802335D
:1036F0003360256815F0060506D104F1190AE36860
:1037000032689B1AAB4226DC94F84320131E2268D1
:1037100018BF012392062BD404F1430249463846D0
:10372000C04701301ED02368E568326803F0060305
:10373000042B08BFAD1AA36822690CBF25EAE57502
:1037400000259342C4BF9B1AED1800261A34B542D7
:103750001AD1002008E00123524649463846C047A6
:10376000013003D14FF0FF30BDE8F0870135C6E7E7
:10377000E1185A1C302081F84300224494F8451087
:1037800082F843100233C7E70123224649463846F0
:10379000C0470130E6D00136D9E700002DE9FF47E8
:1037A0000F7E0C9D782F914680460C469A4601F17B
:1037B000430207D8622F0AD8002F00F0D880582F74
:1037C00000F0A38004F1420584F842703AE0A7F1CA
:1037D0006303152BF6D801A151F823F03538010801
:1037E00049380108C5370108C5370108C537010840
:1037F000C537010849380108C5370108C537010830
:10380000C5370108C537010855390108793801085D
:1038100037390108C5370108C5370108773901086C
:10382000C537010879380108C5370108C5370108CF
:103830003F3901082B681A1D1B682A6004F14205F4
:1038400084F842300123A3E020682968060601F1CC
:1038500004030AD50E682B60002E03DA2D2376426E
:1038600084F843305E480A2319E00E682B6010F09C
:10387000400F18BF36B2EFE72B682068191D29608A
:10388000010601D51E6802E04606FBD51E88544895
:103890006F2F0CBF08230A23002184F843106568AA
:1038A000A560002DA2BF216821F0040121600EB99E
:1038B000002D4DD01546B6FBF3F103FB1167C75D34
:1038C00005F8017D3746BB420E46F4D9082B0BD1D3
:1038D0002368DE0708D5236961689942DEBF30237B
:1038E00005F8013C05F1FF35521B2261CDF800A01F
:1038F0004B4603AA21464046FFF7E2FE01304CD179
:103900004FF0FF3004B0BDE8F087354881F84570CE
:103910002968236851F8046B29601D0614D5DF0758
:1039200044BF43F0200323601EB9236823F0200323
:1039300023601023B0E7236843F02003236078233B
:10394000284884F84530E3E7590648BFB6B2E6E7B1
:103950001546BBE72B6826686169181D2860350687
:103960001B6801D5196002E07006FBD519800023A1
:1039700023611546BAE72B681A1D2A601D68626824
:1039800000212846ECF7B4FC08B1401B6060636876
:103990002361002384F84330A8E723692A46494677
:1039A0004046D0470130ABD023689B0713D4E06872
:1039B000039B9842B8BF1846A4E701233246494604
:1039C0004046D04701309BD00135E36803995B1A2C
:1039D000AB42F2DCEBE7002504F11906F5E700BF86
:1039E000993F0108AA3F0108884210B501EB020483
:1039F00002D98442234607D8431EA14208D011F8B9
:103A0000012B03F8012FF8E7024401468A4200D156
:103A100010BD13F8014D02F8014DF7E7F8B5074660
:103A200014460E4621B9BDE8F8401146FFF740BCE8
:103A300022B9FFF7F1FB25462846F8BD00F014F83F
:103A4000A0420FD221463846FFF732FC0546002837
:103A5000F2D031462246FFF7C9FB31463846FFF720
:103A6000DBFBE9E73546E7E751F8043C181F002B7C
:103A7000BCBF0B58C0187047044A05491368002B97
:103A800008BF0B4618441060184670478423012471
:103A900088230124FFFFFFFFFFFF0000FFFFFFFF60
:103AA000FFFFFFFFFFFFFFFFFFFFFFFFFFFFFFFF26
:103AB000FFFFFFFFFFFFFFFFFFFFFFFFFFFFFFFF16
:103AC000FFFFFFFFFFFFFFFFFFFFFFFFFFFFFFFF06
:103AD000FFFFFFFFFFFFFFFFFFFF0000FFFFFFFFF4
:103AE000FFFF000001060000010700000054004035
:103AF00000580040005C0040001C005825002600D3
:103B00002700340035004700520053008E000000AB
:103B10000101010307010000000000400004004013
:103B200000080040000C004070726573736564000B
:103B300072656C656173656400000000010400003B
:103B40006DDBDBB64992B66D244992242D2D000021
:103B5000257325640000000043000000432300009B
:103B6000440000004423000045000000460000001F
:103B700046230000470000004723000041000000EA
:103B80004123000042000000583B01085C3B010853
:103B9000603B0108643B0108683B01086C3B01087D
:103BA000703B0108743B0108783B01087C3B01082D
:103BB000803B0108843B0108F1F0F03CF1F0703DDE
:103BC000F1F0F03DB5B4343EF1F0703EB5B4343EA2
:103BD000F1F0F03DF1F0703DF1F0F03C452C256442
:103BE0000A000000502C25642C25642C25642C250B
:103BF000640A0000532C25642C25732C25640A00CC
:103C0000542C25642C25642C25732C25642C2564C8
:103C10000A000000462C544845524D414C2C256466
:103C20000A000000462C54454D505F53454E534FFB
:103C3000522C25640A00000000061016000610161B
:103C4000060000000C000000120000001800000038
:103C500000010000060100000C010000120100003C
:103C60001801000000020000060200000C02000023
:103C7000120200001802000000030000060300000A
:103C8000000203000000000001000000000000002E
:103C90000000FA4500007A460000FA4600803B47E3
:103CA0000080BB4700100140004400400048004035
:103CB000004C0040005000400014014000780040DB
:103CC000007C0040000C00580000000000040000D0
:103CD000000600000010000000000000003000009E
:103CE0000020000000000010000000000010000094
:103CF0000000000001020304010203040607080992
:103D0000000201020002010201000200040008009A
:103D100010002000400080000001000200040008A4
:103D200000100020004000800000025800040258EB
:103D300000080258000C02580010025800140258E3
:103D400000180258001C0258002002580024025893
:103D50000028025800000000018080808080808060
:103D60000480808080808080088080808080808047
:103D70001080808080808080208080808080808013
:103D80004000000000040810204000000204081059
:103D900020400000080402040801010100000000A6
:103DA0000B00FF00940200247C02002488020024FF
:103DB0004C020024B8020024A0020024AC0200241B
:103DC00058020024DC020024C4020024D002002493
:103DD00064020024D8210124C0210124CC21012423
:103DE000A8210124FC210124E4210124F021012443
:103DF000B421012400030024E8020024F40200247A
:103E00007002002400000000BEF3F879EC61F63F78
:103E10001930965BC6FEDEBF3D88AF4AED71F53FB7
:103E2000A4FCD432680BDBBFB010F0F03995F43F3E
:103E30007BB71F0A8B41D7BF8503B8B095C9F33F45
:103E40007BCF6D1AE99DD3BFA564880C190DF33F94
:103E500031B6F2F39B1DD0BFA08E0B7B225EF23FEA
:103E6000F07A3B1B1D7CC9BF3F341A4A4ABBF13F65
:103E70009F3CAF93E3F9C2BFBAE58AF05823F13F04
:103E80005C8D78BFCB60B9BFA70099413F95F03FEB
:103E9000CE5F47B69D6FAABF000000000000F03F54
:103EA0000000000000000000AC479AFD8C60EE3F6F
:103EB0003DF5249FCA38B33FA06A021FB3A4EC3F6C
:103EC000BA913854A976C43FE6FC6A573620EB3FD6
:103ED000D2E4C44A0B84CE3F2DAAA163D1C2E93FEC
:103EE0001C65C6F04506D43FED417803E686E83F01
:103EF000F89F1B2C9C8ED83F624853F5DC67E73F48
:103F0000CC7BB14EA4E0DC3F4D7E0AF7B612D7BFA2
:103F1000E0326849BFCADE3FDEE3FA9F4715E7BFDC
:103F2000B8C8355F4715F73F0000000000000000EB
:103F30000000000000000000000000000000000081
:103F40000000000000000000000000000000000071
:103F50000000000000000000000000000000000061
:103F60000000000000000000000000000000000051
:103F70000000000000000000000000000000000041
:103F80000000000000000000232D302B2000686C92
:103F90004C0065666745464700303132333435366C
:103FA00037383941424344454600303132333435A5
:103FB000363738396162636465660000F8B500BF62
:103FC000F8BC08BC9E467047F8B500BFF8BC08BCFA
:043FD0009E46704752
:083FD40064C7FE7F010000003C
:103FDC00C5020008750C00086979000839880008CA
:103FEC00658E000841A2000815AA0008551A0108A0
:043FFC004D1F01084C
:04400000A102000811
:10400400000000000100000010000000100000008B
:10401400000000000000000000000000000000009C
:10402400000000001000000000000000000000007C
:10403400000000000000000000000000100000006C
:10404400000000000000000000000000000000006C
:10405400000000000000000000000000000000005C
:10406400000000000000000000000000010000004B
:10407400000000000000000000000000000000003C
:10408400000000000000000001000000000000002B
:10409400000000000000000000000000000000001C
:1040A400000000000100000000000000000000000B
:1040B40000000000000000000000000000000000FC
:1040C40001000000000000000000000000000000EB
:1040D40000000000000000000000000001000000DB
:1040E40000000000000000000000000000000000CC
:1040F40000000000000000000100000000000000BB
:1041040000000000000000000000000000000000AB
:10411400000000000100000000000000000000009A
:10412400000000000000000000000000000000008B
:10413400010000000000000000000000000000007A
:10414400000000000000000000000000010000006A
:10415400010708000000000000000000010608003C
:1041640000000000000000000B00FF00FC01002420
:10417400F001002414020024080200242C0200246C
:1041840020020024C0010024B4010024D80100242A
:10419400CC0100240811012438020024E401002485
:1041A400E4100124FC100124F01001245C0100241B
:1041B40050010024010808020B0800010800000057
:1041C400010908020A08000008000000010C0E039F
:1041D400020801050E000000020C0801060E000092
:1041E4000000000001040B000000000000000000BB
:1041F400010707010F040000000000000106070189
:104204000E0400000000000000030700000000008E
:104214000000000000020700000000000000000091
:10422400020B07000000000000000000020A070063
:104234000000000000000000060907000000000064
:10424400000000000090D0030090D003060A05008F
:104254000405000000000000010C05010407010929
:10426400050000000004060000000000000000003B
:104274000004080000000000000000000104050024
:1042840006050609050000000105050007050000F4
:1042940000000000060B05000505000000000000FA
:1042A400010E0502020500000000000002010501E4
:1042B4000F050203050000000303050000000000D1
:1042C40000000000020B06010406000000000000CC
:1042D400020C06010507000000000000020A0600A7
:1042E40000000000000000000104080006080000AF
:1042F400000000000105080007080000000000009D
:10430400000508000000000000000000000000009C
:104314000000000000000000000000000000000099
:104324000000000001000000000000000000000088
:104334000000000000000000000000000000000079
:104344000100000000000000000000000000000068
:104354000000000000000000000000000100000058
:104364000000000000000000000000000000000049
:10437400000000000000000001000000FF00000039
:104384008403002400000000483F0108683F01083E
:10439400283F0108000000000000000000000000A9
:1043A4000000000000000000000000000000000009
:1043B40000000000000000000000000000000000F9
:1043C40000000000000000000000000000000000E9
:1043D40000000000000000000000000000000000D9
:0443E40000000000D5
:0400000508000A11D4
:00000001FF
