:020000040800F2
:1000000000000220110A00080D0A0008D9A4000807
:100010000D0A00080D0A00080D0A00080000000083
:100020000000000000000000000000000D0A0008B1
:100030000D0A0008000000000D0A00085DA4000879
:100040000D0A00080D0A00080D0A00080D0A000834
:100050000D0A00080D0A00080D0A00080D0A000824
:100060000D0A00080D0A00080D0A0008919000080A
:100070009D9000080D7E0008A9900008B59000082A
:10008000119F0008BD8500080D0A00080D0A000830
:100090000D0A00080D0A00080D0A00080D0A0008E4
:1000A0000D0A00080D0A00080D0A00080D0A0008D4
:1000B000811D01088D1D0108991D0108F1850008A9
:1000C0000D0A0008FD8500080D0A0008F115010859
:1000D000FD150108459D0008719D0008A59D0008BB
:1000E0000D0A00080D0A0008000000000D0A0008B3
:1000F0000D0A00080D0A00080D0A00080D0A000884
:100100000D0A00080D0A0008A51D010809160108BE
:10011000D99D00080D9E00080D0A00080D0A000870
:100120000D0A00080D0A00082D16010861160108C5
:10013000459F00080D0A00080D0A00080D0A000876
:1001400000000000000000000000000000000000AF
:100150000D0A00080D0A00080D0A0008419E00085B
:10016000098600080D0A00086DA4000891A4000883
:100170000D0A0008B5A400080D0A00080D0A0008C1
:100180000D0A00080D0A0008759E0008A99E0008C7
:1001900015160108211601080D0A00080D0A0008AD
:1001A0000D0A00080D0A00080D0A00080D0A0008D3
:1001B000B18D00080D0A00080D0A00080D0A00089C
:1001C0000D0A00080D0A00080D0A00080D0A0008B3
:1001D0000D0A00080D0A00080D0A00080D0A0008A3
:1001E0000D0A00080D0A00080D0A00080D0A000893
:1001F0000D0A00080D0A00080D0A00080D0A000883
:100200000D0A00080D0A00080D0A00080D0A000872
:100210000D0A00080D0A00080D0A00080D0A000862
:100220000D0A00080D0A00080D0A00080000000071
:100230000D0A00080D0A0008000000000D0A000861
:100240000D0A00080D0A00080D0A00080D0A000832
:100250000D0A00080D0A00080D0A00080D0A000822
:100260000D0A00080D0A00080D0A00080D0A000812
:100270000D0A00080D0A0008DD9E000800000000BD
:100280000D0A00080D0A00080D0A00080000000011
:08029000000000000D0A000847
:1002A00010B5054C237833B9044B13B10448AFF3B0
:1002B00000800123237010BDE8030024000000002B
:1002C000E43E010808B5034B1BB103490348AFF3F3
:1002D000008008BD00000000EC030024E43E01089B
:1002E000034613F8012B002AFBD1181A0138704776
:1002F00001F0FF01102A2BDB10F0070F08D010F8D7
:10030000013B013A8B422DD010F0070F42B3F6D1DA
:10031000F0B441EA012141EA014122F007047FF0F3
:1003200000070023F0E80256083C85EA010586EA4A
:10033000010685FA47F5A3FA87F586FA47F6A5FA86
:1003400087F68EB9EED1F0BC01F0FF0102F0070292
:1003500032B110F8013B013A83EA010313B1F8D13D
:100360000020704701387047002D06BF354603381E
:10037000073815F0010F07D1013015F4807F02BF57
:10038000013015F4C03F0130F0BC0138704700BFA8
:1003900081F0004102E000BF83F0004330B54FEA36
:1003A00041044FEA430594EA050F08BF90EA020FA3
:1003B0001FBF54EA000C55EA020C7FEA645C7FEA36
:1003C000655C00F0E2804FEA5454D4EB5555B8BF59
:1003D0006D420CDD2C4480EA020281EA030382EACA
:1003E000000083EA010180EA020281EA0303362D5C
:1003F00088BF30BD11F0004F4FEA01314FF4801C2F
:100400004CEA113102D0404261EB410113F0004F40
:100410004FEA03334CEA133302D0524263EB4303F7
:1004200094EA050F00F0A780A4F10104D5F1200E95
:100430000DDB02FA0EFC22FA05F2801841F10001F0
:1004400003FA0EF2801843FA05F359410EE0A5F1C4
:1004500020050EF1200E012A03FA0EFC28BF4CF0F5
:10046000020C43FA05F3C01851EBE37101F00045AB
:1004700007D54FF0000EDCF1000C7EEB00006EEBB8
:100480000101B1F5801F1BD3B1F5001F0CD3490842
:100490005FEA30004FEA3C0C04F101044FEA445299
:1004A00012F5800F80F09A80BCF1004F08BF5FEA20
:1004B000500C50F1000041EB045141EA050130BD00
:1004C0005FEA4C0C404141EB0101013C28BFB1F512
:1004D000801FE9D291F0000F04BF01460020B1FA5D
:1004E00081F308BF2033A3F10B03B3F120020CDA30
:1004F0000C3208DD02F1140CC2F10C0201FA0CF00E
:1005000021FA02F10CE002F11402D8BFC2F1200C72
:1005100001FA02F120FA0CFCDCBF41EA0C01904028
:10052000E41AA2BF01EB0451294330BD6FEA040471
:100530001F3C1CDA0C340EDC04F11404C4F120025C
:1005400020FA04F001FA02F340EA030021FA04F36E
:1005500045EA030130BDC4F10C04C4F1200220FAC5
:1005600002F001FA04F340EA0300294630BD21FA03
:1005700004F0294630BD94F0000F83F4801306BFC9
:1005800081F480110134013D4EE77FEA645C18BFBD
:100590007FEA655C29D094EA050F08BF90EA020F54
:1005A00005D054EA000C04BF1946104630BD91EA4C
:1005B000030F1EBF0021002030BD5FEA545C05D14F
:1005C0004000494128BF41F0004130BD14F580048E
:1005D0003CBF01F5801130BD01F0004545F0FE4102
:1005E00041F470014FF0000030BD7FEA645C1ABF37
:1005F000194610467FEA655C1CBF0B46024650EA6E
:10060000013406BF52EA033591EA030F41F4002199
:1006100030BD00BF90F0000F04BF0021704730B51F
:100620004FF4806404F132044FF000054FF00001F4
:1006300050E700BF90F0000F04BF0021704730B5B5
:100640004FF4806404F1320410F0004548BF40428A
:100650004FF000013EE700BF42004FEAE2014FEADF
:1006600031014FEA02701FBF12F07F4393F07F4FBA
:1006700081F06051704732F07F4208BF704793F0BD
:100680007F4F04BF41F40021704730B54FF46074D0
:1006900001F0004521F000411CE700BF50EA0102D3
:1006A00008BF704730B54FF000050AE050EA01027C
:1006B00008BF704730B511F0004502D5404261EBEC
:1006C00041014FF4806404F132045FEA915C3FF42D
:1006D000D8AE4FF003025FEADC0C18BF03325FEACA
:1006E000DC0C18BF033202EBDC02C2F1200300FA7B
:1006F00003FC20FA02F001FA03FE40EA0E0021FAA0
:1007000002F11444BDE600BF53B94AB9002908BF3D
:1007100000281CBF4FF0FF314FF0FF3000F074B9DC
:10072000ADF1080C6DE904CE00F006F8DDF804E048
:10073000DDE9022304B070472DE9F047089D044627
:100740008E46002B4DD18A42944669D9B2FA82F284
:1007500052B101FA02F3C2F1200120FA01F10CFAC0
:1007600002FC41EA030E94404FEA1C48210CBEFBF8
:10077000F8F61FFA8CF708FB16E341EA034306FB81
:1007800007F199420AD91CEB030306F1FF3080F010
:100790001F81994240F21C81023E63445B1AA4B25D
:1007A000B3FBF8F008FB103344EA034400FB07F7FF
:1007B000A7420AD91CEB040400F1FF3380F00A8140
:1007C000A74240F207816444023840EA0640E41B35
:1007D00000261DB1D4400023C5E900433146BDE8E1
:1007E000F0878B4209D9002D00F0EF800026C5E983
:1007F000000130463146BDE8F087B3FA83F6002E9B
:100800004AD18B4202D3824200F2F980841A61EB12
:10081000030301209E46002DE0D0C5E9004EDDE730
:1008200002B9FFDEB2FA82F2002A40F09280A1EB18
:100830000C014FEA1C471FFA8CFE0126200CB1FB6D
:10084000F7F307FB131140EA01410EFB03F0884266
:1008500008D91CEB010103F1FF3802D2884200F2F3
:10086000CB804346091AA4B2B1FBF7F007FB101185
:1008700044EA01440EFB00FEA64508D91CEB040423
:1008800000F1FF3102D2A64500F2BB800846A4EB7E
:100890000E0440EA03409CE7C6F12007B34022FA69
:1008A00007FC4CEA030C20FA07F401FA06F31C4398
:1008B000F9404FEA1C4900FA06F3B1FBF9F8200CA5
:1008C0001FFA8CFE09FB181140EA014108FB0EF0EB
:1008D000884202FA06F20BD91CEB010108F1FF3A3B
:1008E00080F08880884240F28580A8F10208614447
:1008F000091AA4B2B1FBF9F009FB101144EA014155
:1009000000FB0EFE8E4508D91CEB010100F1FF34FF
:100910006CD28E456AD90238614440EA0840A0FB97
:100920000294A1EB0E01A142C846A64656D353D06D
:100930005DB1B3EB080261EB0E0101FA07F722FA91
:1009400006F3F1401F43C5E9007100263146BDE8BA
:10095000F087C2F12003D8400CFA02FC21FA03F31D
:10096000914001434FEA1C471FFA8CFEB3FBF7F09E
:1009700007FB10360B0C43EA064300FB0EF69E42C3
:1009800004FA02F408D91CEB030300F1FF382FD25C
:100990009E422DD9023863449B1B89B2B3FBF7F604
:1009A00007FB163341EA034106FB0EF38B4208D9DD
:1009B0001CEB010106F1FF3816D28B4214D9023E1E
:1009C0006144C91A46EA004638E72E46284605E73C
:1009D0000646E3E61846F8E64B45A9D2B9EB02080D
:1009E00064EB0C0E0138A3E74646EAE7204694E79D
:1009F0004046D1E7D0467BE7023B614432E73046D0
:100A000009E76444023842E7704700BFFEE700BFD1
:100A10000B480C4A904203D0121A0B4912F092FB79
:100A20000A480B4A904203D0121A002112F098FB98
:100A300009F0AAFF12F062FB00F02AF8FEE700BFFF
:100A400000000024E4030024143F0108E80300240C
:100A5000F8220124704700BFF8B5154606460F4638
:100A600001680A4800F08EFE7DB133683C6870680A
:100A700003EB850C796853F8042B44F8042B634589
:100A800050F8042B41F8042BF5D1F8BD04040024E0
:100A90002DE9F04F002195B06A4805F07FFD032154
:100AA000684805F083FC3021664805F09BFC664AE7
:100AB0006648674E674D684CDFF8A89161494FF072
:100AC000000B00F0F3F9304601F0FAF8284600F088
:100AD00049FEDA4609F070FD01462046D84600F08E
:100AE000B5FE5F4609F068FD5A460146484601F0EA
:100AF00057FD5A495348FF2605F054FC2BE0002EC1
:100B000061D02146544800F0A1FE4FF0000A234670
:100B10004F2B1BD94FF4805251494E4800F04CFEE8
:100B2000002800F0818003A84B499DED0C1A4FF47A
:100B30008053DDED0B0AA2469DED0A0A484A009457
:100B400000F078FF03A9424801F0D0F901203746B0
:100B50002E4609F033FD09F02FFD04464148214699
:100B600001F0EEFC99F87C30023B012B3ED937496D
:100B70000AA82346334A00F001FB10999DF83A5029
:100B8000A1F101012F48B1FA81F1490905F046FCB4
:100B9000AE4203D029462E4801F0AEF89DF844300D
:100BA000E3B99DF8383023B9A4EB0803B3F5FA7F15
:100BB00004D30AA92648A04601F0B8F8B5FA85F68C
:100BC0007609002F9BD065B307B32146224800F079
:100BD0003DFE1F48A34601F0EFF9B7E7DDE9122318
:100BE0009DF845101A4801F063F9DAE71E4801F054
:100BF0006FFC01281AD002281ED02146194801F0A6
:100C00001BFD01460F4805F009FCB0E74DB1A4EB10
:100C10000B03B3F57A7F99D30D48A34601F0CCF9C5
:100C200094E7A4EB0A0373E7A2468FE799ED290A3C
:100C3000074801F0DBF9E0E7D9F8AC10044801F00F
:100C400005FADAE71045002440040024504500244A
:100C5000B8450024040400240C040024590A0008A8
:100C60001005002450040024CC04002410B51048C2
:100C70000024104A1049046044610462C46312F005
:100C800061F90E4B0E485C6043F8044B5C601C81BC
:100C900000F0A8F80B4800F051FD0B4800F0C0FD33
:100CA0000A4801F009F80A48BDE8104001F018BCF4
:100CB0001045002400000024550A000840040024C8
:100CC00050450024040400240C040024B8450024EA
:100CD00050040024F0B50D8807464E88013A00F113
:100CE0000E044FF0000CAE422CBF0023012303730F
:100CF0002B460AE09E4510D2734494454FEA5303B5
:100D000024F8023B0BDA31F8023FAE420CF1010C41
:100D1000B1F802E0EED39E45EED80020F0BD0123ED
:100D200018467B73F0BD00BF70B50646407B30B3FC
:100D3000F0697568002801DDA84221DD002D4DDD38
:100D400033684FF0010C00204FF6FF74A3F1020E40
:100D50003EF8023F9942A3EB0102A1EB030392B2DA
:100D600088BF9AB26346A24201D260461446AB42A3
:100D70000CF1010CECDB7389A34238BF002070BD7D
:100D80006FF000423368B6F80AE00244348933F861
:100D9000122074448A42A4B234BF8A1A521A92B200
:100DA0009442ECD29E1E012400204FF6FF7C36F8C0
:100DB000023F9942A3EB0102A1EB030392B288BF69
:100DC0009AB22346624501D2204694469D4204F1E0
:100DD0000104ECDCE64538BF002070BD00204FF672
:100DE000FF74C8E710B4184C03464FF60B7C002282
:100DF00020680021A3F804C040F2011CC3F862007F
:100E0000A088A3F84C20A3F8660018461A601A615F
:100E1000A3F818C0A3F844209A6483F84E201965FB
:100E200059659965DA65A3F86020C3E90B22C3E927
:100E300002225DF8044BC3E90722C3E90922C3E992
:100E40000D22C3E90F227047EC39010890F84430B5
:100E50005BB303684BB3B0F860C0F0B5B0F85C406A
:100E6000B0F85EE090F84C7090F84D6090F84E50FD
:100E7000A0F86240A0F864E0A0F866C000201A68FC
:100E8000BFF35B8F911C42F0010221F001011A6057
:100E90001F715E719D71D8711C81A3F80AE0A3F8DF
:100EA0000CC0BFF35B8F1960F0BD70472DE9F04FA8
:100EB000002402260546804689464FF0010A08F1C3
:100EC000200B08272DED028B9FB045F8042B3246EE
:100ED0008DF814600CA88DF81540059906F002FDF8
:100EE00003238DF8184032468DF819300DF1420079
:100EF000069906F0F7FC8DF81CA08DF81DA032466F
:100F0000079915A806F0EEFC07238DF8204032461D
:100F10008DF821300DF16600089909F1180606F0E8
:100F2000E1FC04230CA930461A4606F0EFFC3046DB
:100F300006F0FAFE0521484605F030FA8A4A534683
:100F4000284611682246009407F00CF8DFED877AF6
:100F500087490622874B5846C8F84040B0EE678A5A
:100F600088F82D40F0EE678AC8F82010C8E90E44D2
:100F7000C8E90923FFF7AEFE8246CDED097ACDED33
:100F80000A7ACDED0B7A0AAD0024E1B2304606F0C4
:100F9000E1FEB5EEC00AF7EE007AF1EE10FA0FD4DA
:100FA000B4EE670A0134F1EE10FA37FE800A30EE33
:100FB000080A032C05ED010A0BD0B5EC018AE4E721
:100FC0009FED6A0A013430EE080A032C05ED010A90
:100FD000F3D12146304606F0BDFEB5EEC00AF1EE73
:100FE00010FA12D4F7EE007AB4EE670AF1EE10FAB6
:100FF00037FE800A0121484678EE808A05F0CEF956
:10100000013F05D09DED098ABDE79FED580AF1E744
:1010100008F15C0109A808F150030C46B4EE007A0F
:10102000F0EC017AF7EE006A002267EE877AF5EEBF
:10103000C07AE3EC017AF1EE10FA11D4F4EEE67A1C
:101040009FED4D6AB6EE007A4FF6FF72F1EE10FAA0
:1010500006DCA7EE867ABCEEC77A17EE102A92B2AB
:101060009C4221F8022BD9D1BAF1000F31D0F4EE15
:10107000007A68EEA78AF5EEC08AF1EE10FA33D551
:101080000021039109F098FA039906465846FFF7A4
:101090004BFED8F838400546A0423BD00446C8F87D
:1010A0003800C8F840605846FFF73EFEA042D8F826
:1010B0003C5006F1140640D02C46C8F83800C8F859
:1010C0004060002C08BF2C46631E042B98BF88F894
:1010D0004C300123404688F84430FFF7B7FE1FB07C
:1010E000BDEC028BBDE8F08FF7EE007AF4EEE78AF4
:1010F000F1EE10FA02DD4FF6FF71C2E7F6EE007A6C
:101100009FED1D7AE8EE877AFCEEE77A17EE903ACB
:1011100099B2B6E7D8F83C00854202461CD0D8F810
:101120004030F31A132B1AD95846C8F83C50FFF731
:10113000FBFDA04206F11406BED1AC4209D0D8F89E
:101140004010721A132A94BFD8F83C40C8F83C40AB
:10115000B7E72246D8F83C0004461546B1E72C46CE
:1011600014360546E9E700BF4C3A010800000000CC
:10117000503A01088403F00A00FF7F472DE9F04F41
:1011800000250C4602F1180B28222946074604F1D7
:101190005C0604F15008BA46A9462DED028B83B0D7
:1011A000019311F0DDFFB4F84C207A82E26BBA6152
:1011B000E9B2584606F0CEFDB5EEC00AF1EE10FADF
:1011C0005FD4F7EE007AB4EE670AF1EE10FA37FE5C
:1011D000800AD8ED007A9FED7A7A30EE670AE0EE69
:1011E000077AF5EEC07AE8EC017AF1EE10FA42D413
:1011F000B7EE007AF4EEC77AF1EE10FA44DCB6EE00
:10120000007ADFED706AA7EEA67AFCEEC77A17EED9
:10121000903A9AB207EE902AB8EE677AC7EE267A2D
:10122000F1883280914234BF521A8A1A92B2802ACF
:1012300005F1010506F10206EAEC017A28BF4FF03C
:101240000109032DB4D1B6EE008A2946584687ED30
:10125000038A06F07FFDB5EEC00AF1EE10FA18D44D
:10126000F7EE007AB4EEE70AF1EE10FA40F396805A
:101270004FF6FF710EE00022DFED537A3280F288E4
:10128000D5E79FED510AA4E7F0EE477A4FF6FF72DB
:10129000C6E7002104F12000B982FFF745FDA36BEA
:1012A000984262D0019BA063E06B2364B86101386F
:1012B000042813D9201D4D4606F03AFF637E834271
:1012C00020D0019B6076E36187F81090002D43D118
:1012D000384603B0BDEC028BBDE8F08FC0B294F885
:1012E0004C308342E6D00023012584F84C00B874CA
:1012F000201D84F84D30FB747D7406F019FF637E69
:101300008342DED1227E9A42DED0E2690199A1EBCE
:10131000020ABAF10E0FD7D92376002B30D194F8F8
:101320004530002BD0D1012394F84C2084F845306F
:10133000A36C0133A3647B62002A3BD094F84D3048
:1013400040F2011287F8109083F00103BA831F4A1C
:1013500084F84D30FB743A622046FFF777FD38463B
:1013600003B0BDEC028BBDE8F08FE26B90429DD0E4
:10137000236C0199CB1A132B94BF1046E06395E7B9
:1013800094F84530002B9FD0002384F84530A36C9F
:101390007B6201233B770E4B3B6295E7F0EE487A88
:1013A0009FED087AE0EE077AFCEEE77A17EE903AC6
:1013B00099B26FE740F20113BB83044B3B6283E7B2
:1013C0000AD7A33D00FF7F4700000000383A01081C
:1013D000403A0108002ADFEDC07A2DE9F8430746BC
:1013E0001C462DED028BB0EE408A08DD0B4601EB6A
:1013F0008205B3EC017AAB4277EE877AF9D107EE3A
:10140000102AB64D501EDFEDB45AB8EEC77A6FF011
:101410000308DFF824E305F580592E4687EE876A36
:101420004246AF4B08F10408DFEDAE6A9FEDAA7AA1
:1014300001E0F3EC016A002A8C4605DB8242944607
:10144000A8BF844601EB8C0CDCED007A734502F1F9
:10145000010277EEC67AA7EEA67AEAD1A6EC017A67
:101460004E45E7EE075ADBD1DFED9F7A25EEA70A5E
:10147000B5EE400AF1EE10FA00F12981F1EEC07AE2
:101480009FED9A7AD7ED086AF4EEC77AF1EE10FA7A
:1014900007DD9FED977AF4EEC76AF1EE10FA00F3DC
:1014A000CF809FED947ADFED945A27EE877A9FEDF7
:1014B000936AF4EEC67AA6EEA57AF1EE10FA87EDFD
:1014C000087A00F1AE80002140F2F4628C480126D7
:1014D00011F046FE8B484FEA450C8B4907460CF548
:1014E000805CACEB01022B469FED7B7AF3EC017A3A
:1014F000F2EC016A8B4277EEE67AA7EEA77AF5D195
:10150000013640F2BD12191FA7EC017A9642E8D1CC
:101510007E4D4FF07E53DFED707A2A467C4942F8CB
:10152000043B0123F0EC016AB7EE007A9FED796A83
:1015300077EEA67AF4EEC67AF1EE10FA07DD07EE42
:10154000103AB8EEC77A67EE266A86EEA77A81422D
:1015500003F10103A2EC017AE4D1B5EEC08AF1EE09
:1015600010FA63D59FED6C7A6C4A0C2302E00133CC
:101570008B4256D0F2EC017A40F2BD11F4EEC77AFC
:10158000F1EE10FAF3D505EB830209E0D2ED017A12
:10159000B2EC017AF4EEC77AF1EE10FA66D50B469A
:1015A000B3F5DE7F03F10101F0DBDFED4B7A07EEEF
:1015B000103AF7EE006AB8EEC77A77EE277AF4EEC3
:1015C000E67AF1EE10FA2CD9DFED555AB3EE0B6A3C
:1015D00085EEA77AB4EEC67AF1EE10FA21D4DFEDEB
:1015E000517AB4EEE77AF1EE10FA1ADC05EB8303D8
:1015F00084ED007AD3ED007A76EEE77AF5EEC07AE4
:10160000F1EE10FA5DD4F4EE667AF1EE10FA76FEA1
:10161000A77A0A9B0120BDEC028BC3ED007ABDE8DE
:10162000F883BDEC028B0020BDE8F883F7EE007A6A
:10163000B4EEE78AF1EE10FA11DD9FED3B7A93E705
:1016400087EEA67A9FED396AB4EEC67AF1EE10FA0B
:101650007FF727AFFB6A0B9A13447B6221E7DFED2C
:10166000347A9FED2D7AA8EE677A7DE705EB830249
:10167000B0EE005ADFED2F5A52ED016AB0EE666A05
:1016800097EE056A36EE676AB0EEC67AB4EEE57A92
:10169000F1EE10FA89D476EEE77AF6EE006AFEEE05
:1016A000005A27EEA67AC7EE067AF4EEE57AF1EE56
:1016B00010FA09D4F4EE667AF1EE10FA76FEA77A03
:1016C00075E7DFED057AA4E7F0EE657A6FE711F0D4
:1016D000D5FCF0EE407AD3E600000000C0550024AF
:1016E000CC3A0108F1F0F03C0000803AA69B443C63
:1016F000BD3786359A99193E9A99593F0AD7233CA6
:10170000C0E50024C4E50024BC650024C0450024D5
:10171000B4EC00245F708930AE47613EF045002490
:1017200000803B4600007A44CDCCCC3D3333D33FE0
:101730008FC2F53DCCBC8C2BEC3A01080022054948
:10174000054B10B4C0E90022044C054A5DF8044B77
:10175000704700BFC0650024C0E50024C0550024C8
:10176000C045002410B54FF400420446002104484F
:1017700011F0F6FC00232360BFF35B8F636010BDA4
:10178000C0650024036830B492B19C18094DC3F3BE
:101790000C02013351F804CB05EB8202A342C2F8DC
:1017A00000C0F4D10460BFF35B8F446030BC70476D
:1017B0001C46F7E7C0650024531EB3F5805F03D2D3
:1017C000B1FA81F35B0909B90020704770B502F5E1
:1017D00080754668BFF35B8FB5421CD8A6F580764E
:1017E0008C460E4D1946B41A0B19013141F6FF7E95
:1017F000C3F30C038A4205EB83031B684CF8043BDC
:10180000F2DC4368901BBFF35B8F184470458CBFBC
:101810000020012070BD002070BD00BFC065002405
:101820000022002110B478248161C161C462016288
:101830005DF8044B80F83020C0E90022C0E90222A4
:10184000C0E90422C0E90922704700BF002300223A
:101850007831036043608360C360036142618361E8
:10186000C361036280F8302010B47824C0E9091203
:10187000C4625DF8044B7047B5EEC00AF0B5F1EEF6
:1018800010FA15462DED028B83B044D9DFED267A90
:1018900004460E469FED258A80EE270A244F11F05C
:1018A00085FB2046234B3146234EF2EE087AA0EE0C
:1018B000278AF8FE487AFDEEE77A17EE904A83FB16
:1018C00004234FEAE47C1D4ACCEB630C0CEB4C0385
:1018D0000CF1FF3CA4EB8303CDF800C00C33A6FB56
:1018E000036C4FEADC0C0CEB4C0CA3EB8C0357F8AD
:1018F000233011F0F3FC07EE904A9FED117AF8EED9
:10190000E77A38EE678A28EE078A85ED008A03B009
:10191000BDEC028BF0BD00270A4A11F0DFFC2F60FE
:1019200003B0BDEC028BF0BD0000DC4300008A4236
:10193000983A0108ABAAAA2AABAAAAAA603A010857
:101940000000C8425C3A0108D0ED006AD0ED017A8F
:1019500090ED020AF4EEE76A90ED037A90ED046AE6
:10196000F1EE10FA05DDF0EE665AF0EE676AF0EE81
:10197000657AB4EEC67AF1EE10FA33DCB4EEC60A3C
:10198000F1EE10FA05DDF0EE405AB0EE460AB0EE88
:10199000656AB4EEC70AF1EE10FA30DCF4EEC76AFD
:1019A000F1EE10FA05DDF0EE665AF0EE476AB0EEA1
:1019B000657AF4EE406AF1EE10FA36FE800AF4EE33
:1019C000467AF1EE10FA76FE277AF4EE477AF1EED7
:1019D00010FA77FE277AF4EE407AF1EE10FA37FE2D
:1019E000800A7047B4EEC70AF1EE10FA0FDDF0EE90
:1019F000405AB0EE470AB0EE467AB0EE656AF4EEB1
:101A0000C06AF1EE10FA0EDDB0EE667AD7E7F0EEBE
:101A1000475AB0EE467AB0EE656AB4EEC70AF1EE08
:101A200010FABBDDEBE7F0EE475AB0EE407AB0EECD
:101A3000650ABEE7F0B50D461146954A04460020FA
:101A4000166895F830202DED028B206185B0268236
:101A5000360CB0EE608A0C9FA674C4E90000C4E99D
:101A60000200C4E905002AB1AA6ABA1AB2F5966F53
:101A700000F2AE80B5EEC01A00220292F1EE10FA2A
:101A800003921AD4F7EE007AB4EEE71AF1EE10FAE8
:101A900040F38580C822EA6299B96B6A00229F42AE
:101AA000A26180F0888095F83030002B40F0A18052
:101AB000204605B0BDEC028BF0BD3C22EA62002955
:101AC000EBD0B3F5805FE8DB1A4603AB28460197FD
:101AD000009302ABFFF77EFC6B6A9DED020ABB42EE
:101AE00084ED060ADFD8002865D095F83020002A5A
:101AF00040F094809DED035A6B682B60AB686B607F
:101B0000EB68AB602B6985ED040AEB606B69042B15
:101B100000F3B7800133052B6B6100F0B280B5EEA6
:101B2000C08AF1EE10FA00F1A980F7EE007AB4EE67
:101B3000E78AF1EE10FA00F3A8809FED567ADFED08
:101B4000567AE8EE077A3AB195ED067A70EE476A72
:101B5000A6EEA77AB0EE470ADFED507A85ED060AC9
:101B6000B4EEE75AF1EE10FACCBF0123002305DDF5
:101B7000012285ED070AAF6285F8302004F11000DC
:101B800004F10C020821237084ED010A84ED025A4D
:101B9000FFF772FE204605B0BDEC028BF0BDF6EEFD
:101BA000007A9FED3F7AE1EE077AFCEEE77A17EED6
:101BB000902A3C3282E7002295F830302270002BC8
:101BC0004CD100232046A36005B0BDEC028BF0BDD4
:101BD00000226861A8622A606A60AA60EA602A61DD
:101BE000AA61EA612A6207F1780285F830006A6228
:101BF00040E7002095ED070A4FF07A5304F10C02FC
:101C00002070082104F1100084ED010AA360FFF7A1
:101C100033FE204605B0BDEC028BF0BDD5ED077A52
:101C2000DFED206A80EE277AB4EEE67AF1EE10FA64
:101C300007DCDFED1D6AB4EEE67AF1EE10FA7FF50F
:101C400059AF9DED035A9FED197AB4EEC75AF1EEE4
:101C500010FA7FF551AF0023237001E0D5ED077A2C
:101C6000134BB0EE670A04F10C02082104F11000D6
:101C7000A360C4ED017AFFF7FFFD19E7DFED067AF7
:101C800061E72846FFF760FE49E7DFED0A7A5AE789
:101C90005C3A010814AEC7BE6666E63ECDCCCC3ECB
:101CA00000000C439A99F93FB81E053F6666663FEF
:101CB000CDCC4C3E90C2753D0022C0E90022704759
:101CC00010B50C4A88B001230021B2F800C04FF4CF
:101CD000E134039306930491029101A9059393883B
:101CE0000794ADF804C0ADF8063008F0E1F908B08B
:101CF00010BD00BFF439010810B588B00B460A4A80
:101D000020210446684611F0E9FA6846FEF7E8FA31
:101D10000A2302466946204608F034FA10B1636887
:101D20000133636008B010BDEC3A010891ED007A10
:101D3000B5EEC07A30B5F1EE10FA9DB0044640D44D
:101D4000F7EE007AB4EEE77AF1EE10FA40F39980FC
:101D500091ED017A42F21073B5EEC07AF1EE10FA0D
:101D600037D5002091ED027AB5EEC07AF1EE10FA87
:101D70003FD4F7EE007AB4EEE77AF1EE10FA5CDDCC
:101D800091ED037A42F21075B5EEC07AF1EE10FAD9
:101D900037D5002260210292434ACDE9000504A80C
:101DA00011F09CFA04A8FEF79BFA0A23024604A944
:101DB000204608F0E7F910B16368013363601DB095
:101DC00030BD002391ED017AB5EEC07AF1EE10FA44
:101DD000C7D4F7EE007AB4EEE77AF1EE10FA3EDD02
:101DE00091ED027A42F21070B5EEC07AF1EE10FA7F
:101DF000BFD5002591ED037AB5EEC07AF1EE10FA69
:101E0000C7D4F7EE007AB4EEE77AF1EE10FA02DD0D
:101E100042F21072BEE7F6EE007ADFED246A42F27B
:101E20001071E7EE267AFDEEE77A17EE902A8A42E5
:101E3000A8BF0A4622EAE272ACE7F6EE007ADFEDCE
:101E40001B6A42F21072E7EE267AFDEEE77A17EE91
:101E5000905A9542A8BF154625EAE575CAE7F6EE01
:101E6000007ADFED126A42F21072E7EE267AFDEE9A
:101E7000E77A17EE900A9042A8BF104620EAE07079
:101E800070E7F6EE007ADFED096A42F21072E7EED3
:101E9000267AFDEEE77A17EE903A9342A8BF1346F2
:101EA00023EAE3738EE700BFF43A010800401C46C2
:101EB00010B514469AB01A460B46009460210446A9
:101EC000019202A8084A11F009FA02A8FEF708FADE
:101ED0000A23024602A9204608F054F910B16368AB
:101EE000013363601AB010BD043B010891ED017A23
:101EF000B5EEC07A10B5F1EE10FAA4B0044653D492
:101F0000F6EE007ADFED296AE7EE267AFDEEE77A53
:101F100017EE900A9FED266AF6EE006A91ED037ABD
:101F2000FEEE007A27EE067A91ED026AB5EEC07AEF
:101F3000F1EE10FAB5EEC06A66FEA77A77EE877A00
:101F4000F1EE10FAFDEEE77A09D4B7EE007AB4EEBE
:101F5000C76AF1EE10FA1EDD4FF47A7300E0002339
:101F6000CDED027A009004A8039311F8103B114ABA
:101F70000191802111F0B2F904A8FEF7B1F90A230A
:101F8000024604A9204608F0FDF810B16368013349
:101F9000636024B010BD9FED057AE6EE076ABDEEE2
:101FA000E67A17EE103ADBE70020B3E700007A4448
:101FB0000000C842103B01080B4A002300B512681C
:101FC00089B04FEA124C01A9059301930493ADF82F
:101FD00014208DF816C0CDE90233CDE90633FFF7A2
:101FE00085FF09B05DF804FB5C3A0108DFED156A76
:101FF000BEEE007AF6EE007A134A20EE260A302171
:1020000010B5B5EEC00A8CB004466846F1EE10FA81
:1020100067FE877A77EE807AFDEEE77A17EE903AE0
:1020200011F05CF96846FEF75BF90A23024669463F
:10203000204608F0A7F810B16368013363600CB064
:1020400010BD00BF0000C842243B010810B58CB091
:102050000B460A4A30210446684611F03FF96846AB
:10206000FEF73EF90A2302466946204608F08AF840
:1020700010B16368013363600CB010BD343B0108DC
:10208000394A4FF6FF71138CF0B5A0F8703089B063
:10209000B2F8404005468C4218BFA342A0F87240F7
:1020A00003F1FF33B2F860202CBF012400244FF667
:1020B000FD719BB2A0F87420013A8B4288BF44F0B6
:1020C000010492B28A4288BF44F001042CB1032378
:1020D00000248366204609B0F0BD244B2146042726
:1020E0000126D3F8E02042F08072C3F8E020642299
:1020F000D3F8E03003F080730093009B11F030F8C8
:102100004FF480231A4A28462F61AE61C5E90023A7
:102110004FF480532B6301F0FDF810B10223AB663E
:10212000D8E740F2FF724FF00111284601F0FEF9A6
:102130000028F3D10F4B062201A92846019307235B
:102140000597CDE9022340F2FF73CDE906440493DD
:1021500000F0EEFB0028E1D1304608F02FFAAC6623
:1021600085F864603446B5E700E8F11F0044025882
:1021700000600258000084CBF0B5002389B01746F8
:10218000062201910446CDE906330723CDE9022357
:10219000042340F2FF720DEB0301CDE9042300F0AC
:1021A000C7FB00BB08260546204600F08FFE03460D
:1021B00002212046A3B900F0E3FA034620467BB98A
:1021C00000F066FB034620461D4400F0BDFF50B9F9
:1021D000013EE9D104350120ED083D8009B0F0BD94
:1021E000204600F0B1FF002009B0F0BD0000000063
:1021F00010B54FF6FE7C00F1FF3EE6452DED028B5B
:1022000068D801F1FF3EE64564D802F1FF3EE6459D
:1022100060D803F1FF3EE6455CD8049CA34238BF7A
:10222000B4F5803F56D2069CA446059CA44551DDDA
:10223000049CB4EB030C6EEB0E0EBCF1010F7EF1AF
:10224000000447DB07EE902A05EE903A9FED241B31
:10225000B8EEE74B07EE901AB8EEE55B7146B8EEC4
:10226000E76B07EE900A24EE014B6046B8EEE77B81
:10227000DDE9052384EE062B9B1A03EE103AB8EE37
:10228000C33B22EE077B87EE018B38EE458B28EEB1
:10229000038BFEF70BFADDED057A079BB8EEE77BC3
:1022A000FBEE045A41EC160B88EE066B36EE077B0C
:1022B000B7EEC77BB4EEE57A83ED007AF1EE10FA63
:1022C00008DBDFED097AB4EEE77AF1EE10FA01D817
:1022D000012000E00020BDEC028B10BDAFF30080B8
:1022E0000000000000C8A94000000243002391F84C
:1022F000642030B5C0E90033836085B08B6E04463E
:10230000C36012B9204605B030BD0D4600F1080289
:1023100015492846FFF730FF48B195F8643033B1CE
:1023200004F10A0211492846FFF726FF20B90423C9
:102330002046E36005B030BDA96F231DB5F87220BB
:1023400002911E2103930092B5F87030B5F8742005
:10235000019161892089FFF74BFF0028207014BF8D
:1023600000230523E360CDE7000084CB0000B8CF55
:1023700003789A1E012A78D9CA6810B40C890263BE
:1023800084850C78002C5AD0BBEE047AD1ED017A0A
:10239000F4EEC77AF1EE10FA51D49FED477AF4EEDD
:1023A000C77AF1EE10FA4ADC9FED447A0022F4EE8F
:1023B000C77A4262F1EE10FA58DA81694A1C00EBE2
:1023C00081015442C1ED017A02F0030204F00301DD
:1023D00058BF4A4241690329826103DC0131002967
:1023E000416158DD021DDFED367A02EB8104B2EC6B
:1023F000017AA24277EE877AF9D107EE101A9FEDA3
:10240000316AB8EEC77AC7EE876AF4EEC66AC0EDE5
:102410000A6AF1EE10FA41DADFED2B7A0022F4EECF
:10242000E76A0262F1EE10FA29DBC3690133022B7D
:10243000C36101DD012303705DF8044B7047436AFB
:1024400000210133022B4362C0E90711F4DD8A4207
:102450004FF002034FF003015DF8044B08BF052263
:1024600080F8343001700263704770470221012305
:10247000C0ED0A7A0263017080F83430DCE7012B8A
:10248000C261D9D1DFED117AF4EEE76AF1EE10FA0C
:1024900098BF0270D0E7DFED0A7AAEE7036A002248
:1024A0000133022BC0E90723C6DD022101230263A9
:1024B000017080F83430BFE7000002430000C842DA
:1024C000000000000000B4420000A042000096425C
:1024D0000346002290F8340083F83420704700BF90
:1024E00010B564220021044610F03AFE00230022B9
:1024F0000221204684F864302367A4F87430A3676F
:1025000084F87C30C4F88020C4F88420C4F8882083
:10251000C4F88C20C4F8A030C4F8A420A4F8A830D3
:10252000C4F8AC3084F8B030A4F8BC30C4E91A1355
:10253000C4E92433C4E92633C4E92D3310BD00BFF8
:1025400070B590F8BC6084B0DEB190F87C30044681
:10255000023B012B18D9D0F8B4300D46CB1A632BAF
:1025600012D90146C0F8B4506846FFF7BFFE69466D
:1025700004F17C00FFF7FCFE94F87C30023B012B59
:1025800006D9304604B070BD0026304604B070BD98
:10259000D4F8B830002BF4D1C4F8B850F1E700BF3C
:1025A00000234FF0000C70B580F87C300446C0F872
:1025B00080C00D46C0F884C01646C0F888C0C0F878
:1025C0008CC0C0F8A030C0F8A4C0A0F8A830C0F8F3
:1025D000AC3080F8B030C0E92433C0E9263300F0D5
:1025E000C9F880B2E066D8B14FF6FF73984217D0B1
:1025F00041F2030398428CBF82236E232046A367D7
:10260000FFF73EFDA5F16403002284F8BD00C4F885
:10261000B4300123C4F8B82084F8BC302EB970BDA2
:1026200000200623A067A366ECE729462046BDE804
:102630007040FFF785BF00BF90F87C30023B012B54
:1026400015D8D0F8B82040F214530A48891AA0FBD4
:102650000120800A03FB1010B0F5167F07D2064B4D
:10266000A3FB0030C0F3401080F001007047002051
:10267000704700BFFD33A6C91F85EB51704700BFEF
:102680000F4B1B780BB90120704710B504464FF46F
:102690007A700C4AB0FBF3F31068B0FBF3F001F072
:1026A0006BF80F2C00D808B1012010BD0022214684
:1026B0004FF0FF3001F000F8034B00201C6010BD0C
:1026C00004000024440200240800002438B503203C
:1026D000124D00F0DFFF124C02F0F8FA114A1249D5
:1026E0009369C3F30323CB5C03F01F0320FA03F3C6
:1026F0000E202B60926902F00F028A5C02F01F022A
:10270000D3402360FFF7BCFF10B10124204638BD41
:102710000446FFF7B3FF204638BD00BF4402002443
:102720004802002400440258003C0108034A044BBC
:1027300011681B780B441360704700BFC0F500247C
:1027400004000024014B1868704700BFC0F5002446
:1027500038B50446FFF7F6FF0546631C02D0044B6C
:102760001B781C44FFF7EEFF431BA342FAD338BD8E
:1027700004000024014B1868000C70470010005C36
:102780003F4A036893422DE9F04105460E4657D073
:1027900002F58072934253D03A4A2C699768082C0C
:1027A00007F01F070AD0092F4CD840F22121F94029
:1027B000C90747D5DB68DA0748D40424FFF7C2FF0E
:1027C0008046731C2A6827D113681C42FCD06B6DAD
:1027D00043F400736B65D36813F4406F0FD16B7DC6
:1027E0006BB9136818070AD56B6D23F480736B659A
:1027F0006B6DD90403D46B6D43F001036B65224B01
:102800009A422ED0D068082C27D010F4804034D1C2
:102810000C231360BDE8F08113682342D7D1FFF782
:1028200091FFA0EB0800B04201D8002EC9D16B6D1A
:102830000022032043F0040385F850206B65E9E78C
:10284000124AAAE7936813F4404FB6D06B6D01208B
:1028500043F020036B65BDE8F08100201460BDE803
:10286000F081092F02D9064BD868CCE740F221232A
:1028700023FA07F7FB07C5D4F5E70020BDE8F08190
:102880000020024000630258002102400023024061
:102890000368186C704700BF704700BF806B08B5B5
:1028A000FFF7FAFF08BD00BF836B5A6D12F0500F9F
:1028B0005A6D10B51DD1196842F400725A650A6844
:1028C00012F0080FCA681BD012F4406F0DD1CA680D
:1028D00094040AD45A6D22F480725A655A6DD10458
:1028E00003D45A6D42F001025A65184605F094FA75
:1028F00010BDD2060AD4DB6CBDE81040DB6C184773
:102900009007E7D0184605F087FAF1E7184605F07A
:1029100027FB10BD806B08B5436D43F04003436552
:10292000836D43F00403836505F01AFB08BD00BF07
:10293000F0B5002283B0019290F85020012A00F0F7
:102940001C81034601201A6883F8500094686407CC
:1029500000F18A800C68C4F31305002D40F08F80CD
:10296000C4F38464A0404D684FF01F0ED6694FEA4F
:10297000951C30430CF00C0CD06105F01F0002F1E7
:10298000300584400EFA00FE5CF8050020EA0E00D7
:1029900004434CF80540906840076ED4956815F0E4
:1029A000080547D10C68072002F11406B94F4FEA19
:1029B000D45CC4F304540CF0040C00FA04FE8868E0
:1029C00000FA04F45CF8060020EA0E0020434CF8FC
:1029D0000600386800F07040B0F1805F00F0C580FC
:1029E000D068D668C70600F1E880C6F38206486959
:1029F000760000FA06F60F69042F00F0C18002F19C
:102A00006004086854F827C000F0F8400CF0004C4F
:102A100040EA0C00304344F82700487E0E69012844
:102A200054F8260008BF4FF0004520F00040054351
:102A300044F826509068C40714D4CE68086806F09D
:102A40001807954CD2F8C050FC40C0F3130704405F
:102A500025EA07052C43C2F8C040904CA64246D058
:102A6000002816DB002003E05A6D42F020025A6570
:102A7000002283F8502003B0F0BD9068DAE794FAA2
:102A8000A4F5B5FA85F5C4F3846405F01F05A840E4
:102A900069E783498A4200F0B68001F580718A4275
:102AA00000F0B1807F4D804CA968A46801F0E07609
:102AB000E44304F00104002C00F0B4807B4CA042FD
:102AC00000F0FC807A4CA04200F01A81794CA042C0
:102AD000C8D14902C6D474498A42C3D1AA68002029
:102AE00022F0E072324342F48002AA60C0E7002F75
:102AF0006AD090FAA0F4B4FA84F4013404F01F040C
:102B0000092C00F2A48090FAA0F4B4FA84F490FAAC
:102B1000A0F5B5FA85F5013401260135A40605F0C6
:102B20001F0504F0F84406FA05F52C4390FAA0F0CE
:102B3000B0FA80F0304400F01F0000EB40000005C8
:102B40002043C60D02F11405C0F30450072406F01B
:102B5000040604FA00F7745924EA07048F6807FA98
:102B600000F02043705108687AE7D6684869C6F3D8
:102B70008206760000FA06F63DE7022003B0F0BDBB
:102B8000106E0C6800F0F840A506B0EB846F30D0F2
:102B9000506E00F0F840854226D0906E00F0F8406C
:102BA00085422BD0D06E00F0F84085427FF442AFD2
:102BB000D06E20F00040D0663CE77608486906F009
:102BC000080600FA06F616E7800E441C04F01F06FD
:102BD000092E2DD8A406012004F0F844B040044387
:102BE00006EB46000005ABE7506E20F00040506653
:102BF000D3E7106E20F000401066C9E7906E20F019
:102C000000409066CEE7264C2B4D04F58074A968F1
:102C100054F8F86CA468344301F0E076E44304F01F
:102C2000010448E75A6D012042F020025A651FE76F
:102C300006EB4600A50601241E3805F0F84504FA07
:102C400006F60005354340F00070284379E790FA16
:102C5000A0F5B5FA85F590FAA0F4B4FA84F401353C
:102C600001260134AD0604F01F0405F0F84506FA0C
:102C700004F4254390FAA0F4B4FA84F4344404F044
:102C80001F0404EB4404A4F11E00000540F0007092
:102C9000DBE700BF0010005CFFFF0F000000FF47F4
:102CA000002002400063025800600258000084CBFC
:102CB000000052C70000B8CF0023024008023FF5D1
:102CC000D1AE17498A427FF4CDAE164AA968126880
:102CD000154821F0E07192093143A0FB020241F452
:102CE00000019209A96052000192019A002A3FF462
:102CF000B9AE019A013A0192019A002AF9D1B1E6DE
:102D000011F080707FF4AEAE05498A427FF4AAAE1E
:102D1000AA6822F0E072324342F08072AA60A7E60D
:102D20000060025844020024632D3E0503689A683F
:102D300012F0040F9A6870B5044603D1120701D44B
:102D4000002070BDDA68950104D5A08A40F2011216
:102D500090421AD002299A683ED0550708D59A6841
:102D6000900705D498682C4A024042F010029A60FD
:102D7000012919D09A68120702D59A68900732D5AE
:102D8000032914BF04260C260FE01A68500606D447
:102D9000224A01E0013A16D019684906FAD54022C4
:102DA0001A609A68560725D40426FFF7CBFC05461F
:102DB00004E0FFF7C7FC431B052B04D823689B687E
:102DC0003342F6D1BCE7636D012043F01003636525
:102DD000A36D0343A36570BD150702D59A689207DA
:102DE00013D50826E1E798680B4A024042F020021A
:102DF0009A60C5E79A689607D6D499680426064A69
:102E00000A4042F010029A60CFE79968024A0A40ED
:102E100042F020029A60E4E7C0FFFF7F00DC0C0074
:102E200003689A68D20701D5002070479968214A43
:102E3000114270B5044608D0636D012043F01003C1
:102E40006365A36D0343A36570BD99681A4A0A4080
:102E500042F001029A60FFF775FC2368174A0546A5
:102E600093421ED002F5807293421AD0144A92689F
:102E7000114E0AE09A68324042F001029A60FFF770
:102E800061FC401B0228D7D823681A68D2070FD4E8
:102E90009A68D107EED5FFF755FC401B0228F3D9FD
:102EA000CAE7084A9268D006E2D0074A9342DFD1C7
:102EB000002070BD3F000080C0FFFF7F0020024067
:102EC000006302580023024000210240394A03688F
:102ED000934270B5044646D002F58072934242D0C8
:102EE000354A96689D6815F0040542D194F8503033
:102EF000012B3ED00123204684F85030FFF790FF8D
:102F0000002838D1636D06F01F062C4A1A4023684A
:102F100042F4807262652A4A934245D01946626D36
:102F200022F480126265626D12F4805240D0A26D6C
:102F300022F00602A2651C228B421A604FF00002AA
:102F400084F8502020D0092E18D9636D43F48013E3
:102F50006365CB689B0105D5636D23F4405343F44F
:102F60008053636570BD174A96689D6815F0040527
:102F7000BCD0022070BD84F8505070BD40F22122B8
:102F800022FA06F6F507E0D5DA68920105D5626DFA
:102F900022F4405242F48052626599680A4A0A401B
:102FA00042F004029A6070BD0249002EB7D0BAE721
:102FB000A265C0E70020024000630258FEF0FFFF58
:102FC0000021024000230240C0FFFF7F2DE9F041B5
:102FD0003A4D044600680F461646A84219D0384BB1
:102FE000984216D0374DAB688068420716D494F8E3
:102FF0005020012A12D003F01F080122B8F1090F56
:1030000084F850200DD90023012084F85030BDE809
:10301000F0812D4DAB6880684207E8D50220BDE8FD
:10302000F08140F2212323FA08F3DB4313EA02057F
:10303000E9D12046FFF7F4FE002839D1626D234B19
:103040002168134043F480736365B8F1000F02D028
:103050001B4B994203D0636D23F480136365636D4A
:1030600013F4805328D0A36D23F00603A365E06C0E
:103070003346174D3A464031C563164D0564164D2B
:10308000C5641C2541F8405C002584F8505051F877
:103090003C5C45F0100541F83C5C00F07DFE226888
:1030A0000E4B91680B4043F004039360BDE8F08140
:1030B00084F85050BDE8F081A365D8E700200240B5
:1030C000002102400063025800230240FEF0FFFF8F
:1030D000A92800089D28000815290008C0FFFF7FC7
:1030E00038B503689A68910702D59B68002038BDFF
:1030F0009A68D20723D59A68044602F00D02012A85
:1031000008D0636D012043F010036365A36D034392
:10311000A36538BD986803210A4A024042F00202C2
:103120009A601960FFF70EFB054604E0FFF70AFB03
:10313000401B0228E5D823689B68DB07F6D40020F3
:1031400038BD00BFC0FFFF7F90F85030012B1BD06F
:103150000123032110B580F850300446FFF7E6FD47
:1031600018B1002384F8503010BD2046FFF7B8FF97
:103170000028F6D1626D054B134043F001036365EF
:10318000002384F8503010BD02207047FEEEFFFF90
:1031900038B5574A04460368934226D002F5807238
:1031A000934222D0534B9B6813F4403F22D001F04E
:1031B00047FF63680546B3F5003F00F08880B3F52C
:1031C000403F70D0B3F5803F00F08180FFF7D2FA26
:1031D00041F2030398422DD8474B9D425DD92268A6
:1031E000936843F48073936038BD444B9B6813F439
:1031F000403FDCD14FF4002002F0EEFF636805464B
:10320000B3F5101F6DD008D8B3F5E01F55D01AD90B
:10321000B3F5001FDAD14509D8E7B3F5201F4AD02E
:10322000B3F5301FD2D1FFF7A5FA41F2030398425C
:1032300033D92D0A324B9D421DD82268936823F45E
:103240004073936038BDB3F5801F06D00AD9B3F53B
:10325000A01F02D0B3F5C01FB8D19B0C5B00B5FB1B
:10326000F3F5B3E7B3F5002FF7D023F40022B2F55E
:10327000802FF2D0AAE7234B234A2B4493421ED936
:10328000224B234A2B449342226893682BD823F481
:10329000407343F40073936038BD2268936823F44D
:1032A0008073936038BD8508FFF764FA41F2030329
:1032B0009842BFD890E7C50988E7050986E72268E4
:1032C000936823F4407343F48073936038BD1B0C00
:1032D000B5FBF3F5FFF74EFA41F203039842A9D884
:1032E0007AE7850972E743F44073936038BD00BF05
:1032F0000020024000630258002D310100230240EB
:10330000105E5F00EFA1A0FF0F5E5F00DF4341FF93
:103310001FBCBE0030B5002383B00193002800F02D
:10332000D080456D0446002D00F0BA802268936875
:103330009B0003D59168714B0B4093609368DD004F
:1033400015D46F4B90686F491B6801406E489B090C
:1033500041F08051A0FB030391609B090193019B05
:103360002BB1019B013B0193019B002BF9D1936889
:10337000D80024D4636D012543F010036365A36D69
:103380002B43A365936813F0040F636D1DD1D90619
:103390001BD4636D23F4817343F002036365936868
:1033A000DB0728D4594B9A4217D003F580739A4211
:1033B00013D0574B9B68D9071DD4564A15E0936824
:1033C000002513F0040F636DE1D0636D012543F018
:1033D00010032846636503B030BD4C4A4E4B9268DB
:1033E0009B681343D80706D44C4A9368616823F45A
:1033F0007C130B439360FFF7BDF941F20303A1680F
:103400009842237F52D894F815C01A04206B42EAE0
:103410004C3202430A43012B03D1236A013B42EAA7
:103420004342636A23B103F47873A16A0B431A43DE
:1034300023683B49D86801400A43DA609A6812F071
:10344000040F9A681CD112071AD4D868354A217D16
:10345000024042EA8132E16A0A43DA6094F8382095
:10346000012A3AD01A6922F001021A611A6920462B
:10347000616B22F070420A431A61FFF789FE2368EC
:10348000E268012A21D01A6B22F00F021A63636DE1
:10349000284623F0030343F00103636503B030BD06
:1034A00004F068FCA56584F850503FE71029AAD1C4
:1034B000617D1A0442EA4132216B0A4342F01C0248
:1034C000A9E70125284603B030BD196BA26921F098
:1034D0000F01013A0A431A63D9E7D4E910211869A8
:1034E0000A43114901400A43A16C0A43E16B42EAD5
:1034F000014242F001021A61B8E700BFC0FFFF5F5E
:1035000044020024C0FFFF6F632D3E0500200240EF
:10351000006002580063025800210240002302406C
:1035200003C0F0FFFCBFFFFF1EF800FCF0B5002356
:1035300083B0019390F85030012B40D00123044612
:103540000E46154680F85030FFF7CAFDE8B9676DA2
:1035500005F080421B4B06F480311B4D3B401B4F56
:1035600043F00203636523689E68354015430D43AD
:1035700045F000459D609A68002A0FDB636D23F0DB
:10358000030343F00103636503E0636D43F010033D
:103590006365002384F8503003B0F0BD019A013216
:1035A0000192019ABA42E6D9636D0022012023F00C
:1035B000120384F8502043F010036365ECE7022007
:1035C00003B0F0BDFDEEFFFFC0FFFE3FFF955A5573
:1035D000F0B490F850200E68012A49D00346294AD9
:1035E00001201C6883F85000944208D05A6D0021D5
:1035F00042F0200283F850105A65F0BC7047224D0B
:10360000AA6852070AD5A2685A6D012042F020022A
:103610005A65002283F85020F0BC7047A06810F073
:103620000400F1D1C6B1DFF868C04F68DCF80820AB
:1036300022F440423A43CCF80820A468AA68224306
:10364000D40713D48A68DCF8081016430F4A0A40DE
:103650001643CCF80860DCE70D498A6822F4404242
:103660008A60A068AA680243D00704D50020D0E78A
:103670000220F0BC70478C683046044A22408A60C1
:10368000C7E700BF0020024000210240E0F0FFFF3A
:103690000023024006494FF6FF0C0002054BCA68A2
:1036A00000F4E06002EA0C0210430343CB60704771
:1036B00000ED00E00000FA051B4BDB68C3F30223BA
:1036C00000B5C3F1070E03F1040CBEF1040F28BFCF
:1036D0004FF0040EBCF1060F1AD9033B4FF0FF3C2C
:1036E0000CFA03FC22EA0C024FF0FF3C00280CFA13
:1036F0000EFC21EA0C0101FA03F141EA02010ADBA6
:1037000009010A4BC9B2034483F800135DF804FBB6
:1037100000221346E8E700F00F000901044BC9B28C
:10372000034419765DF804FB00ED00E000E100E0E1
:10373000FCEC00E0002807DB00F01F01012340093A
:10374000024A8B4042F82030704700BF00E100E0A1
:1037500000280DDB4309012200F01F00054920333A
:1037600002FA00F041F82300BFF34F8FBFF36F8FD1
:10377000704700BF00E100E0431EB3F1807F0CD230
:103780004FF0E022002006494FF0F00C5361072370
:1037900081F823C09061136170470120704700BF1A
:1037A00000ED00E0BFF35F8F044B00215A6A22F462
:1037B00080325A62C3F89410704700BF00ED00E0F9
:1037C000064B40F00100C3F894005A6A42F480327C
:1037D0005A62BFF34F8FBFF36F8F704700ED00E069
:1037E000174A4378C2F89830017821B3436800B58E
:1037F000C2F89C30C37A90F80CC01B0690F80FE01A
:1038000043EA0C7390F80AC00B43817B43EACC4334
:1038100090F80DC043EA8C4390F809C043EA414355
:10382000017A43EA0E4343EA0C2343EA4103C2F818
:10383000A0305DF804FBC2F89C10C2F8A0107047DD
:1038400000ED00E0704700BF08B5FFF7FBFF08BDC3
:103850000268344B344930B4344D354CAA4218BF59
:103860009A420CBF012300238A4208BF43F00103A0
:103870003031A24208BF43F0010330348A4208BF0E
:1038800043F001033031A24208BF43F0010330345A
:103890008A4208BF43F0010301F55C71A24208BFF0
:1038A00043F0010304F55C748A4208BF43F001034E
:1038B0003031A24208BF43F0010330348A4208BFCE
:1038C00043F001033031A24208BF43F0010330341A
:1038D0008A4208BF43F001033031A24208BF43F0DF
:1038E00001038A4208BF43F0010313B9114B9A4206
:1038F00013D1D3B21049114C103BA1FB03515F2BE4
:103900000F4BC1F3021103EA0203615C88BF043369
:10391000C1658365184630BC704722F0FF0383659C
:10392000F8E700BF100002404000024028000240BB
:1039300058000240B8040240ABAAAAAA483B0108BA
:1039400000FCFFFF0368294A294930B4294D2A4C5D
:10395000AB4218BF93420CBF012200228B4208BF2A
:1039600042F001022831A34208BF42F0010228348C
:103970008B4208BF42F001022831A34208BF42F047
:1039800001028B4208BF42F0010212B91B4A934266
:1039900013D1DBB21A4C1B4A0121083B1A4DA4FB80
:1039A0000343456602EB1312C3F30413920001FABA
:1039B00003F30266836630BC7047DAB21349144CD5
:1039C0001944103AA829A4FB02234FEA131300D884
:1039D0000833104A03F01F0501210F4C1A44A94077
:1039E0004466920081660266E5E700BF085402580B
:1039F000305402581C5402584454025894540258EB
:103A0000CDCCCCCC0096001680580258F0FBFDBF00
:103A1000ABAAAAAA008200108008024070B5044632
:103A2000FEF790FE002C00F0C68023680546954AFC
:103A3000934248D01832934245D0303292498B425B
:103A400018BF934201F130010CBF012200228B42CA
:103A500008BF42F0010218318B4208BF42F0010258
:103A600018318B4208BF42F0010218318B4208BF67
:103A700042F0010201F556718B4208BF42F001028B
:103A800018318B4208BF42F0010218318B4208BF47
:103A900042F0010218318B4208BF42F00102183196
:103AA0008B4208BF42F0010218318B4208BF42F03E
:103AB000010218318B4208BF42F001021AB9734A61
:103AC000934240F0F5800222002184F8352084F8EA
:103AD00034101A6822F001021A6005E0FEF732FE87
:103AE000431B052B40D823681A68D107F6D4D4E9C4
:103AF000022521692A43A0691D680A4361690A43B6
:103B0000E16902430A4362492940256A2A430A437C
:103B1000616A04292FD01A605A6922F00702114302
:103B200059612046FFF794FEE26D3F2302F01F0229
:103B3000934083602046FFF705FFA368802B3CD0AD
:103B40006368A06EDAB2013BD4E91851072B2A60F2
:103B5000486026D90023C4E91B3363670020012392
:103B6000606584F8353070BD202203230120626532
:103B700084F8353070BDD4E90B5129430A431A60EB
:103B80005969A26A21F00701114341F00401002D97
:103B9000C6D000284FD1012A6ED032F00202BFD128
:103BA00051E0501E072810D9626FD4E91B31002064
:103BB00018604A60D2E7012070BD0023A16ED4E9ED
:103BC0001802636003605160C4E72168314B324DD5
:103BD000A94218BF994205F114050CBF0123002327
:103BE000A94208BF43F001031435A94208BF43F0BE
:103BF00001031435A94208BF43F001031435A9425B
:103C000008BF43F001031435A94208BF43F0010384
:103C10003BB9224B994204D0214B224913449B00CB
:103C200003E0214B214913449B0001228240C4E957
:103C30001B316267BBE7B0F5005F0ED0022A05D9E1
:103C4000032A7FF46DAFEA017FF56AAF01234022BA
:103C50001846626584F8353070BD032A3FF660AFC0
:103C600001A050F822F000BF4D3C0008473C00087E
:103C70004D3C0008793C0008B5F1C07F7FF450AF9F
:103C8000E4E700BF1000024040000240B8040240D8
:103C90003F8010FE085402581C5402589454025895
:103CA0003F820010400902403F96001640590258DA
:103CB000324A33483349834218BF934200F1280007
:103CC0000CBF012200228B4208BF42F001022831C2
:103CD000834208BF42F0010228308B4208BF42F005
:103CE00001022831834208BF42F001028B4208BF23
:103CF00042F0010212B9244A934238D10222002133
:103D0000224D84F8341084F835201A681540A268D2
:103D1000402A2AD0802A0CBF4FF480400846266AE9
:103D2000D4E90312D20842EAD102616942EAD1021F
:103D3000A16942EAD102E16942EAD102144942EAA8
:103D4000161219442A4302431248A0FB01012046DF
:103D50001A600B099B00E365FFF77AFDE26D012312
:103D600002F01F0293404360E4E61020D7E74022B0
:103D700003230120626584F8353070BD0854025871
:103D80001C54025830540258945402580F00FEFF3D
:103D9000F8ABFDA7CDCCCCCC002800F0BC8084468D
:103DA00090F83400012800F0B88001202DE9F0419E
:103DB0009CF835408CF83400844208D000224FF43F
:103DC00000638CF83420CCF85430BDE8F081022038
:103DD000DCF800507A4C8CF835000020794ECCF895
:103DE00054007948854218BFA54200F118000CBF65
:103DF00001240024854208BF44F0010418308542A4
:103E000008BF44F001041830854208BF44F00104A3
:103E10001830854208BF44F0010400F55670854211
:103E200008BF44F001041830854208BF44F0010483
:103E30001830854208BF44F001041830854208BF9D
:103E400044F001041830854208BF44F001041830E2
:103E5000854208BF44F001041830854208BF44F091
:103E600001041830854208BF44F00104A0F59560B4
:103E7000B54218BF8542DCF86C600CBF0120002001
:103E800054EA0008286820F001002860DCF864008B
:103E9000DCF86840DCF85870446040D016B1DCE9CA
:103EA0001C044460DCF85C004FF03F0E00F01F0083
:103EB0000EFA00F0B860286820F4802028606B605B
:103EC000DCF80830402B23D0A960EA602B6823F08F
:103ED0001E0343F016032B60DCF840301BB12B6847
:103EE00043F008032B60DCF860301A68D20303D576
:103EF0001A6842F480721A601EB1336843F480730A
:103F000033602B68002043F001032B60BDE8F08193
:103F1000AA60E960DAE7012070470220704716B115
:103F2000DCE91C0444602948DFF8A8E0754518BFA7
:103F300085420EF1140E0CBF01200020754508BF0C
:103F400040F001000EF1140E754508BF40F001006D
:103F50000EF1140E754508BF40F001000EF1140E6D
:103F6000754508BF40F001000EF1140E754508BFFD
:103F700040F0010010B9164885420ED1DCF85C0013
:103F800000F01F0E012000FA0EF078606B60DCF884
:103F90000830402B10D0A960EA602B6823F00E0394
:103FA00043F00A032B60DCF84030002B9BD02B68D9
:103FB00043F004032B6096E7AA60E960EDE700BFD9
:103FC00040000240280002405800024008540258B5
:103FD000945402581C54025800285FD038B590F809
:103FE00035200346022A55D10168444A914248D0FF
:103FF0001832914245D03032414C4248A14218BF5C
:10400000914204F148040CBF01220022814208BF02
:1040100042F001023030A14208BF42F001023034C8
:10402000814208BF42F0010200F55C70A14208BF66
:1040300042F0010204F55C74814208BF42F00102C3
:104040003030A14208BF42F001023034814208BF43
:1040500042F001023030A14208BF42F00102303488
:10406000814208BF42F001023030A14208BF42F055
:104070000102814208BF42F0010212B9224A914274
:104080000ED10422002083F835200B6823F00103B1
:104090000B6038BD802201205A6538BD0120704771
:1040A0000A681C6E22F00E02D86D9D6D0A6000F049
:1040B0001F000A6822F001020A6001222168824082
:1040C00021F4807121606A60DA6ED3E919104860CA
:1040D00032B11168D3E91C0421F48071116044608D
:1040E000002401211A6D83F8344083F835101AB189
:1040F00018469047204638BD104638BD1000024093
:104100004000024070000240B80402402DE9F04334
:1041100000229C4B83B09C4E1D688146019203682F
:104120009A4A846D934218BFB342276808BF01269C
:10413000216818BF002645D018329548834218BF21
:10414000934200F118000CBF01220022834208BFF5
:1041500042F001021830834208BF42F001021830D9
:10416000834208BF42F001021830834208BF42F088
:10417000010200F55670834208BF42F00102183078
:10418000834208BF42F001021830834208BF42F068
:1041900001021830834208BF42F001021830834206
:1041A00008BF42F001021830834208BF42F001020A
:1041B0001830834208BF42F001021AB9754A93428F
:1041C00040F05082D9F85C10082201F01F0C02FA6E
:1041D0000CF2174240F0888127FA0CF2D2070CD576
:1041E0005A69100609D5012202FA0CF2A260D9F828
:1041F000542042F00202C9F854204FF0040E0EFA87
:104200000CF038425BD0002E4FD1634ADFF880813A
:10421000434518BF934208F118080CBF0122002241
:10422000434508BF42F0010208F11808434508BFA2
:1042300042F0010208F11808434508BF42F00102AC
:1042400008F11808434508BF42F0010208F5567806
:10425000434508BF42F0010208F11808434508BF72
:1042600042F0010208F11808434508BF42F001027C
:1042700008F11808434508BF42F0010208F1180888
:10428000434508BF42F0010208F11808434508BF42
:1042900042F0010208F11808434508BF42F001024C
:1042A0001AB93C4A934240F019821A68920706D51F
:1042B000A060D9F8542042F00402C9F8542010221A
:1042C00002FA0CFC1CEA070F6CD0002E45D1324AD2
:1042D0002F4EB34218BF934206F118060CBF0122BD
:1042E0000022B34208BF42F001021836B34208BFB1
:1042F00042F001021836B34208BF42F001021836FC
:10430000B34208BF42F0010206F55676B34208BF39
:1043100042F001021836B34208BF42F001021836DB
:10432000B34208BF42F001021836B34208BF42F060
:1043300001021836B34208BF42F001021836B342F8
:1043400008BF42F001021836B34208BF42F0010232
:104350001AB9104A934240F0C9811A68100721D552
:10436000C4F808C01A68560300F14C811A68D205D7
:1043700003D41A6822F008021A60D9F840308BB1D1
:104380000CE000BF4402002410000240280002405C
:1043900058000240B8040240400002404846984796
:1043A000D9F85C1001F01F0120268E403E4268D0F3
:1043B000D9F80020A54BA64FBA4218BF9A4207F180
:1043C00018070CBF01230023BA4208BF43F00103C2
:1043D0001837BA4208BF43F001031837BA4208BF82
:1043E00043F001031837BA4208BF43F001031837FE
:1043F000BA4208BF43F001031837BA4208BF43F07E
:10440000010307F55677BA4208BF43F00103183796
:10441000BA4208BF43F001031837BA4208BF43F05D
:1044200001031837BA4208BF43F001031837BA42F4
:1044300008BF43F001031837BA4208BF43F0010335
:104440001837BA4208BF43F001031BB9814B9A42A7
:1044500040F062811368DB0613D5A66099F8353009
:10446000042B136800F0AE8013F4802F136800F063
:10447000D3801C0340F1DE80D9F83C300BB14846B4
:104480009847D9F85430002B00F0B980D9F854304F
:10449000D8071FD5D9F80020042189F835101368F2
:1044A00023F0010313606C4BA3FB0535AD0A02E05A
:1044B0001368D90704D5019B0133AB420193F7D9A7
:1044C000002389F834301368DB074CBF0323012332
:1044D00089F83530D9F84C30002B00F090804846F0
:1044E00003B0BDE8F0431847186840070AD51868BC
:1044F00020F004001860A260D9F8542042F00102B4
:10450000C9F8542027FA0CF2D2077FF576AE534A49
:104510005348834218BF934200F130000CBF012280
:104520000022834208BF42F001021830834208BFD4
:1045300042F001021830834208BF42F001021830F5
:10454000834208BF42F0010200F55670834208BF63
:1045500042F001021830834208BF42F001021830D5
:10456000834208BF42F001021830834208BF42F084
:1045700001021830834208BF42F001021830834222
:1045800008BF42F001021830834208BF42F0010226
:104590001830834208BF42F00102002A7FF420AEA7
:1045A000002E7FF41DAE1A68042202FA0CF23A4281
:1045B00040F09480102202FA0CFC17EA0C0F3FF432
:1045C000F1AE84E623F016031360536923F08003F1
:1045D0005361D9F840309BB3136823F0080313608C
:1045E0003F230025012203FA01F1D9F85030A160E0
:1045F00089F8345089F83520002B7FF470AF03B070
:10460000BDE8F0831B6818037FF5B7AED9F84830D2
:10461000002B7FF4C3AEC5E613F480737FF42CAF98
:10462000116821F010011160012289F8343089F8F5
:10463000352021E7D9F84430002B7FF420AF20E764
:10464000D9F84830002BC7D1CAE700BF100002409C
:1046500028000240B8040240B5814E1B58000240B9
:10466000400002404E4A4F4DAB4218BF934205F105
:1046700014050CBF01220022AB4208BF42F0010228
:104680001435AB4208BF42F001021435AB4208BFFB
:1046900042F001021435AB4208BF42F0010214356A
:1046A000AB4208BF42F0010212B93F4A9342A6D181
:1046B000D9F85C5004261A6805F01F05AE400E427A
:1046C00019D0570717D5100466604BD5D1034FD4C6
:1046D000D9F84830002B7FF402AF90E71A68102217
:1046E00002FA0CFC17EA0C0F3FF45CAE1A68520792
:1046F0007FF558AE34E60226AE400E4211D0970741
:104700000FD56660140439D5D00343D4D9F84430AA
:10471000002B7FF4E4AE72E713689F077FF5B1AE1C
:104720009BE60826AE400E423FF469AF11077FF5C5
:1047300066AF1A68002122F00E021A600123D9F830
:104740004C2003FA05F56560C9F8543089F8341037
:1047500089F83530002A3FF452AF484603B0BDE82F
:10476000F0431047920603D41A6822F004021A603C
:10477000D9F84030002B7FF4B2AE40E712F02002AF
:1047800008D11968012421F00A01196089F8342040
:1047900089F83540D9F83C30002B7FF4A0AE2EE7E5
:1047A000085402581C54025894540258406D7047E3
:1047B000002800F0DE81F8B503680446D80730D53C
:1047C0009F490A69896A02F03802102A00F00081C4
:1047D000182A00F0F8806368B3F5803F00F020816C
:1047E000002B00F05E81B3F5A02F954B1A6800F006
:1047F0002F8222F480321A601A6822F480221A6012
:10480000FDF7A0FF8E4E41F28837054605E0FDF723
:1048100099FF401BB84200F2428133689A03F6D5F3
:1048200023689D0700F18580D9062FD5844A136936
:10483000926A03F03803082B00F0DA80182B00F09E
:10484000D280E3697E4D002B00F065812B6843F038
:1048500080032B60FDF776FF064605E0FDF772FF4B
:10486000801B022800F21B812B68DB05F6D5FDF7C3
:1048700081FF41F20303984200F20B826B68226AC7
:1048800023F0F84343EA82636B6023681D0716D563
:1048900063696B4D002B00F01C816B6F43F00103CB
:1048A0006B67FDF74FFF064605E0FDF74BFF801BEA
:1048B000022800F2F4806B6F9807F6D523689A06F9
:1048C00016D5A3695E4D002B00F014812B6843F4CC
:1048D00080532B60FDF736FF064605E0FDF732FFFB
:1048E000801B022800F2DB802B689F04F6D523682A
:1048F000590700F19B80636ACBB1514D2A6902F0E0
:104900003802182A6DD0022B2B6823F080732B609D
:1049100000F03981FDF716FF044605E0FDF712FFB0
:10492000001B022800F2BB802B689B01F6D40020FC
:10493000F8BD434A1369926A13F0380329D1404BFA
:10494000E2681B68590701D5002A4AD03C4D2B6804
:1049500023F0190313432B60FDF7F4FE064605E030
:10496000FDF7F0FE801B022800F299802B685B07A0
:10497000F6D5FDF7FFFE41F20303226998426B680A
:1049800000F2F08023F47C3343EA02336B60236847
:104990004AE7182B00F0E280294DE2682B68002AD4
:1049A00000F0CB8023F0190313432B60FDF7CAFE00
:1049B000064604E0FDF7C6FE801B02286FD82B6870
:1049C0005F07F7D5D5E701F0030102297FF403AFB4
:1049D0001B4A126891037FF524AF6268002A7FF4B6
:1049E00020AF0120F8BD02F00302012A7FF429AFB5
:1049F000134B1B68DA0502D5E369802BF1D1FDF773
:104A0000B9FE41F203030E4A9842216A00F2B380D4
:104A1000536823F0F84343EA81635360236835E722
:104A2000074A136843F480331360E9E6054D2B68A9
:104A300043F480732B60FDF785FE064609E000BF56
:104A40000044025800480258FDF77CFE801B642891
:104A500025D82B68DA05F7D5A368012B00F0228151
:104A6000002B00F0FD80052B954B1A6F00F0208184
:104A700022F001021A671A6F22F004021A67FDF78A
:104A800061FE8F4E41F28837054604E0FDF75AFE7D
:104A9000401BB84203D8336F9B07F7D52BE70320A1
:104AA000F8BD874D41F288372B6823F480332B60A3
:104AB0002B6823F480232B60FDF744FE064604E0B8
:104AC000FDF740FE801BB842E9D82B689B03F7D462
:104AD000A6E66B6F23F001036B67FDF733FE064616
:104AE00004E0FDF72FFE801B0228D8D86B6F9907D2
:104AF000F7D4E3E62B6823F480532B60FDF722FE06
:104B0000064604E0FDF71EFE801B0228C7D82B686E
:104B10009804F7D4EBE62B6823F080032B60FDF7B5
:104B200011FE064604E0FDF70DFE801B0228B6D8F4
:104B30002B68DF05F7D42368A8E623F001032B6078
:104B4000FDF700FE064604E0FDF7FCFD801B022891
:104B5000A5D82B685807F7D4236865E690077FF43B
:104B60001BAFECE623F0FE4343EA02636B6023686D
:104B70005AE601207047D36823F07C5343EA01636F
:104B8000D360236882E6FDF7DDFD064604E0FDF70D
:104B9000D9FD801B022882D82B689901F7D4A96A15
:104BA000484BA26A0B404849454E1343E26A43EA28
:104BB0000213AB62D4E90D32013B013A5B021204ED
:104BC0009BB202F4FE021343226B013AC2F30802C5
:104BD0001343E26B013A120602F0FE4213432B63C9
:104BE000EB6A23F00103EB626A6BA36C114041EAAC
:104BF000C3016963EB6A226C23F00C031343EB627D
:104C0000EB6A626C23F002031343EB62EB6A43F43A
:104C10008033EB62EB6A43F40033EB62EB6A43F4FC
:104C20008023EB62EB6A43F00103EB622B6843F0F5
:104C300080732B60FDF786FD044605E0FDF782FDDD
:104C4000001B02283FF62BAF33689A01F6D56EE6BB
:104C500042F480221A601A6842F480321A60CFE56A
:104C6000174D41F288372B6F23F001032B672B6F11
:104C700023F004032B67FDF765FD064605E0FDF70D
:104C800061FD801BB8423FF60AAF2B6F9807F6D440
:104C900031E6EB68226A23F07C5343EA0263EB605F
:104CA0002368F3E5064A136F43F001031367E6E652
:104CB00042F004021A671A6F42F001021A67DEE638
:104CC000004402580CFCFFFF0700FFFF474A13692E
:104CD00003F03803102B04D0182B0DD01BB144481F
:104CE000704744487047136899064AD5136842488C
:104CF000C3F3C103D8407047936A30B4946AD56A4D
:104D000014F47C7F516BC4F3051038D0C1F3CC018F
:104D100005F0010503F0030305FB01F1012B07EE8C
:104D2000901AB8EEE77A02D0022B2CD093B307EE9C
:104D3000900A9FED325AF8EEE77A136BC5EE276AB8
:104D4000DFED2F5AC3F3080307EE903AB7EE006A7F
:104D5000F8EEE77AE7EE257A77EE867A66EEA76ACE
:104D6000224B1B6BC3F34623013307EE903AB8EE98
:104D7000E77AC6EE877AFCEEE77A17EE900A30BC47
:104D800070471D48704707EE900A9FED1E5AF8EED7
:104D9000E77AD2E713689B0620D5146807EE900ADD
:104DA0001549F7EE005A136BC4F3C104F8EEE77A25
:104DB0009FED135AC3F30803E14006EE903A06EE66
:104DC000101AF8EEE66AB8EEC66AE7EE056A86EEF5
:104DD000277A76EEA56A66EE876AC1E707EE900A43
:104DE0009FED095AF8EEE77AA7E700BF00440258A2
:104DF00000093D000024F4000090D0030024744A10
:104E0000000000390024744B0024744C002800F08A
:104E10000281874A136803F00F038B422DE9F041AA
:104E200004460D460CD2136823F00F030B431360A6
:104E3000136803F00F038B4202D00120BDE8F0811C
:104E400023685F070BD57B4920698A6902F07002ED
:104E5000904204D98A6922F0700202438A611E07D7
:104E60000BD574496069CA6902F07002904204D996
:104E7000CA6922F070020243CA61D8060BD56D4997
:104E8000A069CA6902F4E062904204D9CA6922F4B6
:104E9000E0620243CA6199060BD56649E0690A6A75
:104EA00002F07002904204D90A6A22F070020243B2
:104EB0000A629A0740F1A1805E48E168826902F0C7
:104EC0000F02914204D9826922F00F020A438261E3
:104ED000D80730D5574AA168936923F470630B4310
:104EE000936161681368022900F09780032900F03C
:104EF0008E80012900F0978058079ED54D4E41F2D3
:104F00008838336923F007030B433361FDF71AFC3C
:104F1000074605E0FDF716FCC01B404500F2818006
:104F20003369626803F03803B3EBC20FF2D1236830
:104F3000990706D5E1683F48826902F00F028A426C
:104F40005FD83B490A6802F00F02AA420AD90A68F0
:104F500022F00F022A430A600A6802F00F02AA42F6
:104F60007FF46BAF5A070BD5324920698A6902F08A
:104F70007002904204D28A6922F0700202438A6170
:104F80001F070BD52B496069CA6902F07002904275
:104F900004D2CA6922F070020243CA61DE060BD550
:104FA0002449A069CA6902F4E062904204D2CA6945
:104FB00022F4E0620243CA619D060BD51D4AE169F5
:104FC000136A03F07003994204D2136A23F070034A
:104FD0000B431362FFF77AFE164A0346164892699E
:104FE0001649C2F30322825C0E2002F01F02D34056
:104FF000BDE8F0410B60FDF743BBDA073FF56AAF50
:105000009FE7826922F00F021143816199E79F01B6
:105010003FF574AF11E7012070479B033FF56EAF7A
:105020000BE703200AE7DE053FF568AF05E700BFA1
:105030000020005200440258003C010844020024B1
:1050400008B501F095F9064B06499B69064A03F03D
:105050000F03CB5C03F01F03D840106008BD00BFF6
:1050600000440258003C01084802002410B501F039
:105070007FF90949094A8B69094C03F00F03D35C96
:1050800003F01F03D8402060CB69C3F30213D35C45
:1050900003F01F03D84010BD00440258003C010833
:1050A0004802002410B501F063F90949094A8B69E7
:1050B000094C03F00F03D35C03F01F03D8402060BA
:1050C000CB69C3F30223D35C03F01F03D84010BDA8
:1050D00000440258003C010848020024F8B53A4C4C
:1050E000A36A03F00303032B67D0236806460F4629
:1050F00023F080632360FDF725FB054604E0FDF700
:1051000021FB431B022B56D823681A01F7D4A36A4C
:10511000326823F47C3343EA0233A362D6E90232D5
:10512000013B013A5B0212049BB202F4FE021343FC
:105130007268013AC2F3080213433269013A120657
:1051400002F0FE421343A363E36A726923F0C003D3
:105150001343E362E26AB36922F020021A431B4B55
:10516000E262E26A22F01002E262E16BF2690B4055
:1051700043EAC203E363E36A43F01003E362E36AD2
:10518000EFB1012F0CBF43F4801343F40013E3622B
:105190000D4C236843F080632360FDF7D3FA054686
:1051A00004E0FDF7CFFA401B022804D823681B0156
:1051B000F7D50020F8BD0320F8BD0120F8BD43F469
:1051C0000023E362E4E700BF004402580700FFFF4A
:1051D000F8B53A4CA36A03F00303032B67D02368A6
:1051E00006460F4623F080532360FDF7ABFA0546D1
:1051F00004E0FDF7A7FA431B022B56D823689A0058
:10520000F7D4A36A326823F07C7343EA0253A362A3
:10521000D6E90232013B013A5B0212049BB202F46E
:10522000FE0213437268013AC2F308021343326963
:10523000013A120602F0FE4213432364E36A7269E4
:1052400023F440631343E362E26AB36922F4007219
:105250001A431B4BE262E26A22F48072E262616CE2
:10526000F2690B4043EAC2036364E36A43F4807368
:10527000E362E36AEFB1012F0CBF43F4000343F094
:105280008073E3620D4C236843F080532360FDF785
:1052900059FA054604E0FDF755FA401B022804D8E8
:1052A00023689B00F7D50020F8BD0320F8BD01203E
:1052B000F8BD43F48003E362E4E700BF0044025812
:1052C0000700FFFF2DE9F8430368044613F000666A
:1052D00022D0426EB2F5001F00F0CE8411D8002A11
:1052E00000F0F884B2F5801F40F0F1840221043010
:1052F000FFF7F4FE0646002E40F08684626E2368B7
:1053000003E0B2F5401F40F0E284A8480026016D9A
:1053100021F440110A430265DD050AD5626D042AB5
:1053200006D8DFE812F0A20493049A04DF02DF0239
:105330000126354698051BD5A26D802A00F05B84B6
:1053400000F2EC80002A00F08B83402A40F0ED80D0
:105350000021201DFFF7C2FE23680546002D40F006
:1053600067839249A06D0A6D22F4E07202430A65D8
:1053700059051FD5D4F8A420B2F5800F00F047845A
:1053800000F2D680002A00F07183B2F5001F40F0D1
:10539000D7800021201DFFF7A1FE23680546002DC0
:1053A00040F044838149D4F8A4008A6D22F460025D
:1053B00002438A651A051FD5D4F8A820B2F1007FF0
:1053C00000F02E8400F2BF80002A00F05583B2F175
:1053D000807F40F0C0800021201DFFF77FFE236802
:1053E0000546002D40F02A837049D4F8A8008A6D44
:1053F00022F0E06202438A659F0118D5A26C202A40
:1054000000F0DA8300F2AA803AB1102A40F0A980B5
:105410006649CA6A42F40032CA62002D40F05983DC
:105420006249A06CCA6C22F030020243CA64D804FC
:105430001DD5E26DB2F5005F00F0FB8300F29480B1
:10544000002A00F01F83B2F5805F40F095800021B4
:10545000201DFFF743FE23680546002D40F0EC8237
:105460005249E06D0A6D22F4E04202430A65990454
:105470001AD5226EB2F5003F00F074837FD84AB18E
:10548000B2F5803F40F083800121201DFFF726FE0A
:1054900023680546002D40F01E834449206E0A6DA6
:1054A00022F4E02202430A655A041BD5D4F8AC204A
:1054B000B2F1005F00F060836CD842B1B2F1805F5E
:1054C00070D10121201DFFF709FE23680546002D3C
:1054D00040F003833549D4F8AC008A6D22F0E042F5
:1054E00002438A651F040DD5E26EB2F1805F00F0C1
:1054F0003183B2F1005F00F00182002A00F00482E3
:1055000001263546D8015DD5626C032A00F20A8473
:10551000DFE812F0540017034E005400C02A3FF495
:105520001DAFB2F5807F3FF419AF012635461FE766
:10553000B2F5C00F3FF433AFB2F5000F3FF42FAF19
:105540000126354636E7B2F1407F3FF44AAFB2F16B
:10555000806F3FF446AF012635464DE7302A3FF4D1
:105560005CAF0126354662E7B2F5405F3FF475AFA8
:10557000B2F5804F3FF471AF0126354677E722F44C
:105580008031B1F5802F85D0B2F5403F82D0012621
:10559000354689E722F08051B1F1804F97D0B2F1C2
:1055A000405F94D0012635469CE700BF0044025876
:1055B0000221201DFFF792FD23680546002D00F013
:1055C0006B822E46590200F1F081DF072FD5A26FC2
:1055D000282A2AD8DFE812F0D3012900290029005F
:1055E00029002900290029006D032900290029002C
:1055F0002900290029002900CC01290029002900BF
:105600002900290029002900D301290029002900A7
:105610002900290029002900D30129002900290097
:105620002900290029002900D301012635469807C1
:1056300016D5626F052A00F27883DFE812F00D00BC
:10564000300306000D000D000D00012104F12400BF
:10565000FFF7BEFD23680546002D00F025822E468B
:10566000590717D5D4F89020052A00F26183DFE8A6
:1056700012F00D000C0306000D000D000D000121BD
:1056800004F12400FFF7A4FD23680546002D00F077
:1056900013822E469A061DD5D4F88C20B2F1005FF5
:1056A00000F0458200F2DC804AB1B2F1805F40F048
:1056B000E1800021201DFFF711FD23680546002D24
:1056C00040F00582A949D4F88C004A6D22F0E042EE
:1056D00002434A655F061DD5D4F89820B2F5006FE5
:1056E00000F0548200F2C9804AB1B2F5806F40F0F8
:1056F000CE800021201DFFF7F1FC23680546002D18
:1057000040F0C8819949D4F898008A6D22F4E0529B
:1057100002438A6518061DD5D4F89C20B2F5804F47
:1057200000F03F8200F2B6804AB1B2F5005F40F06F
:10573000BB800021201DFFF7D1FC23680546002D0A
:1057400040F0A6818949D4F89C008A6D22F4604219
:1057500002438A6519070BD5D4F88010B1F5805F34
:1057600000F03E828148426D22F440520A43426575
:10577000DA060BD5D4F89410B1F5807F00F02582BD
:105780007A48826D22F440720A4382651F030ED567
:10579000D4F8A010B1F5803F00F0D480B1F5003FFF
:1057A00000F0D780002900F0BA8101263546580361
:1057B0000FD5D4F88420B2F5001F00F0B080B2F508
:1057C000401F00F0B380B2F5801F00F0A0810126D9
:1057D0003546D90309D5E26C002A00F08681B2F57E
:1057E000803F00F02D81012635469A0000F1D280DD
:1057F0009F035CD4301E18BF0120DE0206D55B4932
:10580000256F0A6D22F000422A430A65DD0007D5A4
:105810005649D4F8B4500A6922F480422A430A61F6
:10582000990206D55149A56E0A6D22F080722A436D
:105830000A655A0009D54D4A116921F400411161E8
:105840001169D4F8B85029431161002B06DA474A90
:10585000216DD36C23F040530B43D364BDE8F88330
:1058600022F08051B1F1804F3FF429AFB2F1405F97
:105870003FF425AF012635462CE722F48061B1F5CF
:10588000805F3FF43CAFB2F5406F3FF438AF012684
:1058900035463FE722F40051B1F5004F3FF44FAFDA
:1058A000B2F5C04F3FF44BAF0126354652E7E26FE9
:1058B000B2F5807F00F0228106D922F48071B1F523
:1058C000007F03D0012098E7002AFBD1002DF9D1F9
:1058D000264D301E696D18BF012021F440710A4326
:1058E0006A658AE73546002D40F0A4801F49606D47
:1058F0000A6D22F0070202430A651BE50121201D03
:10590000FFF7ECFB23680546002D40F0DE801749C9
:10591000E06E0A6D22F0405202430A65F2E5012171
:1059200004F12400FFF754FC23680546002D40F0E5
:10593000DA800E49D4F884004A6D22F44012024302
:105940004A6546E7022104F12400FFF741FC236881
:105950000546002D40F0C5800449D4F8A0008A6DAA
:1059600022F4403202438A6521E700BF0044025816
:10597000012104F12400FFF72BFC23680546002DCC
:1059800040F0AD80AF49A06F4A6D22F0380202436B
:105990004A654CE6022104F12400FFF719FC236854
:1059A00000283FF425AF012622E7A74F3B6843F4C8
:1059B00080733B60FCF7C6FE804606E0FCF7C2FE43
:1059C000A0EB0800642800F27E813B68DA05F5D57B
:1059D000002D40F0A4819B4AD4F8B030116F59409B
:1059E00011F4407F0BD0116F106F21F4407140F41F
:1059F00080301067106F20F4803010671167B3F5A6
:105A0000807F00F06E8103F44072B2F5407F00F0B9
:105A10007C818C490A6922F47C520A61894AC3F369
:105A20000B03116F0B4313672368CEE52E46C1E4C9
:105A30002E469DE42E467DE42E4618E52E46DBE4F8
:105A40000221201DFFF74AFB05462368002D53D194
:105A50007C49E06CCA6C22F480320243CA64C4E61A
:105A60007849CA6A42F40032CA6277E47549CA6A60
:105A700042F40032CA6292E47249CA6A42F40032C5
:105A8000CA62AEE46F49CA6A42F40032CA62E4E410
:105A90002E465FE62E463DE66A49606CCA6C22F0EF
:105AA00003020243CA648DE56649606F4A6D22F0C5
:105AB000070202434A65D3E56249D4F890008A6D33
:105AC00022F0070202438A65E4E52E461AE52E46D7
:105AD00000E62E46ABE42E46E6E42E4602E52E46D0
:105AE000A5E52E4663E62E4673E65649CA6A42F499
:105AF0000032CA62002DABD02E4676E65148C16A0C
:105B000041F40031C162002D7FF4DCAEE0E64D4986
:105B1000CA6A42F40032CA62002DE4D109E7201DAE
:105B2000FFF7DCFA05462368002DDAD114E70221DD
:105B300004F12400FFF74CFB05462368002DC6D175
:105B4000C0E54049CA6A42F40032CA62002D7FF4BF
:105B500038ADA1E73B49CA6A42F40032CA62002D5F
:105B6000B3D1D4E6012104F12400FFF731FB05464F
:105B70002368002DAFD190E4012104F12400FFF748
:105B800027FB05462368002DA7D1A3E4022104F1D9
:105B90002400FFF71DFB05462368002D7FF47AAF34
:105BA000B0E5022104F12400FFF712FB054623684B
:105BB000002D7FF46DAFC5E50221201DFFF78EFAA1
:105BC00005462368002D84D12AE4022104F1240033
:105BD000FFF7FEFA236800283FF4D8AD0126D5E58B
:105BE000022104F12400FFF7F3FA236800283FF4B0
:105BF000BFAD0126BCE5002104F12400FFF7E8FA5F
:105C000023680546FFF7AABB2368FFF785BB002181
:105C100004F12400FFF7DCFA23680546FFF7BFBB59
:105C2000002104F12400FFF7D3FA23680546FFF7AB
:105C3000D8BB002104F12400FFF7CAFA2368054607
:105C40000BE400BF00440258004802580021201D08
:105C5000FFF744FA2368054645E6002104F12400D5
:105C6000FFF7B6FA236805463DE633493546CA6A6A
:105C700042F40032CA6236E602212430FFF7A8FA65
:105C80000646002E3FF43AABBEE70121201DFFF788
:105C900025FA05462368002D7FF4FBAC0CE70121B3
:105CA000201DFFF71BFA05462368002D7FF4D7ACB3
:105CB000FAE60121201DFFF711FA05462368002DA1
:105CC0007FF40DAF5EE60326236835467DE40126AA
:105CD000FFF722BB1848C16A41F40031C162FFF7E7
:105CE00014BBFCF72FFDDFF85080074641F28839DE
:105CF00004E0FCF727FDC01B4845E4D8D8F8703015
:105D00009B07F6D5D4F8B0307DE60B480B4A016905
:105D100002EA131221F47C510A4302617EE62368F1
:105D20002E4652E4012635464CE40126354697E4DA
:105D300001263546AEE400BF00440258CFFFFF0005
:105D400008B5FFF77DF9054B054A1B6AC3F302133B
:105D5000D35C03F01F03D84008BD00BF00440258C5
:105D6000003C0108584B70B4996A9D6ADE6A15F4CC
:105D70007C3FC5F30532DC6B5CD0C4F3CC0406F089
:105D8000100601F0030106FB04F4012907EE904A16
:105D9000B8EEE77A03D0022975D000294FD007EE7C
:105DA000902ADFED4A6AF8EEE77A9B6B86EEA76AE7
:105DB0009FED475AC3F3080306EE903AF7EE005AF8
:105DC000F8EEE66AE7EE056A76EEA56A66EE266A02
:105DD0003D4AB7EE006A936BC3F3462307EE103AD1
:105DE000B8EEC77A70BC37EE067AC6EE877AFCEE5C
:105DF000E77AC0ED007A936BC3F3064307EE103ADF
:105E0000B8EEC77A37EE067AC6EE877AFCEEE77A06
:105E1000C0ED017A936BC3F3066307EE903AF8EE98
:105E2000E77A77EE867A86EEA77ABCEEC77A80EDBF
:105E3000027A704770BCC0E900228260704719681E
:105E4000890627D51C6807EE902A2249F7EE005AEA
:105E50009B6BC4F3C102F8EEE77A9FED1D5AC3F3C2
:105E60000803D14006EE903A06EE101AF8EEE66A04
:105E7000B8EEC66AE7EE056A86EE277A76EEA56A80
:105E800066EE876AA4E707EE902ADFED136AF8EE64
:105E9000E77A8AE707EE902A9FED105A9B6BB7EEE0
:105EA000006AF8EEE77ADFED0A5AC3F30803C5EE9D
:105EB000276A07EE903AF8EEE77AE7EE257A77EE72
:105EC000867A66EEA76A83E7004402580024744A83
:105ED000000000390090D0030024744B0024744C5F
:105EE000584B70B4996A9D6ADE6A15F07C7FC5F3E1
:105EF00005525C6C5CD0C4F3CC0406F4807601F0EF
:105F0000030106FB04F4012907EE904AB8EEE77A94
:105F100003D0022975D000294FD007EE902ADFED7B
:105F20004A6AF8EEE77A1B6C86EEA76A9FED475A3D
:105F3000C3F3080306EE903AF7EE005AF8EEE66A6D
:105F4000E7EE056A76EEA56A66EE266A3D4AB7EE8A
:105F5000006A136CC3F3462307EE103AB8EEC77A13
:105F600070BC37EE067AC6EE877AFCEEE77AC0EDB3
:105F7000007A136CC3F3064307EE103AB8EEC77A03
:105F800037EE067AC6EE877AFCEEE77AC0ED017A44
:105F9000136CC3F3066307EE903AF8EEE77A77EEF8
:105FA000867A86EEA77ABCEEC77A80ED027A7047D1
:105FB00070BCC0E90022826070471968890627D545
:105FC0001C6807EE902A2249F7EE005A1B6CC4F3B6
:105FD000C102F8EEE77A9FED1D5AC3F30803D140E2
:105FE00006EE903A06EE101AF8EEE66AB8EEC66AC9
:105FF000E7EE056A86EE277A76EEA56A66EE876A90
:10600000A4E707EE902ADFED136AF8EEE77A8AE755
:1060100007EE902A9FED105A1B6CB7EE006AF8EE5F
:10602000E77ADFED0A5AC3F30803C5EE276A07EEE5
:10603000903AF8EEE77AE7EE257A77EE867A66EE22
:10604000A76A83E7004402580024744A000000391C
:106050000090D0030024744B0024744C584B70B44F
:10606000996A9D6ADE6A15F47C7FC5F305125C6B44
:106070005CD0C4F3CC0406F0010601F0030106FB7A
:1060800004F4012907EE904AB8EEE77A03D002291A
:1060900075D000294FD007EE902ADFED4A6AF8EE5E
:1060A000E77A1B6B86EEA76A9FED475AC3F3080396
:1060B00006EE903AF7EE005AF8EEE66AE7EE056A69
:1060C00076EEA56A66EE266A3D4AB7EE006A136B65
:1060D000C3F3462307EE103AB8EEC77A70BC37EE2A
:1060E000067AC6EE877AFCEEE77AC0ED007A136B8B
:1060F000C3F3064307EE103AB8EEC77A37EE067AD6
:10610000C6EE877AFCEEE77AC0ED017A136BC3F333
:10611000066307EE903AF8EEE77A77EE867A86EE37
:10612000A77ABCEEC77A80ED027A704770BCC0E9EE
:106130000022826070471968890627D51C6807EE1F
:10614000902A2249F7EE005A1B6BC4F3C102F8EE05
:10615000E77A9FED1D5AC3F30803D14006EE903A4B
:1061600006EE101AF8EEE66AB8EEC66AE7EE056AC1
:1061700086EE277A76EEA56A66EE876AA4E707EED2
:10618000902ADFED136AF8EEE77A8AE707EE902AA5
:106190009FED105A1B6BB7EE006AF8EEE77ADFED61
:1061A0000A5AC3F30803C5EE276A07EE903AF8EEE1
:1061B000E77AE7EE257A77EE867A66EEA76A83E7D6
:1061C000004402580024744A000000390090D003B3
:1061D0000024744B0024744CB0F5807F00B585B06A
:1061E00048D0B0F5007F11D0B0F5806F00F082800C
:1061F000B0F5006F52D0B0F5805F2CD0B0F5002F15
:1062000000F09680002005B05DF804FB534A136D42
:1062100003F4E073802B59D012D9C02B26D0B3F5EC
:10622000807FEFD1D36C13F040535BD0B3F1805F2C
:1062300000F08D80B3F1005F494818BF0020E2E70D
:10624000002B3CD0402BDDD101A8FFF78BFD01983E
:1062500005B05DF804FB414A136D03F4E043B3F568
:10626000005F33D029D9B3F5405F58D13D4805B020
:106270005DF804FB394B1B6D03F00703042BC1D8F9
:1062800001A252F823F000BFBF6200084962000873
:10629000CD6200086D620008DB6200082F4A936D32
:1062A00003F0E063B3F1007F10D01DD9B3F1407F5C
:1062B000DCD0B3F1806FB5D0A4E7002B34D101A8B6
:1062C000FFF7CCFE029805B05DF804FB01A8FFF7CC
:1062D00007FE019805B05DF804FB204BDB6C13F062
:1062E0004053A3D120488EE7002BE8D0B3F1807F44
:1062F000AAD087E7194A936D03F46003B3F5800FC2
:10630000E4D005D8002BDAD0B3F5001F9CD079E794
:10631000B3F5C00FAAD0B3F5000F83D072E7B3F581
:10632000804F3FF47FAF6DE7B3F5805F8CD069E7B6
:106330000A4A936D03F44033B3F5803F09D0B3F5B7
:10634000003F3FF46FAF002B7FF45CAF7CE7074862
:1063500059E701A8FFF7C4FD039854E70044025829
:106360000024F4000080BB000090D00300093D0031
:1063700008B5FEF7ABFC064B06499B69064AC3F31A
:106380000323CB5C03F01F03D840106008BD00BF9F
:1063900000440258003C010844020024084604F06E
:1063A0000DB900BF143001F069BA00BF38B500F173
:1063B000140504462DED028B284601F01BFA2846F1
:1063C00001F014FA2846B0EE408A01F0FDF9D0ED54
:1063D000007AF8EE677A88EE277ABDEC028B84EDBE
:1063E0000E7A38BD38B500F1140504462DED028B48
:1063F000284601F0EDF9284601F0F8F92846B0EEFC
:10640000408A01F0E1F9D0ED007AF8EE677A88EE83
:10641000277ABDEC028B84ED0E7A38BD253001F071
:1064200079BF00BF10B540F203338EB000244FF6A1
:106430000B7240F20341ADF8083009A80123ADF812
:106440001020ADF824202246ADF80C1000940299DB
:1064500007940C94CDE90544CDE90A4401F082FD8E
:1064600004A8012322460399009401F07BFD09A8AA
:1064700001F05EFE10B901200EB010BD04A801F0BD
:1064800057FEA0420CBF022020460EB010BD00BF38
:106490002DE9F04103239AB0012700240646CDE9F7
:1064A00014373B4BCDE9104340F20453CDE9164776
:1064B000ADF84830FFF7B6FFB842054625D00228B0
:1064C00045D040F60132334B0DF12C081894ADF84D
:1064D0002C200B981997CDF84A3000F0E3F810A95A
:1064E00006F13C0002F060FE302003224FF07E53A4
:1064F00041460D930E93CDE90B02F26B06F11400A9
:1065000001F02AF91AB0BDE8F0811023214A06A94A
:1065100006908DF828300DF12C081F4BCDF84A203D
:1065200007930294CDE91804CDE9080402A802F00B
:1065300071F80823029A03A94046ADF80C508DF873
:106540000E40049505930B9400F0ECF8C7E700208B
:106550000121104B0DF12C083A460094CDF84A3039
:106560004FF60B730C94ADF82C302346CDE918018F
:1065700040F601314046ADF818100699CDE90D44BA
:1065800001F0F0FC2146404601F0DEFDA7E700BF28
:1065900004020404040604030704010B2DE9F04778
:1065A00004462DED028B82B000294DD0012140F22E
:1065B000011200230091ADF804208DF80630364A10
:1065C0000127364B04F10409354904F129086260BA
:1065D00040F20272A36040F60663E16004F1250A0E
:1065E000A4F82520A4F82930278284F8277084F89D
:1065F0002B7004F07FF9054603F0E2FF694606467A
:1066000050BB4DB304F130008DF8067004F0FAF879
:10661000072D3CD104F114052046FFF739FF284629
:1066200001F0E4F82846B0EE408A01F0CDF8D0ED54
:10663000007AF8EE677A88EE277A84ED0E7A02B057
:10664000BDEC028BBDE8F08740F2011300918DF89C
:106650000610ADF80430B2E704F1300004F0D2F8CF
:10666000072D11D04946204602F01EFA0EB9002D22
:10667000D0D1504601F072FD404601F06FFD04F1AB
:10668000120000F079F9C5E7002EF2D1C2E74946C1
:10669000204602F009FABDE70508050905070506C9
:1066A000050A060610B584B003460124ADF80400BF
:1066B00003A8ADF80C30ADF80E4001F04FFD2146B7
:1066C00003A801F027FE204603F078FF002103A86D
:1066D00001F020FE204603F071FF214603A801F0DF
:1066E00019FE04B010BD00BF10B5C2F3002384B082
:1066F0000C46017C8DF80D2043EA4402FA24022363
:106700008DF80C2003AA009402F01AF818B10124A5
:10671000204604B010BD04460A2003F04FFF204677
:1067200004B010BD034670B543F8042B044684B092
:1067300007C983E80700A37983B91A210B461E22F3
:10674000FA2523742046ADF80C20022303AA0095F5
:1067500001F0F6FF28B1012004B070BD1B210B46EB
:10676000EDE70A2003F02AFF4FF4B8520095022308
:10677000ADF80C20204603AA217C01F0E1FF00289F
:10678000E9D10A2003F01AFF41F2027200950223B8
:10679000ADF80C20204603AA217C01F0D1FF00288F
:1067A000D9D10A2003F00AFF042200950223ADF894
:1067B0000C20204603AA217C01F0C2FF0028CAD188
:1067C0000A2003F0FBFE062200950223ADF80C2000
:1067D000204603AA217C01F0B3FF0028BBD10A2088
:1067E00003F0ECFE41F2082200950223ADF80C20E4
:1067F000204603AA217C01F0A3FF0028ABD10A2088
:10680000064603F0DBFE0095022303AA217C204606
:10681000ADF80C6001F094FF00289CD1304603F0E5
:10682000CDFE009522790C232046002A8DF80C30ED
:1068300003AA4FF0020314BF622142218DF80D100C
:10684000217C01F07DFF002885D1304603F0B6FEA3
:106850002279D4E902310B43DBB20AB943F0400399
:1068600062790AB143F020030E22FA258DF80D302B
:106870002046009502238DF80C2003AA217C01F00C
:106880005FFF00287FF467AF0A2003F097FE102215
:1068900000950223ADF80C20204603AA217C01F0CC
:1068A0004FFF00287FF457AF0A2003F087FE122124
:1068B00000950223ADF80C1003AA217C204601F0BC
:1068C0003FFF00287FF447AF0A2003F077FE012244
:1068D00009212046FFF708FF003818BF01203BE7D9
:1068E000F0B5102387B0234C012200250126002794
:1068F00002A920460195CDE902234FF48052CDE94B
:10690000046707F0C9F86420FBF722FF02A94FF4DF
:1069100080522046CDE9046702261027CDE90267A0
:1069200007F0BAF80322102302A92046CDE902237A
:1069300000230422CDE904234FF4805207F0ACF881
:1069400040F23223042202A9019310232046CDE90C
:106950000223019A012305924FF48052049307F019
:106960009BF840F60601204607F0B6F8284607B027
:10697000F0BD00BFCCF500241C4B00221C494FF099
:10698000400C30B5054689B00220596007219A6055
:106990001A620124DA620A224FF4006EDC60069269
:1069A0002022CDE9000104200821CDE902010320C5
:1069B0001021CDE9040108206946C3E904024FF41F
:1069C000C072181DC3E906C24FF48052C3E909E240
:1069D00007F038F838B92846FFF782FF003818BFAB
:1069E000012009B030BD204609B030BDC8F50024F3
:1069F00040410052614A0021D0B513688EB00A911F
:106A0000002B40F0B9805E4B01214FF683700C24BF
:106A100011600221D3F8D4200026032742F48052CB
:106A2000C3F8D420D3F8D42002F480520092009A04
:106A3000D3F8E02042F01002C3F8E020D3F8E020C1
:106A400002F010020192019AD3F8E02042F04002D5
:106A5000C3F8E020D3F8E02002F040020292029A4C
:106A6000D3F8E02042F00802C3F8E020D3F8E02099
:106A700002F008020392039AD3F8E02042F48072F5
:106A8000C3F8E020D3F8E02002F480720492049A64
:106A9000D3F8E02042F08002C3F8E020D3F8E020F1
:106AA00002F080020592059AD3F8E02042F020021D
:106AB000C3F8E020D3F8E02002F020020692069A04
:106AC000D3F8E02042F00402C3F8E020D3F8E0302D
:106AD0000C9403F0040307930323079A0B93CDE967
:106AE000080108A9274804F041F948F237120223A7
:106AF00008A925480C94CDE90823CDE90A6704F0DC
:106B000035F94CF20372022308A920480C94CDE910
:106B10000823CDE90A6704F029F940F2FF62022355
:106B200008A91B480C94CDE90823CDE90A6704F0B5
:106B30001DF94FF60C72022308A916480C94CDE9F2
:106B40000823CDE90A6704F011F94FF63F0202234A
:106B500008A911480C94CDE90823CDE90A6704F08F
:106B600005F92022022308A90A480C94CDE90A67F6
:106B7000CDE9082304F0FAF80EB0D0BDC4F5002426
:106B8000004402580010025800180258000C025825
:106B900000200258001C0258001402582DE9F04F42
:106BA000DFF8108406460D46144608F118002DED56
:106BB000028B89B000AF02F0EFFBD8F8183073B346
:106BC000D8F81C30D8F80490002B43690BBF4FF065
:106BD000080A4FF0100A4FF0020B4FF0040BB9F106
:106BE000000F2AD0A200EA46012B02F1070222F090
:106BF0000702ADEB020D6846ADEB020D694600F0F1
:106C00003F81022B00F0D680002B6FD02246C84770
:106C1000D5462437BD46BDEC028BBDE8F08FD8F8D1
:106C20001C30002BF5D0D8F804904FF0080A4FF034
:106C3000020B4369B9F1000FD4D1FB61D8F80030E1
:106C4000BB61002BE5D0D54802F018FC6B46BBF1C8
:106C5000020F786108EE103AFB6900F083816A4602
:106C60005146A2EBC40295466200EA46B2FBFBF233
:106C7000AAEBC40085460AEB8200EE46F861ADEB54
:106C8000010DF8690EEB820CC7F810C0EC46ADEBB5
:106C9000010D00EB8201CCF80400CCF8081001EBE8
:106CA00082013869E946CCF80C1000EB8201CCF87F
:106CB00000A001EB8202C9E900E0C9E90212012B40
:106CC00000F06483022B00F06C82002B00F08081C6
:106CD000620849466046BB69984718EE103A243767
:106CE0009D46BD46BDEC028BBDE8F08F002C8DD0DB
:106CF0001A46D8ED0C6A9FEDB27A8446331D36F9F8
:106D000022E00CF1080C07EE90EA33F922E002329F
:106D1000F8EEE77A944267EE877A67EEA67A4CED52
:106D2000027A07EE90EAF8EEE77A67EE877A67EE86
:106D3000A67A4CED017AE2D8F9612246C847984E0E
:106D4000D8ED0D6A0020F9692B1D9FED9E7A9FED0D
:106D50009E6ADFED9E5A22E0F4EEC67AF1EE10FA5A
:106D6000C0F2C88447F6FE72D1ED017A45F82020C2
:106D700066EEA77AF4EEC77AF1EE10FA40F2F080F0
:106D8000F4EEC67AF1EE10FAC0F2D58447F6FE7240
:106D900043F820200230083184427FF639AFD1ED2C
:106DA000007A66EEA77AF4EEC77AF1EE10FAD3D83D
:106DB0003246D9E7002C3FF429AFD8ED0C6A84465F
:106DC0009FED787A0022331D8E4656F822100CF182
:106DD000080C07EE901A53F822100232F8EEE77A08
:106DE000944267EE877A67EEA67A4CED027A07EE58
:106DF000901AF8EEE77A67EE877A67EEA67A4CED9E
:106E0000017AE2D871462246C7F81CE0C847664EB0
:106E1000D8ED0D6A0020F9692B1D9FED6A7A9FED70
:106E20006A6ADFF894C120E0F4EEC67AF1EE10FA57
:106E3000C0F279843246D1ED017A45F8202066EE21
:106E4000A77AF4EEC77AF1EE10FA40F28780F4EEFA
:106E5000C67AF1EE10FAC0F25E84324643F8202082
:106E60000230083184427FF6D3AED1ED007A66EE6F
:106E7000A77AF4EEC77AF1EE10FAD5D86246DAE7CF
:106E8000002C3FF4C3AED8ED0C6A86469FED477ADE
:106E90004FF0000C331D56F82C200EF1080E82F432
:106EA0000002A2F5000207EE902A53F82C200CF104
:106EB000020CF8EEE77A82F400026445A2F50002C3
:106EC00067EE877A67EEA67A4EED027A07EE902A91
:106ED000F8EEE77A67EE877A67EEA67A4EED017AEA
:106EE000D9D8F9612246C847314ED8ED0D6A002045
:106EF000F9692B1D9FED337A9FED336ADFF8BCC033
:106F00001FE0F4EEC67AF1EE10FAC0F2FC833246CE
:106F1000D1ED017A45F8202066EEA77AF4EEC77A23
:106F2000F1EE10FA18D9F4EEC67AF1EE10FAC0F2CA
:106F3000DA83324643F820200230083184427FF65B
:106F400067AED1ED007A66EEA77AF4EEC77AF1EE7D
:106F500010FAD6D86246DBE76246EBE762467DE789
:106F6000324615E7A100D6466208073121F0070135
:106F7000ADEB010DEA46ADEB010D6946ADEB0E0D33
:106F80000AEB8200EC46ADEB0E0D01EB8202F861DC
:106F9000E946CCE900A0C9E9001290E61CF60024FD
:106FA0000280FFFF000000300082FF7F00000034FD
:106FB00082FF7F0000F60024007E00807E0080FFBC
:106FC0000000003804FF7FBF04FF7F3F00FEFF4644
:106FD000002C00F0C982BBF1020FD8F8242000F089
:106FE000FA827969C7F8049002EB810E5FED0C5AC2
:106FF0008A00DCF808100EF104007A611A46DCF809
:107000000C303B61331DD7F810903D61FD69C7E935
:1070100002CB8C46834636F92210D8ED0C7A06EE68
:10702000101A33F9221006EE901A3EF92210B8EE2B
:10703000C66A07EE101AF8EEE66A3BF92210B8EEBF
:10704000C77A26EE256A66EEA56A27EE257A26EE31
:10705000276A66EEA76A27EE277A07EE901A51088C
:107060000232F8EEE77A0AEB8100944280ED006A82
:1070700005EB810067EEA57AC0ED006A0CEB81009C
:1070800009EB810180ED007A98ED0C7A67EE877A42
:10709000C1ED007ABFD8D7F804903D69D7E902CB9B
:1070A00060466208BB6949469847D8F82C307A692F
:1070B000D8ED0D6A1A441FED3D7A1FED3D6A2B1D78
:1070C000904602F1040A5FED3F5A0022A84ED9E92A
:1070D00000EC51E0F4EEC67AF1EE10FAC0F2C7828D
:1070E00047F6FE7045F822000CEB0100D0ED007A67
:1070F00066EEA77AF4EEC77AF1EE10FA4BD9F4EE09
:10710000C67AF1EE10FAC0F2BA8247F6FE70BBF111
:10711000020F43F822002BD0D9F808000844D0ED24
:10712000007A66EEA77AF4EEC77AF1EE10FA36D955
:10713000F4EEC67AF1EE10FAC0F2CD8247F6FE7098
:1071400048F82200D9F80C000144D1ED007A66EE2F
:10715000A77AF4EEC77AF1EE10FA1ED9F4EEC67AE9
:10716000F1EE10FAC0F2AF8247F6FE714AF8221033
:10717000023294427FF6B1AD51080EEB81008900D6
:10718000D0ED007A66EEA77AF4EEC77AF1EE10FA47
:10719000A0D83046A6E73046B9E73146E6E73046A4
:1071A000CEE7002C00F0E081BBF1020FD8F82430CC
:1071B00000F0E1817A69DCF8081003EB820EC7F871
:1071C00004909300DFED6B5A0EF1040000227B6106
:1071D000DCF80C303B61331DD7F810903D61FD6940
:1071E000C7E902CB8C46834656F82210D8ED0C7ABC
:1071F00007EE101A53F82210B8EEC76A07EE101AFD
:107200005EF82210F8EEC76A07EE101A26EE256A1D
:107210005BF82210B8EEC77A66EEA56A26EE276AFA
:1072200027EE257A66EEA76A27EE277A07EE901AF0
:1072300051080232F8EEE77A0AEB8100944280EDC1
:10724000006A05EB810067EEA57AC0ED006A0CEBE1
:10725000810009EB810180ED007A98ED0C7A67EEF0
:10726000877AC1ED007ABFD8D7F804903D69D7E995
:1072700002CB60466208BB6949469847D8F82C3073
:107280007A69D8ED0D6A1A449FED3E7A9FED3E6A09
:10729000131D9246DFF8E4C00022FB612B1D364E21
:1072A000D9E9008E4EE0F4EEC67AF1EE10FAC0F2A3
:1072B000FC81304645F822000EEB0100D0ED007A4B
:1072C00066EEA77AF4EEC77AF1EE10FA49D9F4EE39
:1072D000C67AF1EE10FAC0F2EF813046BBF1020F30
:1072E00043F822002AD0D9F808000844D0ED007AEB
:1072F00066EEA77AF4EEC77AF1EE10FA35D9F4EE1D
:10730000C67AF1EE10FAC0F2C98130464AF822007E
:10731000D9F80C000144D1ED007A66EEA77AF4EEBC
:10732000C77AF1EE10FA1ED9F4EEC67AF1EE10FA31
:10733000C0F2AD813146F86940F822100232944221
:107340007FF6CBAC510808EB81008900D0ED007AC4
:1073500066EEA77AF4EEC77AF1EE10FAA3D860468B
:10736000A8E76046BAE76146E5E76046CEE700BFBA
:107370000280FFFF000000300082FF7F007E00805F
:107380000000003404FF7FBF04FF7F3F002C00F0AB
:10739000EB807A690021D8F82430C7F8109003EB0D
:1073A000820ED7F81C909300FD610EF104021FEDD0
:1073B0000C6A7B61331D154656F821204808D8ED2C
:1073C0000C6ABBF1020F82F40002A2F5000207EE84
:1073D000902A53F8212082F40002B8EEE77AA2F551
:1073E000000227EE067A07EE902A0AEB8002F8EEFA
:1073F000E77A27EE267A67EE867A82ED007A09EB45
:1074000080024FEA800067EEA67AC2ED007A27D0AC
:107410005EF8212082F40002A2F5000207EE902A15
:1074200055F8212082F40002B8EEE77AA2F50002B6
:1074300027EE067A07EE902ADCF80820F8EEE77AC5
:10744000024427EE267A67EE867A82ED007A98ED7E
:107450000C7ADCF80C2067EE877A0244C2ED007AE1
:1074600002318C42A8D8D7F8109060466208BB69F8
:107470004946FD699847D8F82C307A69D8ED0D6AED
:107480001A441FED407A1FED406A131D9246DFF843
:10749000C4C20022FB612B1DAB4ED9E9008E4EE029
:1074A000F4EEC67AF1EE10FAC0F2C580304645F827
:1074B00022000EEB0100D0ED007A66EEA77AF4EE22
:1074C000C77AF1EE10FA49D9F4EEC67AF1EE10FA65
:1074D000C0F2BF803046BBF1020F43F822002AD031
:1074E000D9F808000844D0ED007A66EEA77AF4EEE9
:1074F000C77AF1EE10FA35D9F4EEC67AF1EE10FA49
:10750000C0F2AE8030464AF82200D9F80C0001449F
:10751000D1ED007A66EEA77AF4EEC77AF1EE10FAB2
:107520001ED9F4EEC67AF1EE10FAC0F28B80314625
:10753000F86940F82210023294427FF6CEAB51082F
:1075400008EB81008900D0ED007A66EEA77AF4EEB0
:10755000C77AF1EE10FAA3D86046A8E76046BAE70A
:107560006146E5E76046CEE7224649466046BB698C
:107570009847FFF7B2BBC7F810B0002298ED0C6A2D
:10758000331DDFED726AD7F81CB0786956F8221007
:1075900007EE901A53F82210B8EEE77A07EE901A29
:1075A00051080232F8EEE77A27EE267A0AEB810ECE
:1075B00094420BEB810167EEA67A27EE067A67EE1E
:1075C000867A8EED007AC1ED007ADFD88300D7F895
:1075D00010B07B614DE61A46C7F810B098ED0C6A02
:1075E000331DDFED5B6AD7F81CB0786936F92210DD
:1075F00007EE101A33F9221007EE901AB8EEC77A88
:1076000051080232F8EEE77A27EE267A0AEB810E6D
:1076100094420BEB810167EEA67A27EE067A67EEBD
:10762000867A8EED007AC1ED007ADFD88300D7F834
:1076300010B07B6134E5F0EE675AFEEEE45A15EEC9
:10764000900A34E7F0EE675AFEEEE45A15EE901A0F
:107650006EE7F0EE675AFEEEE45A15EE900A3AE74E
:10766000F0EE675AFEEEE45A15EE900A4BE767EE2D
:10767000A57AFDEEE77A17EE900A00B232E567EEE2
:10768000A57AFDEEE77A17EE900A00B23FE5F0EE3C
:10769000675AFEEEE05A15EE901A4CE6F0EE675A85
:1076A000FEEEE05A15EE900A30E6F0EE675AFEEE76
:1076B000E05A15EE900AFDE5F0EE675AFEEEE05A4C
:1076C00015EE900A0AE667EEA57AFDEEE77A17EE68
:1076D000901A09B24AE567EEA57AFDEEE77A17EE51
:1076E000900A00B22CE5F0EE675AFEEEE45A15EE71
:1076F000902A1FE467EEA57AFDEEE77A17EE902A4E
:1077000012B2FFF731BBF0EE675AFEEEE45A15EE07
:10771000902AFFF7FDBBF0EE675AFEEEE05A15EE39
:10772000902AFFF79BBBF0EE675AFEEEE05A15EE8B
:10773000902AFFF780BB67EEA57AFDEEE77A17EE99
:10774000902A12B2FFF724BB82FF7F0000000030B6
:10775000000000387E0080FF30B5184C154685B01B
:10776000046004F1080EEC460FC98EE80F00D4ED5A
:10777000047AF5EEC07A8CE80F00F1EE10FA1ADD0B
:10778000B7EE006A94ED057A27EE277AC6EE276AEF
:1077900084ED0D7AC4ED0C6A6DB1204640F8185F97
:1077A00001F0FAFD064903690020064A2162A2623F
:1077B000E36005B030BD012005B030BD00F6002407
:1077C000002000300000003000680830704700BF23
:1077D000B1F5807F03680A4628BF4FF48072B1F587
:1077E000807F9A6094BF00200120704700681830A5
:1077F00001F032BE70B504688AB0A369E160CBB114
:1078000004F11805284601F0C7FD8446EE46E668F7
:10781000BCE80F00AEE80F00BCE80F00AEE80F00B8
:107820009CE803008EE8030069462846049601F0B0
:10783000BBFCF8B9E069D8B104F11C05284601F099
:10784000ABFD8446EE46E468BCE80F00AEE80F00EE
:10785000BCE80F00AEE80F009CE803008EE80300D0
:1078600069462846049401F09FFC003818BF0120A7
:107870000AB070BD01200AB070BD00BF30B5046809
:1078800083B00D46E3694BB1A3680020E26A616AE8
:107890009B00009004F11C0001F080FDA3680748E4
:1078A000A26A9B00216A009004F1180001F076FDA5
:1078B0000020C4E9005003B030BD00BF9D6B00083C
:1078C00010B4074B4FF07E51302400220320196181
:1078D0009C60D8605DF8044B5961C3E9062270478B
:1078E00000F6002400B583B04FF0000E4FF0030CFB
:1078F0004274ADF80410BDF8043080F810E0A0F830
:1079000002C0038003B05DF804FB00BF2DE9F04F17
:10791000DFF81C8300258DB0C04C037008F14003D4
:107920004260074601920E46202229464046C4F88E
:107930006831C4F86481CDE90255CDE90455CDE93B
:107940000655CDE90855CDE90A550BF009FC202272
:10795000294604F5A170C4F83151C4F83551C4F872
:107960003951C4F83D510BF0FBFB019B84F84852A0
:1079700084F830317A68002A6AD02B4604F5987171
:10798000454606F1100A9E46F01856F803B0E21874
:107990000EF1010ED0F80CC0D0F80490D0F8088099
:1079A00044F803B0C2F80CC04FF0000CC2F80490C9
:1079B000C2F80880008A25F802CB10821AF803204A
:1079C00001F8012F002A70D07A684FF001001233BD
:1079D000724584F84802D7D84FF4802290489DF829
:1079E000043008214FF000084FF00009C4F884313A
:1079F0000023C4E95B020122C4F8743184F88031A9
:107A0000C4E95E2194F84812C4E96489A9B3C4F8B2
:107A10009821002284F8813184F888313B78C4E9C8
:107A20006722002B38D0012200200121013B84F87D
:107A3000A421C4E96C01082B30D8DFE813F0BD00A5
:107A4000C200C700CC00D100D600DB00E100E80096
:107A50009DF804300121C4F87421C4F884314FF436
:107A6000802384F880216E4AC4E95B230823002226
:107A7000C4E95E130023C4E964230123002284F8CF
:107A80008131002384F888310323C4F898313B788E
:107A9000C4E96722002BC6D184F8A4316148FBF702
:107AA00039FC034638B1FFBEFEE77A6812337245EF
:107AB0003FF66AAF90E702A95A480293FBF788FDA8
:107AC0008246002876D1042240F2FF710A90CDE967
:107AD000081294F83021002A00F0F3804FF00608D5
:107AE0000AEBCA034FEACA0904EB43035B7C072B8A
:107AF00007D8DFE803F0595C5653504D4A0407237A
:107B000007930FFA8AF6D14406EBC60604EB49093F
:107B100004EB46077500384600F020FB99F810305A
:107B2000042B00F3AA80022B00F3BD8000F0B98083
:107B300004EB0A03002283F8202114F81630002BEE
:107B400078D0022B00F08A80012B40F0B2807B7845
:107B5000012B00F0B080002B334B18BF002305A988
:107B60003048CDE90538FAF7E3FE002840F0AC8054
:107B70000AF1010A94F830315FFA8AFA534540F26B
:107B8000A0802A4B53F82A80AAE706230793B8E778
:107B900005230793B5E704230793B2E7032307936D
:107BA000AFE702230793ACE700230793A9E701237C
:107BB0000793A6E7FFBEFEE703224023C4E96A233A
:107BC0006CE707226023C4E96A2367E70F2280235A
:107BD000C4E96A2362E71F22A023C4E96A235DE7A0
:107BE0003F22C023C4E96A2358E77F22E023C4E987
:107BF0006A2353E7FF224FF48073C4E96A234DE7F9
:107C000040F2FF124FF49073C4E96A2346E740F252
:107C1000FF324FF4A073C4E96A233FE738F600242B
:107C200000200240A4F700240002B025503B0108C8
:107C3000004000307B78062B37D0072B3DD0022B3D
:107C40004AD0032B4AD0002B4CD0012B48D0042B18
:107C50004AD0052B254B18BF002380E77B78042BE7
:107C600025D0052B2BD08BB3012B31D0022B31D05B
:107C7000032B1F4B18BF002371E70323043504EBCC
:107C80000A0B4FF0000925448BF82031284609F1F2
:107C9000010900F063FA9BF8203104354B45F5DC0F
:107CA0004BE70123EAE70223E8E7124B57E7124BC1
:107CB00055E7002353E7114B51E7114B4FE7114BA9
:107CC0004DE70DB0BDE8F08FFFBEFEE70E4B46E777
:107CD0000E4B44E70E4B42E70E4B40E70E4B3EE7A0
:107CE0000E4B3CE70E4B3AE70E4B38E70000B84F1F
:107CF000002090360800900C1000C0102000F014F6
:107D00008000501D000180210004002A0008302E50
:107D1000001060320040C03A0080F03E0000524740
:107D2000000021430000844B38B5094C40F2FF723B
:107D30004FF0011104F5B6752846FBF7F7FB94F8F0
:107D40003021D4F864112846BDE83840FBF73EB92D
:107D500038F60024064B0F29D3F8643198BF03EBA3
:107D600041031B8800EE103ABBEEC80A704700BF03
:107D700038F60024214B02689A4200D07047204A0E
:107D800000232048D2F8D81030B51F4C41F0200114
:107D900083B0C4F8D001092004F5E875C4E975037F
:107DA0004FF48060C2F8D810D2F8D8204FF40061A8
:107DB000C4E9773094F8480202F02002C4F8E411D4
:107DC0004FF40051984201922846C4F8E811C4E9E2
:107DD0007C33019B14BF00234FF48073C4F8EC3153
:107DE000FBF71CFE08B1FFBEFEE704F5B673C4F84E
:107DF000B851C4F8083203B030BD00BF00200240C3
:107E0000004402584000024038F600240148FCF7C4
:107E10007DB900BF08F8002402682DE9F84F4B4BEC
:107E20009A4201D0BDE8F88F494D95F84832002BB1
:107E3000F8D095F83031002B77D0002405F10C09EB
:107E400005F5A17605F59877A04613E003F001014A
:107E500017F811BCA9F1080000F05CFABBF1010FA2
:107E600025D895F83031013409F112090236A2B251
:107E700093422BD917F8012F002AF4D0D5F864319A
:107E80000021327833F81400D5F8683103EB04137D
:107E900023F81200338801339BB233805FFA83FAF0
:107EA0003A789A42D2D88A46A6F80080D0E7CAF338
:107EB0004001A9F1040000F02DFABBF1020FCAF352
:107EC0008001CED0484600F025FACAE7002395F895
:107ED0004802204909229842C5F8D8314FF4806001
:107EE000C5F8D011C5F8D4214FF400614FF4005209
:107EF000C5F8DC3108BF4FF48073C5F8E821C5E947
:107F0000780100221448C5E97B32C5F8F421FBF75B
:107F100085FD08B1FFBEFEE795F83021D5F8641164
:107F20000E48BDE8F84FFBF751B80A4909224FF453
:107F30008060C5F8D831C5E974124FF400614FF480
:107F40000052C5E97730C5E97912DAE7002002402E
:107F500038F600244000024008F80024A4F700246A
:107F6000704700BF10B592B0ADF804100180C9B2DF
:107F7000149C0B29C460C0E901233FD090F801C0D4
:107F8000BCF10F0F3AD8022A3FD0032A02D0012AAF
:107F900000D000220E92012B02D0022B18BF00232A
:107FA000022C0F932CD0032C2AD0012C28D0002394
:107FB0000A29109327D85C4A02EB812202610A2920
:107FC00014D8DFE801F0A39587796B5D4F41332525
:107FD0000600564BD3F8E01041F48061C3F8E0107E
:107FE000D3F8E03003F480630C930C9B01230DA9BC
:107FF000104603FA0CF30D9302F0B8FE12B010BD58
:108000000A291094D7D90022D8E711220E92C2E78C
:10801000464BD3F8E01041F40071C3F8E010D3F8F8
:10802000E03003F400730B930B9BDFE73F4BD3F877
:10803000E01041F48071C3F8E010D3F8E03003F4AD
:1080400080730A930A9BD1E7384BD3F8E01041F0D4
:108050008001C3F8E010D3F8E03003F08003099307
:10806000099BC3E7314BD3F8E01041F04001C3F85E
:10807000E010D3F8E03003F040030893089BB5E725
:108080002A4BD3F8E01041F02001C3F8E010D3F8F8
:10809000E03003F020030793079BA7E7234BD3F8B7
:1080A000E01041F01001C3F8E010D3F8E03003F025
:1080B00010030693069B99E71C4BD3F8E01041F0A0
:1080C0000801C3F8E010D3F8E03003F0080305938B
:1080D000059B8BE7154BD3F8E01041F00401C3F882
:1080E000E010D3F8E03003F004030493049B7DE731
:1080F0000E4BD3F8E01041F00201C3F8E010D3F8C2
:10810000E03003F002030393039B6FE7074BD3F8C0
:10811000E01041F00101C3F8E010D3F8E03003F0C3
:1081200001030293029B61E70000025800440258D9
:1081300008B5012143780069994089B203F01EF81F
:10814000003818BF012008BD01230A4641780069A4
:1081500003FA01F189B203F017B800BF8378022B4C
:1081600030B504468FB037D0032B33D0012B31D03C
:1081700000230A93E378012B2AD0022B28D0002376
:108180000B93002320460C9302F038FD0546204651
:1081900002F03CFD23780990082B13D8DFE803F0A8
:1081A0001F3245586B7E91A40500594BD3F8E0204F
:1081B00042F48072C3F8E020D3F8E03003F4807317
:1081C0000893089B09A9284602F0D0FD0FB030BDE6
:1081D0000B93D6E70A93CDE711230A93CAE74C4BDA
:1081E00009A92846D3F8E02042F00102C3F8E020B4
:1081F000D3F8E03003F001030093009B02F0B6FDDA
:108200000FB030BD424B09A92846D3F8E02042F018
:108210000202C3F8E020D3F8E03003F00203019338
:10822000019B02F0A3FD0FB030BD394B09A92846D0
:10823000D3F8E02042F00402C3F8E020D3F8E030A5
:1082400003F004030293029B02F090FD0FB030BDD7
:108250002F4B09A92846D3F8E02042F00802C3F8C2
:10826000E020D3F8E03003F008030393039B02F00F
:108270007DFD0FB030BD264B09A92846D3F8E0207C
:1082800042F01002C3F8E020D3F8E03003F010030E
:108290000493049B02F06AFD0FB030BD1C4B09A98A
:1082A0002846D3F8E02042F02002C3F8E020D3F8BB
:1082B000E03003F020030593059B02F057FD0FB05B
:1082C00030BD134B09A92846D3F8E02042F0400204
:1082D000C3F8E020D3F8E03003F040030693069B98
:1082E00002F044FD0FB030BD094B09A92846D3F870
:1082F000E02042F08002C3F8E020D3F8E03003F041
:1083000080030793079B02F031FD0FB030BD00BF23
:108310000044025870B506460D4602F06FFC044654
:10832000304602F073FC2A1E0146204618BF012287
:10833000BDE8704002F028BF0023122270B586B05D
:10834000CDE9022304930368032B01D8042305938A
:10835000061D841D304602F051FC0546304602F0F1
:1083600055FC034601A92846019302F0FFFC204674
:1083700002F044FC034620461C4602F047FC01A9DB
:1083800003462046019302F0F1FC06B070BD00BF29
:10839000634A0368934210B58CB028D0614A934277
:1083A00058D0614A934200F09480604A934201D0D1
:1083B0000CB010BD5E4C5F48D4F8E03043F00203CF
:1083C000C4F8E030D4F8E03003F002030A930A9BCB
:1083D000FFF7B2FFD4F8F43043F08003C4F8F43070
:1083E000D4F8F43003F080030B930B9BE0E7504C80
:1083F0005148D4F8E03043F00203C4F8E030D4F838
:10840000E03003F002030193019BFFF795FFD4F8DE
:10841000E83000221F2043F400131146C4F8E8306E
:10842000D4F8E83003F400130293029BD4F8D83058
:1084300043F00103C4F8D830D4F8D83003F0010376
:108440000393039BFBF738F91F200CB0BDE81040E5
:10845000FBF770B9364C3948D4F8E03043F080036C
:10846000C4F8E030D4F8E03003F080030493049BB8
:10847000D4F8E03043F00203C4F8E030D4F8E03040
:1084800003F002030593059BFFF756FFD4F8E8308D
:108490000022212043F480031146C4F8E830D4F8C8
:1084A000E83003F480030693069BD4F8D83043F0F9
:1084B0000103C4F8D830D4F8D83003F0010307938F
:1084C000079BFBF7F9F821200CB0BDE81040FBF743
:1084D00031B91B48FFF730FF154B00224820D3F875
:1084E000E840114644F40004C3F8E840D3F8E840FB
:1084F00004F400040894089CD3F8D84044F0010424
:10850000C3F8D840D3F8D83003F001030993099B8E
:10851000FBF7D2F848200CB0BDE81040FBF70AB9D1
:108520000054004000580040005C0040001C00580F
:108530000044025810FB002488F8002460F900244D
:1085400038FA00242DE9F0431A4B87B000254FF08C
:1085500010099E46EC46184BFF22E04667461A700B
:108560000EF118060EF13004CDE90055CDE90255A3
:10857000ADF80090BCE80F00CDE90455AEE80F005F
:108580009CE803000095ADF800908EE80300B8E881
:108590000F000FC69CE803000095ADF8009086E838
:1085A00003000FCF0FC49CE8030084E8030007B06A
:1085B000BDE8F0830C00002484F8002410B5EFF32C
:1085C000108472B6084B1A78120602D504B962B646
:1085D00010BD1B78D82205485BB202FB03001430A3
:1085E000FBF794FDF2E700BF84F8002488F800242C
:1085F000014803F061BC00BF14F90024014803F0F6
:108600005BBC00BFECF90024014803F055BC00BF7F
:10861000C4FA00242DE9F0430F68D8243F4D85B0FB
:1086200007FB04F4032F05EB0403036040DCCB6875
:108630000E46012B3CD84DD04FF0D808B646DFF897
:10864000FC9008FB0758BEE80F00C446ACE80F00DA
:10865000DEF800300DF1100ECCF80030D8F808C06C
:1086600099E80F000EE90F000EEB8703BCF1010F34
:1086700053F8103CC8F88C3031D0BCF1020F42D016
:10868000BCF1000F35D0317C8C34D823002201207E
:108690002C4403FB07534900C3E92602C3F8941096
:1086A0002046C3E92822C3E92A2203F0F7F918B1CA
:1086B000012005B0BDE8F0830146204603F008FC28
:1086C0000028F5D10146204603F02CFC003818BFE5
:1086D0000120EEE70B7C103B672BADD9E8E702F0F9
:1086E00007F90F4B98420CBF0E4B0F4BC8F8903058
:1086F000C9E702F0FDF80A4B98420CBF0B4B0C4B3C
:10870000C8F89030BFE702F0F3F8054B98420CBF71
:10871000084B094BC8F89030B5E700BF88F8002433
:10872000000E27072D0FB0303211D0205F4390602C
:108730008A62E030200BA0101A098010FC39010871
:108740002DE9F041D0F8008082B00D4617461E4654
:1087500008F18C04204603F0B7FB2028FAD1D8F8A2
:108760000C3073B96D002046089C33463A46A9B2D6
:10877000009403F0E9F9003818BF012002B0BDE809
:10878000F081089B32463946204603F0B1FAF2E701
:10879000044B10221A7483F8E82083F8C02183F870
:1087A0009822704788F8002430B5002395B04FF424
:1087B0008071062204460B9306921393CDE90C13A5
:1087C000CDE90E33CDE9113302F094F807282BD010
:1087D00004F1100541F2883206A9284604F0B4F9E4
:1087E00028B10123184684F85C3015B030BD022250
:1087F000022306A92846CDE9002310220123CDE952
:10880000022300224FF48003CDE9042305224FF018
:10881000807306926A460F9341F2883304F000FB9E
:108820000028DED115B030BD0323012084F85C3070
:1088300015B030BD0000000070B50023A4B04FF0AB
:1088400080724FF480750446ADF806300D93CDE983
:1088500010320122CDE90E53CDE91223CDE91433B4
:10886000002943D0F02300F1100508AEADF8063022
:10887000C02341F2883231462846089304F064F957
:1088800028B10123184684F85C3024B070BD41F251
:1088900088320DF10601284604F0C0F9034600288D
:1088A000EFD105224FF480711E93284616924FF0A7
:1088B00080721B9321931F9202AA9FED1F7BCDE92B
:1088C0001C13CDE922338DED027B9FED1D7B41F220
:1088D000883316A98DED047B9FED1B7B8DED067B08
:1088E00004F09EFA0028CCD124B070BD00F1100530
:1088F00008AE612341F2883231462846089304F0DD
:1089000023F90028BDD141F288320DF10601284635
:1089100004F002FA0028B4D1BDF80630204623F056
:10892000780343F04003ADF80630FFF73DFF002821
:108930009ED0A6E7AFF30080000000000100000019
:1089400010000000010000000000000000004000D6
:108950002DE9F04F00234FF4807501264FF0807809
:1089600004462DED028BABB08DF8073013932193A5
:10897000299314950E96CDF85C80CDE91533CDE999
:108980001863CDE91A33CDE92253CDE92433CDE97B
:10899000273306231C9301F0ADFF072808D004F10C
:1089A000100741F288321CA9384604F0CDF840B1D6
:1089B0000123184684F85C302BB0BDEC028BBDE877
:1089C000F08F4FF0020A4FF0020B4FF0050941F211
:1089D000883308AA1CA93846CDF89480CDF8709049
:1089E0009FED2D8BCDE908AB4FF0000A4FF4800BC3
:1089F0008DED0A8BCDE90CAB04F012FA0028D7D12B
:108A000041F2883238460EA904F09EF80028CFD1F2
:108A1000402341F288320DF1070138468DF80730C6
:108A200004F0FCF80028C3D141F288330EA902AA51
:108A30003846CDF83890CDF85C809FED197B8DEDF0
:108A4000048BCDE906AB8DED027B04F0E9F903461A
:108A50000028ADD1CDF870904FF00109CDF8948089
:108A60004FF00008219308AA29931CA938462295A3
:108A7000CDE92333CDE9273341F288338DED0A8BDD
:108A8000CDE90CABCDE9088904F0CAF9002893D0F0
:108A9000304684F85C608FE71000000001000000A1
:108AA00040000000400000002DE9F043624CA3B0FC
:108AB0000D46046001F01EFF072800F0A980286819
:108AC00023466968AA6807C31E46AB8926F8043B9B
:108AD0003046257B677B04F019F8E0B9574B012D30
:108AE0004FF00108E061236114BF4FF480134FF48D
:108AF0000003C4E9058893FAA3F3B3FA83F34FF4B0
:108B00008079013BC4F82490C4E90B00304623620D
:108B100003F090FF38B10122134684F85C20184618
:108B200023B0BDE8F08366230B90139041F28832A6
:108B300006A90693CDE90C90CDE90E00CDE9110010
:108B4000304604F001F80028E5D1992341F288323B
:108B500006A93046069303F0F7FF0028DBD1052372
:108B60001C9019906A4614934FF08073219014A9B9
:108B70001D9341F288339FED2A7BCDE91A90CDE910
:108B80001F008DED007B9FED287B30468DED027B35
:108B90009FED277B8DED047B04F042F90028BAD1CC
:108BA00029462046FFF748FE0028B4D12046FFF7AB
:108BB000CFFE03460028AED1002FB0D11893304627
:108BC0000027002606AA14A9CDF86890CDE91F3326
:108BD000EB2314934FF440631B934FF4005317930C
:108BE0004FF440431C93A0231693062319934FF090
:108BF000805321934FF04073CDE906671D9304F035
:108C000087F9034600288AD0434684F85C8086E7CB
:108C100001230322184684F85C2023B0BDE8F083CA
:108C20000000000001000000100000000100000032
:108C30000000000000004000E8FB0024005000524B
:108C40002DE9F04F8FB0414B0024026800AF9A42EB
:108C50007C63C7E90944C7E90B4403D03C37BD46F0
:108C6000BDE8F08F3A4B40F609213A48EB46D3F87D
:108C7000D42007F11C0607F1220A4FF0020942F442
:108C800080424FF00308C3F8D420D3F8D42002F474
:108C90008042BA60BA68D3F8E02042F04002C3F8DC
:108CA000E020D3F8E02002F04002FA60FA68D3F83E
:108CB000E02042F02002C3F8E020D3F8E02002F0E8
:108CC00020023A613A69D3F8E02042F01002C3F87A
:108CD000E020D3F8E02002F010027A617A69D3F83C
:108CE000E02042F00202C3F8E020D3F8E030F8615F
:108CF00003F002033984BB61174B7B60BB697B685F
:108D000053F8040F7B6001F079FF7B680546186813
:108D100001F07CFF16F8013B786207F12401284638
:108D2000C7F830807B63C7E90A9402F01FF8564504
:108D3000E5D100225C201146FAF7BEFC5C20FAF770
:108D4000F9FC3C37DD46BD46BDE8F08F00500052CF
:108D5000004402580A0A090944FC0024114B026825
:108D60009A4200D07047104A70B5D2F8D4300F4CF8
:108D700023F4804304F11806C2F8D43054F8040FE9
:108D800001F03CFF0546206801F040FF01462846FF
:108D900002F02CF9B442F1D15C20BDE87040FAF742
:108DA000D7BC00BF005000520044025844FC0024CD
:108DB000014804F039B900BFF8FB0024084B1A1D24
:108DC000981D03F1080110B49C1C9A6603F10A0275
:108DD000C3E91834C3E91B015DF8044B5A677047B7
:108DE000E8FB002438B5036871B9026A00F1280570
:108DF00000F5AC74012A0CBF002140218BBB1D4B38
:108E00005722C0F858310DE0426A00F1C00500F564
:108E1000E874012A0CBF00214021EBB1164B5A2205
:108E2000C0F8D03100232046C4E901214FF480521C
:108E30004FF48061636262614FF48042C4E90331A0
:108E40004FF48073C4E906234FF400332362FAF72A
:108E5000E5FD58B1FFBEFEE7084B5822C0F8D031FF
:108E6000E0E7074B5922C0F85831DBE7C5E9204459
:108E7000A56338BD10000240700002402800024087
:108E8000580002402DE9F043821D05468BB0031DBA
:108E900005F10A010830CDE9052305F10C02AB69A3
:108EA000CDE907010992002B3DD0EB69B3FA83F8B5
:108EB0004FEA58180123022205AE0AAF4FF0060907
:108EC0000393CDE9012356F8044B2B792278934282
:108ED00016D02B68F3B1012B02D1F2B10A2304930F
:108EE000204601F093FE03462046009301F086FEE3
:108EF000694601F03BFFBE42E5D10BB0BDE8F0830F
:108F0000697963789942E4D1B8F1000FF3D02B6806
:108F1000002BE0D1CDF81090E2E76378022B14BF6C
:108F20000A230823DBE74FF00108C3E7534A03682D
:108F3000934230B505468BB055D02032934252D083
:108F40004F4A934204D02032934201D00BB030BD3F
:108F50004C4C4D48D4F8E03043F00103C4F8E03005
:108F6000D4F8E03003F001030593059BD4F8E0301A
:108F700043F00803C4F8E030D4F8E03003F008030D
:108F80000693069BD4F8E03043F04003C4F8E03089
:108F9000D4F8E03003F040030793079BD4F8F03097
:108FA00043F40003C4F8F030D4F8F03003F40003C5
:108FB0000893089BFFF766FFD4F8D830296843F080
:108FC00001032F4A3048C4F8D830891AD4F8D83071
:108FD00018BF012103F001030993099B0BB0BDE801
:108FE0003040FFF7FFBE274C2848D4F8E03043F06C
:108FF0000103C4F8E030D4F8E03003F0010300933B
:10900000009BD4F8E03043F01003C4F8E030D4F80B
:10901000E03003F010030193019BD4F8E03043F0FB
:109020004003C4F8E030D4F8E03003F0400302938A
:10903000029BD4F8F03043F48003C4F8F030D4F845
:10904000F03003F480030393039BFFF71BFFD4F876
:10905000D830296843F00103084A0C48C4F8D830D6
:10906000891AD4F8D83018BF012103F00103049302
:10907000049B0BB0BDE83040FFF7B4BE045801407C
:10908000045C014000440258BCFE002460FC002443
:109090000148FBF73BB800BFB8FD00240148FBF7CF
:1090A00035B800BF30FE00240148FBF72FB800BFE1
:1090B000140001240148FBF729B800BF8C000124EB
:1090C0001A4A0368934210B40BD02032934208D05E
:1090D000174A934216D02032934213D05DF8044BC6
:1090E0007047144B0022D3F85442C3F85822002C86
:1090F000F4D0D3F84802D3E9931223465DF8044B29
:10910000520818470B4B0022D3F8B044C3F8B424DC
:10911000002CE3D0D3F8AC24D3F8A814D3F8A404DB
:10912000520823465DF8044B184700BF045801401D
:10913000045C014060FC0024184A0368934210B4A8
:109140000BD02032934208D0154A934217D02032D8
:10915000934214D05DF8044B7047124BD3E994242A
:109160005208C3F85822002CF4D0D3E992012346C8
:1091700001EB820100EB82005DF8044B1847094BBC
:10918000D3F8AC24D3F8B0445208C3F8B424002C6C
:10919000E0D0D3F8A814D3F8A404E8E704580140B9
:1091A000045C014060FC00242DE9F04F0C684FF492
:1091B0001776754F87B004FB06F6012C07EB060AFD
:1091C000C0F800A000F3A0800D468E464FF00008C6
:1091D000D44669A3D3E9002369A1D1E90001CDE90F
:1091E000022306ABCAF8508203EB8403CDE90401E5
:1091F00053F810BC53F8083CCAE992880193BEE8C2
:109200000F00ACE80F00BEE80F00ACE80F00019BB8
:109210009EE80300CAF828B0CAF8C0308CE8030002
:109220002B69042B0CD8DFE803F0737D87910300D2
:109230004FF41773554A03FB04739A64C3F8E02094
:10924000AA692B6A002A43D0002B4FF4177308BF7A
:10925000022203FB047318BF0322DA6201221A639D
:10926000EA696B6A002A40D1191E4FF4177318BFC0
:10927000012103FB0473C3E931126B69022B05D88A
:10928000434A12F80380434A52F823904FF417736D
:1092900006F128004246494603FB04740023384483
:1092A00063646363E365C4F8DC30C4F8CC30C4F8AD
:1092B000F430C4E90F33C4E91533C4E93533C4E9E4
:1092C0003B33022304F05CF9002849D0FFBEFEE7DF
:1092D000191E4FF4177318BF012103FB0473C3E970
:1092E0000B12EA696B6A002ABED0002B4FF4177389
:1092F00008BF022203FB047318BF0322C3F8C42073
:109300000122C3F8C820B8E7012007B0BDE8F08FFC
:109310004FF417734FF4FA5203FB04739A64C3F8C3
:10932000E0208DE74FF417734FF47A5203FB047378
:109330009A64C3F8E02083E74FF417734FF4FA42BE
:1093400003FB04739A64C3F8E02079E74FF41773C2
:109350004BF6803203FB04739A64C3F8E0206FE796
:1093600006F1C000022342464946384404F008F999
:109370000028CAD0FFBEFEE704580140045C01404B
:1093800024580140245C014060FC00240077010067
:10939000903B0108943B01080068704770B5046871
:1093A00082B015460E46C4F85032C4E99212069AAD
:1093B000C4F85422A269012A26D0626A012A9AB20C
:1093C00011D0294604F1C000019204F095F9236AF6
:1093D000019A012B10D0294604F1280004F08CF9E1
:1093E000002002B070BD04F1C000019204F016FA32
:1093F000236A019A012BEED1314604F1280004F0D2
:109400000DFA002002B070BD226A012A9AB211D072
:10941000294604F12800019204F06EF9636A019A6A
:10942000012B10D0294604F1C00004F065F900209A
:1094300002B070BD04F12800019204F0EFF9636AF4
:10944000019A012BEED1314604F1C00004F0E6F997
:10945000002002B070BD00BF03681B69042B05D853
:10946000044A02EB830393ED000A70479FED020A62
:10947000704700BFA03B010800803B470368D3F85A
:10948000580270471F4BC1680268F0B5D3F88C5082
:1094900083B00369ADB24D1BA2B1AB4212D00446FA
:1094A000866811D2F018E91ACDE9001000F0BEFF6D
:1094B0000023DDE90010D4E90062B047E3682561CC
:1094C000AB421BD003B0F0BDF018C91ACDE90001C2
:1094D00000F0ACFF0023DDE90001D4E90072B847D9
:1094E0003046294600F0A2FF002330466268294634
:1094F0002668B047E3682561AB42E3D100232361CE
:1095000003B0F0BD000002402DE9F84F04460F46BD
:1095100090461E4600F13405284604F09BFD2028A5
:10952000FAD14FF480630020C4F8D030C4F8483139
:109530004FF44033C4F8CC00C4F8E030C4F85831DC
:109540004E4BC4F8DC00C4F8C03003F57A73C4F89D
:10955000E400C4F838314023C4F8C800C4F84031EE
:10956000E369C4F84401C4F85401C4F85C01C4E9D7
:109570003500C4E95300072B0BD8DFE803F0615333
:109580005A373E454C045123C4F8C4305223C4F822
:109590003C3104F59C794846FAF740FA08B1FFBE21
:1095A000FEE7C4F8A890C4F87051EFF3108972B6C2
:1095B000DFF8D0B094F91C30DFF8CCA08BF8003085
:1095C0000A9B2F4CCAF800300B9B23600EB1184643
:1095D000B0471FFA88F23946284604F025FBB0BB95
:1095E000B9F1000F00D162B6BDE8F88F3F23C4F88F
:1095F000C4304023C4F83C31CBE74123C4F8C43025
:109600004223C4F83C31C4E74723C4F8C43048239C
:10961000C4F83C31BDE74F23C4F8C4305023C4F82C
:109620003C31B6E72B23C4F8C4302C23C4F83C31BA
:10963000AFE72D23C4F8C4302E23C4F83C31A8E78B
:109640002923C4F8C4302A23C4F83C31A1E7FF23FE
:109650008BF800300023CAF8003023600A9B3BB12E
:109660000B98012198470120B9F1000FBCD1BAE74E
:109670000120B9F1000FB7D1B5E700BF8800024063
:10968000501001244C100124481001242DE9F84FFA
:1096900004460F4690461E4600F13405284604F065
:1096A000D9FC2028FAD14FF480630020C4F8D030D0
:1096B000C4F848314FF44033C4F8CC00C4F8E0306B
:1096C000C4F858314E4BC4F8DC00C4F8C03003F580
:1096D0007A73C4F8E400C4F838314023C4F8C800F1
:1096E000C4F84031E369C4F84401C4F85401C4F833
:1096F0005C01C4E93500C4E95300072B0BD8DFE84F
:1097000003F061535A373E454C045123C4F8C4302A
:109710005223C4F83C3104F1C0094846FAF77EF9F7
:1097200008B1FFBEFEE7C4F8AC90C4F8F850EFF300
:10973000108972B6DFF8D0B094F91C30DFF8CCA0F5
:109740008BF800300A9B2F4CCAF800300B9B23602B
:109750000EB11846B0471FFA88F23946284604F081
:10976000B5FAB0BBB9F1000F00D162B6BDE8F88F11
:109770003F23C4F8C4304023C4F83C31CBE7412335
:10978000C4F8C4304223C4F83C31C4E74723C4F8CA
:10979000C4304823C4F83C31BDE74F23C4F8C4307B
:1097A0005023C4F83C31B6E72B23C4F8C4302C2333
:1097B000C4F83C31AFE72D23C4F8C4302E23C4F8DD
:1097C0003C31A8E72923C4F8C4302A23C4F83C312B
:1097D000A1E7FF238BF800300023CAF80030236094
:1097E0000A9B3BB10B98012198470120B9F1000F6A
:1097F000BCD1BAE70120B9F1000FB7D1B5E700BF7E
:1098000088000240501001244C100124481001240B
:109810002DE9F0410D4682B0EFF3108772B60029B2
:1098200048D1FF23254A264C237013682BB1002012
:1098300029461060234A1068984723781B0625D5CF
:10984000DFF888800025204E444605E001351C34B1
:1098500006F5D876092D19D0A369012B1BD0002B52
:10986000F4D1216830460029F0D06369019323695F
:109870000093E3682289FFF709FF0028E6D1C5EBD2
:10988000C50508EB850348F82500586007B962B69E
:1098900002B0BDE8F08161680029D7D06369304625
:1098A000019323690093E3682289FFF72DFE0028C6
:1098B000CCD1E4E705F0CAFEB3E700BF48100124AD
:1098C0004C100124501001241801012454000024DC
:1098D000F0B5002387B0022204460493CDE90223A9
:1098E000027EC3690B2A4FEA430523D1A27E0B2ACD
:1098F00002D1002007B0F0BD48496B1C484851F820
:109900002330457801781878E67E884269D0824213
:1099100077D0D87803F1030C81426ED0824278D0A0
:10992000987903F1060C88426FD0824233D001202F
:1099300007B0F0BD394B3A4853F8253001784678E6
:10994000187894F819C081423DD0824241D0D8782D
:1099500003F1030E814240D082424AD0987903F14C
:10996000060E884241D08242E1D1DB796345DED1E7
:10997000734604F118069B783046059301F03EF9D2
:10998000034630461E4601F041F901A901903046D8
:1099900001F0ECF9AAE7DB79B342C8D163461A3487
:1099A0009B782046059301F029F9034620461C4682
:1099B00001F02CF9034601A92046019301F0D6F9E4
:1099C000002007B0F0BD93F801E0B645BFD0824259
:1099D000BDD158786045BAD1CBE71F79B742BBD12A
:1099E000BCE75F78AF4292D193E7D979B142BAD15F
:1099F0009DE718796045B1D1BAE71F79AF428DD1A3
:109A00008EE75878B04284D1C9E7D979A9428CD180
:109A10008DE71879B04283D1C0E700BF6C01002404
:109A2000680100247E4A03689342F0B58FB000F0CD
:109A3000E380A2F54C42934200F0E08002F58062A0
:109A4000934200F0DD8002F58062934200F0DA80FC
:109A500002F58062934200F0D98002F544429342BD
:109A600000F0D280A2F51C42934200F0D18002F5B2
:109A70008062934200F0CE806A4A934240F0CC80EC
:109A80000826694D4FF4D87404FB0654A07E01F0FB
:109A9000C5F8207E01F0C2F8E369082B13D8DFE88F
:109AA00003F03B49576573818F9D05005F4BD3F8E9
:109AB000F42042F00802C3F8F420D3F8F43003F0A5
:109AC00008030893089B2046FFF702FF012801D1F5
:109AD000FFBEFEE74FF4D8740EAA554F0DF1240CCB
:109AE00004FB0654E36902EB43050FCFACE80F001B
:109AF0003B680022ACF80030114635F9140CF9F738
:109B0000DBFDE3690EAA02EB430333F9140C0FB03B
:109B1000BDE8F040F9F70EBE444BD3F8F02042F018
:109B20001002C3F8F020D3F8F03003F010030093D4
:109B3000009BC8E73D4BD3F8E82042F40032C3F85D
:109B4000E820D3F8E83003F400330193019BBAE72F
:109B5000364BD3F8E82042F48022C3F8E820D3F84B
:109B6000E83003F480230293029BACE72F4BD3F839
:109B7000E82042F40022C3F8E820D3F8E83003F4E8
:109B800000230393039B9EE7284BD3F8E82042F47D
:109B90008012C3F8E820D3F8E83003F4801304936C
:109BA000049B90E7214BD3F8F02042F02002C3F849
:109BB000F020D3F8F03003F020030593059B82E7F3
:109BC0001A4BD3F8E82042F08042C3F8E820D3F8DB
:109BD000E83003F080430693069B74E7134BD3F8F9
:109BE000E82042F00042C3F8E820D3F8E83003F060
:109BF00000430793079B66E7002642E7012640E7FC
:109C000002263EE703263CE705263AE7042638E726
:109C1000062636E7072634E700239B7EFFDE00BFDB
:109C200000100140000C00581801012400440258A3
:109C30000C3A01082DE9F04F91B0002301223F4971
:109C40000DF1240A09938B4601F11C09CAF814305E
:109C500001F13808CDF800A001F15407CDF804A0B7
:109C600001F17006CDF808A001F18C05CDF80CA02B
:109C700001F1A804CDF810A001F1C40ECDF814A094
:109C800001F1E00CCAE90133CAE903330F92FF2264
:109C90002B4BCDE906AA1A70BAE80F00ABE80F000B
:109CA0009AE80700009B8BE807009B46BBE80F0083
:109CB000A9E80F009AE80700019B89E80700994688
:109CC000B9E80F00A8E80F009AE80700029B88E8AF
:109CD00007009846B8E80F000FC79AE80700039BF3
:109CE00087E807001F460FCF0FC69AE80700049BBE
:109CF00086E807001E460FCE0FC59AE80700059BB1
:109D000085E807001D460FCD0FC49AE80700069BA3
:109D100084E807001C460FCCAEE80F00079B9AE8CA
:109D200007001C468EE807000FCCACE80F009AE84D
:109D300007008CE8070011B0BDE8F08F5400002444
:109D40004C10012410B5094C04F1340004F090F8D3
:109D5000237D1BB1636BDB69DB0600D410BD20469D
:109D6000FFF790FB636B10221A6210BD18010124EB
:109D700010B50B4C04F5F27004F07AF894F8C43185
:109D800023B1D4F8E431DB69DB0600D410BD04F55F
:109D9000D870FFF777FBD4F8E43110221A6210BDB7
:109DA0001801012410B50B4C04F5657004F060F83F
:109DB00094F8743323B1D4F89433DB69DB0600D410
:109DC00010BD04F55870FFF75DFBD4F894331022F2
:109DD0001A6210BD1801012410B50B4C04F2445056
:109DE00004F046F894F8243523B1D4F84435DB69FF
:109DF000DB0600D410BD04F5A260FFF743FBD4F8E6
:109E0000443510221A6210BD1801012410B50B4C04
:109E100004F2F46004F02CF894F8D43623B1D4F8AA
:109E2000F436DB69DB0600D410BD04F5D860FFF71B
:109E300029FBD4F8F43610221A6210BD180101244F
:109E400010B50B4C04F6A40004F012F894F8843812
:109E500023B1D4F8A438DB69DB0600D410BD04F5C7
:109E60000760FFF70FFBD4F8A43810221A6210BD68
:109E70001801012410B50B4C04F6542003F0F8FF30
:109E800094F8343A23B1D4F8543ADB69DB0600D4B1
:109E900010BD04F52260FFF7F5FAD4F8543A102209
:109EA0001A6210BD1801012410B50B4C04F60440D1
:109EB00003F0DEFF94F8E43B23B1D4F8043CDB6903
:109EC000DB0600D410BD04F53D60FFF7DBFAD4F8E3
:109ED000043C10221A6210BD1801012410B50B4C6D
:109EE00004F6B45003F0C4FF94F8943D23B1D4F8C1
:109EF000B43DDB69DB0600D410BD04F55860FFF704
:109F0000C1FAD4F8B43D10221A6210BD1801012420
:109F100010B5EFF3108472B6084B1A78120602D50A
:109F200004B962B610BD1B784FF4D87204485BB216
:109F300002FB0300C030FAF7E9F8F1E74C10012406
:109F40001801012410B5EFF3108472B6094B1A788A
:109F5000120602D504B962B610BD1B784FF4D87250
:109F600005485BB202FB030000F59C70FAF7CEF8DF
:109F7000F0E700BF4C100124180101240021FFF775
:109F800047BC00BF214A036893422BD0A2F54C4244
:109F9000934229D002F58062934227D002F5806275
:109FA000934225D002F58062934223D002F54442C9
:109FB000934221D0A2F51C4293421FD002F5806249
:109FC00093421DD0124A93421CD108224FF4D871FB
:109FD000104B01FB0233197D11B11846FFF752BA3D
:109FE000FFF716BC0022F1E70122EFE70222EDE7BE
:109FF0000322EBE70422E9E70522E7E70622E5E78B
:10A000000722E3E700231B7DFFDE00BF00100140B5
:10A01000000C005818010124204A0368934229D0FB
:10A02000A2F54C42934227D002F58062934225D09C
:10A0300002F58062934223D002F58062934221D0E0
:10A0400002F5444293421FD0A2F51C4293421DD018
:10A0500002F5806293421BD0114A93421AD1082321
:10A0600010484FF4D87202FB0300037D03B9704718
:10A07000FFF708BA0023F3E70123F1E70223EFE734
:10A080000323EDE70423EBE70523E9E70623E7E7EE
:10A090000723E5E700231B7DFFDE00BF0010014022
:10A0A000000C0058180101240121FFF7B1BB00BFCB
:10A0B0002DE9F0414F684FF4D876DFF8C0808E4626
:10A0C00007FB06F60C46082F08EB0605056005F1B0
:10A0D000180CBEE80F00ACE80F009EE807008CE803
:10A0E000070002D86B6A022B02D90120BDE8F0817B
:10A0F0002A6A032AF9D8A96A0229F6D8E86A022846
:10A10000F3D80131DFF878C0343689005CF8277065
:10A1100046446F63A469A9641549AC6351F82330C0
:10A120006B64144B53F82230134A2B64002352F80B
:10A13000201001223046EB65E963C5E91333C5E918
:10A14000153205F083FA0028CFD10146304605F0DC
:10A15000D5FA0028C9D10146304605F01DFB00287C
:10A16000C3D1304605F0ACFA0028BED12875BDE752
:10A17000D83B0108E43B0108F43B01081801012425
:10A18000B43B0108006892B208B5343003F0BCFC5F
:10A19000003818BF012008BD534B0122002047F6AC
:10A1A000122130B4C3E97420C3E97721C3E9E02068
:10A1B000C3E9E3211A62DA6258621963C3F83025F1
:10A1C000C3F83405C3F83C25C3F84015C3F8E026AE
:10A1D000C3F8E406C3F8EC26C3F8F016C3F89028D9
:10A1E000C3F89408C3F89C28C3F8A018C3F8402A01
:10A1F000C3F8440AC3F84C2AC3F8501AC3F8F02B2A
:10A20000C3F8F40BC3F8FC2BC3F8001CC3F8A40D6F
:10A210003648C3F8A02DC3F8AC2DC3F8B01D028892
:10A22000837833490068334CCA804FEA104C0B7274
:10A230003149E2802372A1F80320A4F8032063715E
:10A240004B712E4CCA800B722D492E4DE280237229
:10A25000A1F80320A4F8032063714B712A4CCA8033
:10A260000B722A49EA8008802B7281F802C0E280D2
:10A270002372A1F803204B71CA800B722449A1F804
:10A2800003204B71CA800B722249A1F803204B7145
:10A29000CA800B722049088081F802C0A1F803200F
:10A2A0004B71CA800B721D49088081F802C0A1F869
:10A2B00003204B71CA800B721949088081F802C0D3
:10A2C0001848A1F803204B71CA800B721649A0F8F8
:10A2D00003204371C2800372A1F803204B71CA802E
:10A2E0000B7230BC704700BF1801012468010024C4
:10A2F000F001002414020024080200242C0200248F
:10A3000020020024FC010024D8010024781001243C
:10A3100038020024E4010024541001246C100124AC
:10A32000601001245C010024500100243E4B0022F7
:10A330000B20114610B5D3F8D84082B044F0010488
:10A34000C3F8D840D3F8D84004F001040094009C2E
:10A35000D3F8D84044F00204C3F8D840D3F8D8303A
:10A3600003F002030193019BF9F7A6F90B20F9F71B
:10A37000E1F900220C201146F9F79EF90C20F9F7BB
:10A38000D9F900220D201146F9F796F90D20F9F7B9
:10A39000D1F900220E201146F9F78EF90E20F9F7B7
:10A3A000C9F900220F201146F9F786F90F20F9F7B5
:10A3B000C1F9002210201146F9F77EF91020F9F7B3
:10A3C000B9F900223C201146F9F776F93C20F9F75B
:10A3D000B1F9002211201146F9F76EF91120F9F7B1
:10A3E000A9F9002238201146F9F766F93820F9F763
:10A3F000A1F9002239201146F9F75EF93920F9F761
:10A4000099F900223A201146F9F756F93A20F9F75E
:10A4100091F900223B201146F9F74EF93B2002B09A
:10A42000BDE81040F9F786B90044025820F01F003B
:10A430002031BFF34F8F002907DD064A0144C2F8DF
:10A440005C0220300B1A002BF9DCBFF34F8FBFF3F7
:10A450006F8F704700ED00E0704700BF08B5F8F758
:10A4600065F9BDE80840F9F7EFB900BF064808B53F
:10A4700003680BB100F08CFE044803681BB1BDE813
:10A48000084001F07BBD08BD901401248810012410
:10A49000064808B503680BB100F07AFE044803686B
:10A4A0001BB1BDE8084001F069BD08BD901401244E
:10A4B00088100124064808B503680BB100F068FE57
:10A4C000044803681BB1BDE8084001F057BD08BD52
:10A4D0009014012488100124364BDA6A520062D5A8
:10A4E0009A6A9A6A9A6A9B6A180600D500BE314B2E
:10A4F0009B6A990600D500BE2E4B9B6ADA0600D5F2
:10A5000000BE2C4B9B6A1B0700D500BE294B9B6AE3
:10A51000980700D500BE274B9B6AD90700D500BE1F
:10A52000244B9B6A1A0400D500BE224B9B6A9B04F5
:10A5300000D500BE1F4B9B6AD80400D500BE1D4B42
:10A540009B6A190500D500BE1A4B9B6A5A0500D5B7
:10A5500000BE184B9B6A9B0500D500BE154B9B6A3D
:10A56000D80500D500BE134B9B6A990100D500BEEB
:10A57000104B9B6ADA0100D500BE0E4B9B6A1B0391
:10A5800000D500BE0B4B9B6A580300D500BE094B9B
:10A590009B6A990300D500BE064B9B6ADA0306D47A
:10A5A00000BE00BEFEE7DB6A9B07FAD5F8E700BEF7
:10A5B000F6E700BF00ED00E0F8F7C4B8F8F7C8B858
:10A5C0000A4B9B6803F17843B3F5003F0BD3084B6C
:10A5D000986848B19868012806D09868022803D086
:10A5E0009B68032070470120704700BF00ED00E02A
:10A5F000000080382DE9F041CEB004464C22002105
:10A600000AA808F0ADFD2022002102A808F0A8FD4C
:10A61000BC2200211EA808F0A3FD022002F022F9AE
:10A620002368012B4FF0000354D0534A02250193B5
:10A63000C820D16A514B21F00101D162D26A02F0E7
:10A64000010201929A6942F440429A619B6903F4C3
:10A6500040430193019B494A93699B04FCD54849B7
:10A660000224002201268B6A04274FF0080823F0F9
:10A67000030323438B62052316900AA818934FF413
:10A6800080331096179419941597CDF86880CDE90A
:10A690001B222122CDE91344CDE90A23FAF788F8D9
:10A6A00000B1FEE73F220323294602A8CDE9022399
:10A6B00000220823CDE9042340224023CDE90623CC
:10A6C00040234FF48062CDE90823FAF79FFB03464D
:10A6D000B8B1FEE7294A04250093F0209169264B82
:10A6E00041F440419161926902F440420092DA6A79
:10A6F00042F00102DA62DB6A03F001030093009B7F
:10A70000A9E720224FF4805125934FF440152B9256
:10A7100080222D931EA83093269135914FF480719D
:10A72000249234920C223394439140F227112092C8
:10A730001022CDF884802A971F96CDE92E34CDE9DA
:10A740003B334FF48033CDE92246319300244693C6
:10A750000623CDE93E4527934FF48063094C2C93A3
:10A760001E94CDE92812FAF7ADFD00B1FEE702F024
:10A770009FF84EB0BDE8F081000400580048025830
:10A78000004402580F130F0370B584B00124F9F789
:10A7900009F84FF480764FF04052194B6846002577
:10A7A000ADF800400396CDE90123F9F719F8192215
:10A7B0004FF0404368468DF8082001938DF80F4014
:10A7C000ADF80D608DF801408DF80A50F9F708F8E2
:10A7D00002230B2268468DF80F508DF801304FF0A0
:10A7E00062538DF808200193ADF80D408DF80A40B2
:10A7F000F8F7F6FF0420F8F7E3FF04B070BD00BFE0
:10A800000E00010330B50D46044685B0D1E90001C4
:10A8100084E80300F7F75AFFAB79A3B3FFF786FD8F
:10A82000FDF790FE06F0A4FEFFF704FA2B798BBB30
:10A830006B799BB1BFF34F8FBFF36F8F2A4B002211
:10A84000C3F85022BFF34F8FBFF36F8F5A6942F4A2
:10A8500000325A61BFF34F8FBFF36F8F4FF0FF325B
:10A860000023002400256946204802928DF80C3010
:10A87000CDE9004507F09CFA1C4807F001FB06F003
:10A88000A7FA05B030BD2046FFF7B4FE2046FFF71B
:10A890007BFFC3E7144C0023C4F88430BFF34F8F11
:10A8A000D4F8801043F6E07EC1F34E3CC1F3C901F9
:10A8B0004FEA4C1C0CEA0E000B4640EA8372013B47
:10A8C000C4F860225A1CF8D1ACF1200C1CF1200F06
:10A8D000F0D1BFF34F8F636943F480336361BFF3FB
:10A8E0004F8FBFF36F8FA3E700ED00E084100124CA
:10A8F000FAF7BCBB1C4B9B6803F17842B2F5003FF2
:10A9000025D3B3F5803F20D303F16042B2F5003F79
:10A910001FD303F15C42B2F5002F1CD303F1704248
:10A92000B2F5902F19D303F14842B2F5803F16D308
:10A9300003F18042B2F1806F13D303F1E043B3F52A
:10A94000000F2CBF0820072070470120704700200F
:10A95000704702207047032070470420704705208D
:10A9600070470620704700BF00ED00E00348002359
:10A97000034A0449036008F0E5BA00BF84100124CB
:10A980000000002459A4000810B4204C0022204BE1
:10A9900083B0D4F888101F4841F47001C4F88810BF
:10A9A00019681D4C41F0010119601A6119680840CD
:10A9B0001A4918609A61DA611A629A62DA621A6355
:10A9C0005A639A63DA631A645A64186820F4802020
:10A9D00018601A66D3F8DC2042F06042C3F8DC202D
:10A9E000D3F8DC300193019B23681940B1F1005F7B
:10A9F00003D20B4B0122C3F80821044B4FF0006235
:10AA00009A6003B05DF8044B704700BF00ED00E0B2
:10AA1000004402587FEDF6EA0010005C0000FFFFE2
:10AA20000080005100F57171D0F8040405F0B8BD44
:10AA3000C1EBC10300EB8303D0F80404D3F8082270
:10AA400005F0DCBDC1EBC10300EB8303D0F80404C7
:10AA50009A6C05F011BE00BFD0F8040405F0B0BE3A
:10AA6000C16810B5044619B1022900D0FEE70121E2
:10AA7000D4F8040405F08EFED4F80404BDE81040B8
:10AA800005F060BE10B50446D0F8040405F086FE5B
:10AA90002268D2F8003E43F00103C2F8003E236A68
:10AAA00023B1034A136943F00603136110BD00BFCD
:10AAB00000ED00E0D0F8040405F07ABED0F80404FC
:10AAC00005F08EBED0F8040405F088BED0F804046A
:10AAD00005F088BED0F8040405F086BE9446D0F890
:10AAE00098021A4608B5634601F0ACFD032802D867
:10AAF000024B185C08BD022008BD00BF103C0108D5
:10AB0000D0F8980208B501F02BFE032802D8024BBA
:10AB1000185C08BD022008BD103C0108D0F898025E
:10AB200008B501F061FE032802D8024B185C08BD8D
:10AB3000022008BD103C01080A06D0F8983206D45D
:10AB4000C1EBC10103EB810191F8FE01704701F0F7
:10AB50007F01C1EBC10103EB810191F83E00704719
:10AB6000D0F8980208B501F057FD032802D8024B2F
:10AB7000185C08BD022008BD103C0108D0F89802FE
:10AB800008B501F0C5FD032802D8024B185C08BDCA
:10AB9000022008BD103C0108D0F8980208B501F069
:10ABA0008FFD032802D8024B185C08BD022008BDA7
:10ABB000103C0108D0F8C00206F0C4B8D0F8C002BA
:10ABC00006F0D8B8D0F8C00206F0E0B8704700BF71
:10ABD000D0F8C00206F0C6B8D0F8C00206F0C6B879
:10ABE000D0F8D00308B500F093FE032802D8024B3A
:10ABF000185C08BD022008BD143C0108024B027815
:10AC000053F82200704700BF383C0108024B4278DD
:10AC100033F81200704700BF183C01088CB00A28B6
:10AC200014D8DFE800F01523313F4D5B6977859339
:10AC300006004D4BD3F8E02042F48062C3F8E020D8
:10AC4000D3F8E03003F480630B930B9B0CB0704798
:10AC5000454BD3F8E02042F00102C3F8E020D3F8DE
:10AC6000E03003F001030193019BEFE73E4BD3F883
:10AC7000E02042F00202C3F8E020D3F8E03003F015
:10AC800002030293029BE1E7374BD3F8E02042F046
:10AC90000402C3F8E020D3F8E03003F00403039388
:10ACA000039BD3E7304BD3F8E02042F00802C3F80F
:10ACB000E020D3F8E03003F008030493049BC5E7D9
:10ACC000294BD3F8E02042F01002C3F8E020D3F87B
:10ACD000E03003F010030593059BB7E7224BD3F850
:10ACE000E02042F02002C3F8E020D3F8E03003F087
:10ACF00020030693069BA9E71B4BD3F8E02042F004
:10AD00004002C3F8E020D3F8E03003F0400307939B
:10AD1000079B9BE7144BD3F8E02042F08002C3F876
:10AD2000E020D3F8E03003F080030893089B8DE720
:10AD30000D4BD3F8E02042F48072C3F8E020D3F842
:10AD4000E03003F480730993099B7FE7064BD3F847
:10AD5000E02042F40072C3F8E020D3F8E03003F4BE
:10AD600000730A930A9B71E7004402582DE9F04FE3
:10AD70000D6883B0002D00F0D5800023DFF86882D5
:10AD800001229A4012EA050C00F0C7804E6826F0B6
:10AD90001009B9F1020F40F0C88003F007044FEA30
:10ADA000D30E4FF00F0A4FEA840900EB8E0E0AFA19
:10ADB00009FADEF8204024EA0A0A0C6904FA09F4C8
:10ADC00006F0030944EA0A04CEF820404FEA430E95
:10ADD0000324D0F800A009FA0EF904FA0EF42AEAC6
:10ADE000040AE44349EA0A09C0F80090D0F808A030
:10ADF000CF6804EA0A0A07FA0EF949EA0A09C0F814
:10AE00000890C6F30019D0F804A009FA03F92AEA59
:10AE1000020249EA02024260C268F70004EA020440
:10AE20008A6802FA0EF242EA0402C26075D5644CE6
:10AE300023F0030E03F00309D4F8F420C6444FEACC
:10AE4000890942F00202C4F8F420D4F8F42002F098
:10AE500002020192019A0F22DEF8084002FA09F27A
:10AE600024EA0202574CA04225D004F58064A04297
:10AE70007BD0554CA0427ED0544CA0426FD0544C55
:10AE8000A04200F08480534CA04200F08680524CD7
:10AE9000A04276D0514CA04200F08580504CA04298
:10AEA00000F087804F4CA0420CBF09240A2404FA0A
:10AEB00009F942EA0902CEF808204FF0B0426FEAE1
:10AEC0000C0EF403D2F880204FF0B04454BF0EEAC9
:10AED00002024CEA0202C4F88020B203D4F8844093
:10AEE0004FF0B04254BF0EEA04044CEA0404F702E7
:10AEF000C2F8844014684FF0B04254BF0EEA040414
:10AF00004CEA04041460B40252684FF0B04454BFD9
:10AF10000EEA02024CEA02026260013335FA03F2E1
:10AF20007FF42EAF03B0BDE8F08F4FEA430E032449
:10AF3000D0F800B006F0030A04FA0EF409F1FF3964
:10AF40000AFA0EFA2BEA040BB9F1010F6FEA0404B6
:10AF50004AEA0B0AC0F800A03FF65EAF46E70324BA
:10AF600004FA09F942EA0902A5E7012404FA09F9F9
:10AF700042EA09029FE7022404FA09F942EA0902B7
:10AF800099E7062404FA09F942EA090293E704243E
:10AF900004FA09F942EA09028DE7052404FA09F9DD
:10AFA00042EA090287E7072404FA09F942EA09029A
:10AFB00081E7082404FA09F942EA09027BE700BFA5
:10AFC000004402580000025800080258000C0258C1
:10AFD000001002580014025800180258001C0258B1
:10AFE000002002580024025800040058002900F0F4
:10AFF000A88000232DE9F04FDFF8689183B0DFF8D7
:10B000006881DFF868A1DFF868B14FF0010E0EFA31
:10B0100003F212EA010C6FD023F0030503F00304DE
:10B020000F2640454D444FEAC404AF6806FA04F6C3
:10B0300007EA0607019721D0504566D0584567D0EA
:10B04000434FB8426ED0434FB84270D0424FB842DF
:10B0500063D0424FB84256D0414FB84272D0DFF869
:10B0600014E1704568D0DFF810E1704514BF4FF06F
:10B070000A0E4FF0090E0EFA04F400E00024019FBE
:10B08000A74219D1AC6824EA06064FF0B044AE607E
:10B09000D4F8805025EA0C05C4F88050D4F88450C8
:10B0A00025EA0C05C4F88450256825EA0C052560BE
:10B0B000656825EA0C05656003255C0003F0070759
:10B0C0000F2605FA04F40568BF00254306FA07F7C2
:10B0D0000560DD0800EB85052E6A26EA07062E626C
:10B0E000856825EA04058560456825EA0202426014
:10B0F000C26822EA0404C460013331FA03F284D145
:10B1000003B0BDE8F08F4FF0060E0EFA04F4B6E778
:10B110004FF0020E0EFA04F4B1E74FF0050E0EFAEE
:10B1200004F4ACE74FF0030E0EFA04F4A7E74FF077
:10B13000040E0EFA04F4A2E74FF0080E0EFA04F41F
:10B140009DE770474FF0070E0EFA04F497E700BF33
:10B15000000C02580010025800140258001802583F
:10B16000001C025800040058000002580004025855
:10B1700000080258002002580024025803691942AE
:10B1800014BF01200020704702B909048161704793
:10B190002DE9F04F056885B00446284604F0A6FF67
:10B1A000012802D005B0BDE8F08F206804F04EFF02
:10B1B0000028F7D0206804F049FF10F4001F206831
:10B1C00002D04FF40013436104F040FF10F4801FDD
:10B1D000206802D04FF48013436104F037FF10F071
:10B1E000806F206802D04FF08063436104F02EFF2F
:10B1F00010F0020F20682FD104F028FF870000F123
:10B200001381206804F022FFC60100F1CF8020687E
:10B2100004F01CFF000700F1BE80206804F016FF58
:10B2200010F0007F20681AD104F010FFC306B9D5D2
:10B230002568AB6923F01003AB612E6AC6F3434166
:10B24000C6F30A17022902D1002F40F0C681AB696C
:10B2500043F01003AB61A5E702234361CCE704F0A0
:10B26000B3FFD4F808E080462068BEF1000F00F07C
:10B27000998005F5A06500264FF0280B4FF0020AD3
:10B280004AE000F5A0694A0109EB4117BB685B077A
:10B290005DD50423BB60FB6843F00203FB60BB6821
:10B2A000980500F1FD80BB68DB0740F1CF80236982
:10B2B00053B101EB81003B6904EBC000C3F3120CF6
:10B2C000836CA3EB0C03C3648B004FF0010C4FF0B5
:10B2D000000E581804EBC000C0F858E080F85DC0BC
:10B2E000C7F808C090F83FE01EF0FD0F00F0648141
:10B2F000BEF1030F00F040820B4404EBC30393F84C
:10B30000502082F0010283F85020D4F808E0206831
:10B3100001362035764545D206F00F0328FA03F3AF
:10B32000D907F5D52B68F1B21A04AAD400F5A062AA
:10B330004FEA411C02EB4117BB6813F004090DD022
:10B340000423BB60FB6843F00203FB60E0E7BB68DB
:10B350009B0640F1B3802023BB60A0E7BB6813F0DD
:10B36000200300F0CA8001EB8103202204EBC30319
:10B37000BA6093F83D20012ACAD183F83D9083F842
:10B380005CA0FB6843F00203FB6004F021FFD4F8EB
:10B3900008E02068BCE72046FFF70CFC2068082383
:10B3A00043613BE74FF0007343613DE72668D6F801
:10B3B00040340293D6F840340393039B23F02E03CA
:10B3C0000393029B980707D5029BD90700F163817D
:10B3D000039B43F002030393029B1A0718D5039BB8
:10B3E00043F008030393029B5B0740F15C81A16972
:10B3F000022900F09A81E368012B03D14EF6602206
:10B40000C6F804242046FFF7E3FB2046FFF7D6FBEF
:10B410002068029B9F0603D5039B43F02003039300
:10B42000039BC6F84034F3E6D5F84034204623F0B9
:10B430002E03C5F84034FFF7C5FB0121206804F056
:10B44000A1FE20684FF000534361DBE6BB6898071C
:10B4500040F18E80FB6801EB810C23F0020304EBCA
:10B46000CC0CFB608B009CF85D00012800F0B280E2
:10B47000052800F0AF80062800F0A381082800F01E
:10B48000A081032800F0DC819CF85C000246C7F82C
:10B4900008A02046FFF79AFBD4F808E0206837E7B9
:10B4A000FB68206843F00203FB6004F091FE4FF458
:10B4B00000732068BB60D4F808E029E7BB681B076D
:10B4C00000F1BB80BB685B057FF5E9AEFB680192CC
:10B4D00043F002030091FB6004F07AFE0099102013
:10B4E000019A01EB8103B860082004EBC30383F8E1
:10B4F0005D004FF48063BB60D1E6D7F8089019F087
:10B50000400F40F0B180BB6813F4007340F02F810E
:10B51000D7F8089019F0010F40F03F81BB6813F095
:10B52000080340F06881D7F8089019F0100F00F078
:10B53000C98001EB810204EBC2029365032382F808
:10B540005D3092F83D303BB90BFB014393F83C2052
:10B5500012B9012283F83D20FB6843F00203FB602F
:10B5600004F036FE10232068BB60D4F808E0CFE674
:10B57000BB6813F0800340F0E380BA68D20640F164
:10B58000D08001EB810004EBC00090F83F20032A3B
:10B5900000F04B8112F0FD02E4D123698265002B9B
:10B5A000E0D10BFB0143032283F85D20FB68206898
:10B5B00043F00203FB60D3E7FA68206842F002021E
:10B5C00001930091FA6004F003FE1022DDE90013FC
:10B5D000BA6091E68CF85C0058E706F00F0606EBBF
:10B5E000860804EBC808D8F8441000293FF42FAEB1
:10B5F000284605F5A0653A4604F0A6FCD8F8443084
:10B6000005EB46123B441169D8F84C20C8F8443089
:10B6100073013A44C8F84C20BC4A0A405AB1EA586F
:10B6200022F0804242F00042EA5098F8503083F015
:10B63000010388F85030256809E6FB684FF0050CD7
:10B64000019243F002030091FB6001EB810304EBE4
:10B65000C30383F85DC01023BB600823BB6004F004
:10B66000B7FDDDE900121AE601EB810204EBC2022C
:10B670009365042382F85D30012382F83D30FB6836
:10B6800043F00203FB6004F0A3FD40232068BB608D
:10B69000D4F808E03CE6B369204623F00053B361D8
:10B6A000FFF78CFA94E62046FFF796FAD6F8403476
:10B6B000206823F02E03C6F84034836943F000531A
:10B6C0008361A6E6BB681B0600F1C880BB685B050A
:10B6D00000F1D780BB689B077FF51AAEFB680BFBB8
:10B6E000014023F00203FB6090F85D30012B00F075
:10B6F000E180032B00F0DB80042B00F0D880052BC9
:10B7000000F0FC80062B00F0E480082B00F0E180C4
:10B710000BFB01432046C7F808A093F85C20FFF715
:10B7200055FAD4F808E02068F2E5029B206803F49B
:10B73000C023B3F5802F18BF012104F023FD61E67B
:10B74000FB6801EB810243F0020304EBC202FB60E1
:10B75000936D01339365062382F85D30206804F011
:10B7600037FD80232068BB60D4F808E0D0E5FB6893
:10B7700043F00203FB6098E652F80970019347F02A
:10B780000057009142F80970624680F85CC020467C
:10B79000FFF71CFADDE90013AEE5FA6801EB810959
:10B7A00042F0020204EBC909C9F85830FA6004F00B
:10B7B0000FFD0123BB6089F85D30D4F808E02068F4
:10B7C000A6E503EB010C04EBCC0CDCF858000130CF
:10B7D000032825D8CCF8580002200B4404EBC303FF
:10B7E00083F85C0052F8093023F0804343F00043B3
:10B7F00042F809304AE608230091BB60FB6843F039
:10B800000203FB6004F0E4FC0099052201EB8101D6
:10B8100004EBC10383F85D20D4F808E0206877E5E5
:10B820000020CCF858000420D7E7FA680BFB014051
:10B8300042F0020283652068FA6004F0C9FC91E6D8
:10B840000BFB0143022083F85CA052F8093023F07F
:10B85000804343F0004342F8093017E6FB6800914B
:10B8600043F00203FB6004F0B3FC009906230BFBDA
:10B87000014181F85D3080232068BB60D4F808E086
:10B8800046E5FB68009143F00203FB6004F0A0FC76
:10B8900010230099BB604FF480630BFB0141BB6038
:10B8A000082381F85D30D4F808E0206830E580F89E
:10B8B0005CA02DE780F85C3090F83F30023B012B14
:10B8C0003FF626AF90F8513083F0010380F85130F5
:10B8D0001EE70BFB0140836D0133032B11D88365F9
:10B8E00002230BFB014080F85C3052F80C3023F04F
:10B8F000804343F0004342F80C3009E780F85C30A5
:10B9000006E7002383650423EBE700BF0000F81F70
:10B9100090F8B832012B0CD0012310B50446006812
:10B9200084F8B83204F0B4FC0023184684F8B83226
:10B9300010BD0220704700BFF8B505460E461746F9
:10B94000701C2C682CD1A369990727D4A369DA0647
:10B95000F9D5A3699A06FCD520231022E261E361A0
:10B96000A3699F0701D50023A362A369DE0703D45F
:10B97000A36943F00103A361636800221B482021EF
:10B980000340012063606B6C85F8402043F00403A2
:10B990006B6485F8411085F84220F8BD0020F8BDA1
:10B9A000A3699B07FAD4A369D9061BD4F6F7CAFE8C
:10B9B000C01BB04201D8002EC2D16B6C20210022E6
:10B9C00001200B4385F840206B6485F8411085F811
:10B9D0004220F8BDF6F7B6FEC01B8642EDD3002E1E
:10B9E000EBD02C68A3699B06F4D5B5E700E800FE10
:10B9F000F8B505460E4617462C68A3699B0649D440
:10BA0000A369DA0626D5731C38D1A3699E06FCD536
:10BA100020231022E261E361A369990701D5002385
:10BA2000A362A369DA0703D4A36943F00103A36106
:10BA300063680022184820210340012063606B6C7A
:10BA400085F8402043F004036B6485F8411085F8C5
:10BA50004220F8BDF6F776FEC01BB04201D8002E9A
:10BA6000CAD16B6C2021002201200B4385F84020B5
:10BA70006B6485F8411085F84220F8BDA3699806EB
:10BA8000C6D4F6F75FFEC01B8642EAD3002EE8D08C
:10BA90002C68B8E70020F8BD00E800FE00284ED072
:10BAA00010B590F84130044603F0FF02002B41D05E
:10BAB00023682421626884F84110196822F07062BA
:10BAC000E06821F00101012819601A619A6822F4E6
:10BAD00000429A60A26829D042F4044202289A6087
:10BAE00002D14FF400625A6058684FF0200C15499B
:10BAF000226901435960D96821F40041D960D4E931
:10BB00000501024342EA0122D4E90710DA6000226B
:10BB1000014310461960196841F00101196062641F
:10BB200084F841C0226384F8422010BD42F40042F0
:10BB30009A60D9E780F84020FCF72AFCB8E701209A
:10BB4000704700BF008000022DE9F047984690F84A
:10BB50004130089E202B40F0878090F8403004460A
:10BB6000012B00F0818001238946174680F8403080
:10BB7000F6F7E8FD054604E0F6F7E4FD401B19285A
:10BB800075D82368986910F40040F5D121226762C6
:10BB90006063C9F3090784F84120102284F8422029
:10BBA0006064A4F82A80628D92B2FF2A6DD8628DFB
:10BBB000494892B2D1B222855A6802403A4342EAD9
:10BBC0000142464911435960DFF81C814FF0FF0ADA
:10BBD000DFF81891638D2A46314620469BB2002B30
:10BBE00030D0FFF7A9FE002873D1606A216810F8F1
:10BBF000012B238D8A62628D013B6062013A9BB208
:10BC000092B223856285628D92B2002BE2D1002A26
:10BC1000E0D0701C43D18B691A06FCD5638D9BB2B2
:10BC2000FF2B48D94B682A46A4F828A0204603EAEF
:10BC300008033B4343EA09034B603146638D9BB2E3
:10BC4000002BCED1FFF7D4FE002842D1236820215B
:10BC5000234DD9615A682A405A6084F8411084F80B
:10BC6000400084F8420000E00220BDE8F087636CE9
:10BC70002021002201200B4384F84020636484F8D3
:10BC8000411084F84220BDE8F0875A6812490A4002
:10BC900014493A431143FF222285596094E78B6986
:10BCA0001B06BBD4F6F74EFD401B8642DFD3002EA9
:10BCB000DDD02168ADE7638D9BB2DAB223854B6896
:10BCC00003EA080343EA02433B4343F000734B603B
:10BCD00080E70120BDE8F087009800FC002000828A
:10BCE00000E800FE0020FF81009C00FC0000FF0136
:10BCF0002DE9F0471F4690F84130202B40F08E8010
:10BD000004460D46002900F08380B2FA82F91646F7
:10BD10004FEA5919002A7BD05FFA83FA90F8403035
:10BD2000012B7BD0012380F84030F6F70BFD212357
:10BD300065628046256884F8413084F842A0C4F8E2
:10BD4000449066856B68C4F8349023F400436B60BC
:10BD50007B1C66D1AE693607FCD50823EB61E3682E
:10BD6000022B06D0AE69F60328D4AE69F603F9D5E6
:10BD700024E0AB691907FCD50823EB617B1CF1D0EB
:10BD8000AB69DD031AD4F6F7DDFCA0EB08008742AF
:10BD900053D3002F51D02568F0E74246394620465C
:10BDA000FFF7CAFD00285BD1636A226813F8011B04
:10BDB0009162658D6362013DADB26585638D9BB215
:10BDC000002BEAD1424639462046FFF711FE0028F3
:10BDD0004DD02268536843F400435360636C042BD6
:10BDE00054D1002363642023D361781C41D193692B
:10BDF0001904FCD451680023202041F40041516013
:10BE000084F84100184684F8423084F8403003E05A
:10BE10004FF4007301206364BDE8F0870220BDE8A1
:10BE2000F087AB69180733D4F6F78CFCA0EB080059
:10BE3000874202D30FB125688AE7636C2020002176
:10BE40002268034384F84010636484F841000120B1
:10BE500084F84210536843F400435360BDE8F08710
:10BE600022680120536843F400435360D4E72268FA
:10BE7000B9E793691B04BDD5F6F764FCA0EB080095
:10BE80008742DAD3002FD8D02268AEE70120C3E77B
:10BE90000823EB61E368022B7FF470AF08E0F6F74C
:10BEA00051FCA0EB08008742C7D3002FC5D02568FE
:10BEB000AB691A07F3D55FE70268436B91691268B3
:10BEC00003B11847704700BF90F84100704700BFAA
:10BED00090F84120202A23D15FFA82FC90F840207C
:10BEE0000346012A1CD00268242000B583F84100D3
:10BEF0004FF0000E106820F001001060106820F470
:10BF0000805010601068014370461160116841F064
:10BF10000101116083F841C083F840E05DF804FB43
:10BF20000220704790F84120202A22D1034600B514
:10BF30005FFA82FE90F84020012A1CD0026824207B
:10BF40004FF0000C83F84100106820F001001060F1
:10BF5000106820F4706040EA0121604611601168A9
:10BF600041F00101116083F841E083F840C05DF8C1
:10BF700004FB0220704702205DF804FB2DE9F04F1E
:10BF8000076889B00446384604F0B0F810B109B02B
:10BF9000BDE8F08F8246206804F058F80028F6D0FB
:10BFA000206804F053F810F0020F206803D04369B2
:10BFB00003F00203436104F049F810F4002B2068F9
:10BFC00040F0508104F042F810F4802F206840F0D7
:10BFD000EB8004F03BF8002874DB206804F036F8AE
:10BFE000000564D4206804F031F8020114D52268F9
:10BFF000536903F00063536194F8F433002B40F06D
:10C0000095810121204684F8F413536DC3F3830313
:10C01000C4F8F83300F024FC206804F017F8C304D7
:10C020007BD4206804F012F810F4005F20685DD122
:10C0300004F00CF810F0100F206812D0836923F080
:10C04000100383613D6AC5F3434305F00F06022BDD
:10C0500000F03182062B00F07F81836943F01003EA
:10C06000836103F0F3FF070700F15781206803F0B5
:10C07000EDFFC60200F14681206803F0E7FF85026C
:10C0800000F13581206803F0E1FF400000F12681D6
:10C09000206803F0DBFF41077FF579AF23685D6817
:10C0A0006A0700F129825A682A435A606FE7D7F875
:10C0B0000838D90700F11C822068436903F4006343
:10C0C000436190E7D7F8043823F00103C7F8043838
:10C0D00094F8F433012B00F038812046FEF7EAFC97
:10C0E0002068436903F00043436177E704F002F8F6
:10C0F000206803F0E7FC2568E060F8F7A1FF227BE9
:10C100000146284603F042FC2046FEF7A9FC2068C1
:10C11000436903F4005343618AE7D7F804381021D8
:10C12000206807F5006523F001036B6003F0B0FCA5
:10C130006068B0B107F510634FF67F3199600AF17E
:10C14000010A1A682033824522F4001243F8202C99
:10C15000C3F8E811D3F8E02122F40012C3F8E0217B
:10C16000ECD1EB6943F00113EB61236B002B40F042
:10C17000E1806A6942F22B0313436B612B6943F040
:10C180000B032B61D7F8003804F57172217C23F47E
:10C19000FE632068C7F8003803F0C8FF20684369D1
:10C1A00003F4805343613DE703F068FF8046206855
:10C1B000B8F1000F00F0E580264607F510694FF052
:10C1C000000BCDE9037A09E05FEA58080BF1010B97
:10C1D00006F11C0609F1200900F0D58018F0010FC6
:10C1E000F2D05FFA8BF7394603F064FFC3070546C8
:10C1F0001FD50BF00F03039901229A40D1F8343870
:10C2000023EA0203C1F834380123C9F8083023694E
:10C21000012B03D1D6E911231344B36439462046D8
:10C22000FEF710FC2369012B03D1BBF1000F00F0D6
:10C23000AC81280702D50823C9F80830E90602D5E1
:10C240001023C9F808306A0602D54023C9F808301F
:10C25000AB0702D50223C9F808302D0600F1C680CD
:10C260002068B1E703F0FCFE05462068002D00F0D1
:10C27000868007F53066A1464FF0000B049707E073
:10C280006D080BF1010B06F1200609F11C097DD0A8
:10C29000EB07F5D55FFA8BF1039103F0FDFE10F08B
:10C2A000010F8046039973D118F0080F40F0F28017
:10C2B000206818F0100F01D01023B36018F0200F81
:10C2C00005D02169012900F05A812023B36018F4B8
:10C2D000005FD5D04FF40053B360D1E72046FEF79E
:10C2E000F5FB2068436903F080434361D1E62046B3
:10C2F0005FFA8BF1FEF7E2FB2068436903F4001359
:10C300004361C0E620465FFA8BF1FEF7DBFB206855
:10C31000436903F480134361AFE62046FEF79CFBBC
:10C320002068436903F008034361A0E62046FEF756
:10C33000A9FB71E6D5F8843043F00B03C5F88430CF
:10C340006B6C43F00B036B641CE70021204684F800
:10C35000F41300F085FAC3E6C6EBC606082204F51E
:10C360007171384603F0F0FDC5F30A1304EB860241
:10C370002068D2F814120B44C2F814326DE6AB46B2
:10C3800020E6C34625E6DDE9037A22E6049F19E6A6
:10C39000206801232769B36000F53063012FD0F8CE
:10C3A00040E003EB4B139A6800F0C580984FBE4500
:10C3B00040F0BD80170440F1B6804FF4004218F001
:10C3C000080F9A603FF475AF026C986890498A42F2
:10C3D00000F0978020460392FEF724FB8D4B039AD2
:10C3E0009A4200F296800823B36061E7D6E91453BD
:10C3F000D4F800A0AB4250463FF6E6AE0AF5106214
:10C40000716CCDF81CA002EB4B120592EA1A8A421D
:10C4100028BF0A4605998969033289B2B1EB920FA8
:10C42000C0F0A980CDF81890C146A046059C1AE03E
:10C43000736C3A46B16C50469D4228BF1D4698F831
:10C4400010300093ABB203F069FDB36CA1692B44CB
:10C4500089B2B364736D2B440335B1EB950F7365EB
:10C46000C0F08180356D9D42A5EB0305E0D84446C0
:10C47000C846DDF81890D4F800A0079B012250466A
:10C4800003F500610BF00F039A404B6B23EA0203A4
:10C490004B6399E62268216902F53063126C012929
:10C4A00003EB4B13986891D15A498A4229D8204608
:10C4B000FEF7B8FA97E747F6F0731D423FF4CDADAB
:10C4C000C6EBC606C5F30A12384604EB86061546C7
:10C4D000D6F8081203F038FDD6F8083220682B444D
:10C4E000C6F80832D6F814322B44C6F81432B4E534
:10C4F0002046FEF7C7FADFE52046FEF7EBFA236891
:10C50000D1E5020402D54FF400429A602046FEF7BE
:10C5100089FA216901297FF466AF04F571722068F8
:10C5200003F004FE5FE7900601D520229A602046C2
:10C53000FEF77EFAB8E6170732D536498E4504D99C
:10C54000120402D54FF400429A6020460393FEF78E
:10C5500069FA04F571720121206803F0E7FD0822F1
:10C56000039B9A60A0E64446356DC846DDF81890F6
:10C57000D4F800A050469D423FF626AE7DE704F574
:10C58000717203F0D3FD20689FE6236D002B7FF4CA
:10C5900050AE04F571720121206803F0C7FD48E632
:10C5A000970608D520229A6018F0080F3FF481AE54
:10C5B000026C986878E712F0280FF5D1154FBE4548
:10C5C00005D9120403D54FF400429A60ECE71B69C9
:10C5D0002046D9F80422C3F31203D31AC9F814323F
:10C5E000D9F808321344C9F80832FEF721FABBF132
:10C5F000000F7FF459AED4F81032002B7FF454AE04
:10C6000004F571720121206803F090FD4CE600BF33
:10C610000A31544F0A30544F90F8BC23012A0ED0EF
:10C62000012210B50446006884F8381084F8BC2351
:10C6300003F0FAFC0023184684F8BC3310BD022036
:10C64000704700BF10B501F00F0E0906044627D44D
:10C650004FF01C0C0CFB0E0C0CF5FE71CEEBCE0C4F
:10C6600000EB8C0C00208CF8FD018A604A7881F880
:10C6700000E0CB700AB1A1F806E0022B01D1002343
:10C680000B7194F8BC33012B18D00123206884F877
:10C69000BC3303F029FA0023184684F8BC3310BDDC
:10C6A0001C204FF0010C00FB0E4000F13C01CEEBD2
:10C6B000CE0004EB800080F83DC0D6E7022010BD1C
:10C6C00010B501F00F041C21C4EBC40C01FB0401E4
:10C6D00000EB8C0C01F5FE71CCF810320023CCF885
:10C6E00008228CF8FC41CCF814328CF8FD31036937
:10C6F0000068012B08BFCCF80C22DAB21CB903F099
:10C7000053FB002010BD03F037FA002010BD00BF1E
:10C7100010B501F00F041C21C4EBC40C01FB040193
:10C7200000EB8C0C3C31CCF850300023CCF8482086
:10C73000CCF8543001238CF83C408CF83D30036930
:10C740000068012B08BFCCF84C20DAB21CB903F00A
:10C750002BFB002010BD03F00FFA002010BD00BF1E
:10C7600038B5436801F00F059D4234D80B060446E6
:10C770001DD41C22C1EBC10302FB010100EB8303AA
:10C78000002201F5FE7183F8FD2101230D708B70ED
:10C7900094F8BC239A421CD0206884F8BC3303F080
:10C7A000E3FBD5B10023184684F8BC3338BD1C2107
:10C7B000C5EBC503012201FB050100EB83033C31FE
:10C7C00083F83D2001230D708B7094F8BC239A42AE
:10C7D000E2D1022038BD012038BD04F57172217C00
:10C7E000206803F0A3FCDDE7426838B501F00F03D1
:10C7F000934232D811F0800F04464FF01C01C3EB76
:10C80000C30219D101FB0341002004EB8202002581
:10C8100001F5FE7182F8FD010B708D7094F8BC3348
:10C82000012B18D00123206884F8BC3303F0D0FB1F
:10C83000284684F8BC5338BD01FB0341012004EBBA
:10C84000820200253C3182F83D000B708D7094F817
:10C85000BC33012BE6D1022038BD012038BD00BF1A
:10C86000704700BF38B5114BDA68520704D4DB6853
:10C8700003F00703834214D10C4CE36823F0070351
:10C880001843E060F5F75EFF054605E0F5F75AFF4F
:10C89000401BB0F57A7F06D863689B04F6D500206C
:10C8A00038BD012038BD032038BD00BF0048025804
:10C8B000024AD36843F08073D3607047004802583F
:10C8C00070B44D6A15B1B2F1406F3AD18B691BB3A8
:10C8D0000C6A002C4CD08E680068C661CE69002EB0
:10C8E00069D02B4313432343CC6A334323430C6B5C
:10C8F00023434C6B23430C692343CC6823430C68CC
:10C9000023434C69B2F1406F43EA8443436165D0ED
:10C910004B6870BC836170470B6ABBB100682B43E6
:10C920008C68CE69C461002E6BD01343CC6A33434C
:10C9300023430C6B23434C6B23430C692343CC6888
:10C94000DEE78B6A0468013B2361BFE7CB69002BFC
:10C9500066D1002D42D0CB6A0C6B2B430068134389
:10C960004A6923434C6B234343EA8243436135E0E6
:10C97000CC6945EA030C002C32D003684CEA020073
:10C98000B2F1406F40EA0400CC6A40EA04000C6B4C
:10C9900040EA04004C6B40EA0400CC6840EA040022
:10C9A0000C6840EA04004C6940EA8440586115D0A4
:10C9B0004A689A6112E045EA030C0D694CEA0203E9
:10C9C000CA6A23431343D1E90C4223430C6813433F
:10C9D0004A692B43234343EA8243436170BC704757
:10C9E000CC6A4CEA020300682343D1E90C4223439A
:10C9F0000C6813434A69234343EA824370BC436192
:10CA00007047CC6A13432343D1E90C4223431343B9
:10CA1000D1E90442234343EA824370BC4361704737
:10CA20002B43CD6A0C6B134300682B4323434C6BA1
:10CA300084E700BF70B50446F5F784FE002C54D09F
:10CA400094F84030012B52D00123064684F8403040
:10CA500094F8413003F0FF02002B34D0A56C22681B
:10CA6000A1681368013923F4706343EA012313605A
:10CA700001E06B1C31D1936813F02003F9D1E06918
:10CA8000E16815680143206A0143606841EA00617A
:10CA90001C482840014360691160A1695568014341
:10CAA000206941EA00411848284001250143184601
:10CAB0005160116829431160636484F84150002378
:10CAC00084F8403070BD204684F84020FCF7B8F868
:10CAD00041F288331D46A364C1E7F5F733FE801B9E
:10CAE000A84206D82DB12268C5E7012070BD0220FA
:10CAF00070BD0423012084F84130636C03436364F8
:10CB0000DDE700BF2FFFFF00FEF8E0FFC8B110B562
:10CB100090F840300446012B11D00268012380F8C0
:10CB20004030136823F001031360FCF717F900236A
:10CB30006364184684F8413084F8403010BD022008
:10CB400010BD0120704700BF2DE9F04104460E469C
:10CB50001546F5F7F7FD94F84030012B3AD0012344
:10CB600084F8403094F84130012BDFB206D0022720
:10CB70000023384684F84030BDE8F0810023804629
:10CB80006364022384F84130681C23680ED19A68DC
:10CB900012F02002FBD131462046FFF791FE736A66
:10CBA000E3B10123002784F84130E1E79A6812F0ED
:10CBB00020021ED0F5F7C6FDA0EB0800854201D388
:10CBC000002DE1D1042384F84130636C43F001036C
:10CBD0006364CDE702273846BDE8F0812268936898
:10CBE0009B07FCD5022101230027D16084F8413046
:10CBF000BEE731462046FFF763FE736A43B1D0E7D4
:10CC0000F5F7A0FDA0EB08008542DBD3002DD9D0BD
:10CC1000226893689907F3D5E4E700BF2DE9F8434C
:10CC2000044689461546F5F78DFD94F8403027688F
:10CC3000012B67D0012384F8403094F84130012B58
:10CC40005FFA83F807D04FF002080023404684F8CB
:10CC50004030BDE8F88300236364B9F1000F56D07B
:10CC60001223064684F841303B690133E3623B6995
:10CC7000C4F824900133A3627B6923F040637B6195
:10CC8000E36A002B31D06A1C394611D18B685B07EF
:10CC9000FCD5636A1B7887F82030E26A636A013A40
:10CCA0000133E262E26A6362F2B16A1C2168EDD08C
:10CCB0008B685807EDD4F5F745FD801B854201D3FD
:10CCC000002DF2D1042384F84130636C43F001035A
:10CCD000636413E0BB689B070CD4F5F733FD801B3E
:10CCE0008542EFD3002DEDD02768691CF2D1BB68D7
:10CCF0009A07FCD502234FF00008FB60012384F85B
:10CD00004130A2E74FF002084046BDE8F883636C6B
:10CD100043F00803636498E72DE9F8430446154699
:10CD20008946F5F70FFD2768BA6994F84030012B62
:10CD30006CD0012384F8403094F84130012B5FFA25
:10CD400083F807D04FF002080023404684F84030B3
:10CD5000BDE8F88300236364B9F1000F5BD02223A0
:10CD6000064684F841303B690133A3633B69C4F84C
:10CD70003090013363637B6923F0406343F0806349
:10CD80007B61BA61A36B002B33D0681C394612D18A
:10CD90008B6813F0060FFBD097F82020236B1A70D6
:10CDA000A26B236B013A0133A263A26B2363FAB136
:10CDB000681C2168ECD08B6813F0060FECD1F5F7F6
:10CDC000C1FC801B854201D3002DF1D1042384F8DE
:10CDD0004130636C43F00103636413E0BB689B075D
:10CDE0000CD4F5F7AFFC801B8542EFD3002DEDD0BE
:10CDF0002768691CF2D1BB689A07FCD502234FF063
:10CE00000008FB60012384F841309DE74FF00208E1
:10CE10004046BDE8F883636C43F00803636493E71E
:10CE20002DE9F84F04461F4689469046F5F78AFCDF
:10CE300094F84030012B52D0012384F8403094F80C
:10CE40004130012B5FFA83FB07D04FF0020B002328
:10CE5000584684F84030BDE8F88F0023824663646A
:10CE6000422384F841307A1C26682CD1B568AB0681
:10CE7000FCD4D8F8003049462046B362D8F80430D4
:10CE80007362D8F80830F3623268D8F8103022F4B0
:10CE900040021343D8F80C2043F480033360C9F8F0
:10CEA00028204FF00062FFF70BFD781C22681BD191
:10CEB00093681907FCD5082101234FF0000BD160BE
:10CEC00084F84130C3E7B3689D06D2D5F5F73AFC44
:10CED000A0EB0A00874212D3002FC4D10FE04FF01D
:10CEE000020B5846BDE8F88F93681B07E3D4F5F7AB
:10CEF00029FCA0EB0A00874201D3002FD5D10423DF
:10CF000084F84130636C43F0010363649FE700BF22
:10CF10002DE9F04704460F461646F5F713FC94F842
:10CF20004030012B45D0012384F8403094F8413043
:10CF3000012B5FFA83F907D04FF00209002348461E
:10CF400084F84030BDE8F08700238046D4F848A03C
:10CF50006364822384F84130BAF1FF3F256814D11D
:10CF6000AB689A06FCD42B68726823F00803082A81
:10CF700043EA02032B6021D04FF04062394620463D
:10CF80004FF00009FFF79CFCD8E7AB689B06EAD599
:10CF9000F5F7D8FBA0EB0800824502D3BAF1000FE9
:10CFA000DAD1042384F84130636C43F001036364F5
:10CFB000C4E74FF002094846BDE8F0873268102305
:10CFC0002A63EB602B6843F480132B60D4E700BF27
:10CFD000704700BF08B5006C00238363C36290F8FC
:10CFE0004130082B0BD103680222DA601A6842F440
:10CFF00000321A601A6842F002021A6008BD01236A
:10D0000080F84130FFF7E4FF08BD00BF704700BF64
:10D01000704700BF704700BF704700BF704700BF38
:10D02000704700BF704700BF38B5036804469A6870
:10D03000196855070ED548030CD594F84120122ADB
:10D0400075D094F84120222A00F0A1802046FFF7F5
:10D05000E5FF38BD950726D5880324D50222DA607E
:10D060001A6822F4E0221A6094F84120122A7AD039
:10D0700094F84120222A00F0A98094F84120022A45
:10D0800000F0D08094F84120082AE2D15A690121A9
:10D09000204622F040625A6184F84110636C3BBB29
:10D0A000FFF7B4FF38BD150725D4D50735D5C8031C
:10D0B00033D50125DD601A6822F470221A60626C93
:10D0C00042F0020262641A68520779D51A68E06B6E
:10D0D00022F004021A60574B836504F0FFFE00281B
:10D0E000B7D0636C204643F00403636484F8415076
:10D0F000FFF76EFF38BD0803D7D50822DA601A683B
:10D10000520206D51A68012122F410221A6084F80E
:10D1100041102046FFF784FF38BDD00699D5CA02DA
:10D1200097D510222046DA60FFF77CFF38BD9A6859
:10D1300050078BD518460EE0626A127883F82020DB
:10D14000E16A20680139626AE162013281686262E3
:10D150004D077FF57BAFE26A002AEDD1036823F427
:10D160008023036072E71A68510709D51A68E16BDA
:10D1700022F0040209681A60CB6823F00103CB6037
:10D180000123204684F84130FFF746FF38BD9A68F6
:10D1900052077FF55BAF18460EE093F82010226B24
:10D1A0001170A16B20680139226BA1630132816883
:10D1B000226349077FF54AAFA26B002AEDD1CDE784
:10D1C000204684F84150FFF703FF38BD1A68520724
:10D1D0001DD49A6812F47C5F0FD111E093F82010EF
:10D1E000226B1170A16B20680139226BA16301329F
:10D1F0008168226311F47C5F02D0A26B002AEDD11A
:10D200000123204684F84130FFF704FF38BD1A6837
:10D21000E16B22F0040209681A60CB6823F0010375
:10D22000CB60EDE70123204684F84130FFF7F0FEA4
:10D2300038BD00BFD5CF0008F8B501680546AC4B36
:10D2400099421FD0203399421CD003F5787399423C
:10D2500058D02033994255D003F57873994200F0A5
:10D260001E812033994200F01A8195F89130A14E29
:10D2700003F0FF026BB9284685F89020FBF756FEB5
:10D28000296806E09C4E95F8913003F0FF02002BD0
:10D29000F1D09A4B9A4A1B68A2FB03230A681B0B26
:10D2A00022F480329B000A6023B30C68013B14F423
:10D2B0008034F9D1022385F89130EB68012B00F01E
:10D2C0001081022B15BF032023200227222715BF20
:10D2D0004FF0010C4FF0210C00222022AB68013BE3
:10D2E000042B00F24B81DFE813F0CF001000D600D2
:10D2F0000F00D200D5F89430012043F04003C5F868
:10D300009430F8BD7F4EBEE73A464FF400672B6A73
:10D310003260002B44D0764B994200F01E817A484F
:10D32000081AB0FA80F04009002840F01681774BC7
:10D33000994200F00C812033994200F00881744B2F
:10D34000994200F0FE802033994200F0FA80714B40
:10D35000994200F00881704B994200F00A81AB6954
:10D3600000EB8000B3F5002F4FEA400300F0E280AD
:10D37000AA6A296AB2F1806F0CBF0222012201FB66
:10D3800002F21202B3FBF2F3644AA2FB0312D208C8
:10D3900002EB8201A3EB4103092B08BF01326A6251
:10D3A0006B6833F002032B6D40F09680012B14BFA5
:10D3B0004FF400740024F5F7DDF9696CB0F5005FF7
:10D3C000D5E9003242EA0102A96C42EA0102E96CA5
:10D3D00042EA0102E96A42EA0102696942EA01029B
:10D3E00072D3A96918680A43A96A0A434C490140E3
:10D3F000196029690A4319680A43696A42EA0152B5
:10D4000048493A4322431A605A68286B1140EA6936
:10D410000243686B5960024359680A4342495A60A3
:10D420009A6811406A6E9960E96D98680A43296E9E
:10D430000A43696D01390A43A96D013942EA0122A3
:10D4400002434FF220009A60D968AA6E0140D96069
:10D45000E96ED8680A43696F42EA0142296F0139CF
:10D4600042EA0122224902438B42DA6019D0294A5A
:10D47000934216D000230122C5F89430184685F84F
:10D48000903085F89120F8BD4FF480673FE7024661
:10D490004FF400673BE762464FF4006737E7234EDF
:10D4A000F1E6736C23F00103736495F83830012BB7
:10D4B000E0D1D5E90F23013A43EA02137364736C98
:10D4C00043F001037364D5E7A96918680A43184952
:10D4D00001401960A96A8DE7012B08BF4FF4007461
:10D4E00069E7132012274FF0110C1022F6E600BF57
:10D4F00004580140005400580058014044020024E0
:10D500001BECCB95005C014024580140045C0140B9
:10D51000046001400454005824540058CDCCCCCCB5
:10D5200010C005F0F01FFFFF0080F8FF0060014011
:10D5300010C005F82A6A696D01FB02F2B3FBF2F331
:10D5400022E74FF40070F8F747FE2968FFE64FF432
:10D550000070F8F741FE2968F1E64FF48070F8F7A3
:10D560003BFE2968E3E64FF48060F8F735FE296852
:10D57000F1E64FF40060F8F72FFEF0E60027C6E66C
:10D58000022938B5044635D9C81E012830D80020F4
:10D5900023676064E064E065A0664FF6FF70606733
:10D5A000606830F002000CBF0125002504294FF40B
:10D5B000003125650CBF01200D2021664FF480212C
:10D5C000A0656166032A13D8DFE802F0474E54369F
:10D5D0002368484A934205D002F1C052A2F5823234
:10D5E000934205D16368012B02D1636C002B2FD0CD
:10D5F000012038BD002023676064E064A066606895
:10D6000030F0020014BF0120002020654FF480306C
:10D61000E0654FF6FF70606713F00100E8D14D1E22
:10D62000012D29D860664FF400302066032ADFD828
:10D63000DFE802F05546362CE0215B018022A16430
:10D640006365E266F5F796F894F83830012BBFD0A1
:10D650002046BDE83840FFF7EFBD80211B01402286
:10D66000A1646365E266EDE780225B01A264636505
:10D67000E266E7E7C021E0E720664FF480206066BD
:10D68000032AB5D8DFE802F02B1C0C025B08E0206F
:10D6900080219A01A0645B01E166C4E91523D1E70A
:10D6A0005B08C022802502294FEA8310A2644FEA5A
:10D6B0004313E5666065A365C4D10823A366C1E78B
:10D6C0005B08802202294FEA8310A2644FEA4313C9
:10D6D000E266C4E91503B5D11023A366B2E75B087F
:10D6E000802040215A01A0641B01E166C4E9152392
:10D6F000A8E700BF045801402DE9F8430F4604464F
:10D700001546F5F71FF8002F61D0B5FA85F84FEAF6
:10D710005818002D5BD094F89130012B5FFA83F9F3
:10D7200050D194F89030012B4CD04346C4F89480EB
:10D730000646D4F8800065F30F03226884F89090C1
:10D74000394665F31F43A7671C32E3672B46122552
:10D7500084F891502E4DC0F8508005642D4DC5635E
:10D760002D4DC564F6F718FB00283ED1636C082BDD
:10D77000636831D005216122023B012B98BF11461D
:10D78000226813690B431361136843F40033136079
:10D7900006E0F4F7D7FF831BB3F57A7F2AD8226817
:10D7A000556915F4E025F4D01368DB0303D413683E
:10D7B00043F4803313600023994684F89030484640
:10D7C000BDE8F8834FF002094846BDE8F8834FF002
:10D7D00001094846BDE8F88323F00202012A0BBF85
:10D7E0001521052171226122C6E7484684F8908000
:10D7F000BDE8F883D4F894304FF0030984F89050D2
:10D8000043F040034846C4F89430BDE8F88300BFB5
:10D8100059D90008F1D80008D9D90008F8B500296D
:10D820004ED0B2FA82F513466D09002A48D090F81E
:10D8300091200446012AD6B23FD190F89020012AC7
:10D840003BD081670A462946222780F8906063F31F
:10D850000F01C0F8945063F31F41C167D0F88400F2
:10D8600084F891701E4F216807641E4F1C310565B6
:10D87000C7631D4FC764F6F78FFA20BB23681A6889
:10D88000D20303D41A6842F480321A60626C082A08
:10D8900062681CD005216120023A012A98BF014626
:10D8A0001A6900200A4306461A611A6842F40032D7
:10D8B0001A6084F890003046F8BD02263046F8BD64
:10D8C00001263046F8BD304684F89050F8BD22F06D
:10D8D000020101290BBF1521052171206120DBE721
:10D8E000C9D9000865D90008D9D90008704700BF18
:10D8F00008B5C369806BB3F5807F1BD003684FF018
:10D90000000C416C1A680829A0F87EC022F400328D
:10D910001A60426811D06FF0610C6FF00501023A95
:10D92000012A98BF61461A694FF0010C0A401A613A
:10D9300080F891C0FFF7DAFF08BD22F0020101294B
:10D940000BBF6FF0710C6FF0610C6FF015016FF091
:10D950000501E4E7704700BF806B08B5FFF7FAFFE9
:10D9600008BD00BF08B5C369806BB3F5807F1BD0CD
:10D9700003684FF0000C416C1A68082922F4003249
:10D980001A604268A0F87EC011D06FF0610C6FF091
:10D990000501023A012A98BF61461A694FF0010C4D
:10D9A0000A401A6180F891C0FBF7C6FB08BD22F05F
:10D9B000020101290BBF6FF0710C6FF0610C6FF069
:10D9C00015016FF00501E4E7806B08B5FBF778FB04
:10D9D00008BD00BF704700BF10B5846BF6F7E6FEC8
:10D9E000022823D0D4F89420216842F08002134BFF
:10D9F0001348C4F894201B680A68A0FB030322F4B0
:10DA000000321B0B0A600A689B0022F480320A6015
:10DA10006BB10A68013BD203FAD4012200232046ED
:10DA200084F89120A4F87E30FFF7D4FF10BDD4F81D
:10DA3000943043F04003C4F89430EEE744020024ED
:10DA40001BECCB9518B338B590F82C3004460D4636
:10DA500003F0FF02B3B12146022384F82C3051F8C1
:10DA6000040B01F0E7FE62682946206801F020FF00
:10DA7000084A01210020136843F00043136084F832
:10DA80002C1038BD80F82D20F8F7B4FFE3E7012013
:10DA9000704700BF0040005270B590F82C3004462B
:10DAA000022BD8B204D000F0FB06012E01D00120D9
:10DAB00070BD02230D46206884F82C3001F044FF2D
:10DAC0002B68022B03D0002084F82C6070BD052346
:10DAD000002084F82C3070BD38B590F82C30044606
:10DAE000022BD8B205D094F82C30012BDDB201D036
:10DAF000012038BD0223206884F82C3001F038FF63
:10DB0000002084F82C5038BD2DE9F8431E46D0F88B
:10DB10008030202B71D18946002947D0B2FA82F794
:10DB200014467F09002A41D090F87C300546012B2D
:10DB300063D00123C0F8887080F87C302123C0F8BE
:10DB40008030F4F7FFFDAB688046A5F85440B3F58C
:10DB5000805FA5F8564060D0B5F856309BB2002BD8
:10DB600059D02C68721C24D1E2691306FCD5B9F196
:10DB7000000F3DD019F8013BA362B5F85630013BC8
:10DB80009BB2A5F85630B5F856309BB2002BE9D1C0
:10DB9000711C35D1E3695A06FCD5002320221846B2
:10DBA000C5F8802085F87C30BDE8F8830120BDE809
:10DBB000F883E3691806DAD4F4F7C4FDA0EB080093
:10DBC000864201D3002ECCD12B68202100240320D3
:10DBD0001A6822F4D0721A609A6822F001029A60E0
:10DBE000C5F8801085F87C40C5F88410BDE8F8833E
:10DBF00037F8023BC3F30803BEE70220BDE8F88311
:10DC0000E3695B06C9D4F4F79DFDA0EB08008642EA
:10DC1000DAD3002ED8D02C68BAE72B69002B9BD121
:10DC20004F46994698E700BFF8B5D0F88070202F8E
:10DC300044D1002940D0B2FA82F67609002A3BD0BE
:10DC4000044690F87C00012838D001252123606F1C
:10DC5000A4F856202165C4F88860A4F8542084F8FC
:10DC60007C50C4F88030D8B1DFF854C01346226825
:10DC7000C0F83CC0DFF84CC028320665C0F840C090
:10DC8000DFF844C0C0F84CC0F6F786F840B1102366
:10DC9000284684F87C60C4F88830C4F88070F8BDE9
:10DCA0002368002240211046196284F87C209A687B
:10DCB00042F080029A60F8BD0120F8BD0220F8BD54
:10DCC00079DD0008A9DD0008F9DD0008F8B5D0F815
:10DCD0008470202F48D1002944D0B2FA82F6760908
:10DCE000002A3FD090F87C300446012B3CD001251F
:10DCF0002223C0F888608165A0F85C2080F87C5001
:10DD0000C0F88430806FE0B1DFF860C013460A4687
:10DD10002168C0F83CC0DFF858C024310665C0F85F
:10DD200040C0DFF850C0C0F84CC0F6F735F840B13D
:10DD30001023284684F87C60C4F88830C4F88070CA
:10DD4000F8BD2368002084F87C001A6842F48072D1
:10DD50001A609A6842F001029A609A6842F04002A2
:10DD60009A60F8BD0120F8BD0220F8BDB5DD0008BD
:10DD7000EDDD0008F9DD000808B5C369806BB3F577
:10DD8000807F0CD003680022A0F856209A6822F009
:10DD900080029A601A6842F040021A6008BDFCF7DF
:10DDA000EDF808BD704700BF806B08B5FFF7FAFFBC
:10DDB00008BD00BF08B5C369806BB3F5807F12D082
:10DDC000036800222021A0F85E201A6822F48072E5
:10DDD0001A609A6822F001029A609A6822F0400262
:10DDE0009A60C0F88410FCF7CDF808BD806B08B5C8
:10DDF000FCF712F908BD00BF806B38B50368D0F896
:10DE00008040D0F884109A68150601D5212C1DD0C9
:10DE10009A68520601D5222908D0D0F8883043F0FC
:10DE20001003C0F88830FCF73FF938BD00240F4AD2
:10DE30002025A0F85E40196821F490711960996856
:10DE40000A409A60C0F88450C466E6E700222024A5
:10DE5000A0F856201A6822F0C0021A609A6822F4CC
:10DE600000029A60C0F88040D2E700BFFEFFFFEFDB
:10DE70000268D36970B51E0715680446916800F002
:10DE800084806C4805F4907C08405CEA00061DD153
:10DE9000D80202D54E0200F19D80180606D501F485
:10DEA000000105F08000014340F08C805E0602D541
:10DEB000680600F19B80190202D56A0000F1A38078
:10DEC000DB0102D5002DC0F2AA8070BDDE0709D5A6
:10DED000EE0507D501261662D4F8886046F00106E3
:10DEE000C4F888609E0760D5CE0709D50226166261
:10DEF000D4F8886046F00406C4F888605E0758D4F9
:10DF00001E070CD505F0200C5CEA000007D00820A5
:10DF10001062D4F8880040F00800C4F88800D4F8F3
:10DF200088000028D1D09E0606D505F0200501F016
:10DF3000805155EA01036BD1D4F88850936805F0FD
:10DF4000080503F040031D436ED0116820203A4BB2
:10DF500021F49071116091680B4000219360C4F826
:10DF600084009368E1665D063CD59368A06F23F05A
:10DF700040039360002835D0304B0365F6F72CF84A
:10DF80000028A2D0A06F036D0CE09E0680D505F09E
:10DF9000200C01F0805E5CEA0E063FF479AFC36EA0
:10DFA000002B92D0BDE8704018475E07A8D5CE0779
:10DFB000A6D504261662D4F8886046F00206C4F896
:10DFC00088609DE7236F002B3FF47FAF2046BDE8BC
:10DFD000704018474FF4801320461362BDE870402C
:10DFE00001F068BB2046FCF75FF870BD1368202085
:10DFF000002123F040031360C4F88000204621670D
:10E00000FBF7BCFF70BD2046BDE8704001F056BB79
:10E01000E36E002B90D02046984722688CE720467C
:10E02000BDE8704001F048BB2046FCF73DF8C4F85D
:10E03000885070BD01000010FEFFFFEF41E00008B6
:10E0400008B5806B0023A0F85E30A0F85630FCF7CE
:10E050002BF808BDD0F88020D0F88400104370471A
:10E06000F0B58268044687B02368D0E904101D68C3
:10E070000A43616E0243E06902430A43A84929400A
:10E08000A84D0A43E168AB421A605A6822F4405234
:10E0900042EA0102A1695A6000F09D80226A9D68EF
:10E0A0001143A14A666A2A4011439960DA6A22F054
:10E0B0000F023243DA629D4A934224D09C4A934233
:10E0C00055D09C4A934200F02F829B4A934200F025
:10E0D0009B829A4A934200F0E980994A934200F069
:10E0E0009D82984A934200F0D885974A934200F067
:10E0F000D682012500234FF0011228462367C4E988
:10E100001A2307B0F0BD914B5B6D03F03803282B49
:10E11000EFD88F4AD55CB0F5004F33D0202D00F2F8
:10E12000D981202D00F2B680DFE815F0A8017B012F
:10E13000B400B4007201B400B400B4004901B400EA
:10E14000B400B400B400B400B400B4001C01B400C6
:10E15000B400B400B400B400B400B400B400B4001F
:10E16000B400B400B400B400B400B400CA00774BEB
:10E170005B6D03F00703052BBBD8764AB0F5004F63
:10E18000D55CCBD1202D00F21482202D00F200822C
:10E19000DFE815F08A035804FE01FE012804FE01A1
:10E1A000FE01FE018604FE01FE01FE01FE01FE01EC
:10E1B000FE01FE01F203FE01FE01FE01FE01FE0171
:10E1C000FE01FE01FE01FE01FE01FE01FE01FE0157
:10E1D000FE01FE01B7039868534A02405B480A43B8
:10E1E0009A60DA6A616A22F00F020A43DA62836D8A
:10E1F00003F00703052B3FF67CAF574AD65C202E71
:10E2000000F29C81012E7FF674AFB31E1E2B3FF6E9
:10E2100070AF01A252F823F0CFE70008F3E0000846
:10E2200079E70008F3E00008F3E00008F3E00008F5
:10E2300043E80008F3E00008F3E00008F3E000081A
:10E24000F3E00008F3E00008F3E00008F3E0000862
:10E25000E3E70008F3E00008F3E00008F3E000085B
:10E26000F3E00008F3E00008F3E00008F3E0000842
:10E27000F3E00008F3E00008F3E00008F3E0000832
:10E28000F3E00008F3E00008F3E00008F3E0000822
:10E2900059E8000801250023A3F110014FF6EF72A1
:10E2A00091423FF626AF2268D36023E7274B5B6D90
:10E2B00003F00703052B3FF61CAF284AD55C2AE77D
:10E2C000002E00F0B581012E00F09E85022E00F098
:10E2D000B185032E00F0D885042E00F0F485052EBC
:10E2E00000F08486062E00F0BE86072E00F0FD8624
:10E2F000082E00F05087092E00F07B870A2E00F0D0
:10E30000DC8743F60953164A0B2E18BF1346626882
:10E31000002503EB5203B3FBF2F39BB2BCE700BF53
:10E32000F369FFCF000C0058FFF4FF11001001400B
:10E330000044004000480040004C004000500040B5
:10E340000014014000780040007C00400044025866
:10E35000683C0108943C01089C3C0108943C01087D
:10E3600000093D00B34B1A68920640F16F811A68AC
:10E37000B14BC2F3C102D340002EC8D0012E00F031
:10E38000EF81022E00F0C584032E00F0BF84042E1E
:10E3900000F02B85052E00F09D86062E00F0DC8611
:10E3A000072E00F01C86082E00F04E86092E00F085
:10E3B0008E860A2E00F0E3860B2EA8D126E003A855
:10E3C000F7F78EFD626A049B002AA0D0012A00F0B4
:10E3D000C781022A00F09D84032A00F09784042A52
:10E3E00000F00385052A00F0FD84062A00F07E85F2
:10E3F000072A00F0F485082A00F02686092A00F092
:10E4000066860A2A00F0BB860B2A80D11B0A7EE7AB
:10E410006846F7F7A7FC626A019B002A3FF477AFD2
:10E42000D4E7F6F73FFE636A03B3012B00F0F384F1
:10E43000022B00F0CE84032B00F0C884042B00F0E4
:10E440001785052B00F01185062B00F00686072B9B
:10E4500000F04886082B00F09B86092B00F0E1862F
:10E460000A2B00F03B870B2B08BF000A62680025CF
:10E4700000EB5203B3FBF2F39BB20DE7F6F7F6FDA8
:10E48000636A03B3012B00F0C984022B00F0A78458
:10E49000032B00F0A184042B00F0E484052B00F092
:10E4A000DE84062B00F0E685072B00F03686082B6D
:10E4B00000F08786092B00F0B1860A2B00F0FA865F
:10E4C0000B2B08BF000A626800EB5203B3FBF2F3A8
:10E4D0009BB2E1E6402D7FF40CAE002E00F0DC8014
:10E4E000012E00F09484022E00F0A784032E00F089
:10E4F000C784042E00F0EC84052E00F07A85062EE9
:10E5000000F0B485072E00F0FE85082E00F0498645
:10E51000092E00F08B860A2E00F029870B2E0CBFE7
:10E5200080234FF40043F2E6424B5B6D03F0070398
:10E53000052B3FF6DEAD414AD55CECE5402E7FF47D
:10E54000D8AD002900F0B580012900F06E840229C1
:10E5500000F08284032900F0AF84042900F03B8599
:10E56000052900F06985062900F0AD85072900F02E
:10E57000EF85082900F03686092900F05B860A2914
:10E5800000F0F9860B290CBF80254FF4004592E07E
:10E5900001250023A3F110014FF6EF7291423FF6DF
:10E5A000A8AD23F00F02C3F3420313432268D360E4
:10E5B000A0E5402D7FF49DAD002E00F0D380012E0C
:10E5C00000F0D280022E00F06D84032E00F0F4845F
:10E5D000042E00F02585052E00F06885062E00F03B
:10E5E000C285072E00F01086082E00F04886092EFE
:10E5F00000F059860A2E00F0EC860B2E0CBF4FF46B
:10E6000080704FF48030AFE00A4B5B6D03F007037E
:10E61000052B3FF66EAD0A4AD55C7CE5054B5B6D7C
:10E6200003F03803282B3FF664AD064AD55C72E54B
:10E63000054B6CE6004402580090D003943C01085E
:10E64000943C0108683C010800093D00002E00F0E0
:10E65000BA83012E00F0FD83022E00F02A84032EDF
:10E6600000F0B684042E00F0E484052E00F0288526
:10E67000062E00F08785072EDAD0082E00F0C4831E
:10E68000092E00F0D7830A2E00F01D84B44BB54A42
:10E690000B2E18BF13463AE64FF4004337E6B24B51
:10E6A0005B6D03F00703052B3FF623ADAF4AD55C46
:10E6B00031E54FF40045676807EB4703AB423FF68F
:10E6C00018ADB5EB073F3FF614AD202E00F2F082F7
:10E6D000012E7FF60EAD023E1E2E3FF60AAD01A3BF
:10E6E00053F826F021EC0008F3E00008F7EB0008EF
:10E6F000F3E00008F3E00008F3E0000895EB000801
:10E70000F3E00008F3E00008F3E00008F3E000089D
:10E71000F3E00008F3E00008F3E0000829EB00084C
:10E72000F3E00008F3E00008F3E00008F3E000087D
:10E73000F3E00008F3E00008F3E00008F3E000086D
:10E74000F3E00008F3E00008F3E00008F3E000085D
:10E75000F3E00008F3E00008F3E00008B1EA000885
:10E760005B08D4E54FF480306268002500EB52036B
:10E77000B3FBF2F39BB20DE76846F7F7F3FA636A6F
:10E78000019D03B3012B00F0CF82022B00F0C78262
:10E79000032B00F0C182042B00F02F83052B00F027
:10E7A0002983062B00F09883072B00F02684082B82
:10E7B00000F04D84092B00F09B840A2B00F0FB84B1
:10E7C0000B2B00F06582002D3FF494AC73E7F7F754
:10E7D000B7FA636A0546002BD4D1002D3FF48AAC0A
:10E7E00069E7614B1A68950640F1A5821B685D4D8B
:10E7F000C3F3C103DD4000293FF45DAF012900F000
:10E800004D83022900F04683032900F04083042948
:10E8100000F04584052900F08384062900F0D484A3
:10E82000072900F02085082900F04F85092900F00C
:10E83000F9850A2900F0FD850B297FF43CAF2D0AEC
:10E8400039E703A8F7F74CFB636A049D002B99D1C5
:10E85000002D3FF44FAC2EE7002900F06A82012919
:10E8600000F0DF82022900F0F282032900F0288301
:10E87000042900F0AA83052900F0D883062900F0B6
:10E880002E84072900F06184082900F0AF8409294B
:10E8900000F0EF840A2900F0148543F60955344B43
:10E8A0000B2918BF1D4606E7F6F7E0FB636A03B3C2
:10E8B000012B00F0CA82022B00F0F782032B00F03C
:10E8C0007F83042B00F0B083052B00F0EB83062B35
:10E8D00000F05084072B00F09E84082B00F0B984D0
:10E8E000092B00F0E4840A2B00F070850B2B08BF85
:10E8F000000A61684A0802EB4003B3FBF1F39BB2E4
:10E9000048E6002E00F03A82012E00F09A82022E94
:10E9100000F0C682032E00F04D83042E00F07E83AB
:10E92000052E00F0BA83062E00F02184072E00F099
:10E930006F84082E00F08284092E00F0CC840A2E09
:10E9400000F06C8547F612230A4A0B2E18BF1346B7
:10E950006268002503EB5203B3FBF2F39BB219E6A6
:10E9600090D003000090D00300440258943C01086A
:10E9700000093D0000127A00A44B1A68910640F18C
:10E98000FF811A68A24BC2F3C10223FA02F206B356
:10E99000012E00F0B182022E00F03783032E00F02A
:10E9A0006F83042E00F0C683052E00F00084062E2F
:10E9B00000F06F84072E00F07184082E00F00385AC
:10E9C000092E00F03C850A2E00F036850B2E08BF7C
:10E9D000120A616800254B0803EB4203B3FBF1F315
:10E9E0009BB2D7E56846F7F7BDF9626A019902B3B1
:10E9F000012A00F00782022A00F01A82032A00F09E
:10EA00003A82042A00F06282052A00F0EB82062A8C
:10EA100000F01683072A00F07483082A00F0A1830F
:10EA2000092A00F001840A2A00F05B840B2A08BF3F
:10EA3000090A62680025530803EB4103B3FBF2F3B4
:10EA40009BB2A7E5F6F72EFB636A03B3012B00F038
:10EA5000FA81022B00F02B82032B00F08382042B1F
:10EA600000F0DA82052B00F02583062B00F0698385
:10EA7000072B00F0C283082B00F0EE83092B00F077
:10EA80007E840A2B00F08D840B2B08BF000A61687E
:10EA900000254A0802EB4003B3FBF1F39BB279E592
:10EAA00003A8F7F71DFA626A0499002AC1D09FE70C
:10EAB000616A002900F05482012900F01F830229B5
:10EAC00000F08B83032900F0BF83042900F0008449
:10EAD000052900F0AA84062900F08E84072900F099
:10EAE0008784082900F0E584092900F0DE840A29DA
:10EAF00000F0A8844748484B0B2918BF184600214E
:10EB00007B083A4618184FF0000341F10001F1F775
:10EB1000FBFDA0F54073414A93423FF6EAAA236801
:10EB20000025D860FFF7E6BA384A116811F02001D5
:10EB300000F0E781136800213548C3F3C103D840D2
:10EB4000636A0BB3012B00F04B83022B00F07F8331
:10EB5000032B00F00584042B00F05D84052B00F0EE
:10EB60002C84062B00F0A984072B00F0B484082B1A
:10EB700000F0AD84092B00F094840A2B00F08D8402
:10EB80000B2B01D1000A00210902030241EA1061A6
:10EB90007808B6E703A8F7F7A3F90498636A002199
:10EBA00002460BB3012B00F03582022B00F0868267
:10EBB000032B00F0C182042B00F02183052B00F011
:10EBC0004D83062B00F09083072B00F02184082B47
:10EBD00000F00B84092B00F004840A2B00F052840F
:10EBE0000B2B01D1100A002162680902030241EADD
:10EBF0001061500886E76846F7F7B4F80198636A31
:10EC000000210246002BEFD0CCE700BF00440258A1
:10EC10000090D00300093D000000093DFFFC0F00FB
:10EC2000F7F78EF8626A002103460AB3012A00F062
:10EC30006E82022A00F0B982032A00F02483042A9B
:10EC400000F09383052A00F0A683062A00F0DA83F9
:10EC5000072A00F0D583082A00F01C84092A00F056
:10EC600015840A2A00F02F840B2A01D1030A0021FF
:10EC700062680902180241EA13615308C0184FF094
:10EC8000000341F10001F1F73FFDA0F5407342E7B9
:10EC90002D0A002D3FF42EAA0DE5B54B5B6D03F058
:10ECA0000703052B3FF625AAB24AD55CFFF733BA16
:10ECB000402E7FF41EAA616A002900F04E810129CE
:10ECC00000F02782022900F08482032900F0CE821E
:10ECD000042900F05783052900F05983062900F024
:10ECE0006883072900F06083082900F0B7830929A9
:10ECF00000F0AF830A2900F0C0830B294FF0000118
:10ED00000CBF4FF400404FF40000F9E69A4AA2FB12
:10ED100003239B08FFF7FBBA974BA3FB0535AD0810
:10ED2000002D3FF4E7A9C6E46D08002D3FF4E2A9E9
:10ED3000C1E4924DBFE400295AD0012900F0AC8013
:10ED4000022900F0DB80032900F06181042900F032
:10ED5000A181052900F0EB81062900F01682072920
:10ED6000E7D008295DD0092971D00A2900F02D814A
:10ED7000834D844B0B2918BF1D469CE4824BE7E56D
:10ED8000002E50D0012E00F0AF80022E00F03B810B
:10ED9000032E00F07A81042E00F0C781052E00F0CA
:10EDA000FD81062E00F04D82072EE7D0082E48D0B8
:10EDB000092E75D00A2E00F03181744B744A0B2E47
:10EDC00018BF1346C4E56F4BFFF7A1BA6A4BA3FB0C
:10EDD00000308008FFF74ABB674BA3FB0030800878
:10EDE000FFF771BB6B4AA2FB0323DB08FFF78FBA67
:10EDF000644D60E4674BA3FB0535ED08002D3FF43F
:10EE000079A958E4490814E6634BFFF780BA4FF438
:10EE10008043FFF77CBA4008FFF728BB4008FFF7A4
:10EE200052BB5D4D47E45A4B92E54FF4804542E4B6
:10EE30008908FEE5594BFFF76ABA4FF40053FFF714
:10EE400066BA4E4B84E5400821E6400851E5534D33
:10EE500031E4534BFFF75BBA4FF400552BE44D4BB5
:10EE6000A3FB0030C008FFF72EBB4A4BA3FB0030CA
:10EE7000C008FFF7FBBA404BA3FB01239908D8E574
:10EE800041F25553FFF743BA464BFFF740BA3A4BAE
:10EE9000A3FB0535AD080EE4414D0CE46D080AE412
:10EEA0003D4B55E54FF480405EE4800821E5800845
:10EEB000EDE53D4BFFF72BBA41F25555FFF7FBBB94
:10EEC000384DFFF7F8BB314BFFF721BAC908B0E561
:10EED0004FF48053FFF71BBA0C23B5FBF3F5002D5D
:10EEE0003FF408A9FFF7E7BB264B31E5224AA2FB16
:10EEF0000323DB08FFF70BBA52086AE52A4DFFF738
:10EF0000DABB626A002A00F0C280012A00F079812F
:10EF1000022A00F0B281032A00F0C381042A00F023
:10EF20005E82052A00F05982062A00F09E82072A96
:10EF300000F09982082A00F09D82092A00F0978249
:10EF40000A2A00F083820B2A184A0E4B0EBF0021BA
:10EF50000321134678083A4690E64FF40000CFE5C7
:10EF60001348CDE5044BA3FB002398088FE500BFB1
:10EF700000440258943C0108ABAAAAAA00093D002B
:10EF800090D003000090D00300127A0020A1070067
:10EF90000020A107CDCCCCCC80841E0040420F00C5
:10EFA0000048E8012A2C0A000024F400000090D058
:10EFB0000000093DCF4BCBE442F6AA20FFF7D4BBBB
:10EFC000CD4BA3FB0023980893E4CC4DFFF773BB14
:10EFD000CB4BFFF79CB94FF48055FFF76CBB1B0977
:10EFE000FFF795B90A23B1FBF3F122E5C54BFFF713
:10EFF0008EB940F6CC43FFF78AB92D09002D3FF4B6
:10F0000079A8FFF758BBC04BA2E49208E1E4BC4DDD
:10F01000FFF751BB4008E7E5C00838E5BB4B97E474
:10F020004FF40050FFF7A0BBC00862E4B54DFFF7F6
:10F0300042BBB74BFFF76BB940F6CC45FFF73BBB84
:10F040000C23B1FBF3F1F4E45B09FFF760B96D0940
:10F05000002D3FF44FA8FFF72EBBA74BA3FB0030BA
:10F06000C008FFF703BAAB4BFFF751B940F6AA232C
:10F07000FFF74DB9A04BA3FB0030C008FFF723BA40
:10F080009D4BA3FB02239A08A3E4A34B60E4A34B8C
:10F0900003215FE79E4DFFF70EBBA14B58E4ED083F
:10F0A000FFF709BB0A23B0FBF3F022E441F6981006
:10F0B000FFF75ABB0A23B0FBF3F0E8E4800893E5BE
:10F0C000984BFFF724B940F6AA25FFF7F4BA9B093D
:10F0D000FFF71DB90A22B3FBF2F3FFF718B98D4D04
:10F0E000FFF7E9BA0009FFF7C1B98F4BFFF70FB976
:10F0F000AD09002D3EF4FEAFFFF7DDBA8B480021CD
:10F10000FEE4090995E44FF40063FFF700B94308F2
:10F11000AEE54FF480000021F2E40009FFF7D3B917
:10F120000A23B5FBF3F5FFF7C6BA814B10E47D4D1A
:10F13000FFF7C1BAD2084CE406220023F1F7E4FA43
:10F1400052E50C23B0FBF3F0A1E4774DFFF7B3BA1F
:10F150004FF40065FFF7AFBA0C22B3FBF2F3FFF7F1
:10F16000D6B8490965E441F25450FFF7FDBA714B36
:10F17000FFF7EEBB0C23B0FBF3F0FFF7BABBDB09E4
:10F18000FFF7C5B86C4BFFF7C2B86B4DFFF793BAEA
:10F190004009FFF76BB9694BFFF7B9B8684BFFF748
:10F1A000D7BB4FF48063FFF7B2B8830860E50A234A
:10F1B000B2FBF3F20DE4ED09002D3EF49BAFFFF737
:10F1C0007ABA4009FFF77FB90C23B5FBF3F5FFF7D7
:10F1D00072BA4FF40010002192E45A4800218FE4E3
:10F1E0004008D1E44FF48065FFF765BA534DFFF74F
:10F1F00062BA4FF22443FFF78AB8000947E4C00817
:10F20000F2E4514B1146A5E64FF48050FFF7ACBA3B
:10F210003A4BFFF79DBB0009FFF76BBB8009FFF777
:10F2200052B98009FFF722B9890902E44FF400734B
:10F23000FFF76DB84FF40075FFF73DBA3A4BFFF793
:10F2400087BB2F4BFFF784BB4048002158E4800860
:10F250009AE44009FFF74DBB400918E40A22002355
:10F26000F1F752FAC0E42D09FFF725BA384800211A
:10F2700046E44FF22445FFF71EBA364B6AE64FF4D8
:10F280000060FFF771BA00230622F1F73DFA03464A
:10F29000EEE40C23B2FBF3F2FFF79BBB1209FFF77E
:10F2A00098BB2D4B56E64FF48060FFF75DBA80099E
:10F2B000FFF71FBBC009FFF706B947F61223FFF798
:10F2C00026B847F61225FFF7F6B96D09FFF7F3B92F
:10F2D0002248002114E4194BFFF73ABBC009FFF79D
:10F2E000C5B8C909FFF7A5BB0C220023F1F70CFA3A
:10F2F0007AE400BF54581400ABAAAAAA20A10700C0
:10F30000AAC2A200801A06000048E80140420F008D
:10F3100000127A001516050054854501000090D0B2
:10F3200000350C0000A8610090D003000080841E0E
:10F330000024F4002A2C0A005561510048E801001D
:10F340000050C3000040420F000048E8002A2C0A89
:10F3500000551500000024F400AAC2A20020A10755
:10F3600006220023F1F7D0F90EE4C30880E44FF43D
:10F370008073FEF7CCBF4FF48075FFF79CB980090E
:10F38000FFF785BB4FF480100021FFF7B9BB53484E
:10F390000021FFF7B5BB00230A22F1F7B5F90346B8
:10F3A00066E4C009FFF773BB4FF400200021FFF7AC
:10F3B000A7BB4B480021FFF7A3BB0A220023F1F7AC
:10F3C000A3F9FFF7E1BB5209FFF703BBC009FFF741
:10F3D00090BA4FF40070FFF7C7B9424BBAE5424B01
:10F3E000B8E590090021FFF7FFBB4009FFF7FCBB20
:10F3F0003E480021FFF784BB3D480021FFF780BB5A
:10F40000030935E400230C22F1F77EF903462FE4CB
:10F410000009FFF7E9BBC008FFF7B6BB4FF2244372
:10F42000FFF796BAAD09FFF746B932480021FFF75A
:10F4300067BBED09FFF73FB9D209FFF7CABA9209D6
:10F44000FFF7C7BA2C480021FFF75ABB2B4B00210E
:10F4500080E54FF400300021FFF752BB4FF48020CD
:10F460000021FFF74DBB264B74E5264B72E5264B7A
:10F4700000216FE5254B00216CE54FF48030002121
:10F48000FFF73EBBD0090021FFF7AEBB8309002187
:10F49000FFF7EEBB4309FFF7EBBBC0090021FFF705
:10F4A00073BB80090021FFF76FBB19480021FFF7EC
:10F4B00027BB18480021FFF723BB0C220023F1F7DC
:10F4C00023F9FFF761BBC3090021FFF7D1BB400956
:10F4D0000021FFF759BB0009FFF756BB00CC0C0019
:10F4E00000AA0A000000A8610000127A0090D00370
:10F4F0000015160500801A0600127A000020A107E8
:10F500000000093D005561510040420F0080841EFB
:10F510000024F4000048E801836ADA0710B406D535
:10F520000168C46A4A6822F4003222434A609C0798
:10F5300006D50168046B4A6822F4803222434A608F
:10F54000590706D50168446B4A6822F48022224399
:10F550004A601A0706D50168846B4A6822F40042A3
:10F5600022434A60DC0606D50168C46B8A6822F42F
:10F57000805222438A60990606D50168046C8A6825
:10F5800022F4005222438A605A060AD50168446C6C
:10F590004A68B4F5801F22F4801242EA04024A60ED
:10F5A0000BD01B0606D50268C16C536823F40023F8
:10F5B0000B4353605DF8044B70474A68846C22F437
:10F5C000C00222434A60ECE7002370B50446C0F84D
:10F5D0008830F3F7B7F8054623681A6811070CD48A
:10F5E0001A68520725D420220023C4F88020184628
:10F5F000C4F8842084F87C3070BDDE6916F40016EF
:10F60000EED1F3F79FF8431BB3F1007F2368F4D3E7
:10F610001A682021032022F4D0721A609A6822F01E
:10F6200001029A60C4F8801084F87C60C4F88410E9
:10F6300070BDDE6916F48006D5D1F3F783F8431B5D
:10F64000B3F1007F2368F4D3E2E700BF80B3D0F8C2
:10F65000803010B5044633B3226824232046C4F812
:10F660008030136823F001031360FEF7F9FC0128D2
:10F6700017D0A36A8BB9236820465A6822F49042B7
:10F680005A609A6822F02A029A601A6842F00102CF
:10F69000BDE810401A60FFF797BF2046FFF73CFF18
:10F6A000E9E7012010BD80F87C30FAF7BBF9D3E719
:10F6B00001207047704700BF704700BF704700BF10
:10F6C00090F87C20012A17D00268034624200021EC
:10F6D00030B4C3F8800020251068146820F0005072
:10F6E00024F001041460596610600846C3F8805085
:10F6F00083F87C1030BC70470220704790F87C2063
:10F70000012A43D002680346242030B4C3F88000A5
:10F7100084B014681068EC4604AD20F0010010605D
:10F72000906820F0604001431948916003C88CE85C
:10F730000300184903C905E90300596E19B391681C
:10F740009068C1F3426C05EB5071AC4411F8100C99
:10F7500011F8081CC0001CF8085CB0FBF1F01CF8A4
:10F76000101CC900B1FBF5F1A3F868100021A3F843
:10F770006A00202508461460C3F8805083F87C1086
:10F7800004B030BC704701210846EDE70220704705
:10F79000203A0108A43C010890F87C20012A43D0BB
:10F7A00002680346242030B4C3F8800084B0146893
:10F7B0001068EC4604AD20F001001060906820F065
:10F7C000606001431948916003C88CE80300184940
:10F7D00003C905E90300596E19B391689068C1F334
:10F7E000426C05EB5071AC4411F8100C11F8081C78
:10F7F000C0001CF8085CB0FBF1F01CF8101CC9003C
:10F80000B1FBF5F1A3F868100021A3F86A002025E8
:10F8100008461460C3F8805083F87C1004B030BCF4
:10F82000704701210846EDE702207047203A0108A1
:10F83000A43C01080B6810B4D3B90468A3F50043D5
:10F840004A6823401343D1E9024223431343D1E9D9
:10F85000044223431343D1E9064223431343D1E92E
:10F86000084223435DF8044B1343036000207047B4
:10F870000268D1E9074322F4F84222434C6A1A4352
:10F880000A4B2243026042681340D1E901422343FC
:10F890001343D1E9034223431343D1E905422343F0
:10F8A0005DF8044B13434360002070470080FFFF66
:10F8B00030B40ABB8368D1E9002403F07043013CF3
:10F8C000013A43EA04131343D1E90224013A013C0B
:10F8D00043EA022343EA0432D1E904348969013B53
:10F8E000013C013942EA034343EA045343EA01631A
:10F8F00030BC8360002070478268CC68114B013CAB
:10F9000013404A6943EA0433541E43EA0454D1E9DC
:10F9100000258460C3686C1E013A03F0704343EA1B
:10F9200004130C691A438B68013C8969013B013956
:10F9300042EA032343EA044343EA016330BCC36061
:10F9400000207047FF0F0FFF0246D1E9003010B4CE
:10F9500003431469D1E9021023435DF8044B0139D4
:10F9600043EA4023002043EA41131361704700BF7C
:10F970000246054B002010B4546923405DF8044B47
:10F9800043EA41015161704701C0FFFF022A82B082
:10F99000844613D009230193DCF80C30002023F4B3
:10F9A0007053CCF80C30019BDCF80C209B0203F464
:10F9B00070531343CCF80C3002B07047224B234AEB
:10F9C0000B44934207D9224B224A0B44934205D859
:10F9D0000E230193E0E70F230193DDE71E4B1F4A3F
:10F9E0000B44934207D91E4B1E4A0B44934205D247
:10F9F0000C230193D0E70D230193CDE71A4B1B4A4B
:10FA00000B44934202D80B230193C5E7184B194AC4
:10FA10000B44934202D20A230193BDE7164B174AC7
:10FA20000B449342B6D3164B164A0B44934202D270
:10FA300008230193B0E7144B144A0B44934234BF9C
:10FA4000072306230193A7E7405327FFFF340C0049
:10FA5000401E1BFF3F420F0000DC0BFF7F4F1200D8
:10FA6000808CF9FE20D6130060B6E5FE5FE3160039
:10FA700000D3CEFE40771B00C05BB3FEC0912100D7
:10FA800000CA91FE20753800E05459FEE09C410008
:10FA9000890182B000230A4A41F0200101930161EB
:10FAA00003E0036913F0200307D0019B0133934265
:10FAB0000193F6D9032002B07047184602B0704790
:10FAC000400D0300D0F8083882B003F0060301931C
:10FAD000019838B10198022804D0019B062B0CBF75
:10FAE00002200F2002B0704730B44B780A78012B07
:10FAF00020D002F00F0C4FF48033D0F81C4800EBFC
:10FB0000421203FA0CF32343C0F81C38D2F8003B2E
:10FB10001B040CD48B68D2F8004BC3F30A03C878DB
:10FB20001449234343EA80431943C2F8001B0020D1
:10FB300030BC704700F5006402F00F0500EB421086
:10FB4000AB40E5692B43E361D0F800391C04EED4E7
:10FB50008B68D0F80059C3F30A03CC7805492B43CE
:10FB600043EA844343EA8252114330BCC0F800198F
:10FB700000207047008000102DE9F0414B7891F88B
:10FB800000C0012B51D000EB4C1C844CDCF8105B06
:10FB90000CF530632C401C61814C1D692C401C61AC
:10FBA0004C6984B38D68012A7E4E2C4404F1FF34E5
:10FBB000B4FBF5F406EAC44EA4B205FB04F41D69D7
:10FBC0004EEA0505C4F312041D611D6944EA0504EB
:10FBD0001C6125D0CB78012B0CD1D0F8083813F458
:10FBE000807FDCF8003B0CBF43F0005343F08053B0
:10FBF000CCF8003BDCF8003B43F00443CCF8003B7E
:10FC00000020BDE8F0818C68012A1D69C4F312044C
:10FC100044EA05041C611C6944F400241C61D9D128
:10FC2000CA68002AD6D05A61D4E74D69002D3DD06C
:10FC300000EB4C14594ED1F808E0D4F81089584F15
:10FC400008EA0606C4F8106905EB0E06013EB6FB8D
:10FC5000FEFED4F810693740524EC4F8107906EA17
:10FC6000CE46D4F810793E43C4F81069C5F31206A5
:10FC7000D4F810793E43C4F8106904F5106691F881
:10FC800003E0BEF1010F57D0012A72D0D4F8002949
:10FC90000CF00F0C42F0044203FA0CF3C4F80029F4
:10FCA000D0F834281343C0F83438A9E700EB4C13DC
:10FCB0003B4E3A4C012AD3F8107906EA0706C3F8FE
:10FCC0001069D3F8106946F40026C3F81069D3F818
:10FCD000106904EA060403F51066C3F8104991F8A8
:10FCE00003E03AD0D3F80049BEF1010F44F00444D8
:10FCF000C3F8004984D1D0F8083813F4807F336802
:10FD00000CBF43F0005343F080533360002A7FF46C
:10FD100077AFADB20335AD083FF472AFCB6800EBFF
:10FD20000C3C03EB85010CF5805C53F8042B8B42F3
:10FD3000CCF80020F9D163E73369012A23F0C043EE
:10FD40003361336943F00053336117D0D4F800397D
:10FD500043F00443C4F80039CDE70B6963B9BEF141
:10FD6000010F0ED03368002043F004433360BDE838
:10FD7000F0810B69002BF5D07361F0E70B69002B64
:10FD8000FAD1D0F8083813F4807F33680CBF43F001
:10FD9000005343F080533360E4E700BF0000F8FFF6
:10FDA000FFFF07E00000F81FF0B54C780B78012C3E
:10FDB00026D000EB4310574CD0F8105B00F53063B1
:10FDC0002C401C61544C1D692C401C614C69A4B929
:10FDD0008C681D69C4F31204012A45F400251D61D5
:10FDE0001D6944EA05041C6149D0D0F8003B43F08A
:10FDF0000443C0F8003B0020F0BD8C684C61E8E78C
:10FE00004C69002C40D000EB4315424FD1F808E07C
:10FE1000D5F810C9404E74450CEA070705F5106C7B
:10FE2000C5F81079D5F8107906EA0706C5F8106903
:10FE300058D9DCF81040012AC1F814E044F4002439
:10FE4000CCF81040CEF31204DCF8106044EA06044B
:10FE5000CCF810403AD0D5F8002942F00442C5F859
:10FE60000029BEF1000FC6D003F00F010123D0F826
:10FE700034288B401343C0F834380020F0BDCA68E2
:10FE8000002AB2D05A61B0E700EB4310224B012A9E
:10FE9000D0F8104900F5106C03EA0403CCF81030D8
:10FEA000DCF8103043F40023CCF81030194BDCF8A8
:10FEB000104003EA0403CCF8103007D0D0F8003922
:10FEC00043F00443C0F800390020F0BD0B690BB1CA
:10FED000CCF81430DCF80030002043F00443CCF8B8
:10FEE0000030F0BDDCF81060C4F31204012A46F4BF
:10FEF0000026CCF81060DCF8106044EA0604CCF868
:10FF00001040E3D0D5F8002942F00442C5F800299A
:10FF1000AAE700BF0000F8FFFFFF07E010B49DF85C
:10FF2000044064B903339B0809D0013201EB830319
:10FF300000EB023051F8042B8B420260FAD1002012
:10FF40005DF8044B704700BF033292080AD000F5F9
:10FF5000805C01EB8200DCF8003041F8043B884211
:10FF6000F9D17047084670474A780B78012A00EBB0
:10FF700043100CD0D0F8002B0BB1002A14DAD0F8C3
:10FF8000003B43F40013C0F8003B00207047D0F85A
:10FF90000029002A00DB73B9D0F8003943F40013BC
:10FFA000C0F8003900207047D0F8003B23F08043B0
:10FFB000C0F8003BE3E7D0F8003923F08043C0F8F5
:10FFC0000039D0F8003943F40013C0F80039E9E7EC
:10FFD0004A780B78012A00EB431013D0D0F8003B8D
:10FFE00023F40013C0F8003BCB78023B012B01D96E
:10FFF00000207047D0F8003B43F08053C0F8003B2E
:020000040801F1
:1000000000207047D0F8003923F40013C0F80039FD
:10001000CB78023B012BEBD8D0F8003943F080536A
:10002000C0F8003900207047034609010020D3F8CA
:10003000002801F4FE6122F4FE62C3F80028D3F820
:1000400000281143C3F80018704700BF82B043690D
:1000500001938269019B13400193019802B070479C
:1000600082B0D0F818380193D0F81C28019B1340B7
:1000700001930198000C02B0704700BF82B0D0F825
:1000800018380193D0F81C28019B13400193019864
:1000900080B202B0704700BF00EB411182B0D1F8CE
:1000A000083B0193D0F81428019B13400193019859
:1000B00002B0704784B0D0F8103801F00F0C00EB9C
:1000C00041110293D0F834380393039B029A23FA28
:1000D0000CF3DB01DBB213430293D1F80839029A27
:1000E00013400193019804B0704700BF406900F0CD
:1000F00001007047D0F8001900F500630A4A0A4071
:10010000C0F800299A6802F00602042A05D1D0F846
:10011000002942F00302C0F800295A68002042F486
:1001200080725A60704700BF00F8FFFF144B10B494
:10013000046C9C421AD800F5306000230129036149
:10014000036943F400230361036943F01803036167
:10015000036943F0C043036104D14261036843F083
:100160008023036000205DF8044B7047D0F8003B0B
:1001700000F53060002BE0DA00205DF8044B70479A
:100180000A30544FD0F8002401F00303012900F590
:10019000806C22F00302C0F80024D0F8002443EA67
:1001A0000203C0F8003409D0022901D000207047B2
:1001B00041F270730020CCF8043070474BF6803366
:1001C0000020CCF804307047D0F8140480B2704797
:1001D00000EB4111002382B001F5A0620193D1F838
:1001E000003513F4802FD1F8003543F08043C1F877
:1001F000003522D1C36A13F47F0FD1F8003523D123
:1002000023F00043C1F80035D1F8003543F0004336
:10021000C1F80035D1F8003523F40043C1F80035AA
:1002200002E01368002B13DA019B0133B3F57A7FE8
:100230000193F6D9002002B07047D0F8103413F4BF
:100240007F0FD1F8003506D043F00043C1F80035E8
:10025000002002B0704723F00043C1F80035D1F808
:10026000003543F00043C1F80035D1F8003523F4E0
:100270000043C1F8003502E01368002BE8DA019B67
:100280000133B3F57A7F0193F6D9002002B07047AD
:1002900030B4002484B04FF48465AA4A0094014627
:1002A000836823F0010383600394056102E00B6916
:1002B000980604D5039B013393420393F7D900209A
:1002C0001023A04A02900B6102E00B69DB0604D503
:1002D000029B013393420293F7D9D1F8003501F51F
:1002E000A06201F5E0600193019B43F0804301931C
:1002F000019B23F000430193019B23F400430193EE
:10030000019BC1F80035D1F820350193019B43F0E2
:1003100080430193019B23F000430193019B23F44D
:1003200000430193019BC1F82035D1F8403501937A
:10033000019B43F080430193019B23F00043019311
:10034000019B23F400430193019BC1F84035D1F890
:1003500060350193019B43F080430193019B23F09F
:1003600000430193019B23F400430193019BC1F8D7
:100370006035D1F880350193019B43F080430193B0
:10038000019B23F000430193019B23F4004301935D
:10039000019BC1F88035D1F8A0350193019B43F052
:1003A00080430193019B23F000430193019B23F4BD
:1003B00000430193019BC1F8A035D1F8C0350193EA
:1003C000019B43F080430193019B23F00043019381
:1003D000019B23F400430193019BC1F8C035D1F880
:1003E000E0350193019B43F080430193019B23F08F
:1003F00000430193019B23F400430193019BC1F847
:10040000E035D1F800360193019B43F0804301931E
:10041000019B23F000430193019B23F400430193CC
:10042000019BC1F80036D1F820360193019B43F0BF
:1004300080430193019B23F000430193019B23F42C
:1004400000430193019BC1F82036D1F84036019357
:10045000019B43F080430193019B23F000430193F0
:10046000019B23F400430193019BC1F84036D1F86E
:1004700060360193019B43F080430193019B23F07D
:1004800000430193019B23F400430193019BC1F8B6
:100490006036D1F880360193019B43F0804301938D
:1004A000019B23F000430193019B23F4004301933C
:1004B000019BC1F88036D1F8A0360193019B43F02F
:1004C00080430193019B23F000430193019B23F49C
:1004D00000430193019BC1F8A036D1F8C0360193C7
:1004E000019B43F080430193019B23F00043019360
:1004F000019B23F400430193019BC1F8C036D1F85E
:10050000E0360193019B43F080430193019B23F06C
:1005100000430193019B23F400430193019BC1F825
:10052000E03613680193019B43F080430193019BE4
:1005300043F000430193019B23F400430193019B8B
:10054000136004E0400D03001368002B05DA009BE4
:100550000133B3F57A7F0093F6D920328242E0D19D
:100560004FF0FF330020C1F814344B618B6843F027
:1005700001038B6004B030BC704700BF08B5D0F8F1
:100580008C321BB11B68984700B908BD022008BD1A
:1005900008B5D0F88C325B689847002008BD00BFD2
:1005A00038B500F520750446284600F07DFB012291
:1005B000B4F8863294F88012C4E99B2301F01F033B
:1005C000934209D0022B13D063B101F08001204681
:1005D000FAF796FA002038BD2946204600F092FA34
:1005E000002038BD2946204600F00AF9002038BD19
:1005F0002946204600F0BAFA002038BD38B5054635
:1006000069B91346D0F86C22032A15D0052A0C4686
:100610000ED1C5F86C12FAF773FA204638BDD0F83F
:100620008C329B6933B190F87422032A02D1984727
:10063000002038BD022038BDD0E9531291420CD9B8
:10064000891A8A42C0F84C1188BF8AB2194698BFED
:1006500092B200F055FB002038BDD0F88C321B69F7
:100660001BB190F87422032A04D0284600F052FBF4
:10067000002038BD9847F8E770B5044661B9D0F856
:100680006C32022B15D033F0040337D094F8783253
:10069000012B2ED0002070BDD0F88C325B6933B1B5
:1006A00090F87422032A02D19847002070BD0220DE
:1006B00070BDD0E908630D469E4223D8C669B6FBDB
:1006C000F3F203FB12620AB9B34228D9D4F88C3290
:1006D000DB681BB194F87422032A30D080212046B5
:1006E000FAF70EFA204600F021FB94F87832012B3D
:1006F000D0D10023184684F8783270BD8021FAF7F3
:10070000FFF9C3E7F31A114603629AB200F0EEFA5A
:100710002B462A4629462046FAF73EFAB6E7D0F895
:1007200070329E42D2D20A4600F0E0FA2B462A46A8
:1007300029462046C4F87052FAF72EFAA6E720465A
:100740009847CBE770B500224026044601251146A4
:100750003346FAF7C3F93346802100222046C4F815
:100760004451C4F85061FAF7B9F90021D4F8903235
:10077000A561666284F87452C4F86C126160C4F8B2
:100780007C1223B1D4F88C3220465B689847002055
:1007900070BD00BF03460020197470470346042152
:1007A000002093F8742283F8741283F8752270473E
:1007B0000346002093F8752283F87422704700BF27
:1007C00090F87422032A01D00020704708B5D0F8B1
:1007D0008C32DB6903B19847002008BD00207047C8
:1007E0000020704700207047D0F88C22012108B506
:1007F00080F87412017953689847002008BD00BF43
:1008000030B50B7883B00D46044603F06003202B0F
:100810000DD0402B0BD09BB180212046FAF770F908
:1008200000212046FAF76CF9002003B030BDD4F85F
:100830008C32294620469B689847002003B030BD83
:100840004B78092BE8D801A252F823F0A708010839
:10085000D308010819080108F1080108190801085E
:10086000F90801083109010819080108610901089E
:10087000750801088978A24D01292970CCD890F813
:100880007432022B00F01281032B00F000818021D2
:10089000FAF736F900212046FAF732F9297820468E
:1008A000FFF776FEC0E790F87432013B022BB3D815
:1008B000CB88022BB0D10122D0F87C32C2600BB1C0
:1008C0000323C360022204F10C01204600F000FA69
:1008D000AAE790F87432013B022B9DD84B88012B7C
:1008E000A2D100232046C4F87C3200F013FA9BE723
:1008F0004B88012B98D1F5E78B88002B8CD1CB88C6
:10090000002B89D14D887F2D86D890F87432032B27
:1009100082D0E9B280F87612FAF722F9204600F088
:10092000F9F9002D00F0E080022384F874327BE7AF
:100930004A88130A013B062B3FF66EAF01A151F81E
:1009400023F000BFF5090108DD090108CB09010802
:100950001908010819080108B509010887090108E3
:10096000CA88012A7FF458AF90F87432022B00F243
:100970008780002B3FF450AF0146002341F8083F29
:1009800000F0A6F950E7037C002B7FF445AFD0F8C8
:100990008C320DF106001B6B984707234370BDF89E
:1009A0000620002A67D0EB88002B5BD1204600F0A0
:1009B000B1F939E7037C002B7FF42EAFD0F88C32ED
:1009C0000DF106005B6B9847E9E7D1B2052900F20B
:1009D0008F80DFE801F0271F17372F3F037C002BA4
:1009E00072D1D0F88C320DF106009B6A9847022331
:1009F0004370D4E7D0F888320DF10601007C1B6803
:100A00009847CCE7D0F888320DF10601007CDB680E
:100A10009847C4E7D0F888320DF10601007C9B6846
:100A20009847BCE7D0F888320DF10601007C5B687E
:100A30009847B4E7D0F888320DF10601007C5B6975
:100A40009847ACE7D0F888320DF10601007C1B69AD
:100A50009847A4E7D0F888320DF10601007C9B6925
:100A600098479CE79A420146204628BF1A46ADF8AF
:100A7000062000F02DF9EB88002B7FF4D5AE95E72A
:100A8000032B7FF4C9AE011D00F022F9CCE621B39F
:100A9000416801298AD0C9B2FFF77AFD297820463A
:100AA0006160FFF76BFD022880D1B5E600293FF4B5
:100AB0007DAF01210323416080F87432FFF75EFDB2
:100AC00002287FF473AFA7E6D0F88C320DF1060050
:100AD000DB6A98470223437061E70223416080F894
:100AE0007432FFF755FD61E7012384F874329BE609
:100AF000D0F88C320DF106029B6B98474FE700BF90
:100B00005417012438B50B780D46044603F06002F3
:100B1000402A0AD05B0608D58021F9F7F1FF0021B1
:100B20002046F9F7EDFF002038BD94F87432013B00
:100B3000022B11D82B79012B0ED8D4F88C322946F0
:100B400020469B689847EB88002BECD10028EAD11F
:100B5000204600F0DFF8E6E780212046F9F7D0FFD5
:100B600000212046F9F7CCFF002038BD38B50B78BE
:100B7000044603F06003202B0CD0402B0AD083B135
:100B800080212046F9F7BCFF00212046F9F7B8FF85
:100B9000002038BDD4F88C3220469B68984700204E
:100BA00038BD4B788A88012B5FFA82FC37D0032B43
:100BB00023D0002BE4D190F87432022B4AD0032BBF
:100BC000DED10CF00F03120603EB830300EB83036B
:100BD00051D4D3F84431002BD2D00CF07F0314252C
:100BE00005FB030505F5A075002B4FD12B600222F4
:100BF0002946204600F06CF8CAE790F87432022BC0
:100C00001DD0032BBCD14B882BB91CF07F0F02D019
:100C1000CB88002B43D0204600F07CF8B8E790F852
:100C20007432022B0BD0032BAAD14B88002BAFD1EF
:100C30001CF07F0FEFD06146F9F770FFEBE71CF077
:100C40007F0F9DD06146F9F75BFF80212046F9F7C1
:100C500057FF9DE71CF07F0F92D111064FF0000364
:100C60004FF002024CBF00F1140100F5A0710B60BF
:100C700000F02EF88CE79B69002B81D00CF07F03ED
:100C80005D1C05EB850500EB8505ADE7614620465B
:100C9000F9F752FF08B10123A8E72860A7E76146EA
:100CA000F9F72EFFB7E700BF0B7803704B7843705E
:100CB000CA788B7803EB022343804A790B7903EBE4
:100CC00002238380CA798B7903EB0223C3807047A8
:100CD00010B5134602240A460021C0F86C42C0E950
:100CE0000733F9F74BFF002010BD00BF8C460021F1
:100CF00008B513466246F9F741FF002008BD00BF62
:100D00008C46002108B513466246F9F745FF0020DE
:100D100008BD00BF08B504210023C0F86C121A46B4
:100D20001946F9F72BFF002008BD00BF08B50521C3
:100D30000023C0F86C121A461946F9F72DFF00205F
:100D400008BD00BFD0F8C4230132C0F8C423027824
:100D50000B2A00D07047D0F87C33002BFAD09B6967
:100D6000184700BF012380F823337047002380F821
:100D700023337047034600220121104683F82013D5
:100D800083F8212383F82223704700BF38B501235D
:100D90000025044680F8213380F8235380F820533F
:100DA000F9F71EFF2179204600F006F86179204608
:100DB00000F002F8284638BD0A2907D800EB810068
:100DC000D0F88433C3F30E03C0F884330020704797
:100DD0000C4A82B00C4BD2F8DC1041F04001C2F852
:100DE000DC10D2F8DC2002F040020192019A1A686D
:100DF00022F020021A601A6842F004021A6002B05F
:100E0000704700BF004402580018024870B5002324
:100E100004464FF4806204214FF440353448C4F84E
:100E20003821C4F8D410C4F83431C4F84C11314915
:100E3000C4F8B000C4F82811C4E92F32C4E9313332
:100E4000C4E93335C4E93733C4E94F33C4E9513514
:100E5000C4E95533A2680323C4F8D830C4F850312C
:100E6000042A0AD8DFE802F01F262D340300552299
:100E70005623C4F8B420C4F82C310022402304F1D6
:100E8000B005C4F8B8202846C4F83031F2F7C6FDE2
:100E900008B1FFBEFEE704F594763046F2F7BEFDDA
:100EA000E8B1FFBEFEE725222623C4F8B420C4F82B
:100EB0002C31E2E727222823C4F8B420C4F82C31CF
:100EC000DBE73D223E23C4F8B420C4F82C31D4E73C
:100ED00053225423C4F8B420C4F82C31CDE704F1D4
:100EE0002803C4E92865C4F8E830C4F8603170BD4F
:100EF00040040240580402402DE9F04F814683B07F
:100F00000E4617461D4600F12804204601F090FDCC
:100F100001288246F9D14846FFF778FF804600282D
:100F200035D1EFF31083019372B6DFF888B00C9BD4
:100F300099F90820DFF880A0DFF88090CBF8003026
:100F40000D9B89F80020CAF800300DB11846A8475B
:100F5000BAB23146204601F0E1F830B9019B03B93D
:100F600062B6404603B0BDE8F08F0023CBF80030F6
:100F7000CAF80030FF2389F800300C9B8BB10121A7
:100F80000D9888469847019B002BEAD1E8E70C9B17
:100F900053B1D0460D9851469847404603B0BDE83E
:100FA000F08F4FF00108D9E7D046404603B0BDE8C6
:100FB000F08F00BF78210124802101247C210124AD
:100FC0002DE9F04F814683B00E4617461D4600F1CD
:100FD0002804204601F02CFD01288246F9D148461C
:100FE000FFF714FF8046002835D1EFF310830193FB
:100FF00072B6DFF888B00C9B99F90820DFF880A062
:10100000DFF88090CBF800300D9B89F80020CAF8FB
:1010100000300DB11846A847BAB23146204601F05B
:1010200041FA30B9019B03B962B6404603B0BDE84E
:10103000F08F0023CBF80030CAF80030FF2389F886
:1010400000300C9B8BB101210D9888469847019B7D
:10105000002BEAD1E8E70C9B53B1D0460D985146DE
:101060009847404603B0BDE8F08F4FF00108D9E73C
:10107000D046404603B0BDE8F08F00BF7821012480
:10108000802101247C2101242DE9F04F814683B089
:101090000F461646984600F12804204601F0C8FC89
:1010A0000128FAD182464846FFF7B0FE05460028DF
:1010B00038D1EFF31083019372B699F90830DFF855
:1010C0008890DFF888B089F800300D9BDFF880A0A9
:1010D000CBF800300E9BCAF800300C9B0BB10E9879
:1010E00098471FFA88F33A463146204601F0CEF879
:1010F00030B9019B03B962B6284603B0BDE8F08F52
:101100000023CBF80030CAF80030FF2389F8003004
:101110000D9B8BB101210E980D469847019B002B2A
:10112000EAD1E8E70D9B4BB155460E9851469847DA
:10113000284603B0BDE8F08F0125DAE7554628467A
:1011400003B0BDE8F08F00BF7C2101247821012489
:10115000802101242DE9F043002387B002220446B8
:1011600005690493CDE90223D0E902128E00FAB199
:10117000022D7AD02178B5FA85F54FF00108276A5B
:101180000B294FEA551521D1A2780B2A02D0B8F1CC
:10119000000F38D123790B2B01D0002D6CD1A3790E
:1011A00017B10B2B40F09980002007B0BDE8F08309
:1011B00035F002032178276A0CBF4FF001084FF089
:1011C0000008023D18BF01250B29DDD07D4B94F8A6
:1011D00001C053F8262010780B2802D0884200F076
:1011E000AD80D378D01C994202D10B2B40F0BD804A
:1011F0009379901D8B4202D10B2B40F0BC800120D3
:1012000007B0BDE8F083711C6E4BE07853F82130D5
:1012100019780B2902D08A4200F0B580D97803F101
:10122000030C0B2902D08A4200F0BB80997903F1AC
:10123000060C0B29E3D08A42E1D1DB798342DED16F
:10124000634604F102099B7848460593F9F7D6FCFA
:1012500080464846F9F7DAFC01A901904046F9F7C3
:1012600085FD23790B2B98D199E70178076A0B2923
:1012700040F0868001258DE7B11C524A607952F812
:10128000212011780B2902D08B4200F08180D17887
:10129000D51C0B2902D08B4200F08D809179951DD1
:1012A0008B42ACD10B29AAD0D3798342A7D12A464D
:1012B000251D937828460593F9F7A0FC0346284698
:1012C0001D46F9F7A3FC01A901902846F9F74EFD48
:1012D000A379002F7FF465AF66E7F11C394AE07906
:1012E00052F8212011780B2901D08B425FD0D178A0
:1012F000D51C0B2901D08B424FD09179951D8B4283
:101300007FF47DAF0B293FF47AAFD37983427FF42A
:1013100076AF2A46A51D937828460593F9F76EFC0B
:1013200004462846F9F772FC034601A920460193BA
:10133000F9F71CFD002007B0BDE8F0835378634542
:101340007FF44FAF937820460593F9F757FC814619
:101350002046F9F75BFC01A901904846F9F706FD24
:10136000A2780B2A7FF413AF14E7137963457FF457
:101370003FAF0246E6E7D37963457FF440AFF8E735
:101380009846012522E7597881427FF447AF58E714
:10139000517881427FF47BAF8AE711798142ACD1E9
:1013A000B7E7197981427FF441AF634649E7517845
:1013B00081429CD1AEE7117981427FF46FAF2A461A
:1013C00076E700BFB43C0108654A0368934200F029
:1013D000B980A2F57842934200F0B68002F58062AF
:1013E000934200F0B38002F57842934200F0B0805F
:1013F00002F5E052934200F0AD805A4A934240F029
:10140000AB8005234FF4D071574A01FB03F310B5AD
:10141000D418D05C86B0F9F701FCA078F9F7FEFB90
:101420002079F9F7FBFBA079F9F7F8FBA368052B06
:1014300011D8DFE803F0192F455B71034B4BD3F84C
:10144000F42042F02002C3F8F420D3F8F43003F083
:1014500020030593059B2046FFF77CFE012801D061
:1014600006B010BDFFBEFEE7404B00222320D3F89C
:10147000F01041F48051C3F8F0101146D3F8F03069
:1014800003F480530093009BF2F716F92320F2F740
:1014900051F9E0E7354B00222420D3F8E81041F45D
:1014A0008041C3F8E8101146D3F8E83003F48043D4
:1014B0000193019BF2F700F92420F2F73BF9CAE708
:1014C0002A4B00223320D3F8E81041F40041C3F83E
:1014D000E8101146D3F8E83003F400430293029B6E
:1014E000F2F7EAF83320F2F725F9B4E71F4B0022B0
:1014F0005420D3F8F01041F40051C3F8F010114615
:10150000D3F8F03003F400530393039BF2F7D4F8BD
:101510005420F2F70FF99EE7144B00225520D3F820
:10152000F01041F48011C3F8F0101146D3F8F030F8
:1015300003F480130493049BF2F7BEF85520F2F7EE
:10154000F9F888E700235DE701235BE7022359E709
:10155000032357E7042355E700231B78FFDE00BF72
:10156000003001400014005858170124004402586C
:101570002DE9F043002289B01B4B01210DF1040C31
:101580009E461A4B0791E146E04667460EF11C065F
:101590000EF138050EF15404CDE90122CDE9032204
:1015A000CDE90522FF221A70BCE80F00AEE80F005B
:1015B0009CE807008EE80700B9E80F000FC69CE81A
:1015C000070086E80700B8E80F000FC59CE8070091
:1015D00085E807000FCF0FC49CE8070084E80700E8
:1015E00009B0BDE8F08300BF0C0300247C21012476
:1015F000014801F0F1B800BF80170124014801F053
:10160000EBB800BF20190124014801F0E5B800BF84
:10161000C01A0124014801F0DFB800BF601C01249A
:10162000014801F0D9B800BF001E012410B5EFF346
:10163000108472B6084B1A78120602D504B962B645
:1016400010BD1B784FF4D07204485BB202FB03005C
:10165000B030F2F75BFDF1E77C210124581701243B
:1016600010B5EFF3108472B6094B1A78120602D542
:1016700004B962B610BD1B784FF4D07205485BB256
:1016800002FB030000F59470F2F740FDF0E700BFA5
:101690007C210124581701242DE9F04184B0EFF397
:1016A000108772B6284AFF21284C1368217023B195
:1016B00000211160264A1068984723781B061CD524
:1016C000DFF894800025234E4446216879B1626892
:1016D0006AB1A369012B22D0A3B963693046019393
:1016E00023690093E3682289FFF76AFC18B3013588
:1016F0001C3406F5D076042DE7D107B962B604B0E4
:10170000BDE8F081D4E90430CDE90130E0682389F7
:1017100000903046FFF7B8FC0028E8D10BE0D4E990
:1017200004301146CDE900303046E3682289FFF7E6
:10173000E3FB0028DBD1C5EBC50508EB850348F8C2
:1017400025005860D9E700BF782101247C210124BD
:1017500080210124581701240C0300242DE9F041B5
:1017600084B0EFF3108772B6284AFF21284C136823
:10177000217023B100211160264A10689847237810
:101780001B061CD5DFF894800025234E44462168B3
:1017900079B162686AB1A369012B22D0A3B96369E8
:1017A0003046019323690093E3682289FFF708FC20
:1017B00018B301351C3406F5D076042DE7D107B9EE
:1017C00062B604B0BDE8F081D4E90430CDE901305F
:1017D000E068238900903046FFF756FC0028E8D1E6
:1017E0000BE0D4E904301146CDE900303046E3681F
:1017F0002289FFF781FB0028DBD1C5EBC50508EB8B
:10180000850348F825005860D9E700BF78210124F6
:101810007C21012480210124581701240C03002479
:101820002DE9F04184B0EFF3108772B6284AFF210A
:10183000284C1368217023B100211160264A1068DA
:10184000984723781B061CD5DFF894800025234E8B
:101850004446216879B162686AB1A369012B22D03C
:10186000A3B963693046019323690093E368228931
:10187000FFF7A6FB18B301351C3406F5D076042D0E
:10188000E7D107B962B604B0BDE8F081D4E904300D
:10189000CDE90130E068238900903046FFF7F4FB82
:1018A0000028E8D10BE0D4E904301146CDE900303E
:1018B0003046E3682289FFF71FFB0028DBD1C5EB28
:1018C000C50508EB850348F825005860D9E700BF37
:1018D000782101247C21012480210124581701242E
:1018E0000C0300242DE9F04184B0EFF3108772B6A9
:1018F00000F066FB284A294CFF21136821702BB1A8
:10190000002111600121264A1068984723781B06A0
:101910001CD5DFF894800025224E4446216879B119
:1019200062686AB1A369012B22D0A3B9636930460A
:10193000019323690093E3682289FFF741FB18B301
:1019400001351C3406F5D076042DE7D107B962B60F
:1019500004B0BDE8F081D4E90430CDE90130E0689D
:10196000238900903046FFF78FFB0028E8D10BE079
:10197000D4E904301146CDE900303046E3682289CD
:10198000FFF7BAFA0028DBD1C5EBC50508EB8503E4
:1019900048F825005860D9E7782101247C210124EA
:1019A00080210124581701240C03002430B4544B27
:1019B000002108220220534CD9615862C3F8BC119F
:1019C000C3F8C401C3F85C13C3F86403C3F8F42478
:1019D000C3F8F814C3F8FC14C3F80405C3F894263C
:1019E000C3F89816C3F89C16C3F8A406C3F83428A5
:1019F000C3F83818C3F83C18C3F84408424D4348AC
:101A0000C3E90521C3E96D21C3E9D5212288A37863
:101A10003F49EA80CA800B723E492B72CA800B7222
:101A20002168A0F803204371C28003723A4C3B48FE
:101A3000E2802372A0F80320394C4371C280037204
:101A40003848E2802372A0F80320374C4371C280EB
:101A50000372080C2180A070A4F803206371E28057
:101A60002372324C324D2180A070A4F803206371A0
:101A7000E28023722F4CEA8021802B72A070A4F8A0
:101A800003206371E28023722B4C2180A070A4F8A4
:101A900003206371E2802372284C2180A070A4F897
:101AA00003206371E2802372254C2180A070A4F88A
:101AB00003206371E2802372224C2180A070A4F87D
:101AC00003206371E28023721F4C21801F49A070A4
:101AD000A4F803201E486371E2802372A1F803205A
:101AE0001C4C4B71CA800B721B49E2802372C2806E
:101AF0000372A1F803204B71CA800B7230BC70478F
:101B000058170124B03C010894020024B8020024B4
:101B1000880200244C020024A0020024DC020024DD
:101B2000C40200246402002448210124302101243D
:101B3000D00200243C210124182101246C2101241D
:101B400054210124602101242421012400030024C4
:101B5000F4020024E802002470020024714A0368A1
:101B600011698B4200B587B04BD0916E8B4200F06B
:101B7000B680D2F8C0108B4200F0B380D2F81811B2
:101B80008B4200F0B080B3F1804F1ED0664A934282
:101B90000DD0664A934200F0A880654A934200F057
:101BA000B280644A93421ED007B05DF804FB624BDA
:101BB000D3F8E82042F00202C3F8E820D3F8E83076
:101BC00003F002030293029BEEE75B4BD3F8E8209D
:101BD00042F00102C3F8E820D3F8E83003F0010333
:101BE0000193019BE0E7544BD3F8E82042F0100248
:101BF000C3F8E820D3F8E83003F010030593059B01
:101C0000D2E700205821B3F1804F01FB0022127B64
:101C10001ED045498B4235D044498B4248D0444977
:101C20008B42BED1444BD3F8E81041F00801C3F811
:101C3000E810D3F8E83003F008030493049B002A6B
:101C4000B2D0322000220F21F1F736FD322014E00D
:101C5000394BD3F8E81041F00101C3F8E810D3F88C
:101C6000E83003F001030193019B002A9CD01C2063
:101C700000220F21F1F720FD1C2007B05DF804EBD6
:101C8000F1F758BD2C4BD3F8E81041F00201C3F82E
:101C9000E810D3F8E83003F002030293029B002A15
:101CA00082D01D2000220F21F1F706FD1D20E4E760
:101CB000214BD3F8E81041F00401C3F8E810D3F841
:101CC000E83003F004030393039B002A3FF46CAF56
:101CD0001E2000220F21F1F7EFFC1E20CDE701208E
:101CE00090E702208EE703208CE7134BD3F8E8201F
:101CF00042F00402C3F8E820D3F8E83003F004030C
:101D00000393039B50E70C4BD3F8E82042F0080202
:101D1000C3F8E820D3F8E83003F008030493049BE9
:101D200042E700BF84210124000400400008004075
:101D3000000C004000100040004402580F4B0268A5
:101D400019698A420BD0996E8A4211D0D3F8C0101B
:101D50008A420FD0D3F818118A420DD07047002163
:101D6000582202FB01331A6D002AF7D0586D104734
:101D70000121F5E70221F3E70321F1E784210124A2
:101D8000014800F0EFBF00BF94210124014800F09A
:101D9000E9BF00BFEC210124014800F0E3BF00BF10
:101DA00044220124014800F0DDBF00BF9C22012431
:101DB000F0B54FF0580C0F682E4D8DB00CFB07FCA2
:101DC000032F05EB0C06066047DC0B46086834461B
:101DD00049689A6807C41B7B237004AC7268264B61
:101DE000002A4FF00002726118BF1022B2610FCBBF
:101DF00084E80F000CAB03EB870353F8203CB3F1EE
:101E0000804F336124D01D4A934221D030890CF198
:101E1000100458230021802203FB07532C44C3E9FC
:101E200007019A62204600F007FE034600B1FEE774
:101E30004FF4805208A92046099301930892CDE9F6
:101E40000A33CDE9023300F0C7FE034640B1FEE796
:101E5000582303FB07539868D9E701200DB0F0BD64
:101E600001A920460193039301F034F80028F5D02E
:101E7000FEE700BF84210124283A0108000C00403D
:101E8000006808B5037B10302BB100F08FFE0038DE
:101E900018BF012008BD00F06FFE003818BF0120F8
:101EA00008BD00BF0C4B00224FF0FF311A73996040
:101EB000196683F86420C3F8B81083F8BC20C3F80F
:101EC000101183F81421C3E90022C3E91622C3E9E3
:101ED0002C22C3E94222704784210124034688B1A1
:101EE00090F83D20022A03D0802201209A66704794
:101EF00002680421002083F83D10D36823F0010319
:101F0000D36070470120704703682C495A6910B4A8
:101F10009C6944F008049C619C6944F010049C6135
:101F20001C6824F001041C601C6921401961996837
:101F300021F44041996090F88110042901D0910664
:101F400030D490F88110032901D054061FD4910594
:101F500009D5D0F8841041F00101C0F884109969C6
:101F600041F400719961D20509D5D0F8842042F07E
:101F70000802C0F884209A6942F480729A610023B2
:101F80005DF8044BA0F86230A0F86A307047D0F8D2
:101F9000841041F00401C0F88410996941F04001B7
:101FA0009961D4E7D0F8841041F08001C0F8841022
:101FB000996941F020019961C3E700BF90FCFFFFE0
:101FC000002800F0A48002680021F8B5514B0446B7
:101FD00081629A4216D0A3F578439A4212D003F553
:101FE0008063C0689A4200F08A800F2808D8E16BAD
:101FF00000F108034D09DB0805FB0333082B15D955
:102000000120F8BDE068E16B00F10803414E4D0985
:10201000DB0805FB0333404DAA4218BFB24203D090
:1020200005F58065AA4201D1102BE9D894F88130DA
:1020300003F0FF05002B58D0002702236568A66B2C
:1020400084F88130136823F001031360A369B3F1AE
:10205000806F3ED03943676B3B43676A3B432769D8
:102060003B4367693B43276A3B43E76C3B43A768B5
:102070003B43A76C3B43A76D3B432B433343E6698C
:10208000314308439060D360B5B9936823F4C053DB
:1020900043F400639360936823F4C06343F4806364
:1020A0009360136D23F00103136500200123C4F82E
:1020B000840084F88130F8BD136D23F001031365AB
:1020C0006B02F2D5D368616D23F000430B43D360FC
:1020D000EBE7B5F5800FBDD1002EBBD1D2F800C023
:1020E0004CF4805CC2F800C0B4E7204684F880500D
:1020F000FFF76AF92268A76AE16BE0689DE7E16B88
:1021000000F108034D09DB0805FB03338CE70120D0
:10211000704700BF0030014000380040F8B590F82B
:102120008030012B00F08C8090F881301546012220
:102130000446DEB2934280F880206AD1002963D041
:10214000B5FA85F35B09002D5ED003224366A0F843
:10215000683080F88120C0F88430A0F86250A0F880
:102160006A30C165A0F86050C0E91C338368B3F5DC
:10217000C02F04D10268136843F400631360E3685E
:10218000A06F0F2B4BD98369B3F5804F3CD12268E8
:102190003A4B3B4F2032036452F8183CC763394F27
:1021A00023F40043C7640027076542F8183CB4F8DD
:1021B00062309BB2F1F7F0FD002844D1A36F324AA0
:1021C000DB69B3F5807F2368596802EA010218BF12
:1021D0002A435A609A68616842F40042B1F5800F60
:1021E0009A601A6942F448721A611A6842F0010250
:1021F0001A6003D11A6842F400721A6000231E4666
:1022000084F880303046F8BD002384F880303046B2
:10221000F8BD0023022680F880303046F8BD072B39
:1022200083691AD8B3F5005F20D0B3F5804FAED1E3
:10223000B4F862309BB203339B08A4F86230A6E77F
:1022400002263046F8BDD4F88430012243F0100352
:10225000C4F8843084F88120D9E7B3F5804F05D0E5
:10226000B3F5005FD0D1B3F5804F90D1B4F86230B0
:102270009BB201335B08A4F8623088E7D5260108D9
:1022800059260108012701080000FFFF70B51D460F
:1022900090F88030012B00F0B9800123044680F8CB
:1022A000803090F881304068DBB2B0F5800F7DD08F
:1022B000012B40F08580002D18BF002A71D0002925
:1022C0006FD094F88130042B02D0052384F881303C
:1022D0000023E1652168C4F88430A4F86250A4F8B2
:1022E0006A50A4F860506266A4F86850C4E91C33D0
:1022F0008B6823F440438B60E3680F2B65D9E06F54
:102300008369B3F5804F4CD194F88130042B00F0F1
:102310008A805E4B03645E4BC3635E4E3031B4F81B
:102320006A30C66400269BB20665F1F735FD0028C9
:102330006ED12268A16F9368203243F4804342F843
:10234000183CB4F86230C1E90F00C1E913009BB238
:102350000846E16DF1F720FD002859D1A36FDB6934
:10236000B3F5807F236863D059684B4A0A402A43FB
:102370005A609A68616842F40042B1F5800F9A6031
:102380001A6942F458721A611A6842F001021A601E
:1023900003D11A6842F400721A60002384F8803076
:1023A00070BD0023012084F8803070BDA068002833
:1023B0007FF47EAF042B3FF47EAF012B3FF47BAF65
:1023C0000023022084F8803070BD072B35D8A36F1E
:1023D0009B69B3F5005F50D0B3F5804F06D1B4F8D8
:1023E00062309BB203339B08A4F86230E06F8369CC
:1023F000B3F5005F39D0B3F5804F85D1B4F86A30BA
:102400009BB203339B08A4F86A307DE7022070BDBD
:10241000D4F88430012243F010031046C4F884300D
:1024200084F8812070BD1D4B03641D4BC36374E7AA
:102430005968194A0A405A609BE7E06F8369B3F50F
:10244000005F02D0B3F5804FABD1A66FB669B6F589
:10245000804F06D1B4F86260B6B201367608A4F8AF
:102460006260B3F5804F7FF44FAFB4F86A309BB22F
:1024700001335B08A4F86A3046E7B4F862309BB2D7
:1024800001335B08A4F86230B0E700BFF52601080D
:10249000A9260108012701080000FFFFE526010821
:1024A000812601082DE9F0411546826804460E4652
:1024B00022B94368B3F5800F00F0958094F880301E
:1024C000012B00F09980012384F8803094F881304A
:1024D000012BDFB269D1002E61D0B5FA85F35B091B
:1024E000002D5CD00421B2F5C02F666684F88110FF
:1024F000A4F86850C4F88430A4F86030A4F86A5096
:10250000A4F86230C4E91C3304D12268136823F4B0
:1025100000631360E3680F2B4ED9E06F8369B3F556
:10252000804F3CD121688B6823F480438B60324616
:10253000454EB4F86A3030310664444E9BB2C663EF
:10254000434EC66400260665F1F726FC002857D1E5
:10255000E36F404ADB69B3F5807F2368596802EA7C
:10256000010218BF2A435A609A68616842F48042A7
:10257000B1F5800F9A601A6942F450721A611A68B4
:1025800042F001021A6003D11A6842F400721A6024
:1025900000231F4684F880303846BDE8F0810023D0
:1025A00084F880303846BDE8F0810023022784F8A3
:1025B00080303846BDE8F081072B2BD82168E06FCA
:1025C0008B6823F480438B608369B3F5005F32D05E
:1025D000B3F5804FABD1B4F86A309BB203339B089C
:1025E000A4F86A30A3E72B4604250A4680F88150F8
:1025F000BDE8F041FFF74ABE02273846BDE8F0814A
:10260000D4F88430012243F01003C4F8843084F8F5
:102610008120C7E7E06F8269B2F5804F02D0B2F542
:10262000005FBCD12168B2F5804F8B6823F48043F2
:102630008B607FF47CAFB4F86A309BB201335B08E7
:10264000A4F86A3073E700BFE52601088126010877
:10265000012701080000FFFF806B08B590F881306A
:10266000072B09D0836FDB69B3F5807F05D0026843
:10267000136943F00803136108BDFFF70DF808BDA7
:10268000806B08B590F88130072B09D0C36FDB69E8
:10269000B3F5807F05D00268136943F00803136126
:1026A00008BDFFF75BF808BD806B08B590F8813076
:1026B000072B09D0836FDB69B3F5807F05D00268F3
:1026C000136943F00803136108BDFFF7A9F808BDBB
:1026D000704700BF806B08B5FFF7FAFF08BD00BF69
:1026E000704700BF806B08B5FFF7FAFF08BD00BF59
:1026F000704700BF806B08B5FFF7FAFF08BD00BF49
:1027000010B5846BF2F752F8022800D110BD23688F
:1027100030495A69986940F008009861986940F01A
:1027200010009861186820F00100186018690140D5
:102730001961996821F44041996094F88110042945
:1027400001D091063AD494F88110032901D05006A3
:1027500029D4910509D5D4F8841041F00101C4F8B9
:102760008410996941F400719961D20509D5D4F8B2
:10277000842042F00802C4F884209A6942F48072EE
:102780009A61002301222046A4F86230A4F86A303E
:10279000D4F8843043F01003C4F8843084F88120E6
:1027A000FFF7A0F810BDD4F8841041F00401C4F87C
:1027B0008410996941F040019961CAE7D4F8841006
:1027C00041F08001C4F88410996941F020019961B9
:1027D000B9E700BF90FCFFFF036819695A692DE94A
:1027E000F04101EA02059F68044690F8816005F017
:1027F000640CBCF1040F2FD005F04500012834D043
:1028000005F02600022800F0DF80280770D59A69BD
:1028100017F4404FF6B242F008029A619A6942F00A
:1028200010029A619A6942F400629A611A6922F070
:1028300008021A6123D0042E00F0DE80A26FD26954
:10284000EAB1032E50D0E26FD269C2B1052E14D185
:102850002046FEF7E5FF10E0436F9847236F2046C0
:10286000984705F04503012B02D1236F2046984776
:1028700005F02605022D00F0A780BDE8F0819A68DA
:1028800012F4404F1FD1B4F86A2092B2DAB1626EEE
:102890000EE01B6B42F8043B6266B4F86A30013B01
:1028A0009BB2A4F86A30B4F86A309BB25BB123687B
:1028B000E1680F29EDD8072940F292801B8E22F89B
:1028C000023B6266E9E72046FFF71EFB012384F81E
:1028D0008130D4F88430002B7FD1052EB8D0042E5F
:1028E00000F08F80032EC8D12046FEF7D5FEC4E746
:1028F000100501D50A077AD415F4587FBDD06E06AD
:1029000009D5D4F8842042F00402C4F884209A69DE
:1029100042F040029A61A80509D5D4F8842042F01B
:102920000102C4F884209A6942F400729A61E905B0
:1029300009D5D4F8842042F00802C4F884209A69AA
:1029400042F480729A61AA0609D5D4F8842042F034
:102950008002C4F884209A6942F020029A61D4F877
:102960008420002A89D0196807F44047274A21F0BB
:102970000101B7F5404F1960196902EA01021A61B5
:1029800027D19A68E06F22F440429A6050B1204B00
:102990000365F1F721FB28B1D4F8843043F04003FC
:1029A000C4F88430A06F00283FF467AF184B03656C
:1029B000F1F712FB00283FF460AFD4F8843043F005
:1029C0004003C4F8843058E7636F2046BDE8F04107
:1029D00018470123204684F88130FEF783FF4CE737
:1029E00093F830301370626E0132626655E79A696F
:1029F00042F400629A6140E7E26FD269002A3FF434
:102A00003EAF2046FEF7AAFE37E700BF94FCFFFF6B
:102A1000152A010808B5806B00230122A0F86A304E
:102A2000A0F8623080F88120FEF75CFF08BD00BF8F
:102A300090F88100704700BF002800F08F8038B503
:102A400090F83D30044603F0FF02002B60D022686E
:102A500002234349B2F1804F84F83D30A2EB0101DB
:102A60001368B1FA81F14FEA511127D031BB3D48CB
:102A70003D4D824251D000F5806082424DD0551BC1
:102A800000F58060B5FA85F582424FEA55154DD0C4
:102A9000002D4BD1354836498A4218BF82424FD06B
:102AA00001F580618A424BD0A06923F08003E16880
:102AB000034313606368D162936223E02A4D23F0DD
:102AC0007003A068551B0343B5FA85F56D092069AD
:102AD00023F440730343A06923F08003034313608E
:102AE000E368D3626368936251B94DB91F49204BC3
:102AF0009A4218BF8A4203D003F580639A4201D1FB
:102B00006369136301230020536184F83D3038BDAD
:102B100080F83C20FFF722F899E7551B23F070035B
:102B2000A068B5FA85F503436D09D0E7A06823F0E6
:102B3000700303430F488242C9D0002DC7D1A9E7D3
:102B4000206923F44073A1690343E06823F0800304
:102B50000B4361681360D0629162C7E70120704740
:102B6000000001400004004000040140004001401A
:102B700000440140000C00404FF0020C01680A4A7A
:102B8000034680F83DC088680240062A06D0B2F5A8
:102B9000803F03D00A6842F001020A60012200204F
:102BA00083F83D20704700BF070001000368094A11
:102BB000D96841F00101D96099680A40062A06D017
:102BC000B2F5803F03D01A6842F001021A6000207B
:102BD000704700BF0700010090F83C30012B7DD00A
:102BE00002460223006830B4012482F83D3082F8A6
:102BF0003C40544C83681C400B68602B84606FD051
:102C00001DD9B3F5005F59D042D94F498B4206D048
:102C100038D94E498B4202D010318B4206D184689C
:102C20004B4921400B4343F00703836000230121FC
:102C3000184682F83D1082F83C3030BC7047402B7B
:102C400067D019D9502BF1D1036A4C68CD6823F0B5
:102C50000A03016A1C433E4B21F0010101628169B4
:102C600021F0F00141EA05118161046281680B40A5
:102C700043F057038360D9E7202BD0D01AD9302BEB
:102C8000D4D1CCE723F01001B1F5801FCED1C6E737
:102C9000702BCBD18468D1E901532B43CD6824F448
:102CA0007F4143EA05230B438360836843F0770346
:102CB0008360BBE733F01001B8D1B0E7D1E901532D
:102CC00084682B43CD6824F47F4143EA05230B43FA
:102CD0008360836843F480438360A7E702207047E2
:102CE000046A4D6824F01004C9680462836923F4FF
:102CF000704343EA0133016A21F0A0018361144B60
:102D000041EA0511016281680B4043F0670383606B
:102D10008CE7036A4C68CD6823F00A03016A1C4300
:102D20000B4B21F001010162816921F0F00141EAC0
:102D300005118161046281680B4043F047038360A1
:102D400074E700BF8800CEFF2000100030001000A4
:102D50008FFFCFFF704700BF704700BF704700BFB5
:102D6000704700BF03681A69910710B5044602D581
:102D7000DA68920768D41A69520702D5DA685007F0
:102D80004FD41A69110702D5DA68120737D41A69C5
:102D9000D00602D5DA68D1061ED41A69D20702D548
:102DA000DA68D00769D41A69110602D5DA68120602
:102DB0006BD41A69D00502D5DA6811066DD41A6988
:102DC000520602D5DA6850066FD41A69910602D508
:102DD000DA68920649D410BD6FF01001082220462F
:102DE00019612277DB6913F4407F6FD1FFF7B2FFDF
:102DF0002046FFF7B3FF002223682277CDE76FF06C
:102E000008010422204619612277DB699B075AD109
:102E1000FFF7A0FF2046FFF7A1FF002223682277DB
:102E2000B5E76FF0040102222046196122779B6901
:102E300013F4407F44D1FFF78DFF2046FFF78EFF4C
:102E40000022236822779CE76FF0020101221961BA
:102E500002779B69990730D1FFF77CFF2046FFF787
:102E60007DFF00222368227785E76FF0200220464D
:102E70001A61BDE8104000F05FB86FF00102204613
:102E80001A61FEF75BFF23688DE76FF08002204632
:102E90001A6100F053F823688BE76FF480722046C4
:102EA0001A6100F04DF8236889E76FF04002204670
:102EB0001A61FFF755FF236887E7FFF74DFFD0E75B
:102EC000FFF74AFFBCE7FFF747FFA6E7FFF744FF1E
:102ED00091E700BF90F83C20012A28D00346006803
:102EE000022230B4134D83F83D20A8424268846822
:102EF00018D005F58065A84214D024F0800C22F08B
:102F000070020C688968224300244CEA01014FF0EA
:102F1000010C42608160204683F83DC083F83C404C
:102F200030BC704722F470024D682A43E5E7022066
:102F3000704700BF00000140704700BF704700BFEE
:102F4000704700BF0B460146184600F0C3B80000AA
:102F500010B582B08DED010A044600F0C9F89DED70
:102F6000010A046002B010BD9FED070AFFEE007A6F
:102F7000B7EE007A00284FF0220047FE277A87EE4E
:102F8000800AFFF7E5BF00BF0000000070EE407A46
:102F9000B4EE400A87EEA77AF1EE10FAB0EE470AD7
:102FA00002D62120FFF7D4BF704700BF10EE103AC1
:102FB000B3F17E5F3ED0A3F50001B1F1FE4F10EEFC
:102FC000102A3AD2BFEE002B02F14043284903F504
:102FD0004D03C3F3C34001EB001091ED424B91ED63
:102FE000447B91ED406B91ED465BD90DC9052DED0C
:102FF000028B90ED021B90ED008B521ADB1500EE58
:10300000103A03EE902AB8EEC00BB7EEE33A30EE7A
:10301000010BA8EE032BBDEC028B22EE023BA4EECB
:10302000027BA5EE020BA6EE037BA3EE070BB7EE29
:10303000C00B70479FED0F0A7047590014D0B3F1D1
:10304000FF4F14D0002B0BDBB1F17F4F08D2DFED27
:103050000A7A60EE277A17EE903AA3F13862B1E768
:1030600000EE103AFFF792BF0120FFF77DBF7047D7
:10307000183D0108000000000000004B08B52DEDD0
:10308000028BB0EE408A00F021F80E4B93F900302D
:1030900001330BD0B4EE488AF1EE10FA06D6DFED1C
:1030A0000A8AB4EEE88AF1EE10FA02D4BDEC028B83
:1030B00008BD00F01DF888EEA80ABDEC028B2123A4
:1030C000036008BD7C03002400000000B1EEC00ACC
:1030D000704700BF10B5054C13462CB10A46014697
:1030E0000220AFF3008010BD2046FCE70000000086
:1030F000014B1868704700BF8003002470B50D4D68
:103100000D4C641BA4100026A64209D10B4D0C4C9B
:1031100000F0DCFE641BA4100026A64205D170BDA1
:1031200055F8043B98470136EEE755F8043B9847BD
:103130000136F2E7EC3E0108EC3E0108EC3E0108E6
:10314000103F01080A44914200F1FF3300D170475B
:1031500010B511F8014B03F8014F9142F9D110BDA0
:1031600002440346934200D1704703F8011BF9E77C
:1031700037B5002944D051F8043C0190002BA1F14F
:103180000404B8BFE41800F0DFF81E4A0198136881
:1031900033B96360146003B0BDE8304000F0DAB8C2
:1031A000A34208D9256861198B4201BF19685B6881
:1031B00049192160EDE71A465B680BB1A342FAD9C1
:1031C00011685518A5420BD1246821445418A34214
:1031D0001160E0D11C685B68536021441160DAE73C
:1031E00002D90C230360D6E7256861198B4204BF1E
:1031F00019685B68636004BF491921605460CAE7BD
:1032000003B030BDE4220124F8B5CD1C25F0030540
:1032100008350C2D38BF0C25002D064601DBA942D0
:1032200003D90C2333600020F8BD00F08DF821494C
:103230000A6814469CB9204F3B6823B921463046A2
:1032400000F03CF838602946304600F037F8431C5F
:1032500023D10C233360304600F07CF8E3E7236889
:103260005B1B17D40B2B03D923601C44256004E09F
:103270006368A2420CBF0B605360304600F06AF8EE
:1032800004F10B00231D20F00700C21ACCD01B1A3A
:10329000A350C9E722466468CCE7C41C24F00304A9
:1032A000A042E3D0211A304600F008F80130DDD109
:1032B000CFE700BFE4220124E822012438B5064DFF
:1032C0000023044608462B6000F082FB431C02D119
:1032D0002B6803B1236038BDF02201240CB430B553
:1032E000174B0C1E1D689DB008DA8B232B604FF026
:1032F000FF301DB0BDE8304002B070474FF402739C
:10330000ADF8143014BF04F1FF3323460493079340
:103310004FF6FF7302900690ADF81630209A21AB5D
:1033200002A92846019300F077F8431CBCBF8B2309
:103330002B60002CDDD0029B00221A70D9E700BF61
:1033400080030024704770470148FFF7FBBF00BFB0
:10335000EC2201240148FFF7F6BF00BFEC22012454
:103360002DE9F0478E689E4282460C4690461F46E5
:1033700038D88A8912F4906F32D025680969A5EB94
:103380000109656905EB450505EBD57501334B442E
:103390006D109D4238BF1D46530531D52946FFF7B4
:1033A00033FF064650B90C23CAF80030A38943F016
:1033B0004003A3814FF0FF30BDE8F08721694A4602
:1033C000FFF7C0FEA38923F4906343F08003A38139
:1033D000266165614E44A5EB09052660A5603E4661
:1033E000BE4200D93E4620683246414600F0A8FA67
:1033F000A3689B1BA3602368334423600020DBE7A2
:103400002A4600F0B7FA06460028E1D12169504665
:10341000FFF7AEFEC7E700002DE9F04F98468B8915
:103420001B069DB007460D4614460ED50B6963B9C1
:103430004021FFF7E9FE2860286120B90C233B609A
:103440004FF0FF30D1E040236B610023099320232C
:103450008DF82930CDF80C803023DFF8A8818DF865
:103460002A304FF0010923469A4613F8012B0AB17E
:10347000252AF9D1BAEB040B0BD05B46224629462C
:103480003846FFF76DFF013000F0AA80099A5A44D0
:1034900009929AF80030002B00F0A28000234FF030
:1034A000FF32CDE905230AF1010A049307938DF851
:1034B00053301A935446052214F8011B5148ECF777
:1034C00017FF049AD8B9D00644BF20238DF8533093
:1034D000110744BF2B238DF853309AF800302A2B64
:1034E00015D0079A544600204FF00A0C214611F8D7
:1034F000013B303B092B4ED9B0B1079214E0A0EB51
:10350000080309FA03F313430493A246D2E7039B8B
:10351000191D1B680391002BBBBF5B4242F00202E6
:1035200007930793B8BF049223782E2B0CD16378AE
:103530002A2B35D1039B1A1D1B680392002BB8BFA1
:103540004FF0FF3302340593DFF8C8A0217803223F
:103550005046ECF7CDFE40B14023A0EB0A0003FA41
:1035600000F0049B03430134049314F8011B264824
:103570008DF828100622ECF7BBFE002838D0234B2C
:103580001BBB039B073323F0070308330393099BFB
:103590003344099367E70CFB02320C460120A5E790
:1035A00000230134059319464FF00A0C204610F809
:1035B000012B303A092A03D9002BC5D00591C3E766
:1035C0000CFB012104460123F0E703AB00932A46DC
:1035D0000F4B04A93846AFF30080421C0646D6D1F3
:1035E000AB895B063FF52CAF09981DB0BDE8F08FA5
:1035F00003AB00932A46064B04A9384600F07AF83C
:10360000EBE700BF983E0108A23E01080000000061
:10361000613301089E3E01082DE9F04716469946A0
:103620008A680B69DDF820809342B8BF1346336087
:1036300091F8432007460C460AB1013333602368F2
:10364000990642BF336802333360256815F00605DA
:1036500006D104F1190AE36832689B1AAB4226DCF2
:1036600094F84320131E226818BF012392062BD41E
:1036700004F1430249463846C04701301ED0236852
:10368000E568326803F00603042B08BFAD1AA3688F
:1036900022690CBF25EAE57500259342C4BF9B1A39
:1036A000ED1800261A34B5421AD1002008E0012393
:1036B000524649463846C047013003D14FF0FF30EB
:1036C000BDE8F0870135C6E7E1185A1C302081F8C3
:1036D0004300224494F8451082F843100233C7E7B0
:1036E0000123224649463846C0470130E6D001361C
:1036F000D9E700002DE9FF470F7E0C9D782F9146FA
:1037000080460C469A4601F1430207D8622F0AD838
:10371000002F00F0D880582F00F0A38004F142055C
:1037200084F842703AE0A7F16303152BF6D801A1A3
:1037300051F823F08D370108A13701081D37010822
:103740001D3701081D3701081D370108A137010881
:103750001D3701081D3701081D3701081D370108F5
:10376000AD380108D13701088F3801081D3701082D
:103770001D370108CF3801081D370108D13701086E
:103780001D3701081D370108973801082B681A1DDD
:103790001B682A6004F1420584F842300123A3E04B
:1037A00020682968060601F104030AD50E682B601B
:1037B000002E03DA2D23764284F843305E480A2334
:1037C00019E00E682B6010F0400F18BF36B2EFE71B
:1037D0002B682068191D2960010601D51E6802E0CA
:1037E0004606FBD51E8854486F2F0CBF08230A23BA
:1037F000002184F843106568A560002DA2BF2168F0
:1038000021F0040121600EB9002D4DD01546B6FB04
:10381000F3F103FB1167C75D05F8017D3746BB4235
:103820000E46F4D9082B0BD12368DE0708D523698F
:1038300061689942DEBF302305F8013C05F1FF3590
:10384000521B2261CDF800A04B4603AA21464046F8
:10385000FFF7E2FE01304CD14FF0FF3004B0BDE87D
:10386000F087354881F845702968236851F8046B62
:1038700029601D0614D5DF0744BF43F020032360F1
:103880001EB9236823F0200323601023B0E72368C8
:1038900043F0200323607823284884F84530E3E789
:1038A000590648BFB6B2E6E71546BBE72B6826685F
:1038B0006169181D286035061B6801D5196002E092
:1038C0007006FBD51980002323611546BAE72B68E3
:1038D0001A1D2A601D68626800212846ECF708FD61
:1038E00008B1401B606063682361002384F84330A3
:1038F000A8E723692A4649464046D0470130ABD065
:1039000023689B0713D4E068039B9842B8BF18460E
:10391000A4E70123324649464046D04701309BD0B8
:103920000135E36803995B1AAB42F2DCEBE7002553
:1039300004F11906F5E700BFA93E0108BA3E0108E7
:10394000884210B501EB020402D98442234607D80D
:10395000431EA14208D011F8012B03F8012FF8E70C
:10396000024401468A4200D110BD13F8014D02F80D
:10397000014DF7E7F8B5074614460E4621B9BDE8F4
:10398000F8401146FFF740BC22B9FFF7F1FB25468E
:103990002846F8BD00F014F8A0420FD22146384660
:1039A000FFF732FC05460028F2D031462246FFF7E9
:1039B000C9FB31463846FFF7DBFBE9E73546E7E769
:1039C00051F8043C181F002BBCBF0B58C01870479F
:1039D000044A05491368002B08BF0B4618441060C1
:1039E00018467047F4220124F8220124FFFFFFFF4C
:1039F000FFFF000001060000010700000054004026
:103A000000580040005C0040001C005825002600C3
:103A10002700340035004700520053008E0000009C
:103A20000101010307010000000000400004004004
:103A300000080040000C00407072657373656400FC
:103A400072656C656173656400000000010400002C
:103A50006DDBDBB64992B66D244992242D2D000012
:103A6000257325640000000043000000432300008C
:103A70004400000044230000450000004600000010
:103A800046230000470000004723000041000000DB
:103A90004123000042000000683A01086C3A010826
:103AA000703A0108743A0108783A01087C3A010832
:103AB000803A0108843A0108883A01088C3A0108E2
:103AC000903A0108943A0108F1F0F03CF1F0703DB1
:103AD000F1F0F03DB5B4343EF1F0703EB5B4343E93
:103AE000F1F0F03DF1F0703DF1F0F03C452C256433
:103AF0000A000000502C25642C25642C25642C25FC
:103B0000640A0000532C25642C25732C25640A00BC
:103B1000542C25642C25642C25732C25642C2564B9
:103B20000A000000462C544845524D414C2C256457
:103B30000A000000462C54454D505F53454E534FEC
:103B4000522C25640A00000000061016000610160C
:103B5000060000000C000000120000001800000029
:103B600000010000060100000C010000120100002D
:103B70001801000000020000060200000C02000014
:103B800012020000180200000003000006030000FB
:103B9000000203000000000001000000000000001F
:103BA0000000FA4500007A460000FA4600803B47D4
:103BB0000080BB4700100140004400400048004026
:103BC000004C0040005000400014014000780040CC
:103BD000007C0040000C00580000000000040000C1
:103BE000000600000010000000000000003000008F
:103BF0000020000000000010000000000010000085
:103C00000000000001020304010203040607080982
:103C1000000201020002010201000200040008008B
:103C20001000200040008000000100020004000895
:103C300000100020004000800000025800040258DC
:103C400000080258000C02580010025800140258D4
:103C500000180258001C0258002002580024025884
:103C60000028025800000000018080808080808051
:103C70000480808080808080088080808080808038
:103C80001080808080808080208080808080808004
:103C9000400000000004081020400000020408104A
:103CA0002040000008040204080101010000000097
:103CB0000B00FF00940200247C02002488020024F0
:103CC0004C020024B8020024A0020024AC0200240C
:103CD00058020024DC020024C4020024D002002484
:103CE0006402002448210124302101243C210124C4
:103CF000182101246C210124542101246021012474
:103D00002421012400030024E8020024F4020024FA
:103D10007002002400000000BEF3F879EC61F63F69
:103D20001930965BC6FEDEBF3D88AF4AED71F53FA8
:103D3000A4FCD432680BDBBFB010F0F03995F43F2F
:103D40007BB71F0A8B41D7BF8503B8B095C9F33F36
:103D50007BCF6D1AE99DD3BFA564880C190DF33F85
:103D600031B6F2F39B1DD0BFA08E0B7B225EF23FDB
:103D7000F07A3B1B1D7CC9BF3F341A4A4ABBF13F56
:103D80009F3CAF93E3F9C2BFBAE58AF05823F13FF5
:103D90005C8D78BFCB60B9BFA70099413F95F03FDC
:103DA000CE5F47B69D6FAABF000000000000F03F45
:103DB0000000000000000000AC479AFD8C60EE3F60
:103DC0003DF5249FCA38B33FA06A021FB3A4EC3F5D
:103DD000BA913854A976C43FE6FC6A573620EB3FC7
:103DE000D2E4C44A0B84CE3F2DAAA163D1C2E93FDD
:103DF0001C65C6F04506D43FED417803E686E83FF2
:103E0000F89F1B2C9C8ED83F624853F5DC67E73F38
:103E1000CC7BB14EA4E0DC3F4D7E0AF7B612D7BF93
:103E2000E0326849BFCADE3FDEE3FA9F4715E7BFCD
:103E3000B8C8355F4715F73F0000000000000000DC
:103E40000000000000000000000000000000000072
:103E50000000000000000000000000000000000062
:103E60000000000000000000000000000000000052
:103E70000000000000000000000000000000000042
:103E80000000000000000000000000000000000032
:103E90000000000000000000232D302B2000686C83
:103EA0004C0065666745464700303132333435365D
:103EB0003738394142434445460030313233343596
:103EC000363738396162636465660000F8B500BF53
:103ED000F8BC08BC9E467047F8B500BFF8BC08BCEB
:043EE0009E46704743
:083EE40054C8FE7F010000003C
:103EEC00C50200086D0C0008C17800089187000815
:103EFC00BD8D000899A100086DA90008AD19010835
:043F0C00A51E0108E5
:043F1000A102000802
:103F1400000000000100000010000000100000007C
:103F2400000000000000000000000000000000008D
:103F3400000000001000000000000000000000006D
:103F4400000000000000000000000000100000005D
:103F5400000000000000000000000000000000005D
:103F6400000000000000000000000000000000004D
:103F7400000000000000000000000000010000003C
:103F8400000000000000000000000000000000002D
:103F9400000000000000000001000000000000001C
:103FA400000000000000000000000000000000000D
:103FB40000000000010000000000000000000000FC
:103FC40000000000000000000000000000000000ED
:103FD40001000000000000000000000000000000DC
:103FE40000000000000000000000000001000000CC
:103FF40000000000000000000000000000000000BD
:1040040000000000000000000100000000000000AB
:10401400000000000000000000000000000000009C
:10402400000000000100000000000000000000008B
:10403400000000000000000000000000000000007C
:10404400010000000000000000000000000000006B
:10405400000000000000000000000000010000005B
:10406400010708000000000000000000010608002D
:1040740000000000000000000B00FF00FC01002411
:10408400F001002414020024080200242C0200245D
:1040940020020024C0010024B4010024D80100241B
:1040A400CC0100247810012438020024E401002407
:1040B400541001246C100124601001245C010024BC
:1040C40050010024010808020B0800010800000048
:1040D400010908020A08000008000000010C0E0390
:1040E400020801050E000000020C0801060E000083
:1040F4000000000001040B000000000000000000AC
:10410400010707010F040000000000000106070179
:104114000E0400000000000000030700000000007F
:104124000000000000020700000000000000000082
:10413400020B07000000000000000000020A070054
:104144000000000000000000060907000000000055
:10415400000000000090D0030090D003060A050080
:104164000405000000000000010C0501040701091A
:10417400050000000004060000000000000000002C
:104184000004080000000000000000000104050015
:1041940006050609050000000105050007050000E5
:1041A40000000000060B05000505000000000000EB
:1041B400010E0502020500000000000002010501D5
:1041C4000F050203050000000303050000000000C2
:1041D40000000000020B06010406000000000000BD
:1041E400020C06010507000000000000020A060098
:1041F40000000000000000000104080006080000A0
:10420400000000000105080007080000000000008D
:10421400000508000000000000000000000000008D
:10422400000000000000000000000000000000008A
:104234000000000001000000000000000000000079
:10424400000000000000000000000000000000006A
:104254000100000000000000000000000000000059
:104264000000000000000000000000000100000049
:10427400000000000000000000000000000000003A
:10428400000000000000000001000000FF0000002A
:104294008403002400000000583E0108783E010811
:1042A400383E01080000000000000000000000008B
:1042B40000000000000000000000000000000000FA
:1042C40000000000000000000000000000000000EA
:1042D40000000000000000000000000000000000DA
:1042E40000000000000000000000000000000000CA
:0442F40000000000C6
:0400000508000A11D4
:00000001FF
