:020000040800F2
:10000000000002209906000895060008618D00088E
:1000100095060008950600089506000800000000F7
:10002000000000000000000000000000950600082D
:10003000950600080000000095060008E58C000801
:100040009506000895060008950600089506000824
:100050009506000895060008950600089506000814
:10006000950600089506000895060008197900080D
:100070002579000899660008317900083D79000863
:1000800099870008496E0008950600089506000843
:1000900095060008950600089506000895060008D4
:1000A00095060008950600089506000895060008C4
:1000B0000906010815060108210601087D6E0008E1
:1000C00095060008896E00089506000879FE00086C
:1000D00085FE0008CD850008F98500082D860008FA
:1000E0009506000895060008000000009506000827
:1000F0009506000895060008950600089506000874
:1001000095060008950600082D06010891FE0008D6
:100110006186000895860008950600089506000887
:100120009506000895060008B5FE0008E9FE0008DF
:10013000CD8700089506000895060008950600087A
:1001400000000000000000000000000000000000AF
:10015000950600089506000895060008C98600085F
:10016000956E000895060008F58C0008198D0008AA
:10017000950600083D8D00089506000895060008C4
:100180009506000895060008FD86000831870008DE
:100190009DFE0008A9FE00089506000895060008C7
:1001A00095060008950600089506000895060008C3
:1001B000397600089506000895060008950600089F
:1001C00095060008950600089506000895060008A3
:1001D0009506000895060008950600089506000893
:1001E0009506000895060008950600089506000883
:1001F0009506000895060008950600089506000873
:100200009506000895060008950600089506000862
:100210009506000895060008950600089506000852
:1002200095060008950600089506000800000000E5
:1002300095060008950600080000000095060008D5
:100240009506000895060008950600089506000822
:100250009506000895060008950600089506000812
:100260009506000895060008950600089506000802
:100270009506000895060008658700080000000044
:100280009506000895060008950600080000000085
:080290000000000095060008C3
:1002A00010B5054C237833B9044B13B10448AFF3B0
:1002B00000800123237010BDE00300240000000033
:1002C000F023010808B5034B1BB103490348AFF302
:1002D000008008BD00000000E4030024F0230108B2
:1002E000034613F8012B002AFBD1181A0138704776
:1002F00001F0FF01102A2BDB10F0070F08D010F8D7
:10030000013B013A8B422DD010F0070F42B3F6D1DA
:10031000F0B441EA012141EA014122F007047FF0F3
:1003200000070023F0E80256083C85EA010586EA4A
:10033000010685FA47F5A3FA87F586FA47F6A5FA86
:1003400087F68EB9EED1F0BC01F0FF0102F0070292
:1003500032B110F8013B013A83EA010313B1F8D13D
:100360000020704701387047002D06BF354603381E
:10037000073815F0010F07D1013015F4807F02BF57
:10038000013015F4C03F0130F0BC0138704700BFA8
:1003900053B94AB9002908BF00281CBF4FF0FF31EC
:1003A0004FF0FF3000F074B9ADF1080C6DE904CEE8
:1003B00000F006F8DDF804E0DDE9022304B0704740
:1003C0002DE9F047089D04468E46002B4DD18A4208
:1003D000944669D9B2FA82F252B101FA02F3C2F13B
:1003E000200120FA01F10CFA02FC41EA030E9440CC
:1003F0004FEA1C48210CBEFBF8F61FFA8CF708FBED
:1004000016E341EA034306FB07F199420AD91CEBC4
:10041000030306F1FF3080F01F81994240F21C81F6
:10042000023E63445B1AA4B2B3FBF8F008FB10333E
:1004300044EA034400FB07F7A7420AD91CEB040473
:1004400000F1FF3380F00A81A74240F20781644443
:10045000023840EA0640E41B00261DB1D4400023C8
:10046000C5E900433146BDE8F0878B4209D9002D2C
:1004700000F0EF800026C5E9000130463146BDE8B6
:10048000F087B3FA83F6002E4AD18B4202D3824220
:1004900000F2F980841A61EB030301209E46002DCF
:1004A000E0D0C5E9004EDDE702B9FFDEB2FA82F224
:1004B000002A40F09280A1EB0C014FEA1C471FFA82
:1004C0008CFE0126200CB1FBF7F307FB131140EA69
:1004D00001410EFB03F0884208D91CEB010103F136
:1004E000FF3802D2884200F2CB804346091AA4B2F8
:1004F000B1FBF7F007FB101144EA01440EFB00FECC
:10050000A64508D91CEB040400F1FF3102D2A64530
:1005100000F2BB800846A4EB0E0440EA03409CE7CF
:10052000C6F12007B34022FA07FC4CEA030C20FA7C
:1005300007F401FA06F31C43F9404FEA1C4900FA9C
:1005400006F3B1FBF9F8200C1FFA8CFE09FB181119
:1005500040EA014108FB0EF0884202FA06F20BD98C
:100560001CEB010108F1FF3A80F08880884240F2DC
:100570008580A8F102086144091AA4B2B1FBF9F020
:1005800009FB101144EA014100FB0EFE8E4508D91B
:100590001CEB010100F1FF346CD28E456AD90238A0
:1005A000614440EA0840A0FB0294A1EB0E01A14285
:1005B000C846A64656D353D05DB1B3EB080261EBF3
:1005C0000E0101FA07F722FA06F3F1401F43C5E9CD
:1005D000007100263146BDE8F087C2F12003D84003
:1005E0000CFA02FC21FA03F3914001434FEA1C4745
:1005F0001FFA8CFEB3FBF7F007FB10360B0C43EA37
:10060000064300FB0EF69E4204FA02F408D91CEBE6
:10061000030300F1FF382FD29E422DD902386344E4
:100620009B1B89B2B3FBF7F607FB163341EA034184
:1006300006FB0EF38B4208D91CEB010106F1FF38D3
:1006400016D28B4214D9023E6144C91A46EA0046CA
:1006500038E72E46284605E70646E3E61846F8E65C
:100660004B45A9D2B9EB020864EB0C0E0138A3E7A5
:100670004646EAE7204694E74046D1E7D0467BE786
:10068000023B614432E7304609E76444023842E7FE
:10069000704700BFFEE700BF0B480C4A904203D0F2
:1006A000121A0B4911F0CAF80A480B4A904203D0BB
:1006B000121A002111F0D0F808F0AAFD11F09AF8F2
:1006C00000F02AF8FEE700BF00000024E003002449
:1006D00020240108E003002430E20024704700BF1A
:1006E000F8B5154606460F4601680A4800F056FC64
:1006F0007DB133683C68706803EB850C796853F80A
:10070000042B44F8042B634550F8042B41F8042BC8
:10071000F5D1F8BDFC030024F0B500218BB02E48C4
:1007200004F082FB03212C4804F086FA30212A4889
:1007300004F09EFA294A2A482A4E2B4D2B4C264972
:10074000002700F073F9304600F072FC284600F0F4
:1007500015FCFF2608F074FB0146204600F04EFC15
:1007600023491D4804F064FA0EE09DF81030E21BA6
:1007700069461C4813B9B2F5FA7F02D3274600F048
:100780008DFC012008F05EFB08F05AFB0446124A7B
:1007900068461349234600F0B1FA06999DF81250B5
:1007A000A1F101010C48B1FA81F1490904F07CFA88
:1007B000AE4229460B4801D000F056FC9DF81C3093
:1007C0002E46002BD1D09DF81D100648DDE90823E8
:1007D00000F026FDC9E700BF4804002438040024C7
:1007E00088040024F0040024FC03002404040024F2
:1007F000E106000810B50F4800240F4A0F490460B5
:1008000044610462C46310F0E1FF0D4B0D485C606D
:1008100043F8044B5C601C8100F0A4F80A4800F027
:1008200099FB0A4800F0D4FB0948BDE8104000F0ED
:10083000FBBB00BF4804002400000024DD060008C4
:100840003804002488040024FC0300240404002449
:10085000F0040024F0B50D8807464E88013A00F1F7
:100860000E044FF0000CAE422CBF00230123037393
:100870002B460AE09E4510D2734494454FEA530339
:1008800024F8023B0BDA31F8023FAE420CF1010CC6
:10089000B1F802E0EED39E45EED80020F0BD012372
:1008A00018467B73F0BD00BF70B50646407B30B381
:1008B000F0697568002801DDA84221DD002D4DDDBD
:1008C00033684FF0010C00204FF6FF74A3F1020EC5
:1008D0003EF8023F9942A3EB0102A1EB030392B25F
:1008E00088BF9AB26346A24201D260461446AB4228
:1008F0000CF1010CECDB7389A34238BF002070BD02
:100900006FF000423368B6F80AE00244348933F8E5
:10091000122074448A42A4B234BF8A1A521A92B284
:100920009442ECD29E1E012400204FF6FF7C36F844
:10093000023F9942A3EB0102A1EB030392B288BFED
:100940009AB22346624501D2204694469D4204F164
:100950000104ECDCE64538BF002070BD00204FF6F6
:10096000FF74C8E710B4184C03464FF60B7C002206
:1009700020680021A3F804C040F2011CC3F8620003
:10098000A088A3F84C20A3F8660018461A601A61E4
:10099000A3F818C0A3F844209A6483F84E20196580
:1009A00059659965DA65A3F86020C3E90B22C3E9AC
:1009B00002225DF8044BC3E90722C3E90922C3E917
:1009C0000D22C3E90F227047E420010890F844305B
:1009D0005BB303684BB3B0F860C0F0B5B0F85C40EF
:1009E000B0F85EE090F84C7090F84D6090F84E5082
:1009F000A0F86240A0F864E0A0F866C000201A6881
:100A0000BFF35B8F911C42F0010221F001011A60DB
:100A10001F715E719D71D8711C81A3F80AE0A3F863
:100A20000CC0BFF35B8F1960F0BD70472DE9F04F2C
:100A3000002402260546804689464FF0010A08F147
:100A4000200B08272DED028B9FB045F8042B324672
:100A50008DF814600CA88DF81540059905F088FBF9
:100A600003238DF8184032468DF819300DF14200FD
:100A7000069905F07DFB8DF81CA08DF81DA032466F
:100A8000079915A805F074FB07238DF8204032461E
:100A90008DF821300DF16600089909F1180605F06E
:100AA00067FB04230CA930461A4605F075FB304657
:100AB00005F080FD0521484604F0B6F88A4A534601
:100AC000284611682246009405F092FEDFED877AF1
:100AD00087490622874B5846C8F84040B0EE678ADF
:100AE00088F82D40F0EE678AC8F82010C8E90E4457
:100AF000C8E90923FFF7AEFE8246CDED097ACDEDB8
:100B00000A7ACDED0B7A0AAD0024E1B2304605F049
:100B100067FDB5EEC00AF7EE007AF1EE10FA0FD4D9
:100B2000B4EE670A0134F1EE10FA37FE800A30EEB7
:100B3000080A032C05ED010A0BD0B5EC018AE4E7A5
:100B40009FED6A0A013430EE080A032C05ED010A14
:100B5000F3D12146304605F043FDB5EEC00AF1EE73
:100B600010FA12D4F7EE007AB4EE670AF1EE10FA3A
:100B700037FE800A0121484678EE808A04F054F856
:100B8000013F05D09DED098ABDE79FED580AF1E7C9
:100B900008F15C0109A808F150030C46B4EE007A94
:100BA000F0EC017AF7EE006A002267EE877AF5EE44
:100BB000C07AE3EC017AF1EE10FA11D4F4EEE67AA1
:100BC0009FED4D6AB6EE007A4FF6FF72F1EE10FA25
:100BD00006DCA7EE867ABCEEC77A17EE102A92B230
:100BE0009C4221F8022BD9D1BAF1000F31D0F4EE9A
:100BF000007A68EEA78AF5EEC08AF1EE10FA33D5D6
:100C00000021039108F01CF9039906465846FFF7A6
:100C10004BFED8F838400546A0423BD00446C8F801
:100C20003800C8F840605846FFF73EFEA042D8F8AA
:100C30003C5006F1140640D02C46C8F83800C8F8DD
:100C40004060002C08BF2C46631E042B98BF88F818
:100C50004C300123404688F84430FFF7B7FE1FB000
:100C6000BDEC028BBDE8F08FF7EE007AF4EEE78A78
:100C7000F1EE10FA02DD4FF6FF71C2E7F6EE007AF0
:100C80009FED1D7AE8EE877AFCEEE77A17EE903A50
:100C900099B2B6E7D8F83C00854202461CD0D8F895
:100CA0004030F31A132B1AD95846C8F83C50FFF7B6
:100CB000FBFDA04206F11406BED1AC4209D0D8F823
:100CC0004010721A132A94BFD8F83C40C8F83C4030
:100CD000B7E72246D8F83C0004461546B1E72C4653
:100CE00014360546E9E700BF442101080000000072
:100CF000482101088403F00A00FF7F472DE9F04FE7
:100D000000250C4602F1180B28222946074604F15B
:100D10005C0604F15008BA46A9462DED028B83B05B
:100D2000019310F099FDB4F84C207A82E26BBA611D
:100D3000E9B2584605F054FCB5EEC00AF1EE10FADF
:100D40005FD4F7EE007AB4EE670AF1EE10FA37FEE0
:100D5000800AD8ED007A9FED7A7A30EE670AE0EEED
:100D6000077AF5EEC07AE8EC017AF1EE10FA42D497
:100D7000B7EE007AF4EEC77AF1EE10FA44DCB6EE84
:100D8000007ADFED706AA7EEA67AFCEEC77A17EE5E
:100D9000903A9AB207EE902AB8EE677AC7EE267AB2
:100DA000F1883280914234BF521A8A1A92B2802A54
:100DB00005F1010506F10206EAEC017A28BF4FF0C1
:100DC0000109032DB4D1B6EE008A2946584687EDB5
:100DD000038A05F005FCB5EEC00AF1EE10FA18D44E
:100DE000F7EE007AB4EEE70AF1EE10FA40F39680DF
:100DF0004FF6FF710EE00022DFED537A3280F28869
:100E0000D5E79FED510AA4E7F0EE477A4FF6FF725F
:100E1000C6E7002104F12000B982FFF745FDA36B6E
:100E2000984262D0019BA063E06B2364B8610138F3
:100E3000042813D9201D4D4605F0C0FD637E834272
:100E400020D0019B6076E36187F81090002D43D19C
:100E5000384603B0BDEC028BBDE8F08FC0B294F809
:100E60004C308342E6D00023012584F84C00B8744E
:100E7000201D84F84D30FB747D7405F09FFD637E6A
:100E80008342DED1227E9A42DED0E2690199A1EB53
:100E9000020ABAF10E0FD7D92376002B30D194F87D
:100EA0004530002BD0D1012394F84C2084F84530F4
:100EB000A36C0133A3647B62002A3BD094F84D30CD
:100EC00040F2011287F8109083F00103BA831F4AA1
:100ED00084F84D30FB743A622046FFF777FD3846C0
:100EE00003B0BDEC028BBDE8F08FE26B90429DD069
:100EF000236C0199CB1A132B94BF1046E06395E73E
:100F000094F84530002B9FD0002384F84530A36C23
:100F10007B6201233B770E4B3B6295E7F0EE487A0C
:100F20009FED087AE0EE077AFCEEE77A17EE903A4A
:100F300099B26FE740F20113BB83044B3B6283E736
:100F40000AD7A33D00FF7F470000000030210108C1
:100F50003821010800220549054B10B4C0E90022E0
:100F6000044C054A5DF8044B704700BFF824002488
:100F7000F8A40024F8140024F804002410B54FF459
:100F8000004204460021044810F066FC0023236060
:100F9000BFF35B8F636010BDF8240024036830B496
:100FA00092B19C18094DC3F30C02013351F804CBE4
:100FB00005EB8202A342C2F800C0F4D10460BFF383
:100FC0005B8F446030BC70471C46F7E7F824002470
:100FD0000022002110B478248161C161C4620162E1
:100FE0005DF8044B80F83020C0E90022C0E90222FD
:100FF000C0E90422C0E90922704700BF0023002293
:101000007831036043608360C36003614261836140
:10101000C361036280F8302010B47824C0E909125B
:10102000C4625DF8044B70470022C0E9002270479B
:1010300010B50C4A88B001230021B2F800C04FF46B
:10104000E134039306930491029101A905939388D7
:101050000794ADF804C0ADF8063007F06DFC08B099
:1010600010BD00BFEC20010810B588B00B460A4A3D
:1010700020210446684610F0ADFC6846FFF730F9C1
:101080000A2302466946204607F0C0FC10B1636897
:101090000133636008B010BD5421010891ED007A5E
:1010A000B5EEC07A30B5F1EE10FA9DB0044640D4EA
:1010B000F7EE007AB4EEE77AF1EE10FA40F3998099
:1010C00091ED017A42F21073B5EEC07AF1EE10FAAA
:1010D00037D5002091ED027AB5EEC07AF1EE10FA24
:1010E0003FD4F7EE007AB4EEE77AF1EE10FA5CDD69
:1010F00091ED037A42F21075B5EEC07AF1EE10FA76
:1011000037D5002260210292434ACDE9000504A8A8
:1011100010F060FC04A8FFF7E3F80A23024604A9D4
:10112000204607F073FC10B16368013363601DB0A3
:1011300030BD002391ED017AB5EEC07AF1EE10FAE0
:10114000C7D4F7EE007AB4EEE77AF1EE10FA3EDD9E
:1011500091ED027A42F21070B5EEC07AF1EE10FA1B
:10116000BFD5002591ED037AB5EEC07AF1EE10FA05
:10117000C7D4F7EE007AB4EEE77AF1EE10FA02DDAA
:1011800042F21072BEE7F6EE007ADFED246A42F218
:101190001071E7EE267AFDEEE77A17EE902A8A4282
:1011A000A8BF0A4622EAE272ACE7F6EE007ADFED6B
:1011B0001B6A42F21072E7EE267AFDEEE77A17EE2E
:1011C000905A9542A8BF154625EAE575CAE7F6EE9E
:1011D000007ADFED126A42F21072E7EE267AFDEE37
:1011E000E77A17EE900A9042A8BF104620EAE07016
:1011F00070E7F6EE007ADFED096A42F21072E7EE70
:10120000267AFDEEE77A17EE903A9342A8BF13468E
:1012100023EAE3738EE700BF5C21010800401C460F
:1012200010B514469AB01A460B4600946021044645
:10123000019202A8084A10F0CDFB02A8FFF750F86F
:101240000A23024602A9204607F0E0FB10B16368BA
:10125000013363601AB010BD6C210108704700BFF4
:101260000F4B1B780BB90120704710B504464FF4A3
:101270007A700C4AB0FBF3F31068B0FBF3F000F0A7
:10128000C1FE0F2C00D808B1012010BD002221465C
:101290004FF0FF3000F056FE034B00201C6010BDE5
:1012A00004000024440200240800002438B5032070
:1012B000124D00F035FE124C02F04EF9114A12495F
:1012C0009369C3F30323CB5C03F01F0320FA03F3FA
:1012D0000E202B60926902F00F028A5C02F01F025E
:1012E000D3402360FFF7BCFF10B10124204638BD76
:1012F0000446FFF7B3FF204638BD00BF4402002478
:10130000480200240044025830220108034A044BDA
:1013100011681B780B441360704700BFF8B40024B9
:1013200004000024014B1868704700BFF8B4002483
:1013300038B50446FFF7F6FF0546631C02D0044BA0
:101340001B781C44FFF7EEFF431BA342FAD338BDC2
:1013500004000024014B1868000C70470010005C6A
:10136000704700BF806B08B5FFF7FAFF08BD00BFEC
:10137000836B5A6D12F0500F5A6D10B51DD119685C
:1013800042F400725A650A6812F0080FCA681BD04E
:1013900012F4406F0DD1CA6894040AD45A6D22F435
:1013A00080725A655A6DD10403D45A6D42F001021D
:1013B0005A65184605F076F910BDD2060AD4DB6CE2
:1013C000BDE81040DB6C18479007E7D0184605F0E1
:1013D00069F9F1E7184605F009FA10BD806B08B508
:1013E000436D43F040034365836D43F0040383651D
:1013F00005F0FCF908BD00BFF0B5002283B00192F2
:1014000090F85020012A00F01C81034601201A6840
:1014100083F850009468640700F18A800C68C4F374
:101420001305002D40F08F80C4F38464A0404D6804
:101430004FF01F0ED6694FEA951C30430CF00C0C90
:10144000D06105F01F0002F1300584400EFA00FE65
:101450005CF8050020EA0E0004434CF80540906853
:1014600040076ED4956815F0080547D10C68072031
:1014700002F11406B94F4FEAD45CC4F304540CF0E3
:10148000040C00FA04FE886800FA04F45CF8060014
:1014900020EA0E0020434CF80600386800F0704047
:1014A000B0F1805F00F0C580D068D668C70600F153
:1014B000E880C6F382064869760000FA06F60F69EE
:1014C000042F00F0C18002F16004086854F827C0BE
:1014D00000F0F8400CF0004C40EA0C00304344F8B7
:1014E0002700487E0E69012854F8260008BF4FF0F7
:1014F000004520F00040054344F826509068C4079A
:1015000014D4CE68086806F01807954CD2F8C0507D
:10151000FC40C0F31307044025EA07052C43C2F83A
:10152000C040904CA64246D0002816DB002003E0C5
:101530005A6D42F020025A65002283F8502003B011
:10154000F0BD9068DAE794FAA4F5B5FA85F5C4F32E
:10155000846405F01F05A84069E783498A4200F0CA
:10156000B68001F580718A4200F0B1807F4D804CD9
:10157000A968A46801F0E076E44304F00104002CBB
:1015800000F0B4807B4CA04200F0FC807A4CA0427A
:1015900000F01A81794CA042C8D14902C6D47449DE
:1015A0008A42C3D1AA68002022F0E072324342F49A
:1015B0008002AA60C0E7002F6AD090FAA0F4B4FAC3
:1015C00084F4013404F01F04092C00F2A48090FA82
:1015D000A0F4B4FA84F490FAA0F5B5FA85F50134D4
:1015E00001260135A40605F01F0504F0F84406FAAB
:1015F00005F52C4390FAA0F0B0FA80F0304400F0EA
:101600001F0000EB400000052043C60D02F1140549
:10161000C0F30450072406F0040604FA00F77459D6
:1016200024EA07048F6807FA00F020437051086825
:101630007AE7D6684869C6F38206760000FA06F6AD
:101640003DE7022003B0F0BD106E0C6800F0F840DA
:10165000A506B0EB846F30D0506E00F0F8408542A4
:1016600026D0906E00F0F84085422BD0D06E00F06E
:10167000F84085427FF442AFD06E20F00040D06643
:101680003CE77608486906F0080600FA06F616E711
:10169000800E441C04F01F06092E2DD8A40601203C
:1016A00004F0F844B040044306EB46000005ABE705
:1016B000506E20F000405066D3E7106E20F00040DE
:1016C0001066C9E7906E20F000409066CEE7264C89
:1016D0002B4D04F58074A96854F8F86CA468344361
:1016E00001F0E076E44304F0010448E75A6D01207C
:1016F00042F020025A651FE706EB4600A5060124CA
:101700001E3805F0F84504FA06F60005354340F0AA
:101710000070284379E790FAA0F5B5FA85F590FABC
:10172000A0F4B4FA84F4013501260134AD0604F0C6
:101730001F0405F0F84506FA04F4254390FAA0F4D6
:10174000B4FA84F4344404F01F0404EB4404A4F118
:101750001E00000540F00070DBE700BF0010005CD9
:10176000FFFF0F000000FF47002002400063025807
:1017700000600258000084CB000052C70000B8CFC0
:101780000023024008023FF5D1AE17498A427FF498
:10179000CDAE164AA9681268154821F0E071920989
:1017A0003143A0FB020241F400019209A9605200FA
:1017B0000192019A002A3FF4B9AE019A013A0192CE
:1017C000019A002AF9D1B1E611F080707FF4AEAE33
:1017D00005498A427FF4AAAEAA6822F0E072324339
:1017E00042F08072AA60A7E600600258440200241A
:1017F000632D3E0503689A68D20701D50020704723
:101800009968214A114270B5044608D0636D0120E1
:1018100043F010036365A36D0343A36570BD99682E
:101820001A4A0A4042F001029A60FFF77BFD2368E2
:10183000174A054693421ED002F5807293421AD091
:10184000144A9268114E0AE09A68324042F001024E
:101850009A60FFF767FD401B0228D7D823681A68F3
:10186000D2070FD49A68D107EED5FFF75BFD401B76
:101870000228F3D9CAE7084A9268D006E2D0074A9C
:101880009342DFD1002070BD3F000080C0FFFF7F8A
:101890000020024000630258002302400021024061
:1018A0002DE9F0413A4D044600680F461646A8421D
:1018B00019D0384B984216D0374DAB688068420734
:1018C00016D494F85020012A12D003F01F080122E8
:1018D000B8F1090F84F850200DD90023012084F8B5
:1018E0005030BDE8F0812D4DAB6880684207E8D5E7
:1018F0000220BDE8F08140F2212323FA08F3DB4304
:1019000013EA0205E9D12046FFF774FF002839D118
:10191000626D234B2168134043F480736365B8F113
:10192000000F02D01B4B994203D0636D23F4801348
:101930006365636D13F4805328D0A36D23F0060311
:10194000A365E06C3346174D3A464031C563164DEA
:101950000564164DC5641C2541F8405C002584F8DB
:10196000505051F83C5C45F0100541F83C5C00F0EB
:1019700059FE22680E4B91680B4043F004039360BC
:10198000BDE8F08184F85050BDE8F081A365D8E748
:101990000020024000210240006302580023024060
:1019A000FEF0FFFF7113000865130008DD13000847
:1019B000C0FFFF7F38B503689A68910702D59B681E
:1019C000002038BD9A68D20723D59A68044602F0F1
:1019D0000D02012A08D0636D012043F010036365F6
:1019E000A36D0343A36538BD986803210A4A0240EA
:1019F00042F002029A601960FFF794FC054604E089
:101A0000FFF790FC401B0228E5D823689B68DB07A2
:101A1000F6D4002038BD00BFC0FFFF7F38B5574A5D
:101A200004460368934226D002F58072934222D086
:101A3000534B9B6813F4403F22D001F047FF63688B
:101A40000546B3F5003F00F08880B3F5403F70D005
:101A5000B3F5803F00F08180FFF77CFC41F2030387
:101A600098422DD8474B9D425DD92268936843F434
:101A70008073936038BD444B9B6813F4403FDCD1C6
:101A80004FF4002002F0EEFF63680546B3F5101F27
:101A90006DD008D8B3F5E01F55D01AD9B3F5001FA3
:101AA000DAD14509D8E7B3F5201F4AD0B3F5301F86
:101AB000D2D1FFF74FFC41F20303984233D92D0AEC
:101AC000324B9D421DD82268936823F44073936083
:101AD00038BDB3F5801F06D00AD9B3F5A01F02D0D8
:101AE000B3F5C01FB8D19B0C5B00B5FBF3F5B3E7B2
:101AF000B3F5002FF7D023F40022B2F5802FF2D0F7
:101B0000AAE7234B234A2B4493421ED9224B234A54
:101B10002B449342226893682BD823F4407343F4F8
:101B20000073936038BD2268936823F480739360D8
:101B300038BD8508FFF70EFC41F203039842BFD879
:101B400090E7C50988E7050986E72268936823F4CA
:101B5000407343F48073936038BD1B0CB5FBF3F501
:101B6000FFF7F8FB41F203039842A9D87AE7850909
:101B700072E743F44073936038BD00BF0020024019
:101B800000630258002D310100230240105E5F0007
:101B9000EFA1A0FF0F5E5F00DF4341FF1FBCBE004F
:101BA00030B5002383B00193002800F0D080456D4C
:101BB0000446002D00F0BA80226893689B0003D58C
:101BC0009168714B0B4093609368DD0015D46F4BA7
:101BD00090686F491B6801406E489B0941F0805135
:101BE000A0FB030391609B090193019B2BB1019B17
:101BF000013B0193019B002BF9D19368D80024D4B9
:101C0000636D012543F010036365A36D2B43A3654A
:101C1000936813F0040F636D1DD1D9061BD4636D57
:101C200023F4817343F0020363659368DB0728D4D0
:101C3000594B9A4217D003F580739A4213D0574BF1
:101C40009B68D9071DD4564A15E09368002513F008
:101C5000040F636DE1D0636D012543F01003284646
:101C6000636503B030BD4C4A4E4B92689B6813438A
:101C7000D80706D44C4A9368616823F47C130B435D
:101C80009360FFF767FB41F20303A1689842237F4B
:101C900052D894F815C01A04206B42EA4C32024321
:101CA0000A43012B03D1236A013B42EA4342636AA0
:101CB00023B103F47873A16A0B431A4323683B49A9
:101CC000D86801400A43DA609A6812F0040F9A68F3
:101CD0001CD112071AD4D868354A217D024042EA45
:101CE0008132E16A0A43DA6094F83820012A3AD056
:101CF0001A6922F001021A611A692046616B22F00A
:101D000070420A431A61FFF789FE2368E268012ADC
:101D100021D01A6B22F00F021A63636D284623F05C
:101D2000030343F00103636503B030BD04F068FCB6
:101D3000A56584F850503FE71029AAD1617D1A04A7
:101D400042EA4132216B0A4342F01C02A9E7012515
:101D5000284603B030BD196BA26921F00F01013A8A
:101D60000A431A63D9E7D4E9102118690A431149D3
:101D700001400A43A16C0A43E16B42EA014242F08E
:101D800001021A61B8E700BFC0FFFF5F44020024F0
:101D9000C0FFFF6F632D3E05002002400060025827
:101DA00000630258002102400023024003C0F0FFFC
:101DB000FCBFFFFF1EF800FCF0B5002383B00193C9
:101DC00090F85030012B40D0012304460E461546B2
:101DD00080F85030FFF7EEFDE8B9676D05F08042FE
:101DE0001B4B06F480311B4D3B401B4F43F002035D
:101DF000636523689E68354015430D4345F00045F3
:101E00009D609A68002A0FDB636D23F0030343F0A3
:101E10000103636503E0636D43F010036365002312
:101E200084F8503003B0F0BD019A01320192019A5A
:101E3000BA42E6D9636D0022012023F0120384F830
:101E4000502043F010036365ECE7022003B0F0BDBF
:101E5000FDEEFFFFC0FFFE3FFF955A55F0B490F82E
:101E600050200E68012A49D00346294A01201C68E7
:101E700083F85000944208D05A6D002142F02002AD
:101E800083F850105A65F0BC7047224DAA6852077B
:101E90000AD5A2685A6D012042F020025A6500223C
:101EA00083F85020F0BC7047A06810F00400F1D116
:101EB000C6B1DFF868C04F68DCF8082022F4404261
:101EC0003A43CCF80820A468AA682243D40713D464
:101ED0008A68DCF8081016430F4A0A401643CCF80B
:101EE0000860DCE70D498A6822F440428A60A068F5
:101EF000AA680243D00704D50020D0E70220F0BC36
:101F000070478C683046044A22408A60C7E700BFA9
:101F10000020024000210240E0F0FFFF00230240C9
:101F200006494FF6FF0C0002054BCA6800F4E0605A
:101F300002EA0C0210430343CB60704700ED00E05F
:101F40000000FA051B4BDB68C3F3022300B5C3F1A5
:101F5000070E03F1040CBEF1040F28BF4FF0040E6E
:101F6000BCF1060F1AD9033B4FF0FF3C0CFA03FCFF
:101F700022EA0C024FF0FF3C00280CFA0EFC21EA8A
:101F80000C0101FA03F141EA02010ADB09010A4BE3
:101F9000C9B2034483F800135DF804FB0022134622
:101FA000E8E700F00F000901044BC9B203441976B9
:101FB0005DF804FB00ED00E000E100E0FCEC00E077
:101FC000002807DB00F01F0101234009024A8B4073
:101FD00042F82030704700BF00E100E000280DDB30
:101FE0004309012200F01F000549203302FA00F0E6
:101FF00041F82300BFF34F8FBFF36F8F704700BFCF
:1020000000E100E0431EB3F1807F0CD24FF0E022EC
:10201000002006494FF0F00C5361072381F823C0DC
:102020009061136170470120704700BF00ED00E030
:10203000BFF35F8F044B00215A6A22F480325A6248
:10204000C3F89410704700BF00ED00E0064B40F06D
:102050000100C3F894005A6A42F480325A62BFF316
:102060004F8FBFF36F8F704700ED00E0174A437842
:10207000C2F89830017821B3436800B5C2F89C30AB
:10208000C37A90F80CC01B0690F80FE043EA0C737B
:1020900090F80AC00B43817B43EACC4390F80DC013
:1020A00043EA8C4390F809C043EA4143017A43EA8A
:1020B0000E4343EA0C2343EA4103C2F8A0305DF823
:1020C00004FBC2F89C10C2F8A010704700ED00E0BD
:1020D000704700BF08B5FFF7FBFF08BD0268344B2F
:1020E000344930B4344D354CAA4218BF9A420CBF23
:1020F000012300238A4208BF43F001033031A2428A
:1021000008BF43F0010330348A4208BF43F00103A3
:102110003031A24208BF43F0010330348A4208BF85
:1021200043F0010301F55C71A24208BF43F00103D3
:1021300004F55C748A4208BF43F001033031A242C7
:1021400008BF43F0010330348A4208BF43F0010363
:102150003031A24208BF43F0010330348A4208BF45
:1021600043F001033031A24208BF43F001038A4229
:1021700008BF43F0010313B9114B9A4213D1D3B2F4
:102180001049114C103BA1FB03515F2B0F4BC1F3C6
:10219000021103EA0203615C88BF0433C1658365F1
:1021A000184630BC704722F0FF038365F8E700BF94
:1021B0001000024040000240280002405800024047
:1021C000B8040240ABAAAAAA7821010800FCFFFFCC
:1021D0000368294A294930B4294D2A4CAB4218BF1B
:1021E00093420CBF012200228B4208BF42F0010241
:1021F0002831A34208BF42F0010228348B4208BFB5
:1022000042F001022831A34208BF42F001028B4292
:1022100008BF42F0010212B91B4A934213D1DBB24C
:102220001A4C1B4A0121083B1A4DA4FB0343456687
:1022300002EB1312C3F30413920001FA03F30266D4
:10224000836630BC7047DAB21349144C1944103A13
:10225000A829A4FB02234FEA131300D80833104A1D
:1022600003F01F0501210F4C1A44A9404466920057
:1022700081660266E5E700BF0854025830540258F0
:102280001C5402584454025894540258CDCCCCCC1F
:102290000096001680580258F0FBFDBFABAAAAAA10
:1022A000008200108008024070B50446FFF73AF83B
:1022B000002C00F0C68023680546954A934248D01A
:1022C0001832934245D0303292498B4218BF934224
:1022D00001F130010CBF012200228B4208BF42F005
:1022E000010218318B4208BF42F0010218318B42C3
:1022F00008BF42F0010218318B4208BF42F00102D0
:1023000001F556718B4208BF42F0010218318B4231
:1023100008BF42F0010218318B4208BF42F00102AF
:1023200018318B4208BF42F0010218318B4208BFBE
:1023300042F0010218318B4208BF42F0010218310D
:102340008B4208BF42F001021AB9734A934240F02F
:10235000F5800222002184F8352084F834101A68B0
:1023600022F001021A6005E0FEF7DCFF431B052B9B
:1023700040D823681A68D107F6D4D4E90225216928
:102380002A43A0691D680A4361690A43E16902435F
:102390000A4362492940256A2A430A43616A04299B
:1023A0002FD01A605A6922F0070211435961204662
:1023B000FFF794FEE26D3F2302F01F02934083601B
:1023C0002046FFF705FFA368802B3CD06368A06E12
:1023D000DAB2013BD4E91851072B2A60486026D9AC
:1023E0000023C4E91B33636700200123606584F880
:1023F000353070BD202203230120626584F835301A
:1024000070BDD4E90B5129430A431A605969A26A85
:1024100021F00701114341F00401002DC6D000282E
:102420004FD1012A6ED032F00202BFD151E0501ECE
:10243000072810D9626FD4E91B31002018604A6068
:10244000D2E7012070BD0023A16ED4E918026360B9
:1024500003605160C4E72168314B324DA94218BF77
:10246000994205F114050CBF01230023A94208BFBE
:1024700043F001031435A94208BF43F001031435AA
:10248000A94208BF43F001031435A94208BF43F035
:1024900001031435A94208BF43F001033BB9224BA5
:1024A000994204D0214B224913449B0003E0214B65
:1024B000214913449B0001228240C4E91B31626719
:1024C000BBE7B0F5005F0ED0022A05D9032A7FF4DE
:1024D0006DAFEA017FF56AAF0123402218466265BD
:1024E00084F8353070BD032A3FF660AF01A050F884
:1024F00022F000BFD9240008D3240008D924000802
:1025000005250008B5F1C07F7FF450AFE4E700BFB8
:102510001000024040000240B80402403F8010FE1C
:10252000085402581C540258945402583F82001018
:10253000400902403F96001640590258324A33483B
:102540003349834218BF934200F128000CBF012297
:1025500000228B4208BF42F001022831834208BFAB
:1025600042F0010228308B4208BF42F001022831BC
:10257000834208BF42F001028B4208BF42F00102D1
:1025800012B9244A934238D102220021224D84F804
:10259000341084F835201A681540A268402A2AD0E1
:1025A000802A0CBF4FF480400846266AD4E9031203
:1025B000D20842EAD102616942EAD102A16942EA43
:1025C000D102E16942EAD102144942EA16121944E1
:1025D0002A4302431248A0FB010120461A600B095E
:1025E0009B00E365FFF77AFDE26D012302F01F0215
:1025F00093404360E4E61020D7E740220323012004
:10260000626584F8353070BD085402581C54025875
:1026100030540258945402580F00FEFFF8ABFDA747
:10262000CDCCCCCC002800F0BC80844690F834009F
:10263000012800F0B88001202DE9F0419CF83540D8
:102640008CF83400844208D000224FF400638CF8E8
:102650003420CCF85430BDE8F0810220DCF8005082
:102660007A4C8CF835000020794ECCF8540079482B
:10267000854218BFA54200F118000CBF01240024B8
:10268000854208BF44F001041830854208BF44F079
:1026900001041830854208BF44F001041830854217
:1026A00008BF44F0010400F55670854208BF44F0AD
:1026B00001041830854208BF44F0010418308542F7
:1026C00008BF44F001041830854208BF44F00104FB
:1026D0001830854208BF44F001041830854208BF15
:1026E00044F001041830854208BF44F0010418305A
:1026F000854208BF44F00104A0F59560B54218BFBB
:102700008542DCF86C600CBF0120002054EA000810
:10271000286820F001002860DCF86400DCF86840DC
:10272000DCF85870446040D016B1DCE91C04446009
:10273000DCF85C004FF03F0E00F01F000EFA00F0D6
:10274000B860286820F4802028606B60DCF80830CE
:10275000402B23D0A960EA602B6823F01E0343F0CE
:1027600016032B60DCF840301BB12B6843F00803E4
:102770002B60DCF860301A68D20303D51A6842F483
:1027800080721A601EB1336843F4807333602B6823
:10279000002043F001032B60BDE8F081AA60E960EE
:1027A000DAE7012070470220704716B1DCE91C040B
:1027B00044602948DFF8A8E0754518BF85420EF14E
:1027C000140E0CBF01200020754508BF40F0010029
:1027D0000EF1140E754508BF40F001000EF1140E05
:1027E000754508BF40F001000EF1140E754508BF95
:1027F00040F001000EF1140E754508BF40F00100D5
:1028000010B9164885420ED1DCF85C0000F01F0EAE
:10281000012000FA0EF078606B60DCF80830402B85
:1028200010D0A960EA602B6823F00E0343F00A037E
:102830002B60DCF84030002B9BD02B6843F0040366
:102840002B6096E7AA60E960EDE700BF4000024018
:10285000280002405800024008540258945402587C
:102860001C54025800285FD038B590F83520034634
:10287000022A55D10168444A914248D01832914207
:1028800045D03032414C4248A14218BF914204F138
:1028900048040CBF01220022814208BF42F001021D
:1028A0003030A14208BF42F001023034814208BFFB
:1028B00042F0010200F55C70A14208BF42F0010243
:1028C00004F55C74814208BF42F001023030A1423D
:1028D00008BF42F001023034814208BF42F00102D9
:1028E0003030A14208BF42F001023034814208BFBB
:1028F00042F001023030A14208BF42F001028142A1
:1029000008BF42F0010212B9224A91420ED10422BC
:10291000002083F835200B6823F001030B6038BDDD
:10292000802201205A6538BD012070470A681C6E5C
:1029300022F00E02D86D9D6D0A6000F01F000A683B
:1029400022F001020A6001222168824021F4807194
:1029500021606A60DA6ED3E91910486032B11168FB
:10296000D3E91C0421F4807111604460002401212A
:102970001A6D83F8344083F835101AB11846904721
:10298000204638BD104638BD1000024040000240CD
:1029900070000240B80402402DE9F04300229C4B35
:1029A00083B09C4E1D688146019203689A4A846DEB
:1029B000934218BFB342276808BF0126216818BF99
:1029C000002645D018329548834218BF934200F143
:1029D00018000CBF01220022834208BF42F001020E
:1029E0001830834208BF42F001021830834208BF0A
:1029F00042F001021830834208BF42F0010200F5A4
:102A00005670834208BF42F001021830834208BF6B
:102A100042F001021830834208BF42F00102183030
:102A2000834208BF42F001021830834208BF42F0DF
:102A300001021830834208BF42F00102183083427D
:102A400008BF42F001021AB9754A934240F0508221
:102A5000D9F85C10082201F01F0C02FA0CF21742A0
:102A600040F0888127FA0CF2D2070CD55A6910067B
:102A700009D5012202FA0CF2A260D9F8542042F0E2
:102A80000202C9F854204FF0040E0EFA0CF038423E
:102A90005BD0002E4FD1634ADFF88081434518BFD9
:102AA000934208F118080CBF01220022434508BFD9
:102AB00042F0010208F11808434508BF42F0010244
:102AC00008F11808434508BF42F0010208F1180850
:102AD000434508BF42F0010208F55678434508BF58
:102AE00042F0010208F11808434508BF42F0010214
:102AF00008F11808434508BF42F0010208F1180820
:102B0000434508BF42F0010208F11808434508BFD9
:102B100042F0010208F11808434508BF42F00102E3
:102B200008F11808434508BF42F001021AB93C4AAF
:102B3000934240F019821A68920706D5A060D9F82E
:102B4000542042F00402C9F85420102202FA0CFC6E
:102B50001CEA070F6CD0002E45D1324A2F4EB342EB
:102B600018BF934206F118060CBF01220022B3429F
:102B700008BF42F001021836B34208BF42F001021A
:102B80001836B34208BF42F001021836B34208BFFC
:102B900042F0010206F55676B34208BF42F0010248
:102BA0001836B34208BF42F001021836B34208BFDC
:102BB00042F001021836B34208BF42F00102183653
:102BC000B34208BF42F001021836B34208BF42F0D8
:102BD00001021836B34208BF42F001021AB9104A86
:102BE000934240F0C9811A68100721D5C4F808C083
:102BF0001A68560300F14C811A68D20503D41A688A
:102C000022F008021A60D9F840308BB10CE000BF06
:102C100044020024100002402800024058000240F4
:102C2000B80402404000024048469847D9F85C107A
:102C300001F01F0120268E403E4268D0D9F80020C6
:102C4000A54BA64FBA4218BF9A4207F118070CBF0E
:102C500001230023BA4208BF43F001031837BA42E8
:102C600008BF43F001031837BA4208BF43F001031D
:102C70001837BA4208BF43F001031837BA4208BFF9
:102C800043F001031837BA4208BF43F0010307F5C8
:102C90005677BA4208BF43F001031837BA4208BF5B
:102CA00043F001031837BA4208BF43F00103183755
:102CB000BA4208BF43F001031837BA4208BF43F0D5
:102CC00001031837BA4208BF43F001031837BA426C
:102CD00008BF43F001031BB9814B9A4240F0628167
:102CE0001368DB0613D5A66099F83530042B1368FA
:102CF00000F0AE8013F4802F136800F0D3801C0323
:102D000040F1DE80D9F83C300BB148469847D9F8FD
:102D10005430002B00F0B980D9F85430D8071FD5B3
:102D2000D9F80020042189F83510136823F0010335
:102D300013606C4BA3FB0535AD0A02E01368D9079D
:102D400004D5019B0133AB420193F7D9002389F8E5
:102D500034301368DB074CBF0323012389F8353077
:102D6000D9F84C30002B00F09080484603B0BDE805
:102D7000F0431847186840070AD5186820F0040087
:102D80001860A260D9F8542042F00102C9F854201A
:102D900027FA0CF2D2077FF576AE534A53488342A6
:102DA00018BF934200F130000CBF01220022834281
:102DB00008BF42F001021830834208BF42F001020E
:102DC0001830834208BF42F001021830834208BF26
:102DD00042F0010200F55670834208BF42F0010242
:102DE0001830834208BF42F001021830834208BF06
:102DF00042F001021830834208BF42F0010218304D
:102E0000834208BF42F001021830834208BF42F0FB
:102E100001021830834208BF42F001021830834299
:102E200008BF42F00102002A7FF420AE002E7FF49A
:102E30001DAE1A68042202FA0CF23A4240F0948065
:102E4000102202FA0CFC17EA0C0F3FF4F1AE84E6F4
:102E500023F016031360536923F080035361D9F8FC
:102E600040309BB3136823F0080313603F23002511
:102E7000012203FA01F1D9F85030A16089F83450E9
:102E800089F83520002B7FF470AF03B0BDE8F083E4
:102E90001B6818037FF5B7AED9F84830002B7FF4D4
:102EA000C3AEC5E613F480737FF42CAF116821F034
:102EB00010011160012289F8343089F8352021E7AA
:102EC000D9F84430002B7FF420AF20E7D9F8483000
:102ED000002BC7D1CAE700BF100002402800024003
:102EE000B8040240B5814E1B580002404000024029
:102EF0004E4A4F4DAB4218BF934205F114050CBF2B
:102F000001220022AB4208BF42F001021435AB425D
:102F100008BF42F001021435AB4208BF42F0010283
:102F20001435AB4208BF42F001021435AB4208BF72
:102F300042F0010212B93F4A9342A6D1D9F85C503F
:102F400004261A6805F01F05AE400E4219D0570737
:102F500017D5100466604BD5D1034FD4D9F848304B
:102F6000002B7FF402AF90E71A68102202FA0CFCE3
:102F700017EA0C0F3FF45CAE1A6852077FF558AEA3
:102F800034E60226AE400E4211D097070FD5666098
:102F9000140439D5D00343D4D9F84430002B7FF43E
:102FA000E4AE72E713689F077FF5B1AE9BE6082693
:102FB000AE400E423FF469AF11077FF566AF1A6865
:102FC000002122F00E021A600123D9F84C2003FAE6
:102FD00005F56560C9F8543089F8341089F8353042
:102FE000002A3FF452AF484603B0BDE8F043104713
:102FF000920603D41A6822F004021A60D9F840300D
:10300000002B7FF4B2AE40E712F0200208D119681D
:10301000012421F00A01196089F8342089F835402B
:10302000D9F83C30002B7FF4A0AE2EE708540258AC
:103030001C54025894540258406D7047002800F008
:10304000DE81F8B503680446D80730D59F490A6980
:10305000896A02F03802102A00F00081182A00F074
:10306000F8806368B3F5803F00F02081002B00F00A
:103070005E81B3F5A02F954B1A6800F02F8222F4E1
:1030800080321A601A6822F480221A60FEF74AF928
:103090008E4E41F28837054605E0FEF743F9401BA6
:1030A000B84200F2428133689A03F6D523689D073F
:1030B00000F18580D9062FD5844A1369926A03F0FE
:1030C0003803082B00F0DA80182B00F0D280E36977
:1030D0007E4D002B00F065812B6843F080032B6050
:1030E000FEF720F9064605E0FEF71CF9801B0228D2
:1030F00000F21B812B68DB05F6D5FEF72BF941F2B8
:103100000303984200F20B826B68226A23F0F843B3
:1031100043EA82636B6023681D0716D563696B4DB4
:10312000002B00F01C816B6F43F001036B67FEF70F
:10313000F9F8064605E0FEF7F5F8801B022800F2D4
:10314000F4806B6F9807F6D523689A0616D5A369A5
:103150005E4D002B00F014812B6843F480532B60EC
:10316000FEF7E0F8064605E0FEF7DCF8801B0228D3
:1031700000F2DB802B689F04F6D52368590700F125
:103180009B80636ACBB1514D2A6902F03802182A3C
:103190006DD0022B2B6823F080732B6000F03981F7
:1031A000FEF7C0F8044605E0FEF7BCF8001B022855
:1031B00000F2BB802B689B01F6D40020F8BD434A87
:1031C0001369926A13F0380329D1404BE2681B68F7
:1031D000590701D5002A4AD03C4D2B6823F019032A
:1031E00013432B60FEF79EF8064605E0FEF79AF8BB
:1031F000801B022800F299802B685B07F6D5FEF74A
:10320000A9F841F20303226998426B6800F2F0804A
:1032100023F47C3343EA02336B6023684AE7182BBC
:1032200000F0E280294DE2682B68002A00F0CB8094
:1032300023F0190313432B60FEF774F8064604E0ED
:10324000FEF770F8801B02286FD82B685F07F7D550
:10325000D5E701F0030102297FF403AF1B4A12688E
:1032600091037FF524AF6268002A7FF420AF01202C
:10327000F8BD02F00302012A7FF429AF134B1B684B
:10328000DA0502D5E369802BF1D1FEF763F841F24C
:1032900003030E4A9842216A00F2B380536823F078
:1032A000F84343EA81635360236835E7074A1368AC
:1032B00043F480331360E9E6054D2B6843F48073D3
:1032C0002B60FEF72FF8064609E000BF00440258C5
:1032D00000480258FEF726F8801B642825D82B6882
:1032E000DA05F7D5A368012B00F02281002B00F04E
:1032F000FD80052B954B1A6F00F0208122F0010212
:103300001A671A6F22F004021A67FEF70BF88F4E45
:1033100041F28837054604E0FEF704F8401BB84246
:1033200003D8336F9B07F7D52BE70320F8BD874DF4
:1033300041F288372B6823F480332B602B6823F409
:1033400080232B60FDF7EEFF064604E0FDF7EAFF61
:10335000801BB842E9D82B689B03F7D4A6E66B6FB5
:1033600023F001036B67FDF7DDFF064604E0FDF780
:10337000D9FF801B0228D8D86B6F9907F7D4E3E6F2
:103380002B6823F480532B60FDF7CCFF064604E046
:10339000FDF7C8FF801B0228C7D82B689804F7D414
:1033A000EBE62B6823F080032B60FDF7BBFF06469E
:1033B00004E0FDF7B7FF801B0228B6D82B68DF05B5
:1033C000F7D42368A8E623F001032B60FDF7AAFFDA
:1033D000064604E0FDF7A6FF801B0228A5D82B684F
:1033E0005807F7D4236865E690077FF41BAFECE637
:1033F00023F0FE4343EA02636B6023685AE6012030
:103400007047D36823F07C5343EA0163D360236899
:1034100082E6FDF787FF064604E0FDF783FF801B89
:10342000022882D82B689901F7D4A96A484BA26A6E
:103430000B404849454E1343E26A43EA0213AB622C
:10344000D4E90D32013B013A5B0212049BB202F453
:10345000FE021343226B013AC2F308021343E26BEC
:10346000013A120602F0FE4213432B63EB6A23F08B
:103470000103EB626A6BA36C114041EAC30169630B
:10348000EB6A226C23F00C031343EB62EB6A626C71
:1034900023F002031343EB62EB6A43F48033EB62E5
:1034A000EB6A43F40033EB62EB6A43F48023EB6294
:1034B000EB6A43F00103EB622B6843F080732B60EF
:1034C000FDF730FF044605E0FDF72CFF001B022846
:1034D0003FF62BAF33689A01F6D56EE642F48022B0
:1034E0001A601A6842F480321A60CFE5174D41F233
:1034F00088372B6F23F001032B672B6F23F0040316
:103500002B67FDF70FFF064605E0FDF70BFF801B5D
:10351000B8423FF60AAF2B6F9807F6D431E6EB6856
:10352000226A23F07C5343EA0263EB602368F3E5ED
:10353000064A136F43F001031367E6E642F0040204
:103540001A671A6F42F001021A67DEE60044025859
:103550000CFCFFFF0700FFFF474A136903F0380325
:10356000102B04D0182B0DD01BB144487047444891
:103570007047136899064AD513684248C3F3C103DC
:10358000D8407047936A30B4946AD56A14F47C7F4B
:10359000516BC4F3051038D0C1F3CC0105F001051F
:1035A00003F0030305FB01F1012B07EE901AB8EEBF
:1035B000E77A02D0022B2CD093B307EE900A9FED4E
:1035C000325AF8EEE77A136BC5EE276ADFED2F5A11
:1035D000C3F3080307EE903AB7EE006AF8EEE77A15
:1035E000E7EE257A77EE867A66EEA76A224B1B6BAA
:1035F000C3F34623013307EE903AB8EEE77AC6EEFE
:10360000877AFCEEE77A17EE900A30BC70471D48C7
:10361000704707EE900A9FED1E5AF8EEE77AD2E760
:1036200013689B0620D5146807EE900A1549F7EE3B
:10363000005A136BC4F3C104F8EEE77A9FED135AF6
:10364000C3F30803E14006EE903A06EE101AF8EED6
:10365000E66AB8EEC66AE7EE056A86EE277A76EE87
:10366000A56A66EE876AC1E707EE900A9FED095AE0
:10367000F8EEE77AA7E700BF0044025800093D00D2
:103680000024F4000090D0030024744A00000039A4
:103690000024744B0024744C002800F00281874AF7
:1036A000136803F00F038B422DE9F04104460D46E9
:1036B0000CD2136823F00F030B431360136803F05D
:1036C0000F038B4202D00120BDE8F08123685F0721
:1036D0000BD57B4920698A6902F07002904204D9B7
:1036E0008A6922F0700202438A611E070BD5744971
:1036F0006069CA6902F07002904204D9CA6922F076
:1037000070020243CA61D8060BD56D49A069CA6927
:1037100002F4E062904204D9CA6922F4E0620243F2
:10372000CA6199060BD56649E0690A6A02F070021F
:10373000904204D90A6A22F0700202430A629A0790
:1037400040F1A1805E48E168826902F00F02914277
:1037500004D9826922F00F020A438261D80730D56A
:10376000574AA168936923F470630B4393616168BE
:103770001368022900F09780032900F08E80012948
:1037800000F0978058079ED54D4E41F28838336936
:1037900023F007030B433361FDF7C4FD074605E043
:1037A000FDF7C0FDC01B404500F2818033696268AF
:1037B00003F03803B3EBC20FF2D12368990706D5A3
:1037C000E1683F48826902F00F028A425FD83B49B4
:1037D0000A6802F00F02AA420AD90A6822F00F0210
:1037E0002A430A600A6802F00F02AA427FF46BAF14
:1037F0005A070BD5324920698A6902F0700290425B
:1038000004D28A6922F0700202438A611F070BD535
:103810002B496069CA6902F07002904204D2CA69F9
:1038200022F070020243CA61DE060BD52449A0696A
:10383000CA6902F4E062904204D2CA6922F4E062EA
:103840000243CA619D060BD51D4AE169136A03F064
:103850007003994204D2136A23F070030B4313627E
:10386000FFF77AFE164A0346164892691649C2F3D4
:103870000322825C0E2002F01F02D340BDE8F0411B
:103880000B60FDF7EDBCDA073FF56AAF9FE7826991
:1038900022F00F021143816199E79F013FF574AF58
:1038A00011E7012070479B033FF56EAF0BE7032044
:1038B0000AE7DE053FF568AF05E700BF00200052CC
:1038C00000440258302201084402002408B501F0E7
:1038D00095F9064B06499B69064A03F00F03CB5C3A
:1038E00003F01F03D840106008BD00BF0044025819
:1038F000302201084802002410B501F07FF909497F
:10390000094A8B69094C03F00F03D35C03F01F03D2
:10391000D8402060CB69C3F30213D35C03F01F03CC
:10392000D84010BD0044025830220108480200244B
:1039300010B501F063F90949094A8B69094C03F094
:103940000F03D35C03F01F03D8402060CB69C3F39F
:103950000223D35C03F01F03D84010BD004402587B
:103960003022010848020024F8B53A4CA36A03F05B
:103970000303032B67D0236806460F4623F08063BA
:103980002360FDF7CFFC054604E0FDF7CBFC431BAD
:10399000022B56D823681A01F7D4A36A326823F49D
:1039A0007C3343EA0233A362D6E90232013B013A97
:1039B0005B0212049BB202F4FE0213437268013AE6
:1039C000C2F3080213433269013A120602F0FE42C2
:1039D0001343A363E36A726923F0C0031343E362F2
:1039E000E26AB36922F020021A431B4BE262E26AE8
:1039F00022F01002E262E16BF2690B4043EAC2037B
:103A0000E363E36A43F01003E362E36AEFB1012F7B
:103A10000CBF43F4801343F40013E3620D4C23689E
:103A200043F080632360FDF77DFC054604E0FDF76D
:103A300079FC401B022804D823681B01F7D500201D
:103A4000F8BD0320F8BD0120F8BD43F40023E36274
:103A5000E4E700BF004402580700FFFFF8B53A4C06
:103A6000A36A03F00303032B67D0236806460F46BF
:103A700023F080532360FDF755FC054604E0FDF775
:103A800051FC431B022B56D823689A00F7D4A36A33
:103A9000326823F07C7343EA0253A362D6E9023210
:103AA000013B013A5B0212049BB202F4FE02134393
:103AB0007268013AC2F3080213433269013A1206EE
:103AC00002F0FE4213432364E36A726923F4406305
:103AD0001343E362E26AB36922F400721A431B4B98
:103AE000E262E26A22F48072E262616CF2690B4087
:103AF00043EAC2036364E36A43F48073E362E36A04
:103B0000EFB1012F0CBF43F4000343F08073E36275
:103B10000D4C236843F080532360FDF703FC0546FA
:103B200004E0FDF7FFFB401B022804D823689B003C
:103B3000F7D50020F8BD0320F8BD0120F8BD43F4FF
:103B40008003E362E4E700BF004402580700FFFF80
:103B50002DE9F8430368044613F0006622D0426E54
:103B6000B2F5001F00F0CE8411D8002A00F0F884CE
:103B7000B2F5801F40F0F18402210430FFF7F4FE1B
:103B80000646002E40F08684626E236803E0B2F59C
:103B9000401F40F0E284A8480026016D21F4401146
:103BA0000A430265DD050AD5626D042A06D8DFE8FE
:103BB00012F0A20493049A04DF02DF0201263546C4
:103BC00098051BD5A26D802A00F05B8400F2EC8082
:103BD000002A00F08B83402A40F0ED800021201D58
:103BE000FFF7C2FE23680546002D40F06783924927
:103BF000A06D0A6D22F4E07202430A6559051FD5D3
:103C0000D4F8A420B2F5800F00F0478400F2D680EB
:103C1000002A00F07183B2F5001F40F0D780002128
:103C2000201DFFF7A1FE23680546002D40F04483C8
:103C30008149D4F8A4008A6D22F4600202438A65A7
:103C40001A051FD5D4F8A820B2F1007F00F02E8409
:103C500000F2BF80002A00F05583B2F1807F40F06F
:103C6000C0800021201DFFF77FFE23680546002D40
:103C700040F02A837049D4F8A8008A6D22F0E062EF
:103C800002438A659F0118D5A26C202A00F0DA83CE
:103C900000F2AA803AB1102A40F0A9806649CA6AA7
:103CA00042F40032CA62002D40F059836249A06C90
:103CB000CA6C22F030020243CA64D8041DD5E26DFA
:103CC000B2F5005F00F0FB8300F29480002A00F060
:103CD0001F83B2F5805F40F095800021201DFFF723
:103CE00043FE23680546002D40F0EC825249E06D0A
:103CF0000A6D22F4E04202430A6599041AD5226E45
:103D0000B2F5003F00F074837FD84AB1B2F5803F2E
:103D100040F083800121201DFFF726FE2368054621
:103D2000002D40F01E834449206E0A6D22F4E022EB
:103D300002430A655A041BD5D4F8AC20B2F1005FE7
:103D400000F060836CD842B1B2F1805F70D1012184
:103D5000201DFFF709FE23680546002D40F0038370
:103D60003549D4F8AC008A6D22F0E04202438A65FE
:103D70001F040DD5E26EB2F1805F00F03183B2F125
:103D8000005F00F00182002A00F00482012635461F
:103D9000D8015DD5626C032A00F20A84DFE812F0D4
:103DA000540017034E005400C02A3FF41DAFB2F573
:103DB000807F3FF419AF012635461FE7B2F5C00FEB
:103DC0003FF433AFB2F5000F3FF42FAF0126354675
:103DD00036E7B2F1407F3FF44AAFB2F1806F3FF473
:103DE00046AF012635464DE7302A3FF45CAF012649
:103DF000354662E7B2F5405F3FF475AFB2F5804FEC
:103E00003FF471AF0126354677E722F48031B1F5F2
:103E1000802F85D0B2F5403F82D00126354689E714
:103E200022F08051B1F1804F97D0B2F1405F94D031
:103E3000012635469CE700BF004402580221201DA0
:103E4000FFF792FD23680546002D00F06B822E4699
:103E5000590200F1F081DF072FD5A26F282A2AD856
:103E6000DFE812F0D30129002900290029002900E8
:103E7000290029006D0329002900290029002900B3
:103E800029002900CC012900290029002900290046
:103E900029002900D301290029002900290029002F
:103EA00029002900D301290029002900290029001F
:103EB00029002900D30101263546980716D5626FDF
:103EC000052A00F27883DFE812F00D0030030600C7
:103ED0000D000D000D00012104F12400FFF7BEFDCF
:103EE00023680546002D00F025822E46590717D578
:103EF000D4F89020052A00F26183DFE812F00D006B
:103F00000C0306000D000D000D00012104F124003A
:103F1000FFF7A4FD23680546002D00F013822E460E
:103F20009A061DD5D4F88C20B2F1005F00F04582CE
:103F300000F2DC804AB1B2F1805F40F0E180002104
:103F4000201DFFF711FD23680546002D40F0058276
:103F5000A949D4F88C004A6D22F0E04202434A6538
:103F60005F061DD5D4F89820B2F5006F00F054829A
:103F700000F2C9804AB1B2F5806F40F0CE800021D6
:103F8000201DFFF7F1FC23680546002D40F0C88195
:103F90009949D4F898008A6D22F4E05202438A6568
:103FA00018061DD5D4F89C20B2F5804F00F03F8252
:103FB00000F2B6804AB1B2F5005F40F0BB8000214C
:103FC000201DFFF7D1FC23680546002D40F0A68197
:103FD0008949D4F89C008A6D22F4604202438A65C4
:103FE00019070BD5D4F88010B1F5805F00F03E8240
:103FF0008148426D22F440520A434265DA060BD5ED
:10400000D4F89410B1F5807F00F025827A48826D53
:1040100022F440720A4382651F030ED5D4F8A01023
:10402000B1F5803F00F0D480B1F5003F00F0D780BB
:10403000002900F0BA810126354658030FD5D4F87F
:104040008420B2F5001F00F0B080B2F5401F00F0F0
:10405000B380B2F5801F00F0A08101263546D90358
:1040600009D5E26C002A00F08681B2F5803F00F0AD
:104070002D81012635469A0000F1D2809F035CD441
:10408000301E18BF0120DE0206D55B49256F0A6D80
:1040900022F000422A430A65DD0007D55649D4F8CC
:1040A000B4500A6922F480422A430A61990206D573
:1040B0005149A56E0A6D22F080722A430A655A00A2
:1040C00009D54D4A116921F4004111611169D4F8F3
:1040D000B85029431161002B06DA474A216DD36C91
:1040E00023F040530B43D364BDE8F88322F08051A2
:1040F000B1F1804F3FF429AFB2F1405F3FF425AFFB
:10410000012635462CE722F48061B1F5805F3FF44B
:104110003CAFB2F5406F3FF438AF012635463FE77C
:1041200022F40051B1F5004F3FF44FAFB2F5C04F4C
:104130003FF44BAF0126354652E7E26FB2F5807F80
:1041400000F0228106D922F48071B1F5007F03D0FE
:10415000012098E7002AFBD1002DF9D1264D301E11
:10416000696D18BF012021F440710A436A658AE72E
:104170003546002D40F0A4801F49606D0A6D22F085
:10418000070202430A651BE50121201DFFF7ECFB36
:1041900023680546002D40F0DE801749E06E0A6D69
:1041A00022F0405202430A65F2E5012104F12400A5
:1041B000FFF754FC23680546002D40F0DA800E49D5
:1041C000D4F884004A6D22F4401202434A6546E75F
:1041D000022104F12400FFF741FC23680546002D6D
:1041E00040F0C5800449D4F8A0008A6D22F4403222
:1041F00002438A6521E700BF00440258012104F10F
:104200002400FFF72BFC23680546002D40F0AD800D
:10421000AF49A06F4A6D22F0380202434A654CE66E
:10422000022104F12400FFF719FC236800283FF461
:1042300025AF012622E7A74F3B6843F480733B601C
:10424000FDF770F8804606E0FDF76CF8A0EB08007B
:10425000642800F27E813B68DA05F5D5002D40F038
:10426000A4819B4AD4F8B030116F594011F4407FBB
:104270000BD0116F106F21F4407140F48030106743
:10428000106F20F4803010671167B3F5807F00F065
:104290006E8103F44072B2F5407F00F07C818C495E
:1042A0000A6922F47C520A61894AC3F30B03116F35
:1042B0000B4313672368CEE52E46C1E42E469DE4EA
:1042C0002E467DE42E4618E52E46DBE40221201D15
:1042D000FFF74AFB05462368002D53D17C49E06C6B
:1042E000CA6C22F480320243CA64C4E67849CA6ABE
:1042F00042F40032CA6277E47549CA6A42F4003275
:10430000CA6292E47249CA6A42F40032CA62AEE4F6
:104310006F49CA6A42F40032CA62E4E42E465FE69C
:104320002E463DE66A49606CCA6C22F003020243E5
:10433000CA648DE56649606F4A6D22F00702024348
:104340004A65D3E56249D4F890008A6D22F00702ED
:1043500002438A65E4E52E461AE52E4600E62E461F
:10436000ABE42E46E6E42E4602E52E46A5E52E46B3
:1043700063E62E4673E65649CA6A42F40032CA62C0
:10438000002DABD02E4676E65148C16A41F400318B
:10439000C162002D7FF4DCAEE0E64D49CA6A42F40A
:1043A0000032CA62002DE4D109E7201DFFF7DCFAD4
:1043B00005462368002DDAD114E7022104F1240018
:1043C000FFF74CFB05462368002DC6D1C0E54049E8
:1043D000CA6A42F40032CA62002D7FF438ADA1E708
:1043E0003B49CA6A42F40032CA62002DB3D1D4E616
:1043F000012104F12400FFF731FB05462368002D5D
:10440000AFD190E4012104F12400FFF727FB05461A
:104410002368002DA7D1A3E4022104F12400FFF7B3
:104420001DFB05462368002D7FF47AAFB0E502211D
:1044300004F12400FFF712FB05462368002D7FF4EA
:104440006DAFC5E50221201DFFF78EFA05462368F2
:10445000002D84D12AE4022104F12400FFF7FEFAA2
:10446000236800283FF4D8AD0126D5E5022104F1E8
:104470002400FFF7F3FA236800283FF4BFAD0126BC
:10448000BCE5002104F12400FFF7E8FA23680546A3
:10449000FFF7AABB2368FFF785BB002104F12400C6
:1044A000FFF7DCFA23680546FFF7BFBB002104F1E4
:1044B0002400FFF7D3FA23680546FFF7D8BB002195
:1044C00004F12400FFF7CAFA236805460BE400BF95
:1044D00000440258004802580021201DFFF744FA0A
:1044E0002368054645E6002104F12400FFF7B6FAEB
:1044F000236805463DE633493546CA6A42F4003230
:10450000CA6236E602212430FFF7A8FA0646002EDA
:104510003FF43AABBEE70121201DFFF725FA05461F
:104520002368002D7FF4FBAC0CE70121201DFFF771
:104530001BFA05462368002D7FF4D7ACFAE601216B
:10454000201DFFF711FA05462368002D7FF40DAFFB
:104550005EE60326236835467DE40126FFF722BB8D
:104560001848C16A41F40031C162FFF714BBFCF77F
:10457000D9FEDFF85080074641F2883904E0FCF7A5
:10458000D1FEC01B4845E4D8D8F870309B07F6D55B
:10459000D4F8B0307DE60B480B4A016902EA1312E9
:1045A00021F47C510A4302617EE623682E4652E4E0
:1045B000012635464CE40126354697E4012635466A
:1045C000AEE400BF00440258CFFFFF0008B5FFF77C
:1045D0007DF9054B054A1B6AC3F30213D35C03F054
:1045E0001F03D84008BD00BF004402583022010814
:1045F000584B70B4996A9D6ADE6A15F47C3FC5F326
:104600000532DC6B5CD0C4F3CC0406F0100601F07C
:10461000030106FB04F4012907EE904AB8EEE77A9D
:1046200003D0022975D000294FD007EE902ADFED84
:104630004A6AF8EEE77A9B6B86EEA76A9FED475AC7
:10464000C3F3080306EE903AF7EE005AF8EEE66A76
:10465000E7EE056A76EEA56A66EE266A3D4AB7EE93
:10466000006A936BC3F3462307EE103AB8EEC77A9D
:1046700070BC37EE067AC6EE877AFCEEE77AC0EDBC
:10468000007A936BC3F3064307EE103AB8EEC77A8D
:1046900037EE067AC6EE877AFCEEE77AC0ED017A4D
:1046A000936BC3F3066307EE903AF8EEE77A77EE82
:1046B000867A86EEA77ABCEEC77A80ED027A7047DA
:1046C00070BCC0E90022826070471968890627D54E
:1046D0001C6807EE902A2249F7EE005A9B6BC4F340
:1046E000C102F8EEE77A9FED1D5AC3F30803D140EB
:1046F00006EE903A06EE101AF8EEE66AB8EEC66AD2
:10470000E7EE056A86EE277A76EEA56A66EE876A98
:10471000A4E707EE902ADFED136AF8EEE77A8AE75E
:1047200007EE902A9FED105A9B6BB7EE006AF8EEE9
:10473000E77ADFED0A5AC3F30803C5EE276A07EEEE
:10474000903AF8EEE77AE7EE257A77EE867A66EE2B
:10475000A76A83E7004402580024744A0000003925
:104760000090D0030024744B0024744C584B70B458
:10477000996A9D6ADE6A15F07C7FC5F305525C6C10
:104780005CD0C4F3CC0406F4807601F0030106FB90
:1047900004F4012907EE904AB8EEE77A03D0022923
:1047A00075D000294FD007EE902ADFED4A6AF8EE67
:1047B000E77A1B6C86EEA76A9FED475AC3F308039E
:1047C00006EE903AF7EE005AF8EEE66AE7EE056A72
:1047D00076EEA56A66EE266A3D4AB7EE006A136C6D
:1047E000C3F3462307EE103AB8EEC77A70BC37EE33
:1047F000067AC6EE877AFCEEE77AC0ED007A136C93
:10480000C3F3064307EE103AB8EEC77A37EE067ADE
:10481000C6EE877AFCEEE77AC0ED017A136CC3F33B
:10482000066307EE903AF8EEE77A77EE867A86EE40
:10483000A77ABCEEC77A80ED027A704770BCC0E9F7
:104840000022826070471968890627D51C6807EE28
:10485000902A2249F7EE005A1B6CC4F3C102F8EE0D
:10486000E77A9FED1D5AC3F30803D14006EE903A54
:1048700006EE101AF8EEE66AB8EEC66AE7EE056ACA
:1048800086EE277A76EEA56A66EE876AA4E707EEDB
:10489000902ADFED136AF8EEE77A8AE707EE902AAE
:1048A0009FED105A1B6CB7EE006AF8EEE77ADFED69
:1048B0000A5AC3F30803C5EE276A07EE903AF8EEEA
:1048C000E77AE7EE257A77EE867A66EEA76A83E7DF
:1048D000004402580024744A000000390090D003BC
:1048E0000024744B0024744C584B70B4996A9D6A30
:1048F000DE6A15F47C7FC5F305125C6B5CD0C4F3F3
:10490000CC0406F0010601F0030106FB04F40129C2
:1049100007EE904AB8EEE77A03D0022975D0002955
:104920004FD007EE902ADFED4A6AF8EEE77A1B6B6C
:1049300086EEA76A9FED475AC3F3080306EE903A46
:10494000F7EE005AF8EEE66AE7EE056A76EEA56A3B
:1049500066EE266A3D4AB7EE006A136BC3F3462340
:1049600007EE103AB8EEC77A70BC37EE067AC6EE9C
:10497000877AFCEEE77AC0ED007A136BC3F3064347
:1049800007EE103AB8EEC77A37EE067AC6EE877AA7
:10499000FCEEE77AC0ED017A136BC3F3066307EE12
:1049A000903AF8EEE77A77EE867A86EEA77ABCEE52
:1049B000C77A80ED027A704770BCC0E9002282603D
:1049C00070471968890627D51C6807EE902A224986
:1049D000F7EE005A1B6BC4F3C102F8EEE77A9FEDC5
:1049E0001D5AC3F30803D14006EE903A06EE101AA2
:1049F000F8EEE66AB8EEC66AE7EE056A86EE277A52
:104A000076EEA56A66EE876AA4E707EE902ADFEDE8
:104A1000136AF8EEE77A8AE707EE902A9FED105ABC
:104A20001B6BB7EE006AF8EEE77ADFED0A5AC3F3C4
:104A30000803C5EE276A07EE903AF8EEE77AE7EE4C
:104A4000257A77EE867A66EEA76A83E700440258F5
:104A50000024744A000000390090D0030024744BF5
:104A60000024744CB0F5807F00B585B048D0B0F517
:104A7000007F11D0B0F5806F00F08280B0F5006F3C
:104A800052D0B0F5805F2CD0B0F5002F00F09680AA
:104A9000002005B05DF804FB534A136D03F4E07386
:104AA000802B59D012D9C02B26D0B3F5807FEFD1FF
:104AB000D36C13F040535BD0B3F1805F00F08D8076
:104AC000B3F1005F494818BF0020E2E7002B3CD05B
:104AD000402BDDD101A8FFF78BFD019805B05DF8F3
:104AE00004FB414A136D03F4E043B3F5005F33D098
:104AF00029D9B3F5405F58D13D4805B05DF804FBB6
:104B0000394B1B6D03F00703042BC1D801A252F8E7
:104B100023F000BF4B4B0008D54A0008594B000852
:104B2000F94A0008674B00082F4A936D03F0E063D1
:104B3000B3F1007F10D01DD9B3F1407FDCD0B3F1C9
:104B4000806FB5D0A4E7002B34D101A8FFF7CCFECD
:104B5000029805B05DF804FB01A8FFF707FE019875
:104B600005B05DF804FB204BDB6C13F04053A3D180
:104B700020488EE7002BE8D0B3F1807FAAD087E7EA
:104B8000194A936D03F46003B3F5800FE4D005D8A0
:104B9000002BDAD0B3F5001F9CD079E7B3F5C00F36
:104BA000AAD0B3F5000F83D072E7B3F5804F3FF47E
:104BB0007FAF6DE7B3F5805F8CD069E70A4A936DEC
:104BC00003F44033B3F5803F09D0B3F5003F3FF421
:104BD0006FAF002B7FF45CAF7CE7074859E701A873
:104BE000FFF7C4FD039854E7004402580024F40082
:104BF0000080BB000090D00300093D0008B5FEF71F
:104C0000ABFC064B06499B69064AC3F30323CB5C06
:104C100003F01F03D840106008BD00BF00440258D5
:104C20003022010844020024084604F00BB900BFFA
:104C3000143001F069BA00BF38B500F1140504461C
:104C40002DED028B284601F01BFA284601F014FADC
:104C50002846B0EE408A01F0FDF9D0ED007AF8EE7A
:104C6000677A88EE277ABDEC028B84ED0E7A38BD28
:104C700038B500F1140504462DED028B284601F0ED
:104C8000EDF9284601F0F8F92846B0EE408A01F027
:104C9000E1F9D0ED007AF8EE677A88EE277ABDEC7C
:104CA000028B84ED0E7A38BD253001F079BF00BF4C
:104CB00010B540F203338EB000244FF60B7240F271
:104CC0000341ADF8083009A80123ADF81020ADF874
:104CD00024202246ADF80C100094029907940C94FD
:104CE000CDE90544CDE90A4401F082FD04A8012381
:104CF00022460399009401F07BFD09A801F05EFEB5
:104D000010B901200EB010BD04A801F057FEA0425A
:104D10000CBF022020460EB010BD00BF2DE9F041AF
:104D200003239AB0012700240646CDE914373B4BF4
:104D3000CDE9104340F20453CDE91647ADF84830B1
:104D4000FFF7B6FFB842054625D0022845D040F609
:104D50000132334B0DF12C081894ADF82C200B9830
:104D60001997CDF84A3000F0E3F810A906F13C009D
:104D700002F05EFE302003224FF07E5341460D9339
:104D80000E93CDE90B02F26B06F1140001F02AF943
:104D90001AB0BDE8F0811023214A06A906908DF8CB
:104DA00028300DF12C081F4BCDF84A2007930294B0
:104DB000CDE91804CDE9080402A802F071F808232F
:104DC000029A03A94046ADF80C508DF80E400495A8
:104DD00005930B9400F0ECF8C7E700200121104B7D
:104DE0000DF12C083A460094CDF84A304FF60B737B
:104DF0000C94ADF82C302346CDE9180140F6013172
:104E00004046ADF818100699CDE90D4401F0F0FCCC
:104E10002146404601F0DEFDA7E700BF040204047E
:104E2000040604030704010B2DE9F04704462DEDA9
:104E3000028B82B000294DD0012140F201120023E3
:104E40000091ADF804208DF80630364A0127364B24
:104E500004F10409354904F12908626040F2027244
:104E6000A36040F60663E16004F1250AA4F825205A
:104E7000A4F82930278284F8277084F82B7004F076
:104E80007DF9054603F0E0FF6946064650BB4DB389
:104E900004F130008DF8067004F0F8F8072D3CD1CD
:104EA00004F114052046FFF739FF284601F0E4F825
:104EB0002846B0EE408A01F0CDF8D0ED007AF8EE49
:104EC000677A88EE277A84ED0E7A02B0BDEC028B09
:104ED000BDE8F08740F2011300918DF80610ADF89F
:104EE0000430B2E704F1300004F0D0F8072D11D0FF
:104EF0004946204602F01CFA0EB9002DD0D150468A
:104F000001F072FD404601F06FFD04F1120000F067
:104F100079F9C5E7002EF2D1C2E74946204602F0F2
:104F200007FABDE70508050905070506050A06068F
:104F300010B584B003460124ADF8040003A8ADF811
:104F40000C30ADF80E4001F04FFD214603A801F0F2
:104F500027FE204603F076FF002103A801F020FE83
:104F6000204603F06FFF214603A801F019FE04B0AC
:104F700010BD00BF10B5C2F3002384B00C46017C05
:104F80008DF80D2043EA4402FA2402238DF80C2008
:104F900003AA009402F01AF818B10124204604B0C4
:104FA00010BD04460A2003F04DFF204604B010BD9A
:104FB000034670B543F8042B044684B007C983E860
:104FC0000700A37983B91A210B461E22FA25237400
:104FD0002046ADF80C20022303AA009501F0F6FF4D
:104FE00028B1012004B070BD1B210B46EDE70A205B
:104FF00003F028FF4FF4B85200950223ADF80C20BF
:10500000204603AA217C01F0E1FF0028E9D10A2013
:1050100003F018FF41F2027200950223ADF80C2054
:10502000204603AA217C01F0D1FF0028D9D10A2013
:1050300003F008FF042200950223ADF80C2020465F
:1050400003AA217C01F0C2FF0028CAD10A2003F084
:10505000F9FE062200950223ADF80C20204603AA93
:10506000217C01F0B3FF0028BBD10A2003F0EAFE47
:1050700041F2082200950223ADF80C20204603AA35
:10508000217C01F0A3FF0028ABD10A20064603F0E3
:10509000D9FE0095022303AA217C2046ADF80C60BE
:1050A00001F094FF00289CD1304603F0CBFE009520
:1050B00022790C232046002A8DF80C3003AA4FF0E9
:1050C000020314BF622142218DF80D10217C01F0F2
:1050D0007DFF002885D1304603F0B4FE2279D4E963
:1050E00002310B43DBB20AB943F0400362790AB1E3
:1050F00043F020030E22FA258DF80D30204600954E
:1051000002238DF80C2003AA217C01F05FFF002808
:105110007FF467AF0A2003F095FE1022009502236A
:10512000ADF80C20204603AA217C01F04FFF002897
:105130007FF457AF0A2003F085FE12210095022369
:10514000ADF80C1003AA217C204601F03FFF002897
:105150007FF447AF0A2003F075FE012209212046A3
:10516000FFF708FF003818BF01203BE7F0B5102318
:1051700087B0234C012200250126002702A92046E2
:105180000195CDE902234FF48052CDE9046707F081
:10519000C7F86420FCF7CCF802A94FF480522046EF
:1051A000CDE9046702261027CDE9026707F0B8F8B9
:1051B0000322102302A92046CDE902230023042262
:1051C000CDE904234FF4805207F0AAF840F23223CD
:1051D000042202A9019310232046CDE90223019A5B
:1051E000012305924FF48052049307F099F840F69A
:1051F0000601204607F0B4F8284607B0F0BD00BF0E
:1052000004B500241C4B00221C494FF0400C30B563
:10521000054689B00220596007219A601A6201246C
:10522000DA620A224FF4006EDC6006922022CDE999
:10523000000104200821CDE9020103201021CDE95D
:10524000040108206946C3E904024FF4C072181D26
:10525000C3E906C24FF48052C3E909E207F036F809
:1052600038B92846FFF782FF003818BF012009B07F
:1052700030BD204609B030BD00B500244041005289
:10528000614A0021D0B513688EB00A91002B40F01E
:10529000B9805E4B01214FF683700C24116002210E
:1052A000D3F8D4200026032742F48052C3F8D42038
:1052B000D3F8D42002F480520092009AD3F8E02070
:1052C00042F01002C3F8E020D3F8E02002F0100210
:1052D0000192019AD3F8E02042F04002C3F8E020A6
:1052E000D3F8E02002F040020292029AD3F8E020C4
:1052F00042F00802C3F8E020D3F8E02002F00802F0
:105300000392039AD3F8E02042F48072C3F8E020BD
:10531000D3F8E02002F480720492049AD3F8E020DB
:1053200042F08002C3F8E020D3F8E02002F08002CF
:105330000592059AD3F8E02042F02002C3F8E0205D
:10534000D3F8E02002F020020692069AD3F8E0207B
:1053500042F00402C3F8E020D3F8E0300C9403F0EC
:10536000040307930323079A0B93CDE9080108A9C7
:10537000274804F03FF948F23712022308A92548CC
:105380000C94CDE90823CDE90A6704F033F94CF217
:105390000372022308A920480C94CDE90823CDE923
:1053A0000A6704F027F940F2FF62022308A91B48AC
:1053B0000C94CDE90823CDE90A6704F01BF94FF6F8
:1053C0000C72022308A916480C94CDE90823CDE9F4
:1053D0000A6704F00FF94FF63F02022308A91148AB
:1053E0000C94CDE90823CDE90A6704F003F92022E3
:1053F000022308A90A480C94CDE90A67CDE90823DD
:1054000004F0F8F80EB0D0BDFCB4002400440258FB
:105410000010025800180258000C025800200258D0
:10542000001C0258001402582DE9F04FDFF81084D8
:1054300006460D46144608F118002DED028B89B082
:1054400000AF02F0EDFBD8F8183073B3D8F81C3079
:10545000D8F80490002B43690BBF4FF0080A4FF0B7
:10546000100A4FF0020B4FF0040BB9F1000F2AD0D5
:10547000A200EA46012B02F1070222F00702ADEB7F
:10548000020D6846ADEB020D694600F03F81022B2C
:1054900000F0D680002B6FD02246C847D54624376F
:1054A000BD46BDEC028BBDE8F08FD8F81C30002B58
:1054B000F5D0D8F804904FF0080A4FF0020B43697A
:1054C000B9F1000FD4D1FB61D8F80030BB61002BDB
:1054D000E5D0D54802F016FC6B46BBF1020F7861AF
:1054E00008EE103AFB6900F083816A465146A2EB50
:1054F000C40295466200EA46B2FBFBF2AAEBC40086
:1055000085460AEB8200EE46F861ADEB010DF869C5
:105510000EEB820CC7F810C0EC46ADEB010D00EBB2
:105520008201CCF80400CCF8081001EB8201386944
:10553000E946CCF80C1000EB8201CCF800A001EB9E
:105540008202C9E900E0C9E90212012B00F064837C
:10555000022B00F06C82002B00F08081620849462B
:105560006046BB69984718EE103A24379D46BD4601
:10557000BDEC028BBDE8F08F002C8DD01A46D8ED23
:105580000C6A9FEDB27A8446331D36F922E00CF1A5
:10559000080C07EE90EA33F922E00232F8EEE77ADF
:1055A000944267EE877A67EEA67A4CED027A07EEB0
:1055B00090EAF8EEE77A67EE877A67EEA67A4CED26
:1055C000017AE2D8F9612246C847984ED8ED0D6AB3
:1055D0000020F9692B1D9FED9E7A9FED9E6ADFEDFD
:1055E0009E5A22E0F4EEC67AF1EE10FAC0F2C884B8
:1055F00047F6FE72D1ED017A45F8202066EEA77AD3
:10560000F4EEC77AF1EE10FA40F2F080F4EEC67ACA
:10561000F1EE10FAC0F2D58447F6FE7243F820206E
:105620000230083184427FF639AFD1ED007A66EE60
:10563000A77AF4EEC77AF1EE10FAD3D83246D9E75A
:10564000002C3FF429AFD8ED0C6A84469FED787AA0
:105650000022331D8E4656F822100CF1080C07EE7E
:10566000901A53F822100232F8EEE77A944267EE6D
:10567000877A67EEA67A4CED027A07EE901AF8EE7A
:10568000E77A67EE877A67EEA67A4CED017AE2D880
:1056900071462246C7F81CE0C847664ED8ED0D6A31
:1056A0000020F9692B1D9FED6A7A9FED6A6ADFF889
:1056B00094C120E0F4EEC67AF1EE10FAC0F27984DB
:1056C0003246D1ED017A45F8202066EEA77AF4EE55
:1056D000C77AF1EE10FA40F28780F4EEC67AF1EE66
:1056E00010FAC0F25E84324643F8202002300831BE
:1056F00084427FF6D3AED1ED007A66EEA77AF4EE5F
:10570000C77AF1EE10FAD5D86246DAE7002C3FF4FA
:10571000C3AED8ED0C6A86469FED477A4FF0000C79
:10572000331D56F82C200EF1080E82F40002A2F56B
:10573000000207EE902A53F82C200CF1020CF8EE30
:10574000E77A82F400026445A2F5000267EE877AE8
:1057500067EEA67A4EED027A07EE902AF8EEE77A27
:1057600067EE877A67EEA67A4EED017AD9D8F961AD
:105770002246C847314ED8ED0D6A0020F9692B1D2D
:105780009FED337A9FED336ADFF8BCC01FE0F4EE83
:10579000C67AF1EE10FAC0F2FC833246D1ED017AFE
:1057A00045F8202066EEA77AF4EEC77AF1EE10FAFB
:1057B00018D9F4EEC67AF1EE10FAC0F2DA83324666
:1057C00043F820200230083184427FF667AED1EDE5
:1057D000007A66EEA77AF4EEC77AF1EE10FAD6D820
:1057E0006246DBE76246EBE762467DE7324615E755
:1057F000A100D6466208073121F00701ADEB010D8B
:10580000EA46ADEB010D6946ADEB0E0D0AEB8200E9
:10581000EC46ADEB0E0D01EB8202F861E946CCE9F6
:1058200000A0C9E9001290E654B500240280FFFFF1
:10583000000000300082FF7F0000003482FF7F0004
:1058400038B50024007E00807E0080FF0000003814
:1058500004FF7FBF04FF7F3F00FEFF46002C00F0E7
:10586000C982BBF1020FD8F8242000F0FA827969CE
:10587000C7F8049002EB810E5FED0C5A8A00DCF849
:1058800008100EF104007A611A46DCF80C303B6116
:10589000331DD7F810903D61FD69C7E902CB8C46F6
:1058A000834636F92210D8ED0C7A06EE101A33F939
:1058B000221006EE901A3EF92210B8EEC66A07EEE4
:1058C000101AF8EEE66A3BF92210B8EEC77A26EE17
:1058D000256A66EEA56A27EE257A26EE276A66EE29
:1058E000A76A27EE277A07EE901A51080232F8EEDF
:1058F000E77A0AEB8100944280ED006A05EB8100B3
:1059000067EEA57AC0ED006A0CEB810009EB81011E
:1059100080ED007A98ED0C7A67EE877AC1ED007A17
:10592000BFD8D7F804903D69D7E902CB604662083A
:10593000BB6949469847D8F82C307A69D8ED0D6A8A
:105940001A441FED3D7A1FED3D6A2B1D904602F172
:10595000040A5FED3F5A0022A84ED9E900EC51E05D
:10596000F4EEC67AF1EE10FAC0F2C78247F6FE7086
:1059700045F822000CEB0100D0ED007A66EEA77A24
:10598000F4EEC77AF1EE10FA4BD9F4EEC67AF1EEE6
:1059900010FAC0F2BA8247F6FE70BBF1020F43F86C
:1059A00022002BD0D9F808000844D0ED007A66EE2A
:1059B000A77AF4EEC77AF1EE10FA36D9F4EEC67A89
:1059C000F1EE10FAC0F2CD8247F6FE7048F82200E0
:1059D000D9F80C000144D1ED007A66EEA77AF4EE16
:1059E000C77AF1EE10FA1ED9F4EEC67AF1EE10FA8B
:1059F000C0F2AF8247F6FE714AF82210023294429A
:105A00007FF6B1AD51080EEB81008900D0ED007A30
:105A100066EEA77AF4EEC77AF1EE10FAA0D8304617
:105A2000A6E73046B9E73146E6E73046CEE7002C38
:105A300000F0E081BBF1020FD8F8243000F0E181E2
:105A40007A69DCF8081003EB820EC7F80490930023
:105A5000DFED6B5A0EF1040000227B61DCF80C30A4
:105A60003B61331DD7F810903D61FD69C7E902CB5A
:105A70008C46834656F82210D8ED0C7A07EE101AA1
:105A800053F82210B8EEC76A07EE101A5EF822101B
:105A9000F8EEC76A07EE101A26EE256A5BF82210A8
:105AA000B8EEC77A66EEA56A26EE276A27EE257A53
:105AB00066EEA76A27EE277A07EE901A510802329F
:105AC000F8EEE77A0AEB8100944280ED006A05EB7C
:105AD000810067EEA57AC0ED006A0CEB810009EB4E
:105AE000810180ED007A98ED0C7A67EE877AC1ED3E
:105AF000007ABFD8D7F804903D69D7E902CB604659
:105B00006208BB6949469847D8F82C307A69D8EDC5
:105B10000D6A1A449FED3E7A9FED3E6A131D924630
:105B2000DFF8E4C00022FB612B1D364ED9E9008E60
:105B30004EE0F4EEC67AF1EE10FAC0F2FC81304687
:105B400045F822000EEB0100D0ED007A66EEA77A50
:105B5000F4EEC77AF1EE10FA49D9F4EEC67AF1EE16
:105B600010FAC0F2EF813046BBF1020F43F8220079
:105B70002AD0D9F808000844D0ED007A66EEA77A5A
:105B8000F4EEC77AF1EE10FA35D9F4EEC67AF1EEFA
:105B900010FAC0F2C98130464AF82200D9F80C0048
:105BA0000144D1ED007A66EEA77AF4EEC77AF1EE01
:105BB00010FA1ED9F4EEC67AF1EE10FAC0F2AD81F9
:105BC0003146F86940F82210023294427FF6CBAC9D
:105BD000510808EB81008900D0ED007A66EEA77AC3
:105BE000F4EEC77AF1EE10FAA3D86046A8E7604653
:105BF000BAE76146E5E76046CEE700BF0280FFFFF7
:105C0000000000300082FF7F007E00800000003432
:105C100004FF7FBF04FF7F3F002C00F0EB807A6918
:105C20000021D8F82430C7F8109003EB820ED7F883
:105C30001C909300FD610EF104021FED0C6A7B6164
:105C4000331D154656F821204808D8ED0C6ABBF1E3
:105C5000020F82F40002A2F5000207EE902A53F828
:105C6000212082F40002B8EEE77AA2F5000227EEC6
:105C7000067A07EE902A0AEB8002F8EEE77A27EE22
:105C8000267A67EE867A82ED007A09EB80024FEA87
:105C9000800067EEA67AC2ED007A27D05EF8212058
:105CA00082F40002A2F5000207EE902A55F82120A6
:105CB00082F40002B8EEE77AA2F5000227EE067A37
:105CC00007EE902ADCF80820F8EEE77A024427EE87
:105CD000267A67EE867A82ED007A98ED0C7ADCF807
:105CE0000C2067EE877A0244C2ED007A02318C42C2
:105CF000A8D8D7F8109060466208BB694946FD698C
:105D00009847D8F82C307A69D8ED0D6A1A441FEDFF
:105D1000407A1FED406A131D9246DFF8C4C200228C
:105D2000FB612B1DAB4ED9E9008E4EE0F4EEC67A36
:105D3000F1EE10FAC0F2C580304645F822000EEBB5
:105D40000100D0ED007A66EEA77AF4EEC77AF1EEA4
:105D500010FA49D9F4EEC67AF1EE10FAC0F2BF801B
:105D60003046BBF1020F43F822002AD0D9F80800D0
:105D70000844D0ED007A66EEA77AF4EEC77AF1EE29
:105D800010FA35D9F4EEC67AF1EE10FAC0F2AE8010
:105D900030464AF82200D9F80C000144D1ED007ACF
:105DA00066EEA77AF4EEC77AF1EE10FA1ED9F4EE99
:105DB000C67AF1EE10FAC0F28B803146F86940F8ED
:105DC0002210023294427FF6CEAB510808EB8100DC
:105DD0008900D0ED007A66EEA77AF4EEC77AF1EE8C
:105DE00010FAA3D86046A8E76046BAE76146E5E73F
:105DF0006046CEE7224649466046BB699847FFF7B2
:105E0000B2BBC7F810B0002298ED0C6A331DDFED6D
:105E1000726AD7F81CB0786956F8221007EE901A0B
:105E200053F82210B8EEE77A07EE901A51080232C2
:105E3000F8EEE77A27EE267A0AEB810E94420BEB16
:105E4000810167EEA67A27EE067A67EE867A8EEDF6
:105E5000007AC1ED007ADFD88300D7F810B07B61FB
:105E60004DE61A46C7F810B098ED0C6A331DDFED09
:105E70005B6AD7F81CB0786936F9221007EE101A61
:105E800033F9221007EE901AB8EEC77A51080232A1
:105E9000F8EEE77A27EE267A0AEB810E94420BEBB6
:105EA000810167EEA67A27EE067A67EE867A8EED96
:105EB000007AC1ED007ADFD88300D7F810B07B619B
:105EC00034E5F0EE675AFEEEE45A15EE900A34E738
:105ED000F0EE675AFEEEE45A15EE901A6EE7F0EE19
:105EE000675AFEEEE45A15EE900A3AE7F0EE675A6A
:105EF000FEEEE45A15EE900A4BE767EEA57AFDEE4A
:105F0000E77A17EE900A00B232E567EEA57AFDEE69
:105F1000E77A17EE900A00B23FE5F0EE675AFEEE20
:105F2000E05A15EE901A4CE6F0EE675AFEEEE05A93
:105F300015EE900A30E6F0EE675AFEEEE05A15EEE6
:105F4000900AFDE5F0EE675AFEEEE05A15EE900A73
:105F50000AE667EEA57AFDEEE77A17EE901A09B227
:105F60004AE567EEA57AFDEEE77A17EE900A00B2F1
:105F70002CE5F0EE675AFEEEE45A15EE902A1FE487
:105F800067EEA57AFDEEE77A17EE902A12B2FFF7D8
:105F900031BBF0EE675AFEEEE45A15EE902AFFF799
:105FA000FDBBF0EE675AFEEEE05A15EE902AFFF7C1
:105FB0009BBBF0EE675AFEEEE05A15EE902AFFF713
:105FC00080BB67EEA57AFDEEE77A17EE902A12B253
:105FD000FFF724BB82FF7F00000000300000003884
:105FE0007E0080FF30B5184C154685B0046004F182
:105FF000080EEC460FC98EE80F00D4ED047AF5EEDA
:10600000C07A8CE80F00F1EE10FA1ADDB7EE006AE4
:1060100094ED057A27EE277AC6EE276A84ED0D7A8D
:10602000C4ED0C6A6DB1204640F8185F01F0F8FD30
:10603000064903690020064A2162A262E36005B0B6
:1060400030BD012005B030BD38B50024002000303F
:106050000000003000680830704700BFB1F5807F55
:1060600003680A4628BF4FF48072B1F5807F9A60BA
:1060700094BF0020012070470068183001F030BE46
:1060800070B504688AB0A369E160CBB104F118056A
:10609000284601F0C5FD8446EE46E668BCE80F00E0
:1060A000AEE80F00BCE80F00AEE80F009CE803006C
:1060B0008EE8030069462846049601F0B9FCF8B959
:1060C000E069D8B104F11C05284601F0A9FD844619
:1060D000EE46E468BCE80F00AEE80F00BCE80F0035
:1060E000AEE80F009CE803008EE8030069462846EE
:1060F000049401F09DFC003818BF01200AB070BD67
:1061000001200AB070BD00BF30B5046883B00D46F1
:10611000E3694BB1A3680020E26A616A9B000090CA
:1061200004F11C0001F07EFDA3680748A26A9B00F1
:10613000216A009004F1180001F074FD0020C4E908
:10614000005003B030BD00BF2954000810B4074B05
:106150004FF07E5130240022032019619C60D860EA
:106160005DF8044B5961C3E90622704738B5002435
:1061700000B583B04FF0000E4FF0030C4274ADF841
:106180000410BDF8043080F810E0A0F802C00380CD
:1061900003B05DF804FB00BF2DE9F04FDFF81C836E
:1061A00000258DB0C04C037008F1400342600746E3
:1061B00001920E46202229464046C4F86831C4F8B0
:1061C0006481CDE90255CDE90455CDE90655CDE907
:1061D0000855CDE90A550BF03FFB2022294604F56E
:1061E000A170C4F83151C4F83551C4F83951C4F81C
:1061F0003D510BF031FB019B84F8485284F830315B
:106200007A68002A6AD02B4604F59871454606F153
:10621000100A9E46F01856F803B0E2180EF1010E6F
:10622000D0F80CC0D0F80490D0F8088044F803B03F
:10623000C2F80CC04FF0000CC2F80490C2F80880FD
:10624000008A25F802CB10821AF8032001F8012FEA
:10625000002A70D07A684FF001001233724584F83A
:106260004802D7D84FF4802290489DF80430082186
:106270004FF000084FF00009C4F884310023C4E94E
:106280005B020122C4F8743184F88031C4E95E21D4
:1062900094F84812C4E96489A9B3C4F8982100228B
:1062A00084F8813184F888313B78C4E96722002B77
:1062B00038D0012200200121013B84F8A421C4E947
:1062C0006C01082B30D8DFE813F0BD00C200C70016
:1062D000CC00D100D600DB00E100E8009DF80430DE
:1062E0000121C4F87421C4F884314FF4802384F868
:1062F00080216E4AC4E95B2308230022C4E95E13AF
:106300000023C4E964230123002284F8813100239F
:1063100084F888310323C4F898313B78C4E96722B4
:10632000002BC6D184F8A4316148FBF739FC034641
:1063300038B1FFBEFEE77A68123372453FF66AAFA6
:1063400090E702A95A480293FBF788FD824600288D
:1063500076D1042240F2FF710A90CDE9081294F838
:106360003021002A00F0F3804FF006080AEBCA0340
:106370004FEACA0904EB43035B7C072B07D8DFE82D
:1063800003F0595C5653504D4A04072307930FFA04
:106390008AF6D14406EBC60604EB490904EB46072E
:1063A0007500384600F020FB99F81030042B00F3FC
:1063B000AA80022B00F3BD8000F0B98004EB0A0331
:1063C000002283F8202114F81630002B78D0022BFD
:1063D00000F08A80012B40F0B2807B78012B00F026
:1063E000B080002B334B18BF002305A93048CDE9FE
:1063F0000538FBF701F8002840F0AC800AF1010AEB
:1064000094F830315FFA8AFA534540F2A0802A4B63
:1064100053F82A80AAE706230793B8E705230793D2
:10642000B5E704230793B2E703230793AFE70223FB
:106430000793ACE700230793A9E701230793A6E797
:10644000FFBEFEE703224023C4E96A236CE707226C
:106450006023C4E96A2367E70F228023C4E96A2323
:1064600062E71F22A023C4E96A235DE73F22C0231D
:10647000C4E96A2358E77F22E023C4E96A2353E78B
:10648000FF224FF48073C4E96A234DE740F2FF1204
:106490004FF49073C4E96A2346E740F2FF324FF4A9
:1064A000A073C4E96A233FE770B5002400200240CE
:1064B000DCB600240002B025802101080040003035
:1064C0007B78062B37D0072B3DD0022B4AD0032BED
:1064D0004AD0002B4CD0012B48D0042B4AD0052B9E
:1064E000254B18BF002380E77B78042B25D0052B94
:1064F0002BD08BB3012B31D0022B31D0032B1F4B70
:1065000018BF002371E70323043504EB0A0B4FF097
:10651000000925448BF82031284609F1010900F0D3
:1065200063FA9BF8203104354B45F5DC4BE701233A
:10653000EAE70223E8E7124B57E7124B55E700233F
:1065400053E7114B51E7114B4FE7114B4DE70DB09E
:10655000BDE8F08FFFBEFEE70E4B46E70E4B44E76B
:106560000E4B42E70E4B40E70E4B3EE70E4B3CE72F
:106570000E4B3AE70E4B38E70000B84F002090363C
:106580000800900C1000C0102000F0148000501D76
:10659000000180210004002A0008302E0010603223
:1065A0000040C03A0080F03E000052470000214306
:1065B0000000844B38B5094C40F2FF724FF00111D6
:1065C00004F5B6752846FBF7F7FB94F83021D4F8AC
:1065D00064112846BDE83840FBF762B970B5002465
:1065E000064B0F29D3F8643198BF03EB41031B8896
:1065F00000EE103ABBEEC80A704700BF70B5002429
:10660000214B02689A4200D07047204A002320485C
:10661000D2F8D81030B51F4C41F0200183B0C4F837
:10662000D001092004F5E875C4E975034FF48060D2
:10663000C2F8D810D2F8D8204FF40061C4E97730FE
:1066400094F8480202F02002C4F8E4114FF400511B
:10665000984201922846C4F8E811C4E97C33019BB2
:1066600014BF00234FF48073C4F8EC31FBF71CFE19
:1066700008B1FFBEFEE704F5B673C4F8B851C4F81C
:10668000083203B030BD00BF002002400044025871
:106690004000024070B500240148FCF77DB900BFFE
:1066A00040B7002402682DE9F84F4B4B9A4201D0C5
:1066B000BDE8F88F494D95F84832002BF8D095F891
:1066C0003031002B77D0002405F10C0905F5A176B7
:1066D00005F59877A04613E003F0010117F811BC07
:1066E000A9F1080000F05CFABBF1010F25D895F87C
:1066F0003031013409F112090236A2B293422BD98A
:1067000017F8012F002AF4D0D5F86431002132782F
:1067100033F81400D5F8683103EB041323F81200A2
:10672000338801339BB233805FFA83FA3A789A4216
:10673000D2D88A46A6F80080D0E7CAF34001A9F172
:10674000040000F02DFABBF1020FCAF38001CED095
:10675000484600F025FACAE7002395F84802204988
:1067600009229842C5F8D8314FF48060C5F8D0119D
:10677000C5F8D4214FF400614FF40052C5F8DC3164
:1067800008BF4FF48073C5F8E821C5E978010022FD
:106790001448C5E97B32C5F8F421FBF785FD08B143
:1067A000FFBEFEE795F83021D5F864110E48BDE82C
:1067B000F84FFBF775B80A4909224FF48060C5F815
:1067C000D831C5E974124FF400614FF40052C5E9A5
:1067D0007730C5E97912DAE70020024070B500246D
:1067E0004000024040B70024DCB60024704700BFE0
:1067F00010B592B0ADF804100180C9B2149C0B29F9
:10680000C460C0E901233FD090F801C0BCF10F0F74
:106810003AD8022A3FD0032A02D0012A00D000220F
:106820000E92012B02D0022B18BF0023022C0F93D3
:106830002CD0032C2AD0012C28D000230A29109315
:1068400027D85C4A02EB812202610A2914D8DFE8CA
:1068500001F0A39587796B5D4F4133250600564BB8
:10686000D3F8E01041F48061C3F8E010D3F8E030D1
:1068700003F480630C930C9B01230DA9104603FACB
:106880000CF30D9302F0B6FE12B010BD0A2910945D
:10689000D7D90022D8E711220E92C2E7464BD3F88F
:1068A000E01041F40071C3F8E010D3F8E03003F4D5
:1068B00000730B930B9BDFE73F4BD3F8E01041F4E1
:1068C0008071C3F8E010D3F8E03003F480730A93CA
:1068D0000A9BD1E7384BD3F8E01041F08001C3F8B0
:1068E000E010D3F8E03003F080030993099BC3E77D
:1068F000314BD3F8E01041F04001C3F8E010D3F879
:10690000E03003F040030893089BB5E72A4BD3F827
:10691000E01041F02001C3F8E010D3F8E03003F0BC
:1069200020030793079BA7E7234BD3F8E01041F020
:106930001001C3F8E010D3F8E03003F01003069321
:10694000069B99E71C4BD3F8E01041F00801C3F80F
:10695000E010D3F8E03003F008030593059B8BE7C4
:10696000154BD3F8E01041F00401C3F8E010D3F860
:10697000E03003F004030493049B7DE70E4BD3F84F
:10698000E01041F00201C3F8E010D3F8E03003F06A
:1069900002030393039B6FE7074BD3F8E01041F02A
:1069A0000101C3F8E010D3F8E03003F001030293D3
:1069B000029B61E7000002580044025808B501211B
:1069C00043780069994089B203F01CF8003818BF79
:1069D000012008BD01230A464178006903FA01F14C
:1069E00089B203F015B800BF8378022B30B5044696
:1069F0008FB037D0032B33D0012B31D000230A9333
:106A0000E378012B2AD0022B28D000230B930023FC
:106A100020460C9302F036FD0546204602F03AFD72
:106A200023780990082B13D8DFE803F01F3245586C
:106A30006B7E91A40500594BD3F8E02042F480729C
:106A4000C3F8E020D3F8E03003F480730893089B88
:106A500009A9284602F0CEFD0FB030BD0B93D6E752
:106A60000A93CDE711230A93CAE74C4B09A928469C
:106A7000D3F8E02042F00102C3F8E020D3F8E03080
:106A800003F001030093009B02F0B4FD0FB030BD92
:106A9000424B09A92846D3F8E02042F00202C3F88D
:106AA000E020D3F8E03003F002030193019B02F0F1
:106AB000A1FD0FB030BD394B09A92846D3F8E0201D
:106AC00042F00402C3F8E020D3F8E03003F00403FE
:106AD0000293029B02F08EFD0FB030BD2F4B09A92F
:106AE0002846D3F8E02042F00802C3F8E020D3F8AB
:106AF000E03003F008030393039B02F07BFD0FB02B
:106B000030BD264B09A92846D3F8E02042F01002F8
:106B1000C3F8E020D3F8E03003F010030493049BA3
:106B200002F068FD0FB030BD1C4B09A92846D3F810
:106B3000E02042F02002C3F8E020D3F8E03003F078
:106B400020030593059B02F055FD0FB030BD134B9C
:106B500009A92846D3F8E02042F04002C3F8E0201B
:106B6000D3F8E03003F040030693069B02F042FDA9
:106B70000FB030BD094B09A92846D3F8E02042F0F8
:106B80008002C3F8E020D3F8E03003F080030793DD
:106B9000079B02F02FFD0FB030BD00BF004402582C
:106BA00070B506460D4602F06DFC0446304602F014
:106BB00071FC2A1E0146204618BF0122BDE8704024
:106BC00002F026BF0023122270B586B0CDE9022361
:106BD00004930368032B01D804230593061D841D29
:106BE000304602F04FFC0546304602F053FC0346A7
:106BF00001A92846019302F0FDFC204602F042FC68
:106C0000034620461C4602F045FC01A903462046E7
:106C1000019302F0EFFC06B070BD00BF634A036849
:106C2000934210B58CB028D0614A934258D0614A43
:106C3000934200F09480604A934201D00CB010BDA2
:106C40005E4C5F48D4F8E03043F00203C4F8E03013
:106C5000D4F8E03003F002030A930A9BFFF7B2FF77
:106C6000D4F8F43043F08003C4F8F430D4F8F430AE
:106C700003F080030B930B9BE0E7504C5148D4F892
:106C8000E03043F00203C4F8E030D4F8E03003F021
:106C900002030193019BFFF795FFD4F8E83000222F
:106CA0001F2043F400131146C4F8E830D4F8E8304C
:106CB00003F400130293029BD4F8D83043F001038D
:106CC000C4F8D830D4F8D83003F001030393039B01
:106CD000FBF738F91F200CB0BDE81040FBF770B986
:106CE000364C3948D4F8E03043F08003C4F8E03043
:106CF000D4F8E03003F080030493049BD4F8E03030
:106D000043F00203C4F8E030D4F8E03003F00203AB
:106D10000593059BFFF756FFD4F8E83000222120A9
:106D200043F480031146C4F8E830D4F8E83003F4A3
:106D300080030693069BD4F8D83043F00103C4F8CF
:106D4000D830D4F8D83003F001030793079BFBF742
:106D5000F9F821200CB0BDE81040FBF731B91B4811
:106D6000FFF730FF154B00224820D3F8E8401146CA
:106D700044F40004C3F8E840D3F8E84004F4000405
:106D80000894089CD3F8D84044F00104C3F8D840D4
:106D9000D3F8D83003F001030993099BFBF7D2F82D
:106DA00048200CB0BDE81040FBF70AB90054004081
:106DB00000580040005C0040001C0058004402588D
:106DC00048BA0024C0B7002498B8002470B9002441
:106DD0002DE9F0431A4B87B000254FF010099E466D
:106DE000EC46184BFF22E04667461A700EF1180673
:106DF0000EF13004CDE90055CDE90255ADF8009013
:106E0000BCE80F00CDE90455AEE80F009CE8030094
:106E10000095ADF800908EE80300B8E80F000FC6AB
:106E20009CE803000095ADF8009086E803000FCFC2
:106E30000FC49CE8030084E8030007B0BDE8F083BA
:106E40000C000024BCB7002410B5EFF3108472B618
:106E5000084B1A78120602D504B962B610BD1B7829
:106E6000D82205485BB202FB03001430FBF794FD07
:106E7000F2E700BFBCB70024C0B70024014803F00C
:106E80005FBC00BF4CB80024014803F059BC00BFF0
:106E900024B90024014803F053BC00BFFCB900240E
:106EA0002DE9F0430F68D8243F4D85B007FB04F46B
:106EB000032F05EB0403036040DCCB680E46012B77
:106EC0003CD84DD04FF0D808B646DFF8FC9008FB10
:106ED0000758BEE80F00C446ACE80F00DEF80030EB
:106EE0000DF1100ECCF80030D8F808C099E80F006A
:106EF0000EE90F000EEB8703BCF1010F53F8103CB5
:106F0000C8F88C3031D0BCF1020F42D0BCF1000F78
:106F100035D0317C8C34D823002201202C4403FB53
:106F200007534900C3E92602C3F894102046C3E979
:106F30002822C3E92A2203F0F5F918B1012005B08F
:106F4000BDE8F0830146204603F006FC0028F5D199
:106F50000146204603F02AFC003818BF0120EEE766
:106F60000B7C103B672BADD9E8E702F005F90F4B1E
:106F700098420CBF0E4B0F4BC8F89030C9E702F097
:106F8000FBF80A4B98420CBF0B4B0C4BC8F89030E7
:106F9000BFE702F0F1F8054B98420CBF084B094BD4
:106FA000C8F89030B5E700BFC0B70024000E27072F
:106FB0002D0FB0303211D0205F4390608A62E030F4
:106FC000200BA0101A098010F42001082DE9F041CF
:106FD000D0F8008082B00D4617461E4608F18C049A
:106FE000204603F0B5FB2028FAD1D8F80C3073B94D
:106FF0006D002046089C33463A46A9B2009403F03F
:10700000E7F9003818BF012002B0BDE8F081089B05
:1070100032463946204603F0AFFAF2E7044B10221D
:107020001A7483F8E82083F8C02183F89822704707
:10703000C0B7002430B5002395B04FF4807106220C
:1070400004460B9306921393CDE90C13CDE90E334E
:10705000CDE9113302F092F807282BD004F1100586
:1070600041F2883206A9284604F0B2F928B101237A
:10707000184684F85C3015B030BD0222022306A900
:107080002846CDE9002310220123CDE90223002266
:107090004FF48003CDE9042305224FF0807306925C
:1070A0006A460F9341F2883304F0FEFA0028DED1DD
:1070B00015B030BD0323012084F85C3015B030BD1D
:1070C00070B50023A4B04FF080724FF48075044671
:1070D000ADF806300D93CDE910320122CDE90E5303
:1070E000CDE91223CDE91433002943D0F02300F178
:1070F000100508AEADF80630C02341F288323146A3
:107100002846089304F064F928B10123184684F84E
:107110005C3024B070BD41F288320DF10601284682
:1071200004F0C0F903460028EFD105224FF4807126
:107130001E93284616924FF080721B9321931F9244
:1071400002AA9FED1F7BCDE91C13CDE922338DED03
:10715000027B9FED1D7B41F2883316A98DED047BE8
:107160009FED1B7B8DED067B04F09EFA0028CCD1B1
:1071700024B070BD00F1100508AE612341F28832E1
:1071800031462846089304F023F90028BDD141F286
:1071900088320DF10601284604F002FA0028B4D125
:1071A000BDF80630204623F0780343F04003ADF8E5
:1071B0000630FFF73FFF00289ED0A6E7AFF3008020
:1071C00000000000010000001000000001000000AD
:1071D00000000000000040002DE9F04F00234FF4B4
:1071E000807501264FF0807804462DED028BABB000
:1071F0008DF8073013932193299314950E96CDF8AB
:107200005C80CDE91533CDE91863CDE91A33CDE9BA
:107210002253CDE92433CDE9273306231C9301F013
:10722000ADFF072808D004F1100741F288321CA9ED
:10723000384604F0CDF840B10123184684F85C309C
:107240002BB0BDEC028BBDE8F08F4FF0020A4FF07F
:10725000020B4FF0050941F2883308AA1CA93846F1
:10726000CDF89480CDF870909FED2D8BCDE908ABD3
:107270004FF0000A4FF4800B8DED0A8BCDE90CAB7B
:1072800004F012FA0028D7D141F2883238460EA90C
:1072900004F09EF80028CFD1402341F288320DF14E
:1072A000070138468DF8073004F0FCF80028C3D1F8
:1072B00041F288330EA902AA3846CDF83890CDF8AD
:1072C0005C809FED197B8DED048BCDE906AB8DEDD8
:1072D000027B04F0E9F903460028ADD1CDF87090A7
:1072E0004FF00109CDF894804FF00008219308AACF
:1072F00029931CA938462295CDE92333CDE92733BC
:1073000041F288338DED0A8BCDE90CABCDE90889CC
:1073100004F0CAF9002893D0304684F85C608FE707
:1073200010000000010000004000000040000000CC
:107330002DE9F043624CA3B00D46046001F01EFF3E
:10734000072800F0A980286823466968AA6807C34F
:107350001E46AB8926F8043B3046257B677B04F04C
:1073600019F8E0B9574B012D4FF00108E061236196
:1073700014BF4FF480134FF40003C4E9058893FA57
:10738000A3F3B3FA83F34FF48079013BC4F824905C
:10739000C4E90B003046236203F090FF38B10122AC
:1073A000134684F85C20184623B0BDE8F0836623BA
:1073B0000B90139041F2883206A90693CDE90C9008
:1073C000CDE90E00CDE91100304604F001F80028A7
:1073D000E5D1992341F2883206A93046069303F09D
:1073E000F7FF0028DBD105231C9019906A461493FF
:1073F0004FF08073219014A91D9341F288339FEDC3
:107400002A7BCDE91A90CDE91F008DED007B9FED21
:10741000287B30468DED027B9FED277B8DED047B35
:1074200004F042F90028BAD129462046FFF748FE69
:107430000028B4D12046FFF7CFFE03460028AED186
:10744000002FB0D1189330460027002606AA14A9B1
:10745000CDF86890CDE91F33EB2314934FF44063CC
:107460001B934FF4005317934FF440431C93A023F6
:107470001693062319934FF0805321934FF04073D6
:10748000CDE906671D9304F087F9034600288AD0EA
:10749000434684F85C8086E701230322184684F87B
:1074A0005C2023B0BDE8F083000000000100000074
:1074B000100000000100000000000000000040007B
:1074C00020BB0024005000522DE9F04F8FB0414BFB
:1074D0000024026800AF9A427C63C7E90944C7E907
:1074E0000B4403D03C37BD46BDE8F08F3A4B40F625
:1074F00009213A48EB46D3F8D42007F11C0607F1DE
:10750000220A4FF0020942F480424FF00308C3F808
:10751000D420D3F8D42002F48042BA60BA68D3F8F9
:10752000E02042F04002C3F8E020D3F8E02002F06F
:107530004002FA60FA68D3F8E02042F02002C3F873
:10754000E020D3F8E02002F020023A613A69D3F853
:10755000E02042F01002C3F8E020D3F8E02002F06F
:1075600010027A617A69D3F8E02042F00202C3F88F
:10757000E020D3F8E030F86103F002033984BB6106
:10758000174B7B60BB697B6853F8040F7B6001F08D
:1075900079FF7B680546186801F07CFF16F8013B0F
:1075A000786207F124012846C7F830807B63C7E979
:1075B0000A9402F01FF85645E5D100225C201146DE
:1075C000FAF7C0FC5C20FAF7FBFC3C37DD46BD4611
:1075D000BDE8F08F00500052004402580A0A090921
:1075E0007CBB0024114B02689A4200D07047104ABD
:1075F00070B5D2F8D4300F4C23F4804304F1180650
:10760000C2F8D43054F8040F01F03CFF054620685E
:1076100001F040FF0146284602F02CF9B442F1D1B6
:107620005C20BDE87040FAF7D9BC00BF00500052A2
:10763000004402587CBB0024014804F039B900BF63
:1076400030BB0024084B1A1D981D03F1080110B42B
:107650009C1C9A6603F10A02C3E91834C3E91B01B2
:107660005DF8044B5A67704720BB002438B50368A7
:1076700071B9026A00F1280500F5AC74012A0CBF4B
:10768000002140218BBB1D4B5722C0F858310DE023
:10769000426A00F1C00500F5E874012A0CBF002120
:1076A0004021EBB1164B5A22C0F8D03100232046BE
:1076B000C4E901214FF480524FF48061636262613A
:1076C0004FF48042C4E903314FF48073C4E90623C8
:1076D0004FF400332362FAF7E7FD58B1FFBEFEE72F
:1076E000084B5822C0F8D031E0E7074B5922C0F8C8
:1076F0005831DBE7C5E92044A56338BD10000240DE
:107700007000024028000240580002402DE9F0437A
:10771000821D05468BB0031D05F10A010830CDE935
:10772000052305F10C02AB69CDE907010992002B95
:107730003DD0EB69B3FA83F84FEA581801230222CF
:1077400005AE0AAF4FF006090393CDE9012356F8C1
:10775000044B2B792278934216D02B68F3B1012B7E
:1077600002D1F2B10A230493204601F093FE0346AE
:107770002046009301F086FE694601F03BFFBE42C1
:10778000E5D10BB0BDE8F083697963789942E4D123
:10779000B8F1000FF3D02B68002BE0D1CDF810909A
:1077A000E2E76378022B14BF0A230823DBE74FF0DC
:1077B0000108C3E7534A0368934230B505468BB0CE
:1077C00055D02032934252D04F4A934204D02032B7
:1077D000934201D00BB030BD4C4C4D48D4F8E03052
:1077E00043F00103C4F8E030D4F8E03003F00103C3
:1077F0000593059BD4F8E03043F00803C4F8E0306B
:10780000D4F8E03003F008030693069BD4F8E03088
:1078100043F04003C4F8E030D4F8E03003F0400314
:107820000793079BD4F8F03043F40003C4F8F0301A
:10783000D4F8F03003F400030893089BFFF766FFC9
:10784000D4F8D830296843F001032F4A3048C4F8EF
:10785000D830891AD4F8D83018BF012103F00103B9
:107860000993099B0BB0BDE83040FFF7FFBE274CE2
:107870002848D4F8E03043F00103C4F8E030D4F8ED
:10788000E03003F001030093009BD4F8E03043F0B4
:107890001003C4F8E030D4F8E03003F01003019393
:1078A000019BD4F8E03043F04003C4F8E030D4F852
:1078B000E03003F040030293029BD4F8F03043F42D
:1078C0008003C4F8F030D4F8F03003F4800303935D
:1078D000039BFFF71BFFD4F8D830296843F001035E
:1078E000084A0C48C4F8D830891AD4F8D83018BFE0
:1078F000012103F001030493049B0BB0BDE8304069
:10790000FFF7B4BE04580140045C01400044025833
:10791000F4BD002498BB00240148FBF73DB800BF2C
:10792000F0BC00240148FBF737B800BF68BD002455
:107930000148FBF731B800BF4CBF00240148FBF7FA
:107940002BB800BFC4BF00241A4A0368934210B486
:107950000BD02032934208D0174A934216D02032DF
:10796000934213D05DF8044B7047144B0022D3F8B8
:107970005442C3F85822002CF4D0D3F84802D3E97B
:10798000931223465DF8044B520818470B4B002214
:10799000D3F8B044C3F8B424002CE3D0D3F8AC241B
:1079A000D3F8A814D3F8A404520823465DF8044B76
:1079B000184700BF04580140045C014098BB0024F4
:1079C000184A0368934210B40BD02032934208D077
:1079D000154A934217D02032934214D05DF8044BDD
:1079E0007047124BD3E994245208C3F85822002C54
:1079F000F4D0D3E99201234601EB820100EB82002F
:107A00005DF8044B1847094BD3F8AC24D3F8B044C5
:107A10005208C3F8B424002CE0D0D3F8A814D3F84B
:107A2000A404E8E704580140045C014098BB00242A
:107A30002DE9F04F0C684FF41776754F87B004FBB3
:107A400006F6012C07EB060AC0F800A000F3A080A0
:107A50000D468E464FF00008D44669A3D3E90023B3
:107A600069A1D1E90001CDE9022306ABCAF8508231
:107A700003EB8403CDE9040153F810BC53F8083C30
:107A8000CAE992880193BEE80F00ACE80F00BEE897
:107A90000F00ACE80F00019B9EE80300CAF828B075
:107AA000CAF8C0308CE803002B69042B0CD8DFE83F
:107AB00003F0737D879103004FF41773554A03FB5E
:107AC00004739A64C3F8E020AA692B6A002A43D0A1
:107AD000002B4FF4177308BF022203FB047318BF77
:107AE0000322DA6201221A63EA696B6A002A40D132
:107AF000191E4FF4177318BF012103FB0473C3E968
:107B000031126B69022B05D8434A12F80380434AAD
:107B100052F823904FF4177306F128004246494665
:107B200003FB04740023384463646363E365C4F8AF
:107B3000DC30C4F8CC30C4F8F430C4E90F33C4E905
:107B40001533C4E93533C4E93B33022304F05CF94F
:107B5000002849D0FFBEFEE7191E4FF4177318BF67
:107B6000012103FB0473C3E90B12EA696B6A002A63
:107B7000BED0002B4FF4177308BF022203FB04731F
:107B800018BF0322C3F8C4200122C3F8C820B8E7F5
:107B9000012007B0BDE8F08F4FF417734FF4FA528D
:107BA00003FB04739A64C3F8E0208DE74FF4177366
:107BB0004FF47A5203FB04739A64C3F8E02083E71E
:107BC0004FF417734FF4FA4203FB04739A64C3F83B
:107BD000E02079E74FF417734BF6803203FB047310
:107BE0009A64C3F8E0206FE706F1C0000223424622
:107BF0004946384404F008F90028CAD0FFBEFEE721
:107C000004580140045C014024580140245C0140B8
:107C100098BB002400770100C0210108C42101089D
:107C20000068704770B5046882B015460E46C4F807
:107C30005032C4E99212069AC4F85422A269012A69
:107C400026D0626A012A9AB211D0294604F1C000F6
:107C5000019204F095F9236A019A012B10D029466C
:107C600004F1280004F08CF9002002B070BD04F18A
:107C7000C000019204F016FA236A019A012BEED19A
:107C8000314604F1280004F00DFA002002B070BD66
:107C9000226A012A9AB211D0294604F128000192E1
:107CA00004F06EF9636A019A012B10D0294604F1A1
:107CB000C00004F065F9002002B070BD04F1280096
:107CC000019204F0EFF9636A019A012BEED131467B
:107CD00004F1C00004F0E6F9002002B070BD00BF5E
:107CE00003681B69042B05D8044A02EB830393ED58
:107CF000000A70479FED020A704700BFD0210108BB
:107D000000803B470368D3F8580270471F4BC16897
:107D10000268F0B5D3F88C5083B00369ADB24D1B47
:107D2000A2B1AB4212D00446866811D2F018E91A0B
:107D3000CDE9001000F0BEFF0023DDE90010D4E91A
:107D40000062B047E3682561AB421BD003B0F0BDD1
:107D5000F018C91ACDE9000100F0ACFF0023DDE9FD
:107D60000001D4E90072B8473046294600F0A2FF6E
:107D700000233046626829462668B047E3682561DB
:107D8000AB42E3D10023236103B0F0BD0000024009
:107D90002DE9F84F04460F4690461E4600F1340583
:107DA000284604F09BFD2028FAD14FF48063002080
:107DB000C4F8D030C4F848314FF44033C4F8CC0094
:107DC000C4F8E030C4F858314E4BC4F8DC00C4F8B5
:107DD000C03003F57A73C4F8E400C4F838314023A6
:107DE000C4F8C800C4F84031E369C4F84401C4F8D9
:107DF0005401C4F85C01C4E93500C4E95300072B01
:107E00000BD8DFE803F061535A373E454C04512349
:107E1000C4F8C4305223C4F83C3104F59C79484678
:107E2000FAF742FA08B1FFBEFEE7C4F8A890C4F81A
:107E30007051EFF3108972B6DFF8D0B094F91C30AE
:107E4000DFF8CCA08BF800300A9B2F4CCAF800302A
:107E50000B9B23600EB11846B0471FFA88F23946D3
:107E6000284604F025FBB0BBB9F1000F00D162B683
:107E7000BDE8F88F3F23C4F8C4304023C4F83C3138
:107E8000CBE74123C4F8C4304223C4F83C31C4E7F3
:107E90004723C4F8C4304823C4F83C31BDE74F231E
:107EA000C4F8C4305023C4F83C31B6E72B23C4F8DF
:107EB000C4302C23C4F83C31AFE72D23C4F8C430C0
:107EC0002E23C4F83C31A8E72923C4F8C4302A2360
:107ED000C4F83C31A1E7FF238BF800300023CAF837
:107EE000003023600A9B3BB10B9801219847012089
:107EF000B9F1000FBCD1BAE70120B9F1000FB7D139
:107F0000B5E700BF8800024088CF002484CF00245A
:107F100080CF00242DE9F84F04460F4690461E46B8
:107F200000F13405284604F0D9FC2028FAD14FF49A
:107F300080630020C4F8D030C4F848314FF4403397
:107F4000C4F8CC00C4F8E030C4F858314E4BC4F843
:107F5000DC00C4F8C03003F57A73C4F8E400C4F858
:107F600038314023C4F8C800C4F84031E369C4F88C
:107F70004401C4F85401C4F85C01C4E93500C4E903
:107F80005300072B0BD8DFE803F061535A373E4507
:107F90004C045123C4F8C4305223C4F83C3104F1DA
:107FA000C0094846FAF780F908B1FFBEFEE7C4F8F9
:107FB000AC90C4F8F850EFF3108972B6DFF8D0B087
:107FC00094F91C30DFF8CCA08BF800300A9B2F4CC2
:107FD000CAF800300B9B23600EB11846B0471FFA59
:107FE00088F23946284604F0B5FAB0BBB9F1000F63
:107FF00000D162B6BDE8F88F3F23C4F8C4304023F7
:10800000C4F83C31CBE74123C4F8C4304223C4F860
:108010003C31C4E74723C4F8C4304823C4F83C319A
:10802000BDE74F23C4F8C4305023C4F83C31B6E751
:108030002B23C4F8C4302C23C4F83C31AFE72D23E4
:10804000C4F8C4302E23C4F83C31A8E72923C4F86F
:10805000C4302A23C4F83C31A1E7FF238BF8003059
:108060000023CAF8003023600A9B3BB10B98012122
:1080700098470120B9F1000FBCD1BAE70120B9F14E
:10808000000FB7D1B5E700BF8800024088CF0024B9
:1080900084CF002480CF00242DE9F0410D4682B02A
:1080A000EFF3108772B6002948D1FF23254A264CEA
:1080B000237013682BB1002029461060234A1068F2
:1080C000984723781B0625D5DFF888800025204EA9
:1080D000444605E001351C3406F5D876092D19D043
:1080E000A369012B1BD0002BF4D121683046002955
:1080F000F0D06369019323690093E3682289FFF755
:1081000009FF0028E6D1C5EBC50508EB850348F853
:108110002500586007B962B602B0BDE8F081616819
:108120000029D7D063693046019323690093E3683F
:108130002289FFF72DFE0028CCD1E4E705F0CAFE26
:10814000B3E700BF80CF002484CF002488CF002471
:1081500050C0002454000024F0B5002387B0022250
:1081600004460493CDE90223027EC3690B2A4FEA39
:10817000430523D1A27E0B2A02D1002007B0F0BD17
:1081800048496B1C484851F82330457801781878E5
:10819000E67E884269D0824277D0D87803F1030C1A
:1081A00081426ED0824278D0987903F1060C8842E1
:1081B0006FD0824233D0012007B0F0BD394B3A482E
:1081C00053F8253001784678187894F819C0814220
:1081D0003DD0824241D0D87803F1030E814240D095
:1081E00082424AD0987903F1060E884241D08242F9
:1081F000E1D1DB796345DED1734604F118069B7843
:108200003046059301F03EF9034630461E4601F024
:1082100041F901A90190304601F0ECF9AAE7DB79B8
:10822000B342C8D163461A349B782046059301F0C7
:1082300029F9034620461C4601F02CF9034601A902
:108240002046019301F0D6F9002007B0F0BD93F865
:1082500001E0B645BFD08242BDD158786045BAD161
:10826000CBE71F79B742BBD1BCE75F78AF4292D171
:1082700093E7D979B142BAD19DE718796045B1D178
:10828000BAE71F79AF428DD18EE75878B04284D1DA
:10829000C9E7D979A9428CD18DE71879B04283D149
:1082A000C0E700BF6C010024680100247E4A036817
:1082B0009342F0B58FB000F0E380A2F54C429342B8
:1082C00000F0E08002F58062934200F0DD8002F56C
:1082D0008062934200F0DA8002F58062934200F0FF
:1082E000D98002F54442934200F0D280A2F51C42AC
:1082F000934200F0D18002F58062934200F0CE807C
:108300006A4A934240F0CC800826694D4FF4D874F5
:1083100004FB0654A07E01F0C5F8207E01F0C2F8EF
:10832000E369082B13D8DFE803F03B4957657381F5
:108330008F9D05005F4BD3F8F42042F00802C3F88C
:10834000F420D3F8F43003F008030893089B204688
:10835000FFF702FF012801D1FFBEFEE74FF4D874FA
:108360000EAA554F0DF1240C04FB0654E36902EBF1
:1083700043050FCFACE80F003B680022ACF800309B
:10838000114635F9140CF9F7DDFDE3690EAA02EB8D
:10839000430333F9140C0FB0BDE8F040F9F710BEF9
:1083A000444BD3F8F02042F01002C3F8F020D3F889
:1083B000F03003F010030093009BC8E73D4BD3F867
:1083C000E82042F40032C3F8E820D3F8E83003F4A0
:1083D00000330193019BBAE7364BD3F8E82042F40F
:1083E0008022C3F8E820D3F8E83003F48023029316
:1083F000029BACE72F4BD3F8E82042F40022C3F8ED
:10840000E820D3F8E83003F400230393039B9EE7AE
:10841000284BD3F8E82042F48012C3F8E820D3F8C0
:10842000E83003F480130493049B90E7214BD3F8C6
:10843000F02042F02002C3F8F020D3F8F03003F02F
:1084400020030593059B82E71A4BD3F8E82042F0FE
:108450008042C3F8E820D3F8E83003F08043069365
:10846000069B74E7134BD3F8E82042F00042C3F8B0
:10847000E820D3F8E83003F000430793079B66E752
:10848000002642E7012640E702263EE703263CE7B6
:1084900005263AE7042638E7062636E7072634E7B6
:1084A00000239B7EFFDE00BF00100140000C00583F
:1084B00050C0002400440258042101082DE9F04F67
:1084C00091B0002301223F490DF1240A09938B4604
:1084D00001F11C09CAF8143001F13808CDF800A0E8
:1084E00001F15407CDF804A001F17006CDF808A001
:1084F00001F18C05CDF80CA001F1A804CDF810A075
:1085000001F1C40ECDF814A001F1E00CCAE9013369
:10851000CAE903330F92FF222B4BCDE906AA1A704A
:10852000BAE80F00ABE80F009AE80700009B8BE861
:1085300007009B46BBE80F00A9E80F009AE8070078
:10854000019B89E807009946B9E80F00A8E80F00E9
:108550009AE80700029B88E807009846B8E80F00F1
:108560000FC79AE80700039B87E807001F460FCF55
:108570000FC69AE80700049B86E807001E460FCE48
:108580000FC59AE80700059B85E807001D460FCD3B
:108590000FC49AE80700069B84E807001C460FCC2E
:1085A000AEE80F00079B9AE807001C468EE807001C
:1085B0000FCCACE80F009AE807008CE8070011B078
:1085C000BDE8F08F5400002484CF002410B5094C7E
:1085D00004F1340004F090F8237D1BB1636BDB6978
:1085E000DB0600D410BD2046FFF790FB636B102222
:1085F0001A6210BD50C0002410B50B4C04F5F27087
:1086000004F07AF894F8C43123B1D4F8E431DB698A
:10861000DB0600D410BD04F5D870FFF777FBD4F863
:10862000E43110221A6210BD50C0002410B50B4C6A
:1086300004F5657004F060F894F8743323B1D4F84D
:108640009433DB69DB0600D410BD04F55870FFF7E6
:108650005DFBD4F8943310221A6210BD50C0002480
:1086600010B50B4C04F2445004F046F894F824354D
:1086700023B1D4F84435DB69DB0600D410BD04F522
:10868000A260FFF743FBD4F8443510221A6210BDF4
:1086900050C0002410B50B4C04F2F46004F02CF828
:1086A00094F8D43623B1D4F8F436DB69DB0600D471
:1086B00010BD04F5D860FFF729FBD4F8F43610227A
:1086C0001A6210BD50C0002410B50B4C04F6A40073
:1086D00004F012F894F8843823B1D4F8A438DB6994
:1086E000DB0600D410BD04F50760FFF70FFBD4F8DC
:1086F000A43810221A6210BD50C0002410B50B4CD3
:1087000004F6542003F0F8FF94F8343A23B1D4F877
:10871000543ADB69DB0600D410BD04F52260FFF794
:10872000F5FAD4F8543A10221A6210BD50C0002451
:1087300010B50B4C04F6044003F0DEFF94F8E43B64
:1087400023B1D4F8043CDB69DB0600D410BD04F58A
:108750003D60FFF7DBFAD4F8043C10221A6210BD2A
:1087600050C0002410B50B4C04F6B45003F0C4FF05
:1087700094F8943D23B1D4F8B43DDB69DB0600D412
:1087800010BD04F55860FFF7C1FAD4F8B43D1022CB
:108790001A6210BD50C0002410B5EFF3108472B6F9
:1087A000084B1A78120602D504B962B610BD1B78C0
:1087B0004FF4D87204485BB202FB0300C030FAF7F2
:1087C000EBF8F1E784CF002450C0002410B5EFF39C
:1087D000108472B6094B1A78120602D504B962B633
:1087E00010BD1B784FF4D87205485BB202FB030042
:1087F00000F59C70FAF7D0F8F0E700BF84CF0024B2
:1088000050C000240021FFF747BC00BF214A036885
:1088100093422BD0A2F54C42934229D002F58062BC
:10882000934227D002F58062934225D002F5806200
:10883000934223D002F54442934221D0A2F51C4238
:1088400093421FD002F5806293421DD0124A934298
:108850001CD108224FF4D871104B01FB0233197D53
:1088600011B11846FFF752BAFFF716BC0022F1E724
:108870000122EFE70222EDE70322EBE70422E9E71A
:108880000522E7E70622E5E70722E3E700231B7D51
:10889000FFDE00BF00100140000C005850C0002453
:1088A000204A0368934229D0A2F54C42934227D034
:1088B00002F58062934225D002F58062934223D074
:1088C00002F58062934221D002F5444293421FD0C8
:1088D000A2F51C4293421DD002F5806293421BD048
:1088E000114A93421AD1082310484FF4D87202FB60
:1088F0000300037D03B97047FFF708BA0023F3E7CD
:108900000123F1E70223EFE70323EDE70423EBE77D
:108910000523E9E70623E7E70723E5E700231B7DB7
:10892000FFDE00BF00100140000C005850C00024C2
:108930000121FFF7B1BB00BF2DE9F0414F684FF4B3
:10894000D876DFF8C0808E4607FB06F60C46082F67
:1089500008EB0605056005F1180CBEE80F00ACE851
:108960000F009EE807008CE8070002D86B6A022B14
:1089700002D90120BDE8F0812A6A032AF9D8A96A40
:108980000229F6D8E86A0228F3D80131DFF878C066
:10899000343689005CF8277046446F63A469A96483
:1089A0001549AC6351F823306B64144B53F82230F3
:1089B000134A2B64002352F8201001223046EB6545
:1089C000E963C5E91333C5E9153205F083FA0028D8
:1089D000CFD10146304605F0D5FA0028C9D101466D
:1089E000304605F01DFB0028C3D1304605F0ACFA37
:1089F0000028BED12875BDE708220108142201080D
:108A00002422010850C00024E4210108006892B229
:108A100008B5343003F0BCFC003818BF012008BD95
:108A2000534B0122002047F6122130B4C3E97420D1
:108A3000C3E97721C3E9E020C3E9E3211A62DA62DE
:108A400058621963C3F83025C3F83405C3F83C25D0
:108A5000C3F84015C3F8E026C3F8E406C3F8EC26D3
:108A6000C3F8F016C3F89028C3F89408C3F89C28FC
:108A7000C3F8A018C3F8402AC3F8440AC3F84C2A24
:108A8000C3F8501AC3F8F02BC3F8F40BC3F8FC2B4F
:108A9000C3F8001CC3F8A40D3648C3F8A02DC3F8D2
:108AA000AC2DC3F8B01D0288837833490068334C7D
:108AB000CA804FEA104C0B723149E2802372A1F850
:108AC0000320A4F8032063714B712E4CCA800B72F3
:108AD0002D492E4DE2802372A1F80320A4F8032033
:108AE00063714B712A4CCA800B722A49EA80088054
:108AF0002B7281F802C0E2802372A1F803204B712F
:108B0000CA800B722449A1F803204B71CA800B72F2
:108B10002249A1F803204B71CA800B7220490880BA
:108B200081F802C0A1F803204B71CA800B721D4965
:108B3000088081F802C0A1F803204B71CA800B7233
:108B40001949088081F802C01848A1F803204B7128
:108B5000CA800B721649A0F803204371C2800372C9
:108B6000A1F803204B71CA800B7230BC704700BF64
:108B700050C0002468010024F001002414020024E5
:108B8000080200242C02002420020024FC010024FE
:108B9000D8010024B0CF002438020024E4010024CE
:108BA0008CCF0024A4CF002498CF00245C010024A3
:108BB000500100243E4B00220B20114610B5D3F883
:108BC000D84082B044F00104C3F8D840D3F8D8406C
:108BD00004F001040094009CD3F8D84044F002044F
:108BE000C3F8D840D3F8D83003F002030193019BB7
:108BF000F9F7A8F90B20F9F7E3F900220C20114648
:108C0000F9F7A0F90C20F9F7DBF900220D20114645
:108C1000F9F798F90D20F9F7D3F900220E20114643
:108C2000F9F790F90E20F9F7CBF900220F20114641
:108C3000F9F788F90F20F9F7C3F90022102011463F
:108C4000F9F780F91020F9F7BBF900223C20114612
:108C5000F9F778F93C20F9F7B3F900221120114611
:108C6000F9F770F91120F9F7ABF900223820114615
:108C7000F9F768F93820F9F7A3F9002239201146ED
:108C8000F9F760F93920F9F79BF900223A201146EB
:108C9000F9F758F93A20F9F793F900223B201146E9
:108CA000F9F750F93B2002B0BDE81040F9F788B958
:108CB0000044025820F01F002031BFF34F8F0029DD
:108CC00007DD064A0144C2F85C0220300B1A002B73
:108CD000F9DCBFF34F8FBFF36F8F704700ED00E0FB
:108CE000704700BF08B5F8F711FBBDE80840F9F779
:108CF000F1B900BF064808B503680BB100F08CFE5F
:108D0000044803681BB1BDE8084001F07BBD08BD05
:108D1000C8D30024C0CF0024064808B503680BB1AF
:108D200000F07AFE044803681BB1BDE8084001F07A
:108D300069BD08BDC8D30024C0CF0024064808B5CB
:108D400003680BB100F068FE044803681BB1BDE87E
:108D5000084001F057BD08BDC8D30024C0CF00248F
:108D6000364BDA6A520062D59A6A9A6A9A6A9B6AA4
:108D7000180600D500BE314B9B6A990600D500BE8F
:108D80002E4B9B6ADA0600D500BE2C4B9B6A1B0754
:108D900000D500BE294B9B6A980700D500BE274B23
:108DA0009B6AD90700D500BE244B9B6A1A0400D5E4
:108DB00000BE224B9B6A9B0400D500BE1F4B9B6AE2
:108DC000D80400D500BE1D4B9B6A190500D500BE16
:108DD0001A4B9B6A5A0500D500BE184B9B6A9B052F
:108DE00000D500BE154B9B6AD80500D500BE134BBD
:108DF0009B6A990100D500BE104B9B6ADA0100D531
:108E000000BE0E4B9B6A1B0300D500BE0B4B9B6A3A
:108E1000580300D500BE094B9B6A990300D500BEDC
:108E2000064B9B6ADA0306D400BE00BEFEE7DB6A8F
:108E30009B07FAD5F8E700BEF6E700BF00ED00E0BB
:108E4000F8F770BAF8F774BA0A4B9B6803F17843E5
:108E5000B3F5003F0BD3084B986848B198680128D8
:108E600006D09868022803D09B6803207047012031
:108E7000704700BF00ED00E0000080382DE9F041B0
:108E8000CEB004464C2200210AA808F0E5FC2022BE
:108E9000002102A808F0E0FCBC2200211EA808F076
:108EA000DBFC022002F022F92368012B4FF00003C3
:108EB00054D0534A02250193C820D16A514B21F066
:108EC0000101D162D26A02F0010201929A6942F470
:108ED00040429A619B6903F440430193019B494AD4
:108EE00093699B04FCD548490224002201268B6A21
:108EF00004274FF0080823F0030323438B62052364
:108F000016900AA818934FF480331096179419946A
:108F10001597CDF86880CDE91B222122CDE91344B5
:108F2000CDE90A23FAF78AF800B1FEE73F220323CE
:108F3000294602A8CDE9022300220823CDE9042313
:108F400040224023CDE9062340234FF48062CDE93F
:108F50000823FAF7A1FB0346B8B1FEE7294A042526
:108F60000093F0209169264B41F440419161926950
:108F700002F440420092DA6A42F00102DA62DB6AED
:108F800003F001030093009BA9E720224FF48051D6
:108F900025934FF440152B9280222D931EA83093D9
:108FA000269135914FF48071249234920C2233949F
:108FB000439140F2271120921022CDF884802A9705
:108FC0001F96CDE92E34CDE93B334FF48033CDE904
:108FD00022463193002446930623CDE93E4527934C
:108FE0004FF48063094C2C931E94CDE92812FAF7B4
:108FF000AFFD00B1FEE702F09FF84EB0BDE8F08192
:109000000004005800480258004402580F130F0390
:1090100070B584B00124F9F70BF84FF480764FF067
:109020004052194B68460025ADF800400396CDE943
:109030000123F9F71BF819224FF0404368468DF8D9
:10904000082001938DF80F40ADF80D608DF80140B8
:109050008DF80A50F9F70AF802230B2268468DF8BA
:109060000F508DF801304FF062538DF808200193B6
:10907000ADF80D408DF80A40F8F7F8FF0420F8F736
:10908000E5FF04B070BD00BF0E00010330B50D4612
:10909000044685B0D1E9000184E80300F8F706F939
:1090A000AB79A3B3FFF786FDFDF792FE06F0A4FEB1
:1090B000FFF704FA2B798BBB6B799BB1BFF34F8F12
:1090C000BFF36F8F2A4B0022C3F85022BFF34F8F9C
:1090D000BFF36F8F5A6942F400325A61BFF34F8F6A
:1090E000BFF36F8F4FF0FF32002300240025694645
:1090F000204802928DF80C30CDE9004507F09CFA2B
:109100001C4807F001FB06F0A7FA05B030BD204669
:10911000FFF7B4FE2046FFF77BFFC3E7144C0023A4
:10912000C4F88430BFF34F8FD4F8801043F6E07E4C
:10913000C1F34E3CC1F3C9014FEA4C1C0CEA0E00CE
:109140000B4640EA8372013BC4F860225A1CF8D1F6
:10915000ACF1200C1CF1200FF0D1BFF34F8F6369ED
:1091600043F480336361BFF34F8FBFF36F8FA3E787
:1091700000ED00E0BCCF0024FAF7BEBB1C4B9B689F
:1091800003F17842B2F5003F25D3B3F5803F20D3F9
:1091900003F16042B2F5003F1FD303F15C42B2F528
:1091A000002F1CD303F17042B2F5902F19D303F1B5
:1091B0004842B2F5803F16D303F18042B2F1806F8E
:1091C00013D303F1E043B3F5000F2CBF08200720B1
:1091D000704701207047002070470220704703202D
:1091E000704704207047052070470620704700BF75
:1091F00000ED00E003480023034A0449036008F03F
:10920000E5BA00BFBCCF002400000024E18C0008B8
:1092100010B4204C0022204B83B0D4F888101F4893
:1092200041F47001C4F8881019681D4C41F0010127
:1092300019601A61196808401A4918609A61DA6160
:109240001A629A62DA621A635A639A63DA631A6478
:109250005A64186820F4802018601A66D3F8DC205D
:1092600042F06042C3F8DC20D3F8DC300193019B6C
:1092700023681940B1F1005F03D20B4B0122C3F800
:109280000821044B4FF000629A6003B05DF8044B74
:10929000704700BF00ED00E0004402587FEDF6EAA1
:1092A0000010005C0000FFFF0080005100F57171AC
:1092B000D0F8040405F0B8BDC1EBC10300EB830393
:1092C000D0F80404D3F8082205F0DCBDC1EBC103DB
:1092D00000EB8303D0F804049A6C05F011BE00BFC4
:1092E000D0F8040405F0B0BEC16810B5044619B149
:1092F000022900D0FEE70121D4F8040405F08EFE17
:10930000D4F80404BDE8104005F060BE10B5044672
:10931000D0F8040405F086FE2268D2F8003E43F03F
:109320000103C2F8003E236A23B1034A136943F0E4
:109330000603136110BD00BF00ED00E0D0F8040487
:1093400005F07ABED0F8040405F08EBED0F804040F
:1093500005F088BED0F8040405F088BED0F80404F7
:1093600005F086BE9446D0F898021A4608B56346C2
:1093700001F0ACFD032802D8024B185C08BD0220A6
:1093800008BD00BF40220108D0F8980208B501F0DE
:109390002BFE032802D8024B185C08BD022008BD32
:1093A00040220108D0F8980208B501F061FE0328B8
:1093B00002D8024B185C08BD022008BD40220108FB
:1093C0000A06D0F8983206D4C1EBC10103EB810143
:1093D00091F8FE01704701F07F01C1EBC10103EB81
:1093E000810191F83E007047D0F8980208B501F06D
:1093F00057FD032802D8024B185C08BD022008BDA7
:1094000040220108D0F8980208B501F0C5FD0328F4
:1094100002D8024B185C08BD022008BD402201089A
:10942000D0F8980208B501F08FFD032802D8024B4E
:10943000185C08BD022008BD40220108D0F8C00217
:1094400006F0C4B8D0F8C00206F0D8B8D0F8C00210
:1094500006F0E0B8704700BFD0F8C00206F0C6B80A
:10946000D0F8C00206F0C6B8D0F8D00308B500F0B6
:1094700093FE032802D8024B185C08BD022008BDE9
:1094800044220108024B027853F82200704700BFC3
:1094900068220108024B427833F81200704700BF7F
:1094A000482201088CB00A2814D8DFE800F0152300
:1094B000313F4D5B6977859306004D4BD3F8E02033
:1094C00042F48062C3F8E020D3F8E03003F4806314
:1094D0000B930B9B0CB07047454BD3F8E02042F048
:1094E0000102C3F8E020D3F8E03003F00103019358
:1094F000019BEFE73E4BD3F8E02042F00202C3F8B5
:10950000E020D3F8E03003F002030293029BE1E78E
:10951000374BD3F8E02042F00402C3F8E020D3F840
:10952000E03003F004030393039BD3E7304BD3F8FD
:10953000E02042F00802C3F8E020D3F8E03003F066
:1095400008030493049BC5E7294BD3F8E02042F0BD
:109550001002C3F8E020D3F8E03003F010030593C5
:10956000059BB7E7224BD3F8E02042F02002C3F876
:10957000E020D3F8E03003F020030693069BA9E730
:109580001B4BD3F8E02042F04002C3F8E020D3F8B0
:10959000E03003F040030793079B9BE7144BD3F89D
:1095A000E02042F08002C3F8E020D3F8E03003F07E
:1095B00080030893089B8DE70D4BD3F8E02042F41D
:1095C0008072C3F8E020D3F8E03003F4807309938D
:1095D000099B7FE7064BD3F8E02042F40072C3F802
:1095E000E020D3F8E03003F400730A930A9B71E79C
:1095F000004402582DE9F04F0D6883B0002D00F0B3
:10960000D5800023DFF8688201229A4012EA050C17
:1096100000F0C7804E6826F01009B9F1020F40F043
:10962000C88003F007044FEAD30E4FF00F0A4FEA49
:10963000840900EB8E0E0AFA09FADEF8204024EACB
:109640000A0A0C6904FA09F406F0030944EA0A0458
:10965000CEF820404FEA430E0324D0F800A009FAC8
:109660000EF904FA0EF42AEA040AE44349EA0A0964
:10967000C0F80090D0F808A0CF6804EA0A0A07FAF8
:109680000EF949EA0A09C0F80890C6F30019D0F8A3
:1096900004A009FA03F92AEA020249EA0202426036
:1096A000C268F70004EA02048A6802FA0EF242EA8B
:1096B0000402C26075D5644C23F0030E03F0030965
:1096C000D4F8F420C6444FEA890942F00202C4F8F3
:1096D000F420D4F8F42002F002020192019A0F2241
:1096E000DEF8084002FA09F224EA0202574CA042CE
:1096F00025D004F58064A0427BD0554CA0427ED09A
:10970000544CA0426FD0544CA04200F08480534C83
:10971000A04200F08680524CA04276D0514CA0422C
:1097200000F08580504CA04200F087804F4CA04252
:109730000CBF09240A2404FA09F942EA0902CEF806
:1097400008204FF0B0426FEA0C0EF403D2F88020EC
:109750004FF0B04454BF0EEA02024CEA0202C4F8D1
:109760008020B203D4F884404FF0B04254BF0EEAD8
:1097700004044CEA0404F702C2F8844014684FF071
:10978000B04254BF0EEA04044CEA04041460B4026C
:1097900052684FF0B04454BF0EEA02024CEA020293
:1097A0006260013335FA03F27FF42EAF03B0BDE8F7
:1097B000F08F4FEA430E0324D0F800B006F0030AFE
:1097C00004FA0EF409F1FF390AFA0EFA2BEA040B37
:1097D000B9F1010F6FEA04044AEA0B0AC0F800A0CD
:1097E0003FF65EAF46E7032404FA09F942EA0902AC
:1097F000A5E7012404FA09F942EA09029FE70224D5
:1098000004FA09F942EA090299E7062404FA09F977
:1098100042EA090293E7042404FA09F942EA090238
:109820008DE7052404FA09F942EA090287E70724CB
:1098300004FA09F942EA090281E7082404FA09F95D
:1098400042EA09027BE700BF0044025800000258C8
:1098500000080258000C0258001002580014025868
:1098600000180258001C0258002002580024025818
:1098700000040058002900F0A88000232DE9F04FD3
:10988000DFF8689183B0DFF86881DFF868A1DFF85E
:1098900068B14FF0010E0EFA03F212EA010C6FD01C
:1098A00023F0030503F003040F2640454D444FEA1F
:1098B000C404AF6806FA04F607EA0607019721D048
:1098C000504566D0584567D0434FB8426ED0434F9D
:1098D000B84270D0424FB84263D0424FB84256D0DF
:1098E000414FB84272D0DFF814E1704568D0DFF81C
:1098F00010E1704514BF4FF00A0E4FF0090E0EFA3A
:1099000004F400E00024019FA74219D1AC6824EAC6
:1099100006064FF0B044AE60D4F8805025EA0C053E
:10992000C4F88050D4F8845025EA0C05C4F884505B
:10993000256825EA0C052560656825EA0C05656043
:1099400003255C0003F007070F2605FA04F40568F9
:10995000BF00254306FA07F70560DD0800EB850523
:109960002E6A26EA07062E62856825EA04058560C8
:10997000456825EA02024260C26822EA0404C46023
:10998000013331FA03F284D103B0BDE8F08F4FF018
:10999000060E0EFA04F4B6E74FF0020E0EFA04F4C7
:1099A000B1E74FF0050E0EFA04F4ACE74FF0030EEA
:1099B0000EFA04F4A7E74FF0040E0EFA04F4A2E73F
:1099C0004FF0080E0EFA04F49DE770474FF0070EB3
:1099D0000EFA04F497E700BF000C0258001002587A
:1099E0000014025800180258001C025800040058C5
:1099F00000000258000402580008025800200258D3
:109A0000002402580369194214BF01200020704746
:109A100002B90904816170472DE9F04F056885B0EE
:109A20000446284604F0A6FF012802D005B0BDE890
:109A3000F08F206804F04EFF0028F7D0206804F073
:109A400049FF10F4001F206802D04FF40013436157
:109A500004F040FF10F4801F206802D04FF4801300
:109A6000436104F037FF10F0806F206802D04FF0A0
:109A70008063436104F02EFF10F0020F20682FD1A5
:109A800004F028FF870000F11381206804F022FF12
:109A9000C60100F1CF80206804F01CFF000700F130
:109AA000BE80206804F016FF10F0007F20681AD1F5
:109AB00004F010FFC306B9D52568AB6923F0100385
:109AC000AB612E6AC6F34341C6F30A17022902D1DD
:109AD000002F40F0C681AB6943F01003AB61A5E7EE
:109AE00002234361CCE704F0B3FFD4F808E08046DA
:109AF0002068BEF1000F00F0998005F5A0650026F2
:109B00004FF0280B4FF0020A4AE000F5A0694A0125
:109B100009EB4117BB685B075DD50423BB60FB689D
:109B200043F00203FB60BB68980500F1FD80BB6851
:109B3000DB0740F1CF80236953B101EB81003B6922
:109B400004EBC000C3F3120C836CA3EB0C03C364DF
:109B50008B004FF0010C4FF0000E581804EBC000C2
:109B6000C0F858E080F85DC0C7F808C090F83FE042
:109B70001EF0FD0F00F06481BEF1030F00F0408283
:109B80000B4404EBC30393F8502082F0010283F8E6
:109B90005020D4F808E0206801362035764545D2BB
:109BA00006F00F0328FA03F3D907F5D52B68F1B2B5
:109BB0001A04AAD400F5A0624FEA411C02EB411737
:109BC000BB6813F004090DD00423BB60FB6843F0AD
:109BD0000203FB60E0E7BB689B0640F1B3802023F3
:109BE000BB60A0E7BB6813F0200300F0CA8001EB64
:109BF0008103202204EBC303BA6093F83D20012ABD
:109C0000CAD183F83D9083F85CA0FB6843F002035F
:109C1000FB6004F021FFD4F808E02068BCE7204690
:109C2000FFF70CFC2068082343613BE74FF000730B
:109C300043613DE72668D6F840340293D6F84034B5
:109C40000393039B23F02E030393029B980707D5EE
:109C5000029BD90700F16381039B43F00203039346
:109C6000029B1A0718D5039B43F008030393029B3A
:109C70005B0740F15C81A169022900F09A81E368E9
:109C8000012B03D14EF66022C6F804242046FFF7CC
:109C9000E3FB2046FFF7D6FB2068029B9F0603D517
:109CA000039B43F020030393039BC6F84034F3E681
:109CB000D5F84034204623F02E03C5F84034FFF792
:109CC000C5FB0121206804F0A1FE20684FF000537D
:109CD0004361DBE6BB68980740F18E80FB6801EBCF
:109CE000810C23F0020304EBCC0CFB608B009CF88E
:109CF0005D00012800F0B280052800F0AF80062842
:109D000000F0A381082800F0A081032800F0DC8186
:109D10009CF85C000246C7F808A02046FFF79AFBB3
:109D2000D4F808E0206837E7FB68206843F00203B6
:109D3000FB6004F091FE4FF400732068BB60D4F820
:109D400008E029E7BB681B0700F1BB80BB685B0527
:109D50007FF5E9AEFB68019243F002030091FB60DE
:109D600004F07AFE00991020019A01EB8103B8609B
:109D7000082004EBC30383F85D004FF48063BB60ED
:109D8000D1E6D7F8089019F0400F40F0B180BB68D9
:109D900013F4007340F02F81D7F8089019F0010FE9
:109DA00040F03F81BB6813F0080340F06881D7F8AA
:109DB000089019F0100F00F0C98001EB810204EB4C
:109DC000C2029365032382F85D3092F83D303BB9BF
:109DD0000BFB014393F83C2012B9012283F83D208C
:109DE000FB6843F00203FB6004F036FE102320689A
:109DF000BB60D4F808E0CFE6BB6813F0800340F006
:109E0000E380BA68D20640F1D08001EB810004EB18
:109E1000C00090F83F20032A00F04B8112F0FD02B1
:109E2000E4D123698265002BE0D10BFB01430322BF
:109E300083F85D20FB68206843F00203FB60D3E7F2
:109E4000FA68206842F0020201930091FA6004F07F
:109E500003FE1022DDE90013BA6091E68CF85C0085
:109E600058E706F00F0606EB860804EBC808D8F89A
:109E7000441000293FF42FAE284605F5A0653A4668
:109E800004F0A6FCD8F8443005EB46123B441169B7
:109E9000D8F84C20C8F8443073013A44C8F84C2034
:109EA000BC4A0A405AB1EA5822F0804242F00042CD
:109EB000EA5098F8503083F0010388F85030256854
:109EC00009E6FB684FF0050C019243F00203009194
:109ED000FB6001EB810304EBC30383F85DC0102337
:109EE000BB600823BB6004F0B7FDDDE900121AE691
:109EF00001EB810204EBC2029365042382F85D301A
:109F0000012382F83D30FB6843F00203FB6004F05C
:109F1000A3FD40232068BB60D4F808E03CE6B369A9
:109F2000204623F00053B361FFF78CFA94E62046F5
:109F3000FFF796FAD6F84034206823F02E03C6F8CF
:109F40004034836943F000538361A6E6BB681B0677
:109F500000F1C880BB685B0500F1D780BB689B0738
:109F60007FF51AAEFB680BFB014023F00203FB6098
:109F700090F85D30012B00F0E180032B00F0DB80D6
:109F8000042B00F0D880052B00F0FC80062B00F09D
:109F9000E480082B00F0E1800BFB01432046C7F86A
:109FA00008A093F85C20FFF755FAD4F808E0206881
:109FB000F2E5029B206803F4C023B3F5802F18BF9D
:109FC000012104F023FD61E6FB6801EB810243F00F
:109FD000020304EBC202FB60936D01339365062319
:109FE00082F85D30206804F037FD80232068BB6074
:109FF000D4F808E0D0E5FB6843F00203FB6098E684
:10A0000052F80970019347F00057009142F8097027
:10A01000624680F85CC02046FFF71CFADDE90013B9
:10A02000AEE5FA6801EB810942F0020204EBC909CE
:10A03000C9F85830FA6004F00FFD0123BB6089F8BD
:10A040005D30D4F808E02068A6E503EB010C04EBD2
:10A05000CC0CDCF858000130032825D8CCF8580087
:10A0600002200B4404EBC30383F85C0052F8093070
:10A0700023F0804343F0004342F809304AE60823C6
:10A080000091BB60FB6843F00203FB6004F0E4FC5A
:10A090000099052201EB810104EBC10383F85D20E7
:10A0A000D4F808E0206877E50020CCF858000420B8
:10A0B000D7E7FA680BFB014042F002028365206893
:10A0C000FA6004F0C9FC91E60BFB0143022083F81F
:10A0D0005CA052F8093023F0804343F0004342F87B
:10A0E000093017E6FB68009143F00203FB6004F0BF
:10A0F000B3FC009906230BFB014181F85D308023FE
:10A100002068BB60D4F808E046E5FB68009143F0A6
:10A110000203FB6004F0A0FC10230099BB604FF425
:10A1200080630BFB0141BB60082381F85D30D4F8EC
:10A1300008E0206830E580F85CA02DE780F85C300E
:10A1400090F83F30023B012B3FF626AF90F851309C
:10A1500083F0010380F851301EE70BFB0140836D53
:10A160000133032B11D8836502230BFB014080F8D8
:10A170005C3052F80C3023F0804343F0004342F847
:10A180000C3009E780F85C3006E700238365042380
:10A19000EBE700BF0000F81F90F8B832012B0CD09D
:10A1A000012310B50446006884F8B83204F0B4FC0A
:10A1B0000023184684F8B83210BD0220704700BF53
:10A1C000F8B505460E461746701C2C682CD1A369BD
:10A1D000990727D4A369DA06F9D5A3699A06FCD5AD
:10A1E00020231022E261E361A3699F0701D50023C8
:10A1F000A362A369DE0703D4A36943F00103A3614B
:10A20000636800221B4820210340012063606B6CBF
:10A2100085F8402043F004036B6485F8411085F80D
:10A220004220F8BD0020F8BDA3699B07FAD4A369BA
:10A23000D9061BD4F7F776F8C01BB04201D8002E20
:10A24000C2D16B6C2021002201200B4385F84020F5
:10A250006B6485F8411085F84220F8BDF7F762F885
:10A26000C01B8642EDD3002EEBD02C68A3699B0661
:10A27000F4D5B5E700E800FEF8B505460E461746EA
:10A280002C68A3699B0649D4A369DA0626D5731CFA
:10A2900038D1A3699E06FCD520231022E261E36138
:10A2A000A369990701D50023A362A369DA0703D440
:10A2B000A36943F00103A3616368002218482021C9
:10A2C0000340012063606B6C85F8402043F0040379
:10A2D0006B6485F8411085F84220F8BDF7F722F845
:10A2E000C01BB04201D8002ECAD16B6C20210022C5
:10A2F00001200B4385F840206B6485F8411085F8F8
:10A300004220F8BDA3699806C6D4F7F70BF8C01B26
:10A310008642EAD3002EE8D02C68B8E70020F8BDCA
:10A3200000E800FE00284ED010B590F841300446F9
:10A3300003F0FF02002B41D023682421626884F8D7
:10A340004110196822F07062E06821F001010128D3
:10A3500019601A619A6822F400429A60A26829D0B2
:10A3600042F4044202289A6002D14FF400625A601B
:10A3700058684FF0200C1549226901435960D9688B
:10A3800021F40041D960D4E90501024342EA0122E7
:10A39000D4E90710DA6000220143104619601968F9
:10A3A00041F001011960626484F841C0226384F8BD
:10A3B000422010BD42F400429A60D9E780F8402064
:10A3C000FCF72CFCB8E70120704700BF00800002BA
:10A3D0002DE9F047984690F84130089E202B40F038
:10A3E000878090F840300446012B00F081800123E3
:10A3F0008946174680F84030F6F794FF054604E09A
:10A40000F6F790FF401B192875D82368986910F457
:10A410000040F5D1212267626063C9F3090784F81F
:10A420004120102284F842206064A4F82A80628DC2
:10A4300092B2FF2A6DD8628D494892B2D1B222857C
:10A440005A6802403A4342EA014246491143596080
:10A45000DFF81C814FF0FF0ADFF81891638D2A4660
:10A46000314620469BB2002B30D0FFF7A9FE0028D2
:10A4700073D1606A216810F8012B238D8A62628D86
:10A48000013B6062013A9BB292B223856285628D84
:10A4900092B2002BE2D1002AE0D0701C43D18B692C
:10A4A0001A06FCD5638D9BB2FF2B48D94B682A4610
:10A4B000A4F828A0204603EA08033B4343EA090323
:10A4C0004B603146638D9BB2002BCED1FFF7D4FE9B
:10A4D000002842D123682021234DD9615A682A409F
:10A4E0005A6084F8411084F8400084F8420000E08B
:10A4F0000220BDE8F087636C2021002201200B437D
:10A5000084F84020636484F8411084F84220BDE858
:10A51000F0875A6812490A4014493A431143FF220E
:10A520002285596094E78B691B06BBD4F6F7FAFEC7
:10A53000401B8642DFD3002EDDD02168ADE7638D5E
:10A540009BB2DAB223854B6803EA080343EA02436D
:10A550003B4343F000734B6080E70120BDE8F08788
:10A56000009800FC0020008200E800FE0020FF812F
:10A57000009C00FC0000FF012DE9F0471F4690F809
:10A580004130202B40F08E8004460D46002900F01B
:10A590008380B2FA82F916464FEA5919002A7BD015
:10A5A0005FFA83FA90F84030012B7BD0012380F8CA
:10A5B0004030F6F7B7FE212365628046256884F8AF
:10A5C000413084F842A0C4F8449066856B68C4F8B2
:10A5D000349023F400436B607B1C66D1AE69360770
:10A5E000FCD50823EB61E368022B06D0AE69F603C5
:10A5F00028D4AE69F603F9D524E0AB691907FCD578
:10A600000823EB617B1CF1D0AB69DD031AD4F6F7AC
:10A6100089FEA0EB0800874253D3002F51D0256854
:10A62000F0E7424639462046FFF7CAFD00285BD1D5
:10A63000636A226813F8011B9162658D6362013DB4
:10A64000ADB26585638D9BB2002BEAD14246394697
:10A650002046FFF711FE00284DD02268536843F4CE
:10A6600000435360636C042B54D1002363642023A4
:10A67000D361781C41D193691904FCD4516800233B
:10A68000202041F40041516084F84100184684F8CC
:10A69000423084F8403003E04FF4007301206364DB
:10A6A000BDE8F0870220BDE8F087AB69180733D416
:10A6B000F6F738FEA0EB0800874202D30FB12568F9
:10A6C0008AE7636C202000212268034384F840104D
:10A6D000636484F84100012084F84210536843F415
:10A6E00000435360BDE8F08722680120536843F4BB
:10A6F00000435360D4E72268B9E793691B04BDD5D2
:10A70000F6F710FEA0EB08008742DAD3002FD8D06E
:10A710002268AEE70120C3E70823EB61E368022B60
:10A720007FF470AF08E0F6F7FDFDA0EB080087426C
:10A73000C7D3002FC5D02568AB691A07F3D55FE7EB
:10A740000268436B9169126803B11847704700BFF4
:10A7500090F84100704700BF90F84120202A23D193
:10A760005FFA82FC90F840200346012A1CD0026860
:10A77000242000B583F841004FF0000E106820F04F
:10A7800001001060106820F48050106010680143D0
:10A7900070461160116841F00101116083F841C0F9
:10A7A00083F840E05DF804FB0220704790F84120F8
:10A7B000202A22D1034600B55FFA82FE90F840209D
:10A7C000012A1CD0026824204FF0000C83F84100BD
:10A7D000106820F001001060106820F4706040EAFA
:10A7E000012160461160116841F00101116083F898
:10A7F00041E083F840C05DF804FB0220704702206E
:10A800005DF804FB2DE9F04F076889B0044638462F
:10A8100004F0B0F810B109B0BDE8F08F82462068AE
:10A8200004F058F80028F6D0206804F053F810F02F
:10A83000020F206803D0436903F00203436104F070
:10A8400049F810F4002B206840F0508104F042F8E1
:10A8500010F4802F206840F0EB8004F03BF80028D3
:10A8600074DB206804F036F8000564D4206804F036
:10A8700031F8020114D52268536903F00063536173
:10A8800094F8F433002B40F095810121204684F8A0
:10A89000F413536DC3F38303C4F8F83300F024FCBE
:10A8A000206804F017F8C3047BD4206804F012F881
:10A8B00010F4005F20685DD104F00CF810F0100F68
:10A8C000206812D0836923F0100383613D6AC5F3C9
:10A8D000434305F00F06022B00F03182062B00F0F7
:10A8E0007F81836943F01003836103F0F3FF07075F
:10A8F00000F15781206803F0EDFFC60200F14681A8
:10A90000206803F0E7FF850200F13581206803F03D
:10A91000E1FF400000F12681206803F0DBFF4107E2
:10A920007FF579AF23685D686A0700F129825A686C
:10A930002A435A606FE7D7F80838D90700F11C821C
:10A940002068436903F40063436190E7D7F8043853
:10A9500023F00103C7F8043894F8F433012B00F016
:10A9600038812046FEF7EAFC2068436903F0004383
:10A97000436177E704F002F8206803F0E7FC2568FC
:10A98000E060F8F7A3FF227B0146284603F042FC73
:10A990002046FEF7A9FC2068436903F40053436195
:10A9A0008AE7D7F804381021206807F5006523F0FE
:10A9B00001036B6003F0B0FC6068B0B107F5106391
:10A9C0004FF67F3199600AF1010A1A6820338245F7
:10A9D00022F4001243F8202CC3F8E811D3F8E02148
:10A9E00022F40012C3F8E021ECD1EB6943F001132B
:10A9F000EB61236B002B40F0E1806A6942F22B038C
:10AA000013436B612B6943F00B032B61D7F80038BC
:10AA100004F57172217C23F4FE632068C7F80038C6
:10AA200003F0C8FF2068436903F4805343613DE7A6
:10AA300003F068FF80462068B8F1000F00F0E58061
:10AA4000264607F510694FF0000BCDE9037A09E0BF
:10AA50005FEA58080BF1010B06F11C0609F1200909
:10AA600000F0D58018F0010FF2D05FFA8BF739466D
:10AA700003F064FFC30705461FD50BF00F030399CE
:10AA800001229A40D1F8343823EA0203C1F834385D
:10AA90000123C9F808302369012B03D1D6E911231A
:10AAA0001344B36439462046FEF710FC2369012B9A
:10AAB00003D1BBF1000F00F0AC81280702D50823B9
:10AAC000C9F80830E90602D51023C9F808306A062B
:10AAD00002D54023C9F80830AB0702D50223C9F8D4
:10AAE00008302D0600F1C6802068B1E703F0FCFEB7
:10AAF00005462068002D00F0868007F53066A146E7
:10AB00004FF0000B049707E06D080BF1010B06F105
:10AB1000200609F11C097DD0EB07F5D55FFA8BF112
:10AB2000039103F0FDFE10F0010F8046039973D1ED
:10AB300018F0080F40F0F280206818F0100F01D0D4
:10AB40001023B36018F0200F05D02169012900F00F
:10AB50005A812023B36018F4005FD5D04FF400531E
:10AB6000B360D1E72046FEF7F5FB2068436903F0A8
:10AB700080434361D1E620465FFA8BF1FEF7E2FBAA
:10AB80002068436903F400134361C0E620465FFA7E
:10AB90008BF1FEF7DBFB2068436903F4801343610C
:10ABA000AFE62046FEF79CFB2068436903F00803EC
:10ABB0004361A0E62046FEF7A9FB71E6D5F8843094
:10ABC00043F00B03C5F884306B6C43F00B036B64EC
:10ABD0001CE70021204684F8F41300F085FAC3E650
:10ABE000C6EBC606082204F57171384603F0F0FD85
:10ABF000C5F30A1304EB86022068D2F814120B4442
:10AC0000C2F814326DE6AB4620E6C34625E6DDE920
:10AC1000037A22E6049F19E6206801232769B360BE
:10AC200000F53063012FD0F840E003EB4B139A6836
:10AC300000F0C580984FBE4540F0BD80170440F13C
:10AC4000B6804FF4004218F0080F9A603FF475AFD9
:10AC5000026C986890498A4200F0978020460392DF
:10AC6000FEF724FB8D4B039A9A4200F2968008234C
:10AC7000B36061E7D6E91453D4F800A0AB42504664
:10AC80003FF6E6AE0AF51062716CCDF81CA002EB3F
:10AC90004B120592EA1A8A4228BF0A460599896929
:10ACA000033289B2B1EB920FC0F0A980CDF81890B1
:10ACB000C146A046059C1AE0736C3A46B16C5046FA
:10ACC0009D4228BF1D4698F810300093ABB203F0A8
:10ACD00069FDB36CA1692B4489B2B364736D2B44D5
:10ACE0000335B1EB950F7365C0F08180356D9D42E2
:10ACF000A5EB0305E0D84446C846DDF81890D4F823
:10AD000000A0079B0122504603F500610BF00F03E2
:10AD10009A404B6B23EA02034B6399E62268216950
:10AD200002F53063126C012903EB4B13986891D143
:10AD30005A498A4229D82046FEF7B8FA97E747F6DB
:10AD4000F0731D423FF4CDADC6EBC606C5F30A1243
:10AD5000384604EB86061546D6F8081203F038FD8F
:10AD6000D6F8083220682B44C6F80832D6F81432D8
:10AD70002B44C6F81432B4E52046FEF7C7FADFE5E7
:10AD80002046FEF7EBFA2368D1E5020402D54FF422
:10AD900000429A602046FEF789FA216901297FF472
:10ADA00066AF04F57172206803F004FE5FE7900659
:10ADB00001D520229A602046FEF77EFAB8E61707F2
:10ADC00032D536498E4504D9120402D54FF40042DB
:10ADD0009A6020460393FEF769FA04F57172012127
:10ADE000206803F0E7FD0822039B9A60A0E6444632
:10ADF000356DC846DDF81890D4F800A050469D4245
:10AE00003FF626AE7DE704F5717203F0D3FD2068AE
:10AE10009FE6236D002B7FF450AE04F57172012183
:10AE2000206803F0C7FD48E6970608D520229A60FF
:10AE300018F0080F3FF481AE026C986878E712F0C2
:10AE4000280FF5D1154FBE4505D9120403D54FF48F
:10AE500000429A60ECE71B692046D9F80422C3F34C
:10AE60001203D31AC9F81432D9F808321344C9F8B6
:10AE70000832FEF721FABBF1000F7FF459AED4F887
:10AE80001032002B7FF454AE04F57172012120685A
:10AE900003F090FD4CE600BF0A31544F0A30544F86
:10AEA00090F8BC23012A0ED0012210B50446006898
:10AEB00084F8381084F8BC2303F0FAFC0023184609
:10AEC00084F8BC3310BD0220704700BF10B501F0FC
:10AED0000F0E0906044627D44FF01C0C0CFB0E0C79
:10AEE0000CF5FE71CEEBCE0C00EB8C0C00208CF838
:10AEF000FD018A604A7881F800E0CB700AB1A1F8C0
:10AF000006E0022B01D100230B7194F8BC33012B16
:10AF100018D00123206884F8BC3303F029FA0023F9
:10AF2000184684F8BC3310BD1C204FF0010C00FB08
:10AF30000E4000F13C01CEEBCE0004EB800080F827
:10AF40003DC0D6E7022010BD10B501F00F041C2152
:10AF5000C4EBC40C01FB040100EB8C0C01F5FE7189
:10AF6000CCF810320023CCF808228CF8FC41CCF845
:10AF700014328CF8FD3103690068012B08BFCCF84E
:10AF80000C22DAB21CB903F053FB002010BD03F011
:10AF900037FA002010BD00BF10B501F00F041C21CE
:10AFA000C4EBC40C01FB040100EB8C0C3C31CCF86D
:10AFB00050300023CCF84820CCF8543001238CF8D2
:10AFC0003C408CF83D3003690068012B08BFCCF889
:10AFD0004C20DAB21CB903F02BFB002010BD03F0AB
:10AFE0000FFA002010BD00BF38B5436801F00F050F
:10AFF0009D4234D80B0604461DD41C22C1EBC1036C
:10B0000002FB010100EB8303002201F5FE7183F8CE
:10B01000FD2101230D708B7094F8BC239A421CD043
:10B02000206884F8BC3303F0E3FBD5B10023184655
:10B0300084F8BC3338BD1C21C5EBC503012201FBDC
:10B04000050100EB83033C3183F83D2001230D70A3
:10B050008B7094F8BC239A42E2D1022038BD0120C3
:10B0600038BD04F57172217C206803F0A3FCDDE794
:10B07000426838B501F00F03934232D811F0800FC7
:10B0800004464FF01C01C3EBC30219D101FB03417D
:10B09000002004EB8202002501F5FE7182F8FD011B
:10B0A0000B708D7094F8BC33012B18D001232068ED
:10B0B00084F8BC3303F0D0FB284684F8BC5338BD79
:10B0C00001FB0341012004EB820200253C3182F8A0
:10B0D0003D000B708D7094F8BC33012BE6D102203B
:10B0E00038BD012038BD00BF704700BF38B5114BD7
:10B0F000DA68520704D4DB6803F00703834214D1F3
:10B100000C4CE36823F007031843E060F6F70AF9F4
:10B11000054605E0F6F706F9401BB0F57A7F06D83C
:10B1200063689B04F6D5002038BD012038BD03209C
:10B1300038BD00BF00480258024AD36843F080730C
:10B14000D36070470048025870B44D6A15B1B2F12F
:10B15000406F3AD18B691BB30C6A002C4CD08E68BF
:10B160000068C661CE69002E69D02B431343234388
:10B17000CC6A334323430C6B23434C6B23430C694E
:10B180002343CC6823430C6823434C69B2F1406FDE
:10B1900043EA8443436165D04B6870BC8361704768
:10B1A0000B6ABBB100682B438C68CE69C461002E6A
:10B1B0006BD01343CC6A334323430C6B23434C6B58
:10B1C00023430C692343CC68DEE78B6A0468013BA8
:10B1D0002361BFE7CB69002B66D1002D42D0CB6A3B
:10B1E0000C6B2B43006813434A6923434C6B234386
:10B1F00043EA8243436135E0CC6945EA030C002C05
:10B2000032D003684CEA0200B2F1406F40EA040019
:10B21000CC6A40EA04000C6B40EA04004C6B40EA44
:10B220000400CC6840EA04000C6840EA04004C6961
:10B2300040EA8440586115D04A689A6112E045EAB4
:10B24000030C0D694CEA0203CA6A23431343D1E994
:10B250000C4223430C6813434A692B43234343EABC
:10B260008243436170BC7047CC6A4CEA02030068B9
:10B270002343D1E90C4223430C6813434A69234317
:10B2800043EA824370BC43617047CC6A1343234353
:10B29000D1E90C4223431343D1E90442234343EA57
:10B2A000824370BC436170472B43CD6A0C6B1343E0
:10B2B00000682B4323434C6B84E700BF70B5044602
:10B2C000F6F730F8002C54D094F84030012B52D0CF
:10B2D0000123064684F8403094F8413003F0FF0221
:10B2E000002B34D0A56C2268A1681368013923F4BF
:10B2F000706343EA0123136001E06B1C31D1936852
:10B3000013F02003F9D1E069E16815680143206A70
:10B310000143606841EA00611C48284001436069BC
:10B320001160A16955680143206941EA004118484C
:10B3300028400125014318465160116829431160D6
:10B34000636484F84150002384F8403070BD204687
:10B3500084F84020FCF7B8F841F288331D46A36416
:10B36000C1E7F5F7DFFF801BA84206D82DB12268A0
:10B37000C5E7012070BD022070BD0423012084F8C0
:10B380004130636C03436364DDE700BF2FFFFF00C0
:10B39000FEF8E0FFC8B110B590F840300446012B2C
:10B3A00011D00268012380F84030136823F00103B4
:10B3B0001360FCF717F900236364184684F84130E2
:10B3C00084F8403010BD022010BD0120704700BF3E
:10B3D0002DE9F04104460E461546F5F7A3FF94F813
:10B3E0004030012B3AD0012384F8403094F84130AA
:10B3F000012BDFB206D002270023384684F8403004
:10B40000BDE8F081002380466364022384F8413064
:10B41000681C23680ED19A6812F02002FBD13146D5
:10B420002046FFF791FE736AE3B10123002784F8F9
:10B430004130E1E79A6812F020021ED0F5F772FF62
:10B44000A0EB0800854201D3002DE1D1042384F84C
:10B450004130636C43F001036364CDE70227384653
:10B46000BDE8F081226893689B07FCD50221012387
:10B470000027D16084F84130BEE731462046FFF70F
:10B4800063FE736A43B1D0E7F5F74CFFA0EB080009
:10B490008542DBD3002DD9D0226893689907F3D574
:10B4A000E4E700BF2DE9F843044689461546F5F761
:10B4B00039FF94F840302768012B67D0012384F8C6
:10B4C000403094F84130012B5FFA83F807D04FF0F9
:10B4D00002080023404684F84030BDE8F88300238A
:10B4E0006364B9F1000F56D01223064684F8413048
:10B4F0003B690133E3623B69C4F824900133A362E2
:10B500007B6923F040637B61E36A002B31D06A1CC6
:10B51000394611D18B685B07FCD5636A1B7887F8C5
:10B520002030E26A636A013A0133E262E26A6362EE
:10B53000F2B16A1C2168EDD08B685807EDD4F5F79D
:10B54000F1FE801B854201D3002DF2D1042384F843
:10B550004130636C43F00103636413E0BB689B07F5
:10B560000CD4F5F7DFFE801B8542EFD3002DEDD024
:10B570002768691CF2D1BB689A07FCD502234FF0FB
:10B580000008FB60012384F84130A2E74FF0020875
:10B590004046BDE8F883636C43F00803636498E7B2
:10B5A0002DE9F843044615468946F5F7BBFE2768A2
:10B5B000BA6994F84030012B6CD0012384F84030F4
:10B5C00094F84130012B5FFA83F807D04FF002085E
:10B5D0000023404684F84030BDE8F88300236364CC
:10B5E000B9F1000F5BD02223064684F841303B6955
:10B5F0000133A3633B69C4F83090013363637B6913
:10B6000023F0406343F080637B61BA61A36B002B3E
:10B6100033D0681C394612D18B6813F0060FFBD06B
:10B6200097F82020236B1A70A26B236B013A013329
:10B63000A263A26B2363FAB1681C2168ECD08B680B
:10B6400013F0060FECD1F5F76DFE801B854201D398
:10B65000002DF1D1042384F84130636C43F00103E1
:10B66000636413E0BB689B070CD4F5F75BFE801B9B
:10B670008542EFD3002DEDD02768691CF2D1BB685D
:10B680009A07FCD502234FF00008FB60012384F8E1
:10B6900041309DE74FF002084046BDE8F883636CF7
:10B6A00043F00803636493E72DE9F84F04461F460F
:10B6B00089469046F5F736FE94F84030012B52D07B
:10B6C000012384F8403094F84130012B5FFA83FB6A
:10B6D00007D04FF0020B0023584684F84030BDE8F5
:10B6E000F88F002382466364422384F841307A1C39
:10B6F00026682CD1B568AB06FCD4D8F80030494692
:10B700002046B362D8F804307362D8F80830F36288
:10B710003268D8F8103022F440021343D8F80C20D5
:10B7200043F480033360C9F828204FF00062FFF72C
:10B730000BFD781C22681BD193681907FCD50821E2
:10B7400001234FF0000BD16084F84130C3E7B368A8
:10B750009D06D2D5F5F7E6FDA0EB0A00874212D38D
:10B76000002FC4D10FE04FF0020B5846BDE8F88F10
:10B7700093681B07E3D4F5F7D5FDA0EB0A008742D9
:10B7800001D3002FD5D1042384F84130636C43F0FA
:10B79000010363649FE700BF2DE9F04704460F46AD
:10B7A0001646F5F7BFFD94F84030012B45D0012334
:10B7B00084F8403094F84130012B5FFA83F907D0C8
:10B7C0004FF002090023484684F84030BDE8F08776
:10B7D00000238046D4F848A06364822384F8413073
:10B7E000BAF1FF3F256814D1AB689A06FCD42B68E8
:10B7F000726823F00803082A43EA02032B6021D071
:10B800004FF04062394620464FF00009FFF79CFC9C
:10B81000D8E7AB689B06EAD5F5F784FDA0EB0800F6
:10B82000824502D3BAF1000FDAD1042384F8413003
:10B83000636C43F001036364C4E74FF002094846B8
:10B84000BDE8F087326810232A63EB602B6843F46D
:10B8500080132B60D4E700BF704700BF08B5006CB1
:10B8600000238363C36290F84130082B0BD1036837
:10B870000222DA601A6842F400321A601A6842F052
:10B8800002021A6008BD012380F84130FFF7E4FF8F
:10B8900008BD00BF704700BF704700BF704700BFC2
:10B8A000704700BF704700BF704700BF704700BFC0
:10B8B00038B5036804469A68196855070ED54803D9
:10B8C0000CD594F84120122A75D094F84120222AF0
:10B8D00000F0A1802046FFF7E5FF38BD950726D58B
:10B8E000880324D50222DA601A6822F4E0221A6062
:10B8F00094F84120122A7AD094F84120222A00F0AC
:10B90000A98094F84120022A00F0D08094F84120C8
:10B91000082AE2D15A690121204622F040625A6188
:10B9200084F84110636C3BBBFFF7B4FF38BD1507CB
:10B9300025D4D50735D5C80333D50125DD601A6870
:10B9400022F470221A60626C42F0020262641A6889
:10B95000520779D51A68E06B22F004021A60574B3F
:10B96000836504F0FFFE0028B7D0636C204643F0E7
:10B970000403636484F84150FFF76EFF38BD080389
:10B98000D7D50822DA601A68520206D51A68012152
:10B9900022F410221A6084F841102046FFF784FF39
:10B9A00038BDD00699D5CA0297D510222046DA6054
:10B9B000FFF77CFF38BD9A6850078BD518460EE01C
:10B9C000626A127883F82020E16A20680139626A8D
:10B9D000E1620132816862624D077FF57BAFE26A06
:10B9E000002AEDD1036823F48023036072E71A680C
:10B9F000510709D51A68E16B22F0040209681A6040
:10BA0000CB6823F00103CB600123204684F841304A
:10BA1000FFF746FF38BD9A6852077FF55BAF1846BF
:10BA20000EE093F82010226B1170A16B2068013991
:10BA3000226BA16301328168226349077FF54AAF17
:10BA4000A26B002AEDD1CDE7204684F84150FFF7E4
:10BA500003FF38BD1A6852071DD49A6812F47C5F40
:10BA60000FD111E093F82010226B1170A16B2068A8
:10BA70000139226BA16301328168226311F47C5F7A
:10BA800002D0A26B002AEDD10123204684F8413078
:10BA9000FFF704FF38BD1A68E16B22F00402096861
:10BAA0001A60CB6823F00103CB60EDE70123204649
:10BAB00084F84130FFF7F0FE38BD00BF5DB80008E4
:10BAC000F8B501680546AC4B99421FD02033994226
:10BAD0001CD003F57873994258D02033994255D041
:10BAE00003F57873994200F01E812033994200F0EB
:10BAF0001A8195F89130A14E03F0FF026BB92846E8
:10BB000085F89020FBF756FE296806E09C4E95F8D4
:10BB1000913003F0FF02002BF1D09A4B9A4A1B6838
:10BB2000A2FB03230A681B0B22F480329B000A60ED
:10BB300023B30C68013B14F48034F9D1022385F857
:10BB40009130EB68012B00F01081022B15BF032010
:10BB500023200227222715BF4FF0010C4FF0210CA4
:10BB600000222022AB68013B042B00F24B81DFE86E
:10BB700013F0CF001000D6000F00D200D5F894309B
:10BB8000012043F04003C5F89430F8BD7F4EBEE776
:10BB90003A464FF400672B6A3260002B44D0764B54
:10BBA000994200F01E817A48081AB0FA80F04009E4
:10BBB000002840F01681774B994200F00C81203329
:10BBC000994200F00881744B994200F0FE802033C6
:10BBD000994200F0FA80714B994200F00881704B55
:10BBE000994200F00A81AB6900EB8000B3F5002FA9
:10BBF0004FEA400300F0E280AA6A296AB2F1806F3E
:10BC00000CBF0222012201FB02F21202B3FBF2F38B
:10BC1000644AA2FB0312D20802EB8201A3EB4103A8
:10BC2000092B08BF01326A626B6833F002032B6D87
:10BC300040F09680012B14BF4FF400740024F5F7F8
:10BC400089FB696CB0F5005FD5E9003242EA010278
:10BC5000A96C42EA0102E96C42EA0102E96A42EA9D
:10BC60000102696942EA010272D3A96918680A43AC
:10BC7000A96A0A434C490140196029690A431968B5
:10BC80000A43696A42EA015248493A4322431A6028
:10BC90005A68286B1140EA690243686B5960024395
:10BCA00059680A4342495A609A6811406A6E99601D
:10BCB000E96D98680A43296E0A43696D01390A43A0
:10BCC000A96D013942EA012202434FF220009A6035
:10BCD000D968AA6E0140D960E96ED8680A43696FD5
:10BCE00042EA0142296F013942EA01222249024314
:10BCF0008B42DA6019D0294A934216D000230122E0
:10BD0000C5F89430184685F8903085F89120F8BD34
:10BD10004FF480673FE702464FF400673BE7624617
:10BD20004FF4006737E7234EF1E6736C23F001030D
:10BD3000736495F83830012BE0D1D5E90F23013A2F
:10BD400043EA02137364736C43F001037364D5E731
:10BD5000A96918680A43184901401960A96A8DE762
:10BD6000012B08BF4FF4007469E7132012274FF02E
:10BD7000110C1022F6E600BF045801400054005890
:10BD800000580140440200241BECCB95005C0140AC
:10BD900024580140045C01400460014004540058F0
:10BDA00024540058CDCCCCCC10C005F0F01FFFFFC0
:10BDB0000080F8FF0060014010C005F82A6A696D34
:10BDC00001FB02F2B3FBF2F322E74FF40070F8F745
:10BDD00049FE2968FFE64FF40070F8F743FE296832
:10BDE000F1E64FF48070F8F73DFE2968E3E64FF482
:10BDF0008060F8F737FE2968F1E64FF40060F8F745
:10BE000031FEF0E60027C6E6022938B5044635D9EA
:10BE1000C81E012830D8002023676064E064E06514
:10BE2000A0664FF6FF706067606830F002000CBFDC
:10BE30000125002504294FF4003125650CBF0120A0
:10BE40000D2021664FF48021A0656166032A13D876
:10BE5000DFE802F0474E54362368484A934205D043
:10BE600002F1C052A2F58232934205D16368012BE0
:10BE700002D1636C002B2FD0012038BD0020236736
:10BE80006064E064A066606830F0020014BF0120C6
:10BE9000002020654FF48030E0654FF6FF7060674A
:10BEA00013F00100E8D14D1E012D29D860664FF432
:10BEB00000302066032ADFD8DFE802F05546362C32
:10BEC000E0215B018022A1646365E266F5F742FA36
:10BED00094F83830012BBFD02046BDE83840FFF73A
:10BEE000EFBD80211B014022A1646365E266EDE79E
:10BEF00080225B01A2646365E266E7E7C021E0E7B8
:10BF000020664FF480206066032AB5D8DFE802F08F
:10BF10002B1C0C025B08E02080219A01A0645B01CD
:10BF2000E166C4E91523D1E75B08C0228025022918
:10BF30004FEA8310A2644FEA4313E5666065A36588
:10BF4000C4D10823A366C1E75B08802202294FEA17
:10BF50008310A2644FEA4313E266C4E91503B5D126
:10BF60001023A366B2E75B08802040215A01A06439
:10BF70001B01E166C4E91523A8E700BF045801408E
:10BF80002DE9F8430F4604461546F5F7CBF9002F87
:10BF900061D0B5FA85F84FEA5818002D5BD094F8B7
:10BFA0009130012B5FFA83F950D194F89030012B36
:10BFB0004CD04346C4F894800646D4F8800065F31C
:10BFC0000F03226884F89090394665F31F43A767F2
:10BFD0001C32E3672B46122584F891502E4DC0F891
:10BFE000508005642D4DC5632D4DC564F6F71AFBD1
:10BFF00000283ED1636C082B636831D00521612293
:10C00000023B012B98BF1146226813690B43136151
:10C01000136843F40033136006E0F5F783F9831BDC
:10C02000B3F57A7F2AD82268556915F4E025F4D053
:10C030001368DB0303D4136843F4803313600023D5
:10C04000994684F890304846BDE8F8834FF00209DD
:10C050004846BDE8F8834FF001094846BDE8F8833B
:10C0600023F00202012A0BBF152105217122612252
:10C07000C6E7484684F89080BDE8F883D4F8943049
:10C080004FF0030984F8905043F040034846C4F849
:10C090009430BDE8F88300BFE1C1000879C1000811
:10C0A00061C20008F8B500294ED0B2FA82F51346F5
:10C0B0006D09002A48D090F891200446012AD6B292
:10C0C0003FD190F89020012A3BD081670A4629464B
:10C0D000222780F8906063F30F01C0F8945063F357
:10C0E0001F41C167D0F8840084F891701E4F216809
:10C0F00007641E4F1C310565C7631D4FC764F6F703
:10C1000091FA20BB23681A68D20303D41A6842F458
:10C1100080321A60626C082A62681CD00521612096
:10C12000023A012A98BF01461A6900200A430646CE
:10C130001A611A6842F400321A6084F8900030469E
:10C14000F8BD02263046F8BD01263046F8BD30461F
:10C1500084F89050F8BD22F0020101290BBF15218F
:10C16000052171206120DBE751C20008EDC1000804
:10C1700061C20008704700BF08B5C369806BB3F5A2
:10C18000807F1BD003684FF0000C416C1A680829AF
:10C19000A0F87EC022F400321A60426811D06FF01D
:10C1A000610C6FF00501023A012A98BF61461A69D5
:10C1B0004FF0010C0A401A6180F891C0FFF7DAFFD6
:10C1C00008BD22F0020101290BBF6FF0710C6FF066
:10C1D000610C6FF015016FF00501E4E7704700BFD7
:10C1E000806B08B5FFF7FAFF08BD00BF08B5C3694B
:10C1F000806BB3F5807F1BD003684FF0000C416C5F
:10C200001A68082922F400321A604268A0F87EC039
:10C2100011D06FF0610C6FF00501023A012A98BF4E
:10C2200061461A694FF0010C0A401A6180F891C00A
:10C23000FBF7C6FB08BD22F0020101290BBF6FF01E
:10C24000710C6FF0610C6FF015016FF00501E4E700
:10C25000806B08B5FBF778FB08BD00BF704700BFD7
:10C2600010B5846BF6F7E8FE022823D0D4F89420AA
:10C27000216842F08002134B1348C4F894201B68D5
:10C280000A68A0FB030322F400321B0B0A600A6851
:10C290009B0022F480320A606BB10A68013BD20332
:10C2A000FAD401220023204684F89120A4F87E309D
:10C2B000FFF7D4FF10BDD4F8943043F04003C4F826
:10C2C0009430EEE7440200241BECCB9518B338B54C
:10C2D00090F82C3004460D4603F0FF02B3B121461E
:10C2E000022384F82C3051F8040B01F0E7FE626859
:10C2F0002946206801F020FF084A01210020136828
:10C3000043F00043136084F82C1038BD80F82D20D2
:10C31000F8F7B6FFE3E70120704700BF0040005286
:10C3200070B590F82C300446022BD8B204D000F03F
:10C33000FB06012E01D0012070BD02230D462068AE
:10C3400084F82C3001F044FF2B68022B03D000202E
:10C3500084F82C6070BD0523002084F82C3070BD5B
:10C3600038B590F82C300446022BD8B205D094F89A
:10C370002C30012BDDB201D0012038BD0223206812
:10C3800084F82C3001F038FF002084F82C5038BDA0
:10C390002DE9F8431E46D0F88030202B71D1894614
:10C3A000002947D0B2FA82F714467F09002A41D00B
:10C3B00090F87C300546012B63D00123C0F88870CB
:10C3C00080F87C302123C0F88030F4F7ABFFAB68F5
:10C3D0008046A5F85440B3F5805FA5F8564060D07C
:10C3E000B5F856309BB2002B59D02C68721C24D162
:10C3F000E2691306FCD5B9F1000F3DD019F8013BF5
:10C40000A362B5F85630013B9BB2A5F85630B5F89B
:10C4100056309BB2002BE9D1711C35D1E3695A0625
:10C42000FCD5002320221846C5F8802085F87C30F2
:10C43000BDE8F8830120BDE8F883E3691806DAD483
:10C44000F4F770FFA0EB0800864201D3002ECCD198
:10C450002B682021002403201A6822F4D0721A606D
:10C460009A6822F001029A60C5F8801085F87C4035
:10C47000C5F88410BDE8F88337F8023BC3F308031E
:10C48000BEE70220BDE8F883E3695B06C9D4F4F790
:10C4900049FFA0EB08008642DAD3002ED8D02C68E2
:10C4A000BAE72B69002B9BD14F46994698E700BF0E
:10C4B000F8B5D0F88070202F44D1002940D0B2FACE
:10C4C00082F67609002A3BD0044690F87C000128C9
:10C4D00038D001252123606FA4F856202165C4F8C7
:10C4E0008860A4F8542084F87C50C4F88030D8B117
:10C4F000DFF854C013462268C0F83CC0DFF84CC0D7
:10C5000028320665C0F840C0DFF844C0C0F84CC00F
:10C51000F6F788F840B11023284684F87C60C4F808
:10C520008830C4F88070F8BD23680022402110468E
:10C53000196284F87C209A6842F080029A60F8BD03
:10C540000120F8BD0220F8BD01C6000831C6000870
:10C5500081C60008F8B5D0F88470202F48D1002992
:10C5600044D0B2FA82F67609002A3FD090F87C30A7
:10C570000446012B3CD001252223C0F88860816548
:10C58000A0F85C2080F87C50C0F88430806FE0B167
:10C59000DFF860C013460A462168C0F83CC0DFF8E7
:10C5A00058C024310665C0F840C0DFF850C0C0F85C
:10C5B0004CC0F6F737F840B11023284684F87C6069
:10C5C000C4F88830C4F88070F8BD2368002084F86F
:10C5D0007C001A6842F480721A609A6842F0010284
:10C5E0009A609A6842F040029A60F8BD0120F8BD56
:10C5F0000220F8BD3DC6000875C6000881C60008C7
:10C6000008B5C369806BB3F5807F0CD00368002246
:10C61000A0F856209A6822F080029A601A6842F0C8
:10C6200040021A6008BDFCF7EDF808BD704700BF76
:10C63000806B08B5FFF7FAFF08BD00BF08B5C369F6
:10C64000806BB3F5807F12D0036800222021A0F810
:10C650005E201A6822F480721A609A6822F0010241
:10C660009A609A6822F040029A60C0F88410FCF741
:10C67000CDF808BD806B08B5FCF712F908BD00BF06
:10C68000806B38B50368D0F88040D0F884109A6881
:10C69000150601D5212C1DD09A68520601D52229F4
:10C6A00008D0D0F8883043F01003C0F88830FCF789
:10C6B0003FF938BD00240F4A2025A0F85E401968D4
:10C6C00021F49071196099680A409A60C0F884500A
:10C6D000C466E6E700222024A0F856201A6822F05B
:10C6E000C0021A609A6822F400029A60C0F8804082
:10C6F000D2E700BFFEFFFFEF0268D36970B51E07E7
:10C7000015680446916800F084806C4805F4907CBC
:10C7100008405CEA00061DD1D80202D54E0200F1A5
:10C720009D80180606D501F4000105F08000014344
:10C7300040F08C805E0602D5680600F19B801902ED
:10C7400002D56A0000F1A380DB0102D5002DC0F202
:10C75000AA8070BDDE0709D5EE0507D50126166251
:10C76000D4F8886046F00106C4F888609E0760D55A
:10C77000CE0709D502261662D4F8886046F0040672
:10C78000C4F888605E0758D41E070CD505F0200C4D
:10C790005CEA000007D008201062D4F8880040F05E
:10C7A0000800C4F88800D4F888000028D1D09E067C
:10C7B00006D505F0200501F0805155EA01036BD143
:10C7C000D4F88850936805F0080503F040031D4332
:10C7D0006ED0116820203A4B21F49071116091685D
:10C7E0000B4000219360C4F884009368E1665D0605
:10C7F0003CD59368A06F23F040039360002835D0A8
:10C80000304B0365F6F72EF80028A2D0A06F036D19
:10C810000CE09E0680D505F0200C01F0805E5CEAFD
:10C820000E063FF479AFC36E002B92D0BDE8704086
:10C8300018475E07A8D5CE07A6D504261662D4F8F9
:10C84000886046F00206C4F888609DE7236F002BDD
:10C850003FF47FAF2046BDE8704018474FF4801387
:10C8600020461362BDE8704001F068BB2046FCF72B
:10C870005FF870BD13682020002123F0400313608F
:10C88000C4F8800020462167FBF7BCFF70BD20463E
:10C89000BDE8704001F056BBE36E002B90D02046FF
:10C8A000984722688CE72046BDE8704001F048BBFD
:10C8B0002046FCF73DF8C4F8885070BD0100001018
:10C8C000FEFFFFEFC9C8000808B5806B0023A0F881
:10C8D0005E30A0F85630FCF72BF808BDD0F8802069
:10C8E000D0F8840010437047F0B58268044687B0E2
:10C8F0002368D0E904101D680A43616E0243E069B1
:10C9000002430A43A8492940A84D0A43E168AB42C3
:10C910001A605A6822F4405242EA0102A1695A6040
:10C9200000F09D80226A9D681143A14A666A2A40F0
:10C9300011439960DA6A22F00F023243DA629D4AAB
:10C94000934224D09C4A934255D09C4A934200F093
:10C950002F829B4A934200F09B829A4A934200F0B6
:10C96000E980994A934200F09D82984A934200F0F0
:10C97000D885974A934200F0D682012500234FF0D4
:10C98000011228462367C4E91A2307B0F0BD914B72
:10C990005B6D03F03803282BEFD88F4AD55CB0F5D8
:10C9A000004F33D0202D00F2D981202D00F2B68027
:10C9B000DFE815F0A8017B01B400B4007201B400F7
:10C9C000B400B4004901B400B400B400B400B40031
:10C9D000B400B4001C01B400B400B400B400B4004E
:10C9E000B400B400B400B400B400B400B400B400A7
:10C9F000B400B400CA00774B5B6D03F00703052B4E
:10CA0000BBD8764AB0F5004FD55CCBD1202D00F2D3
:10CA10001482202D00F20082DFE815F08A0358040A
:10CA2000FE01FE012804FE01FE01FE018604FE0156
:10CA3000FE01FE01FE01FE01FE01FE01F203FE0108
:10CA4000FE01FE01FE01FE01FE01FE01FE01FE01EE
:10CA5000FE01FE01FE01FE01FE01FE01B703986822
:10CA6000534A02405B480A439A60DA6A616A22F0DC
:10CA70000F020A43DA62836D03F00703052B3FF6CA
:10CA80007CAF574AD65C202E00F29C81012E7FF6A7
:10CA900074AFB31E1E2B3FF670AF01A252F823F005
:10CAA00057D000087BC9000801D000087BC90008E6
:10CAB0007BC900087BC90008CBD000087BC90008EF
:10CAC0007BC900087BC900087BC900087BC9000836
:10CAD0007BC900087BC900086BD000087BC900082F
:10CAE0007BC900087BC900087BC900087BC9000816
:10CAF0007BC900087BC900087BC900087BC9000806
:10CB00007BC900087BC900087BC900087BC90008F5
:10CB10007BC900087BC90008E1D00008012500237B
:10CB2000A3F110014FF6EF7291423FF626AF226853
:10CB3000D36023E7274B5B6D03F00703052B3FF61C
:10CB40001CAF284AD55C2AE7002E00F0B581012EE3
:10CB500000F09E85022E00F0B185032E00F0D885EE
:10CB6000042E00F0F485052E00F08486062E00F0D9
:10CB7000BE86072E00F0FD86082E00F05087092E95
:10CB800000F07B870A2E00F0DC8743F60953164A33
:10CB90000B2E18BF13466268002503EB5203B3FB4C
:10CBA000F2F39BB2BCE700BFF369FFCF000C005863
:10CBB000FFF4FF1100100140004400400048004015
:10CBC000004C00400050004000140140007800403C
:10CBD000007C00400044025898220108C422010849
:10CBE000CC220108C422010800093D00B34B1A6899
:10CBF000920640F16F811A68B14BC2F3C102D34073
:10CC0000002EC8D0012E00F0EF81022E00F0C58466
:10CC1000032E00F0BF84042E00F02B85052E00F0BB
:10CC20009D86062E00F0DC86072E00F01C86082E5E
:10CC300000F04E86092E00F08E860A2E00F0E38664
:10CC40000B2EA8D126E003A8F7F790FD626A049B9B
:10CC5000002AA0D0012A00F0C781022A00F09D849A
:10CC6000032A00F09784042A00F00385052A00F0C7
:10CC7000FD84062A00F07E85072A00F0F485082A44
:10CC800000F02686092A00F066860A2A00F0BB8694
:10CC90000B2A80D11B0A7EE76846F7F7A9FC626A77
:10CCA000019B002A3FF477AFD4E7F6F741FE636AB1
:10CCB00003B3012B00F0F384022B00F0CE84032B8E
:10CCC00000F0C884042B00F01785052B00F01185B7
:10CCD000062B00F00686072B00F04886082B00F094
:10CCE0009B86092B00F0E1860A2B00F03B870B2B7B
:10CCF00008BF000A6268002500EB5203B3FBF2F3A1
:10CD00009BB20DE7F6F7F8FD636A03B3012B00F061
:10CD1000C984022B00F0A784032B00F0A184042B0C
:10CD200000F0E484052B00F0DE84062B00F0E6859D
:10CD3000072B00F03686082B00F08786092B00F0C1
:10CD4000B1860A2B00F0FA860B2B08BF000A626836
:10CD500000EB5203B3FBF2F39BB2E1E6402D7FF40C
:10CD60000CAE002E00F0DC80012E00F09484022E28
:10CD700000F0A784032E00F0C784042E00F0EC849A
:10CD8000052E00F07A85062E00F0B485072E00F0FF
:10CD9000FE85082E00F04986092E00F08B860A2EAB
:10CDA00000F029870B2E0CBF80234FF40043F2E6DE
:10CDB000424B5B6D03F00703052B3FF6DEAD414AA6
:10CDC000D55CECE5402E7FF4D8AD002900F0B580AD
:10CDD000012900F06E84022900F08284032900F00A
:10CDE000AF84042900F03B85052900F069850629F8
:10CDF00000F0AD85072900F0EF85082900F03686A0
:10CE0000092900F05B860A2900F0F9860B290CBF7E
:10CE100080254FF4004592E001250023A3F1100185
:10CE20004FF6EF7291423FF6A8AD23F00F02C3F325
:10CE3000420313432268D360A0E5402D7FF49DADEB
:10CE4000002E00F0D380012E00F0D280022E00F0E0
:10CE50006D84032E00F0F484042E00F02585052E49
:10CE600000F06885062E00F0C285072E00F01086BF
:10CE7000082E00F04886092E00F059860A2E00F090
:10CE8000EC860B2E0CBF4FF480704FF48030AFE077
:10CE90000A4B5B6D03F00703052B3FF66EAD0A4AA4
:10CEA000D55C7CE5054B5B6D03F03803282B3FF622
:10CEB00064AD064AD55C72E5054B6CE60044025849
:10CEC0000090D003C4220108C4220108982201085E
:10CED00000093D00002E00F0BA83012E00F0FD8312
:10CEE000022E00F02A84032E00F0B684042E00F0F7
:10CEF000E484052E00F02885062E00F08785072E95
:10CF0000DAD0082E00F0C483092E00F0D7830A2E51
:10CF100000F01D84B44BB54A0B2E18BF13463AE6F9
:10CF20004FF4004337E6B24B5B6D03F00703052B6C
:10CF30003FF623ADAF4AD55C31E54FF40045676855
:10CF400007EB4703AB423FF618ADB5EB073F3FF6A3
:10CF500014AD202E00F2F082012E7FF60EAD023EBF
:10CF60001E2E3FF60AAD01A353F826F0A9D40008FF
:10CF70007BC900087FD400087BC900087BC9000872
:10CF80007BC900081DD400087BC900087BC90008C4
:10CF90007BC900087BC900087BC900087BC9000861
:10CFA0007BC90008B1D300087BC900087BC9000811
:10CFB0007BC900087BC900087BC900087BC9000841
:10CFC0007BC900087BC900087BC900087BC9000831
:10CFD0007BC900087BC900087BC900087BC9000821
:10CFE0007BC9000839D300085B08D4E54FF48030D2
:10CFF0006268002500EB5203B3FBF2F39BB20DE72E
:10D000006846F7F7F5FA636A019D03B3012B00F058
:10D01000CF82022B00F0C782032B00F0C182042BC9
:10D0200000F02F83052B00F02983062B00F0988356
:10D03000072B00F02684082B00F04D84092B00F00C
:10D040009B840A2B00F0FB840B2B00F06582002DE3
:10D050003FF494AC73E7F7F7B9FA636A0546002B1F
:10D06000D4D1002D3FF48AAC69E7614B1A6895066C
:10D0700040F1A5821B685D4DC3F3C103DD4000296B
:10D080003FF45DAF012900F04D83022900F0468393
:10D09000032900F04083042900F04584052900F0AD
:10D0A0008384062900F0D484072900F0208508290C
:10D0B00000F04F85092900F0F9850A2900F0FD8567
:10D0C0000B297FF43CAF2D0A39E703A8F7F74EFB95
:10D0D000636A049D002B99D1002D3FF44FAC2EE7DD
:10D0E000002900F06A82012900F0DF82022900F0A5
:10D0F000F282032900F02883042900F0AA8305297D
:10D1000000F0D883062900F02E84072900F06184FE
:10D11000082900F0AF84092900F0EF840A2900F003
:10D12000148543F60955344B0B2918BF1D4606E7F5
:10D13000F6F7E2FB636A03B3012B00F0CA82022B0D
:10D1400000F0F782032B00F07F83042B00F0B08304
:10D15000052B00F0EB83062B00F05084072B00F02A
:10D160009E84082B00F0B984092B00F0E4840A2B7C
:10D1700000F070850B2B08BF000A61684A0802EBBB
:10D180004003B3FBF1F39BB248E6002E00F03A8275
:10D19000012E00F09A82022E00F0C682032E00F0CB
:10D1A0004D83042E00F07E83052E00F0BA83062EF8
:10D1B00000F02184072E00F06F84082E00F0828496
:10D1C000092E00F0CC840A2E00F06C8547F612235D
:10D1D0000A4A0B2E18BF13466268002503EB520360
:10D1E000B3FBF2F39BB219E690D003000090D0039A
:10D1F00000440258C422010800093D0000127A00D0
:10D20000A44B1A68910640F1FF811A68A24BC2F341
:10D21000C10223FA02F206B3012E00F0B182022EFF
:10D2200000F03783032E00F06F83042E00F0C683D6
:10D23000052E00F00084062E00F06F84072E00F00B
:10D240007184082E00F00385092E00F03C850A2E1B
:10D2500000F036850B2E08BF120A616800254B08C6
:10D2600003EB4203B3FBF1F39BB2D7E56846F7F754
:10D27000BFF9626A019902B3012A00F00782022A0B
:10D2800000F01A82032A00F03A82042A00F0628237
:10D29000052A00F0EB82062A00F01683072A00F028
:10D2A0007483082A00F0A183092A00F001840A2A65
:10D2B00000F05B840B2A08BF090A62680025530846
:10D2C00003EB4103B3FBF2F39BB2A7E5F6F730FBA8
:10D2D000636A03B3012B00F0FA81022B00F02B826A
:10D2E000032B00F08382042B00F0DA82052B00F080
:10D2F0002583062B00F06983072B00F0C283082BDF
:10D3000000F0EE83092B00F07E840A2B00F08D8460
:10D310000B2B08BF000A616800254A0802EB400396
:10D32000B3FBF1F39BB279E503A8F7F71FFA626A42
:10D330000499002AC1D09FE7616A002900F0548255
:10D34000012900F01F83022900F08B83032900F0DC
:10D35000BF83042900F00084052900F0AA8406296F
:10D3600000F08E84072900F08784082900F0E58406
:10D37000092900F0DE840A2900F0A8844748484BB8
:10D380000B2918BF184600217B083A4618184FF0A1
:10D39000000341F10001F2F7FBFFA0F54073414AA1
:10D3A00093423FF6EAAA23680025D860FFF7E6BA61
:10D3B000384A116811F0200100F0E781136800215C
:10D3C0003548C3F3C103D840636A0BB3012B00F0A7
:10D3D0004B83022B00F07F83032B00F00584042B8A
:10D3E00000F05D84052B00F02C84062B00F0A9844E
:10D3F000072B00F0B484082B00F0AD84092B00F05B
:10D4000094840A2B00F08D840B2B01D1000A00219B
:10D410000902030241EA10617808B6E703A8F7F7AA
:10D42000A5F90498636A002102460BB3012B00F0B2
:10D430003582022B00F08682032B00F0C182042B80
:10D4400000F02183052B00F04D83062B00F0908324
:10D45000072B00F02184082B00F00B84092B00F02F
:10D4600004840A2B00F052840B2B01D1100A0021F6
:10D4700062680902030241EA1061500886E76846C3
:10D48000F7F7B6F80198636A00210246002BEFD047
:10D49000CCE700BF004402580090D00300093D00D3
:10D4A0000000093DFFFC0F00F7F790F8626A0021C9
:10D4B00003460AB3012A00F06E82022A00F0B98204
:10D4C000032A00F02483042A00F09383052A00F045
:10D4D000A683062A00F0DA83072A00F0D583082AFB
:10D4E00000F01C84092A00F015840A2A00F02F8419
:10D4F0000B2A01D1030A002162680902180241EADD
:10D5000013615308C0184FF0000341F10001F2F716
:10D510003FFFA0F5407342E72D0A002D3FF42EAAED
:10D520000DE5B54B5B6D03F00703052B3FF625AA10
:10D53000B24AD55CFFF733BA402E7FF41EAA616A67
:10D54000002900F04E81012900F02782022900F015
:10D550008482032900F0CE82042900F05783052934
:10D5600000F05983062900F06883072900F06083E2
:10D57000082900F0B783092900F0AF830A2900F0D9
:10D58000C0830B294FF000010CBF4FF400404FF453
:10D590000000F9E69A4AA2FB03239B08FFF7FBBAB7
:10D5A000974BA3FB0535AD08002D3FF4E7A9C6E472
:10D5B0006D08002D3FF4E2A9C1E4924DBFE40029BB
:10D5C0005AD0012900F0AC80022900F0DB80032949
:10D5D00000F06181042900F0A181052900F0EB81B0
:10D5E000062900F016820729E7D008295DD009290D
:10D5F00071D00A2900F02D81834D844B0B2918BF6F
:10D600001D469CE4824BE7E5002E50D0012E00F031
:10D61000AF80022E00F03B81032E00F07A81042EB1
:10D6200000F0C781052E00F0FD81062E00F04D822E
:10D63000072EE7D0082E48D0092E75D00A2E00F00C
:10D640003181744B744A0B2E18BF1346C4E56F4BDF
:10D65000FFF7A1BA6A4BA3FB00308008FFF74ABB73
:10D66000674BA3FB00308008FFF771BB6B4AA2FB3E
:10D670000323DB08FFF78FBA644D60E4674BA3FB1D
:10D680000535ED08002D3FF479A958E4490814E662
:10D69000634BFFF780BA4FF48043FFF77CBA400832
:10D6A000FFF728BB4008FFF752BB5D4D47E45A4BDC
:10D6B00092E54FF4804542E48908FEE5594BFFF7B7
:10D6C0006ABA4FF40053FFF766BA4E4B84E5400840
:10D6D00021E6400851E5534D31E4534BFFF75BBA67
:10D6E0004FF400552BE44D4BA3FB0030C008FFF76F
:10D6F0002EBB4A4BA3FB0030C008FFF7FBBA404BE0
:10D70000A3FB01239908D8E541F25553FFF743BA2B
:10D71000464BFFF740BA3A4BA3FB0535AD080EE484
:10D72000414D0CE46D080AE43D4B55E54FF4804053
:10D730005EE4800821E58008EDE53D4BFFF72BBA5C
:10D7400041F25555FFF7FBBB384DFFF7F8BB314BA6
:10D75000FFF721BAC908B0E54FF48053FFF71BBAB1
:10D760000C23B5FBF3F5002D3FF408A9FFF7E7BB49
:10D77000264B31E5224AA2FB0323DB08FFF70BBA55
:10D7800052086AE52A4DFFF7DABB626A002A00F008
:10D79000C280012A00F07981022A00F0B281032AB6
:10D7A00000F0C381042A00F05E82052A00F059824D
:10D7B000062A00F09E82072A00F09982082A00F0CB
:10D7C0009D82092A00F097820A2A00F083820B2AA0
:10D7D000184A0E4B0EBF00210321134678083A4623
:10D7E00090E64FF40000CFE51348CDE5044BA3FBD2
:10D7F000002398088FE500BF00440258C4220108A6
:10D80000ABAAAAAA00093D0090D003000090D00363
:10D8100000127A0020A107000020A107CDCCCCCCBB
:10D8200080841E0040420F000048E8012A2C0A00B4
:10D830000024F400000090D00000093DCF4BCBE461
:10D8400042F6AA20FFF7D4BBCD4BA3FB00239808D8
:10D8500093E4CC4DFFF773BBCB4BFFF79CB94FF470
:10D860008055FFF76CBB1B09FFF795B90A23B1FB85
:10D87000F3F122E5C54BFFF78EB940F6CC43FFF735
:10D880008AB92D09002D3FF479A8FFF758BBC04B8A
:10D89000A2E49208E1E4BC4DFFF751BB4008E7E584
:10D8A000C00838E5BB4B97E44FF40050FFF7A0BB2E
:10D8B000C00862E4B54DFFF742BBB74BFFF76BB949
:10D8C00040F6CC45FFF73BBB0C23B1FBF3F1F4E48E
:10D8D0005B09FFF760B96D09002D3FF44FA8FFF712
:10D8E0002EBBA74BA3FB0030C008FFF703BAAB4B1E
:10D8F000FFF751B940F6AA23FFF74DB9A04BA3FBA0
:10D900000030C008FFF723BA9D4BA3FB02239A08FF
:10D91000A3E4A34B60E4A34B03215FE79E4DFFF715
:10D920000EBBA14B58E4ED08FFF709BB0A23B0FB7F
:10D93000F3F022E441F69810FFF75ABB0A23B0FB3C
:10D94000F3F0E8E4800893E5984BFFF724B940F63C
:10D95000AA25FFF7F4BA9B09FFF71DB90A22B3FB0A
:10D96000F2F3FFF718B98D4DFFF7E9BA0009FFF799
:10D97000C1B98F4BFFF70FB9AD09002D3EF4FEAFD3
:10D98000FFF7DDBA8B480021FEE4090995E44FF466
:10D990000063FFF700B94308AEE54FF480000021B3
:10D9A000F2E40009FFF7D3B90A23B5FBF3F5FFF75B
:10D9B000C6BA814B10E47D4DFFF7C1BAD2084CE4E2
:10D9C00006220023F2F7E4FC52E50C23B0FBF3F04F
:10D9D000A1E4774DFFF7B3BA4FF40065FFF7AFBA94
:10D9E0000C22B3FBF2F3FFF7D6B8490965E441F224
:10D9F0005450FFF7FDBA714BFFF7EEBB0C23B0FBA1
:10DA0000F3F0FFF7BABBDB09FFF7C5B86C4BFFF7C4
:10DA1000C2B86B4DFFF793BA4009FFF76BB9694B7A
:10DA2000FFF7B9B8684BFFF7D7BB4FF48063FFF738
:10DA3000B2B8830860E50A23B2FBF3F20DE4ED0906
:10DA4000002D3EF49BAFFFF77ABA4009FFF77FB98C
:10DA50000C23B5FBF3F5FFF772BA4FF40010002169
:10DA600092E45A4800218FE44008D1E44FF48065E5
:10DA7000FFF765BA534DFFF762BA4FF22443FFF741
:10DA80008AB8000947E4C008F2E4514B1146A5E604
:10DA90004FF48050FFF7ACBA3A4BFFF79DBB00093B
:10DAA000FFF76BBB8009FFF752B98009FFF722B976
:10DAB000890902E44FF40073FFF76DB84FF4007565
:10DAC000FFF73DBA3A4BFFF787BB2F4BFFF784BBFD
:10DAD0004048002158E480089AE44009FFF74DBB14
:10DAE000400918E40A220023F2F752FCC0E42D0991
:10DAF000FFF725BA3848002146E44FF22445FFF7E6
:10DB00001EBA364B6AE64FF40060FFF771BA002385
:10DB10000622F2F73DFC0346EEE40C23B2FBF3F2DF
:10DB2000FFF79BBB1209FFF798BB2D4B56E64FF44E
:10DB30008060FFF75DBA8009FFF71FBBC009FFF7E0
:10DB400006B947F61223FFF726B847F61225FFF766
:10DB5000F6B96D09FFF7F3B92248002114E4194B17
:10DB6000FFF73ABBC009FFF7C5B8C909FFF7A5BB66
:10DB70000C220023F2F70CFC7AE400BF5458140086
:10DB8000ABAAAAAA20A10700AAC2A200801A060076
:10DB90000048E80140420F0000127A001516050007
:10DBA00054854501000090D000350C0000A86100AC
:10DBB00090D003000080841E0024F4002A2C0A0068
:10DBC0005561510048E801000050C3000040420F79
:10DBD000000048E8002A2C0A00551500000024F433
:10DBE00000AAC2A20020A10706220023F2F7D0FB60
:10DBF0000EE4C30880E44FF48073FEF7CCBF4FF40B
:10DC00008075FFF79CB98009FFF785BB4FF4801042
:10DC10000021FFF7B9BB53480021FFF7B5BB002334
:10DC20000A22F2F7B5FB034666E4C009FFF773BBAF
:10DC30004FF400200021FFF7A7BB4B480021FFF75E
:10DC4000A3BB0A220023F2F7A3FBFFF7E1BB5209B3
:10DC5000FFF703BBC009FFF790BA4FF40070FFF75E
:10DC6000C7B9424BBAE5424BB8E590090021FFF72E
:10DC7000FFBB4009FFF7FCBB3E480021FFF784BB18
:10DC80003D480021FFF780BB030935E400230C2247
:10DC9000F2F77EFB03462FE40009FFF7E9BBC0085B
:10DCA000FFF7B6BB4FF22443FFF796BAAD09FFF773
:10DCB00046B932480021FFF767BBED09FFF73FB9CE
:10DCC000D209FFF7CABA9209FFF7C7BA2C48002158
:10DCD000FFF75ABB2B4B002180E54FF400300021A9
:10DCE000FFF752BB4FF480200021FFF74DBB264BBE
:10DCF00074E5264B72E5264B00216FE5254B00218C
:10DD00006CE54FF480300021FFF73EBBD0090021C5
:10DD1000FFF7AEBB83090021FFF7EEBB4309FFF716
:10DD2000EBBBC0090021FFF773BB80090021FFF79F
:10DD30006FBB19480021FFF727BB18480021FFF7E8
:10DD400023BB0C220023F2F723FBFFF761BBC309BF
:10DD50000021FFF7D1BB40090021FFF759BB0009A3
:10DD6000FFF756BB00CC0C0000AA0A000000A86117
:10DD70000000127A0090D0030015160500801A06E4
:10DD800000127A000020A1070000093D00556151F2
:10DD90000040420F0080841E0024F4000048E80187
:10DDA000836ADA0710B406D50168C46A4A6822F4A7
:10DDB000003222434A609C0706D50168046B4A681A
:10DDC00022F4803222434A60590706D50168446B29
:10DDD0004A6822F4802222434A601A0706D5016865
:10DDE000846B4A6822F4004222434A60DC0606D56E
:10DDF0000168C46B8A6822F4805222438A609906C3
:10DE000006D50168046C8A6822F4005222438A60B5
:10DE10005A060AD50168446C4A68B4F5801F22F49A
:10DE2000801242EA04024A600BD01B0606D5026843
:10DE3000C16C536823F400230B4353605DF8044B1B
:10DE400070474A68846C22F4C00222434A60ECE7BF
:10DE5000002370B50446C0F88830F3F763FA05462E
:10DE600023681A6811070CD41A68520725D4202297
:10DE70000023C4F880201846C4F8842084F87C303D
:10DE800070BDDE6916F40016EED1F3F74BFA431BB2
:10DE9000B3F1007F2368F4D31A682021032022F411
:10DEA000D0721A609A6822F001029A60C4F8801059
:10DEB00084F87C60C4F8841070BDDE6916F48006B6
:10DEC000D5D1F3F72FFA431BB3F1007F2368F4D3C6
:10DED000E2E700BF80B3D0F8803010B5044633B31A
:10DEE000226824232046C4F88030136823F00103FD
:10DEF0001360FEF7F9FC012817D0A36A8BB92368D9
:10DF000020465A6822F490425A609A6822F02A0207
:10DF10009A601A6842F00102BDE810401A60FFF7EB
:10DF200097BF2046FFF73CFFE9E7012010BD80F8CE
:10DF30007C30FAF7BBF9D3E701207047704700BF88
:10DF4000704700BF704700BF90F87C20012A17D0AF
:10DF5000026803462420002130B4C3F88000202545
:10DF60001068146820F0005024F001041460596611
:10DF700010600846C3F8805083F87C1030BC7047AE
:10DF80000220704790F87C20012A43D002680346A3
:10DF9000242030B4C3F8800084B014681068EC46C4
:10DFA00004AD20F001001060906820F06040014353
:10DFB0001948916003C88CE80300184903C905E9B2
:10DFC0000300596E19B391689068C1F3426C05EB78
:10DFD0005071AC4411F8100C11F8081CC0001CF86A
:10DFE000085CB0FBF1F01CF8101CC900B1FBF5F1A6
:10DFF000A3F868100021A3F86A00202508461460E1
:10E00000C3F8805083F87C1004B030BC7047012105
:10E010000846EDE70220704718210108D4220108C4
:10E0200090F87C20012A43D002680346242030B4B3
:10E03000C3F8800084B014681068EC4604AD20F08A
:10E0400001001060906820F0606001431948916001
:10E0500003C88CE80300184903C905E90300596E99
:10E0600019B391689068C1F3426C05EB5071AC44F0
:10E0700011F8100C11F8081CC0001CF8085CB0FB6B
:10E08000F1F01CF8101CC900B1FBF5F1A3F8681001
:10E090000021A3F86A00202508461460C3F88050C8
:10E0A00083F87C1004B030BC704701210846EDE7CE
:10E0B0000220704718210108D42201080B6810B40F
:10E0C000D3B90468A3F500434A6823401343D1E958
:10E0D000024223431343D1E9044223431343D1E9CA
:10E0E000064223431343D1E9084223435DF8044B1E
:10E0F00013430360002070470268D1E9074322F40C
:10E10000F84222434C6A1A430A4B22430260426897
:10E110001340D1E9014223431343D1E9034223438E
:10E120001343D1E9054223435DF8044B1343436095
:10E13000002070470080FFFF30B40ABB8368D1E93C
:10E14000002403F07043013C013A43EA04131343F3
:10E15000D1E90224013A013C43EA022343EA0432B2
:10E16000D1E904348969013B013C013942EA0343A6
:10E1700043EA045343EA016330BC836000207047E4
:10E180008268CC68114B013C13404A6943EA04336E
:10E19000541E43EA0454D1E900258460C3686C1E10
:10E1A000013A03F0704343EA04130C691A438B6885
:10E1B000013C8969013B013942EA032343EA0443F4
:10E1C00043EA016330BCC36000207047FF0F0FFFBC
:10E1D0000246D1E9003010B403431469D1E90210BA
:10E1E00023435DF8044B013943EA4023002043EA0E
:10E1F00041131361704700BF0246054B002010B465
:10E20000546923405DF8044B43EA41015161704772
:10E2100001C0FFFF022A82B0844613D00923019374
:10E22000DCF80C30002023F47053CCF80C30019B48
:10E23000DCF80C209B0203F470531343CCF80C3031
:10E2400002B07047224B234A0B44934207D9224B1A
:10E25000224A0B44934205D80E230193E0E70F2393
:10E260000193DDE71E4B1F4A0B44934207D91E4B17
:10E270001E4A0B44934205D20C230193D0E70D2391
:10E280000193CDE71A4B1B4A0B44934202D80B2350
:10E290000193C5E7184B194A0B44934202D20A2353
:10E2A0000193BDE7164B174A0B449342B6D3164B66
:10E2B000164A0B44934202D208230193B0E7144B51
:10E2C000144A0B44934234BF072306230193A7E764
:10E2D000405327FFFF340C00401E1BFF3F420F003E
:10E2E00000DC0BFF7F4F1200808CF9FE20D613005C
:10E2F00060B6E5FE5FE3160000D3CEFE40771B005C
:10E30000C05BB3FEC091210000CA91FE20753800A9
:10E31000E05459FEE09C4100890182B000230A4A82
:10E3200041F020010193016103E0036913F0200330
:10E3300007D0019B013393420193F6D9032002B029
:10E340007047184602B07047400D0300D0F80838F7
:10E3500082B003F006030193019838B101980228B6
:10E3600004D0019B062B0CBF02200F2002B0704787
:10E3700030B44B780A78012B20D002F00F0C4FF408
:10E380008033D0F81C4800EB421203FA0CF323430D
:10E39000C0F81C38D2F8003B1B040CD48B68D2F8B0
:10E3A000004BC3F30A03C8781449234343EA80436C
:10E3B0001943C2F8001B002030BC704700F5006410
:10E3C00002F00F0500EB4210AB40E5692B43E3611F
:10E3D000D0F800391C04EED48B68D0F80059C3F390
:10E3E0000A03CC7805492B4343EA844343EA82522B
:10E3F000114330BCC0F800190020704700800010A5
:10E400002DE9F0414B7891F800C0012B51D000EB81
:10E410004C1C844CDCF8105B0CF530632C401C6108
:10E42000814C1D692C401C614C6984B38D68012AA4
:10E430007E4E2C4404F1FF34B4FBF5F406EAC44EDE
:10E44000A4B205FB04F41D694EEA0505C4F31204E9
:10E450001D611D6944EA05041C6125D0CB78012BA0
:10E460000CD1D0F8083813F4807FDCF8003B0CBFE7
:10E4700043F0005343F08053CCF8003BDCF8003B02
:10E4800043F00443CCF8003B0020BDE8F0818C68E9
:10E49000012A1D69C4F3120444EA05041C611C69C5
:10E4A00044F400241C61D9D1CA68002AD6D05A612C
:10E4B000D4E74D69002D3DD000EB4C14594ED1F8F6
:10E4C00008E0D4F81089584F08EA0606C4F8106925
:10E4D00005EB0E06013EB6FBFEFED4F81069374090
:10E4E000524EC4F8107906EACE46D4F810793E436D
:10E4F000C4F81069C5F31206D4F810793E43C4F885
:10E50000106904F5106691F803E0BEF1010F57D0D1
:10E51000012A72D0D4F800290CF00F0C42F004420A
:10E5200003FA0CF3C4F80029D0F834281343C0F8D8
:10E530003438A9E700EB4C133B4E3A4C012AD3F890
:10E54000107906EA0706C3F81069D3F8106946F493
:10E550000026C3F81069D3F8106904EA060403F52D
:10E560001066C3F8104991F803E03AD0D3F8004997
:10E57000BEF1010F44F00444C3F8004984D1D0F83F
:10E58000083813F4807F33680CBF43F0005343F026
:10E5900080533360002A7FF477AFADB20335AD0806
:10E5A0003FF472AFCB6800EB0C3C03EB85010CF53C
:10E5B000805C53F8042B8B42CCF80020F9D163E740
:10E5C0003369012A23F0C0433361336943F00053B8
:10E5D000336117D0D4F8003943F00443C4F800394C
:10E5E000CDE70B6963B9BEF1010F0ED0336800208F
:10E5F00043F004433360BDE8F0810B69002BF5D094
:10E600007361F0E70B69002BFAD1D0F8083813F4E6
:10E61000807F33680CBF43F0005343F08053336076
:10E62000E4E700BF0000F8FFFFFF07E00000F81F6D
:10E63000F0B54C780B78012C26D000EB4310574CEA
:10E64000D0F8105B00F530632C401C61544C1D6900
:10E650002C401C614C69A4B98C681D69C4F3120478
:10E66000012A45F400251D611D6944EA05041C6169
:10E6700049D0D0F8003B43F00443C0F8003B0020F1
:10E68000F0BD8C684C61E8E74C69002C40D000EB91
:10E690004315424FD1F808E0D5F810C9404E7445F3
:10E6A0000CEA070705F5106CC5F81079D5F8107954
:10E6B00006EA0706C5F8106958D9DCF81040012AA7
:10E6C000C1F814E044F40024CCF81040CEF3120456
:10E6D000DCF8106044EA0604CCF810403AD0D5F8D3
:10E6E000002942F00442C5F80029BEF1000FC6D04F
:10E6F00003F00F010123D0F834288B401343C0F8F6
:10E7000034380020F0BDCA68002AB2D05A61B0E7A0
:10E7100000EB4310224B012AD0F8104900F5106C91
:10E7200003EA0403CCF81030DCF8103043F4002383
:10E73000CCF81030194BDCF8104003EA0403CCF895
:10E74000103007D0D0F8003943F00443C0F8003946
:10E750000020F0BD0B690BB1CCF81430DCF80030B0
:10E76000002043F00443CCF80030F0BDDCF810602A
:10E77000C4F31204012A46F40026CCF81060DCF839
:10E78000106044EA0604CCF81040E3D0D5F8002924
:10E7900042F00442C5F80029AAE700BF0000F8FFD4
:10E7A000FFFF07E010B49DF8044064B903339B08F1
:10E7B00009D0013201EB830300EB023051F8042B46
:10E7C0008B420260FAD100205DF8044B704700BF15
:10E7D000033292080AD000F5805C01EB8200DCF87D
:10E7E000003041F8043B8842F9D170470846704731
:10E7F0004A780B78012A00EB43100CD0D0F8002B9C
:10E800000BB1002A14DAD0F8003B43F40013C0F82F
:10E81000003B00207047D0F80029002A00DB73B9C4
:10E82000D0F8003943F40013C0F8003900207047D5
:10E83000D0F8003B23F08043C0F8003BE3E7D0F87A
:10E84000003923F08043C0F80039D0F8003943F490
:10E850000013C0F80039E9E74A780B78012A00EB89
:10E86000431013D0D0F8003B23F40013C0F8003B52
:10E87000CB78023B012B01D900207047D0F8003B38
:10E8800043F08053C0F8003B00207047D0F80039B7
:10E8900023F40013C0F80039CB78023B012BEBD8EE
:10E8A000D0F8003943F08053C0F800390020704799
:10E8B000034609010020D3F8002801F4FE6122F488
:10E8C000FE62C3F80028D3F800281143C3F80018EB
:10E8D000704700BF82B0436901938269019B134076
:10E8E0000193019802B0704782B0D0F818380193B4
:10E8F000D0F81C28019B134001930198000C02B032
:10E90000704700BF82B0D0F818380193D0F81C28A7
:10E91000019B13400193019880B202B0704700BF81
:10E9200000EB411182B0D1F8083B0193D0F81428D4
:10E93000019B13400193019802B0704784B0D0F856
:10E94000103801F00F0C00EB41110293D0F834386D
:10E950000393039B029A23FA0CF3DB01DBB213430C
:10E960000293D1F80839029A13400193019804B038
:10E97000704700BF406900F001007047D0F80019EF
:10E9800000F500630A4A0A40C0F800299A6802F0BC
:10E990000602042A05D1D0F8002942F00302C0F88B
:10E9A00000295A68002042F480725A60704700BF04
:10E9B00000F8FFFF144B10B4046C9C421AD800F509
:10E9C0003060002301290361036943F400230361DC
:10E9D000036943F018030361036943F0C043036113
:10E9E00004D14261036843F08023036000205DF896
:10E9F000044B7047D0F8003B00F53060002BE0DAA4
:10EA000000205DF8044B70470A30544FD0F80024C2
:10EA100001F00303012900F5806C22F00302C0F825
:10EA20000024D0F8002443EA0203C0F8003409D0DF
:10EA3000022901D00020704741F270730020CCF809
:10EA4000043070474BF680330020CCF80430704718
:10EA5000D0F8140480B2704700EB4111002382B05B
:10EA600001F5A0620193D1F8003513F4802FD1F89D
:10EA7000003543F08043C1F8003522D1C36A13F456
:10EA80007F0FD1F8003523D123F00043C1F80035C2
:10EA9000D1F8003543F00043C1F80035D1F8003516
:10EAA00023F40043C1F8003502E01368002B13DAA9
:10EAB000019B0133B3F57A7F0193F6D9002002B0B0
:10EAC0007047D0F8103413F47F0FD1F8003506D01A
:10EAD00043F00043C1F80035002002B0704723F036
:10EAE0000043C1F80035D1F8003543F00043C1F8C8
:10EAF0000035D1F8003523F40043C1F8003502E0B9
:10EB00001368002BE8DA019B0133B3F57A7F019398
:10EB1000F6D9002002B0704730B4002484B04FF41E
:10EB20008465AA4A00940146836823F00103836048
:10EB30000394056102E00B69980604D5039B013339
:10EB400093420393F7D900201023A04A02900B614F
:10EB500002E00B69DB0604D5029B0133934202936A
:10EB6000F7D9D1F8003501F5A06201F5E060019315
:10EB7000019B43F080430193019B23F000430193E9
:10EB8000019B23F400430193019BC1F80035D1F8A8
:10EB900020350193019B43F080430193019B23F0B7
:10EBA00000430193019B23F400430193019BC1F8AF
:10EBB0002035D1F840350193019B43F08043019308
:10EBC000019B23F000430193019B23F40043019335
:10EBD000019BC1F84035D1F860350193019B43F0AA
:10EBE00080430193019B23F000430193019B23F495
:10EBF00000430193019BC1F86035D1F88035019342
:10EC0000019B43F080430193019B23F00043019358
:10EC1000019B23F400430193019BC1F88035D1F897
:10EC2000A0350193019B43F080430193019B23F0A6
:10EC300000430193019B23F400430193019BC1F81E
:10EC4000A035D1F8C0350193019B43F08043019377
:10EC5000019B23F000430193019B23F400430193A4
:10EC6000019BC1F8C035D1F8E0350193019B43F019
:10EC700080430193019B23F000430193019B23F404
:10EC800000430193019BC1F8E035D1F800360193B0
:10EC9000019B43F080430193019B23F000430193C8
:10ECA000019B23F400430193019BC1F80036D1F886
:10ECB00020360193019B43F080430193019B23F095
:10ECC00000430193019B23F400430193019BC1F88E
:10ECD0002036D1F840360193019B43F080430193E5
:10ECE000019B23F000430193019B23F40043019314
:10ECF000019BC1F84036D1F860360193019B43F087
:10ED000080430193019B23F000430193019B23F473
:10ED100000430193019BC1F86036D1F8803601931E
:10ED2000019B43F080430193019B23F00043019337
:10ED3000019B23F400430193019BC1F88036D1F875
:10ED4000A0360193019B43F080430193019B23F084
:10ED500000430193019B23F400430193019BC1F8FD
:10ED6000A036D1F8C0360193019B43F08043019354
:10ED7000019B23F000430193019B23F40043019383
:10ED8000019BC1F8C036D1F8E0360193019B43F0F6
:10ED900080430193019B23F000430193019B23F4E3
:10EDA00000430193019BC1F8E03613680193019B76
:10EDB00043F080430193019B43F000430193019B87
:10EDC00023F400430193019B136004E0400D030012
:10EDD0001368002B05DA009B0133B3F57A7F0093AB
:10EDE000F6D920328242E0D14FF0FF330020C1F843
:10EDF00014344B618B6843F001038B6004B030BC6A
:10EE0000704700BF08B5D0F88C321BB11B6898471B
:10EE100000B908BD022008BD08B5D0F88C325B6887
:10EE20009847002008BD00BF38B500F5207504469E
:10EE3000284600F07DFB0122B4F8863294F8801257
:10EE4000C4E99B2301F01F03934209D0022B13D086
:10EE500063B101F080012046FAF796FA002038BD30
:10EE60002946204600F092FA002038BD2946204667
:10EE700000F00AF9002038BD2946204600F0BAFA11
:10EE8000002038BD38B5054669B91346D0F86C2264
:10EE9000032A15D0052A0C460ED1C5F86C12FAF7D4
:10EEA00073FA204638BDD0F88C329B6933B190F8A4
:10EEB0007422032A02D19847002038BD022038BDB1
:10EEC000D0E9531291420CD9891A8A42C0F84C11E8
:10EED00088BF8AB2194698BF92B200F055FB002055
:10EEE00038BDD0F88C321B691BB190F87422032A0C
:10EEF00004D0284600F052FB002038BD9847F8E7C0
:10EF000070B5044661B9D0F86C32022B15D033F0DD
:10EF1000040337D094F87832012B2ED0002070BD36
:10EF2000D0F88C325B6933B190F87422032A02D195
:10EF30009847002070BD022070BDD0E908630D46DF
:10EF40009E4223D8C669B6FBF3F203FB12620AB9EC
:10EF5000B34228D9D4F88C32DB681BB194F8742200
:10EF6000032A30D080212046FAF70EFA204600F01E
:10EF700021FB94F87832012BD0D10023184684F875
:10EF8000783270BD8021FAF7FFF9C3E7F31A114612
:10EF900003629AB200F0EEFA2B462A462946204632
:10EFA000FAF73EFAB6E7D0F870329E42D2D20A465D
:10EFB00000F0E0FA2B462A4629462046C4F8705253
:10EFC000FAF72EFAA6E720469847CBE770B500225D
:10EFD00040260446012511463346FAF7C3F9334665
:10EFE000802100222046C4F84451C4F85061FAF749
:10EFF000B9F90021D4F89032A561666284F87452A0
:10F00000C4F86C126160C4F87C1223B1D4F88C325D
:10F0100020465B689847002070BD00BF0346002073
:10F020001974704703460421002093F8742283F872
:10F03000741283F8752270470346002093F87522F6
:10F0400083F87422704700BF90F87422032A01D01D
:10F050000020704708B5D0F88C32DB6903B19847BF
:10F06000002008BD00207047002070470020704736
:10F07000D0F88C22012108B580F874120179536808
:10F080009847002008BD00BF30B50B7883B00D460F
:10F09000044603F06003202B0DD0402B0BD09BB116
:10F0A00080212046FAF770F900212046FAF76CF922
:10F0B000002003B030BDD4F88C32294620469B682E
:10F0C0009847002003B030BD4B78092BE8D801A247
:10F0D00052F823F02FF100085BF10008A1F00008BE
:10F0E00079F10008A1F0000881F10008B9F10008E9
:10F0F000A1F00008E9F10008FDF000088978A24DB0
:10F1000001292970CCD890F87432022B00F01281BA
:10F11000032B00F000818021FAF736F90021204608
:10F12000FAF732F929782046FFF776FEC0E790F823
:10F130007432013B022BB3D8CB88022BB0D1012211
:10F14000D0F87C32C2600BB10323C360022204F109
:10F150000C01204600F000FAAAE790F87432013B57
:10F16000022B9DD84B88012BA2D100232046C4F846
:10F170007C3200F013FA9BE74B88012B98D1F5E71E
:10F180008B88002B8CD1CB88002B89D14D887F2D8B
:10F1900086D890F87432032B82D0E9B280F87612C8
:10F1A000FAF722F9204600F0F9F9002D00F0E0808E
:10F1B000022384F874327BE74A88130A013B062B4A
:10F1C0003FF66EAF01A151F823F000BF7DF20008B9
:10F1D00065F2000853F20008A1F00008A1F0000851
:10F1E0003DF200080FF20008CA88012A7FF458AFE8
:10F1F00090F87432022B00F28780002B3FF450AF5E
:10F200000146002341F8083F00F0A6F950E7037CCF
:10F21000002B7FF445AFD0F88C320DF106001B6B4C
:10F22000984707234370BDF80620002A67D0EB8873
:10F23000002B5BD1204600F0B1F939E7037C002BAD
:10F240007FF42EAFD0F88C320DF106005B6B98473F
:10F25000E9E7D1B2052900F28F80DFE801F0271F2E
:10F2600017372F3F037C002B72D1D0F88C320DF171
:10F2700006009B6A984702234370D4E7D0F888328F
:10F280000DF10601007C1B689847CCE7D0F8883266
:10F290000DF10601007CDB689847C4E7D0F888329E
:10F2A0000DF10601007C9B689847BCE7D0F88832D6
:10F2B0000DF10601007C5B689847B4E7D0F888320E
:10F2C0000DF10601007C5B699847ACE7D0F8883205
:10F2D0000DF10601007C1B699847A4E7D0F888323D
:10F2E0000DF10601007C9B6998479CE79A42014614
:10F2F000204628BF1A46ADF8062000F02DF9EB880D
:10F30000002B7FF4D5AE95E7032B7FF4C9AE011D2A
:10F3100000F022F9CCE621B3416801298AD0C9B2B4
:10F32000FFF77AFD297820466160FFF76BFD022820
:10F3300080D1B5E600293FF47DAF01210323416070
:10F3400080F87432FFF75EFD02287FF473AFA7E602
:10F35000D0F88C320DF10600DB6A98470223437027
:10F3600061E70223416080F87432FFF755FD61E7E1
:10F37000012384F874329BE6D0F88C320DF106023A
:10F380009B6B98474FE700BF8CD6002438B50B78AD
:10F390000D46044603F06002402A0AD05B0608D5F9
:10F3A0008021F9F7F1FF00212046F9F7EDFF002059
:10F3B00038BD94F87432013B022B11D82B79012B04
:10F3C0000ED8D4F88C32294620469B689847EB88A3
:10F3D000002BECD10028EAD1204600F0DFF8E6E768
:10F3E00080212046F9F7D0FF00212046F9F7CCFF15
:10F3F000002038BD38B50B78044603F06003202B9D
:10F400000CD0402B0AD083B180212046F9F7BCFFF5
:10F4100000212046F9F7B8FF002038BDD4F88C321F
:10F4200020469B689847002038BD4B788A88012B7E
:10F430005FFA82FC37D0032B23D0002BE4D190F865
:10F440007432022B4AD0032BDED10CF00F031206CC
:10F4500003EB830300EB830351D4D3F84431002B37
:10F46000D2D00CF07F03142505FB030505F5A0752C
:10F47000002B4FD12B6002222946204600F06CF869
:10F48000CAE790F87432022B1DD0032BBCD14B88F5
:10F490002BB91CF07F0F02D0CB88002B43D0204625
:10F4A00000F07CF8B8E790F87432022B0BD0032BF5
:10F4B000AAD14B88002BAFD11CF07F0FEFD0614653
:10F4C000F9F770FFEBE71CF07F0F9DD06146F9F76D
:10F4D0005BFF80212046F9F757FF9DE71CF07F0F67
:10F4E00092D111064FF000034FF002024CBF00F121
:10F4F000140100F5A0710B6000F02EF88CE79B69F9
:10F50000002B81D00CF07F035D1C05EB850500EB23
:10F510008505ADE761462046F9F752FF08B10123A2
:10F52000A8E72860A7E76146F9F72EFFB7E700BF15
:10F530000B7803704B784370CA788B7803EB022307
:10F5400043804A790B7903EB02238380CA798B7954
:10F5500003EB0223C380704710B5134602240A460A
:10F560000021C0F86C42C0E90733F9F74BFF0020D7
:10F5700010BD00BF8C46002108B513466246F9F75E
:10F5800041FF002008BD00BF8C46002108B513468E
:10F590006246F9F745FF002008BD00BF08B5042109
:10F5A0000023C0F86C121A461946F9F72BFF002009
:10F5B00008BD00BF08B505210023C0F86C121A462B
:10F5C0001946F9F72DFF002008BD00BFD0F8C4236D
:10F5D0000132C0F8C42302780B2A00D07047D0F85B
:10F5E0007C33002BFAD09B69184700BF012380F8B9
:10F5F00023337047002380F82333704703460022EB
:10F600000121104683F8201383F8212383F8222355
:10F61000704700BF38B501230025044680F8213328
:10F6200080F8235380F82053F9F71EFF21792046F4
:10F6300000F006F86179204600F002F8284638BD4F
:10F640000A2907D800EB8100D0F88433C3F30E03F6
:10F65000C0F88433002070470C4A82B00C4BD2F8BB
:10F66000DC1041F04001C2F8DC10D2F8DC2002F0DE
:10F6700040020192019A1A6822F020021A601A6868
:10F6800042F004021A6002B0704700BF0044025802
:10F690000018024870B5002304464FF4806204212C
:10F6A0004FF440353448C4F83821C4F8D410C4F8B5
:10F6B0003431C4F84C113149C4F8B000C4F82811F1
:10F6C000C4E92F32C4E93133C4E93335C4E93733EF
:10F6D000C4E94F33C4E95135C4E95533A268032363
:10F6E000C4F8D830C4F85031042A0AD8DFE802F050
:10F6F0001F262D34030055225623C4F8B420C4F825
:10F700002C310022402304F1B005C4F8B82028466B
:10F71000C4F83031F2F7C8FD08B1FFBEFEE704F5CA
:10F7200094763046F2F7C0FDE8B1FFBEFEE7252231
:10F730002623C4F8B420C4F82C31E2E7272228237A
:10F74000C4F8B420C4F82C31DBE73D223E23C4F8D2
:10F75000B420C4F82C31D4E753225423C4F8B42085
:10F76000C4F82C31CDE704F12803C4E92865C4F8B6
:10F77000E830C4F8603170BD4004024058040240D3
:10F780002DE9F04F814683B00E4617461D4600F125
:10F790002804204601F090FD01288246F9D1484610
:10F7A000FFF778FF8046002835D1EFF310830193EF
:10F7B00072B6DFF888B00C9B99F90820DFF880A0BA
:10F7C000DFF88090CBF800300D9B89F80020CAF854
:10F7D00000300DB11846A847BAB23146204601F0B4
:10F7E000E1F830B9019B03B962B6404603B0BDE809
:10F7F000F08F0023CBF80030CAF80030FF2389F8DF
:10F8000000300C9B8BB101210D9888469847019BD5
:10F81000002BEAD1E8E70C9B53B1D0460D98514636
:10F820009847404603B0BDE8F08F4FF00108D9E794
:10F83000D046404603B0BDE8F08F00BFB0E00024E2
:10F84000B8E00024B4E000242DE9F04F814683B0F5
:10F850000E4617461D4600F12804204601F02CFDF7
:10F8600001288246F9D14846FFF714FF8046002858
:10F8700035D1EFF31083019372B6DFF888B00C9B9B
:10F8800099F90820DFF880A0DFF88090CBF80030ED
:10F890000D9B89F80020CAF800300DB11846A84722
:10F8A000BAB23146204601F041FA30B9019B03B9A2
:10F8B00062B6404603B0BDE8F08F0023CBF80030BD
:10F8C000CAF80030FF2389F800300C9B8BB101216E
:10F8D0000D9888469847019B002BEAD1E8E70C9BDE
:10F8E00053B1D0460D9851469847404603B0BDE805
:10F8F000F08F4FF00108D9E7D046404603B0BDE88D
:10F90000F08F00BFB0E00024B8E00024B4E0002491
:10F910002DE9F04F814683B00F461646984600F118
:10F920002804204601F0C8FC0128FAD18246484646
:10F93000FFF7B0FE0546002838D1EFF3108301939E
:10F9400072B699F90830DFF88890DFF888B089F846
:10F9500000300D9BDFF880A0CBF800300E9BCAF87A
:10F9600000300C9B0BB10E9898471FFA88F33A466B
:10F970003146204601F0CEF830B9019B03B962B69A
:10F98000284603B0BDE8F08F0023CBF80030CAF85A
:10F990000030FF2389F800300D9B8BB101210E98B8
:10F9A0000D469847019B002BEAD1E8E70D9B4BB130
:10F9B00055460E9851469847284603B0BDE8F08F4B
:10F9C0000125DAE75546284603B0BDE8F08F00BFB1
:10F9D000B4E00024B0E00024B8E000242DE9F043B6
:10F9E000002387B00222044605690493CDE902236F
:10F9F000D0E902128E00FAB1022D7AD02178B5FA40
:10FA000085F54FF00108276A0B294FEA551521D1DA
:10FA1000A2780B2A02D0B8F1000F38D123790B2B32
:10FA200001D0002D6CD1A37917B10B2B40F0998038
:10FA3000002007B0BDE8F08335F002032178276A83
:10FA40000CBF4FF001084FF00008023D18BF012520
:10FA50000B29DDD07D4B94F801C053F82620107897
:10FA60000B2802D0884200F0AD80D378D01C994298
:10FA700002D10B2B40F0BD809379901D8B4202D1B7
:10FA80000B2B40F0BC80012007B0BDE8F083711C57
:10FA90006E4BE07853F8213019780B2902D08A4256
:10FAA00000F0B580D97803F1030C0B2902D08A420B
:10FAB00000F0BB80997903F1060C0B29E3D08A4250
:10FAC000E1D1DB798342DED1634604F102099B7800
:10FAD00048460593F9F7D6FC80464846F9F7DAFC24
:10FAE00001A901904046F9F785FD23790B2B98D1A8
:10FAF00099E70178076A0B2940F0868001258DE798
:10FB0000B11C524A607952F8212011780B2902D099
:10FB10008B4200F08180D178D51C0B2902D08B421A
:10FB200000F08D809179951D8B42ACD10B29AAD024
:10FB3000D3798342A7D12A46251D93782846059379
:10FB4000F9F7A0FC034628461D46F9F7A3FC01A9D6
:10FB500001902846F9F74EFDA379002F7FF465AF99
:10FB600066E7F11C394AE07952F8212011780B2917
:10FB700001D08B425FD0D178D51C0B2901D08B42AC
:10FB80004FD09179951D8B427FF47DAF0B293FF4C7
:10FB90007AAFD37983427FF476AF2A46A51D937856
:10FBA00028460593F9F76EFC04462846F9F772FCDF
:10FBB000034601A920460193F9F71CFD002007B078
:10FBC000BDE8F083537863457FF44FAF93782046C8
:10FBD0000593F9F757FC81462046F9F75BFC01A92C
:10FBE00001904846F9F706FDA2780B2A7FF413AF7F
:10FBF00014E7137963457FF43FAF0246E6E7D37914
:10FC000063457FF440AFF8E79846012522E759782D
:10FC100081427FF447AF58E7517881427FF47BAF50
:10FC20008AE711798142ACD1B7E7197981427FF433
:10FC300041AF634649E7517881429CD1AEE71179E3
:10FC400081427FF46FAF2A4676E700BFE4220108C5
:10FC5000654A0368934200F0B980A2F57842934266
:10FC600000F0B68002F58062934200F0B38002F5A6
:10FC70007842934200F0B08002F5E052934200F0E7
:10FC8000AD805A4A934240F0AB8005234FF4D071C7
:10FC9000574A01FB03F310B5D418D05C86B0F9F7CE
:10FCA00001FCA078F9F7FEFB2079F9F7FBFBA079BE
:10FCB000F9F7F8FBA368052B11D8DFE803F0192F3B
:10FCC000455B71034B4BD3F8F42042F02002C3F89C
:10FCD000F420D3F8F43003F020030593059B20466D
:10FCE000FFF77CFE012801D006B010BDFFBEFEE785
:10FCF000404B00222320D3F8F01041F48051C3F888
:10FD0000F0101146D3F8F03003F480530093009BB9
:10FD1000F2F718F92320F2F753F9E0E7354B002208
:10FD20002420D3F8E81041F48041C3F8E8101146CC
:10FD3000D3F8E83003F480430193019BF2F702F912
:10FD40002420F2F73DF9CAE72A4B00223320D3F8EA
:10FD5000E81041F40041C3F8E8101146D3F8E83048
:10FD600003F400430293029BF2F7ECF83320F2F71E
:10FD700027F9B4E71F4B00225420D3F8F01041F4C8
:10FD80000051C3F8F0101146D3F8F03003F40053DB
:10FD90000393039BF2F7D6F85420F2F711F99EE78C
:10FDA000144B00225520D3F8F01041F48011C3F811
:10FDB000F0101146D3F8F03003F480130493049B41
:10FDC000F2F7C0F85520F2F7FBF888E700235DE76B
:10FDD00001235BE7022359E7032357E7042355E791
:10FDE00000231B78FFDE00BF0030014000140058E4
:10FDF00090D60024004402582DE9F043002289B037
:10FE00001B4B01210DF1040C9E461A4B0791E14654
:10FE1000E04667460EF11C060EF138050EF154045B
:10FE2000CDE90122CDE90322CDE90522FF221A7096
:10FE3000BCE80F00AEE80F009CE807008EE8070062
:10FE4000B9E80F000FC69CE8070086E80700B8E88D
:10FE50000F000FC59CE8070085E807000FCF0FC40F
:10FE60009CE8070084E8070009B0BDE8F08300BF04
:10FE70000C030024B4E00024014801F0F1B800BFF5
:10FE8000B8D60024014801F0EBB800BF58D80024D0
:10FE9000014801F0E5B800BFF8D90024014801F09D
:10FEA000DFB800BF98DB0024014801F0D9B800BFDB
:10FEB00038DD002410B5EFF3108472B6084B1A78C1
:10FEC000120602D504B962B610BD1B784FF4D07289
:10FED00004485BB202FB0300B030F2F75DFDF1E7CE
:10FEE000B4E0002490D6002410B5EFF3108472B66D
:10FEF000094B1A78120602D504B962B610BD1B78F8
:10FF00004FF4D07205485BB202FB030000F5947019
:10FF1000F2F742FDF0E700BFB4E0002490D60024E1
:10FF20002DE9F04184B0EFF3108772B6284AFF2123
:10FF3000284C1368217023B100211160264A1068F3
:10FF4000984723781B061CD5DFF894800025234EA4
:10FF50004446216879B162686AB1A369012B22D055
:10FF6000A3B963693046019323690093E36822894A
:10FF7000FFF76AFC18B301351C3406F5D076042D62
:10FF8000E7D107B962B604B0BDE8F081D4E9043026
:10FF9000CDE90130E068238900903046FFF7B8FCD6
:10FFA0000028E8D10BE0D4E904301146CDE9003057
:10FFB0003046E3682289FFF7E3FB0028DBD1C5EB7D
:10FFC000C50508EB850348F825005860D9E700BF50
:10FFD000B0E00024B4E00024B8E0002490D600246F
:10FFE0000C0300242DE9F04184B0EFF3108772B6C2
:10FFF000284AFF21284C1368217023B10021116089
:020000040801F1
:10000000264A1068984723781B061CD5DFF8948091
:100010000025234E4446216879B162686AB1A3691C
:10002000012B22D0A3B96369304601932369009361
:10003000E3682289FFF708FC18B301351C3406F584
:10004000D076042DE7D107B962B604B0BDE8F081DF
:10005000D4E90430CDE90130E068238900903046CE
:10006000FFF756FC0028E8D10BE0D4E90430114634
:10007000CDE900303046E3682289FFF781FB002894
:10008000DBD1C5EBC50508EB850348F825005860B2
:10009000D9E700BFB0E00024B4E00024B8E00024B9
:1000A00090D600240C0300242DE9F04184B0EFF336
:1000B000108772B6284AFF21284C1368217023B19B
:1000C00000211160264A1068984723781B061CD52A
:1000D000DFF894800025234E4446216879B1626898
:1000E0006AB1A369012B22D0A3B963693046019399
:1000F00023690093E3682289FFF7A6FB18B3013553
:100100001C3406F5D076042DE7D107B962B604B0E9
:10011000BDE8F081D4E90430CDE90130E0682389FD
:1001200000903046FFF7F4FB0028E8D10BE0D4E95B
:1001300004301146CDE900303046E3682289FFF7EC
:100140001FFB0028DBD1C5EBC50508EB850348F88C
:1001500025005860D9E700BFB0E00024B4E00024D7
:10016000B8E0002490D600240C0300242DE9F041CF
:1001700084B0EFF3108772B600F066FB284A294C72
:10018000FF21136821702BB1002111600121264A43
:100190001068984723781B061CD5DFF8948000254B
:1001A000224E4446216879B162686AB1A369012B85
:1001B00022D0A3B963693046019323690093E368B1
:1001C0002289FFF741FB18B301351C3406F5D076C0
:1001D000042DE7D107B962B604B0BDE8F081D4E9D7
:1001E0000430CDE90130E068238900903046FFF704
:1001F0008FFB0028E8D10BE0D4E904301146CDE9AB
:1002000000303046E3682289FFF7BAFA0028DBD1D4
:10021000C5EBC50508EB850348F825005860D9E70C
:10022000B0E00024B4E00024B8E0002490D600241C
:100230000C03002430B4544B002108220220534CFC
:10024000D9615862C3F8BC11C3F8C401C3F85C1388
:10025000C3F86403C3F8F424C3F8F814C3F8FC1417
:10026000C3F80405C3F89426C3F89816C3F89C167F
:10027000C3F8A406C3F83428C3F83818C3F83C18E8
:10028000C3F84408424D4348C3E90521C3E96D2141
:10029000C3E9D5212288A3783F49EA80CA800B723E
:1002A0003E492B72CA800B722168A0F8032043716B
:1002B000C28003723A4C3B48E2802372A0F80320CC
:1002C000394C4371C28003723848E2802372A0F82F
:1002D0000320374C4371C2800372080C2180A07048
:1002E000A4F803206371E2802372324C324D2180E6
:1002F000A070A4F803206371E28023722F4CEA807F
:1003000021802B72A070A4F803206371E280237215
:100310002B4C2180A070A4F803206371E28023722B
:10032000284C2180A070A4F803206371E28023721E
:10033000254C2180A070A4F803206371E280237211
:10034000224C2180A070A4F803206371E280237204
:100350001F4C21801F49A070A4F803201E48637120
:10036000E2802372A1F803201C4C4B71CA800B72EF
:100370001B49E2802372C2800372A1F803204B71F3
:10038000CA800B7230BC704790D60024E02201086E
:1003900094020024B8020024880200244C020024A5
:1003A000A0020024DC020024C40200246402002411
:1003B00080E0002468E00024D002002474E00024DF
:1003C00050E00024A4E000248CE0002498E0002405
:1003D0005CE0002400030024F4020024E80200246E
:1003E00070020024714A036811698B4200B587B01E
:1003F0004BD0916E8B4200F0B680D2F8C0108B4289
:1004000000F0B380D2F818118B4200F0B080B3F145
:10041000804F1ED0664A93420DD0664A934200F048
:10042000A880654A934200F0B280644A93421ED08D
:1004300007B05DF804FB624BD3F8E82042F00202FB
:10044000C3F8E820D3F8E83003F002030293029BDC
:10045000EEE75B4BD3F8E82042F00102C3F8E82056
:10046000D3F8E83003F001030193019BE0E7544B1C
:10047000D3F8E82042F01002C3F8E820D3F8E830BF
:1004800003F010030593059BD2E700205821B3F138
:10049000804F01FB0022127B1ED045498B4235D094
:1004A00044498B4248D044498B42BED1444BD3F897
:1004B000E81041F00801C3F8E810D3F8E83003F081
:1004C00008030493049B002AB2D0322000220F219B
:1004D000F1F738FD322014E0394BD3F8E81041F041
:1004E0000101C3F8E810D3F8E83003F001030193E9
:1004F000019B002A9CD01C2000220F21F1F722FD35
:100500001C2007B05DF804EBF1F75ABD2C4BD3F873
:10051000E81041F00201C3F8E810D3F8E83003F026
:1005200002030293029B002A82D01D2000220F2189
:10053000F1F708FD1D20E4E7214BD3F8E81041F066
:100540000401C3F8E810D3F8E83003F00403039380
:10055000039B002A3FF46CAF1E2000220F21F1F70D
:10056000F1FC1E20CDE7012090E702208EE703205A
:100570008CE7134BD3F8E82042F00402C3F8E820DC
:10058000D3F8E83003F004030393039B50E70C4BCC
:10059000D3F8E82042F00802C3F8E820D3F8E830A6
:1005A00003F008030493049B42E700BFBCE000246F
:1005B0000004004000080040000C00400010004013
:1005C000004402580F4B026819698A420BD0996E99
:1005D0008A4211D0D3F8C0108A420FD0D3F8181134
:1005E0008A420DD070470021582202FB01331A6D58
:1005F000002AF7D0586D10470121F5E70221F3E7F3
:100600000321F1E7BCE00024014800F0EFBF00BF88
:10061000CCE00024014800F0E9BF00BF24E1002441
:10062000014800F0E3BF00BF7CE10024014800F076
:10063000DDBF00BFD4E10024F0B54FF0580C0F68C7
:100640002E4D8DB00CFB07FC032F05EB0C0606604E
:1006500047DC0B460868344649689A6807C41B7B28
:10066000237004AC7268264B002A4FF000027261BE
:1006700018BF1022B2610FCB84E80F000CAB03EB64
:10068000870353F8203CB3F1804F336124D01D4AD7
:10069000934221D030890CF110045823002180228C
:1006A00003FB07532C44C3E907019A62204600F07C
:1006B00007FE034600B1FEE74FF4805208A920462A
:1006C000099301930892CDE90A33CDE9023300F092
:1006D000C7FE034640B1FEE7582303FB0753986863
:1006E000D9E701200DB0F0BD01A920460193039385
:1006F00001F034F80028F5D0FEE700BFBCE000248C
:1007000020210108000C0040006808B5037B103070
:100710002BB100F08FFE003818BF012008BD00F09B
:100720006FFE003818BF012008BD00BF0C4B00222F
:100730004FF0FF311A739960196683F86420C3F88B
:10074000B81083F8BC20C3F8101183F81421C3E952
:100750000022C3E91622C3E92C22C3E942227047D2
:10076000BCE00024034688B190F83D20022A03D063
:10077000802201209A66704702680421002083F8D5
:100780003D10D36823F00103D36070470120704708
:1007900003682C495A6910B49C6944F008049C61B0
:1007A0009C6944F010049C611C6824F001041C60E6
:1007B0001C6921401961996821F44041996090F8C1
:1007C0008110042901D0910630D490F881100329BA
:1007D00001D054061FD4910509D5D0F8841041F0FA
:1007E0000101C0F88410996941F400719961D20542
:1007F00009D5D0F8842042F00802C0F884209A6914
:1008000042F480729A6100235DF8044BA0F86230D4
:10081000A0F86A307047D0F8841041F00401C0F8A5
:100820008410996941F040019961D4E7D0F88410AF
:1008300041F08001C0F88410996941F0200199616C
:10084000C3E700BF90FCFFFF002800F0A48002680F
:100850000021F8B5514B044681629A4216D0A3F5A7
:1008600078439A4212D003F58063C0689A4200F040
:100870008A800F2808D8E16B00F108034D09DB08D6
:1008800005FB0333082B15D90120F8BDE068E16BA7
:1008900000F10803414E4D09DB0805FB0333404DD1
:1008A000AA4218BFB24203D005F58065AA4201D121
:1008B000102BE9D894F8813003F0FF05002B58D0B5
:1008C000002702236568A66B84F88130136823F043
:1008D00001031360A369B3F1806F3ED03943676BA6
:1008E0003B43676A3B4327693B4367693B43276A4E
:1008F0003B43E76C3B43A7683B43A76C3B43A76D77
:100900003B432B433343E669314308439060D36054
:10091000B5B9936823F4C05343F4006393609368BC
:1009200023F4C06343F480639360136D23F00103E9
:10093000136500200123C4F8840084F88130F8BDD9
:10094000136D23F0010313656B02F2D5D368616D5B
:1009500023F000430B43D360EBE7B5F5800FBDD127
:10096000002EBBD1D2F800C04CF4805CC2F800C0AD
:10097000B4E7204684F88050FFF76AF92268A76A36
:10098000E16BE0689DE7E16B00F108034D09DB08CE
:1009900005FB03338CE70120704700BF00300140A6
:1009A00000380040F8B590F88030012B00F08C80C2
:1009B00090F88130154601220446DEB2934280F859
:1009C00080206AD1002963D0B5FA85F35B09002D38
:1009D0005ED003224366A0F8683080F88120C0F81A
:1009E0008430A0F86250A0F86A30C165A0F8605069
:1009F000C0E91C338368B3F5C02F04D102681368C3
:100A000043F400631360E368A06F0F2B4BD9836935
:100A1000B3F5804F3CD122683A4B3B4F2032036400
:100A200052F8183CC763394F23F40043C7640027CA
:100A3000076542F8183CB4F862309BB2F1F7F2FD5A
:100A4000002844D1A36F324ADB69B3F5807F236865
:100A5000596802EA010218BF2A435A609A6861681D
:100A600042F40042B1F5800F9A601A6942F448726C
:100A70001A611A6842F001021A6003D11A6842F43E
:100A800000721A6000231E4684F880303046F8BD9C
:100A9000002384F880303046F8BD0023022680F819
:100AA00080303046F8BD072B83691AD8B3F5005F54
:100AB00020D0B3F5804FAED1B4F862309BB203338F
:100AC0009B08A4F86230A6E702263046F8BDD4F8A9
:100AD0008430012243F01003C4F8843084F881206C
:100AE000D9E7B3F5804F05D0B3F5005FD0D1B3F5AA
:100AF000804F90D1B4F862309BB201335B08A4F808
:100B0000623088E75D0F0108E10E0108890F0108D6
:100B10000000FFFF70B51D4690F88030012B00F0FB
:100B2000B9800123044680F8803090F88130406815
:100B3000DBB2B0F5800F7DD0012B40F08580002D19
:100B400018BF002A71D000296FD094F88130042B8F
:100B500002D0052384F881300023E1652168C4F8C0
:100B60008430A4F86250A4F86A50A4F86050626619
:100B7000A4F86850C4E91C338B6823F440438B60AD
:100B8000E3680F2B65D9E06F8369B3F5804F4CD1D3
:100B900094F88130042B00F08A805E4B03645E4B36
:100BA000C3635E4E3031B4F86A30C66400269BB22F
:100BB0000665F1F737FD00286ED12268A16F9368B2
:100BC000203243F4804342F8183CB4F86230C1E963
:100BD0000F00C1E913009BB20846E16DF1F722FD59
:100BE000002859D1A36FDB69B3F5807F236863D0F8
:100BF00059684B4A0A402A435A609A68616842F42D
:100C00000042B1F5800F9A601A6942F458721A6175
:100C10001A6842F001021A6003D11A6842F40072A5
:100C20001A60002384F8803070BD0023012084F80E
:100C3000803070BDA06800287FF47EAF042B3FF4A5
:100C40007EAF012B3FF47BAF0023022084F880307D
:100C500070BD072B35D8A36F9B69B3F5005F50D0EB
:100C6000B3F5804F06D1B4F862309BB203339B08D2
:100C7000A4F86230E06F8369B3F5005F39D0B3F553
:100C8000804F85D1B4F86A309BB203339B08A4F837
:100C90006A307DE7022070BDD4F88430012243F031
:100CA00010031046C4F8843084F8812070BD1D4BB9
:100CB00003641D4BC36374E75968194A0A405A60BC
:100CC0009BE7E06F8369B3F5005F02D0B3F5804F17
:100CD000ABD1A66FB669B6F5804F06D1B4F86260A5
:100CE000B6B201367608A4F86260B3F5804F7FF49F
:100CF0004FAFB4F86A309BB201335B08A4F86A3096
:100D000046E7B4F862309BB201335B08A4F8623066
:100D1000B0E700BF7D0F0108310F0108890F0108FE
:100D20000000FFFF6D0F0108090F01082DE9F041D8
:100D30001546826804460E4622B94368B3F5800F13
:100D400000F0958094F88030012B00F09980012309
:100D500084F8803094F88130012BDFB269D1002E05
:100D600061D0B5FA85F35B09002D5CD00421B2F5A2
:100D7000C02F666684F88110A4F86850C4F88430E7
:100D8000A4F86030A4F86A50A4F86230C4E91C33B7
:100D900004D12268136823F400631360E3680F2B07
:100DA0004ED9E06F8369B3F5804F3CD121688B68E1
:100DB00023F480438B603246454EB4F86A303031BC
:100DC0000664444E9BB2C663434EC6640026066565
:100DD000F1F728FC002857D1E36F404ADB69B3F5EF
:100DE000807F2368596802EA010218BF2A435A60CB
:100DF0009A68616842F48042B1F5800F9A601A697E
:100E000042F450721A611A6842F001021A6003D16A
:100E10001A6842F400721A6000231F4684F880307A
:100E20003846BDE8F081002384F880303846BDE8BC
:100E3000F0810023022784F880303846BDE8F08135
:100E4000072B2BD82168E06F8B6823F480438B60DD
:100E50008369B3F5005F32D0B3F5804FABD1B4F8FE
:100E60006A309BB203339B08A4F86A30A3E72B4691
:100E700004250A4680F88150BDE8F041FFF74ABEDC
:100E800002273846BDE8F081D4F88430012243F0CF
:100E90001003C4F8843084F88120C7E7E06F8269CA
:100EA000B2F5804F02D0B2F5005FBCD12168B2F537
:100EB000804F8B6823F480438B607FF47CAFB4F861
:100EC0006A309BB201335B08A4F86A3073E700BF55
:100ED0006D0F0108090F0108890F01080000FFFFCD
:100EE000806B08B590F88130072B09D0836FDB69E0
:100EF000B3F5807F05D00268136943F008031361DE
:100F000008BDFFF70DF808BD806B08B590F881307B
:100F1000072B09D0C36FDB69B3F5807F05D002686A
:100F2000136943F00803136108BDFFF75BF808BDC0
:100F3000806B08B590F88130072B09D0836FDB698F
:100F4000B3F5807F05D00268136943F0080313618D
:100F500008BDFFF7A9F808BD704700BF806B08B552
:100F6000FFF7FAFF08BD00BF704700BF806B08B5F0
:100F7000FFF7FAFF08BD00BF704700BF806B08B5E0
:100F8000FFF7FAFF08BD00BF10B5846BF2F754F805
:100F9000022800D110BD236830495A69986940F091
:100FA00008009861986940F010009861186820F076
:100FB00001001860186901401961996821F44041E5
:100FC000996094F88110042901D091063AD494F8DC
:100FD0008110032901D0500629D4910509D5D4F8F0
:100FE000841041F00101C4F88410996941F4007142
:100FF0009961D20509D5D4F8842042F00802C4F8DA
:1010000084209A6942F480729A610023012220466A
:10101000A4F86230A4F86A30D4F8843043F01003A6
:10102000C4F8843084F88120FFF7A0F810BDD4F80C
:10103000841041F00401C4F88410996941F0400122
:101040009961CAE7D4F8841041F08001C4F8841093
:10105000996941F020019961B9E700BF90FCFFFF59
:10106000036819695A692DE9F04101EA02059F6890
:10107000044690F8816005F0640CBCF1040F2FD099
:1010800005F04500012834D005F02600022800F0C4
:10109000DF80280770D59A6917F4404FF6B242F006
:1010A00008029A619A6942F010029A619A6942F4C0
:1010B00000629A611A6922F008021A6123D0042E94
:1010C00000F0DE80A26FD269EAB1032E50D0E26F49
:1010D000D269C2B1052E14D12046FEF7E5FF10E01B
:1010E000436F9847236F2046984705F04503012B2F
:1010F00002D1236F2046984705F02605022D00F007
:10110000A780BDE8F0819A6812F4404F1FD1B4F86F
:101110006A2092B2DAB1626E0EE01B6B42F8043BB9
:101120006266B4F86A30013B9BB2A4F86A30B4F846
:101130006A309BB25BB12368E1680F29EDD80729BB
:1011400040F292801B8E22F8023B6266E9E720465D
:10115000FFF71EFB012384F88130D4F88430002B84
:101160007FD1052EB8D0042E00F08F80032EC8D179
:101170002046FEF7D5FEC4E7100501D50A077AD44C
:1011800015F4587FBDD06E0609D5D4F8842042F0FE
:101190000402C4F884209A6942F040029A61A805CA
:1011A00009D5D4F8842042F00102C4F884209A6959
:1011B00042F400729A61E90509D5D4F8842042F01E
:1011C0000802C4F884209A6942F480729A61AA06DF
:1011D00009D5D4F8842042F08002C4F884209A69AA
:1011E00042F020029A61D4F88420002A89D019683C
:1011F00007F44047274A21F00101B7F5404F196035
:10120000196902EA01021A6127D19A68E06F22F493
:1012100040429A6050B1204B0365F1F723FB28B19F
:10122000D4F8843043F04003C4F88430A06F002821
:101230003FF467AF184B0365F1F714FB00283FF448
:1012400060AFD4F8843043F04003C4F8843058E7EA
:10125000636F2046BDE8F04118470123204684F81B
:101260008130FEF783FF4CE793F830301370626EE5
:101270000132626655E79A6942F400629A6140E77A
:10128000E26FD269002A3FF43EAF2046FEF7AAFE85
:1012900037E700BF94FCFFFF9D12010808B5806B83
:1012A00000230122A0F86A30A0F8623080F8812083
:1012B000FEF75CFF08BD00BF90F88100704700BFDB
:1012C000002800F08F8038B590F83D30044603F0D8
:1012D000FF02002B60D0226802234349B2F1804F05
:1012E00084F83D30A2EB01011368B1FA81F14FEAB5
:1012F000511127D031BB3D483D4D824251D000F5C0
:10130000806082424DD0551B00F58060B5FA85F5AE
:1013100082424FEA55154DD0002D4BD13548364904
:101320008A4218BF82424FD001F580618A424BD079
:10133000A06923F08003E168034313606368D1620E
:10134000936223E02A4D23F07003A068551B0343EA
:10135000B5FA85F56D09206923F440730343A0694C
:1013600023F0800303431360E368D36263689362EE
:1013700051B94DB91F49204B9A4218BF8A4203D038
:1013800003F580639A4201D163691363012300204E
:10139000536184F83D3038BD80F83C20FFF722F8D7
:1013A00099E7551B23F07003A068B5FA85F5034350
:1013B0006D09D0E7A06823F0700303430F48824211
:1013C000C9D0002DC7D1A9E7206923F44073A169D2
:1013D0000343E06823F080030B4361681360D0622D
:1013E0009162C7E7012070470000014000040040FF
:1013F000000401400040014000440140000C004056
:101400004FF0020C01680A4A034680F83DC0886824
:101410000240062A06D0B2F5803F03D00A6842F0A7
:1014200001020A600122002083F83D20704700BFBE
:10143000070001000368094AD96841F00101D96039
:1014400099680A40062A06D0B2F5803F03D01A6890
:1014500042F001021A600020704700BF070001003F
:1014600090F83C30012B7DD002460223006830B456
:10147000012482F83D3082F83C40544C83681C4083
:101480000B68602B84606FD01DD9B3F5005F59D015
:1014900042D94F498B4206D038D94E498B4202D0AF
:1014A00010318B4206D184684B4921400B4343F0F5
:1014B0000703836000230121184682F83D1082F85B
:1014C0003C3030BC7047402B67D019D9502BF1D13C
:1014D000036A4C68CD6823F00A03016A1C433E4B43
:1014E00021F001010162816921F0F00141EA051159
:1014F0008161046281680B4043F057038360D9E740
:10150000202BD0D01AD9302BD4D1CCE723F0100126
:10151000B1F5801FCED1C6E7702BCBD18468D1E95D
:1015200001532B43CD6824F47F4143EA05230B4349
:101530008360836843F077038360BBE733F0100177
:10154000B8D1B0E7D1E9015384682B43CD6824F4C6
:101550007F4143EA05230B438360836843F4804360
:101560008360A7E702207047046A4D6824F01004E6
:10157000C9680462836923F4704343EA0133016A52
:1015800021F0A0018361144B41EA051101628168D9
:101590000B4043F0670383608CE7036A4C68CD68B7
:1015A00023F00A03016A1C430B4B21F00101016285
:1015B000816921F0F00141EA0511816104628168CD
:1015C0000B4043F04703836074E700BF8800CEFF01
:1015D00020001000300010008FFFCFFF704700BFC9
:1015E000704700BF704700BF704700BF03681A69AB
:1015F000910710B5044602D5DA68920768D41A69D3
:10160000520702D5DA6850074FD41A69110702D57C
:10161000DA68120737D41A69D00602D5DA68D1061B
:101620001ED41A69D20702D5DA68D00769D41A69BC
:10163000110602D5DA6812066BD41A69D00502D5F4
:10164000DA6811066DD41A69520602D5DA685006B6
:101650006FD41A69910602D5DA68920649D410BD92
:101660006FF010010822204619612277DB6913F41C
:10167000407F6FD1FFF7B2FF2046FFF7B3FF002294
:1016800023682277CDE76FF0080104222046196114
:101690002277DB699B075AD1FFF7A0FF2046FFF7AF
:1016A000A1FF002223682277B5E76FF00401022230
:1016B0002046196122779B6913F4407F44D1FFF7DC
:1016C0008DFF2046FFF78EFF0022236822779CE7DC
:1016D0006FF002010122196102779B69990730D1ED
:1016E000FFF77CFF2046FFF77DFF0022236822776B
:1016F00085E76FF0200220461A61BDE8104000F037
:101700005FB86FF0010220461A61FEF75BFF2368A5
:101710008DE76FF0800220461A6100F053F82368CD
:101720008BE76FF4807220461A6100F04DF8236851
:1017300089E76FF0400220461A61FFF755FF2368E2
:1017400087E7FFF74DFFD0E7FFF74AFFBCE7FFF75A
:1017500047FFA6E7FFF744FF91E700BF90F83C2062
:10176000012A28D003460068022230B4134D83F8C2
:101770003D20A8424268846818D005F58065A842DB
:1017800014D024F0800C22F070020C688968224387
:1017900000244CEA01014FF0010C426081602046B8
:1017A00083F83DC083F83C4030BC704722F470029F
:1017B0004D682A43E5E70220704700BF0000014062
:1017C000704700BF704700BF704700BF0B4601461F
:1017D000184600F001B8000010B5054C13462CB1B6
:1017E0000A4601460220AFF3008010BD2046FCE708
:1017F0000000000070B50D4D0D4C641BA4100026B8
:10180000A64209D10B4D0C4C00F0E6FD641BA41060
:101810000026A64205D170BD55F8043B9847013615
:10182000EEE755F8043B98470136F2E7F823010844
:10183000F8230108F82301081C2401080A449142F6
:1018400000F1FF3300D1704710B511F8014B03F8D8
:10185000014F9142F9D110BD02440346934200D199
:10186000704703F8011BF9E737B5002944D051F858
:10187000043C0190002BA1F10404B8BFE41800F06F
:10188000DFF81E4A0198136833B96360146003B02F
:10189000BDE8304000F0DAB8A34208D925686119E4
:1018A0008B4201BF19685B6849192160EDE71A4650
:1018B0005B680BB1A342FAD911685518A5420BD148
:1018C000246821445418A3421160E0D11C685B686D
:1018D000536021441160DAE702D90C230360D6E794
:1018E000256861198B4204BF19685B68636004BF97
:1018F000491921605460CAE703B030BD1CE20024DE
:10190000F8B5CD1C25F0030508350C2D38BF0C2586
:10191000002D064601DBA94203D90C2333600020C9
:10192000F8BD00F08DF821490A6814469CB9204F93
:101930003B6823B92146304600F03CF83860294620
:10194000304600F037F8431C23D10C233360304677
:1019500000F07CF8E3E723685B1B17D40B2B03D95B
:1019600023601C44256004E06368A2420CBF0B6046
:101970005360304600F06AF804F10B00231D20F09C
:101980000700C21ACCD01B1AA350C9E722466468CC
:10199000CCE7C41C24F00304A042E3D0211A304653
:1019A00000F008F80130DDD1CFE700BF1CE20024D1
:1019B00020E2002438B5064D0023044608462B607B
:1019C00000F082FB431C02D12B6803B1236038BDB9
:1019D00028E200240CB430B5174B0C1E1D689DB0D6
:1019E00008DA8B232B604FF0FF301DB0BDE830408C
:1019F00002B070474FF40273ADF8143014BF04F115
:101A0000FF332346049307934FF6FF73029006902B
:101A1000ADF81630209A21AB02A92846019300F0B8
:101A200077F8431CBCBF8B232B60002CDDD0029BBE
:101A300000221A70D9E700BF7C030024704770476A
:101A40000148FFF7FBBF00BF24E200240148FFF775
:101A5000F6BF00BF24E200242DE9F0478E689E42C5
:101A600082460C4690461F4638D88A8912F4906FF9
:101A700032D025680969A5EB0109656905EB4505C3
:101A800005EBD57501334B446D109D4238BF1D46A3
:101A9000530531D52946FFF733FF064650B90C23CD
:101AA000CAF80030A38943F04003A3814FF0FF3010
:101AB000BDE8F08721694A46FFF7C0FEA38923F4F9
:101AC000906343F08003A381266165614E44A5EBDA
:101AD00009052660A5603E46BE4200D93E46206804
:101AE0003246414600F0A8FAA3689B1BA360236816
:101AF000334423600020DBE72A4600F0B7FA0646AD
:101B00000028E1D121695046FFF7AEFEC7E700008B
:101B10002DE9F04F98468B891B069DB007460D4670
:101B200014460ED50B6963B94021FFF7E9FE286022
:101B3000286120B90C233B604FF0FF30D1E04023F7
:101B40006B610023099320238DF82930CDF80C8098
:101B50003023DFF8A8818DF82A304FF001092346A1
:101B60009A4613F8012B0AB1252AF9D1BAEB040BD6
:101B70000BD05B46224629463846FFF76DFF013001
:101B800000F0AA80099A5A4409929AF80030002B72
:101B900000F0A28000234FF0FF32CDE905230AF1C7
:101BA000010A049307938DF853301A935446052283
:101BB00014F8011B5148EEF79BFB049AD8B9D006E4
:101BC00044BF20238DF85330110744BF2B238DF8D9
:101BD00053309AF800302A2B15D0079A544600202B
:101BE0004FF00A0C214611F8013B303B092B4ED92E
:101BF000B0B1079214E0A0EB080309FA03F3134312
:101C00000493A246D2E7039B191D1B680391002B86
:101C1000BBBF5B4242F0020207930793B8BF049236
:101C200023782E2B0CD163782A2B35D1039B1A1DD8
:101C30001B680392002BB8BF4FF0FF3302340593AB
:101C4000DFF8C8A0217803225046EEF751FB40B1DF
:101C50004023A0EB0A0003FA00F0049B0343013485
:101C6000049314F8011B26488DF828100622EEF77D
:101C70003FFB002838D0234B1BBB039B073323F0CB
:101C8000070308330393099B3344099367E70CFB6D
:101C900002320C460120A5E70023013405931946C2
:101CA0004FF00A0C204610F8012B303A092A03D9CC
:101CB000002BC5D00591C3E70CFB0121044601238D
:101CC000F0E703AB00932A460F4B04A93846AFF365
:101CD0000080421C0646D6D1AB895B063FF52CAF8F
:101CE00009981DB0BDE8F08F03AB00932A46064B60
:101CF00004A9384600F07AF8EBE700BFA4230108F6
:101D0000AE23010800000000591A0108AA230108A7
:101D10002DE9F047164699468A680B69DDF8208060
:101D20009342B8BF1346336091F8432007460C46F0
:101D30000AB1013333602368990642BF3368023326
:101D40003360256815F0060506D104F1190AE36829
:101D500032689B1AAB4226DC94F84320131E22689B
:101D600018BF012392062BD404F14302494638469A
:101D7000C04701301ED02368E568326803F00603CF
:101D8000042B08BFAD1AA36822690CBF25EAE575CC
:101D900000259342C4BF9B1AED1800261A34B542A1
:101DA0001AD1002008E00123524649463846C04770
:101DB000013003D14FF0FF30BDE8F0870135C6E7B1
:101DC000E1185A1C302081F84300224494F8451051
:101DD00082F843100233C7E70123224649463846BA
:101DE000C0470130E6D00136D9E700002DE9FF47B2
:101DF0000F7E0C9D782F914680460C469A4601F145
:101E0000430207D8622F0AD8002F00F0D880582F3D
:101E100000F0A38004F1420584F842703AE0A7F193
:101E20006303152BF6D801A151F823F0851E010894
:101E3000991E0108151E0108151E0108151E01082E
:101E4000151E0108991E0108151E0108151E01081E
:101E5000151E0108151E0108A51F0108C91E01084D
:101E6000871F0108151E0108151E0108C71F01085C
:101E7000151E0108C91E0108151E0108151E0108BE
:101E80008F1F01082B681A1D1B682A6004F1420588
:101E900084F842300123A3E020682968060601F196
:101EA00004030AD50E682B60002E03DA2D23764238
:101EB00084F843305E480A2319E00E682B6010F066
:101EC000400F18BF36B2EFE72B682068191D296054
:101ED000010601D51E6802E04606FBD51E8854485F
:101EE0006F2F0CBF08230A23002184F84310656874
:101EF000A560002DA2BF216821F0040121600EB968
:101F0000002D4DD01546B6FBF3F103FB1167C75DFD
:101F100005F8017D3746BB420E46F4D9082B0BD19C
:101F20002368DE0708D5236961689942DEBF302344
:101F300005F8013C05F1FF35521B2261CDF800A0E8
:101F40004B4603AA21464046FFF7E2FE01304CD142
:101F50004FF0FF3004B0BDE8F087354881F8457098
:101F60002968236851F8046B29601D0614D5DF0722
:101F700044BF43F0200323601EB9236823F02003ED
:101F800023601023B0E7236843F020032360782305
:101F9000284884F84530E3E7590648BFB6B2E6E77B
:101FA0001546BBE72B6826686169181D2860350651
:101FB0001B6801D5196002E07006FBD5198000236B
:101FC00023611546BAE72B681A1D2A601D686268EE
:101FD00000212846EEF78CF908B1401B6060636869
:101FE0002361002384F84330A8E723692A46494641
:101FF0004046D0470130ABD023689B0713D4E0683C
:10200000039B9842B8BF1846A4E7012332464946CD
:102010004046D04701309BD00135E36803995B1AF5
:10202000AB42F2DCEBE7002504F11906F5E700BF4F
:10203000B5230108C6230108884210B501EB02044C
:1020400002D98442234607D8431EA14208D011F882
:10205000012B03F8012FF8E7024401468A4200D120
:1020600010BD13F8014D02F8014DF7E7F8B507462A
:1020700014460E4621B9BDE8F8401146FFF740BCB2
:1020800022B9FFF7F1FB25462846F8BD00F014F809
:10209000A0420FD221463846FFF732FC0546002801
:1020A000F2D031462246FFF7C9FB31463846FFF7EA
:1020B000DBFBE9E73546E7E751F8043C181F002B46
:1020C000BCBF0B58C0187047044A05491368002B61
:1020D00008BF0B4618441060184670472CE20024D5
:1020E00030E20024FFFFFFFFFFFF000001060000B9
:1020F000010700000054004000580040005C004010
:10210000001C005825002600270034003500470039
:10211000520053008E00000001010103070100007E
:10212000000000400004004000080040000C004097
:10213000707265737365640072656C656173656464
:1021400000000000010400006DDBDBB64992B66DB3
:1021500024499224452C25640A000000502C256453
:102160002C25642C25642C25640A0000532C25643E
:102170002C25732C25640A00000610160006101684
:10218000060000000C000000120000001800000013
:1021900000010000060100000C0100001201000017
:1021A0001801000000020000060200000C020000FE
:1021B00012020000180200000003000006030000E5
:1021C0000002030000000000010000000000000009
:1021D0000000FA4500007A460000FA4600803B47BE
:1021E0000080BB4700100140004400400048004010
:1021F000004C0040005000400014014000780040B6
:10220000007C0040000C00580000000000040000AA
:102210000006000000100000000000000030000078
:10222000002000000000001000000000001000006E
:10223000000000000102030401020304060708096C
:102240000002010200020102010002000400080075
:10225000100020004000800000010002000400087F
:1022600000100020004000800000025800040258C6
:1022700000080258000C02580010025800140258BE
:1022800000180258001C025800200258002402586E
:10229000002802580000000001808080808080803B
:1022A0000480808080808080088080808080808022
:1022B00010808080808080802080808080808080EE
:1022C0004000000000040810204000000204081034
:1022D0002040000008040204080101010000000081
:1022E0000B00FF00940200247C02002488020024DA
:1022F0004C020024B8020024A0020024AC020024F6
:1023000058020024DC020024C4020024D00200246D
:102310006402002480E0002468E0002474E00024CB
:1023200050E00024A4E000248CE0002498E0002485
:102330005CE0002400030024E8020024F4020024EE
:1023400070020024000000000000000000000000F7
:10235000000000000000000000000000000000007D
:10236000000000000000000000000000000000006D
:10237000000000000000000000000000000000005D
:10238000000000000000000000000000000000004D
:10239000000000000000000000000000000000003D
:1023A00000000000232D302B2000686C4C00656677
:1023B0006745464700303132333435363738394196
:1023C00042434445460030313233343536373839AC
:1023D0006162636465660000F8B500BFF8BC08BCC4
:1023E0009E467047F8B500BFF8BC08BC9E467047D3
:0823F000D0DFFE7F01000000B8
:1023F800C5020008F50700084D6100081D700008B7
:1024080045760008218A0008F59100083502010880
:042418002D07010883
:04241C00A102000811
:10242000000000000100000010000000100000008B
:10243000000000000000000000000000000000009C
:10244000000000001000000000000000000000007C
:10245000000000000000000000000000100000006C
:10246000000000000000000000000000000000006C
:10247000000000000000000000000000000000005C
:10248000000000000000000000000000010000004B
:10249000000000000000000000000000000000003C
:1024A000000000000000000001000000000000002B
:1024B000000000000000000000000000000000001C
:1024C000000000000100000000000000000000000B
:1024D00000000000000000000000000000000000FC
:1024E00001000000000000000000000000000000EB
:1024F00000000000000000000000000001000000DB
:1025000000000000000000000000000000000000CB
:1025100000000000000000000100000000000000BA
:1025200000000000000000000000000000000000AB
:10253000000000000100000000000000000000009A
:10254000000000000000000000000000000000008B
:10255000010000000000000000000000000000007A
:10256000000000000000000000000000010000006A
:10257000010708000000000000000000010608003C
:1025800000000000000000000B00FF00FC01002420
:10259000F001002414020024080200242C0200246C
:1025A00020020024C0010024B4010024D80100242A
:1025B000CC010024B0CF002438020024E401002420
:1025C0008CCF0024A4CF002498CF00245C010024E9
:1025D00050010024010808020B0800010800000057
:1025E000010908020A08000008000000010C0E039F
:1025F000020801050E000000020C0801060E000092
:102600000000000001040B000000000000000000BA
:10261000010707010F040000000000000106070188
:102620000E0400000000000000030700000000008E
:102630000000000000020700000000000000000091
:10264000020B07000000000000000000020A070063
:102650000000000000000000060907000000000064
:10266000000000000090D0030090D003060A05008F
:102670000405000000000000010C05010407010929
:10268000050000000004060000000000000000003B
:102690000004080000000000000000000104050024
:1026A00006050609050000000105050007050000F4
:1026B00000000000060B05000505000000000000FA
:1026C000010E0502020500000000000002010501E4
:1026D0000F050203050000000303050000000000D1
:1026E00000000000020B06010406000000000000CC
:1026F000020C06010507000000000000020A0600A7
:1027000000000000000000000104080006080000AE
:10271000000000000105080007080000000000009C
:10272000000508000000000000000000000000009C
:102730000000000000000000000000000000000099
:102740000000000001000000000000000000000088
:102750000000000000000000000000000000000079
:102760000100000000000000000000000000000068
:102770000000000000000000000000000100000058
:102780000000000000000000000000000000000049
:102790000000000000000000010000008003002491
:1027A0000000000064230108842301084423010879
:1027B0000000000000000000000000000000000019
:1027C0000000000000000000000000000000000009
:1027D00000000000000000000000000000000000F9
:1027E00000000000000000000000000000000000E9
:1027F00000000000000000000000000000000000D9
:040000050800069950
:00000001FF
