ARM GAS  C:\Users\aydan\AppData\Local\Temp\cc2HzNY7.s 			page 1


   1              		.cpu cortex-m7
   2              		.eabi_attribute 28, 1
   3              		.eabi_attribute 20, 1
   4              		.eabi_attribute 21, 1
   5              		.eabi_attribute 23, 3
   6              		.eabi_attribute 24, 1
   7              		.eabi_attribute 25, 1
   8              		.eabi_attribute 26, 1
   9              		.eabi_attribute 30, 2
  10              		.eabi_attribute 34, 1
  11              		.eabi_attribute 18, 4
  12              		.file	"main.cpp"
  13              		.text
  14              	.Ltext0:
  15              		.cfi_sections	.debug_frame
  16              		.section	.text._ZN5daisy9DaisySeedD2Ev,"axG",%progbits,_ZN5daisy9DaisySeedD5Ev,comdat
  17              		.align	1
  18              		.p2align 2,,3
  19              		.weak	_ZN5daisy9DaisySeedD2Ev
  20              		.arch armv7e-m
  21              		.syntax unified
  22              		.thumb
  23              		.thumb_func
  24              		.fpu fpv5-d16
  26              	_ZN5daisy9DaisySeedD2Ev:
  27              	.LVL0:
  28              	.LFB2555:
  29              		.file 1 "../../libDaisy/src/daisy_seed.h"
   1:../../libDaisy/src/daisy_seed.h **** #pragma once
   2:../../libDaisy/src/daisy_seed.h **** #ifndef DSY_SEED_H
   3:../../libDaisy/src/daisy_seed.h **** #define DSY_SEED_H
   4:../../libDaisy/src/daisy_seed.h **** 
   5:../../libDaisy/src/daisy_seed.h **** #include "daisy.h"
   6:../../libDaisy/src/daisy_seed.h **** 
   7:../../libDaisy/src/daisy_seed.h **** //Uncomment this out if you're still using the rev2 hardware
   8:../../libDaisy/src/daisy_seed.h **** //#define SEED_REV2
   9:../../libDaisy/src/daisy_seed.h **** 
  10:../../libDaisy/src/daisy_seed.h **** namespace daisy
  11:../../libDaisy/src/daisy_seed.h **** {
  12:../../libDaisy/src/daisy_seed.h **** /**
  13:../../libDaisy/src/daisy_seed.h ****    @brief This is the higher-level interface for the Daisy board. \n 
  14:../../libDaisy/src/daisy_seed.h ****     All basic peripheral configuration/initialization is setup here. \n
  15:../../libDaisy/src/daisy_seed.h **** 
  16:../../libDaisy/src/daisy_seed.h ****    @ingroup boards
  17:../../libDaisy/src/daisy_seed.h **** */
  18:../../libDaisy/src/daisy_seed.h **** class DaisySeed
  19:../../libDaisy/src/daisy_seed.h **** {
  20:../../libDaisy/src/daisy_seed.h ****   public:
  21:../../libDaisy/src/daisy_seed.h ****     DaisySeed() {}
  22:../../libDaisy/src/daisy_seed.h ****     ~DaisySeed() {}
  30              		.loc 1 22 5 view -0
  31              		.cfi_startproc
  32              		@ args = 0, pretend = 0, frame = 0
  33              		@ frame_needed = 0, uses_anonymous_args = 0
  34              		@ link register save eliminated.
  35              	.LBB120:
  36              	.LBI120:
ARM GAS  C:\Users\aydan\AppData\Local\Temp\cc2HzNY7.s 			page 2


  37              		.file 2 "../../libDaisy/src/sys/system.h"
   1:../../libDaisy/src/sys/system.h **** #ifndef DSY_SYSTEM_H
   2:../../libDaisy/src/sys/system.h **** #define DSY_SYSTEM_H
   3:../../libDaisy/src/sys/system.h **** 
   4:../../libDaisy/src/sys/system.h **** #ifndef UNIT_TEST // for unit tests, a dummy implementation is provided below
   5:../../libDaisy/src/sys/system.h **** 
   6:../../libDaisy/src/sys/system.h **** #include <cstdint>
   7:../../libDaisy/src/sys/system.h **** #include "per/tim.h"
   8:../../libDaisy/src/sys/system.h **** 
   9:../../libDaisy/src/sys/system.h **** namespace daisy
  10:../../libDaisy/src/sys/system.h **** {
  11:../../libDaisy/src/sys/system.h **** /** A handle for interacting with the Core System.
  12:../../libDaisy/src/sys/system.h ****  ** This includes the Clock tree, MPU, global DMA initialization,
  13:../../libDaisy/src/sys/system.h ****  ** cache handling, and any other necessary global initiailzation
  14:../../libDaisy/src/sys/system.h ****  **
  15:../../libDaisy/src/sys/system.h ****  ** @author shensley
  16:../../libDaisy/src/sys/system.h ****  ** @ingroup system
  17:../../libDaisy/src/sys/system.h ****  */
  18:../../libDaisy/src/sys/system.h **** class System
  19:../../libDaisy/src/sys/system.h **** {
  20:../../libDaisy/src/sys/system.h ****   public:
  21:../../libDaisy/src/sys/system.h ****     /** Contains settings for initializing the System */
  22:../../libDaisy/src/sys/system.h ****     struct Config
  23:../../libDaisy/src/sys/system.h ****     {
  24:../../libDaisy/src/sys/system.h ****         /** Specifies the system clock frequency that feeds APB/AHB clocks, etc. */
  25:../../libDaisy/src/sys/system.h ****         enum class SysClkFreq
  26:../../libDaisy/src/sys/system.h ****         {
  27:../../libDaisy/src/sys/system.h ****             FREQ_400MHZ,
  28:../../libDaisy/src/sys/system.h ****             FREQ_480MHZ,
  29:../../libDaisy/src/sys/system.h ****         };
  30:../../libDaisy/src/sys/system.h **** 
  31:../../libDaisy/src/sys/system.h ****         /** Method to call on the struct to set to defaults
  32:../../libDaisy/src/sys/system.h ****          ** CPU Freq set to 400MHz
  33:../../libDaisy/src/sys/system.h ****          ** Cache Enabled
  34:../../libDaisy/src/sys/system.h ****          ** */
  35:../../libDaisy/src/sys/system.h ****         void Defaults()
  36:../../libDaisy/src/sys/system.h ****         {
  37:../../libDaisy/src/sys/system.h ****             cpu_freq    = SysClkFreq::FREQ_400MHZ;
  38:../../libDaisy/src/sys/system.h ****             use_dcache  = true;
  39:../../libDaisy/src/sys/system.h ****             use_icache  = true;
  40:../../libDaisy/src/sys/system.h ****             skip_clocks = false;
  41:../../libDaisy/src/sys/system.h ****         }
  42:../../libDaisy/src/sys/system.h **** 
  43:../../libDaisy/src/sys/system.h ****         /** Method to call on the struct to set to boost mode:
  44:../../libDaisy/src/sys/system.h ****          ** CPU Freq set to 480MHz
  45:../../libDaisy/src/sys/system.h ****          ** Cache Enabled
  46:../../libDaisy/src/sys/system.h ****          ** */
  47:../../libDaisy/src/sys/system.h ****         void Boost()
  48:../../libDaisy/src/sys/system.h ****         {
  49:../../libDaisy/src/sys/system.h ****             cpu_freq    = SysClkFreq::FREQ_480MHZ;
  50:../../libDaisy/src/sys/system.h ****             use_dcache  = true;
  51:../../libDaisy/src/sys/system.h ****             use_icache  = true;
  52:../../libDaisy/src/sys/system.h ****             skip_clocks = false;
  53:../../libDaisy/src/sys/system.h ****         }
  54:../../libDaisy/src/sys/system.h **** 
  55:../../libDaisy/src/sys/system.h ****         SysClkFreq cpu_freq;
  56:../../libDaisy/src/sys/system.h ****         bool       use_dcache;
ARM GAS  C:\Users\aydan\AppData\Local\Temp\cc2HzNY7.s 			page 3


  57:../../libDaisy/src/sys/system.h ****         bool       use_icache;
  58:../../libDaisy/src/sys/system.h ****         bool       skip_clocks;
  59:../../libDaisy/src/sys/system.h ****     };
  60:../../libDaisy/src/sys/system.h **** 
  61:../../libDaisy/src/sys/system.h ****     /** Describes the different regions of memory available to the Daisy */
  62:../../libDaisy/src/sys/system.h ****     enum MemoryRegion
  63:../../libDaisy/src/sys/system.h ****     {
  64:../../libDaisy/src/sys/system.h ****         INTERNAL_FLASH = 0,
  65:../../libDaisy/src/sys/system.h ****         ITCMRAM,
  66:../../libDaisy/src/sys/system.h ****         DTCMRAM,
  67:../../libDaisy/src/sys/system.h ****         SRAM_D1,
  68:../../libDaisy/src/sys/system.h ****         SRAM_D2,
  69:../../libDaisy/src/sys/system.h ****         SRAM_D3,
  70:../../libDaisy/src/sys/system.h ****         SDRAM,
  71:../../libDaisy/src/sys/system.h ****         QSPI,
  72:../../libDaisy/src/sys/system.h ****         INVALID_ADDRESS,
  73:../../libDaisy/src/sys/system.h ****     };
  74:../../libDaisy/src/sys/system.h **** 
  75:../../libDaisy/src/sys/system.h ****     /** Bootloader struct for controlling bootloading parameters */
  76:../../libDaisy/src/sys/system.h ****     struct BootInfo
  77:../../libDaisy/src/sys/system.h ****     {
  78:../../libDaisy/src/sys/system.h ****         enum class Type : uint32_t
  79:../../libDaisy/src/sys/system.h ****         {
  80:../../libDaisy/src/sys/system.h ****             INVALID      = 0x00000000,
  81:../../libDaisy/src/sys/system.h ****             JUMP         = 0xDEADBEEF,
  82:../../libDaisy/src/sys/system.h ****             SKIP_TIMEOUT = 0x5AFEB007,
  83:../../libDaisy/src/sys/system.h ****             INF_TIMEOUT  = 0xB0074EFA,
  84:../../libDaisy/src/sys/system.h ****         } status;
  85:../../libDaisy/src/sys/system.h ****         uint32_t data;
  86:../../libDaisy/src/sys/system.h ****         enum class Version : uint32_t
  87:../../libDaisy/src/sys/system.h ****         {
  88:../../libDaisy/src/sys/system.h ****             LT_v6_0 = 0, // Less than v6.0
  89:../../libDaisy/src/sys/system.h ****             NONE,        // No bootloader present
  90:../../libDaisy/src/sys/system.h ****             v6_0,        // v6.0
  91:../../libDaisy/src/sys/system.h ****             v6_1,        // v6.1 or greater
  92:../../libDaisy/src/sys/system.h ****             LAST
  93:../../libDaisy/src/sys/system.h ****         } version;
  94:../../libDaisy/src/sys/system.h ****     };
  95:../../libDaisy/src/sys/system.h **** 
  96:../../libDaisy/src/sys/system.h ****     System() {}
  97:../../libDaisy/src/sys/system.h ****     ~System() {}
  38              		.loc 2 97 5 view .LVU1
  39              		.loc 2 97 5 is_stmt 0 view .LVU2
  40              	.LBE120:
  41              	.LBB121:
  42              	.LBI121:
  43              		.file 3 "../../libDaisy/src/hid/usb.h"
   1:../../libDaisy/src/hid/usb.h **** #pragma once
   2:../../libDaisy/src/hid/usb.h **** #ifndef DSY_HID_USB_H
   3:../../libDaisy/src/hid/usb.h **** #define DSY_HID_USB_H
   4:../../libDaisy/src/hid/usb.h **** #include <stdint.h>
   5:../../libDaisy/src/hid/usb.h **** #include <stdlib.h>
   6:../../libDaisy/src/hid/usb.h **** 
   7:../../libDaisy/src/hid/usb.h **** namespace daisy
   8:../../libDaisy/src/hid/usb.h **** /** @addtogroup human_interface
   9:../../libDaisy/src/hid/usb.h ****     @{
  10:../../libDaisy/src/hid/usb.h **** */
ARM GAS  C:\Users\aydan\AppData\Local\Temp\cc2HzNY7.s 			page 4


  11:../../libDaisy/src/hid/usb.h **** 
  12:../../libDaisy/src/hid/usb.h **** {
  13:../../libDaisy/src/hid/usb.h **** /** 
  14:../../libDaisy/src/hid/usb.h ****     @brief Interface for initializing and using the USB Peripherals on the daisy
  15:../../libDaisy/src/hid/usb.h ****     @author Stephen Hensley
  16:../../libDaisy/src/hid/usb.h ****     @date December 2019
  17:../../libDaisy/src/hid/usb.h **** */
  18:../../libDaisy/src/hid/usb.h **** class UsbHandle
  19:../../libDaisy/src/hid/usb.h **** {
  20:../../libDaisy/src/hid/usb.h ****   public:
  21:../../libDaisy/src/hid/usb.h ****     /** Return values for USBHandle Functions */
  22:../../libDaisy/src/hid/usb.h ****     enum class Result
  23:../../libDaisy/src/hid/usb.h ****     {
  24:../../libDaisy/src/hid/usb.h ****         OK,
  25:../../libDaisy/src/hid/usb.h ****         ERR,
  26:../../libDaisy/src/hid/usb.h ****     };
  27:../../libDaisy/src/hid/usb.h **** 
  28:../../libDaisy/src/hid/usb.h ****     /** Specified which of the two USB Peripherals to initialize. */
  29:../../libDaisy/src/hid/usb.h ****     enum UsbPeriph
  30:../../libDaisy/src/hid/usb.h ****     {
  31:../../libDaisy/src/hid/usb.h ****         FS_INTERNAL, /**< Internal pin */
  32:../../libDaisy/src/hid/usb.h ****         FS_EXTERNAL, /**< FS External D+ pin is Pin 38 (GPIO32). FS External D- pin is Pin 37 (GPIO
  33:../../libDaisy/src/hid/usb.h ****         FS_BOTH,     /**< Both */
  34:../../libDaisy/src/hid/usb.h ****     };
  35:../../libDaisy/src/hid/usb.h **** 
  36:../../libDaisy/src/hid/usb.h **** 
  37:../../libDaisy/src/hid/usb.h ****     /** Function called upon reception of a buffer */
  38:../../libDaisy/src/hid/usb.h ****     typedef void (*ReceiveCallback)(uint8_t* buff, uint32_t* len);
  39:../../libDaisy/src/hid/usb.h **** 
  40:../../libDaisy/src/hid/usb.h ****     UsbHandle() {}
  41:../../libDaisy/src/hid/usb.h **** 
  42:../../libDaisy/src/hid/usb.h ****     ~UsbHandle() {}
  44              		.loc 3 42 5 is_stmt 1 view .LVU3
  45              		.loc 3 42 5 is_stmt 0 view .LVU4
  46              	.LBE121:
  47              	.LBB122:
  48              	.LBI122:
  49              		.file 4 "../../libDaisy/src/per/adc.h"
   1:../../libDaisy/src/per/adc.h **** #pragma once
   2:../../libDaisy/src/per/adc.h **** #ifndef DSY_ADC_H
   3:../../libDaisy/src/per/adc.h **** #define DSY_ADC_H /**< Macro */
   4:../../libDaisy/src/per/adc.h **** #include <stdint.h>
   5:../../libDaisy/src/per/adc.h **** #include <stdlib.h>
   6:../../libDaisy/src/per/adc.h **** #include "daisy_core.h"
   7:../../libDaisy/src/per/adc.h **** #include "per/gpio.h"
   8:../../libDaisy/src/per/adc.h **** 
   9:../../libDaisy/src/per/adc.h **** #define DSY_ADC_MAX_CHANNELS 16 /**< Maximum number of ADC channels */
  10:../../libDaisy/src/per/adc.h **** 
  11:../../libDaisy/src/per/adc.h **** namespace daisy
  12:../../libDaisy/src/per/adc.h **** {
  13:../../libDaisy/src/per/adc.h **** /** @addtogroup per_analog
  14:../../libDaisy/src/per/adc.h ****     @{
  15:../../libDaisy/src/per/adc.h **** */
  16:../../libDaisy/src/per/adc.h **** 
  17:../../libDaisy/src/per/adc.h **** /* While there may not be many configuration options here,
  18:../../libDaisy/src/per/adc.h **** using a struct like this allows us to add more configuration
  19:../../libDaisy/src/per/adc.h **** later without breaking existing functionality.
ARM GAS  C:\Users\aydan\AppData\Local\Temp\cc2HzNY7.s 			page 5


  20:../../libDaisy/src/per/adc.h **** */
  21:../../libDaisy/src/per/adc.h **** 
  22:../../libDaisy/src/per/adc.h **** /** @brief   Configuration Structure for an ADC Channel 
  23:../../libDaisy/src/per/adc.h ****  *  @details This can be used to configure a a single input, 
  24:../../libDaisy/src/per/adc.h ****  *           or a multiplexed input, allowing up to 8 inputs on 
  25:../../libDaisy/src/per/adc.h ****  *           one channel.
  26:../../libDaisy/src/per/adc.h ****  *  @note    Sharing data lines to multiple muxes _is_ possible, but
  27:../../libDaisy/src/per/adc.h ****  *           each channel sharing data lines must be set to the maximum
  28:../../libDaisy/src/per/adc.h ****  *           number of channels, even if some multiplexers have fewer
  29:../../libDaisy/src/per/adc.h ****  *           inputs connected.
  30:../../libDaisy/src/per/adc.h **** */
  31:../../libDaisy/src/per/adc.h **** struct AdcChannelConfig
  32:../../libDaisy/src/per/adc.h **** {
  33:../../libDaisy/src/per/adc.h ****     /** Which pin to use for multiplexing */
  34:../../libDaisy/src/per/adc.h ****     enum MuxPin
  35:../../libDaisy/src/per/adc.h ****     {
  36:../../libDaisy/src/per/adc.h ****         MUX_SEL_0,    /**< & */
  37:../../libDaisy/src/per/adc.h ****         MUX_SEL_1,    /**< & */
  38:../../libDaisy/src/per/adc.h ****         MUX_SEL_2,    /**< & */
  39:../../libDaisy/src/per/adc.h ****         MUX_SEL_LAST, /**< & */
  40:../../libDaisy/src/per/adc.h ****     };
  41:../../libDaisy/src/per/adc.h **** 
  42:../../libDaisy/src/per/adc.h ****     /** \brief per channel conversion speed added to fixed time based on bitdepth, etc. */
  43:../../libDaisy/src/per/adc.h ****     enum ConversionSpeed
  44:../../libDaisy/src/per/adc.h ****     {
  45:../../libDaisy/src/per/adc.h ****         SPEED_1CYCLES_5,
  46:../../libDaisy/src/per/adc.h ****         SPEED_2CYCLES_5,
  47:../../libDaisy/src/per/adc.h ****         SPEED_8CYCLES_5,
  48:../../libDaisy/src/per/adc.h ****         SPEED_16CYCLES_5,
  49:../../libDaisy/src/per/adc.h ****         SPEED_32CYCLES_5,
  50:../../libDaisy/src/per/adc.h ****         SPEED_64CYCLES_5,
  51:../../libDaisy/src/per/adc.h ****         SPEED_387CYCLES_5,
  52:../../libDaisy/src/per/adc.h ****         SPEED_810CYCLES_5,
  53:../../libDaisy/src/per/adc.h ****     };
  54:../../libDaisy/src/per/adc.h **** 
  55:../../libDaisy/src/per/adc.h ****     /** Initializes a single ADC pin as an ADC. 
  56:../../libDaisy/src/per/adc.h ****     \param pin Pin to init.
  57:../../libDaisy/src/per/adc.h ****     \param speed conversion speed for this pin defaults to 8.5 cycles
  58:../../libDaisy/src/per/adc.h ****      */
  59:../../libDaisy/src/per/adc.h ****     void InitSingle(dsy_gpio_pin pin, ConversionSpeed speed = SPEED_8CYCLES_5);
  60:../../libDaisy/src/per/adc.h **** 
  61:../../libDaisy/src/per/adc.h ****     /** 
  62:../../libDaisy/src/per/adc.h ****     Initializes a single ADC pin as a Multiplexed ADC.
  63:../../libDaisy/src/per/adc.h ****     Requires a CD405X Multiplexer connected to the pin.
  64:../../libDaisy/src/per/adc.h ****     You only need to supply the mux pins that are required,
  65:../../libDaisy/src/per/adc.h ****     e.g. a 4052 mux would only require mux_0 and mux_1.
  66:../../libDaisy/src/per/adc.h ****     Internal Callbacks handle the pin addressing.
  67:../../libDaisy/src/per/adc.h ****     \param adc_pin &
  68:../../libDaisy/src/per/adc.h ****     \param mux_channels must be 1-8
  69:../../libDaisy/src/per/adc.h ****     \param mux_0 First mux pin
  70:../../libDaisy/src/per/adc.h ****     \param mux_1 Second mux pin
  71:../../libDaisy/src/per/adc.h ****     \param mux_2 Third mux pin
  72:../../libDaisy/src/per/adc.h ****     \param speed conversion speed for this pin defaults to 8.5 cycles
  73:../../libDaisy/src/per/adc.h ****     */
  74:../../libDaisy/src/per/adc.h ****     void InitMux(dsy_gpio_pin    adc_pin,
  75:../../libDaisy/src/per/adc.h ****                  size_t          mux_channels,
  76:../../libDaisy/src/per/adc.h ****                  dsy_gpio_pin    mux_0,
ARM GAS  C:\Users\aydan\AppData\Local\Temp\cc2HzNY7.s 			page 6


  77:../../libDaisy/src/per/adc.h ****                  dsy_gpio_pin    mux_1 = {DSY_GPIOX, 0},
  78:../../libDaisy/src/per/adc.h ****                  dsy_gpio_pin    mux_2 = {DSY_GPIOX, 0},
  79:../../libDaisy/src/per/adc.h ****                  ConversionSpeed speed = SPEED_8CYCLES_5);
  80:../../libDaisy/src/per/adc.h **** 
  81:../../libDaisy/src/per/adc.h ****     dsy_gpio        pin_;                   /**< & */
  82:../../libDaisy/src/per/adc.h ****     dsy_gpio        mux_pin_[MUX_SEL_LAST]; /**< & */
  83:../../libDaisy/src/per/adc.h ****     uint8_t         mux_channels_;          /**< & */
  84:../../libDaisy/src/per/adc.h ****     ConversionSpeed speed_;
  85:../../libDaisy/src/per/adc.h **** };
  86:../../libDaisy/src/per/adc.h **** 
  87:../../libDaisy/src/per/adc.h **** /**
  88:../../libDaisy/src/per/adc.h ****    @brief Handler for analog to digital conversion
  89:../../libDaisy/src/per/adc.h **** */
  90:../../libDaisy/src/per/adc.h **** class AdcHandle
  91:../../libDaisy/src/per/adc.h **** {
  92:../../libDaisy/src/per/adc.h ****   public:
  93:../../libDaisy/src/per/adc.h ****     /** Supported oversampling amounts */
  94:../../libDaisy/src/per/adc.h ****     enum OverSampling
  95:../../libDaisy/src/per/adc.h ****     {
  96:../../libDaisy/src/per/adc.h ****         OVS_NONE, /**< & */
  97:../../libDaisy/src/per/adc.h ****         OVS_4,    /**< & */
  98:../../libDaisy/src/per/adc.h ****         OVS_8,    /**< & */
  99:../../libDaisy/src/per/adc.h ****         OVS_16,   /**< & */
 100:../../libDaisy/src/per/adc.h ****         OVS_32,   /**< & */
 101:../../libDaisy/src/per/adc.h ****         OVS_64,   /**< & */
 102:../../libDaisy/src/per/adc.h ****         OVS_128,  /**< & */
 103:../../libDaisy/src/per/adc.h ****         OVS_256,  /**< & */
 104:../../libDaisy/src/per/adc.h ****         OVS_512,  /**< & */
 105:../../libDaisy/src/per/adc.h ****         OVS_1024, /**< & */
 106:../../libDaisy/src/per/adc.h ****         OVS_LAST, /**< & */
 107:../../libDaisy/src/per/adc.h ****     };
 108:../../libDaisy/src/per/adc.h **** 
 109:../../libDaisy/src/per/adc.h ****     AdcHandle() {}
 110:../../libDaisy/src/per/adc.h ****     ~AdcHandle() {}
  50              		.loc 4 110 5 is_stmt 1 view .LVU5
  51              		.loc 4 110 5 is_stmt 0 view .LVU6
  52              	.LBE122:
  53              	.LBB123:
  54              	.LBI123:
  55              		.file 5 "../../libDaisy/src/hid/audio.h"
   1:../../libDaisy/src/hid/audio.h **** #ifndef DSY_AUDIO_H
   2:../../libDaisy/src/hid/audio.h **** #define DSY_AUDIO_H /**< & */
   3:../../libDaisy/src/hid/audio.h **** 
   4:../../libDaisy/src/hid/audio.h **** #include "per/sai.h"
   5:../../libDaisy/src/hid/audio.h **** 
   6:../../libDaisy/src/hid/audio.h **** namespace daisy
   7:../../libDaisy/src/hid/audio.h **** {
   8:../../libDaisy/src/hid/audio.h **** /** @brief Audio Engine Handle
   9:../../libDaisy/src/hid/audio.h ****  *  @ingroup audio 
  10:../../libDaisy/src/hid/audio.h ****  *  @details This class allows for higher level access to an audio engine.
  11:../../libDaisy/src/hid/audio.h ****  *           If you're using a SOM like the DaisySeed or DaisyPatchSM (or any 
  12:../../libDaisy/src/hid/audio.h ****  *            board that includes one of those objects) then the intialization
  13:../../libDaisy/src/hid/audio.h ****  *            is already taken  care of.
  14:../../libDaisy/src/hid/audio.h ****  *           If you're setting up your own custom hardware, or need to make changes
  15:../../libDaisy/src/hid/audio.h ****  *           you will have to take the following steps:
  16:../../libDaisy/src/hid/audio.h ****  *             1. Create and Initialize an SaiHandle or two depending on your requirements
  17:../../libDaisy/src/hid/audio.h ****  *             2. Initialize the Audio Handle with the desired settings and the Initialized SaiHand
ARM GAS  C:\Users\aydan\AppData\Local\Temp\cc2HzNY7.s 			page 7


  18:../../libDaisy/src/hid/audio.h ****  *             3. If the connected codec requires special configuration or initialization, do so
  19:../../libDaisy/src/hid/audio.h ****  *             4. Write a callback method using either the AudioCallback or the InterleavingAudioCa
  20:../../libDaisy/src/hid/audio.h ****  *             5. Start the Audio using one of the StartAudio function
  21:../../libDaisy/src/hid/audio.h ****  */
  22:../../libDaisy/src/hid/audio.h **** class AudioHandle
  23:../../libDaisy/src/hid/audio.h **** {
  24:../../libDaisy/src/hid/audio.h ****   public:
  25:../../libDaisy/src/hid/audio.h ****     /** Manually configurable details about the Audio Engine */
  26:../../libDaisy/src/hid/audio.h ****     /** TODO: Figure out how to get samplerate in here. */
  27:../../libDaisy/src/hid/audio.h ****     struct Config
  28:../../libDaisy/src/hid/audio.h ****     {
  29:../../libDaisy/src/hid/audio.h ****         /** number of samples to process per callback */
  30:../../libDaisy/src/hid/audio.h ****         size_t blocksize;
  31:../../libDaisy/src/hid/audio.h **** 
  32:../../libDaisy/src/hid/audio.h ****         /**< Sample rate of audio */
  33:../../libDaisy/src/hid/audio.h ****         SaiHandle::Config::SampleRate samplerate;
  34:../../libDaisy/src/hid/audio.h **** 
  35:../../libDaisy/src/hid/audio.h ****         /** factor for adjustment before and after callback for hardware that may have extra headro
  36:../../libDaisy/src/hid/audio.h ****         float postgain;
  37:../../libDaisy/src/hid/audio.h **** 
  38:../../libDaisy/src/hid/audio.h ****         /** factor for additional one-sided compensation to audio path for hardware that may
  39:../../libDaisy/src/hid/audio.h ****          *  have unequal input/output ranges
  40:../../libDaisy/src/hid/audio.h ****          */
  41:../../libDaisy/src/hid/audio.h ****         float output_compensation;
  42:../../libDaisy/src/hid/audio.h **** 
  43:../../libDaisy/src/hid/audio.h ****         /** Sets default values for config struct */
  44:../../libDaisy/src/hid/audio.h ****         Config()
  45:../../libDaisy/src/hid/audio.h ****         : blocksize(48),
  46:../../libDaisy/src/hid/audio.h ****           samplerate(SaiHandle::Config::SampleRate::SAI_48KHZ),
  47:../../libDaisy/src/hid/audio.h ****           postgain(1.f),
  48:../../libDaisy/src/hid/audio.h ****           output_compensation(1.f)
  49:../../libDaisy/src/hid/audio.h ****         {
  50:../../libDaisy/src/hid/audio.h ****         }
  51:../../libDaisy/src/hid/audio.h ****     };
  52:../../libDaisy/src/hid/audio.h **** 
  53:../../libDaisy/src/hid/audio.h ****     enum class Result
  54:../../libDaisy/src/hid/audio.h ****     {
  55:../../libDaisy/src/hid/audio.h ****         OK,
  56:../../libDaisy/src/hid/audio.h ****         ERR,
  57:../../libDaisy/src/hid/audio.h ****     };
  58:../../libDaisy/src/hid/audio.h **** 
  59:../../libDaisy/src/hid/audio.h ****     /** Non-Interleaving input buffer
  60:../../libDaisy/src/hid/audio.h ****      * Buffer arranged by float[chn][sample] 
  61:../../libDaisy/src/hid/audio.h ****      * const so that the user can't modify the input
  62:../../libDaisy/src/hid/audio.h ****      */
  63:../../libDaisy/src/hid/audio.h ****     typedef const float* const* InputBuffer;
  64:../../libDaisy/src/hid/audio.h **** 
  65:../../libDaisy/src/hid/audio.h ****     /** Non-Interleaving output buffer
  66:../../libDaisy/src/hid/audio.h ****      * Arranged by float[chn][sample] 
  67:../../libDaisy/src/hid/audio.h ****      */
  68:../../libDaisy/src/hid/audio.h ****     typedef float** OutputBuffer;
  69:../../libDaisy/src/hid/audio.h **** 
  70:../../libDaisy/src/hid/audio.h ****     /** Type for a Non-Interleaving audio callback 
  71:../../libDaisy/src/hid/audio.h ****      * Non-Interleaving audio callbacks in daisy will be of this type
  72:../../libDaisy/src/hid/audio.h ****      */
  73:../../libDaisy/src/hid/audio.h ****     typedef void (*AudioCallback)(InputBuffer  in,
  74:../../libDaisy/src/hid/audio.h ****                                   OutputBuffer out,
ARM GAS  C:\Users\aydan\AppData\Local\Temp\cc2HzNY7.s 			page 8


  75:../../libDaisy/src/hid/audio.h ****                                   size_t       size);
  76:../../libDaisy/src/hid/audio.h **** 
  77:../../libDaisy/src/hid/audio.h ****     /** Interleaving Input buffer
  78:../../libDaisy/src/hid/audio.h ****      ** audio is prepared as { L0, R0, L1, R1, . . . LN, RN }]
  79:../../libDaisy/src/hid/audio.h ****      ** this is const, as the user shouldn't modify it
  80:../../libDaisy/src/hid/audio.h ****     */
  81:../../libDaisy/src/hid/audio.h ****     typedef const float* InterleavingInputBuffer;
  82:../../libDaisy/src/hid/audio.h **** 
  83:../../libDaisy/src/hid/audio.h ****     /** Interleaving Output buffer 
  84:../../libDaisy/src/hid/audio.h ****      ** audio is prepared as { L0, R0, L1, R1, . . . LN, RN }
  85:../../libDaisy/src/hid/audio.h ****     */
  86:../../libDaisy/src/hid/audio.h ****     typedef float* InterleavingOutputBuffer;
  87:../../libDaisy/src/hid/audio.h **** 
  88:../../libDaisy/src/hid/audio.h ****     /** Interleaving Audio Callback 
  89:../../libDaisy/src/hid/audio.h ****      * Interleaving audio callbacks in daisy must be of this type
  90:../../libDaisy/src/hid/audio.h ****      */
  91:../../libDaisy/src/hid/audio.h ****     typedef void (*InterleavingAudioCallback)(InterleavingInputBuffer  in,
  92:../../libDaisy/src/hid/audio.h ****                                               InterleavingOutputBuffer out,
  93:../../libDaisy/src/hid/audio.h ****                                               size_t                   size);
  94:../../libDaisy/src/hid/audio.h **** 
  95:../../libDaisy/src/hid/audio.h ****     AudioHandle() : pimpl_(nullptr) {}
  96:../../libDaisy/src/hid/audio.h ****     ~AudioHandle() {}
  56              		.loc 5 96 5 is_stmt 1 view .LVU7
  57              		.loc 5 96 5 is_stmt 0 view .LVU8
  58              	.LBE123:
  59              		.loc 1 22 19 view .LVU9
  60 0000 7047     		bx	lr
  61              		.cfi_endproc
  62              	.LFE2555:
  64              		.weak	_ZN5daisy9DaisySeedD1Ev
  65              		.thumb_set _ZN5daisy9DaisySeedD1Ev,_ZN5daisy9DaisySeedD2Ev
  66 0002 00BF     		.section	.text._ZN12_GLOBAL__N_113AudioCallbackEPKPKfPPfj,"ax",%progbits
  67              		.align	1
  68              		.p2align 2,,3
  69              		.syntax unified
  70              		.thumb
  71              		.thumb_func
  72              		.fpu fpv5-d16
  74              	_ZN12_GLOBAL__N_113AudioCallbackEPKPKfPPfj:
  75              	.LVL1:
  76              	.LFB4754:
  77              		.file 6 "src/main.cpp"
   1:src/main.cpp  **** #include "diagnostic_config.h"
   2:src/main.cpp  **** #include "daisy_seed.h"
   3:src/main.cpp  **** 
   4:src/main.cpp  **** #if DIAG_HAS_MAILBOX
   5:src/main.cpp  **** #include "control_mailbox.h"
   6:src/main.cpp  **** #endif
   7:src/main.cpp  **** #if DIAG_HAS_CONTROLS
   8:src/main.cpp  **** #include "controls.h"
   9:src/main.cpp  **** #endif
  10:src/main.cpp  **** #if DIAG_HAS_TELEMETRY
  11:src/main.cpp  **** #include "telemetry.h"
  12:src/main.cpp  **** #endif
  13:src/main.cpp  **** #if DIAG_HAS_TUNER_OBJECTS
  14:src/main.cpp  **** #include "tuner.h"
  15:src/main.cpp  **** #endif
ARM GAS  C:\Users\aydan\AppData\Local\Temp\cc2HzNY7.s 			page 9


  16:src/main.cpp  **** #if DIAG_HAS_THERMAL
  17:src/main.cpp  **** #include "thermal_monitor.h"
  18:src/main.cpp  **** #endif
  19:src/main.cpp  **** #if DIAG_HAS_AUDIOENGINE
  20:src/main.cpp  **** #include "audio_engine.h"
  21:src/main.cpp  **** #endif
  22:src/main.cpp  **** 
  23:src/main.cpp  **** #if DIAG_AUDIO_MODE == DIAG_AUDIO_SINE_440
  24:src/main.cpp  **** #include <cmath>
  25:src/main.cpp  **** #endif
  26:src/main.cpp  **** 
  27:src/main.cpp  **** using namespace daisy;
  28:src/main.cpp  **** 
  29:src/main.cpp  **** namespace
  30:src/main.cpp  **** {
  31:src/main.cpp  **** template <typename T>
  32:src/main.cpp  **** void RetainDiagnosticObject(T& object)
  33:src/main.cpp  **** {
  34:src/main.cpp  ****     asm volatile("" : : "r"(&object));
  35:src/main.cpp  **** }
  36:src/main.cpp  **** 
  37:src/main.cpp  **** DaisySeed hw;
  38:src/main.cpp  **** 
  39:src/main.cpp  **** #if DIAG_HAS_MAILBOX
  40:src/main.cpp  **** app::ControlMailbox control_mailbox;
  41:src/main.cpp  **** #endif
  42:src/main.cpp  **** #if DIAG_HAS_CONTROLS
  43:src/main.cpp  **** app::Controls controls;
  44:src/main.cpp  **** #endif
  45:src/main.cpp  **** #if DIAG_HAS_TUNER_OBJECTS
  46:src/main.cpp  **** app::TunerCapture  tuner_capture;
  47:src/main.cpp  **** app::TunerAnalyzer tuner_analyzer;
  48:src/main.cpp  **** #endif
  49:src/main.cpp  **** #if DIAG_HAS_AUDIOENGINE
  50:src/main.cpp  **** app::AudioEngine audio_engine;
  51:src/main.cpp  **** #endif
  52:src/main.cpp  **** #if DIAG_HAS_TELEMETRY
  53:src/main.cpp  **** app::Telemetry telemetry;
  54:src/main.cpp  **** #endif
  55:src/main.cpp  **** #if DIAG_HAS_THERMAL
  56:src/main.cpp  **** app::ThermalMonitor thermal_monitor;
  57:src/main.cpp  **** #endif
  58:src/main.cpp  **** #if DIAG_ANALYZE_TUNER
  59:src/main.cpp  **** // Foreground CPU scratch, not DMA storage. Keep it out of .sram1_bss so the
  60:src/main.cpp  **** // libDaisy audio and ADC DMA buffers remain inside the non-cacheable MPU window.
  61:src/main.cpp  **** float tuner_source_window[app::config::kTunerSourceWindowSize];
  62:src/main.cpp  **** #endif
  63:src/main.cpp  **** 
  64:src/main.cpp  **** void AudioCallback(AudioHandle::InputBuffer  in,
  65:src/main.cpp  ****                    AudioHandle::OutputBuffer out,
  66:src/main.cpp  ****                    size_t                    size)
  67:src/main.cpp  **** {
  78              		.loc 6 67 1 is_stmt 1 view -0
  79              		.cfi_startproc
  80              		@ args = 0, pretend = 0, frame = 0
  81              		@ frame_needed = 0, uses_anonymous_args = 0
  82              		@ link register save eliminated.
ARM GAS  C:\Users\aydan\AppData\Local\Temp\cc2HzNY7.s 			page 10


  68:src/main.cpp  **** #if DIAG_CAPTURE_TUNER && !DIAG_PROCESS_AUDIOENGINE
  69:src/main.cpp  ****     tuner_capture.WriteBlock(in[0], size);
  70:src/main.cpp  **** #endif
  71:src/main.cpp  **** 
  72:src/main.cpp  **** #if DIAG_AUDIO_MODE == DIAG_AUDIO_DIRECT_STEREO_BYPASS
  73:src/main.cpp  ****     for(size_t i = 0; i < size; ++i)
  74:src/main.cpp  ****     {
  75:src/main.cpp  ****         out[0][i] = in[0][i];
  76:src/main.cpp  ****         out[1][i] = in[1][i];
  77:src/main.cpp  ****     }
  78:src/main.cpp  **** #elif DIAG_AUDIO_MODE == DIAG_AUDIO_DIRECT_MONO_BYPASS
  79:src/main.cpp  ****     for(size_t i = 0; i < size; ++i)
  80:src/main.cpp  ****     {
  81:src/main.cpp  ****         out[0][i] = in[0][i];
  82:src/main.cpp  ****         out[1][i] = in[0][i];
  83:src/main.cpp  ****     }
  84:src/main.cpp  **** #elif DIAG_AUDIO_MODE == DIAG_AUDIO_SINE_440
  85:src/main.cpp  ****     static float phase     = 0.0f;
  86:src/main.cpp  ****     const float  increment = 6.28318530718f * 440.0f / 48000.0f;
  87:src/main.cpp  ****     for(size_t i = 0; i < size; ++i)
  88:src/main.cpp  ****     {
  89:src/main.cpp  ****         const float sample = 0.1f * sinf(phase);
  90:src/main.cpp  ****         phase += increment;
  91:src/main.cpp  ****         if(phase >= 6.28318530718f)
  92:src/main.cpp  ****             phase -= 6.28318530718f;
  93:src/main.cpp  ****         out[0][i] = sample;
  94:src/main.cpp  ****         out[1][i] = sample;
  95:src/main.cpp  ****     }
  96:src/main.cpp  **** #elif DIAG_AUDIO_MODE == DIAG_AUDIO_SILENCE
  97:src/main.cpp  ****     (void)in;
  98:src/main.cpp  ****     for(size_t i = 0; i < size; ++i)
  99:src/main.cpp  ****     {
 100:src/main.cpp  ****         out[0][i] = 0.0f;
 101:src/main.cpp  ****         out[1][i] = 0.0f;
 102:src/main.cpp  ****     }
 103:src/main.cpp  **** #elif DIAG_AUDIO_MODE == DIAG_AUDIO_ENGINE
 104:src/main.cpp  ****     audio_engine.Process(in, out, size);
  83              		.loc 6 104 5 view .LVU11
  67:src/main.cpp  **** #if DIAG_CAPTURE_TUNER && !DIAG_PROCESS_AUDIOENGINE
  84              		.loc 6 67 1 is_stmt 0 view .LVU12
  85 0000 8446     		mov	ip, r0
  86 0002 1346     		mov	r3, r2
  87              		.loc 6 104 25 view .LVU13
  88 0004 0248     		ldr	r0, .L4
  89              	.LVL2:
  90              		.loc 6 104 25 view .LVU14
  91 0006 0A46     		mov	r2, r1
  92              	.LVL3:
  93              		.loc 6 104 25 view .LVU15
  94 0008 6146     		mov	r1, ip
  95              	.LVL4:
  96              		.loc 6 104 25 view .LVU16
  97 000a FFF7FEBF 		b	_ZN3app11AudioEngine7ProcessEPKPKfPPfj
  98              	.LVL5:
  99              	.L5:
 100              		.loc 6 104 25 view .LVU17
 101 000e 00BF     		.align	2
ARM GAS  C:\Users\aydan\AppData\Local\Temp\cc2HzNY7.s 			page 11


 102              	.L4:
 103 0010 00000000 		.word	_ZN12_GLOBAL__N_112audio_engineE
 104              		.cfi_endproc
 105              	.LFE4754:
 107              		.section	.text.startup.main,"ax",%progbits
 108              		.align	1
 109              		.p2align 2,,3
 110              		.global	main
 111              		.syntax unified
 112              		.thumb
 113              		.thumb_func
 114              		.fpu fpv5-d16
 116              	main:
 117              	.LFB4755:
 105:src/main.cpp  **** #endif
 106:src/main.cpp  **** }
 107:src/main.cpp  **** } // namespace
 108:src/main.cpp  **** 
 109:src/main.cpp  **** int main(void)
 110:src/main.cpp  **** {
 118              		.loc 6 110 1 is_stmt 1 view -0
 119              		.cfi_startproc
 120              		@ args = 0, pretend = 0, frame = 80
 121              		@ frame_needed = 0, uses_anonymous_args = 0
 111:src/main.cpp  ****     hw.Init();
 122              		.loc 6 111 5 view .LVU19
 110:src/main.cpp  ****     hw.Init();
 123              		.loc 6 110 1 is_stmt 0 view .LVU20
 124 0000 2DE9F04F 		push	{r4, r5, r6, r7, r8, r9, r10, fp, lr}
 125              		.cfi_def_cfa_offset 36
 126              		.cfi_offset 4, -36
 127              		.cfi_offset 5, -32
 128              		.cfi_offset 6, -28
 129              		.cfi_offset 7, -24
 130              		.cfi_offset 8, -20
 131              		.cfi_offset 9, -16
 132              		.cfi_offset 10, -12
 133              		.cfi_offset 11, -8
 134              		.cfi_offset 14, -4
 135              		.loc 6 111 12 view .LVU21
 136 0004 0021     		movs	r1, #0
 110:src/main.cpp  ****     hw.Init();
 137              		.loc 6 110 1 view .LVU22
 138 0006 97B0     		sub	sp, sp, #92
 139              		.cfi_def_cfa_offset 128
 140              		.loc 6 111 12 view .LVU23
 141 0008 7C48     		ldr	r0, .L46
 142 000a FFF7FEFF 		bl	_ZN5daisy9DaisySeed4InitEb
 143              	.LVL6:
 112:src/main.cpp  ****     hw.SetAudioSampleRate(SaiHandle::Config::SampleRate::SAI_48KHZ);
 144              		.loc 6 112 5 is_stmt 1 view .LVU24
 145              		.loc 6 112 26 is_stmt 0 view .LVU25
 146 000e 0321     		movs	r1, #3
 147 0010 7A48     		ldr	r0, .L46
 148 0012 FFF7FEFF 		bl	_ZN5daisy9DaisySeed18SetAudioSampleRateENS_9SaiHandle6Config10SampleRateE
 149              	.LVL7:
 113:src/main.cpp  ****     hw.SetAudioBlockSize(48);
ARM GAS  C:\Users\aydan\AppData\Local\Temp\cc2HzNY7.s 			page 12


 150              		.loc 6 113 5 is_stmt 1 view .LVU26
 151              		.loc 6 113 25 is_stmt 0 view .LVU27
 152 0016 3021     		movs	r1, #48
 153 0018 7848     		ldr	r0, .L46
 154 001a FFF7FEFF 		bl	_ZN5daisy9DaisySeed17SetAudioBlockSizeEj
 155              	.LVL8:
 114:src/main.cpp  **** 
 115:src/main.cpp  **** #if DIAG_STAGE != DIAG_STAGE_PRODUCTION
 116:src/main.cpp  **** #if DIAG_HAS_MAILBOX
 117:src/main.cpp  ****     RetainDiagnosticObject(control_mailbox);
 156              		.loc 6 117 5 is_stmt 1 view .LVU28
 157              	.LBB124:
 158              	.LBI124:
  32:src/main.cpp  **** {
 159              		.loc 6 32 6 view .LVU29
 160              	.LBB125:
  34:src/main.cpp  **** }
 161              		.loc 6 34 5 is_stmt 0 view .LVU30
 162 001e 784C     		ldr	r4, .L46+4
 163              	.LVL9:
  34:src/main.cpp  **** }
 164              		.loc 6 34 5 view .LVU31
 165              	.LBE125:
 166              	.LBE124:
 118:src/main.cpp  **** #endif
 119:src/main.cpp  **** #if DIAG_HAS_CONTROLS
 120:src/main.cpp  ****     RetainDiagnosticObject(controls);
 167              		.loc 6 120 5 is_stmt 1 view .LVU32
 168              	.LBB126:
 169              	.LBI126:
  32:src/main.cpp  **** {
 170              		.loc 6 32 6 view .LVU33
 171              	.LBB127:
  34:src/main.cpp  **** }
 172              		.loc 6 34 5 is_stmt 0 view .LVU34
 173 0020 7848     		ldr	r0, .L46+8
 174              	.LVL10:
  34:src/main.cpp  **** }
 175              		.loc 6 34 5 view .LVU35
 176              	.LBE127:
 177              	.LBE126:
 121:src/main.cpp  **** #endif
 122:src/main.cpp  **** #if DIAG_HAS_TELEMETRY
 123:src/main.cpp  ****     RetainDiagnosticObject(telemetry);
 178              		.loc 6 123 5 is_stmt 1 view .LVU36
 179              	.LBB128:
 180              	.LBI128:
  32:src/main.cpp  **** {
 181              		.loc 6 32 6 view .LVU37
 182              	.LBB129:
  34:src/main.cpp  **** }
 183              		.loc 6 34 5 is_stmt 0 view .LVU38
 184 0022 DFF8F481 		ldr	r8, .L46+28
 185              	.LVL11:
  34:src/main.cpp  **** }
 186              		.loc 6 34 5 view .LVU39
 187              	.LBE129:
ARM GAS  C:\Users\aydan\AppData\Local\Temp\cc2HzNY7.s 			page 13


 188              	.LBE128:
 124:src/main.cpp  **** #endif
 125:src/main.cpp  **** #if DIAG_HAS_TUNER_OBJECTS
 126:src/main.cpp  ****     RetainDiagnosticObject(tuner_capture);
 189              		.loc 6 126 5 is_stmt 1 view .LVU40
 190              	.LBB130:
 191              	.LBI130:
  32:src/main.cpp  **** {
 192              		.loc 6 32 6 view .LVU41
 193              	.LBB131:
  34:src/main.cpp  **** }
 194              		.loc 6 34 5 is_stmt 0 view .LVU42
 195 0026 784D     		ldr	r5, .L46+12
 196              	.LVL12:
  34:src/main.cpp  **** }
 197              		.loc 6 34 5 view .LVU43
 198              	.LBE131:
 199              	.LBE130:
 127:src/main.cpp  ****     RetainDiagnosticObject(tuner_analyzer);
 200              		.loc 6 127 5 is_stmt 1 view .LVU44
 201              	.LBB132:
 202              	.LBI132:
  32:src/main.cpp  **** {
 203              		.loc 6 32 6 view .LVU45
 204              	.LBB133:
  34:src/main.cpp  **** }
 205              		.loc 6 34 5 is_stmt 0 view .LVU46
 206 0028 784F     		ldr	r7, .L46+16
 207              	.LVL13:
  34:src/main.cpp  **** }
 208              		.loc 6 34 5 view .LVU47
 209              	.LBE133:
 210              	.LBE132:
 128:src/main.cpp  **** #endif
 129:src/main.cpp  **** #if DIAG_HAS_THERMAL
 130:src/main.cpp  ****     RetainDiagnosticObject(thermal_monitor);
 211              		.loc 6 130 5 is_stmt 1 view .LVU48
 212              	.LBB134:
 213              	.LBI134:
  32:src/main.cpp  **** {
 214              		.loc 6 32 6 view .LVU49
 215              	.LBB135:
  34:src/main.cpp  **** }
 216              		.loc 6 34 5 is_stmt 0 view .LVU50
 217 002a DFF8F0A1 		ldr	r10, .L46+32
 218              	.LVL14:
  34:src/main.cpp  **** }
 219              		.loc 6 34 5 view .LVU51
 220              	.LBE135:
 221              	.LBE134:
 131:src/main.cpp  **** #endif
 132:src/main.cpp  **** #if DIAG_HAS_AUDIOENGINE
 133:src/main.cpp  ****     RetainDiagnosticObject(audio_engine);
 222              		.loc 6 133 5 is_stmt 1 view .LVU52
 223              	.LBB136:
 224              	.LBI136:
  32:src/main.cpp  **** {
ARM GAS  C:\Users\aydan\AppData\Local\Temp\cc2HzNY7.s 			page 14


 225              		.loc 6 32 6 view .LVU53
 226              	.LBB137:
  34:src/main.cpp  **** }
 227              		.loc 6 34 5 is_stmt 0 view .LVU54
 228 002e 784E     		ldr	r6, .L46+20
 229              	.LVL15:
  34:src/main.cpp  **** }
 230              		.loc 6 34 5 view .LVU55
 231              	.LBE137:
 232              	.LBE136:
 134:src/main.cpp  **** #endif
 135:src/main.cpp  **** #endif
 136:src/main.cpp  **** 
 137:src/main.cpp  **** #if DIAG_STAGE == DIAG_STAGE_PRODUCTION
 138:src/main.cpp  ****     telemetry.Init();
 139:src/main.cpp  ****     controls.Init(hw, control_mailbox);
 140:src/main.cpp  ****     thermal_monitor.Init(System::GetNow());
 141:src/main.cpp  **** #if THERMAL_DEBUG_TELEMETRY
 142:src/main.cpp  ****     app::ThermalCalibrationInfo thermal_calibration;
 143:src/main.cpp  ****     if(thermal_monitor.TakeCalibrationDebug(thermal_calibration))
 144:src/main.cpp  ****         telemetry.SendThermalCalibration(thermal_calibration);
 145:src/main.cpp  **** #endif
 146:src/main.cpp  ****     tuner_capture.Init();
 147:src/main.cpp  ****     tuner_analyzer.Reset(System::GetNow());
 148:src/main.cpp  ****     audio_engine.Init(hw.AudioSampleRate(), control_mailbox, tuner_capture);
 149:src/main.cpp  **** #else
 150:src/main.cpp  **** #if DIAG_INIT_CONTROLS
 151:src/main.cpp  ****     controls.Init(hw, control_mailbox);
 233              		.loc 6 151 5 is_stmt 1 view .LVU56
 234              		.loc 6 151 18 is_stmt 0 view .LVU57
 235 0030 7249     		ldr	r1, .L46
 236 0032 2246     		mov	r2, r4
 237 0034 FFF7FEFF 		bl	_ZN3app8Controls4InitERN5daisy9DaisySeedERNS_14ControlMailboxE
 238              	.LVL16:
 152:src/main.cpp  **** #endif
 153:src/main.cpp  **** #if DIAG_INIT_TELEMETRY
 154:src/main.cpp  ****     telemetry.Init();
 239              		.loc 6 154 5 is_stmt 1 view .LVU58
 240              		.loc 6 154 19 is_stmt 0 view .LVU59
 241 0038 4046     		mov	r0, r8
 242 003a FFF7FEFF 		bl	_ZN3app9Telemetry4InitEv
 243              	.LVL17:
 155:src/main.cpp  **** #endif
 156:src/main.cpp  **** #if DIAG_INIT_TUNER
 157:src/main.cpp  ****     tuner_capture.Init();
 244              		.loc 6 157 5 is_stmt 1 view .LVU60
 158:src/main.cpp  ****     tuner_analyzer.Reset(System::GetNow());
 159:src/main.cpp  **** #endif
 160:src/main.cpp  **** #if DIAG_INIT_THERMAL
 161:src/main.cpp  ****     thermal_monitor.Init(System::GetNow(), false);
 162:src/main.cpp  **** #if THERMAL_DEBUG_TELEMETRY && DIAG_INIT_TELEMETRY
 163:src/main.cpp  ****     app::ThermalCalibrationInfo thermal_calibration;
 164:src/main.cpp  ****     if(thermal_monitor.TakeCalibrationDebug(thermal_calibration))
 165:src/main.cpp  ****         telemetry.SendThermalCalibration(thermal_calibration);
 166:src/main.cpp  **** #endif
 167:src/main.cpp  **** #endif
 168:src/main.cpp  **** #if DIAG_INIT_AUDIOENGINE
ARM GAS  C:\Users\aydan\AppData\Local\Temp\cc2HzNY7.s 			page 15


 169:src/main.cpp  ****     audio_engine.Init(hw.AudioSampleRate(), control_mailbox, tuner_capture);
 170:src/main.cpp  **** #endif
 171:src/main.cpp  **** #endif
 172:src/main.cpp  **** 
 173:src/main.cpp  ****     hw.StartAudio(AudioCallback);
 174:src/main.cpp  **** 
 175:src/main.cpp  **** #if !DIAG_SERVICE_CONTROLS && !DIAG_SERVICE_THERMAL
 176:src/main.cpp  ****     while(1) {}
 177:src/main.cpp  **** #else
 178:src/main.cpp  ****     uint8_t  last_sent_effect       = 0xffu;
 179:src/main.cpp  ****     uint8_t  current_effect         = app::config::FX_TUNER;
 180:src/main.cpp  ****     bool     previous_tuner_mode    = false;
 181:src/main.cpp  ****     uint32_t last_pots_tx           = 0;
 182:src/main.cpp  ****     uint32_t last_tuner_tx          = 0;
 183:src/main.cpp  ****     uint32_t last_tuner_disabled_tx = 0;
 184:src/main.cpp  ****     uint32_t last_rotary_cal_tx     = 0;
 185:src/main.cpp  ****     uint32_t last_thermal_debug_tx  = 0;
 186:src/main.cpp  ****     uint32_t last_cpu_tx            = 0;
 245              		.loc 6 186 14 is_stmt 0 view .LVU61
 246 003e 4FF00008 		mov	r8, #0
 157:src/main.cpp  ****     tuner_analyzer.Reset(System::GetNow());
 247              		.loc 6 157 23 view .LVU62
 248 0042 2846     		mov	r0, r5
 249 0044 FFF7FEFF 		bl	_ZN3app12TunerCapture4InitEv
 250              	.LVL18:
 158:src/main.cpp  ****     tuner_analyzer.Reset(System::GetNow());
 251              		.loc 6 158 5 is_stmt 1 view .LVU63
 182:src/main.cpp  ****     uint32_t last_tuner_disabled_tx = 0;
 252              		.loc 6 182 14 is_stmt 0 view .LVU64
 253 0048 C346     		mov	fp, r8
 158:src/main.cpp  ****     tuner_analyzer.Reset(System::GetNow());
 254              		.loc 6 158 25 view .LVU65
 255 004a FFF7FEFF 		bl	_ZN5daisy6System6GetNowEv
 256              	.LVL19:
 257 004e 0146     		mov	r1, r0
 258 0050 3846     		mov	r0, r7
 181:src/main.cpp  ****     uint32_t last_tuner_tx          = 0;
 259              		.loc 6 181 14 view .LVU66
 260 0052 C146     		mov	r9, r8
 158:src/main.cpp  **** #endif
 261              		.loc 6 158 25 view .LVU67
 262 0054 FFF7FEFF 		bl	_ZN3app13TunerAnalyzer5ResetEm
 263              	.LVL20:
 161:src/main.cpp  **** #if THERMAL_DEBUG_TELEMETRY && DIAG_INIT_TELEMETRY
 264              		.loc 6 161 5 is_stmt 1 view .LVU68
 180:src/main.cpp  ****     uint32_t last_pots_tx           = 0;
 265              		.loc 6 180 14 is_stmt 0 view .LVU69
 266 0058 4746     		mov	r7, r8
 161:src/main.cpp  **** #if THERMAL_DEBUG_TELEMETRY && DIAG_INIT_TELEMETRY
 267              		.loc 6 161 25 view .LVU70
 268 005a FFF7FEFF 		bl	_ZN5daisy6System6GetNowEv
 269              	.LVL21:
 270 005e 4246     		mov	r2, r8
 271 0060 0146     		mov	r1, r0
 272 0062 5046     		mov	r0, r10
 273 0064 FFF7FEFF 		bl	_ZN3app14ThermalMonitor4InitEmb
 274              	.LVL22:
ARM GAS  C:\Users\aydan\AppData\Local\Temp\cc2HzNY7.s 			page 16


 169:src/main.cpp  **** #endif
 275              		.loc 6 169 5 is_stmt 1 view .LVU71
 169:src/main.cpp  **** #endif
 276              		.loc 6 169 22 is_stmt 0 view .LVU72
 277 0068 6448     		ldr	r0, .L46
 278 006a FFF7FEFF 		bl	_ZN5daisy9DaisySeed15AudioSampleRateEv
 279              	.LVL23:
 280 006e 2146     		mov	r1, r4
 281 0070 3046     		mov	r0, r6
 282 0072 2A46     		mov	r2, r5
 283 0074 FFF7FEFF 		bl	_ZN3app11AudioEngine4InitEfRNS_14ControlMailboxERNS_12TunerCaptureE
 284              	.LVL24:
 173:src/main.cpp  **** 
 285              		.loc 6 173 5 is_stmt 1 view .LVU73
 173:src/main.cpp  **** 
 286              		.loc 6 173 18 is_stmt 0 view .LVU74
 287 0078 6649     		ldr	r1, .L46+24
 288 007a 6048     		ldr	r0, .L46
 178:src/main.cpp  ****     uint8_t  current_effect         = app::config::FX_TUNER;
 289              		.loc 6 178 14 view .LVU75
 290 007c FF26     		movs	r6, #255
 183:src/main.cpp  ****     uint32_t last_rotary_cal_tx     = 0;
 291              		.loc 6 183 14 view .LVU76
 292 007e CDF80C80 		str	r8, [sp, #12]
 173:src/main.cpp  **** 
 293              		.loc 6 173 18 view .LVU77
 294 0082 FFF7FEFF 		bl	_ZN5daisy9DaisySeed10StartAudioEPFvPKPKfPPfjE
 295              	.LVL25:
 178:src/main.cpp  ****     uint8_t  current_effect         = app::config::FX_TUNER;
 296              		.loc 6 178 5 is_stmt 1 view .LVU78
 179:src/main.cpp  ****     bool     previous_tuner_mode    = false;
 297              		.loc 6 179 5 view .LVU79
 180:src/main.cpp  ****     uint32_t last_pots_tx           = 0;
 298              		.loc 6 180 5 view .LVU80
 181:src/main.cpp  ****     uint32_t last_tuner_tx          = 0;
 299              		.loc 6 181 5 view .LVU81
 182:src/main.cpp  ****     uint32_t last_tuner_disabled_tx = 0;
 300              		.loc 6 182 5 view .LVU82
 183:src/main.cpp  ****     uint32_t last_rotary_cal_tx     = 0;
 301              		.loc 6 183 5 view .LVU83
 184:src/main.cpp  ****     uint32_t last_thermal_debug_tx  = 0;
 302              		.loc 6 184 5 view .LVU84
 185:src/main.cpp  ****     uint32_t last_cpu_tx            = 0;
 303              		.loc 6 185 5 view .LVU85
 304              		.loc 6 186 5 view .LVU86
 305              		.loc 6 186 5 is_stmt 0 view .LVU87
 306 0086 25E0     		b	.L20
 307              	.LVL26:
 308              	.L42:
 309              	.LBB138:
 187:src/main.cpp  **** 
 188:src/main.cpp  ****     while(1)
 189:src/main.cpp  ****     {
 190:src/main.cpp  ****         const uint32_t now             = System::GetNow();
 191:src/main.cpp  **** 
 192:src/main.cpp  **** #if DIAG_SERVICE_THERMAL
 193:src/main.cpp  ****         const bool     thermal_sampled = thermal_monitor.Service(now);
ARM GAS  C:\Users\aydan\AppData\Local\Temp\cc2HzNY7.s 			page 17


 194:src/main.cpp  **** #if DIAG_STAGE == DIAG_STAGE_PRODUCTION
 195:src/main.cpp  ****         if(thermal_monitor.IsSafetyLatched())
 196:src/main.cpp  ****         {
 197:src/main.cpp  ****             controls.RequestThermalShutdown();
 198:src/main.cpp  ****             const app::ThermalFaultKind fault
 199:src/main.cpp  ****                 = thermal_monitor.TakeFaultNotification();
 200:src/main.cpp  ****             if(app::config::kThermalFaultMessagesEnabled)
 201:src/main.cpp  ****             {
 202:src/main.cpp  ****                 if(fault == app::ThermalFaultKind::Thermal)
 203:src/main.cpp  ****                     telemetry.SendThermalFault(
 204:src/main.cpp  ****                         thermal_monitor.filtered_temperature_c());
 205:src/main.cpp  ****                 else if(fault == app::ThermalFaultKind::Sensor)
 206:src/main.cpp  ****                     telemetry.SendTemperatureSensorFault(
 207:src/main.cpp  ****                         thermal_monitor.last_error_code());
 208:src/main.cpp  ****             }
 209:src/main.cpp  ****             hw.SetLed(thermal_monitor.FaultLedOn(now));
 210:src/main.cpp  ****             System::Delay(app::config::kThermalFaultLoopDelayMs);
 211:src/main.cpp  ****             continue;
 212:src/main.cpp  ****         }
 213:src/main.cpp  **** #else
 214:src/main.cpp  ****         if(thermal_monitor.IsSafetyLatched())
 215:src/main.cpp  ****         {
 216:src/main.cpp  **** #if DIAG_ENFORCE_THERMAL_AUDIO_SHUTDOWN
 217:src/main.cpp  ****             controls.RequestThermalShutdown();
 218:src/main.cpp  **** #endif
 219:src/main.cpp  ****             const app::ThermalFaultKind fault
 220:src/main.cpp  ****                 = thermal_monitor.TakeFaultNotification();
 221:src/main.cpp  **** #if DIAG_INIT_TELEMETRY
 222:src/main.cpp  ****             if(fault == app::ThermalFaultKind::Thermal)
 223:src/main.cpp  ****                 telemetry.SendThermalFault(
 224:src/main.cpp  ****                     thermal_monitor.filtered_temperature_c());
 225:src/main.cpp  ****             else if(fault == app::ThermalFaultKind::Sensor)
 226:src/main.cpp  ****                 telemetry.SendTemperatureSensorFault(
 227:src/main.cpp  ****                     thermal_monitor.last_error_code());
 228:src/main.cpp  **** #else
 229:src/main.cpp  ****             (void)fault;
 230:src/main.cpp  **** #endif
 231:src/main.cpp  ****             hw.SetLed(thermal_monitor.FaultLedOn(now));
 232:src/main.cpp  ****         }
 233:src/main.cpp  **** #endif
 234:src/main.cpp  **** #if THERMAL_DEBUG_TELEMETRY && DIAG_INIT_TELEMETRY
 235:src/main.cpp  ****         if(thermal_sampled
 236:src/main.cpp  ****            && (uint32_t)(now - last_thermal_debug_tx)
 237:src/main.cpp  ****                   >= app::config::kThermalDebugTelemetryPeriodMs)
 238:src/main.cpp  ****         {
 239:src/main.cpp  ****             last_thermal_debug_tx = now;
 240:src/main.cpp  ****             telemetry.SendThermalDebug(thermal_monitor.filtered_temperature_c(),
 241:src/main.cpp  ****                                        thermal_monitor.last_raw_temperature(),
 242:src/main.cpp  ****                                        thermal_monitor.state());
 243:src/main.cpp  ****         }
 244:src/main.cpp  **** #else
 245:src/main.cpp  ****         (void)thermal_sampled;
 246:src/main.cpp  ****         (void)last_thermal_debug_tx;
 247:src/main.cpp  **** #endif
 248:src/main.cpp  **** #else
 249:src/main.cpp  ****         (void)last_thermal_debug_tx;
 250:src/main.cpp  **** #endif
ARM GAS  C:\Users\aydan\AppData\Local\Temp\cc2HzNY7.s 			page 18


 251:src/main.cpp  **** 
 252:src/main.cpp  **** #if DIAG_SERVICE_CONTROLS
 253:src/main.cpp  ****         const app::ControlTelemetryState state = controls.Process(hw, now);
 254:src/main.cpp  ****         current_effect                         = state.effect;
 255:src/main.cpp  ****         hw.SetLed(state.rotary_position == 1);
 256:src/main.cpp  **** 
 257:src/main.cpp  **** #if DIAG_SEND_TELEMETRY
 258:src/main.cpp  ****         if(current_effect != last_sent_effect)
 259:src/main.cpp  ****         {
 260:src/main.cpp  ****             last_sent_effect = current_effect;
 261:src/main.cpp  ****             telemetry.SendEffect(last_sent_effect);
 262:src/main.cpp  ****         }
 263:src/main.cpp  ****         if(state.footswitch.occurred)
 264:src/main.cpp  ****             telemetry.SendFootswitch(state.footswitch.down,
 265:src/main.cpp  ****                                      state.footswitch.edge,
 266:src/main.cpp  ****                                      state.footswitch.press_count);
 267:src/main.cpp  ****         if(state.pots_changed
 268:src/main.cpp  ****            || (uint32_t)(now - last_pots_tx)
 269:src/main.cpp  ****                   >= app::config::kPotTelemetryHeartbeatMs)
 270:src/main.cpp  ****         {
 271:src/main.cpp  ****             last_pots_tx = now;
 272:src/main.cpp  ****             telemetry.SendPots(state.pots);
 273:src/main.cpp  ****         }
 274:src/main.cpp  **** #if ROTARY_CALIBRATION_MODE
 275:src/main.cpp  ****         if((uint32_t)(now - last_rotary_cal_tx) >= 100u)
 276:src/main.cpp  ****         {
 277:src/main.cpp  ****             last_rotary_cal_tx = now;
 278:src/main.cpp  ****             telemetry.SendRotaryCalibration(state.rotary_raw_u16,
 279:src/main.cpp  ****                                             state.rotary_position);
 280:src/main.cpp  ****         }
 281:src/main.cpp  **** #endif
 282:src/main.cpp  **** #endif
 283:src/main.cpp  **** 
 284:src/main.cpp  **** #if DIAG_ANALYZE_TUNER
 285:src/main.cpp  ****         const bool tuner_mode = current_effect == app::config::FX_TUNER;
 286:src/main.cpp  ****         if(tuner_mode && !previous_tuner_mode)
 310              		.loc 6 286 9 view .LVU88
 311 0088 002E     		cmp	r6, #0
 312 008a 5BD0     		beq	.L14
 287:src/main.cpp  ****         {
 288:src/main.cpp  ****             tuner_analyzer.Reset(now);
 313              		.loc 6 288 13 is_stmt 1 view .LVU89
 314              		.loc 6 288 33 is_stmt 0 view .LVU90
 315 008c 2146     		mov	r1, r4
 316 008e 5F48     		ldr	r0, .L46+16
 317 0090 FFF7FEFF 		bl	_ZN3app13TunerAnalyzer5ResetEm
 318              	.LVL27:
 289:src/main.cpp  ****             last_tuner_tx = 0;
 319              		.loc 6 289 13 is_stmt 1 view .LVU91
 290:src/main.cpp  ****         }
 291:src/main.cpp  ****         else if(!tuner_mode && previous_tuner_mode)
 292:src/main.cpp  ****         {
 293:src/main.cpp  ****             tuner_analyzer.Reset(now);
 294:src/main.cpp  **** #if DIAG_SEND_TELEMETRY
 295:src/main.cpp  ****             telemetry.SendTunerDisabled();
 296:src/main.cpp  **** #endif
 297:src/main.cpp  ****             last_tuner_disabled_tx = now;
ARM GAS  C:\Users\aydan\AppData\Local\Temp\cc2HzNY7.s 			page 19


 298:src/main.cpp  ****         }
 299:src/main.cpp  ****         previous_tuner_mode = tuner_mode;
 320              		.loc 6 299 9 view .LVU92
 300:src/main.cpp  **** 
 301:src/main.cpp  ****         if(tuner_mode
 321              		.loc 6 301 9 view .LVU93
 288:src/main.cpp  ****             last_tuner_tx = 0;
 322              		.loc 6 288 33 is_stmt 0 view .LVU94
 323 0094 2346     		mov	r3, r4
 289:src/main.cpp  ****         }
 324              		.loc 6 289 27 view .LVU95
 325 0096 4FF0000B 		mov	fp, #0
 326              	.LVL28:
 327              	.LBB139:
 302:src/main.cpp  ****            && (uint32_t)(now - last_tuner_tx)
 328              		.loc 6 302 12 view .LVU96
 329 009a 4F2B     		cmp	r3, #79
 330 009c 00F28580 		bhi	.L39
 331              	.LVL29:
 332              	.L17:
 333              		.loc 6 302 12 view .LVU97
 334              	.LBE139:
 303:src/main.cpp  ****                   >= app::config::kTunerAnalysisPeriodMs)
 304:src/main.cpp  ****         {
 305:src/main.cpp  ****             last_tuner_tx = now;
 306:src/main.cpp  ****             if(tuner_capture.CopyAnalysisWindow(
 307:src/main.cpp  ****                    tuner_source_window, app::config::kTunerSourceWindowSize))
 308:src/main.cpp  ****             {
 309:src/main.cpp  ****                 const app::TunerResult result = tuner_analyzer.Analyze(
 310:src/main.cpp  ****                     tuner_source_window,
 311:src/main.cpp  ****                     app::config::kTunerSourceWindowSize,
 312:src/main.cpp  ****                     state.pots[0],
 313:src/main.cpp  ****                     state.pots[1],
 314:src/main.cpp  ****                     state.pots[2],
 315:src/main.cpp  ****                     now);
 316:src/main.cpp  **** #if DIAG_SEND_TELEMETRY
 317:src/main.cpp  ****                 telemetry.SendTuner(result);
 318:src/main.cpp  **** #else
 319:src/main.cpp  ****                 (void)result;
 320:src/main.cpp  **** #endif
 321:src/main.cpp  ****             }
 322:src/main.cpp  ****         }
 323:src/main.cpp  **** #if DIAG_SEND_TELEMETRY
 324:src/main.cpp  ****         else if(!tuner_mode
 325:src/main.cpp  ****                 && (uint32_t)(now - last_tuner_disabled_tx)
 326:src/main.cpp  ****                        >= app::config::kTunerDisabledHeartbeatMs)
 327:src/main.cpp  ****         {
 328:src/main.cpp  ****             last_tuner_disabled_tx = now;
 329:src/main.cpp  ****             telemetry.SendTunerDisabled();
 330:src/main.cpp  ****         }
 331:src/main.cpp  **** #endif
 332:src/main.cpp  **** #endif
 333:src/main.cpp  **** #endif
 334:src/main.cpp  **** 
 335:src/main.cpp  **** #if AUDIO_CPU_LOAD_DEBUG && DIAG_INIT_TELEMETRY
 336:src/main.cpp  ****         if((uint32_t)(now - last_cpu_tx) >= 500u)
 335              		.loc 6 336 9 is_stmt 1 view .LVU98
ARM GAS  C:\Users\aydan\AppData\Local\Temp\cc2HzNY7.s 			page 20


 336              	.LBB146:
 337              		.loc 6 336 27 is_stmt 0 view .LVU99
 338 00a0 A4EB0803 		sub	r3, r4, r8
 339              		.loc 6 336 9 view .LVU100
 340 00a4 B3F5FA7F 		cmp	r3, #500
 341 00a8 0FD3     		bcc	.L19
 342              	.LBB147:
 337:src/main.cpp  ****         {
 338:src/main.cpp  ****             last_cpu_tx = now;
 343              		.loc 6 338 13 is_stmt 1 view .LVU101
 344              	.LVL30:
 339:src/main.cpp  ****             const app::AudioEngine::CpuLoadSnapshot load
 345              		.loc 6 339 13 view .LVU102
 340:src/main.cpp  ****                 = audio_engine.GetCpuLoadSnapshot();
 346              		.loc 6 340 51 is_stmt 0 view .LVU103
 347 00aa 5949     		ldr	r1, .L46+20
 348 00ac 04A8     		add	r0, sp, #16
 349 00ae FFF7FEFF 		bl	_ZNK3app11AudioEngine18GetCpuLoadSnapshotEv
 350              	.LVL31:
 341:src/main.cpp  ****             const uint8_t effect = (uint8_t)DIAG_FORCE_EFFECT;
 351              		.loc 6 341 13 is_stmt 1 view .LVU104
 342:src/main.cpp  ****             telemetry.SendAudioCpuLoad(load.average,
 352              		.loc 6 342 13 view .LVU105
 353              		.loc 6 342 39 is_stmt 0 view .LVU106
 354 00b2 9DED0A1A 		vldr.32	s2, [sp, #40]
 355 00b6 0422     		movs	r2, #4
 356 00b8 0B99     		ldr	r1, [sp, #44]
 357 00ba DDED050A 		vldr.32	s1, [sp, #20]
 338:src/main.cpp  ****             const app::AudioEngine::CpuLoadSnapshot load
 358              		.loc 6 338 25 view .LVU107
 359 00be A046     		mov	r8, r4
 360              		.loc 6 342 39 view .LVU108
 361 00c0 9DED040A 		vldr.32	s0, [sp, #16]
 362 00c4 5448     		ldr	r0, .L46+28
 363 00c6 FFF7FEFF 		bl	_ZN3app9Telemetry16SendAudioCpuLoadEffmhf
 364              	.LVL32:
 365              	.L19:
 366              		.loc 6 342 39 view .LVU109
 367              	.LBE147:
 368              	.LBE146:
 343:src/main.cpp  ****                                        load.peak,
 344:src/main.cpp  ****                                        load.overrun_count,
 345:src/main.cpp  ****                                        effect,
 346:src/main.cpp  ****                                        load.effect_peak[effect]);
 347:src/main.cpp  ****         }
 348:src/main.cpp  **** #else
 349:src/main.cpp  ****         (void)last_cpu_tx;
 350:src/main.cpp  **** #endif
 351:src/main.cpp  **** 
 352:src/main.cpp  ****         (void)last_sent_effect;
 369              		.loc 6 352 9 is_stmt 1 discriminator 2 view .LVU110
 353:src/main.cpp  ****         (void)last_pots_tx;
 370              		.loc 6 353 9 discriminator 2 view .LVU111
 354:src/main.cpp  ****         (void)last_tuner_tx;
 371              		.loc 6 354 9 discriminator 2 view .LVU112
 355:src/main.cpp  ****         (void)last_tuner_disabled_tx;
 372              		.loc 6 355 9 discriminator 2 view .LVU113
ARM GAS  C:\Users\aydan\AppData\Local\Temp\cc2HzNY7.s 			page 21


 356:src/main.cpp  ****         (void)last_rotary_cal_tx;
 373              		.loc 6 356 9 discriminator 2 view .LVU114
 357:src/main.cpp  ****         (void)previous_tuner_mode;
 374              		.loc 6 357 9 discriminator 2 view .LVU115
 358:src/main.cpp  ****         (void)current_effect;
 375              		.loc 6 358 9 discriminator 2 view .LVU116
 359:src/main.cpp  ****         System::Delay(app::config::kMainLoopDelayMs);
 376              		.loc 6 359 9 discriminator 2 view .LVU117
 377              		.loc 6 359 22 is_stmt 0 discriminator 2 view .LVU118
 378 00ca 0120     		movs	r0, #1
 285:src/main.cpp  ****         if(tuner_mode && !previous_tuner_mode)
 379              		.loc 6 285 20 discriminator 2 view .LVU119
 380 00cc 3746     		mov	r7, r6
 254:src/main.cpp  ****         hw.SetLed(state.rotary_position == 1);
 381              		.loc 6 254 48 discriminator 2 view .LVU120
 382 00ce 2E46     		mov	r6, r5
 383              	.LVL33:
 384              		.loc 6 359 22 discriminator 2 view .LVU121
 385 00d0 FFF7FEFF 		bl	_ZN5daisy6System5DelayEm
 386              	.LVL34:
 387              	.LBE138:
 188:src/main.cpp  ****     {
 388              		.loc 6 188 5 is_stmt 1 discriminator 2 view .LVU122
 389              	.L20:
 188:src/main.cpp  ****     {
 390              		.loc 6 188 5 view .LVU123
 391              	.LBB174:
 190:src/main.cpp  **** 
 392              		.loc 6 190 9 view .LVU124
 190:src/main.cpp  **** 
 393              		.loc 6 190 56 is_stmt 0 view .LVU125
 394 00d4 FFF7FEFF 		bl	_ZN5daisy6System6GetNowEv
 395              	.LVL35:
 396 00d8 0446     		mov	r4, r0
 193:src/main.cpp  **** #if DIAG_STAGE == DIAG_STAGE_PRODUCTION
 397              		.loc 6 193 65 view .LVU126
 398 00da 5048     		ldr	r0, .L46+32
 399              	.LVL36:
 193:src/main.cpp  **** #if DIAG_STAGE == DIAG_STAGE_PRODUCTION
 400              		.loc 6 193 9 is_stmt 1 view .LVU127
 193:src/main.cpp  **** #if DIAG_STAGE == DIAG_STAGE_PRODUCTION
 401              		.loc 6 193 65 is_stmt 0 view .LVU128
 402 00dc 2146     		mov	r1, r4
 403 00de FFF7FEFF 		bl	_ZN3app14ThermalMonitor7ServiceEm
 404              	.LVL37:
 214:src/main.cpp  ****         {
 405              		.loc 6 214 9 is_stmt 1 view .LVU129
 406              	.LBB148:
 407              	.LBB149:
 408              	.LBI149:
 409              		.file 7 "src/thermal_monitor.h"
   1:src/thermal_monitor.h **** #pragma once
   2:src/thermal_monitor.h **** 
   3:src/thermal_monitor.h **** #include "app_config.h"
   4:src/thermal_monitor.h **** 
   5:src/thermal_monitor.h **** #include <stdint.h>
   6:src/thermal_monitor.h **** 
ARM GAS  C:\Users\aydan\AppData\Local\Temp\cc2HzNY7.s 			page 22


   7:src/thermal_monitor.h **** namespace app
   8:src/thermal_monitor.h **** {
   9:src/thermal_monitor.h **** enum class ThermalState : uint8_t
  10:src/thermal_monitor.h **** {
  11:src/thermal_monitor.h ****     Normal,
  12:src/thermal_monitor.h ****     Warning,
  13:src/thermal_monitor.h ****     Shutdown,
  14:src/thermal_monitor.h ****     SensorFault
  15:src/thermal_monitor.h **** };
  16:src/thermal_monitor.h **** 
  17:src/thermal_monitor.h **** enum class ThermalFaultKind : uint8_t
  18:src/thermal_monitor.h **** {
  19:src/thermal_monitor.h ****     None,
  20:src/thermal_monitor.h ****     Thermal,
  21:src/thermal_monitor.h ****     Sensor
  22:src/thermal_monitor.h **** };
  23:src/thermal_monitor.h **** 
  24:src/thermal_monitor.h **** enum ThermalSensorError : int
  25:src/thermal_monitor.h **** {
  26:src/thermal_monitor.h ****     THERMAL_SENSOR_OK          = 0,
  27:src/thermal_monitor.h ****     THERMAL_SENSOR_DISABLED    = 1,
  28:src/thermal_monitor.h ****     THERMAL_SENSOR_ADC_INIT    = 2,
  29:src/thermal_monitor.h ****     THERMAL_SENSOR_CALIBRATION = 3,
  30:src/thermal_monitor.h ****     THERMAL_SENSOR_CONVERSION  = 4,
  31:src/thermal_monitor.h ****     THERMAL_SENSOR_IMPLAUSIBLE = 5,
  32:src/thermal_monitor.h ****     THERMAL_SENSOR_REVISION    = 6
  33:src/thermal_monitor.h **** };
  34:src/thermal_monitor.h **** 
  35:src/thermal_monitor.h **** struct ThermalCalibrationInfo
  36:src/thermal_monitor.h **** {
  37:src/thermal_monitor.h ****     uint32_t revision_id;
  38:src/thermal_monitor.h ****     uint16_t cal1_raw;
  39:src/thermal_monitor.h ****     uint16_t cal2_raw;
  40:src/thermal_monitor.h ****     int32_t  cal2_temperature_c;
  41:src/thermal_monitor.h **** };
  42:src/thermal_monitor.h **** 
  43:src/thermal_monitor.h **** int32_t ResolveTemperatureCal2C(uint32_t revision_id);
  44:src/thermal_monitor.h **** 
  45:src/thermal_monitor.h **** struct ThermalSample
  46:src/thermal_monitor.h **** {
  47:src/thermal_monitor.h ****     bool     valid;
  48:src/thermal_monitor.h ****     float    temperature_c;
  49:src/thermal_monitor.h ****     uint16_t raw_temperature;
  50:src/thermal_monitor.h ****     uint16_t raw_vref;
  51:src/thermal_monitor.h ****     int      error_code;
  52:src/thermal_monitor.h **** };
  53:src/thermal_monitor.h **** 
  54:src/thermal_monitor.h **** // Concrete backend kept separate from policy so a future external thermistor can
  55:src/thermal_monitor.h **** // replace ADC3 acquisition without changing the safety state machine.
  56:src/thermal_monitor.h **** class InternalTemperatureSensor
  57:src/thermal_monitor.h **** {
  58:src/thermal_monitor.h ****   public:
  59:src/thermal_monitor.h ****     InternalTemperatureSensor();
  60:src/thermal_monitor.h ****     bool          Init();
  61:src/thermal_monitor.h ****     ThermalSample Read();
  62:src/thermal_monitor.h **** 
  63:src/thermal_monitor.h ****     static bool            ConvertTemperatureC(uint32_t raw_temperature,
ARM GAS  C:\Users\aydan\AppData\Local\Temp\cc2HzNY7.s 			page 23


  64:src/thermal_monitor.h ****                                                uint32_t raw_vref,
  65:src/thermal_monitor.h ****                                                uint32_t vref_cal,
  66:src/thermal_monitor.h ****                                                uint32_t cal1_raw,
  67:src/thermal_monitor.h ****                                                uint32_t cal2_raw,
  68:src/thermal_monitor.h ****                                                int32_t  cal1_temperature_c,
  69:src/thermal_monitor.h ****                                                int32_t  cal2_temperature_c,
  70:src/thermal_monitor.h ****                                                float&   out_temperature_c);
  71:src/thermal_monitor.h ****     ThermalCalibrationInfo calibration_info() const;
  72:src/thermal_monitor.h **** 
  73:src/thermal_monitor.h ****   private:
  74:src/thermal_monitor.h ****     bool ReadChannelAveraged(uint32_t channel, uint16_t& out_raw);
  75:src/thermal_monitor.h **** 
  76:src/thermal_monitor.h **** #if THERMAL_MONITOR_ENABLED
  77:src/thermal_monitor.h ****     ADC_HandleTypeDef adc_;
  78:src/thermal_monitor.h **** #endif
  79:src/thermal_monitor.h ****     bool     ready_;
  80:src/thermal_monitor.h ****     int      init_error_;
  81:src/thermal_monitor.h ****     uint32_t revision_id_;
  82:src/thermal_monitor.h ****     uint16_t cal1_raw_;
  83:src/thermal_monitor.h ****     uint16_t cal2_raw_;
  84:src/thermal_monitor.h ****     uint16_t vref_cal_raw_;
  85:src/thermal_monitor.h ****     int32_t  cal2_temperature_c_;
  86:src/thermal_monitor.h **** };
  87:src/thermal_monitor.h **** 
  88:src/thermal_monitor.h **** class ThermalPolicy
  89:src/thermal_monitor.h **** {
  90:src/thermal_monitor.h ****   public:
  91:src/thermal_monitor.h ****     ThermalPolicy();
  92:src/thermal_monitor.h ****     void Reset();
  93:src/thermal_monitor.h ****     void Process(const ThermalSample& sample);
  94:src/thermal_monitor.h **** 
  95:src/thermal_monitor.h ****     ThermalState state() const { return state_; }
  96:src/thermal_monitor.h ****     bool         IsSafetyLatched() const
  97:src/thermal_monitor.h ****     {
  98:src/thermal_monitor.h ****         return state_ == ThermalState::Shutdown
  99:src/thermal_monitor.h ****                || state_ == ThermalState::SensorFault;
 100:src/thermal_monitor.h ****     }
 101:src/thermal_monitor.h ****     float    filtered_temperature_c() const { return filtered_temperature_c_; }
 102:src/thermal_monitor.h ****     uint16_t last_raw_temperature() const { return last_raw_temperature_; }
 103:src/thermal_monitor.h ****     int      last_error_code() const { return last_error_code_; }
 104:src/thermal_monitor.h ****     ThermalFaultKind TakeFaultNotification();
 105:src/thermal_monitor.h **** 
 106:src/thermal_monitor.h ****   private:
 107:src/thermal_monitor.h ****     void Latch(ThermalState state, int error_code);
 108:src/thermal_monitor.h **** 
 109:src/thermal_monitor.h ****     ThermalState     state_;
 110:src/thermal_monitor.h ****     float            filter_[config::kThermalFilterLength];
 111:src/thermal_monitor.h ****     int              filter_count_;
 112:src/thermal_monitor.h ****     int              filter_index_;
 113:src/thermal_monitor.h ****     int              warning_count_;
 114:src/thermal_monitor.h ****     int              trip_count_;
 115:src/thermal_monitor.h ****     int              invalid_count_;
 116:src/thermal_monitor.h ****     float            filtered_temperature_c_;
 117:src/thermal_monitor.h ****     uint16_t         last_raw_temperature_;
 118:src/thermal_monitor.h ****     int              last_error_code_;
 119:src/thermal_monitor.h ****     ThermalFaultKind pending_fault_;
 120:src/thermal_monitor.h **** };
ARM GAS  C:\Users\aydan\AppData\Local\Temp\cc2HzNY7.s 			page 24


 121:src/thermal_monitor.h **** 
 122:src/thermal_monitor.h **** class ThermalMonitor
 123:src/thermal_monitor.h **** {
 124:src/thermal_monitor.h ****   public:
 125:src/thermal_monitor.h ****     ThermalMonitor();
 126:src/thermal_monitor.h ****     void Init(uint32_t now_ms, bool perform_initial_sample = true);
 127:src/thermal_monitor.h ****     bool Service(uint32_t now_ms);
 128:src/thermal_monitor.h **** 
 129:src/thermal_monitor.h ****     ThermalState state() const { return policy_.state(); }
 130:src/thermal_monitor.h ****     bool         IsSafetyLatched() const { return policy_.IsSafetyLatched(); }
 410              		.loc 7 130 18 view .LVU130
 411              	.LBE149:
 412              	.LBE148:
 413              	.LBE174:
 414              		.loc 7 130 44 view .LVU131
 415              	.LBB175:
 416              	.LBB167:
 417              	.LBB152:
 418              	.LBB150:
 419              	.LBI150:
  96:src/thermal_monitor.h ****     {
 420              		.loc 7 96 18 view .LVU132
 421              	.LBB151:
  98:src/thermal_monitor.h ****                || state_ == ThermalState::SensorFault;
 422              		.loc 7 98 9 view .LVU133
  99:src/thermal_monitor.h ****     }
 423              		.loc 7 99 16 is_stmt 0 view .LVU134
 424 00e2 9AF87C30 		ldrb	r3, [r10, #124]	@ zero_extendqisi2
 425              	.LBE151:
 426              	.LBE150:
 427              	.LBE152:
 214:src/main.cpp  ****         {
 428              		.loc 6 214 9 view .LVU135
 429 00e6 023B     		subs	r3, r3, #2
 430 00e8 012B     		cmp	r3, #1
 431 00ea 3ED9     		bls	.L40
 432              	.L7:
 433              	.LBE167:
 245:src/main.cpp  ****         (void)last_thermal_debug_tx;
 434              		.loc 6 245 9 is_stmt 1 view .LVU136
 246:src/main.cpp  **** #endif
 435              		.loc 6 246 9 view .LVU137
 253:src/main.cpp  ****         current_effect                         = state.effect;
 436              		.loc 6 253 9 view .LVU138
 253:src/main.cpp  ****         current_effect                         = state.effect;
 437              		.loc 6 253 74 is_stmt 0 view .LVU139
 438 00ec 4549     		ldr	r1, .L46+8
 439 00ee 0CA8     		add	r0, sp, #48
 440 00f0 2346     		mov	r3, r4
 441 00f2 424A     		ldr	r2, .L46
 442 00f4 FFF7FEFF 		bl	_ZN3app8Controls7ProcessERN5daisy9DaisySeedEm
 443              	.LVL38:
 254:src/main.cpp  ****         hw.SetLed(state.rotary_position == 1);
 444              		.loc 6 254 9 is_stmt 1 view .LVU140
 255:src/main.cpp  **** 
 445              		.loc 6 255 18 is_stmt 0 view .LVU141
 446 00f8 1299     		ldr	r1, [sp, #72]
ARM GAS  C:\Users\aydan\AppData\Local\Temp\cc2HzNY7.s 			page 25


 254:src/main.cpp  ****         hw.SetLed(state.rotary_position == 1);
 447              		.loc 6 254 48 view .LVU142
 448 00fa 9DF84250 		ldrb	r5, [sp, #66]	@ zero_extendqisi2
 449              	.LVL39:
 255:src/main.cpp  **** 
 450              		.loc 6 255 9 is_stmt 1 view .LVU143
 255:src/main.cpp  **** 
 451              		.loc 6 255 18 is_stmt 0 view .LVU144
 452 00fe A1F10101 		sub	r1, #1
 453 0102 3E48     		ldr	r0, .L46
 454 0104 B1FA81F1 		clz	r1, r1
 455 0108 4909     		lsrs	r1, r1, #5
 456 010a FFF7FEFF 		bl	_ZN5daisy9DaisySeed6SetLedEb
 457              	.LVL40:
 258:src/main.cpp  ****         {
 458              		.loc 6 258 9 is_stmt 1 view .LVU145
 459 010e AE42     		cmp	r6, r5
 460 0110 03D0     		beq	.L10
 260:src/main.cpp  ****             telemetry.SendEffect(last_sent_effect);
 461              		.loc 6 260 13 view .LVU146
 462              	.LVL41:
 261:src/main.cpp  ****         }
 463              		.loc 6 261 13 view .LVU147
 261:src/main.cpp  ****         }
 464              		.loc 6 261 33 is_stmt 0 view .LVU148
 465 0112 2946     		mov	r1, r5
 466 0114 4048     		ldr	r0, .L46+28
 467 0116 FFF7FEFF 		bl	_ZN3app9Telemetry10SendEffectEi
 468              	.LVL42:
 469              	.L10:
 263:src/main.cpp  ****             telemetry.SendFootswitch(state.footswitch.down,
 470              		.loc 6 263 9 is_stmt 1 view .LVU149
 471 011a 9DF84C30 		ldrb	r3, [sp, #76]	@ zero_extendqisi2
 472 011e E3B9     		cbnz	r3, .L41
 473              	.L11:
 267:src/main.cpp  ****            || (uint32_t)(now - last_pots_tx)
 474              		.loc 6 267 9 view .LVU150
 475 0120 9DF84030 		ldrb	r3, [sp, #64]	@ zero_extendqisi2
 476 0124 23B9     		cbnz	r3, .L12
 268:src/main.cpp  ****                   >= app::config::kPotTelemetryHeartbeatMs)
 477              		.loc 6 268 30 is_stmt 0 view .LVU151
 478 0126 A4EB0903 		sub	r3, r4, r9
 268:src/main.cpp  ****                   >= app::config::kPotTelemetryHeartbeatMs)
 479              		.loc 6 268 12 view .LVU152
 480 012a B3F5FA7F 		cmp	r3, #500
 481 012e 04D3     		bcc	.L13
 482              	.L12:
 271:src/main.cpp  ****             telemetry.SendPots(state.pots);
 483              		.loc 6 271 13 is_stmt 1 view .LVU153
 484              	.LVL43:
 272:src/main.cpp  ****         }
 485              		.loc 6 272 13 view .LVU154
 272:src/main.cpp  ****         }
 486              		.loc 6 272 31 is_stmt 0 view .LVU155
 487 0130 0CA9     		add	r1, sp, #48
 488 0132 3948     		ldr	r0, .L46+28
 271:src/main.cpp  ****             telemetry.SendPots(state.pots);
ARM GAS  C:\Users\aydan\AppData\Local\Temp\cc2HzNY7.s 			page 26


 489              		.loc 6 271 26 view .LVU156
 490 0134 A146     		mov	r9, r4
 272:src/main.cpp  ****         }
 491              		.loc 6 272 31 view .LVU157
 492 0136 FFF7FEFF 		bl	_ZN3app9Telemetry8SendPotsEPKf
 493              	.LVL44:
 494              	.L13:
 285:src/main.cpp  ****         if(tuner_mode && !previous_tuner_mode)
 495              		.loc 6 285 9 is_stmt 1 view .LVU158
 285:src/main.cpp  ****         if(tuner_mode && !previous_tuner_mode)
 496              		.loc 6 285 20 is_stmt 0 view .LVU159
 497 013a B5FA85F6 		clz	r6, r5
 498 013e 7609     		lsrs	r6, r6, #5
 499              	.LVL45:
 286:src/main.cpp  ****         {
 500              		.loc 6 286 9 is_stmt 1 view .LVU160
 501 0140 002F     		cmp	r7, #0
 502 0142 A1D0     		beq	.L42
 503              	.L14:
 291:src/main.cpp  ****         {
 504              		.loc 6 291 14 view .LVU161
 505 0144 65B3     		cbz	r5, .L37
 506 0146 07B3     		cbz	r7, .L16
 293:src/main.cpp  **** #if DIAG_SEND_TELEMETRY
 507              		.loc 6 293 13 view .LVU162
 293:src/main.cpp  **** #if DIAG_SEND_TELEMETRY
 508              		.loc 6 293 33 is_stmt 0 view .LVU163
 509 0148 2146     		mov	r1, r4
 510 014a 3048     		ldr	r0, .L46+16
 511 014c FFF7FEFF 		bl	_ZN3app13TunerAnalyzer5ResetEm
 512              	.LVL46:
 295:src/main.cpp  **** #endif
 513              		.loc 6 295 13 is_stmt 1 view .LVU164
 295:src/main.cpp  **** #endif
 514              		.loc 6 295 40 is_stmt 0 view .LVU165
 515 0150 3148     		ldr	r0, .L46+28
 297:src/main.cpp  ****         }
 516              		.loc 6 297 36 view .LVU166
 517 0152 0394     		str	r4, [sp, #12]
 518              	.LVL47:
 295:src/main.cpp  **** #endif
 519              		.loc 6 295 40 view .LVU167
 520 0154 FFF7FEFF 		bl	_ZN3app9Telemetry17SendTunerDisabledEv
 521              	.LVL48:
 297:src/main.cpp  ****         }
 522              		.loc 6 297 13 is_stmt 1 view .LVU168
 299:src/main.cpp  **** 
 523              		.loc 6 299 9 view .LVU169
 301:src/main.cpp  ****            && (uint32_t)(now - last_tuner_tx)
 524              		.loc 6 301 9 view .LVU170
 525              	.LBB168:
 324:src/main.cpp  ****                 && (uint32_t)(now - last_tuner_disabled_tx)
 526              		.loc 6 324 14 view .LVU171
 527 0158 A2E7     		b	.L17
 528              	.LVL49:
 529              	.L41:
 324:src/main.cpp  ****                 && (uint32_t)(now - last_tuner_disabled_tx)
ARM GAS  C:\Users\aydan\AppData\Local\Temp\cc2HzNY7.s 			page 27


 530              		.loc 6 324 14 is_stmt 0 view .LVU172
 531              	.LBE168:
 264:src/main.cpp  ****                                      state.footswitch.edge,
 532              		.loc 6 264 13 is_stmt 1 view .LVU173
 264:src/main.cpp  ****                                      state.footswitch.edge,
 533              		.loc 6 264 37 is_stmt 0 view .LVU174
 534 015a DDE91423 		ldrd	r2, r3, [sp, #80]
 535 015e 9DF84D10 		ldrb	r1, [sp, #77]	@ zero_extendqisi2
 536 0162 2D48     		ldr	r0, .L46+28
 537 0164 FFF7FEFF 		bl	_ZN3app9Telemetry14SendFootswitchEbPKci
 538              	.LVL50:
 539 0168 DAE7     		b	.L11
 540              	.LVL51:
 541              	.L40:
 542              	.LBB169:
 543              	.LBB153:
 219:src/main.cpp  ****                 = thermal_monitor.TakeFaultNotification();
 544              		.loc 6 219 13 is_stmt 1 view .LVU175
 545              	.LBB154:
 546              	.LBI154:
 131:src/thermal_monitor.h ****     float        filtered_temperature_c() const
 132:src/thermal_monitor.h ****     {
 133:src/thermal_monitor.h ****         return policy_.filtered_temperature_c();
 134:src/thermal_monitor.h ****     }
 135:src/thermal_monitor.h ****     uint16_t last_raw_temperature() const
 136:src/thermal_monitor.h ****     {
 137:src/thermal_monitor.h ****         return policy_.last_raw_temperature();
 138:src/thermal_monitor.h ****     }
 139:src/thermal_monitor.h ****     int last_error_code() const { return policy_.last_error_code(); }
 140:src/thermal_monitor.h ****     ThermalFaultKind TakeFaultNotification()
 547              		.loc 7 140 22 view .LVU176
 548              	.LBB155:
 141:src/thermal_monitor.h ****     {
 142:src/thermal_monitor.h ****         return policy_.TakeFaultNotification();
 549              		.loc 7 142 9 view .LVU177
 550              		.loc 7 142 45 is_stmt 0 view .LVU178
 551 016a 2D48     		ldr	r0, .L46+36
 552 016c FFF7FEFF 		bl	_ZN3app13ThermalPolicy21TakeFaultNotificationEv
 553              	.LVL52:
 554              		.loc 7 142 45 view .LVU179
 555              	.LBE155:
 556              	.LBE154:
 222:src/main.cpp  ****                 telemetry.SendThermalFault(
 557              		.loc 6 222 13 is_stmt 1 view .LVU180
 558 0170 0128     		cmp	r0, #1
 559 0172 37D0     		beq	.L43
 225:src/main.cpp  ****                 telemetry.SendTemperatureSensorFault(
 560              		.loc 6 225 18 view .LVU181
 561 0174 0228     		cmp	r0, #2
 562 0176 3BD0     		beq	.L44
 563              	.LVL53:
 564              	.L9:
 231:src/main.cpp  ****         }
 565              		.loc 6 231 13 view .LVU182
 231:src/main.cpp  ****         }
 566              		.loc 6 231 22 is_stmt 0 view .LVU183
 567 0178 2146     		mov	r1, r4
ARM GAS  C:\Users\aydan\AppData\Local\Temp\cc2HzNY7.s 			page 28


 568 017a 2848     		ldr	r0, .L46+32
 569 017c FFF7FEFF 		bl	_ZNK3app14ThermalMonitor10FaultLedOnEm
 570              	.LVL54:
 571 0180 0146     		mov	r1, r0
 572 0182 1E48     		ldr	r0, .L46
 573 0184 FFF7FEFF 		bl	_ZN5daisy9DaisySeed6SetLedEb
 574              	.LVL55:
 575              	.LBE153:
 576 0188 B0E7     		b	.L7
 577              	.LVL56:
 578              	.L16:
 231:src/main.cpp  ****         }
 579              		.loc 6 231 22 view .LVU184
 580              	.LBE169:
 299:src/main.cpp  **** 
 581              		.loc 6 299 9 is_stmt 1 view .LVU185
 301:src/main.cpp  ****            && (uint32_t)(now - last_tuner_tx)
 582              		.loc 6 301 9 view .LVU186
 583              	.LBB170:
 584 018a 4DB1     		cbz	r5, .L37
 585              	.LVL57:
 324:src/main.cpp  ****                 && (uint32_t)(now - last_tuner_disabled_tx)
 586              		.loc 6 324 14 view .LVU187
 325:src/main.cpp  ****                        >= app::config::kTunerDisabledHeartbeatMs)
 587              		.loc 6 325 35 is_stmt 0 view .LVU188
 588 018c 039B     		ldr	r3, [sp, #12]
 589 018e E31A     		subs	r3, r4, r3
 325:src/main.cpp  ****                        >= app::config::kTunerDisabledHeartbeatMs)
 590              		.loc 6 325 17 view .LVU189
 591 0190 B3F57A7F 		cmp	r3, #1000
 592 0194 84D3     		bcc	.L17
 328:src/main.cpp  ****             telemetry.SendTunerDisabled();
 593              		.loc 6 328 13 is_stmt 1 view .LVU190
 594              	.LVL58:
 329:src/main.cpp  ****         }
 595              		.loc 6 329 13 view .LVU191
 329:src/main.cpp  ****         }
 596              		.loc 6 329 40 is_stmt 0 view .LVU192
 597 0196 2048     		ldr	r0, .L46+28
 328:src/main.cpp  ****             telemetry.SendTunerDisabled();
 598              		.loc 6 328 36 view .LVU193
 599 0198 0394     		str	r4, [sp, #12]
 329:src/main.cpp  ****         }
 600              		.loc 6 329 40 view .LVU194
 601 019a FFF7FEFF 		bl	_ZN3app9Telemetry17SendTunerDisabledEv
 602              	.LVL59:
 603 019e 7FE7     		b	.L17
 604              	.LVL60:
 605              	.L37:
 302:src/main.cpp  ****                   >= app::config::kTunerAnalysisPeriodMs)
 606              		.loc 6 302 30 view .LVU195
 607 01a0 A4EB0B03 		sub	r3, r4, fp
 608              	.LVL61:
 302:src/main.cpp  ****                   >= app::config::kTunerAnalysisPeriodMs)
 609              		.loc 6 302 12 view .LVU196
 610 01a4 4F2B     		cmp	r3, #79
 611 01a6 7FF67BAF 		bls	.L17
ARM GAS  C:\Users\aydan\AppData\Local\Temp\cc2HzNY7.s 			page 29


 612              	.L39:
 613              	.LBB140:
 305:src/main.cpp  ****             if(tuner_capture.CopyAnalysisWindow(
 614              		.loc 6 305 13 is_stmt 1 view .LVU197
 615              	.LVL62:
 306:src/main.cpp  ****                    tuner_source_window, app::config::kTunerSourceWindowSize))
 616              		.loc 6 306 13 view .LVU198
 617              	.LBB141:
 306:src/main.cpp  ****                    tuner_source_window, app::config::kTunerSourceWindowSize))
 618              		.loc 6 306 48 is_stmt 0 view .LVU199
 619 01aa 4FF48052 		mov	r2, #4096
 620 01ae 1D49     		ldr	r1, .L46+40
 621 01b0 1548     		ldr	r0, .L46+12
 622 01b2 FFF7FEFF 		bl	_ZNK3app12TunerCapture18CopyAnalysisWindowEPfi
 623              	.LVL63:
 306:src/main.cpp  ****                    tuner_source_window, app::config::kTunerSourceWindowSize))
 624              		.loc 6 306 13 view .LVU200
 625 01b6 08B9     		cbnz	r0, .L45
 626              	.LBE141:
 305:src/main.cpp  ****             if(tuner_capture.CopyAnalysisWindow(
 627              		.loc 6 305 27 view .LVU201
 628 01b8 A346     		mov	fp, r4
 629 01ba 71E7     		b	.L17
 630              	.L45:
 631              	.LBB144:
 632              	.LBB142:
 309:src/main.cpp  ****                     tuner_source_window,
 633              		.loc 6 309 17 is_stmt 1 view .LVU202
 315:src/main.cpp  **** #if DIAG_SEND_TELEMETRY
 634              		.loc 6 315 24 is_stmt 0 view .LVU203
 635 01bc 04A8     		add	r0, sp, #16
 636 01be 9DED0E1A 		vldr.32	s2, [sp, #56]
 637 01c2 DDED0D0A 		vldr.32	s1, [sp, #52]
 638 01c6 4FF48053 		mov	r3, #4096
 639 01ca 9DED0C0A 		vldr.32	s0, [sp, #48]
 640              	.LBE142:
 641              	.LBE144:
 305:src/main.cpp  ****             if(tuner_capture.CopyAnalysisWindow(
 642              		.loc 6 305 27 view .LVU204
 643 01ce A346     		mov	fp, r4
 644              	.LBB145:
 645              	.LBB143:
 315:src/main.cpp  **** #if DIAG_SEND_TELEMETRY
 646              		.loc 6 315 24 view .LVU205
 647 01d0 144A     		ldr	r2, .L46+40
 648 01d2 0E49     		ldr	r1, .L46+16
 649 01d4 0094     		str	r4, [sp]
 650 01d6 FFF7FEFF 		bl	_ZN3app13TunerAnalyzer7AnalyzeEPKfifffm
 651              	.LVL64:
 317:src/main.cpp  **** #else
 652              		.loc 6 317 17 is_stmt 1 view .LVU206
 317:src/main.cpp  **** #else
 653              		.loc 6 317 36 is_stmt 0 view .LVU207
 654 01da 04A9     		add	r1, sp, #16
 655 01dc 0E48     		ldr	r0, .L46+28
 656 01de FFF7FEFF 		bl	_ZN3app9Telemetry9SendTunerERKNS_11TunerResultE
 657              	.LVL65:
ARM GAS  C:\Users\aydan\AppData\Local\Temp\cc2HzNY7.s 			page 30


 658              	.LBE143:
 659 01e2 5DE7     		b	.L17
 660              	.LVL66:
 661              	.L43:
 317:src/main.cpp  **** #else
 662              		.loc 6 317 36 view .LVU208
 663              	.LBE145:
 664              	.LBE140:
 665              	.LBE170:
 666              	.LBB171:
 667              	.LBB164:
 223:src/main.cpp  ****                     thermal_monitor.filtered_temperature_c());
 668              		.loc 6 223 17 is_stmt 1 view .LVU209
 669              	.LBB156:
 670              	.LBI156:
 131:src/thermal_monitor.h ****     {
 671              		.loc 7 131 18 view .LVU210
 672              	.LBE156:
 673              	.LBE164:
 674              	.LBE171:
 675              	.LBE175:
 133:src/thermal_monitor.h ****     }
 676              		.loc 7 133 9 view .LVU211
 677              	.LBB176:
 678              	.LBB172:
 679              	.LBB165:
 680              	.LBB159:
 681              	.LBB157:
 682              	.LBI157:
 101:src/thermal_monitor.h ****     uint16_t last_raw_temperature() const { return last_raw_temperature_; }
 683              		.loc 7 101 14 view .LVU212
 684              	.LBB158:
 101:src/thermal_monitor.h ****     uint16_t last_raw_temperature() const { return last_raw_temperature_; }
 685              		.loc 7 101 47 view .LVU213
 101:src/thermal_monitor.h ****     uint16_t last_raw_temperature() const { return last_raw_temperature_; }
 686              		.loc 7 101 47 is_stmt 0 view .LVU214
 687              	.LBE158:
 688              	.LBE157:
 689              	.LBE159:
 223:src/main.cpp  ****                     thermal_monitor.filtered_temperature_c());
 690              		.loc 6 223 43 view .LVU215
 691 01e4 9AED290A 		vldr.32	s0, [r10, #164]
 692 01e8 0B48     		ldr	r0, .L46+28
 693              	.LVL67:
 223:src/main.cpp  ****                     thermal_monitor.filtered_temperature_c());
 694              		.loc 6 223 43 view .LVU216
 695 01ea FFF7FEFF 		bl	_ZN3app9Telemetry16SendThermalFaultEf
 696              	.LVL68:
 697 01ee C3E7     		b	.L9
 698              	.LVL69:
 699              	.L44:
 226:src/main.cpp  ****                     thermal_monitor.last_error_code());
 700              		.loc 6 226 17 is_stmt 1 view .LVU217
 701              	.LBB160:
 702              	.LBI160:
 139:src/thermal_monitor.h ****     ThermalFaultKind TakeFaultNotification()
 703              		.loc 7 139 9 view .LVU218
ARM GAS  C:\Users\aydan\AppData\Local\Temp\cc2HzNY7.s 			page 31


 704              	.LBE160:
 705              	.LBE165:
 706              	.LBE172:
 707              	.LBE176:
 139:src/thermal_monitor.h ****     ThermalFaultKind TakeFaultNotification()
 708              		.loc 7 139 35 view .LVU219
 709              	.LBB177:
 710              	.LBB173:
 711              	.LBB166:
 712              	.LBB163:
 713              	.LBB161:
 714              	.LBI161:
 103:src/thermal_monitor.h ****     ThermalFaultKind TakeFaultNotification();
 715              		.loc 7 103 14 view .LVU220
 716              	.LBB162:
 103:src/thermal_monitor.h ****     ThermalFaultKind TakeFaultNotification();
 717              		.loc 7 103 40 view .LVU221
 103:src/thermal_monitor.h ****     ThermalFaultKind TakeFaultNotification();
 718              		.loc 7 103 40 is_stmt 0 view .LVU222
 719              	.LBE162:
 720              	.LBE161:
 721              	.LBE163:
 226:src/main.cpp  ****                     thermal_monitor.last_error_code());
 722              		.loc 6 226 53 view .LVU223
 723 01f0 DAF8AC10 		ldr	r1, [r10, #172]
 724 01f4 0848     		ldr	r0, .L46+28
 725              	.LVL70:
 226:src/main.cpp  ****                     thermal_monitor.last_error_code());
 726              		.loc 6 226 53 view .LVU224
 727 01f6 FFF7FEFF 		bl	_ZN3app9Telemetry26SendTemperatureSensorFaultEi
 728              	.LVL71:
 729 01fa BDE7     		b	.L9
 730              	.L47:
 731              		.align	2
 732              	.L46:
 733 01fc 00000000 		.word	.LANCHOR0
 734 0200 00000000 		.word	.LANCHOR1
 735 0204 00000000 		.word	.LANCHOR2
 736 0208 00000000 		.word	.LANCHOR4
 737 020c 00000000 		.word	.LANCHOR5
 738 0210 00000000 		.word	_ZN12_GLOBAL__N_112audio_engineE
 739 0214 00000000 		.word	_ZN12_GLOBAL__N_113AudioCallbackEPKPKfPPfj
 740 0218 00000000 		.word	.LANCHOR3
 741 021c 00000000 		.word	.LANCHOR6
 742 0220 7C000000 		.word	.LANCHOR6+124
 743 0224 00000000 		.word	_ZN12_GLOBAL__N_119tuner_source_windowE
 744              	.LBE166:
 745              	.LBE173:
 746              	.LBE177:
 747              		.cfi_endproc
 748              	.LFE4755:
 750              		.section	.text.startup._GLOBAL__sub_I_main,"ax",%progbits
 751              		.align	1
 752              		.p2align 2,,3
 753              		.syntax unified
 754              		.thumb
 755              		.thumb_func
ARM GAS  C:\Users\aydan\AppData\Local\Temp\cc2HzNY7.s 			page 32


 756              		.fpu fpv5-d16
 758              	_GLOBAL__sub_I_main:
 759              	.LFB5328:
 360:src/main.cpp  ****     }
 361:src/main.cpp  **** #endif
 362:src/main.cpp  **** }
 760              		.loc 6 362 1 is_stmt 1 view -0
 761              		.cfi_startproc
 762              		@ args = 0, pretend = 0, frame = 0
 763              		@ frame_needed = 0, uses_anonymous_args = 0
 764              	.LBB202:
 765              	.LBI202:
 766              		.loc 6 362 1 view .LVU226
 767              	.LVL72:
 768              	.LBB203:
 769              	.LBB204:
 770              	.LBI204:
  21:../../libDaisy/src/daisy_seed.h ****     ~DaisySeed() {}
 771              		.loc 1 21 5 view .LVU227
 772              	.LBB205:
 773              	.LBB206:
 774              	.LBI206:
 775              		.file 8 "../../libDaisy/src/per/qspi.h"
   1:../../libDaisy/src/per/qspi.h **** #ifndef DSY_QSPI
   2:../../libDaisy/src/per/qspi.h **** #define DSY_QSPI /**< Macro */
   3:../../libDaisy/src/per/qspi.h **** 
   4:../../libDaisy/src/per/qspi.h **** #ifndef UNIT_TEST // for unit tests, a dummy implementation
   5:../../libDaisy/src/per/qspi.h **** 
   6:../../libDaisy/src/per/qspi.h **** #include <cstdint>
   7:../../libDaisy/src/per/qspi.h **** #include "daisy_core.h" // Added for dsy_gpio_pin typedef
   8:../../libDaisy/src/per/qspi.h **** 
   9:../../libDaisy/src/per/qspi.h **** #define DSY_QSPI_TEXT       \
  10:../../libDaisy/src/per/qspi.h ****     __attribute__((section( \
  11:../../libDaisy/src/per/qspi.h ****         ".qspiflash_text"))) /**< used for reading memory in memory_mapped mode. */
  12:../../libDaisy/src/per/qspi.h **** #define DSY_QSPI_DATA       \
  13:../../libDaisy/src/per/qspi.h ****     __attribute__((section( \
  14:../../libDaisy/src/per/qspi.h ****         ".qspiflash_data"))) /**< used for reading memory in memory_mapped mode. */
  15:../../libDaisy/src/per/qspi.h **** #define DSY_QSPI_BSS        \
  16:../../libDaisy/src/per/qspi.h ****     __attribute__((section( \
  17:../../libDaisy/src/per/qspi.h ****         ".qspiflash_bss"))) /**< used for reading memory in memory_mapped mode. */
  18:../../libDaisy/src/per/qspi.h **** 
  19:../../libDaisy/src/per/qspi.h **** namespace daisy
  20:../../libDaisy/src/per/qspi.h **** {
  21:../../libDaisy/src/per/qspi.h **** /** @addtogroup serial
  22:../../libDaisy/src/per/qspi.h **** @{
  23:../../libDaisy/src/per/qspi.h **** */
  24:../../libDaisy/src/per/qspi.h **** 
  25:../../libDaisy/src/per/qspi.h **** /** 
  26:../../libDaisy/src/per/qspi.h ****  Driver for QSPI peripheral to interface with external flash memory. \n 
  27:../../libDaisy/src/per/qspi.h ****     Currently supported QSPI Devices: \n 
  28:../../libDaisy/src/per/qspi.h ****     * IS25LP080D
  29:../../libDaisy/src/per/qspi.h **** */
  30:../../libDaisy/src/per/qspi.h **** class QSPIHandle
  31:../../libDaisy/src/per/qspi.h **** {
  32:../../libDaisy/src/per/qspi.h ****   public:
  33:../../libDaisy/src/per/qspi.h ****     enum Result
  34:../../libDaisy/src/per/qspi.h ****     {
ARM GAS  C:\Users\aydan\AppData\Local\Temp\cc2HzNY7.s 			page 33


  35:../../libDaisy/src/per/qspi.h ****         OK = 0,
  36:../../libDaisy/src/per/qspi.h ****         ERR
  37:../../libDaisy/src/per/qspi.h ****     };
  38:../../libDaisy/src/per/qspi.h **** 
  39:../../libDaisy/src/per/qspi.h ****     /** Indicates the current status of the module. 
  40:../../libDaisy/src/per/qspi.h ****          *  Warnings are indicated by a leading W.
  41:../../libDaisy/src/per/qspi.h ****          *  Errors are indicated by a leading E and cause an immediate exit.
  42:../../libDaisy/src/per/qspi.h ****          * 
  43:../../libDaisy/src/per/qspi.h ****          *  \param GOOD - No errors have been reported.
  44:../../libDaisy/src/per/qspi.h ****          *  \param E_HAL_ERROR - HAL code did not return HAL_OK.
  45:../../libDaisy/src/per/qspi.h ****          *  \param E_SWITCHING_MODES - An error was encountered while switching QSPI peripheral mod
  46:../../libDaisy/src/per/qspi.h ****          *  \param E_INVALID_MODE - QSPI should not be written to while the program is executing fr
  47:../../libDaisy/src/per/qspi.h ****          */
  48:../../libDaisy/src/per/qspi.h ****     enum Status
  49:../../libDaisy/src/per/qspi.h ****     {
  50:../../libDaisy/src/per/qspi.h ****         GOOD = 0,
  51:../../libDaisy/src/per/qspi.h ****         E_HAL_ERROR,
  52:../../libDaisy/src/per/qspi.h ****         E_SWITCHING_MODES,
  53:../../libDaisy/src/per/qspi.h ****         E_INVALID_MODE,
  54:../../libDaisy/src/per/qspi.h ****     };
  55:../../libDaisy/src/per/qspi.h **** 
  56:../../libDaisy/src/per/qspi.h ****     /** Configuration structure for interfacing with QSPI Driver */
  57:../../libDaisy/src/per/qspi.h ****     struct Config
  58:../../libDaisy/src/per/qspi.h ****     {
  59:../../libDaisy/src/per/qspi.h ****         /** Flash Devices supported. (Both of these are more-or-less the same, just different sizes
  60:../../libDaisy/src/per/qspi.h ****         enum Device
  61:../../libDaisy/src/per/qspi.h ****         {
  62:../../libDaisy/src/per/qspi.h ****             IS25LP080D,  /**< & */
  63:../../libDaisy/src/per/qspi.h ****             IS25LP064A,  /**< & */
  64:../../libDaisy/src/per/qspi.h ****             DEVICE_LAST, /**< & */
  65:../../libDaisy/src/per/qspi.h ****         };
  66:../../libDaisy/src/per/qspi.h **** 
  67:../../libDaisy/src/per/qspi.h ****         /** 
  68:../../libDaisy/src/per/qspi.h ****         Modes of operation.
  69:../../libDaisy/src/per/qspi.h ****         Memory Mapped mode: QSPI configured so that the QSPI can be
  70:../../libDaisy/src/per/qspi.h ****         read from starting address 0x90000000. Writing is not
  71:../../libDaisy/src/per/qspi.h ****         possible in this mode. \n 
  72:../../libDaisy/src/per/qspi.h ****         Indirect Polling mode: Device driver enabled. 
  73:../../libDaisy/src/per/qspi.h ****         */
  74:../../libDaisy/src/per/qspi.h ****         enum Mode
  75:../../libDaisy/src/per/qspi.h ****         {
  76:../../libDaisy/src/per/qspi.h ****             MEMORY_MAPPED,    /**< & */
  77:../../libDaisy/src/per/qspi.h ****             INDIRECT_POLLING, /**< & */
  78:../../libDaisy/src/per/qspi.h ****             MODE_LAST,
  79:../../libDaisy/src/per/qspi.h ****         };
  80:../../libDaisy/src/per/qspi.h **** 
  81:../../libDaisy/src/per/qspi.h ****         //SCK,  CE# (active low)
  82:../../libDaisy/src/per/qspi.h ****         struct
  83:../../libDaisy/src/per/qspi.h ****         {
  84:../../libDaisy/src/per/qspi.h ****             dsy_gpio_pin io0; /**< & */
  85:../../libDaisy/src/per/qspi.h ****             dsy_gpio_pin io1; /**< & */
  86:../../libDaisy/src/per/qspi.h ****             dsy_gpio_pin io2; /**< & */
  87:../../libDaisy/src/per/qspi.h ****             dsy_gpio_pin io3; /**< & */
  88:../../libDaisy/src/per/qspi.h ****             dsy_gpio_pin clk; /**< & */
  89:../../libDaisy/src/per/qspi.h ****             dsy_gpio_pin ncs; /**< & */
  90:../../libDaisy/src/per/qspi.h ****         } pin_config;
  91:../../libDaisy/src/per/qspi.h **** 
ARM GAS  C:\Users\aydan\AppData\Local\Temp\cc2HzNY7.s 			page 34


  92:../../libDaisy/src/per/qspi.h ****         Device device;
  93:../../libDaisy/src/per/qspi.h ****         Mode   mode;
  94:../../libDaisy/src/per/qspi.h ****     };
  95:../../libDaisy/src/per/qspi.h **** 
  96:../../libDaisy/src/per/qspi.h ****     /** 
  97:../../libDaisy/src/per/qspi.h ****         Initializes QSPI peripheral, and Resets, and prepares memory for access.
  98:../../libDaisy/src/per/qspi.h ****         \param config should be populated with the mode, device and pin_config before calling this 
  99:../../libDaisy/src/per/qspi.h ****         \return Result::OK or Result::ERR
 100:../../libDaisy/src/per/qspi.h ****         */
 101:../../libDaisy/src/per/qspi.h ****     Result Init(const Config& config);
 102:../../libDaisy/src/per/qspi.h **** 
 103:../../libDaisy/src/per/qspi.h ****     /** Returns the current config. */
 104:../../libDaisy/src/per/qspi.h ****     const Config& GetConfig() const;
 105:../../libDaisy/src/per/qspi.h **** 
 106:../../libDaisy/src/per/qspi.h ****     // Couldn't this just be called before anything else in init? That
 107:../../libDaisy/src/per/qspi.h ****     // would make manually calling it unnecessary.
 108:../../libDaisy/src/per/qspi.h ****     /** 
 109:../../libDaisy/src/per/qspi.h ****         Deinitializes the peripheral
 110:../../libDaisy/src/per/qspi.h ****         This should be called before reinitializing QSPI in a different mode.
 111:../../libDaisy/src/per/qspi.h ****         \return Result::OK or Result::ERR
 112:../../libDaisy/src/per/qspi.h ****         */
 113:../../libDaisy/src/per/qspi.h ****     Result DeInit();
 114:../../libDaisy/src/per/qspi.h **** 
 115:../../libDaisy/src/per/qspi.h ****     /** 
 116:../../libDaisy/src/per/qspi.h ****         Writes a single page to to the specified address on the QSPI chip.
 117:../../libDaisy/src/per/qspi.h ****         For IS25LP*, page size is 256 bytes.
 118:../../libDaisy/src/per/qspi.h ****         \param address Address to write to
 119:../../libDaisy/src/per/qspi.h ****         \param size Buffer size
 120:../../libDaisy/src/per/qspi.h ****         \param buffer Buffer to write
 121:../../libDaisy/src/per/qspi.h ****         \return Result::OK or Result::ERR
 122:../../libDaisy/src/per/qspi.h ****         */
 123:../../libDaisy/src/per/qspi.h ****     Result WritePage(uint32_t address, uint32_t size, uint8_t* buffer);
 124:../../libDaisy/src/per/qspi.h **** 
 125:../../libDaisy/src/per/qspi.h ****     /** 
 126:../../libDaisy/src/per/qspi.h ****         Writes data in buffer to to the QSPI. Starting at address to address+size 
 127:../../libDaisy/src/per/qspi.h ****         \param address Address to write to
 128:../../libDaisy/src/per/qspi.h ****         \param size Buffer size
 129:../../libDaisy/src/per/qspi.h ****         \param buffer Buffer to write
 130:../../libDaisy/src/per/qspi.h ****         \return Result::OK or Result::ERR
 131:../../libDaisy/src/per/qspi.h ****         */
 132:../../libDaisy/src/per/qspi.h ****     Result Write(uint32_t address, uint32_t size, uint8_t* buffer);
 133:../../libDaisy/src/per/qspi.h **** 
 134:../../libDaisy/src/per/qspi.h ****     /** 
 135:../../libDaisy/src/per/qspi.h ****         Erases the area specified on the chip.
 136:../../libDaisy/src/per/qspi.h ****         Erasures will happen by 4K, 32K or 64K increments.
 137:../../libDaisy/src/per/qspi.h ****         Smallest erase possible is 4kB at a time. (on IS25LP*)
 138:../../libDaisy/src/per/qspi.h ****         \param start_addr Address to begin erasing from
 139:../../libDaisy/src/per/qspi.h ****         \param end_addr  Address to stop erasing at
 140:../../libDaisy/src/per/qspi.h ****         \return Result::OK or Result::ERR
 141:../../libDaisy/src/per/qspi.h ****         */
 142:../../libDaisy/src/per/qspi.h ****     Result Erase(uint32_t start_addr, uint32_t end_addr);
 143:../../libDaisy/src/per/qspi.h **** 
 144:../../libDaisy/src/per/qspi.h ****     /**  
 145:../../libDaisy/src/per/qspi.h ****          Erases a single sector of the chip.  
 146:../../libDaisy/src/per/qspi.h ****         TODO: Document the size of this function. 
 147:../../libDaisy/src/per/qspi.h ****         \param address Address of sector to erase
 148:../../libDaisy/src/per/qspi.h ****         \return Result::OK or Result::ERR
ARM GAS  C:\Users\aydan\AppData\Local\Temp\cc2HzNY7.s 			page 35


 149:../../libDaisy/src/per/qspi.h ****         */
 150:../../libDaisy/src/per/qspi.h ****     Result EraseSector(uint32_t address);
 151:../../libDaisy/src/per/qspi.h **** 
 152:../../libDaisy/src/per/qspi.h ****     /** Returns the current class status. Useful for debugging.
 153:../../libDaisy/src/per/qspi.h ****      *  \returns Status
 154:../../libDaisy/src/per/qspi.h ****      */
 155:../../libDaisy/src/per/qspi.h ****     Status GetStatus();
 156:../../libDaisy/src/per/qspi.h **** 
 157:../../libDaisy/src/per/qspi.h ****     /** Returns a pointer to the actual memory used 
 158:../../libDaisy/src/per/qspi.h ****      *  The memory at this address is read-only
 159:../../libDaisy/src/per/qspi.h ****      *  to write to it use the Write function.
 160:../../libDaisy/src/per/qspi.h ****      * 
 161:../../libDaisy/src/per/qspi.h ****      *  \param offset returns the pointer starting this 
 162:../../libDaisy/src/per/qspi.h ****      *                many bytes into the memory
 163:../../libDaisy/src/per/qspi.h ****     */
 164:../../libDaisy/src/per/qspi.h ****     void* GetData(uint32_t offset = 0);
 165:../../libDaisy/src/per/qspi.h **** 
 166:../../libDaisy/src/per/qspi.h ****     QSPIHandle() : pimpl_(nullptr) {}
 776              		.loc 8 166 5 view .LVU228
 777              	.LBE206:
 778              	.LBE205:
 779              	.LBE204:
 780              	.LBE203:
 781              	.LBE202:
 782              		.loc 6 362 1 is_stmt 0 view .LVU229
 783 0000 38B5     		push	{r3, r4, r5, lr}
 784              		.cfi_def_cfa_offset 16
 785              		.cfi_offset 3, -16
 786              		.cfi_offset 4, -12
 787              		.cfi_offset 5, -8
 788              		.cfi_offset 14, -4
 789              	.LBB237:
 790              	.LBB235:
 791              	.LBB227:
 792              	.LBB225:
 793              	.LBB211:
 794              	.LBB207:
 795              	.LBB208:
 796              		.loc 8 166 34 view .LVU230
 797 0002 1548     		ldr	r0, .L50
 798 0004 0024     		movs	r4, #0
 799              	.LBE208:
 800              	.LBE207:
 801              	.LBE211:
 802              	.LBE225:
 803              	.LBE227:
  37:src/main.cpp  **** 
 804              		.loc 6 37 11 view .LVU231
 805 0006 154A     		ldr	r2, .L50+4
 806 0008 1549     		ldr	r1, .L50+8
 807              	.LBB228:
 808              	.LBB226:
 809              	.LBB212:
 810              	.LBB210:
 811              	.LBB209:
 812              		.loc 8 166 34 view .LVU232
 813 000a 0460     		str	r4, [r0]
ARM GAS  C:\Users\aydan\AppData\Local\Temp\cc2HzNY7.s 			page 36


 814              	.LVL73:
 815              		.loc 8 166 34 view .LVU233
 816              	.LBE209:
 817              	.LBE210:
 818              	.LBE212:
 819              	.LBB213:
 820              	.LBI213:
  95:../../libDaisy/src/hid/audio.h ****     ~AudioHandle() {}
 821              		.loc 5 95 5 is_stmt 1 view .LVU234
 822              	.LBB214:
 823              	.LBB215:
  95:../../libDaisy/src/hid/audio.h ****     ~AudioHandle() {}
 824              		.loc 5 95 35 is_stmt 0 view .LVU235
 825 000c 4461     		str	r4, [r0, #20]
 826              	.LVL74:
  95:../../libDaisy/src/hid/audio.h ****     ~AudioHandle() {}
 827              		.loc 5 95 35 view .LVU236
 828              	.LBE215:
 829              	.LBE214:
 830              	.LBE213:
 831              	.LBB216:
 832              	.LBI216:
 109:../../libDaisy/src/per/adc.h ****     ~AdcHandle() {}
 833              		.loc 4 109 5 is_stmt 1 view .LVU237
 109:../../libDaisy/src/per/adc.h ****     ~AdcHandle() {}
 834              		.loc 4 109 5 is_stmt 0 view .LVU238
 835              	.LBE216:
 836              	.LBB217:
 837              	.LBI217:
 838              		.file 9 "../../libDaisy/src/per/dac.h"
   1:../../libDaisy/src/per/dac.h **** #pragma once
   2:../../libDaisy/src/per/dac.h **** #ifndef DSY_DAC_H
   3:../../libDaisy/src/per/dac.h **** #define DSY_DAC_H
   4:../../libDaisy/src/per/dac.h **** 
   5:../../libDaisy/src/per/dac.h **** #include "daisy_core.h"
   6:../../libDaisy/src/per/dac.h **** 
   7:../../libDaisy/src/per/dac.h **** namespace daisy
   8:../../libDaisy/src/per/dac.h **** {
   9:../../libDaisy/src/per/dac.h **** /** @brief DAC handle for Built-in DAC Peripheral 
  10:../../libDaisy/src/per/dac.h ****  *  @ingroup per_analog
  11:../../libDaisy/src/per/dac.h ****  ** 
  12:../../libDaisy/src/per/dac.h ****  ** For now only Normal Mode is supported,
  13:../../libDaisy/src/per/dac.h ****  ** Sample and hold mode provides reduced power consumption, but requires a bit more setup.
  14:../../libDaisy/src/per/dac.h ****  **
  15:../../libDaisy/src/per/dac.h ****  ** For now connecting the DAC through other internal peripherals is also not supported.
  16:../../libDaisy/src/per/dac.h ****  **
  17:../../libDaisy/src/per/dac.h ****  ** Since the DAC channels have dedicated pins we don't need to pass in a pin config like with
  18:../../libDaisy/src/per/dac.h ****  ** other modules. However, it is still important to not try to use the DAC pins for anything else.
  19:../../libDaisy/src/per/dac.h ****  ** DAC Channel 1 is on PA4, and DAC Channel 2 is on PA5
  20:../../libDaisy/src/per/dac.h ****  ***/
  21:../../libDaisy/src/per/dac.h **** class DacHandle
  22:../../libDaisy/src/per/dac.h **** {
  23:../../libDaisy/src/per/dac.h ****   public:
  24:../../libDaisy/src/per/dac.h ****     /** Return Values for the DacHandle class */
  25:../../libDaisy/src/per/dac.h ****     enum class Result
  26:../../libDaisy/src/per/dac.h ****     {
  27:../../libDaisy/src/per/dac.h ****         OK,
ARM GAS  C:\Users\aydan\AppData\Local\Temp\cc2HzNY7.s 			page 37


  28:../../libDaisy/src/per/dac.h ****         ERR,
  29:../../libDaisy/src/per/dac.h ****     };
  30:../../libDaisy/src/per/dac.h **** 
  31:../../libDaisy/src/per/dac.h ****     /** Selects which channel(s) will be configured for use. */
  32:../../libDaisy/src/per/dac.h ****     enum class Channel
  33:../../libDaisy/src/per/dac.h ****     {
  34:../../libDaisy/src/per/dac.h ****         ONE,
  35:../../libDaisy/src/per/dac.h ****         TWO,
  36:../../libDaisy/src/per/dac.h ****         BOTH,
  37:../../libDaisy/src/per/dac.h ****     };
  38:../../libDaisy/src/per/dac.h **** 
  39:../../libDaisy/src/per/dac.h ****     /** Sets the Mode for the DAC channels.
  40:../../libDaisy/src/per/dac.h ****      **
  41:../../libDaisy/src/per/dac.h ****      ** Polling mode uses the blocking mode to transmit a single value at a time.
  42:../../libDaisy/src/per/dac.h ****      **
  43:../../libDaisy/src/per/dac.h ****      ** DMA mode uses a buffer, and periodically transmits it triggering a 
  44:../../libDaisy/src/per/dac.h ****      ** callback to fill the buffer when it is ready for more samples.
  45:../../libDaisy/src/per/dac.h ****      ***/
  46:../../libDaisy/src/per/dac.h ****     enum class Mode
  47:../../libDaisy/src/per/dac.h ****     {
  48:../../libDaisy/src/per/dac.h ****         POLLING,
  49:../../libDaisy/src/per/dac.h ****         DMA,
  50:../../libDaisy/src/per/dac.h ****     };
  51:../../libDaisy/src/per/dac.h **** 
  52:../../libDaisy/src/per/dac.h ****     /** Sets the number of bits per sample transmitted out of the DAC.
  53:../../libDaisy/src/per/dac.h ****      ** The output range will be: 0V - VDDA
  54:../../libDaisy/src/per/dac.h ****      ** The resolution will be roughly: bitdepth / (VDDA - 0V) 
  55:../../libDaisy/src/per/dac.h ****      ***/
  56:../../libDaisy/src/per/dac.h ****     enum class BitDepth
  57:../../libDaisy/src/per/dac.h ****     {
  58:../../libDaisy/src/per/dac.h ****         BITS_8,
  59:../../libDaisy/src/per/dac.h ****         BITS_12
  60:../../libDaisy/src/per/dac.h ****     };
  61:../../libDaisy/src/per/dac.h **** 
  62:../../libDaisy/src/per/dac.h ****     /** Sets whether the DAC output is buffered for higher drive ability. */
  63:../../libDaisy/src/per/dac.h ****     enum class BufferState
  64:../../libDaisy/src/per/dac.h ****     {
  65:../../libDaisy/src/per/dac.h ****         ENABLED,
  66:../../libDaisy/src/per/dac.h ****         DISABLED,
  67:../../libDaisy/src/per/dac.h ****     };
  68:../../libDaisy/src/per/dac.h **** 
  69:../../libDaisy/src/per/dac.h ****     /** Configuration structure for initializing the DAC structure. */
  70:../../libDaisy/src/per/dac.h ****     struct Config
  71:../../libDaisy/src/per/dac.h ****     {
  72:../../libDaisy/src/per/dac.h ****         /** Target Samplerate in Hz used to configure the internal 
  73:../../libDaisy/src/per/dac.h ****          ** timebase for DMA mode. Does nothing in POLLING mode.
  74:../../libDaisy/src/per/dac.h ****          ** If the value is 0 at Init time this will default to 48000Hz 
  75:../../libDaisy/src/per/dac.h ****          ** otherwise the driver will attempt meet the target.*/
  76:../../libDaisy/src/per/dac.h ****         uint32_t target_samplerate;
  77:../../libDaisy/src/per/dac.h **** 
  78:../../libDaisy/src/per/dac.h ****         Channel     chn;
  79:../../libDaisy/src/per/dac.h ****         Mode        mode;
  80:../../libDaisy/src/per/dac.h ****         BitDepth    bitdepth;
  81:../../libDaisy/src/per/dac.h ****         BufferState buff_state;
  82:../../libDaisy/src/per/dac.h ****     };
  83:../../libDaisy/src/per/dac.h **** 
  84:../../libDaisy/src/per/dac.h ****     DacHandle() : pimpl_(nullptr) {}
ARM GAS  C:\Users\aydan\AppData\Local\Temp\cc2HzNY7.s 			page 38


 839              		.loc 9 84 5 is_stmt 1 view .LVU239
 840              	.LBB218:
 841              	.LBB219:
 842              		.loc 9 84 33 is_stmt 0 view .LVU240
 843 000e 0462     		str	r4, [r0, #32]
 844              	.LVL75:
 845              		.loc 9 84 33 view .LVU241
 846              	.LBE219:
 847              	.LBE218:
 848              	.LBE217:
 849              	.LBB220:
 850              	.LBI220:
  40:../../libDaisy/src/hid/usb.h **** 
 851              		.loc 3 40 5 is_stmt 1 view .LVU242
  40:../../libDaisy/src/hid/usb.h **** 
 852              		.loc 3 40 5 is_stmt 0 view .LVU243
 853              	.LBE220:
 854              	.LBB221:
 855              	.LBI221:
  96:../../libDaisy/src/sys/system.h ****     ~System() {}
 856              		.loc 2 96 5 is_stmt 1 view .LVU244
  96:../../libDaisy/src/sys/system.h ****     ~System() {}
 857              		.loc 2 96 5 is_stmt 0 view .LVU245
 858              	.LBE221:
 859              	.LBB222:
 860              	.LBI222:
 861              		.file 10 "../../libDaisy/src/per/sai.h"
   1:../../libDaisy/src/per/sai.h **** #pragma once
   2:../../libDaisy/src/per/sai.h **** #ifndef DSY_SAI_H
   3:../../libDaisy/src/per/sai.h **** #define DSY_SAI_H
   4:../../libDaisy/src/per/sai.h **** 
   5:../../libDaisy/src/per/sai.h **** #include "daisy_core.h"
   6:../../libDaisy/src/per/sai.h **** 
   7:../../libDaisy/src/per/sai.h **** namespace daisy
   8:../../libDaisy/src/per/sai.h **** {
   9:../../libDaisy/src/per/sai.h **** /** 
  10:../../libDaisy/src/per/sai.h ****  * Support for I2S Audio Protocol with different bit-depth, samplerate options
  11:../../libDaisy/src/per/sai.h ****  * Allows for master or slave, as well as freedom of selecting direction, 
  12:../../libDaisy/src/per/sai.h ****  * and other behavior for each peripheral, and block.
  13:../../libDaisy/src/per/sai.h ****  * 
  14:../../libDaisy/src/per/sai.h ****  * DMA Transfer commands must use buffers located within non-cached memory or use cache maintenance
  15:../../libDaisy/src/per/sai.h ****  * To declare an unitialized global element in the DMA memory section:
  16:../../libDaisy/src/per/sai.h ****  *    int32_t DSY_DMA_BUFFER_SECTOR my_buffer[96];
  17:../../libDaisy/src/per/sai.h ****  *
  18:../../libDaisy/src/per/sai.h ****  * Callback functions will be called once per half of the buffer. In the above example, 
  19:../../libDaisy/src/per/sai.h ****  * the callback function would be called once for every 48 samples.
  20:../../libDaisy/src/per/sai.h ****  * 
  21:../../libDaisy/src/per/sai.h ****  * Use SAI Handle like this:
  22:../../libDaisy/src/per/sai.h ****  * 
  23:../../libDaisy/src/per/sai.h ****  *  SaiHandle::Config sai_config;
  24:../../libDaisy/src/per/sai.h ****  *  sai_config.periph          = SaiHandle::Config::Peripheral::SAI_1;
  25:../../libDaisy/src/per/sai.h ****  *  sai_config.sr              = SaiHandle::Config::SampleRate::SAI_48KHZ;
  26:../../libDaisy/src/per/sai.h ****  *  sai_config.bit_depth       = SaiHandle::Config::BitDepth::SAI_24BIT;
  27:../../libDaisy/src/per/sai.h ****  *  sai_config.a_sync          = SaiHandle::Config::Sync::MASTER;
  28:../../libDaisy/src/per/sai.h ****  *  sai_config.b_sync          = SaiHandle::Config::Sync::SLAVE;
  29:../../libDaisy/src/per/sai.h ****  *  sai_config.a_dir           = SaiHandle::Config::Direction::RECEIVE;
  30:../../libDaisy/src/per/sai.h ****  *  sai_config.b_dir           = SaiHandle::Config::Direction::TRANSMIT;
ARM GAS  C:\Users\aydan\AppData\Local\Temp\cc2HzNY7.s 			page 39


  31:../../libDaisy/src/per/sai.h ****  *  sai_config.pin_config.fs   = {DSY_GPIOE, 4};
  32:../../libDaisy/src/per/sai.h ****  *  sai_config.pin_config.mclk = {DSY_GPIOE, 2};
  33:../../libDaisy/src/per/sai.h ****  *  sai_config.pin_config.sck  = {DSY_GPIOE, 5};
  34:../../libDaisy/src/per/sai.h ****  *  sai_config.pin_config.sa   = {DSY_GPIOE, 6};
  35:../../libDaisy/src/per/sai.h ****  *  sai_config.pin_config.sb   = {DSY_GPIOE, 3};
  36:../../libDaisy/src/per/sai.h ****  *  // Then Initialize
  37:../../libDaisy/src/per/sai.h ****  *  SaiHandle sai;
  38:../../libDaisy/src/per/sai.h ****  *  sai.Init(sai_config);
  39:../../libDaisy/src/per/sai.h ****  *  // Now you can use it:
  40:../../libDaisy/src/per/sai.h ****  *  sai.StartDma(. . .);
  41:../../libDaisy/src/per/sai.h ****  */
  42:../../libDaisy/src/per/sai.h **** class SaiHandle
  43:../../libDaisy/src/per/sai.h **** {
  44:../../libDaisy/src/per/sai.h ****   public:
  45:../../libDaisy/src/per/sai.h ****     /** Contains settings for initialising an SAI Interface */
  46:../../libDaisy/src/per/sai.h ****     struct Config
  47:../../libDaisy/src/per/sai.h ****     {
  48:../../libDaisy/src/per/sai.h ****         /** Specifies the internal peripheral to use (mapped to different hardware pins) */
  49:../../libDaisy/src/per/sai.h ****         enum class Peripheral
  50:../../libDaisy/src/per/sai.h ****         {
  51:../../libDaisy/src/per/sai.h ****             SAI_1,
  52:../../libDaisy/src/per/sai.h ****             SAI_2,
  53:../../libDaisy/src/per/sai.h ****         };
  54:../../libDaisy/src/per/sai.h **** 
  55:../../libDaisy/src/per/sai.h ****         /** Rate at which samples will be streaming to/from the device. */
  56:../../libDaisy/src/per/sai.h ****         enum class SampleRate
  57:../../libDaisy/src/per/sai.h ****         {
  58:../../libDaisy/src/per/sai.h ****             SAI_8KHZ,
  59:../../libDaisy/src/per/sai.h ****             SAI_16KHZ,
  60:../../libDaisy/src/per/sai.h ****             SAI_32KHZ,
  61:../../libDaisy/src/per/sai.h ****             SAI_48KHZ,
  62:../../libDaisy/src/per/sai.h ****             SAI_96KHZ,
  63:../../libDaisy/src/per/sai.h ****         };
  64:../../libDaisy/src/per/sai.h **** 
  65:../../libDaisy/src/per/sai.h ****         /** Bit Depth that the hardware expects to be transferred to/from the device. */
  66:../../libDaisy/src/per/sai.h ****         enum class BitDepth
  67:../../libDaisy/src/per/sai.h ****         {
  68:../../libDaisy/src/per/sai.h ****             SAI_16BIT,
  69:../../libDaisy/src/per/sai.h ****             SAI_24BIT,
  70:../../libDaisy/src/per/sai.h ****             SAI_32BIT,
  71:../../libDaisy/src/per/sai.h ****         };
  72:../../libDaisy/src/per/sai.h **** 
  73:../../libDaisy/src/per/sai.h ****         /** Specifies whether a particular block is the master or the slave 
  74:../../libDaisy/src/per/sai.h ****          ** If both are set to slave, no MCLK signal will be used, and it is
  75:../../libDaisy/src/per/sai.h ****          ** expected that the codec will have its own xtal.
  76:../../libDaisy/src/per/sai.h ****          */
  77:../../libDaisy/src/per/sai.h ****         enum class Sync
  78:../../libDaisy/src/per/sai.h ****         {
  79:../../libDaisy/src/per/sai.h ****             MASTER,
  80:../../libDaisy/src/per/sai.h ****             SLAVE,
  81:../../libDaisy/src/per/sai.h ****         };
  82:../../libDaisy/src/per/sai.h **** 
  83:../../libDaisy/src/per/sai.h ****         /** Specifies the direction for each peripheral block. */
  84:../../libDaisy/src/per/sai.h ****         enum class Direction
  85:../../libDaisy/src/per/sai.h ****         {
  86:../../libDaisy/src/per/sai.h ****             TRANSMIT,
  87:../../libDaisy/src/per/sai.h ****             RECEIVE,
ARM GAS  C:\Users\aydan\AppData\Local\Temp\cc2HzNY7.s 			page 40


  88:../../libDaisy/src/per/sai.h ****         };
  89:../../libDaisy/src/per/sai.h **** 
  90:../../libDaisy/src/per/sai.h ****         Peripheral periph;
  91:../../libDaisy/src/per/sai.h ****         struct
  92:../../libDaisy/src/per/sai.h ****         {
  93:../../libDaisy/src/per/sai.h ****             dsy_gpio_pin mclk, fs, sck, sa, sb;
  94:../../libDaisy/src/per/sai.h ****         } pin_config;
  95:../../libDaisy/src/per/sai.h ****         SampleRate sr;
  96:../../libDaisy/src/per/sai.h ****         BitDepth   bit_depth;
  97:../../libDaisy/src/per/sai.h ****         Sync       a_sync, b_sync;
  98:../../libDaisy/src/per/sai.h ****         Direction  a_dir, b_dir;
  99:../../libDaisy/src/per/sai.h ****     };
 100:../../libDaisy/src/per/sai.h **** 
 101:../../libDaisy/src/per/sai.h ****     /** Return values for SAI functions */
 102:../../libDaisy/src/per/sai.h ****     enum class Result
 103:../../libDaisy/src/per/sai.h ****     {
 104:../../libDaisy/src/per/sai.h ****         OK,
 105:../../libDaisy/src/per/sai.h ****         ERR,
 106:../../libDaisy/src/per/sai.h ****     };
 107:../../libDaisy/src/per/sai.h **** 
 108:../../libDaisy/src/per/sai.h ****     SaiHandle() : pimpl_(nullptr) {}
 862              		.loc 10 108 5 is_stmt 1 view .LVU246
 863              	.LBB223:
 864              	.LBB224:
 865              		.loc 10 108 33 is_stmt 0 view .LVU247
 866 0010 C463     		str	r4, [r0, #60]
 867              	.LVL76:
 868              		.loc 10 108 33 view .LVU248
 869              	.LBE224:
 870              	.LBE223:
 871              	.LBE222:
 872              	.LBE226:
 873              	.LBE228:
  37:src/main.cpp  **** 
 874              		.loc 6 37 11 view .LVU249
 875 0012 FFF7FEFF 		bl	__aeabi_atexit
 876              	.LVL77:
 877              	.LBB229:
 878              	.LBI229:
 879              		.file 11 "src/control_mailbox.h"
   1:src/control_mailbox.h **** #pragma once
   2:src/control_mailbox.h **** 
   3:src/control_mailbox.h **** #include "app_config.h"
   4:src/control_mailbox.h **** 
   5:src/control_mailbox.h **** #include <stdint.h>
   6:src/control_mailbox.h **** #include <type_traits>
   7:src/control_mailbox.h **** 
   8:src/control_mailbox.h **** namespace app
   9:src/control_mailbox.h **** {
  10:src/control_mailbox.h **** 
  11:src/control_mailbox.h **** enum class SystemMode : uint8_t
  12:src/control_mailbox.h **** {
  13:src/control_mailbox.h ****     Normal = 0,
  14:src/control_mailbox.h ****     ThermalShutdown = 1
  15:src/control_mailbox.h **** };
  16:src/control_mailbox.h **** 
  17:src/control_mailbox.h **** // Compact requested-control state crossing from the foreground loop into the
ARM GAS  C:\Users\aydan\AppData\Local\Temp\cc2HzNY7.s 			page 41


  18:src/control_mailbox.h **** // audio interrupt. Keep this trivially copyable and small so a seqlock retry is
  19:src/control_mailbox.h **** // cheap and no dynamic allocation or mutex is needed.
  20:src/control_mailbox.h **** struct ControlSnapshot
  21:src/control_mailbox.h **** {
  22:src/control_mailbox.h ****     uint8_t effect;
  23:src/control_mailbox.h ****     uint8_t bypass;
  24:src/control_mailbox.h ****     uint8_t system_mode;
  25:src/control_mailbox.h ****     uint8_t reserved;
  26:src/control_mailbox.h ****     uint16_t parameters[config::kPhysicalPotCount];
  27:src/control_mailbox.h **** };
  28:src/control_mailbox.h **** 
  29:src/control_mailbox.h **** static_assert(std::is_trivially_copyable<ControlSnapshot>::value, "ControlSnapshot must be copied b
  30:src/control_mailbox.h **** static_assert(sizeof(ControlSnapshot) <= 16, "ControlSnapshot must stay small for interrupt transfe
  31:src/control_mailbox.h **** static_assert(sizeof(ControlSnapshot) == 10, "ControlSnapshot layout changed unexpectedly");
  32:src/control_mailbox.h **** 
  33:src/control_mailbox.h **** // Single-writer/single-reader mailbox for the main loop -> audio callback handoff.
  34:src/control_mailbox.h **** // The main loop is the only writer, and the audio interrupt is the only reader.
  35:src/control_mailbox.h **** class ControlMailbox
  36:src/control_mailbox.h **** {
  37:src/control_mailbox.h ****   public:
  38:src/control_mailbox.h ****     ControlMailbox();
  39:src/control_mailbox.h **** 
  40:src/control_mailbox.h ****     // Publish() is called from the main loop after controls have been filtered and
  41:src/control_mailbox.h ****     // debounced. It marks the sequence odd while the payload is being copied.
  42:src/control_mailbox.h ****     void Publish(const ControlSnapshot& snapshot);
  43:src/control_mailbox.h **** 
  44:src/control_mailbox.h ****     // Read() is called once at the beginning of an audio block. It returns false
  45:src/control_mailbox.h ****     // if publication is in progress, allowing the callback to keep its last valid
  46:src/control_mailbox.h ****     // snapshot without blocking.
  47:src/control_mailbox.h ****     bool Read(ControlSnapshot& out, uint32_t& out_revision) const;
  48:src/control_mailbox.h **** 
  49:src/control_mailbox.h ****   private:
  50:src/control_mailbox.h ****     uint32_t sequence_;
  51:src/control_mailbox.h ****     ControlSnapshot snapshot_;
  52:src/control_mailbox.h **** };
  53:src/control_mailbox.h **** 
  54:src/control_mailbox.h **** inline ControlMailbox::ControlMailbox()
 880              		.loc 11 54 8 is_stmt 1 view .LVU250
 881              	.LBB230:
 882              	.LBB231:
  55:src/control_mailbox.h **** : sequence_(0),
  56:src/control_mailbox.h ****   snapshot_{config::FX_TUNER, 0, (uint8_t)SystemMode::Normal, 0, {0, 0, 0}}
 883              		.loc 11 56 75 is_stmt 0 view .LVU251
 884 0016 134B     		ldr	r3, .L50+12
 885              	.LBE231:
 886              	.LBE230:
 887              	.LBE229:
  43:src/main.cpp  **** #endif
 888              		.loc 6 43 15 view .LVU252
 889 0018 1348     		ldr	r0, .L50+16
 890              	.LBB234:
 891              	.LBB233:
 892              	.LBB232:
 893              		.loc 11 56 75 view .LVU253
 894 001a 5C60     		str	r4, [r3, #4]
 895 001c 43F8044B 		str	r4, [r3], #4
 896 0020 5C60     		str	r4, [r3, #4]
ARM GAS  C:\Users\aydan\AppData\Local\Temp\cc2HzNY7.s 			page 42


 897 0022 1C81     		strh	r4, [r3, #8]	@ movhi
 898              	.LVL78:
 899              		.loc 11 56 75 view .LVU254
 900              	.LBE232:
 901              	.LBE233:
 902              	.LBE234:
  43:src/main.cpp  **** #endif
 903              		.loc 6 43 15 view .LVU255
 904 0024 FFF7FEFF 		bl	_ZN3app8ControlsC1Ev
 905              	.LVL79:
  50:src/main.cpp  **** #endif
 906              		.loc 6 50 18 view .LVU256
 907 0028 104D     		ldr	r5, .L50+20
  46:src/main.cpp  **** app::TunerAnalyzer tuner_analyzer;
 908              		.loc 6 46 20 view .LVU257
 909 002a 1148     		ldr	r0, .L50+24
 910 002c FFF7FEFF 		bl	_ZN3app12TunerCaptureC1Ev
 911              	.LVL80:
  47:src/main.cpp  **** #endif
 912              		.loc 6 47 20 view .LVU258
 913 0030 1048     		ldr	r0, .L50+28
 914 0032 FFF7FEFF 		bl	_ZN3app13TunerAnalyzerC1Ev
 915              	.LVL81:
  50:src/main.cpp  **** #endif
 916              		.loc 6 50 18 view .LVU259
 917 0036 2846     		mov	r0, r5
 918 0038 FFF7FEFF 		bl	_ZN3app11AudioEngineC1Ev
 919              	.LVL82:
 920 003c 074A     		ldr	r2, .L50+4
 921 003e 0E49     		ldr	r1, .L50+32
 922 0040 2846     		mov	r0, r5
 923 0042 FFF7FEFF 		bl	__aeabi_atexit
 924              	.LVL83:
  53:src/main.cpp  **** #endif
 925              		.loc 6 53 16 view .LVU260
 926 0046 0D48     		ldr	r0, .L50+36
 927 0048 FFF7FEFF 		bl	_ZN3app9TelemetryC1Ev
 928              	.LVL84:
  56:src/main.cpp  **** #endif
 929              		.loc 6 56 21 view .LVU261
 930 004c 0C48     		ldr	r0, .L50+40
 931              	.LBE235:
 932              	.LBE237:
 933              		.loc 6 362 1 view .LVU262
 934 004e BDE83840 		pop	{r3, r4, r5, lr}
 935              		.cfi_restore 14
 936              		.cfi_restore 5
 937              		.cfi_restore 4
 938              		.cfi_restore 3
 939              		.cfi_def_cfa_offset 0
 940              	.LBB238:
 941              	.LBB236:
  56:src/main.cpp  **** #endif
 942              		.loc 6 56 21 view .LVU263
 943 0052 FFF7FEBF 		b	_ZN3app14ThermalMonitorC1Ev
 944              	.LVL85:
 945              	.L51:
ARM GAS  C:\Users\aydan\AppData\Local\Temp\cc2HzNY7.s 			page 43


 946 0056 00BF     		.align	2
 947              	.L50:
 948 0058 00000000 		.word	.LANCHOR0
 949 005c 00000000 		.word	__dso_handle
 950 0060 00000000 		.word	_ZN5daisy9DaisySeedD1Ev
 951 0064 00000000 		.word	.LANCHOR1
 952 0068 00000000 		.word	.LANCHOR2
 953 006c 00000000 		.word	_ZN12_GLOBAL__N_112audio_engineE
 954 0070 00000000 		.word	.LANCHOR4
 955 0074 00000000 		.word	.LANCHOR5
 956 0078 00000000 		.word	_ZN3app11AudioEngineD1Ev
 957 007c 00000000 		.word	.LANCHOR3
 958 0080 00000000 		.word	.LANCHOR6
 959              	.LBE236:
 960              	.LBE238:
 961              		.cfi_endproc
 962              	.LFE5328:
 964              		.section	.init_array,"aw",%init_array
 965              		.align	2
 966 0000 00000000 		.word	_GLOBAL__sub_I_main(target1)
 967              		.section	.text._ZN3app11AudioEngineD2Ev,"axG",%progbits,_ZN3app11AudioEngineD5Ev,comdat
 968              		.align	1
 969              		.p2align 2,,3
 970              		.weak	_ZN3app11AudioEngineD2Ev
 971              		.syntax unified
 972              		.thumb
 973              		.thumb_func
 974              		.fpu fpv5-d16
 976              	_ZN3app11AudioEngineD2Ev:
 977              	.LVL86:
 978              	.LFB5326:
 979              		.file 12 "src/audio_engine.h"
   1:src/audio_engine.h **** #pragma once
   2:src/audio_engine.h **** 
   3:src/audio_engine.h **** #include "app_config.h"
   4:src/audio_engine.h **** #include "control_mailbox.h"
   5:src/audio_engine.h **** #include "daisy_seed.h"
   6:src/audio_engine.h **** #include "tuner.h"
   7:src/audio_engine.h **** 
   8:src/audio_engine.h **** #include "base_effect_module.h"
   9:src/audio_engine.h **** #if DIAG_FX_CHORUS
  10:src/audio_engine.h **** #include "chorus_module.h"
  11:src/audio_engine.h **** #endif
  12:src/audio_engine.h **** #if DIAG_FX_REVERB
  13:src/audio_engine.h **** #include "reverb_module.h"
  14:src/audio_engine.h **** #endif
  15:src/audio_engine.h **** #if DIAG_FX_CRUSHER
  16:src/audio_engine.h **** #include "crusher_module.h"
  17:src/audio_engine.h **** #endif
  18:src/audio_engine.h **** #if DIAG_FX_GRANULAR
  19:src/audio_engine.h **** #include "granulardelay_module.h"
  20:src/audio_engine.h **** #endif
  21:src/audio_engine.h **** 
  22:src/audio_engine.h **** #include <stdint.h>
  23:src/audio_engine.h **** 
  24:src/audio_engine.h **** #if AUDIO_CPU_LOAD_DEBUG
  25:src/audio_engine.h **** #include "util/CpuLoadMeter.h"
ARM GAS  C:\Users\aydan\AppData\Local\Temp\cc2HzNY7.s 			page 44


  26:src/audio_engine.h **** #endif
  27:src/audio_engine.h **** 
  28:src/audio_engine.h **** namespace app
  29:src/audio_engine.h **** {
  30:src/audio_engine.h **** 
  31:src/audio_engine.h **** // Callback-owned DSP engine. The foreground loop publishes requested controls to
  32:src/audio_engine.h **** // ControlMailbox; this class consumes one stable snapshot per audio block, owns all
  33:src/audio_engine.h **** // effect objects, applies parameters, performs transition ramps, and captures input
  34:src/audio_engine.h **** // samples for the tuner ring.
  35:src/audio_engine.h **** class AudioEngine
 980              		.loc 12 35 7 is_stmt 1 view -0
 981              		.cfi_startproc
 982              		@ args = 0, pretend = 0, frame = 0
 983              		@ frame_needed = 0, uses_anonymous_args = 0
 984              		.loc 12 35 7 is_stmt 0 view .LVU265
 985 0000 10B5     		push	{r4, lr}
 986              		.cfi_def_cfa_offset 8
 987              		.cfi_offset 4, -8
 988              		.cfi_offset 14, -4
 989              		.loc 12 35 7 view .LVU266
 990 0002 0446     		mov	r4, r0
 991              	.LBB239:
 992 0004 0830     		adds	r0, r0, #8
 993              	.LVL87:
 994              		.loc 12 35 7 view .LVU267
 995 0006 FFF7FEFF 		bl	_ZN10bkshepherd19GranularDelayModuleD1Ev
 996              	.LVL88:
 997              	.LBE239:
 998 000a 2046     		mov	r0, r4
 999 000c 10BD     		pop	{r4, pc}
 1000              		.loc 12 35 7 view .LVU268
 1001              		.cfi_endproc
 1002              	.LFE5326:
 1004              		.weak	_ZN3app11AudioEngineD1Ev
 1005              		.thumb_set _ZN3app11AudioEngineD1Ev,_ZN3app11AudioEngineD2Ev
 1006 000e 00BF     		.section	.bss._ZN12_GLOBAL__N_112audio_engineE,"aw",%nobits
 1007              		.align	2
 1010              	_ZN12_GLOBAL__N_112audio_engineE:
 1011 0000 00000000 		.space	6644
 1011      00000000 
 1011      00000000 
 1011      00000000 
 1011      00000000 
 1012              		.section	.bss._ZN12_GLOBAL__N_113tuner_captureE,"aw",%nobits
 1013              		.align	2
 1014              		.set	.LANCHOR4,. + 0
 1017              	_ZN12_GLOBAL__N_113tuner_captureE:
 1018 0000 00000000 		.space	8
 1018      00000000 
 1019              		.section	.bss._ZN12_GLOBAL__N_114tuner_analyzerE,"aw",%nobits
 1020              		.align	2
 1021              		.set	.LANCHOR5,. + 0
 1024              	_ZN12_GLOBAL__N_114tuner_analyzerE:
 1025 0000 00000000 		.space	52
 1025      00000000 
 1025      00000000 
 1025      00000000 
ARM GAS  C:\Users\aydan\AppData\Local\Temp\cc2HzNY7.s 			page 45


 1025      00000000 
 1026              		.section	.bss._ZN12_GLOBAL__N_115control_mailboxE,"aw",%nobits
 1027              		.align	2
 1028              		.set	.LANCHOR1,. + 0
 1031              	_ZN12_GLOBAL__N_115control_mailboxE:
 1032 0000 00000000 		.space	16
 1032      00000000 
 1032      00000000 
 1032      00000000 
 1033              		.section	.bss._ZN12_GLOBAL__N_115thermal_monitorE,"aw",%nobits
 1034              		.align	2
 1035              		.set	.LANCHOR6,. + 0
 1038              	_ZN12_GLOBAL__N_115thermal_monitorE:
 1039 0000 00000000 		.space	192
 1039      00000000 
 1039      00000000 
 1039      00000000 
 1039      00000000 
 1040              		.section	.bss._ZN12_GLOBAL__N_119tuner_source_windowE,"aw",%nobits
 1041              		.align	2
 1044              	_ZN12_GLOBAL__N_119tuner_source_windowE:
 1045 0000 00000000 		.space	16384
 1045      00000000 
 1045      00000000 
 1045      00000000 
 1045      00000000 
 1046              		.section	.bss._ZN12_GLOBAL__N_12hwE,"aw",%nobits
 1047              		.align	2
 1048              		.set	.LANCHOR0,. + 0
 1051              	_ZN12_GLOBAL__N_12hwE:
 1052 0000 00000000 		.space	64
 1052      00000000 
 1052      00000000 
 1052      00000000 
 1052      00000000 
 1053              		.section	.bss._ZN12_GLOBAL__N_18controlsE,"aw",%nobits
 1054              		.align	2
 1055              		.set	.LANCHOR2,. + 0
 1058              	_ZN12_GLOBAL__N_18controlsE:
 1059 0000 00000000 		.space	104
 1059      00000000 
 1059      00000000 
 1059      00000000 
 1059      00000000 
 1060              		.section	.bss._ZN12_GLOBAL__N_19telemetryE,"aw",%nobits
 1061              		.align	2
 1062              		.set	.LANCHOR3,. + 0
 1065              	_ZN12_GLOBAL__N_19telemetryE:
 1066 0000 00000000 		.space	8
 1066      00000000 
 1067              		.text
 1068              	.Letext0:
 1069              		.file 13 "c:\\program files\\daisytoolchain\\arm-none-eabi\\include\\machine\\_default_types.h"
 1070              		.file 14 "c:\\program files\\daisytoolchain\\arm-none-eabi\\include\\sys\\_stdint.h"
 1071              		.file 15 "c:\\program files\\daisytoolchain\\arm-none-eabi\\include\\stdint.h"
 1072              		.file 16 "../../libDaisy/Drivers/CMSIS/Device/ST/STM32H7xx/Include/stm32h750xx.h"
 1073              		.file 17 "../../libDaisy/Drivers/CMSIS/Device/ST/STM32H7xx/Include/stm32h7xx.h"
ARM GAS  C:\Users\aydan\AppData\Local\Temp\cc2HzNY7.s 			page 46


 1074              		.file 18 "c:\\program files\\daisytoolchain\\lib\\gcc\\arm-none-eabi\\10.2.1\\include\\stddef.h"
 1075              		.file 19 "c:\\program files\\daisytoolchain\\arm-none-eabi\\include\\c++\\10.2.1\\cmath"
 1076              		.file 20 "c:\\program files\\daisytoolchain\\arm-none-eabi\\include\\c++\\10.2.1\\bits\\std_abs.h"
 1077              		.file 21 "c:\\program files\\daisytoolchain\\arm-none-eabi\\include\\c++\\10.2.1\\cstdlib"
 1078              		.file 22 "c:\\program files\\daisytoolchain\\arm-none-eabi\\include\\c++\\10.2.1\\cstdint"
 1079              		.file 23 "c:\\program files\\daisytoolchain\\arm-none-eabi\\include\\c++\\10.2.1\\type_traits"
 1080              		.file 24 "c:\\program files\\daisytoolchain\\arm-none-eabi\\include\\c++\\10.2.1\\debug\\debug.h"
 1081              		.file 25 "c:\\program files\\daisytoolchain\\arm-none-eabi\\include\\c++\\10.2.1\\arm-none-eabi\\t
 1082              		.file 26 "c:\\program files\\daisytoolchain\\arm-none-eabi\\include\\c++\\10.2.1\\bits\\algorithmf
 1083              		.file 27 "c:\\program files\\daisytoolchain\\arm-none-eabi\\include\\c++\\10.2.1\\bits\\exception_
 1084              		.file 28 "c:\\program files\\daisytoolchain\\arm-none-eabi\\include\\c++\\10.2.1\\bits\\stl_pair.h
 1085              		.file 29 "c:\\program files\\daisytoolchain\\arm-none-eabi\\include\\c++\\10.2.1\\cstdarg"
 1086              		.file 30 "c:\\program files\\daisytoolchain\\arm-none-eabi\\include\\c++\\10.2.1\\cstdio"
 1087              		.file 31 "c:\\program files\\daisytoolchain\\arm-none-eabi\\include\\c++\\10.2.1\\cstring"
 1088              		.file 32 "c:\\program files\\daisytoolchain\\arm-none-eabi\\include\\c++\\10.2.1\\cwchar"
 1089              		.file 33 "c:\\program files\\daisytoolchain\\arm-none-eabi\\include\\c++\\10.2.1\\clocale"
 1090              		.file 34 "c:\\program files\\daisytoolchain\\arm-none-eabi\\include\\c++\\10.2.1\\bits\\basic_stri
 1091              		.file 35 "c:\\program files\\daisytoolchain\\arm-none-eabi\\include\\c++\\10.2.1\\bits\\stl_tempbu
 1092              		.file 36 "c:\\program files\\daisytoolchain\\arm-none-eabi\\include\\c++\\10.2.1\\bits\\predefined
 1093              		.file 37 "c:\\program files\\daisytoolchain\\arm-none-eabi\\include\\sys\\_types.h"
 1094              		.file 38 "c:\\program files\\daisytoolchain\\arm-none-eabi\\include\\sys\\reent.h"
 1095              		.file 39 "c:\\program files\\daisytoolchain\\arm-none-eabi\\include\\sys\\lock.h"
 1096              		.file 40 "c:\\program files\\daisytoolchain\\arm-none-eabi\\include\\math.h"
 1097              		.file 41 "c:\\program files\\daisytoolchain\\arm-none-eabi\\include\\stdlib.h"
 1098              		.file 42 "c:\\program files\\daisytoolchain\\arm-none-eabi\\include\\c++\\10.2.1\\math.h"
 1099              		.file 43 "../../libDaisy/Drivers/STM32H7xx_HAL_Driver/Inc/stm32h7xx_hal_def.h"
 1100              		.file 44 "../../libDaisy/Drivers/STM32H7xx_HAL_Driver/Inc/stm32h7xx_hal_dma.h"
 1101              		.file 45 "../../libDaisy/Drivers/STM32H7xx_HAL_Driver/Inc/stm32h7xx_hal_adc.h"
 1102              		.file 46 "c:\\program files\\daisytoolchain\\arm-none-eabi\\include\\c++\\10.2.1\\stdlib.h"
 1103              		.file 47 "../../libDaisy/src/daisy_core.h"
 1104              		.file 48 "../../libDaisy/src/per/tim.h"
 1105              		.file 49 "../../libDaisy/src/per/gpio.h"
 1106              		.file 50 "../../libDaisy/src/per/uart.h"
 1107              		.file 51 "../../libDaisy/src/util/wav_format.h"
 1108              		.file 52 "../../libDaisy/src/dev/max11300.h"
 1109              		.file 53 "../../libDaisy/src/util/CpuLoadMeter.h"
 1110              		.file 54 "../../libDaisy/src/dev/sdram.h"
 1111              		.file 55 "c:\\program files\\daisytoolchain\\lib\\gcc\\arm-none-eabi\\10.2.1\\include\\stdarg.h"
 1112              		.file 56 "c:\\program files\\daisytoolchain\\arm-none-eabi\\include\\stdio.h"
 1113              		.file 57 "c:\\program files\\daisytoolchain\\arm-none-eabi\\include\\string.h"
 1114              		.file 58 "src/app_config.h"
 1115              		.file 59 "src/controls.h"
 1116              		.file 60 "src/tuner.h"
 1117              		.file 61 "src/telemetry.h"
 1118              		.file 62 "gml/GuitarPedal/Effect-Modules/base_effect_module.h"
 1119              		.file 63 "../../DaisySP/Source/Control/adenv.h"
 1120              		.file 64 "../../DaisySP/Source/Utility/dsp.h"
 1121              		.file 65 "c:\\program files\\daisytoolchain\\arm-none-eabi\\include\\wchar.h"
 1122              		.file 66 "c:\\program files\\daisytoolchain\\arm-none-eabi\\include\\locale.h"
 1123              		.file 67 "../../libDaisy/src/dev/sr_595.h"
 1124              		.file 68 "<built-in>"
ARM GAS  C:\Users\aydan\AppData\Local\Temp\cc2HzNY7.s 			page 47


DEFINED SYMBOLS
                            *ABS*:00000000 main.cpp
C:\Users\aydan\AppData\Local\Temp\cc2HzNY7.s:17     .text._ZN5daisy9DaisySeedD2Ev:00000000 $t
C:\Users\aydan\AppData\Local\Temp\cc2HzNY7.s:26     .text._ZN5daisy9DaisySeedD2Ev:00000000 _ZN5daisy9DaisySeedD2Ev
C:\Users\aydan\AppData\Local\Temp\cc2HzNY7.s:26     .text._ZN5daisy9DaisySeedD2Ev:00000000 _ZN5daisy9DaisySeedD1Ev
C:\Users\aydan\AppData\Local\Temp\cc2HzNY7.s:67     .text._ZN12_GLOBAL__N_113AudioCallbackEPKPKfPPfj:00000000 $t
C:\Users\aydan\AppData\Local\Temp\cc2HzNY7.s:74     .text._ZN12_GLOBAL__N_113AudioCallbackEPKPKfPPfj:00000000 _ZN12_GLOBAL__N_113AudioCallbackEPKPKfPPfj
C:\Users\aydan\AppData\Local\Temp\cc2HzNY7.s:103    .text._ZN12_GLOBAL__N_113AudioCallbackEPKPKfPPfj:00000010 $d
C:\Users\aydan\AppData\Local\Temp\cc2HzNY7.s:1010   .bss._ZN12_GLOBAL__N_112audio_engineE:00000000 _ZN12_GLOBAL__N_112audio_engineE
C:\Users\aydan\AppData\Local\Temp\cc2HzNY7.s:108    .text.startup.main:00000000 $t
C:\Users\aydan\AppData\Local\Temp\cc2HzNY7.s:116    .text.startup.main:00000000 main
C:\Users\aydan\AppData\Local\Temp\cc2HzNY7.s:733    .text.startup.main:000001fc $d
C:\Users\aydan\AppData\Local\Temp\cc2HzNY7.s:1044   .bss._ZN12_GLOBAL__N_119tuner_source_windowE:00000000 _ZN12_GLOBAL__N_119tuner_source_windowE
C:\Users\aydan\AppData\Local\Temp\cc2HzNY7.s:751    .text.startup._GLOBAL__sub_I_main:00000000 $t
C:\Users\aydan\AppData\Local\Temp\cc2HzNY7.s:758    .text.startup._GLOBAL__sub_I_main:00000000 _GLOBAL__sub_I_main
C:\Users\aydan\AppData\Local\Temp\cc2HzNY7.s:948    .text.startup._GLOBAL__sub_I_main:00000058 $d
C:\Users\aydan\AppData\Local\Temp\cc2HzNY7.s:976    .text._ZN3app11AudioEngineD2Ev:00000000 _ZN3app11AudioEngineD1Ev
C:\Users\aydan\AppData\Local\Temp\cc2HzNY7.s:965    .init_array:00000000 $d
C:\Users\aydan\AppData\Local\Temp\cc2HzNY7.s:968    .text._ZN3app11AudioEngineD2Ev:00000000 $t
C:\Users\aydan\AppData\Local\Temp\cc2HzNY7.s:976    .text._ZN3app11AudioEngineD2Ev:00000000 _ZN3app11AudioEngineD2Ev
C:\Users\aydan\AppData\Local\Temp\cc2HzNY7.s:1007   .bss._ZN12_GLOBAL__N_112audio_engineE:00000000 $d
C:\Users\aydan\AppData\Local\Temp\cc2HzNY7.s:1013   .bss._ZN12_GLOBAL__N_113tuner_captureE:00000000 $d
C:\Users\aydan\AppData\Local\Temp\cc2HzNY7.s:1017   .bss._ZN12_GLOBAL__N_113tuner_captureE:00000000 _ZN12_GLOBAL__N_113tuner_captureE
C:\Users\aydan\AppData\Local\Temp\cc2HzNY7.s:1020   .bss._ZN12_GLOBAL__N_114tuner_analyzerE:00000000 $d
C:\Users\aydan\AppData\Local\Temp\cc2HzNY7.s:1024   .bss._ZN12_GLOBAL__N_114tuner_analyzerE:00000000 _ZN12_GLOBAL__N_114tuner_analyzerE
C:\Users\aydan\AppData\Local\Temp\cc2HzNY7.s:1027   .bss._ZN12_GLOBAL__N_115control_mailboxE:00000000 $d
C:\Users\aydan\AppData\Local\Temp\cc2HzNY7.s:1031   .bss._ZN12_GLOBAL__N_115control_mailboxE:00000000 _ZN12_GLOBAL__N_115control_mailboxE
C:\Users\aydan\AppData\Local\Temp\cc2HzNY7.s:1034   .bss._ZN12_GLOBAL__N_115thermal_monitorE:00000000 $d
C:\Users\aydan\AppData\Local\Temp\cc2HzNY7.s:1038   .bss._ZN12_GLOBAL__N_115thermal_monitorE:00000000 _ZN12_GLOBAL__N_115thermal_monitorE
C:\Users\aydan\AppData\Local\Temp\cc2HzNY7.s:1041   .bss._ZN12_GLOBAL__N_119tuner_source_windowE:00000000 $d
C:\Users\aydan\AppData\Local\Temp\cc2HzNY7.s:1047   .bss._ZN12_GLOBAL__N_12hwE:00000000 $d
C:\Users\aydan\AppData\Local\Temp\cc2HzNY7.s:1051   .bss._ZN12_GLOBAL__N_12hwE:00000000 _ZN12_GLOBAL__N_12hwE
C:\Users\aydan\AppData\Local\Temp\cc2HzNY7.s:1054   .bss._ZN12_GLOBAL__N_18controlsE:00000000 $d
C:\Users\aydan\AppData\Local\Temp\cc2HzNY7.s:1058   .bss._ZN12_GLOBAL__N_18controlsE:00000000 _ZN12_GLOBAL__N_18controlsE
C:\Users\aydan\AppData\Local\Temp\cc2HzNY7.s:1061   .bss._ZN12_GLOBAL__N_19telemetryE:00000000 $d
C:\Users\aydan\AppData\Local\Temp\cc2HzNY7.s:1065   .bss._ZN12_GLOBAL__N_19telemetryE:00000000 _ZN12_GLOBAL__N_19telemetryE
                           .group:00000000 _ZN5daisy9DaisySeedD5Ev
                           .group:00000000 _ZN3app11AudioEngineD5Ev

UNDEFINED SYMBOLS
_ZN3app11AudioEngine7ProcessEPKPKfPPfj
_ZN5daisy9DaisySeed4InitEb
_ZN5daisy9DaisySeed18SetAudioSampleRateENS_9SaiHandle6Config10SampleRateE
_ZN5daisy9DaisySeed17SetAudioBlockSizeEj
_ZN3app8Controls4InitERN5daisy9DaisySeedERNS_14ControlMailboxE
_ZN3app9Telemetry4InitEv
_ZN3app12TunerCapture4InitEv
_ZN5daisy6System6GetNowEv
_ZN3app13TunerAnalyzer5ResetEm
_ZN3app14ThermalMonitor4InitEmb
_ZN5daisy9DaisySeed15AudioSampleRateEv
_ZN3app11AudioEngine4InitEfRNS_14ControlMailboxERNS_12TunerCaptureE
_ZN5daisy9DaisySeed10StartAudioEPFvPKPKfPPfjE
_ZNK3app11AudioEngine18GetCpuLoadSnapshotEv
_ZN3app9Telemetry16SendAudioCpuLoadEffmhf
_ZN5daisy6System5DelayEm
_ZN3app14ThermalMonitor7ServiceEm
ARM GAS  C:\Users\aydan\AppData\Local\Temp\cc2HzNY7.s 			page 48


_ZN3app8Controls7ProcessERN5daisy9DaisySeedEm
_ZN5daisy9DaisySeed6SetLedEb
_ZN3app9Telemetry10SendEffectEi
_ZN3app9Telemetry8SendPotsEPKf
_ZN3app9Telemetry17SendTunerDisabledEv
_ZN3app9Telemetry14SendFootswitchEbPKci
_ZN3app13ThermalPolicy21TakeFaultNotificationEv
_ZNK3app14ThermalMonitor10FaultLedOnEm
_ZNK3app12TunerCapture18CopyAnalysisWindowEPfi
_ZN3app13TunerAnalyzer7AnalyzeEPKfifffm
_ZN3app9Telemetry9SendTunerERKNS_11TunerResultE
_ZN3app9Telemetry16SendThermalFaultEf
_ZN3app9Telemetry26SendTemperatureSensorFaultEi
__aeabi_atexit
_ZN3app8ControlsC1Ev
_ZN3app12TunerCaptureC1Ev
_ZN3app13TunerAnalyzerC1Ev
_ZN3app11AudioEngineC1Ev
_ZN3app9TelemetryC1Ev
_ZN3app14ThermalMonitorC1Ev
__dso_handle
_ZN10bkshepherd19GranularDelayModuleD1Ev
