ARM GAS  C:\Users\aydan\AppData\Local\Temp\ccEUME1T.s 			page 1


   1              		.cpu cortex-m7
   2              		.eabi_attribute 28, 1
   3              		.eabi_attribute 20, 1
   4              		.eabi_attribute 21, 1
   5              		.eabi_attribute 23, 3
   6              		.eabi_attribute 24, 1
   7              		.eabi_attribute 25, 1
   8              		.eabi_attribute 26, 1
   9              		.eabi_attribute 30, 2
  10              		.eabi_attribute 34, 1
  11              		.eabi_attribute 18, 4
  12              		.file	"tuner.cpp"
  13              		.text
  14              	.Ltext0:
  15              		.cfi_sections	.debug_frame
  16              		.section	.text._ZN3app13TunerAnalyzer9DetectYinEPKfifRfS3_m.part.0,"ax",%progbits
  17              		.align	1
  18              		.p2align 2,,3
  19              		.arch armv7e-m
  20              		.syntax unified
  21              		.thumb
  22              		.thumb_func
  23              		.fpu fpv5-d16
  25              	_ZN3app13TunerAnalyzer9DetectYinEPKfifRfS3_m.part.0:
  26              	.LVL0:
  27              	.LFB2595:
  28              		.file 1 "src/tuner.cpp"
   1:src/tuner.cpp **** #include "tuner.h"
   2:src/tuner.cpp **** #include "daisy_core.h"
   3:src/tuner.cpp **** 
   4:src/tuner.cpp **** #include <cmath>
   5:src/tuner.cpp **** #include <cstdio>
   6:src/tuner.cpp **** #include <cstring>
   7:src/tuner.cpp **** 
   8:src/tuner.cpp **** #if DIAG_HAS_TUNER_OBJECTS
   9:src/tuner.cpp **** namespace app
  10:src/tuner.cpp **** {
  11:src/tuner.cpp **** 
  12:src/tuner.cpp **** // CPU-owned storage: never add DMA_BUFFER_MEM_SECTION here. These four arrays
  13:src/tuner.cpp **** // total 45,056 bytes; placing them before libDaisy's real DMA buffers moved
  14:src/tuner.cpp **** // audio/ADC DMA beyond its 32 KB non-cacheable MPU window and caused confirmed
  15:src/tuner.cpp **** // hardware audio corruption.
  16:src/tuner.cpp **** float tuner_capture_ring[config::kTunerCaptureRingSize];
  17:src/tuner.cpp **** float tuner_work_buffer[config::kTunerWorkSize];
  18:src/tuner.cpp **** float tuner_difference_buffer[config::kTunerWorkSize];
  19:src/tuner.cpp **** float tuner_cmnd_buffer[config::kTunerWorkSize];
  20:src/tuner.cpp **** 
  21:src/tuner.cpp **** static float ClampFloat(float value, float lo, float hi)
  22:src/tuner.cpp **** {
  23:src/tuner.cpp ****     return value < lo ? lo : (value > hi ? hi : value);
  24:src/tuner.cpp **** }
  25:src/tuner.cpp **** 
  26:src/tuner.cpp **** static int ClampInt(int value, int lo, int hi)
  27:src/tuner.cpp **** {
  28:src/tuner.cpp ****     return value < lo ? lo : (value > hi ? hi : value);
  29:src/tuner.cpp **** }
  30:src/tuner.cpp **** 
ARM GAS  C:\Users\aydan\AppData\Local\Temp\ccEUME1T.s 			page 2


  31:src/tuner.cpp **** // Refine the detected YIN period by fitting a parabola around the best sample.
  32:src/tuner.cpp **** static void ParabolicDelta(float y0, float y1, float y2, float& delta)
  33:src/tuner.cpp **** {
  34:src/tuner.cpp ****     const float denom = (2.0f * y1 - y0 - y2);
  35:src/tuner.cpp ****     if(fabsf(denom) < 1e-12f)
  36:src/tuner.cpp ****     {
  37:src/tuner.cpp ****         delta = 0.0f;
  38:src/tuner.cpp ****         return;
  39:src/tuner.cpp ****     }
  40:src/tuner.cpp ****     delta = 0.5f * (y0 - y2) / denom;
  41:src/tuner.cpp ****     delta = ClampFloat(delta, -0.5f, 0.5f);
  42:src/tuner.cpp **** }
  43:src/tuner.cpp **** 
  44:src/tuner.cpp **** TunerCapture::TunerCapture()
  45:src/tuner.cpp **** : write_index_(0),
  46:src/tuner.cpp ****   completed_write_index_(0)
  47:src/tuner.cpp **** {
  48:src/tuner.cpp **** #if DIAG_STAGE != DIAG_STAGE_PRODUCTION
  49:src/tuner.cpp ****     // Keep the complete tuner storage present from the object-only stage.
  50:src/tuner.cpp ****     // This emits no buffer access; it only prevents linker collection.
  51:src/tuner.cpp ****     asm volatile("" : : "r"(tuner_capture_ring),
  52:src/tuner.cpp ****                          "r"(tuner_work_buffer),
  53:src/tuner.cpp ****                          "r"(tuner_difference_buffer),
  54:src/tuner.cpp ****                          "r"(tuner_cmnd_buffer));
  55:src/tuner.cpp **** #endif
  56:src/tuner.cpp **** }
  57:src/tuner.cpp **** 
  58:src/tuner.cpp **** void TunerCapture::Init()
  59:src/tuner.cpp **** {
  60:src/tuner.cpp ****     for(int i = 0; i < config::kTunerCaptureRingSize; ++i)
  61:src/tuner.cpp ****         tuner_capture_ring[i] = 0.0f;
  62:src/tuner.cpp ****     write_index_ = 0;
  63:src/tuner.cpp ****     __atomic_store_n(&completed_write_index_, 0u, __ATOMIC_RELEASE);
  64:src/tuner.cpp **** }
  65:src/tuner.cpp **** 
  66:src/tuner.cpp **** // Called once per audio block. The atomic store happens after all samples are written so the main 
  67:src/tuner.cpp **** void TunerCapture::WriteBlock(const float* samples, size_t size)
  68:src/tuner.cpp **** {
  69:src/tuner.cpp ****     uint32_t wr = write_index_;
  70:src/tuner.cpp ****     for(size_t i = 0; i < size; ++i)
  71:src/tuner.cpp ****     {
  72:src/tuner.cpp ****         tuner_capture_ring[wr & (config::kTunerCaptureRingSize - 1)] = samples[i];
  73:src/tuner.cpp ****         ++wr;
  74:src/tuner.cpp ****     }
  75:src/tuner.cpp ****     write_index_ = wr;
  76:src/tuner.cpp ****     __atomic_store_n(&completed_write_index_, wr, __ATOMIC_RELEASE);
  77:src/tuner.cpp **** }
  78:src/tuner.cpp **** 
  79:src/tuner.cpp **** uint32_t TunerCapture::CompletedWriteIndex() const
  80:src/tuner.cpp **** {
  81:src/tuner.cpp ****     return __atomic_load_n(&completed_write_index_, __ATOMIC_ACQUIRE);
  82:src/tuner.cpp **** }
  83:src/tuner.cpp **** 
  84:src/tuner.cpp **** // Copy a stable historical window that ends safely behind the audio writer.
  85:src/tuner.cpp **** // If the ring has not yet filled enough, return false instead of inventing data.
  86:src/tuner.cpp **** bool TunerCapture::CopyAnalysisWindow(float* out, int count) const
  87:src/tuner.cpp **** {
ARM GAS  C:\Users\aydan\AppData\Local\Temp\ccEUME1T.s 			page 3


  88:src/tuner.cpp ****     if(!out || count <= 0 || count > config::kTunerCaptureRingSize || count > config::kTunerSourceW
  89:src/tuner.cpp ****         return false;
  90:src/tuner.cpp **** 
  91:src/tuner.cpp ****     const uint32_t required = (uint32_t)count + (uint32_t)config::kTunerSafetySamples;
  92:src/tuner.cpp ****     if(required >= (uint32_t)config::kTunerCaptureRingSize)
  93:src/tuner.cpp ****         return false;
  94:src/tuner.cpp **** 
  95:src/tuner.cpp ****     const uint32_t completed = CompletedWriteIndex();
  96:src/tuner.cpp ****     if(completed < required)
  97:src/tuner.cpp ****         return false;
  98:src/tuner.cpp **** 
  99:src/tuner.cpp ****     const uint32_t end = completed - (uint32_t)config::kTunerSafetySamples;
 100:src/tuner.cpp ****     const uint32_t start = end - (uint32_t)count;
 101:src/tuner.cpp ****     const uint32_t mask = config::kTunerCaptureRingSize - 1;
 102:src/tuner.cpp ****     for(int i = 0; i < count; ++i)
 103:src/tuner.cpp ****         out[i] = tuner_capture_ring[(start + (uint32_t)i) & mask];
 104:src/tuner.cpp **** 
 105:src/tuner.cpp ****     const uint32_t after = CompletedWriteIndex();
 106:src/tuner.cpp ****     if((uint32_t)(after - start) >= (uint32_t)config::kTunerCaptureRingSize)
 107:src/tuner.cpp ****         return false;
 108:src/tuner.cpp **** 
 109:src/tuner.cpp ****     return true;
 110:src/tuner.cpp **** }
 111:src/tuner.cpp **** 
 112:src/tuner.cpp **** TunerAnalyzer::TunerAnalyzer()
 113:src/tuner.cpp **** : freq_history_{0.0f, 0.0f, 0.0f, 0.0f, 0.0f},
 114:src/tuner.cpp ****   freq_history_count_(0),
 115:src/tuner.cpp ****   tracked_freq_(0.0f),
 116:src/tuner.cpp ****   last_valid_freq_(0.0f),
 117:src/tuner.cpp ****   rms_previous_(0.0f),
 118:src/tuner.cpp ****   attack_until_ms_(0),
 119:src/tuner.cpp ****   last_lock_ms_(0),
 120:src/tuner.cpp ****   attack_hold_ms_(config::kTunerDefaultAttackMs),
 121:src/tuner.cpp ****   has_lock_(false)
 122:src/tuner.cpp **** {
 123:src/tuner.cpp **** }
 124:src/tuner.cpp **** 
 125:src/tuner.cpp **** void TunerAnalyzer::Reset(uint32_t now_ms)
 126:src/tuner.cpp **** {
 127:src/tuner.cpp ****     for(int i = 0; i < 5; ++i)
 128:src/tuner.cpp ****         freq_history_[i] = 0.0f;
 129:src/tuner.cpp ****     freq_history_count_ = 0;
 130:src/tuner.cpp ****     tracked_freq_ = 0.0f;
 131:src/tuner.cpp ****     last_valid_freq_ = 0.0f;
 132:src/tuner.cpp ****     rms_previous_ = 0.0f;
 133:src/tuner.cpp ****     attack_until_ms_ = now_ms + config::kTunerDefaultAttackMs;
 134:src/tuner.cpp ****     last_lock_ms_ = 0;
 135:src/tuner.cpp ****     attack_hold_ms_ = config::kTunerDefaultAttackMs;
 136:src/tuner.cpp ****     has_lock_ = false;
 137:src/tuner.cpp **** }
 138:src/tuner.cpp **** 
 139:src/tuner.cpp **** // Analyze only outside the audio callback. This keeps the expensive YIN
 140:src/tuner.cpp **** // work off the real-time path and lets the capture ring stay simple.
 141:src/tuner.cpp **** TunerResult TunerAnalyzer::Analyze(const float* source,
 142:src/tuner.cpp ****                                    int source_count,
 143:src/tuner.cpp ****                                    float strictness,
 144:src/tuner.cpp ****                                    float smoothing,
ARM GAS  C:\Users\aydan\AppData\Local\Temp\ccEUME1T.s 			page 4


 145:src/tuner.cpp ****                                    float attack_control,
 146:src/tuner.cpp ****                                    uint32_t now_ms)
 147:src/tuner.cpp **** {
 148:src/tuner.cpp ****     TunerResult result = {};
 149:src/tuner.cpp ****     std::snprintf(result.note, sizeof(result.note), "--");
 150:src/tuner.cpp **** 
 151:src/tuner.cpp ****     if(has_lock_ && (uint32_t)(now_ms - last_lock_ms_) > config::kTunerDetectionGapResetMs)
 152:src/tuner.cpp ****         Reset(now_ms);
 153:src/tuner.cpp **** 
 154:src/tuner.cpp ****     float raw_hz = 0.0f;
 155:src/tuner.cpp ****     float conf = 0.0f;
 156:src/tuner.cpp ****     attack_hold_ms_ = 60u + (uint32_t)(ClampFloat(attack_control, 0.0f, 1.0f) * 140.0f + 0.5f);
 157:src/tuner.cpp ****     const bool ok = DetectYin(source, source_count, strictness, raw_hz, conf, now_ms);
 158:src/tuner.cpp ****     result.raw_hz = raw_hz;
 159:src/tuner.cpp **** 
 160:src/tuner.cpp ****     if(now_ms < attack_until_ms_)
 161:src/tuner.cpp ****     {
 162:src/tuner.cpp ****         if(has_lock_)
 163:src/tuner.cpp ****         {
 164:src/tuner.cpp ****             result.valid = false;
 165:src/tuner.cpp ****             result.freq_hz = last_valid_freq_;
 166:src/tuner.cpp ****             result.confidence = 0.25f;
 167:src/tuner.cpp ****             FrequencyToNote(last_valid_freq_, result.note, sizeof(result.note), result.cents);
 168:src/tuner.cpp ****         }
 169:src/tuner.cpp ****         return result;
 170:src/tuner.cpp ****     }
 171:src/tuner.cpp **** 
 172:src/tuner.cpp ****     bool accepted = ok;
 173:src/tuner.cpp ****     if(accepted && has_lock_)
 174:src/tuner.cpp ****     {
 175:src/tuner.cpp ****         const float ratio = raw_hz / last_valid_freq_;
 176:src/tuner.cpp ****         if((ratio > 1.95f || ratio < 0.52f) && conf < 0.90f)
 177:src/tuner.cpp ****             accepted = false;
 178:src/tuner.cpp ****     }
 179:src/tuner.cpp **** 
 180:src/tuner.cpp ****     if(!accepted)
 181:src/tuner.cpp ****     {
 182:src/tuner.cpp ****         result.valid = false;
 183:src/tuner.cpp ****         result.confidence = has_lock_ ? 0.20f : 0.0f;
 184:src/tuner.cpp ****         if(has_lock_)
 185:src/tuner.cpp ****         {
 186:src/tuner.cpp ****             result.freq_hz = last_valid_freq_;
 187:src/tuner.cpp ****             FrequencyToNote(last_valid_freq_, result.note, sizeof(result.note), result.cents);
 188:src/tuner.cpp ****         }
 189:src/tuner.cpp ****         return result;
 190:src/tuner.cpp ****     }
 191:src/tuner.cpp **** 
 192:src/tuner.cpp ****     for(int i = 0; i < 4; ++i)
 193:src/tuner.cpp ****         freq_history_[i] = freq_history_[i + 1];
 194:src/tuner.cpp ****     freq_history_[4] = raw_hz;
 195:src/tuner.cpp ****     if(freq_history_count_ < 5)
 196:src/tuner.cpp ****         ++freq_history_count_;
 197:src/tuner.cpp **** 
 198:src/tuner.cpp ****     const float med = freq_history_count_ >= 5 ? Median5(freq_history_) : raw_hz;
 199:src/tuner.cpp ****     const float alpha_fast = 0.45f;
 200:src/tuner.cpp ****     const float alpha_slow = 0.06f;
 201:src/tuner.cpp ****     const float alpha = alpha_fast + (alpha_slow - alpha_fast) * ClampFloat(smoothing, 0.0f, 1.0f);
ARM GAS  C:\Users\aydan\AppData\Local\Temp\ccEUME1T.s 			page 5


 202:src/tuner.cpp ****     tracked_freq_ = has_lock_ ? tracked_freq_ + alpha * (med - tracked_freq_) : med;
 203:src/tuner.cpp **** 
 204:src/tuner.cpp ****     const bool stable = conf > 0.40f;
 205:src/tuner.cpp ****     if(stable)
 206:src/tuner.cpp ****     {
 207:src/tuner.cpp ****         has_lock_ = true;
 208:src/tuner.cpp ****         last_valid_freq_ = tracked_freq_;
 209:src/tuner.cpp ****         last_lock_ms_ = now_ms;
 210:src/tuner.cpp ****     }
 211:src/tuner.cpp **** 
 212:src/tuner.cpp ****     result.valid = stable;
 213:src/tuner.cpp ****     result.freq_hz = tracked_freq_;
 214:src/tuner.cpp ****     result.confidence = conf;
 215:src/tuner.cpp ****     FrequencyToNote(tracked_freq_, result.note, sizeof(result.note), result.cents);
 216:src/tuner.cpp ****     return result;
 217:src/tuner.cpp **** }
 218:src/tuner.cpp **** 
 219:src/tuner.cpp **** // Convert Hz to note name and cents relative to equal temperament A4=440.
 220:src/tuner.cpp **** void TunerAnalyzer::FrequencyToNote(float freq_hz, char* out_note, size_t out_size, float& out_cent
 221:src/tuner.cpp **** {
 222:src/tuner.cpp ****     if(freq_hz <= 0.0f)
 223:src/tuner.cpp ****     {
 224:src/tuner.cpp ****         std::snprintf(out_note, out_size, "--");
 225:src/tuner.cpp ****         out_cents = 0.0f;
 226:src/tuner.cpp ****         return;
 227:src/tuner.cpp ****     }
 228:src/tuner.cpp **** 
 229:src/tuner.cpp ****     const float midi_f = 69.0f + 12.0f * std::log2(freq_hz / 440.0f);
 230:src/tuner.cpp ****     const int midi_n = (int)std::round(midi_f);
 231:src/tuner.cpp ****     static const char* names[12] = {"C", "C#", "D", "D#", "E", "F", "F#", "G", "G#", "A", "A#", "B"
 232:src/tuner.cpp ****     const int note_idx = ((midi_n % 12) + 12) % 12;
 233:src/tuner.cpp ****     const int octave = (midi_n / 12) - 1;
 234:src/tuner.cpp ****     std::snprintf(out_note, out_size, "%s%d", names[note_idx], octave);
 235:src/tuner.cpp ****     out_cents = (midi_f - (float)midi_n) * 100.0f;
 236:src/tuner.cpp **** }
 237:src/tuner.cpp **** 
 238:src/tuner.cpp **** // Convert the 48 kHz source window to a 12 kHz analysis window with a small
 239:src/tuner.cpp **** // low-pass filter first, then run the YIN-style difference search on that data.
 240:src/tuner.cpp **** bool TunerAnalyzer::DetectYin(const float* source,
  29              		.loc 1 240 6 view -0
  30              		.cfi_startproc
  31              		@ args = 8, pretend = 0, frame = 0
  32              		@ frame_needed = 0, uses_anonymous_args = 0
  33              	.LBB92:
 241:src/tuner.cpp ****                               int source_count,
 242:src/tuner.cpp ****                               float strictness,
 243:src/tuner.cpp ****                               float& out_freq_hz,
 244:src/tuner.cpp ****                               float& out_confidence,
 245:src/tuner.cpp ****                               uint32_t now_ms)
 246:src/tuner.cpp **** {
 247:src/tuner.cpp ****     out_freq_hz = 0.0f;
 248:src/tuner.cpp ****     out_confidence = 0.0f;
 249:src/tuner.cpp ****     if(!source || source_count < config::kTunerSourceWindowSize)
 250:src/tuner.cpp ****         return false;
 251:src/tuner.cpp **** 
 252:src/tuner.cpp ****     float mean = 0.0f;
 253:src/tuner.cpp ****     for(int i = 0; i < source_count; ++i)
ARM GAS  C:\Users\aydan\AppData\Local\Temp\ccEUME1T.s 			page 6


  34              		.loc 1 253 22 is_stmt 0 view .LVU1
  35 0000 002A     		cmp	r2, #0
  36              		.loc 1 253 22 view .LVU2
  37              	.LBE92:
 252:src/tuner.cpp ****     for(int i = 0; i < source_count; ++i)
  38              		.loc 1 252 11 view .LVU3
  39 0002 DFEDC07A 		vldr.32	s15, .L73
 240:src/tuner.cpp ****                               int source_count,
  40              		.loc 1 240 6 view .LVU4
  41 0006 2DE9F843 		push	{r3, r4, r5, r6, r7, r8, r9, lr}
  42              		.cfi_def_cfa_offset 32
  43              		.cfi_offset 3, -32
  44              		.cfi_offset 4, -28
  45              		.cfi_offset 5, -24
  46              		.cfi_offset 6, -20
  47              		.cfi_offset 7, -16
  48              		.cfi_offset 8, -12
  49              		.cfi_offset 9, -8
  50              		.cfi_offset 14, -4
  51 000a 0746     		mov	r7, r0
  52              	.LVL1:
  53              	.LBB93:
  54              		.loc 1 253 22 is_stmt 1 view .LVU5
  55              	.LBE93:
 240:src/tuner.cpp ****                               int source_count,
  56              		.loc 1 240 6 is_stmt 0 view .LVU6
  57 000c 1C46     		mov	r4, r3
  58 000e 2DED028B 		vpush.64	{d8}
  59              		.cfi_def_cfa_offset 40
  60              		.cfi_offset 80, -40
  61              		.cfi_offset 81, -36
 240:src/tuner.cpp ****                               int source_count,
  62              		.loc 1 240 6 view .LVU7
  63 0012 B0EE408A 		vmov.f32	s16, s0
  64              	.LBB94:
  65              		.loc 1 253 22 view .LVU8
  66 0016 08DD     		ble	.L2
  67 0018 0B46     		mov	r3, r1
  68              	.LVL2:
  69              		.loc 1 253 22 view .LVU9
  70 001a 01EB8205 		add	r5, r1, r2, lsl #2
  71              	.LVL3:
  72              	.L3:
 254:src/tuner.cpp ****         mean += source[i];
  73              		.loc 1 254 9 is_stmt 1 view .LVU10
  74              		.loc 1 254 25 is_stmt 0 view .LVU11
  75 001e B3EC017A 		vldmia.32	r3!, {s14}
 253:src/tuner.cpp ****         mean += source[i];
  76              		.loc 1 253 22 view .LVU12
  77 0022 AB42     		cmp	r3, r5
  78              		.loc 1 254 14 view .LVU13
  79 0024 77EE877A 		vadd.f32	s15, s15, s14
  80              	.LVL4:
 253:src/tuner.cpp ****         mean += source[i];
  81              		.loc 1 253 5 is_stmt 1 view .LVU14
 253:src/tuner.cpp ****         mean += source[i];
  82              		.loc 1 253 22 view .LVU15
ARM GAS  C:\Users\aydan\AppData\Local\Temp\ccEUME1T.s 			page 7


  83 0028 F9D1     		bne	.L3
  84              	.LVL5:
  85              	.L2:
 253:src/tuner.cpp ****         mean += source[i];
  86              		.loc 1 253 22 is_stmt 0 view .LVU16
  87              	.LBE94:
 255:src/tuner.cpp ****     mean /= (float)source_count;
  88              		.loc 1 255 5 is_stmt 1 view .LVU17
  89              		.loc 1 255 13 is_stmt 0 view .LVU18
  90 002a 07EE102A 		vmov	s14, r2	@ int
  91 002e B64D     		ldr	r5, .L73+4
  92              	.LBB95:
  93              	.LBB96:
  94              	.LBB97:
  95              	.LBB98:
 256:src/tuner.cpp **** 
 257:src/tuner.cpp ****     // Short symmetric FIR used before decimation by four. It is intentionally small because this r
 258:src/tuner.cpp ****     static const float kFir[9] = {
 259:src/tuner.cpp ****         0.029411765f, 0.058823529f, 0.117647059f, 0.176470588f, 0.235294118f,
 260:src/tuner.cpp ****         0.176470588f, 0.117647059f, 0.058823529f, 0.029411765f,
 261:src/tuner.cpp ****     };
 262:src/tuner.cpp **** 
 263:src/tuner.cpp ****     float rms_acc = 0.0f;
 264:src/tuner.cpp ****     for(int i = 0; i < config::kTunerWorkSize; ++i)
 265:src/tuner.cpp ****     {
 266:src/tuner.cpp ****         const int center = i * config::kTunerDecimation;
 267:src/tuner.cpp ****         float decimated = 0.0f;
 268:src/tuner.cpp ****         for(int tap = 0; tap < 9; ++tap)
 269:src/tuner.cpp ****         {
 270:src/tuner.cpp ****             const int source_idx = ClampInt(center + tap - 4, 0, source_count - 1);
  96              		.loc 1 270 44 view .LVU19
  97 0030 501E     		subs	r0, r2, #1
  98              	.LVL6:
  99              		.loc 1 270 44 view .LVU20
 100              	.LBE98:
 101              	.LBE97:
 102              	.LBE96:
 103              	.LBE95:
 263:src/tuner.cpp ****     for(int i = 0; i < config::kTunerWorkSize; ++i)
 104              		.loc 1 263 11 view .LVU21
 105 0032 DFEDB45A 		vldr.32	s11, .L73
 255:src/tuner.cpp ****     mean /= (float)source_count;
 106              		.loc 1 255 13 view .LVU22
 107 0036 B8EEC77A 		vcvt.f32.s32	s14, s14
 108              	.LBB111:
 109              	.LBB107:
 110              	.LBB104:
 111              	.LBB101:
 112              		.loc 1 270 44 view .LVU23
 113 003a 6FF00308 		mvn	r8, #3
 114 003e DFF824E3 		ldr	lr, .L73+96
 115 0042 05F58059 		add	r9, r5, #4096
 116 0046 2E46     		mov	r6, r5
 117              	.LBE101:
 118              	.LBE104:
 119              	.LBE107:
 120              	.LBE111:
ARM GAS  C:\Users\aydan\AppData\Local\Temp\ccEUME1T.s 			page 8


 255:src/tuner.cpp ****     mean /= (float)source_count;
 121              		.loc 1 255 10 view .LVU24
 122 0048 87EE876A 		vdiv.f32	s12, s15, s14
 123              	.LVL7:
 258:src/tuner.cpp ****         0.029411765f, 0.058823529f, 0.117647059f, 0.176470588f, 0.235294118f,
 124              		.loc 1 258 5 is_stmt 1 view .LVU25
 263:src/tuner.cpp ****     for(int i = 0; i < config::kTunerWorkSize; ++i)
 125              		.loc 1 263 5 view .LVU26
 264:src/tuner.cpp ****     {
 126              		.loc 1 264 5 view .LVU27
 127              	.LBB112:
 264:src/tuner.cpp ****     {
 128              		.loc 1 264 22 view .LVU28
 129              	.L7:
 130              	.LBB108:
 266:src/tuner.cpp ****         float decimated = 0.0f;
 131              		.loc 1 266 9 view .LVU29
 132 004c 4246     		mov	r2, r8
 133 004e AF4B     		ldr	r3, .L73+8
 134 0050 08F10408 		add	r8, r8, #4
 135              	.LVL8:
 267:src/tuner.cpp ****         for(int tap = 0; tap < 9; ++tap)
 136              		.loc 1 267 9 view .LVU30
 268:src/tuner.cpp ****         {
 137              		.loc 1 268 9 view .LVU31
 138              	.LBB105:
 268:src/tuner.cpp ****         {
 139              		.loc 1 268 30 view .LVU32
 140              	.LBE105:
 141              	.LBE108:
 142              	.LBE112:
 263:src/tuner.cpp ****     for(int i = 0; i < config::kTunerWorkSize; ++i)
 143              		.loc 1 263 11 is_stmt 0 view .LVU33
 144 0054 DFEDAE6A 		vldr.32	s13, .L73+12
 145              	.LBB113:
 146              	.LBB109:
 267:src/tuner.cpp ****         for(int tap = 0; tap < 9; ++tap)
 147              		.loc 1 267 15 view .LVU34
 148 0058 9FEDAA7A 		vldr.32	s14, .L73
 149 005c 01E0     		b	.L6
 150              	.LVL9:
 151              	.L67:
 152              	.LBB106:
 153              	.LBB102:
 271:src/tuner.cpp ****             decimated += kFir[tap] * (source[source_idx] - mean);
 154              		.loc 1 271 34 view .LVU35
 155 005e F3EC016A 		vldmia.32	r3!, {s13}
 156              	.LVL10:
 157              	.L6:
 270:src/tuner.cpp ****             decimated += kFir[tap] * (source[source_idx] - mean);
 158              		.loc 1 270 13 is_stmt 1 view .LVU36
 159              	.LBB99:
 160              	.LBI99:
  26:src/tuner.cpp **** {
 161              		.loc 1 26 12 view .LVU37
 162              	.LBB100:
  28:src/tuner.cpp **** }
ARM GAS  C:\Users\aydan\AppData\Local\Temp\ccEUME1T.s 			page 9


 163              		.loc 1 28 5 view .LVU38
  28:src/tuner.cpp **** }
 164              		.loc 1 28 23 is_stmt 0 view .LVU39
 165 0062 002A     		cmp	r2, #0
 166 0064 8C46     		mov	ip, r1
 167 0066 05DB     		blt	.L4
  28:src/tuner.cpp **** }
 168              		.loc 1 28 23 view .LVU40
 169              	.LBE100:
 170              	.LBE99:
 171              		.loc 1 271 46 view .LVU41
 172 0068 8242     		cmp	r2, r0
 173 006a 9446     		mov	ip, r2
 174 006c A8BF     		it	ge
 175 006e 8446     		movge	ip, r0
 176              		.loc 1 271 56 view .LVU42
 177 0070 01EB8C0C 		add	ip, r1, ip, lsl #2
 178              	.L4:
 179              	.LVL11:
 180              		.loc 1 271 13 is_stmt 1 view .LVU43
 181              		.loc 1 271 58 is_stmt 0 view .LVU44
 182 0074 DCED007A 		vldr.32	s15, [ip]
 183              	.LBE102:
 268:src/tuner.cpp ****         {
 184              		.loc 1 268 30 view .LVU45
 185 0078 7345     		cmp	r3, lr
 186 007a 02F10102 		add	r2, r2, #1
 187              	.LVL12:
 188              	.LBB103:
 189              		.loc 1 271 58 view .LVU46
 190 007e 77EEC67A 		vsub.f32	s15, s15, s12
 191              		.loc 1 271 23 view .LVU47
 192 0082 A7EEA67A 		vfma.f32	s14, s15, s13
 193              	.LVL13:
 194              		.loc 1 271 23 view .LVU48
 195              	.LBE103:
 268:src/tuner.cpp ****         {
 196              		.loc 1 268 9 is_stmt 1 view .LVU49
 268:src/tuner.cpp ****         {
 197              		.loc 1 268 30 view .LVU50
 198 0086 EAD1     		bne	.L67
 199              	.LBE106:
 272:src/tuner.cpp ****         }
 273:src/tuner.cpp ****         tuner_work_buffer[i] = decimated;
 200              		.loc 1 273 9 view .LVU51
 201              		.loc 1 273 30 is_stmt 0 view .LVU52
 202 0088 A6EC017A 		vstmia.32	r6!, {s14}
 274:src/tuner.cpp ****         rms_acc += decimated * decimated;
 203              		.loc 1 274 9 is_stmt 1 view .LVU53
 204              	.LBE109:
 264:src/tuner.cpp ****     {
 205              		.loc 1 264 22 is_stmt 0 view .LVU54
 206 008c 4E45     		cmp	r6, r9
 207              	.LBB110:
 208              		.loc 1 274 17 view .LVU55
 209 008e E7EE075A 		vfma.f32	s11, s14, s14
 210              	.LVL14:
ARM GAS  C:\Users\aydan\AppData\Local\Temp\ccEUME1T.s 			page 10


 211              		.loc 1 274 17 view .LVU56
 212              	.LBE110:
 264:src/tuner.cpp ****     {
 213              		.loc 1 264 5 is_stmt 1 view .LVU57
 264:src/tuner.cpp ****     {
 214              		.loc 1 264 22 view .LVU58
 215 0092 DBD1     		bne	.L7
 216              	.LBE113:
 275:src/tuner.cpp ****     }
 276:src/tuner.cpp **** 
 277:src/tuner.cpp ****     const float rms_now = sqrtf(rms_acc / (float)config::kTunerWorkSize);
 217              		.loc 1 277 5 view .LVU59
 218              		.loc 1 277 32 is_stmt 0 view .LVU60
 219 0094 DFED9F7A 		vldr.32	s15, .L73+16
 220 0098 25EEA70A 		vmul.f32	s0, s11, s15
 221              	.LVL15:
 222              		.loc 1 277 32 view .LVU61
 223 009c B5EE400A 		vcmp.f32	s0, #0
 224 00a0 F1EE10FA 		vmrs	APSR_nzcv, FPSCR
 225 00a4 00F12981 		bmi	.L58
 226 00a8 F1EEC07A 		vsqrt.f32	s15, s0
 227              	.LVL16:
 228              	.L10:
 278:src/tuner.cpp ****     const float onset_floor = 0.012f;
 229              		.loc 1 278 5 is_stmt 1 view .LVU62
 279:src/tuner.cpp ****     const float onset_ratio = 1.65f;
 230              		.loc 1 279 5 view .LVU63
 280:src/tuner.cpp ****     if(rms_now > onset_floor && rms_previous_ > 1e-6f && (rms_now / rms_previous_) > onset_ratio)
 231              		.loc 1 280 5 view .LVU64
 232 00ac 9FED9A7A 		vldr.32	s14, .L73+20
 233              		.loc 1 280 33 is_stmt 0 view .LVU65
 234 00b0 D7ED086A 		vldr.32	s13, [r7, #32]
 235              		.loc 1 280 5 view .LVU66
 236 00b4 F4EEC77A 		vcmpe.f32	s15, s14
 237 00b8 F1EE10FA 		vmrs	APSR_nzcv, FPSCR
 238 00bc 07DD     		ble	.L12
 239              		.loc 1 280 30 view .LVU67
 240 00be 9FED977A 		vldr.32	s14, .L73+24
 241 00c2 F4EEC76A 		vcmpe.f32	s13, s14
 242 00c6 F1EE10FA 		vmrs	APSR_nzcv, FPSCR
 243 00ca 00F3CF80 		bgt	.L68
 244              	.L12:
 281:src/tuner.cpp ****         attack_until_ms_ = now_ms + attack_hold_ms_;
 282:src/tuner.cpp ****     rms_previous_ = 0.85f * rms_previous_ + 0.15f * rms_now;
 245              		.loc 1 282 5 is_stmt 1 view .LVU68
 246              		.loc 1 282 51 is_stmt 0 view .LVU69
 247 00ce 9FED947A 		vldr.32	s14, .L73+28
 248              		.loc 1 282 43 view .LVU70
 249 00d2 DFED945A 		vldr.32	s11, .L73+32
 250              		.loc 1 282 51 view .LVU71
 251 00d6 27EE877A 		vmul.f32	s14, s15, s14
 283:src/tuner.cpp **** 
 284:src/tuner.cpp ****     if(rms_now < config::kTunerRmsGate)
 252              		.loc 1 284 5 view .LVU72
 253 00da 9FED936A 		vldr.32	s12, .L73+36
 254 00de F4EEC67A 		vcmpe.f32	s15, s12
 282:src/tuner.cpp **** 
ARM GAS  C:\Users\aydan\AppData\Local\Temp\ccEUME1T.s 			page 11


 255              		.loc 1 282 43 view .LVU73
 256 00e2 A6EEA57A 		vfma.f32	s14, s13, s11
 257              		.loc 1 284 5 view .LVU74
 258 00e6 F1EE10FA 		vmrs	APSR_nzcv, FPSCR
 282:src/tuner.cpp **** 
 259              		.loc 1 282 19 view .LVU75
 260 00ea 87ED087A 		vstr.32	s14, [r7, #32]
 261              		.loc 1 284 5 is_stmt 1 view .LVU76
 262 00ee 00F1AE80 		bmi	.L29
 263              	.LBB114:
 285:src/tuner.cpp ****         return false;
 286:src/tuner.cpp **** 
 287:src/tuner.cpp ****     const float fs_ds = config::kSampleRateHz / (float)config::kTunerDecimation;
 288:src/tuner.cpp ****     int min_tau = (int)(fs_ds / config::kTunerMaxFrequencyHz);
 289:src/tuner.cpp ****     int max_tau = (int)(fs_ds / config::kTunerMinFrequencyHz);
 290:src/tuner.cpp ****     min_tau = ClampInt(min_tau, 2, config::kTunerWorkSize - 2);
 291:src/tuner.cpp ****     max_tau = ClampInt(max_tau, min_tau + 2, config::kTunerWorkSize - 2);
 292:src/tuner.cpp **** 
 293:src/tuner.cpp ****     for(int tau = 0; tau <= max_tau; ++tau)
 294:src/tuner.cpp ****         tuner_difference_buffer[tau] = 0.0f;
 264              		.loc 1 294 38 is_stmt 0 view .LVU77
 265 00f2 0021     		movs	r1, #0
 266 00f4 40F2F462 		movw	r2, #1780
 267 00f8 8C48     		ldr	r0, .L73+40
 268              	.LBE114:
 269              	.LBB115:
 295:src/tuner.cpp **** 
 296:src/tuner.cpp ****     for(int tau = 1; tau <= max_tau; ++tau)
 270              		.loc 1 296 13 view .LVU78
 271 00fa 0126     		movs	r6, #1
 272              	.LBE115:
 273              	.LBB123:
 294:src/tuner.cpp **** 
 274              		.loc 1 294 38 view .LVU79
 275 00fc FFF7FEFF 		bl	memset
 276              	.LVL17:
 277 0100 8B48     		ldr	r0, .L73+44
 278 0102 4FEA450C 		lsl	ip, r5, #1
 279 0106 8B49     		ldr	r1, .L73+48
 280 0108 0746     		mov	r7, r0
 281              	.LVL18:
 294:src/tuner.cpp **** 
 282              		.loc 1 294 38 view .LVU80
 283 010a 0CF5805C 		add	ip, ip, #4096
 284              	.L19:
 285              	.LVL19:
 294:src/tuner.cpp **** 
 286              		.loc 1 294 38 view .LVU81
 287              	.LBE123:
 288              	.LBB124:
 289              	.LBB116:
 297:src/tuner.cpp ****     {
 298:src/tuner.cpp ****         float sum = 0.0f;
 290              		.loc 1 298 9 is_stmt 1 view .LVU82
 299:src/tuner.cpp ****         const int limit = config::kTunerWorkSize - tau;
 291              		.loc 1 299 9 view .LVU83
 300:src/tuner.cpp ****         for(int j = 0; j < limit; ++j)
ARM GAS  C:\Users\aydan\AppData\Local\Temp\ccEUME1T.s 			page 12


 292              		.loc 1 300 9 view .LVU84
 293              	.LBB117:
 294              		.loc 1 300 26 view .LVU85
 295 010e ACEB0102 		sub	r2, ip, r1
 296              	.LBE117:
 297              	.LBE116:
 296:src/tuner.cpp ****     {
 298              		.loc 1 296 13 is_stmt 0 view .LVU86
 299 0112 2B46     		mov	r3, r5
 300              	.LBB121:
 298:src/tuner.cpp ****         const int limit = config::kTunerWorkSize - tau;
 301              		.loc 1 298 15 view .LVU87
 302 0114 9FED7B7A 		vldr.32	s14, .L73
 303              	.LVL20:
 304              	.L18:
 305              	.LBB120:
 306              	.LBB118:
 301:src/tuner.cpp ****         {
 302:src/tuner.cpp ****             const float diff = tuner_work_buffer[j] - tuner_work_buffer[j + tau];
 307              		.loc 1 302 13 is_stmt 1 view .LVU88
 308              		.loc 1 302 51 is_stmt 0 view .LVU89
 309 0118 F3EC017A 		vldmia.32	r3!, {s15}
 310              		.loc 1 302 80 view .LVU90
 311 011c F2EC016A 		vldmia.32	r2!, {s13}
 312              	.LBE118:
 300:src/tuner.cpp ****         {
 313              		.loc 1 300 26 view .LVU91
 314 0120 8B42     		cmp	r3, r1
 315              	.LBB119:
 316              		.loc 1 302 25 view .LVU92
 317 0122 77EEE67A 		vsub.f32	s15, s15, s13
 318              	.LVL21:
 303:src/tuner.cpp ****             sum += diff * diff;
 319              		.loc 1 303 13 is_stmt 1 view .LVU93
 320              		.loc 1 303 17 is_stmt 0 view .LVU94
 321 0126 A7EEA77A 		vfma.f32	s14, s15, s15
 322              	.LVL22:
 323              		.loc 1 303 17 view .LVU95
 324              	.LBE119:
 300:src/tuner.cpp ****         {
 325              		.loc 1 300 9 is_stmt 1 view .LVU96
 300:src/tuner.cpp ****         {
 326              		.loc 1 300 26 view .LVU97
 327 012a F5D1     		bne	.L18
 328              	.LBE120:
 304:src/tuner.cpp ****         }
 305:src/tuner.cpp ****         tuner_difference_buffer[tau] = sum;
 329              		.loc 1 305 9 view .LVU98
 330              	.LBE121:
 296:src/tuner.cpp ****     {
 331              		.loc 1 296 5 is_stmt 0 view .LVU99
 332 012c 0136     		adds	r6, r6, #1
 333              	.LVL23:
 296:src/tuner.cpp ****     {
 334              		.loc 1 296 26 view .LVU100
 335 012e 40F2BD12 		movw	r2, #445
 336 0132 191F     		subs	r1, r3, #4
ARM GAS  C:\Users\aydan\AppData\Local\Temp\ccEUME1T.s 			page 13


 337              	.LBB122:
 338              		.loc 1 305 38 view .LVU101
 339 0134 A7EC017A 		vstmia.32	r7!, {s14}
 340              	.LBE122:
 296:src/tuner.cpp ****     {
 341              		.loc 1 296 5 is_stmt 1 view .LVU102
 342              	.LVL24:
 296:src/tuner.cpp ****     {
 343              		.loc 1 296 26 view .LVU103
 344 0138 9642     		cmp	r6, r2
 345 013a E8D1     		bne	.L19
 346              	.LBE124:
 306:src/tuner.cpp ****     }
 307:src/tuner.cpp **** 
 308:src/tuner.cpp ****     tuner_cmnd_buffer[0] = 1.0f;
 347              		.loc 1 308 5 view .LVU104
 348              		.loc 1 308 26 is_stmt 0 view .LVU105
 349 013c 7E4D     		ldr	r5, .L73+52
 350 013e 4FF07E53 		mov	r3, #1065353216
 309:src/tuner.cpp ****     float running_sum = 0.0f;
 351              		.loc 1 309 11 view .LVU106
 352 0142 DFED707A 		vldr.32	s15, .L73
 353              	.LVL25:
 308:src/tuner.cpp ****     float running_sum = 0.0f;
 354              		.loc 1 308 26 view .LVU107
 355 0146 2A46     		mov	r2, r5
 356 0148 7C49     		ldr	r1, .L73+56
 357              	.LVL26:
 308:src/tuner.cpp ****     float running_sum = 0.0f;
 358              		.loc 1 308 26 view .LVU108
 359 014a 42F8043B 		str	r3, [r2], #4	@ float
 360              		.loc 1 309 5 is_stmt 1 view .LVU109
 361              	.LVL27:
 310:src/tuner.cpp ****     for(int tau = 1; tau <= max_tau; ++tau)
 362              		.loc 1 310 5 view .LVU110
 363              	.LBB125:
 364              		.loc 1 310 26 view .LVU111
 365              		.loc 1 310 13 is_stmt 0 view .LVU112
 366 014e 0123     		movs	r3, #1
 367              	.LVL28:
 368              	.L22:
 311:src/tuner.cpp ****     {
 312:src/tuner.cpp ****         running_sum += tuner_difference_buffer[tau];
 369              		.loc 1 312 9 is_stmt 1 view .LVU113
 370              		.loc 1 312 51 is_stmt 0 view .LVU114
 371 0150 F0EC016A 		vldmia.32	r0!, {s13}
 313:src/tuner.cpp ****         tuner_cmnd_buffer[tau] = running_sum > 1e-9f ? tuner_difference_buffer[tau] * (float)tau / 
 372              		.loc 1 313 54 view .LVU115
 373 0154 B7EE007A 		vmov.f32	s14, #1.0e+0
 374 0158 9FED796A 		vldr.32	s12, .L73+60
 312:src/tuner.cpp ****         tuner_cmnd_buffer[tau] = running_sum > 1e-9f ? tuner_difference_buffer[tau] * (float)tau / 
 375              		.loc 1 312 21 view .LVU116
 376 015c 77EEA67A 		vadd.f32	s15, s15, s13
 377              	.LVL29:
 378              		.loc 1 313 9 is_stmt 1 view .LVU117
 379              		.loc 1 313 54 is_stmt 0 view .LVU118
 380 0160 F4EEC67A 		vcmpe.f32	s15, s12
ARM GAS  C:\Users\aydan\AppData\Local\Temp\ccEUME1T.s 			page 14


 381 0164 F1EE10FA 		vmrs	APSR_nzcv, FPSCR
 382 0168 07DD     		ble	.L20
 383              		.loc 1 313 87 view .LVU119
 384 016a 07EE103A 		vmov	s14, r3	@ int
 385 016e B8EEC77A 		vcvt.f32.s32	s14, s14
 386              		.loc 1 313 85 view .LVU120
 387 0172 67EE266A 		vmul.f32	s13, s14, s13
 388              		.loc 1 313 54 view .LVU121
 389 0176 86EEA77A 		vdiv.f32	s14, s13, s15
 390              	.L20:
 310:src/tuner.cpp ****     {
 391              		.loc 1 310 26 view .LVU122
 392 017a 8142     		cmp	r1, r0
 310:src/tuner.cpp ****     {
 393              		.loc 1 310 5 view .LVU123
 394 017c 03F10103 		add	r3, r3, #1
 395              	.LVL30:
 396              		.loc 1 313 32 view .LVU124
 397 0180 A2EC017A 		vstmia.32	r2!, {s14}
 310:src/tuner.cpp ****     {
 398              		.loc 1 310 5 is_stmt 1 view .LVU125
 399              	.LVL31:
 310:src/tuner.cpp ****     {
 400              		.loc 1 310 26 view .LVU126
 401 0184 E4D1     		bne	.L22
 402              	.LBE125:
 314:src/tuner.cpp ****     }
 315:src/tuner.cpp **** 
 316:src/tuner.cpp ****     // Higher strictness lowers the YIN threshold, requiring a clearer period before lock.
 317:src/tuner.cpp ****     const float threshold = 0.22f - 0.12f * ClampFloat(strictness, 0.0f, 1.0f);
 403              		.loc 1 317 5 view .LVU127
 404              	.LVL32:
 405              	.LBB126:
 406              	.LBI126:
  21:src/tuner.cpp **** {
 407              		.loc 1 21 14 view .LVU128
 408              	.LBB127:
  23:src/tuner.cpp **** }
 409              		.loc 1 23 5 view .LVU129
  23:src/tuner.cpp **** }
 410              		.loc 1 23 23 is_stmt 0 view .LVU130
 411 0186 B5EEC08A 		vcmpe.f32	s16, #0
 412 018a F1EE10FA 		vmrs	APSR_nzcv, FPSCR
 413 018e 63D5     		bpl	.L69
 414 0190 9FED6C7A 		vldr.32	s14, .L73+64
 415              	.LVL33:
 416              	.L23:
  23:src/tuner.cpp **** }
 417              		.loc 1 23 23 view .LVU131
 418              	.LBE127:
 419              	.LBE126:
 318:src/tuner.cpp ****     int tau_est = -1;
 420              		.loc 1 318 5 is_stmt 1 view .LVU132
 319:src/tuner.cpp ****     for(int tau = min_tau; tau <= max_tau; ++tau)
 421              		.loc 1 319 5 view .LVU133
 422              	.LBB129:
 423              		.loc 1 319 32 view .LVU134
ARM GAS  C:\Users\aydan\AppData\Local\Temp\ccEUME1T.s 			page 15


 424 0194 6C4A     		ldr	r2, .L73+68
 425              		.loc 1 319 13 is_stmt 0 view .LVU135
 426 0196 0C23     		movs	r3, #12
 427              	.LVL34:
 428              		.loc 1 319 13 view .LVU136
 429 0198 02E0     		b	.L30
 430              	.LVL35:
 431              	.L62:
 432              		.loc 1 319 5 view .LVU137
 433 019a 0133     		adds	r3, r3, #1
 434              	.LVL36:
 435              		.loc 1 319 32 is_stmt 1 view .LVU138
 436 019c 8B42     		cmp	r3, r1
 437 019e 56D0     		beq	.L29
 438              	.LVL37:
 439              	.L30:
 320:src/tuner.cpp ****     {
 321:src/tuner.cpp ****         if(tuner_cmnd_buffer[tau] < threshold)
 440              		.loc 1 321 9 view .LVU139
 319:src/tuner.cpp ****     for(int tau = min_tau; tau <= max_tau; ++tau)
 441              		.loc 1 319 5 view .LVU140
 442              		.loc 1 321 33 is_stmt 0 view .LVU141
 443 01a0 F2EC017A 		vldmia.32	r2!, {s15}
 319:src/tuner.cpp ****     for(int tau = min_tau; tau <= max_tau; ++tau)
 444              		.loc 1 319 32 view .LVU142
 445 01a4 40F2BD11 		movw	r1, #445
 446              		.loc 1 321 9 view .LVU143
 447 01a8 F4EEC77A 		vcmpe.f32	s15, s14
 448 01ac F1EE10FA 		vmrs	APSR_nzcv, FPSCR
 449 01b0 F3D5     		bpl	.L62
 450 01b2 05EB8302 		add	r2, r5, r3, lsl #2
 451 01b6 09E0     		b	.L27
 452              	.L71:
 322:src/tuner.cpp ****         {
 323:src/tuner.cpp ****             while(tau + 1 <= max_tau && tuner_cmnd_buffer[tau + 1] < tuner_cmnd_buffer[tau])
 453              		.loc 1 323 66 view .LVU144
 454 01b8 D2ED017A 		vldr.32	s15, [r2, #4]
 455              		.loc 1 323 91 view .LVU145
 456 01bc B2EC017A 		vldmia.32	r2!, {s14}
 457              		.loc 1 323 38 view .LVU146
 458 01c0 F4EEC77A 		vcmpe.f32	s15, s14
 459 01c4 F1EE10FA 		vmrs	APSR_nzcv, FPSCR
 460 01c8 66D5     		bpl	.L70
 324:src/tuner.cpp ****                 ++tau;
 461              		.loc 1 324 17 view .LVU147
 462 01ca 0B46     		mov	r3, r1
 463              	.LVL38:
 464              	.L27:
 323:src/tuner.cpp ****                 ++tau;
 465              		.loc 1 323 13 is_stmt 1 view .LVU148
 323:src/tuner.cpp ****                 ++tau;
 466              		.loc 1 323 38 view .LVU149
 323:src/tuner.cpp ****                 ++tau;
 467              		.loc 1 323 38 is_stmt 0 view .LVU150
 468 01cc B3F5DE7F 		cmp	r3, #444
 323:src/tuner.cpp ****                 ++tau;
 469              		.loc 1 323 63 view .LVU151
ARM GAS  C:\Users\aydan\AppData\Local\Temp\ccEUME1T.s 			page 16


 470 01d0 03F10101 		add	r1, r3, #1
 323:src/tuner.cpp ****                 ++tau;
 471              		.loc 1 323 38 view .LVU152
 472 01d4 F0DB     		blt	.L71
 473              	.LVL39:
 474              	.L44:
 323:src/tuner.cpp ****                 ++tau;
 475              		.loc 1 323 38 view .LVU153
 476              	.LBE129:
 325:src/tuner.cpp ****             tau_est = tau;
 326:src/tuner.cpp ****             break;
 327:src/tuner.cpp ****         }
 328:src/tuner.cpp ****     }
 329:src/tuner.cpp **** 
 330:src/tuner.cpp ****     if(tau_est < 0)
 331:src/tuner.cpp ****         return false;
 332:src/tuner.cpp **** 
 333:src/tuner.cpp ****     float delta = 0.0f;
 477              		.loc 1 333 11 view .LVU154
 478 01d6 DFED4B7A 		vldr.32	s15, .L73
 479              	.L26:
 480              	.LVL40:
 334:src/tuner.cpp ****     if(tau_est > 1 && tau_est + 1 <= max_tau)
 335:src/tuner.cpp ****         ParabolicDelta(tuner_cmnd_buffer[tau_est - 1], tuner_cmnd_buffer[tau_est], tuner_cmnd_buffe
 336:src/tuner.cpp **** 
 337:src/tuner.cpp ****     const float tau_f = (float)tau_est + delta;
 481              		.loc 1 337 5 is_stmt 1 view .LVU155
 482              		.loc 1 337 17 is_stmt 0 view .LVU156
 483 01da 07EE103A 		vmov	s14, r3	@ int
 338:src/tuner.cpp ****     if(tau_f <= 1.0f)
 484              		.loc 1 338 5 view .LVU157
 485 01de F7EE006A 		vmov.f32	s13, #1.0e+0
 337:src/tuner.cpp ****     if(tau_f <= 1.0f)
 486              		.loc 1 337 17 view .LVU158
 487 01e2 B8EEC77A 		vcvt.f32.s32	s14, s14
 488 01e6 77EE277A 		vadd.f32	s15, s14, s15
 489              	.LVL41:
 490              		.loc 1 338 5 is_stmt 1 view .LVU159
 491 01ea F4EEE67A 		vcmpe.f32	s15, s13
 492 01ee F1EE10FA 		vmrs	APSR_nzcv, FPSCR
 493 01f2 2CD9     		bls	.L29
 339:src/tuner.cpp ****         return false;
 340:src/tuner.cpp **** 
 341:src/tuner.cpp ****     const float freq = fs_ds / tau_f;
 494              		.loc 1 341 5 view .LVU160
 495              		.loc 1 341 17 is_stmt 0 view .LVU161
 496 01f4 DFED555A 		vldr.32	s11, .L73+72
 342:src/tuner.cpp ****     if(freq < config::kTunerMinFrequencyHz || freq > config::kTunerMaxFrequencyHz)
 497              		.loc 1 342 5 view .LVU162
 498 01f8 B3EE0B6A 		vmov.f32	s12, #2.7e+1
 341:src/tuner.cpp ****     if(freq < config::kTunerMinFrequencyHz || freq > config::kTunerMaxFrequencyHz)
 499              		.loc 1 341 17 view .LVU163
 500 01fc 85EEA77A 		vdiv.f32	s14, s11, s15
 501              	.LVL42:
 502              		.loc 1 342 5 is_stmt 1 view .LVU164
 503 0200 B4EEC67A 		vcmpe.f32	s14, s12
 504 0204 F1EE10FA 		vmrs	APSR_nzcv, FPSCR
ARM GAS  C:\Users\aydan\AppData\Local\Temp\ccEUME1T.s 			page 17


 505 0208 21D4     		bmi	.L29
 506              		.loc 1 342 44 is_stmt 0 view .LVU165
 507 020a DFED517A 		vldr.32	s15, .L73+76
 508              	.LVL43:
 509              		.loc 1 342 44 view .LVU166
 510 020e B4EEE77A 		vcmpe.f32	s14, s15
 511 0212 F1EE10FA 		vmrs	APSR_nzcv, FPSCR
 512 0216 1ADC     		bgt	.L29
 343:src/tuner.cpp ****         return false;
 344:src/tuner.cpp **** 
 345:src/tuner.cpp ****     out_freq_hz = freq;
 513              		.loc 1 345 5 is_stmt 1 view .LVU167
 346:src/tuner.cpp ****     out_confidence = ClampFloat(1.0f - tuner_cmnd_buffer[tau_est], 0.0f, 1.0f);
 514              		.loc 1 346 65 is_stmt 0 view .LVU168
 515 0218 05EB8303 		add	r3, r5, r3, lsl #2
 516              	.LVL44:
 345:src/tuner.cpp ****     out_confidence = ClampFloat(1.0f - tuner_cmnd_buffer[tau_est], 0.0f, 1.0f);
 517              		.loc 1 345 17 view .LVU169
 518 021c 84ED007A 		vstr.32	s14, [r4]
 519              	.LVL45:
 520              		.loc 1 346 5 is_stmt 1 view .LVU170
 521              		.loc 1 346 32 is_stmt 0 view .LVU171
 522 0220 D3ED007A 		vldr.32	s15, [r3]
 523 0224 76EEE77A 		vsub.f32	s15, s13, s15
 524              	.LVL46:
 525              	.LBB130:
 526              	.LBI130:
  21:src/tuner.cpp **** {
 527              		.loc 1 21 14 is_stmt 1 view .LVU172
 528              	.LBB131:
  23:src/tuner.cpp **** }
 529              		.loc 1 23 5 view .LVU173
  23:src/tuner.cpp **** }
 530              		.loc 1 23 23 is_stmt 0 view .LVU174
 531 0228 F5EEC07A 		vcmpe.f32	s15, #0
 532 022c F1EE10FA 		vmrs	APSR_nzcv, FPSCR
 533 0230 5DD4     		bmi	.L42
  23:src/tuner.cpp **** }
 534              		.loc 1 23 42 view .LVU175
 535 0232 F4EE667A 		vcmp.f32	s15, s13
 536 0236 F1EE10FA 		vmrs	APSR_nzcv, FPSCR
 537 023a 76FEA77A 		vselgt.f32	s15, s13, s15
 538              	.LVL47:
 539              	.L31:
  23:src/tuner.cpp **** }
 540              		.loc 1 23 42 view .LVU176
 541              	.LBE131:
 542              	.LBE130:
 543              		.loc 1 346 20 view .LVU177
 544 023e 0A9B     		ldr	r3, [sp, #40]
 347:src/tuner.cpp ****     return true;
 545              		.loc 1 347 12 view .LVU178
 546 0240 0120     		movs	r0, #1
 348:src/tuner.cpp **** }
 547              		.loc 1 348 1 view .LVU179
 548 0242 BDEC028B 		vldm	sp!, {d8}
 549              		.cfi_remember_state
ARM GAS  C:\Users\aydan\AppData\Local\Temp\ccEUME1T.s 			page 18


 550              		.cfi_restore 80
 551              		.cfi_restore 81
 552              		.cfi_def_cfa_offset 32
 553              	.LVL48:
 346:src/tuner.cpp ****     return true;
 554              		.loc 1 346 20 view .LVU180
 555 0246 C3ED007A 		vstr.32	s15, [r3]
 347:src/tuner.cpp ****     return true;
 556              		.loc 1 347 5 is_stmt 1 view .LVU181
 557              		.loc 1 348 1 is_stmt 0 view .LVU182
 558 024a BDE8F883 		pop	{r3, r4, r5, r6, r7, r8, r9, pc}
 559              	.LVL49:
 560              	.L29:
 561              		.cfi_restore_state
 562              		.loc 1 348 1 view .LVU183
 563 024e BDEC028B 		vldm	sp!, {d8}
 564              		.cfi_remember_state
 565              		.cfi_restore 80
 566              		.cfi_restore 81
 567              		.cfi_def_cfa_offset 32
 568              	.LVL50:
 285:src/tuner.cpp **** 
 569              		.loc 1 285 16 view .LVU184
 570 0252 0020     		movs	r0, #0
 571              		.loc 1 348 1 view .LVU185
 572 0254 BDE8F883 		pop	{r3, r4, r5, r6, r7, r8, r9, pc}
 573              	.LVL51:
 574              	.L69:
 575              		.cfi_restore_state
 576              	.LBB133:
 577              	.LBB128:
  23:src/tuner.cpp **** }
 578              		.loc 1 23 42 view .LVU186
 579 0258 F7EE007A 		vmov.f32	s15, #1.0e+0
 580              	.LVL52:
  23:src/tuner.cpp **** }
 581              		.loc 1 23 42 view .LVU187
 582 025c B4EEE78A 		vcmpe.f32	s16, s15
 583 0260 F1EE10FA 		vmrs	APSR_nzcv, FPSCR
 584 0264 11DD     		ble	.L72
 585 0266 9FED3B7A 		vldr.32	s14, .L73+80
 586 026a 93E7     		b	.L23
 587              	.LVL53:
 588              	.L68:
  23:src/tuner.cpp **** }
 589              		.loc 1 23 42 view .LVU188
 590              	.LBE128:
 591              	.LBE133:
 280:src/tuner.cpp ****         attack_until_ms_ = now_ms + attack_hold_ms_;
 592              		.loc 1 280 67 view .LVU189
 593 026c 87EEA67A 		vdiv.f32	s14, s15, s13
 280:src/tuner.cpp ****         attack_until_ms_ = now_ms + attack_hold_ms_;
 594              		.loc 1 280 55 view .LVU190
 595 0270 9FED396A 		vldr.32	s12, .L73+84
 596 0274 B4EEC67A 		vcmpe.f32	s14, s12
 597 0278 F1EE10FA 		vmrs	APSR_nzcv, FPSCR
 598 027c 7FF727AF 		ble	.L12
ARM GAS  C:\Users\aydan\AppData\Local\Temp\ccEUME1T.s 			page 19


 281:src/tuner.cpp ****     rms_previous_ = 0.85f * rms_previous_ + 0.15f * rms_now;
 599              		.loc 1 281 9 is_stmt 1 view .LVU191
 281:src/tuner.cpp ****     rms_previous_ = 0.85f * rms_previous_ + 0.15f * rms_now;
 600              		.loc 1 281 35 is_stmt 0 view .LVU192
 601 0280 FB6A     		ldr	r3, [r7, #44]
 602 0282 0B9A     		ldr	r2, [sp, #44]
 603 0284 1344     		add	r3, r3, r2
 281:src/tuner.cpp ****     rms_previous_ = 0.85f * rms_previous_ + 0.15f * rms_now;
 604              		.loc 1 281 26 view .LVU193
 605 0286 7B62     		str	r3, [r7, #36]
 606 0288 21E7     		b	.L12
 607              	.LVL54:
 608              	.L72:
 317:src/tuner.cpp ****     int tau_est = -1;
 609              		.loc 1 317 78 view .LVU194
 610 028a DFED347A 		vldr.32	s15, .L73+88
 611 028e 9FED2D7A 		vldr.32	s14, .L73+64
 612 0292 A8EE677A 		vfms.f32	s14, s16, s15
 613 0296 7DE7     		b	.L23
 614              	.LVL55:
 615              	.L70:
 330:src/tuner.cpp ****         return false;
 616              		.loc 1 330 5 is_stmt 1 view .LVU195
 333:src/tuner.cpp ****     if(tau_est > 1 && tau_est + 1 <= max_tau)
 617              		.loc 1 333 5 view .LVU196
 334:src/tuner.cpp ****         ParabolicDelta(tuner_cmnd_buffer[tau_est - 1], tuner_cmnd_buffer[tau_est], tuner_cmnd_buffe
 618              		.loc 1 334 5 view .LVU197
 335:src/tuner.cpp **** 
 619              		.loc 1 335 9 view .LVU198
 335:src/tuner.cpp **** 
 620              		.loc 1 335 23 is_stmt 0 view .LVU199
 621 0298 05EB8302 		add	r2, r5, r3, lsl #2
 622              	.LBB134:
 623              	.LBB135:
  34:src/tuner.cpp ****     if(fabsf(denom) < 1e-12f)
 624              		.loc 1 34 36 view .LVU200
 625 029c B0EE005A 		vmov.f32	s10, #2.0e+0
  35:src/tuner.cpp ****     {
 626              		.loc 1 35 5 view .LVU201
 627 02a0 DFED2F5A 		vldr.32	s11, .L73+92
 628              	.LBE135:
 629              	.LBE134:
 335:src/tuner.cpp **** 
 630              		.loc 1 335 23 view .LVU202
 631 02a4 52ED016A 		vldr.32	s13, [r2, #-4]
 632              	.LVL56:
 633              	.LBB144:
 634              	.LBI134:
  32:src/tuner.cpp **** {
 635              		.loc 1 32 13 is_stmt 1 view .LVU203
 636              	.LBB142:
  34:src/tuner.cpp ****     if(fabsf(denom) < 1e-12f)
 637              		.loc 1 34 5 view .LVU204
  34:src/tuner.cpp ****     if(fabsf(denom) < 1e-12f)
 638              		.loc 1 34 36 is_stmt 0 view .LVU205
 639 02a8 B0EE666A 		vmov.f32	s12, s13
 640 02ac 97EE056A 		vfnms.f32	s12, s14, s10
ARM GAS  C:\Users\aydan\AppData\Local\Temp\ccEUME1T.s 			page 20


  34:src/tuner.cpp ****     if(fabsf(denom) < 1e-12f)
 641              		.loc 1 34 17 view .LVU206
 642 02b0 36EE676A 		vsub.f32	s12, s12, s15
 643              	.LVL57:
  35:src/tuner.cpp ****     {
 644              		.loc 1 35 5 is_stmt 1 view .LVU207
  35:src/tuner.cpp ****     {
 645              		.loc 1 35 13 is_stmt 0 view .LVU208
 646 02b4 B0EEC67A 		vabs.f32	s14, s12
 647              	.LVL58:
  35:src/tuner.cpp ****     {
 648              		.loc 1 35 5 view .LVU209
 649 02b8 B4EEE57A 		vcmpe.f32	s14, s11
 650 02bc F1EE10FA 		vmrs	APSR_nzcv, FPSCR
 651 02c0 89D4     		bmi	.L44
  40:src/tuner.cpp ****     delta = ClampFloat(delta, -0.5f, 0.5f);
 652              		.loc 1 40 5 is_stmt 1 view .LVU210
  40:src/tuner.cpp ****     delta = ClampFloat(delta, -0.5f, 0.5f);
 653              		.loc 1 40 24 is_stmt 0 view .LVU211
 654 02c2 76EEE77A 		vsub.f32	s15, s13, s15
 655              	.LVL59:
  40:src/tuner.cpp ****     delta = ClampFloat(delta, -0.5f, 0.5f);
 656              		.loc 1 40 18 view .LVU212
 657 02c6 F6EE006A 		vmov.f32	s13, #5.0e-1
 658              	.LVL60:
 659              	.LBB136:
 660              	.LBB137:
  23:src/tuner.cpp **** }
 661              		.loc 1 23 23 view .LVU213
 662 02ca FEEE005A 		vmov.f32	s11, #-5.0e-1
 663              	.LBE137:
 664              	.LBE136:
  40:src/tuner.cpp ****     delta = ClampFloat(delta, -0.5f, 0.5f);
 665              		.loc 1 40 18 view .LVU214
 666 02ce 27EEA67A 		vmul.f32	s14, s15, s13
  40:src/tuner.cpp ****     delta = ClampFloat(delta, -0.5f, 0.5f);
 667              		.loc 1 40 30 view .LVU215
 668 02d2 C7EE067A 		vdiv.f32	s15, s14, s12
  41:src/tuner.cpp **** }
 669              		.loc 1 41 5 is_stmt 1 view .LVU216
 670              	.LVL61:
 671              	.LBB140:
 672              	.LBI136:
  21:src/tuner.cpp **** {
 673              		.loc 1 21 14 view .LVU217
 674              	.LBB138:
  23:src/tuner.cpp **** }
 675              		.loc 1 23 5 view .LVU218
  23:src/tuner.cpp **** }
 676              		.loc 1 23 23 is_stmt 0 view .LVU219
 677 02d6 F4EEE57A 		vcmpe.f32	s15, s11
 678 02da F1EE10FA 		vmrs	APSR_nzcv, FPSCR
 679 02de 09D4     		bmi	.L40
  23:src/tuner.cpp **** }
 680              		.loc 1 23 42 view .LVU220
 681 02e0 F4EE667A 		vcmp.f32	s15, s13
 682 02e4 F1EE10FA 		vmrs	APSR_nzcv, FPSCR
ARM GAS  C:\Users\aydan\AppData\Local\Temp\ccEUME1T.s 			page 21


 683 02e8 76FEA77A 		vselgt.f32	s15, s13, s15
 684              	.LVL62:
  23:src/tuner.cpp **** }
 685              		.loc 1 23 42 view .LVU221
 686 02ec 75E7     		b	.L26
 687              	.LVL63:
 688              	.L42:
  23:src/tuner.cpp **** }
 689              		.loc 1 23 42 view .LVU222
 690              	.LBE138:
 691              	.LBE140:
 692              	.LBE142:
 693              	.LBE144:
 694              	.LBB145:
 695              	.LBB132:
  23:src/tuner.cpp **** }
 696              		.loc 1 23 23 view .LVU223
 697 02ee DFED057A 		vldr.32	s15, .L73
 698              	.LVL64:
  23:src/tuner.cpp **** }
 699              		.loc 1 23 23 view .LVU224
 700 02f2 A4E7     		b	.L31
 701              	.LVL65:
 702              	.L40:
  23:src/tuner.cpp **** }
 703              		.loc 1 23 23 view .LVU225
 704              	.LBE132:
 705              	.LBE145:
 706              	.LBB146:
 707              	.LBB143:
 708              	.LBB141:
 709              	.LBB139:
 710 02f4 F0EE657A 		vmov.f32	s15, s11
 711              	.LVL66:
  23:src/tuner.cpp **** }
 712              		.loc 1 23 23 view .LVU226
 713 02f8 6FE7     		b	.L26
 714              	.LVL67:
 715              	.L58:
  23:src/tuner.cpp **** }
 716              		.loc 1 23 23 view .LVU227
 717              	.LBE139:
 718              	.LBE141:
 719              	.LBE143:
 720              	.LBE146:
 277:src/tuner.cpp ****     const float onset_floor = 0.012f;
 721              		.loc 1 277 32 view .LVU228
 722 02fa FFF7FEFF 		bl	sqrtf
 723              	.LVL68:
 277:src/tuner.cpp ****     const float onset_floor = 0.012f;
 724              		.loc 1 277 32 view .LVU229
 725 02fe F0EE407A 		vmov.f32	s15, s0
 726 0302 D3E6     		b	.L10
 727              	.L74:
 728              		.align	2
 729              	.L73:
 730 0304 00000000 		.word	0
ARM GAS  C:\Users\aydan\AppData\Local\Temp\ccEUME1T.s 			page 22


 731 0308 00000000 		.word	_ZN3app17tuner_work_bufferE
 732 030c 04000000 		.word	.LANCHOR0+4
 733 0310 F1F0F03C 		.word	1022423281
 734 0314 0000803A 		.word	981467136
 735 0318 A69B443C 		.word	1011129254
 736 031c BD378635 		.word	897988541
 737 0320 9A99193E 		.word	1041865114
 738 0324 9A99593F 		.word	1062836634
 739 0328 0AD7233C 		.word	1008981770
 740 032c 00000000 		.word	_ZN3app23tuner_difference_bufferE
 741 0330 04000000 		.word	_ZN3app23tuner_difference_bufferE+4
 742 0334 FC0F0000 		.word	_ZN3app17tuner_work_bufferE+4092
 743 0338 00000000 		.word	_ZN3app17tuner_cmnd_bufferE
 744 033c F4060000 		.word	_ZN3app23tuner_difference_bufferE+1780
 745 0340 5F708930 		.word	814313567
 746 0344 AE47613E 		.word	1046562734
 747 0348 30000000 		.word	_ZN3app17tuner_cmnd_bufferE+48
 748 034c 00803B46 		.word	1178304512
 749 0350 00007A44 		.word	1148846080
 750 0354 CDCCCC3D 		.word	1036831949
 751 0358 3333D33F 		.word	1070805811
 752 035c 8FC2F53D 		.word	1039516303
 753 0360 CCBC8C2B 		.word	730643660
 754 0364 24000000 		.word	.LANCHOR0+36
 755              		.cfi_endproc
 756              	.LFE2595:
 758              		.section	.text._ZN3app12TunerCaptureC2Ev,"ax",%progbits
 759              		.align	1
 760              		.p2align 2,,3
 761              		.global	_ZN3app12TunerCaptureC2Ev
 762              		.syntax unified
 763              		.thumb
 764              		.thumb_func
 765              		.fpu fpv5-d16
 767              	_ZN3app12TunerCaptureC2Ev:
 768              	.LVL69:
 769              	.LFB2564:
  44:src/tuner.cpp **** : write_index_(0),
 770              		.loc 1 44 1 is_stmt 1 view -0
 771              		.cfi_startproc
 772              		@ args = 0, pretend = 0, frame = 0
 773              		@ frame_needed = 0, uses_anonymous_args = 0
 774              		@ link register save eliminated.
 775              	.LBB147:
  46:src/tuner.cpp **** {
 776              		.loc 1 46 27 is_stmt 0 view .LVU231
 777 0000 0022     		movs	r2, #0
  51:src/tuner.cpp ****                          "r"(tuner_work_buffer),
 778              		.loc 1 51 5 view .LVU232
 779 0002 0549     		ldr	r1, .L77
 780 0004 054B     		ldr	r3, .L77+4
 781              	.LBE147:
  44:src/tuner.cpp **** : write_index_(0),
 782              		.loc 1 44 1 view .LVU233
 783 0006 10B4     		push	{r4}
 784              		.cfi_def_cfa_offset 4
 785              		.cfi_offset 4, -4
ARM GAS  C:\Users\aydan\AppData\Local\Temp\ccEUME1T.s 			page 23


 786              	.LBB148:
  46:src/tuner.cpp **** {
 787              		.loc 1 46 27 view .LVU234
 788 0008 C0E90022 		strd	r2, r2, [r0]
  51:src/tuner.cpp ****                          "r"(tuner_work_buffer),
 789              		.loc 1 51 5 is_stmt 1 view .LVU235
 790 000c 044C     		ldr	r4, .L77+8
 791 000e 054A     		ldr	r2, .L77+12
 792              	.LBE148:
  56:src/tuner.cpp **** 
 793              		.loc 1 56 1 is_stmt 0 view .LVU236
 794 0010 5DF8044B 		ldr	r4, [sp], #4
 795              		.cfi_restore 4
 796              		.cfi_def_cfa_offset 0
 797 0014 7047     		bx	lr
 798              	.L78:
 799 0016 00BF     		.align	2
 800              	.L77:
 801 0018 00000000 		.word	_ZN3app18tuner_capture_ringE
 802 001c 00000000 		.word	_ZN3app23tuner_difference_bufferE
 803 0020 00000000 		.word	_ZN3app17tuner_work_bufferE
 804 0024 00000000 		.word	_ZN3app17tuner_cmnd_bufferE
 805              		.cfi_endproc
 806              	.LFE2564:
 808              		.global	_ZN3app12TunerCaptureC1Ev
 809              		.thumb_set _ZN3app12TunerCaptureC1Ev,_ZN3app12TunerCaptureC2Ev
 810              		.section	.text._ZN3app12TunerCapture4InitEv,"ax",%progbits
 811              		.align	1
 812              		.p2align 2,,3
 813              		.global	_ZN3app12TunerCapture4InitEv
 814              		.syntax unified
 815              		.thumb
 816              		.thumb_func
 817              		.fpu fpv5-d16
 819              	_ZN3app12TunerCapture4InitEv:
 820              	.LVL70:
 821              	.LFB2566:
  59:src/tuner.cpp ****     for(int i = 0; i < config::kTunerCaptureRingSize; ++i)
 822              		.loc 1 59 1 is_stmt 1 view -0
 823              		.cfi_startproc
 824              		@ args = 0, pretend = 0, frame = 0
 825              		@ frame_needed = 0, uses_anonymous_args = 0
  60:src/tuner.cpp ****         tuner_capture_ring[i] = 0.0f;
 826              		.loc 1 60 5 view .LVU238
 827              	.LBB149:
  60:src/tuner.cpp ****         tuner_capture_ring[i] = 0.0f;
 828              		.loc 1 60 22 view .LVU239
 829              	.LBE149:
  59:src/tuner.cpp ****     for(int i = 0; i < config::kTunerCaptureRingSize; ++i)
 830              		.loc 1 59 1 is_stmt 0 view .LVU240
 831 0000 10B5     		push	{r4, lr}
 832              		.cfi_def_cfa_offset 8
 833              		.cfi_offset 4, -8
 834              		.cfi_offset 14, -4
 835              	.LBB150:
  61:src/tuner.cpp ****     write_index_ = 0;
 836              		.loc 1 61 31 view .LVU241
ARM GAS  C:\Users\aydan\AppData\Local\Temp\ccEUME1T.s 			page 24


 837 0002 4FF40042 		mov	r2, #32768
 838              	.LBE150:
  59:src/tuner.cpp ****     for(int i = 0; i < config::kTunerCaptureRingSize; ++i)
 839              		.loc 1 59 1 view .LVU242
 840 0006 0446     		mov	r4, r0
 841              	.LBB151:
  61:src/tuner.cpp ****     write_index_ = 0;
 842              		.loc 1 61 31 view .LVU243
 843 0008 0021     		movs	r1, #0
 844 000a 0448     		ldr	r0, .L81
 845              	.LVL71:
  61:src/tuner.cpp ****     write_index_ = 0;
 846              		.loc 1 61 31 view .LVU244
 847 000c FFF7FEFF 		bl	memset
 848              	.LVL72:
  61:src/tuner.cpp ****     write_index_ = 0;
 849              		.loc 1 61 31 view .LVU245
 850              	.LBE151:
  62:src/tuner.cpp ****     __atomic_store_n(&completed_write_index_, 0u, __ATOMIC_RELEASE);
 851              		.loc 1 62 5 is_stmt 1 view .LVU246
  62:src/tuner.cpp ****     __atomic_store_n(&completed_write_index_, 0u, __ATOMIC_RELEASE);
 852              		.loc 1 62 18 is_stmt 0 view .LVU247
 853 0010 0023     		movs	r3, #0
 854 0012 2360     		str	r3, [r4]
  63:src/tuner.cpp **** }
 855              		.loc 1 63 5 is_stmt 1 view .LVU248
  63:src/tuner.cpp **** }
 856              		.loc 1 63 21 is_stmt 0 view .LVU249
 857 0014 BFF35B8F 		dmb	ish
 858 0018 6360     		str	r3, [r4, #4]
  64:src/tuner.cpp **** 
 859              		.loc 1 64 1 view .LVU250
 860 001a 10BD     		pop	{r4, pc}
 861              	.LVL73:
 862              	.L82:
  64:src/tuner.cpp **** 
 863              		.loc 1 64 1 view .LVU251
 864              		.align	2
 865              	.L81:
 866 001c 00000000 		.word	_ZN3app18tuner_capture_ringE
 867              		.cfi_endproc
 868              	.LFE2566:
 870              		.section	.text._ZN3app12TunerCapture10WriteBlockEPKfj,"ax",%progbits
 871              		.align	1
 872              		.p2align 2,,3
 873              		.global	_ZN3app12TunerCapture10WriteBlockEPKfj
 874              		.syntax unified
 875              		.thumb
 876              		.thumb_func
 877              		.fpu fpv5-d16
 879              	_ZN3app12TunerCapture10WriteBlockEPKfj:
 880              	.LVL74:
 881              	.LFB2567:
  68:src/tuner.cpp ****     uint32_t wr = write_index_;
 882              		.loc 1 68 1 is_stmt 1 view -0
 883              		.cfi_startproc
 884              		@ args = 0, pretend = 0, frame = 0
ARM GAS  C:\Users\aydan\AppData\Local\Temp\ccEUME1T.s 			page 25


 885              		@ frame_needed = 0, uses_anonymous_args = 0
 886              		@ link register save eliminated.
  69:src/tuner.cpp ****     for(size_t i = 0; i < size; ++i)
 887              		.loc 1 69 5 view .LVU253
  69:src/tuner.cpp ****     for(size_t i = 0; i < size; ++i)
 888              		.loc 1 69 14 is_stmt 0 view .LVU254
 889 0000 0368     		ldr	r3, [r0]
 890              	.LVL75:
  70:src/tuner.cpp ****     {
 891              		.loc 1 70 5 is_stmt 1 view .LVU255
 892              	.LBB152:
  70:src/tuner.cpp ****     {
 893              		.loc 1 70 25 view .LVU256
 894              	.LBE152:
  68:src/tuner.cpp ****     uint32_t wr = write_index_;
 895              		.loc 1 68 1 is_stmt 0 view .LVU257
 896 0002 30B4     		push	{r4, r5}
 897              		.cfi_def_cfa_offset 8
 898              		.cfi_offset 4, -8
 899              		.cfi_offset 5, -4
 900              	.LBB153:
  70:src/tuner.cpp ****     {
 901              		.loc 1 70 25 view .LVU258
 902 0004 92B1     		cbz	r2, .L86
 903 0006 9C18     		adds	r4, r3, r2
 904 0008 094D     		ldr	r5, .L89
 905              	.LVL76:
 906              	.L85:
  72:src/tuner.cpp ****         ++wr;
 907              		.loc 1 72 9 is_stmt 1 discriminator 2 view .LVU259
  72:src/tuner.cpp ****         ++wr;
 908              		.loc 1 72 31 is_stmt 0 discriminator 2 view .LVU260
 909 000a C3F30C02 		ubfx	r2, r3, #0, #13
  73:src/tuner.cpp ****     }
 910              		.loc 1 73 9 discriminator 2 view .LVU261
 911 000e 0133     		adds	r3, r3, #1
 912              	.LVL77:
  72:src/tuner.cpp ****         ++wr;
 913              		.loc 1 72 81 discriminator 2 view .LVU262
 914 0010 51F804CB 		ldr	ip, [r1], #4	@ float
  72:src/tuner.cpp ****         ++wr;
 915              		.loc 1 72 70 discriminator 2 view .LVU263
 916 0014 05EB8202 		add	r2, r5, r2, lsl #2
  70:src/tuner.cpp ****     {
 917              		.loc 1 70 25 discriminator 2 view .LVU264
 918 0018 A342     		cmp	r3, r4
  72:src/tuner.cpp ****         ++wr;
 919              		.loc 1 72 70 discriminator 2 view .LVU265
 920 001a C2F800C0 		str	ip, [r2]	@ float
  73:src/tuner.cpp ****     }
 921              		.loc 1 73 9 is_stmt 1 discriminator 2 view .LVU266
 922              	.LVL78:
  70:src/tuner.cpp ****     {
 923              		.loc 1 70 5 discriminator 2 view .LVU267
  70:src/tuner.cpp ****     {
 924              		.loc 1 70 25 discriminator 2 view .LVU268
 925 001e F4D1     		bne	.L85
ARM GAS  C:\Users\aydan\AppData\Local\Temp\ccEUME1T.s 			page 26


 926              	.L84:
  70:src/tuner.cpp ****     {
 927              		.loc 1 70 25 is_stmt 0 discriminator 2 view .LVU269
 928              	.LBE153:
  75:src/tuner.cpp ****     __atomic_store_n(&completed_write_index_, wr, __ATOMIC_RELEASE);
 929              		.loc 1 75 5 is_stmt 1 view .LVU270
  75:src/tuner.cpp ****     __atomic_store_n(&completed_write_index_, wr, __ATOMIC_RELEASE);
 930              		.loc 1 75 18 is_stmt 0 view .LVU271
 931 0020 0460     		str	r4, [r0]
  76:src/tuner.cpp **** }
 932              		.loc 1 76 5 is_stmt 1 view .LVU272
  76:src/tuner.cpp **** }
 933              		.loc 1 76 21 is_stmt 0 view .LVU273
 934 0022 BFF35B8F 		dmb	ish
 935 0026 4460     		str	r4, [r0, #4]
  77:src/tuner.cpp **** 
 936              		.loc 1 77 1 view .LVU274
 937 0028 30BC     		pop	{r4, r5}
 938              		.cfi_remember_state
 939              		.cfi_restore 5
 940              		.cfi_restore 4
 941              		.cfi_def_cfa_offset 0
 942 002a 7047     		bx	lr
 943              	.LVL79:
 944              	.L86:
 945              		.cfi_restore_state
  69:src/tuner.cpp ****     for(size_t i = 0; i < size; ++i)
 946              		.loc 1 69 14 view .LVU275
 947 002c 1C46     		mov	r4, r3
 948 002e F7E7     		b	.L84
 949              	.L90:
 950              		.align	2
 951              	.L89:
 952 0030 00000000 		.word	_ZN3app18tuner_capture_ringE
 953              		.cfi_endproc
 954              	.LFE2567:
 956              		.section	.text._ZNK3app12TunerCapture19CompletedWriteIndexEv,"ax",%progbits
 957              		.align	1
 958              		.p2align 2,,3
 959              		.global	_ZNK3app12TunerCapture19CompletedWriteIndexEv
 960              		.syntax unified
 961              		.thumb
 962              		.thumb_func
 963              		.fpu fpv5-d16
 965              	_ZNK3app12TunerCapture19CompletedWriteIndexEv:
 966              	.LVL80:
 967              	.LFB2568:
  80:src/tuner.cpp ****     return __atomic_load_n(&completed_write_index_, __ATOMIC_ACQUIRE);
 968              		.loc 1 80 1 is_stmt 1 view -0
 969              		.cfi_startproc
 970              		@ args = 0, pretend = 0, frame = 0
 971              		@ frame_needed = 0, uses_anonymous_args = 0
 972              		@ link register save eliminated.
  81:src/tuner.cpp **** }
 973              		.loc 1 81 5 view .LVU277
  81:src/tuner.cpp **** }
 974              		.loc 1 81 69 is_stmt 0 view .LVU278
ARM GAS  C:\Users\aydan\AppData\Local\Temp\ccEUME1T.s 			page 27


 975 0000 4068     		ldr	r0, [r0, #4]
 976              	.LVL81:
  81:src/tuner.cpp **** }
 977              		.loc 1 81 69 view .LVU279
 978 0002 BFF35B8F 		dmb	ish
  82:src/tuner.cpp **** 
 979              		.loc 1 82 1 view .LVU280
 980 0006 7047     		bx	lr
 981              		.cfi_endproc
 982              	.LFE2568:
 984              		.section	.text._ZNK3app12TunerCapture18CopyAnalysisWindowEPfi,"ax",%progbits
 985              		.align	1
 986              		.p2align 2,,3
 987              		.global	_ZNK3app12TunerCapture18CopyAnalysisWindowEPfi
 988              		.syntax unified
 989              		.thumb
 990              		.thumb_func
 991              		.fpu fpv5-d16
 993              	_ZNK3app12TunerCapture18CopyAnalysisWindowEPfi:
 994              	.LVL82:
 995              	.LFB2569:
  87:src/tuner.cpp ****     if(!out || count <= 0 || count > config::kTunerCaptureRingSize || count > config::kTunerSourceW
 996              		.loc 1 87 1 is_stmt 1 view -0
 997              		.cfi_startproc
 998              		@ args = 0, pretend = 0, frame = 0
 999              		@ frame_needed = 0, uses_anonymous_args = 0
  88:src/tuner.cpp ****         return false;
 1000              		.loc 1 88 5 view .LVU282
  88:src/tuner.cpp ****         return false;
 1001              		.loc 1 88 22 is_stmt 0 view .LVU283
 1002 0000 531E     		subs	r3, r2, #1
  88:src/tuner.cpp ****         return false;
 1003              		.loc 1 88 68 view .LVU284
 1004 0002 B3F5805F 		cmp	r3, #4096
 1005 0006 03D2     		bcs	.L100
 1006 0008 B1FA81F3 		clz	r3, r1
 1007 000c 5B09     		lsrs	r3, r3, #5
 1008 000e 09B9     		cbnz	r1, .L93
 1009              	.L100:
  89:src/tuner.cpp **** 
 1010              		.loc 1 89 16 view .LVU285
 1011 0010 0020     		movs	r0, #0
 1012              	.LVL83:
 110:src/tuner.cpp **** 
 1013              		.loc 1 110 1 view .LVU286
 1014 0012 7047     		bx	lr
 1015              	.LVL84:
 1016              	.L93:
  91:src/tuner.cpp ****     if(required >= (uint32_t)config::kTunerCaptureRingSize)
 1017              		.loc 1 91 5 is_stmt 1 view .LVU287
  92:src/tuner.cpp ****         return false;
 1018              		.loc 1 92 5 view .LVU288
  95:src/tuner.cpp ****     if(completed < required)
 1019              		.loc 1 95 5 view .LVU289
 1020              	.LBB154:
 1021              	.LBI154:
  79:src/tuner.cpp **** {
ARM GAS  C:\Users\aydan\AppData\Local\Temp\ccEUME1T.s 			page 28


 1022              		.loc 1 79 10 view .LVU290
 1023              	.LBB155:
  81:src/tuner.cpp **** }
 1024              		.loc 1 81 5 view .LVU291
 1025              	.LBE155:
 1026              	.LBE154:
  87:src/tuner.cpp ****     if(!out || count <= 0 || count > config::kTunerCaptureRingSize || count > config::kTunerSourceW
 1027              		.loc 1 87 1 is_stmt 0 view .LVU292
 1028 0014 70B5     		push	{r4, r5, r6, lr}
 1029              		.cfi_def_cfa_offset 16
 1030              		.cfi_offset 4, -16
 1031              		.cfi_offset 5, -12
 1032              		.cfi_offset 6, -8
 1033              		.cfi_offset 14, -4
  91:src/tuner.cpp ****     if(required >= (uint32_t)config::kTunerCaptureRingSize)
 1034              		.loc 1 91 20 view .LVU293
 1035 0016 02F58075 		add	r5, r2, #256
 1036              	.LVL85:
 1037              	.LBB157:
 1038              	.LBB156:
  81:src/tuner.cpp **** }
 1039              		.loc 1 81 69 view .LVU294
 1040 001a 4668     		ldr	r6, [r0, #4]
 1041 001c BFF35B8F 		dmb	ish
 1042              	.LVL86:
  81:src/tuner.cpp **** }
 1043              		.loc 1 81 69 view .LVU295
 1044              	.LBE156:
 1045              	.LBE157:
  96:src/tuner.cpp ****         return false;
 1046              		.loc 1 96 5 is_stmt 1 view .LVU296
 1047 0020 B542     		cmp	r5, r6
 1048 0022 1CD8     		bhi	.L96
  99:src/tuner.cpp ****     const uint32_t start = end - (uint32_t)count;
 1049              		.loc 1 99 5 view .LVU297
  99:src/tuner.cpp ****     const uint32_t start = end - (uint32_t)count;
 1050              		.loc 1 99 20 is_stmt 0 view .LVU298
 1051 0024 A6F58076 		sub	r6, r6, #256
 1052              	.LVL87:
 100:src/tuner.cpp ****     const uint32_t mask = config::kTunerCaptureRingSize - 1;
 1053              		.loc 1 100 5 is_stmt 1 view .LVU299
 1054 0028 8C46     		mov	ip, r1
 1055 002a 0E4D     		ldr	r5, .L102
 1056              	.LVL88:
 1057              	.LBB158:
 102:src/tuner.cpp ****         out[i] = tuner_capture_ring[(start + (uint32_t)i) & mask];
 1058              		.loc 1 102 13 is_stmt 0 view .LVU300
 1059 002c 1946     		mov	r1, r3
 1060              	.LVL89:
 102:src/tuner.cpp ****         out[i] = tuner_capture_ring[(start + (uint32_t)i) & mask];
 1061              		.loc 1 102 13 view .LVU301
 1062              	.LBE158:
 100:src/tuner.cpp ****     const uint32_t mask = config::kTunerCaptureRingSize - 1;
 1063              		.loc 1 100 20 view .LVU302
 1064 002e B41A     		subs	r4, r6, r2
 1065              	.LVL90:
 101:src/tuner.cpp ****     for(int i = 0; i < count; ++i)
ARM GAS  C:\Users\aydan\AppData\Local\Temp\ccEUME1T.s 			page 29


 1066              		.loc 1 101 5 is_stmt 1 view .LVU303
 102:src/tuner.cpp ****         out[i] = tuner_capture_ring[(start + (uint32_t)i) & mask];
 1067              		.loc 1 102 5 view .LVU304
 1068              	.LBB159:
 102:src/tuner.cpp ****         out[i] = tuner_capture_ring[(start + (uint32_t)i) & mask];
 1069              		.loc 1 102 22 view .LVU305
 1070              	.L97:
 103:src/tuner.cpp **** 
 1071              		.loc 1 103 9 discriminator 2 view .LVU306
 103:src/tuner.cpp **** 
 1072              		.loc 1 103 59 is_stmt 0 discriminator 2 view .LVU307
 1073 0030 0B19     		adds	r3, r1, r4
 102:src/tuner.cpp ****         out[i] = tuner_capture_ring[(start + (uint32_t)i) & mask];
 1074              		.loc 1 102 5 discriminator 2 view .LVU308
 1075 0032 0131     		adds	r1, r1, #1
 1076              	.LVL91:
 103:src/tuner.cpp **** 
 1077              		.loc 1 103 59 discriminator 2 view .LVU309
 1078 0034 41F6FF7E 		movw	lr, #8191
 1079 0038 C3F30C03 		ubfx	r3, r3, #0, #13
 102:src/tuner.cpp ****         out[i] = tuner_capture_ring[(start + (uint32_t)i) & mask];
 1080              		.loc 1 102 22 discriminator 2 view .LVU310
 1081 003c 8A42     		cmp	r2, r1
 103:src/tuner.cpp **** 
 1082              		.loc 1 103 65 discriminator 2 view .LVU311
 1083 003e 05EB8303 		add	r3, r5, r3, lsl #2
 1084 0042 1B68     		ldr	r3, [r3]	@ float
 103:src/tuner.cpp **** 
 1085              		.loc 1 103 16 discriminator 2 view .LVU312
 1086 0044 4CF8043B 		str	r3, [ip], #4	@ float
 102:src/tuner.cpp ****         out[i] = tuner_capture_ring[(start + (uint32_t)i) & mask];
 1087              		.loc 1 102 5 is_stmt 1 discriminator 2 view .LVU313
 1088              	.LVL92:
 102:src/tuner.cpp ****         out[i] = tuner_capture_ring[(start + (uint32_t)i) & mask];
 1089              		.loc 1 102 22 discriminator 2 view .LVU314
 1090 0048 F2DC     		bgt	.L97
 1091              	.LBE159:
 105:src/tuner.cpp ****     if((uint32_t)(after - start) >= (uint32_t)config::kTunerCaptureRingSize)
 1092              		.loc 1 105 5 view .LVU315
 1093              	.LVL93:
 1094              	.LBB160:
 1095              	.LBI160:
  79:src/tuner.cpp **** {
 1096              		.loc 1 79 10 view .LVU316
 1097              	.LBB161:
  81:src/tuner.cpp **** }
 1098              		.loc 1 81 5 view .LVU317
  81:src/tuner.cpp **** }
 1099              		.loc 1 81 69 is_stmt 0 view .LVU318
 1100 004a 4368     		ldr	r3, [r0, #4]
 1101              	.LBE161:
 1102              	.LBE160:
 106:src/tuner.cpp ****         return false;
 1103              		.loc 1 106 25 view .LVU319
 1104 004c 901B     		subs	r0, r2, r6
 1105              	.LVL94:
 1106              	.LBB163:
ARM GAS  C:\Users\aydan\AppData\Local\Temp\ccEUME1T.s 			page 30


 1107              	.LBB162:
  81:src/tuner.cpp **** }
 1108              		.loc 1 81 69 view .LVU320
 1109 004e BFF35B8F 		dmb	ish
 1110              	.LVL95:
  81:src/tuner.cpp **** }
 1111              		.loc 1 81 69 view .LVU321
 1112              	.LBE162:
 1113              	.LBE163:
 106:src/tuner.cpp ****         return false;
 1114              		.loc 1 106 5 is_stmt 1 view .LVU322
 106:src/tuner.cpp ****         return false;
 1115              		.loc 1 106 25 is_stmt 0 view .LVU323
 1116 0052 1844     		add	r0, r0, r3
 106:src/tuner.cpp ****         return false;
 1117              		.loc 1 106 5 view .LVU324
 1118 0054 7045     		cmp	r0, lr
 1119 0056 8CBF     		ite	hi
 1120 0058 0020     		movhi	r0, #0
 1121 005a 0120     		movls	r0, #1
 110:src/tuner.cpp **** 
 1122              		.loc 1 110 1 view .LVU325
 1123 005c 70BD     		pop	{r4, r5, r6, pc}
 1124              	.LVL96:
 1125              	.L96:
  89:src/tuner.cpp **** 
 1126              		.loc 1 89 16 view .LVU326
 1127 005e 0020     		movs	r0, #0
 1128              	.LVL97:
 110:src/tuner.cpp **** 
 1129              		.loc 1 110 1 view .LVU327
 1130 0060 70BD     		pop	{r4, r5, r6, pc}
 1131              	.LVL98:
 1132              	.L103:
 110:src/tuner.cpp **** 
 1133              		.loc 1 110 1 view .LVU328
 1134 0062 00BF     		.align	2
 1135              	.L102:
 1136 0064 00000000 		.word	_ZN3app18tuner_capture_ringE
 1137              		.cfi_endproc
 1138              	.LFE2569:
 1140              		.section	.text._ZN3app13TunerAnalyzerC2Ev,"ax",%progbits
 1141              		.align	1
 1142              		.p2align 2,,3
 1143              		.global	_ZN3app13TunerAnalyzerC2Ev
 1144              		.syntax unified
 1145              		.thumb
 1146              		.thumb_func
 1147              		.fpu fpv5-d16
 1149              	_ZN3app13TunerAnalyzerC2Ev:
 1150              	.LVL99:
 1151              	.LFB2571:
 112:src/tuner.cpp **** : freq_history_{0.0f, 0.0f, 0.0f, 0.0f, 0.0f},
 1152              		.loc 1 112 1 is_stmt 1 view -0
 1153              		.cfi_startproc
 1154              		@ args = 0, pretend = 0, frame = 0
 1155              		@ frame_needed = 0, uses_anonymous_args = 0
ARM GAS  C:\Users\aydan\AppData\Local\Temp\ccEUME1T.s 			page 31


 1156              		@ link register save eliminated.
 1157              	.LBB164:
 121:src/tuner.cpp **** {
 1158              		.loc 1 121 18 is_stmt 0 view .LVU330
 1159 0000 0022     		movs	r2, #0
 1160 0002 0021     		movs	r1, #0
 1161              	.LBE164:
 112:src/tuner.cpp **** : freq_history_{0.0f, 0.0f, 0.0f, 0.0f, 0.0f},
 1162              		.loc 1 112 1 view .LVU331
 1163 0004 10B4     		push	{r4}
 1164              		.cfi_def_cfa_offset 4
 1165              		.cfi_offset 4, -4
 1166              	.LBB165:
 121:src/tuner.cpp **** {
 1167              		.loc 1 121 18 view .LVU332
 1168 0006 7824     		movs	r4, #120
 1169 0008 8161     		str	r1, [r0, #24]	@ float
 1170 000a C161     		str	r1, [r0, #28]	@ float
 1171 000c C462     		str	r4, [r0, #44]
 1172 000e 0162     		str	r1, [r0, #32]	@ float
 1173              	.LBE165:
 123:src/tuner.cpp **** 
 1174              		.loc 1 123 1 view .LVU333
 1175 0010 5DF8044B 		ldr	r4, [sp], #4
 1176              		.cfi_restore 4
 1177              		.cfi_def_cfa_offset 0
 1178              	.LBB166:
 121:src/tuner.cpp **** {
 1179              		.loc 1 121 18 view .LVU334
 1180 0014 80F83020 		strb	r2, [r0, #48]
 1181 0018 C0E90022 		strd	r2, r2, [r0]
 1182 001c C0E90222 		strd	r2, r2, [r0, #8]
 1183 0020 C0E90422 		strd	r2, r2, [r0, #16]
 1184 0024 C0E90922 		strd	r2, r2, [r0, #36]
 1185              	.LBE166:
 123:src/tuner.cpp **** 
 1186              		.loc 1 123 1 view .LVU335
 1187 0028 7047     		bx	lr
 1188              		.cfi_endproc
 1189              	.LFE2571:
 1191              		.global	_ZN3app13TunerAnalyzerC1Ev
 1192              		.thumb_set _ZN3app13TunerAnalyzerC1Ev,_ZN3app13TunerAnalyzerC2Ev
 1193 002a 00BF     		.section	.text._ZN3app13TunerAnalyzer5ResetEm,"ax",%progbits
 1194              		.align	1
 1195              		.p2align 2,,3
 1196              		.global	_ZN3app13TunerAnalyzer5ResetEm
 1197              		.syntax unified
 1198              		.thumb
 1199              		.thumb_func
 1200              		.fpu fpv5-d16
 1202              	_ZN3app13TunerAnalyzer5ResetEm:
 1203              	.LVL100:
 1204              	.LFB2573:
 126:src/tuner.cpp ****     for(int i = 0; i < 5; ++i)
 1205              		.loc 1 126 1 is_stmt 1 view -0
 1206              		.cfi_startproc
 1207              		@ args = 0, pretend = 0, frame = 0
ARM GAS  C:\Users\aydan\AppData\Local\Temp\ccEUME1T.s 			page 32


 1208              		@ frame_needed = 0, uses_anonymous_args = 0
 1209              		@ link register save eliminated.
 127:src/tuner.cpp ****         freq_history_[i] = 0.0f;
 1210              		.loc 1 127 5 view .LVU337
 1211              	.LBB168:
 127:src/tuner.cpp ****         freq_history_[i] = 0.0f;
 1212              		.loc 1 127 22 view .LVU338
 128:src/tuner.cpp ****     freq_history_count_ = 0;
 1213              		.loc 1 128 9 view .LVU339
 128:src/tuner.cpp ****     freq_history_count_ = 0;
 1214              		.loc 1 128 26 is_stmt 0 view .LVU340
 1215 0000 0023     		movs	r3, #0
 1216              	.LBE168:
 129:src/tuner.cpp ****     tracked_freq_ = 0.0f;
 1217              		.loc 1 129 25 view .LVU341
 1218 0002 0022     		movs	r2, #0
 133:src/tuner.cpp ****     last_lock_ms_ = 0;
 1219              		.loc 1 133 31 view .LVU342
 1220 0004 7831     		adds	r1, r1, #120
 1221              	.LVL101:
 1222              	.LBB169:
 128:src/tuner.cpp ****     freq_history_count_ = 0;
 1223              		.loc 1 128 26 view .LVU343
 1224 0006 0360     		str	r3, [r0]	@ float
 127:src/tuner.cpp ****         freq_history_[i] = 0.0f;
 1225              		.loc 1 127 5 is_stmt 1 view .LVU344
 1226              	.LVL102:
 127:src/tuner.cpp ****         freq_history_[i] = 0.0f;
 1227              		.loc 1 127 22 view .LVU345
 128:src/tuner.cpp ****     freq_history_count_ = 0;
 1228              		.loc 1 128 9 view .LVU346
 128:src/tuner.cpp ****     freq_history_count_ = 0;
 1229              		.loc 1 128 26 is_stmt 0 view .LVU347
 1230 0008 4360     		str	r3, [r0, #4]	@ float
 127:src/tuner.cpp ****         freq_history_[i] = 0.0f;
 1231              		.loc 1 127 5 is_stmt 1 view .LVU348
 1232              	.LVL103:
 127:src/tuner.cpp ****         freq_history_[i] = 0.0f;
 1233              		.loc 1 127 22 view .LVU349
 128:src/tuner.cpp ****     freq_history_count_ = 0;
 1234              		.loc 1 128 9 view .LVU350
 128:src/tuner.cpp ****     freq_history_count_ = 0;
 1235              		.loc 1 128 26 is_stmt 0 view .LVU351
 1236 000a 8360     		str	r3, [r0, #8]	@ float
 127:src/tuner.cpp ****         freq_history_[i] = 0.0f;
 1237              		.loc 1 127 5 is_stmt 1 view .LVU352
 1238              	.LVL104:
 127:src/tuner.cpp ****         freq_history_[i] = 0.0f;
 1239              		.loc 1 127 22 view .LVU353
 128:src/tuner.cpp ****     freq_history_count_ = 0;
 1240              		.loc 1 128 9 view .LVU354
 128:src/tuner.cpp ****     freq_history_count_ = 0;
 1241              		.loc 1 128 26 is_stmt 0 view .LVU355
 1242 000c C360     		str	r3, [r0, #12]	@ float
 127:src/tuner.cpp ****         freq_history_[i] = 0.0f;
 1243              		.loc 1 127 5 is_stmt 1 view .LVU356
 1244              	.LVL105:
ARM GAS  C:\Users\aydan\AppData\Local\Temp\ccEUME1T.s 			page 33


 127:src/tuner.cpp ****         freq_history_[i] = 0.0f;
 1245              		.loc 1 127 22 view .LVU357
 128:src/tuner.cpp ****     freq_history_count_ = 0;
 1246              		.loc 1 128 9 view .LVU358
 128:src/tuner.cpp ****     freq_history_count_ = 0;
 1247              		.loc 1 128 26 is_stmt 0 view .LVU359
 1248 000e 0361     		str	r3, [r0, #16]	@ float
 127:src/tuner.cpp ****         freq_history_[i] = 0.0f;
 1249              		.loc 1 127 5 is_stmt 1 view .LVU360
 1250              	.LVL106:
 127:src/tuner.cpp ****         freq_history_[i] = 0.0f;
 1251              		.loc 1 127 22 view .LVU361
 1252              	.LBE169:
 129:src/tuner.cpp ****     tracked_freq_ = 0.0f;
 1253              		.loc 1 129 5 view .LVU362
 129:src/tuner.cpp ****     tracked_freq_ = 0.0f;
 1254              		.loc 1 129 25 is_stmt 0 view .LVU363
 1255 0010 4261     		str	r2, [r0, #20]
 130:src/tuner.cpp ****     last_valid_freq_ = 0.0f;
 1256              		.loc 1 130 5 is_stmt 1 view .LVU364
 130:src/tuner.cpp ****     last_valid_freq_ = 0.0f;
 1257              		.loc 1 130 19 is_stmt 0 view .LVU365
 1258 0012 8361     		str	r3, [r0, #24]	@ float
 131:src/tuner.cpp ****     rms_previous_ = 0.0f;
 1259              		.loc 1 131 5 is_stmt 1 view .LVU366
 131:src/tuner.cpp ****     rms_previous_ = 0.0f;
 1260              		.loc 1 131 22 is_stmt 0 view .LVU367
 1261 0014 C361     		str	r3, [r0, #28]	@ float
 132:src/tuner.cpp ****     attack_until_ms_ = now_ms + config::kTunerDefaultAttackMs;
 1262              		.loc 1 132 5 is_stmt 1 view .LVU368
 132:src/tuner.cpp ****     attack_until_ms_ = now_ms + config::kTunerDefaultAttackMs;
 1263              		.loc 1 132 19 is_stmt 0 view .LVU369
 1264 0016 0362     		str	r3, [r0, #32]	@ float
 133:src/tuner.cpp ****     last_lock_ms_ = 0;
 1265              		.loc 1 133 5 is_stmt 1 view .LVU370
 136:src/tuner.cpp **** }
 1266              		.loc 1 136 15 is_stmt 0 view .LVU371
 1267 0018 80F83020 		strb	r2, [r0, #48]
 126:src/tuner.cpp ****     for(int i = 0; i < 5; ++i)
 1268              		.loc 1 126 1 view .LVU372
 1269 001c 10B4     		push	{r4}
 1270              		.cfi_def_cfa_offset 4
 1271              		.cfi_offset 4, -4
 135:src/tuner.cpp ****     has_lock_ = false;
 1272              		.loc 1 135 21 view .LVU373
 1273 001e 7824     		movs	r4, #120
 134:src/tuner.cpp ****     attack_hold_ms_ = config::kTunerDefaultAttackMs;
 1274              		.loc 1 134 19 view .LVU374
 1275 0020 C0E90912 		strd	r1, r2, [r0, #36]
 135:src/tuner.cpp ****     has_lock_ = false;
 1276              		.loc 1 135 5 is_stmt 1 view .LVU375
 135:src/tuner.cpp ****     has_lock_ = false;
 1277              		.loc 1 135 21 is_stmt 0 view .LVU376
 1278 0024 C462     		str	r4, [r0, #44]
 136:src/tuner.cpp **** }
 1279              		.loc 1 136 5 is_stmt 1 view .LVU377
 137:src/tuner.cpp **** 
ARM GAS  C:\Users\aydan\AppData\Local\Temp\ccEUME1T.s 			page 34


 1280              		.loc 1 137 1 is_stmt 0 view .LVU378
 1281 0026 5DF8044B 		ldr	r4, [sp], #4
 1282              		.cfi_restore 4
 1283              		.cfi_def_cfa_offset 0
 1284 002a 7047     		bx	lr
 1285              		.cfi_endproc
 1286              	.LFE2573:
 1288              		.section	.rodata._ZN3app13TunerAnalyzer15FrequencyToNoteEfPcjRf.str1.4,"aMS",%progbits,1
 1289              		.align	2
 1290              	.LC0:
 1291 0000 2D2D00   		.ascii	"--\000"
 1292 0003 00       		.align	2
 1293              	.LC1:
 1294 0004 25732564 		.ascii	"%s%d\000"
 1294      00
 1295              		.section	.text._ZN3app13TunerAnalyzer15FrequencyToNoteEfPcjRf,"ax",%progbits
 1296              		.align	1
 1297              		.p2align 2,,3
 1298              		.global	_ZN3app13TunerAnalyzer15FrequencyToNoteEfPcjRf
 1299              		.syntax unified
 1300              		.thumb
 1301              		.thumb_func
 1302              		.fpu fpv5-d16
 1304              	_ZN3app13TunerAnalyzer15FrequencyToNoteEfPcjRf:
 1305              	.LVL107:
 1306              	.LFB2575:
 221:src/tuner.cpp ****     if(freq_hz <= 0.0f)
 1307              		.loc 1 221 1 is_stmt 1 view -0
 1308              		.cfi_startproc
 1309              		@ args = 0, pretend = 0, frame = 0
 1310              		@ frame_needed = 0, uses_anonymous_args = 0
 222:src/tuner.cpp ****     {
 1311              		.loc 1 222 5 view .LVU380
 1312 0000 B5EEC00A 		vcmpe.f32	s0, #0
 221:src/tuner.cpp ****     if(freq_hz <= 0.0f)
 1313              		.loc 1 221 1 is_stmt 0 view .LVU381
 1314 0004 F0B5     		push	{r4, r5, r6, r7, lr}
 1315              		.cfi_def_cfa_offset 20
 1316              		.cfi_offset 4, -20
 1317              		.cfi_offset 5, -16
 1318              		.cfi_offset 6, -12
 1319              		.cfi_offset 7, -8
 1320              		.cfi_offset 14, -4
 222:src/tuner.cpp ****     {
 1321              		.loc 1 222 5 view .LVU382
 1322 0006 F1EE10FA 		vmrs	APSR_nzcv, FPSCR
 221:src/tuner.cpp ****     if(freq_hz <= 0.0f)
 1323              		.loc 1 221 1 view .LVU383
 1324 000a 1546     		mov	r5, r2
 1325 000c 2DED028B 		vpush.64	{d8}
 1326              		.cfi_def_cfa_offset 28
 1327              		.cfi_offset 80, -28
 1328              		.cfi_offset 81, -24
 1329 0010 83B0     		sub	sp, sp, #12
 1330              		.cfi_def_cfa_offset 40
 222:src/tuner.cpp ****     {
 1331              		.loc 1 222 5 view .LVU384
ARM GAS  C:\Users\aydan\AppData\Local\Temp\ccEUME1T.s 			page 35


 1332 0012 44D9     		bls	.L115
 229:src/tuner.cpp ****     const int midi_n = (int)std::round(midi_f);
 1333              		.loc 1 229 5 is_stmt 1 view .LVU385
 1334              	.LVL108:
 1335              	.LBB170:
 1336              	.LBI170:
 1337              		.file 2 "c:\\program files\\daisytoolchain\\arm-none-eabi\\include\\c++\\10.2.1\\cmath"
   1:c:\program files\daisytoolchain\arm-none-eabi\include\c++\10.2.1\cmath **** // -*- C++ -*- C forwarding header.
   2:c:\program files\daisytoolchain\arm-none-eabi\include\c++\10.2.1\cmath **** 
   3:c:\program files\daisytoolchain\arm-none-eabi\include\c++\10.2.1\cmath **** // Copyright (C) 1997-2020 Free Software Foundation, Inc.
   4:c:\program files\daisytoolchain\arm-none-eabi\include\c++\10.2.1\cmath **** //
   5:c:\program files\daisytoolchain\arm-none-eabi\include\c++\10.2.1\cmath **** // This file is part of the GNU ISO C++ Library.  This library is free
   6:c:\program files\daisytoolchain\arm-none-eabi\include\c++\10.2.1\cmath **** // software; you can redistribute it and/or modify it under the
   7:c:\program files\daisytoolchain\arm-none-eabi\include\c++\10.2.1\cmath **** // terms of the GNU General Public License as published by the
   8:c:\program files\daisytoolchain\arm-none-eabi\include\c++\10.2.1\cmath **** // Free Software Foundation; either version 3, or (at your option)
   9:c:\program files\daisytoolchain\arm-none-eabi\include\c++\10.2.1\cmath **** // any later version.
  10:c:\program files\daisytoolchain\arm-none-eabi\include\c++\10.2.1\cmath **** 
  11:c:\program files\daisytoolchain\arm-none-eabi\include\c++\10.2.1\cmath **** // This library is distributed in the hope that it will be useful,
  12:c:\program files\daisytoolchain\arm-none-eabi\include\c++\10.2.1\cmath **** // but WITHOUT ANY WARRANTY; without even the implied warranty of
  13:c:\program files\daisytoolchain\arm-none-eabi\include\c++\10.2.1\cmath **** // MERCHANTABILITY or FITNESS FOR A PARTICULAR PURPOSE.  See the
  14:c:\program files\daisytoolchain\arm-none-eabi\include\c++\10.2.1\cmath **** // GNU General Public License for more details.
  15:c:\program files\daisytoolchain\arm-none-eabi\include\c++\10.2.1\cmath **** 
  16:c:\program files\daisytoolchain\arm-none-eabi\include\c++\10.2.1\cmath **** // Under Section 7 of GPL version 3, you are granted additional
  17:c:\program files\daisytoolchain\arm-none-eabi\include\c++\10.2.1\cmath **** // permissions described in the GCC Runtime Library Exception, version
  18:c:\program files\daisytoolchain\arm-none-eabi\include\c++\10.2.1\cmath **** // 3.1, as published by the Free Software Foundation.
  19:c:\program files\daisytoolchain\arm-none-eabi\include\c++\10.2.1\cmath **** 
  20:c:\program files\daisytoolchain\arm-none-eabi\include\c++\10.2.1\cmath **** // You should have received a copy of the GNU General Public License and
  21:c:\program files\daisytoolchain\arm-none-eabi\include\c++\10.2.1\cmath **** // a copy of the GCC Runtime Library Exception along with this program;
  22:c:\program files\daisytoolchain\arm-none-eabi\include\c++\10.2.1\cmath **** // see the files COPYING3 and COPYING.RUNTIME respectively.  If not, see
  23:c:\program files\daisytoolchain\arm-none-eabi\include\c++\10.2.1\cmath **** // <http://www.gnu.org/licenses/>.
  24:c:\program files\daisytoolchain\arm-none-eabi\include\c++\10.2.1\cmath **** 
  25:c:\program files\daisytoolchain\arm-none-eabi\include\c++\10.2.1\cmath **** /** @file include/cmath
  26:c:\program files\daisytoolchain\arm-none-eabi\include\c++\10.2.1\cmath ****  *  This is a Standard C++ Library file.  You should @c \#include this file
  27:c:\program files\daisytoolchain\arm-none-eabi\include\c++\10.2.1\cmath ****  *  in your programs, rather than any of the @a *.h implementation files.
  28:c:\program files\daisytoolchain\arm-none-eabi\include\c++\10.2.1\cmath ****  *
  29:c:\program files\daisytoolchain\arm-none-eabi\include\c++\10.2.1\cmath ****  *  This is the C++ version of the Standard C Library header @c math.h,
  30:c:\program files\daisytoolchain\arm-none-eabi\include\c++\10.2.1\cmath ****  *  and its contents are (mostly) the same as that header, but are all
  31:c:\program files\daisytoolchain\arm-none-eabi\include\c++\10.2.1\cmath ****  *  contained in the namespace @c std (except for names which are defined
  32:c:\program files\daisytoolchain\arm-none-eabi\include\c++\10.2.1\cmath ****  *  as macros in C).
  33:c:\program files\daisytoolchain\arm-none-eabi\include\c++\10.2.1\cmath ****  */
  34:c:\program files\daisytoolchain\arm-none-eabi\include\c++\10.2.1\cmath **** 
  35:c:\program files\daisytoolchain\arm-none-eabi\include\c++\10.2.1\cmath **** //
  36:c:\program files\daisytoolchain\arm-none-eabi\include\c++\10.2.1\cmath **** // ISO C++ 14882: 26.5  C library
  37:c:\program files\daisytoolchain\arm-none-eabi\include\c++\10.2.1\cmath **** //
  38:c:\program files\daisytoolchain\arm-none-eabi\include\c++\10.2.1\cmath **** 
  39:c:\program files\daisytoolchain\arm-none-eabi\include\c++\10.2.1\cmath **** #pragma GCC system_header
  40:c:\program files\daisytoolchain\arm-none-eabi\include\c++\10.2.1\cmath **** 
  41:c:\program files\daisytoolchain\arm-none-eabi\include\c++\10.2.1\cmath **** #include <bits/c++config.h>
  42:c:\program files\daisytoolchain\arm-none-eabi\include\c++\10.2.1\cmath **** #include <bits/cpp_type_traits.h>
  43:c:\program files\daisytoolchain\arm-none-eabi\include\c++\10.2.1\cmath **** #include <ext/type_traits.h>
  44:c:\program files\daisytoolchain\arm-none-eabi\include\c++\10.2.1\cmath **** #define _GLIBCXX_INCLUDE_NEXT_C_HEADERS
  45:c:\program files\daisytoolchain\arm-none-eabi\include\c++\10.2.1\cmath **** #include_next <math.h>
  46:c:\program files\daisytoolchain\arm-none-eabi\include\c++\10.2.1\cmath **** #undef _GLIBCXX_INCLUDE_NEXT_C_HEADERS
  47:c:\program files\daisytoolchain\arm-none-eabi\include\c++\10.2.1\cmath **** #include <bits/std_abs.h>
  48:c:\program files\daisytoolchain\arm-none-eabi\include\c++\10.2.1\cmath **** 
  49:c:\program files\daisytoolchain\arm-none-eabi\include\c++\10.2.1\cmath **** #ifndef _GLIBCXX_CMATH
  50:c:\program files\daisytoolchain\arm-none-eabi\include\c++\10.2.1\cmath **** #define _GLIBCXX_CMATH 1
ARM GAS  C:\Users\aydan\AppData\Local\Temp\ccEUME1T.s 			page 36


  51:c:\program files\daisytoolchain\arm-none-eabi\include\c++\10.2.1\cmath **** 
  52:c:\program files\daisytoolchain\arm-none-eabi\include\c++\10.2.1\cmath **** // Get rid of those macros defined in <math.h> in lieu of real functions.
  53:c:\program files\daisytoolchain\arm-none-eabi\include\c++\10.2.1\cmath **** #undef div
  54:c:\program files\daisytoolchain\arm-none-eabi\include\c++\10.2.1\cmath **** #undef acos
  55:c:\program files\daisytoolchain\arm-none-eabi\include\c++\10.2.1\cmath **** #undef asin
  56:c:\program files\daisytoolchain\arm-none-eabi\include\c++\10.2.1\cmath **** #undef atan
  57:c:\program files\daisytoolchain\arm-none-eabi\include\c++\10.2.1\cmath **** #undef atan2
  58:c:\program files\daisytoolchain\arm-none-eabi\include\c++\10.2.1\cmath **** #undef ceil
  59:c:\program files\daisytoolchain\arm-none-eabi\include\c++\10.2.1\cmath **** #undef cos
  60:c:\program files\daisytoolchain\arm-none-eabi\include\c++\10.2.1\cmath **** #undef cosh
  61:c:\program files\daisytoolchain\arm-none-eabi\include\c++\10.2.1\cmath **** #undef exp
  62:c:\program files\daisytoolchain\arm-none-eabi\include\c++\10.2.1\cmath **** #undef fabs
  63:c:\program files\daisytoolchain\arm-none-eabi\include\c++\10.2.1\cmath **** #undef floor
  64:c:\program files\daisytoolchain\arm-none-eabi\include\c++\10.2.1\cmath **** #undef fmod
  65:c:\program files\daisytoolchain\arm-none-eabi\include\c++\10.2.1\cmath **** #undef frexp
  66:c:\program files\daisytoolchain\arm-none-eabi\include\c++\10.2.1\cmath **** #undef ldexp
  67:c:\program files\daisytoolchain\arm-none-eabi\include\c++\10.2.1\cmath **** #undef log
  68:c:\program files\daisytoolchain\arm-none-eabi\include\c++\10.2.1\cmath **** #undef log10
  69:c:\program files\daisytoolchain\arm-none-eabi\include\c++\10.2.1\cmath **** #undef modf
  70:c:\program files\daisytoolchain\arm-none-eabi\include\c++\10.2.1\cmath **** #undef pow
  71:c:\program files\daisytoolchain\arm-none-eabi\include\c++\10.2.1\cmath **** #undef sin
  72:c:\program files\daisytoolchain\arm-none-eabi\include\c++\10.2.1\cmath **** #undef sinh
  73:c:\program files\daisytoolchain\arm-none-eabi\include\c++\10.2.1\cmath **** #undef sqrt
  74:c:\program files\daisytoolchain\arm-none-eabi\include\c++\10.2.1\cmath **** #undef tan
  75:c:\program files\daisytoolchain\arm-none-eabi\include\c++\10.2.1\cmath **** #undef tanh
  76:c:\program files\daisytoolchain\arm-none-eabi\include\c++\10.2.1\cmath **** 
  77:c:\program files\daisytoolchain\arm-none-eabi\include\c++\10.2.1\cmath **** extern "C++"
  78:c:\program files\daisytoolchain\arm-none-eabi\include\c++\10.2.1\cmath **** {
  79:c:\program files\daisytoolchain\arm-none-eabi\include\c++\10.2.1\cmath **** namespace std _GLIBCXX_VISIBILITY(default)
  80:c:\program files\daisytoolchain\arm-none-eabi\include\c++\10.2.1\cmath **** {
  81:c:\program files\daisytoolchain\arm-none-eabi\include\c++\10.2.1\cmath **** _GLIBCXX_BEGIN_NAMESPACE_VERSION
  82:c:\program files\daisytoolchain\arm-none-eabi\include\c++\10.2.1\cmath **** 
  83:c:\program files\daisytoolchain\arm-none-eabi\include\c++\10.2.1\cmath ****   using ::acos;
  84:c:\program files\daisytoolchain\arm-none-eabi\include\c++\10.2.1\cmath **** 
  85:c:\program files\daisytoolchain\arm-none-eabi\include\c++\10.2.1\cmath **** #ifndef __CORRECT_ISO_CPP_MATH_H_PROTO
  86:c:\program files\daisytoolchain\arm-none-eabi\include\c++\10.2.1\cmath ****   inline _GLIBCXX_CONSTEXPR float
  87:c:\program files\daisytoolchain\arm-none-eabi\include\c++\10.2.1\cmath ****   acos(float __x)
  88:c:\program files\daisytoolchain\arm-none-eabi\include\c++\10.2.1\cmath ****   { return __builtin_acosf(__x); }
  89:c:\program files\daisytoolchain\arm-none-eabi\include\c++\10.2.1\cmath **** 
  90:c:\program files\daisytoolchain\arm-none-eabi\include\c++\10.2.1\cmath ****   inline _GLIBCXX_CONSTEXPR long double
  91:c:\program files\daisytoolchain\arm-none-eabi\include\c++\10.2.1\cmath ****   acos(long double __x)
  92:c:\program files\daisytoolchain\arm-none-eabi\include\c++\10.2.1\cmath ****   { return __builtin_acosl(__x); }
  93:c:\program files\daisytoolchain\arm-none-eabi\include\c++\10.2.1\cmath **** #endif
  94:c:\program files\daisytoolchain\arm-none-eabi\include\c++\10.2.1\cmath **** 
  95:c:\program files\daisytoolchain\arm-none-eabi\include\c++\10.2.1\cmath ****   template<typename _Tp>
  96:c:\program files\daisytoolchain\arm-none-eabi\include\c++\10.2.1\cmath ****     inline _GLIBCXX_CONSTEXPR
  97:c:\program files\daisytoolchain\arm-none-eabi\include\c++\10.2.1\cmath ****     typename __gnu_cxx::__enable_if<__is_integer<_Tp>::__value, 
  98:c:\program files\daisytoolchain\arm-none-eabi\include\c++\10.2.1\cmath ****                                     double>::__type
  99:c:\program files\daisytoolchain\arm-none-eabi\include\c++\10.2.1\cmath ****     acos(_Tp __x)
 100:c:\program files\daisytoolchain\arm-none-eabi\include\c++\10.2.1\cmath ****     { return __builtin_acos(__x); }
 101:c:\program files\daisytoolchain\arm-none-eabi\include\c++\10.2.1\cmath **** 
 102:c:\program files\daisytoolchain\arm-none-eabi\include\c++\10.2.1\cmath ****   using ::asin;
 103:c:\program files\daisytoolchain\arm-none-eabi\include\c++\10.2.1\cmath **** 
 104:c:\program files\daisytoolchain\arm-none-eabi\include\c++\10.2.1\cmath **** #ifndef __CORRECT_ISO_CPP_MATH_H_PROTO
 105:c:\program files\daisytoolchain\arm-none-eabi\include\c++\10.2.1\cmath ****   inline _GLIBCXX_CONSTEXPR float
 106:c:\program files\daisytoolchain\arm-none-eabi\include\c++\10.2.1\cmath ****   asin(float __x)
 107:c:\program files\daisytoolchain\arm-none-eabi\include\c++\10.2.1\cmath ****   { return __builtin_asinf(__x); }
ARM GAS  C:\Users\aydan\AppData\Local\Temp\ccEUME1T.s 			page 37


 108:c:\program files\daisytoolchain\arm-none-eabi\include\c++\10.2.1\cmath **** 
 109:c:\program files\daisytoolchain\arm-none-eabi\include\c++\10.2.1\cmath ****   inline _GLIBCXX_CONSTEXPR long double
 110:c:\program files\daisytoolchain\arm-none-eabi\include\c++\10.2.1\cmath ****   asin(long double __x)
 111:c:\program files\daisytoolchain\arm-none-eabi\include\c++\10.2.1\cmath ****   { return __builtin_asinl(__x); }
 112:c:\program files\daisytoolchain\arm-none-eabi\include\c++\10.2.1\cmath **** #endif
 113:c:\program files\daisytoolchain\arm-none-eabi\include\c++\10.2.1\cmath **** 
 114:c:\program files\daisytoolchain\arm-none-eabi\include\c++\10.2.1\cmath ****   template<typename _Tp>
 115:c:\program files\daisytoolchain\arm-none-eabi\include\c++\10.2.1\cmath ****     inline _GLIBCXX_CONSTEXPR
 116:c:\program files\daisytoolchain\arm-none-eabi\include\c++\10.2.1\cmath ****     typename __gnu_cxx::__enable_if<__is_integer<_Tp>::__value,
 117:c:\program files\daisytoolchain\arm-none-eabi\include\c++\10.2.1\cmath ****                                     double>::__type
 118:c:\program files\daisytoolchain\arm-none-eabi\include\c++\10.2.1\cmath ****     asin(_Tp __x)
 119:c:\program files\daisytoolchain\arm-none-eabi\include\c++\10.2.1\cmath ****     { return __builtin_asin(__x); }
 120:c:\program files\daisytoolchain\arm-none-eabi\include\c++\10.2.1\cmath **** 
 121:c:\program files\daisytoolchain\arm-none-eabi\include\c++\10.2.1\cmath ****   using ::atan;
 122:c:\program files\daisytoolchain\arm-none-eabi\include\c++\10.2.1\cmath **** 
 123:c:\program files\daisytoolchain\arm-none-eabi\include\c++\10.2.1\cmath **** #ifndef __CORRECT_ISO_CPP_MATH_H_PROTO
 124:c:\program files\daisytoolchain\arm-none-eabi\include\c++\10.2.1\cmath ****   inline _GLIBCXX_CONSTEXPR float
 125:c:\program files\daisytoolchain\arm-none-eabi\include\c++\10.2.1\cmath ****   atan(float __x)
 126:c:\program files\daisytoolchain\arm-none-eabi\include\c++\10.2.1\cmath ****   { return __builtin_atanf(__x); }
 127:c:\program files\daisytoolchain\arm-none-eabi\include\c++\10.2.1\cmath **** 
 128:c:\program files\daisytoolchain\arm-none-eabi\include\c++\10.2.1\cmath ****   inline _GLIBCXX_CONSTEXPR long double
 129:c:\program files\daisytoolchain\arm-none-eabi\include\c++\10.2.1\cmath ****   atan(long double __x)
 130:c:\program files\daisytoolchain\arm-none-eabi\include\c++\10.2.1\cmath ****   { return __builtin_atanl(__x); }
 131:c:\program files\daisytoolchain\arm-none-eabi\include\c++\10.2.1\cmath **** #endif
 132:c:\program files\daisytoolchain\arm-none-eabi\include\c++\10.2.1\cmath **** 
 133:c:\program files\daisytoolchain\arm-none-eabi\include\c++\10.2.1\cmath ****   template<typename _Tp>
 134:c:\program files\daisytoolchain\arm-none-eabi\include\c++\10.2.1\cmath ****     inline _GLIBCXX_CONSTEXPR
 135:c:\program files\daisytoolchain\arm-none-eabi\include\c++\10.2.1\cmath ****     typename __gnu_cxx::__enable_if<__is_integer<_Tp>::__value,
 136:c:\program files\daisytoolchain\arm-none-eabi\include\c++\10.2.1\cmath ****                                     double>::__type
 137:c:\program files\daisytoolchain\arm-none-eabi\include\c++\10.2.1\cmath ****     atan(_Tp __x)
 138:c:\program files\daisytoolchain\arm-none-eabi\include\c++\10.2.1\cmath ****     { return __builtin_atan(__x); }
 139:c:\program files\daisytoolchain\arm-none-eabi\include\c++\10.2.1\cmath **** 
 140:c:\program files\daisytoolchain\arm-none-eabi\include\c++\10.2.1\cmath ****   using ::atan2;
 141:c:\program files\daisytoolchain\arm-none-eabi\include\c++\10.2.1\cmath **** 
 142:c:\program files\daisytoolchain\arm-none-eabi\include\c++\10.2.1\cmath **** #ifndef __CORRECT_ISO_CPP_MATH_H_PROTO
 143:c:\program files\daisytoolchain\arm-none-eabi\include\c++\10.2.1\cmath ****   inline _GLIBCXX_CONSTEXPR float
 144:c:\program files\daisytoolchain\arm-none-eabi\include\c++\10.2.1\cmath ****   atan2(float __y, float __x)
 145:c:\program files\daisytoolchain\arm-none-eabi\include\c++\10.2.1\cmath ****   { return __builtin_atan2f(__y, __x); }
 146:c:\program files\daisytoolchain\arm-none-eabi\include\c++\10.2.1\cmath **** 
 147:c:\program files\daisytoolchain\arm-none-eabi\include\c++\10.2.1\cmath ****   inline _GLIBCXX_CONSTEXPR long double
 148:c:\program files\daisytoolchain\arm-none-eabi\include\c++\10.2.1\cmath ****   atan2(long double __y, long double __x)
 149:c:\program files\daisytoolchain\arm-none-eabi\include\c++\10.2.1\cmath ****   { return __builtin_atan2l(__y, __x); }
 150:c:\program files\daisytoolchain\arm-none-eabi\include\c++\10.2.1\cmath **** #endif
 151:c:\program files\daisytoolchain\arm-none-eabi\include\c++\10.2.1\cmath **** 
 152:c:\program files\daisytoolchain\arm-none-eabi\include\c++\10.2.1\cmath ****   template<typename _Tp, typename _Up>
 153:c:\program files\daisytoolchain\arm-none-eabi\include\c++\10.2.1\cmath ****     inline _GLIBCXX_CONSTEXPR
 154:c:\program files\daisytoolchain\arm-none-eabi\include\c++\10.2.1\cmath ****     typename __gnu_cxx::__promote_2<_Tp, _Up>::__type
 155:c:\program files\daisytoolchain\arm-none-eabi\include\c++\10.2.1\cmath ****     atan2(_Tp __y, _Up __x)
 156:c:\program files\daisytoolchain\arm-none-eabi\include\c++\10.2.1\cmath ****     {
 157:c:\program files\daisytoolchain\arm-none-eabi\include\c++\10.2.1\cmath ****       typedef typename __gnu_cxx::__promote_2<_Tp, _Up>::__type __type;
 158:c:\program files\daisytoolchain\arm-none-eabi\include\c++\10.2.1\cmath ****       return atan2(__type(__y), __type(__x));
 159:c:\program files\daisytoolchain\arm-none-eabi\include\c++\10.2.1\cmath ****     }
 160:c:\program files\daisytoolchain\arm-none-eabi\include\c++\10.2.1\cmath **** 
 161:c:\program files\daisytoolchain\arm-none-eabi\include\c++\10.2.1\cmath ****   using ::ceil;
 162:c:\program files\daisytoolchain\arm-none-eabi\include\c++\10.2.1\cmath **** 
 163:c:\program files\daisytoolchain\arm-none-eabi\include\c++\10.2.1\cmath **** #ifndef __CORRECT_ISO_CPP_MATH_H_PROTO
 164:c:\program files\daisytoolchain\arm-none-eabi\include\c++\10.2.1\cmath ****   inline _GLIBCXX_CONSTEXPR float
ARM GAS  C:\Users\aydan\AppData\Local\Temp\ccEUME1T.s 			page 38


 165:c:\program files\daisytoolchain\arm-none-eabi\include\c++\10.2.1\cmath ****   ceil(float __x)
 166:c:\program files\daisytoolchain\arm-none-eabi\include\c++\10.2.1\cmath ****   { return __builtin_ceilf(__x); }
 167:c:\program files\daisytoolchain\arm-none-eabi\include\c++\10.2.1\cmath **** 
 168:c:\program files\daisytoolchain\arm-none-eabi\include\c++\10.2.1\cmath ****   inline _GLIBCXX_CONSTEXPR long double
 169:c:\program files\daisytoolchain\arm-none-eabi\include\c++\10.2.1\cmath ****   ceil(long double __x)
 170:c:\program files\daisytoolchain\arm-none-eabi\include\c++\10.2.1\cmath ****   { return __builtin_ceill(__x); }
 171:c:\program files\daisytoolchain\arm-none-eabi\include\c++\10.2.1\cmath **** #endif
 172:c:\program files\daisytoolchain\arm-none-eabi\include\c++\10.2.1\cmath **** 
 173:c:\program files\daisytoolchain\arm-none-eabi\include\c++\10.2.1\cmath ****   template<typename _Tp>
 174:c:\program files\daisytoolchain\arm-none-eabi\include\c++\10.2.1\cmath ****     inline _GLIBCXX_CONSTEXPR
 175:c:\program files\daisytoolchain\arm-none-eabi\include\c++\10.2.1\cmath ****     typename __gnu_cxx::__enable_if<__is_integer<_Tp>::__value, 
 176:c:\program files\daisytoolchain\arm-none-eabi\include\c++\10.2.1\cmath ****                                     double>::__type
 177:c:\program files\daisytoolchain\arm-none-eabi\include\c++\10.2.1\cmath ****     ceil(_Tp __x)
 178:c:\program files\daisytoolchain\arm-none-eabi\include\c++\10.2.1\cmath ****     { return __builtin_ceil(__x); }
 179:c:\program files\daisytoolchain\arm-none-eabi\include\c++\10.2.1\cmath **** 
 180:c:\program files\daisytoolchain\arm-none-eabi\include\c++\10.2.1\cmath ****   using ::cos;
 181:c:\program files\daisytoolchain\arm-none-eabi\include\c++\10.2.1\cmath **** 
 182:c:\program files\daisytoolchain\arm-none-eabi\include\c++\10.2.1\cmath **** #ifndef __CORRECT_ISO_CPP_MATH_H_PROTO
 183:c:\program files\daisytoolchain\arm-none-eabi\include\c++\10.2.1\cmath ****   inline _GLIBCXX_CONSTEXPR float
 184:c:\program files\daisytoolchain\arm-none-eabi\include\c++\10.2.1\cmath ****   cos(float __x)
 185:c:\program files\daisytoolchain\arm-none-eabi\include\c++\10.2.1\cmath ****   { return __builtin_cosf(__x); }
 186:c:\program files\daisytoolchain\arm-none-eabi\include\c++\10.2.1\cmath **** 
 187:c:\program files\daisytoolchain\arm-none-eabi\include\c++\10.2.1\cmath ****   inline _GLIBCXX_CONSTEXPR long double
 188:c:\program files\daisytoolchain\arm-none-eabi\include\c++\10.2.1\cmath ****   cos(long double __x)
 189:c:\program files\daisytoolchain\arm-none-eabi\include\c++\10.2.1\cmath ****   { return __builtin_cosl(__x); }
 190:c:\program files\daisytoolchain\arm-none-eabi\include\c++\10.2.1\cmath **** #endif
 191:c:\program files\daisytoolchain\arm-none-eabi\include\c++\10.2.1\cmath **** 
 192:c:\program files\daisytoolchain\arm-none-eabi\include\c++\10.2.1\cmath ****   template<typename _Tp>
 193:c:\program files\daisytoolchain\arm-none-eabi\include\c++\10.2.1\cmath ****     inline _GLIBCXX_CONSTEXPR
 194:c:\program files\daisytoolchain\arm-none-eabi\include\c++\10.2.1\cmath ****     typename __gnu_cxx::__enable_if<__is_integer<_Tp>::__value,
 195:c:\program files\daisytoolchain\arm-none-eabi\include\c++\10.2.1\cmath ****                                     double>::__type
 196:c:\program files\daisytoolchain\arm-none-eabi\include\c++\10.2.1\cmath ****     cos(_Tp __x)
 197:c:\program files\daisytoolchain\arm-none-eabi\include\c++\10.2.1\cmath ****     { return __builtin_cos(__x); }
 198:c:\program files\daisytoolchain\arm-none-eabi\include\c++\10.2.1\cmath **** 
 199:c:\program files\daisytoolchain\arm-none-eabi\include\c++\10.2.1\cmath ****   using ::cosh;
 200:c:\program files\daisytoolchain\arm-none-eabi\include\c++\10.2.1\cmath **** 
 201:c:\program files\daisytoolchain\arm-none-eabi\include\c++\10.2.1\cmath **** #ifndef __CORRECT_ISO_CPP_MATH_H_PROTO
 202:c:\program files\daisytoolchain\arm-none-eabi\include\c++\10.2.1\cmath ****   inline _GLIBCXX_CONSTEXPR float
 203:c:\program files\daisytoolchain\arm-none-eabi\include\c++\10.2.1\cmath ****   cosh(float __x)
 204:c:\program files\daisytoolchain\arm-none-eabi\include\c++\10.2.1\cmath ****   { return __builtin_coshf(__x); }
 205:c:\program files\daisytoolchain\arm-none-eabi\include\c++\10.2.1\cmath **** 
 206:c:\program files\daisytoolchain\arm-none-eabi\include\c++\10.2.1\cmath ****   inline _GLIBCXX_CONSTEXPR long double
 207:c:\program files\daisytoolchain\arm-none-eabi\include\c++\10.2.1\cmath ****   cosh(long double __x)
 208:c:\program files\daisytoolchain\arm-none-eabi\include\c++\10.2.1\cmath ****   { return __builtin_coshl(__x); }
 209:c:\program files\daisytoolchain\arm-none-eabi\include\c++\10.2.1\cmath **** #endif
 210:c:\program files\daisytoolchain\arm-none-eabi\include\c++\10.2.1\cmath **** 
 211:c:\program files\daisytoolchain\arm-none-eabi\include\c++\10.2.1\cmath ****   template<typename _Tp>
 212:c:\program files\daisytoolchain\arm-none-eabi\include\c++\10.2.1\cmath ****     inline _GLIBCXX_CONSTEXPR
 213:c:\program files\daisytoolchain\arm-none-eabi\include\c++\10.2.1\cmath ****     typename __gnu_cxx::__enable_if<__is_integer<_Tp>::__value,
 214:c:\program files\daisytoolchain\arm-none-eabi\include\c++\10.2.1\cmath ****                                     double>::__type
 215:c:\program files\daisytoolchain\arm-none-eabi\include\c++\10.2.1\cmath ****     cosh(_Tp __x)
 216:c:\program files\daisytoolchain\arm-none-eabi\include\c++\10.2.1\cmath ****     { return __builtin_cosh(__x); }
 217:c:\program files\daisytoolchain\arm-none-eabi\include\c++\10.2.1\cmath **** 
 218:c:\program files\daisytoolchain\arm-none-eabi\include\c++\10.2.1\cmath ****   using ::exp;
 219:c:\program files\daisytoolchain\arm-none-eabi\include\c++\10.2.1\cmath **** 
 220:c:\program files\daisytoolchain\arm-none-eabi\include\c++\10.2.1\cmath **** #ifndef __CORRECT_ISO_CPP_MATH_H_PROTO
 221:c:\program files\daisytoolchain\arm-none-eabi\include\c++\10.2.1\cmath ****   inline _GLIBCXX_CONSTEXPR float
ARM GAS  C:\Users\aydan\AppData\Local\Temp\ccEUME1T.s 			page 39


 222:c:\program files\daisytoolchain\arm-none-eabi\include\c++\10.2.1\cmath ****   exp(float __x)
 223:c:\program files\daisytoolchain\arm-none-eabi\include\c++\10.2.1\cmath ****   { return __builtin_expf(__x); }
 224:c:\program files\daisytoolchain\arm-none-eabi\include\c++\10.2.1\cmath **** 
 225:c:\program files\daisytoolchain\arm-none-eabi\include\c++\10.2.1\cmath ****   inline _GLIBCXX_CONSTEXPR long double
 226:c:\program files\daisytoolchain\arm-none-eabi\include\c++\10.2.1\cmath ****   exp(long double __x)
 227:c:\program files\daisytoolchain\arm-none-eabi\include\c++\10.2.1\cmath ****   { return __builtin_expl(__x); }
 228:c:\program files\daisytoolchain\arm-none-eabi\include\c++\10.2.1\cmath **** #endif
 229:c:\program files\daisytoolchain\arm-none-eabi\include\c++\10.2.1\cmath **** 
 230:c:\program files\daisytoolchain\arm-none-eabi\include\c++\10.2.1\cmath ****   template<typename _Tp>
 231:c:\program files\daisytoolchain\arm-none-eabi\include\c++\10.2.1\cmath ****     inline _GLIBCXX_CONSTEXPR
 232:c:\program files\daisytoolchain\arm-none-eabi\include\c++\10.2.1\cmath ****     typename __gnu_cxx::__enable_if<__is_integer<_Tp>::__value,
 233:c:\program files\daisytoolchain\arm-none-eabi\include\c++\10.2.1\cmath ****                                     double>::__type
 234:c:\program files\daisytoolchain\arm-none-eabi\include\c++\10.2.1\cmath ****     exp(_Tp __x)
 235:c:\program files\daisytoolchain\arm-none-eabi\include\c++\10.2.1\cmath ****     { return __builtin_exp(__x); }
 236:c:\program files\daisytoolchain\arm-none-eabi\include\c++\10.2.1\cmath **** 
 237:c:\program files\daisytoolchain\arm-none-eabi\include\c++\10.2.1\cmath ****   using ::fabs;
 238:c:\program files\daisytoolchain\arm-none-eabi\include\c++\10.2.1\cmath **** 
 239:c:\program files\daisytoolchain\arm-none-eabi\include\c++\10.2.1\cmath **** #ifndef __CORRECT_ISO_CPP_MATH_H_PROTO
 240:c:\program files\daisytoolchain\arm-none-eabi\include\c++\10.2.1\cmath ****   inline _GLIBCXX_CONSTEXPR float
 241:c:\program files\daisytoolchain\arm-none-eabi\include\c++\10.2.1\cmath ****   fabs(float __x)
 242:c:\program files\daisytoolchain\arm-none-eabi\include\c++\10.2.1\cmath ****   { return __builtin_fabsf(__x); }
 243:c:\program files\daisytoolchain\arm-none-eabi\include\c++\10.2.1\cmath **** 
 244:c:\program files\daisytoolchain\arm-none-eabi\include\c++\10.2.1\cmath ****   inline _GLIBCXX_CONSTEXPR long double
 245:c:\program files\daisytoolchain\arm-none-eabi\include\c++\10.2.1\cmath ****   fabs(long double __x)
 246:c:\program files\daisytoolchain\arm-none-eabi\include\c++\10.2.1\cmath ****   { return __builtin_fabsl(__x); }
 247:c:\program files\daisytoolchain\arm-none-eabi\include\c++\10.2.1\cmath **** #endif
 248:c:\program files\daisytoolchain\arm-none-eabi\include\c++\10.2.1\cmath **** 
 249:c:\program files\daisytoolchain\arm-none-eabi\include\c++\10.2.1\cmath ****   template<typename _Tp>
 250:c:\program files\daisytoolchain\arm-none-eabi\include\c++\10.2.1\cmath ****     inline _GLIBCXX_CONSTEXPR
 251:c:\program files\daisytoolchain\arm-none-eabi\include\c++\10.2.1\cmath ****     typename __gnu_cxx::__enable_if<__is_integer<_Tp>::__value,
 252:c:\program files\daisytoolchain\arm-none-eabi\include\c++\10.2.1\cmath ****                                     double>::__type
 253:c:\program files\daisytoolchain\arm-none-eabi\include\c++\10.2.1\cmath ****     fabs(_Tp __x)
 254:c:\program files\daisytoolchain\arm-none-eabi\include\c++\10.2.1\cmath ****     { return __builtin_fabs(__x); }
 255:c:\program files\daisytoolchain\arm-none-eabi\include\c++\10.2.1\cmath **** 
 256:c:\program files\daisytoolchain\arm-none-eabi\include\c++\10.2.1\cmath ****   using ::floor;
 257:c:\program files\daisytoolchain\arm-none-eabi\include\c++\10.2.1\cmath **** 
 258:c:\program files\daisytoolchain\arm-none-eabi\include\c++\10.2.1\cmath **** #ifndef __CORRECT_ISO_CPP_MATH_H_PROTO
 259:c:\program files\daisytoolchain\arm-none-eabi\include\c++\10.2.1\cmath ****   inline _GLIBCXX_CONSTEXPR float
 260:c:\program files\daisytoolchain\arm-none-eabi\include\c++\10.2.1\cmath ****   floor(float __x)
 261:c:\program files\daisytoolchain\arm-none-eabi\include\c++\10.2.1\cmath ****   { return __builtin_floorf(__x); }
 262:c:\program files\daisytoolchain\arm-none-eabi\include\c++\10.2.1\cmath **** 
 263:c:\program files\daisytoolchain\arm-none-eabi\include\c++\10.2.1\cmath ****   inline _GLIBCXX_CONSTEXPR long double
 264:c:\program files\daisytoolchain\arm-none-eabi\include\c++\10.2.1\cmath ****   floor(long double __x)
 265:c:\program files\daisytoolchain\arm-none-eabi\include\c++\10.2.1\cmath ****   { return __builtin_floorl(__x); }
 266:c:\program files\daisytoolchain\arm-none-eabi\include\c++\10.2.1\cmath **** #endif
 267:c:\program files\daisytoolchain\arm-none-eabi\include\c++\10.2.1\cmath **** 
 268:c:\program files\daisytoolchain\arm-none-eabi\include\c++\10.2.1\cmath ****   template<typename _Tp>
 269:c:\program files\daisytoolchain\arm-none-eabi\include\c++\10.2.1\cmath ****     inline _GLIBCXX_CONSTEXPR
 270:c:\program files\daisytoolchain\arm-none-eabi\include\c++\10.2.1\cmath ****     typename __gnu_cxx::__enable_if<__is_integer<_Tp>::__value,
 271:c:\program files\daisytoolchain\arm-none-eabi\include\c++\10.2.1\cmath ****                                     double>::__type
 272:c:\program files\daisytoolchain\arm-none-eabi\include\c++\10.2.1\cmath ****     floor(_Tp __x)
 273:c:\program files\daisytoolchain\arm-none-eabi\include\c++\10.2.1\cmath ****     { return __builtin_floor(__x); }
 274:c:\program files\daisytoolchain\arm-none-eabi\include\c++\10.2.1\cmath **** 
 275:c:\program files\daisytoolchain\arm-none-eabi\include\c++\10.2.1\cmath ****   using ::fmod;
 276:c:\program files\daisytoolchain\arm-none-eabi\include\c++\10.2.1\cmath **** 
 277:c:\program files\daisytoolchain\arm-none-eabi\include\c++\10.2.1\cmath **** #ifndef __CORRECT_ISO_CPP_MATH_H_PROTO
 278:c:\program files\daisytoolchain\arm-none-eabi\include\c++\10.2.1\cmath ****   inline _GLIBCXX_CONSTEXPR float
ARM GAS  C:\Users\aydan\AppData\Local\Temp\ccEUME1T.s 			page 40


 279:c:\program files\daisytoolchain\arm-none-eabi\include\c++\10.2.1\cmath ****   fmod(float __x, float __y)
 280:c:\program files\daisytoolchain\arm-none-eabi\include\c++\10.2.1\cmath ****   { return __builtin_fmodf(__x, __y); }
 281:c:\program files\daisytoolchain\arm-none-eabi\include\c++\10.2.1\cmath **** 
 282:c:\program files\daisytoolchain\arm-none-eabi\include\c++\10.2.1\cmath ****   inline _GLIBCXX_CONSTEXPR long double
 283:c:\program files\daisytoolchain\arm-none-eabi\include\c++\10.2.1\cmath ****   fmod(long double __x, long double __y)
 284:c:\program files\daisytoolchain\arm-none-eabi\include\c++\10.2.1\cmath ****   { return __builtin_fmodl(__x, __y); }
 285:c:\program files\daisytoolchain\arm-none-eabi\include\c++\10.2.1\cmath **** #endif
 286:c:\program files\daisytoolchain\arm-none-eabi\include\c++\10.2.1\cmath **** 
 287:c:\program files\daisytoolchain\arm-none-eabi\include\c++\10.2.1\cmath ****   template<typename _Tp, typename _Up>
 288:c:\program files\daisytoolchain\arm-none-eabi\include\c++\10.2.1\cmath ****     inline _GLIBCXX_CONSTEXPR
 289:c:\program files\daisytoolchain\arm-none-eabi\include\c++\10.2.1\cmath ****     typename __gnu_cxx::__promote_2<_Tp, _Up>::__type
 290:c:\program files\daisytoolchain\arm-none-eabi\include\c++\10.2.1\cmath ****     fmod(_Tp __x, _Up __y)
 291:c:\program files\daisytoolchain\arm-none-eabi\include\c++\10.2.1\cmath ****     {
 292:c:\program files\daisytoolchain\arm-none-eabi\include\c++\10.2.1\cmath ****       typedef typename __gnu_cxx::__promote_2<_Tp, _Up>::__type __type;
 293:c:\program files\daisytoolchain\arm-none-eabi\include\c++\10.2.1\cmath ****       return fmod(__type(__x), __type(__y));
 294:c:\program files\daisytoolchain\arm-none-eabi\include\c++\10.2.1\cmath ****     }
 295:c:\program files\daisytoolchain\arm-none-eabi\include\c++\10.2.1\cmath **** 
 296:c:\program files\daisytoolchain\arm-none-eabi\include\c++\10.2.1\cmath ****   using ::frexp;
 297:c:\program files\daisytoolchain\arm-none-eabi\include\c++\10.2.1\cmath **** 
 298:c:\program files\daisytoolchain\arm-none-eabi\include\c++\10.2.1\cmath **** #ifndef __CORRECT_ISO_CPP_MATH_H_PROTO
 299:c:\program files\daisytoolchain\arm-none-eabi\include\c++\10.2.1\cmath ****   inline float
 300:c:\program files\daisytoolchain\arm-none-eabi\include\c++\10.2.1\cmath ****   frexp(float __x, int* __exp)
 301:c:\program files\daisytoolchain\arm-none-eabi\include\c++\10.2.1\cmath ****   { return __builtin_frexpf(__x, __exp); }
 302:c:\program files\daisytoolchain\arm-none-eabi\include\c++\10.2.1\cmath **** 
 303:c:\program files\daisytoolchain\arm-none-eabi\include\c++\10.2.1\cmath ****   inline long double
 304:c:\program files\daisytoolchain\arm-none-eabi\include\c++\10.2.1\cmath ****   frexp(long double __x, int* __exp)
 305:c:\program files\daisytoolchain\arm-none-eabi\include\c++\10.2.1\cmath ****   { return __builtin_frexpl(__x, __exp); }
 306:c:\program files\daisytoolchain\arm-none-eabi\include\c++\10.2.1\cmath **** #endif
 307:c:\program files\daisytoolchain\arm-none-eabi\include\c++\10.2.1\cmath **** 
 308:c:\program files\daisytoolchain\arm-none-eabi\include\c++\10.2.1\cmath ****   template<typename _Tp>
 309:c:\program files\daisytoolchain\arm-none-eabi\include\c++\10.2.1\cmath ****     inline _GLIBCXX_CONSTEXPR
 310:c:\program files\daisytoolchain\arm-none-eabi\include\c++\10.2.1\cmath ****     typename __gnu_cxx::__enable_if<__is_integer<_Tp>::__value, 
 311:c:\program files\daisytoolchain\arm-none-eabi\include\c++\10.2.1\cmath ****                                     double>::__type
 312:c:\program files\daisytoolchain\arm-none-eabi\include\c++\10.2.1\cmath ****     frexp(_Tp __x, int* __exp)
 313:c:\program files\daisytoolchain\arm-none-eabi\include\c++\10.2.1\cmath ****     { return __builtin_frexp(__x, __exp); }
 314:c:\program files\daisytoolchain\arm-none-eabi\include\c++\10.2.1\cmath **** 
 315:c:\program files\daisytoolchain\arm-none-eabi\include\c++\10.2.1\cmath ****   using ::ldexp;
 316:c:\program files\daisytoolchain\arm-none-eabi\include\c++\10.2.1\cmath **** 
 317:c:\program files\daisytoolchain\arm-none-eabi\include\c++\10.2.1\cmath **** #ifndef __CORRECT_ISO_CPP_MATH_H_PROTO
 318:c:\program files\daisytoolchain\arm-none-eabi\include\c++\10.2.1\cmath ****   inline _GLIBCXX_CONSTEXPR float
 319:c:\program files\daisytoolchain\arm-none-eabi\include\c++\10.2.1\cmath ****   ldexp(float __x, int __exp)
 320:c:\program files\daisytoolchain\arm-none-eabi\include\c++\10.2.1\cmath ****   { return __builtin_ldexpf(__x, __exp); }
 321:c:\program files\daisytoolchain\arm-none-eabi\include\c++\10.2.1\cmath **** 
 322:c:\program files\daisytoolchain\arm-none-eabi\include\c++\10.2.1\cmath ****   inline _GLIBCXX_CONSTEXPR long double
 323:c:\program files\daisytoolchain\arm-none-eabi\include\c++\10.2.1\cmath ****   ldexp(long double __x, int __exp)
 324:c:\program files\daisytoolchain\arm-none-eabi\include\c++\10.2.1\cmath ****   { return __builtin_ldexpl(__x, __exp); }
 325:c:\program files\daisytoolchain\arm-none-eabi\include\c++\10.2.1\cmath **** #endif
 326:c:\program files\daisytoolchain\arm-none-eabi\include\c++\10.2.1\cmath **** 
 327:c:\program files\daisytoolchain\arm-none-eabi\include\c++\10.2.1\cmath ****   template<typename _Tp>
 328:c:\program files\daisytoolchain\arm-none-eabi\include\c++\10.2.1\cmath ****     inline _GLIBCXX_CONSTEXPR
 329:c:\program files\daisytoolchain\arm-none-eabi\include\c++\10.2.1\cmath ****     typename __gnu_cxx::__enable_if<__is_integer<_Tp>::__value, 
 330:c:\program files\daisytoolchain\arm-none-eabi\include\c++\10.2.1\cmath ****                                     double>::__type
 331:c:\program files\daisytoolchain\arm-none-eabi\include\c++\10.2.1\cmath ****     ldexp(_Tp __x, int __exp)
 332:c:\program files\daisytoolchain\arm-none-eabi\include\c++\10.2.1\cmath ****     { return __builtin_ldexp(__x, __exp); }
 333:c:\program files\daisytoolchain\arm-none-eabi\include\c++\10.2.1\cmath **** 
 334:c:\program files\daisytoolchain\arm-none-eabi\include\c++\10.2.1\cmath ****   using ::log;
 335:c:\program files\daisytoolchain\arm-none-eabi\include\c++\10.2.1\cmath **** 
ARM GAS  C:\Users\aydan\AppData\Local\Temp\ccEUME1T.s 			page 41


 336:c:\program files\daisytoolchain\arm-none-eabi\include\c++\10.2.1\cmath **** #ifndef __CORRECT_ISO_CPP_MATH_H_PROTO
 337:c:\program files\daisytoolchain\arm-none-eabi\include\c++\10.2.1\cmath ****   inline _GLIBCXX_CONSTEXPR float
 338:c:\program files\daisytoolchain\arm-none-eabi\include\c++\10.2.1\cmath ****   log(float __x)
 339:c:\program files\daisytoolchain\arm-none-eabi\include\c++\10.2.1\cmath ****   { return __builtin_logf(__x); }
 340:c:\program files\daisytoolchain\arm-none-eabi\include\c++\10.2.1\cmath **** 
 341:c:\program files\daisytoolchain\arm-none-eabi\include\c++\10.2.1\cmath ****   inline _GLIBCXX_CONSTEXPR long double
 342:c:\program files\daisytoolchain\arm-none-eabi\include\c++\10.2.1\cmath ****   log(long double __x)
 343:c:\program files\daisytoolchain\arm-none-eabi\include\c++\10.2.1\cmath ****   { return __builtin_logl(__x); }
 344:c:\program files\daisytoolchain\arm-none-eabi\include\c++\10.2.1\cmath **** #endif
 345:c:\program files\daisytoolchain\arm-none-eabi\include\c++\10.2.1\cmath **** 
 346:c:\program files\daisytoolchain\arm-none-eabi\include\c++\10.2.1\cmath ****   template<typename _Tp>
 347:c:\program files\daisytoolchain\arm-none-eabi\include\c++\10.2.1\cmath ****     inline _GLIBCXX_CONSTEXPR
 348:c:\program files\daisytoolchain\arm-none-eabi\include\c++\10.2.1\cmath ****     typename __gnu_cxx::__enable_if<__is_integer<_Tp>::__value, 
 349:c:\program files\daisytoolchain\arm-none-eabi\include\c++\10.2.1\cmath ****                                     double>::__type
 350:c:\program files\daisytoolchain\arm-none-eabi\include\c++\10.2.1\cmath ****     log(_Tp __x)
 351:c:\program files\daisytoolchain\arm-none-eabi\include\c++\10.2.1\cmath ****     { return __builtin_log(__x); }
 352:c:\program files\daisytoolchain\arm-none-eabi\include\c++\10.2.1\cmath **** 
 353:c:\program files\daisytoolchain\arm-none-eabi\include\c++\10.2.1\cmath ****   using ::log10;
 354:c:\program files\daisytoolchain\arm-none-eabi\include\c++\10.2.1\cmath **** 
 355:c:\program files\daisytoolchain\arm-none-eabi\include\c++\10.2.1\cmath **** #ifndef __CORRECT_ISO_CPP_MATH_H_PROTO
 356:c:\program files\daisytoolchain\arm-none-eabi\include\c++\10.2.1\cmath ****   inline _GLIBCXX_CONSTEXPR float
 357:c:\program files\daisytoolchain\arm-none-eabi\include\c++\10.2.1\cmath ****   log10(float __x)
 358:c:\program files\daisytoolchain\arm-none-eabi\include\c++\10.2.1\cmath ****   { return __builtin_log10f(__x); }
 359:c:\program files\daisytoolchain\arm-none-eabi\include\c++\10.2.1\cmath **** 
 360:c:\program files\daisytoolchain\arm-none-eabi\include\c++\10.2.1\cmath ****   inline _GLIBCXX_CONSTEXPR long double
 361:c:\program files\daisytoolchain\arm-none-eabi\include\c++\10.2.1\cmath ****   log10(long double __x)
 362:c:\program files\daisytoolchain\arm-none-eabi\include\c++\10.2.1\cmath ****   { return __builtin_log10l(__x); }
 363:c:\program files\daisytoolchain\arm-none-eabi\include\c++\10.2.1\cmath **** #endif
 364:c:\program files\daisytoolchain\arm-none-eabi\include\c++\10.2.1\cmath **** 
 365:c:\program files\daisytoolchain\arm-none-eabi\include\c++\10.2.1\cmath ****   template<typename _Tp>
 366:c:\program files\daisytoolchain\arm-none-eabi\include\c++\10.2.1\cmath ****     inline _GLIBCXX_CONSTEXPR
 367:c:\program files\daisytoolchain\arm-none-eabi\include\c++\10.2.1\cmath ****     typename __gnu_cxx::__enable_if<__is_integer<_Tp>::__value,
 368:c:\program files\daisytoolchain\arm-none-eabi\include\c++\10.2.1\cmath ****                                     double>::__type
 369:c:\program files\daisytoolchain\arm-none-eabi\include\c++\10.2.1\cmath ****     log10(_Tp __x)
 370:c:\program files\daisytoolchain\arm-none-eabi\include\c++\10.2.1\cmath ****     { return __builtin_log10(__x); }
 371:c:\program files\daisytoolchain\arm-none-eabi\include\c++\10.2.1\cmath **** 
 372:c:\program files\daisytoolchain\arm-none-eabi\include\c++\10.2.1\cmath ****   using ::modf;
 373:c:\program files\daisytoolchain\arm-none-eabi\include\c++\10.2.1\cmath **** 
 374:c:\program files\daisytoolchain\arm-none-eabi\include\c++\10.2.1\cmath **** #ifndef __CORRECT_ISO_CPP_MATH_H_PROTO
 375:c:\program files\daisytoolchain\arm-none-eabi\include\c++\10.2.1\cmath ****   inline float
 376:c:\program files\daisytoolchain\arm-none-eabi\include\c++\10.2.1\cmath ****   modf(float __x, float* __iptr)
 377:c:\program files\daisytoolchain\arm-none-eabi\include\c++\10.2.1\cmath ****   { return __builtin_modff(__x, __iptr); }
 378:c:\program files\daisytoolchain\arm-none-eabi\include\c++\10.2.1\cmath **** 
 379:c:\program files\daisytoolchain\arm-none-eabi\include\c++\10.2.1\cmath ****   inline long double
 380:c:\program files\daisytoolchain\arm-none-eabi\include\c++\10.2.1\cmath ****   modf(long double __x, long double* __iptr)
 381:c:\program files\daisytoolchain\arm-none-eabi\include\c++\10.2.1\cmath ****   { return __builtin_modfl(__x, __iptr); }
 382:c:\program files\daisytoolchain\arm-none-eabi\include\c++\10.2.1\cmath **** #endif
 383:c:\program files\daisytoolchain\arm-none-eabi\include\c++\10.2.1\cmath **** 
 384:c:\program files\daisytoolchain\arm-none-eabi\include\c++\10.2.1\cmath ****   using ::pow;
 385:c:\program files\daisytoolchain\arm-none-eabi\include\c++\10.2.1\cmath **** 
 386:c:\program files\daisytoolchain\arm-none-eabi\include\c++\10.2.1\cmath **** #ifndef __CORRECT_ISO_CPP_MATH_H_PROTO
 387:c:\program files\daisytoolchain\arm-none-eabi\include\c++\10.2.1\cmath ****   inline _GLIBCXX_CONSTEXPR float
 388:c:\program files\daisytoolchain\arm-none-eabi\include\c++\10.2.1\cmath ****   pow(float __x, float __y)
 389:c:\program files\daisytoolchain\arm-none-eabi\include\c++\10.2.1\cmath ****   { return __builtin_powf(__x, __y); }
 390:c:\program files\daisytoolchain\arm-none-eabi\include\c++\10.2.1\cmath **** 
 391:c:\program files\daisytoolchain\arm-none-eabi\include\c++\10.2.1\cmath ****   inline _GLIBCXX_CONSTEXPR long double
 392:c:\program files\daisytoolchain\arm-none-eabi\include\c++\10.2.1\cmath ****   pow(long double __x, long double __y)
ARM GAS  C:\Users\aydan\AppData\Local\Temp\ccEUME1T.s 			page 42


 393:c:\program files\daisytoolchain\arm-none-eabi\include\c++\10.2.1\cmath ****   { return __builtin_powl(__x, __y); }
 394:c:\program files\daisytoolchain\arm-none-eabi\include\c++\10.2.1\cmath **** 
 395:c:\program files\daisytoolchain\arm-none-eabi\include\c++\10.2.1\cmath **** #if __cplusplus < 201103L
 396:c:\program files\daisytoolchain\arm-none-eabi\include\c++\10.2.1\cmath ****   // _GLIBCXX_RESOLVE_LIB_DEFECTS
 397:c:\program files\daisytoolchain\arm-none-eabi\include\c++\10.2.1\cmath ****   // DR 550. What should the return type of pow(float,int) be?
 398:c:\program files\daisytoolchain\arm-none-eabi\include\c++\10.2.1\cmath ****   inline double
 399:c:\program files\daisytoolchain\arm-none-eabi\include\c++\10.2.1\cmath ****   pow(double __x, int __i)
 400:c:\program files\daisytoolchain\arm-none-eabi\include\c++\10.2.1\cmath ****   { return __builtin_powi(__x, __i); }
 401:c:\program files\daisytoolchain\arm-none-eabi\include\c++\10.2.1\cmath **** 
 402:c:\program files\daisytoolchain\arm-none-eabi\include\c++\10.2.1\cmath ****   inline float
 403:c:\program files\daisytoolchain\arm-none-eabi\include\c++\10.2.1\cmath ****   pow(float __x, int __n)
 404:c:\program files\daisytoolchain\arm-none-eabi\include\c++\10.2.1\cmath ****   { return __builtin_powif(__x, __n); }
 405:c:\program files\daisytoolchain\arm-none-eabi\include\c++\10.2.1\cmath **** 
 406:c:\program files\daisytoolchain\arm-none-eabi\include\c++\10.2.1\cmath ****   inline long double
 407:c:\program files\daisytoolchain\arm-none-eabi\include\c++\10.2.1\cmath ****   pow(long double __x, int __n)
 408:c:\program files\daisytoolchain\arm-none-eabi\include\c++\10.2.1\cmath ****   { return __builtin_powil(__x, __n); }
 409:c:\program files\daisytoolchain\arm-none-eabi\include\c++\10.2.1\cmath **** #endif
 410:c:\program files\daisytoolchain\arm-none-eabi\include\c++\10.2.1\cmath **** #endif
 411:c:\program files\daisytoolchain\arm-none-eabi\include\c++\10.2.1\cmath **** 
 412:c:\program files\daisytoolchain\arm-none-eabi\include\c++\10.2.1\cmath ****   template<typename _Tp, typename _Up>
 413:c:\program files\daisytoolchain\arm-none-eabi\include\c++\10.2.1\cmath ****     inline _GLIBCXX_CONSTEXPR
 414:c:\program files\daisytoolchain\arm-none-eabi\include\c++\10.2.1\cmath ****     typename __gnu_cxx::__promote_2<_Tp, _Up>::__type
 415:c:\program files\daisytoolchain\arm-none-eabi\include\c++\10.2.1\cmath ****     pow(_Tp __x, _Up __y)
 416:c:\program files\daisytoolchain\arm-none-eabi\include\c++\10.2.1\cmath ****     {
 417:c:\program files\daisytoolchain\arm-none-eabi\include\c++\10.2.1\cmath ****       typedef typename __gnu_cxx::__promote_2<_Tp, _Up>::__type __type;
 418:c:\program files\daisytoolchain\arm-none-eabi\include\c++\10.2.1\cmath ****       return pow(__type(__x), __type(__y));
 419:c:\program files\daisytoolchain\arm-none-eabi\include\c++\10.2.1\cmath ****     }
 420:c:\program files\daisytoolchain\arm-none-eabi\include\c++\10.2.1\cmath **** 
 421:c:\program files\daisytoolchain\arm-none-eabi\include\c++\10.2.1\cmath ****   using ::sin;
 422:c:\program files\daisytoolchain\arm-none-eabi\include\c++\10.2.1\cmath **** 
 423:c:\program files\daisytoolchain\arm-none-eabi\include\c++\10.2.1\cmath **** #ifndef __CORRECT_ISO_CPP_MATH_H_PROTO
 424:c:\program files\daisytoolchain\arm-none-eabi\include\c++\10.2.1\cmath ****   inline _GLIBCXX_CONSTEXPR float
 425:c:\program files\daisytoolchain\arm-none-eabi\include\c++\10.2.1\cmath ****   sin(float __x)
 426:c:\program files\daisytoolchain\arm-none-eabi\include\c++\10.2.1\cmath ****   { return __builtin_sinf(__x); }
 427:c:\program files\daisytoolchain\arm-none-eabi\include\c++\10.2.1\cmath **** 
 428:c:\program files\daisytoolchain\arm-none-eabi\include\c++\10.2.1\cmath ****   inline _GLIBCXX_CONSTEXPR long double
 429:c:\program files\daisytoolchain\arm-none-eabi\include\c++\10.2.1\cmath ****   sin(long double __x)
 430:c:\program files\daisytoolchain\arm-none-eabi\include\c++\10.2.1\cmath ****   { return __builtin_sinl(__x); }
 431:c:\program files\daisytoolchain\arm-none-eabi\include\c++\10.2.1\cmath **** #endif
 432:c:\program files\daisytoolchain\arm-none-eabi\include\c++\10.2.1\cmath **** 
 433:c:\program files\daisytoolchain\arm-none-eabi\include\c++\10.2.1\cmath ****   template<typename _Tp>
 434:c:\program files\daisytoolchain\arm-none-eabi\include\c++\10.2.1\cmath ****     inline _GLIBCXX_CONSTEXPR
 435:c:\program files\daisytoolchain\arm-none-eabi\include\c++\10.2.1\cmath ****     typename __gnu_cxx::__enable_if<__is_integer<_Tp>::__value, 
 436:c:\program files\daisytoolchain\arm-none-eabi\include\c++\10.2.1\cmath ****                                     double>::__type
 437:c:\program files\daisytoolchain\arm-none-eabi\include\c++\10.2.1\cmath ****     sin(_Tp __x)
 438:c:\program files\daisytoolchain\arm-none-eabi\include\c++\10.2.1\cmath ****     { return __builtin_sin(__x); }
 439:c:\program files\daisytoolchain\arm-none-eabi\include\c++\10.2.1\cmath **** 
 440:c:\program files\daisytoolchain\arm-none-eabi\include\c++\10.2.1\cmath ****   using ::sinh;
 441:c:\program files\daisytoolchain\arm-none-eabi\include\c++\10.2.1\cmath **** 
 442:c:\program files\daisytoolchain\arm-none-eabi\include\c++\10.2.1\cmath **** #ifndef __CORRECT_ISO_CPP_MATH_H_PROTO
 443:c:\program files\daisytoolchain\arm-none-eabi\include\c++\10.2.1\cmath ****   inline _GLIBCXX_CONSTEXPR float
 444:c:\program files\daisytoolchain\arm-none-eabi\include\c++\10.2.1\cmath ****   sinh(float __x)
 445:c:\program files\daisytoolchain\arm-none-eabi\include\c++\10.2.1\cmath ****   { return __builtin_sinhf(__x); }
 446:c:\program files\daisytoolchain\arm-none-eabi\include\c++\10.2.1\cmath **** 
 447:c:\program files\daisytoolchain\arm-none-eabi\include\c++\10.2.1\cmath ****   inline _GLIBCXX_CONSTEXPR long double
 448:c:\program files\daisytoolchain\arm-none-eabi\include\c++\10.2.1\cmath ****   sinh(long double __x)
 449:c:\program files\daisytoolchain\arm-none-eabi\include\c++\10.2.1\cmath ****   { return __builtin_sinhl(__x); }
ARM GAS  C:\Users\aydan\AppData\Local\Temp\ccEUME1T.s 			page 43


 450:c:\program files\daisytoolchain\arm-none-eabi\include\c++\10.2.1\cmath **** #endif
 451:c:\program files\daisytoolchain\arm-none-eabi\include\c++\10.2.1\cmath **** 
 452:c:\program files\daisytoolchain\arm-none-eabi\include\c++\10.2.1\cmath ****   template<typename _Tp>
 453:c:\program files\daisytoolchain\arm-none-eabi\include\c++\10.2.1\cmath ****     inline _GLIBCXX_CONSTEXPR
 454:c:\program files\daisytoolchain\arm-none-eabi\include\c++\10.2.1\cmath ****     typename __gnu_cxx::__enable_if<__is_integer<_Tp>::__value, 
 455:c:\program files\daisytoolchain\arm-none-eabi\include\c++\10.2.1\cmath ****                                     double>::__type
 456:c:\program files\daisytoolchain\arm-none-eabi\include\c++\10.2.1\cmath ****     sinh(_Tp __x)
 457:c:\program files\daisytoolchain\arm-none-eabi\include\c++\10.2.1\cmath ****     { return __builtin_sinh(__x); }
 458:c:\program files\daisytoolchain\arm-none-eabi\include\c++\10.2.1\cmath **** 
 459:c:\program files\daisytoolchain\arm-none-eabi\include\c++\10.2.1\cmath ****   using ::sqrt;
 460:c:\program files\daisytoolchain\arm-none-eabi\include\c++\10.2.1\cmath **** 
 461:c:\program files\daisytoolchain\arm-none-eabi\include\c++\10.2.1\cmath **** #ifndef __CORRECT_ISO_CPP_MATH_H_PROTO
 462:c:\program files\daisytoolchain\arm-none-eabi\include\c++\10.2.1\cmath ****   inline _GLIBCXX_CONSTEXPR float
 463:c:\program files\daisytoolchain\arm-none-eabi\include\c++\10.2.1\cmath ****   sqrt(float __x)
 464:c:\program files\daisytoolchain\arm-none-eabi\include\c++\10.2.1\cmath ****   { return __builtin_sqrtf(__x); }
 465:c:\program files\daisytoolchain\arm-none-eabi\include\c++\10.2.1\cmath **** 
 466:c:\program files\daisytoolchain\arm-none-eabi\include\c++\10.2.1\cmath ****   inline _GLIBCXX_CONSTEXPR long double
 467:c:\program files\daisytoolchain\arm-none-eabi\include\c++\10.2.1\cmath ****   sqrt(long double __x)
 468:c:\program files\daisytoolchain\arm-none-eabi\include\c++\10.2.1\cmath ****   { return __builtin_sqrtl(__x); }
 469:c:\program files\daisytoolchain\arm-none-eabi\include\c++\10.2.1\cmath **** #endif
 470:c:\program files\daisytoolchain\arm-none-eabi\include\c++\10.2.1\cmath **** 
 471:c:\program files\daisytoolchain\arm-none-eabi\include\c++\10.2.1\cmath ****   template<typename _Tp>
 472:c:\program files\daisytoolchain\arm-none-eabi\include\c++\10.2.1\cmath ****     inline _GLIBCXX_CONSTEXPR
 473:c:\program files\daisytoolchain\arm-none-eabi\include\c++\10.2.1\cmath ****     typename __gnu_cxx::__enable_if<__is_integer<_Tp>::__value, 
 474:c:\program files\daisytoolchain\arm-none-eabi\include\c++\10.2.1\cmath ****                                     double>::__type
 475:c:\program files\daisytoolchain\arm-none-eabi\include\c++\10.2.1\cmath ****     sqrt(_Tp __x)
 476:c:\program files\daisytoolchain\arm-none-eabi\include\c++\10.2.1\cmath ****     { return __builtin_sqrt(__x); }
 477:c:\program files\daisytoolchain\arm-none-eabi\include\c++\10.2.1\cmath **** 
 478:c:\program files\daisytoolchain\arm-none-eabi\include\c++\10.2.1\cmath ****   using ::tan;
 479:c:\program files\daisytoolchain\arm-none-eabi\include\c++\10.2.1\cmath **** 
 480:c:\program files\daisytoolchain\arm-none-eabi\include\c++\10.2.1\cmath **** #ifndef __CORRECT_ISO_CPP_MATH_H_PROTO
 481:c:\program files\daisytoolchain\arm-none-eabi\include\c++\10.2.1\cmath ****   inline _GLIBCXX_CONSTEXPR float
 482:c:\program files\daisytoolchain\arm-none-eabi\include\c++\10.2.1\cmath ****   tan(float __x)
 483:c:\program files\daisytoolchain\arm-none-eabi\include\c++\10.2.1\cmath ****   { return __builtin_tanf(__x); }
 484:c:\program files\daisytoolchain\arm-none-eabi\include\c++\10.2.1\cmath **** 
 485:c:\program files\daisytoolchain\arm-none-eabi\include\c++\10.2.1\cmath ****   inline _GLIBCXX_CONSTEXPR long double
 486:c:\program files\daisytoolchain\arm-none-eabi\include\c++\10.2.1\cmath ****   tan(long double __x)
 487:c:\program files\daisytoolchain\arm-none-eabi\include\c++\10.2.1\cmath ****   { return __builtin_tanl(__x); }
 488:c:\program files\daisytoolchain\arm-none-eabi\include\c++\10.2.1\cmath **** #endif
 489:c:\program files\daisytoolchain\arm-none-eabi\include\c++\10.2.1\cmath **** 
 490:c:\program files\daisytoolchain\arm-none-eabi\include\c++\10.2.1\cmath ****   template<typename _Tp>
 491:c:\program files\daisytoolchain\arm-none-eabi\include\c++\10.2.1\cmath ****     inline _GLIBCXX_CONSTEXPR
 492:c:\program files\daisytoolchain\arm-none-eabi\include\c++\10.2.1\cmath ****     typename __gnu_cxx::__enable_if<__is_integer<_Tp>::__value, 
 493:c:\program files\daisytoolchain\arm-none-eabi\include\c++\10.2.1\cmath ****                                     double>::__type
 494:c:\program files\daisytoolchain\arm-none-eabi\include\c++\10.2.1\cmath ****     tan(_Tp __x)
 495:c:\program files\daisytoolchain\arm-none-eabi\include\c++\10.2.1\cmath ****     { return __builtin_tan(__x); }
 496:c:\program files\daisytoolchain\arm-none-eabi\include\c++\10.2.1\cmath **** 
 497:c:\program files\daisytoolchain\arm-none-eabi\include\c++\10.2.1\cmath ****   using ::tanh;
 498:c:\program files\daisytoolchain\arm-none-eabi\include\c++\10.2.1\cmath **** 
 499:c:\program files\daisytoolchain\arm-none-eabi\include\c++\10.2.1\cmath **** #ifndef __CORRECT_ISO_CPP_MATH_H_PROTO
 500:c:\program files\daisytoolchain\arm-none-eabi\include\c++\10.2.1\cmath ****   inline _GLIBCXX_CONSTEXPR float
 501:c:\program files\daisytoolchain\arm-none-eabi\include\c++\10.2.1\cmath ****   tanh(float __x)
 502:c:\program files\daisytoolchain\arm-none-eabi\include\c++\10.2.1\cmath ****   { return __builtin_tanhf(__x); }
 503:c:\program files\daisytoolchain\arm-none-eabi\include\c++\10.2.1\cmath **** 
 504:c:\program files\daisytoolchain\arm-none-eabi\include\c++\10.2.1\cmath ****   inline _GLIBCXX_CONSTEXPR long double
 505:c:\program files\daisytoolchain\arm-none-eabi\include\c++\10.2.1\cmath ****   tanh(long double __x)
 506:c:\program files\daisytoolchain\arm-none-eabi\include\c++\10.2.1\cmath ****   { return __builtin_tanhl(__x); }
ARM GAS  C:\Users\aydan\AppData\Local\Temp\ccEUME1T.s 			page 44


 507:c:\program files\daisytoolchain\arm-none-eabi\include\c++\10.2.1\cmath **** #endif
 508:c:\program files\daisytoolchain\arm-none-eabi\include\c++\10.2.1\cmath **** 
 509:c:\program files\daisytoolchain\arm-none-eabi\include\c++\10.2.1\cmath ****   template<typename _Tp>
 510:c:\program files\daisytoolchain\arm-none-eabi\include\c++\10.2.1\cmath ****     inline _GLIBCXX_CONSTEXPR
 511:c:\program files\daisytoolchain\arm-none-eabi\include\c++\10.2.1\cmath ****     typename __gnu_cxx::__enable_if<__is_integer<_Tp>::__value, 
 512:c:\program files\daisytoolchain\arm-none-eabi\include\c++\10.2.1\cmath ****                                     double>::__type
 513:c:\program files\daisytoolchain\arm-none-eabi\include\c++\10.2.1\cmath ****     tanh(_Tp __x)
 514:c:\program files\daisytoolchain\arm-none-eabi\include\c++\10.2.1\cmath ****     { return __builtin_tanh(__x); }
 515:c:\program files\daisytoolchain\arm-none-eabi\include\c++\10.2.1\cmath **** 
 516:c:\program files\daisytoolchain\arm-none-eabi\include\c++\10.2.1\cmath **** #if _GLIBCXX_USE_C99_MATH
 517:c:\program files\daisytoolchain\arm-none-eabi\include\c++\10.2.1\cmath **** #if !_GLIBCXX_USE_C99_FP_MACROS_DYNAMIC
 518:c:\program files\daisytoolchain\arm-none-eabi\include\c++\10.2.1\cmath **** 
 519:c:\program files\daisytoolchain\arm-none-eabi\include\c++\10.2.1\cmath **** // These are possible macros imported from C99-land.
 520:c:\program files\daisytoolchain\arm-none-eabi\include\c++\10.2.1\cmath **** #undef fpclassify
 521:c:\program files\daisytoolchain\arm-none-eabi\include\c++\10.2.1\cmath **** #undef isfinite
 522:c:\program files\daisytoolchain\arm-none-eabi\include\c++\10.2.1\cmath **** #undef isinf
 523:c:\program files\daisytoolchain\arm-none-eabi\include\c++\10.2.1\cmath **** #undef isnan
 524:c:\program files\daisytoolchain\arm-none-eabi\include\c++\10.2.1\cmath **** #undef isnormal
 525:c:\program files\daisytoolchain\arm-none-eabi\include\c++\10.2.1\cmath **** #undef signbit
 526:c:\program files\daisytoolchain\arm-none-eabi\include\c++\10.2.1\cmath **** #undef isgreater
 527:c:\program files\daisytoolchain\arm-none-eabi\include\c++\10.2.1\cmath **** #undef isgreaterequal
 528:c:\program files\daisytoolchain\arm-none-eabi\include\c++\10.2.1\cmath **** #undef isless
 529:c:\program files\daisytoolchain\arm-none-eabi\include\c++\10.2.1\cmath **** #undef islessequal
 530:c:\program files\daisytoolchain\arm-none-eabi\include\c++\10.2.1\cmath **** #undef islessgreater
 531:c:\program files\daisytoolchain\arm-none-eabi\include\c++\10.2.1\cmath **** #undef isunordered
 532:c:\program files\daisytoolchain\arm-none-eabi\include\c++\10.2.1\cmath **** 
 533:c:\program files\daisytoolchain\arm-none-eabi\include\c++\10.2.1\cmath **** #if __cplusplus >= 201103L
 534:c:\program files\daisytoolchain\arm-none-eabi\include\c++\10.2.1\cmath **** 
 535:c:\program files\daisytoolchain\arm-none-eabi\include\c++\10.2.1\cmath **** #ifndef __CORRECT_ISO_CPP11_MATH_H_PROTO_FP
 536:c:\program files\daisytoolchain\arm-none-eabi\include\c++\10.2.1\cmath ****   constexpr int
 537:c:\program files\daisytoolchain\arm-none-eabi\include\c++\10.2.1\cmath ****   fpclassify(float __x)
 538:c:\program files\daisytoolchain\arm-none-eabi\include\c++\10.2.1\cmath ****   { return __builtin_fpclassify(FP_NAN, FP_INFINITE, FP_NORMAL,
 539:c:\program files\daisytoolchain\arm-none-eabi\include\c++\10.2.1\cmath **** 				FP_SUBNORMAL, FP_ZERO, __x); }
 540:c:\program files\daisytoolchain\arm-none-eabi\include\c++\10.2.1\cmath **** 
 541:c:\program files\daisytoolchain\arm-none-eabi\include\c++\10.2.1\cmath ****   constexpr int
 542:c:\program files\daisytoolchain\arm-none-eabi\include\c++\10.2.1\cmath ****   fpclassify(double __x)
 543:c:\program files\daisytoolchain\arm-none-eabi\include\c++\10.2.1\cmath ****   { return __builtin_fpclassify(FP_NAN, FP_INFINITE, FP_NORMAL,
 544:c:\program files\daisytoolchain\arm-none-eabi\include\c++\10.2.1\cmath **** 				FP_SUBNORMAL, FP_ZERO, __x); }
 545:c:\program files\daisytoolchain\arm-none-eabi\include\c++\10.2.1\cmath **** 
 546:c:\program files\daisytoolchain\arm-none-eabi\include\c++\10.2.1\cmath ****   constexpr int
 547:c:\program files\daisytoolchain\arm-none-eabi\include\c++\10.2.1\cmath ****   fpclassify(long double __x)
 548:c:\program files\daisytoolchain\arm-none-eabi\include\c++\10.2.1\cmath ****   { return __builtin_fpclassify(FP_NAN, FP_INFINITE, FP_NORMAL,
 549:c:\program files\daisytoolchain\arm-none-eabi\include\c++\10.2.1\cmath **** 				FP_SUBNORMAL, FP_ZERO, __x); }
 550:c:\program files\daisytoolchain\arm-none-eabi\include\c++\10.2.1\cmath **** #endif
 551:c:\program files\daisytoolchain\arm-none-eabi\include\c++\10.2.1\cmath **** 
 552:c:\program files\daisytoolchain\arm-none-eabi\include\c++\10.2.1\cmath **** #ifndef __CORRECT_ISO_CPP11_MATH_H_PROTO_INT
 553:c:\program files\daisytoolchain\arm-none-eabi\include\c++\10.2.1\cmath ****   template<typename _Tp>
 554:c:\program files\daisytoolchain\arm-none-eabi\include\c++\10.2.1\cmath ****     constexpr typename __gnu_cxx::__enable_if<__is_integer<_Tp>::__value,
 555:c:\program files\daisytoolchain\arm-none-eabi\include\c++\10.2.1\cmath ****                                               int>::__type
 556:c:\program files\daisytoolchain\arm-none-eabi\include\c++\10.2.1\cmath ****     fpclassify(_Tp __x)
 557:c:\program files\daisytoolchain\arm-none-eabi\include\c++\10.2.1\cmath ****     { return __x != 0 ? FP_NORMAL : FP_ZERO; }
 558:c:\program files\daisytoolchain\arm-none-eabi\include\c++\10.2.1\cmath **** #endif
 559:c:\program files\daisytoolchain\arm-none-eabi\include\c++\10.2.1\cmath **** 
 560:c:\program files\daisytoolchain\arm-none-eabi\include\c++\10.2.1\cmath **** #ifndef __CORRECT_ISO_CPP11_MATH_H_PROTO_FP
 561:c:\program files\daisytoolchain\arm-none-eabi\include\c++\10.2.1\cmath ****   constexpr bool
 562:c:\program files\daisytoolchain\arm-none-eabi\include\c++\10.2.1\cmath ****   isfinite(float __x)
 563:c:\program files\daisytoolchain\arm-none-eabi\include\c++\10.2.1\cmath ****   { return __builtin_isfinite(__x); }
ARM GAS  C:\Users\aydan\AppData\Local\Temp\ccEUME1T.s 			page 45


 564:c:\program files\daisytoolchain\arm-none-eabi\include\c++\10.2.1\cmath **** 
 565:c:\program files\daisytoolchain\arm-none-eabi\include\c++\10.2.1\cmath ****   constexpr bool
 566:c:\program files\daisytoolchain\arm-none-eabi\include\c++\10.2.1\cmath ****   isfinite(double __x)
 567:c:\program files\daisytoolchain\arm-none-eabi\include\c++\10.2.1\cmath ****   { return __builtin_isfinite(__x); }
 568:c:\program files\daisytoolchain\arm-none-eabi\include\c++\10.2.1\cmath **** 
 569:c:\program files\daisytoolchain\arm-none-eabi\include\c++\10.2.1\cmath ****   constexpr bool
 570:c:\program files\daisytoolchain\arm-none-eabi\include\c++\10.2.1\cmath ****   isfinite(long double __x)
 571:c:\program files\daisytoolchain\arm-none-eabi\include\c++\10.2.1\cmath ****   { return __builtin_isfinite(__x); }
 572:c:\program files\daisytoolchain\arm-none-eabi\include\c++\10.2.1\cmath **** #endif
 573:c:\program files\daisytoolchain\arm-none-eabi\include\c++\10.2.1\cmath **** 
 574:c:\program files\daisytoolchain\arm-none-eabi\include\c++\10.2.1\cmath **** #ifndef __CORRECT_ISO_CPP11_MATH_H_PROTO_INT
 575:c:\program files\daisytoolchain\arm-none-eabi\include\c++\10.2.1\cmath ****   template<typename _Tp>
 576:c:\program files\daisytoolchain\arm-none-eabi\include\c++\10.2.1\cmath ****     constexpr typename __gnu_cxx::__enable_if<__is_integer<_Tp>::__value,
 577:c:\program files\daisytoolchain\arm-none-eabi\include\c++\10.2.1\cmath ****                                               bool>::__type
 578:c:\program files\daisytoolchain\arm-none-eabi\include\c++\10.2.1\cmath ****     isfinite(_Tp __x)
 579:c:\program files\daisytoolchain\arm-none-eabi\include\c++\10.2.1\cmath ****     { return true; }
 580:c:\program files\daisytoolchain\arm-none-eabi\include\c++\10.2.1\cmath **** #endif
 581:c:\program files\daisytoolchain\arm-none-eabi\include\c++\10.2.1\cmath **** 
 582:c:\program files\daisytoolchain\arm-none-eabi\include\c++\10.2.1\cmath **** #ifndef __CORRECT_ISO_CPP11_MATH_H_PROTO_FP
 583:c:\program files\daisytoolchain\arm-none-eabi\include\c++\10.2.1\cmath ****   constexpr bool
 584:c:\program files\daisytoolchain\arm-none-eabi\include\c++\10.2.1\cmath ****   isinf(float __x)
 585:c:\program files\daisytoolchain\arm-none-eabi\include\c++\10.2.1\cmath ****   { return __builtin_isinf(__x); }
 586:c:\program files\daisytoolchain\arm-none-eabi\include\c++\10.2.1\cmath **** 
 587:c:\program files\daisytoolchain\arm-none-eabi\include\c++\10.2.1\cmath **** #if _GLIBCXX_HAVE_OBSOLETE_ISINF \
 588:c:\program files\daisytoolchain\arm-none-eabi\include\c++\10.2.1\cmath ****   && !_GLIBCXX_NO_OBSOLETE_ISINF_ISNAN_DYNAMIC
 589:c:\program files\daisytoolchain\arm-none-eabi\include\c++\10.2.1\cmath ****   using ::isinf;
 590:c:\program files\daisytoolchain\arm-none-eabi\include\c++\10.2.1\cmath **** #else
 591:c:\program files\daisytoolchain\arm-none-eabi\include\c++\10.2.1\cmath ****   constexpr bool
 592:c:\program files\daisytoolchain\arm-none-eabi\include\c++\10.2.1\cmath ****   isinf(double __x)
 593:c:\program files\daisytoolchain\arm-none-eabi\include\c++\10.2.1\cmath ****   { return __builtin_isinf(__x); }
 594:c:\program files\daisytoolchain\arm-none-eabi\include\c++\10.2.1\cmath **** #endif
 595:c:\program files\daisytoolchain\arm-none-eabi\include\c++\10.2.1\cmath **** 
 596:c:\program files\daisytoolchain\arm-none-eabi\include\c++\10.2.1\cmath ****   constexpr bool
 597:c:\program files\daisytoolchain\arm-none-eabi\include\c++\10.2.1\cmath ****   isinf(long double __x)
 598:c:\program files\daisytoolchain\arm-none-eabi\include\c++\10.2.1\cmath ****   { return __builtin_isinf(__x); }
 599:c:\program files\daisytoolchain\arm-none-eabi\include\c++\10.2.1\cmath **** #endif
 600:c:\program files\daisytoolchain\arm-none-eabi\include\c++\10.2.1\cmath **** 
 601:c:\program files\daisytoolchain\arm-none-eabi\include\c++\10.2.1\cmath **** #ifndef __CORRECT_ISO_CPP11_MATH_H_PROTO_INT
 602:c:\program files\daisytoolchain\arm-none-eabi\include\c++\10.2.1\cmath ****   template<typename _Tp>
 603:c:\program files\daisytoolchain\arm-none-eabi\include\c++\10.2.1\cmath ****     constexpr typename __gnu_cxx::__enable_if<__is_integer<_Tp>::__value,
 604:c:\program files\daisytoolchain\arm-none-eabi\include\c++\10.2.1\cmath ****                                               bool>::__type
 605:c:\program files\daisytoolchain\arm-none-eabi\include\c++\10.2.1\cmath ****     isinf(_Tp __x)
 606:c:\program files\daisytoolchain\arm-none-eabi\include\c++\10.2.1\cmath ****     { return false; }
 607:c:\program files\daisytoolchain\arm-none-eabi\include\c++\10.2.1\cmath **** #endif
 608:c:\program files\daisytoolchain\arm-none-eabi\include\c++\10.2.1\cmath **** 
 609:c:\program files\daisytoolchain\arm-none-eabi\include\c++\10.2.1\cmath **** #ifndef __CORRECT_ISO_CPP11_MATH_H_PROTO_FP
 610:c:\program files\daisytoolchain\arm-none-eabi\include\c++\10.2.1\cmath ****   constexpr bool
 611:c:\program files\daisytoolchain\arm-none-eabi\include\c++\10.2.1\cmath ****   isnan(float __x)
 612:c:\program files\daisytoolchain\arm-none-eabi\include\c++\10.2.1\cmath ****   { return __builtin_isnan(__x); }
 613:c:\program files\daisytoolchain\arm-none-eabi\include\c++\10.2.1\cmath **** 
 614:c:\program files\daisytoolchain\arm-none-eabi\include\c++\10.2.1\cmath **** #if _GLIBCXX_HAVE_OBSOLETE_ISNAN \
 615:c:\program files\daisytoolchain\arm-none-eabi\include\c++\10.2.1\cmath ****   && !_GLIBCXX_NO_OBSOLETE_ISINF_ISNAN_DYNAMIC
 616:c:\program files\daisytoolchain\arm-none-eabi\include\c++\10.2.1\cmath ****   using ::isnan;
 617:c:\program files\daisytoolchain\arm-none-eabi\include\c++\10.2.1\cmath **** #else
 618:c:\program files\daisytoolchain\arm-none-eabi\include\c++\10.2.1\cmath ****   constexpr bool
 619:c:\program files\daisytoolchain\arm-none-eabi\include\c++\10.2.1\cmath ****   isnan(double __x)
 620:c:\program files\daisytoolchain\arm-none-eabi\include\c++\10.2.1\cmath ****   { return __builtin_isnan(__x); }
ARM GAS  C:\Users\aydan\AppData\Local\Temp\ccEUME1T.s 			page 46


 621:c:\program files\daisytoolchain\arm-none-eabi\include\c++\10.2.1\cmath **** #endif
 622:c:\program files\daisytoolchain\arm-none-eabi\include\c++\10.2.1\cmath **** 
 623:c:\program files\daisytoolchain\arm-none-eabi\include\c++\10.2.1\cmath ****   constexpr bool
 624:c:\program files\daisytoolchain\arm-none-eabi\include\c++\10.2.1\cmath ****   isnan(long double __x)
 625:c:\program files\daisytoolchain\arm-none-eabi\include\c++\10.2.1\cmath ****   { return __builtin_isnan(__x); }
 626:c:\program files\daisytoolchain\arm-none-eabi\include\c++\10.2.1\cmath **** #endif
 627:c:\program files\daisytoolchain\arm-none-eabi\include\c++\10.2.1\cmath **** 
 628:c:\program files\daisytoolchain\arm-none-eabi\include\c++\10.2.1\cmath **** #ifndef __CORRECT_ISO_CPP11_MATH_H_PROTO_INT
 629:c:\program files\daisytoolchain\arm-none-eabi\include\c++\10.2.1\cmath ****   template<typename _Tp>
 630:c:\program files\daisytoolchain\arm-none-eabi\include\c++\10.2.1\cmath ****     constexpr typename __gnu_cxx::__enable_if<__is_integer<_Tp>::__value,
 631:c:\program files\daisytoolchain\arm-none-eabi\include\c++\10.2.1\cmath ****                                               bool>::__type
 632:c:\program files\daisytoolchain\arm-none-eabi\include\c++\10.2.1\cmath ****     isnan(_Tp __x)
 633:c:\program files\daisytoolchain\arm-none-eabi\include\c++\10.2.1\cmath ****     { return false; }
 634:c:\program files\daisytoolchain\arm-none-eabi\include\c++\10.2.1\cmath **** #endif
 635:c:\program files\daisytoolchain\arm-none-eabi\include\c++\10.2.1\cmath **** 
 636:c:\program files\daisytoolchain\arm-none-eabi\include\c++\10.2.1\cmath **** #ifndef __CORRECT_ISO_CPP11_MATH_H_PROTO_FP
 637:c:\program files\daisytoolchain\arm-none-eabi\include\c++\10.2.1\cmath ****   constexpr bool
 638:c:\program files\daisytoolchain\arm-none-eabi\include\c++\10.2.1\cmath ****   isnormal(float __x)
 639:c:\program files\daisytoolchain\arm-none-eabi\include\c++\10.2.1\cmath ****   { return __builtin_isnormal(__x); }
 640:c:\program files\daisytoolchain\arm-none-eabi\include\c++\10.2.1\cmath **** 
 641:c:\program files\daisytoolchain\arm-none-eabi\include\c++\10.2.1\cmath ****   constexpr bool
 642:c:\program files\daisytoolchain\arm-none-eabi\include\c++\10.2.1\cmath ****   isnormal(double __x)
 643:c:\program files\daisytoolchain\arm-none-eabi\include\c++\10.2.1\cmath ****   { return __builtin_isnormal(__x); }
 644:c:\program files\daisytoolchain\arm-none-eabi\include\c++\10.2.1\cmath **** 
 645:c:\program files\daisytoolchain\arm-none-eabi\include\c++\10.2.1\cmath ****   constexpr bool
 646:c:\program files\daisytoolchain\arm-none-eabi\include\c++\10.2.1\cmath ****   isnormal(long double __x)
 647:c:\program files\daisytoolchain\arm-none-eabi\include\c++\10.2.1\cmath ****   { return __builtin_isnormal(__x); }
 648:c:\program files\daisytoolchain\arm-none-eabi\include\c++\10.2.1\cmath **** #endif
 649:c:\program files\daisytoolchain\arm-none-eabi\include\c++\10.2.1\cmath **** 
 650:c:\program files\daisytoolchain\arm-none-eabi\include\c++\10.2.1\cmath **** #ifndef __CORRECT_ISO_CPP11_MATH_H_PROTO_INT
 651:c:\program files\daisytoolchain\arm-none-eabi\include\c++\10.2.1\cmath ****   template<typename _Tp>
 652:c:\program files\daisytoolchain\arm-none-eabi\include\c++\10.2.1\cmath ****     constexpr typename __gnu_cxx::__enable_if<__is_integer<_Tp>::__value,
 653:c:\program files\daisytoolchain\arm-none-eabi\include\c++\10.2.1\cmath ****                                               bool>::__type
 654:c:\program files\daisytoolchain\arm-none-eabi\include\c++\10.2.1\cmath ****     isnormal(_Tp __x)
 655:c:\program files\daisytoolchain\arm-none-eabi\include\c++\10.2.1\cmath ****     { return __x != 0 ? true : false; }
 656:c:\program files\daisytoolchain\arm-none-eabi\include\c++\10.2.1\cmath **** #endif
 657:c:\program files\daisytoolchain\arm-none-eabi\include\c++\10.2.1\cmath **** 
 658:c:\program files\daisytoolchain\arm-none-eabi\include\c++\10.2.1\cmath **** #ifndef __CORRECT_ISO_CPP11_MATH_H_PROTO_FP
 659:c:\program files\daisytoolchain\arm-none-eabi\include\c++\10.2.1\cmath ****   // Note: middle-end/36757 is fixed, __builtin_signbit is type-generic.
 660:c:\program files\daisytoolchain\arm-none-eabi\include\c++\10.2.1\cmath ****   constexpr bool
 661:c:\program files\daisytoolchain\arm-none-eabi\include\c++\10.2.1\cmath ****   signbit(float __x)
 662:c:\program files\daisytoolchain\arm-none-eabi\include\c++\10.2.1\cmath ****   { return __builtin_signbit(__x); }
 663:c:\program files\daisytoolchain\arm-none-eabi\include\c++\10.2.1\cmath **** 
 664:c:\program files\daisytoolchain\arm-none-eabi\include\c++\10.2.1\cmath ****   constexpr bool
 665:c:\program files\daisytoolchain\arm-none-eabi\include\c++\10.2.1\cmath ****   signbit(double __x)
 666:c:\program files\daisytoolchain\arm-none-eabi\include\c++\10.2.1\cmath ****   { return __builtin_signbit(__x); }
 667:c:\program files\daisytoolchain\arm-none-eabi\include\c++\10.2.1\cmath **** 
 668:c:\program files\daisytoolchain\arm-none-eabi\include\c++\10.2.1\cmath ****   constexpr bool
 669:c:\program files\daisytoolchain\arm-none-eabi\include\c++\10.2.1\cmath ****   signbit(long double __x)
 670:c:\program files\daisytoolchain\arm-none-eabi\include\c++\10.2.1\cmath ****   { return __builtin_signbit(__x); }
 671:c:\program files\daisytoolchain\arm-none-eabi\include\c++\10.2.1\cmath **** #endif
 672:c:\program files\daisytoolchain\arm-none-eabi\include\c++\10.2.1\cmath **** 
 673:c:\program files\daisytoolchain\arm-none-eabi\include\c++\10.2.1\cmath **** #ifndef __CORRECT_ISO_CPP11_MATH_H_PROTO_INT
 674:c:\program files\daisytoolchain\arm-none-eabi\include\c++\10.2.1\cmath ****   template<typename _Tp>
 675:c:\program files\daisytoolchain\arm-none-eabi\include\c++\10.2.1\cmath ****     constexpr typename __gnu_cxx::__enable_if<__is_integer<_Tp>::__value,
 676:c:\program files\daisytoolchain\arm-none-eabi\include\c++\10.2.1\cmath ****                                               bool>::__type
 677:c:\program files\daisytoolchain\arm-none-eabi\include\c++\10.2.1\cmath ****     signbit(_Tp __x)
ARM GAS  C:\Users\aydan\AppData\Local\Temp\ccEUME1T.s 			page 47


 678:c:\program files\daisytoolchain\arm-none-eabi\include\c++\10.2.1\cmath ****     { return __x < 0 ? true : false; }
 679:c:\program files\daisytoolchain\arm-none-eabi\include\c++\10.2.1\cmath **** #endif
 680:c:\program files\daisytoolchain\arm-none-eabi\include\c++\10.2.1\cmath **** 
 681:c:\program files\daisytoolchain\arm-none-eabi\include\c++\10.2.1\cmath **** #ifndef __CORRECT_ISO_CPP11_MATH_H_PROTO_FP
 682:c:\program files\daisytoolchain\arm-none-eabi\include\c++\10.2.1\cmath ****   constexpr bool
 683:c:\program files\daisytoolchain\arm-none-eabi\include\c++\10.2.1\cmath ****   isgreater(float __x, float __y)
 684:c:\program files\daisytoolchain\arm-none-eabi\include\c++\10.2.1\cmath ****   { return __builtin_isgreater(__x, __y); }
 685:c:\program files\daisytoolchain\arm-none-eabi\include\c++\10.2.1\cmath **** 
 686:c:\program files\daisytoolchain\arm-none-eabi\include\c++\10.2.1\cmath ****   constexpr bool
 687:c:\program files\daisytoolchain\arm-none-eabi\include\c++\10.2.1\cmath ****   isgreater(double __x, double __y)
 688:c:\program files\daisytoolchain\arm-none-eabi\include\c++\10.2.1\cmath ****   { return __builtin_isgreater(__x, __y); }
 689:c:\program files\daisytoolchain\arm-none-eabi\include\c++\10.2.1\cmath **** 
 690:c:\program files\daisytoolchain\arm-none-eabi\include\c++\10.2.1\cmath ****   constexpr bool
 691:c:\program files\daisytoolchain\arm-none-eabi\include\c++\10.2.1\cmath ****   isgreater(long double __x, long double __y)
 692:c:\program files\daisytoolchain\arm-none-eabi\include\c++\10.2.1\cmath ****   { return __builtin_isgreater(__x, __y); }
 693:c:\program files\daisytoolchain\arm-none-eabi\include\c++\10.2.1\cmath **** #endif
 694:c:\program files\daisytoolchain\arm-none-eabi\include\c++\10.2.1\cmath **** 
 695:c:\program files\daisytoolchain\arm-none-eabi\include\c++\10.2.1\cmath **** #ifndef __CORRECT_ISO_CPP11_MATH_H_PROTO_INT
 696:c:\program files\daisytoolchain\arm-none-eabi\include\c++\10.2.1\cmath ****   template<typename _Tp, typename _Up>
 697:c:\program files\daisytoolchain\arm-none-eabi\include\c++\10.2.1\cmath ****     constexpr typename
 698:c:\program files\daisytoolchain\arm-none-eabi\include\c++\10.2.1\cmath ****     __gnu_cxx::__enable_if<(__is_arithmetic<_Tp>::__value
 699:c:\program files\daisytoolchain\arm-none-eabi\include\c++\10.2.1\cmath **** 			    && __is_arithmetic<_Up>::__value), bool>::__type
 700:c:\program files\daisytoolchain\arm-none-eabi\include\c++\10.2.1\cmath ****     isgreater(_Tp __x, _Up __y)
 701:c:\program files\daisytoolchain\arm-none-eabi\include\c++\10.2.1\cmath ****     {
 702:c:\program files\daisytoolchain\arm-none-eabi\include\c++\10.2.1\cmath ****       typedef typename __gnu_cxx::__promote_2<_Tp, _Up>::__type __type;
 703:c:\program files\daisytoolchain\arm-none-eabi\include\c++\10.2.1\cmath ****       return __builtin_isgreater(__type(__x), __type(__y));
 704:c:\program files\daisytoolchain\arm-none-eabi\include\c++\10.2.1\cmath ****     }
 705:c:\program files\daisytoolchain\arm-none-eabi\include\c++\10.2.1\cmath **** #endif
 706:c:\program files\daisytoolchain\arm-none-eabi\include\c++\10.2.1\cmath **** 
 707:c:\program files\daisytoolchain\arm-none-eabi\include\c++\10.2.1\cmath **** #ifndef __CORRECT_ISO_CPP11_MATH_H_PROTO_FP
 708:c:\program files\daisytoolchain\arm-none-eabi\include\c++\10.2.1\cmath ****   constexpr bool
 709:c:\program files\daisytoolchain\arm-none-eabi\include\c++\10.2.1\cmath ****   isgreaterequal(float __x, float __y)
 710:c:\program files\daisytoolchain\arm-none-eabi\include\c++\10.2.1\cmath ****   { return __builtin_isgreaterequal(__x, __y); }
 711:c:\program files\daisytoolchain\arm-none-eabi\include\c++\10.2.1\cmath **** 
 712:c:\program files\daisytoolchain\arm-none-eabi\include\c++\10.2.1\cmath ****   constexpr bool
 713:c:\program files\daisytoolchain\arm-none-eabi\include\c++\10.2.1\cmath ****   isgreaterequal(double __x, double __y)
 714:c:\program files\daisytoolchain\arm-none-eabi\include\c++\10.2.1\cmath ****   { return __builtin_isgreaterequal(__x, __y); }
 715:c:\program files\daisytoolchain\arm-none-eabi\include\c++\10.2.1\cmath **** 
 716:c:\program files\daisytoolchain\arm-none-eabi\include\c++\10.2.1\cmath ****   constexpr bool
 717:c:\program files\daisytoolchain\arm-none-eabi\include\c++\10.2.1\cmath ****   isgreaterequal(long double __x, long double __y)
 718:c:\program files\daisytoolchain\arm-none-eabi\include\c++\10.2.1\cmath ****   { return __builtin_isgreaterequal(__x, __y); }
 719:c:\program files\daisytoolchain\arm-none-eabi\include\c++\10.2.1\cmath **** #endif
 720:c:\program files\daisytoolchain\arm-none-eabi\include\c++\10.2.1\cmath **** 
 721:c:\program files\daisytoolchain\arm-none-eabi\include\c++\10.2.1\cmath **** #ifndef __CORRECT_ISO_CPP11_MATH_H_PROTO_INT
 722:c:\program files\daisytoolchain\arm-none-eabi\include\c++\10.2.1\cmath ****   template<typename _Tp, typename _Up>
 723:c:\program files\daisytoolchain\arm-none-eabi\include\c++\10.2.1\cmath ****     constexpr typename
 724:c:\program files\daisytoolchain\arm-none-eabi\include\c++\10.2.1\cmath ****     __gnu_cxx::__enable_if<(__is_arithmetic<_Tp>::__value
 725:c:\program files\daisytoolchain\arm-none-eabi\include\c++\10.2.1\cmath **** 			    && __is_arithmetic<_Up>::__value), bool>::__type
 726:c:\program files\daisytoolchain\arm-none-eabi\include\c++\10.2.1\cmath ****     isgreaterequal(_Tp __x, _Up __y)
 727:c:\program files\daisytoolchain\arm-none-eabi\include\c++\10.2.1\cmath ****     {
 728:c:\program files\daisytoolchain\arm-none-eabi\include\c++\10.2.1\cmath ****       typedef typename __gnu_cxx::__promote_2<_Tp, _Up>::__type __type;
 729:c:\program files\daisytoolchain\arm-none-eabi\include\c++\10.2.1\cmath ****       return __builtin_isgreaterequal(__type(__x), __type(__y));
 730:c:\program files\daisytoolchain\arm-none-eabi\include\c++\10.2.1\cmath ****     }
 731:c:\program files\daisytoolchain\arm-none-eabi\include\c++\10.2.1\cmath **** #endif
 732:c:\program files\daisytoolchain\arm-none-eabi\include\c++\10.2.1\cmath **** 
 733:c:\program files\daisytoolchain\arm-none-eabi\include\c++\10.2.1\cmath **** #ifndef __CORRECT_ISO_CPP11_MATH_H_PROTO_FP
 734:c:\program files\daisytoolchain\arm-none-eabi\include\c++\10.2.1\cmath ****   constexpr bool
ARM GAS  C:\Users\aydan\AppData\Local\Temp\ccEUME1T.s 			page 48


 735:c:\program files\daisytoolchain\arm-none-eabi\include\c++\10.2.1\cmath ****   isless(float __x, float __y)
 736:c:\program files\daisytoolchain\arm-none-eabi\include\c++\10.2.1\cmath ****   { return __builtin_isless(__x, __y); }
 737:c:\program files\daisytoolchain\arm-none-eabi\include\c++\10.2.1\cmath **** 
 738:c:\program files\daisytoolchain\arm-none-eabi\include\c++\10.2.1\cmath ****   constexpr bool
 739:c:\program files\daisytoolchain\arm-none-eabi\include\c++\10.2.1\cmath ****   isless(double __x, double __y)
 740:c:\program files\daisytoolchain\arm-none-eabi\include\c++\10.2.1\cmath ****   { return __builtin_isless(__x, __y); }
 741:c:\program files\daisytoolchain\arm-none-eabi\include\c++\10.2.1\cmath **** 
 742:c:\program files\daisytoolchain\arm-none-eabi\include\c++\10.2.1\cmath ****   constexpr bool
 743:c:\program files\daisytoolchain\arm-none-eabi\include\c++\10.2.1\cmath ****   isless(long double __x, long double __y)
 744:c:\program files\daisytoolchain\arm-none-eabi\include\c++\10.2.1\cmath ****   { return __builtin_isless(__x, __y); }
 745:c:\program files\daisytoolchain\arm-none-eabi\include\c++\10.2.1\cmath **** #endif
 746:c:\program files\daisytoolchain\arm-none-eabi\include\c++\10.2.1\cmath **** 
 747:c:\program files\daisytoolchain\arm-none-eabi\include\c++\10.2.1\cmath **** #ifndef __CORRECT_ISO_CPP11_MATH_H_PROTO_INT
 748:c:\program files\daisytoolchain\arm-none-eabi\include\c++\10.2.1\cmath ****   template<typename _Tp, typename _Up>
 749:c:\program files\daisytoolchain\arm-none-eabi\include\c++\10.2.1\cmath ****     constexpr typename
 750:c:\program files\daisytoolchain\arm-none-eabi\include\c++\10.2.1\cmath ****     __gnu_cxx::__enable_if<(__is_arithmetic<_Tp>::__value
 751:c:\program files\daisytoolchain\arm-none-eabi\include\c++\10.2.1\cmath **** 			    && __is_arithmetic<_Up>::__value), bool>::__type
 752:c:\program files\daisytoolchain\arm-none-eabi\include\c++\10.2.1\cmath ****     isless(_Tp __x, _Up __y)
 753:c:\program files\daisytoolchain\arm-none-eabi\include\c++\10.2.1\cmath ****     {
 754:c:\program files\daisytoolchain\arm-none-eabi\include\c++\10.2.1\cmath ****       typedef typename __gnu_cxx::__promote_2<_Tp, _Up>::__type __type;
 755:c:\program files\daisytoolchain\arm-none-eabi\include\c++\10.2.1\cmath ****       return __builtin_isless(__type(__x), __type(__y));
 756:c:\program files\daisytoolchain\arm-none-eabi\include\c++\10.2.1\cmath ****     }
 757:c:\program files\daisytoolchain\arm-none-eabi\include\c++\10.2.1\cmath **** #endif
 758:c:\program files\daisytoolchain\arm-none-eabi\include\c++\10.2.1\cmath **** 
 759:c:\program files\daisytoolchain\arm-none-eabi\include\c++\10.2.1\cmath **** #ifndef __CORRECT_ISO_CPP11_MATH_H_PROTO_FP
 760:c:\program files\daisytoolchain\arm-none-eabi\include\c++\10.2.1\cmath ****   constexpr bool
 761:c:\program files\daisytoolchain\arm-none-eabi\include\c++\10.2.1\cmath ****   islessequal(float __x, float __y)
 762:c:\program files\daisytoolchain\arm-none-eabi\include\c++\10.2.1\cmath ****   { return __builtin_islessequal(__x, __y); }
 763:c:\program files\daisytoolchain\arm-none-eabi\include\c++\10.2.1\cmath **** 
 764:c:\program files\daisytoolchain\arm-none-eabi\include\c++\10.2.1\cmath ****   constexpr bool
 765:c:\program files\daisytoolchain\arm-none-eabi\include\c++\10.2.1\cmath ****   islessequal(double __x, double __y)
 766:c:\program files\daisytoolchain\arm-none-eabi\include\c++\10.2.1\cmath ****   { return __builtin_islessequal(__x, __y); }
 767:c:\program files\daisytoolchain\arm-none-eabi\include\c++\10.2.1\cmath **** 
 768:c:\program files\daisytoolchain\arm-none-eabi\include\c++\10.2.1\cmath ****   constexpr bool
 769:c:\program files\daisytoolchain\arm-none-eabi\include\c++\10.2.1\cmath ****   islessequal(long double __x, long double __y)
 770:c:\program files\daisytoolchain\arm-none-eabi\include\c++\10.2.1\cmath ****   { return __builtin_islessequal(__x, __y); }
 771:c:\program files\daisytoolchain\arm-none-eabi\include\c++\10.2.1\cmath **** #endif
 772:c:\program files\daisytoolchain\arm-none-eabi\include\c++\10.2.1\cmath **** 
 773:c:\program files\daisytoolchain\arm-none-eabi\include\c++\10.2.1\cmath **** #ifndef __CORRECT_ISO_CPP11_MATH_H_PROTO_INT
 774:c:\program files\daisytoolchain\arm-none-eabi\include\c++\10.2.1\cmath ****   template<typename _Tp, typename _Up>
 775:c:\program files\daisytoolchain\arm-none-eabi\include\c++\10.2.1\cmath ****     constexpr typename
 776:c:\program files\daisytoolchain\arm-none-eabi\include\c++\10.2.1\cmath ****     __gnu_cxx::__enable_if<(__is_arithmetic<_Tp>::__value
 777:c:\program files\daisytoolchain\arm-none-eabi\include\c++\10.2.1\cmath **** 			    && __is_arithmetic<_Up>::__value), bool>::__type
 778:c:\program files\daisytoolchain\arm-none-eabi\include\c++\10.2.1\cmath ****     islessequal(_Tp __x, _Up __y)
 779:c:\program files\daisytoolchain\arm-none-eabi\include\c++\10.2.1\cmath ****     {
 780:c:\program files\daisytoolchain\arm-none-eabi\include\c++\10.2.1\cmath ****       typedef typename __gnu_cxx::__promote_2<_Tp, _Up>::__type __type;
 781:c:\program files\daisytoolchain\arm-none-eabi\include\c++\10.2.1\cmath ****       return __builtin_islessequal(__type(__x), __type(__y));
 782:c:\program files\daisytoolchain\arm-none-eabi\include\c++\10.2.1\cmath ****     }
 783:c:\program files\daisytoolchain\arm-none-eabi\include\c++\10.2.1\cmath **** #endif
 784:c:\program files\daisytoolchain\arm-none-eabi\include\c++\10.2.1\cmath **** 
 785:c:\program files\daisytoolchain\arm-none-eabi\include\c++\10.2.1\cmath **** #ifndef __CORRECT_ISO_CPP11_MATH_H_PROTO_FP
 786:c:\program files\daisytoolchain\arm-none-eabi\include\c++\10.2.1\cmath ****   constexpr bool
 787:c:\program files\daisytoolchain\arm-none-eabi\include\c++\10.2.1\cmath ****   islessgreater(float __x, float __y)
 788:c:\program files\daisytoolchain\arm-none-eabi\include\c++\10.2.1\cmath ****   { return __builtin_islessgreater(__x, __y); }
 789:c:\program files\daisytoolchain\arm-none-eabi\include\c++\10.2.1\cmath **** 
 790:c:\program files\daisytoolchain\arm-none-eabi\include\c++\10.2.1\cmath ****   constexpr bool
 791:c:\program files\daisytoolchain\arm-none-eabi\include\c++\10.2.1\cmath ****   islessgreater(double __x, double __y)
ARM GAS  C:\Users\aydan\AppData\Local\Temp\ccEUME1T.s 			page 49


 792:c:\program files\daisytoolchain\arm-none-eabi\include\c++\10.2.1\cmath ****   { return __builtin_islessgreater(__x, __y); }
 793:c:\program files\daisytoolchain\arm-none-eabi\include\c++\10.2.1\cmath **** 
 794:c:\program files\daisytoolchain\arm-none-eabi\include\c++\10.2.1\cmath ****   constexpr bool
 795:c:\program files\daisytoolchain\arm-none-eabi\include\c++\10.2.1\cmath ****   islessgreater(long double __x, long double __y)
 796:c:\program files\daisytoolchain\arm-none-eabi\include\c++\10.2.1\cmath ****   { return __builtin_islessgreater(__x, __y); }
 797:c:\program files\daisytoolchain\arm-none-eabi\include\c++\10.2.1\cmath **** #endif
 798:c:\program files\daisytoolchain\arm-none-eabi\include\c++\10.2.1\cmath **** 
 799:c:\program files\daisytoolchain\arm-none-eabi\include\c++\10.2.1\cmath **** #ifndef __CORRECT_ISO_CPP11_MATH_H_PROTO_INT
 800:c:\program files\daisytoolchain\arm-none-eabi\include\c++\10.2.1\cmath ****   template<typename _Tp, typename _Up>
 801:c:\program files\daisytoolchain\arm-none-eabi\include\c++\10.2.1\cmath ****     constexpr typename
 802:c:\program files\daisytoolchain\arm-none-eabi\include\c++\10.2.1\cmath ****     __gnu_cxx::__enable_if<(__is_arithmetic<_Tp>::__value
 803:c:\program files\daisytoolchain\arm-none-eabi\include\c++\10.2.1\cmath **** 			    && __is_arithmetic<_Up>::__value), bool>::__type
 804:c:\program files\daisytoolchain\arm-none-eabi\include\c++\10.2.1\cmath ****     islessgreater(_Tp __x, _Up __y)
 805:c:\program files\daisytoolchain\arm-none-eabi\include\c++\10.2.1\cmath ****     {
 806:c:\program files\daisytoolchain\arm-none-eabi\include\c++\10.2.1\cmath ****       typedef typename __gnu_cxx::__promote_2<_Tp, _Up>::__type __type;
 807:c:\program files\daisytoolchain\arm-none-eabi\include\c++\10.2.1\cmath ****       return __builtin_islessgreater(__type(__x), __type(__y));
 808:c:\program files\daisytoolchain\arm-none-eabi\include\c++\10.2.1\cmath ****     }
 809:c:\program files\daisytoolchain\arm-none-eabi\include\c++\10.2.1\cmath **** #endif
 810:c:\program files\daisytoolchain\arm-none-eabi\include\c++\10.2.1\cmath **** 
 811:c:\program files\daisytoolchain\arm-none-eabi\include\c++\10.2.1\cmath **** #ifndef __CORRECT_ISO_CPP11_MATH_H_PROTO_FP
 812:c:\program files\daisytoolchain\arm-none-eabi\include\c++\10.2.1\cmath ****   constexpr bool
 813:c:\program files\daisytoolchain\arm-none-eabi\include\c++\10.2.1\cmath ****   isunordered(float __x, float __y)
 814:c:\program files\daisytoolchain\arm-none-eabi\include\c++\10.2.1\cmath ****   { return __builtin_isunordered(__x, __y); }
 815:c:\program files\daisytoolchain\arm-none-eabi\include\c++\10.2.1\cmath **** 
 816:c:\program files\daisytoolchain\arm-none-eabi\include\c++\10.2.1\cmath ****   constexpr bool
 817:c:\program files\daisytoolchain\arm-none-eabi\include\c++\10.2.1\cmath ****   isunordered(double __x, double __y)
 818:c:\program files\daisytoolchain\arm-none-eabi\include\c++\10.2.1\cmath ****   { return __builtin_isunordered(__x, __y); }
 819:c:\program files\daisytoolchain\arm-none-eabi\include\c++\10.2.1\cmath **** 
 820:c:\program files\daisytoolchain\arm-none-eabi\include\c++\10.2.1\cmath ****   constexpr bool
 821:c:\program files\daisytoolchain\arm-none-eabi\include\c++\10.2.1\cmath ****   isunordered(long double __x, long double __y)
 822:c:\program files\daisytoolchain\arm-none-eabi\include\c++\10.2.1\cmath ****   { return __builtin_isunordered(__x, __y); }
 823:c:\program files\daisytoolchain\arm-none-eabi\include\c++\10.2.1\cmath **** #endif
 824:c:\program files\daisytoolchain\arm-none-eabi\include\c++\10.2.1\cmath **** 
 825:c:\program files\daisytoolchain\arm-none-eabi\include\c++\10.2.1\cmath **** #ifndef __CORRECT_ISO_CPP11_MATH_H_PROTO_INT
 826:c:\program files\daisytoolchain\arm-none-eabi\include\c++\10.2.1\cmath ****   template<typename _Tp, typename _Up>
 827:c:\program files\daisytoolchain\arm-none-eabi\include\c++\10.2.1\cmath ****     constexpr typename
 828:c:\program files\daisytoolchain\arm-none-eabi\include\c++\10.2.1\cmath ****     __gnu_cxx::__enable_if<(__is_arithmetic<_Tp>::__value
 829:c:\program files\daisytoolchain\arm-none-eabi\include\c++\10.2.1\cmath **** 			    && __is_arithmetic<_Up>::__value), bool>::__type
 830:c:\program files\daisytoolchain\arm-none-eabi\include\c++\10.2.1\cmath ****     isunordered(_Tp __x, _Up __y)
 831:c:\program files\daisytoolchain\arm-none-eabi\include\c++\10.2.1\cmath ****     {
 832:c:\program files\daisytoolchain\arm-none-eabi\include\c++\10.2.1\cmath ****       typedef typename __gnu_cxx::__promote_2<_Tp, _Up>::__type __type;
 833:c:\program files\daisytoolchain\arm-none-eabi\include\c++\10.2.1\cmath ****       return __builtin_isunordered(__type(__x), __type(__y));
 834:c:\program files\daisytoolchain\arm-none-eabi\include\c++\10.2.1\cmath ****     }
 835:c:\program files\daisytoolchain\arm-none-eabi\include\c++\10.2.1\cmath **** #endif
 836:c:\program files\daisytoolchain\arm-none-eabi\include\c++\10.2.1\cmath **** 
 837:c:\program files\daisytoolchain\arm-none-eabi\include\c++\10.2.1\cmath **** #else
 838:c:\program files\daisytoolchain\arm-none-eabi\include\c++\10.2.1\cmath **** 
 839:c:\program files\daisytoolchain\arm-none-eabi\include\c++\10.2.1\cmath ****   template<typename _Tp>
 840:c:\program files\daisytoolchain\arm-none-eabi\include\c++\10.2.1\cmath ****     inline typename __gnu_cxx::__enable_if<__is_arithmetic<_Tp>::__value,
 841:c:\program files\daisytoolchain\arm-none-eabi\include\c++\10.2.1\cmath **** 					   int>::__type
 842:c:\program files\daisytoolchain\arm-none-eabi\include\c++\10.2.1\cmath ****     fpclassify(_Tp __f)
 843:c:\program files\daisytoolchain\arm-none-eabi\include\c++\10.2.1\cmath ****     {
 844:c:\program files\daisytoolchain\arm-none-eabi\include\c++\10.2.1\cmath ****       typedef typename __gnu_cxx::__promote<_Tp>::__type __type;
 845:c:\program files\daisytoolchain\arm-none-eabi\include\c++\10.2.1\cmath ****       return __builtin_fpclassify(FP_NAN, FP_INFINITE, FP_NORMAL,
 846:c:\program files\daisytoolchain\arm-none-eabi\include\c++\10.2.1\cmath **** 				  FP_SUBNORMAL, FP_ZERO, __type(__f));
 847:c:\program files\daisytoolchain\arm-none-eabi\include\c++\10.2.1\cmath ****     }
 848:c:\program files\daisytoolchain\arm-none-eabi\include\c++\10.2.1\cmath **** 
ARM GAS  C:\Users\aydan\AppData\Local\Temp\ccEUME1T.s 			page 50


 849:c:\program files\daisytoolchain\arm-none-eabi\include\c++\10.2.1\cmath ****   template<typename _Tp>
 850:c:\program files\daisytoolchain\arm-none-eabi\include\c++\10.2.1\cmath ****     inline typename __gnu_cxx::__enable_if<__is_arithmetic<_Tp>::__value,
 851:c:\program files\daisytoolchain\arm-none-eabi\include\c++\10.2.1\cmath **** 					   int>::__type
 852:c:\program files\daisytoolchain\arm-none-eabi\include\c++\10.2.1\cmath ****     isfinite(_Tp __f)
 853:c:\program files\daisytoolchain\arm-none-eabi\include\c++\10.2.1\cmath ****     {
 854:c:\program files\daisytoolchain\arm-none-eabi\include\c++\10.2.1\cmath ****       typedef typename __gnu_cxx::__promote<_Tp>::__type __type;
 855:c:\program files\daisytoolchain\arm-none-eabi\include\c++\10.2.1\cmath ****       return __builtin_isfinite(__type(__f));
 856:c:\program files\daisytoolchain\arm-none-eabi\include\c++\10.2.1\cmath ****     }
 857:c:\program files\daisytoolchain\arm-none-eabi\include\c++\10.2.1\cmath **** 
 858:c:\program files\daisytoolchain\arm-none-eabi\include\c++\10.2.1\cmath ****   template<typename _Tp>
 859:c:\program files\daisytoolchain\arm-none-eabi\include\c++\10.2.1\cmath ****     inline typename __gnu_cxx::__enable_if<__is_arithmetic<_Tp>::__value,
 860:c:\program files\daisytoolchain\arm-none-eabi\include\c++\10.2.1\cmath **** 					   int>::__type
 861:c:\program files\daisytoolchain\arm-none-eabi\include\c++\10.2.1\cmath ****     isinf(_Tp __f)
 862:c:\program files\daisytoolchain\arm-none-eabi\include\c++\10.2.1\cmath ****     {
 863:c:\program files\daisytoolchain\arm-none-eabi\include\c++\10.2.1\cmath ****       typedef typename __gnu_cxx::__promote<_Tp>::__type __type;
 864:c:\program files\daisytoolchain\arm-none-eabi\include\c++\10.2.1\cmath ****       return __builtin_isinf(__type(__f));
 865:c:\program files\daisytoolchain\arm-none-eabi\include\c++\10.2.1\cmath ****     }
 866:c:\program files\daisytoolchain\arm-none-eabi\include\c++\10.2.1\cmath **** 
 867:c:\program files\daisytoolchain\arm-none-eabi\include\c++\10.2.1\cmath ****   template<typename _Tp>
 868:c:\program files\daisytoolchain\arm-none-eabi\include\c++\10.2.1\cmath ****     inline typename __gnu_cxx::__enable_if<__is_arithmetic<_Tp>::__value,
 869:c:\program files\daisytoolchain\arm-none-eabi\include\c++\10.2.1\cmath **** 					   int>::__type
 870:c:\program files\daisytoolchain\arm-none-eabi\include\c++\10.2.1\cmath ****     isnan(_Tp __f)
 871:c:\program files\daisytoolchain\arm-none-eabi\include\c++\10.2.1\cmath ****     {
 872:c:\program files\daisytoolchain\arm-none-eabi\include\c++\10.2.1\cmath ****       typedef typename __gnu_cxx::__promote<_Tp>::__type __type;
 873:c:\program files\daisytoolchain\arm-none-eabi\include\c++\10.2.1\cmath ****       return __builtin_isnan(__type(__f));
 874:c:\program files\daisytoolchain\arm-none-eabi\include\c++\10.2.1\cmath ****     }
 875:c:\program files\daisytoolchain\arm-none-eabi\include\c++\10.2.1\cmath **** 
 876:c:\program files\daisytoolchain\arm-none-eabi\include\c++\10.2.1\cmath ****   template<typename _Tp>
 877:c:\program files\daisytoolchain\arm-none-eabi\include\c++\10.2.1\cmath ****     inline typename __gnu_cxx::__enable_if<__is_arithmetic<_Tp>::__value,
 878:c:\program files\daisytoolchain\arm-none-eabi\include\c++\10.2.1\cmath **** 					   int>::__type
 879:c:\program files\daisytoolchain\arm-none-eabi\include\c++\10.2.1\cmath ****     isnormal(_Tp __f)
 880:c:\program files\daisytoolchain\arm-none-eabi\include\c++\10.2.1\cmath ****     {
 881:c:\program files\daisytoolchain\arm-none-eabi\include\c++\10.2.1\cmath ****       typedef typename __gnu_cxx::__promote<_Tp>::__type __type;
 882:c:\program files\daisytoolchain\arm-none-eabi\include\c++\10.2.1\cmath ****       return __builtin_isnormal(__type(__f));
 883:c:\program files\daisytoolchain\arm-none-eabi\include\c++\10.2.1\cmath ****     }
 884:c:\program files\daisytoolchain\arm-none-eabi\include\c++\10.2.1\cmath **** 
 885:c:\program files\daisytoolchain\arm-none-eabi\include\c++\10.2.1\cmath ****   template<typename _Tp>
 886:c:\program files\daisytoolchain\arm-none-eabi\include\c++\10.2.1\cmath ****     inline typename __gnu_cxx::__enable_if<__is_arithmetic<_Tp>::__value,
 887:c:\program files\daisytoolchain\arm-none-eabi\include\c++\10.2.1\cmath **** 					   int>::__type
 888:c:\program files\daisytoolchain\arm-none-eabi\include\c++\10.2.1\cmath ****     signbit(_Tp __f)
 889:c:\program files\daisytoolchain\arm-none-eabi\include\c++\10.2.1\cmath ****     {
 890:c:\program files\daisytoolchain\arm-none-eabi\include\c++\10.2.1\cmath ****       typedef typename __gnu_cxx::__promote<_Tp>::__type __type;
 891:c:\program files\daisytoolchain\arm-none-eabi\include\c++\10.2.1\cmath ****       return __builtin_signbit(__type(__f));
 892:c:\program files\daisytoolchain\arm-none-eabi\include\c++\10.2.1\cmath ****     }
 893:c:\program files\daisytoolchain\arm-none-eabi\include\c++\10.2.1\cmath **** 
 894:c:\program files\daisytoolchain\arm-none-eabi\include\c++\10.2.1\cmath ****   template<typename _Tp>
 895:c:\program files\daisytoolchain\arm-none-eabi\include\c++\10.2.1\cmath ****     inline typename __gnu_cxx::__enable_if<__is_arithmetic<_Tp>::__value,
 896:c:\program files\daisytoolchain\arm-none-eabi\include\c++\10.2.1\cmath **** 					   int>::__type
 897:c:\program files\daisytoolchain\arm-none-eabi\include\c++\10.2.1\cmath ****     isgreater(_Tp __f1, _Tp __f2)
 898:c:\program files\daisytoolchain\arm-none-eabi\include\c++\10.2.1\cmath ****     {
 899:c:\program files\daisytoolchain\arm-none-eabi\include\c++\10.2.1\cmath ****       typedef typename __gnu_cxx::__promote<_Tp>::__type __type;
 900:c:\program files\daisytoolchain\arm-none-eabi\include\c++\10.2.1\cmath ****       return __builtin_isgreater(__type(__f1), __type(__f2));
 901:c:\program files\daisytoolchain\arm-none-eabi\include\c++\10.2.1\cmath ****     }
 902:c:\program files\daisytoolchain\arm-none-eabi\include\c++\10.2.1\cmath **** 
 903:c:\program files\daisytoolchain\arm-none-eabi\include\c++\10.2.1\cmath ****   template<typename _Tp>
 904:c:\program files\daisytoolchain\arm-none-eabi\include\c++\10.2.1\cmath ****     inline typename __gnu_cxx::__enable_if<__is_arithmetic<_Tp>::__value,
 905:c:\program files\daisytoolchain\arm-none-eabi\include\c++\10.2.1\cmath **** 					   int>::__type
ARM GAS  C:\Users\aydan\AppData\Local\Temp\ccEUME1T.s 			page 51


 906:c:\program files\daisytoolchain\arm-none-eabi\include\c++\10.2.1\cmath ****     isgreaterequal(_Tp __f1, _Tp __f2)
 907:c:\program files\daisytoolchain\arm-none-eabi\include\c++\10.2.1\cmath ****     {
 908:c:\program files\daisytoolchain\arm-none-eabi\include\c++\10.2.1\cmath ****       typedef typename __gnu_cxx::__promote<_Tp>::__type __type;
 909:c:\program files\daisytoolchain\arm-none-eabi\include\c++\10.2.1\cmath ****       return __builtin_isgreaterequal(__type(__f1), __type(__f2));
 910:c:\program files\daisytoolchain\arm-none-eabi\include\c++\10.2.1\cmath ****     }
 911:c:\program files\daisytoolchain\arm-none-eabi\include\c++\10.2.1\cmath **** 
 912:c:\program files\daisytoolchain\arm-none-eabi\include\c++\10.2.1\cmath ****   template<typename _Tp>
 913:c:\program files\daisytoolchain\arm-none-eabi\include\c++\10.2.1\cmath ****     inline typename __gnu_cxx::__enable_if<__is_arithmetic<_Tp>::__value,
 914:c:\program files\daisytoolchain\arm-none-eabi\include\c++\10.2.1\cmath **** 					   int>::__type
 915:c:\program files\daisytoolchain\arm-none-eabi\include\c++\10.2.1\cmath ****     isless(_Tp __f1, _Tp __f2)
 916:c:\program files\daisytoolchain\arm-none-eabi\include\c++\10.2.1\cmath ****     {
 917:c:\program files\daisytoolchain\arm-none-eabi\include\c++\10.2.1\cmath ****       typedef typename __gnu_cxx::__promote<_Tp>::__type __type;
 918:c:\program files\daisytoolchain\arm-none-eabi\include\c++\10.2.1\cmath ****       return __builtin_isless(__type(__f1), __type(__f2));
 919:c:\program files\daisytoolchain\arm-none-eabi\include\c++\10.2.1\cmath ****     }
 920:c:\program files\daisytoolchain\arm-none-eabi\include\c++\10.2.1\cmath **** 
 921:c:\program files\daisytoolchain\arm-none-eabi\include\c++\10.2.1\cmath ****   template<typename _Tp>
 922:c:\program files\daisytoolchain\arm-none-eabi\include\c++\10.2.1\cmath ****     inline typename __gnu_cxx::__enable_if<__is_arithmetic<_Tp>::__value,
 923:c:\program files\daisytoolchain\arm-none-eabi\include\c++\10.2.1\cmath **** 					   int>::__type
 924:c:\program files\daisytoolchain\arm-none-eabi\include\c++\10.2.1\cmath ****     islessequal(_Tp __f1, _Tp __f2)
 925:c:\program files\daisytoolchain\arm-none-eabi\include\c++\10.2.1\cmath ****     {
 926:c:\program files\daisytoolchain\arm-none-eabi\include\c++\10.2.1\cmath ****       typedef typename __gnu_cxx::__promote<_Tp>::__type __type;
 927:c:\program files\daisytoolchain\arm-none-eabi\include\c++\10.2.1\cmath ****       return __builtin_islessequal(__type(__f1), __type(__f2));
 928:c:\program files\daisytoolchain\arm-none-eabi\include\c++\10.2.1\cmath ****     }
 929:c:\program files\daisytoolchain\arm-none-eabi\include\c++\10.2.1\cmath **** 
 930:c:\program files\daisytoolchain\arm-none-eabi\include\c++\10.2.1\cmath ****   template<typename _Tp>
 931:c:\program files\daisytoolchain\arm-none-eabi\include\c++\10.2.1\cmath ****     inline typename __gnu_cxx::__enable_if<__is_arithmetic<_Tp>::__value,
 932:c:\program files\daisytoolchain\arm-none-eabi\include\c++\10.2.1\cmath **** 					   int>::__type
 933:c:\program files\daisytoolchain\arm-none-eabi\include\c++\10.2.1\cmath ****     islessgreater(_Tp __f1, _Tp __f2)
 934:c:\program files\daisytoolchain\arm-none-eabi\include\c++\10.2.1\cmath ****     {
 935:c:\program files\daisytoolchain\arm-none-eabi\include\c++\10.2.1\cmath ****       typedef typename __gnu_cxx::__promote<_Tp>::__type __type;
 936:c:\program files\daisytoolchain\arm-none-eabi\include\c++\10.2.1\cmath ****       return __builtin_islessgreater(__type(__f1), __type(__f2));
 937:c:\program files\daisytoolchain\arm-none-eabi\include\c++\10.2.1\cmath ****     }
 938:c:\program files\daisytoolchain\arm-none-eabi\include\c++\10.2.1\cmath **** 
 939:c:\program files\daisytoolchain\arm-none-eabi\include\c++\10.2.1\cmath ****   template<typename _Tp>
 940:c:\program files\daisytoolchain\arm-none-eabi\include\c++\10.2.1\cmath ****     inline typename __gnu_cxx::__enable_if<__is_arithmetic<_Tp>::__value,
 941:c:\program files\daisytoolchain\arm-none-eabi\include\c++\10.2.1\cmath **** 					   int>::__type
 942:c:\program files\daisytoolchain\arm-none-eabi\include\c++\10.2.1\cmath ****     isunordered(_Tp __f1, _Tp __f2)
 943:c:\program files\daisytoolchain\arm-none-eabi\include\c++\10.2.1\cmath ****     {
 944:c:\program files\daisytoolchain\arm-none-eabi\include\c++\10.2.1\cmath ****       typedef typename __gnu_cxx::__promote<_Tp>::__type __type;
 945:c:\program files\daisytoolchain\arm-none-eabi\include\c++\10.2.1\cmath ****       return __builtin_isunordered(__type(__f1), __type(__f2));
 946:c:\program files\daisytoolchain\arm-none-eabi\include\c++\10.2.1\cmath ****     }
 947:c:\program files\daisytoolchain\arm-none-eabi\include\c++\10.2.1\cmath **** 
 948:c:\program files\daisytoolchain\arm-none-eabi\include\c++\10.2.1\cmath **** #endif // C++11
 949:c:\program files\daisytoolchain\arm-none-eabi\include\c++\10.2.1\cmath **** #endif /* _GLIBCXX_USE_C99_FP_MACROS_DYNAMIC */
 950:c:\program files\daisytoolchain\arm-none-eabi\include\c++\10.2.1\cmath **** #endif /* _GLIBCXX_USE_C99_MATH */
 951:c:\program files\daisytoolchain\arm-none-eabi\include\c++\10.2.1\cmath **** 
 952:c:\program files\daisytoolchain\arm-none-eabi\include\c++\10.2.1\cmath **** #if __cplusplus >= 201103L
 953:c:\program files\daisytoolchain\arm-none-eabi\include\c++\10.2.1\cmath **** 
 954:c:\program files\daisytoolchain\arm-none-eabi\include\c++\10.2.1\cmath **** #ifdef _GLIBCXX_USE_C99_MATH_TR1
 955:c:\program files\daisytoolchain\arm-none-eabi\include\c++\10.2.1\cmath **** 
 956:c:\program files\daisytoolchain\arm-none-eabi\include\c++\10.2.1\cmath **** #undef acosh
 957:c:\program files\daisytoolchain\arm-none-eabi\include\c++\10.2.1\cmath **** #undef acoshf
 958:c:\program files\daisytoolchain\arm-none-eabi\include\c++\10.2.1\cmath **** #undef acoshl
 959:c:\program files\daisytoolchain\arm-none-eabi\include\c++\10.2.1\cmath **** #undef asinh
 960:c:\program files\daisytoolchain\arm-none-eabi\include\c++\10.2.1\cmath **** #undef asinhf
 961:c:\program files\daisytoolchain\arm-none-eabi\include\c++\10.2.1\cmath **** #undef asinhl
 962:c:\program files\daisytoolchain\arm-none-eabi\include\c++\10.2.1\cmath **** #undef atanh
ARM GAS  C:\Users\aydan\AppData\Local\Temp\ccEUME1T.s 			page 52


 963:c:\program files\daisytoolchain\arm-none-eabi\include\c++\10.2.1\cmath **** #undef atanhf
 964:c:\program files\daisytoolchain\arm-none-eabi\include\c++\10.2.1\cmath **** #undef atanhl
 965:c:\program files\daisytoolchain\arm-none-eabi\include\c++\10.2.1\cmath **** #undef cbrt
 966:c:\program files\daisytoolchain\arm-none-eabi\include\c++\10.2.1\cmath **** #undef cbrtf
 967:c:\program files\daisytoolchain\arm-none-eabi\include\c++\10.2.1\cmath **** #undef cbrtl
 968:c:\program files\daisytoolchain\arm-none-eabi\include\c++\10.2.1\cmath **** #undef copysign
 969:c:\program files\daisytoolchain\arm-none-eabi\include\c++\10.2.1\cmath **** #undef copysignf
 970:c:\program files\daisytoolchain\arm-none-eabi\include\c++\10.2.1\cmath **** #undef copysignl
 971:c:\program files\daisytoolchain\arm-none-eabi\include\c++\10.2.1\cmath **** #undef erf
 972:c:\program files\daisytoolchain\arm-none-eabi\include\c++\10.2.1\cmath **** #undef erff
 973:c:\program files\daisytoolchain\arm-none-eabi\include\c++\10.2.1\cmath **** #undef erfl
 974:c:\program files\daisytoolchain\arm-none-eabi\include\c++\10.2.1\cmath **** #undef erfc
 975:c:\program files\daisytoolchain\arm-none-eabi\include\c++\10.2.1\cmath **** #undef erfcf
 976:c:\program files\daisytoolchain\arm-none-eabi\include\c++\10.2.1\cmath **** #undef erfcl
 977:c:\program files\daisytoolchain\arm-none-eabi\include\c++\10.2.1\cmath **** #undef exp2
 978:c:\program files\daisytoolchain\arm-none-eabi\include\c++\10.2.1\cmath **** #undef exp2f
 979:c:\program files\daisytoolchain\arm-none-eabi\include\c++\10.2.1\cmath **** #undef exp2l
 980:c:\program files\daisytoolchain\arm-none-eabi\include\c++\10.2.1\cmath **** #undef expm1
 981:c:\program files\daisytoolchain\arm-none-eabi\include\c++\10.2.1\cmath **** #undef expm1f
 982:c:\program files\daisytoolchain\arm-none-eabi\include\c++\10.2.1\cmath **** #undef expm1l
 983:c:\program files\daisytoolchain\arm-none-eabi\include\c++\10.2.1\cmath **** #undef fdim
 984:c:\program files\daisytoolchain\arm-none-eabi\include\c++\10.2.1\cmath **** #undef fdimf
 985:c:\program files\daisytoolchain\arm-none-eabi\include\c++\10.2.1\cmath **** #undef fdiml
 986:c:\program files\daisytoolchain\arm-none-eabi\include\c++\10.2.1\cmath **** #undef fma
 987:c:\program files\daisytoolchain\arm-none-eabi\include\c++\10.2.1\cmath **** #undef fmaf
 988:c:\program files\daisytoolchain\arm-none-eabi\include\c++\10.2.1\cmath **** #undef fmal
 989:c:\program files\daisytoolchain\arm-none-eabi\include\c++\10.2.1\cmath **** #undef fmax
 990:c:\program files\daisytoolchain\arm-none-eabi\include\c++\10.2.1\cmath **** #undef fmaxf
 991:c:\program files\daisytoolchain\arm-none-eabi\include\c++\10.2.1\cmath **** #undef fmaxl
 992:c:\program files\daisytoolchain\arm-none-eabi\include\c++\10.2.1\cmath **** #undef fmin
 993:c:\program files\daisytoolchain\arm-none-eabi\include\c++\10.2.1\cmath **** #undef fminf
 994:c:\program files\daisytoolchain\arm-none-eabi\include\c++\10.2.1\cmath **** #undef fminl
 995:c:\program files\daisytoolchain\arm-none-eabi\include\c++\10.2.1\cmath **** #undef hypot
 996:c:\program files\daisytoolchain\arm-none-eabi\include\c++\10.2.1\cmath **** #undef hypotf
 997:c:\program files\daisytoolchain\arm-none-eabi\include\c++\10.2.1\cmath **** #undef hypotl
 998:c:\program files\daisytoolchain\arm-none-eabi\include\c++\10.2.1\cmath **** #undef ilogb
 999:c:\program files\daisytoolchain\arm-none-eabi\include\c++\10.2.1\cmath **** #undef ilogbf
1000:c:\program files\daisytoolchain\arm-none-eabi\include\c++\10.2.1\cmath **** #undef ilogbl
1001:c:\program files\daisytoolchain\arm-none-eabi\include\c++\10.2.1\cmath **** #undef lgamma
1002:c:\program files\daisytoolchain\arm-none-eabi\include\c++\10.2.1\cmath **** #undef lgammaf
1003:c:\program files\daisytoolchain\arm-none-eabi\include\c++\10.2.1\cmath **** #undef lgammal
1004:c:\program files\daisytoolchain\arm-none-eabi\include\c++\10.2.1\cmath **** #ifndef _GLIBCXX_NO_C99_ROUNDING_FUNCS
1005:c:\program files\daisytoolchain\arm-none-eabi\include\c++\10.2.1\cmath **** #undef llrint
1006:c:\program files\daisytoolchain\arm-none-eabi\include\c++\10.2.1\cmath **** #undef llrintf
1007:c:\program files\daisytoolchain\arm-none-eabi\include\c++\10.2.1\cmath **** #undef llrintl
1008:c:\program files\daisytoolchain\arm-none-eabi\include\c++\10.2.1\cmath **** #undef llround
1009:c:\program files\daisytoolchain\arm-none-eabi\include\c++\10.2.1\cmath **** #undef llroundf
1010:c:\program files\daisytoolchain\arm-none-eabi\include\c++\10.2.1\cmath **** #undef llroundl
1011:c:\program files\daisytoolchain\arm-none-eabi\include\c++\10.2.1\cmath **** #endif
1012:c:\program files\daisytoolchain\arm-none-eabi\include\c++\10.2.1\cmath **** #undef log1p
1013:c:\program files\daisytoolchain\arm-none-eabi\include\c++\10.2.1\cmath **** #undef log1pf
1014:c:\program files\daisytoolchain\arm-none-eabi\include\c++\10.2.1\cmath **** #undef log1pl
1015:c:\program files\daisytoolchain\arm-none-eabi\include\c++\10.2.1\cmath **** #undef log2
1016:c:\program files\daisytoolchain\arm-none-eabi\include\c++\10.2.1\cmath **** #undef log2f
1017:c:\program files\daisytoolchain\arm-none-eabi\include\c++\10.2.1\cmath **** #undef log2l
1018:c:\program files\daisytoolchain\arm-none-eabi\include\c++\10.2.1\cmath **** #undef logb
1019:c:\program files\daisytoolchain\arm-none-eabi\include\c++\10.2.1\cmath **** #undef logbf
ARM GAS  C:\Users\aydan\AppData\Local\Temp\ccEUME1T.s 			page 53


1020:c:\program files\daisytoolchain\arm-none-eabi\include\c++\10.2.1\cmath **** #undef logbl
1021:c:\program files\daisytoolchain\arm-none-eabi\include\c++\10.2.1\cmath **** #undef lrint
1022:c:\program files\daisytoolchain\arm-none-eabi\include\c++\10.2.1\cmath **** #undef lrintf
1023:c:\program files\daisytoolchain\arm-none-eabi\include\c++\10.2.1\cmath **** #undef lrintl
1024:c:\program files\daisytoolchain\arm-none-eabi\include\c++\10.2.1\cmath **** #undef lround
1025:c:\program files\daisytoolchain\arm-none-eabi\include\c++\10.2.1\cmath **** #undef lroundf
1026:c:\program files\daisytoolchain\arm-none-eabi\include\c++\10.2.1\cmath **** #undef lroundl
1027:c:\program files\daisytoolchain\arm-none-eabi\include\c++\10.2.1\cmath **** #undef nan
1028:c:\program files\daisytoolchain\arm-none-eabi\include\c++\10.2.1\cmath **** #undef nanf
1029:c:\program files\daisytoolchain\arm-none-eabi\include\c++\10.2.1\cmath **** #undef nanl
1030:c:\program files\daisytoolchain\arm-none-eabi\include\c++\10.2.1\cmath **** #undef nearbyint
1031:c:\program files\daisytoolchain\arm-none-eabi\include\c++\10.2.1\cmath **** #undef nearbyintf
1032:c:\program files\daisytoolchain\arm-none-eabi\include\c++\10.2.1\cmath **** #undef nearbyintl
1033:c:\program files\daisytoolchain\arm-none-eabi\include\c++\10.2.1\cmath **** #undef nextafter
1034:c:\program files\daisytoolchain\arm-none-eabi\include\c++\10.2.1\cmath **** #undef nextafterf
1035:c:\program files\daisytoolchain\arm-none-eabi\include\c++\10.2.1\cmath **** #undef nextafterl
1036:c:\program files\daisytoolchain\arm-none-eabi\include\c++\10.2.1\cmath **** #undef nexttoward
1037:c:\program files\daisytoolchain\arm-none-eabi\include\c++\10.2.1\cmath **** #undef nexttowardf
1038:c:\program files\daisytoolchain\arm-none-eabi\include\c++\10.2.1\cmath **** #undef nexttowardl
1039:c:\program files\daisytoolchain\arm-none-eabi\include\c++\10.2.1\cmath **** #undef remainder
1040:c:\program files\daisytoolchain\arm-none-eabi\include\c++\10.2.1\cmath **** #undef remainderf
1041:c:\program files\daisytoolchain\arm-none-eabi\include\c++\10.2.1\cmath **** #undef remainderl
1042:c:\program files\daisytoolchain\arm-none-eabi\include\c++\10.2.1\cmath **** #undef remquo
1043:c:\program files\daisytoolchain\arm-none-eabi\include\c++\10.2.1\cmath **** #undef remquof
1044:c:\program files\daisytoolchain\arm-none-eabi\include\c++\10.2.1\cmath **** #undef remquol
1045:c:\program files\daisytoolchain\arm-none-eabi\include\c++\10.2.1\cmath **** #undef rint
1046:c:\program files\daisytoolchain\arm-none-eabi\include\c++\10.2.1\cmath **** #undef rintf
1047:c:\program files\daisytoolchain\arm-none-eabi\include\c++\10.2.1\cmath **** #undef rintl
1048:c:\program files\daisytoolchain\arm-none-eabi\include\c++\10.2.1\cmath **** #undef round
1049:c:\program files\daisytoolchain\arm-none-eabi\include\c++\10.2.1\cmath **** #undef roundf
1050:c:\program files\daisytoolchain\arm-none-eabi\include\c++\10.2.1\cmath **** #undef roundl
1051:c:\program files\daisytoolchain\arm-none-eabi\include\c++\10.2.1\cmath **** #undef scalbln
1052:c:\program files\daisytoolchain\arm-none-eabi\include\c++\10.2.1\cmath **** #undef scalblnf
1053:c:\program files\daisytoolchain\arm-none-eabi\include\c++\10.2.1\cmath **** #undef scalblnl
1054:c:\program files\daisytoolchain\arm-none-eabi\include\c++\10.2.1\cmath **** #undef scalbn
1055:c:\program files\daisytoolchain\arm-none-eabi\include\c++\10.2.1\cmath **** #undef scalbnf
1056:c:\program files\daisytoolchain\arm-none-eabi\include\c++\10.2.1\cmath **** #undef scalbnl
1057:c:\program files\daisytoolchain\arm-none-eabi\include\c++\10.2.1\cmath **** #undef tgamma
1058:c:\program files\daisytoolchain\arm-none-eabi\include\c++\10.2.1\cmath **** #undef tgammaf
1059:c:\program files\daisytoolchain\arm-none-eabi\include\c++\10.2.1\cmath **** #undef tgammal
1060:c:\program files\daisytoolchain\arm-none-eabi\include\c++\10.2.1\cmath **** #undef trunc
1061:c:\program files\daisytoolchain\arm-none-eabi\include\c++\10.2.1\cmath **** #undef truncf
1062:c:\program files\daisytoolchain\arm-none-eabi\include\c++\10.2.1\cmath **** #undef truncl
1063:c:\program files\daisytoolchain\arm-none-eabi\include\c++\10.2.1\cmath **** 
1064:c:\program files\daisytoolchain\arm-none-eabi\include\c++\10.2.1\cmath ****   // types
1065:c:\program files\daisytoolchain\arm-none-eabi\include\c++\10.2.1\cmath ****   using ::double_t;
1066:c:\program files\daisytoolchain\arm-none-eabi\include\c++\10.2.1\cmath ****   using ::float_t;
1067:c:\program files\daisytoolchain\arm-none-eabi\include\c++\10.2.1\cmath **** 
1068:c:\program files\daisytoolchain\arm-none-eabi\include\c++\10.2.1\cmath ****   // functions
1069:c:\program files\daisytoolchain\arm-none-eabi\include\c++\10.2.1\cmath ****   using ::acosh;
1070:c:\program files\daisytoolchain\arm-none-eabi\include\c++\10.2.1\cmath ****   using ::acoshf;
1071:c:\program files\daisytoolchain\arm-none-eabi\include\c++\10.2.1\cmath ****   using ::acoshl;
1072:c:\program files\daisytoolchain\arm-none-eabi\include\c++\10.2.1\cmath **** 
1073:c:\program files\daisytoolchain\arm-none-eabi\include\c++\10.2.1\cmath ****   using ::asinh;
1074:c:\program files\daisytoolchain\arm-none-eabi\include\c++\10.2.1\cmath ****   using ::asinhf;
1075:c:\program files\daisytoolchain\arm-none-eabi\include\c++\10.2.1\cmath ****   using ::asinhl;
1076:c:\program files\daisytoolchain\arm-none-eabi\include\c++\10.2.1\cmath **** 
ARM GAS  C:\Users\aydan\AppData\Local\Temp\ccEUME1T.s 			page 54


1077:c:\program files\daisytoolchain\arm-none-eabi\include\c++\10.2.1\cmath ****   using ::atanh;
1078:c:\program files\daisytoolchain\arm-none-eabi\include\c++\10.2.1\cmath ****   using ::atanhf;
1079:c:\program files\daisytoolchain\arm-none-eabi\include\c++\10.2.1\cmath ****   using ::atanhl;
1080:c:\program files\daisytoolchain\arm-none-eabi\include\c++\10.2.1\cmath **** 
1081:c:\program files\daisytoolchain\arm-none-eabi\include\c++\10.2.1\cmath ****   using ::cbrt;
1082:c:\program files\daisytoolchain\arm-none-eabi\include\c++\10.2.1\cmath ****   using ::cbrtf;
1083:c:\program files\daisytoolchain\arm-none-eabi\include\c++\10.2.1\cmath ****   using ::cbrtl;
1084:c:\program files\daisytoolchain\arm-none-eabi\include\c++\10.2.1\cmath **** 
1085:c:\program files\daisytoolchain\arm-none-eabi\include\c++\10.2.1\cmath ****   using ::copysign;
1086:c:\program files\daisytoolchain\arm-none-eabi\include\c++\10.2.1\cmath ****   using ::copysignf;
1087:c:\program files\daisytoolchain\arm-none-eabi\include\c++\10.2.1\cmath ****   using ::copysignl;
1088:c:\program files\daisytoolchain\arm-none-eabi\include\c++\10.2.1\cmath **** 
1089:c:\program files\daisytoolchain\arm-none-eabi\include\c++\10.2.1\cmath ****   using ::erf;
1090:c:\program files\daisytoolchain\arm-none-eabi\include\c++\10.2.1\cmath ****   using ::erff;
1091:c:\program files\daisytoolchain\arm-none-eabi\include\c++\10.2.1\cmath ****   using ::erfl;
1092:c:\program files\daisytoolchain\arm-none-eabi\include\c++\10.2.1\cmath **** 
1093:c:\program files\daisytoolchain\arm-none-eabi\include\c++\10.2.1\cmath ****   using ::erfc;
1094:c:\program files\daisytoolchain\arm-none-eabi\include\c++\10.2.1\cmath ****   using ::erfcf;
1095:c:\program files\daisytoolchain\arm-none-eabi\include\c++\10.2.1\cmath ****   using ::erfcl;
1096:c:\program files\daisytoolchain\arm-none-eabi\include\c++\10.2.1\cmath **** 
1097:c:\program files\daisytoolchain\arm-none-eabi\include\c++\10.2.1\cmath ****   using ::exp2;
1098:c:\program files\daisytoolchain\arm-none-eabi\include\c++\10.2.1\cmath ****   using ::exp2f;
1099:c:\program files\daisytoolchain\arm-none-eabi\include\c++\10.2.1\cmath ****   using ::exp2l;
1100:c:\program files\daisytoolchain\arm-none-eabi\include\c++\10.2.1\cmath **** 
1101:c:\program files\daisytoolchain\arm-none-eabi\include\c++\10.2.1\cmath ****   using ::expm1;
1102:c:\program files\daisytoolchain\arm-none-eabi\include\c++\10.2.1\cmath ****   using ::expm1f;
1103:c:\program files\daisytoolchain\arm-none-eabi\include\c++\10.2.1\cmath ****   using ::expm1l;
1104:c:\program files\daisytoolchain\arm-none-eabi\include\c++\10.2.1\cmath **** 
1105:c:\program files\daisytoolchain\arm-none-eabi\include\c++\10.2.1\cmath ****   using ::fdim;
1106:c:\program files\daisytoolchain\arm-none-eabi\include\c++\10.2.1\cmath ****   using ::fdimf;
1107:c:\program files\daisytoolchain\arm-none-eabi\include\c++\10.2.1\cmath ****   using ::fdiml;
1108:c:\program files\daisytoolchain\arm-none-eabi\include\c++\10.2.1\cmath **** 
1109:c:\program files\daisytoolchain\arm-none-eabi\include\c++\10.2.1\cmath ****   using ::fma;
1110:c:\program files\daisytoolchain\arm-none-eabi\include\c++\10.2.1\cmath ****   using ::fmaf;
1111:c:\program files\daisytoolchain\arm-none-eabi\include\c++\10.2.1\cmath ****   using ::fmal;
1112:c:\program files\daisytoolchain\arm-none-eabi\include\c++\10.2.1\cmath **** 
1113:c:\program files\daisytoolchain\arm-none-eabi\include\c++\10.2.1\cmath ****   using ::fmax;
1114:c:\program files\daisytoolchain\arm-none-eabi\include\c++\10.2.1\cmath ****   using ::fmaxf;
1115:c:\program files\daisytoolchain\arm-none-eabi\include\c++\10.2.1\cmath ****   using ::fmaxl;
1116:c:\program files\daisytoolchain\arm-none-eabi\include\c++\10.2.1\cmath **** 
1117:c:\program files\daisytoolchain\arm-none-eabi\include\c++\10.2.1\cmath ****   using ::fmin;
1118:c:\program files\daisytoolchain\arm-none-eabi\include\c++\10.2.1\cmath ****   using ::fminf;
1119:c:\program files\daisytoolchain\arm-none-eabi\include\c++\10.2.1\cmath ****   using ::fminl;
1120:c:\program files\daisytoolchain\arm-none-eabi\include\c++\10.2.1\cmath **** 
1121:c:\program files\daisytoolchain\arm-none-eabi\include\c++\10.2.1\cmath ****   using ::hypot;
1122:c:\program files\daisytoolchain\arm-none-eabi\include\c++\10.2.1\cmath ****   using ::hypotf;
1123:c:\program files\daisytoolchain\arm-none-eabi\include\c++\10.2.1\cmath ****   using ::hypotl;
1124:c:\program files\daisytoolchain\arm-none-eabi\include\c++\10.2.1\cmath **** 
1125:c:\program files\daisytoolchain\arm-none-eabi\include\c++\10.2.1\cmath ****   using ::ilogb;
1126:c:\program files\daisytoolchain\arm-none-eabi\include\c++\10.2.1\cmath ****   using ::ilogbf;
1127:c:\program files\daisytoolchain\arm-none-eabi\include\c++\10.2.1\cmath ****   using ::ilogbl;
1128:c:\program files\daisytoolchain\arm-none-eabi\include\c++\10.2.1\cmath **** 
1129:c:\program files\daisytoolchain\arm-none-eabi\include\c++\10.2.1\cmath ****   using ::lgamma;
1130:c:\program files\daisytoolchain\arm-none-eabi\include\c++\10.2.1\cmath ****   using ::lgammaf;
1131:c:\program files\daisytoolchain\arm-none-eabi\include\c++\10.2.1\cmath ****   using ::lgammal;
1132:c:\program files\daisytoolchain\arm-none-eabi\include\c++\10.2.1\cmath **** 
1133:c:\program files\daisytoolchain\arm-none-eabi\include\c++\10.2.1\cmath **** #ifndef _GLIBCXX_NO_C99_ROUNDING_FUNCS
ARM GAS  C:\Users\aydan\AppData\Local\Temp\ccEUME1T.s 			page 55


1134:c:\program files\daisytoolchain\arm-none-eabi\include\c++\10.2.1\cmath ****   using ::llrint;
1135:c:\program files\daisytoolchain\arm-none-eabi\include\c++\10.2.1\cmath ****   using ::llrintf;
1136:c:\program files\daisytoolchain\arm-none-eabi\include\c++\10.2.1\cmath ****   using ::llrintl;
1137:c:\program files\daisytoolchain\arm-none-eabi\include\c++\10.2.1\cmath **** 
1138:c:\program files\daisytoolchain\arm-none-eabi\include\c++\10.2.1\cmath ****   using ::llround;
1139:c:\program files\daisytoolchain\arm-none-eabi\include\c++\10.2.1\cmath ****   using ::llroundf;
1140:c:\program files\daisytoolchain\arm-none-eabi\include\c++\10.2.1\cmath ****   using ::llroundl;
1141:c:\program files\daisytoolchain\arm-none-eabi\include\c++\10.2.1\cmath **** #endif
1142:c:\program files\daisytoolchain\arm-none-eabi\include\c++\10.2.1\cmath **** 
1143:c:\program files\daisytoolchain\arm-none-eabi\include\c++\10.2.1\cmath ****   using ::log1p;
1144:c:\program files\daisytoolchain\arm-none-eabi\include\c++\10.2.1\cmath ****   using ::log1pf;
1145:c:\program files\daisytoolchain\arm-none-eabi\include\c++\10.2.1\cmath ****   using ::log1pl;
1146:c:\program files\daisytoolchain\arm-none-eabi\include\c++\10.2.1\cmath **** 
1147:c:\program files\daisytoolchain\arm-none-eabi\include\c++\10.2.1\cmath ****   using ::log2;
1148:c:\program files\daisytoolchain\arm-none-eabi\include\c++\10.2.1\cmath ****   using ::log2f;
1149:c:\program files\daisytoolchain\arm-none-eabi\include\c++\10.2.1\cmath ****   using ::log2l;
1150:c:\program files\daisytoolchain\arm-none-eabi\include\c++\10.2.1\cmath **** 
1151:c:\program files\daisytoolchain\arm-none-eabi\include\c++\10.2.1\cmath ****   using ::logb;
1152:c:\program files\daisytoolchain\arm-none-eabi\include\c++\10.2.1\cmath ****   using ::logbf;
1153:c:\program files\daisytoolchain\arm-none-eabi\include\c++\10.2.1\cmath ****   using ::logbl;
1154:c:\program files\daisytoolchain\arm-none-eabi\include\c++\10.2.1\cmath **** 
1155:c:\program files\daisytoolchain\arm-none-eabi\include\c++\10.2.1\cmath ****   using ::lrint;
1156:c:\program files\daisytoolchain\arm-none-eabi\include\c++\10.2.1\cmath ****   using ::lrintf;
1157:c:\program files\daisytoolchain\arm-none-eabi\include\c++\10.2.1\cmath ****   using ::lrintl;
1158:c:\program files\daisytoolchain\arm-none-eabi\include\c++\10.2.1\cmath **** 
1159:c:\program files\daisytoolchain\arm-none-eabi\include\c++\10.2.1\cmath ****   using ::lround;
1160:c:\program files\daisytoolchain\arm-none-eabi\include\c++\10.2.1\cmath ****   using ::lroundf;
1161:c:\program files\daisytoolchain\arm-none-eabi\include\c++\10.2.1\cmath ****   using ::lroundl;
1162:c:\program files\daisytoolchain\arm-none-eabi\include\c++\10.2.1\cmath **** 
1163:c:\program files\daisytoolchain\arm-none-eabi\include\c++\10.2.1\cmath ****   using ::nan;
1164:c:\program files\daisytoolchain\arm-none-eabi\include\c++\10.2.1\cmath ****   using ::nanf;
1165:c:\program files\daisytoolchain\arm-none-eabi\include\c++\10.2.1\cmath ****   using ::nanl;
1166:c:\program files\daisytoolchain\arm-none-eabi\include\c++\10.2.1\cmath **** 
1167:c:\program files\daisytoolchain\arm-none-eabi\include\c++\10.2.1\cmath ****   using ::nearbyint;
1168:c:\program files\daisytoolchain\arm-none-eabi\include\c++\10.2.1\cmath ****   using ::nearbyintf;
1169:c:\program files\daisytoolchain\arm-none-eabi\include\c++\10.2.1\cmath ****   using ::nearbyintl;
1170:c:\program files\daisytoolchain\arm-none-eabi\include\c++\10.2.1\cmath **** 
1171:c:\program files\daisytoolchain\arm-none-eabi\include\c++\10.2.1\cmath ****   using ::nextafter;
1172:c:\program files\daisytoolchain\arm-none-eabi\include\c++\10.2.1\cmath ****   using ::nextafterf;
1173:c:\program files\daisytoolchain\arm-none-eabi\include\c++\10.2.1\cmath ****   using ::nextafterl;
1174:c:\program files\daisytoolchain\arm-none-eabi\include\c++\10.2.1\cmath **** 
1175:c:\program files\daisytoolchain\arm-none-eabi\include\c++\10.2.1\cmath ****   using ::nexttoward;
1176:c:\program files\daisytoolchain\arm-none-eabi\include\c++\10.2.1\cmath ****   using ::nexttowardf;
1177:c:\program files\daisytoolchain\arm-none-eabi\include\c++\10.2.1\cmath ****   using ::nexttowardl;
1178:c:\program files\daisytoolchain\arm-none-eabi\include\c++\10.2.1\cmath **** 
1179:c:\program files\daisytoolchain\arm-none-eabi\include\c++\10.2.1\cmath ****   using ::remainder;
1180:c:\program files\daisytoolchain\arm-none-eabi\include\c++\10.2.1\cmath ****   using ::remainderf;
1181:c:\program files\daisytoolchain\arm-none-eabi\include\c++\10.2.1\cmath ****   using ::remainderl;
1182:c:\program files\daisytoolchain\arm-none-eabi\include\c++\10.2.1\cmath **** 
1183:c:\program files\daisytoolchain\arm-none-eabi\include\c++\10.2.1\cmath ****   using ::remquo;
1184:c:\program files\daisytoolchain\arm-none-eabi\include\c++\10.2.1\cmath ****   using ::remquof;
1185:c:\program files\daisytoolchain\arm-none-eabi\include\c++\10.2.1\cmath ****   using ::remquol;
1186:c:\program files\daisytoolchain\arm-none-eabi\include\c++\10.2.1\cmath **** 
1187:c:\program files\daisytoolchain\arm-none-eabi\include\c++\10.2.1\cmath ****   using ::rint;
1188:c:\program files\daisytoolchain\arm-none-eabi\include\c++\10.2.1\cmath ****   using ::rintf;
1189:c:\program files\daisytoolchain\arm-none-eabi\include\c++\10.2.1\cmath ****   using ::rintl;
1190:c:\program files\daisytoolchain\arm-none-eabi\include\c++\10.2.1\cmath **** 
ARM GAS  C:\Users\aydan\AppData\Local\Temp\ccEUME1T.s 			page 56


1191:c:\program files\daisytoolchain\arm-none-eabi\include\c++\10.2.1\cmath ****   using ::round;
1192:c:\program files\daisytoolchain\arm-none-eabi\include\c++\10.2.1\cmath ****   using ::roundf;
1193:c:\program files\daisytoolchain\arm-none-eabi\include\c++\10.2.1\cmath ****   using ::roundl;
1194:c:\program files\daisytoolchain\arm-none-eabi\include\c++\10.2.1\cmath **** 
1195:c:\program files\daisytoolchain\arm-none-eabi\include\c++\10.2.1\cmath ****   using ::scalbln;
1196:c:\program files\daisytoolchain\arm-none-eabi\include\c++\10.2.1\cmath ****   using ::scalblnf;
1197:c:\program files\daisytoolchain\arm-none-eabi\include\c++\10.2.1\cmath ****   using ::scalblnl;
1198:c:\program files\daisytoolchain\arm-none-eabi\include\c++\10.2.1\cmath **** 
1199:c:\program files\daisytoolchain\arm-none-eabi\include\c++\10.2.1\cmath ****   using ::scalbn;
1200:c:\program files\daisytoolchain\arm-none-eabi\include\c++\10.2.1\cmath ****   using ::scalbnf;
1201:c:\program files\daisytoolchain\arm-none-eabi\include\c++\10.2.1\cmath ****   using ::scalbnl;
1202:c:\program files\daisytoolchain\arm-none-eabi\include\c++\10.2.1\cmath **** 
1203:c:\program files\daisytoolchain\arm-none-eabi\include\c++\10.2.1\cmath ****   using ::tgamma;
1204:c:\program files\daisytoolchain\arm-none-eabi\include\c++\10.2.1\cmath ****   using ::tgammaf;
1205:c:\program files\daisytoolchain\arm-none-eabi\include\c++\10.2.1\cmath ****   using ::tgammal;
1206:c:\program files\daisytoolchain\arm-none-eabi\include\c++\10.2.1\cmath **** 
1207:c:\program files\daisytoolchain\arm-none-eabi\include\c++\10.2.1\cmath ****   using ::trunc;
1208:c:\program files\daisytoolchain\arm-none-eabi\include\c++\10.2.1\cmath ****   using ::truncf;
1209:c:\program files\daisytoolchain\arm-none-eabi\include\c++\10.2.1\cmath ****   using ::truncl;
1210:c:\program files\daisytoolchain\arm-none-eabi\include\c++\10.2.1\cmath **** 
1211:c:\program files\daisytoolchain\arm-none-eabi\include\c++\10.2.1\cmath ****   /// Additional overloads.
1212:c:\program files\daisytoolchain\arm-none-eabi\include\c++\10.2.1\cmath **** #ifndef __CORRECT_ISO_CPP11_MATH_H_PROTO_FP
1213:c:\program files\daisytoolchain\arm-none-eabi\include\c++\10.2.1\cmath ****   constexpr float
1214:c:\program files\daisytoolchain\arm-none-eabi\include\c++\10.2.1\cmath ****   acosh(float __x)
1215:c:\program files\daisytoolchain\arm-none-eabi\include\c++\10.2.1\cmath ****   { return __builtin_acoshf(__x); }
1216:c:\program files\daisytoolchain\arm-none-eabi\include\c++\10.2.1\cmath **** 
1217:c:\program files\daisytoolchain\arm-none-eabi\include\c++\10.2.1\cmath ****   constexpr long double
1218:c:\program files\daisytoolchain\arm-none-eabi\include\c++\10.2.1\cmath ****   acosh(long double __x)
1219:c:\program files\daisytoolchain\arm-none-eabi\include\c++\10.2.1\cmath ****   { return __builtin_acoshl(__x); }
1220:c:\program files\daisytoolchain\arm-none-eabi\include\c++\10.2.1\cmath **** #endif
1221:c:\program files\daisytoolchain\arm-none-eabi\include\c++\10.2.1\cmath **** 
1222:c:\program files\daisytoolchain\arm-none-eabi\include\c++\10.2.1\cmath **** #ifndef __CORRECT_ISO_CPP11_MATH_H_PROTO_INT
1223:c:\program files\daisytoolchain\arm-none-eabi\include\c++\10.2.1\cmath ****   template<typename _Tp>
1224:c:\program files\daisytoolchain\arm-none-eabi\include\c++\10.2.1\cmath ****     constexpr typename __gnu_cxx::__enable_if<__is_integer<_Tp>::__value, 
1225:c:\program files\daisytoolchain\arm-none-eabi\include\c++\10.2.1\cmath ****                                               double>::__type
1226:c:\program files\daisytoolchain\arm-none-eabi\include\c++\10.2.1\cmath ****     acosh(_Tp __x)
1227:c:\program files\daisytoolchain\arm-none-eabi\include\c++\10.2.1\cmath ****     { return __builtin_acosh(__x); }
1228:c:\program files\daisytoolchain\arm-none-eabi\include\c++\10.2.1\cmath **** #endif
1229:c:\program files\daisytoolchain\arm-none-eabi\include\c++\10.2.1\cmath **** 
1230:c:\program files\daisytoolchain\arm-none-eabi\include\c++\10.2.1\cmath **** #ifndef __CORRECT_ISO_CPP11_MATH_H_PROTO_FP
1231:c:\program files\daisytoolchain\arm-none-eabi\include\c++\10.2.1\cmath ****   constexpr float
1232:c:\program files\daisytoolchain\arm-none-eabi\include\c++\10.2.1\cmath ****   asinh(float __x)
1233:c:\program files\daisytoolchain\arm-none-eabi\include\c++\10.2.1\cmath ****   { return __builtin_asinhf(__x); }
1234:c:\program files\daisytoolchain\arm-none-eabi\include\c++\10.2.1\cmath **** 
1235:c:\program files\daisytoolchain\arm-none-eabi\include\c++\10.2.1\cmath ****   constexpr long double
1236:c:\program files\daisytoolchain\arm-none-eabi\include\c++\10.2.1\cmath ****   asinh(long double __x)
1237:c:\program files\daisytoolchain\arm-none-eabi\include\c++\10.2.1\cmath ****   { return __builtin_asinhl(__x); }
1238:c:\program files\daisytoolchain\arm-none-eabi\include\c++\10.2.1\cmath **** #endif
1239:c:\program files\daisytoolchain\arm-none-eabi\include\c++\10.2.1\cmath **** 
1240:c:\program files\daisytoolchain\arm-none-eabi\include\c++\10.2.1\cmath **** #ifndef __CORRECT_ISO_CPP11_MATH_H_PROTO_INT
1241:c:\program files\daisytoolchain\arm-none-eabi\include\c++\10.2.1\cmath ****   template<typename _Tp>
1242:c:\program files\daisytoolchain\arm-none-eabi\include\c++\10.2.1\cmath ****     constexpr typename __gnu_cxx::__enable_if<__is_integer<_Tp>::__value, 
1243:c:\program files\daisytoolchain\arm-none-eabi\include\c++\10.2.1\cmath ****                                               double>::__type
1244:c:\program files\daisytoolchain\arm-none-eabi\include\c++\10.2.1\cmath ****     asinh(_Tp __x)
1245:c:\program files\daisytoolchain\arm-none-eabi\include\c++\10.2.1\cmath ****     { return __builtin_asinh(__x); }
1246:c:\program files\daisytoolchain\arm-none-eabi\include\c++\10.2.1\cmath **** #endif
1247:c:\program files\daisytoolchain\arm-none-eabi\include\c++\10.2.1\cmath **** 
ARM GAS  C:\Users\aydan\AppData\Local\Temp\ccEUME1T.s 			page 57


1248:c:\program files\daisytoolchain\arm-none-eabi\include\c++\10.2.1\cmath **** #ifndef __CORRECT_ISO_CPP11_MATH_H_PROTO_FP
1249:c:\program files\daisytoolchain\arm-none-eabi\include\c++\10.2.1\cmath ****   constexpr float
1250:c:\program files\daisytoolchain\arm-none-eabi\include\c++\10.2.1\cmath ****   atanh(float __x)
1251:c:\program files\daisytoolchain\arm-none-eabi\include\c++\10.2.1\cmath ****   { return __builtin_atanhf(__x); }
1252:c:\program files\daisytoolchain\arm-none-eabi\include\c++\10.2.1\cmath **** 
1253:c:\program files\daisytoolchain\arm-none-eabi\include\c++\10.2.1\cmath ****   constexpr long double
1254:c:\program files\daisytoolchain\arm-none-eabi\include\c++\10.2.1\cmath ****   atanh(long double __x)
1255:c:\program files\daisytoolchain\arm-none-eabi\include\c++\10.2.1\cmath ****   { return __builtin_atanhl(__x); }
1256:c:\program files\daisytoolchain\arm-none-eabi\include\c++\10.2.1\cmath **** #endif
1257:c:\program files\daisytoolchain\arm-none-eabi\include\c++\10.2.1\cmath **** 
1258:c:\program files\daisytoolchain\arm-none-eabi\include\c++\10.2.1\cmath **** #ifndef __CORRECT_ISO_CPP11_MATH_H_PROTO_INT
1259:c:\program files\daisytoolchain\arm-none-eabi\include\c++\10.2.1\cmath ****   template<typename _Tp>
1260:c:\program files\daisytoolchain\arm-none-eabi\include\c++\10.2.1\cmath ****     constexpr typename __gnu_cxx::__enable_if<__is_integer<_Tp>::__value, 
1261:c:\program files\daisytoolchain\arm-none-eabi\include\c++\10.2.1\cmath ****                                               double>::__type
1262:c:\program files\daisytoolchain\arm-none-eabi\include\c++\10.2.1\cmath ****     atanh(_Tp __x)
1263:c:\program files\daisytoolchain\arm-none-eabi\include\c++\10.2.1\cmath ****     { return __builtin_atanh(__x); }
1264:c:\program files\daisytoolchain\arm-none-eabi\include\c++\10.2.1\cmath **** #endif
1265:c:\program files\daisytoolchain\arm-none-eabi\include\c++\10.2.1\cmath **** 
1266:c:\program files\daisytoolchain\arm-none-eabi\include\c++\10.2.1\cmath **** #ifndef __CORRECT_ISO_CPP11_MATH_H_PROTO_FP
1267:c:\program files\daisytoolchain\arm-none-eabi\include\c++\10.2.1\cmath ****   constexpr float
1268:c:\program files\daisytoolchain\arm-none-eabi\include\c++\10.2.1\cmath ****   cbrt(float __x)
1269:c:\program files\daisytoolchain\arm-none-eabi\include\c++\10.2.1\cmath ****   { return __builtin_cbrtf(__x); }
1270:c:\program files\daisytoolchain\arm-none-eabi\include\c++\10.2.1\cmath **** 
1271:c:\program files\daisytoolchain\arm-none-eabi\include\c++\10.2.1\cmath ****   constexpr long double
1272:c:\program files\daisytoolchain\arm-none-eabi\include\c++\10.2.1\cmath ****   cbrt(long double __x)
1273:c:\program files\daisytoolchain\arm-none-eabi\include\c++\10.2.1\cmath ****   { return __builtin_cbrtl(__x); }
1274:c:\program files\daisytoolchain\arm-none-eabi\include\c++\10.2.1\cmath **** #endif
1275:c:\program files\daisytoolchain\arm-none-eabi\include\c++\10.2.1\cmath **** 
1276:c:\program files\daisytoolchain\arm-none-eabi\include\c++\10.2.1\cmath **** #ifndef __CORRECT_ISO_CPP11_MATH_H_PROTO_INT
1277:c:\program files\daisytoolchain\arm-none-eabi\include\c++\10.2.1\cmath ****   template<typename _Tp>
1278:c:\program files\daisytoolchain\arm-none-eabi\include\c++\10.2.1\cmath ****     constexpr typename __gnu_cxx::__enable_if<__is_integer<_Tp>::__value, 
1279:c:\program files\daisytoolchain\arm-none-eabi\include\c++\10.2.1\cmath ****                                               double>::__type
1280:c:\program files\daisytoolchain\arm-none-eabi\include\c++\10.2.1\cmath ****     cbrt(_Tp __x)
1281:c:\program files\daisytoolchain\arm-none-eabi\include\c++\10.2.1\cmath ****     { return __builtin_cbrt(__x); }
1282:c:\program files\daisytoolchain\arm-none-eabi\include\c++\10.2.1\cmath **** #endif
1283:c:\program files\daisytoolchain\arm-none-eabi\include\c++\10.2.1\cmath **** 
1284:c:\program files\daisytoolchain\arm-none-eabi\include\c++\10.2.1\cmath **** #ifndef __CORRECT_ISO_CPP11_MATH_H_PROTO_FP
1285:c:\program files\daisytoolchain\arm-none-eabi\include\c++\10.2.1\cmath ****   constexpr float
1286:c:\program files\daisytoolchain\arm-none-eabi\include\c++\10.2.1\cmath ****   copysign(float __x, float __y)
1287:c:\program files\daisytoolchain\arm-none-eabi\include\c++\10.2.1\cmath ****   { return __builtin_copysignf(__x, __y); }
1288:c:\program files\daisytoolchain\arm-none-eabi\include\c++\10.2.1\cmath **** 
1289:c:\program files\daisytoolchain\arm-none-eabi\include\c++\10.2.1\cmath ****   constexpr long double
1290:c:\program files\daisytoolchain\arm-none-eabi\include\c++\10.2.1\cmath ****   copysign(long double __x, long double __y)
1291:c:\program files\daisytoolchain\arm-none-eabi\include\c++\10.2.1\cmath ****   { return __builtin_copysignl(__x, __y); }
1292:c:\program files\daisytoolchain\arm-none-eabi\include\c++\10.2.1\cmath **** #endif
1293:c:\program files\daisytoolchain\arm-none-eabi\include\c++\10.2.1\cmath **** 
1294:c:\program files\daisytoolchain\arm-none-eabi\include\c++\10.2.1\cmath **** #ifndef __CORRECT_ISO_CPP11_MATH_H_PROTO_INT
1295:c:\program files\daisytoolchain\arm-none-eabi\include\c++\10.2.1\cmath ****   template<typename _Tp, typename _Up>
1296:c:\program files\daisytoolchain\arm-none-eabi\include\c++\10.2.1\cmath ****     constexpr typename __gnu_cxx::__promote_2<_Tp, _Up>::__type
1297:c:\program files\daisytoolchain\arm-none-eabi\include\c++\10.2.1\cmath ****     copysign(_Tp __x, _Up __y)
1298:c:\program files\daisytoolchain\arm-none-eabi\include\c++\10.2.1\cmath ****     {
1299:c:\program files\daisytoolchain\arm-none-eabi\include\c++\10.2.1\cmath ****       typedef typename __gnu_cxx::__promote_2<_Tp, _Up>::__type __type;
1300:c:\program files\daisytoolchain\arm-none-eabi\include\c++\10.2.1\cmath ****       return copysign(__type(__x), __type(__y));
1301:c:\program files\daisytoolchain\arm-none-eabi\include\c++\10.2.1\cmath ****     }
1302:c:\program files\daisytoolchain\arm-none-eabi\include\c++\10.2.1\cmath **** #endif
1303:c:\program files\daisytoolchain\arm-none-eabi\include\c++\10.2.1\cmath **** 
1304:c:\program files\daisytoolchain\arm-none-eabi\include\c++\10.2.1\cmath **** #ifndef __CORRECT_ISO_CPP11_MATH_H_PROTO_FP
ARM GAS  C:\Users\aydan\AppData\Local\Temp\ccEUME1T.s 			page 58


1305:c:\program files\daisytoolchain\arm-none-eabi\include\c++\10.2.1\cmath ****   constexpr float
1306:c:\program files\daisytoolchain\arm-none-eabi\include\c++\10.2.1\cmath ****   erf(float __x)
1307:c:\program files\daisytoolchain\arm-none-eabi\include\c++\10.2.1\cmath ****   { return __builtin_erff(__x); }
1308:c:\program files\daisytoolchain\arm-none-eabi\include\c++\10.2.1\cmath **** 
1309:c:\program files\daisytoolchain\arm-none-eabi\include\c++\10.2.1\cmath ****   constexpr long double
1310:c:\program files\daisytoolchain\arm-none-eabi\include\c++\10.2.1\cmath ****   erf(long double __x)
1311:c:\program files\daisytoolchain\arm-none-eabi\include\c++\10.2.1\cmath ****   { return __builtin_erfl(__x); }
1312:c:\program files\daisytoolchain\arm-none-eabi\include\c++\10.2.1\cmath **** #endif
1313:c:\program files\daisytoolchain\arm-none-eabi\include\c++\10.2.1\cmath **** 
1314:c:\program files\daisytoolchain\arm-none-eabi\include\c++\10.2.1\cmath **** #ifndef __CORRECT_ISO_CPP11_MATH_H_PROTO_INT
1315:c:\program files\daisytoolchain\arm-none-eabi\include\c++\10.2.1\cmath ****   template<typename _Tp>
1316:c:\program files\daisytoolchain\arm-none-eabi\include\c++\10.2.1\cmath ****     constexpr typename __gnu_cxx::__enable_if<__is_integer<_Tp>::__value, 
1317:c:\program files\daisytoolchain\arm-none-eabi\include\c++\10.2.1\cmath ****                                               double>::__type
1318:c:\program files\daisytoolchain\arm-none-eabi\include\c++\10.2.1\cmath ****     erf(_Tp __x)
1319:c:\program files\daisytoolchain\arm-none-eabi\include\c++\10.2.1\cmath ****     { return __builtin_erf(__x); }
1320:c:\program files\daisytoolchain\arm-none-eabi\include\c++\10.2.1\cmath **** #endif
1321:c:\program files\daisytoolchain\arm-none-eabi\include\c++\10.2.1\cmath **** 
1322:c:\program files\daisytoolchain\arm-none-eabi\include\c++\10.2.1\cmath **** #ifndef __CORRECT_ISO_CPP11_MATH_H_PROTO_FP
1323:c:\program files\daisytoolchain\arm-none-eabi\include\c++\10.2.1\cmath ****   constexpr float
1324:c:\program files\daisytoolchain\arm-none-eabi\include\c++\10.2.1\cmath ****   erfc(float __x)
1325:c:\program files\daisytoolchain\arm-none-eabi\include\c++\10.2.1\cmath ****   { return __builtin_erfcf(__x); }
1326:c:\program files\daisytoolchain\arm-none-eabi\include\c++\10.2.1\cmath **** 
1327:c:\program files\daisytoolchain\arm-none-eabi\include\c++\10.2.1\cmath ****   constexpr long double
1328:c:\program files\daisytoolchain\arm-none-eabi\include\c++\10.2.1\cmath ****   erfc(long double __x)
1329:c:\program files\daisytoolchain\arm-none-eabi\include\c++\10.2.1\cmath ****   { return __builtin_erfcl(__x); }
1330:c:\program files\daisytoolchain\arm-none-eabi\include\c++\10.2.1\cmath **** #endif
1331:c:\program files\daisytoolchain\arm-none-eabi\include\c++\10.2.1\cmath **** 
1332:c:\program files\daisytoolchain\arm-none-eabi\include\c++\10.2.1\cmath **** #ifndef __CORRECT_ISO_CPP11_MATH_H_PROTO_INT
1333:c:\program files\daisytoolchain\arm-none-eabi\include\c++\10.2.1\cmath ****   template<typename _Tp>
1334:c:\program files\daisytoolchain\arm-none-eabi\include\c++\10.2.1\cmath ****     constexpr typename __gnu_cxx::__enable_if<__is_integer<_Tp>::__value, 
1335:c:\program files\daisytoolchain\arm-none-eabi\include\c++\10.2.1\cmath ****                                               double>::__type
1336:c:\program files\daisytoolchain\arm-none-eabi\include\c++\10.2.1\cmath ****     erfc(_Tp __x)
1337:c:\program files\daisytoolchain\arm-none-eabi\include\c++\10.2.1\cmath ****     { return __builtin_erfc(__x); }
1338:c:\program files\daisytoolchain\arm-none-eabi\include\c++\10.2.1\cmath **** #endif
1339:c:\program files\daisytoolchain\arm-none-eabi\include\c++\10.2.1\cmath **** 
1340:c:\program files\daisytoolchain\arm-none-eabi\include\c++\10.2.1\cmath **** #ifndef __CORRECT_ISO_CPP11_MATH_H_PROTO_FP
1341:c:\program files\daisytoolchain\arm-none-eabi\include\c++\10.2.1\cmath ****   constexpr float
1342:c:\program files\daisytoolchain\arm-none-eabi\include\c++\10.2.1\cmath ****   exp2(float __x)
1343:c:\program files\daisytoolchain\arm-none-eabi\include\c++\10.2.1\cmath ****   { return __builtin_exp2f(__x); }
1344:c:\program files\daisytoolchain\arm-none-eabi\include\c++\10.2.1\cmath **** 
1345:c:\program files\daisytoolchain\arm-none-eabi\include\c++\10.2.1\cmath ****   constexpr long double
1346:c:\program files\daisytoolchain\arm-none-eabi\include\c++\10.2.1\cmath ****   exp2(long double __x)
1347:c:\program files\daisytoolchain\arm-none-eabi\include\c++\10.2.1\cmath ****   { return __builtin_exp2l(__x); }
1348:c:\program files\daisytoolchain\arm-none-eabi\include\c++\10.2.1\cmath **** #endif
1349:c:\program files\daisytoolchain\arm-none-eabi\include\c++\10.2.1\cmath **** 
1350:c:\program files\daisytoolchain\arm-none-eabi\include\c++\10.2.1\cmath **** #ifndef __CORRECT_ISO_CPP11_MATH_H_PROTO_INT
1351:c:\program files\daisytoolchain\arm-none-eabi\include\c++\10.2.1\cmath ****   template<typename _Tp>
1352:c:\program files\daisytoolchain\arm-none-eabi\include\c++\10.2.1\cmath ****     constexpr typename __gnu_cxx::__enable_if<__is_integer<_Tp>::__value, 
1353:c:\program files\daisytoolchain\arm-none-eabi\include\c++\10.2.1\cmath ****                                               double>::__type
1354:c:\program files\daisytoolchain\arm-none-eabi\include\c++\10.2.1\cmath ****     exp2(_Tp __x)
1355:c:\program files\daisytoolchain\arm-none-eabi\include\c++\10.2.1\cmath ****     { return __builtin_exp2(__x); }
1356:c:\program files\daisytoolchain\arm-none-eabi\include\c++\10.2.1\cmath **** #endif
1357:c:\program files\daisytoolchain\arm-none-eabi\include\c++\10.2.1\cmath **** 
1358:c:\program files\daisytoolchain\arm-none-eabi\include\c++\10.2.1\cmath **** #ifndef __CORRECT_ISO_CPP11_MATH_H_PROTO_FP
1359:c:\program files\daisytoolchain\arm-none-eabi\include\c++\10.2.1\cmath ****   constexpr float
1360:c:\program files\daisytoolchain\arm-none-eabi\include\c++\10.2.1\cmath ****   expm1(float __x)
1361:c:\program files\daisytoolchain\arm-none-eabi\include\c++\10.2.1\cmath ****   { return __builtin_expm1f(__x); }
ARM GAS  C:\Users\aydan\AppData\Local\Temp\ccEUME1T.s 			page 59


1362:c:\program files\daisytoolchain\arm-none-eabi\include\c++\10.2.1\cmath **** 
1363:c:\program files\daisytoolchain\arm-none-eabi\include\c++\10.2.1\cmath ****   constexpr long double
1364:c:\program files\daisytoolchain\arm-none-eabi\include\c++\10.2.1\cmath ****   expm1(long double __x)
1365:c:\program files\daisytoolchain\arm-none-eabi\include\c++\10.2.1\cmath ****   { return __builtin_expm1l(__x); }
1366:c:\program files\daisytoolchain\arm-none-eabi\include\c++\10.2.1\cmath **** #endif
1367:c:\program files\daisytoolchain\arm-none-eabi\include\c++\10.2.1\cmath **** 
1368:c:\program files\daisytoolchain\arm-none-eabi\include\c++\10.2.1\cmath **** #ifndef __CORRECT_ISO_CPP11_MATH_H_PROTO_INT
1369:c:\program files\daisytoolchain\arm-none-eabi\include\c++\10.2.1\cmath ****   template<typename _Tp>
1370:c:\program files\daisytoolchain\arm-none-eabi\include\c++\10.2.1\cmath ****     constexpr typename __gnu_cxx::__enable_if<__is_integer<_Tp>::__value, 
1371:c:\program files\daisytoolchain\arm-none-eabi\include\c++\10.2.1\cmath ****                                               double>::__type
1372:c:\program files\daisytoolchain\arm-none-eabi\include\c++\10.2.1\cmath ****     expm1(_Tp __x)
1373:c:\program files\daisytoolchain\arm-none-eabi\include\c++\10.2.1\cmath ****     { return __builtin_expm1(__x); }
1374:c:\program files\daisytoolchain\arm-none-eabi\include\c++\10.2.1\cmath **** #endif
1375:c:\program files\daisytoolchain\arm-none-eabi\include\c++\10.2.1\cmath **** 
1376:c:\program files\daisytoolchain\arm-none-eabi\include\c++\10.2.1\cmath **** #ifndef __CORRECT_ISO_CPP11_MATH_H_PROTO_FP
1377:c:\program files\daisytoolchain\arm-none-eabi\include\c++\10.2.1\cmath ****   constexpr float
1378:c:\program files\daisytoolchain\arm-none-eabi\include\c++\10.2.1\cmath ****   fdim(float __x, float __y)
1379:c:\program files\daisytoolchain\arm-none-eabi\include\c++\10.2.1\cmath ****   { return __builtin_fdimf(__x, __y); }
1380:c:\program files\daisytoolchain\arm-none-eabi\include\c++\10.2.1\cmath **** 
1381:c:\program files\daisytoolchain\arm-none-eabi\include\c++\10.2.1\cmath ****   constexpr long double
1382:c:\program files\daisytoolchain\arm-none-eabi\include\c++\10.2.1\cmath ****   fdim(long double __x, long double __y)
1383:c:\program files\daisytoolchain\arm-none-eabi\include\c++\10.2.1\cmath ****   { return __builtin_fdiml(__x, __y); }
1384:c:\program files\daisytoolchain\arm-none-eabi\include\c++\10.2.1\cmath **** #endif
1385:c:\program files\daisytoolchain\arm-none-eabi\include\c++\10.2.1\cmath **** 
1386:c:\program files\daisytoolchain\arm-none-eabi\include\c++\10.2.1\cmath **** #ifndef __CORRECT_ISO_CPP11_MATH_H_PROTO_INT
1387:c:\program files\daisytoolchain\arm-none-eabi\include\c++\10.2.1\cmath ****   template<typename _Tp, typename _Up>
1388:c:\program files\daisytoolchain\arm-none-eabi\include\c++\10.2.1\cmath ****     constexpr typename __gnu_cxx::__promote_2<_Tp, _Up>::__type
1389:c:\program files\daisytoolchain\arm-none-eabi\include\c++\10.2.1\cmath ****     fdim(_Tp __x, _Up __y)
1390:c:\program files\daisytoolchain\arm-none-eabi\include\c++\10.2.1\cmath ****     {
1391:c:\program files\daisytoolchain\arm-none-eabi\include\c++\10.2.1\cmath ****       typedef typename __gnu_cxx::__promote_2<_Tp, _Up>::__type __type;
1392:c:\program files\daisytoolchain\arm-none-eabi\include\c++\10.2.1\cmath ****       return fdim(__type(__x), __type(__y));
1393:c:\program files\daisytoolchain\arm-none-eabi\include\c++\10.2.1\cmath ****     }
1394:c:\program files\daisytoolchain\arm-none-eabi\include\c++\10.2.1\cmath **** #endif
1395:c:\program files\daisytoolchain\arm-none-eabi\include\c++\10.2.1\cmath **** 
1396:c:\program files\daisytoolchain\arm-none-eabi\include\c++\10.2.1\cmath **** #ifndef __CORRECT_ISO_CPP11_MATH_H_PROTO_FP
1397:c:\program files\daisytoolchain\arm-none-eabi\include\c++\10.2.1\cmath ****   constexpr float
1398:c:\program files\daisytoolchain\arm-none-eabi\include\c++\10.2.1\cmath ****   fma(float __x, float __y, float __z)
1399:c:\program files\daisytoolchain\arm-none-eabi\include\c++\10.2.1\cmath ****   { return __builtin_fmaf(__x, __y, __z); }
1400:c:\program files\daisytoolchain\arm-none-eabi\include\c++\10.2.1\cmath **** 
1401:c:\program files\daisytoolchain\arm-none-eabi\include\c++\10.2.1\cmath ****   constexpr long double
1402:c:\program files\daisytoolchain\arm-none-eabi\include\c++\10.2.1\cmath ****   fma(long double __x, long double __y, long double __z)
1403:c:\program files\daisytoolchain\arm-none-eabi\include\c++\10.2.1\cmath ****   { return __builtin_fmal(__x, __y, __z); }
1404:c:\program files\daisytoolchain\arm-none-eabi\include\c++\10.2.1\cmath **** #endif
1405:c:\program files\daisytoolchain\arm-none-eabi\include\c++\10.2.1\cmath **** 
1406:c:\program files\daisytoolchain\arm-none-eabi\include\c++\10.2.1\cmath **** #ifndef __CORRECT_ISO_CPP11_MATH_H_PROTO_INT
1407:c:\program files\daisytoolchain\arm-none-eabi\include\c++\10.2.1\cmath ****   template<typename _Tp, typename _Up, typename _Vp>
1408:c:\program files\daisytoolchain\arm-none-eabi\include\c++\10.2.1\cmath ****     constexpr typename __gnu_cxx::__promote_3<_Tp, _Up, _Vp>::__type
1409:c:\program files\daisytoolchain\arm-none-eabi\include\c++\10.2.1\cmath ****     fma(_Tp __x, _Up __y, _Vp __z)
1410:c:\program files\daisytoolchain\arm-none-eabi\include\c++\10.2.1\cmath ****     {
1411:c:\program files\daisytoolchain\arm-none-eabi\include\c++\10.2.1\cmath ****       typedef typename __gnu_cxx::__promote_3<_Tp, _Up, _Vp>::__type __type;
1412:c:\program files\daisytoolchain\arm-none-eabi\include\c++\10.2.1\cmath ****       return fma(__type(__x), __type(__y), __type(__z));
1413:c:\program files\daisytoolchain\arm-none-eabi\include\c++\10.2.1\cmath ****     }
1414:c:\program files\daisytoolchain\arm-none-eabi\include\c++\10.2.1\cmath **** #endif
1415:c:\program files\daisytoolchain\arm-none-eabi\include\c++\10.2.1\cmath **** 
1416:c:\program files\daisytoolchain\arm-none-eabi\include\c++\10.2.1\cmath **** #ifndef __CORRECT_ISO_CPP11_MATH_H_PROTO_FP
1417:c:\program files\daisytoolchain\arm-none-eabi\include\c++\10.2.1\cmath ****   constexpr float
1418:c:\program files\daisytoolchain\arm-none-eabi\include\c++\10.2.1\cmath ****   fmax(float __x, float __y)
ARM GAS  C:\Users\aydan\AppData\Local\Temp\ccEUME1T.s 			page 60


1419:c:\program files\daisytoolchain\arm-none-eabi\include\c++\10.2.1\cmath ****   { return __builtin_fmaxf(__x, __y); }
1420:c:\program files\daisytoolchain\arm-none-eabi\include\c++\10.2.1\cmath **** 
1421:c:\program files\daisytoolchain\arm-none-eabi\include\c++\10.2.1\cmath ****   constexpr long double
1422:c:\program files\daisytoolchain\arm-none-eabi\include\c++\10.2.1\cmath ****   fmax(long double __x, long double __y)
1423:c:\program files\daisytoolchain\arm-none-eabi\include\c++\10.2.1\cmath ****   { return __builtin_fmaxl(__x, __y); }
1424:c:\program files\daisytoolchain\arm-none-eabi\include\c++\10.2.1\cmath **** #endif
1425:c:\program files\daisytoolchain\arm-none-eabi\include\c++\10.2.1\cmath **** 
1426:c:\program files\daisytoolchain\arm-none-eabi\include\c++\10.2.1\cmath **** #ifndef __CORRECT_ISO_CPP11_MATH_H_PROTO_INT
1427:c:\program files\daisytoolchain\arm-none-eabi\include\c++\10.2.1\cmath ****   template<typename _Tp, typename _Up>
1428:c:\program files\daisytoolchain\arm-none-eabi\include\c++\10.2.1\cmath ****     constexpr typename __gnu_cxx::__promote_2<_Tp, _Up>::__type
1429:c:\program files\daisytoolchain\arm-none-eabi\include\c++\10.2.1\cmath ****     fmax(_Tp __x, _Up __y)
1430:c:\program files\daisytoolchain\arm-none-eabi\include\c++\10.2.1\cmath ****     {
1431:c:\program files\daisytoolchain\arm-none-eabi\include\c++\10.2.1\cmath ****       typedef typename __gnu_cxx::__promote_2<_Tp, _Up>::__type __type;
1432:c:\program files\daisytoolchain\arm-none-eabi\include\c++\10.2.1\cmath ****       return fmax(__type(__x), __type(__y));
1433:c:\program files\daisytoolchain\arm-none-eabi\include\c++\10.2.1\cmath ****     }
1434:c:\program files\daisytoolchain\arm-none-eabi\include\c++\10.2.1\cmath **** #endif
1435:c:\program files\daisytoolchain\arm-none-eabi\include\c++\10.2.1\cmath **** 
1436:c:\program files\daisytoolchain\arm-none-eabi\include\c++\10.2.1\cmath **** #ifndef __CORRECT_ISO_CPP11_MATH_H_PROTO_FP
1437:c:\program files\daisytoolchain\arm-none-eabi\include\c++\10.2.1\cmath ****   constexpr float
1438:c:\program files\daisytoolchain\arm-none-eabi\include\c++\10.2.1\cmath ****   fmin(float __x, float __y)
1439:c:\program files\daisytoolchain\arm-none-eabi\include\c++\10.2.1\cmath ****   { return __builtin_fminf(__x, __y); }
1440:c:\program files\daisytoolchain\arm-none-eabi\include\c++\10.2.1\cmath **** 
1441:c:\program files\daisytoolchain\arm-none-eabi\include\c++\10.2.1\cmath ****   constexpr long double
1442:c:\program files\daisytoolchain\arm-none-eabi\include\c++\10.2.1\cmath ****   fmin(long double __x, long double __y)
1443:c:\program files\daisytoolchain\arm-none-eabi\include\c++\10.2.1\cmath ****   { return __builtin_fminl(__x, __y); }
1444:c:\program files\daisytoolchain\arm-none-eabi\include\c++\10.2.1\cmath **** #endif
1445:c:\program files\daisytoolchain\arm-none-eabi\include\c++\10.2.1\cmath **** 
1446:c:\program files\daisytoolchain\arm-none-eabi\include\c++\10.2.1\cmath **** #ifndef __CORRECT_ISO_CPP11_MATH_H_PROTO_INT
1447:c:\program files\daisytoolchain\arm-none-eabi\include\c++\10.2.1\cmath ****   template<typename _Tp, typename _Up>
1448:c:\program files\daisytoolchain\arm-none-eabi\include\c++\10.2.1\cmath ****     constexpr typename __gnu_cxx::__promote_2<_Tp, _Up>::__type
1449:c:\program files\daisytoolchain\arm-none-eabi\include\c++\10.2.1\cmath ****     fmin(_Tp __x, _Up __y)
1450:c:\program files\daisytoolchain\arm-none-eabi\include\c++\10.2.1\cmath ****     {
1451:c:\program files\daisytoolchain\arm-none-eabi\include\c++\10.2.1\cmath ****       typedef typename __gnu_cxx::__promote_2<_Tp, _Up>::__type __type;
1452:c:\program files\daisytoolchain\arm-none-eabi\include\c++\10.2.1\cmath ****       return fmin(__type(__x), __type(__y));
1453:c:\program files\daisytoolchain\arm-none-eabi\include\c++\10.2.1\cmath ****     }
1454:c:\program files\daisytoolchain\arm-none-eabi\include\c++\10.2.1\cmath **** #endif
1455:c:\program files\daisytoolchain\arm-none-eabi\include\c++\10.2.1\cmath **** 
1456:c:\program files\daisytoolchain\arm-none-eabi\include\c++\10.2.1\cmath **** #ifndef __CORRECT_ISO_CPP11_MATH_H_PROTO_FP
1457:c:\program files\daisytoolchain\arm-none-eabi\include\c++\10.2.1\cmath ****   constexpr float
1458:c:\program files\daisytoolchain\arm-none-eabi\include\c++\10.2.1\cmath ****   hypot(float __x, float __y)
1459:c:\program files\daisytoolchain\arm-none-eabi\include\c++\10.2.1\cmath ****   { return __builtin_hypotf(__x, __y); }
1460:c:\program files\daisytoolchain\arm-none-eabi\include\c++\10.2.1\cmath **** 
1461:c:\program files\daisytoolchain\arm-none-eabi\include\c++\10.2.1\cmath ****   constexpr long double
1462:c:\program files\daisytoolchain\arm-none-eabi\include\c++\10.2.1\cmath ****   hypot(long double __x, long double __y)
1463:c:\program files\daisytoolchain\arm-none-eabi\include\c++\10.2.1\cmath ****   { return __builtin_hypotl(__x, __y); }
1464:c:\program files\daisytoolchain\arm-none-eabi\include\c++\10.2.1\cmath **** #endif
1465:c:\program files\daisytoolchain\arm-none-eabi\include\c++\10.2.1\cmath **** 
1466:c:\program files\daisytoolchain\arm-none-eabi\include\c++\10.2.1\cmath **** #ifndef __CORRECT_ISO_CPP11_MATH_H_PROTO_INT
1467:c:\program files\daisytoolchain\arm-none-eabi\include\c++\10.2.1\cmath ****   template<typename _Tp, typename _Up>
1468:c:\program files\daisytoolchain\arm-none-eabi\include\c++\10.2.1\cmath ****     constexpr typename __gnu_cxx::__promote_2<_Tp, _Up>::__type
1469:c:\program files\daisytoolchain\arm-none-eabi\include\c++\10.2.1\cmath ****     hypot(_Tp __x, _Up __y)
1470:c:\program files\daisytoolchain\arm-none-eabi\include\c++\10.2.1\cmath ****     {
1471:c:\program files\daisytoolchain\arm-none-eabi\include\c++\10.2.1\cmath ****       typedef typename __gnu_cxx::__promote_2<_Tp, _Up>::__type __type;
1472:c:\program files\daisytoolchain\arm-none-eabi\include\c++\10.2.1\cmath ****       return hypot(__type(__x), __type(__y));
1473:c:\program files\daisytoolchain\arm-none-eabi\include\c++\10.2.1\cmath ****     }
1474:c:\program files\daisytoolchain\arm-none-eabi\include\c++\10.2.1\cmath **** #endif
1475:c:\program files\daisytoolchain\arm-none-eabi\include\c++\10.2.1\cmath **** 
ARM GAS  C:\Users\aydan\AppData\Local\Temp\ccEUME1T.s 			page 61


1476:c:\program files\daisytoolchain\arm-none-eabi\include\c++\10.2.1\cmath **** #ifndef __CORRECT_ISO_CPP11_MATH_H_PROTO_FP
1477:c:\program files\daisytoolchain\arm-none-eabi\include\c++\10.2.1\cmath ****   constexpr int
1478:c:\program files\daisytoolchain\arm-none-eabi\include\c++\10.2.1\cmath ****   ilogb(float __x)
1479:c:\program files\daisytoolchain\arm-none-eabi\include\c++\10.2.1\cmath ****   { return __builtin_ilogbf(__x); }
1480:c:\program files\daisytoolchain\arm-none-eabi\include\c++\10.2.1\cmath **** 
1481:c:\program files\daisytoolchain\arm-none-eabi\include\c++\10.2.1\cmath ****   constexpr int
1482:c:\program files\daisytoolchain\arm-none-eabi\include\c++\10.2.1\cmath ****   ilogb(long double __x)
1483:c:\program files\daisytoolchain\arm-none-eabi\include\c++\10.2.1\cmath ****   { return __builtin_ilogbl(__x); }
1484:c:\program files\daisytoolchain\arm-none-eabi\include\c++\10.2.1\cmath **** #endif
1485:c:\program files\daisytoolchain\arm-none-eabi\include\c++\10.2.1\cmath **** 
1486:c:\program files\daisytoolchain\arm-none-eabi\include\c++\10.2.1\cmath **** #ifndef __CORRECT_ISO_CPP11_MATH_H_PROTO_INT
1487:c:\program files\daisytoolchain\arm-none-eabi\include\c++\10.2.1\cmath ****   template<typename _Tp>
1488:c:\program files\daisytoolchain\arm-none-eabi\include\c++\10.2.1\cmath ****     constexpr
1489:c:\program files\daisytoolchain\arm-none-eabi\include\c++\10.2.1\cmath ****     typename __gnu_cxx::__enable_if<__is_integer<_Tp>::__value, 
1490:c:\program files\daisytoolchain\arm-none-eabi\include\c++\10.2.1\cmath ****                                     int>::__type
1491:c:\program files\daisytoolchain\arm-none-eabi\include\c++\10.2.1\cmath ****     ilogb(_Tp __x)
1492:c:\program files\daisytoolchain\arm-none-eabi\include\c++\10.2.1\cmath ****     { return __builtin_ilogb(__x); }
1493:c:\program files\daisytoolchain\arm-none-eabi\include\c++\10.2.1\cmath **** #endif
1494:c:\program files\daisytoolchain\arm-none-eabi\include\c++\10.2.1\cmath **** 
1495:c:\program files\daisytoolchain\arm-none-eabi\include\c++\10.2.1\cmath **** #ifndef __CORRECT_ISO_CPP11_MATH_H_PROTO_FP
1496:c:\program files\daisytoolchain\arm-none-eabi\include\c++\10.2.1\cmath ****   constexpr float
1497:c:\program files\daisytoolchain\arm-none-eabi\include\c++\10.2.1\cmath ****   lgamma(float __x)
1498:c:\program files\daisytoolchain\arm-none-eabi\include\c++\10.2.1\cmath ****   { return __builtin_lgammaf(__x); }
1499:c:\program files\daisytoolchain\arm-none-eabi\include\c++\10.2.1\cmath **** 
1500:c:\program files\daisytoolchain\arm-none-eabi\include\c++\10.2.1\cmath ****   constexpr long double
1501:c:\program files\daisytoolchain\arm-none-eabi\include\c++\10.2.1\cmath ****   lgamma(long double __x)
1502:c:\program files\daisytoolchain\arm-none-eabi\include\c++\10.2.1\cmath ****   { return __builtin_lgammal(__x); }
1503:c:\program files\daisytoolchain\arm-none-eabi\include\c++\10.2.1\cmath **** #endif
1504:c:\program files\daisytoolchain\arm-none-eabi\include\c++\10.2.1\cmath **** 
1505:c:\program files\daisytoolchain\arm-none-eabi\include\c++\10.2.1\cmath **** #ifndef __CORRECT_ISO_CPP11_MATH_H_PROTO_INT
1506:c:\program files\daisytoolchain\arm-none-eabi\include\c++\10.2.1\cmath ****   template<typename _Tp>
1507:c:\program files\daisytoolchain\arm-none-eabi\include\c++\10.2.1\cmath ****     constexpr typename __gnu_cxx::__enable_if<__is_integer<_Tp>::__value, 
1508:c:\program files\daisytoolchain\arm-none-eabi\include\c++\10.2.1\cmath ****                                               double>::__type
1509:c:\program files\daisytoolchain\arm-none-eabi\include\c++\10.2.1\cmath ****     lgamma(_Tp __x)
1510:c:\program files\daisytoolchain\arm-none-eabi\include\c++\10.2.1\cmath ****     { return __builtin_lgamma(__x); }
1511:c:\program files\daisytoolchain\arm-none-eabi\include\c++\10.2.1\cmath **** #endif
1512:c:\program files\daisytoolchain\arm-none-eabi\include\c++\10.2.1\cmath **** 
1513:c:\program files\daisytoolchain\arm-none-eabi\include\c++\10.2.1\cmath **** #ifndef __CORRECT_ISO_CPP11_MATH_H_PROTO_FP
1514:c:\program files\daisytoolchain\arm-none-eabi\include\c++\10.2.1\cmath ****   constexpr long long
1515:c:\program files\daisytoolchain\arm-none-eabi\include\c++\10.2.1\cmath ****   llrint(float __x)
1516:c:\program files\daisytoolchain\arm-none-eabi\include\c++\10.2.1\cmath ****   { return __builtin_llrintf(__x); }
1517:c:\program files\daisytoolchain\arm-none-eabi\include\c++\10.2.1\cmath **** 
1518:c:\program files\daisytoolchain\arm-none-eabi\include\c++\10.2.1\cmath ****   constexpr long long
1519:c:\program files\daisytoolchain\arm-none-eabi\include\c++\10.2.1\cmath ****   llrint(long double __x)
1520:c:\program files\daisytoolchain\arm-none-eabi\include\c++\10.2.1\cmath ****   { return __builtin_llrintl(__x); }
1521:c:\program files\daisytoolchain\arm-none-eabi\include\c++\10.2.1\cmath **** #endif
1522:c:\program files\daisytoolchain\arm-none-eabi\include\c++\10.2.1\cmath **** 
1523:c:\program files\daisytoolchain\arm-none-eabi\include\c++\10.2.1\cmath **** #ifndef __CORRECT_ISO_CPP11_MATH_H_PROTO_INT
1524:c:\program files\daisytoolchain\arm-none-eabi\include\c++\10.2.1\cmath ****   template<typename _Tp>
1525:c:\program files\daisytoolchain\arm-none-eabi\include\c++\10.2.1\cmath ****     constexpr typename __gnu_cxx::__enable_if<__is_integer<_Tp>::__value, 
1526:c:\program files\daisytoolchain\arm-none-eabi\include\c++\10.2.1\cmath ****                                               long long>::__type
1527:c:\program files\daisytoolchain\arm-none-eabi\include\c++\10.2.1\cmath ****     llrint(_Tp __x)
1528:c:\program files\daisytoolchain\arm-none-eabi\include\c++\10.2.1\cmath ****     { return __builtin_llrint(__x); }
1529:c:\program files\daisytoolchain\arm-none-eabi\include\c++\10.2.1\cmath **** #endif
1530:c:\program files\daisytoolchain\arm-none-eabi\include\c++\10.2.1\cmath **** 
1531:c:\program files\daisytoolchain\arm-none-eabi\include\c++\10.2.1\cmath **** #ifndef __CORRECT_ISO_CPP11_MATH_H_PROTO_FP
1532:c:\program files\daisytoolchain\arm-none-eabi\include\c++\10.2.1\cmath ****   constexpr long long
ARM GAS  C:\Users\aydan\AppData\Local\Temp\ccEUME1T.s 			page 62


1533:c:\program files\daisytoolchain\arm-none-eabi\include\c++\10.2.1\cmath ****   llround(float __x)
1534:c:\program files\daisytoolchain\arm-none-eabi\include\c++\10.2.1\cmath ****   { return __builtin_llroundf(__x); }
1535:c:\program files\daisytoolchain\arm-none-eabi\include\c++\10.2.1\cmath **** 
1536:c:\program files\daisytoolchain\arm-none-eabi\include\c++\10.2.1\cmath ****   constexpr long long
1537:c:\program files\daisytoolchain\arm-none-eabi\include\c++\10.2.1\cmath ****   llround(long double __x)
1538:c:\program files\daisytoolchain\arm-none-eabi\include\c++\10.2.1\cmath ****   { return __builtin_llroundl(__x); }
1539:c:\program files\daisytoolchain\arm-none-eabi\include\c++\10.2.1\cmath **** #endif
1540:c:\program files\daisytoolchain\arm-none-eabi\include\c++\10.2.1\cmath **** 
1541:c:\program files\daisytoolchain\arm-none-eabi\include\c++\10.2.1\cmath **** #ifndef __CORRECT_ISO_CPP11_MATH_H_PROTO_INT
1542:c:\program files\daisytoolchain\arm-none-eabi\include\c++\10.2.1\cmath ****   template<typename _Tp>
1543:c:\program files\daisytoolchain\arm-none-eabi\include\c++\10.2.1\cmath ****     constexpr typename __gnu_cxx::__enable_if<__is_integer<_Tp>::__value, 
1544:c:\program files\daisytoolchain\arm-none-eabi\include\c++\10.2.1\cmath ****                                               long long>::__type
1545:c:\program files\daisytoolchain\arm-none-eabi\include\c++\10.2.1\cmath ****     llround(_Tp __x)
1546:c:\program files\daisytoolchain\arm-none-eabi\include\c++\10.2.1\cmath ****     { return __builtin_llround(__x); }
1547:c:\program files\daisytoolchain\arm-none-eabi\include\c++\10.2.1\cmath **** #endif
1548:c:\program files\daisytoolchain\arm-none-eabi\include\c++\10.2.1\cmath **** 
1549:c:\program files\daisytoolchain\arm-none-eabi\include\c++\10.2.1\cmath **** #ifndef __CORRECT_ISO_CPP11_MATH_H_PROTO_FP
1550:c:\program files\daisytoolchain\arm-none-eabi\include\c++\10.2.1\cmath ****   constexpr float
1551:c:\program files\daisytoolchain\arm-none-eabi\include\c++\10.2.1\cmath ****   log1p(float __x)
1552:c:\program files\daisytoolchain\arm-none-eabi\include\c++\10.2.1\cmath ****   { return __builtin_log1pf(__x); }
1553:c:\program files\daisytoolchain\arm-none-eabi\include\c++\10.2.1\cmath **** 
1554:c:\program files\daisytoolchain\arm-none-eabi\include\c++\10.2.1\cmath ****   constexpr long double
1555:c:\program files\daisytoolchain\arm-none-eabi\include\c++\10.2.1\cmath ****   log1p(long double __x)
1556:c:\program files\daisytoolchain\arm-none-eabi\include\c++\10.2.1\cmath ****   { return __builtin_log1pl(__x); }
1557:c:\program files\daisytoolchain\arm-none-eabi\include\c++\10.2.1\cmath **** #endif
1558:c:\program files\daisytoolchain\arm-none-eabi\include\c++\10.2.1\cmath **** 
1559:c:\program files\daisytoolchain\arm-none-eabi\include\c++\10.2.1\cmath **** #ifndef __CORRECT_ISO_CPP11_MATH_H_PROTO_INT
1560:c:\program files\daisytoolchain\arm-none-eabi\include\c++\10.2.1\cmath ****   template<typename _Tp>
1561:c:\program files\daisytoolchain\arm-none-eabi\include\c++\10.2.1\cmath ****     constexpr typename __gnu_cxx::__enable_if<__is_integer<_Tp>::__value, 
1562:c:\program files\daisytoolchain\arm-none-eabi\include\c++\10.2.1\cmath ****                                               double>::__type
1563:c:\program files\daisytoolchain\arm-none-eabi\include\c++\10.2.1\cmath ****     log1p(_Tp __x)
1564:c:\program files\daisytoolchain\arm-none-eabi\include\c++\10.2.1\cmath ****     { return __builtin_log1p(__x); }
1565:c:\program files\daisytoolchain\arm-none-eabi\include\c++\10.2.1\cmath **** #endif
1566:c:\program files\daisytoolchain\arm-none-eabi\include\c++\10.2.1\cmath **** 
1567:c:\program files\daisytoolchain\arm-none-eabi\include\c++\10.2.1\cmath **** #ifndef __CORRECT_ISO_CPP11_MATH_H_PROTO_FP
1568:c:\program files\daisytoolchain\arm-none-eabi\include\c++\10.2.1\cmath ****   // DR 568.
1569:c:\program files\daisytoolchain\arm-none-eabi\include\c++\10.2.1\cmath ****   constexpr float
1570:c:\program files\daisytoolchain\arm-none-eabi\include\c++\10.2.1\cmath ****   log2(float __x)
 1338              		.loc 2 1570 3 view .LVU386
 1339              	.LBB171:
1571:c:\program files\daisytoolchain\arm-none-eabi\include\c++\10.2.1\cmath ****   { return __builtin_log2f(__x); }
 1340              		.loc 2 1571 5 view .LVU387
 1341              	.LBE171:
 1342              	.LBE170:
 229:src/tuner.cpp ****     const int midi_n = (int)std::round(midi_f);
 1343              		.loc 1 229 51 is_stmt 0 view .LVU388
 1344 0014 DFED267A 		vldr.32	s15, .L116
 1345 0018 0446     		mov	r4, r0
 1346 001a 0E46     		mov	r6, r1
 229:src/tuner.cpp ****     const int midi_n = (int)std::round(midi_f);
 1347              		.loc 1 229 68 view .LVU389
 1348 001c 9FED258A 		vldr.32	s16, .L116+4
 1349              	.LBB174:
 1350              	.LBB172:
 1351              		.loc 2 1571 27 view .LVU390
 1352 0020 80EE270A 		vdiv.f32	s0, s0, s15
 1353              	.LVL109:
ARM GAS  C:\Users\aydan\AppData\Local\Temp\ccEUME1T.s 			page 63


 1354              		.loc 2 1571 27 view .LVU391
 1355              	.LBE172:
 1356              	.LBE174:
 234:src/tuner.cpp ****     out_cents = (midi_f - (float)midi_n) * 100.0f;
 1357              		.loc 1 234 18 view .LVU392
 1358 0024 244F     		ldr	r7, .L116+8
 1359              	.LBB175:
 1360              	.LBB173:
 1361              		.loc 2 1571 27 view .LVU393
 1362 0026 FFF7FEFF 		bl	log2f
 1363              	.LVL110:
 1364              		.loc 2 1571 27 view .LVU394
 1365              	.LBE173:
 1366              	.LBE175:
 234:src/tuner.cpp ****     out_cents = (midi_f - (float)midi_n) * 100.0f;
 1367              		.loc 1 234 18 view .LVU395
 1368 002a 2046     		mov	r0, r4
 232:src/tuner.cpp ****     const int octave = (midi_n / 12) - 1;
 1369              		.loc 1 232 35 view .LVU396
 1370 002c 234B     		ldr	r3, .L116+12
 234:src/tuner.cpp ****     out_cents = (midi_f - (float)midi_n) * 100.0f;
 1371              		.loc 1 234 18 view .LVU397
 1372 002e 3146     		mov	r1, r6
 232:src/tuner.cpp ****     const int octave = (midi_n / 12) - 1;
 1373              		.loc 1 232 15 view .LVU398
 1374 0030 234E     		ldr	r6, .L116+16
 1375              	.LVL111:
 229:src/tuner.cpp ****     const int midi_n = (int)std::round(midi_f);
 1376              		.loc 1 229 68 view .LVU399
 1377 0032 F2EE087A 		vmov.f32	s15, #1.2e+1
 1378 0036 A0EE278A 		vfma.f32	s16, s0, s15
 1379              	.LVL112:
 230:src/tuner.cpp ****     static const char* names[12] = {"C", "C#", "D", "D#", "E", "F", "F#", "G", "G#", "A", "A#", "B"
 1380              		.loc 1 230 5 is_stmt 1 view .LVU400
 1381              	.LBB176:
 1382              	.LBI176:
1572:c:\program files\daisytoolchain\arm-none-eabi\include\c++\10.2.1\cmath **** 
1573:c:\program files\daisytoolchain\arm-none-eabi\include\c++\10.2.1\cmath ****   constexpr long double
1574:c:\program files\daisytoolchain\arm-none-eabi\include\c++\10.2.1\cmath ****   log2(long double __x)
1575:c:\program files\daisytoolchain\arm-none-eabi\include\c++\10.2.1\cmath ****   { return __builtin_log2l(__x); }
1576:c:\program files\daisytoolchain\arm-none-eabi\include\c++\10.2.1\cmath **** #endif
1577:c:\program files\daisytoolchain\arm-none-eabi\include\c++\10.2.1\cmath **** 
1578:c:\program files\daisytoolchain\arm-none-eabi\include\c++\10.2.1\cmath **** #ifndef __CORRECT_ISO_CPP11_MATH_H_PROTO_INT
1579:c:\program files\daisytoolchain\arm-none-eabi\include\c++\10.2.1\cmath ****   template<typename _Tp>
1580:c:\program files\daisytoolchain\arm-none-eabi\include\c++\10.2.1\cmath ****     constexpr typename __gnu_cxx::__enable_if<__is_integer<_Tp>::__value, 
1581:c:\program files\daisytoolchain\arm-none-eabi\include\c++\10.2.1\cmath ****                                               double>::__type
1582:c:\program files\daisytoolchain\arm-none-eabi\include\c++\10.2.1\cmath ****     log2(_Tp __x)
1583:c:\program files\daisytoolchain\arm-none-eabi\include\c++\10.2.1\cmath ****     { return __builtin_log2(__x); }
1584:c:\program files\daisytoolchain\arm-none-eabi\include\c++\10.2.1\cmath **** #endif
1585:c:\program files\daisytoolchain\arm-none-eabi\include\c++\10.2.1\cmath **** 
1586:c:\program files\daisytoolchain\arm-none-eabi\include\c++\10.2.1\cmath **** #ifndef __CORRECT_ISO_CPP11_MATH_H_PROTO_FP
1587:c:\program files\daisytoolchain\arm-none-eabi\include\c++\10.2.1\cmath ****   constexpr float
1588:c:\program files\daisytoolchain\arm-none-eabi\include\c++\10.2.1\cmath ****   logb(float __x)
1589:c:\program files\daisytoolchain\arm-none-eabi\include\c++\10.2.1\cmath ****   { return __builtin_logbf(__x); }
1590:c:\program files\daisytoolchain\arm-none-eabi\include\c++\10.2.1\cmath **** 
1591:c:\program files\daisytoolchain\arm-none-eabi\include\c++\10.2.1\cmath ****   constexpr long double
1592:c:\program files\daisytoolchain\arm-none-eabi\include\c++\10.2.1\cmath ****   logb(long double __x)
ARM GAS  C:\Users\aydan\AppData\Local\Temp\ccEUME1T.s 			page 64


1593:c:\program files\daisytoolchain\arm-none-eabi\include\c++\10.2.1\cmath ****   { return __builtin_logbl(__x); }
1594:c:\program files\daisytoolchain\arm-none-eabi\include\c++\10.2.1\cmath **** #endif
1595:c:\program files\daisytoolchain\arm-none-eabi\include\c++\10.2.1\cmath **** 
1596:c:\program files\daisytoolchain\arm-none-eabi\include\c++\10.2.1\cmath **** #ifndef __CORRECT_ISO_CPP11_MATH_H_PROTO_INT
1597:c:\program files\daisytoolchain\arm-none-eabi\include\c++\10.2.1\cmath ****   template<typename _Tp>
1598:c:\program files\daisytoolchain\arm-none-eabi\include\c++\10.2.1\cmath ****     constexpr typename __gnu_cxx::__enable_if<__is_integer<_Tp>::__value, 
1599:c:\program files\daisytoolchain\arm-none-eabi\include\c++\10.2.1\cmath ****                                               double>::__type
1600:c:\program files\daisytoolchain\arm-none-eabi\include\c++\10.2.1\cmath ****     logb(_Tp __x)
1601:c:\program files\daisytoolchain\arm-none-eabi\include\c++\10.2.1\cmath ****     { return __builtin_logb(__x); }
1602:c:\program files\daisytoolchain\arm-none-eabi\include\c++\10.2.1\cmath **** #endif
1603:c:\program files\daisytoolchain\arm-none-eabi\include\c++\10.2.1\cmath **** 
1604:c:\program files\daisytoolchain\arm-none-eabi\include\c++\10.2.1\cmath **** #ifndef __CORRECT_ISO_CPP11_MATH_H_PROTO_FP
1605:c:\program files\daisytoolchain\arm-none-eabi\include\c++\10.2.1\cmath ****   constexpr long
1606:c:\program files\daisytoolchain\arm-none-eabi\include\c++\10.2.1\cmath ****   lrint(float __x)
1607:c:\program files\daisytoolchain\arm-none-eabi\include\c++\10.2.1\cmath ****   { return __builtin_lrintf(__x); }
1608:c:\program files\daisytoolchain\arm-none-eabi\include\c++\10.2.1\cmath **** 
1609:c:\program files\daisytoolchain\arm-none-eabi\include\c++\10.2.1\cmath ****   constexpr long
1610:c:\program files\daisytoolchain\arm-none-eabi\include\c++\10.2.1\cmath ****   lrint(long double __x)
1611:c:\program files\daisytoolchain\arm-none-eabi\include\c++\10.2.1\cmath ****   { return __builtin_lrintl(__x); }
1612:c:\program files\daisytoolchain\arm-none-eabi\include\c++\10.2.1\cmath **** #endif
1613:c:\program files\daisytoolchain\arm-none-eabi\include\c++\10.2.1\cmath **** 
1614:c:\program files\daisytoolchain\arm-none-eabi\include\c++\10.2.1\cmath **** #ifndef __CORRECT_ISO_CPP11_MATH_H_PROTO_INT
1615:c:\program files\daisytoolchain\arm-none-eabi\include\c++\10.2.1\cmath ****   template<typename _Tp>
1616:c:\program files\daisytoolchain\arm-none-eabi\include\c++\10.2.1\cmath ****     constexpr typename __gnu_cxx::__enable_if<__is_integer<_Tp>::__value, 
1617:c:\program files\daisytoolchain\arm-none-eabi\include\c++\10.2.1\cmath ****                                               long>::__type
1618:c:\program files\daisytoolchain\arm-none-eabi\include\c++\10.2.1\cmath ****     lrint(_Tp __x)
1619:c:\program files\daisytoolchain\arm-none-eabi\include\c++\10.2.1\cmath ****     { return __builtin_lrint(__x); }
1620:c:\program files\daisytoolchain\arm-none-eabi\include\c++\10.2.1\cmath **** #endif
1621:c:\program files\daisytoolchain\arm-none-eabi\include\c++\10.2.1\cmath **** 
1622:c:\program files\daisytoolchain\arm-none-eabi\include\c++\10.2.1\cmath **** #ifndef __CORRECT_ISO_CPP11_MATH_H_PROTO_FP
1623:c:\program files\daisytoolchain\arm-none-eabi\include\c++\10.2.1\cmath ****   constexpr long
1624:c:\program files\daisytoolchain\arm-none-eabi\include\c++\10.2.1\cmath ****   lround(float __x)
1625:c:\program files\daisytoolchain\arm-none-eabi\include\c++\10.2.1\cmath ****   { return __builtin_lroundf(__x); }
1626:c:\program files\daisytoolchain\arm-none-eabi\include\c++\10.2.1\cmath **** 
1627:c:\program files\daisytoolchain\arm-none-eabi\include\c++\10.2.1\cmath ****   constexpr long
1628:c:\program files\daisytoolchain\arm-none-eabi\include\c++\10.2.1\cmath ****   lround(long double __x)
1629:c:\program files\daisytoolchain\arm-none-eabi\include\c++\10.2.1\cmath ****   { return __builtin_lroundl(__x); }
1630:c:\program files\daisytoolchain\arm-none-eabi\include\c++\10.2.1\cmath **** #endif
1631:c:\program files\daisytoolchain\arm-none-eabi\include\c++\10.2.1\cmath **** 
1632:c:\program files\daisytoolchain\arm-none-eabi\include\c++\10.2.1\cmath **** #ifndef __CORRECT_ISO_CPP11_MATH_H_PROTO_INT
1633:c:\program files\daisytoolchain\arm-none-eabi\include\c++\10.2.1\cmath ****   template<typename _Tp>
1634:c:\program files\daisytoolchain\arm-none-eabi\include\c++\10.2.1\cmath ****     constexpr typename __gnu_cxx::__enable_if<__is_integer<_Tp>::__value, 
1635:c:\program files\daisytoolchain\arm-none-eabi\include\c++\10.2.1\cmath ****                                               long>::__type
1636:c:\program files\daisytoolchain\arm-none-eabi\include\c++\10.2.1\cmath ****     lround(_Tp __x)
1637:c:\program files\daisytoolchain\arm-none-eabi\include\c++\10.2.1\cmath ****     { return __builtin_lround(__x); }
1638:c:\program files\daisytoolchain\arm-none-eabi\include\c++\10.2.1\cmath **** #endif
1639:c:\program files\daisytoolchain\arm-none-eabi\include\c++\10.2.1\cmath **** 
1640:c:\program files\daisytoolchain\arm-none-eabi\include\c++\10.2.1\cmath **** #ifndef __CORRECT_ISO_CPP11_MATH_H_PROTO_FP
1641:c:\program files\daisytoolchain\arm-none-eabi\include\c++\10.2.1\cmath ****   constexpr float
1642:c:\program files\daisytoolchain\arm-none-eabi\include\c++\10.2.1\cmath ****   nearbyint(float __x)
1643:c:\program files\daisytoolchain\arm-none-eabi\include\c++\10.2.1\cmath ****   { return __builtin_nearbyintf(__x); }
1644:c:\program files\daisytoolchain\arm-none-eabi\include\c++\10.2.1\cmath **** 
1645:c:\program files\daisytoolchain\arm-none-eabi\include\c++\10.2.1\cmath ****   constexpr long double
1646:c:\program files\daisytoolchain\arm-none-eabi\include\c++\10.2.1\cmath ****   nearbyint(long double __x)
1647:c:\program files\daisytoolchain\arm-none-eabi\include\c++\10.2.1\cmath ****   { return __builtin_nearbyintl(__x); }
1648:c:\program files\daisytoolchain\arm-none-eabi\include\c++\10.2.1\cmath **** #endif
1649:c:\program files\daisytoolchain\arm-none-eabi\include\c++\10.2.1\cmath **** 
ARM GAS  C:\Users\aydan\AppData\Local\Temp\ccEUME1T.s 			page 65


1650:c:\program files\daisytoolchain\arm-none-eabi\include\c++\10.2.1\cmath **** #ifndef __CORRECT_ISO_CPP11_MATH_H_PROTO_INT
1651:c:\program files\daisytoolchain\arm-none-eabi\include\c++\10.2.1\cmath ****   template<typename _Tp>
1652:c:\program files\daisytoolchain\arm-none-eabi\include\c++\10.2.1\cmath ****     constexpr typename __gnu_cxx::__enable_if<__is_integer<_Tp>::__value, 
1653:c:\program files\daisytoolchain\arm-none-eabi\include\c++\10.2.1\cmath ****                                               double>::__type
1654:c:\program files\daisytoolchain\arm-none-eabi\include\c++\10.2.1\cmath ****     nearbyint(_Tp __x)
1655:c:\program files\daisytoolchain\arm-none-eabi\include\c++\10.2.1\cmath ****     { return __builtin_nearbyint(__x); }
1656:c:\program files\daisytoolchain\arm-none-eabi\include\c++\10.2.1\cmath **** #endif
1657:c:\program files\daisytoolchain\arm-none-eabi\include\c++\10.2.1\cmath **** 
1658:c:\program files\daisytoolchain\arm-none-eabi\include\c++\10.2.1\cmath **** #ifndef __CORRECT_ISO_CPP11_MATH_H_PROTO_FP
1659:c:\program files\daisytoolchain\arm-none-eabi\include\c++\10.2.1\cmath ****   constexpr float
1660:c:\program files\daisytoolchain\arm-none-eabi\include\c++\10.2.1\cmath ****   nextafter(float __x, float __y)
1661:c:\program files\daisytoolchain\arm-none-eabi\include\c++\10.2.1\cmath ****   { return __builtin_nextafterf(__x, __y); }
1662:c:\program files\daisytoolchain\arm-none-eabi\include\c++\10.2.1\cmath **** 
1663:c:\program files\daisytoolchain\arm-none-eabi\include\c++\10.2.1\cmath ****   constexpr long double
1664:c:\program files\daisytoolchain\arm-none-eabi\include\c++\10.2.1\cmath ****   nextafter(long double __x, long double __y)
1665:c:\program files\daisytoolchain\arm-none-eabi\include\c++\10.2.1\cmath ****   { return __builtin_nextafterl(__x, __y); }
1666:c:\program files\daisytoolchain\arm-none-eabi\include\c++\10.2.1\cmath **** #endif
1667:c:\program files\daisytoolchain\arm-none-eabi\include\c++\10.2.1\cmath **** 
1668:c:\program files\daisytoolchain\arm-none-eabi\include\c++\10.2.1\cmath **** #ifndef __CORRECT_ISO_CPP11_MATH_H_PROTO_INT
1669:c:\program files\daisytoolchain\arm-none-eabi\include\c++\10.2.1\cmath ****   template<typename _Tp, typename _Up>
1670:c:\program files\daisytoolchain\arm-none-eabi\include\c++\10.2.1\cmath ****     constexpr typename __gnu_cxx::__promote_2<_Tp, _Up>::__type
1671:c:\program files\daisytoolchain\arm-none-eabi\include\c++\10.2.1\cmath ****     nextafter(_Tp __x, _Up __y)
1672:c:\program files\daisytoolchain\arm-none-eabi\include\c++\10.2.1\cmath ****     {
1673:c:\program files\daisytoolchain\arm-none-eabi\include\c++\10.2.1\cmath ****       typedef typename __gnu_cxx::__promote_2<_Tp, _Up>::__type __type;
1674:c:\program files\daisytoolchain\arm-none-eabi\include\c++\10.2.1\cmath ****       return nextafter(__type(__x), __type(__y));
1675:c:\program files\daisytoolchain\arm-none-eabi\include\c++\10.2.1\cmath ****     }
1676:c:\program files\daisytoolchain\arm-none-eabi\include\c++\10.2.1\cmath **** #endif
1677:c:\program files\daisytoolchain\arm-none-eabi\include\c++\10.2.1\cmath **** 
1678:c:\program files\daisytoolchain\arm-none-eabi\include\c++\10.2.1\cmath **** #ifndef __CORRECT_ISO_CPP11_MATH_H_PROTO_FP
1679:c:\program files\daisytoolchain\arm-none-eabi\include\c++\10.2.1\cmath ****   constexpr float
1680:c:\program files\daisytoolchain\arm-none-eabi\include\c++\10.2.1\cmath ****   nexttoward(float __x, long double __y)
1681:c:\program files\daisytoolchain\arm-none-eabi\include\c++\10.2.1\cmath ****   { return __builtin_nexttowardf(__x, __y); }
1682:c:\program files\daisytoolchain\arm-none-eabi\include\c++\10.2.1\cmath **** 
1683:c:\program files\daisytoolchain\arm-none-eabi\include\c++\10.2.1\cmath ****   constexpr long double
1684:c:\program files\daisytoolchain\arm-none-eabi\include\c++\10.2.1\cmath ****   nexttoward(long double __x, long double __y)
1685:c:\program files\daisytoolchain\arm-none-eabi\include\c++\10.2.1\cmath ****   { return __builtin_nexttowardl(__x, __y); }
1686:c:\program files\daisytoolchain\arm-none-eabi\include\c++\10.2.1\cmath **** #endif
1687:c:\program files\daisytoolchain\arm-none-eabi\include\c++\10.2.1\cmath **** 
1688:c:\program files\daisytoolchain\arm-none-eabi\include\c++\10.2.1\cmath **** #ifndef __CORRECT_ISO_CPP11_MATH_H_PROTO_INT
1689:c:\program files\daisytoolchain\arm-none-eabi\include\c++\10.2.1\cmath ****   template<typename _Tp>
1690:c:\program files\daisytoolchain\arm-none-eabi\include\c++\10.2.1\cmath ****     constexpr typename __gnu_cxx::__enable_if<__is_integer<_Tp>::__value, 
1691:c:\program files\daisytoolchain\arm-none-eabi\include\c++\10.2.1\cmath ****                                               double>::__type
1692:c:\program files\daisytoolchain\arm-none-eabi\include\c++\10.2.1\cmath ****     nexttoward(_Tp __x, long double __y)
1693:c:\program files\daisytoolchain\arm-none-eabi\include\c++\10.2.1\cmath ****     { return __builtin_nexttoward(__x, __y); }
1694:c:\program files\daisytoolchain\arm-none-eabi\include\c++\10.2.1\cmath **** #endif
1695:c:\program files\daisytoolchain\arm-none-eabi\include\c++\10.2.1\cmath **** 
1696:c:\program files\daisytoolchain\arm-none-eabi\include\c++\10.2.1\cmath **** #ifndef __CORRECT_ISO_CPP11_MATH_H_PROTO_FP
1697:c:\program files\daisytoolchain\arm-none-eabi\include\c++\10.2.1\cmath ****   constexpr float
1698:c:\program files\daisytoolchain\arm-none-eabi\include\c++\10.2.1\cmath ****   remainder(float __x, float __y)
1699:c:\program files\daisytoolchain\arm-none-eabi\include\c++\10.2.1\cmath ****   { return __builtin_remainderf(__x, __y); }
1700:c:\program files\daisytoolchain\arm-none-eabi\include\c++\10.2.1\cmath **** 
1701:c:\program files\daisytoolchain\arm-none-eabi\include\c++\10.2.1\cmath ****   constexpr long double
1702:c:\program files\daisytoolchain\arm-none-eabi\include\c++\10.2.1\cmath ****   remainder(long double __x, long double __y)
1703:c:\program files\daisytoolchain\arm-none-eabi\include\c++\10.2.1\cmath ****   { return __builtin_remainderl(__x, __y); }
1704:c:\program files\daisytoolchain\arm-none-eabi\include\c++\10.2.1\cmath **** #endif
1705:c:\program files\daisytoolchain\arm-none-eabi\include\c++\10.2.1\cmath **** 
1706:c:\program files\daisytoolchain\arm-none-eabi\include\c++\10.2.1\cmath **** #ifndef __CORRECT_ISO_CPP11_MATH_H_PROTO_INT
ARM GAS  C:\Users\aydan\AppData\Local\Temp\ccEUME1T.s 			page 66


1707:c:\program files\daisytoolchain\arm-none-eabi\include\c++\10.2.1\cmath ****   template<typename _Tp, typename _Up>
1708:c:\program files\daisytoolchain\arm-none-eabi\include\c++\10.2.1\cmath ****     constexpr typename __gnu_cxx::__promote_2<_Tp, _Up>::__type
1709:c:\program files\daisytoolchain\arm-none-eabi\include\c++\10.2.1\cmath ****     remainder(_Tp __x, _Up __y)
1710:c:\program files\daisytoolchain\arm-none-eabi\include\c++\10.2.1\cmath ****     {
1711:c:\program files\daisytoolchain\arm-none-eabi\include\c++\10.2.1\cmath ****       typedef typename __gnu_cxx::__promote_2<_Tp, _Up>::__type __type;
1712:c:\program files\daisytoolchain\arm-none-eabi\include\c++\10.2.1\cmath ****       return remainder(__type(__x), __type(__y));
1713:c:\program files\daisytoolchain\arm-none-eabi\include\c++\10.2.1\cmath ****     }
1714:c:\program files\daisytoolchain\arm-none-eabi\include\c++\10.2.1\cmath **** #endif
1715:c:\program files\daisytoolchain\arm-none-eabi\include\c++\10.2.1\cmath **** 
1716:c:\program files\daisytoolchain\arm-none-eabi\include\c++\10.2.1\cmath **** #ifndef __CORRECT_ISO_CPP11_MATH_H_PROTO_FP
1717:c:\program files\daisytoolchain\arm-none-eabi\include\c++\10.2.1\cmath ****   inline float
1718:c:\program files\daisytoolchain\arm-none-eabi\include\c++\10.2.1\cmath ****   remquo(float __x, float __y, int* __pquo)
1719:c:\program files\daisytoolchain\arm-none-eabi\include\c++\10.2.1\cmath ****   { return __builtin_remquof(__x, __y, __pquo); }
1720:c:\program files\daisytoolchain\arm-none-eabi\include\c++\10.2.1\cmath **** 
1721:c:\program files\daisytoolchain\arm-none-eabi\include\c++\10.2.1\cmath ****   inline long double
1722:c:\program files\daisytoolchain\arm-none-eabi\include\c++\10.2.1\cmath ****   remquo(long double __x, long double __y, int* __pquo)
1723:c:\program files\daisytoolchain\arm-none-eabi\include\c++\10.2.1\cmath ****   { return __builtin_remquol(__x, __y, __pquo); }
1724:c:\program files\daisytoolchain\arm-none-eabi\include\c++\10.2.1\cmath **** #endif
1725:c:\program files\daisytoolchain\arm-none-eabi\include\c++\10.2.1\cmath **** 
1726:c:\program files\daisytoolchain\arm-none-eabi\include\c++\10.2.1\cmath **** #ifndef __CORRECT_ISO_CPP11_MATH_H_PROTO_INT
1727:c:\program files\daisytoolchain\arm-none-eabi\include\c++\10.2.1\cmath ****   template<typename _Tp, typename _Up>
1728:c:\program files\daisytoolchain\arm-none-eabi\include\c++\10.2.1\cmath ****     inline typename __gnu_cxx::__promote_2<_Tp, _Up>::__type
1729:c:\program files\daisytoolchain\arm-none-eabi\include\c++\10.2.1\cmath ****     remquo(_Tp __x, _Up __y, int* __pquo)
1730:c:\program files\daisytoolchain\arm-none-eabi\include\c++\10.2.1\cmath ****     {
1731:c:\program files\daisytoolchain\arm-none-eabi\include\c++\10.2.1\cmath ****       typedef typename __gnu_cxx::__promote_2<_Tp, _Up>::__type __type;
1732:c:\program files\daisytoolchain\arm-none-eabi\include\c++\10.2.1\cmath ****       return remquo(__type(__x), __type(__y), __pquo);
1733:c:\program files\daisytoolchain\arm-none-eabi\include\c++\10.2.1\cmath ****     }
1734:c:\program files\daisytoolchain\arm-none-eabi\include\c++\10.2.1\cmath **** #endif
1735:c:\program files\daisytoolchain\arm-none-eabi\include\c++\10.2.1\cmath **** 
1736:c:\program files\daisytoolchain\arm-none-eabi\include\c++\10.2.1\cmath **** #ifndef __CORRECT_ISO_CPP11_MATH_H_PROTO_FP
1737:c:\program files\daisytoolchain\arm-none-eabi\include\c++\10.2.1\cmath ****   constexpr float
1738:c:\program files\daisytoolchain\arm-none-eabi\include\c++\10.2.1\cmath ****   rint(float __x)
1739:c:\program files\daisytoolchain\arm-none-eabi\include\c++\10.2.1\cmath ****   { return __builtin_rintf(__x); }
1740:c:\program files\daisytoolchain\arm-none-eabi\include\c++\10.2.1\cmath **** 
1741:c:\program files\daisytoolchain\arm-none-eabi\include\c++\10.2.1\cmath ****   constexpr long double
1742:c:\program files\daisytoolchain\arm-none-eabi\include\c++\10.2.1\cmath ****   rint(long double __x)
1743:c:\program files\daisytoolchain\arm-none-eabi\include\c++\10.2.1\cmath ****   { return __builtin_rintl(__x); }
1744:c:\program files\daisytoolchain\arm-none-eabi\include\c++\10.2.1\cmath **** #endif
1745:c:\program files\daisytoolchain\arm-none-eabi\include\c++\10.2.1\cmath **** 
1746:c:\program files\daisytoolchain\arm-none-eabi\include\c++\10.2.1\cmath **** #ifndef __CORRECT_ISO_CPP11_MATH_H_PROTO_INT
1747:c:\program files\daisytoolchain\arm-none-eabi\include\c++\10.2.1\cmath ****   template<typename _Tp>
1748:c:\program files\daisytoolchain\arm-none-eabi\include\c++\10.2.1\cmath ****     constexpr typename __gnu_cxx::__enable_if<__is_integer<_Tp>::__value, 
1749:c:\program files\daisytoolchain\arm-none-eabi\include\c++\10.2.1\cmath ****                                               double>::__type
1750:c:\program files\daisytoolchain\arm-none-eabi\include\c++\10.2.1\cmath ****     rint(_Tp __x)
1751:c:\program files\daisytoolchain\arm-none-eabi\include\c++\10.2.1\cmath ****     { return __builtin_rint(__x); }
1752:c:\program files\daisytoolchain\arm-none-eabi\include\c++\10.2.1\cmath **** #endif
1753:c:\program files\daisytoolchain\arm-none-eabi\include\c++\10.2.1\cmath **** 
1754:c:\program files\daisytoolchain\arm-none-eabi\include\c++\10.2.1\cmath **** #ifndef __CORRECT_ISO_CPP11_MATH_H_PROTO_FP
1755:c:\program files\daisytoolchain\arm-none-eabi\include\c++\10.2.1\cmath ****   constexpr float
1756:c:\program files\daisytoolchain\arm-none-eabi\include\c++\10.2.1\cmath ****   round(float __x)
 1383              		.loc 2 1756 3 view .LVU401
 1384              	.LBB177:
1757:c:\program files\daisytoolchain\arm-none-eabi\include\c++\10.2.1\cmath ****   { return __builtin_roundf(__x); }
 1385              		.loc 2 1757 5 view .LVU402
 1386              		.loc 2 1757 28 is_stmt 0 view .LVU403
 1387 003a F8FE487A 		vrinta.f32	s15, s16
 1388              	.LVL113:
ARM GAS  C:\Users\aydan\AppData\Local\Temp\ccEUME1T.s 			page 67


 1389              		.loc 2 1757 28 view .LVU404
 1390              	.LBE177:
 1391              	.LBE176:
 230:src/tuner.cpp ****     static const char* names[12] = {"C", "C#", "D", "D#", "E", "F", "F#", "G", "G#", "A", "A#", "B"
 1392              		.loc 1 230 46 view .LVU405
 1393 003e FDEEE77A 		vcvt.s32.f32	s15, s15
 1394 0042 17EE904A 		vmov	r4, s15	@ int
 1395              	.LVL114:
 231:src/tuner.cpp ****     const int note_idx = ((midi_n % 12) + 12) % 12;
 1396              		.loc 1 231 5 is_stmt 1 view .LVU406
 232:src/tuner.cpp ****     const int octave = (midi_n / 12) - 1;
 1397              		.loc 1 232 5 view .LVU407
 233:src/tuner.cpp ****     std::snprintf(out_note, out_size, "%s%d", names[note_idx], octave);
 1398              		.loc 1 233 5 view .LVU408
 234:src/tuner.cpp ****     out_cents = (midi_f - (float)midi_n) * 100.0f;
 1399              		.loc 1 234 5 view .LVU409
 232:src/tuner.cpp ****     const int octave = (midi_n / 12) - 1;
 1400              		.loc 1 232 35 is_stmt 0 view .LVU410
 1401 0046 83FB0423 		smull	r2, r3, r3, r4
 1402 004a 4FEAE47C 		asr	ip, r4, #31
 234:src/tuner.cpp ****     out_cents = (midi_f - (float)midi_n) * 100.0f;
 1403              		.loc 1 234 18 view .LVU411
 1404 004e 1D4A     		ldr	r2, .L116+20
 232:src/tuner.cpp ****     const int octave = (midi_n / 12) - 1;
 1405              		.loc 1 232 35 view .LVU412
 1406 0050 CCEB630C 		rsb	ip, ip, r3, asr #1
 1407 0054 0CEB4C03 		add	r3, ip, ip, lsl #1
 233:src/tuner.cpp ****     std::snprintf(out_note, out_size, "%s%d", names[note_idx], octave);
 1408              		.loc 1 233 15 view .LVU413
 1409 0058 0CF1FF3C 		add	ip, ip, #-1
 232:src/tuner.cpp ****     const int octave = (midi_n / 12) - 1;
 1410              		.loc 1 232 35 view .LVU414
 1411 005c A4EB8303 		sub	r3, r4, r3, lsl #2
 234:src/tuner.cpp ****     out_cents = (midi_f - (float)midi_n) * 100.0f;
 1412              		.loc 1 234 18 view .LVU415
 1413 0060 CDF800C0 		str	ip, [sp]
 232:src/tuner.cpp ****     const int octave = (midi_n / 12) - 1;
 1414              		.loc 1 232 41 view .LVU416
 1415 0064 0C33     		adds	r3, r3, #12
 232:src/tuner.cpp ****     const int octave = (midi_n / 12) - 1;
 1416              		.loc 1 232 15 view .LVU417
 1417 0066 A6FB036C 		umull	r6, ip, r6, r3
 1418 006a 4FEADC0C 		lsr	ip, ip, #3
 1419 006e 0CEB4C0C 		add	ip, ip, ip, lsl #1
 1420 0072 A3EB8C03 		sub	r3, r3, ip, lsl #2
 234:src/tuner.cpp ****     out_cents = (midi_f - (float)midi_n) * 100.0f;
 1421              		.loc 1 234 18 view .LVU418
 1422 0076 57F82330 		ldr	r3, [r7, r3, lsl #2]
 1423 007a FFF7FEFF 		bl	snprintf
 1424              	.LVL115:
 235:src/tuner.cpp **** }
 1425              		.loc 1 235 5 is_stmt 1 view .LVU419
 235:src/tuner.cpp **** }
 1426              		.loc 1 235 27 is_stmt 0 view .LVU420
 1427 007e 07EE904A 		vmov	s15, r4	@ int
 235:src/tuner.cpp **** }
 1428              		.loc 1 235 42 view .LVU421
ARM GAS  C:\Users\aydan\AppData\Local\Temp\ccEUME1T.s 			page 68


 1429 0082 9FED117A 		vldr.32	s14, .L116+24
 235:src/tuner.cpp **** }
 1430              		.loc 1 235 27 view .LVU422
 1431 0086 F8EEE77A 		vcvt.f32.s32	s15, s15
 235:src/tuner.cpp **** }
 1432              		.loc 1 235 25 view .LVU423
 1433 008a 38EE678A 		vsub.f32	s16, s16, s15
 1434              	.LVL116:
 235:src/tuner.cpp **** }
 1435              		.loc 1 235 42 view .LVU424
 1436 008e 28EE078A 		vmul.f32	s16, s16, s14
 235:src/tuner.cpp **** }
 1437              		.loc 1 235 15 view .LVU425
 1438 0092 85ED008A 		vstr.32	s16, [r5]
 236:src/tuner.cpp **** 
 1439              		.loc 1 236 1 view .LVU426
 1440 0096 03B0     		add	sp, sp, #12
 1441              		.cfi_remember_state
 1442              		.cfi_def_cfa_offset 28
 1443              		@ sp needed
 1444 0098 BDEC028B 		vldm	sp!, {d8}
 1445              		.cfi_restore 80
 1446              		.cfi_restore 81
 1447              		.cfi_def_cfa_offset 20
 1448 009c F0BD     		pop	{r4, r5, r6, r7, pc}
 1449              	.LVL117:
 1450              	.L115:
 1451              		.cfi_restore_state
 236:src/tuner.cpp **** 
 1452              		.loc 1 236 1 view .LVU427
 1453 009e 0027     		movs	r7, #0
 224:src/tuner.cpp ****         out_cents = 0.0f;
 1454              		.loc 1 224 9 is_stmt 1 view .LVU428
 224:src/tuner.cpp ****         out_cents = 0.0f;
 1455              		.loc 1 224 22 is_stmt 0 view .LVU429
 1456 00a0 0A4A     		ldr	r2, .L116+28
 1457              	.LVL118:
 224:src/tuner.cpp ****         out_cents = 0.0f;
 1458              		.loc 1 224 22 view .LVU430
 1459 00a2 FFF7FEFF 		bl	snprintf
 1460              	.LVL119:
 225:src/tuner.cpp ****         return;
 1461              		.loc 1 225 9 is_stmt 1 view .LVU431
 225:src/tuner.cpp ****         return;
 1462              		.loc 1 225 19 is_stmt 0 view .LVU432
 1463 00a6 2F60     		str	r7, [r5]	@ float
 226:src/tuner.cpp ****     }
 1464              		.loc 1 226 9 is_stmt 1 view .LVU433
 236:src/tuner.cpp **** 
 1465              		.loc 1 236 1 is_stmt 0 view .LVU434
 1466 00a8 03B0     		add	sp, sp, #12
 1467              		.cfi_def_cfa_offset 28
 1468              		@ sp needed
 1469 00aa BDEC028B 		vldm	sp!, {d8}
 1470              		.cfi_restore 80
 1471              		.cfi_restore 81
 1472              		.cfi_def_cfa_offset 20
ARM GAS  C:\Users\aydan\AppData\Local\Temp\ccEUME1T.s 			page 69


 1473 00ae F0BD     		pop	{r4, r5, r6, r7, pc}
 1474              	.LVL120:
 1475              	.L117:
 236:src/tuner.cpp **** 
 1476              		.loc 1 236 1 view .LVU435
 1477              		.align	2
 1478              	.L116:
 1479 00b0 0000DC43 		.word	1138491392
 1480 00b4 00008A42 		.word	1116340224
 1481 00b8 00000000 		.word	.LANCHOR1
 1482 00bc ABAAAA2A 		.word	715827883
 1483 00c0 ABAAAAAA 		.word	-1431655765
 1484 00c4 04000000 		.word	.LC1
 1485 00c8 0000C842 		.word	1120403456
 1486 00cc 00000000 		.word	.LC0
 1487              		.cfi_endproc
 1488              	.LFE2575:
 1490              		.section	.text._ZN3app13TunerAnalyzer9DetectYinEPKfifRfS3_m,"ax",%progbits
 1491              		.align	1
 1492              		.p2align 2,,3
 1493              		.global	_ZN3app13TunerAnalyzer9DetectYinEPKfifRfS3_m
 1494              		.syntax unified
 1495              		.thumb
 1496              		.thumb_func
 1497              		.fpu fpv5-d16
 1499              	_ZN3app13TunerAnalyzer9DetectYinEPKfifRfS3_m:
 1500              	.LVL121:
 1501              	.LFB2576:
 246:src/tuner.cpp ****     out_freq_hz = 0.0f;
 1502              		.loc 1 246 1 is_stmt 1 view -0
 1503              		.cfi_startproc
 1504              		@ args = 8, pretend = 0, frame = 0
 1505              		@ frame_needed = 0, uses_anonymous_args = 0
 1506              		@ link register save eliminated.
 247:src/tuner.cpp ****     out_confidence = 0.0f;
 1507              		.loc 1 247 5 view .LVU437
 246:src/tuner.cpp ****     out_freq_hz = 0.0f;
 1508              		.loc 1 246 1 is_stmt 0 view .LVU438
 1509 0000 30B4     		push	{r4, r5}
 1510              		.cfi_def_cfa_offset 8
 1511              		.cfi_offset 4, -8
 1512              		.cfi_offset 5, -4
 247:src/tuner.cpp ****     out_confidence = 0.0f;
 1513              		.loc 1 247 17 view .LVU439
 1514 0002 DFED087A 		vldr.32	s15, .L121
 246:src/tuner.cpp ****     out_freq_hz = 0.0f;
 1515              		.loc 1 246 1 view .LVU440
 1516 0006 029D     		ldr	r5, [sp, #8]
 247:src/tuner.cpp ****     out_confidence = 0.0f;
 1517              		.loc 1 247 17 view .LVU441
 1518 0008 C3ED007A 		vstr.32	s15, [r3]
 248:src/tuner.cpp ****     if(!source || source_count < config::kTunerSourceWindowSize)
 1519              		.loc 1 248 5 is_stmt 1 view .LVU442
 248:src/tuner.cpp ****     if(!source || source_count < config::kTunerSourceWindowSize)
 1520              		.loc 1 248 20 is_stmt 0 view .LVU443
 1521 000c C5ED007A 		vstr.32	s15, [r5]
 249:src/tuner.cpp ****         return false;
ARM GAS  C:\Users\aydan\AppData\Local\Temp\ccEUME1T.s 			page 70


 1522              		.loc 1 249 5 is_stmt 1 view .LVU444
 1523 0010 29B1     		cbz	r1, .L119
 1524 0012 B2F5805F 		cmp	r2, #4096
 1525 0016 02DB     		blt	.L119
 1526              		.loc 1 348 1 is_stmt 0 discriminator 3 view .LVU445
 1527 0018 30BC     		pop	{r4, r5}
 1528              		.cfi_remember_state
 1529              		.cfi_restore 5
 1530              		.cfi_restore 4
 1531              		.cfi_def_cfa_offset 0
 1532              	.LVL122:
 1533              		.loc 1 348 1 discriminator 3 view .LVU446
 1534 001a FFF7FEBF 		b	_ZN3app13TunerAnalyzer9DetectYinEPKfifRfS3_m.part.0
 1535              	.LVL123:
 1536              	.L119:
 1537              		.cfi_restore_state
 1538              		.loc 1 348 1 view .LVU447
 1539 001e 0020     		movs	r0, #0
 1540              	.LVL124:
 1541              		.loc 1 348 1 view .LVU448
 1542 0020 30BC     		pop	{r4, r5}
 1543              		.cfi_restore 5
 1544              		.cfi_restore 4
 1545              		.cfi_def_cfa_offset 0
 1546              	.LVL125:
 1547              		.loc 1 348 1 view .LVU449
 1548 0022 7047     		bx	lr
 1549              	.L122:
 1550              		.align	2
 1551              	.L121:
 1552 0024 00000000 		.word	0
 1553              		.cfi_endproc
 1554              	.LFE2576:
 1556              		.section	.text._ZN3app13TunerAnalyzer7Median5EPKf,"ax",%progbits
 1557              		.align	1
 1558              		.p2align 2,,3
 1559              		.global	_ZN3app13TunerAnalyzer7Median5EPKf
 1560              		.syntax unified
 1561              		.thumb
 1562              		.thumb_func
 1563              		.fpu fpv5-d16
 1565              	_ZN3app13TunerAnalyzer7Median5EPKf:
 1566              	.LVL126:
 1567              	.LFB2577:
 349:src/tuner.cpp **** 
 350:src/tuner.cpp **** // Fixed compare-swap median keeps smoothing robust without heap allocation or std::sort.
 351:src/tuner.cpp **** float TunerAnalyzer::Median5(const float* values)
 352:src/tuner.cpp **** {
 1568              		.loc 1 352 1 is_stmt 1 view -0
 1569              		.cfi_startproc
 1570              		@ args = 0, pretend = 0, frame = 0
 1571              		@ frame_needed = 0, uses_anonymous_args = 0
 1572              		@ link register save eliminated.
 353:src/tuner.cpp ****     float a[5] = {values[0], values[1], values[2], values[3], values[4]};
 1573              		.loc 1 353 5 view .LVU451
 1574              		.loc 1 353 27 is_stmt 0 view .LVU452
 1575 0000 D0ED006A 		vldr.32	s13, [r0]
ARM GAS  C:\Users\aydan\AppData\Local\Temp\ccEUME1T.s 			page 71


 1576              	.LVL127:
 1577              		.loc 1 353 38 view .LVU453
 1578 0004 D0ED017A 		vldr.32	s15, [r0, #4]
 1579              	.LVL128:
 1580              		.loc 1 353 49 view .LVU454
 1581 0008 90ED020A 		vldr.32	s0, [r0, #8]
 1582              	.LVL129:
 1583              	.LBB179:
 354:src/tuner.cpp **** #define SWAP_IF(i, j) if(a[j] < a[i]) { float t = a[i]; a[i] = a[j]; a[j] = t; }
 355:src/tuner.cpp ****     SWAP_IF(0, 1);
 1584              		.loc 1 355 5 view .LVU455
 1585 000c F4EEE76A 		vcmpe.f32	s13, s15
 1586              	.LBE179:
 353:src/tuner.cpp ****     float a[5] = {values[0], values[1], values[2], values[3], values[4]};
 1587              		.loc 1 353 60 view .LVU456
 1588 0010 90ED037A 		vldr.32	s14, [r0, #12]
 1589              	.LVL130:
 353:src/tuner.cpp ****     float a[5] = {values[0], values[1], values[2], values[3], values[4]};
 1590              		.loc 1 353 71 view .LVU457
 1591 0014 90ED046A 		vldr.32	s12, [r0, #16]
 1592              	.LVL131:
 1593              		.loc 1 355 5 is_stmt 1 view .LVU458
 1594              	.LBB181:
 1595 0018 F1EE10FA 		vmrs	APSR_nzcv, FPSCR
 1596 001c 05DD     		ble	.L124
 1597 001e F0EE665A 		vmov.f32	s11, s13
 1598              	.LBB180:
 1599 0022 F0EE676A 		vmov.f32	s13, s15
 1600              	.LVL132:
 1601              		.loc 1 355 5 is_stmt 0 view .LVU459
 1602 0026 F0EE657A 		vmov.f32	s15, s11
 1603              	.LVL133:
 1604              	.L124:
 1605              		.loc 1 355 5 view .LVU460
 1606              	.LBE180:
 1607              	.LBE181:
 1608              		.loc 1 355 18 is_stmt 1 discriminator 3 view .LVU461
 356:src/tuner.cpp ****     SWAP_IF(3, 4);
 1609              		.loc 1 356 5 discriminator 3 view .LVU462
 1610              	.LBB182:
 1611 002a B4EEC67A 		vcmpe.f32	s14, s12
 1612 002e F1EE10FA 		vmrs	APSR_nzcv, FPSCR
 1613 0032 33DC     		bgt	.L126
 1614              		.loc 1 356 5 is_stmt 0 discriminator 3 view .LVU463
 1615              	.LBE182:
 1616              		.loc 1 356 18 is_stmt 1 discriminator 3 view .LVU464
 357:src/tuner.cpp ****     SWAP_IF(2, 4);
 1617              		.loc 1 357 5 discriminator 3 view .LVU465
 1618              	.LBB185:
 1619 0034 B4EEC60A 		vcmpe.f32	s0, s12
 1620 0038 F1EE10FA 		vmrs	APSR_nzcv, FPSCR
 1621 003c 05DD     		ble	.L127
 1622 003e F0EE405A 		vmov.f32	s11, s0
 1623              	.LBE185:
 353:src/tuner.cpp **** #define SWAP_IF(i, j) if(a[j] < a[i]) { float t = a[i]; a[i] = a[j]; a[j] = t; }
 1624              		.loc 1 353 72 is_stmt 0 view .LVU466
 1625 0042 B0EE460A 		vmov.f32	s0, s12
ARM GAS  C:\Users\aydan\AppData\Local\Temp\ccEUME1T.s 			page 72


 1626              	.LVL134:
 1627              	.LBB188:
 1628              	.LBB186:
 1629              		.loc 1 357 5 view .LVU467
 1630 0046 B0EE656A 		vmov.f32	s12, s11
 1631              	.LVL135:
 1632              	.L127:
 1633              		.loc 1 357 5 view .LVU468
 1634              	.LBE186:
 1635              	.LBE188:
 1636              		.loc 1 357 18 is_stmt 1 discriminator 3 view .LVU469
 358:src/tuner.cpp ****     SWAP_IF(2, 3);
 1637              		.loc 1 358 5 discriminator 3 view .LVU470
 1638              	.LBB189:
 1639 004a B4EEC70A 		vcmpe.f32	s0, s14
 1640 004e F1EE10FA 		vmrs	APSR_nzcv, FPSCR
 1641 0052 30DC     		bgt	.L128
 1642              	.L152:
 1643              		.loc 1 358 5 is_stmt 0 discriminator 3 view .LVU471
 1644              	.LBE189:
 1645              		.loc 1 358 18 is_stmt 1 discriminator 3 view .LVU472
 359:src/tuner.cpp ****     SWAP_IF(0, 3);
 1646              		.loc 1 359 5 discriminator 3 view .LVU473
 1647              	.LBB190:
 1648 0054 F4EEC76A 		vcmpe.f32	s13, s14
 1649 0058 F1EE10FA 		vmrs	APSR_nzcv, FPSCR
 1650 005c 05DD     		ble	.L129
 1651              		.loc 1 359 5 is_stmt 0 view .LVU474
 1652 005e F0EE665A 		vmov.f32	s11, s13
 1653 0062 F0EE476A 		vmov.f32	s13, s14
 1654              	.LVL136:
 1655              	.LBB191:
 1656              		.loc 1 359 5 view .LVU475
 1657 0066 B0EE657A 		vmov.f32	s14, s11
 1658              	.LVL137:
 1659              	.L129:
 1660              		.loc 1 359 5 view .LVU476
 1661              	.LBE191:
 1662              	.LBE190:
 1663              		.loc 1 359 18 is_stmt 1 discriminator 3 view .LVU477
 360:src/tuner.cpp ****     SWAP_IF(0, 2);
 1664              		.loc 1 360 5 discriminator 3 view .LVU478
 1665              	.LBB193:
 1666 006a F4EE406A 		vcmp.f32	s13, s0
 1667 006e F1EE10FA 		vmrs	APSR_nzcv, FPSCR
 1668 0072 36FE800A 		vselgt.f32	s0, s13, s0
 1669              	.LVL138:
 1670              	.L131:
 1671              		.loc 1 360 5 is_stmt 0 discriminator 3 view .LVU479
 1672              	.LBE193:
 1673              		.loc 1 360 18 is_stmt 1 discriminator 3 view .LVU480
 361:src/tuner.cpp ****     SWAP_IF(1, 4);
 1674              		.loc 1 361 5 discriminator 3 view .LVU481
 1675              	.LBB194:
 1676 0076 F4EE467A 		vcmp.f32	s15, s12
 1677 007a F1EE10FA 		vmrs	APSR_nzcv, FPSCR
 1678 007e 76FE277A 		vselgt.f32	s15, s12, s15
ARM GAS  C:\Users\aydan\AppData\Local\Temp\ccEUME1T.s 			page 73


 1679              	.LVL139:
 1680              		.loc 1 361 5 is_stmt 0 discriminator 3 view .LVU482
 1681              	.LBE194:
 1682              		.loc 1 361 18 is_stmt 1 discriminator 3 view .LVU483
 362:src/tuner.cpp ****     SWAP_IF(1, 3);
 1683              		.loc 1 362 5 discriminator 3 view .LVU484
 1684              	.LBB195:
 1685 0082 F4EE477A 		vcmp.f32	s15, s14
 1686 0086 F1EE10FA 		vmrs	APSR_nzcv, FPSCR
 1687 008a 77FE277A 		vselgt.f32	s15, s14, s15
 1688              	.LVL140:
 1689              		.loc 1 362 5 is_stmt 0 discriminator 3 view .LVU485
 1690              	.LBE195:
 1691              		.loc 1 362 18 is_stmt 1 discriminator 3 view .LVU486
 363:src/tuner.cpp ****     SWAP_IF(1, 2);
 1692              		.loc 1 363 5 discriminator 3 view .LVU487
 1693              	.LBB196:
 1694              	.LBB197:
 1695 008e F4EE407A 		vcmp.f32	s15, s0
 1696 0092 F1EE10FA 		vmrs	APSR_nzcv, FPSCR
 1697 0096 37FE800A 		vselgt.f32	s0, s15, s0
 1698              	.LVL141:
 1699              		.loc 1 363 5 is_stmt 0 discriminator 3 view .LVU488
 1700              	.LBE197:
 1701              	.LBE196:
 364:src/tuner.cpp **** #undef SWAP_IF
 365:src/tuner.cpp ****     return a[2];
 366:src/tuner.cpp **** }
 1702              		.loc 1 366 1 discriminator 3 view .LVU489
 1703 009a 7047     		bx	lr
 1704              	.LVL142:
 1705              	.L126:
 356:src/tuner.cpp ****     SWAP_IF(2, 4);
 1706              		.loc 1 356 18 is_stmt 1 view .LVU490
 357:src/tuner.cpp ****     SWAP_IF(2, 3);
 1707              		.loc 1 357 5 view .LVU491
 1708              	.LBB198:
 1709 009c B4EEC70A 		vcmpe.f32	s0, s14
 1710 00a0 F1EE10FA 		vmrs	APSR_nzcv, FPSCR
 1711 00a4 0FDD     		ble	.L150
 1712 00a6 F0EE405A 		vmov.f32	s11, s0
 1713              	.LBE198:
 1714              	.LBB199:
 1715              	.LBB183:
 356:src/tuner.cpp ****     SWAP_IF(2, 4);
 1716              		.loc 1 356 5 is_stmt 0 view .LVU492
 1717 00aa B0EE470A 		vmov.f32	s0, s14
 1718              	.LVL143:
 356:src/tuner.cpp ****     SWAP_IF(2, 4);
 1719              		.loc 1 356 5 view .LVU493
 1720 00ae B0EE467A 		vmov.f32	s14, s12
 1721              	.LVL144:
 356:src/tuner.cpp ****     SWAP_IF(2, 4);
 1722              		.loc 1 356 5 view .LVU494
 1723              	.LBE183:
 1724              	.LBE199:
 1725              	.LBB200:
ARM GAS  C:\Users\aydan\AppData\Local\Temp\ccEUME1T.s 			page 74


 1726              	.LBB187:
 357:src/tuner.cpp ****     SWAP_IF(2, 3);
 1727              		.loc 1 357 5 view .LVU495
 1728 00b2 B0EE656A 		vmov.f32	s12, s11
 1729              	.LVL145:
 1730              	.L128:
 357:src/tuner.cpp ****     SWAP_IF(2, 3);
 1731              		.loc 1 357 5 view .LVU496
 1732              	.LBE187:
 1733              	.LBE200:
 358:src/tuner.cpp ****     SWAP_IF(0, 3);
 1734              		.loc 1 358 5 is_stmt 1 view .LVU497
 358:src/tuner.cpp ****     SWAP_IF(0, 3);
 1735              		.loc 1 358 5 view .LVU498
 358:src/tuner.cpp ****     SWAP_IF(0, 3);
 1736              		.loc 1 358 5 view .LVU499
 358:src/tuner.cpp ****     SWAP_IF(0, 3);
 1737              		.loc 1 358 18 view .LVU500
 359:src/tuner.cpp ****     SWAP_IF(0, 2);
 1738              		.loc 1 359 5 view .LVU501
 1739              	.LBB201:
 1740 00b6 F4EEC06A 		vcmpe.f32	s13, s0
 1741 00ba F1EE10FA 		vmrs	APSR_nzcv, FPSCR
 1742 00be 0EDD     		ble	.L151
 1743              	.LBB192:
 359:src/tuner.cpp ****     SWAP_IF(0, 2);
 1744              		.loc 1 359 5 is_stmt 0 view .LVU502
 1745 00c0 B0EE667A 		vmov.f32	s14, s13
 1746              	.LVL146:
 359:src/tuner.cpp ****     SWAP_IF(0, 2);
 1747              		.loc 1 359 5 view .LVU503
 1748 00c4 D7E7     		b	.L131
 1749              	.LVL147:
 1750              	.L150:
 359:src/tuner.cpp ****     SWAP_IF(0, 2);
 1751              		.loc 1 359 5 view .LVU504
 1752              	.LBE192:
 1753              	.LBE201:
 1754              	.LBB202:
 357:src/tuner.cpp ****     SWAP_IF(2, 3);
 1755              		.loc 1 357 5 view .LVU505
 1756 00c6 F0EE475A 		vmov.f32	s11, s14
 1757              	.LBE202:
 1758              	.LBB203:
 1759              	.LBB184:
 356:src/tuner.cpp ****     SWAP_IF(2, 4);
 1760              		.loc 1 356 5 view .LVU506
 1761 00ca B0EE467A 		vmov.f32	s14, s12
 1762              	.LVL148:
 356:src/tuner.cpp ****     SWAP_IF(2, 4);
 1763              		.loc 1 356 5 view .LVU507
 1764 00ce B0EE656A 		vmov.f32	s12, s11
 1765              	.LVL149:
 356:src/tuner.cpp ****     SWAP_IF(2, 4);
 1766              		.loc 1 356 5 view .LVU508
 1767              	.LBE184:
 1768              	.LBE203:
ARM GAS  C:\Users\aydan\AppData\Local\Temp\ccEUME1T.s 			page 75


 357:src/tuner.cpp ****     SWAP_IF(2, 3);
 1769              		.loc 1 357 18 is_stmt 1 view .LVU509
 358:src/tuner.cpp ****     SWAP_IF(0, 3);
 1770              		.loc 1 358 5 view .LVU510
 1771              	.LBB204:
 1772 00d2 B4EEC70A 		vcmpe.f32	s0, s14
 1773 00d6 F1EE10FA 		vmrs	APSR_nzcv, FPSCR
 1774 00da BBDD     		ble	.L152
 1775              	.LVL150:
 358:src/tuner.cpp ****     SWAP_IF(0, 3);
 1776              		.loc 1 358 5 is_stmt 0 view .LVU511
 1777 00dc EBE7     		b	.L128
 1778              	.LVL151:
 1779              	.L151:
 358:src/tuner.cpp ****     SWAP_IF(0, 3);
 1780              		.loc 1 358 5 view .LVU512
 1781              	.LBE204:
 1782              	.LBB205:
 359:src/tuner.cpp ****     SWAP_IF(0, 2);
 1783              		.loc 1 359 5 view .LVU513
 1784 00de F0EE475A 		vmov.f32	s11, s14
 1785 00e2 B0EE407A 		vmov.f32	s14, s0
 1786              	.LVL152:
 359:src/tuner.cpp ****     SWAP_IF(0, 2);
 1787              		.loc 1 359 5 view .LVU514
 1788 00e6 B0EE650A 		vmov.f32	s0, s11
 1789              	.LVL153:
 359:src/tuner.cpp ****     SWAP_IF(0, 2);
 1790              		.loc 1 359 5 view .LVU515
 1791 00ea BEE7     		b	.L129
 1792              	.LBE205:
 1793              		.cfi_endproc
 1794              	.LFE2577:
 1796              		.section	.text._ZN3app13TunerAnalyzer7AnalyzeEPKfifffm,"ax",%progbits
 1797              		.align	1
 1798              		.p2align 2,,3
 1799              		.global	_ZN3app13TunerAnalyzer7AnalyzeEPKfifffm
 1800              		.syntax unified
 1801              		.thumb
 1802              		.thumb_func
 1803              		.fpu fpv5-d16
 1805              	_ZN3app13TunerAnalyzer7AnalyzeEPKfifffm:
 1806              	.LVL154:
 1807              	.LFB2574:
 147:src/tuner.cpp ****     TunerResult result = {};
 1808              		.loc 1 147 1 is_stmt 1 view -0
 1809              		.cfi_startproc
 1810              		@ args = 4, pretend = 0, frame = 8
 1811              		@ frame_needed = 0, uses_anonymous_args = 0
 148:src/tuner.cpp ****     std::snprintf(result.note, sizeof(result.note), "--");
 1812              		.loc 1 148 5 view .LVU517
 147:src/tuner.cpp ****     TunerResult result = {};
 1813              		.loc 1 147 1 is_stmt 0 view .LVU518
 1814 0000 F0B5     		push	{r4, r5, r6, r7, lr}
 1815              		.cfi_def_cfa_offset 20
 1816              		.cfi_offset 4, -20
 1817              		.cfi_offset 5, -16
ARM GAS  C:\Users\aydan\AppData\Local\Temp\ccEUME1T.s 			page 76


 1818              		.cfi_offset 6, -12
 1819              		.cfi_offset 7, -8
 1820              		.cfi_offset 14, -4
 1821 0002 0D46     		mov	r5, r1
 1822 0004 1146     		mov	r1, r2
 1823              	.LVL155:
 149:src/tuner.cpp **** 
 1824              		.loc 1 149 18 view .LVU519
 1825 0006 954A     		ldr	r2, .L204
 1826              	.LVL156:
 147:src/tuner.cpp ****     TunerResult result = {};
 1827              		.loc 1 147 1 view .LVU520
 1828 0008 0446     		mov	r4, r0
 148:src/tuner.cpp ****     std::snprintf(result.note, sizeof(result.note), "--");
 1829              		.loc 1 148 17 view .LVU521
 1830 000a 0020     		movs	r0, #0
 1831              	.LVL157:
 149:src/tuner.cpp **** 
 1832              		.loc 1 149 18 view .LVU522
 1833 000c 1668     		ldr	r6, [r2]
 151:src/tuner.cpp ****         Reset(now_ms);
 1834              		.loc 1 151 5 view .LVU523
 1835 000e 95F83020 		ldrb	r2, [r5, #48]	@ zero_extendqisi2
 147:src/tuner.cpp ****     TunerResult result = {};
 1836              		.loc 1 147 1 view .LVU524
 1837 0012 2DED028B 		vpush.64	{d8}
 1838              		.cfi_def_cfa_offset 28
 1839              		.cfi_offset 80, -28
 1840              		.cfi_offset 81, -24
 148:src/tuner.cpp ****     std::snprintf(result.note, sizeof(result.note), "--");
 1841              		.loc 1 148 17 view .LVU525
 1842 0016 2061     		str	r0, [r4, #16]
 147:src/tuner.cpp ****     TunerResult result = {};
 1843              		.loc 1 147 1 view .LVU526
 1844 0018 85B0     		sub	sp, sp, #20
 1845              		.cfi_def_cfa_offset 48
 149:src/tuner.cpp **** 
 1846              		.loc 1 149 18 view .LVU527
 1847 001a 2682     		strh	r6, [r4, #16]	@ movhi
 1848 001c 360C     		lsrs	r6, r6, #16
 147:src/tuner.cpp ****     TunerResult result = {};
 1849              		.loc 1 147 1 view .LVU528
 1850 001e B0EE608A 		vmov.f32	s16, s1
 1851 0022 0C9F     		ldr	r7, [sp, #48]
 149:src/tuner.cpp **** 
 1852              		.loc 1 149 18 view .LVU529
 1853 0024 A674     		strb	r6, [r4, #18]
 148:src/tuner.cpp ****     std::snprintf(result.note, sizeof(result.note), "--");
 1854              		.loc 1 148 17 view .LVU530
 1855 0026 C4E90000 		strd	r0, r0, [r4]
 1856 002a C4E90200 		strd	r0, r0, [r4, #8]
 1857 002e C4E90500 		strd	r0, r0, [r4, #20]
 149:src/tuner.cpp **** 
 1858              		.loc 1 149 5 is_stmt 1 view .LVU531
 151:src/tuner.cpp ****         Reset(now_ms);
 1859              		.loc 1 151 5 view .LVU532
 1860 0032 2AB1     		cbz	r2, .L154
ARM GAS  C:\Users\aydan\AppData\Local\Temp\ccEUME1T.s 			page 77


 151:src/tuner.cpp ****         Reset(now_ms);
 1861              		.loc 1 151 39 is_stmt 0 discriminator 1 view .LVU533
 1862 0034 AA6A     		ldr	r2, [r5, #40]
 1863 0036 BA1A     		subs	r2, r7, r2
 151:src/tuner.cpp ****         Reset(now_ms);
 1864              		.loc 1 151 18 discriminator 1 view .LVU534
 1865 0038 B2F5966F 		cmp	r2, #1200
 1866 003c 00F2AE80 		bhi	.L198
 1867              	.L154:
 154:src/tuner.cpp ****     float conf = 0.0f;
 1868              		.loc 1 154 5 is_stmt 1 view .LVU535
 1869              	.LBB219:
 1870              	.LBB220:
  23:src/tuner.cpp **** }
 1871              		.loc 1 23 23 is_stmt 0 view .LVU536
 1872 0040 B5EEC01A 		vcmpe.f32	s2, #0
 1873              	.LBE220:
 1874              	.LBE219:
 154:src/tuner.cpp ****     float conf = 0.0f;
 1875              		.loc 1 154 11 view .LVU537
 1876 0044 0022     		movs	r2, #0
 1877 0046 0292     		str	r2, [sp, #8]	@ float
 155:src/tuner.cpp ****     attack_hold_ms_ = 60u + (uint32_t)(ClampFloat(attack_control, 0.0f, 1.0f) * 140.0f + 0.5f);
 1878              		.loc 1 155 5 is_stmt 1 view .LVU538
 1879              	.LBB224:
 1880              	.LBB221:
  23:src/tuner.cpp **** }
 1881              		.loc 1 23 23 is_stmt 0 view .LVU539
 1882 0048 F1EE10FA 		vmrs	APSR_nzcv, FPSCR
 1883              	.LBE221:
 1884              	.LBE224:
 155:src/tuner.cpp ****     attack_hold_ms_ = 60u + (uint32_t)(ClampFloat(attack_control, 0.0f, 1.0f) * 140.0f + 0.5f);
 1885              		.loc 1 155 11 view .LVU540
 1886 004c 0392     		str	r2, [sp, #12]	@ float
 156:src/tuner.cpp ****     const bool ok = DetectYin(source, source_count, strictness, raw_hz, conf, now_ms);
 1887              		.loc 1 156 5 is_stmt 1 view .LVU541
 1888              	.LVL158:
 1889              	.LBB225:
 1890              	.LBI219:
  21:src/tuner.cpp **** {
 1891              		.loc 1 21 14 view .LVU542
 1892              	.LBB222:
  23:src/tuner.cpp **** }
 1893              		.loc 1 23 5 view .LVU543
  23:src/tuner.cpp **** }
 1894              		.loc 1 23 23 is_stmt 0 view .LVU544
 1895 004e 1AD4     		bmi	.L178
  23:src/tuner.cpp **** }
 1896              		.loc 1 23 42 view .LVU545
 1897 0050 F7EE007A 		vmov.f32	s15, #1.0e+0
 1898 0054 B4EEE71A 		vcmpe.f32	s2, s15
 1899 0058 F1EE10FA 		vmrs	APSR_nzcv, FPSCR
 1900 005c 40F38580 		ble	.L199
 1901 0060 C822     		movs	r2, #200
 1902              	.LVL159:
  23:src/tuner.cpp **** }
 1903              		.loc 1 23 42 view .LVU546
ARM GAS  C:\Users\aydan\AppData\Local\Temp\ccEUME1T.s 			page 78


 1904              	.LBE222:
 1905              	.LBE225:
 156:src/tuner.cpp ****     const bool ok = DetectYin(source, source_count, strictness, raw_hz, conf, now_ms);
 1906              		.loc 1 156 21 view .LVU547
 1907 0062 EA62     		str	r2, [r5, #44]
 157:src/tuner.cpp ****     result.raw_hz = raw_hz;
 1908              		.loc 1 157 5 is_stmt 1 view .LVU548
 1909              	.LVL160:
 1910              	.LBB226:
 1911              	.LBI226:
 240:src/tuner.cpp ****                               int source_count,
 1912              		.loc 1 240 6 view .LVU549
 1913              	.LBB227:
 247:src/tuner.cpp ****     out_confidence = 0.0f;
 1914              		.loc 1 247 5 view .LVU550
 248:src/tuner.cpp ****     if(!source || source_count < config::kTunerSourceWindowSize)
 1915              		.loc 1 248 5 view .LVU551
 249:src/tuner.cpp ****         return false;
 1916              		.loc 1 249 5 view .LVU552
 1917 0064 99B9     		cbnz	r1, .L200
 1918              	.L182:
 1919              	.LVL161:
 249:src/tuner.cpp ****         return false;
 1920              		.loc 1 249 5 is_stmt 0 view .LVU553
 1921              	.LBE227:
 1922              	.LBE226:
 158:src/tuner.cpp **** 
 1923              		.loc 1 158 5 is_stmt 1 view .LVU554
 160:src/tuner.cpp ****     {
 1924              		.loc 1 160 5 is_stmt 0 view .LVU555
 1925 0066 6B6A     		ldr	r3, [r5, #36]
 1926              	.LVL162:
 158:src/tuner.cpp **** 
 1927              		.loc 1 158 19 view .LVU556
 1928 0068 0022     		movs	r2, #0
 160:src/tuner.cpp ****     {
 1929              		.loc 1 160 5 view .LVU557
 1930 006a 9F42     		cmp	r7, r3
 158:src/tuner.cpp **** 
 1931              		.loc 1 158 19 view .LVU558
 1932 006c A261     		str	r2, [r4, #24]	@ float
 160:src/tuner.cpp ****     {
 1933              		.loc 1 160 5 is_stmt 1 view .LVU559
 1934 006e 80F08880 		bcs	.L197
 1935              	.LVL163:
 1936              	.L162:
 162:src/tuner.cpp ****         {
 1937              		.loc 1 162 9 view .LVU560
 1938 0072 95F83030 		ldrb	r3, [r5, #48]	@ zero_extendqisi2
 1939 0076 002B     		cmp	r3, #0
 1940 0078 40F0A180 		bne	.L201
 1941              	.L153:
 217:src/tuner.cpp **** 
 1942              		.loc 1 217 1 is_stmt 0 view .LVU561
 1943 007c 2046     		mov	r0, r4
 1944 007e 05B0     		add	sp, sp, #20
 1945              		.cfi_remember_state
ARM GAS  C:\Users\aydan\AppData\Local\Temp\ccEUME1T.s 			page 79


 1946              		.cfi_def_cfa_offset 28
 1947              		@ sp needed
 1948 0080 BDEC028B 		vldm	sp!, {d8}
 1949              		.cfi_restore 80
 1950              		.cfi_restore 81
 1951              		.cfi_def_cfa_offset 20
 1952              	.LVL164:
 217:src/tuner.cpp **** 
 1953              		.loc 1 217 1 view .LVU562
 1954 0084 F0BD     		pop	{r4, r5, r6, r7, pc}
 1955              	.LVL165:
 1956              	.L178:
 1957              		.cfi_restore_state
 1958              	.LBB229:
 1959              	.LBB223:
 217:src/tuner.cpp **** 
 1960              		.loc 1 217 1 view .LVU563
 1961 0086 3C22     		movs	r2, #60
 1962              	.L155:
 1963              	.LVL166:
 217:src/tuner.cpp **** 
 1964              		.loc 1 217 1 view .LVU564
 1965              	.LBE223:
 1966              	.LBE229:
 156:src/tuner.cpp ****     const bool ok = DetectYin(source, source_count, strictness, raw_hz, conf, now_ms);
 1967              		.loc 1 156 21 view .LVU565
 1968 0088 EA62     		str	r2, [r5, #44]
 157:src/tuner.cpp ****     result.raw_hz = raw_hz;
 1969              		.loc 1 157 5 is_stmt 1 view .LVU566
 1970              	.LVL167:
 1971              	.LBB230:
 240:src/tuner.cpp ****                               int source_count,
 1972              		.loc 1 240 6 view .LVU567
 1973              	.LBB228:
 247:src/tuner.cpp ****     out_confidence = 0.0f;
 1974              		.loc 1 247 5 view .LVU568
 248:src/tuner.cpp ****     if(!source || source_count < config::kTunerSourceWindowSize)
 1975              		.loc 1 248 5 view .LVU569
 249:src/tuner.cpp ****         return false;
 1976              		.loc 1 249 5 view .LVU570
 1977 008a 0029     		cmp	r1, #0
 1978 008c EBD0     		beq	.L182
 1979              	.L200:
 249:src/tuner.cpp ****         return false;
 1980              		.loc 1 249 5 is_stmt 0 view .LVU571
 1981 008e B3F5805F 		cmp	r3, #4096
 1982 0092 E8DB     		blt	.L182
 1983 0094 1A46     		mov	r2, r3
 1984 0096 03AB     		add	r3, sp, #12
 1985              	.LVL168:
 249:src/tuner.cpp ****         return false;
 1986              		.loc 1 249 5 view .LVU572
 1987 0098 2846     		mov	r0, r5
 1988 009a 0197     		str	r7, [sp, #4]
 1989 009c 0093     		str	r3, [sp]
 1990 009e 02AB     		add	r3, sp, #8
 1991              	.LVL169:
ARM GAS  C:\Users\aydan\AppData\Local\Temp\ccEUME1T.s 			page 80


 249:src/tuner.cpp ****         return false;
 1992              		.loc 1 249 5 view .LVU573
 1993 00a0 FFF7FEFF 		bl	_ZN3app13TunerAnalyzer9DetectYinEPKfifRfS3_m.part.0
 1994              	.LVL170:
 249:src/tuner.cpp ****         return false;
 1995              		.loc 1 249 5 view .LVU574
 1996              	.LBE228:
 1997              	.LBE230:
 160:src/tuner.cpp ****     {
 1998              		.loc 1 160 5 view .LVU575
 1999 00a4 6B6A     		ldr	r3, [r5, #36]
 2000              	.LVL171:
 158:src/tuner.cpp **** 
 2001              		.loc 1 158 5 is_stmt 1 view .LVU576
 158:src/tuner.cpp **** 
 2002              		.loc 1 158 19 is_stmt 0 view .LVU577
 2003 00a6 9DED020A 		vldr.32	s0, [sp, #8]
 160:src/tuner.cpp ****     {
 2004              		.loc 1 160 5 view .LVU578
 2005 00aa BB42     		cmp	r3, r7
 158:src/tuner.cpp **** 
 2006              		.loc 1 158 19 view .LVU579
 2007 00ac 84ED060A 		vstr.32	s0, [r4, #24]
 160:src/tuner.cpp ****     {
 2008              		.loc 1 160 5 is_stmt 1 view .LVU580
 2009 00b0 DFD8     		bhi	.L162
 172:src/tuner.cpp ****     if(accepted && has_lock_)
 2010              		.loc 1 172 5 view .LVU581
 2011              	.LVL172:
 173:src/tuner.cpp ****     {
 2012              		.loc 1 173 5 view .LVU582
 2013              	.LBB231:
 2014 00b2 0028     		cmp	r0, #0
 2015 00b4 65D0     		beq	.L197
 173:src/tuner.cpp ****     {
 2016              		.loc 1 173 20 is_stmt 0 discriminator 1 view .LVU583
 2017 00b6 95F83020 		ldrb	r2, [r5, #48]	@ zero_extendqisi2
 173:src/tuner.cpp ****     {
 2018              		.loc 1 173 17 discriminator 1 view .LVU584
 2019 00ba 002A     		cmp	r2, #0
 2020 00bc 40F09480 		bne	.L202
 2021              	.L165:
 2022              	.LBB232:
 176:src/tuner.cpp ****             accepted = false;
 2023              		.loc 1 176 53 view .LVU585
 2024 00c0 9DED035A 		vldr.32	s10, [sp, #12]
 2025              	.L167:
 2026              	.LVL173:
 176:src/tuner.cpp ****             accepted = false;
 2027              		.loc 1 176 53 view .LVU586
 2028              	.LBE232:
 2029              	.LBE231:
 180:src/tuner.cpp ****     {
 2030              		.loc 1 180 5 is_stmt 1 view .LVU587
 2031              	.LBB234:
 192:src/tuner.cpp ****         freq_history_[i] = freq_history_[i + 1];
 2032              		.loc 1 192 22 view .LVU588
ARM GAS  C:\Users\aydan\AppData\Local\Temp\ccEUME1T.s 			page 81


 193:src/tuner.cpp ****     freq_history_[4] = raw_hz;
 2033              		.loc 1 193 9 view .LVU589
 193:src/tuner.cpp ****     freq_history_[4] = raw_hz;
 2034              		.loc 1 193 26 is_stmt 0 view .LVU590
 2035 00c4 6B68     		ldr	r3, [r5, #4]	@ float
 2036 00c6 2B60     		str	r3, [r5]	@ float
 192:src/tuner.cpp ****         freq_history_[i] = freq_history_[i + 1];
 2037              		.loc 1 192 5 is_stmt 1 view .LVU591
 2038              	.LVL174:
 192:src/tuner.cpp ****         freq_history_[i] = freq_history_[i + 1];
 2039              		.loc 1 192 22 view .LVU592
 193:src/tuner.cpp ****     freq_history_[4] = raw_hz;
 2040              		.loc 1 193 9 view .LVU593
 193:src/tuner.cpp ****     freq_history_[4] = raw_hz;
 2041              		.loc 1 193 26 is_stmt 0 view .LVU594
 2042 00c8 AB68     		ldr	r3, [r5, #8]	@ float
 2043 00ca 6B60     		str	r3, [r5, #4]	@ float
 192:src/tuner.cpp ****         freq_history_[i] = freq_history_[i + 1];
 2044              		.loc 1 192 5 is_stmt 1 view .LVU595
 2045              	.LVL175:
 192:src/tuner.cpp ****         freq_history_[i] = freq_history_[i + 1];
 2046              		.loc 1 192 22 view .LVU596
 193:src/tuner.cpp ****     freq_history_[4] = raw_hz;
 2047              		.loc 1 193 9 view .LVU597
 193:src/tuner.cpp ****     freq_history_[4] = raw_hz;
 2048              		.loc 1 193 26 is_stmt 0 view .LVU598
 2049 00cc EB68     		ldr	r3, [r5, #12]	@ float
 2050 00ce AB60     		str	r3, [r5, #8]	@ float
 192:src/tuner.cpp ****         freq_history_[i] = freq_history_[i + 1];
 2051              		.loc 1 192 5 is_stmt 1 view .LVU599
 2052              	.LVL176:
 192:src/tuner.cpp ****         freq_history_[i] = freq_history_[i + 1];
 2053              		.loc 1 192 22 view .LVU600
 193:src/tuner.cpp ****     freq_history_[4] = raw_hz;
 2054              		.loc 1 193 9 view .LVU601
 193:src/tuner.cpp ****     freq_history_[4] = raw_hz;
 2055              		.loc 1 193 26 is_stmt 0 view .LVU602
 2056 00d0 2B69     		ldr	r3, [r5, #16]	@ float
 2057              	.LBE234:
 194:src/tuner.cpp ****     if(freq_history_count_ < 5)
 2058              		.loc 1 194 22 view .LVU603
 2059 00d2 85ED040A 		vstr.32	s0, [r5, #16]
 2060              	.LBB235:
 193:src/tuner.cpp ****     freq_history_[4] = raw_hz;
 2061              		.loc 1 193 26 view .LVU604
 2062 00d6 EB60     		str	r3, [r5, #12]	@ float
 192:src/tuner.cpp ****         freq_history_[i] = freq_history_[i + 1];
 2063              		.loc 1 192 5 is_stmt 1 view .LVU605
 2064              	.LVL177:
 192:src/tuner.cpp ****         freq_history_[i] = freq_history_[i + 1];
 2065              		.loc 1 192 22 view .LVU606
 2066              	.LBE235:
 194:src/tuner.cpp ****     if(freq_history_count_ < 5)
 2067              		.loc 1 194 5 view .LVU607
 195:src/tuner.cpp ****         ++freq_history_count_;
 2068              		.loc 1 195 5 view .LVU608
 195:src/tuner.cpp ****         ++freq_history_count_;
ARM GAS  C:\Users\aydan\AppData\Local\Temp\ccEUME1T.s 			page 82


 2069              		.loc 1 195 8 is_stmt 0 view .LVU609
 2070 00d8 6B69     		ldr	r3, [r5, #20]
 195:src/tuner.cpp ****         ++freq_history_count_;
 2071              		.loc 1 195 5 view .LVU610
 2072 00da 042B     		cmp	r3, #4
 2073 00dc 00F3B780 		bgt	.L177
 196:src/tuner.cpp **** 
 2074              		.loc 1 196 9 is_stmt 1 view .LVU611
 2075 00e0 0133     		adds	r3, r3, #1
 198:src/tuner.cpp ****     const float alpha_fast = 0.45f;
 2076              		.loc 1 198 48 is_stmt 0 view .LVU612
 2077 00e2 052B     		cmp	r3, #5
 196:src/tuner.cpp **** 
 2078              		.loc 1 196 9 view .LVU613
 2079 00e4 6B61     		str	r3, [r5, #20]
 198:src/tuner.cpp ****     const float alpha_fast = 0.45f;
 2080              		.loc 1 198 5 is_stmt 1 view .LVU614
 198:src/tuner.cpp ****     const float alpha_fast = 0.45f;
 2081              		.loc 1 198 48 is_stmt 0 view .LVU615
 2082 00e6 00F0B280 		beq	.L177
 2083              	.LVL178:
 2084              	.L171:
 199:src/tuner.cpp ****     const float alpha_slow = 0.06f;
 2085              		.loc 1 199 5 is_stmt 1 discriminator 4 view .LVU616
 200:src/tuner.cpp ****     const float alpha = alpha_fast + (alpha_slow - alpha_fast) * ClampFloat(smoothing, 0.0f, 1.0f);
 2086              		.loc 1 200 5 discriminator 4 view .LVU617
 201:src/tuner.cpp ****     tracked_freq_ = has_lock_ ? tracked_freq_ + alpha * (med - tracked_freq_) : med;
 2087              		.loc 1 201 5 discriminator 4 view .LVU618
 2088              	.LBB236:
 2089              	.LBI236:
  21:src/tuner.cpp **** {
 2090              		.loc 1 21 14 discriminator 4 view .LVU619
 2091              	.LBB237:
  23:src/tuner.cpp **** }
 2092              		.loc 1 23 5 discriminator 4 view .LVU620
  23:src/tuner.cpp **** }
 2093              		.loc 1 23 23 is_stmt 0 discriminator 4 view .LVU621
 2094 00ea B5EEC08A 		vcmpe.f32	s16, #0
 2095 00ee F1EE10FA 		vmrs	APSR_nzcv, FPSCR
 2096 00f2 00F1A980 		bmi	.L180
  23:src/tuner.cpp **** }
 2097              		.loc 1 23 42 view .LVU622
 2098 00f6 F7EE007A 		vmov.f32	s15, #1.0e+0
 2099 00fa B4EEE78A 		vcmpe.f32	s16, s15
 2100 00fe F1EE10FA 		vmrs	APSR_nzcv, FPSCR
 2101 0102 00F3A880 		bgt	.L181
 2102              	.LBE237:
 2103              	.LBE236:
 201:src/tuner.cpp ****     tracked_freq_ = has_lock_ ? tracked_freq_ + alpha * (med - tracked_freq_) : med;
 2104              		.loc 1 201 98 view .LVU623
 2105 0106 9FED567A 		vldr.32	s14, .L204+4
 2106 010a DFED567A 		vldr.32	s15, .L204+8
 2107 010e E8EE077A 		vfma.f32	s15, s16, s14
 2108              	.L172:
 2109              	.LVL179:
 202:src/tuner.cpp **** 
 2110              		.loc 1 202 5 is_stmt 1 view .LVU624
ARM GAS  C:\Users\aydan\AppData\Local\Temp\ccEUME1T.s 			page 83


 202:src/tuner.cpp **** 
 2111              		.loc 1 202 31 is_stmt 0 view .LVU625
 2112 0112 3AB1     		cbz	r2, .L173
 202:src/tuner.cpp **** 
 2113              		.loc 1 202 33 discriminator 1 view .LVU626
 2114 0114 95ED067A 		vldr.32	s14, [r5, #24]
 202:src/tuner.cpp **** 
 2115              		.loc 1 202 62 discriminator 1 view .LVU627
 2116 0118 70EE476A 		vsub.f32	s13, s0, s14
 202:src/tuner.cpp **** 
 2117              		.loc 1 202 31 discriminator 1 view .LVU628
 2118 011c A6EEA77A 		vfma.f32	s14, s13, s15
 2119 0120 B0EE470A 		vmov.f32	s0, s14
 2120              	.LVL180:
 2121              	.L173:
 204:src/tuner.cpp ****     if(stable)
 2122              		.loc 1 204 16 discriminator 4 view .LVU629
 2123 0124 DFED507A 		vldr.32	s15, .L204+12
 202:src/tuner.cpp **** 
 2124              		.loc 1 202 19 discriminator 4 view .LVU630
 2125 0128 85ED060A 		vstr.32	s0, [r5, #24]
 204:src/tuner.cpp ****     if(stable)
 2126              		.loc 1 204 5 is_stmt 1 discriminator 4 view .LVU631
 204:src/tuner.cpp ****     if(stable)
 2127              		.loc 1 204 16 is_stmt 0 discriminator 4 view .LVU632
 2128 012c B4EEE75A 		vcmpe.f32	s10, s15
 2129 0130 F1EE10FA 		vmrs	APSR_nzcv, FPSCR
 2130 0134 CCBF     		ite	gt
 2131 0136 0123     		movgt	r3, #1
 2132 0138 0023     		movle	r3, #0
 2133              	.LVL181:
 205:src/tuner.cpp ****     {
 2134              		.loc 1 205 5 is_stmt 1 discriminator 4 view .LVU633
 2135 013a 05DD     		ble	.L174
 207:src/tuner.cpp ****         last_valid_freq_ = tracked_freq_;
 2136              		.loc 1 207 9 view .LVU634
 207:src/tuner.cpp ****         last_valid_freq_ = tracked_freq_;
 2137              		.loc 1 207 19 is_stmt 0 view .LVU635
 2138 013c 0122     		movs	r2, #1
 208:src/tuner.cpp ****         last_lock_ms_ = now_ms;
 2139              		.loc 1 208 26 view .LVU636
 2140 013e 85ED070A 		vstr.32	s0, [r5, #28]
 209:src/tuner.cpp ****     }
 2141              		.loc 1 209 23 view .LVU637
 2142 0142 AF62     		str	r7, [r5, #40]
 207:src/tuner.cpp ****         last_valid_freq_ = tracked_freq_;
 2143              		.loc 1 207 19 view .LVU638
 2144 0144 85F83020 		strb	r2, [r5, #48]
 208:src/tuner.cpp ****         last_lock_ms_ = now_ms;
 2145              		.loc 1 208 9 is_stmt 1 view .LVU639
 209:src/tuner.cpp ****     }
 2146              		.loc 1 209 9 view .LVU640
 2147              	.L174:
 212:src/tuner.cpp ****     result.freq_hz = tracked_freq_;
 2148              		.loc 1 212 5 view .LVU641
 215:src/tuner.cpp ****     return result;
 2149              		.loc 1 215 20 is_stmt 0 view .LVU642
ARM GAS  C:\Users\aydan\AppData\Local\Temp\ccEUME1T.s 			page 84


 2150 0148 04F11000 		add	r0, r4, #16
 2151 014c 04F10C02 		add	r2, r4, #12
 2152 0150 0821     		movs	r1, #8
 212:src/tuner.cpp ****     result.freq_hz = tracked_freq_;
 2153              		.loc 1 212 18 view .LVU643
 2154 0152 2370     		strb	r3, [r4]
 213:src/tuner.cpp ****     result.confidence = conf;
 2155              		.loc 1 213 5 is_stmt 1 view .LVU644
 213:src/tuner.cpp ****     result.confidence = conf;
 2156              		.loc 1 213 20 is_stmt 0 view .LVU645
 2157 0154 84ED010A 		vstr.32	s0, [r4, #4]
 214:src/tuner.cpp ****     FrequencyToNote(tracked_freq_, result.note, sizeof(result.note), result.cents);
 2158              		.loc 1 214 5 is_stmt 1 view .LVU646
 214:src/tuner.cpp ****     FrequencyToNote(tracked_freq_, result.note, sizeof(result.note), result.cents);
 2159              		.loc 1 214 23 is_stmt 0 view .LVU647
 2160 0158 84ED025A 		vstr.32	s10, [r4, #8]
 215:src/tuner.cpp ****     return result;
 2161              		.loc 1 215 5 is_stmt 1 view .LVU648
 215:src/tuner.cpp ****     return result;
 2162              		.loc 1 215 20 is_stmt 0 view .LVU649
 2163 015c FFF7FEFF 		bl	_ZN3app13TunerAnalyzer15FrequencyToNoteEfPcjRf
 2164              	.LVL182:
 216:src/tuner.cpp **** }
 2165              		.loc 1 216 5 is_stmt 1 view .LVU650
 217:src/tuner.cpp **** 
 2166              		.loc 1 217 1 is_stmt 0 view .LVU651
 2167 0160 2046     		mov	r0, r4
 2168 0162 05B0     		add	sp, sp, #20
 2169              		.cfi_remember_state
 2170              		.cfi_def_cfa_offset 28
 2171              		@ sp needed
 2172 0164 BDEC028B 		vldm	sp!, {d8}
 2173              		.cfi_restore 80
 2174              		.cfi_restore 81
 2175              		.cfi_def_cfa_offset 20
 2176              	.LVL183:
 217:src/tuner.cpp **** 
 2177              		.loc 1 217 1 view .LVU652
 2178 0168 F0BD     		pop	{r4, r5, r6, r7, pc}
 2179              	.LVL184:
 2180              	.L199:
 2181              		.cfi_restore_state
 156:src/tuner.cpp ****     const bool ok = DetectYin(source, source_count, strictness, raw_hz, conf, now_ms);
 2182              		.loc 1 156 88 view .LVU653
 2183 016a F6EE007A 		vmov.f32	s15, #5.0e-1
 2184 016e 9FED3F7A 		vldr.32	s14, .L204+16
 2185 0172 E1EE077A 		vfma.f32	s15, s2, s14
 156:src/tuner.cpp ****     const bool ok = DetectYin(source, source_count, strictness, raw_hz, conf, now_ms);
 2186              		.loc 1 156 29 view .LVU654
 2187 0176 FCEEE77A 		vcvt.u32.f32	s15, s15
 2188 017a 17EE902A 		vmov	r2, s15	@ int
 156:src/tuner.cpp ****     const bool ok = DetectYin(source, source_count, strictness, raw_hz, conf, now_ms);
 2189              		.loc 1 156 27 view .LVU655
 2190 017e 3C32     		adds	r2, r2, #60
 2191 0180 82E7     		b	.L155
 2192              	.LVL185:
 2193              	.L197:
ARM GAS  C:\Users\aydan\AppData\Local\Temp\ccEUME1T.s 			page 85


 182:src/tuner.cpp ****         result.confidence = has_lock_ ? 0.20f : 0.0f;
 2194              		.loc 1 182 9 is_stmt 1 view .LVU656
 182:src/tuner.cpp ****         result.confidence = has_lock_ ? 0.20f : 0.0f;
 2195              		.loc 1 182 22 is_stmt 0 view .LVU657
 2196 0182 0022     		movs	r2, #0
 183:src/tuner.cpp ****         if(has_lock_)
 2197              		.loc 1 183 29 view .LVU658
 2198 0184 95F83030 		ldrb	r3, [r5, #48]	@ zero_extendqisi2
 182:src/tuner.cpp ****         result.confidence = has_lock_ ? 0.20f : 0.0f;
 2199              		.loc 1 182 22 view .LVU659
 2200 0188 2270     		strb	r2, [r4]
 183:src/tuner.cpp ****         if(has_lock_)
 2201              		.loc 1 183 9 is_stmt 1 view .LVU660
 183:src/tuner.cpp ****         if(has_lock_)
 2202              		.loc 1 183 39 is_stmt 0 view .LVU661
 2203 018a 002B     		cmp	r3, #0
 2204 018c 4CD1     		bne	.L203
 183:src/tuner.cpp ****         if(has_lock_)
 2205              		.loc 1 183 27 view .LVU662
 2206 018e 0023     		movs	r3, #0
 217:src/tuner.cpp **** 
 2207              		.loc 1 217 1 view .LVU663
 2208 0190 2046     		mov	r0, r4
 183:src/tuner.cpp ****         if(has_lock_)
 2209              		.loc 1 183 27 view .LVU664
 2210 0192 A360     		str	r3, [r4, #8]	@ float
 184:src/tuner.cpp ****         {
 2211              		.loc 1 184 9 is_stmt 1 view .LVU665
 217:src/tuner.cpp **** 
 2212              		.loc 1 217 1 is_stmt 0 view .LVU666
 2213 0194 05B0     		add	sp, sp, #20
 2214              		.cfi_remember_state
 2215              		.cfi_def_cfa_offset 28
 2216              		@ sp needed
 2217 0196 BDEC028B 		vldm	sp!, {d8}
 2218              		.cfi_restore 80
 2219              		.cfi_restore 81
 2220              		.cfi_def_cfa_offset 20
 2221              	.LVL186:
 217:src/tuner.cpp **** 
 2222              		.loc 1 217 1 view .LVU667
 2223 019a F0BD     		pop	{r4, r5, r6, r7, pc}
 2224              	.LVL187:
 2225              	.L198:
 2226              		.cfi_restore_state
 2227              	.LBB240:
 2228              	.LBB241:
 2229              	.LBB242:
 127:src/tuner.cpp ****         freq_history_[i] = 0.0f;
 2230              		.loc 1 127 22 is_stmt 1 view .LVU668
 128:src/tuner.cpp ****     freq_history_count_ = 0;
 2231              		.loc 1 128 9 view .LVU669
 128:src/tuner.cpp ****     freq_history_count_ = 0;
 2232              		.loc 1 128 26 is_stmt 0 view .LVU670
 2233 019c 0022     		movs	r2, #0
 2234              	.LBE242:
 129:src/tuner.cpp ****     tracked_freq_ = 0.0f;
ARM GAS  C:\Users\aydan\AppData\Local\Temp\ccEUME1T.s 			page 86


 2235              		.loc 1 129 25 view .LVU671
 2236 019e 6861     		str	r0, [r5, #20]
 134:src/tuner.cpp ****     attack_hold_ms_ = config::kTunerDefaultAttackMs;
 2237              		.loc 1 134 19 view .LVU672
 2238 01a0 A862     		str	r0, [r5, #40]
 2239              	.LBB243:
 128:src/tuner.cpp ****     freq_history_count_ = 0;
 2240              		.loc 1 128 26 view .LVU673
 2241 01a2 2A60     		str	r2, [r5]	@ float
 127:src/tuner.cpp ****         freq_history_[i] = 0.0f;
 2242              		.loc 1 127 5 is_stmt 1 view .LVU674
 2243              	.LVL188:
 127:src/tuner.cpp ****         freq_history_[i] = 0.0f;
 2244              		.loc 1 127 22 view .LVU675
 128:src/tuner.cpp ****     freq_history_count_ = 0;
 2245              		.loc 1 128 9 view .LVU676
 128:src/tuner.cpp ****     freq_history_count_ = 0;
 2246              		.loc 1 128 26 is_stmt 0 view .LVU677
 2247 01a4 6A60     		str	r2, [r5, #4]	@ float
 127:src/tuner.cpp ****         freq_history_[i] = 0.0f;
 2248              		.loc 1 127 5 is_stmt 1 view .LVU678
 2249              	.LVL189:
 127:src/tuner.cpp ****         freq_history_[i] = 0.0f;
 2250              		.loc 1 127 22 view .LVU679
 128:src/tuner.cpp ****     freq_history_count_ = 0;
 2251              		.loc 1 128 9 view .LVU680
 128:src/tuner.cpp ****     freq_history_count_ = 0;
 2252              		.loc 1 128 26 is_stmt 0 view .LVU681
 2253 01a6 AA60     		str	r2, [r5, #8]	@ float
 127:src/tuner.cpp ****         freq_history_[i] = 0.0f;
 2254              		.loc 1 127 5 is_stmt 1 view .LVU682
 2255              	.LVL190:
 127:src/tuner.cpp ****         freq_history_[i] = 0.0f;
 2256              		.loc 1 127 22 view .LVU683
 128:src/tuner.cpp ****     freq_history_count_ = 0;
 2257              		.loc 1 128 9 view .LVU684
 128:src/tuner.cpp ****     freq_history_count_ = 0;
 2258              		.loc 1 128 26 is_stmt 0 view .LVU685
 2259 01a8 EA60     		str	r2, [r5, #12]	@ float
 127:src/tuner.cpp ****         freq_history_[i] = 0.0f;
 2260              		.loc 1 127 5 is_stmt 1 view .LVU686
 2261              	.LVL191:
 127:src/tuner.cpp ****         freq_history_[i] = 0.0f;
 2262              		.loc 1 127 22 view .LVU687
 128:src/tuner.cpp ****     freq_history_count_ = 0;
 2263              		.loc 1 128 9 view .LVU688
 128:src/tuner.cpp ****     freq_history_count_ = 0;
 2264              		.loc 1 128 26 is_stmt 0 view .LVU689
 2265 01aa 2A61     		str	r2, [r5, #16]	@ float
 127:src/tuner.cpp ****         freq_history_[i] = 0.0f;
 2266              		.loc 1 127 5 is_stmt 1 view .LVU690
 2267              	.LVL192:
 127:src/tuner.cpp ****         freq_history_[i] = 0.0f;
 2268              		.loc 1 127 22 view .LVU691
 2269              	.LBE243:
 129:src/tuner.cpp ****     tracked_freq_ = 0.0f;
 2270              		.loc 1 129 5 view .LVU692
ARM GAS  C:\Users\aydan\AppData\Local\Temp\ccEUME1T.s 			page 87


 130:src/tuner.cpp ****     last_valid_freq_ = 0.0f;
 2271              		.loc 1 130 5 view .LVU693
 130:src/tuner.cpp ****     last_valid_freq_ = 0.0f;
 2272              		.loc 1 130 19 is_stmt 0 view .LVU694
 2273 01ac AA61     		str	r2, [r5, #24]	@ float
 131:src/tuner.cpp ****     rms_previous_ = 0.0f;
 2274              		.loc 1 131 5 is_stmt 1 view .LVU695
 131:src/tuner.cpp ****     rms_previous_ = 0.0f;
 2275              		.loc 1 131 22 is_stmt 0 view .LVU696
 2276 01ae EA61     		str	r2, [r5, #28]	@ float
 132:src/tuner.cpp ****     attack_until_ms_ = now_ms + config::kTunerDefaultAttackMs;
 2277              		.loc 1 132 5 is_stmt 1 view .LVU697
 132:src/tuner.cpp ****     attack_until_ms_ = now_ms + config::kTunerDefaultAttackMs;
 2278              		.loc 1 132 19 is_stmt 0 view .LVU698
 2279 01b0 2A62     		str	r2, [r5, #32]	@ float
 133:src/tuner.cpp ****     last_lock_ms_ = 0;
 2280              		.loc 1 133 5 is_stmt 1 view .LVU699
 133:src/tuner.cpp ****     last_lock_ms_ = 0;
 2281              		.loc 1 133 31 is_stmt 0 view .LVU700
 2282 01b2 07F17802 		add	r2, r7, #120
 136:src/tuner.cpp **** }
 2283              		.loc 1 136 15 view .LVU701
 2284 01b6 85F83000 		strb	r0, [r5, #48]
 133:src/tuner.cpp ****     last_lock_ms_ = 0;
 2285              		.loc 1 133 22 view .LVU702
 2286 01ba 6A62     		str	r2, [r5, #36]
 134:src/tuner.cpp ****     attack_hold_ms_ = config::kTunerDefaultAttackMs;
 2287              		.loc 1 134 5 is_stmt 1 view .LVU703
 135:src/tuner.cpp ****     has_lock_ = false;
 2288              		.loc 1 135 5 view .LVU704
 136:src/tuner.cpp **** }
 2289              		.loc 1 136 5 view .LVU705
 137:src/tuner.cpp **** 
 2290              		.loc 1 137 1 is_stmt 0 view .LVU706
 2291 01bc 40E7     		b	.L154
 2292              	.LVL193:
 2293              	.L201:
 137:src/tuner.cpp **** 
 2294              		.loc 1 137 1 view .LVU707
 2295              	.LBE241:
 2296              	.LBE240:
 164:src/tuner.cpp ****             result.freq_hz = last_valid_freq_;
 2297              		.loc 1 164 13 is_stmt 1 view .LVU708
 164:src/tuner.cpp ****             result.freq_hz = last_valid_freq_;
 2298              		.loc 1 164 26 is_stmt 0 view .LVU709
 2299 01be 0020     		movs	r0, #0
 165:src/tuner.cpp ****             result.confidence = 0.25f;
 2300              		.loc 1 165 30 view .LVU710
 2301 01c0 95ED070A 		vldr.32	s0, [r5, #28]
 166:src/tuner.cpp ****             FrequencyToNote(last_valid_freq_, result.note, sizeof(result.note), result.cents);
 2302              		.loc 1 166 31 view .LVU711
 2303 01c4 4FF07A53 		mov	r3, #1048576000
 167:src/tuner.cpp ****         }
 2304              		.loc 1 167 28 view .LVU712
 2305 01c8 04F10C02 		add	r2, r4, #12
 164:src/tuner.cpp ****             result.freq_hz = last_valid_freq_;
 2306              		.loc 1 164 26 view .LVU713
ARM GAS  C:\Users\aydan\AppData\Local\Temp\ccEUME1T.s 			page 88


 2307 01cc 2070     		strb	r0, [r4]
 165:src/tuner.cpp ****             result.confidence = 0.25f;
 2308              		.loc 1 165 13 is_stmt 1 view .LVU714
 167:src/tuner.cpp ****         }
 2309              		.loc 1 167 28 is_stmt 0 view .LVU715
 2310 01ce 0821     		movs	r1, #8
 2311 01d0 04F11000 		add	r0, r4, #16
 165:src/tuner.cpp ****             result.confidence = 0.25f;
 2312              		.loc 1 165 28 view .LVU716
 2313 01d4 84ED010A 		vstr.32	s0, [r4, #4]
 166:src/tuner.cpp ****             FrequencyToNote(last_valid_freq_, result.note, sizeof(result.note), result.cents);
 2314              		.loc 1 166 13 is_stmt 1 view .LVU717
 166:src/tuner.cpp ****             FrequencyToNote(last_valid_freq_, result.note, sizeof(result.note), result.cents);
 2315              		.loc 1 166 31 is_stmt 0 view .LVU718
 2316 01d8 A360     		str	r3, [r4, #8]	@ float
 167:src/tuner.cpp ****         }
 2317              		.loc 1 167 13 is_stmt 1 view .LVU719
 167:src/tuner.cpp ****         }
 2318              		.loc 1 167 28 is_stmt 0 view .LVU720
 2319 01da FFF7FEFF 		bl	_ZN3app13TunerAnalyzer15FrequencyToNoteEfPcjRf
 2320              	.LVL194:
 217:src/tuner.cpp **** 
 2321              		.loc 1 217 1 view .LVU721
 2322 01de 2046     		mov	r0, r4
 2323 01e0 05B0     		add	sp, sp, #20
 2324              		.cfi_remember_state
 2325              		.cfi_def_cfa_offset 28
 2326              		@ sp needed
 2327 01e2 BDEC028B 		vldm	sp!, {d8}
 2328              		.cfi_restore 80
 2329              		.cfi_restore 81
 2330              		.cfi_def_cfa_offset 20
 2331              	.LVL195:
 217:src/tuner.cpp **** 
 2332              		.loc 1 217 1 view .LVU722
 2333 01e6 F0BD     		pop	{r4, r5, r6, r7, pc}
 2334              	.LVL196:
 2335              	.L202:
 2336              		.cfi_restore_state
 2337              	.LBB244:
 2338              	.LBB233:
 175:src/tuner.cpp ****         if((ratio > 1.95f || ratio < 0.52f) && conf < 0.90f)
 2339              		.loc 1 175 9 is_stmt 1 view .LVU723
 175:src/tuner.cpp ****         if((ratio > 1.95f || ratio < 0.52f) && conf < 0.90f)
 2340              		.loc 1 175 21 is_stmt 0 view .LVU724
 2341 01e8 D5ED077A 		vldr.32	s15, [r5, #28]
 176:src/tuner.cpp ****             accepted = false;
 2342              		.loc 1 176 9 view .LVU725
 2343 01ec DFED206A 		vldr.32	s13, .L204+20
 175:src/tuner.cpp ****         if((ratio > 1.95f || ratio < 0.52f) && conf < 0.90f)
 2344              		.loc 1 175 21 view .LVU726
 2345 01f0 80EE277A 		vdiv.f32	s14, s0, s15
 2346              	.LVL197:
 176:src/tuner.cpp ****             accepted = false;
 2347              		.loc 1 176 9 is_stmt 1 view .LVU727
 2348 01f4 B4EEE67A 		vcmpe.f32	s14, s13
 2349 01f8 F1EE10FA 		vmrs	APSR_nzcv, FPSCR
ARM GAS  C:\Users\aydan\AppData\Local\Temp\ccEUME1T.s 			page 89


 2350 01fc 07DC     		bgt	.L166
 176:src/tuner.cpp ****             accepted = false;
 2351              		.loc 1 176 27 is_stmt 0 discriminator 2 view .LVU728
 2352 01fe DFED1D6A 		vldr.32	s13, .L204+24
 2353 0202 B4EEE67A 		vcmpe.f32	s14, s13
 2354 0206 F1EE10FA 		vmrs	APSR_nzcv, FPSCR
 2355 020a 7FF559AF 		bpl	.L165
 2356              	.L166:
 176:src/tuner.cpp ****             accepted = false;
 2357              		.loc 1 176 53 discriminator 3 view .LVU729
 2358 020e 9DED035A 		vldr.32	s10, [sp, #12]
 176:src/tuner.cpp ****             accepted = false;
 2359              		.loc 1 176 45 discriminator 3 view .LVU730
 2360 0212 9FED197A 		vldr.32	s14, .L204+28
 2361              	.LVL198:
 176:src/tuner.cpp ****             accepted = false;
 2362              		.loc 1 176 45 discriminator 3 view .LVU731
 2363 0216 B4EEC75A 		vcmpe.f32	s10, s14
 2364 021a F1EE10FA 		vmrs	APSR_nzcv, FPSCR
 2365 021e 7FF551AF 		bpl	.L167
 2366              	.LVL199:
 176:src/tuner.cpp ****             accepted = false;
 2367              		.loc 1 176 45 discriminator 3 view .LVU732
 2368              	.LBE233:
 2369              	.LBE244:
 182:src/tuner.cpp ****         result.confidence = has_lock_ ? 0.20f : 0.0f;
 2370              		.loc 1 182 9 is_stmt 1 view .LVU733
 182:src/tuner.cpp ****         result.confidence = has_lock_ ? 0.20f : 0.0f;
 2371              		.loc 1 182 22 is_stmt 0 view .LVU734
 2372 0222 0023     		movs	r3, #0
 2373 0224 2370     		strb	r3, [r4]
 183:src/tuner.cpp ****         if(has_lock_)
 2374              		.loc 1 183 9 is_stmt 1 view .LVU735
 2375 0226 01E0     		b	.L169
 2376              	.LVL200:
 2377              	.L203:
 183:src/tuner.cpp ****         if(has_lock_)
 2378              		.loc 1 183 9 is_stmt 0 view .LVU736
 2379 0228 D5ED077A 		vldr.32	s15, [r5, #28]
 2380              	.L169:
 183:src/tuner.cpp ****         if(has_lock_)
 2381              		.loc 1 183 27 view .LVU737
 2382 022c 134B     		ldr	r3, .L204+32
 187:src/tuner.cpp ****         }
 2383              		.loc 1 187 28 view .LVU738
 2384 022e B0EE670A 		vmov.f32	s0, s15
 2385 0232 04F10C02 		add	r2, r4, #12
 2386 0236 0821     		movs	r1, #8
 2387 0238 04F11000 		add	r0, r4, #16
 183:src/tuner.cpp ****         if(has_lock_)
 2388              		.loc 1 183 27 view .LVU739
 2389 023c A360     		str	r3, [r4, #8]	@ float
 184:src/tuner.cpp ****         {
 2390              		.loc 1 184 9 is_stmt 1 view .LVU740
 186:src/tuner.cpp ****             FrequencyToNote(last_valid_freq_, result.note, sizeof(result.note), result.cents);
 2391              		.loc 1 186 13 view .LVU741
 186:src/tuner.cpp ****             FrequencyToNote(last_valid_freq_, result.note, sizeof(result.note), result.cents);
ARM GAS  C:\Users\aydan\AppData\Local\Temp\ccEUME1T.s 			page 90


 2392              		.loc 1 186 28 is_stmt 0 view .LVU742
 2393 023e C4ED017A 		vstr.32	s15, [r4, #4]
 187:src/tuner.cpp ****         }
 2394              		.loc 1 187 13 is_stmt 1 view .LVU743
 187:src/tuner.cpp ****         }
 2395              		.loc 1 187 28 is_stmt 0 view .LVU744
 2396 0242 FFF7FEFF 		bl	_ZN3app13TunerAnalyzer15FrequencyToNoteEfPcjRf
 2397              	.LVL201:
 2398 0246 19E7     		b	.L153
 2399              	.LVL202:
 2400              	.L180:
 2401              	.LBB245:
 2402              	.LBB238:
 187:src/tuner.cpp ****         }
 2403              		.loc 1 187 28 view .LVU745
 2404 0248 DFED067A 		vldr.32	s15, .L204+8
 2405 024c 61E7     		b	.L172
 2406              	.LVL203:
 2407              	.L177:
 187:src/tuner.cpp ****         }
 2408              		.loc 1 187 28 view .LVU746
 2409              	.LBE238:
 2410              	.LBE245:
 198:src/tuner.cpp ****     const float alpha_fast = 0.45f;
 2411              		.loc 1 198 57 view .LVU747
 2412 024e 2846     		mov	r0, r5
 2413              	.LVL204:
 198:src/tuner.cpp ****     const float alpha_fast = 0.45f;
 2414              		.loc 1 198 57 view .LVU748
 2415 0250 FFF7FEFF 		bl	_ZN3app13TunerAnalyzer7Median5EPKf
 2416              	.LVL205:
 2417 0254 49E7     		b	.L171
 2418              	.LVL206:
 2419              	.L181:
 2420              	.LBB246:
 2421              	.LBB239:
 198:src/tuner.cpp ****     const float alpha_fast = 0.45f;
 2422              		.loc 1 198 57 view .LVU749
 2423 0256 DFED0A7A 		vldr.32	s15, .L204+36
 2424 025a 5AE7     		b	.L172
 2425              	.L205:
 2426              		.align	2
 2427              	.L204:
 2428 025c 00000000 		.word	.LC0
 2429 0260 14AEC7BE 		.word	-1094210028
 2430 0264 6666E63E 		.word	1055286886
 2431 0268 CDCCCC3E 		.word	1053609165
 2432 026c 00000C43 		.word	1124859904
 2433 0270 9A99F93F 		.word	1073322394
 2434 0274 B81E053F 		.word	1057300152
 2435 0278 6666663F 		.word	1063675494
 2436 027c CDCC4C3E 		.word	1045220557
 2437 0280 90C2753D 		.word	1031127696
 2438              	.LBE239:
 2439              	.LBE246:
 2440              		.cfi_endproc
 2441              	.LFE2574:
ARM GAS  C:\Users\aydan\AppData\Local\Temp\ccEUME1T.s 			page 91


 2443              		.section	.rodata.str1.4,"aMS",%progbits,1
 2444              		.align	2
 2445              	.LC2:
 2446 0000 4300     		.ascii	"C\000"
 2447 0002 0000     		.align	2
 2448              	.LC3:
 2449 0004 432300   		.ascii	"C#\000"
 2450 0007 00       		.align	2
 2451              	.LC4:
 2452 0008 4400     		.ascii	"D\000"
 2453 000a 0000     		.align	2
 2454              	.LC5:
 2455 000c 442300   		.ascii	"D#\000"
 2456 000f 00       		.align	2
 2457              	.LC6:
 2458 0010 4500     		.ascii	"E\000"
 2459 0012 0000     		.align	2
 2460              	.LC7:
 2461 0014 4600     		.ascii	"F\000"
 2462 0016 0000     		.align	2
 2463              	.LC8:
 2464 0018 462300   		.ascii	"F#\000"
 2465 001b 00       		.align	2
 2466              	.LC9:
 2467 001c 4700     		.ascii	"G\000"
 2468 001e 0000     		.align	2
 2469              	.LC10:
 2470 0020 472300   		.ascii	"G#\000"
 2471 0023 00       		.align	2
 2472              	.LC11:
 2473 0024 4100     		.ascii	"A\000"
 2474 0026 0000     		.align	2
 2475              	.LC12:
 2476 0028 412300   		.ascii	"A#\000"
 2477 002b 00       		.align	2
 2478              	.LC13:
 2479 002c 4200     		.ascii	"B\000"
 2480              		.global	_ZN3app17tuner_cmnd_bufferE
 2481              		.global	_ZN3app23tuner_difference_bufferE
 2482              		.global	_ZN3app17tuner_work_bufferE
 2483              		.global	_ZN3app18tuner_capture_ringE
 2484              		.section	.bss._ZN3app17tuner_cmnd_bufferE,"aw",%nobits
 2485              		.align	2
 2488              	_ZN3app17tuner_cmnd_bufferE:
 2489 0000 00000000 		.space	4096
 2489      00000000 
 2489      00000000 
 2489      00000000 
 2489      00000000 
 2490              		.section	.bss._ZN3app17tuner_work_bufferE,"aw",%nobits
 2491              		.align	2
 2494              	_ZN3app17tuner_work_bufferE:
 2495 0000 00000000 		.space	4096
 2495      00000000 
 2495      00000000 
 2495      00000000 
 2495      00000000 
ARM GAS  C:\Users\aydan\AppData\Local\Temp\ccEUME1T.s 			page 92


 2496              		.section	.bss._ZN3app18tuner_capture_ringE,"aw",%nobits
 2497              		.align	2
 2500              	_ZN3app18tuner_capture_ringE:
 2501 0000 00000000 		.space	32768
 2501      00000000 
 2501      00000000 
 2501      00000000 
 2501      00000000 
 2502              		.section	.bss._ZN3app23tuner_difference_bufferE,"aw",%nobits
 2503              		.align	2
 2506              	_ZN3app23tuner_difference_bufferE:
 2507 0000 00000000 		.space	4096
 2507      00000000 
 2507      00000000 
 2507      00000000 
 2507      00000000 
 2508              		.section	.rodata._ZZN3app13TunerAnalyzer15FrequencyToNoteEfPcjRfE5names,"a"
 2509              		.align	2
 2510              		.set	.LANCHOR1,. + 0
 2513              	_ZZN3app13TunerAnalyzer15FrequencyToNoteEfPcjRfE5names:
 2514 0000 00000000 		.word	.LC2
 2515 0004 04000000 		.word	.LC3
 2516 0008 08000000 		.word	.LC4
 2517 000c 0C000000 		.word	.LC5
 2518 0010 10000000 		.word	.LC6
 2519 0014 14000000 		.word	.LC7
 2520 0018 18000000 		.word	.LC8
 2521 001c 1C000000 		.word	.LC9
 2522 0020 20000000 		.word	.LC10
 2523 0024 24000000 		.word	.LC11
 2524 0028 28000000 		.word	.LC12
 2525 002c 2C000000 		.word	.LC13
 2526              		.section	.rodata._ZZN3app13TunerAnalyzer9DetectYinEPKfifRfS3_mE4kFir,"a"
 2527              		.align	2
 2528              		.set	.LANCHOR0,. + 0
 2531              	_ZZN3app13TunerAnalyzer9DetectYinEPKfifRfS3_mE4kFir:
 2532 0000 F1F0F03C 		.word	1022423281
 2533 0004 F1F0703D 		.word	1030811889
 2534 0008 F1F0F03D 		.word	1039200497
 2535 000c B5B4343E 		.word	1043641525
 2536 0010 F1F0703E 		.word	1047589105
 2537 0014 B5B4343E 		.word	1043641525
 2538 0018 F1F0F03D 		.word	1039200497
 2539 001c F1F0703D 		.word	1030811889
 2540 0020 F1F0F03C 		.word	1022423281
 2541              		.text
 2542              	.Letext0:
 2543              		.file 3 "c:\\program files\\daisytoolchain\\arm-none-eabi\\include\\machine\\_default_types.h"
 2544              		.file 4 "c:\\program files\\daisytoolchain\\arm-none-eabi\\include\\sys\\_stdint.h"
 2545              		.file 5 "c:\\program files\\daisytoolchain\\arm-none-eabi\\include\\stdint.h"
 2546              		.file 6 "c:\\program files\\daisytoolchain\\lib\\gcc\\arm-none-eabi\\10.2.1\\include\\stddef.h"
 2547              		.file 7 "c:\\program files\\daisytoolchain\\arm-none-eabi\\include\\c++\\10.2.1\\bits\\std_abs.h"
 2548              		.file 8 "c:\\program files\\daisytoolchain\\arm-none-eabi\\include\\c++\\10.2.1\\cstdlib"
 2549              		.file 9 "c:\\program files\\daisytoolchain\\arm-none-eabi\\include\\c++\\10.2.1\\cstdint"
 2550              		.file 10 "c:\\program files\\daisytoolchain\\arm-none-eabi\\include\\c++\\10.2.1\\type_traits"
 2551              		.file 11 "c:\\program files\\daisytoolchain\\arm-none-eabi\\include\\c++\\10.2.1\\debug\\debug.h"
 2552              		.file 12 "c:\\program files\\daisytoolchain\\arm-none-eabi\\include\\c++\\10.2.1\\arm-none-eabi\\t
ARM GAS  C:\Users\aydan\AppData\Local\Temp\ccEUME1T.s 			page 93


 2553              		.file 13 "c:\\program files\\daisytoolchain\\arm-none-eabi\\include\\c++\\10.2.1\\bits\\algorithmf
 2554              		.file 14 "c:\\program files\\daisytoolchain\\arm-none-eabi\\include\\c++\\10.2.1\\bits\\stl_pair.h
 2555              		.file 15 "c:\\program files\\daisytoolchain\\arm-none-eabi\\include\\c++\\10.2.1\\bits\\exception_
 2556              		.file 16 "c:\\program files\\daisytoolchain\\arm-none-eabi\\include\\c++\\10.2.1\\cstdarg"
 2557              		.file 17 "c:\\program files\\daisytoolchain\\arm-none-eabi\\include\\c++\\10.2.1\\cstdio"
 2558              		.file 18 "c:\\program files\\daisytoolchain\\arm-none-eabi\\include\\c++\\10.2.1\\cstring"
 2559              		.file 19 "c:\\program files\\daisytoolchain\\arm-none-eabi\\include\\c++\\10.2.1\\bits\\predefined
 2560              		.file 20 "c:\\program files\\daisytoolchain\\arm-none-eabi\\include\\sys\\_types.h"
 2561              		.file 21 "c:\\program files\\daisytoolchain\\arm-none-eabi\\include\\sys\\reent.h"
 2562              		.file 22 "c:\\program files\\daisytoolchain\\arm-none-eabi\\include\\sys\\lock.h"
 2563              		.file 23 "c:\\program files\\daisytoolchain\\arm-none-eabi\\include\\math.h"
 2564              		.file 24 "c:\\program files\\daisytoolchain\\arm-none-eabi\\include\\stdlib.h"
 2565              		.file 25 "c:\\program files\\daisytoolchain\\arm-none-eabi\\include\\c++\\10.2.1\\math.h"
 2566              		.file 26 "c:\\program files\\daisytoolchain\\arm-none-eabi\\include\\c++\\10.2.1\\stdlib.h"
 2567              		.file 27 "../../libDaisy/src/daisy_core.h"
 2568              		.file 28 "../../libDaisy/src/util/wav_format.h"
 2569              		.file 29 "../../libDaisy/src/dev/max11300.h"
 2570              		.file 30 "../../libDaisy/src/daisy_seed.h"
 2571              		.file 31 "c:\\program files\\daisytoolchain\\lib\\gcc\\arm-none-eabi\\10.2.1\\include\\stdarg.h"
 2572              		.file 32 "c:\\program files\\daisytoolchain\\arm-none-eabi\\include\\stdio.h"
 2573              		.file 33 "c:\\program files\\daisytoolchain\\arm-none-eabi\\include\\string.h"
 2574              		.file 34 "src/app_config.h"
 2575              		.file 35 "src/tuner.h"
 2576              		.file 36 "../../libDaisy/src/dev/sr_595.h"
 2577              		.file 37 "<built-in>"
ARM GAS  C:\Users\aydan\AppData\Local\Temp\ccEUME1T.s 			page 94


DEFINED SYMBOLS
                            *ABS*:00000000 tuner.cpp
C:\Users\aydan\AppData\Local\Temp\ccEUME1T.s:17     .text._ZN3app13TunerAnalyzer9DetectYinEPKfifRfS3_m.part.0:00000000 $t
C:\Users\aydan\AppData\Local\Temp\ccEUME1T.s:25     .text._ZN3app13TunerAnalyzer9DetectYinEPKfifRfS3_m.part.0:00000000 _ZN3app13TunerAnalyzer9DetectYinEPKfifRfS3_m.part.0
C:\Users\aydan\AppData\Local\Temp\ccEUME1T.s:730    .text._ZN3app13TunerAnalyzer9DetectYinEPKfifRfS3_m.part.0:00000304 $d
C:\Users\aydan\AppData\Local\Temp\ccEUME1T.s:2494   .bss._ZN3app17tuner_work_bufferE:00000000 _ZN3app17tuner_work_bufferE
C:\Users\aydan\AppData\Local\Temp\ccEUME1T.s:2506   .bss._ZN3app23tuner_difference_bufferE:00000000 _ZN3app23tuner_difference_bufferE
C:\Users\aydan\AppData\Local\Temp\ccEUME1T.s:2488   .bss._ZN3app17tuner_cmnd_bufferE:00000000 _ZN3app17tuner_cmnd_bufferE
C:\Users\aydan\AppData\Local\Temp\ccEUME1T.s:759    .text._ZN3app12TunerCaptureC2Ev:00000000 $t
C:\Users\aydan\AppData\Local\Temp\ccEUME1T.s:767    .text._ZN3app12TunerCaptureC2Ev:00000000 _ZN3app12TunerCaptureC2Ev
C:\Users\aydan\AppData\Local\Temp\ccEUME1T.s:801    .text._ZN3app12TunerCaptureC2Ev:00000018 $d
C:\Users\aydan\AppData\Local\Temp\ccEUME1T.s:2500   .bss._ZN3app18tuner_capture_ringE:00000000 _ZN3app18tuner_capture_ringE
C:\Users\aydan\AppData\Local\Temp\ccEUME1T.s:767    .text._ZN3app12TunerCaptureC2Ev:00000000 _ZN3app12TunerCaptureC1Ev
C:\Users\aydan\AppData\Local\Temp\ccEUME1T.s:811    .text._ZN3app12TunerCapture4InitEv:00000000 $t
C:\Users\aydan\AppData\Local\Temp\ccEUME1T.s:819    .text._ZN3app12TunerCapture4InitEv:00000000 _ZN3app12TunerCapture4InitEv
C:\Users\aydan\AppData\Local\Temp\ccEUME1T.s:866    .text._ZN3app12TunerCapture4InitEv:0000001c $d
C:\Users\aydan\AppData\Local\Temp\ccEUME1T.s:871    .text._ZN3app12TunerCapture10WriteBlockEPKfj:00000000 $t
C:\Users\aydan\AppData\Local\Temp\ccEUME1T.s:879    .text._ZN3app12TunerCapture10WriteBlockEPKfj:00000000 _ZN3app12TunerCapture10WriteBlockEPKfj
C:\Users\aydan\AppData\Local\Temp\ccEUME1T.s:952    .text._ZN3app12TunerCapture10WriteBlockEPKfj:00000030 $d
C:\Users\aydan\AppData\Local\Temp\ccEUME1T.s:957    .text._ZNK3app12TunerCapture19CompletedWriteIndexEv:00000000 $t
C:\Users\aydan\AppData\Local\Temp\ccEUME1T.s:965    .text._ZNK3app12TunerCapture19CompletedWriteIndexEv:00000000 _ZNK3app12TunerCapture19CompletedWriteIndexEv
C:\Users\aydan\AppData\Local\Temp\ccEUME1T.s:985    .text._ZNK3app12TunerCapture18CopyAnalysisWindowEPfi:00000000 $t
C:\Users\aydan\AppData\Local\Temp\ccEUME1T.s:993    .text._ZNK3app12TunerCapture18CopyAnalysisWindowEPfi:00000000 _ZNK3app12TunerCapture18CopyAnalysisWindowEPfi
C:\Users\aydan\AppData\Local\Temp\ccEUME1T.s:1136   .text._ZNK3app12TunerCapture18CopyAnalysisWindowEPfi:00000064 $d
C:\Users\aydan\AppData\Local\Temp\ccEUME1T.s:1141   .text._ZN3app13TunerAnalyzerC2Ev:00000000 $t
C:\Users\aydan\AppData\Local\Temp\ccEUME1T.s:1149   .text._ZN3app13TunerAnalyzerC2Ev:00000000 _ZN3app13TunerAnalyzerC2Ev
C:\Users\aydan\AppData\Local\Temp\ccEUME1T.s:1149   .text._ZN3app13TunerAnalyzerC2Ev:00000000 _ZN3app13TunerAnalyzerC1Ev
C:\Users\aydan\AppData\Local\Temp\ccEUME1T.s:1194   .text._ZN3app13TunerAnalyzer5ResetEm:00000000 $t
C:\Users\aydan\AppData\Local\Temp\ccEUME1T.s:1202   .text._ZN3app13TunerAnalyzer5ResetEm:00000000 _ZN3app13TunerAnalyzer5ResetEm
C:\Users\aydan\AppData\Local\Temp\ccEUME1T.s:1289   .rodata._ZN3app13TunerAnalyzer15FrequencyToNoteEfPcjRf.str1.4:00000000 $d
C:\Users\aydan\AppData\Local\Temp\ccEUME1T.s:1296   .text._ZN3app13TunerAnalyzer15FrequencyToNoteEfPcjRf:00000000 $t
C:\Users\aydan\AppData\Local\Temp\ccEUME1T.s:1304   .text._ZN3app13TunerAnalyzer15FrequencyToNoteEfPcjRf:00000000 _ZN3app13TunerAnalyzer15FrequencyToNoteEfPcjRf
C:\Users\aydan\AppData\Local\Temp\ccEUME1T.s:1479   .text._ZN3app13TunerAnalyzer15FrequencyToNoteEfPcjRf:000000b0 $d
C:\Users\aydan\AppData\Local\Temp\ccEUME1T.s:1491   .text._ZN3app13TunerAnalyzer9DetectYinEPKfifRfS3_m:00000000 $t
C:\Users\aydan\AppData\Local\Temp\ccEUME1T.s:1499   .text._ZN3app13TunerAnalyzer9DetectYinEPKfifRfS3_m:00000000 _ZN3app13TunerAnalyzer9DetectYinEPKfifRfS3_m
C:\Users\aydan\AppData\Local\Temp\ccEUME1T.s:1552   .text._ZN3app13TunerAnalyzer9DetectYinEPKfifRfS3_m:00000024 $d
C:\Users\aydan\AppData\Local\Temp\ccEUME1T.s:1557   .text._ZN3app13TunerAnalyzer7Median5EPKf:00000000 $t
C:\Users\aydan\AppData\Local\Temp\ccEUME1T.s:1565   .text._ZN3app13TunerAnalyzer7Median5EPKf:00000000 _ZN3app13TunerAnalyzer7Median5EPKf
C:\Users\aydan\AppData\Local\Temp\ccEUME1T.s:1797   .text._ZN3app13TunerAnalyzer7AnalyzeEPKfifffm:00000000 $t
C:\Users\aydan\AppData\Local\Temp\ccEUME1T.s:1805   .text._ZN3app13TunerAnalyzer7AnalyzeEPKfifffm:00000000 _ZN3app13TunerAnalyzer7AnalyzeEPKfifffm
C:\Users\aydan\AppData\Local\Temp\ccEUME1T.s:2428   .text._ZN3app13TunerAnalyzer7AnalyzeEPKfifffm:0000025c $d
C:\Users\aydan\AppData\Local\Temp\ccEUME1T.s:2444   .rodata.str1.4:00000000 $d
C:\Users\aydan\AppData\Local\Temp\ccEUME1T.s:2485   .bss._ZN3app17tuner_cmnd_bufferE:00000000 $d
C:\Users\aydan\AppData\Local\Temp\ccEUME1T.s:2491   .bss._ZN3app17tuner_work_bufferE:00000000 $d
C:\Users\aydan\AppData\Local\Temp\ccEUME1T.s:2497   .bss._ZN3app18tuner_capture_ringE:00000000 $d
C:\Users\aydan\AppData\Local\Temp\ccEUME1T.s:2503   .bss._ZN3app23tuner_difference_bufferE:00000000 $d
C:\Users\aydan\AppData\Local\Temp\ccEUME1T.s:2509   .rodata._ZZN3app13TunerAnalyzer15FrequencyToNoteEfPcjRfE5names:00000000 $d
C:\Users\aydan\AppData\Local\Temp\ccEUME1T.s:2513   .rodata._ZZN3app13TunerAnalyzer15FrequencyToNoteEfPcjRfE5names:00000000 _ZZN3app13TunerAnalyzer15FrequencyToNoteEfPcjRfE5names
C:\Users\aydan\AppData\Local\Temp\ccEUME1T.s:2527   .rodata._ZZN3app13TunerAnalyzer9DetectYinEPKfifRfS3_mE4kFir:00000000 $d
C:\Users\aydan\AppData\Local\Temp\ccEUME1T.s:2531   .rodata._ZZN3app13TunerAnalyzer9DetectYinEPKfifRfS3_mE4kFir:00000000 _ZZN3app13TunerAnalyzer9DetectYinEPKfifRfS3_mE4kFir

UNDEFINED SYMBOLS
memset
sqrtf
log2f
snprintf
