:020000040800F2
:1000000000000220E1050008DD050008996E0008E7
:10001000DD050008DD050008DD0500080000000022
:10002000000000000000000000000000DD050008E6
:10003000DD05000800000000DD0500081D6E000859
:10004000DD050008DD050008DD050008DD05000808
:10005000DD050008DD050008DD050008DD050008F8
:10006000DD050008DD050008DD050008395B000836
:10007000455B0008014A0008515B00085D5B000811
:10008000B969000865500008DD050008DD050008B5
:10009000DD050008DD050008DD050008DD050008B8
:1000A000DD050008DD050008DD050008DD050008A8
:1000B000A9E40008B5E40008C1E40008995000086C
:1000C000DD050008A5500008DD05000819DD000861
:1000D00025DD0008ED670008196800084D68000874
:1000E000DD050008DD05000800000000DD05000852
:1000F000DD050008DD050008DD050008DD05000858
:10010000DD050008DD050008CDE4000831DD00084C
:1001100081680008B5680008DD050008DD050008F5
:10012000DD050008DD05000855DD000889DD000853
:10013000ED690008DD050008DD050008DD050008A3
:1001400000000000000000000000000000000000AF
:10015000DD050008DD050008DD050008E968000888
:10016000B1500008DD0500082D6E0008516E000832
:10017000DD050008756E0008DD050008DD050008D6
:10018000DD050008DD0500081D690008516900084B
:100190003DDD000849DD0008DD050008DD0500083B
:1001A000DD050008DD050008DD050008DD050008A7
:1001B00059580008DD050008DD050008DD050008C8
:1001C000DD050008DD050008DD050008DD05000887
:1001D000DD050008DD050008DD050008DD05000877
:1001E000DD050008DD050008DD050008DD05000867
:1001F000DD050008DD050008DD050008DD05000857
:10020000DD050008DD050008DD050008DD05000846
:10021000DD050008DD050008DD050008DD05000836
:10022000DD050008DD050008DD0500080000000010
:10023000DD050008DD05000800000000DD05000800
:10024000DD050008DD050008DD050008DD05000806
:10025000DD050008DD050008DD050008DD050008F6
:10026000DD050008DD050008DD050008DD050008E6
:10027000DD050008DD0500088569000800000000B4
:10028000DD050008DD050008DD05000800000000B0
:0802900000000000DD0500087C
:1002980010B5054C237833B9044B13B10448AFF3B8
:1002A80000800123237010BD80030024000000009B
:1002B80088F8000808B5034B1BB103490348AFF39E
:1002C800008008BD000000008403002488F80008AE
:1002D80053B94AB9002908BF00281CBF4FF0FF31A5
:1002E8004FF0FF3000F074B9ADF1080C6DE904CEA1
:1002F80000F006F8DDF804E0DDE9022304B07047F9
:100308002DE9F047089D04468E46002B4DD18A42C0
:10031800944669D9B2FA82F252B101FA02F3C2F1F3
:10032800200120FA01F10CFA02FC41EA030E944084
:100338004FEA1C48210CBEFBF8F61FFA8CF708FBA5
:1003480016E341EA034306FB07F199420AD91CEB7D
:10035800030306F1FF3080F01F81994240F21C81AF
:10036800023E63445B1AA4B2B3FBF8F008FB1033F7
:1003780044EA034400FB07F7A7420AD91CEB04042C
:1003880000F1FF3380F00A81A74240F207816444FC
:10039800023840EA0640E41B00261DB1D440002381
:1003A800C5E900433146BDE8F0878B4209D9002DE5
:1003B80000F0EF800026C5E9000130463146BDE86F
:1003C800F087B3FA83F6002E4AD18B4202D38242D9
:1003D80000F2F980841A61EB030301209E46002D88
:1003E800E0D0C5E9004EDDE702B9FFDEB2FA82F2DD
:1003F800002A40F09280A1EB0C014FEA1C471FFA3B
:100408008CFE0126200CB1FBF7F307FB131140EA21
:1004180001410EFB03F0884208D91CEB010103F1EE
:10042800FF3802D2884200F2CB804346091AA4B2B0
:10043800B1FBF7F007FB101144EA01440EFB00FE84
:10044800A64508D91CEB040400F1FF3102D2A645E9
:1004580000F2BB800846A4EB0E0440EA03409CE788
:10046800C6F12007B34022FA07FC4CEA030C20FA35
:1004780007F401FA06F31C43F9404FEA1C4900FA55
:1004880006F3B1FBF9F8200C1FFA8CFE09FB1811D2
:1004980040EA014108FB0EF0884202FA06F20BD945
:1004A8001CEB010108F1FF3A80F08880884240F295
:1004B8008580A8F102086144091AA4B2B1FBF9F0D9
:1004C80009FB101144EA014100FB0EFE8E4508D9D4
:1004D8001CEB010100F1FF346CD28E456AD9023859
:1004E800614440EA0840A0FB0294A1EB0E01A1423E
:1004F800C846A64656D353D05DB1B3EB080261EBAC
:100508000E0101FA07F722FA06F3F1401F43C5E985
:10051800007100263146BDE8F087C2F12003D840BB
:100528000CFA02FC21FA03F3914001434FEA1C47FD
:100538001FFA8CFEB3FBF7F007FB10360B0C43EAEF
:10054800064300FB0EF69E4204FA02F408D91CEB9F
:10055800030300F1FF382FD29E422DD9023863449D
:100568009B1B89B2B3FBF7F607FB163341EA03413D
:1005780006FB0EF38B4208D91CEB010106F1FF388C
:1005880016D28B4214D9023E6144C91A46EA004683
:1005980038E72E46284605E70646E3E61846F8E615
:1005A8004B45A9D2B9EB020864EB0C0E0138A3E75E
:1005B8004646EAE7204694E74046D1E7D0467BE73F
:1005C800023B614432E7304609E76444023842E7B7
:1005D800704700BFFEE700BF0B480C4A904203D0AB
:1005E800121A0B490FF076F80A480B4A904203D0CA
:1005F800121A00210FF07CF806F0A0FE0FF046F862
:1006080000F024F8FEE700BF000000247C0300246B
:10061800B8F800088003002414310024704700BF94
:100628009AB10368406803EB820C10B40C684968FF
:1006380053F8042B44F8042B634550F8042B41F875
:10064800042BF5D15DF8044B7047704708B50021BD
:10065800084803F02DF80321064802F035FF302141
:10066800044802F04DFF044B0449024802F028FFF9
:10067800FEE700BFAC0300249C0300242906000801
:1006880010B508480024084A084904604461046217
:10069800C4630EF0E7FF064B5C6043F8044B5C60F4
:1006A8001C8110BDAC0300240000002425060008AE
:1006B8009C030024704700BF0F4B1B780BB9012027
:1006C800704710B504464FF47A700C4AB0FBF3F348
:1006D8001068B0FBF3F000F0E1F80F2C00D808B177
:1006E800012010BD002221464FF0FF3000F076F8BF
:1006F800034B00201C6010BD0400002444020024A9
:100708000800002438B50320124D00F055F8124CAB
:1007180001F06EFB114A12499369C3F30323CB5CC2
:1007280003F01F0320FA03F30E202B60926902F0F6
:100738000F028A5C02F01F02D3402360FFF7BCFF60
:1007480010B10124204638BD0446FFF7B3FF204608
:1007580038BD00BF44020024480200240044025867
:1007680068F70008034A044B11681B780B441360B0
:10077800704700BFEC03002404000024014B1868F4
:10078800704700BFEC03002438B50446FFF7F6FFB6
:100798000546631C02D0044B1B781C44FFF7EEFF90
:1007A800431BA342FAD338BD04000024014B186848
:1007B800000C70470010005C06494FF6FF0C000261
:1007C800054BCA6800F4E06002EA0C0210430343D8
:1007D800CB60704700ED00E00000FA051B4BDB68BA
:1007E800C3F3022300B5C3F1070E03F1040CBEF1F5
:1007F800040F28BF4FF0040EBCF1060F1AD9033BB3
:100808004FF0FF3C0CFA03FC22EA0C024FF0FF3CCD
:1008180000280CFA0EFC21EA0C0101FA03F141EA66
:1008280002010ADB09010A4BC9B2034483F8001329
:100838005DF804FB00221346E8E700F00F00090109
:10084800044BC9B2034419765DF804FB00ED00E0DF
:1008580000E100E0FCEC00E0002807DB00F01F01ED
:1008680001234009024A8B4042F82030704700BFFC
:1008780000E100E000280DDB4309012200F01F0021
:100888000549203302FA00F041F82300BFF34F8FE7
:10089800BFF36F8F704700BF00E100E0431EB3F164
:1008A800807F0CD24FF0E022002006494FF0F00C78
:1008B8005361072381F823C09061136170470120B9
:1008C800704700BF00ED00E0BFF35F8F044B0021CD
:1008D8005A6A22F480325A62C3F89410704700BFF3
:1008E80000ED00E0064B40F00100C3F894005A6A9E
:1008F80042F480325A62BFF34F8FBFF36F8F704755
:1009080000ED00E0174A4378C2F89830017821B327
:10091800436800B5C2F89C30C37A90F80CC01B0637
:1009280090F80FE043EA0C7390F80AC00B43817B00
:1009380043EACC4390F80DC043EA8C4390F809C0D1
:1009480043EA4143017A43EA0E4343EA0C2343EA6C
:100958004103C2F8A0305DF804FBC2F89C10C2F84D
:10096800A010704700ED00E0704700BF08B5FFF722
:10097800FBFF08BD0268344B344930B4344D354C64
:10098800AA4218BF9A420CBF012300238A4208BF1B
:1009980043F001033031A24208BF43F00103303471
:1009A8008A4208BF43F001033031A24208BF43F036
:1009B800010330348A4208BF43F0010301F55C713A
:1009C800A24208BF43F0010304F55C748A4208BFE1
:1009D80043F001033031A24208BF43F00103303431
:1009E8008A4208BF43F001033031A24208BF43F0F6
:1009F800010330348A4208BF43F001033031A24278
:100A080008BF43F001038A4208BF43F0010313B94A
:100A1800114B9A4213D1D3B21049114C103BA1FB90
:100A280003515F2B0F4BC1F3021103EA0203615C10
:100A380088BF0433C1658365184630BC704722F00F
:100A4800FF038365F8E700BF100002404000024042
:100A58002800024058000240B8040240ABAAAAAAE3
:100A68003CF7000800FCFFFF0368294A294930B415
:100A7800294D2A4CAB4218BF93420CBF01220022D9
:100A88008B4208BF42F001022831A34208BF42F05E
:100A9800010228348B4208BF42F001022831A342E8
:100AA80008BF42F001028B4208BF42F0010212B9AE
:100AB8001B4A934213D1DBB21A4C1B4A0121083B53
:100AC8001A4DA4FB0343456602EB1312C3F3041348
:100AD800920001FA03F30266836630BC7047DAB20B
:100AE8001349144C1944103AA829A4FB02234FEACD
:100AF800131300D80833104A03F01F0501210F4CC7
:100B08001A44A9404466920081660266E5E700BF80
:100B180008540258305402581C540258445402587D
:100B280094540258CDCCCCCC00960016805802586C
:100B3800F0FBFDBFABAAAAAA008200108008024001
:100B480070B50446FFF71AFE002C00F0C680236833
:100B58000546954A934248D01832934245D03032E0
:100B680092498B4218BF934201F130010CBF012218
:100B780000228B4208BF42F0010218318B4208BFA5
:100B880042F0010218318B4208BF42F001021831CD
:100B98008B4208BF42F0010201F556718B4208BF33
:100BA80042F0010218318B4208BF42F001021831AD
:100BB8008B4208BF42F0010218318B4208BF42F055
:100BC800010218318B4208BF42F0010218318B42F2
:100BD80008BF42F0010218318B4208BF42F00102FF
:100BE8001AB9734A934240F0F5800222002184F832
:100BF800352084F834101A6822F001021A6005E0E2
:100C0800FFF7BCFD431B052B40D823681A68D107A2
:100C1800F6D4D4E9022521692A43A0691D680A434C
:100C280061690A43E16902430A4362492940256A26
:100C38002A430A43616A04292FD01A605A6922F0AC
:100C48000702114359612046FFF794FEE26D3F23E6
:100C580002F01F02934083602046FFF705FFA36858
:100C6800802B3CD06368A06EDAB2013BD4E91851FE
:100C7800072B2A60486026D90023C4E91B33636721
:100C880000200123606584F8353070BD20220323DD
:100C98000120626584F8353070BDD4E90B512943D1
:100CA8000A431A605969A26A21F00701114341F009
:100CB8000401002DC6D000284FD1012A6ED032F091
:100CC8000202BFD151E0501E072810D9626FD4E943
:100CD8001B31002018604A60D2E7012070BD002354
:100CE800A16ED4E91802636003605160C4E721680B
:100CF800314B324DA94218BF994205F114050CBF7A
:100D080001230023A94208BF43F001031435A94277
:100D180008BF43F001031435A94208BF43F001039B
:100D28001435A94208BF43F001031435A94208BF8E
:100D380043F001033BB9224B994204D0214B22498D
:100D480013449B0003E0214B214913449B000122DB
:100D58008240C4E91B316267BBE7B0F5005F0ED083
:100D6800022A05D9032A7FF46DAFEA017FF56AAF3D
:100D7800012340221846626584F8353070BD032A85
:100D88003FF660AF01A050F822F000BF790D0008CF
:100D9800730D0008790D0008A50D0008B5F1C07F96
:100DA8007FF450AFE4E700BF10000240400002406B
:100DB800B80402403F8010FE085402581C540258E0
:100DC800945402583F820010400902403F96001692
:100DD80040590258324A33483349834218BF934234
:100DE80000F128000CBF012200228B4208BF42F00C
:100DF80001022831834208BF42F0010228308B42A9
:100E080008BF42F001022831834208BF42F00102C4
:100E18008B4208BF42F0010212B9244A934238D1EA
:100E280002220021224D84F8341084F835201A68F3
:100E38001540A268402A2AD0802A0CBF4FF480406F
:100E48000846266AD4E90312D20842EAD102616947
:100E580042EAD102A16942EAD102E16942EAD10239
:100E6800144942EA161219442A4302431248A0FBC5
:100E7800010120461A600B099B00E365FFF77AFD24
:100E8800E26D012302F01F0293404360E4E6102064
:100E9800D7E7402203230120626584F8353070BD0E
:100EA800085402581C54025830540258945402589A
:100EB8000F00FEFFF8ABFDA7CDCCCCCC002800F08E
:100EC800BC80844690F83400012800F0B8800120E6
:100ED8002DE9F0419CF835408CF83400844208D064
:100EE80000224FF400638CF83420CCF85430BDE86D
:100EF800F0810220DCF800507A4C8CF83500002094
:100F0800794ECCF854007948854218BFA54200F1C3
:100F180018000CBF01240024854208BF44F00104D6
:100F28001830854208BF44F001041830854208BFD4
:100F380044F001041830854208BF44F0010400F56C
:100F48005670854208BF44F001041830854208BF36
:100F580044F001041830854208BF44F001041830F9
:100F6800854208BF44F001041830854208BF44F0A8
:100F780001041830854208BF44F001041830854246
:100F880008BF44F001041830854208BF44F001044A
:100F9800A0F59560B54218BF8542DCF86C600CBFBF
:100FA8000120002054EA0008286820F00100286089
:100FB800DCF86400DCF86840DCF85870446040D025
:100FC80016B1DCE91C044460DCF85C004FF03F0E0D
:100FD80000F01F000EFA00F0B860286820F48020A6
:100FE80028606B60DCF80830402B23D0A960EA60E9
:100FF8002B6823F01E0343F016032B60DCF8403007
:101008001BB12B6843F008032B60DCF860301A68CA
:10101800D20303D51A6842F480721A601EB133688D
:1010280043F4807333602B68002043F001032B6086
:10103800BDE8F081AA60E960DAE701207047022084
:10104800704716B1DCE91C0444602948DFF8A8E0C1
:10105800754518BF85420EF1140E0CBF0120002003
:10106800754508BF40F001000EF1140E754508BF24
:1010780040F001000EF1140E754508BF40F0010064
:101088000EF1140E754508BF40F001000EF1140E64
:10109800754508BF40F0010010B9164885420ED1C9
:1010A800DCF85C0000F01F0E012000FA0EF07860FA
:1010B8006B60DCF80830402B10D0A960EA602B6820
:1010C80023F00E0343F00A032B60DCF84030002BBA
:1010D8009BD02B6843F004032B6096E7AA60E96075
:1010E800EDE700BF400002402800024058000240DF
:1010F80008540258945402581C54025800285FD0CF
:1011080038B590F835200346022A55D10168444A7B
:10111800914248D01832914245D03032414C424831
:10112800A14218BF914204F148040CBF01220022D9
:10113800814208BF42F001023030A14208BF42F0AC
:1011480001023034814208BF42F0010200F55C70B0
:10115800A14208BF42F0010204F55C74814208BF55
:1011680042F001023030A14208BF42F0010230349F
:10117800814208BF42F001023030A14208BF42F06C
:1011880001023034814208BF42F001023030A142EE
:1011980008BF42F00102814208BF42F0010212B9C1
:1011A800224A91420ED10422002083F835200B6890
:1011B80023F001030B6038BD802201205A6538BD39
:1011C800012070470A681C6E22F00E02D86D9D6DD2
:1011D8000A6000F01F000A6822F001020A6001227A
:1011E8002168824021F4807121606A60DA6ED3E957
:1011F8001910486032B11168D3E91C0421F48071D8
:1012080011604460002401211A6D83F8344083F88A
:1012180035101AB118469047204638BD104638BDDB
:10122800100002404000024070000240B804024032
:101238002DE9F04300229C4B83B09C4E1D688146EB
:10124800019203689A4A846D934218BFB342276893
:1012580008BF0126216818BF002645D018329548D6
:10126800834218BF934200F118000CBF01220022EC
:10127800834208BF42F001021830834208BF42F09F
:1012880001021830834208BF42F00102183083423D
:1012980008BF42F0010200F55670834208BF42F0D1
:1012A80001021830834208BF42F00102183083421D
:1012B80008BF42F001021830834208BF42F0010221
:1012C8001830834208BF42F001021830834208BF39
:1012D80042F001021830834208BF42F001021AB9F5
:1012E800754A934240F05082D9F85C10082201F008
:1012F8001F0C02FA0CF2174240F0888127FA0CF210
:10130800D2070CD55A69100609D5012202FA0CF247
:10131800A260D9F8542042F00202C9F854204FF0D4
:10132800040E0EFA0CF038425BD0002E4FD1634AFF
:10133800DFF88081434518BF934208F118080CBFB5
:1013480001220022434508BF42F0010208F11808B3
:10135800434508BF42F0010208F11808434508BF99
:1013680042F0010208F11808434508BF42F00102A3
:1013780008F55678434508BF42F0010208F11808FD
:10138800434508BF42F0010208F11808434508BF69
:1013980042F0010208F11808434508BF42F0010273
:1013A80008F11808434508BF42F0010208F118087F
:1013B800434508BF42F0010208F11808434508BF39
:1013C80042F001021AB93C4A934240F019821A6865
:1013D800920706D5A060D9F8542042F00402C9F853
:1013E8005420102202FA0CFC1CEA070F6CD0002EC5
:1013F80045D1324A2F4EB34218BF934206F1180620
:101408000CBF01220022B34208BF42F00102183685
:10141800B34208BF42F001021836B34208BF42F097
:1014280001021836B34208BF42F0010206F55676AB
:10143800B34208BF42F001021836B34208BF42F077
:1014480001021836B34208BF42F001021836B3420F
:1014580008BF42F001021836B34208BF42F0010249
:101468001836B34208BF42F001021836B34208BF2B
:1014780042F001021AB9104A934240F0C9811A6831
:10148800100721D5C4F808C01A68560300F14C812A
:101498001A68D20503D41A6822F008021A60D9F82B
:1014A80040308BB10CE000BF440200241000024021
:1014B8002800024058000240B804024040000240A0
:1014C80048469847D9F85C1001F01F0120268E4045
:1014D8003E4268D0D9F80020A54BA64FBA4218BFA3
:1014E8009A4207F118070CBF01230023BA4208BF2C
:1014F80043F001031837BA4208BF43F00103183715
:10150800BA4208BF43F001031837BA4208BF43F094
:1015180001031837BA4208BF43F001031837BA422B
:1015280008BF43F0010307F55677BA4208BF43F0F6
:1015380001031837BA4208BF43F001031837BA420B
:1015480008BF43F001031837BA4208BF43F001034C
:101558001837BA4208BF43F001031837BA4208BF28
:1015680043F001031837BA4208BF43F001031BB91F
:10157800814B9A4240F062811368DB0613D5A6605E
:1015880099F83530042B136800F0AE8013F4802FDF
:10159800136800F0D3801C0340F1DE80D9F83C309A
:1015A8000BB148469847D9F85430002B00F0B98061
:1015B800D9F85430D8071FD5D9F80020042189F864
:1015C8003510136823F0010313606C4BA3FB05353A
:1015D800AD0A02E01368D90704D5019B0133AB4279
:1015E8000193F7D9002389F834301368DB074CBF1F
:1015F8000323012389F83530D9F84C30002B00F04B
:101608009080484603B0BDE8F04318471868400783
:101618000AD5186820F004001860A260D9F8542090
:1016280042F00102C9F8542027FA0CF2D2077FF5DC
:1016380076AE534A5348834218BF934200F13000B4
:101648000CBF01220022834208BF42F00102183079
:10165800834208BF42F001021830834208BF42F0BB
:1016680001021830834208BF42F0010200F55670AB
:10167800834208BF42F001021830834208BF42F09B
:1016880001021830834208BF42F001021830834239
:1016980008BF42F001021830834208BF42F001023D
:1016A8001830834208BF42F001021830834208BF55
:1016B80042F001021830834208BF42F00102002ABA
:1016C8007FF420AE002E7FF41DAE1A68042202FAC1
:1016D8000CF23A4240F09480102202FA0CFC17EA0D
:1016E8000C0F3FF4F1AE84E623F016031360536940
:1016F80023F080035361D9F840309BB3136823F07B
:10170800080313603F230025012203FA01F1D9F8E9
:101718005030A16089F8345089F83520002B7FF4C7
:1017280070AF03B0BDE8F0831B6818037FF5B7AE50
:10173800D9F84830002B7FF4C3AEC5E613F48073A4
:101748007FF42CAF116821F010011160012289F893
:10175800343089F8352021E7D9F84430002B7FF45C
:1017680020AF20E7D9F84830002BC7D1CAE700BF1F
:101778001000024028000240B8040240B5814E1B08
:1017880058000240400002404E4A4F4DAB4218BF3D
:10179800934205F114050CBF01220022AB4208BF99
:1017A80042F001021435AB4208BF42F00102143581
:1017B800AB4208BF42F001021435AB4208BF42F009
:1017C80001021435AB4208BF42F0010212B93F4A88
:1017D8009342A6D1D9F85C5004261A6805F01F0573
:1017E800AE400E4219D0570717D5100466604BD586
:1017F800D1034FD4D9F84830002B7FF402AF90E7DB
:101808001A68102202FA0CFC17EA0C0F3FF45CAEBF
:101818001A6852077FF558AE34E60226AE400E42EB
:1018280011D097070FD56660140439D5D00343D477
:10183800D9F84430002B7FF4E4AE72E713689F07B1
:101848007FF5B1AE9BE60826AE400E423FF469AF85
:1018580011077FF566AF1A68002122F00E021A60A0
:101868000123D9F84C2003FA05F56560C9F854300E
:1018780089F8341089F83530002A3FF452AF4846C9
:1018880003B0BDE8F0431047920603D41A6822F06B
:1018980004021A60D9F84030002B7FF4B2AE40E75A
:1018A80012F0200208D11968012421F00A011960F8
:1018B80089F8342089F83540D9F83C30002B7FF47A
:1018C800A0AE2EE7085402581C54025894540258EB
:1018D800406D7047002800F0DE81F8B503680446C3
:1018E800D80730D59F490A69896A02F03802102A58
:1018F80000F00081182A00F0F8806368B3F5803F93
:1019080000F02081002B00F05E81B3F5A02F954BED
:101918001A6800F02F8222F480321A601A6822F4C2
:1019280080221A60FEF72AFF8E4E41F2883705465C
:1019380005E0FEF723FF401BB84200F242813368FE
:101948009A03F6D523689D0700F18580D9062FD51F
:10195800844A1369926A03F03803082B00F0DA808E
:10196800182B00F0D280E3697E4D002B00F06581D2
:101978002B6843F080032B60FEF700FF064605E066
:10198800FEF7FCFE801B022800F21B812B68DB059A
:10199800F6D5FEF70BFF41F20303984200F20B82E3
:1019A8006B68226A23F0F84343EA82636B6023681A
:1019B8001D0716D563696B4D002B00F01C816B6FFA
:1019C80043F001036B67FEF7D9FE064605E0FEF714
:1019D800D5FE801B022800F2F4806B6F9807F6D5BD
:1019E80023689A0616D5A3695E4D002B00F0148172
:1019F8002B6843F480532B60FEF7C0FE064605E0D3
:101A0800FEF7BCFE801B022800F2DB802B689F04D7
:101A1800F6D52368590700F19B80636ACBB1514D15
:101A28002A6902F03802182A6DD0022B2B6823F09D
:101A380080732B6000F03981FEF7A0FE044605E0B4
:101A4800FEF79CFE001B022800F2BB802B689B015E
:101A5800F6D40020F8BD434A1369926A13F038039C
:101A680029D1404BE2681B68590701D5002A4AD0A2
:101A78003C4D2B6823F0190313432B60FEF77EFEC1
:101A8800064605E0FEF77AFE801B022800F29980E0
:101A98002B685B07F6D5FEF789FE41F2030322693E
:101AA80098426B6800F2F08023F47C3343EA0233F7
:101AB8006B6023684AE7182B00F0E280294DE26842
:101AC8002B68002A00F0CB8023F0190313432B6006
:101AD800FEF754FE064604E0FEF750FE801B02287F
:101AE8006FD82B685F07F7D5D5E701F00301022906
:101AF8007FF403AF1B4A126891037FF524AF626835
:101B0800002A7FF420AF0120F8BD02F00302012A69
:101B18007FF429AF134B1B68DA0502D5E369802BE4
:101B2800F1D1FEF743FE41F203030E4A9842216ABF
:101B380000F2B380536823F0F84343EA81635360AB
:101B4800236835E7074A136843F480331360E9E6EE
:101B5800054D2B6843F480732B60FEF70FFE064695
:101B680009E000BF0044025800480258FEF706FE8C
:101B7800801B642825D82B68DA05F7D5A368012BC4
:101B880000F02281002B00F0FD80052B954B1A6F89
:101B980000F0208122F001021A671A6F22F0040275
:101BA8001A67FEF7EBFD8F4E41F28837054604E0D1
:101BB800FEF7E4FD401BB84203D8336F9B07F7D507
:101BC8002BE70320F8BD874D41F288372B6823F4B3
:101BD80080332B602B6823F480232B60FEF7CEFD27
:101BE800064604E0FEF7CAFD801BB842E9D82B6818
:101BF8009B03F7D4A6E66B6F23F001036B67FEF730
:101C0800BDFD064604E0FEF7B9FD801B0228D8D8C2
:101C18006B6F9907F7D4E3E62B6823F480532B60A6
:101C2800FEF7ACFD064604E0FEF7A8FD801B02287F
:101C3800C7D82B689804F7D4EBE62B6823F0800309
:101C48002B60FEF79BFD064604E0FEF797FD801B20
:101C58000228B6D82B68DF05F7D42368A8E623F056
:101C680001032B60FEF78AFD064604E0FEF786FDB9
:101C7800801B0228A5D82B685807F7D4236865E687
:101C880090077FF41BAFECE623F0FE4343EA0263C0
:101C98006B6023685AE601207047D36823F07C53B1
:101CA80043EA0163D360236882E6FEF767FD0646D0
:101CB80004E0FEF763FD801B022882D82B68990197
:101CC800F7D4A96A484BA26A0B404849454E1343CA
:101CD800E26A43EA0213AB62D4E90D32013B013AEE
:101CE8005B0212049BB202F4FE021343226B013A18
:101CF800C2F308021343E26B013A120602F0FE42F5
:101D080013432B63EB6A23F00103EB626A6BA36C4A
:101D1800114041EAC3016963EB6A226C23F00C03AA
:101D28001343EB62EB6A626C23F002031343EB622A
:101D3800EB6A43F48033EB62EB6A43F40033EB6203
:101D4800EB6A43F48023EB62EB6A43F00103EB6236
:101D58002B6843F080732B60FEF710FD044605E006
:101D6800FEF70CFD001B02283FF62BAF33689A01E3
:101D7800F6D56EE642F480221A601A6842F4803280
:101D88001A60CFE5174D41F288372B6F23F0010316
:101D98002B672B6F23F004032B67FEF7EFFC064637
:101DA80005E0FEF7EBFC801BB8423FF60AAF2B6F4D
:101DB8009807F6D431E6EB68226A23F07C5343EAAD
:101DC8000263EB602368F3E5064A136F43F00103EF
:101DD8001367E6E642F004021A671A6F42F001023E
:101DE8001A67DEE6004402580CFCFFFF0700FFFFFD
:101DF800474A136903F03803102B04D0182B0DD071
:101E08001BB14448704744487047136899064AD53F
:101E180013684248C3F3C103D8407047936A30B48B
:101E2800946AD56A14F47C7F516BC4F3051038D0DA
:101E3800C1F3CC0105F0010503F0030305FB01F133
:101E4800012B07EE901AB8EEE77A02D0022B2CD0BD
:101E580093B307EE900A9FED325AF8EEE77A136BC8
:101E6800C5EE276ADFED2F5AC3F3080307EE903A51
:101E7800B7EE006AF8EEE77AE7EE257A77EE867A2B
:101E880066EEA76A224B1B6BC3F34623013307EEAA
:101E9800903AB8EEE77AC6EE877AFCEEE77A17EE64
:101EA800900A30BC70471D48704707EE900A9FEDB6
:101EB8001E5AF8EEE77AD2E713689B0620D5146815
:101EC80007EE900A1549F7EE005A136BC4F3C104E4
:101ED800F8EEE77A9FED135AC3F30803E14006EEE4
:101EE800903A06EE101AF8EEE66AB8EEC66AE7EE21
:101EF800056A86EE277A76EEA56A66EE876AC1E7F6
:101F080007EE900A9FED095AF8EEE77AA7E700BFB7
:101F18000044025800093D000024F4000090D0035A
:101F28000024744A000000390024744B0024744CC7
:101F3800002800F00281874A136803F00F038B42E0
:101F48002DE9F04104460D460CD2136823F00F0327
:101F58000B431360136803F00F038B4202D0012078
:101F6800BDE8F08123685F070BD57B4920698A6942
:101F780002F07002904204D98A6922F0700202438A
:101F88008A611E070BD574496069CA6902F070023C
:101F9800904204D9CA6922F070020243CA61D80685
:101FA8000BD56D49A069CA6902F4E062904204D970
:101FB800CA6922F4E0620243CA6199060BD56649F0
:101FC800E0690A6A02F07002904204D90A6A22F0B3
:101FD800700202430A629A0740F1A1805E48E168F4
:101FE800826902F00F02914204D9826922F00F023D
:101FF8000A438261D80730D5574AA168936923F408
:1020080070630B43936161681368022900F097803D
:10201800032900F08E80012900F0978058079ED58B
:102028004D4E41F28838336923F007030B4333617F
:10203800FEF7A4FB074605E0FEF7A0FBC01B4045E2
:1020480000F281803369626803F03803B3EBC20F92
:10205800F2D12368990706D5E1683F48826902F002
:102068000F028A425FD83B490A6802F00F02AA426F
:102078000AD90A6822F00F022A430A600A6802F0A5
:102088000F02AA427FF46BAF5A070BD53249206979
:102098008A6902F07002904204D28A6922F07002C2
:1020A80002438A611F070BD52B496069CA6902F090
:1020B8007002904204D2CA6922F070020243CA61D7
:1020C800DE060BD52449A069CA6902F4E062904291
:1020D80004D2CA6922F4E0620243CA619D060BD5A4
:1020E8001D4AE169136A03F07003994204D2136A26
:1020F80023F070030B431362FFF77AFE164A034678
:10210800164892691649C2F30322825C0E2002F037
:102118001F02D340BDE8F0410B60FEF7CDBADA07E5
:102128003FF56AAF9FE7826922F00F021143816190
:1021380099E79F013FF574AF11E7012070479B03B2
:102148003FF56EAF0BE703200AE7DE053FF568AF02
:1021580005E700BF002000520044025868F7000855
:102168004402002408B501F095F9064B06499B691D
:10217800064A03F00F03CB5C03F01F03D84010603E
:1021880008BD00BF0044025868F700084802002450
:1021980010B501F07FF90949094A8B69094C03F028
:1021A8000F03D35C03F01F03D8402060CB69C3F34F
:1021B8000213D35C03F01F03D84010BD004402583B
:1021C80068F700084802002410B501F063F90949CE
:1021D800094A8B69094C03F00F03D35C03F01F0312
:1021E800D8402060CB69C3F30223D35C03F01F03FC
:1021F800D84010BD0044025868F70008480200247F
:10220800F8B53A4CA36A03F00303032B67D023689D
:1022180006460F4623F080632360FEF7AFFA0546B3
:1022280004E0FEF7ABFA431B022B56D823681A01C9
:10223800F7D4A36A326823F47C3343EA0233A362F7
:10224800D6E90232013B013A5B0212049BB202F466
:10225800FE0213437268013AC2F30802134332695B
:10226800013A120602F0FE421343A363E36A72695D
:1022780023F0C0031343E362E26AB36922F0200249
:102288001A431B4BE262E26A22F01002E262E16B3F
:10229800F2690B4043EAC203E363E36A43F01003C5
:1022A800E362E36AEFB1012F0CBF43F4801343F4F8
:1022B8000013E3620D4C236843F080632360FEF74C
:1022C8005DFA054604E0FEF759FA401B022804D8D7
:1022D80023681B01F7D50020F8BD0320F8BD0120B5
:1022E800F8BD43F40023E362E4E700BF004402586A
:1022F8000700FFFFF8B53A4CA36A03F00303032B6A
:1023080067D0236806460F4623F080532360FEF704
:1023180035FA054604E0FEF731FA431B022B56D87E
:1023280023689A00F7D4A36A326823F07C7343EADF
:102338000253A362D6E90232013B013A5B0212045E
:102348009BB202F4FE0213437268013AC2F3080218
:1023580013433269013A120602F0FE421343236422
:10236800E36A726923F440631343E362E26AB36980
:1023780022F400721A431B4BE262E26A22F4807272
:10238800E262616CF2690B4043EAC2036364E36A88
:1023980043F48073E362E36AEFB1012F0CBF43F4A7
:1023A800000343F08073E3620D4C236843F08053CD
:1023B8002360FEF7E3F9054604E0FEF7DFF9401B6A
:1023C800022804D823689B00F7D50020F8BD032015
:1023D800F8BD0120F8BD43F48003E362E4E700BFE1
:1023E800004402580700FFFF2DE9F843036804463C
:1023F80013F0006622D0426EB2F5001F00F0CE84C2
:1024080011D8002A00F0F884B2F5801F40F0F1845A
:1024180002210430FFF7F4FE0646002E40F08684C1
:10242800626E236803E0B2F5401F40F0E284A848DA
:102438000026016D21F440110A430265DD050AD525
:10244800626D042A06D8DFE812F0A20493049A0405
:10245800DF02DF020126354698051BD5A26D802ACA
:1024680000F05B8400F2EC80002A00F08B83402AA5
:1024780040F0ED800021201DFFF7C2FE23680546CD
:10248800002D40F067839249A06D0A6D22F4E07236
:1024980002430A6559051FD5D4F8A420B2F5800F68
:1024A80000F0478400F2D680002A00F07183B2F56C
:1024B800001F40F0D7800021201DFFF7A1FE2368F0
:1024C8000546002D40F044838149D4F8A4008A6D64
:1024D80022F4600202438A651A051FD5D4F8A820A1
:1024E800B2F1007F00F02E8400F2BF80002A00F0D5
:1024F8005583B2F1807F40F0C0800021201DFFF796
:102508007FFE23680546002D40F02A837049D4F8E1
:10251800A8008A6D22F0E06202438A659F0118D5FF
:10252800A26C202A00F0DA8300F2AA803AB1102ABD
:1025380040F0A9806649CA6A42F40032CA62002D96
:1025480040F059836249A06CCA6C22F03002024301
:10255800CA64D8041DD5E26DB2F5005F00F0FB83B4
:1025680000F29480002A00F01F83B2F5805F40F0EB
:1025780095800021201DFFF743FE23680546002DA6
:1025880040F0EC825249E06D0A6D22F4E0420243C9
:102598000A6599041AD5226EB2F5003F00F07483DB
:1025A8007FD84AB1B2F5803F40F083800121201DD9
:1025B800FFF726FE23680546002D40F01E83444998
:1025C800206E0A6D22F4E02202430A655A041BD5E4
:1025D800D4F8AC20B2F1005F00F060836CD842B14F
:1025E800B2F1805F70D10121201DFFF709FE236839
:1025F8000546002D40F003833549D4F8AC008A6DB8
:1026080022F0E04202438A651F040DD5E26EB2F162
:10261800805F00F03183B2F1005F00F00182002A90
:1026280000F0048201263546D8015DD5626C032A84
:1026380000F20A84DFE812F0540017034E00540039
:10264800C02A3FF41DAFB2F5807F3FF419AF0126D1
:1026580035461FE7B2F5C00F3FF433AFB2F5000FB0
:102668003FF42FAF0126354636E7B2F1407F3FF4FD
:102678004AAFB2F1806F3FF446AF012635464DE7C9
:10268800302A3FF45CAF0126354662E7B2F5405F79
:102698003FF475AFB2F5804F3FF471AF0126354670
:1026A80077E722F48031B1F5802F85D0B2F5403F2D
:1026B80082D00126354689E722F08051B1F1804F5A
:1026C80097D0B2F1405F94D0012635469CE700BF11
:1026D800004402580221201DFFF792FD2368054699
:1026E800002D00F06B822E46590200F1F081DF07C1
:1026F8002FD5A26F282A2AD8DFE812F0D3012900A3
:102708002900290029002900290029006D03290032
:10271800290029002900290029002900CC012900C5
:10272800290029002900290029002900D3012900AE
:10273800290029002900290029002900D30129009E
:10274800290029002900290029002900D301012690
:102758003546980716D5626F052A00F27883DFE8B8
:1027680012F00D00300306000D000D000D000121D0
:1027780004F12400FFF7BEFD23680546002D00F094
:1027880025822E46590717D5D4F89020052A00F23D
:102798006183DFE812F00D000C0306000D000D0048
:1027A8000D00012104F12400FFF7A4FD236805466C
:1027B800002D00F013822E469A061DD5D4F88C20E1
:1027C800B2F1005F00F0458200F2DC804AB1B2F15C
:1027D800805F40F0E1800021201DFFF711FD236894
:1027E8000546002D40F00582A949D4F88C004A6DB1
:1027F80022F0E04202434A655F061DD5D4F89820CE
:10280800B2F5006F00F0548200F2C9804AB1B2F507
:10281800806F40F0CE800021201DFFF7F1FC236877
:102828000546002D40F0C8819949D4F898008A6D72
:1028380022F4E05202438A6518061DD5D4F89C207C
:10284800B2F5804F00F03F8200F2B6804AB1B2F58F
:10285800005F40F0BB800021201DFFF7D1FC2368FA
:102868000546002D40F0A6818949D4F89C008A6D60
:1028780022F4604202438A6519070BD5D4F8801008
:10288800B1F5805F00F03E828148426D22F44052EB
:102898000A434265DA060BD5D4F89410B1F5807F67
:1028A80000F025827A48826D22F440720A438265DC
:1028B8001F030ED5D4F8A010B1F5803F00F0D480E6
:1028C800B1F5003F00F0D780002900F0BA81012659
:1028D800354658030FD5D4F88420B2F5001F00F010
:1028E800B080B2F5401F00F0B380B2F5801F00F051
:1028F800A08101263546D90309D5E26C002A00F0EB
:102908008681B2F5803F00F02D81012635469A0078
:1029180000F1D2809F035CD4301E18BF0120DE0274
:1029280006D55B49256F0A6D22F000422A430A65E5
:10293800DD0007D55649D4F8B4500A6922F480421C
:102948002A430A61990206D55149A56E0A6D22F0FB
:1029580080722A430A655A0009D54D4A116921F443
:10296800004111611169D4F8B85029431161002B55
:1029780006DA474A216DD36C23F040530B43D364E6
:10298800BDE8F88322F08051B1F1804F3FF429AFC0
:10299800B2F1405F3FF425AF012635462CE722F41B
:1029A8008061B1F5805F3FF43CAFB2F5406F3FF412
:1029B80038AF012635463FE722F40051B1F5004F04
:1029C8003FF44FAFB2F5C04F3FF44BAF0126354649
:1029D80052E7E26FB2F5807F00F0228106D922F437
:1029E8008071B1F5007F03D0012098E7002AFBD160
:1029F800002DF9D1264D301E696D18BF012021F434
:102A080040710A436A658AE73546002D40F0A48084
:102A18001F49606D0A6D22F0070202430A651BE533
:102A28000121201DFFF7ECFB23680546002D40F02F
:102A3800DE801749E06E0A6D22F0405202430A65B3
:102A4800F2E5012104F12400FFF754FC2368054650
:102A5800002D40F0DA800E49D4F884004A6D22F443
:102A6800401202434A6546E7022104F12400FFF7B9
:102A780041FC23680546002D40F0C5800449D4F880
:102A8800A0008A6D22F4403202438A6521E700BF24
:102A980000440258012104F12400FFF72BFC2368AD
:102AA8000546002D40F0AD80AF49A06F4A6D22F079
:102AB800380202434A654CE6022104F12400FFF77C
:102AC80019FC236800283FF425AF012622E7A74F09
:102AD8003B6843F480733B60FDF750FE804606E098
:102AE800FDF74CFEA0EB0800642800F27E813B68ED
:102AF800DA05F5D5002D40F0A4819B4AD4F8B03012
:102B0800116F594011F4407F0BD0116F106F21F4F1
:102B1800407140F480301067106F20F480301067E7
:102B28001167B3F5807F00F06E8103F44072B2F54F
:102B3800407F00F07C818C490A6922F47C520A614A
:102B4800894AC3F30B03116F0B4313672368CEE560
:102B58002E46C1E42E469DE42E467DE42E4618E519
:102B68002E46DBE40221201DFFF74AFB05462368B9
:102B7800002D53D17C49E06CCA6C22F480320243A8
:102B8800CA64C4E67849CA6A42F40032CA6277E481
:102B98007549CA6A42F40032CA6292E47249CA6A42
:102BA80042F40032CA62AEE46F49CA6A42F40032A3
:102BB800CA62E4E42E465FE62E463DE66A49606C4A
:102BC800CA6C22F003020243CA648DE56649606F4D
:102BD8004A6D22F0070202434A65D3E56249D4F8F8
:102BE80090008A6D22F0070202438A65E4E52E46CA
:102BF8001AE52E4600E62E46ABE42E46E6E42E46BF
:102C080002E52E46A5E52E4663E62E4673E65649AE
:102C1800CA6A42F40032CA62002DABD02E4676E66C
:102C28005148C16A41F40031C162002D7FF4DCAE25
:102C3800E0E64D49CA6A42F40032CA62002DE4D186
:102C480009E7201DFFF7DCFA05462368002DDAD1D5
:102C580014E7022104F12400FFF74CFB0546236822
:102C6800002DC6D1C0E54049CA6A42F40032CA62A2
:102C7800002D7FF438ADA1E73B49CA6A42F400321F
:102C8800CA62002DB3D1D4E6012104F12400FFF774
:102C980031FB05462368002DAFD190E4012104F1F2
:102CA8002400FFF727FB05462368002DA7D1A3E4DE
:102CB800022104F12400FFF71DFB05462368002DBF
:102CC8007FF47AAFB0E5022104F12400FFF712FB8C
:102CD80005462368002D7FF46DAFC5E50221201D50
:102CE800FFF78EFA05462368002D84D12AE40221D5
:102CF80004F12400FFF7FEFA236800283FF4D8AD5A
:102D08000126D5E5022104F12400FFF7F3FA236830
:102D180000283FF4BFAD0126BCE5002104F12400E2
:102D2800FFF7E8FA23680546FFF7AABB2368FFF711
:102D380085BB002104F12400FFF7DCFA236805466F
:102D4800FFF7BFBB002104F12400FFF7D3FA236883
:102D58000546FFF7D8BB002104F12400FFF7CAFAA3
:102D6800236805460BE400BF004402580048025897
:102D78000021201DFFF744FA2368054645E6002197
:102D880004F12400FFF7B6FA236805463DE6334907
:102D98003546CA6A42F40032CA6236E60221243055
:102DA800FFF7A8FA0646002E3FF43AABBEE701212A
:102DB800201DFFF725FA05462368002D7FF4FBAC9C
:102DC8000CE70121201DFFF71BFA05462368002D9B
:102DD8007FF4D7ACFAE60121201DFFF711FA05466A
:102DE8002368002D7FF40DAF5EE603262368354681
:102DF8007DE40126FFF722BB1848C16A41F400317F
:102E0800C162FFF714BBFDF7B9FCDFF85080074635
:102E180041F2883904E0FDF7B1FCC01B4845E4D80D
:102E2800D8F870309B07F6D5D4F8B0307DE60B485B
:102E38000B4A016902EA131221F47C510A43026128
:102E48007EE623682E4652E4012635464CE40126E8
:102E5800354697E401263546AEE400BF00440258E3
:102E6800CFFFFF0008B5FFF77DF9054B054A1B6A40
:102E7800C3F30213D35C03F01F03D84008BD00BF9F
:102E88000044025868F70008584B70B4996A9D6A64
:102E9800DE6A15F47C3FC5F30532DC6B5CD0C4F305
:102EA800CC0406F0100601F0030106FB04F4012926
:102EB80007EE904AB8EEE77A03D0022975D00029C8
:102EC8004FD007EE902ADFED4A6AF8EEE77A9B6B5F
:102ED80086EEA76A9FED475AC3F3080306EE903AB9
:102EE800F7EE005AF8EEE66AE7EE056A76EEA56AAE
:102EF80066EE266A3D4AB7EE006A936BC3F3462333
:102F080007EE103AB8EEC77A70BC37EE067AC6EE0E
:102F1800877AFCEEE77AC0ED007A936BC3F3064339
:102F280007EE103AB8EEC77A37EE067AC6EE877A19
:102F3800FCEEE77AC0ED017A936BC3F3066307EE04
:102F4800903AF8EEE77A77EE867A86EEA77ABCEEC4
:102F5800C77A80ED027A704770BCC0E900228260AF
:102F680070471968890627D51C6807EE902A2249F8
:102F7800F7EE005A9B6BC4F3C102F8EEE77A9FEDB7
:102F88001D5AC3F30803D14006EE903A06EE101A14
:102F9800F8EEE66AB8EEC66AE7EE056A86EE277AC4
:102FA80076EEA56A66EE876AA4E707EE902ADFED5B
:102FB800136AF8EEE77A8AE707EE902A9FED105A2F
:102FC8009B6BB7EE006AF8EEE77ADFED0A5AC3F3B7
:102FD8000803C5EE276A07EE903AF8EEE77AE7EEBF
:102FE800257A77EE867A66EEA76A83E70044025868
:102FF8000024744A000000390090D0030024744B68
:103008000024744C584B70B4996A9D6ADE6A15F0B6
:103018007C7FC5F305525C6C5CD0C4F3CC0406F429
:10302800807601F0030106FB04F4012907EE904ABB
:10303800B8EEE77A03D0022975D000294FD007EE01
:10304800902ADFED4A6AF8EEE77A1B6C86EEA76AEB
:103058009FED475AC3F3080306EE903AF7EE005A7D
:10306800F8EEE66AE7EE056A76EEA56A66EE266A87
:103078003D4AB7EE006A136CC3F3462307EE103AD5
:10308800B8EEC77A70BC37EE067AC6EE877AFCEEE1
:10309800E77AC0ED007A136CC3F3064307EE103AE3
:1030A800B8EEC77A37EE067AC6EE877AFCEEE77A8C
:1030B800C0ED017A136CC3F3066307EE903AF8EE9D
:1030C800E77A77EE867A86EEA77ABCEEC77A80ED45
:1030D800027A704770BCC0E90022826070471968A4
:1030E800890627D51C6807EE902A2249F7EE005A70
:1030F8001B6CC4F3C102F8EEE77A9FED1D5AC3F3C7
:103108000803D14006EE903A06EE101AF8EEE66A89
:10311800B8EEC66AE7EE056A86EE277A76EEA56A05
:1031280066EE876AA4E707EE902ADFED136AF8EEE9
:10313800E77A8AE707EE902A9FED105A1B6CB7EEE4
:10314800006AF8EEE77ADFED0A5AC3F30803C5EE22
:10315800276A07EE903AF8EEE77AE7EE257A77EEF7
:10316800867A66EEA76A83E7004402580024744A08
:10317800000000390090D0030024744B0024744CE4
:10318800584B70B4996A9D6ADE6A15F47C7FC5F362
:1031980005125C6B5CD0C4F3CC0406F0010601F0A8
:1031A800030106FB04F4012907EE904AB8EEE77A1A
:1031B80003D0022975D000294FD007EE902ADFED01
:1031C8004A6AF8EEE77A1B6B86EEA76A9FED475AC4
:1031D800C3F3080306EE903AF7EE005AF8EEE66AF3
:1031E800E7EE056A76EEA56A66EE266A3D4AB7EE10
:1031F800006A136BC3F3462307EE103AB8EEC77A9A
:1032080070BC37EE067AC6EE877AFCEEE77AC0ED38
:10321800007A136BC3F3064307EE103AB8EEC77A89
:1032280037EE067AC6EE877AFCEEE77AC0ED017AC9
:10323800136BC3F3066307EE903AF8EEE77A77EE7E
:10324800867A86EEA77ABCEEC77A80ED027A704756
:1032580070BCC0E90022826070471968890627D5CA
:103268001C6807EE902A2249F7EE005A1B6BC4F33C
:10327800C102F8EEE77A9FED1D5AC3F30803D14067
:1032880006EE903A06EE101AF8EEE66AB8EEC66A4E
:10329800E7EE056A86EE277A76EEA56A66EE876A15
:1032A800A4E707EE902ADFED136AF8EEE77A8AE7DB
:1032B80007EE902A9FED105A1B6BB7EE006AF8EEE6
:1032C800E77ADFED0A5AC3F30803C5EE276A07EE6B
:1032D800903AF8EEE77AE7EE257A77EE867A66EEA8
:1032E800A76A83E7004402580024744A00000039A2
:1032F8000090D0030024744B0024744CB0F5807FF8
:1033080000B585B048D0B0F5007F11D0B0F5806F1A
:1033180000F08280B0F5006F52D0B0F5805F2CD0FD
:10332800B0F5002F00F09680002005B05DF804FB92
:10333800534A136D03F4E073802B59D012D9C02B74
:1033480026D0B3F5807FEFD1D36C13F040535BD018
:10335800B3F1805F00F08D80B3F1005F494818BF7A
:103368000020E2E7002B3CD0402BDDD101A8FFF77D
:103378008BFD019805B05DF804FB414A136D03F419
:10338800E043B3F5005F33D029D9B3F5405F58D196
:103398003D4805B05DF804FB394B1B6D03F007038E
:1033A800042BC1D801A252F823F000BFEB33000868
:1033B80075330008F933000899330008073400080A
:1033C8002F4A936D03F0E063B3F1007F10D01DD94D
:1033D800B3F1407FDCD0B3F1806FB5D0A4E7002B08
:1033E80034D101A8FFF7CCFE029805B05DF804FBC4
:1033F80001A8FFF707FE019805B05DF804FB204B14
:10340800DB6C13F04053A3D120488EE7002BE8D0A3
:10341800B3F1807FAAD087E7194A936D03F460035C
:10342800B3F5800FE4D005D8002BDAD0B3F5001F30
:103438009CD079E7B3F5C00FAAD0B3F5000F83D0BD
:1034480072E7B3F5804F3FF47FAF6DE7B3F5805F68
:103458008CD069E70A4A936D03F44033B3F5803F93
:1034680009D0B3F5003F3FF46FAF002B7FF45CAF9A
:103478007CE7074859E701A8FFF7C4FD039854E71C
:10348800004402580024F4000080BB000090D003E0
:1034980000093D0008B5FEF7ABFC064B06499B69E1
:1034A800064AC3F30323CB5C03F01F03D840106024
:1034B80008BD00BF0044025868F700084402002411
:1034C800143001F065BA00BF38B500F114050446A0
:1034D8002DED028B284601F017FA284601F010FA64
:1034E8002846B0EE408A01F0F9F9D0ED007AF8EEFE
:1034F800677A88EE277ABDEC028B84ED0E7A38BDA8
:1035080038B500F1140504462DED028B284601F06C
:10351800E9F9284601F0F4F92846B0EE408A01F0AE
:10352800DDF9D0ED007AF8EE677A88EE277ABDECFF
:10353800028B84ED0E7A38BD10B540F203338EB09D
:1035480000244FF60B7240F20341ADF8083009A889
:103558000123ADF81020ADF824202246ADF80C1058
:103568000094029907940C94CDE90544CDE90A44E6
:1035780001F048FA04A8012322460399009401F0B7
:1035880041FA09A801F024FB10B901200EB010BDC2
:1035980004A801F01DFBA0420CBF022020460EB07B
:1035A80010BD00BF2DE9F04103239AB00127002484
:1035B8000646CDE914373B4BCDE9104340F204539E
:1035C800CDE91647ADF84830FFF7B6FFB8420546D3
:1035D80025D0022845D040F60132334B0DF12C0896
:1035E8001894ADF82C200B981997CDF84A3000F0B4
:1035F800E3F810A906F13C0002F026FB3020032274
:103608004FF07E5341460D930E93CDE90B02F26BBA
:1036180006F1140001F02AF91AB0BDE8F081102370
:10362800214A06A906908DF828300DF12C081F4B69
:10363800CDF84A2007930294CDE91804CDE908048F
:1036480002A801F037FD0823029A03A94046ADF805
:103658000C508DF80E40049505930B9400F0ECF88F
:10366800C7E700200121104B0DF12C083A460094C1
:10367800CDF84A304FF60B730C94ADF82C30234636
:10368800CDE9180140F601314046ADF81810069909
:10369800CDE90D4401F0B6F92146404601F0A4FAFF
:1036A800A7E700BF04020404040604030704010B8F
:1036B8002DE9F04704462DED028B82B000294DD04C
:1036C800012140F2011200230091ADF804208DF889
:1036D8000630364A0127364B04F10409354904F10E
:1036E8002908626040F20272A36040F60663E16056
:1036F80004F1250AA4F82520A4F82930278284F8A3
:10370800277084F82B7003F0CFFD054603F032FCD8
:103718006946064650BB4DB304F130008DF806707B
:1037280003F04AFD072D3CD104F114052046FFF7AC
:1037380039FF284601F0E4F82846B0EE408A01F047
:10374800CDF8D0ED007AF8EE677A88EE277A84ED26
:103758000E7A02B0BDEC028BBDE8F08740F201138F
:1037680000918DF80610ADF80430B2E704F130008E
:1037780003F022FD072D11D04946204601F0E4FE52
:103788000EB9002DD0D1504601F038FA404601F06C
:1037980035FA04F1120000F079F9C5E7002EF2D1EC
:1037A800C2E74946204601F0CFFEBDE705080509F6
:1037B80005070506050A060610B584B00346012468
:1037C800ADF8040003A8ADF80C30ADF80E4001F0D8
:1037D80015FA214603A801F0EDFA204603F0C8FBCC
:1037E800002103A801F0E6FA204603F0C1FB2146B8
:1037F80003A801F0DFFA04B010BD00BF10B5C2F392
:10380800002384B00C46017C8DF80D2043EA440265
:10381800FA2402238DF80C2003AA009401F0E0FC9E
:1038280018B10124204604B010BD04460A2003F054
:103838009FFB204604B010BD034670B543F8042B27
:10384800044684B007C983E80700A37983B91A211D
:103858000B461E22FA2523742046ADF80C200223BD
:1038680003AA009501F0BCFC28B1012004B070BD8A
:103878001B210B46EDE70A2003F07AFB4FF4B85200
:1038880000950223ADF80C20204603AA217C01F004
:10389800A7FC0028E9D10A2003F06AFB41F2027272
:1038A80000950223ADF80C20204603AA217C01F0E4
:1038B80097FC0028D9D10A2003F05AFB042200956E
:1038C8000223ADF80C20204603AA217C01F088FCD5
:1038D8000028CAD10A2003F04BFB062200950223D8
:1038E800ADF80C20204603AA217C01F079FC0028C1
:1038F800BBD10A2003F03CFB41F2082200950223C9
:10390800ADF80C20204603AA217C01F069FC0028B0
:10391800ABD10A20064603F02BFB0095022303AA2D
:10392800217C2046ADF80C6001F05AFC00289CD19F
:10393800304603F01DFB009522790C232046002A0F
:103948008DF80C3003AA4FF0020314BF6221422104
:103958008DF80D10217C01F043FC002885D13046FC
:1039680003F006FB2279D4E902310B43DBB20AB932
:1039780043F0400362790AB143F020030E22FA258E
:103988008DF80D302046009502238DF80C2003AAEF
:10399800217C01F025FC00287FF467AF0A2003F0A2
:1039A800E7FA102200950223ADF80C20204603AA5E
:1039B800217C01F015FC00287FF457AF0A2003F0A2
:1039C800D7FA122100950223ADF80C1003AA217C26
:1039D800204601F005FC00287FF447AF0A2003F0D9
:1039E800C7FA012209212046FFF708FF003818BF4F
:1039F80001203BE7F0B5102387B0234C01220025B6
:103A08000126002702A920460195CDE902234FF49B
:103A18008052CDE9046706F019FD6420FCF7B4FE76
:103A280002A94FF480522046CDE9046702261027E8
:103A3800CDE9026706F00AFD0322102302A92046F9
:103A4800CDE9022300230422CDE904234FF4805258
:103A580006F0FCFC40F23223042202A90193102351
:103A68002046CDE90223019A012305924FF48052A2
:103A7800049306F0EBFC40F60601204606F006FD2E
:103A8800284607B0F0BD00BFF80300241C4B0022F5
:103A98001C494FF0400C30B5054689B002205960EA
:103AA80007219A601A620124DA620A224FF4006E32
:103AB800DC6006922022CDE9000104200821CDE92E
:103AC800020103201021CDE9040108206946C3E959
:103AD80004024FF4C072181DC3E906C24FF48052A5
:103AE800C3E909E206F088FC38B92846FFF782FFE7
:103AF800003818BF012009B030BD204609B030BDDC
:103B0800F403002440410052614A0021D0B51368F3
:103B18008EB00A91002B40F0B9805E4B01214FF620
:103B280083700C2411600221D3F8D42000260327C7
:103B380042F48052C3F8D420D3F8D42002F480523F
:103B48000092009AD3F8E02042F01002C3F8E02077
:103B5800D3F8E02002F010020192019AD3F8E02095
:103B680042F04002C3F8E020D3F8E02002F040021F
:103B78000292029AD3F8E02042F00802C3F8E0204B
:103B8800D3F8E02002F008020392039AD3F8E02069
:103B980042F48072C3F8E020D3F8E02002F4807287
:103BA8000492049AD3F8E02042F08002C3F8E0209F
:103BB800D3F8E02002F080020592059AD3F8E020BD
:103BC80042F02002C3F8E020D3F8E02002F02002FF
:103BD8000692069AD3F8E02042F00402C3F8E020E7
:103BE800D3F8E0300C9403F0040307930323079AF7
:103BF8000B93CDE9080108A9274803F091FD48F285
:103C08003712022308A925480C94CDE90823CDE9E9
:103C18000A6703F085FD4CF20372022308A92048C5
:103C28000C94CDE90823CDE90A6703F079FD40F249
:103C3800FF62022308A91B480C94CDE90823CDE9AB
:103C48000A6703F06DFD4FF60C72022308A91648A7
:103C58000C94CDE90823CDE90A6703F061FD4FF61E
:103C68003F02022308A911480C94CDE90823CDE9A5
:103C78000A6703F055FD2022022308A90A480C947C
:103C8800CDE90A67CDE9082303F04AFD0EB0D0BD9F
:103C9800F00300240044025800100258001802588B
:103CA800000C025800200258001C02580014025848
:103CB8002DE9F04FDFF8108406460D46144608F14A
:103CC80018002DED028B89B000AF02F0B5F8D8F8D6
:103CD800183073B3D8F81C30D8F80490002B436917
:103CE8000BBF4FF0080A4FF0100A4FF0020B4FF0CD
:103CF800040BB9F1000F2AD0A200EA46012B02F109
:103D0800070222F00702ADEB020D6846ADEB020D8B
:103D1800694600F03F81022B00F0D680002B6FD05F
:103D28002246C847D5462437BD46BDEC028BBDE8C0
:103D3800F08FD8F81C30002BF5D0D8F804904FF04D
:103D4800080A4FF0020B4369B9F1000FD4D1FB61A7
:103D5800D8F80030BB61002BE5D0D54802F0DEF87A
:103D68006B46BBF1020F786108EE103AFB6900F070
:103D780083816A465146A2EBC40295466200EA4630
:103D8800B2FBFBF2AAEBC40085460AEB8200EE46C2
:103D9800F861ADEB010DF8690EEB820CC7F810C0A5
:103DA800EC46ADEB010D00EB8201CCF80400CCF839
:103DB800081001EB82013869E946CCF80C1000EBD9
:103DC8008201CCF800A001EB8202C9E900E0C9E950
:103DD8000212012B00F06483022B00F06C82002B8E
:103DE80000F08081620849466046BB69984718EE32
:103DF800103A24379D46BD46BDEC028BBDE8F08FD6
:103E0800002C8DD01A46D8ED0C6A9FEDB27A844604
:103E1800331D36F922E00CF1080C07EE90EA33F96D
:103E280022E00232F8EEE77A944267EE877A67EE8C
:103E3800A67A4CED027A07EE90EAF8EEE77A67EE9A
:103E4800877A67EEA67A4CED017AE2D8F9612246C4
:103E5800C847984ED8ED0D6A0020F9692B1D9FEDD3
:103E68009E7A9FED9E6ADFED9E5A22E0F4EEC67AB6
:103E7800F1EE10FAC0F2C88447F6FE72D1ED017A6D
:103E880045F8202066EEA77AF4EEC77AF1EE10FA2C
:103E980040F2F080F4EEC67AF1EE10FAC0F2D58462
:103EA80047F6FE7243F820200230083184427FF63C
:103EB80039AFD1ED007A66EEA77AF4EEC77AF1EE63
:103EC80010FAD3D83246D9E7002C3FF429AFD8ED01
:103ED8000C6A84469FED787A0022331D8E4656F888
:103EE80022100CF1080C07EE901A53F82210023237
:103EF800F8EEE77A944267EE877A67EEA67A4CED99
:103F0800027A07EE901AF8EEE77A67EE877A67EE9C
:103F1800A67A4CED017AE2D871462246C7F81CE031
:103F2800C847664ED8ED0D6A0020F9692B1D9FED34
:103F38006A7A9FED6A6ADFF894C120E0F4EEC67AE7
:103F4800F1EE10FAC0F279843246D1ED017A45F8E3
:103F5800202066EEA77AF4EEC77AF1EE10FA40F266
:103F68008780F4EEC67AF1EE10FAC0F25E8432462B
:103F780043F820200230083184427FF6D3AED1EDD9
:103F8800007A66EEA77AF4EEC77AF1EE10FAD5D881
:103F98006246DAE7002C3FF4C3AED8ED0C6A8646D9
:103FA8009FED477A4FF0000C331D56F82C200EF188
:103FB800080E82F40002A2F5000207EE902A53F8D8
:103FC8002C200CF1020CF8EEE77A82F4000264452A
:103FD800A2F5000267EE877A67EEA67A4EED027ABE
:103FE80007EE902AF8EEE77A67EE877A67EEA67A08
:103FF8004EED017AD9D8F9612246C847314ED8ED3D
:104008000D6A0020F9692B1D9FED337A9FED336A05
:10401800DFF8BCC01FE0F4EEC67AF1EE10FAC0F289
:10402800FC833246D1ED017A45F8202066EEA77A66
:10403800F4EEC77AF1EE10FA18D9F4EEC67AF1EE7A
:1040480010FAC0F2DA83324643F8202002300831F1
:1040580084427FF667AED1ED007A66EEA77AF4EE79
:10406800C77AF1EE10FAD6D86246DBE76246EBE78C
:1040780062467DE7324615E7A100D6466208073159
:1040880021F00701ADEB010DEA46ADEB010D6946E4
:10409800ADEB0E0D0AEB8200EC46ADEB0E0D01EB1D
:1040A8008202F861E946CCE900A0C9E9001290E66D
:1040B800480400240280FFFF000000300082FF7FD8
:1040C8000000003482FF7F002C040024007E008062
:1040D8007E0080FF0000003804FF7FBF04FF7F3FA1
:1040E80000FEFF46002C00F0C982BBF1020FD8F891
:1040F800242000F0FA827969C7F8049002EB810E57
:104108005FED0C5A8A00DCF808100EF104007A61A1
:104118001A46DCF80C303B61331DD7F810903D612E
:10412800FD69C7E902CB8C46834636F92210D8EDE3
:104138000C7A06EE101A33F9221006EE901A3EF9A0
:104148002210B8EEC66A07EE101AF8EEE66A3BF9D6
:104158002210B8EEC77A26EE256A66EEA56A27EE23
:10416800257A26EE276A66EEA76A27EE277A07EEF3
:10417800901A51080232F8EEE77A0AEB810094426D
:1041880080ED006A05EB810067EEA57AC0ED006A54
:104198000CEB810009EB810180ED007A98ED0C7A37
:1041A80067EE877AC1ED007ABFD8D7F804903D69E9
:1041B800D7E902CB60466208BB6949469847D8F8F8
:1041C8002C307A69D8ED0D6A1A441FED3D7A1FED3F
:1041D8003D6A2B1D904602F1040A5FED3F5A00220A
:1041E800A84ED9E900EC51E0F4EEC67AF1EE10FAE7
:1041F800C0F2C78247F6FE7045F822000CEB0100BA
:10420800D0ED007A66EEA77AF4EEC77AF1EE10FAEE
:104218004BD9F4EEC67AF1EE10FAC0F2BA8247F63C
:10422800FE70BBF1020F43F822002BD0D9F808002A
:104238000844D0ED007A66EEA77AF4EEC77AF1EE7C
:1042480010FA36D9F4EEC67AF1EE10FAC0F2CD8241
:1042580047F6FE7048F82200D9F80C000144D1ED69
:10426800007A66EEA77AF4EEC77AF1EE10FA1ED954
:10427800F4EEC67AF1EE10FAC0F2AF8247F6FE719C
:104288004AF82210023294427FF6B1AD51080EEB83
:1042980081008900D0ED007A66EEA77AF4EEC77A3D
:1042A800F1EE10FAA0D83046A6E73046B9E7314615
:1042B800E6E73046CEE7002C00F0E081BBF1020FC4
:1042C800D8F8243000F0E1817A69DCF8081003EBB3
:1042D800820EC7F804909300DFED6B5A0EF10400CC
:1042E80000227B61DCF80C303B61331DD7F810905D
:1042F8003D61FD69C7E902CB8C46834656F822101A
:10430800D8ED0C7A07EE101A53F82210B8EEC76AE7
:1043180007EE101A5EF82210F8EEC76A07EE101AB8
:1043280026EE256A5BF82210B8EEC77A66EEA56A13
:1043380026EE276A27EE257A66EEA76A27EE277A01
:1043480007EE901A51080232F8EEE77A0AEB81007C
:10435800944280ED006A05EB810067EEA57AC0ED16
:10436800006A0CEB810009EB810180ED007A98ED81
:104378000C7A67EE877AC1ED007ABFD8D7F8049037
:104388003D69D7E902CB60466208BB694946984750
:10439800D8F82C307A69D8ED0D6A1A449FED3E7A28
:1043A8009FED3E6A131D9246DFF8E4C00022FB61D0
:1043B8002B1D364ED9E9008E4EE0F4EEC67AF1EEAA
:1043C80010FAC0F2FC81304645F822000EEB0100DD
:1043D800D0ED007A66EEA77AF4EEC77AF1EE10FA1D
:1043E80049D9F4EEC67AF1EE10FAC0F2EF81304600
:1043F800BBF1020F43F822002AD0D9F8080008447C
:10440800D0ED007A66EEA77AF4EEC77AF1EE10FAEC
:1044180035D9F4EEC67AF1EE10FAC0F2C981304609
:104428004AF82200D9F80C000144D1ED007A66EE72
:10443800A77AF4EEC77AF1EE10FA1ED9F4EEC67A2E
:10444800F1EE10FAC0F2AD813146F86940F8221059
:10445800023294427FF6CBAC510808EB8100890008
:10446800D0ED007A66EEA77AF4EEC77AF1EE10FA8C
:10447800A3D86046A8E76046BAE76146E5E7604624
:10448800CEE700BF0280FFFF000000300082FF7F00
:10449800007E00800000003404FF7FBF04FF7F3FE0
:1044A800002C00F0EB807A690021D8F82430C7F896
:1044B800109003EB820ED7F81C909300FD610EF16B
:1044C80004021FED0C6A7B61331D154656F8212046
:1044D8004808D8ED0C6ABBF1020F82F40002A2F57D
:1044E800000207EE902A53F8212082F40002B8EE69
:1044F800E77AA2F5000227EE067A07EE902A0AEB81
:104508008002F8EEE77A27EE267A67EE867A82ED61
:10451800007A09EB80024FEA800067EEA67AC2EDC6
:10452800007A27D05EF8212082F40002A2F500026A
:1045380007EE902A55F8212082F40002B8EEE77AB7
:10454800A2F5000227EE067A07EE902ADCF808208A
:10455800F8EEE77A024427EE267A67EE867A82ED4D
:10456800007A98ED0C7ADCF80C2067EE877A024422
:10457800C2ED007A02318C42A8D8D7F81090604674
:104588006208BB694946FD699847D8F82C307A69B2
:10459800D8ED0D6A1A441FED407A1FED406A131DCD
:1045A8009246DFF8C4C20022FB612B1DAB4ED9E94D
:1045B800008E4EE0F4EEC67AF1EE10FAC0F2C58035
:1045C800304645F822000EEB0100D0ED007A66EE89
:1045D800A77AF4EEC77AF1EE10FA49D9F4EEC67A62
:1045E800F1EE10FAC0F2BF803046BBF1020F43F87B
:1045F80022002AD0D9F808000844D0ED007A66EEE7
:10460800A77AF4EEC77AF1EE10FA35D9F4EEC67A45
:10461800F1EE10FAC0F2AE8030464AF82200D9F81E
:104628000C000144D1ED007A66EEA77AF4EEC77A61
:10463800F1EE10FA1ED9F4EEC67AF1EE10FAC0F2D5
:104648008B803146F86940F82210023294427FF696
:10465800CEAB510808EB81008900D0ED007A66EEF8
:10466800A77AF4EEC77AF1EE10FAA3D86046A8E765
:104678006046BAE76146E5E76046CEE72246494626
:104688006046BB699847FFF7B2BBC7F810B0002275
:1046980098ED0C6A331DDFED726AD7F81CB07869A3
:1046A80056F8221007EE901A53F82210B8EEE77A5F
:1046B80007EE901A51080232F8EEE77A27EE267ACA
:1046C8000AEB810E94420BEB810167EEA67A27EE86
:1046D800067A67EE867A8EED007AC1ED007ADFD829
:1046E8008300D7F810B07B614DE61A46C7F810B0C2
:1046F80098ED0C6A331DDFED5B6AD7F81CB078695A
:1047080036F9221007EE101A33F9221007EE901A24
:10471800B8EEC77A51080232F8EEE77A27EE267A21
:104728000AEB810E94420BEB810167EEA67A27EE25
:10473800067A67EE867A8EED007AC1ED007ADFD8C8
:104748008300D7F810B07B6134E5F0EE675AFEEECF
:10475800E45A15EE900A34E7F0EE675AFEEEE45A92
:1047680015EE901A6EE7F0EE675AFEEEE45A15EE73
:10477800900A3AE7F0EE675AFEEEE45A15EE900A10
:104788004BE767EEA57AFDEEE77A17EE900A00B2DE
:1047980032E567EEA57AFDEEE77A17EE900A00B2E9
:1047A8003FE5F0EE675AFEEEE05A15EE901A4CE639
:1047B800F0EE675AFEEEE05A15EE900A30E6F0EE9B
:1047C800675AFEEEE05A15EE900AFDE5F0EE675ADC
:1047D800FEEEE05A15EE900A0AE667EEA57AFDEEBF
:1047E800E77A17EE901A09B24AE567EEA57AFDEE68
:1047F800E77A17EE900A00B22CE5F0EE675AFEEE63
:10480800E45A15EE902A1FE467EEA57AFDEEE77AE2
:1048180017EE902A12B2FFF731BBF0EE675AFEEEA0
:10482800E45A15EE902AFFF7FDBBF0EE675AFEEE4C
:10483800E05A15EE902AFFF79BBBF0EE675AFEEEA2
:10484800E05A15EE902AFFF780BB67EEA57AFDEED9
:10485800E77A17EE902A12B2FFF724BB82FF7F0097
:1048680000000030000000387E0080FF30B5184C92
:10487800154685B0046004F1080EEC460FC98EE8B1
:104888000F00D4ED047AF5EEC07A8CE80F00F1EE53
:1048980010FA1ADDB7EE006A94ED057A27EE277A4A
:1048A800C6EE276A84ED0D7AC4ED0C6A6DB1204618
:1048B80040F8185F01F0C0FA064903690020064A6B
:1048C8002162A262E36005B030BD012005B030BDB1
:1048D8002C0400240020003000000030006808305C
:1048E800704700BFB1F5807F03680A4628BF4FF4C0
:1048F8008072B1F5807F9A6094BF002001207047D4
:104908000068183001F0F8BA70B504688AB0A36975
:10491800E160CBB104F11805284601F08DFA844610
:10492800EE46E668BCE80F00AEE80F00BCE80F00F2
:10493800AEE80F009CE803008EE8030069462846AD
:10494800049601F081F9F8B9E069D8B104F11C05C1
:10495800284601F071FA8446EE46E468BCE80F0088
:10496800AEE80F00BCE80F00AEE80F009CE80300BB
:104978008EE8030069462846049401F065F900387A
:1049880018BF01200AB070BD01200AB070BD00BF79
:1049980030B5046883B00D46E3694BB1A3680020C5
:1049A800E26A616A9B00009004F11C0001F046FA7B
:1049B800A3680748A26A9B00216A009004F11800C6
:1049C80001F03CFA0020C4E9005003B030BD00BF3C
:1049D800B93C000810B4074B4FF07E513024002238
:1049E800032019619C60D8605DF8044B5961C3E9E4
:1049F800062270472C0400240148FCF719BC00BFAC
:104A08003806002410B592B0ADF804100180C9B280
:104A1800149C0B29C460C0E901233FD090F801C061
:104A2800BCF10F0F3AD8022A3FD0032A02D0012A3C
:104A380000D000220E92012B02D0022B18BF0023B7
:104A4800022C0F932CD0032C2AD0012C28D0002321
:104A58000A29109327D85C4A02EB812202610A29AD
:104A680014D8DFE801F0A39587796B5D4F413325B2
:104A78000600564BD3F8E01041F48061C3F8E0100B
:104A8800D3F8E03003F480630C930C9B01230DA949
:104A9800104603FA0CF30D9302F042FE12B010BD5B
:104AA8000A291094D7D90022D8E711220E92C2E71A
:104AB800464BD3F8E01041F40071C3F8E010D3F886
:104AC800E03003F400730B930B9BDFE73F4BD3F805
:104AD800E01041F48071C3F8E010D3F8E03003F43B
:104AE80080730A930A9BD1E7384BD3F8E01041F062
:104AF8008001C3F8E010D3F8E03003F08003099395
:104B0800099BC3E7314BD3F8E01041F04001C3F8EB
:104B1800E010D3F8E03003F040030893089BB5E7B2
:104B28002A4BD3F8E01041F02001C3F8E010D3F885
:104B3800E03003F020030793079BA7E7234BD3F844
:104B4800E01041F01001C3F8E010D3F8E03003F0B2
:104B580010030693069B99E71C4BD3F8E01041F02D
:104B68000801C3F8E010D3F8E03003F00803059318
:104B7800059B8BE7154BD3F8E01041F00401C3F80F
:104B8800E010D3F8E03003F004030493049B7DE7BE
:104B98000E4BD3F8E01041F00201C3F8E010D3F84F
:104BA800E03003F002030393039B6FE7074BD3F84E
:104BB800E01041F00101C3F8E010D3F8E03003F051
:104BC80001030293029B61E7000002580044025867
:104BD80008B5012143780069994089B202F0A8FF1D
:104BE800003818BF012008BD01230A464178006932
:104BF80003FA01F189B202F0A1BF00BF8378022B4A
:104C080030B504468FB037D0032B33D0012B31D0C9
:104C180000230A93E378012B2AD0022B28D0002303
:104C28000B93002320460C9302F0C2FC0546204655
:104C380002F0C6FC23780990082B13D8DFE803F0AC
:104C48001F3245586B7E91A40500594BD3F8E020DC
:104C580042F48072C3F8E020D3F8E03003F48073A4
:104C68000893089B09A9284602F05AFD0FB030BDE9
:104C78000B93D6E70A93CDE711230A93CAE74C4B67
:104C880009A92846D3F8E02042F00102C3F8E02041
:104C9800D3F8E03003F001030093009B02F040FDDD
:104CA8000FB030BD424B09A92846D3F8E02042F0A6
:104CB8000202C3F8E020D3F8E03003F002030193C6
:104CC800019B02F02DFD0FB030BD394B09A92846D4
:104CD800D3F8E02042F00402C3F8E020D3F8E03033
:104CE80003F004030293029B02F01AFD0FB030BDDB
:104CF8002F4B09A92846D3F8E02042F00802C3F850
:104D0800E020D3F8E03003F008030393039B02F09C
:104D180007FD0FB030BD264B09A92846D3F8E0207F
:104D280042F01002C3F8E020D3F8E03003F010039B
:104D38000493049B02F0F4FC0FB030BD1C4B09A98E
:104D48002846D3F8E02042F02002C3F8E020D3F848
:104D5800E03003F020030593059B02F0E1FC0FB05F
:104D680030BD134B09A92846D3F8E02042F0400291
:104D7800C3F8E020D3F8E03003F040030693069B25
:104D880002F0CEFC0FB030BD094B09A92846D3F874
:104D9800E02042F08002C3F8E020D3F8E03003F0CE
:104DA80080030793079B02F0BBFC0FB030BD00BF28
:104DB8000044025870B506460D4602F0F9FB044659
:104DC800304602F0FDFB2A1E0146204618BF01228C
:104DD800BDE8704002F0B2BE0023122270B586B062
:104DE800CDE9022304930368032B01D80423059318
:104DF800061D841D304602F0DBFB0546304602F0F6
:104E0800DFFB034601A92846019302F089FC2046EE
:104E180002F0CEFB034620461C4602F0D1FB01A956
:104E280003462046019302F07BFC06B070BD00BF2C
:104E3800634A0368934210B58CB028D0614A934204
:104E480058D0614A934200F09480604A934201D05E
:104E58000CB010BD5E4C5F48D4F8E03043F002035C
:104E6800C4F8E030D4F8E03003F002030A930A9B58
:104E7800FFF7B2FFD4F8F43043F08003C4F8F430FD
:104E8800D4F8F43003F080030B930B9BE0E7504C0D
:104E98005148D4F8E03043F00203C4F8E030D4F8C5
:104EA800E03003F002030193019BFFF795FFD4F86C
:104EB800E83000221F2043F400131146C4F8E830FC
:104EC800D4F8E83003F400130293029BD4F8D830E6
:104ED80043F00103C4F8D830D4F8D83003F0010304
:104EE8000393039BFBF77AFC1F200CB0BDE810402E
:104EF800FBF7B2BC364C3948D4F8E03043F08003B5
:104F0800C4F8E030D4F8E03003F080030493049B45
:104F1800D4F8E03043F00203C4F8E030D4F8E030CD
:104F280003F002030593059BFFF756FFD4F8E8301A
:104F38000022212043F480031146C4F8E830D4F855
:104F4800E83003F480030693069BD4F8D83043F086
:104F58000103C4F8D830D4F8D83003F0010307931C
:104F6800079BFBF73BFC21200CB0BDE81040FBF78A
:104F780073BC1B48FFF730FF154B00224820D3F8BD
:104F8800E840114644F40004C3F8E840D3F8E84088
:104F980004F400040894089CD3F8D84044F00104B1
:104FA800C3F8D840D3F8D83003F001030993099B1C
:104FB800FBF714FC48200CB0BDE81040FBF74CBCD4
:104FC8000054004000580040005C0040001C00589D
:104FD8000044025840090024B80600249007002421
:104FE800680800242DE9F0431A4B87B000254FF0DC
:104FF80010099E46EC46184BFF22E04667461A7099
:105008000EF118060EF13004CDE90055CDE9025530
:10501800ADF80090BCE80F00CDE90455AEE80F00EC
:105028009CE803000095ADF800908EE80300B8E80E
:105038000F000FC69CE803000095ADF8009086E8C5
:1050480003000FCF0FC49CE8030084E8030007B0F7
:10505800BDE8F0830C000024B406002410B5EFF37B
:10506800108472B6084B1A78120602D504B962B6D3
:1050780010BD1B78D82205485BB202FB0300143030
:10508800FCF7D6F8F2E700BFB4060024B8060024FF
:10509800014803F0EBBB00BF44070024014803F0BC
:1050A800E5BB00BF1C080024014803F0DFBB00BFBC
:1050B800F40800242DE9F0430F68D8243F4D85B04B
:1050C80007FB04F4032F05EB0403036040DCCB6803
:1050D8000E46012B3CD84DD04FF0D808B646DFF825
:1050E800FC9008FB0758BEE80F00C446ACE80F0068
:1050F800DEF800300DF1100ECCF80030D8F808C0FA
:1051080099E80F000EE90F000EEB8703BCF1010FC1
:1051180053F8103CC8F88C3031D0BCF1020F42D0A3
:10512800BCF1000F35D0317C8C34D823002201200B
:105138002C4403FB07534900C3E92602C3F8941023
:105148002046C3E92822C3E92A2203F081F918B1CD
:10515800012005B0BDE8F0830146204603F092FB2C
:105168000028F5D10146204603F0B6FB003818BFE9
:105178000120EEE70B7C103B672BADD9E8E702F086
:1051880091F80F4B98420CBF0E4B0F4BC8F890305C
:10519800C9E702F087F80A4B98420CBF0B4B0C4B3F
:1051A800C8F89030BFE702F07DF8054B98420CBF75
:1051B800084B094BC8F89030B5E700BFB806002483
:1051C800000E27072D0FB0303211D0205F439060BA
:1051D8008A62E030200BA0101A09801008F7000836
:1051E8002DE9F041D0F8008082B00D4617461E46E2
:1051F80008F18C04204603F041FB2028FAD1D8F8A6
:105208000C3073B96D002046089C33463A46A9B263
:10521800009403F073F9003818BF012002B0BDE80C
:10522800F081089B32463946204603F03BFAF2E704
:10523800044B10221A7483F8E82083F8C02183F8FD
:1052480098227047B806002430B5002395B04FF473
:105258008071062204460B9306921393CDE90C1332
:10526800CDE90E33CDE9113302F01EF807282BD013
:1052780004F1100541F2883206A9284604F03EF9E7
:1052880028B10123184684F85C3015B030BD0222DD
:10529800022306A92846CDE9002310220123CDE9DF
:1052A800022300224FF48003CDE9042305224FF0A6
:1052B800807306926A460F9341F2883304F08AFAA3
:1052C8000028DED115B030BD0323012084F85C30FE
:1052D80015B030BD0000000070B50023A4B04FF039
:1052E80080724FF480750446ADF806300D93CDE911
:1052F80010320122CDE90E53CDE91223CDE9143342
:10530800002943D0F02300F1100508AEADF80630AF
:10531800C02341F2883231462846089304F0EEF85B
:1053280028B10123184684F85C3024B070BD41F2DE
:1053380088320DF10601284604F04AF90346002890
:10534800EFD105224FF480711E93284616924FF034
:1053580080721B9321931F9202AA9FED1F7BCDE9B8
:105368001C13CDE922338DED027B9FED1D7B41F2AD
:10537800883316A98DED047B9FED1B7B8DED067B95
:1053880004F028FA0028CCD124B070BD00F1100533
:1053980008AE612341F2883231462846089304F06A
:1053A800ADF80028BDD141F288320DF1060128463A
:1053B80004F08CF90028B4D1BDF80630204623F05B
:1053C800780343F04003ADF80630FFF73DFF0028AF
:1053D8009ED0A6E7AFF300800000000001000000A7
:1053E8001000000001000000000000000000400064
:1053F8002DE9F04F00234FF4807501264FF0807897
:1054080004462DED028BABB08DF807301393219332
:10541800299314950E96CDF85C80CDE91533CDE926
:105428001863CDE91A33CDE92253CDE92433CDE908
:10543800273306231C9301F037FF072808D004F10F
:10544800100741F288321CA9384604F057F840B1D9
:105458000123184684F85C302BB0BDEC028BBDE804
:10546800F08F4FF0020A4FF0020B4FF0050941F29E
:10547800883308AA1CA93846CDF89480CDF87090D6
:105488009FED2D8BCDE908AB4FF0000A4FF4800B50
:105498008DED0A8BCDE90CAB04F09CF90028D7D12F
:1054A80041F2883238460EA904F028F80028CFD1F6
:1054B800402341F288320DF1070138468DF8073054
:1054C80004F086F80028C3D141F288330EA902AA55
:1054D8003846CDF83890CDF85C809FED197B8DED7E
:1054E800048BCDE906AB8DED027B04F073F903461E
:1054F8000028ADD1CDF870904FF00109CDF8948017
:105508004FF00008219308AA29931CA93846229530
:10551800CDE92333CDE9273341F288338DED0A8B6A
:10552800CDE90CABCDE9088904F054F9002893D0F3
:10553800304684F85C608FE710000000010000002E
:1055480040000000400000002DE9F043624CA3B089
:105558000D46046001F0A8FE072800F0A98028681D
:1055680023466968AA6807C31E46AB8926F8043B28
:105578003046257B677B03F0A3FFE0B9574B012D2D
:105588004FF00108E061236114BF4FF480134FF41A
:105598000003C4E9058893FAA3F3B3FA83F34FF43D
:1055A8008079013BC4F82490C4E90B00304623629B
:1055B80003F01AFF38B10122134684F85C2018461C
:1055C80023B0BDE8F08366230B90139041F2883234
:1055D80006A90693CDE90C90CDE90E00CDE911009E
:1055E800304603F08BFF0028E5D1992341F2883239
:1055F80006A93046069303F081FF0028DBD1052376
:105608001C9019906A4614934FF08073219014A946
:105618001D9341F288339FED2A7BCDE91A90CDE99D
:105628001F008DED007B9FED287B30468DED027BC2
:105638009FED277B8DED047B04F0CCF80028BAD1D0
:1056480029462046FFF748FE0028B4D12046FFF738
:10565800CFFE03460028AED1002FB0D118933046B4
:105668000027002606AA14A9CDF86890CDE91F33B3
:10567800EB2314934FF440631B934FF40053179399
:105688004FF440431C93A0231693062319934FF01D
:10569800805321934FF04073CDE906671D9304F0C2
:1056A80011F9034600288AD0434684F85C8086E7CF
:1056B80001230322184684F85C2023B0BDE8F08358
:1056C80000000000010000001000000001000000C0
:1056D8000000000000004000180A0024005000529A
:1056E8002DE9F04F8FB0414B0024026800AF9A4279
:1056F8007C63C7E90944C7E90B4403D03C37BD467E
:10570800BDE8F08F3A4B40F609213A48EB46D3F80A
:10571800D42007F11C0607F1220A4FF0020942F4CF
:1057280080424FF00308C3F8D420D3F8D42002F401
:105738008042BA60BA68D3F8E02042F04002C3F869
:10574800E020D3F8E02002F04002FA60FA68D3F8CB
:10575800E02042F02002C3F8E020D3F8E02002F075
:1057680020023A613A69D3F8E02042F01002C3F807
:10577800E020D3F8E02002F010027A617A69D3F8C9
:10578800E02042F00202C3F8E020D3F8E030F861EC
:1057980003F002033984BB61174B7B60BB697B68EC
:1057A80053F8040F7B6001F003FF7B680546186817
:1057B80001F006FF16F8013B786207F1240128463C
:1057C800C7F830807B63C7E90A9401F0A9FF564502
:1057D800E5D100225C201146FBF700F85C20FBF7BE
:1057E8003BF83C37DD46BD46BDE8F08F005000521F
:1057F800004402580A0A0909740A0024114B026875
:105808009A4200D07047104A70B5D2F8D4300F4C85
:1058180023F4804304F11806C2F8D43054F8040F76
:1058280001F0C6FE0546206801F0CAFE014628467A
:1058380002F0B6F8B442F1D15C20BDE87040FBF745
:1058480019B800BF0050005200440258740A0024DE
:10585800014804F0C3B800BF280A0024084B1A1DE9
:10586800981D03F1080110B49C1C9A6603F10A0202
:10587800C3E91834C3E91B015DF8044B5A67704744
:10588800180A002438B5036871B9026A00F12805BE
:1058980000F5AC74012A0CBF002140218BBB1D4BC5
:1058A8005722C0F858310DE0426A00F1C00500F5F2
:1058B800E874012A0CBF00214021EBB1164B5A2293
:1058C800C0F8D03100232046C4E901214FF48052AA
:1058D8004FF48061636262614FF48042C4E903312E
:1058E8004FF48073C4E906234FF400332362FBF7B7
:1058F80027F958B1FFBEFEE7084B5822C0F8D0314F
:10590800E0E7074B5922C0F85831DBE7C5E92044E6
:10591800A56338BD10000240700002402800024014
:10592800580002402DE9F043821D05468BB0031D47
:1059380005F10A010830CDE9052305F10C02AB6930
:10594800CDE907010992002B3DD0EB69B3FA83F842
:105958004FEA58180123022205AE0AAF4FF0060994
:105968000393CDE9012356F8044B2B79227893420F
:1059780016D02B68F3B1012B02D1F2B10A2304939C
:10598800204601F01DFE03462046009301F010FE5C
:10599800694601F0C5FEBE42E5D10BB0BDE8F08313
:1059A800697963789942E4D1B8F1000FF3D02B6894
:1059B800002BE0D1CDF81090E2E76378022B14BFFA
:1059C8000A230823DBE74FF00108C3E7534A0368BB
:1059D800934230B505468BB055D02032934252D011
:1059E8004F4A934204D02032934201D00BB030BDCD
:1059F8004C4C4D48D4F8E03043F00103C4F8E03093
:105A0800D4F8E03003F001030593059BD4F8E030A7
:105A180043F00803C4F8E030D4F8E03003F008039A
:105A28000693069BD4F8E03043F04003C4F8E03016
:105A3800D4F8E03003F040030793079BD4F8F03024
:105A480043F40003C4F8F030D4F8F03003F4000352
:105A58000893089BFFF766FFD4F8D830296843F00D
:105A680001032F4A3048C4F8D830891AD4F8D830FE
:105A780018BF012103F001030993099B0BB0BDE88E
:105A88003040FFF7FFBE274C2848D4F8E03043F0F9
:105A98000103C4F8E030D4F8E03003F001030093C8
:105AA800009BD4F8E03043F01003C4F8E030D4F899
:105AB800E03003F010030193019BD4F8E03043F089
:105AC8004003C4F8E030D4F8E03003F04003029318
:105AD800029BD4F8F03043F48003C4F8F030D4F8D3
:105AE800F03003F480030393039BFFF71BFFD4F804
:105AF800D830296843F00103084A0C48C4F8D83064
:105B0800891AD4F8D83018BF012103F0010304938F
:105B1800049B0BB0BDE83040FFF7B4BE0458014009
:105B2800045C014000440258EC0C0024900A002454
:105B38000148FBF77DBB00BFE80B00240148FBF7D9
:105B480077BB00BF600C00240148FBF771BB00BFA6
:105B5800440E00240148FBF76BBB00BFBC0E0024B9
:105B68001A4A0368934210B40BD02032934208D0EB
:105B7800174A934216D02032934213D05DF8044B53
:105B88007047144B0022D3F85442C3F85822002C13
:105B9800F4D0D3F84802D3E9931223465DF8044BB6
:105BA800520818470B4B0022D3F8B044C3F8B4246A
:105BB800002CE3D0D3F8AC24D3F8A814D3F8A40469
:105BC800520823465DF8044B184700BF04580140AB
:105BD800045C0140900A0024184A0368934210B4F8
:105BE8000BD02032934208D0154A934217D0203266
:105BF800934214D05DF8044B7047124BD3E99424B8
:105C08005208C3F85822002CF4D0D3E99201234655
:105C180001EB820100EB82005DF8044B1847094B49
:105C2800D3F8AC24D3F8B0445208C3F8B424002CF9
:105C3800E0D0D3F8A814D3F8A404E8E70458014046
:105C4800045C0140900A00242DE9F04F0C684FF4E1
:105C58001776754F87B004FB06F6012C07EB060A8A
:105C6800C0F800A000F3A0800D468E464FF0000853
:105C7800D44669A3D3E9002369A1D1E90001CDE99C
:105C8800022306ABCAF8508203EB8403CDE9040172
:105C980053F810BC53F8083CCAE992880193BEE84F
:105CA8000F00ACE80F00BEE80F00ACE80F00019B46
:105CB8009EE80300CAF828B0CAF8C0308CE8030090
:105CC8002B69042B0CD8DFE803F0737D8791030060
:105CD8004FF41773554A03FB04739A64C3F8E02022
:105CE800AA692B6A002A43D0002B4FF4177308BF08
:105CF800022203FB047318BF0322DA6201221A632B
:105D0800EA696B6A002A40D1191E4FF4177318BF4D
:105D1800012103FB0473C3E931126B69022B05D817
:105D2800434A12F80380434A52F823904FF41773FA
:105D380006F128004246494603FB04740023384410
:105D480063646363E365C4F8DC30C4F8CC30C4F83A
:105D5800F430C4E90F33C4E91533C4E93533C4E971
:105D68003B33022304F0E6F8002849D0FFBEFEE7E3
:105D7800191E4FF4177318BF012103FB0473C3E9FD
:105D88000B12EA696B6A002ABED0002B4FF4177316
:105D980008BF022203FB047318BF0322C3F8C42000
:105DA8000122C3F8C820B8E7012007B0BDE8F08F8A
:105DB8004FF417734FF4FA5203FB04739A64C3F851
:105DC800E0208DE74FF417734FF47A5203FB047306
:105DD8009A64C3F8E02083E74FF417734FF4FA424C
:105DE80003FB04739A64C3F8E02079E74FF4177350
:105DF8004BF6803203FB04739A64C3F8E0206FE724
:105E080006F1C000022342464946384404F092F89D
:105E18000028CAD0FFBEFEE704580140045C0140D8
:105E280024580140245C0140900A002400770100B6
:105E380044F7000848F700080068704770B5046820
:105E480082B015460E46C4F85032C4E99212069A3A
:105E5800C4F85422A269012A26D0626A012A9AB299
:105E680011D0294604F1C000019204F01FF9236AF9
:105E7800019A012B10D0294604F1280004F016F9E4
:105E8800002002B070BD04F1C000019204F0A0F936
:105E9800236A019A012BEED1314604F1280004F05F
:105EA80097F9002002B070BD226A012A9AB211D077
:105EB800294604F12800019204F0F8F8636A019A6F
:105EC800012B10D0294604F1C00004F0EFF800209F
:105ED80002B070BD04F12800019204F079F9636AF8
:105EE800019A012BEED1314604F1C00004F070F99B
:105EF800002002B070BD00BF03681B69042B05D8E1
:105F0800044A02EB830393ED000A70479FED020AEF
:105F1800704700BF54F7000800803B470368D3F878
:105F2800580270471F4BC1680268F0B5D3F88C500F
:105F380083B00369ADB24D1BA2B1AB4212D0044687
:105F4800866811D2F018E91ACDE9001000F04AFF6E
:105F58000023DDE90010D4E90062B047E368256159
:105F6800AB421BD003B0F0BDF018C91ACDE900014F
:105F780000F038FF0023DDE90001D4E90072B847DA
:105F88003046294600F02EFF002330466268294635
:105F98002668B047E3682561AB42E3D1002323615B
:105FA80003B0F0BD000002402DE9F84F04460F464B
:105FB80090461E4600F13405284604F095FC20283A
:105FC800FAD14FF480630020C4F8D030C4F84831C7
:105FD8004FF44033C4F8CC00C4F8E030C4F858316A
:105FE8004E4BC4F8DC00C4F8C03003F57A73C4F82B
:105FF800E400C4F838314023C4F8C800C4F840317C
:10600800E369C4F84401C4F85401C4F85C01C4E964
:106018003500C4E95300072B0BD8DFE803F06153C0
:106028005A373E454C045123C4F8C4305223C4F8AF
:106038003C3104F59C794846FAF782FD08B1FFBE69
:10604800FEE7C4F8A890C4F87051EFF3108972B64F
:10605800DFF8D0B094F91C30DFF8CCA08BF8003012
:106068000A9B2F4CCAF800300B9B23600EB11846D0
:10607800B0471FFA88F23946284604F01FFAB0BB29
:10608800B9F1000F00D162B6BDE8F88F3F23C4F81C
:10609800C4304023C4F83C31CBE74123C4F8C430B2
:1060A8004223C4F83C31C4E74723C4F8C43048232A
:1060B800C4F83C31BDE74F23C4F8C4305023C4F8BA
:1060C8003C31B6E72B23C4F8C4302C23C4F83C3148
:1060D800AFE72D23C4F8C4302E23C4F83C31A8E719
:1060E8002923C4F8C4302A23C4F83C31A1E7FF238C
:1060F8008BF800300023CAF8003023600A9B3BB1BC
:106108000B98012198470120B9F1000FBCD1BAE7DB
:106118000120B9F1000FB7D1B5E700BF88000240F0
:10612800801E00247C1E0024781E00242DE9F84FD0
:1061380004460F4690461E4600F13405284604F0F2
:10614800D3FB2028FAD14FF480630020C4F8D03064
:10615800C4F848314FF44033C4F8CC00C4F8E030F8
:10616800C4F858314E4BC4F8DC00C4F8C03003F50D
:106178007A73C4F8E400C4F838314023C4F8C8007E
:10618800C4F84031E369C4F84401C4F85401C4F8C0
:106198005C01C4E93500C4E95300072B0BD8DFE8DC
:1061A80003F061535A373E454C045123C4F8C430B8
:1061B8005223C4F83C3104F1C0094846FAF7C0FC40
:1061C80008B1FFBEFEE7C4F8AC90C4F8F850EFF38E
:1061D800108972B6DFF8D0B094F91C30DFF8CCA083
:1061E8008BF800300A9B2F4CCAF800300B9B2360B9
:1061F8000EB11846B0471FFA88F23946284604F00F
:10620800AFF9B0BBB9F1000F00D162B6BDE8F88FA5
:106218003F23C4F8C4304023C4F83C31CBE74123C2
:10622800C4F8C4304223C4F83C31C4E74723C4F857
:10623800C4304823C4F83C31BDE74F23C4F8C43008
:106248005023C4F83C31B6E72B23C4F8C4302C23C0
:10625800C4F83C31AFE72D23C4F8C4302E23C4F86A
:106268003C31A8E72923C4F8C4302A23C4F83C31B8
:10627800A1E7FF238BF800300023CAF80030236021
:106288000A9B3BB10B98012198470120B9F1000FF7
:10629800BCD1BAE70120B9F1000FB7D1B5E700BF0B
:1062A80088000240801E00247C1E0024781E0024E2
:1062B8002DE9F0410D4682B0EFF3108772B6002940
:1062C80048D1FF23254A264C237013682BB10020A0
:1062D80029461060234A1068984723781B0625D55D
:1062E800DFF888800025204E444605E001351C343F
:1062F80006F5D876092D19D0A369012B1BD0002BE0
:10630800F4D1216830460029F0D0636901932369EC
:106318000093E3682289FFF709FF0028E6D1C5EB5F
:10632800C50508EB850348F82500586007B962B62B
:1063380002B0BDE8F08161680029D7D063693046B2
:10634800019323690093E3682289FFF72DFE002853
:10635800CCD1E4E705F0C4FDB3E700BF781E002404
:106368007C1E0024801E0024480F002454000024B2
:10637800F0B5002387B0022204460493CDE9022336
:10638800027EC3690B2A4FEA430523D1A27E0B2A5A
:1063980002D1002007B0F0BD48496B1C484851F8AD
:1063A8002330457801781878E67E884269D08242A1
:1063B80077D0D87803F1030C81426ED0824278D02E
:1063C800987903F1060C88426FD0824233D00120BD
:1063D80007B0F0BD394B3A4853F825300178467874
:1063E800187894F819C081423DD0824241D0D878BB
:1063F80003F1030E814240D082424AD0987903F1DA
:10640800060E884241D08242E1D1DB796345DED174
:10641800734604F118069B783046059301F0C8F8D6
:10642800034630461E4601F0CBF801A901903046DC
:1064380001F076F9AAE7DB79B342C8D163461A348A
:106448009B782046059301F0B3F8034620461C4686
:1064580001F0B6F8034601A92046019301F060F95E
:10646800002007B0F0BD93F801E0B645BFD08242E6
:10647800BDD158786045BAD1CBE71F79B742BBD1B7
:10648800BCE75F78AF4292D193E7D979B142BAD1EC
:106498009DE718796045B1D1BAE71F79AF428DD130
:1064A8008EE75878B04284D1C9E7D979A9428CD10E
:1064B8008DE71879B04283D1C0E700BF6C01002492
:1064C800680100247E4A03689342F0B58FB000F05B
:1064D800E380A2F54C42934200F0E08002F580622E
:1064E800934200F0DD8002F58062934200F0DA808A
:1064F80002F58062934200F0D98002F5444293424B
:1065080000F0D280A2F51C42934200F0D18002F53F
:106518008062934200F0CE806A4A934240F0CC8079
:106528000826694D4FF4D87404FB0654A07E01F088
:106538004FF8207E01F04CF8E369082B13D8DFE808
:1065480003F03B49576573818F9D05005F4BD3F876
:10655800F42042F00802C3F8F420D3F8F43003F032
:1065680008030893089B2046FFF702FF012801D182
:10657800FFBEFEE74FF4D8740EAA554F0DF1240C58
:1065880004FB0654E36902EB43050FCFACE80F00A8
:106598003B680022ACF80030114635F9140CFAF7C4
:1065A8001DF9E3690EAA02EB430333F9140C0FB08B
:1065B800BDE8F040FAF750B9444BD3F8F02042F068
:1065C8001002C3F8F020D3F8F03003F01003009362
:1065D800009BC8E73D4BD3F8E82042F40032C3F8EB
:1065E800E820D3F8E83003F400330193019BBAE7BD
:1065F800364BD3F8E82042F48022C3F8E820D3F8D9
:10660800E83003F480230293029BACE72F4BD3F8C6
:10661800E82042F40022C3F8E820D3F8E83003F475
:1066280000230393039B9EE7284BD3F8E82042F40A
:106638008012C3F8E820D3F8E83003F480130493F9
:10664800049B90E7214BD3F8F02042F02002C3F8D6
:10665800F020D3F8F03003F020030593059B82E780
:106668001A4BD3F8E82042F08042C3F8E820D3F868
:10667800E83003F080430693069B74E7134BD3F886
:10668800E82042F00042C3F8E820D3F8E83003F0ED
:1066980000430793079B66E7002642E7012640E789
:1066A80002263EE703263CE705263AE7042638E7B4
:1066B800062636E7072634E700239B7EFFDE00BF69
:1066C80000100140000C0058480F002400440258F4
:1066D80018F700082DE9F04F91B0002301223F4937
:1066E8000DF1240A09938B4601F11C09CAF81430EC
:1066F80001F13808CDF800A001F15407CDF804A045
:1067080001F17006CDF808A001F18C05CDF80CA0B8
:1067180001F1A804CDF810A001F1C40ECDF814A021
:1067280001F1E00CCAE90133CAE903330F92FF22F1
:106738002B4BCDE906AA1A70BAE80F00ABE80F0098
:106748009AE80700009B8BE807009B46BBE80F0010
:10675800A9E80F009AE80700019B89E80700994615
:10676800B9E80F00A8E80F009AE80700029B88E83C
:1067780007009846B8E80F000FC79AE80700039B80
:1067880087E807001F460FCF0FC69AE80700049B4B
:1067980086E807001E460FCE0FC59AE80700059B3E
:1067A80085E807001D460FCD0FC49AE80700069B31
:1067B80084E807001C460FCCAEE80F00079B9AE858
:1067C80007001C468EE807000FCCACE80F009AE8DB
:1067D80007008CE8070011B0BDE8F08F54000024D2
:1067E8007C1E002410B5094C04F1340003F08AFF24
:1067F800237D1BB1636BDB69DB0600D410BD20462B
:10680800FFF790FB636B10221A6210BD480F00243B
:1068180010B50B4C04F5F27003F074FF94F8C43112
:1068280023B1D4F8E431DB69DB0600D410BD04F5EC
:10683800D870FFF777FBD4F8E43110221A6210BD44
:10684800480F002410B50B4C04F5657003F05AFF8F
:1068580094F8743323B1D4F89433DB69DB0600D49D
:1068680010BD04F55870FFF75DFBD4F8943310227F
:106878001A6210BD480F002410B50B4C04F24450A6
:1068880003F040FF94F8243523B1D4F84435DB698C
:10689800DB0600D410BD04F5A260FFF743FBD4F873
:1068A800443510221A6210BD480F002410B50B4C55
:1068B80004F2F46003F026FF94F8D43623B1D4F838
:1068C800F436DB69DB0600D410BD04F5D860FFF7A9
:1068D80029FBD4F8F43610221A6210BD480F0024A0
:1068E80010B50B4C04F6A40003F00CFF94F88438A0
:1068F80023B1D4F8A438DB69DB0600D410BD04F555
:106908000760FFF70FFBD4F8A43810221A6210BDF5
:10691800480F002410B50B4C04F6542003F0F2FE87
:1069280094F8343A23B1D4F8543ADB69DB0600D43E
:1069380010BD04F52260FFF7F5FAD4F8543A102296
:106948001A6210BD480F002410B50B4C04F6044021
:1069580003F0D8FE94F8E43B23B1D4F8043CDB6997
:10696800DB0600D410BD04F53D60FFF7DBFAD4F870
:10697800043C10221A6210BD480F002410B50B4CBD
:1069880004F6B45003F0BEFE94F8943D23B1D4F855
:10699800B43DDB69DB0600D410BD04F55860FFF791
:1069A800C1FAD4F8B43D10221A6210BD480F002471
:1069B80010B5EFF3108472B6084B1A78120602D598
:1069C80004B962B610BD1B784FF4D87204485BB2A4
:1069D80002FB0300C030FAF72BFCF1E77C1E002411
:1069E800480F002410B5EFF3108472B6094B1A78DB
:1069F800120602D504B962B610BD1B784FF4D872DE
:106A080005485BB202FB030000F59C70FAF710FC26
:106A1800F0E700BF7C1E0024480F00240021FFF788
:106A280047BC00BF214A036893422BD0A2F54C42D1
:106A3800934229D002F58062934227D002F5806202
:106A4800934225D002F58062934223D002F5444256
:106A5800934221D0A2F51C4293421FD002F58062D6
:106A680093421DD0124A93421CD108224FF4D87188
:106A7800104B01FB0233197D11B11846FFF752BACA
:106A8800FFF716BC0022F1E70122EFE70222EDE74B
:106A98000322EBE70422E9E70522E7E70622E5E718
:106AA8000722E3E700231B7DFFDE00BF0010014043
:106AB800000C0058480F0024204A0368934229D04C
:106AC800A2F54C42934227D002F58062934225D02A
:106AD80002F58062934223D002F58062934221D06E
:106AE80002F5444293421FD0A2F51C4293421DD0A6
:106AF80002F5806293421BD0114A93421AD10823AF
:106B080010484FF4D87202FB0300037D03B97047A5
:106B1800FFF708BA0023F3E70123F1E70223EFE7C1
:106B28000323EDE70423EBE70523E9E70623E7E77B
:106B38000723E5E700231B7DFFDE00BF00100140AF
:106B4800000C0058480F00240121FFF7B1BB00BF1B
:106B5800534B0122002047F6122130B4C3E97420B8
:106B6800C3E97721C3E9E020C3E9E3211A62DA62C5
:106B780058621963C3F83025C3F83405C3F83C25B7
:106B8800C3F84015C3F8E026C3F8E406C3F8EC26BA
:106B9800C3F8F016C3F89028C3F89408C3F89C28E3
:106BA800C3F8A018C3F8402AC3F8440AC3F84C2A0B
:106BB800C3F8501AC3F8F02BC3F8F40BC3F8FC2B36
:106BC800C3F8001CC3F8A40D3648C3F8A02DC3F8B9
:106BD800AC2DC3F8B01D0288837833490068334C64
:106BE800CA804FEA104C0B723149E2802372A1F837
:106BF8000320A4F8032063714B712E4CCA800B72DA
:106C08002D492E4DE2802372A1F80320A4F8032019
:106C180063714B712A4CCA800B722A49EA8008803A
:106C28002B7281F802C0E2802372A1F803204B7115
:106C3800CA800B722449A1F803204B71CA800B72D9
:106C48002249A1F803204B71CA800B7220490880A1
:106C580081F802C0A1F803204B71CA800B721D494C
:106C6800088081F802C0A1F803204B71CA800B721A
:106C78001949088081F802C01848A1F803204B710F
:106C8800CA800B721649A0F803204371C2800372B0
:106C9800A1F803204B71CA800B7230BC704700BF4B
:106CA800480F002468010024F00100241402002485
:106CB800080200242C02002420020024FC010024E5
:106CC800D8010024A81E002438020024E40100246E
:106CD800841E00249C1E0024901E00245C010024B5
:106CE800500100243E4B00220B20114610B5D3F86A
:106CF800D84082B044F00104C3F8D840D3F8D84053
:106D080004F001040094009CD3F8D84044F0020435
:106D1800C3F8D840D3F8D83003F002030193019B9D
:106D2800F9F75CFD0B20F9F797FD00220C201146BE
:106D3800F9F754FD0C20F9F78FFD00220D201146BC
:106D4800F9F74CFD0D20F9F787FD00220E201146BA
:106D5800F9F744FD0E20F9F77FFD00220F201146B8
:106D6800F9F73CFD0F20F9F777FD002210201146B6
:106D7800F9F734FD1020F9F76FFD00223C20114689
:106D8800F9F72CFD3C20F9F767FD00221120114688
:106D9800F9F724FD1120F9F75FFD0022382011468C
:106DA800F9F71CFD3820F9F757FD00223920114664
:106DB800F9F714FD3920F9F74FFD00223A20114662
:106DC800F9F70CFD3A20F9F747FD00223B20114660
:106DD800F9F704FD3B2002B0BDE81040F9F73CBDCF
:106DE8000044025820F01F002031BFF34F8F0029C4
:106DF80007DD064A0144C2F85C0220300B1A002B5A
:106E0800F9DCBFF34F8FBFF36F8F704700ED00E0E1
:106E1800704700BF08B5F9F7A5FCBDE80840F9F7C9
:106E2800A5BD00BF064808B503680BB100F08AFE8F
:106E3800044803681BB1BDE8084001F079BD08BDEE
:106E4800C0220024B81E0024064808B503680BB108
:106E580000F078FE044803681BB1BDE8084001F063
:106E680067BD08BDC0220024B81E0024064808B526
:106E780003680BB100F066FE044803681BB1BDE867
:106E8800084001F055BD08BDC0220024B81E0024EA
:106E9800364BDA6A520062D59A6A9A6A9A6A9B6A8B
:106EA800180600D500BE314B9B6A990600D500BE76
:106EB8002E4B9B6ADA0600D500BE2C4B9B6A1B073B
:106EC80000D500BE294B9B6A980700D500BE274B0A
:106ED8009B6AD90700D500BE244B9B6A1A0400D5CB
:106EE80000BE224B9B6A9B0400D500BE1F4B9B6AC9
:106EF800D80400D500BE1D4B9B6A190500D500BEFD
:106F08001A4B9B6A5A0500D500BE184B9B6A9B0515
:106F180000D500BE154B9B6AD80500D500BE134BA3
:106F28009B6A990100D500BE104B9B6ADA0100D517
:106F380000BE0E4B9B6A1B0300D500BE0B4B9B6A21
:106F4800580300D500BE094B9B6A990300D500BEC3
:106F5800064B9B6ADA0306D400BE00BEFEE7DB6A76
:106F68009B07FAD5F8E700BEF6E700BF00ED00E0A2
:106F7800F9F70ABC0A4B9B6803F17843B3F5003F65
:106F88000BD3084B986848B19868012806D09868D0
:106F9800022803D09B68032070470120704700BF78
:106FA80000ED00E0000080382DE9F041CEB0044645
:106FB8004C2200210AA808F09BFB2022002102A8ED
:106FC80008F096FBBC2200211EA808F091FB0220C5
:106FD80002F022F92368012B4FF0000354D0534AE2
:106FE80002250193C820D16A514B21F00101D162D9
:106FF800D26A02F0010201929A6942F440429A610F
:107008009B6903F440430193019B494A93699B049C
:10701800FCD548490224002201268B6A04274FF038
:10702800080823F0030323438B62052316900AA85C
:1070380018934FF480331096179419941597CDF838
:107048006880CDE91B222122CDE91344CDE90A232A
:10705800FAF740FC00B1FEE73F220323294602A8C5
:10706800CDE9022300220823CDE90423402240234E
:10707800CDE9062340234FF48062CDE90823FAF7CF
:1070880057FF0346B8B1FEE7294A04250093F020CC
:107098009169264B41F440419161926902F4404262
:1070A8000092DA6A42F00102DA62DB6A03F0010355
:1070B8000093009BA9E720224FF4805125934FF4B9
:1070C80040152B9280222D931EA83093269135913E
:1070D8004FF48071249234920C223394439140F2FD
:1070E800271120921022CDF884802A971F96CDE987
:1070F8002E34CDE93B334FF48033CDE9224631932A
:10710800002446930623CDE93E4527934FF4806338
:10711800094C2C931E94CDE92812FBF765F900B1B0
:10712800FEE702F09FF84EB0BDE8F0810004005879
:1071380000480258004402580F130F0370B584B07A
:107148000124F9F7C1FB4FF480764FF04052194BF8
:1071580068460025ADF800400396CDE90123F9F70C
:10716800D1FB19224FF0404368468DF8082001935F
:107178008DF80F40ADF80D608DF801408DF80A507C
:10718800F9F7C0FB02230B2268468DF80F508DF8E3
:1071980001304FF062538DF808200193ADF80D408F
:1071A8008DF80A40F9F7AEFB0420F9F79BFB04B011
:1071B80070BD00BF0E00010330B50D46044685B012
:1071C800D1E9000184E80300F9F79CFAAB79A3B38D
:1071D800FFF788FDFDF706FF06F05AFDFFF77AFA7C
:1071E8002B798BBB6B799BB1BFF34F8FBFF36F8F3D
:1071F8002A4B0022C3F85022BFF34F8FBFF36F8F83
:107208005A6942F400325A61BFF34F8FBFF36F8F50
:107218004FF0FF32002300240025694620480292DF
:107228008DF80C30CDE9004507F052F91C4807F0FD
:10723800B7F906F05DF905B030BD2046FFF7B4FE9A
:107248002046FFF77BFFC3E7144C0023C4F88430C3
:10725800BFF34F8FD4F8801043F6E07EC1F34E3C65
:10726800C1F3C9014FEA4C1C0CEA0E000B4640EA78
:107278008372013BC4F860225A1CF8D1ACF1200C8F
:107288001CF1200FF0D1BFF34F8F636943F48033B3
:107298006361BFF34F8FBFF36F8FA3E700ED00E08B
:1072A800B41E0024FAF774BF1C4B9B6803F17842A4
:1072B800B2F5003F25D3B3F5803F20D303F16042F8
:1072C800B2F5003F1FD303F15C42B2F5002F1CD387
:1072D80003F17042B2F5902F19D303F14842B2F589
:1072E800803F16D303F18042B2F1806F13D303F1CC
:1072F800E043B3F5000F2CBF08200720704701209A
:107308007047002070470220704703207047042010
:107318007047052070470620704700BF00ED00E069
:1073280003480023034A0449036008F09BB900BFDF
:10733800B41E002400000024196E000810B4204C6C
:107348000022204B83B0D4F888101F4841F4700104
:10735800C4F8881019681D4C41F0010119601A61C0
:10736800196808401A4918609A61DA611A629A62C3
:10737800DA621A635A639A63DA631A645A64186899
:1073880020F4802018601A66D3F8DC2042F06042AE
:10739800C3F8DC20D3F8DC300193019B2368194043
:1073A800B1F1005F03D20B4B0122C3F80821044B53
:1073B8004FF000629A6003B05DF8044B704700BF5D
:1073C80000ED00E0004402587FEDF6EA0010005C92
:1073D8000000FFFF0080005100F57171D0F804042F
:1073E80005F06EBCC1EBC10300EB8303D0F80404C5
:1073F800D3F8082205F092BCC1EBC10300EB83036C
:10740800D0F804049A6C05F0C7BC00BFD0F8040497
:1074180005F066BDC16810B5044619B1022900D04F
:10742800FEE70121D4F8040405F044FDD4F804046F
:10743800BDE8104005F016BD10B50446D0F80404A8
:1074480005F03CFD2268D2F8003E43F00103C2F883
:10745800003E236A23B1034A136943F0060313610C
:1074680010BD00BF00ED00E0D0F8040405F030BD09
:10747800D0F8040405F044BDD0F8040405F03EBD7E
:10748800D0F8040405F03EBDD0F8040405F03CBD76
:107498009446D0F898021A4608B5634601F0ACFD48
:1074A800032802D8024B185C08BD022008BD00BFA3
:1074B80078F70008D0F8980208B501F02BFE0328E9
:1074C80002D8024B185C08BD022008BD78F70008F6
:1074D800D0F8980208B501F061FE032802D8024BE3
:1074E800185C08BD022008BD78F700080A06D0F825
:1074F800983206D4C1EBC10103EB810191F8FE017A
:10750800704701F07F01C1EBC10103EB810191F8E4
:107518003E007047D0F8980208B501F057FD0328DF
:1075280002D8024B185C08BD022008BD78F7000895
:10753800D0F8980208B501F0C5FD032802D8024B1F
:10754800185C08BD022008BD78F70008D0F898023A
:1075580008B501F08FFD032802D8024B185C08BD5E
:10756800022008BD78F70008D0F8C00205F07ABFFD
:10757800D0F8C00205F08EBFD0F8C00205F096BF63
:10758800704700BFD0F8C00205F07CBFD0F8C00239
:1075980005F07CBFD0F8D00308B500F093FE0328AF
:1075A80002D8024B185C08BD022008BD7CF7000811
:1075B800024B027853F82200704700BFA0F700087A
:1075C800024B427833F81200704700BF80F700087A
:1075D8008CB00A2814D8DFE800F01523313F4D5B42
:1075E8006977859306004D4BD3F8E02042F480621A
:1075F800C3F8E020D3F8E03003F480630B930B9BCF
:107608000CB07047454BD3F8E02042F00102C3F8B4
:10761800E020D3F8E03003F001030193019BEFE78A
:107628003E4BD3F8E02042F00202C3F8E020D3F842
:10763800E03003F002030293029BE1E7374BD3F8F3
:10764800E02042F00402C3F8E020D3F8E03003F071
:1076580004030393039BD3E7304BD3F8E02042F0B5
:107668000802C3F8E020D3F8E03003F008030493DD
:10767800049BC5E7294BD3F8E02042F01002C3F879
:10768800E020D3F8E03003F010030593059BB7E73B
:10769800224BD3F8E02042F02002C3F8E020D3F8D0
:1076A800E03003F020030693069BA9E71B4BD3F8B1
:1076B800E02042F04002C3F8E020D3F8E03003F0C5
:1076C80040030793079B9BE7144BD3F8E02042F055
:1076D8008002C3F8E020D3F8E03003F08003089379
:1076E800089B8DE70D4BD3F8E02042F48072C3F875
:1076F800E020D3F8E03003F480730993099B7FE717
:10770800064BD3F8E02042F40072C3F8E020D3F827
:10771800E03003F400730A930A9B71E700440258AF
:107728002DE9F04F0D6883B0002D00F0D5800023BF
:10773800DFF8688201229A4012EA050C00F0C7803F
:107748004E6826F01009B9F1020F40F0C88003F026
:1077580007044FEAD30E4FF00F0A4FEA840900EBF3
:107768008E0E0AFA09FADEF8204024EA0A0A0C69A1
:1077780004FA09F406F0030944EA0A04CEF82040A2
:107788004FEA430E0324D0F800A009FA0EF904FAD0
:107798000EF42AEA040AE44349EA0A09C0F8009008
:1077A800D0F808A0CF6804EA0A0A07FA0EF949EAED
:1077B8000A09C0F80890C6F30019D0F804A009FA1D
:1077C80003F92AEA020249EA02024260C268F700A3
:1077D80004EA02048A6802FA0EF242EA0402C2606B
:1077E80075D5644C23F0030E03F00309D4F8F42094
:1077F800C6444FEA890942F00202C4F8F420D4F8DA
:10780800F42002F002020192019A0F22DEF80840E9
:1078180002FA09F224EA0202574CA04225D004F5E4
:107828008064A0427BD0554CA0427ED0544CA042EC
:107838006FD0544CA04200F08480534CA04200F01A
:107848008680524CA04276D0514CA04200F08580F0
:10785800504CA04200F087804F4CA0420CBF092436
:107868000A2404FA09F942EA0902CEF808204FF07E
:10787800B0426FEA0C0EF403D2F880204FF0B04407
:1078880054BF0EEA02024CEA0202C4F88020B20396
:10789800D4F884404FF0B04254BF0EEA04044CEAD6
:1078A8000404F702C2F8844014684FF0B04254BF91
:1078B8000EEA04044CEA04041460B40252684FF05F
:1078C800B04454BF0EEA02024CEA0202626001337D
:1078D80035FA03F27FF42EAF03B0BDE8F08F4FEA1C
:1078E800430E0324D0F800B006F0030A04FA0EF49D
:1078F80009F1FF390AFA0EFA2BEA040BB9F1010F64
:107908006FEA04044AEA0B0AC0F800A03FF65EAF2B
:1079180046E7032404FA09F942EA0902A5E7012423
:1079280004FA09F942EA09029FE7022404FA09F96C
:1079380042EA090299E7062404FA09F942EA090227
:1079480093E7042404FA09F942EA09028DE70524B9
:1079580004FA09F942EA090287E7072404FA09F94F
:1079680042EA090281E7082404FA09F942EA09020D
:107978007BE700BF00440258000002580008025884
:10798800000C02580010025800140258001802583F
:10799800001C025800200258002402580004005815
:1079A800002900F0A88000232DE9F04FDFF8689146
:1079B80083B0DFF86881DFF868A1DFF868B14FF0BD
:1079C800010E0EFA03F212EA010C6FD023F0030540
:1079D80003F003040F2640454D444FEAC404AF6842
:1079E80006FA04F607EA0607019721D0504566D043
:1079F800584567D0434FB8426ED0434FB84270D015
:107A0800424FB84263D0424FB84256D0414FB84275
:107A180072D0DFF814E1704568D0DFF810E17045E6
:107A280014BF4FF00A0E4FF0090E0EFA04F400E0EE
:107A38000024019FA74219D1AC6824EA06064FF03A
:107A4800B044AE60D4F8805025EA0C05C4F88050E4
:107A5800D4F8845025EA0C05C4F88450256825EA32
:107A68000C052560656825EA0C05656003255C0042
:107A780003F007070F2605FA04F40568BF0025433D
:107A880006FA07F70560DD0800EB85052E6A26EA89
:107A980007062E62856825EA04058560456825EA9B
:107AA80002024260C26822EA0404C460013331FA67
:107AB80003F284D103B0BDE8F08F4FF0060E0EFA42
:107AC80004F4B6E74FF0020E0EFA04F4B1E74FF0F3
:107AD800050E0EFA04F4ACE74FF0030E0EFA04F4A8
:107AE800A7E74FF0040E0EFA04F4A2E74FF0080ED1
:107AF8000EFA04F49DE770474FF0070E0EFA04F4EF
:107B080097E700BF000C02580010025800140258F2
:107B180000180258001C02580004005800000258BF
:107B28000004025800080258002002580024025895
:107B38000369194214BF01200020704702B90904E3
:107B4800816170472DE9F04F056885B004462846E5
:107B580004F05CFE012802D005B0BDE8F08F206873
:107B680004F004FE0028F7D0206804F0FFFD10F4AC
:107B7800001F206802D04FF40013436104F0F6FDA3
:107B880010F4801F206802D04FF48013436104F082
:107B9800EDFD10F0806F206802D04FF080634361E4
:107BA80004F0E4FD10F0020F20682FD104F0DEFD90
:107BB800870000F11381206804F0D8FDC60100F1A8
:107BC800CF80206804F0D2FD000700F1BE80206855
:107BD80004F0CCFD10F0007F20681AD104F0C6FD37
:107BE800C306B9D52568AB6923F01003AB612E6ACB
:107BF800C6F34341C6F30A17022902D1002F40F009
:107C0800C681AB6943F01003AB61A5E7022343616A
:107C1800CCE704F069FED4F808E080462068BEF19D
:107C2800000F00F0998005F5A06500264FF0280B9D
:107C38004FF0020A4AE000F5A0694A0109EB411732
:107C4800BB685B075DD50423BB60FB6843F0020398
:107C5800FB60BB68980500F1FD80BB68DB0740F15D
:107C6800CF80236953B101EB81003B6904EBC0006D
:107C7800C3F3120C836CA3EB0C03C3648B004FF0AB
:107C8800010C4FF0000E581804EBC000C0F858E083
:107C980080F85DC0C7F808C090F83FE01EF0FD0FFF
:107CA80000F06481BEF1030F00F040820B4404EB46
:107CB800C30393F8502082F0010283F85020D4F8CF
:107CC80008E0206801362035764545D206F00F03D6
:107CD80028FA03F3D907F5D52B68F1B21A04AAD408
:107CE80000F5A0624FEA411C02EB4117BB6813F094
:107CF80004090DD00423BB60FB6843F00203FB605A
:107D0800E0E7BB689B0640F1B3802023BB60A0E797
:107D1800BB6813F0200300F0CA8001EB8103202226
:107D280004EBC303BA6093F83D20012ACAD183F853
:107D38003D9083F85CA0FB6843F00203FB6004F00D
:107D4800D7FDD4F808E02068BCE72046FFF70CFC14
:107D58002068082343613BE74FF0007343613DE728
:107D68002668D6F840340293D6F840340393039B30
:107D780023F02E030393029B980707D5029BD9078C
:107D880000F16381039B43F002030393029B1A07EC
:107D980018D5039B43F008030393029B5B0740F14C
:107DA8005C81A169022900F09A81E368012B03D163
:107DB8004EF66022C6F804242046FFF7E3FB20466F
:107DC800FFF7D6FB2068029B9F0603D5039B43F071
:107DD80020030393039BC6F84034F3E6D5F84034F8
:107DE800204623F02E03C5F84034FFF7C5FB0121D8
:107DF800206804F057FD20684FF000534361DBE62C
:107E0800BB68980740F18E80FB6801EB810C23F07A
:107E1800020304EBCC0CFB608B009CF85D0001288E
:107E280000F0B280052800F0AF80062800F0A3819A
:107E3800082800F0A081032800F0DC819CF85C0091
:107E48000246C7F808A02046FFF79AFBD4F808E0D6
:107E5800206837E7FB68206843F00203FB6004F002
:107E680047FD4FF400732068BB60D4F808E029E7A9
:107E7800BB681B0700F1BB80BB685B057FF5E9AEFB
:107E8800FB68019243F002030091FB6004F030FDAF
:107E980000991020019A01EB8103B860082004EBD7
:107EA800C30383F85D004FF48063BB60D1E6D7F865
:107EB800089019F0400F40F0B180BB6813F40073CC
:107EC80040F02F81D7F8089019F0010F40F03F815A
:107ED800BB6813F0080340F06881D7F8089019F0E0
:107EE800100F00F0C98001EB810204EBC202936518
:107EF800032382F85D3092F83D303BB90BFB014318
:107F080093F83C2012B9012283F83D20FB6843F026
:107F18000203FB6004F0ECFC10232068BB60D4F87B
:107F280008E0CFE6BB6813F0800340F0E380BA684E
:107F3800D20640F1D08001EB810004EBC00090F83C
:107F48003F20032A00F04B8112F0FD02E4D123699F
:107F58008265002BE0D10BFB0143032283F85D20EF
:107F6800FB68206843F00203FB60D3E7FA682068E7
:107F780042F0020201930091FA6004F0B9FC102269
:107F8800DDE90013BA6091E68CF85C0058E706F06A
:107F98000F0606EB860804EBC808D8F84410002939
:107FA8003FF42FAE284605F5A0653A4604F05CFB81
:107FB800D8F8443005EB46123B441169D8F84C20F8
:107FC800C8F8443073013A44C8F84C20BC4A0A4007
:107FD8005AB1EA5822F0804242F00042EA5098F83A
:107FE800503083F0010388F85030256809E6FB68B3
:107FF8004FF0050C019243F002030091FB6001EB86
:10800800810304EBC30383F85DC01023BB6008231E
:10801800BB6004F06DFCDDE900121AE601EB810299
:1080280004EBC2029365042382F85D30012382F8D1
:108038003D30FB6843F00203FB6004F059FC402329
:108048002068BB60D4F808E03CE6B369204623F01A
:108058000053B361FFF78CFA94E62046FFF796FACF
:10806800D6F84034206823F02E03C6F840348369DC
:1080780043F000538361A6E6BB681B0600F1C88085
:10808800BB685B0500F1D780BB689B077FF51AAE1C
:10809800FB680BFB014023F00203FB6090F85D30A6
:1080A800012B00F0E180032B00F0DB80042B00F0B3
:1080B800D880052B00F0FC80062B00F0E480082B0C
:1080C80000F0E1800BFB01432046C7F808A093F8B5
:1080D8005C20FFF755FAD4F808E02068F2E5029B27
:1080E800206803F4C023B3F5802F18BF012104F0E2
:1080F800D9FB61E6FB6801EB810243F0020304EB64
:10810800C202FB60936D01339365062382F85D30EC
:10811800206804F0EDFB80232068BB60D4F808E0F9
:10812800D0E5FB6843F00203FB6098E652F809705B
:10813800019347F00057009142F80970624680F8B1
:108148005CC02046FFF71CFADDE90013AEE5FA68CB
:1081580001EB810942F0020204EBC909C9F8583061
:10816800FA6004F0C5FB0123BB6089F85D30D4F8E0
:1081780008E02068A6E503EB010C04EBCC0CDCF866
:1081880058000130032825D8CCF8580002200B44A9
:1081980004EBC30383F85C0052F8093023F08043F2
:1081A80043F0004342F809304AE608230091BB60D7
:1081B800FB6843F00203FB6004F09AFB0099052278
:1081C80001EB810104EBC10383F85D20D4F808E0DA
:1081D800206877E50020CCF858000420D7E7FA6833
:1081E8000BFB014042F0020283652068FA6004F04C
:1081F8007FFB91E60BFB0143022083F85CA052F859
:10820800093023F0804343F0004342F8093017E671
:10821800FB68009143F00203FB6004F069FB0099DE
:1082280006230BFB014181F85D3080232068BB6089
:10823800D4F808E046E5FB68009143F00203FB60D0
:1082480004F056FB10230099BB604FF480630BFBCE
:108258000141BB60082381F85D30D4F808E020684C
:1082680030E580F85CA02DE780F85C3090F83F306E
:10827800023B012B3FF626AF90F8513083F0010303
:1082880080F851301EE70BFB0140836D0133032B4F
:1082980011D8836502230BFB014080F85C3052F84B
:1082A8000C3023F0804343F0004342F80C3009E7D8
:1082B80080F85C3006E7002383650423EBE700BF02
:1082C8000000F81F90F8B832012B0CD0012310B52C
:1082D8000446006884F8B83204F06AFB00231846A4
:1082E80084F8B83210BD0220704700BFF8B50546C3
:1082F8000E461746701C2C682CD1A369990727D401
:10830800A369DA06F9D5A3699A06FCD520231022B9
:10831800E261E361A3699F0701D50023A362A36912
:10832800DE0703D4A36943F00103A3616368002255
:108338001B4820210340012063606B6C85F84020B6
:1083480043F004036B6485F8411085F84220F8BDBA
:108358000020F8BDA3699B07FAD4A369D9061BD4EA
:10836800F8F70CFAC01BB04201D8002EC2D16B6CD2
:108378002021002201200B4385F840206B6485F8FA
:10838800411085F84220F8BDF8F7F8F9C01B86427D
:10839800EDD3002EEBD02C68A3699B06F4D5B5E786
:1083A80000E800FEF8B505460E4617462C68A36996
:1083B8009B0649D4A369DA0626D5731C38D1A3696C
:1083C8009E06FCD520231022E261E361A369990788
:1083D80001D50023A362A369DA0703D4A36943F094
:1083E8000103A3616368002218482021034001208B
:1083F80063606B6C85F8402043F004036B6485F878
:10840800411085F84220F8BDF8F7B8F9C01BB04212
:1084180001D8002ECAD16B6C2021002201200B4309
:1084280085F840206B6485F8411085F84220F8BD36
:10843800A3699806C6D4F8F7A1F9C01B8642EAD307
:10844800002EE8D02C68B8E70020F8BD00E800FE50
:1084580000284ED010B590F84130044603F0FF02D2
:10846800002B41D023682421626884F841101968E0
:1084780022F07062E06821F00101012819601A6198
:108488009A6822F400429A60A26829D042F4044211
:1084980002289A6002D14FF400625A6058684FF07F
:1084A800200C1549226901435960D96821F400411B
:1084B800D960D4E90501024342EA0122D4E9071050
:1084C800DA600022014310461960196841F0010181
:1084D8001960626484F841C0226384F8422010BDA8
:1084E80042F400429A60D9E780F84020FCF7A0FCEB
:1084F800B8E70120704700BF008000022DE9F0476F
:10850800984690F84130089E202B40F0878090F8DC
:1085180040300446012B00F081800123894617462C
:1085280080F84030F8F72AF9054604E0F8F726F90C
:10853800401B192875D82368986910F40040F5D1B4
:10854800212267626063C9F3090784F84120102279
:1085580084F842206064A4F82A80628D92B2FF2ACF
:108568006DD8628D494892B2D1B222855A680240CC
:108578003A4342EA0142464911435960DFF81C81F7
:108588004FF0FF0ADFF81891638D2A4631462046DE
:108598009BB2002B30D0FFF7A9FE002873D1606A88
:1085A800216810F8012B238D8A62628D013B60627D
:1085B800013A9BB292B223856285628D92B2002BFA
:1085C800E2D1002AE0D0701C43D18B691A06FCD591
:1085D800638D9BB2FF2B48D94B682A46A4F828A084
:1085E800204603EA08033B4343EA09034B6031464C
:1085F800638D9BB2002BCED1FFF7D4FE002842D169
:1086080023682021234DD9615A682A405A6084F88A
:10861800411084F8400084F8420000E00220BDE8E0
:10862800F087636C2021002201200B4384F840204E
:10863800636484F8411084F84220BDE8F0875A68E2
:1086480012490A4014493A431143FF2222855960CE
:1086580094E78B691B06BBD4F8F790F8401B864259
:10866800DFD3002EDDD02168ADE7638D9BB2DAB28F
:1086780023854B6803EA080343EA02433B4343F07C
:1086880000734B6080E70120BDE8F087009800FC8C
:108698000020008200E800FE0020FF81009C00FC12
:1086A8000000FF012DE9F0471F4690F84130202BCC
:1086B80040F08E8004460D46002900F08380B2FA0F
:1086C80082F916464FEA5919002A7BD05FFA83FAD5
:1086D80090F84030012B7BD0012380F84030F8F728
:1086E8004DF8212365628046256884F8413084F876
:1086F80042A0C4F8449066856B68C4F8349023F4AB
:1087080000436B607B1C66D1AE693607FCD5082335
:10871800EB61E368022B06D0AE69F60328D4AE6994
:10872800F603F9D524E0AB691907FCD50823EB61FA
:108738007B1CF1D0AB69DD031AD4F8F71FF8A0EB66
:108748000800874253D3002F51D02568F0E74246EE
:1087580039462046FFF7CAFD00285BD1636A2268C4
:1087680013F8011B9162658D6362013DADB26585A9
:10877800638D9BB2002BEAD1424639462046FFF76B
:1087880011FE00284DD02268536843F4004353601B
:10879800636C042B54D1002363642023D361781CB9
:1087A80041D193691904FCD451680023202041F475
:1087B8000041516084F84100184684F8423084F83A
:1087C800403003E04FF4007301206364BDE8F08794
:1087D8000220BDE8F087AB69180733D4F7F7CEFF5E
:1087E800A0EB0800874202D30FB125688AE7636CC3
:1087F800202000212268034384F84010636484F831
:108808004100012084F84210536843F40043536048
:10881800BDE8F08722680120536843F400435360A1
:10882800D4E72268B9E793691B04BDD5F7F7A6FF1B
:10883800A0EB08008742DAD3002FD8D02268AEE731
:108848000120C3E70823EB61E368022B7FF470AFD4
:1088580008E0F7F793FFA0EB08008742C7D3002F83
:10886800C5D02568AB691A07F3D55FE70268436B83
:108878009169126803B11847704700BF90F841002A
:10888800704700BF90F84120202A23D15FFA82FC6C
:1088980090F840200346012A1CD00268242000B525
:1088A80083F841004FF0000E106820F001001060BE
:1088B800106820F480501060106801437046116001
:1088C800116841F00101116083F841C083F840E06C
:1088D8005DF804FB0220704790F84120202A22D13D
:1088E800034600B55FFA82FE90F84020012A1CD0AA
:1088F800026824204FF0000C83F84100106820F033
:1089080001001060106820F4706040EA01216046A0
:108918001160116841F00101116083F841E083F8AA
:1089280040C05DF804FB0220704702205DF804FB9C
:108938002DE9F04F076889B00446384603F066FF12
:1089480010B109B0BDE8F08F8246206803F00EFF31
:108958000028F6D0206803F009FF10F0020F206805
:1089680003D0436903F00203436103F0FFFE10F4F0
:10897800002B206840F0508103F0F8FE10F4802F9F
:10898800206840F0EB8003F0F1FE002874DB2068DB
:1089980003F0ECFE000564D4206803F0E7FE020152
:1089A80014D52268536903F00063536194F8F433D3
:1089B800002B40F095810121204684F8F413536D73
:1089C800C3F38303C4F8F83300F024FC206803F0F1
:1089D800CDFEC3047BD4206803F0C8FE10F4005F0A
:1089E80020685DD103F0C2FE10F0100F206812D08D
:1089F800836923F0100383613D6AC5F3434305F09F
:108A08000F06022B00F03182062B00F07F8183696C
:108A180043F01003836103F0A9FE070700F15781B3
:108A2800206803F0A3FEC60200F14681206803F027
:108A38009DFE850200F13581206803F097FE400015
:108A480000F12681206803F091FE41077FF579AF98
:108A580023685D686A0700F129825A682A435A60C8
:108A68006FE7D7F80838D90700F11C8220684369F6
:108A780003F40063436190E7D7F8043823F0010357
:108A8800C7F8043894F8F433012B00F038812046F5
:108A9800FEF7EAFC2068436903F00043436177E787
:108AA80003F0B8FE206803F09DFB2568E060F9F745
:108AB80059FB227B0146284603F0F8FA2046FEF7C8
:108AC800A9FC2068436903F4005343618AE7D7F897
:108AD80004381021206807F5006523F001036B6056
:108AE80003F066FB6068B0B107F510634FF67F319D
:108AF80099600AF1010A1A682033824522F40012AB
:108B080043F8202CC3F8E811D3F8E02122F400122E
:108B1800C3F8E021ECD1EB6943F00113EB61236B5F
:108B2800002B40F0E1806A6942F22B0313436B612A
:108B38002B6943F00B032B61D7F8003804F57172E9
:108B4800217C23F4FE632068C7F8003803F07EFE1A
:108B58002068436903F4805343613DE703F01EFE38
:108B680080462068B8F1000F00F0E580264607F53A
:108B780010694FF0000BCDE9037A09E05FEA580865
:108B88000BF1010B06F11C0609F1200900F0D58054
:108B980018F0010FF2D05FFA8BF7394603F01AFE8E
:108BA800C30705461FD50BF00F03039901229A400E
:108BB800D1F8343823EA0203C1F834380123C9F85C
:108BC80008302369012B03D1D6E911231344B36478
:108BD80039462046FEF710FC2369012B03D1BBF16F
:108BE800000F00F0AC81280702D50823C9F8083027
:108BF800E90602D51023C9F808306A0602D54023D1
:108C0800C9F80830AB0702D50223C9F808302D0689
:108C180000F1C6802068B1E703F0B2FD0546206880
:108C2800002D00F0868007F53066A1464FF0000B56
:108C3800049707E06D080BF1010B06F1200609F116
:108C48001C097DD0EB07F5D55FFA8BF1039103F092
:108C5800B3FD10F0010F8046039973D118F0080F87
:108C680040F0F280206818F0100F01D01023B36094
:108C780018F0200F05D02169012900F05A8120231E
:108C8800B36018F4005FD5D04FF40053B360D1E758
:108C98002046FEF7F5FB2068436903F080434361F3
:108CA800D1E620465FFA8BF1FEF7E2FB20684369C4
:108CB80003F400134361C0E620465FFA8BF1FEF728
:108CC800DBFB2068436903F480134361AFE6204669
:108CD800FEF79CFB2068436903F008034361A0E6A4
:108CE8002046FEF7A9FB71E6D5F8843043F00B0364
:108CF800C5F884306B6C43F00B036B641CE70021F0
:108D0800204684F8F41300F085FAC3E6C6EBC606DD
:108D1800082204F57171384603F0A6FCC5F30A135E
:108D280004EB86022068D2F814120B44C2F81432FD
:108D38006DE6AB4620E6C34625E6DDE9037A22E682
:108D4800049F19E6206801232769B36000F53063A2
:108D5800012FD0F840E003EB4B139A6800F0C58070
:108D6800984FBE4540F0BD80170440F1B6804FF4DF
:108D7800004218F0080F9A603FF475AF026C9868CB
:108D880090498A4200F0978020460392FEF724FB20
:108D98008D4B039A9A4200F296800823B36061E7EC
:108DA800D6E91453D4F800A0AB4250463FF6E6AEDD
:108DB8000AF51062716CCDF81CA002EB4B120592FB
:108DC800EA1A8A4228BF0A4605998969033289B294
:108DD800B1EB920FC0F0A980CDF81890C146A0461B
:108DE800059C1AE0736C3A46B16C50469D4228BF08
:108DF8001D4698F810300093ABB203F01FFCB36C1B
:108E0800A1692B4489B2B364736D2B440335B1EB6C
:108E1800950F7365C0F08180356D9D42A5EB030504
:108E2800E0D84446C846DDF81890D4F800A0079B5F
:108E38000122504603F500610BF00F039A404B6B7B
:108E480023EA02034B6399E62268216902F530633D
:108E5800126C012903EB4B13986891D15A498A4245
:108E680029D82046FEF7B8FA97E747F6F0731D426F
:108E78003FF4CDADC6EBC606C5F30A12384604EB7F
:108E880086061546D6F8081203F0EEFBD6F8083227
:108E980020682B44C6F80832D6F814322B44C6F89A
:108EA8001432B4E52046FEF7C7FADFE52046FEF7A0
:108EB800EBFA2368D1E5020402D54FF400429A6028
:108EC8002046FEF789FA216901297FF466AF04F587
:108ED8007172206803F0BAFC5FE7900601D5202282
:108EE8009A602046FEF77EFAB8E6170732D536496B
:108EF8008E4504D9120402D54FF400429A602046E8
:108F08000393FEF769FA04F571720121206803F0F2
:108F18009DFC0822039B9A60A0E64446356DC8462E
:108F2800DDF81890D4F800A050469D423FF626AED2
:108F38007DE704F5717203F089FC20689FE6236DD4
:108F4800002B7FF450AE04F571720121206803F004
:108F58007DFC48E6970608D520229A6018F0080F8D
:108F68003FF481AE026C986878E712F0280FF5D1CB
:108F7800154FBE4505D9120403D54FF400429A6037
:108F8800ECE71B692046D9F80422C3F31203D31A6D
:108F9800C9F81432D9F808321344C9F80832FEF770
:108FA80021FABBF1000F7FF459AED4F81032002B30
:108FB8007FF454AE04F571720121206803F046FC79
:108FC8004CE600BF0A31544F0A30544F90F8BC2386
:108FD800012A0ED0012210B50446006884F8381022
:108FE80084F8BC2303F0B0FB0023184684F8BC3394
:108FF80010BD0220704700BF10B501F00F0E090622
:10900800044627D44FF01C0C0CFB0E0C0CF5FE711B
:10901800CEEBCE0C00EB8C0C00208CF8FD018A60A6
:109028004A7881F800E0CB700AB1A1F806E0022B7B
:1090380001D100230B7194F8BC33012B18D0012304
:10904800206884F8BC3303F0DFF80023184684F85E
:10905800BC3310BD1C204FF0010C00FB0E4000F18A
:109068003C01CEEBCE0004EB800080F83DC0D6E793
:10907800022010BD10B501F00F041C21C4EBC40C74
:1090880001FB040100EB8C0C01F5FE71CCF81032E9
:109098000023CCF808228CF8FC41CCF814328CF868
:1090A800FD3103690068012B08BFCCF80C22DAB245
:1090B8001CB903F009FA002010BD03F0EDF80020F8
:1090C80010BD00BF10B501F00F041C21C4EBC40C87
:1090D80001FB040100EB8C0C3C31CCF85030002330
:1090E800CCF84820CCF8543001238CF83C408CF85C
:1090F8003D3003690068012B08BFCCF84C20DAB278
:109108001CB903F0E1F9002010BD03F0C5F80020F8
:1091180010BD00BF38B5436801F00F059D4234D833
:109128000B0604461DD41C22C1EBC10302FB01013E
:1091380000EB8303002201F5FE7183F8FD21012372
:109148000D708B7094F8BC239A421CD0206884F868
:10915800BC3303F099FAD5B10023184684F8BC3320
:1091680038BD1C21C5EBC503012201FB050100EB3D
:1091780083033C3183F83D2001230D708B7094F8F4
:10918800BC239A42E2D1022038BD012038BD04F543
:109198007172217C206803F059FBDDE7426838B51D
:1091A80001F00F03934232D811F0800F04464FF0BC
:1091B8001C01C3EBC30219D101FB0341002004EBDE
:1091C8008202002501F5FE7182F8FD010B708D7099
:1091D80094F8BC33012B18D00123206884F8BC33E1
:1091E80003F086FA284684F8BC5338BD01FB0341D6
:1091F800012004EB820200253C3182F83D000B700F
:109208008D7094F8BC33012BE6D1022038BD0120C3
:1092180038BD00BF704700BF38B5114BDA68520738
:1092280004D4DB6803F00703834214D10C4CE368D1
:1092380023F007031843E060F7F7A0FA054605E0B6
:10924800F7F79CFA401BB0F57A7F06D863689B0451
:10925800F6D5002038BD012038BD032038BD00BF39
:1092680000480258024AD36843F08073D3607047BD
:109278000048025870B44D6A15B1B2F1406F3AD146
:109288008B691BB30C6A002C4CD08E680068C661D1
:10929800CE69002E69D02B4313432343CC6A334352
:1092A80023430C6B23434C6B23430C692343CC6847
:1092B80023430C6823434C69B2F1406F43EA84436B
:1092C800436165D04B6870BC836170470B6ABBB162
:1092D80000682B438C68CE69C461002E6BD01343A1
:1092E800CC6A334323430C6B23434C6B23430C69F5
:1092F8002343CC68DEE78B6A0468013B2361BFE740
:10930800CB69002B66D1002D42D0CB6A0C6B2B4366
:10931800006813434A6923434C6B234343EA82435F
:10932800436135E0CC6945EA030C002C32D0036870
:109338004CEA0200B2F1406F40EA0400CC6A40EA0D
:1093480004000C6B40EA04004C6B40EA0400CC6853
:1093580040EA04000C6840EA04004C6940EA844092
:10936800586115D04A689A6112E045EA030C0D6904
:109378004CEA0203CA6A23431343D1E90C4223434C
:109388000C6813434A692B43234343EA82434361EE
:1093980070BC7047CC6A4CEA020300682343D1E9E9
:1093A8000C4223430C6813434A69234343EA82432C
:1093B80070BC43617047CC6A13432343D1E90C4224
:1093C80023431343D1E90442234343EA824370BC55
:1093D800436170472B43CD6A0C6B134300682B43E2
:1093E80023434C6B84E700BF70B50446F7F7C6F912
:1093F800002C54D094F84030012B52D0012306465B
:1094080084F8403094F8413003F0FF02002B34D048
:10941800A56C2268A1681368013923F4706343EAD4
:109428000123136001E06B1C31D1936813F0200312
:10943800F9D1E069E16815680143206A0143606871
:1094480041EA00611C482840014360691160A16934
:1094580055680143206941EA004118482840012520
:10946800014318465160116829431160636484F808
:109478004150002384F8403070BD204684F84020D5
:10948800FCF72EF941F288331D46A364C1E7F7F7CC
:1094980075F9801BA84206D82DB12268C5E70120BE
:1094A80070BD022070BD0423012084F84130636C34
:1094B80003436364DDE700BF2FFFFF00FEF8E0FF12
:1094C800C8B110B590F840300446012B11D002689D
:1094D800012380F84030136823F001031360FCF780
:1094E8008DF900236364184684F8413084F84030CD
:1094F80010BD022010BD0120704700BF2DE9F041CA
:1095080004460E461546F7F739F994F84030012B12
:109518003AD0012384F8403094F84130012BDFB26F
:1095280006D002270023384684F84030BDE8F08191
:10953800002380466364022384F84130681C236852
:109548000ED19A6812F02002FBD131462046FFF76F
:1095580091FE736AE3B10123002784F84130E1E703
:109568009A6812F020021ED0F7F708F9A0EB08005D
:10957800854201D3002DE1D1042384F84130636C86
:1095880043F001036364CDE702273846BDE8F08164
:10959800226893689B07FCD5022101230027D1602C
:1095A80084F84130BEE731462046FFF763FE736A10
:1095B80043B1D0E7F7F7E2F8A0EB08008542DBD328
:1095C800002DD9D0226893689907F3D5E4E700BF46
:1095D8002DE9F843044689461546F7F7CFF894F87D
:1095E80040302768012B67D0012384F8403094F875
:1095F8004130012B5FFA83F807D04FF002080023AF
:10960800404684F84030BDE8F88300236364B9F12C
:10961800000F56D01223064684F841303B690133C7
:10962800E3623B69C4F824900133A3627B6923F0A9
:1096380040637B61E36A002B31D06A1C394611D143
:109648008B685B07FCD5636A1B7887F82030E26A71
:10965800636A013A0133E262E26A6362F2B16A1C48
:109668002168EDD08B685807EDD4F7F787F8801B91
:10967800854201D3002DF2D1042384F84130636C74
:1096880043F00103636413E0BB689B070CD4F7F74E
:1096980075F8801B8542EFD3002DEDD02768691C33
:1096A800F2D1BB689A07FCD502234FF00008FB6093
:1096B800012384F84130A2E74FF002084046BDE894
:1096C800F883636C43F00803636498E72DE9F84373
:1096D800044615468946F7F751F82768BA6994F899
:1096E8004030012B6CD0012384F8403094F841308D
:1096F800012B5FFA83F807D04FF002080023404699
:1097080084F84030BDE8F88300236364B9F1000FA2
:109718005BD02223064684F841303B690133A363BA
:109728003B69C4F83090013363637B6923F040637D
:1097380043F080637B61BA61A36B002B33D0681C54
:10974800394612D18B6813F0060FFBD097F820200A
:10975800236B1A70A26B236B013A0133A263A26BCD
:109768002363FAB1681C2168ECD08B6813F0060FEC
:10977800ECD1F7F703F8801B854201D3002DF1D116
:10978800042384F84130636C43F00103636413E0FD
:10979800BB689B070CD4F6F7F1FF801B8542EFD31B
:1097A800002DEDD02768691CF2D1BB689A07FCD55B
:1097B80002234FF00008FB60012384F841309DE745
:1097C8004FF002084046BDE8F883636C43F0080395
:1097D800636493E72DE9F84F04461F46894690468F
:1097E800F6F7CCFF94F84030012B52D0012384F8CF
:1097F800403094F84130012B5FFA83FB07D04FF0DB
:10980800020B0023584684F84030BDE8F88F002347
:1098180082466364422384F841307A1C26682CD13E
:10982800B568AB06FCD4D8F8003049462046B36288
:10983800D8F804307362D8F80830F3623268D8F880
:10984800103022F440021343D8F80C2043F480036C
:109858003360C9F828204FF00062FFF70BFD781C31
:1098680022681BD193681907FCD5082101234FF002
:10987800000BD16084F84130C3E7B3689D06D2D5A8
:10988800F6F77CFFA0EB0A00874212D3002FC4D161
:109898000FE04FF0020B5846BDE8F88F93681B079E
:1098A800E3D4F6F76BFFA0EB0A00874201D3002F41
:1098B800D5D1042384F84130636C43F00103636419
:1098C8009FE700BF2DE9F04704460F461646F6F716
:1098D80055FF94F84030012B45D0012384F84030DF
:1098E80094F84130012B5FFA83F907D04FF0020951
:1098F8000023484684F84030BDE8F08700238046BE
:10990800D4F848A06364822384F84130BAF1FF3F59
:10991800256814D1AB689A06FCD42B68726823F0CA
:109928000803082A43EA02032B6021D04FF0406263
:10993800394620464FF00009FFF79CFCD8E7AB6892
:109948009B06EAD5F6F71AFFA0EB0800824502D37A
:10995800BAF1000FDAD1042384F84130636C43F084
:1099680001036364C4E74FF002094846BDE8F08785
:10997800326810232A63EB602B6843F480132B6052
:10998800D4E700BF704700BF08B5006C00238363AD
:10999800C36290F84130082B0BD103680222DA60C9
:1099A8001A6842F400321A601A6842F002021A6019
:1099B80008BD012380F84130FFF7E4FF08BD00BF70
:1099C800704700BF704700BF704700BF704700BFB7
:1099D800704700BF704700BF704700BF38B50368C5
:1099E80004469A68196855070ED548030CD594F8AB
:1099F8004120122A75D094F84120222A00F0A18033
:109A08002046FFF7E5FF38BD950726D5880324D5FE
:109A18000222DA601A6822F4E0221A6094F84120DF
:109A2800122A7AD094F84120222A00F0A98094F8CA
:109A38004120022A00F0D08094F84120082AE2D17F
:109A48005A690121204622F040625A6184F8411087
:109A5800636C3BBBFFF7B4FF38BD150725D4D507AA
:109A680035D5C80333D50125DD601A6822F4702284
:109A78001A60626C42F0020262641A68520779D571
:109A88001A68E06B22F004021A60574B836504F0F1
:109A9800B5FD0028B7D0636C204643F00403636427
:109AA80084F84150FFF76EFF38BD0803D7D5082268
:109AB800DA601A68520206D51A68012122F41022C7
:109AC8001A6084F841102046FFF784FF38BDD0069D
:109AD80099D5CA0297D510222046DA60FFF77CFF95
:109AE80038BD9A6850078BD518460EE0626A12781E
:109AF80083F82020E16A20680139626AE162013254
:109B0800816862624D077FF57BAFE26A002AEDD17A
:109B1800036823F48023036072E71A68510709D5A4
:109B28001A68E16B22F0040209681A60CB6823F016
:109B38000103CB600123204684F84130FFF746FF3C
:109B480038BD9A6852077FF55BAF18460EE093F868
:109B58002010226B1170A16B20680139226BA16360
:109B680001328168226349077FF54AAFA26B002A58
:109B7800EDD1CDE7204684F84150FFF703FF38BD0B
:109B88001A6852071DD49A6812F47C5F0FD111E04D
:109B980093F82010226B1170A16B20680139226B99
:109BA800A16301328168226311F47C5F02D0A26B49
:109BB800002AEDD10123204684F84130FFF704FF45
:109BC80038BD1A68E16B22F0040209681A60CB6894
:109BD80023F00103CB60EDE70123204684F84130F0
:109BE800FFF7F0FE38BD00BF91990008F8B501688D
:109BF8000546AC4B99421FD0203399421CD003F53F
:109C08007873994258D02033994255D003F5787328
:109C1800994200F01E812033994200F01A8195F88C
:109C28009130A14E03F0FF026BB9284685F89020C9
:109C3800FBF7CCFE296806E09C4E95F8913003F0BE
:109C4800FF02002BF1D09A4B9A4A1B68A2FB032310
:109C58000A681B0B22F480329B000A6023B30C684D
:109C6800013B14F48034F9D1022385F89130EB6874
:109C7800012B00F01081022B15BF0320232002279F
:109C8800222715BF4FF0010C4FF0210C0022202293
:109C9800AB68013B042B00F24B81DFE813F0CF00E7
:109CA8001000D6000F00D200D5F89430012043F000
:109CB8004003C5F89430F8BD7F4EBEE73A464FF4EE
:109CC80000672B6A3260002B44D0764B994200F033
:109CD8001E817A48081AB0FA80F04009002840F03E
:109CE8001681774B994200F00C812033994200F09D
:109CF8000881744B994200F0FE802033994200F0AD
:109D0800FA80714B994200F00881704B994200F03B
:109D18000A81AB6900EB8000B3F5002F4FEA4003DE
:109D280000F0E280AA6A296AB2F1806F0CBF0222B1
:109D3800012201FB02F21202B3FBF2F3644AA2FB16
:109D48000312D20802EB8201A3EB4103092B08BFDF
:109D580001326A626B6833F002032B6D40F0968023
:109D6800012B14BF4FF400740024F6F71FFD696C33
:109D7800B0F5005FD5E9003242EA0102A96C42EA77
:109D88000102E96C42EA0102E96A42EA01026969F0
:109D980042EA010272D3A96918680A43A96A0A4308
:109DA8004C490140196029690A4319680A43696ADC
:109DB80042EA015248493A4322431A605A68286BDA
:109DC8001140EA690243686B5960024359680A43C3
:109DD80042495A609A6811406A6E9960E96D9868BC
:109DE8000A43296E0A43696D01390A43A96D01398D
:109DF80042EA012202434FF220009A60D968AA6E13
:109E08000140D960E96ED8680A43696F42EA0142A5
:109E1800296F013942EA0122224902438B42DA6062
:109E280019D0294A934216D000230122C5F894304C
:109E3800184685F8903085F89120F8BD4FF4806772
:109E48003FE702464FF400673BE762464FF400677E
:109E580037E7234EF1E6736C23F00103736495F83A
:109E68003830012BE0D1D5E90F23013A43EA021338
:109E78007364736C43F001037364D5E7A9691868C8
:109E88000A43184901401960A96A8DE7012B08BFE8
:109E98004FF4007469E7132012274FF0110C1022B9
:109EA800F6E600BF0458014000540058005801402D
:109EB800440200241BECCB95005C0140245801406F
:109EC800045C0140046001400454005824540058C4
:109ED800CDCCCCCC10C005F0F01FFFFF0080F8FF00
:109EE8000060014010C005F82A6A696D01FB02F2A2
:109EF800B3FBF2F322E74FF40070F9F7FFF9296892
:109F0800FFE64FF40070F9F7F9F92968F1E64FF424
:109F18008070F9F7F3F92968E3E64FF48060F9F700
:109F2800EDF92968F1E64FF40060F9F7E7F9F0E692
:109F38000027C6E6022938B5044635D9C81E0128C7
:109F480030D8002023676064E064E065A0664FF6BF
:109F5800FF706067606830F002000CBF01250025C3
:109F680004294FF4003125650CBF01200D2021661E
:109F78004FF48021A0656166032A13D8DFE802F058
:109F8800474E54362368484A934205D002F1C052DE
:109F9800A2F58232934205D16368012B02D1636C2A
:109FA800002B2FD0012038BD002023676064E064B7
:109FB800A066606830F0020014BF01200020206510
:109FC8004FF48030E0654FF6FF70606713F00100D2
:109FD800E8D14D1E012D29D860664FF40030206667
:109FE800032ADFD8DFE802F05546362CE0215B0172
:109FF8008022A1646365E266F6F7D8FB94F83830EE
:10A00800012BBFD02046BDE83840FFF7EFBD8021C7
:10A018001B014022A1646365E266EDE780225B01D3
:10A02800A2646365E266E7E7C021E0E720664FF4D3
:10A0380080206066032AB5D8DFE802F02B1C0C02EA
:10A048005B08E02080219A01A0645B01E166C4E915
:10A058001523D1E75B08C022802502294FEA831027
:10A06800A2644FEA4313E5666065A365C4D108237B
:10A07800A366C1E75B08802202294FEA8310A26425
:10A088004FEA4313E266C4E91503B5D11023A3666A
:10A09800B2E75B08802040215A01A0641B01E166F9
:10A0A800C4E91523A8E700BF045801402DE9F84387
:10A0B8000F4604461546F6F761FB002F61D0B5FA46
:10A0C80085F84FEA5818002D5BD094F89130012B91
:10A0D8005FFA83F950D194F89030012B4CD0434665
:10A0E800C4F894800646D4F8800065F30F0322680C
:10A0F80084F89090394665F31F43A7671C32E367DD
:10A108002B46122584F891502E4DC0F850800564D6
:10A118002D4DC5632D4DC564F6F7D0FE00283ED100
:10A12800636C082B636831D005216122023B012B47
:10A1380098BF1146226813690B431361136843F4EF
:10A148000033136006E0F6F719FB831BB3F57A7F3B
:10A158002AD82268556915F4E025F4D01368DB0382
:10A1680003D4136843F4803313600023994684F8BA
:10A1780090304846BDE8F8834FF002094846BDE8EC
:10A18800F8834FF001094846BDE8F88323F002023E
:10A19800012A0BBF1521052171226122C6E7484615
:10A1A80084F89080BDE8F883D4F894304FF0030920
:10A1B80084F8905043F040034846C4F89430BDE812
:10A1C800F88300BF15A30008ADA2000895A30008F6
:10A1D800F8B500294ED0B2FA82F513466D09002A67
:10A1E80048D090F891200446012AD6B23FD190F881
:10A1F8009020012A3BD081670A462946222780F809
:10A20800906063F30F01C0F8945063F31F41C16776
:10A21800D0F8840084F891701E4F216807641E4F9F
:10A228001C310565C7631D4FC764F6F747FE20BBA1
:10A2380023681A68D20303D41A6842F480321A6079
:10A24800626C082A62681CD005216120023A012A42
:10A2580098BF01461A6900200A4306461A611A681F
:10A2680042F400321A6084F890003046F8BD0226A5
:10A278003046F8BD01263046F8BD304684F8905087
:10A28800F8BD22F0020101290BBF1521052171201B
:10A298006120DBE785A3000821A3000895A3000837
:10A2A800704700BF08B5C369806BB3F5807F1BD0CA
:10A2B80003684FF0000C416C1A680829A0F87EC0AA
:10A2C80022F400321A60426811D06FF0610C6FF00E
:10A2D8000501023A012A98BF61461A694FF0010C3C
:10A2E8000A401A6180F891C0FFF7DAFF08BD22F032
:10A2F800020101290BBF6FF0710C6FF0610C6FF058
:10A3080015016FF00501E4E7704700BF806B08B5E1
:10A31800FFF7FAFF08BD00BF08B5C369806BB3F546
:10A32800807F1BD003684FF0000C416C1A68082925
:10A3380022F400321A604268A0F87EC011D06FF093
:10A34800610C6FF00501023A012A98BF61461A694B
:10A358004FF0010C0A401A6180F891C0FBF73CFCF1
:10A3680008BD22F0020101290BBF6FF0710C6FF0DC
:10A37800610C6FF015016FF00501E4E7806B08B51B
:10A38800FBF7EEFB08BD00BF704700BF10B5846B3C
:10A39800F7F79EFA022823D0D4F89420216842F0D7
:10A3A8008002134B1348C4F894201B680A68A0FB6A
:10A3B800030322F400321B0B0A600A689B0022F494
:10A3C80080320A606BB10A68013BD203FAD40122D9
:10A3D8000023204684F89120A4F87E30FFF7D4FFAC
:10A3E80010BDD4F8943043F04003C4F89430EEE73D
:10A3F800440200241BECCB9518B338B590F82C30E8
:10A4080004460D4603F0FF02B3B12146022384F847
:10A418002C3051F8040B01F09DFD62682946206834
:10A4280001F0D6FD084A01210020136843F00043DB
:10A43800136084F82C1038BD80F82D20F9F764FBE0
:10A44800E3E70120704700BF0040005270B590F864
:10A458002C300446022BD8B204D000F0FB06012EA3
:10A4680001D0012070BD02230D46206884F82C30ED
:10A4780001F0FAFD2B68022B03D0002084F82C6031
:10A4880070BD0523002084F82C3070BD38B590F8D5
:10A498002C300446022BD8B205D094F82C30012B6E
:10A4A800DDB201D0012038BD0223206884F82C30A9
:10A4B80001F0EEFD002084F82C5038BDF8B5D0F836
:10A4C8008070202F44D1002940D0B2FA82F6760954
:10A4D800002A3BD0044690F87C00012838D001259A
:10A4E8002123606FA4F856202165C4F88860A4F879
:10A4F800542084F87C50C4F88030D8B1DFF854C0B8
:10A5080013462268C0F83CC0DFF84CC02832066504
:10A51800C0F840C0DFF844C0C0F84CC0F6F7CEFC25
:10A5280040B11023284684F87C60C4F88830C4F809
:10A538008070F8BD2368002240211046196284F813
:10A548007C209A6842F080029A60F8BD0120F8BD2C
:10A558000220F8BD15A6000845A6000895A6000823
:10A56800F8B5D0F88470202F48D1002944D0B2FA29
:10A5780082F67609002A3FD090F87C300446012BF9
:10A588003CD001252223C0F888608165A0F85C20B2
:10A5980080F87C50C0F88430806FE0B1DFF860C08C
:10A5A80013460A462168C0F83CC0DFF858C0243179
:10A5B8000665C0F840C0DFF850C0C0F84CC0F6F7D8
:10A5C8007DFC40B11023284684F87C60C4F88830AC
:10A5D800C4F88070F8BD2368002084F87C001A68ED
:10A5E80042F480721A609A6842F001029A609A688E
:10A5F80042F040029A60F8BD0120F8BD0220F8BD83
:10A6080051A6000889A6000895A6000808B5C369E0
:10A61800806BB3F5807F0CD003680022A0F8562029
:10A628009A6822F080029A601A6842F040021A6022
:10A6380008BDFCF7F3F908BD704700BF806B08B58B
:10A64800FFF7FAFF08BD00BF08B5C369806BB3F513
:10A65800807F12D0036800222021A0F85E201A68AB
:10A6680022F480721A609A6822F001029A609A684D
:10A6780022F040029A60C0F88410FCF7D3F908BDB4
:10A68800806B08B5FCF718FA08BD00BF806B38B5B9
:10A698000368D0F88040D0F884109A68150601D570
:10A6A800212C1DD09A68520601D5222908D0D0F84D
:10A6B800883043F01003C0F88830FCF745FA38BDFD
:10A6C80000240F4A2025A0F85E40196821F49071F3
:10A6D800196099680A409A60C0F88450C466E6E731
:10A6E80000222024A0F856201A6822F0C0021A601E
:10A6F8009A6822F400029A60C0F88040D2E700BF4E
:10A70800FEFFFFEF0268D36970B51E07156804469F
:10A71800916800F084806C4805F4907C08405CEAFD
:10A7280000061DD1D80202D54E0200F19D80180600
:10A7380006D501F4000105F08000014340F08C804B
:10A748005E0602D5680600F19B80190202D56A00F0
:10A7580000F1A380DB0102D5002DC0F2AA8070BDF4
:10A76800DE0709D5EE0507D501261662D4F88860FC
:10A7780046F00106C4F888609E0760D5CE0709D563
:10A7880002261662D4F8886046F00406C4F8886089
:10A798005E0758D41E070CD505F0200C5CEA0000B3
:10A7A80007D008201062D4F8880040F00800C4F8E8
:10A7B8008800D4F888000028D1D09E0606D505F078
:10A7C800200501F0805155EA01036BD1D4F8885077
:10A7D800936805F0080503F040031D436ED0116827
:10A7E80020203A4B21F49071116091680B400021B0
:10A7F8009360C4F884009368E1665D063CD593686D
:10A80800A06F23F040039360002835D0304B0365D8
:10A81800F6F774FC0028A2D0A06F036D0CE09E062A
:10A8280080D505F0200C01F0805E5CEA0E063FF44E
:10A8380079AFC36E002B92D0BDE8704018475E0711
:10A84800A8D5CE07A6D504261662D4F8886046F0A7
:10A858000206C4F888609DE7236F002B3FF47FAFA2
:10A868002046BDE8704018474FF480132046136215
:10A87800BDE8704001F068BB2046FCF765F970BD83
:10A8880013682020002123F040031360C4F88000DF
:10A8980020462167FCF7C2F870BD2046BDE870402D
:10A8A80001F056BBE36E002B90D0204698472268F3
:10A8B8008CE72046BDE8704001F048BB2046FCF715
:10A8C80043F9C4F8885070BD01000010FEFFFFEF87
:10A8D800DDA8000808B5806B0023A0F85E30A0F85A
:10A8E8005630FCF731F908BDD0F88020D0F8840044
:10A8F80010437047F0B58268044687B02368D0E9F2
:10A9080004101D680A43616E0243E06902430A436A
:10A91800A8492940A84D0A43E168AB421A605A6821
:10A9280022F4405242EA0102A1695A6000F09D8077
:10A93800226A9D681143A14A666A2A4011439960B8
:10A94800DA6A22F00F023243DA629D4A934224D037
:10A958009C4A934255D09C4A934200F02F829B4ACE
:10A96800934200F09B829A4A934200F0E980994A08
:10A97800934200F09D82984A934200F0D885974A06
:10A98800934200F0D682012500234FF00112284699
:10A998002367C4E91A2307B0F0BD914B5B6D03F040
:10A9A8003803282BEFD88F4AD55CB0F5004F33D049
:10A9B800202D00F2D981202D00F2B680DFE815F0B5
:10A9C800A8017B01B400B4007201B400B400B40063
:10A9D8004901B400B400B400B400B400B400B40039
:10A9E8001C01B400B400B400B400B400B400B40056
:10A9F800B400B400B400B400B400B400B400B400AF
:10AA0800CA00774B5B6D03F00703052BBBD8764A6A
:10AA1800B0F5004FD55CCBD1202D00F21482202D4B
:10AA280000F20082DFE815F08A035804FE01FE01F7
:10AA38002804FE01FE01FE018604FE01FE01FE015E
:10AA4800FE01FE01FE01FE01F203FE01FE01FE0110
:10AA5800FE01FE01FE01FE01FE01FE01FE01FE01F6
:10AA6800FE01FE01FE01FE01B7039868534A024049
:10AA78005B480A439A60DA6A616A22F00F020A4365
:10AA8800DA62836D03F00703052B3FF67CAF574A64
:10AA9800D65C202E00F29C81012E7FF674AFB31E87
:10AAA8001E2B3FF670AF01A252F823F06BB00008DE
:10AAB8008FA9000815B000088FA900088FA9000801
:10AAC8008FA90008DFB000088FA900088FA9000827
:10AAD8008FA900088FA900088FA900088FA900086E
:10AAE8008FA900087FB000088FA900088FA9000867
:10AAF8008FA900088FA900088FA900088FA900084E
:10AB08008FA900088FA900088FA900088FA900083D
:10AB18008FA900088FA900088FA900088FA900082D
:10AB28008FA90008F5B0000801250023A3F1100142
:10AB38004FF6EF7291423FF626AF2268D36023E7C3
:10AB4800274B5B6D03F00703052B3FF61CAF284A24
:10AB5800D55C2AE7002E00F0B581012E00F09E8515
:10AB6800022E00F0B185032E00F0D885042E00F0E7
:10AB7800F485052E00F08486062E00F0BE86072E8A
:10AB880000F0FD86082E00F05087092E00F07B8724
:10AB98000A2E00F0DC8743F60953164A0B2E18BF1D
:10ABA80013466268002503EB5203B3FBF2F39BB232
:10ABB800BCE700BFF369FFCF000C0058FFF4FF119A
:10ABC800001001400044004000480040004C004094
:10ABD800005000400014014000780040007C004014
:10ABE80000440258D0F70008FCF7000804F80008F1
:10ABF800FCF7000800093D00B34B1A68920640F1C3
:10AC08006F811A68B14BC2F3C102D340002EC8D07D
:10AC1800012E00F0EF81022E00F0C584032E00F013
:10AC2800BF84042E00F02B85052E00F09D86062E8D
:10AC380000F0DC86072E00F01C86082E00F04E86F9
:10AC4800092E00F08E860A2E00F0E3860B2EA8D17E
:10AC580026E003A8F8F7D6F9626A049B002AA0D078
:10AC6800012A00F0C781022A00F09D84032A00F01F
:10AC78009784042A00F00385052A00F0FD84062A3B
:10AC880000F07E85072A00F0F485082A00F0268661
:10AC9800092A00F066860A2A00F0BB860B2A80D1B2
:10ACA8001B0A7EE76846F8F7EFF8626A019B002AFC
:10ACB8003FF477AFD4E7F7F787FA636A03B3012B5A
:10ACC80000F0F384022B00F0CE84032B00F0C8843C
:10ACD800042B00F01785052B00F01185062B00F0DA
:10ACE8000686072B00F04886082B00F09B86092B68
:10ACF80000F0E1860A2B00F03B870B2B08BF000A07
:10AD08006268002500EB5203B3FBF2F39BB20DE738
:10AD1800F7F73EFA636A03B3012B00F0C984022BEC
:10AD280000F0A784032B00F0A184042B00F0E48436
:10AD3800052B00F0DE84062B00F0E685072B00F0DB
:10AD48003686082B00F08786092B00F0B1860A2B7F
:10AD580000F0FA860B2B08BF000A626800EB52036A
:10AD6800B3FBF2F39BB2E1E6402D7FF40CAE002E6C
:10AD780000F0DC80012E00F09484022E00F0A784FD
:10AD8800032E00F0C784042E00F0EC84052E00F09A
:10AD98007A85062E00F0B485072E00F0FE85082E71
:10ADA80000F04986092E00F08B860A2E00F02987CC
:10ADB8000B2E0CBF80234FF40043F2E6424B5B6D31
:10ADC80003F00703052B3FF6DEAD414AD55CECE501
:10ADD800402E7FF4D8AD002900F0B580012900F09D
:10ADE8006E84022900F08284032900F0AF840429CC
:10ADF80000F03B85052900F06985062900F0AD853E
:10AE0800072900F0EF85082900F03686092900F0A7
:10AE18005B860A2900F0F9860B290CBF80254FF4C0
:10AE2800004592E001250023A3F110014FF6EF72CF
:10AE380091423FF6A8AD23F00F02C3F34203134338
:10AE48002268D360A0E5402D7FF49DAD002E00F070
:10AE5800D380012E00F0D280022E00F06D84032EE4
:10AE680000F0F484042E00F02585052E00F0688596
:10AE7800062E00F0C285072E00F01086082E00F07E
:10AE88004886092E00F059860A2E00F0EC860B2E13
:10AE98000CBF4FF480704FF48030AFE00A4B5B6D0D
:10AEA80003F00703052B3FF66EAD0A4AD55C7CE537
:10AEB800054B5B6D03F03803282B3FF664AD064A5B
:10AEC800D55C72E5054B6CE6004402580090D0034F
:10AED800FCF70008FCF70008D0F7000800093D005F
:10AEE800002E00F0BA83012E00F0FD83022E00F040
:10AEF8002A84032E00F0B684042E00F0E484052E84
:10AF080000F02885062E00F08785072EDAD0082E57
:10AF180000F0C483092E00F0D7830A2E00F01D84A8
:10AF2800B44BB54A0B2E18BF13463AE64FF400430C
:10AF380037E6B24B5B6D03F00703052B3FF623ADF5
:10AF4800AF4AD55C31E54FF40045676807EB470326
:10AF5800AB423FF618ADB5EB073F3FF614AD202ED8
:10AF680000F2F082012E7FF60EAD023E1E2E3FF655
:10AF78000AAD01A353F826F0BDB400088FA9000854
:10AF880093B400088FA900088FA900088FA90008AA
:10AF980031B400088FA900088FA900088FA90008FC
:10AFA8008FA900088FA900088FA900088FA9000899
:10AFB800C5B300088FA900088FA900088FA9000849
:10AFC8008FA900088FA900088FA900088FA9000879
:10AFD8008FA900088FA900088FA900088FA9000869
:10AFE8008FA900088FA900088FA900088FA9000859
:10AFF8004DB300085B08D4E54FF480306268002543
:10B0080000EB5203B3FBF2F39BB20DE76846F7F788
:10B018003BFF636A019D03B3012B00F0CF82022B33
:10B0280000F0C782032B00F0C182042B00F02F83AD
:10B03800052B00F02983062B00F09883072B00F0DE
:10B048002684082B00F04D84092B00F09B840A2BE2
:10B0580000F0FB840B2B00F06582002D3FF494ACCC
:10B0680073E7F7F7FFFE636A0546002BD4D1002D7E
:10B078003FF48AAC69E7614B1A68950640F1A582EE
:10B088001B685D4DC3F3C103DD4000293FF45DAF8C
:10B09800012900F04D83022900F04683032900F0BE
:10B0A8004083042900F04584052900F0838406299B
:10B0B80000F0D484072900F02085082900F04F8586
:10B0C800092900F0F9850A2900F0FD850B297FF48C
:10B0D8003CAF2D0A39E703A8F7F794FF636A049D8C
:10B0E800002B99D1002D3FF44FAC2EE7002900F03A
:10B0F8006A82012900F0DF82022900F0F282032926
:10B1080000F02883042900F0AA83052900F0D883D9
:10B11800062900F02E84072900F06184082900F030
:10B12800AF84092900F0EF840A2900F0148543F65A
:10B138000955344B0B2918BF1D4606E7F7F728F8C1
:10B14800636A03B3012B00F0CA82022B00F0F78276
:10B15800032B00F07F83042B00F0B083052B00F055
:10B16800EB83062B00F05084072B00F09E84082BFD
:10B1780000F0B984092B00F0E4840A2B00F07085F4
:10B188000B2B08BF000A61684A0802EB4003B3FBB7
:10B19800F1F39BB248E6002E00F03A82012E00F04F
:10B1A8009A82022E00F0C682032E00F04D83042EF0
:10B1B80000F07E83052E00F0BA83062E00F021846D
:10B1C800072E00F06F84082E00F08284092E00F00C
:10B1D800CC840A2E00F06C8547F612230A4A0B2EFF
:10B1E80018BF13466268002503EB5203B3FBF2F362
:10B1F8009BB219E690D003000090D0030044025897
:10B20800FCF7000800093D0000127A00A44B1A68F8
:10B21800910640F1FF811A68A24BC2F3C10223FADA
:10B2280002F206B3012E00F0B182022E00F037833D
:10B23800032E00F06F83042E00F0C683052E00F065
:10B248000084062E00F06F84072E00F07184082E0B
:10B2580000F00385092E00F03C850A2E00F03685A3
:10B268000B2E08BF120A616800254B0803EB420346
:10B27800B3FBF1F39BB2D7E56846F7F705FE626AC0
:10B28800019902B3012A00F00782022A00F01A820B
:10B29800032A00F03A82042A00F06282052A00F0AC
:10B2A800EB82062A00F01683072A00F07483082A26
:10B2B80000F0A183092A00F001840A2A00F05B84C7
:10B2C8000B2A08BF090A62680025530803EB4103EB
:10B2D800B3FBF2F39BB2A7E5F6F776FF636A03B315
:10B2E800012B00F0FA81022B00F02B82032B00F0D7
:10B2F8008382042B00F0DA82052B00F02583062BCD
:10B3080000F06983072B00F0C283082B00F0EE835E
:10B31800092B00F07E840A2B00F08D840B2B08BFCC
:10B32800000A616800254A0802EB4003B3FBF1F309
:10B338009BB279E503A8F7F765FE626A0499002ACB
:10B34800C1D09FE7616A002900F05482012900F00A
:10B358001F83022900F08B83032900F0BF8304298F
:10B3680000F00084052900F0AA84062900F08E84E4
:10B37800072900F08784082900F0E584092900F0EE
:10B38800DE840A2900F0A8844748484B0B2918BFD7
:10B39800184600217B083A4618184FF0000341F17F
:10B3A8000001F4F795FFA0F54073414A93423FF638
:10B3B800EAAA23680025D860FFF7E6BA384A116878
:10B3C80011F0200100F0E781136800213548C3F32C
:10B3D800C103D840636A0BB3012B00F04B83022BE7
:10B3E80000F07F83032B00F00584042B00F05D84BC
:10B3F800052B00F02C84062B00F0A984072B00F005
:10B40800B484082B00F0AD84092B00F094840A2B37
:10B4180000F08D840B2B01D1000A002109020302E0
:10B4280041EA10617808B6E703A8F7F7EBFD04983E
:10B43800636A002102460BB3012B00F03582022B10
:10B4480000F08682032B00F0C182042B00F02183D8
:10B45800052B00F04D83062B00F09083072B00F09E
:10B468002184082B00F00B84092B00F004840A2B9C
:10B4780000F052840B2B01D1100A002162680902E6
:10B48800030241EA1061500886E76846F7F7FCFCBA
:10B498000198636A00210246002BEFD0CCE700BF79
:10B4A800004402580090D00300093D000000093D07
:10B4B800FFFC0F00F7F7D6FC626A002103460AB3C7
:10B4C800012A00F06E82022A00F0B982032A00F0F5
:10B4D8002483042A00F09383052A00F0A683062A11
:10B4E80000F0DA83072A00F0D583082A00F01C84CC
:10B4F800092A00F015840A2A00F02F840B2A01D1AA
:10B50800030A002162680902180241EA136153081C
:10B51800C0184FF0000341F10001F4F7D9FEA0F57F
:10B52800407342E72D0A002D3FF42EAA0DE5B54BD6
:10B538005B6D03F00703052B3FF625AAB24AD55CDD
:10B54800FFF733BA402E7FF41EAA616A002900F083
:10B558004E81012900F02782022900F08482032904
:10B5680000F0CE82042900F05783052900F05983A2
:10B57800062900F06883072900F06083082900F095
:10B58800B783092900F0AF830A2900F0C0830B298B
:10B598004FF000010CBF4FF400404FF40000F9E6F3
:10B5A8009A4AA2FB03239B08FFF7FBBA974BA3FB1E
:10B5B8000535AD08002D3FF4E7A9C6E46D08002D58
:10B5C8003FF4E2A9C1E4924DBFE400295AD0012911
:10B5D80000F0AC80022900F0DB80032900F06181D3
:10B5E800042900F0A181052900F0EB81062900F06B
:10B5F80016820729E7D008295DD0092971D00A29C0
:10B6080000F02D81834D844B0B2918BF1D469CE407
:10B61800824BE7E5002E50D0012E00F0AF80022EBD
:10B6280000F03B81032E00F07A81042E00F0C781E0
:10B63800052E00F0FD81062E00F04D82072EE7D082
:10B64800082E48D0092E75D00A2E00F03181744B8F
:10B65800744A0B2E18BF1346C4E56F4BFFF7A1BA07
:10B668006A4BA3FB00308008FFF74ABB674BA3FB7C
:10B6780000308008FFF771BB6B4AA2FB0323DB088D
:10B68800FFF78FBA644D60E4674BA3FB0535ED08FF
:10B69800002D3FF479A958E4490814E6634BFFF7F5
:10B6A80080BA4FF48043FFF77CBA4008FFF728BB05
:10B6B8004008FFF752BB5D4D47E45A4B92E54FF403
:10B6C800804542E48908FEE5594BFFF76ABA4FF412
:10B6D8000053FFF766BA4E4B84E5400821E6400860
:10B6E80051E5534D31E4534BFFF75BBA4FF4005526
:10B6F8002BE44D4BA3FB0030C008FFF72EBB4A4B91
:10B70800A3FB0030C008FFF7FBBA404BA3FB0123A3
:10B718009908D8E541F25553FFF743BA464BFFF76E
:10B7280040BA3A4BA3FB0535AD080EE4414D0CE495
:10B738006D080AE43D4B55E54FF480405EE480080F
:10B7480021E58008EDE53D4BFFF72BBA41F2555551
:10B75800FFF7FBBB384DFFF7F8BB314BFFF721BABA
:10B76800C908B0E54FF48053FFF71BBA0C23B5FBAB
:10B77800F3F5002D3FF408A9FFF7E7BB264B31E5A9
:10B78800224AA2FB0323DB08FFF70BBA52086AE53B
:10B798002A4DFFF7DABB626A002A00F0C280012A4C
:10B7A80000F07981022A00F0B281032A00F0C381F7
:10B7B800042A00F05E82052A00F05982062A00F069
:10B7C8009E82072A00F09982082A00F09D82092AA1
:10B7D80000F097820A2A00F083820B2A184A0E4B3F
:10B7E8000EBF00210321134678083A4690E64FF42D
:10B7F8000000CFE51348CDE5044BA3FB00239808D0
:10B808008FE500BF00440258FCF70008ABAAAAAABB
:10B8180000093D0090D003000090D00300127A0088
:10B8280020A107000020A107CDCCCCCC80841E002D
:10B8380040420F000048E8012A2C0A000024F400C6
:10B84800000090D00000093DCF4BCBE442F6AA207F
:10B85800FFF7D4BBCD4BA3FB0023980893E4CC4D52
:10B86800FFF773BBCB4BFFF79CB94FF48055FFF73D
:10B878006CBB1B09FFF795B90A23B1FBF3F122E56D
:10B88800C54BFFF78EB940F6CC43FFF78AB92D09AF
:10B89800002D3FF479A8FFF758BBC04BA2E49208EB
:10B8A800E1E4BC4DFFF751BB4008E7E5C00838E5C7
:10B8B800BB4B97E44FF40050FFF7A0BBC00862E40D
:10B8C800B54DFFF742BBB74BFFF76BB940F6CC4518
:10B8D800FFF73BBB0C23B1FBF3F1F4E45B09FFF783
:10B8E80060B96D09002D3FF44FA8FFF72EBBA74B99
:10B8F800A3FB0030C008FFF703BAAB4BFFF751B901
:10B9080040F6AA23FFF74DB9A04BA3FB0030C008AF
:10B91800FFF723BA9D4BA3FB02239A08A3E4A34B8A
:10B9280060E4A34B03215FE79E4DFFF70EBBA14BDD
:10B9380058E4ED08FFF709BB0A23B0FBF3F022E453
:10B9480041F69810FFF75ABB0A23B0FBF3F0E8E47E
:10B95800800893E5984BFFF724B940F6AA25FFF72E
:10B96800F4BA9B09FFF71DB90A22B3FBF2F3FFF7FC
:10B9780018B98D4DFFF7E9BA0009FFF7C1B98F4B28
:10B98800FFF70FB9AD09002D3EF4FEAFFFF7DDBAA2
:10B998008B480021FEE4090995E44FF40063FFF7A2
:10B9A80000B94308AEE54FF480000021F2E4000935
:10B9B800FFF7D3B90A23B5FBF3F5FFF7C6BA814BF6
:10B9C80010E47D4DFFF7C1BAD2084CE406220023EB
:10B9D800F4F77EFC52E50C23B0FBF3F0A1E4774DBD
:10B9E800FFF7B3BA4FF40065FFF7AFBA0C22B3FB09
:10B9F800F2F3FFF7D6B8490965E441F25450FFF76E
:10BA0800FDBA714BFFF7EEBB0C23B0FBF3F0FFF769
:10BA1800BABBDB09FFF7C5B86C4BFFF7C2B86B4D73
:10BA2800FFF793BA4009FFF76BB9694BFFF7B9B84D
:10BA3800684BFFF7D7BB4FF48063FFF7B2B88308B2
:10BA480060E50A23B2FBF3F20DE4ED09002D3EF4A4
:10BA58009BAFFFF77ABA4009FFF77FB90C23B5FB14
:10BA6800F3F5FFF772BA4FF40010002192E45A4838
:10BA780000218FE44008D1E44FF48065FFF765BAF0
:10BA8800534DFFF762BA4FF22443FFF78AB8000913
:10BA980047E4C008F2E4514B1146A5E64FF4805044
:10BAA800FFF7ACBA3A4BFFF79DBB0009FFF76BBB3A
:10BAB8008009FFF752B98009FFF722B9890902E422
:10BAC8004FF40073FFF76DB84FF40075FFF73DBAF8
:10BAD8003A4BFFF787BB2F4BFFF784BB4048002149
:10BAE80058E480089AE44009FFF74DBB400918E480
:10BAF8000A220023F4F7ECFBC0E42D09FFF725BA6E
:10BB08003848002146E44FF22445FFF71EBA364B69
:10BB18006AE64FF40060FFF771BA00230622F4F7D3
:10BB2800D7FB0346EEE40C23B2FBF3F2FFF79BBB13
:10BB38001209FFF798BB2D4B56E64FF48060FFF7CC
:10BB48005DBA8009FFF71FBBC009FFF706B947F6C2
:10BB58001223FFF726B847F61225FFF7F6B96D0945
:10BB6800FFF7F3B92248002114E4194BFFF73ABB59
:10BB7800C009FFF7C5B8C909FFF7A5BB0C22002308
:10BB8800F4F7A6FB7AE400BF54581400ABAAAAAA9B
:10BB980020A10700AAC2A200801A06000048E801F6
:10BBA80040420F0000127A00151605005485450121
:10BBB800000090D000350C0000A8610090D0030070
:10BBC8000080841E0024F4002A2C0A0055615100CC
:10BBD80048E801000050C3000040420F000048E858
:10BBE800002A2C0A00551500000024F400AAC2A25D
:10BBF8000020A10706220023F4F76AFB0EE4C3081D
:10BC080080E44FF48073FEF7CCBF4FF48075FFF7E4
:10BC18009CB98009FFF785BB4FF480100021FFF71E
:10BC2800B9BB53480021FFF7B5BB00230A22F4F73C
:10BC38004FFB034666E4C009FFF773BB4FF40020CF
:10BC48000021FFF7A7BB4B480021FFF7A3BB0A223F
:10BC58000023F4F73DFBFFF7E1BB5209FFF703BBF5
:10BC6800C009FFF790BA4FF40070FFF7C7B9424B0D
:10BC7800BAE5424BB8E590090021FFF7FFBB400940
:10BC8800FFF7FCBB3E480021FFF784BB3D4800217D
:10BC9800FFF780BB030935E400230C22F4F718FBF7
:10BCA80003462FE40009FFF7E9BBC008FFF7B6BB5E
:10BCB8004FF22443FFF796BAAD09FFF746B9324869
:10BCC8000021FFF767BBED09FFF73FB9D209FFF77E
:10BCD800CABA9209FFF7C7BA2C480021FFF75ABB26
:10BCE8002B4B002180E54FF400300021FFF752BBB9
:10BCF8004FF480200021FFF74DBB264B74E5264BFF
:10BD080072E5264B00216FE5254B00216CE54FF4C9
:10BD180080300021FFF73EBBD0090021FFF7AEBB02
:10BD280083090021FFF7EEBB4309FFF7EBBBC0090E
:10BD38000021FFF773BB80090021FFF76FBB19488B
:10BD48000021FFF727BB18480021FFF723BB0C226F
:10BD58000023F4F7BDFAFFF761BBC3090021FFF721
:10BD6800D1BB40090021FFF759BB0009FFF756BBBB
:10BD780000CC0C0000AA0A000000A8610000127A9A
:10BD88000090D0030015160500801A0600127A00EC
:10BD98000020A1070000093D005561510040420FF5
:10BDA8000080841E0024F4000048E801836ADA0752
:10BDB80010B406D50168C46A4A6822F400322243E6
:10BDC8004A609C0706D50168046B4A6822F48032F1
:10BDD80022434A60590706D50168446B4A6822F431
:10BDE800802222434A601A0706D50168846B4A6894
:10BDF80022F4004222434A60DC0606D50168C46B7F
:10BE08008A6822F4805222438A60990606D501681E
:10BE1800046C8A6822F4005222438A605A060AD5C2
:10BE28000168446C4A68B4F5801F22F4801242EA23
:10BE380004024A600BD01B0606D50268C16C536821
:10BE480023F400230B4353605DF8044B70474A68A2
:10BE5800846C22F4C00222434A60ECE7002370B5E8
:10BE68000446C0F88830F4F789FC054623681A6848
:10BE780011070CD41A68520725D420220023C4F8CD
:10BE880080201846C4F8842084F87C3070BDDE69B0
:10BE980016F40016EED1F4F771FC431BB3F1007FE2
:10BEA8002368F4D31A682021032022F4D0721A6080
:10BEB8009A6822F001029A60C4F8801084F87C60C5
:10BEC800C4F8841070BDDE6916F48006D5D1F4F785
:10BED80055FC431BB3F1007F2368F4D3E2E700BFAE
:10BEE80080B3D0F8803010B5044633B322682423D9
:10BEF8002046C4F88030136823F001031360FEF76E
:10BF0800F9FC012817D0A36A8BB9236820465A6820
:10BF180022F490425A609A6822F02A029A601A68BB
:10BF280042F00102BDE810401A60FFF797BF2046B3
:10BF3800FFF73CFFE9E7012010BD80F87C30FAF7F5
:10BF4800C1FAD3E701207047704700BF704700BFB0
:10BF5800704700BF0B6810B4D3B90468A3F5004359
:10BF68004A6823401343D1E9024223431343D1E9EA
:10BF7800044223431343D1E9064223431343D1E93F
:10BF8800084223435DF8044B1343036000207047C5
:10BF98000268D1E9074322F4F84222434C6A1A4363
:10BFA8000A4B2243026042681340D1E9014223430D
:10BFB8001343D1E9034223431343D1E90542234301
:10BFC8005DF8044B13434360002070470080FFFF77
:10BFD80030B40ABB8368D1E9002403F07043013C04
:10BFE800013A43EA04131343D1E90224013A013C1C
:10BFF80043EA022343EA0432D1E904348969013B64
:10C00800013C013942EA034343EA045343EA01632A
:10C0180030BC8360002070478268CC68114B013CBB
:10C0280013404A6943EA0433541E43EA0454D1E9ED
:10C0380000258460C3686C1E013A03F0704343EA2C
:10C0480004130C691A438B68013C8969013B013967
:10C0580042EA032343EA044343EA016330BCC36072
:10C0680000207047FF0F0FFF0246D1E9003010B4DF
:10C0780003431469D1E9021023435DF8044B0139E5
:10C0880043EA4023002043EA41131361704700BF8D
:10C098000246054B002010B4546923405DF8044B58
:10C0A80043EA41015161704701C0FFFF022A82B093
:10C0B800844613D009230193DCF80C30002023F4C4
:10C0C8007053CCF80C30019BDCF80C209B0203F475
:10C0D80070531343CCF80C3002B07047224B234AFC
:10C0E8000B44934207D9224B224A0B44934205D86A
:10C0F8000E230193E0E70F230193DDE71E4B1F4A50
:10C108000B44934207D91E4B1E4A0B44934205D257
:10C118000C230193D0E70D230193CDE71A4B1B4A5B
:10C128000B44934202D80B230193C5E7184B194AD5
:10C138000B44934202D20A230193BDE7164B174AD8
:10C148000B449342B6D3164B164A0B44934202D281
:10C1580008230193B0E7144B144A0B44934234BFAD
:10C16800072306230193A7E7405327FFFF340C005A
:10C17800401E1BFF3F420F0000DC0BFF7F4F1200E9
:10C18800808CF9FE20D6130060B6E5FE5FE316004A
:10C1980000D3CEFE40771B00C05BB3FEC0912100E8
:10C1A80000CA91FE20753800E05459FEE09C410019
:10C1B800890182B000230A4A41F0200101930161FC
:10C1C80003E0036913F0200307D0019B0133934276
:10C1D8000193F6D9032002B07047184602B07047A1
:10C1E800400D0300D0F8083882B003F0060301932D
:10C1F800019838B10198022804D0019B062B0CBF86
:10C2080002200F2002B0704730B44B780A78012B17
:10C2180020D002F00F0C4FF48033D0F81C4800EB0C
:10C22800421203FA0CF32343C0F81C38D2F8003B3F
:10C238001B040CD48B68D2F8004BC3F30A03C878EC
:10C248001449234343EA80431943C2F8001B0020E2
:10C2580030BC704700F5006402F00F0500EB421097
:10C26800AB40E5692B43E361D0F800391C04EED4F8
:10C278008B68D0F80059C3F30A03CC7805492B43DF
:10C2880043EA844343EA8252114330BCC0F80019A0
:10C2980000207047008000102DE9F0414B7891F89C
:10C2A80000C0012B51D000EB4C1C844CDCF8105B17
:10C2B8000CF530632C401C61814C1D692C401C61BD
:10C2C8004C6984B38D68012A7E4E2C4404F1FF34F6
:10C2D800B4FBF5F406EAC44EA4B205FB04F41D69E8
:10C2E8004EEA0505C4F312041D611D6944EA0504FC
:10C2F8001C6125D0CB78012B0CD1D0F8083813F469
:10C30800807FDCF8003B0CBF43F0005343F08053C0
:10C31800CCF8003BDCF8003B43F00443CCF8003B8E
:10C328000020BDE8F0818C68012A1D69C4F312045D
:10C3380044EA05041C611C6944F400241C61D9D139
:10C34800CA68002AD6D05A61D4E74D69002D3DD07D
:10C3580000EB4C14594ED1F808E0D4F81089584F26
:10C3680008EA0606C4F8106905EB0E06013EB6FB9E
:10C37800FEFED4F810693740524EC4F8107906EA28
:10C38800CE46D4F810793E43C4F81069C5F31206B6
:10C39800D4F810793E43C4F8106904F5106691F892
:10C3A80003E0BEF1010F57D0012A72D0D4F800295A
:10C3B8000CF00F0C42F0044203FA0CF3C4F8002905
:10C3C800D0F834281343C0F83438A9E700EB4C13ED
:10C3D8003B4E3A4C012AD3F8107906EA0706C3F80F
:10C3E8001069D3F8106946F40026C3F81069D3F829
:10C3F800106904EA060403F51066C3F8104991F8B9
:10C4080003E03AD0D3F80049BEF1010F44F00444E8
:10C41800C3F8004984D1D0F8083813F4807F336812
:10C428000CBF43F0005343F080533360002A7FF47D
:10C4380077AFADB20335AD083FF472AFCB6800EB10
:10C448000C3C03EB85010CF5805C53F8042B8B4204
:10C45800CCF80020F9D163E73369012A23F0C043FF
:10C468003361336943F00053336117D0D4F800398E
:10C4780043F00443C4F80039CDE70B6963B9BEF152
:10C48800010F0ED03368002043F004433360BDE849
:10C49800F0810B69002BF5D07361F0E70B69002B75
:10C4A800FAD1D0F8083813F4807F33680CBF43F012
:10C4B800005343F080533360E4E700BF0000F8FF07
:10C4C800FFFF07E00000F81FF0B54C780B78012C4F
:10C4D80026D000EB4310574CD0F8105B00F53063C2
:10C4E8002C401C61544C1D692C401C614C69A4B93A
:10C4F8008C681D69C4F31204012A45F400251D61E6
:10C508001D6944EA05041C6149D0D0F8003B43F09A
:10C518000443C0F8003B0020F0BD8C684C61E8E79C
:10C528004C69002C40D000EB4315424FD1F808E08D
:10C53800D5F810C9404E74450CEA070705F5106C8C
:10C54800C5F81079D5F8107906EA0706C5F8106914
:10C5580058D9DCF81040012AC1F814E044F400244A
:10C56800CCF81040CEF31204DCF8106044EA06045C
:10C57800CCF810403AD0D5F8002942F00442C5F86A
:10C588000029BEF1000FC6D003F00F010123D0F837
:10C5980034288B401343C0F834380020F0BDCA68F3
:10C5A800002AB2D05A61B0E700EB4310224B012AAF
:10C5B800D0F8104900F5106C03EA0403CCF81030E9
:10C5C800DCF8103043F40023CCF81030194BDCF8B9
:10C5D800104003EA0403CCF8103007D0D0F8003933
:10C5E80043F00443C0F800390020F0BD0B690BB1DB
:10C5F800CCF81430DCF80030002043F00443CCF8C9
:10C608000030F0BDDCF81060C4F31204012A46F4CF
:10C618000026CCF81060DCF8106044EA0604CCF878
:10C628001040E3D0D5F8002942F00442C5F80029AB
:10C63800AAE700BF0000F8FFFFFF07E010B49DF86D
:10C64800044064B903339B0809D0013201EB83032A
:10C6580000EB023051F8042B8B420260FAD1002023
:10C668005DF8044B704700BF033292080AD000F50A
:10C67800805C01EB8200DCF8003041F8043B884222
:10C68800F9D17047084670474A780B78012A00EBC1
:10C6980043100CD0D0F8002B0BB1002A14DAD0F8D4
:10C6A800003B43F40013C0F8003B00207047D0F86B
:10C6B8000029002A00DB73B9D0F8003943F40013CD
:10C6C800C0F8003900207047D0F8003B23F08043C1
:10C6D800C0F8003BE3E7D0F8003923F08043C0F806
:10C6E8000039D0F8003943F40013C0F80039E9E7FD
:10C6F8004A780B78012A00EB431013D0D0F8003B9E
:10C7080023F40013C0F8003BCB78023B012B01D97E
:10C7180000207047D0F8003B43F08053C0F8003B3E
:10C7280000207047D0F8003923F40013C0F800390E
:10C73800CB78023B012BEBD8D0F8003943F080537B
:10C74800C0F8003900207047034609010020D3F8DB
:10C75800002801F4FE6122F4FE62C3F80028D3F831
:10C7680000281143C3F80018704700BF82B043691E
:10C7780001938269019B13400193019802B07047AD
:10C7880082B0D0F818380193D0F81C28019B1340C8
:10C7980001930198000C02B0704700BF82B0D0F836
:10C7A80018380193D0F81C28019B13400193019875
:10C7B80080B202B0704700BF00EB411182B0D1F8DF
:10C7C800083B0193D0F81428019B1340019301986A
:10C7D80002B0704784B0D0F8103801F00F0C00EBAD
:10C7E80041110293D0F834380393039B029A23FA39
:10C7F8000CF3DB01DBB213430293D1F80839029A38
:10C8080013400193019804B0704700BF406900F0DD
:10C8180001007047D0F8001900F500630A4A0A4081
:10C82800C0F800299A6802F00602042A05D1D0F857
:10C83800002942F00302C0F800295A68002042F497
:10C8480080725A60704700BF00F8FFFF144B10B4A5
:10C85800046C9C421AD800F530600023012903615A
:10C86800036943F400230361036943F01803036178
:10C87800036943F0C043036104D14261036843F094
:10C888008023036000205DF8044B7047D0F8003B1C
:10C8980000F53060002BE0DA00205DF8044B7047AB
:10C8A8000A30544FD0F8002401F00303012900F5A1
:10C8B800806C22F00302C0F80024D0F8002443EA78
:10C8C8000203C0F8003409D0022901D000207047C3
:10C8D80041F270730020CCF8043070474BF6803377
:10C8E8000020CCF804307047D0F8140480B27047A8
:10C8F80000EB4111002382B001F5A0620193D1F849
:10C90800003513F4802FD1F8003543F08043C1F887
:10C91800003522D1C36A13F47F0FD1F8003523D133
:10C9280023F00043C1F80035D1F8003543F0004347
:10C93800C1F80035D1F8003523F40043C1F80035BB
:10C9480002E01368002B13DA019B0133B3F57A7FF9
:10C958000193F6D9002002B07047D0F8103413F4D0
:10C968007F0FD1F8003506D043F00043C1F80035F9
:10C97800002002B0704723F00043C1F80035D1F819
:10C98800003543F00043C1F80035D1F8003523F4F1
:10C998000043C1F8003502E01368002BE8DA019B78
:10C9A8000133B3F57A7F0193F6D9002002B07047BE
:10C9B80030B4002484B04FF48465AA4A0094014638
:10C9C800836823F0010383600394056102E00B6927
:10C9D800980604D5039B013393420393F7D90020AB
:10C9E8001023A04A02900B6102E00B69DB0604D514
:10C9F800029B013393420293F7D9D1F8003501F530
:10CA0800A06201F5E0600193019B43F0804301932C
:10CA1800019B23F000430193019B23F400430193FE
:10CA2800019BC1F80035D1F820350193019B43F0F3
:10CA380080430193019B23F000430193019B23F45E
:10CA480000430193019BC1F82035D1F8403501938B
:10CA5800019B43F080430193019B23F00043019322
:10CA6800019B23F400430193019BC1F84035D1F8A1
:10CA780060350193019B43F080430193019B23F0B0
:10CA880000430193019B23F400430193019BC1F8E8
:10CA98006035D1F880350193019B43F080430193C1
:10CAA800019B23F000430193019B23F4004301936E
:10CAB800019BC1F88035D1F8A0350193019B43F063
:10CAC80080430193019B23F000430193019B23F4CE
:10CAD80000430193019BC1F8A035D1F8C0350193FB
:10CAE800019B43F080430193019B23F00043019392
:10CAF800019B23F400430193019BC1F8C035D1F891
:10CB0800E0350193019B43F080430193019B23F09F
:10CB180000430193019B23F400430193019BC1F857
:10CB2800E035D1F800360193019B43F0804301932F
:10CB3800019B23F000430193019B23F400430193DD
:10CB4800019BC1F80036D1F820360193019B43F0D0
:10CB580080430193019B23F000430193019B23F43D
:10CB680000430193019BC1F82036D1F84036019368
:10CB7800019B43F080430193019B23F00043019301
:10CB8800019B23F400430193019BC1F84036D1F87F
:10CB980060360193019B43F080430193019B23F08E
:10CBA80000430193019B23F400430193019BC1F8C7
:10CBB8006036D1F880360193019B43F0804301939E
:10CBC800019B23F000430193019B23F4004301934D
:10CBD800019BC1F88036D1F8A0360193019B43F040
:10CBE80080430193019B23F000430193019B23F4AD
:10CBF80000430193019BC1F8A036D1F8C0360193D8
:10CC0800019B43F080430193019B23F00043019370
:10CC1800019B23F400430193019BC1F8C036D1F86E
:10CC2800E0360193019B43F080430193019B23F07D
:10CC380000430193019B23F400430193019BC1F836
:10CC4800E03613680193019B43F080430193019BF5
:10CC580043F000430193019B23F400430193019B9C
:10CC6800136004E0400D03001368002B05DA009BF5
:10CC78000133B3F57A7F0093F6D920328242E0D1AE
:10CC88004FF0FF330020C1F814344B618B6843F038
:10CC980001038B6004B030BC704700BF08B5D0F802
:10CCA8008C321BB11B68984700B908BD022008BD2B
:10CCB80008B5D0F88C325B689847002008BD00BFE3
:10CCC80038B500F520750446284600F07DFB0122A2
:10CCD800B4F8863294F88012C4E99B2301F01F034C
:10CCE800934209D0022B13D063B101F08001204692
:10CCF800FAF7E0FB002038BD2946204600F092FAFA
:10CD0800002038BD2946204600F00AF9002038BD29
:10CD18002946204600F0BAFA002038BD38B5054645
:10CD280069B91346D0F86C22032A15D0052A0C4697
:10CD38000ED1C5F86C12FAF7BDFB204638BDD0F805
:10CD48008C329B6933B190F87422032A02D1984738
:10CD5800002038BD022038BDD0E9531291420CD9C9
:10CD6800891A8A42C0F84C1188BF8AB2194698BFFE
:10CD780092B200F055FB002038BDD0F88C321B6908
:10CD88001BB190F87422032A04D0284600F052FB05
:10CD9800002038BD9847F8E770B5044661B9D0F867
:10CDA8006C32022B15D033F0040337D094F8783264
:10CDB800012B2ED0002070BDD0F88C325B6933B1C6
:10CDC80090F87422032A02D19847002070BD0220EF
:10CDD80070BDD0E908630D469E4223D8C669B6FBEC
:10CDE800F3F203FB12620AB9B34228D9D4F88C32A1
:10CDF800DB681BB194F87422032A30D080212046C6
:10CE0800FAF758FB204600F021FB94F87832012B02
:10CE1800D0D10023184684F8783270BD8021FAF703
:10CE280049FBC3E7F31A114603629AB200F0EEFA1F
:10CE38002B462A4629462046FAF788FBB6E7D0F85B
:10CE480070329E42D2D20A4600F0E0FA2B462A46B9
:10CE580029462046C4F87052FAF778FBA6E7204620
:10CE68009847CBE770B500224026044601251146B5
:10CE78003346FAF70DFB3346802100222046C4F8DA
:10CE88004451C4F85061FAF703FB0021D4F89032FA
:10CE9800A561666284F87452C4F86C126160C4F8C3
:10CEA8007C1223B1D4F88C3220465B689847002066
:10CEB80070BD00BF03460020197470470346042163
:10CEC800002093F8742283F8741283F8752270474F
:10CED8000346002093F8752283F87422704700BF38
:10CEE80090F87422032A01D00020704708B5D0F8C2
:10CEF8008C32DB6903B19847002008BD00207047D9
:10CF08000020704700207047D0F88C22012108B516
:10CF180080F87412017953689847002008BD00BF53
:10CF280030B50B7883B00D46044603F06003202B20
:10CF38000DD0402B0BD09BB180212046FAF7BAFACE
:10CF480000212046FAF7B6FA002003B030BDD4F825
:10CF58008C32294620469B689847002003B030BD94
:10CF68004B78092BE8D801A252F823F0CFCF00085C
:10CF7800FBCF000841CF000819D0000841CF0008B6
:10CF880021D0000859D0000841CF000889D00008F6
:10CF98009DCF00088978A24D01292970CCD890F836
:10CFA8007432022B00F01281032B00F000818021E3
:10CFB800FAF780FA00212046FAF77CFA2978204609
:10CFC800FFF776FEC0E790F87432013B022BB3D826
:10CFD800CB88022BB0D10122D0F87C32C2600BB1D1
:10CFE8000323C360022204F10C01204600F000FA7A
:10CFF800AAE790F87432013B022B9DD84B88012B8D
:10D00800A2D100232046C4F87C3200F013FA9BE733
:10D018004B88012B98D1F5E78B88002B8CD1CB88D6
:10D02800002B89D14D887F2D86D890F87432032B38
:10D0380082D0E9B280F87612FAF76CFA204600F04E
:10D04800F9F9002D00F0E080022384F874327BE7C0
:10D058004A88130A013B062B3FF66EAF01A151F82F
:10D0680023F000BF1DD1000805D10008F3D0000847
:10D0780041CF000841CF0008DDD00008AFD000083C
:10D08800CA88012A7FF458AF90F87432022B00F254
:10D098008780002B3FF450AF0146002341F8083F3A
:10D0A80000F0A6F950E7037C002B7FF445AFD0F8D9
:10D0B8008C320DF106001B6B984707234370BDF8AF
:10D0C8000620002A67D0EB88002B5BD1204600F0B1
:10D0D800B1F939E7037C002B7FF42EAFD0F88C32FE
:10D0E8000DF106005B6B9847E9E7D1B2052900F21C
:10D0F8008F80DFE801F0271F17372F3F037C002BB5
:10D1080072D1D0F88C320DF106009B6A9847022341
:10D118004370D4E7D0F888320DF10601007C1B6813
:10D128009847CCE7D0F888320DF10601007CDB681F
:10D138009847C4E7D0F888320DF10601007C9B6857
:10D148009847BCE7D0F888320DF10601007C5B688F
:10D158009847B4E7D0F888320DF10601007C5B6986
:10D168009847ACE7D0F888320DF10601007C1B69BE
:10D178009847A4E7D0F888320DF10601007C9B6936
:10D1880098479CE79A420146204628BF1A46ADF8C0
:10D19800062000F02DF9EB88002B7FF4D5AE95E73B
:10D1A800032B7FF4C9AE011D00F022F9CCE621B3B0
:10D1B800416801298AD0C9B2FFF77AFD297820464B
:10D1C8006160FFF76BFD022880D1B5E600293FF4C6
:10D1D8007DAF01210323416080F87432FFF75EFDC3
:10D1E80002287FF473AFA7E6D0F88C320DF1060061
:10D1F800DB6A98470223437061E70223416080F8A5
:10D208007432FFF755FD61E7012384F874329BE619
:10D21800D0F88C320DF106029B6B98474FE700BFA0
:10D228008425002438B50B780D46044603F06002C7
:10D23800402A0AD05B0608D58021FAF73BF900217D
:10D248002046FAF737F9002038BD94F87432013BCC
:10D25800022B11D82B79012B0ED8D4F88C32294601
:10D2680020469B689847EB88002BECD10028EAD130
:10D27800204600F0DFF8E6E780212046FAF71AF9A1
:10D2880000212046FAF716F9002038BD38B50B788A
:10D29800044603F06003202B0CD0402B0AD083B146
:10D2A80080212046FAF706F900212046FAF702F90C
:10D2B800002038BDD4F88C3220469B68984700205F
:10D2C80038BD4B788A88012B5FFA82FC37D0032B54
:10D2D80023D0002BE4D190F87432022B4AD0032BD0
:10D2E800DED10CF00F03120603EB830300EB83037C
:10D2F80051D4D3F84431002BD2D00CF07F0314253D
:10D3080005FB030505F5A075002B4FD12B60022204
:10D318002946204600F06CF8CAE790F87432022BD0
:10D328001DD0032BBCD14B882BB91CF07F0F02D02A
:10D33800CB88002B43D0204600F07CF8B8E790F863
:10D348007432022B0BD0032BAAD14B88002BAFD100
:10D358001CF07F0FEFD06146FAF7BAF8EBE71CF044
:10D368007F0F9DD06146FAF7A5F880212046FAF78D
:10D37800A1F89DE71CF07F0F92D111064FF0000332
:10D388004FF002024CBF00F1140100F5A0710B60D0
:10D3980000F02EF88CE79B69002B81D00CF07F03FE
:10D3A8005D1C05EB850500EB8505ADE7614620466C
:10D3B800FAF79CF808B10123A8E72860A7E76146B7
:10D3C800FAF778F8B7E700BF0B7803704B7843702B
:10D3D800CA788B7803EB022343804A790B7903EBF5
:10D3E80002238380CA798B7903EB0223C3807047B9
:10D3F80010B5134602240A460021C0F86C42C0E961
:10D408000733FAF795F8002010BD00BF8C460021BD
:10D4180008B513466246FAF78BF8002008BD00BF2E
:10D428008C46002108B513466246FAF78FF80020AB
:10D4380008BD00BF08B504210023C0F86C121A46C5
:10D448001946FAF775F8002008BD00BF08B5052190
:10D458000023C0F86C121A461946FAF777F800202C
:10D4680008BD00BFD0F8C4230132C0F8C423027835
:10D478000B2A00D07047D0F87C33002BFAD09B6978
:10D48800184700BF012380F823337047002380F832
:10D4980023337047034600220121104683F82013E6
:10D4A80083F8212383F82223704700BF38B501236E
:10D4B8000025044680F8213380F8235380F8205350
:10D4C800FAF768F82179204600F006F861792046D5
:10D4D80000F002F8284638BD0A2907D800EB810079
:10D4E800D0F88433C3F30E03C0F8843300207047A8
:10D4F8000C4A82B00C4BD2F8DC1041F04001C2F863
:10D50800DC10D2F8DC2002F040020192019A1A687D
:10D5180022F020021A601A6842F004021A6002B06F
:10D52800704700BF004402580018024870B5002335
:10D5380004464FF4806204214FF440353448C4F85F
:10D548003821C4F8D410C4F83431C4F84C11314926
:10D55800C4F8B000C4F82811C4E92F32C4E9313343
:10D56800C4E93335C4E93733C4E94F33C4E9513525
:10D57800C4E95533A2680323C4F8D830C4F850313D
:10D58800042A0AD8DFE802F01F262D3403005522AA
:10D598005623C4F8B420C4F82C310022402304F1E7
:10D5A800B005C4F8B8202846C4F83031F3F7C8FAF3
:10D5B80008B1FFBEFEE704F594763046F3F7C0FAEB
:10D5C800E8B1FFBEFEE725222623C4F8B420C4F83C
:10D5D8002C31E2E727222823C4F8B420C4F82C31E0
:10D5E800DBE73D223E23C4F8B420C4F82C31D4E74D
:10D5F80053225423C4F8B420C4F82C31CDE704F1E5
:10D608002803C4E92865C4F8E830C4F8603170BD5F
:10D6180040040240580402402DE9F04F814683B08F
:10D628000E4617461D4600F12804204601F090FDDD
:10D6380001288246F9D14846FFF778FF804600283E
:10D6480035D1EFF31083019372B6DFF888B00C9BE5
:10D6580099F90820DFF880A0DFF88090CBF8003037
:10D668000D9B89F80020CAF800300DB11846A8476C
:10D67800BAB23146204601F0E1F830B9019B03B94E
:10D6880062B6404603B0BDE8F08F0023CBF8003007
:10D69800CAF80030FF2389F800300C9B8BB10121B8
:10D6A8000D9888469847019B002BEAD1E8E70C9B28
:10D6B80053B1D0460D9851469847404603B0BDE84F
:10D6C800F08F4FF00108D9E7D046404603B0BDE8D7
:10D6D800F08F00BFA82F0024B02F0024AC2F002407
:10D6E8002DE9F04F814683B00E4617461D4600F1DE
:10D6F8002804204601F02CFD01288246F9D148462D
:10D70800FFF714FF8046002835D1EFF3108301930B
:10D7180072B6DFF888B00C9B99F90820DFF880A072
:10D72800DFF88090CBF800300D9B89F80020CAF80C
:10D7380000300DB11846A847BAB23146204601F06C
:10D7480041FA30B9019B03B962B6404603B0BDE85F
:10D75800F08F0023CBF80030CAF80030FF2389F897
:10D7680000300C9B8BB101210D9888469847019B8E
:10D77800002BEAD1E8E70C9B53B1D0460D985146EF
:10D788009847404603B0BDE8F08F4FF00108D9E74D
:10D79800D046404603B0BDE8F08F00BFA82F002454
:10D7A800B02F0024AC2F00242DE9F04F814683B020
:10D7B8000F461646984600F12804204601F0C8FC9A
:10D7C8000128FAD182464846FFF7B0FE05460028F0
:10D7D80038D1EFF31083019372B699F90830DFF866
:10D7E8008890DFF888B089F800300D9BDFF880A0BA
:10D7F800CBF800300E9BCAF800300C9B0BB10E988A
:10D8080098471FFA88F33A463146204601F0CEF889
:10D8180030B9019B03B962B6284603B0BDE8F08F62
:10D828000023CBF80030CAF80030FF2389F8003015
:10D838000D9B8BB101210E980D469847019B002B3B
:10D84800EAD1E8E70D9B4BB155460E9851469847EB
:10D85800284603B0BDE8F08F0125DAE7554628468B
:10D8680003B0BDE8F08F00BFAC2F0024A82F002420
:10D87800B02F00242DE9F043002387B0022204468C
:10D8880005690493CDE90223D0E902128E00FAB1AA
:10D89800022D7AD02178B5FA85F54FF00108276A6C
:10D8A8000B294FEA551521D1A2780B2A02D0B8F1DD
:10D8B800000F38D123790B2B01D0002D6CD1A3791F
:10D8C80017B10B2B40F09980002007B0BDE8F0831A
:10D8D80035F002032178276A0CBF4FF001084FF09A
:10D8E8000008023D18BF01250B29DDD07D4B94F8B7
:10D8F80001C053F8262010780B2802D0884200F087
:10D90800AD80D378D01C994202D10B2B40F0BD805A
:10D918009379901D8B4202D10B2B40F0BC800120E3
:10D9280007B0BDE8F083711C6E4BE07853F82130E6
:10D9380019780B2902D08A4200F0B580D97803F112
:10D94800030C0B2902D08A4200F0BB80997903F1BD
:10D95800060C0B29E3D08A42E1D1DB798342DED180
:10D96800634604F102099B7848460593F9F720FEBF
:10D9780080464846F9F724FE01A901904046F9F788
:10D98800CFFE23790B2B98D199E70178076A0B29E9
:10D9980040F0868001258DE7B11C524A607952F823
:10D9A800212011780B2902D08B4200F08180D17898
:10D9B800D51C0B2902D08B4200F08D809179951DE2
:10D9C8008B42ACD10B29AAD0D3798342A7D12A465E
:10D9D800251D937828460593F9F7EAFD034628465E
:10D9E8001D46F9F7EDFD01A901902846F9F798FEC3
:10D9F800A379002F7FF465AF66E7F11C394AE07917
:10DA080052F8212011780B2901D08B425FD0D178B0
:10DA1800D51C0B2901D08B424FD09179951D8B4293
:10DA28007FF47DAF0B293FF47AAFD37983427FF43B
:10DA380076AF2A46A51D937828460593F9F7B8FDD1
:10DA480004462846F9F7BCFD034601A92046019380
:10DA5800F9F766FE002007B0BDE8F0835378634508
:10DA68007FF44FAF937820460593F9F7A1FD8146DF
:10DA78002046F9F7A5FD01A901904846F9F750FE9F
:10DA8800A2780B2A7FF413AF14E7137963457FF468
:10DA98003FAF0246E6E7D37963457FF440AFF8E746
:10DAA8009846012522E7597881427FF447AF58E725
:10DAB800517881427FF47BAF8AE711798142ACD1FA
:10DAC800B7E7197981427FF441AF634649E7517856
:10DAD80081429CD1AEE7117981427FF46FAF2A462B
:10DAE80076E700BF10F80008654A0368934200F023
:10DAF800B980A2F57842934200F0B68002F58062C0
:10DB0800934200F0B38002F57842934200F0B0806F
:10DB180002F5E052934200F0AD805A4A934240F039
:10DB2800AB8005234FF4D071574A01FB03F310B5BE
:10DB3800D418D05C86B0F9F74BFDA078F9F748FD0A
:10DB48002079F9F745FDA079F9F742FDA368052B7F
:10DB580011D8DFE803F0192F455B71034B4BD3F85D
:10DB6800F42042F02002C3F8F420D3F8F43003F094
:10DB780020030593059B2046FFF77CFE012801D072
:10DB880006B010BDFFBEFEE7404B00222320D3F8AD
:10DB9800F01041F48051C3F8F0101146D3F8F0307A
:10DBA80003F480530093009BF2F718FE2320F2F74A
:10DBB80053FEE0E7354B00222420D3F8E81041F467
:10DBC8008041C3F8E8101146D3F8E83003F48043E5
:10DBD8000193019BF2F702FE2420F2F73DFECAE70B
:10DBE8002A4B00223320D3F8E81041F40041C3F84F
:10DBF800E8101146D3F8E83003F400430293029B7F
:10DC0800F2F7ECFD3320F2F727FEB4E71F4B0022B2
:10DC18005420D3F8F01041F40051C3F8F010114625
:10DC2800D3F8F03003F400530393039BF2F7D6FDC7
:10DC38005420F2F711FE9EE7144B00225520D3F82A
:10DC4800F01041F48011C3F8F0101146D3F8F03009
:10DC580003F480130493049BF2F7C0FD5520F2F7F8
:10DC6800FBFD88E700235DE701235BE7022359E713
:10DC7800032357E7042355E700231B78FFDE00BF83
:10DC88000030014000140058882500240044025840
:10DC98002DE9F043002289B01B4B01210DF1040C42
:10DCA8009E461A4B0791E146E04667460EF11C0670
:10DCB8000EF138050EF15404CDE90122CDE9032215
:10DCC800CDE90522FF221A70BCE80F00AEE80F006C
:10DCD8009CE807008EE80700B9E80F000FC69CE82B
:10DCE800070086E80700B8E80F000FC59CE80700A2
:10DCF80085E807000FCF0FC49CE8070084E80700F9
:10DD080009B0BDE8F08300BF0C030024AC2F002449
:10DD1800014801F0F1B800BFB0250024014801F026
:10DD2800EBB800BF50270024014801F0E5B800BF58
:10DD3800F0280024014801F0DFB800BF902A002431
:10DD4800014801F0D9B800BF302C002410B5EFF31A
:10DD5800108472B6084B1A78120602D504B962B656
:10DD680010BD1B784FF4D07204485BB202FB03006D
:10DD7800B030F3F75DFAF1E7AC2F002488250024D2
:10DD880010B5EFF3108472B6094B1A78120602D553
:10DD980004B962B610BD1B784FF4D07205485BB267
:10DDA80002FB030000F59470F3F742FAF0E700BFB6
:10DDB800AC2F0024882500242DE9F04184B0EFF32E
:10DDC800108772B6284AFF21284C1368217023B1A6
:10DDD80000211160264A1068984723781B061CD535
:10DDE800DFF894800025234E4446216879B16268A3
:10DDF8006AB1A369012B22D0A3B9636930460193A4
:10DE080023690093E3682289FFF76AFC18B3013598
:10DE18001C3406F5D076042DE7D107B962B604B0F4
:10DE2800BDE8F081D4E90430CDE90130E068238908
:10DE380000903046FFF7B8FC0028E8D10BE0D4E9A1
:10DE480004301146CDE900303046E3682289FFF7F7
:10DE5800E3FB0028DBD1C5EBC50508EB850348F8D3
:10DE680025005860D9E700BFA82F0024AC2F002454
:10DE7800B02F0024882500240C0300242DE9F0414C
:10DE880084B0EFF3108772B6284AFF21284C136834
:10DE9800217023B100211160264A10689847237821
:10DEA8001B061CD5DFF894800025234E44462168C4
:10DEB80079B162686AB1A369012B22D0A3B96369F9
:10DEC8003046019323690093E3682289FFF708FC31
:10DED80018B301351C3406F5D076042DE7D107B9FF
:10DEE80062B604B0BDE8F081D4E90430CDE9013070
:10DEF800E068238900903046FFF756FC0028E8D1F7
:10DF08000BE0D4E904301146CDE900303046E3682F
:10DF18002289FFF781FB0028DBD1C5EBC50508EB9B
:10DF2800850348F825005860D9E700BFA82F0024CA
:10DF3800AC2F0024B02F0024882500240C030024D3
:10DF48002DE9F04184B0EFF3108772B6284AFF211B
:10DF5800284C1368217023B100211160264A1068EB
:10DF6800984723781B061CD5DFF894800025234E9C
:10DF78004446216879B162686AB1A369012B22D04D
:10DF8800A3B963693046019323690093E368228942
:10DF9800FFF7A6FB18B301351C3406F5D076042D1F
:10DFA800E7D107B962B604B0BDE8F081D4E904301E
:10DFB800CDE90130E068238900903046FFF7F4FB93
:10DFC8000028E8D10BE0D4E904301146CDE900304F
:10DFD8003046E3682289FFF71FFB0028DBD1C5EB39
:10DFE800C50508EB850348F825005860D9E700BF48
:10DFF800A82F0024AC2F0024B02F0024882500244B
:10E008000C0300242DE9F04184B0EFF3108772B6B9
:10E0180000F066FB284A294CFF21136821702BB1B8
:10E02800002111600121264A1068984723781B06B1
:10E038001CD5DFF894800025224E4446216879B12A
:10E0480062686AB1A369012B22D0A3B9636930461B
:10E05800019323690093E3682289FFF741FB18B312
:10E0680001351C3406F5D076042DE7D107B962B620
:10E0780004B0BDE8F081D4E90430CDE90130E068AE
:10E08800238900903046FFF78FFB0028E8D10BE08A
:10E09800D4E904301146CDE900303046E3682289DE
:10E0A800FFF7BAFA0028DBD1C5EBC50508EB8503F5
:10E0B80048F825005860D9E7A82F0024AC2F002481
:10E0C800B02F0024882500240C03002430B4544BBE
:10E0D800002108220220534CD9615862C3F8BC11B0
:10E0E800C3F8C401C3F85C13C3F86403C3F8F42489
:10E0F800C3F8F814C3F8FC14C3F80405C3F894264D
:10E10800C3F89816C3F89C16C3F8A406C3F83428B5
:10E11800C3F83818C3F83C18C3F84408424D4348BC
:10E12800C3E90521C3E96D21C3E9D5212288A37874
:10E138003F49EA80CA800B723E492B72CA800B7233
:10E148002168A0F803204371C28003723A4C3B480F
:10E15800E2802372A0F80320394C4371C280037215
:10E168003848E2802372A0F80320374C4371C280FC
:10E178000372080C2180A070A4F803206371E28068
:10E188002372324C324D2180A070A4F803206371B1
:10E19800E28023722F4CEA8021802B72A070A4F8B1
:10E1A80003206371E28023722B4C2180A070A4F8B5
:10E1B80003206371E2802372284C2180A070A4F8A8
:10E1C80003206371E2802372254C2180A070A4F89B
:10E1D80003206371E2802372224C2180A070A4F88E
:10E1E80003206371E28023721F4C21801F49A070B5
:10E1F800A4F803201E486371E2802372A1F803206B
:10E208001C4C4B71CA800B721B49E2802372C2807E
:10E218000372A1F803204B71CA800B7230BC70479F
:10E22800882500240CF8000894020024B802002471
:10E23800880200244C020024A0020024DC020024EE
:10E24800C402002464020024782F0024602F0024D4
:10E25800D00200246C2F0024482F00249C2F002477
:10E26800842F0024902F0024542F0024000300241E
:10E27800F4020024E802002470020024714A0368B2
:10E2880011698B4200B587B04BD0916E8B4200F07C
:10E29800B680D2F8C0108B4200F0B380D2F81811C3
:10E2A8008B4200F0B080B3F1804F1ED0664A934293
:10E2B8000DD0664A934200F0A880654A934200F068
:10E2C800B280644A93421ED007B05DF804FB624BEB
:10E2D800D3F8E82042F00202C3F8E820D3F8E83087
:10E2E80003F002030293029BEEE75B4BD3F8E820AE
:10E2F80042F00102C3F8E820D3F8E83003F0010344
:10E308000193019BE0E7544BD3F8E82042F0100258
:10E31800C3F8E820D3F8E83003F010030593059B11
:10E32800D2E700205821B3F1804F01FB0022127B75
:10E338001ED045498B4235D044498B4248D0444988
:10E348008B42BED1444BD3F8E81041F00801C3F822
:10E35800E810D3F8E83003F008030493049B002A7C
:10E36800B2D0322000220F21F2F738FA322014E01E
:10E37800394BD3F8E81041F00101C3F8E810D3F89D
:10E38800E83003F001030193019B002A9CD01C2074
:10E3980000220F21F2F722FA1C2007B05DF804EBE7
:10E3A800F2F75ABA2C4BD3F8E81041F00201C3F83F
:10E3B800E810D3F8E83003F002030293029B002A26
:10E3C80082D01D2000220F21F2F708FA1D20E4E771
:10E3D800214BD3F8E81041F00401C3F8E810D3F852
:10E3E800E83003F004030393039B002A3FF46CAF67
:10E3F8001E2000220F21F2F7F1F91E20CDE701209F
:10E4080090E702208EE703208CE7134BD3F8E8202F
:10E4180042F00402C3F8E820D3F8E83003F004031C
:10E428000393039B50E70C4BD3F8E82042F0080213
:10E43800C3F8E820D3F8E83003F008030493049BFA
:10E4480042E700BFB42F0024000400400008004049
:10E45800000C004000100040004402580F4B0268B6
:10E4680019698A420BD0996E8A4211D0D3F8C0102C
:10E478008A420FD0D3F818118A420DD07047002174
:10E48800582202FB01331A6D002AF7D0586D104745
:10E498000121F5E70221F3E70321F1E7B42F002476
:10E4A800014800F0EFBF00BFC42F0024014800F06E
:10E4B800E9BF00BF1C300024014800F0E3BF00BFE3
:10E4C80074300024014800F0DDBF00BFCC300024C8
:10E4D800F0B54FF0580C0F682E4D8DB00CFB07FCB3
:10E4E800032F05EB0C06066047DC0B46086834462C
:10E4F80049689A6807C41B7B237004AC7268264B72
:10E50800002A4FF00002726118BF1022B2610FCBCF
:10E5180084E80F000CAB03EB870353F8203CB3F1FE
:10E52800804F336124D01D4A934221D030890CF1A9
:10E53800100458230021802203FB07532C44C3E90D
:10E5480007019A62204600F007FE034600B1FEE785
:10E558004FF4805208A92046099301930892CDE907
:10E568000A33CDE9023300F0C7FE034640B1FEE7A7
:10E57800582303FB07539868D9E701200DB0F0BD75
:10E5880001A920460193039301F034F80028F5D03F
:10E59800FEE700BFB42F00242CF70008000C004051
:10E5A800006808B5037B10302BB100F08FFE0038EF
:10E5B80018BF012008BD00F06FFE003818BF012009
:10E5C80008BD00BF0C4B00224FF0FF311A73996051
:10E5D800196683F86420C3F8B81083F8BC20C3F820
:10E5E800101183F81421C3E90022C3E91622C3E9F4
:10E5F8002C22C3E942227047B42F0024034688B175
:10E6080090F83D20022A03D0802201209A667047A4
:10E6180002680421002083F83D10D36823F0010329
:10E62800D36070470120704703682C495A6910B4B9
:10E638009C6944F008049C619C6944F010049C6146
:10E648001C6824F001041C601C6921401961996848
:10E6580021F44041996090F88110042901D0910675
:10E6680030D490F88110032901D054061FD49105A5
:10E6780009D5D0F8841041F00101C0F884109969D7
:10E6880041F400719961D20509D5D0F8842042F08F
:10E698000802C0F884209A6942F480729A610023C3
:10E6A8005DF8044BA0F86230A0F86A307047D0F8E3
:10E6B800841041F00401C0F88410996941F04001C8
:10E6C8009961D4E7D0F8841041F08001C0F8841033
:10E6D800996941F020019961C3E700BF90FCFFFFF1
:10E6E800002800F0A48002680021F8B5514B0446C8
:10E6F80081629A4216D0A3F578439A4212D003F564
:10E708008063C0689A4200F08A800F2808D8E16BBD
:10E7180000F108034D09DB0805FB0333082B15D965
:10E728000120F8BDE068E16B00F10803414E4D0996
:10E73800DB0805FB0333404DAA4218BFB24203D0A1
:10E7480005F58065AA4201D1102BE9D894F88130EB
:10E7580003F0FF05002B58D0002702236568A66B3D
:10E7680084F88130136823F001031360A369B3F1BF
:10E77800806F3ED03943676B3B43676A3B432769E9
:10E788003B4367693B43276A3B43E76C3B43A768C6
:10E798003B43A76C3B43A76D3B432B433343E6699D
:10E7A800314308439060D360B5B9936823F4C053EC
:10E7B80043F400639360936823F4C06343F4806375
:10E7C8009360136D23F00103136500200123C4F83F
:10E7D800840084F88130F8BD136D23F001031365BC
:10E7E8006B02F2D5D368616D23F000430B43D3600D
:10E7F800EBE7B5F5800FBDD1002EBBD1D2F800C034
:10E808004CF4805CC2F800C0B4E7204684F880501D
:10E81800FFF76AF92268A76AE16BE0689DE7E16B98
:10E8280000F108034D09DB0805FB03338CE70120E1
:10E83800704700BF0030014000380040F8B590F83C
:10E848008030012B00F08C8090F881301546012231
:10E858000446DEB2934280F880206AD1002963D052
:10E86800B5FA85F35B09002D5ED003224366A0F854
:10E87800683080F88120C0F88430A0F86250A0F891
:10E888006A30C165A0F86050C0E91C338368B3F5ED
:10E89800C02F04D10268136843F400631360E3686F
:10E8A800A06F0F2B4BD98369B3F5804F3CD12268F9
:10E8B8003A4B3B4F2032036452F8183CC763394F38
:10E8C80023F40043C7640027076542F8183CB4F8EE
:10E8D80062309BB2F2F7F2FA002844D1A36F324AB1
:10E8E800DB69B3F5807F2368596802EA010218BF23
:10E8F8002A435A609A68616842F40042B1F5800F71
:10E908009A601A6942F448721A611A6842F0010260
:10E918001A6003D11A6842F400721A6000231E4676
:10E9280084F880303046F8BD002384F880303046C3
:10E93800F8BD0023022680F880303046F8BD072B4A
:10E9480083691AD8B3F5005F20D0B3F5804FAED1F4
:10E95800B4F862309BB203339B08A4F86230A6E790
:10E9680002263046F8BDD4F88430012243F0100363
:10E97800C4F8843084F88120D9E7B3F5804F05D0F6
:10E98800B3F5005FD0D1B3F5804F90D1B4F86230C1
:10E998009BB201335B08A4F8623088E7FDED0008FC
:10E9A80081ED000829EE00080000FFFF70B51D4644
:10E9B80090F88030012B00F0B9800123044680F8DC
:10E9C800803090F881304068DBB2B0F5800F7DD0A0
:10E9D800012B40F08580002D18BF002A71D0002936
:10E9E8006FD094F88130042B02D0052384F881304D
:10E9F8000023E1652168C4F88430A4F86250A4F8C3
:10EA08006A50A4F860506266A4F86850C4E91C33E0
:10EA18008B6823F440438B60E3680F2B65D9E06F64
:10EA28008369B3F5804F4CD194F88130042B00F002
:10EA38008A805E4B03645E4BC3635E4E3031B4F82C
:10EA48006A30C66400269BB20665F2F737FA0028DA
:10EA58006ED12268A16F9368203243F4804342F854
:10EA6800183CB4F86230C1E90F00C1E913009BB249
:10EA78000846E16DF2F722FA002859D1A36FDB6945
:10EA8800B3F5807F236863D059684B4A0A402A430C
:10EA98005A609A68616842F40042B1F5800F9A6042
:10EAA8001A6942F458721A611A6842F001021A602F
:10EAB80003D11A6842F400721A60002384F8803087
:10EAC80070BD0023012084F8803070BDA068002844
:10EAD8007FF47EAF042B3FF47EAF012B3FF47BAF76
:10EAE8000023022084F8803070BD072B35D8A36F2F
:10EAF8009B69B3F5005F50D0B3F5804F06D1B4F8E9
:10EB080062309BB203339B08A4F86230E06F8369DC
:10EB1800B3F5005F39D0B3F5804F85D1B4F86A30CA
:10EB28009BB203339B08A4F86A307DE7022070BDCE
:10EB3800D4F88430012243F010031046C4F884301E
:10EB480084F8812070BD1D4B03641D4BC36374E7BB
:10EB58005968194A0A405A609BE7E06F8369B3F520
:10EB6800005F02D0B3F5804FABD1A66FB669B6F59A
:10EB7800804F06D1B4F86260B6B201367608A4F8C0
:10EB88006260B3F5804F7FF44FAFB4F86A309BB240
:10EB980001335B08A4F86A3046E7B4F862309BB2E8
:10EBA80001335B08A4F86230B0E700BF1DEE00082F
:10EBB800D1ED000829EE00080000FFFF0DEE000867
:10EBC800A9ED00082DE9F0411546826804460E4675
:10EBD80022B94368B3F5800F00F0958094F880302F
:10EBE800012B00F09980012384F8803094F881305B
:10EBF800012BDFB269D1002E61D0B5FA85F35B092C
:10EC0800002D5CD00421B2F5C02F666684F881100F
:10EC1800A4F86850C4F88430A4F86030A4F86A50A6
:10EC2800A4F86230C4E91C3304D12268136823F4C1
:10EC380000631360E3680F2B4ED9E06F8369B3F567
:10EC4800804F3CD121688B6823F480438B60324627
:10EC5800454EB4F86A3030310664444E9BB2C66300
:10EC6800434EC66400260665F2F728F9002857D1F6
:10EC7800E36F404ADB69B3F5807F2368596802EA8D
:10EC8800010218BF2A435A609A68616842F48042B8
:10EC9800B1F5800F9A601A6942F450721A611A68C5
:10ECA80042F001021A6003D11A6842F400721A6035
:10ECB80000231F4684F880303846BDE8F0810023E1
:10ECC80084F880303846BDE8F0810023022784F8B4
:10ECD80080303846BDE8F081072B2BD82168E06FDB
:10ECE8008B6823F480438B608369B3F5005F32D06F
:10ECF800B3F5804FABD1B4F86A309BB203339B08AD
:10ED0800A4F86A30A3E72B4604250A4680F8815008
:10ED1800BDE8F041FFF74ABE02273846BDE8F0815A
:10ED2800D4F88430012243F01003C4F8843084F806
:10ED38008120C7E7E06F8269B2F5804F02D0B2F553
:10ED4800005FBCD12168B2F5804F8B6823F4804303
:10ED58008B607FF47CAFB4F86A309BB201335B08F8
:10ED6800A4F86A3073E700BF0DEE0008A9ED0008AB
:10ED780029EE00080000FFFF806B08B590F881308D
:10ED8800072B09D0836FDB69B3F5807F05D0026854
:10ED9800136943F00803136108BDFFF70DF808BDB8
:10EDA800806B08B590F88130072B09D0C36FDB69F9
:10EDB800B3F5807F05D00268136943F00803136137
:10EDC80008BDFFF75BF808BD806B08B590F8813087
:10EDD800072B09D0836FDB69B3F5807F05D0026804
:10EDE800136943F00803136108BDFFF7A9F808BDCC
:10EDF800704700BF806B08B5FFF7FAFF08BD00BF7A
:10EE0800704700BF806B08B5FFF7FAFF08BD00BF69
:10EE1800704700BF806B08B5FFF7FAFF08BD00BF59
:10EE280010B5846BF2F754FD022800D110BD236899
:10EE380030495A69986940F008009861986940F02B
:10EE480010009861186820F00100186018690140E6
:10EE58001961996821F44041996094F88110042956
:10EE680001D091063AD494F88110032901D05006B4
:10EE780029D4910509D5D4F8841041F00101C4F8CA
:10EE88008410996941F400719961D20509D5D4F8C3
:10EE9800842042F00802C4F884209A6942F48072FF
:10EEA8009A61002301222046A4F86230A4F86A304F
:10EEB800D4F8843043F01003C4F8843084F88120F7
:10EEC800FFF7A0F810BDD4F8841041F00401C4F88D
:10EED8008410996941F040019961CAE7D4F8841017
:10EEE80041F08001C4F88410996941F020019961CA
:10EEF800B9E700BF90FCFFFF036819695A692DE95B
:10EF0800F04101EA02059F68044690F8816005F027
:10EF1800640CBCF1040F2FD005F04500012834D053
:10EF280005F02600022800F0DF80280770D59A69CE
:10EF380017F4404FF6B242F008029A619A6942F01B
:10EF480010029A619A6942F400629A611A6922F081
:10EF580008021A6123D0042E00F0DE80A26FD26965
:10EF6800EAB1032E50D0E26FD269C2B1052E14D196
:10EF78002046FEF7E5FF10E0436F9847236F2046D1
:10EF8800984705F04503012B02D1236F2046984787
:10EF980005F02605022D00F0A780BDE8F0819A68EB
:10EFA80012F4404F1FD1B4F86A2092B2DAB1626EFF
:10EFB8000EE01B6B42F8043B6266B4F86A30013B12
:10EFC8009BB2A4F86A30B4F86A309BB25BB123688C
:10EFD800E1680F29EDD8072940F292801B8E22F8AC
:10EFE800023B6266E9E72046FFF71EFB012384F82F
:10EFF8008130D4F88430002B7FD1052EB8D0042E70
:10F0080000F08F80032EC8D12046FEF7D5FEC4E756
:10F01800100501D50A077AD415F4587FBDD06E06BD
:10F0280009D5D4F8842042F00402C4F884209A69EF
:10F0380042F040029A61A80509D5D4F8842042F02C
:10F048000102C4F884209A6942F400729A61E905C1
:10F0580009D5D4F8842042F00802C4F884209A69BB
:10F0680042F480729A61AA0609D5D4F8842042F045
:10F078008002C4F884209A6942F020029A61D4F888
:10F088008420002A89D0196807F44047274A21F0CC
:10F098000101B7F5404F1960196902EA01021A61C6
:10F0A80027D19A68E06F22F440429A6050B1204B11
:10F0B8000365F2F723F828B1D4F8843043F040030D
:10F0C800C4F88430A06F00283FF467AF184B03657D
:10F0D800F2F714F800283FF460AFD4F8843043F016
:10F0E8004003C4F8843058E7636F2046BDE8F04118
:10F0F80018470123204684F88130FEF783FF4CE748
:10F1080093F830301370626E0132626655E79A697F
:10F1180042F400629A6140E7E26FD269002A3FF444
:10F128003EAF2046FEF7AAFE37E700BF94FCFFFF7C
:10F138003DF1000808B5806B00230122A0F86A3071
:10F14800A0F8623080F88120FEF75CFF08BD00BFA0
:10F1580090F88100704700BF002800F08F8038B514
:10F1680090F83D30044603F0FF02002B60D022687F
:10F1780002234349B2F1804F84F83D30A2EB0101EC
:10F188001368B1FA81F14FEA511127D031BB3D48DC
:10F198003D4D824251D000F5806082424DD0551BD2
:10F1A80000F58060B5FA85F582424FEA55154DD0D5
:10F1B800002D4BD1354836498A4218BF82424FD07C
:10F1C80001F580618A424BD0A06923F08003E16891
:10F1D800034313606368D162936223E02A4D23F0EE
:10F1E8007003A068551B0343B5FA85F56D092069BE
:10F1F80023F440730343A06923F08003034313609F
:10F20800E368D3626368936251B94DB91F49204BD3
:10F218009A4218BF8A4203D003F580639A4201D10B
:10F228006369136301230020536184F83D3038BDBE
:10F2380080F83C20FFF722F899E7551B23F070036C
:10F24800A068B5FA85F503436D09D0E7A06823F0F7
:10F25800700303430F488242C9D0002DC7D1A9E7E4
:10F26800206923F44073A1690343E06823F0800315
:10F278000B4361681360D0629162C7E70120704751
:10F28800000001400004004000040140004001402B
:10F2980000440140000C00404FF0020C01680A4A8B
:10F2A800034680F83DC088680240062A06D0B2F5B9
:10F2B800803F03D00A6842F001020A600122002060
:10F2C80083F83D20704700BF070001000368094A22
:10F2D800D96841F00101D96099680A40062A06D028
:10F2E800B2F5803F03D01A6842F001021A6000208C
:10F2F800704700BF0700010090F83C30012B7DD01B
:10F3080002460223006830B4012482F83D3082F8B6
:10F318003C40544C83681C400B68602B84606FD061
:10F328001DD9B3F5005F59D042D94F498B4206D059
:10F3380038D94E498B4202D010318B4206D18468AD
:10F348004B4921400B4343F007038360002301210D
:10F35800184682F83D1082F83C3030BC7047402B8C
:10F3680067D019D9502BF1D1036A4C68CD6823F0C6
:10F378000A03016A1C433E4B21F0010101628169C5
:10F3880021F0F00141EA05118161046281680B40B6
:10F3980043F057038360D9E7202BD0D01AD9302BFC
:10F3A800D4D1CCE723F01001B1F5801FCED1C6E748
:10F3B800702BCBD18468D1E901532B43CD6824F459
:10F3C8007F4143EA05230B438360836843F0770357
:10F3D8008360BBE733F01001B8D1B0E7D1E901533E
:10F3E80084682B43CD6824F47F4143EA05230B430B
:10F3F8008360836843F480438360A7E702207047F3
:10F40800046A4D6824F01004C9680462836923F40F
:10F41800704343EA0133016A21F0A0018361144B70
:10F4280041EA0511016281680B4043F0670383607C
:10F438008CE7036A4C68CD6823F00A03016A1C4311
:10F448000B4B21F001010162816921F0F00141EAD1
:10F4580005118161046281680B4043F047038360B2
:10F4680074E700BF8800CEFF2000100030001000B5
:10F478008FFFCFFF704700BF704700BF704700BFC6
:10F48800704700BF03681A69910710B5044602D592
:10F49800DA68920768D41A69520702D5DA68500701
:10F4A8004FD41A69110702D5DA68120737D41A69D6
:10F4B800D00602D5DA68D1061ED41A69D20702D559
:10F4C800DA68D00769D41A69110602D5DA68120613
:10F4D8006BD41A69D00502D5DA6811066DD41A6999
:10F4E800520602D5DA6850066FD41A69910602D519
:10F4F800DA68920649D410BD6FF010010822204640
:10F5080019612277DB6913F4407F6FD1FFF7B2FFEF
:10F518002046FFF7B3FF002223682277CDE76FF07C
:10F5280008010422204619612277DB699B075AD11A
:10F53800FFF7A0FF2046FFF7A1FF002223682277EC
:10F54800B5E76FF0040102222046196122779B6912
:10F5580013F4407F44D1FFF78DFF2046FFF78EFF5D
:10F568000022236822779CE76FF0020101221961CB
:10F5780002779B69990730D1FFF77CFF2046FFF798
:10F588007DFF00222368227785E76FF0200220465E
:10F598001A61BDE8104000F05FB86FF00102204624
:10F5A8001A61FEF75BFF23688DE76FF08002204643
:10F5B8001A6100F053F823688BE76FF480722046D5
:10F5C8001A6100F04DF8236889E76FF04002204681
:10F5D8001A61FFF755FF236887E7FFF74DFFD0E76C
:10F5E800FFF74AFFBCE7FFF747FFA6E7FFF744FF2F
:10F5F80091E700BF90F83C20012A28D00346006814
:10F60800022230B4134D83F83D20A8424268846832
:10F6180018D005F58065A84214D024F0800C22F09B
:10F6280070020C688968224300244CEA01014FF0FB
:10F63800010C42608160204683F83DC083F83C405D
:10F6480030BC704722F470024D682A43E5E7022077
:10F65800704700BF00000140704700BF704700BFFF
:10F66800704700BF0B460146184600F001B800007D
:10F6780010B5054C13462CB10A4601460220AFF3DB
:10F68800008010BD2046FCE70000000070B50D4D5D
:10F698000D4C641BA4100026A64209D10B4D0C4C3E
:10F6A80000F0E2F8641BA4100026A64205D170BD44
:10F6B80055F8043B98470136EEE755F8043B984760
:10F6C8000136F2E790F8000890F8000890F8000872
:10F6D800B4F800080A44914200F1FF3300D17047A2
:10F6E80010B511F8014B03F8014F9142F9D110BD43
:10F6F80002440346934200D1704703F8011BF9E71F
:10F708000054004000580040005C0040001C0058B5
:10F71800250026002700340035004700520053001A
:10F728008E00000000000040000400400008004077
:10F73800000C004000061016000610160002030018
:10F748000000000001000000000000000000FA4571
:10F7580000007A460000FA4600803B470080BB471D
:10F76800000000000102030401020304060708095F
:10F778000002010200020102010002000400080068
:10F788001000200040008000000100020004000872
:10F7980000100020004000800000025800040258B9
:10F7A80000080258000C02580010025800140258B1
:10F7B80000180258001C0258002002580024025861
:10F7C800002802580000000001808080808080802E
:10F7D8000480808080808080088080808080808015
:10F7E80010808080808080802080808080808080E1
:10F7F8004000000000040810204000000204081027
:10F80800204000000B00FF00940200247C0200242A
:10F81800880200244C020024B8020024A00200241C
:10F82800AC02002458020024DC020024C402002494
:10F83800D002002464020024782F0024602F0024C2
:10F848006C2F0024482F00249C2F0024842F002490
:10F85800902F0024542F002400030024E8020024E1
:10F86800F402002470020024F8B500BFF8BC08BCFC
:10F878009E467047F8B500BFF8BC08BC9E46704766
:08F88800800AFF7F010000006F
:10F89000BD02000889060008DD4900083952000849
:10F8A00065580008596B000829730008D5E0000866
:04F8B000CDE500089A
:04F8B40099020008AD
:10F8B800000000000100000010000000100000001F
:10F8C8000000000000000000000000000000000030
:10F8D8000000000010000000000000000000000010
:10F8E8000000000000000000000000001000000000
:10F8F8000000000000000000000000000000000000
:10F9080000000000000000000000000000000000EF
:10F9180000000000000000000000000001000000DE
:10F9280000000000000000000000000000000000CF
:10F9380000000000000000000100000000000000BE
:10F9480000000000000000000000000000000000AF
:10F95800000000000100000000000000000000009E
:10F96800000000000000000000000000000000008F
:10F97800010000000000000000000000000000007E
:10F98800000000000000000000000000010000006E
:10F99800000000000000000000000000000000005F
:10F9A800000000000000000001000000000000004E
:10F9B800000000000000000000000000000000003F
:10F9C800000000000100000000000000000000002E
:10F9D800000000000000000000000000000000001F
:10F9E800010000000000000000000000000000000E
:10F9F80000000000000000000000000001000000FE
:10FA080001070800000000000000000001060800CF
:10FA180000000000000000000B00FF00FC010024B3
:10FA2800F001002414020024080200242C020024FF
:10FA380020020024C0010024B4010024D8010024BD
:10FA4800CC010024A81E002438020024E40100246C
:10FA5800841E00249C1E0024901E00245C010024A7
:10FA680050010024010808020B08000108000000EA
:10FA7800010908020A08000008000000010C0E0332
:10FA8800020801050E000000020C0801060E000025
:10FA98000000000001040B0000000000000000004E
:10FAA800010707010F04000000000000010607011C
:10FAB8000E04000000000000000307000000000022
:10FAC8000000000000020700000000000000000025
:10FAD800020B07000000000000000000020A0700F7
:10FAE80000000000000000000609070000000000F8
:10FAF800000000000090D0030090D003060A050023
:10FB08000405000000000000010C050104070109BC
:10FB180005000000000406000000000000000000CE
:10FB280000040800000000000000000001040500B7
:10FB38000605060905000000010505000705000087
:10FB480000000000060B050005050000000000008D
:10FB5800010E050202050000000000000201050177
:10FB68000F05020305000000030305000000000064
:10FB780000000000020B060104060000000000005F
:10FB8800020C06010507000000000000020A06003A
:10FB98000000000000000000010408000608000042
:10FBA8000000000001050800070800000000000030
:10FBB8000005080000000000000000000000000030
:10FBC800000000000000000000000000000000002D
:10FBD800000000000100000000000000000000001C
:10FBE800000000000000000000000000000000000D
:10FBF80001000000000000000000000000000000FC
:10FC080000000000000000000000000001000000EB
:10FC180000000000000000000000000000000000DC
:0CFC2800000000000000000001000000CF
:04000005080005E109
:00000001FF
