:020000040800F2
:10000000000002209906000895060008218D0008CE
:1000100095060008950600089506000800000000F7
:10002000000000000000000000000000950600082D
:10003000950600080000000095060008A58C000841
:100040009506000895060008950600089506000824
:100050009506000895060008950600089506000814
:10006000950600089506000895060008D97800084E
:10007000E578000859660008F1780008FD78000866
:1000800059870008096E00089506000895060008C3
:1000900095060008950600089506000895060008D4
:1000A00095060008950600089506000895060008C4
:1000B000C9050108D5050108E10501083D6E0008E4
:1000C00095060008496E00089506000839FE0008EC
:1000D00045FE00088D850008B9850008ED850008FB
:1000E0009506000895060008000000009506000827
:1000F0009506000895060008950600089506000874
:100100009506000895060008ED05010851FE000857
:100110002186000855860008950600089506000807
:10012000950600089506000875FE0008A9FE00085F
:100130008D870008950600089506000895060008BA
:1001400000000000000000000000000000000000AF
:10015000950600089506000895060008898600089F
:10016000556E000895060008B58C0008D98C00086B
:1001700095060008FD8C0008950600089506000805
:100180009506000895060008BD860008F18600085F
:100190005DFE000869FE0008950600089506000847
:1001A00095060008950600089506000895060008C3
:1001B000F9750008950600089506000895060008E0
:1001C00095060008950600089506000895060008A3
:1001D0009506000895060008950600089506000893
:1001E0009506000895060008950600089506000883
:1001F0009506000895060008950600089506000873
:100200009506000895060008950600089506000862
:100210009506000895060008950600089506000852
:1002200095060008950600089506000800000000E5
:1002300095060008950600080000000095060008D5
:100240009506000895060008950600089506000822
:100250009506000895060008950600089506000812
:100260009506000895060008950600089506000802
:100270009506000895060008258700080000000084
:100280009506000895060008950600080000000085
:080290000000000095060008C3
:1002A00010B5054C237833B9044B13B10448AFF3B0
:1002B00000800123237010BDE00300240000000033
:1002C000B023010808B5034B1BB103490348AFF342
:1002D000008008BD00000000E4030024B0230108F2
:1002E000034613F8012B002AFBD1181A0138704776
:1002F00001F0FF01102A2BDB10F0070F08D010F8D7
:10030000013B013A8B422DD010F0070F42B3F6D1DA
:10031000F0B441EA012141EA014122F007047FF0F3
:1003200000070023F0E80256083C85EA010586EA4A
:10033000010685FA47F5A3FA87F586FA47F6A5FA86
:1003400087F68EB9EED1F0BC01F0FF0102F0070292
:1003500032B110F8013B013A83EA010313B1F8D13D
:100360000020704701387047002D06BF354603381E
:10037000073815F0010F07D1013015F4807F02BF57
:10038000013015F4C03F0130F0BC0138704700BFA8
:1003900053B94AB9002908BF00281CBF4FF0FF31EC
:1003A0004FF0FF3000F074B9ADF1080C6DE904CEE8
:1003B00000F006F8DDF804E0DDE9022304B0704740
:1003C0002DE9F047089D04468E46002B4DD18A4208
:1003D000944669D9B2FA82F252B101FA02F3C2F13B
:1003E000200120FA01F10CFA02FC41EA030E9440CC
:1003F0004FEA1C48210CBEFBF8F61FFA8CF708FBED
:1004000016E341EA034306FB07F199420AD91CEBC4
:10041000030306F1FF3080F01F81994240F21C81F6
:10042000023E63445B1AA4B2B3FBF8F008FB10333E
:1004300044EA034400FB07F7A7420AD91CEB040473
:1004400000F1FF3380F00A81A74240F20781644443
:10045000023840EA0640E41B00261DB1D4400023C8
:10046000C5E900433146BDE8F0878B4209D9002D2C
:1004700000F0EF800026C5E9000130463146BDE8B6
:10048000F087B3FA83F6002E4AD18B4202D3824220
:1004900000F2F980841A61EB030301209E46002DCF
:1004A000E0D0C5E9004EDDE702B9FFDEB2FA82F224
:1004B000002A40F09280A1EB0C014FEA1C471FFA82
:1004C0008CFE0126200CB1FBF7F307FB131140EA69
:1004D00001410EFB03F0884208D91CEB010103F136
:1004E000FF3802D2884200F2CB804346091AA4B2F8
:1004F000B1FBF7F007FB101144EA01440EFB00FECC
:10050000A64508D91CEB040400F1FF3102D2A64530
:1005100000F2BB800846A4EB0E0440EA03409CE7CF
:10052000C6F12007B34022FA07FC4CEA030C20FA7C
:1005300007F401FA06F31C43F9404FEA1C4900FA9C
:1005400006F3B1FBF9F8200C1FFA8CFE09FB181119
:1005500040EA014108FB0EF0884202FA06F20BD98C
:100560001CEB010108F1FF3A80F08880884240F2DC
:100570008580A8F102086144091AA4B2B1FBF9F020
:1005800009FB101144EA014100FB0EFE8E4508D91B
:100590001CEB010100F1FF346CD28E456AD90238A0
:1005A000614440EA0840A0FB0294A1EB0E01A14285
:1005B000C846A64656D353D05DB1B3EB080261EBF3
:1005C0000E0101FA07F722FA06F3F1401F43C5E9CD
:1005D000007100263146BDE8F087C2F12003D84003
:1005E0000CFA02FC21FA03F3914001434FEA1C4745
:1005F0001FFA8CFEB3FBF7F007FB10360B0C43EA37
:10060000064300FB0EF69E4204FA02F408D91CEBE6
:10061000030300F1FF382FD29E422DD902386344E4
:100620009B1B89B2B3FBF7F607FB163341EA034184
:1006300006FB0EF38B4208D91CEB010106F1FF38D3
:1006400016D28B4214D9023E6144C91A46EA0046CA
:1006500038E72E46284605E70646E3E61846F8E65C
:100660004B45A9D2B9EB020864EB0C0E0138A3E7A5
:100670004646EAE7204694E74046D1E7D0467BE786
:10068000023B614432E7304609E76444023842E7FE
:10069000704700BFFEE700BF0B480C4A904203D0F2
:1006A000121A0B4911F0AAF80A480B4A904203D0DB
:1006B000121A002111F0B0F808F08AFD11F07AF852
:1006C00000F024F8FEE700BF00000024E00300244F
:1006D000E0230108E003002430E20024704700BF5B
:1006E0009AB10368406803EB820C10B40C68496847
:1006F00053F8042B44F8042B634550F8042B41F8BD
:10070000042BF5D15DF8044B70477047F0B500211C
:100710008BB02E4804F068FB03212C4804F06CFADF
:1007200030212A4804F084FA294A2A482A4E2B4DBF
:100730002B4C2649002700F073F9304600F058FC96
:10074000284600F015FCFF2608F05AFB014620461B
:1007500000F034FC23491D4804F04AFA0EE09DF8ED
:100760001030E21B69461C4813B9B2F5FA7F02D378
:10077000274600F073FC012008F044FB08F040FB22
:100780000446124A68461349234600F0B1FA069916
:100790009DF81250A1F101010C48B1FA81F149090B
:1007A00004F062FAAE4229460B4801D000F03CFC4E
:1007B0009DF81C302E46002BD1D09DF81D10064808
:1007C000DDE9082300F00CFDC9E700BF4804002460
:1007D0003804002488040024F0040024FC030024CE
:1007E00004040024E106000810B50F4800240F4A55
:1007F0000F49046044610462C46310F0C7FF0D4BED
:100800000D485C6043F8044B5C601C8100F0A4F868
:100810000A4800F099FB0A4800F0BAFB0948BDE815
:10082000104000F0E1BB00BF480400240000002499
:10083000DD0600083804002488040024FC0300249A
:1008400004040024F0040024F0B50D8807464E8807
:10085000013A00F10E044FF0000CAE422CBF002311
:10086000012303732B460AE09E4510D2734494453E
:100870004FEA530324F8023B0BDA31F8023FAE4251
:100880000CF1010CB1F802E0EED39E45EED8002049
:10089000F0BD012318467B73F0BD00BF70B506465E
:1008A000407B30B3F0697568002801DDA84221DD86
:1008B000002D4DDD33684FF0010C00204FF6FF7422
:1008C000A3F1020E3EF8023F9942A3EB0102A1EB15
:1008D000030392B288BF9AB26346A24201D2604635
:1008E0001446AB420CF1010CECDB7389A34238BF18
:1008F000002070BD6FF000423368B6F80AE0024491
:10090000348933F8122074448A42A4B234BF8A1A5C
:10091000521A92B29442ECD29E1E012400204FF64D
:10092000FF7C36F8023F9942A3EB0102A1EB0303DF
:1009300092B288BF9AB22346624501D220469446BD
:100940009D4204F10104ECDCE64538BF002070BD97
:1009500000204FF6FF74C8E710B4184C03464FF65A
:100960000B7C002220680021A3F804C040F2011C87
:10097000C3F86200A088A3F84C20A3F866001846CC
:100980001A601A61A3F818C0A3F844209A6483F887
:100990004E20196559659965DA65A3F86020C3E9A9
:1009A0000B22C3E902225DF8044BC3E90722C3E925
:1009B0000922C3E90D22C3E90F227047A4200108D0
:1009C00090F844305BB303684BB3B0F860C0F0B547
:1009D000B0F85C40B0F85EE090F84C7090F84D6074
:1009E00090F84E50A0F86240A0F864E0A0F866C00D
:1009F00000201A68BFF35B8F911C42F0010221F0C6
:100A000001011A601F715E719D71D8711C81A3F87C
:100A10000AE0A3F80CC0BFF35B8F1960F0BD70470C
:100A20002DE9F04F002402260546804689464FF006
:100A3000010A08F1200B08272DED028B9FB045F825
:100A4000042B32468DF814600CA88DF815400599DA
:100A500005F06EFB03238DF8184032468DF81930EF
:100A60000DF14200069905F063FB8DF81CA08DF88E
:100A70001DA03246079915A805F05AFB07238DF8EB
:100A8000204032468DF821300DF16600089909F1B9
:100A9000180605F04DFB04230CA930461A4605F054
:100AA0005BFB304605F066FD0521484604F09CF8E6
:100AB0008A4A5346284611682246009405F078FE7B
:100AC000DFED877A87490622874B5846C8F84040B1
:100AD000B0EE678A88F82D40F0EE678AC8F82010DB
:100AE000C8E90E44C8E90923FFF7AEFE8246CDED02
:100AF000097ACDED0A7ACDED0B7A0AAD0024E1B288
:100B0000304605F04DFDB5EEC00AF7EE007AF1EE85
:100B100010FA0FD4B4EE670A0134F1EE10FA37FE82
:100B2000800A30EE080A032C05ED010A0BD0B5EC63
:100B3000018AE4E79FED6A0A013430EE080A032CCB
:100B400005ED010AF3D12146304605F029FDB5EE49
:100B5000C00AF1EE10FA12D4F7EE007AB4EE670A8A
:100B6000F1EE10FA37FE800A0121484678EE808ABD
:100B700004F03AF8013F05D09DED098ABDE79FEDED
:100B8000580AF1E708F15C0109A808F150030C4686
:100B9000B4EE007AF0EC017AF7EE006A002267EE1C
:100BA000877AF5EEC07AE3EC017AF1EE10FA11D40F
:100BB000F4EEE67A9FED4D6AB6EE007A4FF6FF72DC
:100BC000F1EE10FA06DCA7EE867ABCEEC77A17EED5
:100BD000102A92B29C4221F8022BD9D1BAF1000F0F
:100BE00031D0F4EE007A68EEA78AF5EEC08AF1EE15
:100BF00010FA33D50021039108F002F90399064653
:100C00005846FFF74BFED8F838400546A0423BD087
:100C10000446C8F83800C8F840605846FFF73EFE62
:100C2000A042D8F83C5006F1140640D02C46C8F833
:100C30003800C8F84060002C08BF2C46631E042B07
:100C400098BF88F84C300123404688F84430FFF7BD
:100C5000B7FE1FB0BDEC028BBDE8F08FF7EE007A57
:100C6000F4EEE78AF1EE10FA02DD4FF6FF71C2E70B
:100C7000F6EE007A9FED1D7AE8EE877AFCEEE77AD1
:100C800017EE903A99B2B6E7D8F83C008542024692
:100C90001CD0D8F84030F31A132B1AD95846C8F88C
:100CA0003C50FFF7FBFDA04206F11406BED1AC425A
:100CB00009D0D8F84010721A132A94BFD8F83C40D3
:100CC000C8F83C40B7E72246D8F83C000446154631
:100CD000B1E72C4614360546E9E700BF04210108B8
:100CE00000000000082101088403F00A00FF7F478C
:100CF0002DE9F04F00250C4602F1180B2822294659
:100D0000074604F15C0604F15008BA46A9462DEDE9
:100D1000028B83B0019310F07FFDB4F84C207A82EF
:100D2000E26BBA61E9B2584605F03AFCB5EEC00A8A
:100D3000F1EE10FA5FD4F7EE007AB4EE670AF1EE46
:100D400010FA37FE800AD8ED007A9FED7A7A30EEFD
:100D5000670AE0EE077AF5EEC07AE8EC017AF1EE88
:100D600010FA42D4B7EE007AF4EEC77AF1EE10FA38
:100D700044DCB6EE007ADFED706AA7EEA67AFCEEF0
:100D8000C77A17EE903A9AB207EE902AB8EE677AD1
:100D9000C7EE267AF1883280914234BF521A8A1AFD
:100DA00092B2802A05F1010506F10206EAEC017A09
:100DB00028BF4FF00109032DB4D1B6EE008A2946B1
:100DC000584687ED038A05F0EBFBB5EEC00AF1EE5D
:100DD00010FA18D4F7EE007AB4EEE70AF1EE10FA42
:100DE00040F396804FF6FF710EE00022DFED537A5C
:100DF0003280F288D5E79FED510AA4E7F0EE477AFA
:100E00004FF6FF72C6E7002104F12000B982FFF718
:100E100045FDA36B984262D0019BA063E06B236405
:100E2000B8610138042813D9201D4D4605F0A6FDF0
:100E3000637E834220D0019B6076E36187F8109047
:100E4000002D43D1384603B0BDEC028BBDE8F08FD6
:100E5000C0B294F84C308342E6D00023012584F8D8
:100E60004C00B874201D84F84D30FB747D7405F07F
:100E700085FD637E8342DED1227E9A42DED0E26926
:100E80000199A1EB020ABAF10E0FD7D92376002BF4
:100E900030D194F84530002BD0D1012394F84C2068
:100EA00084F84530A36C0133A3647B62002A3BD0F5
:100EB00094F84D3040F2011287F8109083F001034E
:100EC000BA831F4A84F84D30FB743A622046FFF71C
:100ED00077FD384603B0BDEC028BBDE8F08FE26BC6
:100EE00090429DD0236C0199CB1A132B94BF1046CE
:100EF000E06395E794F84530002B9FD0002384F8F9
:100F00004530A36C7B6201233B770E4B3B6295E738
:100F1000F0EE487A9FED087AE0EE077AFCEEE77A89
:100F200017EE903A99B26FE740F20113BB83044B7E
:100F30003B6283E70AD7A33D00FF7F470000000024
:100F4000F0200108F820010800220549054B10B4E3
:100F5000C0E90022044C054A5DF8044B704700BF0D
:100F6000F8240024F8A40024F8140024F804002431
:100F700010B54FF4004204460021044810F04CFC28
:100F800000232360BFF35B8F636010BDF82400244F
:100F90000022002110B478248161C161C462016221
:100FA0005DF8044B80F83020C0E90022C0E902223D
:100FB000C0E90422C0E90922704700BF00230022D3
:100FC0007831036043608360C36003614261836181
:100FD000C361036280F8302010B47824C0E909129C
:100FE000C4625DF8044B70470022C0E900227047DC
:100FF00010B50C4A88B001230021B2F800C04FF4AC
:10100000E134039306930491029101A90593938817
:101010000794ADF804C0ADF8063007F06DFC08B0D9
:1010200010BD00BFAC20010810B588B00B460A4ABD
:1010300020210446684610F0ADFC6846FFF750F9E1
:101040000A2302466946204607F0C0FC10B16368D7
:101050000133636008B010BD1421010891ED007ADE
:10106000B5EEC07A30B5F1EE10FA9DB0044640D42A
:10107000F7EE007AB4EEE77AF1EE10FA40F39980D9
:1010800091ED017A42F21073B5EEC07AF1EE10FAEA
:1010900037D5002091ED027AB5EEC07AF1EE10FA64
:1010A0003FD4F7EE007AB4EEE77AF1EE10FA5CDDA9
:1010B00091ED037A42F21075B5EEC07AF1EE10FAB6
:1010C00037D5002260210292434ACDE9000504A8E9
:1010D00010F060FC04A8FFF703F90A23024604A9F4
:1010E000204607F073FC10B16368013363601DB0E4
:1010F00030BD002391ED017AB5EEC07AF1EE10FA21
:10110000C7D4F7EE007AB4EEE77AF1EE10FA3EDDDE
:1011100091ED027A42F21070B5EEC07AF1EE10FA5B
:10112000BFD5002591ED037AB5EEC07AF1EE10FA45
:10113000C7D4F7EE007AB4EEE77AF1EE10FA02DDEA
:1011400042F21072BEE7F6EE007ADFED246A42F258
:101150001071E7EE267AFDEEE77A17EE902A8A42C2
:10116000A8BF0A4622EAE272ACE7F6EE007ADFEDAB
:101170001B6A42F21072E7EE267AFDEEE77A17EE6E
:10118000905A9542A8BF154625EAE575CAE7F6EEDE
:10119000007ADFED126A42F21072E7EE267AFDEE77
:1011A000E77A17EE900A9042A8BF104620EAE07056
:1011B00070E7F6EE007ADFED096A42F21072E7EEB0
:1011C000267AFDEEE77A17EE903A9342A8BF1346CF
:1011D00023EAE3738EE700BF1C21010800401C4690
:1011E00010B514469AB01A460B4600946021044686
:1011F000019202A8084A10F0CDFB02A8FFF770F890
:101200000A23024602A9204607F0E0FB10B16368FA
:10121000013363601AB010BD2C210108704700BF74
:101220000F4B1B780BB90120704710B504464FF4E3
:101230007A700C4AB0FBF3F31068B0FBF3F000F0E7
:10124000C1FE0F2C00D808B1012010BD002221469C
:101250004FF0FF3000F056FE034B00201C6010BD25
:1012600004000024440200240800002438B50320B0
:10127000124D00F035FE124C02F04EF9114A12499F
:101280009369C3F30323CB5C03F01F0320FA03F33A
:101290000E202B60926902F00F028A5C02F01F029E
:1012A000D3402360FFF7BCFF10B10124204638BDB6
:1012B0000446FFF7B3FF204638BD00BF44020024B8
:1012C0004802002400440258F0210108034A044B5C
:1012D00011681B780B441360704700BFF8B40024FA
:1012E00004000024014B1868704700BFF8B40024C4
:1012F00038B50446FFF7F6FF0546631C02D0044BE1
:101300001B781C44FFF7EEFF431BA342FAD338BD02
:1013100004000024014B1868000C70470010005CAA
:10132000704700BF806B08B5FFF7FAFF08BD00BF2C
:10133000836B5A6D12F0500F5A6D10B51DD119689C
:1013400042F400725A650A6812F0080FCA681BD08E
:1013500012F4406F0DD1CA6894040AD45A6D22F475
:1013600080725A655A6DD10403D45A6D42F001025D
:101370005A65184605F076F910BDD2060AD4DB6C22
:10138000BDE81040DB6C18479007E7D0184605F021
:1013900069F9F1E7184605F009FA10BD806B08B548
:1013A000436D43F040034365836D43F0040383655D
:1013B00005F0FCF908BD00BFF0B5002283B0019232
:1013C00090F85020012A00F01C81034601201A6881
:1013D00083F850009468640700F18A800C68C4F3B5
:1013E0001305002D40F08F80C4F38464A0404D6845
:1013F0004FF01F0ED6694FEA951C30430CF00C0CD1
:10140000D06105F01F0002F1300584400EFA00FEA5
:101410005CF8050020EA0E0004434CF80540906893
:1014200040076ED4956815F0080547D10C68072071
:1014300002F11406B94F4FEAD45CC4F304540CF023
:10144000040C00FA04FE886800FA04F45CF8060054
:1014500020EA0E0020434CF80600386800F0704087
:10146000B0F1805F00F0C580D068D668C70600F193
:10147000E880C6F382064869760000FA06F60F692E
:10148000042F00F0C18002F16004086854F827C0FE
:1014900000F0F8400CF0004C40EA0C00304344F8F7
:1014A0002700487E0E69012854F8260008BF4FF037
:1014B000004520F00040054344F826509068C407DA
:1014C00014D4CE68086806F01807954CD2F8C050BE
:1014D000FC40C0F31307044025EA07052C43C2F87B
:1014E000C040904CA64246D0002816DB002003E006
:1014F0005A6D42F020025A65002283F8502003B052
:10150000F0BD9068DAE794FAA4F5B5FA85F5C4F36E
:10151000846405F01F05A84069E783498A4200F00A
:10152000B68001F580718A4200F0B1807F4D804C19
:10153000A968A46801F0E076E44304F00104002CFB
:1015400000F0B4807B4CA04200F0FC807A4CA042BA
:1015500000F01A81794CA042C8D14902C6D474491E
:101560008A42C3D1AA68002022F0E072324342F4DA
:101570008002AA60C0E7002F6AD090FAA0F4B4FA03
:1015800084F4013404F01F04092C00F2A48090FAC2
:10159000A0F4B4FA84F490FAA0F5B5FA85F5013414
:1015A00001260135A40605F01F0504F0F84406FAEB
:1015B00005F52C4390FAA0F0B0FA80F0304400F02A
:1015C0001F0000EB400000052043C60D02F114058A
:1015D000C0F30450072406F0040604FA00F7745917
:1015E00024EA07048F6807FA00F020437051086866
:1015F0007AE7D6684869C6F38206760000FA06F6EE
:101600003DE7022003B0F0BD106E0C6800F0F8401A
:10161000A506B0EB846F30D0506E00F0F8408542E4
:1016200026D0906E00F0F84085422BD0D06E00F0AE
:10163000F84085427FF442AFD06E20F00040D06683
:101640003CE77608486906F0080600FA06F616E751
:10165000800E441C04F01F06092E2DD8A40601207C
:1016600004F0F844B040044306EB46000005ABE745
:10167000506E20F000405066D3E7106E20F000401E
:101680001066C9E7906E20F000409066CEE7264CC9
:101690002B4D04F58074A96854F8F86CA4683443A1
:1016A00001F0E076E44304F0010448E75A6D0120BC
:1016B00042F020025A651FE706EB4600A50601240A
:1016C0001E3805F0F84504FA06F60005354340F0EB
:1016D0000070284379E790FAA0F5B5FA85F590FAFD
:1016E000A0F4B4FA84F4013501260134AD0604F007
:1016F0001F0405F0F84506FA04F4254390FAA0F417
:10170000B4FA84F4344404F01F0404EB4404A4F158
:101710001E00000540F00070DBE700BF0010005C19
:10172000FFFF0F000000FF47002002400063025847
:1017300000600258000084CB000052C70000B8CF00
:101740000023024008023FF5D1AE17498A427FF4D8
:10175000CDAE164AA9681268154821F0E0719209C9
:101760003143A0FB020241F400019209A96052003A
:101770000192019A002A3FF4B9AE019A013A01920E
:10178000019A002AF9D1B1E611F080707FF4AEAE73
:1017900005498A427FF4AAAEAA6822F0E072324379
:1017A00042F08072AA60A7E600600258440200245A
:1017B000632D3E0503689A68D20701D50020704763
:1017C0009968214A114270B5044608D0636D012022
:1017D00043F010036365A36D0343A36570BD99686F
:1017E0001A4A0A4042F001029A60FFF77BFD236823
:1017F000174A054693421ED002F5807293421AD0D2
:10180000144A9268114E0AE09A68324042F001028E
:101810009A60FFF767FD401B0228D7D823681A6833
:10182000D2070FD49A68D107EED5FFF75BFD401BB6
:101830000228F3D9CAE7084A9268D006E2D0074ADC
:101840009342DFD1002070BD3F000080C0FFFF7FCA
:1018500000200240006302580023024000210240A1
:101860002DE9F0413A4D044600680F461646A8425D
:1018700019D0384B984216D0374DAB688068420774
:1018800016D494F85020012A12D003F01F08012228
:10189000B8F1090F84F850200DD90023012084F8F5
:1018A0005030BDE8F0812D4DAB6880684207E8D527
:1018B0000220BDE8F08140F2212323FA08F3DB4344
:1018C00013EA0205E9D12046FFF774FF002839D159
:1018D000626D234B2168134043F480736365B8F154
:1018E000000F02D01B4B994203D0636D23F4801389
:1018F0006365636D13F4805328D0A36D23F0060352
:10190000A365E06C3346174D3A464031C563164D2A
:101910000564164DC5641C2541F8405C002584F81B
:10192000505051F83C5C45F0100541F83C5C00F02B
:1019300059FE22680E4B91680B4043F004039360FC
:10194000BDE8F08184F85050BDE8F081A365D8E788
:1019500000200240002102400063025800230240A0
:10196000FEF0FFFF31130008251300089D13000847
:10197000C0FFFF7F38B503689A68910702D59B685E
:10198000002038BD9A68D20723D59A68044602F031
:101990000D02012A08D0636D012043F01003636536
:1019A000A36D0343A36538BD986803210A4A02402A
:1019B00042F002029A601960FFF794FC054604E0C9
:1019C000FFF790FC401B0228E5D823689B68DB07E3
:1019D000F6D4002038BD00BFC0FFFF7F38B5574A9E
:1019E00004460368934226D002F58072934222D0C7
:1019F000534B9B6813F4403F22D001F047FF6368CC
:101A00000546B3F5003F00F08880B3F5403F70D045
:101A1000B3F5803F00F08180FFF77CFC41F20303C7
:101A200098422DD8474B9D425DD92268936843F474
:101A30008073936038BD444B9B6813F4403FDCD106
:101A40004FF4002002F0EEFF63680546B3F5101F67
:101A50006DD008D8B3F5E01F55D01AD9B3F5001FE3
:101A6000DAD14509D8E7B3F5201F4AD0B3F5301FC6
:101A7000D2D1FFF74FFC41F20303984233D92D0A2C
:101A8000324B9D421DD82268936823F440739360C3
:101A900038BDB3F5801F06D00AD9B3F5A01F02D018
:101AA000B3F5C01FB8D19B0C5B00B5FBF3F5B3E7F2
:101AB000B3F5002FF7D023F40022B2F5802FF2D037
:101AC000AAE7234B234A2B4493421ED9224B234A95
:101AD0002B449342226893682BD823F4407343F439
:101AE0000073936038BD2268936823F48073936019
:101AF00038BD8508FFF70EFC41F203039842BFD8BA
:101B000090E7C50988E7050986E72268936823F40A
:101B1000407343F48073936038BD1B0CB5FBF3F541
:101B2000FFF7F8FB41F203039842A9D87AE7850949
:101B300072E743F44073936038BD00BF0020024059
:101B400000630258002D310100230240105E5F0047
:101B5000EFA1A0FF0F5E5F00DF4341FF1FBCBE008F
:101B600030B5002383B00193002800F0D080456D8C
:101B70000446002D00F0BA80226893689B0003D5CC
:101B80009168714B0B4093609368DD0015D46F4BE7
:101B900090686F491B6801406E489B0941F0805175
:101BA000A0FB030391609B090193019B2BB1019B57
:101BB000013B0193019B002BF9D19368D80024D4F9
:101BC000636D012543F010036365A36D2B43A3658B
:101BD000936813F0040F636D1DD1D9061BD4636D98
:101BE00023F4817343F0020363659368DB0728D411
:101BF000594B9A4217D003F580739A4213D0574B32
:101C00009B68D9071DD4564A15E09368002513F048
:101C1000040F636DE1D0636D012543F01003284686
:101C2000636503B030BD4C4A4E4B92689B681343CA
:101C3000D80706D44C4A9368616823F47C130B439D
:101C40009360FFF767FB41F20303A1689842237F8B
:101C500052D894F815C01A04206B42EA4C32024361
:101C60000A43012B03D1236A013B42EA4342636AE0
:101C700023B103F47873A16A0B431A4323683B49E9
:101C8000D86801400A43DA609A6812F0040F9A6833
:101C90001CD112071AD4D868354A217D024042EA85
:101CA0008132E16A0A43DA6094F83820012A3AD096
:101CB0001A6922F001021A611A692046616B22F04A
:101CC00070420A431A61FFF789FE2368E268012A1D
:101CD00021D01A6B22F00F021A63636D284623F09D
:101CE000030343F00103636503B030BD04F068FCF7
:101CF000A56584F850503FE71029AAD1617D1A04E8
:101D000042EA4132216B0A4342F01C02A9E7012555
:101D1000284603B030BD196BA26921F00F01013ACA
:101D20000A431A63D9E7D4E9102118690A43114913
:101D300001400A43A16C0A43E16B42EA014242F0CE
:101D400001021A61B8E700BFC0FFFF5F4402002430
:101D5000C0FFFF6F632D3E05002002400060025867
:101D600000630258002102400023024003C0F0FF3C
:101D7000FCBFFFFF1EF800FCF0B5002383B0019309
:101D800090F85030012B40D0012304460E461546F2
:101D900080F85030FFF7EEFDE8B9676D05F080423E
:101DA0001B4B06F480311B4D3B401B4F43F002039D
:101DB000636523689E68354015430D4345F0004533
:101DC0009D609A68002A0FDB636D23F0030343F0E4
:101DD0000103636503E0636D43F010036365002353
:101DE00084F8503003B0F0BD019A01320192019A9B
:101DF000BA42E6D9636D0022012023F0120384F871
:101E0000502043F010036365ECE7022003B0F0BDFF
:101E1000FDEEFFFFC0FFFE3FFF955A55F0B490F86E
:101E200050200E68012A49D00346294A01201C6827
:101E300083F85000944208D05A6D002142F02002ED
:101E400083F850105A65F0BC7047224DAA685207BB
:101E50000AD5A2685A6D012042F020025A6500227C
:101E600083F85020F0BC7047A06810F00400F1D156
:101E7000C6B1DFF868C04F68DCF8082022F44042A1
:101E80003A43CCF80820A468AA682243D40713D4A4
:101E90008A68DCF8081016430F4A0A401643CCF84B
:101EA0000860DCE70D498A6822F440428A60A06835
:101EB000AA680243D00704D50020D0E70220F0BC76
:101EC00070478C683046044A22408A60C7E700BFEA
:101ED0000020024000210240E0F0FFFF002302400A
:101EE00006494FF6FF0C0002054BCA6800F4E0609B
:101EF00002EA0C0210430343CB60704700ED00E0A0
:101F00000000FA051B4BDB68C3F3022300B5C3F1E5
:101F1000070E03F1040CBEF1040F28BF4FF0040EAE
:101F2000BCF1060F1AD9033B4FF0FF3C0CFA03FC3F
:101F300022EA0C024FF0FF3C00280CFA0EFC21EACA
:101F40000C0101FA03F141EA02010ADB09010A4B23
:101F5000C9B2034483F800135DF804FB0022134662
:101F6000E8E700F00F000901044BC9B203441976F9
:101F70005DF804FB00ED00E000E100E0FCEC00E0B7
:101F8000002807DB00F01F0101234009024A8B40B3
:101F900042F82030704700BF00E100E000280DDB70
:101FA0004309012200F01F000549203302FA00F026
:101FB00041F82300BFF34F8FBFF36F8F704700BF0F
:101FC00000E100E0431EB3F1807F0CD24FF0E0222D
:101FD000002006494FF0F00C5361072381F823C01D
:101FE0009061136170470120704700BF00ED00E071
:101FF000BFF35F8F044B00215A6A22F480325A6289
:10200000C3F89410704700BF00ED00E0064B40F0AD
:102010000100C3F894005A6A42F480325A62BFF356
:102020004F8FBFF36F8F704700ED00E0174A437882
:10203000C2F89830017821B3436800B5C2F89C30EB
:10204000C37A90F80CC01B0690F80FE043EA0C73BB
:1020500090F80AC00B43817B43EACC4390F80DC053
:1020600043EA8C4390F809C043EA4143017A43EACA
:102070000E4343EA0C2343EA4103C2F8A0305DF863
:1020800004FBC2F89C10C2F8A010704700ED00E0FD
:10209000704700BF08B5FFF7FBFF08BD0268344B6F
:1020A000344930B4344D354CAA4218BF9A420CBF63
:1020B000012300238A4208BF43F001033031A242CA
:1020C00008BF43F0010330348A4208BF43F00103E4
:1020D0003031A24208BF43F0010330348A4208BFC6
:1020E00043F0010301F55C71A24208BF43F0010314
:1020F00004F55C748A4208BF43F001033031A24208
:1021000008BF43F0010330348A4208BF43F00103A3
:102110003031A24208BF43F0010330348A4208BF85
:1021200043F001033031A24208BF43F001038A4269
:1021300008BF43F0010313B9114B9A4213D1D3B234
:102140001049114C103BA1FB03515F2B0F4BC1F306
:10215000021103EA0203615C88BF0433C165836531
:10216000184630BC704722F0FF038365F8E700BFD4
:102170001000024040000240280002405800024087
:10218000B8040240ABAAAAAA3821010800FCFFFF4C
:102190000368294A294930B4294D2A4CAB4218BF5B
:1021A00093420CBF012200228B4208BF42F0010281
:1021B0002831A34208BF42F0010228348B4208BFF5
:1021C00042F001022831A34208BF42F001028B42D3
:1021D00008BF42F0010212B91B4A934213D1DBB28D
:1021E0001A4C1B4A0121083B1A4DA4FB03434566C8
:1021F00002EB1312C3F30413920001FA03F3026615
:10220000836630BC7047DAB21349144C1944103A53
:10221000A829A4FB02234FEA131300D80833104A5D
:1022200003F01F0501210F4C1A44A9404466920097
:1022300081660266E5E700BF085402583054025830
:102240001C5402584454025894540258CDCCCCCC5F
:102250000096001680580258F0FBFDBFABAAAAAA50
:10226000008200108008024070B50446FFF73AF87B
:10227000002C00F0C68023680546954A934248D05A
:102280001832934245D0303292498B4218BF934264
:1022900001F130010CBF012200228B4208BF42F045
:1022A000010218318B4208BF42F0010218318B4203
:1022B00008BF42F0010218318B4208BF42F0010210
:1022C00001F556718B4208BF42F0010218318B4272
:1022D00008BF42F0010218318B4208BF42F00102F0
:1022E00018318B4208BF42F0010218318B4208BFFF
:1022F00042F0010218318B4208BF42F0010218314E
:102300008B4208BF42F001021AB9734A934240F06F
:10231000F5800222002184F8352084F834101A68F0
:1023200022F001021A6005E0FEF7DCFF431B052BDB
:1023300040D823681A68D107F6D4D4E90225216968
:102340002A43A0691D680A4361690A43E16902439F
:102350000A4362492940256A2A430A43616A0429DB
:102360002FD01A605A6922F00702114359612046A2
:10237000FFF794FEE26D3F2302F01F02934083605B
:102380002046FFF705FFA368802B3CD06368A06E52
:10239000DAB2013BD4E91851072B2A60486026D9EC
:1023A0000023C4E91B33636700200123606584F8C0
:1023B000353070BD202203230120626584F835305A
:1023C00070BDD4E90B5129430A431A605969A26AC6
:1023D00021F00701114341F00401002DC6D000286F
:1023E0004FD1012A6ED032F00202BFD151E0501E0F
:1023F000072810D9626FD4E91B31002018604A60A9
:10240000D2E7012070BD0023A16ED4E918026360F9
:1024100003605160C4E72168314B324DA94218BFB7
:10242000994205F114050CBF01230023A94208BFFE
:1024300043F001031435A94208BF43F001031435EA
:10244000A94208BF43F001031435A94208BF43F075
:1024500001031435A94208BF43F001033BB9224BE5
:10246000994204D0214B224913449B0003E0214BA5
:10247000214913449B0001228240C4E91B31626759
:10248000BBE7B0F5005F0ED0022A05D9032A7FF41E
:102490006DAFEA017FF56AAF0123402218466265FD
:1024A00084F8353070BD032A3FF660AF01A050F8C4
:1024B00022F000BF99240008932400089924000802
:1024C000C5240008B5F1C07F7FF450AFE4E700BF3A
:1024D0001000024040000240B80402403F8010FE5D
:1024E000085402581C540258945402583F82001059
:1024F000400902403F96001640590258324A33487C
:102500003349834218BF934200F128000CBF0122D7
:1025100000228B4208BF42F001022831834208BFEB
:1025200042F0010228308B4208BF42F001022831FC
:10253000834208BF42F001028B4208BF42F0010211
:1025400012B9244A934238D102220021224D84F844
:10255000341084F835201A681540A268402A2AD021
:10256000802A0CBF4FF480400846266AD4E9031243
:10257000D20842EAD102616942EAD102A16942EA83
:10258000D102E16942EAD102144942EA1612194421
:102590002A4302431248A0FB010120461A600B099E
:1025A0009B00E365FFF77AFDE26D012302F01F0255
:1025B00093404360E4E61020D7E740220323012044
:1025C000626584F8353070BD085402581C540258B6
:1025D00030540258945402580F00FEFFF8ABFDA788
:1025E000CDCCCCCC002800F0BC80844690F83400E0
:1025F000012800F0B88001202DE9F0419CF8354019
:102600008CF83400844208D000224FF400638CF828
:102610003420CCF85430BDE8F0810220DCF80050C2
:102620007A4C8CF835000020794ECCF8540079486B
:10263000854218BFA54200F118000CBF01240024F8
:10264000854208BF44F001041830854208BF44F0B9
:1026500001041830854208BF44F001041830854257
:1026600008BF44F0010400F55670854208BF44F0ED
:1026700001041830854208BF44F001041830854237
:1026800008BF44F001041830854208BF44F001043B
:102690001830854208BF44F001041830854208BF55
:1026A00044F001041830854208BF44F0010418309A
:1026B000854208BF44F00104A0F59560B54218BFFB
:1026C0008542DCF86C600CBF0120002054EA000851
:1026D000286820F001002860DCF86400DCF868401D
:1026E000DCF85870446040D016B1DCE91C0444604A
:1026F000DCF85C004FF03F0E00F01F000EFA00F017
:10270000B860286820F4802028606B60DCF808300E
:10271000402B23D0A960EA602B6823F01E0343F00E
:1027200016032B60DCF840301BB12B6843F0080324
:102730002B60DCF860301A68D20303D51A6842F4C3
:1027400080721A601EB1336843F4807333602B6863
:10275000002043F001032B60BDE8F081AA60E9602E
:10276000DAE7012070470220704716B1DCE91C044B
:1027700044602948DFF8A8E0754518BF85420EF18E
:10278000140E0CBF01200020754508BF40F0010069
:102790000EF1140E754508BF40F001000EF1140E45
:1027A000754508BF40F001000EF1140E754508BFD5
:1027B00040F001000EF1140E754508BF40F0010015
:1027C00010B9164885420ED1DCF85C0000F01F0EEF
:1027D000012000FA0EF078606B60DCF80830402BC6
:1027E00010D0A960EA602B6823F00E0343F00A03BF
:1027F0002B60DCF84030002B9BD02B6843F00403A7
:102800002B6096E7AA60E960EDE700BF4000024058
:1028100028000240580002400854025894540258BC
:102820001C54025800285FD038B590F83520034674
:10283000022A55D10168444A914248D01832914247
:1028400045D03032414C4248A14218BF914204F178
:1028500048040CBF01220022814208BF42F001025D
:102860003030A14208BF42F001023034814208BF3B
:1028700042F0010200F55C70A14208BF42F0010283
:1028800004F55C74814208BF42F001023030A1427D
:1028900008BF42F001023034814208BF42F0010219
:1028A0003030A14208BF42F001023034814208BFFB
:1028B00042F001023030A14208BF42F001028142E1
:1028C00008BF42F0010212B9224A91420ED10422FD
:1028D000002083F835200B6823F001030B6038BD1E
:1028E000802201205A6538BD012070470A681C6E9D
:1028F00022F00E02D86D9D6D0A6000F01F000A687C
:1029000022F001020A6001222168824021F48071D4
:1029100021606A60DA6ED3E91910486032B111683B
:10292000D3E91C0421F4807111604460002401216A
:102930001A6D83F8344083F835101AB11846904761
:10294000204638BD104638BD10000240400002400D
:1029500070000240B80402402DE9F04300229C4B75
:1029600083B09C4E1D688146019203689A4A846D2B
:10297000934218BFB342276808BF0126216818BFD9
:10298000002645D018329548834218BF934200F183
:1029900018000CBF01220022834208BF42F001024E
:1029A0001830834208BF42F001021830834208BF4A
:1029B00042F001021830834208BF42F0010200F5E4
:1029C0005670834208BF42F001021830834208BFAC
:1029D00042F001021830834208BF42F00102183071
:1029E000834208BF42F001021830834208BF42F020
:1029F00001021830834208BF42F0010218308342BE
:102A000008BF42F001021AB9754A934240F0508261
:102A1000D9F85C10082201F01F0C02FA0CF21742E0
:102A200040F0888127FA0CF2D2070CD55A691006BB
:102A300009D5012202FA0CF2A260D9F8542042F022
:102A40000202C9F854204FF0040E0EFA0CF038427E
:102A50005BD0002E4FD1634ADFF88081434518BF19
:102A6000934208F118080CBF01220022434508BF19
:102A700042F0010208F11808434508BF42F0010284
:102A800008F11808434508BF42F0010208F1180890
:102A9000434508BF42F0010208F55678434508BF98
:102AA00042F0010208F11808434508BF42F0010254
:102AB00008F11808434508BF42F0010208F1180860
:102AC000434508BF42F0010208F11808434508BF1A
:102AD00042F0010208F11808434508BF42F0010224
:102AE00008F11808434508BF42F001021AB93C4AF0
:102AF000934240F019821A68920706D5A060D9F86F
:102B0000542042F00402C9F85420102202FA0CFCAE
:102B10001CEA070F6CD0002E45D1324A2F4EB3422B
:102B200018BF934206F118060CBF01220022B342DF
:102B300008BF42F001021836B34208BF42F001025A
:102B40001836B34208BF42F001021836B34208BF3C
:102B500042F0010206F55676B34208BF42F0010288
:102B60001836B34208BF42F001021836B34208BF1C
:102B700042F001021836B34208BF42F00102183693
:102B8000B34208BF42F001021836B34208BF42F018
:102B900001021836B34208BF42F001021AB9104AC6
:102BA000934240F0C9811A68100721D5C4F808C0C3
:102BB0001A68560300F14C811A68D20503D41A68CA
:102BC00022F008021A60D9F840308BB10CE000BF47
:102BD0004402002410000240280002405800024035
:102BE000B80402404000024048469847D9F85C10BB
:102BF00001F01F0120268E403E4268D0D9F8002007
:102C0000A54BA64FBA4218BF9A4207F118070CBF4E
:102C100001230023BA4208BF43F001031837BA4228
:102C200008BF43F001031837BA4208BF43F001035D
:102C30001837BA4208BF43F001031837BA4208BF39
:102C400043F001031837BA4208BF43F0010307F508
:102C50005677BA4208BF43F001031837BA4208BF9B
:102C600043F001031837BA4208BF43F00103183795
:102C7000BA4208BF43F001031837BA4208BF43F015
:102C800001031837BA4208BF43F001031837BA42AC
:102C900008BF43F001031BB9814B9A4240F06281A7
:102CA0001368DB0613D5A66099F83530042B13683A
:102CB00000F0AE8013F4802F136800F0D3801C0363
:102CC00040F1DE80D9F83C300BB148469847D9F83E
:102CD0005430002B00F0B980D9F85430D8071FD5F4
:102CE000D9F80020042189F83510136823F0010376
:102CF00013606C4BA3FB0535AD0A02E01368D907DE
:102D000004D5019B0133AB420193F7D9002389F825
:102D100034301368DB074CBF0323012389F83530B7
:102D2000D9F84C30002B00F09080484603B0BDE845
:102D3000F0431847186840070AD5186820F00400C7
:102D40001860A260D9F8542042F00102C9F854205A
:102D500027FA0CF2D2077FF576AE534A53488342E6
:102D600018BF934200F130000CBF012200228342C1
:102D700008BF42F001021830834208BF42F001024E
:102D80001830834208BF42F001021830834208BF66
:102D900042F0010200F55670834208BF42F0010282
:102DA0001830834208BF42F001021830834208BF46
:102DB00042F001021830834208BF42F0010218308D
:102DC000834208BF42F001021830834208BF42F03C
:102DD00001021830834208BF42F0010218308342DA
:102DE00008BF42F00102002A7FF420AE002E7FF4DB
:102DF0001DAE1A68042202FA0CF23A4240F09480A6
:102E0000102202FA0CFC17EA0C0F3FF4F1AE84E634
:102E100023F016031360536923F080035361D9F83C
:102E200040309BB3136823F0080313603F23002551
:102E3000012203FA01F1D9F85030A16089F8345029
:102E400089F83520002B7FF470AF03B0BDE8F08324
:102E50001B6818037FF5B7AED9F84830002B7FF414
:102E6000C3AEC5E613F480737FF42CAF116821F074
:102E700010011160012289F8343089F8352021E7EA
:102E8000D9F84430002B7FF420AF20E7D9F8483040
:102E9000002BC7D1CAE700BF100002402800024043
:102EA000B8040240B5814E1B580002404000024069
:102EB0004E4A4F4DAB4218BF934205F114050CBF6B
:102EC00001220022AB4208BF42F001021435AB429E
:102ED00008BF42F001021435AB4208BF42F00102C4
:102EE0001435AB4208BF42F001021435AB4208BFB3
:102EF00042F0010212B93F4A9342A6D1D9F85C5080
:102F000004261A6805F01F05AE400E4219D0570777
:102F100017D5100466604BD5D1034FD4D9F848308B
:102F2000002B7FF402AF90E71A68102202FA0CFC23
:102F300017EA0C0F3FF45CAE1A6852077FF558AEE3
:102F400034E60226AE400E4211D097070FD56660D8
:102F5000140439D5D00343D4D9F84430002B7FF47E
:102F6000E4AE72E713689F077FF5B1AE9BE60826D3
:102F7000AE400E423FF469AF11077FF566AF1A68A5
:102F8000002122F00E021A600123D9F84C2003FA26
:102F900005F56560C9F8543089F8341089F8353082
:102FA000002A3FF452AF484603B0BDE8F043104753
:102FB000920603D41A6822F004021A60D9F840304D
:102FC000002B7FF4B2AE40E712F0200208D119685E
:102FD000012421F00A01196089F8342089F835406C
:102FE000D9F83C30002B7FF4A0AE2EE708540258ED
:102FF0001C54025894540258406D7047002800F049
:10300000DE81F8B503680446D80730D59F490A69C0
:10301000896A02F03802102A00F00081182A00F0B4
:10302000F8806368B3F5803F00F02081002B00F04A
:103030005E81B3F5A02F954B1A6800F02F8222F421
:1030400080321A601A6822F480221A60FEF74AF968
:103050008E4E41F28837054605E0FEF743F9401BE6
:10306000B84200F2428133689A03F6D523689D077F
:1030700000F18580D9062FD5844A1369926A03F03E
:103080003803082B00F0DA80182B00F0D280E369B7
:103090007E4D002B00F065812B6843F080032B6090
:1030A000FEF720F9064605E0FEF71CF9801B022812
:1030B00000F21B812B68DB05F6D5FEF72BF941F2F8
:1030C0000303984200F20B826B68226A23F0F843F4
:1030D00043EA82636B6023681D0716D563696B4DF5
:1030E000002B00F01C816B6F43F001036B67FEF750
:1030F000F9F8064605E0FEF7F5F8801B022800F215
:10310000F4806B6F9807F6D523689A0616D5A369E5
:103110005E4D002B00F014812B6843F480532B602C
:10312000FEF7E0F8064605E0FEF7DCF8801B022813
:1031300000F2DB802B689F04F6D52368590700F165
:103140009B80636ACBB1514D2A6902F03802182A7C
:103150006DD0022B2B6823F080732B6000F0398137
:10316000FEF7C0F8044605E0FEF7BCF8001B022895
:1031700000F2BB802B689B01F6D40020F8BD434AC7
:103180001369926A13F0380329D1404BE2681B6837
:10319000590701D5002A4AD03C4D2B6823F019036A
:1031A00013432B60FEF79EF8064605E0FEF79AF8FB
:1031B000801B022800F299802B685B07F6D5FEF78A
:1031C000A9F841F20303226998426B6800F2F0808B
:1031D00023F47C3343EA02336B6023684AE7182BFD
:1031E00000F0E280294DE2682B68002A00F0CB80D5
:1031F00023F0190313432B60FEF774F8064604E02E
:10320000FEF770F8801B02286FD82B685F07F7D590
:10321000D5E701F0030102297FF403AF1B4A1268CE
:1032200091037FF524AF6268002A7FF420AF01206C
:10323000F8BD02F00302012A7FF429AF134B1B688B
:10324000DA0502D5E369802BF1D1FEF763F841F28C
:1032500003030E4A9842216A00F2B380536823F0B8
:10326000F84343EA81635360236835E7074A1368EC
:1032700043F480331360E9E6054D2B6843F4807313
:103280002B60FEF72FF8064609E000BF0044025805
:1032900000480258FEF726F8801B642825D82B68C2
:1032A000DA05F7D5A368012B00F02281002B00F08E
:1032B000FD80052B954B1A6F00F0208122F0010252
:1032C0001A671A6F22F004021A67FEF70BF88F4E86
:1032D00041F28837054604E0FEF704F8401BB84287
:1032E00003D8336F9B07F7D52BE70320F8BD874D35
:1032F00041F288372B6823F480332B602B6823F44A
:1033000080232B60FDF7EEFF064604E0FDF7EAFFA1
:10331000801BB842E9D82B689B03F7D4A6E66B6FF5
:1033200023F001036B67FDF7DDFF064604E0FDF7C0
:10333000D9FF801B0228D8D86B6F9907F7D4E3E632
:103340002B6823F480532B60FDF7CCFF064604E086
:10335000FDF7C8FF801B0228C7D82B689804F7D454
:10336000EBE62B6823F080032B60FDF7BBFF0646DE
:1033700004E0FDF7B7FF801B0228B6D82B68DF05F5
:10338000F7D42368A8E623F001032B60FDF7AAFF1A
:10339000064604E0FDF7A6FF801B0228A5D82B688F
:1033A0005807F7D4236865E690077FF41BAFECE677
:1033B00023F0FE4343EA02636B6023685AE6012070
:1033C0007047D36823F07C5343EA0163D3602368DA
:1033D00082E6FDF787FF064604E0FDF783FF801BCA
:1033E000022882D82B689901F7D4A96A484BA26AAF
:1033F0000B404849454E1343E26A43EA0213AB626D
:10340000D4E90D32013B013A5B0212049BB202F493
:10341000FE021343226B013AC2F308021343E26B2C
:10342000013A120602F0FE4213432B63EB6A23F0CB
:103430000103EB626A6BA36C114041EAC30169634B
:10344000EB6A226C23F00C031343EB62EB6A626CB1
:1034500023F002031343EB62EB6A43F48033EB6225
:10346000EB6A43F40033EB62EB6A43F48023EB62D4
:10347000EB6A43F00103EB622B6843F080732B602F
:10348000FDF730FF044605E0FDF72CFF001B022886
:103490003FF62BAF33689A01F6D56EE642F48022F0
:1034A0001A601A6842F480321A60CFE5174D41F273
:1034B00088372B6F23F001032B672B6F23F0040356
:1034C0002B67FDF70FFF064605E0FDF70BFF801B9E
:1034D000B8423FF60AAF2B6F9807F6D431E6EB6897
:1034E000226A23F07C5343EA0263EB602368F3E52E
:1034F000064A136F43F001031367E6E642F0040245
:103500001A671A6F42F001021A67DEE60044025899
:103510000CFCFFFF0700FFFF474A136903F0380365
:10352000102B04D0182B0DD01BB1444870474448D1
:103530007047136899064AD513684248C3F3C1031C
:10354000D8407047936A30B4946AD56A14F47C7F8B
:10355000516BC4F3051038D0C1F3CC0105F001055F
:1035600003F0030305FB01F1012B07EE901AB8EEFF
:10357000E77A02D0022B2CD093B307EE900A9FED8E
:10358000325AF8EEE77A136BC5EE276ADFED2F5A51
:10359000C3F3080307EE903AB7EE006AF8EEE77A55
:1035A000E7EE257A77EE867A66EEA76A224B1B6BEA
:1035B000C3F34623013307EE903AB8EEE77AC6EE3E
:1035C000877AFCEEE77A17EE900A30BC70471D4808
:1035D000704707EE900A9FED1E5AF8EEE77AD2E7A1
:1035E00013689B0620D5146807EE900A1549F7EE7C
:1035F000005A136BC4F3C104F8EEE77A9FED135A37
:10360000C3F30803E14006EE903A06EE101AF8EE16
:10361000E66AB8EEC66AE7EE056A86EE277A76EEC7
:10362000A56A66EE876AC1E707EE900A9FED095A20
:10363000F8EEE77AA7E700BF0044025800093D0012
:103640000024F4000090D0030024744A00000039E4
:103650000024744B0024744C002800F00281874A37
:10366000136803F00F038B422DE9F04104460D4629
:103670000CD2136823F00F030B431360136803F09D
:103680000F038B4202D00120BDE8F08123685F0761
:103690000BD57B4920698A6902F07002904204D9F7
:1036A0008A6922F0700202438A611E070BD57449B1
:1036B0006069CA6902F07002904204D9CA6922F0B6
:1036C00070020243CA61D8060BD56D49A069CA6968
:1036D00002F4E062904204D9CA6922F4E062024333
:1036E000CA6199060BD56649E0690A6A02F0700260
:1036F000904204D90A6A22F0700202430A629A07D1
:1037000040F1A1805E48E168826902F00F029142B7
:1037100004D9826922F00F020A438261D80730D5AA
:10372000574AA168936923F470630B4393616168FE
:103730001368022900F09780032900F08E80012988
:1037400000F0978058079ED54D4E41F28838336976
:1037500023F007030B433361FDF7C4FD074605E083
:10376000FDF7C0FDC01B404500F2818033696268EF
:1037700003F03803B3EBC20FF2D12368990706D5E3
:10378000E1683F48826902F00F028A425FD83B49F4
:103790000A6802F00F02AA420AD90A6822F00F0250
:1037A0002A430A600A6802F00F02AA427FF46BAF54
:1037B0005A070BD5324920698A6902F0700290429B
:1037C00004D28A6922F0700202438A611F070BD576
:1037D0002B496069CA6902F07002904204D2CA693A
:1037E00022F070020243CA61DE060BD52449A069AB
:1037F000CA6902F4E062904204D2CA6922F4E0622B
:103800000243CA619D060BD51D4AE169136A03F0A4
:103810007003994204D2136A23F070030B431362BE
:10382000FFF77AFE164A0346164892691649C2F314
:103830000322825C0E2002F01F02D340BDE8F0415B
:103840000B60FDF7EDBCDA073FF56AAF9FE78269D1
:1038500022F00F021143816199E79F013FF574AF98
:1038600011E7012070479B033FF56EAF0BE7032084
:103870000AE7DE053FF568AF05E700BF002000520C
:1038800000440258F02101084402002408B501F068
:1038900095F9064B06499B69064A03F00F03CB5C7A
:1038A00003F01F03D840106008BD00BF0044025859
:1038B000F02101084802002410B501F07FF9094900
:1038C000094A8B69094C03F00F03D35C03F01F0313
:1038D000D8402060CB69C3F30213D35C03F01F030D
:1038E000D84010BD00440258F021010848020024CD
:1038F00010B501F063F90949094A8B69094C03F0D5
:103900000F03D35C03F01F03D8402060CB69C3F3DF
:103910000223D35C03F01F03D84010BD00440258BB
:10392000F021010848020024F8B53A4CA36A03F0DC
:103930000303032B67D0236806460F4623F08063FA
:103940002360FDF7CFFC054604E0FDF7CBFC431BED
:10395000022B56D823681A01F7D4A36A326823F4DD
:103960007C3343EA0233A362D6E90232013B013AD7
:103970005B0212049BB202F4FE0213437268013A26
:10398000C2F3080213433269013A120602F0FE4202
:103990001343A363E36A726923F0C0031343E36232
:1039A000E26AB36922F020021A431B4BE262E26A28
:1039B00022F01002E262E16BF2690B4043EAC203BB
:1039C000E363E36A43F01003E362E36AEFB1012FBC
:1039D0000CBF43F4801343F40013E3620D4C2368DF
:1039E00043F080632360FDF77DFC054604E0FDF7AE
:1039F00079FC401B022804D823681B01F7D500205E
:103A0000F8BD0320F8BD0120F8BD43F40023E362B4
:103A1000E4E700BF004402580700FFFFF8B53A4C46
:103A2000A36A03F00303032B67D0236806460F46FF
:103A300023F080532360FDF755FC054604E0FDF7B5
:103A400051FC431B022B56D823689A00F7D4A36A73
:103A5000326823F07C7343EA0253A362D6E9023250
:103A6000013B013A5B0212049BB202F4FE021343D3
:103A70007268013AC2F3080213433269013A12062E
:103A800002F0FE4213432364E36A726923F4406345
:103A90001343E362E26AB36922F400721A431B4BD8
:103AA000E262E26A22F48072E262616CF2690B40C7
:103AB00043EAC2036364E36A43F48073E362E36A44
:103AC000EFB1012F0CBF43F4000343F08073E362B6
:103AD0000D4C236843F080532360FDF703FC05463B
:103AE00004E0FDF7FFFB401B022804D823689B007D
:103AF000F7D50020F8BD0320F8BD0120F8BD43F440
:103B00008003E362E4E700BF004402580700FFFFC0
:103B10002DE9F8430368044613F0006622D0426E94
:103B2000B2F5001F00F0CE8411D8002A00F0F8840E
:103B3000B2F5801F40F0F18402210430FFF7F4FE5B
:103B40000646002E40F08684626E236803E0B2F5DC
:103B5000401F40F0E284A8480026016D21F4401186
:103B60000A430265DD050AD5626D042A06D8DFE83E
:103B700012F0A20493049A04DF02DF020126354604
:103B800098051BD5A26D802A00F05B8400F2EC80C2
:103B9000002A00F08B83402A40F0ED800021201D98
:103BA000FFF7C2FE23680546002D40F06783924967
:103BB000A06D0A6D22F4E07202430A6559051FD513
:103BC000D4F8A420B2F5800F00F0478400F2D6802C
:103BD000002A00F07183B2F5001F40F0D780002169
:103BE000201DFFF7A1FE23680546002D40F0448309
:103BF0008149D4F8A4008A6D22F4600202438A65E8
:103C00001A051FD5D4F8A820B2F1007F00F02E8449
:103C100000F2BF80002A00F05583B2F1807F40F0AF
:103C2000C0800021201DFFF77FFE23680546002D80
:103C300040F02A837049D4F8A8008A6D22F0E0622F
:103C400002438A659F0118D5A26C202A00F0DA830E
:103C500000F2AA803AB1102A40F0A9806649CA6AE7
:103C600042F40032CA62002D40F059836249A06CD0
:103C7000CA6C22F030020243CA64D8041DD5E26D3A
:103C8000B2F5005F00F0FB8300F29480002A00F0A0
:103C90001F83B2F5805F40F095800021201DFFF763
:103CA00043FE23680546002D40F0EC825249E06D4A
:103CB0000A6D22F4E04202430A6599041AD5226E85
:103CC000B2F5003F00F074837FD84AB1B2F5803F6F
:103CD00040F083800121201DFFF726FE2368054662
:103CE000002D40F01E834449206E0A6D22F4E0222C
:103CF00002430A655A041BD5D4F8AC20B2F1005F28
:103D000000F060836CD842B1B2F1805F70D10121C4
:103D1000201DFFF709FE23680546002D40F00383B0
:103D20003549D4F8AC008A6D22F0E04202438A653E
:103D30001F040DD5E26EB2F1805F00F03183B2F165
:103D4000005F00F00182002A00F00482012635465F
:103D5000D8015DD5626C032A00F20A84DFE812F014
:103D6000540017034E005400C02A3FF41DAFB2F5B3
:103D7000807F3FF419AF012635461FE7B2F5C00F2B
:103D80003FF433AFB2F5000F3FF42FAF01263546B5
:103D900036E7B2F1407F3FF44AAFB2F1806F3FF4B3
:103DA00046AF012635464DE7302A3FF45CAF012689
:103DB000354662E7B2F5405F3FF475AFB2F5804F2C
:103DC0003FF471AF0126354677E722F48031B1F533
:103DD000802F85D0B2F5403F82D00126354689E755
:103DE00022F08051B1F1804F97D0B2F1405F94D072
:103DF000012635469CE700BF004402580221201DE1
:103E0000FFF792FD23680546002D00F06B822E46D9
:103E1000590200F1F081DF072FD5A26F282A2AD896
:103E2000DFE812F0D3012900290029002900290028
:103E3000290029006D0329002900290029002900F3
:103E400029002900CC012900290029002900290086
:103E500029002900D301290029002900290029006F
:103E600029002900D301290029002900290029005F
:103E700029002900D30101263546980716D5626F1F
:103E8000052A00F27883DFE812F00D003003060007
:103E90000D000D000D00012104F12400FFF7BEFD0F
:103EA00023680546002D00F025822E46590717D5B8
:103EB000D4F89020052A00F26183DFE812F00D00AB
:103EC0000C0306000D000D000D00012104F124007B
:103ED000FFF7A4FD23680546002D00F013822E464F
:103EE0009A061DD5D4F88C20B2F1005F00F045820F
:103EF00000F2DC804AB1B2F1805F40F0E180002145
:103F0000201DFFF711FD23680546002D40F00582B6
:103F1000A949D4F88C004A6D22F0E04202434A6578
:103F20005F061DD5D4F89820B2F5006F00F05482DA
:103F300000F2C9804AB1B2F5806F40F0CE80002116
:103F4000201DFFF7F1FC23680546002D40F0C881D5
:103F50009949D4F898008A6D22F4E05202438A65A8
:103F600018061DD5D4F89C20B2F5804F00F03F8292
:103F700000F2B6804AB1B2F5005F40F0BB8000218C
:103F8000201DFFF7D1FC23680546002D40F0A681D7
:103F90008949D4F89C008A6D22F4604202438A6504
:103FA00019070BD5D4F88010B1F5805F00F03E8280
:103FB0008148426D22F440520A434265DA060BD52D
:103FC000D4F89410B1F5807F00F025827A48826D94
:103FD00022F440720A4382651F030ED5D4F8A01064
:103FE000B1F5803F00F0D480B1F5003F00F0D780FC
:103FF000002900F0BA810126354658030FD5D4F8C0
:104000008420B2F5001F00F0B080B2F5401F00F030
:10401000B380B2F5801F00F0A08101263546D90398
:1040200009D5E26C002A00F08681B2F5803F00F0ED
:104030002D81012635469A0000F1D2809F035CD481
:10404000301E18BF0120DE0206D55B49256F0A6DC0
:1040500022F000422A430A65DD0007D55649D4F80C
:10406000B4500A6922F480422A430A61990206D5B3
:104070005149A56E0A6D22F080722A430A655A00E2
:1040800009D54D4A116921F4004111611169D4F833
:10409000B85029431161002B06DA474A216DD36CD1
:1040A00023F040530B43D364BDE8F88322F08051E2
:1040B000B1F1804F3FF429AFB2F1405F3FF425AF3B
:1040C000012635462CE722F48061B1F5805F3FF48C
:1040D0003CAFB2F5406F3FF438AF012635463FE7BD
:1040E00022F40051B1F5004F3FF44FAFB2F5C04F8D
:1040F0003FF44BAF0126354652E7E26FB2F5807FC1
:1041000000F0228106D922F48071B1F5007F03D03E
:10411000012098E7002AFBD1002DF9D1264D301E51
:10412000696D18BF012021F440710A436A658AE76E
:104130003546002D40F0A4801F49606D0A6D22F0C5
:10414000070202430A651BE50121201DFFF7ECFB76
:1041500023680546002D40F0DE801749E06E0A6DA9
:1041600022F0405202430A65F2E5012104F12400E5
:10417000FFF754FC23680546002D40F0DA800E4915
:10418000D4F884004A6D22F4401202434A6546E79F
:10419000022104F12400FFF741FC23680546002DAD
:1041A00040F0C5800449D4F8A0008A6D22F4403262
:1041B00002438A6521E700BF00440258012104F14F
:1041C0002400FFF72BFC23680546002D40F0AD804E
:1041D000AF49A06F4A6D22F0380202434A654CE6AF
:1041E000022104F12400FFF719FC236800283FF4A2
:1041F00025AF012622E7A74F3B6843F480733B605D
:10420000FDF770F8804606E0FDF76CF8A0EB0800BB
:10421000642800F27E813B68DA05F5D5002D40F078
:10422000A4819B4AD4F8B030116F594011F4407FFB
:104230000BD0116F106F21F4407140F48030106783
:10424000106F20F4803010671167B3F5807F00F0A5
:104250006E8103F44072B2F5407F00F07C818C499E
:104260000A6922F47C520A61894AC3F30B03116F75
:104270000B4313672368CEE52E46C1E42E469DE42A
:104280002E467DE42E4618E52E46DBE40221201D55
:10429000FFF74AFB05462368002D53D17C49E06CAB
:1042A000CA6C22F480320243CA64C4E67849CA6AFE
:1042B00042F40032CA6277E47549CA6A42F40032B5
:1042C000CA6292E47249CA6A42F40032CA62AEE437
:1042D0006F49CA6A42F40032CA62E4E42E465FE6DD
:1042E0002E463DE66A49606CCA6C22F00302024326
:1042F000CA648DE56649606F4A6D22F00702024389
:104300004A65D3E56249D4F890008A6D22F007022D
:1043100002438A65E4E52E461AE52E4600E62E465F
:10432000ABE42E46E6E42E4602E52E46A5E52E46F3
:1043300063E62E4673E65649CA6A42F40032CA6200
:10434000002DABD02E4676E65148C16A41F40031CB
:10435000C162002D7FF4DCAEE0E64D49CA6A42F44A
:104360000032CA62002DE4D109E7201DFFF7DCFA14
:1043700005462368002DDAD114E7022104F1240058
:10438000FFF74CFB05462368002DC6D1C0E5404928
:10439000CA6A42F40032CA62002D7FF438ADA1E748
:1043A0003B49CA6A42F40032CA62002DB3D1D4E656
:1043B000012104F12400FFF731FB05462368002D9D
:1043C000AFD190E4012104F12400FFF727FB05465B
:1043D0002368002DA7D1A3E4022104F12400FFF7F4
:1043E0001DFB05462368002D7FF47AAFB0E502215E
:1043F00004F12400FFF712FB05462368002D7FF42B
:104400006DAFC5E50221201DFFF78EFA0546236832
:10441000002D84D12AE4022104F12400FFF7FEFAE2
:10442000236800283FF4D8AD0126D5E5022104F128
:104430002400FFF7F3FA236800283FF4BFAD0126FC
:10444000BCE5002104F12400FFF7E8FA23680546E3
:10445000FFF7AABB2368FFF785BB002104F1240006
:10446000FFF7DCFA23680546FFF7BFBB002104F124
:104470002400FFF7D3FA23680546FFF7D8BB0021D5
:1044800004F12400FFF7CAFA236805460BE400BFD5
:1044900000440258004802580021201DFFF744FA4A
:1044A0002368054645E6002104F12400FFF7B6FA2B
:1044B000236805463DE633493546CA6A42F4003270
:1044C000CA6236E602212430FFF7A8FA0646002E1B
:1044D0003FF43AABBEE70121201DFFF725FA054660
:1044E0002368002D7FF4FBAC0CE70121201DFFF7B2
:1044F0001BFA05462368002D7FF4D7ACFAE60121AC
:10450000201DFFF711FA05462368002D7FF40DAF3B
:104510005EE60326236835467DE40126FFF722BBCD
:104520001848C16A41F40031C162FFF714BBFCF7BF
:10453000D9FEDFF85080074641F2883904E0FCF7E5
:10454000D1FEC01B4845E4D8D8F870309B07F6D59B
:10455000D4F8B0307DE60B480B4A016902EA131229
:1045600021F47C510A4302617EE623682E4652E420
:10457000012635464CE40126354697E401263546AA
:10458000AEE400BF00440258CFFFFF0008B5FFF7BC
:104590007DF9054B054A1B6AC3F30213D35C03F094
:1045A0001F03D84008BD00BF00440258F021010895
:1045B000584B70B4996A9D6ADE6A15F47C3FC5F366
:1045C0000532DC6B5CD0C4F3CC0406F0100601F0BD
:1045D000030106FB04F4012907EE904AB8EEE77ADE
:1045E00003D0022975D000294FD007EE902ADFEDC5
:1045F0004A6AF8EEE77A9B6B86EEA76A9FED475A08
:10460000C3F3080306EE903AF7EE005AF8EEE66AB6
:10461000E7EE056A76EEA56A66EE266A3D4AB7EED3
:10462000006A936BC3F3462307EE103AB8EEC77ADD
:1046300070BC37EE067AC6EE877AFCEEE77AC0EDFC
:10464000007A936BC3F3064307EE103AB8EEC77ACD
:1046500037EE067AC6EE877AFCEEE77AC0ED017A8D
:10466000936BC3F3066307EE903AF8EEE77A77EEC2
:10467000867A86EEA77ABCEEC77A80ED027A70471A
:1046800070BCC0E90022826070471968890627D58E
:104690001C6807EE902A2249F7EE005A9B6BC4F380
:1046A000C102F8EEE77A9FED1D5AC3F30803D1402B
:1046B00006EE903A06EE101AF8EEE66AB8EEC66A12
:1046C000E7EE056A86EE277A76EEA56A66EE876AD9
:1046D000A4E707EE902ADFED136AF8EEE77A8AE79F
:1046E00007EE902A9FED105A9B6BB7EE006AF8EE2A
:1046F000E77ADFED0A5AC3F30803C5EE276A07EE2F
:10470000903AF8EEE77AE7EE257A77EE867A66EE6B
:10471000A76A83E7004402580024744A0000003965
:104720000090D0030024744B0024744C584B70B498
:10473000996A9D6ADE6A15F07C7FC5F305525C6C50
:104740005CD0C4F3CC0406F4807601F0030106FBD0
:1047500004F4012907EE904AB8EEE77A03D0022963
:1047600075D000294FD007EE902ADFED4A6AF8EEA7
:10477000E77A1B6C86EEA76A9FED475AC3F30803DE
:1047800006EE903AF7EE005AF8EEE66AE7EE056AB2
:1047900076EEA56A66EE266A3D4AB7EE006A136CAD
:1047A000C3F3462307EE103AB8EEC77A70BC37EE73
:1047B000067AC6EE877AFCEEE77AC0ED007A136CD3
:1047C000C3F3064307EE103AB8EEC77A37EE067A1F
:1047D000C6EE877AFCEEE77AC0ED017A136CC3F37C
:1047E000066307EE903AF8EEE77A77EE867A86EE81
:1047F000A77ABCEEC77A80ED027A704770BCC0E938
:104800000022826070471968890627D51C6807EE68
:10481000902A2249F7EE005A1B6CC4F3C102F8EE4D
:10482000E77A9FED1D5AC3F30803D14006EE903A94
:1048300006EE101AF8EEE66AB8EEC66AE7EE056A0A
:1048400086EE277A76EEA56A66EE876AA4E707EE1B
:10485000902ADFED136AF8EEE77A8AE707EE902AEE
:104860009FED105A1B6CB7EE006AF8EEE77ADFEDA9
:104870000A5AC3F30803C5EE276A07EE903AF8EE2A
:10488000E77AE7EE257A77EE867A66EEA76A83E71F
:10489000004402580024744A000000390090D003FC
:1048A0000024744B0024744C584B70B4996A9D6A70
:1048B000DE6A15F47C7FC5F305125C6B5CD0C4F333
:1048C000CC0406F0010601F0030106FB04F4012903
:1048D00007EE904AB8EEE77A03D0022975D0002996
:1048E0004FD007EE902ADFED4A6AF8EEE77A1B6BAD
:1048F00086EEA76A9FED475AC3F3080306EE903A87
:10490000F7EE005AF8EEE66AE7EE056A76EEA56A7B
:1049100066EE266A3D4AB7EE006A136BC3F3462380
:1049200007EE103AB8EEC77A70BC37EE067AC6EEDC
:10493000877AFCEEE77AC0ED007A136BC3F3064387
:1049400007EE103AB8EEC77A37EE067AC6EE877AE7
:10495000FCEEE77AC0ED017A136BC3F3066307EE52
:10496000903AF8EEE77A77EE867A86EEA77ABCEE92
:10497000C77A80ED027A704770BCC0E9002282607D
:1049800070471968890627D51C6807EE902A2249C6
:10499000F7EE005A1B6BC4F3C102F8EEE77A9FED05
:1049A0001D5AC3F30803D14006EE903A06EE101AE2
:1049B000F8EEE66AB8EEC66AE7EE056A86EE277A92
:1049C00076EEA56A66EE876AA4E707EE902ADFED29
:1049D000136AF8EEE77A8AE707EE902A9FED105AFD
:1049E0001B6BB7EE006AF8EEE77ADFED0A5AC3F305
:1049F0000803C5EE276A07EE903AF8EEE77AE7EE8D
:104A0000257A77EE867A66EEA76A83E70044025835
:104A10000024744A000000390090D0030024744B35
:104A20000024744CB0F5807F00B585B048D0B0F557
:104A3000007F11D0B0F5806F00F08280B0F5006F7C
:104A400052D0B0F5805F2CD0B0F5002F00F09680EA
:104A5000002005B05DF804FB534A136D03F4E073C6
:104A6000802B59D012D9C02B26D0B3F5807FEFD13F
:104A7000D36C13F040535BD0B3F1805F00F08D80B6
:104A8000B3F1005F494818BF0020E2E7002B3CD09B
:104A9000402BDDD101A8FFF78BFD019805B05DF833
:104AA00004FB414A136D03F4E043B3F5005F33D0D8
:104AB00029D9B3F5405F58D13D4805B05DF804FBF6
:104AC000394B1B6D03F00703042BC1D801A252F828
:104AD00023F000BF0B4B0008954A0008194B000853
:104AE000B94A0008274B00082F4A936D03F0E06392
:104AF000B3F1007F10D01DD9B3F1407FDCD0B3F10A
:104B0000806FB5D0A4E7002B34D101A8FFF7CCFE0D
:104B1000029805B05DF804FB01A8FFF707FE0198B5
:104B200005B05DF804FB204BDB6C13F04053A3D1C0
:104B300020488EE7002BE8D0B3F1807FAAD087E72A
:104B4000194A936D03F46003B3F5800FE4D005D8E0
:104B5000002BDAD0B3F5001F9CD079E7B3F5C00F76
:104B6000AAD0B3F5000F83D072E7B3F5804F3FF4BE
:104B70007FAF6DE7B3F5805F8CD069E70A4A936D2C
:104B800003F44033B3F5803F09D0B3F5003F3FF461
:104B90006FAF002B7FF45CAF7CE7074859E701A8B3
:104BA000FFF7C4FD039854E7004402580024F400C2
:104BB0000080BB000090D00300093D0008B5FEF75F
:104BC000ABFC064B06499B69064AC3F30323CB5C47
:104BD00003F01F03D840106008BD00BF0044025816
:104BE000F021010844020024084604F00BB900BF7C
:104BF000143001F069BA00BF38B500F1140504465D
:104C00002DED028B284601F01BFA284601F014FA1C
:104C10002846B0EE408A01F0FDF9D0ED007AF8EEBA
:104C2000677A88EE277ABDEC028B84ED0E7A38BD68
:104C300038B500F1140504462DED028B284601F02D
:104C4000EDF9284601F0F8F92846B0EE408A01F067
:104C5000E1F9D0ED007AF8EE677A88EE277ABDECBC
:104C6000028B84ED0E7A38BD253001F079BF00BF8C
:104C700010B540F203338EB000244FF60B7240F2B1
:104C80000341ADF8083009A80123ADF81020ADF8B4
:104C900024202246ADF80C100094029907940C943D
:104CA000CDE90544CDE90A4401F082FD04A80123C1
:104CB00022460399009401F07BFD09A801F05EFEF5
:104CC00010B901200EB010BD04A801F057FEA0429B
:104CD0000CBF022020460EB010BD00BF2DE9F041F0
:104CE00003239AB0012700240646CDE914373B4B35
:104CF000CDE9104340F20453CDE91647ADF84830F2
:104D0000FFF7B6FFB842054625D0022845D040F649
:104D10000132334B0DF12C081894ADF82C200B9870
:104D20001997CDF84A3000F0E3F810A906F13C00DD
:104D300002F05EFE302003224FF07E5341460D9379
:104D40000E93CDE90B02F26B06F1140001F02AF983
:104D50001AB0BDE8F0811023214A06A906908DF80B
:104D600028300DF12C081F4BCDF84A2007930294F0
:104D7000CDE91804CDE9080402A802F071F808236F
:104D8000029A03A94046ADF80C508DF80E400495E8
:104D900005930B9400F0ECF8C7E700200121104BBD
:104DA0000DF12C083A460094CDF84A304FF60B73BB
:104DB0000C94ADF82C302346CDE9180140F60131B2
:104DC0004046ADF818100699CDE90D4401F0F0FC0D
:104DD0002146404601F0DEFDA7E700BF04020404BF
:104DE000040604030704010B2DE9F04704462DEDEA
:104DF000028B82B000294DD0012140F20112002324
:104E00000091ADF804208DF80630364A0127364B64
:104E100004F10409354904F12908626040F2027284
:104E2000A36040F60663E16004F1250AA4F825209A
:104E3000A4F82930278284F8277084F82B7004F0B6
:104E40007DF9054603F0E0FF6946064650BB4DB3C9
:104E500004F130008DF8067004F0F8F8072D3CD10D
:104E600004F114052046FFF739FF284601F0E4F865
:104E70002846B0EE408A01F0CDF8D0ED007AF8EE89
:104E8000677A88EE277A84ED0E7A02B0BDEC028B49
:104E9000BDE8F08740F2011300918DF80610ADF8DF
:104EA0000430B2E704F1300004F0D0F8072D11D03F
:104EB0004946204602F01CFA0EB9002DD0D15046CA
:104EC00001F072FD404601F06FFD04F1120000F0A8
:104ED00079F9C5E7002EF2D1C2E74946204602F033
:104EE00007FABDE70508050905070506050A0606D0
:104EF00010B584B003460124ADF8040003A8ADF852
:104F00000C30ADF80E4001F04FFD214603A801F032
:104F100027FE204603F076FF002103A801F020FEC3
:104F2000204603F06FFF214603A801F019FE04B0EC
:104F300010BD00BF10B5C2F3002384B00C46017C45
:104F40008DF80D2043EA4402FA2402238DF80C2048
:104F500003AA009402F01AF818B10124204604B004
:104F600010BD04460A2003F04DFF204604B010BDDA
:104F7000034670B543F8042B044684B007C983E8A0
:104F80000700A37983B91A210B461E22FA25237440
:104F90002046ADF80C20022303AA009501F0F6FF8D
:104FA00028B1012004B070BD1B210B46EDE70A209B
:104FB00003F028FF4FF4B85200950223ADF80C20FF
:104FC000204603AA217C01F0E1FF0028E9D10A2054
:104FD00003F018FF41F2027200950223ADF80C2095
:104FE000204603AA217C01F0D1FF0028D9D10A2054
:104FF00003F008FF042200950223ADF80C202046A0
:1050000003AA217C01F0C2FF0028CAD10A2003F0C4
:10501000F9FE062200950223ADF80C20204603AAD3
:10502000217C01F0B3FF0028BBD10A2003F0EAFE87
:1050300041F2082200950223ADF80C20204603AA75
:10504000217C01F0A3FF0028ABD10A20064603F023
:10505000D9FE0095022303AA217C2046ADF80C60FE
:1050600001F094FF00289CD1304603F0CBFE009560
:1050700022790C232046002A8DF80C3003AA4FF029
:10508000020314BF622142218DF80D10217C01F032
:105090007DFF002885D1304603F0B4FE2279D4E9A3
:1050A00002310B43DBB20AB943F0400362790AB123
:1050B00043F020030E22FA258DF80D30204600958E
:1050C00002238DF80C2003AA217C01F05FFF002849
:1050D0007FF467AF0A2003F095FE102200950223AB
:1050E000ADF80C20204603AA217C01F04FFF0028D8
:1050F0007FF457AF0A2003F085FE122100950223AA
:10510000ADF80C1003AA217C204601F03FFF0028D7
:105110007FF447AF0A2003F075FE012209212046E3
:10512000FFF708FF003818BF01203BE7F0B5102358
:1051300087B0234C012200250126002702A9204622
:105140000195CDE902234FF48052CDE9046707F0C1
:10515000C7F86420FCF7CCF802A94FF4805220462F
:10516000CDE9046702261027CDE9026707F0B8F8F9
:105170000322102302A92046CDE9022300230422A2
:10518000CDE904234FF4805207F0AAF840F232230D
:10519000042202A9019310232046CDE90223019A9B
:1051A000012305924FF48052049307F099F840F6DA
:1051B0000601204607F0B4F8284607B0F0BD00BF4E
:1051C00004B500241C4B00221C494FF0400C30B5A4
:1051D000054689B00220596007219A601A620124AD
:1051E000DA620A224FF4006EDC6006922022CDE9DA
:1051F000000104200821CDE9020103201021CDE99E
:10520000040108206946C3E904024FF4C072181D66
:10521000C3E906C24FF48052C3E909E207F036F849
:1052200038B92846FFF782FF003818BF012009B0BF
:1052300030BD204609B030BD00B5002440410052C9
:10524000614A0021D0B513688EB00A91002B40F05E
:10525000B9805E4B01214FF683700C24116002214E
:10526000D3F8D4200026032742F48052C3F8D42078
:10527000D3F8D42002F480520092009AD3F8E020B0
:1052800042F01002C3F8E020D3F8E02002F0100250
:105290000192019AD3F8E02042F04002C3F8E020E6
:1052A000D3F8E02002F040020292029AD3F8E02004
:1052B00042F00802C3F8E020D3F8E02002F0080230
:1052C0000392039AD3F8E02042F48072C3F8E020FE
:1052D000D3F8E02002F480720492049AD3F8E0201C
:1052E00042F08002C3F8E020D3F8E02002F0800210
:1052F0000592059AD3F8E02042F02002C3F8E0209E
:10530000D3F8E02002F020020692069AD3F8E020BB
:1053100042F00402C3F8E020D3F8E0300C9403F02C
:10532000040307930323079A0B93CDE9080108A907
:10533000274804F03FF948F23712022308A925480C
:105340000C94CDE90823CDE90A6704F033F94CF257
:105350000372022308A920480C94CDE90823CDE963
:105360000A6704F027F940F2FF62022308A91B48EC
:105370000C94CDE90823CDE90A6704F01BF94FF638
:105380000C72022308A916480C94CDE90823CDE934
:105390000A6704F00FF94FF63F02022308A91148EB
:1053A0000C94CDE90823CDE90A6704F003F9202223
:1053B000022308A90A480C94CDE90A67CDE908231D
:1053C00004F0F8F80EB0D0BDFCB40024004402583C
:1053D0000010025800180258000C02580020025811
:1053E000001C0258001402582DE9F04FDFF8108419
:1053F00006460D46144608F118002DED028B89B0C3
:1054000000AF02F0EDFBD8F8183073B3D8F81C30B9
:10541000D8F80490002B43690BBF4FF0080A4FF0F7
:10542000100A4FF0020B4FF0040BB9F1000F2AD015
:10543000A200EA46012B02F1070222F00702ADEBBF
:10544000020D6846ADEB020D694600F03F81022B6C
:1054500000F0D680002B6FD02246C847D5462437AF
:10546000BD46BDEC028BBDE8F08FD8F81C30002B98
:10547000F5D0D8F804904FF0080A4FF0020B4369BA
:10548000B9F1000FD4D1FB61D8F80030BB61002B1B
:10549000E5D0D54802F016FC6B46BBF1020F7861EF
:1054A00008EE103AFB6900F083816A465146A2EB90
:1054B000C40295466200EA46B2FBFBF2AAEBC400C6
:1054C00085460AEB8200EE46F861ADEB010DF86906
:1054D0000EEB820CC7F810C0EC46ADEB010D00EBF3
:1054E0008201CCF80400CCF8081001EB8201386985
:1054F000E946CCF80C1000EB8201CCF800A001EBDF
:105500008202C9E900E0C9E90212012B00F06483BC
:10551000022B00F06C82002B00F08081620849466B
:105520006046BB69984718EE103A24379D46BD4641
:10553000BDEC028BBDE8F08F002C8DD01A46D8ED63
:105540000C6A9FEDB27A8446331D36F922E00CF1E5
:10555000080C07EE90EA33F922E00232F8EEE77A1F
:10556000944267EE877A67EEA67A4CED027A07EEF0
:1055700090EAF8EEE77A67EE877A67EEA67A4CED66
:10558000017AE2D8F9612246C847984ED8ED0D6AF3
:105590000020F9692B1D9FED9E7A9FED9E6ADFED3D
:1055A0009E5A22E0F4EEC67AF1EE10FAC0F2C884F8
:1055B00047F6FE72D1ED017A45F8202066EEA77A13
:1055C000F4EEC77AF1EE10FA40F2F080F4EEC67A0B
:1055D000F1EE10FAC0F2D58447F6FE7243F82020AF
:1055E0000230083184427FF639AFD1ED007A66EEA1
:1055F000A77AF4EEC77AF1EE10FAD3D83246D9E79B
:10560000002C3FF429AFD8ED0C6A84469FED787AE0
:105610000022331D8E4656F822100CF1080C07EEBE
:10562000901A53F822100232F8EEE77A944267EEAD
:10563000877A67EEA67A4CED027A07EE901AF8EEBA
:10564000E77A67EE877A67EEA67A4CED017AE2D8C0
:1056500071462246C7F81CE0C847664ED8ED0D6A71
:105660000020F9692B1D9FED6A7A9FED6A6ADFF8C9
:1056700094C120E0F4EEC67AF1EE10FAC0F279841B
:105680003246D1ED017A45F8202066EEA77AF4EE95
:10569000C77AF1EE10FA40F28780F4EEC67AF1EEA6
:1056A00010FAC0F25E84324643F8202002300831FE
:1056B00084427FF6D3AED1ED007A66EEA77AF4EE9F
:1056C000C77AF1EE10FAD5D86246DAE7002C3FF43B
:1056D000C3AED8ED0C6A86469FED477A4FF0000CBA
:1056E000331D56F82C200EF1080E82F40002A2F5AC
:1056F000000207EE902A53F82C200CF1020CF8EE71
:10570000E77A82F400026445A2F5000267EE877A28
:1057100067EEA67A4EED027A07EE902AF8EEE77A67
:1057200067EE877A67EEA67A4EED017AD9D8F961ED
:105730002246C847314ED8ED0D6A0020F9692B1D6D
:105740009FED337A9FED336ADFF8BCC01FE0F4EEC3
:10575000C67AF1EE10FAC0F2FC833246D1ED017A3E
:1057600045F8202066EEA77AF4EEC77AF1EE10FA3B
:1057700018D9F4EEC67AF1EE10FAC0F2DA833246A6
:1057800043F820200230083184427FF667AED1ED25
:10579000007A66EEA77AF4EEC77AF1EE10FAD6D860
:1057A0006246DBE76246EBE762467DE7324615E795
:1057B000A100D6466208073121F00701ADEB010DCB
:1057C000EA46ADEB010D6946ADEB0E0D0AEB82002A
:1057D000EC46ADEB0E0D01EB8202F861E946CCE937
:1057E00000A0C9E9001290E654B500240280FFFF32
:1057F000000000300082FF7F0000003482FF7F0045
:1058000038B50024007E00807E0080FF0000003854
:1058100004FF7FBF04FF7F3F00FEFF46002C00F027
:10582000C982BBF1020FD8F8242000F0FA8279690E
:10583000C7F8049002EB810E5FED0C5A8A00DCF889
:1058400008100EF104007A611A46DCF80C303B6156
:10585000331DD7F810903D61FD69C7E902CB8C4636
:10586000834636F92210D8ED0C7A06EE101A33F979
:10587000221006EE901A3EF92210B8EEC66A07EE24
:10588000101AF8EEE66A3BF92210B8EEC77A26EE57
:10589000256A66EEA56A27EE257A26EE276A66EE69
:1058A000A76A27EE277A07EE901A51080232F8EE1F
:1058B000E77A0AEB8100944280ED006A05EB8100F3
:1058C00067EEA57AC0ED006A0CEB810009EB81015F
:1058D00080ED007A98ED0C7A67EE877AC1ED007A58
:1058E000BFD8D7F804903D69D7E902CB604662087B
:1058F000BB6949469847D8F82C307A69D8ED0D6ACB
:105900001A441FED3D7A1FED3D6A2B1D904602F1B2
:10591000040A5FED3F5A0022A84ED9E900EC51E09D
:10592000F4EEC67AF1EE10FAC0F2C78247F6FE70C6
:1059300045F822000CEB0100D0ED007A66EEA77A64
:10594000F4EEC77AF1EE10FA4BD9F4EEC67AF1EE26
:1059500010FAC0F2BA8247F6FE70BBF1020F43F8AC
:1059600022002BD0D9F808000844D0ED007A66EE6A
:10597000A77AF4EEC77AF1EE10FA36D9F4EEC67AC9
:10598000F1EE10FAC0F2CD8247F6FE7048F8220020
:10599000D9F80C000144D1ED007A66EEA77AF4EE56
:1059A000C77AF1EE10FA1ED9F4EEC67AF1EE10FACB
:1059B000C0F2AF8247F6FE714AF8221002329442DA
:1059C0007FF6B1AD51080EEB81008900D0ED007A71
:1059D00066EEA77AF4EEC77AF1EE10FAA0D8304658
:1059E000A6E73046B9E73146E6E73046CEE7002C79
:1059F00000F0E081BBF1020FD8F8243000F0E18123
:105A00007A69DCF8081003EB820EC7F80490930063
:105A1000DFED6B5A0EF1040000227B61DCF80C30E4
:105A20003B61331DD7F810903D61FD69C7E902CB9A
:105A30008C46834656F82210D8ED0C7A07EE101AE1
:105A400053F82210B8EEC76A07EE101A5EF822105B
:105A5000F8EEC76A07EE101A26EE256A5BF82210E8
:105A6000B8EEC77A66EEA56A26EE276A27EE257A93
:105A700066EEA76A27EE277A07EE901A51080232DF
:105A8000F8EEE77A0AEB8100944280ED006A05EBBC
:105A9000810067EEA57AC0ED006A0CEB810009EB8E
:105AA000810180ED007A98ED0C7A67EE877AC1ED7E
:105AB000007ABFD8D7F804903D69D7E902CB604699
:105AC0006208BB6949469847D8F82C307A69D8ED06
:105AD0000D6A1A449FED3E7A9FED3E6A131D924671
:105AE000DFF8E4C00022FB612B1D364ED9E9008EA1
:105AF0004EE0F4EEC67AF1EE10FAC0F2FC813046C8
:105B000045F822000EEB0100D0ED007A66EEA77A90
:105B1000F4EEC77AF1EE10FA49D9F4EEC67AF1EE56
:105B200010FAC0F2EF813046BBF1020F43F82200B9
:105B30002AD0D9F808000844D0ED007A66EEA77A9A
:105B4000F4EEC77AF1EE10FA35D9F4EEC67AF1EE3A
:105B500010FAC0F2C98130464AF82200D9F80C0088
:105B60000144D1ED007A66EEA77AF4EEC77AF1EE41
:105B700010FA1ED9F4EEC67AF1EE10FAC0F2AD8139
:105B80003146F86940F82210023294427FF6CBACDD
:105B9000510808EB81008900D0ED007A66EEA77A03
:105BA000F4EEC77AF1EE10FAA3D86046A8E7604693
:105BB000BAE76146E5E76046CEE700BF0280FFFF37
:105BC000000000300082FF7F007E00800000003473
:105BD00004FF7FBF04FF7F3F002C00F0EB807A6959
:105BE0000021D8F82430C7F8109003EB820ED7F8C4
:105BF0001C909300FD610EF104021FED0C6A7B61A5
:105C0000331D154656F821204808D8ED0C6ABBF123
:105C1000020F82F40002A2F5000207EE902A53F868
:105C2000212082F40002B8EEE77AA2F5000227EE06
:105C3000067A07EE902A0AEB8002F8EEE77A27EE62
:105C4000267A67EE867A82ED007A09EB80024FEAC7
:105C5000800067EEA67AC2ED007A27D05EF8212098
:105C600082F40002A2F5000207EE902A55F82120E6
:105C700082F40002B8EEE77AA2F5000227EE067A77
:105C800007EE902ADCF80820F8EEE77A024427EEC7
:105C9000267A67EE867A82ED007A98ED0C7ADCF847
:105CA0000C2067EE877A0244C2ED007A02318C4202
:105CB000A8D8D7F8109060466208BB694946FD69CC
:105CC0009847D8F82C307A69D8ED0D6A1A441FED40
:105CD000407A1FED406A131D9246DFF8C4C20022CD
:105CE000FB612B1DAB4ED9E9008E4EE0F4EEC67A77
:105CF000F1EE10FAC0F2C580304645F822000EEBF6
:105D00000100D0ED007A66EEA77AF4EEC77AF1EEE4
:105D100010FA49D9F4EEC67AF1EE10FAC0F2BF805B
:105D20003046BBF1020F43F822002AD0D9F8080010
:105D30000844D0ED007A66EEA77AF4EEC77AF1EE69
:105D400010FA35D9F4EEC67AF1EE10FAC0F2AE8050
:105D500030464AF82200D9F80C000144D1ED007A0F
:105D600066EEA77AF4EEC77AF1EE10FA1ED9F4EED9
:105D7000C67AF1EE10FAC0F28B803146F86940F82D
:105D80002210023294427FF6CEAB510808EB81001C
:105D90008900D0ED007A66EEA77AF4EEC77AF1EECC
:105DA00010FAA3D86046A8E76046BAE76146E5E77F
:105DB0006046CEE7224649466046BB699847FFF7F2
:105DC000B2BBC7F810B0002298ED0C6A331DDFEDAE
:105DD000726AD7F81CB0786956F8221007EE901A4C
:105DE00053F82210B8EEE77A07EE901A5108023203
:105DF000F8EEE77A27EE267A0AEB810E94420BEB57
:105E0000810167EEA67A27EE067A67EE867A8EED36
:105E1000007AC1ED007ADFD88300D7F810B07B613B
:105E20004DE61A46C7F810B098ED0C6A331DDFED49
:105E30005B6AD7F81CB0786936F9221007EE101AA1
:105E400033F9221007EE901AB8EEC77A51080232E1
:105E5000F8EEE77A27EE267A0AEB810E94420BEBF6
:105E6000810167EEA67A27EE067A67EE867A8EEDD6
:105E7000007AC1ED007ADFD88300D7F810B07B61DB
:105E800034E5F0EE675AFEEEE45A15EE900A34E778
:105E9000F0EE675AFEEEE45A15EE901A6EE7F0EE59
:105EA000675AFEEEE45A15EE900A3AE7F0EE675AAA
:105EB000FEEEE45A15EE900A4BE767EEA57AFDEE8A
:105EC000E77A17EE900A00B232E567EEA57AFDEEAA
:105ED000E77A17EE900A00B23FE5F0EE675AFEEE61
:105EE000E05A15EE901A4CE6F0EE675AFEEEE05AD4
:105EF00015EE900A30E6F0EE675AFEEEE05A15EE27
:105F0000900AFDE5F0EE675AFEEEE05A15EE900AB3
:105F10000AE667EEA57AFDEEE77A17EE901A09B267
:105F20004AE567EEA57AFDEEE77A17EE900A00B231
:105F30002CE5F0EE675AFEEEE45A15EE902A1FE4C7
:105F400067EEA57AFDEEE77A17EE902A12B2FFF718
:105F500031BBF0EE675AFEEEE45A15EE902AFFF7D9
:105F6000FDBBF0EE675AFEEEE05A15EE902AFFF701
:105F70009BBBF0EE675AFEEEE05A15EE902AFFF753
:105F800080BB67EEA57AFDEEE77A17EE902A12B293
:105F9000FFF724BB82FF7F000000003000000038C4
:105FA0007E0080FF30B5184C154685B0046004F1C2
:105FB000080EEC460FC98EE80F00D4ED047AF5EE1A
:105FC000C07A8CE80F00F1EE10FA1ADDB7EE006A25
:105FD00094ED057A27EE277AC6EE276A84ED0D7ACE
:105FE000C4ED0C6A6DB1204640F8185F01F0F8FD71
:105FF000064903690020064A2162A262E36005B0F7
:1060000030BD012005B030BD38B50024002000307F
:106010000000003000680830704700BFB1F5807F95
:1060200003680A4628BF4FF48072B1F5807F9A60FA
:1060300094BF0020012070470068183001F030BE86
:1060400070B504688AB0A369E160CBB104F11805AA
:10605000284601F0C5FD8446EE46E668BCE80F0020
:10606000AEE80F00BCE80F00AEE80F009CE80300AC
:106070008EE8030069462846049601F0B9FCF8B999
:10608000E069D8B104F11C05284601F0A9FD844659
:10609000EE46E468BCE80F00AEE80F00BCE80F0075
:1060A000AEE80F009CE803008EE80300694628462E
:1060B000049401F09DFC003818BF01200AB070BDA7
:1060C00001200AB070BD00BF30B5046883B00D4632
:1060D000E3694BB1A3680020E26A616A9B0000900B
:1060E00004F11C0001F07EFDA3680748A26A9B0032
:1060F000216A009004F1180001F074FD0020C4E949
:10610000005003B030BD00BFE953000810B4074B86
:106110004FF07E5130240022032019619C60D8602A
:106120005DF8044B5961C3E90622704738B5002475
:1061300000B583B04FF0000E4FF0030C4274ADF881
:106140000410BDF8043080F810E0A0F802C003800D
:1061500003B05DF804FB00BF2DE9F04FDFF81C83AE
:1061600000258DB0C04C037008F140034260074623
:1061700001920E46202229464046C4F86831C4F8F0
:106180006481CDE90255CDE90455CDE90655CDE947
:106190000855CDE90A550BF03FFB2022294604F5AE
:1061A000A170C4F83151C4F83551C4F83951C4F85C
:1061B0003D510BF031FB019B84F8485284F830319B
:1061C0007A68002A6AD02B4604F59871454606F194
:1061D000100A9E46F01856F803B0E2180EF1010EB0
:1061E000D0F80CC0D0F80490D0F8088044F803B080
:1061F000C2F80CC04FF0000CC2F80490C2F808803E
:10620000008A25F802CB10821AF8032001F8012F2A
:10621000002A70D07A684FF001001233724584F87A
:106220004802D7D84FF4802290489DF804300821C6
:106230004FF000084FF00009C4F884310023C4E98E
:106240005B020122C4F8743184F88031C4E95E2114
:1062500094F84812C4E96489A9B3C4F898210022CB
:1062600084F8813184F888313B78C4E96722002BB7
:1062700038D0012200200121013B84F8A421C4E987
:106280006C01082B30D8DFE813F0BD00C200C70056
:10629000CC00D100D600DB00E100E8009DF804301E
:1062A0000121C4F87421C4F884314FF4802384F8A8
:1062B00080216E4AC4E95B2308230022C4E95E13EF
:1062C0000023C4E964230123002284F881310023E0
:1062D00084F888310323C4F898313B78C4E96722F5
:1062E000002BC6D184F8A4316148FBF739FC034682
:1062F00038B1FFBEFEE77A68123372453FF66AAFE7
:1063000090E702A95A480293FBF788FD82460028CD
:1063100076D1042240F2FF710A90CDE9081294F878
:106320003021002A00F0F3804FF006080AEBCA0380
:106330004FEACA0904EB43035B7C072B07D8DFE86D
:1063400003F0595C5653504D4A04072307930FFA44
:106350008AF6D14406EBC60604EB490904EB46076E
:106360007500384600F020FB99F81030042B00F33C
:10637000AA80022B00F3BD8000F0B98004EB0A0371
:10638000002283F8202114F81630002B78D0022B3D
:1063900000F08A80012B40F0B2807B78012B00F066
:1063A000B080002B334B18BF002305A93048CDE93E
:1063B0000538FBF701F8002840F0AC800AF1010A2B
:1063C00094F830315FFA8AFA534540F2A0802A4BA4
:1063D00053F82A80AAE706230793B8E70523079313
:1063E000B5E704230793B2E703230793AFE702233C
:1063F0000793ACE700230793A9E701230793A6E7D8
:10640000FFBEFEE703224023C4E96A236CE70722AC
:106410006023C4E96A2367E70F228023C4E96A2363
:1064200062E71F22A023C4E96A235DE73F22C0235D
:10643000C4E96A2358E77F22E023C4E96A2353E7CB
:10644000FF224FF48073C4E96A234DE740F2FF1244
:106450004FF49073C4E96A2346E740F2FF324FF4E9
:10646000A073C4E96A233FE770B50024002002400E
:10647000DCB600240002B0254021010800400030B5
:106480007B78062B37D0072B3DD0022B4AD0032B2D
:106490004AD0002B4CD0012B48D0042B4AD0052BDE
:1064A000254B18BF002380E77B78042B25D0052BD4
:1064B0002BD08BB3012B31D0022B31D0032B1F4BB0
:1064C00018BF002371E70323043504EB0A0B4FF0D8
:1064D000000925448BF82031284609F1010900F014
:1064E00063FA9BF8203104354B45F5DC4BE701237B
:1064F000EAE70223E8E7124B57E7124B55E7002380
:1065000053E7114B51E7114B4FE7114B4DE70DB0DE
:10651000BDE8F08FFFBEFEE70E4B46E70E4B44E7AB
:106520000E4B42E70E4B40E70E4B3EE70E4B3CE76F
:106530000E4B3AE70E4B38E70000B84F002090367C
:106540000800900C1000C0102000F0148000501DB6
:10655000000180210004002A0008302E0010603263
:106560000040C03A0080F03E000052470000214346
:106570000000844B38B5094C40F2FF724FF0011116
:1065800004F5B6752846FBF7F7FB94F83021D4F8EC
:1065900064112846BDE83840FBF762B970B50024A5
:1065A000064B0F29D3F8643198BF03EB41031B88D6
:1065B00000EE103ABBEEC80A704700BF70B5002469
:1065C000214B02689A4200D07047204A002320489D
:1065D000D2F8D81030B51F4C41F0200183B0C4F878
:1065E000D001092004F5E875C4E975034FF4806013
:1065F000C2F8D810D2F8D8204FF40061C4E977303F
:1066000094F8480202F02002C4F8E4114FF400515B
:10661000984201922846C4F8E811C4E97C33019BF2
:1066200014BF00234FF48073C4F8EC31FBF71CFE59
:1066300008B1FFBEFEE704F5B673C4F8B851C4F85C
:10664000083203B030BD00BF0020024000440258B1
:106650004000024070B500240148FCF77DB900BF3E
:1066600040B7002402682DE9F84F4B4B9A4201D005
:10667000BDE8F88F494D95F84832002BF8D095F8D1
:106680003031002B77D0002405F10C0905F5A176F7
:1066900005F59877A04613E003F0010117F811BC47
:1066A000A9F1080000F05CFABBF1010F25D895F8BC
:1066B0003031013409F112090236A2B293422BD9CA
:1066C00017F8012F002AF4D0D5F864310021327870
:1066D00033F81400D5F8683103EB041323F81200E3
:1066E000338801339BB233805FFA83FA3A789A4257
:1066F000D2D88A46A6F80080D0E7CAF34001A9F1B3
:10670000040000F02DFABBF1020FCAF38001CED0D5
:10671000484600F025FACAE7002395F848022049C8
:1067200009229842C5F8D8314FF48060C5F8D011DD
:10673000C5F8D4214FF400614FF40052C5F8DC31A4
:1067400008BF4FF48073C5F8E821C5E9780100223D
:106750001448C5E97B32C5F8F421FBF785FD08B183
:10676000FFBEFEE795F83021D5F864110E48BDE86C
:10677000F84FFBF775B80A4909224FF48060C5F855
:10678000D831C5E974124FF400614FF40052C5E9E5
:106790007730C5E97912DAE70020024070B50024AD
:1067A0004000024040B70024DCB60024704700BF20
:1067B00010B592B0ADF804100180C9B2149C0B2939
:1067C000C460C0E901233FD090F801C0BCF10F0FB5
:1067D0003AD8022A3FD0032A02D0012A00D0002250
:1067E0000E92012B02D0022B18BF0023022C0F9314
:1067F0002CD0032C2AD0012C28D000230A29109356
:1068000027D85C4A02EB812202610A2914D8DFE80A
:1068100001F0A39587796B5D4F4133250600564BF8
:10682000D3F8E01041F48061C3F8E010D3F8E03011
:1068300003F480630C930C9B01230DA9104603FA0B
:106840000CF30D9302F0B6FE12B010BD0A2910949D
:10685000D7D90022D8E711220E92C2E7464BD3F8CF
:10686000E01041F40071C3F8E010D3F8E03003F415
:1068700000730B930B9BDFE73F4BD3F8E01041F421
:106880008071C3F8E010D3F8E03003F480730A930A
:106890000A9BD1E7384BD3F8E01041F08001C3F8F0
:1068A000E010D3F8E03003F080030993099BC3E7BD
:1068B000314BD3F8E01041F04001C3F8E010D3F8B9
:1068C000E03003F040030893089BB5E72A4BD3F868
:1068D000E01041F02001C3F8E010D3F8E03003F0FD
:1068E00020030793079BA7E7234BD3F8E01041F061
:1068F0001001C3F8E010D3F8E03003F01003069362
:10690000069B99E71C4BD3F8E01041F00801C3F84F
:10691000E010D3F8E03003F008030593059B8BE704
:10692000154BD3F8E01041F00401C3F8E010D3F8A0
:10693000E03003F004030493049B7DE70E4BD3F88F
:10694000E01041F00201C3F8E010D3F8E03003F0AA
:1069500002030393039B6FE7074BD3F8E01041F06A
:106960000101C3F8E010D3F8E03003F00103029313
:10697000029B61E7000002580044025808B501215B
:1069800043780069994089B203F01CF8003818BFB9
:10699000012008BD01230A464178006903FA01F18C
:1069A00089B203F015B800BF8378022B30B50446D6
:1069B0008FB037D0032B33D0012B31D000230A9373
:1069C000E378012B2AD0022B28D000230B9300233D
:1069D00020460C9302F036FD0546204602F03AFDB3
:1069E00023780990082B13D8DFE803F01F324558AD
:1069F0006B7E91A40500594BD3F8E02042F48072DD
:106A0000C3F8E020D3F8E03003F480730893089BC8
:106A100009A9284602F0CEFD0FB030BD0B93D6E792
:106A20000A93CDE711230A93CAE74C4B09A92846DC
:106A3000D3F8E02042F00102C3F8E020D3F8E030C0
:106A400003F001030093009B02F0B4FD0FB030BDD2
:106A5000424B09A92846D3F8E02042F00202C3F8CD
:106A6000E020D3F8E03003F002030193019B02F031
:106A7000A1FD0FB030BD394B09A92846D3F8E0205D
:106A800042F00402C3F8E020D3F8E03003F004033E
:106A90000293029B02F08EFD0FB030BD2F4B09A96F
:106AA0002846D3F8E02042F00802C3F8E020D3F8EB
:106AB000E03003F008030393039B02F07BFD0FB06B
:106AC00030BD264B09A92846D3F8E02042F0100239
:106AD000C3F8E020D3F8E03003F010030493049BE4
:106AE00002F068FD0FB030BD1C4B09A92846D3F851
:106AF000E02042F02002C3F8E020D3F8E03003F0B9
:106B000020030593059B02F055FD0FB030BD134BDC
:106B100009A92846D3F8E02042F04002C3F8E0205B
:106B2000D3F8E03003F040030693069B02F042FDE9
:106B30000FB030BD094B09A92846D3F8E02042F038
:106B40008002C3F8E020D3F8E03003F0800307931D
:106B5000079B02F02FFD0FB030BD00BF004402586C
:106B600070B506460D4602F06DFC0446304602F054
:106B700071FC2A1E0146204618BF0122BDE8704064
:106B800002F026BF0023122270B586B0CDE90223A1
:106B900004930368032B01D804230593061D841D69
:106BA000304602F04FFC0546304602F053FC0346E7
:106BB00001A92846019302F0FDFC204602F042FCA8
:106BC000034620461C4602F045FC01A90346204628
:106BD000019302F0EFFC06B070BD00BF634A03688A
:106BE000934210B58CB028D0614A934258D0614A84
:106BF000934200F09480604A934201D00CB010BDE3
:106C00005E4C5F48D4F8E03043F00203C4F8E03053
:106C1000D4F8E03003F002030A930A9BFFF7B2FFB7
:106C2000D4F8F43043F08003C4F8F430D4F8F430EE
:106C300003F080030B930B9BE0E7504C5148D4F8D2
:106C4000E03043F00203C4F8E030D4F8E03003F061
:106C500002030193019BFFF795FFD4F8E83000226F
:106C60001F2043F400131146C4F8E830D4F8E8308C
:106C700003F400130293029BD4F8D83043F00103CD
:106C8000C4F8D830D4F8D83003F001030393039B41
:106C9000FBF738F91F200CB0BDE81040FBF770B9C6
:106CA000364C3948D4F8E03043F08003C4F8E03083
:106CB000D4F8E03003F080030493049BD4F8E03070
:106CC00043F00203C4F8E030D4F8E03003F00203EC
:106CD0000593059BFFF756FFD4F8E83000222120EA
:106CE00043F480031146C4F8E830D4F8E83003F4E4
:106CF00080030693069BD4F8D83043F00103C4F810
:106D0000D830D4F8D83003F001030793079BFBF782
:106D1000F9F821200CB0BDE81040FBF731B91B4851
:106D2000FFF730FF154B00224820D3F8E84011460A
:106D300044F40004C3F8E840D3F8E84004F4000445
:106D40000894089CD3F8D84044F00104C3F8D84014
:106D5000D3F8D83003F001030993099BFBF7D2F86D
:106D600048200CB0BDE81040FBF70AB900540040C1
:106D700000580040005C0040001C005800440258CD
:106D800048BA0024C0B7002498B8002470B9002481
:106D90002DE9F0431A4B87B000254FF010099E46AD
:106DA000EC46184BFF22E04667461A700EF11806B3
:106DB0000EF13004CDE90055CDE90255ADF8009053
:106DC000BCE80F00CDE90455AEE80F009CE80300D5
:106DD0000095ADF800908EE80300B8E80F000FC6EC
:106DE0009CE803000095ADF8009086E803000FCF03
:106DF0000FC49CE8030084E8030007B0BDE8F083FB
:106E00000C000024BCB7002410B5EFF3108472B658
:106E1000084B1A78120602D504B962B610BD1B7869
:106E2000D82205485BB202FB03001430FBF794FD47
:106E3000F2E700BFBCB70024C0B70024014803F04C
:106E40005FBC00BF4CB80024014803F059BC00BF30
:106E500024B90024014803F053BC00BFFCB900244E
:106E60002DE9F0430F68D8243F4D85B007FB04F4AB
:106E7000032F05EB0403036040DCCB680E46012BB7
:106E80003CD84DD04FF0D808B646DFF8FC9008FB50
:106E90000758BEE80F00C446ACE80F00DEF800302B
:106EA0000DF1100ECCF80030D8F808C099E80F00AA
:106EB0000EE90F000EEB8703BCF1010F53F8103CF5
:106EC000C8F88C3031D0BCF1020F42D0BCF1000FB9
:106ED00035D0317C8C34D823002201202C4403FB94
:106EE00007534900C3E92602C3F894102046C3E9BA
:106EF0002822C3E92A2203F0F5F918B1012005B0D0
:106F0000BDE8F0830146204603F006FC0028F5D1D9
:106F10000146204603F02AFC003818BF0120EEE7A6
:106F20000B7C103B672BADD9E8E702F005F90F4B5E
:106F300098420CBF0E4B0F4BC8F89030C9E702F0D7
:106F4000FBF80A4B98420CBF0B4B0C4BC8F8903027
:106F5000BFE702F0F1F8054B98420CBF084B094B14
:106F6000C8F89030B5E700BFC0B70024000E27076F
:106F70002D0FB0303211D0205F4390608A62E03034
:106F8000200BA0101A098010B42001082DE9F0414F
:106F9000D0F8008082B00D4617461E4608F18C04DA
:106FA000204603F0B5FB2028FAD1D8F80C3073B98D
:106FB0006D002046089C33463A46A9B2009403F07F
:106FC000E7F9003818BF012002B0BDE8F081089B46
:106FD00032463946204603F0AFFAF2E7044B10225E
:106FE0001A7483F8E82083F8C02183F89822704748
:106FF000C0B7002430B5002395B04FF4807106224D
:1070000004460B9306921393CDE90C13CDE90E338E
:10701000CDE9113302F092F807282BD004F11005C6
:1070200041F2883206A9284604F0B2F928B10123BA
:10703000184684F85C3015B030BD0222022306A940
:107040002846CDE9002310220123CDE902230022A6
:107050004FF48003CDE9042305224FF0807306929C
:107060006A460F9341F2883304F0FEFA0028DED11D
:1070700015B030BD0323012084F85C3015B030BD5D
:1070800070B50023A4B04FF080724FF480750446B1
:10709000ADF806300D93CDE910320122CDE90E5343
:1070A000CDE91223CDE91433002943D0F02300F1B8
:1070B000100508AEADF80630C02341F288323146E3
:1070C0002846089304F064F928B10123184684F88F
:1070D0005C3024B070BD41F288320DF106012846C3
:1070E00004F0C0F903460028EFD105224FF4807167
:1070F0001E93284616924FF080721B9321931F9285
:1071000002AA9FED1F7BCDE91C13CDE922338DED43
:10711000027B9FED1D7B41F2883316A98DED047B28
:107120009FED1B7B8DED067B04F09EFA0028CCD1F1
:1071300024B070BD00F1100508AE612341F2883221
:1071400031462846089304F023F90028BDD141F2C6
:1071500088320DF10601284604F002FA0028B4D165
:10716000BDF80630204623F0780343F04003ADF825
:107170000630FFF73FFF00289ED0A6E7AFF3008060
:1071800000000000010000001000000001000000ED
:1071900000000000000040002DE9F04F00234FF4F4
:1071A000807501264FF0807804462DED028BABB040
:1071B0008DF8073013932193299314950E96CDF8EB
:1071C0005C80CDE91533CDE91863CDE91A33CDE9FB
:1071D0002253CDE92433CDE9273306231C9301F054
:1071E000ADFF072808D004F1100741F288321CA92E
:1071F000384604F0CDF840B10123184684F85C30DD
:107200002BB0BDEC028BBDE8F08F4FF0020A4FF0BF
:10721000020B4FF0050941F2883308AA1CA9384631
:10722000CDF89480CDF870909FED2D8BCDE908AB13
:107230004FF0000A4FF4800B8DED0A8BCDE90CABBB
:1072400004F012FA0028D7D141F2883238460EA94C
:1072500004F09EF80028CFD1402341F288320DF18E
:10726000070138468DF8073004F0FCF80028C3D138
:1072700041F288330EA902AA3846CDF83890CDF8ED
:107280005C809FED197B8DED048BCDE906AB8DED18
:10729000027B04F0E9F903460028ADD1CDF87090E7
:1072A0004FF00109CDF894804FF00008219308AA0F
:1072B00029931CA938462295CDE92333CDE92733FC
:1072C00041F288338DED0A8BCDE90CABCDE908890D
:1072D00004F0CAF9002893D0304684F85C608FE748
:1072E000100000000100000040000000400000000D
:1072F0002DE9F043624CA3B00D46046001F01EFF7F
:10730000072800F0A980286823466968AA6807C38F
:107310001E46AB8926F8043B3046257B677B04F08C
:1073200019F8E0B9574B012D4FF00108E0612361D6
:1073300014BF4FF480134FF40003C4E9058893FA97
:10734000A3F3B3FA83F34FF48079013BC4F824909C
:10735000C4E90B003046236203F090FF38B10122EC
:10736000134684F85C20184623B0BDE8F0836623FA
:107370000B90139041F2883206A90693CDE90C9048
:10738000CDE90E00CDE91100304604F001F80028E7
:10739000E5D1992341F2883206A93046069303F0DD
:1073A000F7FF0028DBD105231C9019906A4614933F
:1073B0004FF08073219014A91D9341F288339FED03
:1073C0002A7BCDE91A90CDE91F008DED007B9FED62
:1073D000287B30468DED027B9FED277B8DED047B76
:1073E00004F042F90028BAD129462046FFF748FEAA
:1073F0000028B4D12046FFF7CFFE03460028AED1C7
:10740000002FB0D1189330460027002606AA14A9F1
:10741000CDF86890CDE91F33EB2314934FF440630C
:107420001B934FF4005317934FF440431C93A02336
:107430001693062319934FF0805321934FF0407316
:10744000CDE906671D9304F087F9034600288AD02A
:10745000434684F85C8086E701230322184684F8BB
:107460005C2023B0BDE8F0830000000001000000B4
:1074700010000000010000000000000000004000BB
:1074800020BB0024005000522DE9F04F8FB0414B3B
:107490000024026800AF9A427C63C7E90944C7E947
:1074A0000B4403D03C37BD46BDE8F08F3A4B40F665
:1074B00009213A48EB46D3F8D42007F11C0607F11E
:1074C000220A4FF0020942F480424FF00308C3F849
:1074D000D420D3F8D42002F48042BA60BA68D3F83A
:1074E000E02042F04002C3F8E020D3F8E02002F0B0
:1074F0004002FA60FA68D3F8E02042F02002C3F8B4
:10750000E020D3F8E02002F020023A613A69D3F893
:10751000E02042F01002C3F8E020D3F8E02002F0AF
:1075200010027A617A69D3F8E02042F00202C3F8CF
:10753000E020D3F8E030F86103F002033984BB6146
:10754000174B7B60BB697B6853F8040F7B6001F0CD
:1075500079FF7B680546186801F07CFF16F8013B4F
:10756000786207F124012846C7F830807B63C7E9B9
:107570000A9402F01FF85645E5D100225C2011461E
:10758000FAF7C0FC5C20FAF7FBFC3C37DD46BD4651
:10759000BDE8F08F00500052004402580A0A090961
:1075A0007CBB0024114B02689A4200D07047104AFD
:1075B00070B5D2F8D4300F4C23F4804304F1180690
:1075C000C2F8D43054F8040F01F03CFF054620689F
:1075D00001F040FF0146284602F02CF9B442F1D1F7
:1075E0005C20BDE87040FAF7D9BC00BF00500052E3
:1075F000004402587CBB0024014804F039B900BFA4
:1076000030BB0024084B1A1D981D03F1080110B46B
:107610009C1C9A6603F10A02C3E91834C3E91B01F2
:107620005DF8044B5A67704720BB002438B50368E7
:1076300071B9026A00F1280500F5AC74012A0CBF8B
:10764000002140218BBB1D4B5722C0F858310DE063
:10765000426A00F1C00500F5E874012A0CBF002160
:107660004021EBB1164B5A22C0F8D03100232046FE
:10767000C4E901214FF480524FF48061636262617A
:107680004FF48042C4E903314FF48073C4E9062308
:107690004FF400332362FAF7E7FD58B1FFBEFEE76F
:1076A000084B5822C0F8D031E0E7074B5922C0F808
:1076B0005831DBE7C5E92044A56338BD100002401E
:1076C0007000024028000240580002402DE9F043BB
:1076D000821D05468BB0031D05F10A010830CDE976
:1076E000052305F10C02AB69CDE907010992002BD6
:1076F0003DD0EB69B3FA83F84FEA58180123022210
:1077000005AE0AAF4FF006090393CDE9012356F801
:10771000044B2B792278934216D02B68F3B1012BBE
:1077200002D1F2B10A230493204601F093FE0346EE
:107730002046009301F086FE694601F03BFFBE4201
:10774000E5D10BB0BDE8F083697963789942E4D163
:10775000B8F1000FF3D02B68002BE0D1CDF81090DA
:10776000E2E76378022B14BF0A230823DBE74FF01C
:107770000108C3E7534A0368934230B505468BB00E
:1077800055D02032934252D04F4A934204D02032F7
:10779000934201D00BB030BD4C4C4D48D4F8E03092
:1077A00043F00103C4F8E030D4F8E03003F0010303
:1077B0000593059BD4F8E03043F00803C4F8E030AB
:1077C000D4F8E03003F008030693069BD4F8E030C9
:1077D00043F04003C4F8E030D4F8E03003F0400355
:1077E0000793079BD4F8F03043F40003C4F8F0305B
:1077F000D4F8F03003F400030893089BFFF766FF0A
:10780000D4F8D830296843F001032F4A3048C4F82F
:10781000D830891AD4F8D83018BF012103F00103F9
:107820000993099B0BB0BDE83040FFF7FFBE274C22
:107830002848D4F8E03043F00103C4F8E030D4F82D
:10784000E03003F001030093009BD4F8E03043F0F4
:107850001003C4F8E030D4F8E03003F010030193D3
:10786000019BD4F8E03043F04003C4F8E030D4F892
:10787000E03003F040030293029BD4F8F03043F46D
:107880008003C4F8F030D4F8F03003F4800303939D
:10789000039BFFF71BFFD4F8D830296843F001039E
:1078A000084A0C48C4F8D830891AD4F8D83018BF20
:1078B000012103F001030493049B0BB0BDE83040A9
:1078C000FFF7B4BE04580140045C01400044025874
:1078D000F4BD002498BB00240148FBF73DB800BF6D
:1078E000F0BC00240148FBF737B800BF68BD002496
:1078F0000148FBF731B800BF4CBF00240148FBF73B
:107900002BB800BFC4BF00241A4A0368934210B4C6
:107910000BD02032934208D0174A934216D020321F
:10792000934213D05DF8044B7047144B0022D3F8F8
:107930005442C3F85822002CF4D0D3F84802D3E9BB
:10794000931223465DF8044B520818470B4B002254
:10795000D3F8B044C3F8B424002CE3D0D3F8AC245B
:10796000D3F8A814D3F8A404520823465DF8044BB6
:10797000184700BF04580140045C014098BB002434
:10798000184A0368934210B40BD02032934208D0B7
:10799000154A934217D02032934214D05DF8044B1D
:1079A0007047124BD3E994245208C3F85822002C94
:1079B000F4D0D3E99201234601EB820100EB82006F
:1079C0005DF8044B1847094BD3F8AC24D3F8B04406
:1079D0005208C3F8B424002CE0D0D3F8A814D3F88C
:1079E000A404E8E704580140045C014098BB00246B
:1079F0002DE9F04F0C684FF41776754F87B004FBF4
:107A000006F6012C07EB060AC0F800A000F3A080E0
:107A10000D468E464FF00008D44669A3D3E90023F3
:107A200069A1D1E90001CDE9022306ABCAF8508271
:107A300003EB8403CDE9040153F810BC53F8083C70
:107A4000CAE992880193BEE80F00ACE80F00BEE8D7
:107A50000F00ACE80F00019B9EE80300CAF828B0B5
:107A6000CAF8C0308CE803002B69042B0CD8DFE87F
:107A700003F0737D879103004FF41773554A03FB9E
:107A800004739A64C3F8E020AA692B6A002A43D0E1
:107A9000002B4FF4177308BF022203FB047318BFB7
:107AA0000322DA6201221A63EA696B6A002A40D172
:107AB000191E4FF4177318BF012103FB0473C3E9A8
:107AC00031126B69022B05D8434A12F80380434AEE
:107AD00052F823904FF4177306F1280042464946A6
:107AE00003FB04740023384463646363E365C4F8F0
:107AF000DC30C4F8CC30C4F8F430C4E90F33C4E946
:107B00001533C4E93533C4E93B33022304F05CF98F
:107B1000002849D0FFBEFEE7191E4FF4177318BFA7
:107B2000012103FB0473C3E90B12EA696B6A002AA3
:107B3000BED0002B4FF4177308BF022203FB04735F
:107B400018BF0322C3F8C4200122C3F8C820B8E735
:107B5000012007B0BDE8F08F4FF417734FF4FA52CD
:107B600003FB04739A64C3F8E0208DE74FF41773A6
:107B70004FF47A5203FB04739A64C3F8E02083E75E
:107B80004FF417734FF4FA4203FB04739A64C3F87B
:107B9000E02079E74FF417734BF6803203FB047350
:107BA0009A64C3F8E0206FE706F1C0000223424662
:107BB0004946384404F008F90028CAD0FFBEFEE761
:107BC00004580140045C014024580140245C0140F9
:107BD00098BB00240077010080210108842101085E
:107BE0000068704770B5046882B015460E46C4F848
:107BF0005032C4E99212069AC4F85422A269012AAA
:107C000026D0626A012A9AB211D0294604F1C00036
:107C1000019204F095F9236A019A012B10D02946AC
:107C200004F1280004F08CF9002002B070BD04F1CA
:107C3000C000019204F016FA236A019A012BEED1DA
:107C4000314604F1280004F00DFA002002B070BDA6
:107C5000226A012A9AB211D0294604F12800019221
:107C600004F06EF9636A019A012B10D0294604F1E1
:107C7000C00004F065F9002002B070BD04F12800D6
:107C8000019204F0EFF9636A019A012BEED13146BB
:107C900004F1C00004F0E6F9002002B070BD00BF9E
:107CA00003681B69042B05D8044A02EB830393ED98
:107CB000000A70479FED020A704700BF902101083B
:107CC00000803B470368D3F8580270471F4BC168D8
:107CD0000268F0B5D3F88C5083B00369ADB24D1B88
:107CE000A2B1AB4212D00446866811D2F018E91A4C
:107CF000CDE9001000F0BEFF0023DDE90010D4E95B
:107D00000062B047E3682561AB421BD003B0F0BD11
:107D1000F018C91ACDE9000100F0ACFF0023DDE93D
:107D20000001D4E90072B8473046294600F0A2FFAE
:107D300000233046626829462668B047E36825611B
:107D4000AB42E3D10023236103B0F0BD0000024049
:107D50002DE9F84F04460F4690461E4600F13405C3
:107D6000284604F09BFD2028FAD14FF480630020C0
:107D7000C4F8D030C4F848314FF44033C4F8CC00D4
:107D8000C4F8E030C4F858314E4BC4F8DC00C4F8F5
:107D9000C03003F57A73C4F8E400C4F838314023E6
:107DA000C4F8C800C4F84031E369C4F84401C4F819
:107DB0005401C4F85C01C4E93500C4E95300072B41
:107DC0000BD8DFE803F061535A373E454C0451238A
:107DD000C4F8C4305223C4F83C3104F59C794846B9
:107DE000FAF742FA08B1FFBEFEE7C4F8A890C4F85B
:107DF0007051EFF3108972B6DFF8D0B094F91C30EF
:107E0000DFF8CCA08BF800300A9B2F4CCAF800306A
:107E10000B9B23600EB11846B0471FFA88F2394613
:107E2000284604F025FBB0BBB9F1000F00D162B6C3
:107E3000BDE8F88F3F23C4F8C4304023C4F83C3178
:107E4000CBE74123C4F8C4304223C4F83C31C4E733
:107E50004723C4F8C4304823C4F83C31BDE74F235E
:107E6000C4F8C4305023C4F83C31B6E72B23C4F81F
:107E7000C4302C23C4F83C31AFE72D23C4F8C43000
:107E80002E23C4F83C31A8E72923C4F8C4302A23A0
:107E9000C4F83C31A1E7FF238BF800300023CAF877
:107EA000003023600A9B3BB10B98012198470120C9
:107EB000B9F1000FBCD1BAE70120B9F1000FB7D179
:107EC000B5E700BF8800024088CF002484CF00249B
:107ED00080CF00242DE9F84F04460F4690461E46F9
:107EE00000F13405284604F0D9FC2028FAD14FF4DB
:107EF00080630020C4F8D030C4F848314FF44033D8
:107F0000C4F8CC00C4F8E030C4F858314E4BC4F883
:107F1000DC00C4F8C03003F57A73C4F8E400C4F898
:107F200038314023C4F8C800C4F84031E369C4F8CC
:107F30004401C4F85401C4F85C01C4E93500C4E943
:107F40005300072B0BD8DFE803F061535A373E4547
:107F50004C045123C4F8C4305223C4F83C3104F11A
:107F6000C0094846FAF780F908B1FFBEFEE7C4F839
:107F7000AC90C4F8F850EFF3108972B6DFF8D0B0C7
:107F800094F91C30DFF8CCA08BF800300A9B2F4C02
:107F9000CAF800300B9B23600EB11846B0471FFA99
:107FA00088F23946284604F0B5FAB0BBB9F1000FA3
:107FB00000D162B6BDE8F88F3F23C4F8C430402337
:107FC000C4F83C31CBE74123C4F8C4304223C4F8A1
:107FD0003C31C4E74723C4F8C4304823C4F83C31DB
:107FE000BDE74F23C4F8C4305023C4F83C31B6E792
:107FF0002B23C4F8C4302C23C4F83C31AFE72D2325
:10800000C4F8C4302E23C4F83C31A8E72923C4F8AF
:10801000C4302A23C4F83C31A1E7FF238BF8003099
:108020000023CAF8003023600A9B3BB10B98012162
:1080300098470120B9F1000FBCD1BAE70120B9F18E
:10804000000FB7D1B5E700BF8800024088CF0024F9
:1080500084CF002480CF00242DE9F0410D4682B06A
:10806000EFF3108772B6002948D1FF23254A264C2A
:10807000237013682BB1002029461060234A106832
:10808000984723781B0625D5DFF888800025204EE9
:10809000444605E001351C3406F5D876092D19D083
:1080A000A369012B1BD0002BF4D121683046002995
:1080B000F0D06369019323690093E3682289FFF795
:1080C00009FF0028E6D1C5EBC50508EB850348F894
:1080D0002500586007B962B602B0BDE8F08161685A
:1080E0000029D7D063693046019323690093E36880
:1080F0002289FFF72DFE0028CCD1E4E705F0CAFE67
:10810000B3E700BF80CF002484CF002488CF0024B1
:1081100050C0002454000024F0B5002387B0022290
:1081200004460493CDE90223027EC3690B2A4FEA79
:10813000430523D1A27E0B2A02D1002007B0F0BD57
:1081400048496B1C484851F8233045780178187825
:10815000E67E884269D0824277D0D87803F1030C5A
:1081600081426ED0824278D0987903F1060C884221
:108170006FD0824233D0012007B0F0BD394B3A486E
:1081800053F8253001784678187894F819C0814260
:108190003DD0824241D0D87803F1030E814240D0D5
:1081A00082424AD0987903F1060E884241D0824239
:1081B000E1D1DB796345DED1734604F118069B7883
:1081C0003046059301F03EF9034630461E4601F065
:1081D00041F901A90190304601F0ECF9AAE7DB79F9
:1081E000B342C8D163461A349B782046059301F008
:1081F00029F9034620461C4601F02CF9034601A943
:108200002046019301F0D6F9002007B0F0BD93F8A5
:1082100001E0B645BFD08242BDD158786045BAD1A1
:10822000CBE71F79B742BBD1BCE75F78AF4292D1B1
:1082300093E7D979B142BAD19DE718796045B1D1B8
:10824000BAE71F79AF428DD18EE75878B04284D11A
:10825000C9E7D979A9428CD18DE71879B04283D189
:10826000C0E700BF6C010024680100247E4A036857
:108270009342F0B58FB000F0E380A2F54C429342F8
:1082800000F0E08002F58062934200F0DD8002F5AC
:108290008062934200F0DA8002F58062934200F03F
:1082A000D98002F54442934200F0D280A2F51C42EC
:1082B000934200F0D18002F58062934200F0CE80BC
:1082C0006A4A934240F0CC800826694D4FF4D87436
:1082D00004FB0654A07E01F0C5F8207E01F0C2F830
:1082E000E369082B13D8DFE803F03B495765738136
:1082F0008F9D05005F4BD3F8F42042F00802C3F8CD
:10830000F420D3F8F43003F008030893089B2046C8
:10831000FFF702FF012801D1FFBEFEE74FF4D8743A
:108320000EAA554F0DF1240C04FB0654E36902EB31
:1083300043050FCFACE80F003B680022ACF80030DB
:10834000114635F9140CF9F7DDFDE3690EAA02EBCD
:10835000430333F9140C0FB0BDE8F040F9F710BE39
:10836000444BD3F8F02042F01002C3F8F020D3F8C9
:10837000F03003F010030093009BC8E73D4BD3F8A7
:10838000E82042F40032C3F8E820D3F8E83003F4E0
:1083900000330193019BBAE7364BD3F8E82042F44F
:1083A0008022C3F8E820D3F8E83003F48023029356
:1083B000029BACE72F4BD3F8E82042F40022C3F82D
:1083C000E820D3F8E83003F400230393039B9EE7EF
:1083D000284BD3F8E82042F48012C3F8E820D3F801
:1083E000E83003F480130493049B90E7214BD3F807
:1083F000F02042F02002C3F8F020D3F8F03003F070
:1084000020030593059B82E71A4BD3F8E82042F03E
:108410008042C3F8E820D3F8E83003F080430693A5
:10842000069B74E7134BD3F8E82042F00042C3F8F0
:10843000E820D3F8E83003F000430793079B66E792
:10844000002642E7012640E702263EE703263CE7F6
:1084500005263AE7042638E7062636E7072634E7F6
:1084600000239B7EFFDE00BF00100140000C00587F
:1084700050C0002400440258C42001082DE9F04FE8
:1084800091B0002301223F490DF1240A09938B4644
:1084900001F11C09CAF8143001F13808CDF800A028
:1084A00001F15407CDF804A001F17006CDF808A041
:1084B00001F18C05CDF80CA001F1A804CDF810A0B5
:1084C00001F1C40ECDF814A001F1E00CCAE90133AA
:1084D000CAE903330F92FF222B4BCDE906AA1A708B
:1084E000BAE80F00ABE80F009AE80700009B8BE8A2
:1084F00007009B46BBE80F00A9E80F009AE80700B9
:10850000019B89E807009946B9E80F00A8E80F0029
:108510009AE80700029B88E807009846B8E80F0031
:108520000FC79AE80700039B87E807001F460FCF95
:108530000FC69AE80700049B86E807001E460FCE88
:108540000FC59AE80700059B85E807001D460FCD7B
:108550000FC49AE80700069B84E807001C460FCC6E
:10856000AEE80F00079B9AE807001C468EE807005C
:108570000FCCACE80F009AE807008CE8070011B0B8
:10858000BDE8F08F5400002484CF002410B5094CBE
:1085900004F1340004F090F8237D1BB1636BDB69B8
:1085A000DB0600D410BD2046FFF790FB636B102262
:1085B0001A6210BD50C0002410B50B4C04F5F270C7
:1085C00004F07AF894F8C43123B1D4F8E431DB69CB
:1085D000DB0600D410BD04F5D870FFF777FBD4F8A4
:1085E000E43110221A6210BD50C0002410B50B4CAB
:1085F00004F5657004F060F894F8743323B1D4F88E
:108600009433DB69DB0600D410BD04F55870FFF726
:108610005DFBD4F8943310221A6210BD50C00024C0
:1086200010B50B4C04F2445004F046F894F824358D
:1086300023B1D4F84435DB69DB0600D410BD04F562
:10864000A260FFF743FBD4F8443510221A6210BD34
:1086500050C0002410B50B4C04F2F46004F02CF868
:1086600094F8D43623B1D4F8F436DB69DB0600D4B1
:1086700010BD04F5D860FFF729FBD4F8F4361022BA
:108680001A6210BD50C0002410B50B4C04F6A400B3
:1086900004F012F894F8843823B1D4F8A438DB69D4
:1086A000DB0600D410BD04F50760FFF70FFBD4F81C
:1086B000A43810221A6210BD50C0002410B50B4C13
:1086C00004F6542003F0F8FF94F8343A23B1D4F8B8
:1086D000543ADB69DB0600D410BD04F52260FFF7D5
:1086E000F5FAD4F8543A10221A6210BD50C0002492
:1086F00010B50B4C04F6044003F0DEFF94F8E43BA5
:1087000023B1D4F8043CDB69DB0600D410BD04F5CA
:108710003D60FFF7DBFAD4F8043C10221A6210BD6A
:1087200050C0002410B50B4C04F6B45003F0C4FF45
:1087300094F8943D23B1D4F8B43DDB69DB0600D452
:1087400010BD04F55860FFF7C1FAD4F8B43D10220B
:108750001A6210BD50C0002410B5EFF3108472B639
:10876000084B1A78120602D504B962B610BD1B7800
:108770004FF4D87204485BB202FB0300C030FAF732
:10878000EBF8F1E784CF002450C0002410B5EFF3DC
:10879000108472B6094B1A78120602D504B962B673
:1087A00010BD1B784FF4D87205485BB202FB030082
:1087B00000F59C70FAF7D0F8F0E700BF84CF0024F2
:1087C00050C000240021FFF747BC00BF214A0368C6
:1087D00093422BD0A2F54C42934229D002F58062FD
:1087E000934227D002F58062934225D002F5806241
:1087F000934223D002F54442934221D0A2F51C4279
:1088000093421FD002F5806293421DD0124A9342D8
:108810001CD108224FF4D871104B01FB0233197D93
:1088200011B11846FFF752BAFFF716BC0022F1E764
:108830000122EFE70222EDE70322EBE70422E9E75A
:108840000522E7E70622E5E70722E3E700231B7D91
:10885000FFDE00BF00100140000C005850C0002493
:10886000204A0368934229D0A2F54C42934227D074
:1088700002F58062934225D002F58062934223D0B4
:1088800002F58062934221D002F5444293421FD008
:10889000A2F51C4293421DD002F5806293421BD088
:1088A000114A93421AD1082310484FF4D87202FBA0
:1088B0000300037D03B97047FFF708BA0023F3E70D
:1088C0000123F1E70223EFE70323EDE70423EBE7BE
:1088D0000523E9E70623E7E70723E5E700231B7DF8
:1088E000FFDE00BF00100140000C005850C0002403
:1088F0000121FFF7B1BB00BF2DE9F0414F684FF4F4
:10890000D876DFF8C0808E4607FB06F60C46082FA7
:1089100008EB0605056005F1180CBEE80F00ACE891
:108920000F009EE807008CE8070002D86B6A022B54
:1089300002D90120BDE8F0812A6A032AF9D8A96A80
:108940000229F6D8E86A0228F3D80131DFF878C0A6
:10895000343689005CF8277046446F63A469A964C3
:108960001549AC6351F823306B64144B53F8223033
:10897000134A2B64002352F8201001223046EB6585
:10898000E963C5E91333C5E9153205F083FA002818
:10899000CFD10146304605F0D5FA0028C9D10146AD
:1089A000304605F01DFB0028C3D1304605F0ACFA77
:1089B0000028BED12875BDE7C8210108D4210108CF
:1089C000E421010850C00024A4210108006892B2EB
:1089D00008B5343003F0BCFC003818BF012008BDD6
:1089E000534B0122002047F6122130B4C3E9742012
:1089F000C3E97721C3E9E020C3E9E3211A62DA621F
:108A000058621963C3F83025C3F83405C3F83C2510
:108A1000C3F84015C3F8E026C3F8E406C3F8EC2613
:108A2000C3F8F016C3F89028C3F89408C3F89C283C
:108A3000C3F8A018C3F8402AC3F8440AC3F84C2A64
:108A4000C3F8501AC3F8F02BC3F8F40BC3F8FC2B8F
:108A5000C3F8001CC3F8A40D3648C3F8A02DC3F812
:108A6000AC2DC3F8B01D0288837833490068334CBD
:108A7000CA804FEA104C0B723149E2802372A1F890
:108A80000320A4F8032063714B712E4CCA800B7233
:108A90002D492E4DE2802372A1F80320A4F8032073
:108AA00063714B712A4CCA800B722A49EA80088094
:108AB0002B7281F802C0E2802372A1F803204B716F
:108AC000CA800B722449A1F803204B71CA800B7233
:108AD0002249A1F803204B71CA800B7220490880FB
:108AE00081F802C0A1F803204B71CA800B721D49A6
:108AF000088081F802C0A1F803204B71CA800B7274
:108B00001949088081F802C01848A1F803204B7168
:108B1000CA800B721649A0F803204371C280037209
:108B2000A1F803204B71CA800B7230BC704700BFA4
:108B300050C0002468010024F00100241402002425
:108B4000080200242C02002420020024FC0100243E
:108B5000D8010024B0CF002438020024E40100240E
:108B60008CCF0024A4CF002498CF00245C010024E3
:108B7000500100243E4B00220B20114610B5D3F8C3
:108B8000D84082B044F00104C3F8D840D3F8D840AC
:108B900004F001040094009CD3F8D84044F002048F
:108BA000C3F8D840D3F8D83003F002030193019BF7
:108BB000F9F7A8F90B20F9F7E3F900220C20114688
:108BC000F9F7A0F90C20F9F7DBF900220D20114686
:108BD000F9F798F90D20F9F7D3F900220E20114684
:108BE000F9F790F90E20F9F7CBF900220F20114682
:108BF000F9F788F90F20F9F7C3F900221020114680
:108C0000F9F780F91020F9F7BBF900223C20114652
:108C1000F9F778F93C20F9F7B3F900221120114651
:108C2000F9F770F91120F9F7ABF900223820114655
:108C3000F9F768F93820F9F7A3F90022392011462D
:108C4000F9F760F93920F9F79BF900223A2011462B
:108C5000F9F758F93A20F9F793F900223B20114629
:108C6000F9F750F93B2002B0BDE81040F9F788B998
:108C70000044025820F01F002031BFF34F8F00291D
:108C800007DD064A0144C2F85C0220300B1A002BB3
:108C9000F9DCBFF34F8FBFF36F8F704700ED00E03B
:108CA000704700BF08B5F8F711FBBDE80840F9F7B9
:108CB000F1B900BF064808B503680BB100F08CFE9F
:108CC000044803681BB1BDE8084001F07BBD08BD46
:108CD000C8D30024C0CF0024064808B503680BB1F0
:108CE00000F07AFE044803681BB1BDE8084001F0BB
:108CF00069BD08BDC8D30024C0CF0024064808B50C
:108D000003680BB100F068FE044803681BB1BDE8BE
:108D1000084001F057BD08BDC8D30024C0CF0024CF
:108D2000364BDA6A520062D59A6A9A6A9A6A9B6AE4
:108D3000180600D500BE314B9B6A990600D500BECF
:108D40002E4B9B6ADA0600D500BE2C4B9B6A1B0794
:108D500000D500BE294B9B6A980700D500BE274B63
:108D60009B6AD90700D500BE244B9B6A1A0400D524
:108D700000BE224B9B6A9B0400D500BE1F4B9B6A22
:108D8000D80400D500BE1D4B9B6A190500D500BE56
:108D90001A4B9B6A5A0500D500BE184B9B6A9B056F
:108DA00000D500BE154B9B6AD80500D500BE134BFD
:108DB0009B6A990100D500BE104B9B6ADA0100D571
:108DC00000BE0E4B9B6A1B0300D500BE0B4B9B6A7B
:108DD000580300D500BE094B9B6A990300D500BE1D
:108DE000064B9B6ADA0306D400BE00BEFEE7DB6AD0
:108DF0009B07FAD5F8E700BEF6E700BF00ED00E0FC
:108E0000F8F770BAF8F774BA0A4B9B6803F1784325
:108E1000B3F5003F0BD3084B986848B19868012818
:108E200006D09868022803D09B6803207047012071
:108E3000704700BF00ED00E0000080382DE9F041F0
:108E4000CEB004464C2200210AA808F0E5FC2022FE
:108E5000002102A808F0E0FCBC2200211EA808F0B6
:108E6000DBFC022002F022F92368012B4FF0000303
:108E700054D0534A02250193C820D16A514B21F0A6
:108E80000101D162D26A02F0010201929A6942F4B0
:108E900040429A619B6903F440430193019B494A14
:108EA00093699B04FCD548490224002201268B6A61
:108EB00004274FF0080823F0030323438B620523A4
:108EC00016900AA818934FF48033109617941994AB
:108ED0001597CDF86880CDE91B222122CDE91344F6
:108EE000CDE90A23FAF78AF800B1FEE73F2203230F
:108EF000294602A8CDE9022300220823CDE9042354
:108F000040224023CDE9062340234FF48062CDE97F
:108F10000823FAF7A1FB0346B8B1FEE7294A042566
:108F20000093F0209169264B41F440419161926990
:108F300002F440420092DA6A42F00102DA62DB6A2D
:108F400003F001030093009BA9E720224FF4805116
:108F500025934FF440152B9280222D931EA8309319
:108F6000269135914FF48071249234920C223394DF
:108F7000439140F2271120921022CDF884802A9745
:108F80001F96CDE92E34CDE93B334FF48033CDE944
:108F900022463193002446930623CDE93E4527938C
:108FA0004FF48063094C2C931E94CDE92812FAF7F4
:108FB000AFFD00B1FEE702F09FF84EB0BDE8F081D2
:108FC0000004005800480258004402580F130F03D1
:108FD00070B584B00124F9F70BF84FF480764FF0A8
:108FE0004052194B68460025ADF800400396CDE984
:108FF0000123F9F71BF819224FF0404368468DF81A
:10900000082001938DF80F40ADF80D608DF80140F8
:109010008DF80A50F9F70AF802230B2268468DF8FA
:109020000F508DF801304FF062538DF808200193F6
:10903000ADF80D408DF80A40F8F7F8FF0420F8F776
:10904000E5FF04B070BD00BF0E00010330B50D4652
:10905000044685B0D1E9000184E80300F8F706F979
:10906000AB79A3B3FFF786FDFDF792FE06F0A4FEF1
:10907000FFF704FA2B798BBB6B799BB1BFF34F8F52
:10908000BFF36F8F2A4B0022C3F85022BFF34F8FDC
:10909000BFF36F8F5A6942F400325A61BFF34F8FAA
:1090A000BFF36F8F4FF0FF32002300240025694685
:1090B000204802928DF80C30CDE9004507F09CFA6B
:1090C0001C4807F001FB06F0A7FA05B030BD2046AA
:1090D000FFF7B4FE2046FFF77BFFC3E7144C0023E5
:1090E000C4F88430BFF34F8FD4F8801043F6E07E8D
:1090F000C1F34E3CC1F3C9014FEA4C1C0CEA0E000F
:109100000B4640EA8372013BC4F860225A1CF8D136
:10911000ACF1200C1CF1200FF0D1BFF34F8F63692D
:1091200043F480336361BFF34F8FBFF36F8FA3E7C7
:1091300000ED00E0BCCF0024FAF7BEBB1C4B9B68DF
:1091400003F17842B2F5003F25D3B3F5803F20D339
:1091500003F16042B2F5003F1FD303F15C42B2F568
:10916000002F1CD303F17042B2F5902F19D303F1F5
:109170004842B2F5803F16D303F18042B2F1806FCE
:1091800013D303F1E043B3F5000F2CBF08200720F1
:10919000704701207047002070470220704703206D
:1091A000704704207047052070470620704700BFB5
:1091B00000ED00E003480023034A0449036008F07F
:1091C000E5BA00BFBCCF002400000024A18C000839
:1091D00010B4204C0022204B83B0D4F888101F48D4
:1091E00041F47001C4F8881019681D4C41F0010168
:1091F00019601A61196808401A4918609A61DA61A1
:109200001A629A62DA621A635A639A63DA631A64B8
:109210005A64186820F4802018601A66D3F8DC209D
:1092200042F06042C3F8DC20D3F8DC300193019BAC
:1092300023681940B1F1005F03D20B4B0122C3F840
:109240000821044B4FF000629A6003B05DF8044BB4
:10925000704700BF00ED00E0004402587FEDF6EAE1
:109260000010005C0000FFFF0080005100F57171EC
:10927000D0F8040405F0B8BDC1EBC10300EB8303D3
:10928000D0F80404D3F8082205F0DCBDC1EBC1031B
:1092900000EB8303D0F804049A6C05F011BE00BF04
:1092A000D0F8040405F0B0BEC16810B5044619B189
:1092B000022900D0FEE70121D4F8040405F08EFE57
:1092C000D4F80404BDE8104005F060BE10B50446B3
:1092D000D0F8040405F086FE2268D2F8003E43F080
:1092E0000103C2F8003E236A23B1034A136943F025
:1092F0000603136110BD00BF00ED00E0D0F80404C8
:1093000005F07ABED0F8040405F08EBED0F804044F
:1093100005F088BED0F8040405F088BED0F8040437
:1093200005F086BE9446D0F898021A4608B5634602
:1093300001F0ACFD032802D8024B185C08BD0220E6
:1093400008BD00BF00220108D0F8980208B501F05E
:109350002BFE032802D8024B185C08BD022008BD72
:1093600000220108D0F8980208B501F061FE032838
:1093700002D8024B185C08BD022008BD002201087B
:109380000A06D0F8983206D4C1EBC10103EB810183
:1093900091F8FE01704701F07F01C1EBC10103EBC1
:1093A000810191F83E007047D0F8980208B501F0AD
:1093B00057FD032802D8024B185C08BD022008BDE7
:1093C00000220108D0F8980208B501F0C5FD032875
:1093D00002D8024B185C08BD022008BD002201081B
:1093E000D0F8980208B501F08FFD032802D8024B8F
:1093F000185C08BD022008BD00220108D0F8C00298
:1094000006F0C4B8D0F8C00206F0D8B8D0F8C00250
:1094100006F0E0B8704700BFD0F8C00206F0C6B84A
:10942000D0F8C00206F0C6B8D0F8D00308B500F0F6
:1094300093FE032802D8024B185C08BD022008BD29
:1094400004220108024B027853F82200704700BF43
:1094500028220108024B427833F81200704700BFFF
:10946000082201088CB00A2814D8DFE800F0152380
:10947000313F4D5B6977859306004D4BD3F8E02073
:1094800042F48062C3F8E020D3F8E03003F4806354
:109490000B930B9B0CB07047454BD3F8E02042F088
:1094A0000102C3F8E020D3F8E03003F00103019398
:1094B000019BEFE73E4BD3F8E02042F00202C3F8F5
:1094C000E020D3F8E03003F002030293029BE1E7CF
:1094D000374BD3F8E02042F00402C3F8E020D3F881
:1094E000E03003F004030393039BD3E7304BD3F83E
:1094F000E02042F00802C3F8E020D3F8E03003F0A7
:1095000008030493049BC5E7294BD3F8E02042F0FD
:109510001002C3F8E020D3F8E03003F01003059305
:10952000059BB7E7224BD3F8E02042F02002C3F8B6
:10953000E020D3F8E03003F020030693069BA9E770
:109540001B4BD3F8E02042F04002C3F8E020D3F8F0
:10955000E03003F040030793079B9BE7144BD3F8DD
:10956000E02042F08002C3F8E020D3F8E03003F0BE
:1095700080030893089B8DE70D4BD3F8E02042F45D
:109580008072C3F8E020D3F8E03003F480730993CD
:10959000099B7FE7064BD3F8E02042F40072C3F842
:1095A000E020D3F8E03003F400730A930A9B71E7DC
:1095B000004402582DE9F04F0D6883B0002D00F0F3
:1095C000D5800023DFF8688201229A4012EA050C58
:1095D00000F0C7804E6826F01009B9F1020F40F084
:1095E000C88003F007044FEAD30E4FF00F0A4FEA8A
:1095F000840900EB8E0E0AFA09FADEF8204024EA0C
:109600000A0A0C6904FA09F406F0030944EA0A0498
:10961000CEF820404FEA430E0324D0F800A009FA08
:109620000EF904FA0EF42AEA040AE44349EA0A09A4
:10963000C0F80090D0F808A0CF6804EA0A0A07FA38
:109640000EF949EA0A09C0F80890C6F30019D0F8E3
:1096500004A009FA03F92AEA020249EA0202426076
:10966000C268F70004EA02048A6802FA0EF242EACB
:109670000402C26075D5644C23F0030E03F00309A5
:10968000D4F8F420C6444FEA890942F00202C4F833
:10969000F420D4F8F42002F002020192019A0F2281
:1096A000DEF8084002FA09F224EA0202574CA0420E
:1096B00025D004F58064A0427BD0554CA0427ED0DA
:1096C000544CA0426FD0544CA04200F08480534CC4
:1096D000A04200F08680524CA04276D0514CA0426D
:1096E00000F08580504CA04200F087804F4CA04293
:1096F0000CBF09240A2404FA09F942EA0902CEF847
:1097000008204FF0B0426FEA0C0EF403D2F880202C
:109710004FF0B04454BF0EEA02024CEA0202C4F811
:109720008020B203D4F884404FF0B04254BF0EEA18
:1097300004044CEA0404F702C2F8844014684FF0B1
:10974000B04254BF0EEA04044CEA04041460B402AC
:1097500052684FF0B04454BF0EEA02024CEA0202D3
:109760006260013335FA03F27FF42EAF03B0BDE837
:10977000F08F4FEA430E0324D0F800B006F0030A3E
:1097800004FA0EF409F1FF390AFA0EFA2BEA040B77
:10979000B9F1010F6FEA04044AEA0B0AC0F800A00D
:1097A0003FF65EAF46E7032404FA09F942EA0902EC
:1097B000A5E7012404FA09F942EA09029FE7022415
:1097C00004FA09F942EA090299E7062404FA09F9B8
:1097D00042EA090293E7042404FA09F942EA090279
:1097E0008DE7052404FA09F942EA090287E707240C
:1097F00004FA09F942EA090281E7082404FA09F99E
:1098000042EA09027BE700BF004402580000025808
:1098100000080258000C02580010025800140258A8
:1098200000180258001C0258002002580024025858
:1098300000040058002900F0A88000232DE9F04F13
:10984000DFF8689183B0DFF86881DFF868A1DFF89E
:1098500068B14FF0010E0EFA03F212EA010C6FD05C
:1098600023F0030503F003040F2640454D444FEA5F
:10987000C404AF6806FA04F607EA0607019721D088
:10988000504566D0584567D0434FB8426ED0434FDD
:10989000B84270D0424FB84263D0424FB84256D01F
:1098A000414FB84272D0DFF814E1704568D0DFF85C
:1098B00010E1704514BF4FF00A0E4FF0090E0EFA7A
:1098C00004F400E00024019FA74219D1AC6824EA07
:1098D00006064FF0B044AE60D4F8805025EA0C057F
:1098E000C4F88050D4F8845025EA0C05C4F884509C
:1098F000256825EA0C052560656825EA0C05656084
:1099000003255C0003F007070F2605FA04F4056839
:10991000BF00254306FA07F70560DD0800EB850563
:109920002E6A26EA07062E62856825EA0405856008
:10993000456825EA02024260C26822EA0404C46063
:10994000013331FA03F284D103B0BDE8F08F4FF058
:10995000060E0EFA04F4B6E74FF0020E0EFA04F407
:10996000B1E74FF0050E0EFA04F4ACE74FF0030E2A
:109970000EFA04F4A7E74FF0040E0EFA04F4A2E77F
:109980004FF0080E0EFA04F49DE770474FF0070EF3
:109990000EFA04F497E700BF000C025800100258BA
:1099A0000014025800180258001C02580004005805
:1099B0000000025800040258000802580020025813
:1099C000002402580369194214BF01200020704787
:1099D00002B90904816170472DE9F04F056885B02F
:1099E0000446284604F0A6FF012802D005B0BDE8D1
:1099F000F08F206804F04EFF0028F7D0206804F0B4
:109A000049FF10F4001F206802D04FF40013436197
:109A100004F040FF10F4801F206802D04FF4801340
:109A2000436104F037FF10F0806F206802D04FF0E0
:109A30008063436104F02EFF10F0020F20682FD1E5
:109A400004F028FF870000F11381206804F022FF52
:109A5000C60100F1CF80206804F01CFF000700F170
:109A6000BE80206804F016FF10F0007F20681AD135
:109A700004F010FFC306B9D52568AB6923F01003C5
:109A8000AB612E6AC6F34341C6F30A17022902D11D
:109A9000002F40F0C681AB6943F01003AB61A5E72E
:109AA00002234361CCE704F0B3FFD4F808E080461A
:109AB0002068BEF1000F00F0998005F5A065002632
:109AC0004FF0280B4FF0020A4AE000F5A0694A0166
:109AD00009EB4117BB685B075DD50423BB60FB68DE
:109AE00043F00203FB60BB68980500F1FD80BB6892
:109AF000DB0740F1CF80236953B101EB81003B6963
:109B000004EBC000C3F3120C836CA3EB0C03C3641F
:109B10008B004FF0010C4FF0000E581804EBC00002
:109B2000C0F858E080F85DC0C7F808C090F83FE082
:109B30001EF0FD0F00F06481BEF1030F00F04082C3
:109B40000B4404EBC30393F8502082F0010283F826
:109B50005020D4F808E0206801362035764545D2FB
:109B600006F00F0328FA03F3D907F5D52B68F1B2F5
:109B70001A04AAD400F5A0624FEA411C02EB411777
:109B8000BB6813F004090DD00423BB60FB6843F0ED
:109B90000203FB60E0E7BB689B0640F1B380202333
:109BA000BB60A0E7BB6813F0200300F0CA8001EBA4
:109BB0008103202204EBC303BA6093F83D20012AFD
:109BC000CAD183F83D9083F85CA0FB6843F00203A0
:109BD000FB6004F021FFD4F808E02068BCE72046D1
:109BE000FFF70CFC2068082343613BE74FF000734C
:109BF00043613DE72668D6F840340293D6F84034F6
:109C00000393039B23F02E030393029B980707D52E
:109C1000029BD90700F16381039B43F00203039386
:109C2000029B1A0718D5039B43F008030393029B7A
:109C30005B0740F15C81A169022900F09A81E36829
:109C4000012B03D14EF66022C6F804242046FFF70C
:109C5000E3FB2046FFF7D6FB2068029B9F0603D557
:109C6000039B43F020030393039BC6F84034F3E6C1
:109C7000D5F84034204623F02E03C5F84034FFF7D2
:109C8000C5FB0121206804F0A1FE20684FF00053BD
:109C90004361DBE6BB68980740F18E80FB6801EB0F
:109CA000810C23F0020304EBCC0CFB608B009CF8CE
:109CB0005D00012800F0B280052800F0AF80062882
:109CC00000F0A381082800F0A081032800F0DC81C7
:109CD0009CF85C000246C7F808A02046FFF79AFBF4
:109CE000D4F808E0206837E7FB68206843F00203F7
:109CF000FB6004F091FE4FF400732068BB60D4F861
:109D000008E029E7BB681B0700F1BB80BB685B0567
:109D10007FF5E9AEFB68019243F002030091FB601E
:109D200004F07AFE00991020019A01EB8103B860DB
:109D3000082004EBC30383F85D004FF48063BB602D
:109D4000D1E6D7F8089019F0400F40F0B180BB6819
:109D500013F4007340F02F81D7F8089019F0010F29
:109D600040F03F81BB6813F0080340F06881D7F8EA
:109D7000089019F0100F00F0C98001EB810204EB8C
:109D8000C2029365032382F85D3092F83D303BB9FF
:109D90000BFB014393F83C2012B9012283F83D20CC
:109DA000FB6843F00203FB6004F036FE10232068DA
:109DB000BB60D4F808E0CFE6BB6813F0800340F046
:109DC000E380BA68D20640F1D08001EB810004EB59
:109DD000C00090F83F20032A00F04B8112F0FD02F2
:109DE000E4D123698265002BE0D10BFB0143032200
:109DF00083F85D20FB68206843F00203FB60D3E733
:109E0000FA68206842F0020201930091FA6004F0BF
:109E100003FE1022DDE90013BA6091E68CF85C00C5
:109E200058E706F00F0606EB860804EBC808D8F8DA
:109E3000441000293FF42FAE284605F5A0653A46A8
:109E400004F0A6FCD8F8443005EB46123B441169F7
:109E5000D8F84C20C8F8443073013A44C8F84C2074
:109E6000BC4A0A405AB1EA5822F0804242F000420D
:109E7000EA5098F8503083F0010388F85030256894
:109E800009E6FB684FF0050C019243F002030091D4
:109E9000FB6001EB810304EBC30383F85DC0102377
:109EA000BB600823BB6004F0B7FDDDE900121AE6D1
:109EB00001EB810204EBC2029365042382F85D305A
:109EC000012382F83D30FB6843F00203FB6004F09D
:109ED000A3FD40232068BB60D4F808E03CE6B369EA
:109EE000204623F00053B361FFF78CFA94E6204636
:109EF000FFF796FAD6F84034206823F02E03C6F810
:109F00004034836943F000538361A6E6BB681B06B7
:109F100000F1C880BB685B0500F1D780BB689B0778
:109F20007FF51AAEFB680BFB014023F00203FB60D8
:109F300090F85D30012B00F0E180032B00F0DB8016
:109F4000042B00F0D880052B00F0FC80062B00F0DD
:109F5000E480082B00F0E1800BFB01432046C7F8AA
:109F600008A093F85C20FFF755FAD4F808E02068C1
:109F7000F2E5029B206803F4C023B3F5802F18BFDD
:109F8000012104F023FD61E6FB6801EB810243F04F
:109F9000020304EBC202FB60936D01339365062359
:109FA00082F85D30206804F037FD80232068BB60B4
:109FB000D4F808E0D0E5FB6843F00203FB6098E6C4
:109FC00052F80970019347F00057009142F8097068
:109FD000624680F85CC02046FFF71CFADDE90013FA
:109FE000AEE5FA6801EB810942F0020204EBC9090F
:109FF000C9F85830FA6004F00FFD0123BB6089F8FE
:10A000005D30D4F808E02068A6E503EB010C04EB12
:10A01000CC0CDCF858000130032825D8CCF85800C7
:10A0200002200B4404EBC30383F85C0052F80930B0
:10A0300023F0804343F0004342F809304AE6082306
:10A040000091BB60FB6843F00203FB6004F0E4FC9A
:10A050000099052201EB810104EBC10383F85D2027
:10A06000D4F808E0206877E50020CCF858000420F8
:10A07000D7E7FA680BFB014042F0020283652068D3
:10A08000FA6004F0C9FC91E60BFB0143022083F85F
:10A090005CA052F8093023F0804343F0004342F8BB
:10A0A000093017E6FB68009143F00203FB6004F0FF
:10A0B000B3FC009906230BFB014181F85D3080233E
:10A0C0002068BB60D4F808E046E5FB68009143F0E7
:10A0D0000203FB6004F0A0FC10230099BB604FF466
:10A0E00080630BFB0141BB60082381F85D30D4F82D
:10A0F00008E0206830E580F85CA02DE780F85C304F
:10A1000090F83F30023B012B3FF626AF90F85130DC
:10A1100083F0010380F851301EE70BFB0140836D93
:10A120000133032B11D8836502230BFB014080F818
:10A130005C3052F80C3023F0804343F0004342F887
:10A140000C3009E780F85C3006E7002383650423C0
:10A15000EBE700BF0000F81F90F8B832012B0CD0DD
:10A16000012310B50446006884F8B83204F0B4FC4A
:10A170000023184684F8B83210BD0220704700BF93
:10A18000F8B505460E461746701C2C682CD1A369FD
:10A19000990727D4A369DA06F9D5A3699A06FCD5ED
:10A1A00020231022E261E361A3699F0701D5002308
:10A1B000A362A369DE0703D4A36943F00103A3618B
:10A1C000636800221B4820210340012063606B6C00
:10A1D00085F8402043F004036B6485F8411085F84E
:10A1E0004220F8BD0020F8BDA3699B07FAD4A369FB
:10A1F000D9061BD4F7F776F8C01BB04201D8002E61
:10A20000C2D16B6C2021002201200B4385F8402035
:10A210006B6485F8411085F84220F8BDF7F762F8C5
:10A22000C01B8642EDD3002EEBD02C68A3699B06A1
:10A23000F4D5B5E700E800FEF8B505460E4617462A
:10A240002C68A3699B0649D4A369DA0626D5731C3A
:10A2500038D1A3699E06FCD520231022E261E36178
:10A26000A369990701D50023A362A369DA0703D480
:10A27000A36943F00103A361636800221848202109
:10A280000340012063606B6C85F8402043F00403B9
:10A290006B6485F8411085F84220F8BDF7F722F885
:10A2A000C01BB04201D8002ECAD16B6C2021002205
:10A2B00001200B4385F840206B6485F8411085F838
:10A2C0004220F8BDA3699806C6D4F7F70BF8C01B67
:10A2D0008642EAD3002EE8D02C68B8E70020F8BD0B
:10A2E00000E800FE00284ED010B590F8413004463A
:10A2F00003F0FF02002B41D023682421626884F818
:10A300004110196822F07062E06821F00101012813
:10A3100019601A619A6822F400429A60A26829D0F2
:10A3200042F4044202289A6002D14FF400625A605B
:10A3300058684FF0200C1549226901435960D968CB
:10A3400021F40041D960D4E90501024342EA012227
:10A35000D4E90710DA600022014310461960196839
:10A3600041F001011960626484F841C0226384F8FD
:10A37000422010BD42F400429A60D9E780F84020A4
:10A38000FCF72CFCB8E70120704700BF00800002FA
:10A390002DE9F047984690F84130089E202B40F078
:10A3A000878090F840300446012B00F08180012323
:10A3B0008946174680F84030F6F794FF054604E0DA
:10A3C000F6F790FF401B192875D82368986910F498
:10A3D0000040F5D1212267626063C9F3090784F860
:10A3E0004120102284F842206064A4F82A80628D03
:10A3F00092B2FF2A6DD8628D494892B2D1B22285BD
:10A400005A6802403A4342EA0142464911435960C0
:10A41000DFF81C814FF0FF0ADFF81891638D2A46A0
:10A42000314620469BB2002B30D0FFF7A9FE002812
:10A4300073D1606A216810F8012B238D8A62628DC6
:10A44000013B6062013A9BB292B223856285628DC4
:10A4500092B2002BE2D1002AE0D0701C43D18B696C
:10A460001A06FCD5638D9BB2FF2B48D94B682A4650
:10A47000A4F828A0204603EA08033B4343EA090363
:10A480004B603146638D9BB2002BCED1FFF7D4FEDB
:10A49000002842D123682021234DD9615A682A40DF
:10A4A0005A6084F8411084F8400084F8420000E0CB
:10A4B0000220BDE8F087636C2021002201200B43BD
:10A4C00084F84020636484F8411084F84220BDE899
:10A4D000F0875A6812490A4014493A431143FF224F
:10A4E0002285596094E78B691B06BBD4F6F7FAFE08
:10A4F000401B8642DFD3002EDDD02168ADE7638D9F
:10A500009BB2DAB223854B6803EA080343EA0243AD
:10A510003B4343F000734B6080E70120BDE8F087C8
:10A52000009800FC0020008200E800FE0020FF816F
:10A53000009C00FC0000FF012DE9F0471F4690F849
:10A540004130202B40F08E8004460D46002900F05B
:10A550008380B2FA82F916464FEA5919002A7BD055
:10A560005FFA83FA90F84030012B7BD0012380F80A
:10A570004030F6F7B7FE212365628046256884F8EF
:10A58000413084F842A0C4F8449066856B68C4F8F2
:10A59000349023F400436B607B1C66D1AE693607B0
:10A5A000FCD50823EB61E368022B06D0AE69F60305
:10A5B00028D4AE69F603F9D524E0AB691907FCD5B8
:10A5C0000823EB617B1CF1D0AB69DD031AD4F6F7ED
:10A5D00089FEA0EB0800874253D3002F51D0256895
:10A5E000F0E7424639462046FFF7CAFD00285BD116
:10A5F000636A226813F8011B9162658D6362013DF5
:10A60000ADB26585638D9BB2002BEAD142463946D7
:10A610002046FFF711FE00284DD02268536843F40E
:10A6200000435360636C042B54D1002363642023E4
:10A63000D361781C41D193691904FCD4516800237B
:10A64000202041F40041516084F84100184684F80C
:10A65000423084F8403003E04FF40073012063641B
:10A66000BDE8F0870220BDE8F087AB69180733D456
:10A67000F6F738FEA0EB0800874202D30FB1256839
:10A680008AE7636C202000212268034384F840108D
:10A69000636484F84100012084F84210536843F455
:10A6A00000435360BDE8F08722680120536843F4FB
:10A6B00000435360D4E72268B9E793691B04BDD512
:10A6C000F6F710FEA0EB08008742DAD3002FD8D0AF
:10A6D0002268AEE70120C3E70823EB61E368022BA1
:10A6E0007FF470AF08E0F6F7FDFDA0EB08008742AD
:10A6F000C7D3002FC5D02568AB691A07F3D55FE72C
:10A700000268436B9169126803B11847704700BF34
:10A7100090F84100704700BF90F84120202A23D1D3
:10A720005FFA82FC90F840200346012A1CD00268A0
:10A73000242000B583F841004FF0000E106820F08F
:10A7400001001060106820F4805010601068014310
:10A7500070461160116841F00101116083F841C039
:10A7600083F840E05DF804FB0220704790F8412038
:10A77000202A22D1034600B55FFA82FE90F84020DD
:10A78000012A1CD0026824204FF0000C83F84100FD
:10A79000106820F001001060106820F4706040EA3A
:10A7A000012160461160116841F00101116083F8D8
:10A7B00041E083F840C05DF804FB022070470220AE
:10A7C0005DF804FB2DE9F04F076889B00446384670
:10A7D00004F0B0F810B109B0BDE8F08F82462068EF
:10A7E00004F058F80028F6D0206804F053F810F070
:10A7F000020F206803D0436903F00203436104F0B1
:10A8000049F810F4002B206840F0508104F042F821
:10A8100010F4802F206840F0EB8004F03BF8002813
:10A8200074DB206804F036F8000564D4206804F076
:10A8300031F8020114D52268536903F000635361B3
:10A8400094F8F433002B40F095810121204684F8E0
:10A85000F413536DC3F38303C4F8F83300F024FCFE
:10A86000206804F017F8C3047BD4206804F012F8C1
:10A8700010F4005F20685DD104F00CF810F0100FA8
:10A88000206812D0836923F0100383613D6AC5F309
:10A89000434305F00F06022B00F03182062B00F037
:10A8A0007F81836943F01003836103F0F3FF07079F
:10A8B00000F15781206803F0EDFFC60200F14681E8
:10A8C000206803F0E7FF850200F13581206803F07E
:10A8D000E1FF400000F12681206803F0DBFF410723
:10A8E0007FF579AF23685D686A0700F129825A68AD
:10A8F0002A435A606FE7D7F80838D90700F11C825D
:10A900002068436903F40063436190E7D7F8043893
:10A9100023F00103C7F8043894F8F433012B00F056
:10A9200038812046FEF7EAFC2068436903F00043C3
:10A93000436177E704F002F8206803F0E7FC25683C
:10A94000E060F8F7A3FF227B0146284603F042FCB3
:10A950002046FEF7A9FC2068436903F400534361D5
:10A960008AE7D7F804381021206807F5006523F03E
:10A9700001036B6003F0B0FC6068B0B107F51063D1
:10A980004FF67F3199600AF1010A1A682033824537
:10A9900022F4001243F8202CC3F8E811D3F8E02188
:10A9A00022F40012C3F8E021ECD1EB6943F001136B
:10A9B000EB61236B002B40F0E1806A6942F22B03CC
:10A9C00013436B612B6943F00B032B61D7F80038FD
:10A9D00004F57172217C23F4FE632068C7F8003807
:10A9E00003F0C8FF2068436903F4805343613DE7E7
:10A9F00003F068FF80462068B8F1000F00F0E580A2
:10AA0000264607F510694FF0000BCDE9037A09E0FF
:10AA10005FEA58080BF1010B06F11C0609F1200949
:10AA200000F0D58018F0010FF2D05FFA8BF73946AD
:10AA300003F064FFC30705461FD50BF00F0303990E
:10AA400001229A40D1F8343823EA0203C1F834389D
:10AA50000123C9F808302369012B03D1D6E911235A
:10AA60001344B36439462046FEF710FC2369012BDA
:10AA700003D1BBF1000F00F0AC81280702D50823F9
:10AA8000C9F80830E90602D51023C9F808306A066B
:10AA900002D54023C9F80830AB0702D50223C9F814
:10AAA00008302D0600F1C6802068B1E703F0FCFEF7
:10AAB00005462068002D00F0868007F53066A14627
:10AAC0004FF0000B049707E06D080BF1010B06F146
:10AAD000200609F11C097DD0EB07F5D55FFA8BF153
:10AAE000039103F0FDFE10F0010F8046039973D12E
:10AAF00018F0080F40F0F280206818F0100F01D015
:10AB00001023B36018F0200F05D02169012900F04F
:10AB10005A812023B36018F4005FD5D04FF400535E
:10AB2000B360D1E72046FEF7F5FB2068436903F0E8
:10AB300080434361D1E620465FFA8BF1FEF7E2FBEA
:10AB40002068436903F400134361C0E620465FFABE
:10AB50008BF1FEF7DBFB2068436903F4801343614C
:10AB6000AFE62046FEF79CFB2068436903F008032C
:10AB70004361A0E62046FEF7A9FB71E6D5F88430D4
:10AB800043F00B03C5F884306B6C43F00B036B642C
:10AB90001CE70021204684F8F41300F085FAC3E690
:10ABA000C6EBC606082204F57171384603F0F0FDC5
:10ABB000C5F30A1304EB86022068D2F814120B4482
:10ABC000C2F814326DE6AB4620E6C34625E6DDE961
:10ABD000037A22E6049F19E6206801232769B360FF
:10ABE00000F53063012FD0F840E003EB4B139A6877
:10ABF00000F0C580984FBE4540F0BD80170440F17D
:10AC0000B6804FF4004218F0080F9A603FF475AF19
:10AC1000026C986890498A4200F09780204603921F
:10AC2000FEF724FB8D4B039A9A4200F2968008238C
:10AC3000B36061E7D6E91453D4F800A0AB425046A4
:10AC40003FF6E6AE0AF51062716CCDF81CA002EB7F
:10AC50004B120592EA1A8A4228BF0A460599896969
:10AC6000033289B2B1EB920FC0F0A980CDF81890F1
:10AC7000C146A046059C1AE0736C3A46B16C50463A
:10AC80009D4228BF1D4698F810300093ABB203F0E8
:10AC900069FDB36CA1692B4489B2B364736D2B4415
:10ACA0000335B1EB950F7365C0F08180356D9D4222
:10ACB000A5EB0305E0D84446C846DDF81890D4F863
:10ACC00000A0079B0122504603F500610BF00F0323
:10ACD0009A404B6B23EA02034B6399E62268216991
:10ACE00002F53063126C012903EB4B13986891D184
:10ACF0005A498A4229D82046FEF7B8FA97E747F61C
:10AD0000F0731D423FF4CDADC6EBC606C5F30A1283
:10AD1000384604EB86061546D6F8081203F038FDCF
:10AD2000D6F8083220682B44C6F80832D6F8143218
:10AD30002B44C6F81432B4E52046FEF7C7FADFE527
:10AD40002046FEF7EBFA2368D1E5020402D54FF462
:10AD500000429A602046FEF789FA216901297FF4B2
:10AD600066AF04F57172206803F004FE5FE7900699
:10AD700001D520229A602046FEF77EFAB8E6170732
:10AD800032D536498E4504D9120402D54FF400421B
:10AD90009A6020460393FEF769FA04F57172012167
:10ADA000206803F0E7FD0822039B9A60A0E6444672
:10ADB000356DC846DDF81890D4F800A050469D4285
:10ADC0003FF626AE7DE704F5717203F0D3FD2068EF
:10ADD0009FE6236D002B7FF450AE04F571720121C4
:10ADE000206803F0C7FD48E6970608D520229A6040
:10ADF00018F0080F3FF481AE026C986878E712F003
:10AE0000280FF5D1154FBE4505D9120403D54FF4CF
:10AE100000429A60ECE71B692046D9F80422C3F38C
:10AE20001203D31AC9F81432D9F808321344C9F8F6
:10AE30000832FEF721FABBF1000F7FF459AED4F8C7
:10AE40001032002B7FF454AE04F57172012120689A
:10AE500003F090FD4CE600BF0A31544F0A30544FC6
:10AE600090F8BC23012A0ED0012210B504460068D8
:10AE700084F8381084F8BC2303F0FAFC0023184649
:10AE800084F8BC3310BD0220704700BF10B501F03C
:10AE90000F0E0906044627D44FF01C0C0CFB0E0CB9
:10AEA0000CF5FE71CEEBCE0C00EB8C0C00208CF878
:10AEB000FD018A604A7881F800E0CB700AB1A1F800
:10AEC00006E0022B01D100230B7194F8BC33012B57
:10AED00018D00123206884F8BC3303F029FA00233A
:10AEE000184684F8BC3310BD1C204FF0010C00FB49
:10AEF0000E4000F13C01CEEBCE0004EB800080F868
:10AF00003DC0D6E7022010BD10B501F00F041C2192
:10AF1000C4EBC40C01FB040100EB8C0C01F5FE71C9
:10AF2000CCF810320023CCF808228CF8FC41CCF885
:10AF300014328CF8FD3103690068012B08BFCCF88E
:10AF40000C22DAB21CB903F053FB002010BD03F051
:10AF500037FA002010BD00BF10B501F00F041C210E
:10AF6000C4EBC40C01FB040100EB8C0C3C31CCF8AD
:10AF700050300023CCF84820CCF8543001238CF812
:10AF80003C408CF83D3003690068012B08BFCCF8C9
:10AF90004C20DAB21CB903F02BFB002010BD03F0EB
:10AFA0000FFA002010BD00BF38B5436801F00F054F
:10AFB0009D4234D80B0604461DD41C22C1EBC103AC
:10AFC00002FB010100EB8303002201F5FE7183F80F
:10AFD000FD2101230D708B7094F8BC239A421CD084
:10AFE000206884F8BC3303F0E3FBD5B10023184696
:10AFF00084F8BC3338BD1C21C5EBC503012201FB1D
:10B00000050100EB83033C3183F83D2001230D70E3
:10B010008B7094F8BC239A42E2D1022038BD012003
:10B0200038BD04F57172217C206803F0A3FCDDE7D4
:10B03000426838B501F00F03934232D811F0800F07
:10B0400004464FF01C01C3EBC30219D101FB0341BD
:10B05000002004EB8202002501F5FE7182F8FD015B
:10B060000B708D7094F8BC33012B18D0012320682D
:10B0700084F8BC3303F0D0FB284684F8BC5338BDB9
:10B0800001FB0341012004EB820200253C3182F8E0
:10B090003D000B708D7094F8BC33012BE6D102207B
:10B0A00038BD012038BD00BF704700BF38B5114B17
:10B0B000DA68520704D4DB6803F00703834214D133
:10B0C0000C4CE36823F007031843E060F6F70AF935
:10B0D000054605E0F6F706F9401BB0F57A7F06D87D
:10B0E00063689B04F6D5002038BD012038BD0320DD
:10B0F00038BD00BF00480258024AD36843F080734D
:10B10000D36070470048025870B44D6A15B1B2F16F
:10B11000406F3AD18B691BB30C6A002C4CD08E68FF
:10B120000068C661CE69002E69D02B4313432343C8
:10B13000CC6A334323430C6B23434C6B23430C698E
:10B140002343CC6823430C6823434C69B2F1406F1E
:10B1500043EA8443436165D04B6870BC83617047A8
:10B160000B6ABBB100682B438C68CE69C461002EAA
:10B170006BD01343CC6A334323430C6B23434C6B98
:10B1800023430C692343CC68DEE78B6A0468013BE8
:10B190002361BFE7CB69002B66D1002D42D0CB6A7B
:10B1A0000C6B2B43006813434A6923434C6B2343C6
:10B1B00043EA8243436135E0CC6945EA030C002C45
:10B1C00032D003684CEA0200B2F1406F40EA04005A
:10B1D000CC6A40EA04000C6B40EA04004C6B40EA85
:10B1E0000400CC6840EA04000C6840EA04004C69A2
:10B1F00040EA8440586115D04A689A6112E045EAF5
:10B20000030C0D694CEA0203CA6A23431343D1E9D4
:10B210000C4223430C6813434A692B43234343EAFC
:10B220008243436170BC7047CC6A4CEA02030068F9
:10B230002343D1E90C4223430C6813434A69234357
:10B2400043EA824370BC43617047CC6A1343234393
:10B25000D1E90C4223431343D1E90442234343EA97
:10B26000824370BC436170472B43CD6A0C6B134320
:10B2700000682B4323434C6B84E700BF70B5044642
:10B28000F6F730F8002C54D094F84030012B52D00F
:10B290000123064684F8403094F8413003F0FF0261
:10B2A000002B34D0A56C2268A1681368013923F4FF
:10B2B000706343EA0123136001E06B1C31D1936892
:10B2C00013F02003F9D1E069E16815680143206AB1
:10B2D0000143606841EA00611C48284001436069FD
:10B2E0001160A16955680143206941EA004118488D
:10B2F0002840012501431846516011682943116017
:10B30000636484F84150002384F8403070BD2046C7
:10B3100084F84020FCF7B8F841F288331D46A36456
:10B32000C1E7F5F7DFFF801BA84206D82DB12268E0
:10B33000C5E7012070BD022070BD0423012084F800
:10B340004130636C03436364DDE700BF2FFFFF0000
:10B35000FEF8E0FFC8B110B590F840300446012B6C
:10B3600011D00268012380F84030136823F00103F4
:10B370001360FCF717F900236364184684F8413022
:10B3800084F8403010BD022010BD0120704700BF7E
:10B390002DE9F04104460E461546F5F7A3FF94F853
:10B3A0004030012B3AD0012384F8403094F84130EA
:10B3B000012BDFB206D002270023384684F8403044
:10B3C000BDE8F081002380466364022384F84130A5
:10B3D000681C23680ED19A6812F02002FBD1314616
:10B3E0002046FFF791FE736AE3B10123002784F83A
:10B3F0004130E1E79A6812F020021ED0F5F772FFA3
:10B40000A0EB0800854201D3002DE1D1042384F88C
:10B410004130636C43F001036364CDE70227384693
:10B42000BDE8F081226893689B07FCD502210123C7
:10B430000027D16084F84130BEE731462046FFF74F
:10B4400063FE736A43B1D0E7F5F74CFFA0EB080049
:10B450008542DBD3002DD9D0226893689907F3D5B4
:10B46000E4E700BF2DE9F843044689461546F5F7A1
:10B4700039FF94F840302768012B67D0012384F806
:10B48000403094F84130012B5FFA83F807D04FF039
:10B4900002080023404684F84030BDE8F8830023CA
:10B4A0006364B9F1000F56D01223064684F8413088
:10B4B0003B690133E3623B69C4F824900133A36222
:10B4C0007B6923F040637B61E36A002B31D06A1C07
:10B4D000394611D18B685B07FCD5636A1B7887F806
:10B4E0002030E26A636A013A0133E262E26A63622F
:10B4F000F2B16A1C2168EDD08B685807EDD4F5F7DE
:10B50000F1FE801B854201D3002DF2D1042384F883
:10B510004130636C43F00103636413E0BB689B0735
:10B520000CD4F5F7DFFE801B8542EFD3002DEDD064
:10B530002768691CF2D1BB689A07FCD502234FF03B
:10B540000008FB60012384F84130A2E74FF00208B5
:10B550004046BDE8F883636C43F00803636498E7F2
:10B560002DE9F843044615468946F5F7BBFE2768E2
:10B57000BA6994F84030012B6CD0012384F8403034
:10B5800094F84130012B5FFA83F807D04FF002089E
:10B590000023404684F84030BDE8F883002363640C
:10B5A000B9F1000F5BD02223064684F841303B6995
:10B5B0000133A3633B69C4F83090013363637B6953
:10B5C00023F0406343F080637B61BA61A36B002B7F
:10B5D00033D0681C394612D18B6813F0060FFBD0AC
:10B5E00097F82020236B1A70A26B236B013A01336A
:10B5F000A263A26B2363FAB1681C2168ECD08B684C
:10B6000013F0060FECD1F5F76DFE801B854201D3D8
:10B61000002DF1D1042384F84130636C43F0010321
:10B62000636413E0BB689B070CD4F5F75BFE801BDB
:10B630008542EFD3002DEDD02768691CF2D1BB689D
:10B640009A07FCD502234FF00008FB60012384F821
:10B6500041309DE74FF002084046BDE8F883636C37
:10B6600043F00803636493E72DE9F84F04461F464F
:10B6700089469046F5F736FE94F84030012B52D0BB
:10B68000012384F8403094F84130012B5FFA83FBAA
:10B6900007D04FF0020B0023584684F84030BDE835
:10B6A000F88F002382466364422384F841307A1C79
:10B6B00026682CD1B568AB06FCD4D8F800304946D2
:10B6C0002046B362D8F804307362D8F80830F362C9
:10B6D0003268D8F8103022F440021343D8F80C2016
:10B6E00043F480033360C9F828204FF00062FFF76D
:10B6F0000BFD781C22681BD193681907FCD5082123
:10B7000001234FF0000BD16084F84130C3E7B368E8
:10B710009D06D2D5F5F7E6FDA0EB0A00874212D3CD
:10B72000002FC4D10FE04FF0020B5846BDE8F88F50
:10B7300093681B07E3D4F5F7D5FDA0EB0A00874219
:10B7400001D3002FD5D1042384F84130636C43F03A
:10B75000010363649FE700BF2DE9F04704460F46ED
:10B760001646F5F7BFFD94F84030012B45D0012374
:10B7700084F8403094F84130012B5FFA83F907D008
:10B780004FF002090023484684F84030BDE8F087B6
:10B7900000238046D4F848A06364822384F84130B3
:10B7A000BAF1FF3F256814D1AB689A06FCD42B6828
:10B7B000726823F00803082A43EA02032B6021D0B1
:10B7C0004FF04062394620464FF00009FFF79CFCDD
:10B7D000D8E7AB689B06EAD5F5F784FDA0EB080037
:10B7E000824502D3BAF1000FDAD1042384F8413044
:10B7F000636C43F001036364C4E74FF002094846F9
:10B80000BDE8F087326810232A63EB602B6843F4AD
:10B8100080132B60D4E700BF704700BF08B5006CF1
:10B8200000238363C36290F84130082B0BD1036877
:10B830000222DA601A6842F400321A601A6842F092
:10B8400002021A6008BD012380F84130FFF7E4FFCF
:10B8500008BD00BF704700BF704700BF704700BF02
:10B86000704700BF704700BF704700BF704700BF00
:10B8700038B5036804469A68196855070ED5480319
:10B880000CD594F84120122A75D094F84120222A30
:10B8900000F0A1802046FFF7E5FF38BD950726D5CB
:10B8A000880324D50222DA601A6822F4E0221A60A2
:10B8B00094F84120122A7AD094F84120222A00F0EC
:10B8C000A98094F84120022A00F0D08094F8412009
:10B8D000082AE2D15A690121204622F040625A61C9
:10B8E00084F84110636C3BBBFFF7B4FF38BD15070C
:10B8F00025D4D50735D5C80333D50125DD601A68B1
:10B9000022F470221A60626C42F0020262641A68C9
:10B91000520779D51A68E06B22F004021A60574B7F
:10B92000836504F0FFFE0028B7D0636C204643F027
:10B930000403636484F84150FFF76EFF38BD0803C9
:10B94000D7D50822DA601A68520206D51A68012192
:10B9500022F410221A6084F841102046FFF784FF79
:10B9600038BDD00699D5CA0297D510222046DA6094
:10B97000FFF77CFF38BD9A6850078BD518460EE05C
:10B98000626A127883F82020E16A20680139626ACD
:10B99000E1620132816862624D077FF57BAFE26A46
:10B9A000002AEDD1036823F48023036072E71A684C
:10B9B000510709D51A68E16B22F0040209681A6080
:10B9C000CB6823F00103CB600123204684F841308B
:10B9D000FFF746FF38BD9A6852077FF55BAF184600
:10B9E0000EE093F82010226B1170A16B20680139D2
:10B9F000226BA16301328168226349077FF54AAF58
:10BA0000A26B002AEDD1CDE7204684F84150FFF724
:10BA100003FF38BD1A6852071DD49A6812F47C5F80
:10BA20000FD111E093F82010226B1170A16B2068E8
:10BA30000139226BA16301328168226311F47C5FBA
:10BA400002D0A26B002AEDD10123204684F84130B8
:10BA5000FFF704FF38BD1A68E16B22F004020968A1
:10BA60001A60CB6823F00103CB60EDE70123204689
:10BA700084F84130FFF7F0FE38BD00BF1DB8000864
:10BA8000F8B501680546AC4B99421FD02033994266
:10BA90001CD003F57873994258D02033994255D081
:10BAA00003F57873994200F01E812033994200F02B
:10BAB0001A8195F89130A14E03F0FF026BB9284628
:10BAC00085F89020FBF756FE296806E09C4E95F815
:10BAD000913003F0FF02002BF1D09A4B9A4A1B6879
:10BAE000A2FB03230A681B0B22F480329B000A602E
:10BAF00023B30C68013B14F48034F9D1022385F898
:10BB00009130EB68012B00F01081022B15BF032050
:10BB100023200227222715BF4FF0010C4FF0210CE4
:10BB200000222022AB68013B042B00F24B81DFE8AE
:10BB300013F0CF001000D6000F00D200D5F89430DB
:10BB4000012043F04003C5F89430F8BD7F4EBEE7B6
:10BB50003A464FF400672B6A3260002B44D0764B94
:10BB6000994200F01E817A48081AB0FA80F0400924
:10BB7000002840F01681774B994200F00C81203369
:10BB8000994200F00881744B994200F0FE80203306
:10BB9000994200F0FA80714B994200F00881704B95
:10BBA000994200F00A81AB6900EB8000B3F5002FE9
:10BBB0004FEA400300F0E280AA6A296AB2F1806F7E
:10BBC0000CBF0222012201FB02F21202B3FBF2F3CC
:10BBD000644AA2FB0312D20802EB8201A3EB4103E9
:10BBE000092B08BF01326A626B6833F002032B6DC8
:10BBF00040F09680012B14BF4FF400740024F5F739
:10BC000089FB696CB0F5005FD5E9003242EA0102B8
:10BC1000A96C42EA0102E96C42EA0102E96A42EADD
:10BC20000102696942EA010272D3A96918680A43EC
:10BC3000A96A0A434C490140196029690A431968F5
:10BC40000A43696A42EA015248493A4322431A6068
:10BC50005A68286B1140EA690243686B59600243D5
:10BC600059680A4342495A609A6811406A6E99605D
:10BC7000E96D98680A43296E0A43696D01390A43E0
:10BC8000A96D013942EA012202434FF220009A6075
:10BC9000D968AA6E0140D960E96ED8680A43696F15
:10BCA00042EA0142296F013942EA01222249024354
:10BCB0008B42DA6019D0294A934216D00023012220
:10BCC000C5F89430184685F8903085F89120F8BD75
:10BCD0004FF480673FE702464FF400673BE7624658
:10BCE0004FF4006737E7234EF1E6736C23F001034E
:10BCF000736495F83830012BE0D1D5E90F23013A70
:10BD000043EA02137364736C43F001037364D5E771
:10BD1000A96918680A43184901401960A96A8DE7A2
:10BD2000012B08BF4FF4007469E7132012274FF06E
:10BD3000110C1022F6E600BF0458014000540058D0
:10BD400000580140440200241BECCB95005C0140EC
:10BD500024580140045C0140046001400454005830
:10BD600024540058CDCCCCCC10C005F0F01FFFFF00
:10BD70000080F8FF0060014010C005F82A6A696D74
:10BD800001FB02F2B3FBF2F322E74FF40070F8F785
:10BD900049FE2968FFE64FF40070F8F743FE296872
:10BDA000F1E64FF48070F8F73DFE2968E3E64FF4C2
:10BDB0008060F8F737FE2968F1E64FF40060F8F785
:10BDC00031FEF0E60027C6E6022938B5044635D92B
:10BDD000C81E012830D8002023676064E064E06555
:10BDE000A0664FF6FF706067606830F002000CBF1D
:10BDF0000125002504294FF4003125650CBF0120E1
:10BE00000D2021664FF48021A0656166032A13D8B6
:10BE1000DFE802F0474E54362368484A934205D083
:10BE200002F1C052A2F58232934205D16368012B20
:10BE300002D1636C002B2FD0012038BD0020236776
:10BE40006064E064A066606830F0020014BF012006
:10BE5000002020654FF48030E0654FF6FF7060678A
:10BE600013F00100E8D14D1E012D29D860664FF472
:10BE700000302066032ADFD8DFE802F05546362C72
:10BE8000E0215B018022A1646365E266F5F742FA76
:10BE900094F83830012BBFD02046BDE83840FFF77A
:10BEA000EFBD80211B014022A1646365E266EDE7DE
:10BEB00080225B01A2646365E266E7E7C021E0E7F8
:10BEC00020664FF480206066032AB5D8DFE802F0D0
:10BED0002B1C0C025B08E02080219A01A0645B010E
:10BEE000E166C4E91523D1E75B08C0228025022959
:10BEF0004FEA8310A2644FEA4313E5666065A365C9
:10BF0000C4D10823A366C1E75B08802202294FEA57
:10BF10008310A2644FEA4313E266C4E91503B5D166
:10BF20001023A366B2E75B08802040215A01A06479
:10BF30001B01E166C4E91523A8E700BF04580140CE
:10BF40002DE9F8430F4604461546F5F7CBF9002FC7
:10BF500061D0B5FA85F84FEA5818002D5BD094F8F7
:10BF60009130012B5FFA83F950D194F89030012B76
:10BF70004CD04346C4F894800646D4F8800065F35C
:10BF80000F03226884F89090394665F31F43A76732
:10BF90001C32E3672B46122584F891502E4DC0F8D1
:10BFA000508005642D4DC5632D4DC564F6F71AFB11
:10BFB00000283ED1636C082B636831D005216122D3
:10BFC000023B012B98BF1146226813690B43136192
:10BFD000136843F40033136006E0F5F783F9831B1D
:10BFE000B3F57A7F2AD82268556915F4E025F4D094
:10BFF0001368DB0303D4136843F480331360002316
:10C00000994684F890304846BDE8F8834FF002091D
:10C010004846BDE8F8834FF001094846BDE8F8837B
:10C0200023F00202012A0BBF152105217122612292
:10C03000C6E7484684F89080BDE8F883D4F8943089
:10C040004FF0030984F8905043F040034846C4F889
:10C050009430BDE8F88300BFA1C1000839C10008D1
:10C0600021C20008F8B500294ED0B2FA82F5134675
:10C070006D09002A48D090F891200446012AD6B2D2
:10C080003FD190F89020012A3BD081670A4629468B
:10C09000222780F8906063F30F01C0F8945063F397
:10C0A0001F41C167D0F8840084F891701E4F216849
:10C0B00007641E4F1C310565C7631D4FC764F6F743
:10C0C00091FA20BB23681A68D20303D41A6842F499
:10C0D00080321A60626C082A62681CD005216120D7
:10C0E000023A012A98BF01461A6900200A4306460F
:10C0F0001A611A6842F400321A6084F890003046DF
:10C10000F8BD02263046F8BD01263046F8BD30465F
:10C1100084F89050F8BD22F0020101290BBF1521CF
:10C12000052171206120DBE711C20008ADC10008C4
:10C1300021C20008704700BF08B5C369806BB3F522
:10C14000807F1BD003684FF0000C416C1A680829EF
:10C15000A0F87EC022F400321A60426811D06FF05D
:10C16000610C6FF00501023A012A98BF61461A6915
:10C170004FF0010C0A401A6180F891C0FFF7DAFF16
:10C1800008BD22F0020101290BBF6FF0710C6FF0A6
:10C19000610C6FF015016FF00501E4E7704700BF17
:10C1A000806B08B5FFF7FAFF08BD00BF08B5C3698B
:10C1B000806BB3F5807F1BD003684FF0000C416C9F
:10C1C0001A68082922F400321A604268A0F87EC07A
:10C1D00011D06FF0610C6FF00501023A012A98BF8F
:10C1E00061461A694FF0010C0A401A6180F891C04B
:10C1F000FBF7C6FB08BD22F0020101290BBF6FF05F
:10C20000710C6FF0610C6FF015016FF00501E4E740
:10C21000806B08B5FBF778FB08BD00BF704700BF17
:10C2200010B5846BF6F7E8FE022823D0D4F89420EA
:10C23000216842F08002134B1348C4F894201B6815
:10C240000A68A0FB030322F400321B0B0A600A6891
:10C250009B0022F480320A606BB10A68013BD20372
:10C26000FAD401220023204684F89120A4F87E30DD
:10C27000FFF7D4FF10BDD4F8943043F04003C4F866
:10C280009430EEE7440200241BECCB9518B338B58C
:10C2900090F82C3004460D4603F0FF02B3B121465E
:10C2A000022384F82C3051F8040B01F0E7FE626899
:10C2B0002946206801F020FF084A01210020136868
:10C2C00043F00043136084F82C1038BD80F82D2013
:10C2D000F8F7B6FFE3E70120704700BF00400052C7
:10C2E00070B590F82C300446022BD8B204D000F080
:10C2F000FB06012E01D0012070BD02230D462068EF
:10C3000084F82C3001F044FF2B68022B03D000206E
:10C3100084F82C6070BD0523002084F82C3070BD9B
:10C3200038B590F82C300446022BD8B205D094F8DA
:10C330002C30012BDDB201D0012038BD0223206852
:10C3400084F82C3001F038FF002084F82C5038BDE0
:10C350002DE9F8431E46D0F88030202B71D1894654
:10C36000002947D0B2FA82F714467F09002A41D04B
:10C3700090F87C300546012B63D00123C0F888700B
:10C3800080F87C302123C0F88030F4F7ABFFAB6835
:10C390008046A5F85440B3F5805FA5F8564060D0BC
:10C3A000B5F856309BB2002B59D02C68721C24D1A2
:10C3B000E2691306FCD5B9F1000F3DD019F8013B35
:10C3C000A362B5F85630013B9BB2A5F85630B5F8DC
:10C3D00056309BB2002BE9D1711C35D1E3695A0666
:10C3E000FCD5002320221846C5F8802085F87C3033
:10C3F000BDE8F8830120BDE8F883E3691806DAD4C4
:10C40000F4F770FFA0EB0800864201D3002ECCD1D8
:10C410002B682021002403201A6822F4D0721A60AD
:10C420009A6822F001029A60C5F8801085F87C4075
:10C43000C5F88410BDE8F88337F8023BC3F308035E
:10C44000BEE70220BDE8F883E3695B06C9D4F4F7D0
:10C4500049FFA0EB08008642DAD3002ED8D02C6822
:10C46000BAE72B69002B9BD14F46994698E700BF4E
:10C47000F8B5D0F88070202F44D1002940D0B2FA0E
:10C4800082F67609002A3BD0044690F87C00012809
:10C4900038D001252123606FA4F856202165C4F807
:10C4A0008860A4F8542084F87C50C4F88030D8B157
:10C4B000DFF854C013462268C0F83CC0DFF84CC017
:10C4C00028320665C0F840C0DFF844C0C0F84CC050
:10C4D000F6F788F840B11023284684F87C60C4F849
:10C4E0008830C4F88070F8BD2368002240211046CF
:10C4F000196284F87C209A6842F080029A60F8BD44
:10C500000120F8BD0220F8BDC1C50008F1C5000832
:10C5100041C60008F8B5D0F88470202F48D1002912
:10C5200044D0B2FA82F67609002A3FD090F87C30E7
:10C530000446012B3CD001252223C0F88860816588
:10C54000A0F85C2080F87C50C0F88430806FE0B1A7
:10C55000DFF860C013460A462168C0F83CC0DFF827
:10C5600058C024310665C0F840C0DFF850C0C0F89C
:10C570004CC0F6F737F840B11023284684F87C60A9
:10C58000C4F88830C4F88070F8BD2368002084F8AF
:10C590007C001A6842F480721A609A6842F00102C4
:10C5A0009A609A6842F040029A60F8BD0120F8BD96
:10C5B0000220F8BDFDC5000835C6000841C60008C8
:10C5C00008B5C369806BB3F5807F0CD00368002287
:10C5D000A0F856209A6822F080029A601A6842F009
:10C5E00040021A6008BDFCF7EDF808BD704700BFB7
:10C5F000806B08B5FFF7FAFF08BD00BF08B5C36937
:10C60000806BB3F5807F12D0036800222021A0F850
:10C610005E201A6822F480721A609A6822F0010281
:10C620009A609A6822F040029A60C0F88410FCF781
:10C63000CDF808BD806B08B5FCF712F908BD00BF46
:10C64000806B38B50368D0F88040D0F884109A68C1
:10C65000150601D5212C1DD09A68520601D5222934
:10C6600008D0D0F8883043F01003C0F88830FCF7C9
:10C670003FF938BD00240F4A2025A0F85E40196814
:10C6800021F49071196099680A409A60C0F884504A
:10C69000C466E6E700222024A0F856201A6822F09B
:10C6A000C0021A609A6822F400029A60C0F88040C2
:10C6B000D2E700BFFEFFFFEF0268D36970B51E0727
:10C6C00015680446916800F084806C4805F4907CFD
:10C6D00008405CEA00061DD1D80202D54E0200F1E6
:10C6E0009D80180606D501F4000105F08000014385
:10C6F00040F08C805E0602D5680600F19B8019022E
:10C7000002D56A0000F1A380DB0102D5002DC0F242
:10C71000AA8070BDDE0709D5EE0507D50126166291
:10C72000D4F8886046F00106C4F888609E0760D59A
:10C73000CE0709D502261662D4F8886046F00406B2
:10C74000C4F888605E0758D41E070CD505F0200C8D
:10C750005CEA000007D008201062D4F8880040F09E
:10C760000800C4F88800D4F888000028D1D09E06BC
:10C7700006D505F0200501F0805155EA01036BD183
:10C78000D4F88850936805F0080503F040031D4372
:10C790006ED0116820203A4B21F49071116091689D
:10C7A0000B4000219360C4F884009368E1665D0645
:10C7B0003CD59368A06F23F040039360002835D0E8
:10C7C000304B0365F6F72EF80028A2D0A06F036D5A
:10C7D0000CE09E0680D505F0200C01F0805E5CEA3E
:10C7E0000E063FF479AFC36E002B92D0BDE87040C7
:10C7F00018475E07A8D5CE07A6D504261662D4F83A
:10C80000886046F00206C4F888609DE7236F002B1D
:10C810003FF47FAF2046BDE8704018474FF48013C7
:10C8200020461362BDE8704001F068BB2046FCF76B
:10C830005FF870BD13682020002123F040031360CF
:10C84000C4F8800020462167FBF7BCFF70BD20467E
:10C85000BDE8704001F056BBE36E002B90D020463F
:10C86000984722688CE72046BDE8704001F048BB3D
:10C870002046FCF73DF8C4F8885070BD0100001058
:10C88000FEFFFFEF89C8000808B5806B0023A0F801
:10C890005E30A0F85630FCF72BF808BDD0F88020A9
:10C8A000D0F8840010437047F0B58268044687B022
:10C8B0002368D0E904101D680A43616E0243E069F1
:10C8C00002430A43A8492940A84D0A43E168AB4204
:10C8D0001A605A6822F4405242EA0102A1695A6081
:10C8E00000F09D80226A9D681143A14A666A2A4031
:10C8F00011439960DA6A22F00F023243DA629D4AEC
:10C90000934224D09C4A934255D09C4A934200F0D3
:10C910002F829B4A934200F09B829A4A934200F0F6
:10C92000E980994A934200F09D82984A934200F030
:10C93000D885974A934200F0D682012500234FF014
:10C94000011228462367C4E91A2307B0F0BD914BB2
:10C950005B6D03F03803282BEFD88F4AD55CB0F518
:10C96000004F33D0202D00F2D981202D00F2B68067
:10C97000DFE815F0A8017B01B400B4007201B40037
:10C98000B400B4004901B400B400B400B400B40071
:10C99000B400B4001C01B400B400B400B400B4008E
:10C9A000B400B400B400B400B400B400B400B400E7
:10C9B000B400B400CA00774B5B6D03F00703052B8E
:10C9C000BBD8764AB0F5004FD55CCBD1202D00F214
:10C9D0001482202D00F20082DFE815F08A0358044B
:10C9E000FE01FE012804FE01FE01FE018604FE0197
:10C9F000FE01FE01FE01FE01FE01FE01F203FE0149
:10CA0000FE01FE01FE01FE01FE01FE01FE01FE012E
:10CA1000FE01FE01FE01FE01FE01FE01B703986862
:10CA2000534A02405B480A439A60DA6A616A22F01C
:10CA30000F020A43DA62836D03F00703052B3FF60A
:10CA40007CAF574AD65C202E00F29C81012E7FF6E7
:10CA500074AFB31E1E2B3FF670AF01A252F823F045
:10CA600017D000083BC90008C1CF00083BC9000827
:10CA70003BC900083BC900088BD000083BC900082F
:10CA80003BC900083BC900083BC900083BC9000876
:10CA90003BC900083BC900082BD000083BC900086F
:10CAA0003BC900083BC900083BC900083BC9000856
:10CAB0003BC900083BC900083BC900083BC9000846
:10CAC0003BC900083BC900083BC900083BC9000836
:10CAD0003BC900083BC90008A1D00008012500237C
:10CAE000A3F110014FF6EF7291423FF626AF226894
:10CAF000D36023E7274B5B6D03F00703052B3FF65D
:10CB00001CAF284AD55C2AE7002E00F0B581012E23
:10CB100000F09E85022E00F0B185032E00F0D8852E
:10CB2000042E00F0F485052E00F08486062E00F019
:10CB3000BE86072E00F0FD86082E00F05087092ED5
:10CB400000F07B870A2E00F0DC8743F60953164A73
:10CB50000B2E18BF13466268002503EB5203B3FB8C
:10CB6000F2F39BB2BCE700BFF369FFCF000C0058A3
:10CB7000FFF4FF1100100140004400400048004055
:10CB8000004C00400050004000140140007800407C
:10CB9000007C004000440258582201088422010809
:10CBA0008C2201088422010800093D00B34B1A6859
:10CBB000920640F16F811A68B14BC2F3C102D340B3
:10CBC000002EC8D0012E00F0EF81022E00F0C584A7
:10CBD000032E00F0BF84042E00F02B85052E00F0FC
:10CBE0009D86062E00F0DC86072E00F01C86082E9F
:10CBF00000F04E86092E00F08E860A2E00F0E386A5
:10CC00000B2EA8D126E003A8F7F790FD626A049BDB
:10CC1000002AA0D0012A00F0C781022A00F09D84DA
:10CC2000032A00F09784042A00F00385052A00F007
:10CC3000FD84062A00F07E85072A00F0F485082A84
:10CC400000F02686092A00F066860A2A00F0BB86D4
:10CC50000B2A80D11B0A7EE76846F7F7A9FC626AB7
:10CC6000019B002A3FF477AFD4E7F6F741FE636AF1
:10CC700003B3012B00F0F384022B00F0CE84032BCE
:10CC800000F0C884042B00F01785052B00F01185F7
:10CC9000062B00F00686072B00F04886082B00F0D4
:10CCA0009B86092B00F0E1860A2B00F03B870B2BBB
:10CCB00008BF000A6268002500EB5203B3FBF2F3E1
:10CCC0009BB20DE7F6F7F8FD636A03B3012B00F0A2
:10CCD000C984022B00F0A784032B00F0A184042B4D
:10CCE00000F0E484052B00F0DE84062B00F0E685DE
:10CCF000072B00F03686082B00F08786092B00F002
:10CD0000B1860A2B00F0FA860B2B08BF000A626876
:10CD100000EB5203B3FBF2F39BB2E1E6402D7FF44C
:10CD20000CAE002E00F0DC80012E00F09484022E68
:10CD300000F0A784032E00F0C784042E00F0EC84DA
:10CD4000052E00F07A85062E00F0B485072E00F03F
:10CD5000FE85082E00F04986092E00F08B860A2EEB
:10CD600000F029870B2E0CBF80234FF40043F2E61E
:10CD7000424B5B6D03F00703052B3FF6DEAD414AE6
:10CD8000D55CECE5402E7FF4D8AD002900F0B580ED
:10CD9000012900F06E84022900F08284032900F04A
:10CDA000AF84042900F03B85052900F06985062938
:10CDB00000F0AD85072900F0EF85082900F03686E0
:10CDC000092900F05B860A2900F0F9860B290CBFBF
:10CDD00080254FF4004592E001250023A3F11001C6
:10CDE0004FF6EF7291423FF6A8AD23F00F02C3F366
:10CDF000420313432268D360A0E5402D7FF49DAD2C
:10CE0000002E00F0D380012E00F0D280022E00F020
:10CE10006D84032E00F0F484042E00F02585052E89
:10CE200000F06885062E00F0C285072E00F01086FF
:10CE3000082E00F04886092E00F059860A2E00F0D0
:10CE4000EC860B2E0CBF4FF480704FF48030AFE0B7
:10CE50000A4B5B6D03F00703052B3FF66EAD0A4AE4
:10CE6000D55C7CE5054B5B6D03F03803282B3FF662
:10CE700064AD064AD55C72E5054B6CE60044025889
:10CE80000090D0038422010884220108582201085E
:10CE900000093D00002E00F0BA83012E00F0FD8352
:10CEA000022E00F02A84032E00F0B684042E00F037
:10CEB000E484052E00F02885062E00F08785072ED5
:10CEC000DAD0082E00F0C483092E00F0D7830A2E92
:10CED00000F01D84B44BB54A0B2E18BF13463AE63A
:10CEE0004FF4004337E6B24B5B6D03F00703052BAD
:10CEF0003FF623ADAF4AD55C31E54FF40045676896
:10CF000007EB4703AB423FF618ADB5EB073F3FF6E3
:10CF100014AD202E00F2F082012E7FF60EAD023EFF
:10CF20001E2E3FF60AAD01A353F826F069D400087F
:10CF30003BC900083FD400083BC900083BC90008B2
:10CF40003BC90008DDD300083BC900083BC9000805
:10CF50003BC900083BC900083BC900083BC90008A1
:10CF60003BC9000871D300083BC900083BC9000851
:10CF70003BC900083BC900083BC900083BC9000881
:10CF80003BC900083BC900083BC900083BC9000871
:10CF90003BC900083BC900083BC900083BC9000861
:10CFA0003BC90008F9D200085B08D4E54FF4803093
:10CFB0006268002500EB5203B3FBF2F39BB20DE76E
:10CFC0006846F7F7F5FA636A019D03B3012B00F099
:10CFD000CF82022B00F0C782032B00F0C182042B0A
:10CFE00000F02F83052B00F02983062B00F0988397
:10CFF000072B00F02684082B00F04D84092B00F04D
:10D000009B840A2B00F0FB840B2B00F06582002D23
:10D010003FF494AC73E7F7F7B9FA636A0546002B5F
:10D02000D4D1002D3FF48AAC69E7614B1A689506AC
:10D0300040F1A5821B685D4DC3F3C103DD400029AB
:10D040003FF45DAF012900F04D83022900F04683D3
:10D05000032900F04083042900F04584052900F0ED
:10D060008384062900F0D484072900F0208508294C
:10D0700000F04F85092900F0F9850A2900F0FD85A7
:10D080000B297FF43CAF2D0A39E703A8F7F74EFBD5
:10D09000636A049D002B99D1002D3FF44FAC2EE71D
:10D0A000002900F06A82012900F0DF82022900F0E5
:10D0B000F282032900F02883042900F0AA830529BD
:10D0C00000F0D883062900F02E84072900F061843F
:10D0D000082900F0AF84092900F0EF840A2900F044
:10D0E000148543F60955344B0B2918BF1D4606E736
:10D0F000F6F7E2FB636A03B3012B00F0CA82022B4E
:10D1000000F0F782032B00F07F83042B00F0B08344
:10D11000052B00F0EB83062B00F05084072B00F06A
:10D120009E84082B00F0B984092B00F0E4840A2BBC
:10D1300000F070850B2B08BF000A61684A0802EBFB
:10D140004003B3FBF1F39BB248E6002E00F03A82B5
:10D15000012E00F09A82022E00F0C682032E00F00B
:10D160004D83042E00F07E83052E00F0BA83062E38
:10D1700000F02184072E00F06F84082E00F08284D6
:10D18000092E00F0CC840A2E00F06C8547F612239D
:10D190000A4A0B2E18BF13466268002503EB5203A0
:10D1A000B3FBF2F39BB219E690D003000090D003DA
:10D1B000004402588422010800093D0000127A0050
:10D1C000A44B1A68910640F1FF811A68A24BC2F382
:10D1D000C10223FA02F206B3012E00F0B182022E40
:10D1E00000F03783032E00F06F83042E00F0C68317
:10D1F000052E00F00084062E00F06F84072E00F04C
:10D200007184082E00F00385092E00F03C850A2E5B
:10D2100000F036850B2E08BF120A616800254B0806
:10D2200003EB4203B3FBF1F39BB2D7E56846F7F794
:10D23000BFF9626A019902B3012A00F00782022A4B
:10D2400000F01A82032A00F03A82042A00F0628277
:10D25000052A00F0EB82062A00F01683072A00F068
:10D260007483082A00F0A183092A00F001840A2AA5
:10D2700000F05B840B2A08BF090A62680025530886
:10D2800003EB4103B3FBF2F39BB2A7E5F6F730FBE8
:10D29000636A03B3012B00F0FA81022B00F02B82AA
:10D2A000032B00F08382042B00F0DA82052B00F0C0
:10D2B0002583062B00F06983072B00F0C283082B1F
:10D2C00000F0EE83092B00F07E840A2B00F08D84A1
:10D2D0000B2B08BF000A616800254A0802EB4003D7
:10D2E000B3FBF1F39BB279E503A8F7F71FFA626A83
:10D2F0000499002AC1D09FE7616A002900F0548296
:10D30000012900F01F83022900F08B83032900F01C
:10D31000BF83042900F00084052900F0AA840629AF
:10D3200000F08E84072900F08784082900F0E58446
:10D33000092900F0DE840A2900F0A8844748484BF8
:10D340000B2918BF184600217B083A4618184FF0E1
:10D35000000341F10001F3F71BF8A0F54073414AC7
:10D3600093423FF6EAAA23680025D860FFF7E6BAA1
:10D37000384A116811F0200100F0E781136800219C
:10D380003548C3F3C103D840636A0BB3012B00F0E7
:10D390004B83022B00F07F83032B00F00584042BCA
:10D3A00000F05D84052B00F02C84062B00F0A9848E
:10D3B000072B00F0B484082B00F0AD84092B00F09B
:10D3C00094840A2B00F08D840B2B01D1000A0021DC
:10D3D0000902030241EA10617808B6E703A8F7F7EB
:10D3E000A5F90498636A002102460BB3012B00F0F3
:10D3F0003582022B00F08682032B00F0C182042BC1
:10D4000000F02183052B00F04D83062B00F0908364
:10D41000072B00F02184082B00F00B84092B00F06F
:10D4200004840A2B00F052840B2B01D1100A002136
:10D4300062680902030241EA1061500886E7684603
:10D44000F7F7B6F80198636A00210246002BEFD087
:10D45000CCE700BF004402580090D00300093D0013
:10D460000000093DFFFC0F00F7F790F8626A002109
:10D4700003460AB3012A00F06E82022A00F0B98244
:10D48000032A00F02483042A00F09383052A00F085
:10D49000A683062A00F0DA83072A00F0D583082A3B
:10D4A00000F01C84092A00F015840A2A00F02F8459
:10D4B0000B2A01D1030A002162680902180241EA1D
:10D4C00013615308C0184FF0000341F10001F2F757
:10D4D0005FFFA0F5407342E72D0A002D3FF42EAA0E
:10D4E0000DE5B54B5B6D03F00703052B3FF625AA51
:10D4F000B24AD55CFFF733BA402E7FF41EAA616AA8
:10D50000002900F04E81012900F02782022900F055
:10D510008482032900F0CE82042900F05783052974
:10D5200000F05983062900F06883072900F0608322
:10D53000082900F0B783092900F0AF830A2900F019
:10D54000C0830B294FF000010CBF4FF400404FF493
:10D550000000F9E69A4AA2FB03239B08FFF7FBBAF7
:10D56000974BA3FB0535AD08002D3FF4E7A9C6E4B2
:10D570006D08002D3FF4E2A9C1E4924DBFE40029FB
:10D580005AD0012900F0AC80022900F0DB80032989
:10D5900000F06181042900F0A181052900F0EB81F0
:10D5A000062900F016820729E7D008295DD009294D
:10D5B00071D00A2900F02D81834D844B0B2918BFAF
:10D5C0001D469CE4824BE7E5002E50D0012E00F072
:10D5D000AF80022E00F03B81032E00F07A81042EF2
:10D5E00000F0C781052E00F0FD81062E00F04D826F
:10D5F000072EE7D0082E48D0092E75D00A2E00F04D
:10D600003181744B744A0B2E18BF1346C4E56F4B1F
:10D61000FFF7A1BA6A4BA3FB00308008FFF74ABBB3
:10D62000674BA3FB00308008FFF771BB6B4AA2FB7E
:10D630000323DB08FFF78FBA644D60E4674BA3FB5D
:10D640000535ED08002D3FF479A958E4490814E6A2
:10D65000634BFFF780BA4FF48043FFF77CBA400872
:10D66000FFF728BB4008FFF752BB5D4D47E45A4B1C
:10D6700092E54FF4804542E48908FEE5594BFFF7F7
:10D680006ABA4FF40053FFF766BA4E4B84E5400880
:10D6900021E6400851E5534D31E4534BFFF75BBAA7
:10D6A0004FF400552BE44D4BA3FB0030C008FFF7AF
:10D6B0002EBB4A4BA3FB0030C008FFF7FBBA404B20
:10D6C000A3FB01239908D8E541F25553FFF743BA6C
:10D6D000464BFFF740BA3A4BA3FB0535AD080EE4C5
:10D6E000414D0CE46D080AE43D4B55E54FF4804094
:10D6F0005EE4800821E58008EDE53D4BFFF72BBA9D
:10D7000041F25555FFF7FBBB384DFFF7F8BB314BE6
:10D71000FFF721BAC908B0E54FF48053FFF71BBAF1
:10D720000C23B5FBF3F5002D3FF408A9FFF7E7BB89
:10D73000264B31E5224AA2FB0323DB08FFF70BBA95
:10D7400052086AE52A4DFFF7DABB626A002A00F048
:10D75000C280012A00F07981022A00F0B281032AF6
:10D7600000F0C381042A00F05E82052A00F059828D
:10D77000062A00F09E82072A00F09982082A00F00B
:10D780009D82092A00F097820A2A00F083820B2AE0
:10D79000184A0E4B0EBF00210321134678083A4663
:10D7A00090E64FF40000CFE51348CDE5044BA3FB12
:10D7B000002398088FE500BF004402588422010826
:10D7C000ABAAAAAA00093D0090D003000090D003A4
:10D7D00000127A0020A107000020A107CDCCCCCCFC
:10D7E00080841E0040420F000048E8012A2C0A00F5
:10D7F0000024F400000090D00000093DCF4BCBE4A2
:10D8000042F6AA20FFF7D4BBCD4BA3FB0023980818
:10D8100093E4CC4DFFF773BBCB4BFFF79CB94FF4B0
:10D820008055FFF76CBB1B09FFF795B90A23B1FBC5
:10D83000F3F122E5C54BFFF78EB940F6CC43FFF775
:10D840008AB92D09002D3FF479A8FFF758BBC04BCA
:10D85000A2E49208E1E4BC4DFFF751BB4008E7E5C4
:10D86000C00838E5BB4B97E44FF40050FFF7A0BB6E
:10D87000C00862E4B54DFFF742BBB74BFFF76BB989
:10D8800040F6CC45FFF73BBB0C23B1FBF3F1F4E4CE
:10D890005B09FFF760B96D09002D3FF44FA8FFF752
:10D8A0002EBBA74BA3FB0030C008FFF703BAAB4B5E
:10D8B000FFF751B940F6AA23FFF74DB9A04BA3FBE0
:10D8C0000030C008FFF723BA9D4BA3FB02239A0840
:10D8D000A3E4A34B60E4A34B03215FE79E4DFFF756
:10D8E0000EBBA14B58E4ED08FFF709BB0A23B0FBC0
:10D8F000F3F022E441F69810FFF75ABB0A23B0FB7D
:10D90000F3F0E8E4800893E5984BFFF724B940F67C
:10D91000AA25FFF7F4BA9B09FFF71DB90A22B3FB4A
:10D92000F2F3FFF718B98D4DFFF7E9BA0009FFF7D9
:10D93000C1B98F4BFFF70FB9AD09002D3EF4FEAF13
:10D94000FFF7DDBA8B480021FEE4090995E44FF4A6
:10D950000063FFF700B94308AEE54FF480000021F3
:10D96000F2E40009FFF7D3B90A23B5FBF3F5FFF79B
:10D97000C6BA814B10E47D4DFFF7C1BAD2084CE422
:10D9800006220023F2F704FD52E50C23B0FBF3F06E
:10D99000A1E4774DFFF7B3BA4FF40065FFF7AFBAD4
:10D9A0000C22B3FBF2F3FFF7D6B8490965E441F264
:10D9B0005450FFF7FDBA714BFFF7EEBB0C23B0FBE1
:10D9C000F3F0FFF7BABBDB09FFF7C5B86C4BFFF705
:10D9D000C2B86B4DFFF793BA4009FFF76BB9694BBB
:10D9E000FFF7B9B8684BFFF7D7BB4FF48063FFF779
:10D9F000B2B8830860E50A23B2FBF3F20DE4ED0947
:10DA0000002D3EF49BAFFFF77ABA4009FFF77FB9CC
:10DA10000C23B5FBF3F5FFF772BA4FF400100021A9
:10DA200092E45A4800218FE44008D1E44FF4806525
:10DA3000FFF765BA534DFFF762BA4FF22443FFF781
:10DA40008AB8000947E4C008F2E4514B1146A5E644
:10DA50004FF48050FFF7ACBA3A4BFFF79DBB00097B
:10DA6000FFF76BBB8009FFF752B98009FFF722B9B6
:10DA7000890902E44FF40073FFF76DB84FF40075A5
:10DA8000FFF73DBA3A4BFFF787BB2F4BFFF784BB3D
:10DA90004048002158E480089AE44009FFF74DBB54
:10DAA000400918E40A220023F2F772FCC0E42D09B1
:10DAB000FFF725BA3848002146E44FF22445FFF726
:10DAC0001EBA364B6AE64FF40060FFF771BA0023C6
:10DAD0000622F2F75DFC0346EEE40C23B2FBF3F200
:10DAE000FFF79BBB1209FFF798BB2D4B56E64FF48F
:10DAF0008060FFF75DBA8009FFF71FBBC009FFF721
:10DB000006B947F61223FFF726B847F61225FFF7A6
:10DB1000F6B96D09FFF7F3B92248002114E4194B57
:10DB2000FFF73ABBC009FFF7C5B8C909FFF7A5BBA6
:10DB30000C220023F2F72CFC7AE400BF54581400A6
:10DB4000ABAAAAAA20A10700AAC2A200801A0600B6
:10DB50000048E80140420F0000127A001516050047
:10DB600054854501000090D000350C0000A86100EC
:10DB700090D003000080841E0024F4002A2C0A00A8
:10DB80005561510048E801000050C3000040420FB9
:10DB9000000048E8002A2C0A00551500000024F473
:10DBA00000AAC2A20020A10706220023F2F7F0FB80
:10DBB0000EE4C30880E44FF48073FEF7CCBF4FF44B
:10DBC0008075FFF79CB98009FFF785BB4FF4801083
:10DBD0000021FFF7B9BB53480021FFF7B5BB002375
:10DBE0000A22F2F7D5FB034666E4C009FFF773BBD0
:10DBF0004FF400200021FFF7A7BB4B480021FFF79F
:10DC0000A3BB0A220023F2F7C3FBFFF7E1BB5209D3
:10DC1000FFF703BBC009FFF790BA4FF40070FFF79E
:10DC2000C7B9424BBAE5424BB8E590090021FFF76E
:10DC3000FFBB4009FFF7FCBB3E480021FFF784BB58
:10DC40003D480021FFF780BB030935E400230C2287
:10DC5000F2F79EFB03462FE40009FFF7E9BBC0087B
:10DC6000FFF7B6BB4FF22443FFF796BAAD09FFF7B3
:10DC700046B932480021FFF767BBED09FFF73FB90E
:10DC8000D209FFF7CABA9209FFF7C7BA2C48002198
:10DC9000FFF75ABB2B4B002180E54FF400300021E9
:10DCA000FFF752BB4FF480200021FFF74DBB264BFE
:10DCB00074E5264B72E5264B00216FE5254B0021CC
:10DCC0006CE54FF480300021FFF73EBBD009002106
:10DCD000FFF7AEBB83090021FFF7EEBB4309FFF757
:10DCE000EBBBC0090021FFF773BB80090021FFF7E0
:10DCF0006FBB19480021FFF727BB18480021FFF729
:10DD000023BB0C220023F2F743FBFFF761BBC309DF
:10DD10000021FFF7D1BB40090021FFF759BB0009E3
:10DD2000FFF756BB00CC0C0000AA0A000000A86157
:10DD30000000127A0090D0030015160500801A0624
:10DD400000127A000020A1070000093D0055615132
:10DD50000040420F0080841E0024F4000048E801C7
:10DD6000836ADA0710B406D50168C46A4A6822F4E7
:10DD7000003222434A609C0706D50168046B4A685A
:10DD800022F4803222434A60590706D50168446B69
:10DD90004A6822F4802222434A601A0706D50168A5
:10DDA000846B4A6822F4004222434A60DC0606D5AE
:10DDB0000168C46B8A6822F4805222438A60990603
:10DDC00006D50168046C8A6822F4005222438A60F6
:10DDD0005A060AD50168446C4A68B4F5801F22F4DB
:10DDE000801242EA04024A600BD01B0606D5026884
:10DDF000C16C536823F400230B4353605DF8044B5C
:10DE000070474A68846C22F4C00222434A60ECE7FF
:10DE1000002370B50446C0F88830F3F763FA05466E
:10DE200023681A6811070CD41A68520725D42022D7
:10DE30000023C4F880201846C4F8842084F87C307D
:10DE400070BDDE6916F40016EED1F3F74BFA431BF2
:10DE5000B3F1007F2368F4D31A682021032022F451
:10DE6000D0721A609A6822F001029A60C4F8801099
:10DE700084F87C60C4F8841070BDDE6916F48006F6
:10DE8000D5D1F3F72FFA431BB3F1007F2368F4D306
:10DE9000E2E700BF80B3D0F8803010B5044633B35A
:10DEA000226824232046C4F88030136823F001033D
:10DEB0001360FEF7F9FC012817D0A36A8BB9236819
:10DEC00020465A6822F490425A609A6822F02A0248
:10DED0009A601A6842F00102BDE810401A60FFF72C
:10DEE00097BF2046FFF73CFFE9E7012010BD80F80F
:10DEF0007C30FAF7BBF9D3E701207047704700BFC9
:10DF0000704700BF704700BF90F87C20012A17D0EF
:10DF1000026803462420002130B4C3F88000202585
:10DF20001068146820F0005024F001041460596651
:10DF300010600846C3F8805083F87C1030BC7047EE
:10DF40000220704790F87C20012A43D002680346E3
:10DF5000242030B4C3F8800084B014681068EC4604
:10DF600004AD20F001001060906820F06040014393
:10DF70001948916003C88CE80300184903C905E9F2
:10DF80000300596E19B391689068C1F3426C05EBB8
:10DF90005071AC4411F8100C11F8081CC0001CF8AA
:10DFA000085CB0FBF1F01CF8101CC900B1FBF5F1E6
:10DFB000A3F868100021A3F86A0020250846146021
:10DFC000C3F8805083F87C1004B030BC7047012146
:10DFD0000846EDE702207047D82001089422010886
:10DFE00090F87C20012A43D002680346242030B4F4
:10DFF000C3F8800084B014681068EC4604AD20F0CB
:10E0000001001060906820F0606001431948916041
:10E0100003C88CE80300184903C905E90300596ED9
:10E0200019B391689068C1F3426C05EB5071AC4430
:10E0300011F8100C11F8081CC0001CF8085CB0FBAB
:10E04000F1F01CF8101CC900B1FBF5F1A3F8681041
:10E050000021A3F86A00202508461460C3F8805008
:10E0600083F87C1004B030BC704701210846EDE70E
:10E0700002207047D8200108942201080B6810B4D0
:10E08000D3B90468A3F500434A6823401343D1E998
:10E09000024223431343D1E9044223431343D1E90A
:10E0A000064223431343D1E9084223435DF8044B5E
:10E0B00013430360002070470268D1E9074322F44C
:10E0C000F84222434C6A1A430A4B224302604268D8
:10E0D0001340D1E9014223431343D1E903422343CF
:10E0E0001343D1E9054223435DF8044B13434360D6
:10E0F000002070470080FFFF30B40ABB8368D1E97D
:10E10000002403F07043013C013A43EA0413134333
:10E11000D1E90224013A013C43EA022343EA0432F2
:10E12000D1E904348969013B013C013942EA0343E6
:10E1300043EA045343EA016330BC83600020704724
:10E140008268CC68114B013C13404A6943EA0433AE
:10E15000541E43EA0454D1E900258460C3686C1E50
:10E16000013A03F0704343EA04130C691A438B68C5
:10E17000013C8969013B013942EA032343EA044334
:10E1800043EA016330BCC36000207047FF0F0FFFFC
:10E190000246D1E9003010B403431469D1E90210FA
:10E1A00023435DF8044B013943EA4023002043EA4E
:10E1B00041131361704700BF0246054B002010B4A5
:10E1C000546923405DF8044B43EA410151617047B3
:10E1D00001C0FFFF022A82B0844613D009230193B5
:10E1E000DCF80C30002023F47053CCF80C30019B89
:10E1F000DCF80C209B0203F470531343CCF80C3072
:10E2000002B07047224B234A0B44934207D9224B5A
:10E21000224A0B44934205D80E230193E0E70F23D3
:10E220000193DDE71E4B1F4A0B44934207D91E4B57
:10E230001E4A0B44934205D20C230193D0E70D23D1
:10E240000193CDE71A4B1B4A0B44934202D80B2390
:10E250000193C5E7184B194A0B44934202D20A2393
:10E260000193BDE7164B174A0B449342B6D3164BA6
:10E27000164A0B44934202D208230193B0E7144B91
:10E28000144A0B44934234BF072306230193A7E7A4
:10E29000405327FFFF340C00401E1BFF3F420F007E
:10E2A00000DC0BFF7F4F1200808CF9FE20D613009C
:10E2B00060B6E5FE5FE3160000D3CEFE40771B009C
:10E2C000C05BB3FEC091210000CA91FE20753800EA
:10E2D000E05459FEE09C4100890182B000230A4AC3
:10E2E00041F020010193016103E0036913F0200371
:10E2F00007D0019B013393420193F6D9032002B06A
:10E300007047184602B07047400D0300D0F8083837
:10E3100082B003F006030193019838B101980228F6
:10E3200004D0019B062B0CBF02200F2002B07047C7
:10E3300030B44B780A78012B20D002F00F0C4FF448
:10E340008033D0F81C4800EB421203FA0CF323434D
:10E35000C0F81C38D2F8003B1B040CD48B68D2F8F0
:10E36000004BC3F30A03C8781449234343EA8043AC
:10E370001943C2F8001B002030BC704700F5006450
:10E3800002F00F0500EB4210AB40E5692B43E3615F
:10E39000D0F800391C04EED48B68D0F80059C3F3D0
:10E3A0000A03CC7805492B4343EA844343EA82526B
:10E3B000114330BCC0F800190020704700800010E5
:10E3C0002DE9F0414B7891F800C0012B51D000EBC2
:10E3D0004C1C844CDCF8105B0CF530632C401C6149
:10E3E000814C1D692C401C614C6984B38D68012AE5
:10E3F0007E4E2C4404F1FF34B4FBF5F406EAC44E1F
:10E40000A4B205FB04F41D694EEA0505C4F3120429
:10E410001D611D6944EA05041C6125D0CB78012BE0
:10E420000CD1D0F8083813F4807FDCF8003B0CBF27
:10E4300043F0005343F08053CCF8003BDCF8003B42
:10E4400043F00443CCF8003B0020BDE8F0818C6829
:10E45000012A1D69C4F3120444EA05041C611C6905
:10E4600044F400241C61D9D1CA68002AD6D05A616C
:10E47000D4E74D69002D3DD000EB4C14594ED1F836
:10E4800008E0D4F81089584F08EA0606C4F8106965
:10E4900005EB0E06013EB6FBFEFED4F810693740D0
:10E4A000524EC4F8107906EACE46D4F810793E43AD
:10E4B000C4F81069C5F31206D4F810793E43C4F8C5
:10E4C000106904F5106691F803E0BEF1010F57D012
:10E4D000012A72D0D4F800290CF00F0C42F004424B
:10E4E00003FA0CF3C4F80029D0F834281343C0F819
:10E4F0003438A9E700EB4C133B4E3A4C012AD3F8D1
:10E50000107906EA0706C3F81069D3F8106946F4D3
:10E510000026C3F81069D3F8106904EA060403F56D
:10E520001066C3F8104991F803E03AD0D3F80049D7
:10E53000BEF1010F44F00444C3F8004984D1D0F87F
:10E54000083813F4807F33680CBF43F0005343F066
:10E5500080533360002A7FF477AFADB20335AD0846
:10E560003FF472AFCB6800EB0C3C03EB85010CF57C
:10E57000805C53F8042B8B42CCF80020F9D163E780
:10E580003369012A23F0C0433361336943F00053F8
:10E59000336117D0D4F8003943F00443C4F800398C
:10E5A000CDE70B6963B9BEF1010F0ED033680020CF
:10E5B00043F004433360BDE8F0810B69002BF5D0D4
:10E5C0007361F0E70B69002BFAD1D0F8083813F427
:10E5D000807F33680CBF43F0005343F080533360B7
:10E5E000E4E700BF0000F8FFFFFF07E00000F81FAE
:10E5F000F0B54C780B78012C26D000EB4310574C2B
:10E60000D0F8105B00F530632C401C61544C1D6940
:10E610002C401C614C69A4B98C681D69C4F31204B8
:10E62000012A45F400251D611D6944EA05041C61A9
:10E6300049D0D0F8003B43F00443C0F8003B002031
:10E64000F0BD8C684C61E8E74C69002C40D000EBD1
:10E650004315424FD1F808E0D5F810C9404E744533
:10E660000CEA070705F5106CC5F81079D5F8107994
:10E6700006EA0706C5F8106958D9DCF81040012AE7
:10E68000C1F814E044F40024CCF81040CEF3120496
:10E69000DCF8106044EA0604CCF810403AD0D5F813
:10E6A000002942F00442C5F80029BEF1000FC6D08F
:10E6B00003F00F010123D0F834288B401343C0F836
:10E6C00034380020F0BDCA68002AB2D05A61B0E7E1
:10E6D00000EB4310224B012AD0F8104900F5106CD2
:10E6E00003EA0403CCF81030DCF8103043F40023C4
:10E6F000CCF81030194BDCF8104003EA0403CCF8D6
:10E70000103007D0D0F8003943F00443C0F8003986
:10E710000020F0BD0B690BB1CCF81430DCF80030F0
:10E72000002043F00443CCF80030F0BDDCF810606A
:10E73000C4F31204012A46F40026CCF81060DCF879
:10E74000106044EA0604CCF81040E3D0D5F8002964
:10E7500042F00442C5F80029AAE700BF0000F8FF14
:10E76000FFFF07E010B49DF8044064B903339B0831
:10E7700009D0013201EB830300EB023051F8042B86
:10E780008B420260FAD100205DF8044B704700BF55
:10E79000033292080AD000F5805C01EB8200DCF8BD
:10E7A000003041F8043B8842F9D170470846704771
:10E7B0004A780B78012A00EB43100CD0D0F8002BDC
:10E7C0000BB1002A14DAD0F8003B43F40013C0F870
:10E7D000003B00207047D0F80029002A00DB73B905
:10E7E000D0F8003943F40013C0F800390020704716
:10E7F000D0F8003B23F08043C0F8003BE3E7D0F8BB
:10E80000003923F08043C0F80039D0F8003943F4D0
:10E810000013C0F80039E9E74A780B78012A00EBC9
:10E82000431013D0D0F8003B23F40013C0F8003B92
:10E83000CB78023B012B01D900207047D0F8003B78
:10E8400043F08053C0F8003B00207047D0F80039F7
:10E8500023F40013C0F80039CB78023B012BEBD82E
:10E86000D0F8003943F08053C0F8003900207047D9
:10E87000034609010020D3F8002801F4FE6122F4C8
:10E88000FE62C3F80028D3F800281143C3F800182B
:10E89000704700BF82B0436901938269019B1340B6
:10E8A0000193019802B0704782B0D0F818380193F4
:10E8B000D0F81C28019B134001930198000C02B072
:10E8C000704700BF82B0D0F818380193D0F81C28E8
:10E8D000019B13400193019880B202B0704700BFC2
:10E8E00000EB411182B0D1F8083B0193D0F8142815
:10E8F000019B13400193019802B0704784B0D0F897
:10E90000103801F00F0C00EB41110293D0F83438AD
:10E910000393039B029A23FA0CF3DB01DBB213434C
:10E920000293D1F80839029A13400193019804B078
:10E93000704700BF406900F001007047D0F800192F
:10E9400000F500630A4A0A40C0F800299A6802F0FC
:10E950000602042A05D1D0F8002942F00302C0F8CB
:10E9600000295A68002042F480725A60704700BF44
:10E9700000F8FFFF144B10B4046C9C421AD800F549
:10E980003060002301290361036943F4002303611C
:10E99000036943F018030361036943F0C043036153
:10E9A00004D14261036843F08023036000205DF8D6
:10E9B000044B7047D0F8003B00F53060002BE0DAE4
:10E9C00000205DF8044B70470A30544FD0F8002403
:10E9D00001F00303012900F5806C22F00302C0F866
:10E9E0000024D0F8002443EA0203C0F8003409D020
:10E9F000022901D00020704741F270730020CCF84A
:10EA0000043070474BF680330020CCF80430704758
:10EA1000D0F8140480B2704700EB4111002382B09B
:10EA200001F5A0620193D1F8003513F4802FD1F8DD
:10EA3000003543F08043C1F8003522D1C36A13F496
:10EA40007F0FD1F8003523D123F00043C1F8003502
:10EA5000D1F8003543F00043C1F80035D1F8003556
:10EA600023F40043C1F8003502E01368002B13DAE9
:10EA7000019B0133B3F57A7F0193F6D9002002B0F0
:10EA80007047D0F8103413F47F0FD1F8003506D05A
:10EA900043F00043C1F80035002002B0704723F076
:10EAA0000043C1F80035D1F8003543F00043C1F808
:10EAB0000035D1F8003523F40043C1F8003502E0F9
:10EAC0001368002BE8DA019B0133B3F57A7F0193D9
:10EAD000F6D9002002B0704730B4002484B04FF45F
:10EAE0008465AA4A00940146836823F00103836089
:10EAF0000394056102E00B69980604D5039B01337A
:10EB000093420393F7D900201023A04A02900B618F
:10EB100002E00B69DB0604D5029B013393420293AA
:10EB2000F7D9D1F8003501F5A06201F5E060019355
:10EB3000019B43F080430193019B23F00043019329
:10EB4000019B23F400430193019BC1F80035D1F8E8
:10EB500020350193019B43F080430193019B23F0F7
:10EB600000430193019B23F400430193019BC1F8EF
:10EB70002035D1F840350193019B43F08043019348
:10EB8000019B23F000430193019B23F40043019375
:10EB9000019BC1F84035D1F860350193019B43F0EA
:10EBA00080430193019B23F000430193019B23F4D5
:10EBB00000430193019BC1F86035D1F88035019382
:10EBC000019B43F080430193019B23F00043019399
:10EBD000019B23F400430193019BC1F88035D1F8D8
:10EBE000A0350193019B43F080430193019B23F0E7
:10EBF00000430193019B23F400430193019BC1F85F
:10EC0000A035D1F8C0350193019B43F080430193B7
:10EC1000019B23F000430193019B23F400430193E4
:10EC2000019BC1F8C035D1F8E0350193019B43F059
:10EC300080430193019B23F000430193019B23F444
:10EC400000430193019BC1F8E035D1F800360193F0
:10EC5000019B43F080430193019B23F00043019308
:10EC6000019B23F400430193019BC1F80036D1F8C6
:10EC700020360193019B43F080430193019B23F0D5
:10EC800000430193019B23F400430193019BC1F8CE
:10EC90002036D1F840360193019B43F08043019325
:10ECA000019B23F000430193019B23F40043019354
:10ECB000019BC1F84036D1F860360193019B43F0C7
:10ECC00080430193019B23F000430193019B23F4B4
:10ECD00000430193019BC1F86036D1F8803601935F
:10ECE000019B43F080430193019B23F00043019378
:10ECF000019B23F400430193019BC1F88036D1F8B6
:10ED0000A0360193019B43F080430193019B23F0C4
:10ED100000430193019B23F400430193019BC1F83D
:10ED2000A036D1F8C0360193019B43F08043019394
:10ED3000019B23F000430193019B23F400430193C3
:10ED4000019BC1F8C036D1F8E0360193019B43F036
:10ED500080430193019B23F000430193019B23F423
:10ED600000430193019BC1F8E03613680193019BB6
:10ED700043F080430193019B43F000430193019BC7
:10ED800023F400430193019B136004E0400D030052
:10ED90001368002B05DA009B0133B3F57A7F0093EB
:10EDA000F6D920328242E0D14FF0FF330020C1F883
:10EDB00014344B618B6843F001038B6004B030BCAA
:10EDC000704700BF08B5D0F88C321BB11B6898475C
:10EDD00000B908BD022008BD08B5D0F88C325B68C8
:10EDE0009847002008BD00BF38B500F520750446DF
:10EDF000284600F07DFB0122B4F8863294F8801298
:10EE0000C4E99B2301F01F03934209D0022B13D0C6
:10EE100063B101F080012046FAF796FA002038BD70
:10EE20002946204600F092FA002038BD29462046A7
:10EE300000F00AF9002038BD2946204600F0BAFA51
:10EE4000002038BD38B5054669B91346D0F86C22A4
:10EE5000032A15D0052A0C460ED1C5F86C12FAF714
:10EE600073FA204638BDD0F88C329B6933B190F8E4
:10EE70007422032A02D19847002038BD022038BDF1
:10EE8000D0E9531291420CD9891A8A42C0F84C1128
:10EE900088BF8AB2194698BF92B200F055FB002095
:10EEA00038BDD0F88C321B691BB190F87422032A4C
:10EEB00004D0284600F052FB002038BD9847F8E700
:10EEC00070B5044661B9D0F86C32022B15D033F01E
:10EED000040337D094F87832012B2ED0002070BD77
:10EEE000D0F88C325B6933B190F87422032A02D1D6
:10EEF0009847002070BD022070BDD0E908630D4620
:10EF00009E4223D8C669B6FBF3F203FB12620AB92C
:10EF1000B34228D9D4F88C32DB681BB194F8742240
:10EF2000032A30D080212046FAF70EFA204600F05E
:10EF300021FB94F87832012BD0D10023184684F8B5
:10EF4000783270BD8021FAF7FFF9C3E7F31A114652
:10EF500003629AB200F0EEFA2B462A462946204672
:10EF6000FAF73EFAB6E7D0F870329E42D2D20A469D
:10EF700000F0E0FA2B462A4629462046C4F8705293
:10EF8000FAF72EFAA6E720469847CBE770B500229D
:10EF900040260446012511463346FAF7C3F93346A5
:10EFA000802100222046C4F84451C4F85061FAF789
:10EFB000B9F90021D4F89032A561666284F87452E0
:10EFC000C4F86C126160C4F87C1223B1D4F88C329E
:10EFD00020465B689847002070BD00BF03460020B4
:10EFE0001974704703460421002093F8742283F8B3
:10EFF000741283F8752270470346002093F8752237
:10F0000083F87422704700BF90F87422032A01D05D
:10F010000020704708B5D0F88C32DB6903B19847FF
:10F02000002008BD00207047002070470020704776
:10F03000D0F88C22012108B580F874120179536848
:10F040009847002008BD00BF30B50B7883B00D464F
:10F05000044603F06003202B0DD0402B0BD09BB156
:10F0600080212046FAF770F900212046FAF76CF962
:10F07000002003B030BDD4F88C32294620469B686E
:10F080009847002003B030BD4B78092BE8D801A287
:10F0900052F823F0EFF000081BF1000861F00008BF
:10F0A00039F1000861F0000841F1000879F1000829
:10F0B00061F00008A9F10008BDF000088978A24DB0
:10F0C00001292970CCD890F87432022B00F01281FB
:10F0D000032B00F000818021FAF736F90021204649
:10F0E000FAF732F929782046FFF776FEC0E790F864
:10F0F0007432013B022BB3D8CB88022BB0D1012252
:10F10000D0F87C32C2600BB10323C360022204F149
:10F110000C01204600F000FAAAE790F87432013B97
:10F12000022B9DD84B88012BA2D100232046C4F886
:10F130007C3200F013FA9BE74B88012B98D1F5E75E
:10F140008B88002B8CD1CB88002B89D14D887F2DCB
:10F1500086D890F87432032B82D0E9B280F8761208
:10F16000FAF722F9204600F0F9F9002D00F0E080CE
:10F17000022384F874327BE74A88130A013B062B8A
:10F180003FF66EAF01A151F823F000BF3DF2000839
:10F1900025F2000813F2000861F0000861F0000891
:10F1A000FDF10008CFF10008CA88012A7FF458AFAA
:10F1B00090F87432022B00F28780002B3FF450AF9E
:10F1C0000146002341F8083F00F0A6F950E7037C10
:10F1D000002B7FF445AFD0F88C320DF106001B6B8D
:10F1E000984707234370BDF80620002A67D0EB88B4
:10F1F000002B5BD1204600F0B1F939E7037C002BEE
:10F200007FF42EAFD0F88C320DF106005B6B98477F
:10F21000E9E7D1B2052900F28F80DFE801F0271F6E
:10F2200017372F3F037C002B72D1D0F88C320DF1B1
:10F2300006009B6A984702234370D4E7D0F88832CF
:10F240000DF10601007C1B689847CCE7D0F88832A6
:10F250000DF10601007CDB689847C4E7D0F88832DE
:10F260000DF10601007C9B689847BCE7D0F8883216
:10F270000DF10601007C5B689847B4E7D0F888324E
:10F280000DF10601007C5B699847ACE7D0F8883245
:10F290000DF10601007C1B699847A4E7D0F888327D
:10F2A0000DF10601007C9B6998479CE79A42014654
:10F2B000204628BF1A46ADF8062000F02DF9EB884D
:10F2C000002B7FF4D5AE95E7032B7FF4C9AE011D6B
:10F2D00000F022F9CCE621B3416801298AD0C9B2F5
:10F2E000FFF77AFD297820466160FFF76BFD022861
:10F2F00080D1B5E600293FF47DAF012103234160B1
:10F3000080F87432FFF75EFD02287FF473AFA7E642
:10F31000D0F88C320DF10600DB6A98470223437067
:10F3200061E70223416080F87432FFF755FD61E721
:10F33000012384F874329BE6D0F88C320DF106027A
:10F340009B6B98474FE700BF8CD6002438B50B78ED
:10F350000D46044603F06002402A0AD05B0608D539
:10F360008021F9F7F1FF00212046F9F7EDFF002099
:10F3700038BD94F87432013B022B11D82B79012B44
:10F380000ED8D4F88C32294620469B689847EB88E3
:10F39000002BECD10028EAD1204600F0DFF8E6E7A8
:10F3A00080212046F9F7D0FF00212046F9F7CCFF55
:10F3B000002038BD38B50B78044603F06003202BDD
:10F3C0000CD0402B0AD083B180212046F9F7BCFF36
:10F3D00000212046F9F7B8FF002038BDD4F88C3260
:10F3E00020469B689847002038BD4B788A88012BBF
:10F3F0005FFA82FC37D0032B23D0002BE4D190F8A6
:10F400007432022B4AD0032BDED10CF00F0312060C
:10F4100003EB830300EB830351D4D3F84431002B77
:10F42000D2D00CF07F03142505FB030505F5A0756C
:10F43000002B4FD12B6002222946204600F06CF8A9
:10F44000CAE790F87432022B1DD0032BBCD14B8835
:10F450002BB91CF07F0F02D0CB88002B43D0204665
:10F4600000F07CF8B8E790F87432022B0BD0032B35
:10F47000AAD14B88002BAFD11CF07F0FEFD0614693
:10F48000F9F770FFEBE71CF07F0F9DD06146F9F7AD
:10F490005BFF80212046F9F757FF9DE71CF07F0FA7
:10F4A00092D111064FF000034FF002024CBF00F161
:10F4B000140100F5A0710B6000F02EF88CE79B6939
:10F4C000002B81D00CF07F035D1C05EB850500EB64
:10F4D0008505ADE761462046F9F752FF08B10123E3
:10F4E000A8E72860A7E76146F9F72EFFB7E700BF56
:10F4F0000B7803704B784370CA788B7803EB022348
:10F5000043804A790B7903EB02238380CA798B7994
:10F5100003EB0223C380704710B5134602240A464A
:10F520000021C0F86C42C0E90733F9F74BFF002017
:10F5300010BD00BF8C46002108B513466246F9F79E
:10F5400041FF002008BD00BF8C46002108B51346CE
:10F550006246F9F745FF002008BD00BF08B5042149
:10F560000023C0F86C121A461946F9F72BFF002049
:10F5700008BD00BF08B505210023C0F86C121A466B
:10F580001946F9F72DFF002008BD00BFD0F8C423AD
:10F590000132C0F8C42302780B2A00D07047D0F89B
:10F5A0007C33002BFAD09B69184700BF012380F8F9
:10F5B00023337047002380F823337047034600222B
:10F5C0000121104683F8201383F8212383F8222396
:10F5D000704700BF38B501230025044680F8213369
:10F5E00080F8235380F82053F9F71EFF2179204635
:10F5F00000F006F86179204600F002F8284638BD90
:10F600000A2907D800EB8100D0F88433C3F30E0336
:10F61000C0F88433002070470C4A82B00C4BD2F8FB
:10F62000DC1041F04001C2F8DC10D2F8DC2002F01E
:10F6300040020192019A1A6822F020021A601A68A8
:10F6400042F004021A6002B0704700BF0044025842
:10F650000018024870B5002304464FF4806204216C
:10F660004FF440353448C4F83821C4F8D410C4F8F5
:10F670003431C4F84C113149C4F8B000C4F8281131
:10F68000C4E92F32C4E93133C4E93335C4E937332F
:10F69000C4E94F33C4E95135C4E95533A2680323A3
:10F6A000C4F8D830C4F85031042A0AD8DFE802F090
:10F6B0001F262D34030055225623C4F8B420C4F865
:10F6C0002C310022402304F1B005C4F8B8202846AC
:10F6D000C4F83031F2F7C8FD08B1FFBEFEE704F50B
:10F6E00094763046F2F7C0FDE8B1FFBEFEE7252272
:10F6F0002623C4F8B420C4F82C31E2E727222823BB
:10F70000C4F8B420C4F82C31DBE73D223E23C4F812
:10F71000B420C4F82C31D4E753225423C4F8B420C5
:10F72000C4F82C31CDE704F12803C4E92865C4F8F6
:10F73000E830C4F8603170BD400402405804024013
:10F740002DE9F04F814683B00E4617461D4600F165
:10F750002804204601F090FD01288246F9D1484650
:10F76000FFF778FF8046002835D1EFF3108301932F
:10F7700072B6DFF888B00C9B99F90820DFF880A0FA
:10F78000DFF88090CBF800300D9B89F80020CAF894
:10F7900000300DB11846A847BAB23146204601F0F4
:10F7A000E1F830B9019B03B962B6404603B0BDE849
:10F7B000F08F0023CBF80030CAF80030FF2389F81F
:10F7C00000300C9B8BB101210D9888469847019B16
:10F7D000002BEAD1E8E70C9B53B1D0460D98514677
:10F7E0009847404603B0BDE8F08F4FF00108D9E7D5
:10F7F000D046404603B0BDE8F08F00BFB0E0002423
:10F80000B8E00024B4E000242DE9F04F814683B035
:10F810000E4617461D4600F12804204601F02CFD37
:10F8200001288246F9D14846FFF714FF8046002898
:10F8300035D1EFF31083019372B6DFF888B00C9BDB
:10F8400099F90820DFF880A0DFF88090CBF800302D
:10F850000D9B89F80020CAF800300DB11846A84762
:10F86000BAB23146204601F041FA30B9019B03B9E2
:10F8700062B6404603B0BDE8F08F0023CBF80030FD
:10F88000CAF80030FF2389F800300C9B8BB10121AE
:10F890000D9888469847019B002BEAD1E8E70C9B1E
:10F8A00053B1D0460D9851469847404603B0BDE845
:10F8B000F08F4FF00108D9E7D046404603B0BDE8CD
:10F8C000F08F00BFB0E00024B8E00024B4E00024D2
:10F8D0002DE9F04F814683B00F461646984600F159
:10F8E0002804204601F0C8FC0128FAD18246484687
:10F8F000FFF7B0FE0546002838D1EFF310830193DF
:10F9000072B699F90830DFF88890DFF888B089F886
:10F9100000300D9BDFF880A0CBF800300E9BCAF8BA
:10F9200000300C9B0BB10E9898471FFA88F33A46AB
:10F930003146204601F0CEF830B9019B03B962B6DA
:10F94000284603B0BDE8F08F0023CBF80030CAF89A
:10F950000030FF2389F800300D9B8BB101210E98F8
:10F960000D469847019B002BEAD1E8E70D9B4BB170
:10F9700055460E9851469847284603B0BDE8F08F8B
:10F980000125DAE75546284603B0BDE8F08F00BFF1
:10F99000B4E00024B0E00024B8E000242DE9F043F6
:10F9A000002387B00222044605690493CDE90223AF
:10F9B000D0E902128E00FAB1022D7AD02178B5FA80
:10F9C00085F54FF00108276A0B294FEA551521D11B
:10F9D000A2780B2A02D0B8F1000F38D123790B2B73
:10F9E00001D0002D6CD1A37917B10B2B40F0998079
:10F9F000002007B0BDE8F08335F002032178276AC4
:10FA00000CBF4FF001084FF00008023D18BF012560
:10FA10000B29DDD07D4B94F801C053F826201078D7
:10FA20000B2802D0884200F0AD80D378D01C9942D8
:10FA300002D10B2B40F0BD809379901D8B4202D1F7
:10FA40000B2B40F0BC80012007B0BDE8F083711C97
:10FA50006E4BE07853F8213019780B2902D08A4296
:10FA600000F0B580D97803F1030C0B2902D08A424B
:10FA700000F0BB80997903F1060C0B29E3D08A4290
:10FA8000E1D1DB798342DED1634604F102099B7840
:10FA900048460593F9F7D6FC80464846F9F7DAFC64
:10FAA00001A901904046F9F785FD23790B2B98D1E8
:10FAB00099E70178076A0B2940F0868001258DE7D8
:10FAC000B11C524A607952F8212011780B2902D0DA
:10FAD0008B4200F08180D178D51C0B2902D08B425B
:10FAE00000F08D809179951D8B42ACD10B29AAD065
:10FAF000D3798342A7D12A46251D937828460593BA
:10FB0000F9F7A0FC034628461D46F9F7A3FC01A916
:10FB100001902846F9F74EFDA379002F7FF465AFD9
:10FB200066E7F11C394AE07952F8212011780B2957
:10FB300001D08B425FD0D178D51C0B2901D08B42EC
:10FB40004FD09179951D8B427FF47DAF0B293FF407
:10FB50007AAFD37983427FF476AF2A46A51D937896
:10FB600028460593F9F76EFC04462846F9F772FC1F
:10FB7000034601A920460193F9F71CFD002007B0B8
:10FB8000BDE8F083537863457FF44FAF9378204608
:10FB90000593F9F757FC81462046F9F75BFC01A96C
:10FBA00001904846F9F706FDA2780B2A7FF413AFBF
:10FBB00014E7137963457FF43FAF0246E6E7D37954
:10FBC00063457FF440AFF8E79846012522E759786E
:10FBD00081427FF447AF58E7517881427FF47BAF91
:10FBE0008AE711798142ACD1B7E7197981427FF474
:10FBF00041AF634649E7517881429CD1AEE7117924
:10FC000081427FF46FAF2A4676E700BFA422010845
:10FC1000654A0368934200F0B980A2F578429342A6
:10FC200000F0B68002F58062934200F0B38002F5E6
:10FC30007842934200F0B08002F5E052934200F027
:10FC4000AD805A4A934240F0AB8005234FF4D07107
:10FC5000574A01FB03F310B5D418D05C86B0F9F70E
:10FC600001FCA078F9F7FEFB2079F9F7FBFBA079FE
:10FC7000F9F7F8FBA368052B11D8DFE803F0192F7B
:10FC8000455B71034B4BD3F8F42042F02002C3F8DC
:10FC9000F420D3F8F43003F020030593059B2046AD
:10FCA000FFF77CFE012801D006B010BDFFBEFEE7C5
:10FCB000404B00222320D3F8F01041F48051C3F8C8
:10FCC000F0101146D3F8F03003F480530093009BFA
:10FCD000F2F718F92320F2F753F9E0E7354B002249
:10FCE0002420D3F8E81041F48041C3F8E81011460D
:10FCF000D3F8E83003F480430193019BF2F702F953
:10FD00002420F2F73DF9CAE72A4B00223320D3F82A
:10FD1000E81041F40041C3F8E8101146D3F8E83088
:10FD200003F400430293029BF2F7ECF83320F2F75E
:10FD300027F9B4E71F4B00225420D3F8F01041F408
:10FD40000051C3F8F0101146D3F8F03003F400531B
:10FD50000393039BF2F7D6F85420F2F711F99EE7CC
:10FD6000144B00225520D3F8F01041F48011C3F851
:10FD7000F0101146D3F8F03003F480130493049B81
:10FD8000F2F7C0F85520F2F7FBF888E700235DE7AB
:10FD900001235BE7022359E7032357E7042355E7D1
:10FDA00000231B78FFDE00BF003001400014005824
:10FDB00090D60024004402582DE9F043002289B077
:10FDC0001B4B01210DF1040C9E461A4B0791E14695
:10FDD000E04667460EF11C060EF138050EF154049C
:10FDE000CDE90122CDE90322CDE90522FF221A70D7
:10FDF000BCE80F00AEE80F009CE807008EE80700A3
:10FE0000B9E80F000FC69CE8070086E80700B8E8CD
:10FE10000F000FC59CE8070085E807000FCF0FC44F
:10FE20009CE8070084E8070009B0BDE8F08300BF44
:10FE30000C030024B4E00024014801F0F1B800BF35
:10FE4000B8D60024014801F0EBB800BF58D8002410
:10FE5000014801F0E5B800BFF8D90024014801F0DD
:10FE6000DFB800BF98DB0024014801F0D9B800BF1B
:10FE700038DD002410B5EFF3108472B6084B1A7801
:10FE8000120602D504B962B610BD1B784FF4D072C9
:10FE900004485BB202FB0300B030F2F75DFDF1E70E
:10FEA000B4E0002490D6002410B5EFF3108472B6AD
:10FEB000094B1A78120602D504B962B610BD1B7838
:10FEC0004FF4D07205485BB202FB030000F594705A
:10FED000F2F742FDF0E700BFB4E0002490D6002422
:10FEE0002DE9F04184B0EFF3108772B6284AFF2164
:10FEF000284C1368217023B100211160264A106834
:10FF0000984723781B061CD5DFF894800025234EE4
:10FF10004446216879B162686AB1A369012B22D095
:10FF2000A3B963693046019323690093E36822898A
:10FF3000FFF76AFC18B301351C3406F5D076042DA2
:10FF4000E7D107B962B604B0BDE8F081D4E9043066
:10FF5000CDE90130E068238900903046FFF7B8FC16
:10FF60000028E8D10BE0D4E904301146CDE9003097
:10FF70003046E3682289FFF7E3FB0028DBD1C5EBBD
:10FF8000C50508EB850348F825005860D9E700BF90
:10FF9000B0E00024B4E00024B8E0002490D60024AF
:10FFA0000C0300242DE9F04184B0EFF3108772B602
:10FFB000284AFF21284C1368217023B100211160C9
:10FFC000264A1068984723781B061CD5DFF89480D2
:10FFD0000025234E4446216879B162686AB1A3695D
:10FFE000012B22D0A3B963693046019323690093A2
:10FFF000E3682289FFF708FC18B301351C3406F5C5
:020000040801F1
:10000000D076042DE7D107B962B604B0BDE8F0811F
:10001000D4E90430CDE90130E0682389009030460E
:10002000FFF756FC0028E8D10BE0D4E90430114674
:10003000CDE900303046E3682289FFF781FB0028D4
:10004000DBD1C5EBC50508EB850348F825005860F2
:10005000D9E700BFB0E00024B4E00024B8E00024F9
:1000600090D600240C0300242DE9F04184B0EFF376
:10007000108772B6284AFF21284C1368217023B1DB
:1000800000211160264A1068984723781B061CD56A
:10009000DFF894800025234E4446216879B16268D8
:1000A0006AB1A369012B22D0A3B9636930460193D9
:1000B00023690093E3682289FFF7A6FB18B3013593
:1000C0001C3406F5D076042DE7D107B962B604B02A
:1000D000BDE8F081D4E90430CDE90130E06823893E
:1000E00000903046FFF7F4FB0028E8D10BE0D4E99C
:1000F00004301146CDE900303046E3682289FFF72D
:100100001FFB0028DBD1C5EBC50508EB850348F8CC
:1001100025005860D9E700BFB0E00024B4E0002417
:10012000B8E0002490D600240C0300242DE9F0410F
:1001300084B0EFF3108772B600F066FB284A294CB2
:10014000FF21136821702BB1002111600121264A83
:100150001068984723781B061CD5DFF8948000258B
:10016000224E4446216879B162686AB1A369012BC5
:1001700022D0A3B963693046019323690093E368F1
:100180002289FFF741FB18B301351C3406F5D07600
:10019000042DE7D107B962B604B0BDE8F081D4E917
:1001A0000430CDE90130E068238900903046FFF744
:1001B0008FFB0028E8D10BE0D4E904301146CDE9EB
:1001C00000303046E3682289FFF7BAFA0028DBD115
:1001D000C5EBC50508EB850348F825005860D9E74D
:1001E000B0E00024B4E00024B8E0002490D600245D
:1001F0000C03002430B4544B002108220220534C3D
:10020000D9615862C3F8BC11C3F8C401C3F85C13C8
:10021000C3F86403C3F8F424C3F8F814C3F8FC1457
:10022000C3F80405C3F89426C3F89816C3F89C16BF
:10023000C3F8A406C3F83428C3F83818C3F83C1828
:10024000C3F84408424D4348C3E90521C3E96D2181
:10025000C3E9D5212288A3783F49EA80CA800B727E
:100260003E492B72CA800B722168A0F803204371AB
:10027000C28003723A4C3B48E2802372A0F803200C
:10028000394C4371C28003723848E2802372A0F86F
:100290000320374C4371C2800372080C2180A07088
:1002A000A4F803206371E2802372324C324D218026
:1002B000A070A4F803206371E28023722F4CEA80BF
:1002C00021802B72A070A4F803206371E280237256
:1002D0002B4C2180A070A4F803206371E28023726C
:1002E000284C2180A070A4F803206371E28023725F
:1002F000254C2180A070A4F803206371E280237252
:10030000224C2180A070A4F803206371E280237244
:100310001F4C21801F49A070A4F803201E48637160
:10032000E2802372A1F803201C4C4B71CA800B722F
:100330001B49E2802372C2800372A1F803204B7133
:10034000CA800B7230BC704790D60024A0220108EE
:1003500094020024B8020024880200244C020024E5
:10036000A0020024DC020024C40200246402002451
:1003700080E0002468E00024D002002474E000241F
:1003800050E00024A4E000248CE0002498E0002445
:100390005CE0002400030024F4020024E8020024AE
:1003A00070020024714A036811698B4200B587B05E
:1003B0004BD0916E8B4200F0B680D2F8C0108B42C9
:1003C00000F0B380D2F818118B4200F0B080B3F186
:1003D000804F1ED0664A93420DD0664A934200F089
:1003E000A880654A934200F0B280644A93421ED0CE
:1003F00007B05DF804FB624BD3F8E82042F002023C
:10040000C3F8E820D3F8E83003F002030293029B1C
:10041000EEE75B4BD3F8E82042F00102C3F8E82096
:10042000D3F8E83003F001030193019BE0E7544B5C
:10043000D3F8E82042F01002C3F8E820D3F8E830FF
:1004400003F010030593059BD2E700205821B3F178
:10045000804F01FB0022127B1ED045498B4235D0D4
:1004600044498B4248D044498B42BED1444BD3F8D7
:10047000E81041F00801C3F8E810D3F8E83003F0C1
:1004800008030493049B002AB2D0322000220F21DB
:10049000F1F738FD322014E0394BD3F8E81041F081
:1004A0000101C3F8E810D3F8E83003F00103019329
:1004B000019B002A9CD01C2000220F21F1F722FD75
:1004C0001C2007B05DF804EBF1F75ABD2C4BD3F8B4
:1004D000E81041F00201C3F8E810D3F8E83003F067
:1004E00002030293029B002A82D01D2000220F21CA
:1004F000F1F708FD1D20E4E7214BD3F8E81041F0A7
:100500000401C3F8E810D3F8E83003F004030393C0
:10051000039B002A3FF46CAF1E2000220F21F1F74D
:10052000F1FC1E20CDE7012090E702208EE703209A
:100530008CE7134BD3F8E82042F00402C3F8E8201C
:10054000D3F8E83003F004030393039B50E70C4B0C
:10055000D3F8E82042F00802C3F8E820D3F8E830E6
:1005600003F008030493049B42E700BFBCE00024AF
:100570000004004000080040000C00400010004053
:10058000004402580F4B026819698A420BD0996ED9
:100590008A4211D0D3F8C0108A420FD0D3F8181174
:1005A0008A420DD070470021582202FB01331A6D98
:1005B000002AF7D0586D10470121F5E70221F3E733
:1005C0000321F1E7BCE00024014800F0EFBF00BFC9
:1005D000CCE00024014800F0E9BF00BF24E1002482
:1005E000014800F0E3BF00BF7CE10024014800F0B7
:1005F000DDBF00BFD4E10024F0B54FF0580C0F6808
:100600002E4D8DB00CFB07FC032F05EB0C0606608E
:1006100047DC0B460868344649689A6807C41B7B68
:10062000237004AC7268264B002A4FF000027261FE
:1006300018BF1022B2610FCB84E80F000CAB03EBA4
:10064000870353F8203CB3F1804F336124D01D4A17
:10065000934221D030890CF11004582300218022CC
:1006600003FB07532C44C3E907019A62204600F0BC
:1006700007FE034600B1FEE74FF4805208A920466A
:10068000099301930892CDE90A33CDE9023300F0D2
:10069000C7FE034640B1FEE7582303FB07539868A3
:1006A000D9E701200DB0F0BD01A9204601930393C5
:1006B00001F034F80028F5D0FEE700BFBCE00024CC
:1006C000E0200108000C0040006808B5037B1030F2
:1006D0002BB100F08FFE003818BF012008BD00F0DC
:1006E0006FFE003818BF012008BD00BF0C4B002270
:1006F0004FF0FF311A739960196683F86420C3F8CC
:10070000B81083F8BC20C3F8101183F81421C3E992
:100710000022C3E91622C3E92C22C3E94222704712
:10072000BCE00024034688B190F83D20022A03D0A3
:10073000802201209A66704702680421002083F815
:100740003D10D36823F00103D36070470120704748
:1007500003682C495A6910B49C6944F008049C61F0
:100760009C6944F010049C611C6824F001041C6026
:100770001C6921401961996821F44041996090F801
:100780008110042901D0910630D490F881100329FA
:1007900001D054061FD4910509D5D0F8841041F03A
:1007A0000101C0F88410996941F400719961D20582
:1007B00009D5D0F8842042F00802C0F884209A6954
:1007C00042F480729A6100235DF8044BA0F8623015
:1007D000A0F86A307047D0F8841041F00401C0F8E6
:1007E0008410996941F040019961D4E7D0F88410F0
:1007F00041F08001C0F88410996941F020019961AD
:10080000C3E700BF90FCFFFF002800F0A48002684F
:100810000021F8B5514B044681629A4216D0A3F5E7
:1008200078439A4212D003F58063C0689A4200F080
:100830008A800F2808D8E16B00F108034D09DB0816
:1008400005FB0333082B15D90120F8BDE068E16BE7
:1008500000F10803414E4D09DB0805FB0333404D11
:10086000AA4218BFB24203D005F58065AA4201D161
:10087000102BE9D894F8813003F0FF05002B58D0F5
:10088000002702236568A66B84F88130136823F083
:1008900001031360A369B3F1806F3ED03943676BE6
:1008A0003B43676A3B4327693B4367693B43276A8E
:1008B0003B43E76C3B43A7683B43A76C3B43A76DB7
:1008C0003B432B433343E669314308439060D36095
:1008D000B5B9936823F4C05343F4006393609368FD
:1008E00023F4C06343F480639360136D23F001032A
:1008F000136500200123C4F8840084F88130F8BD1A
:10090000136D23F0010313656B02F2D5D368616D9B
:1009100023F000430B43D360EBE7B5F5800FBDD167
:10092000002EBBD1D2F800C04CF4805CC2F800C0ED
:10093000B4E7204684F88050FFF76AF92268A76A76
:10094000E16BE0689DE7E16B00F108034D09DB080E
:1009500005FB03338CE70120704700BF00300140E6
:1009600000380040F8B590F88030012B00F08C8002
:1009700090F88130154601220446DEB2934280F899
:1009800080206AD1002963D0B5FA85F35B09002D78
:100990005ED003224366A0F8683080F88120C0F85A
:1009A0008430A0F86250A0F86A30C165A0F86050A9
:1009B000C0E91C338368B3F5C02F04D10268136803
:1009C00043F400631360E368A06F0F2B4BD9836976
:1009D000B3F5804F3CD122683A4B3B4F2032036441
:1009E00052F8183CC763394F23F40043C76400270B
:1009F000076542F8183CB4F862309BB2F1F7F2FD9B
:100A0000002844D1A36F324ADB69B3F5807F2368A5
:100A1000596802EA010218BF2A435A609A6861685D
:100A200042F40042B1F5800F9A601A6942F44872AC
:100A30001A611A6842F001021A6003D11A6842F47E
:100A400000721A6000231E4684F880303046F8BDDC
:100A5000002384F880303046F8BD0023022680F859
:100A600080303046F8BD072B83691AD8B3F5005F94
:100A700020D0B3F5804FAED1B4F862309BB20333CF
:100A80009B08A4F86230A6E702263046F8BDD4F8E9
:100A90008430012243F01003C4F8843084F88120AC
:100AA000D9E7B3F5804F05D0B3F5005FD0D1B3F5EA
:100AB000804F90D1B4F862309BB201335B08A4F848
:100AC000623088E71D0F0108A10E0108490F0108D7
:100AD0000000FFFF70B51D4690F88030012B00F03C
:100AE000B9800123044680F8803090F88130406856
:100AF000DBB2B0F5800F7DD0012B40F08580002D5A
:100B000018BF002A71D000296FD094F88130042BCF
:100B100002D0052384F881300023E1652168C4F800
:100B20008430A4F86250A4F86A50A4F86050626659
:100B3000A4F86850C4E91C338B6823F440438B60ED
:100B4000E3680F2B65D9E06F8369B3F5804F4CD113
:100B500094F88130042B00F08A805E4B03645E4B76
:100B6000C3635E4E3031B4F86A30C66400269BB26F
:100B70000665F1F737FD00286ED12268A16F9368F2
:100B8000203243F4804342F8183CB4F86230C1E9A3
:100B90000F00C1E913009BB20846E16DF1F722FD99
:100BA000002859D1A36FDB69B3F5807F236863D038
:100BB00059684B4A0A402A435A609A68616842F46D
:100BC0000042B1F5800F9A601A6942F458721A61B6
:100BD0001A6842F001021A6003D11A6842F40072E6
:100BE0001A60002384F8803070BD0023012084F84F
:100BF000803070BDA06800287FF47EAF042B3FF4E6
:100C00007EAF012B3FF47BAF0023022084F88030BD
:100C100070BD072B35D8A36F9B69B3F5005F50D02B
:100C2000B3F5804F06D1B4F862309BB203339B0812
:100C3000A4F86230E06F8369B3F5005F39D0B3F593
:100C4000804F85D1B4F86A309BB203339B08A4F877
:100C50006A307DE7022070BDD4F88430012243F071
:100C600010031046C4F8843084F8812070BD1D4BF9
:100C700003641D4BC36374E75968194A0A405A60FC
:100C80009BE7E06F8369B3F5005F02D0B3F5804F57
:100C9000ABD1A66FB669B6F5804F06D1B4F86260E5
:100CA000B6B201367608A4F86260B3F5804F7FF4DF
:100CB0004FAFB4F86A309BB201335B08A4F86A30D6
:100CC00046E7B4F862309BB201335B08A4F86230A7
:100CD000B0E700BF3D0F0108F10E0108490F010800
:100CE0000000FFFF2D0F0108C90E01082DE9F0419A
:100CF0001546826804460E4622B94368B3F5800F54
:100D000000F0958094F88030012B00F09980012349
:100D100084F8803094F88130012BDFB269D1002E45
:100D200061D0B5FA85F35B09002D5CD00421B2F5E2
:100D3000C02F666684F88110A4F86850C4F8843027
:100D4000A4F86030A4F86A50A4F86230C4E91C33F7
:100D500004D12268136823F400631360E3680F2B47
:100D60004ED9E06F8369B3F5804F3CD121688B6821
:100D700023F480438B603246454EB4F86A303031FC
:100D80000664444E9BB2C663434EC66400260665A5
:100D9000F1F728FC002857D1E36F404ADB69B3F52F
:100DA000807F2368596802EA010218BF2A435A600B
:100DB0009A68616842F48042B1F5800F9A601A69BE
:100DC00042F450721A611A6842F001021A6003D1AB
:100DD0001A6842F400721A6000231F4684F88030BB
:100DE0003846BDE8F081002384F880303846BDE8FD
:100DF000F0810023022784F880303846BDE8F08176
:100E0000072B2BD82168E06F8B6823F480438B601D
:100E10008369B3F5005F32D0B3F5804FABD1B4F83E
:100E20006A309BB203339B08A4F86A30A3E72B46D1
:100E300004250A4680F88150BDE8F041FFF74ABE1C
:100E400002273846BDE8F081D4F88430012243F00F
:100E50001003C4F8843084F88120C7E7E06F82690A
:100E6000B2F5804F02D0B2F5005FBCD12168B2F577
:100E7000804F8B6823F480438B607FF47CAFB4F8A1
:100E80006A309BB201335B08A4F86A3073E700BF95
:100E90002D0F0108C90E0108490F01080000FFFFCE
:100EA000806B08B590F88130072B09D0836FDB6920
:100EB000B3F5807F05D00268136943F0080313611E
:100EC00008BDFFF70DF808BD806B08B590F88130BC
:100ED000072B09D0C36FDB69B3F5807F05D00268AB
:100EE000136943F00803136108BDFFF75BF808BD01
:100EF000806B08B590F88130072B09D0836FDB69D0
:100F0000B3F5807F05D00268136943F008031361CD
:100F100008BDFFF7A9F808BD704700BF806B08B592
:100F2000FFF7FAFF08BD00BF704700BF806B08B530
:100F3000FFF7FAFF08BD00BF704700BF806B08B520
:100F4000FFF7FAFF08BD00BF10B5846BF2F754F845
:100F5000022800D110BD236830495A69986940F0D1
:100F600008009861986940F010009861186820F0B6
:100F700001001860186901401961996821F4404125
:100F8000996094F88110042901D091063AD494F81C
:100F90008110032901D0500629D4910509D5D4F830
:100FA000841041F00101C4F88410996941F4007182
:100FB0009961D20509D5D4F8842042F00802C4F81A
:100FC00084209A6942F480729A61002301222046AB
:100FD000A4F86230A4F86A30D4F8843043F01003E7
:100FE000C4F8843084F88120FFF7A0F810BDD4F84D
:100FF000841041F00401C4F88410996941F0400163
:101000009961CAE7D4F8841041F08001C4F88410D3
:10101000996941F020019961B9E700BF90FCFFFF99
:10102000036819695A692DE9F04101EA02059F68D0
:10103000044690F8816005F0640CBCF1040F2FD0D9
:1010400005F04500012834D005F02600022800F004
:10105000DF80280770D59A6917F4404FF6B242F046
:1010600008029A619A6942F010029A619A6942F400
:1010700000629A611A6922F008021A6123D0042ED4
:1010800000F0DE80A26FD269EAB1032E50D0E26F89
:10109000D269C2B1052E14D12046FEF7E5FF10E05B
:1010A000436F9847236F2046984705F04503012B6F
:1010B00002D1236F2046984705F02605022D00F047
:1010C000A780BDE8F0819A6812F4404F1FD1B4F8B0
:1010D0006A2092B2DAB1626E0EE01B6B42F8043BFA
:1010E0006266B4F86A30013B9BB2A4F86A30B4F887
:1010F0006A309BB25BB12368E1680F29EDD80729FC
:1011000040F292801B8E22F8023B6266E9E720469D
:10111000FFF71EFB012384F88130D4F88430002BC4
:101120007FD1052EB8D0042E00F08F80032EC8D1B9
:101130002046FEF7D5FEC4E7100501D50A077AD48C
:1011400015F4587FBDD06E0609D5D4F8842042F03E
:101150000402C4F884209A6942F040029A61A8050A
:1011600009D5D4F8842042F00102C4F884209A6999
:1011700042F400729A61E90509D5D4F8842042F05E
:101180000802C4F884209A6942F480729A61AA061F
:1011900009D5D4F8842042F08002C4F884209A69EA
:1011A00042F020029A61D4F88420002A89D019687C
:1011B00007F44047274A21F00101B7F5404F196075
:1011C000196902EA01021A6127D19A68E06F22F4D4
:1011D00040429A6050B1204B0365F1F723FB28B1E0
:1011E000D4F8843043F04003C4F88430A06F002862
:1011F0003FF467AF184B0365F1F714FB00283FF489
:1012000060AFD4F8843043F04003C4F8843058E72A
:10121000636F2046BDE8F04118470123204684F85B
:101220008130FEF783FF4CE793F830301370626E25
:101230000132626655E79A6942F400629A6140E7BA
:10124000E26FD269002A3FF43EAF2046FEF7AAFEC5
:1012500037E700BF94FCFFFF5D12010808B5806B03
:1012600000230122A0F86A30A0F8623080F88120C3
:10127000FEF75CFF08BD00BF90F88100704700BF1B
:10128000002800F08F8038B590F83D30044603F018
:10129000FF02002B60D0226802234349B2F1804F45
:1012A00084F83D30A2EB01011368B1FA81F14FEAF5
:1012B000511127D031BB3D483D4D824251D000F500
:1012C000806082424DD0551B00F58060B5FA85F5EF
:1012D00082424FEA55154DD0002D4BD13548364945
:1012E0008A4218BF82424FD001F580618A424BD0BA
:1012F000A06923F08003E168034313606368D1624F
:10130000936223E02A4D23F07003A068551B03432A
:10131000B5FA85F56D09206923F440730343A0698C
:1013200023F0800303431360E368D362636893622E
:1013300051B94DB91F49204B9A4218BF8A4203D078
:1013400003F580639A4201D163691363012300208E
:10135000536184F83D3038BD80F83C20FFF722F817
:1013600099E7551B23F07003A068B5FA85F5034390
:101370006D09D0E7A06823F0700303430F48824251
:10138000C9D0002DC7D1A9E7206923F44073A16912
:101390000343E06823F080030B4361681360D0626D
:1013A0009162C7E70120704700000140000400403F
:1013B000000401400040014000440140000C004096
:1013C0004FF0020C01680A4A034680F83DC0886865
:1013D0000240062A06D0B2F5803F03D00A6842F0E8
:1013E00001020A600122002083F83D20704700BFFF
:1013F000070001000368094AD96841F00101D9607A
:1014000099680A40062A06D0B2F5803F03D01A68D0
:1014100042F001021A600020704700BF070001007F
:1014200090F83C30012B7DD002460223006830B496
:10143000012482F83D3082F83C40544C83681C40C3
:101440000B68602B84606FD01DD9B3F5005F59D055
:1014500042D94F498B4206D038D94E498B4202D0EF
:1014600010318B4206D184684B4921400B4343F035
:101470000703836000230121184682F83D1082F89B
:101480003C3030BC7047402B67D019D9502BF1D17C
:10149000036A4C68CD6823F00A03016A1C433E4B83
:1014A00021F001010162816921F0F00141EA051199
:1014B0008161046281680B4043F057038360D9E780
:1014C000202BD0D01AD9302BD4D1CCE723F0100167
:1014D000B1F5801FCED1C6E7702BCBD18468D1E99E
:1014E00001532B43CD6824F47F4143EA05230B438A
:1014F0008360836843F077038360BBE733F01001B8
:10150000B8D1B0E7D1E9015384682B43CD6824F406
:101510007F4143EA05230B438360836843F48043A0
:101520008360A7E702207047046A4D6824F0100426
:10153000C9680462836923F4704343EA0133016A92
:1015400021F0A0018361144B41EA05110162816819
:101550000B4043F0670383608CE7036A4C68CD68F7
:1015600023F00A03016A1C430B4B21F001010162C5
:10157000816921F0F00141EA05118161046281680D
:101580000B4043F04703836074E700BF8800CEFF41
:1015900020001000300010008FFFCFFF704700BF09
:1015A000704700BF704700BF704700BF03681A69EB
:1015B000910710B5044602D5DA68920768D41A6913
:1015C000520702D5DA6850074FD41A69110702D5BD
:1015D000DA68120737D41A69D00602D5DA68D1065C
:1015E0001ED41A69D20702D5DA68D00769D41A69FD
:1015F000110602D5DA6812066BD41A69D00502D535
:10160000DA6811066DD41A69520602D5DA685006F6
:101610006FD41A69910602D5DA68920649D410BDD2
:101620006FF010010822204619612277DB6913F45C
:10163000407F6FD1FFF7B2FF2046FFF7B3FF0022D4
:1016400023682277CDE76FF0080104222046196154
:101650002277DB699B075AD1FFF7A0FF2046FFF7EF
:10166000A1FF002223682277B5E76FF00401022270
:101670002046196122779B6913F4407F44D1FFF71C
:101680008DFF2046FFF78EFF0022236822779CE71C
:101690006FF002010122196102779B69990730D12D
:1016A000FFF77CFF2046FFF77DFF002223682277AB
:1016B00085E76FF0200220461A61BDE8104000F077
:1016C0005FB86FF0010220461A61FEF75BFF2368E6
:1016D0008DE76FF0800220461A6100F053F823680E
:1016E0008BE76FF4807220461A6100F04DF8236892
:1016F00089E76FF0400220461A61FFF755FF236823
:1017000087E7FFF74DFFD0E7FFF74AFFBCE7FFF79A
:1017100047FFA6E7FFF744FF91E700BF90F83C20A2
:10172000012A28D003460068022230B4134D83F802
:101730003D20A8424268846818D005F58065A8421B
:1017400014D024F0800C22F070020C6889682243C7
:1017500000244CEA01014FF0010C426081602046F8
:1017600083F83DC083F83C4030BC704722F47002DF
:101770004D682A43E5E70220704700BF00000140A2
:10178000704700BF704700BF704700BF0B4601465F
:10179000184600F001B8000010B5054C13462CB1F6
:1017A0000A4601460220AFF3008010BD2046FCE748
:1017B0000000000070B50D4D0D4C641BA4100026F8
:1017C000A64209D10B4D0C4C00F0E6FD641BA410A1
:1017D0000026A64205D170BD55F8043B9847013656
:1017E000EEE755F8043B98470136F2E7B8230108C5
:1017F000B8230108B8230108DC2301080A449142F8
:1018000000F1FF3300D1704710B511F8014B03F818
:10181000014F9142F9D110BD02440346934200D1D9
:10182000704703F8011BF9E737B5002944D051F898
:10183000043C0190002BA1F10404B8BFE41800F0AF
:10184000DFF81E4A0198136833B96360146003B06F
:10185000BDE8304000F0DAB8A34208D92568611924
:101860008B4201BF19685B6849192160EDE71A4690
:101870005B680BB1A342FAD911685518A5420BD188
:10188000246821445418A3421160E0D11C685B68AD
:10189000536021441160DAE702D90C230360D6E7D4
:1018A000256861198B4204BF19685B68636004BFD7
:1018B000491921605460CAE703B030BD1CE200241E
:1018C000F8B5CD1C25F0030508350C2D38BF0C25C7
:1018D000002D064601DBA94203D90C23336000200A
:1018E000F8BD00F08DF821490A6814469CB9204FD4
:1018F0003B6823B92146304600F03CF83860294661
:10190000304600F037F8431C23D10C2333603046B7
:1019100000F07CF8E3E723685B1B17D40B2B03D99B
:1019200023601C44256004E06368A2420CBF0B6086
:101930005360304600F06AF804F10B00231D20F0DC
:101940000700C21ACCD01B1AA350C9E7224664680C
:10195000CCE7C41C24F00304A042E3D0211A304693
:1019600000F008F80130DDD1CFE700BF1CE2002411
:1019700020E2002438B5064D0023044608462B60BB
:1019800000F082FB431C02D12B6803B1236038BDF9
:1019900028E200240CB430B5174B0C1E1D689DB016
:1019A00008DA8B232B604FF0FF301DB0BDE83040CC
:1019B00002B070474FF40273ADF8143014BF04F155
:1019C000FF332346049307934FF6FF73029006906C
:1019D000ADF81630209A21AB02A92846019300F0F9
:1019E00077F8431CBCBF8B232B60002CDDD0029BFF
:1019F00000221A70D9E700BF7C03002470477047AB
:101A00000148FFF7FBBF00BF24E200240148FFF7B5
:101A1000F6BF00BF24E200242DE9F0478E689E4205
:101A200082460C4690461F4638D88A8912F4906F39
:101A300032D025680969A5EB0109656905EB450503
:101A400005EBD57501334B446D109D4238BF1D46E3
:101A5000530531D52946FFF733FF064650B90C230D
:101A6000CAF80030A38943F04003A3814FF0FF3050
:101A7000BDE8F08721694A46FFF7C0FEA38923F439
:101A8000906343F08003A381266165614E44A5EB1A
:101A900009052660A5603E46BE4200D93E46206844
:101AA0003246414600F0A8FAA3689B1BA360236856
:101AB000334423600020DBE72A4600F0B7FA0646ED
:101AC0000028E1D121695046FFF7AEFEC7E70000CC
:101AD0002DE9F04F98468B891B069DB007460D46B1
:101AE00014460ED50B6963B94021FFF7E9FE286063
:101AF000286120B90C233B604FF0FF30D1E0402338
:101B00006B610023099320238DF82930CDF80C80D8
:101B10003023DFF8A8818DF82A304FF001092346E1
:101B20009A4613F8012B0AB1252AF9D1BAEB040B16
:101B30000BD05B46224629463846FFF76DFF013041
:101B400000F0AA80099A5A4409929AF80030002BB2
:101B500000F0A28000234FF0FF32CDE905230AF107
:101B6000010A049307938DF853301A9354460522C3
:101B700014F8011B5148EEF7BBFB049AD8B9D00604
:101B800044BF20238DF85330110744BF2B238DF819
:101B900053309AF800302A2B15D0079A544600206B
:101BA0004FF00A0C214611F8013B303B092B4ED96E
:101BB000B0B1079214E0A0EB080309FA03F3134352
:101BC0000493A246D2E7039B191D1B680391002BC7
:101BD000BBBF5B4242F0020207930793B8BF049277
:101BE00023782E2B0CD163782A2B35D1039B1A1D19
:101BF0001B680392002BB8BF4FF0FF3302340593EC
:101C0000DFF8C8A0217803225046EEF771FB40B1FF
:101C10004023A0EB0A0003FA00F0049B03430134C5
:101C2000049314F8011B26488DF828100622EEF7BD
:101C30005FFB002838D0234B1BBB039B073323F0EB
:101C4000070308330393099B3344099367E70CFBAD
:101C500002320C460120A5E7002301340593194602
:101C60004FF00A0C204610F8012B303A092A03D90C
:101C7000002BC5D00591C3E70CFB012104460123CD
:101C8000F0E703AB00932A460F4B04A93846AFF3A5
:101C90000080421C0646D6D1AB895B063FF52CAFCF
:101CA00009981DB0BDE8F08F03AB00932A46064BA0
:101CB00004A9384600F07AF8EBE700BF6423010876
:101CC0006E23010800000000191A01086A230108A8
:101CD0002DE9F047164699468A680B69DDF82080A1
:101CE0009342B8BF1346336091F8432007460C4631
:101CF0000AB1013333602368990642BF3368023367
:101D00003360256815F0060506D104F1190AE36869
:101D100032689B1AAB4226DC94F84320131E2268DB
:101D200018BF012392062BD404F1430249463846DA
:101D3000C04701301ED02368E568326803F006030F
:101D4000042B08BFAD1AA36822690CBF25EAE5750C
:101D500000259342C4BF9B1AED1800261A34B542E1
:101D60001AD1002008E00123524649463846C047B0
:101D7000013003D14FF0FF30BDE8F0870135C6E7F1
:101D8000E1185A1C302081F84300224494F8451091
:101D900082F843100233C7E70123224649463846FA
:101DA000C0470130E6D00136D9E700002DE9FF47F2
:101DB0000F7E0C9D782F914680460C469A4601F185
:101DC000430207D8622F0AD8002F00F0D880582F7E
:101DD00000F0A38004F1420584F842703AE0A7F1D4
:101DE0006303152BF6D801A151F823F0451E010815
:101DF000591E0108D51D0108D51D0108D51D010872
:101E0000D51D0108591E0108D51D0108D51D010861
:101E1000D51D0108D51D0108651F0108891E01088F
:101E2000471F0108D51D0108D51D0108871F01089E
:101E3000D51D0108891E0108D51D0108D51D010801
:101E40004F1F01082B681A1D1B682A6004F1420508
:101E500084F842300123A3E020682968060601F1D6
:101E600004030AD50E682B60002E03DA2D23764278
:101E700084F843305E480A2319E00E682B6010F0A6
:101E8000400F18BF36B2EFE72B682068191D296094
:101E9000010601D51E6802E04606FBD51E8854489F
:101EA0006F2F0CBF08230A23002184F843106568B4
:101EB000A560002DA2BF216821F0040121600EB9A8
:101EC000002D4DD01546B6FBF3F103FB1167C75D3E
:101ED00005F8017D3746BB420E46F4D9082B0BD1DD
:101EE0002368DE0708D5236961689942DEBF302385
:101EF00005F8013C05F1FF35521B2261CDF800A029
:101F00004B4603AA21464046FFF7E2FE01304CD182
:101F10004FF0FF3004B0BDE8F087354881F84570D8
:101F20002968236851F8046B29601D0614D5DF0762
:101F300044BF43F0200323601EB9236823F020032D
:101F400023601023B0E7236843F020032360782345
:101F5000284884F84530E3E7590648BFB6B2E6E7BB
:101F60001546BBE72B6826686169181D2860350691
:101F70001B6801D5196002E07006FBD519800023AB
:101F800023611546BAE72B681A1D2A601D6862682E
:101F900000212846EEF7ACF908B1401B6060636889
:101FA0002361002384F84330A8E723692A46494681
:101FB0004046D0470130ABD023689B0713D4E0687C
:101FC000039B9842B8BF1846A4E70123324649460E
:101FD0004046D04701309BD00135E36803995B1A36
:101FE000AB42F2DCEBE7002504F11906F5E700BF90
:101FF0007523010886230108884210B501EB02040D
:1020000002D98442234607D8431EA14208D011F8C2
:10201000012B03F8012FF8E7024401468A4200D160
:1020200010BD13F8014D02F8014DF7E7F8B507466A
:1020300014460E4621B9BDE8F8401146FFF740BCF2
:1020400022B9FFF7F1FB25462846F8BD00F014F849
:10205000A0420FD221463846FFF732FC0546002841
:10206000F2D031462246FFF7C9FB31463846FFF72A
:10207000DBFBE9E73546E7E751F8043C181F002B86
:10208000BCBF0B58C0187047044A05491368002BA1
:1020900008BF0B4618441060184670472CE2002415
:1020A00030E20024FFFFFFFFFFFF000001060000F9
:1020B000010700000054004000580040005C004050
:1020C000001C00582500260027003400350047007A
:1020D000520053008E0000000101010307010000BF
:1020E000000000400004004000080040000C0040D8
:1020F000707265737365640072656C6561736564A5
:1021000000000000010400006DDBDBB64992B66DF3
:1021100024499224452C25640A000000502C256493
:102120002C25642C25642C25640A0000532C25647E
:102130002C25732C25640A000006101600061016C4
:10214000060000000C000000120000001800000053
:1021500000010000060100000C0100001201000057
:102160001801000000020000060200000C0200003E
:102170001202000018020000000300000603000025
:102180000002030000000000010000000000000049
:102190000000FA4500007A460000FA4600803B47FE
:1021A0000080BB4700100140004400400048004050
:1021B000004C0040005000400014014000780040F6
:1021C000007C0040000C00580000000000040000EB
:1021D00000060000001000000000000000300000B9
:1021E00000200000000000100000000000100000AF
:1021F00000000000010203040102030406070809AD
:1022000000020102000201020100020004000800B5
:1022100010002000400080000001000200040008BF
:102220000010002000400080000002580004025806
:1022300000080258000C02580010025800140258FE
:1022400000180258001C02580020025800240258AE
:10225000002802580000000001808080808080807B
:102260000480808080808080088080808080808062
:10227000108080808080808020808080808080802E
:102280004000000000040810204000000204081074
:1022900020400000080402040801010100000000C1
:1022A0000B00FF00940200247C020024880200241A
:1022B0004C020024B8020024A0020024AC02002436
:1022C00058020024DC020024C4020024D0020024AE
:1022D0006402002480E0002468E0002474E000240C
:1022E00050E00024A4E000248CE0002498E00024C6
:1022F0005CE0002400030024E8020024F40200242F
:102300007002002400000000000000000000000037
:1023100000000000000000000000000000000000BD
:1023200000000000000000000000000000000000AD
:10233000000000000000000000000000000000009D
:10234000000000000000000000000000000000008D
:10235000000000000000000000000000000000007D
:1023600000000000232D302B2000686C4C006566B7
:1023700067454647003031323334353637383941D6
:1023800042434445460030313233343536373839EC
:102390006162636465660000F8B500BFF8BC08BC04
:1023A0009E467047F8B500BFF8BC08BC9E46704713
:0823B00010E0FE7F01000000B7
:1023B800C5020008E90700080D610008DD6F000884
:1023C80005760008E1890008B5910008F5010108C3
:0423D800ED06010805
:0423DC00A102000852
:1023E00000000000010000001000000010000000CC
:1023F00000000000000000000000000000000000DD
:1024000000000000100000000000000000000000BC
:1024100000000000000000000000000010000000AC
:1024200000000000000000000000000000000000AC
:10243000000000000000000000000000000000009C
:10244000000000000000000000000000010000008B
:10245000000000000000000000000000000000007C
:10246000000000000000000001000000000000006B
:10247000000000000000000000000000000000005C
:10248000000000000100000000000000000000004B
:10249000000000000000000000000000000000003C
:1024A000010000000000000000000000000000002B
:1024B000000000000000000000000000010000001B
:1024C000000000000000000000000000000000000C
:1024D00000000000000000000100000000000000FB
:1024E00000000000000000000000000000000000EC
:1024F00000000000010000000000000000000000DB
:1025000000000000000000000000000000000000CB
:1025100001000000000000000000000000000000BA
:1025200000000000000000000000000001000000AA
:10253000010708000000000000000000010608007C
:1025400000000000000000000B00FF00FC01002460
:10255000F001002414020024080200242C020024AC
:1025600020020024C0010024B4010024D80100246A
:10257000CC010024B0CF002438020024E401002460
:102580008CCF0024A4CF002498CF00245C01002429
:1025900050010024010808020B0800010800000097
:1025A000010908020A08000008000000010C0E03DF
:1025B000020801050E000000020C0801060E0000D2
:1025C0000000000001040B000000000000000000FB
:1025D000010707010F0400000000000001060701C9
:1025E0000E040000000000000003070000000000CF
:1025F00000000000000207000000000000000000D2
:10260000020B07000000000000000000020A0700A3
:1026100000000000000000000609070000000000A4
:10262000000000000090D0030090D003060A0500CF
:102630000405000000000000010C05010407010969
:10264000050000000004060000000000000000007B
:102650000004080000000000000000000104050064
:102660000605060905000000010505000705000034
:1026700000000000060B050005050000000000003A
:10268000010E050202050000000000000201050124
:102690000F05020305000000030305000000000011
:1026A00000000000020B060104060000000000000C
:1026B000020C06010507000000000000020A0600E7
:1026C00000000000000000000104080006080000EF
:1026D00000000000010508000708000000000000DD
:1026E00000050800000000000000000000000000DD
:1026F00000000000000000000000000000000000DA
:1027000000000000010000000000000000000000C8
:1027100000000000000000000000000000000000B9
:1027200001000000000000000000000000000000A8
:102730000000000000000000000000000100000098
:102740000000000000000000000000000000000089
:1027500000000000000000000100000080030024D1
:102760000000000024230108442301080423010879
:102770000000000000000000000000000000000059
:102780000000000000000000000000000000000049
:102790000000000000000000000000000000000039
:1027A0000000000000000000000000000000000029
:1027B0000000000000000000000000000000000019
:040000050800069950
:00000001FF
