ARM GAS  C:\Users\aydan\AppData\Local\Temp\ccigYy1e.s 			page 1


   1              		.cpu cortex-m7
   2              		.eabi_attribute 28, 1
   3              		.eabi_attribute 20, 1
   4              		.eabi_attribute 21, 1
   5              		.eabi_attribute 23, 3
   6              		.eabi_attribute 24, 1
   7              		.eabi_attribute 25, 1
   8              		.eabi_attribute 26, 1
   9              		.eabi_attribute 30, 2
  10              		.eabi_attribute 34, 1
  11              		.eabi_attribute 18, 4
  12              		.file	"audio_engine.cpp"
  13              		.text
  14              	.Ltext0:
  15              		.cfi_sections	.debug_frame
  16              		.section	.text._ZN3app11AudioEngine16StringContainsCiEPKcS2_.part.0,"ax",%progbits
  17              		.align	1
  18              		.p2align 2,,3
  19              		.arch armv7e-m
  20              		.syntax unified
  21              		.thumb
  22              		.thumb_func
  23              		.fpu fpv5-d16
  25              	_ZN3app11AudioEngine16StringContainsCiEPKcS2_.part.0:
  26              	.LVL0:
  27              	.LFB5342:
  28              		.file 1 "src/audio_engine.cpp"
   1:src/audio_engine.cpp **** #include "audio_engine.h"
   2:src/audio_engine.cpp **** 
   3:src/audio_engine.cpp **** namespace app
   4:src/audio_engine.cpp **** {
   5:src/audio_engine.cpp **** 
   6:src/audio_engine.cpp **** AudioEngine::AudioEngine()
   7:src/audio_engine.cpp **** : mailbox_(0),
   8:src/audio_engine.cpp ****   tuner_capture_(0),
   9:src/audio_engine.cpp ****   chorus_(),
  10:src/audio_engine.cpp ****   reverb_(),
  11:src/audio_engine.cpp ****   crusher_(),
  12:src/audio_engine.cpp ****   granular_delay_(),
  13:src/audio_engine.cpp ****   effects_{0, &chorus_, &reverb_, &crusher_, &granular_delay_},
  14:src/audio_engine.cpp ****   maps_{{-1, -1, -1}, {-1, -1, -1}, {-1, -1, -1}, {-1, -1, -1}, {-1, -1, -1}},
  15:src/audio_engine.cpp ****   current_{config::FX_TUNER, 0, {0, 0, 0}},
  16:src/audio_engine.cpp ****   applied_{0xffu, 0xffu, {0xffffu, 0xffffu, 0xffffu}},
  17:src/audio_engine.cpp ****   mailbox_revision_(0),
  18:src/audio_engine.cpp ****   active_effect_(config::FX_TUNER),
  19:src/audio_engine.cpp ****   active_bypass_(false),
  20:src/audio_engine.cpp ****   pending_effect_(config::FX_TUNER),
  21:src/audio_engine.cpp ****   pending_bypass_(false),
  22:src/audio_engine.cpp ****   transition_(TRANSITION_STEADY),
  23:src/audio_engine.cpp ****   wet_gain_(0.0f),
  24:src/audio_engine.cpp ****   wet_gain_step_(1.0f / (config::kSampleRateHz * (config::kTransitionTimeMs * 0.001f)))
  25:src/audio_engine.cpp **** #if AUDIO_CPU_LOAD_DEBUG
  26:src/audio_engine.cpp ****   , cpu_load_(),
  27:src/audio_engine.cpp ****   effect_peak_load_{0.0f, 0.0f, 0.0f, 0.0f, 0.0f},
  28:src/audio_engine.cpp ****   overrun_count_(0)
  29:src/audio_engine.cpp **** #endif
  30:src/audio_engine.cpp **** {
ARM GAS  C:\Users\aydan\AppData\Local\Temp\ccigYy1e.s 			page 2


  31:src/audio_engine.cpp **** }
  32:src/audio_engine.cpp **** 
  33:src/audio_engine.cpp **** void AudioEngine::Init(float sample_rate, ControlMailbox& mailbox, TunerCapture& tuner_capture)
  34:src/audio_engine.cpp **** {
  35:src/audio_engine.cpp ****     mailbox_ = &mailbox;
  36:src/audio_engine.cpp ****     tuner_capture_ = &tuner_capture;
  37:src/audio_engine.cpp **** 
  38:src/audio_engine.cpp ****     chorus_.Init(sample_rate);
  39:src/audio_engine.cpp ****     reverb_.Init(sample_rate);
  40:src/audio_engine.cpp ****     crusher_.Init(sample_rate);
  41:src/audio_engine.cpp ****     granular_delay_.Init(sample_rate);
  42:src/audio_engine.cpp ****     chorus_.SetEnabled(true);
  43:src/audio_engine.cpp ****     reverb_.SetEnabled(true);
  44:src/audio_engine.cpp ****     crusher_.SetEnabled(true);
  45:src/audio_engine.cpp ****     granular_delay_.SetEnabled(true);
  46:src/audio_engine.cpp **** 
  47:src/audio_engine.cpp ****     BuildParamMaps();
  48:src/audio_engine.cpp **** #if AUDIO_CPU_LOAD_DEBUG
  49:src/audio_engine.cpp ****     cpu_load_.Init(sample_rate, config::kAudioBlockSize);
  50:src/audio_engine.cpp ****     for(int i = 0; i < config::FX_COUNT; ++i)
  51:src/audio_engine.cpp ****         effect_peak_load_[i] = 0.0f;
  52:src/audio_engine.cpp ****     overrun_count_ = 0;
  53:src/audio_engine.cpp **** #endif
  54:src/audio_engine.cpp ****     ApplySnapshotIfChanged();
  55:src/audio_engine.cpp ****     active_effect_ = current_.effect;
  56:src/audio_engine.cpp ****     active_bypass_ = current_.bypass != 0;
  57:src/audio_engine.cpp ****     pending_effect_ = active_effect_;
  58:src/audio_engine.cpp ****     pending_bypass_ = active_bypass_;
  59:src/audio_engine.cpp ****     wet_gain_ = (active_effect_ == config::FX_TUNER || active_bypass_) ? 0.0f : 1.0f;
  60:src/audio_engine.cpp **** }
  61:src/audio_engine.cpp **** 
  62:src/audio_engine.cpp **** // The callback reads one control snapshot per block, then keeps audio work
  63:src/audio_engine.cpp **** // deterministic: capture input, process the current effect, and apply any
  64:src/audio_engine.cpp **** // pending fade state sample by sample.
  65:src/audio_engine.cpp **** void AudioEngine::Process(daisy::AudioHandle::InputBuffer in,
  66:src/audio_engine.cpp ****                           daisy::AudioHandle::OutputBuffer out,
  67:src/audio_engine.cpp ****                           size_t size)
  68:src/audio_engine.cpp **** {
  69:src/audio_engine.cpp **** #if AUDIO_CPU_LOAD_DEBUG
  70:src/audio_engine.cpp ****     const uint8_t metered_effect = active_effect_;
  71:src/audio_engine.cpp ****     cpu_load_.OnBlockStart();
  72:src/audio_engine.cpp **** #endif
  73:src/audio_engine.cpp **** 
  74:src/audio_engine.cpp ****     ApplySnapshotIfChanged();
  75:src/audio_engine.cpp **** 
  76:src/audio_engine.cpp ****     if(tuner_capture_)
  77:src/audio_engine.cpp ****         tuner_capture_->WriteBlock(in[0], size);
  78:src/audio_engine.cpp **** 
  79:src/audio_engine.cpp ****     for(size_t i = 0; i < size; ++i)
  80:src/audio_engine.cpp ****     {
  81:src/audio_engine.cpp ****         const float x = in[0][i];
  82:src/audio_engine.cpp ****         float wet_l = x;
  83:src/audio_engine.cpp ****         float wet_r = x;
  84:src/audio_engine.cpp ****         bkshepherd::BaseEffectModule* fx = effects_[active_effect_];
  85:src/audio_engine.cpp **** 
  86:src/audio_engine.cpp ****         if(fx && active_effect_ != config::FX_TUNER && !(active_bypass_ && transition_ == TRANSITIO
  87:src/audio_engine.cpp ****             ProcessEffectSample(fx, x, wet_l, wet_r);
ARM GAS  C:\Users\aydan\AppData\Local\Temp\ccigYy1e.s 			page 3


  88:src/audio_engine.cpp **** 
  89:src/audio_engine.cpp ****         out[0][i] = ClampOutput(x + wet_gain_ * (wet_l - x));
  90:src/audio_engine.cpp ****         out[1][i] = ClampOutput(x + wet_gain_ * (wet_r - x));
  91:src/audio_engine.cpp **** 
  92:src/audio_engine.cpp ****         StepTransition();
  93:src/audio_engine.cpp ****     }
  94:src/audio_engine.cpp **** 
  95:src/audio_engine.cpp **** #if AUDIO_CPU_LOAD_DEBUG
  96:src/audio_engine.cpp ****     cpu_load_.OnBlockEnd();
  97:src/audio_engine.cpp ****     const float peak = cpu_load_.GetMaxCpuLoad();
  98:src/audio_engine.cpp ****     if(metered_effect < config::FX_COUNT && peak == peak && peak > effect_peak_load_[metered_effect
  99:src/audio_engine.cpp ****         effect_peak_load_[metered_effect] = peak;
 100:src/audio_engine.cpp ****     if(peak > 1.0f)
 101:src/audio_engine.cpp ****         ++overrun_count_;
 102:src/audio_engine.cpp **** #endif
 103:src/audio_engine.cpp **** }
 104:src/audio_engine.cpp **** 
 105:src/audio_engine.cpp **** // Case-insensitive substring helper used only while building parameter maps during initialization.
 106:src/audio_engine.cpp **** bool AudioEngine::StringContainsCi(const char* haystack, const char* needle)
  29              		.loc 1 106 6 view -0
  30              		.cfi_startproc
  31              		@ args = 0, pretend = 0, frame = 0
  32              		@ frame_needed = 0, uses_anonymous_args = 0
  33              	.LBB54:
 107:src/audio_engine.cpp **** {
 108:src/audio_engine.cpp ****     if(!haystack || !needle)
 109:src/audio_engine.cpp ****         return false;
 110:src/audio_engine.cpp ****     for(const char* h = haystack; *h; ++h)
  34              		.loc 1 110 35 view .LVU1
  35 0000 0378     		ldrb	r3, [r0]	@ zero_extendqisi2
  36 0002 33B3     		cbz	r3, .L8
  37              	.LBE54:
 106:src/audio_engine.cpp **** {
  38              		.loc 1 106 6 is_stmt 0 view .LVU2
  39 0004 F0B5     		push	{r4, r5, r6, r7, lr}
  40              		.cfi_def_cfa_offset 20
  41              		.cfi_offset 4, -20
  42              		.cfi_offset 5, -16
  43              		.cfi_offset 6, -12
  44              		.cfi_offset 7, -8
  45              		.cfi_offset 14, -4
  46              	.LVL1:
  47              	.L7:
  48              	.LBB61:
  49              	.LBB55:
 111:src/audio_engine.cpp ****     {
 112:src/audio_engine.cpp ****         const char* h2 = h;
 113:src/audio_engine.cpp ****         const char* n = needle;
 114:src/audio_engine.cpp ****         while(*h2 && *n)
  50              		.loc 1 114 9 is_stmt 1 view .LVU3
  51              		.loc 1 114 19 view .LVU4
  52              		.loc 1 114 19 is_stmt 0 view .LVU5
  53 0006 8C46     		mov	ip, r1
  54 0008 8646     		mov	lr, r0
  55 000a 0AE0     		b	.L6
  56              	.LVL2:
  57              	.L18:
ARM GAS  C:\Users\aydan\AppData\Local\Temp\ccigYy1e.s 			page 4


  58              	.LBB56:
 115:src/audio_engine.cpp ****         {
 116:src/audio_engine.cpp ****             char ch = *h2;
 117:src/audio_engine.cpp ****             char cn = *n;
 118:src/audio_engine.cpp ****             if(ch >= 'A' && ch <= 'Z') ch = (char)(ch - 'A' + 'a');
  59              		.loc 1 118 13 view .LVU6
  60 000c 192D     		cmp	r5, #25
  61              		.loc 1 118 43 view .LVU7
  62 000e 98BF     		it	ls
  63 0010 FBB2     		uxtbls	r3, r7
  64              	.LVL3:
 119:src/audio_engine.cpp ****             if(cn >= 'A' && cn <= 'Z') cn = (char)(cn - 'A' + 'a');
  65              		.loc 1 119 13 is_stmt 1 view .LVU8
  66 0012 192C     		cmp	r4, #25
  67              		.loc 1 119 43 is_stmt 0 view .LVU9
  68 0014 98BF     		it	ls
  69 0016 F2B2     		uxtbls	r2, r6
  70              	.LVL4:
 120:src/audio_engine.cpp ****             if(ch != cn) break;
  71              		.loc 1 120 13 is_stmt 1 view .LVU10
  72 0018 9342     		cmp	r3, r2
  73 001a 14D1     		bne	.L5
  74              	.LBE56:
 114:src/audio_engine.cpp ****         {
  75              		.loc 1 114 15 is_stmt 0 view .LVU11
  76 001c 1EF8013F 		ldrb	r3, [lr, #1]!	@ zero_extendqisi2
  77              	.LVL5:
 114:src/audio_engine.cpp ****         {
  78              		.loc 1 114 19 view .LVU12
  79 0020 6BB1     		cbz	r3, .L17
  80              	.LVL6:
  81              	.L6:
  82              	.LBB57:
 116:src/audio_engine.cpp ****             char cn = *n;
  83              		.loc 1 116 13 is_stmt 1 view .LVU13
 117:src/audio_engine.cpp ****             if(ch >= 'A' && ch <= 'Z') ch = (char)(ch - 'A' + 'a');
  84              		.loc 1 117 13 view .LVU14
 118:src/audio_engine.cpp ****             if(cn >= 'A' && cn <= 'Z') cn = (char)(cn - 'A' + 'a');
  85              		.loc 1 118 40 view .LVU15
 119:src/audio_engine.cpp ****             if(ch != cn) break;
  86              		.loc 1 119 40 view .LVU16
 121:src/audio_engine.cpp ****             ++h2;
  87              		.loc 1 121 13 view .LVU17
 122:src/audio_engine.cpp ****             ++n;
  88              		.loc 1 122 13 view .LVU18
  89              	.LBE57:
 114:src/audio_engine.cpp ****         {
  90              		.loc 1 114 22 is_stmt 0 view .LVU19
  91 0022 1CF8012B 		ldrb	r2, [ip], #1	@ zero_extendqisi2
  92              	.LVL7:
  93              	.LBB58:
 118:src/audio_engine.cpp ****             if(cn >= 'A' && cn <= 'Z') cn = (char)(cn - 'A' + 'a');
  94              		.loc 1 118 13 is_stmt 1 view .LVU20
 118:src/audio_engine.cpp ****             if(cn >= 'A' && cn <= 'Z') cn = (char)(cn - 'A' + 'a');
  95              		.loc 1 118 13 is_stmt 0 view .LVU21
  96              	.LBE58:
 114:src/audio_engine.cpp ****         {
ARM GAS  C:\Users\aydan\AppData\Local\Temp\ccigYy1e.s 			page 5


  97              		.loc 1 114 9 is_stmt 1 view .LVU22
 114:src/audio_engine.cpp ****         {
  98              		.loc 1 114 19 view .LVU23
  99              	.LBB59:
 118:src/audio_engine.cpp ****             if(cn >= 'A' && cn <= 'Z') cn = (char)(cn - 'A' + 'a');
 100              		.loc 1 118 13 is_stmt 0 view .LVU24
 101 0026 A3F14105 		sub	r5, r3, #65
 118:src/audio_engine.cpp ****             if(cn >= 'A' && cn <= 'Z') cn = (char)(cn - 'A' + 'a');
 102              		.loc 1 118 43 view .LVU25
 103 002a 03F12007 		add	r7, r3, #32
 119:src/audio_engine.cpp ****             if(ch != cn) break;
 104              		.loc 1 119 13 view .LVU26
 105 002e A2F14104 		sub	r4, r2, #65
 119:src/audio_engine.cpp ****             if(ch != cn) break;
 106              		.loc 1 119 43 view .LVU27
 107 0032 02F12006 		add	r6, r2, #32
 108              	.LBE59:
 114:src/audio_engine.cpp ****         {
 109              		.loc 1 114 19 view .LVU28
 110 0036 002A     		cmp	r2, #0
 111 0038 E8D1     		bne	.L18
 112              	.LVL8:
 113              	.L10:
 123:src/audio_engine.cpp ****         }
 124:src/audio_engine.cpp ****         if(*n == '\0')
 125:src/audio_engine.cpp ****             return true;
 114              		.loc 1 125 20 view .LVU29
 115 003a 0120     		movs	r0, #1
 116              	.LVL9:
 117              		.loc 1 125 20 view .LVU30
 118              	.LBE55:
 119              	.LBE61:
 126:src/audio_engine.cpp ****     }
 127:src/audio_engine.cpp ****     return false;
 128:src/audio_engine.cpp **** }
 120              		.loc 1 128 1 view .LVU31
 121 003c F0BD     		pop	{r4, r5, r6, r7, pc}
 122              	.LVL10:
 123              	.L17:
 124              	.LBB62:
 125              	.LBB60:
 124:src/audio_engine.cpp ****             return true;
 126              		.loc 1 124 9 is_stmt 1 view .LVU32
 127 003e 9CF80030 		ldrb	r3, [ip]	@ zero_extendqisi2
 128 0042 002B     		cmp	r3, #0
 129 0044 F9D0     		beq	.L10
 130              	.L5:
 124:src/audio_engine.cpp ****             return true;
 131              		.loc 1 124 9 is_stmt 0 view .LVU33
 132              	.LBE60:
 110:src/audio_engine.cpp ****     {
 133              		.loc 1 110 5 is_stmt 1 view .LVU34
 134              	.LVL11:
 110:src/audio_engine.cpp ****     {
 135              		.loc 1 110 35 view .LVU35
 136 0046 10F8013F 		ldrb	r3, [r0, #1]!	@ zero_extendqisi2
 137              	.LVL12:
ARM GAS  C:\Users\aydan\AppData\Local\Temp\ccigYy1e.s 			page 6


 110:src/audio_engine.cpp ****     {
 138              		.loc 1 110 35 is_stmt 0 view .LVU36
 139 004a 002B     		cmp	r3, #0
 140 004c DBD1     		bne	.L7
 141              	.LBE62:
 127:src/audio_engine.cpp **** }
 142              		.loc 1 127 12 view .LVU37
 143 004e 1846     		mov	r0, r3
 144              	.LVL13:
 145              		.loc 1 128 1 view .LVU38
 146 0050 F0BD     		pop	{r4, r5, r6, r7, pc}
 147              	.LVL14:
 148              	.L8:
 149              		.cfi_def_cfa_offset 0
 150              		.cfi_restore 4
 151              		.cfi_restore 5
 152              		.cfi_restore 6
 153              		.cfi_restore 7
 154              		.cfi_restore 14
 127:src/audio_engine.cpp **** }
 155              		.loc 1 127 12 view .LVU39
 156 0052 1846     		mov	r0, r3
 157              	.LVL15:
 158              		.loc 1 128 1 view .LVU40
 159 0054 7047     		bx	lr
 160              		.cfi_endproc
 161              	.LFE5342:
 163 0056 00BF     		.section	.text._ZN3app11AudioEngine15ApplyParametersEhPKt.part.0,"ax",%progbits
 164              		.align	1
 165              		.p2align 2,,3
 166              		.syntax unified
 167              		.thumb
 168              		.thumb_func
 169              		.fpu fpv5-d16
 171              	_ZN3app11AudioEngine15ApplyParametersEhPKt.part.0:
 172              	.LVL16:
 173              	.LFB5346:
 129:src/audio_engine.cpp **** 
 130:src/audio_engine.cpp **** // Find a module parameter by its display name when the imported module does not expose a better ty
 131:src/audio_engine.cpp **** int AudioEngine::FindParamByKeywords(bkshepherd::BaseEffectModule* fx,
 132:src/audio_engine.cpp ****                                      const char* kw1,
 133:src/audio_engine.cpp ****                                      const char* kw2,
 134:src/audio_engine.cpp ****                                      const char* kw3)
 135:src/audio_engine.cpp **** {
 136:src/audio_engine.cpp ****     if(!fx)
 137:src/audio_engine.cpp ****         return -1;
 138:src/audio_engine.cpp ****     for(int i = 0; i < (int)fx->GetParameterCount(); ++i)
 139:src/audio_engine.cpp ****     {
 140:src/audio_engine.cpp ****         const char* name = fx->GetParameterName(i);
 141:src/audio_engine.cpp ****         if(StringContainsCi(name, kw1) || (kw2 && StringContainsCi(name, kw2)) || (kw3 && StringCon
 142:src/audio_engine.cpp ****             return i;
 143:src/audio_engine.cpp ****     }
 144:src/audio_engine.cpp ****     return -1;
 145:src/audio_engine.cpp **** }
 146:src/audio_engine.cpp **** 
 147:src/audio_engine.cpp **** // Fall back to the module-defined knob mapping, then to positional parameters, preserving old modu
 148:src/audio_engine.cpp **** int AudioEngine::FallbackParamForPot(bkshepherd::BaseEffectModule* fx, int pot_idx)
ARM GAS  C:\Users\aydan\AppData\Local\Temp\ccigYy1e.s 			page 7


 149:src/audio_engine.cpp **** {
 150:src/audio_engine.cpp ****     if(!fx)
 151:src/audio_engine.cpp ****         return -1;
 152:src/audio_engine.cpp ****     const int pid = fx->GetMappedParameterIDForKnob(pot_idx);
 153:src/audio_engine.cpp ****     if(pid >= 0)
 154:src/audio_engine.cpp ****         return pid;
 155:src/audio_engine.cpp ****     return pot_idx < (int)fx->GetParameterCount() ? pot_idx : -1;
 156:src/audio_engine.cpp **** }
 157:src/audio_engine.cpp **** 
 158:src/audio_engine.cpp **** float AudioEngine::U16ToFloat(uint16_t value)
 159:src/audio_engine.cpp **** {
 160:src/audio_engine.cpp ****     return (float)value / 65535.0f;
 161:src/audio_engine.cpp **** }
 162:src/audio_engine.cpp **** 
 163:src/audio_engine.cpp **** // Preserve the existing simple output limiter so summed dry/wet transitions cannot exceed the expe
 164:src/audio_engine.cpp **** float AudioEngine::ClampOutput(float value)
 165:src/audio_engine.cpp **** {
 166:src/audio_engine.cpp ****     return value < -0.95f ? -0.95f : (value > 0.95f ? 0.95f : value);
 167:src/audio_engine.cpp **** }
 168:src/audio_engine.cpp **** 
 169:src/audio_engine.cpp **** // Map the three pots to the parameters that make sense for each effect.
 170:src/audio_engine.cpp **** // Granular delay uses explicit parameter IDs so the mapping stays obvious.
 171:src/audio_engine.cpp **** void AudioEngine::BuildParamMaps()
 172:src/audio_engine.cpp **** {
 173:src/audio_engine.cpp ****     maps_[config::FX_CHORUS].p0 = FindParamByKeywords(&chorus_, "mix", "wet", 0);
 174:src/audio_engine.cpp ****     maps_[config::FX_CHORUS].p1 = FindParamByKeywords(&chorus_, "rate", "speed", "freq");
 175:src/audio_engine.cpp ****     maps_[config::FX_CHORUS].p2 = FindParamByKeywords(&chorus_, "depth", 0, 0);
 176:src/audio_engine.cpp ****     if(maps_[config::FX_CHORUS].p0 < 0) maps_[config::FX_CHORUS].p0 = FallbackParamForPot(&chorus_,
 177:src/audio_engine.cpp ****     if(maps_[config::FX_CHORUS].p1 < 0) maps_[config::FX_CHORUS].p1 = FallbackParamForPot(&chorus_,
 178:src/audio_engine.cpp ****     if(maps_[config::FX_CHORUS].p2 < 0) maps_[config::FX_CHORUS].p2 = FallbackParamForPot(&chorus_,
 179:src/audio_engine.cpp **** 
 180:src/audio_engine.cpp ****     maps_[config::FX_REVERB].p0 = FindParamByKeywords(&reverb_, "mix", "wet", 0);
 181:src/audio_engine.cpp ****     maps_[config::FX_REVERB].p1 = FindParamByKeywords(&reverb_, "time", "decay", "feedback");
 182:src/audio_engine.cpp ****     maps_[config::FX_REVERB].p2 = FindParamByKeywords(&reverb_, "lpfreq", "damp", "tone");
 183:src/audio_engine.cpp ****     if(maps_[config::FX_REVERB].p0 < 0) maps_[config::FX_REVERB].p0 = FallbackParamForPot(&reverb_,
 184:src/audio_engine.cpp ****     if(maps_[config::FX_REVERB].p1 < 0) maps_[config::FX_REVERB].p1 = FallbackParamForPot(&reverb_,
 185:src/audio_engine.cpp ****     if(maps_[config::FX_REVERB].p2 < 0) maps_[config::FX_REVERB].p2 = FallbackParamForPot(&reverb_,
 186:src/audio_engine.cpp **** 
 187:src/audio_engine.cpp ****     maps_[config::FX_CRUSHER].p0 = FindParamByKeywords(&crusher_, "level", "gain", "volume");
 188:src/audio_engine.cpp ****     maps_[config::FX_CRUSHER].p1 = FindParamByKeywords(&crusher_, "bits", "crush", "depth");
 189:src/audio_engine.cpp ****     maps_[config::FX_CRUSHER].p2 = FindParamByKeywords(&crusher_, "cutoff", "filter", "tone");
 190:src/audio_engine.cpp ****     if(maps_[config::FX_CRUSHER].p0 < 0) maps_[config::FX_CRUSHER].p0 = FallbackParamForPot(&crushe
 191:src/audio_engine.cpp ****     if(maps_[config::FX_CRUSHER].p1 < 0) maps_[config::FX_CRUSHER].p1 = FallbackParamForPot(&crushe
 192:src/audio_engine.cpp ****     if(maps_[config::FX_CRUSHER].p2 < 0) maps_[config::FX_CRUSHER].p2 = FallbackParamForPot(&crushe
 193:src/audio_engine.cpp **** 
 194:src/audio_engine.cpp ****     maps_[config::FX_GRANULAR_DELAY].p0 = bkshepherd::GranularDelayModule::SIZE;
 195:src/audio_engine.cpp ****     maps_[config::FX_GRANULAR_DELAY].p1 = bkshepherd::GranularDelayModule::MIX;
 196:src/audio_engine.cpp ****     maps_[config::FX_GRANULAR_DELAY].p2 = bkshepherd::GranularDelayModule::PITCH;
 197:src/audio_engine.cpp **** }
 198:src/audio_engine.cpp **** 
 199:src/audio_engine.cpp **** // The main loop publishes requested state into the mailbox; the audio thread
 200:src/audio_engine.cpp **** // consumes it here and only re-applies parameters when the revision changes.
 201:src/audio_engine.cpp **** void AudioEngine::ApplySnapshotIfChanged()
 202:src/audio_engine.cpp **** {
 203:src/audio_engine.cpp ****     if(!mailbox_)
 204:src/audio_engine.cpp ****         return;
 205:src/audio_engine.cpp **** 
ARM GAS  C:\Users\aydan\AppData\Local\Temp\ccigYy1e.s 			page 8


 206:src/audio_engine.cpp ****     ControlSnapshot snapshot;
 207:src/audio_engine.cpp ****     uint32_t revision = mailbox_revision_;
 208:src/audio_engine.cpp ****     if(!mailbox_->Read(snapshot, revision) || revision == mailbox_revision_)
 209:src/audio_engine.cpp ****         return;
 210:src/audio_engine.cpp **** 
 211:src/audio_engine.cpp ****     mailbox_revision_ = revision;
 212:src/audio_engine.cpp ****     current_ = snapshot;
 213:src/audio_engine.cpp ****     if(current_.effect >= config::FX_COUNT)
 214:src/audio_engine.cpp ****         current_.effect = config::FX_TUNER;
 215:src/audio_engine.cpp **** 
 216:src/audio_engine.cpp ****     const bool effect_changed = current_.effect != applied_.effect;
 217:src/audio_engine.cpp ****     const bool params_changed = current_.parameters[0] != applied_.parameters[0]
 218:src/audio_engine.cpp ****         || current_.parameters[1] != applied_.parameters[1]
 219:src/audio_engine.cpp ****         || current_.parameters[2] != applied_.parameters[2];
 220:src/audio_engine.cpp **** 
 221:src/audio_engine.cpp ****     if(params_changed || effect_changed)
 222:src/audio_engine.cpp ****         ApplyParameters(current_.effect, current_.parameters);
 223:src/audio_engine.cpp **** 
 224:src/audio_engine.cpp ****     if(current_.effect != pending_effect_ || (current_.bypass != 0) != pending_bypass_)
 225:src/audio_engine.cpp ****         StartTransition(current_.effect, current_.bypass != 0);
 226:src/audio_engine.cpp **** 
 227:src/audio_engine.cpp ****     applied_ = current_;
 228:src/audio_engine.cpp **** }
 229:src/audio_engine.cpp **** 
 230:src/audio_engine.cpp **** // Fade out the old wet signal before changing modes, so bypass and effect
 231:src/audio_engine.cpp **** // switches do not click or cut off the previous effect abruptly.
 232:src/audio_engine.cpp **** void AudioEngine::StartTransition(uint8_t requested_effect, bool requested_bypass)
 233:src/audio_engine.cpp **** {
 234:src/audio_engine.cpp ****     pending_effect_ = requested_effect;
 235:src/audio_engine.cpp ****     pending_bypass_ = requested_bypass;
 236:src/audio_engine.cpp **** 
 237:src/audio_engine.cpp ****     const bool audible = wet_gain_ > 0.0f && active_effect_ != config::FX_TUNER && !active_bypass_;
 238:src/audio_engine.cpp ****     if(audible)
 239:src/audio_engine.cpp ****         transition_ = TRANSITION_FADING_OUT;
 240:src/audio_engine.cpp ****     else
 241:src/audio_engine.cpp ****     {
 242:src/audio_engine.cpp ****         active_effect_ = pending_effect_;
 243:src/audio_engine.cpp ****         active_bypass_ = pending_bypass_;
 244:src/audio_engine.cpp ****         wet_gain_ = 0.0f;
 245:src/audio_engine.cpp ****         transition_ = (active_effect_ != config::FX_TUNER && !active_bypass_) ? TRANSITION_FADING_I
 246:src/audio_engine.cpp ****     }
 247:src/audio_engine.cpp **** }
 248:src/audio_engine.cpp **** 
 249:src/audio_engine.cpp **** // Advance the wet/dry ramp once per sample. When the ramp reaches zero or
 250:src/audio_engine.cpp **** // one, the engine either switches modes or returns to steady state.
 251:src/audio_engine.cpp **** void AudioEngine::StepTransition()
 252:src/audio_engine.cpp **** {
 253:src/audio_engine.cpp ****     if(transition_ == TRANSITION_FADING_OUT)
 254:src/audio_engine.cpp ****     {
 255:src/audio_engine.cpp ****         wet_gain_ -= wet_gain_step_;
 256:src/audio_engine.cpp ****         if(wet_gain_ <= 0.0f)
 257:src/audio_engine.cpp ****         {
 258:src/audio_engine.cpp ****             wet_gain_ = 0.0f;
 259:src/audio_engine.cpp ****             active_effect_ = pending_effect_;
 260:src/audio_engine.cpp ****             active_bypass_ = pending_bypass_;
 261:src/audio_engine.cpp ****             transition_ = (active_effect_ != config::FX_TUNER && !active_bypass_) ? TRANSITION_FADI
 262:src/audio_engine.cpp ****         }
ARM GAS  C:\Users\aydan\AppData\Local\Temp\ccigYy1e.s 			page 9


 263:src/audio_engine.cpp ****     }
 264:src/audio_engine.cpp ****     else if(transition_ == TRANSITION_FADING_IN)
 265:src/audio_engine.cpp ****     {
 266:src/audio_engine.cpp ****         wet_gain_ += wet_gain_step_;
 267:src/audio_engine.cpp ****         if(wet_gain_ >= 1.0f)
 268:src/audio_engine.cpp ****         {
 269:src/audio_engine.cpp ****             wet_gain_ = 1.0f;
 270:src/audio_engine.cpp ****             transition_ = TRANSITION_STEADY;
 271:src/audio_engine.cpp ****         }
 272:src/audio_engine.cpp ****     }
 273:src/audio_engine.cpp **** }
 274:src/audio_engine.cpp **** 
 275:src/audio_engine.cpp **** // Process one sample through the active module and retrieve both output channels.
 276:src/audio_engine.cpp **** void AudioEngine::ProcessEffectSample(bkshepherd::BaseEffectModule* fx, float in, float& out_l, flo
 277:src/audio_engine.cpp **** {
 278:src/audio_engine.cpp ****     fx->ProcessMono(in);
 279:src/audio_engine.cpp ****     out_l = fx->GetAudioLeft();
 280:src/audio_engine.cpp ****     out_r = fx->GetAudioRight();
 281:src/audio_engine.cpp **** }
 282:src/audio_engine.cpp **** 
 283:src/audio_engine.cpp **** // Convert mailbox fixed-point pots back to normalized floats only inside the callback-owned engine
 284:src/audio_engine.cpp **** void AudioEngine::ApplyParameters(uint8_t effect, const uint16_t* parameters)
 174              		.loc 1 284 6 is_stmt 1 view -0
 175              		.cfi_startproc
 176              		@ args = 0, pretend = 0, frame = 0
 177              		@ frame_needed = 0, uses_anonymous_args = 0
 285:src/audio_engine.cpp **** {
 286:src/audio_engine.cpp ****     if(effect == config::FX_TUNER || effect >= config::FX_COUNT)
 287:src/audio_engine.cpp ****         return;
 288:src/audio_engine.cpp **** 
 289:src/audio_engine.cpp ****     bkshepherd::BaseEffectModule* fx = effects_[effect];
 178              		.loc 1 289 5 view .LVU42
 179              		.loc 1 289 35 is_stmt 0 view .LVU43
 180 0000 274B     		ldr	r3, .L29
 181 0002 0B44     		add	r3, r3, r1
 182 0004 00EB8303 		add	r3, r0, r3, lsl #2
 284:src/audio_engine.cpp **** {
 183              		.loc 1 284 6 view .LVU44
 184 0008 2DE9F041 		push	{r4, r5, r6, r7, r8, lr}
 185              		.cfi_def_cfa_offset 24
 186              		.cfi_offset 4, -24
 187              		.cfi_offset 5, -20
 188              		.cfi_offset 6, -16
 189              		.cfi_offset 7, -12
 190              		.cfi_offset 8, -8
 191              		.cfi_offset 14, -4
 192              		.loc 1 289 35 view .LVU45
 193 000c D3F80480 		ldr	r8, [r3, #4]
 194              	.LVL17:
 290:src/audio_engine.cpp ****     if(!fx)
 195              		.loc 1 290 5 is_stmt 1 view .LVU46
 196 0010 B8F1000F 		cmp	r8, #0
 197 0014 19D0     		beq	.L19
 291:src/audio_engine.cpp ****         return;
 292:src/audio_engine.cpp **** 
 293:src/audio_engine.cpp ****     const PotParamMap& map = maps_[effect];
 198              		.loc 1 293 5 view .LVU47
ARM GAS  C:\Users\aydan\AppData\Local\Temp\ccigYy1e.s 			page 10


 199              	.LVL18:
 294:src/audio_engine.cpp ****     if(map.p0 >= 0) fx->SetParameterAsMagnitude(map.p0, U16ToFloat(parameters[0]));
 200              		.loc 1 294 5 view .LVU48
 201              		.loc 1 294 12 is_stmt 0 view .LVU49
 202 0016 01EB4103 		add	r3, r1, r1, lsl #1
 203 001a 1746     		mov	r7, r2
 204 001c 214A     		ldr	r2, .L29+4
 205              	.LVL19:
 206              		.loc 1 294 12 view .LVU50
 207 001e 0D46     		mov	r5, r1
 208 0020 00EB8303 		add	r3, r0, r3, lsl #2
 209 0024 0446     		mov	r4, r0
 210 0026 4E00     		lsls	r6, r1, #1
 211 0028 9958     		ldr	r1, [r3, r2]
 212              	.LVL20:
 213              		.loc 1 294 5 view .LVU51
 214 002a 0029     		cmp	r1, #0
 215 002c 2ADA     		bge	.L26
 216              	.LVL21:
 217              	.L22:
 295:src/audio_engine.cpp ****     if(map.p1 >= 0) fx->SetParameterAsMagnitude(map.p1, U16ToFloat(parameters[1]));
 218              		.loc 1 295 5 is_stmt 1 view .LVU52
 219              		.loc 1 295 12 is_stmt 0 view .LVU53
 220 002e 7319     		adds	r3, r6, r5
 221 0030 1D4A     		ldr	r2, .L29+8
 222 0032 04EB8303 		add	r3, r4, r3, lsl #2
 223 0036 9958     		ldr	r1, [r3, r2]
 224              		.loc 1 295 5 view .LVU54
 225 0038 0029     		cmp	r1, #0
 226 003a 16DA     		bge	.L27
 227              	.L23:
 296:src/audio_engine.cpp ****     if(map.p2 >= 0) fx->SetParameterAsMagnitude(map.p2, U16ToFloat(parameters[2]));
 228              		.loc 1 296 5 is_stmt 1 view .LVU55
 229              		.loc 1 296 12 is_stmt 0 view .LVU56
 230 003c 3544     		add	r5, r5, r6
 231              	.LVL22:
 232              		.loc 1 296 12 view .LVU57
 233 003e 1B4B     		ldr	r3, .L29+12
 234 0040 04EB8504 		add	r4, r4, r5, lsl #2
 235              	.LVL23:
 236              		.loc 1 296 12 view .LVU58
 237 0044 E158     		ldr	r1, [r4, r3]
 238              		.loc 1 296 5 view .LVU59
 239 0046 0029     		cmp	r1, #0
 240 0048 01DA     		bge	.L28
 241              	.LVL24:
 242              	.L19:
 297:src/audio_engine.cpp **** }
 243              		.loc 1 297 1 view .LVU60
 244 004a BDE8F081 		pop	{r4, r5, r6, r7, r8, pc}
 245              	.LVL25:
 246              	.L28:
 296:src/audio_engine.cpp ****     if(map.p2 >= 0) fx->SetParameterAsMagnitude(map.p2, U16ToFloat(parameters[2]));
 247              		.loc 1 296 21 is_stmt 1 view .LVU61
 248              	.LBB63:
 249              	.LBI63:
 158:src/audio_engine.cpp **** {
ARM GAS  C:\Users\aydan\AppData\Local\Temp\ccigYy1e.s 			page 11


 250              		.loc 1 158 7 view .LVU62
 251              	.LBB64:
 160:src/audio_engine.cpp **** }
 252              		.loc 1 160 5 view .LVU63
 160:src/audio_engine.cpp **** }
 253              		.loc 1 160 12 is_stmt 0 view .LVU64
 254 004e BB88     		ldrh	r3, [r7, #4]
 255              	.LBE64:
 256              	.LBE63:
 296:src/audio_engine.cpp **** }
 257              		.loc 1 296 48 view .LVU65
 258 0050 4046     		mov	r0, r8
 259              	.LBB66:
 260              	.LBB65:
 160:src/audio_engine.cpp **** }
 261              		.loc 1 160 27 view .LVU66
 262 0052 9FED170A 		vldr.32	s0, .L29+16
 160:src/audio_engine.cpp **** }
 263              		.loc 1 160 12 view .LVU67
 264 0056 07EE903A 		vmov	s15, r3	@ int
 265 005a F8EE677A 		vcvt.f32.u32	s15, s15
 266              	.LBE65:
 267              	.LBE66:
 268              		.loc 1 297 1 view .LVU68
 269 005e BDE8F041 		pop	{r4, r5, r6, r7, r8, lr}
 270              		.cfi_remember_state
 271              		.cfi_restore 14
 272              		.cfi_restore 8
 273              		.cfi_restore 7
 274              		.cfi_restore 6
 275              		.cfi_restore 5
 276              		.cfi_restore 4
 277              		.cfi_def_cfa_offset 0
 278              	.LVL26:
 296:src/audio_engine.cpp **** }
 279              		.loc 1 296 48 view .LVU69
 280 0062 87EE800A 		vdiv.f32	s0, s15, s0
 281 0066 FFF7FEBF 		b	_ZN10bkshepherd16BaseEffectModule23SetParameterAsMagnitudeEif
 282              	.LVL27:
 283              	.L27:
 284              		.cfi_restore_state
 295:src/audio_engine.cpp ****     if(map.p2 >= 0) fx->SetParameterAsMagnitude(map.p2, U16ToFloat(parameters[2]));
 285              		.loc 1 295 21 is_stmt 1 view .LVU70
 286              	.LBB67:
 287              	.LBI67:
 158:src/audio_engine.cpp **** {
 288              		.loc 1 158 7 view .LVU71
 289              	.LBB68:
 160:src/audio_engine.cpp **** }
 290              		.loc 1 160 5 view .LVU72
 160:src/audio_engine.cpp **** }
 291              		.loc 1 160 12 is_stmt 0 view .LVU73
 292 006a 7B88     		ldrh	r3, [r7, #2]
 293              	.LBE68:
 294              	.LBE67:
 295:src/audio_engine.cpp ****     if(map.p2 >= 0) fx->SetParameterAsMagnitude(map.p2, U16ToFloat(parameters[2]));
 295              		.loc 1 295 48 view .LVU74
ARM GAS  C:\Users\aydan\AppData\Local\Temp\ccigYy1e.s 			page 12


 296 006c 4046     		mov	r0, r8
 297              	.LBB70:
 298              	.LBB69:
 160:src/audio_engine.cpp **** }
 299              		.loc 1 160 27 view .LVU75
 300 006e 9FED100A 		vldr.32	s0, .L29+16
 160:src/audio_engine.cpp **** }
 301              		.loc 1 160 12 view .LVU76
 302 0072 07EE903A 		vmov	s15, r3	@ int
 303 0076 F8EE677A 		vcvt.f32.u32	s15, s15
 304              	.LBE69:
 305              	.LBE70:
 295:src/audio_engine.cpp ****     if(map.p2 >= 0) fx->SetParameterAsMagnitude(map.p2, U16ToFloat(parameters[2]));
 306              		.loc 1 295 48 view .LVU77
 307 007a 87EE800A 		vdiv.f32	s0, s15, s0
 308 007e FFF7FEFF 		bl	_ZN10bkshepherd16BaseEffectModule23SetParameterAsMagnitudeEif
 309              	.LVL28:
 310 0082 DBE7     		b	.L23
 311              	.LVL29:
 312              	.L26:
 294:src/audio_engine.cpp ****     if(map.p1 >= 0) fx->SetParameterAsMagnitude(map.p1, U16ToFloat(parameters[1]));
 313              		.loc 1 294 21 is_stmt 1 view .LVU78
 314              	.LBB71:
 315              	.LBI71:
 158:src/audio_engine.cpp **** {
 316              		.loc 1 158 7 view .LVU79
 317              	.LBB72:
 160:src/audio_engine.cpp **** }
 318              		.loc 1 160 5 view .LVU80
 160:src/audio_engine.cpp **** }
 319              		.loc 1 160 12 is_stmt 0 view .LVU81
 320 0084 3B88     		ldrh	r3, [r7]
 321              	.LBE72:
 322              	.LBE71:
 294:src/audio_engine.cpp ****     if(map.p1 >= 0) fx->SetParameterAsMagnitude(map.p1, U16ToFloat(parameters[1]));
 323              		.loc 1 294 48 view .LVU82
 324 0086 4046     		mov	r0, r8
 325              	.LVL30:
 326              	.LBB74:
 327              	.LBB73:
 160:src/audio_engine.cpp **** }
 328              		.loc 1 160 27 view .LVU83
 329 0088 9FED090A 		vldr.32	s0, .L29+16
 160:src/audio_engine.cpp **** }
 330              		.loc 1 160 12 view .LVU84
 331 008c 07EE903A 		vmov	s15, r3	@ int
 332 0090 F8EE677A 		vcvt.f32.u32	s15, s15
 333              	.LBE73:
 334              	.LBE74:
 294:src/audio_engine.cpp ****     if(map.p1 >= 0) fx->SetParameterAsMagnitude(map.p1, U16ToFloat(parameters[1]));
 335              		.loc 1 294 48 view .LVU85
 336 0094 87EE800A 		vdiv.f32	s0, s15, s0
 337 0098 FFF7FEFF 		bl	_ZN10bkshepherd16BaseEffectModule23SetParameterAsMagnitudeEif
 338              	.LVL31:
 339 009c C7E7     		b	.L22
 340              	.L30:
 341 009e 00BF     		.align	2
ARM GAS  C:\Users\aydan\AppData\Local\Temp\ccigYy1e.s 			page 13


 342              	.L29:
 343 00a0 2E9C0100 		.word	105518
 344 00a4 D0700600 		.word	422096
 345 00a8 D4700600 		.word	422100
 346 00ac D8700600 		.word	422104
 347 00b0 00FF7F47 		.word	1199570688
 348              		.cfi_endproc
 349              	.LFE5346:
 351              		.section	.text._ZN3app11AudioEngine19FindParamByKeywordsEPN10bkshepherd16BaseEffectModuleEPKcS5_S5
 352              		.align	1
 353              		.p2align 2,,3
 354              		.syntax unified
 355              		.thumb
 356              		.thumb_func
 357              		.fpu fpv5-d16
 359              	_ZN3app11AudioEngine19FindParamByKeywordsEPN10bkshepherd16BaseEffectModuleEPKcS5_S5_.part.0:
 360              	.LVL32:
 361              	.LFB5343:
 131:src/audio_engine.cpp ****                                      const char* kw1,
 362              		.loc 1 131 5 is_stmt 1 view -0
 363              		.cfi_startproc
 364              		@ args = 0, pretend = 0, frame = 0
 365              		@ frame_needed = 0, uses_anonymous_args = 0
 131:src/audio_engine.cpp ****                                      const char* kw1,
 366              		.loc 1 131 5 is_stmt 0 view .LVU87
 367 0000 2DE9F047 		push	{r4, r5, r6, r7, r8, r9, r10, lr}
 368              		.cfi_def_cfa_offset 32
 369              		.cfi_offset 4, -32
 370              		.cfi_offset 5, -28
 371              		.cfi_offset 6, -24
 372              		.cfi_offset 7, -20
 373              		.cfi_offset 8, -16
 374              		.cfi_offset 9, -12
 375              		.cfi_offset 10, -8
 376              		.cfi_offset 14, -4
 131:src/audio_engine.cpp ****                                      const char* kw1,
 377              		.loc 1 131 5 view .LVU88
 378 0004 0746     		mov	r7, r0
 379 0006 8846     		mov	r8, r1
 380 0008 9146     		mov	r9, r2
 381 000a 9A46     		mov	r10, r3
 382              	.LBB88:
 138:src/audio_engine.cpp ****     {
 383              		.loc 1 138 13 view .LVU89
 384 000c 0025     		movs	r5, #0
 385 000e 0DE0     		b	.L38
 386              	.LVL33:
 387              	.L40:
 388              	.LBB89:
 389              	.LBB90:
 390              	.LBB91:
 138:src/audio_engine.cpp ****     {
 391              		.loc 1 138 13 view .LVU90
 392 0010 4946     		mov	r1, r9
 393 0012 2046     		mov	r0, r4
 394 0014 FFF7FEFF 		bl	_ZN3app11AudioEngine16StringContainsCiEPKcS2_.part.0
 395              	.LVL34:
ARM GAS  C:\Users\aydan\AppData\Local\Temp\ccigYy1e.s 			page 14


 138:src/audio_engine.cpp ****     {
 396              		.loc 1 138 13 view .LVU91
 397              	.LBE91:
 398              	.LBE90:
 141:src/audio_engine.cpp ****             return i;
 399              		.loc 1 141 48 view .LVU92
 400 0018 58BB     		cbnz	r0, .L31
 401              	.LVL35:
 141:src/audio_engine.cpp ****             return i;
 402              		.loc 1 141 80 view .LVU93
 403 001a BAF1000F 		cmp	r10, #0
 404 001e 04D0     		beq	.L36
 405              	.LVL36:
 406              	.LBB93:
 407              	.LBB94:
 141:src/audio_engine.cpp ****             return i;
 408              		.loc 1 141 80 view .LVU94
 409 0020 5146     		mov	r1, r10
 410              	.LVL37:
 141:src/audio_engine.cpp ****             return i;
 411              		.loc 1 141 80 view .LVU95
 412 0022 2046     		mov	r0, r4
 413 0024 FFF7FEFF 		bl	_ZN3app11AudioEngine16StringContainsCiEPKcS2_.part.0
 414              	.LVL38:
 141:src/audio_engine.cpp ****             return i;
 415              		.loc 1 141 80 view .LVU96
 416              	.LBE94:
 417              	.LBE93:
 141:src/audio_engine.cpp ****             return i;
 418              		.loc 1 141 88 view .LVU97
 419 0028 18BB     		cbnz	r0, .L31
 420              	.L36:
 141:src/audio_engine.cpp ****             return i;
 421              		.loc 1 141 88 view .LVU98
 422              	.LBE89:
 138:src/audio_engine.cpp ****     {
 423              		.loc 1 138 5 is_stmt 1 view .LVU99
 424 002a 0135     		adds	r5, r5, #1
 425              	.LVL39:
 426              	.L38:
 138:src/audio_engine.cpp ****     {
 427              		.loc 1 138 22 view .LVU100
 138:src/audio_engine.cpp ****     {
 428              		.loc 1 138 50 is_stmt 0 view .LVU101
 429 002c 3846     		mov	r0, r7
 430 002e FFF7FEFF 		bl	_ZN10bkshepherd16BaseEffectModule17GetParameterCountEv
 431              	.LVL40:
 138:src/audio_engine.cpp ****     {
 432              		.loc 1 138 22 view .LVU102
 433 0032 A842     		cmp	r0, r5
 434 0034 26DD     		ble	.L41
 435              	.LBB100:
 140:src/audio_engine.cpp ****         if(StringContainsCi(name, kw1) || (kw2 && StringContainsCi(name, kw2)) || (kw3 && StringCon
 436              		.loc 1 140 9 is_stmt 1 view .LVU103
 140:src/audio_engine.cpp ****         if(StringContainsCi(name, kw1) || (kw2 && StringContainsCi(name, kw2)) || (kw3 && StringCon
 437              		.loc 1 140 48 is_stmt 0 view .LVU104
 438 0036 2946     		mov	r1, r5
ARM GAS  C:\Users\aydan\AppData\Local\Temp\ccigYy1e.s 			page 15


 439 0038 3846     		mov	r0, r7
 440 003a FFF7FEFF 		bl	_ZN10bkshepherd16BaseEffectModule16GetParameterNameEi
 441              	.LVL41:
 141:src/audio_engine.cpp ****             return i;
 442              		.loc 1 141 9 is_stmt 1 view .LVU105
 443              	.LBB96:
 444              	.LBI96:
 106:src/audio_engine.cpp **** {
 445              		.loc 1 106 6 view .LVU106
 446              	.LBB97:
 108:src/audio_engine.cpp ****         return false;
 447              		.loc 1 108 5 view .LVU107
 108:src/audio_engine.cpp ****         return false;
 448              		.loc 1 108 8 is_stmt 0 view .LVU108
 449 003e B0FA80F6 		clz	r6, r0
 450 0042 0446     		mov	r4, r0
 451 0044 7609     		lsrs	r6, r6, #5
 108:src/audio_engine.cpp ****         return false;
 452              		.loc 1 108 5 view .LVU109
 453 0046 B8F1000F 		cmp	r8, #0
 454 004a 15D0     		beq	.L33
 455 004c A6B9     		cbnz	r6, .L33
 456 004e 4146     		mov	r1, r8
 457 0050 FFF7FEFF 		bl	_ZN3app11AudioEngine16StringContainsCiEPKcS2_.part.0
 458              	.LVL42:
 108:src/audio_engine.cpp ****         return false;
 459              		.loc 1 108 5 view .LVU110
 460              	.LBE97:
 461              	.LBE96:
 141:src/audio_engine.cpp ****             return i;
 462              		.loc 1 141 80 view .LVU111
 463 0054 68B9     		cbnz	r0, .L31
 464              	.LVL43:
 141:src/audio_engine.cpp ****             return i;
 465              		.loc 1 141 40 view .LVU112
 466 0056 B9F1000F 		cmp	r9, #0
 467 005a D9D1     		bne	.L40
 468              	.LVL44:
 469              	.L35:
 470              	.LBB98:
 471              	.LBI93:
 106:src/audio_engine.cpp **** {
 472              		.loc 1 106 6 is_stmt 1 view .LVU113
 473              	.LBB95:
 108:src/audio_engine.cpp ****         return false;
 474              		.loc 1 108 5 view .LVU114
 475 005c BAF1000F 		cmp	r10, #0
 476 0060 E3D0     		beq	.L36
 477 0062 002E     		cmp	r6, #0
 478 0064 E1D1     		bne	.L36
 108:src/audio_engine.cpp ****         return false;
 479              		.loc 1 108 5 is_stmt 0 view .LVU115
 480 0066 5146     		mov	r1, r10
 481 0068 2046     		mov	r0, r4
 482 006a FFF7FEFF 		bl	_ZN3app11AudioEngine16StringContainsCiEPKcS2_.part.0
 483              	.LVL45:
 108:src/audio_engine.cpp ****         return false;
ARM GAS  C:\Users\aydan\AppData\Local\Temp\ccigYy1e.s 			page 16


 484              		.loc 1 108 5 view .LVU116
 485              	.LBE95:
 486              	.LBE98:
 141:src/audio_engine.cpp ****             return i;
 487              		.loc 1 141 88 view .LVU117
 488 006e 0028     		cmp	r0, #0
 489 0070 DBD0     		beq	.L36
 490              	.L31:
 141:src/audio_engine.cpp ****             return i;
 491              		.loc 1 141 88 view .LVU118
 492              	.LBE100:
 493              	.LBE88:
 145:src/audio_engine.cpp **** 
 494              		.loc 1 145 1 view .LVU119
 495 0072 2846     		mov	r0, r5
 496 0074 BDE8F087 		pop	{r4, r5, r6, r7, r8, r9, r10, pc}
 497              	.LVL46:
 498              	.L33:
 499              	.LBB102:
 500              	.LBB101:
 141:src/audio_engine.cpp ****             return i;
 501              		.loc 1 141 40 view .LVU120
 502 0078 B9F1000F 		cmp	r9, #0
 503 007c EED0     		beq	.L35
 504              	.LVL47:
 505              	.LBB99:
 506              	.LBI90:
 106:src/audio_engine.cpp **** {
 507              		.loc 1 106 6 is_stmt 1 view .LVU121
 508              	.LBB92:
 108:src/audio_engine.cpp ****         return false;
 509              		.loc 1 108 5 view .LVU122
 510 007e 002C     		cmp	r4, #0
 511 0080 D3D0     		beq	.L36
 512 0082 C5E7     		b	.L40
 513              	.LVL48:
 514              	.L41:
 108:src/audio_engine.cpp ****         return false;
 515              		.loc 1 108 5 is_stmt 0 view .LVU123
 516              	.LBE92:
 517              	.LBE99:
 518              	.LBE101:
 519              	.LBE102:
 144:src/audio_engine.cpp **** }
 520              		.loc 1 144 13 view .LVU124
 521 0084 4FF0FF35 		mov	r5, #-1
 522              	.LVL49:
 145:src/audio_engine.cpp **** 
 523              		.loc 1 145 1 view .LVU125
 524 0088 2846     		mov	r0, r5
 525 008a BDE8F087 		pop	{r4, r5, r6, r7, r8, r9, r10, pc}
 145:src/audio_engine.cpp **** 
 526              		.loc 1 145 1 view .LVU126
 527              		.cfi_endproc
 528              	.LFE5343:
 530 008e 00BF     		.section	.text._ZN3app11AudioEngineC2Ev,"ax",%progbits
 531              		.align	1
ARM GAS  C:\Users\aydan\AppData\Local\Temp\ccigYy1e.s 			page 17


 532              		.p2align 2,,3
 533              		.global	_ZN3app11AudioEngineC2Ev
 534              		.syntax unified
 535              		.thumb
 536              		.thumb_func
 537              		.fpu fpv5-d16
 539              	_ZN3app11AudioEngineC2Ev:
 540              	.LVL50:
 541              	.LFB4765:
   6:src/audio_engine.cpp ****   tuner_capture_(0),
 542              		.loc 1 6 1 is_stmt 1 view -0
 543              		.cfi_startproc
 544              		@ args = 0, pretend = 0, frame = 0
 545              		@ frame_needed = 0, uses_anonymous_args = 0
   6:src/audio_engine.cpp ****   tuner_capture_(0),
 546              		.loc 1 6 1 is_stmt 0 view .LVU128
 547 0000 2DE9F84F 		push	{r3, r4, r5, r6, r7, r8, r9, r10, fp, lr}
 548              		.cfi_def_cfa_offset 40
 549              		.cfi_offset 3, -40
 550              		.cfi_offset 4, -36
 551              		.cfi_offset 5, -32
 552              		.cfi_offset 6, -28
 553              		.cfi_offset 7, -24
 554              		.cfi_offset 8, -20
 555              		.cfi_offset 9, -16
 556              		.cfi_offset 10, -12
 557              		.cfi_offset 11, -8
 558              		.cfi_offset 14, -4
 559              	.LBB103:
  24:src/audio_engine.cpp **** #if AUDIO_CPU_LOAD_DEBUG
 560              		.loc 1 24 87 view .LVU129
 561 0004 44F6A439 		movw	r9, #19364
 562 0008 0026     		movs	r6, #0
 563              	.LBE103:
   6:src/audio_engine.cpp ****   tuner_capture_(0),
 564              		.loc 1 6 1 view .LVU130
 565 000a 0546     		mov	r5, r0
 566              	.LBB104:
  24:src/audio_engine.cpp **** #if AUDIO_CPU_LOAD_DEBUG
 567              		.loc 1 24 87 view .LVU131
 568 000c 00F1080A 		add	r10, r0, #8
 569 0010 DFF89C80 		ldr	r8, .L53+8
 570 0014 8144     		add	r9, r9, r0
 571 0016 244F     		ldr	r7, .L53
 572 0018 05F5CE24 		add	r4, r5, #421888
 573 001c A844     		add	r8, r8, r5
 574 001e 2F44     		add	r7, r7, r5
 575 0020 C0E90066 		strd	r6, r6, [r0]
 576 0024 5046     		mov	r0, r10
 577              	.LVL51:
  24:src/audio_engine.cpp **** #if AUDIO_CPU_LOAD_DEBUG
 578              		.loc 1 24 87 view .LVU132
 579 0026 FFF7FEFF 		bl	_ZN10bkshepherd12ChorusModuleC1Ev
 580              	.LVL52:
 581 002a 4846     		mov	r0, r9
 582 002c FFF7FEFF 		bl	_ZN10bkshepherd12ReverbModuleC1Ev
 583              	.LVL53:
ARM GAS  C:\Users\aydan\AppData\Local\Temp\ccigYy1e.s 			page 18


 584 0030 4046     		mov	r0, r8
 585 0032 FFF7FEFF 		bl	_ZN10bkshepherd13CrusherModuleC1Ev
 586              	.LVL54:
 587 0036 3846     		mov	r0, r7
 588 0038 FFF7FEFF 		bl	_ZN10bkshepherd19GranularDelayModuleC1Ev
 589              	.LVL55:
 590 003c 1B4B     		ldr	r3, .L53+4
 591 003e C4F8C880 		str	r8, [r4, #200]
 592 0042 04F1D00E 		add	lr, r4, #208
 593 0046 9C46     		mov	ip, r3
 594 0048 03F13C08 		add	r8, r3, #60
 595 004c C4F8CC70 		str	r7, [r4, #204]
 596 0050 04F58A77 		add	r7, r4, #276
 597 0054 C4F8BC60 		str	r6, [r4, #188]
 598 0058 BCE80F00 		ldmia	ip!, {r0, r1, r2, r3}
 599 005c C4E930A9 		strd	r10, r9, [r4, #192]
 600 0060 AEE80F00 		stmia	lr!, {r0, r1, r2, r3}
 601 0064 BCE80F00 		ldmia	ip!, {r0, r1, r2, r3}
 602 0068 AEE80F00 		stmia	lr!, {r0, r1, r2, r3}
 603 006c BCE80F00 		ldmia	ip!, {r0, r1, r2, r3}
 604 0070 AEE80F00 		stmia	lr!, {r0, r1, r2, r3}
 605 0074 9CE80700 		ldm	ip, {r0, r1, r2}
 606 0078 4FF0000A 		mov	r10, #0
 607 007c DFF83490 		ldr	r9, .L53+12
 608 0080 8EE80700 		stm	lr, {r0, r1, r2}
 609 0084 98E80300 		ldm	r8, {r0, r1}
 610 0088 C4E94366 		strd	r6, r6, [r4, #268]
 611 008c 87E80300 		stm	r7, {r0, r1}
 612              	.LBE104:
  31:src/audio_engine.cpp **** 
 613              		.loc 1 31 1 view .LVU133
 614 0090 2846     		mov	r0, r5
 615              	.LBB105:
  24:src/audio_engine.cpp **** #if AUDIO_CPU_LOAD_DEBUG
 616              		.loc 1 24 87 view .LVU134
 617 0092 84F82461 		strb	r6, [r4, #292]
 618 0096 C4F828A1 		str	r10, [r4, #296]	@ float
 619 009a C4F82C91 		str	r9, [r4, #300]	@ float
 620 009e C4E94766 		strd	r6, r6, [r4, #284]
 621              	.LBE105:
  31:src/audio_engine.cpp **** 
 622              		.loc 1 31 1 view .LVU135
 623 00a2 BDE8F88F 		pop	{r3, r4, r5, r6, r7, r8, r9, r10, fp, pc}
 624              	.LVL56:
 625              	.L54:
  31:src/audio_engine.cpp **** 
 626              		.loc 1 31 1 view .LVU136
 627 00a6 00BF     		.align	2
 628              	.L53:
 629 00a8 88570600 		.word	415624
 630 00ac 00000000 		.word	.LANCHOR0
 631 00b0 28570600 		.word	415528
 632 00b4 8888883B 		.word	998803592
 633              		.cfi_endproc
 634              	.LFE4765:
 636              		.global	_ZN3app11AudioEngineC1Ev
 637              		.thumb_set _ZN3app11AudioEngineC1Ev,_ZN3app11AudioEngineC2Ev
ARM GAS  C:\Users\aydan\AppData\Local\Temp\ccigYy1e.s 			page 19


 638              		.section	.text._ZN3app11AudioEngine16StringContainsCiEPKcS2_,"ax",%progbits
 639              		.align	1
 640              		.p2align 2,,3
 641              		.global	_ZN3app11AudioEngine16StringContainsCiEPKcS2_
 642              		.syntax unified
 643              		.thumb
 644              		.thumb_func
 645              		.fpu fpv5-d16
 647              	_ZN3app11AudioEngine16StringContainsCiEPKcS2_:
 648              	.LVL57:
 649              	.LFB4769:
 107:src/audio_engine.cpp ****     if(!haystack || !needle)
 650              		.loc 1 107 1 is_stmt 1 view -0
 651              		.cfi_startproc
 652              		@ args = 0, pretend = 0, frame = 0
 653              		@ frame_needed = 0, uses_anonymous_args = 0
 654              		@ link register save eliminated.
 108:src/audio_engine.cpp ****         return false;
 655              		.loc 1 108 5 view .LVU138
 656 0000 10B1     		cbz	r0, .L56
 657 0002 09B1     		cbz	r1, .L56
 658 0004 FFF7FEBF 		b	_ZN3app11AudioEngine16StringContainsCiEPKcS2_.part.0
 659              	.LVL58:
 660              	.L56:
 128:src/audio_engine.cpp **** 
 661              		.loc 1 128 1 is_stmt 0 view .LVU139
 662 0008 0020     		movs	r0, #0
 663              	.LVL59:
 128:src/audio_engine.cpp **** 
 664              		.loc 1 128 1 view .LVU140
 665 000a 7047     		bx	lr
 666              		.cfi_endproc
 667              	.LFE4769:
 669              		.section	.text._ZN3app11AudioEngine19FindParamByKeywordsEPN10bkshepherd16BaseEffectModuleEPKcS5_S5
 670              		.align	1
 671              		.p2align 2,,3
 672              		.global	_ZN3app11AudioEngine19FindParamByKeywordsEPN10bkshepherd16BaseEffectModuleEPKcS5_S5_
 673              		.syntax unified
 674              		.thumb
 675              		.thumb_func
 676              		.fpu fpv5-d16
 678              	_ZN3app11AudioEngine19FindParamByKeywordsEPN10bkshepherd16BaseEffectModuleEPKcS5_S5_:
 679              	.LVL60:
 680              	.LFB4770:
 135:src/audio_engine.cpp ****     if(!fx)
 681              		.loc 1 135 1 is_stmt 1 view -0
 682              		.cfi_startproc
 683              		@ args = 0, pretend = 0, frame = 0
 684              		@ frame_needed = 0, uses_anonymous_args = 0
 685              		@ link register save eliminated.
 136:src/audio_engine.cpp ****         return -1;
 686              		.loc 1 136 5 view .LVU142
 687 0000 08B1     		cbz	r0, .L58
 688 0002 FFF7FEBF 		b	_ZN3app11AudioEngine19FindParamByKeywordsEPN10bkshepherd16BaseEffectModuleEPKcS5_S5_.part.0
 689              	.LVL61:
 690              	.L58:
 145:src/audio_engine.cpp **** 
ARM GAS  C:\Users\aydan\AppData\Local\Temp\ccigYy1e.s 			page 20


 691              		.loc 1 145 1 is_stmt 0 view .LVU143
 692 0006 4FF0FF30 		mov	r0, #-1
 693              	.LVL62:
 145:src/audio_engine.cpp **** 
 694              		.loc 1 145 1 view .LVU144
 695 000a 7047     		bx	lr
 696              		.cfi_endproc
 697              	.LFE4770:
 699              		.section	.text._ZN3app11AudioEngine19FallbackParamForPotEPN10bkshepherd16BaseEffectModuleEi,"ax",%
 700              		.align	1
 701              		.p2align 2,,3
 702              		.global	_ZN3app11AudioEngine19FallbackParamForPotEPN10bkshepherd16BaseEffectModuleEi
 703              		.syntax unified
 704              		.thumb
 705              		.thumb_func
 706              		.fpu fpv5-d16
 708              	_ZN3app11AudioEngine19FallbackParamForPotEPN10bkshepherd16BaseEffectModuleEi:
 709              	.LVL63:
 710              	.LFB4771:
 149:src/audio_engine.cpp ****     if(!fx)
 711              		.loc 1 149 1 is_stmt 1 view -0
 712              		.cfi_startproc
 713              		@ args = 0, pretend = 0, frame = 0
 714              		@ frame_needed = 0, uses_anonymous_args = 0
 150:src/audio_engine.cpp ****         return -1;
 715              		.loc 1 150 5 view .LVU146
 716 0000 88B1     		cbz	r0, .L66
 152:src/audio_engine.cpp ****     if(pid >= 0)
 717              		.loc 1 152 5 view .LVU147
 149:src/audio_engine.cpp ****     if(!fx)
 718              		.loc 1 149 1 is_stmt 0 view .LVU148
 719 0002 38B5     		push	{r3, r4, r5, lr}
 720              		.cfi_def_cfa_offset 16
 721              		.cfi_offset 3, -16
 722              		.cfi_offset 4, -12
 723              		.cfi_offset 5, -8
 724              		.cfi_offset 14, -4
 725 0004 0446     		mov	r4, r0
 726 0006 0D46     		mov	r5, r1
 152:src/audio_engine.cpp ****     if(pid >= 0)
 727              		.loc 1 152 52 view .LVU149
 728 0008 FFF7FEFF 		bl	_ZN10bkshepherd16BaseEffectModule27GetMappedParameterIDForKnobEi
 729              	.LVL64:
 153:src/audio_engine.cpp ****         return pid;
 730              		.loc 1 153 5 is_stmt 1 view .LVU150
 731 000c 0028     		cmp	r0, #0
 153:src/audio_engine.cpp ****         return pid;
 732              		.loc 1 153 5 is_stmt 0 view .LVU151
 733 000e 00DB     		blt	.L67
 156:src/audio_engine.cpp **** 
 734              		.loc 1 156 1 view .LVU152
 735 0010 38BD     		pop	{r3, r4, r5, pc}
 736              	.LVL65:
 737              	.L67:
 738              	.LBB109:
 739              	.LBI109:
 148:src/audio_engine.cpp **** {
ARM GAS  C:\Users\aydan\AppData\Local\Temp\ccigYy1e.s 			page 21


 740              		.loc 1 148 5 is_stmt 1 view .LVU153
 741              	.LBB110:
 155:src/audio_engine.cpp **** }
 742              		.loc 1 155 5 view .LVU154
 155:src/audio_engine.cpp **** }
 743              		.loc 1 155 48 is_stmt 0 view .LVU155
 744 0012 2046     		mov	r0, r4
 745              	.LVL66:
 155:src/audio_engine.cpp **** }
 746              		.loc 1 155 48 view .LVU156
 747 0014 FFF7FEFF 		bl	_ZN10bkshepherd16BaseEffectModule17GetParameterCountEv
 748              	.LVL67:
 155:src/audio_engine.cpp **** }
 749              		.loc 1 155 51 view .LVU157
 750 0018 8542     		cmp	r5, r0
 751 001a 01DA     		bge	.L62
 752 001c 2846     		mov	r0, r5
 753              	.LVL68:
 155:src/audio_engine.cpp **** }
 754              		.loc 1 155 51 view .LVU158
 755              	.LBE110:
 756              	.LBE109:
 156:src/audio_engine.cpp **** 
 757              		.loc 1 156 1 view .LVU159
 758 001e 38BD     		pop	{r3, r4, r5, pc}
 759              	.LVL69:
 760              	.L62:
 151:src/audio_engine.cpp ****     const int pid = fx->GetMappedParameterIDForKnob(pot_idx);
 761              		.loc 1 151 17 view .LVU160
 762 0020 4FF0FF30 		mov	r0, #-1
 156:src/audio_engine.cpp **** 
 763              		.loc 1 156 1 view .LVU161
 764 0024 38BD     		pop	{r3, r4, r5, pc}
 765              	.LVL70:
 766              	.L66:
 767              		.cfi_def_cfa_offset 0
 768              		.cfi_restore 3
 769              		.cfi_restore 4
 770              		.cfi_restore 5
 771              		.cfi_restore 14
 151:src/audio_engine.cpp ****     const int pid = fx->GetMappedParameterIDForKnob(pot_idx);
 772              		.loc 1 151 17 view .LVU162
 773 0026 4FF0FF30 		mov	r0, #-1
 774              	.LVL71:
 156:src/audio_engine.cpp **** 
 775              		.loc 1 156 1 view .LVU163
 776 002a 7047     		bx	lr
 777              		.cfi_endproc
 778              	.LFE4771:
 780              		.section	.text._ZN3app11AudioEngine10U16ToFloatEt,"ax",%progbits
 781              		.align	1
 782              		.p2align 2,,3
 783              		.global	_ZN3app11AudioEngine10U16ToFloatEt
 784              		.syntax unified
 785              		.thumb
 786              		.thumb_func
 787              		.fpu fpv5-d16
ARM GAS  C:\Users\aydan\AppData\Local\Temp\ccigYy1e.s 			page 22


 789              	_ZN3app11AudioEngine10U16ToFloatEt:
 790              	.LVL72:
 791              	.LFB4772:
 159:src/audio_engine.cpp ****     return (float)value / 65535.0f;
 792              		.loc 1 159 1 is_stmt 1 view -0
 793              		.cfi_startproc
 794              		@ args = 0, pretend = 0, frame = 0
 795              		@ frame_needed = 0, uses_anonymous_args = 0
 796              		@ link register save eliminated.
 160:src/audio_engine.cpp **** }
 797              		.loc 1 160 5 view .LVU165
 160:src/audio_engine.cpp **** }
 798              		.loc 1 160 12 is_stmt 0 view .LVU166
 799 0000 07EE900A 		vmov	s15, r0	@ int
 160:src/audio_engine.cpp **** }
 800              		.loc 1 160 27 view .LVU167
 801 0004 9FED030A 		vldr.32	s0, .L69
 160:src/audio_engine.cpp **** }
 802              		.loc 1 160 12 view .LVU168
 803 0008 F8EE677A 		vcvt.f32.u32	s15, s15
 161:src/audio_engine.cpp **** 
 804              		.loc 1 161 1 view .LVU169
 805 000c 87EE800A 		vdiv.f32	s0, s15, s0
 806 0010 7047     		bx	lr
 807              	.L70:
 808 0012 00BF     		.align	2
 809              	.L69:
 810 0014 00FF7F47 		.word	1199570688
 811              		.cfi_endproc
 812              	.LFE4772:
 814              		.section	.text._ZN3app11AudioEngine11ClampOutputEf,"ax",%progbits
 815              		.align	1
 816              		.p2align 2,,3
 817              		.global	_ZN3app11AudioEngine11ClampOutputEf
 818              		.syntax unified
 819              		.thumb
 820              		.thumb_func
 821              		.fpu fpv5-d16
 823              	_ZN3app11AudioEngine11ClampOutputEf:
 824              	.LVL73:
 825              	.LFB4773:
 165:src/audio_engine.cpp ****     return value < -0.95f ? -0.95f : (value > 0.95f ? 0.95f : value);
 826              		.loc 1 165 1 is_stmt 1 view -0
 827              		.cfi_startproc
 828              		@ args = 0, pretend = 0, frame = 0
 829              		@ frame_needed = 0, uses_anonymous_args = 0
 830              		@ link register save eliminated.
 166:src/audio_engine.cpp **** }
 831              		.loc 1 166 5 view .LVU171
 166:src/audio_engine.cpp **** }
 832              		.loc 1 166 27 is_stmt 0 view .LVU172
 833 0000 DFED097A 		vldr.32	s15, .L75
 834 0004 B4EEE70A 		vcmpe.f32	s0, s15
 835 0008 F1EE10FA 		vmrs	APSR_nzcv, FPSCR
 836 000c 08D4     		bmi	.L73
 166:src/audio_engine.cpp **** }
 837              		.loc 1 166 53 discriminator 2 view .LVU173
ARM GAS  C:\Users\aydan\AppData\Local\Temp\ccigYy1e.s 			page 23


 838 000e 9FED077A 		vldr.32	s14, .L75+4
 839 0012 B4EEC70A 		vcmpe.f32	s0, s14
 840 0016 F1EE10FA 		vmrs	APSR_nzcv, FPSCR
 841 001a 37FE000A 		vselgt.f32	s0, s14, s0
 842              	.LVL74:
 166:src/audio_engine.cpp **** }
 843              		.loc 1 166 53 discriminator 2 view .LVU174
 844 001e 7047     		bx	lr
 845              	.LVL75:
 846              	.L73:
 166:src/audio_engine.cpp **** }
 847              		.loc 1 166 27 view .LVU175
 848 0020 B0EE670A 		vmov.f32	s0, s15
 849              	.LVL76:
 167:src/audio_engine.cpp **** 
 850              		.loc 1 167 1 view .LVU176
 851 0024 7047     		bx	lr
 852              	.L76:
 853 0026 00BF     		.align	2
 854              	.L75:
 855 0028 333373BF 		.word	-1082969293
 856 002c 3333733F 		.word	1064514355
 857              		.cfi_endproc
 858              	.LFE4773:
 860              		.section	.rodata._ZN3app11AudioEngine14BuildParamMapsEv.str1.4,"aMS",%progbits,1
 861              		.align	2
 862              	.LC2:
 863 0000 77657400 		.ascii	"wet\000"
 864              		.align	2
 865              	.LC3:
 866 0004 6D697800 		.ascii	"mix\000"
 867              		.align	2
 868              	.LC4:
 869 0008 66726571 		.ascii	"freq\000"
 869      00
 870 000d 000000   		.align	2
 871              	.LC5:
 872 0010 73706565 		.ascii	"speed\000"
 872      6400
 873 0016 0000     		.align	2
 874              	.LC6:
 875 0018 72617465 		.ascii	"rate\000"
 875      00
 876 001d 000000   		.align	2
 877              	.LC7:
 878 0020 64657074 		.ascii	"depth\000"
 878      6800
 879 0026 0000     		.align	2
 880              	.LC8:
 881 0028 766F6C75 		.ascii	"volume\000"
 881      6D6500
 882 002f 00       		.align	2
 883              	.LC9:
 884 0030 6761696E 		.ascii	"gain\000"
 884      00
 885 0035 000000   		.align	2
 886              	.LC10:
ARM GAS  C:\Users\aydan\AppData\Local\Temp\ccigYy1e.s 			page 24


 887 0038 6C657665 		.ascii	"level\000"
 887      6C00
 888 003e 0000     		.align	2
 889              	.LC11:
 890 0040 63727573 		.ascii	"crush\000"
 890      6800
 891 0046 0000     		.align	2
 892              	.LC12:
 893 0048 62697473 		.ascii	"bits\000"
 893      00
 894 004d 000000   		.align	2
 895              	.LC13:
 896 0050 746F6E65 		.ascii	"tone\000"
 896      00
 897 0055 000000   		.align	2
 898              	.LC14:
 899 0058 66696C74 		.ascii	"filter\000"
 899      657200
 900 005f 00       		.align	2
 901              	.LC15:
 902 0060 6375746F 		.ascii	"cutoff\000"
 902      666600
 903 0067 00       		.align	2
 904              	.LC16:
 905 0068 66656564 		.ascii	"feedback\000"
 905      6261636B 
 905      00
 906 0071 000000   		.align	2
 907              	.LC17:
 908 0074 64656361 		.ascii	"decay\000"
 908      7900
 909 007a 0000     		.align	2
 910              	.LC18:
 911 007c 74696D65 		.ascii	"time\000"
 911      00
 912 0081 000000   		.align	2
 913              	.LC19:
 914 0084 64616D70 		.ascii	"damp\000"
 914      00
 915 0089 000000   		.align	2
 916              	.LC20:
 917 008c 6C706672 		.ascii	"lpfreq\000"
 917      657100
 918              		.section	.text._ZN3app11AudioEngine14BuildParamMapsEv,"ax",%progbits
 919              		.align	1
 920              		.p2align 2,,3
 921              		.global	_ZN3app11AudioEngine14BuildParamMapsEv
 922              		.syntax unified
 923              		.thumb
 924              		.thumb_func
 925              		.fpu fpv5-d16
 927              	_ZN3app11AudioEngine14BuildParamMapsEv:
 928              	.LVL77:
 929              	.LFB4774:
 172:src/audio_engine.cpp ****     maps_[config::FX_CHORUS].p0 = FindParamByKeywords(&chorus_, "mix", "wet", 0);
 930              		.loc 1 172 1 is_stmt 1 view -0
 931              		.cfi_startproc
ARM GAS  C:\Users\aydan\AppData\Local\Temp\ccigYy1e.s 			page 25


 932              		@ args = 0, pretend = 0, frame = 0
 933              		@ frame_needed = 0, uses_anonymous_args = 0
 173:src/audio_engine.cpp ****     maps_[config::FX_CHORUS].p1 = FindParamByKeywords(&chorus_, "rate", "speed", "freq");
 934              		.loc 1 173 5 view .LVU178
 172:src/audio_engine.cpp ****     maps_[config::FX_CHORUS].p0 = FindParamByKeywords(&chorus_, "mix", "wet", 0);
 935              		.loc 1 172 1 is_stmt 0 view .LVU179
 936 0000 F8B5     		push	{r3, r4, r5, r6, r7, lr}
 937              		.cfi_def_cfa_offset 24
 938              		.cfi_offset 3, -24
 939              		.cfi_offset 4, -20
 940              		.cfi_offset 5, -16
 941              		.cfi_offset 6, -12
 942              		.cfi_offset 7, -8
 943              		.cfi_offset 14, -4
 173:src/audio_engine.cpp ****     maps_[config::FX_CHORUS].p1 = FindParamByKeywords(&chorus_, "rate", "speed", "freq");
 944              		.loc 1 173 54 view .LVU180
 945 0002 00F10805 		add	r5, r0, #8
 946              	.LVL78:
 947              	.LBB178:
 948              	.LBI178:
 131:src/audio_engine.cpp ****                                      const char* kw1,
 949              		.loc 1 131 5 is_stmt 1 view .LVU181
 950              	.LBB179:
 136:src/audio_engine.cpp ****         return -1;
 951              		.loc 1 136 5 view .LVU182
 952 0006 0023     		movs	r3, #0
 953              	.LBE179:
 954              	.LBE178:
 173:src/audio_engine.cpp ****     maps_[config::FX_CHORUS].p1 = FindParamByKeywords(&chorus_, "rate", "speed", "freq");
 955              		.loc 1 173 33 is_stmt 0 view .LVU183
 956 0008 00F5CE26 		add	r6, r0, #421888
 957              	.LBB183:
 958              	.LBB180:
 959 000c A34A     		ldr	r2, .L140
 960 000e A449     		ldr	r1, .L140+4
 961              	.LBE180:
 962              	.LBE183:
 172:src/audio_engine.cpp ****     maps_[config::FX_CHORUS].p0 = FindParamByKeywords(&chorus_, "mix", "wet", 0);
 963              		.loc 1 172 1 view .LVU184
 964 0010 0746     		mov	r7, r0
 965              	.LBB184:
 966              	.LBB181:
 967 0012 2846     		mov	r0, r5
 968              	.LVL79:
 172:src/audio_engine.cpp ****     maps_[config::FX_CHORUS].p0 = FindParamByKeywords(&chorus_, "mix", "wet", 0);
 969              		.loc 1 172 1 view .LVU185
 970              	.LBE181:
 971              	.LBE184:
 972              	.LBB185:
 973              	.LBB186:
 974              	.LBB187:
 975              	.LBB188:
 138:src/audio_engine.cpp ****     {
 976              		.loc 1 138 13 view .LVU186
 977 0014 1C46     		mov	r4, r3
 978              	.LBE188:
 979              	.LBE187:
ARM GAS  C:\Users\aydan\AppData\Local\Temp\ccigYy1e.s 			page 26


 980              	.LBE186:
 981              	.LBE185:
 982              	.LBB199:
 983              	.LBB182:
 984 0016 FFF7FEFF 		bl	_ZN3app11AudioEngine19FindParamByKeywordsEPN10bkshepherd16BaseEffectModuleEPKcS5_S5_.part.0
 985              	.LVL80:
 138:src/audio_engine.cpp ****     {
 986              		.loc 1 138 13 view .LVU187
 987              	.LBE182:
 988              	.LBE199:
 989              	.LBB200:
 990              	.LBB201:
 991 001a A24B     		ldr	r3, .L140+8
 992              	.LBE201:
 993              	.LBE200:
 173:src/audio_engine.cpp ****     maps_[config::FX_CHORUS].p1 = FindParamByKeywords(&chorus_, "rate", "speed", "freq");
 994              		.loc 1 173 33 view .LVU188
 995 001c C6F8DC00 		str	r0, [r6, #220]
 174:src/audio_engine.cpp ****     maps_[config::FX_CHORUS].p2 = FindParamByKeywords(&chorus_, "depth", 0, 0);
 996              		.loc 1 174 5 is_stmt 1 view .LVU189
 997              	.LVL81:
 998              	.LBB203:
 999              	.LBI200:
 131:src/audio_engine.cpp ****                                      const char* kw1,
 1000              		.loc 1 131 5 view .LVU190
 1001              	.LBB202:
 136:src/audio_engine.cpp ****         return -1;
 1002              		.loc 1 136 5 view .LVU191
 1003 0020 2846     		mov	r0, r5
 1004 0022 A14A     		ldr	r2, .L140+12
 1005 0024 A149     		ldr	r1, .L140+16
 1006 0026 FFF7FEFF 		bl	_ZN3app11AudioEngine19FindParamByKeywordsEPN10bkshepherd16BaseEffectModuleEPKcS5_S5_.part.0
 1007              	.LVL82:
 136:src/audio_engine.cpp ****         return -1;
 1008              		.loc 1 136 5 is_stmt 0 view .LVU192
 1009              	.LBE202:
 1010              	.LBE203:
 174:src/audio_engine.cpp ****     maps_[config::FX_CHORUS].p2 = FindParamByKeywords(&chorus_, "depth", 0, 0);
 1011              		.loc 1 174 33 view .LVU193
 1012 002a C6F8E000 		str	r0, [r6, #224]
 175:src/audio_engine.cpp ****     if(maps_[config::FX_CHORUS].p0 < 0) maps_[config::FX_CHORUS].p0 = FallbackParamForPot(&chorus_,
 1013              		.loc 1 175 5 is_stmt 1 view .LVU194
 1014              	.LVL83:
 1015              	.LBB204:
 1016              	.LBI185:
 131:src/audio_engine.cpp ****                                      const char* kw1,
 1017              		.loc 1 131 5 view .LVU195
 1018              	.LBE204:
 136:src/audio_engine.cpp ****         return -1;
 1019              		.loc 1 136 5 view .LVU196
 1020              	.LBB205:
 1021              	.LBB197:
 1022              	.LBI186:
 131:src/audio_engine.cpp ****                                      const char* kw1,
 1023              		.loc 1 131 5 view .LVU197
 1024 002e 00E0     		b	.L80
 1025              	.LVL84:
ARM GAS  C:\Users\aydan\AppData\Local\Temp\ccigYy1e.s 			page 27


 1026              	.L79:
 1027              	.LBB195:
 1028              	.LBB194:
 138:src/audio_engine.cpp ****     {
 1029              		.loc 1 138 5 view .LVU198
 1030 0030 0134     		adds	r4, r4, #1
 1031              	.LVL85:
 1032              	.L80:
 138:src/audio_engine.cpp ****     {
 1033              		.loc 1 138 22 view .LVU199
 138:src/audio_engine.cpp ****     {
 1034              		.loc 1 138 50 is_stmt 0 view .LVU200
 1035 0032 2846     		mov	r0, r5
 1036 0034 FFF7FEFF 		bl	_ZN10bkshepherd16BaseEffectModule17GetParameterCountEv
 1037              	.LVL86:
 1038              	.LBB189:
 140:src/audio_engine.cpp ****         if(StringContainsCi(name, kw1) || (kw2 && StringContainsCi(name, kw2)) || (kw3 && StringCon
 1039              		.loc 1 140 9 is_stmt 1 view .LVU201
 1040              	.LBE189:
 138:src/audio_engine.cpp ****     {
 1041              		.loc 1 138 50 is_stmt 0 view .LVU202
 1042 0038 0346     		mov	r3, r0
 1043              	.LBB192:
 140:src/audio_engine.cpp ****         if(StringContainsCi(name, kw1) || (kw2 && StringContainsCi(name, kw2)) || (kw3 && StringCon
 1044              		.loc 1 140 48 view .LVU203
 1045 003a 2146     		mov	r1, r4
 1046 003c 2846     		mov	r0, r5
 1047              	.LBE192:
 138:src/audio_engine.cpp ****     {
 1048              		.loc 1 138 22 view .LVU204
 1049 003e A342     		cmp	r3, r4
 1050 0040 6CDD     		ble	.L108
 1051              	.LVL87:
 1052              	.LBB193:
 140:src/audio_engine.cpp ****         if(StringContainsCi(name, kw1) || (kw2 && StringContainsCi(name, kw2)) || (kw3 && StringCon
 1053              		.loc 1 140 48 view .LVU205
 1054 0042 FFF7FEFF 		bl	_ZN10bkshepherd16BaseEffectModule16GetParameterNameEi
 1055              	.LVL88:
 141:src/audio_engine.cpp ****             return i;
 1056              		.loc 1 141 9 is_stmt 1 view .LVU206
 1057              	.LBB190:
 1058              	.LBI190:
 106:src/audio_engine.cpp **** {
 1059              		.loc 1 106 6 view .LVU207
 1060              	.LBB191:
 108:src/audio_engine.cpp ****         return false;
 1061              		.loc 1 108 5 view .LVU208
 1062 0046 9A49     		ldr	r1, .L140+20
 1063 0048 0028     		cmp	r0, #0
 1064 004a F1D0     		beq	.L79
 1065 004c FFF7FEFF 		bl	_ZN3app11AudioEngine16StringContainsCiEPKcS2_.part.0
 1066              	.LVL89:
 108:src/audio_engine.cpp ****         return false;
 1067              		.loc 1 108 5 is_stmt 0 view .LVU209
 1068              	.LBE191:
 1069              	.LBE190:
 141:src/audio_engine.cpp ****             return i;
ARM GAS  C:\Users\aydan\AppData\Local\Temp\ccigYy1e.s 			page 28


 1070              		.loc 1 141 80 view .LVU210
 1071 0050 0028     		cmp	r0, #0
 1072 0052 EDD0     		beq	.L79
 1073              	.LVL90:
 141:src/audio_engine.cpp ****             return i;
 1074              		.loc 1 141 80 view .LVU211
 1075              	.LBE193:
 1076              	.LBE194:
 1077              	.LBE195:
 1078              	.LBE197:
 1079              	.LBE205:
 176:src/audio_engine.cpp ****     if(maps_[config::FX_CHORUS].p1 < 0) maps_[config::FX_CHORUS].p1 = FallbackParamForPot(&chorus_,
 1080              		.loc 1 176 5 view .LVU212
 1081 0054 D6F8DC30 		ldr	r3, [r6, #220]
 175:src/audio_engine.cpp ****     if(maps_[config::FX_CHORUS].p0 < 0) maps_[config::FX_CHORUS].p0 = FallbackParamForPot(&chorus_,
 1082              		.loc 1 175 33 view .LVU213
 1083 0058 C6F8E440 		str	r4, [r6, #228]
 176:src/audio_engine.cpp ****     if(maps_[config::FX_CHORUS].p1 < 0) maps_[config::FX_CHORUS].p1 = FallbackParamForPot(&chorus_,
 1084              		.loc 1 176 5 is_stmt 1 view .LVU214
 1085 005c 002B     		cmp	r3, #0
 1086 005e 65DB     		blt	.L120
 1087              	.L82:
 177:src/audio_engine.cpp ****     if(maps_[config::FX_CHORUS].p2 < 0) maps_[config::FX_CHORUS].p2 = FallbackParamForPot(&chorus_,
 1088              		.loc 1 177 5 view .LVU215
 1089 0060 D6F8E030 		ldr	r3, [r6, #224]
 1090 0064 002B     		cmp	r3, #0
 1091 0066 6EDB     		blt	.L121
 1092              	.L84:
 178:src/audio_engine.cpp **** 
 1093              		.loc 1 178 5 view .LVU216
 1094 0068 D6F8E430 		ldr	r3, [r6, #228]
 1095 006c 002B     		cmp	r3, #0
 1096 006e 76DB     		blt	.L122
 1097              	.L86:
 180:src/audio_engine.cpp ****     maps_[config::FX_REVERB].p1 = FindParamByKeywords(&reverb_, "time", "decay", "feedback");
 1098              		.loc 1 180 5 view .LVU217
 180:src/audio_engine.cpp ****     maps_[config::FX_REVERB].p1 = FindParamByKeywords(&reverb_, "time", "decay", "feedback");
 1099              		.loc 1 180 54 is_stmt 0 view .LVU218
 1100 0070 44F6A434 		movw	r4, #19364
 1101              	.LBB206:
 1102              	.LBB207:
 1103 0074 0023     		movs	r3, #0
 1104 0076 894A     		ldr	r2, .L140
 1105              	.LBE207:
 1106              	.LBE206:
 1107 0078 3C44     		add	r4, r4, r7
 1108              	.LVL91:
 1109              	.LBB209:
 1110              	.LBI206:
 131:src/audio_engine.cpp ****                                      const char* kw1,
 1111              		.loc 1 131 5 is_stmt 1 view .LVU219
 1112              	.LBB208:
 136:src/audio_engine.cpp ****         return -1;
 1113              		.loc 1 136 5 view .LVU220
 1114 007a 8949     		ldr	r1, .L140+4
 1115 007c 2046     		mov	r0, r4
 1116 007e FFF7FEFF 		bl	_ZN3app11AudioEngine19FindParamByKeywordsEPN10bkshepherd16BaseEffectModuleEPKcS5_S5_.part.0
ARM GAS  C:\Users\aydan\AppData\Local\Temp\ccigYy1e.s 			page 29


 1117              	.LVL92:
 136:src/audio_engine.cpp ****         return -1;
 1118              		.loc 1 136 5 is_stmt 0 view .LVU221
 1119              	.LBE208:
 1120              	.LBE209:
 1121              	.LBB210:
 1122              	.LBB211:
 1123 0082 8C4B     		ldr	r3, .L140+24
 1124 0084 8C4A     		ldr	r2, .L140+28
 1125 0086 8D49     		ldr	r1, .L140+32
 1126              	.LBE211:
 1127              	.LBE210:
 180:src/audio_engine.cpp ****     maps_[config::FX_REVERB].p1 = FindParamByKeywords(&reverb_, "time", "decay", "feedback");
 1128              		.loc 1 180 33 view .LVU222
 1129 0088 C6F8E800 		str	r0, [r6, #232]
 181:src/audio_engine.cpp ****     maps_[config::FX_REVERB].p2 = FindParamByKeywords(&reverb_, "lpfreq", "damp", "tone");
 1130              		.loc 1 181 5 is_stmt 1 view .LVU223
 1131              	.LVL93:
 1132              	.LBB213:
 1133              	.LBI210:
 131:src/audio_engine.cpp ****                                      const char* kw1,
 1134              		.loc 1 131 5 view .LVU224
 1135              	.LBB212:
 136:src/audio_engine.cpp ****         return -1;
 1136              		.loc 1 136 5 view .LVU225
 1137 008c 2046     		mov	r0, r4
 1138 008e FFF7FEFF 		bl	_ZN3app11AudioEngine19FindParamByKeywordsEPN10bkshepherd16BaseEffectModuleEPKcS5_S5_.part.0
 1139              	.LVL94:
 136:src/audio_engine.cpp ****         return -1;
 1140              		.loc 1 136 5 is_stmt 0 view .LVU226
 1141              	.LBE212:
 1142              	.LBE213:
 1143              	.LBB214:
 1144              	.LBB215:
 1145 0092 8B4B     		ldr	r3, .L140+36
 1146              	.LBE215:
 1147              	.LBE214:
 181:src/audio_engine.cpp ****     maps_[config::FX_REVERB].p2 = FindParamByKeywords(&reverb_, "lpfreq", "damp", "tone");
 1148              		.loc 1 181 33 view .LVU227
 1149 0094 C6F8EC00 		str	r0, [r6, #236]
 182:src/audio_engine.cpp ****     if(maps_[config::FX_REVERB].p0 < 0) maps_[config::FX_REVERB].p0 = FallbackParamForPot(&reverb_,
 1150              		.loc 1 182 5 is_stmt 1 view .LVU228
 1151              	.LVL95:
 1152              	.LBB217:
 1153              	.LBI214:
 131:src/audio_engine.cpp ****                                      const char* kw1,
 1154              		.loc 1 131 5 view .LVU229
 1155              	.LBB216:
 136:src/audio_engine.cpp ****         return -1;
 1156              		.loc 1 136 5 view .LVU230
 1157 0098 2046     		mov	r0, r4
 1158 009a 8A4A     		ldr	r2, .L140+40
 1159 009c 8A49     		ldr	r1, .L140+44
 1160 009e FFF7FEFF 		bl	_ZN3app11AudioEngine19FindParamByKeywordsEPN10bkshepherd16BaseEffectModuleEPKcS5_S5_.part.0
 1161              	.LVL96:
 136:src/audio_engine.cpp ****         return -1;
 1162              		.loc 1 136 5 is_stmt 0 view .LVU231
ARM GAS  C:\Users\aydan\AppData\Local\Temp\ccigYy1e.s 			page 30


 1163              	.LBE216:
 1164              	.LBE217:
 183:src/audio_engine.cpp ****     if(maps_[config::FX_REVERB].p1 < 0) maps_[config::FX_REVERB].p1 = FallbackParamForPot(&reverb_,
 1165              		.loc 1 183 5 view .LVU232
 1166 00a2 D6F8E830 		ldr	r3, [r6, #232]
 182:src/audio_engine.cpp ****     if(maps_[config::FX_REVERB].p0 < 0) maps_[config::FX_REVERB].p0 = FallbackParamForPot(&reverb_,
 1167              		.loc 1 182 33 view .LVU233
 1168 00a6 C6F8F000 		str	r0, [r6, #240]
 183:src/audio_engine.cpp ****     if(maps_[config::FX_REVERB].p1 < 0) maps_[config::FX_REVERB].p1 = FallbackParamForPot(&reverb_,
 1169              		.loc 1 183 5 is_stmt 1 view .LVU234
 1170 00aa 002B     		cmp	r3, #0
 1171 00ac C0F28D80 		blt	.L123
 1172              	.L88:
 184:src/audio_engine.cpp ****     if(maps_[config::FX_REVERB].p2 < 0) maps_[config::FX_REVERB].p2 = FallbackParamForPot(&reverb_,
 1173              		.loc 1 184 5 view .LVU235
 1174 00b0 D6F8EC30 		ldr	r3, [r6, #236]
 1175 00b4 002B     		cmp	r3, #0
 1176 00b6 7FDB     		blt	.L124
 1177              	.L90:
 185:src/audio_engine.cpp **** 
 1178              		.loc 1 185 5 view .LVU236
 1179 00b8 D6F8F030 		ldr	r3, [r6, #240]
 1180 00bc 002B     		cmp	r3, #0
 1181 00be 72DB     		blt	.L125
 1182              	.L92:
 187:src/audio_engine.cpp ****     maps_[config::FX_CRUSHER].p1 = FindParamByKeywords(&crusher_, "bits", "crush", "depth");
 1183              		.loc 1 187 5 view .LVU237
 187:src/audio_engine.cpp ****     maps_[config::FX_CRUSHER].p1 = FindParamByKeywords(&crusher_, "bits", "crush", "depth");
 1184              		.loc 1 187 55 is_stmt 0 view .LVU238
 1185 00c0 824C     		ldr	r4, .L140+48
 1186              	.LBB218:
 1187              	.LBB219:
 1188 00c2 834B     		ldr	r3, .L140+52
 1189              	.LBE219:
 1190              	.LBE218:
 1191 00c4 3C44     		add	r4, r4, r7
 1192              	.LVL97:
 1193              	.LBB221:
 1194              	.LBI218:
 131:src/audio_engine.cpp ****                                      const char* kw1,
 1195              		.loc 1 131 5 is_stmt 1 view .LVU239
 1196              	.LBB220:
 136:src/audio_engine.cpp ****         return -1;
 1197              		.loc 1 136 5 view .LVU240
 1198 00c6 834A     		ldr	r2, .L140+56
 1199 00c8 8349     		ldr	r1, .L140+60
 1200 00ca 2046     		mov	r0, r4
 1201 00cc FFF7FEFF 		bl	_ZN3app11AudioEngine19FindParamByKeywordsEPN10bkshepherd16BaseEffectModuleEPKcS5_S5_.part.0
 1202              	.LVL98:
 136:src/audio_engine.cpp ****         return -1;
 1203              		.loc 1 136 5 is_stmt 0 view .LVU241
 1204              	.LBE220:
 1205              	.LBE221:
 1206              	.LBB222:
 1207              	.LBB223:
 1208 00d0 774B     		ldr	r3, .L140+20
 1209 00d2 824A     		ldr	r2, .L140+64
ARM GAS  C:\Users\aydan\AppData\Local\Temp\ccigYy1e.s 			page 31


 1210 00d4 8249     		ldr	r1, .L140+68
 1211              	.LBE223:
 1212              	.LBE222:
 187:src/audio_engine.cpp ****     maps_[config::FX_CRUSHER].p1 = FindParamByKeywords(&crusher_, "bits", "crush", "depth");
 1213              		.loc 1 187 34 view .LVU242
 1214 00d6 C6F8F400 		str	r0, [r6, #244]
 188:src/audio_engine.cpp ****     maps_[config::FX_CRUSHER].p2 = FindParamByKeywords(&crusher_, "cutoff", "filter", "tone");
 1215              		.loc 1 188 5 is_stmt 1 view .LVU243
 1216              	.LVL99:
 1217              	.LBB225:
 1218              	.LBI222:
 131:src/audio_engine.cpp ****                                      const char* kw1,
 1219              		.loc 1 131 5 view .LVU244
 1220              	.LBB224:
 136:src/audio_engine.cpp ****         return -1;
 1221              		.loc 1 136 5 view .LVU245
 1222 00da 2046     		mov	r0, r4
 1223 00dc FFF7FEFF 		bl	_ZN3app11AudioEngine19FindParamByKeywordsEPN10bkshepherd16BaseEffectModuleEPKcS5_S5_.part.0
 1224              	.LVL100:
 136:src/audio_engine.cpp ****         return -1;
 1225              		.loc 1 136 5 is_stmt 0 view .LVU246
 1226              	.LBE224:
 1227              	.LBE225:
 1228              	.LBB226:
 1229              	.LBB227:
 1230 00e0 774B     		ldr	r3, .L140+36
 1231              	.LBE227:
 1232              	.LBE226:
 188:src/audio_engine.cpp ****     maps_[config::FX_CRUSHER].p2 = FindParamByKeywords(&crusher_, "cutoff", "filter", "tone");
 1233              		.loc 1 188 34 view .LVU247
 1234 00e2 C6F8F800 		str	r0, [r6, #248]
 189:src/audio_engine.cpp ****     if(maps_[config::FX_CRUSHER].p0 < 0) maps_[config::FX_CRUSHER].p0 = FallbackParamForPot(&crushe
 1235              		.loc 1 189 5 is_stmt 1 view .LVU248
 1236              	.LVL101:
 1237              	.LBB229:
 1238              	.LBI226:
 131:src/audio_engine.cpp ****                                      const char* kw1,
 1239              		.loc 1 131 5 view .LVU249
 1240              	.LBB228:
 136:src/audio_engine.cpp ****         return -1;
 1241              		.loc 1 136 5 view .LVU250
 1242 00e6 2046     		mov	r0, r4
 1243 00e8 7E4A     		ldr	r2, .L140+72
 1244 00ea 7F49     		ldr	r1, .L140+76
 1245 00ec FFF7FEFF 		bl	_ZN3app11AudioEngine19FindParamByKeywordsEPN10bkshepherd16BaseEffectModuleEPKcS5_S5_.part.0
 1246              	.LVL102:
 136:src/audio_engine.cpp ****         return -1;
 1247              		.loc 1 136 5 is_stmt 0 view .LVU251
 1248              	.LBE228:
 1249              	.LBE229:
 190:src/audio_engine.cpp ****     if(maps_[config::FX_CRUSHER].p1 < 0) maps_[config::FX_CRUSHER].p1 = FallbackParamForPot(&crushe
 1250              		.loc 1 190 5 view .LVU252
 1251 00f0 D6F8F430 		ldr	r3, [r6, #244]
 189:src/audio_engine.cpp ****     if(maps_[config::FX_CRUSHER].p0 < 0) maps_[config::FX_CRUSHER].p0 = FallbackParamForPot(&crushe
 1252              		.loc 1 189 34 view .LVU253
 1253 00f4 C6F8FC00 		str	r0, [r6, #252]
 190:src/audio_engine.cpp ****     if(maps_[config::FX_CRUSHER].p1 < 0) maps_[config::FX_CRUSHER].p1 = FallbackParamForPot(&crushe
ARM GAS  C:\Users\aydan\AppData\Local\Temp\ccigYy1e.s 			page 32


 1254              		.loc 1 190 5 is_stmt 1 view .LVU254
 1255 00f8 002B     		cmp	r3, #0
 1256 00fa 4BDB     		blt	.L126
 1257              	.L94:
 191:src/audio_engine.cpp ****     if(maps_[config::FX_CRUSHER].p2 < 0) maps_[config::FX_CRUSHER].p2 = FallbackParamForPot(&crushe
 1258              		.loc 1 191 5 view .LVU255
 1259 00fc D6F8F830 		ldr	r3, [r6, #248]
 1260 0100 002B     		cmp	r3, #0
 1261 0102 3EDB     		blt	.L127
 1262              	.L96:
 192:src/audio_engine.cpp **** 
 1263              		.loc 1 192 5 view .LVU256
 1264 0104 D6F8FC30 		ldr	r3, [r6, #252]
 1265 0108 002B     		cmp	r3, #0
 1266 010a 31DB     		blt	.L128
 1267              	.L99:
 194:src/audio_engine.cpp ****     maps_[config::FX_GRANULAR_DELAY].p1 = bkshepherd::GranularDelayModule::MIX;
 1268              		.loc 1 194 5 view .LVU257
 194:src/audio_engine.cpp ****     maps_[config::FX_GRANULAR_DELAY].p1 = bkshepherd::GranularDelayModule::MIX;
 1269              		.loc 1 194 41 is_stmt 0 view .LVU258
 1270 010c 0021     		movs	r1, #0
 195:src/audio_engine.cpp ****     maps_[config::FX_GRANULAR_DELAY].p2 = bkshepherd::GranularDelayModule::PITCH;
 1271              		.loc 1 195 41 view .LVU259
 1272 010e 0122     		movs	r2, #1
 196:src/audio_engine.cpp **** }
 1273              		.loc 1 196 41 view .LVU260
 1274 0110 0223     		movs	r3, #2
 195:src/audio_engine.cpp ****     maps_[config::FX_GRANULAR_DELAY].p2 = bkshepherd::GranularDelayModule::PITCH;
 1275              		.loc 1 195 41 view .LVU261
 1276 0112 C6E94012 		strd	r1, r2, [r6, #256]
 196:src/audio_engine.cpp **** }
 1277              		.loc 1 196 5 is_stmt 1 view .LVU262
 196:src/audio_engine.cpp **** }
 1278              		.loc 1 196 41 is_stmt 0 view .LVU263
 1279 0116 C6F80831 		str	r3, [r6, #264]
 197:src/audio_engine.cpp **** 
 1280              		.loc 1 197 1 view .LVU264
 1281 011a F8BD     		pop	{r3, r4, r5, r6, r7, pc}
 1282              	.LVL103:
 1283              	.L108:
 176:src/audio_engine.cpp ****     if(maps_[config::FX_CHORUS].p1 < 0) maps_[config::FX_CHORUS].p1 = FallbackParamForPot(&chorus_,
 1284              		.loc 1 176 5 view .LVU265
 1285 011c D6F8DC30 		ldr	r3, [r6, #220]
 1286              	.LBB230:
 1287              	.LBB198:
 1288              	.LBB196:
 144:src/audio_engine.cpp **** }
 1289              		.loc 1 144 13 view .LVU266
 1290 0120 4FF0FF34 		mov	r4, #-1
 1291              	.LVL104:
 144:src/audio_engine.cpp **** }
 1292              		.loc 1 144 13 view .LVU267
 1293              	.LBE196:
 1294              	.LBE198:
 1295              	.LBE230:
 176:src/audio_engine.cpp ****     if(maps_[config::FX_CHORUS].p1 < 0) maps_[config::FX_CHORUS].p1 = FallbackParamForPot(&chorus_,
 1296              		.loc 1 176 5 view .LVU268
ARM GAS  C:\Users\aydan\AppData\Local\Temp\ccigYy1e.s 			page 33


 1297 0124 002B     		cmp	r3, #0
 175:src/audio_engine.cpp ****     if(maps_[config::FX_CHORUS].p0 < 0) maps_[config::FX_CHORUS].p0 = FallbackParamForPot(&chorus_,
 1298              		.loc 1 175 33 view .LVU269
 1299 0126 C6F8E440 		str	r4, [r6, #228]
 176:src/audio_engine.cpp ****     if(maps_[config::FX_CHORUS].p1 < 0) maps_[config::FX_CHORUS].p1 = FallbackParamForPot(&chorus_,
 1300              		.loc 1 176 5 is_stmt 1 view .LVU270
 1301 012a 99DA     		bge	.L82
 1302              	.L120:
 1303              	.LVL105:
 1304              	.LBB231:
 1305              	.LBB232:
 152:src/audio_engine.cpp ****     if(pid >= 0)
 1306              		.loc 1 152 5 view .LVU271
 152:src/audio_engine.cpp ****     if(pid >= 0)
 1307              		.loc 1 152 52 is_stmt 0 view .LVU272
 1308 012c 0021     		movs	r1, #0
 1309 012e 2846     		mov	r0, r5
 1310 0130 FFF7FEFF 		bl	_ZN10bkshepherd16BaseEffectModule27GetMappedParameterIDForKnobEi
 1311              	.LVL106:
 153:src/audio_engine.cpp ****         return pid;
 1312              		.loc 1 153 5 is_stmt 1 view .LVU273
 1313 0134 0028     		cmp	r0, #0
 153:src/audio_engine.cpp ****         return pid;
 1314              		.loc 1 153 5 is_stmt 0 view .LVU274
 1315 0136 C0F2A780 		blt	.L129
 1316              	.LVL107:
 153:src/audio_engine.cpp ****         return pid;
 1317              		.loc 1 153 5 view .LVU275
 1318              	.LBE232:
 1319              	.LBE231:
 176:src/audio_engine.cpp ****     if(maps_[config::FX_CHORUS].p1 < 0) maps_[config::FX_CHORUS].p1 = FallbackParamForPot(&chorus_,
 1320              		.loc 1 176 69 view .LVU276
 1321 013a C6F8DC00 		str	r0, [r6, #220]
 1322              	.L139:
 177:src/audio_engine.cpp ****     if(maps_[config::FX_CHORUS].p2 < 0) maps_[config::FX_CHORUS].p2 = FallbackParamForPot(&chorus_,
 1323              		.loc 1 177 5 is_stmt 1 view .LVU277
 1324 013e D6F8E030 		ldr	r3, [r6, #224]
 1325 0142 002B     		cmp	r3, #0
 1326 0144 90DA     		bge	.L84
 1327              	.L121:
 1328              	.LVL108:
 1329              	.LBB236:
 1330              	.LBB237:
 152:src/audio_engine.cpp ****     if(pid >= 0)
 1331              		.loc 1 152 5 view .LVU278
 152:src/audio_engine.cpp ****     if(pid >= 0)
 1332              		.loc 1 152 52 is_stmt 0 view .LVU279
 1333 0146 0121     		movs	r1, #1
 1334 0148 2846     		mov	r0, r5
 1335 014a FFF7FEFF 		bl	_ZN10bkshepherd16BaseEffectModule27GetMappedParameterIDForKnobEi
 1336              	.LVL109:
 153:src/audio_engine.cpp ****         return pid;
 1337              		.loc 1 153 5 is_stmt 1 view .LVU280
 1338 014e 0028     		cmp	r0, #0
 153:src/audio_engine.cpp ****         return pid;
 1339              		.loc 1 153 5 is_stmt 0 view .LVU281
 1340 0150 44DB     		blt	.L130
ARM GAS  C:\Users\aydan\AppData\Local\Temp\ccigYy1e.s 			page 34


 1341              	.LVL110:
 153:src/audio_engine.cpp ****         return pid;
 1342              		.loc 1 153 5 view .LVU282
 1343              	.LBE237:
 1344              	.LBE236:
 177:src/audio_engine.cpp ****     if(maps_[config::FX_CHORUS].p2 < 0) maps_[config::FX_CHORUS].p2 = FallbackParamForPot(&chorus_,
 1345              		.loc 1 177 69 view .LVU283
 1346 0152 C6F8E000 		str	r0, [r6, #224]
 1347              	.L138:
 178:src/audio_engine.cpp **** 
 1348              		.loc 1 178 5 is_stmt 1 view .LVU284
 1349 0156 D6F8E430 		ldr	r3, [r6, #228]
 1350 015a 002B     		cmp	r3, #0
 1351 015c 88DA     		bge	.L86
 1352              	.L122:
 1353              	.LVL111:
 1354              	.LBB241:
 1355              	.LBB242:
 152:src/audio_engine.cpp ****     if(pid >= 0)
 1356              		.loc 1 152 5 view .LVU285
 152:src/audio_engine.cpp ****     if(pid >= 0)
 1357              		.loc 1 152 52 is_stmt 0 view .LVU286
 1358 015e 0221     		movs	r1, #2
 1359 0160 2846     		mov	r0, r5
 1360 0162 FFF7FEFF 		bl	_ZN10bkshepherd16BaseEffectModule27GetMappedParameterIDForKnobEi
 1361              	.LVL112:
 153:src/audio_engine.cpp ****         return pid;
 1362              		.loc 1 153 5 is_stmt 1 view .LVU287
 1363 0166 0028     		cmp	r0, #0
 153:src/audio_engine.cpp ****         return pid;
 1364              		.loc 1 153 5 is_stmt 0 view .LVU288
 1365 0168 43DB     		blt	.L131
 1366              	.LVL113:
 153:src/audio_engine.cpp ****         return pid;
 1367              		.loc 1 153 5 view .LVU289
 1368              	.LBE242:
 1369              	.LBE241:
 178:src/audio_engine.cpp **** 
 1370              		.loc 1 178 69 view .LVU290
 1371 016a C6F8E400 		str	r0, [r6, #228]
 1372 016e 7FE7     		b	.L86
 1373              	.L128:
 1374              	.LVL114:
 1375              	.LBB246:
 1376              	.LBB247:
 152:src/audio_engine.cpp ****     if(pid >= 0)
 1377              		.loc 1 152 5 is_stmt 1 view .LVU291
 152:src/audio_engine.cpp ****     if(pid >= 0)
 1378              		.loc 1 152 52 is_stmt 0 view .LVU292
 1379 0170 0221     		movs	r1, #2
 1380 0172 2046     		mov	r0, r4
 1381 0174 FFF7FEFF 		bl	_ZN10bkshepherd16BaseEffectModule27GetMappedParameterIDForKnobEi
 1382              	.LVL115:
 153:src/audio_engine.cpp ****         return pid;
 1383              		.loc 1 153 5 is_stmt 1 view .LVU293
 1384 0178 0028     		cmp	r0, #0
 153:src/audio_engine.cpp ****         return pid;
ARM GAS  C:\Users\aydan\AppData\Local\Temp\ccigYy1e.s 			page 35


 1385              		.loc 1 153 5 is_stmt 0 view .LVU294
 1386 017a 7ADB     		blt	.L132
 1387              	.LVL116:
 153:src/audio_engine.cpp ****         return pid;
 1388              		.loc 1 153 5 view .LVU295
 1389              	.LBE247:
 1390              	.LBE246:
 192:src/audio_engine.cpp **** 
 1391              		.loc 1 192 71 view .LVU296
 1392 017c C6F8FC00 		str	r0, [r6, #252]
 1393 0180 C4E7     		b	.L99
 1394              	.L127:
 1395              	.LVL117:
 1396              	.LBB251:
 1397              	.LBB252:
 152:src/audio_engine.cpp ****     if(pid >= 0)
 1398              		.loc 1 152 5 is_stmt 1 view .LVU297
 152:src/audio_engine.cpp ****     if(pid >= 0)
 1399              		.loc 1 152 52 is_stmt 0 view .LVU298
 1400 0182 0121     		movs	r1, #1
 1401 0184 2046     		mov	r0, r4
 1402 0186 FFF7FEFF 		bl	_ZN10bkshepherd16BaseEffectModule27GetMappedParameterIDForKnobEi
 1403              	.LVL118:
 153:src/audio_engine.cpp ****         return pid;
 1404              		.loc 1 153 5 is_stmt 1 view .LVU299
 1405 018a 0028     		cmp	r0, #0
 153:src/audio_engine.cpp ****         return pid;
 1406              		.loc 1 153 5 is_stmt 0 view .LVU300
 1407 018c 66DB     		blt	.L133
 1408              	.LVL119:
 153:src/audio_engine.cpp ****         return pid;
 1409              		.loc 1 153 5 view .LVU301
 1410              	.LBE252:
 1411              	.LBE251:
 191:src/audio_engine.cpp ****     if(maps_[config::FX_CRUSHER].p2 < 0) maps_[config::FX_CRUSHER].p2 = FallbackParamForPot(&crushe
 1412              		.loc 1 191 71 view .LVU302
 1413 018e C6F8F800 		str	r0, [r6, #248]
 1414 0192 B7E7     		b	.L96
 1415              	.L126:
 1416              	.LVL120:
 1417              	.LBB256:
 1418              	.LBB257:
 152:src/audio_engine.cpp ****     if(pid >= 0)
 1419              		.loc 1 152 5 is_stmt 1 view .LVU303
 152:src/audio_engine.cpp ****     if(pid >= 0)
 1420              		.loc 1 152 52 is_stmt 0 view .LVU304
 1421 0194 0021     		movs	r1, #0
 1422 0196 2046     		mov	r0, r4
 1423 0198 FFF7FEFF 		bl	_ZN10bkshepherd16BaseEffectModule27GetMappedParameterIDForKnobEi
 1424              	.LVL121:
 153:src/audio_engine.cpp ****         return pid;
 1425              		.loc 1 153 5 is_stmt 1 view .LVU305
 1426 019c 0028     		cmp	r0, #0
 153:src/audio_engine.cpp ****         return pid;
 1427              		.loc 1 153 5 is_stmt 0 view .LVU306
 1428 019e 53DB     		blt	.L134
 1429              	.LVL122:
ARM GAS  C:\Users\aydan\AppData\Local\Temp\ccigYy1e.s 			page 36


 153:src/audio_engine.cpp ****         return pid;
 1430              		.loc 1 153 5 view .LVU307
 1431              	.LBE257:
 1432              	.LBE256:
 190:src/audio_engine.cpp ****     if(maps_[config::FX_CRUSHER].p1 < 0) maps_[config::FX_CRUSHER].p1 = FallbackParamForPot(&crushe
 1433              		.loc 1 190 71 view .LVU308
 1434 01a0 C6F8F400 		str	r0, [r6, #244]
 1435 01a4 AAE7     		b	.L94
 1436              	.L125:
 1437              	.LVL123:
 1438              	.LBB261:
 1439              	.LBB262:
 152:src/audio_engine.cpp ****     if(pid >= 0)
 1440              		.loc 1 152 5 is_stmt 1 view .LVU309
 152:src/audio_engine.cpp ****     if(pid >= 0)
 1441              		.loc 1 152 52 is_stmt 0 view .LVU310
 1442 01a6 0221     		movs	r1, #2
 1443 01a8 2046     		mov	r0, r4
 1444 01aa FFF7FEFF 		bl	_ZN10bkshepherd16BaseEffectModule27GetMappedParameterIDForKnobEi
 1445              	.LVL124:
 153:src/audio_engine.cpp ****         return pid;
 1446              		.loc 1 153 5 is_stmt 1 view .LVU311
 1447 01ae 0028     		cmp	r0, #0
 153:src/audio_engine.cpp ****         return pid;
 1448              		.loc 1 153 5 is_stmt 0 view .LVU312
 1449 01b0 3FDB     		blt	.L135
 1450              	.LVL125:
 153:src/audio_engine.cpp ****         return pid;
 1451              		.loc 1 153 5 view .LVU313
 1452              	.LBE262:
 1453              	.LBE261:
 185:src/audio_engine.cpp **** 
 1454              		.loc 1 185 69 view .LVU314
 1455 01b2 C6F8F000 		str	r0, [r6, #240]
 1456 01b6 83E7     		b	.L92
 1457              	.L124:
 1458              	.LVL126:
 1459              	.LBB266:
 1460              	.LBB267:
 152:src/audio_engine.cpp ****     if(pid >= 0)
 1461              		.loc 1 152 5 is_stmt 1 view .LVU315
 152:src/audio_engine.cpp ****     if(pid >= 0)
 1462              		.loc 1 152 52 is_stmt 0 view .LVU316
 1463 01b8 0121     		movs	r1, #1
 1464 01ba 2046     		mov	r0, r4
 1465 01bc FFF7FEFF 		bl	_ZN10bkshepherd16BaseEffectModule27GetMappedParameterIDForKnobEi
 1466              	.LVL127:
 153:src/audio_engine.cpp ****         return pid;
 1467              		.loc 1 153 5 is_stmt 1 view .LVU317
 1468 01c0 0028     		cmp	r0, #0
 153:src/audio_engine.cpp ****         return pid;
 1469              		.loc 1 153 5 is_stmt 0 view .LVU318
 1470 01c2 2BDB     		blt	.L136
 1471              	.LVL128:
 153:src/audio_engine.cpp ****         return pid;
 1472              		.loc 1 153 5 view .LVU319
 1473              	.LBE267:
ARM GAS  C:\Users\aydan\AppData\Local\Temp\ccigYy1e.s 			page 37


 1474              	.LBE266:
 184:src/audio_engine.cpp ****     if(maps_[config::FX_REVERB].p2 < 0) maps_[config::FX_REVERB].p2 = FallbackParamForPot(&reverb_,
 1475              		.loc 1 184 69 view .LVU320
 1476 01c4 C6F8EC00 		str	r0, [r6, #236]
 1477 01c8 76E7     		b	.L90
 1478              	.L123:
 1479              	.LVL129:
 1480              	.LBB271:
 1481              	.LBB272:
 152:src/audio_engine.cpp ****     if(pid >= 0)
 1482              		.loc 1 152 5 is_stmt 1 view .LVU321
 152:src/audio_engine.cpp ****     if(pid >= 0)
 1483              		.loc 1 152 52 is_stmt 0 view .LVU322
 1484 01ca 0021     		movs	r1, #0
 1485 01cc 2046     		mov	r0, r4
 1486 01ce FFF7FEFF 		bl	_ZN10bkshepherd16BaseEffectModule27GetMappedParameterIDForKnobEi
 1487              	.LVL130:
 153:src/audio_engine.cpp ****         return pid;
 1488              		.loc 1 153 5 is_stmt 1 view .LVU323
 1489 01d2 0028     		cmp	r0, #0
 153:src/audio_engine.cpp ****         return pid;
 1490              		.loc 1 153 5 is_stmt 0 view .LVU324
 1491 01d4 18DB     		blt	.L137
 1492              	.LVL131:
 153:src/audio_engine.cpp ****         return pid;
 1493              		.loc 1 153 5 view .LVU325
 1494              	.LBE272:
 1495              	.LBE271:
 183:src/audio_engine.cpp ****     if(maps_[config::FX_REVERB].p1 < 0) maps_[config::FX_REVERB].p1 = FallbackParamForPot(&reverb_,
 1496              		.loc 1 183 69 view .LVU326
 1497 01d6 C6F8E800 		str	r0, [r6, #232]
 1498 01da 69E7     		b	.L88
 1499              	.LVL132:
 1500              	.L130:
 1501              	.LBB276:
 1502              	.LBB240:
 1503              	.LBB238:
 1504              	.LBI238:
 148:src/audio_engine.cpp **** {
 1505              		.loc 1 148 5 is_stmt 1 view .LVU327
 1506              	.LBB239:
 155:src/audio_engine.cpp **** }
 1507              		.loc 1 155 5 view .LVU328
 155:src/audio_engine.cpp **** }
 1508              		.loc 1 155 48 is_stmt 0 view .LVU329
 1509 01dc 2846     		mov	r0, r5
 1510              	.LVL133:
 155:src/audio_engine.cpp **** }
 1511              		.loc 1 155 48 view .LVU330
 1512 01de FFF7FEFF 		bl	_ZN10bkshepherd16BaseEffectModule17GetParameterCountEv
 1513              	.LVL134:
 155:src/audio_engine.cpp **** }
 1514              		.loc 1 155 51 view .LVU331
 1515 01e2 0128     		cmp	r0, #1
 1516 01e4 8CBF     		ite	hi
 1517 01e6 0120     		movhi	r0, #1
 1518 01e8 4FF0FF30 		movls	r0, #-1
ARM GAS  C:\Users\aydan\AppData\Local\Temp\ccigYy1e.s 			page 38


 1519              	.LVL135:
 155:src/audio_engine.cpp **** }
 1520              		.loc 1 155 51 view .LVU332
 1521              	.LBE239:
 1522              	.LBE238:
 1523              	.LBE240:
 1524              	.LBE276:
 177:src/audio_engine.cpp ****     if(maps_[config::FX_CHORUS].p2 < 0) maps_[config::FX_CHORUS].p2 = FallbackParamForPot(&chorus_,
 1525              		.loc 1 177 69 view .LVU333
 1526 01ec C6F8E000 		str	r0, [r6, #224]
 1527 01f0 B1E7     		b	.L138
 1528              	.LVL136:
 1529              	.L131:
 1530              	.LBB277:
 1531              	.LBB245:
 1532              	.LBB243:
 1533              	.LBI243:
 148:src/audio_engine.cpp **** {
 1534              		.loc 1 148 5 is_stmt 1 view .LVU334
 1535              	.LBB244:
 155:src/audio_engine.cpp **** }
 1536              		.loc 1 155 5 view .LVU335
 155:src/audio_engine.cpp **** }
 1537              		.loc 1 155 48 is_stmt 0 view .LVU336
 1538 01f2 2846     		mov	r0, r5
 1539              	.LVL137:
 155:src/audio_engine.cpp **** }
 1540              		.loc 1 155 48 view .LVU337
 1541 01f4 FFF7FEFF 		bl	_ZN10bkshepherd16BaseEffectModule17GetParameterCountEv
 1542              	.LVL138:
 155:src/audio_engine.cpp **** }
 1543              		.loc 1 155 51 view .LVU338
 1544 01f8 0228     		cmp	r0, #2
 1545 01fa 8CBF     		ite	hi
 1546 01fc 0220     		movhi	r0, #2
 1547 01fe 4FF0FF30 		movls	r0, #-1
 1548              	.LVL139:
 155:src/audio_engine.cpp **** }
 1549              		.loc 1 155 51 view .LVU339
 1550              	.LBE244:
 1551              	.LBE243:
 1552              	.LBE245:
 1553              	.LBE277:
 178:src/audio_engine.cpp **** 
 1554              		.loc 1 178 69 view .LVU340
 1555 0202 C6F8E400 		str	r0, [r6, #228]
 1556 0206 33E7     		b	.L86
 1557              	.LVL140:
 1558              	.L137:
 1559              	.LBB278:
 1560              	.LBB275:
 1561              	.LBB273:
 1562              	.LBI273:
 148:src/audio_engine.cpp **** {
 1563              		.loc 1 148 5 is_stmt 1 view .LVU341
 1564              	.LBB274:
 155:src/audio_engine.cpp **** }
ARM GAS  C:\Users\aydan\AppData\Local\Temp\ccigYy1e.s 			page 39


 1565              		.loc 1 155 5 view .LVU342
 155:src/audio_engine.cpp **** }
 1566              		.loc 1 155 48 is_stmt 0 view .LVU343
 1567 0208 2046     		mov	r0, r4
 1568              	.LVL141:
 155:src/audio_engine.cpp **** }
 1569              		.loc 1 155 48 view .LVU344
 1570 020a FFF7FEFF 		bl	_ZN10bkshepherd16BaseEffectModule17GetParameterCountEv
 1571              	.LVL142:
 155:src/audio_engine.cpp **** }
 1572              		.loc 1 155 51 view .LVU345
 1573 020e B0FA80F0 		clz	r0, r0
 1574 0212 4009     		lsrs	r0, r0, #5
 1575 0214 4042     		rsbs	r0, r0, #0
 1576              	.LVL143:
 155:src/audio_engine.cpp **** }
 1577              		.loc 1 155 51 view .LVU346
 1578              	.LBE274:
 1579              	.LBE273:
 1580              	.LBE275:
 1581              	.LBE278:
 183:src/audio_engine.cpp ****     if(maps_[config::FX_REVERB].p1 < 0) maps_[config::FX_REVERB].p1 = FallbackParamForPot(&reverb_,
 1582              		.loc 1 183 69 view .LVU347
 1583 0216 C6F8E800 		str	r0, [r6, #232]
 1584 021a 49E7     		b	.L88
 1585              	.LVL144:
 1586              	.L136:
 1587              	.LBB279:
 1588              	.LBB270:
 1589              	.LBB268:
 1590              	.LBI268:
 148:src/audio_engine.cpp **** {
 1591              		.loc 1 148 5 is_stmt 1 view .LVU348
 1592              	.LBB269:
 155:src/audio_engine.cpp **** }
 1593              		.loc 1 155 5 view .LVU349
 155:src/audio_engine.cpp **** }
 1594              		.loc 1 155 48 is_stmt 0 view .LVU350
 1595 021c 2046     		mov	r0, r4
 1596              	.LVL145:
 155:src/audio_engine.cpp **** }
 1597              		.loc 1 155 48 view .LVU351
 1598 021e FFF7FEFF 		bl	_ZN10bkshepherd16BaseEffectModule17GetParameterCountEv
 1599              	.LVL146:
 155:src/audio_engine.cpp **** }
 1600              		.loc 1 155 51 view .LVU352
 1601 0222 0128     		cmp	r0, #1
 1602 0224 8CBF     		ite	hi
 1603 0226 0120     		movhi	r0, #1
 1604 0228 4FF0FF30 		movls	r0, #-1
 1605              	.LVL147:
 155:src/audio_engine.cpp **** }
 1606              		.loc 1 155 51 view .LVU353
 1607              	.LBE269:
 1608              	.LBE268:
 1609              	.LBE270:
 1610              	.LBE279:
ARM GAS  C:\Users\aydan\AppData\Local\Temp\ccigYy1e.s 			page 40


 184:src/audio_engine.cpp ****     if(maps_[config::FX_REVERB].p2 < 0) maps_[config::FX_REVERB].p2 = FallbackParamForPot(&reverb_,
 1611              		.loc 1 184 69 view .LVU354
 1612 022c C6F8EC00 		str	r0, [r6, #236]
 1613 0230 42E7     		b	.L90
 1614              	.LVL148:
 1615              	.L135:
 1616              	.LBB280:
 1617              	.LBB265:
 1618              	.LBB263:
 1619              	.LBI263:
 148:src/audio_engine.cpp **** {
 1620              		.loc 1 148 5 is_stmt 1 view .LVU355
 1621              	.LBB264:
 155:src/audio_engine.cpp **** }
 1622              		.loc 1 155 5 view .LVU356
 155:src/audio_engine.cpp **** }
 1623              		.loc 1 155 48 is_stmt 0 view .LVU357
 1624 0232 2046     		mov	r0, r4
 1625              	.LVL149:
 155:src/audio_engine.cpp **** }
 1626              		.loc 1 155 48 view .LVU358
 1627 0234 FFF7FEFF 		bl	_ZN10bkshepherd16BaseEffectModule17GetParameterCountEv
 1628              	.LVL150:
 155:src/audio_engine.cpp **** }
 1629              		.loc 1 155 51 view .LVU359
 1630 0238 0228     		cmp	r0, #2
 1631 023a 8CBF     		ite	hi
 1632 023c 0220     		movhi	r0, #2
 1633 023e 4FF0FF30 		movls	r0, #-1
 1634              	.LVL151:
 155:src/audio_engine.cpp **** }
 1635              		.loc 1 155 51 view .LVU360
 1636              	.LBE264:
 1637              	.LBE263:
 1638              	.LBE265:
 1639              	.LBE280:
 185:src/audio_engine.cpp **** 
 1640              		.loc 1 185 69 view .LVU361
 1641 0242 C6F8F000 		str	r0, [r6, #240]
 1642 0246 3BE7     		b	.L92
 1643              	.LVL152:
 1644              	.L134:
 1645              	.LBB281:
 1646              	.LBB260:
 1647              	.LBB258:
 1648              	.LBI258:
 148:src/audio_engine.cpp **** {
 1649              		.loc 1 148 5 is_stmt 1 view .LVU362
 1650              	.LBB259:
 155:src/audio_engine.cpp **** }
 1651              		.loc 1 155 5 view .LVU363
 155:src/audio_engine.cpp **** }
 1652              		.loc 1 155 48 is_stmt 0 view .LVU364
 1653 0248 2046     		mov	r0, r4
 1654              	.LVL153:
 155:src/audio_engine.cpp **** }
 1655              		.loc 1 155 48 view .LVU365
ARM GAS  C:\Users\aydan\AppData\Local\Temp\ccigYy1e.s 			page 41


 1656 024a FFF7FEFF 		bl	_ZN10bkshepherd16BaseEffectModule17GetParameterCountEv
 1657              	.LVL154:
 155:src/audio_engine.cpp **** }
 1658              		.loc 1 155 51 view .LVU366
 1659 024e B0FA80F0 		clz	r0, r0
 1660 0252 4009     		lsrs	r0, r0, #5
 1661 0254 4042     		rsbs	r0, r0, #0
 1662              	.LVL155:
 155:src/audio_engine.cpp **** }
 1663              		.loc 1 155 51 view .LVU367
 1664              	.LBE259:
 1665              	.LBE258:
 1666              	.LBE260:
 1667              	.LBE281:
 190:src/audio_engine.cpp ****     if(maps_[config::FX_CRUSHER].p1 < 0) maps_[config::FX_CRUSHER].p1 = FallbackParamForPot(&crushe
 1668              		.loc 1 190 71 view .LVU368
 1669 0256 C6F8F400 		str	r0, [r6, #244]
 1670 025a 4FE7     		b	.L94
 1671              	.LVL156:
 1672              	.L133:
 1673              	.LBB282:
 1674              	.LBB255:
 1675              	.LBB253:
 1676              	.LBI253:
 148:src/audio_engine.cpp **** {
 1677              		.loc 1 148 5 is_stmt 1 view .LVU369
 1678              	.LBB254:
 155:src/audio_engine.cpp **** }
 1679              		.loc 1 155 5 view .LVU370
 155:src/audio_engine.cpp **** }
 1680              		.loc 1 155 48 is_stmt 0 view .LVU371
 1681 025c 2046     		mov	r0, r4
 1682              	.LVL157:
 155:src/audio_engine.cpp **** }
 1683              		.loc 1 155 48 view .LVU372
 1684 025e FFF7FEFF 		bl	_ZN10bkshepherd16BaseEffectModule17GetParameterCountEv
 1685              	.LVL158:
 155:src/audio_engine.cpp **** }
 1686              		.loc 1 155 51 view .LVU373
 1687 0262 0128     		cmp	r0, #1
 1688 0264 8CBF     		ite	hi
 1689 0266 0120     		movhi	r0, #1
 1690 0268 4FF0FF30 		movls	r0, #-1
 1691              	.LVL159:
 155:src/audio_engine.cpp **** }
 1692              		.loc 1 155 51 view .LVU374
 1693              	.LBE254:
 1694              	.LBE253:
 1695              	.LBE255:
 1696              	.LBE282:
 191:src/audio_engine.cpp ****     if(maps_[config::FX_CRUSHER].p2 < 0) maps_[config::FX_CRUSHER].p2 = FallbackParamForPot(&crushe
 1697              		.loc 1 191 71 view .LVU375
 1698 026c C6F8F800 		str	r0, [r6, #248]
 1699 0270 48E7     		b	.L96
 1700              	.LVL160:
 1701              	.L132:
 1702              	.LBB283:
ARM GAS  C:\Users\aydan\AppData\Local\Temp\ccigYy1e.s 			page 42


 1703              	.LBB250:
 1704              	.LBB248:
 1705              	.LBI248:
 148:src/audio_engine.cpp **** {
 1706              		.loc 1 148 5 is_stmt 1 view .LVU376
 1707              	.LBB249:
 155:src/audio_engine.cpp **** }
 1708              		.loc 1 155 5 view .LVU377
 155:src/audio_engine.cpp **** }
 1709              		.loc 1 155 48 is_stmt 0 view .LVU378
 1710 0272 2046     		mov	r0, r4
 1711              	.LVL161:
 155:src/audio_engine.cpp **** }
 1712              		.loc 1 155 48 view .LVU379
 1713 0274 FFF7FEFF 		bl	_ZN10bkshepherd16BaseEffectModule17GetParameterCountEv
 1714              	.LVL162:
 155:src/audio_engine.cpp **** }
 1715              		.loc 1 155 51 view .LVU380
 1716 0278 0228     		cmp	r0, #2
 1717 027a 8CBF     		ite	hi
 1718 027c 0220     		movhi	r0, #2
 1719 027e 4FF0FF30 		movls	r0, #-1
 1720              	.LVL163:
 155:src/audio_engine.cpp **** }
 1721              		.loc 1 155 51 view .LVU381
 1722              	.LBE249:
 1723              	.LBE248:
 1724              	.LBE250:
 1725              	.LBE283:
 192:src/audio_engine.cpp **** 
 1726              		.loc 1 192 71 view .LVU382
 1727 0282 C6F8FC00 		str	r0, [r6, #252]
 1728 0286 41E7     		b	.L99
 1729              	.LVL164:
 1730              	.L129:
 1731              	.LBB284:
 1732              	.LBB235:
 1733              	.LBB233:
 1734              	.LBI233:
 148:src/audio_engine.cpp **** {
 1735              		.loc 1 148 5 is_stmt 1 view .LVU383
 1736              	.LBB234:
 155:src/audio_engine.cpp **** }
 1737              		.loc 1 155 5 view .LVU384
 155:src/audio_engine.cpp **** }
 1738              		.loc 1 155 48 is_stmt 0 view .LVU385
 1739 0288 2846     		mov	r0, r5
 1740              	.LVL165:
 155:src/audio_engine.cpp **** }
 1741              		.loc 1 155 48 view .LVU386
 1742 028a FFF7FEFF 		bl	_ZN10bkshepherd16BaseEffectModule17GetParameterCountEv
 1743              	.LVL166:
 155:src/audio_engine.cpp **** }
 1744              		.loc 1 155 51 view .LVU387
 1745 028e B0FA80F0 		clz	r0, r0
 1746 0292 4009     		lsrs	r0, r0, #5
 1747 0294 4042     		rsbs	r0, r0, #0
ARM GAS  C:\Users\aydan\AppData\Local\Temp\ccigYy1e.s 			page 43


 1748              	.LVL167:
 155:src/audio_engine.cpp **** }
 1749              		.loc 1 155 51 view .LVU388
 1750              	.LBE234:
 1751              	.LBE233:
 1752              	.LBE235:
 1753              	.LBE284:
 176:src/audio_engine.cpp ****     if(maps_[config::FX_CHORUS].p1 < 0) maps_[config::FX_CHORUS].p1 = FallbackParamForPot(&chorus_,
 1754              		.loc 1 176 69 view .LVU389
 1755 0296 C6F8DC00 		str	r0, [r6, #220]
 1756 029a 50E7     		b	.L139
 1757              	.L141:
 1758              		.align	2
 1759              	.L140:
 1760 029c 00000000 		.word	.LC2
 1761 02a0 04000000 		.word	.LC3
 1762 02a4 08000000 		.word	.LC4
 1763 02a8 10000000 		.word	.LC5
 1764 02ac 18000000 		.word	.LC6
 1765 02b0 20000000 		.word	.LC7
 1766 02b4 68000000 		.word	.LC16
 1767 02b8 74000000 		.word	.LC17
 1768 02bc 7C000000 		.word	.LC18
 1769 02c0 50000000 		.word	.LC13
 1770 02c4 84000000 		.word	.LC19
 1771 02c8 8C000000 		.word	.LC20
 1772 02cc 28570600 		.word	415528
 1773 02d0 28000000 		.word	.LC8
 1774 02d4 30000000 		.word	.LC9
 1775 02d8 38000000 		.word	.LC10
 1776 02dc 40000000 		.word	.LC11
 1777 02e0 48000000 		.word	.LC12
 1778 02e4 58000000 		.word	.LC14
 1779 02e8 60000000 		.word	.LC15
 1780              		.cfi_endproc
 1781              	.LFE4774:
 1783              		.section	.text._ZN3app11AudioEngine22ApplySnapshotIfChangedEv,"ax",%progbits
 1784              		.align	1
 1785              		.p2align 2,,3
 1786              		.global	_ZN3app11AudioEngine22ApplySnapshotIfChangedEv
 1787              		.syntax unified
 1788              		.thumb
 1789              		.thumb_func
 1790              		.fpu fpv5-d16
 1792              	_ZN3app11AudioEngine22ApplySnapshotIfChangedEv:
 1793              	.LVL168:
 1794              	.LFB4775:
 202:src/audio_engine.cpp ****     if(!mailbox_)
 1795              		.loc 1 202 1 is_stmt 1 view -0
 1796              		.cfi_startproc
 1797              		@ args = 0, pretend = 0, frame = 0
 1798              		@ frame_needed = 0, uses_anonymous_args = 0
 203:src/audio_engine.cpp ****         return;
 1799              		.loc 1 203 5 view .LVU391
 202:src/audio_engine.cpp ****     if(!mailbox_)
 1800              		.loc 1 202 1 is_stmt 0 view .LVU392
 1801 0000 F8B5     		push	{r3, r4, r5, r6, r7, lr}
ARM GAS  C:\Users\aydan\AppData\Local\Temp\ccigYy1e.s 			page 44


 1802              		.cfi_def_cfa_offset 24
 1803              		.cfi_offset 3, -24
 1804              		.cfi_offset 4, -20
 1805              		.cfi_offset 5, -16
 1806              		.cfi_offset 6, -12
 1807              		.cfi_offset 7, -8
 1808              		.cfi_offset 14, -4
 203:src/audio_engine.cpp ****         return;
 1809              		.loc 1 203 9 view .LVU393
 1810 0002 0368     		ldr	r3, [r0]
 203:src/audio_engine.cpp ****         return;
 1811              		.loc 1 203 5 view .LVU394
 1812 0004 2BB1     		cbz	r3, .L142
 206:src/audio_engine.cpp ****     uint32_t revision = mailbox_revision_;
 1813              		.loc 1 206 5 is_stmt 1 view .LVU395
 207:src/audio_engine.cpp ****     if(!mailbox_->Read(snapshot, revision) || revision == mailbox_revision_)
 1814              		.loc 1 207 5 view .LVU396
 1815              	.LVL169:
 208:src/audio_engine.cpp ****         return;
 1816              		.loc 1 208 5 view .LVU397
 1817              	.LBB291:
 1818              	.LBI291:
 1819              		.file 2 "src/control_mailbox.h"
   1:src/control_mailbox.h **** #pragma once
   2:src/control_mailbox.h **** 
   3:src/control_mailbox.h **** #include "app_config.h"
   4:src/control_mailbox.h **** 
   5:src/control_mailbox.h **** #include <stdint.h>
   6:src/control_mailbox.h **** #include <type_traits>
   7:src/control_mailbox.h **** 
   8:src/control_mailbox.h **** namespace app
   9:src/control_mailbox.h **** {
  10:src/control_mailbox.h **** 
  11:src/control_mailbox.h **** // Compact requested-control state crossing from the foreground loop into the
  12:src/control_mailbox.h **** // audio interrupt. Keep this trivially copyable and small so a seqlock retry is
  13:src/control_mailbox.h **** // cheap and no dynamic allocation or mutex is needed.
  14:src/control_mailbox.h **** struct ControlSnapshot
  15:src/control_mailbox.h **** {
  16:src/control_mailbox.h ****     uint8_t effect;
  17:src/control_mailbox.h ****     uint8_t bypass;
  18:src/control_mailbox.h ****     uint16_t parameters[config::kPhysicalPotCount];
  19:src/control_mailbox.h **** };
  20:src/control_mailbox.h **** 
  21:src/control_mailbox.h **** static_assert(std::is_trivially_copyable<ControlSnapshot>::value, "ControlSnapshot must be copied b
  22:src/control_mailbox.h **** static_assert(sizeof(ControlSnapshot) <= 16, "ControlSnapshot must stay small for interrupt transfe
  23:src/control_mailbox.h **** 
  24:src/control_mailbox.h **** // Single-writer/single-reader mailbox for the main loop -> audio callback handoff.
  25:src/control_mailbox.h **** // The main loop is the only writer, and the audio interrupt is the only reader.
  26:src/control_mailbox.h **** class ControlMailbox
  27:src/control_mailbox.h **** {
  28:src/control_mailbox.h ****   public:
  29:src/control_mailbox.h ****     ControlMailbox();
  30:src/control_mailbox.h **** 
  31:src/control_mailbox.h ****     // Publish() is called from the main loop after controls have been filtered and
  32:src/control_mailbox.h ****     // debounced. It marks the sequence odd while the payload is being copied.
  33:src/control_mailbox.h ****     void Publish(const ControlSnapshot& snapshot);
  34:src/control_mailbox.h **** 
ARM GAS  C:\Users\aydan\AppData\Local\Temp\ccigYy1e.s 			page 45


  35:src/control_mailbox.h ****     // Read() is called once at the beginning of an audio block. It returns false
  36:src/control_mailbox.h ****     // if publication is in progress, allowing the callback to keep its last valid
  37:src/control_mailbox.h ****     // snapshot without blocking.
  38:src/control_mailbox.h ****     bool Read(ControlSnapshot& out, uint32_t& out_revision) const;
  39:src/control_mailbox.h **** 
  40:src/control_mailbox.h ****   private:
  41:src/control_mailbox.h ****     uint32_t sequence_;
  42:src/control_mailbox.h ****     ControlSnapshot snapshot_;
  43:src/control_mailbox.h **** };
  44:src/control_mailbox.h **** 
  45:src/control_mailbox.h **** inline ControlMailbox::ControlMailbox()
  46:src/control_mailbox.h **** : sequence_(0),
  47:src/control_mailbox.h ****   snapshot_{config::FX_TUNER, 0, {0, 0, 0}}
  48:src/control_mailbox.h **** {
  49:src/control_mailbox.h **** }
  50:src/control_mailbox.h **** 
  51:src/control_mailbox.h **** // GCC atomics provide the compiler and CPU barriers needed for the callback to
  52:src/control_mailbox.h **** // reject in-progress or torn snapshots. The sequence is even when stable and odd
  53:src/control_mailbox.h **** // while the writer is updating the payload.
  54:src/control_mailbox.h **** inline void ControlMailbox::Publish(const ControlSnapshot& snapshot)
  55:src/control_mailbox.h **** {
  56:src/control_mailbox.h ****     const uint32_t start = __atomic_load_n(&sequence_, __ATOMIC_RELAXED);
  57:src/control_mailbox.h ****     __atomic_store_n(&sequence_, start | 1u, __ATOMIC_RELEASE);
  58:src/control_mailbox.h ****     snapshot_ = snapshot;
  59:src/control_mailbox.h ****     __atomic_store_n(&sequence_, (start + 2u) & ~1u, __ATOMIC_RELEASE);
  60:src/control_mailbox.h **** }
  61:src/control_mailbox.h **** 
  62:src/control_mailbox.h **** inline bool ControlMailbox::Read(ControlSnapshot& out, uint32_t& out_revision) const
 1820              		.loc 2 62 13 view .LVU398
 1821              	.LBB292:
  63:src/control_mailbox.h **** {
  64:src/control_mailbox.h ****     const uint32_t before = __atomic_load_n(&sequence_, __ATOMIC_ACQUIRE);
 1822              		.loc 2 64 5 view .LVU399
 1823              		.loc 2 64 73 is_stmt 0 view .LVU400
 1824 0006 1D68     		ldr	r5, [r3]
 1825 0008 BFF35B8F 		dmb	ish
 1826              	.LVL170:
  65:src/control_mailbox.h ****     if(before & 1u)
 1827              		.loc 2 65 5 is_stmt 1 view .LVU401
 1828 000c 15F00102 		ands	r2, r5, #1
 1829 0010 00D0     		beq	.L174
 1830              	.LVL171:
 1831              	.L142:
 1832              		.loc 2 65 5 is_stmt 0 view .LVU402
 1833              	.LBE292:
 1834              	.LBE291:
 228:src/audio_engine.cpp **** 
 1835              		.loc 1 228 1 view .LVU403
 1836 0012 F8BD     		pop	{r3, r4, r5, r6, r7, pc}
 1837              	.LVL172:
 1838              	.L174:
 1839              	.LBB294:
 1840              	.LBB293:
  66:src/control_mailbox.h ****         return false;
  67:src/control_mailbox.h **** 
  68:src/control_mailbox.h ****     const ControlSnapshot copy = snapshot_;
 1841              		.loc 2 68 5 is_stmt 1 view .LVU404
ARM GAS  C:\Users\aydan\AppData\Local\Temp\ccigYy1e.s 			page 46


 1842              		.loc 2 68 27 is_stmt 0 view .LVU405
 1843 0014 1979     		ldrb	r1, [r3, #4]	@ zero_extendqisi2
 1844              	.LVL173:
 1845              		.loc 2 68 27 view .LVU406
 1846 0016 93F805C0 		ldrb	ip, [r3, #5]	@ zero_extendqisi2
 1847              	.LVL174:
 1848              		.loc 2 68 27 view .LVU407
 1849 001a B3F806E0 		ldrh	lr, [r3, #6]
 1850              	.LVL175:
 1851              		.loc 2 68 27 view .LVU408
 1852 001e D3E90176 		ldrd	r7, r6, [r3, #4]
 1853              	.LVL176:
  69:src/control_mailbox.h ****     const uint32_t after = __atomic_load_n(&sequence_, __ATOMIC_ACQUIRE);
 1854              		.loc 2 69 5 is_stmt 1 view .LVU409
 1855              		.loc 2 69 72 is_stmt 0 view .LVU410
 1856 0022 1B68     		ldr	r3, [r3]
 1857              	.LVL177:
 1858              		.loc 2 69 72 view .LVU411
 1859 0024 BFF35B8F 		dmb	ish
 1860              	.LVL178:
  70:src/control_mailbox.h ****     if(before != after || (after & 1u))
 1861              		.loc 2 70 5 is_stmt 1 view .LVU412
 1862 0028 9D42     		cmp	r5, r3
 1863 002a F2D1     		bne	.L142
  71:src/control_mailbox.h ****         return false;
  72:src/control_mailbox.h **** 
  73:src/control_mailbox.h ****     out = copy;
 1864              		.loc 2 73 5 view .LVU413
 1865              	.LVL179:
  74:src/control_mailbox.h ****     out_revision = after;
 1866              		.loc 2 74 5 view .LVU414
  75:src/control_mailbox.h ****     return true;
 1867              		.loc 2 75 5 view .LVU415
 1868              		.loc 2 75 5 is_stmt 0 view .LVU416
 1869              	.LBE293:
 1870              	.LBE294:
 208:src/audio_engine.cpp ****         return;
 1871              		.loc 1 208 59 view .LVU417
 1872 002c 00F5CE24 		add	r4, r0, #421888
 208:src/audio_engine.cpp ****         return;
 1873              		.loc 1 208 44 view .LVU418
 1874 0030 D4F81C31 		ldr	r3, [r4, #284]
 1875 0034 AB42     		cmp	r3, r5
 1876 0036 ECD0     		beq	.L142
 211:src/audio_engine.cpp ****     current_ = snapshot;
 1877              		.loc 1 211 5 is_stmt 1 view .LVU419
 213:src/audio_engine.cpp ****         current_.effect = config::FX_TUNER;
 1878              		.loc 1 213 5 is_stmt 0 view .LVU420
 1879 0038 0429     		cmp	r1, #4
 211:src/audio_engine.cpp ****     current_ = snapshot;
 1880              		.loc 1 211 23 view .LVU421
 1881 003a C4F81C51 		str	r5, [r4, #284]
 212:src/audio_engine.cpp ****     if(current_.effect >= config::FX_COUNT)
 1882              		.loc 1 212 5 is_stmt 1 view .LVU422
 212:src/audio_engine.cpp ****     if(current_.effect >= config::FX_COUNT)
 1883              		.loc 1 212 14 is_stmt 0 view .LVU423
 1884 003e C4E94376 		strd	r7, r6, [r4, #268]
ARM GAS  C:\Users\aydan\AppData\Local\Temp\ccigYy1e.s 			page 47


 1885              	.LVL180:
 213:src/audio_engine.cpp ****         current_.effect = config::FX_TUNER;
 1886              		.loc 1 213 5 is_stmt 1 view .LVU424
 1887 0042 55D9     		bls	.L144
 214:src/audio_engine.cpp **** 
 1888              		.loc 1 214 9 view .LVU425
 219:src/audio_engine.cpp **** 
 1889              		.loc 1 219 9 is_stmt 0 view .LVU426
 1890 0044 B4F81631 		ldrh	r3, [r4, #278]
 214:src/audio_engine.cpp **** 
 1891              		.loc 1 214 25 view .LVU427
 1892 0048 84F80C21 		strb	r2, [r4, #268]
 216:src/audio_engine.cpp ****     const bool params_changed = current_.parameters[0] != applied_.parameters[0]
 1893              		.loc 1 216 5 is_stmt 1 view .LVU428
 1894              	.LVL181:
 217:src/audio_engine.cpp ****         || current_.parameters[1] != applied_.parameters[1]
 1895              		.loc 1 217 5 view .LVU429
 219:src/audio_engine.cpp **** 
 1896              		.loc 1 219 9 is_stmt 0 view .LVU430
 1897 004c 7345     		cmp	r3, lr
 1898 004e 08D1     		bne	.L145
 1899 0050 D4F81811 		ldr	r1, [r4, #280]
 1900              	.LVL182:
 216:src/audio_engine.cpp ****     const bool params_changed = current_.parameters[0] != applied_.parameters[0]
 1901              		.loc 1 216 61 view .LVU431
 1902 0054 94F81431 		ldrb	r3, [r4, #276]	@ zero_extendqisi2
 219:src/audio_engine.cpp **** 
 1903              		.loc 1 219 9 view .LVU432
 1904 0058 8E42     		cmp	r6, r1
 1905 005a 00D1     		bne	.L146
 1906              	.LVL183:
 221:src/audio_engine.cpp ****         ApplyParameters(current_.effect, current_.parameters);
 1907              		.loc 1 221 5 is_stmt 1 view .LVU433
 1908 005c 7BBB     		cbnz	r3, .L175
 1909              	.LVL184:
 1910              	.L146:
 224:src/audio_engine.cpp ****         StartTransition(current_.effect, current_.bypass != 0);
 1911              		.loc 1 224 17 is_stmt 0 view .LVU434
 1912 005e 94F80C21 		ldrb	r2, [r4, #268]	@ zero_extendqisi2
 1913              	.LVL185:
 1914              	.L145:
 224:src/audio_engine.cpp ****         StartTransition(current_.effect, current_.bypass != 0);
 1915              		.loc 1 224 5 is_stmt 1 view .LVU435
 1916 0062 94F82231 		ldrb	r3, [r4, #290]	@ zero_extendqisi2
 1917 0066 9342     		cmp	r3, r2
 1918 0068 39D0     		beq	.L151
 1919              	.LVL186:
 1920              	.L177:
 224:src/audio_engine.cpp ****         StartTransition(current_.effect, current_.bypass != 0);
 1921              		.loc 1 224 63 is_stmt 0 view .LVU436
 1922 006a BCF10003 		subs	r3, ip, #0
 1923 006e 18BF     		it	ne
 1924 0070 0123     		movne	r3, #1
 1925              	.L152:
 225:src/audio_engine.cpp **** 
 1926              		.loc 1 225 9 is_stmt 1 view .LVU437
 1927              	.LVL187:
ARM GAS  C:\Users\aydan\AppData\Local\Temp\ccigYy1e.s 			page 48


 1928              	.LBB295:
 1929              	.LBI295:
 232:src/audio_engine.cpp **** {
 1930              		.loc 1 232 6 view .LVU438
 1931              	.LBB296:
 234:src/audio_engine.cpp ****     pending_bypass_ = requested_bypass;
 1932              		.loc 1 234 5 view .LVU439
 237:src/audio_engine.cpp ****     if(audible)
 1933              		.loc 1 237 81 is_stmt 0 view .LVU440
 1934 0072 D4ED4A7A 		vldr.32	s15, [r4, #296]
 234:src/audio_engine.cpp ****     pending_bypass_ = requested_bypass;
 1935              		.loc 1 234 21 view .LVU441
 1936 0076 84F82221 		strb	r2, [r4, #290]
 1937              	.LVL188:
 235:src/audio_engine.cpp **** 
 1938              		.loc 1 235 5 is_stmt 1 view .LVU442
 237:src/audio_engine.cpp ****     if(audible)
 1939              		.loc 1 237 81 is_stmt 0 view .LVU443
 1940 007a F5EEC07A 		vcmpe.f32	s15, #0
 235:src/audio_engine.cpp **** 
 1941              		.loc 1 235 21 view .LVU444
 1942 007e 84F82331 		strb	r3, [r4, #291]
 237:src/audio_engine.cpp ****     if(audible)
 1943              		.loc 1 237 5 is_stmt 1 view .LVU445
 237:src/audio_engine.cpp ****     if(audible)
 1944              		.loc 1 237 81 is_stmt 0 view .LVU446
 1945 0082 F1EE10FA 		vmrs	APSR_nzcv, FPSCR
 1946 0086 05DD     		ble	.L154
 237:src/audio_engine.cpp ****     if(audible)
 1947              		.loc 1 237 43 view .LVU447
 1948 0088 94F82011 		ldrb	r1, [r4, #288]	@ zero_extendqisi2
 1949 008c 11B1     		cbz	r1, .L154
 237:src/audio_engine.cpp ****     if(audible)
 1950              		.loc 1 237 81 view .LVU448
 1951 008e 94F82111 		ldrb	r1, [r4, #289]	@ zero_extendqisi2
 1952 0092 E1B3     		cbz	r1, .L176
 1953              	.L154:
 1954              	.LVL189:
 238:src/audio_engine.cpp ****         transition_ = TRANSITION_FADING_OUT;
 1955              		.loc 1 238 5 is_stmt 1 view .LVU449
 242:src/audio_engine.cpp ****         active_bypass_ = pending_bypass_;
 1956              		.loc 1 242 9 view .LVU450
 244:src/audio_engine.cpp ****         transition_ = (active_effect_ != config::FX_TUNER && !active_bypass_) ? TRANSITION_FADING_I
 1957              		.loc 1 244 19 is_stmt 0 view .LVU451
 1958 0094 0021     		movs	r1, #0
 242:src/audio_engine.cpp ****         active_bypass_ = pending_bypass_;
 1959              		.loc 1 242 24 view .LVU452
 1960 0096 84F82021 		strb	r2, [r4, #288]
 243:src/audio_engine.cpp ****         wet_gain_ = 0.0f;
 1961              		.loc 1 243 9 is_stmt 1 view .LVU453
 243:src/audio_engine.cpp ****         wet_gain_ = 0.0f;
 1962              		.loc 1 243 24 is_stmt 0 view .LVU454
 1963 009a 84F82131 		strb	r3, [r4, #289]
 244:src/audio_engine.cpp ****         transition_ = (active_effect_ != config::FX_TUNER && !active_bypass_) ? TRANSITION_FADING_I
 1964              		.loc 1 244 9 is_stmt 1 view .LVU455
 244:src/audio_engine.cpp ****         transition_ = (active_effect_ != config::FX_TUNER && !active_bypass_) ? TRANSITION_FADING_I
 1965              		.loc 1 244 19 is_stmt 0 view .LVU456
ARM GAS  C:\Users\aydan\AppData\Local\Temp\ccigYy1e.s 			page 49


 1966 009e C4F82811 		str	r1, [r4, #296]	@ float
 245:src/audio_engine.cpp ****     }
 1967              		.loc 1 245 9 is_stmt 1 view .LVU457
 245:src/audio_engine.cpp ****     }
 1968              		.loc 1 245 59 is_stmt 0 view .LVU458
 1969 00a2 02B1     		cbz	r2, .L164
 1970 00a4 8BB3     		cbz	r3, .L161
 1971              	.L164:
 245:src/audio_engine.cpp ****     }
 1972              		.loc 1 245 79 view .LVU459
 1973 00a6 0023     		movs	r3, #0
 1974              	.L156:
 245:src/audio_engine.cpp ****     }
 1975              		.loc 1 245 21 view .LVU460
 1976 00a8 84F82431 		strb	r3, [r4, #292]
 1977              	.LVL190:
 1978              	.L153:
 245:src/audio_engine.cpp ****     }
 1979              		.loc 1 245 21 view .LVU461
 1980              	.LBE296:
 1981              	.LBE295:
 227:src/audio_engine.cpp **** }
 1982              		.loc 1 227 5 is_stmt 1 view .LVU462
 227:src/audio_engine.cpp **** }
 1983              		.loc 1 227 14 is_stmt 0 view .LVU463
 1984 00ac 04F58673 		add	r3, r4, #268
 1985 00b0 04F58A74 		add	r4, r4, #276
 1986              	.LVL191:
 227:src/audio_engine.cpp **** }
 1987              		.loc 1 227 14 view .LVU464
 1988 00b4 93E80300 		ldm	r3, {r0, r1}
 1989 00b8 84E80300 		stm	r4, {r0, r1}
 1990              	.LVL192:
 228:src/audio_engine.cpp **** 
 1991              		.loc 1 228 1 view .LVU465
 1992 00bc F8BD     		pop	{r3, r4, r5, r6, r7, pc}
 1993              	.LVL193:
 1994              	.L175:
 216:src/audio_engine.cpp ****     const bool params_changed = current_.parameters[0] != applied_.parameters[0]
 1995              		.loc 1 216 42 view .LVU466
 1996 00be 1146     		mov	r1, r2
 1997              	.LVL194:
 1998              	.L148:
 222:src/audio_engine.cpp **** 
 1999              		.loc 1 222 9 is_stmt 1 view .LVU467
 2000              	.LBB298:
 2001              	.LBB299:
 286:src/audio_engine.cpp ****         return;
 2002              		.loc 1 286 5 is_stmt 0 view .LVU468
 2003 00c0 4B1E     		subs	r3, r1, #1
 2004              	.LBE299:
 2005              	.LBE298:
 222:src/audio_engine.cpp **** 
 2006              		.loc 1 222 51 view .LVU469
 2007 00c2 154A     		ldr	r2, .L178
 2008              	.LBB302:
 2009              	.LBB300:
ARM GAS  C:\Users\aydan\AppData\Local\Temp\ccigYy1e.s 			page 50


 286:src/audio_engine.cpp ****         return;
 2010              		.loc 1 286 5 view .LVU470
 2011 00c4 032B     		cmp	r3, #3
 2012              	.LBE300:
 2013              	.LBE302:
 222:src/audio_engine.cpp **** 
 2014              		.loc 1 222 51 view .LVU471
 2015 00c6 0244     		add	r2, r2, r0
 2016              	.LVL195:
 2017              	.LBB303:
 2018              	.LBI298:
 284:src/audio_engine.cpp **** {
 2019              		.loc 1 284 6 is_stmt 1 view .LVU472
 2020              	.LBB301:
 286:src/audio_engine.cpp ****         return;
 2021              		.loc 1 286 5 view .LVU473
 2022 00c8 C9D8     		bhi	.L146
 2023 00ca FFF7FEFF 		bl	_ZN3app11AudioEngine15ApplyParametersEhPKt.part.0
 2024              	.LVL196:
 286:src/audio_engine.cpp ****         return;
 2025              		.loc 1 286 5 is_stmt 0 view .LVU474
 2026              	.LBE301:
 2027              	.LBE303:
 224:src/audio_engine.cpp ****         StartTransition(current_.effect, current_.bypass != 0);
 2028              		.loc 1 224 17 view .LVU475
 2029 00ce 94F80C21 		ldrb	r2, [r4, #268]	@ zero_extendqisi2
 224:src/audio_engine.cpp ****         StartTransition(current_.effect, current_.bypass != 0);
 2030              		.loc 1 224 5 view .LVU476
 2031 00d2 94F82231 		ldrb	r3, [r4, #290]	@ zero_extendqisi2
 224:src/audio_engine.cpp ****         StartTransition(current_.effect, current_.bypass != 0);
 2032              		.loc 1 224 56 view .LVU477
 2033 00d6 94F80DC1 		ldrb	ip, [r4, #269]	@ zero_extendqisi2
 2034              	.LVL197:
 224:src/audio_engine.cpp ****         StartTransition(current_.effect, current_.bypass != 0);
 2035              		.loc 1 224 5 is_stmt 1 view .LVU478
 2036 00da 9342     		cmp	r3, r2
 2037 00dc C5D1     		bne	.L177
 2038              	.L151:
 224:src/audio_engine.cpp ****         StartTransition(current_.effect, current_.bypass != 0);
 2039              		.loc 1 224 63 is_stmt 0 discriminator 1 view .LVU479
 2040 00de BCF10003 		subs	r3, ip, #0
 224:src/audio_engine.cpp ****         StartTransition(current_.effect, current_.bypass != 0);
 2041              		.loc 1 224 43 discriminator 1 view .LVU480
 2042 00e2 94F82311 		ldrb	r1, [r4, #291]	@ zero_extendqisi2
 224:src/audio_engine.cpp ****         StartTransition(current_.effect, current_.bypass != 0);
 2043              		.loc 1 224 63 discriminator 1 view .LVU481
 2044 00e6 18BF     		it	ne
 2045 00e8 0123     		movne	r3, #1
 224:src/audio_engine.cpp ****         StartTransition(current_.effect, current_.bypass != 0);
 2046              		.loc 1 224 43 discriminator 1 view .LVU482
 2047 00ea 9942     		cmp	r1, r3
 2048 00ec C1D1     		bne	.L152
 2049 00ee DDE7     		b	.L153
 2050              	.LVL198:
 2051              	.L144:
 216:src/audio_engine.cpp ****     const bool params_changed = current_.parameters[0] != applied_.parameters[0]
 2052              		.loc 1 216 5 is_stmt 1 view .LVU483
ARM GAS  C:\Users\aydan\AppData\Local\Temp\ccigYy1e.s 			page 51


 217:src/audio_engine.cpp ****         || current_.parameters[1] != applied_.parameters[1]
 2053              		.loc 1 217 5 view .LVU484
 219:src/audio_engine.cpp **** 
 2054              		.loc 1 219 9 is_stmt 0 view .LVU485
 2055 00f0 B4F81631 		ldrh	r3, [r4, #278]
 2056 00f4 7345     		cmp	r3, lr
 2057 00f6 E3D1     		bne	.L148
 2058 00f8 D4F81821 		ldr	r2, [r4, #280]
 216:src/audio_engine.cpp ****     const bool params_changed = current_.parameters[0] != applied_.parameters[0]
 2059              		.loc 1 216 61 view .LVU486
 2060 00fc 94F81431 		ldrb	r3, [r4, #276]	@ zero_extendqisi2
 219:src/audio_engine.cpp **** 
 2061              		.loc 1 219 9 view .LVU487
 2062 0100 9642     		cmp	r6, r2
 2063 0102 DDD1     		bne	.L148
 2064              	.LVL199:
 221:src/audio_engine.cpp ****         ApplyParameters(current_.effect, current_.parameters);
 2065              		.loc 1 221 5 is_stmt 1 view .LVU488
 2066 0104 8B42     		cmp	r3, r1
 2067 0106 AAD0     		beq	.L146
 2068 0108 DAE7     		b	.L148
 2069              	.LVL200:
 2070              	.L161:
 2071              	.LBB304:
 2072              	.LBB297:
 245:src/audio_engine.cpp ****     }
 2073              		.loc 1 245 79 is_stmt 0 view .LVU489
 2074 010a 0223     		movs	r3, #2
 2075 010c CCE7     		b	.L156
 2076              	.LVL201:
 2077              	.L176:
 238:src/audio_engine.cpp ****         transition_ = TRANSITION_FADING_OUT;
 2078              		.loc 1 238 5 is_stmt 1 view .LVU490
 239:src/audio_engine.cpp ****     else
 2079              		.loc 1 239 9 view .LVU491
 239:src/audio_engine.cpp ****     else
 2080              		.loc 1 239 21 is_stmt 0 view .LVU492
 2081 010e 0123     		movs	r3, #1
 2082 0110 84F82431 		strb	r3, [r4, #292]
 2083 0114 CAE7     		b	.L153
 2084              	.L179:
 2085 0116 00BF     		.align	2
 2086              	.L178:
 2087 0118 0E710600 		.word	422158
 2088              	.LBE297:
 2089              	.LBE304:
 2090              		.cfi_endproc
 2091              	.LFE4775:
 2093              		.section	.text._ZN3app11AudioEngine15StartTransitionEhb,"ax",%progbits
 2094              		.align	1
 2095              		.p2align 2,,3
 2096              		.global	_ZN3app11AudioEngine15StartTransitionEhb
 2097              		.syntax unified
 2098              		.thumb
 2099              		.thumb_func
 2100              		.fpu fpv5-d16
 2102              	_ZN3app11AudioEngine15StartTransitionEhb:
ARM GAS  C:\Users\aydan\AppData\Local\Temp\ccigYy1e.s 			page 52


 2103              	.LVL202:
 2104              	.LFB4776:
 233:src/audio_engine.cpp ****     pending_effect_ = requested_effect;
 2105              		.loc 1 233 1 is_stmt 1 view -0
 2106              		.cfi_startproc
 2107              		@ args = 0, pretend = 0, frame = 0
 2108              		@ frame_needed = 0, uses_anonymous_args = 0
 2109              		@ link register save eliminated.
 234:src/audio_engine.cpp ****     pending_bypass_ = requested_bypass;
 2110              		.loc 1 234 5 view .LVU494
 234:src/audio_engine.cpp ****     pending_bypass_ = requested_bypass;
 2111              		.loc 1 234 21 is_stmt 0 view .LVU495
 2112 0000 00F5CE20 		add	r0, r0, #421888
 2113              	.LVL203:
 237:src/audio_engine.cpp ****     if(audible)
 2114              		.loc 1 237 81 view .LVU496
 2115 0004 D0ED4A7A 		vldr.32	s15, [r0, #296]
 234:src/audio_engine.cpp ****     pending_bypass_ = requested_bypass;
 2116              		.loc 1 234 21 view .LVU497
 2117 0008 80F82211 		strb	r1, [r0, #290]
 235:src/audio_engine.cpp **** 
 2118              		.loc 1 235 5 is_stmt 1 view .LVU498
 237:src/audio_engine.cpp ****     if(audible)
 2119              		.loc 1 237 81 is_stmt 0 view .LVU499
 2120 000c F5EEC07A 		vcmpe.f32	s15, #0
 235:src/audio_engine.cpp **** 
 2121              		.loc 1 235 21 view .LVU500
 2122 0010 80F82321 		strb	r2, [r0, #291]
 237:src/audio_engine.cpp ****     if(audible)
 2123              		.loc 1 237 5 is_stmt 1 view .LVU501
 237:src/audio_engine.cpp ****     if(audible)
 2124              		.loc 1 237 81 is_stmt 0 view .LVU502
 2125 0014 F1EE10FA 		vmrs	APSR_nzcv, FPSCR
 2126 0018 02DD     		ble	.L181
 237:src/audio_engine.cpp ****     if(audible)
 2127              		.loc 1 237 43 discriminator 1 view .LVU503
 2128 001a 90F82031 		ldrb	r3, [r0, #288]	@ zero_extendqisi2
 2129 001e 63B9     		cbnz	r3, .L192
 2130              	.L181:
 2131              	.LVL204:
 238:src/audio_engine.cpp ****         transition_ = TRANSITION_FADING_OUT;
 2132              		.loc 1 238 5 is_stmt 1 view .LVU504
 242:src/audio_engine.cpp ****         active_bypass_ = pending_bypass_;
 2133              		.loc 1 242 9 view .LVU505
 244:src/audio_engine.cpp ****         transition_ = (active_effect_ != config::FX_TUNER && !active_bypass_) ? TRANSITION_FADING_I
 2134              		.loc 1 244 19 is_stmt 0 view .LVU506
 2135 0020 0023     		movs	r3, #0
 242:src/audio_engine.cpp ****         active_bypass_ = pending_bypass_;
 2136              		.loc 1 242 24 view .LVU507
 2137 0022 80F82011 		strb	r1, [r0, #288]
 243:src/audio_engine.cpp ****         wet_gain_ = 0.0f;
 2138              		.loc 1 243 9 is_stmt 1 view .LVU508
 243:src/audio_engine.cpp ****         wet_gain_ = 0.0f;
 2139              		.loc 1 243 24 is_stmt 0 view .LVU509
 2140 0026 80F82121 		strb	r2, [r0, #289]
 244:src/audio_engine.cpp ****         transition_ = (active_effect_ != config::FX_TUNER && !active_bypass_) ? TRANSITION_FADING_I
 2141              		.loc 1 244 9 is_stmt 1 view .LVU510
ARM GAS  C:\Users\aydan\AppData\Local\Temp\ccigYy1e.s 			page 53


 244:src/audio_engine.cpp ****         transition_ = (active_effect_ != config::FX_TUNER && !active_bypass_) ? TRANSITION_FADING_I
 2142              		.loc 1 244 19 is_stmt 0 view .LVU511
 2143 002a C0F82831 		str	r3, [r0, #296]	@ float
 245:src/audio_engine.cpp ****     }
 2144              		.loc 1 245 9 is_stmt 1 view .LVU512
 245:src/audio_engine.cpp ****     }
 2145              		.loc 1 245 59 is_stmt 0 view .LVU513
 2146 002e 01B1     		cbz	r1, .L188
 245:src/audio_engine.cpp ****     }
 2147              		.loc 1 245 59 view .LVU514
 2148 0030 5AB1     		cbz	r2, .L186
 2149              	.L188:
 245:src/audio_engine.cpp ****     }
 2150              		.loc 1 245 79 view .LVU515
 2151 0032 0023     		movs	r3, #0
 245:src/audio_engine.cpp ****     }
 2152              		.loc 1 245 21 view .LVU516
 2153 0034 80F82431 		strb	r3, [r0, #292]
 247:src/audio_engine.cpp **** 
 2154              		.loc 1 247 1 view .LVU517
 2155 0038 7047     		bx	lr
 2156              	.LVL205:
 2157              	.L192:
 237:src/audio_engine.cpp ****     if(audible)
 2158              		.loc 1 237 81 discriminator 3 view .LVU518
 2159 003a 90F82131 		ldrb	r3, [r0, #289]	@ zero_extendqisi2
 2160 003e 002B     		cmp	r3, #0
 2161 0040 EED1     		bne	.L181
 2162              	.LVL206:
 238:src/audio_engine.cpp ****         transition_ = TRANSITION_FADING_OUT;
 2163              		.loc 1 238 5 is_stmt 1 view .LVU519
 239:src/audio_engine.cpp ****     else
 2164              		.loc 1 239 9 view .LVU520
 239:src/audio_engine.cpp ****     else
 2165              		.loc 1 239 21 is_stmt 0 view .LVU521
 2166 0042 0123     		movs	r3, #1
 2167 0044 80F82431 		strb	r3, [r0, #292]
 2168 0048 7047     		bx	lr
 2169              	.LVL207:
 2170              	.L186:
 245:src/audio_engine.cpp ****     }
 2171              		.loc 1 245 79 view .LVU522
 2172 004a 0223     		movs	r3, #2
 245:src/audio_engine.cpp ****     }
 2173              		.loc 1 245 21 view .LVU523
 2174 004c 80F82431 		strb	r3, [r0, #292]
 247:src/audio_engine.cpp **** 
 2175              		.loc 1 247 1 view .LVU524
 2176 0050 7047     		bx	lr
 2177              		.cfi_endproc
 2178              	.LFE4776:
 2180 0052 00BF     		.section	.text._ZN3app11AudioEngine14StepTransitionEv,"ax",%progbits
 2181              		.align	1
 2182              		.p2align 2,,3
 2183              		.global	_ZN3app11AudioEngine14StepTransitionEv
 2184              		.syntax unified
 2185              		.thumb
ARM GAS  C:\Users\aydan\AppData\Local\Temp\ccigYy1e.s 			page 54


 2186              		.thumb_func
 2187              		.fpu fpv5-d16
 2189              	_ZN3app11AudioEngine14StepTransitionEv:
 2190              	.LVL208:
 2191              	.LFB4777:
 252:src/audio_engine.cpp ****     if(transition_ == TRANSITION_FADING_OUT)
 2192              		.loc 1 252 1 is_stmt 1 view -0
 2193              		.cfi_startproc
 2194              		@ args = 0, pretend = 0, frame = 0
 2195              		@ frame_needed = 0, uses_anonymous_args = 0
 2196              		@ link register save eliminated.
 253:src/audio_engine.cpp ****     {
 2197              		.loc 1 253 5 view .LVU526
 253:src/audio_engine.cpp ****     {
 2198              		.loc 1 253 8 is_stmt 0 view .LVU527
 2199 0000 00F5CE20 		add	r0, r0, #421888
 2200              	.LVL209:
 253:src/audio_engine.cpp ****     {
 2201              		.loc 1 253 8 view .LVU528
 2202 0004 90F82431 		ldrb	r3, [r0, #292]	@ zero_extendqisi2
 253:src/audio_engine.cpp ****     {
 2203              		.loc 1 253 5 view .LVU529
 2204 0008 012B     		cmp	r3, #1
 2205 000a 13D0     		beq	.L205
 264:src/audio_engine.cpp ****     {
 2206              		.loc 1 264 10 is_stmt 1 view .LVU530
 2207 000c 022B     		cmp	r3, #2
 2208 000e 00D0     		beq	.L206
 273:src/audio_engine.cpp **** 
 2209              		.loc 1 273 1 is_stmt 0 view .LVU531
 2210 0010 7047     		bx	lr
 2211              	.L206:
 266:src/audio_engine.cpp ****         if(wet_gain_ >= 1.0f)
 2212              		.loc 1 266 9 is_stmt 1 view .LVU532
 266:src/audio_engine.cpp ****         if(wet_gain_ >= 1.0f)
 2213              		.loc 1 266 19 is_stmt 0 view .LVU533
 2214 0012 D0ED4A7A 		vldr.32	s15, [r0, #296]
 267:src/audio_engine.cpp ****         {
 2215              		.loc 1 267 9 view .LVU534
 2216 0016 B7EE007A 		vmov.f32	s14, #1.0e+0
 266:src/audio_engine.cpp ****         if(wet_gain_ >= 1.0f)
 2217              		.loc 1 266 19 view .LVU535
 2218 001a D0ED4B6A 		vldr.32	s13, [r0, #300]
 2219 001e 77EEA67A 		vadd.f32	s15, s15, s13
 267:src/audio_engine.cpp ****         {
 2220              		.loc 1 267 9 is_stmt 1 view .LVU536
 2221 0022 F4EEC77A 		vcmpe.f32	s15, s14
 2222 0026 F1EE10FA 		vmrs	APSR_nzcv, FPSCR
 2223 002a 0FDB     		blt	.L203
 269:src/audio_engine.cpp ****             transition_ = TRANSITION_STEADY;
 2224              		.loc 1 269 13 view .LVU537
 270:src/audio_engine.cpp ****         }
 2225              		.loc 1 270 25 is_stmt 0 view .LVU538
 2226 002c 0023     		movs	r3, #0
 269:src/audio_engine.cpp ****             transition_ = TRANSITION_STEADY;
 2227              		.loc 1 269 23 view .LVU539
 2228 002e 80ED4A7A 		vstr.32	s14, [r0, #296]
ARM GAS  C:\Users\aydan\AppData\Local\Temp\ccigYy1e.s 			page 55


 2229 0032 1BE0     		b	.L204
 2230              	.L205:
 255:src/audio_engine.cpp ****         if(wet_gain_ <= 0.0f)
 2231              		.loc 1 255 9 is_stmt 1 view .LVU540
 255:src/audio_engine.cpp ****         if(wet_gain_ <= 0.0f)
 2232              		.loc 1 255 19 is_stmt 0 view .LVU541
 2233 0034 D0ED4A7A 		vldr.32	s15, [r0, #296]
 256:src/audio_engine.cpp ****         {
 2234              		.loc 1 256 9 view .LVU542
 2235 0038 0023     		movs	r3, #0
 255:src/audio_engine.cpp ****         if(wet_gain_ <= 0.0f)
 2236              		.loc 1 255 19 view .LVU543
 2237 003a 90ED4B7A 		vldr.32	s14, [r0, #300]
 2238 003e 77EEC77A 		vsub.f32	s15, s15, s14
 256:src/audio_engine.cpp ****         {
 2239              		.loc 1 256 9 is_stmt 1 view .LVU544
 2240 0042 F5EEC07A 		vcmpe.f32	s15, #0
 2241 0046 F1EE10FA 		vmrs	APSR_nzcv, FPSCR
 2242 004a 02D9     		bls	.L195
 2243              	.L203:
 266:src/audio_engine.cpp ****         if(wet_gain_ >= 1.0f)
 2244              		.loc 1 266 19 is_stmt 0 view .LVU545
 2245 004c C0ED4A7A 		vstr.32	s15, [r0, #296]
 2246 0050 7047     		bx	lr
 2247              	.L195:
 2248              	.LVL210:
 2249              	.LBB307:
 2250              	.LBI307:
 251:src/audio_engine.cpp **** {
 2251              		.loc 1 251 6 is_stmt 1 view .LVU546
 2252              	.LBB308:
 258:src/audio_engine.cpp ****             active_effect_ = pending_effect_;
 2253              		.loc 1 258 13 view .LVU547
 259:src/audio_engine.cpp ****             active_bypass_ = pending_bypass_;
 2254              		.loc 1 259 30 is_stmt 0 view .LVU548
 2255 0052 90F82221 		ldrb	r2, [r0, #290]	@ zero_extendqisi2
 260:src/audio_engine.cpp ****             transition_ = (active_effect_ != config::FX_TUNER && !active_bypass_) ? TRANSITION_FADI
 2256              		.loc 1 260 30 view .LVU549
 2257 0056 90F82311 		ldrb	r1, [r0, #291]	@ zero_extendqisi2
 258:src/audio_engine.cpp ****             active_effect_ = pending_effect_;
 2258              		.loc 1 258 23 view .LVU550
 2259 005a C0F82831 		str	r3, [r0, #296]	@ float
 259:src/audio_engine.cpp ****             active_bypass_ = pending_bypass_;
 2260              		.loc 1 259 13 is_stmt 1 view .LVU551
 259:src/audio_engine.cpp ****             active_bypass_ = pending_bypass_;
 2261              		.loc 1 259 28 is_stmt 0 view .LVU552
 2262 005e 80F82021 		strb	r2, [r0, #288]
 260:src/audio_engine.cpp ****             transition_ = (active_effect_ != config::FX_TUNER && !active_bypass_) ? TRANSITION_FADI
 2263              		.loc 1 260 13 is_stmt 1 view .LVU553
 260:src/audio_engine.cpp ****             transition_ = (active_effect_ != config::FX_TUNER && !active_bypass_) ? TRANSITION_FADI
 2264              		.loc 1 260 28 is_stmt 0 view .LVU554
 2265 0062 80F82111 		strb	r1, [r0, #289]
 261:src/audio_engine.cpp ****         }
 2266              		.loc 1 261 13 is_stmt 1 view .LVU555
 261:src/audio_engine.cpp ****         }
 2267              		.loc 1 261 63 is_stmt 0 view .LVU556
 2268 0066 02B1     		cbz	r2, .L202
ARM GAS  C:\Users\aydan\AppData\Local\Temp\ccigYy1e.s 			page 56


 2269 0068 19B1     		cbz	r1, .L201
 2270              	.L202:
 261:src/audio_engine.cpp ****         }
 2271              		.loc 1 261 83 view .LVU557
 2272 006a 0023     		movs	r3, #0
 2273              	.LVL211:
 2274              	.L204:
 261:src/audio_engine.cpp ****         }
 2275              		.loc 1 261 83 view .LVU558
 2276              	.LBE308:
 2277              	.LBE307:
 270:src/audio_engine.cpp ****         }
 2278              		.loc 1 270 13 is_stmt 1 view .LVU559
 270:src/audio_engine.cpp ****         }
 2279              		.loc 1 270 25 is_stmt 0 view .LVU560
 2280 006c 80F82431 		strb	r3, [r0, #292]
 273:src/audio_engine.cpp **** 
 2281              		.loc 1 273 1 view .LVU561
 2282 0070 7047     		bx	lr
 2283              	.LVL212:
 2284              	.L201:
 2285              	.LBB310:
 2286              	.LBB309:
 261:src/audio_engine.cpp ****         }
 2287              		.loc 1 261 83 view .LVU562
 2288 0072 0223     		movs	r3, #2
 2289 0074 FAE7     		b	.L204
 2290              	.LBE309:
 2291              	.LBE310:
 2292              		.cfi_endproc
 2293              	.LFE4777:
 2295 0076 00BF     		.section	.text._ZN3app11AudioEngine7ProcessEPKPKfPPfj,"ax",%progbits
 2296              		.align	1
 2297              		.p2align 2,,3
 2298              		.global	_ZN3app11AudioEngine7ProcessEPKPKfPPfj
 2299              		.syntax unified
 2300              		.thumb
 2301              		.thumb_func
 2302              		.fpu fpv5-d16
 2304              	_ZN3app11AudioEngine7ProcessEPKPKfPPfj:
 2305              	.LVL213:
 2306              	.LFB4768:
  68:src/audio_engine.cpp **** #if AUDIO_CPU_LOAD_DEBUG
 2307              		.loc 1 68 1 is_stmt 1 view -0
 2308              		.cfi_startproc
 2309              		@ args = 0, pretend = 0, frame = 0
 2310              		@ frame_needed = 0, uses_anonymous_args = 0
  74:src/audio_engine.cpp **** 
 2311              		.loc 1 74 5 view .LVU564
  68:src/audio_engine.cpp **** #if AUDIO_CPU_LOAD_DEBUG
 2312              		.loc 1 68 1 is_stmt 0 view .LVU565
 2313 0000 2DE9F84F 		push	{r3, r4, r5, r6, r7, r8, r9, r10, fp, lr}
 2314              		.cfi_def_cfa_offset 40
 2315              		.cfi_offset 3, -40
 2316              		.cfi_offset 4, -36
 2317              		.cfi_offset 5, -32
 2318              		.cfi_offset 6, -28
ARM GAS  C:\Users\aydan\AppData\Local\Temp\ccigYy1e.s 			page 57


 2319              		.cfi_offset 7, -24
 2320              		.cfi_offset 8, -20
 2321              		.cfi_offset 9, -16
 2322              		.cfi_offset 10, -12
 2323              		.cfi_offset 11, -8
 2324              		.cfi_offset 14, -4
 2325 0004 0646     		mov	r6, r0
 2326 0006 8846     		mov	r8, r1
 2327 0008 9146     		mov	r9, r2
 2328 000a 1F46     		mov	r7, r3
 2329 000c 2DED028B 		vpush.64	{d8}
 2330              		.cfi_def_cfa_offset 48
 2331              		.cfi_offset 80, -48
 2332              		.cfi_offset 81, -44
  74:src/audio_engine.cpp **** 
 2333              		.loc 1 74 27 view .LVU566
 2334 0010 FFF7FEFF 		bl	_ZN3app11AudioEngine22ApplySnapshotIfChangedEv
 2335              	.LVL214:
  76:src/audio_engine.cpp ****         tuner_capture_->WriteBlock(in[0], size);
 2336              		.loc 1 76 5 is_stmt 1 view .LVU567
  76:src/audio_engine.cpp ****         tuner_capture_->WriteBlock(in[0], size);
 2337              		.loc 1 76 8 is_stmt 0 view .LVU568
 2338 0014 7068     		ldr	r0, [r6, #4]
  76:src/audio_engine.cpp ****         tuner_capture_->WriteBlock(in[0], size);
 2339              		.loc 1 76 5 view .LVU569
 2340 0016 20B1     		cbz	r0, .L208
  77:src/audio_engine.cpp **** 
 2341              		.loc 1 77 9 is_stmt 1 view .LVU570
  77:src/audio_engine.cpp **** 
 2342              		.loc 1 77 35 is_stmt 0 view .LVU571
 2343 0018 3A46     		mov	r2, r7
 2344 001a D8F80010 		ldr	r1, [r8]
 2345 001e FFF7FEFF 		bl	_ZN3app12TunerCapture10WriteBlockEPKfj
 2346              	.LVL215:
 2347              	.L208:
 2348              	.LBB319:
  79:src/audio_engine.cpp ****     {
 2349              		.loc 1 79 25 is_stmt 1 discriminator 1 view .LVU572
 2350 0022 002F     		cmp	r7, #0
 2351 0024 71D0     		beq	.L207
  79:src/audio_engine.cpp ****     {
 2352              		.loc 1 79 25 is_stmt 0 view .LVU573
 2353 0026 0025     		movs	r5, #0
 2354 0028 06F5CE2A 		add	r10, r6, #421888
 2355 002c 0FE0     		b	.L214
 2356              	.LVL216:
 2357              	.L238:
 2358              	.LBB320:
 2359              	.LBB321:
 2360              	.LBB322:
 166:src/audio_engine.cpp **** }
 2361              		.loc 1 166 53 view .LVU574
 2362 002e DFED397A 		vldr.32	s15, .L239
 2363 0032 B4EE678A 		vcmp.f32	s16, s15
 2364 0036 F1EE10FA 		vmrs	APSR_nzcv, FPSCR
 2365 003a 37FE888A 		vselgt.f32	s16, s15, s16
 2366              	.LVL217:
ARM GAS  C:\Users\aydan\AppData\Local\Temp\ccigYy1e.s 			page 58


 2367              	.L213:
 166:src/audio_engine.cpp **** }
 2368              		.loc 1 166 53 view .LVU575
 2369              	.LBE322:
 2370              	.LBE321:
 2371              	.LBE320:
  79:src/audio_engine.cpp ****     {
 2372              		.loc 1 79 5 view .LVU576
 2373 003e 0135     		adds	r5, r5, #1
 2374              	.LVL218:
 2375              	.LBB335:
  92:src/audio_engine.cpp ****     }
 2376              		.loc 1 92 23 view .LVU577
 2377 0040 3046     		mov	r0, r6
  90:src/audio_engine.cpp **** 
 2378              		.loc 1 90 19 view .LVU578
 2379 0042 84ED008A 		vstr.32	s16, [r4]
  92:src/audio_engine.cpp ****     }
 2380              		.loc 1 92 9 is_stmt 1 view .LVU579
  92:src/audio_engine.cpp ****     }
 2381              		.loc 1 92 23 is_stmt 0 view .LVU580
 2382 0046 FFF7FEFF 		bl	_ZN3app11AudioEngine14StepTransitionEv
 2383              	.LVL219:
  92:src/audio_engine.cpp ****     }
 2384              		.loc 1 92 23 view .LVU581
 2385              	.LBE335:
  79:src/audio_engine.cpp ****     {
 2386              		.loc 1 79 5 is_stmt 1 view .LVU582
  79:src/audio_engine.cpp ****     {
 2387              		.loc 1 79 25 view .LVU583
 2388 004a AF42     		cmp	r7, r5
 2389 004c 5DD0     		beq	.L207
 2390              	.LVL220:
 2391              	.L214:
 2392              	.LBB336:
  81:src/audio_engine.cpp ****         float wet_l = x;
 2393              		.loc 1 81 9 view .LVU584
  84:src/audio_engine.cpp **** 
 2394              		.loc 1 84 53 is_stmt 0 view .LVU585
 2395 004e 9AF82021 		ldrb	r2, [r10, #288]	@ zero_extendqisi2
 2396 0052 4FEA850B 		lsl	fp, r5, #2
  84:src/audio_engine.cpp **** 
 2397              		.loc 1 84 39 view .LVU586
 2398 0056 304C     		ldr	r4, .L239+4
  81:src/audio_engine.cpp ****         float wet_l = x;
 2399              		.loc 1 81 21 view .LVU587
 2400 0058 D8F80030 		ldr	r3, [r8]
  84:src/audio_engine.cpp **** 
 2401              		.loc 1 84 39 view .LVU588
 2402 005c 1444     		add	r4, r4, r2
  81:src/audio_engine.cpp ****         float wet_l = x;
 2403              		.loc 1 81 21 view .LVU589
 2404 005e 03EB8503 		add	r3, r3, r5, lsl #2
  84:src/audio_engine.cpp **** 
 2405              		.loc 1 84 39 view .LVU590
 2406 0062 06EB8404 		add	r4, r6, r4, lsl #2
  81:src/audio_engine.cpp ****         float wet_l = x;
ARM GAS  C:\Users\aydan\AppData\Local\Temp\ccigYy1e.s 			page 59


 2407              		.loc 1 81 21 view .LVU591
 2408 0066 93ED008A 		vldr.32	s16, [r3]
 2409              	.LVL221:
  82:src/audio_engine.cpp ****         float wet_r = x;
 2410              		.loc 1 82 9 is_stmt 1 view .LVU592
  83:src/audio_engine.cpp ****         bkshepherd::BaseEffectModule* fx = effects_[active_effect_];
 2411              		.loc 1 83 9 view .LVU593
  84:src/audio_engine.cpp **** 
 2412              		.loc 1 84 9 view .LVU594
  84:src/audio_engine.cpp **** 
 2413              		.loc 1 84 39 is_stmt 0 view .LVU595
 2414 006a 6468     		ldr	r4, [r4, #4]
 2415              	.LVL222:
  86:src/audio_engine.cpp ****             ProcessEffectSample(fx, x, wet_l, wet_r);
 2416              		.loc 1 86 9 is_stmt 1 view .LVU596
  86:src/audio_engine.cpp ****             ProcessEffectSample(fx, x, wet_l, wet_r);
 2417              		.loc 1 86 15 is_stmt 0 view .LVU597
 2418 006c 002A     		cmp	r2, #0
 2419 006e 44D0     		beq	.L216
 2420 0070 002C     		cmp	r4, #0
 2421 0072 42D0     		beq	.L216
  86:src/audio_engine.cpp ****             ProcessEffectSample(fx, x, wet_l, wet_r);
 2422              		.loc 1 86 53 discriminator 2 view .LVU598
 2423 0074 9AF82131 		ldrb	r3, [r10, #289]	@ zero_extendqisi2
 2424 0078 13B1     		cbz	r3, .L211
  86:src/audio_engine.cpp ****             ProcessEffectSample(fx, x, wet_l, wet_r);
 2425              		.loc 1 86 56 discriminator 3 view .LVU599
 2426 007a 9AF82431 		ldrb	r3, [r10, #292]	@ zero_extendqisi2
 2427 007e E3B3     		cbz	r3, .L216
 2428              	.L211:
  87:src/audio_engine.cpp **** 
 2429              		.loc 1 87 13 is_stmt 1 view .LVU600
 2430              	.LVL223:
 2431              	.LBB325:
 2432              	.LBI325:
 276:src/audio_engine.cpp **** {
 2433              		.loc 1 276 6 view .LVU601
 2434              	.LBB326:
 278:src/audio_engine.cpp ****     out_l = fx->GetAudioLeft();
 2435              		.loc 1 278 5 view .LVU602
 278:src/audio_engine.cpp ****     out_l = fx->GetAudioLeft();
 2436              		.loc 1 278 23 is_stmt 0 view .LVU603
 2437 0080 2368     		ldr	r3, [r4]
 278:src/audio_engine.cpp ****     out_l = fx->GetAudioLeft();
 2438              		.loc 1 278 20 view .LVU604
 2439 0082 B0EE480A 		vmov.f32	s0, s16
 2440 0086 2046     		mov	r0, r4
 2441 0088 DB68     		ldr	r3, [r3, #12]
 2442 008a 9847     		blx	r3
 2443              	.LVL224:
 279:src/audio_engine.cpp ****     out_r = fx->GetAudioRight();
 2444              		.loc 1 279 5 is_stmt 1 view .LVU605
 279:src/audio_engine.cpp ****     out_r = fx->GetAudioRight();
 2445              		.loc 1 279 29 is_stmt 0 view .LVU606
 2446 008c 2046     		mov	r0, r4
 2447 008e FFF7FEFF 		bl	_ZN10bkshepherd16BaseEffectModule12GetAudioLeftEv
 2448              	.LVL225:
ARM GAS  C:\Users\aydan\AppData\Local\Temp\ccigYy1e.s 			page 60


 280:src/audio_engine.cpp **** }
 2449              		.loc 1 280 30 view .LVU607
 2450 0092 2046     		mov	r0, r4
 279:src/audio_engine.cpp ****     out_r = fx->GetAudioRight();
 2451              		.loc 1 279 29 view .LVU608
 2452 0094 F0EE408A 		vmov.f32	s17, s0
 2453              	.LVL226:
 280:src/audio_engine.cpp **** }
 2454              		.loc 1 280 5 is_stmt 1 view .LVU609
 280:src/audio_engine.cpp **** }
 2455              		.loc 1 280 30 is_stmt 0 view .LVU610
 2456 0098 FFF7FEFF 		bl	_ZN10bkshepherd16BaseEffectModule13GetAudioRightEv
 2457              	.LVL227:
 2458              	.L210:
 280:src/audio_engine.cpp **** }
 2459              		.loc 1 280 30 view .LVU611
 2460              	.LBE326:
 2461              	.LBE325:
  89:src/audio_engine.cpp ****         out[1][i] = ClampOutput(x + wet_gain_ * (wet_r - x));
 2462              		.loc 1 89 9 is_stmt 1 discriminator 2 view .LVU612
  89:src/audio_engine.cpp ****         out[1][i] = ClampOutput(x + wet_gain_ * (wet_r - x));
 2463              		.loc 1 89 56 is_stmt 0 discriminator 2 view .LVU613
 2464 009c 38EEC87A 		vsub.f32	s14, s17, s16
  89:src/audio_engine.cpp ****         out[1][i] = ClampOutput(x + wet_gain_ * (wet_r - x));
 2465              		.loc 1 89 32 discriminator 2 view .LVU614
 2466 00a0 9AED4A6A 		vldr.32	s12, [r10, #296]
 2467 00a4 F0EE487A 		vmov.f32	s15, s16
 2468              	.LBB327:
 2469              	.LBB328:
 166:src/audio_engine.cpp **** }
 2470              		.loc 1 166 27 discriminator 2 view .LVU615
 2471 00a8 DFED1C6A 		vldr.32	s13, .L239+8
 2472              	.LBE328:
 2473              	.LBE327:
  89:src/audio_engine.cpp ****         out[1][i] = ClampOutput(x + wet_gain_ * (wet_r - x));
 2474              		.loc 1 89 17 discriminator 2 view .LVU616
 2475 00ac D9F80030 		ldr	r3, [r9]
  89:src/audio_engine.cpp ****         out[1][i] = ClampOutput(x + wet_gain_ * (wet_r - x));
 2476              		.loc 1 89 32 discriminator 2 view .LVU617
 2477 00b0 E6EE077A 		vfma.f32	s15, s12, s14
  89:src/audio_engine.cpp ****         out[1][i] = ClampOutput(x + wet_gain_ * (wet_r - x));
 2478              		.loc 1 89 17 discriminator 2 view .LVU618
 2479 00b4 5B44     		add	r3, r3, fp
 2480              	.LVL228:
 2481              	.LBB331:
 2482              	.LBI327:
 164:src/audio_engine.cpp **** {
 2483              		.loc 1 164 7 is_stmt 1 discriminator 2 view .LVU619
 2484              	.LBB329:
 166:src/audio_engine.cpp **** }
 2485              		.loc 1 166 5 discriminator 2 view .LVU620
 166:src/audio_engine.cpp **** }
 2486              		.loc 1 166 27 is_stmt 0 discriminator 2 view .LVU621
 2487 00b6 F4EEE67A 		vcmpe.f32	s15, s13
 2488 00ba F1EE10FA 		vmrs	APSR_nzcv, FPSCR
 2489 00be 21D4     		bmi	.L217
 166:src/audio_engine.cpp **** }
ARM GAS  C:\Users\aydan\AppData\Local\Temp\ccigYy1e.s 			page 61


 2490              		.loc 1 166 53 view .LVU622
 2491 00c0 9FED147A 		vldr.32	s14, .L239
 2492 00c4 F4EE477A 		vcmp.f32	s15, s14
 2493 00c8 F1EE10FA 		vmrs	APSR_nzcv, FPSCR
 2494 00cc 77FE277A 		vselgt.f32	s15, s14, s15
 2495              	.LVL229:
 2496              	.L212:
 166:src/audio_engine.cpp **** }
 2497              		.loc 1 166 53 view .LVU623
 2498              	.LBE329:
 2499              	.LBE331:
  90:src/audio_engine.cpp **** 
 2500              		.loc 1 90 56 view .LVU624
 2501 00d0 30EE480A 		vsub.f32	s0, s0, s16
 2502              	.LVL230:
  89:src/audio_engine.cpp ****         out[1][i] = ClampOutput(x + wet_gain_ * (wet_r - x));
 2503              		.loc 1 89 19 view .LVU625
 2504 00d4 C3ED007A 		vstr.32	s15, [r3]
  90:src/audio_engine.cpp **** 
 2505              		.loc 1 90 9 is_stmt 1 view .LVU626
  90:src/audio_engine.cpp **** 
 2506              		.loc 1 90 32 is_stmt 0 view .LVU627
 2507 00d8 9AED4A7A 		vldr.32	s14, [r10, #296]
 2508              	.LBB332:
 2509              	.LBB323:
 166:src/audio_engine.cpp **** }
 2510              		.loc 1 166 27 view .LVU628
 2511 00dc DFED0F7A 		vldr.32	s15, .L239+8
 2512              	.LBE323:
 2513              	.LBE332:
  90:src/audio_engine.cpp **** 
 2514              		.loc 1 90 32 view .LVU629
 2515 00e0 A7EE008A 		vfma.f32	s16, s14, s0
 2516              	.LVL231:
  90:src/audio_engine.cpp **** 
 2517              		.loc 1 90 17 view .LVU630
 2518 00e4 D9F80440 		ldr	r4, [r9, #4]
 2519              	.LVL232:
  90:src/audio_engine.cpp **** 
 2520              		.loc 1 90 17 view .LVU631
 2521 00e8 5C44     		add	r4, r4, fp
 2522              	.LVL233:
 2523              	.LBB333:
 2524              	.LBI321:
 164:src/audio_engine.cpp **** {
 2525              		.loc 1 164 7 is_stmt 1 view .LVU632
 2526              	.LBB324:
 166:src/audio_engine.cpp **** }
 2527              		.loc 1 166 5 view .LVU633
 166:src/audio_engine.cpp **** }
 2528              		.loc 1 166 27 is_stmt 0 view .LVU634
 2529 00ea B4EEE78A 		vcmpe.f32	s16, s15
 2530 00ee F1EE10FA 		vmrs	APSR_nzcv, FPSCR
 2531 00f2 9CD5     		bpl	.L238
 2532 00f4 B0EE678A 		vmov.f32	s16, s15
 2533              	.LVL234:
 166:src/audio_engine.cpp **** }
ARM GAS  C:\Users\aydan\AppData\Local\Temp\ccigYy1e.s 			page 62


 2534              		.loc 1 166 27 view .LVU635
 2535 00f8 A1E7     		b	.L213
 2536              	.LVL235:
 2537              	.L216:
 166:src/audio_engine.cpp **** }
 2538              		.loc 1 166 27 view .LVU636
 2539              	.LBE324:
 2540              	.LBE333:
  83:src/audio_engine.cpp ****         bkshepherd::BaseEffectModule* fx = effects_[active_effect_];
 2541              		.loc 1 83 15 view .LVU637
 2542 00fa B0EE480A 		vmov.f32	s0, s16
  82:src/audio_engine.cpp ****         float wet_r = x;
 2543              		.loc 1 82 15 view .LVU638
 2544 00fe F0EE488A 		vmov.f32	s17, s16
 2545 0102 CBE7     		b	.L210
 2546              	.LVL236:
 2547              	.L217:
 2548              	.LBB334:
 2549              	.LBB330:
 166:src/audio_engine.cpp **** }
 2550              		.loc 1 166 27 view .LVU639
 2551 0104 F0EE667A 		vmov.f32	s15, s13
 2552              	.LVL237:
 166:src/audio_engine.cpp **** }
 2553              		.loc 1 166 27 view .LVU640
 2554 0108 E2E7     		b	.L212
 2555              	.LVL238:
 2556              	.L207:
 166:src/audio_engine.cpp **** }
 2557              		.loc 1 166 27 view .LVU641
 2558              	.LBE330:
 2559              	.LBE334:
 2560              	.LBE336:
 2561              	.LBE319:
 103:src/audio_engine.cpp **** 
 2562              		.loc 1 103 1 view .LVU642
 2563 010a BDEC028B 		vldm	sp!, {d8}
 2564              		.cfi_restore 80
 2565              		.cfi_restore 81
 2566              		.cfi_def_cfa_offset 40
 2567 010e BDE8F88F 		pop	{r3, r4, r5, r6, r7, r8, r9, r10, fp, pc}
 2568              	.LVL239:
 2569              	.L240:
 103:src/audio_engine.cpp **** 
 2570              		.loc 1 103 1 view .LVU643
 2571 0112 00BF     		.align	2
 2572              	.L239:
 2573 0114 3333733F 		.word	1064514355
 2574 0118 2E9C0100 		.word	105518
 2575 011c 333373BF 		.word	-1082969293
 2576              		.cfi_endproc
 2577              	.LFE4768:
 2579              		.section	.text._ZN3app11AudioEngine19ProcessEffectSampleEPN10bkshepherd16BaseEffectModuleEfRfS4_,"
 2580              		.align	1
 2581              		.p2align 2,,3
 2582              		.global	_ZN3app11AudioEngine19ProcessEffectSampleEPN10bkshepherd16BaseEffectModuleEfRfS4_
 2583              		.syntax unified
ARM GAS  C:\Users\aydan\AppData\Local\Temp\ccigYy1e.s 			page 63


 2584              		.thumb
 2585              		.thumb_func
 2586              		.fpu fpv5-d16
 2588              	_ZN3app11AudioEngine19ProcessEffectSampleEPN10bkshepherd16BaseEffectModuleEfRfS4_:
 2589              	.LVL240:
 2590              	.LFB4778:
 277:src/audio_engine.cpp ****     fx->ProcessMono(in);
 2591              		.loc 1 277 1 is_stmt 1 view -0
 2592              		.cfi_startproc
 2593              		@ args = 0, pretend = 0, frame = 8
 2594              		@ frame_needed = 0, uses_anonymous_args = 0
 278:src/audio_engine.cpp ****     out_l = fx->GetAudioLeft();
 2595              		.loc 1 278 5 view .LVU645
 277:src/audio_engine.cpp ****     fx->ProcessMono(in);
 2596              		.loc 1 277 1 is_stmt 0 view .LVU646
 2597 0000 30B5     		push	{r4, r5, lr}
 2598              		.cfi_def_cfa_offset 12
 2599              		.cfi_offset 4, -12
 2600              		.cfi_offset 5, -8
 2601              		.cfi_offset 14, -4
 2602 0002 1C46     		mov	r4, r3
 2603 0004 83B0     		sub	sp, sp, #12
 2604              		.cfi_def_cfa_offset 24
 278:src/audio_engine.cpp ****     out_l = fx->GetAudioLeft();
 2605              		.loc 1 278 23 view .LVU647
 2606 0006 0B68     		ldr	r3, [r1]
 2607              	.LVL241:
 277:src/audio_engine.cpp ****     fx->ProcessMono(in);
 2608              		.loc 1 277 1 view .LVU648
 2609 0008 0846     		mov	r0, r1
 2610              	.LVL242:
 278:src/audio_engine.cpp ****     out_l = fx->GetAudioLeft();
 2611              		.loc 1 278 20 view .LVU649
 2612 000a 0191     		str	r1, [sp, #4]
 277:src/audio_engine.cpp ****     fx->ProcessMono(in);
 2613              		.loc 1 277 1 view .LVU650
 2614 000c 1546     		mov	r5, r2
 278:src/audio_engine.cpp ****     out_l = fx->GetAudioLeft();
 2615              		.loc 1 278 20 view .LVU651
 2616 000e DB68     		ldr	r3, [r3, #12]
 2617 0010 9847     		blx	r3
 2618              	.LVL243:
 279:src/audio_engine.cpp ****     out_r = fx->GetAudioRight();
 2619              		.loc 1 279 5 is_stmt 1 view .LVU652
 279:src/audio_engine.cpp ****     out_r = fx->GetAudioRight();
 2620              		.loc 1 279 29 is_stmt 0 view .LVU653
 2621 0012 0198     		ldr	r0, [sp, #4]
 2622 0014 FFF7FEFF 		bl	_ZN10bkshepherd16BaseEffectModule12GetAudioLeftEv
 2623              	.LVL244:
 280:src/audio_engine.cpp **** }
 2624              		.loc 1 280 30 view .LVU654
 2625 0018 0198     		ldr	r0, [sp, #4]
 279:src/audio_engine.cpp ****     out_r = fx->GetAudioRight();
 2626              		.loc 1 279 11 view .LVU655
 2627 001a 85ED000A 		vstr.32	s0, [r5]
 280:src/audio_engine.cpp **** }
 2628              		.loc 1 280 5 is_stmt 1 view .LVU656
ARM GAS  C:\Users\aydan\AppData\Local\Temp\ccigYy1e.s 			page 64


 280:src/audio_engine.cpp **** }
 2629              		.loc 1 280 30 is_stmt 0 view .LVU657
 2630 001e FFF7FEFF 		bl	_ZN10bkshepherd16BaseEffectModule13GetAudioRightEv
 2631              	.LVL245:
 280:src/audio_engine.cpp **** }
 2632              		.loc 1 280 11 view .LVU658
 2633 0022 84ED000A 		vstr.32	s0, [r4]
 281:src/audio_engine.cpp **** 
 2634              		.loc 1 281 1 view .LVU659
 2635 0026 03B0     		add	sp, sp, #12
 2636              		.cfi_def_cfa_offset 12
 2637              		@ sp needed
 2638 0028 30BD     		pop	{r4, r5, pc}
 281:src/audio_engine.cpp **** 
 2639              		.loc 1 281 1 view .LVU660
 2640              		.cfi_endproc
 2641              	.LFE4778:
 2643 002a 00BF     		.section	.text._ZN3app11AudioEngine15ApplyParametersEhPKt,"ax",%progbits
 2644              		.align	1
 2645              		.p2align 2,,3
 2646              		.global	_ZN3app11AudioEngine15ApplyParametersEhPKt
 2647              		.syntax unified
 2648              		.thumb
 2649              		.thumb_func
 2650              		.fpu fpv5-d16
 2652              	_ZN3app11AudioEngine15ApplyParametersEhPKt:
 2653              	.LVL246:
 2654              	.LFB4779:
 285:src/audio_engine.cpp ****     if(effect == config::FX_TUNER || effect >= config::FX_COUNT)
 2655              		.loc 1 285 1 is_stmt 1 view -0
 2656              		.cfi_startproc
 2657              		@ args = 0, pretend = 0, frame = 0
 2658              		@ frame_needed = 0, uses_anonymous_args = 0
 2659              		@ link register save eliminated.
 286:src/audio_engine.cpp ****         return;
 2660              		.loc 1 286 5 view .LVU662
 2661 0000 4B1E     		subs	r3, r1, #1
 2662 0002 032B     		cmp	r3, #3
 2663 0004 01D8     		bhi	.L243
 2664 0006 FFF7FEBF 		b	_ZN3app11AudioEngine15ApplyParametersEhPKt.part.0
 2665              	.LVL247:
 2666              	.L243:
 2667              		.loc 1 297 1 is_stmt 0 view .LVU663
 2668 000a 7047     		bx	lr
 2669              		.cfi_endproc
 2670              	.LFE4779:
 2672              		.section	.text._ZN3app11AudioEngine13CurrentEffectEv,"ax",%progbits
 2673              		.align	1
 2674              		.p2align 2,,3
 2675              		.global	_ZN3app11AudioEngine13CurrentEffectEv
 2676              		.syntax unified
 2677              		.thumb
 2678              		.thumb_func
 2679              		.fpu fpv5-d16
 2681              	_ZN3app11AudioEngine13CurrentEffectEv:
 2682              	.LVL248:
 2683              	.LFB4780:
ARM GAS  C:\Users\aydan\AppData\Local\Temp\ccigYy1e.s 			page 65


 298:src/audio_engine.cpp **** 
 299:src/audio_engine.cpp **** bkshepherd::BaseEffectModule* AudioEngine::CurrentEffect()
 300:src/audio_engine.cpp **** {
 2684              		.loc 1 300 1 is_stmt 1 view -0
 2685              		.cfi_startproc
 2686              		@ args = 0, pretend = 0, frame = 0
 2687              		@ frame_needed = 0, uses_anonymous_args = 0
 2688              		@ link register save eliminated.
 301:src/audio_engine.cpp ****     if(active_effect_ == config::FX_TUNER || active_effect_ >= config::FX_COUNT)
 2689              		.loc 1 301 5 view .LVU665
 2690              		.loc 1 301 8 is_stmt 0 view .LVU666
 2691 0000 00F5CE23 		add	r3, r0, #421888
 2692 0004 93F82021 		ldrb	r2, [r3, #288]	@ zero_extendqisi2
 2693              		.loc 1 301 5 view .LVU667
 2694 0008 531E     		subs	r3, r2, #1
 2695 000a 032B     		cmp	r3, #3
 2696 000c 05D8     		bhi	.L247
 302:src/audio_engine.cpp ****         return 0;
 303:src/audio_engine.cpp ****     return effects_[active_effect_];
 2697              		.loc 1 303 5 is_stmt 1 view .LVU668
 2698              		.loc 1 303 35 is_stmt 0 view .LVU669
 2699 000e 044B     		ldr	r3, .L248
 2700 0010 1344     		add	r3, r3, r2
 2701 0012 00EB8300 		add	r0, r0, r3, lsl #2
 2702              	.LVL249:
 2703              		.loc 1 303 35 view .LVU670
 2704 0016 4068     		ldr	r0, [r0, #4]
 2705 0018 7047     		bx	lr
 2706              	.LVL250:
 2707              	.L247:
 302:src/audio_engine.cpp ****         return 0;
 2708              		.loc 1 302 16 view .LVU671
 2709 001a 0020     		movs	r0, #0
 2710              	.LVL251:
 304:src/audio_engine.cpp **** }
 2711              		.loc 1 304 1 view .LVU672
 2712 001c 7047     		bx	lr
 2713              	.L249:
 2714 001e 00BF     		.align	2
 2715              	.L248:
 2716 0020 2E9C0100 		.word	105518
 2717              		.cfi_endproc
 2718              	.LFE4780:
 2720              		.section	.text._ZN3app11AudioEngine4InitEfRNS_14ControlMailboxERNS_12TunerCaptureE,"ax",%progbits
 2721              		.align	1
 2722              		.p2align 2,,3
 2723              		.global	_ZN3app11AudioEngine4InitEfRNS_14ControlMailboxERNS_12TunerCaptureE
 2724              		.syntax unified
 2725              		.thumb
 2726              		.thumb_func
 2727              		.fpu fpv5-d16
 2729              	_ZN3app11AudioEngine4InitEfRNS_14ControlMailboxERNS_12TunerCaptureE:
 2730              	.LVL252:
 2731              	.LFB4767:
  34:src/audio_engine.cpp ****     mailbox_ = &mailbox;
 2732              		.loc 1 34 1 is_stmt 1 view -0
 2733              		.cfi_startproc
ARM GAS  C:\Users\aydan\AppData\Local\Temp\ccigYy1e.s 			page 66


 2734              		@ args = 0, pretend = 0, frame = 0
 2735              		@ frame_needed = 0, uses_anonymous_args = 0
  35:src/audio_engine.cpp ****     tuner_capture_ = &tuner_capture;
 2736              		.loc 1 35 5 view .LVU674
  34:src/audio_engine.cpp ****     mailbox_ = &mailbox;
 2737              		.loc 1 34 1 is_stmt 0 view .LVU675
 2738 0000 2DE9F041 		push	{r4, r5, r6, r7, r8, lr}
 2739              		.cfi_def_cfa_offset 24
 2740              		.cfi_offset 4, -24
 2741              		.cfi_offset 5, -20
 2742              		.cfi_offset 6, -16
 2743              		.cfi_offset 7, -12
 2744              		.cfi_offset 8, -8
 2745              		.cfi_offset 14, -4
  39:src/audio_engine.cpp ****     crusher_.Init(sample_rate);
 2746              		.loc 1 39 17 view .LVU676
 2747 0004 44F6A437 		movw	r7, #19364
  34:src/audio_engine.cpp ****     mailbox_ = &mailbox;
 2748              		.loc 1 34 1 view .LVU677
 2749 0008 0446     		mov	r4, r0
  38:src/audio_engine.cpp ****     reverb_.Init(sample_rate);
 2750              		.loc 1 38 17 view .LVU678
 2751 000a 00F10808 		add	r8, r0, #8
  40:src/audio_engine.cpp ****     granular_delay_.Init(sample_rate);
 2752              		.loc 1 40 18 view .LVU679
 2753 000e 2A4E     		ldr	r6, .L255
  39:src/audio_engine.cpp ****     crusher_.Init(sample_rate);
 2754              		.loc 1 39 17 view .LVU680
 2755 0010 0744     		add	r7, r7, r0
  41:src/audio_engine.cpp ****     chorus_.SetEnabled(true);
 2756              		.loc 1 41 25 view .LVU681
 2757 0012 2A4D     		ldr	r5, .L255+4
  40:src/audio_engine.cpp ****     granular_delay_.Init(sample_rate);
 2758              		.loc 1 40 18 view .LVU682
 2759 0014 2644     		add	r6, r6, r4
  34:src/audio_engine.cpp ****     mailbox_ = &mailbox;
 2760              		.loc 1 34 1 view .LVU683
 2761 0016 2DED028B 		vpush.64	{d8}
 2762              		.cfi_def_cfa_offset 32
 2763              		.cfi_offset 80, -32
 2764              		.cfi_offset 81, -28
  34:src/audio_engine.cpp ****     mailbox_ = &mailbox;
 2765              		.loc 1 34 1 view .LVU684
 2766 001a B0EE408A 		vmov.f32	s16, s0
  36:src/audio_engine.cpp **** 
 2767              		.loc 1 36 20 view .LVU685
 2768 001e C0E90012 		strd	r1, r2, [r0]
  38:src/audio_engine.cpp ****     reverb_.Init(sample_rate);
 2769              		.loc 1 38 5 is_stmt 1 view .LVU686
  38:src/audio_engine.cpp ****     reverb_.Init(sample_rate);
 2770              		.loc 1 38 17 is_stmt 0 view .LVU687
 2771 0022 4046     		mov	r0, r8
 2772              	.LVL253:
  38:src/audio_engine.cpp ****     reverb_.Init(sample_rate);
 2773              		.loc 1 38 17 view .LVU688
 2774 0024 FFF7FEFF 		bl	_ZN10bkshepherd12ChorusModule4InitEf
 2775              	.LVL254:
ARM GAS  C:\Users\aydan\AppData\Local\Temp\ccigYy1e.s 			page 67


  39:src/audio_engine.cpp ****     crusher_.Init(sample_rate);
 2776              		.loc 1 39 5 is_stmt 1 view .LVU689
  39:src/audio_engine.cpp ****     crusher_.Init(sample_rate);
 2777              		.loc 1 39 17 is_stmt 0 view .LVU690
 2778 0028 B0EE480A 		vmov.f32	s0, s16
 2779 002c 3846     		mov	r0, r7
 2780 002e FFF7FEFF 		bl	_ZN10bkshepherd12ReverbModule4InitEf
 2781              	.LVL255:
  40:src/audio_engine.cpp ****     granular_delay_.Init(sample_rate);
 2782              		.loc 1 40 5 is_stmt 1 view .LVU691
  40:src/audio_engine.cpp ****     granular_delay_.Init(sample_rate);
 2783              		.loc 1 40 18 is_stmt 0 view .LVU692
 2784 0032 B0EE480A 		vmov.f32	s0, s16
 2785 0036 3046     		mov	r0, r6
 2786 0038 FFF7FEFF 		bl	_ZN10bkshepherd13CrusherModule4InitEf
 2787              	.LVL256:
  41:src/audio_engine.cpp ****     chorus_.SetEnabled(true);
 2788              		.loc 1 41 5 is_stmt 1 view .LVU693
  41:src/audio_engine.cpp ****     chorus_.SetEnabled(true);
 2789              		.loc 1 41 25 is_stmt 0 view .LVU694
 2790 003c B0EE480A 		vmov.f32	s0, s16
 2791 0040 2819     		adds	r0, r5, r4
 2792 0042 FFF7FEFF 		bl	_ZN10bkshepherd19GranularDelayModule4InitEf
 2793              	.LVL257:
  42:src/audio_engine.cpp ****     reverb_.SetEnabled(true);
 2794              		.loc 1 42 5 is_stmt 1 view .LVU695
  42:src/audio_engine.cpp ****     reverb_.SetEnabled(true);
 2795              		.loc 1 42 23 is_stmt 0 view .LVU696
 2796 0046 4046     		mov	r0, r8
 2797 0048 0121     		movs	r1, #1
 2798 004a FFF7FEFF 		bl	_ZN10bkshepherd16BaseEffectModule10SetEnabledEb
 2799              	.LVL258:
  43:src/audio_engine.cpp ****     crusher_.SetEnabled(true);
 2800              		.loc 1 43 5 is_stmt 1 view .LVU697
  43:src/audio_engine.cpp ****     crusher_.SetEnabled(true);
 2801              		.loc 1 43 23 is_stmt 0 view .LVU698
 2802 004e 0121     		movs	r1, #1
 2803 0050 3846     		mov	r0, r7
 2804 0052 FFF7FEFF 		bl	_ZN10bkshepherd16BaseEffectModule10SetEnabledEb
 2805              	.LVL259:
  44:src/audio_engine.cpp ****     granular_delay_.SetEnabled(true);
 2806              		.loc 1 44 5 is_stmt 1 view .LVU699
  44:src/audio_engine.cpp ****     granular_delay_.SetEnabled(true);
 2807              		.loc 1 44 24 is_stmt 0 view .LVU700
 2808 0056 0121     		movs	r1, #1
 2809 0058 3046     		mov	r0, r6
 2810 005a FFF7FEFF 		bl	_ZN10bkshepherd16BaseEffectModule10SetEnabledEb
 2811              	.LVL260:
  45:src/audio_engine.cpp **** 
 2812              		.loc 1 45 5 is_stmt 1 view .LVU701
  45:src/audio_engine.cpp **** 
 2813              		.loc 1 45 31 is_stmt 0 view .LVU702
 2814 005e 0121     		movs	r1, #1
 2815 0060 2819     		adds	r0, r5, r4
 2816 0062 FFF7FEFF 		bl	_ZN10bkshepherd16BaseEffectModule10SetEnabledEb
 2817              	.LVL261:
  47:src/audio_engine.cpp **** #if AUDIO_CPU_LOAD_DEBUG
ARM GAS  C:\Users\aydan\AppData\Local\Temp\ccigYy1e.s 			page 68


 2818              		.loc 1 47 5 is_stmt 1 view .LVU703
  47:src/audio_engine.cpp **** #if AUDIO_CPU_LOAD_DEBUG
 2819              		.loc 1 47 19 is_stmt 0 view .LVU704
 2820 0066 2046     		mov	r0, r4
 2821 0068 FFF7FEFF 		bl	_ZN3app11AudioEngine14BuildParamMapsEv
 2822              	.LVL262:
  54:src/audio_engine.cpp ****     active_effect_ = current_.effect;
 2823              		.loc 1 54 5 is_stmt 1 view .LVU705
  54:src/audio_engine.cpp ****     active_effect_ = current_.effect;
 2824              		.loc 1 54 27 is_stmt 0 view .LVU706
 2825 006c 2046     		mov	r0, r4
  55:src/audio_engine.cpp ****     active_bypass_ = current_.bypass != 0;
 2826              		.loc 1 55 31 view .LVU707
 2827 006e 04F5CE24 		add	r4, r4, #421888
 2828              	.LVL263:
  54:src/audio_engine.cpp ****     active_effect_ = current_.effect;
 2829              		.loc 1 54 27 view .LVU708
 2830 0072 FFF7FEFF 		bl	_ZN3app11AudioEngine22ApplySnapshotIfChangedEv
 2831              	.LVL264:
  55:src/audio_engine.cpp ****     active_bypass_ = current_.bypass != 0;
 2832              		.loc 1 55 5 is_stmt 1 view .LVU709
  56:src/audio_engine.cpp ****     pending_effect_ = active_effect_;
 2833              		.loc 1 56 38 is_stmt 0 view .LVU710
 2834 0076 94F80D31 		ldrb	r3, [r4, #269]	@ zero_extendqisi2
  55:src/audio_engine.cpp ****     active_bypass_ = current_.bypass != 0;
 2835              		.loc 1 55 31 view .LVU711
 2836 007a 94F80C21 		ldrb	r2, [r4, #268]	@ zero_extendqisi2
  56:src/audio_engine.cpp ****     pending_effect_ = active_effect_;
 2837              		.loc 1 56 38 view .LVU712
 2838 007e 003B     		subs	r3, r3, #0
  55:src/audio_engine.cpp ****     active_bypass_ = current_.bypass != 0;
 2839              		.loc 1 55 20 view .LVU713
 2840 0080 84F82021 		strb	r2, [r4, #288]
  56:src/audio_engine.cpp ****     pending_effect_ = active_effect_;
 2841              		.loc 1 56 5 is_stmt 1 view .LVU714
  56:src/audio_engine.cpp ****     pending_effect_ = active_effect_;
 2842              		.loc 1 56 38 is_stmt 0 view .LVU715
 2843 0084 18BF     		it	ne
 2844 0086 0123     		movne	r3, #1
  57:src/audio_engine.cpp ****     pending_bypass_ = active_bypass_;
 2845              		.loc 1 57 21 view .LVU716
 2846 0088 84F82221 		strb	r2, [r4, #290]
  56:src/audio_engine.cpp ****     pending_effect_ = active_effect_;
 2847              		.loc 1 56 20 view .LVU717
 2848 008c 84F82131 		strb	r3, [r4, #289]
  57:src/audio_engine.cpp ****     pending_bypass_ = active_bypass_;
 2849              		.loc 1 57 5 is_stmt 1 view .LVU718
  58:src/audio_engine.cpp ****     wet_gain_ = (active_effect_ == config::FX_TUNER || active_bypass_) ? 0.0f : 1.0f;
 2850              		.loc 1 58 5 view .LVU719
  58:src/audio_engine.cpp ****     wet_gain_ = (active_effect_ == config::FX_TUNER || active_bypass_) ? 0.0f : 1.0f;
 2851              		.loc 1 58 21 is_stmt 0 view .LVU720
 2852 0090 84F82331 		strb	r3, [r4, #291]
  59:src/audio_engine.cpp **** }
 2853              		.loc 1 59 5 is_stmt 1 view .LVU721
  59:src/audio_engine.cpp **** }
 2854              		.loc 1 59 53 is_stmt 0 view .LVU722
 2855 0094 02B1     		cbz	r2, .L252
ARM GAS  C:\Users\aydan\AppData\Local\Temp\ccigYy1e.s 			page 69


 2856 0096 33B1     		cbz	r3, .L254
 2857              	.L252:
  59:src/audio_engine.cpp **** }
 2858              		.loc 1 59 72 view .LVU723
 2859 0098 0023     		movs	r3, #0
  60:src/audio_engine.cpp **** 
 2860              		.loc 1 60 1 view .LVU724
 2861 009a BDEC028B 		vldm	sp!, {d8}
 2862              		.cfi_remember_state
 2863              		.cfi_restore 80
 2864              		.cfi_restore 81
 2865              		.cfi_def_cfa_offset 24
 2866              	.LVL265:
  59:src/audio_engine.cpp **** }
 2867              		.loc 1 59 15 view .LVU725
 2868 009e C4F82831 		str	r3, [r4, #296]	@ float
  60:src/audio_engine.cpp **** 
 2869              		.loc 1 60 1 view .LVU726
 2870 00a2 BDE8F081 		pop	{r4, r5, r6, r7, r8, pc}
 2871              	.LVL266:
 2872              	.L254:
 2873              		.cfi_restore_state
  59:src/audio_engine.cpp **** }
 2874              		.loc 1 59 72 view .LVU727
 2875 00a6 4FF07E53 		mov	r3, #1065353216
  60:src/audio_engine.cpp **** 
 2876              		.loc 1 60 1 view .LVU728
 2877 00aa BDEC028B 		vldm	sp!, {d8}
 2878              		.cfi_restore 80
 2879              		.cfi_restore 81
 2880              		.cfi_def_cfa_offset 24
 2881              	.LVL267:
  59:src/audio_engine.cpp **** }
 2882              		.loc 1 59 15 view .LVU729
 2883 00ae C4F82831 		str	r3, [r4, #296]	@ float
  60:src/audio_engine.cpp **** 
 2884              		.loc 1 60 1 view .LVU730
 2885 00b2 BDE8F081 		pop	{r4, r5, r6, r7, r8, pc}
 2886              	.L256:
 2887 00b6 00BF     		.align	2
 2888              	.L255:
 2889 00b8 28570600 		.word	415528
 2890 00bc 88570600 		.word	415624
 2891              		.cfi_endproc
 2892              	.LFE4767:
 2894              		.section	.rodata
 2895              		.align	2
 2896              		.set	.LANCHOR0,. + 0
 2897              	.LC0:
 2898 0000 FFFFFFFF 		.word	-1
 2899 0004 FFFFFFFF 		.word	-1
 2900 0008 FFFFFFFF 		.word	-1
 2901 000c FFFFFFFF 		.word	-1
 2902 0010 FFFFFFFF 		.word	-1
 2903 0014 FFFFFFFF 		.word	-1
 2904 0018 FFFFFFFF 		.word	-1
 2905 001c FFFFFFFF 		.word	-1
ARM GAS  C:\Users\aydan\AppData\Local\Temp\ccigYy1e.s 			page 70


 2906 0020 FFFFFFFF 		.word	-1
 2907 0024 FFFFFFFF 		.word	-1
 2908 0028 FFFFFFFF 		.word	-1
 2909 002c FFFFFFFF 		.word	-1
 2910 0030 FFFFFFFF 		.word	-1
 2911 0034 FFFFFFFF 		.word	-1
 2912 0038 FFFFFFFF 		.word	-1
 2913              	.LC1:
 2914 003c FF       		.byte	-1
 2915 003d FF       		.byte	-1
 2916 003e FFFF     		.short	-1
 2917 0040 FFFF     		.short	-1
 2918 0042 FFFF     		.short	-1
 2919              		.text
 2920              	.Letext0:
 2921              		.file 3 "c:\\program files\\daisytoolchain\\arm-none-eabi\\include\\machine\\_default_types.h"
 2922              		.file 4 "c:\\program files\\daisytoolchain\\arm-none-eabi\\include\\sys\\_stdint.h"
 2923              		.file 5 "c:\\program files\\daisytoolchain\\arm-none-eabi\\include\\stdint.h"
 2924              		.file 6 "c:\\program files\\daisytoolchain\\lib\\gcc\\arm-none-eabi\\10.2.1\\include\\stddef.h"
 2925              		.file 7 "c:\\program files\\daisytoolchain\\arm-none-eabi\\include\\c++\\10.2.1\\cmath"
 2926              		.file 8 "c:\\program files\\daisytoolchain\\arm-none-eabi\\include\\c++\\10.2.1\\bits\\std_abs.h"
 2927              		.file 9 "c:\\program files\\daisytoolchain\\arm-none-eabi\\include\\c++\\10.2.1\\cstdlib"
 2928              		.file 10 "c:\\program files\\daisytoolchain\\arm-none-eabi\\include\\c++\\10.2.1\\cstdint"
 2929              		.file 11 "c:\\program files\\daisytoolchain\\arm-none-eabi\\include\\c++\\10.2.1\\type_traits"
 2930              		.file 12 "c:\\program files\\daisytoolchain\\arm-none-eabi\\include\\c++\\10.2.1\\debug\\debug.h"
 2931              		.file 13 "c:\\program files\\daisytoolchain\\arm-none-eabi\\include\\c++\\10.2.1\\arm-none-eabi\\t
 2932              		.file 14 "c:\\program files\\daisytoolchain\\arm-none-eabi\\include\\c++\\10.2.1\\bits\\algorithmf
 2933              		.file 15 "c:\\program files\\daisytoolchain\\arm-none-eabi\\include\\c++\\10.2.1\\bits\\stl_pair.h
 2934              		.file 16 "c:\\program files\\daisytoolchain\\arm-none-eabi\\include\\c++\\10.2.1\\bits\\exception_
 2935              		.file 17 "c:\\program files\\daisytoolchain\\arm-none-eabi\\include\\c++\\10.2.1\\cstdarg"
 2936              		.file 18 "c:\\program files\\daisytoolchain\\arm-none-eabi\\include\\c++\\10.2.1\\cstdio"
 2937              		.file 19 "c:\\program files\\daisytoolchain\\arm-none-eabi\\include\\c++\\10.2.1\\cstring"
 2938              		.file 20 "c:\\program files\\daisytoolchain\\arm-none-eabi\\include\\c++\\10.2.1\\cwchar"
 2939              		.file 21 "c:\\program files\\daisytoolchain\\arm-none-eabi\\include\\c++\\10.2.1\\clocale"
 2940              		.file 22 "c:\\program files\\daisytoolchain\\arm-none-eabi\\include\\c++\\10.2.1\\bits\\basic_stri
 2941              		.file 23 "c:\\program files\\daisytoolchain\\arm-none-eabi\\include\\c++\\10.2.1\\bits\\stl_tempbu
 2942              		.file 24 "c:\\program files\\daisytoolchain\\arm-none-eabi\\include\\c++\\10.2.1\\bits\\predefined
 2943              		.file 25 "c:\\program files\\daisytoolchain\\arm-none-eabi\\include\\sys\\_types.h"
 2944              		.file 26 "c:\\program files\\daisytoolchain\\arm-none-eabi\\include\\sys\\reent.h"
 2945              		.file 27 "c:\\program files\\daisytoolchain\\arm-none-eabi\\include\\sys\\lock.h"
 2946              		.file 28 "c:\\program files\\daisytoolchain\\arm-none-eabi\\include\\math.h"
 2947              		.file 29 "c:\\program files\\daisytoolchain\\arm-none-eabi\\include\\stdlib.h"
 2948              		.file 30 "c:\\program files\\daisytoolchain\\arm-none-eabi\\include\\c++\\10.2.1\\math.h"
 2949              		.file 31 "c:\\program files\\daisytoolchain\\arm-none-eabi\\include\\c++\\10.2.1\\stdlib.h"
 2950              		.file 32 "../../libDaisy/src/daisy_core.h"
 2951              		.file 33 "../../libDaisy/src/per/sai.h"
 2952              		.file 34 "../../libDaisy/src/hid/audio.h"
 2953              		.file 35 "../../libDaisy/src/util/wav_format.h"
 2954              		.file 36 "../../libDaisy/src/dev/max11300.h"
 2955              		.file 37 "../../libDaisy/src/daisy_seed.h"
 2956              		.file 38 "c:\\program files\\daisytoolchain\\lib\\gcc\\arm-none-eabi\\10.2.1\\include\\stdarg.h"
 2957              		.file 39 "c:\\program files\\daisytoolchain\\arm-none-eabi\\include\\stdio.h"
 2958              		.file 40 "c:\\program files\\daisytoolchain\\arm-none-eabi\\include\\string.h"
 2959              		.file 41 "src/app_config.h"
 2960              		.file 42 "src/tuner.h"
 2961              		.file 43 "src/audio_engine.h"
 2962              		.file 44 "gml/GuitarPedal/Effect-Modules/base_effect_module.h"
ARM GAS  C:\Users\aydan\AppData\Local\Temp\ccigYy1e.s 			page 71


 2963              		.file 45 "gml/GuitarPedal/Effect-Modules/granulardelay_module.h"
 2964              		.file 46 "gml/GuitarPedal/Effect-Modules/chorus_module.h"
 2965              		.file 47 "gml/GuitarPedal/Effect-Modules/reverb_module.h"
 2966              		.file 48 "gml/GuitarPedal/Effect-Modules/crusher_module.h"
 2967              		.file 49 "../../DaisySP/Source/Control/adenv.h"
 2968              		.file 50 "../../DaisySP/Source/Utility/dsp.h"
 2969              		.file 51 "c:\\program files\\daisytoolchain\\arm-none-eabi\\include\\wchar.h"
 2970              		.file 52 "c:\\program files\\daisytoolchain\\arm-none-eabi\\include\\locale.h"
 2971              		.file 53 "<built-in>"
 2972              		.file 54 "../../libDaisy/src/dev/sr_595.h"
ARM GAS  C:\Users\aydan\AppData\Local\Temp\ccigYy1e.s 			page 72


DEFINED SYMBOLS
                            *ABS*:00000000 audio_engine.cpp
C:\Users\aydan\AppData\Local\Temp\ccigYy1e.s:17     .text._ZN3app11AudioEngine16StringContainsCiEPKcS2_.part.0:00000000 $t
C:\Users\aydan\AppData\Local\Temp\ccigYy1e.s:25     .text._ZN3app11AudioEngine16StringContainsCiEPKcS2_.part.0:00000000 _ZN3app11AudioEngine16StringContainsCiEPKcS2_.part.0
C:\Users\aydan\AppData\Local\Temp\ccigYy1e.s:164    .text._ZN3app11AudioEngine15ApplyParametersEhPKt.part.0:00000000 $t
C:\Users\aydan\AppData\Local\Temp\ccigYy1e.s:171    .text._ZN3app11AudioEngine15ApplyParametersEhPKt.part.0:00000000 _ZN3app11AudioEngine15ApplyParametersEhPKt.part.0
C:\Users\aydan\AppData\Local\Temp\ccigYy1e.s:343    .text._ZN3app11AudioEngine15ApplyParametersEhPKt.part.0:000000a0 $d
C:\Users\aydan\AppData\Local\Temp\ccigYy1e.s:352    .text._ZN3app11AudioEngine19FindParamByKeywordsEPN10bkshepherd16BaseEffectModuleEPKcS5_S5_.part.0:00000000 $t
C:\Users\aydan\AppData\Local\Temp\ccigYy1e.s:359    .text._ZN3app11AudioEngine19FindParamByKeywordsEPN10bkshepherd16BaseEffectModuleEPKcS5_S5_.part.0:00000000 _ZN3app11AudioEngine19FindParamByKeywordsEPN10bkshepherd16BaseEffectModuleEPKcS5_S5_.part.0
C:\Users\aydan\AppData\Local\Temp\ccigYy1e.s:531    .text._ZN3app11AudioEngineC2Ev:00000000 $t
C:\Users\aydan\AppData\Local\Temp\ccigYy1e.s:539    .text._ZN3app11AudioEngineC2Ev:00000000 _ZN3app11AudioEngineC2Ev
C:\Users\aydan\AppData\Local\Temp\ccigYy1e.s:629    .text._ZN3app11AudioEngineC2Ev:000000a8 $d
C:\Users\aydan\AppData\Local\Temp\ccigYy1e.s:539    .text._ZN3app11AudioEngineC2Ev:00000000 _ZN3app11AudioEngineC1Ev
C:\Users\aydan\AppData\Local\Temp\ccigYy1e.s:639    .text._ZN3app11AudioEngine16StringContainsCiEPKcS2_:00000000 $t
C:\Users\aydan\AppData\Local\Temp\ccigYy1e.s:647    .text._ZN3app11AudioEngine16StringContainsCiEPKcS2_:00000000 _ZN3app11AudioEngine16StringContainsCiEPKcS2_
C:\Users\aydan\AppData\Local\Temp\ccigYy1e.s:670    .text._ZN3app11AudioEngine19FindParamByKeywordsEPN10bkshepherd16BaseEffectModuleEPKcS5_S5_:00000000 $t
C:\Users\aydan\AppData\Local\Temp\ccigYy1e.s:678    .text._ZN3app11AudioEngine19FindParamByKeywordsEPN10bkshepherd16BaseEffectModuleEPKcS5_S5_:00000000 _ZN3app11AudioEngine19FindParamByKeywordsEPN10bkshepherd16BaseEffectModuleEPKcS5_S5_
C:\Users\aydan\AppData\Local\Temp\ccigYy1e.s:700    .text._ZN3app11AudioEngine19FallbackParamForPotEPN10bkshepherd16BaseEffectModuleEi:00000000 $t
C:\Users\aydan\AppData\Local\Temp\ccigYy1e.s:708    .text._ZN3app11AudioEngine19FallbackParamForPotEPN10bkshepherd16BaseEffectModuleEi:00000000 _ZN3app11AudioEngine19FallbackParamForPotEPN10bkshepherd16BaseEffectModuleEi
C:\Users\aydan\AppData\Local\Temp\ccigYy1e.s:781    .text._ZN3app11AudioEngine10U16ToFloatEt:00000000 $t
C:\Users\aydan\AppData\Local\Temp\ccigYy1e.s:789    .text._ZN3app11AudioEngine10U16ToFloatEt:00000000 _ZN3app11AudioEngine10U16ToFloatEt
C:\Users\aydan\AppData\Local\Temp\ccigYy1e.s:810    .text._ZN3app11AudioEngine10U16ToFloatEt:00000014 $d
C:\Users\aydan\AppData\Local\Temp\ccigYy1e.s:815    .text._ZN3app11AudioEngine11ClampOutputEf:00000000 $t
C:\Users\aydan\AppData\Local\Temp\ccigYy1e.s:823    .text._ZN3app11AudioEngine11ClampOutputEf:00000000 _ZN3app11AudioEngine11ClampOutputEf
C:\Users\aydan\AppData\Local\Temp\ccigYy1e.s:855    .text._ZN3app11AudioEngine11ClampOutputEf:00000028 $d
C:\Users\aydan\AppData\Local\Temp\ccigYy1e.s:861    .rodata._ZN3app11AudioEngine14BuildParamMapsEv.str1.4:00000000 $d
C:\Users\aydan\AppData\Local\Temp\ccigYy1e.s:919    .text._ZN3app11AudioEngine14BuildParamMapsEv:00000000 $t
C:\Users\aydan\AppData\Local\Temp\ccigYy1e.s:927    .text._ZN3app11AudioEngine14BuildParamMapsEv:00000000 _ZN3app11AudioEngine14BuildParamMapsEv
C:\Users\aydan\AppData\Local\Temp\ccigYy1e.s:1760   .text._ZN3app11AudioEngine14BuildParamMapsEv:0000029c $d
C:\Users\aydan\AppData\Local\Temp\ccigYy1e.s:1784   .text._ZN3app11AudioEngine22ApplySnapshotIfChangedEv:00000000 $t
C:\Users\aydan\AppData\Local\Temp\ccigYy1e.s:1792   .text._ZN3app11AudioEngine22ApplySnapshotIfChangedEv:00000000 _ZN3app11AudioEngine22ApplySnapshotIfChangedEv
C:\Users\aydan\AppData\Local\Temp\ccigYy1e.s:2087   .text._ZN3app11AudioEngine22ApplySnapshotIfChangedEv:00000118 $d
C:\Users\aydan\AppData\Local\Temp\ccigYy1e.s:2094   .text._ZN3app11AudioEngine15StartTransitionEhb:00000000 $t
C:\Users\aydan\AppData\Local\Temp\ccigYy1e.s:2102   .text._ZN3app11AudioEngine15StartTransitionEhb:00000000 _ZN3app11AudioEngine15StartTransitionEhb
C:\Users\aydan\AppData\Local\Temp\ccigYy1e.s:2181   .text._ZN3app11AudioEngine14StepTransitionEv:00000000 $t
C:\Users\aydan\AppData\Local\Temp\ccigYy1e.s:2189   .text._ZN3app11AudioEngine14StepTransitionEv:00000000 _ZN3app11AudioEngine14StepTransitionEv
C:\Users\aydan\AppData\Local\Temp\ccigYy1e.s:2296   .text._ZN3app11AudioEngine7ProcessEPKPKfPPfj:00000000 $t
C:\Users\aydan\AppData\Local\Temp\ccigYy1e.s:2304   .text._ZN3app11AudioEngine7ProcessEPKPKfPPfj:00000000 _ZN3app11AudioEngine7ProcessEPKPKfPPfj
C:\Users\aydan\AppData\Local\Temp\ccigYy1e.s:2573   .text._ZN3app11AudioEngine7ProcessEPKPKfPPfj:00000114 $d
C:\Users\aydan\AppData\Local\Temp\ccigYy1e.s:2580   .text._ZN3app11AudioEngine19ProcessEffectSampleEPN10bkshepherd16BaseEffectModuleEfRfS4_:00000000 $t
C:\Users\aydan\AppData\Local\Temp\ccigYy1e.s:2588   .text._ZN3app11AudioEngine19ProcessEffectSampleEPN10bkshepherd16BaseEffectModuleEfRfS4_:00000000 _ZN3app11AudioEngine19ProcessEffectSampleEPN10bkshepherd16BaseEffectModuleEfRfS4_
C:\Users\aydan\AppData\Local\Temp\ccigYy1e.s:2644   .text._ZN3app11AudioEngine15ApplyParametersEhPKt:00000000 $t
C:\Users\aydan\AppData\Local\Temp\ccigYy1e.s:2652   .text._ZN3app11AudioEngine15ApplyParametersEhPKt:00000000 _ZN3app11AudioEngine15ApplyParametersEhPKt
C:\Users\aydan\AppData\Local\Temp\ccigYy1e.s:2673   .text._ZN3app11AudioEngine13CurrentEffectEv:00000000 $t
C:\Users\aydan\AppData\Local\Temp\ccigYy1e.s:2681   .text._ZN3app11AudioEngine13CurrentEffectEv:00000000 _ZN3app11AudioEngine13CurrentEffectEv
C:\Users\aydan\AppData\Local\Temp\ccigYy1e.s:2716   .text._ZN3app11AudioEngine13CurrentEffectEv:00000020 $d
C:\Users\aydan\AppData\Local\Temp\ccigYy1e.s:2721   .text._ZN3app11AudioEngine4InitEfRNS_14ControlMailboxERNS_12TunerCaptureE:00000000 $t
C:\Users\aydan\AppData\Local\Temp\ccigYy1e.s:2729   .text._ZN3app11AudioEngine4InitEfRNS_14ControlMailboxERNS_12TunerCaptureE:00000000 _ZN3app11AudioEngine4InitEfRNS_14ControlMailboxERNS_12TunerCaptureE
C:\Users\aydan\AppData\Local\Temp\ccigYy1e.s:2889   .text._ZN3app11AudioEngine4InitEfRNS_14ControlMailboxERNS_12TunerCaptureE:000000b8 $d
C:\Users\aydan\AppData\Local\Temp\ccigYy1e.s:2895   .rodata:00000000 $d

UNDEFINED SYMBOLS
_ZN10bkshepherd16BaseEffectModule23SetParameterAsMagnitudeEif
_ZN10bkshepherd16BaseEffectModule17GetParameterCountEv
_ZN10bkshepherd16BaseEffectModule16GetParameterNameEi
_ZN10bkshepherd12ChorusModuleC1Ev
_ZN10bkshepherd12ReverbModuleC1Ev
ARM GAS  C:\Users\aydan\AppData\Local\Temp\ccigYy1e.s 			page 73


_ZN10bkshepherd13CrusherModuleC1Ev
_ZN10bkshepherd19GranularDelayModuleC1Ev
_ZN10bkshepherd16BaseEffectModule27GetMappedParameterIDForKnobEi
_ZN3app12TunerCapture10WriteBlockEPKfj
_ZN10bkshepherd16BaseEffectModule12GetAudioLeftEv
_ZN10bkshepherd16BaseEffectModule13GetAudioRightEv
_ZN10bkshepherd12ChorusModule4InitEf
_ZN10bkshepherd12ReverbModule4InitEf
_ZN10bkshepherd13CrusherModule4InitEf
_ZN10bkshepherd19GranularDelayModule4InitEf
_ZN10bkshepherd16BaseEffectModule10SetEnabledEb
