ARM GAS  C:\Users\aydan\AppData\Local\Temp\ccemGtGF.s 			page 1


   1              		.cpu cortex-m7
   2              		.eabi_attribute 28, 1
   3              		.eabi_attribute 20, 1
   4              		.eabi_attribute 21, 1
   5              		.eabi_attribute 23, 3
   6              		.eabi_attribute 24, 1
   7              		.eabi_attribute 25, 1
   8              		.eabi_attribute 26, 1
   9              		.eabi_attribute 30, 2
  10              		.eabi_attribute 34, 1
  11              		.eabi_attribute 18, 4
  12              		.file	"controls.cpp"
  13              		.text
  14              	.Ltext0:
  15              		.cfi_sections	.debug_frame
  16              		.section	.text._ZN3app18AnalogRotaryLadder4InitEPKtitt.part.0,"ax",%progbits
  17              		.align	1
  18              		.p2align 2,,3
  19              		.arch armv7e-m
  20              		.syntax unified
  21              		.thumb
  22              		.thumb_func
  23              		.fpu fpv5-d16
  25              	_ZN3app18AnalogRotaryLadder4InitEPKtitt.part.0:
  26              	.LVL0:
  27              	.LFB2609:
  28              		.file 1 "src/controls.cpp"
   1:src/controls.cpp **** #include "controls.h"
   2:src/controls.cpp **** 
   3:src/controls.cpp **** namespace app
   4:src/controls.cpp **** {
   5:src/controls.cpp **** 
   6:src/controls.cpp **** // Keep ADC-derived values inside the normalized range expected by smoothing and telemetry.
   7:src/controls.cpp **** static float ClampFloat(float value, float lo, float hi)
   8:src/controls.cpp **** {
   9:src/controls.cpp ****     return value < lo ? lo : (value > hi ? hi : value);
  10:src/controls.cpp **** }
  11:src/controls.cpp **** 
  12:src/controls.cpp **** DebounceBool::DebounceBool()
  13:src/controls.cpp **** : stable_(true), last_sample_(true), last_change_ms_(0)
  14:src/controls.cpp **** {
  15:src/controls.cpp **** }
  16:src/controls.cpp **** 
  17:src/controls.cpp **** // Timer math casts the subtraction to uint32_t so debounce still works when the millisecond counte
  18:src/controls.cpp **** bool DebounceBool::Update(bool sample, uint32_t now_ms, uint32_t debounce_ms)
  19:src/controls.cpp **** {
  20:src/controls.cpp ****     if(sample != last_sample_)
  21:src/controls.cpp ****     {
  22:src/controls.cpp ****         last_sample_ = sample;
  23:src/controls.cpp ****         last_change_ms_ = now_ms;
  24:src/controls.cpp ****     }
  25:src/controls.cpp **** 
  26:src/controls.cpp ****     if(sample != stable_ && (uint32_t)(now_ms - last_change_ms_) >= debounce_ms)
  27:src/controls.cpp ****     {
  28:src/controls.cpp ****         stable_ = sample;
  29:src/controls.cpp ****         return true;
  30:src/controls.cpp ****     }
ARM GAS  C:\Users\aydan\AppData\Local\Temp\ccemGtGF.s 			page 2


  31:src/controls.cpp **** 
  32:src/controls.cpp ****     return false;
  33:src/controls.cpp **** }
  34:src/controls.cpp **** 
  35:src/controls.cpp **** AnalogRotaryLadder::AnalogRotaryLadder()
  36:src/controls.cpp **** : centers_(0),
  37:src/controls.cpp ****   count_(0),
  38:src/controls.cpp ****   hysteresis_(0),
  39:src/controls.cpp ****   max_center_error_(0),
  40:src/controls.cpp ****   descending_(false),
  41:src/controls.cpp ****   valid_(false),
  42:src/controls.cpp ****   thresholds_{0, 0, 0, 0, 0},
  43:src/controls.cpp ****   candidate_position_(0),
  44:src/controls.cpp ****   stable_position_(0),
  45:src/controls.cpp ****   candidate_since_ms_(0)
  46:src/controls.cpp **** {
  47:src/controls.cpp **** }
  48:src/controls.cpp **** 
  49:src/controls.cpp **** // The decoder accepts either ascending or descending ladders, because the PCB
  50:src/controls.cpp **** // reports descending raw values in logical throw order.
  51:src/controls.cpp **** bool AnalogRotaryLadder::Init(const uint16_t* centers, int count, uint16_t hysteresis, uint16_t max
  29              		.loc 1 51 6 view -0
  30              		.cfi_startproc
  31              		@ args = 0, pretend = 0, frame = 0
  32              		@ frame_needed = 0, uses_anonymous_args = 0
  52:src/controls.cpp **** {
  53:src/controls.cpp ****     centers_ = centers;
  54:src/controls.cpp ****     count_ = count;
  55:src/controls.cpp ****     hysteresis_ = hysteresis;
  56:src/controls.cpp ****     max_center_error_ = max_center_error;
  57:src/controls.cpp ****     candidate_position_ = 0;
  58:src/controls.cpp ****     stable_position_ = 0;
  59:src/controls.cpp ****     candidate_since_ms_ = 0;
  60:src/controls.cpp ****     valid_ = false;
  61:src/controls.cpp **** 
  62:src/controls.cpp ****     if(!centers_ || count_ < 2 || count_ > config::kRotaryPositionCount)
  63:src/controls.cpp ****         return false;
  64:src/controls.cpp **** 
  65:src/controls.cpp ****     descending_ = centers_[1] < centers_[0];
  33              		.loc 1 65 5 view .LVU1
  51:src/controls.cpp **** {
  34              		.loc 1 51 6 is_stmt 0 view .LVU2
  35 0000 F0B5     		push	{r4, r5, r6, r7, lr}
  36              		.cfi_def_cfa_offset 20
  37              		.cfi_offset 4, -20
  38              		.cfi_offset 5, -16
  39              		.cfi_offset 6, -12
  40              		.cfi_offset 7, -8
  41              		.cfi_offset 14, -4
  42              		.loc 1 65 43 view .LVU3
  43 0002 0D88     		ldrh	r5, [r1]
  51:src/controls.cpp **** {
  44              		.loc 1 51 6 view .LVU4
  45 0004 0746     		mov	r7, r0
  46              		.loc 1 65 29 view .LVU5
  47 0006 4E88     		ldrh	r6, [r1, #2]
  48              	.LBB86:
ARM GAS  C:\Users\aydan\AppData\Local\Temp\ccemGtGF.s 			page 3


  66:src/controls.cpp ****     for(int i = 0; i < count_ - 1; ++i)
  49              		.loc 1 66 31 view .LVU6
  50 0008 013A     		subs	r2, r2, #1
  51              	.LVL1:
  52              		.loc 1 66 31 view .LVU7
  53 000a 00F10E04 		add	r4, r0, #14
  54              		.loc 1 66 13 view .LVU8
  55 000e 4FF0000C 		mov	ip, #0
  56              	.LBE86:
  65:src/controls.cpp ****     for(int i = 0; i < count_ - 1; ++i)
  57              		.loc 1 65 31 view .LVU9
  58 0012 AE42     		cmp	r6, r5
  59 0014 2CBF     		ite	cs
  60 0016 0023     		movcs	r3, #0
  61 0018 0123     		movcc	r3, #1
  62 001a 0373     		strb	r3, [r0, #12]
  63              		.loc 1 66 5 is_stmt 1 view .LVU10
  64              	.LVL2:
  65              	.LBB87:
  66              		.loc 1 66 22 view .LVU11
  67              		.loc 1 66 31 is_stmt 0 view .LVU12
  68 001c 2B46     		mov	r3, r5
  69 001e 0AE0     		b	.L6
  70              	.LVL3:
  71              	.L12:
  67:src/controls.cpp ****     {
  68:src/controls.cpp ****         if(descending_)
  69:src/controls.cpp ****         {
  70:src/controls.cpp ****             if(centers_[i] <= centers_[i + 1])
  72              		.loc 1 70 13 view .LVU13
  73 0020 9E45     		cmp	lr, r3
  74 0022 10D2     		bcs	.L8
  75              	.L4:
  71:src/controls.cpp ****                 return false;
  72:src/controls.cpp ****         }
  73:src/controls.cpp ****         else if(centers_[i] >= centers_[i + 1])
  74:src/controls.cpp ****         {
  75:src/controls.cpp ****             return false;
  76:src/controls.cpp ****         }
  77:src/controls.cpp ****         thresholds_[i] = (uint16_t)(((uint32_t)centers_[i] + (uint32_t)centers_[i + 1]) / 2u);
  76              		.loc 1 77 60 view .LVU14
  77 0024 7344     		add	r3, r3, lr
  66:src/controls.cpp ****     {
  78              		.loc 1 66 22 view .LVU15
  79 0026 9445     		cmp	ip, r2
  80              		.loc 1 77 89 view .LVU16
  81 0028 4FEA5303 		lsr	r3, r3, #1
  82              		.loc 1 77 24 view .LVU17
  83 002c 24F8023B 		strh	r3, [r4], #2	@ movhi
  66:src/controls.cpp ****     {
  84              		.loc 1 66 5 is_stmt 1 view .LVU18
  85              	.LVL4:
  66:src/controls.cpp ****     {
  86              		.loc 1 66 22 view .LVU19
  87 0030 0BDA     		bge	.L5
  70:src/controls.cpp ****                 return false;
  88              		.loc 1 70 26 is_stmt 0 view .LVU20
ARM GAS  C:\Users\aydan\AppData\Local\Temp\ccemGtGF.s 			page 4


  89 0032 31F8023F 		ldrh	r3, [r1, #2]!
  90              	.LVL5:
  91              	.L6:
  68:src/controls.cpp ****         {
  92              		.loc 1 68 9 is_stmt 1 view .LVU21
  70:src/controls.cpp ****                 return false;
  93              		.loc 1 70 13 view .LVU22
  73:src/controls.cpp ****         {
  94              		.loc 1 73 14 view .LVU23
  95              		.loc 1 77 9 view .LVU24
  68:src/controls.cpp ****         {
  96              		.loc 1 68 9 is_stmt 0 view .LVU25
  97 0036 AE42     		cmp	r6, r5
  66:src/controls.cpp ****     {
  98              		.loc 1 66 5 view .LVU26
  99 0038 0CF1010C 		add	ip, ip, #1
 100              	.LVL6:
  70:src/controls.cpp ****                 return false;
 101              		.loc 1 70 45 view .LVU27
 102 003c B1F802E0 		ldrh	lr, [r1, #2]
  68:src/controls.cpp ****         {
 103              		.loc 1 68 9 view .LVU28
 104 0040 EED3     		bcc	.L12
  73:src/controls.cpp ****         {
 105              		.loc 1 73 14 view .LVU29
 106 0042 9E45     		cmp	lr, r3
 107 0044 EED8     		bhi	.L4
 108              	.L8:
  71:src/controls.cpp ****         }
 109              		.loc 1 71 24 view .LVU30
 110 0046 0020     		movs	r0, #0
 111              	.LVL7:
  71:src/controls.cpp ****         }
 112              		.loc 1 71 24 view .LVU31
 113              	.LBE87:
  78:src/controls.cpp ****     }
  79:src/controls.cpp **** 
  80:src/controls.cpp ****     valid_ = true;
  81:src/controls.cpp ****     return true;
  82:src/controls.cpp **** }
 114              		.loc 1 82 1 view .LVU32
 115 0048 F0BD     		pop	{r4, r5, r6, r7, pc}
 116              	.LVL8:
 117              	.L5:
  80:src/controls.cpp ****     return true;
 118              		.loc 1 80 5 is_stmt 1 view .LVU33
  80:src/controls.cpp ****     return true;
 119              		.loc 1 80 12 is_stmt 0 view .LVU34
 120 004a 0123     		movs	r3, #1
  81:src/controls.cpp **** }
 121              		.loc 1 81 12 view .LVU35
 122 004c 1846     		mov	r0, r3
 123              	.LVL9:
  80:src/controls.cpp ****     return true;
 124              		.loc 1 80 12 view .LVU36
 125 004e 7B73     		strb	r3, [r7, #13]
  81:src/controls.cpp **** }
ARM GAS  C:\Users\aydan\AppData\Local\Temp\ccemGtGF.s 			page 5


 126              		.loc 1 81 5 is_stmt 1 view .LVU37
 127              		.loc 1 82 1 is_stmt 0 view .LVU38
 128 0050 F0BD     		pop	{r4, r5, r6, r7, pc}
 129              		.loc 1 82 1 view .LVU39
 130              		.cfi_endproc
 131              	.LFE2609:
 133 0052 00BF     		.section	.text._ZN3app12DebounceBoolC2Ev,"ax",%progbits
 134              		.align	1
 135              		.p2align 2,,3
 136              		.global	_ZN3app12DebounceBoolC2Ev
 137              		.syntax unified
 138              		.thumb
 139              		.thumb_func
 140              		.fpu fpv5-d16
 142              	_ZN3app12DebounceBoolC2Ev:
 143              	.LVL10:
 144              	.LFB2571:
  12:src/controls.cpp **** : stable_(true), last_sample_(true), last_change_ms_(0)
 145              		.loc 1 12 1 is_stmt 1 view -0
 146              		.cfi_startproc
 147              		@ args = 0, pretend = 0, frame = 0
 148              		@ frame_needed = 0, uses_anonymous_args = 0
 149              		@ link register save eliminated.
 150              	.LBB88:
  13:src/controls.cpp **** {
 151              		.loc 1 13 55 is_stmt 0 view .LVU41
 152 0000 40F20111 		movw	r1, #257
 153 0004 0022     		movs	r2, #0
 154 0006 0180     		strh	r1, [r0]	@ movhi
 155 0008 4260     		str	r2, [r0, #4]
 156              	.LBE88:
  15:src/controls.cpp **** 
 157              		.loc 1 15 1 view .LVU42
 158 000a 7047     		bx	lr
 159              		.cfi_endproc
 160              	.LFE2571:
 162              		.global	_ZN3app12DebounceBoolC1Ev
 163              		.thumb_set _ZN3app12DebounceBoolC1Ev,_ZN3app12DebounceBoolC2Ev
 164              		.section	.text._ZN3app12DebounceBool6UpdateEbmm,"ax",%progbits
 165              		.align	1
 166              		.p2align 2,,3
 167              		.global	_ZN3app12DebounceBool6UpdateEbmm
 168              		.syntax unified
 169              		.thumb
 170              		.thumb_func
 171              		.fpu fpv5-d16
 173              	_ZN3app12DebounceBool6UpdateEbmm:
 174              	.LVL11:
 175              	.LFB2573:
  19:src/controls.cpp ****     if(sample != last_sample_)
 176              		.loc 1 19 1 is_stmt 1 view -0
 177              		.cfi_startproc
 178              		@ args = 0, pretend = 0, frame = 0
 179              		@ frame_needed = 0, uses_anonymous_args = 0
 180              		@ link register save eliminated.
  20:src/controls.cpp ****     {
 181              		.loc 1 20 5 view .LVU44
ARM GAS  C:\Users\aydan\AppData\Local\Temp\ccemGtGF.s 			page 6


  19:src/controls.cpp ****     if(sample != last_sample_)
 182              		.loc 1 19 1 is_stmt 0 view .LVU45
 183 0000 8446     		mov	ip, r0
  20:src/controls.cpp ****     {
 184              		.loc 1 20 5 view .LVU46
 185 0002 4078     		ldrb	r0, [r0, #1]	@ zero_extendqisi2
 186              	.LVL12:
  20:src/controls.cpp ****     {
 187              		.loc 1 20 5 view .LVU47
 188 0004 8842     		cmp	r0, r1
 189 0006 03D0     		beq	.L15
  22:src/controls.cpp ****         last_change_ms_ = now_ms;
 190              		.loc 1 22 9 is_stmt 1 view .LVU48
  22:src/controls.cpp ****         last_change_ms_ = now_ms;
 191              		.loc 1 22 22 is_stmt 0 view .LVU49
 192 0008 8CF80110 		strb	r1, [ip, #1]
  23:src/controls.cpp ****     }
 193              		.loc 1 23 9 is_stmt 1 view .LVU50
  23:src/controls.cpp ****     }
 194              		.loc 1 23 25 is_stmt 0 view .LVU51
 195 000c CCF80420 		str	r2, [ip, #4]
 196              	.L15:
  26:src/controls.cpp ****     {
 197              		.loc 1 26 5 is_stmt 1 view .LVU52
 198 0010 9CF80000 		ldrb	r0, [ip]	@ zero_extendqisi2
 199 0014 8842     		cmp	r0, r1
 200 0016 04D0     		beq	.L18
  26:src/controls.cpp ****     {
 201              		.loc 1 26 47 is_stmt 0 discriminator 1 view .LVU53
 202 0018 DCF80400 		ldr	r0, [ip, #4]
 203 001c 121A     		subs	r2, r2, r0
 204              	.LVL13:
  26:src/controls.cpp ****     {
 205              		.loc 1 26 26 discriminator 1 view .LVU54
 206 001e 9A42     		cmp	r2, r3
 207 0020 01D2     		bcs	.L19
 208              	.L18:
  32:src/controls.cpp **** }
 209              		.loc 1 32 12 view .LVU55
 210 0022 0020     		movs	r0, #0
  33:src/controls.cpp **** 
 211              		.loc 1 33 1 view .LVU56
 212 0024 7047     		bx	lr
 213              	.L19:
  28:src/controls.cpp ****         return true;
 214              		.loc 1 28 9 is_stmt 1 view .LVU57
  29:src/controls.cpp ****     }
 215              		.loc 1 29 16 is_stmt 0 view .LVU58
 216 0026 0120     		movs	r0, #1
  28:src/controls.cpp ****         return true;
 217              		.loc 1 28 17 view .LVU59
 218 0028 8CF80010 		strb	r1, [ip]
  29:src/controls.cpp ****     }
 219              		.loc 1 29 9 is_stmt 1 view .LVU60
  29:src/controls.cpp ****     }
 220              		.loc 1 29 16 is_stmt 0 view .LVU61
 221 002c 7047     		bx	lr
ARM GAS  C:\Users\aydan\AppData\Local\Temp\ccemGtGF.s 			page 7


 222              		.cfi_endproc
 223              	.LFE2573:
 225 002e 00BF     		.section	.text._ZN3app18AnalogRotaryLadderC2Ev,"ax",%progbits
 226              		.align	1
 227              		.p2align 2,,3
 228              		.global	_ZN3app18AnalogRotaryLadderC2Ev
 229              		.syntax unified
 230              		.thumb
 231              		.thumb_func
 232              		.fpu fpv5-d16
 234              	_ZN3app18AnalogRotaryLadderC2Ev:
 235              	.LVL14:
 236              	.LFB2575:
  35:src/controls.cpp **** : centers_(0),
 237              		.loc 1 35 1 is_stmt 1 view -0
 238              		.cfi_startproc
 239              		@ args = 0, pretend = 0, frame = 0
 240              		@ frame_needed = 0, uses_anonymous_args = 0
 241              		@ link register save eliminated.
 242              	.LBB90:
  45:src/controls.cpp **** {
 243              		.loc 1 45 24 is_stmt 0 view .LVU63
 244 0000 0022     		movs	r2, #0
 245 0002 C0E90022 		strd	r2, r2, [r0]
 246 0006 C0E90222 		strd	r2, r2, [r0, #8]
 247 000a C0E90422 		strd	r2, r2, [r0, #16]
 248 000e C0E90622 		strd	r2, r2, [r0, #24]
 249 0012 0262     		str	r2, [r0, #32]
 250              	.LBE90:
  47:src/controls.cpp **** 
 251              		.loc 1 47 1 view .LVU64
 252 0014 7047     		bx	lr
 253              		.cfi_endproc
 254              	.LFE2575:
 256              		.global	_ZN3app18AnalogRotaryLadderC1Ev
 257              		.thumb_set _ZN3app18AnalogRotaryLadderC1Ev,_ZN3app18AnalogRotaryLadderC2Ev
 258 0016 00BF     		.section	.text._ZN3app18AnalogRotaryLadder4InitEPKtitt,"ax",%progbits
 259              		.align	1
 260              		.p2align 2,,3
 261              		.global	_ZN3app18AnalogRotaryLadder4InitEPKtitt
 262              		.syntax unified
 263              		.thumb
 264              		.thumb_func
 265              		.fpu fpv5-d16
 267              	_ZN3app18AnalogRotaryLadder4InitEPKtitt:
 268              	.LVL15:
 269              	.LFB2577:
  52:src/controls.cpp ****     centers_ = centers;
 270              		.loc 1 52 1 is_stmt 1 view -0
 271              		.cfi_startproc
 272              		@ args = 4, pretend = 0, frame = 0
 273              		@ frame_needed = 0, uses_anonymous_args = 0
  52:src/controls.cpp ****     centers_ = centers;
 274              		.loc 1 52 1 is_stmt 0 view .LVU66
 275 0000 10B5     		push	{r4, lr}
 276              		.cfi_def_cfa_offset 8
 277              		.cfi_offset 4, -8
ARM GAS  C:\Users\aydan\AppData\Local\Temp\ccemGtGF.s 			page 8


 278              		.cfi_offset 14, -4
  55:src/controls.cpp ****     max_center_error_ = max_center_error;
 279              		.loc 1 55 17 view .LVU67
 280 0002 0381     		strh	r3, [r0, #8]	@ movhi
  57:src/controls.cpp ****     stable_position_ = 0;
 281              		.loc 1 57 25 view .LVU68
 282 0004 0023     		movs	r3, #0
 283              	.LVL16:
  52:src/controls.cpp ****     centers_ = centers;
 284              		.loc 1 52 1 view .LVU69
 285 0006 BDF808E0 		ldrh	lr, [sp, #8]
  59:src/controls.cpp ****     valid_ = false;
 286              		.loc 1 59 25 view .LVU70
 287 000a 0362     		str	r3, [r0, #32]
  60:src/controls.cpp **** 
 288              		.loc 1 60 12 view .LVU71
 289 000c 4373     		strb	r3, [r0, #13]
  53:src/controls.cpp ****     count_ = count;
 290              		.loc 1 53 5 is_stmt 1 view .LVU72
  54:src/controls.cpp ****     hysteresis_ = hysteresis;
 291              		.loc 1 54 12 is_stmt 0 view .LVU73
 292 000e 4260     		str	r2, [r0, #4]
  53:src/controls.cpp ****     count_ = count;
 293              		.loc 1 53 14 view .LVU74
 294 0010 0160     		str	r1, [r0]
  54:src/controls.cpp ****     hysteresis_ = hysteresis;
 295              		.loc 1 54 5 is_stmt 1 view .LVU75
  55:src/controls.cpp ****     max_center_error_ = max_center_error;
 296              		.loc 1 55 5 view .LVU76
  56:src/controls.cpp ****     candidate_position_ = 0;
 297              		.loc 1 56 5 view .LVU77
  56:src/controls.cpp ****     candidate_position_ = 0;
 298              		.loc 1 56 23 is_stmt 0 view .LVU78
 299 0012 A0F80AE0 		strh	lr, [r0, #10]	@ movhi
  57:src/controls.cpp ****     stable_position_ = 0;
 300              		.loc 1 57 5 is_stmt 1 view .LVU79
  58:src/controls.cpp ****     candidate_since_ms_ = 0;
 301              		.loc 1 58 5 view .LVU80
  59:src/controls.cpp ****     valid_ = false;
 302              		.loc 1 59 5 view .LVU81
  60:src/controls.cpp **** 
 303              		.loc 1 60 5 view .LVU82
  62:src/controls.cpp ****         return false;
 304              		.loc 1 62 5 view .LVU83
  58:src/controls.cpp ****     candidate_since_ms_ = 0;
 305              		.loc 1 58 22 is_stmt 0 view .LVU84
 306 0016 C0E90633 		strd	r3, r3, [r0, #24]
  62:src/controls.cpp ****         return false;
 307              		.loc 1 62 18 view .LVU85
 308 001a 931E     		subs	r3, r2, #2
  62:src/controls.cpp ****         return false;
 309              		.loc 1 62 32 view .LVU86
 310 001c 042B     		cmp	r3, #4
 311 001e 04D8     		bhi	.L22
 312 0020 19B1     		cbz	r1, .L22
 313              		.loc 1 82 1 view .LVU87
 314 0022 BDE81040 		pop	{r4, lr}
ARM GAS  C:\Users\aydan\AppData\Local\Temp\ccemGtGF.s 			page 9


 315              		.cfi_remember_state
 316              		.cfi_restore 14
 317              		.cfi_restore 4
 318              		.cfi_def_cfa_offset 0
 319              	.LVL17:
 320              		.loc 1 82 1 view .LVU88
 321 0026 FFF7FEBF 		b	_ZN3app18AnalogRotaryLadder4InitEPKtitt.part.0
 322              	.LVL18:
 323              	.L22:
 324              		.cfi_restore_state
 325              		.loc 1 82 1 view .LVU89
 326 002a 0020     		movs	r0, #0
 327              	.LVL19:
 328              		.loc 1 82 1 view .LVU90
 329 002c 10BD     		pop	{r4, pc}
 330              		.loc 1 82 1 view .LVU91
 331              		.cfi_endproc
 332              	.LFE2577:
 334 002e 00BF     		.section	.text._ZNK3app18AnalogRotaryLadder6DecodeEt,"ax",%progbits
 335              		.align	1
 336              		.p2align 2,,3
 337              		.global	_ZNK3app18AnalogRotaryLadder6DecodeEt
 338              		.syntax unified
 339              		.thumb
 340              		.thumb_func
 341              		.fpu fpv5-d16
 343              	_ZNK3app18AnalogRotaryLadder6DecodeEt:
 344              	.LVL20:
 345              	.LFB2578:
  83:src/controls.cpp **** 
  84:src/controls.cpp **** // Decode by nearest calibrated center, then reject readings that fall too far
  85:src/controls.cpp **** // away from every detent.
  86:src/controls.cpp **** int AnalogRotaryLadder::Decode(uint16_t value_u16) const
  87:src/controls.cpp **** {
 346              		.loc 1 87 1 is_stmt 1 view -0
 347              		.cfi_startproc
 348              		@ args = 0, pretend = 0, frame = 0
 349              		@ frame_needed = 0, uses_anonymous_args = 0
  88:src/controls.cpp ****     if(!valid_)
 350              		.loc 1 88 5 view .LVU93
  87:src/controls.cpp ****     if(!valid_)
 351              		.loc 1 87 1 is_stmt 0 view .LVU94
 352 0000 70B5     		push	{r4, r5, r6, lr}
 353              		.cfi_def_cfa_offset 16
 354              		.cfi_offset 4, -16
 355              		.cfi_offset 5, -12
 356              		.cfi_offset 6, -8
 357              		.cfi_offset 14, -4
  87:src/controls.cpp ****     if(!valid_)
 358              		.loc 1 87 1 view .LVU95
 359 0002 0546     		mov	r5, r0
 360              		.loc 1 88 5 view .LVU96
 361 0004 407B     		ldrb	r0, [r0, #13]	@ zero_extendqisi2
 362              	.LVL21:
 363              		.loc 1 88 5 view .LVU97
 364 0006 08B3     		cbz	r0, .L24
 365              	.LVL22:
ARM GAS  C:\Users\aydan\AppData\Local\Temp\ccemGtGF.s 			page 10


 366              	.LBB96:
 367              	.LBB97:
 368              	.LBB98:
  89:src/controls.cpp ****         return 0;
  90:src/controls.cpp **** 
  91:src/controls.cpp ****     int best_pos = 0;
  92:src/controls.cpp ****     uint16_t best_error = 0xffffu;
  93:src/controls.cpp ****     for(int i = 0; i < count_; ++i)
 369              		.loc 1 93 22 is_stmt 1 view .LVU98
 370              		.loc 1 93 24 is_stmt 0 view .LVU99
 371 0008 6E68     		ldr	r6, [r5, #4]
 372              		.loc 1 93 22 view .LVU100
 373 000a 002E     		cmp	r6, #0
 374 000c 1FDD     		ble	.L33
 375 000e 2B68     		ldr	r3, [r5]
 376              	.LBB99:
  94:src/controls.cpp ****     {
  95:src/controls.cpp ****         const uint16_t center = centers_[i];
 377              		.loc 1 95 33 view .LVU101
 378 0010 4FF0010C 		mov	ip, #1
 379              	.LBE99:
 380              	.LBE98:
  91:src/controls.cpp ****     uint16_t best_error = 0xffffu;
 381              		.loc 1 91 9 view .LVU102
 382 0014 0020     		movs	r0, #0
  92:src/controls.cpp ****     for(int i = 0; i < count_; ++i)
 383              		.loc 1 92 14 view .LVU103
 384 0016 4FF6FF74 		movw	r4, #65535
 385 001a A3F1020E 		sub	lr, r3, #2
 386              	.LVL23:
 387              	.L31:
 388              	.LBB101:
 389              	.LBB100:
 390              		.loc 1 95 9 is_stmt 1 view .LVU104
 391              		.loc 1 95 24 is_stmt 0 view .LVU105
 392 001e 3EF8023F 		ldrh	r3, [lr, #2]!
 393              	.LVL24:
  96:src/controls.cpp ****         const uint16_t error = value_u16 > center ? (uint16_t)(value_u16 - center) : (uint16_t)(cen
 394              		.loc 1 96 9 is_stmt 1 view .LVU106
 395              		.loc 1 96 51 is_stmt 0 view .LVU107
 396 0022 9942     		cmp	r1, r3
 397 0024 A3EB0102 		sub	r2, r3, r1
 398 0028 A1EB0303 		sub	r3, r1, r3
 399              	.LVL25:
 400              		.loc 1 96 51 view .LVU108
 401 002c 92B2     		uxth	r2, r2
 402 002e 88BF     		it	hi
 403 0030 9AB2     		uxthhi	r2, r3
 404              	.LVL26:
  97:src/controls.cpp ****         if(error < best_error)
 405              		.loc 1 97 9 is_stmt 1 view .LVU109
  98:src/controls.cpp ****         {
  99:src/controls.cpp ****             best_error = error;
 406              		.loc 1 99 13 view .LVU110
 100:src/controls.cpp ****             best_pos = i + 1;
 407              		.loc 1 100 13 view .LVU111
 408 0032 6346     		mov	r3, ip
ARM GAS  C:\Users\aydan\AppData\Local\Temp\ccemGtGF.s 			page 11


  97:src/controls.cpp ****         if(error < best_error)
 409              		.loc 1 97 9 is_stmt 0 view .LVU112
 410 0034 A242     		cmp	r2, r4
 411 0036 01D2     		bcs	.L30
 412              		.loc 1 100 22 view .LVU113
 413 0038 6046     		mov	r0, ip
 414              	.LVL27:
 415              		.loc 1 100 22 view .LVU114
 416 003a 1446     		mov	r4, r2
 417              	.LVL28:
 418              	.L30:
 419              		.loc 1 100 22 view .LVU115
 420              	.LBE100:
  93:src/controls.cpp ****     {
 421              		.loc 1 93 5 is_stmt 1 view .LVU116
  93:src/controls.cpp ****     {
 422              		.loc 1 93 22 view .LVU117
 423 003c B342     		cmp	r3, r6
 424 003e 0CF1010C 		add	ip, ip, #1
 425 0042 ECDB     		blt	.L31
 426              	.LVL29:
 427              	.L26:
  93:src/controls.cpp ****     {
 428              		.loc 1 93 22 is_stmt 0 view .LVU118
 429              	.LBE101:
 101:src/controls.cpp ****         }
 102:src/controls.cpp ****     }
 103:src/controls.cpp **** 
 104:src/controls.cpp ****     return best_error <= max_center_error_ ? best_pos : 0;
 430              		.loc 1 104 5 is_stmt 1 view .LVU119
 431              		.loc 1 104 44 is_stmt 0 view .LVU120
 432 0044 6B89     		ldrh	r3, [r5, #10]
 433 0046 A342     		cmp	r3, r4
 434 0048 38BF     		it	cc
 435 004a 0020     		movcc	r0, #0
 436              	.L24:
 437              		.loc 1 104 44 view .LVU121
 438              	.LBE97:
 439              	.LBE96:
 105:src/controls.cpp **** }
 440              		.loc 1 105 1 view .LVU122
 441 004c 70BD     		pop	{r4, r5, r6, pc}
 442              	.LVL30:
 443              	.L33:
 444              	.LBB103:
 445              	.LBB102:
  91:src/controls.cpp ****     uint16_t best_error = 0xffffu;
 446              		.loc 1 91 9 view .LVU123
 447 004e 0020     		movs	r0, #0
  92:src/controls.cpp ****     for(int i = 0; i < count_; ++i)
 448              		.loc 1 92 14 view .LVU124
 449 0050 4FF6FF74 		movw	r4, #65535
 450 0054 F6E7     		b	.L26
 451              	.LBE102:
 452              	.LBE103:
 453              		.cfi_endproc
 454              	.LFE2578:
ARM GAS  C:\Users\aydan\AppData\Local\Temp\ccemGtGF.s 			page 12


 456 0056 00BF     		.section	.text._ZNK3app18AnalogRotaryLadder20DecodeWithHysteresisEt,"ax",%progbits
 457              		.align	1
 458              		.p2align 2,,3
 459              		.global	_ZNK3app18AnalogRotaryLadder20DecodeWithHysteresisEt
 460              		.syntax unified
 461              		.thumb
 462              		.thumb_func
 463              		.fpu fpv5-d16
 465              	_ZNK3app18AnalogRotaryLadder20DecodeWithHysteresisEt:
 466              	.LVL31:
 467              	.LFB2579:
 106:src/controls.cpp **** 
 107:src/controls.cpp **** int AnalogRotaryLadder::DecodeWithHysteresis(uint16_t value_u16) const
 108:src/controls.cpp **** {
 468              		.loc 1 108 1 is_stmt 1 view -0
 469              		.cfi_startproc
 470              		@ args = 0, pretend = 0, frame = 0
 471              		@ frame_needed = 0, uses_anonymous_args = 0
 109:src/controls.cpp ****     if(!valid_ || stable_position_ <= 0 || stable_position_ > count_)
 472              		.loc 1 109 5 view .LVU126
 108:src/controls.cpp ****     if(!valid_ || stable_position_ <= 0 || stable_position_ > count_)
 473              		.loc 1 108 1 is_stmt 0 view .LVU127
 474 0000 70B5     		push	{r4, r5, r6, lr}
 475              		.cfi_def_cfa_offset 16
 476              		.cfi_offset 4, -16
 477              		.cfi_offset 5, -12
 478              		.cfi_offset 6, -8
 479              		.cfi_offset 14, -4
 108:src/controls.cpp ****     if(!valid_ || stable_position_ <= 0 || stable_position_ > count_)
 480              		.loc 1 108 1 view .LVU128
 481 0002 0646     		mov	r6, r0
 482              		.loc 1 109 5 view .LVU129
 483 0004 407B     		ldrb	r0, [r0, #13]	@ zero_extendqisi2
 484              	.LVL32:
 485              		.loc 1 109 5 view .LVU130
 486 0006 30B3     		cbz	r0, .L37
 487              		.loc 1 109 19 discriminator 1 view .LVU131
 488 0008 F069     		ldr	r0, [r6, #28]
 489              		.loc 1 109 63 discriminator 1 view .LVU132
 490 000a 7568     		ldr	r5, [r6, #4]
 491              		.loc 1 109 16 discriminator 1 view .LVU133
 492 000c 0028     		cmp	r0, #0
 493 000e 01DD     		ble	.L40
 494              		.loc 1 109 41 discriminator 2 view .LVU134
 495 0010 A842     		cmp	r0, r5
 496 0012 21DD     		ble	.L41
 497              	.L40:
 498              	.LVL33:
 499              	.LBB116:
 500              	.LBB117:
 501              	.LBB118:
 502              	.LBB119:
 503              	.LBB120:
  93:src/controls.cpp ****     {
 504              		.loc 1 93 22 is_stmt 1 view .LVU135
 505 0014 002D     		cmp	r5, #0
 506 0016 4DDD     		ble	.L56
ARM GAS  C:\Users\aydan\AppData\Local\Temp\ccemGtGF.s 			page 13


 507 0018 3368     		ldr	r3, [r6]
 508              	.LBB121:
  95:src/controls.cpp ****         const uint16_t error = value_u16 > center ? (uint16_t)(value_u16 - center) : (uint16_t)(cen
 509              		.loc 1 95 33 is_stmt 0 view .LVU136
 510 001a 4FF0010C 		mov	ip, #1
 511 001e 0020     		movs	r0, #0
 512 0020 4FF6FF74 		movw	r4, #65535
 513 0024 A3F1020E 		sub	lr, r3, #2
 514              	.LVL34:
 515              	.L47:
  95:src/controls.cpp ****         const uint16_t error = value_u16 > center ? (uint16_t)(value_u16 - center) : (uint16_t)(cen
 516              		.loc 1 95 9 is_stmt 1 view .LVU137
  95:src/controls.cpp ****         const uint16_t error = value_u16 > center ? (uint16_t)(value_u16 - center) : (uint16_t)(cen
 517              		.loc 1 95 24 is_stmt 0 view .LVU138
 518 0028 3EF8023F 		ldrh	r3, [lr, #2]!
 519              	.LVL35:
  96:src/controls.cpp ****         if(error < best_error)
 520              		.loc 1 96 9 is_stmt 1 view .LVU139
  96:src/controls.cpp ****         if(error < best_error)
 521              		.loc 1 96 51 is_stmt 0 view .LVU140
 522 002c 9942     		cmp	r1, r3
 523 002e A3EB0102 		sub	r2, r3, r1
 524 0032 A1EB0303 		sub	r3, r1, r3
 525              	.LVL36:
  96:src/controls.cpp ****         if(error < best_error)
 526              		.loc 1 96 51 view .LVU141
 527 0036 92B2     		uxth	r2, r2
 528 0038 88BF     		it	hi
 529 003a 9AB2     		uxthhi	r2, r3
 530              	.LVL37:
  97:src/controls.cpp ****         {
 531              		.loc 1 97 9 is_stmt 1 view .LVU142
  99:src/controls.cpp ****             best_pos = i + 1;
 532              		.loc 1 99 13 view .LVU143
 100:src/controls.cpp ****         }
 533              		.loc 1 100 13 view .LVU144
 534 003c 6346     		mov	r3, ip
  97:src/controls.cpp ****         {
 535              		.loc 1 97 9 is_stmt 0 view .LVU145
 536 003e A242     		cmp	r2, r4
 537 0040 01D2     		bcs	.L46
 100:src/controls.cpp ****         }
 538              		.loc 1 100 22 view .LVU146
 539 0042 6046     		mov	r0, ip
 540              	.LVL38:
 100:src/controls.cpp ****         }
 541              		.loc 1 100 22 view .LVU147
 542 0044 1446     		mov	r4, r2
 543              	.LVL39:
 544              	.L46:
 100:src/controls.cpp ****         }
 545              		.loc 1 100 22 view .LVU148
 546              	.LBE121:
  93:src/controls.cpp ****     {
 547              		.loc 1 93 5 is_stmt 1 view .LVU149
  93:src/controls.cpp ****     {
 548              		.loc 1 93 22 view .LVU150
ARM GAS  C:\Users\aydan\AppData\Local\Temp\ccemGtGF.s 			page 14


 549 0046 AB42     		cmp	r3, r5
 550 0048 0CF1010C 		add	ip, ip, #1
 551 004c ECDB     		blt	.L47
 552              	.LVL40:
 553              	.L42:
  93:src/controls.cpp ****     {
 554              		.loc 1 93 22 is_stmt 0 view .LVU151
 555              	.LBE120:
 104:src/controls.cpp **** }
 556              		.loc 1 104 5 is_stmt 1 view .LVU152
 104:src/controls.cpp **** }
 557              		.loc 1 104 44 is_stmt 0 view .LVU153
 558 004e 7389     		ldrh	r3, [r6, #10]
 559 0050 A342     		cmp	r3, r4
 560 0052 38BF     		it	cc
 561 0054 0020     		movcc	r0, #0
 562              	.L37:
 104:src/controls.cpp **** }
 563              		.loc 1 104 44 view .LVU154
 564              	.LBE119:
 565              	.LBE118:
 566              	.LBE117:
 567              	.LBE116:
 110:src/controls.cpp ****         return Decode(value_u16);
 111:src/controls.cpp **** 
 112:src/controls.cpp ****     const uint16_t center = centers_[stable_position_ - 1];
 113:src/controls.cpp ****     const uint16_t error = value_u16 > center ? (uint16_t)(value_u16 - center) : (uint16_t)(center 
 114:src/controls.cpp ****     if(error <= (uint16_t)(max_center_error_ + hysteresis_))
 115:src/controls.cpp ****         return stable_position_;
 116:src/controls.cpp **** 
 117:src/controls.cpp ****     return Decode(value_u16);
 118:src/controls.cpp **** }
 568              		.loc 1 118 1 view .LVU155
 569 0056 70BD     		pop	{r4, r5, r6, pc}
 570              	.LVL41:
 571              	.L41:
 112:src/controls.cpp ****     const uint16_t error = value_u16 > center ? (uint16_t)(value_u16 - center) : (uint16_t)(center 
 572              		.loc 1 112 5 is_stmt 1 view .LVU156
 112:src/controls.cpp ****     const uint16_t error = value_u16 > center ? (uint16_t)(value_u16 - center) : (uint16_t)(center 
 573              		.loc 1 112 58 is_stmt 0 view .LVU157
 574 0058 6FF00042 		mvn	r2, #-2147483648
 112:src/controls.cpp ****     const uint16_t error = value_u16 > center ? (uint16_t)(value_u16 - center) : (uint16_t)(center 
 575              		.loc 1 112 29 view .LVU158
 576 005c 3368     		ldr	r3, [r6]
 114:src/controls.cpp ****         return stable_position_;
 577              		.loc 1 114 28 view .LVU159
 578 005e B6F80AE0 		ldrh	lr, [r6, #10]
 112:src/controls.cpp ****     const uint16_t error = value_u16 > center ? (uint16_t)(value_u16 - center) : (uint16_t)(center 
 579              		.loc 1 112 58 view .LVU160
 580 0062 0244     		add	r2, r2, r0
 114:src/controls.cpp ****         return stable_position_;
 581              		.loc 1 114 46 view .LVU161
 582 0064 3489     		ldrh	r4, [r6, #8]
 112:src/controls.cpp ****     const uint16_t error = value_u16 > center ? (uint16_t)(value_u16 - center) : (uint16_t)(center 
 583              		.loc 1 112 20 view .LVU162
 584 0066 33F81220 		ldrh	r2, [r3, r2, lsl #1]
 585              	.LVL42:
ARM GAS  C:\Users\aydan\AppData\Local\Temp\ccemGtGF.s 			page 15


 113:src/controls.cpp ****     if(error <= (uint16_t)(max_center_error_ + hysteresis_))
 586              		.loc 1 113 5 is_stmt 1 view .LVU163
 114:src/controls.cpp ****         return stable_position_;
 587              		.loc 1 114 46 is_stmt 0 view .LVU164
 588 006a 7444     		add	r4, r4, lr
 113:src/controls.cpp ****     if(error <= (uint16_t)(max_center_error_ + hysteresis_))
 589              		.loc 1 113 47 view .LVU165
 590 006c 8A42     		cmp	r2, r1
 114:src/controls.cpp ****         return stable_position_;
 591              		.loc 1 114 5 view .LVU166
 592 006e A4B2     		uxth	r4, r4
 113:src/controls.cpp ****     if(error <= (uint16_t)(max_center_error_ + hysteresis_))
 593              		.loc 1 113 47 view .LVU167
 594 0070 34BF     		ite	cc
 595 0072 8A1A     		subcc	r2, r1, r2
 596              	.LVL43:
 113:src/controls.cpp ****     if(error <= (uint16_t)(max_center_error_ + hysteresis_))
 597              		.loc 1 113 47 view .LVU168
 598 0074 521A     		subcs	r2, r2, r1
 599 0076 92B2     		uxth	r2, r2
 600              	.LVL44:
 114:src/controls.cpp ****         return stable_position_;
 601              		.loc 1 114 5 is_stmt 1 view .LVU169
 602 0078 9442     		cmp	r4, r2
 603 007a ECD2     		bcs	.L37
 604 007c 9E1E     		subs	r6, r3, #2
 605              	.LVL45:
 114:src/controls.cpp ****         return stable_position_;
 606              		.loc 1 114 5 is_stmt 0 view .LVU170
 607 007e 0124     		movs	r4, #1
 608              	.LBB129:
 609              	.LBB130:
 610              	.LBB131:
 611              	.LBB132:
  91:src/controls.cpp ****     uint16_t best_error = 0xffffu;
 612              		.loc 1 91 9 view .LVU171
 613 0080 0020     		movs	r0, #0
 614              	.LVL46:
  92:src/controls.cpp ****     for(int i = 0; i < count_; ++i)
 615              		.loc 1 92 14 view .LVU172
 616 0082 4FF6FF7C 		movw	ip, #65535
 617              	.LVL47:
 618              	.L54:
 619              	.LBB133:
 620              	.LBB134:
  95:src/controls.cpp ****         const uint16_t error = value_u16 > center ? (uint16_t)(value_u16 - center) : (uint16_t)(cen
 621              		.loc 1 95 9 is_stmt 1 view .LVU173
  95:src/controls.cpp ****         const uint16_t error = value_u16 > center ? (uint16_t)(value_u16 - center) : (uint16_t)(cen
 622              		.loc 1 95 24 is_stmt 0 view .LVU174
 623 0086 36F8023F 		ldrh	r3, [r6, #2]!
 624              	.LVL48:
  96:src/controls.cpp ****         if(error < best_error)
 625              		.loc 1 96 9 is_stmt 1 view .LVU175
  96:src/controls.cpp ****         if(error < best_error)
 626              		.loc 1 96 51 is_stmt 0 view .LVU176
 627 008a 9942     		cmp	r1, r3
 628 008c A3EB0102 		sub	r2, r3, r1
ARM GAS  C:\Users\aydan\AppData\Local\Temp\ccemGtGF.s 			page 16


 629 0090 A1EB0303 		sub	r3, r1, r3
 630              	.LVL49:
  96:src/controls.cpp ****         if(error < best_error)
 631              		.loc 1 96 51 view .LVU177
 632 0094 92B2     		uxth	r2, r2
 633 0096 88BF     		it	hi
 634 0098 9AB2     		uxthhi	r2, r3
 635              	.LVL50:
  97:src/controls.cpp ****         {
 636              		.loc 1 97 9 is_stmt 1 view .LVU178
  99:src/controls.cpp ****             best_pos = i + 1;
 637              		.loc 1 99 13 view .LVU179
 100:src/controls.cpp ****         }
 638              		.loc 1 100 13 view .LVU180
 639 009a 2346     		mov	r3, r4
  97:src/controls.cpp ****         {
 640              		.loc 1 97 9 is_stmt 0 view .LVU181
 641 009c 6245     		cmp	r2, ip
 642 009e 01D2     		bcs	.L53
 100:src/controls.cpp ****         }
 643              		.loc 1 100 22 view .LVU182
 644 00a0 2046     		mov	r0, r4
 645              	.LVL51:
 100:src/controls.cpp ****         }
 646              		.loc 1 100 22 view .LVU183
 647 00a2 9446     		mov	ip, r2
 648              	.LVL52:
 649              	.L53:
 100:src/controls.cpp ****         }
 650              		.loc 1 100 22 view .LVU184
 651              	.LBE134:
  93:src/controls.cpp ****     {
 652              		.loc 1 93 5 is_stmt 1 view .LVU185
  93:src/controls.cpp ****     {
 653              		.loc 1 93 22 view .LVU186
 654 00a4 9D42     		cmp	r5, r3
 655 00a6 04F10104 		add	r4, r4, #1
 656 00aa ECDC     		bgt	.L54
 657              	.LBE133:
 104:src/controls.cpp **** }
 658              		.loc 1 104 5 view .LVU187
 659              	.LBE132:
 660              	.LBE131:
 661              	.LBE130:
 662              	.LBE129:
 663              	.LBB135:
 664              	.LBB127:
 665              	.LBB125:
 666              	.LBB123:
 104:src/controls.cpp **** }
 667              		.loc 1 104 44 is_stmt 0 view .LVU188
 668 00ac E645     		cmp	lr, ip
 669 00ae 38BF     		it	cc
 670 00b0 0020     		movcc	r0, #0
 671              	.LBE123:
 672              	.LBE125:
 673              	.LBE127:
ARM GAS  C:\Users\aydan\AppData\Local\Temp\ccemGtGF.s 			page 17


 674              	.LBE135:
 675              		.loc 1 118 1 view .LVU189
 676 00b2 70BD     		pop	{r4, r5, r6, pc}
 677              	.LVL53:
 678              	.L56:
 679              	.LBB136:
 680              	.LBB128:
 681              	.LBB126:
 682              	.LBB124:
 683              	.LBB122:
  93:src/controls.cpp ****     {
 684              		.loc 1 93 22 view .LVU190
 685 00b4 0020     		movs	r0, #0
 686 00b6 4FF6FF74 		movw	r4, #65535
 687 00ba C8E7     		b	.L42
 688              	.LBE122:
 689              	.LBE124:
 690              	.LBE126:
 691              	.LBE128:
 692              	.LBE136:
 693              		.cfi_endproc
 694              	.LFE2579:
 696              		.section	.text._ZN3app18AnalogRotaryLadder6UpdateEtm,"ax",%progbits
 697              		.align	1
 698              		.p2align 2,,3
 699              		.global	_ZN3app18AnalogRotaryLadder6UpdateEtm
 700              		.syntax unified
 701              		.thumb
 702              		.thumb_func
 703              		.fpu fpv5-d16
 705              	_ZN3app18AnalogRotaryLadder6UpdateEtm:
 706              	.LVL54:
 707              	.LFB2580:
 119:src/controls.cpp **** 
 120:src/controls.cpp **** // Keep the current position until the new value has stayed stable long enough.
 121:src/controls.cpp **** int AnalogRotaryLadder::Update(uint16_t value_u16, uint32_t now_ms)
 122:src/controls.cpp **** {
 708              		.loc 1 122 1 is_stmt 1 view -0
 709              		.cfi_startproc
 710              		@ args = 0, pretend = 0, frame = 0
 711              		@ frame_needed = 0, uses_anonymous_args = 0
 123:src/controls.cpp ****     const int decoded = DecodeWithHysteresis(value_u16);
 712              		.loc 1 123 5 view .LVU192
 122:src/controls.cpp ****     const int decoded = DecodeWithHysteresis(value_u16);
 713              		.loc 1 122 1 is_stmt 0 view .LVU193
 714 0000 38B5     		push	{r3, r4, r5, lr}
 715              		.cfi_def_cfa_offset 16
 716              		.cfi_offset 3, -16
 717              		.cfi_offset 4, -12
 718              		.cfi_offset 5, -8
 719              		.cfi_offset 14, -4
 122:src/controls.cpp ****     const int decoded = DecodeWithHysteresis(value_u16);
 720              		.loc 1 122 1 view .LVU194
 721 0002 0446     		mov	r4, r0
 722 0004 1546     		mov	r5, r2
 723              		.loc 1 123 45 view .LVU195
 724 0006 FFF7FEFF 		bl	_ZNK3app18AnalogRotaryLadder20DecodeWithHysteresisEt
ARM GAS  C:\Users\aydan\AppData\Local\Temp\ccemGtGF.s 			page 18


 725              	.LVL55:
 124:src/controls.cpp ****     if(decoded != candidate_position_)
 726              		.loc 1 124 5 view .LVU196
 727 000a A369     		ldr	r3, [r4, #24]
 728              	.LVL56:
 729              		.loc 1 124 5 is_stmt 1 view .LVU197
 730 000c 8342     		cmp	r3, r0
 731 000e 03D0     		beq	.L63
 125:src/controls.cpp ****     {
 126:src/controls.cpp ****         candidate_position_ = decoded;
 732              		.loc 1 126 9 view .LVU198
 733              		.loc 1 126 29 is_stmt 0 view .LVU199
 734 0010 A061     		str	r0, [r4, #24]
 127:src/controls.cpp ****         candidate_since_ms_ = now_ms;
 735              		.loc 1 127 9 is_stmt 1 view .LVU200
 128:src/controls.cpp ****     }
 129:src/controls.cpp **** 
 130:src/controls.cpp ****     if(decoded != stable_position_
 736              		.loc 1 130 19 is_stmt 0 view .LVU201
 737 0012 E069     		ldr	r0, [r4, #28]
 738              	.LVL57:
 127:src/controls.cpp ****         candidate_since_ms_ = now_ms;
 739              		.loc 1 127 29 view .LVU202
 740 0014 2562     		str	r5, [r4, #32]
 741              		.loc 1 130 5 is_stmt 1 view .LVU203
 742              	.LVL58:
 743              	.L62:
 131:src/controls.cpp ****        && (uint32_t)(now_ms - candidate_since_ms_) >= config::kRotaryDebounceMs)
 132:src/controls.cpp ****     {
 133:src/controls.cpp ****         stable_position_ = decoded;
 134:src/controls.cpp ****     }
 135:src/controls.cpp **** 
 136:src/controls.cpp ****     return stable_position_;
 137:src/controls.cpp **** }
 744              		.loc 1 137 1 is_stmt 0 view .LVU204
 745 0016 38BD     		pop	{r3, r4, r5, pc}
 746              	.LVL59:
 747              	.L63:
 130:src/controls.cpp ****        && (uint32_t)(now_ms - candidate_since_ms_) >= config::kRotaryDebounceMs)
 748              		.loc 1 130 5 is_stmt 1 view .LVU205
 130:src/controls.cpp ****        && (uint32_t)(now_ms - candidate_since_ms_) >= config::kRotaryDebounceMs)
 749              		.loc 1 130 19 is_stmt 0 view .LVU206
 750 0018 E369     		ldr	r3, [r4, #28]
 130:src/controls.cpp ****        && (uint32_t)(now_ms - candidate_since_ms_) >= config::kRotaryDebounceMs)
 751              		.loc 1 130 5 view .LVU207
 752 001a 8342     		cmp	r3, r0
 753 001c FBD0     		beq	.L62
 131:src/controls.cpp ****        && (uint32_t)(now_ms - candidate_since_ms_) >= config::kRotaryDebounceMs)
 754              		.loc 1 131 29 view .LVU208
 755 001e 226A     		ldr	r2, [r4, #32]
 756 0020 AA1A     		subs	r2, r5, r2
 131:src/controls.cpp ****        && (uint32_t)(now_ms - candidate_since_ms_) >= config::kRotaryDebounceMs)
 757              		.loc 1 131 8 view .LVU209
 758 0022 132A     		cmp	r2, #19
 133:src/controls.cpp ****     }
 759              		.loc 1 133 9 is_stmt 1 view .LVU210
 760 0024 94BF     		ite	ls
ARM GAS  C:\Users\aydan\AppData\Local\Temp\ccemGtGF.s 			page 19


 761 0026 1846     		movls	r0, r3
 762              	.LVL60:
 136:src/controls.cpp **** }
 763              		.loc 1 136 5 view .LVU211
 133:src/controls.cpp ****     }
 764              		.loc 1 133 26 is_stmt 0 view .LVU212
 765 0028 E061     		strhi	r0, [r4, #28]
 766              		.loc 1 137 1 view .LVU213
 767 002a 38BD     		pop	{r3, r4, r5, pc}
 768              		.loc 1 137 1 view .LVU214
 769              		.cfi_endproc
 770              	.LFE2580:
 772              		.section	.text._ZN3app8ControlsC2Ev,"ax",%progbits
 773              		.align	1
 774              		.p2align 2,,3
 775              		.global	_ZN3app8ControlsC2Ev
 776              		.syntax unified
 777              		.thumb
 778              		.thumb_func
 779              		.fpu fpv5-d16
 781              	_ZN3app8ControlsC2Ev:
 782              	.LVL61:
 783              	.LFB2582:
 138:src/controls.cpp **** Controls::Controls()
 784              		.loc 1 138 1 is_stmt 1 view -0
 785              		.cfi_startproc
 786              		@ args = 0, pretend = 0, frame = 0
 787              		@ frame_needed = 0, uses_anonymous_args = 0
 788              		@ link register save eliminated.
 789              		.loc 1 138 1 is_stmt 0 view .LVU216
 790 0000 10B4     		push	{r4}
 791              		.cfi_def_cfa_offset 4
 792              		.cfi_offset 4, -4
 793              	.LBB152:
 139:src/controls.cpp **** : mailbox_(0),
 140:src/controls.cpp ****   foot_(),
 141:src/controls.cpp ****   foot_db_(),
 142:src/controls.cpp ****   rotary_(),
 143:src/controls.cpp ****   initialized_(false),
 144:src/controls.cpp ****   foot_down_(false),
 145:src/controls.cpp ****   press_count_(0),
 146:src/controls.cpp ****   requested_effect_(config::FX_TUNER),
 147:src/controls.cpp ****   requested_bypass_(false),
 148:src/controls.cpp ****   pot_filtered_{0.0f, 0.0f, 0.0f},
 149:src/controls.cpp ****   pot_fixed_{0, 0, 0},
 150:src/controls.cpp ****   published_pot_fixed_{0xffffu, 0xffffu, 0xffffu}
 794              		.loc 1 150 49 view .LVU217
 795 0002 174C     		ldr	r4, .L69
 796              	.LBE152:
 138:src/controls.cpp **** Controls::Controls()
 797              		.loc 1 138 1 view .LVU218
 798 0004 0346     		mov	r3, r0
 799              	.LVL62:
 800              	.LBB178:
 801              	.LBB153:
 802              	.LBI153:
 803              		.file 2 "../../libDaisy/src/per/gpio.h"
ARM GAS  C:\Users\aydan\AppData\Local\Temp\ccemGtGF.s 			page 20


   1:../../libDaisy/src/per/gpio.h **** #pragma once
   2:../../libDaisy/src/per/gpio.h **** #ifndef DSY_GPIO_H
   3:../../libDaisy/src/per/gpio.h **** #define DSY_GPIO_H
   4:../../libDaisy/src/per/gpio.h **** #include "daisy_core.h"
   5:../../libDaisy/src/per/gpio.h **** 
   6:../../libDaisy/src/per/gpio.h **** #ifdef __cplusplus
   7:../../libDaisy/src/per/gpio.h **** 
   8:../../libDaisy/src/per/gpio.h **** namespace daisy
   9:../../libDaisy/src/per/gpio.h **** {
  10:../../libDaisy/src/per/gpio.h **** /** @brief General Purpose I/O control 
  11:../../libDaisy/src/per/gpio.h ****  *  @details peripheral control over a single GPIO
  12:../../libDaisy/src/per/gpio.h ****  *  @ingroup peripheral
  13:../../libDaisy/src/per/gpio.h ****  *   
  14:../../libDaisy/src/per/gpio.h ****  *  Button Input (with internal Pullup resistor)
  15:../../libDaisy/src/per/gpio.h ****  *  @include GPIO_Input.cpp 
  16:../../libDaisy/src/per/gpio.h ****  * 
  17:../../libDaisy/src/per/gpio.h ****  *  Output Example (perfect for blinking an LED)
  18:../../libDaisy/src/per/gpio.h ****  *  @include GPIO_Output.cpp
  19:../../libDaisy/src/per/gpio.h ****  * 
  20:../../libDaisy/src/per/gpio.h **** */
  21:../../libDaisy/src/per/gpio.h **** class GPIO
  22:../../libDaisy/src/per/gpio.h **** {
  23:../../libDaisy/src/per/gpio.h ****   public:
  24:../../libDaisy/src/per/gpio.h ****     /** @brief Mode of operation for the specified GPIO */
  25:../../libDaisy/src/per/gpio.h ****     enum class Mode
  26:../../libDaisy/src/per/gpio.h ****     {
  27:../../libDaisy/src/per/gpio.h ****         INPUT,     /**< Input for reading state of pin */
  28:../../libDaisy/src/per/gpio.h ****         OUTPUT,    /**< Output w/ push-pull configuration */
  29:../../libDaisy/src/per/gpio.h ****         OUTPUT_OD, /**< Output w/ open-drain configuration */
  30:../../libDaisy/src/per/gpio.h ****         ANALOG,    /**< Analog for connection to ADC or DAC peripheral */
  31:../../libDaisy/src/per/gpio.h ****     };
  32:../../libDaisy/src/per/gpio.h **** 
  33:../../libDaisy/src/per/gpio.h ****     /** @brief Configures whether an internal Pull up or Pull down resistor is used. 
  34:../../libDaisy/src/per/gpio.h ****      *  
  35:../../libDaisy/src/per/gpio.h ****      * Internal Pull up/down resistors are typically 40k ohms, and will be between
  36:../../libDaisy/src/per/gpio.h ****      * 30k and 50k
  37:../../libDaisy/src/per/gpio.h ****      * 
  38:../../libDaisy/src/per/gpio.h ****      * When the Pin is configured in Analog mode, the pull up/down resistors are
  39:../../libDaisy/src/per/gpio.h ****      * disabled by hardware. 
  40:../../libDaisy/src/per/gpio.h ****      */
  41:../../libDaisy/src/per/gpio.h ****     enum class Pull
  42:../../libDaisy/src/per/gpio.h ****     {
  43:../../libDaisy/src/per/gpio.h ****         NOPULL,   /**< No pull up resistor */
  44:../../libDaisy/src/per/gpio.h ****         PULLUP,   /**< Internal pull up enabled */
  45:../../libDaisy/src/per/gpio.h ****         PULLDOWN, /**< Internal pull down enabled*/
  46:../../libDaisy/src/per/gpio.h ****     };
  47:../../libDaisy/src/per/gpio.h **** 
  48:../../libDaisy/src/per/gpio.h ****     /** @brief Output speed controls the drive strength, and slew rate of the pin */
  49:../../libDaisy/src/per/gpio.h ****     enum class Speed
  50:../../libDaisy/src/per/gpio.h ****     {
  51:../../libDaisy/src/per/gpio.h ****         LOW,
  52:../../libDaisy/src/per/gpio.h ****         MEDIUM,
  53:../../libDaisy/src/per/gpio.h ****         HIGH,
  54:../../libDaisy/src/per/gpio.h ****         VERY_HIGH,
  55:../../libDaisy/src/per/gpio.h ****     };
  56:../../libDaisy/src/per/gpio.h **** 
  57:../../libDaisy/src/per/gpio.h ****     /** @brief Configuration for a given GPIO */
ARM GAS  C:\Users\aydan\AppData\Local\Temp\ccemGtGF.s 			page 21


  58:../../libDaisy/src/per/gpio.h ****     struct Config
  59:../../libDaisy/src/per/gpio.h ****     {
  60:../../libDaisy/src/per/gpio.h ****         Pin   pin;
  61:../../libDaisy/src/per/gpio.h ****         Mode  mode;
  62:../../libDaisy/src/per/gpio.h ****         Pull  pull;
  63:../../libDaisy/src/per/gpio.h ****         Speed speed;
  64:../../libDaisy/src/per/gpio.h **** 
  65:../../libDaisy/src/per/gpio.h ****         /** Constructor with no arguments will prepare an invalid GPIO set as
  66:../../libDaisy/src/per/gpio.h ****          *  an input, with no pullup. 
  67:../../libDaisy/src/per/gpio.h ****          */
  68:../../libDaisy/src/per/gpio.h ****         Config()
  69:../../libDaisy/src/per/gpio.h ****         : pin(), mode(Mode::INPUT), pull(Pull::NOPULL), speed(Speed::LOW)
  70:../../libDaisy/src/per/gpio.h ****         {
  71:../../libDaisy/src/per/gpio.h ****         }
  72:../../libDaisy/src/per/gpio.h ****     };
  73:../../libDaisy/src/per/gpio.h **** 
  74:../../libDaisy/src/per/gpio.h ****     GPIO() {}
 804              		.loc 2 74 5 is_stmt 1 view .LVU219
 805              	.LBB154:
 806              	.LBI154:
  68:../../libDaisy/src/per/gpio.h ****         : pin(), mode(Mode::INPUT), pull(Pull::NOPULL), speed(Speed::LOW)
 807              		.loc 2 68 9 view .LVU220
 808              	.LBB155:
 809              	.LBB156:
 810              	.LBI156:
 811              		.file 3 "../../libDaisy/src/daisy_core.h"
   1:../../libDaisy/src/daisy_core.h **** #pragma once
   2:../../libDaisy/src/daisy_core.h **** #ifndef DSY_CORE_HW_H
   3:../../libDaisy/src/daisy_core.h **** #define DSY_CORE_HW_H /**< & */
   4:../../libDaisy/src/daisy_core.h **** #include <stdint.h>
   5:../../libDaisy/src/daisy_core.h **** #include <stdlib.h>
   6:../../libDaisy/src/daisy_core.h **** 
   7:../../libDaisy/src/daisy_core.h **** #if defined(_MSC_VER)
   8:../../libDaisy/src/daisy_core.h **** #define FORCE_INLINE __forceinline /**< & */
   9:../../libDaisy/src/daisy_core.h **** #elif defined(__clang__)
  10:../../libDaisy/src/daisy_core.h **** #define FORCE_INLINE inline __attribute__((always_inline)) /**< & */
  11:../../libDaisy/src/daisy_core.h **** #pragma clang diagnostic ignored "-Wduplicate-decl-specifier"
  12:../../libDaisy/src/daisy_core.h **** #elif defined(__GNUC__)
  13:../../libDaisy/src/daisy_core.h **** #define FORCE_INLINE inline __attribute__((always_inline)) /**< & */
  14:../../libDaisy/src/daisy_core.h **** #else
  15:../../libDaisy/src/daisy_core.h **** #error unknown compiler
  16:../../libDaisy/src/daisy_core.h **** #endif
  17:../../libDaisy/src/daisy_core.h **** 
  18:../../libDaisy/src/daisy_core.h **** /** @addtogroup utility
  19:../../libDaisy/src/daisy_core.h ****     @{
  20:../../libDaisy/src/daisy_core.h **** */
  21:../../libDaisy/src/daisy_core.h **** 
  22:../../libDaisy/src/daisy_core.h **** /** Macro for area of memory that is configured as cacheless
  23:../../libDaisy/src/daisy_core.h **** This should be used primarily for DMA buffers, and the like.
  24:../../libDaisy/src/daisy_core.h **** */
  25:../../libDaisy/src/daisy_core.h **** #define DMA_BUFFER_MEM_SECTION __attribute__((section(".sram1_bss")))
  26:../../libDaisy/src/daisy_core.h **** /** 
  27:../../libDaisy/src/daisy_core.h **** THE DTCM RAM section is also non-cached. However, is not suitable 
  28:../../libDaisy/src/daisy_core.h **** for DMA transfers. Performance is on par with internal SRAM w/ 
  29:../../libDaisy/src/daisy_core.h **** cache enabled.
  30:../../libDaisy/src/daisy_core.h **** */
  31:../../libDaisy/src/daisy_core.h **** #define DTCM_MEM_SECTION __attribute__((section(".dtcmram_bss")))
ARM GAS  C:\Users\aydan\AppData\Local\Temp\ccemGtGF.s 			page 22


  32:../../libDaisy/src/daisy_core.h **** 
  33:../../libDaisy/src/daisy_core.h **** #define FBIPMAX 0.999985f             /**< close to 1.0f-LSB at 16 bit */
  34:../../libDaisy/src/daisy_core.h **** #define FBIPMIN (-FBIPMAX)            /**< - (1 - LSB) */
  35:../../libDaisy/src/daisy_core.h **** #define U82F_SCALE 0.0078740f         /**< 1 / 127 */
  36:../../libDaisy/src/daisy_core.h **** #define F2U8_SCALE 127.0f             /**< 128 - 1 */
  37:../../libDaisy/src/daisy_core.h **** #define S82F_SCALE 0.0078125f         /**< 1 / (2**7) */
  38:../../libDaisy/src/daisy_core.h **** #define F2S8_SCALE 127.0f             /**< (2 ** 7) - 1 */
  39:../../libDaisy/src/daisy_core.h **** #define S162F_SCALE 3.0517578125e-05f /**< 1 / (2** 15) */
  40:../../libDaisy/src/daisy_core.h **** #define F2S16_SCALE 32767.0f          /**< (2 ** 15) - 1 */
  41:../../libDaisy/src/daisy_core.h **** #define F2S24_SCALE 8388608.0f        /**< 2 ** 23 */
  42:../../libDaisy/src/daisy_core.h **** #define S242F_SCALE 1.192092896e-07f  /**< 1 / (2 ** 23) */
  43:../../libDaisy/src/daisy_core.h **** #define S24SIGN 0x800000              /**< 2 ** 23 */
  44:../../libDaisy/src/daisy_core.h **** #define S322F_SCALE 4.6566129e-10f    /**< 1 / (2** 31) */
  45:../../libDaisy/src/daisy_core.h **** #define F2S32_SCALE 2147483647.f      /**< (2 ** 31) - 1 */
  46:../../libDaisy/src/daisy_core.h **** 
  47:../../libDaisy/src/daisy_core.h **** 
  48:../../libDaisy/src/daisy_core.h **** /** shorthand macro for simplifying the reading of the left 
  49:../../libDaisy/src/daisy_core.h ****  *  channel of a non-interleaved output buffer named out */
  50:../../libDaisy/src/daisy_core.h **** #define OUT_L out[0]
  51:../../libDaisy/src/daisy_core.h **** 
  52:../../libDaisy/src/daisy_core.h **** /** shorthand macro for simplifying the reading of the right 
  53:../../libDaisy/src/daisy_core.h ****  *  channel of a non-interleaved output buffer named out */
  54:../../libDaisy/src/daisy_core.h **** #define OUT_R out[1]
  55:../../libDaisy/src/daisy_core.h **** 
  56:../../libDaisy/src/daisy_core.h **** /** shorthand macro for simplifying the reading of the left 
  57:../../libDaisy/src/daisy_core.h ****  *  channel of a non-interleaved input buffer named in */
  58:../../libDaisy/src/daisy_core.h **** #define IN_L in[0]
  59:../../libDaisy/src/daisy_core.h **** 
  60:../../libDaisy/src/daisy_core.h **** /** shorthand macro for simplifying the reading of the right 
  61:../../libDaisy/src/daisy_core.h ****  *  channel of a non-interleaved input buffer named in */
  62:../../libDaisy/src/daisy_core.h **** #define IN_R in[1]
  63:../../libDaisy/src/daisy_core.h **** 
  64:../../libDaisy/src/daisy_core.h **** /** 
  65:../../libDaisy/src/daisy_core.h ****     Computes cube.
  66:../../libDaisy/src/daisy_core.h ****     \param x Number to be cubed
  67:../../libDaisy/src/daisy_core.h ****     \return x ^ 3
  68:../../libDaisy/src/daisy_core.h **** */
  69:../../libDaisy/src/daisy_core.h **** FORCE_INLINE float cube(float x)
  70:../../libDaisy/src/daisy_core.h **** {
  71:../../libDaisy/src/daisy_core.h ****     return (x * x) * x;
  72:../../libDaisy/src/daisy_core.h **** }
  73:../../libDaisy/src/daisy_core.h **** 
  74:../../libDaisy/src/daisy_core.h **** /** 
  75:../../libDaisy/src/daisy_core.h ****     Converts unsigned 8-bit to float
  76:../../libDaisy/src/daisy_core.h ****     \param x Number to be scaled.
  77:../../libDaisy/src/daisy_core.h ****     \return Scaled number.
  78:../../libDaisy/src/daisy_core.h **** */
  79:../../libDaisy/src/daisy_core.h **** FORCE_INLINE float u82f(uint8_t x)
  80:../../libDaisy/src/daisy_core.h **** {
  81:../../libDaisy/src/daisy_core.h ****     return ((float)x - 127.f) * U82F_SCALE;
  82:../../libDaisy/src/daisy_core.h **** }
  83:../../libDaisy/src/daisy_core.h **** 
  84:../../libDaisy/src/daisy_core.h **** /**
  85:../../libDaisy/src/daisy_core.h ****     Converts float to unsigned 8-bit
  86:../../libDaisy/src/daisy_core.h **** */
  87:../../libDaisy/src/daisy_core.h **** FORCE_INLINE uint8_t f2u8(float x)
  88:../../libDaisy/src/daisy_core.h **** {
ARM GAS  C:\Users\aydan\AppData\Local\Temp\ccemGtGF.s 			page 23


  89:../../libDaisy/src/daisy_core.h ****     x = x <= FBIPMIN ? FBIPMIN : x;
  90:../../libDaisy/src/daisy_core.h ****     x = x >= FBIPMAX ? FBIPMAX : x;
  91:../../libDaisy/src/daisy_core.h ****     return (uint8_t)((x * F2U8_SCALE) + F2U8_SCALE);
  92:../../libDaisy/src/daisy_core.h **** }
  93:../../libDaisy/src/daisy_core.h **** 
  94:../../libDaisy/src/daisy_core.h **** 
  95:../../libDaisy/src/daisy_core.h **** /** 
  96:../../libDaisy/src/daisy_core.h ****     Converts Signed 8-bit to float
  97:../../libDaisy/src/daisy_core.h ****     \param x Number to be scaled.
  98:../../libDaisy/src/daisy_core.h ****     \return Scaled number.
  99:../../libDaisy/src/daisy_core.h **** */
 100:../../libDaisy/src/daisy_core.h **** FORCE_INLINE float s82f(int8_t x)
 101:../../libDaisy/src/daisy_core.h **** {
 102:../../libDaisy/src/daisy_core.h ****     return (float)x * S82F_SCALE;
 103:../../libDaisy/src/daisy_core.h **** }
 104:../../libDaisy/src/daisy_core.h **** 
 105:../../libDaisy/src/daisy_core.h **** /**
 106:../../libDaisy/src/daisy_core.h ****     Converts float to Signed 8-bit
 107:../../libDaisy/src/daisy_core.h **** */
 108:../../libDaisy/src/daisy_core.h **** FORCE_INLINE int8_t f2s8(float x)
 109:../../libDaisy/src/daisy_core.h **** {
 110:../../libDaisy/src/daisy_core.h ****     x = x <= FBIPMIN ? FBIPMIN : x;
 111:../../libDaisy/src/daisy_core.h ****     x = x >= FBIPMAX ? FBIPMAX : x;
 112:../../libDaisy/src/daisy_core.h ****     return (int32_t)(x * F2S8_SCALE);
 113:../../libDaisy/src/daisy_core.h **** }
 114:../../libDaisy/src/daisy_core.h **** 
 115:../../libDaisy/src/daisy_core.h **** /** 
 116:../../libDaisy/src/daisy_core.h ****     Converts Signed 16-bit to float
 117:../../libDaisy/src/daisy_core.h ****     \param x Number to be scaled.
 118:../../libDaisy/src/daisy_core.h ****     \return Scaled number.
 119:../../libDaisy/src/daisy_core.h **** */
 120:../../libDaisy/src/daisy_core.h **** FORCE_INLINE float s162f(int16_t x)
 121:../../libDaisy/src/daisy_core.h **** {
 122:../../libDaisy/src/daisy_core.h ****     return (float)x * S162F_SCALE;
 123:../../libDaisy/src/daisy_core.h **** }
 124:../../libDaisy/src/daisy_core.h **** 
 125:../../libDaisy/src/daisy_core.h **** /**
 126:../../libDaisy/src/daisy_core.h ****     Converts float to Signed 16-bit
 127:../../libDaisy/src/daisy_core.h **** */
 128:../../libDaisy/src/daisy_core.h **** FORCE_INLINE int16_t f2s16(float x)
 129:../../libDaisy/src/daisy_core.h **** {
 130:../../libDaisy/src/daisy_core.h ****     x = x <= FBIPMIN ? FBIPMIN : x;
 131:../../libDaisy/src/daisy_core.h ****     x = x >= FBIPMAX ? FBIPMAX : x;
 132:../../libDaisy/src/daisy_core.h ****     return (int32_t)(x * F2S16_SCALE);
 133:../../libDaisy/src/daisy_core.h **** }
 134:../../libDaisy/src/daisy_core.h **** 
 135:../../libDaisy/src/daisy_core.h **** /**
 136:../../libDaisy/src/daisy_core.h ****     Converts Signed 24-bit to float
 137:../../libDaisy/src/daisy_core.h ****  */
 138:../../libDaisy/src/daisy_core.h **** FORCE_INLINE float s242f(int32_t x)
 139:../../libDaisy/src/daisy_core.h **** {
 140:../../libDaisy/src/daisy_core.h ****     x = (x ^ S24SIGN) - S24SIGN; //sign extend aka ((x<<8)>>8)
 141:../../libDaisy/src/daisy_core.h ****     return (float)x * S242F_SCALE;
 142:../../libDaisy/src/daisy_core.h **** }
 143:../../libDaisy/src/daisy_core.h **** /**
 144:../../libDaisy/src/daisy_core.h ****     Converts float to Signed 24-bit
 145:../../libDaisy/src/daisy_core.h ****  */
ARM GAS  C:\Users\aydan\AppData\Local\Temp\ccemGtGF.s 			page 24


 146:../../libDaisy/src/daisy_core.h **** FORCE_INLINE int32_t f2s24(float x)
 147:../../libDaisy/src/daisy_core.h **** {
 148:../../libDaisy/src/daisy_core.h ****     x = x <= FBIPMIN ? FBIPMIN : x;
 149:../../libDaisy/src/daisy_core.h ****     x = x >= FBIPMAX ? FBIPMAX : x;
 150:../../libDaisy/src/daisy_core.h ****     return (int32_t)(x * F2S24_SCALE);
 151:../../libDaisy/src/daisy_core.h **** }
 152:../../libDaisy/src/daisy_core.h **** 
 153:../../libDaisy/src/daisy_core.h **** /**
 154:../../libDaisy/src/daisy_core.h ****     Converts Signed 32-bit to float
 155:../../libDaisy/src/daisy_core.h ****  */
 156:../../libDaisy/src/daisy_core.h **** FORCE_INLINE float s322f(int32_t x)
 157:../../libDaisy/src/daisy_core.h **** {
 158:../../libDaisy/src/daisy_core.h ****     return (float)x * S322F_SCALE;
 159:../../libDaisy/src/daisy_core.h **** }
 160:../../libDaisy/src/daisy_core.h **** /**
 161:../../libDaisy/src/daisy_core.h ****     Converts float to Signed 24-bit
 162:../../libDaisy/src/daisy_core.h ****  */
 163:../../libDaisy/src/daisy_core.h **** FORCE_INLINE int32_t f2s32(float x)
 164:../../libDaisy/src/daisy_core.h **** {
 165:../../libDaisy/src/daisy_core.h ****     x = x <= FBIPMIN ? FBIPMIN : x;
 166:../../libDaisy/src/daisy_core.h ****     x = x >= FBIPMAX ? FBIPMAX : x;
 167:../../libDaisy/src/daisy_core.h ****     return (int32_t)(x * F2S32_SCALE);
 168:../../libDaisy/src/daisy_core.h **** }
 169:../../libDaisy/src/daisy_core.h **** 
 170:../../libDaisy/src/daisy_core.h **** 
 171:../../libDaisy/src/daisy_core.h **** /** Enums and a simple struct for defining a hardware pin on the MCU
 172:../../libDaisy/src/daisy_core.h ****  *  These correlate with the stm32 datasheet, and are used to configure
 173:../../libDaisy/src/daisy_core.h ****  *  the hardware.
 174:../../libDaisy/src/daisy_core.h ****  * 
 175:../../libDaisy/src/daisy_core.h ****  *  This along with the dsy_gpio_pin class should no longer be used.
 176:../../libDaisy/src/daisy_core.h ****  *  They are available for backwards compatability. 
 177:../../libDaisy/src/daisy_core.h ****  * 
 178:../../libDaisy/src/daisy_core.h ****  *  Please use GPIOPort enum and the Pin struct instead.
 179:../../libDaisy/src/daisy_core.h ****  */
 180:../../libDaisy/src/daisy_core.h **** typedef enum
 181:../../libDaisy/src/daisy_core.h **** {
 182:../../libDaisy/src/daisy_core.h ****     DSY_GPIOA, /**< & */
 183:../../libDaisy/src/daisy_core.h ****     DSY_GPIOB, /**< & */
 184:../../libDaisy/src/daisy_core.h ****     DSY_GPIOC, /**< & */
 185:../../libDaisy/src/daisy_core.h ****     DSY_GPIOD, /**< & */
 186:../../libDaisy/src/daisy_core.h ****     DSY_GPIOE, /**< & */
 187:../../libDaisy/src/daisy_core.h ****     DSY_GPIOF, /**< & */
 188:../../libDaisy/src/daisy_core.h ****     DSY_GPIOG, /**< & */
 189:../../libDaisy/src/daisy_core.h ****     DSY_GPIOH, /**< & */
 190:../../libDaisy/src/daisy_core.h ****     DSY_GPIOI, /**< & */
 191:../../libDaisy/src/daisy_core.h ****     DSY_GPIOJ, /**< & */
 192:../../libDaisy/src/daisy_core.h ****     DSY_GPIOK, /**< & */
 193:../../libDaisy/src/daisy_core.h ****     DSY_GPIOX, /** This is a non-existant port for unsupported bits of hardware. */
 194:../../libDaisy/src/daisy_core.h ****     DSY_GPIO_LAST, /** Final enum member */
 195:../../libDaisy/src/daisy_core.h **** } dsy_gpio_port;
 196:../../libDaisy/src/daisy_core.h **** 
 197:../../libDaisy/src/daisy_core.h **** /** Hardware define pins 
 198:../../libDaisy/src/daisy_core.h ****  *  
 199:../../libDaisy/src/daisy_core.h ****  *  The dsy_gpio_pin struct should no longer be used, and is only available for
 200:../../libDaisy/src/daisy_core.h ****  *  backwards compatability.
 201:../../libDaisy/src/daisy_core.h ****  * 
 202:../../libDaisy/src/daisy_core.h ****  *  Please use Pin struct instead.
ARM GAS  C:\Users\aydan\AppData\Local\Temp\ccemGtGF.s 			page 25


 203:../../libDaisy/src/daisy_core.h ****  */
 204:../../libDaisy/src/daisy_core.h **** typedef struct
 205:../../libDaisy/src/daisy_core.h **** {
 206:../../libDaisy/src/daisy_core.h ****     dsy_gpio_port port; /**< & */
 207:../../libDaisy/src/daisy_core.h ****     uint8_t       pin;  /**< number 0-15 */
 208:../../libDaisy/src/daisy_core.h **** } dsy_gpio_pin;
 209:../../libDaisy/src/daisy_core.h **** 
 210:../../libDaisy/src/daisy_core.h **** /** Helper for creating pins from port/pin combos easily
 211:../../libDaisy/src/daisy_core.h ****  * 
 212:../../libDaisy/src/daisy_core.h ****  *  The dsy_gpio_pin struct should no longer be used, and is only available for
 213:../../libDaisy/src/daisy_core.h ****  *  backwards compatability.
 214:../../libDaisy/src/daisy_core.h ****  * 
 215:../../libDaisy/src/daisy_core.h ****  *  Please use Pin struct instead.
 216:../../libDaisy/src/daisy_core.h **** */
 217:../../libDaisy/src/daisy_core.h **** FORCE_INLINE dsy_gpio_pin dsy_pin(dsy_gpio_port port, uint8_t pin)
 218:../../libDaisy/src/daisy_core.h **** {
 219:../../libDaisy/src/daisy_core.h ****     dsy_gpio_pin p;
 220:../../libDaisy/src/daisy_core.h ****     p.port = port;
 221:../../libDaisy/src/daisy_core.h ****     p.pin  = pin;
 222:../../libDaisy/src/daisy_core.h ****     return p;
 223:../../libDaisy/src/daisy_core.h **** }
 224:../../libDaisy/src/daisy_core.h **** 
 225:../../libDaisy/src/daisy_core.h **** /** Helper for testing sameness of two dsy_gpio_pins
 226:../../libDaisy/src/daisy_core.h ****  *  \return    1 if same, 0 if different
 227:../../libDaisy/src/daisy_core.h ****  * 
 228:../../libDaisy/src/daisy_core.h ****  *  The dsy_gpio_pin struct should no longer be used, and is only available for
 229:../../libDaisy/src/daisy_core.h ****  *  backwards compatability.
 230:../../libDaisy/src/daisy_core.h ****  * 
 231:../../libDaisy/src/daisy_core.h ****  *  Please use Pin struct instead.
 232:../../libDaisy/src/daisy_core.h ****  */
 233:../../libDaisy/src/daisy_core.h **** FORCE_INLINE uint8_t dsy_pin_cmp(dsy_gpio_pin *a, dsy_gpio_pin *b)
 234:../../libDaisy/src/daisy_core.h **** {
 235:../../libDaisy/src/daisy_core.h ****     return ((a->port == b->port) && (a->pin == b->pin));
 236:../../libDaisy/src/daisy_core.h **** }
 237:../../libDaisy/src/daisy_core.h **** 
 238:../../libDaisy/src/daisy_core.h **** #ifdef __cplusplus
 239:../../libDaisy/src/daisy_core.h **** 
 240:../../libDaisy/src/daisy_core.h **** namespace daisy
 241:../../libDaisy/src/daisy_core.h **** {
 242:../../libDaisy/src/daisy_core.h **** /** @brief GPIO Port names */
 243:../../libDaisy/src/daisy_core.h **** enum GPIOPort
 244:../../libDaisy/src/daisy_core.h **** {
 245:../../libDaisy/src/daisy_core.h ****     PORTA, /**< Port A */
 246:../../libDaisy/src/daisy_core.h ****     PORTB, /**< Port B */
 247:../../libDaisy/src/daisy_core.h ****     PORTC, /**< Port C */
 248:../../libDaisy/src/daisy_core.h ****     PORTD, /**< Port D */
 249:../../libDaisy/src/daisy_core.h ****     PORTE, /**< Port E */
 250:../../libDaisy/src/daisy_core.h ****     PORTF, /**< Port F */
 251:../../libDaisy/src/daisy_core.h ****     PORTG, /**< Port G */
 252:../../libDaisy/src/daisy_core.h ****     PORTH, /**< Port H */
 253:../../libDaisy/src/daisy_core.h ****     PORTI, /**< Port I */
 254:../../libDaisy/src/daisy_core.h ****     PORTJ, /**< Port J */
 255:../../libDaisy/src/daisy_core.h ****     PORTK, /**< Port K */
 256:../../libDaisy/src/daisy_core.h ****     PORTX, /**< Used as a dummy port to signal an invalid pin. */
 257:../../libDaisy/src/daisy_core.h **** };
 258:../../libDaisy/src/daisy_core.h **** 
 259:../../libDaisy/src/daisy_core.h **** /** @brief representation of hardware port/pin combination */
ARM GAS  C:\Users\aydan\AppData\Local\Temp\ccemGtGF.s 			page 26


 260:../../libDaisy/src/daisy_core.h **** struct Pin
 261:../../libDaisy/src/daisy_core.h **** {
 262:../../libDaisy/src/daisy_core.h ****     GPIOPort port;
 263:../../libDaisy/src/daisy_core.h ****     uint8_t  pin;
 264:../../libDaisy/src/daisy_core.h **** 
 265:../../libDaisy/src/daisy_core.h ****     /** @brief Constructor creates a valid pin. 
 266:../../libDaisy/src/daisy_core.h ****      *  @param pt GPIOPort between PA, and PK corresponding to STM32 Port.
 267:../../libDaisy/src/daisy_core.h ****      *  @param pn pin number in range of 0-15
 268:../../libDaisy/src/daisy_core.h ****     */
 269:../../libDaisy/src/daisy_core.h ****     constexpr Pin(const GPIOPort pt, const uint8_t pn) : port(pt), pin(pn) {}
 270:../../libDaisy/src/daisy_core.h **** 
 271:../../libDaisy/src/daisy_core.h ****     /** @brief Basic Constructor creates an invalid Pin object */
 272:../../libDaisy/src/daisy_core.h ****     constexpr Pin() : port(PORTX), pin(255) {}
 812              		.loc 3 272 15 view .LVU221
 813              	.LBB157:
 814              		.loc 3 272 43 is_stmt 0 view .LVU222
 815 0006 4FF60B7C 		movw	ip, #65291
 816              	.LBE157:
 817              	.LBE156:
 818              	.LBE155:
 819              	.LBE154:
 820              	.LBE153:
 821              		.loc 1 150 49 view .LVU223
 822 000a 0022     		movs	r2, #0
 823 000c 2068     		ldr	r0, [r4]
 824              	.LVL63:
 825              		.loc 1 150 49 view .LVU224
 826 000e 0021     		movs	r1, #0
 827              	.LBB166:
 828              	.LBB163:
 829              	.LBB160:
 830              	.LBB159:
 831              	.LBB158:
 832              		.loc 3 272 43 view .LVU225
 833 0010 A3F804C0 		strh	ip, [r3, #4]	@ movhi
 834              	.LVL64:
 835              		.loc 3 272 43 view .LVU226
 836              	.LBE158:
 837              	.LBE159:
 838              	.LBE160:
 839              	.LBE163:
 840              	.LBE166:
 841              	.LBB167:
 842              	.LBB168:
  13:src/controls.cpp **** {
 843              		.loc 1 13 55 view .LVU227
 844 0014 40F2011C 		movw	ip, #257
 845              	.LBE168:
 846              	.LBE167:
 847              		.loc 1 150 49 view .LVU228
 848 0018 C3F86200 		str	r0, [r3, #98]	@ unaligned
 849 001c A088     		ldrh	r0, [r4, #4]	@ unaligned
 850 001e A3F84C20 		strh	r2, [r3, #76]	@ movhi
 851 0022 A3F86600 		strh	r0, [r3, #102]	@ unaligned
 852              	.LBE178:
 151:src/controls.cpp **** {
 152:src/controls.cpp **** }
ARM GAS  C:\Users\aydan\AppData\Local\Temp\ccemGtGF.s 			page 27


 853              		.loc 1 152 1 view .LVU229
 854 0026 1846     		mov	r0, r3
 855              	.LBB179:
 150:src/controls.cpp **** {
 856              		.loc 1 150 49 view .LVU230
 857 0028 1A60     		str	r2, [r3]
 858              	.LBB170:
 859              	.LBB164:
 860              	.LBB161:
  69:../../libDaisy/src/per/gpio.h ****         {
 861              		.loc 2 69 73 view .LVU231
 862 002a 1A61     		str	r2, [r3, #16]
 863              	.LVL65:
  69:../../libDaisy/src/per/gpio.h ****         {
 864              		.loc 2 69 73 view .LVU232
 865              	.LBE161:
 866              	.LBE164:
 867              	.LBE170:
 868              	.LBB171:
 869              	.LBI167:
  12:src/controls.cpp **** : stable_(true), last_sample_(true), last_change_ms_(0)
 870              		.loc 1 12 1 is_stmt 1 view .LVU233
 871              	.LBB169:
  13:src/controls.cpp **** {
 872              		.loc 1 13 55 is_stmt 0 view .LVU234
 873 002c A3F818C0 		strh	ip, [r3, #24]	@ movhi
 874              	.LVL66:
  13:src/controls.cpp **** {
 875              		.loc 1 13 55 view .LVU235
 876              	.LBE169:
 877              	.LBE171:
 878              	.LBB172:
 879              	.LBI172:
  35:src/controls.cpp **** : centers_(0),
 880              		.loc 1 35 1 is_stmt 1 view .LVU236
  35:src/controls.cpp **** : centers_(0),
 881              		.loc 1 35 1 is_stmt 0 view .LVU237
 882              	.LBE172:
 150:src/controls.cpp **** {
 883              		.loc 1 150 49 view .LVU238
 884 0030 A3F84420 		strh	r2, [r3, #68]	@ movhi
 885 0034 9A64     		str	r2, [r3, #72]
 886 0036 1965     		str	r1, [r3, #80]	@ float
 887 0038 5965     		str	r1, [r3, #84]	@ float
 888 003a 9965     		str	r1, [r3, #88]	@ float
 889 003c DA65     		str	r2, [r3, #92]
 890 003e A3F86020 		strh	r2, [r3, #96]	@ movhi
 891              	.LBB175:
 892              	.LBB173:
  45:src/controls.cpp **** {
 893              		.loc 1 45 24 view .LVU239
 894 0042 C3E90B22 		strd	r2, r2, [r3, #44]
 895              	.LBE173:
 896              	.LBE175:
 897              	.LBB176:
 898              	.LBB165:
 899              	.LBB162:
ARM GAS  C:\Users\aydan\AppData\Local\Temp\ccemGtGF.s 			page 28


  69:../../libDaisy/src/per/gpio.h ****         {
 900              		.loc 2 69 73 view .LVU240
 901 0046 C3E90222 		strd	r2, r2, [r3, #8]
 902              	.LBE162:
 903              	.LBE165:
 904              	.LBE176:
 905              	.LBE179:
 906              		.loc 1 152 1 view .LVU241
 907 004a 5DF8044B 		ldr	r4, [sp], #4
 908              		.cfi_restore 4
 909              		.cfi_def_cfa_offset 0
 910              	.LBB180:
 911              	.LBB177:
 912              	.LBB174:
  45:src/controls.cpp **** {
 913              		.loc 1 45 24 view .LVU242
 914 004e C3E90722 		strd	r2, r2, [r3, #28]
 915 0052 C3E90922 		strd	r2, r2, [r3, #36]
 916 0056 C3E90D22 		strd	r2, r2, [r3, #52]
 917 005a C3E90F22 		strd	r2, r2, [r3, #60]
 918              	.LBE174:
 919              	.LBE177:
 920              	.LBE180:
 921              		.loc 1 152 1 view .LVU243
 922 005e 7047     		bx	lr
 923              	.L70:
 924              		.align	2
 925              	.L69:
 926 0060 00000000 		.word	.LANCHOR0
 927              		.cfi_endproc
 928              	.LFE2582:
 930              		.global	_ZN3app8ControlsC1Ev
 931              		.thumb_set _ZN3app8ControlsC1Ev,_ZN3app8ControlsC2Ev
 932              		.section	.text._ZN3app8Controls10FloatToU16Ef,"ax",%progbits
 933              		.align	1
 934              		.p2align 2,,3
 935              		.global	_ZN3app8Controls10FloatToU16Ef
 936              		.syntax unified
 937              		.thumb
 938              		.thumb_func
 939              		.fpu fpv5-d16
 941              	_ZN3app8Controls10FloatToU16Ef:
 942              	.LVL67:
 943              	.LFB2587:
 153:src/controls.cpp **** 
 154:src/controls.cpp **** // Initialize the hardware, let the ADC settle, then prime the filters with
 155:src/controls.cpp **** // real readings before publishing the first control snapshot.
 156:src/controls.cpp **** void Controls::Init(daisy::DaisySeed& hw, ControlMailbox& mailbox)
 157:src/controls.cpp **** {
 158:src/controls.cpp ****     mailbox_ = &mailbox;
 159:src/controls.cpp **** 
 160:src/controls.cpp ****     daisy::AdcChannelConfig adc_cfg[config::ADC_COUNT];
 161:src/controls.cpp ****     adc_cfg[config::ADC_POT_0].InitSingle(config::kPotPins[0]);
 162:src/controls.cpp ****     adc_cfg[config::ADC_POT_1].InitSingle(config::kPotPins[1]);
 163:src/controls.cpp ****     adc_cfg[config::ADC_POT_2].InitSingle(config::kPotPins[2]);
 164:src/controls.cpp ****     adc_cfg[config::ADC_ROTARY].InitSingle(config::kRotaryPin);
 165:src/controls.cpp ****     hw.adc.Init(adc_cfg, config::ADC_COUNT);
ARM GAS  C:\Users\aydan\AppData\Local\Temp\ccemGtGF.s 			page 29


 166:src/controls.cpp ****     hw.adc.Start();
 167:src/controls.cpp ****     hw.DelayMs(5);
 168:src/controls.cpp **** 
 169:src/controls.cpp ****     foot_.Init(config::kFootswitchPin, daisy::GPIO::Mode::INPUT, daisy::GPIO::Pull::PULLUP);
 170:src/controls.cpp ****     const bool rotary_ok = rotary_.Init(config::kRotaryCentersU16,
 171:src/controls.cpp ****                                         config::kRotaryPositionCount,
 172:src/controls.cpp ****                                         config::kRotaryHysteresisU16,
 173:src/controls.cpp ****                                         config::kRotaryMaxCenterErrorU16);
 174:src/controls.cpp **** 
 175:src/controls.cpp ****     float pot_accum[config::kPhysicalPotCount] = {0.0f, 0.0f, 0.0f};
 176:src/controls.cpp ****     float rotary_accum = 0.0f;
 177:src/controls.cpp ****     constexpr int kPrimeSamples = 8;
 178:src/controls.cpp ****     for(int sample = 0; sample < kPrimeSamples; ++sample)
 179:src/controls.cpp ****     {
 180:src/controls.cpp ****         for(int i = 0; i < config::kPhysicalPotCount; ++i)
 181:src/controls.cpp ****             pot_accum[i] += ClampFloat(hw.adc.GetFloat(i), 0.0f, 1.0f);
 182:src/controls.cpp ****         rotary_accum += ClampFloat(hw.adc.GetFloat(config::ADC_ROTARY), 0.0f, 1.0f);
 183:src/controls.cpp ****         hw.DelayMs(1);
 184:src/controls.cpp ****     }
 185:src/controls.cpp **** 
 186:src/controls.cpp ****     for(int i = 0; i < config::kPhysicalPotCount; ++i)
 187:src/controls.cpp ****     {
 188:src/controls.cpp ****         pot_filtered_[i] = pot_accum[i] / (float)kPrimeSamples;
 189:src/controls.cpp ****         pot_fixed_[i] = FloatToU16(pot_filtered_[i]);
 190:src/controls.cpp ****     }
 191:src/controls.cpp **** 
 192:src/controls.cpp ****     if(rotary_ok)
 193:src/controls.cpp ****     {
 194:src/controls.cpp ****         const uint16_t rotary_raw = FloatToU16(rotary_accum / (float)kPrimeSamples);
 195:src/controls.cpp ****         const uint32_t now = daisy::System::GetNow();
 196:src/controls.cpp ****         const int first = rotary_.Update(rotary_raw, now);
 197:src/controls.cpp ****         const int stable = rotary_.Update(rotary_raw, now + config::kRotaryDebounceMs);
 198:src/controls.cpp ****         uint8_t mapped_effect = requested_effect_;
 199:src/controls.cpp ****         if(RotaryPositionToEffect(stable != 0 ? stable : first, mapped_effect))
 200:src/controls.cpp ****             requested_effect_ = mapped_effect;
 201:src/controls.cpp ****     }
 202:src/controls.cpp **** 
 203:src/controls.cpp ****     initialized_ = true;
 204:src/controls.cpp ****     Publish();
 205:src/controls.cpp **** }
 206:src/controls.cpp **** 
 207:src/controls.cpp **** // Poll the controls once per main-loop iteration and publish only meaningful
 208:src/controls.cpp **** // changes. The audio callback consumes the latest snapshot separately.
 209:src/controls.cpp **** ControlTelemetryState Controls::Process(daisy::DaisySeed& hw, uint32_t now_ms)
 210:src/controls.cpp **** {
 211:src/controls.cpp ****     ControlTelemetryState state = {};
 212:src/controls.cpp ****     state.effect = requested_effect_;
 213:src/controls.cpp ****     state.bypass = requested_bypass_;
 214:src/controls.cpp ****     state.rotary_position = rotary_.stable_position();
 215:src/controls.cpp ****     state.footswitch.occurred = false;
 216:src/controls.cpp **** 
 217:src/controls.cpp ****     bool publish_needed = false;
 218:src/controls.cpp ****     bool pots_changed = false;
 219:src/controls.cpp **** 
 220:src/controls.cpp ****     for(int i = 0; i < config::kPhysicalPotCount; ++i)
 221:src/controls.cpp ****     {
 222:src/controls.cpp ****         const float raw = ClampFloat(hw.adc.GetFloat(i), 0.0f, 1.0f);
ARM GAS  C:\Users\aydan\AppData\Local\Temp\ccemGtGF.s 			page 30


 223:src/controls.cpp ****         pot_filtered_[i] += config::kPotSmoothingAlpha * (raw - pot_filtered_[i]);
 224:src/controls.cpp ****         pot_fixed_[i] = FloatToU16(pot_filtered_[i]);
 225:src/controls.cpp ****         if(PotChangedEnough(pot_fixed_[i], published_pot_fixed_[i]))
 226:src/controls.cpp ****         {
 227:src/controls.cpp ****             pots_changed = true;
 228:src/controls.cpp ****             publish_needed = true;
 229:src/controls.cpp ****         }
 230:src/controls.cpp ****         state.pots[i] = U16ToFloat(pot_fixed_[i]);
 231:src/controls.cpp ****     }
 232:src/controls.cpp ****     state.pots[3] = config::kPotPlaceholder4;
 233:src/controls.cpp **** 
 234:src/controls.cpp ****     const uint16_t rotary_raw = FloatToU16(ClampFloat(hw.adc.GetFloat(config::ADC_ROTARY), 0.0f, 1.
 235:src/controls.cpp ****     state.rotary_raw_u16 = rotary_raw;
 236:src/controls.cpp ****     const int position = rotary_.Update(rotary_raw, now_ms);
 237:src/controls.cpp ****     state.rotary_position = position;
 238:src/controls.cpp **** 
 239:src/controls.cpp ****     uint8_t mapped_effect = requested_effect_;
 240:src/controls.cpp ****     if(RotaryPositionToEffect(position, mapped_effect) && mapped_effect != requested_effect_)
 241:src/controls.cpp ****     {
 242:src/controls.cpp ****         requested_effect_ = mapped_effect;
 243:src/controls.cpp ****         requested_bypass_ = false;
 244:src/controls.cpp ****         state.effect = requested_effect_;
 245:src/controls.cpp ****         state.bypass = requested_bypass_;
 246:src/controls.cpp ****         state.effect_changed = true;
 247:src/controls.cpp ****         publish_needed = true;
 248:src/controls.cpp ****     }
 249:src/controls.cpp **** 
 250:src/controls.cpp ****     const bool foot_sample = foot_.Read();
 251:src/controls.cpp ****     if(foot_db_.Update(foot_sample, now_ms, config::kFootswitchDebounceMs))
 252:src/controls.cpp ****     {
 253:src/controls.cpp ****         const bool new_down = !foot_db_.stable();
 254:src/controls.cpp ****         if(new_down && !foot_down_)
 255:src/controls.cpp ****         {
 256:src/controls.cpp ****             foot_down_ = true;
 257:src/controls.cpp ****             ++press_count_;
 258:src/controls.cpp ****             if(requested_effect_ != config::FX_TUNER)
 259:src/controls.cpp ****             {
 260:src/controls.cpp ****                 requested_bypass_ = !requested_bypass_;
 261:src/controls.cpp ****                 state.bypass = requested_bypass_;
 262:src/controls.cpp ****                 publish_needed = true;
 263:src/controls.cpp ****             }
 264:src/controls.cpp ****             state.footswitch = {true, true, "pressed", press_count_};
 265:src/controls.cpp ****         }
 266:src/controls.cpp ****         else if(!new_down && foot_down_)
 267:src/controls.cpp ****         {
 268:src/controls.cpp ****             foot_down_ = false;
 269:src/controls.cpp ****             state.footswitch = {true, false, "released", press_count_};
 270:src/controls.cpp ****         }
 271:src/controls.cpp ****     }
 272:src/controls.cpp **** 
 273:src/controls.cpp ****     state.pots_changed = pots_changed;
 274:src/controls.cpp ****     if(publish_needed)
 275:src/controls.cpp ****         Publish();
 276:src/controls.cpp **** 
 277:src/controls.cpp ****     return state;
 278:src/controls.cpp **** }
 279:src/controls.cpp **** 
ARM GAS  C:\Users\aydan\AppData\Local\Temp\ccemGtGF.s 			page 31


 280:src/controls.cpp **** void Controls::ForcePublish()
 281:src/controls.cpp **** {
 282:src/controls.cpp ****     Publish();
 283:src/controls.cpp **** }
 284:src/controls.cpp **** 
 285:src/controls.cpp **** // Convert normalized control values into fixed point for the interrupt-safe mailbox.
 286:src/controls.cpp **** uint16_t Controls::FloatToU16(float value)
 287:src/controls.cpp **** {
 944              		.loc 1 287 1 is_stmt 1 view -0
 945              		.cfi_startproc
 946              		@ args = 0, pretend = 0, frame = 0
 947              		@ frame_needed = 0, uses_anonymous_args = 0
 948              		@ link register save eliminated.
 288:src/controls.cpp ****     value = ClampFloat(value, 0.0f, 1.0f);
 949              		.loc 1 288 5 view .LVU245
 950              	.LBB181:
 951              	.LBI181:
   7:src/controls.cpp **** {
 952              		.loc 1 7 14 view .LVU246
 953              	.LBB182:
   9:src/controls.cpp **** }
 954              		.loc 1 9 5 view .LVU247
   9:src/controls.cpp **** }
 955              		.loc 1 9 23 is_stmt 0 view .LVU248
 956 0000 B5EEC00A 		vcmpe.f32	s0, #0
 957 0004 F1EE10FA 		vmrs	APSR_nzcv, FPSCR
 958 0008 09D4     		bmi	.L73
   9:src/controls.cpp **** }
 959              		.loc 1 9 42 view .LVU249
 960 000a F7EE007A 		vmov.f32	s15, #1.0e+0
 961 000e B4EEE70A 		vcmpe.f32	s0, s15
 962 0012 F1EE10FA 		vmrs	APSR_nzcv, FPSCR
 963 0016 04DD     		ble	.L75
 964 0018 4FF6FF70 		movw	r0, #65535
 965              	.LVL68:
   9:src/controls.cpp **** }
 966              		.loc 1 9 42 view .LVU250
 967              	.LBE182:
 968              	.LBE181:
 289:src/controls.cpp ****     return (uint16_t)(value * 65535.0f + 0.5f);
 969              		.loc 1 289 5 is_stmt 1 view .LVU251
 290:src/controls.cpp **** }
 970              		.loc 1 290 1 is_stmt 0 view .LVU252
 971 001c 7047     		bx	lr
 972              	.LVL69:
 973              	.L73:
 974              	.LBB184:
 975              	.LBB183:
 976              		.loc 1 290 1 view .LVU253
 977 001e 0020     		movs	r0, #0
 978 0020 7047     		bx	lr
 979              	.L75:
 980              	.LBE183:
 981              	.LBE184:
 289:src/controls.cpp ****     return (uint16_t)(value * 65535.0f + 0.5f);
 982              		.loc 1 289 40 view .LVU254
 983 0022 F6EE007A 		vmov.f32	s15, #5.0e-1
ARM GAS  C:\Users\aydan\AppData\Local\Temp\ccemGtGF.s 			page 32


 984 0026 9FED057A 		vldr.32	s14, .L76
 985 002a E0EE077A 		vfma.f32	s15, s0, s14
 289:src/controls.cpp ****     return (uint16_t)(value * 65535.0f + 0.5f);
 986              		.loc 1 289 46 view .LVU255
 987 002e FCEEE77A 		vcvt.u32.f32	s15, s15
 988 0032 17EE903A 		vmov	r3, s15	@ int
 989 0036 98B2     		uxth	r0, r3
 990 0038 7047     		bx	lr
 991              	.L77:
 992 003a 00BF     		.align	2
 993              	.L76:
 994 003c 00FF7F47 		.word	1199570688
 995              		.cfi_endproc
 996              	.LFE2587:
 998              		.section	.text._ZN3app8Controls10U16ToFloatEt,"ax",%progbits
 999              		.align	1
 1000              		.p2align 2,,3
 1001              		.global	_ZN3app8Controls10U16ToFloatEt
 1002              		.syntax unified
 1003              		.thumb
 1004              		.thumb_func
 1005              		.fpu fpv5-d16
 1007              	_ZN3app8Controls10U16ToFloatEt:
 1008              	.LVL70:
 1009              	.LFB2588:
 291:src/controls.cpp **** 
 292:src/controls.cpp **** float Controls::U16ToFloat(uint16_t value)
 293:src/controls.cpp **** {
 1010              		.loc 1 293 1 is_stmt 1 view -0
 1011              		.cfi_startproc
 1012              		@ args = 0, pretend = 0, frame = 0
 1013              		@ frame_needed = 0, uses_anonymous_args = 0
 1014              		@ link register save eliminated.
 294:src/controls.cpp ****     return (float)value / 65535.0f;
 1015              		.loc 1 294 5 view .LVU257
 1016              		.loc 1 294 12 is_stmt 0 view .LVU258
 1017 0000 07EE900A 		vmov	s15, r0	@ int
 1018              		.loc 1 294 27 view .LVU259
 1019 0004 9FED030A 		vldr.32	s0, .L79
 1020              		.loc 1 294 12 view .LVU260
 1021 0008 F8EE677A 		vcvt.f32.u32	s15, s15
 295:src/controls.cpp **** }
 1022              		.loc 1 295 1 view .LVU261
 1023 000c 87EE800A 		vdiv.f32	s0, s15, s0
 1024 0010 7047     		bx	lr
 1025              	.L80:
 1026 0012 00BF     		.align	2
 1027              	.L79:
 1028 0014 00FF7F47 		.word	1199570688
 1029              		.cfi_endproc
 1030              	.LFE2588:
 1032              		.section	.text._ZN3app8Controls22RotaryPositionToEffectEiRh,"ax",%progbits
 1033              		.align	1
 1034              		.p2align 2,,3
 1035              		.global	_ZN3app8Controls22RotaryPositionToEffectEiRh
 1036              		.syntax unified
 1037              		.thumb
ARM GAS  C:\Users\aydan\AppData\Local\Temp\ccemGtGF.s 			page 33


 1038              		.thumb_func
 1039              		.fpu fpv5-d16
 1041              	_ZN3app8Controls22RotaryPositionToEffectEiRh:
 1042              	.LVL71:
 1043              	.LFB2589:
 296:src/controls.cpp **** 
 297:src/controls.cpp **** // Rotary throws 1..5 select real effects. Position 0 means invalid and position 6 is reserved, so 
 298:src/controls.cpp **** bool Controls::RotaryPositionToEffect(int position, uint8_t& out_effect)
 299:src/controls.cpp **** {
 1044              		.loc 1 299 1 is_stmt 1 view -0
 1045              		.cfi_startproc
 1046              		@ args = 0, pretend = 0, frame = 0
 1047              		@ frame_needed = 0, uses_anonymous_args = 0
 1048              		@ link register save eliminated.
 300:src/controls.cpp ****     if(position >= 1 && position <= 5)
 1049              		.loc 1 300 5 view .LVU263
 1050              		.loc 1 300 22 is_stmt 0 view .LVU264
 1051 0000 431E     		subs	r3, r0, #1
 1052              		.loc 1 300 5 view .LVU265
 1053 0002 042B     		cmp	r3, #4
 1054 0004 01D9     		bls	.L84
 301:src/controls.cpp ****     {
 302:src/controls.cpp ****         out_effect = (uint8_t)(position - 1);
 303:src/controls.cpp ****         return true;
 304:src/controls.cpp ****     }
 305:src/controls.cpp ****     return false;
 1055              		.loc 1 305 12 view .LVU266
 1056 0006 0020     		movs	r0, #0
 1057              	.LVL72:
 306:src/controls.cpp **** }
 1058              		.loc 1 306 1 view .LVU267
 1059 0008 7047     		bx	lr
 1060              	.LVL73:
 1061              	.L84:
 302:src/controls.cpp ****         return true;
 1062              		.loc 1 302 9 is_stmt 1 view .LVU268
 303:src/controls.cpp ****     }
 1063              		.loc 1 303 16 is_stmt 0 view .LVU269
 1064 000a 0120     		movs	r0, #1
 1065              	.LVL74:
 302:src/controls.cpp ****         return true;
 1066              		.loc 1 302 20 view .LVU270
 1067 000c 0B70     		strb	r3, [r1]
 303:src/controls.cpp ****     }
 1068              		.loc 1 303 9 is_stmt 1 view .LVU271
 303:src/controls.cpp ****     }
 1069              		.loc 1 303 16 is_stmt 0 view .LVU272
 1070 000e 7047     		bx	lr
 1071              		.cfi_endproc
 1072              	.LFE2589:
 1074              		.section	.text._ZNK3app8Controls16PotChangedEnoughEtt,"ax",%progbits
 1075              		.align	1
 1076              		.p2align 2,,3
 1077              		.global	_ZNK3app8Controls16PotChangedEnoughEtt
 1078              		.syntax unified
 1079              		.thumb
 1080              		.thumb_func
ARM GAS  C:\Users\aydan\AppData\Local\Temp\ccemGtGF.s 			page 34


 1081              		.fpu fpv5-d16
 1083              	_ZNK3app8Controls16PotChangedEnoughEtt:
 1084              	.LVL75:
 1085              	.LFB2590:
 307:src/controls.cpp **** 
 308:src/controls.cpp **** // The deadband prevents tiny ADC noise from republishing parameters every main-loop tick.
 309:src/controls.cpp **** bool Controls::PotChangedEnough(uint16_t now, uint16_t previous) const
 310:src/controls.cpp **** {
 1086              		.loc 1 310 1 is_stmt 1 view -0
 1087              		.cfi_startproc
 1088              		@ args = 0, pretend = 0, frame = 0
 1089              		@ frame_needed = 0, uses_anonymous_args = 0
 1090              		@ link register save eliminated.
 311:src/controls.cpp ****     const uint16_t delta = now > previous ? (uint16_t)(now - previous) : (uint16_t)(previous - now)
 1091              		.loc 1 311 5 view .LVU274
 1092              		.loc 1 311 43 is_stmt 0 view .LVU275
 1093 0000 9142     		cmp	r1, r2
 1094 0002 8CBF     		ite	hi
 1095 0004 8A1A     		subhi	r2, r1, r2
 1096              	.LVL76:
 1097              		.loc 1 311 43 view .LVU276
 1098 0006 521A     		subls	r2, r2, r1
 1099 0008 90B2     		uxth	r0, r2
 1100              	.LVL77:
 312:src/controls.cpp ****     return delta >= config::kParameterDeadbandU16;
 1101              		.loc 1 312 5 is_stmt 1 view .LVU277
 313:src/controls.cpp **** }
 1102              		.loc 1 313 1 is_stmt 0 view .LVU278
 1103 000a 7F28     		cmp	r0, #127
 1104 000c 94BF     		ite	ls
 1105 000e 0020     		movls	r0, #0
 1106              	.LVL78:
 1107              		.loc 1 313 1 view .LVU279
 1108 0010 0120     		movhi	r0, #1
 1109 0012 7047     		bx	lr
 1110              		.cfi_endproc
 1111              	.LFE2590:
 1113              		.section	.text._ZN3app8Controls7PublishEv,"ax",%progbits
 1114              		.align	1
 1115              		.p2align 2,,3
 1116              		.global	_ZN3app8Controls7PublishEv
 1117              		.syntax unified
 1118              		.thumb
 1119              		.thumb_func
 1120              		.fpu fpv5-d16
 1122              	_ZN3app8Controls7PublishEv:
 1123              	.LVL79:
 1124              	.LFB2591:
 314:src/controls.cpp **** 
 315:src/controls.cpp **** // Publish the compact state after controls are stable enough to affect DSP.
 316:src/controls.cpp **** void Controls::Publish()
 317:src/controls.cpp **** {
 1125              		.loc 1 317 1 is_stmt 1 view -0
 1126              		.cfi_startproc
 1127              		@ args = 0, pretend = 0, frame = 0
 1128              		@ frame_needed = 0, uses_anonymous_args = 0
 318:src/controls.cpp ****     if(!initialized_ || !mailbox_)
ARM GAS  C:\Users\aydan\AppData\Local\Temp\ccemGtGF.s 			page 35


 1129              		.loc 1 318 5 view .LVU281
 1130 0000 90F84430 		ldrb	r3, [r0, #68]	@ zero_extendqisi2
 1131 0004 33B3     		cbz	r3, .L97
 1132              		.loc 1 318 26 is_stmt 0 discriminator 1 view .LVU282
 1133 0006 0368     		ldr	r3, [r0]
 1134              		.loc 1 318 22 discriminator 1 view .LVU283
 1135 0008 23B3     		cbz	r3, .L97
 319:src/controls.cpp ****         return;
 320:src/controls.cpp **** 
 321:src/controls.cpp ****     ControlSnapshot snapshot;
 1136              		.loc 1 321 5 is_stmt 1 view .LVU284
 322:src/controls.cpp ****     snapshot.effect = requested_effect_;
 1137              		.loc 1 322 5 view .LVU285
 1138              	.LBB188:
 323:src/controls.cpp ****     snapshot.bypass = requested_bypass_ ? 1 : 0;
 324:src/controls.cpp ****     for(int i = 0; i < config::kPhysicalPotCount; ++i)
 325:src/controls.cpp ****     {
 326:src/controls.cpp ****         snapshot.parameters[i] = pot_fixed_[i];
 1139              		.loc 1 326 46 is_stmt 0 view .LVU286
 1140 000a B0F860C0 		ldrh	ip, [r0, #96]
 1141              	.LBE188:
 317:src/controls.cpp ****     if(!initialized_ || !mailbox_)
 1142              		.loc 1 317 1 view .LVU287
 1143 000e 30B5     		push	{r4, r5, lr}
 1144              		.cfi_def_cfa_offset 12
 1145              		.cfi_offset 4, -12
 1146              		.cfi_offset 5, -8
 1147              		.cfi_offset 14, -4
 1148              	.LBB189:
 1149              		.loc 1 326 46 view .LVU288
 1150 0010 B0F85C40 		ldrh	r4, [r0, #92]
 1151 0014 B0F85EE0 		ldrh	lr, [r0, #94]
 1152              	.LBE189:
 322:src/controls.cpp ****     snapshot.effect = requested_effect_;
 1153              		.loc 1 322 23 view .LVU289
 1154 0018 90F84C50 		ldrb	r5, [r0, #76]	@ zero_extendqisi2
 1155              	.LVL80:
 323:src/controls.cpp ****     snapshot.bypass = requested_bypass_ ? 1 : 0;
 1156              		.loc 1 323 5 is_stmt 1 view .LVU290
 1157              	.LBB190:
 327:src/controls.cpp ****         published_pot_fixed_[i] = pot_fixed_[i];
 1158              		.loc 1 327 33 is_stmt 0 view .LVU291
 1159 001c A0F86240 		strh	r4, [r0, #98]	@ movhi
 1160 0020 A0F864E0 		strh	lr, [r0, #100]	@ movhi
 1161 0024 A0F866C0 		strh	ip, [r0, #102]	@ movhi
 1162              	.LBE190:
 323:src/controls.cpp ****     snapshot.bypass = requested_bypass_ ? 1 : 0;
 1163              		.loc 1 323 21 view .LVU292
 1164 0028 90F84D00 		ldrb	r0, [r0, #77]	@ zero_extendqisi2
 1165              	.LVL81:
 324:src/controls.cpp ****     {
 1166              		.loc 1 324 5 is_stmt 1 view .LVU293
 1167              	.LBB191:
 324:src/controls.cpp ****     {
 1168              		.loc 1 324 22 view .LVU294
 326:src/controls.cpp ****         published_pot_fixed_[i] = pot_fixed_[i];
 1169              		.loc 1 326 9 view .LVU295
ARM GAS  C:\Users\aydan\AppData\Local\Temp\ccemGtGF.s 			page 36


 1170              		.loc 1 327 9 view .LVU296
 324:src/controls.cpp ****     {
 1171              		.loc 1 324 5 view .LVU297
 324:src/controls.cpp ****     {
 1172              		.loc 1 324 22 view .LVU298
 326:src/controls.cpp ****         published_pot_fixed_[i] = pot_fixed_[i];
 1173              		.loc 1 326 9 view .LVU299
 1174              		.loc 1 327 9 view .LVU300
 324:src/controls.cpp ****     {
 1175              		.loc 1 324 5 view .LVU301
 324:src/controls.cpp ****     {
 1176              		.loc 1 324 22 view .LVU302
 326:src/controls.cpp ****         published_pot_fixed_[i] = pot_fixed_[i];
 1177              		.loc 1 326 9 view .LVU303
 1178              		.loc 1 327 9 view .LVU304
 324:src/controls.cpp ****     {
 1179              		.loc 1 324 5 view .LVU305
 324:src/controls.cpp ****     {
 1180              		.loc 1 324 22 view .LVU306
 1181              	.LBE191:
 328:src/controls.cpp ****     }
 329:src/controls.cpp ****     mailbox_->Publish(snapshot);
 1182              		.loc 1 329 5 view .LVU307
 1183              	.LBB192:
 1184              	.LBI192:
 1185              		.file 4 "src/control_mailbox.h"
   1:src/control_mailbox.h **** #pragma once
   2:src/control_mailbox.h **** 
   3:src/control_mailbox.h **** #include "app_config.h"
   4:src/control_mailbox.h **** 
   5:src/control_mailbox.h **** #include <stdint.h>
   6:src/control_mailbox.h **** #include <type_traits>
   7:src/control_mailbox.h **** 
   8:src/control_mailbox.h **** namespace app
   9:src/control_mailbox.h **** {
  10:src/control_mailbox.h **** 
  11:src/control_mailbox.h **** // Compact requested-control state crossing from the foreground loop into the
  12:src/control_mailbox.h **** // audio interrupt. Keep this trivially copyable and small so a seqlock retry is
  13:src/control_mailbox.h **** // cheap and no dynamic allocation or mutex is needed.
  14:src/control_mailbox.h **** struct ControlSnapshot
  15:src/control_mailbox.h **** {
  16:src/control_mailbox.h ****     uint8_t effect;
  17:src/control_mailbox.h ****     uint8_t bypass;
  18:src/control_mailbox.h ****     uint16_t parameters[config::kPhysicalPotCount];
  19:src/control_mailbox.h **** };
  20:src/control_mailbox.h **** 
  21:src/control_mailbox.h **** static_assert(std::is_trivially_copyable<ControlSnapshot>::value, "ControlSnapshot must be copied b
  22:src/control_mailbox.h **** static_assert(sizeof(ControlSnapshot) <= 16, "ControlSnapshot must stay small for interrupt transfe
  23:src/control_mailbox.h **** 
  24:src/control_mailbox.h **** // Single-writer/single-reader mailbox for the main loop -> audio callback handoff.
  25:src/control_mailbox.h **** // The main loop is the only writer, and the audio interrupt is the only reader.
  26:src/control_mailbox.h **** class ControlMailbox
  27:src/control_mailbox.h **** {
  28:src/control_mailbox.h ****   public:
  29:src/control_mailbox.h ****     ControlMailbox();
  30:src/control_mailbox.h **** 
  31:src/control_mailbox.h ****     // Publish() is called from the main loop after controls have been filtered and
ARM GAS  C:\Users\aydan\AppData\Local\Temp\ccemGtGF.s 			page 37


  32:src/control_mailbox.h ****     // debounced. It marks the sequence odd while the payload is being copied.
  33:src/control_mailbox.h ****     void Publish(const ControlSnapshot& snapshot);
  34:src/control_mailbox.h **** 
  35:src/control_mailbox.h ****     // Read() is called once at the beginning of an audio block. It returns false
  36:src/control_mailbox.h ****     // if publication is in progress, allowing the callback to keep its last valid
  37:src/control_mailbox.h ****     // snapshot without blocking.
  38:src/control_mailbox.h ****     bool Read(ControlSnapshot& out, uint32_t& out_revision) const;
  39:src/control_mailbox.h **** 
  40:src/control_mailbox.h ****   private:
  41:src/control_mailbox.h ****     uint32_t sequence_;
  42:src/control_mailbox.h ****     ControlSnapshot snapshot_;
  43:src/control_mailbox.h **** };
  44:src/control_mailbox.h **** 
  45:src/control_mailbox.h **** inline ControlMailbox::ControlMailbox()
  46:src/control_mailbox.h **** : sequence_(0),
  47:src/control_mailbox.h ****   snapshot_{config::FX_TUNER, 0, {0, 0, 0}}
  48:src/control_mailbox.h **** {
  49:src/control_mailbox.h **** }
  50:src/control_mailbox.h **** 
  51:src/control_mailbox.h **** // GCC atomics provide the compiler and CPU barriers needed for the callback to
  52:src/control_mailbox.h **** // reject in-progress or torn snapshots. The sequence is even when stable and odd
  53:src/control_mailbox.h **** // while the writer is updating the payload.
  54:src/control_mailbox.h **** inline void ControlMailbox::Publish(const ControlSnapshot& snapshot)
 1186              		.loc 4 54 13 view .LVU308
 1187              	.LBB193:
  55:src/control_mailbox.h **** {
  56:src/control_mailbox.h ****     const uint32_t start = __atomic_load_n(&sequence_, __ATOMIC_RELAXED);
 1188              		.loc 4 56 5 view .LVU309
 1189              		.loc 4 56 72 is_stmt 0 view .LVU310
 1190 002c 1A68     		ldr	r2, [r3]
 1191              	.LVL82:
  57:src/control_mailbox.h ****     __atomic_store_n(&sequence_, start | 1u, __ATOMIC_RELEASE);
 1192              		.loc 4 57 5 is_stmt 1 view .LVU311
 1193              		.loc 4 57 21 is_stmt 0 view .LVU312
 1194 002e BFF35B8F 		dmb	ish
  58:src/control_mailbox.h ****     snapshot_ = snapshot;
  59:src/control_mailbox.h ****     __atomic_store_n(&sequence_, (start + 2u) & ~1u, __ATOMIC_RELEASE);
 1195              		.loc 4 59 41 view .LVU313
 1196 0032 911C     		adds	r1, r2, #2
  57:src/control_mailbox.h ****     __atomic_store_n(&sequence_, start | 1u, __ATOMIC_RELEASE);
 1197              		.loc 4 57 40 view .LVU314
 1198 0034 42F00102 		orr	r2, r2, #1
 1199              	.LVL83:
 1200              		.loc 4 59 21 view .LVU315
 1201 0038 21F00101 		bic	r1, r1, #1
 1202              	.LVL84:
  57:src/control_mailbox.h ****     __atomic_store_n(&sequence_, start | 1u, __ATOMIC_RELEASE);
 1203              		.loc 4 57 21 view .LVU316
 1204 003c 1A60     		str	r2, [r3]
  58:src/control_mailbox.h ****     snapshot_ = snapshot;
 1205              		.loc 4 58 5 is_stmt 1 view .LVU317
  58:src/control_mailbox.h ****     snapshot_ = snapshot;
 1206              		.loc 4 58 15 is_stmt 0 view .LVU318
 1207 003e 1D71     		strb	r5, [r3, #4]
 1208 0040 5871     		strb	r0, [r3, #5]
 1209 0042 DC80     		strh	r4, [r3, #6]	@ movhi
 1210 0044 A3F808E0 		strh	lr, [r3, #8]	@ movhi
ARM GAS  C:\Users\aydan\AppData\Local\Temp\ccemGtGF.s 			page 38


 1211 0048 A3F80AC0 		strh	ip, [r3, #10]	@ movhi
 1212              		.loc 4 59 5 is_stmt 1 view .LVU319
 1213              		.loc 4 59 21 is_stmt 0 view .LVU320
 1214 004c BFF35B8F 		dmb	ish
 1215 0050 1960     		str	r1, [r3]
 1216              	.LVL85:
 1217              		.loc 4 59 21 view .LVU321
 1218              	.LBE193:
 1219              	.LBE192:
 330:src/controls.cpp **** }
 1220              		.loc 1 330 1 view .LVU322
 1221 0052 30BD     		pop	{r4, r5, pc}
 1222              	.LVL86:
 1223              	.L97:
 1224              		.cfi_def_cfa_offset 0
 1225              		.cfi_restore 4
 1226              		.cfi_restore 5
 1227              		.cfi_restore 14
 1228              		.loc 1 330 1 view .LVU323
 1229 0054 7047     		bx	lr
 1230              		.cfi_endproc
 1231              	.LFE2591:
 1233 0056 00BF     		.section	.text._ZN3app8Controls4InitERN5daisy9DaisySeedERNS_14ControlMailboxE,"ax",%progbits
 1234              		.align	1
 1235              		.p2align 2,,3
 1236              		.global	_ZN3app8Controls4InitERN5daisy9DaisySeedERNS_14ControlMailboxE
 1237              		.syntax unified
 1238              		.thumb
 1239              		.thumb_func
 1240              		.fpu fpv5-d16
 1242              	_ZN3app8Controls4InitERN5daisy9DaisySeedERNS_14ControlMailboxE:
 1243              	.LVL87:
 1244              	.LFB2584:
 157:src/controls.cpp ****     mailbox_ = &mailbox;
 1245              		.loc 1 157 1 is_stmt 1 view -0
 1246              		.cfi_startproc
 1247              		@ args = 0, pretend = 0, frame = 112
 1248              		@ frame_needed = 0, uses_anonymous_args = 0
 158:src/controls.cpp **** 
 1249              		.loc 1 158 5 view .LVU325
 157:src/controls.cpp ****     mailbox_ = &mailbox;
 1250              		.loc 1 157 1 is_stmt 0 view .LVU326
 1251 0000 2DE9F04F 		push	{r4, r5, r6, r7, r8, r9, r10, fp, lr}
 1252              		.cfi_def_cfa_offset 36
 1253              		.cfi_offset 4, -36
 1254              		.cfi_offset 5, -32
 1255              		.cfi_offset 6, -28
 1256              		.cfi_offset 7, -24
 1257              		.cfi_offset 8, -20
 1258              		.cfi_offset 9, -16
 1259              		.cfi_offset 10, -12
 1260              		.cfi_offset 11, -8
 1261              		.cfi_offset 14, -4
 161:src/controls.cpp ****     adc_cfg[config::ADC_POT_1].InitSingle(config::kPotPins[1]);
 1262              		.loc 1 161 42 view .LVU327
 1263 0004 0024     		movs	r4, #0
 1264 0006 0226     		movs	r6, #2
ARM GAS  C:\Users\aydan\AppData\Local\Temp\ccemGtGF.s 			page 39


 158:src/controls.cpp **** 
 1265              		.loc 1 158 14 view .LVU328
 1266 0008 0546     		mov	r5, r0
 157:src/controls.cpp ****     mailbox_ = &mailbox;
 1267              		.loc 1 157 1 view .LVU329
 1268 000a 8046     		mov	r8, r0
 1269 000c 8946     		mov	r9, r1
 163:src/controls.cpp ****     adc_cfg[config::ADC_ROTARY].InitSingle(config::kRotaryPin);
 1270              		.loc 1 163 42 view .LVU330
 1271 000e 4FF0010A 		mov	r10, #1
 170:src/controls.cpp ****                                         config::kRotaryPositionCount,
 1272              		.loc 1 170 40 view .LVU331
 1273 0012 08F1200B 		add	fp, r8, #32
 175:src/controls.cpp ****     float rotary_accum = 0.0f;
 1274              		.loc 1 175 11 view .LVU332
 1275 0016 0827     		movs	r7, #8
 157:src/controls.cpp ****     mailbox_ = &mailbox;
 1276              		.loc 1 157 1 view .LVU333
 1277 0018 2DED028B 		vpush.64	{d8}
 1278              		.cfi_def_cfa_offset 44
 1279              		.cfi_offset 80, -44
 1280              		.cfi_offset 81, -40
 1281 001c 9FB0     		sub	sp, sp, #124
 1282              		.cfi_def_cfa_offset 168
 158:src/controls.cpp **** 
 1283              		.loc 1 158 14 view .LVU334
 1284 001e 45F8042B 		str	r2, [r5], #4
 160:src/controls.cpp ****     adc_cfg[config::ADC_POT_0].InitSingle(config::kPotPins[0]);
 1285              		.loc 1 160 5 is_stmt 1 view .LVU335
 161:src/controls.cpp ****     adc_cfg[config::ADC_POT_1].InitSingle(config::kPotPins[1]);
 1286              		.loc 1 161 5 view .LVU336
 161:src/controls.cpp ****     adc_cfg[config::ADC_POT_1].InitSingle(config::kPotPins[1]);
 1287              		.loc 1 161 42 is_stmt 0 view .LVU337
 1288 0022 3246     		mov	r2, r6
 1289              	.LVL88:
 161:src/controls.cpp ****     adc_cfg[config::ADC_POT_1].InitSingle(config::kPotPins[1]);
 1290              		.loc 1 161 42 view .LVU338
 1291 0024 8DF81460 		strb	r6, [sp, #20]
 1292 0028 0CA8     		add	r0, sp, #48
 1293              	.LVL89:
 161:src/controls.cpp ****     adc_cfg[config::ADC_POT_1].InitSingle(config::kPotPins[1]);
 1294              		.loc 1 161 42 view .LVU339
 1295 002a 8DF81540 		strb	r4, [sp, #21]
 1296 002e 0599     		ldr	r1, [sp, #20]
 1297              	.LVL90:
 161:src/controls.cpp ****     adc_cfg[config::ADC_POT_1].InitSingle(config::kPotPins[1]);
 1298              		.loc 1 161 42 view .LVU340
 1299 0030 FFF7FEFF 		bl	_ZN5daisy16AdcChannelConfig10InitSingleE12dsy_gpio_pinNS0_15ConversionSpeedE
 1300              	.LVL91:
 162:src/controls.cpp ****     adc_cfg[config::ADC_POT_2].InitSingle(config::kPotPins[2]);
 1301              		.loc 1 162 5 is_stmt 1 view .LVU341
 162:src/controls.cpp ****     adc_cfg[config::ADC_POT_2].InitSingle(config::kPotPins[2]);
 1302              		.loc 1 162 42 is_stmt 0 view .LVU342
 1303 0034 0323     		movs	r3, #3
 1304 0036 8DF81840 		strb	r4, [sp, #24]
 1305 003a 3246     		mov	r2, r6
 1306 003c 8DF81930 		strb	r3, [sp, #25]
ARM GAS  C:\Users\aydan\AppData\Local\Temp\ccemGtGF.s 			page 40


 1307 0040 0DF14200 		add	r0, sp, #66
 1308 0044 0699     		ldr	r1, [sp, #24]
 1309 0046 FFF7FEFF 		bl	_ZN5daisy16AdcChannelConfig10InitSingleE12dsy_gpio_pinNS0_15ConversionSpeedE
 1310              	.LVL92:
 163:src/controls.cpp ****     adc_cfg[config::ADC_ROTARY].InitSingle(config::kRotaryPin);
 1311              		.loc 1 163 5 is_stmt 1 view .LVU343
 163:src/controls.cpp ****     adc_cfg[config::ADC_ROTARY].InitSingle(config::kRotaryPin);
 1312              		.loc 1 163 42 is_stmt 0 view .LVU344
 1313 004a 8DF81CA0 		strb	r10, [sp, #28]
 1314 004e 8DF81DA0 		strb	r10, [sp, #29]
 1315 0052 3246     		mov	r2, r6
 1316 0054 0799     		ldr	r1, [sp, #28]
 1317 0056 15A8     		add	r0, sp, #84
 1318 0058 FFF7FEFF 		bl	_ZN5daisy16AdcChannelConfig10InitSingleE12dsy_gpio_pinNS0_15ConversionSpeedE
 1319              	.LVL93:
 164:src/controls.cpp ****     hw.adc.Init(adc_cfg, config::ADC_COUNT);
 1320              		.loc 1 164 5 is_stmt 1 view .LVU345
 164:src/controls.cpp ****     hw.adc.Init(adc_cfg, config::ADC_COUNT);
 1321              		.loc 1 164 43 is_stmt 0 view .LVU346
 1322 005c 0723     		movs	r3, #7
 1323 005e 8DF82040 		strb	r4, [sp, #32]
 1324 0062 3246     		mov	r2, r6
 1325 0064 8DF82130 		strb	r3, [sp, #33]
 1326 0068 0DF16600 		add	r0, sp, #102
 1327 006c 0899     		ldr	r1, [sp, #32]
 165:src/controls.cpp ****     hw.adc.Start();
 1328              		.loc 1 165 16 view .LVU347
 1329 006e 09F11806 		add	r6, r9, #24
 164:src/controls.cpp ****     hw.adc.Init(adc_cfg, config::ADC_COUNT);
 1330              		.loc 1 164 43 view .LVU348
 1331 0072 FFF7FEFF 		bl	_ZN5daisy16AdcChannelConfig10InitSingleE12dsy_gpio_pinNS0_15ConversionSpeedE
 1332              	.LVL94:
 165:src/controls.cpp ****     hw.adc.Start();
 1333              		.loc 1 165 5 is_stmt 1 view .LVU349
 165:src/controls.cpp ****     hw.adc.Start();
 1334              		.loc 1 165 16 is_stmt 0 view .LVU350
 1335 0076 0423     		movs	r3, #4
 1336 0078 0CA9     		add	r1, sp, #48
 1337 007a 3046     		mov	r0, r6
 1338 007c 1A46     		mov	r2, r3
 1339 007e FFF7FEFF 		bl	_ZN5daisy9AdcHandle4InitEPNS_16AdcChannelConfigEjNS0_12OverSamplingE
 1340              	.LVL95:
 166:src/controls.cpp ****     hw.DelayMs(5);
 1341              		.loc 1 166 5 is_stmt 1 view .LVU351
 166:src/controls.cpp ****     hw.DelayMs(5);
 1342              		.loc 1 166 17 is_stmt 0 view .LVU352
 1343 0082 3046     		mov	r0, r6
 1344 0084 FFF7FEFF 		bl	_ZN5daisy9AdcHandle5StartEv
 1345              	.LVL96:
 167:src/controls.cpp **** 
 1346              		.loc 1 167 5 is_stmt 1 view .LVU353
 167:src/controls.cpp **** 
 1347              		.loc 1 167 15 is_stmt 0 view .LVU354
 1348 0088 0521     		movs	r1, #5
 1349 008a 4846     		mov	r0, r9
 1350 008c FFF7FEFF 		bl	_ZN5daisy9DaisySeed7DelayMsEj
 1351              	.LVL97:
ARM GAS  C:\Users\aydan\AppData\Local\Temp\ccemGtGF.s 			page 41


 169:src/controls.cpp ****     const bool rotary_ok = rotary_.Init(config::kRotaryCentersU16,
 1352              		.loc 1 169 5 is_stmt 1 view .LVU355
 169:src/controls.cpp ****     const bool rotary_ok = rotary_.Init(config::kRotaryCentersU16,
 1353              		.loc 1 169 15 is_stmt 0 view .LVU356
 1354 0090 8A4A     		ldr	r2, .L139
 1355 0092 5346     		mov	r3, r10
 1356 0094 2846     		mov	r0, r5
 1357 0096 1168     		ldr	r1, [r2]
 1358 0098 2246     		mov	r2, r4
 1359 009a 0094     		str	r4, [sp]
 1360 009c FFF7FEFF 		bl	_ZN5daisy4GPIO4InitENS_3PinENS0_4ModeENS0_4PullENS0_5SpeedE
 1361              	.LVL98:
 170:src/controls.cpp ****                                         config::kRotaryPositionCount,
 1362              		.loc 1 170 5 is_stmt 1 view .LVU357
 1363              	.LBB220:
 1364              	.LBI220:
  51:src/controls.cpp **** {
 1365              		.loc 1 51 6 view .LVU358
 1366              	.LBB221:
  53:src/controls.cpp ****     count_ = count;
 1367              		.loc 1 53 5 view .LVU359
 1368              	.LBE221:
 1369              	.LBE220:
 175:src/controls.cpp ****     float rotary_accum = 0.0f;
 1370              		.loc 1 175 11 is_stmt 0 view .LVU360
 1371 00a0 DFED877A 		vldr.32	s15, .L139+4
 1372              	.LBB225:
 1373              	.LBB222:
  53:src/controls.cpp ****     count_ = count;
 1374              		.loc 1 53 14 view .LVU361
 1375 00a4 8749     		ldr	r1, .L139+8
  55:src/controls.cpp ****     max_center_error_ = max_center_error;
 1376              		.loc 1 55 17 view .LVU362
 1377 00a6 0622     		movs	r2, #6
 1378 00a8 874B     		ldr	r3, .L139+12
 1379 00aa 5846     		mov	r0, fp
  59:src/controls.cpp ****     valid_ = false;
 1380              		.loc 1 59 25 view .LVU363
 1381 00ac C8F84040 		str	r4, [r8, #64]
 1382              	.LBE222:
 1383              	.LBE225:
 175:src/controls.cpp ****     float rotary_accum = 0.0f;
 1384              		.loc 1 175 11 view .LVU364
 1385 00b0 B0EE678A 		vmov.f32	s16, s15
 1386              	.LBB226:
 1387              	.LBB223:
  60:src/controls.cpp **** 
 1388              		.loc 1 60 12 view .LVU365
 1389 00b4 88F82D40 		strb	r4, [r8, #45]
 1390              	.LBE223:
 1391              	.LBE226:
 176:src/controls.cpp ****     constexpr int kPrimeSamples = 8;
 1392              		.loc 1 176 11 view .LVU366
 1393 00b8 F0EE678A 		vmov.f32	s17, s15
 1394              	.LBB227:
 1395              	.LBB224:
  53:src/controls.cpp ****     count_ = count;
ARM GAS  C:\Users\aydan\AppData\Local\Temp\ccemGtGF.s 			page 42


 1396              		.loc 1 53 14 view .LVU367
 1397 00bc C8F82010 		str	r1, [r8, #32]
  54:src/controls.cpp ****     hysteresis_ = hysteresis;
 1398              		.loc 1 54 5 is_stmt 1 view .LVU368
  55:src/controls.cpp ****     max_center_error_ = max_center_error;
 1399              		.loc 1 55 5 view .LVU369
  56:src/controls.cpp ****     candidate_position_ = 0;
 1400              		.loc 1 56 5 view .LVU370
  58:src/controls.cpp ****     candidate_since_ms_ = 0;
 1401              		.loc 1 58 22 is_stmt 0 view .LVU371
 1402 00c0 C8E90E44 		strd	r4, r4, [r8, #56]
  55:src/controls.cpp ****     max_center_error_ = max_center_error;
 1403              		.loc 1 55 17 view .LVU372
 1404 00c4 C8E90923 		strd	r2, r3, [r8, #36]
  57:src/controls.cpp ****     stable_position_ = 0;
 1405              		.loc 1 57 5 is_stmt 1 view .LVU373
  58:src/controls.cpp ****     candidate_since_ms_ = 0;
 1406              		.loc 1 58 5 view .LVU374
  59:src/controls.cpp ****     valid_ = false;
 1407              		.loc 1 59 5 view .LVU375
  60:src/controls.cpp **** 
 1408              		.loc 1 60 5 view .LVU376
  62:src/controls.cpp ****         return false;
 1409              		.loc 1 62 5 view .LVU377
 1410 00c8 FFF7FEFF 		bl	_ZN3app18AnalogRotaryLadder4InitEPKtitt.part.0
 1411              	.LVL99:
 1412 00cc 8246     		mov	r10, r0
 1413              	.LVL100:
  62:src/controls.cpp ****         return false;
 1414              		.loc 1 62 5 is_stmt 0 view .LVU378
 1415              	.LBE224:
 1416              	.LBE227:
 175:src/controls.cpp ****     float rotary_accum = 0.0f;
 1417              		.loc 1 175 5 is_stmt 1 view .LVU379
 175:src/controls.cpp ****     float rotary_accum = 0.0f;
 1418              		.loc 1 175 11 is_stmt 0 view .LVU380
 1419 00ce CDED097A 		vstr.32	s15, [sp, #36]
 1420 00d2 CDED0A7A 		vstr.32	s15, [sp, #40]
 1421 00d6 CDED0B7A 		vstr.32	s15, [sp, #44]
 176:src/controls.cpp ****     constexpr int kPrimeSamples = 8;
 1422              		.loc 1 176 5 is_stmt 1 view .LVU381
 1423              	.LVL101:
 177:src/controls.cpp ****     for(int sample = 0; sample < kPrimeSamples; ++sample)
 1424              		.loc 1 177 5 view .LVU382
 178:src/controls.cpp ****     {
 1425              		.loc 1 178 5 view .LVU383
 1426              	.LBB228:
 178:src/controls.cpp ****     {
 1427              		.loc 1 178 32 view .LVU384
 1428              	.L106:
 1429              	.LBB229:
 1430              	.LBB230:
 180:src/controls.cpp ****             pot_accum[i] += ClampFloat(hw.adc.GetFloat(i), 0.0f, 1.0f);
 1431              		.loc 1 180 26 view .LVU385
 1432 00da 0AAD     		add	r5, sp, #40
 180:src/controls.cpp ****             pot_accum[i] += ClampFloat(hw.adc.GetFloat(i), 0.0f, 1.0f);
 1433              		.loc 1 180 17 is_stmt 0 view .LVU386
ARM GAS  C:\Users\aydan\AppData\Local\Temp\ccemGtGF.s 			page 43


 1434 00dc 0024     		movs	r4, #0
 1435              	.LVL102:
 1436              	.L103:
 181:src/controls.cpp ****         rotary_accum += ClampFloat(hw.adc.GetFloat(config::ADC_ROTARY), 0.0f, 1.0f);
 1437              		.loc 1 181 13 is_stmt 1 discriminator 2 view .LVU387
 181:src/controls.cpp ****         rotary_accum += ClampFloat(hw.adc.GetFloat(config::ADC_ROTARY), 0.0f, 1.0f);
 1438              		.loc 1 181 39 is_stmt 0 discriminator 2 view .LVU388
 1439 00de E1B2     		uxtb	r1, r4
 1440 00e0 3046     		mov	r0, r6
 1441 00e2 FFF7FEFF 		bl	_ZNK5daisy9AdcHandle8GetFloatEh
 1442              	.LVL103:
 1443              	.LBB231:
 1444              	.LBB232:
   9:src/controls.cpp **** }
 1445              		.loc 1 9 23 discriminator 2 view .LVU389
 1446 00e6 B5EEC00A 		vcmpe.f32	s0, #0
   9:src/controls.cpp **** }
 1447              		.loc 1 9 42 discriminator 2 view .LVU390
 1448 00ea F7EE007A 		vmov.f32	s15, #1.0e+0
 1449              	.LVL104:
   9:src/controls.cpp **** }
 1450              		.loc 1 9 42 discriminator 2 view .LVU391
 1451              	.LBE232:
 1452              	.LBI231:
   7:src/controls.cpp **** {
 1453              		.loc 1 7 14 is_stmt 1 discriminator 2 view .LVU392
 1454              	.LBB233:
   9:src/controls.cpp **** }
 1455              		.loc 1 9 5 discriminator 2 view .LVU393
   9:src/controls.cpp **** }
 1456              		.loc 1 9 23 is_stmt 0 discriminator 2 view .LVU394
 1457 00ee F1EE10FA 		vmrs	APSR_nzcv, FPSCR
 1458 00f2 0FD4     		bmi	.L123
   9:src/controls.cpp **** }
 1459              		.loc 1 9 42 view .LVU395
 1460 00f4 B4EE670A 		vcmp.f32	s0, s15
 1461              	.LBE233:
 1462              	.LBE231:
 180:src/controls.cpp ****             pot_accum[i] += ClampFloat(hw.adc.GetFloat(i), 0.0f, 1.0f);
 1463              		.loc 1 180 9 view .LVU396
 1464 00f8 0134     		adds	r4, r4, #1
 1465              	.LVL105:
 1466              	.LBB236:
 1467              	.LBB234:
   9:src/controls.cpp **** }
 1468              		.loc 1 9 42 view .LVU397
 1469 00fa F1EE10FA 		vmrs	APSR_nzcv, FPSCR
 1470 00fe 37FE800A 		vselgt.f32	s0, s15, s0
 1471              	.LVL106:
   9:src/controls.cpp **** }
 1472              		.loc 1 9 42 view .LVU398
 1473              	.LBE234:
 1474              	.LBE236:
 181:src/controls.cpp ****         rotary_accum += ClampFloat(hw.adc.GetFloat(config::ADC_ROTARY), 0.0f, 1.0f);
 1475              		.loc 1 181 26 view .LVU399
 1476 0102 30EE080A 		vadd.f32	s0, s0, s16
 180:src/controls.cpp ****             pot_accum[i] += ClampFloat(hw.adc.GetFloat(i), 0.0f, 1.0f);
ARM GAS  C:\Users\aydan\AppData\Local\Temp\ccemGtGF.s 			page 44


 1477              		.loc 1 180 26 view .LVU400
 1478 0106 032C     		cmp	r4, #3
 181:src/controls.cpp ****         rotary_accum += ClampFloat(hw.adc.GetFloat(config::ADC_ROTARY), 0.0f, 1.0f);
 1479              		.loc 1 181 26 view .LVU401
 1480 0108 05ED010A 		vstr.32	s0, [r5, #-4]
 180:src/controls.cpp ****             pot_accum[i] += ClampFloat(hw.adc.GetFloat(i), 0.0f, 1.0f);
 1481              		.loc 1 180 9 is_stmt 1 view .LVU402
 180:src/controls.cpp ****             pot_accum[i] += ClampFloat(hw.adc.GetFloat(i), 0.0f, 1.0f);
 1482              		.loc 1 180 26 view .LVU403
 1483 010c 0BD0     		beq	.L102
 1484              	.L134:
 181:src/controls.cpp ****         rotary_accum += ClampFloat(hw.adc.GetFloat(config::ADC_ROTARY), 0.0f, 1.0f);
 1485              		.loc 1 181 26 is_stmt 0 view .LVU404
 1486 010e B5EC018A 		vldmia.32	r5!, {s16}
 1487 0112 E4E7     		b	.L103
 1488              	.LVL107:
 1489              	.L123:
 1490              	.LBB237:
 1491              	.LBB235:
   9:src/controls.cpp **** }
 1492              		.loc 1 9 23 view .LVU405
 1493 0114 9FED6A0A 		vldr.32	s0, .L139+4
 1494              	.LVL108:
   9:src/controls.cpp **** }
 1495              		.loc 1 9 23 view .LVU406
 1496              	.LBE235:
 1497              	.LBE237:
 180:src/controls.cpp ****             pot_accum[i] += ClampFloat(hw.adc.GetFloat(i), 0.0f, 1.0f);
 1498              		.loc 1 180 9 view .LVU407
 1499 0118 0134     		adds	r4, r4, #1
 1500              	.LVL109:
 181:src/controls.cpp ****         rotary_accum += ClampFloat(hw.adc.GetFloat(config::ADC_ROTARY), 0.0f, 1.0f);
 1501              		.loc 1 181 26 view .LVU408
 1502 011a 30EE080A 		vadd.f32	s0, s0, s16
 180:src/controls.cpp ****             pot_accum[i] += ClampFloat(hw.adc.GetFloat(i), 0.0f, 1.0f);
 1503              		.loc 1 180 26 view .LVU409
 1504 011e 032C     		cmp	r4, #3
 181:src/controls.cpp ****         rotary_accum += ClampFloat(hw.adc.GetFloat(config::ADC_ROTARY), 0.0f, 1.0f);
 1505              		.loc 1 181 26 view .LVU410
 1506 0120 05ED010A 		vstr.32	s0, [r5, #-4]
 180:src/controls.cpp ****             pot_accum[i] += ClampFloat(hw.adc.GetFloat(i), 0.0f, 1.0f);
 1507              		.loc 1 180 9 is_stmt 1 view .LVU411
 180:src/controls.cpp ****             pot_accum[i] += ClampFloat(hw.adc.GetFloat(i), 0.0f, 1.0f);
 1508              		.loc 1 180 26 view .LVU412
 1509 0124 F3D1     		bne	.L134
 1510              	.L102:
 180:src/controls.cpp ****             pot_accum[i] += ClampFloat(hw.adc.GetFloat(i), 0.0f, 1.0f);
 1511              		.loc 1 180 26 is_stmt 0 view .LVU413
 1512              	.LBE230:
 182:src/controls.cpp ****         hw.DelayMs(1);
 1513              		.loc 1 182 9 is_stmt 1 discriminator 2 view .LVU414
 182:src/controls.cpp ****         hw.DelayMs(1);
 1514              		.loc 1 182 35 is_stmt 0 discriminator 2 view .LVU415
 1515 0126 2146     		mov	r1, r4
 1516 0128 3046     		mov	r0, r6
 1517 012a FFF7FEFF 		bl	_ZNK5daisy9AdcHandle8GetFloatEh
 1518              	.LVL110:
ARM GAS  C:\Users\aydan\AppData\Local\Temp\ccemGtGF.s 			page 45


 1519              	.LBB238:
 1520              	.LBI238:
   7:src/controls.cpp **** {
 1521              		.loc 1 7 14 is_stmt 1 discriminator 2 view .LVU416
 1522              	.LBB239:
   9:src/controls.cpp **** }
 1523              		.loc 1 9 5 discriminator 2 view .LVU417
   9:src/controls.cpp **** }
 1524              		.loc 1 9 23 is_stmt 0 discriminator 2 view .LVU418
 1525 012e B5EEC00A 		vcmpe.f32	s0, #0
 1526 0132 F1EE10FA 		vmrs	APSR_nzcv, FPSCR
 1527 0136 12D4     		bmi	.L125
   9:src/controls.cpp **** }
 1528              		.loc 1 9 42 view .LVU419
 1529 0138 F7EE007A 		vmov.f32	s15, #1.0e+0
 1530 013c B4EE670A 		vcmp.f32	s0, s15
 1531 0140 F1EE10FA 		vmrs	APSR_nzcv, FPSCR
 1532 0144 37FE800A 		vselgt.f32	s0, s15, s0
 1533              	.LVL111:
 1534              	.L104:
   9:src/controls.cpp **** }
 1535              		.loc 1 9 42 view .LVU420
 1536              	.LBE239:
 1537              	.LBE238:
 183:src/controls.cpp ****     }
 1538              		.loc 1 183 19 view .LVU421
 1539 0148 0121     		movs	r1, #1
 1540 014a 4846     		mov	r0, r9
 182:src/controls.cpp ****         hw.DelayMs(1);
 1541              		.loc 1 182 22 view .LVU422
 1542 014c 78EE808A 		vadd.f32	s17, s17, s0
 1543              	.LVL112:
 183:src/controls.cpp ****     }
 1544              		.loc 1 183 9 is_stmt 1 view .LVU423
 183:src/controls.cpp ****     }
 1545              		.loc 1 183 19 is_stmt 0 view .LVU424
 1546 0150 FFF7FEFF 		bl	_ZN5daisy9DaisySeed7DelayMsEj
 1547              	.LVL113:
 1548              	.LBE229:
 178:src/controls.cpp ****     {
 1549              		.loc 1 178 5 is_stmt 1 view .LVU425
 178:src/controls.cpp ****     {
 1550              		.loc 1 178 32 view .LVU426
 1551 0154 013F     		subs	r7, r7, #1
 1552              	.LVL114:
 178:src/controls.cpp ****     {
 1553              		.loc 1 178 32 is_stmt 0 view .LVU427
 1554 0156 05D0     		beq	.L105
 1555              	.LBB243:
 1556              	.LBB241:
 181:src/controls.cpp ****         rotary_accum += ClampFloat(hw.adc.GetFloat(config::ADC_ROTARY), 0.0f, 1.0f);
 1557              		.loc 1 181 26 view .LVU428
 1558 0158 9DED098A 		vldr.32	s16, [sp, #36]
 1559 015c BDE7     		b	.L106
 1560              	.LVL115:
 1561              	.L125:
 181:src/controls.cpp ****         rotary_accum += ClampFloat(hw.adc.GetFloat(config::ADC_ROTARY), 0.0f, 1.0f);
ARM GAS  C:\Users\aydan\AppData\Local\Temp\ccemGtGF.s 			page 46


 1562              		.loc 1 181 26 view .LVU429
 1563              	.LBE241:
 1564              	.LBB242:
 1565              	.LBB240:
   9:src/controls.cpp **** }
 1566              		.loc 1 9 23 view .LVU430
 1567 015e 9FED580A 		vldr.32	s0, .L139+4
 1568              	.LVL116:
   9:src/controls.cpp **** }
 1569              		.loc 1 9 23 view .LVU431
 1570 0162 F1E7     		b	.L104
 1571              	.LVL117:
 1572              	.L105:
   9:src/controls.cpp **** }
 1573              		.loc 1 9 23 view .LVU432
 1574 0164 08F15C01 		add	r1, r8, #92
 1575 0168 09A8     		add	r0, sp, #36
 1576 016a 08F15003 		add	r3, r8, #80
 1577 016e 0C46     		mov	r4, r1
 1578              	.LVL118:
 1579              	.L108:
   9:src/controls.cpp **** }
 1580              		.loc 1 9 23 view .LVU433
 1581              	.LBE240:
 1582              	.LBE242:
 1583              	.LBE243:
 1584              	.LBE228:
 1585              	.LBB244:
 188:src/controls.cpp ****         pot_fixed_[i] = FloatToU16(pot_filtered_[i]);
 1586              		.loc 1 188 9 is_stmt 1 discriminator 2 view .LVU434
 188:src/controls.cpp ****         pot_fixed_[i] = FloatToU16(pot_filtered_[i]);
 1587              		.loc 1 188 41 is_stmt 0 discriminator 2 view .LVU435
 1588 0170 B4EE007A 		vmov.f32	s14, #1.25e-1
 188:src/controls.cpp ****         pot_fixed_[i] = FloatToU16(pot_filtered_[i]);
 1589              		.loc 1 188 39 discriminator 2 view .LVU436
 1590 0174 F0EC017A 		vldmia.32	r0!, {s15}
 1591              	.LBB245:
 1592              	.LBB246:
 1593              	.LBB247:
 1594              	.LBB248:
   9:src/controls.cpp **** }
 1595              		.loc 1 9 42 discriminator 2 view .LVU437
 1596 0178 F7EE006A 		vmov.f32	s13, #1.0e+0
 1597 017c 0022     		movs	r2, #0
 1598              	.LBE248:
 1599              	.LBE247:
 1600              	.LBE246:
 1601              	.LBE245:
 188:src/controls.cpp ****         pot_fixed_[i] = FloatToU16(pot_filtered_[i]);
 1602              		.loc 1 188 41 discriminator 2 view .LVU438
 1603 017e 67EE877A 		vmul.f32	s15, s15, s14
 1604              	.LBB257:
 1605              	.LBB255:
 1606              	.LBB252:
 1607              	.LBB249:
   9:src/controls.cpp **** }
 1608              		.loc 1 9 23 discriminator 2 view .LVU439
ARM GAS  C:\Users\aydan\AppData\Local\Temp\ccemGtGF.s 			page 47


 1609 0182 F5EEC07A 		vcmpe.f32	s15, #0
 1610              	.LBE249:
 1611              	.LBE252:
 1612              	.LBE255:
 1613              	.LBE257:
 188:src/controls.cpp ****         pot_fixed_[i] = FloatToU16(pot_filtered_[i]);
 1614              		.loc 1 188 26 discriminator 2 view .LVU440
 1615 0186 E3EC017A 		vstmia.32	r3!, {s15}
 189:src/controls.cpp ****     }
 1616              		.loc 1 189 9 is_stmt 1 discriminator 2 view .LVU441
 1617              	.LVL119:
 1618              	.LBB258:
 1619              	.LBI245:
 286:src/controls.cpp **** {
 1620              		.loc 1 286 10 discriminator 2 view .LVU442
 1621              	.LBB256:
 288:src/controls.cpp ****     return (uint16_t)(value * 65535.0f + 0.5f);
 1622              		.loc 1 288 5 discriminator 2 view .LVU443
 1623              	.LBB253:
 1624              	.LBI247:
   7:src/controls.cpp **** {
 1625              		.loc 1 7 14 discriminator 2 view .LVU444
 1626              	.LBB250:
   9:src/controls.cpp **** }
 1627              		.loc 1 9 5 discriminator 2 view .LVU445
   9:src/controls.cpp **** }
 1628              		.loc 1 9 23 is_stmt 0 discriminator 2 view .LVU446
 1629 018a F1EE10FA 		vmrs	APSR_nzcv, FPSCR
 1630 018e 11D4     		bmi	.L107
   9:src/controls.cpp **** }
 1631              		.loc 1 9 42 view .LVU447
 1632 0190 F4EEE67A 		vcmpe.f32	s15, s13
 1633              	.LBE250:
 1634              	.LBE253:
 289:src/controls.cpp **** }
 1635              		.loc 1 289 40 view .LVU448
 1636 0194 9FED4D6A 		vldr.32	s12, .L139+16
 1637 0198 B6EE007A 		vmov.f32	s14, #5.0e-1
 1638              	.LBB254:
 1639              	.LBB251:
 1640 019c 4FF6FF72 		movw	r2, #65535
   9:src/controls.cpp **** }
 1641              		.loc 1 9 42 view .LVU449
 1642 01a0 F1EE10FA 		vmrs	APSR_nzcv, FPSCR
 1643 01a4 06DC     		bgt	.L107
 1644              	.LBE251:
 1645              	.LBE254:
 289:src/controls.cpp **** }
 1646              		.loc 1 289 40 view .LVU450
 1647 01a6 A7EE867A 		vfma.f32	s14, s15, s12
 289:src/controls.cpp **** }
 1648              		.loc 1 289 46 view .LVU451
 1649 01aa BCEEC77A 		vcvt.u32.f32	s14, s14
 1650 01ae 17EE102A 		vmov	r2, s14	@ int
 1651 01b2 92B2     		uxth	r2, r2
 1652              	.L107:
 1653              	.LVL120:
ARM GAS  C:\Users\aydan\AppData\Local\Temp\ccemGtGF.s 			page 48


 289:src/controls.cpp **** }
 1654              		.loc 1 289 5 is_stmt 1 view .LVU452
 1655              	.LBE256:
 1656              	.LBE258:
 186:src/controls.cpp ****     {
 1657              		.loc 1 186 22 is_stmt 0 view .LVU453
 1658 01b4 9C42     		cmp	r4, r3
 189:src/controls.cpp ****     }
 1659              		.loc 1 189 23 view .LVU454
 1660 01b6 21F8022B 		strh	r2, [r1], #2	@ movhi
 186:src/controls.cpp ****     {
 1661              		.loc 1 186 5 is_stmt 1 view .LVU455
 186:src/controls.cpp ****     {
 1662              		.loc 1 186 22 view .LVU456
 1663 01ba D9D1     		bne	.L108
 1664              	.LBE244:
 192:src/controls.cpp ****     {
 1665              		.loc 1 192 5 view .LVU457
 1666              	.LBB259:
 1667 01bc BAF1000F 		cmp	r10, #0
 1668 01c0 31D0     		beq	.L110
 1669              	.LBB260:
 194:src/controls.cpp ****         const uint32_t now = daisy::System::GetNow();
 1670              		.loc 1 194 9 view .LVU458
 194:src/controls.cpp ****         const uint32_t now = daisy::System::GetNow();
 1671              		.loc 1 194 47 is_stmt 0 view .LVU459
 1672 01c2 F4EE007A 		vmov.f32	s15, #1.25e-1
 1673 01c6 68EEA78A 		vmul.f32	s17, s17, s15
 1674              	.LVL121:
 1675              	.LBB261:
 1676              	.LBI261:
 286:src/controls.cpp **** {
 1677              		.loc 1 286 10 is_stmt 1 view .LVU460
 1678              	.LBB262:
 288:src/controls.cpp ****     return (uint16_t)(value * 65535.0f + 0.5f);
 1679              		.loc 1 288 5 view .LVU461
 1680              	.LBB263:
 1681              	.LBI263:
   7:src/controls.cpp **** {
 1682              		.loc 1 7 14 view .LVU462
 1683              	.LBB264:
   9:src/controls.cpp **** }
 1684              		.loc 1 9 5 view .LVU463
   9:src/controls.cpp **** }
 1685              		.loc 1 9 23 is_stmt 0 view .LVU464
 1686 01ca F5EEC08A 		vcmpe.f32	s17, #0
 1687 01ce F1EE10FA 		vmrs	APSR_nzcv, FPSCR
 1688 01d2 33D5     		bpl	.L135
 1689 01d4 0021     		movs	r1, #0
 1690              	.L111:
 1691 01d6 0391     		str	r1, [sp, #12]
 1692              	.LVL122:
   9:src/controls.cpp **** }
 1693              		.loc 1 9 23 view .LVU465
 1694              	.LBE264:
 1695              	.LBE263:
 289:src/controls.cpp **** }
ARM GAS  C:\Users\aydan\AppData\Local\Temp\ccemGtGF.s 			page 49


 1696              		.loc 1 289 5 is_stmt 1 view .LVU466
 289:src/controls.cpp **** }
 1697              		.loc 1 289 5 is_stmt 0 view .LVU467
 1698              	.LBE262:
 1699              	.LBE261:
 195:src/controls.cpp ****         const int first = rotary_.Update(rotary_raw, now);
 1700              		.loc 1 195 9 is_stmt 1 view .LVU468
 195:src/controls.cpp ****         const int first = rotary_.Update(rotary_raw, now);
 1701              		.loc 1 195 51 is_stmt 0 view .LVU469
 1702 01d8 FFF7FEFF 		bl	_ZN5daisy6System6GetNowEv
 1703              	.LVL123:
 1704              	.LBB268:
 1705              	.LBB269:
 123:src/controls.cpp ****     if(decoded != candidate_position_)
 1706              		.loc 1 123 45 view .LVU470
 1707 01dc 0399     		ldr	r1, [sp, #12]
 1708              	.LBE269:
 1709              	.LBE268:
 195:src/controls.cpp ****         const int first = rotary_.Update(rotary_raw, now);
 1710              		.loc 1 195 51 view .LVU471
 1711 01de 0646     		mov	r6, r0
 1712              	.LVL124:
 196:src/controls.cpp ****         const int stable = rotary_.Update(rotary_raw, now + config::kRotaryDebounceMs);
 1713              		.loc 1 196 9 is_stmt 1 view .LVU472
 1714              	.LBB275:
 1715              	.LBI268:
 121:src/controls.cpp **** {
 1716              		.loc 1 121 5 view .LVU473
 1717              	.LBB270:
 123:src/controls.cpp ****     if(decoded != candidate_position_)
 1718              		.loc 1 123 5 view .LVU474
 123:src/controls.cpp ****     if(decoded != candidate_position_)
 1719              		.loc 1 123 45 is_stmt 0 view .LVU475
 1720 01e0 5846     		mov	r0, fp
 1721              	.LVL125:
 123:src/controls.cpp ****     if(decoded != candidate_position_)
 1722              		.loc 1 123 45 view .LVU476
 1723 01e2 FFF7FEFF 		bl	_ZNK3app18AnalogRotaryLadder20DecodeWithHysteresisEt
 1724              	.LVL126:
 124:src/controls.cpp ****     {
 1725              		.loc 1 124 5 view .LVU477
 1726 01e6 D8F83840 		ldr	r4, [r8, #56]
 123:src/controls.cpp ****     if(decoded != candidate_position_)
 1727              		.loc 1 123 45 view .LVU478
 1728 01ea 0546     		mov	r5, r0
 1729              	.LVL127:
 124:src/controls.cpp ****     {
 1730              		.loc 1 124 5 is_stmt 1 view .LVU479
 1731 01ec A042     		cmp	r0, r4
 1732 01ee 3BD0     		beq	.L112
 126:src/controls.cpp ****         candidate_since_ms_ = now_ms;
 1733              		.loc 1 126 9 view .LVU480
 1734 01f0 0446     		mov	r4, r0
 126:src/controls.cpp ****         candidate_since_ms_ = now_ms;
 1735              		.loc 1 126 29 is_stmt 0 view .LVU481
 1736 01f2 C8F83800 		str	r0, [r8, #56]
 127:src/controls.cpp ****     }
ARM GAS  C:\Users\aydan\AppData\Local\Temp\ccemGtGF.s 			page 50


 1737              		.loc 1 127 9 is_stmt 1 view .LVU482
 127:src/controls.cpp ****     }
 1738              		.loc 1 127 29 is_stmt 0 view .LVU483
 1739 01f6 C8F84060 		str	r6, [r8, #64]
 130:src/controls.cpp ****        && (uint32_t)(now_ms - candidate_since_ms_) >= config::kRotaryDebounceMs)
 1740              		.loc 1 130 5 is_stmt 1 view .LVU484
 1741              	.LBE270:
 1742              	.LBE275:
 1743              	.LBB276:
 1744              	.LBB277:
 123:src/controls.cpp ****     if(decoded != candidate_position_)
 1745              		.loc 1 123 45 is_stmt 0 view .LVU485
 1746 01fa 5846     		mov	r0, fp
 1747              	.LVL128:
 123:src/controls.cpp ****     if(decoded != candidate_position_)
 1748              		.loc 1 123 45 view .LVU486
 1749 01fc FFF7FEFF 		bl	_ZNK3app18AnalogRotaryLadder20DecodeWithHysteresisEt
 1750              	.LVL129:
 124:src/controls.cpp ****     {
 1751              		.loc 1 124 5 view .LVU487
 1752 0200 A042     		cmp	r0, r4
 1753              	.LBE277:
 1754              	.LBE276:
 1755              	.LBB284:
 1756              	.LBB271:
 130:src/controls.cpp ****        && (uint32_t)(now_ms - candidate_since_ms_) >= config::kRotaryDebounceMs)
 1757              		.loc 1 130 19 view .LVU488
 1758 0202 D8F83C50 		ldr	r5, [r8, #60]
 136:src/controls.cpp **** }
 1759              		.loc 1 136 5 is_stmt 1 view .LVU489
 1760              	.LVL130:
 136:src/controls.cpp **** }
 1761              		.loc 1 136 5 is_stmt 0 view .LVU490
 1762              	.LBE271:
 1763              	.LBE284:
 197:src/controls.cpp ****         uint8_t mapped_effect = requested_effect_;
 1764              		.loc 1 197 9 is_stmt 1 view .LVU491
 197:src/controls.cpp ****         uint8_t mapped_effect = requested_effect_;
 1765              		.loc 1 197 42 is_stmt 0 view .LVU492
 1766 0206 06F11406 		add	r6, r6, #20
 1767              	.LVL131:
 1768              	.LBB285:
 1769              	.LBI276:
 121:src/controls.cpp **** {
 1770              		.loc 1 121 5 is_stmt 1 view .LVU493
 1771              	.LBB278:
 123:src/controls.cpp ****     if(decoded != candidate_position_)
 1772              		.loc 1 123 5 view .LVU494
 124:src/controls.cpp ****     {
 1773              		.loc 1 124 5 view .LVU495
 1774 020a 40D0     		beq	.L115
 1775              	.LVL132:
 1776              	.L137:
 126:src/controls.cpp ****         candidate_since_ms_ = now_ms;
 1777              		.loc 1 126 9 view .LVU496
 127:src/controls.cpp ****     }
 1778              		.loc 1 127 29 is_stmt 0 view .LVU497
ARM GAS  C:\Users\aydan\AppData\Local\Temp\ccemGtGF.s 			page 51


 1779 020c 2C46     		mov	r4, r5
 126:src/controls.cpp ****         candidate_since_ms_ = now_ms;
 1780              		.loc 1 126 29 view .LVU498
 1781 020e C8F83800 		str	r0, [r8, #56]
 127:src/controls.cpp ****     }
 1782              		.loc 1 127 9 is_stmt 1 view .LVU499
 127:src/controls.cpp ****     }
 1783              		.loc 1 127 29 is_stmt 0 view .LVU500
 1784 0212 C8F84060 		str	r6, [r8, #64]
 130:src/controls.cpp ****        && (uint32_t)(now_ms - candidate_since_ms_) >= config::kRotaryDebounceMs)
 1785              		.loc 1 130 5 is_stmt 1 view .LVU501
 1786              	.LVL133:
 1787              	.L116:
 136:src/controls.cpp **** }
 1788              		.loc 1 136 5 view .LVU502
 136:src/controls.cpp **** }
 1789              		.loc 1 136 5 is_stmt 0 view .LVU503
 1790              	.LBE278:
 1791              	.LBE285:
 198:src/controls.cpp ****         if(RotaryPositionToEffect(stable != 0 ? stable : first, mapped_effect))
 1792              		.loc 1 198 9 is_stmt 1 view .LVU504
 199:src/controls.cpp ****             requested_effect_ = mapped_effect;
 1793              		.loc 1 199 9 view .LVU505
 199:src/controls.cpp ****             requested_effect_ = mapped_effect;
 1794              		.loc 1 199 34 is_stmt 0 view .LVU506
 1795 0216 002C     		cmp	r4, #0
 1796 0218 08BF     		it	eq
 1797 021a 2C46     		moveq	r4, r5
 1798              	.LVL134:
 1799              	.LBB286:
 1800              	.LBI286:
 298:src/controls.cpp **** {
 1801              		.loc 1 298 6 is_stmt 1 view .LVU507
 1802              	.LBB287:
 300:src/controls.cpp ****     {
 1803              		.loc 1 300 5 view .LVU508
 300:src/controls.cpp ****     {
 1804              		.loc 1 300 22 is_stmt 0 view .LVU509
 1805 021c 631E     		subs	r3, r4, #1
 300:src/controls.cpp ****     {
 1806              		.loc 1 300 5 view .LVU510
 1807 021e 042B     		cmp	r3, #4
 302:src/controls.cpp ****         return true;
 1808              		.loc 1 302 9 is_stmt 1 view .LVU511
 1809              	.LVL135:
 303:src/controls.cpp ****     }
 1810              		.loc 1 303 9 view .LVU512
 303:src/controls.cpp ****     }
 1811              		.loc 1 303 9 is_stmt 0 view .LVU513
 1812              	.LBE287:
 1813              	.LBE286:
 200:src/controls.cpp ****     }
 1814              		.loc 1 200 13 is_stmt 1 view .LVU514
 200:src/controls.cpp ****     }
 1815              		.loc 1 200 31 is_stmt 0 view .LVU515
 1816 0220 98BF     		it	ls
 1817 0222 88F84C30 		strbls	r3, [r8, #76]
ARM GAS  C:\Users\aydan\AppData\Local\Temp\ccemGtGF.s 			page 52


 1818              	.LVL136:
 1819              	.L110:
 200:src/controls.cpp ****     }
 1820              		.loc 1 200 31 view .LVU516
 1821              	.LBE260:
 1822              	.LBE259:
 203:src/controls.cpp ****     Publish();
 1823              		.loc 1 203 5 is_stmt 1 view .LVU517
 203:src/controls.cpp ****     Publish();
 1824              		.loc 1 203 18 is_stmt 0 view .LVU518
 1825 0226 0123     		movs	r3, #1
 204:src/controls.cpp **** }
 1826              		.loc 1 204 12 view .LVU519
 1827 0228 4046     		mov	r0, r8
 203:src/controls.cpp ****     Publish();
 1828              		.loc 1 203 18 view .LVU520
 1829 022a 88F84430 		strb	r3, [r8, #68]
 204:src/controls.cpp **** }
 1830              		.loc 1 204 5 is_stmt 1 view .LVU521
 204:src/controls.cpp **** }
 1831              		.loc 1 204 12 is_stmt 0 view .LVU522
 1832 022e FFF7FEFF 		bl	_ZN3app8Controls7PublishEv
 1833              	.LVL137:
 205:src/controls.cpp **** 
 1834              		.loc 1 205 1 view .LVU523
 1835 0232 1FB0     		add	sp, sp, #124
 1836              		.cfi_remember_state
 1837              		.cfi_def_cfa_offset 44
 1838              		@ sp needed
 1839 0234 BDEC028B 		vldm	sp!, {d8}
 1840              		.cfi_restore 80
 1841              		.cfi_restore 81
 1842              		.cfi_def_cfa_offset 36
 1843 0238 BDE8F08F 		pop	{r4, r5, r6, r7, r8, r9, r10, fp, pc}
 1844              	.LVL138:
 1845              	.L135:
 1846              		.cfi_restore_state
 1847              	.LBB298:
 1848              	.LBB297:
 1849              	.LBB288:
 1850              	.LBB267:
 1851              	.LBB266:
 1852              	.LBB265:
   9:src/controls.cpp **** }
 1853              		.loc 1 9 42 view .LVU524
 1854 023c F7EE007A 		vmov.f32	s15, #1.0e+0
 1855 0240 F4EEE78A 		vcmpe.f32	s17, s15
 1856 0244 F1EE10FA 		vmrs	APSR_nzcv, FPSCR
 1857 0248 02DD     		ble	.L136
 1858 024a 4FF6FF71 		movw	r1, #65535
 1859 024e C2E7     		b	.L111
 1860              	.L136:
 1861              	.LBE265:
 1862              	.LBE266:
 289:src/controls.cpp **** }
 1863              		.loc 1 289 40 view .LVU525
 1864 0250 F6EE007A 		vmov.f32	s15, #5.0e-1
ARM GAS  C:\Users\aydan\AppData\Local\Temp\ccemGtGF.s 			page 53


 1865 0254 9FED1D7A 		vldr.32	s14, .L139+16
 1866 0258 E8EE877A 		vfma.f32	s15, s17, s14
 289:src/controls.cpp **** }
 1867              		.loc 1 289 46 view .LVU526
 1868 025c FCEEE77A 		vcvt.u32.f32	s15, s15
 1869 0260 17EE903A 		vmov	r3, s15	@ int
 1870 0264 99B2     		uxth	r1, r3
 1871 0266 B6E7     		b	.L111
 1872              	.LVL139:
 1873              	.L112:
 289:src/controls.cpp **** }
 1874              		.loc 1 289 46 view .LVU527
 1875              	.LBE267:
 1876              	.LBE288:
 1877              	.LBB289:
 1878              	.LBB272:
 130:src/controls.cpp ****        && (uint32_t)(now_ms - candidate_since_ms_) >= config::kRotaryDebounceMs)
 1879              		.loc 1 130 5 is_stmt 1 view .LVU528
 130:src/controls.cpp ****        && (uint32_t)(now_ms - candidate_since_ms_) >= config::kRotaryDebounceMs)
 1880              		.loc 1 130 19 is_stmt 0 view .LVU529
 1881 0268 D8F83C00 		ldr	r0, [r8, #60]
 1882              	.LVL140:
 130:src/controls.cpp ****        && (uint32_t)(now_ms - candidate_since_ms_) >= config::kRotaryDebounceMs)
 1883              		.loc 1 130 5 view .LVU530
 1884 026c 8542     		cmp	r5, r0
 130:src/controls.cpp ****        && (uint32_t)(now_ms - candidate_since_ms_) >= config::kRotaryDebounceMs)
 1885              		.loc 1 130 19 view .LVU531
 1886 026e 0246     		mov	r2, r0
 130:src/controls.cpp ****        && (uint32_t)(now_ms - candidate_since_ms_) >= config::kRotaryDebounceMs)
 1887              		.loc 1 130 5 view .LVU532
 1888 0270 1CD0     		beq	.L122
 131:src/controls.cpp ****     {
 1889              		.loc 1 131 29 view .LVU533
 1890 0272 D8F84030 		ldr	r3, [r8, #64]
 1891 0276 F31A     		subs	r3, r6, r3
 131:src/controls.cpp ****     {
 1892              		.loc 1 131 8 view .LVU534
 1893 0278 132B     		cmp	r3, #19
 1894 027a 1AD9     		bls	.L114
 133:src/controls.cpp ****     }
 1895              		.loc 1 133 9 is_stmt 1 view .LVU535
 1896              	.LBE272:
 1897              	.LBE289:
 1898              	.LBB290:
 1899              	.LBB279:
 123:src/controls.cpp ****     if(decoded != candidate_position_)
 1900              		.loc 1 123 45 is_stmt 0 view .LVU536
 1901 027c 5846     		mov	r0, fp
 1902              	.LBE279:
 1903              	.LBE290:
 1904              	.LBB291:
 1905              	.LBB273:
 133:src/controls.cpp ****     }
 1906              		.loc 1 133 26 view .LVU537
 1907 027e C8F83C50 		str	r5, [r8, #60]
 136:src/controls.cpp **** }
 1908              		.loc 1 136 5 is_stmt 1 view .LVU538
ARM GAS  C:\Users\aydan\AppData\Local\Temp\ccemGtGF.s 			page 54


 1909              	.LVL141:
 136:src/controls.cpp **** }
 1910              		.loc 1 136 5 is_stmt 0 view .LVU539
 1911              	.LBE273:
 1912              	.LBE291:
 197:src/controls.cpp ****         uint8_t mapped_effect = requested_effect_;
 1913              		.loc 1 197 9 is_stmt 1 view .LVU540
 1914              	.LBB292:
 1915              	.LBB280:
 123:src/controls.cpp ****     if(decoded != candidate_position_)
 1916              		.loc 1 123 45 is_stmt 0 view .LVU541
 1917 0282 FFF7FEFF 		bl	_ZNK3app18AnalogRotaryLadder20DecodeWithHysteresisEt
 1918              	.LVL142:
 124:src/controls.cpp ****     {
 1919              		.loc 1 124 5 view .LVU542
 1920 0286 A042     		cmp	r0, r4
 1921              	.LBE280:
 1922              	.LBE292:
 197:src/controls.cpp ****         uint8_t mapped_effect = requested_effect_;
 1923              		.loc 1 197 42 view .LVU543
 1924 0288 06F11406 		add	r6, r6, #20
 1925              	.LVL143:
 1926              	.LBB293:
 121:src/controls.cpp **** {
 1927              		.loc 1 121 5 is_stmt 1 view .LVU544
 1928              	.LBB281:
 123:src/controls.cpp ****     if(decoded != candidate_position_)
 1929              		.loc 1 123 5 view .LVU545
 124:src/controls.cpp ****     {
 1930              		.loc 1 124 5 view .LVU546
 1931 028c BED1     		bne	.L137
 1932              	.LVL144:
 1933              	.L115:
 130:src/controls.cpp ****        && (uint32_t)(now_ms - candidate_since_ms_) >= config::kRotaryDebounceMs)
 1934              		.loc 1 130 5 view .LVU547
 1935 028e AC42     		cmp	r4, r5
 1936 0290 09D0     		beq	.L138
 131:src/controls.cpp ****     {
 1937              		.loc 1 131 29 is_stmt 0 view .LVU548
 1938 0292 D8F84010 		ldr	r1, [r8, #64]
 1939 0296 721A     		subs	r2, r6, r1
 131:src/controls.cpp ****     {
 1940              		.loc 1 131 8 view .LVU549
 1941 0298 132A     		cmp	r2, #19
 136:src/controls.cpp **** }
 1942              		.loc 1 136 12 view .LVU550
 1943 029a 94BF     		ite	ls
 1944 029c D8F83C40 		ldrls	r4, [r8, #60]
 133:src/controls.cpp ****     }
 1945              		.loc 1 133 9 is_stmt 1 view .LVU551
 133:src/controls.cpp ****     }
 1946              		.loc 1 133 26 is_stmt 0 view .LVU552
 1947 02a0 C8F83C40 		strhi	r4, [r8, #60]
 1948 02a4 B7E7     		b	.L116
 1949              	.L138:
 133:src/controls.cpp ****     }
 1950              		.loc 1 133 26 view .LVU553
ARM GAS  C:\Users\aydan\AppData\Local\Temp\ccemGtGF.s 			page 55


 1951 02a6 2246     		mov	r2, r4
 1952 02a8 D8F83C00 		ldr	r0, [r8, #60]
 1953              	.LVL145:
 1954              	.L122:
 136:src/controls.cpp **** }
 1955              		.loc 1 136 12 view .LVU554
 1956 02ac 0446     		mov	r4, r0
 1957 02ae 1546     		mov	r5, r2
 1958 02b0 B1E7     		b	.L116
 1959              	.LVL146:
 1960              	.L114:
 136:src/controls.cpp **** }
 1961              		.loc 1 136 12 view .LVU555
 1962              	.LBE281:
 1963              	.LBE293:
 1964              	.LBB294:
 1965              	.LBB274:
 136:src/controls.cpp **** }
 1966              		.loc 1 136 5 is_stmt 1 view .LVU556
 136:src/controls.cpp **** }
 1967              		.loc 1 136 5 is_stmt 0 view .LVU557
 1968              	.LBE274:
 1969              	.LBE294:
 197:src/controls.cpp ****         uint8_t mapped_effect = requested_effect_;
 1970              		.loc 1 197 9 is_stmt 1 view .LVU558
 1971              	.LBB295:
 1972              	.LBB282:
 124:src/controls.cpp ****     {
 1973              		.loc 1 124 19 is_stmt 0 view .LVU559
 1974 02b2 2C46     		mov	r4, r5
 1975              	.LBE282:
 1976              	.LBE295:
 197:src/controls.cpp ****         uint8_t mapped_effect = requested_effect_;
 1977              		.loc 1 197 42 view .LVU560
 1978 02b4 1436     		adds	r6, r6, #20
 1979              	.LVL147:
 1980              	.LBB296:
 121:src/controls.cpp **** {
 1981              		.loc 1 121 5 is_stmt 1 view .LVU561
 1982              	.LBB283:
 123:src/controls.cpp ****     if(decoded != candidate_position_)
 1983              		.loc 1 123 5 view .LVU562
 124:src/controls.cpp ****     {
 1984              		.loc 1 124 5 view .LVU563
 124:src/controls.cpp ****     {
 1985              		.loc 1 124 19 is_stmt 0 view .LVU564
 1986 02b6 0546     		mov	r5, r0
 1987 02b8 E9E7     		b	.L115
 1988              	.L140:
 1989 02ba 00BF     		.align	2
 1990              	.L139:
 1991 02bc 00000000 		.word	.LANCHOR1
 1992 02c0 00000000 		.word	0
 1993 02c4 00000000 		.word	.LANCHOR2
 1994 02c8 8403F00A 		.word	183501700
 1995 02cc 00FF7F47 		.word	1199570688
 1996              	.LBE283:
ARM GAS  C:\Users\aydan\AppData\Local\Temp\ccemGtGF.s 			page 56


 1997              	.LBE296:
 1998              	.LBE297:
 1999              	.LBE298:
 2000              		.cfi_endproc
 2001              	.LFE2584:
 2003              		.section	.rodata._ZN3app8Controls7ProcessERN5daisy9DaisySeedEm.str1.4,"aMS",%progbits,1
 2004              		.align	2
 2005              	.LC2:
 2006 0000 70726573 		.ascii	"pressed\000"
 2006      73656400 
 2007              		.align	2
 2008              	.LC3:
 2009 0008 72656C65 		.ascii	"released\000"
 2009      61736564 
 2009      00
 2010              		.section	.text._ZN3app8Controls7ProcessERN5daisy9DaisySeedEm,"ax",%progbits
 2011              		.align	1
 2012              		.p2align 2,,3
 2013              		.global	_ZN3app8Controls7ProcessERN5daisy9DaisySeedEm
 2014              		.syntax unified
 2015              		.thumb
 2016              		.thumb_func
 2017              		.fpu fpv5-d16
 2019              	_ZN3app8Controls7ProcessERN5daisy9DaisySeedEm:
 2020              	.LVL148:
 2021              	.LFB2585:
 210:src/controls.cpp ****     ControlTelemetryState state = {};
 2022              		.loc 1 210 1 is_stmt 1 view -0
 2023              		.cfi_startproc
 2024              		@ args = 0, pretend = 0, frame = 8
 2025              		@ frame_needed = 0, uses_anonymous_args = 0
 211:src/controls.cpp ****     state.effect = requested_effect_;
 2026              		.loc 1 211 5 view .LVU566
 210:src/controls.cpp ****     ControlTelemetryState state = {};
 2027              		.loc 1 210 1 is_stmt 0 view .LVU567
 2028 0000 2DE9F04F 		push	{r4, r5, r6, r7, r8, r9, r10, fp, lr}
 2029              		.cfi_def_cfa_offset 36
 2030              		.cfi_offset 4, -36
 2031              		.cfi_offset 5, -32
 2032              		.cfi_offset 6, -28
 2033              		.cfi_offset 7, -24
 2034              		.cfi_offset 8, -20
 2035              		.cfi_offset 9, -16
 2036              		.cfi_offset 10, -12
 2037              		.cfi_offset 11, -8
 2038              		.cfi_offset 14, -4
 2039              	.LBB326:
 220:src/controls.cpp ****     {
 2040              		.loc 1 220 13 view .LVU568
 2041 0004 0025     		movs	r5, #0
 2042              	.LBE326:
 210:src/controls.cpp ****     ControlTelemetryState state = {};
 2043              		.loc 1 210 1 view .LVU569
 2044 0006 0C46     		mov	r4, r1
 2045              	.LBB359:
 2046              	.LBB327:
 222:src/controls.cpp ****         pot_filtered_[i] += config::kPotSmoothingAlpha * (raw - pot_filtered_[i]);
ARM GAS  C:\Users\aydan\AppData\Local\Temp\ccemGtGF.s 			page 57


 2047              		.loc 1 222 37 view .LVU570
 2048 0008 02F1180B 		add	fp, r2, #24
 2049              	.LBE327:
 2050              	.LBE359:
 211:src/controls.cpp ****     state.effect = requested_effect_;
 2051              		.loc 1 211 27 view .LVU571
 2052 000c 2822     		movs	r2, #40
 2053              	.LVL149:
 211:src/controls.cpp ****     state.effect = requested_effect_;
 2054              		.loc 1 211 27 view .LVU572
 2055 000e 2946     		mov	r1, r5
 2056              	.LVL150:
 210:src/controls.cpp ****     ControlTelemetryState state = {};
 2057              		.loc 1 210 1 view .LVU573
 2058 0010 0746     		mov	r7, r0
 2059 0012 04F15C06 		add	r6, r4, #92
 2060 0016 04F15008 		add	r8, r4, #80
 2061 001a BA46     		mov	r10, r7
 217:src/controls.cpp ****     bool pots_changed = false;
 2062              		.loc 1 217 10 view .LVU574
 2063 001c A946     		mov	r9, r5
 210:src/controls.cpp ****     ControlTelemetryState state = {};
 2064              		.loc 1 210 1 view .LVU575
 2065 001e 2DED028B 		vpush.64	{d8}
 2066              		.cfi_def_cfa_offset 44
 2067              		.cfi_offset 80, -44
 2068              		.cfi_offset 81, -40
 2069 0022 83B0     		sub	sp, sp, #12
 2070              		.cfi_def_cfa_offset 56
 210:src/controls.cpp ****     ControlTelemetryState state = {};
 2071              		.loc 1 210 1 view .LVU576
 2072 0024 0193     		str	r3, [sp, #4]
 211:src/controls.cpp ****     state.effect = requested_effect_;
 2073              		.loc 1 211 27 view .LVU577
 2074 0026 FFF7FEFF 		bl	memset
 2075              	.LVL151:
 212:src/controls.cpp ****     state.bypass = requested_bypass_;
 2076              		.loc 1 212 5 is_stmt 1 view .LVU578
 213:src/controls.cpp ****     state.rotary_position = rotary_.stable_position();
 2077              		.loc 1 213 5 view .LVU579
 212:src/controls.cpp ****     state.bypass = requested_bypass_;
 2078              		.loc 1 212 18 is_stmt 0 view .LVU580
 2079 002a B4F84C20 		ldrh	r2, [r4, #76]
 2080 002e 7A82     		strh	r2, [r7, #18]	@ movhi
 214:src/controls.cpp ****     state.footswitch.occurred = false;
 2081              		.loc 1 214 5 is_stmt 1 view .LVU581
 2082              	.LVL152:
 2083              	.LBB360:
 2084              	.LBI360:
 2085              		.file 5 "src/controls.h"
   1:src/controls.h **** #pragma once
   2:src/controls.h **** 
   3:src/controls.h **** #include "app_config.h"
   4:src/controls.h **** #include "control_mailbox.h"
   5:src/controls.h **** #include "daisy_seed.h"
   6:src/controls.h **** 
   7:src/controls.h **** #include <stdint.h>
ARM GAS  C:\Users\aydan\AppData\Local\Temp\ccemGtGF.s 			page 58


   8:src/controls.h **** 
   9:src/controls.h **** namespace app
  10:src/controls.h **** {
  11:src/controls.h **** 
  12:src/controls.h **** // One debounced footswitch transition. The controls code returns this to the
  13:src/controls.h **** // foreground loop so telemetry can report press/release edges without involving
  14:src/controls.h **** // the audio callback.
  15:src/controls.h **** struct FootswitchEvent
  16:src/controls.h **** {
  17:src/controls.h ****     bool occurred;
  18:src/controls.h ****     bool down;
  19:src/controls.h ****     const char* edge;
  20:src/controls.h ****     int press_count;
  21:src/controls.h **** };
  22:src/controls.h **** 
  23:src/controls.h **** // Small wrap-safe boolean debouncer for a single GPIO input. Update() returns
  24:src/controls.h **** // true only when the stable output changes after the configured quiet interval.
  25:src/controls.h **** class DebounceBool
  26:src/controls.h **** {
  27:src/controls.h ****   public:
  28:src/controls.h ****     DebounceBool();
  29:src/controls.h ****     bool Update(bool sample, uint32_t now_ms, uint32_t debounce_ms);
  30:src/controls.h ****     bool stable() const { return stable_; }
  31:src/controls.h **** 
  32:src/controls.h ****   private:
  33:src/controls.h ****     bool stable_;
  34:src/controls.h ****     bool last_sample_;
  35:src/controls.h ****     uint32_t last_change_ms_;
  36:src/controls.h **** };
  37:src/controls.h **** 
  38:src/controls.h **** // Decoder for the six-position resistor-ladder rotary switch. It accepts raw
  39:src/controls.h **** // 16-bit ADC values, supports ascending or descending calibration centers, and
  40:src/controls.h **** // returns position 0 while the input is between detents or too far from a center.
  41:src/controls.h **** class AnalogRotaryLadder
  42:src/controls.h **** {
  43:src/controls.h ****   public:
  44:src/controls.h ****     AnalogRotaryLadder();
  45:src/controls.h **** 
  46:src/controls.h ****     // centers are in logical throw order, not necessarily voltage order. Init()
  47:src/controls.h ****     // validates strict monotonicity and precomputes midpoint thresholds.
  48:src/controls.h ****     bool Init(const uint16_t* centers, int count, uint16_t hysteresis, uint16_t max_center_error);
  49:src/controls.h **** 
  50:src/controls.h ****     // Decode() is immediate and stateless except for hysteresis around the current
  51:src/controls.h ****     // stable position. Update() adds time-based debounce before changing output.
  52:src/controls.h ****     int Decode(uint16_t value_u16) const;
  53:src/controls.h ****     int Update(uint16_t value_u16, uint32_t now_ms);
  54:src/controls.h ****     int stable_position() const { return stable_position_; }
 2086              		.loc 5 54 9 view .LVU582
 2087              	.LBB361:
 2088              		.loc 5 54 35 view .LVU583
 2089              		.loc 5 54 35 is_stmt 0 view .LVU584
 2090              	.LBE361:
 2091              	.LBE360:
 214:src/controls.cpp ****     state.footswitch.occurred = false;
 2092              		.loc 1 214 27 view .LVU585
 2093 0030 E26B     		ldr	r2, [r4, #60]
 2094 0032 BA61     		str	r2, [r7, #24]
ARM GAS  C:\Users\aydan\AppData\Local\Temp\ccemGtGF.s 			page 59


 215:src/controls.cpp **** 
 2095              		.loc 1 215 5 is_stmt 1 view .LVU586
 217:src/controls.cpp ****     bool pots_changed = false;
 2096              		.loc 1 217 5 view .LVU587
 2097              	.LVL153:
 218:src/controls.cpp **** 
 2098              		.loc 1 218 5 view .LVU588
 220:src/controls.cpp ****     {
 2099              		.loc 1 220 5 view .LVU589
 2100              	.LBB362:
 220:src/controls.cpp ****     {
 2101              		.loc 1 220 22 view .LVU590
 2102              	.L148:
 2103              	.LBB356:
 222:src/controls.cpp ****         pot_filtered_[i] += config::kPotSmoothingAlpha * (raw - pot_filtered_[i]);
 2104              		.loc 1 222 9 view .LVU591
 222:src/controls.cpp ****         pot_filtered_[i] += config::kPotSmoothingAlpha * (raw - pot_filtered_[i]);
 2105              		.loc 1 222 37 is_stmt 0 view .LVU592
 2106 0034 E9B2     		uxtb	r1, r5
 2107 0036 5846     		mov	r0, fp
 2108 0038 FFF7FEFF 		bl	_ZNK5daisy9AdcHandle8GetFloatEh
 2109              	.LVL154:
 2110              	.LBB328:
 2111              	.LBI328:
   7:src/controls.cpp **** {
 2112              		.loc 1 7 14 is_stmt 1 view .LVU593
 2113              	.LBB329:
   9:src/controls.cpp **** }
 2114              		.loc 1 9 5 view .LVU594
   9:src/controls.cpp **** }
 2115              		.loc 1 9 23 is_stmt 0 view .LVU595
 2116 003c B5EEC00A 		vcmpe.f32	s0, #0
 2117 0040 F1EE10FA 		vmrs	APSR_nzcv, FPSCR
 2118 0044 5FD4     		bmi	.L162
   9:src/controls.cpp **** }
 2119              		.loc 1 9 42 view .LVU596
 2120 0046 F7EE007A 		vmov.f32	s15, #1.0e+0
 2121 004a B4EE670A 		vcmp.f32	s0, s15
 2122 004e F1EE10FA 		vmrs	APSR_nzcv, FPSCR
 2123 0052 37FE800A 		vselgt.f32	s0, s15, s0
 2124              	.LVL155:
 2125              	.L142:
   9:src/controls.cpp **** }
 2126              		.loc 1 9 42 view .LVU597
 2127              	.LBE329:
 2128              	.LBE328:
 223:src/controls.cpp ****         pot_fixed_[i] = FloatToU16(pot_filtered_[i]);
 2129              		.loc 1 223 9 is_stmt 1 view .LVU598
 223:src/controls.cpp ****         pot_fixed_[i] = FloatToU16(pot_filtered_[i]);
 2130              		.loc 1 223 26 is_stmt 0 view .LVU599
 2131 0056 D8ED007A 		vldr.32	s15, [r8]
 2132 005a 9FED7A7A 		vldr.32	s14, .L182
 223:src/controls.cpp ****         pot_fixed_[i] = FloatToU16(pot_filtered_[i]);
 2133              		.loc 1 223 63 view .LVU600
 2134 005e 30EE670A 		vsub.f32	s0, s0, s15
 2135              	.LVL156:
 223:src/controls.cpp ****         pot_fixed_[i] = FloatToU16(pot_filtered_[i]);
ARM GAS  C:\Users\aydan\AppData\Local\Temp\ccemGtGF.s 			page 60


 2136              		.loc 1 223 26 view .LVU601
 2137 0062 E0EE077A 		vfma.f32	s15, s0, s14
 2138              	.LBB331:
 2139              	.LBB332:
 2140              	.LBB333:
 2141              	.LBB334:
   9:src/controls.cpp **** }
 2142              		.loc 1 9 23 view .LVU602
 2143 0066 F5EEC07A 		vcmpe.f32	s15, #0
 2144              	.LBE334:
 2145              	.LBE333:
 2146              	.LBE332:
 2147              	.LBE331:
 223:src/controls.cpp ****         pot_fixed_[i] = FloatToU16(pot_filtered_[i]);
 2148              		.loc 1 223 26 view .LVU603
 2149 006a E8EC017A 		vstmia.32	r8!, {s15}
 224:src/controls.cpp ****         if(PotChangedEnough(pot_fixed_[i], published_pot_fixed_[i]))
 2150              		.loc 1 224 9 is_stmt 1 view .LVU604
 2151              	.LVL157:
 2152              	.LBB343:
 2153              	.LBI331:
 286:src/controls.cpp **** {
 2154              		.loc 1 286 10 view .LVU605
 2155              	.LBB339:
 288:src/controls.cpp ****     return (uint16_t)(value * 65535.0f + 0.5f);
 2156              		.loc 1 288 5 view .LVU606
 2157              	.LBB337:
 2158              	.LBI333:
   7:src/controls.cpp **** {
 2159              		.loc 1 7 14 view .LVU607
 2160              	.LBB335:
   9:src/controls.cpp **** }
 2161              		.loc 1 9 5 view .LVU608
   9:src/controls.cpp **** }
 2162              		.loc 1 9 23 is_stmt 0 view .LVU609
 2163 006e F1EE10FA 		vmrs	APSR_nzcv, FPSCR
 2164 0072 42D4     		bmi	.L143
   9:src/controls.cpp **** }
 2165              		.loc 1 9 42 view .LVU610
 2166 0074 B7EE007A 		vmov.f32	s14, #1.0e+0
 2167 0078 F4EEC77A 		vcmpe.f32	s15, s14
 2168 007c F1EE10FA 		vmrs	APSR_nzcv, FPSCR
 2169 0080 44DC     		bgt	.L164
 2170              	.LBE335:
 2171              	.LBE337:
 289:src/controls.cpp **** }
 2172              		.loc 1 289 40 view .LVU611
 2173 0082 B6EE007A 		vmov.f32	s14, #5.0e-1
 2174 0086 DFED706A 		vldr.32	s13, .L182+4
 2175 008a A7EEA67A 		vfma.f32	s14, s15, s13
 289:src/controls.cpp **** }
 2176              		.loc 1 289 46 view .LVU612
 2177 008e FCEEC77A 		vcvt.u32.f32	s15, s14
 2178              	.LVL158:
 289:src/controls.cpp **** }
 2179              		.loc 1 289 46 view .LVU613
 2180 0092 17EE903A 		vmov	r3, s15	@ int
ARM GAS  C:\Users\aydan\AppData\Local\Temp\ccemGtGF.s 			page 61


 2181 0096 9AB2     		uxth	r2, r3
 2182              	.LBE339:
 2183              	.LBE343:
 2184              	.LBB344:
 2185              	.LBB345:
 294:src/controls.cpp **** }
 2186              		.loc 1 294 12 view .LVU614
 2187 0098 07EE902A 		vmov	s15, r2	@ int
 2188 009c B8EE677A 		vcvt.f32.u32	s14, s15
 294:src/controls.cpp **** }
 2189              		.loc 1 294 27 view .LVU615
 2190 00a0 C7EE267A 		vdiv.f32	s15, s14, s13
 2191              	.L144:
 2192              	.LVL159:
 294:src/controls.cpp **** }
 2193              		.loc 1 294 27 view .LVU616
 2194              	.LBE345:
 2195              	.LBE344:
 2196              	.LBB347:
 2197              	.LBB340:
 289:src/controls.cpp **** }
 2198              		.loc 1 289 5 is_stmt 1 view .LVU617
 2199              	.LBE340:
 2200              	.LBE347:
 225:src/controls.cpp ****         {
 2201              		.loc 1 225 28 is_stmt 0 view .LVU618
 2202 00a4 F188     		ldrh	r1, [r6, #6]
 224:src/controls.cpp ****         if(PotChangedEnough(pot_fixed_[i], published_pot_fixed_[i]))
 2203              		.loc 1 224 23 view .LVU619
 2204 00a6 3280     		strh	r2, [r6]	@ movhi
 225:src/controls.cpp ****         {
 2205              		.loc 1 225 9 is_stmt 1 view .LVU620
 2206              	.LVL160:
 2207              	.LBB348:
 2208              	.LBI348:
 309:src/controls.cpp **** {
 2209              		.loc 1 309 6 view .LVU621
 2210              	.LBB349:
 311:src/controls.cpp ****     return delta >= config::kParameterDeadbandU16;
 2211              		.loc 1 311 5 view .LVU622
 311:src/controls.cpp ****     return delta >= config::kParameterDeadbandU16;
 2212              		.loc 1 311 43 is_stmt 0 view .LVU623
 2213 00a8 9142     		cmp	r1, r2
 2214 00aa 34BF     		ite	cc
 2215 00ac 521A     		subcc	r2, r2, r1
 2216 00ae 8A1A     		subcs	r2, r1, r2
 2217 00b0 92B2     		uxth	r2, r2
 2218              	.LVL161:
 2219              	.L146:
 312:src/controls.cpp **** }
 2220              		.loc 1 312 5 is_stmt 1 view .LVU624
 2221              	.LBE349:
 2222              	.LBE348:
 228:src/controls.cpp ****         }
 2223              		.loc 1 228 28 is_stmt 0 view .LVU625
 2224 00b2 802A     		cmp	r2, #128
 2225              	.LBE356:
ARM GAS  C:\Users\aydan\AppData\Local\Temp\ccemGtGF.s 			page 62


 220:src/controls.cpp ****     {
 2226              		.loc 1 220 5 view .LVU626
 2227 00b4 05F10105 		add	r5, r5, #1
 2228              	.LVL162:
 220:src/controls.cpp ****     {
 2229              		.loc 1 220 22 view .LVU627
 2230 00b8 06F10206 		add	r6, r6, #2
 2231              	.LBB357:
 230:src/controls.cpp ****     }
 2232              		.loc 1 230 23 view .LVU628
 2233 00bc EAEC017A 		vstmia.32	r10!, {s15}
 228:src/controls.cpp ****         }
 2234              		.loc 1 228 28 view .LVU629
 2235 00c0 28BF     		it	cs
 2236 00c2 4FF00109 		movcs	r9, #1
 2237              	.LVL163:
 230:src/controls.cpp ****     }
 2238              		.loc 1 230 9 is_stmt 1 view .LVU630
 2239              	.LBB351:
 2240              	.LBI344:
 292:src/controls.cpp **** {
 2241              		.loc 1 292 7 view .LVU631
 2242              	.LBB346:
 294:src/controls.cpp **** }
 2243              		.loc 1 294 5 view .LVU632
 2244              	.LBE346:
 2245              	.LBE351:
 2246              	.LBE357:
 220:src/controls.cpp ****     {
 2247              		.loc 1 220 5 view .LVU633
 220:src/controls.cpp ****     {
 2248              		.loc 1 220 22 view .LVU634
 2249 00c6 032D     		cmp	r5, #3
 2250 00c8 B4D1     		bne	.L148
 2251              	.LBE362:
 232:src/controls.cpp **** 
 2252              		.loc 1 232 5 view .LVU635
 232:src/controls.cpp **** 
 2253              		.loc 1 232 19 is_stmt 0 view .LVU636
 2254 00ca B6EE008A 		vmov.f32	s16, #5.0e-1
 234:src/controls.cpp ****     state.rotary_raw_u16 = rotary_raw;
 2255              		.loc 1 234 43 view .LVU637
 2256 00ce 2946     		mov	r1, r5
 2257 00d0 5846     		mov	r0, fp
 232:src/controls.cpp **** 
 2258              		.loc 1 232 19 view .LVU638
 2259 00d2 87ED038A 		vstr.32	s16, [r7, #12]
 234:src/controls.cpp ****     state.rotary_raw_u16 = rotary_raw;
 2260              		.loc 1 234 5 is_stmt 1 view .LVU639
 234:src/controls.cpp ****     state.rotary_raw_u16 = rotary_raw;
 2261              		.loc 1 234 43 is_stmt 0 view .LVU640
 2262 00d6 FFF7FEFF 		bl	_ZNK5daisy9AdcHandle8GetFloatEh
 2263              	.LVL164:
 2264              	.LBB363:
 2265              	.LBI363:
   7:src/controls.cpp **** {
 2266              		.loc 1 7 14 is_stmt 1 view .LVU641
ARM GAS  C:\Users\aydan\AppData\Local\Temp\ccemGtGF.s 			page 63


 2267              	.LBB364:
   9:src/controls.cpp **** }
 2268              		.loc 1 9 5 view .LVU642
   9:src/controls.cpp **** }
 2269              		.loc 1 9 23 is_stmt 0 view .LVU643
 2270 00da B5EEC00A 		vcmpe.f32	s0, #0
 2271 00de F1EE10FA 		vmrs	APSR_nzcv, FPSCR
 2272 00e2 18D4     		bmi	.L165
   9:src/controls.cpp **** }
 2273              		.loc 1 9 42 view .LVU644
 2274 00e4 F7EE007A 		vmov.f32	s15, #1.0e+0
 2275 00e8 B4EEE70A 		vcmpe.f32	s0, s15
 2276 00ec F1EE10FA 		vmrs	APSR_nzcv, FPSCR
 2277 00f0 40F39680 		ble	.L179
 2278 00f4 4FF6FF71 		movw	r1, #65535
 2279 00f8 0EE0     		b	.L149
 2280              	.LVL165:
 2281              	.L143:
   9:src/controls.cpp **** }
 2282              		.loc 1 9 42 view .LVU645
 2283              	.LBE364:
 2284              	.LBE363:
 2285              	.LBB366:
 2286              	.LBB358:
 2287              	.LBB352:
 2288              	.LBB341:
 289:src/controls.cpp **** }
 2289              		.loc 1 289 5 is_stmt 1 view .LVU646
 289:src/controls.cpp **** }
 2290              		.loc 1 289 5 is_stmt 0 view .LVU647
 2291              	.LBE341:
 2292              	.LBE352:
 224:src/controls.cpp ****         if(PotChangedEnough(pot_fixed_[i], published_pot_fixed_[i]))
 2293              		.loc 1 224 23 view .LVU648
 2294 00fa 0022     		movs	r2, #0
 225:src/controls.cpp ****         {
 2295              		.loc 1 225 28 view .LVU649
 2296 00fc DFED537A 		vldr.32	s15, .L182+8
 224:src/controls.cpp ****         if(PotChangedEnough(pot_fixed_[i], published_pot_fixed_[i]))
 2297              		.loc 1 224 23 view .LVU650
 2298 0100 3280     		strh	r2, [r6]	@ movhi
 225:src/controls.cpp ****         {
 2299              		.loc 1 225 9 is_stmt 1 view .LVU651
 225:src/controls.cpp ****         {
 2300              		.loc 1 225 28 is_stmt 0 view .LVU652
 2301 0102 F288     		ldrh	r2, [r6, #6]
 2302              	.LVL166:
 2303              	.LBB353:
 309:src/controls.cpp **** {
 2304              		.loc 1 309 6 is_stmt 1 view .LVU653
 2305              	.LBB350:
 311:src/controls.cpp ****     return delta >= config::kParameterDeadbandU16;
 2306              		.loc 1 311 5 view .LVU654
 2307 0104 D5E7     		b	.L146
 2308              	.LVL167:
 2309              	.L162:
 311:src/controls.cpp ****     return delta >= config::kParameterDeadbandU16;
ARM GAS  C:\Users\aydan\AppData\Local\Temp\ccemGtGF.s 			page 64


 2310              		.loc 1 311 5 is_stmt 0 view .LVU655
 2311              	.LBE350:
 2312              	.LBE353:
 2313              	.LBB354:
 2314              	.LBB330:
   9:src/controls.cpp **** }
 2315              		.loc 1 9 23 view .LVU656
 2316 0106 9FED510A 		vldr.32	s0, .L182+8
 2317              	.LVL168:
   9:src/controls.cpp **** }
 2318              		.loc 1 9 23 view .LVU657
 2319 010a A4E7     		b	.L142
 2320              	.LVL169:
 2321              	.L164:
   9:src/controls.cpp **** }
 2322              		.loc 1 9 23 view .LVU658
 2323              	.LBE330:
 2324              	.LBE354:
 2325              	.LBB355:
 2326              	.LBB342:
 2327              	.LBB338:
 2328              	.LBB336:
 2329 010c F0EE477A 		vmov.f32	s15, s14
 2330              	.LVL170:
   9:src/controls.cpp **** }
 2331              		.loc 1 9 23 view .LVU659
 2332 0110 4FF6FF72 		movw	r2, #65535
 2333 0114 C6E7     		b	.L144
 2334              	.LVL171:
 2335              	.L165:
   9:src/controls.cpp **** }
 2336              		.loc 1 9 23 view .LVU660
 2337              	.LBE336:
 2338              	.LBE338:
 2339              	.LBE342:
 2340              	.LBE355:
 2341              	.LBE358:
 2342              	.LBE366:
 2343              	.LBB367:
 2344              	.LBB365:
 2345 0116 0021     		movs	r1, #0
 2346              	.LVL172:
 2347              	.L149:
   9:src/controls.cpp **** }
 2348              		.loc 1 9 23 view .LVU661
 2349              	.LBE365:
 2350              	.LBE367:
 2351              	.LBB368:
 2352              	.LBB369:
 289:src/controls.cpp **** }
 2353              		.loc 1 289 5 is_stmt 1 view .LVU662
 289:src/controls.cpp **** }
 2354              		.loc 1 289 5 is_stmt 0 view .LVU663
 2355              	.LBE369:
 2356              	.LBE368:
 235:src/controls.cpp ****     const int position = rotary_.Update(rotary_raw, now_ms);
 2357              		.loc 1 235 5 is_stmt 1 view .LVU664
ARM GAS  C:\Users\aydan\AppData\Local\Temp\ccemGtGF.s 			page 65


 2358              	.LBB372:
 2359              	.LBB373:
 123:src/controls.cpp ****     if(decoded != candidate_position_)
 2360              		.loc 1 123 45 is_stmt 0 view .LVU665
 2361 0118 04F12000 		add	r0, r4, #32
 2362              	.LBE373:
 2363              	.LBE372:
 235:src/controls.cpp ****     const int position = rotary_.Update(rotary_raw, now_ms);
 2364              		.loc 1 235 26 view .LVU666
 2365 011c B982     		strh	r1, [r7, #20]	@ movhi
 236:src/controls.cpp ****     state.rotary_position = position;
 2366              		.loc 1 236 5 is_stmt 1 view .LVU667
 2367              	.LVL173:
 2368              	.LBB376:
 2369              	.LBI372:
 121:src/controls.cpp **** {
 2370              		.loc 1 121 5 view .LVU668
 2371              	.LBB374:
 123:src/controls.cpp ****     if(decoded != candidate_position_)
 2372              		.loc 1 123 5 view .LVU669
 123:src/controls.cpp ****     if(decoded != candidate_position_)
 2373              		.loc 1 123 45 is_stmt 0 view .LVU670
 2374 011e FFF7FEFF 		bl	_ZNK3app18AnalogRotaryLadder20DecodeWithHysteresisEt
 2375              	.LVL174:
 124:src/controls.cpp ****     {
 2376              		.loc 1 124 5 is_stmt 1 view .LVU671
 2377 0122 A36B     		ldr	r3, [r4, #56]
 2378 0124 9842     		cmp	r0, r3
 2379 0126 62D0     		beq	.L150
 126:src/controls.cpp ****         candidate_since_ms_ = now_ms;
 2380              		.loc 1 126 9 view .LVU672
 127:src/controls.cpp ****     }
 2381              		.loc 1 127 29 is_stmt 0 view .LVU673
 2382 0128 019B     		ldr	r3, [sp, #4]
 126:src/controls.cpp ****         candidate_since_ms_ = now_ms;
 2383              		.loc 1 126 29 view .LVU674
 2384 012a A063     		str	r0, [r4, #56]
 127:src/controls.cpp ****     }
 2385              		.loc 1 127 9 is_stmt 1 view .LVU675
 130:src/controls.cpp ****        && (uint32_t)(now_ms - candidate_since_ms_) >= config::kRotaryDebounceMs)
 2386              		.loc 1 130 19 is_stmt 0 view .LVU676
 2387 012c E06B     		ldr	r0, [r4, #60]
 2388              	.LVL175:
 127:src/controls.cpp ****     }
 2389              		.loc 1 127 29 view .LVU677
 2390 012e 2364     		str	r3, [r4, #64]
 130:src/controls.cpp ****        && (uint32_t)(now_ms - candidate_since_ms_) >= config::kRotaryDebounceMs)
 2391              		.loc 1 130 5 is_stmt 1 view .LVU678
 2392              	.LVL176:
 2393              	.L151:
 136:src/controls.cpp **** }
 2394              		.loc 1 136 5 view .LVU679
 136:src/controls.cpp **** }
 2395              		.loc 1 136 5 is_stmt 0 view .LVU680
 2396              	.LBE374:
 2397              	.LBE376:
 237:src/controls.cpp **** 
ARM GAS  C:\Users\aydan\AppData\Local\Temp\ccemGtGF.s 			page 66


 2398              		.loc 1 237 5 is_stmt 1 view .LVU681
 237:src/controls.cpp **** 
 2399              		.loc 1 237 27 is_stmt 0 view .LVU682
 2400 0130 B861     		str	r0, [r7, #24]
 239:src/controls.cpp ****     if(RotaryPositionToEffect(position, mapped_effect) && mapped_effect != requested_effect_)
 2401              		.loc 1 239 5 is_stmt 1 view .LVU683
 2402              	.LVL177:
 240:src/controls.cpp ****     {
 2403              		.loc 1 240 5 view .LVU684
 2404              	.LBB377:
 2405              	.LBI377:
 298:src/controls.cpp **** {
 2406              		.loc 1 298 6 view .LVU685
 2407              	.LBB378:
 300:src/controls.cpp ****     {
 2408              		.loc 1 300 5 view .LVU686
 300:src/controls.cpp ****     {
 2409              		.loc 1 300 22 is_stmt 0 view .LVU687
 2410 0132 0138     		subs	r0, r0, #1
 300:src/controls.cpp ****     {
 2411              		.loc 1 300 5 view .LVU688
 2412 0134 0428     		cmp	r0, #4
 2413 0136 13D9     		bls	.L180
 2414              	.LVL178:
 2415              	.L170:
 300:src/controls.cpp ****     {
 2416              		.loc 1 300 5 view .LVU689
 2417              	.LBE378:
 2418              	.LBE377:
 250:src/controls.cpp ****     if(foot_db_.Update(foot_sample, now_ms, config::kFootswitchDebounceMs))
 2419              		.loc 1 250 40 view .LVU690
 2420 0138 201D     		adds	r0, r4, #4
 2421 013a 4D46     		mov	r5, r9
 2422              	.LVL179:
 250:src/controls.cpp ****     if(foot_db_.Update(foot_sample, now_ms, config::kFootswitchDebounceMs))
 2423              		.loc 1 250 5 is_stmt 1 view .LVU691
 250:src/controls.cpp ****     if(foot_db_.Update(foot_sample, now_ms, config::kFootswitchDebounceMs))
 2424              		.loc 1 250 40 is_stmt 0 view .LVU692
 2425 013c FFF7FEFF 		bl	_ZN5daisy4GPIO4ReadEv
 2426              	.LVL180:
 251:src/controls.cpp ****     {
 2427              		.loc 1 251 5 is_stmt 1 view .LVU693
 2428              	.LBB380:
 2429              	.LBI380:
  18:src/controls.cpp **** {
 2430              		.loc 1 18 6 view .LVU694
 2431              	.LBB381:
  20:src/controls.cpp ****     {
 2432              		.loc 1 20 5 view .LVU695
 2433 0140 637E     		ldrb	r3, [r4, #25]	@ zero_extendqisi2
 2434 0142 8342     		cmp	r3, r0
 2435 0144 20D0     		beq	.L153
 2436              	.LVL181:
 2437              	.L181:
  22:src/controls.cpp ****         last_change_ms_ = now_ms;
 2438              		.loc 1 22 9 view .LVU696
  23:src/controls.cpp ****     }
ARM GAS  C:\Users\aydan\AppData\Local\Temp\ccemGtGF.s 			page 67


 2439              		.loc 1 23 25 is_stmt 0 view .LVU697
 2440 0146 019B     		ldr	r3, [sp, #4]
  22:src/controls.cpp ****         last_change_ms_ = now_ms;
 2441              		.loc 1 22 22 view .LVU698
 2442 0148 6076     		strb	r0, [r4, #25]
  23:src/controls.cpp ****     }
 2443              		.loc 1 23 9 is_stmt 1 view .LVU699
  23:src/controls.cpp ****     }
 2444              		.loc 1 23 25 is_stmt 0 view .LVU700
 2445 014a E361     		str	r3, [r4, #28]
  26:src/controls.cpp ****     {
 2446              		.loc 1 26 5 is_stmt 1 view .LVU701
 2447              	.LVL182:
 2448              	.L154:
  26:src/controls.cpp ****     {
 2449              		.loc 1 26 5 is_stmt 0 view .LVU702
 2450              	.LBE381:
 2451              	.LBE380:
 273:src/controls.cpp ****     if(publish_needed)
 2452              		.loc 1 273 5 is_stmt 1 view .LVU703
 273:src/controls.cpp ****     if(publish_needed)
 2453              		.loc 1 273 24 is_stmt 0 view .LVU704
 2454 014c 87F81090 		strb	r9, [r7, #16]
 274:src/controls.cpp ****         Publish();
 2455              		.loc 1 274 5 is_stmt 1 view .LVU705
 2456 0150 002D     		cmp	r5, #0
 2457 0152 43D1     		bne	.L159
 278:src/controls.cpp **** 
 2458              		.loc 1 278 1 is_stmt 0 view .LVU706
 2459 0154 3846     		mov	r0, r7
 2460              	.LVL183:
 278:src/controls.cpp **** 
 2461              		.loc 1 278 1 view .LVU707
 2462 0156 03B0     		add	sp, sp, #12
 2463              		.cfi_remember_state
 2464              		.cfi_def_cfa_offset 44
 2465              		@ sp needed
 2466 0158 BDEC028B 		vldm	sp!, {d8}
 2467              		.cfi_restore 80
 2468              		.cfi_restore 81
 2469              		.cfi_def_cfa_offset 36
 2470 015c BDE8F08F 		pop	{r4, r5, r6, r7, r8, r9, r10, fp, pc}
 2471              	.LVL184:
 2472              	.L180:
 2473              		.cfi_restore_state
 2474              	.LBB383:
 2475              	.LBB379:
 302:src/controls.cpp ****         return true;
 2476              		.loc 1 302 9 is_stmt 1 view .LVU708
 302:src/controls.cpp ****         return true;
 2477              		.loc 1 302 41 is_stmt 0 view .LVU709
 2478 0160 C0B2     		uxtb	r0, r0
 2479              	.LVL185:
 303:src/controls.cpp ****     }
 2480              		.loc 1 303 9 is_stmt 1 view .LVU710
 303:src/controls.cpp ****     }
 2481              		.loc 1 303 9 is_stmt 0 view .LVU711
ARM GAS  C:\Users\aydan\AppData\Local\Temp\ccemGtGF.s 			page 68


 2482              	.LBE379:
 2483              	.LBE383:
 240:src/controls.cpp ****     {
 2484              		.loc 1 240 56 view .LVU712
 2485 0162 94F84C30 		ldrb	r3, [r4, #76]	@ zero_extendqisi2
 2486 0166 8342     		cmp	r3, r0
 2487 0168 E6D0     		beq	.L170
 242:src/controls.cpp ****         requested_bypass_ = false;
 2488              		.loc 1 242 9 is_stmt 1 view .LVU713
 243:src/controls.cpp ****         state.effect = requested_effect_;
 2489              		.loc 1 243 27 is_stmt 0 view .LVU714
 2490 016a 0023     		movs	r3, #0
 246:src/controls.cpp ****         publish_needed = true;
 2491              		.loc 1 246 30 view .LVU715
 2492 016c 0125     		movs	r5, #1
 2493              	.LVL186:
 242:src/controls.cpp ****         requested_bypass_ = false;
 2494              		.loc 1 242 27 view .LVU716
 2495 016e 84F84C00 		strb	r0, [r4, #76]
 243:src/controls.cpp ****         state.effect = requested_effect_;
 2496              		.loc 1 243 9 is_stmt 1 view .LVU717
 244:src/controls.cpp ****         state.bypass = requested_bypass_;
 2497              		.loc 1 244 22 is_stmt 0 view .LVU718
 2498 0172 B874     		strb	r0, [r7, #18]
 250:src/controls.cpp ****     if(foot_db_.Update(foot_sample, now_ms, config::kFootswitchDebounceMs))
 2499              		.loc 1 250 40 view .LVU719
 2500 0174 201D     		adds	r0, r4, #4
 2501              	.LVL187:
 243:src/controls.cpp ****         state.effect = requested_effect_;
 2502              		.loc 1 243 27 view .LVU720
 2503 0176 84F84D30 		strb	r3, [r4, #77]
 244:src/controls.cpp ****         state.bypass = requested_bypass_;
 2504              		.loc 1 244 9 is_stmt 1 view .LVU721
 245:src/controls.cpp ****         state.effect_changed = true;
 2505              		.loc 1 245 9 view .LVU722
 245:src/controls.cpp ****         state.effect_changed = true;
 2506              		.loc 1 245 22 is_stmt 0 view .LVU723
 2507 017a FB74     		strb	r3, [r7, #19]
 246:src/controls.cpp ****         publish_needed = true;
 2508              		.loc 1 246 9 is_stmt 1 view .LVU724
 247:src/controls.cpp ****     }
 2509              		.loc 1 247 9 view .LVU725
 2510              	.LVL188:
 250:src/controls.cpp ****     if(foot_db_.Update(foot_sample, now_ms, config::kFootswitchDebounceMs))
 2511              		.loc 1 250 5 view .LVU726
 246:src/controls.cpp ****         publish_needed = true;
 2512              		.loc 1 246 30 is_stmt 0 view .LVU727
 2513 017c 7D74     		strb	r5, [r7, #17]
 250:src/controls.cpp ****     if(foot_db_.Update(foot_sample, now_ms, config::kFootswitchDebounceMs))
 2514              		.loc 1 250 40 view .LVU728
 2515 017e FFF7FEFF 		bl	_ZN5daisy4GPIO4ReadEv
 2516              	.LVL189:
 251:src/controls.cpp ****     {
 2517              		.loc 1 251 5 is_stmt 1 view .LVU729
 2518              	.LBB384:
  18:src/controls.cpp **** {
 2519              		.loc 1 18 6 view .LVU730
ARM GAS  C:\Users\aydan\AppData\Local\Temp\ccemGtGF.s 			page 69


 2520              	.LBB382:
  20:src/controls.cpp ****     {
 2521              		.loc 1 20 5 view .LVU731
 2522 0182 637E     		ldrb	r3, [r4, #25]	@ zero_extendqisi2
 2523 0184 8342     		cmp	r3, r0
 2524 0186 DED1     		bne	.L181
 2525              	.LVL190:
 2526              	.L153:
  26:src/controls.cpp ****     {
 2527              		.loc 1 26 5 view .LVU732
 2528 0188 227E     		ldrb	r2, [r4, #24]	@ zero_extendqisi2
 2529 018a 9A42     		cmp	r2, r3
 2530 018c DED0     		beq	.L154
  26:src/controls.cpp ****     {
 2531              		.loc 1 26 47 is_stmt 0 view .LVU733
 2532 018e E269     		ldr	r2, [r4, #28]
 2533 0190 0199     		ldr	r1, [sp, #4]
 2534 0192 A1EB020A 		sub	r10, r1, r2
  26:src/controls.cpp ****     {
 2535              		.loc 1 26 26 view .LVU734
 2536 0196 BAF10E0F 		cmp	r10, #14
 2537 019a D7D9     		bls	.L154
  28:src/controls.cpp ****         return true;
 2538              		.loc 1 28 9 is_stmt 1 view .LVU735
  28:src/controls.cpp ****         return true;
 2539              		.loc 1 28 17 is_stmt 0 view .LVU736
 2540 019c 2376     		strb	r3, [r4, #24]
  29:src/controls.cpp ****     }
 2541              		.loc 1 29 9 is_stmt 1 view .LVU737
 2542              	.LVL191:
  29:src/controls.cpp ****     }
 2543              		.loc 1 29 9 is_stmt 0 view .LVU738
 2544              	.LBE382:
 2545              	.LBE384:
 2546              	.LBB385:
 253:src/controls.cpp ****         if(new_down && !foot_down_)
 2547              		.loc 1 253 9 is_stmt 1 view .LVU739
 253:src/controls.cpp ****         if(new_down && !foot_down_)
 2548              		.loc 1 253 9 is_stmt 0 view .LVU740
 2549              	.LBE385:
  30:src/controls.h **** 
 2550              		.loc 5 30 27 is_stmt 1 view .LVU741
 2551              	.LBB386:
 254:src/controls.cpp ****         {
 2552              		.loc 1 254 9 view .LVU742
 2553 019e 002B     		cmp	r3, #0
 2554 01a0 30D1     		bne	.L157
 254:src/controls.cpp ****         {
 2555              		.loc 1 254 21 is_stmt 0 discriminator 1 view .LVU743
 2556 01a2 94F84530 		ldrb	r3, [r4, #69]	@ zero_extendqisi2
 2557              	.LVL192:
 254:src/controls.cpp ****         {
 2558              		.loc 1 254 21 discriminator 1 view .LVU744
 2559 01a6 002B     		cmp	r3, #0
 2560 01a8 D0D1     		bne	.L154
 256:src/controls.cpp ****             ++press_count_;
 2561              		.loc 1 256 13 is_stmt 1 view .LVU745
ARM GAS  C:\Users\aydan\AppData\Local\Temp\ccemGtGF.s 			page 70


 256:src/controls.cpp ****             ++press_count_;
 2562              		.loc 1 256 24 is_stmt 0 view .LVU746
 2563 01aa 0123     		movs	r3, #1
 258:src/controls.cpp ****             {
 2564              		.loc 1 258 13 view .LVU747
 2565 01ac 94F84C20 		ldrb	r2, [r4, #76]	@ zero_extendqisi2
 256:src/controls.cpp ****             ++press_count_;
 2566              		.loc 1 256 24 view .LVU748
 2567 01b0 84F84530 		strb	r3, [r4, #69]
 257:src/controls.cpp ****             if(requested_effect_ != config::FX_TUNER)
 2568              		.loc 1 257 13 is_stmt 1 view .LVU749
 2569 01b4 A36C     		ldr	r3, [r4, #72]
 2570 01b6 0133     		adds	r3, r3, #1
 2571 01b8 A364     		str	r3, [r4, #72]
 258:src/controls.cpp ****             {
 2572              		.loc 1 258 13 view .LVU750
 264:src/controls.cpp ****         }
 2573              		.loc 1 264 30 is_stmt 0 view .LVU751
 2574 01ba 7B62     		str	r3, [r7, #36]
 258:src/controls.cpp ****             {
 2575              		.loc 1 258 13 view .LVU752
 2576 01bc 002A     		cmp	r2, #0
 2577 01be 3BD0     		beq	.L158
 260:src/controls.cpp ****                 state.bypass = requested_bypass_;
 2578              		.loc 1 260 17 is_stmt 1 view .LVU753
 260:src/controls.cpp ****                 state.bypass = requested_bypass_;
 2579              		.loc 1 260 37 is_stmt 0 view .LVU754
 2580 01c0 94F84D30 		ldrb	r3, [r4, #77]	@ zero_extendqisi2
 264:src/controls.cpp ****         }
 2581              		.loc 1 264 30 view .LVU755
 2582 01c4 40F20112 		movw	r2, #257
 2583              	.LBE386:
 273:src/controls.cpp ****     if(publish_needed)
 2584              		.loc 1 273 24 view .LVU756
 2585 01c8 87F81090 		strb	r9, [r7, #16]
 2586              	.LBB387:
 260:src/controls.cpp ****                 state.bypass = requested_bypass_;
 2587              		.loc 1 260 37 view .LVU757
 2588 01cc 83F00103 		eor	r3, r3, #1
 264:src/controls.cpp ****         }
 2589              		.loc 1 264 30 view .LVU758
 2590 01d0 BA83     		strh	r2, [r7, #28]	@ movhi
 2591 01d2 1F4A     		ldr	r2, .L182+12
 260:src/controls.cpp ****                 state.bypass = requested_bypass_;
 2592              		.loc 1 260 35 view .LVU759
 2593 01d4 84F84D30 		strb	r3, [r4, #77]
 261:src/controls.cpp ****                 publish_needed = true;
 2594              		.loc 1 261 17 is_stmt 1 view .LVU760
 261:src/controls.cpp ****                 publish_needed = true;
 2595              		.loc 1 261 30 is_stmt 0 view .LVU761
 2596 01d8 FB74     		strb	r3, [r7, #19]
 262:src/controls.cpp ****             }
 2597              		.loc 1 262 17 is_stmt 1 view .LVU762
 2598              	.LVL193:
 264:src/controls.cpp ****         }
 2599              		.loc 1 264 13 view .LVU763
 264:src/controls.cpp ****         }
ARM GAS  C:\Users\aydan\AppData\Local\Temp\ccemGtGF.s 			page 71


 2600              		.loc 1 264 13 is_stmt 0 view .LVU764
 2601              	.LBE387:
 273:src/controls.cpp ****     if(publish_needed)
 2602              		.loc 1 273 5 is_stmt 1 view .LVU765
 274:src/controls.cpp ****         Publish();
 2603              		.loc 1 274 5 view .LVU766
 2604              	.LBB388:
 264:src/controls.cpp ****         }
 2605              		.loc 1 264 30 is_stmt 0 view .LVU767
 2606 01da 3A62     		str	r2, [r7, #32]
 2607              	.LVL194:
 2608              	.L159:
 264:src/controls.cpp ****         }
 2609              		.loc 1 264 30 view .LVU768
 2610              	.LBE388:
 275:src/controls.cpp **** 
 2611              		.loc 1 275 9 is_stmt 1 view .LVU769
 275:src/controls.cpp **** 
 2612              		.loc 1 275 16 is_stmt 0 view .LVU770
 2613 01dc 2046     		mov	r0, r4
 2614              	.LVL195:
 275:src/controls.cpp **** 
 2615              		.loc 1 275 16 view .LVU771
 2616 01de FFF7FEFF 		bl	_ZN3app8Controls7PublishEv
 2617              	.LVL196:
 277:src/controls.cpp **** }
 2618              		.loc 1 277 5 is_stmt 1 view .LVU772
 278:src/controls.cpp **** 
 2619              		.loc 1 278 1 is_stmt 0 view .LVU773
 2620 01e2 3846     		mov	r0, r7
 2621 01e4 03B0     		add	sp, sp, #12
 2622              		.cfi_remember_state
 2623              		.cfi_def_cfa_offset 44
 2624              		@ sp needed
 2625 01e6 BDEC028B 		vldm	sp!, {d8}
 2626              		.cfi_restore 80
 2627              		.cfi_restore 81
 2628              		.cfi_def_cfa_offset 36
 2629 01ea BDE8F08F 		pop	{r4, r5, r6, r7, r8, r9, r10, fp, pc}
 2630              	.LVL197:
 2631              	.L150:
 2632              		.cfi_restore_state
 2633              	.LBB389:
 2634              	.LBB375:
 130:src/controls.cpp ****        && (uint32_t)(now_ms - candidate_since_ms_) >= config::kRotaryDebounceMs)
 2635              		.loc 1 130 5 is_stmt 1 view .LVU774
 130:src/controls.cpp ****        && (uint32_t)(now_ms - candidate_since_ms_) >= config::kRotaryDebounceMs)
 2636              		.loc 1 130 19 is_stmt 0 view .LVU775
 2637 01ee E26B     		ldr	r2, [r4, #60]
 130:src/controls.cpp ****        && (uint32_t)(now_ms - candidate_since_ms_) >= config::kRotaryDebounceMs)
 2638              		.loc 1 130 5 view .LVU776
 2639 01f0 9042     		cmp	r0, r2
 2640 01f2 9DD0     		beq	.L151
 131:src/controls.cpp ****     {
 2641              		.loc 1 131 29 view .LVU777
 2642 01f4 236C     		ldr	r3, [r4, #64]
 2643 01f6 0199     		ldr	r1, [sp, #4]
ARM GAS  C:\Users\aydan\AppData\Local\Temp\ccemGtGF.s 			page 72


 2644 01f8 CB1A     		subs	r3, r1, r3
 131:src/controls.cpp ****     {
 2645              		.loc 1 131 8 view .LVU778
 2646 01fa 132B     		cmp	r3, #19
 133:src/controls.cpp ****     }
 2647              		.loc 1 133 9 is_stmt 1 view .LVU779
 2648 01fc 94BF     		ite	ls
 2649 01fe 1046     		movls	r0, r2
 2650              	.LVL198:
 133:src/controls.cpp ****     }
 2651              		.loc 1 133 26 is_stmt 0 view .LVU780
 2652 0200 E063     		strhi	r0, [r4, #60]
 2653 0202 95E7     		b	.L151
 2654              	.LVL199:
 2655              	.L157:
 133:src/controls.cpp ****     }
 2656              		.loc 1 133 26 view .LVU781
 2657              	.LBE375:
 2658              	.LBE389:
 2659              	.LBB390:
 266:src/controls.cpp ****         {
 2660              		.loc 1 266 14 is_stmt 1 discriminator 1 view .LVU782
 266:src/controls.cpp ****         {
 2661              		.loc 1 266 27 is_stmt 0 discriminator 1 view .LVU783
 2662 0204 94F84530 		ldrb	r3, [r4, #69]	@ zero_extendqisi2
 2663              	.LVL200:
 266:src/controls.cpp ****         {
 2664              		.loc 1 266 27 discriminator 1 view .LVU784
 2665 0208 002B     		cmp	r3, #0
 2666 020a 9FD0     		beq	.L154
 268:src/controls.cpp ****             state.footswitch = {true, false, "released", press_count_};
 2667              		.loc 1 268 13 is_stmt 1 view .LVU785
 268:src/controls.cpp ****             state.footswitch = {true, false, "released", press_count_};
 2668              		.loc 1 268 24 is_stmt 0 view .LVU786
 2669 020c 0023     		movs	r3, #0
 2670 020e 84F84530 		strb	r3, [r4, #69]
 269:src/controls.cpp ****         }
 2671              		.loc 1 269 13 is_stmt 1 view .LVU787
 269:src/controls.cpp ****         }
 2672              		.loc 1 269 58 is_stmt 0 view .LVU788
 2673 0212 A36C     		ldr	r3, [r4, #72]
 269:src/controls.cpp ****         }
 2674              		.loc 1 269 30 view .LVU789
 2675 0214 7B62     		str	r3, [r7, #36]
 2676 0216 0123     		movs	r3, #1
 2677 0218 3B77     		strb	r3, [r7, #28]
 2678 021a 0E4B     		ldr	r3, .L182+16
 2679 021c 3B62     		str	r3, [r7, #32]
 2680 021e 95E7     		b	.L154
 2681              	.LVL201:
 2682              	.L179:
 269:src/controls.cpp ****         }
 2683              		.loc 1 269 30 view .LVU790
 2684              	.LBE390:
 2685              	.LBB391:
 2686              	.LBI368:
 286:src/controls.cpp **** {
ARM GAS  C:\Users\aydan\AppData\Local\Temp\ccemGtGF.s 			page 73


 2687              		.loc 1 286 10 is_stmt 1 view .LVU791
 2688              	.LBB370:
 288:src/controls.cpp ****     return (uint16_t)(value * 65535.0f + 0.5f);
 2689              		.loc 1 288 5 view .LVU792
 288:src/controls.cpp ****     return (uint16_t)(value * 65535.0f + 0.5f);
 2690              		.loc 1 288 5 is_stmt 0 view .LVU793
 2691              	.LBE370:
 2692              	.LBE391:
   9:src/controls.cpp **** }
 2693              		.loc 1 9 5 is_stmt 1 view .LVU794
 2694              	.LBB392:
 2695              	.LBB371:
 289:src/controls.cpp **** }
 2696              		.loc 1 289 40 is_stmt 0 view .LVU795
 2697 0220 F0EE487A 		vmov.f32	s15, s16
 2698 0224 9FED087A 		vldr.32	s14, .L182+4
 2699 0228 E0EE077A 		vfma.f32	s15, s0, s14
 289:src/controls.cpp **** }
 2700              		.loc 1 289 46 view .LVU796
 2701 022c FCEEE77A 		vcvt.u32.f32	s15, s15
 2702 0230 17EE903A 		vmov	r3, s15	@ int
 2703 0234 99B2     		uxth	r1, r3
 2704 0236 6FE7     		b	.L149
 2705              	.LVL202:
 2706              	.L158:
 289:src/controls.cpp **** }
 2707              		.loc 1 289 46 view .LVU797
 2708              	.LBE371:
 2709              	.LBE392:
 2710              	.LBB393:
 264:src/controls.cpp ****         }
 2711              		.loc 1 264 13 is_stmt 1 view .LVU798
 264:src/controls.cpp ****         }
 2712              		.loc 1 264 30 is_stmt 0 view .LVU799
 2713 0238 40F20113 		movw	r3, #257
 2714 023c BB83     		strh	r3, [r7, #28]	@ movhi
 2715 023e 044B     		ldr	r3, .L182+12
 2716 0240 3B62     		str	r3, [r7, #32]
 2717 0242 83E7     		b	.L154
 2718              	.L183:
 2719              		.align	2
 2720              	.L182:
 2721 0244 0AD7A33D 		.word	1034147594
 2722 0248 00FF7F47 		.word	1199570688
 2723 024c 00000000 		.word	0
 2724 0250 00000000 		.word	.LC2
 2725 0254 08000000 		.word	.LC3
 2726              	.LBE393:
 2727              		.cfi_endproc
 2728              	.LFE2585:
 2730              		.section	.text._ZN3app8Controls12ForcePublishEv,"ax",%progbits
 2731              		.align	1
 2732              		.p2align 2,,3
 2733              		.global	_ZN3app8Controls12ForcePublishEv
 2734              		.syntax unified
 2735              		.thumb
 2736              		.thumb_func
ARM GAS  C:\Users\aydan\AppData\Local\Temp\ccemGtGF.s 			page 74


 2737              		.fpu fpv5-d16
 2739              	_ZN3app8Controls12ForcePublishEv:
 2740              	.LVL203:
 2741              	.LFB2586:
 281:src/controls.cpp ****     Publish();
 2742              		.loc 1 281 1 is_stmt 1 view -0
 2743              		.cfi_startproc
 2744              		@ args = 0, pretend = 0, frame = 0
 2745              		@ frame_needed = 0, uses_anonymous_args = 0
 2746              		@ link register save eliminated.
 282:src/controls.cpp **** }
 2747              		.loc 1 282 5 view .LVU801
 282:src/controls.cpp **** }
 2748              		.loc 1 282 12 is_stmt 0 view .LVU802
 2749 0000 FFF7FEBF 		b	_ZN3app8Controls7PublishEv
 2750              	.LVL204:
 282:src/controls.cpp **** }
 2751              		.loc 1 282 12 view .LVU803
 2752              		.cfi_endproc
 2753              	.LFE2586:
 2755              		.section	.rodata
 2756              		.align	2
 2757              		.set	.LANCHOR0,. + 0
 2758              	.LC0:
 2759 0000 FFFF     		.short	-1
 2760 0002 FFFF     		.short	-1
 2761 0004 FFFF     		.short	-1
 2762              		.section	.rodata._ZN3app6configL14kFootswitchPinE,"a"
 2763              		.align	2
 2764              		.set	.LANCHOR1,. + 0
 2767              	_ZN3app6configL14kFootswitchPinE:
 2768 0000 01       		.byte	1
 2769 0001 04       		.byte	4
 2770              		.section	.rodata._ZN3app6configL17kRotaryCentersU16E,"a"
 2771              		.align	2
 2772              		.set	.LANCHOR2,. + 0
 2775              	_ZN3app6configL17kRotaryCentersU16E:
 2776 0000 6DDB     		.short	-9363
 2777 0002 DBB6     		.short	-18725
 2778 0004 4992     		.short	-28087
 2779 0006 B66D     		.short	28086
 2780 0008 2449     		.short	18724
 2781 000a 9224     		.short	9362
 2782              		.text
 2783              	.Letext0:
 2784              		.file 6 "c:\\program files\\daisytoolchain\\arm-none-eabi\\include\\machine\\_default_types.h"
 2785              		.file 7 "c:\\program files\\daisytoolchain\\arm-none-eabi\\include\\sys\\_stdint.h"
 2786              		.file 8 "c:\\program files\\daisytoolchain\\arm-none-eabi\\include\\stdint.h"
 2787              		.file 9 "c:\\program files\\daisytoolchain\\lib\\gcc\\arm-none-eabi\\10.2.1\\include\\stddef.h"
 2788              		.file 10 "c:\\program files\\daisytoolchain\\arm-none-eabi\\include\\c++\\10.2.1\\cmath"
 2789              		.file 11 "c:\\program files\\daisytoolchain\\arm-none-eabi\\include\\c++\\10.2.1\\bits\\std_abs.h"
 2790              		.file 12 "c:\\program files\\daisytoolchain\\arm-none-eabi\\include\\c++\\10.2.1\\cstdlib"
 2791              		.file 13 "c:\\program files\\daisytoolchain\\arm-none-eabi\\include\\c++\\10.2.1\\cstdint"
 2792              		.file 14 "c:\\program files\\daisytoolchain\\arm-none-eabi\\include\\c++\\10.2.1\\type_traits"
 2793              		.file 15 "c:\\program files\\daisytoolchain\\arm-none-eabi\\include\\c++\\10.2.1\\debug\\debug.h"
 2794              		.file 16 "c:\\program files\\daisytoolchain\\arm-none-eabi\\include\\c++\\10.2.1\\arm-none-eabi\\t
 2795              		.file 17 "c:\\program files\\daisytoolchain\\arm-none-eabi\\include\\c++\\10.2.1\\bits\\algorithmf
ARM GAS  C:\Users\aydan\AppData\Local\Temp\ccemGtGF.s 			page 75


 2796              		.file 18 "c:\\program files\\daisytoolchain\\arm-none-eabi\\include\\c++\\10.2.1\\bits\\stl_pair.h
 2797              		.file 19 "c:\\program files\\daisytoolchain\\arm-none-eabi\\include\\c++\\10.2.1\\bits\\exception_
 2798              		.file 20 "c:\\program files\\daisytoolchain\\arm-none-eabi\\include\\c++\\10.2.1\\cstdarg"
 2799              		.file 21 "c:\\program files\\daisytoolchain\\arm-none-eabi\\include\\c++\\10.2.1\\cstdio"
 2800              		.file 22 "c:\\program files\\daisytoolchain\\arm-none-eabi\\include\\c++\\10.2.1\\cstring"
 2801              		.file 23 "c:\\program files\\daisytoolchain\\arm-none-eabi\\include\\c++\\10.2.1\\bits\\predefined
 2802              		.file 24 "c:\\program files\\daisytoolchain\\arm-none-eabi\\include\\sys\\_types.h"
 2803              		.file 25 "c:\\program files\\daisytoolchain\\arm-none-eabi\\include\\sys\\reent.h"
 2804              		.file 26 "c:\\program files\\daisytoolchain\\arm-none-eabi\\include\\sys\\lock.h"
 2805              		.file 27 "c:\\program files\\daisytoolchain\\arm-none-eabi\\include\\math.h"
 2806              		.file 28 "c:\\program files\\daisytoolchain\\arm-none-eabi\\include\\stdlib.h"
 2807              		.file 29 "c:\\program files\\daisytoolchain\\arm-none-eabi\\include\\c++\\10.2.1\\math.h"
 2808              		.file 30 "c:\\program files\\daisytoolchain\\arm-none-eabi\\include\\c++\\10.2.1\\stdlib.h"
 2809              		.file 31 "../../libDaisy/src/per/tim.h"
 2810              		.file 32 "../../libDaisy/src/sys/system.h"
 2811              		.file 33 "../../libDaisy/src/per/qspi.h"
 2812              		.file 34 "../../libDaisy/src/per/dac.h"
 2813              		.file 35 "../../libDaisy/src/per/sai.h"
 2814              		.file 36 "../../libDaisy/src/hid/audio.h"
 2815              		.file 37 "../../libDaisy/src/per/adc.h"
 2816              		.file 38 "../../libDaisy/src/hid/usb.h"
 2817              		.file 39 "../../libDaisy/src/util/wav_format.h"
 2818              		.file 40 "../../libDaisy/src/dev/max11300.h"
 2819              		.file 41 "../../libDaisy/src/daisy_seed.h"
 2820              		.file 42 "../../libDaisy/src/dev/sdram.h"
 2821              		.file 43 "c:\\program files\\daisytoolchain\\lib\\gcc\\arm-none-eabi\\10.2.1\\include\\stdarg.h"
 2822              		.file 44 "c:\\program files\\daisytoolchain\\arm-none-eabi\\include\\stdio.h"
 2823              		.file 45 "c:\\program files\\daisytoolchain\\arm-none-eabi\\include\\string.h"
 2824              		.file 46 "src/app_config.h"
 2825              		.file 47 "../../libDaisy/src/dev/sr_595.h"
 2826              		.file 48 "<built-in>"
ARM GAS  C:\Users\aydan\AppData\Local\Temp\ccemGtGF.s 			page 76


DEFINED SYMBOLS
                            *ABS*:00000000 controls.cpp
C:\Users\aydan\AppData\Local\Temp\ccemGtGF.s:17     .text._ZN3app18AnalogRotaryLadder4InitEPKtitt.part.0:00000000 $t
C:\Users\aydan\AppData\Local\Temp\ccemGtGF.s:25     .text._ZN3app18AnalogRotaryLadder4InitEPKtitt.part.0:00000000 _ZN3app18AnalogRotaryLadder4InitEPKtitt.part.0
C:\Users\aydan\AppData\Local\Temp\ccemGtGF.s:134    .text._ZN3app12DebounceBoolC2Ev:00000000 $t
C:\Users\aydan\AppData\Local\Temp\ccemGtGF.s:142    .text._ZN3app12DebounceBoolC2Ev:00000000 _ZN3app12DebounceBoolC2Ev
C:\Users\aydan\AppData\Local\Temp\ccemGtGF.s:142    .text._ZN3app12DebounceBoolC2Ev:00000000 _ZN3app12DebounceBoolC1Ev
C:\Users\aydan\AppData\Local\Temp\ccemGtGF.s:165    .text._ZN3app12DebounceBool6UpdateEbmm:00000000 $t
C:\Users\aydan\AppData\Local\Temp\ccemGtGF.s:173    .text._ZN3app12DebounceBool6UpdateEbmm:00000000 _ZN3app12DebounceBool6UpdateEbmm
C:\Users\aydan\AppData\Local\Temp\ccemGtGF.s:226    .text._ZN3app18AnalogRotaryLadderC2Ev:00000000 $t
C:\Users\aydan\AppData\Local\Temp\ccemGtGF.s:234    .text._ZN3app18AnalogRotaryLadderC2Ev:00000000 _ZN3app18AnalogRotaryLadderC2Ev
C:\Users\aydan\AppData\Local\Temp\ccemGtGF.s:234    .text._ZN3app18AnalogRotaryLadderC2Ev:00000000 _ZN3app18AnalogRotaryLadderC1Ev
C:\Users\aydan\AppData\Local\Temp\ccemGtGF.s:259    .text._ZN3app18AnalogRotaryLadder4InitEPKtitt:00000000 $t
C:\Users\aydan\AppData\Local\Temp\ccemGtGF.s:267    .text._ZN3app18AnalogRotaryLadder4InitEPKtitt:00000000 _ZN3app18AnalogRotaryLadder4InitEPKtitt
C:\Users\aydan\AppData\Local\Temp\ccemGtGF.s:335    .text._ZNK3app18AnalogRotaryLadder6DecodeEt:00000000 $t
C:\Users\aydan\AppData\Local\Temp\ccemGtGF.s:343    .text._ZNK3app18AnalogRotaryLadder6DecodeEt:00000000 _ZNK3app18AnalogRotaryLadder6DecodeEt
C:\Users\aydan\AppData\Local\Temp\ccemGtGF.s:457    .text._ZNK3app18AnalogRotaryLadder20DecodeWithHysteresisEt:00000000 $t
C:\Users\aydan\AppData\Local\Temp\ccemGtGF.s:465    .text._ZNK3app18AnalogRotaryLadder20DecodeWithHysteresisEt:00000000 _ZNK3app18AnalogRotaryLadder20DecodeWithHysteresisEt
C:\Users\aydan\AppData\Local\Temp\ccemGtGF.s:697    .text._ZN3app18AnalogRotaryLadder6UpdateEtm:00000000 $t
C:\Users\aydan\AppData\Local\Temp\ccemGtGF.s:705    .text._ZN3app18AnalogRotaryLadder6UpdateEtm:00000000 _ZN3app18AnalogRotaryLadder6UpdateEtm
C:\Users\aydan\AppData\Local\Temp\ccemGtGF.s:773    .text._ZN3app8ControlsC2Ev:00000000 $t
C:\Users\aydan\AppData\Local\Temp\ccemGtGF.s:781    .text._ZN3app8ControlsC2Ev:00000000 _ZN3app8ControlsC2Ev
C:\Users\aydan\AppData\Local\Temp\ccemGtGF.s:926    .text._ZN3app8ControlsC2Ev:00000060 $d
C:\Users\aydan\AppData\Local\Temp\ccemGtGF.s:781    .text._ZN3app8ControlsC2Ev:00000000 _ZN3app8ControlsC1Ev
C:\Users\aydan\AppData\Local\Temp\ccemGtGF.s:933    .text._ZN3app8Controls10FloatToU16Ef:00000000 $t
C:\Users\aydan\AppData\Local\Temp\ccemGtGF.s:941    .text._ZN3app8Controls10FloatToU16Ef:00000000 _ZN3app8Controls10FloatToU16Ef
C:\Users\aydan\AppData\Local\Temp\ccemGtGF.s:994    .text._ZN3app8Controls10FloatToU16Ef:0000003c $d
C:\Users\aydan\AppData\Local\Temp\ccemGtGF.s:999    .text._ZN3app8Controls10U16ToFloatEt:00000000 $t
C:\Users\aydan\AppData\Local\Temp\ccemGtGF.s:1007   .text._ZN3app8Controls10U16ToFloatEt:00000000 _ZN3app8Controls10U16ToFloatEt
C:\Users\aydan\AppData\Local\Temp\ccemGtGF.s:1028   .text._ZN3app8Controls10U16ToFloatEt:00000014 $d
C:\Users\aydan\AppData\Local\Temp\ccemGtGF.s:1033   .text._ZN3app8Controls22RotaryPositionToEffectEiRh:00000000 $t
C:\Users\aydan\AppData\Local\Temp\ccemGtGF.s:1041   .text._ZN3app8Controls22RotaryPositionToEffectEiRh:00000000 _ZN3app8Controls22RotaryPositionToEffectEiRh
C:\Users\aydan\AppData\Local\Temp\ccemGtGF.s:1075   .text._ZNK3app8Controls16PotChangedEnoughEtt:00000000 $t
C:\Users\aydan\AppData\Local\Temp\ccemGtGF.s:1083   .text._ZNK3app8Controls16PotChangedEnoughEtt:00000000 _ZNK3app8Controls16PotChangedEnoughEtt
C:\Users\aydan\AppData\Local\Temp\ccemGtGF.s:1114   .text._ZN3app8Controls7PublishEv:00000000 $t
C:\Users\aydan\AppData\Local\Temp\ccemGtGF.s:1122   .text._ZN3app8Controls7PublishEv:00000000 _ZN3app8Controls7PublishEv
C:\Users\aydan\AppData\Local\Temp\ccemGtGF.s:1234   .text._ZN3app8Controls4InitERN5daisy9DaisySeedERNS_14ControlMailboxE:00000000 $t
C:\Users\aydan\AppData\Local\Temp\ccemGtGF.s:1242   .text._ZN3app8Controls4InitERN5daisy9DaisySeedERNS_14ControlMailboxE:00000000 _ZN3app8Controls4InitERN5daisy9DaisySeedERNS_14ControlMailboxE
C:\Users\aydan\AppData\Local\Temp\ccemGtGF.s:1991   .text._ZN3app8Controls4InitERN5daisy9DaisySeedERNS_14ControlMailboxE:000002bc $d
C:\Users\aydan\AppData\Local\Temp\ccemGtGF.s:2004   .rodata._ZN3app8Controls7ProcessERN5daisy9DaisySeedEm.str1.4:00000000 $d
C:\Users\aydan\AppData\Local\Temp\ccemGtGF.s:2011   .text._ZN3app8Controls7ProcessERN5daisy9DaisySeedEm:00000000 $t
C:\Users\aydan\AppData\Local\Temp\ccemGtGF.s:2019   .text._ZN3app8Controls7ProcessERN5daisy9DaisySeedEm:00000000 _ZN3app8Controls7ProcessERN5daisy9DaisySeedEm
C:\Users\aydan\AppData\Local\Temp\ccemGtGF.s:2721   .text._ZN3app8Controls7ProcessERN5daisy9DaisySeedEm:00000244 $d
C:\Users\aydan\AppData\Local\Temp\ccemGtGF.s:2731   .text._ZN3app8Controls12ForcePublishEv:00000000 $t
C:\Users\aydan\AppData\Local\Temp\ccemGtGF.s:2739   .text._ZN3app8Controls12ForcePublishEv:00000000 _ZN3app8Controls12ForcePublishEv
C:\Users\aydan\AppData\Local\Temp\ccemGtGF.s:2756   .rodata:00000000 $d
C:\Users\aydan\AppData\Local\Temp\ccemGtGF.s:2763   .rodata._ZN3app6configL14kFootswitchPinE:00000000 $d
C:\Users\aydan\AppData\Local\Temp\ccemGtGF.s:2767   .rodata._ZN3app6configL14kFootswitchPinE:00000000 _ZN3app6configL14kFootswitchPinE
C:\Users\aydan\AppData\Local\Temp\ccemGtGF.s:2771   .rodata._ZN3app6configL17kRotaryCentersU16E:00000000 $d
C:\Users\aydan\AppData\Local\Temp\ccemGtGF.s:2775   .rodata._ZN3app6configL17kRotaryCentersU16E:00000000 _ZN3app6configL17kRotaryCentersU16E

UNDEFINED SYMBOLS
_ZN5daisy16AdcChannelConfig10InitSingleE12dsy_gpio_pinNS0_15ConversionSpeedE
_ZN5daisy9AdcHandle4InitEPNS_16AdcChannelConfigEjNS0_12OverSamplingE
_ZN5daisy9AdcHandle5StartEv
_ZN5daisy9DaisySeed7DelayMsEj
_ZN5daisy4GPIO4InitENS_3PinENS0_4ModeENS0_4PullENS0_5SpeedE
ARM GAS  C:\Users\aydan\AppData\Local\Temp\ccemGtGF.s 			page 77


_ZNK5daisy9AdcHandle8GetFloatEh
_ZN5daisy6System6GetNowEv
memset
_ZN5daisy4GPIO4ReadEv
