:020000040800F2
:1000000000000220110A00080D0A0008918900086A
:100010000D0A00080D0A00080D0A00080000000083
:100020000000000000000000000000000D0A0008B1
:100030000D0A0008000000000D0A000815890008DC
:100040000D0A00080D0A00080D0A00080D0A000834
:100050000D0A00080D0A00080D0A00080D0A000824
:100060000D0A00080D0A00080D0A0008497500086D
:1000700055750008C9620008617500086D750008B3
:10008000C9830008796A00080D0A00080D0A0008F3
:100090000D0A00080D0A00080D0A00080D0A0008E4
:1000A0000D0A00080D0A00080D0A00080D0A0008D4
:1000B000053C0108113C01081D3C0108AD6A00081F
:1000C0000D0A0008B96A00080D0A00087534010815
:1000D00081340108FD810008298200085D82000842
:1000E0000D0A00080D0A0008000000000D0A0008B3
:1000F0000D0A00080D0A00080D0A00080D0A000884
:100100000D0A00080D0A0008293C01088D34010879
:1001100091820008C58200080D0A00080D0A000837
:100120000D0A00080D0A0008B1340108E534010881
:10013000FD8300080D0A00080D0A00080D0A0008DA
:1001400000000000000000000000000000000000AF
:100150000D0A00080D0A00080D0A0008F9820008BF
:10016000C56A00080D0A00082589000849890008A9
:100170000D0A00086D8900080D0A00080D0A000824
:100180000D0A00080D0A00082D830008618300088D
:1001900099340108A53401080D0A00080D0A000869
:1001A0000D0A00080D0A00080D0A00080D0A0008D3
:1001B000697200080D0A00080D0A00080D0A0008FF
:1001C0000D0A00080D0A00080D0A00080D0A0008B3
:1001D0000D0A00080D0A00080D0A00080D0A0008A3
:1001E0000D0A00080D0A00080D0A00080D0A000893
:1001F0000D0A00080D0A00080D0A00080D0A000883
:100200000D0A00080D0A00080D0A00080D0A000872
:100210000D0A00080D0A00080D0A00080D0A000862
:100220000D0A00080D0A00080D0A00080000000071
:100230000D0A00080D0A0008000000000D0A000861
:100240000D0A00080D0A00080D0A00080D0A000832
:100250000D0A00080D0A00080D0A00080D0A000822
:100260000D0A00080D0A00080D0A00080D0A000812
:100270000D0A00080D0A0008958300080000000020
:100280000D0A00080D0A00080D0A00080000000011
:08029000000000000D0A000847
:1002A00010B5054C237833B9044B13B10448AFF3B0
:1002B00000800123237010BDF8030024000000001B
:1002C000688D010808B5034B1BB103490348AFF320
:1002D000008008BD00000000FC030024688D0108B8
:1002E000034613F8012B002AFBD1181A0138704776
:1002F00001F0FF01102A2BDB10F0070F08D010F8D7
:10030000013B013A8B422DD010F0070F42B3F6D1DA
:10031000F0B441EA012141EA014122F007047FF0F3
:1003200000070023F0E80256083C85EA010586EA4A
:10033000010685FA47F5A3FA87F586FA47F6A5FA86
:1003400087F68EB9EED1F0BC01F0FF0102F0070292
:1003500032B110F8013B013A83EA010313B1F8D13D
:100360000020704701387047002D06BF354603381E
:10037000073815F0010F07D1013015F4807F02BF57
:10038000013015F4C03F0130F0BC0138704700BFA8
:1003900081F0004102E000BF83F0004330B54FEA36
:1003A00041044FEA430594EA050F08BF90EA020FA3
:1003B0001FBF54EA000C55EA020C7FEA645C7FEA36
:1003C000655C00F0E2804FEA5454D4EB5555B8BF59
:1003D0006D420CDD2C4480EA020281EA030382EACA
:1003E000000083EA010180EA020281EA0303362D5C
:1003F00088BF30BD11F0004F4FEA01314FF4801C2F
:100400004CEA113102D0404261EB410113F0004F40
:100410004FEA03334CEA133302D0524263EB4303F7
:1004200094EA050F00F0A780A4F10104D5F1200E95
:100430000DDB02FA0EFC22FA05F2801841F10001F0
:1004400003FA0EF2801843FA05F359410EE0A5F1C4
:1004500020050EF1200E012A03FA0EFC28BF4CF0F5
:10046000020C43FA05F3C01851EBE37101F00045AB
:1004700007D54FF0000EDCF1000C7EEB00006EEBB8
:100480000101B1F5801F1BD3B1F5001F0CD3490842
:100490005FEA30004FEA3C0C04F101044FEA445299
:1004A00012F5800F80F09A80BCF1004F08BF5FEA20
:1004B000500C50F1000041EB045141EA050130BD00
:1004C0005FEA4C0C404141EB0101013C28BFB1F512
:1004D000801FE9D291F0000F04BF01460020B1FA5D
:1004E00081F308BF2033A3F10B03B3F120020CDA30
:1004F0000C3208DD02F1140CC2F10C0201FA0CF00E
:1005000021FA02F10CE002F11402D8BFC2F1200C72
:1005100001FA02F120FA0CFCDCBF41EA0C01904028
:10052000E41AA2BF01EB0451294330BD6FEA040471
:100530001F3C1CDA0C340EDC04F11404C4F120025C
:1005400020FA04F001FA02F340EA030021FA04F36E
:1005500045EA030130BDC4F10C04C4F1200220FAC5
:1005600002F001FA04F340EA0300294630BD21FA03
:1005700004F0294630BD94F0000F83F4801306BFC9
:1005800081F480110134013D4EE77FEA645C18BFBD
:100590007FEA655C29D094EA050F08BF90EA020F54
:1005A00005D054EA000C04BF1946104630BD91EA4C
:1005B000030F1EBF0021002030BD5FEA545C05D14F
:1005C0004000494128BF41F0004130BD14F580048E
:1005D0003CBF01F5801130BD01F0004545F0FE4102
:1005E00041F470014FF0000030BD7FEA645C1ABF37
:1005F000194610467FEA655C1CBF0B46024650EA6E
:10060000013406BF52EA033591EA030F41F4002199
:1006100030BD00BF90F0000F04BF0021704730B51F
:100620004FF4806404F132044FF000054FF00001F4
:1006300050E700BF90F0000F04BF0021704730B5B5
:100640004FF4806404F1320410F0004548BF40428A
:100650004FF000013EE700BF42004FEAE2014FEADF
:1006600031014FEA02701FBF12F07F4393F07F4FBA
:1006700081F06051704732F07F4208BF704793F0BD
:100680007F4F04BF41F40021704730B54FF46074D0
:1006900001F0004521F000411CE700BF50EA0102D3
:1006A00008BF704730B54FF000050AE050EA01027C
:1006B00008BF704730B511F0004502D5404261EBEC
:1006C00041014FF4806404F132045FEA915C3FF42D
:1006D000D8AE4FF003025FEADC0C18BF03325FEACA
:1006E000DC0C18BF033202EBDC02C2F1200300FA7B
:1006F00003FC20FA02F001FA03FE40EA0E0021FAA0
:1007000002F11444BDE600BF53B94AB9002908BF3D
:1007100000281CBF4FF0FF314FF0FF3000F074B9DC
:10072000ADF1080C6DE904CE00F006F8DDF804E048
:10073000DDE9022304B070472DE9F047089D044627
:100740008E46002B4DD18A42944669D9B2FA82F284
:1007500052B101FA02F3C2F1200120FA01F10CFAC0
:1007600002FC41EA030E94404FEA1C48210CBEFBF8
:10077000F8F61FFA8CF708FB16E341EA034306FB81
:1007800007F199420AD91CEB030306F1FF3080F010
:100790001F81994240F21C81023E63445B1AA4B25D
:1007A000B3FBF8F008FB103344EA034400FB07F7FF
:1007B000A7420AD91CEB040400F1FF3380F00A8140
:1007C000A74240F207816444023840EA0640E41B35
:1007D00000261DB1D4400023C5E900433146BDE8E1
:1007E000F0878B4209D9002D00F0EF800026C5E983
:1007F000000130463146BDE8F087B3FA83F6002E9B
:100800004AD18B4202D3824200F2F980841A61EB12
:10081000030301209E46002DE0D0C5E9004EDDE730
:1008200002B9FFDEB2FA82F2002A40F09280A1EB18
:100830000C014FEA1C471FFA8CFE0126200CB1FB6D
:10084000F7F307FB131140EA01410EFB03F0884266
:1008500008D91CEB010103F1FF3802D2884200F2F3
:10086000CB804346091AA4B2B1FBF7F007FB101185
:1008700044EA01440EFB00FEA64508D91CEB040423
:1008800000F1FF3102D2A64500F2BB800846A4EB7E
:100890000E0440EA03409CE7C6F12007B34022FA69
:1008A00007FC4CEA030C20FA07F401FA06F31C4398
:1008B000F9404FEA1C4900FA06F3B1FBF9F8200CA5
:1008C0001FFA8CFE09FB181140EA014108FB0EF0EB
:1008D000884202FA06F20BD91CEB010108F1FF3A3B
:1008E00080F08880884240F28580A8F10208614447
:1008F000091AA4B2B1FBF9F009FB101144EA014155
:1009000000FB0EFE8E4508D91CEB010100F1FF34FF
:100910006CD28E456AD90238614440EA0840A0FB97
:100920000294A1EB0E01A142C846A64656D353D06D
:100930005DB1B3EB080261EB0E0101FA07F722FA91
:1009400006F3F1401F43C5E9007100263146BDE8BA
:10095000F087C2F12003D8400CFA02FC21FA03F31D
:10096000914001434FEA1C471FFA8CFEB3FBF7F09E
:1009700007FB10360B0C43EA064300FB0EF69E42C3
:1009800004FA02F408D91CEB030300F1FF382FD25C
:100990009E422DD9023863449B1B89B2B3FBF7F604
:1009A00007FB163341EA034106FB0EF38B4208D9DD
:1009B0001CEB010106F1FF3816D28B4214D9023E1E
:1009C0006144C91A46EA004638E72E46284605E73C
:1009D0000646E3E61846F8E64B45A9D2B9EB02080D
:1009E00064EB0C0E0138A3E74646EAE7204694E79D
:1009F0004046D1E7D0467BE7023B614432E73046D0
:100A000009E76444023842E7704700BFFEE700BFD1
:100A10000B480C4A904203D0121A0B4915F07EF98C
:100A20000A480B4A904203D0121A002115F084F9AB
:100A300008F006FA15F03EF900F018F8FEE700BFDE
:100A400000000024F8030024988D0108F803002416
:100A500078A30624704700BF8446134602480A461E
:100A6000614600F0FFBF00BF140400242DE9F047E9
:100A7000002194B055484FF0000A03F0EDFF032128
:100A80005248D14603F0ECFE30215048D04603F0E6
:100A900007FF4F4801F03CFD4E4A4C4957464E482F
:100AA000FF2600F0E1F94D4801F084FA07F0E0FF7D
:100AB00001464B4801F0F2FA444803F0EDFE474A84
:100AC0004449484801F05EF84749404803F0C4FEF5
:100AD0002AE0002E57D02146414801F0DFFA4FF0BE
:100AE000000923464F2B1AD94FF480523F493B4807
:100AF00001F08AFA002867D003A839499DED0C1A45
:100B00004FF48053DDED0B0AA1469DED0A0A374AEA
:100B1000009401F0B7FB03A92D4801F00FFE01205E
:100B200037462E4607F0A6FF07F0A2FF04462A49E3
:100B30000AA8264A234600F0FFFA10999DF83A5079
:100B4000A1F101012148B1FA81F1490903F0C4FE84
:100B5000AE4203D029461E4801F0F6FC9DF8443011
:100B6000E3B99DF8383023B9A4EB0803B3F5FA7F55
:100B700004D30AA91648A04601F000FDB5FA85F68F
:100B80007609002FA5D0E5B187B12146144801F0C0
:100B900085FA0F48A24601F037FEC0E7DDE91223CF
:100BA0009DF845100A4801F0ABFDDAE74DB1A4EB22
:100BB0000A03B3F57A7FB2D30548A24601F024FEBA
:100BC000ADE7A4EB09038DE7A146A8E78C750624E1
:100BD0003476062480750624CC75062444750624D4
:100BE0004C75062414040024590A00080000003043
:100BF00038B513480024134A134904604461046261
:100C0000C46314F0B5FB114B11485C6043F8044B0E
:100C10005C6000F0CBF80F4D0F4801F0C7F90F48AA
:100C200001F026FA284600F081FC2846054A0C49C6
:100C300014F09EFB0B48BDE8384001F065BC00BFD6
:100C40008C75062400000024550A000880750624CF
:100C5000CC75062414040024447506244C7506241F
:100C6000690C00083476062410B50446094820446F
:100C700002F098FB0848204402F096FA44F6A430AB
:100C8000204402F075F904F1080002F047F820460C
:100C900010BD00BF8857060028570600F0B50D8824
:100CA00007464E88013A00F10E044FF0000CAE42A8
:100CB0002CBF0023012303732B460AE09E4510D26C
:100CC000734494454FEA530324F8023B0BDA31F89E
:100CD000023FAE420CF1010CB1F802E0EED39E45AA
:100CE000EED80020F0BD012318467B73F0BD00BF95
:100CF00070B50646407B30B3F0697568002801DDA9
:100D0000A84221DD002D4DDD33684FF0010C00209D
:100D10004FF6FF74A3F1020E3EF8023F9942A3EB97
:100D20000102A1EB030392B288BF9AB26346A242CA
:100D300001D260461446AB420CF1010CECDB738926
:100D4000A34238BF002070BD6FF000423368B6F890
:100D50000AE00244348933F8122074448A42A4B26F
:100D600034BF8A1A521A92B29442ECD29E1E0124C7
:100D700000204FF6FF7C36F8023F9942A3EB0102B8
:100D8000A1EB030392B288BF9AB22346624501D217
:100D9000204694469D4204F10104ECDCE64538BF50
:100DA000002070BD00204FF6FF74C8E710B4174C48
:100DB00003464FF60B7C002220680021A3F804C0F4
:100DC00040F2011CC3F86200A088A3F84C20A3F8ED
:100DD000660018461A601A61A3F818C0A3F84420E8
:100DE0009A64196559659965DA65A3F86020C3E9C5
:100DF0000B22C3E902225DF8044BC3E90722C3E9D1
:100E00000922C3E90D22C3E90F227047747101085A
:100E100090F8443033B3036823B3B0F860C030B502
:100E2000B0F85C40B0F85EE090F84C50A0F862403A
:100E3000A0F864E0A0F866C090F84D001A68BFF30F
:100E40005B8F911C42F0010221F001011A601D71BB
:100E50005871DC80A3F808E0A3F80AC0BFF35B8FE9
:100E6000196030BD704700BF2DE9F04F0024022605
:100E70000546804689464FF0010A08F1200B0827F5
:100E80002DED028B9FB045F8042B32468DF814608F
:100E90000CA88DF81540059904F082FF03238DF806
:100EA000184032468DF819300DF14200069904F0D1
:100EB00077FF8DF81CA08DF81DA03246079915A864
:100EC00004F06EFF07238DF8204032468DF8213064
:100ED0000DF16600089909F1180604F061FF04237A
:100EE0000CA930461A4604F06FFF304605F07AF937
:100EF0000521484603F0ACFC8A4A5346284611684F
:100F00002246009405F08CFADFED877A87490622A5
:100F1000874B5846C8F84040B0EE678A88F82D40A5
:100F2000F0EE678AC8F82010C8E90E44C8E9092322
:100F3000FFF7B4FE8246CDED097ACDED0A7ACDED0C
:100F40000B7A0AAD0024E1B2304605F061F9B5EE46
:100F5000C00AF7EE007AF1EE10FA0FD4B4EE670A89
:100F60000134F1EE10FA37FE800A30EE080A032C45
:100F700005ED010A0BD0B5EC018AE4E79FED6A0AA2
:100F8000013430EE080A032C05ED010AF3D12146A5
:100F9000304605F03DF9B5EEC00AF1EE10FA12D474
:100FA000F7EE007AB4EE670AF1EE10FA37FE800A27
:100FB0000121484678EE808A03F04AFC013F05D0C3
:100FC0009DED098ABDE79FED580AF1E708F15C0144
:100FD00009A808F150030C46B4EE007AF0EC017A4F
:100FE000F7EE006A002267EE877AF5EEC07AE3EC4E
:100FF000017AF1EE10FA11D4F4EEE67A9FED4D6A23
:10100000B6EE007A4FF6FF72F1EE10FA06DCA7EEAC
:10101000867ABCEEC77A17EE102A92B29C4221F86B
:10102000022BD9D1BAF1000F31D0F4EE007A68EE7C
:10103000A78AF5EEC08AF1EE10FA33D500210391AC
:1010400007F016FD039906465846FFF751FED8F8FB
:1010500038400546A0423BD00446C8F83800C8F8DE
:1010600040605846FFF744FEA042D8F83C5006F1D5
:10107000140640D02C46C8F83800C8F84060002C50
:1010800008BF2C46631E042B98BF88F84C30012300
:10109000404688F84430FFF7BBFE1FB0BDEC028B22
:1010A000BDE8F08FF7EE007AF4EEE78AF1EE10FA81
:1010B00002DD4FF6FF71C2E7F6EE007A9FED1D7A72
:1010C000E8EE877AFCEEE77A17EE903A99B2B6E747
:1010D000D8F83C00854202461CD0D8F84030F31ABC
:1010E000132B1AD95846C8F83C50FFF701FEA0420E
:1010F00006F11406BED1AC4209D0D8F84010721ADD
:10110000132A94BFD8F83C40C8F83C40B7E72246C1
:10111000D8F83C0004461546B1E72C46143605467F
:10112000E9E700BF18720108000000001C72010806
:101130008403F00A00FF7F472DE9F04F00250C469D
:1011400002F1180B28222946074604F15C0604F137
:101150005008BA46A9462DED028B83B0019314F0D6
:10116000EBFDB4F84C207A82E26BBA61E9B25846E2
:1011700005F04EF8B5EEC00AF1EE10FA5FD4F7EEC6
:10118000007AB4EE670AF1EE10FA37FE800AD8ED65
:10119000007A9FED7A7A30EE670AE0EE077AF5EE94
:1011A000C07AE8EC017AF1EE10FA42D4B7EE007A98
:1011B000F4EEC77AF1EE10FA44DCB6EE007ADFED19
:1011C000706AA7EEA67AFCEEC77A17EE903A9AB24A
:1011D00007EE902AB8EE677AC7EE267AF188328059
:1011E000914234BF521A8A1A92B2802A05F101053F
:1011F00006F10206EAEC017A28BF4FF00109032D3F
:10120000B4D1B6EE008A2946584687ED038A04F029
:10121000FFFFB5EEC00AF1EE10FA18D4F7EE007A2F
:10122000B4EEE70AF1EE10FA40F396804FF6FF7144
:101230000EE00022DFED537A3280F288D5E79FED91
:10124000510AA4E7F0EE477A4FF6FF72C6E7002195
:1012500004F12000B982FFF74BFDA36B984262D0E6
:10126000019BA063E06B2364B8610138042813D9A3
:10127000201D4D4605F0BAF9637E834220D0019BC4
:101280006076E36187F81090002D43D1384603B0B3
:10129000BDEC028BBDE8F08FC0B294F84C308342B5
:1012A000E6D00023012584F84C00B874201D84F892
:1012B0004D30FB747D7405F099F9637E8342DED175
:1012C000227E9A42DED0E2690199A1EB020ABAF1CC
:1012D0000E0FD7D92376002B30D194F84530002B50
:1012E000D0D1012394F84C2084F84530A36C01330D
:1012F000A3647B62002A3BD094F84D3040F2011287
:1013000087F8109083F00103BA831F4A84F84D30A8
:10131000FB743A622046FFF77BFD384603B0BDEC14
:10132000028BBDE8F08FE26B90429DD0236C019957
:10133000CB1A132B94BF1046E06395E794F8453021
:10134000002B9FD0002384F84530A36C7B620123DF
:101350003B770E4B3B6295E7F0EE487A9FED087ABB
:10136000E0EE077AFCEEE77A17EE903A99B26FE773
:1013700040F20113BB83044B3B6283E70AD7A33DD2
:1013800000FF7F4700000000047201080C72010892
:10139000037833B3F0B58C4686460AE0192D98BF22
:1013A000FBB2192C98BFF2B2934214D11EF8013F40
:1013B0006BB11CF8012BA3F1410503F12007A2F149
:1013C000410402F12006002AE8D10120F0BD9CF87A
:1013D0000030002BF9D010F8013F002BDBD118466C
:1013E000F0BD1846704700BF274B0B4400EB83034A
:1013F0002DE9F041D3F80480B8F1000F19D001EBCA
:1014000041031746214A0D4600EB830304464E0074
:10141000995800292ADA73191D4A04EB8303995855
:10142000002916DA35441B4B04EB8504E1580029EA
:1014300001DABDE8F081BB8840469FED170A07EE50
:10144000903AF8EE677ABDE8F04187EE800A01F045
:101450001FBC7B8840469FED100A07EE903AF8EEDD
:10146000677A87EE800A01F013FCDBE73B88404691
:101470009FED090A07EE903AF8EE677A87EE800A48
:1014800001F006FCC7E700BF2E9C0100D0700600EB
:10149000D4700600D870060000FF7F472DE9F047A2
:1014A0000746884691469A4600250DE04946204663
:1014B000FFF76EFF58BBBAF1000F04D0514620462B
:1014C000FFF766FF18BB0135384601F043FBA84221
:1014D00026DD2946384601F03FFBB0FA80F6044687
:1014E0007609B8F1000F15D0A6B94146FFF750FFB5
:1014F00068B9B9F1000FD9D1BAF1000FE3D0002ECD
:10150000E1D151462046FFF743FF0028DBD02846B3
:10151000BDE8F087B9F1000FEED0002CD3D0C5E7BD
:101520004FF0FF352846BDE8F08700BF2DE9F84FA2
:1015300044F6A4390026054600F1080ADFF89C802D
:101540008144244F05F5CE24A8442F44C0E9006609
:10155000504601F053FC484601F068FD404601F05A
:101560008FFE384602F046F91B4BC4F8C88004F1E0
:10157000D00E9C4603F13C08C4F8CC7004F58A7781
:10158000C4F8BC60BCE80F00C4E930A9AEE80F00A5
:10159000BCE80F00AEE80F00BCE80F00AEE80F009B
:1015A0009CE807004FF0000ADFF834908EE807004F
:1015B00098E80300C4E9436687E80300284684F8F6
:1015C0002461C4F828A1C4F82C91C4E94766BDE899
:1015D000F88F00BF885706007C7101082857060065
:1015E0008888883BF8B500F10805002300F5CE2671
:1015F000A34AA449074628461C46FFF74FFFA24BC3
:10160000C6F8DC002846A14AA149FFF747FFC6F803
:10161000E00000E00134284601F09CFA0346214630
:101620002846A3426CDD01F097FA9A490028F1D0D0
:10163000FFF7AEFE0028EDD0D6F8DC30C6F8E44067
:10164000002B65DBD6F8E030002B6EDBD6F8E430FB
:10165000002B76DB44F6A4340023894A3C448949B4
:101660002046FFF71BFF8C4B8C4A8D49C6F8E800DB
:101670002046FFF713FF8B4BC6F8EC0020468A4A42
:101680008A49FFF70BFFD6F8E830C6F8F000002BC8
:10169000C0F28D80D6F8EC30002B7FDBD6F8F0302E
:1016A000002B72DB824C834B3C44834A83492046A7
:1016B000FFF7F4FE774B824A8249C6F8F4002046D1
:1016C000FFF7ECFE774BC6F8F80020467E4A7F49CC
:1016D000FFF7E4FED6F8F430C6F8FC00002B4BDB35
:1016E000D6F8F830002B3EDBD6F8FC30002B31DB8F
:1016F000002101220223C6E94012C6F80831F8BDD4
:10170000D6F8DC304FF0FF34002BC6F8E44099DA0D
:101710000021284601F088FA0028C0F2A780C6F808
:10172000DC00D6F8E030002B90DA0121284601F0E9
:101730007BFA002844DBC6F8E000D6F8E430002B42
:1017400088DA0221284601F06FFA002843DBC6F848
:10175000E4007FE70221204601F066FA00287ADBE8
:10176000C6F8FC00C4E70121204601F05DFA00281C
:1017700066DBC6F8F800B7E70021204601F054FA0E
:10178000002853DBC6F8F400AAE70221204601F046
:101790004BFA00283FDBC6F8F00083E70121204622
:1017A00001F042FA00282BDBC6F8EC0076E70021B6
:1017B000204601F039FA002818DBC6F8E80069E78E
:1017C000284601F0C7F901288CBF01204FF0FF30F7
:1017D000C6F8E000B1E7284601F0BCF902288CBF4A
:1017E00002204FF0FF30C6F8E40033E7204601F056
:1017F000B1F9B0FA80F040094042C6F8E80049E784
:10180000204601F0A7F901288CBF01204FF0FF30DE
:10181000C6F8EC0042E7204601F09CF902288CBF94
:1018200002204FF0FF30C6F8F0003BE7204601F001
:1018300091F9B0FA80F040094042C6F8F4004FE751
:10184000204601F087F901288CBF01204FF0FF30BE
:10185000C6F8F80048E7204601F07CF902288CBF62
:1018600002204FF0FF30C6F8FC0041E7284601F0A7
:1018700071F9B0FA80F040094042C6F8DC0050E748
:10188000287201082C7201083072010838720108B0
:101890004072010848720108907201089C720108A8
:1018A000A472010878720108AC720108B4720108D0
:1018B000285706005072010858720108607201082A
:1018C000687201087072010880720108887201084C
:1018D000F8B503682BB11D68BFF35B8F15F00102EB
:1018E00000D0F8BD197993F805C0B3F806E0D3E944
:1018F00001761B68BFF35B8F9D42F2D100F5CE24C9
:10190000D4F81C31AB42ECD00429C4F81C51C4E912
:10191000437655D9B4F8163184F80C21734508D1B3
:10192000D4F8181194F814318E4200D17BBB94F88E
:101930000C2194F82231934239D0BCF1000318BF36
:101940000123D4ED4A7A84F82221F5EEC07A84F896
:101950002331F1EE10FA05DD94F8201111B194F85D
:101960002111E1B3002184F8202184F82131C4F849
:10197000281102B18BB3002384F8243104F5867357
:1019800004F58A7493E8030084E80300F8BD114667
:101990004B1E154A032B0244C9D8FFF725FD94F8C6
:1019A0000C2194F8223194F80DC19342C5D1BCF1B9
:1019B000000394F8231118BF01239942C1D1DDE738
:1019C000B4F816317345E3D1D4F8182194F81431E2
:1019D0009642DDD18B42AAD0DAE70223CCE701237D
:1019E00084F82431CAE700BF0E71060000F5CE204E
:1019F00090F82431012B13D0022B00D07047D0ED8A
:101A00004A7AB7EE007AD0ED4B6A77EEA67AF4EE1A
:101A1000C77AF1EE10FA0FDB002380ED4A7A1BE063
:101A2000D0ED4A7A002390ED4B7A77EEC77AF5EE47
:101A3000C07AF1EE10FA02D9C0ED4A7A704790F8F8
:101A4000222190F82311C0F8283180F8202180F855
:101A5000211102B119B1002380F82431704702230B
:101A6000FAE700BF2DE9F84F0646884691461F4623
:101A70002DED028BFFF72CFF706820B13A46D8F8A5
:101A8000001000F0A7FA002F71D0002506F5CE2A2D
:101A90000FE0DFED397AB4EE678AF1EE10FA37FE27
:101AA000888A0135304684ED008AFFF79FFFAF42F8
:101AB0005DD09AF820214FEA850B304CD8F80030E1
:101AC000144403EB850306EB840493ED008A6468F9
:101AD000002A44D0002C42D09AF8213113B19AF850
:101AE0002431E3B32368B0EE480A2046DB68984708
:101AF000204601F00BF92046F0EE408A01F00AF989
:101B000038EEC87A9AED4A6AF0EE487ADFED1C6A40
:101B1000D9F80030E6EE077A5B44F4EEE67AF1EEAF
:101B200010FA21D49FED147AF4EE477AF1EE10FA10
:101B300077FE277A30EE480AC3ED007A9AED4A7AAA
:101B4000DFED0F7AA7EE008AD9F804405C44B4EECA
:101B5000E78AF1EE10FA9CD5B0EE678AA1E7B0EE05
:101B6000480AF0EE488ACBE7F0EE667AE2E7BDEC91
:101B7000028BBDE8F88F00BF3333733F2E9C01000A
:101B8000333373BF2DE9F04144F6A437044600F126
:101B900008082A4E07442A4D26442DED028BB0EE4C
:101BA000408AC0E90012404601F05CF9B0EE480AF4
:101BB000384601F075FAB0EE480A304601F08EFB67
:101BC000B0EE480A281901F067FE4046012100F0F6
:101BD00051FE0121384600F04DFE0121304600F053
:101BE00049FE0121281900F045FE2046FFF7FAFCC6
:101BF000204604F5CE24FFF76BFE94F80D3194F8DF
:101C00000C21003B84F8202118BF012384F82221F5
:101C100084F8213184F8233102B133B10023BDECC3
:101C2000028BC4F82831BDE8F0814FF07E53BDEC43
:101C3000028BC4F82831BDE8F08100BF28570600A8
:101C400088570600002ADFEDC07A2DE9F8430746E1
:101C50001C462DED028BB0EE408A08DD0B4601EBF1
:101C60008205B3EC017AAB4277EE877AF9D107EEC1
:101C7000102AB64D501EDFEDB45AB8EEC77A6FF099
:101C80000308DFF824E305F580592E4687EE876ABE
:101C90004246AF4B08F10408DFEDAE6A9FEDAA7A29
:101CA00001E0F3EC016A002A8C4605DB824294468F
:101CB000A8BF844601EB8C0CDCED007A734502F181
:101CC000010277EEC67AA7EEA67AEAD1A6EC017AEF
:101CD0004E45E7EE075ADBD1DFED9F7A25EEA70AE6
:101CE000B5EE400AF1EE10FA00F12981F1EEC07A6A
:101CF0009FED9A7AD7ED086AF4EEC77AF1EE10FA02
:101D000007DD9FED977AF4EEC76AF1EE10FA00F363
:101D1000CF809FED947ADFED945A27EE877A9FED7E
:101D2000936AF4EEC67AA6EEA57AF1EE10FA87ED84
:101D3000087A00F1AE80002140F2F4628C4801265E
:101D400013F0FAFF8B484FEA450C8B4907460CF518
:101D5000805CACEB01022B469FED7B7AF3EC017AC1
:101D6000F2EC016A8B4277EEE67AA7EEA77AF5D11C
:101D7000013640F2BD12191FA7EC017A9642E8D154
:101D80007E4D4FF07E53DFED707A2A467C4942F853
:101D9000043B0123F0EC016AB7EE007A9FED796A0B
:101DA00077EEA67AF4EEC67AF1EE10FA07DD07EECA
:101DB000103AB8EEC77A67EE266A86EEA77A8142B5
:101DC00003F10103A2EC017AE4D1B5EEC08AF1EE91
:101DD00010FA63D59FED6C7A6C4A0C2302E0013354
:101DE0008B4256D0F2EC017A40F2BD11F4EEC77A84
:101DF000F1EE10FAF3D505EB830209E0D2ED017A9A
:101E0000B2EC017AF4EEC77AF1EE10FA66D50B4621
:101E1000B3F5DE7F03F10101F0DBDFED4B7A07EE76
:101E2000103AF7EE006AB8EEC77A77EE277AF4EE4A
:101E3000E67AF1EE10FA2CD9DFED555AB3EE0B6AC3
:101E400085EEA77AB4EEC67AF1EE10FA21D4DFED72
:101E5000517AB4EEE77AF1EE10FA1ADC05EB83035F
:101E600084ED007AD3ED007A76EEE77AF5EEC07A6B
:101E7000F1EE10FA5DD4F4EE667AF1EE10FA76FE29
:101E8000A77A0A9B0120BDEC028BC3ED007ABDE866
:101E9000F883BDEC028B0020BDE8F883F7EE007AF2
:101EA000B4EEE78AF1EE10FA11DD9FED3B7A93E78D
:101EB00087EEA67A9FED396AB4EEC67AF1EE10FA93
:101EC0007FF727AFFB6A0B9A13447B6221E7DFEDB4
:101ED000347A9FED2D7AA8EE677A7DE705EB8302D1
:101EE000B0EE005ADFED2F5A52ED016AB0EE666A8D
:101EF00097EE056A36EE676AB0EEC67AB4EEE57A1A
:101F0000F1EE10FA89D476EEE77AF6EE006AFEEE8C
:101F1000005A27EEA67AC7EE067AF4EEE57AF1EEDD
:101F200010FA09D4F4EE667AF1EE10FA76FEA77A8A
:101F300075E7DFED057AA4E7F0EE657A6FE713F059
:101F400071FEF0EE407AD3E6000000000060003041
:101F50002C730108F1F0F03C0000803AA69B443C51
:101F6000BD3786359A99193E9A99593F0AD7233C2D
:101F70000050003004500030FC6F00300040003052
:101F8000F45600305F708930AE47613E304000301B
:101F900000803B4600007A44CDCCCC3D3333D33F68
:101FA0008FC2F53DCCBC8C2B4C7301080022C0E9DC
:101FB0000022704710B54FF4004204460021044847
:101FC00013F0BAFE00232360BFF35B8F636010BD84
:101FD00000700030036830B492B19C18094DC3F30F
:101FE0000C02013351F804CB05EB8202A342C2F884
:101FF00000C0F4D10460BFF35B8F446030BC704715
:102000001C46F7E700700030531EB3F5805F03D223
:10201000B1FA81F35B0909B90020704770B502F588
:1020200080754668BFF35B8FB5421CD8A6F58076F5
:102030008C460E4D1946B41A0B19013141F6FF7E3C
:10204000C3F30C038A4205EB83031B684CF8043B83
:10205000F2DC4368901BBFF35B8F184470458CBF64
:102060000020012070BD002070BD00BF0070003056
:102070000022002110B478248161C161C462016230
:102080005DF8044B80F83020C0E90022C0E902224C
:10209000C0E90422C0E90922704700BF00230022E2
:1020A0007831036043608360C36003614261836190
:1020B000C361036280F8302010B47824C0E90912AB
:1020C000C4625DF8044B7047B5EEC00AF0B5F1EE9E
:1020D00010FA15462DED028B83B044D9DFED267A38
:1020E00004460E469FED258A80EE270A244F13F002
:1020F00095FA2046234B3146234EF2EE087AA0EEA5
:10210000278AF8FE487AFDEEE77A17EE904A83FBBD
:1021100004234FEAE47C1D4ACCEB630C0CEB4C032C
:102120000CF1FF3CA4EB8303CDF800C00C33A6FBFD
:10213000036C4FEADC0C0CEB4C0CA3EB8C0357F854
:10214000233013F039FF07EE904A9FED117AF8EE35
:10215000E77A38EE678A28EE078A85ED008A03B0B1
:10216000BDEC028BF0BD00270A4A13F025FF2F605B
:1021700003B0BDEC028BF0BD0000DC4300008A42DE
:10218000F8720108ABAAAA2AABAAAAAAC0720108CF
:102190000000C842BC720108D0ED006AD0ED017A9F
:1021A00090ED020AF4EEE76A90ED037A90ED046A8E
:1021B000F1EE10FA05DDF0EE665AF0EE676AF0EE29
:1021C000657AB4EEC67AF1EE10FA33DCB4EEC60AE4
:1021D000F1EE10FA05DDF0EE405AB0EE460AB0EE30
:1021E000656AB4EEC70AF1EE10FA30DCF4EEC76AA5
:1021F000F1EE10FA05DDF0EE665AF0EE476AB0EE49
:10220000657AF4EE406AF1EE10FA36FE800AF4EEDA
:10221000467AF1EE10FA76FE277AF4EE477AF1EE7E
:1022200010FA77FE277AF4EE407AF1EE10FA37FED4
:10223000800A7047B4EEC70AF1EE10FA0FDDF0EE37
:10224000405AB0EE470AB0EE467AB0EE656AF4EE58
:10225000C06AF1EE10FA0EDDB0EE667AD7E7F0EE66
:10226000475AB0EE467AB0EE656AB4EEC70AF1EEB0
:1022700010FABBDDEBE7F0EE475AB0EE407AB0EE75
:10228000650ABEE7F0B50D461146954A04460020A2
:10229000166895F830202DED028B206185B02682DE
:1022A000360CB0EE608A0C9FA674C4E90000C4E945
:1022B0000200C4E905002AB1AA6ABA1AB2F5966FFB
:1022C00000F2AE80B5EEC01A00220292F1EE10FAD2
:1022D00003921AD4F7EE007AB4EEE71AF1EE10FA90
:1022E00040F38580C822EA6299B96B6A00229F4256
:1022F000A26180F0888095F83030002B40F0A180FA
:10230000204605B0BDEC028BF0BD3C22EA620029FC
:10231000EBD0B3F5805FE8DB1A4603AB28460197A4
:10232000009302ABFFF78EFC6B6A9DED020ABB4285
:1023300084ED060ADFD8002865D095F83020002A01
:1023400040F094809DED035A6B682B60AB686B6026
:10235000EB68AB602B6985ED040AEB606B69042BBD
:1023600000F3B7800133052B6B6100F0B280B5EE4E
:10237000C08AF1EE10FA00F1A980F7EE007AB4EE0F
:10238000E78AF1EE10FA00F3A8809FED567ADFEDB0
:10239000567AE8EE077A3AB195ED067A70EE476A1A
:1023A000A6EEA77AB0EE470ADFED507A85ED060A71
:1023B000B4EEE75AF1EE10FACCBF0123002305DD9D
:1023C000012285ED070AAF6285F8302004F1100084
:1023D00004F10C020821237084ED010A84ED025AF5
:1023E000FFF772FE204605B0BDEC028BF0BDF6EEA5
:1023F000007A9FED3F7AE1EE077AFCEEE77A17EE7E
:10240000902A3C3282E7002295F830302270002B6F
:102410004CD100232046A36005B0BDEC028BF0BD7B
:1024200000226861A8622A606A60AA60EA602A6184
:10243000AA61EA612A6207F1780285F830006A62CF
:1024400040E7002095ED070A4FF07A5304F10C02A3
:102450002070082104F1100084ED010AA360FFF749
:1024600033FE204605B0BDEC028BF0BDD5ED077AFA
:10247000DFED206A80EE277AB4EEE67AF1EE10FA0C
:1024800007DCDFED1D6AB4EEE67AF1EE10FA7FF5B7
:1024900059AF9DED035A9FED197AB4EEC75AF1EE8C
:1024A00010FA7FF551AF0023237001E0D5ED077AD4
:1024B000134BB0EE670A04F10C02082104F110007E
:1024C000A360C4ED017AFFF7FFFD19E7DFED067A9F
:1024D00061E72846FFF760FE49E7DFED0A7A5AE731
:1024E000BC72010814AEC7BE6666E63ECDCCCC3EDB
:1024F00000000C439A99F93FB81E053F6666663F97
:10250000CDCC4C3E90C2753D0022C0E90022704700
:1025100010B50C4A88B001230021B2F800C04FF476
:10252000E134039306930491029101A905939388E2
:102530000794ADF804C0ADF8063006F015F808B001
:1025400010BD00BFC071010810B588B00B460A4A23
:1025500020210446684613F02FFD6846FDF7C0FEB3
:102560000A2302466946204606F068F810B16368FF
:102570000133636008B010BD4C73010891ED007A1F
:10258000B5EEC07A30B5F1EE10FA9DB0044640D4F5
:10259000F7EE007AB4EEE77AF1EE10FA40F39980A4
:1025A00091ED017A42F21073B5EEC07AF1EE10FAB5
:1025B00037D5002091ED027AB5EEC07AF1EE10FA2F
:1025C0003FD4F7EE007AB4EEE77AF1EE10FA5CDD74
:1025D00091ED037A42F21075B5EEC07AF1EE10FA81
:1025E00037D5002260210292434ACDE9000504A8B4
:1025F00013F0E2FC04A8FDF773FE0A23024604A9C7
:10260000204606F01BF810B16368013363601DB00B
:1026100030BD002391ED017AB5EEC07AF1EE10FAEB
:10262000C7D4F7EE007AB4EEE77AF1EE10FA3EDDA9
:1026300091ED027A42F21070B5EEC07AF1EE10FA26
:10264000BFD5002591ED037AB5EEC07AF1EE10FA10
:10265000C7D4F7EE007AB4EEE77AF1EE10FA02DDB5
:1026600042F21072BEE7F6EE007ADFED246A42F223
:102670001071E7EE267AFDEEE77A17EE902A8A428D
:10268000A8BF0A4622EAE272ACE7F6EE007ADFED76
:102690001B6A42F21072E7EE267AFDEEE77A17EE39
:1026A000905A9542A8BF154625EAE575CAE7F6EEA9
:1026B000007ADFED126A42F21072E7EE267AFDEE42
:1026C000E77A17EE900A9042A8BF104620EAE07021
:1026D00070E7F6EE007ADFED096A42F21072E7EE7B
:1026E000267AFDEEE77A17EE903A9342A8BF13469A
:1026F00023EAE3738EE700BF5473010800401C46D1
:1027000010B514469AB01A460B4600946021044650
:10271000019202A8084A13F04FFC02A8FDF7E0FD61
:102720000A23024602A9204605F088FF10B163681B
:10273000013363601AB010BD6473010891ED017A32
:10274000B5EEC07A10B5F1EE10FAA4B0044653D439
:10275000F6EE007ADFED296AE7EE267AFDEEE77AFB
:1027600017EE900A9FED266AF6EE006A91ED037A65
:10277000FEEE007A27EE067A91ED026AB5EEC07A97
:10278000F1EE10FAB5EEC06A66FEA77A77EE877AA8
:10279000F1EE10FAFDEEE77A09D4B7EE007AB4EE66
:1027A000C76AF1EE10FA1EDD4FF47A7300E00023E1
:1027B000CDED027A009004A8039311F8103B114A62
:1027C0000191802113F0F8FB04A8FDF789FD0A238D
:1027D000024604A9204605F031FF10B163680133B9
:1027E000636024B010BD9FED057AE6EE076ABDEE8A
:1027F000E67A17EE103ADBE70020B3E700007A44F0
:102800000000C842707301080B4A002300B512682B
:1028100089B04FEA124C01A9059301930493ADF8D6
:1028200014208DF816C0CDE90233CDE90633FFF749
:1028300085FF09B05DF804FBBC72010880ED080A51
:10284000704700BF80ED050A80ED060A704700BFA3
:1028500080ED050AC0ED060A704700BF037FF7EE62
:10286000007A9FED030A002B00FE270A704700BF85
:102870000000000001777047704700BF704700BF3D
:10288000704700BF10B5044B0446C068236008B110
:1028900012F075FD204610BDA073010810B5064B5F
:1028A0000446C068236008B112F069FD2046242167
:1028B00012F063FD204610BDA073010838B5044630
:1028C000C0680D4618B112F05AFD0023E360002DD8
:1028D00002DC0023A36038BD2846A56012F051FD3C
:1028E000A368E060002BF6DD00210B4608E09CF8B1
:1028F0001020C2540133A2681C319A42EBDDE0681B
:10290000226902EB010C002AF1D1C254F2E700BFA8
:102910002DE9F04F95B01746013B0D461E9C0990DE
:10292000B4F90620B4F90400002A069320EAE07006
:10293000B4F90230B4BF561C16460593A0F1090342
:102940007610B4F900C01BB29642314623EAE37315
:102950001FFA8CFCA8BF1146921B092812B221EA6B
:10296000E17AA8BF0920092B22EAE272E280BDF8D1
:1029700014201144A2F1050261801946A8BF092163
:1029800002EB6A02002FA3EB01030A910CEB00019A
:1029900096B20FFA82F88AB20C920AB208929AB2F0
:1029A0001BB20B92079345DDACF1020C0CEB6000FF
:1029B000031D02B20FFA83FB0D9293453ADB06F139
:1029C0000902012128465B4612B200922A68019151
:1029D0005946D2F818904246C847721C28464FF014
:1029E000070912B25B462546013B0D991FFA82FB8F
:1029F0001BB21FFA89F999421ADC0BEB0901012479
:102A0000A9F1020909B20FFA89F90091016829EACE
:102A1000E97901948C691946CDE90E03A0470D9B15
:102A20000BF101020E9819460F9B12B29942DBD1AD
:102A30002C460546069BBB4240DD0C9B0B9A023B95
:102A40001A4413460A9A03EB62031FFA83F91BB276
:102A500009F1050212B2934230DA06F109010120B0
:102A60004246A9EB060909B24FF007080091296810
:102A7000019028468F691946B847721C053612B274
:102A800036B297B2B2421FFA88F807EB09031BB2BD
:102A900014D008EB0701012009B2009129680190C8
:102AA0002846D1F818B01946D847A8F102037A1C75
:102AB0001BB212B2002B23EAE378E2DC099B4FF051
:102AC00000084FF0010910AE5A6829462B6812A879
:102AD000DF6A089BADF846A0ADF84030059B009634
:102AE000ADF84230079BCDE90189ADF844300D4B7C
:102AF000B8472B68294612A8DD6A0096094BCDE934
:102B000001892288ADF840206288ADF84220A28871
:102B1000ADF84420E288ADF84620034AA84715B036
:102B2000BDE8F08F500200248473010810B4074CF4
:102B3000002200210460064C4161446081615DF81F
:102B4000044B02770261C0E902227047A0730108BA
:102B500088730108007A7047C3685BB1002909DBFC
:102B600083688B4206DD036923B1C1EBC10153F8D1
:102B7000210070470048704790730108C36873B123
:102B800000290CDB8268914209DA5B5C9FED057AD3
:102B900007EE903AF8EE677A87EE870A70479FED66
:102BA000020A70470000FE42000000000029C268CF
:102BB00032DB8AB3836899422EDA036963B3C1EBCF
:102BC000C10003EB80031879032825D19B68581CAA
:102BD00022D007EE903A9FED115A525CF8EEE75A78
:102BE000DFED0F7A07EE102ADFED0E6A85EE256A1B
:102BF000B8EEC77A37EE277AC7EE067A77EEA67A6E
:102C0000FDEEE77A17EE900A01300128B8BF0120E7
:102C10009842A8BF18467047012070470000004343
:102C20000000FC3E0000003C0369A3B110B48468BE
:102C3000002C0BDD002002E00130A04206D05A69D2
:102C40001C338A42F8D15DF8044B70474FF0FF30D7
:102C50005DF8044B70474FF0FF30704730B5C468E3
:102C600084B100290EDB85688D420BDD150609D481
:102C700014F801E0964505D062540368034ADB6A04
:102C8000934200D130BDBDE8304018477D28000890
:102C9000B5EEC00AF1EE10FA2CD4F7EE007AB4EEDD
:102CA000E70AF1EE10FA22DC002930B5C4681DDB1A
:102CB000E4B18568A94219DA9FED117ADFED117A46
:102CC000E0EE077AFCEEE77A17EE90CA1CF0800F70
:102CD0005FFA8CFE0AD114F801C0F44506D004F85E
:102CE00001E00368084ADB6A934206D130BD7F22C7
:102CF000FFF7B4BF0022FFF7B1BFBDE8304018476F
:102D00000000FE423333B33E7D28000890ED050AF3
:102D1000704700BF90ED060A704700BF034B10B527
:102D200004460360FFF7AEFD204610BD9474010811
:102D3000064B10B504460360FFF7A4FD44F69C3132
:102D4000204612F01AFB204610BD00BF9474010803
:102D50002DE9F041044682B0002104F58045FFF7DB
:102D60000DFF2046012105F6883305F68C3805F560
:102D7000396705F6943683ED000AFFF7FFFE20461B
:102D8000022188ED000AFFF7F9FE05F6843304F509
:102D9000974220EE000A93ED007A2046D2ED007AA9
:102DA000032105F6983537EE677AE0EE077AC7ED2E
:102DB000007AFFF7E3FE0421204686ED000AFFF7C4
:102DC000DDFEF0EE407A04F1240098ED000AC5ED36
:102DD000007A019012F08AFA97ED000A019812F039
:102DE0004BFA96ED000A019812F02AFA95ED000AC6
:102DF000019802B0BDE8F04112F0A8BA38B5044617
:102E0000FFF794FE134A4FF07E5104F580431248B9
:102E1000226004F59742114D116003F68432106070
:102E2000002203F68830026003F68C30026003F55E
:102E30003960016003F6943103F6983320460A6046
:102E400005211A60064B65602361FFF737FD2046B8
:102E500038BD00BF947401080000A041D073010880
:102E60000074010838B52DED028BB0EE408A05469E
:102E7000FFF7E4FC002405F12400B0EE480A11F04D
:102E8000D1FF2B68214601342846DB6A9847052C80
:102E9000F7D1BDEC028B38BD30B5044644F6883519
:102EA0002DED028B83B02544FFF7CCFC04F1240008
:102EB00094ED050AB7EE008A019012F07DF80198B2
:102EC00012F0B2F995ED007AD4ED056A78EE477A02
:102ED000019867EEA67AE0EE077AC4ED057A12F063
:102EE000A9F9D5ED007A94ED067A38EE678A28EED6
:102EF000078AA0EE278A84ED068A03B0BDEC028B18
:102F000030BD00BF10B5036882B00446DB68CDED6C
:102F1000010A9847DDED010A94ED050A2046FFF706
:102F200097FC04F1240012F085F944F68833F7EE9B
:102F3000007AD4ED066A234493ED007A77EEC77ADF
:102F400067EEA67AE0EE077AC4ED067A02B010BD0D
:102F500038B50C460546FFF781FC012C00D038BD82
:102F600044F688332B44D3ED007A20EE270A38BD8F
:102F7000034B10B504460360FFF784FC204610BDE8
:102F80003C750108054B10B504460360FFF77AFC59
:102F90000349204612F0F1F9204610BD3C750108A6
:102FA000840B0600F8B500F5C0240021054604F6A0
:102FB000683604F678372DED028B96ED008AFFF720
:102FC000DDFD04F66C3396ED007A01212846D3ED41
:102FD000007A04F67C3677EEC77AA0EE278A87ED72
:102FE000008AFFF7CBFD04F53763F7EE007A022184
:102FF00093ED007A04F6743304F53864284637EE0E
:10300000C00AD3ED007A77EEC77A20EE000AA7EE69
:10301000807A86ED007AFFF7B1FD84ED000A3B6807
:10302000BDEC028B6B623368AB62F8BD10B5044631
:10303000FFF77CFD144A4FF07E5004F5C02313497E
:10304000226003F66832116003F66C32106003F5FB
:1030500037620F48106003F674300E4A026003F6C0
:103060007830016003F67C31002003F538630A6094
:10307000094A0A4918602046616003212261FFF76E
:103080001DFC204610BD00BF3C7501089A99193FF0
:103090000000164400007A46E0740108C474010878
:1030A00038B52DED028BB0EE408A0546FFF7C6FB22
:1030B000002405F12400B0EE480A01F0C5F92B68A0
:1030C000214601342846DB6A9847032CF7D1BDEC32
:1030D000028B38BD10B5044686B0FFF7B3FB6069BC
:1030E00003AAA16902AB009205AA049004F124008E
:1030F000059104A901F014FA0E4BF7EE007A9DED4C
:10310000047A23449DED055ADDED025AD3ED006AA1
:103110009DED036A77EEE67A27EE877A67EE857A89
:10312000A6EEA57AE6EE867A84ED057AC4ED067AF7
:1031300006B010BD800B060010B504462DED028BC5
:1031400086B0B0EE408AF0EE608AFFF781FB6169DD
:1031500003A8A26902AB009004F12400049104A921
:10316000059205AA01F0DCF90D4BB7EE007ADDED12
:10317000025A23449DED036AD3ED006A77EE667A26
:1031800027EE888A67EEA87AA6EEA58AE6EE867A0A
:1031900084ED058AC4ED067A06B0BDEC028B10BD45
:1031A000800B0600FFF75ABB034B10B504460360C3
:1031B000FFF768FB204610BDE8750108054B10B508
:1031C00004460360FFF75EFB6021204612F0D5F84D
:1031D000204610BDE875010810B5044600212DED0C
:1031E000028B90ED118AFFF7C9FC94ED117A012151
:1031F000D4ED127A204677EEC77AA0EE278A84EDC6
:10320000158AFFF7D3FC07EE900A02212046F8EE5C
:10321000E77A94ED138AC4ED167AFFF7AFFCD4ED8C
:10322000137A94ED147A04F1240037EE677AF0EE05
:10323000487AE0EE077AC4ED177AC4ED0C7A01F013
:10324000D3FAF7EE007AD4ED160AF4EEE70AF1EEBF
:1032500010FA10D4DFED097AF4EE670AF1EE10FAF5
:1032600077FEA00AB0EE000A12F042FA84ED100ACE
:10327000BDEC028B10BDF0EE670AF3E700000042E0
:1032800038B50446FFF752FC0D494FF07E520D4809
:10329000A1640D490D4B2060E1644FF084416265EB
:1032A0000B480C4A0C4D60642046A1650321236540
:1032B000E36565602261FFF701FB204638BD00BF72
:1032C0000000A041E87501080000FA4300409C4658
:1032D0000AD7233C8C7501086C75010838B52DEDB3
:1032E000028BB0EE408A0546FFF7A8FA002405F1EC
:1032F0002400B0EE480A01F069FA4FF08F432B64C6
:103300002B68214601342846DB6A9847032CF7D105
:10331000BDEC028B38BD00BF10B504462DED028B0D
:10332000B0EE408AFFF78EFA94ED107AD4ED156A6C
:1033300028EE078AB6EEC88AC8EE077ABDEC028B83
:1033400067EEA67AC4ED057AC4ED067A10BD00BF1B
:1033500010B504462DED028BF0EE408AB0EE608A87
:10336000FFF776FAD4ED107A94ED156A68EEA78A25
:1033700028EE278AF6EEE88AC8EEA76AB6EEC88A73
:1033800088EE277ABDEC028B66EE866AC4ED056A8C
:1033900067EE067AC4ED067A10BD00BF0368DB68ED
:1033A000184700BF034B10B504460360FFF76AFAE5
:1033B000204610BD3C770108064B10B5044603605B
:1033C000FFF760FA41F63411204611F0D6FF20468F
:1033D00010BD00BF3C77010810B5044606290CD883
:1033E000DFE801F0263D4658616C0C00DFED557AB0
:1033F00041F614132344C3ED007A10BD0621FFF7F4
:10340000BDFBDFED517AB4EEE70AF1EE10FA09D414
:10341000B7EE007AB4EEC70AF1EE10FA40F38680F8
:10342000DFED4A7A41F624132344C3ED007A10BD40
:103430000021FFF7A3FBB5EEC00AF7EE007AF1EE2C
:1034400010FA06D4B4EEE70AF1EE10FA69DDDFED0A
:10345000407A41F618132344C3ED007A10BD0121D0
:10346000FFF78CFB41F61C13234483ED000A10BDCB
:103470000221FFF783FBB5EEC00AF1EE10FAB5D4D6
:10348000F7EE007AB4EEE70AF1EE10FA2FDDDFED89
:10349000317AADE70321FFF771FB04F12400BDE8A9
:1034A000104000F009BC0421FFF780FB014604F145
:1034B00024000139BDE8104000F0F8BB0521FFF7FA
:1034C0005DFBB5EEC00AF1EE10FA09D4F7EE007A12
:1034D000B4EEE70AF1EE10FA2DDDF0EE007A01E02D
:1034E000F8EE007A04F5C954C4ED007A10BDF3EE8D
:1034F000087ADFED196ABAEE087AA0EE277AF6EEBE
:10350000007AB5EEC07AF1EE10FAACBF77EE277A0A
:1035100077EE677AFDEEE77AF8EEE77A67EEA67A5D
:1035200066E79FED0E7AE0EE077A92E79FED077A65
:10353000E0EE077A76E7B1EE007AF8EE007AE0EE98
:10354000077ACFE7000096C4000000000000484260
:1035500000009643000096440000C8420080954356
:1035600070B545680446012D2DED028BF0EE408AC2
:1035700040F2A180037F90ED0A8A1BB1F6EE007A3B
:1035800028EE278A637F0BB1B1EE488AA669DFED8A
:10359000947A07EE106A9FED930AB8EE477A27EE09
:1035A000277A27EE000A12F037FAAB1EF0EE407AC7
:1035B00084ED050A012B00F20C81DFE803F00141E4
:1035C00094ED047A40F2AE41A268FCEEC76A8E42E6
:1035D00016EE903A02EB830393ED000A0DD8B7EE96
:1035E000007A013677EE677AB0EE407AA7EEA87AD5
:1035F00083ED007A94ED047AA661236A37EE088A97
:10360000013B84ED048A07EE903AF8EE677AB4EE57
:10361000E78AF1EE10FA40F3C0800023236194F8AA
:103620002430002B00F0A1802368012B40F09D8006
:1036300000220321134684F824206160A26156E031
:1036400094ED047AA268BCEEC77A2168022917EECD
:10365000103A02EB830393ED000A00F0AD800329DA
:1036600040F0A3809FED607A20EE077AA8EEA77A5B
:1036700083ED007A40F2AE439E4201D80136A66146
:10368000236AD4ED047A013B38EE278A07EE903A9C
:10369000F8EE677A84ED048AB4EEE78AF1EE10FA68
:1036A00040F38F8000232361012970D1022200237F
:1036B0006260A36159E086699FED497A07EE906ADE
:1036C0009FED480AF8EE677A67EE877A27EE800A60
:1036D00012F0A2F9012D84ED050A0DD0DFED437A39
:1036E0000022B0EE670A1346C4ED047A226284F821
:1036F0002530BDEC028B70BDD4ED047A40F2AE42B1
:10370000A36828EE807AFCEEE77A964217EE901ACC
:1037100003EB810383ED007A01D80136A661D4ED75
:10372000047AF7EE006AE368BCEEE77A013B77EED5
:10373000A67A17EE102A07EE103AC4ED047AB8EE16
:10374000477A2262F4EEC77AF1EE10FA1DDD77EEC9
:10375000E67A9FED267A0223B0EE470A84ED047ADA
:10376000FCEEE77A6360C4ED087A94ED047ADFED4D
:10377000207AB4EEE77ABDEC028BF1EE10FA4CBF82
:103780000123002384F8253070BD9FED180A002323
:10379000BDEC028B84F8253070BDB5EEC08AF1EE29
:1037A00010FAE2D5C4ED047A39E7B0EE407AA8EE1B
:1037B000A77A83ED007A5DE768EEA77AC3ED007A19
:1037C00058E7B5EEC08AF1EE10FAE0D5C4ED047A00
:1037D0006AE725F002059FED050A012DC5D1D6E760
:1037E0000E745A3ADB0FC93FF304353F0000000066
:1037F0000000964538B50446FFF798F9214B0021A3
:1038000020464FF4006204F5805540F8403B12F02A
:1038100093FA4FF40062002104F5046012F08CFA70
:103820004FF40062002104F5825012F085FA05F68B
:10383000141C4FF0000E144A4FF07C511348CCF882
:1038400000E005F6181C0023CCF8002005F61C1C2F
:10385000CCF8001004F5C95CCCF8001005F6241172
:10386000086005F6281120460A60094A0949C5F88A
:103870002C39A5F83039616007212261FFF71EF865
:10388000204638BD3C770108000016430000C841BF
:103890007076010818760108F8B50546224C45F601
:1038A000C05705F580562DED028BB0EE408AFEF72D
:1038B000C5FF1E4A0021204612F03EFA1C4A002194
:1038C0002046C6F8F048C6F8F47812F035FA3A46C1
:1038D000214600274FF07E5406F6E803C6F8EC7840
:1038E000B0EE480A86F80C79B6EE001AC6F80079F0
:1038F00005F12400A6F804799C6203233C46DFED21
:103900000D0AC6F8E83800F0F7F8C6F82C79A6F8E2
:1039100030792B68214601342846DB6A9847072C0A
:10392000F7D1BDEC028BF8BD000000C000770100AC
:10393000FC7601000000000030B5054605F5805416
:103940002DED028B83B0B0EE408AFEF77BFF94F83A
:10395000303953B9D4F82C39002B5ED045F6C0521B
:1039600093424FDC0133C4F82C3994F83139002BE1
:1039700040D004F6281304F618129FED527A05F190
:10398000240093ED001AD2ED007A04F6241201907F
:1039900077EEC17AD2ED001AA7EE871A83ED001AEE
:1039A00004F6141304F61C14D3ED000A05F5C953EC
:1039B00093ED000A00F094F9019800F083F9019862
:1039C000F0EE408A00F084F9B7EE007AD4ED006A98
:1039D00037EE667A67EE087AB0EE677AE6EE807ABE
:1039E000A6EEA87AC5ED067A85ED057A03B0BDECA2
:1039F000028B30BD41F6E800B0EE480A2844FFF7DC
:103A0000AFFDB6E70122D4F8EC3884F83029032B57
:103A100053D8DFE803F03B141E14D4F8EC28032A33
:103A200047D8DFE802F01E022B020222C4F8EC287D
:103A300094F80C29002A95D1C4F8002992E70223B2
:103A4000C4F8EC3894F80C39002B8ED1C4F8003946
:103A50008BE7D4F8E838012B25D00323C4F8EC38E1
:103A6000F0E704F6E8020021116100220121C4F808
:103A70000829A4F80429C4F8EC18D9E7D4F8E828F0
:103A8000012A13D00322C4F8EC28D1E704F6E80396
:103A90000021002219610123C4F80829A4F804298F
:103AA000C4F8EC38CEE784F80C395EE784F80C29CA
:103AB00058E70022C4F8EC28BAE70023C4F8EC3831
:103AC000C0E700BF17B7D13838B50D460446FEF73A
:103AD000C5FE012D00D038BD04F5805090F8313975
:103AE000002BF8D1DFED027A20EE270A38BD00BFA7
:103AF000000000000000000007EE902AF8EEE77AD0
:103B0000F8B500F5805700F5C654064607F63C03A5
:103B100006F11C052DED028B0160B0EE418ADFED50
:103B2000608A8260C4ED007A80ED010A41F63C00B3
:103B3000C3ED030A83ED010A3044B0EE680A11F0C8
:103B400043F907F64C03726841F64C00B0EE680A80
:103B5000C3ED038A5A60304411F036F907F65C036E
:103B6000726841F65C00B0EE680A83ED038A5A6021
:103B7000304411F029F907F66C03726841F66C00C5
:103B8000B0EE680AC3ED038A30445A6011F01CF9A4
:103B900094ED007AD6ED016AB0EE680A0024C6EE14
:103BA000877AC6ED067A0BE000EE104ABAEEEB0A11
:103BB000B7EEC00A20EE070BB7EEC00B11F02CFFDA
:103BC0000134A5EC010AB4F5007F9FED337BEBD106
:103BD00006F61C020123DFED327A05E077EE877AE4
:103BE000C2ED007A01330432591E9FED2E7AB1F5F1
:103BF000C07FF3D39FED2C7AB3F5007F77EEC77AC1
:103C0000C2ED007AEED141F21C020123DFED247AED
:103C1000324408E077EEC77AB3F5007FC2ED007A50
:103C20000DD001330432591E9FED1E7A7F29F1D841
:103C30009FED1D7A77EE877AC2ED007AF1E70023D7
:103C400006F5C451002207F698000B6007F68401C0
:103C500007F69C0406F5C5560B604FF07C51A7F89B
:103C60009028C7F8942801604FF07E50216007F635
:103C7000A40133600B6007F6AC010B6007F50B6124
:103C80000B6007F6B401BDEC028B0B6007F6B803BE
:103C9000186087F8BC28F8BD182D4454FB21094052
:103CA00000000000ABAA2A3B0000003C00F5805059
:103CB000C0F89418704700BF41F6A803034483ED91
:103CC000000A704700F5C55090ED000A704700BF2C
:103CD00041F6A403034493ED000A7047000000007E
:103CE0002DE9F84300F58054054604F67C0294F86B
:103CF000BC382DED048B80ED031AF0EE418AB0EE56
:103D0000408AC2ED001AB0EE609A4BB104F6AC03E3
:103D1000D3ED007AF4EE407AF1EE10FA00F0C181B2
:103D2000D5ED067A41F63C0704F6AC0304F6B4067A
:103D300068EE277A2F4441F65C0983ED008A384605
:103D4000B0EEE70AC6ED007A11F03EF8A94496ED10
:103D5000000A4846B0EEC00A11F036F8012384F894
:103D6000BC3804F50B63D3ED007AF4EE497AF1EE3A
:103D700010FA40F0E18104F6B803D3ED007AB7EE13
:103D8000007A04F6B40337EEC80A1B68F4EEC78A5B
:103D90002B61F1EE10FA07DBDFEDE36A95ED037AB4
:103DA000C6EE877A20EE270AB6EE008A41F64C0668
:103DB00085ED050A41F66C082E4420EE080AA84459
:103DC0003046B0EEC00A10F0FFFF95ED050A404600
:103DD00020EE080AB0EEC00A10F0F6FFD5ED047A26
:103DE0003846F5EEC07AF1EE10FA40F3788110F023
:103DF000FBFF95ED047A05F5C65704F62403484603
:103E0000B5EEC07AD7ED007A27EE800AF1EE10FA0F
:103E100083ED000A40F35C8110F0E6FF95ED057A32
:103E200004F62803D7ED007A3046B5EEC07A27EEC7
:103E3000800AF1EE10FA83ED000A40F35E8110F083
:103E4000D3FFD5ED037A04F61C039FEDBA6A404612
:103E5000D5ED016A67EE867A95ED057AB5EEC07A02
:103E600067EEA67AF1EE10FA27EE800A83ED000ADB
:103E700040F33C8110F0B8FFD5ED037A04F624033B
:103E8000DFEDAC6A05F5C45995ED017A67EEA67AC7
:103E900067EE877A27EE800AD3ED007A04F61C03DA
:103EA00093ED007A04F6280377EE877A99ED007A8D
:103EB00077EE877A93ED007A04F6840330EE077A82
:103EC000F5EEC07AD3ED006A05F5C15337EE267AD8
:103ED000F1EE10FA83ED000A03D5D7ED006A77EE14
:103EE000A67AB5EEC07AF1EE10FA03D5D7ED006AE6
:103EF00037EE267AF5EEC07AF1EE10FA00F107817E
:103F0000FCEEE77A17EE903AD7ED007AFCEEE77A0E
:103F100017EE902A002A00F0F7809A4203D8B3FBEC
:103F2000F2F102FB1133B5EEC07AC4F83438F1EE89
:103F300010FA00F1BD80FCEEC77A17EE903A9A4273
:103F400000F28781B3FBF2F102FB11323046C4F874
:103F5000382810F049FFF0EE408A404610F044FF48
:103F6000B0EE408AB7EEE89A9FED6B7BB4EEC79B4C
:103F7000F1EE10FA04D594F89038002B40F031811E
:103F80009FED677BB4EEC79BF1EE10FA02DD0123D3
:103F900084F89038B7EEC89A9FED5F7BB4EEC79B6C
:103FA000F1EE10FA04D594F89138002B40F0E5803A
:103FB00004F69C03D3ED006A9FED597BB4EEC79BDA
:103FC000F1EE10FA02DD012384F89138DFED577A23
:103FD00040F2FF11D4F8940828EEA70A28EE278AA9
:103FE000FCEEC07A17EE902AFCEEC87A8A4217EEF1
:103FF000903A28BF0A468B4228BF0B46002859D169
:1040000005EB8202296805EB830392ED077A04F63B
:104010002C02D3ED077AD4F8340804F5036301EBDE
:10402000800090ED006A26EE076A82ED006AD4F8FF
:10403000382801EB8201D1ED005A65EEA75AC3ED95
:10404000005AB7EE004B04F69803B7EEE67A05F592
:10405000C555B7EEE50A93ED005AB7EEC62A04F649
:10406000A40434EE477BB7EEC51A66EEA56A27EEC8
:10407000007B34EE414BB6EE003BE5EE066AA2EE65
:10408000047BF6EE005ABDEC048B66EEA56A27EEC3
:10409000037BB7EEC77B85ED007AC4ED006ABDE80F
:1040A000F88341F63C0741F65C090744814458E631
:1040B00000224BE7012850D0022800F0C48004F60B
:1040C0002C0204F5036392ED006AD3ED005AB8E7C1
:1040D00010F08AFEF7EE007A37EEC00A9EE610F086
:1040E00083FEF7EE007A37EEC00A82E610F07CFE1F
:1040F000F7EE007A37EEC00ABEE610F075FEF7EE76
:10410000007A37EEC00A9CE6C4F834281EE7002384
:10411000FAE600BFAFF300807B14AE47E17A843F3C
:10412000CDCCCCCCCCCCEC3F00007A440000004499
:10413000000096446F12833A5FED030AB0EE000A66
:1041400083ED009AC9EE200A11F0D2FA04F6B80302
:1041500083ED000AF0EE407A11E6296802F20622A9
:1041600003F2062305EB820205EB830392ED017A4D
:1041700004F62C02D3ED017A4DE711F08BFE07EE29
:10418000100A04F6A802B6EE006BBAEEE07A04F666
:104190007C0392ED005AB6EE003AD3ED007A04F6B5
:1041A0009C02B7EEC74A5FED1D3AB7EEC55A04F65A
:1041B000840367EEA37AD5ED013A34EE464B002135
:1041C00037EE437A67EEA37AA4EE056B67EE877A43
:1041D000F7EEC66BC2ED006AC3ED007A84F8911861
:1041E000EAE611F057FE07EE100A04F6A802B6EE52
:1041F000006BBAEEE07A04F67C0392ED005AB6EE5C
:10420000003AD3ED007A04F69802B7EEC74A5FEDA4
:10421000373AB7EEC55A002367EEA37AD5ED013AD7
:1042200034EE464B37EE437A67EEA37AA4EE056B85
:1042300067EE877AB7EEC66B82ED006AC9ED007A49
:1042400084F890389CE6296802F2064203F206439D
:1042500088E717EE902A79E68B6943F6095C90EDC2
:10426000056AB6EE004B002B9FED395AB8BF03F537
:1042700080330CFB03F310B403F1010C354C1FFA2F
:104280008CF31CF4004F04EB021C18BFA3F5803321
:104290001201DCED027A8B6186EE277AB7EEC77ADF
:1042A00037EE047BBDEEC77BD1ED037AF8EEE75A1B
:1042B000D1ED027A81ED077AF8EEE77AE5EE857ABC
:1042C000F0EE676AD1ED007AF8EEE77A77EEE67AFB
:1042D000F5EEC07AF1EE10FA0AD5D1ED016AF8EEEA
:1042E000E66A77EEA67AF5EEC07AF1EE10FAF8D427
:1042F000C7EE865A07EE903A2244DFED172A90ED7A
:10430000033AD2ED014A92ED005AF8EEE76ADFED8A
:10431000133AF8EEC77A5DF8044BB7EE007A66EE12
:10432000A46AB6EE004B66EEA26AA3EE265A75EEBC
:10433000C56AC6EEA75AA6EE257A27EE237AB7EE0F
:10434000C77A37EE047BBDEEC77B81ED047A7047F8
:10435000000080316C770108000000380000804DBB
:1043600038B5354BB6EE005B90ED037AB7EE022B15
:1043700003EB021390ED050ADFED300A002593ED03
:10438000034AD3ED017AB7EEC44A93ED006AB7EE63
:10439000E71A34EE054B2DED028BBDEEC44B9FEDBD
:1043A000288AF0EE464A4D610D60F8EEC46A81ED50
:1043B000064A9FED1F3B66EEA76A66EE886AE7EE47
:1043C000264AB7EEC66AA1EE026BB7EEC67B27EEB1
:1043D000007AB7EEC77A37EE037BBDEEC77BF8EE07
:1043E000C77A81ED017AE0EE647AFDEEE76AB8EE15
:1043F000E67AC1ED026A37EEC77A27EE207AB7EE89
:10440000C77A37EE057BBDEEC77B81ED037AFFF7F8
:1044100023FF4A680023AA420B6205DD0C46920086
:104420002946606A11F088FC0020BDEC028B38BD83
:1044300000000000008030406C7701080000804DD3
:1044400000000038000000002DE9F84330498046A4
:104450004FF07E5200232F48002408F5B27908F16E
:1044600024072D4E25462DED028BC8F8041001219E
:10447000B0EE408A88ED020A88ED050AC8F800000F
:10448000C8F80C20C8F81030C8F81820C8F81C303C
:10449000C8F8201001E09C4230DC09EB84032A4676
:1044A000394640467B620135FFF75AFF96ED015AC7
:1044B00096ED006AB7EE027BB7EEC55A082DB7EE4F
:1044C000C66A164B07F1280706F11006A5EE076B22
:1044D0009FED0D4BB7EEC67B27EE087AB7EEC77A95
:1044E00037EE047BBDEEC77B17EE102A04EB820487
:1044F000D1D10020BDEC028BBDE8F883BDEC028B6E
:104500000120BDE8F88300BF0000000000803040BB
:1045100000401C46EC51783F6C770108788201001E
:104520002DE9F8431F46036A002B2DED028B40F363
:104530003581D0ED017A814690ED077A0D4614461B
:10454000F4EE477AF1EE10FA40F0E58090ED061AAD
:104550004B46DFED9B7A09F5A07093ED117A283375
:10456000984277EE877AF8D1B5EE007AD5ED000A59
:1045700094ED000A4FF000089FED912A09F14C04D8
:10458000E7EE870AD9F82860A7EE870A4046F0EEE2
:10459000421AF0EE607A16E054F80C3C32EE272A0C
:1045A000013B002B44F80C3C40F39B8008F10108D0
:1045B000B8F1080F00F09F80666818F0010004F160
:1045C000280440FE807A14ED027AA4F1280154F800
:1045D000282C54F8043C77EEC77A03EB8203C3ED32
:1045E000007A54F8285C0135B542A8BFAD1B44F8E9
:1045F000285C54E90852B2F1805F06DB22F0704378
:1046000005EB22751A4644E90853B54202DBAD1B9F
:1046100044F8205CBFEE007A05EE102AF7EE005A4F
:10462000002DBAEEC25AB0EE476AF6EE004A75EEB9
:10463000255AA5EE056AF0EE087AA5EEA47A9FED5C
:104640005E3BB7EEC66A26EE036BB7EEC66B66EE50
:10465000277A77EE466AB0EE674A77EEC57A95EE2E
:10466000A44A78DDB31EAB4240F396806FF040461B
:1046700054F8043C2E4403EB8603D3ED004AD3EDFB
:10468000015A93ED023AD3ED033A65EEA77A54F856
:10469000183C14ED027A1344E4EEA67AF0EE656A53
:1046A00044F81C3CD9ED004AE3EE047AE3EE867A46
:1046B000E7EE856AF0EE477AE4EEE67A67EE817A15
:1046C000E4EEA67A44ED027A00287FF465AF54F850
:1046D0000C3C71EEA71A013B002B44F80C3C3FF751
:1046E00065AF424608F101084846FFF7B5FDB8F14D
:1046F000080F7FF461AFDFED337A00200A9B61EE93
:10470000A71A22EE272ABDEC028BC7ED001A83ED13
:10471000002ABDE8F8839FED2C7AC0ED077A67EE9A
:10472000877A90ED050A87EE800A10F049FEF0EED8
:10473000007ABFEE007A37EEC08AA8EE087AB5EEAE
:10474000407AF1EE10FA2ED4F1EEC77A38EE671AFD
:1047500089ED061AFCE66B1E33445D1C54F804CC4C
:10476000AE420CEB8303D8BFAD1BD3ED004A0CEB7C
:1047700085030135D3ED005AB542A8BFAD1B0CEB44
:1047800085030135B54293ED003AA8BFAD1B0CEB94
:104790008505D5ED003A78E76B1EDFE7BDEC028BAF
:1047A0000120BDE8F883B0EE470A11F03BFAF0EEC5
:1047B000407ACBE7AFF30080555555555555C53F69
:1047C000000000003333B33EDB0FC9404FF07C5391
:1047D0000021044A4160C2600361436180ED060A22
:1047E000704700BF0000C8429FED187AD0ED037AF1
:1047F00090ED060A67EE877A10B587EE800A0446C8
:104800002DED028B10F0DCFDF0EE007ABFEE007AA9
:1048100037EEC08AA8EE087AB5EE407AF1EE10FACB
:104820000ED4B1EEC70A38EE408AF7EE007A84ED76
:10483000058A77EEC87ABDEC028BC4ED047A10BD10
:10484000B0EE470A11F0EEF9EDE700BFDB0FC9400B
:10485000084604F00FB900BF143001F06DBA00BF74
:1048600038B500F1140504462DED028B284601F001
:104870001FFA284601F018FA2846B0EE408A01F0E7
:1048800001FAD0ED007AF8EE677A88EE277ABDEC6F
:10489000028B84ED0E7A38BD143001F005BA00BFEA
:1048A00038B500F1140504462DED028B284601F0C1
:1048B000EDF9284601F0F8F92846B0EE408A01F0FB
:1048C000E1F9D0ED007AF8EE677A88EE277ABDEC50
:1048D000028B84ED0E7A38BD253001F079BF00BF20
:1048E00010B540F203338EB000244FF60B7240F245
:1048F0000341ADF8083009A80123ADF81020ADF848
:1049000024202246ADF80C100094029907940C94D0
:10491000CDE90544CDE90A4401F082FD04A8012354
:1049200022460399009401F07BFD09A801F05EFE88
:1049300010B901200EB010BD04A801F057FEA0422E
:104940000CBF022020460EB010BD00BF2DE9F04183
:1049500003239AB0012700240646CDE914373B4BC8
:10496000CDE9104340F20453CDE91647ADF8483085
:10497000FFF7B6FFB842054625D0022845D040F6DD
:104980000132334B0DF12C081894ADF82C200B9804
:104990001997CDF84A3000F0E3F810A906F13C0071
:1049A00002F05EFE302003224FF07E5341460D930D
:1049B0000E93CDE90B02F26B06F1140001F02AF917
:1049C0001AB0BDE8F0811023214A06A906908DF89F
:1049D00028300DF12C081F4BCDF84A200793029484
:1049E000CDE91804CDE9080402A802F071F8082303
:1049F000029A03A94046ADF80C508DF80E4004957C
:104A000005930B9400F0ECF8C7E700200121104B50
:104A10000DF12C083A460094CDF84A304FF60B734E
:104A20000C94ADF82C302346CDE9180140F6013145
:104A30004046ADF818100699CDE90D4401F0F0FCA0
:104A40002146404601F0DEFDA7E700BF0402040452
:104A5000040604030704010B2DE9F04704462DED7D
:104A6000028B82B000294DD0012140F201120023B7
:104A70000091ADF804208DF80630364A0127364BF8
:104A800004F10409354904F12908626040F2027218
:104A9000A36040F60663E16004F1250AA4F825202E
:104AA000A4F82930278284F8277084F82B7004F04A
:104AB0007DF9054603F0E0FF6946064650BB4DB35D
:104AC00004F130008DF8067004F0F8F8072D3CD1A1
:104AD00004F114052046FFF739FF284601F0E4F8F9
:104AE0002846B0EE408A01F0CDF8D0ED007AF8EE1D
:104AF000677A88EE277A84ED0E7A02B0BDEC028BDD
:104B0000BDE8F08740F2011300918DF80610ADF872
:104B10000430B2E704F1300004F0D0F8072D11D0D2
:104B20004946204602F01CFA0EB9002DD0D150465D
:104B300001F072FD404601F06FFD04F1120000F03B
:104B400079F9C5E7002EF2D1C2E74946204602F0C6
:104B500007FABDE70508050905070506050A060663
:104B600010B584B003460124ADF8040003A8ADF8E5
:104B70000C30ADF80E4001F04FFD214603A801F0C6
:104B800027FE204603F076FF002103A801F020FE57
:104B9000204603F06FFF214603A801F019FE04B080
:104BA00010BD00BF10B5C2F3002384B00C46017CD9
:104BB0008DF80D2043EA4402FA2402238DF80C20DC
:104BC00003AA009402F01AF818B10124204604B098
:104BD00010BD04460A2003F04DFF204604B010BD6E
:104BE000034670B543F8042B044684B007C983E834
:104BF0000700A37983B91A210B461E22FA252374D4
:104C00002046ADF80C20022303AA009501F0F6FF20
:104C100028B1012004B070BD1B210B46EDE70A202E
:104C200003F028FF4FF4B85200950223ADF80C2092
:104C3000204603AA217C01F0E1FF0028E9D10A20E7
:104C400003F018FF41F2027200950223ADF80C2028
:104C5000204603AA217C01F0D1FF0028D9D10A20E7
:104C600003F008FF042200950223ADF80C20204633
:104C700003AA217C01F0C2FF0028CAD10A2003F058
:104C8000F9FE062200950223ADF80C20204603AA67
:104C9000217C01F0B3FF0028BBD10A2003F0EAFE1B
:104CA00041F2082200950223ADF80C20204603AA09
:104CB000217C01F0A3FF0028ABD10A20064603F0B7
:104CC000D9FE0095022303AA217C2046ADF80C6092
:104CD00001F094FF00289CD1304603F0CBFE0095F4
:104CE00022790C232046002A8DF80C3003AA4FF0BD
:104CF000020314BF622142218DF80D10217C01F0C6
:104D00007DFF002885D1304603F0B4FE2279D4E936
:104D100002310B43DBB20AB943F0400362790AB1B6
:104D200043F020030E22FA258DF80D302046009521
:104D300002238DF80C2003AA217C01F05FFF0028DC
:104D40007FF467AF0A2003F095FE1022009502233E
:104D5000ADF80C20204603AA217C01F04FFF00286B
:104D60007FF457AF0A2003F085FE1221009502233D
:104D7000ADF80C1003AA217C204601F03FFF00286B
:104D80007FF447AF0A2003F075FE01220921204677
:104D9000FFF708FF003818BF01203BE7F0B51023EC
:104DA00087B0234C012200250126002702A92046B6
:104DB0000195CDE902234FF48052CDE904670AF052
:104DC000ADFD642004F098FA02A94FF48052204609
:104DD000CDE9046702261027CDE902670AF09EFD9F
:104DE0000322102302A92046CDE902230023042236
:104DF000CDE904234FF480520AF090FD40F23223B3
:104E0000042202A9019310232046CDE90223019A2E
:104E1000012305924FF4805204930AF07FFD40F67F
:104E2000060120460AF09AFD284607B0F0BD00BFF3
:104E3000447606241C4B00221C494FF0400C30B530
:104E4000054689B00220596007219A601A62012440
:104E5000DA620A224FF4006EDC6006922022CDE96D
:104E6000000104200821CDE9020103201021CDE931
:104E7000040108206946C3E904024FF4C072181DFA
:104E8000C3E906C24FF48052C3E909E20AF01CFDEF
:104E900038B92846FFF782FF003818BF012009B053
:104EA00030BD204609B030BD407606244041005256
:104EB000614A0021D0B513688EB00A91002B40F0F2
:104EC000B9805E4B01214FF683700C2411600221E2
:104ED000D3F8D4200026032742F48052C3F8D4200C
:104EE000D3F8D42002F480520092009AD3F8E02044
:104EF00042F01002C3F8E020D3F8E02002F01002E4
:104F00000192019AD3F8E02042F04002C3F8E02079
:104F1000D3F8E02002F040020292029AD3F8E02097
:104F200042F00802C3F8E020D3F8E02002F00802C3
:104F30000392039AD3F8E02042F48072C3F8E02091
:104F4000D3F8E02002F480720492049AD3F8E020AF
:104F500042F08002C3F8E020D3F8E02002F08002A3
:104F60000592059AD3F8E02042F02002C3F8E02031
:104F7000D3F8E02002F020020692069AD3F8E0204F
:104F800042F00402C3F8E020D3F8E0300C9403F0C0
:104F9000040307930323079A0B93CDE9080108A99B
:104FA000274806F02FF848F23712022308A92548AF
:104FB0000C94CDE90823CDE90A6706F023F84CF2FA
:104FC0000372022308A920480C94CDE90823CDE9F7
:104FD0000A6706F017F840F2FF62022308A91B488F
:104FE0000C94CDE90823CDE90A6706F00BF84FF6DB
:104FF0000C72022308A916480C94CDE90823CDE9C8
:105000000A6705F0FFFF4FF63F02022308A9114887
:105010000C94CDE90823CDE90A6705F0F3FF2022BF
:10502000022308A90A480C94CDE90A67CDE90823B0
:1050300005F0E8FF0EB0D0BD3C76062400440258CF
:105040000010025800180258000C025800200258A4
:10505000001C0258001402582DE9F04FDFF81084AC
:1050600006460D46144608F118002DED028B89B056
:1050700000AF02F0EDFBD8F8183073B3D8F81C304D
:10508000D8F80490002B43690BBF4FF0080A4FF08B
:10509000100A4FF0020B4FF0040BB9F1000F2AD0A9
:1050A000A200EA46012B02F1070222F00702ADEB53
:1050B000020D6846ADEB020D694600F03F81022B00
:1050C00000F0D680002B6FD02246C847D546243743
:1050D000BD46BDEC028BBDE8F08FD8F81C30002B2C
:1050E000F5D0D8F804904FF0080A4FF0020B43694E
:1050F000B9F1000FD4D1FB61D8F80030BB61002BAF
:10510000E5D0D54802F016FC6B46BBF1020F786182
:1051100008EE103AFB6900F083816A465146A2EB23
:10512000C40295466200EA46B2FBFBF2AAEBC40059
:1051300085460AEB8200EE46F861ADEB010DF86999
:105140000EEB820CC7F810C0EC46ADEB010D00EB86
:105150008201CCF80400CCF8081001EB8201386918
:10516000E946CCF80C1000EB8201CCF800A001EB72
:105170008202C9E900E0C9E90212012B00F0648350
:10518000022B00F06C82002B00F0808162084946FF
:105190006046BB69984718EE103A24379D46BD46D5
:1051A000BDEC028BBDE8F08F002C8DD01A46D8EDF7
:1051B0000C6A9FEDB27A8446331D36F922E00CF179
:1051C000080C07EE90EA33F922E00232F8EEE77AB3
:1051D000944267EE877A67EEA67A4CED027A07EE84
:1051E00090EAF8EEE77A67EE877A67EEA67A4CEDFA
:1051F000017AE2D8F9612246C847984ED8ED0D6A87
:105200000020F9692B1D9FED9E7A9FED9E6ADFEDD0
:105210009E5A22E0F4EEC67AF1EE10FAC0F2C8848B
:1052200047F6FE72D1ED017A45F8202066EEA77AA6
:10523000F4EEC77AF1EE10FA40F2F080F4EEC67A9E
:10524000F1EE10FAC0F2D58447F6FE7243F8202042
:105250000230083184427FF639AFD1ED007A66EE34
:10526000A77AF4EEC77AF1EE10FAD3D83246D9E72E
:10527000002C3FF429AFD8ED0C6A84469FED787A74
:105280000022331D8E4656F822100CF1080C07EE52
:10529000901A53F822100232F8EEE77A944267EE41
:1052A000877A67EEA67A4CED027A07EE901AF8EE4E
:1052B000E77A67EE877A67EEA67A4CED017AE2D854
:1052C00071462246C7F81CE0C847664ED8ED0D6A05
:1052D0000020F9692B1D9FED6A7A9FED6A6ADFF85D
:1052E00094C120E0F4EEC67AF1EE10FAC0F27984AF
:1052F0003246D1ED017A45F8202066EEA77AF4EE29
:10530000C77AF1EE10FA40F28780F4EEC67AF1EE39
:1053100010FAC0F25E84324643F820200230083191
:1053200084427FF6D3AED1ED007A66EEA77AF4EE32
:10533000C77AF1EE10FAD5D86246DAE7002C3FF4CE
:10534000C3AED8ED0C6A86469FED477A4FF0000C4D
:10535000331D56F82C200EF1080E82F40002A2F53F
:10536000000207EE902A53F82C200CF1020CF8EE04
:10537000E77A82F400026445A2F5000267EE877ABC
:1053800067EEA67A4EED027A07EE902AF8EEE77AFB
:1053900067EE877A67EEA67A4EED017AD9D8F96181
:1053A0002246C847314ED8ED0D6A0020F9692B1D01
:1053B0009FED337A9FED336ADFF8BCC01FE0F4EE57
:1053C000C67AF1EE10FAC0F2FC833246D1ED017AD2
:1053D00045F8202066EEA77AF4EEC77AF1EE10FACF
:1053E00018D9F4EEC67AF1EE10FAC0F2DA8332463A
:1053F00043F820200230083184427FF667AED1EDB9
:10540000007A66EEA77AF4EEC77AF1EE10FAD6D8F3
:105410006246DBE76246EBE762467DE7324615E728
:10542000A100D6466208073121F00701ADEB010D5E
:10543000EA46ADEB010D6946ADEB0E0D0AEB8200BD
:10544000EC46ADEB0E0D01EB8202F861E946CCE9CA
:1054500000A0C9E9001290E6947606240280FFFFBE
:10546000000000300082FF7F0000003482FF7F00D8
:1054700078760624007E00807E0080FF00000038E1
:1054800004FF7FBF04FF7F3F00FEFF46002C00F0BB
:10549000C982BBF1020FD8F8242000F0FA827969A2
:1054A000C7F8049002EB810E5FED0C5A8A00DCF81D
:1054B00008100EF104007A611A46DCF80C303B61EA
:1054C000331DD7F810903D61FD69C7E902CB8C46CA
:1054D000834636F92210D8ED0C7A06EE101A33F90D
:1054E000221006EE901A3EF92210B8EEC66A07EEB8
:1054F000101AF8EEE66A3BF92210B8EEC77A26EEEB
:10550000256A66EEA56A27EE257A26EE276A66EEFC
:10551000A76A27EE277A07EE901A51080232F8EEB2
:10552000E77A0AEB8100944280ED006A05EB810086
:1055300067EEA57AC0ED006A0CEB810009EB8101F2
:1055400080ED007A98ED0C7A67EE877AC1ED007AEB
:10555000BFD8D7F804903D69D7E902CB604662080E
:10556000BB6949469847D8F82C307A69D8ED0D6A5E
:105570001A441FED3D7A1FED3D6A2B1D904602F146
:10558000040A5FED3F5A0022A84ED9E900EC51E031
:10559000F4EEC67AF1EE10FAC0F2C78247F6FE705A
:1055A00045F822000CEB0100D0ED007A66EEA77AF8
:1055B000F4EEC77AF1EE10FA4BD9F4EEC67AF1EEBA
:1055C00010FAC0F2BA8247F6FE70BBF1020F43F840
:1055D00022002BD0D9F808000844D0ED007A66EEFE
:1055E000A77AF4EEC77AF1EE10FA36D9F4EEC67A5D
:1055F000F1EE10FAC0F2CD8247F6FE7048F82200B4
:10560000D9F80C000144D1ED007A66EEA77AF4EEE9
:10561000C77AF1EE10FA1ED9F4EEC67AF1EE10FA5E
:10562000C0F2AF8247F6FE714AF82210023294426D
:105630007FF6B1AD51080EEB81008900D0ED007A04
:1056400066EEA77AF4EEC77AF1EE10FAA0D83046EB
:10565000A6E73046B9E73146E6E73046CEE7002C0C
:1056600000F0E081BBF1020FD8F8243000F0E181B6
:105670007A69DCF8081003EB820EC7F804909300F7
:10568000DFED6B5A0EF1040000227B61DCF80C3078
:105690003B61331DD7F810903D61FD69C7E902CB2E
:1056A0008C46834656F82210D8ED0C7A07EE101A75
:1056B00053F82210B8EEC76A07EE101A5EF82210EF
:1056C000F8EEC76A07EE101A26EE256A5BF822107C
:1056D000B8EEC77A66EEA56A26EE276A27EE257A27
:1056E00066EEA76A27EE277A07EE901A5108023273
:1056F000F8EEE77A0AEB8100944280ED006A05EB50
:10570000810067EEA57AC0ED006A0CEB810009EB21
:10571000810180ED007A98ED0C7A67EE877AC1ED11
:10572000007ABFD8D7F804903D69D7E902CB60462C
:105730006208BB6949469847D8F82C307A69D8ED99
:105740000D6A1A449FED3E7A9FED3E6A131D924604
:10575000DFF8E4C00022FB612B1D364ED9E9008E34
:105760004EE0F4EEC67AF1EE10FAC0F2FC8130465B
:1057700045F822000EEB0100D0ED007A66EEA77A24
:10578000F4EEC77AF1EE10FA49D9F4EEC67AF1EEEA
:1057900010FAC0F2EF813046BBF1020F43F822004D
:1057A0002AD0D9F808000844D0ED007A66EEA77A2E
:1057B000F4EEC77AF1EE10FA35D9F4EEC67AF1EECE
:1057C00010FAC0F2C98130464AF82200D9F80C001C
:1057D0000144D1ED007A66EEA77AF4EEC77AF1EED5
:1057E00010FA1ED9F4EEC67AF1EE10FAC0F2AD81CD
:1057F0003146F86940F82210023294427FF6CBAC71
:10580000510808EB81008900D0ED007A66EEA77A96
:10581000F4EEC77AF1EE10FAA3D86046A8E7604626
:10582000BAE76146E5E76046CEE700BF0280FFFFCA
:10583000000000300082FF7F007E00800000003406
:1058400004FF7FBF04FF7F3F002C00F0EB807A69EC
:105850000021D8F82430C7F8109003EB820ED7F857
:105860001C909300FD610EF104021FED0C6A7B6138
:10587000331D154656F821204808D8ED0C6ABBF1B7
:10588000020F82F40002A2F5000207EE902A53F8FC
:10589000212082F40002B8EEE77AA2F5000227EE9A
:1058A000067A07EE902A0AEB8002F8EEE77A27EEF6
:1058B000267A67EE867A82ED007A09EB80024FEA5B
:1058C000800067EEA67AC2ED007A27D05EF821202C
:1058D00082F40002A2F5000207EE902A55F821207A
:1058E00082F40002B8EEE77AA2F5000227EE067A0B
:1058F00007EE902ADCF80820F8EEE77A024427EE5B
:10590000267A67EE867A82ED007A98ED0C7ADCF8DA
:105910000C2067EE877A0244C2ED007A02318C4295
:10592000A8D8D7F8109060466208BB694946FD695F
:105930009847D8F82C307A69D8ED0D6A1A441FEDD3
:10594000407A1FED406A131D9246DFF8C4C2002260
:10595000FB612B1DAB4ED9E9008E4EE0F4EEC67A0A
:10596000F1EE10FAC0F2C580304645F822000EEB89
:105970000100D0ED007A66EEA77AF4EEC77AF1EE78
:1059800010FA49D9F4EEC67AF1EE10FAC0F2BF80EF
:105990003046BBF1020F43F822002AD0D9F80800A4
:1059A0000844D0ED007A66EEA77AF4EEC77AF1EEFD
:1059B00010FA35D9F4EEC67AF1EE10FAC0F2AE80E4
:1059C00030464AF82200D9F80C000144D1ED007AA3
:1059D00066EEA77AF4EEC77AF1EE10FA1ED9F4EE6D
:1059E000C67AF1EE10FAC0F28B803146F86940F8C1
:1059F0002210023294427FF6CEAB510808EB8100B0
:105A00008900D0ED007A66EEA77AF4EEC77AF1EE5F
:105A100010FAA3D86046A8E76046BAE76146E5E712
:105A20006046CEE7224649466046BB699847FFF785
:105A3000B2BBC7F810B0002298ED0C6A331DDFED41
:105A4000726AD7F81CB0786956F8221007EE901ADF
:105A500053F82210B8EEE77A07EE901A5108023296
:105A6000F8EEE77A27EE267A0AEB810E94420BEBEA
:105A7000810167EEA67A27EE067A67EE867A8EEDCA
:105A8000007AC1ED007ADFD88300D7F810B07B61CF
:105A90004DE61A46C7F810B098ED0C6A331DDFEDDD
:105AA0005B6AD7F81CB0786936F9221007EE101A35
:105AB00033F9221007EE901AB8EEC77A5108023275
:105AC000F8EEE77A27EE267A0AEB810E94420BEB8A
:105AD000810167EEA67A27EE067A67EE867A8EED6A
:105AE000007AC1ED007ADFD88300D7F810B07B616F
:105AF00034E5F0EE675AFEEEE45A15EE900A34E70C
:105B0000F0EE675AFEEEE45A15EE901A6EE7F0EEEC
:105B1000675AFEEEE45A15EE900A3AE7F0EE675A3D
:105B2000FEEEE45A15EE900A4BE767EEA57AFDEE1D
:105B3000E77A17EE900A00B232E567EEA57AFDEE3D
:105B4000E77A17EE900A00B23FE5F0EE675AFEEEF4
:105B5000E05A15EE901A4CE6F0EE675AFEEEE05A67
:105B600015EE900A30E6F0EE675AFEEEE05A15EEBA
:105B7000900AFDE5F0EE675AFEEEE05A15EE900A47
:105B80000AE667EEA57AFDEEE77A17EE901A09B2FB
:105B90004AE567EEA57AFDEEE77A17EE900A00B2C5
:105BA0002CE5F0EE675AFEEEE45A15EE902A1FE45B
:105BB00067EEA57AFDEEE77A17EE902A12B2FFF7AC
:105BC00031BBF0EE675AFEEEE45A15EE902AFFF76D
:105BD000FDBBF0EE675AFEEEE05A15EE902AFFF795
:105BE0009BBBF0EE675AFEEEE05A15EE902AFFF7E7
:105BF00080BB67EEA57AFDEEE77A17EE902A12B227
:105C0000FFF724BB82FF7F00000000300000003857
:105C10007E0080FF30B5184C154685B0046004F155
:105C2000080EEC460FC98EE80F00D4ED047AF5EEAD
:105C3000C07A8CE80F00F1EE10FA1ADDB7EE006AB8
:105C400094ED057A27EE277AC6EE276A84ED0D7A61
:105C5000C4ED0C6A6DB1204640F8185F01F0F8FD04
:105C6000064903690020064A2162A262E36005B08A
:105C700030BD012005B030BD78760624001001301B
:105C800000F0003000680830704700BFB1F5807F39
:105C900003680A4628BF4FF48072B1F5807F9A608E
:105CA00094BF0020012070470068183001F030BE1A
:105CB00070B504688AB0A369E160CBB104F118053E
:105CC000284601F0C5FD8446EE46E668BCE80F00B4
:105CD000AEE80F00BCE80F00AEE80F009CE8030040
:105CE0008EE8030069462846049601F0B9FCF8B92D
:105CF000E069D8B104F11C05284601F0A9FD8446ED
:105D0000EE46E468BCE80F00AEE80F00BCE80F0008
:105D1000AEE80F009CE803008EE8030069462846C1
:105D2000049401F09DFC003818BF01200AB070BD3A
:105D300001200AB070BD00BF30B5046883B00D46C5
:105D4000E3694BB1A3680020E26A616A9B0000909E
:105D500004F11C0001F07EFDA3680748A26A9B00C5
:105D6000216A009004F1180001F074FD0020C4E9DC
:105D7000005003B030BD00BF5950000810B4074BAD
:105D80004FF07E5130240022032019619C60D860BE
:105D90005DF8044B5961C3E9062270477876062402
:105DA00000B583B04FF0000E4FF0030C4274ADF815
:105DB0000410BDF8043080F810E0A0F802C00380A1
:105DC00003B05DF804FB00BF2DE9F04FDFF81C8342
:105DD00000258DB0C04C037008F1400342600746B7
:105DE00001920E46202229464046C4F86831C4F884
:105DF0006481CDE90255CDE90455CDE90655CDE9DB
:105E00000855CDE90A550FF097FF2022294604F5E1
:105E1000A170C4F83151C4F83551C4F83951C4F8EF
:105E20003D510FF089FF019B84F8485284F83031CE
:105E30007A68002A6AD02B4604F59871454606F127
:105E4000100A9E46F01856F803B0E2180EF1010E43
:105E5000D0F80CC0D0F80490D0F8088044F803B013
:105E6000C2F80CC04FF0000CC2F80490C2F80880D1
:105E7000008A25F802CB10821AF8032001F8012FBE
:105E8000002A70D07A684FF001001233724584F80E
:105E90004802D7D84FF4802290489DF8043008215A
:105EA0004FF000084FF00009C4F884310023C4E922
:105EB0005B020122C4F8743184F88031C4E95E21A8
:105EC00094F84812C4E96489A9B3C4F8982100225F
:105ED00084F8813184F888313B78C4E96722002B4B
:105EE00038D0012200200121013B84F8A421C4E91B
:105EF0006C01082B30D8DFE813F0BD00C200C700EA
:105F0000CC00D100D600DB00E100E8009DF80430B1
:105F10000121C4F87421C4F884314FF4802384F83B
:105F200080216E4AC4E95B2308230022C4E95E1382
:105F30000023C4E964230123002284F88131002373
:105F400084F888310323C4F898313B78C4E9672288
:105F5000002BC6D184F8A431614803F005FE034646
:105F600038B1FFBEFEE77A68123372453FF66AAF7A
:105F700090E702A95A48029303F054FF8246002892
:105F800076D1042240F2FF710A90CDE9081294F80C
:105F90003021002A00F0F3804FF006080AEBCA0314
:105FA0004FEACA0904EB43035B7C072B07D8DFE801
:105FB00003F0595C5653504D4A04072307930FFAD8
:105FC0008AF6D14406EBC60604EB490904EB460702
:105FD0007500384600F020FB99F81030042B00F3D0
:105FE000AA80022B00F3BD8000F0B98004EB0A0305
:105FF000002283F8202114F81630002B78D0022BD1
:1060000000F08A80012B40F0B2807B78012B00F0F9
:10601000B080002B334B18BF002305A93048CDE9D1
:10602000053803F0CDF9002840F0AC800AF1010AF0
:1060300094F830315FFA8AFA534540F2A0802A4B37
:1060400053F82A80AAE706230793B8E705230793A6
:10605000B5E704230793B2E703230793AFE70223CF
:106060000793ACE700230793A9E701230793A6E76B
:10607000FFBEFEE703224023C4E96A236CE7072240
:106080006023C4E96A2367E70F228023C4E96A23F7
:1060900062E71F22A023C4E96A235DE73F22C023F1
:1060A000C4E96A2358E77F22E023C4E96A2353E75F
:1060B000FF224FF48073C4E96A234DE740F2FF12D8
:1060C0004FF49073C4E96A2346E740F2FF324FF47D
:1060D000A073C4E96A233FE7B0760624002002409B
:1060E0001C7806240002B025EC770108003001304E
:1060F0007B78062B37D0072B3DD0022B4AD0032BC1
:106100004AD0002B4CD0012B48D0042B4AD0052B71
:10611000254B18BF002380E77B78042B25D0052B67
:106120002BD08BB3012B31D0022B31D0032B1F4B43
:1061300018BF002371E70323043504EB0A0B4FF06B
:10614000000925448BF82031284609F1010900F0A7
:1061500063FA9BF8203104354B45F5DC4BE701230E
:10616000EAE70223E8E7124B57E7124B55E7002313
:1061700053E7114B51E7114B4FE7114B4DE70DB072
:10618000BDE8F08FFFBEFEE70E4B46E70E4B44E73F
:106190000E4B42E70E4B40E70E4B3EE70E4B3CE703
:1061A0000E4B3AE70E4B38E70000B84F0020903610
:1061B0000800900C1000C0102000F0148000501D4A
:1061C000000180210004002A0008302E00106032F7
:1061D0000040C03A0080F03E0000524700002143DA
:1061E0000000844B38B5094C40F2FF724FF00111AA
:1061F00004F5B675284603F0C3FD94F83021D4F8B1
:1062000064112846BDE8384003F02EBBB076062462
:10621000064B0F29D3F8643198BF03EB41031B8869
:1062200000EE103ABBEEC80A704700BFB0760624F5
:10623000214B02689A4200D07047204A0023204830
:10624000D2F8D81030B51F4C41F0200183B0C4F80B
:10625000D001092004F5E875C4E975034FF48060A6
:10626000C2F8D810D2F8D8204FF40061C4E97730D2
:1062700094F8480202F02002C4F8E4114FF40051EF
:10628000984201922846C4F8E811C4E97C33019B86
:1062900014BF00234FF48073C4F8EC3103F0E8FF1F
:1062A00008B1FFBEFEE704F5B673C4F8B851C4F8F0
:1062B000083203B030BD00BF002002400044025845
:1062C00040000240B0760624014804F049BB00BFFC
:1062D0008078062402682DE9F84F4B4B9A4201D092
:1062E000BDE8F88F494D95F84832002BF8D095F865
:1062F0003031002B77D0002405F10C0905F5A1768B
:1063000005F59877A04613E003F0010117F811BCDA
:10631000A9F1080000F05CFABBF1010F25D895F84F
:106320003031013409F112090236A2B293422BD95D
:1063300017F8012F002AF4D0D5F864310021327803
:1063400033F81400D5F8683103EB041323F8120076
:10635000338801339BB233805FFA83FA3A789A42EA
:10636000D2D88A46A6F80080D0E7CAF34001A9F146
:10637000040000F02DFABBF1020FCAF38001CED069
:10638000484600F025FACAE7002395F8480220495C
:1063900009229842C5F8D8314FF48060C5F8D01171
:1063A000C5F8D4214FF400614FF40052C5F8DC3138
:1063B00008BF4FF48073C5F8E821C5E978010022D1
:1063C0001448C5E97B32C5F8F42103F051FF08B148
:1063D000FFBEFEE795F83021D5F864110E48BDE800
:1063E000F84F03F041BA0A4909224FF48060C5F81A
:1063F000D831C5E974124FF400614FF40052C5E979
:106400007730C5E97912DAE700200240B076062439
:1064100040000240807806241C780624704700BFA4
:1064200010B592B0ADF804100180C9B2149C0B29CC
:10643000C460C0E901233FD090F801C0BCF10F0F48
:106440003AD8022A3FD0032A02D0012A00D00022E3
:106450000E92012B02D0022B18BF0023022C0F93A7
:106460002CD0032C2AD0012C28D000230A291093E9
:1064700027D85C4A02EB812202610A2914D8DFE89E
:1064800001F0A39587796B5D4F4133250600564B8C
:10649000D3F8E01041F48061C3F8E010D3F8E030A5
:1064A00003F480630C930C9B01230DA9104603FA9F
:1064B0000CF30D9304F0A6FD12B010BD0A29109440
:1064C000D7D90022D8E711220E92C2E7464BD3F863
:1064D000E01041F40071C3F8E010D3F8E03003F4A9
:1064E00000730B930B9BDFE73F4BD3F8E01041F4B5
:1064F0008071C3F8E010D3F8E03003F480730A939E
:106500000A9BD1E7384BD3F8E01041F08001C3F883
:10651000E010D3F8E03003F080030993099BC3E750
:10652000314BD3F8E01041F04001C3F8E010D3F84C
:10653000E03003F040030893089BB5E72A4BD3F8FB
:10654000E01041F02001C3F8E010D3F8E03003F090
:1065500020030793079BA7E7234BD3F8E01041F0F4
:106560001001C3F8E010D3F8E03003F010030693F5
:10657000069B99E71C4BD3F8E01041F00801C3F8E3
:10658000E010D3F8E03003F008030593059B8BE798
:10659000154BD3F8E01041F00401C3F8E010D3F834
:1065A000E03003F004030493049B7DE70E4BD3F823
:1065B000E01041F00201C3F8E010D3F8E03003F03E
:1065C00002030393039B6FE7074BD3F8E01041F0FE
:1065D0000101C3F8E010D3F8E03003F001030293A7
:1065E000029B61E7000002580044025808B50121EF
:1065F00043780069994089B204F00CFF003818BF55
:10660000012008BD01230A464178006903FA01F11F
:1066100089B204F005BF00BF8378022B30B5044671
:106620008FB037D0032B33D0012B31D000230A9306
:10663000E378012B2AD0022B28D000230B930023D0
:1066400020460C9302F036FD0546204602F03AFD46
:1066500023780990082B13D8DFE803F01F32455840
:106660006B7E91A40500594BD3F8E02042F4807270
:10667000C3F8E020D3F8E03003F480730893089B5C
:1066800009A9284604F0BEFC0FB030BD0B93D6E735
:106690000A93CDE711230A93CAE74C4B09A9284670
:1066A000D3F8E02042F00102C3F8E020D3F8E03054
:1066B00003F001030093009B04F0A4FC0FB030BD75
:1066C000424B09A92846D3F8E02042F00202C3F861
:1066D000E020D3F8E03003F002030193019B04F0C3
:1066E00091FC0FB030BD394B09A92846D3F8E02002
:1066F00042F00402C3F8E020D3F8E03003F00403D2
:106700000293029B04F07EFC0FB030BD2F4B09A911
:106710002846D3F8E02042F00802C3F8E020D3F87E
:10672000E03003F008030393039B04F06BFC0FB00D
:1067300030BD264B09A92846D3F8E02042F01002CC
:10674000C3F8E020D3F8E03003F010030493049B77
:1067500004F058FC0FB030BD1C4B09A92846D3F8F3
:10676000E02042F02002C3F8E020D3F8E03003F04C
:1067700020030593059B04F045FC0FB030BD134B7F
:1067800009A92846D3F8E02042F04002C3F8E020EF
:10679000D3F8E03003F040030693069B04F032FC8C
:1067A0000FB030BD094B09A92846D3F8E02042F0CC
:1067B0008002C3F8E020D3F8E03003F080030793B1
:1067C000079B04F01FFC0FB030BD00BF004402580F
:1067D00070B506460D4602F06DFC0446304602F0E8
:1067E00071FC2A1E0146204618BF0122BDE87040F8
:1067F00004F016BE0023122270B586B0CDE9022344
:1068000004930368032B01D804230593061D841DFC
:10681000304602F04FFC0546304602F053FC03467A
:1068200001A92846019304F0EDFB204602F042FC4A
:10683000034620461C4602F045FC01A903462046BB
:10684000019304F0DFFB06B070BD00BF634A03682C
:10685000934210B58CB028D0614A934258D0614A17
:10686000934200F09480604A934201D00CB010BD76
:106870005E4C5F48D4F8E03043F00203C4F8E030E7
:10688000D4F8E03003F002030A930A9BFFF7B2FF4B
:10689000D4F8F43043F08003C4F8F430D4F8F43082
:1068A00003F080030B930B9BE0E7504C5148D4F866
:1068B000E03043F00203C4F8E030D4F8E03003F0F5
:1068C00002030193019BFFF795FFD4F8E830002203
:1068D0001F2043F400131146C4F8E830D4F8E83020
:1068E00003F400130293029BD4F8D83043F0010361
:1068F000C4F8D830D4F8D83003F001030393039BD5
:1069000003F004FB1F200CB0BDE8104003F03CBBBB
:10691000364C3948D4F8E03043F08003C4F8E03016
:10692000D4F8E03003F080030493049BD4F8E03003
:1069300043F00203C4F8E030D4F8E03003F002037F
:106940000593059BFFF756FFD4F8E830002221207D
:1069500043F480031146C4F8E830D4F8E83003F477
:1069600080030693069BD4F8D83043F00103C4F8A3
:10697000D830D4F8D83003F001030793079B03F015
:10698000C5FA21200CB0BDE8104003F0FDBA1B4849
:10699000FFF730FF154B00224820D3F8E84011469E
:1069A00044F40004C3F8E840D3F8E84004F40004D9
:1069B0000894089CD3F8D84044F00104C3F8D840A8
:1069C000D3F8D83003F001030993099B03F09EFA32
:1069D00048200CB0BDE8104003F0D6BA0054004087
:1069E00000580040005C0040001C00580044025861
:1069F000887B062400790624D8790624B07A0624F8
:106A00002DE9F0431A4B87B000254FF010099E4640
:106A1000EC46184BFF22E04667461A700EF1180646
:106A20000EF13004CDE90055CDE90255ADF80090E6
:106A3000BCE80F00CDE90455AEE80F009CE8030068
:106A40000095ADF800908EE80300B8E80F000FC67F
:106A50009CE803000095ADF8009086E803000FCF96
:106A60000FC49CE8030084E8030007B0BDE8F0838E
:106A700010000024FC78062410B5EFF3108472B6E1
:106A8000084B1A78120602D504B962B610BD1B78FD
:106A9000D82205485BB202FB0300143003F060FF0C
:106AA000F2E700BFFC78062400790624014805F0CF
:106AB0004FBB00BF8C790624014805F049BB00BFDD
:106AC000647A0624014805F043BB00BF3C7B0624E2
:106AD0002DE9F0430F68D8243F4D85B007FB04F43F
:106AE000032F05EB0403036040DCCB680E46012B4B
:106AF0003CD84DD04FF0D808B646DFF8FC9008FBE4
:106B00000758BEE80F00C446ACE80F00DEF80030BE
:106B10000DF1100ECCF80030D8F808C099E80F003D
:106B20000EE90F000EEB8703BCF1010F53F8103C88
:106B3000C8F88C3031D0BCF1020F42D0BCF1000F4C
:106B400035D0317C8C34D823002201202C4403FB27
:106B500007534900C3E92602C3F894102046C3E94D
:106B60002822C3E92A2205F0E5F818B1012005B072
:106B7000BDE8F0830146204605F0F6FA0028F5D17D
:106B80000146204605F01AFB003818BF0120EEE749
:106B90000B7C103B672BADD9E8E702F005F90F4BF2
:106BA00098420CBF0E4B0F4BC8F89030C9E702F06B
:106BB000FBF80A4B98420CBF0B4B0C4BC8F89030BB
:106BC000BFE702F0F1F8054B98420CBF084B094BA8
:106BD000C8F89030B5E700BF00790624000E2707FB
:106BE0002D0FB0303211D0205F4390608A62E030C8
:106BF000200BA0101A098010C87101082DE9F0417E
:106C0000D0F8008082B00D4617461E4608F18C046D
:106C1000204605F0A5FA2028FAD1D8F80C3073B92F
:106C20006D002046089C33463A46A9B2009405F010
:106C3000D7F8003818BF012002B0BDE8F081089BEA
:106C400032463946204605F09FF9F2E7044B102200
:106C50001A7483F8E82083F8C02183F898227047DB
:106C60000079062430B5002395B04FF480710622D8
:106C700004460B9306921393CDE90C13CDE90E3322
:106C8000CDE9113302F092F807282BD004F110055A
:106C900041F2883206A9284606F0A2F828B101235D
:106CA000184684F85C3015B030BD0222022306A9D4
:106CB0002846CDE9002310220123CDE9022300223A
:106CC0004FF48003CDE9042305224FF08073069230
:106CD0006A460F9341F2883306F0EEF90028DED1C0
:106CE00015B030BD0323012084F85C3015B030BDF1
:106CF00070B50023A4B04FF080724FF48075044645
:106D0000ADF806300D93CDE910320122CDE90E53D6
:106D1000CDE91223CDE91433002943D0F02300F14B
:106D2000100508AEADF80630C02341F28832314676
:106D30002846089306F054F828B10123184684F831
:106D40005C3024B070BD41F288320DF10601284656
:106D500006F0B0F803460028EFD105224FF4807109
:106D60001E93284616924FF080721B9321931F9218
:106D700002AA9FED1F7BCDE91C13CDE922338DEDD7
:106D8000027B9FED1D7B41F2883316A98DED047BBC
:106D90009FED1B7B8DED067B06F08EF90028CCD194
:106DA00024B070BD00F1100508AE612341F28832B5
:106DB00031462846089306F013F80028BDD141F269
:106DC00088320DF10601284606F0F2F80028B4D109
:106DD000BDF80630204623F0780343F04003ADF8B9
:106DE0000630FFF73FFF00289ED0A6E7AFF30080F4
:106DF0000000000001000000100000000100000081
:106E000000000000000040002DE9F04F00234FF487
:106E1000807501264FF0807804462DED028BABB0D3
:106E20008DF8073013932193299314950E96CDF87E
:106E30005C80CDE91533CDE91863CDE91A33CDE98E
:106E40002253CDE92433CDE9273306231C9301F0E7
:106E5000ADFF072808D004F1100741F288321CA9C1
:106E6000384605F0BDFF40B10123184684F85C3078
:106E70002BB0BDEC028BBDE8F08F4FF0020A4FF053
:106E8000020B4FF0050941F2883308AA1CA93846C5
:106E9000CDF89480CDF870909FED2D8BCDE908ABA7
:106EA0004FF0000A4FF4800B8DED0A8BCDE90CAB4F
:106EB00006F002F90028D7D141F2883238460EA9EF
:106EC00005F08EFF0028CFD1402341F288320DF12A
:106ED000070138468DF8073005F0ECFF0028C3D1D4
:106EE00041F288330EA902AA3846CDF83890CDF881
:106EF0005C809FED197B8DED048BCDE906AB8DEDAC
:106F0000027B06F0D9F803460028ADD1CDF8709089
:106F10004FF00109CDF894804FF00008219308AAA2
:106F200029931CA938462295CDE92333CDE927338F
:106F300041F288338DED0A8BCDE90CABCDE90889A0
:106F400006F0BAF8002893D0304684F85C608FE7EA
:106F500010000000010000004000000040000000A0
:106F60002DE9F043624CA3B00D46046001F01EFF12
:106F7000072800F0A980286823466968AA6807C323
:106F80001E46AB8926F8043B3046257B677B05F01F
:106F900009FFE0B9574B012D4FF00108E061236173
:106FA00014BF4FF480134FF40003C4E9058893FA2B
:106FB000A3F3B3FA83F34FF48079013BC4F8249030
:106FC000C4E90B003046236205F080FE38B101228F
:106FD000134684F85C20184623B0BDE8F08366238E
:106FE0000B90139041F2883206A90693CDE90C90DC
:106FF000CDE90E00CDE91100304605F0F1FE002884
:10700000E5D1992341F2883206A93046069305F06E
:10701000E7FE0028DBD105231C9019906A461493E3
:107020004FF08073219014A91D9341F288339FED96
:107030002A7BCDE91A90CDE91F008DED007B9FEDF5
:10704000287B30468DED027B9FED277B8DED047B09
:1070500006F032F80028BAD129462046FFF748FE4C
:107060000028B4D12046FFF7CFFE03460028AED15A
:10707000002FB0D1189330460027002606AA14A985
:10708000CDF86890CDE91F33EB2314934FF44063A0
:107090001B934FF4005317934FF440431C93A023CA
:1070A0001693062319934FF0805321934FF04073AA
:1070B000CDE906671D9306F077F8034600288AD0CD
:1070C000434684F85C8086E701230322184684F84F
:1070D0005C2023B0BDE8F083000000000100000048
:1070E000100000000100000000000000000040004F
:1070F000607C0624005000522DE9F04F8FB0414BC8
:107100000024026800AF9A427C63C7E90944C7E9DA
:107110000B4403D03C37BD46BDE8F08F3A4B40F6F8
:1071200009213A48EB46D3F8D42007F11C0607F1B1
:10713000220A4FF0020942F480424FF00308C3F8DC
:10714000D420D3F8D42002F48042BA60BA68D3F8CD
:10715000E02042F04002C3F8E020D3F8E02002F043
:107160004002FA60FA68D3F8E02042F02002C3F847
:10717000E020D3F8E02002F020023A613A69D3F827
:10718000E02042F01002C3F8E020D3F8E02002F043
:1071900010027A617A69D3F8E02042F00202C3F863
:1071A000E020D3F8E030F86103F002033984BB61DA
:1071B000174B7B60BB697B6853F8040F7B6001F061
:1071C00079FF7B680546186801F07CFF16F8013BE3
:1071D000786207F124012846C7F830807B63C7E94D
:1071E0000A9403F00FFF5645E5D100225C201146BA
:1071F00002F08CFE5C2002F0C7FE3C37DD46BD4647
:10720000BDE8F08F00500052004402580A0A0909F4
:10721000BC7C0624114B02689A4200D07047104A89
:1072200070B5D2F8D4300F4C23F4804304F1180623
:10723000C2F8D43054F8040F01F03CFF0546206832
:1072400001F040FF0146284604F01CF8B442F1D199
:107250005C20BDE8704002F0A5BE00BF00500052A7
:1072600000440258BC7C0624014806F029B800BF3F
:10727000707C0624084B1A1D981D03F1080110B4F8
:107280009C1C9A6603F10A02C3E91834C3E91B0186
:107290005DF8044B5A677047607C062438B5036874
:1072A00071B9026A00F1280500F5AC74012A0CBF1F
:1072B000002140218BBB1D4B5722C0F858310DE0F7
:1072C000426A00F1C00500F5E874012A0CBF0021F4
:1072D0004021EBB1164B5A22C0F8D0310023204692
:1072E000C4E901214FF480524FF48061636262610E
:1072F0004FF48042C4E903314FF48073C4E906239C
:107300004FF40033236202F0B3FF58B1FFBEFEE733
:10731000084B5822C0F8D031E0E7074B5922C0F89B
:107320005831DBE7C5E92044A56338BD10000240B1
:107330007000024028000240580002402DE9F0434E
:10734000821D05468BB0031D05F10A010830CDE909
:10735000052305F10C02AB69CDE907010992002B69
:107360003DD0EB69B3FA83F84FEA581801230222A3
:1073700005AE0AAF4FF006090393CDE9012356F895
:10738000044B2B792278934216D02B68F3B1012B52
:1073900002D1F2B10A230493204601F093FE034682
:1073A0002046009301F086FE694603F02BFEBE42A4
:1073B000E5D10BB0BDE8F083697963789942E4D1F7
:1073C000B8F1000FF3D02B68002BE0D1CDF810906E
:1073D000E2E76378022B14BF0A230823DBE74FF0B0
:1073E0000108C3E7534A0368934230B505468BB0A2
:1073F00055D02032934252D04F4A934204D020328B
:10740000934201D00BB030BD4C4C4D48D4F8E03025
:1074100043F00103C4F8E030D4F8E03003F0010396
:107420000593059BD4F8E03043F00803C4F8E0303E
:10743000D4F8E03003F008030693069BD4F8E0305C
:1074400043F04003C4F8E030D4F8E03003F04003E8
:107450000793079BD4F8F03043F40003C4F8F030EE
:10746000D4F8F03003F400030893089BFFF766FF9D
:10747000D4F8D830296843F001032F4A3048C4F8C3
:10748000D830891AD4F8D83018BF012103F001038D
:107490000993099B0BB0BDE83040FFF7FFBE274CB6
:1074A0002848D4F8E03043F00103C4F8E030D4F8C1
:1074B000E03003F001030093009BD4F8E03043F088
:1074C0001003C4F8E030D4F8E03003F01003019367
:1074D000019BD4F8E03043F04003C4F8E030D4F826
:1074E000E03003F040030293029BD4F8F03043F401
:1074F0008003C4F8F030D4F8F03003F48003039331
:10750000039BFFF71BFFD4F8D830296843F0010331
:10751000084A0C48C4F8D830891AD4F8D83018BFB3
:10752000012103F001030493049B0BB0BDE830403C
:10753000FFF7B4BE04580140045C01400044025807
:10754000347F0624D87C0624014803F009BA00BF22
:10755000307E0624014803F003BA00BFA87E06244B
:10756000014803F0FDB900BF8C800624014803F0F8
:10757000F7B900BF048106241A4A0368934210B485
:107580000BD02032934208D0174A934216D02032B3
:10759000934213D05DF8044B7047144B0022D3F88C
:1075A0005442C3F85822002CF4D0D3F84802D3E94F
:1075B000931223465DF8044B520818470B4B0022E8
:1075C000D3F8B044C3F8B424002CE3D0D3F8AC24EF
:1075D000D3F8A814D3F8A404520823465DF8044B4A
:1075E000184700BF04580140045C0140D87C0624C1
:1075F000184A0368934210B40BD02032934208D04B
:10760000154A934217D02032934214D05DF8044BB0
:107610007047124BD3E994245208C3F85822002C27
:10762000F4D0D3E99201234601EB820100EB820002
:107630005DF8044B1847094BD3F8AC24D3F8B04499
:107640005208C3F8B424002CE0D0D3F8A814D3F81F
:10765000A404E8E704580140045C0140D87C0624F7
:107660002DE9F04F0C684FF41776754F87B004FB87
:1076700006F6012C07EB060AC0F800A000F3A08074
:107680000D468E464FF00008D44669A3D3E9002387
:1076900069A1D1E90001CDE9022306ABCAF8508205
:1076A00003EB8403CDE9040153F810BC53F8083C04
:1076B000CAE992880193BEE80F00ACE80F00BEE86B
:1076C0000F00ACE80F00019B9EE80300CAF828B049
:1076D000CAF8C0308CE803002B69042B0CD8DFE813
:1076E00003F0737D879103004FF41773554A03FB32
:1076F00004739A64C3F8E020AA692B6A002A43D075
:10770000002B4FF4177308BF022203FB047318BF4A
:107710000322DA6201221A63EA696B6A002A40D105
:10772000191E4FF4177318BF012103FB0473C3E93B
:1077300031126B69022B05D8434A12F80380434A81
:1077400052F823904FF4177306F128004246494639
:1077500003FB04740023384463646363E365C4F883
:10776000DC30C4F8CC30C4F8F430C4E90F33C4E9D9
:107770001533C4E93533C4E93B33022307F042FE35
:10778000002849D0FFBEFEE7191E4FF4177318BF3B
:10779000012103FB0473C3E90B12EA696B6A002A37
:1077A000BED0002B4FF4177308BF022203FB0473F3
:1077B00018BF0322C3F8C4200122C3F8C820B8E7C9
:1077C000012007B0BDE8F08F4FF417734FF4FA5261
:1077D00003FB04739A64C3F8E0208DE74FF417733A
:1077E0004FF47A5203FB04739A64C3F8E02083E7F2
:1077F0004FF417734FF4FA4203FB04739A64C3F80F
:10780000E02079E74FF417734BF6803203FB0473E3
:107810009A64C3F8E0206FE706F1C00002234246F5
:107820004946384407F0EEFD0028CAD0FFBEFEE707
:1078300004580140045C014024580140245C01408C
:10784000D87C0624007701002C78010830780108E4
:107850000068704770B5046882B015460E46C4F8DB
:107860005032C4E99212069AC4F85422A269012A3D
:1078700026D0626A012A9AB211D0294604F1C000CA
:10788000019207F07BFE236A019A012B10D0294652
:1078900004F1280007F072FE002002B070BD04F170
:1078A000C000019207F0FCFE236A019A012BEED181
:1078B000314604F1280007F0F3FE002002B070BD4D
:1078C000226A012A9AB211D0294604F128000192B5
:1078D00007F054FE636A019A012B10D0294604F187
:1078E000C00007F04BFE002002B070BD04F128007C
:1078F000019207F0D5FE636A019A012BEED1314661
:1079000004F1C00007F0CCFE002002B070BD00BF43
:1079100003681B69042B05D8044A02EB830393ED2B
:10792000000A70479FED020A704700BF3C780108CB
:1079300000803B470368D3F8580270471F4BC1686B
:107940000268F0B5D3F88C5083B00369ADB24D1B1B
:10795000A2B1AB4212D00446866811D2F018E91ADF
:10796000CDE9001000F0BEFF0023DDE90010D4E9EE
:107970000062B047E3682561AB421BD003B0F0BDA5
:10798000F018C91ACDE9000100F0ACFF0023DDE9D1
:107990000001D4E90072B8473046294600F0A2FF42
:1079A00000233046626829462668B047E3682561AF
:1079B000AB42E3D10023236103B0F0BD00000240DD
:1079C0002DE9F84F04460F4690461E4600F1340557
:1079D000284608F081FA2028FAD14FF4806300206D
:1079E000C4F8D030C4F848314FF44033C4F8CC0068
:1079F000C4F8E030C4F858314E4BC4F8DC00C4F889
:107A0000C03003F57A73C4F8E400C4F83831402379
:107A1000C4F8C800C4F84031E369C4F84401C4F8AC
:107A20005401C4F85C01C4E93500C4E95300072BD4
:107A30000BD8DFE803F061535A373E454C0451231D
:107A4000C4F8C4305223C4F83C3104F59C7948464C
:107A500002F00EFC08B1FFBEFEE7C4F8A890C4F81F
:107A60007051EFF3108972B6DFF8D0B094F91C3082
:107A7000DFF8CCA08BF800300A9B2F4CCAF80030FE
:107A80000B9B23600EB11846B0471FFA88F23946A7
:107A9000284608F00BF8B0BBB9F1000F00D162B670
:107AA000BDE8F88F3F23C4F8C4304023C4F83C310C
:107AB000CBE74123C4F8C4304223C4F83C31C4E7C7
:107AC0004723C4F8C4304823C4F83C31BDE74F23F2
:107AD000C4F8C4305023C4F83C31B6E72B23C4F8B3
:107AE000C4302C23C4F83C31AFE72D23C4F8C43094
:107AF0002E23C4F83C31A8E72923C4F8C4302A2334
:107B0000C4F83C31A1E7FF238BF800300023CAF80A
:107B1000003023600A9B3BB10B980121984701205C
:107B2000B9F1000FBCD1BAE70120B9F1000FB7D10C
:107B3000B5E700BF88000240C8900624C490062420
:107B4000C09006242DE9F84F04460F4690461E4685
:107B500000F13405284608F0BFF92028FAD14FF487
:107B600080630020C4F8D030C4F848314FF440336B
:107B7000C4F8CC00C4F8E030C4F858314E4BC4F817
:107B8000DC00C4F8C03003F57A73C4F8E400C4F82C
:107B900038314023C4F8C800C4F84031E369C4F860
:107BA0004401C4F85401C4F85C01C4E93500C4E9D7
:107BB0005300072B0BD8DFE803F061535A373E45DB
:107BC0004C045123C4F8C4305223C4F83C3104F1AE
:107BD000C009484602F04CFB08B1FFBEFEE7C4F8FE
:107BE000AC90C4F8F850EFF3108972B6DFF8D0B05B
:107BF00094F91C30DFF8CCA08BF800300A9B2F4C96
:107C0000CAF800300B9B23600EB11846B0471FFA2C
:107C100088F23946284607F09BFFB0BBB9F1000F48
:107C200000D162B6BDE8F88F3F23C4F8C4304023CA
:107C3000C4F83C31CBE74123C4F8C4304223C4F834
:107C40003C31C4E74723C4F8C4304823C4F83C316E
:107C5000BDE74F23C4F8C4305023C4F83C31B6E725
:107C60002B23C4F8C4302C23C4F83C31AFE72D23B8
:107C7000C4F8C4302E23C4F83C31A8E72923C4F843
:107C8000C4302A23C4F83C31A1E7FF238BF800302D
:107C90000023CAF8003023600A9B3BB10B980121F6
:107CA00098470120B9F1000FBCD1BAE70120B9F122
:107CB000000FB7D1B5E700BF88000240C890062486
:107CC000C4900624C09006242DE9F0410D4682B0F0
:107CD000EFF3108772B6002948D1FF23254A264CBE
:107CE000237013682BB1002029461060234A1068C6
:107CF000984723781B0625D5DFF888800025204E7D
:107D0000444605E001351C3406F5D876092D19D016
:107D1000A369012B1BD0002BF4D121683046002928
:107D2000F0D06369019323690093E3682289FFF728
:107D300009FF0028E6D1C5EBC50508EB850348F827
:107D40002500586007B962B602B0BDE8F0816168ED
:107D50000029D7D063693046019323690093E36813
:107D60002289FFF72DFE0028CCD1E4E709F0B0FB13
:107D7000B3E700BFC0900624C4900624C890062430
:107D80009081062458000024F0B5002387B0022219
:107D900004460493CDE90223027EC3690B2A4FEA0D
:107DA000430523D1A27E0B2A02D1002007B0F0BDEB
:107DB00048496B1C484851F82330457801781878B9
:107DC000E67E884269D0824277D0D87803F1030CEE
:107DD00081426ED0824278D0987903F1060C8842B5
:107DE0006FD0824233D0012007B0F0BD394B3A4802
:107DF00053F8253001784678187894F819C08142F4
:107E00003DD0824241D0D87803F1030E814240D068
:107E100082424AD0987903F1060E884241D08242CC
:107E2000E1D1DB796345DED1734604F118069B7816
:107E30003046059301F03EF9034630461E4601F0F8
:107E400041F901A90190304603F0DCF8AAE7DB799B
:107E5000B342C8D163461A349B782046059301F09B
:107E600029F9034620461C4601F02CF9034601A9D6
:107E70002046019303F0C6F8002007B0F0BD93F848
:107E800001E0B645BFD08242BDD158786045BAD135
:107E9000CBE71F79B742BBD1BCE75F78AF4292D145
:107EA00093E7D979B142BAD19DE718796045B1D14C
:107EB000BAE71F79AF428DD18EE75878B04284D1AE
:107EC000C9E7D979A9428CD18DE71879B04283D11D
:107ED000C0E700BF700100246C0100247E4A0368E3
:107EE0009342F0B58FB000F0E380A2F54C4293428C
:107EF00000F0E08002F58062934200F0DD8002F540
:107F00008062934200F0DA8002F58062934200F0D2
:107F1000D98002F54442934200F0D280A2F51C427F
:107F2000934200F0D18002F58062934200F0CE804F
:107F30006A4A934240F0CC800826694D4FF4D874C9
:107F400004FB0654A07E01F0C5F8207E01F0C2F8C3
:107F5000E369082B13D8DFE803F03B4957657381C9
:107F60008F9D05005F4BD3F8F42042F00802C3F860
:107F7000F420D3F8F43003F008030893089B20465C
:107F8000FFF702FF012801D1FFBEFEE74FF4D874CE
:107F90000EAA554F0DF1240C04FB0654E36902EBC5
:107FA00043050FCFACE80F003B680022ACF800306F
:107FB000114635F9140C01F0A9FFE3690EAA02EB92
:107FC000430333F9140C0FB0BDE8F04001F0DCBFFF
:107FD000444BD3F8F02042F01002C3F8F020D3F85D
:107FE000F03003F010030093009BC8E73D4BD3F83B
:107FF000E82042F40032C3F8E820D3F8E83003F474
:1080000000330193019BBAE7364BD3F8E82042F4E2
:108010008022C3F8E820D3F8E83003F480230293E9
:10802000029BACE72F4BD3F8E82042F40022C3F8C0
:10803000E820D3F8E83003F400230393039B9EE782
:10804000284BD3F8E82042F48012C3F8E820D3F894
:10805000E83003F480130493049B90E7214BD3F89A
:10806000F02042F02002C3F8F020D3F8F03003F003
:1080700020030593059B82E71A4BD3F8E82042F0D2
:108080008042C3F8E820D3F8E83003F08043069339
:10809000069B74E7134BD3F8E82042F00042C3F884
:1080A000E820D3F8E83003F000430793079B66E726
:1080B000002642E7012640E702263EE703263CE78A
:1080C00005263AE7042638E7062636E7072634E78A
:1080D00000239B7EFFDE00BF00100140000C005813
:1080E0009081062400440258D87101082DE9F04F10
:1080F00091B0002301223F490DF1240A09938B46D8
:1081000001F11C09CAF8143001F13808CDF800A0BB
:1081100001F15407CDF804A001F17006CDF808A0D4
:1081200001F18C05CDF80CA001F1A804CDF810A048
:1081300001F1C40ECDF814A001F1E00CCAE901333D
:10814000CAE903330F92FF222B4BCDE906AA1A701E
:10815000BAE80F00ABE80F009AE80700009B8BE835
:1081600007009B46BBE80F00A9E80F009AE807004C
:10817000019B89E807009946B9E80F00A8E80F00BD
:108180009AE80700029B88E807009846B8E80F00C5
:108190000FC79AE80700039B87E807001F460FCF29
:1081A0000FC69AE80700049B86E807001E460FCE1C
:1081B0000FC59AE80700059B85E807001D460FCD0F
:1081C0000FC49AE80700069B84E807001C460FCC02
:1081D000AEE80F00079B9AE807001C468EE80700F0
:1081E0000FCCACE80F009AE807008CE8070011B04C
:1081F000BDE8F08F58000024C490062410B5094C47
:1082000004F1340007F076FD237D1BB1636BDB695D
:10821000DB0600D410BD2046FFF790FB636B1022F5
:108220001A6210BD9081062410B50B4C04F5F27053
:1082300007F060FD94F8C43123B1D4F8E431DB6970
:10824000DB0600D410BD04F5D870FFF777FBD4F837
:10825000E43110221A6210BD9081062410B50B4C37
:1082600004F5657007F046FD94F8743323B1D4F833
:108270009433DB69DB0600D410BD04F55870FFF7BA
:108280005DFBD4F8943310221A6210BD908106244D
:1082900010B50B4C04F2445007F02CFD94F8243533
:1082A00023B1D4F84435DB69DB0600D410BD04F5F6
:1082B000A260FFF743FBD4F8443510221A6210BDC8
:1082C0009081062410B50B4C04F2F46007F012FD07
:1082D00094F8D43623B1D4F8F436DB69DB0600D445
:1082E00010BD04F5D860FFF729FBD4F8F43610224E
:1082F0001A6210BD9081062410B50B4C04F6A40040
:1083000007F0F8FC94F8843823B1D4F8A438DB697A
:10831000DB0600D410BD04F50760FFF70FFBD4F8AF
:10832000A43810221A6210BD9081062410B50B4C9F
:1083300004F6542007F0DEFC94F8343A23B1D4F864
:10834000543ADB69DB0600D410BD04F52260FFF768
:10835000F5FAD4F8543A10221A6210BD908106241E
:1083600010B50B4C04F6044007F0C4FC94F8E43B51
:1083700023B1D4F8043CDB69DB0600D410BD04F55E
:108380003D60FFF7DBFAD4F8043C10221A6210BDFE
:108390009081062410B50B4C04F6B45007F0AAFCEB
:1083A00094F8943D23B1D4F8B43DDB69DB0600D4E6
:1083B00010BD04F55860FFF7C1FAD4F8B43D10229F
:1083C0001A6210BD9081062410B5EFF3108472B6C6
:1083D000084B1A78120602D504B962B610BD1B7894
:1083E0004FF4D87204485BB202FB0300C03002F0C5
:1083F000B7FAF1E7C49006249081062410B5EFF394
:10840000108472B6094B1A78120602D504B962B606
:1084100010BD1B784FF4D87205485BB202FB030015
:1084200000F59C7002F09CFAF0E700BFC4900624AF
:10843000908106240021FFF747BC00BF214A036852
:1084400093422BD0A2F54C42934229D002F5806290
:10845000934227D002F58062934225D002F58062D4
:10846000934223D002F54442934221D0A2F51C420C
:1084700093421FD002F5806293421DD0124A93426C
:108480001CD108224FF4D871104B01FB0233197D27
:1084900011B11846FFF752BAFFF716BC0022F1E7F8
:1084A0000122EFE70222EDE70322EBE70422E9E7EE
:1084B0000522E7E70622E5E70722E3E700231B7D25
:1084C000FFDE00BF00100140000C00589081062420
:1084D000204A0368934229D0A2F54C42934227D008
:1084E00002F58062934225D002F58062934223D048
:1084F00002F58062934221D002F5444293421FD09C
:10850000A2F51C4293421DD002F5806293421BD01B
:10851000114A93421AD1082310484FF4D87202FB33
:108520000300037D03B97047FFF708BA0023F3E7A0
:108530000123F1E70223EFE70323EDE70423EBE751
:108540000523E9E70623E7E70723E5E700231B7D8B
:10855000FFDE00BF00100140000C0058908106248F
:108560000121FFF7B1BB00BF2DE9F0414F684FF487
:10857000D876DFF8C0808E4607FB06F60C46082F3B
:1085800008EB0605056005F1180CBEE80F00ACE825
:108590000F009EE807008CE8070002D86B6A022BE8
:1085A00002D90120BDE8F0812A6A032AF9D8A96A14
:1085B0000229F6D8E86A0228F3D80131DFF878C03A
:1085C000343689005CF8277046446F63A469A96457
:1085D0001549AC6351F823306B64144B53F82230C7
:1085E000134A2B64002352F8201001223046EB6519
:1085F000E963C5E91333C5E9153208F069FF0028BE
:10860000CFD10146304608F0BBFF0028C9D1014652
:10861000304609F003F80028C3D1304608F092FF35
:108620000028BED12875BDE774780108807801085C
:10863000907801089081062450780108006892B271
:1086400008B5343007F0A2F9003818BF012008BD82
:10865000534B0122002047F6122130B4C3E97420A5
:10866000C3E97721C3E9E020C3E9E3211A62DA62B2
:1086700058621963C3F83025C3F83405C3F83C25A4
:10868000C3F84015C3F8E026C3F8E406C3F8EC26A7
:10869000C3F8F016C3F89028C3F89408C3F89C28D0
:1086A000C3F8A018C3F8402AC3F8440AC3F84C2AF8
:1086B000C3F8501AC3F8F02BC3F8F40BC3F8FC2B23
:1086C000C3F8001CC3F8A40D3648C3F8A02DC3F8A6
:1086D000AC2DC3F8B01D0288837833490068334C51
:1086E000CA804FEA104C0B723149E2802372A1F824
:1086F0000320A4F8032063714B712E4CCA800B72C7
:108700002D492E4DE2802372A1F80320A4F8032006
:1087100063714B712A4CCA800B722A49EA80088027
:108720002B7281F802C0E2802372A1F803204B7102
:10873000CA800B722449A1F803204B71CA800B72C6
:108740002249A1F803204B71CA800B72204908808E
:1087500081F802C0A1F803204B71CA800B721D4939
:10876000088081F802C0A1F803204B71CA800B7207
:108770001949088081F802C01848A1F803204B71FC
:10878000CA800B721649A0F803204371C28003729D
:10879000A1F803204B71CA800B7230BC704700BF38
:1087A000908106246C010024F401002418020024A6
:1087B0000C020024300200242402002400020024C1
:1087C000DC010024F09006243C020024E80100248F
:1087D000CC900624E4900624D8900624600100245E
:1087E000540100243E4B00220B20114610B5D3F853
:1087F000D84082B044F00104C3F8D840D3F8D84040
:1088000004F001040094009CD3F8D84044F0020422
:10881000C3F8D840D3F8D83003F002030193019B8A
:1088200001F074FB0B2001F0AFFB00220C2011467D
:1088300001F06CFB0C2001F0A7FB00220D2011467B
:1088400001F064FB0D2001F09FFB00220E20114679
:1088500001F05CFB0E2001F097FB00220F20114677
:1088600001F054FB0F2001F08FFB00221020114675
:1088700001F04CFB102001F087FB00223C20114648
:1088800001F044FB3C2001F07FFB00221120114647
:1088900001F03CFB112001F077FB0022382011464B
:1088A00001F034FB382001F06FFB00223920114623
:1088B00001F02CFB392001F067FB00223A20114621
:1088C00001F024FB3A2001F05FFB00223B2011461F
:1088D00001F01CFB3B2002B0BDE8104001F054BB8E
:1088E0000044025820F01F002031BFF34F8F0029B1
:1088F00007DD064A0144C2F85C0220300B1A002B47
:10890000F9DCBFF34F8FBFF36F8F704700ED00E0CE
:10891000704700BF08B500F0DDFCBDE8084001F07D
:10892000BDBB00BF064808B503680BB102F07CFD73
:10893000044803681BB1BDE8084003F06BBC08BDE8
:108940000895062400910624064808B503680BB173
:1089500002F06AFD044803681BB1BDE8084003F05B
:1089600059BC08BD0895062400910624064808B5A0
:1089700003680BB102F058FD044803681BB1BDE861
:10898000084003F047BC08BD089506240091062462
:10899000364BDA6A520062D59A6A9A6A9A6A9B6A78
:1089A000180600D500BE314B9B6A990600D500BE63
:1089B0002E4B9B6ADA0600D500BE2C4B9B6A1B0728
:1089C00000D500BE294B9B6A980700D500BE274BF7
:1089D0009B6AD90700D500BE244B9B6A1A0400D5B8
:1089E00000BE224B9B6A9B0400D500BE1F4B9B6AB6
:1089F000D80400D500BE1D4B9B6A190500D500BEEA
:108A00001A4B9B6A5A0500D500BE184B9B6A9B0502
:108A100000D500BE154B9B6AD80500D500BE134B90
:108A20009B6A990100D500BE104B9B6ADA0100D504
:108A300000BE0E4B9B6A1B0300D500BE0B4B9B6A0E
:108A4000580300D500BE094B9B6A990300D500BEB0
:108A5000064B9B6ADA0306D400BE00BEFEE7DB6A63
:108A60009B07FAD5F8E700BEF6E700BF00ED00E08F
:108A700000F03CBC00F040BC0A4B9B6803F178431B
:108A8000B3F5003F0BD3084B986848B198680128AC
:108A900006D09868022803D09B6803207047012005
:108AA000704700BF00ED00E0000080382DE9F04184
:108AB000CEB004464C2200210AA80DF03DF9202238
:108AC000002102A80DF038F9BC2200211EA80DF0EB
:108AD00033F9022004F012F82368012B4FF0000351
:108AE00054D0534A02250193C820D16A514B21F03A
:108AF0000101D162D26A02F0010201929A6942F444
:108B000040429A619B6903F440430193019B494AA7
:108B100093699B04FCD548490224002201268B6AF4
:108B200004274FF0080823F0030323438B62052337
:108B300016900AA818934FF480331096179419943E
:108B40001597CDF86880CDE91B222122CDE9134489
:108B5000CDE90A2304F0BCFC00B1FEE73F22032369
:108B6000294602A8CDE9022300220823CDE90423E7
:108B700040224023CDE9062340234FF48062CDE913
:108B8000082304F0D3FF0346B8B1FEE7294A0425C1
:108B90000093F0209169264B41F440419161926924
:108BA00002F440420092DA6A42F00102DA62DB6AC1
:108BB00003F001030093009BA9E720224FF48051AA
:108BC00025934FF440152B9280222D931EA83093AD
:108BD000269135914FF48071249234920C22339473
:108BE000439140F2271120921022CDF884802A97D9
:108BF0001F96CDE92E34CDE93B334FF48033CDE9D8
:108C000022463193002446930623CDE93E4527931F
:108C10004FF48063094C2C931E94CDE9281205F083
:108C2000E1F900B1FEE703F08FFF4EB0BDE8F0813F
:108C30000004005800480258004402580F130F0364
:108C400070B584B0012401F0D7F94FF480764FF06D
:108C50004052194B68460025ADF800400396CDE917
:108C6000012301F0E7F919224FF0404368468DF8DF
:108C7000082001938DF80F40ADF80D608DF801408C
:108C80008DF80A5001F0D6F902230B2268468DF8C0
:108C90000F508DF801304FF062538DF8082001938A
:108CA000ADF80D408DF80A4001F0C4F9042001F040
:108CB000B1F904B070BD00BF0E00010330B50D4620
:108CC000044685B0D1E9000184E8030000F0D2FA3F
:108CD000AB79A3B3FFF786FDFDF792FE0AF08AFB9E
:108CE000FFF704FA2B798BBB6B799BB1BFF34F8FE6
:108CF000BFF36F8F2A4B0022C3F85022BFF34F8F70
:108D0000BFF36F8F5A6942F400325A61BFF34F8F3D
:108D1000BFF36F8F4FF0FF32002300240025694618
:108D2000204802928DF80C30CDE900450AF082FF10
:108D30001C480AF0E7FF09F08DFF05B030BD204662
:108D4000FFF7B4FE2046FFF77BFFC3E7144C002378
:108D5000C4F88430BFF34F8FD4F8801043F6E07E20
:108D6000C1F34E3CC1F3C9014FEA4C1C0CEA0E00A2
:108D70000B4640EA8372013BC4F860225A1CF8D1CA
:108D8000ACF1200C1CF1200FF0D1BFF34F8F6369C1
:108D900043F480336361BFF34F8FBFF36F8FA3E75B
:108DA00000ED00E0FC90062404F0F0BF1C4B9B6833
:108DB00003F17842B2F5003F25D3B3F5803F20D3CD
:108DC00003F16042B2F5003F1FD303F15C42B2F5FC
:108DD000002F1CD303F17042B2F5902F19D303F189
:108DE0004842B2F5803F16D303F18042B2F1806F62
:108DF00013D303F1E043B3F5000F2CBF0820072085
:108E00007047012070470020704702207047032000
:108E1000704704207047052070470620704700BF48
:108E200000ED00E003480023034A044903600CF00E
:108E30009FBA00BFFC90062400000024118900089E
:108E400010B4204C0022204B83B0D4F888101F4867
:108E500041F47001C4F8881019681D4C41F00101FB
:108E600019601A61196808401A4918609A61DA6134
:108E70001A629A62DA621A635A639A63DA631A644C
:108E80005A64186820F4802018601A66D3F8DC2031
:108E900042F06042C3F8DC20D3F8DC300193019B40
:108EA00023681940B1F1005F03D20B4B0122C3F8D4
:108EB0000821044B4FF000629A6003B05DF8044B48
:108EC000704700BF00ED00E0004402587FEDF6EA75
:108ED0000010005C0000FFFF0080005100F5717180
:108EE000D0F8040409F09EBAC1EBC10300EB830380
:108EF000D0F80404D3F8082209F0C2BAC1EBC103C8
:108F000000EB8303D0F804049A6C09F0F7BA00BFB1
:108F1000D0F8040409F096BBC16810B5044619B135
:108F2000022900D0FEE70121D4F8040409F074FB03
:108F3000D4F80404BDE8104009F046BB10B504465F
:108F4000D0F8040409F06CFB2268D2F8003E43F02C
:108F50000103C2F8003E236A23B1034A136943F0B8
:108F60000603136110BD00BF00ED00E0D0F804045B
:108F700009F060BBD0F8040409F074BBD0F8040415
:108F800009F06EBBD0F8040409F06EBBD0F80404FD
:108F900009F06CBB9446D0F898021A4608B56346AF
:108FA00003F09CFC032802D8024B185C08BD022089
:108FB00008BD00BFAC780108D0F8980208B503F0EE
:108FC0001BFD032802D8024B185C08BD022008BD17
:108FD000AC780108D0F8980208B503F051FD0328D9
:108FE00002D8024B185C08BD022008BDAC7801080D
:108FF0000A06D0F8983206D4C1EBC10103EB810117
:1090000091F8FE01704701F07F01C1EBC10103EB54
:10901000810191F83E007047D0F8980208B503F03E
:1090200047FC032802D8024B185C08BD022008BD8B
:10903000AC780108D0F8980208B503F0B5FC032815
:1090400002D8024B185C08BD022008BDAC780108AC
:10905000D0F8980208B503F07FFC032802D8024B31
:10906000185C08BD022008BDAC780108D0F8C00229
:1090700009F0AABDD0F8C00209F0BEBDD0F8C00208
:1090800009F0C6BD704700BFD0F8C00209F0ACBD02
:10909000D0F8C00209F0ACBDD0F8D00308B502F09A
:1090A00083FD032802D8024B185C08BD022008BDCE
:1090B000B0780108024B027853F82200704700BFD5
:1090C000D4780108024B427833F81200704700BF91
:1090D000B47801088CB00A2814D8DFE800F0152312
:1090E000313F4D5B6977859306004D4BD3F8E02007
:1090F00042F48062C3F8E020D3F8E03003F48063E8
:109100000B930B9B0CB07047454BD3F8E02042F01B
:109110000102C3F8E020D3F8E03003F0010301932B
:10912000019BEFE73E4BD3F8E02042F00202C3F888
:10913000E020D3F8E03003F002030293029BE1E762
:10914000374BD3F8E02042F00402C3F8E020D3F814
:10915000E03003F004030393039BD3E7304BD3F8D1
:10916000E02042F00802C3F8E020D3F8E03003F03A
:1091700008030493049BC5E7294BD3F8E02042F091
:109180001002C3F8E020D3F8E03003F01003059399
:10919000059BB7E7224BD3F8E02042F02002C3F84A
:1091A000E020D3F8E03003F020030693069BA9E704
:1091B0001B4BD3F8E02042F04002C3F8E020D3F884
:1091C000E03003F040030793079B9BE7144BD3F871
:1091D000E02042F08002C3F8E020D3F8E03003F052
:1091E00080030893089B8DE70D4BD3F8E02042F4F1
:1091F0008072C3F8E020D3F8E03003F48073099361
:10920000099B7FE7064BD3F8E02042F40072C3F8D5
:10921000E020D3F8E03003F400730A930A9B71E76F
:1092200000440258704700BF0F4B1B780BB9012058
:10923000704710B504464FF47A700C4AB0FBF3F354
:109240001068B0FBF3F000F0C1FE0F2C00D808B19D
:10925000012010BD002221464FF0FF3000F056FEE5
:10926000034B00201C6010BD58020024480200245B
:109270005C02002438B50320124D00F035FE124C7C
:1092800004F0B4FB114A12499369C3F30323CB5C86
:1092900003F01F0320FA03F30E202B60926902F003
:1092A0000F028A5C02F01F02D3402360FFF7BCFF6D
:1092B00010B10124204638BD0446FFF7B3FF204615
:1092C00038BD00BF480200244C020024004402586C
:1092D0009C780108034A044B11681B780B44136007
:1092E000704700BFCC97062458020024014B186831
:1092F000704700BFCC97062438B50446FFF7F6FF49
:109300000546631C02D0044B1B781C44FFF7EEFF9C
:10931000431BA342FAD338BD58020024014B1868FE
:10932000000C70470010005C704700BF806B08B5F0
:10933000FFF7FAFF08BD00BF836B5A6D12F0500FA4
:109340005A6D10B51DD1196842F400725A650A6849
:1093500012F0080FCA681BD012F4406F0DD1CA6812
:1093600094040AD45A6D22F480725A655A6DD1045D
:1093700003D45A6D42F001025A651846FCF7AAFF61
:1093800010BDD2060AD4DB6CBDE81040DB6C184778
:109390009007E7D01846FCF79DFFF1E71846FDF768
:1093A0003DF810BD806B08B5436D43F04003436545
:1093B000836D43F004038365FDF730F808BD00BFFB
:1093C000F0B5002283B0019290F85020012A00F0FD
:1093D0001C81034601201A6883F8500094686407D2
:1093E00000F18A800C68C4F31305002D40F08F80D3
:1093F000C4F38464A0404D684FF01F0ED6694FEA55
:10940000951C30430CF00C0CD06105F01F0002F1EC
:10941000300584400EFA00FE5CF8050020EA0E00DC
:1094200004434CF80540906840076ED4956815F0E9
:10943000080547D10C68072002F11406B94F4FEA1E
:10944000D45CC4F304540CF0040C00FA04FE8868E5
:1094500000FA04F45CF8060020EA0E0020434CF801
:109460000600386800F07040B0F1805F00F0C58001
:10947000D068D668C70600F1E880C6F3820648695E
:10948000760000FA06F60F69042F00F0C18002F1A1
:109490006004086854F827C000F0F8400CF0004C55
:1094A00040EA0C00304344F82700487E0E6901284A
:1094B00054F8260008BF4FF0004520F00040054357
:1094C00044F826509068C40714D4CE68086806F0A3
:1094D0001807954CD2F8C050FC40C0F31307044065
:1094E00025EA07052C43C2F8C040904CA64246D05E
:1094F000002816DB002003E05A6D42F020025A6576
:10950000002283F8502003B0F0BD9068DAE794FAA7
:10951000A4F5B5FA85F5C4F3846405F01F05A840E9
:1095200069E783498A4200F0B68001F580718A427A
:1095300000F0B1807F4D804CA968A46801F0E0760E
:10954000E44304F00104002C00F0B4807B4CA04202
:1095500000F0FC807A4CA04200F01A81794CA042C5
:10956000C8D14902C6D474498A42C3D1AA6800202E
:1095700022F0E072324342F48002AA60C0E7002F7A
:109580006AD090FAA0F4B4FA84F4013404F01F0411
:10959000092C00F2A48090FAA0F4B4FA84F490FAB2
:1095A000A0F5B5FA85F5013401260135A40605F0CC
:1095B0001F0504F0F84406FA05F52C4390FAA0F0D4
:1095C000B0FA80F0304400F01F0000EB40000005CE
:1095D0002043C60D02F11405C0F30450072406F021
:1095E000040604FA00F7745924EA07048F6807FA9E
:1095F00000F02043705108687AE7D6684869C6F3DE
:109600008206760000FA06F63DE7022003B0F0BDC0
:10961000106E0C6800F0F840A506B0EB846F30D0F7
:10962000506E00F0F840854226D0906E00F0F84071
:1096300085422BD0D06E00F0F84085427FF442AFD7
:10964000D06E20F00040D0663CE77608486906F00E
:10965000080600FA06F616E7800E441C04F01F0602
:10966000092E2DD8A406012004F0F844B04004438C
:1096700006EB46000005ABE7506E20F00040506658
:10968000D3E7106E20F000401066C9E7906E20F01E
:1096900000409066CEE7264C2B4D04F58074A968F7
:1096A00054F8F86CA468344301F0E076E44304F025
:1096B000010448E75A6D012042F020025A651FE775
:1096C00006EB4600A50601241E3805F0F84504FA0D
:1096D00006F60005354340F00070284379E790FA1C
:1096E000A0F5B5FA85F590FAA0F4B4FA84F4013542
:1096F00001260134AD0604F01F0405F0F84506FA12
:1097000004F4254390FAA0F4B4FA84F4344404F049
:109710001F0404EB4404A4F11E00000540F0007097
:10972000DBE700BF0010005CFFFF0F000000FF47F9
:10973000002002400063025800600258000084CB01
:10974000000052C70000B8CF0023024008023FF5D6
:10975000D1AE17498A427FF4CDAE164AA968126885
:10976000154821F0E07192093143A0FB020241F457
:1097700000019209A96052000192019A002A3FF467
:10978000B9AE019A013A0192019A002AF9D1B1E6E3
:1097900011F080707FF4AEAE05498A427FF4AAAE24
:1097A000AA6822F0E072324342F08072AA60A7E613
:1097B0000060025848020024632D3E0503689A6841
:1097C000D20701D5002070479968214A114270B52F
:1097D000044608D0636D012043F010036365A36D58
:1097E0000343A36570BD99681A4A0A4042F001021A
:1097F0009A60FFF77BFD2368174A054693421ED007
:1098000002F5807293421AD0144A9268114E0AE00F
:109810009A68324042F001029A60FFF767FD401BF0
:109820000228D7D823681A68D2070FD49A68D107BC
:10983000EED5FFF75BFD401B0228F3D9CAE7084AC3
:109840009268D006E2D0074A9342DFD1002070BD73
:109850003F000080C0FFFF7F0020024000630258ED
:1098600000230240002102402DE9F0413A4D044618
:1098700000680F461646A84219D0384B984216D0B9
:10988000374DAB688068420716D494F85020012AFF
:1098900012D003F01F080122B8F1090F84F85020FC
:1098A0000DD90023012084F85030BDE8F0812D4D02
:1098B000AB6880684207E8D50220BDE8F08140F23D
:1098C000212323FA08F3DB4313EA0205E9D12046FA
:1098D000FFF774FF002839D1626D234B21681340D4
:1098E00043F480736365B8F1000F02D01B4B9942BB
:1098F00003D0636D23F480136365636D13F48053A9
:1099000028D0A36D23F00603A365E06C3346174D02
:109910003A464031C563164D0564164DC5641C2595
:1099200041F8405C002584F8505051F83C5C45F00B
:10993000100541F83C5C00F059FE22680E4B91681E
:109940000B4043F004039360BDE8F08184F850506D
:10995000BDE8F081A365D8E7002002400021024065
:109960000063025800230240FEF0FFFF3993000815
:109970002D930008A5930008C0FFFF7F38B503684A
:109980009A68910702D59B68002038BD9A68D20773
:1099900023D59A68044602F00D02012A08D0636DAF
:1099A000012043F010036365A36D0343A36538BD35
:1099B000986803210A4A024042F002029A60196044
:1099C000FFF794FC054604E0FFF790FC401B0228DB
:1099D000E5D823689B68DB07F6D4002038BD00BFBC
:1099E000C0FFFF7F38B5574A04460368934226D02C
:1099F00002F58072934222D0534B9B6813F4403F90
:109A000022D004F0ADF963680546B3F5003F00F0DD
:109A10008880B3F5403F70D0B3F5803F00F081807F
:109A2000FFF77CFC41F2030398422DD8474B9D423F
:109A30005DD92268936843F48073936038BD444BCA
:109A40009B6813F4403FDCD14FF4002005F054FA3A
:109A500063680546B3F5101F6DD008D8B3F5E01F55
:109A600055D01AD9B3F5001FDAD14509D8E7B3F5B7
:109A7000201F4AD0B3F5301FD2D1FFF74FFC41F27F
:109A80000303984233D92D0A324B9D421DD82268D8
:109A9000936823F44073936038BDB3F5801F06D0FC
:109AA0000AD9B3F5A01F02D0B3F5C01FB8D19B0CE3
:109AB0005B00B5FBF3F5B3E7B3F5002FF7D023F464
:109AC0000022B2F5802FF2D0AAE7234B234A2B4481
:109AD00093421ED9224B234A2B4493422268936817
:109AE0002BD823F4407343F40073936038BD22688D
:109AF000936823F48073936038BD8508FFF70EFCEC
:109B000041F203039842BFD890E7C50988E70509E9
:109B100086E72268936823F4407343F4807393606C
:109B200038BD1B0CB5FBF3F5FFF7F8FB41F203035F
:109B30009842A9D87AE7850972E743F440739360A5
:109B400038BD00BF0020024000630258002D3101E3
:109B500000230240105E5F00EFA1A0FF0F5E5F00D8
:109B6000DF4341FF1FBCBE0030B5002383B001932B
:109B7000002800F0D080456D0446002D00F0BA802A
:109B8000226893689B0003D59168714B0B409360EA
:109B90009368DD0015D46F4B90686F491B680140D6
:109BA0006E489B0941F08051A0FB030391609B0923
:109BB0000193019B2BB1019B013B0193019B002B66
:109BC000F9D19368D80024D4636D012543F01003C4
:109BD0006365A36D2B43A365936813F0040F636D56
:109BE0001DD1D9061BD4636D23F4817343F00203A6
:109BF00063659368DB0728D4594B9A4217D003F565
:109C000080739A4213D0574B9B68D9071DD4564A8C
:109C100015E09368002513F0040F636DE1D0636DC8
:109C2000012543F010032846636503B030BD4C4A5C
:109C30004E4B92689B681343D80706D44C4A9368EE
:109C4000616823F47C130B439360FFF767FB41F2D9
:109C50000303A1689842237F52D894F815C01A04D0
:109C6000206B42EA4C3202430A43012B03D1236AA0
:109C7000013B42EA4342636A23B103F47873A16A69
:109C80000B431A4323683B49D86801400A43DA6012
:109C90009A6812F0040F9A681CD112071AD4D86877
:109CA000354A217D024042EA8132E16A0A43DA60A4
:109CB00094F83820012A3AD01A6922F001021A6178
:109CC0001A692046616B22F070420A431A61FFF75D
:109CD00089FE2368E268012A21D01A6B22F00F0264
:109CE0001A63636D284623F0030343F001036365A1
:109CF00003B030BDFCF79CFAA56584F850503FE7EF
:109D00001029AAD1617D1A0442EA4132216B0A432B
:109D100042F01C02A9E70125284603B030BD196BAB
:109D2000A26921F00F01013A0A431A63D9E7D4E985
:109D3000102118690A43114901400A43A16C0A43E2
:109D4000E16B42EA014242F001021A61B8E700BF4A
:109D5000C0FFFF5F48020024C0FFFF6F632D3E0578
:109D600000200240006002580063025800210240B7
:109D70000023024003C0F0FFFCBFFFFF1EF800FC01
:109D8000F0B5002383B0019390F85030012B40D000
:109D9000012304460E46154680F85030FFF7EEFDCD
:109DA000E8B9676D05F080421B4B06F480311B4D0E
:109DB0003B401B4F43F00203636523689E683540B8
:109DC00015430D4345F000459D609A68002A0FDB5E
:109DD000636D23F0030343F00103636503E0636DE8
:109DE00043F010036365002384F8503003B0F0BDE6
:109DF000019A01320192019ABA42E6D9636D0022BA
:109E0000012023F0120384F8502043F0100363650F
:109E1000ECE7022003B0F0BDFDEEFFFFC0FFFE3F08
:109E2000FF955A55F0B490F850200E68012A49D099
:109E30000346294A01201C6883F85000944208D048
:109E40005A6D002142F0200283F850105A65F0BC90
:109E50007047224DAA6852070AD5A2685A6D0120A0
:109E600042F020025A65002283F85020F0BC70476F
:109E7000A06810F00400F1D1C6B1DFF868C04F68E7
:109E8000DCF8082022F440423A43CCF80820A468C9
:109E9000AA682243D40713D48A68DCF80810164352
:109EA0000F4A0A401643CCF80860DCE70D498A687F
:109EB00022F440428A60A068AA680243D00704D511
:109EC0000020D0E70220F0BC70478C683046044A7E
:109ED00022408A60C7E700BF002002400021024004
:109EE000E0F0FFFF0023024006494FF6FF0C00029E
:109EF000054BCA6800F4E06002EA0C021043034319
:109F0000CB60704700ED00E00000FA051B4BDB68FA
:109F1000C3F3022300B5C3F1070E03F1040CBEF135
:109F2000040F28BF4FF0040EBCF1060F1AD9033BF3
:109F30004FF0FF3C0CFA03FC22EA0C024FF0FF3C0E
:109F400000280CFA0EFC21EA0C0101FA03F141EAA7
:109F500002010ADB09010A4BC9B2034483F800136A
:109F60005DF804FB00221346E8E700F00F0009014A
:109F7000044BC9B2034419765DF804FB00ED00E020
:109F800000E100E0FCEC00E0002807DB00F01F012E
:109F900001234009024A8B4042F82030704700BF3D
:109FA00000E100E000280DDB4309012200F01F0062
:109FB0000549203302FA00F041F82300BFF34F8F28
:109FC000BFF36F8F704700BF00E100E0431EB3F1A5
:109FD000807F0CD24FF0E022002006494FF0F00CB9
:109FE0005361072381F823C09061136170470120FA
:109FF000704700BF00ED00E0BFF35F8F044B00210E
:10A000005A6A22F480325A62C3F89410704700BF33
:10A0100000ED00E0064B40F00100C3F894005A6ADE
:10A0200042F480325A62BFF34F8FBFF36F8F704795
:10A0300000ED00E0174A4378C2F89830017821B368
:10A04000436800B5C2F89C30C37A90F80CC01B0678
:10A0500090F80FE043EA0C7390F80AC00B43817B41
:10A0600043EACC4390F80DC043EA8C4390F809C012
:10A0700043EA4143017A43EA0E4343EA0C2343EAAD
:10A080004103C2F8A0305DF804FBC2F89C10C2F88E
:10A09000A010704700ED00E0704700BF08B5FFF763
:10A0A000FBFF08BD0268344B344930B4344D354CA5
:10A0B000AA4218BF9A420CBF012300238A4208BF5C
:10A0C00043F001033031A24208BF43F001033034B2
:10A0D0008A4208BF43F001033031A24208BF43F077
:10A0E000010330348A4208BF43F0010301F55C717B
:10A0F000A24208BF43F0010304F55C748A4208BF22
:10A1000043F001033031A24208BF43F00103303471
:10A110008A4208BF43F001033031A24208BF43F036
:10A12000010330348A4208BF43F001033031A242B8
:10A1300008BF43F001038A4208BF43F0010313B98B
:10A14000114B9A4213D1D3B21049114C103BA1FBD1
:10A1500003515F2B0F4BC1F3021103EA0203615C51
:10A1600088BF0433C1658365184630BC704722F050
:10A17000FF038365F8E700BF100002404000024083
:10A180002800024058000240B8040240ABAAAAAA24
:10A190006086010800FCFFFF0368294A294930B4A2
:10A1A000294D2A4CAB4218BF93420CBF012200221A
:10A1B0008B4208BF42F001022831A34208BF42F09F
:10A1C000010228348B4208BF42F001022831A34229
:10A1D00008BF42F001028B4208BF42F0010212B9EF
:10A1E0001B4A934213D1DBB21A4C1B4A0121083B94
:10A1F0001A4DA4FB0343456602EB1312C3F3041389
:10A20000920001FA03F30266836630BC7047DAB24B
:10A210001349144C1944103AA829A4FB02234FEA0D
:10A22000131300D80833104A03F01F0501210F4C07
:10A230001A44A9404466920081660266E5E700BFC1
:10A2400008540258305402581C54025844540258BE
:10A2500094540258CDCCCCCC0096001680580258AD
:10A26000F0FBFDBFABAAAAAA008200108008024042
:10A2700070B50446FFF73AF8002C00F0C68023685A
:10A280000546954A934248D01832934245D0303221
:10A2900092498B4218BF934201F130010CBF012259
:10A2A00000228B4208BF42F0010218318B4208BFE6
:10A2B00042F0010218318B4208BF42F0010218310E
:10A2C0008B4208BF42F0010201F556718B4208BF74
:10A2D00042F0010218318B4208BF42F001021831EE
:10A2E0008B4208BF42F0010218318B4208BF42F096
:10A2F000010218318B4208BF42F0010218318B4233
:10A3000008BF42F0010218318B4208BF42F001023F
:10A310001AB9734A934240F0F5800222002184F872
:10A32000352084F834101A6822F001021A6005E022
:10A33000FEF7DCFF431B052B40D823681A68D107C2
:10A34000F6D4D4E9022521692A43A0691D680A438D
:10A3500061690A43E16902430A4362492940256A67
:10A360002A430A43616A04292FD01A605A6922F0ED
:10A370000702114359612046FFF794FEE26D3F2327
:10A3800002F01F02934083602046FFF705FFA36899
:10A39000802B3CD06368A06EDAB2013BD4E918513F
:10A3A000072B2A60486026D90023C4E91B33636762
:10A3B00000200123606584F8353070BD202203231E
:10A3C0000120626584F8353070BDD4E90B51294312
:10A3D0000A431A605969A26A21F00701114341F04A
:10A3E0000401002DC6D000284FD1012A6ED032F0D2
:10A3F0000202BFD151E0501E072810D9626FD4E984
:10A400001B31002018604A60D2E7012070BD002394
:10A41000A16ED4E91802636003605160C4E721684B
:10A42000314B324DA94218BF994205F114050CBFBA
:10A4300001230023A94208BF43F001031435A942B8
:10A4400008BF43F001031435A94208BF43F00103DC
:10A450001435A94208BF43F001031435A94208BFCF
:10A4600043F001033BB9224B994204D0214B2249CE
:10A4700013449B0003E0214B214913449B0001221C
:10A480008240C4E91B316267BBE7B0F5005F0ED0C4
:10A49000022A05D9032A7FF46DAFEA017FF56AAF7E
:10A4A000012340221846626584F8353070BD032AC6
:10A4B0003FF660AF01A050F822F000BFA1A4000851
:10A4C0009BA40008A1A40008CDA40008B5F1C07F9A
:10A4D0007FF450AFE4E700BF1000024040000240AC
:10A4E000B80402403F8010FE085402581C54025821
:10A4F000945402583F820010400902403F960016D3
:10A5000040590258324A33483349834218BF934274
:10A5100000F128000CBF012200228B4208BF42F04C
:10A5200001022831834208BF42F0010228308B42E9
:10A5300008BF42F001022831834208BF42F0010205
:10A540008B4208BF42F0010212B9244A934238D12B
:10A5500002220021224D84F8341084F835201A6834
:10A560001540A268402A2AD0802A0CBF4FF48040B0
:10A570000846266AD4E90312D20842EAD102616988
:10A5800042EAD102A16942EAD102E16942EAD1027A
:10A59000144942EA161219442A4302431248A0FB06
:10A5A000010120461A600B099B00E365FFF77AFD65
:10A5B000E26D012302F01F0293404360E4E61020A5
:10A5C000D7E7402203230120626584F8353070BD4F
:10A5D000085402581C5402583054025894540258DB
:10A5E0000F00FEFFF8ABFDA7CDCCCCCC002800F0CF
:10A5F000BC80844690F83400012800F0B880012027
:10A600002DE9F0419CF835408CF83400844208D0A4
:10A6100000224FF400638CF83420CCF85430BDE8AD
:10A62000F0810220DCF800507A4C8CF835000020D4
:10A63000794ECCF854007948854218BFA54200F104
:10A6400018000CBF01240024854208BF44F0010417
:10A650001830854208BF44F001041830854208BF15
:10A6600044F001041830854208BF44F0010400F5AD
:10A670005670854208BF44F001041830854208BF77
:10A6800044F001041830854208BF44F0010418303A
:10A69000854208BF44F001041830854208BF44F0E9
:10A6A00001041830854208BF44F001041830854287
:10A6B00008BF44F001041830854208BF44F001048B
:10A6C000A0F59560B54218BF8542DCF86C600CBF00
:10A6D0000120002054EA0008286820F001002860CA
:10A6E000DCF86400DCF86840DCF85870446040D066
:10A6F00016B1DCE91C044460DCF85C004FF03F0E4E
:10A7000000F01F000EFA00F0B860286820F48020E6
:10A7100028606B60DCF80830402B23D0A960EA6029
:10A720002B6823F01E0343F016032B60DCF8403047
:10A730001BB12B6843F008032B60DCF860301A680B
:10A74000D20303D51A6842F480721A601EB13368CE
:10A7500043F4807333602B68002043F001032B60C7
:10A76000BDE8F081AA60E960DAE7012070470220C5
:10A77000704716B1DCE91C0444602948DFF8A8E002
:10A78000754518BF85420EF1140E0CBF0120002044
:10A79000754508BF40F001000EF1140E754508BF65
:10A7A00040F001000EF1140E754508BF40F00100A5
:10A7B0000EF1140E754508BF40F001000EF1140EA5
:10A7C000754508BF40F0010010B9164885420ED10A
:10A7D000DCF85C0000F01F0E012000FA0EF078603B
:10A7E0006B60DCF80830402B10D0A960EA602B6861
:10A7F00023F00E0343F00A032B60DCF84030002BFB
:10A800009BD02B6843F004032B6096E7AA60E960B5
:10A81000EDE700BF4000024028000240580002401F
:10A8200008540258945402581C54025800285FD00F
:10A8300038B590F835200346022A55D10168444ABC
:10A84000914248D01832914245D03032414C424872
:10A85000A14218BF914204F148040CBF012200221A
:10A86000814208BF42F001023030A14208BF42F0ED
:10A8700001023034814208BF42F0010200F55C70F1
:10A88000A14208BF42F0010204F55C74814208BF96
:10A8900042F001023030A14208BF42F001023034E0
:10A8A000814208BF42F001023030A14208BF42F0AD
:10A8B00001023034814208BF42F001023030A1422F
:10A8C00008BF42F00102814208BF42F0010212B902
:10A8D000224A91420ED10422002083F835200B68D1
:10A8E00023F001030B6038BD802201205A6538BD7A
:10A8F000012070470A681C6E22F00E02D86D9D6D13
:10A900000A6000F01F000A6822F001020A600122BA
:10A910002168824021F4807121606A60DA6ED3E997
:10A920001910486032B11168D3E91C0421F4807118
:10A9300011604460002401211A6D83F8344083F8CB
:10A9400035101AB118469047204638BD104638BD1C
:10A95000100002404000024070000240B804024073
:10A960002DE9F04300229C4B83B09C4E1D6881462C
:10A97000019203689A4A846D934218BFB3422768D4
:10A9800008BF0126216818BF002645D01832954817
:10A99000834218BF934200F118000CBF012200222D
:10A9A000834208BF42F001021830834208BF42F0E0
:10A9B00001021830834208BF42F00102183083427E
:10A9C00008BF42F0010200F55670834208BF42F012
:10A9D00001021830834208BF42F00102183083425E
:10A9E00008BF42F001021830834208BF42F0010262
:10A9F0001830834208BF42F001021830834208BF7A
:10AA000042F001021830834208BF42F001021AB935
:10AA1000754A934240F05082D9F85C10082201F048
:10AA20001F0C02FA0CF2174240F0888127FA0CF250
:10AA3000D2070CD55A69100609D5012202FA0CF288
:10AA4000A260D9F8542042F00202C9F854204FF015
:10AA5000040E0EFA0CF038425BD0002E4FD1634A40
:10AA6000DFF88081434518BF934208F118080CBFF6
:10AA700001220022434508BF42F0010208F11808F4
:10AA8000434508BF42F0010208F11808434508BFDA
:10AA900042F0010208F11808434508BF42F00102E4
:10AAA00008F55678434508BF42F0010208F118083E
:10AAB000434508BF42F0010208F11808434508BFAA
:10AAC00042F0010208F11808434508BF42F00102B4
:10AAD00008F11808434508BF42F0010208F11808C0
:10AAE000434508BF42F0010208F11808434508BF7A
:10AAF00042F001021AB93C4A934240F019821A68A6
:10AB0000920706D5A060D9F8542042F00402C9F893
:10AB10005420102202FA0CFC1CEA070F6CD0002E05
:10AB200045D1324A2F4EB34218BF934206F1180660
:10AB30000CBF01220022B34208BF42F001021836C6
:10AB4000B34208BF42F001021836B34208BF42F0D8
:10AB500001021836B34208BF42F0010206F55676EC
:10AB6000B34208BF42F001021836B34208BF42F0B8
:10AB700001021836B34208BF42F001021836B34250
:10AB800008BF42F001021836B34208BF42F001028A
:10AB90001836B34208BF42F001021836B34208BF6C
:10ABA00042F001021AB9104A934240F0C9811A6872
:10ABB000100721D5C4F808C01A68560300F14C816B
:10ABC0001A68D20503D41A6822F008021A60D9F86C
:10ABD00040308BB10CE000BF48020024100002405E
:10ABE0002800024058000240B804024040000240E1
:10ABF00048469847D9F85C1001F01F0120268E4086
:10AC00003E4268D0D9F80020A54BA64FBA4218BFE3
:10AC10009A4207F118070CBF01230023BA4208BF6C
:10AC200043F001031837BA4208BF43F00103183755
:10AC3000BA4208BF43F001031837BA4208BF43F0D5
:10AC400001031837BA4208BF43F001031837BA426C
:10AC500008BF43F0010307F55677BA4208BF43F037
:10AC600001031837BA4208BF43F001031837BA424C
:10AC700008BF43F001031837BA4208BF43F001038D
:10AC80001837BA4208BF43F001031837BA4208BF69
:10AC900043F001031837BA4208BF43F001031BB960
:10ACA000814B9A4240F062811368DB0613D5A6609F
:10ACB00099F83530042B136800F0AE8013F4802F20
:10ACC000136800F0D3801C0340F1DE80D9F83C30DB
:10ACD0000BB148469847D9F85430002B00F0B980A2
:10ACE000D9F85430D8071FD5D9F80020042189F8A5
:10ACF0003510136823F0010313606C4BA3FB05357B
:10AD0000AD0A02E01368D90704D5019B0133AB42B9
:10AD10000193F7D9002389F834301368DB074CBF5F
:10AD20000323012389F83530D9F84C30002B00F08B
:10AD30009080484603B0BDE8F043184718684007C4
:10AD40000AD5186820F004001860A260D9F85420D1
:10AD500042F00102C9F8542027FA0CF2D2077FF51D
:10AD600076AE534A5348834218BF934200F13000F5
:10AD70000CBF01220022834208BF42F001021830BA
:10AD8000834208BF42F001021830834208BF42F0FC
:10AD900001021830834208BF42F0010200F55670EC
:10ADA000834208BF42F001021830834208BF42F0DC
:10ADB00001021830834208BF42F00102183083427A
:10ADC00008BF42F001021830834208BF42F001027E
:10ADD0001830834208BF42F001021830834208BF96
:10ADE00042F001021830834208BF42F00102002AFB
:10ADF0007FF420AE002E7FF41DAE1A68042202FA02
:10AE00000CF23A4240F09480102202FA0CFC17EA4D
:10AE10000C0F3FF4F1AE84E623F016031360536980
:10AE200023F080035361D9F840309BB3136823F0BB
:10AE3000080313603F230025012203FA01F1D9F82A
:10AE40005030A16089F8345089F83520002B7FF408
:10AE500070AF03B0BDE8F0831B6818037FF5B7AE91
:10AE6000D9F84830002B7FF4C3AEC5E613F48073E5
:10AE70007FF42CAF116821F010011160012289F8D4
:10AE8000343089F8352021E7D9F84430002B7FF49D
:10AE900020AF20E7D9F84830002BC7D1CAE700BF60
:10AEA0001000024028000240B8040240B5814E1B49
:10AEB00058000240400002404E4A4F4DAB4218BF7E
:10AEC000934205F114050CBF01220022AB4208BFDA
:10AED00042F001021435AB4208BF42F001021435C2
:10AEE000AB4208BF42F001021435AB4208BF42F04A
:10AEF00001021435AB4208BF42F0010212B93F4AC9
:10AF00009342A6D1D9F85C5004261A6805F01F05B3
:10AF1000AE400E4219D0570717D5100466604BD5C6
:10AF2000D1034FD4D9F84830002B7FF402AF90E71B
:10AF30001A68102202FA0CFC17EA0C0F3FF45CAE00
:10AF40001A6852077FF558AE34E60226AE400E422C
:10AF500011D097070FD56660140439D5D00343D4B8
:10AF6000D9F84430002B7FF4E4AE72E713689F07F2
:10AF70007FF5B1AE9BE60826AE400E423FF469AFC6
:10AF800011077FF566AF1A68002122F00E021A60E1
:10AF90000123D9F84C2003FA05F56560C9F854304F
:10AFA00089F8341089F83530002A3FF452AF48460A
:10AFB00003B0BDE8F0431047920603D41A6822F0AC
:10AFC00004021A60D9F84030002B7FF4B2AE40E79B
:10AFD00012F0200208D11968012421F00A01196039
:10AFE00089F8342089F83540D9F83C30002B7FF4BB
:10AFF000A0AE2EE7085402581C540258945402582C
:10B00000406D70472DE9F04F0D6883B0002D00F0C2
:10B01000D5800023DFF8688201229A4012EA050CED
:10B0200000F0C7804E6826F01009B9F1020F40F019
:10B03000C88003F007044FEAD30E4FF00F0A4FEA1F
:10B04000840900EB8E0E0AFA09FADEF8204024EAA1
:10B050000A0A0C6904FA09F406F0030944EA0A042E
:10B06000CEF820404FEA430E0324D0F800A009FA9E
:10B070000EF904FA0EF42AEA040AE44349EA0A093A
:10B08000C0F80090D0F808A0CF6804EA0A0A07FACE
:10B090000EF949EA0A09C0F80890C6F30019D0F879
:10B0A00004A009FA03F92AEA020249EA020242600C
:10B0B000C268F70004EA02048A6802FA0EF242EA61
:10B0C0000402C26075D5644C23F0030E03F003093B
:10B0D000D4F8F420C6444FEA890942F00202C4F8C9
:10B0E000F420D4F8F42002F002020192019A0F2217
:10B0F000DEF8084002FA09F224EA0202574CA042A4
:10B1000025D004F58064A0427BD0554CA0427ED06F
:10B11000544CA0426FD0544CA04200F08480534C59
:10B12000A04200F08680524CA04276D0514CA04202
:10B1300000F08580504CA04200F087804F4CA04228
:10B140000CBF09240A2404FA09F942EA0902CEF8DC
:10B1500008204FF0B0426FEA0C0EF403D2F88020C2
:10B160004FF0B04454BF0EEA02024CEA0202C4F8A7
:10B170008020B203D4F884404FF0B04254BF0EEAAE
:10B1800004044CEA0404F702C2F8844014684FF047
:10B19000B04254BF0EEA04044CEA04041460B40242
:10B1A00052684FF0B04454BF0EEA02024CEA020269
:10B1B0006260013335FA03F27FF42EAF03B0BDE8CD
:10B1C000F08F4FEA430E0324D0F800B006F0030AD4
:10B1D00004FA0EF409F1FF390AFA0EFA2BEA040B0D
:10B1E000B9F1010F6FEA04044AEA0B0AC0F800A0A3
:10B1F0003FF65EAF46E7032404FA09F942EA090282
:10B20000A5E7012404FA09F942EA09029FE70224AA
:10B2100004FA09F942EA090299E7062404FA09F94D
:10B2200042EA090293E7042404FA09F942EA09020E
:10B230008DE7052404FA09F942EA090287E70724A1
:10B2400004FA09F942EA090281E7082404FA09F933
:10B2500042EA09027BE700BF00440258000002589E
:10B2600000080258000C025800100258001402583E
:10B2700000180258001C02580020025800240258EE
:10B2800000040058002900F0A88000232DE9F04FA9
:10B29000DFF8689183B0DFF86881DFF868A1DFF834
:10B2A00068B14FF0010E0EFA03F212EA010C6FD0F2
:10B2B00023F0030503F003040F2640454D444FEAF5
:10B2C000C404AF6806FA04F607EA0607019721D01E
:10B2D000504566D0584567D0434FB8426ED0434F73
:10B2E000B84270D0424FB84263D0424FB84256D0B5
:10B2F000414FB84272D0DFF814E1704568D0DFF8F2
:10B3000010E1704514BF4FF00A0E4FF0090E0EFA0F
:10B3100004F400E00024019FA74219D1AC6824EA9C
:10B3200006064FF0B044AE60D4F8805025EA0C0514
:10B33000C4F88050D4F8845025EA0C05C4F8845031
:10B34000256825EA0C052560656825EA0C05656019
:10B3500003255C0003F007070F2605FA04F40568CF
:10B36000BF00254306FA07F70560DD0800EB8505F9
:10B370002E6A26EA07062E62856825EA040585609E
:10B38000456825EA02024260C26822EA0404C460F9
:10B39000013331FA03F284D103B0BDE8F08F4FF0EE
:10B3A000060E0EFA04F4B6E74FF0020E0EFA04F49D
:10B3B000B1E74FF0050E0EFA04F4ACE74FF0030EC0
:10B3C0000EFA04F4A7E74FF0040E0EFA04F4A2E715
:10B3D0004FF0080E0EFA04F49DE770474FF0070E89
:10B3E0000EFA04F497E700BF000C02580010025850
:10B3F0000014025800180258001C0258000400589B
:10B4000000000258000402580008025800200258A8
:10B41000002402580369194214BF0120002070471C
:10B4200002B90904816170472DE9F04F056885B0C4
:10B430000446284606F09CFD012802D005B0BDE870
:10B44000F08F206806F044FD0028F7D0206806F051
:10B450003FFD10F4001F206802D04FF40013436139
:10B4600006F036FD10F4801F206802D04FF48013E0
:10B47000436106F02DFD10F0806F206802D04FF080
:10B480008063436106F024FD10F0020F20682FD185
:10B4900006F01EFD870000F11381206806F018FDFC
:10B4A000C60100F1CF80206806F012FD000700F110
:10B4B000BE80206806F00CFD10F0007F20681AD1D5
:10B4C00006F006FDC306B9D52568AB6923F0100365
:10B4D000AB612E6AC6F34341C6F30A17022902D1B3
:10B4E000002F40F0C681AB6943F01003AB61A5E7C4
:10B4F00002234361CCE706F0A9FDD4F808E08046BA
:10B500002068BEF1000F00F0998005F5A0650026C7
:10B510004FF0280B4FF0020A4AE000F5A0694A01FB
:10B5200009EB4117BB685B075DD50423BB60FB6873
:10B5300043F00203FB60BB68980500F1FD80BB6827
:10B54000DB0740F1CF80236953B101EB81003B69F8
:10B5500004EBC000C3F3120C836CA3EB0C03C364B5
:10B560008B004FF0010C4FF0000E581804EBC00098
:10B57000C0F858E080F85DC0C7F808C090F83FE018
:10B580001EF0FD0F00F06481BEF1030F00F0408259
:10B590000B4404EBC30393F8502082F0010283F8BC
:10B5A0005020D4F808E0206801362035764545D291
:10B5B00006F00F0328FA03F3D907F5D52B68F1B28B
:10B5C0001A04AAD400F5A0624FEA411C02EB41170D
:10B5D000BB6813F004090DD00423BB60FB6843F083
:10B5E0000203FB60E0E7BB689B0640F1B3802023C9
:10B5F000BB60A0E7BB6813F0200300F0CA8001EB3A
:10B600008103202204EBC303BA6093F83D20012A92
:10B61000CAD183F83D9083F85CA0FB6843F0020335
:10B62000FB6006F017FDD4F808E02068BCE7204670
:10B63000FDF71CFD2068082343613BE74FF00073D2
:10B6400043613DE72668D6F840340293D6F840348B
:10B650000393039B23F02E030393029B980707D5C4
:10B66000029BD90700F16381039B43F0020303931C
:10B67000029B1A0718D5039B43F008030393029B10
:10B680005B0740F15C81A169022900F09A81E368BF
:10B69000012B03D14EF66022C6F804242046FDF7A4
:10B6A000F3FC2046FDF7E6FC2068029B9F0603D5CD
:10B6B000039B43F020030393039BC6F84034F3E657
:10B6C000D5F84034204623F02E03C5F84034FDF76A
:10B6D000D5FC0121206806F097FC20684FF000534C
:10B6E0004361DBE6BB68980740F18E80FB6801EBA5
:10B6F000810C23F0020304EBCC0CFB608B009CF864
:10B700005D00012800F0B280052800F0AF80062817
:10B7100000F0A381082800F0A081032800F0DC815C
:10B720009CF85C000246C7F808A02046FDF7AAFC7A
:10B73000D4F808E0206837E7FB68206843F002038C
:10B74000FB6006F087FC4FF400732068BB60D4F800
:10B7500008E029E7BB681B0700F1BB80BB685B05FD
:10B760007FF5E9AEFB68019243F002030091FB60B4
:10B7700006F070FC00991020019A01EB8103B8607B
:10B78000082004EBC30383F85D004FF48063BB60C3
:10B79000D1E6D7F8089019F0400F40F0B180BB68AF
:10B7A00013F4007340F02F81D7F8089019F0010FBF
:10B7B00040F03F81BB6813F0080340F06881D7F880
:10B7C000089019F0100F00F0C98001EB810204EB22
:10B7D000C2029365032382F85D3092F83D303BB995
:10B7E0000BFB014393F83C2012B9012283F83D2062
:10B7F000FB6843F00203FB6006F02CFC102320687A
:10B80000BB60D4F808E0CFE6BB6813F0800340F0DB
:10B81000E380BA68D20640F1D08001EB810004EBEE
:10B82000C00090F83F20032A00F04B8112F0FD0287
:10B83000E4D123698265002BE0D10BFB0143032295
:10B8400083F85D20FB68206843F00203FB60D3E7C8
:10B85000FA68206842F0020201930091FA6006F053
:10B86000F9FB1022DDE90013BA6091E68CF85C0068
:10B8700058E706F00F0606EB860804EBC808D8F870
:10B88000441000293FF42FAE284605F5A0653A463E
:10B8900006F09CFAD8F8443005EB46123B44116997
:10B8A000D8F84C20C8F8443073013A44C8F84C200A
:10B8B000BC4A0A405AB1EA5822F0804242F00042A3
:10B8C000EA5098F8503083F0010388F8503025682A
:10B8D00009E6FB684FF0050C019243F0020300916A
:10B8E000FB6001EB810304EBC30383F85DC010230D
:10B8F000BB600823BB6006F0ADFBDDE900121AE671
:10B9000001EB810204EBC2029365042382F85D30EF
:10B91000012382F83D30FB6843F00203FB6006F030
:10B9200099FB40232068BB60D4F808E03CE6B3698B
:10B93000204623F00053B361FDF79CFB94E62046BC
:10B94000FDF7A6FBD6F84034206823F02E03C6F896
:10B950004034836943F000538361A6E6BB681B064D
:10B9600000F1C880BB685B0500F1D780BB689B070E
:10B970007FF51AAEFB680BFB014023F00203FB606E
:10B9800090F85D30012B00F0E180032B00F0DB80AC
:10B99000042B00F0D880052B00F0FC80062B00F073
:10B9A000E480082B00F0E1800BFB01432046C7F840
:10B9B00008A093F85C20FDF765FBD4F808E0206848
:10B9C000F2E5029B206803F4C023B3F5802F18BF73
:10B9D000012106F019FB61E6FB6801EB810243F0EF
:10B9E000020304EBC202FB60936D013393650623EF
:10B9F00082F85D30206806F02DFB80232068BB6054
:10BA0000D4F808E0D0E5FB6843F00203FB6098E659
:10BA100052F80970019347F00057009142F80970FD
:10BA2000624680F85CC02046FDF72CFBDDE9001380
:10BA3000AEE5FA6801EB810942F0020204EBC909A4
:10BA4000C9F85830FA6006F005FB0123BB6089F89D
:10BA50005D30D4F808E02068A6E503EB010C04EBA8
:10BA6000CC0CDCF858000130032825D8CCF858005D
:10BA700002200B4404EBC30383F85C0052F8093046
:10BA800023F0804343F0004342F809304AE608239C
:10BA90000091BB60FB6843F00203FB6006F0DAFA3A
:10BAA0000099052201EB810104EBC10383F85D20BD
:10BAB000D4F808E0206877E50020CCF8580004208E
:10BAC000D7E7FA680BFB014042F002028365206869
:10BAD000FA6006F0BFFA91E60BFB0143022083F8FF
:10BAE0005CA052F8093023F0804343F0004342F851
:10BAF000093017E6FB68009143F00203FB6006F093
:10BB0000A9FA009906230BFB014181F85D308023DF
:10BB10002068BB60D4F808E046E5FB68009143F07C
:10BB20000203FB6006F096FA10230099BB604FF405
:10BB300080630BFB0141BB60082381F85D30D4F8C2
:10BB400008E0206830E580F85CA02DE780F85C30E4
:10BB500090F83F30023B012B3FF626AF90F8513072
:10BB600083F0010380F851301EE70BFB0140836D29
:10BB70000133032B11D8836502230BFB014080F8AE
:10BB80005C3052F80C3023F0804343F0004342F81D
:10BB90000C3009E780F85C3006E700238365042356
:10BBA000EBE700BF0000F81F90F8B832012B0CD073
:10BBB000012310B50446006884F8B83206F0AAFAEA
:10BBC0000023184684F8B83210BD0220704700BF29
:10BBD000F8B505460E461746701C2C682CD1A36993
:10BBE000990727D4A369DA06F9D5A3699A06FCD583
:10BBF00020231022E261E361A3699F0701D500239E
:10BC0000A362A369DE0703D4A36943F00103A36120
:10BC1000636800221B4820210340012063606B6C95
:10BC200085F8402043F004036B6485F8411085F8E3
:10BC30004220F8BD0020F8BDA3699B07FAD4A36990
:10BC4000D9061BD4FDF752FBC01BB04201D8002E11
:10BC5000C2D16B6C2021002201200B4385F84020CB
:10BC60006B6485F8411085F84220F8BDFDF73EFB76
:10BC7000C01B8642EDD3002EEBD02C68A3699B0637
:10BC8000F4D5B5E700E800FEF8B505460E461746C0
:10BC90002C68A3699B0649D4A369DA0626D5731CD0
:10BCA00038D1A3699E06FCD520231022E261E3610E
:10BCB000A369990701D50023A362A369DA0703D416
:10BCC000A36943F00103A36163680022184820219F
:10BCD0000340012063606B6C85F8402043F004034F
:10BCE0006B6485F8411085F84220F8BDFDF7FEFA37
:10BCF000C01BB04201D8002ECAD16B6C202100229B
:10BD000001200B4385F840206B6485F8411085F8CD
:10BD10004220F8BDA3699806C6D4FDF7E7FAC01B18
:10BD20008642EAD3002EE8D02C68B8E70020F8BDA0
:10BD300000E800FE00284ED010B590F841300446CF
:10BD400003F0FF02002B41D023682421626884F8AD
:10BD50004110196822F07062E06821F001010128A9
:10BD600019601A619A6822F400429A60A26829D088
:10BD700042F4044202289A6002D14FF400625A60F1
:10BD800058684FF0200C1549226901435960D96861
:10BD900021F40041D960D4E90501024342EA0122BD
:10BDA000D4E90710DA6000220143104619601968CF
:10BDB00041F001011960626484F841C0226384F893
:10BDC000422010BD42F400429A60D9E780F840203A
:10BDD000FAF73CFDB8E70120704700BF0080000281
:10BDE0002DE9F047984690F84130089E202B40F00E
:10BDF000878090F840300446012B00F081800123B9
:10BE00008946174680F84030FDF770FA054604E091
:10BE1000FDF76CFA401B192875D82368986910F44F
:10BE20000040F5D1212267626063C9F3090784F8F5
:10BE30004120102284F842206064A4F82A80628D98
:10BE400092B2FF2A6DD8628D494892B2D1B2228552
:10BE50005A6802403A4342EA014246491143596056
:10BE6000DFF81C814FF0FF0ADFF81891638D2A4636
:10BE7000314620469BB2002B30D0FFF7A9FE0028A8
:10BE800073D1606A216810F8012B238D8A62628D5C
:10BE9000013B6062013A9BB292B223856285628D5A
:10BEA00092B2002BE2D1002AE0D0701C43D18B6902
:10BEB0001A06FCD5638D9BB2FF2B48D94B682A46E6
:10BEC000A4F828A0204603EA08033B4343EA0903F9
:10BED0004B603146638D9BB2002BCED1FFF7D4FE71
:10BEE000002842D123682021234DD9615A682A4075
:10BEF0005A6084F8411084F8400084F8420000E061
:10BF00000220BDE8F087636C2021002201200B4352
:10BF100084F84020636484F8411084F84220BDE82E
:10BF2000F0875A6812490A4014493A431143FF22E4
:10BF30002285596094E78B691B06BBD4FDF7D6F9BF
:10BF4000401B8642DFD3002EDDD02168ADE7638D34
:10BF50009BB2DAB223854B6803EA080343EA024343
:10BF60003B4343F000734B6080E70120BDE8F0875E
:10BF7000009800FC0020008200E800FE0020FF8105
:10BF8000009C00FC0000FF012DE9F0471F4690F8DF
:10BF90004130202B40F08E8004460D46002900F0F1
:10BFA0008380B2FA82F916464FEA5919002A7BD0EB
:10BFB0005FFA83FA90F84030012B7BD0012380F8A0
:10BFC0004030FDF793F9212365628046256884F8A7
:10BFD000413084F842A0C4F8449066856B68C4F888
:10BFE000349023F400436B607B1C66D1AE69360746
:10BFF000FCD50823EB61E368022B06D0AE69F6039B
:10C0000028D4AE69F603F9D524E0AB691907FCD54D
:10C010000823EB617B1CF1D0AB69DD031AD4FDF77B
:10C0200065F9A0EB0800874253D3002F51D0256853
:10C03000F0E7424639462046FFF7CAFD00285BD1AB
:10C04000636A226813F8011B9162658D6362013D8A
:10C05000ADB26585638D9BB2002BEAD1424639466D
:10C060002046FFF711FE00284DD02268536843F4A4
:10C0700000435360636C042B54D10023636420237A
:10C08000D361781C41D193691904FCD45168002311
:10C09000202041F40041516084F84100184684F8A2
:10C0A000423084F8403003E04FF4007301206364B1
:10C0B000BDE8F0870220BDE8F087AB69180733D4EC
:10C0C000FDF714F9A0EB0800874202D30FB12568F1
:10C0D0008AE7636C202000212268034384F8401023
:10C0E000636484F84100012084F84210536843F4EB
:10C0F00000435360BDE8F08722680120536843F491
:10C1000000435360D4E72268B9E793691B04BDD5A7
:10C11000FDF7ECF8A0EB08008742DAD3002FD8D067
:10C120002268AEE70120C3E70823EB61E368022B36
:10C130007FF470AF08E0FDF7D9F8A0EB0800874264
:10C14000C7D3002FC5D02568AB691A07F3D55FE7C1
:10C150000268436B9169126803B11847704700BFCA
:10C1600090F84100704700BF90F84120202A23D169
:10C170005FFA82FC90F840200346012A1CD0026836
:10C18000242000B583F841004FF0000E106820F025
:10C1900001001060106820F48050106010680143A6
:10C1A00070461160116841F00101116083F841C0CF
:10C1B00083F840E05DF804FB0220704790F84120CE
:10C1C000202A22D1034600B55FFA82FE90F8402073
:10C1D000012A1CD0026824204FF0000C83F8410093
:10C1E000106820F001001060106820F4706040EAD0
:10C1F000012160461160116841F00101116083F86E
:10C2000041E083F840C05DF804FB02207047022043
:10C210005DF804FB2DE9F04F076889B00446384605
:10C2200005F0A6FE10B109B0BDE8F08F8246206887
:10C2300005F04EFE0028F6D0206805F049FE10F00B
:10C24000020F206803D0436903F00203436105F045
:10C250003FFE10F4002B206840F0508105F038FEBE
:10C2600010F4802F206840F0EB8005F031FE0028AC
:10C2700074DB206805F02CFE000564D4206805F00E
:10C2800027FE020114D52268536903F0006353614D
:10C2900094F8F433002B40F095810121204684F876
:10C2A000F413536DC3F38303C4F8F83300F024FC94
:10C2B000206805F00DFEC3047BD4206805F008FE5D
:10C2C00010F4005F20685DD105F002FE10F0100F41
:10C2D000206812D0836923F0100383613D6AC5F39F
:10C2E000434305F00F06022B00F03182062B00F0CD
:10C2F0007F81836943F01003836105F0E9FD07073F
:10C3000000F15781206805F0E3FDC60200F1468187
:10C31000206805F0DDFD850200F13581206805F01B
:10C32000D7FD400000F12681206805F0D1FD4107CE
:10C330007FF579AF23685D686A0700F129825A6842
:10C340002A435A606FE7D7F80838D90700F11C82F2
:10C350002068436903F40063436190E7D7F8043829
:10C3600023F00103C7F8043894F8F433012B00F0EC
:10C3700038812046FCF7FAFD2068436903F000434A
:10C38000436177E705F0F8FD206805F0DDFA2568E0
:10C39000E06001F0E5FC227B0146284605F038FA12
:10C3A0002046FCF7B9FD2068436903F4005343615C
:10C3B0008AE7D7F804381021206807F5006523F0D4
:10C3C00001036B6005F0A6FA6068B0B107F5106371
:10C3D0004FF67F3199600AF1010A1A6820338245CD
:10C3E00022F4001243F8202CC3F8E811D3F8E0211E
:10C3F00022F40012C3F8E021ECD1EB6943F0011301
:10C40000EB61236B002B40F0E1806A6942F22B0361
:10C4100013436B612B6943F00B032B61D7F8003892
:10C4200004F57172217C23F4FE632068C7F800389C
:10C4300005F0BEFD2068436903F4805343613DE786
:10C4400005F05EFD80462068B8F1000F00F0E58041
:10C45000264607F510694FF0000BCDE9037A09E095
:10C460005FEA58080BF1010B06F11C0609F12009DF
:10C4700000F0D58018F0010FF2D05FFA8BF7394643
:10C4800005F05AFDC30705461FD50BF00F030399AE
:10C4900001229A40D1F8343823EA0203C1F8343833
:10C4A0000123C9F808302369012B03D1D6E91123F0
:10C4B0001344B36439462046FCF720FD2369012B61
:10C4C00003D1BBF1000F00F0AC81280702D508238F
:10C4D000C9F80830E90602D51023C9F808306A0601
:10C4E00002D54023C9F80830AB0702D50223C9F8AA
:10C4F00008302D0600F1C6802068B1E705F0F2FC97
:10C5000005462068002D00F0868007F53066A146BC
:10C510004FF0000B049707E06D080BF1010B06F1DB
:10C52000200609F11C097DD0EB07F5D55FFA8BF1E8
:10C53000039105F0F3FC10F0010F8046039973D1CD
:10C5400018F0080F40F0F280206818F0100F01D0AA
:10C550001023B36018F0200F05D02169012900F0E5
:10C560005A812023B36018F4005FD5D04FF40053F4
:10C57000B360D1E72046FCF705FD2068436903F06E
:10C5800080434361D1E620465FFA8BF1FCF7F2FC71
:10C590002068436903F400134361C0E620465FFA54
:10C5A0008BF1FCF7EBFC2068436903F480134361D3
:10C5B000AFE62046FCF7ACFC2068436903F00803B3
:10C5C0004361A0E62046FCF7B9FC71E6D5F884305B
:10C5D00043F00B03C5F884306B6C43F00B036B64C2
:10C5E0001CE70021204684F8F41300F085FAC3E626
:10C5F000C6EBC606082204F57171384605F0E6FB65
:10C60000C5F30A1304EB86022068D2F814120B4417
:10C61000C2F814326DE6AB4620E6C34625E6DDE9F6
:10C62000037A22E6049F19E6206801232769B36094
:10C6300000F53063012FD0F840E003EB4B139A680C
:10C6400000F0C580984FBE4540F0BD80170440F112
:10C65000B6804FF4004218F0080F9A603FF475AFAF
:10C66000026C986890498A4200F0978020460392B5
:10C67000FCF734FC8D4B039A9A4200F29680082313
:10C68000B36061E7D6E91453D4F800A0AB4250463A
:10C690003FF6E6AE0AF51062716CCDF81CA002EB15
:10C6A0004B120592EA1A8A4228BF0A4605998969FF
:10C6B000033289B2B1EB920FC0F0A980CDF8189087
:10C6C000C146A046059C1AE0736C3A46B16C5046D0
:10C6D0009D4228BF1D4698F810300093ABB205F07C
:10C6E0005FFBB36CA1692B4489B2B364736D2B44B7
:10C6F0000335B1EB950F7365C0F08180356D9D42B8
:10C70000A5EB0305E0D84446C846DDF81890D4F8F8
:10C7100000A0079B0122504603F500610BF00F03B8
:10C720009A404B6B23EA02034B6399E62268216926
:10C7300002F53063126C012903EB4B13986891D119
:10C740005A498A4229D82046FCF7C8FB97E747F6A2
:10C75000F0731D423FF4CDADC6EBC606C5F30A1219
:10C76000384604EB86061546D6F8081205F02EFB6F
:10C77000D6F8083220682B44C6F80832D6F81432AE
:10C780002B44C6F81432B4E52046FCF7D7FBDFE5AE
:10C790002046FCF7FBFB2368D1E5020402D54FF4E9
:10C7A00000429A602046FCF799FB216901297FF439
:10C7B00066AF04F57172206805F0FAFB5FE790063A
:10C7C00001D520229A602046FCF78EFBB8E61707B9
:10C7D00032D536498E4504D9120402D54FF40042B1
:10C7E0009A6020460393FCF779FB04F571720121EE
:10C7F000206805F0DDFB0822039B9A60A0E6444612
:10C80000356DC846DDF81890D4F800A050469D421A
:10C810003FF626AE7DE704F5717205F0C9FB20688E
:10C820009FE6236D002B7FF450AE04F57172012159
:10C83000206805F0BDFB48E6970608D520229A60DF
:10C8400018F0080F3FF481AE026C986878E712F098
:10C85000280FF5D1154FBE4505D9120403D54FF465
:10C8600000429A60ECE71B692046D9F80422C3F322
:10C870001203D31AC9F81432D9F808321344C9F88C
:10C880000832FCF731FBBBF1000F7FF459AED4F84E
:10C890001032002B7FF454AE04F571720121206830
:10C8A00005F086FB4CE600BF0A31544F0A30544F66
:10C8B00090F8BC23012A0ED0012210B5044600686E
:10C8C00084F8381084F8BC2305F0F0FA00231846E9
:10C8D00084F8BC3310BD0220704700BF10B501F0D2
:10C8E0000F0E0906044627D44FF01C0C0CFB0E0C4F
:10C8F0000CF5FE71CEEBCE0C00EB8C0C00208CF80E
:10C90000FD018A604A7881F800E0CB700AB1A1F895
:10C9100006E0022B01D100230B7194F8BC33012BEC
:10C9200018D00123206884F8BC3305F01FF80023D9
:10C93000184684F8BC3310BD1C204FF0010C00FBDE
:10C940000E4000F13C01CEEBCE0004EB800080F8FD
:10C950003DC0D6E7022010BD10B501F00F041C2128
:10C96000C4EBC40C01FB040100EB8C0C01F5FE715F
:10C97000CCF810320023CCF808228CF8FC41CCF81B
:10C9800014328CF8FD3103690068012B08BFCCF824
:10C990000C22DAB21CB905F049F9002010BD05F0EF
:10C9A0002DF8002010BD00BF10B501F00F041C21B0
:10C9B000C4EBC40C01FB040100EB8C0C3C31CCF843
:10C9C00050300023CCF84820CCF8543001238CF8A8
:10C9D0003C408CF83D3003690068012B08BFCCF85F
:10C9E0004C20DAB21CB905F021F9002010BD05F089
:10C9F00005F8002010BD00BF38B5436801F00F05F1
:10CA00009D4234D80B0604461DD41C22C1EBC10341
:10CA100002FB010100EB8303002201F5FE7183F8A4
:10CA2000FD2101230D708B7094F8BC239A421CD019
:10CA3000206884F8BC3305F0D9F9D5B10023184635
:10CA400084F8BC3338BD1C21C5EBC503012201FBB2
:10CA5000050100EB83033C3183F83D2001230D7079
:10CA60008B7094F8BC239A42E2D1022038BD012099
:10CA700038BD04F57172217C206805F099FADDE774
:10CA8000426838B501F00F03934232D811F0800F9D
:10CA900004464FF01C01C3EBC30219D101FB034153
:10CAA000002004EB8202002501F5FE7182F8FD01F1
:10CAB0000B708D7094F8BC33012B18D001232068C3
:10CAC00084F8BC3305F0C6F9284684F8BC5338BD59
:10CAD00001FB0341012004EB820200253C3182F876
:10CAE0003D000B708D7094F8BC33012BE6D1022011
:10CAF00038BD012038BD00BF704700BF38B5114BAD
:10CB0000DA68520704D4DB6803F00703834214D1C8
:10CB10000C4CE36823F007031843E060FCF7E6FBE6
:10CB2000054605E0FCF7E2FB401BB0F57A7F06D82E
:10CB300063689B04F6D5002038BD012038BD032072
:10CB400038BD00BF00480258024AD36843F08073E2
:10CB5000D36070470048025870B44D6A15B1B2F105
:10CB6000406F3AD18B691BB30C6A002C4CD08E6895
:10CB70000068C661CE69002E69D02B43134323435E
:10CB8000CC6A334323430C6B23434C6B23430C6924
:10CB90002343CC6823430C6823434C69B2F1406FB4
:10CBA00043EA8443436165D04B6870BC836170473E
:10CBB0000B6ABBB100682B438C68CE69C461002E40
:10CBC0006BD01343CC6A334323430C6B23434C6B2E
:10CBD00023430C692343CC68DEE78B6A0468013B7E
:10CBE0002361BFE7CB69002B66D1002D42D0CB6A11
:10CBF0000C6B2B43006813434A6923434C6B23435C
:10CC000043EA8243436135E0CC6945EA030C002CDA
:10CC100032D003684CEA0200B2F1406F40EA0400EF
:10CC2000CC6A40EA04000C6B40EA04004C6B40EA1A
:10CC30000400CC6840EA04000C6840EA04004C6937
:10CC400040EA8440586115D04A689A6112E045EA8A
:10CC5000030C0D694CEA0203CA6A23431343D1E96A
:10CC60000C4223430C6813434A692B43234343EA92
:10CC70008243436170BC7047CC6A4CEA020300688F
:10CC80002343D1E90C4223430C6813434A692343ED
:10CC900043EA824370BC43617047CC6A1343234329
:10CCA000D1E90C4223431343D1E90442234343EA2D
:10CCB000824370BC436170472B43CD6A0C6B1343B6
:10CCC00000682B4323434C6B84E700BF70B50446D8
:10CCD000FCF70CFB002C54D094F84030012B52D0C0
:10CCE0000123064684F8403094F8413003F0FF02F7
:10CCF000002B34D0A56C2268A1681368013923F495
:10CD0000706343EA0123136001E06B1C31D1936827
:10CD100013F02003F9D1E069E16815680143206A46
:10CD20000143606841EA00611C4828400143606992
:10CD30001160A16955680143206941EA0041184822
:10CD400028400125014318465160116829431160AC
:10CD5000636484F84150002384F8403070BD20465D
:10CD600084F84020FAF7C8F941F288331D46A364DD
:10CD7000C1E7FCF7BBFA801BA84206D82DB1226898
:10CD8000C5E7012070BD022070BD0423012084F896
:10CD90004130636C03436364DDE700BF2FFFFF0096
:10CDA000FEF8E0FFC8B110B590F840300446012B02
:10CDB00011D00268012380F84030136823F001038A
:10CDC0001360FAF727FA00236364184684F84130A9
:10CDD00084F8403010BD022010BD0120704700BF14
:10CDE0002DE9F04104460E461546FCF77FFA94F80B
:10CDF0004030012B3AD0012384F8403094F8413080
:10CE0000012BDFB206D002270023384684F84030D9
:10CE1000BDE8F081002380466364022384F841303A
:10CE2000681C23680ED19A6812F02002FBD13146AB
:10CE30002046FFF791FE736AE3B10123002784F8CF
:10CE40004130E1E79A6812F020021ED0FCF74EFA5A
:10CE5000A0EB0800854201D3002DE1D1042384F822
:10CE60004130636C43F001036364CDE70227384629
:10CE7000BDE8F081226893689B07FCD5022101235D
:10CE80000027D16084F84130BEE731462046FFF7E5
:10CE900063FE736A43B1D0E7FCF728FAA0EB080001
:10CEA0008542DBD3002DD9D0226893689907F3D54A
:10CEB000E4E700BF2DE9F843044689461546FCF730
:10CEC00015FA94F840302768012B67D0012384F8C5
:10CED000403094F84130012B5FFA83F807D04FF0CF
:10CEE00002080023404684F84030BDE8F883002360
:10CEF0006364B9F1000F56D01223064684F841301E
:10CF00003B690133E3623B69C4F824900133A362B7
:10CF10007B6923F040637B61E36A002B31D06A1C9C
:10CF2000394611D18B685B07FCD5636A1B7887F89B
:10CF30002030E26A636A013A0133E262E26A6362C4
:10CF4000F2B16A1C2168EDD08B685807EDD4FCF76C
:10CF5000CDF9801B854201D3002DF2D1042384F842
:10CF60004130636C43F00103636413E0BB689B07CB
:10CF70000CD4FCF7BBF9801B8542EFD3002DEDD01C
:10CF80002768691CF2D1BB689A07FCD502234FF0D1
:10CF90000008FB60012384F84130A2E74FF002084B
:10CFA0004046BDE8F883636C43F00803636498E788
:10CFB0002DE9F843044615468946FCF797F927689A
:10CFC000BA6994F84030012B6CD0012384F84030CA
:10CFD00094F84130012B5FFA83F807D04FF0020834
:10CFE0000023404684F84030BDE8F88300236364A2
:10CFF000B9F1000F5BD02223064684F841303B692B
:10D000000133A3633B69C4F83090013363637B69E8
:10D0100023F0406343F080637B61BA61A36B002B14
:10D0200033D0681C394612D18B6813F0060FFBD041
:10D0300097F82020236B1A70A26B236B013A0133FF
:10D04000A263A26B2363FAB1681C2168ECD08B68E1
:10D0500013F0060FECD1FCF749F9801B854201D390
:10D06000002DF1D1042384F84130636C43F00103B7
:10D07000636413E0BB689B070CD4FCF737F9801B93
:10D080008542EFD3002DEDD02768691CF2D1BB6833
:10D090009A07FCD502234FF00008FB60012384F8B7
:10D0A00041309DE74FF002084046BDE8F883636CCD
:10D0B00043F00803636493E72DE9F84F04461F46E5
:10D0C00089469046FCF712F994F84030012B52D073
:10D0D000012384F8403094F84130012B5FFA83FB40
:10D0E00007D04FF0020B0023584684F84030BDE8CB
:10D0F000F88F002382466364422384F841307A1C0F
:10D1000026682CD1B568AB06FCD4D8F80030494667
:10D110002046B362D8F804307362D8F80830F3625E
:10D120003268D8F8103022F440021343D8F80C20AB
:10D1300043F480033360C9F828204FF00062FFF702
:10D140000BFD781C22681BD193681907FCD50821B8
:10D1500001234FF0000BD16084F84130C3E7B3687E
:10D160009D06D2D5FCF7C2F8A0EB0A00874212D385
:10D17000002FC4D10FE04FF0020B5846BDE8F88FE6
:10D1800093681B07E3D4FCF7B1F8A0EB0A008742D1
:10D1900001D3002FD5D1042384F84130636C43F0D0
:10D1A000010363649FE700BF2DE9F04704460F4683
:10D1B0001646FCF79BF894F84030012B45D001232C
:10D1C00084F8403094F84130012B5FFA83F907D09E
:10D1D0004FF002090023484684F84030BDE8F0874C
:10D1E00000238046D4F848A06364822384F8413049
:10D1F000BAF1FF3F256814D1AB689A06FCD42B68BE
:10D20000726823F00803082A43EA02032B6021D046
:10D210004FF04062394620464FF00009FFF79CFC72
:10D22000D8E7AB689B06EAD5FCF760F8A0EB0800EE
:10D23000824502D3BAF1000FDAD1042384F84130D9
:10D24000636C43F001036364C4E74FF0020948468E
:10D25000BDE8F087326810232A63EB602B6843F443
:10D2600080132B60D4E700BF704700BF08B5006C87
:10D2700000238363C36290F84130082B0BD103680D
:10D280000222DA601A6842F400321A601A6842F028
:10D2900002021A6008BD012380F84130FFF7E4FF65
:10D2A00008BD00BF704700BF704700BF704700BF98
:10D2B000704700BF704700BF704700BF704700BF96
:10D2C00038B5036804469A68196855070ED54803AF
:10D2D0000CD594F84120122A75D094F84120222AC6
:10D2E00000F0A1802046FFF7E5FF38BD950726D561
:10D2F000880324D50222DA601A6822F4E0221A6038
:10D3000094F84120122A7AD094F84120222A00F081
:10D31000A98094F84120022A00F0D08094F841209E
:10D32000082AE2D15A690121204622F040625A615E
:10D3300084F84110636C3BBBFFF7B4FF38BD1507A1
:10D3400025D4D50735D5C80333D50125DD601A6846
:10D3500022F470221A60626C42F0020262641A685F
:10D36000520779D51A68E06B22F004021A60574B15
:10D37000836506F0F5FC0028B7D0636C204643F0C7
:10D380000403636484F84150FFF76EFF38BD08035F
:10D39000D7D50822DA601A68520206D51A68012128
:10D3A00022F410221A6084F841102046FFF784FF0F
:10D3B00038BDD00699D5CA0297D510222046DA602A
:10D3C000FFF77CFF38BD9A6850078BD518460EE0F2
:10D3D000626A127883F82020E16A20680139626A63
:10D3E000E1620132816862624D077FF57BAFE26ADC
:10D3F000002AEDD1036823F48023036072E71A68E2
:10D40000510709D51A68E16B22F0040209681A6015
:10D41000CB6823F00103CB600123204684F8413020
:10D42000FFF746FF38BD9A6852077FF55BAF184695
:10D430000EE093F82010226B1170A16B2068013967
:10D44000226BA16301328168226349077FF54AAFED
:10D45000A26B002AEDD1CDE7204684F84150FFF7BA
:10D4600003FF38BD1A6852071DD49A6812F47C5F16
:10D470000FD111E093F82010226B1170A16B20687E
:10D480000139226BA16301328168226311F47C5F50
:10D4900002D0A26B002AEDD10123204684F841304E
:10D4A000FFF704FF38BD1A68E16B22F00402096837
:10D4B0001A60CB6823F00103CB60EDE7012320461F
:10D4C00084F84130FFF7F0FE38BD00BF6DD2000890
:10D4D000002800F0DE81F8B503680446D80730D58F
:10D4E0009F490A69896A02F03802102A00F0008117
:10D4F000182A00F0F8806368B3F5803F00F02081BF
:10D50000002B00F05E81B3F5A02F954B1A6800F058
:10D510002F8222F480321A601A6822F480221A6064
:10D52000FBF7E4FE8E4E41F28837054605E0FBF737
:10D53000DDFE401BB84200F2428133689A03F6D503
:10D5400023689D0700F18580D9062FD5844A136989
:10D55000926A03F03803082B00F0DA80182B00F0F1
:10D56000D280E3697E4D002B00F065812B6843F08B
:10D5700080032B60FBF7BAFE064605E0FBF7B6FE1C
:10D58000801B022800F21B812B68DB05F6D5FBF718
:10D59000C5FE41F20303984200F20B826B68226AD7
:10D5A00023F0F84343EA82636B6023681D0716D5B6
:10D5B00063696B4D002B00F01C816B6F43F001031E
:10D5C0006B67FBF793FE064605E0FBF78FFE801BBB
:10D5D000022800F2F4806B6F9807F6D523689A064C
:10D5E00016D5A3695E4D002B00F014812B6843F41F
:10D5F00080532B60FBF77AFE064605E0FBF776FECC
:10D60000801B022800F2DB802B689F04F6D523687C
:10D61000590700F19B80636ACBB1514D2A6902F032
:10D620003802182A6DD0022B2B6823F080732B60F0
:10D6300000F03981FBF75AFE044605E0FBF756FE81
:10D64000001B022800F2BB802B689B01F6D400204F
:10D65000F8BD434A1369926A13F0380329D1404B4D
:10D66000E2681B68590701D5002A4AD03C4D2B6857
:10D6700023F0190313432B60FBF738FE064605E041
:10D68000FBF734FE801B022800F299802B685B07B1
:10D69000F6D5FBF743FE41F20303226998426B681B
:10D6A00000F2F08023F47C3343EA02336B6023689A
:10D6B0004AE7182B00F0E280294DE2682B68002A27
:10D6C00000F0CB8023F0190313432B60FBF70EFE11
:10D6D000064604E0FBF70AFE801B02286FD82B6881
:10D6E0005F07F7D5D5E701F0030102297FF403AF07
:10D6F0001B4A126891037FF524AF6268002A7FF409
:10D7000020AF0120F8BD02F00302012A7FF429AF07
:10D71000134B1B68DA0502D5E369802BF1D1FBF7C7
:10D72000FDFD41F203030E4A9842216A00F2B380E4
:10D73000536823F0F84343EA81635360236835E775
:10D74000074A136843F480331360E9E6054D2B68FC
:10D7500043F480732B60FBF7C9FD064609E000BF68
:10D760000044025800480258FBF7C0FD801B6428A3
:10D7700025D82B68DA05F7D5A368012B00F02281A4
:10D78000002B00F0FD80052B954B1A6F00F02081D7
:10D7900022F001021A671A6F22F004021A67FBF7DF
:10D7A000A5FD8F4E41F28837054604E0FBF79EFD4C
:10D7B000401BB84203D8336F9B07F7D52BE70320F4
:10D7C000F8BD874D41F288372B6823F480332B60F6
:10D7D0002B6823F480232B60FBF788FD064604E0CA
:10D7E000FBF784FD801BB842E9D82B689B03F7D474
:10D7F000A6E66B6F23F001036B67FBF777FD064628
:10D8000004E0FBF773FD801B0228D8D86B6F9907E3
:10D81000F7D4E3E62B6823F480532B60FBF766FD17
:10D82000064604E0FBF762FD801B0228C7D82B6880
:10D830009804F7D4EBE62B6823F080032B60FBF70A
:10D8400055FD064604E0FBF751FD801B0228B6D8C3
:10D850002B68DF05F7D42368A8E623F001032B60CB
:10D86000FBF744FD064604E0FBF740FD801B022861
:10D87000A5D82B685807F7D4236865E690077FF48E
:10D880001BAFECE623F0FE4343EA02636B602368C0
:10D890005AE601207047D36823F07C5343EA0163C2
:10D8A000D360236882E6FBF721FD064604E0FBF720
:10D8B0001DFD801B022882D82B689901F7D4A96A24
:10D8C000484BA26A0B404849454E1343E26A43EA7B
:10D8D0000213AB62D4E90D32013B013A5B02120440
:10D8E0009BB202F4FE021343226B013AC2F3080218
:10D8F0001343E26B013A120602F0FE4213432B631C
:10D90000EB6A23F00103EB626A6BA36C114041EAFE
:10D91000C3016963EB6A226C23F00C031343EB62CF
:10D92000EB6A626C23F002031343EB62EB6A43F48D
:10D930008033EB62EB6A43F40033EB62EB6A43F44F
:10D940008023EB62EB6A43F00103EB622B6843F048
:10D9500080732B60FBF7CAFC044605E0FBF7C6FCAE
:10D96000001B02283FF62BAF33689A01F6D56EE60E
:10D9700042F480221A601A6842F480321A60CFE5BD
:10D98000174D41F288372B6F23F001032B672B6F64
:10D9900023F004032B67FBF7A9FC064605E0FBF721
:10D9A000A5FC801BB8423FF60AAF2B6F9807F6D450
:10D9B00031E6EB68226A23F07C5343EA0263EB60B2
:10D9C0002368F3E5064A136F43F001031367E6E6A5
:10D9D00042F004021A671A6F42F001021A67DEE68B
:10D9E000004402580CFCFFFF0700FFFF474A136981
:10D9F00003F03803102B04D0182B0DD01BB1444872
:10DA0000704744487047136899064AD513684248DE
:10DA1000C3F3C103D8407047936A30B4946AD56A9F
:10DA200014F47C7F516BC4F3051038D0C1F3CC01E2
:10DA300005F0010503F0030305FB01F1012B07EEDF
:10DA4000901AB8EEE77A02D0022B2CD093B307EEEF
:10DA5000900A9FED325AF8EEE77A136BC5EE276A0B
:10DA6000DFED2F5AC3F3080307EE903AB7EE006AD2
:10DA7000F8EEE77AE7EE257A77EE867A66EEA76A21
:10DA8000224B1B6BC3F34623013307EE903AB8EEEB
:10DA9000E77AC6EE877AFCEEE77A17EE900A30BC9A
:10DAA00070471D48704707EE900A9FED1E5AF8EE2A
:10DAB000E77AD2E713689B0620D5146807EE900A30
:10DAC0001549F7EE005A136BC4F3C104F8EEE77A78
:10DAD0009FED135AC3F30803E14006EE903A06EEB9
:10DAE000101AF8EEE66AB8EEC66AE7EE056A86EE48
:10DAF000277A76EEA56A66EE876AC1E707EE900A96
:10DB00009FED095AF8EEE77AA7E700BF00440258F4
:10DB100000093D000024F4000090D0030024744A62
:10DB2000000000390024744B0024744C002800F0DD
:10DB30000281874A136803F00F038B422DE9F041FD
:10DB400004460D460CD2136823F00F030B431360F9
:10DB5000136803F00F038B4202D00120BDE8F0816F
:10DB600023685F070BD57B4920698A6902F0700240
:10DB7000904204D98A6922F0700202438A611E072A
:10DB80000BD574496069CA6902F07002904204D9E9
:10DB9000CA6922F070020243CA61D8060BD56D49EA
:10DBA000A069CA6902F4E062904204D9CA6922F409
:10DBB000E0620243CA6199060BD56649E0690A6AC8
:10DBC00002F07002904204D90A6A22F07002024305
:10DBD0000A629A0740F1A1805E48E168826902F01A
:10DBE0000F02914204D9826922F00F020A43826136
:10DBF000D80730D5574AA168936923F470630B4363
:10DC0000936161681368022900F09780032900F08E
:10DC10008E80012900F0978058079ED54D4E41F225
:10DC20008838336923F007030B433361FBF75EFB4E
:10DC3000074605E0FBF75AFBC01B404500F2818018
:10DC40003369626803F03803B3EBC20FF2D1236883
:10DC5000990706D5E1683F48826902F00F028A42BF
:10DC60005FD83B490A6802F00F02AA420AD90A6843
:10DC700022F00F022A430A600A6802F00F02AA4249
:10DC80007FF46BAF5A070BD5324920698A6902F0DD
:10DC90007002904204D28A6922F0700202438A61C3
:10DCA0001F070BD52B496069CA6902F070029042C8
:10DCB00004D2CA6922F070020243CA61DE060BD5A3
:10DCC0002449A069CA6902F4E062904204D2CA6998
:10DCD00022F4E0620243CA619D060BD51D4AE16948
:10DCE000136A03F07003994204D2136A23F070039D
:10DCF0000B431362FFF77AFE164A034616489269F1
:10DD00001649C2F30322825C0E2002F01F02D340A8
:10DD1000BDE8F0410B60FBF787BADA073FF56AAF61
:10DD20009FE7826922F00F021143816199E79F0109
:10DD30003FF574AF11E7012070479B033FF56EAFCD
:10DD40000BE703200AE7DE053FF568AF05E700BFF4
:10DD500000200052004402589C7801084802002428
:10DD600008B501F095F9064B06499B69064A03F090
:10DD70000F03CB5C03F01F03D840106008BD00BF49
:10DD8000004402589C7801084C02002410B501F0B0
:10DD90007FF90949094A8B69094C03F00F03D35CE9
:10DDA00003F01F03D8402060CB69C3F30213D35C98
:10DDB00003F01F03D84010BD004402589C780108AE
:10DDC0004C02002410B501F063F90949094A8B6936
:10DDD000094C03F00F03D35C03F01F03D84020600D
:10DDE000CB69C3F30223D35C03F01F03D84010BDFB
:10DDF000004402589C7801084C020024F8B53A4CC3
:10DE0000A36A03F00303032B67D0236806460F467B
:10DE100023F080632360FBF769FA054604E0FBF713
:10DE200065FA431B022B56D823681A01F7D4A36A5C
:10DE3000326823F47C3343EA0233A362D6E9023228
:10DE4000013B013A5B0212049BB202F4FE0213434F
:10DE50007268013AC2F3080213433269013A1206AA
:10DE600002F0FE421343A363E36A726923F0C00326
:10DE70001343E362E26AB36922F020021A431B4BA8
:10DE8000E262E26A22F01002E262E16BF2690B40A8
:10DE900043EAC203E363E36A43F01003E362E36A25
:10DEA000EFB1012F0CBF43F4801343F40013E3627E
:10DEB0000D4C236843F080632360FBF717FA054697
:10DEC00004E0FBF713FA401B022804D823681B0167
:10DED000F7D50020F8BD0320F8BD0120F8BD43F4BC
:10DEE0000023E362E4E700BF004402580700FFFF9D
:10DEF000F8B53A4CA36A03F00303032B67D02368F9
:10DF000006460F4623F080532360FBF7EFF90546E2
:10DF100004E0FBF7EBF9431B022B56D823689A0069
:10DF2000F7D4A36A326823F07C7343EA0253A362F6
:10DF3000D6E90232013B013A5B0212049BB202F4C1
:10DF4000FE0213437268013AC2F3080213433269B6
:10DF5000013A120602F0FE4213432364E36A726937
:10DF600023F440631343E362E26AB36922F400726C
:10DF70001A431B4BE262E26A22F48072E262616C35
:10DF8000F2690B4043EAC2036364E36A43F48073BB
:10DF9000E362E36AEFB1012F0CBF43F4000343F0E7
:10DFA0008073E3620D4C236843F080532360FBF7DA
:10DFB0009DF9054604E0FBF799F9401B022804D8B7
:10DFC00023689B00F7D50020F8BD0320F8BD012091
:10DFD000F8BD43F48003E362E4E700BF0044025865
:10DFE0000700FFFF2DE9F8430368044613F00066BD
:10DFF00022D0426EB2F5001F00F0CE8411D8002A64
:10E0000000F0F884B2F5801F40F0F1840221043062
:10E01000FFF7F4FE0646002E40F08684626E236809
:10E0200003E0B2F5401F40F0E284A8480026016DED
:10E0300021F440110A430265DD050AD5626D042A08
:10E0400006D8DFE812F0A20493049A04DF02DF028C
:10E050000126354698051BD5A26D802A00F05B8409
:10E0600000F2EC80002A00F08B83402A40F0ED8023
:10E070000021201DFFF7C2FE23680546002D40F059
:10E0800067839249A06D0A6D22F4E07202430A652B
:10E0900059051FD5D4F8A420B2F5800F00F04784AD
:10E0A00000F2D680002A00F07183B2F5001F40F024
:10E0B000D7800021201DFFF7A1FE23680546002D13
:10E0C00040F044838149D4F8A4008A6D22F46002B0
:10E0D00002438A651A051FD5D4F8A820B2F1007F43
:10E0E00000F02E8400F2BF80002A00F05583B2F1C8
:10E0F000807F40F0C0800021201DFFF77FFE236855
:10E100000546002D40F02A837049D4F8A8008A6D96
:10E1100022F0E06202438A659F0118D5A26C202A92
:10E1200000F0DA8300F2AA803AB1102A40F0A98008
:10E130006649CA6A42F40032CA62002D40F059832F
:10E140006249A06CCA6C22F030020243CA64D8044F
:10E150001DD5E26DB2F5005F00F0FB8300F2948004
:10E16000002A00F01F83B2F5805F40F09580002107
:10E17000201DFFF743FE23680546002D40F0EC828A
:10E180005249E06D0A6D22F4E04202430A659904A7
:10E190001AD5226EB2F5003F00F074837FD84AB1E1
:10E1A000B2F5803F40F083800121201DFFF726FE5D
:10E1B00023680546002D40F01E834449206E0A6DF9
:10E1C00022F4E02202430A655A041BD5D4F8AC209D
:10E1D000B2F1005F00F060836CD842B1B2F1805FB1
:10E1E00070D10121201DFFF709FE23680546002D8F
:10E1F00040F003833549D4F8AC008A6D22F0E04248
:10E2000002438A651F040DD5E26EB2F1805F00F013
:10E210003183B2F1005F00F00182002A00F0048235
:10E2200001263546D8015DD5626C032A00F20A84C6
:10E23000DFE812F0540017034E005400C02A3FF4E8
:10E240001DAFB2F5807F3FF419AF012635461FE7B9
:10E25000B2F5C00F3FF433AFB2F5000F3FF42FAF6C
:10E260000126354636E7B2F1407F3FF44AAFB2F1BE
:10E27000806F3FF446AF012635464DE7302A3FF424
:10E280005CAF0126354662E7B2F5405F3FF475AFFB
:10E29000B2F5804F3FF471AF0126354677E722F49F
:10E2A0008031B1F5802F85D0B2F5403F82D0012674
:10E2B000354689E722F08051B1F1804F97D0B2F115
:10E2C000405F94D0012635469CE700BF00440258C9
:10E2D0000221201DFFF792FD23680546002D00F066
:10E2E0006B822E46590200F1F081DF072FD5A26F15
:10E2F000282A2AD8DFE812F0D301290029002900B2
:10E3000029002900290029006D032900290029007E
:10E310002900290029002900CC0129002900290011
:10E320002900290029002900D301290029002900FA
:10E330002900290029002900D301290029002900EA
:10E340002900290029002900D30101263546980714
:10E3500016D5626F052A00F27883DFE812F00D000F
:10E36000300306000D000D000D00012104F1240012
:10E37000FFF7BEFD23680546002D00F025822E46DE
:10E38000590717D5D4F89020052A00F26183DFE8F9
:10E3900012F00D000C0306000D000D000D00012110
:10E3A00004F12400FFF7A4FD23680546002D00F0CA
:10E3B00013822E469A061DD5D4F88C20B2F1005F48
:10E3C00000F0458200F2DC804AB1B2F1805F40F09B
:10E3D000E1800021201DFFF711FD23680546002D77
:10E3E00040F00582A949D4F88C004A6D22F0E04241
:10E3F00002434A655F061DD5D4F89820B2F5006F38
:10E4000000F0548200F2C9804AB1B2F5806F40F04A
:10E41000CE800021201DFFF7F1FC23680546002D6A
:10E4200040F0C8819949D4F898008A6D22F4E052EE
:10E4300002438A6518061DD5D4F89C20B2F5804F9A
:10E4400000F03F8200F2B6804AB1B2F5005F40F0C2
:10E45000BB800021201DFFF7D1FC23680546002D5D
:10E4600040F0A6818949D4F89C008A6D22F460426C
:10E4700002438A6519070BD5D4F88010B1F5805F87
:10E4800000F03E828148426D22F440520A434265C8
:10E49000DA060BD5D4F89410B1F5807F00F0258210
:10E4A0007A48826D22F440720A4382651F030ED5BA
:10E4B000D4F8A010B1F5803F00F0D480B1F5003F52
:10E4C00000F0D780002900F0BA81012635465803B4
:10E4D0000FD5D4F88420B2F5001F00F0B080B2F55B
:10E4E000401F00F0B380B2F5801F00F0A08101262C
:10E4F0003546D90309D5E26C002A00F08681B2F5D1
:10E50000803F00F02D81012635469A0000F1D2802F
:10E510009F035CD4301E18BF0120DE0206D55B4984
:10E52000256F0A6D22F000422A430A65DD0007D5F7
:10E530005649D4F8B4500A6922F480422A430A6149
:10E54000990206D55149A56E0A6D22F080722A43C0
:10E550000A655A0009D54D4A116921F4004111613B
:10E560001169D4F8B85029431161002B06DA474AE3
:10E57000216DD36C23F040530B43D364BDE8F88383
:10E5800022F08051B1F1804F3FF429AFB2F1405FEA
:10E590003FF425AF012635462CE722F48061B1F522
:10E5A000805F3FF43CAFB2F5406F3FF438AF0126D7
:10E5B00035463FE722F40051B1F5004F3FF44FAF2D
:10E5C000B2F5C04F3FF44BAF0126354652E7E26F3C
:10E5D000B2F5807F00F0228106D922F48071B1F576
:10E5E000007F03D0012098E7002AFBD1002DF9D14C
:10E5F000264D301E696D18BF012021F440710A4379
:10E600006A658AE73546002D40F0A4801F49606D99
:10E610000A6D22F0070202430A651BE50121201D55
:10E62000FFF7ECFB23680546002D40F0DE8017491C
:10E63000E06E0A6D22F0405202430A65F2E50121C4
:10E6400004F12400FFF754FC23680546002D40F038
:10E65000DA800E49D4F884004A6D22F44012024355
:10E660004A6546E7022104F12400FFF741FC2368D4
:10E670000546002D40F0C5800449D4F8A0008A6DFD
:10E6800022F4403202438A6521E700BF0044025869
:10E69000012104F12400FFF72BFC23680546002D1F
:10E6A00040F0AD80AF49A06F4A6D22F038020243BE
:10E6B0004A654CE6022104F12400FFF719FC2368A7
:10E6C00000283FF425AF012622E7A74F3B6843F41B
:10E6D00080733B60FAF70AFE804606E0FAF706FE12
:10E6E000A0EB0800642800F27E813B68DA05F5D5CE
:10E6F000002D40F0A4819B4AD4F8B030116F5940EE
:10E7000011F4407F0BD0116F106F21F4407140F471
:10E7100080301067106F20F4803010671167B3F5F8
:10E72000807F00F06E8103F44072B2F5407F00F00C
:10E730007C818C490A6922F47C520A61894AC3F3BC
:10E740000B03116F0B4313672368CEE52E46C1E41C
:10E750002E469DE42E467DE42E4618E52E46DBE44B
:10E760000221201DFFF74AFB05462368002D53D1E7
:10E770007C49E06CCA6C22F480320243CA64C4E66D
:10E780007849CA6A42F40032CA6277E47549CA6AB3
:10E7900042F40032CA6292E47249CA6A42F4003218
:10E7A000CA62AEE46F49CA6A42F40032CA62E4E463
:10E7B0002E465FE62E463DE66A49606CCA6C22F042
:10E7C00003020243CA648DE56649606F4A6D22F018
:10E7D000070202434A65D3E56249D4F890008A6D86
:10E7E00022F0070202438A65E4E52E461AE52E462A
:10E7F00000E62E46ABE42E46E6E42E4602E52E4623
:10E80000A5E52E4663E62E4673E65649CA6A42F4EB
:10E810000032CA62002DABD02E4676E65148C16A5E
:10E8200041F40031C162002D7FF4DCAEE0E64D49D9
:10E83000CA6A42F40032CA62002DE4D109E7201D01
:10E84000FFF7DCFA05462368002DDAD114E7022130
:10E8500004F12400FFF74CFB05462368002DC6D1C8
:10E86000C0E54049CA6A42F40032CA62002D7FF412
:10E8700038ADA1E73B49CA6A42F40032CA62002DB2
:10E88000B3D1D4E6012104F12400FFF731FB0546A2
:10E890002368002DAFD190E4012104F12400FFF79B
:10E8A00027FB05462368002DA7D1A3E4022104F12C
:10E8B0002400FFF71DFB05462368002D7FF47AAF87
:10E8C000B0E5022104F12400FFF712FB054623689E
:10E8D000002D7FF46DAFC5E50221201DFFF78EFAF4
:10E8E00005462368002D84D12AE4022104F1240086
:10E8F000FFF7FEFA236800283FF4D8AD0126D5E5DE
:10E90000022104F12400FFF7F3FA236800283FF402
:10E91000BFAD0126BCE5002104F12400FFF7E8FAB1
:10E9200023680546FFF7AABB2368FFF785BB0021D4
:10E9300004F12400FFF7DCFA23680546FFF7BFBBAC
:10E94000002104F12400FFF7D3FA23680546FFF7FE
:10E95000D8BB002104F12400FFF7CAFA236805465A
:10E960000BE400BF00440258004802580021201D5B
:10E97000FFF744FA2368054645E6002104F1240028
:10E98000FFF7B6FA236805463DE633493546CA6ABD
:10E9900042F40032CA6236E602212430FFF7A8FAB8
:10E9A0000646002E3FF43AABBEE70121201DFFF7DB
:10E9B00025FA05462368002D7FF4FBAC0CE7012106
:10E9C000201DFFF71BFA05462368002D7FF4D7AC06
:10E9D000FAE60121201DFFF711FA05462368002DF4
:10E9E0007FF40DAF5EE60326236835467DE40126FD
:10E9F000FFF722BB1848C16A41F40031C162FFF73A
:10EA000014BBFAF773FCDFF85080074641F28839EF
:10EA100004E0FAF76BFCC01B4845E4D8D8F8703026
:10EA20009B07F6D5D4F8B0307DE60B480B4A016958
:10EA300002EA131221F47C510A4302617EE6236844
:10EA40002E4652E4012635464CE40126354697E42D
:10EA500001263546AEE400BF00440258CFFFFF0058
:10EA600008B5FFF77DF9054B054A1B6AC3F302138E
:10EA7000D35C03F01F03D84008BD00BF0044025818
:10EA80009C780108584B70B4996A9D6ADE6A15F447
:10EA90007C3FC5F30532DC6B5CD0C4F3CC0406F0DC
:10EAA000100601F0030106FB04F4012907EE904A69
:10EAB000B8EEE77A03D0022975D000294FD007EECF
:10EAC000902ADFED4A6AF8EEE77A9B6B86EEA76A3A
:10EAD0009FED475AC3F3080306EE903AF7EE005A4B
:10EAE000F8EEE66AE7EE056A76EEA56A66EE266A55
:10EAF0003D4AB7EE006A936BC3F3462307EE103A24
:10EB0000B8EEC77A70BC37EE067AC6EE877AFCEEAE
:10EB1000E77AC0ED007A936BC3F3064307EE103A31
:10EB2000B8EEC77A37EE067AC6EE877AFCEEE77A59
:10EB3000C0ED017A936BC3F3066307EE903AF8EEEB
:10EB4000E77A77EE867A86EEA77ABCEEC77A80ED12
:10EB5000027A704770BCC0E9002282607047196871
:10EB6000890627D51C6807EE902A2249F7EE005A3D
:10EB70009B6BC4F3C102F8EEE77A9FED1D5AC3F315
:10EB80000803D14006EE903A06EE101AF8EEE66A57
:10EB9000B8EEC66AE7EE056A86EE277A76EEA56AD3
:10EBA00066EE876AA4E707EE902ADFED136AF8EEB7
:10EBB000E77A8AE707EE902A9FED105A9B6BB7EE33
:10EBC000006AF8EEE77ADFED0A5AC3F30803C5EEF0
:10EBD000276A07EE903AF8EEE77AE7EE257A77EEC5
:10EBE000867A66EEA76A83E7004402580024744AD6
:10EBF000000000390090D0030024744B0024744CB2
:10EC0000584B70B4996A9D6ADE6A15F07C7FC5F333
:10EC100005525C6C5CD0C4F3CC0406F4807601F041
:10EC2000030106FB04F4012907EE904AB8EEE77AE7
:10EC300003D0022975D000294FD007EE902ADFEDCE
:10EC40004A6AF8EEE77A1B6C86EEA76A9FED475A90
:10EC5000C3F3080306EE903AF7EE005AF8EEE66AC0
:10EC6000E7EE056A76EEA56A66EE266A3D4AB7EEDD
:10EC7000006A136CC3F3462307EE103AB8EEC77A66
:10EC800070BC37EE067AC6EE877AFCEEE77AC0ED06
:10EC9000007A136CC3F3064307EE103AB8EEC77A56
:10ECA00037EE067AC6EE877AFCEEE77AC0ED017A97
:10ECB000136CC3F3066307EE903AF8EEE77A77EE4B
:10ECC000867A86EEA77ABCEEC77A80ED027A704724
:10ECD00070BCC0E90022826070471968890627D598
:10ECE0001C6807EE902A2249F7EE005A1B6CC4F309
:10ECF000C102F8EEE77A9FED1D5AC3F30803D14035
:10ED000006EE903A06EE101AF8EEE66AB8EEC66A1B
:10ED1000E7EE056A86EE277A76EEA56A66EE876AE2
:10ED2000A4E707EE902ADFED136AF8EEE77A8AE7A8
:10ED300007EE902A9FED105A1B6CB7EE006AF8EEB2
:10ED4000E77ADFED0A5AC3F30803C5EE276A07EE38
:10ED5000903AF8EEE77AE7EE257A77EE867A66EE75
:10ED6000A76A83E7004402580024744A000000396F
:10ED70000090D0030024744B0024744C584B70B4A2
:10ED8000996A9D6ADE6A15F47C7FC5F305125C6B97
:10ED90005CD0C4F3CC0406F0010601F0030106FBCD
:10EDA00004F4012907EE904AB8EEE77A03D002296D
:10EDB00075D000294FD007EE902ADFED4A6AF8EEB1
:10EDC000E77A1B6B86EEA76A9FED475AC3F30803E9
:10EDD00006EE903AF7EE005AF8EEE66AE7EE056ABC
:10EDE00076EEA56A66EE266A3D4AB7EE006A136BB8
:10EDF000C3F3462307EE103AB8EEC77A70BC37EE7D
:10EE0000067AC6EE877AFCEEE77AC0ED007A136BDD
:10EE1000C3F3064307EE103AB8EEC77A37EE067A28
:10EE2000C6EE877AFCEEE77AC0ED017A136BC3F386
:10EE3000066307EE903AF8EEE77A77EE867A86EE8A
:10EE4000A77ABCEEC77A80ED027A704770BCC0E941
:10EE50000022826070471968890627D51C6807EE72
:10EE6000902A2249F7EE005A1B6BC4F3C102F8EE58
:10EE7000E77A9FED1D5AC3F30803D14006EE903A9E
:10EE800006EE101AF8EEE66AB8EEC66AE7EE056A14
:10EE900086EE277A76EEA56A66EE876AA4E707EE25
:10EEA000902ADFED136AF8EEE77A8AE707EE902AF8
:10EEB0009FED105A1B6BB7EE006AF8EEE77ADFEDB4
:10EEC0000A5AC3F30803C5EE276A07EE903AF8EE34
:10EED000E77AE7EE257A77EE867A66EEA76A83E729
:10EEE000004402580024744A000000390090D00306
:10EEF0000024744B0024744CB0F5807F00B585B0BD
:10EF000048D0B0F5007F11D0B0F5806F00F082805E
:10EF1000B0F5006F52D0B0F5805F2CD0B0F5002F67
:10EF200000F09680002005B05DF804FB534A136D95
:10EF300003F4E073802B59D012D9C02B26D0B3F53F
:10EF4000807FEFD1D36C13F040535BD0B3F1805F7F
:10EF500000F08D80B3F1005F494818BF0020E2E760
:10EF6000002B3CD0402BDDD101A8FFF78BFD019891
:10EF700005B05DF804FB414A136D03F4E043B3F5BB
:10EF8000005F33D029D9B3F5405F58D13D4805B073
:10EF90005DF804FB394B1B6D03F00703042BC1D84C
:10EFA00001A252F823F000BFDFEF000869EF00086C
:10EFB000EDEF00088DEF0008FBEF00082F4A936D7E
:10EFC00003F0E063B3F1007F10D01DD9B3F1407FAF
:10EFD000DCD0B3F1806FB5D0A4E7002B34D101A809
:10EFE000FFF7CCFE029805B05DF804FB01A8FFF71F
:10EFF00007FE019805B05DF804FB204BDB6C13F0B5
:10F000004053A3D120488EE7002BE8D0B3F1807F96
:10F01000AAD087E7194A936D03F46003B3F5800F14
:10F02000E4D005D8002BDAD0B3F5001F9CD079E7E7
:10F03000B3F5C00FAAD0B3F5000F83D072E7B3F5D4
:10F04000804F3FF47FAF6DE7B3F5805F8CD069E709
:10F050000A4A936D03F44033B3F5803F09D0B3F50A
:10F06000003F3FF46FAF002B7FF45CAF7CE70748B5
:10F0700059E701A8FFF7C4FD039854E7004402587C
:10F080000024F4000080BB000090D00300093D0084
:10F0900008B5FEF7ABFC064B06499B69064AC3F36D
:10F0A0000323CB5C03F01F03D840106008BD00BFF2
:10F0B000004402589C78010848020024F8B5016811
:10F0C0000546AC4B99421FD0203399421CD003F522
:10F0D0007873994258D02033994255D003F578730C
:10F0E000994200F01E812033994200F01A8195F870
:10F0F0009130A14E03F0FF026BB9284685F89020AD
:10F10000F8F770F9296806E09C4E95F8913003F005
:10F11000FF02002BF1D09A4B9A4A1B68A2FB0323F3
:10F120000A681B0B22F480329B000A6023B30C6830
:10F13000013B14F48034F9D1022385F89130EB6857
:10F14000012B00F01081022B15BF03202320022782
:10F15000222715BF4FF0010C4FF0210C0022202276
:10F16000AB68013B042B00F24B81DFE813F0CF00CA
:10F170001000D6000F00D200D5F89430012043F0E3
:10F180004003C5F89430F8BD7F4EBEE73A464FF4D1
:10F1900000672B6A3260002B44D0764B994200F016
:10F1A0001E817A48081AB0FA80F04009002840F021
:10F1B0001681774B994200F00C812033994200F080
:10F1C0000881744B994200F0FE802033994200F090
:10F1D000FA80714B994200F00881704B994200F01F
:10F1E0000A81AB6900EB8000B3F5002F4FEA4003C2
:10F1F00000F0E280AA6A296AB2F1806F0CBF022295
:10F20000012201FB02F21202B3FBF2F3644AA2FBF9
:10F210000312D20802EB8201A3EB4103092B08BFC2
:10F2200001326A626B6833F002032B6D40F0968006
:10F23000012B14BF4FF400740024FAF76FF8696CC7
:10F24000B0F5005FD5E9003242EA0102A96C42EA5A
:10F250000102E96C42EA0102E96A42EA01026969D3
:10F2600042EA010272D3A96918680A43A96A0A43EB
:10F270004C490140196029690A4319680A43696ABF
:10F2800042EA015248493A4322431A605A68286BBD
:10F290001140EA690243686B5960024359680A43A6
:10F2A00042495A609A6811406A6E9960E96D98689F
:10F2B0000A43296E0A43696D01390A43A96D013970
:10F2C00042EA012202434FF220009A60D968AA6EF6
:10F2D0000140D960E96ED8680A43696F42EA014289
:10F2E000296F013942EA0122224902438B42DA6046
:10F2F00019D0294A934216D000230122C5F8943030
:10F30000184685F8903085F89120F8BD4FF4806755
:10F310003FE702464FF400673BE762464FF4006761
:10F3200037E7234EF1E6736C23F00103736495F81D
:10F330003830012BE0D1D5E90F23013A43EA02131B
:10F340007364736C43F001037364D5E7A9691868AB
:10F350000A43184901401960A96A8DE7012B08BFCB
:10F360004FF4007469E7132012274FF0110C10229C
:10F37000F6E600BF04580140005400580058014010
:10F38000480200241BECCB95005C0140245801404E
:10F39000045C0140046001400454005824540058A7
:10F3A000CDCCCCCC10C005F0F01FFFFF0080F8FFE3
:10F3B0000060014010C005F82A6A696D01FB02F285
:10F3C000B3FBF2F322E74FF40070FFF795FD2968D5
:10F3D000FFE64FF40070FFF78FFD2968F1E64FF468
:10F3E0008070FFF789FD2968E3E64FF48060FFF73E
:10F3F00083FD2968F1E64FF40060FFF77DFDF0E63C
:10F400000027C6E6022938B5044635D9C81E0128AA
:10F4100030D8002023676064E064E065A0664FF6A2
:10F42000FF706067606830F002000CBF01250025A6
:10F4300004294FF4003125650CBF01200D20216601
:10F440004FF48021A0656166032A13D8DFE802F03B
:10F45000474E54362368484A934205D002F1C052C1
:10F46000A2F58232934205D16368012B02D1636C0D
:10F47000002B2FD0012038BD002023676064E0649A
:10F48000A066606830F0020014BF012000202065F3
:10F490004FF48030E0654FF6FF70606713F00100B5
:10F4A000E8D14D1E012D29D860664FF4003020664A
:10F4B000032ADFD8DFE802F05546362CE0215B0155
:10F4C0008022A1646365E266F9F728FF94F838307A
:10F4D000012BBFD02046BDE83840FFF7EFBD8021AB
:10F4E0001B014022A1646365E266EDE780225B01B7
:10F4F000A2646365E266E7E7C021E0E720664FF4B7
:10F5000080206066032AB5D8DFE802F02B1C0C02CD
:10F510005B08E02080219A01A0645B01E166C4E9F8
:10F520001523D1E75B08C022802502294FEA83100A
:10F53000A2644FEA4313E5666065A365C4D108235E
:10F54000A366C1E75B08802202294FEA8310A26408
:10F550004FEA4313E266C4E91503B5D11023A3664D
:10F56000B2E75B08802040215A01A0641B01E166DC
:10F57000C4E91523A8E700BF045801402DE9F8436A
:10F580000F4604461546F9F7B1FE002F61D0B5FAD3
:10F5900085F84FEA5818002D5BD094F89130012B74
:10F5A0005FFA83F950D194F89030012B4CD0434648
:10F5B000C4F894800646D4F8800065F30F032268EF
:10F5C00084F89090394665F31F43A7671C32E367C0
:10F5D0002B46122584F891502E4DC0F850800564BA
:10F5E0002D4DC5632D4DC564FBF700F800283ED1B5
:10F5F000636C082B636831D005216122023B012B2B
:10F6000098BF1146226813690B431361136843F4D2
:10F610000033136006E0F9F769FE831BB3F57A7FC8
:10F620002AD82268556915F4E025F4D01368DB0365
:10F6300003D4136843F4803313600023994684F89D
:10F6400090304846BDE8F8834FF002094846BDE8CF
:10F65000F8834FF001094846BDE8F88323F0020221
:10F66000012A0BBF1521052171226122C6E74846F8
:10F6700084F89080BDE8F883D4F894304FF0030903
:10F6800084F8905043F040034846C4F89430BDE8F5
:10F69000F88300BFDDF7000875F700085DF8000883
:10F6A000F8B500294ED0B2FA82F513466D09002A4A
:10F6B00048D090F891200446012AD6B23FD190F864
:10F6C0009020012A3BD081670A462946222780F8EC
:10F6D000906063F30F01C0F8945063F31F41C1675A
:10F6E000D0F8840084F891701E4F216807641E4F83
:10F6F0001C310565C7631D4FC764FAF777FF20BB50
:10F7000023681A68D20303D41A6842F480321A605C
:10F71000626C082A62681CD005216120023A012A25
:10F7200098BF01461A6900200A4306461A611A6802
:10F7300042F400321A6084F890003046F8BD022688
:10F740003046F8BD01263046F8BD304684F890506A
:10F75000F8BD22F0020101290BBF152105217120FE
:10F760006120DBE74DF80008E9F700085DF80008C4
:10F77000704700BF08B5C369806BB3F5807F1BD0AD
:10F7800003684FF0000C416C1A680829A0F87EC08D
:10F7900022F400321A60426811D06FF0610C6FF0F1
:10F7A0000501023A012A98BF61461A694FF0010C1F
:10F7B0000A401A6180F891C0FFF7DAFF08BD22F015
:10F7C000020101290BBF6FF0710C6FF0610C6FF03B
:10F7D00015016FF00501E4E7704700BF806B08B5C5
:10F7E000FFF7FAFF08BD00BF08B5C369806BB3F52A
:10F7F000807F1BD003684FF0000C416C1A68082909
:10F8000022F400321A604268A0F87EC011D06FF076
:10F81000610C6FF00501023A012A98BF61461A692E
:10F820004FF0010C0A401A6180F891C0F7F7E0FE32
:10F8300008BD22F0020101290BBF6FF0710C6FF0BF
:10F84000610C6FF015016FF00501E4E7806B08B5FE
:10F85000F7F792FE08BD00BF704700BF10B5846B7C
:10F86000FBF7CEFB022823D0D4F89420216842F085
:10F870008002134B1348C4F894201B680A68A0FB4D
:10F88000030322F400321B0B0A600A689B0022F477
:10F8900080320A606BB10A68013BD203FAD40122BC
:10F8A0000023204684F89120A4F87E30FFF7D4FF8F
:10F8B00010BDD4F8943043F04003C4F89430EEE720
:10F8C000480200241BECCB9518B338B590F82C30C7
:10F8D00004460D4603F0FF02B3B12146022384F82B
:10F8E0002C3051F8040B01F0E7FE626829462068CD
:10F8F00001F020FF084A01210020136843F0004373
:10F90000136084F82C1038BD80F82D20F5F7D0FA5C
:10F91000E3E70120704700BF0040005270B590F847
:10F920002C300446022BD8B204D000F0FB06012E86
:10F9300001D0012070BD02230D46206884F82C30D0
:10F9400001F044FF2B68022B03D0002084F82C60C8
:10F9500070BD0523002084F82C3070BD38B590F8B8
:10F960002C300446022BD8B205D094F82C30012B51
:10F97000DDB201D0012038BD0223206884F82C308C
:10F9800001F038FF002084F82C5038BD2DE9F843F1
:10F990001E46D0F88030202B71D18946002947D0EF
:10F9A000B2FA82F714467F09002A41D090F87C30E1
:10F9B0000546012B63D00123C0F8887080F87C30A5
:10F9C0002123C0F88030F9F791FCAB688046A5F898
:10F9D0005440B3F5805FA5F8564060D0B5F8563076
:10F9E0009BB2002B59D02C68721C24D1E2691306FB
:10F9F000FCD5B9F1000F3DD019F8013BA362B5F871
:10FA00005630013B9BB2A5F85630B5F856309BB244
:10FA1000002BE9D1711C35D1E3695A06FCD50023CE
:10FA200020221846C5F8802085F87C30BDE8F88390
:10FA30000120BDE8F883E3691806DAD4F9F756FC2B
:10FA4000A0EB0800864201D3002ECCD12B682021E8
:10FA5000002403201A6822F4D0721A609A6822F0F7
:10FA600001029A60C5F8801085F87C40C5F88410C2
:10FA7000BDE8F88337F8023BC3F30803BEE7022072
:10FA8000BDE8F883E3695B06C9D4F9F72FFCA0EB66
:10FA900008008642DAD3002ED8D02C68BAE72B694A
:10FAA000002B9BD14F46994698E700BFF8B5D0F898
:10FAB0008070202F44D1002940D0B2FA82F6760916
:10FAC000002A3BD0044690F87C00012838D001255C
:10FAD0002123606FA4F856202165C4F88860A4F83B
:10FAE000542084F87C50C4F88030D8B1DFF854C07A
:10FAF00013462268C0F83CC0DFF84CC028320665C7
:10FB0000C0F840C0DFF844C0C0F84CC0FAF76EFD42
:10FB100040B11023284684F87C60C4F88830C4F8CB
:10FB20008070F8BD2368002240211046196284F8D5
:10FB30007C209A6842F080029A60F8BD0120F8BDEE
:10FB40000220F8BDFDFB00082DFC00087DFC00082C
:10FB5000F8B5D0F88470202F48D1002944D0B2FAEB
:10FB600082F67609002A3FD090F87C300446012BBB
:10FB70003CD001252223C0F888608165A0F85C2074
:10FB800080F87C50C0F88430806FE0B1DFF860C04E
:10FB900013460A462168C0F83CC0DFF858C024313B
:10FBA0000665C0F840C0DFF850C0C0F84CC0FAF796
:10FBB0001DFD40B11023284684F87C60C4F88830CD
:10FBC000C4F88070F8BD2368002084F87C001A68AF
:10FBD00042F480721A609A6842F001029A609A6850
:10FBE00042F040029A60F8BD0120F8BD0220F8BD45
:10FBF00039FC000871FC00087DFC000808B5C369E9
:10FC0000806BB3F5807F0CD003680022A0F85620EB
:10FC10009A6822F080029A601A6842F040021A60E4
:10FC200008BDF8F707FC08BD704700BF806B08B53A
:10FC3000FFF7FAFF08BD00BF08B5C369806BB3F5D5
:10FC4000807F12D0036800222021A0F85E201A686D
:10FC500022F480721A609A6822F001029A609A680F
:10FC600022F040029A60C0F88410F8F7E7FB08BD64
:10FC7000806B08B5F8F72CFC08BD00BF806B38B569
:10FC80000368D0F88040D0F884109A68150601D532
:10FC9000212C1DD09A68520601D5222908D0D0F80F
:10FCA000883043F01003C0F88830F8F759FC38BDAD
:10FCB00000240F4A2025A0F85E40196821F49071B5
:10FCC000196099680A409A60C0F88450C466E6E7F3
:10FCD00000222024A0F856201A6822F0C0021A60E0
:10FCE0009A6822F400029A60C0F88040D2E700BF10
:10FCF000FEFFFFEF0268D36970B51E071568044662
:10FD0000916800F084806C4805F4907C08405CEABF
:10FD100000061DD1D80202D54E0200F19D801806C2
:10FD200006D501F4000105F08000014340F08C800D
:10FD30005E0602D5680600F19B80190202D56A00B2
:10FD400000F1A380DB0102D5002DC0F2AA8070BDB6
:10FD5000DE0709D5EE0507D501261662D4F88860BE
:10FD600046F00106C4F888609E0760D5CE0709D525
:10FD700002261662D4F8886046F00406C4F888604B
:10FD80005E0758D41E070CD505F0200C5CEA000075
:10FD900007D008201062D4F8880040F00800C4F8AA
:10FDA0008800D4F888000028D1D09E0606D505F03A
:10FDB000200501F0805155EA01036BD1D4F8885039
:10FDC000936805F0080503F040031D436ED01168E9
:10FDD00020203A4B21F49071116091680B40002172
:10FDE0009360C4F884009368E1665D063CD593682F
:10FDF000A06F23F040039360002835D0304B03659B
:10FE0000FAF714FD0028A2D0A06F036D0CE09E0647
:10FE100080D505F0200C01F0805E5CEA0E063FF410
:10FE200079AFC36E002B92D0BDE8704018475E07D3
:10FE3000A8D5CE07A6D504261662D4F8886046F069
:10FE40000206C4F888609DE7236F002B3FF47FAF64
:10FE50002046BDE8704018474FF4801320461362D7
:10FE6000BDE8704001F068BB2046F8F779FB70BD33
:10FE700013682020002123F040031360C4F88000A1
:10FE800020462167F8F7D6FA70BD2046BDE87040DD
:10FE900001F056BBE36E002B90D0204698472268B5
:10FEA0008CE72046BDE8704001F048BB2046F8F7DB
:10FEB00057FBC4F8885070BD01000010FEFFFFEF33
:10FEC000C5FE000808B5806B0023A0F85E30A0F8DE
:10FED0005630F8F745FB08BDD0F88020D0F88400F4
:10FEE00010437047F0B58268044687B02368D0E9B4
:10FEF00004101D680A43616E0243E06902430A432D
:10FF0000A8492940A84D0A43E168AB421A605A68E3
:10FF100022F4405242EA0102A1695A6000F09D8039
:10FF2000226A9D681143A14A666A2A40114399607A
:10FF3000DA6A22F00F023243DA629D4A934224D0F9
:10FF40009C4A934255D09C4A934200F02F829B4A90
:10FF5000934200F09B829A4A934200F0E980994ACA
:10FF6000934200F09D82984A934200F0D885974AC8
:10FF7000934200F0D682012500234FF0011228465B
:10FF80002367C4E91A2307B0F0BD914B5B6D03F002
:10FF90003803282BEFD88F4AD55CB0F5004F33D00B
:10FFA000202D00F2D981202D00F2B680DFE815F077
:10FFB000A8017B01B400B4007201B400B400B40025
:10FFC0004901B400B400B400B400B400B400B400FB
:10FFD0001C01B400B400B400B400B400B400B40018
:10FFE000B400B400B400B400B400B400B400B40071
:10FFF000CA00774B5B6D03F00703052BBBD8764A2D
:020000040801F1
:10000000B0F5004FD55CCBD1202D00F21482202D0D
:1000100000F20082DFE815F08A035804FE01FE01B9
:100020002804FE01FE01FE018604FE01FE01FE0120
:10003000FE01FE01FE01FE01F203FE01FE01FE01D2
:10004000FE01FE01FE01FE01FE01FE01FE01FE01B8
:10005000FE01FE01FE01FE01B7039868534A02400B
:100060005B480A439A60DA6A616A22F00F020A4327
:10007000DA62836D03F00703052B3FF67CAF574A26
:10008000D65C202E00F29C81012E7FF674AFB31E49
:100090001E2B3FF670AF01A252F823F05306010861
:1000A00077FF0008FD05010877FF000877FF0008CB
:1000B00077FF0008C706010877FF000877FF0008F0
:1000C00077FF000877FF000877FF000877FF000838
:1000D00077FF00086706010877FF000877FF000830
:1000E00077FF000877FF000877FF000877FF000818
:1000F00077FF000877FF000877FF000877FF000808
:1001000077FF000877FF000877FF000877FF0008F7
:1001100077FF0008DD06010801250023A3F1100187
:100120004FF6EF7291423FF626AF2268D36023E785
:10013000274B5B6D03F00703052B3FF61CAF284AE6
:10014000D55C2AE7002E00F0B581012E00F09E85D7
:10015000022E00F0B185032E00F0D885042E00F0A9
:10016000F485052E00F08486062E00F0BE86072E4C
:1001700000F0FD86082E00F05087092E00F07B87E6
:100180000A2E00F0DC8743F60953164A0B2E18BFDF
:1001900013466268002503EB5203B3FBF2F39BB2F4
:1001A000BCE700BFF369FFCF000C0058FFF4FF115C
:1001B000001001400044004000480040004C004056
:1001C000005000400014014000780040007C0040D6
:1001D0000044025868860108948601089C8601083C
:1001E0009486010800093D00B34B1A68920640F15D
:1001F0006F811A68B14BC2F3C102D340002EC8D040
:10020000012E00F0EF81022E00F0C584032E00F0D5
:10021000BF84042E00F02B85052E00F09D86062E4F
:1002200000F0DC86072E00F01C86082E00F04E86BB
:10023000092E00F08E860A2E00F0E3860B2EA8D140
:1002400026E003A8FEF7DCFC626A049B002AA0D02B
:10025000012A00F0C781022A00F09D84032A00F0E1
:100260009784042A00F00385052A00F0FD84062AFD
:1002700000F07E85072A00F0F485082A00F0268623
:10028000092A00F066860A2A00F0BB860B2A80D174
:100290001B0A7EE76846FEF7F5FB626A019B002AAF
:1002A0003FF477AFD4E7FDF78DFD636A03B3012B0D
:1002B00000F0F384022B00F0CE84032B00F0C884FE
:1002C000042B00F01785052B00F01185062B00F09C
:1002D0000686072B00F04886082B00F09B86092B2A
:1002E00000F0E1860A2B00F03B870B2B08BF000AC9
:1002F0006268002500EB5203B3FBF2F39BB20DE7FB
:10030000FDF744FD636A03B3012B00F0C984022B9F
:1003100000F0A784032B00F0A184042B00F0E484F8
:10032000052B00F0DE84062B00F0E685072B00F09D
:100330003686082B00F08786092B00F0B1860A2B41
:1003400000F0FA860B2B08BF000A626800EB52032C
:10035000B3FBF2F39BB2E1E6402D7FF40CAE002E2E
:1003600000F0DC80012E00F09484022E00F0A784BF
:10037000032E00F0C784042E00F0EC84052E00F05C
:100380007A85062E00F0B485072E00F0FE85082E33
:1003900000F04986092E00F08B860A2E00F029878E
:1003A0000B2E0CBF80234FF40043F2E6424B5B6DF3
:1003B00003F00703052B3FF6DEAD414AD55CECE5C3
:1003C000402E7FF4D8AD002900F0B580012900F05F
:1003D0006E84022900F08284032900F0AF8404298E
:1003E00000F03B85052900F06985062900F0AD8500
:1003F000072900F0EF85082900F03686092900F06A
:100400005B860A2900F0F9860B290CBF80254FF482
:10041000004592E001250023A3F110014FF6EF7291
:1004200091423FF6A8AD23F00F02C3F342031343FA
:100430002268D360A0E5402D7FF49DAD002E00F032
:10044000D380012E00F0D280022E00F06D84032EA6
:1004500000F0F484042E00F02585052E00F0688558
:10046000062E00F0C285072E00F01086082E00F040
:100470004886092E00F059860A2E00F0EC860B2ED5
:100480000CBF4FF480704FF48030AFE00A4B5B6DCF
:1004900003F00703052B3FF66EAD0A4AD55C7CE5F9
:1004A000054B5B6D03F03803282B3FF664AD064A1D
:1004B000D55C72E5054B6CE6004402580090D00311
:1004C00094860108948601086886010800093D00A9
:1004D000002E00F0BA83012E00F0FD83022E00F002
:1004E0002A84032E00F0B684042E00F0E484052E46
:1004F00000F02885062E00F08785072EDAD0082E1A
:1005000000F0C483092E00F0D7830A2E00F01D846A
:10051000B44BB54A0B2E18BF13463AE64FF40043CE
:1005200037E6B24B5B6D03F00703052B3FF623ADB7
:10053000AF4AD55C31E54FF40045676807EB4703E8
:10054000AB423FF618ADB5EB073F3FF614AD202E9A
:1005500000F2F082012E7FF60EAD023E1E2E3FF617
:100560000AAD01A353F826F0A50A010877FF000899
:100570007B0A010877FF000877FF000877FF000873
:10058000190A010877FF000877FF000877FF0008C5
:1005900077FF000877FF000877FF000877FF000863
:1005A000AD09010877FF000877FF000877FF000812
:1005B00077FF000877FF000877FF000877FF000843
:1005C00077FF000877FF000877FF000877FF000833
:1005D00077FF000877FF000877FF000877FF000823
:1005E000350901085B08D4E54FF4803062680025C6
:1005F00000EB5203B3FBF2F39BB20DE76846FEF744
:1006000041FA636A019D03B3012B00F0CF82022BF4
:1006100000F0C782032B00F0C182042B00F02F836F
:10062000052B00F02983062B00F09883072B00F0A0
:100630002684082B00F04D84092B00F09B840A2BA4
:1006400000F0FB840B2B00F06582002D3FF494AC8E
:1006500073E7FEF705FA636A0546002BD4D1002D37
:100660003FF48AAC69E7614B1A68950640F1A582B0
:100670001B685D4DC3F3C103DD4000293FF45DAF4E
:10068000012900F04D83022900F04683032900F080
:100690004083042900F04584052900F0838406295D
:1006A00000F0D484072900F02085082900F04F8548
:1006B000092900F0F9850A2900F0FD850B297FF44E
:1006C0003CAF2D0A39E703A8FEF79AFA636A049D46
:1006D000002B99D1002D3FF44FAC2EE7002900F0FC
:1006E0006A82012900F0DF82022900F0F2820329E8
:1006F00000F02883042900F0AA83052900F0D8839C
:10070000062900F02E84072900F06184082900F0F2
:10071000AF84092900F0EF840A2900F0148543F61C
:100720000955344B0B2918BF1D4606E7FDF72EFB74
:10073000636A03B3012B00F0CA82022B00F0F78238
:10074000032B00F07F83042B00F0B083052B00F017
:10075000EB83062B00F05084072B00F09E84082BBF
:1007600000F0B984092B00F0E4840A2B00F07085B6
:100770000B2B08BF000A61684A0802EB4003B3FB79
:10078000F1F39BB248E6002E00F03A82012E00F011
:100790009A82022E00F0C682032E00F04D83042EB2
:1007A00000F07E83052E00F0BA83062E00F021842F
:1007B000072E00F06F84082E00F08284092E00F0CE
:1007C000CC840A2E00F06C8547F612230A4A0B2EC1
:1007D00018BF13466268002503EB5203B3FBF2F324
:1007E0009BB219E690D003000090D0030044025859
:1007F0009486010800093D0000127A00A44B1A6893
:10080000910640F1FF811A68A24BC2F3C10223FA9C
:1008100002F206B3012E00F0B182022E00F03783FF
:10082000032E00F06F83042E00F0C683052E00F027
:100830000084062E00F06F84072E00F07184082ECD
:1008400000F00385092E00F03C850A2E00F0368565
:100850000B2E08BF120A616800254B0803EB420308
:10086000B3FBF1F39BB2D7E56846FEF70BF9626A7A
:10087000019902B3012A00F00782022A00F01A82CD
:10088000032A00F03A82042A00F06282052A00F06E
:10089000EB82062A00F01683072A00F07483082AE8
:1008A00000F0A183092A00F001840A2A00F05B8489
:1008B0000B2A08BF090A62680025530803EB4103AD
:1008C000B3FBF2F39BB2A7E5FDF77CFA636A03B3CF
:1008D000012B00F0FA81022B00F02B82032B00F099
:1008E0008382042B00F0DA82052B00F02583062B8F
:1008F00000F06983072B00F0C283082B00F0EE8321
:10090000092B00F07E840A2B00F08D840B2B08BF8E
:10091000000A616800254A0802EB4003B3FBF1F3CB
:100920009BB279E503A8FEF76BF9626A0499002A85
:10093000C1D09FE7616A002900F05482012900F0CC
:100940001F83022900F08B83032900F0BF83042951
:1009500000F00084052900F0AA84062900F08E84A6
:10096000072900F08784082900F0E584092900F0B0
:10097000DE840A2900F0A8844748484B0B2918BF99
:10098000184600217B083A4618184FF0000341F141
:100990000001EFF7B9FEA0F54073414A93423FF6DC
:1009A000EAAA23680025D860FFF7E6BA384A11683A
:1009B00011F0200100F0E781136800213548C3F3EE
:1009C000C103D840636A0BB3012B00F04B83022BA9
:1009D00000F07F83032B00F00584042B00F05D847E
:1009E000052B00F02C84062B00F0A984072B00F0C7
:1009F000B484082B00F0AD84092B00F094840A2BFA
:100A000000F08D840B2B01D1000A002109020302A2
:100A100041EA10617808B6E703A8FEF7F1F80498F8
:100A2000636A002102460BB3012B00F03582022BD2
:100A300000F08682032B00F0C182042B00F021839A
:100A4000052B00F04D83062B00F09083072B00F060
:100A50002184082B00F00B84092B00F004840A2B5E
:100A600000F052840B2B01D1100A002162680902A8
:100A7000030241EA1061500886E76846FEF702F873
:100A80000198636A00210246002BEFD0CCE700BF3B
:100A9000004402580090D00300093D000000093DC9
:100AA000FFFC0F00FDF7DCFF626A002103460AB37A
:100AB000012A00F06E82022A00F0B982032A00F0B7
:100AC0002483042A00F09383052A00F0A683062AD3
:100AD00000F0DA83072A00F0D583082A00F01C848E
:100AE000092A00F015840A2A00F02F840B2A01D16C
:100AF000030A002162680902180241EA13615308DF
:100B0000C0184FF0000341F10001EFF7FDFDA0F523
:100B1000407342E72D0A002D3FF42EAA0DE5B54B98
:100B20005B6D03F00703052B3FF625AAB24AD55C9F
:100B3000FFF733BA402E7FF41EAA616A002900F045
:100B40004E81012900F02782022900F084820329C6
:100B500000F0CE82042900F05783052900F0598364
:100B6000062900F06883072900F06083082900F057
:100B7000B783092900F0AF830A2900F0C0830B294D
:100B80004FF000010CBF4FF400404FF40000F9E6B5
:100B90009A4AA2FB03239B08FFF7FBBA974BA3FBE0
:100BA0000535AD08002D3FF4E7A9C6E46D08002D1A
:100BB0003FF4E2A9C1E4924DBFE400295AD00129D3
:100BC00000F0AC80022900F0DB80032900F0618195
:100BD000042900F0A181052900F0EB81062900F02D
:100BE00016820729E7D008295DD0092971D00A2982
:100BF00000F02D81834D844B0B2918BF1D469CE4CA
:100C0000824BE7E5002E50D0012E00F0AF80022E7F
:100C100000F03B81032E00F07A81042E00F0C781A2
:100C2000052E00F0FD81062E00F04D82072EE7D044
:100C3000082E48D0092E75D00A2E00F03181744B51
:100C4000744A0B2E18BF1346C4E56F4BFFF7A1BAC9
:100C50006A4BA3FB00308008FFF74ABB674BA3FB3E
:100C600000308008FFF771BB6B4AA2FB0323DB084F
:100C7000FFF78FBA644D60E4674BA3FB0535ED08C1
:100C8000002D3FF479A958E4490814E6634BFFF7B7
:100C900080BA4FF48043FFF77CBA4008FFF728BBC7
:100CA0004008FFF752BB5D4D47E45A4B92E54FF4C5
:100CB000804542E48908FEE5594BFFF76ABA4FF4D4
:100CC0000053FFF766BA4E4B84E5400821E6400822
:100CD00051E5534D31E4534BFFF75BBA4FF40055E8
:100CE0002BE44D4BA3FB0030C008FFF72EBB4A4B53
:100CF000A3FB0030C008FFF7FBBA404BA3FB012366
:100D00009908D8E541F25553FFF743BA464BFFF730
:100D100040BA3A4BA3FB0535AD080EE4414D0CE457
:100D20006D080AE43D4B55E54FF480405EE48008D1
:100D300021E58008EDE53D4BFFF72BBA41F2555513
:100D4000FFF7FBBB384DFFF7F8BB314BFFF721BA7C
:100D5000C908B0E54FF48053FFF71BBA0C23B5FB6D
:100D6000F3F5002D3FF408A9FFF7E7BB264B31E56B
:100D7000224AA2FB0323DB08FFF70BBA52086AE5FD
:100D80002A4DFFF7DABB626A002A00F0C280012A0E
:100D900000F07981022A00F0B281032A00F0C381B9
:100DA000042A00F05E82052A00F05982062A00F02B
:100DB0009E82072A00F09982082A00F09D82092A63
:100DC00000F097820A2A00F083820B2A184A0E4B01
:100DD0000EBF00210321134678083A4690E64FF4EF
:100DE0000000CFE51348CDE5044BA3FB0023980892
:100DF0008FE500BF0044025894860108ABAAAAAA56
:100E000000093D0090D003000090D00300127A004A
:100E100020A107000020A107CDCCCCCC80841E00EF
:100E200040420F000048E8012A2C0A000024F40088
:100E3000000090D00000093DCF4BCBE442F6AA2041
:100E4000FFF7D4BBCD4BA3FB0023980893E4CC4D14
:100E5000FFF773BBCB4BFFF79CB94FF48055FFF7FF
:100E60006CBB1B09FFF795B90A23B1FBF3F122E52F
:100E7000C54BFFF78EB940F6CC43FFF78AB92D0971
:100E8000002D3FF479A8FFF758BBC04BA2E49208AD
:100E9000E1E4BC4DFFF751BB4008E7E5C00838E589
:100EA000BB4B97E44FF40050FFF7A0BBC00862E4CF
:100EB000B54DFFF742BBB74BFFF76BB940F6CC45DA
:100EC000FFF73BBB0C23B1FBF3F1F4E45B09FFF745
:100ED00060B96D09002D3FF44FA8FFF72EBBA74B5B
:100EE000A3FB0030C008FFF703BAAB4BFFF751B9C3
:100EF00040F6AA23FFF74DB9A04BA3FB0030C00872
:100F0000FFF723BA9D4BA3FB02239A08A3E4A34B4C
:100F100060E4A34B03215FE79E4DFFF70EBBA14B9F
:100F200058E4ED08FFF709BB0A23B0FBF3F022E415
:100F300041F69810FFF75ABB0A23B0FBF3F0E8E440
:100F4000800893E5984BFFF724B940F6AA25FFF7F0
:100F5000F4BA9B09FFF71DB90A22B3FBF2F3FFF7BE
:100F600018B98D4DFFF7E9BA0009FFF7C1B98F4BEA
:100F7000FFF70FB9AD09002D3EF4FEAFFFF7DDBA64
:100F80008B480021FEE4090995E44FF40063FFF764
:100F900000B94308AEE54FF480000021F2E40009F7
:100FA000FFF7D3B90A23B5FBF3F5FFF7C6BA814BB8
:100FB00010E47D4DFFF7C1BAD2084CE406220023AD
:100FC000EFF7A2FB52E50C23B0FBF3F0A1E4774D61
:100FD000FFF7B3BA4FF40065FFF7AFBA0C22B3FBCB
:100FE000F2F3FFF7D6B8490965E441F25450FFF730
:100FF000FDBA714BFFF7EEBB0C23B0FBF3F0FFF72C
:10100000BABBDB09FFF7C5B86C4BFFF7C2B86B4D35
:10101000FFF793BA4009FFF76BB9694BFFF7B9B80F
:10102000684BFFF7D7BB4FF48063FFF7B2B8830874
:1010300060E50A23B2FBF3F20DE4ED09002D3EF466
:101040009BAFFFF77ABA4009FFF77FB90C23B5FBD6
:10105000F3F5FFF772BA4FF40010002192E45A48FA
:1010600000218FE44008D1E44FF48065FFF765BAB2
:10107000534DFFF762BA4FF22443FFF78AB80009D5
:1010800047E4C008F2E4514B1146A5E64FF4805006
:10109000FFF7ACBA3A4BFFF79DBB0009FFF76BBBFC
:1010A0008009FFF752B98009FFF722B9890902E4E4
:1010B0004FF40073FFF76DB84FF40075FFF73DBABA
:1010C0003A4BFFF787BB2F4BFFF784BB404800210B
:1010D00058E480089AE44009FFF74DBB400918E442
:1010E0000A220023EFF710FBC0E42D09FFF725BA11
:1010F0003848002146E44FF22445FFF71EBA364B2C
:101100006AE64FF40060FFF771BA00230622EFF79A
:10111000FBFA0346EEE40C23B2FBF3F2FFF79BBBB2
:101120001209FFF798BB2D4B56E64FF48060FFF78E
:101130005DBA8009FFF71FBBC009FFF706B947F684
:101140001223FFF726B847F61225FFF7F6B96D0907
:10115000FFF7F3B92248002114E4194BFFF73ABB1B
:10116000C009FFF7C5B8C909FFF7A5BB0C220023CA
:10117000EFF7CAFA7AE400BF54581400ABAAAAAA3F
:1011800020A10700AAC2A200801A06000048E801B8
:1011900040420F0000127A001516050054854501E3
:1011A000000090D000350C0000A8610090D0030032
:1011B0000080841E0024F4002A2C0A00556151008E
:1011C00048E801000050C3000040420F000048E81A
:1011D000002A2C0A00551500000024F400AAC2A21F
:1011E0000020A10706220023EFF78EFA0EE4C308C1
:1011F00080E44FF48073FEF7CCBF4FF48075FFF7A7
:101200009CB98009FFF785BB4FF480100021FFF7E0
:10121000B9BB53480021FFF7B5BB00230A22EFF703
:1012200073FA034666E4C009FFF773BB4FF400206E
:101230000021FFF7A7BB4B480021FFF7A3BB0A2201
:101240000023EFF761FAFFF7E1BB5209FFF703BB99
:10125000C009FFF790BA4FF40070FFF7C7B9424BCF
:10126000BAE5424BB8E590090021FFF7FFBB400902
:10127000FFF7FCBB3E480021FFF784BB3D4800213F
:10128000FFF780BB030935E400230C22EFF73CFA9B
:1012900003462FE40009FFF7E9BBC008FFF7B6BB20
:1012A0004FF22443FFF796BAAD09FFF746B932482B
:1012B0000021FFF767BBED09FFF73FB9D209FFF740
:1012C000CABA9209FFF7C7BA2C480021FFF75ABBE8
:1012D0002B4B002180E54FF400300021FFF752BB7B
:1012E0004FF480200021FFF74DBB264B74E5264BC1
:1012F00072E5264B00216FE5254B00216CE54FF48C
:1013000080300021FFF73EBBD0090021FFF7AEBBC4
:1013100083090021FFF7EEBB4309FFF7EBBBC009D0
:101320000021FFF773BB80090021FFF76FBB19484D
:101330000021FFF727BB18480021FFF723BB0C2231
:101340000023EFF7E1F9FFF761BBC3090021FFF7C5
:10135000D1BB40090021FFF759BB0009FFF756BB7D
:1013600000CC0C0000AA0A000000A8610000127A5C
:101370000090D0030015160500801A0600127A00AE
:101380000020A1070000093D005561510040420FB7
:101390000080841E0024F4000048E801836ADA0714
:1013A00010B406D50168C46A4A6822F400322243A8
:1013B0004A609C0706D50168046B4A6822F48032B3
:1013C00022434A60590706D50168446B4A6822F4F3
:1013D000802222434A601A0706D50168846B4A6856
:1013E00022F4004222434A60DC0606D50168C46B41
:1013F0008A6822F4805222438A60990606D50168E1
:10140000046C8A6822F4005222438A605A060AD584
:101410000168446C4A68B4F5801F22F4801242EAE5
:1014200004024A600BD01B0606D50268C16C5368E3
:1014300023F400230B4353605DF8044B70474A6864
:10144000846C22F4C00222434A60ECE7002370B5AA
:101450000446C0F88830F7F749FF054623681A6844
:1014600011070CD41A68520725D420220023C4F88F
:1014700080201846C4F8842084F87C3070BDDE6972
:1014800016F40016EED1F7F731FF431BB3F1007FDE
:101490002368F4D31A682021032022F4D0721A6042
:1014A0009A6822F001029A60C4F8801084F87C6087
:1014B000C4F8841070BDDE6916F48006D5D1F7F744
:1014C00015FF431BB3F1007F2368F4D3E2E700BFAD
:1014D00080B3D0F8803010B5044633B3226824239B
:1014E0002046C4F88030136823F001031360FEF730
:1014F000F9FC012817D0A36A8BB9236820465A68E3
:1015000022F490425A609A6822F02A029A601A687D
:1015100042F00102BDE810401A60FFF797BF204675
:10152000FFF73CFFE9E7012010BD80F87C30F6F7BB
:10153000D5FCD3E701207047704700BF704700BF5C
:10154000704700BF90F87C20012A17D0026803463C
:101550002420002130B4C3F88000202510681468CE
:1015600020F0005024F00104146059661060084611
:10157000C3F8805083F87C1030BC7047022070475D
:1015800090F87C20012A43D002680346242030B41E
:10159000C3F8800084B014681068EC4604AD20F0F5
:1015A00001001060906820F060400143194891608C
:1015B00003C88CE80300184903C905E90300596E04
:1015C00019B391689068C1F3426C05EB5071AC445B
:1015D00011F8100C11F8081CC0001CF8085CB0FBD6
:1015E000F1F01CF8101CC900B1FBF5F1A3F868106C
:1015F0000021A3F86A00202508461460C3F8805033
:1016000083F87C1004B030BC704701210846EDE738
:1016100002207047EC710108A486010890F87C2034
:10162000012A43D002680346242030B4C3F8800066
:1016300084B014681068EC4604AD20F0010010601E
:10164000906820F0606001431948916003C88CE8FD
:101650000300184903C905E90300596E19B39168DD
:101660009068C1F3426C05EB5071AC4411F8100C5A
:1016700011F8081CC0001CF8085CB0FBF1F01CF865
:10168000101CC900B1FBF5F1A3F868100021A3F804
:101690006A00202508461460C3F8805083F87C1047
:1016A00004B030BC704701210846EDE702207047C6
:1016B000EC710108A48601080B6810B4D3B9046862
:1016C000A3F500434A6823401343D1E90242234370
:1016D0001343D1E9044223431343D1E90642234390
:1016E0001343D1E9084223435DF8044B13430360DD
:1016F000002070470268D1E9074322F4F8422243F0
:101700004C6A1A430A4B2243026042681340D1E9F3
:10171000014223431343D1E9034223431343D1E955
:10172000054223435DF8044B134343600020704798
:101730000080FFFF30B40ABB8368D1E9002403F0C6
:101740007043013C013A43EA04131343D1E90224F4
:10175000013A013C43EA022343EA0432D1E904346A
:101760008969013B013C013942EA034343EA0453DE
:1017700043EA016330BC8360002070478268CC6814
:10178000114B013C13404A6943EA0433541E43EAB7
:101790000454D1E900258460C3686C1E013A03F04B
:1017A000704343EA04130C691A438B68013C89694E
:1017B000013B013942EA032343EA044343EA01635C
:1017C00030BCC36000207047FF0F0FFF0246D1E915
:1017D000003010B403431469D1E9021023435DF8CB
:1017E000044B013943EA4023002043EA41131361CB
:1017F000704700BF0246054B002010B454692340D7
:101800005DF8044B43EA41015161704701C0FFFF9D
:10181000022A82B0844613D009230193DCF80C30ED
:10182000002023F47053CCF80C30019BDCF80C2022
:101830009B0203F470531343CCF80C3002B0704792
:10184000224B234A0B44934207D9224B224A0B4492
:10185000934205D80E230193E0E70F230193DDE7C0
:101860001E4B1F4A0B44934207D91E4B1E4A0B4482
:10187000934205D20C230193D0E70D230193CDE7CA
:101880001A4B1B4A0B44934202D80B230193C5E722
:10189000184B194A0B44934202D20A230193BDE725
:1018A000164B174A0B449342B6D3164B164A0B44B9
:1018B000934202D208230193B0E7144B144A0B441D
:1018C000934234BF072306230193A7E7405327FF22
:1018D000FF340C00401E1BFF3F420F0000DC0BFFDB
:1018E0007F4F1200808CF9FE20D6130060B6E5FE13
:1018F0005FE3160000D3CEFE40771B00C05BB3FE53
:10190000C091210000CA91FE20753800E05459FEB4
:10191000E09C4100890182B000230A4A41F0200185
:101920000193016103E0036913F0200307D0019BD9
:10193000013393420193F6D9032002B07047184651
:1019400002B07047400D0300D0F8083882B003F0B1
:1019500006030193019838B10198022804D0019B35
:10196000062B0CBF02200F2002B0704730B44B781A
:101970000A78012B20D002F00F0C4FF48033D0F8FE
:101980001C4800EB421203FA0CF32343C0F81C3846
:10199000D2F8003B1B040CD48B68D2F8004BC3F385
:1019A0000A03C8781449234343EA80431943C2F821
:1019B000001B002030BC704700F5006402F00F05EA
:1019C00000EB4210AB40E5692B43E361D0F80039EE
:1019D0001C04EED48B68D0F80059C3F30A03CC780A
:1019E00005492B4343EA844343EA8252114330BC06
:1019F000C0F8001900207047008000102DE9F04168
:101A00004B7891F800C0012B51D000EB4C1C844C5A
:101A1000DCF8105B0CF530632C401C61814C1D69B7
:101A20002C401C614C6984B38D68012A7E4E2C4485
:101A300004F1FF34B4FBF5F406EAC44EA4B205FB8E
:101A400004F41D694EEA0505C4F312041D611D6905
:101A500044EA05041C6125D0CB78012B0CD1D0F8C9
:101A6000083813F4807FDCF8003B0CBF43F00053D0
:101A700043F08053CCF8003BDCF8003B43F00443D8
:101A8000CCF8003B0020BDE8F0818C68012A1D697C
:101A9000C4F3120444EA05041C611C6944F40024E4
:101AA0001C61D9D1CA68002AD6D05A61D4E74D69E1
:101AB000002D3DD000EB4C14594ED1F808E0D4F87D
:101AC0001089584F08EA0606C4F8106905EB0E069F
:101AD000013EB6FBFEFED4F810693740524EC4F802
:101AE000107906EACE46D4F810793E43C4F810695E
:101AF000C5F31206D4F810793E43C4F8106904F512
:101B0000106691F803E0BEF1010F57D0012A72D0A0
:101B1000D4F800290CF00F0C42F0044203FA0CF345
:101B2000C4F80029D0F834281343C0F83438A9E7A2
:101B300000EB4C133B4E3A4C012AD3F8107906EADD
:101B40000706C3F81069D3F8106946F40026C3F8F5
:101B50001069D3F8106904EA060403F51066C3F8A7
:101B6000104991F803E03AD0D3F80049BEF1010FD3
:101B700044F00444C3F8004984D1D0F8083813F481
:101B8000807F33680CBF43F0005343F080533360D1
:101B9000002A7FF477AFADB20335AD083FF472AFE2
:101BA000CB6800EB0C3C03EB85010CF5805C53F833
:101BB000042B8B42CCF80020F9D163E73369012A6A
:101BC00023F0C0433361336943F00053336117D0CE
:101BD000D4F8003943F00443C4F80039CDE70B6969
:101BE00063B9BEF1010F0ED03368002043F0044307
:101BF0003360BDE8F0810B69002BF5D07361F0E72D
:101C00000B69002BFAD1D0F8083813F4807F3368C1
:101C10000CBF43F0005343F080533360E4E700BF50
:101C20000000F8FFFFFF07E00000F81FF0B54C7858
:101C30000B78012C26D000EB4310574CD0F8105BEA
:101C400000F530632C401C61544C1D692C401C6114
:101C50004C69A4B98C681D69C4F31204012A45F4C7
:101C600000251D611D6944EA05041C6149D0D0F8B6
:101C7000003B43F00443C0F8003B0020F0BD8C68FB
:101C80004C61E8E74C69002C40D000EB4315424F13
:101C9000D1F808E0D5F810C9404E74450CEA0707A2
:101CA00005F5106CC5F81079D5F8107906EA070625
:101CB000C5F8106958D9DCF81040012AC1F814E0C1
:101CC00044F40024CCF81040CEF31204DCF8106089
:101CD00044EA0604CCF810403AD0D5F8002942F086
:101CE0000442C5F80029BEF1000FC6D003F00F0171
:101CF0000123D0F834288B401343C0F83438002037
:101D0000F0BDCA68002AB2D05A61B0E700EB4310B8
:101D1000224B012AD0F8104900F5106C03EA0403A5
:101D2000CCF81030DCF8103043F40023CCF810303D
:101D3000194BDCF8104003EA0403CCF8103007D04C
:101D4000D0F8003943F00443C0F800390020F0BD5A
:101D50000B690BB1CCF81430DCF80030002043F0F4
:101D60000443CCF80030F0BDDCF81060C4F312047A
:101D7000012A46F40026CCF81060DCF8106044EA32
:101D80000604CCF81040E3D0D5F8002942F0044214
:101D9000C5F80029AAE700BF0000F8FFFFFF07E031
:101DA00010B49DF8044064B903339B0809D0013294
:101DB00001EB830300EB023051F8042B8B420260ED
:101DC000FAD100205DF8044B704700BF033292083F
:101DD0000AD000F5805C01EB8200DCF8003041F8AD
:101DE000043B8842F9D17047084670474A780B781F
:101DF000012A00EB43100CD0D0F8002B0BB1002AC5
:101E000014DAD0F8003B43F40013C0F8003B002084
:101E10007047D0F80029002A00DB73B9D0F80039E8
:101E200043F40013C0F8003900207047D0F8003B9D
:101E300023F08043C0F8003BE3E7D0F8003923F0FB
:101E40008043C0F80039D0F8003943F40013C0F8DB
:101E50000039E9E74A780B78012A00EB431013D0E8
:101E6000D0F8003B23F40013C0F8003BCB78023BD2
:101E7000012B01D900207047D0F8003B43F080537C
:101E8000C0F8003B00207047D0F8003923F400135D
:101E9000C0F80039CB78023B012BEBD8D0F80039E1
:101EA00043F08053C0F80039002070470346090111
:101EB0000020D3F8002801F4FE6122F4FE62C3F88A
:101EC0000028D3F800281143C3F80018704700BF5A
:101ED00082B0436901938269019B13400193019889
:101EE00002B0704782B0D0F818380193D0F81C289F
:101EF000019B134001930198000C02B0704700BF92
:101F000082B0D0F818380193D0F81C28019B1340F8
:101F10000193019880B202B0704700BF00EB4111FD
:101F200082B0D1F8083B0193D0F81428019B1340EC
:101F30000193019802B0704784B0D0F8103801F0D6
:101F40000F0C00EB41110293D0F834380393039B3C
:101F5000029A23FA0CF3DB01DBB213430293D1F8AC
:101F60000839029A13400193019804B0704700BFEA
:101F7000406900F001007047D0F8001900F50063D7
:101F80000A4A0A40C0F800299A6802F00602042AA8
:101F900005D1D0F8002942F00302C0F800295A68A0
:101FA000002042F480725A60704700BF00F8FFFFC3
:101FB000144B10B4046C9C421AD800F53060002316
:101FC00001290361036943F400230361036943F0BA
:101FD00018030361036943F0C043036104D1426104
:101FE000036843F08023036000205DF8044B7047D2
:101FF000D0F8003B00F53060002BE0DA00205DF8FF
:10200000044B70470A30544FD0F8002401F003030A
:10201000012900F5806C22F00302C0F80024D0F8FA
:10202000002443EA0203C0F8003409D0022901D099
:102030000020704741F270730020CCF804307047E4
:102040004BF680330020CCF804307047D0F81404ED
:1020500080B2704700EB4111002382B001F5A0620D
:102060000193D1F8003513F4802FD1F8003543F0F7
:102070008043C1F8003522D1C36A13F47F0FD1F831
:10208000003523D123F00043C1F80035D1F80035E5
:1020900043F00043C1F80035D1F8003523F4004384
:1020A000C1F8003502E01368002B13DA019B0133FD
:1020B000B3F57A7F0193F6D9002002B07047D0F8CB
:1020C000103413F47F0FD1F8003506D043F00043ED
:1020D000C1F80035002002B0704723F00043C1F87A
:1020E0000035D1F8003543F00043C1F80035D1F890
:1020F000003523F40043C1F8003502E01368002BDB
:10210000E8DA019B0133B3F57A7F0193F6D9002019
:1021100002B0704730B4002484B04FF48465AA4AFA
:1021200000940146836823F00103836003940561F2
:1021300002E00B69980604D5039B01339342039395
:10214000F7D900201023A04A02900B6102E00B692E
:10215000DB0604D5029B013393420293F7D9D1F8F1
:10216000003501F5A06201F5E0600193019B43F0A9
:1021700080430193019B23F000430193019B23F4CF
:1021800000430193019BC1F80035D1F8203501933C
:10219000019B43F080430193019B23F00043019393
:1021A000019B23F400430193019BC1F82035D1F832
:1021B00040350193019B43F080430193019B23F041
:1021C00000430193019B23F400430193019BC1F859
:1021D0004035D1F860350193019B43F08043019372
:1021E000019B23F000430193019B23F400430193DF
:1021F000019BC1F86035D1F880350193019B43F014
:1022000080430193019B23F000430193019B23F43E
:1022100000430193019BC1F88035D1F8A0350193AB
:10222000019B43F080430193019B23F00043019302
:10223000019B23F400430193019BC1F8A035D1F821
:10224000C0350193019B43F080430193019B23F030
:1022500000430193019B23F400430193019BC1F8C8
:10226000C035D1F8E0350193019B43F080430193E1
:10227000019B23F000430193019B23F4004301934E
:10228000019BC1F8E035D1F800360193019B43F082
:1022900080430193019B23F000430193019B23F4AE
:1022A00000430193019BC1F80036D1F82036019319
:1022B000019B43F080430193019B23F00043019372
:1022C000019B23F400430193019BC1F82036D1F810
:1022D00040360193019B43F080430193019B23F01F
:1022E00000430193019B23F400430193019BC1F838
:1022F0004036D1F860360193019B43F0804301934F
:10230000019B23F000430193019B23F400430193BD
:10231000019BC1F86036D1F880360193019B43F0F0
:1023200080430193019B23F000430193019B23F41D
:1023300000430193019BC1F88036D1F8A036019388
:10234000019B43F080430193019B23F000430193E1
:10235000019B23F400430193019BC1F8A036D1F8FF
:10236000C0360193019B43F080430193019B23F00E
:1023700000430193019B23F400430193019BC1F8A7
:10238000C036D1F8E0360193019B43F080430193BE
:10239000019B23F000430193019B23F4004301932D
:1023A000019BC1F8E03613680193019B43F0804321
:1023B0000193019B43F000430193019B23F40043ED
:1023C0000193019B136004E0400D03001368002B90
:1023D00005DA009B0133B3F57A7F0093F6D92032FA
:1023E0008242E0D14FF0FF330020C1F814344B613A
:1023F0008B6843F001038B6004B030BC704700BFB2
:1024000008B5D0F88C321BB11B68984700B908BDDD
:10241000022008BD08B5D0F88C325B6898470020D0
:1024200008BD00BF38B500F520750446284600F009
:102430007DFB0122B4F8863294F88012C4E99B2314
:1024400001F01F03934209D0022B13D063B101F0B6
:1024500080012046F6F7B0FD002038BD2946204611
:1024600000F092FA002038BD2946204600F00AF913
:10247000002038BD2946204600F0BAFA002038BDB9
:1024800038B5054669B91346D0F86C22032A15D031
:10249000052A0C460ED1C5F86C12F6F78DFD2046C4
:1024A00038BDD0F88C329B6933B190F87422032A7E
:1024B00002D19847002038BD022038BDD0E9531220
:1024C00091420CD9891A8A42C0F84C1188BF8AB24D
:1024D000194698BF92B200F055FB002038BDD0F8E5
:1024E0008C321B691BB190F87422032A04D0284651
:1024F00000F052FB002038BD9847F8E770B504465D
:1025000061B9D0F86C32022B15D033F0040337D008
:1025100094F87832012B2ED0002070BDD0F88C3288
:102520005B6933B190F87422032A02D198470020E6
:1025300070BD022070BDD0E908630D469E4223D8CD
:10254000C669B6FBF3F203FB12620AB9B34228D99B
:10255000D4F88C32DB681BB194F87422032A30D093
:1025600080212046F6F728FD204600F021FB94F854
:102570007832012BD0D10023184684F8783270BD10
:102580008021F6F719FDC3E7F31A114603629AB2E8
:1025900000F0EEFA2B462A4629462046F6F758FD6B
:1025A000B6E7D0F870329E42D2D20A4600F0E0FA86
:1025B0002B462A4629462046C4F87052F6F748FDB5
:1025C000A6E720469847CBE770B500224026044690
:1025D000012511463346F6F7DDFC33468021002203
:1025E0002046C4F84451C4F85061F6F7D3FC0021EA
:1025F000D4F89032A561666284F87452C4F86C1203
:102600006160C4F87C1223B1D4F88C3220465B6838
:102610009847002070BD00BF034600201974704722
:1026200003460421002093F8742283F8741283F87F
:10263000752270470346002093F8752283F87422B0
:10264000704700BF90F87422032A01D00020704721
:1026500008B5D0F88C32DB6903B19847002008BD7B
:10266000002070470020704700207047D0F88C226F
:10267000012108B580F87412017953689847002049
:1026800008BD00BF30B50B7883B00D46044603F09B
:102690006003202B0DD0402B0BD09BB18021204616
:1026A000F6F78AFC00212046F6F786FC002003B0EE
:1026B00030BDD4F88C32294620469B6898470020CC
:1026C00003B030BD4B78092BE8D801A252F823F0B3
:1026D0002B270108572701089D26010875270108A7
:1026E0009D2601087D270108B52701089D260108C0
:1026F000E5270108F92601088978A24D01292970EA
:10270000CCD890F87432022B00F01281032B00F029
:1027100000818021F6F750FC00212046F6F74CFCA2
:1027200029782046FFF776FEC0E790F87432013B27
:10273000022BB3D8CB88022BB0D10122D0F87C3247
:10274000C2600BB10323C360022204F10C012046D6
:1027500000F000FAAAE790F87432013B022B9DD8F2
:102760004B88012BA2D100232046C4F87C3200F014
:1027700013FA9BE74B88012B98D1F5E78B88002B48
:102780008CD1CB88002B89D14D887F2D86D890F8AD
:102790007432032B82D0E9B280F87612F6F73CFC53
:1027A000204600F0F9F9002D00F0E080022384F8C3
:1027B00074327BE74A88130A013B062B3FF66EAF63
:1027C00001A151F823F000BF792801086128010810
:1027D0004F2801089D2601089D2601083928010877
:1027E0000B280108CA88012A7FF458AF90F8743288
:1027F000022B00F28780002B3FF450AF01460023EC
:1028000041F8083F00F0A6F950E7037C002B7FF465
:1028100045AFD0F88C320DF106001B6B98470723AB
:102820004370BDF80620002A67D0EB88002B5BD1EF
:10283000204600F0B1F939E7037C002B7FF42EAF7E
:10284000D0F88C320DF106005B6B9847E9E7D1B206
:10285000052900F28F80DFE801F0271F17372F3F8F
:10286000037C002B72D1D0F88C320DF106009B6AEC
:10287000984702234370D4E7D0F888320DF106015F
:10288000007C1B689847CCE7D0F888320DF1060130
:10289000007CDB689847C4E7D0F888320DF1060168
:1028A000007C9B689847BCE7D0F888320DF10601A0
:1028B000007C5B689847B4E7D0F888320DF10601D8
:1028C000007C5B699847ACE7D0F888320DF10601CF
:1028D000007C1B699847A4E7D0F888320DF1060107
:1028E000007C9B6998479CE79A420146204628BF96
:1028F0001A46ADF8062000F02DF9EB88002B7FF486
:10290000D5AE95E7032B7FF4C9AE011D00F022F987
:10291000CCE621B3416801298AD0C9B2FFF77AFD1C
:10292000297820466160FFF76BFD022880D1B5E66B
:1029300000293FF47DAF01210323416080F8743208
:10294000FFF75EFD02287FF473AFA7E6D0F88C3264
:102950000DF10600DB6A98470223437061E702230A
:10296000416080F87432FFF755FD61E7012384F878
:1029700074329BE6D0F88C320DF106029B6B9847BF
:102980004FE700BFD097062438B50B780D460446B4
:1029900003F06002402A0AD05B0608D58021F6F7D2
:1029A0000BFB00212046F6F707FB002038BD94F80A
:1029B0007432013B022B11D82B79012B0ED8D4F89D
:1029C0008C32294620469B689847EB88002BECD137
:1029D0000028EAD1204600F0DFF8E6E78021204613
:1029E000F6F7EAFA00212046F6F7E6FA002038BDAD
:1029F00038B50B78044603F06003202B0CD0402B35
:102A00000AD083B180212046F6F7D6FA002120466D
:102A1000F6F7D2FA002038BDD4F88C3220469B68F5
:102A20009847002038BD4B788A88012B5FFA82FCDA
:102A300037D0032B23D0002BE4D190F87432022B33
:102A40004AD0032BDED10CF00F03120603EB8303F5
:102A500000EB830351D4D3F84431002BD2D00CF0D7
:102A60007F03142505FB030505F5A075002B4FD149
:102A70002B6002222946204600F06CF8CAE790F845
:102A80007432022B1DD0032BBCD14B882BB91CF008
:102A90007F0F02D0CB88002B43D0204600F07CF87B
:102AA000B8E790F87432022B0BD0032BAAD14B88D5
:102AB000002BAFD11CF07F0FEFD06146F6F78AFAFA
:102AC000EBE71CF07F0F9DD06146F6F775FA802189
:102AD0002046F6F771FA9DE71CF07F0F92D11106A0
:102AE0004FF000034FF002024CBF00F1140100F55B
:102AF000A0710B6000F02EF88CE79B69002B81D051
:102B00000CF07F035D1C05EB850500EB8505ADE74B
:102B100061462046F6F76CFA08B10123A8E7286061
:102B2000A7E76146F6F748FAB7E700BF0B780370EE
:102B30004B784370CA788B7803EB022343804A7941
:102B40000B7903EB02238380CA798B7903EB022391
:102B5000C380704710B5134602240A460021C0F80E
:102B60006C42C0E90733F6F765FA002010BD00BFDC
:102B70008C46002108B513466246F6F75BFA002042
:102B800008BD00BF8C46002108B513466246F6F723
:102B90005FFA002008BD00BF08B504210023C0F87B
:102BA0006C121A461946F6F745FA002008BD00BF18
:102BB00008B505210023C0F86C121A461946F6F72D
:102BC00047FA002008BD00BFD0F8C4230132C0F886
:102BD000C42302780B2A00D07047D0F87C33002B36
:102BE000FAD09B69184700BF012380F82333704750
:102BF000002380F82333704703460022012110464A
:102C000083F8201383F8212383F82223704700BF21
:102C100038B501230025044680F8213380F823537A
:102C200080F82053F6F738FA2179204600F006F8AC
:102C30006179204600F002F8284638BD0A2907D8F5
:102C400000EB8100D0F88433C3F30E03C0F8843363
:102C5000002070470C4A82B00C4BD2F8DC1041F0D7
:102C60004001C2F8DC10D2F8DC2002F040020192F0
:102C7000019A1A6822F020021A601A6842F00402CF
:102C80001A6002B0704700BF0044025800180248A2
:102C900070B5002304464FF4806204214FF44035A0
:102CA0003448C4F83821C4F8D410C4F83431C4F816
:102CB0004C113149C4F8B000C4F82811C4E92F32CE
:102CC000C4E93133C4E93335C4E93733C4E94F3398
:102CD000C4E95135C4E95533A2680323C4F8D83098
:102CE000C4F85031042A0AD8DFE802F01F262D3438
:102CF000030055225623C4F8B420C4F82C31002216
:102D0000402304F1B005C4F8B8202846C4F8303197
:102D1000F7F7AEFA08B1FFBEFEE704F59476304649
:102D2000F7F7A6FAE8B1FFBEFEE725222623C4F88E
:102D3000B420C4F82C31E2E727222823C4F8B420B9
:102D4000C4F82C31DBE73D223E23C4F8B420C4F89C
:102D50002C31D4E753225423C4F8B420C4F82C31C6
:102D6000CDE704F12803C4E92865C4F8E830C4F8C5
:102D7000603170BD40040240580402402DE9F04F1C
:102D8000814683B00E4617461D4600F128042046B2
:102D900001F090FD01288246F9D14846FFF778FFFF
:102DA0008046002835D1EFF31083019372B6DFF827
:102DB00088B00C9B99F90820DFF880A0DFF880909C
:102DC000CBF800300D9B89F80020CAF800300DB117
:102DD0001846A847BAB23146204601F0E1F830B9AA
:102DE000019B03B962B6404603B0BDE8F08F0023F3
:102DF000CBF80030CAF80030FF2389F800300C9B74
:102E00008BB101210D9888469847019B002BEAD190
:102E1000E8E70C9B53B1D0460D9851469847404681
:102E200003B0BDE8F08F4FF00108D9E7D046404627
:102E300003B0BDE8F08F00BFF4A10624FCA1062476
:102E4000F8A106242DE9F04F814683B00E461746BF
:102E50001D4600F12804204601F02CFD0128824681
:102E6000F9D14846FFF714FF8046002835D1EFF32B
:102E70001083019372B6DFF888B00C9B99F9082093
:102E8000DFF880A0DFF88090CBF800300D9B89F848
:102E90000020CAF800300DB11846A847BAB2314632
:102EA000204601F041FA30B9019B03B962B64046B1
:102EB00003B0BDE8F08F0023CBF80030CAF8003033
:102EC000FF2389F800300C9B8BB101210D988846B7
:102ED0009847019B002BEAD1E8E70C9B53B1D04601
:102EE0000D9851469847404603B0BDE8F08F4FF02B
:102EF0000108D9E7D046404603B0BDE8F08F00BFD7
:102F0000F4A10624FCA10624F8A106242DE9F04F23
:102F1000814683B00F461646984600F128042046A5
:102F200001F0C8FC0128FAD182464846FFF7B0FEFE
:102F30000546002838D1EFF31083019372B699F952
:102F40000830DFF88890DFF888B089F800300D9BF2
:102F5000DFF880A0CBF800300E9BCAF800300C9B45
:102F60000BB10E9898471FFA88F33A46314620462F
:102F700001F0CEF830B9019B03B962B6284603B020
:102F8000BDE8F08F0023CBF80030CAF80030FF23F3
:102F900089F800300D9B8BB101210E980D469847A2
:102FA000019B002BEAD1E8E70D9B4BB155460E98EB
:102FB00051469847284603B0BDE8F08F0125DAE76F
:102FC0005546284603B0BDE8F08F00BFF8A106249F
:102FD000F4A10624FCA106242DE9F043002387B0C8
:102FE0000222044605690493CDE90223D0E90212C6
:102FF0008E00FAB1022D7AD02178B5FA85F54FF01E
:103000000108276A0B294FEA551521D1A2780B2A0E
:1030100002D0B8F1000F38D123790B2B01D0002D4D
:103020006CD1A37917B10B2B40F09980002007B029
:10303000BDE8F08335F002032178276A0CBF4FF01A
:1030400001084FF00008023D18BF01250B29DDD013
:103050007D4B94F801C053F8262010780B2802D03D
:10306000884200F0AD80D378D01C994202D10B2B5E
:1030700040F0BD809379901D8B4202D10B2B40F024
:10308000BC80012007B0BDE8F083711C6E4BE07876
:1030900053F8213019780B2902D08A4200F0B5800C
:1030A000D97803F1030C0B2902D08A4200F0BB80CF
:1030B000997903F1060C0B29E3D08A42E1D1DB793F
:1030C0008342DED1634604F102099B7848460593AA
:1030D000F5F7F0FF80464846F5F7F4FF01A90190A7
:1030E0004046F7F78FFF23790B2B98D199E70178AA
:1030F000076A0B2940F0868001258DE7B11C524AF2
:10310000607952F8212011780B2902D08B4200F00F
:103110008180D178D51C0B2902D08B4200F08D80A4
:103120009179951D8B42ACD10B29AAD0D3798342DA
:10313000A7D12A46251D937828460593F5F7BAFFAF
:10314000034628461D46F5F7BDFF01A90190284614
:10315000F7F758FFA379002F7FF465AF66E7F11CFE
:10316000394AE07952F8212011780B2901D08B429D
:103170005FD0D178D51C0B2901D08B424FD09179EB
:10318000951D8B427FF47DAF0B293FF47AAFD37945
:1031900083427FF476AF2A46A51D9378284605938F
:1031A000F5F788FF04462846F5F78CFF034601A98A
:1031B00020460193F7F726FF002007B0BDE8F08313
:1031C000537863457FF44FAF937820460593F5F726
:1031D00071FF81462046F5F775FF01A90190484629
:1031E000F7F710FFA2780B2A7FF413AF14E71379D7
:1031F00063457FF43FAF0246E6E7D37963457FF44A
:1032000040AFF8E79846012522E7597881427FF4DC
:1032100047AF58E7517881427FF47BAF8AE7117955
:103220008142ACD1B7E7197981427FF441AF63465F
:1032300049E7517881429CD1AEE7117981427FF410
:103240006FAF2A4676E700BFB4860108654A036877
:10325000934200F0B980A2F57842934200F0B68024
:1032600002F58062934200F0B38002F57842934207
:1032700000F0B08002F5E052934200F0AD805A4A6F
:10328000934240F0AB8005234FF4D071574A01FBC5
:1032900003F310B5D418D05C86B0F5F71BFFA07807
:1032A000F5F718FF2079F5F715FFA079F5F712FF6C
:1032B000A368052B11D8DFE803F0192F455B7103D4
:1032C0004B4BD3F8F42042F02002C3F8F420D3F89B
:1032D000F43003F020030593059B2046FFF77CFEA6
:1032E000012801D006B010BDFFBEFEE7404B002212
:1032F0002320D3F8F01041F48051C3F8F0101146A8
:10330000D3F8F03003F480530093009BF6F7FEFDF2
:103310002320F6F739FEE0E7354B00222420D3F8CE
:10332000E81041F48041C3F8E8101146D3F8E830C2
:1033300003F480430193019BF6F7E8FD2420F6F7A0
:1033400023FECAE72A4B00223320D3F8E81041F4C9
:103350000041C3F8E8101146D3F8E83003F4004305
:103360000293029BF6F7D2FD3320F6F70DFEB4E789
:103370001F4B00225420D3F8F01041F40051C3F841
:10338000F0101146D3F8F03003F400530393039B7D
:10339000F6F7BCFD5420F6F7F7FD9EE7144B00222C
:1033A0005520D3F8F01041F48011C3F8F010114605
:1033B000D3F8F03003F480130493049BF6F7A6FDD2
:1033C0005520F6F7E1FD88E700235DE701235BE781
:1033D000022359E7032357E7042355E700231B780B
:1033E000FFDE00BF0030014000140058D4970624CF
:1033F000004402582DE9F043002289B01B4B012103
:103400000DF1040C9E461A4B0791E146E0466746D3
:103410000EF11C060EF138050EF15404CDE901221F
:10342000CDE90322CDE90522FF221A70BCE80F0086
:10343000AEE80F009CE807008EE80700B9E80F002F
:103440000FC69CE8070086E80700B8E80F000FC524
:103450009CE8070085E807000FCF0FC49CE8070031
:1034600084E8070009B0BDE8F08300BF2003002412
:10347000F8A10624014801F0F1B800BFFC9706242A
:10348000014801F0EBB800BF9C990624014801F007
:10349000E5B800BF3C9B0624014801F0DFB800BF3F
:1034A000DC9C0624014801F0D9B800BF7C9E0624AC
:1034B00010B5EFF3108472B6084B1A78120602D5D5
:1034C00004B962B610BD1B784FF4D07204485BB2E9
:1034D00002FB0300B030F7F743FAF1E7F8A1062446
:1034E000D497062410B5EFF3108472B6094B1A78FE
:1034F000120602D504B962B610BD1B784FF4D07223
:1035000005485BB202FB030000F59470F7F728FA58
:10351000F0E700BFF8A10624D49706242DE9F04176
:1035200084B0EFF3108772B6284AFF21284C136845
:10353000217023B100211160264A10689847237832
:103540001B061CD5DFF894800025234E44462168D5
:1035500079B162686AB1A369012B22D0A3B963690A
:103560003046019323690093E3682289FFF76AFCE0
:1035700018B301351C3406F5D076042DE7D107B910
:1035800062B604B0BDE8F081D4E90430CDE9013081
:10359000E068238900903046FFF7B8FC0028E8D1A6
:1035A0000BE0D4E904301146CDE900303046E36841
:1035B0002289FFF7E3FB0028DBD1C5EBC50508EB4B
:1035C000850348F825005860D9E700BFF4A1062418
:1035D000F8A10624FCA10624D49706242003002485
:1035E0002DE9F04184B0EFF3108772B6284AFF212D
:1035F000284C1368217023B100211160264A1068FD
:10360000984723781B061CD5DFF894800025234EAD
:103610004446216879B162686AB1A369012B22D05E
:10362000A3B963693046019323690093E368228953
:10363000FFF708FC18B301351C3406F5D076042DCD
:10364000E7D107B962B604B0BDE8F081D4E904302F
:10365000CDE90130E068238900903046FFF756FC41
:103660000028E8D10BE0D4E904301146CDE9003060
:103670003046E3682289FFF781FB0028DBD1C5EBE8
:10368000C50508EB850348F825005860D9E700BF59
:10369000F4A10624F8A10624FCA10624D49706244C
:1036A000200300242DE9F04184B0EFF3108772B6B7
:1036B000284AFF21284C1368217023B10021116092
:1036C000264A1068984723781B061CD5DFF894809B
:1036D0000025234E4446216879B162686AB1A36926
:1036E000012B22D0A3B9636930460193236900936B
:1036F000E3682289FFF7A6FB18B301351C3406F5F1
:10370000D076042DE7D107B962B604B0BDE8F081E8
:10371000D4E90430CDE90130E068238900903046D7
:10372000FFF7F4FB0028E8D10BE0D4E904301146A0
:10373000CDE900303046E3682289FFF71FFB0028FF
:10374000DBD1C5EBC50508EB850348F825005860BB
:10375000D9E700BFF4A10624F8A10624FCA10624A1
:10376000D4970624200300242DE9F04184B0EFF320
:10377000108772B600F066FB284A294CFF211368B7
:1037800021702BB1002111600121264A1068984751
:1037900023781B061CD5DFF894800025224E444672
:1037A000216879B162686AB1A369012B22D0A3B9FB
:1037B00063693046019323690093E3682289FFF728
:1037C00041FB18B301351C3406F5D076042DE7D142
:1037D00007B962B604B0BDE8F081D4E90430CDE9A0
:1037E0000130E068238900903046FFF78FFB002806
:1037F000E8D10BE0D4E904301146CDE90030304681
:10380000E3682289FFF7BAFA0028DBD1C5EBC505CA
:1038100008EB850348F825005860D9E7F4A1062491
:10382000F8A10624FCA10624D49706242003002432
:1038300030B4544B002108220220534CD961586205
:10384000C3F8BC11C3F8C401C3F85C13C3F8640324
:10385000C3F8F424C3F8F814C3F8FC14C3F804053F
:10386000C3F89426C3F89816C3F89C16C3F8A406A8
:10387000C3F83428C3F83818C3F83C18C3F8440810
:10388000424D4348C3E90521C3E96D21C3E9D52170
:103890002288A3783F49EA80CA800B723E492B7286
:1038A000CA800B722168A0F803204371C2800372A2
:1038B0003A4C3B48E2802372A0F80320394C437114
:1038C000C28003723848E2802372A0F80320374C8C
:1038D0004371C2800372080C2180A070A4F80320F9
:1038E0006371E2802372324C324D2180A070A4F8C3
:1038F00003206371E28023722F4CEA8021802B72B7
:10390000A070A4F803206371E28023722B4C218005
:10391000A070A4F803206371E2802372284C2180F8
:10392000A070A4F803206371E2802372254C2180EB
:10393000A070A4F803206371E2802372224C2180DE
:10394000A070A4F803206371E28023721F4C2180D1
:103950001F49A070A4F803201E486371E2802372FF
:10396000A1F803201C4C4B71CA800B721B49E280EA
:103970002372C2800372A1F803204B71CA800B72BC
:1039800030BC7047D4970624B0860108A8020024F2
:10399000CC0200249C02002460020024B402002413
:1039A000F0020024D802002478020024C4A10624D6
:1039B000ACA10624E4020024B8A1062494A10624A4
:1039C000E8A10624D0A10624DCA10624A0A1062497
:1039D0001403002408030024FC02002484020024B1
:1039E000714A036811698B4200B587B04BD0916E64
:1039F0008B4200F0B680D2F8C0108B4200F0B3804A
:103A0000D2F818118B4200F0B080B3F1804F1ED075
:103A1000664A93420DD0664A934200F0A880654AF8
:103A2000934200F0B280644A93421ED007B05DF822
:103A300004FB624BD3F8E82042F00202C3F8E8200E
:103A4000D3F8E83003F002030293029BEEE75B4BEE
:103A5000D3F8E82042F00102C3F8E820D3F8E830B8
:103A600003F001030193019BE0E7544BD3F8E820F6
:103A700042F01002C3F8E820D3F8E83003F0100356
:103A80000593059BD2E700205821B3F1804F01FB3D
:103A90000022127B1ED045498B4235D044498B42CF
:103AA00048D044498B42BED1444BD3F8E81041F092
:103AB0000801C3F8E810D3F8E83003F008030493D2
:103AC000049B002AB2D0322000220F21F6F71EFA02
:103AD000322014E0394BD3F8E81041F00101C3F86B
:103AE000E810D3F8E83003F001030193019B002AAA
:103AF0009CD01C2000220F21F6F708FA1C2007B0EA
:103B00005DF804EBF6F740BA2C4BD3F8E81041F01F
:103B10000201C3F8E810D3F8E83003F0020302937F
:103B2000029B002A82D01D2000220F21F6F7EEF919
:103B30001D20E4E7214BD3F8E81041F00401C3F85D
:103B4000E810D3F8E83003F004030393039B002A42
:103B50003FF46CAF1E2000220F21F6F7D7F91E208C
:103B6000CDE7012090E702208EE703208CE7134B7E
:103B7000D3F8E82042F00402C3F8E820D3F8E83094
:103B800003F004030393039B50E70C4BD3F8E820A6
:103B900042F00802C3F8E820D3F8E83003F0080345
:103BA0000493049B42E700BF00A2062400040040E7
:103BB00000080040000C0040001000400044025883
:103BC0000F4B026819698A420BD0996E8A4211D054
:103BD000D3F8C0108A420FD0D3F818118A420DD002
:103BE00070470021582202FB01331A6D002AF7D0DA
:103BF000586D10470121F5E70221F3E70321F1E7B2
:103C000000A20624014800F0EFBF00BF10A2062466
:103C1000014800F0E9BF00BF68A20624014800F097
:103C2000E3BF00BFC0A20624014800F0DDBF00BF13
:103C300018A30624F0B54FF0580C0F682E4D8DB028
:103C40000CFB07FC032F05EB0C06066047DC0B465C
:103C50000868344649689A6807C41B7B237004AC23
:103C60007268264B002A4FF00002726118BF1022C2
:103C7000B2610FCB84E80F000CAB03EB870353F862
:103C8000203CB3F1804F336124D01D4A934221D0B0
:103C900030890CF1100458230021802203FB0753C4
:103CA0002C44C3E907019A62204600F007FE034650
:103CB00000B1FEE74FF4805208A920460993019312
:103CC0000892CDE90A33CDE9023300F0C7FE03467E
:103CD00040B1FEE7582303FB07539868D9E701205A
:103CE0000DB0F0BD01A920460193039301F034F813
:103CF0000028F5D0FEE700BF00A20624F4710108F9
:103D0000000C0040006808B5037B10302BB100F0B8
:103D10008FFE003818BF012008BD00F06FFE00388C
:103D200018BF012008BD00BF0C4B00224FF0FF312F
:103D30001A739960196683F86420C3F8B81083F881
:103D4000BC20C3F8101183F81421C3E90022C3E991
:103D50001622C3E92C22C3E94222704700A206249E
:103D6000034688B190F83D20022A03D0802201202A
:103D70009A66704702680421002083F83D10D368DA
:103D800023F00103D36070470120704703682C497A
:103D90005A6910B49C6944F008049C619C6944F021
:103DA00010049C611C6824F001041C601C69214003
:103DB0001961996821F44041996090F881100429B3
:103DC00001D0910630D490F88110032901D0540617
:103DD0001FD4910509D5D0F8841041F00101C0F835
:103DE0008410996941F400719961D20509D5D0F820
:103DF000842042F00802C0F884209A6942F480725C
:103E00009A6100235DF8044BA0F86230A0F86A3094
:103E10007047D0F8841041F00401C0F8841099690B
:103E200041F040019961D4E7D0F8841041F080015D
:103E3000C0F88410996941F020019961C3E700BF7F
:103E400090FCFFFF002800F0A48002680021F8B574
:103E5000514B044681629A4216D0A3F578439A42A8
:103E600012D003F58063C0689A4200F08A800F2860
:103E700008D8E16B00F108034D09DB0805FB0333AB
:103E8000082B15D90120F8BDE068E16B00F10803AB
:103E9000414E4D09DB0805FB0333404DAA4218BFD4
:103EA000B24203D005F58065AA4201D1102BE9D8B2
:103EB00094F8813003F0FF05002B58D0002702232F
:103EC0006568A66B84F88130136823F001031360E2
:103ED000A369B3F1806F3ED03943676B3B43676A98
:103EE0003B4327693B4367693B43276A3B43E76C96
:103EF0003B43A7683B43A76C3B43A76D3B432B4326
:103F00003343E669314308439060D360B5B99368A1
:103F100023F4C05343F400639360936823F4C063B5
:103F200043F480639360136D23F001031365002055
:103F30000123C4F8840084F88130F8BD136D23F0A8
:103F4000010313656B02F2D5D368616D23F0004362
:103F50000B43D360EBE7B5F5800FBDD1002EBBD18D
:103F6000D2F800C04CF4805CC2F800C0B4E7204630
:103F700084F88050FFF76AF92268A76AE16BE0686D
:103F80009DE7E16B00F108034D09DB0805FB0333F6
:103F90008CE70120704700BF00300140003800402E
:103FA000F8B590F88030012B00F08C8090F88130CB
:103FB000154601220446DEB2934280F880206AD181
:103FC000002963D0B5FA85F35B09002D5ED003228A
:103FD0004366A0F8683080F88120C0F88430A0F8EB
:103FE0006250A0F86A30C165A0F86050C0E91C3387
:103FF0008368B3F5C02F04D10268136843F40063EB
:104000001360E368A06F0F2B4BD98369B3F5804F22
:104010003CD122683A4B3B4F2032036452F8183CA3
:10402000C763394F23F40043C7640027076542F88C
:10403000183CB4F862309BB2F6F7D8FA002844D1A5
:10404000A36F324ADB69B3F5807F2368596802EABF
:10405000010218BF2A435A609A68616842F400421C
:10406000B1F5800F9A601A6942F448721A611A68B1
:1040700042F001021A6003D11A6842F400721A6019
:1040800000231E4684F880303046F8BD002384F8B3
:1040900080303046F8BD0023022680F8803030465C
:1040A000F8BD072B83691AD8B3F5005F20D0B3F5AC
:1040B000804FAED1B4F862309BB203339B08A4F8B2
:1040C0006230A6E702263046F8BDD4F884300122DB
:1040D00043F01003C4F8843084F88120D9E7B3F5A5
:1040E000804F05D0B3F5005FD0D1B3F5804F90D1AC
:1040F000B4F862309BB201335B08A4F8623088E701
:1041000059450108DD440108854501080000FFFF0D
:1041100070B51D4690F88030012B00F0B980012366
:10412000044680F8803090F881304068DBB2B0F50A
:10413000800F7DD0012B40F08580002D18BF002A14
:1041400071D000296FD094F88130042B02D0052360
:1041500084F881300023E1652168C4F88430A4F834
:104160006250A4F86A50A4F860506266A4F86850DF
:10417000C4E91C338B6823F440438B60E3680F2B46
:1041800065D9E06F8369B3F5804F4CD194F88130E5
:10419000042B00F08A805E4B03645E4BC3635E4E6B
:1041A0003031B4F86A30C66400269BB20665F6F773
:1041B0001DFA00286ED12268A16F9368203243F463
:1041C000804342F8183CB4F86230C1E90F00C1E9FD
:1041D00013009BB20846E16DF6F708FA002859D1A2
:1041E000A36FDB69B3F5807F236863D059684B4ABE
:1041F0000A402A435A609A68616842F40042B1F565
:10420000800F9A601A6942F458721A611A6842F073
:1042100001021A6003D11A6842F400721A60002386
:1042200084F8803070BD0023012084F8803070BD98
:10423000A06800287FF47EAF042B3FF47EAF012BF3
:104240003FF47BAF0023022084F8803070BD072B41
:1042500035D8A36F9B69B3F5005F50D0B3F5804F9D
:1042600006D1B4F862309BB203339B08A4F86230E5
:10427000E06F8369B3F5005F39D0B3F5804F85D126
:10428000B4F86A309BB203339B08A4F86A307DE728
:10429000022070BDD4F88430012243F01003104690
:1042A000C4F8843084F8812070BD1D4B03641D4B1D
:1042B000C36374E75968194A0A405A609BE7E06F84
:1042C0008369B3F5005F02D0B3F5804FABD1A66F21
:1042D000B669B6F5804F06D1B4F86260B6B2013661
:1042E0007608A4F86260B3F5804F7FF44FAFB4F85E
:1042F0006A309BB201335B08A4F86A3046E7B4F831
:1043000062309BB201335B08A4F86230B0E700BFB3
:10431000794501082D450108854501080000FFFF8A
:1043200069450108054501082DE9F04115468268F7
:1043300004460E4622B94368B3F5800F00F095801D
:1043400094F88030012B00F09980012384F88030AC
:1043500094F88130012BDFB269D1002E61D0B5FA1B
:1043600085F35B09002D5CD00421B2F5C02F666691
:1043700084F88110A4F86850C4F88430A4F8603040
:10438000A4F86A50A4F86230C4E91C3304D122684E
:10439000136823F400631360E3680F2B4ED9E06FBA
:1043A0008369B3F5804F3CD121688B6823F4804347
:1043B0008B603246454EB4F86A3030310664444E64
:1043C0009BB2C663434EC66400260665F6F70EF937
:1043D000002857D1E36F404ADB69B3F5807F23683B
:1043E000596802EA010218BF2A435A609A68616854
:1043F00042F48042B1F5800F9A601A6942F450721B
:104400001A611A6842F001021A6003D11A6842F474
:1044100000721A6000231F4684F880303846BDE8D9
:10442000F081002384F880303846BDE8F081002315
:10443000022784F880303846BDE8F081072B2BD85E
:104440002168E06F8B6823F480438B608369B3F548
:10445000005F32D0B3F5804FABD1B4F86A309BB275
:1044600003339B08A4F86A30A3E72B4604250A46C9
:1044700080F88150BDE8F041FFF74ABE0227384678
:10448000BDE8F081D4F88430012243F01003C4F871
:10449000843084F88120C7E7E06F8269B2F5804FED
:1044A00002D0B2F5005FBCD12168B2F5804F8B68B5
:1044B00023F480438B607FF47CAFB4F86A309BB206
:1044C00001335B08A4F86A3073E700BF694501084F
:1044D00005450108854501080000FFFF806B08B510
:1044E00090F88130072B09D0836FDB69B3F5807FAB
:1044F00005D00268136943F00803136108BDFFF794
:104500000DF808BD806B08B590F88130072B09D0F5
:10451000C36FDB69B3F5807F05D00268136943F090
:104520000803136108BDFFF75BF808BD806B08B591
:1045300090F88130072B09D0836FDB69B3F5807F5A
:1045400005D00268136943F00803136108BDFFF743
:10455000A9F808BD704700BF806B08B5FFF7FAFFE8
:1045600008BD00BF704700BF806B08B5FFF7FAFFBA
:1045700008BD00BF704700BF806B08B5FFF7FAFFAA
:1045800008BD00BF10B5846BF6F73AFD022800D1D4
:1045900010BD236830495A69986940F00800986155
:1045A000986940F010009861186820F001001860C8
:1045B000186901401961996821F44041996094F8A3
:1045C0008110042901D091063AD494F8811003296E
:1045D00001D0500629D4910509D5D4F8841041F0B2
:1045E0000101C4F88410996941F400719961D20500
:1045F00009D5D4F8842042F00802C4F884209A69CE
:1046000042F480729A61002301222046A4F86230AD
:10461000A4F86A30D4F8843043F01003C4F884302E
:1046200084F88120FFF7A0F810BDD4F8841041F081
:104630000401C4F88410996941F040019961CAE706
:10464000D4F8841041F08001C4F88410996941F0D5
:1046500020019961B9E700BF90FCFFFF0368196969
:104660005A692DE9F04101EA02059F68044690F875
:10467000816005F0640CBCF1040F2FD005F04500FB
:10468000012834D005F02600022800F0DF8028073A
:1046900070D59A6917F4404FF6B242F008029A6159
:1046A0009A6942F010029A619A6942F400629A6132
:1046B0001A6922F008021A6123D0042E00F0DE806D
:1046C000A26FD269EAB1032E50D0E26FD269C2B1B3
:1046D000052E14D12046FEF7E5FF10E0436F984702
:1046E000236F2046984705F04503012B02D1236F25
:1046F0002046984705F02605022D00F0A780BDE86A
:10470000F0819A6812F4404F1FD1B4F86A2092B237
:10471000DAB1626E0EE01B6B42F8043B6266B4F8DD
:104720006A30013B9BB2A4F86A30B4F86A309BB29D
:104730005BB12368E1680F29EDD8072940F2928028
:104740001B8E22F8023B6266E9E72046FFF71EFB5C
:10475000012384F88130D4F88430002B7FD1052EDA
:10476000B8D0042E00F08F80032EC8D12046FEF76B
:10477000D5FEC4E7100501D50A077AD415F4587F91
:10478000BDD06E0609D5D4F8842042F00402C4F8E6
:1047900084209A6942F040029A61A80509D5D4F8AC
:1047A000842042F00102C4F884209A6942F4007225
:1047B0009A61E90509D5D4F8842042F00802C4F8CA
:1047C00084209A6942F480729A61AA0609D5D4F8C5
:1047D000842042F08002C4F884209A6942F02002CA
:1047E0009A61D4F88420002A89D0196807F44047D8
:1047F000274A21F00101B7F5404F1960196902EA13
:1048000001021A6127D19A68E06F22F440429A604F
:1048100050B1204B0365F6F709F828B1D4F884307D
:1048200043F04003C4F88430A06F00283FF467AF22
:10483000184B0365F5F7FAFF00283FF460AFD4F892
:10484000843043F04003C4F8843058E7636F204657
:10485000BDE8F04118470123204684F88130FEF777
:1048600083FF4CE793F830301370626E013262665A
:1048700055E79A6942F400629A6140E7E26FD269B3
:10488000002A3FF43EAF2046FEF7AAFE37E700BFFE
:1048900094FCFFFF9948010808B5806B00230122B2
:1048A000A0F86A30A0F8623080F88120FEF75CFF43
:1048B00008BD00BF90F88100704700BF002800F0DD
:1048C0008F8038B590F83D30044603F0FF02002B8E
:1048D00060D0226802234349B2F1804F84F83D3012
:1048E000A2EB01011368B1FA81F14FEA511127D00F
:1048F00031BB3D483D4D824251D000F5806082423F
:104900004DD0551B00F58060B5FA85F582424FEA1F
:1049100055154DD0002D4BD1354836498A4218BF28
:1049200082424FD001F580618A424BD0A06923F0CA
:104930008003E168034313606368D162936223E0FC
:104940002A4D23F07003A068551B0343B5FA85F583
:104950006D09206923F440730343A06923F08003A9
:1049600003431360E368D3626368936251B94DB93E
:104970001F49204B9A4218BF8A4203D003F5806337
:104980009A4201D16369136301230020536184F8C3
:104990003D3038BD80F83C20FFF722F899E7551BE1
:1049A00023F07003A068B5FA85F503436D09D0E7DD
:1049B000A06823F0700303430F488242C9D0002D42
:1049C000C7D1A9E7206923F44073A1690343E068D4
:1049D00023F080030B4361681360D0629162C7E7E4
:1049E0000120704700000140000400400004014025
:1049F0000040014000440140000C00404FF0020C18
:104A000001680A4A034680F83DC088680240062AC9
:104A100006D0B2F5803F03D00A6842F001020A6076
:104A20000122002083F83D20704700BF07000100ED
:104A30000368094AD96841F00101D96099680A40C0
:104A4000062A06D0B2F5803F03D01A6842F0010270
:104A50001A600020704700BF0700010090F83C304A
:104A6000012B7DD002460223006830B4012482F875
:104A70003D3082F83C40544C83681C400B68602BEE
:104A800084606FD01DD9B3F5005F59D042D94F492A
:104A90008B4206D038D94E498B4202D010318B421E
:104AA00006D184684B4921400B4343F007038360E0
:104AB00000230121184682F83D1082F83C3030BCBA
:104AC0007047402B67D019D9502BF1D1036A4C683D
:104AD000CD6823F00A03016A1C433E4B21F001011B
:104AE0000162816921F0F00141EA051181610462EE
:104AF00081680B4043F057038360D9E7202BD0D067
:104B00001AD9302BD4D1CCE723F01001B1F5801F96
:104B1000CED1C6E7702BCBD18468D1E901532B43AA
:104B2000CD6824F47F4143EA05230B438360836807
:104B300043F077038360BBE733F01001B8D1B0E7EF
:104B4000D1E9015384682B43CD6824F47F4143EAC3
:104B500005230B438360836843F480438360A7E7A6
:104B600002207047046A4D6824F01004C96804628A
:104B7000836923F4704343EA0133016A21F0A00101
:104B80008361144B41EA0511016281680B4043F0D7
:104B9000670383608CE7036A4C68CD6823F00A03DF
:104BA000016A1C430B4B21F001010162816921F074
:104BB000F00141EA05118161046281680B4043F014
:104BC0004703836074E700BF8800CEFF2000100019
:104BD000300010008FFFCFFF704700BF704700BF4D
:104BE000704700BF704700BF03681A69910710B58E
:104BF000044602D5DA68920768D41A69520702D5CA
:104C0000DA6850074FD41A69110702D5DA6812071B
:104C100037D41A69D00602D5DA68D1061ED41A69CB
:104C2000D20702D5DA68D00769D41A69110602D50D
:104C3000DA6812066BD41A69D00502D5DA68110653
:104C40006DD41A69520602D5DA6850066FD41A6913
:104C5000910602D5DA68920649D410BD6FF01001B2
:104C60000822204619612277DB6913F4407F6FD157
:104C7000FFF7B2FF2046FFF7B3FF00222368227739
:104C8000CDE76FF008010422204619612277DB6925
:104C90009B075AD1FFF7A0FF2046FFF7A1FF002294
:104CA00023682277B5E76FF00401022220461961DC
:104CB00022779B6913F4407F44D1FFF78DFF204694
:104CC000FFF78EFF0022236822779CE76FF0020136
:104CD0000122196102779B69990730D1FFF77CFFA8
:104CE0002046FFF77DFF00222368227785E76FF0DB
:104CF000200220461A61BDE8104000F05FB86FF056
:104D0000010220461A61FEF75BFF23688DE76FF012
:104D1000800220461A6100F053F823688BE76FF495
:104D2000807220461A6100F04DF8236889E76FF021
:104D3000400220461A61FFF755FF236887E7FFF717
:104D40004DFFD0E7FFF74AFFBCE7FFF747FFA6E7B5
:104D5000FFF744FF91E700BF90F83C20012A28D0DC
:104D600003460068022230B4134D83F83D20A84268
:104D70004268846818D005F58065A84214D024F0F4
:104D8000800C22F070020C688968224300244CEAEF
:104D900001014FF0010C42608160204683F83DC064
:104DA00083F83C4030BC704722F470024D682A43BF
:104DB000E5E70220704700BF00000140704700BFD8
:104DC000704700BF704700BFDFED067AD0ED016A83
:104DD00060EE277A80ED000A87EEA67A80ED027AEF
:104DE000704700BFDB0FC940D0ED036A0023D0ED50
:104DF000027A9FED0B7A76EEA77A86EE870AF4EEBA
:104E0000C77AF1EE10FAC8BF77EEC77AF5EEC07A2E
:104E1000C0ED037AF1EE10FA48BFC360704700BFDF
:104E2000DB0FC94070B504464FF416520021243000
:104E300004F500552DED048BB0EE408A84ED000A98
:104E400000F07AFFDFED546A9FED547A002087FE70
:104E5000267ADFED536A0121DFED527A05F2A4567E
:104E6000C6EE888A9FED509A9FED506A0023504A03
:104E700005F2A455636022614FF4165227EE277A9B
:104E8000D4ED027AF5EEC07ADFED4A7A27EE087AA1
:104E9000C7FE897AF1EE10FA84ED057AC7FEC67A6C
:104EA00027EE277AB5EE006AFDEE007A48BFF1EEF4
:104EB000686A84ED037A58BFF0EE686AC6FEA77A86
:104EC000C4E9070142F2C8500021C7FEC67A204457
:104ED000C4ED027A86ED008A04F5804400F02CFFD0
:104EE000DFED307ADFED2C6A00239FED2C7A012272
:104EF00087FE267A27EE277AD6ED026AEB61B5EEB9
:104F0000005AF4EEC96A2A4B67EE087A2A629FEDCE
:104F1000267AF7EE005A9FED256AF1EE10FAC6EDFB
:104F2000057A04F53560DFED236A04F64832C6FEE3
:104F3000876AC6FEC66A67EEA67A336104F64C330A
:104F400086ED019A48BFF1EE688A4FF07C51C5EDBD
:104F5000037ABDEE006AC8FE867A85FE076AC7FE40
:104F6000C57A86FE656AC5ED027AF6EE086A83EDBB
:104F7000006A04F6583304F65434C6FE877ABDEC52
:104F8000048BC7FEE57AC0ED007A116083ED007AEC
:104F900084ED007A70BD00BFCDCCC040CDCCCC3DFF
:104FA0009A99993F6F12833A000000007B146E3F7C
:104FB000CDCC4C3E6666663F00F580420023B7EEDE
:104FC000006A02F65831F0EE406AF0B502F6543449
:104FD00023600B6090ED027AD0ED017A77EE277AAC
:104FE000F4EEC67AF1EE10FA40F3F28077EEC67A6C
:104FF000B1EE477A76EE677A80ED027AC0ED017AFB
:1050000090ED037A40F65F1390ED056A4FF4166554
:10501000C169B7EE005AA7EE876A90ED043A00EB3B
:10502000810EF6EE003A9FED7E7AB0EE470AFDEE75
:10503000C65A15EE904AF8EEE55AA34236EE656A76
:1050400028BF2346774C03620B4480ED066A01F6C5
:105050005F11A4FB037603F1010C360A05FB16333E
:1050600000EB8303D3ED097AA4FB0C63A4FB01647A
:105070001B0A240A05FB13CC02F64C3305FB14145F
:1050800000F5005100EB8C0CD3ED004A01F5B5633F
:10509000DCED095A35EE644A75EEE75AE6EE257AFC
:1050A000B0EE666AA7EE836A76EEA77A67EEA37A19
:1050B0008EED096AC46101F2AC50A7EE840AA7EE36
:1050C000A47A90ED006AD3ED007A76EE277AF4EEBA
:1050D000C57AF1EE10FA40F38E8077EEC57AB1EE24
:1050E000466A75EE677AC3ED007A80ED006A01F5D5
:1050F000B66501F5B76040F65F1301F2BC54D5ED1B
:10510000005A02F5356690ED006A4FF4166ED1F83C
:10511000C005B6EE004AA5EEA76AD6ED004AF7EE46
:10512000005A75EEE45AFDEEC67A17EE905AF8EE84
:10513000E77AAB4276EE677A28BF2B46394DC4ED4D
:10514000007AC1F8C4350344A5FB037603F1010CD2
:10515000360A0EFB163304EB830393ED036AA5FBBB
:105160000C631B0A0EFB13CC04EB8C0C04EB8004C9
:1051700000F65F109CED035AA5FB005301F2B455F5
:1051800035EE465A1B0AA7EE856A0EFB130002F69F
:10519000483393ED005A02F6543302F6583276EE55
:1051A000867A67EE847AA5EEA70AA4EEA77AD5EDF3
:1051B000007AE6EE276A20EE050A27EE057AC4EDAE
:1051C000036AC1F8C00583ED000A82ED007AF0BDE4
:1051D000FFEE005AF4EEE57AF1EE10FA7FF50EAF2D
:1051E00077EE867AB1EE477A75EEE77A80ED027A4D
:1051F000C0ED017A04E7FFEE005AF4EEE57AF1EE35
:1052000010FA02D4C3ED007A71E777EE857AB1EE39
:10521000466A75EEE77AC3ED007A80ED006A66E7CC
:1052200000000000B5814E1B44F65433034493ED57
:10523000000A704744F65833034493ED000A704760
:1052400042F2A4539FED0A7ADFED0A7A034480FE0E
:10525000070A90ED057A80FE670AD3ED057A27EEFE
:10526000007A27EE800A80ED037A83ED030A704707
:10527000000000007B146E3FF1EE007AD0ED006A72
:1052800090ED027A00F5005320EE270A03F2A452B3
:10529000B5EEC07A03F2A453B5EE007AC0EE267ADA
:1052A000F1EE10FAFDEE006A48BFF1EE677AC7FE34
:1052B000A67AD2ED006AC7FEC77AC0ED027AC0EEC8
:1052C000267A92ED027AB5EEC07AFDEE006AB5EE6E
:1052D000007AF1EE10FA48BFF1EE677AC7FEA67ABF
:1052E000C7FEC77AC3ED027A704700BFDFED147ABC
:1052F00042F2A4539FED136AF0EE676A9FED127AB3
:105300000344E0EE066A93ED006AC7FEA67A67EEF4
:10531000877A90ED007AD0ED036A27EE877A67EE00
:10532000867AC6FEC76AC0ED036AD3ED036A80EDD4
:10533000057AC3ED057AC6FEE77AC3ED037A7047B6
:10534000CDCCCC3DCDCCFC406F12833A42F2A4537D
:10535000F7EE007A9FED057A034480FE070A80FE8F
:10536000670A80ED040A83ED040A7047000000001C
:105370000B460146184600F089BC00F004B800F066
:1053800002B800F002B800F0C1BC012838BF01200B
:1053900010B50446204600F0B1FC30B900F006F824
:1053A00008B900F06BFC8047F4E710BD024B1868A9
:1053B000BFF35B8F704700BF60A3062400000000AE
:1053C00038B510EE104AC4F30A53B3F57D7FB7EE3B
:1053D000C07A1ED227EE077BB3F5667F6FD327EE28
:1053E000071B634B93ED142B93ED125B93ED0E3B78
:1053F000A7EE025B93ED0C0B93ED104BA7EE030BA6
:1054000027EE017BA1EE040BA5EE070BB7EEC00B58
:1054100038BD40F22E42934254D8554991ED086B65
:1054200027EE066BFDEEC66B91ED0A5B16EE903A29
:1054300003F500031B1613F0020F06EE903A01F17C
:10544000700208BF0A46D807B8EEE66BA6EE457BA9
:1054500027EE076B1AD503F0030301EBC30393EDAB
:10546000002B92ED1A4B92ED185B92ED163BA6EED7
:10547000045B27EE027B27EE064B26EE046BA4EEC0
:10548000037BA5EE067BB7EEC70B38BD92ED142B60
:1054900092ED127B92ED0E3B92ED0C0B92ED104BC8
:1054A00026EE065BA6EE027BA6EE030B26EE056B50
:1054B000A5EE040BA7EE060BB7EEC00B38BDB7EE9A
:1054C000000A38BDB3F5FF6F3DD22A4BC4F38362A7
:1054D00003EB820153F822200D69C4F31603C4F3D1
:1054E000C25043F400038340086A03FB02F2A3FBAB
:1054F0000010E3FB050202F100518D0F01F0404165
:10550000511AEBF7D3F81C4B9FED177B05EBD474C6
:1055100041EC160B14F0020FA3F1700208BF134602
:10552000E90726EE077B27EE076B10D504F003048E
:1055300002EBC40494ED002B93ED1A4B93ED185B32
:1055400093ED163B93E7BDE8384000F057B893ED74
:10555000142B93ED127B93ED0E3B93ED0C0B93ED1F
:10556000104B9DE7AFF30080182D4454FB21193CEC
:10557000088B0108A88A0108788B010810B582B051
:105580008DED010A044600F08FFB9DED010A0460D9
:1055900002B010BD30B1F1EE407A27EE800A222031
:1055A000FFF7ECBFF0EE407A27EE800A2220FFF7EB
:1055B000E5BF00BF9FED010AFFF7ECBF0000001040
:1055C0009FED010AFFF7E6BF0000201A9FED010AD8
:1055D000FFF7E0BF000000709FED070AFFEE007AC2
:1055E000B7EE007A00284FF0220047FE277A87EEB8
:1055F000800AFFF7C3BF00BF0000000070EE407AD2
:10560000B4EE400A87EEA77AF1EE10FAB0EE470A40
:1056100002D62120FFF7B2BF704700BF10EE103A4C
:10562000B3F17E5F3ED0A3F50001B1F1FE4F10EE65
:10563000102A3AD2BFEE002B02F14043284903F56D
:105640004D03C3F3C34001EB001091ED424B91EDCC
:10565000447B91ED406B91ED465BD90DC9052DED75
:10566000028B90ED021B90ED008B521ADB1500EEC1
:10567000103A03EE902AB8EEC00BB7EEE33A30EEE4
:10568000010BA8EE032BBDEC028B22EE023BA4EE35
:10569000027BA5EE020BA6EE037BA3EE070BB7EE93
:1056A000C00B70479FED0F0A7047590014D0B3F13B
:1056B000FF4F14D0002B0BDBB1F17F4F08D2DFED91
:1056C0000A7A60EE277A17EE903AA3F13862B1E7D2
:1056D00000EE103AFFF792BF0120FFF77DBF704741
:1056E00060880108000000000000004B000000007E
:1056F00030B410EE103A2DED028BA3F5000110EE40
:10570000902AB1F1FE4F10EE104A82B04FEA4201EA
:105710007ED201F1FF3C6FF08070844580F0F9800B
:10572000002004F1404303F54D03C3F3C341DB0DF7
:10573000DB05E21ADB1507EE903ABFEE001BB24B19
:1057400003EB011191ED004B05EE102AB7EEC55A9F
:10575000A4EE051B93ED444B21EE012B93ED465B2C
:1057600093ED403BA1EE045B93ED426B93ED484B10
:10577000A1EE036B22EE023BB8EEE78BB7EEE07AC8
:1057800091ED020B38EE000BA1EE040BA2EE050B1F
:10579000A6EE030B27EE000B10EE903A48F2BF0284
:1057A000C3F3CF33934252D2B7EE007B974B93EDC6
:1057B000402B30EE023B13EE102A33EE423B02F058
:1057C0001F01821803EBC10053F83140456830EEE9
:1057D000433B93ED465B93ED424BA3EE057BB0EE6E
:1057E000470B93ED446B0023181905EBC23141ECD4
:1057F000170BA3EE046B23EE034BA6EE040B20EE77
:10580000070BB7EEC00B02B0BDEC028B30BC70478B
:105810004D1E6FF08070854280F0CE8059004D1E85
:10582000854280F09280002B55DB0020B4F5000FFC
:10583000BFF477AFDFED767A07EE103A67EE277A9E
:1058400017EE904A24F00044A4F1386469E79FED14
:10585000667BB4EEC70BF1EE10FA15DC9FED647BAE
:10586000B4EEC70BF1EE10FA20DD4FF04C5388B1C7
:105870000193DDED017ABFEE007A77EE677AF4EE00
:10588000477AF1EE10FA11D002B0BDEC028B30BCB9
:10589000FFF79CBE0093DDED007AB7EE007A77EE5D
:1058A000877AF4EE477AF1EE10FAEDD19FED527B54
:1058B000B4EEC70BF1EE10FA57D99FED517BB4EE61
:1058C000C70BF1EE10FA7FF56FAF02B0BDEC028BA3
:1058D00030BCFFF775BEC2F3C7517E2911DD962992
:1058E00054DC0120C1F1960100FA01F1481E10427A
:1058F00007D111EA020018BF4FF4803024F00044B1
:1059000094E700EE103A02B0BDEC028B30BCFFF71A
:1059100075BE002952D0B3F17E5F2CD06400B4F183
:105920007F4F2ED8B1F17F4F2BD1B4F1FE4F4BD02A
:10593000B4F1FE4F6FEA020234BF00240124D20FFB
:1059400094424CD09FED330A5DE7002B20EE000A15
:105950001EDB002000293AD1002ABFF654AF02B066
:10596000BDEC028B30BCFFF737BE02B0BDEC028B42
:1059700030BCFFF71FBE82F48002520012F5000F08
:1059800022D907EE903A37EEA00A3CE70020B5E7AF
:10599000C2F3C753A3F17F001728DAD8C3F19600EA
:1059A000012303FA00F0441E1442D2D11040D1D09A
:1059B000B1EE400A1846CDE70029AFD184F4800249
:1059C000520012F5000FDCD8B7EE000A1BE7002AE0
:1059D000BFF619AFF7EE007A87EE800A13E720EEE4
:1059E000A00A10E7AFF3008071D5D1FFFFFF5F4041
:1059F000E2AAA3FFFFFF5F400000000000C062C0FA
:105A00000000000000A062C080890108188701081A
:105A10000000004B0000000030B510EE104AC4F347
:105A20000A53B3F57D7FB7EEC06A83B01BD226EE72
:105A3000065BB3F5667F70D326EE052B25EE021BC1
:105A4000754B93ED1A3B93ED187B93ED164BA5EE3A
:105A5000037BA2EE046BB0EE460BA7EE010BB7EE94
:105A6000C00B03B030BD40F22E42934260D86A4969
:105A700091ED087B26EE077BFDEEC77B91ED0A5B7F
:105A800017EE903A03F500031B1613F0020F07EE12
:105A9000903A01F1700208BF0A46D807B8EEE77BDA
:105AA000A7EE456BB0EE460B26EE067B1BD403F04B
:105AB000030301EBC30392ED1A5B93ED003B92ED00
:105AC000186B20EE030B92ED164BA7EE056B20EE44
:105AD000075B27EE057BA5EE040BA6EE070BB7EEE2
:105AE000C00B03B030BD92ED142B27EE075B92ED97
:105AF000126B92ED0E3BA7EE026B92ED0C0B92ED4A
:105B0000104BA7EE030B27EE057BA5EE040BA6EECC
:105B1000070BB7EEC00B03B030BD220D12F4FF6FC0
:105B2000DFD1B7EEC55B00EE104A8DED015AD8E724
:105B3000B3F5FF6F4BD2394BC4F3836203EB8201A1
:105B400053F822200D69C4F31603C4F3C25043F482
:105B500000038340086A03FB02F2A3FB0010E3FB8F
:105B6000050202F100518D0F01F04041511AEAF790
:105B70009DFD2B4B9FED267B05EBD47441EC160B62
:105B800014F0020FA3F1700208BF1346E90726EED6
:105B9000077B27EE076B1FD404F0030402EBC40459
:105BA00093ED1A4B94ED002B93ED185B27EE027BDF
:105BB00093ED163BA6EE045B27EE064B26EE046B38
:105BC000A4EE037BA5EE067BB7EEC70B89E703B017
:105BD000BDE83040FFF712BD93ED142B26EE065BB7
:105BE00093ED127B93ED0E3BA6EE027B93ED0C0B37
:105BF00093ED104BA6EE030B26EE056BA5EE040B02
:105C0000A7EE060BB7EEC00B6BE700BFAFF300804B
:105C1000182D4454FB21193C088B0108A88A01085F
:105C2000788B010808B52DED028BB0EE408A00F0AC
:105C300021F80E4B93F9003001330BD0B4EE488AB3
:105C4000F1EE10FA06D6DFED0A8AB4EEE88AF1EE3C
:105C500010FA02D4BDEC028B08BD00F025F888EEE6
:105C6000A80ABDEC028B2123036008BD9003002429
:105C700000000000B1EEC00A704700BF08B5062062
:105C800000F07EF9012001F073FA000010B5054C18
:105C900013462CB10A4601460220AFF3008010BD26
:105CA0002046FCE700000000014B1868704700BF69
:105CB0009403002470B50D4D0D4C641BA4100026F8
:105CC000A64209D10B4D0C4C03F042F8641BA41002
:105CD0000026A64205D170BD55F8043B9847013611
:105CE000EEE755F8043B98470136F2E7708D01085E
:105CF000708D0108708D0108948D0108024B0146DA
:105D0000186800F06DB800BF94030024024B0146F0
:105D1000186800F019B800BF940300240A449142A7
:105D200000F1FF3300D1704710B511F8014B03F8B3
:105D3000014F9142F9D110BD02440346934200D174
:105D4000704703F8011BF9E737B5002944D051F833
:105D5000043C0190002BA1F10404B8BFE41800F04A
:105D600087FA1E4A0198136833B96360146003B060
:105D7000BDE8304000F082BAA34208D92568611915
:105D80008B4201BF19685B6849192160EDE71A462B
:105D90005B680BB1A342FAD911685518A5420BD123
:105DA000246821445418A3421160E0D11C685B6848
:105DB000536021441160DAE702D90C230360D6E76F
:105DC000256861198B4204BF19685B68636004BF72
:105DD000491921605460CAE703B030BD64A30624AA
:105DE000F8B5CD1C25F0030508350C2D38BF0C2562
:105DF000002D064601DBA94203D90C2333600020A5
:105E0000F8BD00F035FA21490A6814469CB9204FC4
:105E10003B6823B92146304600F07AF838602946BD
:105E2000304600F075F8431C23D10C233360304614
:105E300000F024FAE3E723685B1B17D40B2B03D98C
:105E400023601C44256004E06368A2420CBF0B6021
:105E50005360304600F012FA04F10B00231D20F0CD
:105E60000700C21ACCD01B1AA350C9E722466468A7
:105E7000CCE7C41C24F00304A042E3D0211A30462E
:105E800000F046F80130DDD1CFE700BF64A306245F
:105E900068A30624164B10B51C68A36BB3B9182071
:105EA000FFF72CFFA06328B90246124B12484E217F
:105EB00000F0B6F8114A124BC0E90023114B836081
:105EC0000B23838101220023C0E90423A46B0E4A23
:105ED000206963690D49424301FB0322A0FB0101D4
:105EE000431C42EB0100C4E9043020F0004010BD27
:105EF00094030024EC8B0108038C01080E33CDAB16
:105F000034126DE6ECDE05002DF451582D7F954CD2
:105F100038B5064D0023044608462B6001F012F9FF
:105F2000431C02D12B6803B1236038BD70A3062443
:105F30001F2938B504460D4604D9162303604FF0D7
:105F4000FF3038BD426C12B152F821304BB92046B7
:105F500000F030F82A4601462046BDE8384000F0FF
:105F600017B8012B0AD0591C03D116230360012056
:105F7000E7E7002442F82540284698470020E0E75C
:105F8000024B01461868FFF7D3BF00BF94030024FB
:105F900038B5074D00230446084611462B6001F032
:105FA000B9F8431C02D12B6803B1236038BD00BF90
:105FB00070A3062401F09EB80CB430B5174B0C1E2C
:105FC0001D689DB008DA8B232B604FF0FF301DB0A9
:105FD000BDE8304002B070474FF40273ADF81430A2
:105FE00014BF04F1FF332346049307934FF6FF7366
:105FF00002900690ADF81630209A21AB02A92846EF
:10600000019300F09DF9431CBCBF8B232B60002C37
:10601000DDD0029B00221A70D9E700BF9403002450
:106020001FB514461A46094B1B680546D8684CB183
:10603000074B0091CDE9013406492B4600F0E4F806
:10604000FFF71CFE044B1C46F3E700BF940300243B
:10605000808C01088D8C0108BB8C0108002310B5D1
:106060000446C0E90033C0E904338360818143669C
:10607000C2818361194608225C30FFF75DFE054B43
:106080006362054BA362054BE362054B2462236305
:1060900010BD00BF1D6B01083F6B0108776B010845
:1060A0009B6B0108014900F0C1B800BF756E010883
:1060B00070B568224D1E55430E4605F17401FFF779
:1060C0008FFE044640B10021C0E900160C30A060EC
:1060D00005F16802FFF730FE204670BD014800F070
:1060E000C5B800BF6DA30624014800F0C0B800BFCA
:1060F0006DA30624014800F0B9B800BF6EA30624C2
:10610000014800F0B4B800BF6EA3062410B50446E1
:10611000FFF7F0FFA3691BB1BDE81040FFF7F0BF28
:10612000C4E912332365134B134A1B68A262A342CE
:1061300004BF0123A361204600F020F860602046E0
:1061400000F01CF8A060204600F018F80022E06083
:1061500004216068FFF782FFA06801220921FFF790
:106160007DFFE06802221221FFF778FF0123A3617F
:10617000D2E700BFE88B0108A5600108F8B5074623
:10618000FFF7ACFF1E4B1E68B36913B93046FFF72B
:10619000BDFF4836D6E90134013B03D533680BB364
:1061A0003668F7E7B4F90C50D5B9164BE36004F143
:1061B0005800656600F059F8FFF796FFC4E90155ED
:1061C000C4E904552560A5610822294604F15C0054
:1061D000FFF7B2FDC4E90D55C4E912552046F8BDDC
:1061E0006834D9E704213846FFF762FF044630607F
:1061F0000028D5D1FFF778FF0C233B60EEE700BF06
:10620000E88B01080100FFFF0EB403B5014603ABA4
:10621000054853F8042B0068019300F0BBF902B065
:106220005DF804EB03B07047940300242DE9F843B4
:106230000646884600F148040027D4E90195B9F1E3
:10624000010905D52468002CF7D13846BDE8F8834C
:10625000AB89012B07D9B5F90E30013303D029469C
:106260003046C04707436835E9E7704770477047D5
:106270000148FFF7FBBF00BF6CA306240148FFF7EE
:10628000F6BF00BF6CA306242DE9F0478E689E423E
:1062900082460C4690461F4638D88A8912F4906F81
:1062A00032D025680969A5EB0109656905EB45054B
:1062B00005EBD57501334B446D109D4238BF1D462B
:1062C000530531D52946FFF78BFD064650B90C23FF
:1062D000CAF80030A38943F04003A3814FF0FF3098
:1062E000BDE8F08721694A46FFF718FDA38923F42A
:1062F000906343F08003A381266165614E44A5EB62
:1063000009052660A5603E46BE4200D93E4620688B
:106310003246414600F062FEA3689B1BA3602368DF
:10632000334423600020DBE72A4600F071FE064676
:106330000028E1D121695046FFF706FDC7E70000BC
:106340002DE9F04F98468B891B069DB007460D46F8
:1063500014460ED50B6963B94021FFF741FD286053
:10636000286120B90C233B604FF0FF30D1E040237F
:106370006B610023099320238DF82930CDF80C8020
:106380003023DFF8A8818DF82A304FF00109234629
:106390009A4613F8012B0AB1252AF9D1BAEB040B5E
:1063A0000BD05B46224629463846FFF76DFF013089
:1063B00000F0AA80099A5A4409929AF80030002BFA
:1063C00000F0A28000234FF0FF32CDE905230AF14F
:1063D000010A049307938DF853301A93544605220B
:1063E00014F8011B5148E9F783FF049AD8B9D00685
:1063F00044BF20238DF85330110744BF2B238DF861
:1064000053309AF800302A2B15D0079A54460020B2
:106410004FF00A0C214611F8013B303B092B4ED9B5
:10642000B0B1079214E0A0EB080309FA03F3134399
:106430000493A246D2E7039B191D1B680391002B0E
:10644000BBBF5B4242F0020207930793B8BF0492BE
:1064500023782E2B0CD163782A2B35D1039B1A1D60
:106460001B680392002BB8BF4FF0FF330234059333
:10647000DFF8C8A0217803225046E9F739FF40B180
:106480004023A0EB0A0003FA00F0049B034301340D
:10649000049314F8011B26488DF828100622E9F70A
:1064A00027FF002838D0234B1BBB039B073323F067
:1064B000070308330393099B3344099367E70CFBF5
:1064C00002320C460120A5E700230134059319464A
:1064D0004FF00A0C204610F8012B303A092A03D954
:1064E000002BC5D00591C3E70CFB01210446012315
:1064F000F0E703AB00932A460F4B04A93846AFF3ED
:106500000080421C0646D6D1AB895B063FF52CAF16
:1065100009981DB0BDE8F08F03AB00932A46064BE7
:1065200004A9384600F0D4F9EBE700BF1C8D010840
:10653000268D01080000000089620108228D0108F3
:106540009368013B002B10B4936008DA9469A3426E
:1065500001DB0A2903D15DF8044B00F023BB13686B
:10656000581C1060197008465DF8044B7047F8B568
:1065700006460F461446D518AC4201D1002007E06C
:1065800014F8011B3A463046FFF7DAFF431CF3D1FB
:10659000F8BD00002DE9F04F0D469DB01446984619
:1065A000064618B183690BB9FFF7B0FD894B9D42D0
:1065B0001BD175686B6ED90705D4AB899A0502D4D7
:1065C000A86DFFF753FEAB891B0701D52B69EBB90B
:1065D0002946304600F04AFBC0B16B6EDC070ED591
:1065E0004FF0FF301DB0BDE8F08F7B4B9D4201D1D5
:1065F000B568DFE7794B9D4208BFF568DAE7AB89FC
:106600009805EDD4A86DFFF732FEE9E70023099362
:1066100020238DF82930CDF80C803023DFF8C0819D
:106620008DF82A304FF0010923469A4613F8012BC2
:106630000AB1252AF9D1BAEB040B0BD05B462246EE
:1066400029463046FFF793FF013000F0AA80099AEF
:106650005A4409929AF80030002B00F0A2800023DF
:106660004FF0FF32CDE905230AF1010A04930793A5
:106670008DF853301A935446052214F8011B5848DC
:10668000E9F736FE049AD8B9D10644BF20238DF825
:106690005330130744BF2B238DF853309AF8003042
:1066A0002A2B15D0079A544600204FF00A0C214699
:1066B00011F8013B303B092B4ED9B0B1079214E0E1
:1066C000A0EB080309FA03F313430493A246D2E7AD
:1066D000039B191D1B680391002BBBBF5B4242F05B
:1066E000020207930793B8BF049223782E2B0CD194
:1066F00063782A2B35D1039B1A1D1B680392002B4C
:10670000B8BF4FF0FF3302340593DFF8E4A02178DF
:1067100003225046E9F7ECFD40B14023A0EB0A000C
:1067200003FA00F0049B03430134049314F8011BA3
:106730002C488DF828100622E9F7DAFD00283FD012
:10674000294B1BBB039B073323F007030833039339
:10675000099B3B44099367E70CFB02320C4601207E
:10676000A5E700230134059319464FF00A0C204693
:1067700010F8012B303A092A03D9002BC5D0059116
:10678000C3E70CFB012104460123F0E703AB0093B0
:106790002A46164B04A93046AFF300800746781C02
:1067A000D6D16B6ED90705D4AB899A0502D4A86DF2
:1067B000FFF75DFDAB895B063FF512AF099811E766
:1067C00003AB00932A46094B04A9304600F080F839
:1067D000E4E700BFDC8C0108FC8C0108BC8C0108DC
:1067E0001C8D0108268D0108000000006F6501085E
:1067F000228D01082DE9F047164699468A680B69F3
:10680000DDF820809342B8BF1346336091F84320EF
:1068100007460C460AB1013333602368990642BF2C
:10682000336802333360256815F0060506D104F19C
:10683000190AE36832689B1AAB4226DC94F84320BD
:10684000131E226818BF012392062BD404F14302C1
:1068500049463846C04701301ED02368E568326893
:1068600003F00603042B08BFAD1AA36822690CBF0E
:1068700025EAE57500259342C4BF9B1AED18002652
:106880001A34B5421AD1002008E001235246494685
:106890003846C047013003D14FF0FF30BDE8F087E4
:1068A0000135C6E7E1185A1C302081F84300224424
:1068B00094F8451082F843100233C7E701232246BB
:1068C00049463846C0470130E6D00136D9E70000D6
:1068D0002DE9FF470F7E0C9D782F914680460C4690
:1068E0009A4601F1430207D8622F0AD8002F00F020
:1068F000D880582F00F0A38004F1420584F842703C
:106900003AE0A7F16303152BF6D801A151F823F063
:10691000696901087D690108F9680108F9680108D9
:10692000F9680108F96801087D690108F96801083A
:10693000F9680108F9680108F9680108896A01081D
:10694000AD6901086B6A0108F9680108F968010876
:10695000AB6A0108F9680108AD690108F968010826
:10696000F9680108736A01082B681A1D1B682A6000
:1069700004F1420584F842300123A3E0206829682D
:10698000060601F104030AD50E682B60002E03DA17
:106990002D23764284F843305E480A2319E00E68BE
:1069A0002B6010F0400F18BF36B2EFE72B6820685D
:1069B000191D2960010601D51E6802E04606FBD5B7
:1069C0001E8854486F2F0CBF08230A23002184F827
:1069D00043106568A560002DA2BF216821F0040165
:1069E00021600EB9002D4DD01546B6FBF3F103FB27
:1069F0001167C75D05F8017D3746BB420E46F4D9E5
:106A0000082B0BD12368DE0708D5236961689942FA
:106A1000DEBF302305F8013C05F1FF35521B226132
:106A2000CDF800A04B4603AA21464046FFF7E2FE00
:106A300001304CD14FF0FF3004B0BDE8F08735484D
:106A400081F845702968236851F8046B29601D0698
:106A500014D5DF0744BF43F0200323601EB9236829
:106A600023F0200323601023B0E7236843F02003C2
:106A700023607823284884F84530E3E7590648BF67
:106A8000B6B2E6E71546BBE72B6826686169181DB4
:106A9000286035061B6801D5196002E07006FBD539
:106AA0001980002323611546BAE72B681A1D2A6056
:106AB0001D68626800212846E9F71AFC08B1401BEE
:106AC000606063682361002384F84330A8E723698A
:106AD0002A4649464046D0470130ABD023689B0741
:106AE00013D4E068039B9842B8BF1846A4E701237B
:106AF000324649464046D04701309BD00135E368D5
:106B000003995B1AAB42F2DCEBE7002504F11906AE
:106B1000F5E700BF2D8D01083E8D010810B50C462C
:106B2000B1F90E1000F09AFA0028ABBF636DA3898B
:106B30001B1823F48053ACBF6365A38110BD2DE9FE
:106B4000F0411F468B89DB0505460C46164605D5E8
:106B5000B1F90E100223002200F0C8F9A389B4F99C
:106B60000E1023F48053A38132463B462846BDE8ED
:106B7000F04100F069B810B50C46B1F90E1000F004
:106B8000B5F9431CA38915BF606523F4805343F412
:106B90008053A38118BFA38110BDB1F90E1000F07E
:106BA000D3B80000F8B50E461446054618B18369FF
:106BB0000BB9FFF7ABFA214B9C422BD16C68A36950
:106BC000A360A3891A072FD523696BB323692068B3
:106BD000C01A6369F6B28342374604DC2146284670
:106BE00000F048F930BBA368013BA36023685A1C3E
:106BF00022601E7063690130834204D0A389DB07E1
:106C000006D50A2E04D12146284600F033F988B96A
:106C10003846F8BD0A4B9C4201D1AC68CFE7094B1E
:106C20009C4208BFEC68CAE72146284600F01EF8DF
:106C30000028CBD04FF0FF37EAE700BFDC8C01081B
:106C4000FC8C0108BC8C010838B5074D0446084689
:106C5000114600222A601A4600F082FA431C02D133
:106C60002B6803B1236038BD70A30624324B70B586
:106C70001D6806460C4625B1AB6913B92846FFF7D7
:106C800045FA2E4B9C420FD16C68A389B4F90C20B5
:106C900019072CD4DD0611D40923336042F04003D8
:106CA000A3814FF0FF303EE0254B9C4201D1AC6800
:106CB000EBE7244B9C4208BFEC68E6E7580712D587
:106CC000616B41B104F14403994202D03046FFF7B1
:106CD0003BF800236363A38923F02403A3810023EB
:106CE000636023692360A38943F00803A3812369B8
:106CF0004BB9A38903F42073B3F5007F03D0214679
:106D0000304600F02BF9A089B4F90C2010F00103F3
:106D10000AD00023A36063695B42A361236943B97E
:106D200010F08000BAD170BD810758BF6369A360BD
:106D3000F4E70020F7E700BF94030024DC8C01088F
:106D4000FC8C0108BC8C010838B5064D00230446B4
:106D500008462B6000F0BEF9431C02D12B6803B13A
:106D6000236038BD70A306248A892DE9F0410546C9
:106D700010070C4658D44B68002B05DC0B6C002B1D
:106D800002DC0020BDE8F081E66A002EF9D0002385
:106D900012F480522F682B6032D0606DA3895A079D
:106DA00005D56368C01A636B0BB1236CC01A00234E
:106DB0000246E66A216A2846B047431CA38906D1E9
:106DC00029681D292CD82A4ACA40D60728D500226E
:106DD0006260D9042269226004D5421C01D12B686B
:106DE00003B96065616B2F600029CAD004F14403C8
:106DF000994202D02846FEF7A7FF00206063C1E752
:106E0000216A01232846B047411CC7D12B68002BBB
:106E1000C4D01D2B01D0162B01D12F60B1E7A3895F
:106E200043F04003A381ADE70F69002FA9D093077A
:106E30000E6808BF4B690F6018BF0023A6EB070858
:106E40008B60B8F1000F9CDD216AA66A43463A4682
:106E50002846B047002806DCA38943F04003A381FD
:106E60004FF0FF308EE70744A8EB0008E9E700BFCA
:106E70000100402038B50B6905460C4613B90025C2
:106E8000284638BD18B183690BB9FFF73FF9144B99
:106E90009C421BD16C68B4F90C30002BEFD0626EB1
:106EA000D00704D4990502D4A06DFFF7DFF9284676
:106EB0002146FFF759FF636EDA070546E0D4A38940
:106EC0009B05DDD4A06DFFF7D2F9D9E7054B9C42B5
:106ED00001D1AC68DFE7044B9C4208BFEC68DAE7FD
:106EE000DC8C0108FC8C0108BC8C010838B5074D0E
:106EF00004460846114600222A601A4600F012F99C
:106F0000431C02D12B6803B1236038BD70A3062453
:106F100070B50E46B1F90E10002996B014461D4604
:106F200008DAB6F90C3000222A601A0610D44FF4A1
:106F300080630EE06A4600F0A3F80028F1DB019AB6
:106F400002F47042A2F500535A425A412A60EEE719
:106F500040230020236016B070BD00008B8973B5FC
:106F60009D0706460C4607D504F1470323602361BD
:106F70000123636102B070BD01AB6A46FFF7C8FF31
:106F8000009905463046FEF72BFF48B9B4F90C309E
:106F90009A05EFD423F0030343F00203A381E3E750
:106FA0000D4BB362A389206043F08003A381009B53
:106FB0006361019B20615BB1B4F90E10304600F0B3
:106FC00071F828B1A38923F0030343F00103A381DF
:106FD000A0890543A581CDE7A5600108884210B5C9
:106FE00001EB020402D98442234607D8431EA14282
:106FF00008D011F8012B03F8012FF8E702440146ED
:107000008A4200D110BD13F8014D02F8014DF7E797
:10701000F8B5074614460E4621B9BDE8F8401146BA
:10702000FEF7DEBE22B9FEF78FFE25462846F8BDE4
:1070300000F048F8A0420FD221463846FEF7D0FEB5
:1070400005460028F2D031462246FEF767FE31465B
:107050003846FEF779FEE9E73546E7E738B5074DEC
:1070600004460846114600222A601A4600F062F8DB
:10707000431C02D12B6803B1236038BD70A30624E2
:1070800038B5074D00230446084611462B6000F032
:1070900029F8431C02D12B6803B1236038BD00BF1F
:1070A00070A3062438B5064D0023044608462B601D
:1070B00000F028F8431C02D12B6803B1236038BDCF
:1070C00070A3062451F8043C181F002BBCBF0B58BA
:1070D000C0187047024B58221A604FF0FF307047BB
:1070E00070A30624024B58221A604FF0FF307047FD
:1070F00070A30624024B58221A604FF0FF307047ED
:1071000070A30624024B58221A600020704700BF6B
:1071100070A30624024B58221A604FF0FF307047CC
:1071200070A30624024B58221A604FF0FF307047BC
:1071300070A30624024B58221A604FF0FF307047AC
:1071400070A30624044A05491368002B08BF0B46A8
:10715000184410601846704774A3062478A30624C8
:10716000024B58221A604FF0FF30704770A306247C
:10717000FEE700BFFFFFFFFFFFFF0000FFFFFFFF75
:10718000FFFFFFFFFFFFFFFFFFFFFFFFFFFFFFFF0F
:10719000FFFFFFFFFFFFFFFFFFFFFFFFFFFFFFFFFF
:1071A000FFFFFFFFFFFFFFFFFFFFFFFFFFFFFFFFEF
:1071B000FFFFFFFFFFFFFFFFFFFFFFFFFFFFFFFFDF
:1071C0000106000001070000005400400058004084
:1071D000005C0040001C00582500260027003400F9
:1071E00035004700520053008E00000001010103EA
:1071F00007010000000000400004004000080040BB
:10720000000C0040707265737365640072656C6594
:107210006173656400000000010400006DDBDBB6F3
:107220004992B66D24499224776574006D6978009F
:10723000667265710000000073706565640000008F
:10724000726174650000000064657074680000007D
:10725000766F6C756D6500006761696E00000000F7
:107260006C6576656C0000006372757368000000E1
:107270006269747300000000746F6E6500000000A6
:1072800066696C74657200006375746F66660000F1
:10729000666565646261636B00000000646563613C
:1072A0007900000074696D650000000064616D7014
:1072B000000000006C706672657100002D2D0000EA
:1072C00025732564000000004300000043230000F4
:1072D0004400000044230000450000004600000078
:1072E0004623000047000000472300004100000043
:1072F0004123000042000000C8720108CC7201085E
:10730000D0720108D4720108D8720108DC72010839
:10731000E0720108E4720108E8720108EC720108E9
:10732000F0720108F4720108F1F0F03CF1F0703DE8
:10733000F1F0F03DB5B4343EF1F0703EB5B4343EFA
:10734000F1F0F03DF1F0703DF1F0F03C452C25649A
:107350000A000000502C25642C25642C25642C2563
:10736000640A0000532C25642C25732C25640A0024
:10737000542C25642C25642C25732C25642C256421
:107380000A0000002E2E2E004261736500000000EE
:10739000556E6B6E6F776E000000000000000000FD
:1073A000852800089D2800083D2800084528000879
:1073B000512800085D280008752800087928000871
:1073C0008128000811290008BD2800087D28000830
:1073D00043686F7275730000576574004C464F2008
:1073E00046726571000000004C464F204465707481
:1073F00068000000466565646261636B0000000020
:10740000D873010801000000000000000000000027
:107410005300000000000000140000001C7601086A
:10742000010000000000000000000000400000001B
:107430000100000015000000DC73010801000000DD
:107440000000000000000000230000000200000017
:1074500016000000E87301080100000000000000B1
:1074600000000000280000000300000017000000DA
:10747000F47301080100000000000000000000009B
:107480001E000000040000001800000000000000C2
:10749000000000001D2D0008312D0008652E000899
:1074A000992E0008052F0008512F000875280008A4
:1074B000792800088128000811290008BD28000843
:1074C000512D0008526576657262000054696D6541
:1074D0000000000044616D70000000004D697800FC
:1074E000CC74010801000000000000000000000052
:1074F000390000000000000001000000D474010801
:107500000100000000000000000000002800000052
:107510000100000015000000DC74010801000000FB
:107520000000000000000000390000000200000020
:10753000160000000000000000000000712F00088D
:10754000852F0008A1300008D53000083931000827
:10755000A53100087528000879280008812800084E
:1075600011290008BD280008A52F00084372757373
:10757000686572004C6576656C0000004269747342
:10758000000000004375746F6666000074750108A2
:1075900001000000000000000000000028000000C2
:1075A00000000000FFFFFFFF7C75010803000000E2
:1075B000200000000000000020000000010000008A
:1075C000FFFFFFFF847501080100000000000000BC
:1075D000000000004000000002000000FFFFFFFF6D
:1075E0000000000000000000A9310008BD310008C3
:1075F000DD32000819330008513300085D28000807
:107600007528000879280008812800081129000839
:10761000BD280008D93100084772616E44656C616D
:107620007900000053697A65286D73290000000015
:1076300050697463680000005370726561640000F3
:10764000477261696E456E76000000005370656593
:10765000640000005769647468000000436F7300A1
:10766000536C6F7741746B004661737441746B00A7
:107670002476010801000000000000000000000066
:107680003F000000000000000E000000DC74010854
:1076900001000000000000000000000040000000A9
:1076A000010000000F00000030760108010000001A
:1076B0000000000000000000400000000200000088
:1076C00010000000387601080100000000000000F2
:1076D0000000000033000000FFFFFFFF110000006A
:1076E00040760108030000000300000004000024AD
:1076F00000000000FFFFFFFF120000004C760108B1
:107700000100000000000000000000005F00000019
:10771000FFFFFFFF13000000547601080100000086
:10772000000000000000000040000000FFFFFFFF1D
:10773000140000000000000000000000A533000855
:10774000B933000899380008393900089D3300081A
:10775000C93A00087528000879280008812800081F
:1077600011290008BD280008D93300088207533DBD
:107770006F12833A6666464000C0F5440A1E6C3DAF
:10778000E02D903A000060400066E6463842893DB0
:1077900089D2DE3A7B148E3F0032B346EDC3973D6B
:1077A00052491D3AA2457E4000981946DCB2A63DDA
:1077B0006F12833AF2D215400046A146D815B03D6B
:1077C000E02D903AE5D0F23F0032B3468DDE363DF3
:1077D00089D2DE3A9318643F0066E64608F3243DFA
:1077E00052491D3ADD244E40004461460600000027
:1077F0000C00000012000000180000000001000052
:10780000060100000C010000120100001801000038
:1078100000020000060200000C020000120200003C
:10782000180200000003000006030000000203002D
:107830000000000001000000000000000000FA4508
:1078400000007A460000FA4600803B470080BB47B4
:10785000001001400044004000480040004C00403F
:10786000005000400014014000780040007C0040BF
:10787000000C00580000000000040000000600009A
:107880000010000000000000003000000020000098
:1078900000000010000000000010000000000000C8
:1078A00001020304010203040607080900020102A1
:1078B0000002010201000200040008001000200084
:1078C00040008000000100020004000800100020B9
:1078D00000400080000002580004025800080258CE
:1078E000000C0258001002580014025800180258E8
:1078F000001C025800200258002402580028025898
:107900000000000000000000000000000000000077
:107910000000000000000000000000000000000067
:1079200000000000000000000000000C000C000C33
:10793000000C000C000C000C000C000C000C000CE7
:107940000000000C000C0000000000000000001B04
:10795000001B001B001B001B0000000000000000BB
:107960000000000000000000000000000000000017
:1079700000008019801980198019C07FC07F80198C
:107980000033C07FC07F003300330033003300007A
:10799000000000000000001E003F8075806500743C
:1079A000003C001E00078005806580658075003FF3
:1079B000001E0004000400000000007000D840D841
:1079C000C0D880D900730006000C801BC036C0668A
:1079D000C046C00680030000000000000000001E3A
:1079E000003F003300330033001E000CC03CC06673
:1079F000806380618063C03E801C00000000000046
:107A00000000000C000C000C000C000C000000003A
:107A10000000000000000000000000000000000066
:107A200000000000800000010003000600060004C2
:107A3000000C000C000C000C000C000C00040006F4
:107A40000006000300018000002000100018000C58
:107A5000000C0004000600060006000600060006F2
:107A60000004000C000C0018001000200000000CA6
:107A7000002D003F001E0033000000000000000049
:107A800000000000000000000000000000000000F6
:107A9000000000000000000C000C000C000CC0FFF7
:107AA000C0FF000C000C000C000C000000000000E7
:107AB00000000000000000000000000000000000C6
:107AC0000000000000000000000000000000000CAA
:107AD000000C00040004000800000000000000008A
:107AE00000000000000000000000001E001E00005A
:107AF0000000000000000000000000000000000086
:107B00000000000000000000000000000000000075
:107B1000000000000000000C000C0000000000004D
:107B20000000000300030003000600060006000634
:107B3000000C000C000C000C0018001800180000CD
:107B4000000000000000001E003F003380618061E3
:107B50008061806D806D8061806180610033003F55
:107B6000001E00000000000000000006000E001EC5
:107B70000036002600060006000600060006000685
:107B80000006000600060000000000000000001EC5
:107B9000003F807380618061800100030006000C5B
:107BA000001800300060807F807F0000000000002F
:107BB0000000001C003E006300630003000E000E86
:107BC00000038001800180618073003F001E00007F
:107BD0000000000000000006000E000E001E001E47
:107BE0000016003600360066807F807F00060006A3
:107BF00000060000000000000000007F007F006021
:107C000000600060006E007F806380018001806101
:107C10008073003F001E0000000000000000001EF6
:107C2000003F803380610060006E007F8073806160
:107C3000806180618033003F001E00000000000072
:107C40000000807F807F80010003000300060006A3
:107C5000000C000C000C00080018001800180000B0
:107C6000000000000000001E003F80638061806112
:107C70000021001E003F8061806180618061003FC3
:107C8000001E0000000000000000001E003F007306
:107C90008061806180618073803F801D8001806190
:107CA0000073003F001E0000000000000000000004
:107CB000000000000000000C000C000000000000AC
:107CC000000000000000000C000C0000000000009C
:107CD000000000000000000000000000000C000C8C
:107CE00000000000000000000000000C000C000478
:107CF0000004000800000000000000008000800375
:107D0000000E003800600038000E80038000000084
:107D10000000000000000000000000000000000063
:107D20000000807F807F00000000807F807F000057
:107D30000000000000000000000000000000000043
:107D40000000000000400070001C000780010007D8
:107D5000001C007000400000000000000000000057
:107D60000000001F803FC071C060C000C0018003E0
:107D70000007000E000C000C0000000C000C0000BE
:107D8000000000000000001E003F80318071806311
:107D9000806F806D806D806F806700600032003E74
:107DA000001C0000000000000000000E000E001B80
:107DB000001B001B001B80318031803F803F8031E1
:107DC000C060C060C0600000000000000000007CD7
:107DD000007E0063006300630063007E007E00633A
:107DE000806180618063007F007E000000000000F1
:107DF0000000001E003F8031806100600060006074
:107E000000600060006080618031003F001E000063
:107E1000000000000000007C007F00638063806140
:107E20008061806180618061806100630063007EA9
:107E3000007C0000000000000000807F807F006068
:107E4000006000600060007F007F006000600060F4
:107E50000060807F807F0000000000000000807FC5
:107E6000807F0060006000600060007F007F006035
:107E70000060006000600060006000000000000022
:107E80000000001E003F80318061006000600060E3
:107E900080638063806180618031803F001E0000CC
:107EA000000000000000806180618061806180616D
:107EB0008061807F807F806180618061806180617E
:107EC00080610000000000000000003F003F000C47
:107ED000000C000C000C000C000C000C000C000C42
:107EE000000C003F003F0000000000000000800187
:107EF000800180018001800180018001800180017A
:107F0000806180618073003F001E0000000000005F
:107F10000000C0608061006300660066006C00784D
:107F2000007C00660066006380618061C0600000C4
:107F30000000000000000060006000600060006061
:107F40000060006000600060006000600060807F92
:107F5000807F0000000000000000C071C071C07B85
:107F6000C07AC06AC06AC06EC064C060C060C060D1
:107F7000C060C060C06000000000000000008071B0
:107F80008071807980798079806D806D806D806569
:107F90008067806780678063806300000000000066
:107FA0000000001E003F00338061806180618061BD
:107FB00080618061806180610033003F001E0000AD
:107FC000000000000000007E007F8063806180610F
:107FD00080618063007F007E006000600060006060
:107FE00000600000000000000000001E003F0033A1
:107FF000806180618061806180618061806580676F
:108000000033803F401E0000000000000000007EA2
:10801000007F8063806180618063007F007E0066F6
:108020000063006380618061C060000000000000A8
:108030000000000E001F8031803100300038001E2B
:1080400000078003806180618031003F001E0000D6
:10805000000000000000C0FFC0FF000C000C000C7E
:10806000000C000C000C000C000C000C000C000CB0
:10807000000C000000000000000080618061806151
:1080800080618061806180618061806180618061E8
:108090008073003F001E0000000000000000C06070
:1080A000C060C060803180318031001B001B001B2C
:1080B000001B000E000E000E000400000000000077
:1080C0000000C0C0C0C0C0C0C0C0C0C0C0CC804CD8
:1080D000804C805E8052805280738061806100009D
:1080E000000000000000C0C0806080610033003BE1
:1080F000001E000C000C001E001F003B8071806100
:10810000C0C00000000000000000C0C080618061AD
:1081100000330033001E001E000C000C000C000C8D
:10812000000C000C000C0000000000000000803F6C
:10813000803F8001000300030006000C000C0018C3
:10814000001800300060807F807F00000000000089
:10815000000F000F000C000C000C000C000C000CB9
:10816000000C000C000C000C000C000C000C000CAF
:10817000000F000F0000001800180018000C000C81
:10818000000C000C000600060006000600030003B9
:108190000003000000000000001E001E0006000694
:1081A000000600060006000600060006000600069F
:1081B0000006000600060006001E001E0000000C5F
:1081C000000C001E0012003300338061806100004B
:1081D000000000000000000000000000000000009F
:1081E000000000000000000000000000000000008F
:1081F000000000000000000000000000000000007F
:10820000E0FF0000000000380018000C0000000033
:10821000000000000000000000000000000000005E
:10822000000000000000000000000000000000004E
:108230000000001F803F80618001801F803F8061BF
:108240008063807FC03800000000000000000060F4
:10825000006000600060006E007F8073806180615C
:10826000806180618073007F006E0000000000006C
:1082700000000000000000000000001E003F8073AE
:1082800080610060006080618073003F001E00001C
:108290000000000000008001800180018001801D3D
:1082A000803F807380618061806180618073803FE6
:1082B000801D000000000000000000000000000021
:1082C0000000001E003F00738061807F807F00609F
:1082D0008071003F001E0000000000000000C00789
:1082E000C00F000C000C807F807F000C000C000C85
:1082F000000C000C000C000C000C00000000000042
:108300000000000000000000801D803F807380613D
:108310008061806180618073803F801D8001806307
:10832000007F003E00000060006000600060006FA1
:10833000807F807180618061806180618061806107
:108340008061000000000000000000060006000040
:108350000000003E003E0006000600060006000683
:1083600000060006000600000000000000060006EF
:1083700000000000003E003E000600060006000669
:10838000000600060006000600060046007E003CCF
:1083900000000060006000600060806100630066B3
:1083A000006C007C0076006300638061C0600000A8
:1083B000000000000000003E003E0006000600062F
:1083C000000600060006000600060006000600067D
:1083D0000006000000000000000000000000000097
:1083E000000080DDC0FFC0CEC0CCC0CCC0CCC0CCB3
:1083F000C0CCC0CCC0CC00000000000000000000D9
:10840000000000000000006F807F8071806180614B
:1084100080618061806180618061000000000000F7
:1084200000000000000000000000001E003F8073FC
:1084300080618061806180618073003F001E000068
:10844000000000000000000000000000006E007F3F
:10845000807380618061806180618073007F006EC5
:10846000006000600060006000000000000000008C
:10847000801D803F80738061806180618061807336
:10848000803F801D8001800180018001000000008C
:108490000000000000000067803F0039003000301D
:1084A00000300030003000300030000000000000DC
:1084B00000000000000000000000001E803F8061FE
:1084C0000060007F803F80018061007F001E00000F
:1084D0000000000000000000000800180018007FE5
:1084E000007F001800180018001800180018801FDE
:1084F000800F0000000000000000000000000000ED
:108500000000806180618061806180618061806144
:108510008063807F803D00000000000000000000BC
:10852000000000000000C060803180318031001BFD
:10853000001B001B000E000E0006000000000000E3
:108540000000000000000000000080DD80DD80DD14
:1085500000550055005500770077002200220000EA
:10856000000000000000000000000000000080612A
:1085700000330033001E000C000C001E00330033DB
:10858000806100000000000000000000000000000A
:1085900080618061803100330033001B001B001BB1
:1085A000000E000E000E001C007C00700000000099
:1085B000000000000000C07FC07F800100030006B3
:1085C000000C00180030C07FC07F000000000000D9
:1085D0008003800700060006000600060006000E65
:1085E000001C001C000E0006000600060006000627
:1085F000800780030006000600060006000600064D
:10860000000600060006000600060006000600063A
:1086100000060006000600060038003C000C000CB6
:10862000000C000C000C000E00070007000E000CF0
:10863000000C000C000C000C003C00380000000096
:10864000000000000000000000008038807F00472C
:10865000000000000000000000000000000000001A
:108660000006101600061016018080808080808031
:1086700004808080808080800880808080808080EE
:1086800010808080808080802080808080808080BA
:108690004000000000040810204000000204081000
:1086A000204000000804020408010101000000004D
:1086B0000B00FF00A8020024900200249C0200246A
:1086C00060020024CC020024B4020024C002002472
:1086D0006C020024F0020024D8020024E4020024EA
:1086E00078020024C4A10624ACA10624B8A1062463
:1086F00094A10624E8A10624D0A10624DCA1062426
:10870000A0A1062414030024FC0200240803002472
:108710008402002400000000000000000000F03F80
:10872000748515D3B0D9EF3F0F89F96C58B5EF3F79
:10873000515B12D00193EF3F7B517D3CB872EF3F0C
:10874000AAB968318754EF3F3862756E7A38EF3FC7
:10875000E1DE1FF59D1EEF3F15B7310AFE06EF3F24
:10876000CBA93A37A7F1EE3F2234124CA6DEEE3FFA
:108770002D89616008CEEE3F272A36D5DABFEE3F5D
:10878000824F9D562BB4EE3F295448DD07ABEE3F98
:1087900085553AB07EA4EE3FCD3B7F669EA0EE3F6E
:1087A000745FECE8759FEE3F8701EB7314A1EE3F19
:1087B00013CE4C9989A5EE3FDBA02A42E5ACEE3FF3
:1087C000E5C5CDB037B7EE3F90F0A38291C4EE3F40
:1087D0005D253EB203D5EE3FADD35A999FE8EE3FFB
:1087E000475EFBF276FFEE3F9C5285DD9B19EF3F23
:1087F0006990EFDC2037EF3F87A4FBDC1858EF3F90
:108800005F9B7B33977CEF3FDA90A4A2AFA4EF3F4E
:1088100040456E5B76D0EF3F000000000000E8426C
:108820009423914BF86AAC3FF3C4FA50CEBFCE3FCD
:10883000D6520CFF422EE63F0000000000003843F5
:10884000FE822B65471547409423914BF86ABC3E46
:10885000F3C4FA50CEBF2E3FD6520CFF422E963FA5
:10886000BEF3F879EC61F63F1930965BC6FEDEBFC9
:108870003D88AF4AED71F53FA4FCD432680BDBBFF5
:10888000B010F0F03995F43F7BB71F0A8B41D7BF8A
:108890008503B8B095C9F33F7BCF6D1AE99DD3BF6F
:1088A000A564880C190DF33F31B6F2F39B1DD0BFC0
:1088B000A08E0B7B225EF23FF07A3B1B1D7CC9BF72
:1088C0003F341A4A4ABBF13F9F3CAF93E3F9C2BF22
:1088D000BAE58AF05823F13F5C8D78BFCB60B9BF11
:1088E000A70099413F95F03FCE5F47B69D6FAABF65
:1088F000000000000000F03F000000000000000049
:10890000AC479AFD8C60EE3F3DF5249FCA38B33FDB
:10891000A06A021FB3A4EC3FBA913854A976C43FB1
:10892000E6FC6A573620EB3FD2E4C44A0B84CE3FC4
:108930002DAAA163D1C2E93F1C65C6F04506D43F0C
:10894000ED417803E686E83FF89F1B2C9C8ED83FCC
:10895000624853F5DC67E73FCC7BB14EA4E0DC3FD7
:108960004D7E0AF7B612D7BFE0326849BFCADE3F74
:10897000DEE3FA9F4715E7BFB8C8355F4715F73FF5
:10898000BEF3F879EC61F63F1930965BC6FEDEBFA8
:108990003D88AF4AED71F53FA4FCD432680BDBBFD4
:1089A000B010F0F03995F43F7BB71F0A8B41D7BF69
:1089B0008503B8B095C9F33F7BCF6D1AE99DD3BF4E
:1089C000A564880C190DF33F31B6F2F39B1DD0BF9F
:1089D000A08E0B7B225EF23FF07A3B1B1D7CC9BF51
:1089E0003F341A4A4ABBF13F9F3CAF93E3F9C2BF01
:1089F000BAE58AF05823F13F5C8D78BFCB60B9BFF0
:108A0000A70099413F95F03FCE5F47B69D6FAABF43
:108A1000000000000000F03F000000000000000027
:108A2000AC479AFD8C60EE3F3DF5249FCA38B33FBA
:108A3000A06A021FB3A4EC3FBA913854A976C43F90
:108A4000E6FC6A573620EB3FD2E4C44A0B84CE3FA3
:108A50002DAAA163D1C2E93F1C65C6F04506D43FEB
:108A6000ED417803E686E83FF89F1B2C9C8ED83FAB
:108A7000624853F5DC67E73FCC7BB14EA4E0DC3FB6
:108A80000B6E49C91676D23F7AC675A06919D7BF51
:108A9000DDBAA76C0AC7DE3FC8F6BE484715E7BF78
:108AA0002BB82A654715F73FA2000000F9A2000085
:108AB00083F9A2006E83F9A24E6E83F9444E6E8351
:108AC00015444E6E2915444EFC29154427FC2915E2
:108AD0005727FC29D15727FCF5D1572734F5D15713
:108AE000DD34F5D1C0DD34F5DBC0DD3462DBC0DD63
:108AF0009562DBC0999562DB3C999562433C999500
:108B000090433C994190433C000000000000F03F3E
:108B1000000000000000F0BF000000000000F0BFF7
:108B2000000000000000F03F83C8C96D305F644161
:108B3000182D4454FB21F93F000000000000F03FD5
:108B40001C620CFDFFFFDFBF198F06E15355A53FE7
:108B50009D359AE887C056BFC3F87B024393F93E20
:108B600003A695595455C5BFC40B23057610813F04
:108B700024CF7437EB9429BF000000000000F03FC1
:108B8000000000000000F0BF000000000000F0BF87
:108B9000000000000000F03F83C8C96D305F6441F1
:108BA000182D4454FB21F93F000000000000F0BFE5
:108BB0001C620CFDFFFFDF3F198F06E15355A5BF77
:108BC0009D359AE887C0563FC3F87B024393F9BEB0
:108BD00003A695595455C5BFC40B23057610813F94
:108BE00024CF7437EB9429BF980300245245454E97
:108BF00054206D616C6C6F6320737563636565648D
:108C00006564002F6D6E742F776F726B7370616384
:108C1000652F776F726B73706163652F4743432DC8
:108C200031302D706970656C696E652F6A656E6B89
:108C3000696E732D4743432D31302D706970656C1B
:108C4000696E652D34385F32303230313132345F05
:108C5000313630363138303634312F7372632F6EFF
:108C600065776C69622F6E65776C69622F6C6962DB
:108C7000632F7374646C69622F72616E642E63007B
:108C80002C2066756E6374696F6E3A200061737391
:108C9000657274696F6E2022257322206661696C8B
:108CA00065643A2066696C6520222573222C206C4D
:108CB000696E65202564257325730A000000000095
:108CC00000000000000000000000000000000000A4
:108CD0000000000000000000000000000000000094
:108CE0000000000000000000000000000000000084
:108CF0000000000000000000000000000000000074
:108D00000000000000000000000000000000000063
:108D1000000000000000000000000000232D302BA8
:108D20002000686C4C00656667454647003031326C
:108D300033343536373839414243444546003031C3
:108D40003233343536373839616263646566000022
:108D5000F8B500BFF8BC08BC9E467047F8B500BF28
:088D6000F8BC08BC9E467047F8
:088D6800D079FE7F010000003C
:108D7000C5020008F10B00087D5D00084D6C00087D
:108D80007572000851860008258E000831380108E8
:048D9000293D010870
:048D9400A102000830
:108D9800000000005C76010860760108687601082A
:108DA80010000000000000000000000000000000AB
:108DB800000000000000000010000000000000009B
:108DC800000000000000000000000000000000009B
:108DD800100000000000000000000000000000007B
:108DE800000000000000000000000000000000007B
:108DF800000000000000000000000000000000006B
:108E08000100000000000000000000000000000059
:108E18000000000000000000000000000100000049
:108E2800000000000000000000000000000000003A
:108E38000000000000000000010000000000000029
:108E4800000000000000000000000000000000001A
:108E58000000000001000000000000000000000009
:108E680000000000000000000000000000000000FA
:108E780001000000000000000000000000000000E9
:108E880000000000000000000000000001000000D9
:108E980000000000000000000000000000000000CA
:108EA80000000000000000000100000000000000B9
:108EB80000000000000000000000000000000000AA
:108EC8000000000001000000000000000000000099
:108ED800000000000000000000000000000000008A
:108EE8000100000001070800000000000000000069
:108EF8000106080000000000000000000B00FF0051
:108F080000020024F4010024180200240C020024AA
:108F18003002002424020024C4010024B8010024E3
:108F2800DC010024D0010024F09006243C02002437
:108F3800E8010024CC900624E4900624D890062466
:108F48006001002454010024010808020B080001F4
:108F580008000000010908020A08000008000000D3
:108F6800010C0E03020801050E000000020C0801A6
:108F7800060E00000000000001040B0000000000C5
:108F880000000000010707010F04000000000000B6
:108F9800010607010E04000000000000000307009E
:108FA80000000000000000000002070000000000B0
:108FB80000000000020B0700000000000000000095
:108FC800020A070000000000000000000609070070
:108FD80000000000000000000090D0030090D003C3
:108FE8000B120000047901080100000010000000C5
:108FF800060A05000405000000000000010C050138
:109008000407010905000000000406000000000034
:10901800000000000004080000000000000000003C
:109028000104050006050609050000000105050004
:109038000705000000000000060B050005050000FC
:1090480000000000010E05020205000000000000FB
:10905800020105010F0502030500000003030500D6
:109068000000000000000000020B060104060000DA
:1090780000000000020C06010507000000000000C7
:10908800020A0600000000000000000001040800B9
:10909800060800000000000001050800070800009D
:1090A80000000000000508000000000000000000AB
:1090B80000000000000000000000000000000000A8
:1090C8000000000000000000010000000000000097
:1090D8000000000000000000000000000000000088
:1090E8000000000001000000000000000000000077
:1090F8000000000000000000000000000000000068
:109108000100000000000000000000000000000056
:109118000000000000000000000000000100000046
:10912800FF0000009803002400000000DC8C010808
:10913800FC8C0108BC8C0108000000000000000045
:109148000000000000000000000000000000000017
:109158000000000000000000000000000000000007
:1091680000000000000000000000000000000000F7
:1091780000000000000000000000000000000000E7
:089188000000000000000000DF
:0400000508000A11D4
:00000001FF
