ARM GAS  C:\Users\aydan\AppData\Local\Temp\ccbXEJPg.s 			page 1


   1              		.cpu cortex-m7
   2              		.eabi_attribute 28, 1
   3              		.eabi_attribute 20, 1
   4              		.eabi_attribute 21, 1
   5              		.eabi_attribute 23, 3
   6              		.eabi_attribute 24, 1
   7              		.eabi_attribute 25, 1
   8              		.eabi_attribute 26, 1
   9              		.eabi_attribute 30, 2
  10              		.eabi_attribute 34, 1
  11              		.eabi_attribute 18, 4
  12              		.file	"granulardelay_module.cpp"
  13              		.text
  14              	.Ltext0:
  15              		.cfi_sections	.debug_frame
  16              		.section	.text._ZN10bkshepherd19GranularDelayModule13ProcessStereoEff,"ax",%progbits
  17              		.align	1
  18              		.p2align 2,,3
  19              		.global	_ZN10bkshepherd19GranularDelayModule13ProcessStereoEff
  20              		.arch armv7e-m
  21              		.syntax unified
  22              		.thumb
  23              		.thumb_func
  24              		.fpu fpv5-d16
  26              	_ZN10bkshepherd19GranularDelayModule13ProcessStereoEff:
  27              	.LVL0:
  28              	.LFB4745:
  29              		.file 1 "gml/GuitarPedal/Effect-Modules/granulardelay_module.cpp"
   1:gml/GuitarPedal/Effect-Modules/granulardelay_module.cpp **** #include "granulardelay_module.h"
   2:gml/GuitarPedal/Effect-Modules/granulardelay_module.cpp **** #include "diagnostic_config.h"
   3:gml/GuitarPedal/Effect-Modules/granulardelay_module.cpp **** 
   4:gml/GuitarPedal/Effect-Modules/granulardelay_module.cpp **** #include "daisy_core.h"
   5:gml/GuitarPedal/Effect-Modules/granulardelay_module.cpp **** 
   6:gml/GuitarPedal/Effect-Modules/granulardelay_module.cpp **** #if DIAG_FX_GRANULAR
   7:gml/GuitarPedal/Effect-Modules/granulardelay_module.cpp **** using namespace bkshepherd;
   8:gml/GuitarPedal/Effect-Modules/granulardelay_module.cpp **** 
   9:gml/GuitarPedal/Effect-Modules/granulardelay_module.cpp **** namespace
  10:gml/GuitarPedal/Effect-Modules/granulardelay_module.cpp **** {
  11:gml/GuitarPedal/Effect-Modules/granulardelay_module.cpp **** // The delayed audio history lives in SDRAM so the pedal keeps internal RAM
  12:gml/GuitarPedal/Effect-Modules/granulardelay_module.cpp **** // free for stack, DMA state, and other callback-critical objects.
  13:gml/GuitarPedal/Effect-Modules/granulardelay_module.cpp **** float DSY_SDRAM_BSS buffer_gran_delay[GranularDelayModule::kMaxSamples];
  14:gml/GuitarPedal/Effect-Modules/granulardelay_module.cpp **** static const char* s_grain_env_names[3] = {"Cos", "SlowAtk", "FastAtk"};
  15:gml/GuitarPedal/Effect-Modules/granulardelay_module.cpp **** 
  16:gml/GuitarPedal/Effect-Modules/granulardelay_module.cpp **** static const ParameterMetaData s_meta_data[GranularDelayModule::PARAM_COUNT] = {
  17:gml/GuitarPedal/Effect-Modules/granulardelay_module.cpp ****     {"Size(ms)", ParameterValueType::FloatMagnitude, 0, nullptr, 63, 0, 14},
  18:gml/GuitarPedal/Effect-Modules/granulardelay_module.cpp ****     {"Mix", ParameterValueType::FloatMagnitude, 0, nullptr, 64, 1, 15},
  19:gml/GuitarPedal/Effect-Modules/granulardelay_module.cpp ****     {"Pitch", ParameterValueType::FloatMagnitude, 0, nullptr, 64, 2, 16},
  20:gml/GuitarPedal/Effect-Modules/granulardelay_module.cpp ****     {"Spread", ParameterValueType::FloatMagnitude, 0, nullptr, 51, -1, 17},
  21:gml/GuitarPedal/Effect-Modules/granulardelay_module.cpp ****     {"GrainEnv", ParameterValueType::Binned, 3, s_grain_env_names, 0, -1, 18},
  22:gml/GuitarPedal/Effect-Modules/granulardelay_module.cpp ****     {"Speed", ParameterValueType::FloatMagnitude, 0, nullptr, 95, -1, 19},
  23:gml/GuitarPedal/Effect-Modules/granulardelay_module.cpp ****     {"Width", ParameterValueType::FloatMagnitude, 0, nullptr, 64, -1, 20},
  24:gml/GuitarPedal/Effect-Modules/granulardelay_module.cpp **** };
  25:gml/GuitarPedal/Effect-Modules/granulardelay_module.cpp **** 
  26:gml/GuitarPedal/Effect-Modules/granulardelay_module.cpp **** static float ClampFloat(float value, float lo, float hi)
  27:gml/GuitarPedal/Effect-Modules/granulardelay_module.cpp **** {
  28:gml/GuitarPedal/Effect-Modules/granulardelay_module.cpp ****     return value < lo ? lo : (value > hi ? hi : value);
  29:gml/GuitarPedal/Effect-Modules/granulardelay_module.cpp **** }
ARM GAS  C:\Users\aydan\AppData\Local\Temp\ccbXEJPg.s 			page 2


  30:gml/GuitarPedal/Effect-Modules/granulardelay_module.cpp **** 
  31:gml/GuitarPedal/Effect-Modules/granulardelay_module.cpp **** static float ParamToRange(float mag, float lo, float hi)
  32:gml/GuitarPedal/Effect-Modules/granulardelay_module.cpp **** {
  33:gml/GuitarPedal/Effect-Modules/granulardelay_module.cpp ****     return lo + ClampFloat(mag, 0.0f, 1.0f) * (hi - lo);
  34:gml/GuitarPedal/Effect-Modules/granulardelay_module.cpp **** }
  35:gml/GuitarPedal/Effect-Modules/granulardelay_module.cpp **** }
  36:gml/GuitarPedal/Effect-Modules/granulardelay_module.cpp **** 
  37:gml/GuitarPedal/Effect-Modules/granulardelay_module.cpp **** GranularDelayModule::GranularDelayModule()
  38:gml/GuitarPedal/Effect-Modules/granulardelay_module.cpp **** : BaseEffectModule(),
  39:gml/GuitarPedal/Effect-Modules/granulardelay_module.cpp ****   granular_(),
  40:gml/GuitarPedal/Effect-Modules/granulardelay_module.cpp ****   looper_(),
  41:gml/GuitarPedal/Effect-Modules/granulardelay_module.cpp ****   pitch_cents_(0.0f),
  42:gml/GuitarPedal/Effect-Modules/granulardelay_module.cpp ****   size_ms_(150.0f),
  43:gml/GuitarPedal/Effect-Modules/granulardelay_module.cpp ****   mix_(0.5f),
  44:gml/GuitarPedal/Effect-Modules/granulardelay_module.cpp ****   speed_(0.5f),
  45:gml/GuitarPedal/Effect-Modules/granulardelay_module.cpp ****   width_ms_(25.0f),
  46:gml/GuitarPedal/Effect-Modules/granulardelay_module.cpp ****   current_grain_size_ms_(150.0f),
  47:gml/GuitarPedal/Effect-Modules/granulardelay_module.cpp ****   first_count_(0),
  48:gml/GuitarPedal/Effect-Modules/granulardelay_module.cpp ****   loop_recorded_(false),
  49:gml/GuitarPedal/Effect-Modules/granulardelay_module.cpp ****   hold_(false)
  50:gml/GuitarPedal/Effect-Modules/granulardelay_module.cpp **** {
  51:gml/GuitarPedal/Effect-Modules/granulardelay_module.cpp ****     m_name = "GranDelay";
  52:gml/GuitarPedal/Effect-Modules/granulardelay_module.cpp ****     m_paramMetaData = s_meta_data;
  53:gml/GuitarPedal/Effect-Modules/granulardelay_module.cpp ****     InitParams(PARAM_COUNT);
  54:gml/GuitarPedal/Effect-Modules/granulardelay_module.cpp **** }
  55:gml/GuitarPedal/Effect-Modules/granulardelay_module.cpp **** 
  56:gml/GuitarPedal/Effect-Modules/granulardelay_module.cpp **** GranularDelayModule::~GranularDelayModule()
  57:gml/GuitarPedal/Effect-Modules/granulardelay_module.cpp **** {
  58:gml/GuitarPedal/Effect-Modules/granulardelay_module.cpp **** }
  59:gml/GuitarPedal/Effect-Modules/granulardelay_module.cpp **** 
  60:gml/GuitarPedal/Effect-Modules/granulardelay_module.cpp **** void GranularDelayModule::Init(float sample_rate)
  61:gml/GuitarPedal/Effect-Modules/granulardelay_module.cpp **** {
  62:gml/GuitarPedal/Effect-Modules/granulardelay_module.cpp ****     BaseEffectModule::Init(sample_rate);
  63:gml/GuitarPedal/Effect-Modules/granulardelay_module.cpp ****     for(int i = 0; i < kMaxSamples; ++i)
  64:gml/GuitarPedal/Effect-Modules/granulardelay_module.cpp ****         buffer_gran_delay[i] = 0.0f;
  65:gml/GuitarPedal/Effect-Modules/granulardelay_module.cpp **** 
  66:gml/GuitarPedal/Effect-Modules/granulardelay_module.cpp ****     looper_.Init(buffer_gran_delay, kMaxSamples);
  67:gml/GuitarPedal/Effect-Modules/granulardelay_module.cpp ****     looper_.SetMode(static_cast<daisysp::Looper::Mode>(3));
  68:gml/GuitarPedal/Effect-Modules/granulardelay_module.cpp ****     granular_.Init(buffer_gran_delay, kMaxSamples, sample_rate, 0.0f, 0.5f);
  69:gml/GuitarPedal/Effect-Modules/granulardelay_module.cpp **** 
  70:gml/GuitarPedal/Effect-Modules/granulardelay_module.cpp ****     first_count_ = 0;
  71:gml/GuitarPedal/Effect-Modules/granulardelay_module.cpp ****     loop_recorded_ = false;
  72:gml/GuitarPedal/Effect-Modules/granulardelay_module.cpp ****     hold_ = false;
  73:gml/GuitarPedal/Effect-Modules/granulardelay_module.cpp ****     for(int i = 0; i < PARAM_COUNT; ++i)
  74:gml/GuitarPedal/Effect-Modules/granulardelay_module.cpp ****         ParameterChanged(i);
  75:gml/GuitarPedal/Effect-Modules/granulardelay_module.cpp **** }
  76:gml/GuitarPedal/Effect-Modules/granulardelay_module.cpp **** 
  77:gml/GuitarPedal/Effect-Modules/granulardelay_module.cpp **** // Cache the user-facing parameter values here so the audio callback can just
  78:gml/GuitarPedal/Effect-Modules/granulardelay_module.cpp **** // use the precomputed numbers instead of re-reading metadata every sample.
  79:gml/GuitarPedal/Effect-Modules/granulardelay_module.cpp **** void GranularDelayModule::ParameterChanged(int parameter_id)
  80:gml/GuitarPedal/Effect-Modules/granulardelay_module.cpp **** {
  81:gml/GuitarPedal/Effect-Modules/granulardelay_module.cpp ****     switch(parameter_id)
  82:gml/GuitarPedal/Effect-Modules/granulardelay_module.cpp ****     {
  83:gml/GuitarPedal/Effect-Modules/granulardelay_module.cpp ****         case SIZE:
  84:gml/GuitarPedal/Effect-Modules/granulardelay_module.cpp ****             size_ms_ = ParamToRange(GetParameterAsMagnitude(SIZE), 1.0f, 300.0f);
  85:gml/GuitarPedal/Effect-Modules/granulardelay_module.cpp ****             break;
  86:gml/GuitarPedal/Effect-Modules/granulardelay_module.cpp ****         case MIX:
ARM GAS  C:\Users\aydan\AppData\Local\Temp\ccbXEJPg.s 			page 3


  87:gml/GuitarPedal/Effect-Modules/granulardelay_module.cpp ****             mix_ = GetParameterAsMagnitude(MIX);
  88:gml/GuitarPedal/Effect-Modules/granulardelay_module.cpp ****             break;
  89:gml/GuitarPedal/Effect-Modules/granulardelay_module.cpp ****         case PITCH:
  90:gml/GuitarPedal/Effect-Modules/granulardelay_module.cpp ****         {
  91:gml/GuitarPedal/Effect-Modules/granulardelay_module.cpp ****             const float semitones = ParamToRange(GetParameterAsMagnitude(PITCH), -12.0f, 12.0f);
  92:gml/GuitarPedal/Effect-Modules/granulardelay_module.cpp ****             pitch_cents_ = (float)((int)(semitones + (semitones >= 0.0f ? 0.5f : -0.5f))) * 100.0f;
  93:gml/GuitarPedal/Effect-Modules/granulardelay_module.cpp ****         }
  94:gml/GuitarPedal/Effect-Modules/granulardelay_module.cpp ****         break;
  95:gml/GuitarPedal/Effect-Modules/granulardelay_module.cpp ****         case SPREAD:
  96:gml/GuitarPedal/Effect-Modules/granulardelay_module.cpp ****             granular_.setStereoSpread(GetParameterAsMagnitude(SPREAD));
  97:gml/GuitarPedal/Effect-Modules/granulardelay_module.cpp ****             break;
  98:gml/GuitarPedal/Effect-Modules/granulardelay_module.cpp ****         case GRAIN_ENV:
  99:gml/GuitarPedal/Effect-Modules/granulardelay_module.cpp ****             granular_.setEnvelopeMode(GetParameterAsBinnedValue(GRAIN_ENV) - 1);
 100:gml/GuitarPedal/Effect-Modules/granulardelay_module.cpp ****             break;
 101:gml/GuitarPedal/Effect-Modules/granulardelay_module.cpp ****         case SPEED:
 102:gml/GuitarPedal/Effect-Modules/granulardelay_module.cpp ****             speed_ = ParamToRange(GetParameterAsMagnitude(SPEED), -2.0f, 2.0f);
 103:gml/GuitarPedal/Effect-Modules/granulardelay_module.cpp ****             break;
 104:gml/GuitarPedal/Effect-Modules/granulardelay_module.cpp ****         case WIDTH:
 105:gml/GuitarPedal/Effect-Modules/granulardelay_module.cpp ****             width_ms_ = ParamToRange(GetParameterAsMagnitude(WIDTH), 0.0f, 50.0f);
 106:gml/GuitarPedal/Effect-Modules/granulardelay_module.cpp ****             break;
 107:gml/GuitarPedal/Effect-Modules/granulardelay_module.cpp ****         default:
 108:gml/GuitarPedal/Effect-Modules/granulardelay_module.cpp ****             break;
 109:gml/GuitarPedal/Effect-Modules/granulardelay_module.cpp ****     }
 110:gml/GuitarPedal/Effect-Modules/granulardelay_module.cpp **** }
 111:gml/GuitarPedal/Effect-Modules/granulardelay_module.cpp **** 
 112:gml/GuitarPedal/Effect-Modules/granulardelay_module.cpp **** // This module is processed only from the audio callback, one sample at a time.
 113:gml/GuitarPedal/Effect-Modules/granulardelay_module.cpp **** // It reads the cached parameters above and writes the current wet output here.
 114:gml/GuitarPedal/Effect-Modules/granulardelay_module.cpp **** void GranularDelayModule::ProcessMono(float in)
 115:gml/GuitarPedal/Effect-Modules/granulardelay_module.cpp **** {
 116:gml/GuitarPedal/Effect-Modules/granulardelay_module.cpp ****     BaseEffectModule::ProcessMono(in);
 117:gml/GuitarPedal/Effect-Modules/granulardelay_module.cpp **** 
 118:gml/GuitarPedal/Effect-Modules/granulardelay_module.cpp ****     if(!loop_recorded_)
 119:gml/GuitarPedal/Effect-Modules/granulardelay_module.cpp ****     {
 120:gml/GuitarPedal/Effect-Modules/granulardelay_module.cpp ****         if(first_count_ == 0)
 121:gml/GuitarPedal/Effect-Modules/granulardelay_module.cpp ****             looper_.TrigRecord();
 122:gml/GuitarPedal/Effect-Modules/granulardelay_module.cpp ****         if(first_count_ > kMaxSamples)
 123:gml/GuitarPedal/Effect-Modules/granulardelay_module.cpp ****         {
 124:gml/GuitarPedal/Effect-Modules/granulardelay_module.cpp ****             loop_recorded_ = true;
 125:gml/GuitarPedal/Effect-Modules/granulardelay_module.cpp ****             looper_.TrigRecord();
 126:gml/GuitarPedal/Effect-Modules/granulardelay_module.cpp ****         }
 127:gml/GuitarPedal/Effect-Modules/granulardelay_module.cpp ****         else
 128:gml/GuitarPedal/Effect-Modules/granulardelay_module.cpp ****         {
 129:gml/GuitarPedal/Effect-Modules/granulardelay_module.cpp ****             ++first_count_;
 130:gml/GuitarPedal/Effect-Modules/granulardelay_module.cpp ****         }
 131:gml/GuitarPedal/Effect-Modules/granulardelay_module.cpp ****     }
 132:gml/GuitarPedal/Effect-Modules/granulardelay_module.cpp **** 
 133:gml/GuitarPedal/Effect-Modules/granulardelay_module.cpp ****     if(!hold_)
 134:gml/GuitarPedal/Effect-Modules/granulardelay_module.cpp ****         looper_.Process(in);
 135:gml/GuitarPedal/Effect-Modules/granulardelay_module.cpp **** 
 136:gml/GuitarPedal/Effect-Modules/granulardelay_module.cpp ****     current_grain_size_ms_ += 0.0001f * (size_ms_ - current_grain_size_ms_);
 137:gml/GuitarPedal/Effect-Modules/granulardelay_module.cpp ****     granular_.Process(speed_, pitch_cents_, current_grain_size_ms_, width_ms_);
 138:gml/GuitarPedal/Effect-Modules/granulardelay_module.cpp **** 
 139:gml/GuitarPedal/Effect-Modules/granulardelay_module.cpp ****     const float gran_left = granular_.getLeftOut();
 140:gml/GuitarPedal/Effect-Modules/granulardelay_module.cpp ****     const float gran_right = granular_.getRightOut();
 141:gml/GuitarPedal/Effect-Modules/granulardelay_module.cpp ****     m_audioLeft = gran_left * mix_ + in * (1.0f - mix_);
 142:gml/GuitarPedal/Effect-Modules/granulardelay_module.cpp ****     m_audioRight = gran_right * mix_ + in * (1.0f - mix_);
 143:gml/GuitarPedal/Effect-Modules/granulardelay_module.cpp **** }
ARM GAS  C:\Users\aydan\AppData\Local\Temp\ccbXEJPg.s 			page 4


 144:gml/GuitarPedal/Effect-Modules/granulardelay_module.cpp **** 
 145:gml/GuitarPedal/Effect-Modules/granulardelay_module.cpp **** void GranularDelayModule::ProcessStereo(float inL, float inR)
 146:gml/GuitarPedal/Effect-Modules/granulardelay_module.cpp **** {
  30              		.loc 1 146 1 view -0
  31              		.cfi_startproc
  32              		@ args = 0, pretend = 0, frame = 0
  33              		@ frame_needed = 0, uses_anonymous_args = 0
  34              		@ link register save eliminated.
 147:gml/GuitarPedal/Effect-Modules/granulardelay_module.cpp ****     (void)inR;
  35              		.loc 1 147 5 view .LVU1
 148:gml/GuitarPedal/Effect-Modules/granulardelay_module.cpp ****     ProcessMono(inL);
  36              		.loc 1 148 5 view .LVU2
  37              		.loc 1 148 20 is_stmt 0 view .LVU3
  38 0000 0368     		ldr	r3, [r0]
  39              		.loc 1 148 16 view .LVU4
  40 0002 DB68     		ldr	r3, [r3, #12]
  41 0004 1847     		bx	r3	@ indirect register sibling call
  42              	.LVL1:
  43              		.loc 1 148 16 view .LVU5
  44              		.cfi_endproc
  45              	.LFE4745:
  47 0006 00BF     		.section	.text._ZN10bkshepherd19GranularDelayModuleD2Ev,"ax",%progbits
  48              		.align	1
  49              		.p2align 2,,3
  50              		.global	_ZN10bkshepherd19GranularDelayModuleD2Ev
  51              		.syntax unified
  52              		.thumb
  53              		.thumb_func
  54              		.fpu fpv5-d16
  56              	_ZN10bkshepherd19GranularDelayModuleD2Ev:
  57              	.LVL2:
  58              	.LFB4739:
  56:gml/GuitarPedal/Effect-Modules/granulardelay_module.cpp **** {
  59              		.loc 1 56 1 is_stmt 1 view -0
  60              		.cfi_startproc
  61              		@ args = 0, pretend = 0, frame = 0
  62              		@ frame_needed = 0, uses_anonymous_args = 0
  63              	.LBB123:
  56:gml/GuitarPedal/Effect-Modules/granulardelay_module.cpp **** {
  64              		.loc 1 56 43 is_stmt 0 view .LVU7
  65 0000 034B     		ldr	r3, .L5
  66              	.LBE123:
  56:gml/GuitarPedal/Effect-Modules/granulardelay_module.cpp **** {
  67              		.loc 1 56 1 view .LVU8
  68 0002 10B5     		push	{r4, lr}
  69              		.cfi_def_cfa_offset 8
  70              		.cfi_offset 4, -8
  71              		.cfi_offset 14, -4
  56:gml/GuitarPedal/Effect-Modules/granulardelay_module.cpp **** {
  72              		.loc 1 56 1 view .LVU9
  73 0004 0446     		mov	r4, r0
  74              	.LBB130:
  56:gml/GuitarPedal/Effect-Modules/granulardelay_module.cpp **** {
  75              		.loc 1 56 43 view .LVU10
  76 0006 0360     		str	r3, [r0]
  77              	.LVL3:
  78              	.LBB124:
ARM GAS  C:\Users\aydan\AppData\Local\Temp\ccbXEJPg.s 			page 5


  79              	.LBI124:
  80              		.file 2 "../../DaisySP/Source/Utility/looper.h"
   1:../../DaisySP/Source/Utility/looper.h **** /*
   2:../../DaisySP/Source/Utility/looper.h **** Copyright (c) 2020 Electrosmith, Corp
   3:../../DaisySP/Source/Utility/looper.h **** 
   4:../../DaisySP/Source/Utility/looper.h **** Use of this source code is governed by an MIT-style
   5:../../DaisySP/Source/Utility/looper.h **** license that can be found in the LICENSE file or at
   6:../../DaisySP/Source/Utility/looper.h **** https://opensource.org/licenses/MIT.
   7:../../DaisySP/Source/Utility/looper.h **** */
   8:../../DaisySP/Source/Utility/looper.h **** 
   9:../../DaisySP/Source/Utility/looper.h **** #pragma once
  10:../../DaisySP/Source/Utility/looper.h **** #include <algorithm>
  11:../../DaisySP/Source/Utility/looper.h **** #include "dsp.h"
  12:../../DaisySP/Source/Utility/looper.h **** 
  13:../../DaisySP/Source/Utility/looper.h **** namespace daisysp
  14:../../DaisySP/Source/Utility/looper.h **** {
  15:../../DaisySP/Source/Utility/looper.h **** /** Multimode audio looper
  16:../../DaisySP/Source/Utility/looper.h **** *
  17:../../DaisySP/Source/Utility/looper.h **** * Modes are:
  18:../../DaisySP/Source/Utility/looper.h **** *  - Normal
  19:../../DaisySP/Source/Utility/looper.h **** *  - Onetime Dub
  20:../../DaisySP/Source/Utility/looper.h **** *  - Replace
  21:../../DaisySP/Source/Utility/looper.h **** *  - Frippertronics
  22:../../DaisySP/Source/Utility/looper.h **** *
  23:../../DaisySP/Source/Utility/looper.h **** * Read more about the looper modes in the mode enum documentation.
  24:../../DaisySP/Source/Utility/looper.h **** */
  25:../../DaisySP/Source/Utility/looper.h **** class Looper
  26:../../DaisySP/Source/Utility/looper.h **** {
  27:../../DaisySP/Source/Utility/looper.h ****   public:
  28:../../DaisySP/Source/Utility/looper.h ****     Looper() {}
  29:../../DaisySP/Source/Utility/looper.h ****     ~Looper() {}
  81              		.loc 2 29 5 is_stmt 1 view .LVU11
  82              		.loc 2 29 5 is_stmt 0 view .LVU12
  83              	.LBE124:
  84              	.LBB125:
  85              	.LBI125:
  86              		.file 3 "gml/GuitarPedal/Util/granularplayermod.h"
   1:gml/GuitarPedal/Util/granularplayermod.h **** /*
   2:gml/GuitarPedal/Util/granularplayermod.h **** Copyright (c) 2020 Electrosmith, Corp, Vinicius Fernandes
   3:gml/GuitarPedal/Util/granularplayermod.h **** 
   4:gml/GuitarPedal/Util/granularplayermod.h **** Use of this source code is governed by an MIT-style
   5:gml/GuitarPedal/Util/granularplayermod.h **** license that can be found in the LICENSE file or at
   6:gml/GuitarPedal/Util/granularplayermod.h **** https://opensource.org/licenses/MIT.
   7:gml/GuitarPedal/Util/granularplayermod.h **** 
   8:gml/GuitarPedal/Util/granularplayermod.h ****  GranularPlayer class modified by K. Bloemer 2025 (renamed to GranularPlayerMod)
   9:gml/GuitarPedal/Util/granularplayermod.h ****   Changes:
  10:gml/GuitarPedal/Util/granularplayermod.h ****   - Applies the envelope to the individual grains instead of the whole audio sample
  11:gml/GuitarPedal/Util/granularplayermod.h ****   - Adds two additional envelopes (fast attack and slow attack, linear), and envelopes now use 512 
  12:gml/GuitarPedal/Util/granularplayermod.h ****   - Adds a stereo spread for each grain and left/right output getter functions
  13:gml/GuitarPedal/Util/granularplayermod.h ****   - Adds the ability to change the effective audio sample size
  14:gml/GuitarPedal/Util/granularplayermod.h ****   - Adds "width" parameter that starts grains at a random point within the timeframe set by width p
  15:gml/GuitarPedal/Util/granularplayermod.h **** */
  16:gml/GuitarPedal/Util/granularplayermod.h **** 
  17:gml/GuitarPedal/Util/granularplayermod.h **** #pragma once
  18:gml/GuitarPedal/Util/granularplayermod.h **** #ifndef DSY_GRANULARPLAYERMOD_H
  19:gml/GuitarPedal/Util/granularplayermod.h **** #define DSY_GRANULARPLAYERMOD_H
  20:gml/GuitarPedal/Util/granularplayermod.h **** 
ARM GAS  C:\Users\aydan\AppData\Local\Temp\ccbXEJPg.s 			page 6


  21:gml/GuitarPedal/Util/granularplayermod.h **** #include "daisysp.h"
  22:gml/GuitarPedal/Util/granularplayermod.h **** #include <cmath>
  23:gml/GuitarPedal/Util/granularplayermod.h **** #include <stdint.h>
  24:gml/GuitarPedal/Util/granularplayermod.h **** #ifdef __cplusplus
  25:gml/GuitarPedal/Util/granularplayermod.h **** #ifndef M_PI
  26:gml/GuitarPedal/Util/granularplayermod.h **** #define M_PI 3.14159265358979323846 /* pi */
  27:gml/GuitarPedal/Util/granularplayermod.h **** #endif
  28:gml/GuitarPedal/Util/granularplayermod.h **** 
  29:gml/GuitarPedal/Util/granularplayermod.h **** /** GranularPlayerMod Module
  30:gml/GuitarPedal/Util/granularplayermod.h **** 
  31:gml/GuitarPedal/Util/granularplayermod.h ****     GranularPlayerMod reads from an existing audio buffer using two overlapping
  32:gml/GuitarPedal/Util/granularplayermod.h ****     grains. One phasor pair controls where each grain reads from the source buffer;
  33:gml/GuitarPedal/Util/granularplayermod.h ****     another phasor pair controls pitch transposition inside each grain envelope.
  34:gml/GuitarPedal/Util/granularplayermod.h ****     The caller is responsible for filling the source buffer, usually with a looper
  35:gml/GuitarPedal/Util/granularplayermod.h ****     or delay-line style recorder.
  36:gml/GuitarPedal/Util/granularplayermod.h **** */
  37:gml/GuitarPedal/Util/granularplayermod.h **** class GranularPlayerMod {
  38:gml/GuitarPedal/Util/granularplayermod.h ****   public:
  39:gml/GuitarPedal/Util/granularplayermod.h ****     GranularPlayerMod() {}
  40:gml/GuitarPedal/Util/granularplayermod.h ****     ~GranularPlayerMod() {}
  87              		.loc 3 40 5 is_stmt 1 view .LVU13
  88              	.LBB126:
  89              	.LBI126:
  90              		.file 4 "../../DaisySP/Source/Control/phasor.h"
   1:../../DaisySP/Source/Control/phasor.h **** /*
   2:../../DaisySP/Source/Control/phasor.h **** Copyright (c) 2020 Electrosmith, Corp
   3:../../DaisySP/Source/Control/phasor.h **** 
   4:../../DaisySP/Source/Control/phasor.h **** Use of this source code is governed by an MIT-style
   5:../../DaisySP/Source/Control/phasor.h **** license that can be found in the LICENSE file or at
   6:../../DaisySP/Source/Control/phasor.h **** https://opensource.org/licenses/MIT.
   7:../../DaisySP/Source/Control/phasor.h **** */
   8:../../DaisySP/Source/Control/phasor.h **** 
   9:../../DaisySP/Source/Control/phasor.h **** #pragma once
  10:../../DaisySP/Source/Control/phasor.h **** #ifndef DSY_PHASOR_H
  11:../../DaisySP/Source/Control/phasor.h **** #define DSY_PHASOR_H
  12:../../DaisySP/Source/Control/phasor.h **** #ifdef __cplusplus
  13:../../DaisySP/Source/Control/phasor.h **** 
  14:../../DaisySP/Source/Control/phasor.h **** namespace daisysp
  15:../../DaisySP/Source/Control/phasor.h **** {
  16:../../DaisySP/Source/Control/phasor.h **** /** Generates a normalized signal moving from 0-1 at the specified frequency.
  17:../../DaisySP/Source/Control/phasor.h **** 
  18:../../DaisySP/Source/Control/phasor.h **** \todo Selecting which channels should be initialized/included in the sequence conversion.
  19:../../DaisySP/Source/Control/phasor.h **** \todo Setup a similar start function for an external mux, but that seems outside the scope of this 
  20:../../DaisySP/Source/Control/phasor.h **** 
  21:../../DaisySP/Source/Control/phasor.h **** */
  22:../../DaisySP/Source/Control/phasor.h **** class Phasor
  23:../../DaisySP/Source/Control/phasor.h **** {
  24:../../DaisySP/Source/Control/phasor.h ****   public:
  25:../../DaisySP/Source/Control/phasor.h ****     Phasor() {}
  26:../../DaisySP/Source/Control/phasor.h ****     ~Phasor() {}
  91              		.loc 4 26 5 view .LVU14
  92              		.loc 4 26 5 is_stmt 0 view .LVU15
  93              	.LBE126:
  94              	.LBB127:
  95              	.LBI127:
  96              		.loc 4 26 5 is_stmt 1 view .LVU16
  97              		.loc 4 26 5 is_stmt 0 view .LVU17
ARM GAS  C:\Users\aydan\AppData\Local\Temp\ccbXEJPg.s 			page 7


  98              	.LBE127:
  99              	.LBB128:
 100              	.LBI128:
 101              		.loc 4 26 5 is_stmt 1 view .LVU18
 102              		.loc 4 26 5 is_stmt 0 view .LVU19
 103              	.LBE128:
 104              	.LBB129:
 105              	.LBI129:
 106              		.loc 4 26 5 is_stmt 1 view .LVU20
 107              		.loc 4 26 5 is_stmt 0 view .LVU21
 108              	.LBE129:
 109              	.LBE125:
  56:gml/GuitarPedal/Effect-Modules/granulardelay_module.cpp **** {
 110              		.loc 1 56 43 view .LVU22
 111 0008 FFF7FEFF 		bl	_ZN10bkshepherd16BaseEffectModuleD2Ev
 112              	.LVL4:
  56:gml/GuitarPedal/Effect-Modules/granulardelay_module.cpp **** {
 113              		.loc 1 56 43 view .LVU23
 114              	.LBE130:
  58:gml/GuitarPedal/Effect-Modules/granulardelay_module.cpp **** 
 115              		.loc 1 58 1 view .LVU24
 116 000c 2046     		mov	r0, r4
 117 000e 10BD     		pop	{r4, pc}
 118              	.LVL5:
 119              	.L6:
  58:gml/GuitarPedal/Effect-Modules/granulardelay_module.cpp **** 
 120              		.loc 1 58 1 view .LVU25
 121              		.align	2
 122              	.L5:
 123 0010 08000000 		.word	.LANCHOR0+8
 124              		.cfi_endproc
 125              	.LFE4739:
 127              		.global	_ZN10bkshepherd19GranularDelayModuleD1Ev
 128              		.thumb_set _ZN10bkshepherd19GranularDelayModuleD1Ev,_ZN10bkshepherd19GranularDelayModuleD2Ev
 129              		.section	.text._ZN10bkshepherd19GranularDelayModuleD0Ev,"ax",%progbits
 130              		.align	1
 131              		.p2align 2,,3
 132              		.global	_ZN10bkshepherd19GranularDelayModuleD0Ev
 133              		.syntax unified
 134              		.thumb
 135              		.thumb_func
 136              		.fpu fpv5-d16
 138              	_ZN10bkshepherd19GranularDelayModuleD0Ev:
 139              	.LVL6:
 140              	.LFB4741:
  56:gml/GuitarPedal/Effect-Modules/granulardelay_module.cpp **** {
 141              		.loc 1 56 1 is_stmt 1 view -0
 142              		.cfi_startproc
 143              		@ args = 0, pretend = 0, frame = 0
 144              		@ frame_needed = 0, uses_anonymous_args = 0
 145              	.LBB131:
 146              	.LBB132:
  56:gml/GuitarPedal/Effect-Modules/granulardelay_module.cpp **** {
 147              		.loc 1 56 43 is_stmt 0 view .LVU27
 148 0000 064B     		ldr	r3, .L9
 149              	.LBE132:
 150              	.LBE131:
ARM GAS  C:\Users\aydan\AppData\Local\Temp\ccbXEJPg.s 			page 8


  56:gml/GuitarPedal/Effect-Modules/granulardelay_module.cpp **** {
 151              		.loc 1 56 1 view .LVU28
 152 0002 10B5     		push	{r4, lr}
 153              		.cfi_def_cfa_offset 8
 154              		.cfi_offset 4, -8
 155              		.cfi_offset 14, -4
  56:gml/GuitarPedal/Effect-Modules/granulardelay_module.cpp **** {
 156              		.loc 1 56 1 view .LVU29
 157 0004 0446     		mov	r4, r0
 158              	.LVL7:
 159              	.LBB140:
 160              	.LBI131:
  56:gml/GuitarPedal/Effect-Modules/granulardelay_module.cpp **** {
 161              		.loc 1 56 1 is_stmt 1 view .LVU30
 162              	.LBB139:
  56:gml/GuitarPedal/Effect-Modules/granulardelay_module.cpp **** {
 163              		.loc 1 56 43 is_stmt 0 view .LVU31
 164 0006 0360     		str	r3, [r0]
 165              	.LVL8:
 166              	.LBB133:
 167              	.LBI133:
 168              		.loc 2 29 5 is_stmt 1 view .LVU32
 169              		.loc 2 29 5 is_stmt 0 view .LVU33
 170              	.LBE133:
 171              	.LBB134:
 172              	.LBI134:
 173              		.loc 3 40 5 is_stmt 1 view .LVU34
 174              	.LBB135:
 175              	.LBI135:
 176              		.loc 4 26 5 view .LVU35
 177              		.loc 4 26 5 is_stmt 0 view .LVU36
 178              	.LBE135:
 179              	.LBB136:
 180              	.LBI136:
 181              		.loc 4 26 5 is_stmt 1 view .LVU37
 182              		.loc 4 26 5 is_stmt 0 view .LVU38
 183              	.LBE136:
 184              	.LBB137:
 185              	.LBI137:
 186              		.loc 4 26 5 is_stmt 1 view .LVU39
 187              		.loc 4 26 5 is_stmt 0 view .LVU40
 188              	.LBE137:
 189              	.LBB138:
 190              	.LBI138:
 191              		.loc 4 26 5 is_stmt 1 view .LVU41
 192              		.loc 4 26 5 is_stmt 0 view .LVU42
 193              	.LBE138:
 194              	.LBE134:
  56:gml/GuitarPedal/Effect-Modules/granulardelay_module.cpp **** {
 195              		.loc 1 56 43 view .LVU43
 196 0008 FFF7FEFF 		bl	_ZN10bkshepherd16BaseEffectModuleD2Ev
 197              	.LVL9:
  56:gml/GuitarPedal/Effect-Modules/granulardelay_module.cpp **** {
 198              		.loc 1 56 43 view .LVU44
 199              	.LBE139:
 200              	.LBE140:
  58:gml/GuitarPedal/Effect-Modules/granulardelay_module.cpp **** 
ARM GAS  C:\Users\aydan\AppData\Local\Temp\ccbXEJPg.s 			page 9


 201              		.loc 1 58 1 view .LVU45
 202 000c 41F63411 		movw	r1, #6452
 203 0010 2046     		mov	r0, r4
 204 0012 FFF7FEFF 		bl	_ZdlPvj
 205              	.LVL10:
 206 0016 2046     		mov	r0, r4
 207 0018 10BD     		pop	{r4, pc}
 208              	.LVL11:
 209              	.L10:
  58:gml/GuitarPedal/Effect-Modules/granulardelay_module.cpp **** 
 210              		.loc 1 58 1 view .LVU46
 211 001a 00BF     		.align	2
 212              	.L9:
 213 001c 08000000 		.word	.LANCHOR0+8
 214              		.cfi_endproc
 215              	.LFE4741:
 217              		.section	.text._ZN10bkshepherd19GranularDelayModule16ParameterChangedEi,"ax",%progbits
 218              		.align	1
 219              		.p2align 2,,3
 220              		.global	_ZN10bkshepherd19GranularDelayModule16ParameterChangedEi
 221              		.syntax unified
 222              		.thumb
 223              		.thumb_func
 224              		.fpu fpv5-d16
 226              	_ZN10bkshepherd19GranularDelayModule16ParameterChangedEi:
 227              	.LVL12:
 228              	.LFB4743:
  80:gml/GuitarPedal/Effect-Modules/granulardelay_module.cpp ****     switch(parameter_id)
 229              		.loc 1 80 1 is_stmt 1 view -0
 230              		.cfi_startproc
 231              		@ args = 0, pretend = 0, frame = 0
 232              		@ frame_needed = 0, uses_anonymous_args = 0
  81:gml/GuitarPedal/Effect-Modules/granulardelay_module.cpp ****     {
 233              		.loc 1 81 5 view .LVU48
  80:gml/GuitarPedal/Effect-Modules/granulardelay_module.cpp ****     switch(parameter_id)
 234              		.loc 1 80 1 is_stmt 0 view .LVU49
 235 0000 10B5     		push	{r4, lr}
 236              		.cfi_def_cfa_offset 8
 237              		.cfi_offset 4, -8
 238              		.cfi_offset 14, -4
  80:gml/GuitarPedal/Effect-Modules/granulardelay_module.cpp ****     switch(parameter_id)
 239              		.loc 1 80 1 view .LVU50
 240 0002 0446     		mov	r4, r0
 241 0004 0629     		cmp	r1, #6
 242 0006 0CD8     		bhi	.L11
 243 0008 DFE801F0 		tbb	[pc, r1]
 244              	.L14:
 245 000c 26       		.byte	(.L20-.L14)/2
 246 000d 3D       		.byte	(.L19-.L14)/2
 247 000e 46       		.byte	(.L18-.L14)/2
 248 000f 58       		.byte	(.L17-.L14)/2
 249 0010 61       		.byte	(.L16-.L14)/2
 250 0011 6C       		.byte	(.L15-.L14)/2
 251 0012 0C       		.byte	(.L13-.L14)/2
 252              	.LVL13:
 253 0013 00       		.p2align 1
 254              	.L29:
ARM GAS  C:\Users\aydan\AppData\Local\Temp\ccbXEJPg.s 			page 10


 255              	.LBB141:
 256              	.LBB142:
 257              	.LBB143:
 258              	.LBB144:
 259              	.LBB145:
 260              	.LBB146:
  80:gml/GuitarPedal/Effect-Modules/granulardelay_module.cpp ****     switch(parameter_id)
 261              		.loc 1 80 1 view .LVU51
 262 0014 DFED557A 		vldr.32	s15, .L42
 263              	.LVL14:
 264              	.L22:
  80:gml/GuitarPedal/Effect-Modules/granulardelay_module.cpp ****     switch(parameter_id)
 265              		.loc 1 80 1 view .LVU52
 266              	.LBE146:
 267              	.LBE145:
 268              	.LBE144:
 269              	.LBE143:
  92:gml/GuitarPedal/Effect-Modules/granulardelay_module.cpp ****         }
 270              		.loc 1 92 26 discriminator 4 view .LVU53
 271 0018 41F61413 		movw	r3, #6420
 272 001c 2344     		add	r3, r3, r4
 273 001e C3ED007A 		vstr.32	s15, [r3]
 274              	.LBE142:
  94:gml/GuitarPedal/Effect-Modules/granulardelay_module.cpp ****         case SPREAD:
 275              		.loc 1 94 9 is_stmt 1 discriminator 4 view .LVU54
 276              	.L11:
  94:gml/GuitarPedal/Effect-Modules/granulardelay_module.cpp ****         case SPREAD:
 277              		.loc 1 94 9 is_stmt 0 discriminator 4 view .LVU55
 278              	.LBE141:
 110:gml/GuitarPedal/Effect-Modules/granulardelay_module.cpp **** 
 279              		.loc 1 110 1 view .LVU56
 280 0022 10BD     		pop	{r4, pc}
 281              	.LVL15:
 282              	.L13:
 283              	.LBB178:
 104:gml/GuitarPedal/Effect-Modules/granulardelay_module.cpp ****             width_ms_ = ParamToRange(GetParameterAsMagnitude(WIDTH), 0.0f, 50.0f);
 284              		.loc 1 104 9 is_stmt 1 view .LVU57
 105:gml/GuitarPedal/Effect-Modules/granulardelay_module.cpp ****             break;
 285              		.loc 1 105 13 view .LVU58
 105:gml/GuitarPedal/Effect-Modules/granulardelay_module.cpp ****             break;
 286              		.loc 1 105 37 is_stmt 0 view .LVU59
 287 0024 0621     		movs	r1, #6
 288              	.LVL16:
 105:gml/GuitarPedal/Effect-Modules/granulardelay_module.cpp ****             break;
 289              		.loc 1 105 37 view .LVU60
 290 0026 FFF7FEFF 		bl	_ZN10bkshepherd16BaseEffectModule23GetParameterAsMagnitudeEi
 291              	.LVL17:
 292              	.LBB155:
 293              	.LBB156:
 294              	.LBB157:
 295              	.LBB158:
  28:gml/GuitarPedal/Effect-Modules/granulardelay_module.cpp **** }
 296              		.loc 1 28 23 view .LVU61
 297 002a DFED517A 		vldr.32	s15, .L42+4
 298              	.LVL18:
  28:gml/GuitarPedal/Effect-Modules/granulardelay_module.cpp **** }
 299              		.loc 1 28 23 view .LVU62
ARM GAS  C:\Users\aydan\AppData\Local\Temp\ccbXEJPg.s 			page 11


 300              	.LBE158:
 301              	.LBE157:
 302              	.LBE156:
 303              	.LBI155:
  31:gml/GuitarPedal/Effect-Modules/granulardelay_module.cpp **** {
 304              		.loc 1 31 14 is_stmt 1 view .LVU63
 305              	.LBB161:
  33:gml/GuitarPedal/Effect-Modules/granulardelay_module.cpp **** }
 306              		.loc 1 33 5 view .LVU64
 307              	.LBB160:
 308              	.LBI157:
  26:gml/GuitarPedal/Effect-Modules/granulardelay_module.cpp **** {
 309              		.loc 1 26 14 view .LVU65
 310              	.LBB159:
  28:gml/GuitarPedal/Effect-Modules/granulardelay_module.cpp **** }
 311              		.loc 1 28 5 view .LVU66
  28:gml/GuitarPedal/Effect-Modules/granulardelay_module.cpp **** }
 312              		.loc 1 28 23 is_stmt 0 view .LVU67
 313 002e B4EEE70A 		vcmpe.f32	s0, s15
 314 0032 F1EE10FA 		vmrs	APSR_nzcv, FPSCR
 315 0036 09D4     		bmi	.L26
  28:gml/GuitarPedal/Effect-Modules/granulardelay_module.cpp **** }
 316              		.loc 1 28 42 view .LVU68
 317 0038 B7EE007A 		vmov.f32	s14, #1.0e+0
 318 003c B4EEC70A 		vcmpe.f32	s0, s14
 319 0040 F1EE10FA 		vmrs	APSR_nzcv, FPSCR
 320 0044 40F38680 		ble	.L38
 321 0048 DFED4A7A 		vldr.32	s15, .L42+8
 322              	.L26:
 323              	.LVL19:
  28:gml/GuitarPedal/Effect-Modules/granulardelay_module.cpp **** }
 324              		.loc 1 28 42 view .LVU69
 325              	.LBE159:
 326              	.LBE160:
 327              	.LBE161:
 328              	.LBE155:
 105:gml/GuitarPedal/Effect-Modules/granulardelay_module.cpp ****             break;
 329              		.loc 1 105 23 view .LVU70
 330 004c 41F62413 		movw	r3, #6436
 331 0050 2344     		add	r3, r3, r4
 332 0052 C3ED007A 		vstr.32	s15, [r3]
 106:gml/GuitarPedal/Effect-Modules/granulardelay_module.cpp ****         default:
 333              		.loc 1 106 13 is_stmt 1 view .LVU71
 334              	.LBE178:
 110:gml/GuitarPedal/Effect-Modules/granulardelay_module.cpp **** 
 335              		.loc 1 110 1 is_stmt 0 view .LVU72
 336 0056 10BD     		pop	{r4, pc}
 337              	.LVL20:
 338              	.L20:
 339              	.LBB179:
  83:gml/GuitarPedal/Effect-Modules/granulardelay_module.cpp ****             size_ms_ = ParamToRange(GetParameterAsMagnitude(SIZE), 1.0f, 300.0f);
 340              		.loc 1 83 9 is_stmt 1 view .LVU73
  84:gml/GuitarPedal/Effect-Modules/granulardelay_module.cpp ****             break;
 341              		.loc 1 84 13 view .LVU74
  84:gml/GuitarPedal/Effect-Modules/granulardelay_module.cpp ****             break;
 342              		.loc 1 84 36 is_stmt 0 view .LVU75
 343 0058 0021     		movs	r1, #0
ARM GAS  C:\Users\aydan\AppData\Local\Temp\ccbXEJPg.s 			page 12


 344              	.LVL21:
  84:gml/GuitarPedal/Effect-Modules/granulardelay_module.cpp ****             break;
 345              		.loc 1 84 36 view .LVU76
 346 005a FFF7FEFF 		bl	_ZN10bkshepherd16BaseEffectModule23GetParameterAsMagnitudeEi
 347              	.LVL22:
 348              	.LBB163:
 349              	.LBI163:
  31:gml/GuitarPedal/Effect-Modules/granulardelay_module.cpp **** {
 350              		.loc 1 31 14 is_stmt 1 view .LVU77
 351              	.LBB164:
  33:gml/GuitarPedal/Effect-Modules/granulardelay_module.cpp **** }
 352              		.loc 1 33 5 view .LVU78
 353              	.LBB165:
 354              	.LBI165:
  26:gml/GuitarPedal/Effect-Modules/granulardelay_module.cpp **** {
 355              		.loc 1 26 14 view .LVU79
 356              	.LBB166:
  28:gml/GuitarPedal/Effect-Modules/granulardelay_module.cpp **** }
 357              		.loc 1 28 5 view .LVU80
  28:gml/GuitarPedal/Effect-Modules/granulardelay_module.cpp **** }
 358              		.loc 1 28 23 is_stmt 0 view .LVU81
 359 005e B5EEC00A 		vcmpe.f32	s0, #0
 360 0062 F7EE007A 		vmov.f32	s15, #1.0e+0
 361 0066 F1EE10FA 		vmrs	APSR_nzcv, FPSCR
 362 006a 06D4     		bmi	.L21
  28:gml/GuitarPedal/Effect-Modules/granulardelay_module.cpp **** }
 363              		.loc 1 28 42 view .LVU82
 364 006c B4EEE70A 		vcmpe.f32	s0, s15
 365 0070 F1EE10FA 		vmrs	APSR_nzcv, FPSCR
 366 0074 69DD     		ble	.L39
 367 0076 DFED407A 		vldr.32	s15, .L42+12
 368              	.L21:
 369              	.LVL23:
  28:gml/GuitarPedal/Effect-Modules/granulardelay_module.cpp **** }
 370              		.loc 1 28 42 view .LVU83
 371              	.LBE166:
 372              	.LBE165:
 373              	.LBE164:
 374              	.LBE163:
  84:gml/GuitarPedal/Effect-Modules/granulardelay_module.cpp ****             break;
 375              		.loc 1 84 22 view .LVU84
 376 007a 41F61813 		movw	r3, #6424
 377 007e 2344     		add	r3, r3, r4
 378 0080 C3ED007A 		vstr.32	s15, [r3]
  85:gml/GuitarPedal/Effect-Modules/granulardelay_module.cpp ****         case MIX:
 379              		.loc 1 85 13 is_stmt 1 view .LVU85
 380              	.LBE179:
 110:gml/GuitarPedal/Effect-Modules/granulardelay_module.cpp **** 
 381              		.loc 1 110 1 is_stmt 0 view .LVU86
 382 0084 10BD     		pop	{r4, pc}
 383              	.LVL24:
 384              	.L19:
 385              	.LBB180:
  86:gml/GuitarPedal/Effect-Modules/granulardelay_module.cpp ****             mix_ = GetParameterAsMagnitude(MIX);
 386              		.loc 1 86 9 is_stmt 1 view .LVU87
  87:gml/GuitarPedal/Effect-Modules/granulardelay_module.cpp ****             break;
 387              		.loc 1 87 13 view .LVU88
ARM GAS  C:\Users\aydan\AppData\Local\Temp\ccbXEJPg.s 			page 13


  87:gml/GuitarPedal/Effect-Modules/granulardelay_module.cpp ****             break;
 388              		.loc 1 87 43 is_stmt 0 view .LVU89
 389 0086 0121     		movs	r1, #1
 390              	.LVL25:
  87:gml/GuitarPedal/Effect-Modules/granulardelay_module.cpp ****             break;
 391              		.loc 1 87 43 view .LVU90
 392 0088 FFF7FEFF 		bl	_ZN10bkshepherd16BaseEffectModule23GetParameterAsMagnitudeEi
 393              	.LVL26:
  87:gml/GuitarPedal/Effect-Modules/granulardelay_module.cpp ****             break;
 394              		.loc 1 87 18 view .LVU91
 395 008c 41F61C13 		movw	r3, #6428
 396 0090 2344     		add	r3, r3, r4
 397 0092 83ED000A 		vstr.32	s0, [r3]
  88:gml/GuitarPedal/Effect-Modules/granulardelay_module.cpp ****         case PITCH:
 398              		.loc 1 88 13 is_stmt 1 view .LVU92
 399              	.LBE180:
 110:gml/GuitarPedal/Effect-Modules/granulardelay_module.cpp **** 
 400              		.loc 1 110 1 is_stmt 0 view .LVU93
 401 0096 10BD     		pop	{r4, pc}
 402              	.LVL27:
 403              	.L18:
 404              	.LBB181:
  89:gml/GuitarPedal/Effect-Modules/granulardelay_module.cpp ****         {
 405              		.loc 1 89 9 is_stmt 1 view .LVU94
  90:gml/GuitarPedal/Effect-Modules/granulardelay_module.cpp ****             const float semitones = ParamToRange(GetParameterAsMagnitude(PITCH), -12.0f, 12.0f);
 406              		.loc 1 90 9 view .LVU95
 407              	.LBB168:
  91:gml/GuitarPedal/Effect-Modules/granulardelay_module.cpp ****             pitch_cents_ = (float)((int)(semitones + (semitones >= 0.0f ? 0.5f : -0.5f))) * 100.0f;
 408              		.loc 1 91 13 view .LVU96
  91:gml/GuitarPedal/Effect-Modules/granulardelay_module.cpp ****             pitch_cents_ = (float)((int)(semitones + (semitones >= 0.0f ? 0.5f : -0.5f))) * 100.0f;
 409              		.loc 1 91 49 is_stmt 0 view .LVU97
 410 0098 0221     		movs	r1, #2
 411              	.LVL28:
  91:gml/GuitarPedal/Effect-Modules/granulardelay_module.cpp ****             pitch_cents_ = (float)((int)(semitones + (semitones >= 0.0f ? 0.5f : -0.5f))) * 100.0f;
 412              		.loc 1 91 49 view .LVU98
 413 009a FFF7FEFF 		bl	_ZN10bkshepherd16BaseEffectModule23GetParameterAsMagnitudeEi
 414              	.LVL29:
 415              	.LBB152:
 416              	.LBI143:
  31:gml/GuitarPedal/Effect-Modules/granulardelay_module.cpp **** {
 417              		.loc 1 31 14 is_stmt 1 view .LVU99
 418              	.LBB149:
  33:gml/GuitarPedal/Effect-Modules/granulardelay_module.cpp **** }
 419              		.loc 1 33 5 view .LVU100
 420              	.LBB148:
 421              	.LBI145:
  26:gml/GuitarPedal/Effect-Modules/granulardelay_module.cpp **** {
 422              		.loc 1 26 14 view .LVU101
 423              	.LBB147:
  28:gml/GuitarPedal/Effect-Modules/granulardelay_module.cpp **** }
 424              		.loc 1 28 5 view .LVU102
  28:gml/GuitarPedal/Effect-Modules/granulardelay_module.cpp **** }
 425              		.loc 1 28 23 is_stmt 0 view .LVU103
 426 009e B5EEC00A 		vcmpe.f32	s0, #0
 427 00a2 F1EE10FA 		vmrs	APSR_nzcv, FPSCR
 428 00a6 B5D4     		bmi	.L29
  28:gml/GuitarPedal/Effect-Modules/granulardelay_module.cpp **** }
ARM GAS  C:\Users\aydan\AppData\Local\Temp\ccbXEJPg.s 			page 14


 429              		.loc 1 28 42 view .LVU104
 430 00a8 F7EE007A 		vmov.f32	s15, #1.0e+0
 431 00ac B4EEE70A 		vcmpe.f32	s0, s15
 432 00b0 F1EE10FA 		vmrs	APSR_nzcv, FPSCR
 433 00b4 2FDD     		ble	.L40
 434 00b6 DFED317A 		vldr.32	s15, .L42+16
 435 00ba ADE7     		b	.L22
 436              	.LVL30:
 437              	.L17:
  28:gml/GuitarPedal/Effect-Modules/granulardelay_module.cpp **** }
 438              		.loc 1 28 42 view .LVU105
 439              	.LBE147:
 440              	.LBE148:
 441              	.LBE149:
 442              	.LBE152:
 443              	.LBE168:
  95:gml/GuitarPedal/Effect-Modules/granulardelay_module.cpp ****             granular_.setStereoSpread(GetParameterAsMagnitude(SPREAD));
 444              		.loc 1 95 9 is_stmt 1 view .LVU106
  96:gml/GuitarPedal/Effect-Modules/granulardelay_module.cpp ****             break;
 445              		.loc 1 96 13 view .LVU107
  96:gml/GuitarPedal/Effect-Modules/granulardelay_module.cpp ****             break;
 446              		.loc 1 96 38 is_stmt 0 view .LVU108
 447 00bc 0321     		movs	r1, #3
 448              	.LVL31:
  96:gml/GuitarPedal/Effect-Modules/granulardelay_module.cpp ****             break;
 449              		.loc 1 96 38 view .LVU109
 450 00be FFF7FEFF 		bl	_ZN10bkshepherd16BaseEffectModule23GetParameterAsMagnitudeEi
 451              	.LVL32:
  96:gml/GuitarPedal/Effect-Modules/granulardelay_module.cpp ****             break;
 452              		.loc 1 96 38 view .LVU110
 453 00c2 04F12400 		add	r0, r4, #36
 454              	.LBE181:
 110:gml/GuitarPedal/Effect-Modules/granulardelay_module.cpp **** 
 455              		.loc 1 110 1 view .LVU111
 456 00c6 BDE81040 		pop	{r4, lr}
 457              		.cfi_remember_state
 458              		.cfi_restore 14
 459              		.cfi_restore 4
 460              		.cfi_def_cfa_offset 0
 461              	.LVL33:
 462              	.LBB182:
  96:gml/GuitarPedal/Effect-Modules/granulardelay_module.cpp ****             break;
 463              		.loc 1 96 38 view .LVU112
 464 00ca FFF7FEBF 		b	_ZN17GranularPlayerMod15setStereoSpreadEf
 465              	.LVL34:
 466              	.L16:
 467              		.cfi_restore_state
  98:gml/GuitarPedal/Effect-Modules/granulardelay_module.cpp ****             granular_.setEnvelopeMode(GetParameterAsBinnedValue(GRAIN_ENV) - 1);
 468              		.loc 1 98 9 is_stmt 1 view .LVU113
  99:gml/GuitarPedal/Effect-Modules/granulardelay_module.cpp ****             break;
 469              		.loc 1 99 13 view .LVU114
  99:gml/GuitarPedal/Effect-Modules/granulardelay_module.cpp ****             break;
 470              		.loc 1 99 64 is_stmt 0 view .LVU115
 471 00ce 0421     		movs	r1, #4
 472              	.LVL35:
  99:gml/GuitarPedal/Effect-Modules/granulardelay_module.cpp ****             break;
 473              		.loc 1 99 64 view .LVU116
ARM GAS  C:\Users\aydan\AppData\Local\Temp\ccbXEJPg.s 			page 15


 474 00d0 FFF7FEFF 		bl	_ZN10bkshepherd16BaseEffectModule25GetParameterAsBinnedValueEi
 475              	.LVL36:
  99:gml/GuitarPedal/Effect-Modules/granulardelay_module.cpp ****             break;
 476              		.loc 1 99 64 view .LVU117
 477 00d4 0146     		mov	r1, r0
  99:gml/GuitarPedal/Effect-Modules/granulardelay_module.cpp ****             break;
 478              		.loc 1 99 38 view .LVU118
 479 00d6 04F12400 		add	r0, r4, #36
 480 00da 0139     		subs	r1, r1, #1
 481              	.LBE182:
 110:gml/GuitarPedal/Effect-Modules/granulardelay_module.cpp **** 
 482              		.loc 1 110 1 view .LVU119
 483 00dc BDE81040 		pop	{r4, lr}
 484              		.cfi_remember_state
 485              		.cfi_restore 14
 486              		.cfi_restore 4
 487              		.cfi_def_cfa_offset 0
 488              	.LVL37:
 489              	.LBB183:
  99:gml/GuitarPedal/Effect-Modules/granulardelay_module.cpp ****             break;
 490              		.loc 1 99 38 view .LVU120
 491 00e0 FFF7FEBF 		b	_ZN17GranularPlayerMod15setEnvelopeModeEi
 492              	.LVL38:
 493              	.L15:
 494              		.cfi_restore_state
 101:gml/GuitarPedal/Effect-Modules/granulardelay_module.cpp ****             speed_ = ParamToRange(GetParameterAsMagnitude(SPEED), -2.0f, 2.0f);
 495              		.loc 1 101 9 is_stmt 1 view .LVU121
 102:gml/GuitarPedal/Effect-Modules/granulardelay_module.cpp ****             break;
 496              		.loc 1 102 13 view .LVU122
 102:gml/GuitarPedal/Effect-Modules/granulardelay_module.cpp ****             break;
 497              		.loc 1 102 34 is_stmt 0 view .LVU123
 498 00e4 0521     		movs	r1, #5
 499              	.LVL39:
 102:gml/GuitarPedal/Effect-Modules/granulardelay_module.cpp ****             break;
 500              		.loc 1 102 34 view .LVU124
 501 00e6 FFF7FEFF 		bl	_ZN10bkshepherd16BaseEffectModule23GetParameterAsMagnitudeEi
 502              	.LVL40:
 503              	.LBB169:
 504              	.LBI169:
  31:gml/GuitarPedal/Effect-Modules/granulardelay_module.cpp **** {
 505              		.loc 1 31 14 is_stmt 1 view .LVU125
 506              	.LBB170:
  33:gml/GuitarPedal/Effect-Modules/granulardelay_module.cpp **** }
 507              		.loc 1 33 5 view .LVU126
 508              	.LBB171:
 509              	.LBI171:
  26:gml/GuitarPedal/Effect-Modules/granulardelay_module.cpp **** {
 510              		.loc 1 26 14 view .LVU127
 511              	.LBB172:
  28:gml/GuitarPedal/Effect-Modules/granulardelay_module.cpp **** }
 512              		.loc 1 28 5 view .LVU128
  28:gml/GuitarPedal/Effect-Modules/granulardelay_module.cpp **** }
 513              		.loc 1 28 23 is_stmt 0 view .LVU129
 514 00ea B5EEC00A 		vcmpe.f32	s0, #0
 515 00ee F1EE10FA 		vmrs	APSR_nzcv, FPSCR
 516 00f2 09D4     		bmi	.L31
  28:gml/GuitarPedal/Effect-Modules/granulardelay_module.cpp **** }
ARM GAS  C:\Users\aydan\AppData\Local\Temp\ccbXEJPg.s 			page 16


 517              		.loc 1 28 42 view .LVU130
 518 00f4 F7EE007A 		vmov.f32	s15, #1.0e+0
 519 00f8 B4EEE70A 		vcmpe.f32	s0, s15
 520 00fc F1EE10FA 		vmrs	APSR_nzcv, FPSCR
 521 0100 2DDD     		ble	.L41
 522 0102 F0EE007A 		vmov.f32	s15, #2.0e+0
 523 0106 01E0     		b	.L25
 524              	.L31:
 525 0108 F8EE007A 		vmov.f32	s15, #-2.0e+0
 526              	.L25:
 527              	.LVL41:
  28:gml/GuitarPedal/Effect-Modules/granulardelay_module.cpp **** }
 528              		.loc 1 28 42 view .LVU131
 529              	.LBE172:
 530              	.LBE171:
 531              	.LBE170:
 532              	.LBE169:
 102:gml/GuitarPedal/Effect-Modules/granulardelay_module.cpp ****             break;
 533              		.loc 1 102 20 view .LVU132
 534 010c 04F5C954 		add	r4, r4, #6432
 535              	.LVL42:
 102:gml/GuitarPedal/Effect-Modules/granulardelay_module.cpp ****             break;
 536              		.loc 1 102 20 view .LVU133
 537 0110 C4ED007A 		vstr.32	s15, [r4]
 103:gml/GuitarPedal/Effect-Modules/granulardelay_module.cpp ****         case WIDTH:
 538              		.loc 1 103 13 is_stmt 1 view .LVU134
 539              	.LBE183:
 110:gml/GuitarPedal/Effect-Modules/granulardelay_module.cpp **** 
 540              		.loc 1 110 1 is_stmt 0 view .LVU135
 541 0114 10BD     		pop	{r4, pc}
 542              	.LVL43:
 543              	.L40:
 544              	.LBB184:
 545              	.LBB174:
 546              	.LBB153:
 547              	.LBB150:
  33:gml/GuitarPedal/Effect-Modules/granulardelay_module.cpp **** }
 548              		.loc 1 33 55 view .LVU136
 549 0116 F3EE087A 		vmov.f32	s15, #2.4e+1
 550              	.LBE150:
 551              	.LBE153:
  92:gml/GuitarPedal/Effect-Modules/granulardelay_module.cpp ****         }
 552              		.loc 1 92 91 view .LVU137
 553 011a DFED196A 		vldr.32	s13, .L42+20
 554              	.LBB154:
 555              	.LBB151:
  33:gml/GuitarPedal/Effect-Modules/granulardelay_module.cpp **** }
 556              		.loc 1 33 55 view .LVU138
 557 011e BAEE087A 		vmov.f32	s14, #-1.2e+1
 558 0122 A0EE277A 		vfma.f32	s14, s0, s15
 559              	.LVL44:
  33:gml/GuitarPedal/Effect-Modules/granulardelay_module.cpp **** }
 560              		.loc 1 33 55 view .LVU139
 561              	.LBE151:
 562              	.LBE154:
  92:gml/GuitarPedal/Effect-Modules/granulardelay_module.cpp ****         }
 563              		.loc 1 92 13 is_stmt 1 view .LVU140
ARM GAS  C:\Users\aydan\AppData\Local\Temp\ccbXEJPg.s 			page 17


  92:gml/GuitarPedal/Effect-Modules/granulardelay_module.cpp ****         }
 564              		.loc 1 92 52 is_stmt 0 view .LVU141
 565 0126 F6EE007A 		vmov.f32	s15, #5.0e-1
  92:gml/GuitarPedal/Effect-Modules/granulardelay_module.cpp ****         }
 566              		.loc 1 92 73 view .LVU142
 567 012a B5EEC07A 		vcmpe.f32	s14, #0
 568 012e F1EE10FA 		vmrs	APSR_nzcv, FPSCR
  92:gml/GuitarPedal/Effect-Modules/granulardelay_module.cpp ****         }
 569              		.loc 1 92 52 view .LVU143
 570 0132 ACBF     		ite	ge
 571 0134 77EE277A 		vaddge.f32	s15, s14, s15
  92:gml/GuitarPedal/Effect-Modules/granulardelay_module.cpp ****         }
 572              		.loc 1 92 36 view .LVU144
 573 0138 77EE677A 		vsublt.f32	s15, s14, s15
 574 013c FDEEE77A 		vcvt.s32.f32	s15, s15
  92:gml/GuitarPedal/Effect-Modules/granulardelay_module.cpp ****         }
 575              		.loc 1 92 28 view .LVU145
 576 0140 F8EEE77A 		vcvt.f32.s32	s15, s15
  92:gml/GuitarPedal/Effect-Modules/granulardelay_module.cpp ****         }
 577              		.loc 1 92 91 view .LVU146
 578 0144 67EEA67A 		vmul.f32	s15, s15, s13
 579 0148 66E7     		b	.L22
 580              	.LVL45:
 581              	.L39:
  92:gml/GuitarPedal/Effect-Modules/granulardelay_module.cpp ****         }
 582              		.loc 1 92 91 view .LVU147
 583              	.LBE174:
 584              	.LBB175:
 585              	.LBB167:
  33:gml/GuitarPedal/Effect-Modules/granulardelay_module.cpp **** }
 586              		.loc 1 33 55 view .LVU148
 587 014a 9FED0E7A 		vldr.32	s14, .L42+24
 588 014e E0EE077A 		vfma.f32	s15, s0, s14
 589 0152 92E7     		b	.L21
 590              	.LVL46:
 591              	.L38:
  33:gml/GuitarPedal/Effect-Modules/granulardelay_module.cpp **** }
 592              		.loc 1 33 55 view .LVU149
 593              	.LBE167:
 594              	.LBE175:
 595              	.LBB176:
 596              	.LBB162:
 597 0154 9FED077A 		vldr.32	s14, .L42+8
 598 0158 E0EE077A 		vfma.f32	s15, s0, s14
 599 015c 76E7     		b	.L26
 600              	.LVL47:
 601              	.L41:
  33:gml/GuitarPedal/Effect-Modules/granulardelay_module.cpp **** }
 602              		.loc 1 33 55 view .LVU150
 603              	.LBE162:
 604              	.LBE176:
 605              	.LBB177:
 606              	.LBB173:
 607 015e B1EE007A 		vmov.f32	s14, #4.0e+0
 608 0162 F8EE007A 		vmov.f32	s15, #-2.0e+0
 609 0166 E0EE077A 		vfma.f32	s15, s0, s14
 610 016a CFE7     		b	.L25
ARM GAS  C:\Users\aydan\AppData\Local\Temp\ccbXEJPg.s 			page 18


 611              	.L43:
 612              		.align	2
 613              	.L42:
 614 016c 000096C4 		.word	-996802560
 615 0170 00000000 		.word	0
 616 0174 00004842 		.word	1112014848
 617 0178 00009643 		.word	1133903872
 618 017c 00009644 		.word	1150681088
 619 0180 0000C842 		.word	1120403456
 620 0184 00809543 		.word	1133871104
 621              	.LBE173:
 622              	.LBE177:
 623              	.LBE184:
 624              		.cfi_endproc
 625              	.LFE4743:
 627              		.section	.text._ZN7daisysp6Looper7ProcessEf,"axG",%progbits,_ZN7daisysp6Looper7ProcessEf,comdat
 628              		.align	1
 629              		.p2align 2,,3
 630              		.weak	_ZN7daisysp6Looper7ProcessEf
 631              		.syntax unified
 632              		.thumb
 633              		.thumb_func
 634              		.fpu fpv5-d16
 636              	_ZN7daisysp6Looper7ProcessEf:
 637              	.LVL48:
 638              	.LFB4671:
  30:../../DaisySP/Source/Utility/looper.h **** 
  31:../../DaisySP/Source/Utility/looper.h ****     /**
  32:../../DaisySP/Source/Utility/looper.h ****      ** Normal Mode: Input is added to the existing loop infinitely while recording
  33:../../DaisySP/Source/Utility/looper.h ****      **
  34:../../DaisySP/Source/Utility/looper.h ****      ** Onetime Dub Mode: Recording starts at the first sample of the buffer and is added
  35:../../DaisySP/Source/Utility/looper.h ****      **     to the existing buffer contents. Recording automatically stops after one full loop.
  36:../../DaisySP/Source/Utility/looper.h ****      **
  37:../../DaisySP/Source/Utility/looper.h ****      ** Replace Mode: Audio in the buffer is replaced while recording is on.
  38:../../DaisySP/Source/Utility/looper.h ****      **
  39:../../DaisySP/Source/Utility/looper.h ****      ** Frippertronics Mode: infinite looping recording with fixed decay on each loop. The module a
  40:../../DaisySP/Source/Utility/looper.h ****      */
  41:../../DaisySP/Source/Utility/looper.h ****     enum class Mode
  42:../../DaisySP/Source/Utility/looper.h ****     {
  43:../../DaisySP/Source/Utility/looper.h ****         NORMAL,
  44:../../DaisySP/Source/Utility/looper.h ****         ONETIME_DUB,
  45:../../DaisySP/Source/Utility/looper.h ****         REPLACE,
  46:../../DaisySP/Source/Utility/looper.h ****         FRIPPERTRONICS,
  47:../../DaisySP/Source/Utility/looper.h ****     };
  48:../../DaisySP/Source/Utility/looper.h **** 
  49:../../DaisySP/Source/Utility/looper.h ****     void Init(float *mem, size_t size)
  50:../../DaisySP/Source/Utility/looper.h ****     {
  51:../../DaisySP/Source/Utility/looper.h ****         buffer_size_ = size;
  52:../../DaisySP/Source/Utility/looper.h ****         buff_        = mem;
  53:../../DaisySP/Source/Utility/looper.h **** 
  54:../../DaisySP/Source/Utility/looper.h ****         InitBuff();
  55:../../DaisySP/Source/Utility/looper.h ****         state_      = State::EMPTY;
  56:../../DaisySP/Source/Utility/looper.h ****         mode_       = Mode::NORMAL;
  57:../../DaisySP/Source/Utility/looper.h ****         half_speed_ = false;
  58:../../DaisySP/Source/Utility/looper.h ****         reverse_    = false;
  59:../../DaisySP/Source/Utility/looper.h ****         rec_queue_  = false;
  60:../../DaisySP/Source/Utility/looper.h ****         win_idx_    = 0;
ARM GAS  C:\Users\aydan\AppData\Local\Temp\ccbXEJPg.s 			page 19


  61:../../DaisySP/Source/Utility/looper.h **** 
  62:../../DaisySP/Source/Utility/looper.h ****         increment_size = 1.0;
  63:../../DaisySP/Source/Utility/looper.h ****     }
  64:../../DaisySP/Source/Utility/looper.h **** 
  65:../../DaisySP/Source/Utility/looper.h ****     /** Handles reading/writing to the Buffer depending on the mode. */
  66:../../DaisySP/Source/Utility/looper.h ****     float Process(const float input)
 639              		.loc 2 66 11 is_stmt 1 view -0
 640              		.cfi_startproc
 641              		@ args = 0, pretend = 0, frame = 0
 642              		@ frame_needed = 0, uses_anonymous_args = 0
  67:../../DaisySP/Source/Utility/looper.h ****     {
  68:../../DaisySP/Source/Utility/looper.h ****         float sig = 0.f;
 643              		.loc 2 68 9 view .LVU152
  69:../../DaisySP/Source/Utility/looper.h ****         float inc;
 644              		.loc 2 69 9 view .LVU153
  70:../../DaisySP/Source/Utility/looper.h ****         bool  hitloop = false;
 645              		.loc 2 70 9 view .LVU154
  71:../../DaisySP/Source/Utility/looper.h ****         // Record forward at normal speed during the first loop no matter what.
  72:../../DaisySP/Source/Utility/looper.h ****         inc = state_ == State::EMPTY || state_ == State::REC_FIRST
 646              		.loc 2 72 9 view .LVU155
  66:../../DaisySP/Source/Utility/looper.h ****     {
 647              		.loc 2 66 11 is_stmt 0 view .LVU156
 648 0000 70B5     		push	{r4, r5, r6, lr}
 649              		.cfi_def_cfa_offset 16
 650              		.cfi_offset 4, -16
 651              		.cfi_offset 5, -12
 652              		.cfi_offset 6, -8
 653              		.cfi_offset 14, -4
 654              		.loc 2 72 15 view .LVU157
 655 0002 4568     		ldr	r5, [r0, #4]
  66:../../DaisySP/Source/Utility/looper.h ****     {
 656              		.loc 2 66 11 view .LVU158
 657 0004 0446     		mov	r4, r0
  73:../../DaisySP/Source/Utility/looper.h ****                   ? 1.f
 658              		.loc 2 73 19 view .LVU159
 659 0006 012D     		cmp	r5, #1
  66:../../DaisySP/Source/Utility/looper.h ****     {
 660              		.loc 2 66 11 view .LVU160
 661 0008 2DED028B 		vpush.64	{d8}
 662              		.cfi_def_cfa_offset 24
 663              		.cfi_offset 80, -24
 664              		.cfi_offset 81, -20
  66:../../DaisySP/Source/Utility/looper.h ****     {
 665              		.loc 2 66 11 view .LVU161
 666 000c F0EE408A 		vmov.f32	s17, s0
 667              		.loc 2 73 19 view .LVU162
 668 0010 40F2A180 		bls	.L45
 669              	.LVL49:
 670              	.LBB185:
 671              	.LBI185:
  74:../../DaisySP/Source/Utility/looper.h ****                   : GetIncrementSize();
  75:../../DaisySP/Source/Utility/looper.h ****         win_ = WindowVal(win_idx_ * kWindowFactor);
  76:../../DaisySP/Source/Utility/looper.h ****         switch(state_)
  77:../../DaisySP/Source/Utility/looper.h ****         {
  78:../../DaisySP/Source/Utility/looper.h ****             case State::EMPTY:
  79:../../DaisySP/Source/Utility/looper.h ****                 sig      = 0.0f;
  80:../../DaisySP/Source/Utility/looper.h ****                 pos_     = 0;
ARM GAS  C:\Users\aydan\AppData\Local\Temp\ccbXEJPg.s 			page 20


  81:../../DaisySP/Source/Utility/looper.h ****                 recsize_ = 0;
  82:../../DaisySP/Source/Utility/looper.h ****                 break;
  83:../../DaisySP/Source/Utility/looper.h ****             case State::REC_FIRST:
  84:../../DaisySP/Source/Utility/looper.h ****                 sig = 0.f;
  85:../../DaisySP/Source/Utility/looper.h ****                 Write(pos_, input * win_);
  86:../../DaisySP/Source/Utility/looper.h ****                 if(win_idx_ < kWindowSamps - 1)
  87:../../DaisySP/Source/Utility/looper.h ****                     win_idx_ += 1;
  88:../../DaisySP/Source/Utility/looper.h ****                 recsize_ = pos_;
  89:../../DaisySP/Source/Utility/looper.h ****                 pos_ += inc;
  90:../../DaisySP/Source/Utility/looper.h ****                 if(pos_ > buffer_size_ - 1)
  91:../../DaisySP/Source/Utility/looper.h ****                 {
  92:../../DaisySP/Source/Utility/looper.h ****                     state_   = State::PLAYING;
  93:../../DaisySP/Source/Utility/looper.h ****                     recsize_ = pos_ - 1;
  94:../../DaisySP/Source/Utility/looper.h ****                     pos_     = 0;
  95:../../DaisySP/Source/Utility/looper.h ****                 }
  96:../../DaisySP/Source/Utility/looper.h ****                 break;
  97:../../DaisySP/Source/Utility/looper.h ****             case State::PLAYING:
  98:../../DaisySP/Source/Utility/looper.h ****                 sig = Read(pos_);
  99:../../DaisySP/Source/Utility/looper.h ****                 /** This is a way of 'seamless looping'
 100:../../DaisySP/Source/Utility/looper.h ****                  ** The first N samps after recording is done are recorded with the input faded out
 101:../../DaisySP/Source/Utility/looper.h ****                  */
 102:../../DaisySP/Source/Utility/looper.h ****                 if(win_idx_ < kWindowSamps - 1)
 103:../../DaisySP/Source/Utility/looper.h ****                 {
 104:../../DaisySP/Source/Utility/looper.h ****                     Write(pos_, sig + input * (1.f - win_));
 105:../../DaisySP/Source/Utility/looper.h ****                     win_idx_ += 1;
 106:../../DaisySP/Source/Utility/looper.h ****                 }
 107:../../DaisySP/Source/Utility/looper.h **** 
 108:../../DaisySP/Source/Utility/looper.h ****                 pos_ += inc;
 109:../../DaisySP/Source/Utility/looper.h ****                 if(pos_ > recsize_ - 1)
 110:../../DaisySP/Source/Utility/looper.h ****                 {
 111:../../DaisySP/Source/Utility/looper.h ****                     pos_    = 0;
 112:../../DaisySP/Source/Utility/looper.h ****                     hitloop = true;
 113:../../DaisySP/Source/Utility/looper.h ****                 }
 114:../../DaisySP/Source/Utility/looper.h ****                 else if(pos_ < 0)
 115:../../DaisySP/Source/Utility/looper.h ****                 {
 116:../../DaisySP/Source/Utility/looper.h ****                     pos_    = recsize_ - 1;
 117:../../DaisySP/Source/Utility/looper.h ****                     hitloop = true;
 118:../../DaisySP/Source/Utility/looper.h ****                 }
 119:../../DaisySP/Source/Utility/looper.h ****                 if(hitloop)
 120:../../DaisySP/Source/Utility/looper.h **** 
 121:../../DaisySP/Source/Utility/looper.h ****                 {
 122:../../DaisySP/Source/Utility/looper.h ****                     if(rec_queue_ && mode_ == Mode::ONETIME_DUB)
 123:../../DaisySP/Source/Utility/looper.h ****                     {
 124:../../DaisySP/Source/Utility/looper.h ****                         rec_queue_ = false;
 125:../../DaisySP/Source/Utility/looper.h ****                         state_     = State::REC_DUB;
 126:../../DaisySP/Source/Utility/looper.h ****                         win_idx_   = 0;
 127:../../DaisySP/Source/Utility/looper.h ****                     }
 128:../../DaisySP/Source/Utility/looper.h ****                 }
 129:../../DaisySP/Source/Utility/looper.h ****                 break;
 130:../../DaisySP/Source/Utility/looper.h ****             case State::REC_DUB:
 131:../../DaisySP/Source/Utility/looper.h ****                 sig = Read(pos_);
 132:../../DaisySP/Source/Utility/looper.h ****                 switch(mode_)
 133:../../DaisySP/Source/Utility/looper.h ****                 {
 134:../../DaisySP/Source/Utility/looper.h ****                     case Mode::REPLACE: Write(pos_, input * win_); break;
 135:../../DaisySP/Source/Utility/looper.h ****                     case Mode::FRIPPERTRONICS:
 136:../../DaisySP/Source/Utility/looper.h ****                         Write(pos_, (input * win_) + (sig * kFripDecayVal));
 137:../../DaisySP/Source/Utility/looper.h ****                         break;
ARM GAS  C:\Users\aydan\AppData\Local\Temp\ccbXEJPg.s 			page 21


 138:../../DaisySP/Source/Utility/looper.h ****                     case Mode::NORMAL:
 139:../../DaisySP/Source/Utility/looper.h ****                     case Mode::ONETIME_DUB:
 140:../../DaisySP/Source/Utility/looper.h ****                     default: Write(pos_, (input * win_) + sig); break;
 141:../../DaisySP/Source/Utility/looper.h ****                 }
 142:../../DaisySP/Source/Utility/looper.h ****                 if(win_idx_ < kWindowSamps - 1)
 143:../../DaisySP/Source/Utility/looper.h ****                     win_idx_ += 1;
 144:../../DaisySP/Source/Utility/looper.h ****                 pos_ += inc;
 145:../../DaisySP/Source/Utility/looper.h ****                 if(pos_ > recsize_ - 1)
 146:../../DaisySP/Source/Utility/looper.h ****                 {
 147:../../DaisySP/Source/Utility/looper.h ****                     pos_    = 0;
 148:../../DaisySP/Source/Utility/looper.h ****                     hitloop = true;
 149:../../DaisySP/Source/Utility/looper.h ****                 }
 150:../../DaisySP/Source/Utility/looper.h ****                 else if(pos_ < 0)
 151:../../DaisySP/Source/Utility/looper.h ****                 {
 152:../../DaisySP/Source/Utility/looper.h ****                     pos_    = recsize_ - 1;
 153:../../DaisySP/Source/Utility/looper.h ****                     hitloop = true;
 154:../../DaisySP/Source/Utility/looper.h ****                 }
 155:../../DaisySP/Source/Utility/looper.h ****                 if(hitloop && mode_ == Mode::ONETIME_DUB)
 156:../../DaisySP/Source/Utility/looper.h ****                 {
 157:../../DaisySP/Source/Utility/looper.h ****                     state_   = State::PLAYING;
 158:../../DaisySP/Source/Utility/looper.h ****                     win_idx_ = 0;
 159:../../DaisySP/Source/Utility/looper.h ****                 }
 160:../../DaisySP/Source/Utility/looper.h **** 
 161:../../DaisySP/Source/Utility/looper.h ****                 break;
 162:../../DaisySP/Source/Utility/looper.h ****             default: break;
 163:../../DaisySP/Source/Utility/looper.h ****         }
 164:../../DaisySP/Source/Utility/looper.h ****         near_beginning_ = state_ != State::EMPTY && !Recording() && pos_ < 4800
 165:../../DaisySP/Source/Utility/looper.h ****                               ? true
 166:../../DaisySP/Source/Utility/looper.h ****                               : false;
 167:../../DaisySP/Source/Utility/looper.h **** 
 168:../../DaisySP/Source/Utility/looper.h ****         return sig;
 169:../../DaisySP/Source/Utility/looper.h ****     }
 170:../../DaisySP/Source/Utility/looper.h **** 
 171:../../DaisySP/Source/Utility/looper.h ****     /** Effectively erases the buffer
 172:../../DaisySP/Source/Utility/looper.h ****      ** Note: This does not actually change what is in the buffer  */
 173:../../DaisySP/Source/Utility/looper.h ****     inline void Clear() { state_ = State::EMPTY; }
 174:../../DaisySP/Source/Utility/looper.h **** 
 175:../../DaisySP/Source/Utility/looper.h ****     /** Engages/Disengages the recording, depending on Mode.
 176:../../DaisySP/Source/Utility/looper.h ****      ** In all modes, the first time this is triggered a new loop will be started.
 177:../../DaisySP/Source/Utility/looper.h ****      ** The second trigger will set the loop size, and begin playback of the loop.
 178:../../DaisySP/Source/Utility/looper.h ****     */
 179:../../DaisySP/Source/Utility/looper.h ****     inline void TrigRecord()
 180:../../DaisySP/Source/Utility/looper.h ****     {
 181:../../DaisySP/Source/Utility/looper.h ****         switch(state_)
 182:../../DaisySP/Source/Utility/looper.h ****         {
 183:../../DaisySP/Source/Utility/looper.h ****             case State::EMPTY:
 184:../../DaisySP/Source/Utility/looper.h ****                 pos_        = 0;
 185:../../DaisySP/Source/Utility/looper.h ****                 recsize_    = 0;
 186:../../DaisySP/Source/Utility/looper.h ****                 state_      = State::REC_FIRST;
 187:../../DaisySP/Source/Utility/looper.h ****                 half_speed_ = false;
 188:../../DaisySP/Source/Utility/looper.h ****                 reverse_    = false;
 189:../../DaisySP/Source/Utility/looper.h ****                 break;
 190:../../DaisySP/Source/Utility/looper.h ****             case State::REC_FIRST:
 191:../../DaisySP/Source/Utility/looper.h ****             case State::REC_DUB: state_ = State::PLAYING; break;
 192:../../DaisySP/Source/Utility/looper.h ****             case State::PLAYING:
 193:../../DaisySP/Source/Utility/looper.h ****                 if(mode_ == Mode::ONETIME_DUB)
 194:../../DaisySP/Source/Utility/looper.h ****                     rec_queue_ = true;
ARM GAS  C:\Users\aydan\AppData\Local\Temp\ccbXEJPg.s 			page 22


 195:../../DaisySP/Source/Utility/looper.h ****                 else
 196:../../DaisySP/Source/Utility/looper.h ****                     state_ = State::REC_DUB;
 197:../../DaisySP/Source/Utility/looper.h ****                 break;
 198:../../DaisySP/Source/Utility/looper.h ****             default: state_ = State::EMPTY; break;
 199:../../DaisySP/Source/Utility/looper.h ****         }
 200:../../DaisySP/Source/Utility/looper.h ****         if(!rec_queue_)
 201:../../DaisySP/Source/Utility/looper.h ****             win_idx_ = 0;
 202:../../DaisySP/Source/Utility/looper.h ****     }
 203:../../DaisySP/Source/Utility/looper.h **** 
 204:../../DaisySP/Source/Utility/looper.h ****     /** Returns true if the looper is currently being written to. */
 205:../../DaisySP/Source/Utility/looper.h ****     inline const bool Recording() const
 206:../../DaisySP/Source/Utility/looper.h ****     {
 207:../../DaisySP/Source/Utility/looper.h ****         return state_ == State::REC_DUB || state_ == State::REC_FIRST;
 208:../../DaisySP/Source/Utility/looper.h ****     }
 209:../../DaisySP/Source/Utility/looper.h **** 
 210:../../DaisySP/Source/Utility/looper.h ****     inline const bool RecordingQueued() const { return rec_queue_; }
 211:../../DaisySP/Source/Utility/looper.h **** 
 212:../../DaisySP/Source/Utility/looper.h ****     /** Increments the Mode by one step useful for buttons, etc. that need to step through the Loop
 213:../../DaisySP/Source/Utility/looper.h ****     inline void IncrementMode()
 214:../../DaisySP/Source/Utility/looper.h ****     {
 215:../../DaisySP/Source/Utility/looper.h ****         int m = static_cast<int>(mode_);
 216:../../DaisySP/Source/Utility/looper.h ****         m     = m + 1;
 217:../../DaisySP/Source/Utility/looper.h ****         if(m > kNumModes - 1)
 218:../../DaisySP/Source/Utility/looper.h ****             m = 0;
 219:../../DaisySP/Source/Utility/looper.h ****         mode_ = static_cast<Mode>(m);
 220:../../DaisySP/Source/Utility/looper.h ****     }
 221:../../DaisySP/Source/Utility/looper.h **** 
 222:../../DaisySP/Source/Utility/looper.h ****     /** Sets the recording mode to the specified Mode. */
 223:../../DaisySP/Source/Utility/looper.h ****     inline void SetMode(Mode mode) { mode_ = mode; }
 224:../../DaisySP/Source/Utility/looper.h **** 
 225:../../DaisySP/Source/Utility/looper.h ****     /** Returns the specific recording mode that is currently set. */
 226:../../DaisySP/Source/Utility/looper.h ****     inline const Mode GetMode() const { return mode_; }
 227:../../DaisySP/Source/Utility/looper.h **** 
 228:../../DaisySP/Source/Utility/looper.h ****     inline void ToggleReverse() { reverse_ = !reverse_; }
 229:../../DaisySP/Source/Utility/looper.h ****     inline void SetReverse(bool state) { reverse_ = state; }
 230:../../DaisySP/Source/Utility/looper.h ****     inline bool GetReverse() const { return reverse_; }
 231:../../DaisySP/Source/Utility/looper.h **** 
 232:../../DaisySP/Source/Utility/looper.h ****     inline void ToggleHalfSpeed() { half_speed_ = !half_speed_; }
 233:../../DaisySP/Source/Utility/looper.h ****     inline void SetHalfSpeed(bool state) { half_speed_ = state; }
 234:../../DaisySP/Source/Utility/looper.h ****     inline bool GetHalfSpeed() const { return half_speed_; }
 235:../../DaisySP/Source/Utility/looper.h **** 
 236:../../DaisySP/Source/Utility/looper.h ****     inline bool IsNearBeginning() const { return near_beginning_; }
 237:../../DaisySP/Source/Utility/looper.h **** 
 238:../../DaisySP/Source/Utility/looper.h ****     inline float GetIncrementSize() const
 672              		.loc 2 238 18 is_stmt 1 view .LVU163
 673              	.LBB186:
 239:../../DaisySP/Source/Utility/looper.h ****     {
 240:../../DaisySP/Source/Utility/looper.h ****         float inc = increment_size;
 674              		.loc 2 240 9 view .LVU164
 241:../../DaisySP/Source/Utility/looper.h **** 
 242:../../DaisySP/Source/Utility/looper.h ****         if(half_speed_)
 675              		.loc 2 242 9 is_stmt 0 view .LVU165
 676 0014 037F     		ldrb	r3, [r0, #28]	@ zero_extendqisi2
 240:../../DaisySP/Source/Utility/looper.h **** 
 677              		.loc 2 240 15 view .LVU166
 678 0016 90ED0A8A 		vldr.32	s16, [r0, #40]
 679              	.LVL50:
ARM GAS  C:\Users\aydan\AppData\Local\Temp\ccbXEJPg.s 			page 23


 680              		.loc 2 242 9 is_stmt 1 view .LVU167
 681 001a 1BB1     		cbz	r3, .L46
 243:../../DaisySP/Source/Utility/looper.h ****             inc *= 0.5f;
 682              		.loc 2 243 13 view .LVU168
 683              		.loc 2 243 17 is_stmt 0 view .LVU169
 684 001c F6EE007A 		vmov.f32	s15, #5.0e-1
 685 0020 28EE278A 		vmul.f32	s16, s16, s15
 686              	.LVL51:
 687              	.L46:
 244:../../DaisySP/Source/Utility/looper.h **** 
 245:../../DaisySP/Source/Utility/looper.h ****         return reverse_ ? -inc : inc;
 688              		.loc 2 245 9 is_stmt 1 view .LVU170
 689              		.loc 2 245 25 is_stmt 0 view .LVU171
 690 0024 637F     		ldrb	r3, [r4, #29]	@ zero_extendqisi2
 691 0026 0BB1     		cbz	r3, .L47
 692              		.loc 2 245 25 view .LVU172
 693 0028 B1EE488A 		vneg.f32	s16, s16
 694              	.LVL52:
 695              	.L47:
 696              		.loc 2 245 25 view .LVU173
 697              	.LBE186:
 698              	.LBE185:
  75:../../DaisySP/Source/Utility/looper.h ****         switch(state_)
 699              		.loc 2 75 9 is_stmt 1 view .LVU174
  75:../../DaisySP/Source/Utility/looper.h ****         switch(state_)
 700              		.loc 2 75 26 is_stmt 0 view .LVU175
 701 002c A669     		ldr	r6, [r4, #24]
 702              	.LVL53:
 703              	.LBB187:
 704              	.LBI187:
 246:../../DaisySP/Source/Utility/looper.h ****     }
 247:../../DaisySP/Source/Utility/looper.h **** 
 248:../../DaisySP/Source/Utility/looper.h ****     void SetIncrementSize(float increment) { increment_size = increment; }
 249:../../DaisySP/Source/Utility/looper.h **** 
 250:../../DaisySP/Source/Utility/looper.h ****     inline float  GetPos() const { return pos_; }
 251:../../DaisySP/Source/Utility/looper.h ****     inline size_t GetRecSize() const { return recsize_; }
 252:../../DaisySP/Source/Utility/looper.h **** 
 253:../../DaisySP/Source/Utility/looper.h ****   private:
 254:../../DaisySP/Source/Utility/looper.h ****     /** Constants */
 255:../../DaisySP/Source/Utility/looper.h **** 
 256:../../DaisySP/Source/Utility/looper.h ****     /** Decay value for frippertronics mode is sin(PI / 4) */
 257:../../DaisySP/Source/Utility/looper.h ****     static constexpr float kFripDecayVal      = 0.7071067811865476f;
 258:../../DaisySP/Source/Utility/looper.h ****     static constexpr int   kNumModes          = 4;
 259:../../DaisySP/Source/Utility/looper.h ****     static constexpr int   kNumPlaybackSpeeds = 3;
 260:../../DaisySP/Source/Utility/looper.h ****     static constexpr int   kWindowSamps       = 1200;
 261:../../DaisySP/Source/Utility/looper.h ****     static constexpr float kWindowFactor      = (1.f / kWindowSamps);
 262:../../DaisySP/Source/Utility/looper.h **** 
 263:../../DaisySP/Source/Utility/looper.h ****     /** Private Member Functions */
 264:../../DaisySP/Source/Utility/looper.h **** 
 265:../../DaisySP/Source/Utility/looper.h ****     /** Initialize the buffer */
 266:../../DaisySP/Source/Utility/looper.h ****     void InitBuff() { std::fill(&buff_[0], &buff_[buffer_size_ - 1], 0); }
 267:../../DaisySP/Source/Utility/looper.h **** 
 268:../../DaisySP/Source/Utility/looper.h ****     /** Get a floating point sample from the buffer */
 269:../../DaisySP/Source/Utility/looper.h ****     inline const float Read(size_t pos) const { return buff_[pos]; }
 270:../../DaisySP/Source/Utility/looper.h **** 
 271:../../DaisySP/Source/Utility/looper.h ****     /** Reads from a specified point in the delay line using linear interpolation */
 272:../../DaisySP/Source/Utility/looper.h ****     float ReadF(float pos)
ARM GAS  C:\Users\aydan\AppData\Local\Temp\ccbXEJPg.s 			page 24


 273:../../DaisySP/Source/Utility/looper.h ****     {
 274:../../DaisySP/Source/Utility/looper.h ****         float    a, b, frac;
 275:../../DaisySP/Source/Utility/looper.h ****         uint32_t i_idx = static_cast<uint32_t>(pos);
 276:../../DaisySP/Source/Utility/looper.h ****         frac           = pos - i_idx;
 277:../../DaisySP/Source/Utility/looper.h ****         a              = buff_[i_idx];
 278:../../DaisySP/Source/Utility/looper.h ****         b              = buff_[(i_idx + 1) % buffer_size_];
 279:../../DaisySP/Source/Utility/looper.h ****         return a + (b - a) * frac;
 280:../../DaisySP/Source/Utility/looper.h ****     }
 281:../../DaisySP/Source/Utility/looper.h **** 
 282:../../DaisySP/Source/Utility/looper.h ****     /** Write to a known location in the buffer */
 283:../../DaisySP/Source/Utility/looper.h ****     inline void Write(size_t pos, float val) { buff_[pos] = val; }
 284:../../DaisySP/Source/Utility/looper.h **** 
 285:../../DaisySP/Source/Utility/looper.h ****     /** Linear to Constpower approximation for windowing*/
 286:../../DaisySP/Source/Utility/looper.h ****     float WindowVal(float in) { return sin(HALFPI_F * in); }
 705              		.loc 2 286 11 is_stmt 1 view .LVU176
 706              	.LBB188:
 707              		.loc 2 286 33 view .LVU177
 708              	.LBB189:
 709              	.LBI189:
 710              		.file 5 "c:\\program files\\daisytoolchain\\arm-none-eabi\\include\\c++\\10.2.1\\cmath"
   1:c:\program files\daisytoolchain\arm-none-eabi\include\c++\10.2.1\cmath **** // -*- C++ -*- C forwarding header.
   2:c:\program files\daisytoolchain\arm-none-eabi\include\c++\10.2.1\cmath **** 
   3:c:\program files\daisytoolchain\arm-none-eabi\include\c++\10.2.1\cmath **** // Copyright (C) 1997-2020 Free Software Foundation, Inc.
   4:c:\program files\daisytoolchain\arm-none-eabi\include\c++\10.2.1\cmath **** //
   5:c:\program files\daisytoolchain\arm-none-eabi\include\c++\10.2.1\cmath **** // This file is part of the GNU ISO C++ Library.  This library is free
   6:c:\program files\daisytoolchain\arm-none-eabi\include\c++\10.2.1\cmath **** // software; you can redistribute it and/or modify it under the
   7:c:\program files\daisytoolchain\arm-none-eabi\include\c++\10.2.1\cmath **** // terms of the GNU General Public License as published by the
   8:c:\program files\daisytoolchain\arm-none-eabi\include\c++\10.2.1\cmath **** // Free Software Foundation; either version 3, or (at your option)
   9:c:\program files\daisytoolchain\arm-none-eabi\include\c++\10.2.1\cmath **** // any later version.
  10:c:\program files\daisytoolchain\arm-none-eabi\include\c++\10.2.1\cmath **** 
  11:c:\program files\daisytoolchain\arm-none-eabi\include\c++\10.2.1\cmath **** // This library is distributed in the hope that it will be useful,
  12:c:\program files\daisytoolchain\arm-none-eabi\include\c++\10.2.1\cmath **** // but WITHOUT ANY WARRANTY; without even the implied warranty of
  13:c:\program files\daisytoolchain\arm-none-eabi\include\c++\10.2.1\cmath **** // MERCHANTABILITY or FITNESS FOR A PARTICULAR PURPOSE.  See the
  14:c:\program files\daisytoolchain\arm-none-eabi\include\c++\10.2.1\cmath **** // GNU General Public License for more details.
  15:c:\program files\daisytoolchain\arm-none-eabi\include\c++\10.2.1\cmath **** 
  16:c:\program files\daisytoolchain\arm-none-eabi\include\c++\10.2.1\cmath **** // Under Section 7 of GPL version 3, you are granted additional
  17:c:\program files\daisytoolchain\arm-none-eabi\include\c++\10.2.1\cmath **** // permissions described in the GCC Runtime Library Exception, version
  18:c:\program files\daisytoolchain\arm-none-eabi\include\c++\10.2.1\cmath **** // 3.1, as published by the Free Software Foundation.
  19:c:\program files\daisytoolchain\arm-none-eabi\include\c++\10.2.1\cmath **** 
  20:c:\program files\daisytoolchain\arm-none-eabi\include\c++\10.2.1\cmath **** // You should have received a copy of the GNU General Public License and
  21:c:\program files\daisytoolchain\arm-none-eabi\include\c++\10.2.1\cmath **** // a copy of the GCC Runtime Library Exception along with this program;
  22:c:\program files\daisytoolchain\arm-none-eabi\include\c++\10.2.1\cmath **** // see the files COPYING3 and COPYING.RUNTIME respectively.  If not, see
  23:c:\program files\daisytoolchain\arm-none-eabi\include\c++\10.2.1\cmath **** // <http://www.gnu.org/licenses/>.
  24:c:\program files\daisytoolchain\arm-none-eabi\include\c++\10.2.1\cmath **** 
  25:c:\program files\daisytoolchain\arm-none-eabi\include\c++\10.2.1\cmath **** /** @file include/cmath
  26:c:\program files\daisytoolchain\arm-none-eabi\include\c++\10.2.1\cmath ****  *  This is a Standard C++ Library file.  You should @c \#include this file
  27:c:\program files\daisytoolchain\arm-none-eabi\include\c++\10.2.1\cmath ****  *  in your programs, rather than any of the @a *.h implementation files.
  28:c:\program files\daisytoolchain\arm-none-eabi\include\c++\10.2.1\cmath ****  *
  29:c:\program files\daisytoolchain\arm-none-eabi\include\c++\10.2.1\cmath ****  *  This is the C++ version of the Standard C Library header @c math.h,
  30:c:\program files\daisytoolchain\arm-none-eabi\include\c++\10.2.1\cmath ****  *  and its contents are (mostly) the same as that header, but are all
  31:c:\program files\daisytoolchain\arm-none-eabi\include\c++\10.2.1\cmath ****  *  contained in the namespace @c std (except for names which are defined
  32:c:\program files\daisytoolchain\arm-none-eabi\include\c++\10.2.1\cmath ****  *  as macros in C).
  33:c:\program files\daisytoolchain\arm-none-eabi\include\c++\10.2.1\cmath ****  */
  34:c:\program files\daisytoolchain\arm-none-eabi\include\c++\10.2.1\cmath **** 
  35:c:\program files\daisytoolchain\arm-none-eabi\include\c++\10.2.1\cmath **** //
  36:c:\program files\daisytoolchain\arm-none-eabi\include\c++\10.2.1\cmath **** // ISO C++ 14882: 26.5  C library
  37:c:\program files\daisytoolchain\arm-none-eabi\include\c++\10.2.1\cmath **** //
ARM GAS  C:\Users\aydan\AppData\Local\Temp\ccbXEJPg.s 			page 25


  38:c:\program files\daisytoolchain\arm-none-eabi\include\c++\10.2.1\cmath **** 
  39:c:\program files\daisytoolchain\arm-none-eabi\include\c++\10.2.1\cmath **** #pragma GCC system_header
  40:c:\program files\daisytoolchain\arm-none-eabi\include\c++\10.2.1\cmath **** 
  41:c:\program files\daisytoolchain\arm-none-eabi\include\c++\10.2.1\cmath **** #include <bits/c++config.h>
  42:c:\program files\daisytoolchain\arm-none-eabi\include\c++\10.2.1\cmath **** #include <bits/cpp_type_traits.h>
  43:c:\program files\daisytoolchain\arm-none-eabi\include\c++\10.2.1\cmath **** #include <ext/type_traits.h>
  44:c:\program files\daisytoolchain\arm-none-eabi\include\c++\10.2.1\cmath **** #define _GLIBCXX_INCLUDE_NEXT_C_HEADERS
  45:c:\program files\daisytoolchain\arm-none-eabi\include\c++\10.2.1\cmath **** #include_next <math.h>
  46:c:\program files\daisytoolchain\arm-none-eabi\include\c++\10.2.1\cmath **** #undef _GLIBCXX_INCLUDE_NEXT_C_HEADERS
  47:c:\program files\daisytoolchain\arm-none-eabi\include\c++\10.2.1\cmath **** #include <bits/std_abs.h>
  48:c:\program files\daisytoolchain\arm-none-eabi\include\c++\10.2.1\cmath **** 
  49:c:\program files\daisytoolchain\arm-none-eabi\include\c++\10.2.1\cmath **** #ifndef _GLIBCXX_CMATH
  50:c:\program files\daisytoolchain\arm-none-eabi\include\c++\10.2.1\cmath **** #define _GLIBCXX_CMATH 1
  51:c:\program files\daisytoolchain\arm-none-eabi\include\c++\10.2.1\cmath **** 
  52:c:\program files\daisytoolchain\arm-none-eabi\include\c++\10.2.1\cmath **** // Get rid of those macros defined in <math.h> in lieu of real functions.
  53:c:\program files\daisytoolchain\arm-none-eabi\include\c++\10.2.1\cmath **** #undef div
  54:c:\program files\daisytoolchain\arm-none-eabi\include\c++\10.2.1\cmath **** #undef acos
  55:c:\program files\daisytoolchain\arm-none-eabi\include\c++\10.2.1\cmath **** #undef asin
  56:c:\program files\daisytoolchain\arm-none-eabi\include\c++\10.2.1\cmath **** #undef atan
  57:c:\program files\daisytoolchain\arm-none-eabi\include\c++\10.2.1\cmath **** #undef atan2
  58:c:\program files\daisytoolchain\arm-none-eabi\include\c++\10.2.1\cmath **** #undef ceil
  59:c:\program files\daisytoolchain\arm-none-eabi\include\c++\10.2.1\cmath **** #undef cos
  60:c:\program files\daisytoolchain\arm-none-eabi\include\c++\10.2.1\cmath **** #undef cosh
  61:c:\program files\daisytoolchain\arm-none-eabi\include\c++\10.2.1\cmath **** #undef exp
  62:c:\program files\daisytoolchain\arm-none-eabi\include\c++\10.2.1\cmath **** #undef fabs
  63:c:\program files\daisytoolchain\arm-none-eabi\include\c++\10.2.1\cmath **** #undef floor
  64:c:\program files\daisytoolchain\arm-none-eabi\include\c++\10.2.1\cmath **** #undef fmod
  65:c:\program files\daisytoolchain\arm-none-eabi\include\c++\10.2.1\cmath **** #undef frexp
  66:c:\program files\daisytoolchain\arm-none-eabi\include\c++\10.2.1\cmath **** #undef ldexp
  67:c:\program files\daisytoolchain\arm-none-eabi\include\c++\10.2.1\cmath **** #undef log
  68:c:\program files\daisytoolchain\arm-none-eabi\include\c++\10.2.1\cmath **** #undef log10
  69:c:\program files\daisytoolchain\arm-none-eabi\include\c++\10.2.1\cmath **** #undef modf
  70:c:\program files\daisytoolchain\arm-none-eabi\include\c++\10.2.1\cmath **** #undef pow
  71:c:\program files\daisytoolchain\arm-none-eabi\include\c++\10.2.1\cmath **** #undef sin
  72:c:\program files\daisytoolchain\arm-none-eabi\include\c++\10.2.1\cmath **** #undef sinh
  73:c:\program files\daisytoolchain\arm-none-eabi\include\c++\10.2.1\cmath **** #undef sqrt
  74:c:\program files\daisytoolchain\arm-none-eabi\include\c++\10.2.1\cmath **** #undef tan
  75:c:\program files\daisytoolchain\arm-none-eabi\include\c++\10.2.1\cmath **** #undef tanh
  76:c:\program files\daisytoolchain\arm-none-eabi\include\c++\10.2.1\cmath **** 
  77:c:\program files\daisytoolchain\arm-none-eabi\include\c++\10.2.1\cmath **** extern "C++"
  78:c:\program files\daisytoolchain\arm-none-eabi\include\c++\10.2.1\cmath **** {
  79:c:\program files\daisytoolchain\arm-none-eabi\include\c++\10.2.1\cmath **** namespace std _GLIBCXX_VISIBILITY(default)
  80:c:\program files\daisytoolchain\arm-none-eabi\include\c++\10.2.1\cmath **** {
  81:c:\program files\daisytoolchain\arm-none-eabi\include\c++\10.2.1\cmath **** _GLIBCXX_BEGIN_NAMESPACE_VERSION
  82:c:\program files\daisytoolchain\arm-none-eabi\include\c++\10.2.1\cmath **** 
  83:c:\program files\daisytoolchain\arm-none-eabi\include\c++\10.2.1\cmath ****   using ::acos;
  84:c:\program files\daisytoolchain\arm-none-eabi\include\c++\10.2.1\cmath **** 
  85:c:\program files\daisytoolchain\arm-none-eabi\include\c++\10.2.1\cmath **** #ifndef __CORRECT_ISO_CPP_MATH_H_PROTO
  86:c:\program files\daisytoolchain\arm-none-eabi\include\c++\10.2.1\cmath ****   inline _GLIBCXX_CONSTEXPR float
  87:c:\program files\daisytoolchain\arm-none-eabi\include\c++\10.2.1\cmath ****   acos(float __x)
  88:c:\program files\daisytoolchain\arm-none-eabi\include\c++\10.2.1\cmath ****   { return __builtin_acosf(__x); }
  89:c:\program files\daisytoolchain\arm-none-eabi\include\c++\10.2.1\cmath **** 
  90:c:\program files\daisytoolchain\arm-none-eabi\include\c++\10.2.1\cmath ****   inline _GLIBCXX_CONSTEXPR long double
  91:c:\program files\daisytoolchain\arm-none-eabi\include\c++\10.2.1\cmath ****   acos(long double __x)
  92:c:\program files\daisytoolchain\arm-none-eabi\include\c++\10.2.1\cmath ****   { return __builtin_acosl(__x); }
  93:c:\program files\daisytoolchain\arm-none-eabi\include\c++\10.2.1\cmath **** #endif
  94:c:\program files\daisytoolchain\arm-none-eabi\include\c++\10.2.1\cmath **** 
ARM GAS  C:\Users\aydan\AppData\Local\Temp\ccbXEJPg.s 			page 26


  95:c:\program files\daisytoolchain\arm-none-eabi\include\c++\10.2.1\cmath ****   template<typename _Tp>
  96:c:\program files\daisytoolchain\arm-none-eabi\include\c++\10.2.1\cmath ****     inline _GLIBCXX_CONSTEXPR
  97:c:\program files\daisytoolchain\arm-none-eabi\include\c++\10.2.1\cmath ****     typename __gnu_cxx::__enable_if<__is_integer<_Tp>::__value, 
  98:c:\program files\daisytoolchain\arm-none-eabi\include\c++\10.2.1\cmath ****                                     double>::__type
  99:c:\program files\daisytoolchain\arm-none-eabi\include\c++\10.2.1\cmath ****     acos(_Tp __x)
 100:c:\program files\daisytoolchain\arm-none-eabi\include\c++\10.2.1\cmath ****     { return __builtin_acos(__x); }
 101:c:\program files\daisytoolchain\arm-none-eabi\include\c++\10.2.1\cmath **** 
 102:c:\program files\daisytoolchain\arm-none-eabi\include\c++\10.2.1\cmath ****   using ::asin;
 103:c:\program files\daisytoolchain\arm-none-eabi\include\c++\10.2.1\cmath **** 
 104:c:\program files\daisytoolchain\arm-none-eabi\include\c++\10.2.1\cmath **** #ifndef __CORRECT_ISO_CPP_MATH_H_PROTO
 105:c:\program files\daisytoolchain\arm-none-eabi\include\c++\10.2.1\cmath ****   inline _GLIBCXX_CONSTEXPR float
 106:c:\program files\daisytoolchain\arm-none-eabi\include\c++\10.2.1\cmath ****   asin(float __x)
 107:c:\program files\daisytoolchain\arm-none-eabi\include\c++\10.2.1\cmath ****   { return __builtin_asinf(__x); }
 108:c:\program files\daisytoolchain\arm-none-eabi\include\c++\10.2.1\cmath **** 
 109:c:\program files\daisytoolchain\arm-none-eabi\include\c++\10.2.1\cmath ****   inline _GLIBCXX_CONSTEXPR long double
 110:c:\program files\daisytoolchain\arm-none-eabi\include\c++\10.2.1\cmath ****   asin(long double __x)
 111:c:\program files\daisytoolchain\arm-none-eabi\include\c++\10.2.1\cmath ****   { return __builtin_asinl(__x); }
 112:c:\program files\daisytoolchain\arm-none-eabi\include\c++\10.2.1\cmath **** #endif
 113:c:\program files\daisytoolchain\arm-none-eabi\include\c++\10.2.1\cmath **** 
 114:c:\program files\daisytoolchain\arm-none-eabi\include\c++\10.2.1\cmath ****   template<typename _Tp>
 115:c:\program files\daisytoolchain\arm-none-eabi\include\c++\10.2.1\cmath ****     inline _GLIBCXX_CONSTEXPR
 116:c:\program files\daisytoolchain\arm-none-eabi\include\c++\10.2.1\cmath ****     typename __gnu_cxx::__enable_if<__is_integer<_Tp>::__value,
 117:c:\program files\daisytoolchain\arm-none-eabi\include\c++\10.2.1\cmath ****                                     double>::__type
 118:c:\program files\daisytoolchain\arm-none-eabi\include\c++\10.2.1\cmath ****     asin(_Tp __x)
 119:c:\program files\daisytoolchain\arm-none-eabi\include\c++\10.2.1\cmath ****     { return __builtin_asin(__x); }
 120:c:\program files\daisytoolchain\arm-none-eabi\include\c++\10.2.1\cmath **** 
 121:c:\program files\daisytoolchain\arm-none-eabi\include\c++\10.2.1\cmath ****   using ::atan;
 122:c:\program files\daisytoolchain\arm-none-eabi\include\c++\10.2.1\cmath **** 
 123:c:\program files\daisytoolchain\arm-none-eabi\include\c++\10.2.1\cmath **** #ifndef __CORRECT_ISO_CPP_MATH_H_PROTO
 124:c:\program files\daisytoolchain\arm-none-eabi\include\c++\10.2.1\cmath ****   inline _GLIBCXX_CONSTEXPR float
 125:c:\program files\daisytoolchain\arm-none-eabi\include\c++\10.2.1\cmath ****   atan(float __x)
 126:c:\program files\daisytoolchain\arm-none-eabi\include\c++\10.2.1\cmath ****   { return __builtin_atanf(__x); }
 127:c:\program files\daisytoolchain\arm-none-eabi\include\c++\10.2.1\cmath **** 
 128:c:\program files\daisytoolchain\arm-none-eabi\include\c++\10.2.1\cmath ****   inline _GLIBCXX_CONSTEXPR long double
 129:c:\program files\daisytoolchain\arm-none-eabi\include\c++\10.2.1\cmath ****   atan(long double __x)
 130:c:\program files\daisytoolchain\arm-none-eabi\include\c++\10.2.1\cmath ****   { return __builtin_atanl(__x); }
 131:c:\program files\daisytoolchain\arm-none-eabi\include\c++\10.2.1\cmath **** #endif
 132:c:\program files\daisytoolchain\arm-none-eabi\include\c++\10.2.1\cmath **** 
 133:c:\program files\daisytoolchain\arm-none-eabi\include\c++\10.2.1\cmath ****   template<typename _Tp>
 134:c:\program files\daisytoolchain\arm-none-eabi\include\c++\10.2.1\cmath ****     inline _GLIBCXX_CONSTEXPR
 135:c:\program files\daisytoolchain\arm-none-eabi\include\c++\10.2.1\cmath ****     typename __gnu_cxx::__enable_if<__is_integer<_Tp>::__value,
 136:c:\program files\daisytoolchain\arm-none-eabi\include\c++\10.2.1\cmath ****                                     double>::__type
 137:c:\program files\daisytoolchain\arm-none-eabi\include\c++\10.2.1\cmath ****     atan(_Tp __x)
 138:c:\program files\daisytoolchain\arm-none-eabi\include\c++\10.2.1\cmath ****     { return __builtin_atan(__x); }
 139:c:\program files\daisytoolchain\arm-none-eabi\include\c++\10.2.1\cmath **** 
 140:c:\program files\daisytoolchain\arm-none-eabi\include\c++\10.2.1\cmath ****   using ::atan2;
 141:c:\program files\daisytoolchain\arm-none-eabi\include\c++\10.2.1\cmath **** 
 142:c:\program files\daisytoolchain\arm-none-eabi\include\c++\10.2.1\cmath **** #ifndef __CORRECT_ISO_CPP_MATH_H_PROTO
 143:c:\program files\daisytoolchain\arm-none-eabi\include\c++\10.2.1\cmath ****   inline _GLIBCXX_CONSTEXPR float
 144:c:\program files\daisytoolchain\arm-none-eabi\include\c++\10.2.1\cmath ****   atan2(float __y, float __x)
 145:c:\program files\daisytoolchain\arm-none-eabi\include\c++\10.2.1\cmath ****   { return __builtin_atan2f(__y, __x); }
 146:c:\program files\daisytoolchain\arm-none-eabi\include\c++\10.2.1\cmath **** 
 147:c:\program files\daisytoolchain\arm-none-eabi\include\c++\10.2.1\cmath ****   inline _GLIBCXX_CONSTEXPR long double
 148:c:\program files\daisytoolchain\arm-none-eabi\include\c++\10.2.1\cmath ****   atan2(long double __y, long double __x)
 149:c:\program files\daisytoolchain\arm-none-eabi\include\c++\10.2.1\cmath ****   { return __builtin_atan2l(__y, __x); }
 150:c:\program files\daisytoolchain\arm-none-eabi\include\c++\10.2.1\cmath **** #endif
 151:c:\program files\daisytoolchain\arm-none-eabi\include\c++\10.2.1\cmath **** 
ARM GAS  C:\Users\aydan\AppData\Local\Temp\ccbXEJPg.s 			page 27


 152:c:\program files\daisytoolchain\arm-none-eabi\include\c++\10.2.1\cmath ****   template<typename _Tp, typename _Up>
 153:c:\program files\daisytoolchain\arm-none-eabi\include\c++\10.2.1\cmath ****     inline _GLIBCXX_CONSTEXPR
 154:c:\program files\daisytoolchain\arm-none-eabi\include\c++\10.2.1\cmath ****     typename __gnu_cxx::__promote_2<_Tp, _Up>::__type
 155:c:\program files\daisytoolchain\arm-none-eabi\include\c++\10.2.1\cmath ****     atan2(_Tp __y, _Up __x)
 156:c:\program files\daisytoolchain\arm-none-eabi\include\c++\10.2.1\cmath ****     {
 157:c:\program files\daisytoolchain\arm-none-eabi\include\c++\10.2.1\cmath ****       typedef typename __gnu_cxx::__promote_2<_Tp, _Up>::__type __type;
 158:c:\program files\daisytoolchain\arm-none-eabi\include\c++\10.2.1\cmath ****       return atan2(__type(__y), __type(__x));
 159:c:\program files\daisytoolchain\arm-none-eabi\include\c++\10.2.1\cmath ****     }
 160:c:\program files\daisytoolchain\arm-none-eabi\include\c++\10.2.1\cmath **** 
 161:c:\program files\daisytoolchain\arm-none-eabi\include\c++\10.2.1\cmath ****   using ::ceil;
 162:c:\program files\daisytoolchain\arm-none-eabi\include\c++\10.2.1\cmath **** 
 163:c:\program files\daisytoolchain\arm-none-eabi\include\c++\10.2.1\cmath **** #ifndef __CORRECT_ISO_CPP_MATH_H_PROTO
 164:c:\program files\daisytoolchain\arm-none-eabi\include\c++\10.2.1\cmath ****   inline _GLIBCXX_CONSTEXPR float
 165:c:\program files\daisytoolchain\arm-none-eabi\include\c++\10.2.1\cmath ****   ceil(float __x)
 166:c:\program files\daisytoolchain\arm-none-eabi\include\c++\10.2.1\cmath ****   { return __builtin_ceilf(__x); }
 167:c:\program files\daisytoolchain\arm-none-eabi\include\c++\10.2.1\cmath **** 
 168:c:\program files\daisytoolchain\arm-none-eabi\include\c++\10.2.1\cmath ****   inline _GLIBCXX_CONSTEXPR long double
 169:c:\program files\daisytoolchain\arm-none-eabi\include\c++\10.2.1\cmath ****   ceil(long double __x)
 170:c:\program files\daisytoolchain\arm-none-eabi\include\c++\10.2.1\cmath ****   { return __builtin_ceill(__x); }
 171:c:\program files\daisytoolchain\arm-none-eabi\include\c++\10.2.1\cmath **** #endif
 172:c:\program files\daisytoolchain\arm-none-eabi\include\c++\10.2.1\cmath **** 
 173:c:\program files\daisytoolchain\arm-none-eabi\include\c++\10.2.1\cmath ****   template<typename _Tp>
 174:c:\program files\daisytoolchain\arm-none-eabi\include\c++\10.2.1\cmath ****     inline _GLIBCXX_CONSTEXPR
 175:c:\program files\daisytoolchain\arm-none-eabi\include\c++\10.2.1\cmath ****     typename __gnu_cxx::__enable_if<__is_integer<_Tp>::__value, 
 176:c:\program files\daisytoolchain\arm-none-eabi\include\c++\10.2.1\cmath ****                                     double>::__type
 177:c:\program files\daisytoolchain\arm-none-eabi\include\c++\10.2.1\cmath ****     ceil(_Tp __x)
 178:c:\program files\daisytoolchain\arm-none-eabi\include\c++\10.2.1\cmath ****     { return __builtin_ceil(__x); }
 179:c:\program files\daisytoolchain\arm-none-eabi\include\c++\10.2.1\cmath **** 
 180:c:\program files\daisytoolchain\arm-none-eabi\include\c++\10.2.1\cmath ****   using ::cos;
 181:c:\program files\daisytoolchain\arm-none-eabi\include\c++\10.2.1\cmath **** 
 182:c:\program files\daisytoolchain\arm-none-eabi\include\c++\10.2.1\cmath **** #ifndef __CORRECT_ISO_CPP_MATH_H_PROTO
 183:c:\program files\daisytoolchain\arm-none-eabi\include\c++\10.2.1\cmath ****   inline _GLIBCXX_CONSTEXPR float
 184:c:\program files\daisytoolchain\arm-none-eabi\include\c++\10.2.1\cmath ****   cos(float __x)
 185:c:\program files\daisytoolchain\arm-none-eabi\include\c++\10.2.1\cmath ****   { return __builtin_cosf(__x); }
 186:c:\program files\daisytoolchain\arm-none-eabi\include\c++\10.2.1\cmath **** 
 187:c:\program files\daisytoolchain\arm-none-eabi\include\c++\10.2.1\cmath ****   inline _GLIBCXX_CONSTEXPR long double
 188:c:\program files\daisytoolchain\arm-none-eabi\include\c++\10.2.1\cmath ****   cos(long double __x)
 189:c:\program files\daisytoolchain\arm-none-eabi\include\c++\10.2.1\cmath ****   { return __builtin_cosl(__x); }
 190:c:\program files\daisytoolchain\arm-none-eabi\include\c++\10.2.1\cmath **** #endif
 191:c:\program files\daisytoolchain\arm-none-eabi\include\c++\10.2.1\cmath **** 
 192:c:\program files\daisytoolchain\arm-none-eabi\include\c++\10.2.1\cmath ****   template<typename _Tp>
 193:c:\program files\daisytoolchain\arm-none-eabi\include\c++\10.2.1\cmath ****     inline _GLIBCXX_CONSTEXPR
 194:c:\program files\daisytoolchain\arm-none-eabi\include\c++\10.2.1\cmath ****     typename __gnu_cxx::__enable_if<__is_integer<_Tp>::__value,
 195:c:\program files\daisytoolchain\arm-none-eabi\include\c++\10.2.1\cmath ****                                     double>::__type
 196:c:\program files\daisytoolchain\arm-none-eabi\include\c++\10.2.1\cmath ****     cos(_Tp __x)
 197:c:\program files\daisytoolchain\arm-none-eabi\include\c++\10.2.1\cmath ****     { return __builtin_cos(__x); }
 198:c:\program files\daisytoolchain\arm-none-eabi\include\c++\10.2.1\cmath **** 
 199:c:\program files\daisytoolchain\arm-none-eabi\include\c++\10.2.1\cmath ****   using ::cosh;
 200:c:\program files\daisytoolchain\arm-none-eabi\include\c++\10.2.1\cmath **** 
 201:c:\program files\daisytoolchain\arm-none-eabi\include\c++\10.2.1\cmath **** #ifndef __CORRECT_ISO_CPP_MATH_H_PROTO
 202:c:\program files\daisytoolchain\arm-none-eabi\include\c++\10.2.1\cmath ****   inline _GLIBCXX_CONSTEXPR float
 203:c:\program files\daisytoolchain\arm-none-eabi\include\c++\10.2.1\cmath ****   cosh(float __x)
 204:c:\program files\daisytoolchain\arm-none-eabi\include\c++\10.2.1\cmath ****   { return __builtin_coshf(__x); }
 205:c:\program files\daisytoolchain\arm-none-eabi\include\c++\10.2.1\cmath **** 
 206:c:\program files\daisytoolchain\arm-none-eabi\include\c++\10.2.1\cmath ****   inline _GLIBCXX_CONSTEXPR long double
 207:c:\program files\daisytoolchain\arm-none-eabi\include\c++\10.2.1\cmath ****   cosh(long double __x)
 208:c:\program files\daisytoolchain\arm-none-eabi\include\c++\10.2.1\cmath ****   { return __builtin_coshl(__x); }
ARM GAS  C:\Users\aydan\AppData\Local\Temp\ccbXEJPg.s 			page 28


 209:c:\program files\daisytoolchain\arm-none-eabi\include\c++\10.2.1\cmath **** #endif
 210:c:\program files\daisytoolchain\arm-none-eabi\include\c++\10.2.1\cmath **** 
 211:c:\program files\daisytoolchain\arm-none-eabi\include\c++\10.2.1\cmath ****   template<typename _Tp>
 212:c:\program files\daisytoolchain\arm-none-eabi\include\c++\10.2.1\cmath ****     inline _GLIBCXX_CONSTEXPR
 213:c:\program files\daisytoolchain\arm-none-eabi\include\c++\10.2.1\cmath ****     typename __gnu_cxx::__enable_if<__is_integer<_Tp>::__value,
 214:c:\program files\daisytoolchain\arm-none-eabi\include\c++\10.2.1\cmath ****                                     double>::__type
 215:c:\program files\daisytoolchain\arm-none-eabi\include\c++\10.2.1\cmath ****     cosh(_Tp __x)
 216:c:\program files\daisytoolchain\arm-none-eabi\include\c++\10.2.1\cmath ****     { return __builtin_cosh(__x); }
 217:c:\program files\daisytoolchain\arm-none-eabi\include\c++\10.2.1\cmath **** 
 218:c:\program files\daisytoolchain\arm-none-eabi\include\c++\10.2.1\cmath ****   using ::exp;
 219:c:\program files\daisytoolchain\arm-none-eabi\include\c++\10.2.1\cmath **** 
 220:c:\program files\daisytoolchain\arm-none-eabi\include\c++\10.2.1\cmath **** #ifndef __CORRECT_ISO_CPP_MATH_H_PROTO
 221:c:\program files\daisytoolchain\arm-none-eabi\include\c++\10.2.1\cmath ****   inline _GLIBCXX_CONSTEXPR float
 222:c:\program files\daisytoolchain\arm-none-eabi\include\c++\10.2.1\cmath ****   exp(float __x)
 223:c:\program files\daisytoolchain\arm-none-eabi\include\c++\10.2.1\cmath ****   { return __builtin_expf(__x); }
 224:c:\program files\daisytoolchain\arm-none-eabi\include\c++\10.2.1\cmath **** 
 225:c:\program files\daisytoolchain\arm-none-eabi\include\c++\10.2.1\cmath ****   inline _GLIBCXX_CONSTEXPR long double
 226:c:\program files\daisytoolchain\arm-none-eabi\include\c++\10.2.1\cmath ****   exp(long double __x)
 227:c:\program files\daisytoolchain\arm-none-eabi\include\c++\10.2.1\cmath ****   { return __builtin_expl(__x); }
 228:c:\program files\daisytoolchain\arm-none-eabi\include\c++\10.2.1\cmath **** #endif
 229:c:\program files\daisytoolchain\arm-none-eabi\include\c++\10.2.1\cmath **** 
 230:c:\program files\daisytoolchain\arm-none-eabi\include\c++\10.2.1\cmath ****   template<typename _Tp>
 231:c:\program files\daisytoolchain\arm-none-eabi\include\c++\10.2.1\cmath ****     inline _GLIBCXX_CONSTEXPR
 232:c:\program files\daisytoolchain\arm-none-eabi\include\c++\10.2.1\cmath ****     typename __gnu_cxx::__enable_if<__is_integer<_Tp>::__value,
 233:c:\program files\daisytoolchain\arm-none-eabi\include\c++\10.2.1\cmath ****                                     double>::__type
 234:c:\program files\daisytoolchain\arm-none-eabi\include\c++\10.2.1\cmath ****     exp(_Tp __x)
 235:c:\program files\daisytoolchain\arm-none-eabi\include\c++\10.2.1\cmath ****     { return __builtin_exp(__x); }
 236:c:\program files\daisytoolchain\arm-none-eabi\include\c++\10.2.1\cmath **** 
 237:c:\program files\daisytoolchain\arm-none-eabi\include\c++\10.2.1\cmath ****   using ::fabs;
 238:c:\program files\daisytoolchain\arm-none-eabi\include\c++\10.2.1\cmath **** 
 239:c:\program files\daisytoolchain\arm-none-eabi\include\c++\10.2.1\cmath **** #ifndef __CORRECT_ISO_CPP_MATH_H_PROTO
 240:c:\program files\daisytoolchain\arm-none-eabi\include\c++\10.2.1\cmath ****   inline _GLIBCXX_CONSTEXPR float
 241:c:\program files\daisytoolchain\arm-none-eabi\include\c++\10.2.1\cmath ****   fabs(float __x)
 242:c:\program files\daisytoolchain\arm-none-eabi\include\c++\10.2.1\cmath ****   { return __builtin_fabsf(__x); }
 243:c:\program files\daisytoolchain\arm-none-eabi\include\c++\10.2.1\cmath **** 
 244:c:\program files\daisytoolchain\arm-none-eabi\include\c++\10.2.1\cmath ****   inline _GLIBCXX_CONSTEXPR long double
 245:c:\program files\daisytoolchain\arm-none-eabi\include\c++\10.2.1\cmath ****   fabs(long double __x)
 246:c:\program files\daisytoolchain\arm-none-eabi\include\c++\10.2.1\cmath ****   { return __builtin_fabsl(__x); }
 247:c:\program files\daisytoolchain\arm-none-eabi\include\c++\10.2.1\cmath **** #endif
 248:c:\program files\daisytoolchain\arm-none-eabi\include\c++\10.2.1\cmath **** 
 249:c:\program files\daisytoolchain\arm-none-eabi\include\c++\10.2.1\cmath ****   template<typename _Tp>
 250:c:\program files\daisytoolchain\arm-none-eabi\include\c++\10.2.1\cmath ****     inline _GLIBCXX_CONSTEXPR
 251:c:\program files\daisytoolchain\arm-none-eabi\include\c++\10.2.1\cmath ****     typename __gnu_cxx::__enable_if<__is_integer<_Tp>::__value,
 252:c:\program files\daisytoolchain\arm-none-eabi\include\c++\10.2.1\cmath ****                                     double>::__type
 253:c:\program files\daisytoolchain\arm-none-eabi\include\c++\10.2.1\cmath ****     fabs(_Tp __x)
 254:c:\program files\daisytoolchain\arm-none-eabi\include\c++\10.2.1\cmath ****     { return __builtin_fabs(__x); }
 255:c:\program files\daisytoolchain\arm-none-eabi\include\c++\10.2.1\cmath **** 
 256:c:\program files\daisytoolchain\arm-none-eabi\include\c++\10.2.1\cmath ****   using ::floor;
 257:c:\program files\daisytoolchain\arm-none-eabi\include\c++\10.2.1\cmath **** 
 258:c:\program files\daisytoolchain\arm-none-eabi\include\c++\10.2.1\cmath **** #ifndef __CORRECT_ISO_CPP_MATH_H_PROTO
 259:c:\program files\daisytoolchain\arm-none-eabi\include\c++\10.2.1\cmath ****   inline _GLIBCXX_CONSTEXPR float
 260:c:\program files\daisytoolchain\arm-none-eabi\include\c++\10.2.1\cmath ****   floor(float __x)
 261:c:\program files\daisytoolchain\arm-none-eabi\include\c++\10.2.1\cmath ****   { return __builtin_floorf(__x); }
 262:c:\program files\daisytoolchain\arm-none-eabi\include\c++\10.2.1\cmath **** 
 263:c:\program files\daisytoolchain\arm-none-eabi\include\c++\10.2.1\cmath ****   inline _GLIBCXX_CONSTEXPR long double
 264:c:\program files\daisytoolchain\arm-none-eabi\include\c++\10.2.1\cmath ****   floor(long double __x)
 265:c:\program files\daisytoolchain\arm-none-eabi\include\c++\10.2.1\cmath ****   { return __builtin_floorl(__x); }
ARM GAS  C:\Users\aydan\AppData\Local\Temp\ccbXEJPg.s 			page 29


 266:c:\program files\daisytoolchain\arm-none-eabi\include\c++\10.2.1\cmath **** #endif
 267:c:\program files\daisytoolchain\arm-none-eabi\include\c++\10.2.1\cmath **** 
 268:c:\program files\daisytoolchain\arm-none-eabi\include\c++\10.2.1\cmath ****   template<typename _Tp>
 269:c:\program files\daisytoolchain\arm-none-eabi\include\c++\10.2.1\cmath ****     inline _GLIBCXX_CONSTEXPR
 270:c:\program files\daisytoolchain\arm-none-eabi\include\c++\10.2.1\cmath ****     typename __gnu_cxx::__enable_if<__is_integer<_Tp>::__value,
 271:c:\program files\daisytoolchain\arm-none-eabi\include\c++\10.2.1\cmath ****                                     double>::__type
 272:c:\program files\daisytoolchain\arm-none-eabi\include\c++\10.2.1\cmath ****     floor(_Tp __x)
 273:c:\program files\daisytoolchain\arm-none-eabi\include\c++\10.2.1\cmath ****     { return __builtin_floor(__x); }
 274:c:\program files\daisytoolchain\arm-none-eabi\include\c++\10.2.1\cmath **** 
 275:c:\program files\daisytoolchain\arm-none-eabi\include\c++\10.2.1\cmath ****   using ::fmod;
 276:c:\program files\daisytoolchain\arm-none-eabi\include\c++\10.2.1\cmath **** 
 277:c:\program files\daisytoolchain\arm-none-eabi\include\c++\10.2.1\cmath **** #ifndef __CORRECT_ISO_CPP_MATH_H_PROTO
 278:c:\program files\daisytoolchain\arm-none-eabi\include\c++\10.2.1\cmath ****   inline _GLIBCXX_CONSTEXPR float
 279:c:\program files\daisytoolchain\arm-none-eabi\include\c++\10.2.1\cmath ****   fmod(float __x, float __y)
 280:c:\program files\daisytoolchain\arm-none-eabi\include\c++\10.2.1\cmath ****   { return __builtin_fmodf(__x, __y); }
 281:c:\program files\daisytoolchain\arm-none-eabi\include\c++\10.2.1\cmath **** 
 282:c:\program files\daisytoolchain\arm-none-eabi\include\c++\10.2.1\cmath ****   inline _GLIBCXX_CONSTEXPR long double
 283:c:\program files\daisytoolchain\arm-none-eabi\include\c++\10.2.1\cmath ****   fmod(long double __x, long double __y)
 284:c:\program files\daisytoolchain\arm-none-eabi\include\c++\10.2.1\cmath ****   { return __builtin_fmodl(__x, __y); }
 285:c:\program files\daisytoolchain\arm-none-eabi\include\c++\10.2.1\cmath **** #endif
 286:c:\program files\daisytoolchain\arm-none-eabi\include\c++\10.2.1\cmath **** 
 287:c:\program files\daisytoolchain\arm-none-eabi\include\c++\10.2.1\cmath ****   template<typename _Tp, typename _Up>
 288:c:\program files\daisytoolchain\arm-none-eabi\include\c++\10.2.1\cmath ****     inline _GLIBCXX_CONSTEXPR
 289:c:\program files\daisytoolchain\arm-none-eabi\include\c++\10.2.1\cmath ****     typename __gnu_cxx::__promote_2<_Tp, _Up>::__type
 290:c:\program files\daisytoolchain\arm-none-eabi\include\c++\10.2.1\cmath ****     fmod(_Tp __x, _Up __y)
 291:c:\program files\daisytoolchain\arm-none-eabi\include\c++\10.2.1\cmath ****     {
 292:c:\program files\daisytoolchain\arm-none-eabi\include\c++\10.2.1\cmath ****       typedef typename __gnu_cxx::__promote_2<_Tp, _Up>::__type __type;
 293:c:\program files\daisytoolchain\arm-none-eabi\include\c++\10.2.1\cmath ****       return fmod(__type(__x), __type(__y));
 294:c:\program files\daisytoolchain\arm-none-eabi\include\c++\10.2.1\cmath ****     }
 295:c:\program files\daisytoolchain\arm-none-eabi\include\c++\10.2.1\cmath **** 
 296:c:\program files\daisytoolchain\arm-none-eabi\include\c++\10.2.1\cmath ****   using ::frexp;
 297:c:\program files\daisytoolchain\arm-none-eabi\include\c++\10.2.1\cmath **** 
 298:c:\program files\daisytoolchain\arm-none-eabi\include\c++\10.2.1\cmath **** #ifndef __CORRECT_ISO_CPP_MATH_H_PROTO
 299:c:\program files\daisytoolchain\arm-none-eabi\include\c++\10.2.1\cmath ****   inline float
 300:c:\program files\daisytoolchain\arm-none-eabi\include\c++\10.2.1\cmath ****   frexp(float __x, int* __exp)
 301:c:\program files\daisytoolchain\arm-none-eabi\include\c++\10.2.1\cmath ****   { return __builtin_frexpf(__x, __exp); }
 302:c:\program files\daisytoolchain\arm-none-eabi\include\c++\10.2.1\cmath **** 
 303:c:\program files\daisytoolchain\arm-none-eabi\include\c++\10.2.1\cmath ****   inline long double
 304:c:\program files\daisytoolchain\arm-none-eabi\include\c++\10.2.1\cmath ****   frexp(long double __x, int* __exp)
 305:c:\program files\daisytoolchain\arm-none-eabi\include\c++\10.2.1\cmath ****   { return __builtin_frexpl(__x, __exp); }
 306:c:\program files\daisytoolchain\arm-none-eabi\include\c++\10.2.1\cmath **** #endif
 307:c:\program files\daisytoolchain\arm-none-eabi\include\c++\10.2.1\cmath **** 
 308:c:\program files\daisytoolchain\arm-none-eabi\include\c++\10.2.1\cmath ****   template<typename _Tp>
 309:c:\program files\daisytoolchain\arm-none-eabi\include\c++\10.2.1\cmath ****     inline _GLIBCXX_CONSTEXPR
 310:c:\program files\daisytoolchain\arm-none-eabi\include\c++\10.2.1\cmath ****     typename __gnu_cxx::__enable_if<__is_integer<_Tp>::__value, 
 311:c:\program files\daisytoolchain\arm-none-eabi\include\c++\10.2.1\cmath ****                                     double>::__type
 312:c:\program files\daisytoolchain\arm-none-eabi\include\c++\10.2.1\cmath ****     frexp(_Tp __x, int* __exp)
 313:c:\program files\daisytoolchain\arm-none-eabi\include\c++\10.2.1\cmath ****     { return __builtin_frexp(__x, __exp); }
 314:c:\program files\daisytoolchain\arm-none-eabi\include\c++\10.2.1\cmath **** 
 315:c:\program files\daisytoolchain\arm-none-eabi\include\c++\10.2.1\cmath ****   using ::ldexp;
 316:c:\program files\daisytoolchain\arm-none-eabi\include\c++\10.2.1\cmath **** 
 317:c:\program files\daisytoolchain\arm-none-eabi\include\c++\10.2.1\cmath **** #ifndef __CORRECT_ISO_CPP_MATH_H_PROTO
 318:c:\program files\daisytoolchain\arm-none-eabi\include\c++\10.2.1\cmath ****   inline _GLIBCXX_CONSTEXPR float
 319:c:\program files\daisytoolchain\arm-none-eabi\include\c++\10.2.1\cmath ****   ldexp(float __x, int __exp)
 320:c:\program files\daisytoolchain\arm-none-eabi\include\c++\10.2.1\cmath ****   { return __builtin_ldexpf(__x, __exp); }
 321:c:\program files\daisytoolchain\arm-none-eabi\include\c++\10.2.1\cmath **** 
 322:c:\program files\daisytoolchain\arm-none-eabi\include\c++\10.2.1\cmath ****   inline _GLIBCXX_CONSTEXPR long double
ARM GAS  C:\Users\aydan\AppData\Local\Temp\ccbXEJPg.s 			page 30


 323:c:\program files\daisytoolchain\arm-none-eabi\include\c++\10.2.1\cmath ****   ldexp(long double __x, int __exp)
 324:c:\program files\daisytoolchain\arm-none-eabi\include\c++\10.2.1\cmath ****   { return __builtin_ldexpl(__x, __exp); }
 325:c:\program files\daisytoolchain\arm-none-eabi\include\c++\10.2.1\cmath **** #endif
 326:c:\program files\daisytoolchain\arm-none-eabi\include\c++\10.2.1\cmath **** 
 327:c:\program files\daisytoolchain\arm-none-eabi\include\c++\10.2.1\cmath ****   template<typename _Tp>
 328:c:\program files\daisytoolchain\arm-none-eabi\include\c++\10.2.1\cmath ****     inline _GLIBCXX_CONSTEXPR
 329:c:\program files\daisytoolchain\arm-none-eabi\include\c++\10.2.1\cmath ****     typename __gnu_cxx::__enable_if<__is_integer<_Tp>::__value, 
 330:c:\program files\daisytoolchain\arm-none-eabi\include\c++\10.2.1\cmath ****                                     double>::__type
 331:c:\program files\daisytoolchain\arm-none-eabi\include\c++\10.2.1\cmath ****     ldexp(_Tp __x, int __exp)
 332:c:\program files\daisytoolchain\arm-none-eabi\include\c++\10.2.1\cmath ****     { return __builtin_ldexp(__x, __exp); }
 333:c:\program files\daisytoolchain\arm-none-eabi\include\c++\10.2.1\cmath **** 
 334:c:\program files\daisytoolchain\arm-none-eabi\include\c++\10.2.1\cmath ****   using ::log;
 335:c:\program files\daisytoolchain\arm-none-eabi\include\c++\10.2.1\cmath **** 
 336:c:\program files\daisytoolchain\arm-none-eabi\include\c++\10.2.1\cmath **** #ifndef __CORRECT_ISO_CPP_MATH_H_PROTO
 337:c:\program files\daisytoolchain\arm-none-eabi\include\c++\10.2.1\cmath ****   inline _GLIBCXX_CONSTEXPR float
 338:c:\program files\daisytoolchain\arm-none-eabi\include\c++\10.2.1\cmath ****   log(float __x)
 339:c:\program files\daisytoolchain\arm-none-eabi\include\c++\10.2.1\cmath ****   { return __builtin_logf(__x); }
 340:c:\program files\daisytoolchain\arm-none-eabi\include\c++\10.2.1\cmath **** 
 341:c:\program files\daisytoolchain\arm-none-eabi\include\c++\10.2.1\cmath ****   inline _GLIBCXX_CONSTEXPR long double
 342:c:\program files\daisytoolchain\arm-none-eabi\include\c++\10.2.1\cmath ****   log(long double __x)
 343:c:\program files\daisytoolchain\arm-none-eabi\include\c++\10.2.1\cmath ****   { return __builtin_logl(__x); }
 344:c:\program files\daisytoolchain\arm-none-eabi\include\c++\10.2.1\cmath **** #endif
 345:c:\program files\daisytoolchain\arm-none-eabi\include\c++\10.2.1\cmath **** 
 346:c:\program files\daisytoolchain\arm-none-eabi\include\c++\10.2.1\cmath ****   template<typename _Tp>
 347:c:\program files\daisytoolchain\arm-none-eabi\include\c++\10.2.1\cmath ****     inline _GLIBCXX_CONSTEXPR
 348:c:\program files\daisytoolchain\arm-none-eabi\include\c++\10.2.1\cmath ****     typename __gnu_cxx::__enable_if<__is_integer<_Tp>::__value, 
 349:c:\program files\daisytoolchain\arm-none-eabi\include\c++\10.2.1\cmath ****                                     double>::__type
 350:c:\program files\daisytoolchain\arm-none-eabi\include\c++\10.2.1\cmath ****     log(_Tp __x)
 351:c:\program files\daisytoolchain\arm-none-eabi\include\c++\10.2.1\cmath ****     { return __builtin_log(__x); }
 352:c:\program files\daisytoolchain\arm-none-eabi\include\c++\10.2.1\cmath **** 
 353:c:\program files\daisytoolchain\arm-none-eabi\include\c++\10.2.1\cmath ****   using ::log10;
 354:c:\program files\daisytoolchain\arm-none-eabi\include\c++\10.2.1\cmath **** 
 355:c:\program files\daisytoolchain\arm-none-eabi\include\c++\10.2.1\cmath **** #ifndef __CORRECT_ISO_CPP_MATH_H_PROTO
 356:c:\program files\daisytoolchain\arm-none-eabi\include\c++\10.2.1\cmath ****   inline _GLIBCXX_CONSTEXPR float
 357:c:\program files\daisytoolchain\arm-none-eabi\include\c++\10.2.1\cmath ****   log10(float __x)
 358:c:\program files\daisytoolchain\arm-none-eabi\include\c++\10.2.1\cmath ****   { return __builtin_log10f(__x); }
 359:c:\program files\daisytoolchain\arm-none-eabi\include\c++\10.2.1\cmath **** 
 360:c:\program files\daisytoolchain\arm-none-eabi\include\c++\10.2.1\cmath ****   inline _GLIBCXX_CONSTEXPR long double
 361:c:\program files\daisytoolchain\arm-none-eabi\include\c++\10.2.1\cmath ****   log10(long double __x)
 362:c:\program files\daisytoolchain\arm-none-eabi\include\c++\10.2.1\cmath ****   { return __builtin_log10l(__x); }
 363:c:\program files\daisytoolchain\arm-none-eabi\include\c++\10.2.1\cmath **** #endif
 364:c:\program files\daisytoolchain\arm-none-eabi\include\c++\10.2.1\cmath **** 
 365:c:\program files\daisytoolchain\arm-none-eabi\include\c++\10.2.1\cmath ****   template<typename _Tp>
 366:c:\program files\daisytoolchain\arm-none-eabi\include\c++\10.2.1\cmath ****     inline _GLIBCXX_CONSTEXPR
 367:c:\program files\daisytoolchain\arm-none-eabi\include\c++\10.2.1\cmath ****     typename __gnu_cxx::__enable_if<__is_integer<_Tp>::__value,
 368:c:\program files\daisytoolchain\arm-none-eabi\include\c++\10.2.1\cmath ****                                     double>::__type
 369:c:\program files\daisytoolchain\arm-none-eabi\include\c++\10.2.1\cmath ****     log10(_Tp __x)
 370:c:\program files\daisytoolchain\arm-none-eabi\include\c++\10.2.1\cmath ****     { return __builtin_log10(__x); }
 371:c:\program files\daisytoolchain\arm-none-eabi\include\c++\10.2.1\cmath **** 
 372:c:\program files\daisytoolchain\arm-none-eabi\include\c++\10.2.1\cmath ****   using ::modf;
 373:c:\program files\daisytoolchain\arm-none-eabi\include\c++\10.2.1\cmath **** 
 374:c:\program files\daisytoolchain\arm-none-eabi\include\c++\10.2.1\cmath **** #ifndef __CORRECT_ISO_CPP_MATH_H_PROTO
 375:c:\program files\daisytoolchain\arm-none-eabi\include\c++\10.2.1\cmath ****   inline float
 376:c:\program files\daisytoolchain\arm-none-eabi\include\c++\10.2.1\cmath ****   modf(float __x, float* __iptr)
 377:c:\program files\daisytoolchain\arm-none-eabi\include\c++\10.2.1\cmath ****   { return __builtin_modff(__x, __iptr); }
 378:c:\program files\daisytoolchain\arm-none-eabi\include\c++\10.2.1\cmath **** 
 379:c:\program files\daisytoolchain\arm-none-eabi\include\c++\10.2.1\cmath ****   inline long double
ARM GAS  C:\Users\aydan\AppData\Local\Temp\ccbXEJPg.s 			page 31


 380:c:\program files\daisytoolchain\arm-none-eabi\include\c++\10.2.1\cmath ****   modf(long double __x, long double* __iptr)
 381:c:\program files\daisytoolchain\arm-none-eabi\include\c++\10.2.1\cmath ****   { return __builtin_modfl(__x, __iptr); }
 382:c:\program files\daisytoolchain\arm-none-eabi\include\c++\10.2.1\cmath **** #endif
 383:c:\program files\daisytoolchain\arm-none-eabi\include\c++\10.2.1\cmath **** 
 384:c:\program files\daisytoolchain\arm-none-eabi\include\c++\10.2.1\cmath ****   using ::pow;
 385:c:\program files\daisytoolchain\arm-none-eabi\include\c++\10.2.1\cmath **** 
 386:c:\program files\daisytoolchain\arm-none-eabi\include\c++\10.2.1\cmath **** #ifndef __CORRECT_ISO_CPP_MATH_H_PROTO
 387:c:\program files\daisytoolchain\arm-none-eabi\include\c++\10.2.1\cmath ****   inline _GLIBCXX_CONSTEXPR float
 388:c:\program files\daisytoolchain\arm-none-eabi\include\c++\10.2.1\cmath ****   pow(float __x, float __y)
 389:c:\program files\daisytoolchain\arm-none-eabi\include\c++\10.2.1\cmath ****   { return __builtin_powf(__x, __y); }
 390:c:\program files\daisytoolchain\arm-none-eabi\include\c++\10.2.1\cmath **** 
 391:c:\program files\daisytoolchain\arm-none-eabi\include\c++\10.2.1\cmath ****   inline _GLIBCXX_CONSTEXPR long double
 392:c:\program files\daisytoolchain\arm-none-eabi\include\c++\10.2.1\cmath ****   pow(long double __x, long double __y)
 393:c:\program files\daisytoolchain\arm-none-eabi\include\c++\10.2.1\cmath ****   { return __builtin_powl(__x, __y); }
 394:c:\program files\daisytoolchain\arm-none-eabi\include\c++\10.2.1\cmath **** 
 395:c:\program files\daisytoolchain\arm-none-eabi\include\c++\10.2.1\cmath **** #if __cplusplus < 201103L
 396:c:\program files\daisytoolchain\arm-none-eabi\include\c++\10.2.1\cmath ****   // _GLIBCXX_RESOLVE_LIB_DEFECTS
 397:c:\program files\daisytoolchain\arm-none-eabi\include\c++\10.2.1\cmath ****   // DR 550. What should the return type of pow(float,int) be?
 398:c:\program files\daisytoolchain\arm-none-eabi\include\c++\10.2.1\cmath ****   inline double
 399:c:\program files\daisytoolchain\arm-none-eabi\include\c++\10.2.1\cmath ****   pow(double __x, int __i)
 400:c:\program files\daisytoolchain\arm-none-eabi\include\c++\10.2.1\cmath ****   { return __builtin_powi(__x, __i); }
 401:c:\program files\daisytoolchain\arm-none-eabi\include\c++\10.2.1\cmath **** 
 402:c:\program files\daisytoolchain\arm-none-eabi\include\c++\10.2.1\cmath ****   inline float
 403:c:\program files\daisytoolchain\arm-none-eabi\include\c++\10.2.1\cmath ****   pow(float __x, int __n)
 404:c:\program files\daisytoolchain\arm-none-eabi\include\c++\10.2.1\cmath ****   { return __builtin_powif(__x, __n); }
 405:c:\program files\daisytoolchain\arm-none-eabi\include\c++\10.2.1\cmath **** 
 406:c:\program files\daisytoolchain\arm-none-eabi\include\c++\10.2.1\cmath ****   inline long double
 407:c:\program files\daisytoolchain\arm-none-eabi\include\c++\10.2.1\cmath ****   pow(long double __x, int __n)
 408:c:\program files\daisytoolchain\arm-none-eabi\include\c++\10.2.1\cmath ****   { return __builtin_powil(__x, __n); }
 409:c:\program files\daisytoolchain\arm-none-eabi\include\c++\10.2.1\cmath **** #endif
 410:c:\program files\daisytoolchain\arm-none-eabi\include\c++\10.2.1\cmath **** #endif
 411:c:\program files\daisytoolchain\arm-none-eabi\include\c++\10.2.1\cmath **** 
 412:c:\program files\daisytoolchain\arm-none-eabi\include\c++\10.2.1\cmath ****   template<typename _Tp, typename _Up>
 413:c:\program files\daisytoolchain\arm-none-eabi\include\c++\10.2.1\cmath ****     inline _GLIBCXX_CONSTEXPR
 414:c:\program files\daisytoolchain\arm-none-eabi\include\c++\10.2.1\cmath ****     typename __gnu_cxx::__promote_2<_Tp, _Up>::__type
 415:c:\program files\daisytoolchain\arm-none-eabi\include\c++\10.2.1\cmath ****     pow(_Tp __x, _Up __y)
 416:c:\program files\daisytoolchain\arm-none-eabi\include\c++\10.2.1\cmath ****     {
 417:c:\program files\daisytoolchain\arm-none-eabi\include\c++\10.2.1\cmath ****       typedef typename __gnu_cxx::__promote_2<_Tp, _Up>::__type __type;
 418:c:\program files\daisytoolchain\arm-none-eabi\include\c++\10.2.1\cmath ****       return pow(__type(__x), __type(__y));
 419:c:\program files\daisytoolchain\arm-none-eabi\include\c++\10.2.1\cmath ****     }
 420:c:\program files\daisytoolchain\arm-none-eabi\include\c++\10.2.1\cmath **** 
 421:c:\program files\daisytoolchain\arm-none-eabi\include\c++\10.2.1\cmath ****   using ::sin;
 422:c:\program files\daisytoolchain\arm-none-eabi\include\c++\10.2.1\cmath **** 
 423:c:\program files\daisytoolchain\arm-none-eabi\include\c++\10.2.1\cmath **** #ifndef __CORRECT_ISO_CPP_MATH_H_PROTO
 424:c:\program files\daisytoolchain\arm-none-eabi\include\c++\10.2.1\cmath ****   inline _GLIBCXX_CONSTEXPR float
 425:c:\program files\daisytoolchain\arm-none-eabi\include\c++\10.2.1\cmath ****   sin(float __x)
 711              		.loc 5 425 3 view .LVU178
 712              	.LBB190:
 426:c:\program files\daisytoolchain\arm-none-eabi\include\c++\10.2.1\cmath ****   { return __builtin_sinf(__x); }
 713              		.loc 5 426 5 view .LVU179
 714              	.LBE190:
 715              	.LBE189:
 716              	.LBE188:
 717              	.LBE187:
  75:../../DaisySP/Source/Utility/looper.h ****         switch(state_)
 718              		.loc 2 75 25 is_stmt 0 view .LVU180
 719 002e DFED947A 		vldr.32	s15, .L96
ARM GAS  C:\Users\aydan\AppData\Local\Temp\ccbXEJPg.s 			page 32


 720 0032 07EE106A 		vmov	s14, r6	@ int
 721              	.LBB202:
 722              	.LBB197:
 723              		.loc 2 286 43 view .LVU181
 724 0036 9FED930A 		vldr.32	s0, .L96+4
 725              	.LVL54:
 726              		.loc 2 286 43 view .LVU182
 727              	.LBE197:
 728              	.LBE202:
  75:../../DaisySP/Source/Utility/looper.h ****         switch(state_)
 729              		.loc 2 75 25 view .LVU183
 730 003a B8EE477A 		vcvt.f32.u32	s14, s14
 731 003e 27EE277A 		vmul.f32	s14, s14, s15
 732              	.LVL55:
 733              	.LBB203:
 734              	.LBB198:
 735              	.LBB194:
 736              	.LBB191:
 737              		.loc 5 426 26 view .LVU184
 738 0042 27EE000A 		vmul.f32	s0, s14, s0
 739              	.LVL56:
 740              		.loc 5 426 26 view .LVU185
 741 0046 FFF7FEFF 		bl	sinf
 742              	.LVL57:
 743              		.loc 5 426 26 view .LVU186
 744 004a AB1E     		subs	r3, r5, #2
 745 004c F0EE407A 		vmov.f32	s15, s0
 746              	.LVL58:
 747              		.loc 5 426 26 view .LVU187
 748              	.LBE191:
 749              	.LBE194:
 750              	.LBE198:
 751              	.LBE203:
  75:../../DaisySP/Source/Utility/looper.h ****         switch(state_)
 752              		.loc 2 75 14 view .LVU188
 753 0050 84ED050A 		vstr.32	s0, [r4, #20]
  76:../../DaisySP/Source/Utility/looper.h ****         {
 754              		.loc 2 76 9 is_stmt 1 view .LVU189
 755 0054 012B     		cmp	r3, #1
 756 0056 00F20C81 		bhi	.L71
 757 005a DFE803F0 		tbb	[pc, r3]
 758              	.L72:
 759 005e 01       		.byte	(.L54-.L72)/2
 760 005f 41       		.byte	(.L61-.L72)/2
 761              		.p2align 1
 762              	.L54:
  97:../../DaisySP/Source/Utility/looper.h ****                 sig = Read(pos_);
 763              		.loc 2 97 13 view .LVU190
  98:../../DaisySP/Source/Utility/looper.h ****                 /** This is a way of 'seamless looping'
 764              		.loc 2 98 17 view .LVU191
  98:../../DaisySP/Source/Utility/looper.h ****                 /** This is a way of 'seamless looping'
 765              		.loc 2 98 28 is_stmt 0 view .LVU192
 766 0060 94ED047A 		vldr.32	s14, [r4, #16]
 767              	.LVL59:
 768              	.LBB204:
 769              	.LBI204:
 269:../../DaisySP/Source/Utility/looper.h **** 
ARM GAS  C:\Users\aydan\AppData\Local\Temp\ccbXEJPg.s 			page 33


 770              		.loc 2 269 24 is_stmt 1 view .LVU193
 771              	.LBB205:
 269:../../DaisySP/Source/Utility/looper.h **** 
 772              		.loc 2 269 49 view .LVU194
 773              	.LBE205:
 774              	.LBE204:
 102:../../DaisySP/Source/Utility/looper.h ****                 {
 775              		.loc 2 102 17 is_stmt 0 view .LVU195
 776 0064 40F2AE41 		movw	r1, #1198
 777              	.LBB208:
 778              	.LBB206:
 269:../../DaisySP/Source/Utility/looper.h **** 
 779              		.loc 2 269 65 view .LVU196
 780 0068 A268     		ldr	r2, [r4, #8]
 781              	.LBE206:
 782              	.LBE208:
  98:../../DaisySP/Source/Utility/looper.h ****                 /** This is a way of 'seamless looping'
 783              		.loc 2 98 27 view .LVU197
 784 006a FCEEC76A 		vcvt.u32.f32	s13, s14
 102:../../DaisySP/Source/Utility/looper.h ****                 {
 785              		.loc 2 102 17 view .LVU198
 786 006e 8E42     		cmp	r6, r1
  98:../../DaisySP/Source/Utility/looper.h ****                 /** This is a way of 'seamless looping'
 787              		.loc 2 98 27 view .LVU199
 788 0070 16EE903A 		vmov	r3, s13	@ int
 789              	.LBB209:
 790              	.LBB207:
 269:../../DaisySP/Source/Utility/looper.h **** 
 791              		.loc 2 269 65 view .LVU200
 792 0074 02EB8303 		add	r3, r2, r3, lsl #2
 793 0078 93ED000A 		vldr.32	s0, [r3]
 794              	.LVL60:
 269:../../DaisySP/Source/Utility/looper.h **** 
 795              		.loc 2 269 65 view .LVU201
 796              	.LBE207:
 797              	.LBE209:
 102:../../DaisySP/Source/Utility/looper.h ****                 {
 798              		.loc 2 102 17 is_stmt 1 view .LVU202
 799 007c 0DD8     		bhi	.L55
 104:../../DaisySP/Source/Utility/looper.h ****                     win_idx_ += 1;
 800              		.loc 2 104 21 view .LVU203
 104:../../DaisySP/Source/Utility/looper.h ****                     win_idx_ += 1;
 801              		.loc 2 104 52 is_stmt 0 view .LVU204
 802 007e B7EE007A 		vmov.f32	s14, #1.0e+0
 105:../../DaisySP/Source/Utility/looper.h ****                 }
 803              		.loc 2 105 30 view .LVU205
 804 0082 0136     		adds	r6, r6, #1
 104:../../DaisySP/Source/Utility/looper.h ****                     win_idx_ += 1;
 805              		.loc 2 104 52 view .LVU206
 806 0084 77EE677A 		vsub.f32	s15, s14, s15
 104:../../DaisySP/Source/Utility/looper.h ****                     win_idx_ += 1;
 807              		.loc 2 104 26 view .LVU207
 808 0088 B0EE407A 		vmov.f32	s14, s0
 809 008c A7EEA87A 		vfma.f32	s14, s15, s17
 810              	.LVL61:
 811              	.LBB210:
 812              	.LBI210:
ARM GAS  C:\Users\aydan\AppData\Local\Temp\ccbXEJPg.s 			page 34


 283:../../DaisySP/Source/Utility/looper.h **** 
 813              		.loc 2 283 17 is_stmt 1 view .LVU208
 814              	.LBB211:
 283:../../DaisySP/Source/Utility/looper.h **** 
 815              		.loc 2 283 48 view .LVU209
 283:../../DaisySP/Source/Utility/looper.h **** 
 816              		.loc 2 283 59 is_stmt 0 view .LVU210
 817 0090 83ED007A 		vstr.32	s14, [r3]
 818              	.LVL62:
 283:../../DaisySP/Source/Utility/looper.h **** 
 819              		.loc 2 283 59 view .LVU211
 820              	.LBE211:
 821              	.LBE210:
 105:../../DaisySP/Source/Utility/looper.h ****                 }
 822              		.loc 2 105 21 is_stmt 1 view .LVU212
 108:../../DaisySP/Source/Utility/looper.h ****                 if(pos_ > recsize_ - 1)
 823              		.loc 2 108 22 is_stmt 0 view .LVU213
 824 0094 94ED047A 		vldr.32	s14, [r4, #16]
 105:../../DaisySP/Source/Utility/looper.h ****                 }
 825              		.loc 2 105 30 view .LVU214
 826 0098 A661     		str	r6, [r4, #24]
 827              	.L55:
 108:../../DaisySP/Source/Utility/looper.h ****                 if(pos_ > recsize_ - 1)
 828              		.loc 2 108 17 is_stmt 1 view .LVU215
 109:../../DaisySP/Source/Utility/looper.h ****                 {
 829              		.loc 2 109 36 is_stmt 0 view .LVU216
 830 009a 236A     		ldr	r3, [r4, #32]
 108:../../DaisySP/Source/Utility/looper.h ****                 if(pos_ > recsize_ - 1)
 831              		.loc 2 108 22 view .LVU217
 832 009c 37EE088A 		vadd.f32	s16, s14, s16
 833              	.LVL63:
 109:../../DaisySP/Source/Utility/looper.h ****                 {
 834              		.loc 2 109 36 view .LVU218
 835 00a0 013B     		subs	r3, r3, #1
 108:../../DaisySP/Source/Utility/looper.h ****                 if(pos_ > recsize_ - 1)
 836              		.loc 2 108 22 view .LVU219
 837 00a2 84ED048A 		vstr.32	s16, [r4, #16]
 109:../../DaisySP/Source/Utility/looper.h ****                 {
 838              		.loc 2 109 17 is_stmt 1 view .LVU220
 109:../../DaisySP/Source/Utility/looper.h ****                 {
 839              		.loc 2 109 25 is_stmt 0 view .LVU221
 840 00a6 07EE903A 		vmov	s15, r3	@ int
 841 00aa F8EE677A 		vcvt.f32.u32	s15, s15
 109:../../DaisySP/Source/Utility/looper.h ****                 {
 842              		.loc 2 109 17 view .LVU222
 843 00ae B4EEE78A 		vcmpe.f32	s16, s15
 844 00b2 F1EE10FA 		vmrs	APSR_nzcv, FPSCR
 845 00b6 40F3C080 		ble	.L90
 111:../../DaisySP/Source/Utility/looper.h ****                     hitloop = true;
 846              		.loc 2 111 21 is_stmt 1 view .LVU223
 111:../../DaisySP/Source/Utility/looper.h ****                     hitloop = true;
 847              		.loc 2 111 29 is_stmt 0 view .LVU224
 848 00ba 0023     		movs	r3, #0
 849 00bc 2361     		str	r3, [r4, #16]	@ float
 112:../../DaisySP/Source/Utility/looper.h ****                 }
 850              		.loc 2 112 21 is_stmt 1 view .LVU225
 851              	.LVL64:
ARM GAS  C:\Users\aydan\AppData\Local\Temp\ccbXEJPg.s 			page 35


 119:../../DaisySP/Source/Utility/looper.h **** 
 852              		.loc 2 119 17 view .LVU226
 853              	.L58:
 122:../../DaisySP/Source/Utility/looper.h ****                     {
 854              		.loc 2 122 21 view .LVU227
 855 00be 94F82430 		ldrb	r3, [r4, #36]	@ zero_extendqisi2
 856 00c2 002B     		cmp	r3, #0
 857 00c4 00F0A180 		beq	.L53
 122:../../DaisySP/Source/Utility/looper.h ****                     {
 858              		.loc 2 122 35 is_stmt 0 discriminator 1 view .LVU228
 859 00c8 2368     		ldr	r3, [r4]
 860 00ca 012B     		cmp	r3, #1
 861 00cc 40F09D80 		bne	.L53
 124:../../DaisySP/Source/Utility/looper.h ****                         state_     = State::REC_DUB;
 862              		.loc 2 124 25 is_stmt 1 view .LVU229
 124:../../DaisySP/Source/Utility/looper.h ****                         state_     = State::REC_DUB;
 863              		.loc 2 124 36 is_stmt 0 view .LVU230
 864 00d0 0022     		movs	r2, #0
 125:../../DaisySP/Source/Utility/looper.h ****                         win_idx_   = 0;
 865              		.loc 2 125 36 view .LVU231
 866 00d2 0321     		movs	r1, #3
 165:../../DaisySP/Source/Utility/looper.h ****                               : false;
 867              		.loc 2 165 31 view .LVU232
 868 00d4 1346     		mov	r3, r2
 124:../../DaisySP/Source/Utility/looper.h ****                         state_     = State::REC_DUB;
 869              		.loc 2 124 36 view .LVU233
 870 00d6 84F82420 		strb	r2, [r4, #36]
 125:../../DaisySP/Source/Utility/looper.h ****                         win_idx_   = 0;
 871              		.loc 2 125 25 is_stmt 1 view .LVU234
 125:../../DaisySP/Source/Utility/looper.h ****                         win_idx_   = 0;
 872              		.loc 2 125 36 is_stmt 0 view .LVU235
 873 00da 6160     		str	r1, [r4, #4]
 126:../../DaisySP/Source/Utility/looper.h ****                     }
 874              		.loc 2 126 25 is_stmt 1 view .LVU236
 126:../../DaisySP/Source/Utility/looper.h ****                     }
 875              		.loc 2 126 36 is_stmt 0 view .LVU237
 876 00dc A261     		str	r2, [r4, #24]
 877              	.LVL65:
 164:../../DaisySP/Source/Utility/looper.h ****                               ? true
 878              		.loc 2 164 9 is_stmt 1 view .LVU238
 879              	.LBB212:
 880              	.LBI212:
 205:../../DaisySP/Source/Utility/looper.h ****     {
 881              		.loc 2 205 23 view .LVU239
 882              	.LBB213:
 207:../../DaisySP/Source/Utility/looper.h ****     }
 883              		.loc 2 207 9 view .LVU240
 207:../../DaisySP/Source/Utility/looper.h ****     }
 884              		.loc 2 207 9 is_stmt 0 view .LVU241
 885 00de 56E0     		b	.L49
 886              	.LVL66:
 887              	.L61:
 207:../../DaisySP/Source/Utility/looper.h ****     }
 888              		.loc 2 207 9 view .LVU242
 889              	.LBE213:
 890              	.LBE212:
 130:../../DaisySP/Source/Utility/looper.h ****                 sig = Read(pos_);
ARM GAS  C:\Users\aydan\AppData\Local\Temp\ccbXEJPg.s 			page 36


 891              		.loc 2 130 13 is_stmt 1 view .LVU243
 131:../../DaisySP/Source/Utility/looper.h ****                 switch(mode_)
 892              		.loc 2 131 17 view .LVU244
 893              	.LBB218:
 894              	.LBI218:
 269:../../DaisySP/Source/Utility/looper.h **** 
 895              		.loc 2 269 24 view .LVU245
 896              	.LBB219:
 269:../../DaisySP/Source/Utility/looper.h **** 
 897              		.loc 2 269 49 view .LVU246
 898              	.LBE219:
 899              	.LBE218:
 131:../../DaisySP/Source/Utility/looper.h ****                 switch(mode_)
 900              		.loc 2 131 27 is_stmt 0 view .LVU247
 901 00e0 94ED047A 		vldr.32	s14, [r4, #16]
 902              	.LBB222:
 903              	.LBB220:
 269:../../DaisySP/Source/Utility/looper.h **** 
 904              		.loc 2 269 65 view .LVU248
 905 00e4 A268     		ldr	r2, [r4, #8]
 906              	.LBE220:
 907              	.LBE222:
 131:../../DaisySP/Source/Utility/looper.h ****                 switch(mode_)
 908              		.loc 2 131 27 view .LVU249
 909 00e6 BCEEC77A 		vcvt.u32.f32	s14, s14
 132:../../DaisySP/Source/Utility/looper.h ****                 {
 910              		.loc 2 132 24 view .LVU250
 911 00ea 2168     		ldr	r1, [r4]
 912 00ec 0229     		cmp	r1, #2
 131:../../DaisySP/Source/Utility/looper.h ****                 switch(mode_)
 913              		.loc 2 131 27 view .LVU251
 914 00ee 17EE103A 		vmov	r3, s14	@ int
 915              	.LBB223:
 916              	.LBB221:
 269:../../DaisySP/Source/Utility/looper.h **** 
 917              		.loc 2 269 65 view .LVU252
 918 00f2 02EB8303 		add	r3, r2, r3, lsl #2
 919 00f6 93ED000A 		vldr.32	s0, [r3]
 920              	.LVL67:
 269:../../DaisySP/Source/Utility/looper.h **** 
 921              		.loc 2 269 65 view .LVU253
 922              	.LBE221:
 923              	.LBE223:
 132:../../DaisySP/Source/Utility/looper.h ****                 {
 924              		.loc 2 132 17 is_stmt 1 view .LVU254
 925 00fa 00F0AD80 		beq	.L62
 926 00fe 0329     		cmp	r1, #3
 927 0100 40F0A380 		bne	.L95
 135:../../DaisySP/Source/Utility/looper.h ****                         Write(pos_, (input * win_) + (sig * kFripDecayVal));
 928              		.loc 2 135 21 view .LVU255
 136:../../DaisySP/Source/Utility/looper.h ****                         break;
 929              		.loc 2 136 25 view .LVU256
 136:../../DaisySP/Source/Utility/looper.h ****                         break;
 930              		.loc 2 136 59 is_stmt 0 view .LVU257
 931 0104 9FED607A 		vldr.32	s14, .L96+8
 932 0108 20EE077A 		vmul.f32	s14, s0, s14
 136:../../DaisySP/Source/Utility/looper.h ****                         break;
ARM GAS  C:\Users\aydan\AppData\Local\Temp\ccbXEJPg.s 			page 37


 933              		.loc 2 136 30 view .LVU258
 934 010c A8EEA77A 		vfma.f32	s14, s17, s15
 935              	.LVL68:
 936              	.LBB224:
 937              	.LBI224:
 283:../../DaisySP/Source/Utility/looper.h **** 
 938              		.loc 2 283 17 is_stmt 1 view .LVU259
 939              	.LBB225:
 283:../../DaisySP/Source/Utility/looper.h **** 
 940              		.loc 2 283 48 view .LVU260
 283:../../DaisySP/Source/Utility/looper.h **** 
 941              		.loc 2 283 59 is_stmt 0 view .LVU261
 942 0110 83ED007A 		vstr.32	s14, [r3]
 943              	.LVL69:
 944              	.L65:
 283:../../DaisySP/Source/Utility/looper.h **** 
 945              		.loc 2 283 59 view .LVU262
 946              	.LBE225:
 947              	.LBE224:
 142:../../DaisySP/Source/Utility/looper.h ****                     win_idx_ += 1;
 948              		.loc 2 142 17 is_stmt 1 view .LVU263
 949 0114 40F2AE43 		movw	r3, #1198
 950 0118 9E42     		cmp	r6, r3
 951 011a 01D8     		bhi	.L66
 143:../../DaisySP/Source/Utility/looper.h ****                 pos_ += inc;
 952              		.loc 2 143 21 view .LVU264
 143:../../DaisySP/Source/Utility/looper.h ****                 pos_ += inc;
 953              		.loc 2 143 30 is_stmt 0 view .LVU265
 954 011c 0136     		adds	r6, r6, #1
 955 011e A661     		str	r6, [r4, #24]
 956              	.L66:
 144:../../DaisySP/Source/Utility/looper.h ****                 if(pos_ > recsize_ - 1)
 957              		.loc 2 144 17 is_stmt 1 view .LVU266
 145:../../DaisySP/Source/Utility/looper.h ****                 {
 958              		.loc 2 145 36 is_stmt 0 view .LVU267
 959 0120 236A     		ldr	r3, [r4, #32]
 144:../../DaisySP/Source/Utility/looper.h ****                 if(pos_ > recsize_ - 1)
 960              		.loc 2 144 22 view .LVU268
 961 0122 D4ED047A 		vldr.32	s15, [r4, #16]
 145:../../DaisySP/Source/Utility/looper.h ****                 {
 962              		.loc 2 145 36 view .LVU269
 963 0126 013B     		subs	r3, r3, #1
 144:../../DaisySP/Source/Utility/looper.h ****                 if(pos_ > recsize_ - 1)
 964              		.loc 2 144 22 view .LVU270
 965 0128 38EE278A 		vadd.f32	s16, s16, s15
 966              	.LVL70:
 145:../../DaisySP/Source/Utility/looper.h ****                 {
 967              		.loc 2 145 25 view .LVU271
 968 012c 07EE903A 		vmov	s15, r3	@ int
 969 0130 F8EE677A 		vcvt.f32.u32	s15, s15
 144:../../DaisySP/Source/Utility/looper.h ****                 if(pos_ > recsize_ - 1)
 970              		.loc 2 144 22 view .LVU272
 971 0134 84ED048A 		vstr.32	s16, [r4, #16]
 145:../../DaisySP/Source/Utility/looper.h ****                 {
 972              		.loc 2 145 17 is_stmt 1 view .LVU273
 973 0138 B4EEE78A 		vcmpe.f32	s16, s15
 974 013c F1EE10FA 		vmrs	APSR_nzcv, FPSCR
ARM GAS  C:\Users\aydan\AppData\Local\Temp\ccbXEJPg.s 			page 38


 975 0140 40F38F80 		ble	.L92
 147:../../DaisySP/Source/Utility/looper.h ****                     hitloop = true;
 976              		.loc 2 147 21 view .LVU274
 147:../../DaisySP/Source/Utility/looper.h ****                     hitloop = true;
 977              		.loc 2 147 29 is_stmt 0 view .LVU275
 978 0144 0023     		movs	r3, #0
 979 0146 2361     		str	r3, [r4, #16]	@ float
 148:../../DaisySP/Source/Utility/looper.h ****                 }
 980              		.loc 2 148 21 is_stmt 1 view .LVU276
 981              	.LVL71:
 155:../../DaisySP/Source/Utility/looper.h ****                 {
 982              		.loc 2 155 17 view .LVU277
 983              	.L69:
 155:../../DaisySP/Source/Utility/looper.h ****                 {
 984              		.loc 2 155 28 is_stmt 0 discriminator 1 view .LVU278
 985 0148 0129     		cmp	r1, #1
 986 014a 70D1     		bne	.L51
 157:../../DaisySP/Source/Utility/looper.h ****                     win_idx_ = 0;
 987              		.loc 2 157 21 is_stmt 1 view .LVU279
 157:../../DaisySP/Source/Utility/looper.h ****                     win_idx_ = 0;
 988              		.loc 2 157 30 is_stmt 0 view .LVU280
 989 014c 0222     		movs	r2, #2
 158:../../DaisySP/Source/Utility/looper.h ****                 }
 990              		.loc 2 158 30 view .LVU281
 991 014e 0023     		movs	r3, #0
 157:../../DaisySP/Source/Utility/looper.h ****                     win_idx_ = 0;
 992              		.loc 2 157 30 view .LVU282
 993 0150 6260     		str	r2, [r4, #4]
 158:../../DaisySP/Source/Utility/looper.h ****                 }
 994              		.loc 2 158 21 is_stmt 1 view .LVU283
 158:../../DaisySP/Source/Utility/looper.h ****                 }
 995              		.loc 2 158 30 is_stmt 0 view .LVU284
 996 0152 A361     		str	r3, [r4, #24]
 997              	.LVL72:
 164:../../DaisySP/Source/Utility/looper.h ****                               ? true
 998              		.loc 2 164 9 is_stmt 1 view .LVU285
 999              	.LBB226:
 205:../../DaisySP/Source/Utility/looper.h ****     {
 1000              		.loc 2 205 23 view .LVU286
 1001              	.LBB214:
 207:../../DaisySP/Source/Utility/looper.h ****     }
 1002              		.loc 2 207 9 view .LVU287
 207:../../DaisySP/Source/Utility/looper.h ****     }
 1003              		.loc 2 207 9 is_stmt 0 view .LVU288
 1004 0154 59E0     		b	.L53
 1005              	.LVL73:
 1006              	.L45:
 207:../../DaisySP/Source/Utility/looper.h ****     }
 1007              		.loc 2 207 9 view .LVU289
 1008              	.LBE214:
 1009              	.LBE226:
  75:../../DaisySP/Source/Utility/looper.h ****         switch(state_)
 1010              		.loc 2 75 9 is_stmt 1 view .LVU290
  75:../../DaisySP/Source/Utility/looper.h ****         switch(state_)
 1011              		.loc 2 75 26 is_stmt 0 view .LVU291
 1012 0156 8669     		ldr	r6, [r0, #24]
 1013              	.LVL74:
ARM GAS  C:\Users\aydan\AppData\Local\Temp\ccbXEJPg.s 			page 39


 1014              	.LBB227:
 1015              		.loc 2 286 11 is_stmt 1 view .LVU292
 1016              	.LBB199:
 1017              		.loc 2 286 33 view .LVU293
 1018              	.LBB195:
 425:c:\program files\daisytoolchain\arm-none-eabi\include\c++\10.2.1\cmath ****   { return __builtin_sinf(__x); }
 1019              		.loc 5 425 3 view .LVU294
 1020              	.LBB192:
 1021              		.loc 5 426 5 view .LVU295
 1022              	.LBE192:
 1023              	.LBE195:
 1024              	.LBE199:
 1025              	.LBE227:
  75:../../DaisySP/Source/Utility/looper.h ****         switch(state_)
 1026              		.loc 2 75 25 is_stmt 0 view .LVU296
 1027 0158 9FED497A 		vldr.32	s14, .L96
 1028 015c 07EE906A 		vmov	s15, r6	@ int
 1029              	.LBB228:
 1030              	.LBB200:
 1031              		.loc 2 286 43 view .LVU297
 1032 0160 9FED480A 		vldr.32	s0, .L96+4
 1033              	.LVL75:
 1034              		.loc 2 286 43 view .LVU298
 1035              	.LBE200:
 1036              	.LBE228:
  75:../../DaisySP/Source/Utility/looper.h ****         switch(state_)
 1037              		.loc 2 75 25 view .LVU299
 1038 0164 F8EE677A 		vcvt.f32.u32	s15, s15
 1039 0168 67EE877A 		vmul.f32	s15, s15, s14
 1040              	.LVL76:
 1041              	.LBB229:
 1042              	.LBB201:
 1043              	.LBB196:
 1044              	.LBB193:
 1045              		.loc 5 426 26 view .LVU300
 1046 016c 27EE800A 		vmul.f32	s0, s15, s0
 1047              	.LVL77:
 1048              		.loc 5 426 26 view .LVU301
 1049 0170 FFF7FEFF 		bl	sinf
 1050              	.LVL78:
 1051              		.loc 5 426 26 view .LVU302
 1052 0174 012D     		cmp	r5, #1
 1053              	.LBE193:
 1054              	.LBE196:
 1055              	.LBE201:
 1056              	.LBE229:
  75:../../DaisySP/Source/Utility/looper.h ****         switch(state_)
 1057              		.loc 2 75 14 view .LVU303
 1058 0176 84ED050A 		vstr.32	s0, [r4, #20]
  76:../../DaisySP/Source/Utility/looper.h ****         {
 1059              		.loc 2 76 9 is_stmt 1 view .LVU304
 1060 017a 0DD0     		beq	.L48
  78:../../DaisySP/Source/Utility/looper.h ****                 sig      = 0.0f;
 1061              		.loc 2 78 13 view .LVU305
  79:../../DaisySP/Source/Utility/looper.h ****                 pos_     = 0;
 1062              		.loc 2 79 17 view .LVU306
  80:../../DaisySP/Source/Utility/looper.h ****                 recsize_ = 0;
ARM GAS  C:\Users\aydan\AppData\Local\Temp\ccbXEJPg.s 			page 40


 1063              		.loc 2 80 17 view .LVU307
  80:../../DaisySP/Source/Utility/looper.h ****                 recsize_ = 0;
 1064              		.loc 2 80 26 is_stmt 0 view .LVU308
 1065 017c DFED437A 		vldr.32	s15, .L96+12
  81:../../DaisySP/Source/Utility/looper.h ****                 break;
 1066              		.loc 2 81 26 view .LVU309
 1067 0180 0022     		movs	r2, #0
  79:../../DaisySP/Source/Utility/looper.h ****                 pos_     = 0;
 1068              		.loc 2 79 26 view .LVU310
 1069 0182 B0EE670A 		vmov.f32	s0, s15
 165:../../DaisySP/Source/Utility/looper.h ****                               : false;
 1070              		.loc 2 165 31 view .LVU311
 1071 0186 1346     		mov	r3, r2
  80:../../DaisySP/Source/Utility/looper.h ****                 recsize_ = 0;
 1072              		.loc 2 80 26 view .LVU312
 1073 0188 C4ED047A 		vstr.32	s15, [r4, #16]
  81:../../DaisySP/Source/Utility/looper.h ****                 break;
 1074              		.loc 2 81 17 is_stmt 1 view .LVU313
  81:../../DaisySP/Source/Utility/looper.h ****                 break;
 1075              		.loc 2 81 26 is_stmt 0 view .LVU314
 1076 018c 2262     		str	r2, [r4, #32]
  82:../../DaisySP/Source/Utility/looper.h ****             case State::REC_FIRST:
 1077              		.loc 2 82 17 is_stmt 1 view .LVU315
 1078              	.LVL79:
 164:../../DaisySP/Source/Utility/looper.h ****                               ? true
 1079              		.loc 2 164 9 view .LVU316
 1080              	.L49:
 164:../../DaisySP/Source/Utility/looper.h ****                               ? true
 1081              		.loc 2 164 25 is_stmt 0 view .LVU317
 1082 018e 84F82530 		strb	r3, [r4, #37]
 168:../../DaisySP/Source/Utility/looper.h ****     }
 1083              		.loc 2 168 9 is_stmt 1 view .LVU318
 169:../../DaisySP/Source/Utility/looper.h **** 
 1084              		.loc 2 169 5 is_stmt 0 view .LVU319
 1085 0192 BDEC028B 		vldm	sp!, {d8}
 1086              		.cfi_remember_state
 1087              		.cfi_restore 80
 1088              		.cfi_restore 81
 1089              		.cfi_def_cfa_offset 16
 1090 0196 70BD     		pop	{r4, r5, r6, pc}
 1091              	.LVL80:
 1092              	.L48:
 1093              		.cfi_restore_state
  83:../../DaisySP/Source/Utility/looper.h ****                 sig = 0.f;
 1094              		.loc 2 83 13 is_stmt 1 view .LVU320
  84:../../DaisySP/Source/Utility/looper.h ****                 Write(pos_, input * win_);
 1095              		.loc 2 84 17 view .LVU321
  85:../../DaisySP/Source/Utility/looper.h ****                 if(win_idx_ < kWindowSamps - 1)
 1096              		.loc 2 85 17 view .LVU322
 1097              	.LBB230:
 1098              	.LBI230:
 283:../../DaisySP/Source/Utility/looper.h **** 
 1099              		.loc 2 283 17 view .LVU323
 1100              	.LBB231:
 283:../../DaisySP/Source/Utility/looper.h **** 
 1101              		.loc 2 283 48 view .LVU324
 1102              	.LBE231:
ARM GAS  C:\Users\aydan\AppData\Local\Temp\ccbXEJPg.s 			page 41


 1103              	.LBE230:
  85:../../DaisySP/Source/Utility/looper.h ****                 if(win_idx_ < kWindowSamps - 1)
 1104              		.loc 2 85 22 is_stmt 0 view .LVU325
 1105 0198 D4ED047A 		vldr.32	s15, [r4, #16]
  86:../../DaisySP/Source/Utility/looper.h ****                     win_idx_ += 1;
 1106              		.loc 2 86 17 view .LVU326
 1107 019c 40F2AE42 		movw	r2, #1198
 1108              	.LBB234:
 1109              	.LBB232:
 283:../../DaisySP/Source/Utility/looper.h **** 
 1110              		.loc 2 283 59 view .LVU327
 1111 01a0 A368     		ldr	r3, [r4, #8]
 1112              	.LBE232:
 1113              	.LBE234:
  85:../../DaisySP/Source/Utility/looper.h ****                 if(win_idx_ < kWindowSamps - 1)
 1114              		.loc 2 85 22 view .LVU328
 1115 01a2 28EE807A 		vmul.f32	s14, s17, s0
 1116              	.LVL81:
  85:../../DaisySP/Source/Utility/looper.h ****                 if(win_idx_ < kWindowSamps - 1)
 1117              		.loc 2 85 22 view .LVU329
 1118 01a6 FCEEE77A 		vcvt.u32.f32	s15, s15
  86:../../DaisySP/Source/Utility/looper.h ****                     win_idx_ += 1;
 1119              		.loc 2 86 17 view .LVU330
 1120 01aa 9642     		cmp	r6, r2
 1121              	.LBB235:
 1122              	.LBB233:
 283:../../DaisySP/Source/Utility/looper.h **** 
 1123              		.loc 2 283 59 view .LVU331
 1124 01ac 17EE901A 		vmov	r1, s15	@ int
 1125 01b0 03EB8103 		add	r3, r3, r1, lsl #2
 1126 01b4 83ED007A 		vstr.32	s14, [r3]
 1127              	.LVL82:
 283:../../DaisySP/Source/Utility/looper.h **** 
 1128              		.loc 2 283 59 view .LVU332
 1129              	.LBE233:
 1130              	.LBE235:
  86:../../DaisySP/Source/Utility/looper.h ****                     win_idx_ += 1;
 1131              		.loc 2 86 17 is_stmt 1 view .LVU333
 1132 01b8 01D8     		bhi	.L50
  87:../../DaisySP/Source/Utility/looper.h ****                 recsize_ = pos_;
 1133              		.loc 2 87 21 view .LVU334
  87:../../DaisySP/Source/Utility/looper.h ****                 recsize_ = pos_;
 1134              		.loc 2 87 30 is_stmt 0 view .LVU335
 1135 01ba 0136     		adds	r6, r6, #1
 1136 01bc A661     		str	r6, [r4, #24]
 1137              	.L50:
  88:../../DaisySP/Source/Utility/looper.h ****                 pos_ += inc;
 1138              		.loc 2 88 17 is_stmt 1 view .LVU336
  88:../../DaisySP/Source/Utility/looper.h ****                 pos_ += inc;
 1139              		.loc 2 88 28 is_stmt 0 view .LVU337
 1140 01be D4ED047A 		vldr.32	s15, [r4, #16]
  89:../../DaisySP/Source/Utility/looper.h ****                 if(pos_ > buffer_size_ - 1)
 1141              		.loc 2 89 22 view .LVU338
 1142 01c2 F7EE006A 		vmov.f32	s13, #1.0e+0
  90:../../DaisySP/Source/Utility/looper.h ****                 {
 1143              		.loc 2 90 40 view .LVU339
 1144 01c6 E368     		ldr	r3, [r4, #12]
ARM GAS  C:\Users\aydan\AppData\Local\Temp\ccbXEJPg.s 			page 42


  88:../../DaisySP/Source/Utility/looper.h ****                 pos_ += inc;
 1145              		.loc 2 88 26 view .LVU340
 1146 01c8 BCEEE77A 		vcvt.u32.f32	s14, s15
  90:../../DaisySP/Source/Utility/looper.h ****                 {
 1147              		.loc 2 90 40 view .LVU341
 1148 01cc 013B     		subs	r3, r3, #1
  89:../../DaisySP/Source/Utility/looper.h ****                 if(pos_ > buffer_size_ - 1)
 1149              		.loc 2 89 22 view .LVU342
 1150 01ce 77EEA67A 		vadd.f32	s15, s15, s13
  88:../../DaisySP/Source/Utility/looper.h ****                 pos_ += inc;
 1151              		.loc 2 88 26 view .LVU343
 1152 01d2 17EE102A 		vmov	r2, s14	@ int
  90:../../DaisySP/Source/Utility/looper.h ****                 {
 1153              		.loc 2 90 25 view .LVU344
 1154 01d6 07EE103A 		vmov	s14, r3	@ int
  89:../../DaisySP/Source/Utility/looper.h ****                 if(pos_ > buffer_size_ - 1)
 1155              		.loc 2 89 22 view .LVU345
 1156 01da C4ED047A 		vstr.32	s15, [r4, #16]
  90:../../DaisySP/Source/Utility/looper.h ****                 {
 1157              		.loc 2 90 25 view .LVU346
 1158 01de B8EE477A 		vcvt.f32.u32	s14, s14
  88:../../DaisySP/Source/Utility/looper.h ****                 pos_ += inc;
 1159              		.loc 2 88 26 view .LVU347
 1160 01e2 2262     		str	r2, [r4, #32]
  89:../../DaisySP/Source/Utility/looper.h ****                 if(pos_ > buffer_size_ - 1)
 1161              		.loc 2 89 17 is_stmt 1 view .LVU348
  90:../../DaisySP/Source/Utility/looper.h ****                 {
 1162              		.loc 2 90 17 view .LVU349
 1163 01e4 F4EEC77A 		vcmpe.f32	s15, s14
 1164 01e8 F1EE10FA 		vmrs	APSR_nzcv, FPSCR
 1165 01ec 1DDD     		ble	.L89
  92:../../DaisySP/Source/Utility/looper.h ****                     recsize_ = pos_ - 1;
 1166              		.loc 2 92 21 view .LVU350
  93:../../DaisySP/Source/Utility/looper.h ****                     pos_     = 0;
 1167              		.loc 2 93 37 is_stmt 0 view .LVU351
 1168 01ee 77EEE67A 		vsub.f32	s15, s15, s13
  94:../../DaisySP/Source/Utility/looper.h ****                 }
 1169              		.loc 2 94 30 view .LVU352
 1170 01f2 9FED267A 		vldr.32	s14, .L96+12
  92:../../DaisySP/Source/Utility/looper.h ****                     recsize_ = pos_ - 1;
 1171              		.loc 2 92 30 view .LVU353
 1172 01f6 0223     		movs	r3, #2
  84:../../DaisySP/Source/Utility/looper.h ****                 Write(pos_, input * win_);
 1173              		.loc 2 84 21 view .LVU354
 1174 01f8 B0EE470A 		vmov.f32	s0, s14
  94:../../DaisySP/Source/Utility/looper.h ****                 }
 1175              		.loc 2 94 30 view .LVU355
 1176 01fc 84ED047A 		vstr.32	s14, [r4, #16]
  93:../../DaisySP/Source/Utility/looper.h ****                     pos_     = 0;
 1177              		.loc 2 93 30 view .LVU356
 1178 0200 FCEEE77A 		vcvt.u32.f32	s15, s15
  92:../../DaisySP/Source/Utility/looper.h ****                     recsize_ = pos_ - 1;
 1179              		.loc 2 92 30 view .LVU357
 1180 0204 6360     		str	r3, [r4, #4]
  93:../../DaisySP/Source/Utility/looper.h ****                     pos_     = 0;
 1181              		.loc 2 93 21 is_stmt 1 view .LVU358
  93:../../DaisySP/Source/Utility/looper.h ****                     pos_     = 0;
ARM GAS  C:\Users\aydan\AppData\Local\Temp\ccbXEJPg.s 			page 43


 1182              		.loc 2 93 30 is_stmt 0 view .LVU359
 1183 0206 C4ED087A 		vstr.32	s15, [r4, #32]	@ int
  94:../../DaisySP/Source/Utility/looper.h ****                 }
 1184              		.loc 2 94 21 is_stmt 1 view .LVU360
 1185              	.LVL83:
 164:../../DaisySP/Source/Utility/looper.h ****                               ? true
 1186              		.loc 2 164 9 view .LVU361
 1187              	.LBB236:
 205:../../DaisySP/Source/Utility/looper.h ****     {
 1188              		.loc 2 205 23 view .LVU362
 1189              	.LBB215:
 207:../../DaisySP/Source/Utility/looper.h ****     }
 1190              		.loc 2 207 9 view .LVU363
 1191              	.L53:
 207:../../DaisySP/Source/Utility/looper.h ****     }
 1192              		.loc 2 207 9 is_stmt 0 view .LVU364
 1193              	.LBE215:
 1194              	.LBE236:
 165:../../DaisySP/Source/Utility/looper.h ****                               : false;
 1195              		.loc 2 165 31 discriminator 1 view .LVU365
 1196 020a 94ED047A 		vldr.32	s14, [r4, #16]
 1197 020e DFED207A 		vldr.32	s15, .L96+16
 1198 0212 B4EEE77A 		vcmpe.f32	s14, s15
 169:../../DaisySP/Source/Utility/looper.h **** 
 1199              		.loc 2 169 5 discriminator 1 view .LVU366
 1200 0216 BDEC028B 		vldm	sp!, {d8}
 1201              		.cfi_remember_state
 1202              		.cfi_restore 80
 1203              		.cfi_restore 81
 1204              		.cfi_def_cfa_offset 16
 165:../../DaisySP/Source/Utility/looper.h ****                               : false;
 1205              		.loc 2 165 31 discriminator 1 view .LVU367
 1206 021a F1EE10FA 		vmrs	APSR_nzcv, FPSCR
 1207 021e 4CBF     		ite	mi
 1208 0220 0123     		movmi	r3, #1
 1209 0222 0023     		movpl	r3, #0
 164:../../DaisySP/Source/Utility/looper.h ****                               ? true
 1210              		.loc 2 164 25 discriminator 1 view .LVU368
 1211 0224 84F82530 		strb	r3, [r4, #37]
 168:../../DaisySP/Source/Utility/looper.h ****     }
 1212              		.loc 2 168 9 is_stmt 1 discriminator 1 view .LVU369
 169:../../DaisySP/Source/Utility/looper.h **** 
 1213              		.loc 2 169 5 is_stmt 0 discriminator 1 view .LVU370
 1214 0228 70BD     		pop	{r4, r5, r6, pc}
 1215              	.LVL84:
 1216              	.L89:
 1217              		.cfi_restore_state
  84:../../DaisySP/Source/Utility/looper.h ****                 Write(pos_, input * win_);
 1218              		.loc 2 84 21 view .LVU371
 1219 022a 9FED180A 		vldr.32	s0, .L96+12
 1220              	.LVL85:
 1221              	.L51:
 164:../../DaisySP/Source/Utility/looper.h ****                               ? true
 1222              		.loc 2 164 9 is_stmt 1 view .LVU372
 1223              	.LBB237:
 205:../../DaisySP/Source/Utility/looper.h ****     {
 1224              		.loc 2 205 23 view .LVU373
ARM GAS  C:\Users\aydan\AppData\Local\Temp\ccbXEJPg.s 			page 44


 1225              	.LBB216:
 207:../../DaisySP/Source/Utility/looper.h ****     }
 1226              		.loc 2 207 9 view .LVU374
 207:../../DaisySP/Source/Utility/looper.h ****     }
 1227              		.loc 2 207 9 is_stmt 0 view .LVU375
 1228              	.LBE216:
 1229              	.LBE237:
 165:../../DaisySP/Source/Utility/looper.h ****                               : false;
 1230              		.loc 2 165 31 view .LVU376
 1231 022e 0023     		movs	r3, #0
 169:../../DaisySP/Source/Utility/looper.h **** 
 1232              		.loc 2 169 5 view .LVU377
 1233 0230 BDEC028B 		vldm	sp!, {d8}
 1234              		.cfi_remember_state
 1235              		.cfi_restore 80
 1236              		.cfi_restore 81
 1237              		.cfi_def_cfa_offset 16
 164:../../DaisySP/Source/Utility/looper.h ****                               ? true
 1238              		.loc 2 164 25 view .LVU378
 1239 0234 84F82530 		strb	r3, [r4, #37]
 168:../../DaisySP/Source/Utility/looper.h ****     }
 1240              		.loc 2 168 9 is_stmt 1 view .LVU379
 169:../../DaisySP/Source/Utility/looper.h **** 
 1241              		.loc 2 169 5 is_stmt 0 view .LVU380
 1242 0238 70BD     		pop	{r4, r5, r6, pc}
 1243              	.LVL86:
 1244              	.L90:
 1245              		.cfi_restore_state
 114:../../DaisySP/Source/Utility/looper.h ****                 {
 1246              		.loc 2 114 22 is_stmt 1 view .LVU381
 1247 023a B5EEC08A 		vcmpe.f32	s16, #0
 1248 023e F1EE10FA 		vmrs	APSR_nzcv, FPSCR
 1249 0242 E2D5     		bpl	.L53
 116:../../DaisySP/Source/Utility/looper.h ****                     hitloop = true;
 1250              		.loc 2 116 21 view .LVU382
 116:../../DaisySP/Source/Utility/looper.h ****                     hitloop = true;
 1251              		.loc 2 116 29 is_stmt 0 view .LVU383
 1252 0244 C4ED047A 		vstr.32	s15, [r4, #16]
 117:../../DaisySP/Source/Utility/looper.h ****                 }
 1253              		.loc 2 117 21 is_stmt 1 view .LVU384
 1254              	.LVL87:
 119:../../DaisySP/Source/Utility/looper.h **** 
 1255              		.loc 2 119 17 view .LVU385
 1256 0248 39E7     		b	.L58
 1257              	.LVL88:
 1258              	.L95:
 138:../../DaisySP/Source/Utility/looper.h ****                     case Mode::ONETIME_DUB:
 1259              		.loc 2 138 21 view .LVU386
 139:../../DaisySP/Source/Utility/looper.h ****                     default: Write(pos_, (input * win_) + sig); break;
 1260              		.loc 2 139 21 view .LVU387
 140:../../DaisySP/Source/Utility/looper.h ****                 }
 1261              		.loc 2 140 21 view .LVU388
 140:../../DaisySP/Source/Utility/looper.h ****                 }
 1262              		.loc 2 140 30 view .LVU389
 140:../../DaisySP/Source/Utility/looper.h ****                 }
 1263              		.loc 2 140 35 is_stmt 0 view .LVU390
 1264 024a B0EE407A 		vmov.f32	s14, s0
ARM GAS  C:\Users\aydan\AppData\Local\Temp\ccbXEJPg.s 			page 45


 1265 024e A8EEA77A 		vfma.f32	s14, s17, s15
 1266              	.LVL89:
 1267              	.LBB238:
 1268              	.LBI238:
 283:../../DaisySP/Source/Utility/looper.h **** 
 1269              		.loc 2 283 17 is_stmt 1 view .LVU391
 1270              	.LBB239:
 283:../../DaisySP/Source/Utility/looper.h **** 
 1271              		.loc 2 283 48 view .LVU392
 283:../../DaisySP/Source/Utility/looper.h **** 
 1272              		.loc 2 283 59 is_stmt 0 view .LVU393
 1273 0252 83ED007A 		vstr.32	s14, [r3]
 1274              	.LVL90:
 283:../../DaisySP/Source/Utility/looper.h **** 
 1275              		.loc 2 283 66 view .LVU394
 1276 0256 5DE7     		b	.L65
 1277              	.LVL91:
 1278              	.L62:
 283:../../DaisySP/Source/Utility/looper.h **** 
 1279              		.loc 2 283 66 view .LVU395
 1280              	.LBE239:
 1281              	.LBE238:
 134:../../DaisySP/Source/Utility/looper.h ****                     case Mode::FRIPPERTRONICS:
 1282              		.loc 2 134 21 is_stmt 1 view .LVU396
 134:../../DaisySP/Source/Utility/looper.h ****                     case Mode::FRIPPERTRONICS:
 1283              		.loc 2 134 41 view .LVU397
 1284              	.LBB240:
 1285              	.LBI240:
 283:../../DaisySP/Source/Utility/looper.h **** 
 1286              		.loc 2 283 17 view .LVU398
 1287              	.LBB241:
 283:../../DaisySP/Source/Utility/looper.h **** 
 1288              		.loc 2 283 48 view .LVU399
 1289              	.LBE241:
 1290              	.LBE240:
 134:../../DaisySP/Source/Utility/looper.h ****                     case Mode::FRIPPERTRONICS:
 1291              		.loc 2 134 46 is_stmt 0 view .LVU400
 1292 0258 68EEA77A 		vmul.f32	s15, s17, s15
 1293              	.LVL92:
 1294              	.LBB243:
 1295              	.LBB242:
 283:../../DaisySP/Source/Utility/looper.h **** 
 1296              		.loc 2 283 59 view .LVU401
 1297 025c C3ED007A 		vstr.32	s15, [r3]
 1298              	.LVL93:
 283:../../DaisySP/Source/Utility/looper.h **** 
 1299              		.loc 2 283 66 view .LVU402
 1300 0260 58E7     		b	.L65
 1301              	.LVL94:
 1302              	.L92:
 283:../../DaisySP/Source/Utility/looper.h **** 
 1303              		.loc 2 283 66 view .LVU403
 1304              	.LBE242:
 1305              	.LBE243:
 150:../../DaisySP/Source/Utility/looper.h ****                 {
 1306              		.loc 2 150 22 is_stmt 1 view .LVU404
 1307 0262 B5EEC08A 		vcmpe.f32	s16, #0
ARM GAS  C:\Users\aydan\AppData\Local\Temp\ccbXEJPg.s 			page 46


 1308 0266 F1EE10FA 		vmrs	APSR_nzcv, FPSCR
 1309 026a E0D5     		bpl	.L51
 152:../../DaisySP/Source/Utility/looper.h ****                     hitloop = true;
 1310              		.loc 2 152 21 view .LVU405
 152:../../DaisySP/Source/Utility/looper.h ****                     hitloop = true;
 1311              		.loc 2 152 29 is_stmt 0 view .LVU406
 1312 026c C4ED047A 		vstr.32	s15, [r4, #16]
 153:../../DaisySP/Source/Utility/looper.h ****                 }
 1313              		.loc 2 153 21 is_stmt 1 view .LVU407
 1314              	.LVL95:
 155:../../DaisySP/Source/Utility/looper.h ****                 {
 1315              		.loc 2 155 17 view .LVU408
 1316 0270 6AE7     		b	.L69
 1317              	.LVL96:
 1318              	.L71:
 164:../../DaisySP/Source/Utility/looper.h ****                               ? true
 1319              		.loc 2 164 9 view .LVU409
 1320              	.LBB244:
 205:../../DaisySP/Source/Utility/looper.h ****     {
 1321              		.loc 2 205 23 view .LVU410
 1322              	.LBB217:
 207:../../DaisySP/Source/Utility/looper.h ****     }
 1323              		.loc 2 207 9 view .LVU411
 207:../../DaisySP/Source/Utility/looper.h ****     }
 1324              		.loc 2 207 41 is_stmt 0 view .LVU412
 1325 0272 25F00205 		bic	r5, r5, #2
 1326              	.LBE217:
 1327              	.LBE244:
  68:../../DaisySP/Source/Utility/looper.h ****         float inc;
 1328              		.loc 2 68 15 view .LVU413
 1329 0276 9FED050A 		vldr.32	s0, .L96+12
 164:../../DaisySP/Source/Utility/looper.h ****                               ? true
 1330              		.loc 2 164 50 view .LVU414
 1331 027a 012D     		cmp	r5, #1
 1332 027c C5D1     		bne	.L53
 1333 027e D6E7     		b	.L51
 1334              	.L97:
 1335              		.align	2
 1336              	.L96:
 1337 0280 0E745A3A 		.word	979006478
 1338 0284 DB0FC93F 		.word	1070141403
 1339 0288 F304353F 		.word	1060439283
 1340 028c 00000000 		.word	0
 1341 0290 00009645 		.word	1167458304
 1342              		.cfi_endproc
 1343              	.LFE4671:
 1345              		.section	.rodata._ZN10bkshepherd19GranularDelayModuleC2Ev.str1.4,"aMS",%progbits,1
 1346              		.align	2
 1347              	.LC0:
 1348 0000 4772616E 		.ascii	"GranDelay\000"
 1348      44656C61 
 1348      7900
 1349              		.section	.text._ZN10bkshepherd19GranularDelayModuleC2Ev,"ax",%progbits
 1350              		.align	1
 1351              		.p2align 2,,3
 1352              		.global	_ZN10bkshepherd19GranularDelayModuleC2Ev
 1353              		.syntax unified
ARM GAS  C:\Users\aydan\AppData\Local\Temp\ccbXEJPg.s 			page 47


 1354              		.thumb
 1355              		.thumb_func
 1356              		.fpu fpv5-d16
 1358              	_ZN10bkshepherd19GranularDelayModuleC2Ev:
 1359              	.LVL97:
 1360              	.LFB4736:
  37:gml/GuitarPedal/Effect-Modules/granulardelay_module.cpp **** : BaseEffectModule(),
 1361              		.loc 1 37 1 is_stmt 1 view -0
 1362              		.cfi_startproc
 1363              		@ args = 0, pretend = 0, frame = 0
 1364              		@ frame_needed = 0, uses_anonymous_args = 0
  37:gml/GuitarPedal/Effect-Modules/granulardelay_module.cpp **** : BaseEffectModule(),
 1365              		.loc 1 37 1 is_stmt 0 view .LVU416
 1366 0000 38B5     		push	{r3, r4, r5, lr}
 1367              		.cfi_def_cfa_offset 16
 1368              		.cfi_offset 3, -16
 1369              		.cfi_offset 4, -12
 1370              		.cfi_offset 5, -8
 1371              		.cfi_offset 14, -4
  37:gml/GuitarPedal/Effect-Modules/granulardelay_module.cpp **** : BaseEffectModule(),
 1372              		.loc 1 37 1 view .LVU417
 1373 0002 0446     		mov	r4, r0
 1374              	.LBB259:
  49:gml/GuitarPedal/Effect-Modules/granulardelay_module.cpp **** {
 1375              		.loc 1 49 14 view .LVU418
 1376 0004 FFF7FEFF 		bl	_ZN10bkshepherd16BaseEffectModuleC2Ev
 1377              	.LVL98:
  49:gml/GuitarPedal/Effect-Modules/granulardelay_module.cpp **** {
 1378              		.loc 1 49 14 view .LVU419
 1379 0008 214B     		ldr	r3, .L100
 1380              	.LBB260:
 1381              	.LBB261:
  39:gml/GuitarPedal/Util/granularplayermod.h ****     ~GranularPlayerMod() {}
 1382              		.loc 3 39 25 view .LVU420
 1383 000a 0021     		movs	r1, #0
 1384              	.LBE261:
 1385              	.LBE260:
  49:gml/GuitarPedal/Effect-Modules/granulardelay_module.cpp **** {
 1386              		.loc 1 49 14 view .LVU421
 1387 000c 2046     		mov	r0, r4
 1388              	.LBB268:
 1389              	.LBB266:
  39:gml/GuitarPedal/Util/granularplayermod.h ****     ~GranularPlayerMod() {}
 1390              		.loc 3 39 25 view .LVU422
 1391 000e 4FF40062 		mov	r2, #2048
 1392 0012 04F58055 		add	r5, r4, #4096
 1393              	.LBE266:
 1394              	.LBE268:
  49:gml/GuitarPedal/Effect-Modules/granulardelay_module.cpp **** {
 1395              		.loc 1 49 14 view .LVU423
 1396 0016 40F8403B 		str	r3, [r0], #64
 1397              	.LVL99:
 1398              	.LBB269:
 1399              	.LBI260:
  39:gml/GuitarPedal/Util/granularplayermod.h ****     ~GranularPlayerMod() {}
 1400              		.loc 3 39 5 is_stmt 1 view .LVU424
 1401              	.LBB267:
ARM GAS  C:\Users\aydan\AppData\Local\Temp\ccbXEJPg.s 			page 48


  39:gml/GuitarPedal/Util/granularplayermod.h ****     ~GranularPlayerMod() {}
 1402              		.loc 3 39 25 is_stmt 0 view .LVU425
 1403 001a FFF7FEFF 		bl	memset
 1404              	.LVL100:
 1405 001e 4FF40062 		mov	r2, #2048
 1406 0022 0021     		movs	r1, #0
 1407 0024 04F50460 		add	r0, r4, #2112
 1408 0028 FFF7FEFF 		bl	memset
 1409              	.LVL101:
 1410 002c 4FF40062 		mov	r2, #2048
 1411 0030 0021     		movs	r1, #0
 1412 0032 04F58250 		add	r0, r4, #4160
 1413 0036 FFF7FEFF 		bl	memset
 1414              	.LVL102:
 1415              	.LBB262:
 1416              	.LBI262:
  25:../../DaisySP/Source/Control/phasor.h ****     ~Phasor() {}
 1417              		.loc 4 25 5 is_stmt 1 view .LVU426
  25:../../DaisySP/Source/Control/phasor.h ****     ~Phasor() {}
 1418              		.loc 4 25 5 is_stmt 0 view .LVU427
 1419              	.LBE262:
 1420              	.LBB263:
 1421              	.LBI263:
  25:../../DaisySP/Source/Control/phasor.h ****     ~Phasor() {}
 1422              		.loc 4 25 5 is_stmt 1 view .LVU428
  25:../../DaisySP/Source/Control/phasor.h ****     ~Phasor() {}
 1423              		.loc 4 25 5 is_stmt 0 view .LVU429
 1424              	.LBE263:
 1425              	.LBB264:
 1426              	.LBI264:
  25:../../DaisySP/Source/Control/phasor.h ****     ~Phasor() {}
 1427              		.loc 4 25 5 is_stmt 1 view .LVU430
  25:../../DaisySP/Source/Control/phasor.h ****     ~Phasor() {}
 1428              		.loc 4 25 5 is_stmt 0 view .LVU431
 1429              	.LBE264:
 1430              	.LBB265:
 1431              	.LBI265:
  25:../../DaisySP/Source/Control/phasor.h ****     ~Phasor() {}
 1432              		.loc 4 25 5 is_stmt 1 view .LVU432
  25:../../DaisySP/Source/Control/phasor.h ****     ~Phasor() {}
 1433              		.loc 4 25 5 is_stmt 0 view .LVU433
 1434              	.LBE265:
 1435              	.LBE267:
 1436              	.LBE269:
 1437              	.LBB270:
 1438              	.LBI270:
  28:../../DaisySP/Source/Utility/looper.h ****     ~Looper() {}
 1439              		.loc 2 28 5 is_stmt 1 view .LVU434
  28:../../DaisySP/Source/Utility/looper.h ****     ~Looper() {}
 1440              		.loc 2 28 5 is_stmt 0 view .LVU435
 1441              	.LBE270:
  49:gml/GuitarPedal/Effect-Modules/granulardelay_module.cpp **** {
 1442              		.loc 1 49 14 view .LVU436
 1443 003a 05F6141C 		addw	ip, r5, #2324
 1444 003e 4FF0000E 		mov	lr, #0
 1445 0042 144A     		ldr	r2, .L100+4
 1446 0044 4FF07C51 		mov	r1, #1056964608
ARM GAS  C:\Users\aydan\AppData\Local\Temp\ccbXEJPg.s 			page 49


 1447 0048 1348     		ldr	r0, .L100+8
 1448 004a CCF800E0 		str	lr, [ip]	@ float
 1449 004e 05F6181C 		addw	ip, r5, #2328
 1450 0052 0023     		movs	r3, #0
 1451 0054 CCF80020 		str	r2, [ip]	@ float
 1452 0058 05F61C1C 		addw	ip, r5, #2332
 1453 005c CCF80010 		str	r1, [ip]	@ float
 1454 0060 04F5C95C 		add	ip, r4, #6432
 1455 0064 CCF80010 		str	r1, [ip]	@ float
 1456 0068 05F62411 		addw	r1, r5, #2340
 1457 006c 0860     		str	r0, [r1]	@ float
 1458 006e 05F62811 		addw	r1, r5, #2344
  53:gml/GuitarPedal/Effect-Modules/granulardelay_module.cpp **** }
 1459              		.loc 1 53 15 view .LVU437
 1460 0072 2046     		mov	r0, r4
  49:gml/GuitarPedal/Effect-Modules/granulardelay_module.cpp **** {
 1461              		.loc 1 49 14 view .LVU438
 1462 0074 0A60     		str	r2, [r1]	@ float
  52:gml/GuitarPedal/Effect-Modules/granulardelay_module.cpp ****     InitParams(PARAM_COUNT);
 1463              		.loc 1 52 21 view .LVU439
 1464 0076 094A     		ldr	r2, .L100+12
  51:gml/GuitarPedal/Effect-Modules/granulardelay_module.cpp ****     m_paramMetaData = s_meta_data;
 1465              		.loc 1 51 12 view .LVU440
 1466 0078 0949     		ldr	r1, .L100+16
  49:gml/GuitarPedal/Effect-Modules/granulardelay_module.cpp **** {
 1467              		.loc 1 49 14 view .LVU441
 1468 007a C5F82C39 		str	r3, [r5, #2348]
 1469 007e A5F83039 		strh	r3, [r5, #2352]	@ movhi
  51:gml/GuitarPedal/Effect-Modules/granulardelay_module.cpp ****     m_paramMetaData = s_meta_data;
 1470              		.loc 1 51 5 is_stmt 1 view .LVU442
  51:gml/GuitarPedal/Effect-Modules/granulardelay_module.cpp ****     m_paramMetaData = s_meta_data;
 1471              		.loc 1 51 12 is_stmt 0 view .LVU443
 1472 0082 6160     		str	r1, [r4, #4]
  52:gml/GuitarPedal/Effect-Modules/granulardelay_module.cpp ****     InitParams(PARAM_COUNT);
 1473              		.loc 1 52 5 is_stmt 1 view .LVU444
  53:gml/GuitarPedal/Effect-Modules/granulardelay_module.cpp **** }
 1474              		.loc 1 53 15 is_stmt 0 view .LVU445
 1475 0084 0721     		movs	r1, #7
  52:gml/GuitarPedal/Effect-Modules/granulardelay_module.cpp ****     InitParams(PARAM_COUNT);
 1476              		.loc 1 52 21 view .LVU446
 1477 0086 2261     		str	r2, [r4, #16]
  53:gml/GuitarPedal/Effect-Modules/granulardelay_module.cpp **** }
 1478              		.loc 1 53 5 is_stmt 1 view .LVU447
  53:gml/GuitarPedal/Effect-Modules/granulardelay_module.cpp **** }
 1479              		.loc 1 53 15 is_stmt 0 view .LVU448
 1480 0088 FFF7FEFF 		bl	_ZN10bkshepherd16BaseEffectModule10InitParamsEi
 1481              	.LVL103:
 1482              	.LBE259:
  54:gml/GuitarPedal/Effect-Modules/granulardelay_module.cpp **** 
 1483              		.loc 1 54 1 view .LVU449
 1484 008c 2046     		mov	r0, r4
 1485 008e 38BD     		pop	{r3, r4, r5, pc}
 1486              	.LVL104:
 1487              	.L101:
  54:gml/GuitarPedal/Effect-Modules/granulardelay_module.cpp **** 
 1488              		.loc 1 54 1 view .LVU450
 1489              		.align	2
ARM GAS  C:\Users\aydan\AppData\Local\Temp\ccbXEJPg.s 			page 50


 1490              	.L100:
 1491 0090 08000000 		.word	.LANCHOR0+8
 1492 0094 00001643 		.word	1125515264
 1493 0098 0000C841 		.word	1103626240
 1494 009c 00000000 		.word	.LANCHOR1
 1495 00a0 00000000 		.word	.LC0
 1496              		.cfi_endproc
 1497              	.LFE4736:
 1499              		.global	_ZN10bkshepherd19GranularDelayModuleC1Ev
 1500              		.thumb_set _ZN10bkshepherd19GranularDelayModuleC1Ev,_ZN10bkshepherd19GranularDelayModuleC2Ev
 1501              		.section	.text._ZN10bkshepherd19GranularDelayModule4InitEf,"ax",%progbits
 1502              		.align	1
 1503              		.p2align 2,,3
 1504              		.global	_ZN10bkshepherd19GranularDelayModule4InitEf
 1505              		.syntax unified
 1506              		.thumb
 1507              		.thumb_func
 1508              		.fpu fpv5-d16
 1510              	_ZN10bkshepherd19GranularDelayModule4InitEf:
 1511              	.LVL105:
 1512              	.LFB4742:
  61:gml/GuitarPedal/Effect-Modules/granulardelay_module.cpp ****     BaseEffectModule::Init(sample_rate);
 1513              		.loc 1 61 1 is_stmt 1 view -0
 1514              		.cfi_startproc
 1515              		@ args = 0, pretend = 0, frame = 0
 1516              		@ frame_needed = 0, uses_anonymous_args = 0
  62:gml/GuitarPedal/Effect-Modules/granulardelay_module.cpp ****     for(int i = 0; i < kMaxSamples; ++i)
 1517              		.loc 1 62 5 view .LVU452
  61:gml/GuitarPedal/Effect-Modules/granulardelay_module.cpp ****     BaseEffectModule::Init(sample_rate);
 1518              		.loc 1 61 1 is_stmt 0 view .LVU453
 1519 0000 F8B5     		push	{r3, r4, r5, r6, r7, lr}
 1520              		.cfi_def_cfa_offset 24
 1521              		.cfi_offset 3, -24
 1522              		.cfi_offset 4, -20
 1523              		.cfi_offset 5, -16
 1524              		.cfi_offset 6, -12
 1525              		.cfi_offset 7, -8
 1526              		.cfi_offset 14, -4
 1527 0002 0546     		mov	r5, r0
 1528              	.LBB271:
  64:gml/GuitarPedal/Effect-Modules/granulardelay_module.cpp **** 
 1529              		.loc 1 64 30 view .LVU454
 1530 0004 224C     		ldr	r4, .L106
 1531              	.LBE271:
 1532              	.LBB272:
 1533              	.LBB273:
  51:../../DaisySP/Source/Utility/looper.h ****         buff_        = mem;
 1534              		.loc 2 51 22 view .LVU455
 1535 0006 45F6C057 		movw	r7, #24000
 1536 000a 05F58056 		add	r6, r5, #4096
 1537              	.LBE273:
 1538              	.LBE272:
  61:gml/GuitarPedal/Effect-Modules/granulardelay_module.cpp ****     BaseEffectModule::Init(sample_rate);
 1539              		.loc 1 61 1 view .LVU456
 1540 000e 2DED028B 		vpush.64	{d8}
 1541              		.cfi_def_cfa_offset 32
 1542              		.cfi_offset 80, -32
ARM GAS  C:\Users\aydan\AppData\Local\Temp\ccbXEJPg.s 			page 51


 1543              		.cfi_offset 81, -28
  61:gml/GuitarPedal/Effect-Modules/granulardelay_module.cpp ****     BaseEffectModule::Init(sample_rate);
 1544              		.loc 1 61 1 view .LVU457
 1545 0012 B0EE408A 		vmov.f32	s16, s0
  62:gml/GuitarPedal/Effect-Modules/granulardelay_module.cpp ****     for(int i = 0; i < kMaxSamples; ++i)
 1546              		.loc 1 62 27 view .LVU458
 1547 0016 FFF7FEFF 		bl	_ZN10bkshepherd16BaseEffectModule4InitEf
 1548              	.LVL106:
  63:gml/GuitarPedal/Effect-Modules/granulardelay_module.cpp ****         buffer_gran_delay[i] = 0.0f;
 1549              		.loc 1 63 5 is_stmt 1 view .LVU459
 1550              	.LBB291:
  63:gml/GuitarPedal/Effect-Modules/granulardelay_module.cpp ****         buffer_gran_delay[i] = 0.0f;
 1551              		.loc 1 63 22 view .LVU460
  64:gml/GuitarPedal/Effect-Modules/granulardelay_module.cpp **** 
 1552              		.loc 1 64 30 is_stmt 0 view .LVU461
 1553 001a 1E4A     		ldr	r2, .L106+4
 1554 001c 0021     		movs	r1, #0
 1555 001e 2046     		mov	r0, r4
 1556 0020 FFF7FEFF 		bl	memset
 1557              	.LVL107:
  64:gml/GuitarPedal/Effect-Modules/granulardelay_module.cpp **** 
 1558              		.loc 1 64 30 view .LVU462
 1559              	.LBE291:
  66:gml/GuitarPedal/Effect-Modules/granulardelay_module.cpp ****     looper_.SetMode(static_cast<daisysp::Looper::Mode>(3));
 1560              		.loc 1 66 5 is_stmt 1 view .LVU463
 1561              	.LBB292:
 1562              	.LBI272:
  49:../../DaisySP/Source/Utility/looper.h ****     {
 1563              		.loc 2 49 10 view .LVU464
 1564              	.LBB285:
  51:../../DaisySP/Source/Utility/looper.h ****         buff_        = mem;
 1565              		.loc 2 51 9 view .LVU465
 1566              	.LBB274:
 1567              	.LBB275:
 1568              	.LBB276:
 1569              	.LBB277:
 1570              	.LBB278:
 1571              		.file 6 "c:\\program files\\daisytoolchain\\arm-none-eabi\\include\\c++\\10.2.1\\bits\\stl_algobas
   1:c:\program files\daisytoolchain\arm-none-eabi\include\c++\10.2.1\bits\stl_algobase.h **** // Core algorithmic facilities -*- C++ -*-
   2:c:\program files\daisytoolchain\arm-none-eabi\include\c++\10.2.1\bits\stl_algobase.h **** 
   3:c:\program files\daisytoolchain\arm-none-eabi\include\c++\10.2.1\bits\stl_algobase.h **** // Copyright (C) 2001-2020 Free Software Foundation, Inc.
   4:c:\program files\daisytoolchain\arm-none-eabi\include\c++\10.2.1\bits\stl_algobase.h **** //
   5:c:\program files\daisytoolchain\arm-none-eabi\include\c++\10.2.1\bits\stl_algobase.h **** // This file is part of the GNU ISO C++ Library.  This library is free
   6:c:\program files\daisytoolchain\arm-none-eabi\include\c++\10.2.1\bits\stl_algobase.h **** // software; you can redistribute it and/or modify it under the
   7:c:\program files\daisytoolchain\arm-none-eabi\include\c++\10.2.1\bits\stl_algobase.h **** // terms of the GNU General Public License as published by the
   8:c:\program files\daisytoolchain\arm-none-eabi\include\c++\10.2.1\bits\stl_algobase.h **** // Free Software Foundation; either version 3, or (at your option)
   9:c:\program files\daisytoolchain\arm-none-eabi\include\c++\10.2.1\bits\stl_algobase.h **** // any later version.
  10:c:\program files\daisytoolchain\arm-none-eabi\include\c++\10.2.1\bits\stl_algobase.h **** 
  11:c:\program files\daisytoolchain\arm-none-eabi\include\c++\10.2.1\bits\stl_algobase.h **** // This library is distributed in the hope that it will be useful,
  12:c:\program files\daisytoolchain\arm-none-eabi\include\c++\10.2.1\bits\stl_algobase.h **** // but WITHOUT ANY WARRANTY; without even the implied warranty of
  13:c:\program files\daisytoolchain\arm-none-eabi\include\c++\10.2.1\bits\stl_algobase.h **** // MERCHANTABILITY or FITNESS FOR A PARTICULAR PURPOSE.  See the
  14:c:\program files\daisytoolchain\arm-none-eabi\include\c++\10.2.1\bits\stl_algobase.h **** // GNU General Public License for more details.
  15:c:\program files\daisytoolchain\arm-none-eabi\include\c++\10.2.1\bits\stl_algobase.h **** 
  16:c:\program files\daisytoolchain\arm-none-eabi\include\c++\10.2.1\bits\stl_algobase.h **** // Under Section 7 of GPL version 3, you are granted additional
  17:c:\program files\daisytoolchain\arm-none-eabi\include\c++\10.2.1\bits\stl_algobase.h **** // permissions described in the GCC Runtime Library Exception, version
  18:c:\program files\daisytoolchain\arm-none-eabi\include\c++\10.2.1\bits\stl_algobase.h **** // 3.1, as published by the Free Software Foundation.
  19:c:\program files\daisytoolchain\arm-none-eabi\include\c++\10.2.1\bits\stl_algobase.h **** 
ARM GAS  C:\Users\aydan\AppData\Local\Temp\ccbXEJPg.s 			page 52


  20:c:\program files\daisytoolchain\arm-none-eabi\include\c++\10.2.1\bits\stl_algobase.h **** // You should have received a copy of the GNU General Public License and
  21:c:\program files\daisytoolchain\arm-none-eabi\include\c++\10.2.1\bits\stl_algobase.h **** // a copy of the GCC Runtime Library Exception along with this program;
  22:c:\program files\daisytoolchain\arm-none-eabi\include\c++\10.2.1\bits\stl_algobase.h **** // see the files COPYING3 and COPYING.RUNTIME respectively.  If not, see
  23:c:\program files\daisytoolchain\arm-none-eabi\include\c++\10.2.1\bits\stl_algobase.h **** // <http://www.gnu.org/licenses/>.
  24:c:\program files\daisytoolchain\arm-none-eabi\include\c++\10.2.1\bits\stl_algobase.h **** 
  25:c:\program files\daisytoolchain\arm-none-eabi\include\c++\10.2.1\bits\stl_algobase.h **** /*
  26:c:\program files\daisytoolchain\arm-none-eabi\include\c++\10.2.1\bits\stl_algobase.h ****  *
  27:c:\program files\daisytoolchain\arm-none-eabi\include\c++\10.2.1\bits\stl_algobase.h ****  * Copyright (c) 1994
  28:c:\program files\daisytoolchain\arm-none-eabi\include\c++\10.2.1\bits\stl_algobase.h ****  * Hewlett-Packard Company
  29:c:\program files\daisytoolchain\arm-none-eabi\include\c++\10.2.1\bits\stl_algobase.h ****  *
  30:c:\program files\daisytoolchain\arm-none-eabi\include\c++\10.2.1\bits\stl_algobase.h ****  * Permission to use, copy, modify, distribute and sell this software
  31:c:\program files\daisytoolchain\arm-none-eabi\include\c++\10.2.1\bits\stl_algobase.h ****  * and its documentation for any purpose is hereby granted without fee,
  32:c:\program files\daisytoolchain\arm-none-eabi\include\c++\10.2.1\bits\stl_algobase.h ****  * provided that the above copyright notice appear in all copies and
  33:c:\program files\daisytoolchain\arm-none-eabi\include\c++\10.2.1\bits\stl_algobase.h ****  * that both that copyright notice and this permission notice appear
  34:c:\program files\daisytoolchain\arm-none-eabi\include\c++\10.2.1\bits\stl_algobase.h ****  * in supporting documentation.  Hewlett-Packard Company makes no
  35:c:\program files\daisytoolchain\arm-none-eabi\include\c++\10.2.1\bits\stl_algobase.h ****  * representations about the suitability of this software for any
  36:c:\program files\daisytoolchain\arm-none-eabi\include\c++\10.2.1\bits\stl_algobase.h ****  * purpose.  It is provided "as is" without express or implied warranty.
  37:c:\program files\daisytoolchain\arm-none-eabi\include\c++\10.2.1\bits\stl_algobase.h ****  *
  38:c:\program files\daisytoolchain\arm-none-eabi\include\c++\10.2.1\bits\stl_algobase.h ****  *
  39:c:\program files\daisytoolchain\arm-none-eabi\include\c++\10.2.1\bits\stl_algobase.h ****  * Copyright (c) 1996-1998
  40:c:\program files\daisytoolchain\arm-none-eabi\include\c++\10.2.1\bits\stl_algobase.h ****  * Silicon Graphics Computer Systems, Inc.
  41:c:\program files\daisytoolchain\arm-none-eabi\include\c++\10.2.1\bits\stl_algobase.h ****  *
  42:c:\program files\daisytoolchain\arm-none-eabi\include\c++\10.2.1\bits\stl_algobase.h ****  * Permission to use, copy, modify, distribute and sell this software
  43:c:\program files\daisytoolchain\arm-none-eabi\include\c++\10.2.1\bits\stl_algobase.h ****  * and its documentation for any purpose is hereby granted without fee,
  44:c:\program files\daisytoolchain\arm-none-eabi\include\c++\10.2.1\bits\stl_algobase.h ****  * provided that the above copyright notice appear in all copies and
  45:c:\program files\daisytoolchain\arm-none-eabi\include\c++\10.2.1\bits\stl_algobase.h ****  * that both that copyright notice and this permission notice appear
  46:c:\program files\daisytoolchain\arm-none-eabi\include\c++\10.2.1\bits\stl_algobase.h ****  * in supporting documentation.  Silicon Graphics makes no
  47:c:\program files\daisytoolchain\arm-none-eabi\include\c++\10.2.1\bits\stl_algobase.h ****  * representations about the suitability of this software for any
  48:c:\program files\daisytoolchain\arm-none-eabi\include\c++\10.2.1\bits\stl_algobase.h ****  * purpose.  It is provided "as is" without express or implied warranty.
  49:c:\program files\daisytoolchain\arm-none-eabi\include\c++\10.2.1\bits\stl_algobase.h ****  */
  50:c:\program files\daisytoolchain\arm-none-eabi\include\c++\10.2.1\bits\stl_algobase.h **** 
  51:c:\program files\daisytoolchain\arm-none-eabi\include\c++\10.2.1\bits\stl_algobase.h **** /** @file bits/stl_algobase.h
  52:c:\program files\daisytoolchain\arm-none-eabi\include\c++\10.2.1\bits\stl_algobase.h ****  *  This is an internal header file, included by other library headers.
  53:c:\program files\daisytoolchain\arm-none-eabi\include\c++\10.2.1\bits\stl_algobase.h ****  *  Do not attempt to use it directly. @headername{algorithm}
  54:c:\program files\daisytoolchain\arm-none-eabi\include\c++\10.2.1\bits\stl_algobase.h ****  */
  55:c:\program files\daisytoolchain\arm-none-eabi\include\c++\10.2.1\bits\stl_algobase.h **** 
  56:c:\program files\daisytoolchain\arm-none-eabi\include\c++\10.2.1\bits\stl_algobase.h **** #ifndef _STL_ALGOBASE_H
  57:c:\program files\daisytoolchain\arm-none-eabi\include\c++\10.2.1\bits\stl_algobase.h **** #define _STL_ALGOBASE_H 1
  58:c:\program files\daisytoolchain\arm-none-eabi\include\c++\10.2.1\bits\stl_algobase.h **** 
  59:c:\program files\daisytoolchain\arm-none-eabi\include\c++\10.2.1\bits\stl_algobase.h **** #include <bits/c++config.h>
  60:c:\program files\daisytoolchain\arm-none-eabi\include\c++\10.2.1\bits\stl_algobase.h **** #include <bits/functexcept.h>
  61:c:\program files\daisytoolchain\arm-none-eabi\include\c++\10.2.1\bits\stl_algobase.h **** #include <bits/cpp_type_traits.h>
  62:c:\program files\daisytoolchain\arm-none-eabi\include\c++\10.2.1\bits\stl_algobase.h **** #include <ext/type_traits.h>
  63:c:\program files\daisytoolchain\arm-none-eabi\include\c++\10.2.1\bits\stl_algobase.h **** #include <ext/numeric_traits.h>
  64:c:\program files\daisytoolchain\arm-none-eabi\include\c++\10.2.1\bits\stl_algobase.h **** #include <bits/stl_pair.h>
  65:c:\program files\daisytoolchain\arm-none-eabi\include\c++\10.2.1\bits\stl_algobase.h **** #include <bits/stl_iterator_base_types.h>
  66:c:\program files\daisytoolchain\arm-none-eabi\include\c++\10.2.1\bits\stl_algobase.h **** #include <bits/stl_iterator_base_funcs.h>
  67:c:\program files\daisytoolchain\arm-none-eabi\include\c++\10.2.1\bits\stl_algobase.h **** #include <bits/stl_iterator.h>
  68:c:\program files\daisytoolchain\arm-none-eabi\include\c++\10.2.1\bits\stl_algobase.h **** #include <bits/concept_check.h>
  69:c:\program files\daisytoolchain\arm-none-eabi\include\c++\10.2.1\bits\stl_algobase.h **** #include <debug/debug.h>
  70:c:\program files\daisytoolchain\arm-none-eabi\include\c++\10.2.1\bits\stl_algobase.h **** #include <bits/move.h> // For std::swap
  71:c:\program files\daisytoolchain\arm-none-eabi\include\c++\10.2.1\bits\stl_algobase.h **** #include <bits/predefined_ops.h>
  72:c:\program files\daisytoolchain\arm-none-eabi\include\c++\10.2.1\bits\stl_algobase.h **** #if __cplusplus >= 201103L
  73:c:\program files\daisytoolchain\arm-none-eabi\include\c++\10.2.1\bits\stl_algobase.h **** # include <type_traits>
  74:c:\program files\daisytoolchain\arm-none-eabi\include\c++\10.2.1\bits\stl_algobase.h **** #endif
  75:c:\program files\daisytoolchain\arm-none-eabi\include\c++\10.2.1\bits\stl_algobase.h **** #if __cplusplus > 201703L
  76:c:\program files\daisytoolchain\arm-none-eabi\include\c++\10.2.1\bits\stl_algobase.h **** # include <compare>
ARM GAS  C:\Users\aydan\AppData\Local\Temp\ccbXEJPg.s 			page 53


  77:c:\program files\daisytoolchain\arm-none-eabi\include\c++\10.2.1\bits\stl_algobase.h **** #endif
  78:c:\program files\daisytoolchain\arm-none-eabi\include\c++\10.2.1\bits\stl_algobase.h **** 
  79:c:\program files\daisytoolchain\arm-none-eabi\include\c++\10.2.1\bits\stl_algobase.h **** namespace std _GLIBCXX_VISIBILITY(default)
  80:c:\program files\daisytoolchain\arm-none-eabi\include\c++\10.2.1\bits\stl_algobase.h **** {
  81:c:\program files\daisytoolchain\arm-none-eabi\include\c++\10.2.1\bits\stl_algobase.h **** _GLIBCXX_BEGIN_NAMESPACE_VERSION
  82:c:\program files\daisytoolchain\arm-none-eabi\include\c++\10.2.1\bits\stl_algobase.h **** 
  83:c:\program files\daisytoolchain\arm-none-eabi\include\c++\10.2.1\bits\stl_algobase.h ****   /*
  84:c:\program files\daisytoolchain\arm-none-eabi\include\c++\10.2.1\bits\stl_algobase.h ****    * A constexpr wrapper for __builtin_memcmp.
  85:c:\program files\daisytoolchain\arm-none-eabi\include\c++\10.2.1\bits\stl_algobase.h ****    * @param __num The number of elements of type _Tp (not bytes).
  86:c:\program files\daisytoolchain\arm-none-eabi\include\c++\10.2.1\bits\stl_algobase.h ****    */
  87:c:\program files\daisytoolchain\arm-none-eabi\include\c++\10.2.1\bits\stl_algobase.h ****   template<typename _Tp, typename _Up>
  88:c:\program files\daisytoolchain\arm-none-eabi\include\c++\10.2.1\bits\stl_algobase.h ****     _GLIBCXX14_CONSTEXPR
  89:c:\program files\daisytoolchain\arm-none-eabi\include\c++\10.2.1\bits\stl_algobase.h ****     inline int
  90:c:\program files\daisytoolchain\arm-none-eabi\include\c++\10.2.1\bits\stl_algobase.h ****     __memcmp(const _Tp* __first1, const _Up* __first2, size_t __num)
  91:c:\program files\daisytoolchain\arm-none-eabi\include\c++\10.2.1\bits\stl_algobase.h ****     {
  92:c:\program files\daisytoolchain\arm-none-eabi\include\c++\10.2.1\bits\stl_algobase.h **** #if __cplusplus >= 201103L
  93:c:\program files\daisytoolchain\arm-none-eabi\include\c++\10.2.1\bits\stl_algobase.h ****       static_assert(sizeof(_Tp) == sizeof(_Up), "can be compared with memcmp");
  94:c:\program files\daisytoolchain\arm-none-eabi\include\c++\10.2.1\bits\stl_algobase.h **** #endif
  95:c:\program files\daisytoolchain\arm-none-eabi\include\c++\10.2.1\bits\stl_algobase.h **** #ifdef __cpp_lib_is_constant_evaluated
  96:c:\program files\daisytoolchain\arm-none-eabi\include\c++\10.2.1\bits\stl_algobase.h ****       if (std::is_constant_evaluated())
  97:c:\program files\daisytoolchain\arm-none-eabi\include\c++\10.2.1\bits\stl_algobase.h **** 	{
  98:c:\program files\daisytoolchain\arm-none-eabi\include\c++\10.2.1\bits\stl_algobase.h **** 	  for(; __num > 0; ++__first1, ++__first2, --__num)
  99:c:\program files\daisytoolchain\arm-none-eabi\include\c++\10.2.1\bits\stl_algobase.h **** 	    if (*__first1 != *__first2)
 100:c:\program files\daisytoolchain\arm-none-eabi\include\c++\10.2.1\bits\stl_algobase.h **** 	      return *__first1 < *__first2 ? -1 : 1;
 101:c:\program files\daisytoolchain\arm-none-eabi\include\c++\10.2.1\bits\stl_algobase.h **** 	  return 0;
 102:c:\program files\daisytoolchain\arm-none-eabi\include\c++\10.2.1\bits\stl_algobase.h **** 	}
 103:c:\program files\daisytoolchain\arm-none-eabi\include\c++\10.2.1\bits\stl_algobase.h ****       else
 104:c:\program files\daisytoolchain\arm-none-eabi\include\c++\10.2.1\bits\stl_algobase.h **** #endif
 105:c:\program files\daisytoolchain\arm-none-eabi\include\c++\10.2.1\bits\stl_algobase.h **** 	return __builtin_memcmp(__first1, __first2, sizeof(_Tp) * __num);
 106:c:\program files\daisytoolchain\arm-none-eabi\include\c++\10.2.1\bits\stl_algobase.h ****     }
 107:c:\program files\daisytoolchain\arm-none-eabi\include\c++\10.2.1\bits\stl_algobase.h **** 
 108:c:\program files\daisytoolchain\arm-none-eabi\include\c++\10.2.1\bits\stl_algobase.h **** #if __cplusplus < 201103L
 109:c:\program files\daisytoolchain\arm-none-eabi\include\c++\10.2.1\bits\stl_algobase.h ****   // See http://gcc.gnu.org/ml/libstdc++/2004-08/msg00167.html: in a
 110:c:\program files\daisytoolchain\arm-none-eabi\include\c++\10.2.1\bits\stl_algobase.h ****   // nutshell, we are partially implementing the resolution of DR 187,
 111:c:\program files\daisytoolchain\arm-none-eabi\include\c++\10.2.1\bits\stl_algobase.h ****   // when it's safe, i.e., the value_types are equal.
 112:c:\program files\daisytoolchain\arm-none-eabi\include\c++\10.2.1\bits\stl_algobase.h ****   template<bool _BoolType>
 113:c:\program files\daisytoolchain\arm-none-eabi\include\c++\10.2.1\bits\stl_algobase.h ****     struct __iter_swap
 114:c:\program files\daisytoolchain\arm-none-eabi\include\c++\10.2.1\bits\stl_algobase.h ****     {
 115:c:\program files\daisytoolchain\arm-none-eabi\include\c++\10.2.1\bits\stl_algobase.h ****       template<typename _ForwardIterator1, typename _ForwardIterator2>
 116:c:\program files\daisytoolchain\arm-none-eabi\include\c++\10.2.1\bits\stl_algobase.h **** 	static void
 117:c:\program files\daisytoolchain\arm-none-eabi\include\c++\10.2.1\bits\stl_algobase.h **** 	iter_swap(_ForwardIterator1 __a, _ForwardIterator2 __b)
 118:c:\program files\daisytoolchain\arm-none-eabi\include\c++\10.2.1\bits\stl_algobase.h **** 	{
 119:c:\program files\daisytoolchain\arm-none-eabi\include\c++\10.2.1\bits\stl_algobase.h **** 	  typedef typename iterator_traits<_ForwardIterator1>::value_type
 120:c:\program files\daisytoolchain\arm-none-eabi\include\c++\10.2.1\bits\stl_algobase.h **** 	    _ValueType1;
 121:c:\program files\daisytoolchain\arm-none-eabi\include\c++\10.2.1\bits\stl_algobase.h **** 	  _ValueType1 __tmp = *__a;
 122:c:\program files\daisytoolchain\arm-none-eabi\include\c++\10.2.1\bits\stl_algobase.h **** 	  *__a = *__b;
 123:c:\program files\daisytoolchain\arm-none-eabi\include\c++\10.2.1\bits\stl_algobase.h **** 	  *__b = __tmp;
 124:c:\program files\daisytoolchain\arm-none-eabi\include\c++\10.2.1\bits\stl_algobase.h **** 	}
 125:c:\program files\daisytoolchain\arm-none-eabi\include\c++\10.2.1\bits\stl_algobase.h ****     };
 126:c:\program files\daisytoolchain\arm-none-eabi\include\c++\10.2.1\bits\stl_algobase.h **** 
 127:c:\program files\daisytoolchain\arm-none-eabi\include\c++\10.2.1\bits\stl_algobase.h ****   template<>
 128:c:\program files\daisytoolchain\arm-none-eabi\include\c++\10.2.1\bits\stl_algobase.h ****     struct __iter_swap<true>
 129:c:\program files\daisytoolchain\arm-none-eabi\include\c++\10.2.1\bits\stl_algobase.h ****     {
 130:c:\program files\daisytoolchain\arm-none-eabi\include\c++\10.2.1\bits\stl_algobase.h ****       template<typename _ForwardIterator1, typename _ForwardIterator2>
 131:c:\program files\daisytoolchain\arm-none-eabi\include\c++\10.2.1\bits\stl_algobase.h **** 	static void
 132:c:\program files\daisytoolchain\arm-none-eabi\include\c++\10.2.1\bits\stl_algobase.h **** 	iter_swap(_ForwardIterator1 __a, _ForwardIterator2 __b)
 133:c:\program files\daisytoolchain\arm-none-eabi\include\c++\10.2.1\bits\stl_algobase.h **** 	{
ARM GAS  C:\Users\aydan\AppData\Local\Temp\ccbXEJPg.s 			page 54


 134:c:\program files\daisytoolchain\arm-none-eabi\include\c++\10.2.1\bits\stl_algobase.h **** 	  swap(*__a, *__b);
 135:c:\program files\daisytoolchain\arm-none-eabi\include\c++\10.2.1\bits\stl_algobase.h **** 	}
 136:c:\program files\daisytoolchain\arm-none-eabi\include\c++\10.2.1\bits\stl_algobase.h ****     };
 137:c:\program files\daisytoolchain\arm-none-eabi\include\c++\10.2.1\bits\stl_algobase.h **** #endif // C++03
 138:c:\program files\daisytoolchain\arm-none-eabi\include\c++\10.2.1\bits\stl_algobase.h **** 
 139:c:\program files\daisytoolchain\arm-none-eabi\include\c++\10.2.1\bits\stl_algobase.h ****   /**
 140:c:\program files\daisytoolchain\arm-none-eabi\include\c++\10.2.1\bits\stl_algobase.h ****    *  @brief Swaps the contents of two iterators.
 141:c:\program files\daisytoolchain\arm-none-eabi\include\c++\10.2.1\bits\stl_algobase.h ****    *  @ingroup mutating_algorithms
 142:c:\program files\daisytoolchain\arm-none-eabi\include\c++\10.2.1\bits\stl_algobase.h ****    *  @param  __a  An iterator.
 143:c:\program files\daisytoolchain\arm-none-eabi\include\c++\10.2.1\bits\stl_algobase.h ****    *  @param  __b  Another iterator.
 144:c:\program files\daisytoolchain\arm-none-eabi\include\c++\10.2.1\bits\stl_algobase.h ****    *  @return   Nothing.
 145:c:\program files\daisytoolchain\arm-none-eabi\include\c++\10.2.1\bits\stl_algobase.h ****    *
 146:c:\program files\daisytoolchain\arm-none-eabi\include\c++\10.2.1\bits\stl_algobase.h ****    *  This function swaps the values pointed to by two iterators, not the
 147:c:\program files\daisytoolchain\arm-none-eabi\include\c++\10.2.1\bits\stl_algobase.h ****    *  iterators themselves.
 148:c:\program files\daisytoolchain\arm-none-eabi\include\c++\10.2.1\bits\stl_algobase.h ****   */
 149:c:\program files\daisytoolchain\arm-none-eabi\include\c++\10.2.1\bits\stl_algobase.h ****   template<typename _ForwardIterator1, typename _ForwardIterator2>
 150:c:\program files\daisytoolchain\arm-none-eabi\include\c++\10.2.1\bits\stl_algobase.h ****     _GLIBCXX20_CONSTEXPR
 151:c:\program files\daisytoolchain\arm-none-eabi\include\c++\10.2.1\bits\stl_algobase.h ****     inline void
 152:c:\program files\daisytoolchain\arm-none-eabi\include\c++\10.2.1\bits\stl_algobase.h ****     iter_swap(_ForwardIterator1 __a, _ForwardIterator2 __b)
 153:c:\program files\daisytoolchain\arm-none-eabi\include\c++\10.2.1\bits\stl_algobase.h ****     {
 154:c:\program files\daisytoolchain\arm-none-eabi\include\c++\10.2.1\bits\stl_algobase.h ****       // concept requirements
 155:c:\program files\daisytoolchain\arm-none-eabi\include\c++\10.2.1\bits\stl_algobase.h ****       __glibcxx_function_requires(_Mutable_ForwardIteratorConcept<
 156:c:\program files\daisytoolchain\arm-none-eabi\include\c++\10.2.1\bits\stl_algobase.h **** 				  _ForwardIterator1>)
 157:c:\program files\daisytoolchain\arm-none-eabi\include\c++\10.2.1\bits\stl_algobase.h ****       __glibcxx_function_requires(_Mutable_ForwardIteratorConcept<
 158:c:\program files\daisytoolchain\arm-none-eabi\include\c++\10.2.1\bits\stl_algobase.h **** 				  _ForwardIterator2>)
 159:c:\program files\daisytoolchain\arm-none-eabi\include\c++\10.2.1\bits\stl_algobase.h **** 
 160:c:\program files\daisytoolchain\arm-none-eabi\include\c++\10.2.1\bits\stl_algobase.h **** #if __cplusplus < 201103L
 161:c:\program files\daisytoolchain\arm-none-eabi\include\c++\10.2.1\bits\stl_algobase.h ****       typedef typename iterator_traits<_ForwardIterator1>::value_type
 162:c:\program files\daisytoolchain\arm-none-eabi\include\c++\10.2.1\bits\stl_algobase.h **** 	_ValueType1;
 163:c:\program files\daisytoolchain\arm-none-eabi\include\c++\10.2.1\bits\stl_algobase.h ****       typedef typename iterator_traits<_ForwardIterator2>::value_type
 164:c:\program files\daisytoolchain\arm-none-eabi\include\c++\10.2.1\bits\stl_algobase.h **** 	_ValueType2;
 165:c:\program files\daisytoolchain\arm-none-eabi\include\c++\10.2.1\bits\stl_algobase.h **** 
 166:c:\program files\daisytoolchain\arm-none-eabi\include\c++\10.2.1\bits\stl_algobase.h ****       __glibcxx_function_requires(_ConvertibleConcept<_ValueType1,
 167:c:\program files\daisytoolchain\arm-none-eabi\include\c++\10.2.1\bits\stl_algobase.h **** 				  _ValueType2>)
 168:c:\program files\daisytoolchain\arm-none-eabi\include\c++\10.2.1\bits\stl_algobase.h ****       __glibcxx_function_requires(_ConvertibleConcept<_ValueType2,
 169:c:\program files\daisytoolchain\arm-none-eabi\include\c++\10.2.1\bits\stl_algobase.h **** 				  _ValueType1>)
 170:c:\program files\daisytoolchain\arm-none-eabi\include\c++\10.2.1\bits\stl_algobase.h **** 
 171:c:\program files\daisytoolchain\arm-none-eabi\include\c++\10.2.1\bits\stl_algobase.h ****       typedef typename iterator_traits<_ForwardIterator1>::reference
 172:c:\program files\daisytoolchain\arm-none-eabi\include\c++\10.2.1\bits\stl_algobase.h **** 	_ReferenceType1;
 173:c:\program files\daisytoolchain\arm-none-eabi\include\c++\10.2.1\bits\stl_algobase.h ****       typedef typename iterator_traits<_ForwardIterator2>::reference
 174:c:\program files\daisytoolchain\arm-none-eabi\include\c++\10.2.1\bits\stl_algobase.h **** 	_ReferenceType2;
 175:c:\program files\daisytoolchain\arm-none-eabi\include\c++\10.2.1\bits\stl_algobase.h ****       std::__iter_swap<__are_same<_ValueType1, _ValueType2>::__value
 176:c:\program files\daisytoolchain\arm-none-eabi\include\c++\10.2.1\bits\stl_algobase.h **** 	&& __are_same<_ValueType1&, _ReferenceType1>::__value
 177:c:\program files\daisytoolchain\arm-none-eabi\include\c++\10.2.1\bits\stl_algobase.h **** 	&& __are_same<_ValueType2&, _ReferenceType2>::__value>::
 178:c:\program files\daisytoolchain\arm-none-eabi\include\c++\10.2.1\bits\stl_algobase.h **** 	iter_swap(__a, __b);
 179:c:\program files\daisytoolchain\arm-none-eabi\include\c++\10.2.1\bits\stl_algobase.h **** #else
 180:c:\program files\daisytoolchain\arm-none-eabi\include\c++\10.2.1\bits\stl_algobase.h ****       // _GLIBCXX_RESOLVE_LIB_DEFECTS
 181:c:\program files\daisytoolchain\arm-none-eabi\include\c++\10.2.1\bits\stl_algobase.h ****       // 187. iter_swap underspecified
 182:c:\program files\daisytoolchain\arm-none-eabi\include\c++\10.2.1\bits\stl_algobase.h ****       swap(*__a, *__b);
 183:c:\program files\daisytoolchain\arm-none-eabi\include\c++\10.2.1\bits\stl_algobase.h **** #endif
 184:c:\program files\daisytoolchain\arm-none-eabi\include\c++\10.2.1\bits\stl_algobase.h ****     }
 185:c:\program files\daisytoolchain\arm-none-eabi\include\c++\10.2.1\bits\stl_algobase.h **** 
 186:c:\program files\daisytoolchain\arm-none-eabi\include\c++\10.2.1\bits\stl_algobase.h ****   /**
 187:c:\program files\daisytoolchain\arm-none-eabi\include\c++\10.2.1\bits\stl_algobase.h ****    *  @brief Swap the elements of two sequences.
 188:c:\program files\daisytoolchain\arm-none-eabi\include\c++\10.2.1\bits\stl_algobase.h ****    *  @ingroup mutating_algorithms
 189:c:\program files\daisytoolchain\arm-none-eabi\include\c++\10.2.1\bits\stl_algobase.h ****    *  @param  __first1  A forward iterator.
 190:c:\program files\daisytoolchain\arm-none-eabi\include\c++\10.2.1\bits\stl_algobase.h ****    *  @param  __last1   A forward iterator.
ARM GAS  C:\Users\aydan\AppData\Local\Temp\ccbXEJPg.s 			page 55


 191:c:\program files\daisytoolchain\arm-none-eabi\include\c++\10.2.1\bits\stl_algobase.h ****    *  @param  __first2  A forward iterator.
 192:c:\program files\daisytoolchain\arm-none-eabi\include\c++\10.2.1\bits\stl_algobase.h ****    *  @return   An iterator equal to @p first2+(last1-first1).
 193:c:\program files\daisytoolchain\arm-none-eabi\include\c++\10.2.1\bits\stl_algobase.h ****    *
 194:c:\program files\daisytoolchain\arm-none-eabi\include\c++\10.2.1\bits\stl_algobase.h ****    *  Swaps each element in the range @p [first1,last1) with the
 195:c:\program files\daisytoolchain\arm-none-eabi\include\c++\10.2.1\bits\stl_algobase.h ****    *  corresponding element in the range @p [first2,(last1-first1)).
 196:c:\program files\daisytoolchain\arm-none-eabi\include\c++\10.2.1\bits\stl_algobase.h ****    *  The ranges must not overlap.
 197:c:\program files\daisytoolchain\arm-none-eabi\include\c++\10.2.1\bits\stl_algobase.h ****   */
 198:c:\program files\daisytoolchain\arm-none-eabi\include\c++\10.2.1\bits\stl_algobase.h ****   template<typename _ForwardIterator1, typename _ForwardIterator2>
 199:c:\program files\daisytoolchain\arm-none-eabi\include\c++\10.2.1\bits\stl_algobase.h ****     _GLIBCXX20_CONSTEXPR
 200:c:\program files\daisytoolchain\arm-none-eabi\include\c++\10.2.1\bits\stl_algobase.h ****     _ForwardIterator2
 201:c:\program files\daisytoolchain\arm-none-eabi\include\c++\10.2.1\bits\stl_algobase.h ****     swap_ranges(_ForwardIterator1 __first1, _ForwardIterator1 __last1,
 202:c:\program files\daisytoolchain\arm-none-eabi\include\c++\10.2.1\bits\stl_algobase.h **** 		_ForwardIterator2 __first2)
 203:c:\program files\daisytoolchain\arm-none-eabi\include\c++\10.2.1\bits\stl_algobase.h ****     {
 204:c:\program files\daisytoolchain\arm-none-eabi\include\c++\10.2.1\bits\stl_algobase.h ****       // concept requirements
 205:c:\program files\daisytoolchain\arm-none-eabi\include\c++\10.2.1\bits\stl_algobase.h ****       __glibcxx_function_requires(_Mutable_ForwardIteratorConcept<
 206:c:\program files\daisytoolchain\arm-none-eabi\include\c++\10.2.1\bits\stl_algobase.h **** 				  _ForwardIterator1>)
 207:c:\program files\daisytoolchain\arm-none-eabi\include\c++\10.2.1\bits\stl_algobase.h ****       __glibcxx_function_requires(_Mutable_ForwardIteratorConcept<
 208:c:\program files\daisytoolchain\arm-none-eabi\include\c++\10.2.1\bits\stl_algobase.h **** 				  _ForwardIterator2>)
 209:c:\program files\daisytoolchain\arm-none-eabi\include\c++\10.2.1\bits\stl_algobase.h ****       __glibcxx_requires_valid_range(__first1, __last1);
 210:c:\program files\daisytoolchain\arm-none-eabi\include\c++\10.2.1\bits\stl_algobase.h **** 
 211:c:\program files\daisytoolchain\arm-none-eabi\include\c++\10.2.1\bits\stl_algobase.h ****       for (; __first1 != __last1; ++__first1, (void)++__first2)
 212:c:\program files\daisytoolchain\arm-none-eabi\include\c++\10.2.1\bits\stl_algobase.h **** 	std::iter_swap(__first1, __first2);
 213:c:\program files\daisytoolchain\arm-none-eabi\include\c++\10.2.1\bits\stl_algobase.h ****       return __first2;
 214:c:\program files\daisytoolchain\arm-none-eabi\include\c++\10.2.1\bits\stl_algobase.h ****     }
 215:c:\program files\daisytoolchain\arm-none-eabi\include\c++\10.2.1\bits\stl_algobase.h **** 
 216:c:\program files\daisytoolchain\arm-none-eabi\include\c++\10.2.1\bits\stl_algobase.h ****   /**
 217:c:\program files\daisytoolchain\arm-none-eabi\include\c++\10.2.1\bits\stl_algobase.h ****    *  @brief This does what you think it does.
 218:c:\program files\daisytoolchain\arm-none-eabi\include\c++\10.2.1\bits\stl_algobase.h ****    *  @ingroup sorting_algorithms
 219:c:\program files\daisytoolchain\arm-none-eabi\include\c++\10.2.1\bits\stl_algobase.h ****    *  @param  __a  A thing of arbitrary type.
 220:c:\program files\daisytoolchain\arm-none-eabi\include\c++\10.2.1\bits\stl_algobase.h ****    *  @param  __b  Another thing of arbitrary type.
 221:c:\program files\daisytoolchain\arm-none-eabi\include\c++\10.2.1\bits\stl_algobase.h ****    *  @return   The lesser of the parameters.
 222:c:\program files\daisytoolchain\arm-none-eabi\include\c++\10.2.1\bits\stl_algobase.h ****    *
 223:c:\program files\daisytoolchain\arm-none-eabi\include\c++\10.2.1\bits\stl_algobase.h ****    *  This is the simple classic generic implementation.  It will work on
 224:c:\program files\daisytoolchain\arm-none-eabi\include\c++\10.2.1\bits\stl_algobase.h ****    *  temporary expressions, since they are only evaluated once, unlike a
 225:c:\program files\daisytoolchain\arm-none-eabi\include\c++\10.2.1\bits\stl_algobase.h ****    *  preprocessor macro.
 226:c:\program files\daisytoolchain\arm-none-eabi\include\c++\10.2.1\bits\stl_algobase.h ****   */
 227:c:\program files\daisytoolchain\arm-none-eabi\include\c++\10.2.1\bits\stl_algobase.h ****   template<typename _Tp>
 228:c:\program files\daisytoolchain\arm-none-eabi\include\c++\10.2.1\bits\stl_algobase.h ****     _GLIBCXX14_CONSTEXPR
 229:c:\program files\daisytoolchain\arm-none-eabi\include\c++\10.2.1\bits\stl_algobase.h ****     inline const _Tp&
 230:c:\program files\daisytoolchain\arm-none-eabi\include\c++\10.2.1\bits\stl_algobase.h ****     min(const _Tp& __a, const _Tp& __b)
 231:c:\program files\daisytoolchain\arm-none-eabi\include\c++\10.2.1\bits\stl_algobase.h ****     {
 232:c:\program files\daisytoolchain\arm-none-eabi\include\c++\10.2.1\bits\stl_algobase.h ****       // concept requirements
 233:c:\program files\daisytoolchain\arm-none-eabi\include\c++\10.2.1\bits\stl_algobase.h ****       __glibcxx_function_requires(_LessThanComparableConcept<_Tp>)
 234:c:\program files\daisytoolchain\arm-none-eabi\include\c++\10.2.1\bits\stl_algobase.h ****       //return __b < __a ? __b : __a;
 235:c:\program files\daisytoolchain\arm-none-eabi\include\c++\10.2.1\bits\stl_algobase.h ****       if (__b < __a)
 236:c:\program files\daisytoolchain\arm-none-eabi\include\c++\10.2.1\bits\stl_algobase.h **** 	return __b;
 237:c:\program files\daisytoolchain\arm-none-eabi\include\c++\10.2.1\bits\stl_algobase.h ****       return __a;
 238:c:\program files\daisytoolchain\arm-none-eabi\include\c++\10.2.1\bits\stl_algobase.h ****     }
 239:c:\program files\daisytoolchain\arm-none-eabi\include\c++\10.2.1\bits\stl_algobase.h **** 
 240:c:\program files\daisytoolchain\arm-none-eabi\include\c++\10.2.1\bits\stl_algobase.h ****   /**
 241:c:\program files\daisytoolchain\arm-none-eabi\include\c++\10.2.1\bits\stl_algobase.h ****    *  @brief This does what you think it does.
 242:c:\program files\daisytoolchain\arm-none-eabi\include\c++\10.2.1\bits\stl_algobase.h ****    *  @ingroup sorting_algorithms
 243:c:\program files\daisytoolchain\arm-none-eabi\include\c++\10.2.1\bits\stl_algobase.h ****    *  @param  __a  A thing of arbitrary type.
 244:c:\program files\daisytoolchain\arm-none-eabi\include\c++\10.2.1\bits\stl_algobase.h ****    *  @param  __b  Another thing of arbitrary type.
 245:c:\program files\daisytoolchain\arm-none-eabi\include\c++\10.2.1\bits\stl_algobase.h ****    *  @return   The greater of the parameters.
 246:c:\program files\daisytoolchain\arm-none-eabi\include\c++\10.2.1\bits\stl_algobase.h ****    *
 247:c:\program files\daisytoolchain\arm-none-eabi\include\c++\10.2.1\bits\stl_algobase.h ****    *  This is the simple classic generic implementation.  It will work on
ARM GAS  C:\Users\aydan\AppData\Local\Temp\ccbXEJPg.s 			page 56


 248:c:\program files\daisytoolchain\arm-none-eabi\include\c++\10.2.1\bits\stl_algobase.h ****    *  temporary expressions, since they are only evaluated once, unlike a
 249:c:\program files\daisytoolchain\arm-none-eabi\include\c++\10.2.1\bits\stl_algobase.h ****    *  preprocessor macro.
 250:c:\program files\daisytoolchain\arm-none-eabi\include\c++\10.2.1\bits\stl_algobase.h ****   */
 251:c:\program files\daisytoolchain\arm-none-eabi\include\c++\10.2.1\bits\stl_algobase.h ****   template<typename _Tp>
 252:c:\program files\daisytoolchain\arm-none-eabi\include\c++\10.2.1\bits\stl_algobase.h ****     _GLIBCXX14_CONSTEXPR
 253:c:\program files\daisytoolchain\arm-none-eabi\include\c++\10.2.1\bits\stl_algobase.h ****     inline const _Tp&
 254:c:\program files\daisytoolchain\arm-none-eabi\include\c++\10.2.1\bits\stl_algobase.h ****     max(const _Tp& __a, const _Tp& __b)
 255:c:\program files\daisytoolchain\arm-none-eabi\include\c++\10.2.1\bits\stl_algobase.h ****     {
 256:c:\program files\daisytoolchain\arm-none-eabi\include\c++\10.2.1\bits\stl_algobase.h ****       // concept requirements
 257:c:\program files\daisytoolchain\arm-none-eabi\include\c++\10.2.1\bits\stl_algobase.h ****       __glibcxx_function_requires(_LessThanComparableConcept<_Tp>)
 258:c:\program files\daisytoolchain\arm-none-eabi\include\c++\10.2.1\bits\stl_algobase.h ****       //return  __a < __b ? __b : __a;
 259:c:\program files\daisytoolchain\arm-none-eabi\include\c++\10.2.1\bits\stl_algobase.h ****       if (__a < __b)
 260:c:\program files\daisytoolchain\arm-none-eabi\include\c++\10.2.1\bits\stl_algobase.h **** 	return __b;
 261:c:\program files\daisytoolchain\arm-none-eabi\include\c++\10.2.1\bits\stl_algobase.h ****       return __a;
 262:c:\program files\daisytoolchain\arm-none-eabi\include\c++\10.2.1\bits\stl_algobase.h ****     }
 263:c:\program files\daisytoolchain\arm-none-eabi\include\c++\10.2.1\bits\stl_algobase.h **** 
 264:c:\program files\daisytoolchain\arm-none-eabi\include\c++\10.2.1\bits\stl_algobase.h ****   /**
 265:c:\program files\daisytoolchain\arm-none-eabi\include\c++\10.2.1\bits\stl_algobase.h ****    *  @brief This does what you think it does.
 266:c:\program files\daisytoolchain\arm-none-eabi\include\c++\10.2.1\bits\stl_algobase.h ****    *  @ingroup sorting_algorithms
 267:c:\program files\daisytoolchain\arm-none-eabi\include\c++\10.2.1\bits\stl_algobase.h ****    *  @param  __a  A thing of arbitrary type.
 268:c:\program files\daisytoolchain\arm-none-eabi\include\c++\10.2.1\bits\stl_algobase.h ****    *  @param  __b  Another thing of arbitrary type.
 269:c:\program files\daisytoolchain\arm-none-eabi\include\c++\10.2.1\bits\stl_algobase.h ****    *  @param  __comp  A @link comparison_functors comparison functor@endlink.
 270:c:\program files\daisytoolchain\arm-none-eabi\include\c++\10.2.1\bits\stl_algobase.h ****    *  @return   The lesser of the parameters.
 271:c:\program files\daisytoolchain\arm-none-eabi\include\c++\10.2.1\bits\stl_algobase.h ****    *
 272:c:\program files\daisytoolchain\arm-none-eabi\include\c++\10.2.1\bits\stl_algobase.h ****    *  This will work on temporary expressions, since they are only evaluated
 273:c:\program files\daisytoolchain\arm-none-eabi\include\c++\10.2.1\bits\stl_algobase.h ****    *  once, unlike a preprocessor macro.
 274:c:\program files\daisytoolchain\arm-none-eabi\include\c++\10.2.1\bits\stl_algobase.h ****   */
 275:c:\program files\daisytoolchain\arm-none-eabi\include\c++\10.2.1\bits\stl_algobase.h ****   template<typename _Tp, typename _Compare>
 276:c:\program files\daisytoolchain\arm-none-eabi\include\c++\10.2.1\bits\stl_algobase.h ****     _GLIBCXX14_CONSTEXPR
 277:c:\program files\daisytoolchain\arm-none-eabi\include\c++\10.2.1\bits\stl_algobase.h ****     inline const _Tp&
 278:c:\program files\daisytoolchain\arm-none-eabi\include\c++\10.2.1\bits\stl_algobase.h ****     min(const _Tp& __a, const _Tp& __b, _Compare __comp)
 279:c:\program files\daisytoolchain\arm-none-eabi\include\c++\10.2.1\bits\stl_algobase.h ****     {
 280:c:\program files\daisytoolchain\arm-none-eabi\include\c++\10.2.1\bits\stl_algobase.h ****       //return __comp(__b, __a) ? __b : __a;
 281:c:\program files\daisytoolchain\arm-none-eabi\include\c++\10.2.1\bits\stl_algobase.h ****       if (__comp(__b, __a))
 282:c:\program files\daisytoolchain\arm-none-eabi\include\c++\10.2.1\bits\stl_algobase.h **** 	return __b;
 283:c:\program files\daisytoolchain\arm-none-eabi\include\c++\10.2.1\bits\stl_algobase.h ****       return __a;
 284:c:\program files\daisytoolchain\arm-none-eabi\include\c++\10.2.1\bits\stl_algobase.h ****     }
 285:c:\program files\daisytoolchain\arm-none-eabi\include\c++\10.2.1\bits\stl_algobase.h **** 
 286:c:\program files\daisytoolchain\arm-none-eabi\include\c++\10.2.1\bits\stl_algobase.h ****   /**
 287:c:\program files\daisytoolchain\arm-none-eabi\include\c++\10.2.1\bits\stl_algobase.h ****    *  @brief This does what you think it does.
 288:c:\program files\daisytoolchain\arm-none-eabi\include\c++\10.2.1\bits\stl_algobase.h ****    *  @ingroup sorting_algorithms
 289:c:\program files\daisytoolchain\arm-none-eabi\include\c++\10.2.1\bits\stl_algobase.h ****    *  @param  __a  A thing of arbitrary type.
 290:c:\program files\daisytoolchain\arm-none-eabi\include\c++\10.2.1\bits\stl_algobase.h ****    *  @param  __b  Another thing of arbitrary type.
 291:c:\program files\daisytoolchain\arm-none-eabi\include\c++\10.2.1\bits\stl_algobase.h ****    *  @param  __comp  A @link comparison_functors comparison functor@endlink.
 292:c:\program files\daisytoolchain\arm-none-eabi\include\c++\10.2.1\bits\stl_algobase.h ****    *  @return   The greater of the parameters.
 293:c:\program files\daisytoolchain\arm-none-eabi\include\c++\10.2.1\bits\stl_algobase.h ****    *
 294:c:\program files\daisytoolchain\arm-none-eabi\include\c++\10.2.1\bits\stl_algobase.h ****    *  This will work on temporary expressions, since they are only evaluated
 295:c:\program files\daisytoolchain\arm-none-eabi\include\c++\10.2.1\bits\stl_algobase.h ****    *  once, unlike a preprocessor macro.
 296:c:\program files\daisytoolchain\arm-none-eabi\include\c++\10.2.1\bits\stl_algobase.h ****   */
 297:c:\program files\daisytoolchain\arm-none-eabi\include\c++\10.2.1\bits\stl_algobase.h ****   template<typename _Tp, typename _Compare>
 298:c:\program files\daisytoolchain\arm-none-eabi\include\c++\10.2.1\bits\stl_algobase.h ****     _GLIBCXX14_CONSTEXPR
 299:c:\program files\daisytoolchain\arm-none-eabi\include\c++\10.2.1\bits\stl_algobase.h ****     inline const _Tp&
 300:c:\program files\daisytoolchain\arm-none-eabi\include\c++\10.2.1\bits\stl_algobase.h ****     max(const _Tp& __a, const _Tp& __b, _Compare __comp)
 301:c:\program files\daisytoolchain\arm-none-eabi\include\c++\10.2.1\bits\stl_algobase.h ****     {
 302:c:\program files\daisytoolchain\arm-none-eabi\include\c++\10.2.1\bits\stl_algobase.h ****       //return __comp(__a, __b) ? __b : __a;
 303:c:\program files\daisytoolchain\arm-none-eabi\include\c++\10.2.1\bits\stl_algobase.h ****       if (__comp(__a, __b))
 304:c:\program files\daisytoolchain\arm-none-eabi\include\c++\10.2.1\bits\stl_algobase.h **** 	return __b;
ARM GAS  C:\Users\aydan\AppData\Local\Temp\ccbXEJPg.s 			page 57


 305:c:\program files\daisytoolchain\arm-none-eabi\include\c++\10.2.1\bits\stl_algobase.h ****       return __a;
 306:c:\program files\daisytoolchain\arm-none-eabi\include\c++\10.2.1\bits\stl_algobase.h ****     }
 307:c:\program files\daisytoolchain\arm-none-eabi\include\c++\10.2.1\bits\stl_algobase.h **** 
 308:c:\program files\daisytoolchain\arm-none-eabi\include\c++\10.2.1\bits\stl_algobase.h ****   // Fallback implementation of the function in bits/stl_iterator.h used to
 309:c:\program files\daisytoolchain\arm-none-eabi\include\c++\10.2.1\bits\stl_algobase.h ****   // remove the __normal_iterator wrapper. See copy, fill, ...
 310:c:\program files\daisytoolchain\arm-none-eabi\include\c++\10.2.1\bits\stl_algobase.h ****   template<typename _Iterator>
 311:c:\program files\daisytoolchain\arm-none-eabi\include\c++\10.2.1\bits\stl_algobase.h ****     _GLIBCXX20_CONSTEXPR
 312:c:\program files\daisytoolchain\arm-none-eabi\include\c++\10.2.1\bits\stl_algobase.h ****     inline _Iterator
 313:c:\program files\daisytoolchain\arm-none-eabi\include\c++\10.2.1\bits\stl_algobase.h ****     __niter_base(_Iterator __it)
 314:c:\program files\daisytoolchain\arm-none-eabi\include\c++\10.2.1\bits\stl_algobase.h ****     _GLIBCXX_NOEXCEPT_IF(std::is_nothrow_copy_constructible<_Iterator>::value)
 315:c:\program files\daisytoolchain\arm-none-eabi\include\c++\10.2.1\bits\stl_algobase.h ****     { return __it; }
 316:c:\program files\daisytoolchain\arm-none-eabi\include\c++\10.2.1\bits\stl_algobase.h **** 
 317:c:\program files\daisytoolchain\arm-none-eabi\include\c++\10.2.1\bits\stl_algobase.h ****   // Reverse the __niter_base transformation to get a
 318:c:\program files\daisytoolchain\arm-none-eabi\include\c++\10.2.1\bits\stl_algobase.h ****   // __normal_iterator back again (this assumes that __normal_iterator
 319:c:\program files\daisytoolchain\arm-none-eabi\include\c++\10.2.1\bits\stl_algobase.h ****   // is only used to wrap random access iterators, like pointers).
 320:c:\program files\daisytoolchain\arm-none-eabi\include\c++\10.2.1\bits\stl_algobase.h ****   template<typename _From, typename _To>
 321:c:\program files\daisytoolchain\arm-none-eabi\include\c++\10.2.1\bits\stl_algobase.h ****     _GLIBCXX20_CONSTEXPR
 322:c:\program files\daisytoolchain\arm-none-eabi\include\c++\10.2.1\bits\stl_algobase.h ****     inline _From
 323:c:\program files\daisytoolchain\arm-none-eabi\include\c++\10.2.1\bits\stl_algobase.h ****     __niter_wrap(_From __from, _To __res)
 324:c:\program files\daisytoolchain\arm-none-eabi\include\c++\10.2.1\bits\stl_algobase.h ****     { return __from + (__res - std::__niter_base(__from)); }
 325:c:\program files\daisytoolchain\arm-none-eabi\include\c++\10.2.1\bits\stl_algobase.h **** 
 326:c:\program files\daisytoolchain\arm-none-eabi\include\c++\10.2.1\bits\stl_algobase.h ****   // No need to wrap, iterator already has the right type.
 327:c:\program files\daisytoolchain\arm-none-eabi\include\c++\10.2.1\bits\stl_algobase.h ****   template<typename _Iterator>
 328:c:\program files\daisytoolchain\arm-none-eabi\include\c++\10.2.1\bits\stl_algobase.h ****     _GLIBCXX20_CONSTEXPR
 329:c:\program files\daisytoolchain\arm-none-eabi\include\c++\10.2.1\bits\stl_algobase.h ****     inline _Iterator
 330:c:\program files\daisytoolchain\arm-none-eabi\include\c++\10.2.1\bits\stl_algobase.h ****     __niter_wrap(const _Iterator&, _Iterator __res)
 331:c:\program files\daisytoolchain\arm-none-eabi\include\c++\10.2.1\bits\stl_algobase.h ****     { return __res; }
 332:c:\program files\daisytoolchain\arm-none-eabi\include\c++\10.2.1\bits\stl_algobase.h **** 
 333:c:\program files\daisytoolchain\arm-none-eabi\include\c++\10.2.1\bits\stl_algobase.h ****   // All of these auxiliary structs serve two purposes.  (1) Replace
 334:c:\program files\daisytoolchain\arm-none-eabi\include\c++\10.2.1\bits\stl_algobase.h ****   // calls to copy with memmove whenever possible.  (Memmove, not memcpy,
 335:c:\program files\daisytoolchain\arm-none-eabi\include\c++\10.2.1\bits\stl_algobase.h ****   // because the input and output ranges are permitted to overlap.)
 336:c:\program files\daisytoolchain\arm-none-eabi\include\c++\10.2.1\bits\stl_algobase.h ****   // (2) If we're using random access iterators, then write the loop as
 337:c:\program files\daisytoolchain\arm-none-eabi\include\c++\10.2.1\bits\stl_algobase.h ****   // a for loop with an explicit count.
 338:c:\program files\daisytoolchain\arm-none-eabi\include\c++\10.2.1\bits\stl_algobase.h **** 
 339:c:\program files\daisytoolchain\arm-none-eabi\include\c++\10.2.1\bits\stl_algobase.h ****   template<bool _IsMove, bool _IsSimple, typename _Category>
 340:c:\program files\daisytoolchain\arm-none-eabi\include\c++\10.2.1\bits\stl_algobase.h ****     struct __copy_move
 341:c:\program files\daisytoolchain\arm-none-eabi\include\c++\10.2.1\bits\stl_algobase.h ****     {
 342:c:\program files\daisytoolchain\arm-none-eabi\include\c++\10.2.1\bits\stl_algobase.h ****       template<typename _II, typename _OI>
 343:c:\program files\daisytoolchain\arm-none-eabi\include\c++\10.2.1\bits\stl_algobase.h **** 	_GLIBCXX20_CONSTEXPR
 344:c:\program files\daisytoolchain\arm-none-eabi\include\c++\10.2.1\bits\stl_algobase.h **** 	static _OI
 345:c:\program files\daisytoolchain\arm-none-eabi\include\c++\10.2.1\bits\stl_algobase.h **** 	__copy_m(_II __first, _II __last, _OI __result)
 346:c:\program files\daisytoolchain\arm-none-eabi\include\c++\10.2.1\bits\stl_algobase.h **** 	{
 347:c:\program files\daisytoolchain\arm-none-eabi\include\c++\10.2.1\bits\stl_algobase.h **** 	  for (; __first != __last; ++__result, (void)++__first)
 348:c:\program files\daisytoolchain\arm-none-eabi\include\c++\10.2.1\bits\stl_algobase.h **** 	    *__result = *__first;
 349:c:\program files\daisytoolchain\arm-none-eabi\include\c++\10.2.1\bits\stl_algobase.h **** 	  return __result;
 350:c:\program files\daisytoolchain\arm-none-eabi\include\c++\10.2.1\bits\stl_algobase.h **** 	}
 351:c:\program files\daisytoolchain\arm-none-eabi\include\c++\10.2.1\bits\stl_algobase.h ****     };
 352:c:\program files\daisytoolchain\arm-none-eabi\include\c++\10.2.1\bits\stl_algobase.h **** 
 353:c:\program files\daisytoolchain\arm-none-eabi\include\c++\10.2.1\bits\stl_algobase.h **** #if __cplusplus >= 201103L
 354:c:\program files\daisytoolchain\arm-none-eabi\include\c++\10.2.1\bits\stl_algobase.h ****   template<typename _Category>
 355:c:\program files\daisytoolchain\arm-none-eabi\include\c++\10.2.1\bits\stl_algobase.h ****     struct __copy_move<true, false, _Category>
 356:c:\program files\daisytoolchain\arm-none-eabi\include\c++\10.2.1\bits\stl_algobase.h ****     {
 357:c:\program files\daisytoolchain\arm-none-eabi\include\c++\10.2.1\bits\stl_algobase.h ****       template<typename _II, typename _OI>
 358:c:\program files\daisytoolchain\arm-none-eabi\include\c++\10.2.1\bits\stl_algobase.h **** 	_GLIBCXX20_CONSTEXPR
 359:c:\program files\daisytoolchain\arm-none-eabi\include\c++\10.2.1\bits\stl_algobase.h **** 	static _OI
 360:c:\program files\daisytoolchain\arm-none-eabi\include\c++\10.2.1\bits\stl_algobase.h **** 	__copy_m(_II __first, _II __last, _OI __result)
 361:c:\program files\daisytoolchain\arm-none-eabi\include\c++\10.2.1\bits\stl_algobase.h **** 	{
ARM GAS  C:\Users\aydan\AppData\Local\Temp\ccbXEJPg.s 			page 58


 362:c:\program files\daisytoolchain\arm-none-eabi\include\c++\10.2.1\bits\stl_algobase.h **** 	  for (; __first != __last; ++__result, (void)++__first)
 363:c:\program files\daisytoolchain\arm-none-eabi\include\c++\10.2.1\bits\stl_algobase.h **** 	    *__result = std::move(*__first);
 364:c:\program files\daisytoolchain\arm-none-eabi\include\c++\10.2.1\bits\stl_algobase.h **** 	  return __result;
 365:c:\program files\daisytoolchain\arm-none-eabi\include\c++\10.2.1\bits\stl_algobase.h **** 	}
 366:c:\program files\daisytoolchain\arm-none-eabi\include\c++\10.2.1\bits\stl_algobase.h ****     };
 367:c:\program files\daisytoolchain\arm-none-eabi\include\c++\10.2.1\bits\stl_algobase.h **** #endif
 368:c:\program files\daisytoolchain\arm-none-eabi\include\c++\10.2.1\bits\stl_algobase.h **** 
 369:c:\program files\daisytoolchain\arm-none-eabi\include\c++\10.2.1\bits\stl_algobase.h ****   template<>
 370:c:\program files\daisytoolchain\arm-none-eabi\include\c++\10.2.1\bits\stl_algobase.h ****     struct __copy_move<false, false, random_access_iterator_tag>
 371:c:\program files\daisytoolchain\arm-none-eabi\include\c++\10.2.1\bits\stl_algobase.h ****     {
 372:c:\program files\daisytoolchain\arm-none-eabi\include\c++\10.2.1\bits\stl_algobase.h ****       template<typename _II, typename _OI>
 373:c:\program files\daisytoolchain\arm-none-eabi\include\c++\10.2.1\bits\stl_algobase.h **** 	_GLIBCXX20_CONSTEXPR
 374:c:\program files\daisytoolchain\arm-none-eabi\include\c++\10.2.1\bits\stl_algobase.h **** 	static _OI
 375:c:\program files\daisytoolchain\arm-none-eabi\include\c++\10.2.1\bits\stl_algobase.h **** 	__copy_m(_II __first, _II __last, _OI __result)
 376:c:\program files\daisytoolchain\arm-none-eabi\include\c++\10.2.1\bits\stl_algobase.h **** 	{
 377:c:\program files\daisytoolchain\arm-none-eabi\include\c++\10.2.1\bits\stl_algobase.h **** 	  typedef typename iterator_traits<_II>::difference_type _Distance;
 378:c:\program files\daisytoolchain\arm-none-eabi\include\c++\10.2.1\bits\stl_algobase.h **** 	  for(_Distance __n = __last - __first; __n > 0; --__n)
 379:c:\program files\daisytoolchain\arm-none-eabi\include\c++\10.2.1\bits\stl_algobase.h **** 	    {
 380:c:\program files\daisytoolchain\arm-none-eabi\include\c++\10.2.1\bits\stl_algobase.h **** 	      *__result = *__first;
 381:c:\program files\daisytoolchain\arm-none-eabi\include\c++\10.2.1\bits\stl_algobase.h **** 	      ++__first;
 382:c:\program files\daisytoolchain\arm-none-eabi\include\c++\10.2.1\bits\stl_algobase.h **** 	      ++__result;
 383:c:\program files\daisytoolchain\arm-none-eabi\include\c++\10.2.1\bits\stl_algobase.h **** 	    }
 384:c:\program files\daisytoolchain\arm-none-eabi\include\c++\10.2.1\bits\stl_algobase.h **** 	  return __result;
 385:c:\program files\daisytoolchain\arm-none-eabi\include\c++\10.2.1\bits\stl_algobase.h **** 	}
 386:c:\program files\daisytoolchain\arm-none-eabi\include\c++\10.2.1\bits\stl_algobase.h ****     };
 387:c:\program files\daisytoolchain\arm-none-eabi\include\c++\10.2.1\bits\stl_algobase.h **** 
 388:c:\program files\daisytoolchain\arm-none-eabi\include\c++\10.2.1\bits\stl_algobase.h **** #if __cplusplus >= 201103L
 389:c:\program files\daisytoolchain\arm-none-eabi\include\c++\10.2.1\bits\stl_algobase.h ****   template<>
 390:c:\program files\daisytoolchain\arm-none-eabi\include\c++\10.2.1\bits\stl_algobase.h ****     struct __copy_move<true, false, random_access_iterator_tag>
 391:c:\program files\daisytoolchain\arm-none-eabi\include\c++\10.2.1\bits\stl_algobase.h ****     {
 392:c:\program files\daisytoolchain\arm-none-eabi\include\c++\10.2.1\bits\stl_algobase.h ****       template<typename _II, typename _OI>
 393:c:\program files\daisytoolchain\arm-none-eabi\include\c++\10.2.1\bits\stl_algobase.h **** 	_GLIBCXX20_CONSTEXPR
 394:c:\program files\daisytoolchain\arm-none-eabi\include\c++\10.2.1\bits\stl_algobase.h **** 	static _OI
 395:c:\program files\daisytoolchain\arm-none-eabi\include\c++\10.2.1\bits\stl_algobase.h **** 	__copy_m(_II __first, _II __last, _OI __result)
 396:c:\program files\daisytoolchain\arm-none-eabi\include\c++\10.2.1\bits\stl_algobase.h **** 	{
 397:c:\program files\daisytoolchain\arm-none-eabi\include\c++\10.2.1\bits\stl_algobase.h **** 	  typedef typename iterator_traits<_II>::difference_type _Distance;
 398:c:\program files\daisytoolchain\arm-none-eabi\include\c++\10.2.1\bits\stl_algobase.h **** 	  for(_Distance __n = __last - __first; __n > 0; --__n)
 399:c:\program files\daisytoolchain\arm-none-eabi\include\c++\10.2.1\bits\stl_algobase.h **** 	    {
 400:c:\program files\daisytoolchain\arm-none-eabi\include\c++\10.2.1\bits\stl_algobase.h **** 	      *__result = std::move(*__first);
 401:c:\program files\daisytoolchain\arm-none-eabi\include\c++\10.2.1\bits\stl_algobase.h **** 	      ++__first;
 402:c:\program files\daisytoolchain\arm-none-eabi\include\c++\10.2.1\bits\stl_algobase.h **** 	      ++__result;
 403:c:\program files\daisytoolchain\arm-none-eabi\include\c++\10.2.1\bits\stl_algobase.h **** 	    }
 404:c:\program files\daisytoolchain\arm-none-eabi\include\c++\10.2.1\bits\stl_algobase.h **** 	  return __result;
 405:c:\program files\daisytoolchain\arm-none-eabi\include\c++\10.2.1\bits\stl_algobase.h **** 	}
 406:c:\program files\daisytoolchain\arm-none-eabi\include\c++\10.2.1\bits\stl_algobase.h ****     };
 407:c:\program files\daisytoolchain\arm-none-eabi\include\c++\10.2.1\bits\stl_algobase.h **** #endif
 408:c:\program files\daisytoolchain\arm-none-eabi\include\c++\10.2.1\bits\stl_algobase.h **** 
 409:c:\program files\daisytoolchain\arm-none-eabi\include\c++\10.2.1\bits\stl_algobase.h ****   template<bool _IsMove>
 410:c:\program files\daisytoolchain\arm-none-eabi\include\c++\10.2.1\bits\stl_algobase.h ****     struct __copy_move<_IsMove, true, random_access_iterator_tag>
 411:c:\program files\daisytoolchain\arm-none-eabi\include\c++\10.2.1\bits\stl_algobase.h ****     {
 412:c:\program files\daisytoolchain\arm-none-eabi\include\c++\10.2.1\bits\stl_algobase.h ****       template<typename _Tp>
 413:c:\program files\daisytoolchain\arm-none-eabi\include\c++\10.2.1\bits\stl_algobase.h **** 	_GLIBCXX20_CONSTEXPR
 414:c:\program files\daisytoolchain\arm-none-eabi\include\c++\10.2.1\bits\stl_algobase.h **** 	static _Tp*
 415:c:\program files\daisytoolchain\arm-none-eabi\include\c++\10.2.1\bits\stl_algobase.h **** 	__copy_m(const _Tp* __first, const _Tp* __last, _Tp* __result)
 416:c:\program files\daisytoolchain\arm-none-eabi\include\c++\10.2.1\bits\stl_algobase.h **** 	{
 417:c:\program files\daisytoolchain\arm-none-eabi\include\c++\10.2.1\bits\stl_algobase.h **** #if __cplusplus >= 201103L
 418:c:\program files\daisytoolchain\arm-none-eabi\include\c++\10.2.1\bits\stl_algobase.h **** 	  using __assignable = conditional<_IsMove,
ARM GAS  C:\Users\aydan\AppData\Local\Temp\ccbXEJPg.s 			page 59


 419:c:\program files\daisytoolchain\arm-none-eabi\include\c++\10.2.1\bits\stl_algobase.h **** 					   is_move_assignable<_Tp>,
 420:c:\program files\daisytoolchain\arm-none-eabi\include\c++\10.2.1\bits\stl_algobase.h **** 					   is_copy_assignable<_Tp>>;
 421:c:\program files\daisytoolchain\arm-none-eabi\include\c++\10.2.1\bits\stl_algobase.h **** 	  // trivial types can have deleted assignment
 422:c:\program files\daisytoolchain\arm-none-eabi\include\c++\10.2.1\bits\stl_algobase.h **** 	  static_assert( __assignable::type::value, "type is not assignable" );
 423:c:\program files\daisytoolchain\arm-none-eabi\include\c++\10.2.1\bits\stl_algobase.h **** #endif
 424:c:\program files\daisytoolchain\arm-none-eabi\include\c++\10.2.1\bits\stl_algobase.h **** 	  const ptrdiff_t _Num = __last - __first;
 425:c:\program files\daisytoolchain\arm-none-eabi\include\c++\10.2.1\bits\stl_algobase.h **** 	  if (_Num)
 426:c:\program files\daisytoolchain\arm-none-eabi\include\c++\10.2.1\bits\stl_algobase.h **** 	    __builtin_memmove(__result, __first, sizeof(_Tp) * _Num);
 427:c:\program files\daisytoolchain\arm-none-eabi\include\c++\10.2.1\bits\stl_algobase.h **** 	  return __result + _Num;
 428:c:\program files\daisytoolchain\arm-none-eabi\include\c++\10.2.1\bits\stl_algobase.h **** 	}
 429:c:\program files\daisytoolchain\arm-none-eabi\include\c++\10.2.1\bits\stl_algobase.h ****     };
 430:c:\program files\daisytoolchain\arm-none-eabi\include\c++\10.2.1\bits\stl_algobase.h **** 
 431:c:\program files\daisytoolchain\arm-none-eabi\include\c++\10.2.1\bits\stl_algobase.h ****   // Helpers for streambuf iterators (either istream or ostream).
 432:c:\program files\daisytoolchain\arm-none-eabi\include\c++\10.2.1\bits\stl_algobase.h ****   // NB: avoid including <iosfwd>, relatively large.
 433:c:\program files\daisytoolchain\arm-none-eabi\include\c++\10.2.1\bits\stl_algobase.h ****   template<typename _CharT>
 434:c:\program files\daisytoolchain\arm-none-eabi\include\c++\10.2.1\bits\stl_algobase.h ****     struct char_traits;
 435:c:\program files\daisytoolchain\arm-none-eabi\include\c++\10.2.1\bits\stl_algobase.h **** 
 436:c:\program files\daisytoolchain\arm-none-eabi\include\c++\10.2.1\bits\stl_algobase.h ****   template<typename _CharT, typename _Traits>
 437:c:\program files\daisytoolchain\arm-none-eabi\include\c++\10.2.1\bits\stl_algobase.h ****     class istreambuf_iterator;
 438:c:\program files\daisytoolchain\arm-none-eabi\include\c++\10.2.1\bits\stl_algobase.h **** 
 439:c:\program files\daisytoolchain\arm-none-eabi\include\c++\10.2.1\bits\stl_algobase.h ****   template<typename _CharT, typename _Traits>
 440:c:\program files\daisytoolchain\arm-none-eabi\include\c++\10.2.1\bits\stl_algobase.h ****     class ostreambuf_iterator;
 441:c:\program files\daisytoolchain\arm-none-eabi\include\c++\10.2.1\bits\stl_algobase.h **** 
 442:c:\program files\daisytoolchain\arm-none-eabi\include\c++\10.2.1\bits\stl_algobase.h ****   template<bool _IsMove, typename _CharT>
 443:c:\program files\daisytoolchain\arm-none-eabi\include\c++\10.2.1\bits\stl_algobase.h ****     typename __gnu_cxx::__enable_if<__is_char<_CharT>::__value,
 444:c:\program files\daisytoolchain\arm-none-eabi\include\c++\10.2.1\bits\stl_algobase.h **** 	     ostreambuf_iterator<_CharT, char_traits<_CharT> > >::__type
 445:c:\program files\daisytoolchain\arm-none-eabi\include\c++\10.2.1\bits\stl_algobase.h ****     __copy_move_a2(_CharT*, _CharT*,
 446:c:\program files\daisytoolchain\arm-none-eabi\include\c++\10.2.1\bits\stl_algobase.h **** 		   ostreambuf_iterator<_CharT, char_traits<_CharT> >);
 447:c:\program files\daisytoolchain\arm-none-eabi\include\c++\10.2.1\bits\stl_algobase.h **** 
 448:c:\program files\daisytoolchain\arm-none-eabi\include\c++\10.2.1\bits\stl_algobase.h ****   template<bool _IsMove, typename _CharT>
 449:c:\program files\daisytoolchain\arm-none-eabi\include\c++\10.2.1\bits\stl_algobase.h ****     typename __gnu_cxx::__enable_if<__is_char<_CharT>::__value,
 450:c:\program files\daisytoolchain\arm-none-eabi\include\c++\10.2.1\bits\stl_algobase.h **** 	     ostreambuf_iterator<_CharT, char_traits<_CharT> > >::__type
 451:c:\program files\daisytoolchain\arm-none-eabi\include\c++\10.2.1\bits\stl_algobase.h ****     __copy_move_a2(const _CharT*, const _CharT*,
 452:c:\program files\daisytoolchain\arm-none-eabi\include\c++\10.2.1\bits\stl_algobase.h **** 		   ostreambuf_iterator<_CharT, char_traits<_CharT> >);
 453:c:\program files\daisytoolchain\arm-none-eabi\include\c++\10.2.1\bits\stl_algobase.h **** 
 454:c:\program files\daisytoolchain\arm-none-eabi\include\c++\10.2.1\bits\stl_algobase.h ****   template<bool _IsMove, typename _CharT>
 455:c:\program files\daisytoolchain\arm-none-eabi\include\c++\10.2.1\bits\stl_algobase.h ****     typename __gnu_cxx::__enable_if<__is_char<_CharT>::__value,
 456:c:\program files\daisytoolchain\arm-none-eabi\include\c++\10.2.1\bits\stl_algobase.h **** 				    _CharT*>::__type
 457:c:\program files\daisytoolchain\arm-none-eabi\include\c++\10.2.1\bits\stl_algobase.h ****     __copy_move_a2(istreambuf_iterator<_CharT, char_traits<_CharT> >,
 458:c:\program files\daisytoolchain\arm-none-eabi\include\c++\10.2.1\bits\stl_algobase.h **** 		   istreambuf_iterator<_CharT, char_traits<_CharT> >, _CharT*);
 459:c:\program files\daisytoolchain\arm-none-eabi\include\c++\10.2.1\bits\stl_algobase.h **** 
 460:c:\program files\daisytoolchain\arm-none-eabi\include\c++\10.2.1\bits\stl_algobase.h ****   template<bool _IsMove, typename _II, typename _OI>
 461:c:\program files\daisytoolchain\arm-none-eabi\include\c++\10.2.1\bits\stl_algobase.h ****     _GLIBCXX20_CONSTEXPR
 462:c:\program files\daisytoolchain\arm-none-eabi\include\c++\10.2.1\bits\stl_algobase.h ****     inline _OI
 463:c:\program files\daisytoolchain\arm-none-eabi\include\c++\10.2.1\bits\stl_algobase.h ****     __copy_move_a2(_II __first, _II __last, _OI __result)
 464:c:\program files\daisytoolchain\arm-none-eabi\include\c++\10.2.1\bits\stl_algobase.h ****     {
 465:c:\program files\daisytoolchain\arm-none-eabi\include\c++\10.2.1\bits\stl_algobase.h ****       typedef typename iterator_traits<_II>::iterator_category _Category;
 466:c:\program files\daisytoolchain\arm-none-eabi\include\c++\10.2.1\bits\stl_algobase.h **** #ifdef __cpp_lib_is_constant_evaluated
 467:c:\program files\daisytoolchain\arm-none-eabi\include\c++\10.2.1\bits\stl_algobase.h ****       if (std::is_constant_evaluated())
 468:c:\program files\daisytoolchain\arm-none-eabi\include\c++\10.2.1\bits\stl_algobase.h **** 	return std::__copy_move<_IsMove, false, _Category>::
 469:c:\program files\daisytoolchain\arm-none-eabi\include\c++\10.2.1\bits\stl_algobase.h **** 	  __copy_m(__first, __last, __result);
 470:c:\program files\daisytoolchain\arm-none-eabi\include\c++\10.2.1\bits\stl_algobase.h **** #endif
 471:c:\program files\daisytoolchain\arm-none-eabi\include\c++\10.2.1\bits\stl_algobase.h ****       return std::__copy_move<_IsMove, __memcpyable<_OI, _II>::__value,
 472:c:\program files\daisytoolchain\arm-none-eabi\include\c++\10.2.1\bits\stl_algobase.h **** 			      _Category>::__copy_m(__first, __last, __result);
 473:c:\program files\daisytoolchain\arm-none-eabi\include\c++\10.2.1\bits\stl_algobase.h ****     }
 474:c:\program files\daisytoolchain\arm-none-eabi\include\c++\10.2.1\bits\stl_algobase.h **** 
 475:c:\program files\daisytoolchain\arm-none-eabi\include\c++\10.2.1\bits\stl_algobase.h **** _GLIBCXX_BEGIN_NAMESPACE_CONTAINER
ARM GAS  C:\Users\aydan\AppData\Local\Temp\ccbXEJPg.s 			page 60


 476:c:\program files\daisytoolchain\arm-none-eabi\include\c++\10.2.1\bits\stl_algobase.h **** 
 477:c:\program files\daisytoolchain\arm-none-eabi\include\c++\10.2.1\bits\stl_algobase.h ****   template<typename _Tp, typename _Ref, typename _Ptr>
 478:c:\program files\daisytoolchain\arm-none-eabi\include\c++\10.2.1\bits\stl_algobase.h ****     struct _Deque_iterator;
 479:c:\program files\daisytoolchain\arm-none-eabi\include\c++\10.2.1\bits\stl_algobase.h **** 
 480:c:\program files\daisytoolchain\arm-none-eabi\include\c++\10.2.1\bits\stl_algobase.h **** _GLIBCXX_END_NAMESPACE_CONTAINER
 481:c:\program files\daisytoolchain\arm-none-eabi\include\c++\10.2.1\bits\stl_algobase.h **** 
 482:c:\program files\daisytoolchain\arm-none-eabi\include\c++\10.2.1\bits\stl_algobase.h ****   template<bool _IsMove,
 483:c:\program files\daisytoolchain\arm-none-eabi\include\c++\10.2.1\bits\stl_algobase.h **** 	   typename _Tp, typename _Ref, typename _Ptr, typename _OI>
 484:c:\program files\daisytoolchain\arm-none-eabi\include\c++\10.2.1\bits\stl_algobase.h ****     _OI
 485:c:\program files\daisytoolchain\arm-none-eabi\include\c++\10.2.1\bits\stl_algobase.h ****     __copy_move_a1(_GLIBCXX_STD_C::_Deque_iterator<_Tp, _Ref, _Ptr>,
 486:c:\program files\daisytoolchain\arm-none-eabi\include\c++\10.2.1\bits\stl_algobase.h **** 		   _GLIBCXX_STD_C::_Deque_iterator<_Tp, _Ref, _Ptr>,
 487:c:\program files\daisytoolchain\arm-none-eabi\include\c++\10.2.1\bits\stl_algobase.h **** 		   _OI);
 488:c:\program files\daisytoolchain\arm-none-eabi\include\c++\10.2.1\bits\stl_algobase.h **** 
 489:c:\program files\daisytoolchain\arm-none-eabi\include\c++\10.2.1\bits\stl_algobase.h ****   template<bool _IsMove,
 490:c:\program files\daisytoolchain\arm-none-eabi\include\c++\10.2.1\bits\stl_algobase.h **** 	   typename _ITp, typename _IRef, typename _IPtr, typename _OTp>
 491:c:\program files\daisytoolchain\arm-none-eabi\include\c++\10.2.1\bits\stl_algobase.h ****     _GLIBCXX_STD_C::_Deque_iterator<_OTp, _OTp&, _OTp*>
 492:c:\program files\daisytoolchain\arm-none-eabi\include\c++\10.2.1\bits\stl_algobase.h ****     __copy_move_a1(_GLIBCXX_STD_C::_Deque_iterator<_ITp, _IRef, _IPtr>,
 493:c:\program files\daisytoolchain\arm-none-eabi\include\c++\10.2.1\bits\stl_algobase.h **** 		   _GLIBCXX_STD_C::_Deque_iterator<_ITp, _IRef, _IPtr>,
 494:c:\program files\daisytoolchain\arm-none-eabi\include\c++\10.2.1\bits\stl_algobase.h **** 		   _GLIBCXX_STD_C::_Deque_iterator<_OTp, _OTp&, _OTp*>);
 495:c:\program files\daisytoolchain\arm-none-eabi\include\c++\10.2.1\bits\stl_algobase.h **** 
 496:c:\program files\daisytoolchain\arm-none-eabi\include\c++\10.2.1\bits\stl_algobase.h ****   template<bool _IsMove, typename _II, typename _Tp>
 497:c:\program files\daisytoolchain\arm-none-eabi\include\c++\10.2.1\bits\stl_algobase.h ****     typename __gnu_cxx::__enable_if<
 498:c:\program files\daisytoolchain\arm-none-eabi\include\c++\10.2.1\bits\stl_algobase.h ****       __is_random_access_iter<_II>::__value,
 499:c:\program files\daisytoolchain\arm-none-eabi\include\c++\10.2.1\bits\stl_algobase.h ****       _GLIBCXX_STD_C::_Deque_iterator<_Tp, _Tp&, _Tp*> >::__type
 500:c:\program files\daisytoolchain\arm-none-eabi\include\c++\10.2.1\bits\stl_algobase.h ****     __copy_move_a1(_II, _II, _GLIBCXX_STD_C::_Deque_iterator<_Tp, _Tp&, _Tp*>);
 501:c:\program files\daisytoolchain\arm-none-eabi\include\c++\10.2.1\bits\stl_algobase.h **** 
 502:c:\program files\daisytoolchain\arm-none-eabi\include\c++\10.2.1\bits\stl_algobase.h ****   template<bool _IsMove, typename _II, typename _OI>
 503:c:\program files\daisytoolchain\arm-none-eabi\include\c++\10.2.1\bits\stl_algobase.h ****     _GLIBCXX20_CONSTEXPR
 504:c:\program files\daisytoolchain\arm-none-eabi\include\c++\10.2.1\bits\stl_algobase.h ****     inline _OI
 505:c:\program files\daisytoolchain\arm-none-eabi\include\c++\10.2.1\bits\stl_algobase.h ****     __copy_move_a1(_II __first, _II __last, _OI __result)
 506:c:\program files\daisytoolchain\arm-none-eabi\include\c++\10.2.1\bits\stl_algobase.h ****     { return std::__copy_move_a2<_IsMove>(__first, __last, __result); }
 507:c:\program files\daisytoolchain\arm-none-eabi\include\c++\10.2.1\bits\stl_algobase.h **** 
 508:c:\program files\daisytoolchain\arm-none-eabi\include\c++\10.2.1\bits\stl_algobase.h ****   template<bool _IsMove, typename _II, typename _OI>
 509:c:\program files\daisytoolchain\arm-none-eabi\include\c++\10.2.1\bits\stl_algobase.h ****     _GLIBCXX20_CONSTEXPR
 510:c:\program files\daisytoolchain\arm-none-eabi\include\c++\10.2.1\bits\stl_algobase.h ****     inline _OI
 511:c:\program files\daisytoolchain\arm-none-eabi\include\c++\10.2.1\bits\stl_algobase.h ****     __copy_move_a(_II __first, _II __last, _OI __result)
 512:c:\program files\daisytoolchain\arm-none-eabi\include\c++\10.2.1\bits\stl_algobase.h ****     {
 513:c:\program files\daisytoolchain\arm-none-eabi\include\c++\10.2.1\bits\stl_algobase.h ****       return std::__niter_wrap(__result,
 514:c:\program files\daisytoolchain\arm-none-eabi\include\c++\10.2.1\bits\stl_algobase.h **** 		std::__copy_move_a1<_IsMove>(std::__niter_base(__first),
 515:c:\program files\daisytoolchain\arm-none-eabi\include\c++\10.2.1\bits\stl_algobase.h **** 					     std::__niter_base(__last),
 516:c:\program files\daisytoolchain\arm-none-eabi\include\c++\10.2.1\bits\stl_algobase.h **** 					     std::__niter_base(__result)));
 517:c:\program files\daisytoolchain\arm-none-eabi\include\c++\10.2.1\bits\stl_algobase.h ****     }
 518:c:\program files\daisytoolchain\arm-none-eabi\include\c++\10.2.1\bits\stl_algobase.h **** 
 519:c:\program files\daisytoolchain\arm-none-eabi\include\c++\10.2.1\bits\stl_algobase.h ****   template<bool _IsMove,
 520:c:\program files\daisytoolchain\arm-none-eabi\include\c++\10.2.1\bits\stl_algobase.h **** 	   typename _Ite, typename _Seq, typename _Cat, typename _OI>
 521:c:\program files\daisytoolchain\arm-none-eabi\include\c++\10.2.1\bits\stl_algobase.h ****     _OI
 522:c:\program files\daisytoolchain\arm-none-eabi\include\c++\10.2.1\bits\stl_algobase.h ****     __copy_move_a(const ::__gnu_debug::_Safe_iterator<_Ite, _Seq, _Cat>&,
 523:c:\program files\daisytoolchain\arm-none-eabi\include\c++\10.2.1\bits\stl_algobase.h **** 		  const ::__gnu_debug::_Safe_iterator<_Ite, _Seq, _Cat>&,
 524:c:\program files\daisytoolchain\arm-none-eabi\include\c++\10.2.1\bits\stl_algobase.h **** 		  _OI);
 525:c:\program files\daisytoolchain\arm-none-eabi\include\c++\10.2.1\bits\stl_algobase.h **** 
 526:c:\program files\daisytoolchain\arm-none-eabi\include\c++\10.2.1\bits\stl_algobase.h ****   template<bool _IsMove,
 527:c:\program files\daisytoolchain\arm-none-eabi\include\c++\10.2.1\bits\stl_algobase.h **** 	   typename _II, typename _Ite, typename _Seq, typename _Cat>
 528:c:\program files\daisytoolchain\arm-none-eabi\include\c++\10.2.1\bits\stl_algobase.h ****     __gnu_debug::_Safe_iterator<_Ite, _Seq, _Cat>
 529:c:\program files\daisytoolchain\arm-none-eabi\include\c++\10.2.1\bits\stl_algobase.h ****     __copy_move_a(_II, _II,
 530:c:\program files\daisytoolchain\arm-none-eabi\include\c++\10.2.1\bits\stl_algobase.h **** 		  const ::__gnu_debug::_Safe_iterator<_Ite, _Seq, _Cat>&);
 531:c:\program files\daisytoolchain\arm-none-eabi\include\c++\10.2.1\bits\stl_algobase.h **** 
 532:c:\program files\daisytoolchain\arm-none-eabi\include\c++\10.2.1\bits\stl_algobase.h ****   template<bool _IsMove,
ARM GAS  C:\Users\aydan\AppData\Local\Temp\ccbXEJPg.s 			page 61


 533:c:\program files\daisytoolchain\arm-none-eabi\include\c++\10.2.1\bits\stl_algobase.h **** 	   typename _IIte, typename _ISeq, typename _ICat,
 534:c:\program files\daisytoolchain\arm-none-eabi\include\c++\10.2.1\bits\stl_algobase.h **** 	   typename _OIte, typename _OSeq, typename _OCat>
 535:c:\program files\daisytoolchain\arm-none-eabi\include\c++\10.2.1\bits\stl_algobase.h ****     ::__gnu_debug::_Safe_iterator<_OIte, _OSeq, _OCat>
 536:c:\program files\daisytoolchain\arm-none-eabi\include\c++\10.2.1\bits\stl_algobase.h ****     __copy_move_a(const ::__gnu_debug::_Safe_iterator<_IIte, _ISeq, _ICat>&,
 537:c:\program files\daisytoolchain\arm-none-eabi\include\c++\10.2.1\bits\stl_algobase.h **** 		  const ::__gnu_debug::_Safe_iterator<_IIte, _ISeq, _ICat>&,
 538:c:\program files\daisytoolchain\arm-none-eabi\include\c++\10.2.1\bits\stl_algobase.h **** 		  const ::__gnu_debug::_Safe_iterator<_OIte, _OSeq, _OCat>&);
 539:c:\program files\daisytoolchain\arm-none-eabi\include\c++\10.2.1\bits\stl_algobase.h **** 
 540:c:\program files\daisytoolchain\arm-none-eabi\include\c++\10.2.1\bits\stl_algobase.h ****   /**
 541:c:\program files\daisytoolchain\arm-none-eabi\include\c++\10.2.1\bits\stl_algobase.h ****    *  @brief Copies the range [first,last) into result.
 542:c:\program files\daisytoolchain\arm-none-eabi\include\c++\10.2.1\bits\stl_algobase.h ****    *  @ingroup mutating_algorithms
 543:c:\program files\daisytoolchain\arm-none-eabi\include\c++\10.2.1\bits\stl_algobase.h ****    *  @param  __first  An input iterator.
 544:c:\program files\daisytoolchain\arm-none-eabi\include\c++\10.2.1\bits\stl_algobase.h ****    *  @param  __last   An input iterator.
 545:c:\program files\daisytoolchain\arm-none-eabi\include\c++\10.2.1\bits\stl_algobase.h ****    *  @param  __result An output iterator.
 546:c:\program files\daisytoolchain\arm-none-eabi\include\c++\10.2.1\bits\stl_algobase.h ****    *  @return   result + (last - first)
 547:c:\program files\daisytoolchain\arm-none-eabi\include\c++\10.2.1\bits\stl_algobase.h ****    *
 548:c:\program files\daisytoolchain\arm-none-eabi\include\c++\10.2.1\bits\stl_algobase.h ****    *  This inline function will boil down to a call to @c memmove whenever
 549:c:\program files\daisytoolchain\arm-none-eabi\include\c++\10.2.1\bits\stl_algobase.h ****    *  possible.  Failing that, if random access iterators are passed, then the
 550:c:\program files\daisytoolchain\arm-none-eabi\include\c++\10.2.1\bits\stl_algobase.h ****    *  loop count will be known (and therefore a candidate for compiler
 551:c:\program files\daisytoolchain\arm-none-eabi\include\c++\10.2.1\bits\stl_algobase.h ****    *  optimizations such as unrolling).  Result may not be contained within
 552:c:\program files\daisytoolchain\arm-none-eabi\include\c++\10.2.1\bits\stl_algobase.h ****    *  [first,last); the copy_backward function should be used instead.
 553:c:\program files\daisytoolchain\arm-none-eabi\include\c++\10.2.1\bits\stl_algobase.h ****    *
 554:c:\program files\daisytoolchain\arm-none-eabi\include\c++\10.2.1\bits\stl_algobase.h ****    *  Note that the end of the output range is permitted to be contained
 555:c:\program files\daisytoolchain\arm-none-eabi\include\c++\10.2.1\bits\stl_algobase.h ****    *  within [first,last).
 556:c:\program files\daisytoolchain\arm-none-eabi\include\c++\10.2.1\bits\stl_algobase.h ****   */
 557:c:\program files\daisytoolchain\arm-none-eabi\include\c++\10.2.1\bits\stl_algobase.h ****   template<typename _II, typename _OI>
 558:c:\program files\daisytoolchain\arm-none-eabi\include\c++\10.2.1\bits\stl_algobase.h ****     _GLIBCXX20_CONSTEXPR
 559:c:\program files\daisytoolchain\arm-none-eabi\include\c++\10.2.1\bits\stl_algobase.h ****     inline _OI
 560:c:\program files\daisytoolchain\arm-none-eabi\include\c++\10.2.1\bits\stl_algobase.h ****     copy(_II __first, _II __last, _OI __result)
 561:c:\program files\daisytoolchain\arm-none-eabi\include\c++\10.2.1\bits\stl_algobase.h ****     {
 562:c:\program files\daisytoolchain\arm-none-eabi\include\c++\10.2.1\bits\stl_algobase.h ****       // concept requirements
 563:c:\program files\daisytoolchain\arm-none-eabi\include\c++\10.2.1\bits\stl_algobase.h ****       __glibcxx_function_requires(_InputIteratorConcept<_II>)
 564:c:\program files\daisytoolchain\arm-none-eabi\include\c++\10.2.1\bits\stl_algobase.h ****       __glibcxx_function_requires(_OutputIteratorConcept<_OI,
 565:c:\program files\daisytoolchain\arm-none-eabi\include\c++\10.2.1\bits\stl_algobase.h **** 	    typename iterator_traits<_II>::value_type>)
 566:c:\program files\daisytoolchain\arm-none-eabi\include\c++\10.2.1\bits\stl_algobase.h ****       __glibcxx_requires_can_increment_range(__first, __last, __result);
 567:c:\program files\daisytoolchain\arm-none-eabi\include\c++\10.2.1\bits\stl_algobase.h **** 
 568:c:\program files\daisytoolchain\arm-none-eabi\include\c++\10.2.1\bits\stl_algobase.h ****       return std::__copy_move_a<__is_move_iterator<_II>::__value>
 569:c:\program files\daisytoolchain\arm-none-eabi\include\c++\10.2.1\bits\stl_algobase.h **** 	     (std::__miter_base(__first), std::__miter_base(__last), __result);
 570:c:\program files\daisytoolchain\arm-none-eabi\include\c++\10.2.1\bits\stl_algobase.h ****     }
 571:c:\program files\daisytoolchain\arm-none-eabi\include\c++\10.2.1\bits\stl_algobase.h **** 
 572:c:\program files\daisytoolchain\arm-none-eabi\include\c++\10.2.1\bits\stl_algobase.h **** #if __cplusplus >= 201103L
 573:c:\program files\daisytoolchain\arm-none-eabi\include\c++\10.2.1\bits\stl_algobase.h ****   /**
 574:c:\program files\daisytoolchain\arm-none-eabi\include\c++\10.2.1\bits\stl_algobase.h ****    *  @brief Moves the range [first,last) into result.
 575:c:\program files\daisytoolchain\arm-none-eabi\include\c++\10.2.1\bits\stl_algobase.h ****    *  @ingroup mutating_algorithms
 576:c:\program files\daisytoolchain\arm-none-eabi\include\c++\10.2.1\bits\stl_algobase.h ****    *  @param  __first  An input iterator.
 577:c:\program files\daisytoolchain\arm-none-eabi\include\c++\10.2.1\bits\stl_algobase.h ****    *  @param  __last   An input iterator.
 578:c:\program files\daisytoolchain\arm-none-eabi\include\c++\10.2.1\bits\stl_algobase.h ****    *  @param  __result An output iterator.
 579:c:\program files\daisytoolchain\arm-none-eabi\include\c++\10.2.1\bits\stl_algobase.h ****    *  @return   result + (last - first)
 580:c:\program files\daisytoolchain\arm-none-eabi\include\c++\10.2.1\bits\stl_algobase.h ****    *
 581:c:\program files\daisytoolchain\arm-none-eabi\include\c++\10.2.1\bits\stl_algobase.h ****    *  This inline function will boil down to a call to @c memmove whenever
 582:c:\program files\daisytoolchain\arm-none-eabi\include\c++\10.2.1\bits\stl_algobase.h ****    *  possible.  Failing that, if random access iterators are passed, then the
 583:c:\program files\daisytoolchain\arm-none-eabi\include\c++\10.2.1\bits\stl_algobase.h ****    *  loop count will be known (and therefore a candidate for compiler
 584:c:\program files\daisytoolchain\arm-none-eabi\include\c++\10.2.1\bits\stl_algobase.h ****    *  optimizations such as unrolling).  Result may not be contained within
 585:c:\program files\daisytoolchain\arm-none-eabi\include\c++\10.2.1\bits\stl_algobase.h ****    *  [first,last); the move_backward function should be used instead.
 586:c:\program files\daisytoolchain\arm-none-eabi\include\c++\10.2.1\bits\stl_algobase.h ****    *
 587:c:\program files\daisytoolchain\arm-none-eabi\include\c++\10.2.1\bits\stl_algobase.h ****    *  Note that the end of the output range is permitted to be contained
 588:c:\program files\daisytoolchain\arm-none-eabi\include\c++\10.2.1\bits\stl_algobase.h ****    *  within [first,last).
 589:c:\program files\daisytoolchain\arm-none-eabi\include\c++\10.2.1\bits\stl_algobase.h ****   */
ARM GAS  C:\Users\aydan\AppData\Local\Temp\ccbXEJPg.s 			page 62


 590:c:\program files\daisytoolchain\arm-none-eabi\include\c++\10.2.1\bits\stl_algobase.h ****   template<typename _II, typename _OI>
 591:c:\program files\daisytoolchain\arm-none-eabi\include\c++\10.2.1\bits\stl_algobase.h ****     _GLIBCXX20_CONSTEXPR
 592:c:\program files\daisytoolchain\arm-none-eabi\include\c++\10.2.1\bits\stl_algobase.h ****     inline _OI
 593:c:\program files\daisytoolchain\arm-none-eabi\include\c++\10.2.1\bits\stl_algobase.h ****     move(_II __first, _II __last, _OI __result)
 594:c:\program files\daisytoolchain\arm-none-eabi\include\c++\10.2.1\bits\stl_algobase.h ****     {
 595:c:\program files\daisytoolchain\arm-none-eabi\include\c++\10.2.1\bits\stl_algobase.h ****       // concept requirements
 596:c:\program files\daisytoolchain\arm-none-eabi\include\c++\10.2.1\bits\stl_algobase.h ****       __glibcxx_function_requires(_InputIteratorConcept<_II>)
 597:c:\program files\daisytoolchain\arm-none-eabi\include\c++\10.2.1\bits\stl_algobase.h ****       __glibcxx_function_requires(_OutputIteratorConcept<_OI,
 598:c:\program files\daisytoolchain\arm-none-eabi\include\c++\10.2.1\bits\stl_algobase.h **** 	    typename iterator_traits<_II>::value_type>)
 599:c:\program files\daisytoolchain\arm-none-eabi\include\c++\10.2.1\bits\stl_algobase.h ****       __glibcxx_requires_can_increment_range(__first, __last, __result);
 600:c:\program files\daisytoolchain\arm-none-eabi\include\c++\10.2.1\bits\stl_algobase.h **** 
 601:c:\program files\daisytoolchain\arm-none-eabi\include\c++\10.2.1\bits\stl_algobase.h ****       return std::__copy_move_a<true>(std::__miter_base(__first),
 602:c:\program files\daisytoolchain\arm-none-eabi\include\c++\10.2.1\bits\stl_algobase.h **** 				      std::__miter_base(__last), __result);
 603:c:\program files\daisytoolchain\arm-none-eabi\include\c++\10.2.1\bits\stl_algobase.h ****     }
 604:c:\program files\daisytoolchain\arm-none-eabi\include\c++\10.2.1\bits\stl_algobase.h **** 
 605:c:\program files\daisytoolchain\arm-none-eabi\include\c++\10.2.1\bits\stl_algobase.h **** #define _GLIBCXX_MOVE3(_Tp, _Up, _Vp) std::move(_Tp, _Up, _Vp)
 606:c:\program files\daisytoolchain\arm-none-eabi\include\c++\10.2.1\bits\stl_algobase.h **** #else
 607:c:\program files\daisytoolchain\arm-none-eabi\include\c++\10.2.1\bits\stl_algobase.h **** #define _GLIBCXX_MOVE3(_Tp, _Up, _Vp) std::copy(_Tp, _Up, _Vp)
 608:c:\program files\daisytoolchain\arm-none-eabi\include\c++\10.2.1\bits\stl_algobase.h **** #endif
 609:c:\program files\daisytoolchain\arm-none-eabi\include\c++\10.2.1\bits\stl_algobase.h **** 
 610:c:\program files\daisytoolchain\arm-none-eabi\include\c++\10.2.1\bits\stl_algobase.h ****   template<bool _IsMove, bool _IsSimple, typename _Category>
 611:c:\program files\daisytoolchain\arm-none-eabi\include\c++\10.2.1\bits\stl_algobase.h ****     struct __copy_move_backward
 612:c:\program files\daisytoolchain\arm-none-eabi\include\c++\10.2.1\bits\stl_algobase.h ****     {
 613:c:\program files\daisytoolchain\arm-none-eabi\include\c++\10.2.1\bits\stl_algobase.h ****       template<typename _BI1, typename _BI2>
 614:c:\program files\daisytoolchain\arm-none-eabi\include\c++\10.2.1\bits\stl_algobase.h **** 	_GLIBCXX20_CONSTEXPR
 615:c:\program files\daisytoolchain\arm-none-eabi\include\c++\10.2.1\bits\stl_algobase.h **** 	static _BI2
 616:c:\program files\daisytoolchain\arm-none-eabi\include\c++\10.2.1\bits\stl_algobase.h **** 	__copy_move_b(_BI1 __first, _BI1 __last, _BI2 __result)
 617:c:\program files\daisytoolchain\arm-none-eabi\include\c++\10.2.1\bits\stl_algobase.h **** 	{
 618:c:\program files\daisytoolchain\arm-none-eabi\include\c++\10.2.1\bits\stl_algobase.h **** 	  while (__first != __last)
 619:c:\program files\daisytoolchain\arm-none-eabi\include\c++\10.2.1\bits\stl_algobase.h **** 	    *--__result = *--__last;
 620:c:\program files\daisytoolchain\arm-none-eabi\include\c++\10.2.1\bits\stl_algobase.h **** 	  return __result;
 621:c:\program files\daisytoolchain\arm-none-eabi\include\c++\10.2.1\bits\stl_algobase.h **** 	}
 622:c:\program files\daisytoolchain\arm-none-eabi\include\c++\10.2.1\bits\stl_algobase.h ****     };
 623:c:\program files\daisytoolchain\arm-none-eabi\include\c++\10.2.1\bits\stl_algobase.h **** 
 624:c:\program files\daisytoolchain\arm-none-eabi\include\c++\10.2.1\bits\stl_algobase.h **** #if __cplusplus >= 201103L
 625:c:\program files\daisytoolchain\arm-none-eabi\include\c++\10.2.1\bits\stl_algobase.h ****   template<typename _Category>
 626:c:\program files\daisytoolchain\arm-none-eabi\include\c++\10.2.1\bits\stl_algobase.h ****     struct __copy_move_backward<true, false, _Category>
 627:c:\program files\daisytoolchain\arm-none-eabi\include\c++\10.2.1\bits\stl_algobase.h ****     {
 628:c:\program files\daisytoolchain\arm-none-eabi\include\c++\10.2.1\bits\stl_algobase.h ****       template<typename _BI1, typename _BI2>
 629:c:\program files\daisytoolchain\arm-none-eabi\include\c++\10.2.1\bits\stl_algobase.h **** 	_GLIBCXX20_CONSTEXPR
 630:c:\program files\daisytoolchain\arm-none-eabi\include\c++\10.2.1\bits\stl_algobase.h **** 	static _BI2
 631:c:\program files\daisytoolchain\arm-none-eabi\include\c++\10.2.1\bits\stl_algobase.h **** 	__copy_move_b(_BI1 __first, _BI1 __last, _BI2 __result)
 632:c:\program files\daisytoolchain\arm-none-eabi\include\c++\10.2.1\bits\stl_algobase.h **** 	{
 633:c:\program files\daisytoolchain\arm-none-eabi\include\c++\10.2.1\bits\stl_algobase.h **** 	  while (__first != __last)
 634:c:\program files\daisytoolchain\arm-none-eabi\include\c++\10.2.1\bits\stl_algobase.h **** 	    *--__result = std::move(*--__last);
 635:c:\program files\daisytoolchain\arm-none-eabi\include\c++\10.2.1\bits\stl_algobase.h **** 	  return __result;
 636:c:\program files\daisytoolchain\arm-none-eabi\include\c++\10.2.1\bits\stl_algobase.h **** 	}
 637:c:\program files\daisytoolchain\arm-none-eabi\include\c++\10.2.1\bits\stl_algobase.h ****     };
 638:c:\program files\daisytoolchain\arm-none-eabi\include\c++\10.2.1\bits\stl_algobase.h **** #endif
 639:c:\program files\daisytoolchain\arm-none-eabi\include\c++\10.2.1\bits\stl_algobase.h **** 
 640:c:\program files\daisytoolchain\arm-none-eabi\include\c++\10.2.1\bits\stl_algobase.h ****   template<>
 641:c:\program files\daisytoolchain\arm-none-eabi\include\c++\10.2.1\bits\stl_algobase.h ****     struct __copy_move_backward<false, false, random_access_iterator_tag>
 642:c:\program files\daisytoolchain\arm-none-eabi\include\c++\10.2.1\bits\stl_algobase.h ****     {
 643:c:\program files\daisytoolchain\arm-none-eabi\include\c++\10.2.1\bits\stl_algobase.h ****       template<typename _BI1, typename _BI2>
 644:c:\program files\daisytoolchain\arm-none-eabi\include\c++\10.2.1\bits\stl_algobase.h **** 	_GLIBCXX20_CONSTEXPR
 645:c:\program files\daisytoolchain\arm-none-eabi\include\c++\10.2.1\bits\stl_algobase.h **** 	static _BI2
 646:c:\program files\daisytoolchain\arm-none-eabi\include\c++\10.2.1\bits\stl_algobase.h **** 	__copy_move_b(_BI1 __first, _BI1 __last, _BI2 __result)
ARM GAS  C:\Users\aydan\AppData\Local\Temp\ccbXEJPg.s 			page 63


 647:c:\program files\daisytoolchain\arm-none-eabi\include\c++\10.2.1\bits\stl_algobase.h **** 	{
 648:c:\program files\daisytoolchain\arm-none-eabi\include\c++\10.2.1\bits\stl_algobase.h **** 	  typename iterator_traits<_BI1>::difference_type
 649:c:\program files\daisytoolchain\arm-none-eabi\include\c++\10.2.1\bits\stl_algobase.h **** 	    __n = __last - __first;
 650:c:\program files\daisytoolchain\arm-none-eabi\include\c++\10.2.1\bits\stl_algobase.h **** 	  for (; __n > 0; --__n)
 651:c:\program files\daisytoolchain\arm-none-eabi\include\c++\10.2.1\bits\stl_algobase.h **** 	    *--__result = *--__last;
 652:c:\program files\daisytoolchain\arm-none-eabi\include\c++\10.2.1\bits\stl_algobase.h **** 	  return __result;
 653:c:\program files\daisytoolchain\arm-none-eabi\include\c++\10.2.1\bits\stl_algobase.h **** 	}
 654:c:\program files\daisytoolchain\arm-none-eabi\include\c++\10.2.1\bits\stl_algobase.h ****     };
 655:c:\program files\daisytoolchain\arm-none-eabi\include\c++\10.2.1\bits\stl_algobase.h **** 
 656:c:\program files\daisytoolchain\arm-none-eabi\include\c++\10.2.1\bits\stl_algobase.h **** #if __cplusplus >= 201103L
 657:c:\program files\daisytoolchain\arm-none-eabi\include\c++\10.2.1\bits\stl_algobase.h ****   template<>
 658:c:\program files\daisytoolchain\arm-none-eabi\include\c++\10.2.1\bits\stl_algobase.h ****     struct __copy_move_backward<true, false, random_access_iterator_tag>
 659:c:\program files\daisytoolchain\arm-none-eabi\include\c++\10.2.1\bits\stl_algobase.h ****     {
 660:c:\program files\daisytoolchain\arm-none-eabi\include\c++\10.2.1\bits\stl_algobase.h ****       template<typename _BI1, typename _BI2>
 661:c:\program files\daisytoolchain\arm-none-eabi\include\c++\10.2.1\bits\stl_algobase.h **** 	_GLIBCXX20_CONSTEXPR
 662:c:\program files\daisytoolchain\arm-none-eabi\include\c++\10.2.1\bits\stl_algobase.h **** 	static _BI2
 663:c:\program files\daisytoolchain\arm-none-eabi\include\c++\10.2.1\bits\stl_algobase.h **** 	__copy_move_b(_BI1 __first, _BI1 __last, _BI2 __result)
 664:c:\program files\daisytoolchain\arm-none-eabi\include\c++\10.2.1\bits\stl_algobase.h **** 	{
 665:c:\program files\daisytoolchain\arm-none-eabi\include\c++\10.2.1\bits\stl_algobase.h **** 	  typename iterator_traits<_BI1>::difference_type
 666:c:\program files\daisytoolchain\arm-none-eabi\include\c++\10.2.1\bits\stl_algobase.h **** 	    __n = __last - __first;
 667:c:\program files\daisytoolchain\arm-none-eabi\include\c++\10.2.1\bits\stl_algobase.h **** 	  for (; __n > 0; --__n)
 668:c:\program files\daisytoolchain\arm-none-eabi\include\c++\10.2.1\bits\stl_algobase.h **** 	    *--__result = std::move(*--__last);
 669:c:\program files\daisytoolchain\arm-none-eabi\include\c++\10.2.1\bits\stl_algobase.h **** 	  return __result;
 670:c:\program files\daisytoolchain\arm-none-eabi\include\c++\10.2.1\bits\stl_algobase.h **** 	}
 671:c:\program files\daisytoolchain\arm-none-eabi\include\c++\10.2.1\bits\stl_algobase.h ****     };
 672:c:\program files\daisytoolchain\arm-none-eabi\include\c++\10.2.1\bits\stl_algobase.h **** #endif
 673:c:\program files\daisytoolchain\arm-none-eabi\include\c++\10.2.1\bits\stl_algobase.h **** 
 674:c:\program files\daisytoolchain\arm-none-eabi\include\c++\10.2.1\bits\stl_algobase.h ****   template<bool _IsMove>
 675:c:\program files\daisytoolchain\arm-none-eabi\include\c++\10.2.1\bits\stl_algobase.h ****     struct __copy_move_backward<_IsMove, true, random_access_iterator_tag>
 676:c:\program files\daisytoolchain\arm-none-eabi\include\c++\10.2.1\bits\stl_algobase.h ****     {
 677:c:\program files\daisytoolchain\arm-none-eabi\include\c++\10.2.1\bits\stl_algobase.h ****       template<typename _Tp>
 678:c:\program files\daisytoolchain\arm-none-eabi\include\c++\10.2.1\bits\stl_algobase.h **** 	_GLIBCXX20_CONSTEXPR
 679:c:\program files\daisytoolchain\arm-none-eabi\include\c++\10.2.1\bits\stl_algobase.h **** 	static _Tp*
 680:c:\program files\daisytoolchain\arm-none-eabi\include\c++\10.2.1\bits\stl_algobase.h **** 	__copy_move_b(const _Tp* __first, const _Tp* __last, _Tp* __result)
 681:c:\program files\daisytoolchain\arm-none-eabi\include\c++\10.2.1\bits\stl_algobase.h **** 	{
 682:c:\program files\daisytoolchain\arm-none-eabi\include\c++\10.2.1\bits\stl_algobase.h **** #if __cplusplus >= 201103L
 683:c:\program files\daisytoolchain\arm-none-eabi\include\c++\10.2.1\bits\stl_algobase.h **** 	  using __assignable = conditional<_IsMove,
 684:c:\program files\daisytoolchain\arm-none-eabi\include\c++\10.2.1\bits\stl_algobase.h **** 					   is_move_assignable<_Tp>,
 685:c:\program files\daisytoolchain\arm-none-eabi\include\c++\10.2.1\bits\stl_algobase.h **** 					   is_copy_assignable<_Tp>>;
 686:c:\program files\daisytoolchain\arm-none-eabi\include\c++\10.2.1\bits\stl_algobase.h **** 	  // trivial types can have deleted assignment
 687:c:\program files\daisytoolchain\arm-none-eabi\include\c++\10.2.1\bits\stl_algobase.h **** 	  static_assert( __assignable::type::value, "type is not assignable" );
 688:c:\program files\daisytoolchain\arm-none-eabi\include\c++\10.2.1\bits\stl_algobase.h **** #endif
 689:c:\program files\daisytoolchain\arm-none-eabi\include\c++\10.2.1\bits\stl_algobase.h **** 	  const ptrdiff_t _Num = __last - __first;
 690:c:\program files\daisytoolchain\arm-none-eabi\include\c++\10.2.1\bits\stl_algobase.h **** 	  if (_Num)
 691:c:\program files\daisytoolchain\arm-none-eabi\include\c++\10.2.1\bits\stl_algobase.h **** 	    __builtin_memmove(__result - _Num, __first, sizeof(_Tp) * _Num);
 692:c:\program files\daisytoolchain\arm-none-eabi\include\c++\10.2.1\bits\stl_algobase.h **** 	  return __result - _Num;
 693:c:\program files\daisytoolchain\arm-none-eabi\include\c++\10.2.1\bits\stl_algobase.h **** 	}
 694:c:\program files\daisytoolchain\arm-none-eabi\include\c++\10.2.1\bits\stl_algobase.h ****     };
 695:c:\program files\daisytoolchain\arm-none-eabi\include\c++\10.2.1\bits\stl_algobase.h **** 
 696:c:\program files\daisytoolchain\arm-none-eabi\include\c++\10.2.1\bits\stl_algobase.h ****   template<bool _IsMove, typename _BI1, typename _BI2>
 697:c:\program files\daisytoolchain\arm-none-eabi\include\c++\10.2.1\bits\stl_algobase.h ****     _GLIBCXX20_CONSTEXPR
 698:c:\program files\daisytoolchain\arm-none-eabi\include\c++\10.2.1\bits\stl_algobase.h ****     inline _BI2
 699:c:\program files\daisytoolchain\arm-none-eabi\include\c++\10.2.1\bits\stl_algobase.h ****     __copy_move_backward_a2(_BI1 __first, _BI1 __last, _BI2 __result)
 700:c:\program files\daisytoolchain\arm-none-eabi\include\c++\10.2.1\bits\stl_algobase.h ****     {
 701:c:\program files\daisytoolchain\arm-none-eabi\include\c++\10.2.1\bits\stl_algobase.h ****       typedef typename iterator_traits<_BI1>::iterator_category _Category;
 702:c:\program files\daisytoolchain\arm-none-eabi\include\c++\10.2.1\bits\stl_algobase.h **** #ifdef __cpp_lib_is_constant_evaluated
 703:c:\program files\daisytoolchain\arm-none-eabi\include\c++\10.2.1\bits\stl_algobase.h ****       if (std::is_constant_evaluated())
ARM GAS  C:\Users\aydan\AppData\Local\Temp\ccbXEJPg.s 			page 64


 704:c:\program files\daisytoolchain\arm-none-eabi\include\c++\10.2.1\bits\stl_algobase.h **** 	return std::__copy_move_backward<_IsMove, false, _Category>::
 705:c:\program files\daisytoolchain\arm-none-eabi\include\c++\10.2.1\bits\stl_algobase.h **** 	  __copy_move_b(__first, __last, __result);
 706:c:\program files\daisytoolchain\arm-none-eabi\include\c++\10.2.1\bits\stl_algobase.h **** #endif
 707:c:\program files\daisytoolchain\arm-none-eabi\include\c++\10.2.1\bits\stl_algobase.h ****       return std::__copy_move_backward<_IsMove,
 708:c:\program files\daisytoolchain\arm-none-eabi\include\c++\10.2.1\bits\stl_algobase.h **** 				       __memcpyable<_BI2, _BI1>::__value,
 709:c:\program files\daisytoolchain\arm-none-eabi\include\c++\10.2.1\bits\stl_algobase.h **** 				       _Category>::__copy_move_b(__first,
 710:c:\program files\daisytoolchain\arm-none-eabi\include\c++\10.2.1\bits\stl_algobase.h **** 								 __last,
 711:c:\program files\daisytoolchain\arm-none-eabi\include\c++\10.2.1\bits\stl_algobase.h **** 								 __result);
 712:c:\program files\daisytoolchain\arm-none-eabi\include\c++\10.2.1\bits\stl_algobase.h ****     }
 713:c:\program files\daisytoolchain\arm-none-eabi\include\c++\10.2.1\bits\stl_algobase.h **** 
 714:c:\program files\daisytoolchain\arm-none-eabi\include\c++\10.2.1\bits\stl_algobase.h ****   template<bool _IsMove, typename _BI1, typename _BI2>
 715:c:\program files\daisytoolchain\arm-none-eabi\include\c++\10.2.1\bits\stl_algobase.h ****     _GLIBCXX20_CONSTEXPR
 716:c:\program files\daisytoolchain\arm-none-eabi\include\c++\10.2.1\bits\stl_algobase.h ****     inline _BI2
 717:c:\program files\daisytoolchain\arm-none-eabi\include\c++\10.2.1\bits\stl_algobase.h ****     __copy_move_backward_a1(_BI1 __first, _BI1 __last, _BI2 __result)
 718:c:\program files\daisytoolchain\arm-none-eabi\include\c++\10.2.1\bits\stl_algobase.h ****     { return std::__copy_move_backward_a2<_IsMove>(__first, __last, __result); }
 719:c:\program files\daisytoolchain\arm-none-eabi\include\c++\10.2.1\bits\stl_algobase.h **** 
 720:c:\program files\daisytoolchain\arm-none-eabi\include\c++\10.2.1\bits\stl_algobase.h ****   template<bool _IsMove,
 721:c:\program files\daisytoolchain\arm-none-eabi\include\c++\10.2.1\bits\stl_algobase.h **** 	   typename _Tp, typename _Ref, typename _Ptr, typename _OI>
 722:c:\program files\daisytoolchain\arm-none-eabi\include\c++\10.2.1\bits\stl_algobase.h ****     _OI
 723:c:\program files\daisytoolchain\arm-none-eabi\include\c++\10.2.1\bits\stl_algobase.h ****     __copy_move_backward_a1(_GLIBCXX_STD_C::_Deque_iterator<_Tp, _Ref, _Ptr>,
 724:c:\program files\daisytoolchain\arm-none-eabi\include\c++\10.2.1\bits\stl_algobase.h **** 			    _GLIBCXX_STD_C::_Deque_iterator<_Tp, _Ref, _Ptr>,
 725:c:\program files\daisytoolchain\arm-none-eabi\include\c++\10.2.1\bits\stl_algobase.h **** 			    _OI);
 726:c:\program files\daisytoolchain\arm-none-eabi\include\c++\10.2.1\bits\stl_algobase.h **** 
 727:c:\program files\daisytoolchain\arm-none-eabi\include\c++\10.2.1\bits\stl_algobase.h ****   template<bool _IsMove,
 728:c:\program files\daisytoolchain\arm-none-eabi\include\c++\10.2.1\bits\stl_algobase.h **** 	   typename _ITp, typename _IRef, typename _IPtr, typename _OTp>
 729:c:\program files\daisytoolchain\arm-none-eabi\include\c++\10.2.1\bits\stl_algobase.h ****     _GLIBCXX_STD_C::_Deque_iterator<_OTp, _OTp&, _OTp*>
 730:c:\program files\daisytoolchain\arm-none-eabi\include\c++\10.2.1\bits\stl_algobase.h ****     __copy_move_backward_a1(
 731:c:\program files\daisytoolchain\arm-none-eabi\include\c++\10.2.1\bits\stl_algobase.h **** 			_GLIBCXX_STD_C::_Deque_iterator<_ITp, _IRef, _IPtr>,
 732:c:\program files\daisytoolchain\arm-none-eabi\include\c++\10.2.1\bits\stl_algobase.h **** 			_GLIBCXX_STD_C::_Deque_iterator<_ITp, _IRef, _IPtr>,
 733:c:\program files\daisytoolchain\arm-none-eabi\include\c++\10.2.1\bits\stl_algobase.h **** 			_GLIBCXX_STD_C::_Deque_iterator<_OTp, _OTp&, _OTp*>);
 734:c:\program files\daisytoolchain\arm-none-eabi\include\c++\10.2.1\bits\stl_algobase.h **** 
 735:c:\program files\daisytoolchain\arm-none-eabi\include\c++\10.2.1\bits\stl_algobase.h ****   template<bool _IsMove, typename _II, typename _Tp>
 736:c:\program files\daisytoolchain\arm-none-eabi\include\c++\10.2.1\bits\stl_algobase.h ****     typename __gnu_cxx::__enable_if<
 737:c:\program files\daisytoolchain\arm-none-eabi\include\c++\10.2.1\bits\stl_algobase.h ****       __is_random_access_iter<_II>::__value,
 738:c:\program files\daisytoolchain\arm-none-eabi\include\c++\10.2.1\bits\stl_algobase.h ****       _GLIBCXX_STD_C::_Deque_iterator<_Tp, _Tp&, _Tp*> >::__type
 739:c:\program files\daisytoolchain\arm-none-eabi\include\c++\10.2.1\bits\stl_algobase.h ****     __copy_move_backward_a1(_II, _II,
 740:c:\program files\daisytoolchain\arm-none-eabi\include\c++\10.2.1\bits\stl_algobase.h **** 			    _GLIBCXX_STD_C::_Deque_iterator<_Tp, _Tp&, _Tp*>);
 741:c:\program files\daisytoolchain\arm-none-eabi\include\c++\10.2.1\bits\stl_algobase.h **** 
 742:c:\program files\daisytoolchain\arm-none-eabi\include\c++\10.2.1\bits\stl_algobase.h ****   template<bool _IsMove, typename _II, typename _OI>
 743:c:\program files\daisytoolchain\arm-none-eabi\include\c++\10.2.1\bits\stl_algobase.h ****     _GLIBCXX20_CONSTEXPR
 744:c:\program files\daisytoolchain\arm-none-eabi\include\c++\10.2.1\bits\stl_algobase.h ****     inline _OI
 745:c:\program files\daisytoolchain\arm-none-eabi\include\c++\10.2.1\bits\stl_algobase.h ****     __copy_move_backward_a(_II __first, _II __last, _OI __result)
 746:c:\program files\daisytoolchain\arm-none-eabi\include\c++\10.2.1\bits\stl_algobase.h ****     {
 747:c:\program files\daisytoolchain\arm-none-eabi\include\c++\10.2.1\bits\stl_algobase.h ****       return std::__niter_wrap(__result,
 748:c:\program files\daisytoolchain\arm-none-eabi\include\c++\10.2.1\bits\stl_algobase.h **** 		std::__copy_move_backward_a1<_IsMove>
 749:c:\program files\daisytoolchain\arm-none-eabi\include\c++\10.2.1\bits\stl_algobase.h **** 		  (std::__niter_base(__first), std::__niter_base(__last),
 750:c:\program files\daisytoolchain\arm-none-eabi\include\c++\10.2.1\bits\stl_algobase.h **** 		   std::__niter_base(__result)));
 751:c:\program files\daisytoolchain\arm-none-eabi\include\c++\10.2.1\bits\stl_algobase.h ****     }
 752:c:\program files\daisytoolchain\arm-none-eabi\include\c++\10.2.1\bits\stl_algobase.h **** 
 753:c:\program files\daisytoolchain\arm-none-eabi\include\c++\10.2.1\bits\stl_algobase.h ****   template<bool _IsMove,
 754:c:\program files\daisytoolchain\arm-none-eabi\include\c++\10.2.1\bits\stl_algobase.h **** 	   typename _Ite, typename _Seq, typename _Cat, typename _OI>
 755:c:\program files\daisytoolchain\arm-none-eabi\include\c++\10.2.1\bits\stl_algobase.h ****     _OI
 756:c:\program files\daisytoolchain\arm-none-eabi\include\c++\10.2.1\bits\stl_algobase.h ****     __copy_move_backward_a(
 757:c:\program files\daisytoolchain\arm-none-eabi\include\c++\10.2.1\bits\stl_algobase.h **** 		const ::__gnu_debug::_Safe_iterator<_Ite, _Seq, _Cat>&,
 758:c:\program files\daisytoolchain\arm-none-eabi\include\c++\10.2.1\bits\stl_algobase.h **** 		const ::__gnu_debug::_Safe_iterator<_Ite, _Seq, _Cat>&,
 759:c:\program files\daisytoolchain\arm-none-eabi\include\c++\10.2.1\bits\stl_algobase.h **** 		_OI);
 760:c:\program files\daisytoolchain\arm-none-eabi\include\c++\10.2.1\bits\stl_algobase.h **** 
ARM GAS  C:\Users\aydan\AppData\Local\Temp\ccbXEJPg.s 			page 65


 761:c:\program files\daisytoolchain\arm-none-eabi\include\c++\10.2.1\bits\stl_algobase.h ****   template<bool _IsMove,
 762:c:\program files\daisytoolchain\arm-none-eabi\include\c++\10.2.1\bits\stl_algobase.h **** 	   typename _II, typename _Ite, typename _Seq, typename _Cat>
 763:c:\program files\daisytoolchain\arm-none-eabi\include\c++\10.2.1\bits\stl_algobase.h ****     __gnu_debug::_Safe_iterator<_Ite, _Seq, _Cat>
 764:c:\program files\daisytoolchain\arm-none-eabi\include\c++\10.2.1\bits\stl_algobase.h ****     __copy_move_backward_a(_II, _II,
 765:c:\program files\daisytoolchain\arm-none-eabi\include\c++\10.2.1\bits\stl_algobase.h **** 		const ::__gnu_debug::_Safe_iterator<_Ite, _Seq, _Cat>&);
 766:c:\program files\daisytoolchain\arm-none-eabi\include\c++\10.2.1\bits\stl_algobase.h **** 
 767:c:\program files\daisytoolchain\arm-none-eabi\include\c++\10.2.1\bits\stl_algobase.h ****   template<bool _IsMove,
 768:c:\program files\daisytoolchain\arm-none-eabi\include\c++\10.2.1\bits\stl_algobase.h **** 	   typename _IIte, typename _ISeq, typename _ICat,
 769:c:\program files\daisytoolchain\arm-none-eabi\include\c++\10.2.1\bits\stl_algobase.h **** 	   typename _OIte, typename _OSeq, typename _OCat>
 770:c:\program files\daisytoolchain\arm-none-eabi\include\c++\10.2.1\bits\stl_algobase.h ****     ::__gnu_debug::_Safe_iterator<_OIte, _OSeq, _OCat>
 771:c:\program files\daisytoolchain\arm-none-eabi\include\c++\10.2.1\bits\stl_algobase.h ****     __copy_move_backward_a(
 772:c:\program files\daisytoolchain\arm-none-eabi\include\c++\10.2.1\bits\stl_algobase.h **** 		const ::__gnu_debug::_Safe_iterator<_IIte, _ISeq, _ICat>&,
 773:c:\program files\daisytoolchain\arm-none-eabi\include\c++\10.2.1\bits\stl_algobase.h **** 		const ::__gnu_debug::_Safe_iterator<_IIte, _ISeq, _ICat>&,
 774:c:\program files\daisytoolchain\arm-none-eabi\include\c++\10.2.1\bits\stl_algobase.h **** 		const ::__gnu_debug::_Safe_iterator<_OIte, _OSeq, _OCat>&);
 775:c:\program files\daisytoolchain\arm-none-eabi\include\c++\10.2.1\bits\stl_algobase.h **** 
 776:c:\program files\daisytoolchain\arm-none-eabi\include\c++\10.2.1\bits\stl_algobase.h ****   /**
 777:c:\program files\daisytoolchain\arm-none-eabi\include\c++\10.2.1\bits\stl_algobase.h ****    *  @brief Copies the range [first,last) into result.
 778:c:\program files\daisytoolchain\arm-none-eabi\include\c++\10.2.1\bits\stl_algobase.h ****    *  @ingroup mutating_algorithms
 779:c:\program files\daisytoolchain\arm-none-eabi\include\c++\10.2.1\bits\stl_algobase.h ****    *  @param  __first  A bidirectional iterator.
 780:c:\program files\daisytoolchain\arm-none-eabi\include\c++\10.2.1\bits\stl_algobase.h ****    *  @param  __last   A bidirectional iterator.
 781:c:\program files\daisytoolchain\arm-none-eabi\include\c++\10.2.1\bits\stl_algobase.h ****    *  @param  __result A bidirectional iterator.
 782:c:\program files\daisytoolchain\arm-none-eabi\include\c++\10.2.1\bits\stl_algobase.h ****    *  @return   result - (last - first)
 783:c:\program files\daisytoolchain\arm-none-eabi\include\c++\10.2.1\bits\stl_algobase.h ****    *
 784:c:\program files\daisytoolchain\arm-none-eabi\include\c++\10.2.1\bits\stl_algobase.h ****    *  The function has the same effect as copy, but starts at the end of the
 785:c:\program files\daisytoolchain\arm-none-eabi\include\c++\10.2.1\bits\stl_algobase.h ****    *  range and works its way to the start, returning the start of the result.
 786:c:\program files\daisytoolchain\arm-none-eabi\include\c++\10.2.1\bits\stl_algobase.h ****    *  This inline function will boil down to a call to @c memmove whenever
 787:c:\program files\daisytoolchain\arm-none-eabi\include\c++\10.2.1\bits\stl_algobase.h ****    *  possible.  Failing that, if random access iterators are passed, then the
 788:c:\program files\daisytoolchain\arm-none-eabi\include\c++\10.2.1\bits\stl_algobase.h ****    *  loop count will be known (and therefore a candidate for compiler
 789:c:\program files\daisytoolchain\arm-none-eabi\include\c++\10.2.1\bits\stl_algobase.h ****    *  optimizations such as unrolling).
 790:c:\program files\daisytoolchain\arm-none-eabi\include\c++\10.2.1\bits\stl_algobase.h ****    *
 791:c:\program files\daisytoolchain\arm-none-eabi\include\c++\10.2.1\bits\stl_algobase.h ****    *  Result may not be in the range (first,last].  Use copy instead.  Note
 792:c:\program files\daisytoolchain\arm-none-eabi\include\c++\10.2.1\bits\stl_algobase.h ****    *  that the start of the output range may overlap [first,last).
 793:c:\program files\daisytoolchain\arm-none-eabi\include\c++\10.2.1\bits\stl_algobase.h ****   */
 794:c:\program files\daisytoolchain\arm-none-eabi\include\c++\10.2.1\bits\stl_algobase.h ****   template<typename _BI1, typename _BI2>
 795:c:\program files\daisytoolchain\arm-none-eabi\include\c++\10.2.1\bits\stl_algobase.h ****     _GLIBCXX20_CONSTEXPR
 796:c:\program files\daisytoolchain\arm-none-eabi\include\c++\10.2.1\bits\stl_algobase.h ****     inline _BI2
 797:c:\program files\daisytoolchain\arm-none-eabi\include\c++\10.2.1\bits\stl_algobase.h ****     copy_backward(_BI1 __first, _BI1 __last, _BI2 __result)
 798:c:\program files\daisytoolchain\arm-none-eabi\include\c++\10.2.1\bits\stl_algobase.h ****     {
 799:c:\program files\daisytoolchain\arm-none-eabi\include\c++\10.2.1\bits\stl_algobase.h ****       // concept requirements
 800:c:\program files\daisytoolchain\arm-none-eabi\include\c++\10.2.1\bits\stl_algobase.h ****       __glibcxx_function_requires(_BidirectionalIteratorConcept<_BI1>)
 801:c:\program files\daisytoolchain\arm-none-eabi\include\c++\10.2.1\bits\stl_algobase.h ****       __glibcxx_function_requires(_Mutable_BidirectionalIteratorConcept<_BI2>)
 802:c:\program files\daisytoolchain\arm-none-eabi\include\c++\10.2.1\bits\stl_algobase.h ****       __glibcxx_function_requires(_ConvertibleConcept<
 803:c:\program files\daisytoolchain\arm-none-eabi\include\c++\10.2.1\bits\stl_algobase.h **** 	    typename iterator_traits<_BI1>::value_type,
 804:c:\program files\daisytoolchain\arm-none-eabi\include\c++\10.2.1\bits\stl_algobase.h **** 	    typename iterator_traits<_BI2>::value_type>)
 805:c:\program files\daisytoolchain\arm-none-eabi\include\c++\10.2.1\bits\stl_algobase.h ****       __glibcxx_requires_can_decrement_range(__first, __last, __result);
 806:c:\program files\daisytoolchain\arm-none-eabi\include\c++\10.2.1\bits\stl_algobase.h **** 
 807:c:\program files\daisytoolchain\arm-none-eabi\include\c++\10.2.1\bits\stl_algobase.h ****       return std::__copy_move_backward_a<__is_move_iterator<_BI1>::__value>
 808:c:\program files\daisytoolchain\arm-none-eabi\include\c++\10.2.1\bits\stl_algobase.h **** 	     (std::__miter_base(__first), std::__miter_base(__last), __result);
 809:c:\program files\daisytoolchain\arm-none-eabi\include\c++\10.2.1\bits\stl_algobase.h ****     }
 810:c:\program files\daisytoolchain\arm-none-eabi\include\c++\10.2.1\bits\stl_algobase.h **** 
 811:c:\program files\daisytoolchain\arm-none-eabi\include\c++\10.2.1\bits\stl_algobase.h **** #if __cplusplus >= 201103L
 812:c:\program files\daisytoolchain\arm-none-eabi\include\c++\10.2.1\bits\stl_algobase.h ****   /**
 813:c:\program files\daisytoolchain\arm-none-eabi\include\c++\10.2.1\bits\stl_algobase.h ****    *  @brief Moves the range [first,last) into result.
 814:c:\program files\daisytoolchain\arm-none-eabi\include\c++\10.2.1\bits\stl_algobase.h ****    *  @ingroup mutating_algorithms
 815:c:\program files\daisytoolchain\arm-none-eabi\include\c++\10.2.1\bits\stl_algobase.h ****    *  @param  __first  A bidirectional iterator.
 816:c:\program files\daisytoolchain\arm-none-eabi\include\c++\10.2.1\bits\stl_algobase.h ****    *  @param  __last   A bidirectional iterator.
 817:c:\program files\daisytoolchain\arm-none-eabi\include\c++\10.2.1\bits\stl_algobase.h ****    *  @param  __result A bidirectional iterator.
ARM GAS  C:\Users\aydan\AppData\Local\Temp\ccbXEJPg.s 			page 66


 818:c:\program files\daisytoolchain\arm-none-eabi\include\c++\10.2.1\bits\stl_algobase.h ****    *  @return   result - (last - first)
 819:c:\program files\daisytoolchain\arm-none-eabi\include\c++\10.2.1\bits\stl_algobase.h ****    *
 820:c:\program files\daisytoolchain\arm-none-eabi\include\c++\10.2.1\bits\stl_algobase.h ****    *  The function has the same effect as move, but starts at the end of the
 821:c:\program files\daisytoolchain\arm-none-eabi\include\c++\10.2.1\bits\stl_algobase.h ****    *  range and works its way to the start, returning the start of the result.
 822:c:\program files\daisytoolchain\arm-none-eabi\include\c++\10.2.1\bits\stl_algobase.h ****    *  This inline function will boil down to a call to @c memmove whenever
 823:c:\program files\daisytoolchain\arm-none-eabi\include\c++\10.2.1\bits\stl_algobase.h ****    *  possible.  Failing that, if random access iterators are passed, then the
 824:c:\program files\daisytoolchain\arm-none-eabi\include\c++\10.2.1\bits\stl_algobase.h ****    *  loop count will be known (and therefore a candidate for compiler
 825:c:\program files\daisytoolchain\arm-none-eabi\include\c++\10.2.1\bits\stl_algobase.h ****    *  optimizations such as unrolling).
 826:c:\program files\daisytoolchain\arm-none-eabi\include\c++\10.2.1\bits\stl_algobase.h ****    *
 827:c:\program files\daisytoolchain\arm-none-eabi\include\c++\10.2.1\bits\stl_algobase.h ****    *  Result may not be in the range (first,last].  Use move instead.  Note
 828:c:\program files\daisytoolchain\arm-none-eabi\include\c++\10.2.1\bits\stl_algobase.h ****    *  that the start of the output range may overlap [first,last).
 829:c:\program files\daisytoolchain\arm-none-eabi\include\c++\10.2.1\bits\stl_algobase.h ****   */
 830:c:\program files\daisytoolchain\arm-none-eabi\include\c++\10.2.1\bits\stl_algobase.h ****   template<typename _BI1, typename _BI2>
 831:c:\program files\daisytoolchain\arm-none-eabi\include\c++\10.2.1\bits\stl_algobase.h ****     _GLIBCXX20_CONSTEXPR
 832:c:\program files\daisytoolchain\arm-none-eabi\include\c++\10.2.1\bits\stl_algobase.h ****     inline _BI2
 833:c:\program files\daisytoolchain\arm-none-eabi\include\c++\10.2.1\bits\stl_algobase.h ****     move_backward(_BI1 __first, _BI1 __last, _BI2 __result)
 834:c:\program files\daisytoolchain\arm-none-eabi\include\c++\10.2.1\bits\stl_algobase.h ****     {
 835:c:\program files\daisytoolchain\arm-none-eabi\include\c++\10.2.1\bits\stl_algobase.h ****       // concept requirements
 836:c:\program files\daisytoolchain\arm-none-eabi\include\c++\10.2.1\bits\stl_algobase.h ****       __glibcxx_function_requires(_BidirectionalIteratorConcept<_BI1>)
 837:c:\program files\daisytoolchain\arm-none-eabi\include\c++\10.2.1\bits\stl_algobase.h ****       __glibcxx_function_requires(_Mutable_BidirectionalIteratorConcept<_BI2>)
 838:c:\program files\daisytoolchain\arm-none-eabi\include\c++\10.2.1\bits\stl_algobase.h ****       __glibcxx_function_requires(_ConvertibleConcept<
 839:c:\program files\daisytoolchain\arm-none-eabi\include\c++\10.2.1\bits\stl_algobase.h **** 	    typename iterator_traits<_BI1>::value_type,
 840:c:\program files\daisytoolchain\arm-none-eabi\include\c++\10.2.1\bits\stl_algobase.h **** 	    typename iterator_traits<_BI2>::value_type>)
 841:c:\program files\daisytoolchain\arm-none-eabi\include\c++\10.2.1\bits\stl_algobase.h ****       __glibcxx_requires_can_decrement_range(__first, __last, __result);
 842:c:\program files\daisytoolchain\arm-none-eabi\include\c++\10.2.1\bits\stl_algobase.h **** 
 843:c:\program files\daisytoolchain\arm-none-eabi\include\c++\10.2.1\bits\stl_algobase.h ****       return std::__copy_move_backward_a<true>(std::__miter_base(__first),
 844:c:\program files\daisytoolchain\arm-none-eabi\include\c++\10.2.1\bits\stl_algobase.h **** 					       std::__miter_base(__last),
 845:c:\program files\daisytoolchain\arm-none-eabi\include\c++\10.2.1\bits\stl_algobase.h **** 					       __result);
 846:c:\program files\daisytoolchain\arm-none-eabi\include\c++\10.2.1\bits\stl_algobase.h ****     }
 847:c:\program files\daisytoolchain\arm-none-eabi\include\c++\10.2.1\bits\stl_algobase.h **** 
 848:c:\program files\daisytoolchain\arm-none-eabi\include\c++\10.2.1\bits\stl_algobase.h **** #define _GLIBCXX_MOVE_BACKWARD3(_Tp, _Up, _Vp) std::move_backward(_Tp, _Up, _Vp)
 849:c:\program files\daisytoolchain\arm-none-eabi\include\c++\10.2.1\bits\stl_algobase.h **** #else
 850:c:\program files\daisytoolchain\arm-none-eabi\include\c++\10.2.1\bits\stl_algobase.h **** #define _GLIBCXX_MOVE_BACKWARD3(_Tp, _Up, _Vp) std::copy_backward(_Tp, _Up, _Vp)
 851:c:\program files\daisytoolchain\arm-none-eabi\include\c++\10.2.1\bits\stl_algobase.h **** #endif
 852:c:\program files\daisytoolchain\arm-none-eabi\include\c++\10.2.1\bits\stl_algobase.h **** 
 853:c:\program files\daisytoolchain\arm-none-eabi\include\c++\10.2.1\bits\stl_algobase.h ****   template<typename _ForwardIterator, typename _Tp>
 854:c:\program files\daisytoolchain\arm-none-eabi\include\c++\10.2.1\bits\stl_algobase.h ****     _GLIBCXX20_CONSTEXPR
 855:c:\program files\daisytoolchain\arm-none-eabi\include\c++\10.2.1\bits\stl_algobase.h ****     inline typename
 856:c:\program files\daisytoolchain\arm-none-eabi\include\c++\10.2.1\bits\stl_algobase.h ****     __gnu_cxx::__enable_if<!__is_scalar<_Tp>::__value, void>::__type
 857:c:\program files\daisytoolchain\arm-none-eabi\include\c++\10.2.1\bits\stl_algobase.h ****     __fill_a1(_ForwardIterator __first, _ForwardIterator __last,
 858:c:\program files\daisytoolchain\arm-none-eabi\include\c++\10.2.1\bits\stl_algobase.h **** 	      const _Tp& __value)
 859:c:\program files\daisytoolchain\arm-none-eabi\include\c++\10.2.1\bits\stl_algobase.h ****     {
 860:c:\program files\daisytoolchain\arm-none-eabi\include\c++\10.2.1\bits\stl_algobase.h ****       for (; __first != __last; ++__first)
 861:c:\program files\daisytoolchain\arm-none-eabi\include\c++\10.2.1\bits\stl_algobase.h **** 	*__first = __value;
 862:c:\program files\daisytoolchain\arm-none-eabi\include\c++\10.2.1\bits\stl_algobase.h ****     }
 863:c:\program files\daisytoolchain\arm-none-eabi\include\c++\10.2.1\bits\stl_algobase.h **** 
 864:c:\program files\daisytoolchain\arm-none-eabi\include\c++\10.2.1\bits\stl_algobase.h ****   template<typename _ForwardIterator, typename _Tp>
 865:c:\program files\daisytoolchain\arm-none-eabi\include\c++\10.2.1\bits\stl_algobase.h ****     _GLIBCXX20_CONSTEXPR
 866:c:\program files\daisytoolchain\arm-none-eabi\include\c++\10.2.1\bits\stl_algobase.h ****     inline typename
 867:c:\program files\daisytoolchain\arm-none-eabi\include\c++\10.2.1\bits\stl_algobase.h ****     __gnu_cxx::__enable_if<__is_scalar<_Tp>::__value, void>::__type
 868:c:\program files\daisytoolchain\arm-none-eabi\include\c++\10.2.1\bits\stl_algobase.h ****     __fill_a1(_ForwardIterator __first, _ForwardIterator __last,
 869:c:\program files\daisytoolchain\arm-none-eabi\include\c++\10.2.1\bits\stl_algobase.h **** 	      const _Tp& __value)
 870:c:\program files\daisytoolchain\arm-none-eabi\include\c++\10.2.1\bits\stl_algobase.h ****     {
 871:c:\program files\daisytoolchain\arm-none-eabi\include\c++\10.2.1\bits\stl_algobase.h ****       const _Tp __tmp = __value;
 872:c:\program files\daisytoolchain\arm-none-eabi\include\c++\10.2.1\bits\stl_algobase.h ****       for (; __first != __last; ++__first)
 873:c:\program files\daisytoolchain\arm-none-eabi\include\c++\10.2.1\bits\stl_algobase.h **** 	*__first = __tmp;
 1572              		.loc 6 873 11 is_stmt 0 view .LVU466
ARM GAS  C:\Users\aydan\AppData\Local\Temp\ccbXEJPg.s 			page 67


 1573 0024 1C4A     		ldr	r2, .L106+8
 1574 0026 0021     		movs	r1, #0
 1575 0028 2046     		mov	r0, r4
 1576              	.LBE278:
 1577              	.LBE277:
 1578              	.LBE276:
 1579              	.LBE275:
 1580              	.LBE274:
  52:../../DaisySP/Source/Utility/looper.h **** 
 1581              		.loc 2 52 22 view .LVU467
 1582 002a C6F8F048 		str	r4, [r6, #2288]
  51:../../DaisySP/Source/Utility/looper.h ****         buff_        = mem;
 1583              		.loc 2 51 22 view .LVU468
 1584 002e C6F8F478 		str	r7, [r6, #2292]
  52:../../DaisySP/Source/Utility/looper.h **** 
 1585              		.loc 2 52 9 is_stmt 1 view .LVU469
  54:../../DaisySP/Source/Utility/looper.h ****         state_      = State::EMPTY;
 1586              		.loc 2 54 9 view .LVU470
 1587              	.LVL108:
 1588              	.LBB283:
 1589              	.LBI274:
 266:../../DaisySP/Source/Utility/looper.h **** 
 1590              		.loc 2 266 10 view .LVU471
 1591              	.LBE283:
 1592              	.LBE285:
 1593              	.LBE292:
 266:../../DaisySP/Source/Utility/looper.h **** 
 1594              		.loc 2 266 23 view .LVU472
 1595              	.LBB293:
 1596              	.LBB286:
 1597              	.LBB284:
 1598              	.LBB282:
 1599              	.LBI275:
 874:c:\program files\daisytoolchain\arm-none-eabi\include\c++\10.2.1\bits\stl_algobase.h ****     }
 875:c:\program files\daisytoolchain\arm-none-eabi\include\c++\10.2.1\bits\stl_algobase.h **** 
 876:c:\program files\daisytoolchain\arm-none-eabi\include\c++\10.2.1\bits\stl_algobase.h ****   // Specialization: for char types we can use memset.
 877:c:\program files\daisytoolchain\arm-none-eabi\include\c++\10.2.1\bits\stl_algobase.h ****   template<typename _Tp>
 878:c:\program files\daisytoolchain\arm-none-eabi\include\c++\10.2.1\bits\stl_algobase.h ****     _GLIBCXX20_CONSTEXPR
 879:c:\program files\daisytoolchain\arm-none-eabi\include\c++\10.2.1\bits\stl_algobase.h ****     inline typename
 880:c:\program files\daisytoolchain\arm-none-eabi\include\c++\10.2.1\bits\stl_algobase.h ****     __gnu_cxx::__enable_if<__is_byte<_Tp>::__value, void>::__type
 881:c:\program files\daisytoolchain\arm-none-eabi\include\c++\10.2.1\bits\stl_algobase.h ****     __fill_a1(_Tp* __first, _Tp* __last, const _Tp& __c)
 882:c:\program files\daisytoolchain\arm-none-eabi\include\c++\10.2.1\bits\stl_algobase.h ****     {
 883:c:\program files\daisytoolchain\arm-none-eabi\include\c++\10.2.1\bits\stl_algobase.h ****       const _Tp __tmp = __c;
 884:c:\program files\daisytoolchain\arm-none-eabi\include\c++\10.2.1\bits\stl_algobase.h **** #if __cpp_lib_is_constant_evaluated
 885:c:\program files\daisytoolchain\arm-none-eabi\include\c++\10.2.1\bits\stl_algobase.h ****       if (std::is_constant_evaluated())
 886:c:\program files\daisytoolchain\arm-none-eabi\include\c++\10.2.1\bits\stl_algobase.h **** 	{
 887:c:\program files\daisytoolchain\arm-none-eabi\include\c++\10.2.1\bits\stl_algobase.h **** 	  for (; __first != __last; ++__first)
 888:c:\program files\daisytoolchain\arm-none-eabi\include\c++\10.2.1\bits\stl_algobase.h **** 	    *__first = __tmp;
 889:c:\program files\daisytoolchain\arm-none-eabi\include\c++\10.2.1\bits\stl_algobase.h **** 	  return;
 890:c:\program files\daisytoolchain\arm-none-eabi\include\c++\10.2.1\bits\stl_algobase.h **** 	}
 891:c:\program files\daisytoolchain\arm-none-eabi\include\c++\10.2.1\bits\stl_algobase.h **** #endif
 892:c:\program files\daisytoolchain\arm-none-eabi\include\c++\10.2.1\bits\stl_algobase.h ****       if (const size_t __len = __last - __first)
 893:c:\program files\daisytoolchain\arm-none-eabi\include\c++\10.2.1\bits\stl_algobase.h **** 	__builtin_memset(__first, static_cast<unsigned char>(__tmp), __len);
 894:c:\program files\daisytoolchain\arm-none-eabi\include\c++\10.2.1\bits\stl_algobase.h ****     }
 895:c:\program files\daisytoolchain\arm-none-eabi\include\c++\10.2.1\bits\stl_algobase.h **** 
 896:c:\program files\daisytoolchain\arm-none-eabi\include\c++\10.2.1\bits\stl_algobase.h ****   template<typename _Ite, typename _Cont, typename _Tp>
 897:c:\program files\daisytoolchain\arm-none-eabi\include\c++\10.2.1\bits\stl_algobase.h ****     _GLIBCXX20_CONSTEXPR
ARM GAS  C:\Users\aydan\AppData\Local\Temp\ccbXEJPg.s 			page 68


 898:c:\program files\daisytoolchain\arm-none-eabi\include\c++\10.2.1\bits\stl_algobase.h ****     inline void
 899:c:\program files\daisytoolchain\arm-none-eabi\include\c++\10.2.1\bits\stl_algobase.h ****     __fill_a1(::__gnu_cxx::__normal_iterator<_Ite, _Cont> __first,
 900:c:\program files\daisytoolchain\arm-none-eabi\include\c++\10.2.1\bits\stl_algobase.h **** 	      ::__gnu_cxx::__normal_iterator<_Ite, _Cont> __last,
 901:c:\program files\daisytoolchain\arm-none-eabi\include\c++\10.2.1\bits\stl_algobase.h **** 	      const _Tp& __value)
 902:c:\program files\daisytoolchain\arm-none-eabi\include\c++\10.2.1\bits\stl_algobase.h ****     { std::__fill_a1(__first.base(), __last.base(), __value); }
 903:c:\program files\daisytoolchain\arm-none-eabi\include\c++\10.2.1\bits\stl_algobase.h **** 
 904:c:\program files\daisytoolchain\arm-none-eabi\include\c++\10.2.1\bits\stl_algobase.h ****   template<typename _Tp, typename _VTp>
 905:c:\program files\daisytoolchain\arm-none-eabi\include\c++\10.2.1\bits\stl_algobase.h ****     void
 906:c:\program files\daisytoolchain\arm-none-eabi\include\c++\10.2.1\bits\stl_algobase.h ****     __fill_a1(const _GLIBCXX_STD_C::_Deque_iterator<_Tp, _Tp&, _Tp*>&,
 907:c:\program files\daisytoolchain\arm-none-eabi\include\c++\10.2.1\bits\stl_algobase.h **** 	      const _GLIBCXX_STD_C::_Deque_iterator<_Tp, _Tp&, _Tp*>&,
 908:c:\program files\daisytoolchain\arm-none-eabi\include\c++\10.2.1\bits\stl_algobase.h **** 	      const _VTp&);
 909:c:\program files\daisytoolchain\arm-none-eabi\include\c++\10.2.1\bits\stl_algobase.h **** 
 910:c:\program files\daisytoolchain\arm-none-eabi\include\c++\10.2.1\bits\stl_algobase.h ****   template<typename _FIte, typename _Tp>
 911:c:\program files\daisytoolchain\arm-none-eabi\include\c++\10.2.1\bits\stl_algobase.h ****     _GLIBCXX20_CONSTEXPR
 912:c:\program files\daisytoolchain\arm-none-eabi\include\c++\10.2.1\bits\stl_algobase.h ****     inline void
 913:c:\program files\daisytoolchain\arm-none-eabi\include\c++\10.2.1\bits\stl_algobase.h ****     __fill_a(_FIte __first, _FIte __last, const _Tp& __value)
 914:c:\program files\daisytoolchain\arm-none-eabi\include\c++\10.2.1\bits\stl_algobase.h ****     { std::__fill_a1(__first, __last, __value); }
 915:c:\program files\daisytoolchain\arm-none-eabi\include\c++\10.2.1\bits\stl_algobase.h **** 
 916:c:\program files\daisytoolchain\arm-none-eabi\include\c++\10.2.1\bits\stl_algobase.h ****   template<typename _Ite, typename _Seq, typename _Cat, typename _Tp>
 917:c:\program files\daisytoolchain\arm-none-eabi\include\c++\10.2.1\bits\stl_algobase.h ****     void
 918:c:\program files\daisytoolchain\arm-none-eabi\include\c++\10.2.1\bits\stl_algobase.h ****     __fill_a(const ::__gnu_debug::_Safe_iterator<_Ite, _Seq, _Cat>&,
 919:c:\program files\daisytoolchain\arm-none-eabi\include\c++\10.2.1\bits\stl_algobase.h **** 	     const ::__gnu_debug::_Safe_iterator<_Ite, _Seq, _Cat>&,
 920:c:\program files\daisytoolchain\arm-none-eabi\include\c++\10.2.1\bits\stl_algobase.h **** 	     const _Tp&);
 921:c:\program files\daisytoolchain\arm-none-eabi\include\c++\10.2.1\bits\stl_algobase.h **** 
 922:c:\program files\daisytoolchain\arm-none-eabi\include\c++\10.2.1\bits\stl_algobase.h ****   /**
 923:c:\program files\daisytoolchain\arm-none-eabi\include\c++\10.2.1\bits\stl_algobase.h ****    *  @brief Fills the range [first,last) with copies of value.
 924:c:\program files\daisytoolchain\arm-none-eabi\include\c++\10.2.1\bits\stl_algobase.h ****    *  @ingroup mutating_algorithms
 925:c:\program files\daisytoolchain\arm-none-eabi\include\c++\10.2.1\bits\stl_algobase.h ****    *  @param  __first  A forward iterator.
 926:c:\program files\daisytoolchain\arm-none-eabi\include\c++\10.2.1\bits\stl_algobase.h ****    *  @param  __last   A forward iterator.
 927:c:\program files\daisytoolchain\arm-none-eabi\include\c++\10.2.1\bits\stl_algobase.h ****    *  @param  __value  A reference-to-const of arbitrary type.
 928:c:\program files\daisytoolchain\arm-none-eabi\include\c++\10.2.1\bits\stl_algobase.h ****    *  @return   Nothing.
 929:c:\program files\daisytoolchain\arm-none-eabi\include\c++\10.2.1\bits\stl_algobase.h ****    *
 930:c:\program files\daisytoolchain\arm-none-eabi\include\c++\10.2.1\bits\stl_algobase.h ****    *  This function fills a range with copies of the same value.  For char
 931:c:\program files\daisytoolchain\arm-none-eabi\include\c++\10.2.1\bits\stl_algobase.h ****    *  types filling contiguous areas of memory, this becomes an inline call
 932:c:\program files\daisytoolchain\arm-none-eabi\include\c++\10.2.1\bits\stl_algobase.h ****    *  to @c memset or @c wmemset.
 933:c:\program files\daisytoolchain\arm-none-eabi\include\c++\10.2.1\bits\stl_algobase.h ****   */
 934:c:\program files\daisytoolchain\arm-none-eabi\include\c++\10.2.1\bits\stl_algobase.h ****   template<typename _ForwardIterator, typename _Tp>
 935:c:\program files\daisytoolchain\arm-none-eabi\include\c++\10.2.1\bits\stl_algobase.h ****     _GLIBCXX20_CONSTEXPR
 936:c:\program files\daisytoolchain\arm-none-eabi\include\c++\10.2.1\bits\stl_algobase.h ****     inline void
 937:c:\program files\daisytoolchain\arm-none-eabi\include\c++\10.2.1\bits\stl_algobase.h ****     fill(_ForwardIterator __first, _ForwardIterator __last, const _Tp& __value)
 1600              		.loc 6 937 5 view .LVU473
 1601              	.LBB281:
 1602              	.LBI276:
 913:c:\program files\daisytoolchain\arm-none-eabi\include\c++\10.2.1\bits\stl_algobase.h ****     { std::__fill_a1(__first, __last, __value); }
 1603              		.loc 6 913 5 view .LVU474
 1604              	.LBB280:
 1605              	.LBI277:
 868:c:\program files\daisytoolchain\arm-none-eabi\include\c++\10.2.1\bits\stl_algobase.h **** 	      const _Tp& __value)
 1606              		.loc 6 868 5 view .LVU475
 1607              	.LBB279:
 872:c:\program files\daisytoolchain\arm-none-eabi\include\c++\10.2.1\bits\stl_algobase.h **** 	*__first = __tmp;
 1608              		.loc 6 872 22 view .LVU476
 873:c:\program files\daisytoolchain\arm-none-eabi\include\c++\10.2.1\bits\stl_algobase.h ****     }
 1609              		.loc 6 873 11 is_stmt 0 view .LVU477
 1610 0032 FFF7FEFF 		bl	memset
 1611              	.LVL109:
 873:c:\program files\daisytoolchain\arm-none-eabi\include\c++\10.2.1\bits\stl_algobase.h ****     }
ARM GAS  C:\Users\aydan\AppData\Local\Temp\ccbXEJPg.s 			page 69


 1612              		.loc 6 873 11 view .LVU478
 1613              	.LBE279:
 1614              	.LBE280:
 1615              	.LBE281:
 1616              	.LBE282:
 1617              	.LBE284:
  55:../../DaisySP/Source/Utility/looper.h ****         mode_       = Mode::NORMAL;
 1618              		.loc 2 55 9 is_stmt 1 view .LVU479
 1619              	.LBE286:
 1620              	.LBE293:
  68:gml/GuitarPedal/Effect-Modules/granulardelay_module.cpp **** 
 1621              		.loc 1 68 19 is_stmt 0 view .LVU480
 1622 0036 3A46     		mov	r2, r7
 1623 0038 2146     		mov	r1, r4
 1624              	.LBB294:
 1625              	.LBB287:
  55:../../DaisySP/Source/Utility/looper.h ****         mode_       = Mode::NORMAL;
 1626              		.loc 2 55 21 view .LVU481
 1627 003a 0027     		movs	r7, #0
  62:../../DaisySP/Source/Utility/looper.h ****     }
 1628              		.loc 2 62 24 view .LVU482
 1629 003c 4FF07E54 		mov	r4, #1065353216
 1630 0040 06F6E803 		addw	r3, r6, #2280
  55:../../DaisySP/Source/Utility/looper.h ****         mode_       = Mode::NORMAL;
 1631              		.loc 2 55 21 view .LVU483
 1632 0044 C6F8EC78 		str	r7, [r6, #2284]
  56:../../DaisySP/Source/Utility/looper.h ****         half_speed_ = false;
 1633              		.loc 2 56 9 is_stmt 1 view .LVU484
  57:../../DaisySP/Source/Utility/looper.h ****         reverse_    = false;
 1634              		.loc 2 57 9 view .LVU485
  58:../../DaisySP/Source/Utility/looper.h ****         rec_queue_  = false;
 1635              		.loc 2 58 9 view .LVU486
  59:../../DaisySP/Source/Utility/looper.h ****         win_idx_    = 0;
 1636              		.loc 2 59 9 view .LVU487
 1637              	.LBE287:
 1638              	.LBE294:
  68:gml/GuitarPedal/Effect-Modules/granulardelay_module.cpp **** 
 1639              		.loc 1 68 19 is_stmt 0 view .LVU488
 1640 0048 B0EE480A 		vmov.f32	s0, s16
 1641              	.LBB295:
 1642              	.LBB288:
  59:../../DaisySP/Source/Utility/looper.h ****         win_idx_    = 0;
 1643              		.loc 2 59 21 view .LVU489
 1644 004c 86F80C79 		strb	r7, [r6, #2316]
  60:../../DaisySP/Source/Utility/looper.h **** 
 1645              		.loc 2 60 9 is_stmt 1 view .LVU490
 1646              	.LBE288:
 1647              	.LBE295:
  68:gml/GuitarPedal/Effect-Modules/granulardelay_module.cpp **** 
 1648              		.loc 1 68 19 is_stmt 0 view .LVU491
 1649 0050 B6EE001A 		vmov.f32	s2, #5.0e-1
 1650              	.LBB296:
 1651              	.LBB289:
  60:../../DaisySP/Source/Utility/looper.h **** 
 1652              		.loc 2 60 21 view .LVU492
 1653 0054 C6F80079 		str	r7, [r6, #2304]
 1654              	.LBE289:
ARM GAS  C:\Users\aydan\AppData\Local\Temp\ccbXEJPg.s 			page 70


 1655              	.LBE296:
  68:gml/GuitarPedal/Effect-Modules/granulardelay_module.cpp **** 
 1656              		.loc 1 68 19 view .LVU493
 1657 0058 05F12400 		add	r0, r5, #36
 1658              	.LBB297:
 1659              	.LBB290:
  57:../../DaisySP/Source/Utility/looper.h ****         reverse_    = false;
 1660              		.loc 2 57 21 view .LVU494
 1661 005c A6F80479 		strh	r7, [r6, #2308]	@ movhi
  62:../../DaisySP/Source/Utility/looper.h ****     }
 1662              		.loc 2 62 9 is_stmt 1 view .LVU495
  62:../../DaisySP/Source/Utility/looper.h ****     }
 1663              		.loc 2 62 24 is_stmt 0 view .LVU496
 1664 0060 9C62     		str	r4, [r3, #40]	@ float
 1665              	.LVL110:
  62:../../DaisySP/Source/Utility/looper.h ****     }
 1666              		.loc 2 62 24 view .LVU497
 1667              	.LBE290:
 1668              	.LBE297:
  67:gml/GuitarPedal/Effect-Modules/granulardelay_module.cpp ****     granular_.Init(buffer_gran_delay, kMaxSamples, sample_rate, 0.0f, 0.5f);
 1669              		.loc 1 67 5 is_stmt 1 view .LVU498
 1670              	.LBB298:
 1671              	.LBI298:
 223:../../DaisySP/Source/Utility/looper.h **** 
 1672              		.loc 2 223 17 view .LVU499
 1673              	.LBB299:
 223:../../DaisySP/Source/Utility/looper.h **** 
 1674              		.loc 2 223 38 view .LVU500
 223:../../DaisySP/Source/Utility/looper.h **** 
 1675              		.loc 2 223 44 is_stmt 0 view .LVU501
 1676 0062 0323     		movs	r3, #3
 1677              	.LBE299:
 1678              	.LBE298:
 1679              	.LBB301:
  73:gml/GuitarPedal/Effect-Modules/granulardelay_module.cpp ****         ParameterChanged(i);
 1680              		.loc 1 73 13 view .LVU502
 1681 0064 3C46     		mov	r4, r7
 1682              	.LBE301:
  68:gml/GuitarPedal/Effect-Modules/granulardelay_module.cpp **** 
 1683              		.loc 1 68 19 view .LVU503
 1684 0066 DFED0D0A 		vldr.32	s1, .L106+12
 1685              	.LBB302:
 1686              	.LBB300:
 223:../../DaisySP/Source/Utility/looper.h **** 
 1687              		.loc 2 223 44 view .LVU504
 1688 006a C6F8E838 		str	r3, [r6, #2280]
 1689              	.LVL111:
 223:../../DaisySP/Source/Utility/looper.h **** 
 1690              		.loc 2 223 44 view .LVU505
 1691              	.LBE300:
 1692              	.LBE302:
  68:gml/GuitarPedal/Effect-Modules/granulardelay_module.cpp **** 
 1693              		.loc 1 68 5 is_stmt 1 view .LVU506
  68:gml/GuitarPedal/Effect-Modules/granulardelay_module.cpp **** 
 1694              		.loc 1 68 19 is_stmt 0 view .LVU507
 1695 006e FFF7FEFF 		bl	_ZN17GranularPlayerMod4InitEPfifff
 1696              	.LVL112:
ARM GAS  C:\Users\aydan\AppData\Local\Temp\ccbXEJPg.s 			page 71


  70:gml/GuitarPedal/Effect-Modules/granulardelay_module.cpp ****     loop_recorded_ = false;
 1697              		.loc 1 70 5 is_stmt 1 view .LVU508
  71:gml/GuitarPedal/Effect-Modules/granulardelay_module.cpp ****     hold_ = false;
 1698              		.loc 1 71 5 view .LVU509
  72:gml/GuitarPedal/Effect-Modules/granulardelay_module.cpp ****     for(int i = 0; i < PARAM_COUNT; ++i)
 1699              		.loc 1 72 5 view .LVU510
  70:gml/GuitarPedal/Effect-Modules/granulardelay_module.cpp ****     loop_recorded_ = false;
 1700              		.loc 1 70 18 is_stmt 0 view .LVU511
 1701 0072 C6F82C79 		str	r7, [r6, #2348]
  71:gml/GuitarPedal/Effect-Modules/granulardelay_module.cpp ****     hold_ = false;
 1702              		.loc 1 71 20 view .LVU512
 1703 0076 A6F83079 		strh	r7, [r6, #2352]	@ movhi
  73:gml/GuitarPedal/Effect-Modules/granulardelay_module.cpp ****         ParameterChanged(i);
 1704              		.loc 1 73 5 is_stmt 1 view .LVU513
 1705              	.LVL113:
 1706              	.LBB303:
  73:gml/GuitarPedal/Effect-Modules/granulardelay_module.cpp ****         ParameterChanged(i);
 1707              		.loc 1 73 22 view .LVU514
 1708              	.L103:
  74:gml/GuitarPedal/Effect-Modules/granulardelay_module.cpp **** }
 1709              		.loc 1 74 9 discriminator 2 view .LVU515
  74:gml/GuitarPedal/Effect-Modules/granulardelay_module.cpp **** }
 1710              		.loc 1 74 27 is_stmt 0 discriminator 2 view .LVU516
 1711 007a 2B68     		ldr	r3, [r5]
  74:gml/GuitarPedal/Effect-Modules/granulardelay_module.cpp **** }
 1712              		.loc 1 74 25 discriminator 2 view .LVU517
 1713 007c 2146     		mov	r1, r4
  73:gml/GuitarPedal/Effect-Modules/granulardelay_module.cpp ****         ParameterChanged(i);
 1714              		.loc 1 73 5 discriminator 2 view .LVU518
 1715 007e 0134     		adds	r4, r4, #1
 1716              	.LVL114:
  74:gml/GuitarPedal/Effect-Modules/granulardelay_module.cpp **** }
 1717              		.loc 1 74 25 discriminator 2 view .LVU519
 1718 0080 2846     		mov	r0, r5
 1719 0082 DB6A     		ldr	r3, [r3, #44]
 1720 0084 9847     		blx	r3
 1721              	.LVL115:
  73:gml/GuitarPedal/Effect-Modules/granulardelay_module.cpp ****         ParameterChanged(i);
 1722              		.loc 1 73 5 is_stmt 1 discriminator 2 view .LVU520
  73:gml/GuitarPedal/Effect-Modules/granulardelay_module.cpp ****         ParameterChanged(i);
 1723              		.loc 1 73 22 discriminator 2 view .LVU521
 1724 0086 072C     		cmp	r4, #7
 1725 0088 F7D1     		bne	.L103
 1726              	.LBE303:
  75:gml/GuitarPedal/Effect-Modules/granulardelay_module.cpp **** 
 1727              		.loc 1 75 1 is_stmt 0 view .LVU522
 1728 008a BDEC028B 		vldm	sp!, {d8}
 1729              		.cfi_restore 80
 1730              		.cfi_restore 81
 1731              		.cfi_def_cfa_offset 24
 1732              	.LVL116:
  75:gml/GuitarPedal/Effect-Modules/granulardelay_module.cpp **** 
 1733              		.loc 1 75 1 view .LVU523
 1734 008e F8BD     		pop	{r3, r4, r5, r6, r7, pc}
 1735              	.LVL117:
 1736              	.L107:
  75:gml/GuitarPedal/Effect-Modules/granulardelay_module.cpp **** 
ARM GAS  C:\Users\aydan\AppData\Local\Temp\ccbXEJPg.s 			page 72


 1737              		.loc 1 75 1 view .LVU524
 1738              		.align	2
 1739              	.L106:
 1740 0090 00000000 		.word	_ZN12_GLOBAL__N_117buffer_gran_delayE
 1741 0094 00770100 		.word	96000
 1742 0098 FC760100 		.word	95996
 1743 009c 00000000 		.word	0
 1744              		.cfi_endproc
 1745              	.LFE4742:
 1747              		.section	.text._ZN10bkshepherd19GranularDelayModule11ProcessMonoEf,"ax",%progbits
 1748              		.align	1
 1749              		.p2align 2,,3
 1750              		.global	_ZN10bkshepherd19GranularDelayModule11ProcessMonoEf
 1751              		.syntax unified
 1752              		.thumb
 1753              		.thumb_func
 1754              		.fpu fpv5-d16
 1756              	_ZN10bkshepherd19GranularDelayModule11ProcessMonoEf:
 1757              	.LVL118:
 1758              	.LFB4744:
 115:gml/GuitarPedal/Effect-Modules/granulardelay_module.cpp ****     BaseEffectModule::ProcessMono(in);
 1759              		.loc 1 115 1 is_stmt 1 view -0
 1760              		.cfi_startproc
 1761              		@ args = 0, pretend = 0, frame = 8
 1762              		@ frame_needed = 0, uses_anonymous_args = 0
 116:gml/GuitarPedal/Effect-Modules/granulardelay_module.cpp **** 
 1763              		.loc 1 116 5 view .LVU526
 115:gml/GuitarPedal/Effect-Modules/granulardelay_module.cpp ****     BaseEffectModule::ProcessMono(in);
 1764              		.loc 1 115 1 is_stmt 0 view .LVU527
 1765 0000 30B5     		push	{r4, r5, lr}
 1766              		.cfi_def_cfa_offset 12
 1767              		.cfi_offset 4, -12
 1768              		.cfi_offset 5, -8
 1769              		.cfi_offset 14, -4
 1770 0002 0546     		mov	r5, r0
 118:gml/GuitarPedal/Effect-Modules/granulardelay_module.cpp ****     {
 1771              		.loc 1 118 9 view .LVU528
 1772 0004 05F58054 		add	r4, r5, #4096
 115:gml/GuitarPedal/Effect-Modules/granulardelay_module.cpp ****     BaseEffectModule::ProcessMono(in);
 1773              		.loc 1 115 1 view .LVU529
 1774 0008 2DED028B 		vpush.64	{d8}
 1775              		.cfi_def_cfa_offset 20
 1776              		.cfi_offset 80, -20
 1777              		.cfi_offset 81, -16
 1778 000c 83B0     		sub	sp, sp, #12
 1779              		.cfi_def_cfa_offset 32
 115:gml/GuitarPedal/Effect-Modules/granulardelay_module.cpp ****     BaseEffectModule::ProcessMono(in);
 1780              		.loc 1 115 1 view .LVU530
 1781 000e B0EE408A 		vmov.f32	s16, s0
 116:gml/GuitarPedal/Effect-Modules/granulardelay_module.cpp **** 
 1782              		.loc 1 116 34 view .LVU531
 1783 0012 FFF7FEFF 		bl	_ZN10bkshepherd16BaseEffectModule11ProcessMonoEf
 1784              	.LVL119:
 118:gml/GuitarPedal/Effect-Modules/granulardelay_module.cpp ****     {
 1785              		.loc 1 118 5 is_stmt 1 view .LVU532
 1786 0016 94F83039 		ldrb	r3, [r4, #2352]	@ zero_extendqisi2
 1787 001a 53B9     		cbnz	r3, .L110
ARM GAS  C:\Users\aydan\AppData\Local\Temp\ccbXEJPg.s 			page 73


 120:gml/GuitarPedal/Effect-Modules/granulardelay_module.cpp ****             looper_.TrigRecord();
 1788              		.loc 1 120 9 view .LVU533
 120:gml/GuitarPedal/Effect-Modules/granulardelay_module.cpp ****             looper_.TrigRecord();
 1789              		.loc 1 120 12 is_stmt 0 view .LVU534
 1790 001c D4F82C39 		ldr	r3, [r4, #2348]
 120:gml/GuitarPedal/Effect-Modules/granulardelay_module.cpp ****             looper_.TrigRecord();
 1791              		.loc 1 120 9 view .LVU535
 1792 0020 002B     		cmp	r3, #0
 1793 0022 5ED0     		beq	.L131
 122:gml/GuitarPedal/Effect-Modules/granulardelay_module.cpp ****         {
 1794              		.loc 1 122 9 is_stmt 1 view .LVU536
 1795 0024 45F6C052 		movw	r2, #24000
 1796 0028 9342     		cmp	r3, r2
 1797 002a 4FDC     		bgt	.L132
 1798              	.L119:
 129:gml/GuitarPedal/Effect-Modules/granulardelay_module.cpp ****         }
 1799              		.loc 1 129 13 view .LVU537
 1800 002c 0133     		adds	r3, r3, #1
 1801 002e C4F82C39 		str	r3, [r4, #2348]
 1802              	.L110:
 133:gml/GuitarPedal/Effect-Modules/granulardelay_module.cpp ****         looper_.Process(in);
 1803              		.loc 1 133 5 view .LVU538
 1804 0032 94F83139 		ldrb	r3, [r4, #2353]	@ zero_extendqisi2
 1805 0036 002B     		cmp	r3, #0
 1806 0038 40D0     		beq	.L133
 1807              	.L129:
 136:gml/GuitarPedal/Effect-Modules/granulardelay_module.cpp ****     granular_.Process(speed_, pitch_cents_, current_grain_size_ms_, width_ms_);
 1808              		.loc 1 136 5 view .LVU539
 136:gml/GuitarPedal/Effect-Modules/granulardelay_module.cpp ****     granular_.Process(speed_, pitch_cents_, current_grain_size_ms_, width_ms_);
 1809              		.loc 1 136 28 is_stmt 0 view .LVU540
 1810 003a 04F62813 		addw	r3, r4, #2344
 136:gml/GuitarPedal/Effect-Modules/granulardelay_module.cpp ****     granular_.Process(speed_, pitch_cents_, current_grain_size_ms_, width_ms_);
 1811              		.loc 1 136 42 view .LVU541
 1812 003e 04F61812 		addw	r2, r4, #2328
 136:gml/GuitarPedal/Effect-Modules/granulardelay_module.cpp ****     granular_.Process(speed_, pitch_cents_, current_grain_size_ms_, width_ms_);
 1813              		.loc 1 136 28 view .LVU542
 1814 0042 9FED527A 		vldr.32	s14, .L136
 137:gml/GuitarPedal/Effect-Modules/granulardelay_module.cpp **** 
 1815              		.loc 1 137 22 view .LVU543
 1816 0046 05F12400 		add	r0, r5, #36
 136:gml/GuitarPedal/Effect-Modules/granulardelay_module.cpp ****     granular_.Process(speed_, pitch_cents_, current_grain_size_ms_, width_ms_);
 1817              		.loc 1 136 28 view .LVU544
 1818 004a 93ED001A 		vldr.32	s2, [r3]
 136:gml/GuitarPedal/Effect-Modules/granulardelay_module.cpp ****     granular_.Process(speed_, pitch_cents_, current_grain_size_ms_, width_ms_);
 1819              		.loc 1 136 51 view .LVU545
 1820 004e D2ED007A 		vldr.32	s15, [r2]
 137:gml/GuitarPedal/Effect-Modules/granulardelay_module.cpp **** 
 1821              		.loc 1 137 22 view .LVU546
 1822 0052 04F62412 		addw	r2, r4, #2340
 1823 0056 0190     		str	r0, [sp, #4]
 136:gml/GuitarPedal/Effect-Modules/granulardelay_module.cpp ****     granular_.Process(speed_, pitch_cents_, current_grain_size_ms_, width_ms_);
 1824              		.loc 1 136 51 view .LVU547
 1825 0058 77EEC17A 		vsub.f32	s15, s15, s2
 137:gml/GuitarPedal/Effect-Modules/granulardelay_module.cpp **** 
 1826              		.loc 1 137 22 view .LVU548
 1827 005c D2ED001A 		vldr.32	s3, [r2]
 136:gml/GuitarPedal/Effect-Modules/granulardelay_module.cpp ****     granular_.Process(speed_, pitch_cents_, current_grain_size_ms_, width_ms_);
ARM GAS  C:\Users\aydan\AppData\Local\Temp\ccbXEJPg.s 			page 74


 1828              		.loc 1 136 28 view .LVU549
 1829 0060 A7EE871A 		vfma.f32	s2, s15, s14
 1830 0064 83ED001A 		vstr.32	s2, [r3]
 137:gml/GuitarPedal/Effect-Modules/granulardelay_module.cpp **** 
 1831              		.loc 1 137 5 is_stmt 1 view .LVU550
 137:gml/GuitarPedal/Effect-Modules/granulardelay_module.cpp **** 
 1832              		.loc 1 137 22 is_stmt 0 view .LVU551
 1833 0068 04F61413 		addw	r3, r4, #2324
 141:gml/GuitarPedal/Effect-Modules/granulardelay_module.cpp ****     m_audioRight = gran_right * mix_ + in * (1.0f - mix_);
 1834              		.loc 1 141 31 view .LVU552
 1835 006c 04F61C14 		addw	r4, r4, #2332
 137:gml/GuitarPedal/Effect-Modules/granulardelay_module.cpp **** 
 1836              		.loc 1 137 22 view .LVU553
 1837 0070 D3ED000A 		vldr.32	s1, [r3]
 1838 0074 05F5C953 		add	r3, r5, #6432
 1839 0078 93ED000A 		vldr.32	s0, [r3]
 1840 007c FFF7FEFF 		bl	_ZN17GranularPlayerMod7ProcessEffff
 1841              	.LVL120:
 139:gml/GuitarPedal/Effect-Modules/granulardelay_module.cpp ****     const float gran_right = granular_.getRightOut();
 1842              		.loc 1 139 5 is_stmt 1 view .LVU554
 139:gml/GuitarPedal/Effect-Modules/granulardelay_module.cpp ****     const float gran_right = granular_.getRightOut();
 1843              		.loc 1 139 49 is_stmt 0 view .LVU555
 1844 0080 0198     		ldr	r0, [sp, #4]
 1845 0082 FFF7FEFF 		bl	_ZN17GranularPlayerMod10getLeftOutEv
 1846              	.LVL121:
 140:gml/GuitarPedal/Effect-Modules/granulardelay_module.cpp ****     m_audioLeft = gran_left * mix_ + in * (1.0f - mix_);
 1847              		.loc 1 140 51 view .LVU556
 1848 0086 0198     		ldr	r0, [sp, #4]
 139:gml/GuitarPedal/Effect-Modules/granulardelay_module.cpp ****     const float gran_right = granular_.getRightOut();
 1849              		.loc 1 139 49 view .LVU557
 1850 0088 F0EE408A 		vmov.f32	s17, s0
 1851              	.LVL122:
 140:gml/GuitarPedal/Effect-Modules/granulardelay_module.cpp ****     m_audioLeft = gran_left * mix_ + in * (1.0f - mix_);
 1852              		.loc 1 140 5 is_stmt 1 view .LVU558
 140:gml/GuitarPedal/Effect-Modules/granulardelay_module.cpp ****     m_audioLeft = gran_left * mix_ + in * (1.0f - mix_);
 1853              		.loc 1 140 51 is_stmt 0 view .LVU559
 1854 008c FFF7FEFF 		bl	_ZN17GranularPlayerMod11getRightOutEv
 1855              	.LVL123:
 141:gml/GuitarPedal/Effect-Modules/granulardelay_module.cpp ****     m_audioRight = gran_right * mix_ + in * (1.0f - mix_);
 1856              		.loc 1 141 5 is_stmt 1 view .LVU560
 141:gml/GuitarPedal/Effect-Modules/granulardelay_module.cpp ****     m_audioRight = gran_right * mix_ + in * (1.0f - mix_);
 1857              		.loc 1 141 49 is_stmt 0 view .LVU561
 1858 0090 B7EE007A 		vmov.f32	s14, #1.0e+0
 141:gml/GuitarPedal/Effect-Modules/granulardelay_module.cpp ****     m_audioRight = gran_right * mix_ + in * (1.0f - mix_);
 1859              		.loc 1 141 31 view .LVU562
 1860 0094 D4ED006A 		vldr.32	s13, [r4]
 141:gml/GuitarPedal/Effect-Modules/granulardelay_module.cpp ****     m_audioRight = gran_right * mix_ + in * (1.0f - mix_);
 1861              		.loc 1 141 49 view .LVU563
 1862 0098 37EE667A 		vsub.f32	s14, s14, s13
 141:gml/GuitarPedal/Effect-Modules/granulardelay_module.cpp ****     m_audioRight = gran_right * mix_ + in * (1.0f - mix_);
 1863              		.loc 1 141 41 view .LVU564
 1864 009c 67EE087A 		vmul.f32	s15, s14, s16
 141:gml/GuitarPedal/Effect-Modules/granulardelay_module.cpp ****     m_audioRight = gran_right * mix_ + in * (1.0f - mix_);
 1865              		.loc 1 141 36 view .LVU565
 1866 00a0 B0EE677A 		vmov.f32	s14, s15
 142:gml/GuitarPedal/Effect-Modules/granulardelay_module.cpp **** }
 1867              		.loc 1 142 38 view .LVU566
ARM GAS  C:\Users\aydan\AppData\Local\Temp\ccbXEJPg.s 			page 75


 1868 00a4 E6EE807A 		vfma.f32	s15, s13, s0
 141:gml/GuitarPedal/Effect-Modules/granulardelay_module.cpp ****     m_audioRight = gran_right * mix_ + in * (1.0f - mix_);
 1869              		.loc 1 141 36 view .LVU567
 1870 00a8 A6EEA87A 		vfma.f32	s14, s13, s17
 142:gml/GuitarPedal/Effect-Modules/granulardelay_module.cpp **** }
 1871              		.loc 1 142 18 view .LVU568
 1872 00ac C5ED067A 		vstr.32	s15, [r5, #24]
 141:gml/GuitarPedal/Effect-Modules/granulardelay_module.cpp ****     m_audioRight = gran_right * mix_ + in * (1.0f - mix_);
 1873              		.loc 1 141 17 view .LVU569
 1874 00b0 85ED057A 		vstr.32	s14, [r5, #20]
 142:gml/GuitarPedal/Effect-Modules/granulardelay_module.cpp **** }
 1875              		.loc 1 142 5 is_stmt 1 view .LVU570
 143:gml/GuitarPedal/Effect-Modules/granulardelay_module.cpp **** 
 1876              		.loc 1 143 1 is_stmt 0 view .LVU571
 1877 00b4 03B0     		add	sp, sp, #12
 1878              		.cfi_remember_state
 1879              		.cfi_def_cfa_offset 20
 1880              		@ sp needed
 1881 00b6 BDEC028B 		vldm	sp!, {d8}
 1882              		.cfi_restore 80
 1883              		.cfi_restore 81
 1884              		.cfi_def_cfa_offset 12
 1885              	.LVL124:
 143:gml/GuitarPedal/Effect-Modules/granulardelay_module.cpp **** 
 1886              		.loc 1 143 1 view .LVU572
 1887 00ba 30BD     		pop	{r4, r5, pc}
 1888              	.LVL125:
 1889              	.L133:
 1890              		.cfi_restore_state
 134:gml/GuitarPedal/Effect-Modules/granulardelay_module.cpp **** 
 1891              		.loc 1 134 9 is_stmt 1 view .LVU573
 134:gml/GuitarPedal/Effect-Modules/granulardelay_module.cpp **** 
 1892              		.loc 1 134 24 is_stmt 0 view .LVU574
 1893 00bc 41F6E800 		movw	r0, #6376
 1894 00c0 B0EE480A 		vmov.f32	s0, s16
 1895 00c4 2844     		add	r0, r0, r5
 1896 00c6 FFF7FEFF 		bl	_ZN7daisysp6Looper7ProcessEf
 1897              	.LVL126:
 1898 00ca B6E7     		b	.L129
 1899              	.L132:
 124:gml/GuitarPedal/Effect-Modules/granulardelay_module.cpp ****             looper_.TrigRecord();
 1900              		.loc 1 124 13 is_stmt 1 view .LVU575
 124:gml/GuitarPedal/Effect-Modules/granulardelay_module.cpp ****             looper_.TrigRecord();
 1901              		.loc 1 124 28 is_stmt 0 view .LVU576
 1902 00cc 0122     		movs	r2, #1
 1903 00ce D4F8EC38 		ldr	r3, [r4, #2284]
 1904 00d2 84F83029 		strb	r2, [r4, #2352]
 125:gml/GuitarPedal/Effect-Modules/granulardelay_module.cpp ****         }
 1905              		.loc 1 125 13 is_stmt 1 view .LVU577
 1906              	.LVL127:
 1907              	.LBB308:
 1908              	.LBI308:
 179:../../DaisySP/Source/Utility/looper.h ****     {
 1909              		.loc 2 179 17 view .LVU578
 1910              	.LBB309:
 181:../../DaisySP/Source/Utility/looper.h ****         {
 1911              		.loc 2 181 9 view .LVU579
ARM GAS  C:\Users\aydan\AppData\Local\Temp\ccbXEJPg.s 			page 76


 1912 00d6 032B     		cmp	r3, #3
 1913 00d8 53D8     		bhi	.L121
 1914 00da DFE803F0 		tbb	[pc, r3]
 1915              	.L123:
 1916 00de 3B       		.byte	(.L125-.L123)/2
 1917 00df 14       		.byte	(.L122-.L123)/2
 1918 00e0 1E       		.byte	(.L124-.L123)/2
 1919 00e1 14       		.byte	(.L122-.L123)/2
 1920              	.LVL128:
 1921              		.p2align 1
 1922              	.L131:
 181:../../DaisySP/Source/Utility/looper.h ****         {
 1923              		.loc 2 181 9 is_stmt 0 view .LVU580
 1924              	.LBE309:
 1925              	.LBE308:
 121:gml/GuitarPedal/Effect-Modules/granulardelay_module.cpp ****         if(first_count_ > kMaxSamples)
 1926              		.loc 1 121 13 is_stmt 1 view .LVU581
 1927              	.LBB313:
 1928              	.LBI313:
 179:../../DaisySP/Source/Utility/looper.h ****     {
 1929              		.loc 2 179 17 view .LVU582
 1930              	.LBB314:
 181:../../DaisySP/Source/Utility/looper.h ****         {
 1931              		.loc 2 181 9 view .LVU583
 1932 00e2 D4F8EC28 		ldr	r2, [r4, #2284]
 1933 00e6 032A     		cmp	r2, #3
 1934 00e8 47D8     		bhi	.L112
 1935 00ea DFE802F0 		tbb	[pc, r2]
 1936              	.L114:
 1937 00ee 1E       		.byte	(.L116-.L114)/2
 1938 00ef 02       		.byte	(.L113-.L114)/2
 1939 00f0 2B       		.byte	(.L115-.L114)/2
 1940 00f1 02       		.byte	(.L113-.L114)/2
 1941              		.p2align 1
 1942              	.L113:
 190:../../DaisySP/Source/Utility/looper.h ****             case State::REC_DUB: state_ = State::PLAYING; break;
 1943              		.loc 2 190 13 view .LVU584
 191:../../DaisySP/Source/Utility/looper.h ****             case State::PLAYING:
 1944              		.loc 2 191 13 view .LVU585
 191:../../DaisySP/Source/Utility/looper.h ****             case State::PLAYING:
 1945              		.loc 2 191 34 view .LVU586
 191:../../DaisySP/Source/Utility/looper.h ****             case State::PLAYING:
 1946              		.loc 2 191 41 is_stmt 0 view .LVU587
 1947 00f2 0222     		movs	r2, #2
 1948 00f4 C4F8EC28 		str	r2, [r4, #2284]
 191:../../DaisySP/Source/Utility/looper.h ****             case State::PLAYING:
 1949              		.loc 2 191 59 is_stmt 1 view .LVU588
 1950              	.L117:
 200:../../DaisySP/Source/Utility/looper.h ****             win_idx_ = 0;
 1951              		.loc 2 200 9 view .LVU589
 1952 00f8 94F80C29 		ldrb	r2, [r4, #2316]	@ zero_extendqisi2
 1953 00fc 002A     		cmp	r2, #0
 1954 00fe 95D1     		bne	.L119
 201:../../DaisySP/Source/Utility/looper.h ****     }
 1955              		.loc 2 201 13 view .LVU590
 201:../../DaisySP/Source/Utility/looper.h ****     }
 1956              		.loc 2 201 22 is_stmt 0 view .LVU591
ARM GAS  C:\Users\aydan\AppData\Local\Temp\ccbXEJPg.s 			page 77


 1957 0100 C4F80029 		str	r2, [r4, #2304]
 1958 0104 92E7     		b	.L119
 1959              	.LVL129:
 1960              	.L122:
 201:../../DaisySP/Source/Utility/looper.h ****     }
 1961              		.loc 2 201 22 view .LVU592
 1962              	.LBE314:
 1963              	.LBE313:
 1964              	.LBB317:
 1965              	.LBB310:
 190:../../DaisySP/Source/Utility/looper.h ****             case State::REC_DUB: state_ = State::PLAYING; break;
 1966              		.loc 2 190 13 is_stmt 1 view .LVU593
 191:../../DaisySP/Source/Utility/looper.h ****             case State::PLAYING:
 1967              		.loc 2 191 13 view .LVU594
 191:../../DaisySP/Source/Utility/looper.h ****             case State::PLAYING:
 1968              		.loc 2 191 34 view .LVU595
 191:../../DaisySP/Source/Utility/looper.h ****             case State::PLAYING:
 1969              		.loc 2 191 41 is_stmt 0 view .LVU596
 1970 0106 0223     		movs	r3, #2
 1971 0108 C4F8EC38 		str	r3, [r4, #2284]
 191:../../DaisySP/Source/Utility/looper.h ****             case State::PLAYING:
 1972              		.loc 2 191 59 is_stmt 1 view .LVU597
 1973              	.L126:
 200:../../DaisySP/Source/Utility/looper.h ****             win_idx_ = 0;
 1974              		.loc 2 200 9 view .LVU598
 1975 010c 94F80C39 		ldrb	r3, [r4, #2316]	@ zero_extendqisi2
 1976 0110 002B     		cmp	r3, #0
 1977 0112 8ED1     		bne	.L110
 201:../../DaisySP/Source/Utility/looper.h ****     }
 1978              		.loc 2 201 13 view .LVU599
 201:../../DaisySP/Source/Utility/looper.h ****     }
 1979              		.loc 2 201 22 is_stmt 0 view .LVU600
 1980 0114 C4F80039 		str	r3, [r4, #2304]
 1981 0118 8BE7     		b	.L110
 1982              	.L124:
 192:../../DaisySP/Source/Utility/looper.h ****                 if(mode_ == Mode::ONETIME_DUB)
 1983              		.loc 2 192 13 is_stmt 1 view .LVU601
 193:../../DaisySP/Source/Utility/looper.h ****                     rec_queue_ = true;
 1984              		.loc 2 193 17 view .LVU602
 1985 011a D4F8E838 		ldr	r3, [r4, #2280]
 1986 011e 012B     		cmp	r3, #1
 1987 0120 25D0     		beq	.L134
 196:../../DaisySP/Source/Utility/looper.h ****                 break;
 1988              		.loc 2 196 21 view .LVU603
 196:../../DaisySP/Source/Utility/looper.h ****                 break;
 1989              		.loc 2 196 28 is_stmt 0 view .LVU604
 1990 0122 0323     		movs	r3, #3
 1991 0124 C4F8EC38 		str	r3, [r4, #2284]
 1992 0128 F0E7     		b	.L126
 1993              	.LVL130:
 1994              	.L116:
 196:../../DaisySP/Source/Utility/looper.h ****                 break;
 1995              		.loc 2 196 28 view .LVU605
 1996              	.LBE310:
 1997              	.LBE317:
 1998              	.LBB318:
 1999              	.LBB315:
ARM GAS  C:\Users\aydan\AppData\Local\Temp\ccbXEJPg.s 			page 78


 183:../../DaisySP/Source/Utility/looper.h ****                 pos_        = 0;
 2000              		.loc 2 183 13 is_stmt 1 view .LVU606
 184:../../DaisySP/Source/Utility/looper.h ****                 recsize_    = 0;
 2001              		.loc 2 184 17 view .LVU607
 184:../../DaisySP/Source/Utility/looper.h ****                 recsize_    = 0;
 2002              		.loc 2 184 29 is_stmt 0 view .LVU608
 2003 012a 04F6E802 		addw	r2, r4, #2280
 2004 012e 0021     		movs	r1, #0
 2005 0130 1161     		str	r1, [r2, #16]	@ float
 185:../../DaisySP/Source/Utility/looper.h ****                 state_      = State::REC_FIRST;
 2006              		.loc 2 185 17 is_stmt 1 view .LVU609
 185:../../DaisySP/Source/Utility/looper.h ****                 state_      = State::REC_FIRST;
 2007              		.loc 2 185 29 is_stmt 0 view .LVU610
 2008 0132 0022     		movs	r2, #0
 186:../../DaisySP/Source/Utility/looper.h ****                 half_speed_ = false;
 2009              		.loc 2 186 29 view .LVU611
 2010 0134 0121     		movs	r1, #1
 185:../../DaisySP/Source/Utility/looper.h ****                 state_      = State::REC_FIRST;
 2011              		.loc 2 185 29 view .LVU612
 2012 0136 C4F80829 		str	r2, [r4, #2312]
 186:../../DaisySP/Source/Utility/looper.h ****                 half_speed_ = false;
 2013              		.loc 2 186 17 is_stmt 1 view .LVU613
 187:../../DaisySP/Source/Utility/looper.h ****                 reverse_    = false;
 2014              		.loc 2 187 29 is_stmt 0 view .LVU614
 2015 013a A4F80429 		strh	r2, [r4, #2308]	@ movhi
 186:../../DaisySP/Source/Utility/looper.h ****                 half_speed_ = false;
 2016              		.loc 2 186 29 view .LVU615
 2017 013e C4F8EC18 		str	r1, [r4, #2284]
 187:../../DaisySP/Source/Utility/looper.h ****                 reverse_    = false;
 2018              		.loc 2 187 17 is_stmt 1 view .LVU616
 188:../../DaisySP/Source/Utility/looper.h ****                 break;
 2019              		.loc 2 188 17 view .LVU617
 189:../../DaisySP/Source/Utility/looper.h ****             case State::REC_FIRST:
 2020              		.loc 2 189 17 view .LVU618
 2021 0142 D9E7     		b	.L117
 2022              	.L115:
 192:../../DaisySP/Source/Utility/looper.h ****                 if(mode_ == Mode::ONETIME_DUB)
 2023              		.loc 2 192 13 view .LVU619
 193:../../DaisySP/Source/Utility/looper.h ****                     rec_queue_ = true;
 2024              		.loc 2 193 17 view .LVU620
 2025 0144 D4F8E828 		ldr	r2, [r4, #2280]
 2026 0148 012A     		cmp	r2, #1
 2027 014a 13D0     		beq	.L135
 196:../../DaisySP/Source/Utility/looper.h ****                 break;
 2028              		.loc 2 196 21 view .LVU621
 196:../../DaisySP/Source/Utility/looper.h ****                 break;
 2029              		.loc 2 196 28 is_stmt 0 view .LVU622
 2030 014c 0322     		movs	r2, #3
 2031 014e C4F8EC28 		str	r2, [r4, #2284]
 2032 0152 D1E7     		b	.L117
 2033              	.LVL131:
 2034              	.L125:
 196:../../DaisySP/Source/Utility/looper.h ****                 break;
 2035              		.loc 2 196 28 view .LVU623
 2036              	.LBE315:
 2037              	.LBE318:
 2038              	.LBB319:
ARM GAS  C:\Users\aydan\AppData\Local\Temp\ccbXEJPg.s 			page 79


 2039              	.LBB311:
 183:../../DaisySP/Source/Utility/looper.h ****                 pos_        = 0;
 2040              		.loc 2 183 13 is_stmt 1 view .LVU624
 184:../../DaisySP/Source/Utility/looper.h ****                 recsize_    = 0;
 2041              		.loc 2 184 17 view .LVU625
 184:../../DaisySP/Source/Utility/looper.h ****                 recsize_    = 0;
 2042              		.loc 2 184 29 is_stmt 0 view .LVU626
 2043 0154 04F6E803 		addw	r3, r4, #2280
 2044 0158 0021     		movs	r1, #0
 185:../../DaisySP/Source/Utility/looper.h ****                 state_      = State::REC_FIRST;
 2045              		.loc 2 185 29 view .LVU627
 2046 015a 0022     		movs	r2, #0
 184:../../DaisySP/Source/Utility/looper.h ****                 recsize_    = 0;
 2047              		.loc 2 184 29 view .LVU628
 2048 015c 1961     		str	r1, [r3, #16]	@ float
 185:../../DaisySP/Source/Utility/looper.h ****                 state_      = State::REC_FIRST;
 2049              		.loc 2 185 17 is_stmt 1 view .LVU629
 186:../../DaisySP/Source/Utility/looper.h ****                 half_speed_ = false;
 2050              		.loc 2 186 29 is_stmt 0 view .LVU630
 2051 015e 0123     		movs	r3, #1
 185:../../DaisySP/Source/Utility/looper.h ****                 state_      = State::REC_FIRST;
 2052              		.loc 2 185 29 view .LVU631
 2053 0160 C4F80829 		str	r2, [r4, #2312]
 186:../../DaisySP/Source/Utility/looper.h ****                 half_speed_ = false;
 2054              		.loc 2 186 17 is_stmt 1 view .LVU632
 187:../../DaisySP/Source/Utility/looper.h ****                 reverse_    = false;
 2055              		.loc 2 187 29 is_stmt 0 view .LVU633
 2056 0164 A4F80429 		strh	r2, [r4, #2308]	@ movhi
 186:../../DaisySP/Source/Utility/looper.h ****                 half_speed_ = false;
 2057              		.loc 2 186 29 view .LVU634
 2058 0168 C4F8EC38 		str	r3, [r4, #2284]
 187:../../DaisySP/Source/Utility/looper.h ****                 reverse_    = false;
 2059              		.loc 2 187 17 is_stmt 1 view .LVU635
 188:../../DaisySP/Source/Utility/looper.h ****                 break;
 2060              		.loc 2 188 17 view .LVU636
 189:../../DaisySP/Source/Utility/looper.h ****             case State::REC_FIRST:
 2061              		.loc 2 189 17 view .LVU637
 2062 016c CEE7     		b	.L126
 2063              	.L134:
 194:../../DaisySP/Source/Utility/looper.h ****                 else
 2064              		.loc 2 194 21 view .LVU638
 194:../../DaisySP/Source/Utility/looper.h ****                 else
 2065              		.loc 2 194 32 is_stmt 0 view .LVU639
 2066 016e 84F80C39 		strb	r3, [r4, #2316]
 200:../../DaisySP/Source/Utility/looper.h ****             win_idx_ = 0;
 2067              		.loc 2 200 9 is_stmt 1 view .LVU640
 2068 0172 5EE7     		b	.L110
 2069              	.LVL132:
 2070              	.L135:
 200:../../DaisySP/Source/Utility/looper.h ****             win_idx_ = 0;
 2071              		.loc 2 200 9 is_stmt 0 view .LVU641
 2072              	.LBE311:
 2073              	.LBE319:
 2074              	.LBB320:
 2075              	.LBB316:
 194:../../DaisySP/Source/Utility/looper.h ****                 else
 2076              		.loc 2 194 21 is_stmt 1 view .LVU642
ARM GAS  C:\Users\aydan\AppData\Local\Temp\ccbXEJPg.s 			page 80


 194:../../DaisySP/Source/Utility/looper.h ****                 else
 2077              		.loc 2 194 32 is_stmt 0 view .LVU643
 2078 0174 84F80C29 		strb	r2, [r4, #2316]
 200:../../DaisySP/Source/Utility/looper.h ****             win_idx_ = 0;
 2079              		.loc 2 200 9 is_stmt 1 view .LVU644
 2080 0178 58E7     		b	.L119
 2081              	.L112:
 198:../../DaisySP/Source/Utility/looper.h ****         }
 2082              		.loc 2 198 13 view .LVU645
 198:../../DaisySP/Source/Utility/looper.h ****         }
 2083              		.loc 2 198 22 view .LVU646
 198:../../DaisySP/Source/Utility/looper.h ****         }
 2084              		.loc 2 198 29 is_stmt 0 view .LVU647
 2085 017a 0022     		movs	r2, #0
 2086 017c C4F8EC28 		str	r2, [r4, #2284]
 198:../../DaisySP/Source/Utility/looper.h ****         }
 2087              		.loc 2 198 45 is_stmt 1 view .LVU648
 2088 0180 BAE7     		b	.L117
 2089              	.LVL133:
 2090              	.L121:
 198:../../DaisySP/Source/Utility/looper.h ****         }
 2091              		.loc 2 198 45 is_stmt 0 view .LVU649
 2092              	.LBE316:
 2093              	.LBE320:
 2094              	.LBB321:
 2095              	.LBB312:
 198:../../DaisySP/Source/Utility/looper.h ****         }
 2096              		.loc 2 198 13 is_stmt 1 view .LVU650
 198:../../DaisySP/Source/Utility/looper.h ****         }
 2097              		.loc 2 198 22 view .LVU651
 198:../../DaisySP/Source/Utility/looper.h ****         }
 2098              		.loc 2 198 29 is_stmt 0 view .LVU652
 2099 0182 0023     		movs	r3, #0
 2100 0184 C4F8EC38 		str	r3, [r4, #2284]
 198:../../DaisySP/Source/Utility/looper.h ****         }
 2101              		.loc 2 198 45 is_stmt 1 view .LVU653
 2102 0188 C0E7     		b	.L126
 2103              	.L137:
 2104 018a 00BF     		.align	2
 2105              	.L136:
 2106 018c 17B7D138 		.word	953267991
 2107              	.LBE312:
 2108              	.LBE321:
 2109              		.cfi_endproc
 2110              	.LFE4744:
 2112              		.section	.text._ZN10bkshepherd19GranularDelayModule19GetBrightnessForLEDEi,"ax",%progbits
 2113              		.align	1
 2114              		.p2align 2,,3
 2115              		.global	_ZN10bkshepherd19GranularDelayModule19GetBrightnessForLEDEi
 2116              		.syntax unified
 2117              		.thumb
 2118              		.thumb_func
 2119              		.fpu fpv5-d16
 2121              	_ZN10bkshepherd19GranularDelayModule19GetBrightnessForLEDEi:
 2122              	.LVL134:
 2123              	.LFB4746:
 149:gml/GuitarPedal/Effect-Modules/granulardelay_module.cpp **** }
ARM GAS  C:\Users\aydan\AppData\Local\Temp\ccbXEJPg.s 			page 81


 150:gml/GuitarPedal/Effect-Modules/granulardelay_module.cpp **** 
 151:gml/GuitarPedal/Effect-Modules/granulardelay_module.cpp **** float GranularDelayModule::GetBrightnessForLED(int led_id)
 152:gml/GuitarPedal/Effect-Modules/granulardelay_module.cpp **** {
 2124              		.loc 1 152 1 view -0
 2125              		.cfi_startproc
 2126              		@ args = 0, pretend = 0, frame = 0
 2127              		@ frame_needed = 0, uses_anonymous_args = 0
 153:gml/GuitarPedal/Effect-Modules/granulardelay_module.cpp ****     const float value = BaseEffectModule::GetBrightnessForLED(led_id);
 2128              		.loc 1 153 5 view .LVU655
 152:gml/GuitarPedal/Effect-Modules/granulardelay_module.cpp ****     const float value = BaseEffectModule::GetBrightnessForLED(led_id);
 2129              		.loc 1 152 1 is_stmt 0 view .LVU656
 2130 0000 38B5     		push	{r3, r4, r5, lr}
 2131              		.cfi_def_cfa_offset 16
 2132              		.cfi_offset 3, -16
 2133              		.cfi_offset 4, -12
 2134              		.cfi_offset 5, -8
 2135              		.cfi_offset 14, -4
 152:gml/GuitarPedal/Effect-Modules/granulardelay_module.cpp ****     const float value = BaseEffectModule::GetBrightnessForLED(led_id);
 2136              		.loc 1 152 1 view .LVU657
 2137 0002 0D46     		mov	r5, r1
 2138 0004 0446     		mov	r4, r0
 2139              		.loc 1 153 62 view .LVU658
 2140 0006 FFF7FEFF 		bl	_ZN10bkshepherd16BaseEffectModule19GetBrightnessForLEDEi
 2141              	.LVL135:
 154:gml/GuitarPedal/Effect-Modules/granulardelay_module.cpp ****     return led_id == 1 ? value * (hold_ ? 1.0f : 0.0f) : value;
 2142              		.loc 1 154 5 is_stmt 1 view .LVU659
 2143              		.loc 1 154 24 is_stmt 0 view .LVU660
 2144 000a 012D     		cmp	r5, #1
 2145 000c 00D0     		beq	.L142
 2146              	.L138:
 155:gml/GuitarPedal/Effect-Modules/granulardelay_module.cpp **** }
 2147              		.loc 1 155 1 view .LVU661
 2148 000e 38BD     		pop	{r3, r4, r5, pc}
 2149              	.LVL136:
 2150              	.L142:
 154:gml/GuitarPedal/Effect-Modules/granulardelay_module.cpp ****     return led_id == 1 ? value * (hold_ ? 1.0f : 0.0f) : value;
 2151              		.loc 1 154 35 discriminator 1 view .LVU662
 2152 0010 04F58050 		add	r0, r4, #4096
 154:gml/GuitarPedal/Effect-Modules/granulardelay_module.cpp ****     return led_id == 1 ? value * (hold_ ? 1.0f : 0.0f) : value;
 2153              		.loc 1 154 41 discriminator 1 view .LVU663
 2154 0014 90F83139 		ldrb	r3, [r0, #2353]	@ zero_extendqisi2
 2155 0018 002B     		cmp	r3, #0
 2156 001a F8D1     		bne	.L138
 154:gml/GuitarPedal/Effect-Modules/granulardelay_module.cpp ****     return led_id == 1 ? value * (hold_ ? 1.0f : 0.0f) : value;
 2157              		.loc 1 154 24 discriminator 4 view .LVU664
 2158 001c DFED027A 		vldr.32	s15, .L143
 2159 0020 20EE270A 		vmul.f32	s0, s0, s15
 2160              	.LVL137:
 2161              		.loc 1 155 1 discriminator 4 view .LVU665
 2162 0024 38BD     		pop	{r3, r4, r5, pc}
 2163              	.LVL138:
 2164              	.L144:
 2165              		.loc 1 155 1 discriminator 4 view .LVU666
 2166 0026 00BF     		.align	2
 2167              	.L143:
 2168 0028 00000000 		.word	0
 2169              		.cfi_endproc
ARM GAS  C:\Users\aydan\AppData\Local\Temp\ccbXEJPg.s 			page 82


 2170              	.LFE4746:
 2172              		.global	_ZTVN10bkshepherd19GranularDelayModuleE
 2173              		.section	.rodata.str1.4,"aMS",%progbits,1
 2174              		.align	2
 2175              	.LC1:
 2176 0000 53697A65 		.ascii	"Size(ms)\000"
 2176      286D7329 
 2176      00
 2177 0009 000000   		.align	2
 2178              	.LC2:
 2179 000c 4D697800 		.ascii	"Mix\000"
 2180              		.align	2
 2181              	.LC3:
 2182 0010 50697463 		.ascii	"Pitch\000"
 2182      6800
 2183 0016 0000     		.align	2
 2184              	.LC4:
 2185 0018 53707265 		.ascii	"Spread\000"
 2185      616400
 2186 001f 00       		.align	2
 2187              	.LC5:
 2188 0020 47726169 		.ascii	"GrainEnv\000"
 2188      6E456E76 
 2188      00
 2189 0029 000000   		.align	2
 2190              	.LC6:
 2191 002c 53706565 		.ascii	"Speed\000"
 2191      6400
 2192 0032 0000     		.align	2
 2193              	.LC7:
 2194 0034 57696474 		.ascii	"Width\000"
 2194      6800
 2195 003a 0000     		.align	2
 2196              	.LC8:
 2197 003c 436F7300 		.ascii	"Cos\000"
 2198              		.align	2
 2199              	.LC9:
 2200 0040 536C6F77 		.ascii	"SlowAtk\000"
 2200      41746B00 
 2201              		.align	2
 2202              	.LC10:
 2203 0048 46617374 		.ascii	"FastAtk\000"
 2203      41746B00 
 2204              		.section	.data._ZN12_GLOBAL__N_1L17s_grain_env_namesE,"aw"
 2205              		.align	2
 2208              	_ZN12_GLOBAL__N_1L17s_grain_env_namesE:
 2209 0000 3C000000 		.word	.LC8
 2210 0004 40000000 		.word	.LC9
 2211 0008 48000000 		.word	.LC10
 2212              		.section	.rodata._ZN12_GLOBAL__N_1L11s_meta_dataE,"a"
 2213              		.align	2
 2214              		.set	.LANCHOR1,. + 0
 2217              	_ZN12_GLOBAL__N_1L11s_meta_dataE:
 2218 0000 00000000 		.word	.LC1
 2219 0004 01       		.byte	1
 2220 0005 000000   		.space	3
 2221 0008 00000000 		.word	0
ARM GAS  C:\Users\aydan\AppData\Local\Temp\ccbXEJPg.s 			page 83


 2222 000c 00000000 		.word	0
 2223 0010 3F       		.byte	63
 2224 0011 000000   		.space	3
 2225 0014 00000000 		.word	0
 2226 0018 0E000000 		.word	14
 2227 001c 0C000000 		.word	.LC2
 2228 0020 01       		.byte	1
 2229 0021 000000   		.space	3
 2230 0024 00000000 		.word	0
 2231 0028 00000000 		.word	0
 2232 002c 40       		.byte	64
 2233 002d 000000   		.space	3
 2234 0030 01000000 		.word	1
 2235 0034 0F000000 		.word	15
 2236 0038 10000000 		.word	.LC3
 2237 003c 01       		.byte	1
 2238 003d 000000   		.space	3
 2239 0040 00000000 		.word	0
 2240 0044 00000000 		.word	0
 2241 0048 40       		.byte	64
 2242 0049 000000   		.space	3
 2243 004c 02000000 		.word	2
 2244 0050 10000000 		.word	16
 2245 0054 18000000 		.word	.LC4
 2246 0058 01       		.byte	1
 2247 0059 000000   		.space	3
 2248 005c 00000000 		.word	0
 2249 0060 00000000 		.word	0
 2250 0064 33       		.byte	51
 2251 0065 000000   		.space	3
 2252 0068 FFFFFFFF 		.word	-1
 2253 006c 11000000 		.word	17
 2254 0070 20000000 		.word	.LC5
 2255 0074 03       		.byte	3
 2256 0075 000000   		.space	3
 2257 0078 03000000 		.word	3
 2258 007c 00000000 		.word	_ZN12_GLOBAL__N_1L17s_grain_env_namesE
 2259 0080 00       		.byte	0
 2260 0081 000000   		.space	3
 2261 0084 FFFFFFFF 		.word	-1
 2262 0088 12000000 		.word	18
 2263 008c 2C000000 		.word	.LC6
 2264 0090 01       		.byte	1
 2265 0091 000000   		.space	3
 2266 0094 00000000 		.word	0
 2267 0098 00000000 		.word	0
 2268 009c 5F       		.byte	95
 2269 009d 000000   		.space	3
 2270 00a0 FFFFFFFF 		.word	-1
 2271 00a4 13000000 		.word	19
 2272 00a8 34000000 		.word	.LC7
 2273 00ac 01       		.byte	1
 2274 00ad 000000   		.space	3
 2275 00b0 00000000 		.word	0
 2276 00b4 00000000 		.word	0
 2277 00b8 40       		.byte	64
 2278 00b9 000000   		.space	3
ARM GAS  C:\Users\aydan\AppData\Local\Temp\ccbXEJPg.s 			page 84


 2279 00bc FFFFFFFF 		.word	-1
 2280 00c0 14000000 		.word	20
 2281              		.section	.rodata._ZTVN10bkshepherd19GranularDelayModuleE,"a"
 2282              		.align	2
 2283              		.set	.LANCHOR0,. + 0
 2286              	_ZTVN10bkshepherd19GranularDelayModuleE:
 2287 0000 00000000 		.word	0
 2288 0004 00000000 		.word	0
 2289 0008 00000000 		.word	_ZN10bkshepherd19GranularDelayModuleD1Ev
 2290 000c 00000000 		.word	_ZN10bkshepherd19GranularDelayModuleD0Ev
 2291 0010 00000000 		.word	_ZN10bkshepherd19GranularDelayModule4InitEf
 2292 0014 00000000 		.word	_ZN10bkshepherd19GranularDelayModule11ProcessMonoEf
 2293 0018 00000000 		.word	_ZN10bkshepherd19GranularDelayModule13ProcessStereoEff
 2294 001c 00000000 		.word	_ZN10bkshepherd19GranularDelayModule19GetBrightnessForLEDEi
 2295 0020 00000000 		.word	_ZN10bkshepherd16BaseEffectModule10SetEnabledEb
 2296 0024 00000000 		.word	_ZN10bkshepherd16BaseEffectModule8SetTempoEm
 2297 0028 00000000 		.word	_ZN10bkshepherd16BaseEffectModule8UpdateUIEf
 2298 002c 00000000 		.word	_ZN10bkshepherd16BaseEffectModule6DrawUIERN5daisy21OneBitGraphicsDisplayEiiNS1_9RectangleEb
 2299 0030 00000000 		.word	_ZN10bkshepherd16BaseEffectModule10InitParamsEi
 2300 0034 00000000 		.word	_ZN10bkshepherd19GranularDelayModule16ParameterChangedEi
 2301              		.section	.sdram_bss,"aw"
 2302              		.align	2
 2305              	_ZN12_GLOBAL__N_117buffer_gran_delayE:
 2306 0000 00000000 		.space	96000
 2306      00000000 
 2306      00000000 
 2306      00000000 
 2306      00000000 
 2307              		.text
 2308              	.Letext0:
 2309              		.file 7 "c:\\program files\\daisytoolchain\\arm-none-eabi\\include\\machine\\_default_types.h"
 2310              		.file 8 "c:\\program files\\daisytoolchain\\arm-none-eabi\\include\\sys\\_stdint.h"
 2311              		.file 9 "c:\\program files\\daisytoolchain\\arm-none-eabi\\include\\stdint.h"
 2312              		.file 10 "c:\\program files\\daisytoolchain\\lib\\gcc\\arm-none-eabi\\10.2.1\\include\\stddef.h"
 2313              		.file 11 "c:\\program files\\daisytoolchain\\arm-none-eabi\\include\\c++\\10.2.1\\bits\\std_abs.h"
 2314              		.file 12 "c:\\program files\\daisytoolchain\\arm-none-eabi\\include\\c++\\10.2.1\\cstdlib"
 2315              		.file 13 "c:\\program files\\daisytoolchain\\arm-none-eabi\\include\\c++\\10.2.1\\cstdint"
 2316              		.file 14 "c:\\program files\\daisytoolchain\\arm-none-eabi\\include\\c++\\10.2.1\\type_traits"
 2317              		.file 15 "c:\\program files\\daisytoolchain\\arm-none-eabi\\include\\c++\\10.2.1\\debug\\debug.h"
 2318              		.file 16 "c:\\program files\\daisytoolchain\\arm-none-eabi\\include\\c++\\10.2.1\\arm-none-eabi\\t
 2319              		.file 17 "c:\\program files\\daisytoolchain\\arm-none-eabi\\include\\c++\\10.2.1\\bits\\algorithmf
 2320              		.file 18 "c:\\program files\\daisytoolchain\\arm-none-eabi\\include\\c++\\10.2.1\\bits\\stl_pair.h
 2321              		.file 19 "c:\\program files\\daisytoolchain\\arm-none-eabi\\include\\c++\\10.2.1\\bits\\exception_
 2322              		.file 20 "c:\\program files\\daisytoolchain\\arm-none-eabi\\include\\c++\\10.2.1\\cstdarg"
 2323              		.file 21 "c:\\program files\\daisytoolchain\\arm-none-eabi\\include\\c++\\10.2.1\\cstdio"
 2324              		.file 22 "c:\\program files\\daisytoolchain\\arm-none-eabi\\include\\c++\\10.2.1\\cstring"
 2325              		.file 23 "c:\\program files\\daisytoolchain\\arm-none-eabi\\include\\c++\\10.2.1\\cwchar"
 2326              		.file 24 "c:\\program files\\daisytoolchain\\arm-none-eabi\\include\\c++\\10.2.1\\clocale"
 2327              		.file 25 "c:\\program files\\daisytoolchain\\arm-none-eabi\\include\\c++\\10.2.1\\bits\\basic_stri
 2328              		.file 26 "c:\\program files\\daisytoolchain\\arm-none-eabi\\include\\c++\\10.2.1\\bits\\stl_tempbu
 2329              		.file 27 "c:\\program files\\daisytoolchain\\arm-none-eabi\\include\\c++\\10.2.1\\bits\\predefined
 2330              		.file 28 "c:\\program files\\daisytoolchain\\arm-none-eabi\\include\\sys\\_types.h"
 2331              		.file 29 "c:\\program files\\daisytoolchain\\arm-none-eabi\\include\\sys\\reent.h"
 2332              		.file 30 "c:\\program files\\daisytoolchain\\arm-none-eabi\\include\\sys\\lock.h"
 2333              		.file 31 "c:\\program files\\daisytoolchain\\arm-none-eabi\\include\\math.h"
 2334              		.file 32 "c:\\program files\\daisytoolchain\\arm-none-eabi\\include\\stdlib.h"
 2335              		.file 33 "c:\\program files\\daisytoolchain\\arm-none-eabi\\include\\c++\\10.2.1\\math.h"
ARM GAS  C:\Users\aydan\AppData\Local\Temp\ccbXEJPg.s 			page 85


 2336              		.file 34 "c:\\program files\\daisytoolchain\\arm-none-eabi\\include\\c++\\10.2.1\\stdlib.h"
 2337              		.file 35 "../../libDaisy/src/daisy_core.h"
 2338              		.file 36 "../../libDaisy/src/util/wav_format.h"
 2339              		.file 37 "../../libDaisy/src/dev/max11300.h"
 2340              		.file 38 "../../libDaisy/src/daisy_seed.h"
 2341              		.file 39 "c:\\program files\\daisytoolchain\\lib\\gcc\\arm-none-eabi\\10.2.1\\include\\stdarg.h"
 2342              		.file 40 "c:\\program files\\daisytoolchain\\arm-none-eabi\\include\\stdio.h"
 2343              		.file 41 "c:\\program files\\daisytoolchain\\arm-none-eabi\\include\\string.h"
 2344              		.file 42 "gml/GuitarPedal/Effect-Modules/base_effect_module.h"
 2345              		.file 43 "gml/GuitarPedal/Effect-Modules/granulardelay_module.h"
 2346              		.file 44 "../../DaisySP/Source/Control/adenv.h"
 2347              		.file 45 "../../DaisySP/Source/Utility/dsp.h"
 2348              		.file 46 "c:\\program files\\daisytoolchain\\arm-none-eabi\\include\\wchar.h"
 2349              		.file 47 "c:\\program files\\daisytoolchain\\arm-none-eabi\\include\\locale.h"
 2350              		.file 48 "../../libDaisy/src/dev/sr_595.h"
 2351              		.file 49 "c:\\program files\\daisytoolchain\\arm-none-eabi\\include\\c++\\10.2.1\\new"
 2352              		.file 50 "<built-in>"
ARM GAS  C:\Users\aydan\AppData\Local\Temp\ccbXEJPg.s 			page 86


DEFINED SYMBOLS
                            *ABS*:00000000 granulardelay_module.cpp
C:\Users\aydan\AppData\Local\Temp\ccbXEJPg.s:17     .text._ZN10bkshepherd19GranularDelayModule13ProcessStereoEff:00000000 $t
C:\Users\aydan\AppData\Local\Temp\ccbXEJPg.s:26     .text._ZN10bkshepherd19GranularDelayModule13ProcessStereoEff:00000000 _ZN10bkshepherd19GranularDelayModule13ProcessStereoEff
C:\Users\aydan\AppData\Local\Temp\ccbXEJPg.s:48     .text._ZN10bkshepherd19GranularDelayModuleD2Ev:00000000 $t
C:\Users\aydan\AppData\Local\Temp\ccbXEJPg.s:56     .text._ZN10bkshepherd19GranularDelayModuleD2Ev:00000000 _ZN10bkshepherd19GranularDelayModuleD2Ev
C:\Users\aydan\AppData\Local\Temp\ccbXEJPg.s:123    .text._ZN10bkshepherd19GranularDelayModuleD2Ev:00000010 $d
C:\Users\aydan\AppData\Local\Temp\ccbXEJPg.s:56     .text._ZN10bkshepherd19GranularDelayModuleD2Ev:00000000 _ZN10bkshepherd19GranularDelayModuleD1Ev
C:\Users\aydan\AppData\Local\Temp\ccbXEJPg.s:130    .text._ZN10bkshepherd19GranularDelayModuleD0Ev:00000000 $t
C:\Users\aydan\AppData\Local\Temp\ccbXEJPg.s:138    .text._ZN10bkshepherd19GranularDelayModuleD0Ev:00000000 _ZN10bkshepherd19GranularDelayModuleD0Ev
C:\Users\aydan\AppData\Local\Temp\ccbXEJPg.s:213    .text._ZN10bkshepherd19GranularDelayModuleD0Ev:0000001c $d
C:\Users\aydan\AppData\Local\Temp\ccbXEJPg.s:218    .text._ZN10bkshepherd19GranularDelayModule16ParameterChangedEi:00000000 $t
C:\Users\aydan\AppData\Local\Temp\ccbXEJPg.s:226    .text._ZN10bkshepherd19GranularDelayModule16ParameterChangedEi:00000000 _ZN10bkshepherd19GranularDelayModule16ParameterChangedEi
C:\Users\aydan\AppData\Local\Temp\ccbXEJPg.s:245    .text._ZN10bkshepherd19GranularDelayModule16ParameterChangedEi:0000000c $d
C:\Users\aydan\AppData\Local\Temp\ccbXEJPg.s:614    .text._ZN10bkshepherd19GranularDelayModule16ParameterChangedEi:0000016c $d
C:\Users\aydan\AppData\Local\Temp\ccbXEJPg.s:628    .text._ZN7daisysp6Looper7ProcessEf:00000000 $t
C:\Users\aydan\AppData\Local\Temp\ccbXEJPg.s:636    .text._ZN7daisysp6Looper7ProcessEf:00000000 _ZN7daisysp6Looper7ProcessEf
C:\Users\aydan\AppData\Local\Temp\ccbXEJPg.s:759    .text._ZN7daisysp6Looper7ProcessEf:0000005e $d
C:\Users\aydan\AppData\Local\Temp\ccbXEJPg.s:761    .text._ZN7daisysp6Looper7ProcessEf:00000060 $t
C:\Users\aydan\AppData\Local\Temp\ccbXEJPg.s:1337   .text._ZN7daisysp6Looper7ProcessEf:00000280 $d
C:\Users\aydan\AppData\Local\Temp\ccbXEJPg.s:1346   .rodata._ZN10bkshepherd19GranularDelayModuleC2Ev.str1.4:00000000 $d
C:\Users\aydan\AppData\Local\Temp\ccbXEJPg.s:1350   .text._ZN10bkshepherd19GranularDelayModuleC2Ev:00000000 $t
C:\Users\aydan\AppData\Local\Temp\ccbXEJPg.s:1358   .text._ZN10bkshepherd19GranularDelayModuleC2Ev:00000000 _ZN10bkshepherd19GranularDelayModuleC2Ev
C:\Users\aydan\AppData\Local\Temp\ccbXEJPg.s:1491   .text._ZN10bkshepherd19GranularDelayModuleC2Ev:00000090 $d
C:\Users\aydan\AppData\Local\Temp\ccbXEJPg.s:1358   .text._ZN10bkshepherd19GranularDelayModuleC2Ev:00000000 _ZN10bkshepherd19GranularDelayModuleC1Ev
C:\Users\aydan\AppData\Local\Temp\ccbXEJPg.s:1502   .text._ZN10bkshepherd19GranularDelayModule4InitEf:00000000 $t
C:\Users\aydan\AppData\Local\Temp\ccbXEJPg.s:1510   .text._ZN10bkshepherd19GranularDelayModule4InitEf:00000000 _ZN10bkshepherd19GranularDelayModule4InitEf
C:\Users\aydan\AppData\Local\Temp\ccbXEJPg.s:1740   .text._ZN10bkshepherd19GranularDelayModule4InitEf:00000090 $d
C:\Users\aydan\AppData\Local\Temp\ccbXEJPg.s:2305   .sdram_bss:00000000 _ZN12_GLOBAL__N_117buffer_gran_delayE
C:\Users\aydan\AppData\Local\Temp\ccbXEJPg.s:1748   .text._ZN10bkshepherd19GranularDelayModule11ProcessMonoEf:00000000 $t
C:\Users\aydan\AppData\Local\Temp\ccbXEJPg.s:1756   .text._ZN10bkshepherd19GranularDelayModule11ProcessMonoEf:00000000 _ZN10bkshepherd19GranularDelayModule11ProcessMonoEf
C:\Users\aydan\AppData\Local\Temp\ccbXEJPg.s:1916   .text._ZN10bkshepherd19GranularDelayModule11ProcessMonoEf:000000de $d
C:\Users\aydan\AppData\Local\Temp\ccbXEJPg.s:1921   .text._ZN10bkshepherd19GranularDelayModule11ProcessMonoEf:000000e2 $t
C:\Users\aydan\AppData\Local\Temp\ccbXEJPg.s:1937   .text._ZN10bkshepherd19GranularDelayModule11ProcessMonoEf:000000ee $d
C:\Users\aydan\AppData\Local\Temp\ccbXEJPg.s:1941   .text._ZN10bkshepherd19GranularDelayModule11ProcessMonoEf:000000f2 $t
C:\Users\aydan\AppData\Local\Temp\ccbXEJPg.s:2106   .text._ZN10bkshepherd19GranularDelayModule11ProcessMonoEf:0000018c $d
C:\Users\aydan\AppData\Local\Temp\ccbXEJPg.s:2113   .text._ZN10bkshepherd19GranularDelayModule19GetBrightnessForLEDEi:00000000 $t
C:\Users\aydan\AppData\Local\Temp\ccbXEJPg.s:2121   .text._ZN10bkshepherd19GranularDelayModule19GetBrightnessForLEDEi:00000000 _ZN10bkshepherd19GranularDelayModule19GetBrightnessForLEDEi
C:\Users\aydan\AppData\Local\Temp\ccbXEJPg.s:2168   .text._ZN10bkshepherd19GranularDelayModule19GetBrightnessForLEDEi:00000028 $d
C:\Users\aydan\AppData\Local\Temp\ccbXEJPg.s:2286   .rodata._ZTVN10bkshepherd19GranularDelayModuleE:00000000 _ZTVN10bkshepherd19GranularDelayModuleE
C:\Users\aydan\AppData\Local\Temp\ccbXEJPg.s:2174   .rodata.str1.4:00000000 $d
C:\Users\aydan\AppData\Local\Temp\ccbXEJPg.s:2205   .data._ZN12_GLOBAL__N_1L17s_grain_env_namesE:00000000 $d
C:\Users\aydan\AppData\Local\Temp\ccbXEJPg.s:2208   .data._ZN12_GLOBAL__N_1L17s_grain_env_namesE:00000000 _ZN12_GLOBAL__N_1L17s_grain_env_namesE
C:\Users\aydan\AppData\Local\Temp\ccbXEJPg.s:2213   .rodata._ZN12_GLOBAL__N_1L11s_meta_dataE:00000000 $d
C:\Users\aydan\AppData\Local\Temp\ccbXEJPg.s:2217   .rodata._ZN12_GLOBAL__N_1L11s_meta_dataE:00000000 _ZN12_GLOBAL__N_1L11s_meta_dataE
C:\Users\aydan\AppData\Local\Temp\ccbXEJPg.s:2282   .rodata._ZTVN10bkshepherd19GranularDelayModuleE:00000000 $d
C:\Users\aydan\AppData\Local\Temp\ccbXEJPg.s:2302   .sdram_bss:00000000 $d
C:\Users\aydan\AppData\Local\Temp\ccbXEJPg.s:253    .text._ZN10bkshepherd19GranularDelayModule16ParameterChangedEi:00000013 $d
C:\Users\aydan\AppData\Local\Temp\ccbXEJPg.s:253    .text._ZN10bkshepherd19GranularDelayModule16ParameterChangedEi:00000014 $t

UNDEFINED SYMBOLS
_ZN10bkshepherd16BaseEffectModuleD2Ev
_ZdlPvj
_ZN10bkshepherd16BaseEffectModule23GetParameterAsMagnitudeEi
_ZN17GranularPlayerMod15setStereoSpreadEf
_ZN10bkshepherd16BaseEffectModule25GetParameterAsBinnedValueEi
_ZN17GranularPlayerMod15setEnvelopeModeEi
ARM GAS  C:\Users\aydan\AppData\Local\Temp\ccbXEJPg.s 			page 87


sinf
_ZN10bkshepherd16BaseEffectModuleC2Ev
memset
_ZN10bkshepherd16BaseEffectModule10InitParamsEi
_ZN10bkshepherd16BaseEffectModule4InitEf
_ZN17GranularPlayerMod4InitEPfifff
_ZN10bkshepherd16BaseEffectModule11ProcessMonoEf
_ZN17GranularPlayerMod7ProcessEffff
_ZN17GranularPlayerMod10getLeftOutEv
_ZN17GranularPlayerMod11getRightOutEv
_ZN10bkshepherd16BaseEffectModule19GetBrightnessForLEDEi
_ZN10bkshepherd16BaseEffectModule10SetEnabledEb
_ZN10bkshepherd16BaseEffectModule8SetTempoEm
_ZN10bkshepherd16BaseEffectModule8UpdateUIEf
_ZN10bkshepherd16BaseEffectModule6DrawUIERN5daisy21OneBitGraphicsDisplayEiiNS1_9RectangleEb
