:020000040800F2
:1000000000000220110A00080D0A000879CF00083C
:100010000D0A00080D0A00080D0A00080000000083
:100020000000000000000000000000000D0A0008B1
:100030000D0A0008000000000D0A0008FDCE0008AF
:100040000D0A00080D0A00080D0A00080D0A000834
:100050000D0A00080D0A00080D0A00080D0A000824
:100060000D0A00080D0A00080D0A000831BB00083F
:100070003DBB0008B1A8000849BB000855BB0008FB
:10008000B1C9000861B000080D0A00080D0A000897
:100090000D0A00080D0A00080D0A00080D0A0008E4
:1000A0000D0A00080D0A00080D0A00080D0A0008D4
:1000B000214801082D4801083948010895B0000879
:1000C0000D0A0008A1B000080D0A000891400108BF
:1000D0009D400108E5C7000811C8000845C8000890
:1000E0000D0A00080D0A0008000000000D0A0008B3
:1000F0000D0A00080D0A00080D0A00080D0A000884
:100100000D0A00080D0A000845480108A940010829
:1001100079C80008ADC800080D0A00080D0A0008DB
:100120000D0A00080D0A0008CD4001080141010830
:10013000E5C900080D0A00080D0A00080D0A0008AC
:1001400000000000000000000000000000000000AF
:100150000D0A00080D0A00080D0A0008E1C8000891
:10016000ADB000080D0A00080DCF000831CF00081F
:100170000D0A000855CF00080D0A00080D0A0008F6
:100180000D0A00080D0A000815C9000849C9000831
:10019000B5400108C14001080D0A00080D0A000819
:1001A0000D0A00080D0A00080D0A00080D0A0008D3
:1001B00051B800080D0A00080D0A00080D0A0008D1
:1001C0000D0A00080D0A00080D0A00080D0A0008B3
:1001D0000D0A00080D0A00080D0A00080D0A0008A3
:1001E0000D0A00080D0A00080D0A00080D0A000893
:1001F0000D0A00080D0A00080D0A00080D0A000883
:100200000D0A00080D0A00080D0A00080D0A000872
:100210000D0A00080D0A00080D0A00080D0A000862
:100220000D0A00080D0A00080D0A00080000000071
:100230000D0A00080D0A0008000000000D0A000861
:100240000D0A00080D0A00080D0A00080D0A000832
:100250000D0A00080D0A00080D0A00080D0A000822
:100260000D0A00080D0A00080D0A00080D0A000812
:100270000D0A00080D0A00087DC9000800000000F2
:100280000D0A00080D0A00080D0A00080000000011
:08029000000000000D0A000847
:1002A00010B5054C237833B9044B13B10448AFF3B0
:1002B00000800123237010BDF8030024000000001B
:1002C000A899010808B5034B1BB103490348AFF3D4
:1002D000008008BD00000000FC030024A89901086C
:1002E000034613F8012B002AFBD1181A0138704776
:1002F00001F0FF01102A2BDB10F0070F08D010F8D7
:10030000013B013A8B422DD010F0070F42B3F6D1DA
:10031000F0B441EA012141EA014122F007047FF0F3
:1003200000070023F0E80256083C85EA010586EA4A
:10033000010685FA47F5A3FA87F586FA47F6A5FA86
:1003400087F68EB9EED1F0BC01F0FF0102F0070292
:1003500032B110F8013B013A83EA010313B1F8D13D
:100360000020704701387047002D06BF354603381E
:10037000073815F0010F07D1013015F4807F02BF57
:10038000013015F4C03F0130F0BC0138704700BFA8
:1003900081F0004102E000BF83F0004330B54FEA36
:1003A00041044FEA430594EA050F08BF90EA020FA3
:1003B0001FBF54EA000C55EA020C7FEA645C7FEA36
:1003C000655C00F0E2804FEA5454D4EB5555B8BF59
:1003D0006D420CDD2C4480EA020281EA030382EACA
:1003E000000083EA010180EA020281EA0303362D5C
:1003F00088BF30BD11F0004F4FEA01314FF4801C2F
:100400004CEA113102D0404261EB410113F0004F40
:100410004FEA03334CEA133302D0524263EB4303F7
:1004200094EA050F00F0A780A4F10104D5F1200E95
:100430000DDB02FA0EFC22FA05F2801841F10001F0
:1004400003FA0EF2801843FA05F359410EE0A5F1C4
:1004500020050EF1200E012A03FA0EFC28BF4CF0F5
:10046000020C43FA05F3C01851EBE37101F00045AB
:1004700007D54FF0000EDCF1000C7EEB00006EEBB8
:100480000101B1F5801F1BD3B1F5001F0CD3490842
:100490005FEA30004FEA3C0C04F101044FEA445299
:1004A00012F5800F80F09A80BCF1004F08BF5FEA20
:1004B000500C50F1000041EB045141EA050130BD00
:1004C0005FEA4C0C404141EB0101013C28BFB1F512
:1004D000801FE9D291F0000F04BF01460020B1FA5D
:1004E00081F308BF2033A3F10B03B3F120020CDA30
:1004F0000C3208DD02F1140CC2F10C0201FA0CF00E
:1005000021FA02F10CE002F11402D8BFC2F1200C72
:1005100001FA02F120FA0CFCDCBF41EA0C01904028
:10052000E41AA2BF01EB0451294330BD6FEA040471
:100530001F3C1CDA0C340EDC04F11404C4F120025C
:1005400020FA04F001FA02F340EA030021FA04F36E
:1005500045EA030130BDC4F10C04C4F1200220FAC5
:1005600002F001FA04F340EA0300294630BD21FA03
:1005700004F0294630BD94F0000F83F4801306BFC9
:1005800081F480110134013D4EE77FEA645C18BFBD
:100590007FEA655C29D094EA050F08BF90EA020F54
:1005A00005D054EA000C04BF1946104630BD91EA4C
:1005B000030F1EBF0021002030BD5FEA545C05D14F
:1005C0004000494128BF41F0004130BD14F580048E
:1005D0003CBF01F5801130BD01F0004545F0FE4102
:1005E00041F470014FF0000030BD7FEA645C1ABF37
:1005F000194610467FEA655C1CBF0B46024650EA6E
:10060000013406BF52EA033591EA030F41F4002199
:1006100030BD00BF90F0000F04BF0021704730B51F
:100620004FF4806404F132044FF000054FF00001F4
:1006300050E700BF90F0000F04BF0021704730B5B5
:100640004FF4806404F1320410F0004548BF40428A
:100650004FF000013EE700BF42004FEAE2014FEADF
:1006600031014FEA02701FBF12F07F4393F07F4FBA
:1006700081F06051704732F07F4208BF704793F0BD
:100680007F4F04BF41F40021704730B54FF46074D0
:1006900001F0004521F000411CE700BF50EA0102D3
:1006A00008BF704730B54FF000050AE050EA01027C
:1006B00008BF704730B511F0004502D5404261EBEC
:1006C00041014FF4806404F132045FEA915C3FF42D
:1006D000D8AE4FF003025FEADC0C18BF03325FEACA
:1006E000DC0C18BF033202EBDC02C2F1200300FA7B
:1006F00003FC20FA02F001FA03FE40EA0E0021FAA0
:1007000002F11444BDE600BF53B94AB9002908BF3D
:1007100000281CBF4FF0FF314FF0FF3000F074B9DC
:10072000ADF1080C6DE904CE00F006F8DDF804E048
:10073000DDE9022304B070472DE9F047089D044627
:100740008E46002B4DD18A42944669D9B2FA82F284
:1007500052B101FA02F3C2F1200120FA01F10CFAC0
:1007600002FC41EA030E94404FEA1C48210CBEFBF8
:10077000F8F61FFA8CF708FB16E341EA034306FB81
:1007800007F199420AD91CEB030306F1FF3080F010
:100790001F81994240F21C81023E63445B1AA4B25D
:1007A000B3FBF8F008FB103344EA034400FB07F7FF
:1007B000A7420AD91CEB040400F1FF3380F00A8140
:1007C000A74240F207816444023840EA0640E41B35
:1007D00000261DB1D4400023C5E900433146BDE8E1
:1007E000F0878B4209D9002D00F0EF800026C5E983
:1007F000000130463146BDE8F087B3FA83F6002E9B
:100800004AD18B4202D3824200F2F980841A61EB12
:10081000030301209E46002DE0D0C5E9004EDDE730
:1008200002B9FFDEB2FA82F2002A40F09280A1EB18
:100830000C014FEA1C471FFA8CFE0126200CB1FB6D
:10084000F7F307FB131140EA01410EFB03F0884266
:1008500008D91CEB010103F1FF3802D2884200F2F3
:10086000CB804346091AA4B2B1FBF7F007FB101185
:1008700044EA01440EFB00FEA64508D91CEB040423
:1008800000F1FF3102D2A64500F2BB800846A4EB7E
:100890000E0440EA03409CE7C6F12007B34022FA69
:1008A00007FC4CEA030C20FA07F401FA06F31C4398
:1008B000F9404FEA1C4900FA06F3B1FBF9F8200CA5
:1008C0001FFA8CFE09FB181140EA014108FB0EF0EB
:1008D000884202FA06F20BD91CEB010108F1FF3A3B
:1008E00080F08880884240F28580A8F10208614447
:1008F000091AA4B2B1FBF9F009FB101144EA014155
:1009000000FB0EFE8E4508D91CEB010100F1FF34FF
:100910006CD28E456AD90238614440EA0840A0FB97
:100920000294A1EB0E01A142C846A64656D353D06D
:100930005DB1B3EB080261EB0E0101FA07F722FA91
:1009400006F3F1401F43C5E9007100263146BDE8BA
:10095000F087C2F12003D8400CFA02FC21FA03F31D
:10096000914001434FEA1C471FFA8CFEB3FBF7F09E
:1009700007FB10360B0C43EA064300FB0EF69E42C3
:1009800004FA02F408D91CEB030300F1FF382FD25C
:100990009E422DD9023863449B1B89B2B3FBF7F604
:1009A00007FB163341EA034106FB0EF38B4208D9DD
:1009B0001CEB010106F1FF3816D28B4214D9023E1E
:1009C0006144C91A46EA004638E72E46284605E73C
:1009D0000646E3E61846F8E64B45A9D2B9EB02080D
:1009E00064EB0C0E0138A3E74646EAE7204694E79D
:1009F0004046D1E7D0467BE7023B614432E73046D0
:100A000009E76444023842E7704700BFFEE700BFD1
:100A10000B480C4A904203D0121A0B4915F08AFF7A
:100A20000A480B4A904203D0121A002115F090FF99
:100A30000CF0FAFC15F04AFF00F018F8FEE700BFD2
:100A400000000024F8030024D8990108F8030024CA
:100A50004C940724704700BF8446134602480A4658
:100A6000614601F0A3B800BF140400242DE9F04F43
:100A7000002195B070484FF0000908F0E1FA032119
:100A80006D48CA4608F0E0F930216B48C84608F0C6
:100A9000FBF96A4801F05AFE694A67494E466948BF
:100AA000FF2700F027FA684D0CF0D6FA0122014624
:100AB000654802F0B9FA654801F09AFB0CF0CCFAEF
:100AC0000146634801F008FC5B4808F0D9F95C492D
:100AD00060485E4A01F068F95F49574808F0B0F98C
:100AE0000CF0BAFA04465848214602F06DFA95F81F
:100AF0007C30023B012B15D8524800F08FFC574840
:100B000002F02AFA01285DD0022861D021464E4821
:100B100002F0D6FA0146484808F0D2F90A200CF053
:100B20009DFADDE747490AA82346434A00F04AFBFD
:100B300010999DF83AB0A1F101013F48B1FA81F155
:100B4000490908F0BDF95F4503D059463B4801F01B
:100B500019FE9DF844306BBB9DF8383023B9A4EBE7
:100B60000803B3F5FA7F04D30AA93448A04601F07C
:100B700023FEBBFA8BF77F097EB977B12146344853
:100B800001F0AAFB23464FF0000A4F2B37D8012073
:100B90003E465F460CF062FAA2E7BBF1000F2AD096
:100BA000E6B121462A4801F097FB2448A14601F00E
:100BB00049FFECE7DDE912239DF845101F4801F0DD
:100BC000BDFEC9E795ED290A1C4801F055FF9DE7D8
:100BD000D5F8AC10194801F07FFF97E7BBF1000F83
:100BE00009D0A4EB0903B3F57A7FD0D31348A1460B
:100BF00001F028FFCBE7A4EB0A034F2BC7D94FF432
:100C000080521749114801F01DFB08B9A246BEE702
:100C100003A89DED0C1ADDED0B0A4FF480539DEDFA
:100C20000A0AA2460E4A0A49009401F049FC03A9A7
:100C3000024801F0A1FEAAE760B6062408B7062420
:100C400090750624A0B60624A075062454750624C3
:100C50005C75062414040024590A00081C76062436
:100C60006076062438B515480024154A15490460F5
:100C700044610462C46315F089F9134B13485C6046
:100C800043F8044B5C601C8100F0D0F8104D114813
:100C900001F0AAFA104801F009FB284600F096FC82
:100CA000074A0E49284615F071F90D4801F04AFD32
:100CB0000C48BDE8384002F057B900BF60B60624C2
:100CC00000000024550A000890750624A0B60624EA
:100CD00014040024547506245C750624E90C0008ED
:100CE00008B70624A075062410B504460948204418
:100CF00002F0BCFF0848204402F0BAFE44F6A430DB
:100D0000204402F099FD04F1080002F06BFC20463B
:100D100010BD00BF8857060028570600F0B50D88A3
:100D200007464E88013A00F10E044FF0000CAE4227
:100D30002CBF0023012303732B460AE09E4510D2EB
:100D4000734494454FEA530324F8023B0BDA31F81D
:100D5000023FAE420CF1010CB1F802E0EED39E4529
:100D6000EED80020F0BD012318467B73F0BD00BF14
:100D700070B50646407B30B3F0697568002801DD28
:100D8000A84221DD002D4DDD33684FF0010C00201D
:100D90004FF6FF74A3F1020E3EF8023F9942A3EB17
:100DA0000102A1EB030392B288BF9AB26346A2424A
:100DB00001D260461446AB420CF1010CECDB7389A6
:100DC000A34238BF002070BD6FF000423368B6F810
:100DD0000AE00244348933F8122074448A42A4B2EF
:100DE00034BF8A1A521A92B29442ECD29E1E012447
:100DF00000204FF6FF7C36F8023F9942A3EB010238
:100E0000A1EB030392B288BF9AB22346624501D296
:100E1000204694469D4204F10104ECDCE64538BFCF
:100E2000002070BD00204FF6FF74C8E710B4184CC6
:100E300003464FF60B7C002220680021A3F804C073
:100E400040F2011CC3F86200A088A3F84C20A3F86C
:100E5000660018461A601A61A3F818C0A3F8442067
:100E60009A6483F84E20196559659965DA65A3F887
:100E70006020C3E90B22C3E902225DF8044BC3E9F9
:100E80000722C3E90922C3E90D22C3E90F227047F3
:100E90008C7D010890F844305BB303684BB3B0F825
:100EA00060C0F0B5B0F85C40B0F85EE090F84C700F
:100EB00090F84D6090F84E50A0F86240A0F864E0C1
:100EC000A0F866C000201A68BFF35B8F911C42F047
:100ED000010221F001011A601F715E719D71D871CC
:100EE0001C81A3F80AE0A3F80CC0BFF35B8F196064
:100EF000F0BD70472DE9F04F0024022605468046DC
:100F000089464FF0010A08F1200B08272DED028BCE
:100F10009FB045F8042B32468DF814600CA88DF86C
:100F20001540059909F030FA03238DF81840324630
:100F30008DF819300DF14200069909F025FA8DF867
:100F40001CA08DF81DA03246079915A809F01CFABF
:100F500007238DF8204032468DF821300DF16600D0
:100F6000089909F1180609F00FFA04230CA9304674
:100F70001A4609F01DFA304609F028FC05214846BA
:100F800007F05AFF8A4A53462846116822460094C1
:100F900009F03AFDDFED877A87490622874B5846EC
:100FA000C8F84040B0EE678A88F82D40F0EE678AB6
:100FB000C8F82010C8E90E44C8E90923FFF7AEFEBF
:100FC0008246CDED097ACDED0A7ACDED0B7A0AADE8
:100FD0000024E1B2304609F00FFCB5EEC00AF7EE8E
:100FE000007AF1EE10FA0FD4B4EE670A0134F1EE94
:100FF00010FA37FE800A30EE080A032C05ED010ACC
:101000000BD0B5EC018AE4E79FED6A0A013430EEBB
:10101000080A032C05ED010AF3D12146304609F0F8
:10102000EBFBB5EEC00AF1EE10FA12D4F7EE007A3F
:10103000B4EE670AF1EE10FA37FE800A0121484645
:1010400078EE808A07F0F8FE013F05D09DED098A11
:10105000BDE79FED580AF1E708F15C0109A808F126
:1010600050030C46B4EE007AF0EC017AF7EE006A19
:10107000002267EE877AF5EEC07AE3EC017AF1EEB2
:1010800010FA11D4F4EEE67A9FED4D6AB6EE007ACE
:101090004FF6FF72F1EE10FA06DCA7EE867ABCEE90
:1010A000C77A17EE102A92B29C4221F8022BD9D1AE
:1010B000BAF1000F31D0F4EE007A68EEA78AF5EEAF
:1010C000C08AF1EE10FA33D5002103910BF0C4FF72
:1010D000039906465846FFF74BFED8F838400546B8
:1010E000A0423BD00446C8F83800C8F840605846D3
:1010F000FFF73EFEA042D8F83C5006F1140640D05F
:101100002C46C8F83800C8F84060002C08BF2C46B0
:10111000631E042B98BF88F84C300123404688F8A2
:101120004430FFF7B7FE1FB0BDEC028BBDE8F08F77
:10113000F7EE007AF4EEE78AF1EE10FA02DD4FF6F0
:10114000FF71C2E7F6EE007A9FED1D7AE8EE877A2E
:10115000FCEEE77A17EE903A99B2B6E7D8F83C0081
:10116000854202461CD0D8F84030F31A132B1AD906
:101170005846C8F83C50FFF7FBFDA04206F11406A4
:10118000BED1AC4209D0D8F84010721A132A94BFCD
:10119000D8F83C40C8F83C40B7E72246D8F83C00B5
:1011A00004461546B1E72C4614360546E9E700BF6C
:1011B000347E010800000000387E01088403F00A34
:1011C00000FF7F472DE9F04F00250C4602F1180B78
:1011D00028222946074604F15C0604F15008BA4665
:1011E000A9462DED028B83B0019315F0B1FBB4F845
:1011F0004C207A82E26BBA61E9B2584609F0FCFAF7
:10120000B5EEC00AF1EE10FA5FD4F7EE007AB4EE54
:10121000670AF1EE10FA37FE800AD8ED007A9FEDEA
:101220007A7A30EE670AE0EE077AF5EEC07AE8ECFB
:10123000017AF1EE10FA42D4B7EE007AF4EEC77AF2
:10124000F1EE10FA44DCB6EE007ADFED706AA7EE3C
:10125000A67AFCEEC77A17EE903A9AB207EE902A79
:10126000B8EE677AC7EE267AF1883280914234BFB1
:10127000521A8A1A92B2802A05F1010506F1020675
:10128000EAEC017A28BF4FF00109032DB4D1B6EE84
:10129000008A2946584687ED038A09F0ADFAB5EE73
:1012A000C00AF1EE10FA18D4F7EE007AB4EEE70AAD
:1012B000F1EE10FA40F396804FF6FF710EE0002237
:1012C000DFED537A3280F288D5E79FED510AA4E72B
:1012D000F0EE477A4FF6FF72C6E7002104F12000D6
:1012E000B982FFF745FDA36B984262D0019BA063D2
:1012F000E06B2364B8610138042813D9201D4D46E2
:1013000009F068FC637E834220D0019B6076E36134
:1013100087F81090002D43D1384603B0BDEC028B06
:10132000BDE8F08FC0B294F84C308342E6D0002381
:10133000012584F84C00B874201D84F84D30FB74EE
:101340007D7409F047FC637E8342DED1227E9A429F
:10135000DED0E2690199A1EB020ABAF10E0FD7D9EA
:101360002376002B30D194F84530002BD0D10123C7
:1013700094F84C2084F84530A36C0133A3647B625D
:10138000002A3BD094F84D3040F2011287F81090BB
:1013900083F00103BA831F4A84F84D30FB743A622C
:1013A0002046FFF777FD384603B0BDEC028BBDE861
:1013B000F08FE26B90429DD0236C0199CB1A132BD6
:1013C00094BF1046E06395E794F84530002B9FD01A
:1013D000002384F84530A36C7B6201233B770E4BDE
:1013E0003B6295E7F0EE487A9FED087AE0EE077AE7
:1013F000FCEEE77A17EE903A99B26FE740F20113EC
:10140000BB83044B3B6283E70AD7A33D00FF7F47C2
:1014100000000000207E0108287E010890F84E2080
:1014200002B17047012280F84E20FFF733BD00BFA4
:10143000037833B3F0B58C4686460AE0192D98BF81
:10144000FBB2192C98BFF2B2934214D11EF8013F9F
:101450006BB11CF8012BA3F1410503F12007A2F1A8
:10146000410402F12006002AE8D10120F0BD9CF8D9
:101470000030002BF9D010F8013F002BDBD11846CB
:10148000F0BD1846704700BF274B0B4400EB8303A9
:101490002DE9F041D3F80480B8F1000F19D001EB29
:1014A00041031746214A0D4600EB830304464E00D4
:1014B000995800292ADA73191D4A04EB83039958B5
:1014C000002916DA35441B4B04EB8504E15800294A
:1014D00001DABDE8F081BB8840469FED170A07EEB0
:1014E000903AF8EE677ABDE8F04187EE800A02F0A4
:1014F00033B87B8840469FED100A07EE903AF8EE2D
:10150000677A87EE800A02F027F8DBE73B884046DF
:101510009FED090A07EE903AF8EE677A87EE800AA7
:1015200002F01AF8C7E700BF2E9C0100D070060039
:10153000D4700600D870060000FF7F472DE9F04701
:101540000746884691469A4600250DE049462046C2
:10155000FFF76EFF58BBBAF1000F04D0514620468A
:10156000FFF766FF18BB0135384601F057FFA84268
:1015700026DD2946384601F053FFB0FA80F60446CE
:101580007609B8F1000F15D0A6B94146FFF750FF14
:1015900068B9B9F1000FD9D1BAF1000FE3D0002E2C
:1015A000E1D151462046FFF743FF0028DBD0284613
:1015B000BDE8F087B9F1000FEED0002CD3D0C5E71D
:1015C0004FF0FF352846BDE8F08700BF2DE9F04712
:1015D00044F6A4390026054600F1080ADFF8C08069
:1015E00081442B4F05F5CE24A8442F44C0E9006662
:1015F000504602F067F8484602F07CF9404602F097
:10160000A3FA384602F05AFD224BC4F8CC7004F11C
:10161000D00E9C4603F13C07C4F8C880C4F8BC60F7
:101620009FED1D7ADFED1D7ABCE80F00C4E930A9FB
:10163000AEE80F00BCE80F00AEE80F00BCE80F00FA
:10164000AEE80F009CE807008EE8070003CF4FF0DC
:101650007E5ADFF850903B88C4F816012846A4F85B
:10166000146184ED4B7AC4ED4C7AC4F838A184F847
:10167000286184F83461C4F83C91C4F81A11A4F8C4
:101680001E31C4E94366C4E94866BDE8F08700BF7F
:1016900088570600947D0108000000008888883B78
:1016A000285706008888083BF8B500F10805002394
:1016B00000F5CE26A34AA449074628461C46FFF754
:1016C0003DFFA24BC6F8DC002846A14AA149FFF71E
:1016D00035FFC6F8E00000E00134284601F09EFE28
:1016E000034621462846A3426CDD01F099FE9A4943
:1016F0000028F1D0FFF79CFE0028EDD0D6F8DC30B2
:10170000C6F8E440002B65DBD6F8E030002B6EDB3A
:10171000D6F8E430002B76DB44F6A4340023894A63
:101720003C4489492046FFF709FF8C4B8C4A8D4980
:10173000C6F8E8002046FFF701FF8B4BC6F8EC0027
:1017400020468A4A8A49FFF7F9FED6F8E830C6F8FB
:10175000F000002BC0F28D80D6F8EC30002B7FDB40
:10176000D6F8F030002B72DB824C834B3C44834A2A
:1017700083492046FFF7E2FE774B824A8249C6F84A
:10178000F4002046FFF7DAFE774BC6F8F800204653
:101790007E4A7F49FFF7D2FED6F8F430C6F8FC0047
:1017A000002B4BDBD6F8F830002B3EDBD6F8FC30B4
:1017B000002B31DB002101220223C6E94012C6F8CA
:1017C0000831F8BDD6F8DC304FF0FF34002BC6F8F6
:1017D000E44099DA0021284601F08AFE0028C0F290
:1017E000A780C6F8DC00D6F8E030002B90DA0121A3
:1017F000284601F07DFE002844DBC6F8E000D6F85C
:10180000E430002B88DA0221284601F071FE00281E
:1018100043DBC6F8E4007FE70221204601F068FEC2
:1018200000287ADBC6F8FC00C4E70121204601F05D
:101830005FFE002866DBC6F8F800B7E70021204607
:1018400001F056FE002853DBC6F8F400AAE7022197
:10185000204601F04DFE00283FDBC6F8F00083E78C
:101860000121204601F044FE00282BDBC6F8EC00E5
:1018700076E70021204601F03BFE002818DBC6F881
:10188000E80069E7284601F0C9FD01288CBF012066
:101890004FF0FF30C6F8E000B1E7284601F0BEFD8A
:1018A00002288CBF02204FF0FF30C6F8E40033E777
:1018B000204601F0B3FDB0FA80F040094042C6F87E
:1018C000E80049E7204601F0A9FD01288CBF01206E
:1018D0004FF0FF30C6F8EC0042E7204601F09EFDD5
:1018E00002288CBF02204FF0FF30C6F8F0003BE723
:1018F000204601F093FDB0FA80F040094042C6F85E
:10190000F4004FE7204601F089FD01288CBF01203B
:101910004FF0FF30C6F8F80048E7204601F07EFDA2
:1019200002288CBF02204FF0FF30C6F8FC0041E7D0
:10193000284601F073FDB0FA80F040094042C6F835
:10194000DC0050E7447E0108487E01084C7E010817
:10195000547E01085C7E0108647E0108AC7E0108AB
:10196000B87E0108C07E0108947E0108C87E010887
:10197000D07E0108285706006C7E0108747E01089D
:101980007C7E0108847E01088C7E01089C7E010813
:10199000A47E010870B5046886B024B12568BFF341
:1019A0005B8FEB0701D506B070BD03AE221D034669
:1019B000B44607CAACE80300ACF800202268BFF3C5
:1019C0005B8F9542EFD1EE4603F5CE2496E80700F3
:1019D000F446ACE80300ACF80020D4F82021AA4279
:1019E000E1D004F5867CC4F820519EE80700ACE8FD
:1019F0000300ACF8002094F80E21012A6DD094F871
:101A00003451002DCFD194F80C11042956D9B4F8D3
:101A10001A11B4F8102184F80C51914271D194F844
:101A20001621B4F81201003AB4F81C1118BF0122B3
:101A3000884208D1B4F81401B4F81E11884202D1CA
:101A40000021002A40D194F80C2194F826319342C9
:101A500094F80D312AD0003B18BF0123D4ED4B7A06
:101A600084F82621F5EEC07A84F82731F1EE10FAD9
:101A700003DD94F8241100293BD1002184F82421AE
:101A800084F82531C4F82C1112B1002B08BF0225AF
:101A900084F8285104F5867303CB1B88C4F816011B
:101AA000C4F81A11A4F81E3106B070BD003B94F8BA
:101AB000271118BF01239942D0D1EBE7B4F81001E8
:101AC000B4F81A2190421ED0481E194A03281A441D
:101AD000B9D81846FFF7D8FCB5E794F83431002B95
:101AE0007FF461AF4FF07E5384F83421C4F838316D
:101AF00059E794F825110029BFD1012384F8283132
:101B0000C8E72A46A1E794F81621B4F81261521AE0
:101B1000B4F81C0118BF01228642D5D1B4F8146173
:101B2000B4F81E018642CFD1002A8CD0CCE700BF8A
:101B30001071060000F5CE2090F82831012B13D04B
:101B4000022B00D07047D0ED4B7AB7EE007AD0ED83
:101B50004C6A77EEA67AF4EEC77AF1EE10FA0FDB54
:101B6000002380ED4B7A1BE0D0ED4B7A002390ED03
:101B70004C7A77EEC77AF5EEC07AF1EE10FA02D918
:101B8000C0ED4B7A704790F8262190F82711C0F8E5
:101B90002C3180F8242180F8251102B119B10023DD
:101BA00080F8283170470223FAE700BF2DE9F04F93
:101BB000804699468A46174608F5CE242DED028BBD
:101BC00083B0FFF7E7FE94F83431022B00F0B480C5
:101BD000D8F8040010B1002B00F0CA80B9F1000F52
:101BE00000F08680002521E09FED6C7AB4EE478AF4
:101BF000F1EE10FA37FE088A7E6827EE888A012AFD
:101C00005E4486ED008A6DD1D4ED4E7A002394EDCA
:101C10004F7A77EEC77AF5EEC07AF1EE10FA40F21D
:101C20008580C4ED4E7A0135A94561D094F8342100
:101C3000022A62D094F824114FEA850B584EDAF844
:101C400000300E4403EB850308EB860693ED008A13
:101C5000766800293ED0002E3CD094F82531B0EEB5
:101C6000480A002B53D094F82831002B4FD1F0EEC6
:101C7000488A78EEC88A94ED4B6AF0EE487ADFED38
:101C8000496A94ED4E7AE6EE287AF4EEE67AF1EEC1
:101C900010FA24D4DFED416AF4EE667AF1EE10FA20
:101CA00076FEA77A3B6867EE277A30EE480A9FED0A
:101CB0003D7A5B44C3ED007AD4ED4B6AD4ED4E7AA5
:101CC000A6EE808AB4EEC78AF1EE10FA8CD5B0EE9B
:101CD000478A91E7B0EE480AF0EE488AC9E7F0EE8D
:101CE000667ADFE701354046FFF724FFA9459DD11D
:101CF00003B0BDEC028BBDE8F08F3B68002103EB25
:101D000085027B6803EB8503116019608BE73368FC
:101D10003046DB689847304601F05CFC3046F0EE18
:101D2000408A01F05BFC94F83421A2E7C4F8383112
:101D3000022384F8343176E7B9F1000FD8D04FEAA6
:101D40008902D7E9000404EB8909484502D28118C9
:101D50008C4213D30021019214F0FAFD019A002164
:101D6000204603B0BDEC028BBDE8F04F14F0F0BD8F
:101D70004A46DAF8001000F04BFA2FE7002340F84B
:101D8000043B884244F8043BB2D0002340F8043BB3
:101D9000884244F8043BF1D1AAE700BF3333733FD4
:101DA0002E9C0100333373BF70B5044644F6A4354E
:101DB0000830304E254426442DED028BB0EE408A8B
:101DC00082B0C4E90012019001F0B0FC0121019839
:101DD00001F0B4F9B0EE480A284601F0C5FD2846E6
:101DE000254D012101F0AAF9B0EE480A30462544FC
:101DF00001F0D8FE0121304601F0A0F9B0EE480A0A
:101E0000284602F0ADF90121284601F097F9204655
:101E1000FFF74AFC2046FFF7BDFD04F5CE2090F801
:101E20000D3190F80C21003B80F8242118BF0123CC
:101E300080F8262180F8253180F8273102B1ABB136
:101E400000229FED0E0AF7EE007A0023C0F82C2145
:101E500028EE008A80F83431C0ED4E7A87EE887A19
:101E600080ED4F7A02B0BDEC028B70BD4FF07E5218
:101E7000E7E700BF28570600885706000BD7233C2A
:101E8000002ADFEDC07A2DE9F84307461C462DED08
:101E9000028BB0EE408A08DD0B4601EB8205B3EC05
:101EA000017AAB4277EE877AF9D107EE102AB64D68
:101EB000501EDFEDB45AB8EEC77A6FF00308DFF8B2
:101EC00024E305F580592E4687EE876A4246AF4BDC
:101ED00008F10408DFEDAE6A9FEDAA7A01E0F3ECA9
:101EE000016A002A8C4605DB82429446A8BF8446DC
:101EF00001EB8C0CDCED007A734502F1010277EE08
:101F0000C67AA7EEA67AEAD1A6EC017A4E45E7EEAC
:101F1000075ADBD1DFED9F7A25EEA70AB5EE400A1E
:101F2000F1EE10FA00F12981F1EEC07A9FED9A7A74
:101F3000D7ED086AF4EEC77AF1EE10FA07DD9FEDEF
:101F4000977AF4EEC76AF1EE10FA00F3CF809FEDB6
:101F5000947ADFED945A27EE877A9FED936AF4EE38
:101F6000C67AA6EEA57AF1EE10FA87ED087A00F1AE
:101F7000AE80002140F2F4628C48012614F0E8FCA7
:101F80008B484FEA450C8B4907460CF5805CACEB5F
:101F900001022B469FED7B7AF3EC017AF2EC016AA9
:101FA0008B4277EEE67AA7EEA77AF5D1013640F2BA
:101FB000BD12191FA7EC017A9642E8D17E4D4FF071
:101FC0007E53DFED707A2A467C4942F8043B0123B8
:101FD000F0EC016AB7EE007A9FED796A77EEA67AA7
:101FE000F4EEC67AF1EE10FA07DD07EE103AB8EE1D
:101FF000C77A67EE266A86EEA77A814203F101036B
:10200000A2EC017AE4D1B5EEC08AF1EE10FA63D504
:102010009FED6C7A6C4A0C2302E001338B4256D060
:10202000F2EC017A40F2BD11F4EEC77AF1EE10FA4B
:10203000F3D505EB830209E0D2ED017AB2EC017A27
:10204000F4EEC77AF1EE10FA66D50B46B3F5DE7FF3
:1020500003F10101F0DBDFED4B7A07EE103AF7EE0A
:10206000006AB8EEC77A77EE277AF4EEE67AF1EEF8
:1020700010FA2CD9DFED555AB3EE0B6A85EEA77A2C
:10208000B4EEC67AF1EE10FA21D4DFED517AB4EE57
:10209000E77AF1EE10FA1ADC05EB830384ED007A9F
:1020A000D3ED007A76EEE77AF5EEC07AF1EE10FA2B
:1020B0005DD4F4EE667AF1EE10FA76FEA77A0A9B0A
:1020C0000120BDEC028BC3ED007ABDE8F883BDECC6
:1020D000028B0020BDE8F883F7EE007AB4EEE78AC1
:1020E000F1EE10FA11DD9FED3B7A93E787EEA67AC9
:1020F0009FED396AB4EEC67AF1EE10FA7FF727AF9A
:10210000FB6A0B9A13447B6221E7DFED347A9FED83
:102110002D7AA8EE677A7DE705EB8302B0EE005AD0
:10212000DFED2F5A52ED016AB0EE666A97EE056A4E
:1021300036EE676AB0EEC67AB4EEE57AF1EE10FAE2
:1021400089D476EEE77AF6EE006AFEEE005A27EEC4
:10215000A67AC7EE067AF4EEE57AF1EE10FA09D423
:10216000F4EE667AF1EE10FA76FEA77A75E7DFED07
:10217000057AA4E7F0EE657A6FE714F05FFBF0EE06
:10218000407AD3E60000000010C70624487F01080B
:10219000F1F0F03C0000803AA69B443CBD37863508
:1021A0009A99193E9A99593F0AD7233C1057072408
:1021B000145707240CD7062410B70624045E0724FE
:1021C0005F708930AE47613E40B7062400803B46D1
:1021D00000007A44CDCCCC3D3333D33F8FC2F53DA4
:1021E000CCBC8C2B687F01080022C0E9002270471C
:1021F00010B54FF4004204460021044814F0A8FB37
:1022000000232360BFF35B8F636010BD10D70624EB
:10221000036830B492B19C18094DC3F30C0201332A
:1022200051F804CB05EB8202A342C2F800C0F4D1FE
:102230000460BFF35B8F446030BC70471C46F7E717
:1022400010D70624531EB3F5805F03D2B1FA81F391
:102250005B0909B90020704770B502F580754668C2
:10226000BFF35B8FB5421CD8A6F580768C460E4D29
:102270001946B41A0B19013141F6FF7EC3F30C0362
:102280008A4205EB83031B684CF8043BF2DC43688D
:10229000901BBFF35B8F184470458CBF002001205A
:1022A00070BD002070BD00BF10D7062400220021A1
:1022B00010B478248161C161C46201625DF8044B8D
:1022C00080F83020C0E90022C0E90222C0E90422DF
:1022D000C0E90922704700BF002300227831036063
:1022E00043608360C360036142618361C3610362D1
:1022F00080F8302010B47824C0E90912C4625DF877
:10230000044B7047B5EEC00AF0B5F1EE10FA154671
:102310002DED028B83B044D9DFED267A04460E46BC
:102320009FED258A80EE270A244F13F083FF204675
:10233000234B3146234EF2EE087AA0EE278AF8FEB0
:10234000487AFDEEE77A17EE904A83FB04234FEAC2
:10235000E47C1D4ACCEB630C0CEB4C030CF1FF3C12
:10236000A4EB8303CDF800C00C33A6FB036C4FEA4B
:10237000DC0C0CEB4C0CA3EB8C0357F8233014F063
:1023800027FC07EE904A9FED117AF8EEE77A38EED7
:10239000678A28EE078A85ED008A03B0BDEC028BC0
:1023A000F0BD00270A4A14F013FC2F6003B0BDEC07
:1023B000028BF0BD0000DC4300008A42147F01085C
:1023C000ABAAAA2AABAAAAAADC7E01080000C842CE
:1023D000D87E0108D0ED006AD0ED017A90ED020AB6
:1023E000F4EEE76A90ED037A90ED046AF1EE10FAEC
:1023F00005DDF0EE665AF0EE676AF0EE657AB4EE4F
:10240000C67AF1EE10FA33DCB4EEC60AF1EE10FA39
:1024100005DDF0EE405AB0EE460AB0EE656AB4EE65
:10242000C70AF1EE10FA30DCF4EEC76AF1EE10FAEA
:1024300005DDF0EE665AF0EE476AB0EE657AF4EE2E
:10244000406AF1EE10FA36FE800AF4EE467AF1EEBA
:1024500010FA76FE277AF4EE477AF1EE10FA77FE5C
:10246000277AF4EE407AF1EE10FA37FE800A7047D0
:10247000B4EEC70AF1EE10FA0FDDF0EE405AB0EEFE
:10248000470AB0EE467AB0EE656AF4EEC06AF1EE45
:1024900010FA0EDDB0EE667AD7E7F0EE475AB0EEEE
:1024A000467AB0EE656AB4EEC70AF1EE10FABBDD0B
:1024B000EBE7F0EE475AB0EE407AB0EE650ABEE7C1
:1024C000F0B50D461146954A04460020166895F869
:1024D00030202DED028B206185B02682360CB0EEC7
:1024E000608A0C9FA674C4E90000C4E90200C4E934
:1024F00005002AB1AA6ABA1AB2F5966F00F2AE8048
:10250000B5EEC01A00220292F1EE10FA03921AD42C
:10251000F7EE007AB4EEE71AF1EE10FA40F3858098
:10252000C822EA6299B96B6A00229F42A26180F0D8
:10253000888095F83030002B40F0A180204605B00F
:10254000BDEC028BF0BD3C22EA620029EBD0B3F572
:10255000805FE8DB1A4603AB28460197009302AB85
:10256000FFF78EFC6B6A9DED020ABB4284ED060A02
:10257000DFD8002865D095F83020002A40F09480FC
:102580009DED035A6B682B60AB686B60EB68AB60CA
:102590002B6985ED040AEB606B69042B00F3B780AF
:1025A0000133052B6B6100F0B280B5EEC08AF1EE0D
:1025B00010FA00F1A980F7EE007AB4EEE78AF1EEA6
:1025C00010FA00F3A8809FED567ADFED567AE8EE18
:1025D000077A3AB195ED067A70EE476AA6EEA77AC9
:1025E000B0EE470ADFED507A85ED060AB4EEE75A01
:1025F000F1EE10FACCBF0123002305DD012285EDA9
:10260000070AAF6285F8302004F1100004F10C02D3
:102610000821237084ED010A84ED025AFFF772FE4F
:10262000204605B0BDEC028BF0BDF6EE007A9FEDC2
:102630003F7AE1EE077AFCEEE77A17EE902A3C3219
:1026400082E7002295F830302270002B4CD1002315
:102650002046A36005B0BDEC028BF0BD002268618E
:10266000A8622A606A60AA60EA602A61AA61EA61D7
:102670002A6207F1780285F830006A6240E700209C
:1026800095ED070A4FF07A5304F10C0220700821EF
:1026900004F1100084ED010AA360FFF733FE204629
:1026A00005B0BDEC028BF0BDD5ED077ADFED206AF9
:1026B00080EE277AB4EEE67AF1EE10FA07DCDFED71
:1026C0001D6AB4EEE67AF1EE10FA7FF559AF9DED92
:1026D000035A9FED197AB4EEC75AF1EE10FA7FF55E
:1026E00051AF0023237001E0D5ED077A134BB0EE14
:1026F000670A04F10C02082104F11000A360C4ED84
:10270000017AFFF7FFFD19E7DFED067A61E728465A
:10271000FFF760FE49E7DFED0A7A5AE7D87E010845
:1027200014AEC7BE6666E63ECDCCCC3E00000C4380
:102730009A99F93FB81E053F6666663FCDCC4C3E80
:1027400090C2753D0022C0E90022704710B50C4AC6
:1027500088B001230021B2F800C04FF4E1340393A4
:1027600006930491029101A9059393880794ADF80B
:1027700004C0ADF806300AF0EBF908B010BD00BF98
:10278000DC7D010810B588B00B460A4A20210446BA
:10279000684614F01DFA6846FDF7A2FD0A230246BA
:1027A000694620460AF03EFA10B16368013363605F
:1027B00008B010BD687F010891ED007AB5EEC07ACF
:1027C00030B5F1EE10FA9DB0044640D4F7EE007A31
:1027D000B4EEE77AF1EE10FA40F3998091ED017AC8
:1027E00042F21073B5EEC07AF1EE10FA37D5002040
:1027F00091ED027AB5EEC07AF1EE10FA3FD4F7EE21
:10280000007AB4EEE77AF1EE10FA5CDD91ED037A2E
:1028100042F21075B5EEC07AF1EE10FA37D500220B
:1028200060210292434ACDE9000504A814F0D0F9D2
:1028300004A8FDF755FD0A23024604A920460AF024
:10284000F1F910B16368013363601DB030BD00233E
:1028500091ED017AB5EEC07AF1EE10FAC7D4F7EE39
:10286000007AB4EEE77AF1EE10FA3EDD91ED027AED
:1028700042F21070B5EEC07AF1EE10FABFD5002525
:1028800091ED037AB5EEC07AF1EE10FAC7D4F7EE07
:10289000007AB4EEE77AF1EE10FA02DD42F210723D
:1028A000BEE7F6EE007ADFED246A42F21071E7EE41
:1028B000267AFDEEE77A17EE902A8A42A8BF0A46EA
:1028C00022EAE272ACE7F6EE007ADFED1B6A42F232
:1028D0001072E7EE267AFDEEE77A17EE905A9542EF
:1028E000A8BF154625EAE575CAE7F6EE007ADFEDE2
:1028F000126A42F21072E7EE267AFDEEE77A17EEE0
:10290000900A9042A8BF104620EAE07070E7F6EE09
:10291000007ADFED096A42F21072E7EE267AFDEEE8
:10292000E77A17EE903A9342A8BF134623EAE3737F
:102930008EE700BF707F010800401C4610B51446AA
:102940009AB01A460B46009460210446019202A8F0
:10295000084A14F03DF902A8FDF7C2FC0A2302461A
:1029600002A920460AF05EF910B163680133636082
:102970001AB010BD807F010891ED017AB5EEC07AE2
:1029800010B5F1EE10FAA4B0044653D4F6EE007A76
:10299000DFED296AE7EE267AFDEEE77A17EE900A78
:1029A0009FED266AF6EE006A91ED037AFEEE007A5C
:1029B00027EE067A91ED026AB5EEC07AF1EE10FAD2
:1029C000B5EEC06A66FEA77A77EE877AF1EE10FA66
:1029D000FDEEE77A09D4B7EE007AB4EEC76AF1EEFD
:1029E00010FA1EDD4FF47A7300E00023CDED027A79
:1029F000009004A8039311F8103B114A0191802123
:102A000014F0E6F804A8FDF76BFC0A23024604A9BB
:102A100020460AF007F910B163680133636024B0FF
:102A200010BD9FED057AE6EE076ABDEEE67A17EE79
:102A3000103ADBE70020B3E700007A440000C84208
:102A40008C7F01080B4A002300B5126889B04FEA59
:102A5000124C01A9059301930493ADF814208DF84D
:102A600016C0CDE90233CDE90633FFF785FF09B083
:102A70005DF804FBD87E0108DFED156ABEEE007A32
:102A8000F6EE007A134A20EE260A302110B5B5EE94
:102A9000C00A8CB004466846F1EE10FA67FE877AE9
:102AA00077EE807AFDEEE77A17EE903A14F090F820
:102AB0006846FDF715FC0A230246694620460AF0DF
:102AC000B1F810B16368013363600CB010BD00BF92
:102AD0000000C842A07F010810B58CB00B460A4A1E
:102AE00030210446684614F073F86846FDF7F8FB99
:102AF0000A230246694620460AF094F810B163683A
:102B0000013363600CB010BDB07F0108394A4FF645
:102B1000FF71138CF0B5A0F8703089B0B2F8404066
:102B200005468C4218BFA342A0F8724003F1FF3360
:102B3000B2F860202CBF012400244FF6FD719BB237
:102B4000A0F87420013A8B4288BF44F0010492B28D
:102B50008A4288BF44F001042CB103230024836619
:102B6000204609B0F0BD244B214604270126D3F8A6
:102B7000E02042F08072C3F8E0206422D3F8E03015
:102B800003F080730093009B13F0E2FE4FF4802368
:102B90001A4A28462F61AE61C5E900234FF48053DD
:102BA0002B6303F005F910B10223AB66D8E740F2BE
:102BB000FF724FF00111284603F006FA0028F3D106
:102BC0000F4B062201A92846019307230597CDE95B
:102BD000022340F2FF73CDE90644049302F0F6FBB2
:102BE0000028E1D130460AF039FAAC6685F8646015
:102BF0003446B5E700E8F11F00440258006002586F
:102C0000000084CBF0B5002389B01746062201915D
:102C10000446CDE906330723CDE90223042340F21D
:102C2000FF720DEB0301CDE9042302F0CFFB00BBE3
:102C300008260546204602F097FE0346022120465C
:102C4000A3B902F0EBFA034620467BB902F06EFB13
:102C5000034620461D4402F0C5FF50B9013EE9D1AC
:102C600004350120ED083D8009B0F0BD204602F09A
:102C7000B9FF002009B0F0BD10B54FF6FE7C00F1A1
:102C8000FF3EE6452DED028B68D801F1FF3EE6459B
:102C900064D802F1FF3EE64560D803F1FF3EE64509
:102CA0005CD8049CA34238BFB4F5803F56D2069C42
:102CB000A446059CA44551DD049CB4EB030C6EEBCB
:102CC0000E0EBCF1010F7EF1000447DB07EE902AE7
:102CD00005EE903A9FED241BB8EEE74B07EE901AF5
:102CE000B8EEE55B7146B8EEE76B07EE900A24EEAE
:102CF000014B6046B8EEE77BDDE9052384EE062B49
:102D00009B1A03EE103AB8EEC33B22EE077B87EE28
:102D1000018B38EE458B28EE038BFDF7C7FCDDED0C
:102D2000057A079BB8EEE77BFBEE045A41EC160BE5
:102D300088EE066B36EE077BB7EEC77BB4EEE57A1E
:102D400083ED007AF1EE10FA08DBDFED097AB4EEDC
:102D5000E77AF1EE10FA01D8012000E00020BDEC86
:102D6000028B10BDAFF300800000000000C8A94036
:102D700000000243002391F8642030B5C0E900331D
:102D8000836085B08B6E0446C36012B9204605B0DF
:102D900030BD0D4600F1080215492846FFF732FF05
:102DA00048B195F8643033B104F10A02114928465C
:102DB000FFF728FF20B904232046E36005B030BDAB
:102DC000A96F231DB5F8722002911E210393009272
:102DD000B5F87030B5F87420019161892089FFF74A
:102DE0004BFF0028207014BF00230523E360CDE7CC
:102DF000000084CB0000B8CF03789A1E012A78D94E
:102E0000CA6810B40C89026384850C78002C5AD0EF
:102E1000BBEE047AD1ED017AF4EEC77AF1EE10FA46
:102E200051D49FED477AF4EEC77AF1EE10FA4ADCFE
:102E30009FED447A0022F4EEC77A4262F1EE10FA76
:102E400058DA81694A1C00EB81015442C1ED017AD4
:102E500002F0030204F0030158BF4A42416903290A
:102E6000826103DC01310029416158DD021DDFED83
:102E7000367A02EB8104B2EC017AA24277EE877ACD
:102E8000F9D107EE101A9FED316AB8EEC77AC7EE96
:102E9000876AF4EEC66AC0ED0A6AF1EE10FA41DA0A
:102EA000DFED2B7A0022F4EEE76A0262F1EE10FA0F
:102EB00029DBC3690133022BC36101DD01230370E8
:102EC0005DF8044B7047436A00210133022B4362D3
:102ED000C0E90711F4DD8A424FF002034FF003010D
:102EE0005DF8044B08BF052280F83430017002639E
:102EF0007047704702210123C0ED0A7A0263017016
:102F000080F83430DCE7012BC261D9D1DFED117AD2
:102F1000F4EEE76AF1EE10FA98BF0270D0E7DFED49
:102F20000A7AAEE7036A00220133022BC0E90723C5
:102F3000C6DD022101230263017080F83430BFE74F
:102F4000000002430000C842000000000000B4423C
:102F50000000A042000096420346002290F8340090
:102F600083F83420704700BF10B564220021044666
:102F700013F0EEFC002300220221204684F8643086
:102F80002367A4F87430A36784F87C30C4F88020E9
:102F9000C4F88420C4F88820C4F88C20C4F8A03079
:102FA000C4F8A420A4F8A830C4F8AC3084F8B03039
:102FB000A4F8BC30C4E91A13C4E92433C4E92633A5
:102FC000C4E92D3310BD00BF70B590F8BC6084B06B
:102FD000DEB190F87C300446023B012B18D9D0F8C2
:102FE000B4300D46CB1A632B12D90146C0F8B45049
:102FF0006846FFF7BFFE694604F17C00FFF7FCFE60
:1030000094F87C30023B012B06D9304604B070BDE9
:103010000026304604B070BDD4F8B830002BF4D18F
:10302000C4F8B850F1E700BF00234FF0000C70B5B2
:1030300080F87C300446C0F880C00D46C0F884C0DB
:103040001646C0F888C0C0F88CC0C0F8A030C0F8E0
:10305000A4C0A0F8A830C0F8AC3080F8B030C0E907
:103060002433C0E9263302F0D3F880B2E066D8B149
:103070004FF6FF73984217D041F2030398428CBF7A
:1030800082236E232046A367FFF740FDA5F164036A
:10309000002284F8BD00C4F8B4300123C4F8B8207D
:1030A00084F8BC302EB970BD00200623A067A3664B
:1030B000ECE729462046BDE87040FFF785BF00BF1A
:1030C00090F87C30023B012B15D8D0F8B82040F2A4
:1030D00014530A48891AA0FB0120800A03FB101030
:1030E000B0F5167F07D2064BA3FB0030C0F34010AB
:1030F00080F0010070470020704700BFFD33A6C973
:103100001F85EB5180ED080A704700BF80ED050A6E
:1031100080ED060A704700BF80ED050AC0ED060A83
:10312000704700BF037FF7EE007A9FED030A002B84
:1031300000FE270A704700BF0000000001777047BB
:10314000704700BF704700BF704700BF10B5044B09
:103150000446C068236008B112F01FFF204610BD6E
:10316000E07F010810B5064B0446C068236008B133
:1031700012F013FF2046242112F00DFF204610BD4F
:10318000E07F010838B50446C0680D4618B112F05A
:1031900004FF0023E360002D02DC0023A36038BDA0
:1031A0002846A56012F0FBFEA368E060002BF6DD68
:1031B00000210B4608E09CF81020C2540133A2689D
:1031C0001C319A42EBDDE068226902EB010C002A17
:1031D000F1D1C254F2E700BF2DE9F04F95B0174688
:1031E000013B0D461E9C0990B4F90620B4F9040079
:1031F000002A069320EAE070B4F90230B4BF561CEE
:1032000016460593A0F109037610B4F900C01BB26D
:103210009642314623EAE3731FFA8CFCA8BF11469D
:10322000921B092812B221EAE17AA8BF0920092BD2
:1032300022EAE272E280BDF814201144A2F10502F4
:1032400061801946A8BF092102EB6A02002FA3EB97
:1032500001030A910CEB000196B20FFA82F88AB2D0
:103260000C920AB208929AB21BB20B92079345DDF8
:10327000ACF1020C0CEB6000031D02B20FFA83FBF1
:103280000D9293453ADB06F10902012128465B467F
:1032900012B200922A6801915946D2F8189042461B
:1032A000C847721C28464FF0070912B25B462546F4
:1032B000013B0D991FFA82FB1BB21FFA89F9994253
:1032C0001ADC0BEB09010124A9F1020909B20FFA7A
:1032D00089F90091016829EAE97901948C69194614
:1032E000CDE90E03A0470D9B0BF101020E98194684
:1032F0000F9B12B29942DBD12C460546069BBB427E
:1033000040DD0C9B0B9A023B1A4413460A9A03EBCE
:1033100062031FFA83F91BB209F1050212B293424C
:1033200030DA06F1090101204246A9EB060909B28B
:103330004FF0070800912968019028468F691946C7
:10334000B847721C053612B236B297B2B2421FFAB3
:1033500088F807EB09031BB214D008EB0701012022
:1033600009B20091296801902846D1F818B0194691
:10337000D847A8F102037A1C1BB212B2002B23EA31
:10338000E378E2DC099B4FF000084FF0010910AE32
:103390005A6829462B6812A8DF6A089BADF846A038
:1033A000ADF84030059B0096ADF84230079BCDE963
:1033B0000189ADF844300D4BB8472B68294612A857
:1033C000DD6A0096094BCDE901892288ADF84020DD
:1033D0006288ADF84220A288ADF84420E288ADF8BA
:1033E0004620034AA84715B0BDE8F08F58020024D4
:1033F000C47F010810B4074C002200210460064C71
:103400004161446081615DF8044B02770261C0E96B
:1034100002227047E07F0108C87F0108007A7047E8
:10342000C3685BB1002909DB83688B4206DD036951
:1034300023B1C1EBC10153F8210070470048704728
:10344000D07F0108C36873B100290CDB8268914208
:1034500009DA5B5C9FED057A07EE903AF8EE677A41
:1034600087EE870A70479FED020A70470000FE4210
:10347000000000000029C26832DB8AB383689942E9
:103480002EDA036963B3C1EBC10003EB8003187943
:10349000032825D19B68581C22D007EE903A9FED57
:1034A000115A525CF8EEE75ADFED0F7A07EE102A58
:1034B000DFED0E6A85EE256AB8EEC77A37EE277A19
:1034C000C7EE067A77EEA67AFDEEE77A17EE900A57
:1034D00001300128B8BF01209842A8BF18467047A4
:1034E00001207047000000430000FC3E0000003C4B
:1034F0000369A3B110B48468002C0BDD002002E046
:103500000130A04206D05A691C338A42F8D15DF8D6
:10351000044B70474FF0FF305DF8044B70474FF09D
:10352000FF30704730B5C46884B100290EDB856870
:103530008D420BDD150609D414F801E0964505D03F
:1035400062540368034ADB6A934200D130BDBDE890
:103550003040184745310008B5EEC00AF1EE10FAC8
:103560002CD4F7EE007AB4EEE70AF1EE10FA22DC82
:10357000002930B5C4681DDBE4B18568A94219DAB9
:103580009FED117ADFED117AE0EE077AFCEEE77A33
:1035900017EE90CA1CF0800F5FFA8CFE0AD114F867
:1035A00001C0F44506D004F801E00368084ADB6A6C
:1035B000934206D130BD7F22FFF7B4BF0022FFF750
:1035C000B1BFBDE8304018470000FE423333B33E80
:1035D0004531000890ED050A704700BF90ED060ADE
:1035E000704700BF034B10B504460360FFF7AEFD04
:1035F000204610BDD4800108064B10B50446036078
:10360000FFF7A4FD44F69C31204612F0C4FC20468E
:1036100010BD00BFD48001082DE9F041044682B0FE
:10362000002104F58045FFF70DFF2046012105F636
:10363000883305F68C3805F5396705F6943683ED41
:10364000000AFFF7FFFE2046022188ED000AFFF77F
:10365000F9FE05F6843304F5974220EE000A93ED57
:10366000007A2046D2ED007A032105F6983537EE30
:10367000677AE0EE077AC7ED007AFFF7E3FE0421F0
:10368000204686ED000AFFF7DDFEF0EE407A04F1F9
:10369000240098ED000AC5ED007A019012F034FC88
:1036A00097ED000A019812F0F5FB96ED000A0198DB
:1036B00012F0D4FB95ED000A019802B0BDE8F0418C
:1036C00012F052BC38B50446FFF794FE134A4FF08F
:1036D0007E5104F580431248226004F59742114D53
:1036E000116003F684321060002203F68830026015
:1036F00003F68C30026003F53960016003F6943103
:1037000003F6983320460A6005211A60064B65606F
:103710002361FFF737FD204638BD00BFD480010884
:103720000000A041108001084080010838B52DED4F
:10373000028BB0EE408A0546FFF7E4FC002405F159
:103740002400B0EE480A12F07BF92B6821460134C0
:103750002846DB6A9847052CF7D1BDEC028B38BDB3
:1037600030B5044644F688352DED028B83B02544F0
:10377000FFF7CCFC04F1240094ED050AB7EE008AB3
:10378000019012F027FA019812F05CFB95ED007A97
:10379000D4ED056A78EE477A019867EEA67AE0EEF6
:1037A000077AC4ED057A12F053FBD5ED007A94ED5B
:1037B000067A38EE678A28EE078AA0EE278A84ED1B
:1037C000068A03B0BDEC028B30BD00BF10B50368A4
:1037D00082B00446DB68CDED010A9847DDED010AB1
:1037E00094ED050A2046FFF797FC04F1240012F03F
:1037F0002FFB44F68833F7EE007AD4ED066A2344B3
:1038000093ED007A77EEC77A67EEA67AE0EE077A54
:10381000C4ED067A02B010BD38B50C460546FFF778
:1038200081FC012C00D038BD44F688332B44D3ED05
:10383000007A20EE270A38BD034B10B5044603601A
:10384000FFF784FC204610BD7C810108054B10B5B4
:1038500004460360FFF77AFC0349204612F09BFB05
:10386000204610BD7C810108840B0600F8B500F5E8
:10387000C0240021054604F6683604F678372DED9D
:10388000028B96ED008AFFF7DDFD04F66C3396EDB2
:10389000007A01212846D3ED007A04F67C3677EED3
:1038A000C77AA0EE278A87ED008AFFF7CBFD04F5E3
:1038B0003763F7EE007A022193ED007A04F6743351
:1038C00004F53864284637EEC00AD3ED007A77EE67
:1038D000C77A20EE000AA7EE807A86ED007AFFF71D
:1038E000B1FD84ED000A3B68BDEC028B6B6233686E
:1038F000AB62F8BD10B50446FFF77CFD144A4FF0EB
:103900007E5004F5C0231349226003F6683211602B
:1039100003F66C32106003F537620F48106003F64F
:1039200074300E4A026003F67830016003F67C3191
:10393000002003F538630A60094A0A4918602046E6
:10394000616003212261FFF71DFC204610BD00BF0E
:103950007C8101089A99193F0000164400007A46BC
:10396000208101080481010838B52DED028BB0EEED
:10397000408A0546FFF7C6FB002405F12400B0EE9F
:10398000480A01F0C5F92B68214601342846DB6A54
:103990009847032CF7D1BDEC028B38BD10B5044617
:1039A00086B0FFF7B3FB606903AAA16902AB00927E
:1039B00005AA049004F12400059104A901F014FA69
:1039C0000E4BF7EE007A9DED047A23449DED055AE7
:1039D000DDED025AD3ED006A9DED036A77EEE67ADB
:1039E00027EE877A67EE857AA6EEA57AE6EE867AE6
:1039F00084ED057AC4ED067A06B010BD800B060092
:103A000010B504462DED028B86B0B0EE408AF0EE84
:103A1000608AFFF781FB616903A8A26902AB00908D
:103A200004F12400049104A9059205AA01F0DCF92F
:103A30000D4BB7EE007ADDED025A23449DED036A8B
:103A4000D3ED006A77EE667A27EE888A67EEA87A69
:103A5000A6EEA58AE6EE867A84ED058AC4ED067A9E
:103A600006B0BDEC028B10BD800B0600FFF75ABB01
:103A7000034B10B504460360FFF768FB204610BDFA
:103A800028820108054B10B504460360FFF75EFB72
:103A90006021204612F07FFA204610BD28820108DE
:103AA00010B5044600212DED028B90ED118AFFF731
:103AB000C9FC94ED117A0121D4ED127A204677EEFB
:103AC000C77AA0EE278A84ED158AFFF7D3FC07EEAC
:103AD000900A02212046F8EEE77A94ED138AC4EDAD
:103AE000167AFFF7AFFCD4ED137A94ED147A04F153
:103AF000240037EE677AF0EE487AE0EE077AC4EDFC
:103B0000177AC4ED0C7A01F0D3FAF7EE007AD4ED0F
:103B1000160AF4EEE70AF1EE10FA10D4DFED097A96
:103B2000F4EE670AF1EE10FA77FEA00AB0EE000A92
:103B300012F0EAFB84ED100ABDEC028B10BDF0EE32
:103B4000670AF3E70000004238B50446FFF752FC6D
:103B50000D494FF07E520D48A1640D490D4B206078
:103B6000E1644FF0844162650B480C4A0C4D60647F
:103B70002046A16503212365E36565602261FFF7A7
:103B800001FB204638BD00BF0000A041288201088B
:103B90000000FA4300409C460AD7233CCC81010830
:103BA000AC81010838B52DED028BB0EE408A054698
:103BB000FFF7A8FA002405F12400B0EE480A01F04E
:103BC00069FA4FF08F432B642B6821460134284655
:103BD000DB6A9847032CF7D1BDEC028B38BD00BFE0
:103BE00010B504462DED028BB0EE408AFFF78EFA39
:103BF00094ED107AD4ED156A28EE078AB6EEC88ADD
:103C0000C8EE077ABDEC028B67EEA67AC4ED057AA2
:103C1000C4ED067A10BD00BF10B504462DED028B31
:103C2000F0EE408AB0EE608AFFF776FAD4ED107AB3
:103C300094ED156A68EEA78A28EE278AF6EEE88AE0
:103C4000C8EEA76AB6EEC88A88EE277ABDEC028B6A
:103C500066EE866AC4ED056A67EE067AC4ED067AFA
:103C600010BD00BF0368DB68184700BF034B10B5E9
:103C700004460360FFF76AFA204610BD7C83010802
:103C8000064B10B504460360FFF760FA41F63411A5
:103C9000204612F080F9204610BD00BF7C83010849
:103CA00010B5044606290CD8DFE801F0263D465839
:103CB000616C0C00DFED557A41F614132344C3ED1B
:103CC000007A10BD0621FFF7BDFBDFED517AB4EE9F
:103CD000E70AF1EE10FA09D4B7EE007AB4EEC70A9B
:103CE000F1EE10FA40F38680DFED4A7A41F62413B4
:103CF0002344C3ED007A10BD0021FFF7A3FBB5EE0E
:103D0000C00AF7EE007AF1EE10FA06D4B4EEE70A34
:103D1000F1EE10FA69DDDFED407A41F61813234425
:103D2000C3ED007A10BD0121FFF78CFB41F61C1397
:103D3000234483ED000A10BD0221FFF783FBB5EE9B
:103D4000C00AF1EE10FAB5D4F7EE007AB4EEE70A45
:103D5000F1EE10FA2FDDDFED317AADE70321FFF749
:103D600071FB04F12400BDE8104000F009BC0421FF
:103D7000FFF780FB014604F124000139BDE8104043
:103D800000F0F8BB0521FFF75DFBB5EEC00AF1EED0
:103D900010FA09D4F7EE007AB4EEE70AF1EE10FA61
:103DA0002DDDF0EE007A01E0F8EE007A04F5C9545A
:103DB000C4ED007A10BDF3EE087ADFED196ABAEEB1
:103DC000087AA0EE277AF6EE007AB5EEC07AF1EE28
:103DD00010FAACBF77EE277A77EE677AFDEEE77AD6
:103DE000F8EEE77A67EEA67A66E79FED0E7AE0EEE8
:103DF000077A92E79FED077AE0EE077A76E7B1EE71
:103E0000007AF8EE007AE0EE077ACFE7000096C479
:103E10000000000000004842000096430000964465
:103E20000000C8420080954370B545680446012DE6
:103E30002DED028BF0EE408A40F2A180037F90EDE1
:103E40000A8A1BB1F6EE007A28EE278A637F0BB14F
:103E5000B1EE488AA669DFED947A07EE106A9FED0D
:103E6000930AB8EE477A27EE277A27EE000A12F077
:103E7000DFFBAB1EF0EE407A84ED050A012B00F269
:103E80000C81DFE803F0014194ED047A40F2AE4189
:103E9000A268FCEEC76A8E4216EE903A02EB8303EC
:103EA00093ED000A0DD8B7EE007A013677EE677A07
:103EB000B0EE407AA7EEA87A83ED007A94ED047A0A
:103EC000A661236A37EE088A013B84ED048A07EE77
:103ED000903AF8EE677AB4EEE78AF1EE10FA40F322
:103EE000C0800023236194F82430002B00F0A180CF
:103EF0002368012B40F09D8000220321134684F8A3
:103F000024206160A26156E094ED047AA268BCEEC0
:103F1000C77A2168022917EE103A02EB830393ED6A
:103F2000000A00F0AD80032940F0A3809FED607A85
:103F300020EE077AA8EEA77A83ED007A40F2AE432E
:103F40009E4201D80136A661236AD4ED047A013B72
:103F500038EE278A07EE903AF8EE677A84ED048A05
:103F6000B4EEE78AF1EE10FA40F38F80002323616C
:103F7000012970D1022200236260A36159E08669A1
:103F80009FED497A07EE906A9FED480AF8EE677A4E
:103F900067EE877A27EE800A12F04AFB012D84ED46
:103FA000050A0DD0DFED437A0022B0EE670A134612
:103FB000C4ED047A226284F82530BDEC028B70BD1A
:103FC000D4ED047A40F2AE42A36828EE807AFCEE8B
:103FD000E77A964217EE901A03EB810383ED007A9D
:103FE00001D80136A661D4ED047AF7EE006AE368E1
:103FF000BCEEE77A013B77EEA67A17EE102A07EEC1
:10400000103AC4ED047AB8EE477A2262F4EEC77A29
:10401000F1EE10FA1DDD77EEE67A9FED267A0223A7
:10402000B0EE470A84ED047AFCEEE77A6360C4EDF3
:10403000087A94ED047ADFED207AB4EEE77ABDECED
:10404000028BF1EE10FA4CBF0123002384F82530D7
:1040500070BD9FED180A0023BDEC028B84F825305B
:1040600070BDB5EEC08AF1EE10FAE2D5C4ED047A67
:1040700039E7B0EE407AA8EEA77A83ED007A5DE7E3
:1040800068EEA77AC3ED007A58E7B5EEC08AF1EE84
:1040900010FAE0D5C4ED047A6AE725F002059FED39
:1040A000050A012DC5D1D6E70E745A3ADB0FC93F78
:1040B000F304353F000000000000964538B5044683
:1040C000FFF798F9214B002120464FF4006204F5D8
:1040D000805540F8403B12F03BFC4FF40062002159
:1040E00004F5046012F034FC4FF40062002104F582
:1040F000825012F02DFC05F6141C4FF0000E144AED
:104100004FF07C511348CCF800E005F6181C002352
:10411000CCF8002005F61C1CCCF8001004F5C95C96
:10412000CCF8001005F62411086005F62811204689
:104130000A60094A0949C5F82C39A5F83039616087
:1041400007212261FFF71EF8204638BD7C83010855
:10415000000016430000C841B082010858820108DF
:10416000F8B50546224C45F6C05705F580562DEDAD
:10417000028BB0EE408AFEF7C5FF1E4A00212046A2
:1041800012F0E6FB1C4A00212046C6F8F048C6F8AB
:10419000F47812F0DDFB3A46214600274FF07E54BA
:1041A00006F6E803C6F8EC78B0EE480A86F80C7913
:1041B000B6EE001AC6F8007905F12400A6F80479D5
:1041C0009C6203233C46DFED0D0AC6F8E83800F098
:1041D000F7F8C6F82C79A6F830792B682146013417
:1041E0002846DB6A9847072CF7D1BDEC028BF8BD57
:1041F000000000C000770100FC7601000000000014
:1042000030B5054605F580542DED028B83B0B0EE38
:10421000408AFEF77BFF94F8303953B9D4F82C3933
:10422000002B5ED045F6C05293424FDC0133C4F8F8
:104230002C3994F83139002B40D004F6281304F6B9
:1042400018129FED527A05F1240093ED001AD2ED79
:10425000007A04F62412019077EEC17AD2ED001AAA
:10426000A7EE871A83ED001A04F6141304F61C1443
:10427000D3ED000A05F5C95393ED000A00F094F957
:10428000019800F083F90198F0EE408A00F084F97B
:10429000B7EE007AD4ED006A37EE667A67EE087AF8
:1042A000B0EE677AE6EE807AA6EEA87AC5ED067AD9
:1042B00085ED057A03B0BDEC028B30BD41F6E80018
:1042C000B0EE480A2844FFF7AFFDB6E70122D4F864
:1042D000EC3884F83029032B53D8DFE803F03B1483
:1042E0001E14D4F8EC28032A47D8DFE802F01E0297
:1042F0002B020222C4F8EC2894F80C29002A95D14C
:10430000C4F8002992E70223C4F8EC3894F80C3979
:10431000002B8ED1C4F800398BE7D4F8E838012B94
:1043200025D00323C4F8EC38F0E704F6E8020021B6
:10433000116100220121C4F80829A4F80429C4F855
:10434000EC18D9E7D4F8E828012A13D00322C4F8DE
:10435000EC28D1E704F6E8030021002219610123CB
:10436000C4F80829A4F80429C4F8EC38CEE784F886
:104370000C395EE784F80C2958E70022C4F8EC28D1
:10438000BAE70023C4F8EC38C0E700BF17B7D1384C
:1043900038B50D460446FEF7C5FE012D00D038BDE8
:1043A00004F5805090F83139002BF8D1DFED027A16
:1043B00020EE270A38BD00BF00000000000000000A
:1043C00007EE902AF8EEE77AF8B500F5805700F589
:1043D000C654064607F63C0306F11C052DED028B7C
:1043E0000160B0EE418ADFED608A8260C4ED007A40
:1043F00080ED010A41F63C00C3ED030A83ED010A9A
:104400003044B0EE680A11F0EDFA07F64C0372681A
:1044100041F64C00B0EE680AC3ED038A5A6030449E
:1044200011F0E0FA07F65C03726841F65C00B0EE4A
:10443000680A83ED038A5A60304411F0D3FA07F614
:104440006C03726841F66C00B0EE680AC3ED038A33
:1044500030445A6011F0C6FA94ED007AD6ED016A44
:10446000B0EE680A0024C6EE877AC6ED067A0BE045
:1044700000EE104ABAEEEB0AB7EEC00A20EE070BC8
:10448000B7EEC00B12F0D4F80134A5EC010AB4F574
:10449000007F9FED337BEBD106F61C020123DFED9D
:1044A000327A05E077EE877AC2ED007A0133043282
:1044B000591E9FED2E7AB1F5C07FF3D39FED2C7A74
:1044C000B3F5007F77EEC77AC2ED007AEED141F204
:1044D0001C020123DFED247A324408E077EEC77A2C
:1044E000B3F5007FC2ED007A0DD001330432591EBE
:1044F0009FED1E7A7F29F1D89FED1D7A77EE877A9E
:10450000C2ED007AF1E7002306F5C451002207F658
:1045100098000B6007F6840107F69C0406F5C55663
:104520000B604FF07C51A7F89028C7F894280160E1
:104530004FF07E50216007F6A40133600B6007F650
:10454000AC010B6007F50B610B6007F6B401BDEC25
:10455000028B0B6007F6B803186087F8BC28F8BD1B
:10456000182D4454FB21094000000000ABAA2A3B4F
:104570000000003C00F58050C0F89418704700BF60
:1045800041F6A803034483ED000A704700F5C550C7
:1045900090ED000A704700BF41F6A403034493ED79
:1045A000000A7047000000002DE9F84300F5805430
:1045B000054604F67C0294F8BC382DED048B80EDA2
:1045C000031AF0EE418AB0EE408AC2ED001AB0EE56
:1045D000609A4BB104F6AC03D3ED007AF4EE407A66
:1045E000F1EE10FA00F0C181D5ED067A41F63C07F4
:1045F00004F6AC0304F6B40668EE277A2F4441F6BD
:104600005C0983ED008A3846B0EEE70AC6ED007A11
:1046100011F0E8F9A94496ED000A4846B0EEC00A48
:1046200011F0E0F9012384F8BC3804F50B63D3EDF5
:10463000007AF4EE497AF1EE10FA40F0E18104F6E6
:10464000B803D3ED007AB7EE007A04F6B40337EE80
:10465000C80A1B68F4EEC78A2B61F1EE10FA07DB7B
:10466000DFEDE36A95ED037AC6EE877A20EE270A3E
:10467000B6EE008A41F64C0685ED050A41F66C0857
:104680002E4420EE080AA8443046B0EEC00A11F0CD
:10469000A9F995ED050A404620EE080AB0EEC00AD9
:1046A00011F0A0F9D5ED047A3846F5EEC07AF1EEB6
:1046B00010FA40F3788111F0A5F995ED047A05F52B
:1046C000C65704F624034846B5EEC07AD7ED007A03
:1046D00027EE800AF1EE10FA83ED000A40F35C81C8
:1046E00011F090F995ED057A04F62803D7ED007ADC
:1046F0003046B5EEC07A27EE800AF1EE10FA83ED6F
:10470000000A40F35E8111F07DF9D5ED037A04F6DD
:104710001C039FEDBA6A4046D5ED016A67EE867AC2
:1047200095ED057AB5EEC07A67EEA67AF1EE10FA4D
:1047300027EE800A83ED000A40F33C8111F062F914
:10474000D5ED037A04F62403DFEDAC6A05F5C45910
:1047500095ED017A67EEA67A67EE877A27EE800AF2
:10476000D3ED007A04F61C0393ED007A04F62803D7
:1047700077EE877A99ED007A77EE877A93ED007A73
:1047800004F6840330EE077AF5EEC07AD3ED006AC2
:1047900005F5C15337EE267AF1EE10FA83ED000AE3
:1047A00003D5D7ED006A77EEA67AB5EEC07AF1EEC2
:1047B00010FA03D5D7ED006A37EE267AF5EEC07A07
:1047C000F1EE10FA00F10781FCEEE77A17EE903A6D
:1047D000D7ED007AFCEEE77A17EE902A002A00F077
:1047E000F7809A4203D8B3FBF2F102FB1133B5EE26
:1047F000C07AC4F83438F1EE10FA00F1BD80FCEE56
:10480000C77A17EE903A9A4200F28781B3FBF2F131
:1048100002FB11323046C4F8382811F0F3F8F0EEFC
:10482000408A404611F0EEF8B0EE408AB7EEE89AC2
:104830009FED6B7BB4EEC79BF1EE10FA04D594F8B4
:104840009038002B40F031819FED677BB4EEC79B21
:10485000F1EE10FA02DD012384F89038B7EEC89A21
:104860009FED5F7BB4EEC79BF1EE10FA04D594F890
:104870009138002B40F0E58004F69C03D3ED006AEC
:104880009FED597BB4EEC79BF1EE10FA02DD0123D8
:1048900084F89138DFED577A40F2FF11D4F894088C
:1048A00028EEA70A28EE278AFCEEC07A17EE902A97
:1048B000FCEEC87A8A4217EE903A28BF0A468B422D
:1048C00028BF0B46002859D105EB8202296805EB69
:1048D000830392ED077A04F62C02D3ED077AD4F81D
:1048E000340804F5036301EB800090ED006A26EEC6
:1048F000076A82ED006AD4F8382801EB8201D1ED15
:10490000005A65EEA75AC3ED005AB7EE004B04F605
:104910009803B7EEE67A05F5C555B7EEE50A93EDCF
:10492000005AB7EEC62A04F6A40434EE477BB7EE6D
:10493000C51A66EEA56A27EE007B34EE414BB6EE53
:10494000003BE5EE066AA2EE047BF6EE005ABDECF3
:10495000048B66EEA56A27EE037BB7EEC77B85ED79
:10496000007AC4ED006ABDE8F88341F63C0741F6E1
:104970005C090744814458E600224BE7012850D0E7
:10498000022800F0C48004F62C0204F5036392EDC3
:10499000006AD3ED005AB8E711F034F8F7EE007A68
:1049A00037EEC00A9EE611F02DF8F7EE007A37EEEA
:1049B000C00A82E611F026F8F7EE007A37EEC00A58
:1049C000BEE611F01FF8F7EE007A37EEC00A9CE65B
:1049D000C4F834281EE70023FAE600BFAFF30080D6
:1049E0007B14AE47E17A843FCDCCCCCCCCCCEC3F31
:1049F00000007A4400000044000096446F12833A9D
:104A00005FED030AB0EE000A83ED009AC9EE200ABA
:104A100011F07AFC04F6B80383ED000AF0EE407A58
:104A200011E6296802F2062203F2062305EB820250
:104A300005EB830392ED017A04F62C02D3ED017AA3
:104A40004DE712F033F807EE100A04F6A802B6EEAE
:104A5000006BBAEEE07A04F67C0392ED005AB6EEF3
:104A6000003AD3ED007A04F69C02B7EEC74A5FED38
:104A70001D3AB7EEC55A04F6840367EEA37AD5ED66
:104A8000013A34EE464B002137EE437A67EEA37AC3
:104A9000A4EE056B67EE877AF7EEC66BC2ED006A8F
:104AA000C3ED007A84F89118EAE611F0FFFF07EEF3
:104AB000100A04F6A802B6EE006BBAEEE07A04F62D
:104AC0007C0392ED005AB6EE003AD3ED007A04F67C
:104AD0009802B7EEC74A5FED373AB7EEC55A0023E2
:104AE00067EEA37AD5ED013A34EE464B37EE437AC2
:104AF00067EEA37AA4EE056B67EE877AB7EEC66B16
:104B000082ED006AC9ED007A84F890389CE6296845
:104B100002F2064203F2064388E717EE902A79E68E
:104B20008B6943F6095C90ED056AB6EE004B002BED
:104B30009FED395AB8BF03F580330CFB03F310B473
:104B400003F1010C354C1FFA8CF31CF4004F04EBFD
:104B5000021C18BFA3F580331201DCED027A8B61D1
:104B600086EE277AB7EEC77A37EE047BBDEEC77BB9
:104B7000D1ED037AF8EEE75AD1ED027A81ED077AAA
:104B8000F8EEE77AE5EE857AF0EE676AD1ED007A25
:104B9000F8EEE77A77EEE67AF5EEC07AF1EE10FA03
:104BA0000AD5D1ED016AF8EEE66A77EEA67AF5EE5F
:104BB000C07AF1EE10FAF8D4C7EE865A07EE903AB2
:104BC0002244DFED172A90ED033AD2ED014A92ED2F
:104BD000005AF8EEE76ADFED133AF8EEC77A5DF8AF
:104BE000044BB7EE007A66EEA46AB6EE004B66EEB2
:104BF000A26AA3EE265A75EEC56AC6EEA75AA6EEBD
:104C0000257A27EE237AB7EEC77A37EE047BBDEE1E
:104C1000C77B81ED047A704700008031AC830108C6
:104C2000000000380000804D38B5354BB6EE005B13
:104C300090ED037AB7EE022B03EB021390ED050A19
:104C4000DFED300A002593ED034AD3ED017AB7EE8C
:104C5000C44A93ED006AB7EEE71A34EE054B2DED2A
:104C6000028BBDEEC44B9FED288AF0EE464A4D61A3
:104C70000D60F8EEC46A81ED064A9FED1F3B66EEBB
:104C8000A76A66EE886AE7EE264AB7EEC66AA1EE24
:104C9000026BB7EEC67B27EE007AB7EEC77A37EE27
:104CA000037BBDEEC77BF8EEC77A81ED017AE0EEBB
:104CB000647AFDEEE76AB8EEE67AC1ED026A37EE95
:104CC000C77A27EE207AB7EEC77A37EE057BBDEEBE
:104CD000C77B81ED037AFFF723FF4A680023AA42CE
:104CE0000B6205DD0C4692002946606A11F030FE29
:104CF0000020BDEC028B38BD000000000080304079
:104D0000AC8301080000804D000000380000000066
:104D10002DE9F843304980464FF07E5200232F485A
:104D2000002408F5B27908F124072D4E25462DED13
:104D3000028BC8F804100121B0EE408A88ED020A07
:104D400088ED050AC8F80000C8F80C20C8F8103033
:104D5000C8F81820C8F81C30C8F8201001E09C42A0
:104D600030DC09EB84032A46394640467B62013534
:104D7000FFF75AFF96ED015A96ED006AB7EE027BF7
:104D8000B7EEC55A082DB7EEC66A164B07F12807CD
:104D900006F11006A5EE076B9FED0D4BB7EEC67B37
:104DA00027EE087AB7EEC77A37EE047BBDEEC77BF5
:104DB00017EE102A04EB8204D1D10020BDEC028B47
:104DC000BDE8F883BDEC028B0120BDE8F88300BF8D
:104DD000000000000080304000401C46EC51783F4D
:104DE000AC830108788201002DE9F8431F46036A6D
:104DF000002B2DED028B40F33581D0ED017A8146F9
:104E000090ED077A0D461446F4EE477AF1EE10FA6B
:104E100040F0E58090ED061A4B46DFED9B7A09F5F0
:104E2000A07093ED117A2833984277EE877AF8D103
:104E3000B5EE007AD5ED000A94ED000A4FF00008B7
:104E40009FED912A09F14C04E7EE870AD9F8286012
:104E5000A7EE870A4046F0EE421AF0EE607A16E0BE
:104E600054F80C3C32EE272A013B002B44F80C3C52
:104E700040F39B8008F10108B8F1080F00F09F8013
:104E8000666818F0010004F1280440FE807A14EDF1
:104E9000027AA4F1280154F8282C54F8043C77EE47
:104EA000C77A03EB8203C3ED007A54F8285C01351E
:104EB000B542A8BFAD1B44F8285C54E90852B2F1D2
:104EC000805F06DB22F0704305EB22751A4644E949
:104ED0000853B54202DBAD1B44F8205CBFEE007AFC
:104EE00005EE102AF7EE005A002DBAEEC25AB0EEC7
:104EF000476AF6EE004A75EE255AA5EE056AF0EE11
:104F0000087AA5EEA47A9FED5E3BB7EEC66A26EE60
:104F1000036BB7EEC66B66EE277A77EE466AB0EEA5
:104F2000674A77EEC57A95EEA44A78DDB31EAB42A8
:104F300040F396806FF0404654F8043C2E4403EB57
:104F40008603D3ED004AD3ED015A93ED023AD3ED37
:104F5000033A65EEA77A54F8183C14ED027A13442C
:104F6000E4EEA67AF0EE656A44F81C3CD9ED004AFE
:104F7000E3EE047AE3EE867AE7EE856AF0EE477AAE
:104F8000E4EEE67A67EE817AE4EEA67A44ED027A00
:104F900000287FF465AF54F80C3C71EEA71A013B72
:104FA000002B44F80C3C3FF765AF424608F101087E
:104FB0004846FFF7B5FDB8F1080F7FF461AFDFEDAC
:104FC000337A00200A9B61EEA71A22EE272ABDEC55
:104FD000028BC7ED001A83ED002ABDE8F8839FED30
:104FE0002C7AC0ED077A67EE877A90ED050A87EE96
:104FF000800A10F0F1FFF0EE007ABFEE007A37EE93
:10500000C08AA8EE087AB5EE407AF1EE10FA2ED4F6
:10501000F1EEC77A38EE671A89ED061AFCE66B1EC8
:1050200033445D1C54F804CCAE420CEB8303D8BF70
:10503000AD1BD3ED004A0CEB85030135D3ED005ACF
:10504000B542A8BFAD1B0CEB85030135B54293ED0E
:10505000003AA8BFAD1B0CEB8505D5ED003A78E70B
:105060006B1EDFE7BDEC028B0120BDE8F883B0EEDC
:10507000470A11F0E3FBF0EE407ACBE7AFF3008094
:10508000555555555555C53F000000003333B33EC7
:10509000DB0FC9404FF07C530021044A4160C260DD
:1050A0000361436180ED060A704700BF0000C842FB
:1050B0009FED187AD0ED037A90ED060A67EE877AB5
:1050C00010B587EE800A04462DED028B10F084FFA8
:1050D000F0EE007ABFEE007A37EEC08AA8EE087ACA
:1050E000B5EE407AF1EE10FA0ED4B1EEC70A38EE02
:1050F000408AF7EE007A84ED058A77EEC87ABDEC37
:10510000028BC4ED047A10BDB0EE470A11F096FB95
:10511000EDE700BFDB0FC940704700BF0F4B1B78A6
:105120000BB90120704710B504464FF47A700C4A51
:10513000B0FBF3F31068B0FBF3F001F06BF80F2C49
:1051400000D808B1012010BD002221464FF0FF30E9
:1051500001F000F8034B00201C6010BD100000247B
:10516000500200241400002438B50320124D00F032
:10517000DFFF124C02F0F8FA114A12499369C3F3A7
:105180000323CB5C03F01F0320FA03F30E202B60F4
:10519000926902F00F028A5C02F01F02D340236082
:1051A000FFF7BCFF10B10124204638BD0446FFF7CD
:1051B000B3FF204638BD00BF500200245402002433
:1051C00000440258E4840108034A044B11681B7828
:1051D0000B441360704700BF1067072410000024C1
:1051E000014B1868704700BF1067072438B50446A4
:1051F000FFF7F6FF0546631C02D0044B1B781C44E6
:10520000FFF7EEFF431BA342FAD338BD1000002482
:10521000014B1868000C70470010005C3F4A03689F
:1052200093422DE9F04105460E4657D002F58072B3
:10523000934253D03A4A2C699768082C07F01F070D
:105240000AD0092F4CD840F22121F940C90747D58F
:10525000DB68DA0748D40424FFF7C2FF8046731CDA
:105260002A6827D113681C42FCD06B6D43F400738D
:105270006B65D36813F4406F0FD16B7D6BB9136806
:1052800018070AD56B6D23F480736B656B6DD904B9
:1052900003D46B6D43F001036B65224B9A422ED011
:1052A000D068082C27D010F4804034D10C23136030
:1052B000BDE8F08113682342D7D1FFF791FFA0EB3F
:1052C0000800B04201D8002EC9D16B6D0022032026
:1052D00043F0040385F850206B65E9E7124AAAE71A
:1052E000936813F4404FB6D06B6D012043F0200358
:1052F0006B65BDE8F08100201460BDE8F081092FE6
:1053000002D9064BD868CCE740F2212323FA07F7ED
:10531000FB07C5D4F5E70020BDE8F081002002407E
:105320000063025800210240002302400368186C09
:10533000704700BF704700BF806B08B5FFF7FAFFEA
:1053400008BD00BF836B5A6D12F0500F5A6D10B537
:105350001DD1196842F400725A650A6812F0080FEC
:10536000CA681BD012F4406F0DD1CA6894040AD4E5
:105370005A6D22F480725A655A6DD10403D45A6D65
:1053800042F001025A65184605F098FA10BDD2069F
:105390000AD4DB6CBDE81040DB6C18479007E7D0FF
:1053A000184605F08BFAF1E7184605F02BFB10BD07
:1053B000806B08B5436D43F040034365836D43F054
:1053C0000403836505F01EFB08BD00BFF0B5002295
:1053D00083B0019290F85020012A00F01C8103460E
:1053E00001201A6883F850009468640700F18A80ED
:1053F0000C68C4F31305002D40F08F80C4F384645F
:10540000A0404D684FF01F0ED6694FEA951C3043FF
:105410000CF00C0CD06105F01F0002F13005844047
:105420000EFA00FE5CF8050020EA0E0004434CF87A
:105430000540906840076ED4956815F0080547D17F
:105440000C68072002F11406B94F4FEAD45CC4F38C
:1054500004540CF0040C00FA04FE886800FA04F40A
:105460005CF8060020EA0E0020434CF8060038687D
:1054700000F07040B0F1805F00F0C580D068D66861
:10548000C70600F1E880C6F382064869760000FA94
:1054900006F60F69042F00F0C18002F1600408686D
:1054A00054F827C000F0F8400CF0004C40EA0C0023
:1054B000304344F82700487E0E69012854F826003E
:1054C00008BF4FF0004520F00040054344F8265047
:1054D0009068C40714D4CE68086806F01807954C85
:1054E000D2F8C050FC40C0F31307044025EA07057A
:1054F0002C43C2F8C040904CA64246D0002816DB90
:10550000002003E05A6D42F020025A65002283F821
:10551000502003B0F0BD9068DAE794FAA4F5B5FA2C
:1055200085F5C4F3846405F01F05A84069E7834945
:105530008A4200F0B68001F580718A4200F0B180A5
:105540007F4D804CA968A46801F0E076E44304F044
:105550000104002C00F0B4807B4CA04200F0FC80E1
:105560007A4CA04200F01A81794CA042C8D149027D
:10557000C6D474498A42C3D1AA68002022F0E072DE
:10558000324342F48002AA60C0E7002F6AD090FA4A
:10559000A0F4B4FA84F4013404F01F04092C00F2DE
:1055A000A48090FAA0F4B4FA84F490FAA0F5B5FAC5
:1055B00085F5013401260135A40605F01F0504F028
:1055C000F84406FA05F52C4390FAA0F0B0FA80F002
:1055D000304400F01F0000EB400000052043C60DE2
:1055E00002F11405C0F30450072406F0040604FA7F
:1055F00000F7745924EA07048F6807FA00F0204383
:10560000705108687AE7D6684869C6F38206760062
:1056100000FA06F63DE7022003B0F0BD106E0C68FC
:1056200000F0F840A506B0EB846F30D0506E00F06B
:10563000F840854226D0906E00F0F84085422BD08D
:10564000D06E00F0F84085427FF442AFD06E20F07B
:105650000040D0663CE77608486906F0080600FA84
:1056600006F616E7800E441C04F01F06092E2DD8FE
:10567000A406012004F0F844B040044306EB4600C1
:105680000005ABE7506E20F000405066D3E7106E87
:1056900020F000401066C9E7906E20F00040906650
:1056A000CEE7264C2B4D04F58074A96854F8F86CAD
:1056B000A468344301F0E076E44304F0010448E7D1
:1056C0005A6D012042F020025A651FE706EB4600A2
:1056D000A50601241E3805F0F84504FA06F6000573
:1056E000354340F00070284379E790FAA0F5B5FA09
:1056F00085F590FAA0F4B4FA84F40135012601345A
:10570000AD0604F01F0405F0F84506FA04F425433D
:1057100090FAA0F4B4FA84F4344404F01F0404EBC7
:105720004404A4F11E00000540F00070DBE700BF58
:105730000010005CFFFF0F000000FF470020024048
:105740000063025800600258000084CB000052C77A
:105750000000B8CF0023024008023FF5D1AE174940
:105760008A427FF4CDAE164AA9681268154821F026
:10577000E07192093143A0FB020241F40001920959
:10578000A96052000192019A002A3FF4B9AE019A31
:10579000013A0192019A002AF9D1B1E611F0807024
:1057A0007FF4AEAE05498A427FF4AAAEAA6822F021
:1057B000E072324342F08072AA60A7E600600258AD
:1057C00050020024632D3E0503689A6812F0040F0E
:1057D0009A6870B5044603D1120701D4002070BD49
:1057E000DA68950104D5A08A40F2011290421AD0DD
:1057F00002299A683ED0550708D59A68900705D4C3
:1058000098682C4A024042F010029A60012919D08F
:105810009A68120702D59A68900732D5032914BFF7
:1058200004260C260FE01A68500606D4224A01E02E
:10583000013A16D019684906FAD540221A609A68CA
:10584000560725D40426FFF7CBFC054604E0FFF7F6
:10585000C7FC431B052B04D823689B683342F6D151
:10586000BCE7636D012043F010036365A36D034340
:10587000A36570BD150702D59A68920713D508264F
:10588000E1E798680B4A024042F020029A60C5E7BF
:105890009A689607D6D499680426064A0A4042F0C8
:1058A00010029A60CFE79968024A0A4042F020024B
:1058B0009A60E4E7C0FFFF7F00DC0C0003689A6891
:1058C000D20701D5002070479968214A114270B56E
:1058D000044608D0636D012043F010036365A36D97
:1058E0000343A36570BD99681A4A0A4042F0010259
:1058F0009A60FFF775FC2368174A054693421ED04D
:1059000002F5807293421AD0144A9268114E0AE04E
:105910009A68324042F001029A60FFF761FC401B36
:105920000228D7D823681A68D2070FD49A68D107FB
:10593000EED5FFF755FC401B0228F3D9CAE7084A09
:105940009268D006E2D0074A9342DFD1002070BDB2
:105950003F000080C0FFFF7F00200240006302582C
:105960000023024000210240394A0368934270B587
:10597000044646D002F58072934242D0354A96687A
:105980009D6815F0040542D194F85030012B3ED0AB
:105990000123204684F85030FFF790FF002838D1CB
:1059A000636D06F01F062C4A1A40236842F4807289
:1059B00062652A4A934245D01946626D22F48012EC
:1059C0006265626D12F4805240D0A26D22F0060230
:1059D000A2651C228B421A604FF0000284F850200E
:1059E00020D0092E18D9636D43F480136365CB680A
:1059F0009B0105D5636D23F4405343F480536365E5
:105A000070BD174A96689D6815F00405BCD0022049
:105A100070BD84F8505070BD40F2212222FA06F683
:105A2000F507E0D5DA68920105D5626D22F440529F
:105A300042F48052626599680A4A0A4042F00402C0
:105A40009A6070BD0249002EB7D0BAE7A265C0E7E0
:105A50000020024000630258FEF0FFFF00210240D8
:105A600000230240C0FFFF7F2DE9F0413A4D04467C
:105A700000680F461646A84219D0384B984216D0F7
:105A8000374DAB688068420716D494F85020012A3D
:105A900012D003F01F080122B8F1090F84F850203A
:105AA0000DD90023012084F85030BDE8F0812D4D40
:105AB000AB6880684207E8D50220BDE8F08140F27B
:105AC000212323FA08F3DB4313EA0205E9D1204638
:105AD000FFF7F4FE002839D1626D234B2168134093
:105AE00043F480736365B8F1000F02D01B4B9942F9
:105AF00003D0636D23F480136365636D13F48053E7
:105B000028D0A36D23F00603A365E06C3346174D40
:105B10003A464031C563164D0564164DC5641C25D3
:105B200041F8405C002584F8505051F83C5C45F049
:105B3000100541F83C5C00F07DFE22680E4B916838
:105B40000B4043F004039360BDE8F08184F85050AB
:105B5000BDE8F081A365D8E70020024000210240A3
:105B60000063025800230240FEF0FFFF4553000887
:105B700039530008B1530008C0FFFF7F38B50368F0
:105B80009A68910702D59B68002038BD9A68D207B1
:105B900023D59A68044602F00D02012A08D0636DED
:105BA000012043F010036365A36D0343A36538BD73
:105BB000986803210A4A024042F002029A60196082
:105BC000FFF70EFB054604E0FFF70AFB401B022827
:105BD000E5D823689B68DB07F6D4002038BD00BFFA
:105BE000C0FFFF7F90F85030012B1BD00123032111
:105BF00010B580F850300446FFF7E6FD18B10023D9
:105C000084F8503010BD2046FFF7B8FF0028F6D1C9
:105C1000626D054B134043F001036365002384F874
:105C2000503010BD02207047FEEEFFFF38B5574AD6
:105C300004460368934226D002F58072934222D034
:105C4000534B9B6813F4403F22D001F047FF636839
:105C50000546B3F5003F00F08880B3F5403F70D0B3
:105C6000B3F5803F00F08180FFF7D2FA41F20303E1
:105C700098422DD8474B9D425DD92268936843F4E2
:105C80008073936038BD444B9B6813F4403FDCD174
:105C90004FF4002002F0EEFF63680546B3F5101FD5
:105CA0006DD008D8B3F5E01F55D01AD9B3F5001F51
:105CB000DAD14509D8E7B3F5201F4AD0B3F5301F34
:105CC000D2D1FFF7A5FA41F20303984233D92D0A46
:105CD000324B9D421DD82268936823F44073936031
:105CE00038BDB3F5801F06D00AD9B3F5A01F02D086
:105CF000B3F5C01FB8D19B0C5B00B5FBF3F5B3E760
:105D0000B3F5002FF7D023F40022B2F5802FF2D0A4
:105D1000AAE7234B234A2B4493421ED9224B234A02
:105D20002B449342226893682BD823F4407343F4A6
:105D30000073936038BD2268936823F48073936086
:105D400038BD8508FFF764FA41F203039842BFD8D3
:105D500090E7C50988E7050986E72268936823F478
:105D6000407343F48073936038BD1B0CB5FBF3F5AF
:105D7000FFF74EFA41F203039842A9D87AE7850962
:105D800072E743F44073936038BD00BF00200240C7
:105D900000630258002D310100230240105E5F00B5
:105DA000EFA1A0FF0F5E5F00DF4341FF1FBCBE00FD
:105DB00030B5002383B00193002800F0D080456DFA
:105DC0000446002D00F0BA80226893689B0003D53A
:105DD0009168714B0B4093609368DD0015D46F4B55
:105DE00090686F491B6801406E489B0941F08051E3
:105DF000A0FB030391609B090193019B2BB1019BC5
:105E0000013B0193019B002BF9D19368D80024D466
:105E1000636D012543F010036365A36D2B43A365F8
:105E2000936813F0040F636D1DD1D9061BD4636D05
:105E300023F4817343F0020363659368DB0728D47E
:105E4000594B9A4217D003F580739A4213D0574B9F
:105E50009B68D9071DD4564A15E09368002513F0B6
:105E6000040F636DE1D0636D012543F010032846F4
:105E7000636503B030BD4C4A4E4B92689B68134338
:105E8000D80706D44C4A9368616823F47C130B430B
:105E90009360FFF7BDF941F20303A1689842237FA5
:105EA00052D894F815C01A04206B42EA4C320243CF
:105EB0000A43012B03D1236A013B42EA4342636A4E
:105EC00023B103F47873A16A0B431A4323683B4957
:105ED000D86801400A43DA609A6812F0040F9A68A1
:105EE0001CD112071AD4D868354A217D024042EAF3
:105EF0008132E16A0A43DA6094F83820012A3AD004
:105F00001A6922F001021A611A692046616B22F0B7
:105F100070420A431A61FFF789FE2368E268012A8A
:105F200021D01A6B22F00F021A63636D284623F00A
:105F3000030343F00103636503B030BD04F06CFC60
:105F4000A56584F850503FE71029AAD1617D1A0455
:105F500042EA4132216B0A4342F01C02A9E70125C3
:105F6000284603B030BD196BA26921F00F01013A38
:105F70000A431A63D9E7D4E9102118690A43114981
:105F800001400A43A16C0A43E16B42EA014242F03C
:105F900001021A61B8E700BFC0FFFF5F5002002492
:105FA000C0FFFF6F632D3E050020024000600258D5
:105FB00000630258002102400023024003C0F0FFAA
:105FC000FCBFFFFF1EF800FCF0B5002383B0019377
:105FD00090F85030012B40D0012304460E46154660
:105FE00080F85030FFF7CAFDE8B9676D05F08042D0
:105FF0001B4B06F480311B4D3B401B4F43F002030B
:10600000636523689E68354015430D4345F00045A0
:106010009D609A68002A0FDB636D23F0030343F051
:106020000103636503E0636D43F0100363650023C0
:1060300084F8503003B0F0BD019A01320192019A08
:10604000BA42E6D9636D0022012023F0120384F8DE
:10605000502043F010036365ECE7022003B0F0BD6D
:10606000FDEEFFFFC0FFFE3FFF955A55F0B490F8DC
:1060700050200E68012A49D00346294A01201C6895
:1060800083F85000944208D05A6D002142F020025B
:1060900083F850105A65F0BC7047224DAA68520729
:1060A0000AD5A2685A6D012042F020025A650022EA
:1060B00083F85020F0BC7047A06810F00400F1D1C4
:1060C000C6B1DFF868C04F68DCF8082022F440420F
:1060D0003A43CCF80820A468AA682243D40713D412
:1060E0008A68DCF8081016430F4A0A401643CCF8B9
:1060F0000860DCE70D498A6822F440428A60A068A3
:10610000AA680243D00704D50020D0E70220F0BCE3
:1061100070478C683046044A22408A60C7E700BF57
:106120000020024000210240E0F0FFFF0023024077
:1061300006494FF6FF0C0002054BCA6800F4E06008
:1061400002EA0C0210430343CB60704700ED00E00D
:106150000000FA051B4BDB68C3F3022300B5C3F153
:10616000070E03F1040CBEF1040F28BF4FF0040E1C
:10617000BCF1060F1AD9033B4FF0FF3C0CFA03FCAD
:1061800022EA0C024FF0FF3C00280CFA0EFC21EA38
:106190000C0101FA03F141EA02010ADB09010A4B91
:1061A000C9B2034483F800135DF804FB00221346D0
:1061B000E8E700F00F000901044BC9B20344197667
:1061C0005DF804FB00ED00E000E100E0FCEC00E025
:1061D000002807DB00F01F0101234009024A8B4021
:1061E00042F82030704700BF00E100E000280DDBDE
:1061F0004309012200F01F000549203302FA00F094
:1062000041F82300BFF34F8FBFF36F8F704700BF7C
:1062100000E100E0431EB3F1807F0CD24FF0E0229A
:10622000002006494FF0F00C5361072381F823C08A
:106230009061136170470120704700BF00ED00E0DE
:10624000BFF35F8F044B00215A6A22F480325A62F6
:10625000C3F89410704700BF00ED00E0064B40F01B
:106260000100C3F894005A6A42F480325A62BFF3C4
:106270004F8FBFF36F8F704700ED00E0174A4378F0
:10628000C2F89830017821B3436800B5C2F89C3059
:10629000C37A90F80CC01B0690F80FE043EA0C7329
:1062A00090F80AC00B43817B43EACC4390F80DC0C1
:1062B00043EA8C4390F809C043EA4143017A43EA38
:1062C0000E4343EA0C2343EA4103C2F8A0305DF8D1
:1062D00004FBC2F89C10C2F8A010704700ED00E06B
:1062E000704700BF08B5FFF7FBFF08BD0268344BDD
:1062F000344930B4344D354CAA4218BF9A420CBFD1
:10630000012300238A4208BF43F001033031A24237
:1063100008BF43F0010330348A4208BF43F0010351
:106320003031A24208BF43F0010330348A4208BF33
:1063300043F0010301F55C71A24208BF43F0010381
:1063400004F55C748A4208BF43F001033031A24275
:1063500008BF43F0010330348A4208BF43F0010311
:106360003031A24208BF43F0010330348A4208BFF3
:1063700043F001033031A24208BF43F001038A42D7
:1063800008BF43F0010313B9114B9A4213D1D3B2A2
:106390001049114C103BA1FB03515F2B0F4BC1F374
:1063A000021103EA0203615C88BF0433C16583659F
:1063B000184630BC704722F0FF038365F8E700BF42
:1063C00010000240400002402800024058000240F5
:1063D000B8040240ABAAAAAA2C84010800FCFFFF63
:1063E0000368294A294930B4294D2A4CAB4218BFC9
:1063F00093420CBF012200228B4208BF42F00102EF
:106400002831A34208BF42F0010228348B4208BF62
:1064100042F001022831A34208BF42F001028B4240
:1064200008BF42F0010212B91B4A934213D1DBB2FA
:106430001A4C1B4A0121083B1A4DA4FB0343456635
:1064400002EB1312C3F30413920001FA03F3026682
:10645000836630BC7047DAB21349144C1944103AC1
:10646000A829A4FB02234FEA131300D80833104ACB
:1064700003F01F0501210F4C1A44A9404466920005
:1064800081660266E5E700BF08540258305402589E
:106490001C5402584454025894540258CDCCCCCCCD
:1064A0000096001680580258F0FBFDBFABAAAAAABE
:1064B000008200108008024070B50446FEF790FE8E
:1064C000002C00F0C68023680546954A934248D0C8
:1064D0001832934245D0303292498B4218BF9342D2
:1064E00001F130010CBF012200228B4208BF42F0B3
:1064F000010218318B4208BF42F0010218318B4271
:1065000008BF42F0010218318B4208BF42F001027D
:1065100001F556718B4208BF42F0010218318B42DF
:1065200008BF42F0010218318B4208BF42F001025D
:1065300018318B4208BF42F0010218318B4208BF6C
:1065400042F0010218318B4208BF42F001021831BB
:106550008B4208BF42F001021AB9734A934240F0DD
:10656000F5800222002184F8352084F834101A685E
:1065700022F001021A6005E0FEF732FE431B052BF4
:1065800040D823681A68D107F6D4D4E902252169D6
:106590002A43A0691D680A4361690A43E16902430D
:1065A0000A4362492940256A2A430A43616A042949
:1065B0002FD01A605A6922F0070211435961204610
:1065C000FFF794FEE26D3F2302F01F0293408360C9
:1065D0002046FFF705FFA368802B3CD06368A06EC0
:1065E000DAB2013BD4E91851072B2A60486026D95A
:1065F0000023C4E91B33636700200123606584F82E
:10660000353070BD202203230120626584F83530C7
:1066100070BDD4E90B5129430A431A605969A26A33
:1066200021F00701114341F00401002DC6D00028DC
:106630004FD1012A6ED032F00202BFD151E0501E7C
:10664000072810D9626FD4E91B31002018604A6016
:10665000D2E7012070BD0023A16ED4E91802636067
:1066600003605160C4E72168314B324DA94218BF25
:10667000994205F114050CBF01230023A94208BF6C
:1066800043F001031435A94208BF43F00103143558
:10669000A94208BF43F001031435A94208BF43F0E3
:1066A00001031435A94208BF43F001033BB9224B53
:1066B000994204D0214B224913449B0003E0214B13
:1066C000214913449B0001228240C4E91B316267C7
:1066D000BBE7B0F5005F0ED0022A05D9032A7FF48C
:1066E0006DAFEA017FF56AAF01234022184662656B
:1066F00084F8353070BD032A3FF660AF01A050F832
:1067000022F000BFE9660008E3660008E9660008B9
:1067100015670008B5F1C07F7FF450AFE4E700BF14
:106720001000024040000240B80402403F8010FECA
:10673000085402581C540258945402583F820010C6
:10674000400902403F96001640590258324A3348E9
:106750003349834218BF934200F128000CBF012245
:1067600000228B4208BF42F001022831834208BF59
:1067700042F0010228308B4208BF42F0010228316A
:10678000834208BF42F001028B4208BF42F001027F
:1067900012B9244A934238D102220021224D84F8B2
:1067A000341084F835201A681540A268402A2AD08F
:1067B000802A0CBF4FF480400846266AD4E90312B1
:1067C000D20842EAD102616942EAD102A16942EAF1
:1067D000D102E16942EAD102144942EA161219448F
:1067E0002A4302431248A0FB010120461A600B090C
:1067F0009B00E365FFF77AFDE26D012302F01F02C3
:1068000093404360E4E61020D7E7402203230120B1
:10681000626584F8353070BD085402581C54025823
:1068200030540258945402580F00FEFFF8ABFDA7F5
:10683000CDCCCCCC002800F0BC80844690F834004D
:10684000012800F0B88001202DE9F0419CF8354086
:106850008CF83400844208D000224FF400638CF896
:106860003420CCF85430BDE8F0810220DCF8005030
:106870007A4C8CF835000020794ECCF854007948D9
:10688000854218BFA54200F118000CBF0124002466
:10689000854208BF44F001041830854208BF44F027
:1068A00001041830854208BF44F0010418308542C5
:1068B00008BF44F0010400F55670854208BF44F05B
:1068C00001041830854208BF44F0010418308542A5
:1068D00008BF44F001041830854208BF44F00104A9
:1068E0001830854208BF44F001041830854208BFC3
:1068F00044F001041830854208BF44F00104183008
:10690000854208BF44F00104A0F59560B54218BF68
:106910008542DCF86C600CBF0120002054EA0008BE
:10692000286820F001002860DCF86400DCF868408A
:10693000DCF85870446040D016B1DCE91C044460B7
:10694000DCF85C004FF03F0E00F01F000EFA00F084
:10695000B860286820F4802028606B60DCF808307C
:10696000402B23D0A960EA602B6823F01E0343F07C
:1069700016032B60DCF840301BB12B6843F0080392
:106980002B60DCF860301A68D20303D51A6842F431
:1069900080721A601EB1336843F4807333602B68D1
:1069A000002043F001032B60BDE8F081AA60E9609C
:1069B000DAE7012070470220704716B1DCE91C04B9
:1069C00044602948DFF8A8E0754518BF85420EF1FC
:1069D000140E0CBF01200020754508BF40F00100D7
:1069E0000EF1140E754508BF40F001000EF1140EB3
:1069F000754508BF40F001000EF1140E754508BF43
:106A000040F001000EF1140E754508BF40F0010082
:106A100010B9164885420ED1DCF85C0000F01F0E5C
:106A2000012000FA0EF078606B60DCF80830402B33
:106A300010D0A960EA602B6823F00E0343F00A032C
:106A40002B60DCF84030002B9BD02B6843F0040314
:106A50002B6096E7AA60E960EDE700BF40000240C6
:106A6000280002405800024008540258945402582A
:106A70001C54025800285FD038B590F835200346E2
:106A8000022A55D10168444A914248D018329142B5
:106A900045D03032414C4248A14218BF914204F1E6
:106AA00048040CBF01220022814208BF42F00102CB
:106AB0003030A14208BF42F001023034814208BFA9
:106AC00042F0010200F55C70A14208BF42F00102F1
:106AD00004F55C74814208BF42F001023030A142EB
:106AE00008BF42F001023034814208BF42F0010287
:106AF0003030A14208BF42F001023034814208BF69
:106B000042F001023030A14208BF42F0010281424E
:106B100008BF42F0010212B9224A91420ED104226A
:106B2000002083F835200B6823F001030B6038BD8B
:106B3000802201205A6538BD012070470A681C6E0A
:106B400022F00E02D86D9D6D0A6000F01F000A68E9
:106B500022F001020A6001222168824021F4807142
:106B600021606A60DA6ED3E91910486032B11168A9
:106B7000D3E91C0421F480711160446000240121D8
:106B80001A6D83F8344083F835101AB118469047CF
:106B9000204638BD104638BD10000240400002407B
:106BA00070000240B80402402DE9F04300229C4BE3
:106BB00083B09C4E1D688146019203689A4A846D99
:106BC000934218BFB342276808BF0126216818BF47
:106BD000002645D018329548834218BF934200F1F1
:106BE00018000CBF01220022834208BF42F00102BC
:106BF0001830834208BF42F001021830834208BFB8
:106C000042F001021830834208BF42F0010200F551
:106C10005670834208BF42F001021830834208BF19
:106C200042F001021830834208BF42F001021830DE
:106C3000834208BF42F001021830834208BF42F08D
:106C400001021830834208BF42F00102183083422B
:106C500008BF42F001021AB9754A934240F05082CF
:106C6000D9F85C10082201F01F0C02FA0CF217424E
:106C700040F0888127FA0CF2D2070CD55A69100629
:106C800009D5012202FA0CF2A260D9F8542042F090
:106C90000202C9F854204FF0040E0EFA0CF03842EC
:106CA0005BD0002E4FD1634ADFF88081434518BF87
:106CB000934208F118080CBF01220022434508BF87
:106CC00042F0010208F11808434508BF42F00102F2
:106CD00008F11808434508BF42F0010208F11808FE
:106CE000434508BF42F0010208F55678434508BF06
:106CF00042F0010208F11808434508BF42F00102C2
:106D000008F11808434508BF42F0010208F11808CD
:106D1000434508BF42F0010208F11808434508BF87
:106D200042F0010208F11808434508BF42F0010291
:106D300008F11808434508BF42F001021AB93C4A5D
:106D4000934240F019821A68920706D5A060D9F8DC
:106D5000542042F00402C9F85420102202FA0CFC1C
:106D60001CEA070F6CD0002E45D1324A2F4EB34299
:106D700018BF934206F118060CBF01220022B3424D
:106D800008BF42F001021836B34208BF42F00102C8
:106D90001836B34208BF42F001021836B34208BFAA
:106DA00042F0010206F55676B34208BF42F00102F6
:106DB0001836B34208BF42F001021836B34208BF8A
:106DC00042F001021836B34208BF42F00102183601
:106DD000B34208BF42F001021836B34208BF42F086
:106DE00001021836B34208BF42F001021AB9104A34
:106DF000934240F0C9811A68100721D5C4F808C031
:106E00001A68560300F14C811A68D20503D41A6837
:106E100022F008021A60D9F840308BB10CE000BFB4
:106E20005002002410000240280002405800024096
:106E3000B80402404000024048469847D9F85C1028
:106E400001F01F0120268E403E4268D0D9F8002074
:106E5000A54BA64FBA4218BF9A4207F118070CBFBC
:106E600001230023BA4208BF43F001031837BA4296
:106E700008BF43F001031837BA4208BF43F00103CB
:106E80001837BA4208BF43F001031837BA4208BFA7
:106E900043F001031837BA4208BF43F0010307F576
:106EA0005677BA4208BF43F001031837BA4208BF09
:106EB00043F001031837BA4208BF43F00103183703
:106EC000BA4208BF43F001031837BA4208BF43F083
:106ED00001031837BA4208BF43F001031837BA421A
:106EE00008BF43F001031BB9814B9A4240F0628115
:106EF0001368DB0613D5A66099F83530042B1368A8
:106F000000F0AE8013F4802F136800F0D3801C03D0
:106F100040F1DE80D9F83C300BB148469847D9F8AB
:106F20005430002B00F0B980D9F85430D8071FD561
:106F3000D9F80020042189F83510136823F00103E3
:106F400013606C4BA3FB0535AD0A02E01368D9074B
:106F500004D5019B0133AB420193F7D9002389F893
:106F600034301368DB074CBF0323012389F8353025
:106F7000D9F84C30002B00F09080484603B0BDE8B3
:106F8000F0431847186840070AD5186820F0040035
:106F90001860A260D9F8542042F00102C9F85420C8
:106FA00027FA0CF2D2077FF576AE534A5348834254
:106FB00018BF934200F130000CBF0122002283422F
:106FC00008BF42F001021830834208BF42F00102BC
:106FD0001830834208BF42F001021830834208BFD4
:106FE00042F0010200F55670834208BF42F00102F0
:106FF0001830834208BF42F001021830834208BFB4
:1070000042F001021830834208BF42F001021830FA
:10701000834208BF42F001021830834208BF42F0A9
:1070200001021830834208BF42F001021830834247
:1070300008BF42F00102002A7FF420AE002E7FF448
:107040001DAE1A68042202FA0CF23A4240F0948013
:10705000102202FA0CFC17EA0C0F3FF4F1AE84E6A2
:1070600023F016031360536923F080035361D9F8AA
:1070700040309BB3136823F0080313603F230025BF
:10708000012203FA01F1D9F85030A16089F8345097
:1070900089F83520002B7FF470AF03B0BDE8F08392
:1070A0001B6818037FF5B7AED9F84830002B7FF482
:1070B000C3AEC5E613F480737FF42CAF116821F0E2
:1070C00010011160012289F8343089F8352021E758
:1070D000D9F84430002B7FF420AF20E7D9F84830AE
:1070E000002BC7D1CAE700BF1000024028000240B1
:1070F000B8040240B5814E1B5800024040000240D7
:107100004E4A4F4DAB4218BF934205F114050CBFD8
:1071100001220022AB4208BF42F001021435AB420B
:1071200008BF42F001021435AB4208BF42F0010231
:107130001435AB4208BF42F001021435AB4208BF20
:1071400042F0010212B93F4A9342A6D1D9F85C50ED
:1071500004261A6805F01F05AE400E4219D05707E5
:1071600017D5100466604BD5D1034FD4D9F84830F9
:10717000002B7FF402AF90E71A68102202FA0CFC91
:1071800017EA0C0F3FF45CAE1A6852077FF558AE51
:1071900034E60226AE400E4211D097070FD5666046
:1071A000140439D5D00343D4D9F84430002B7FF4EC
:1071B000E4AE72E713689F077FF5B1AE9BE6082641
:1071C000AE400E423FF469AF11077FF566AF1A6813
:1071D000002122F00E021A600123D9F84C2003FA94
:1071E00005F56560C9F8543089F8341089F83530F0
:1071F000002A3FF452AF484603B0BDE8F0431047C1
:10720000920603D41A6822F004021A60D9F84030BA
:10721000002B7FF4B2AE40E712F0200208D11968CB
:10722000012421F00A01196089F8342089F83540D9
:10723000D9F83C30002B7FF4A0AE2EE7085402585A
:107240001C54025894540258406D7047002800F0B6
:10725000DE81F8B503680446D80730D59F490A692E
:10726000896A02F03802102A00F00081182A00F022
:10727000F8806368B3F5803F00F02081002B00F0B8
:107280005E81B3F5A02F954B1A6800F02F8222F48F
:1072900080321A601A6822F480221A60FDF7A0FF7B
:1072A0008E4E41F28837054605E0FDF799FF401BF9
:1072B000B84200F2428133689A03F6D523689D07ED
:1072C00000F18580D9062FD5844A1369926A03F0AC
:1072D0003803082B00F0DA80182B00F0D280E36925
:1072E0007E4D002B00F065812B6843F080032B60FE
:1072F000FDF776FF064605E0FDF772FF801B0228CA
:1073000000F21B812B68DB05F6D5FDF781FF41F20A
:107310000303984200F20B826B68226A23F0F84361
:1073200043EA82636B6023681D0716D563696B4D62
:10733000002B00F01C816B6F43F001036B67FDF7BE
:107340004FFF064605E0FDF74BFF801B022800F2C9
:10735000F4806B6F9807F6D523689A0616D5A36953
:107360005E4D002B00F014812B6843F480532B609A
:10737000FDF736FF064605E0FDF732FF801B0228C9
:1073800000F2DB802B689F04F6D52368590700F1D3
:107390009B80636ACBB1514D2A6902F03802182AEA
:1073A0006DD0022B2B6823F080732B6000F03981A5
:1073B000FDF716FF044605E0FDF712FF001B02284B
:1073C00000F2BB802B689B01F6D40020F8BD434A35
:1073D0001369926A13F0380329D1404BE2681B68A5
:1073E000590701D5002A4AD03C4D2B6823F01903D8
:1073F00013432B60FDF7F4FE064605E0FDF7F0FEB3
:10740000801B022800F299802B685B07F6D5FDF7F8
:10741000FFFE41F20303226998426B6800F2F0809C
:1074200023F47C3343EA02336B6023684AE7182B6A
:1074300000F0E280294DE2682B68002A00F0CB8042
:1074400023F0190313432B60FDF7CAFE064604E040
:10745000FDF7C6FE801B02286FD82B685F07F7D5A3
:10746000D5E701F0030102297FF403AF1B4A12683C
:1074700091037FF524AF6268002A7FF420AF0120DA
:10748000F8BD02F00302012A7FF429AF134B1B68F9
:10749000DA0502D5E369802BF1D1FDF7B9FE41F29F
:1074A00003030E4A9842216A00F2B380536823F026
:1074B000F84343EA81635360236835E7074A13685A
:1074C00043F480331360E9E6054D2B6843F4807381
:1074D0002B60FDF785FE064609E000BF0044025818
:1074E00000480258FDF77CFE801B642825D82B68D5
:1074F000DA05F7D5A368012B00F02281002B00F0FC
:10750000FD80052B954B1A6F00F0208122F00102BF
:107510001A671A6F22F004021A67FDF761FE8F4E98
:1075200041F28837054604E0FDF75AFE401BB84299
:1075300003D8336F9B07F7D52BE70320F8BD874DA2
:1075400041F288372B6823F480332B602B6823F4B7
:1075500080232B60FDF744FE064604E0FDF740FE65
:10756000801BB842E9D82B689B03F7D4A6E66B6F63
:1075700023F001036B67FDF733FE064604E0FDF7D9
:107580002FFE801B0228D8D86B6F9907F7D4E3E64B
:107590002B6823F480532B60FDF722FE064604E09F
:1075A000FDF71EFE801B0228C7D82B689804F7D46D
:1075B000EBE62B6823F080032B60FDF711FE0646F7
:1075C00004E0FDF70DFE801B0228B6D82B68DF050E
:1075D000F7D42368A8E623F001032B60FDF700FE33
:1075E000064604E0FDF7FCFD801B0228A5D82B68A9
:1075F0005807F7D4236865E690077FF41BAFECE6E5
:1076000023F0FE4343EA02636B6023685AE60120DD
:107610007047D36823F07C5343EA0163D360236847
:1076200082E6FDF7DDFD064604E0FDF7D9FD801B8F
:10763000022882D82B689901F7D4A96A484BA26A1C
:107640000B404849454E1343E26A43EA0213AB62DA
:10765000D4E90D32013B013A5B0212049BB202F401
:10766000FE021343226B013AC2F308021343E26B9A
:10767000013A120602F0FE4213432B63EB6A23F039
:107680000103EB626A6BA36C114041EAC3016963B9
:10769000EB6A226C23F00C031343EB62EB6A626C1F
:1076A00023F002031343EB62EB6A43F48033EB6293
:1076B000EB6A43F40033EB62EB6A43F48023EB6242
:1076C000EB6A43F00103EB622B6843F080732B609D
:1076D000FDF786FD044605E0FDF782FD001B02284C
:1076E0003FF62BAF33689A01F6D56EE642F480225E
:1076F0001A601A6842F480321A60CFE5174D41F2E1
:1077000088372B6F23F001032B672B6F23F00403C3
:107710002B67FDF765FD064605E0FDF761FD801B63
:10772000B8423FF60AAF2B6F9807F6D431E6EB6804
:10773000226A23F07C5343EA0263EB602368F3E59B
:10774000064A136F43F001031367E6E642F00402B2
:107750001A671A6F42F001021A67DEE60044025807
:107760000CFCFFFF0700FFFF474A136903F03803D3
:10777000102B04D0182B0DD01BB14448704744483F
:107780007047136899064AD513684248C3F3C1038A
:10779000D8407047936A30B4946AD56A14F47C7FF9
:1077A000516BC4F3051038D0C1F3CC0105F00105CD
:1077B00003F0030305FB01F1012B07EE901AB8EE6D
:1077C000E77A02D0022B2CD093B307EE900A9FEDFC
:1077D000325AF8EEE77A136BC5EE276ADFED2F5ABF
:1077E000C3F3080307EE903AB7EE006AF8EEE77AC3
:1077F000E7EE257A77EE867A66EEA76A224B1B6B58
:10780000C3F34623013307EE903AB8EEE77AC6EEAB
:10781000877AFCEEE77A17EE900A30BC70471D4875
:10782000704707EE900A9FED1E5AF8EEE77AD2E70E
:1078300013689B0620D5146807EE900A1549F7EEE9
:10784000005A136BC4F3C104F8EEE77A9FED135AA4
:10785000C3F30803E14006EE903A06EE101AF8EE84
:10786000E66AB8EEC66AE7EE056A86EE277A76EE35
:10787000A56A66EE876AC1E707EE900A9FED095A8E
:10788000F8EEE77AA7E700BF0044025800093D0080
:107890000024F4000090D0030024744A0000003952
:1078A0000024744B0024744C002800F00281874AA5
:1078B000136803F00F038B422DE9F04104460D4697
:1078C0000CD2136823F00F030B431360136803F00B
:1078D0000F038B4202D00120BDE8F08123685F07CF
:1078E0000BD57B4920698A6902F07002904204D965
:1078F0008A6922F0700202438A611E070BD574491F
:107900006069CA6902F07002904204D9CA6922F023
:1079100070020243CA61D8060BD56D49A069CA69D5
:1079200002F4E062904204D9CA6922F4E0620243A0
:10793000CA6199060BD56649E0690A6A02F07002CD
:10794000904204D90A6A22F0700202430A629A073E
:1079500040F1A1805E48E168826902F00F02914225
:1079600004D9826922F00F020A438261D80730D518
:10797000574AA168936923F470630B43936161686C
:107980001368022900F09780032900F08E800129F6
:1079900000F0978058079ED54D4E41F288383369E4
:1079A00023F007030B433361FDF71AFC074605E09C
:1079B000FDF716FCC01B404500F281803369626808
:1079C00003F03803B3EBC20FF2D12368990706D551
:1079D000E1683F48826902F00F028A425FD83B4962
:1079E0000A6802F00F02AA420AD90A6822F00F02BE
:1079F0002A430A600A6802F00F02AA427FF46BAFC2
:107A00005A070BD5324920698A6902F07002904208
:107A100004D28A6922F0700202438A611F070BD5E3
:107A20002B496069CA6902F07002904204D2CA69A7
:107A300022F070020243CA61DE060BD52449A06918
:107A4000CA6902F4E062904204D2CA6922F4E06298
:107A50000243CA619D060BD51D4AE169136A03F012
:107A60007003994204D2136A23F070030B4313622C
:107A7000FFF77AFE164A0346164892691649C2F382
:107A80000322825C0E2002F01F02D340BDE8F041C9
:107A90000B60FDF743BBDA073FF56AAF9FE78269EA
:107AA00022F00F021143816199E79F013FF574AF06
:107AB00011E7012070479B033FF56EAF0BE70320F2
:107AC0000AE7DE053FF568AF05E700BF002000527A
:107AD00000440258E48401085002002408B501F073
:107AE00095F9064B06499B69064A03F00F03CB5CE8
:107AF00003F01F03D840106008BD00BF00440258C7
:107B0000E48401085402002410B501F07FF909490A
:107B1000094A8B69094C03F00F03D35C03F01F0380
:107B2000D8402060CB69C3F30213D35C03F01F037A
:107B3000D84010BD00440258E484010854020024D7
:107B400010B501F063F90949094A8B69094C03F042
:107B50000F03D35C03F01F03D8402060CB69C3F34D
:107B60000223D35C03F01F03D84010BD0044025829
:107B7000E484010854020024F8B53A4CA36A03F0E7
:107B80000303032B67D0236806460F4623F0806368
:107B90002360FDF725FB054604E0FDF721FB431BB1
:107BA000022B56D823681A01F7D4A36A326823F44B
:107BB0007C3343EA0233A362D6E90232013B013A45
:107BC0005B0212049BB202F4FE0213437268013A94
:107BD000C2F3080213433269013A120602F0FE4270
:107BE0001343A363E36A726923F0C0031343E362A0
:107BF000E26AB36922F020021A431B4BE262E26A96
:107C000022F01002E262E16BF2690B4043EAC20328
:107C1000E363E36A43F01003E362E36AEFB1012F29
:107C20000CBF43F4801343F40013E3620D4C23684C
:107C300043F080632360FDF7D3FA054604E0FDF7C7
:107C4000CFFA401B022804D823681B01F7D5002077
:107C5000F8BD0320F8BD0120F8BD43F40023E36222
:107C6000E4E700BF004402580700FFFFF8B53A4CB4
:107C7000A36A03F00303032B67D0236806460F466D
:107C800023F080532360FDF7ABFA054604E0FDF7CF
:107C9000A7FA431B022B56D823689A00F7D4A36A8D
:107CA000326823F07C7343EA0253A362D6E90232BE
:107CB000013B013A5B0212049BB202F4FE02134341
:107CC0007268013AC2F3080213433269013A12069C
:107CD00002F0FE4213432364E36A726923F44063B3
:107CE0001343E362E26AB36922F400721A431B4B46
:107CF000E262E26A22F48072E262616CF2690B4035
:107D000043EAC2036364E36A43F48073E362E36AB1
:107D1000EFB1012F0CBF43F4000343F08073E36223
:107D20000D4C236843F080532360FDF759FA054654
:107D300004E0FDF755FA401B022804D823689B0095
:107D4000F7D50020F8BD0320F8BD0120F8BD43F4AD
:107D50008003E362E4E700BF004402580700FFFF2E
:107D60002DE9F8430368044613F0006622D0426E02
:107D7000B2F5001F00F0CE8411D8002A00F0F8847C
:107D8000B2F5801F40F0F18402210430FFF7F4FEC9
:107D90000646002E40F08684626E236803E0B2F54A
:107DA000401F40F0E284A8480026016D21F44011F4
:107DB0000A430265DD050AD5626D042A06D8DFE8AC
:107DC00012F0A20493049A04DF02DF020126354672
:107DD00098051BD5A26D802A00F05B8400F2EC8030
:107DE000002A00F08B83402A40F0ED800021201D06
:107DF000FFF7C2FE23680546002D40F067839249D5
:107E0000A06D0A6D22F4E07202430A6559051FD580
:107E1000D4F8A420B2F5800F00F0478400F2D68099
:107E2000002A00F07183B2F5001F40F0D7800021D6
:107E3000201DFFF7A1FE23680546002D40F0448376
:107E40008149D4F8A4008A6D22F4600202438A6555
:107E50001A051FD5D4F8A820B2F1007F00F02E84B7
:107E600000F2BF80002A00F05583B2F1807F40F01D
:107E7000C0800021201DFFF77FFE23680546002DEE
:107E800040F02A837049D4F8A8008A6D22F0E0629D
:107E900002438A659F0118D5A26C202A00F0DA837C
:107EA00000F2AA803AB1102A40F0A9806649CA6A55
:107EB00042F40032CA62002D40F059836249A06C3E
:107EC000CA6C22F030020243CA64D8041DD5E26DA8
:107ED000B2F5005F00F0FB8300F29480002A00F00E
:107EE0001F83B2F5805F40F095800021201DFFF7D1
:107EF00043FE23680546002D40F0EC825249E06DB8
:107F00000A6D22F4E04202430A6599041AD5226EF2
:107F1000B2F5003F00F074837FD84AB1B2F5803FDC
:107F200040F083800121201DFFF726FE23680546CF
:107F3000002D40F01E834449206E0A6D22F4E02299
:107F400002430A655A041BD5D4F8AC20B2F1005F95
:107F500000F060836CD842B1B2F1805F70D1012132
:107F6000201DFFF709FE23680546002D40F003831E
:107F70003549D4F8AC008A6D22F0E04202438A65AC
:107F80001F040DD5E26EB2F1805F00F03183B2F1D3
:107F9000005F00F00182002A00F0048201263546CD
:107FA000D8015DD5626C032A00F20A84DFE812F082
:107FB000540017034E005400C02A3FF41DAFB2F521
:107FC000807F3FF419AF012635461FE7B2F5C00F99
:107FD0003FF433AFB2F5000F3FF42FAF0126354623
:107FE00036E7B2F1407F3FF44AAFB2F1806F3FF421
:107FF00046AF012635464DE7302A3FF45CAF0126F7
:10800000354662E7B2F5405F3FF475AFB2F5804F99
:108010003FF471AF0126354677E722F48031B1F5A0
:10802000802F85D0B2F5403F82D00126354689E7C2
:1080300022F08051B1F1804F97D0B2F1405F94D0DF
:10804000012635469CE700BF004402580221201D4E
:10805000FFF792FD23680546002D00F06B822E4647
:10806000590200F1F081DF072FD5A26F282A2AD804
:10807000DFE812F0D3012900290029002900290096
:10808000290029006D032900290029002900290061
:1080900029002900CC0129002900290029002900F4
:1080A00029002900D30129002900290029002900DD
:1080B00029002900D30129002900290029002900CD
:1080C00029002900D30101263546980716D5626F8D
:1080D000052A00F27883DFE812F00D003003060075
:1080E0000D000D000D00012104F12400FFF7BEFD7D
:1080F00023680546002D00F025822E46590717D526
:10810000D4F89020052A00F26183DFE812F00D0018
:108110000C0306000D000D000D00012104F12400E8
:10812000FFF7A4FD23680546002D00F013822E46BC
:108130009A061DD5D4F88C20B2F1005F00F045827C
:1081400000F2DC804AB1B2F1805F40F0E1800021B2
:10815000201DFFF711FD23680546002D40F0058224
:10816000A949D4F88C004A6D22F0E04202434A65E6
:108170005F061DD5D4F89820B2F5006F00F0548248
:1081800000F2C9804AB1B2F5806F40F0CE80002184
:10819000201DFFF7F1FC23680546002D40F0C88143
:1081A0009949D4F898008A6D22F4E05202438A6516
:1081B00018061DD5D4F89C20B2F5804F00F03F8200
:1081C00000F2B6804AB1B2F5005F40F0BB800021FA
:1081D000201DFFF7D1FC23680546002D40F0A68145
:1081E0008949D4F89C008A6D22F4604202438A6572
:1081F00019070BD5D4F88010B1F5805F00F03E82EE
:108200008148426D22F440520A434265DA060BD59A
:10821000D4F89410B1F5807F00F025827A48826D01
:1082200022F440720A4382651F030ED5D4F8A010D1
:10823000B1F5803F00F0D480B1F5003F00F0D78069
:10824000002900F0BA810126354658030FD5D4F82D
:108250008420B2F5001F00F0B080B2F5401F00F09E
:10826000B380B2F5801F00F0A08101263546D90306
:1082700009D5E26C002A00F08681B2F5803F00F05B
:108280002D81012635469A0000F1D2809F035CD4EF
:10829000301E18BF0120DE0206D55B49256F0A6D2E
:1082A00022F000422A430A65DD0007D55649D4F87A
:1082B000B4500A6922F480422A430A61990206D521
:1082C0005149A56E0A6D22F080722A430A655A0050
:1082D00009D54D4A116921F4004111611169D4F8A1
:1082E000B85029431161002B06DA474A216DD36C3F
:1082F00023F040530B43D364BDE8F88322F0805150
:10830000B1F1804F3FF429AFB2F1405F3FF425AFA8
:10831000012635462CE722F48061B1F5805F3FF4F9
:108320003CAFB2F5406F3FF438AF012635463FE72A
:1083300022F40051B1F5004F3FF44FAFB2F5C04FFA
:108340003FF44BAF0126354652E7E26FB2F5807F2E
:1083500000F0228106D922F48071B1F5007F03D0AC
:10836000012098E7002AFBD1002DF9D1264D301EBF
:10837000696D18BF012021F440710A436A658AE7DC
:108380003546002D40F0A4801F49606D0A6D22F033
:10839000070202430A651BE50121201DFFF7ECFBE4
:1083A00023680546002D40F0DE801749E06E0A6D17
:1083B00022F0405202430A65F2E5012104F1240053
:1083C000FFF754FC23680546002D40F0DA800E4983
:1083D000D4F884004A6D22F4401202434A6546E70D
:1083E000022104F12400FFF741FC23680546002D1B
:1083F00040F0C5800449D4F8A0008A6D22F44032D0
:1084000002438A6521E700BF00440258012104F1BC
:108410002400FFF72BFC23680546002D40F0AD80BB
:10842000AF49A06F4A6D22F0380202434A654CE61C
:10843000022104F12400FFF719FC236800283FF40F
:1084400025AF012622E7A74F3B6843F480733B60CA
:10845000FCF7C6FE804606E0FCF7C2FEA0EB080073
:10846000642800F27E813B68DA05F5D5002D40F0E6
:10847000A4819B4AD4F8B030116F594011F4407F69
:108480000BD0116F106F21F4407140F480301067F1
:10849000106F20F4803010671167B3F5807F00F013
:1084A0006E8103F44072B2F5407F00F07C818C490C
:1084B0000A6922F47C520A61894AC3F30B03116FE3
:1084C0000B4313672368CEE52E46C1E42E469DE498
:1084D0002E467DE42E4618E52E46DBE40221201DC3
:1084E000FFF74AFB05462368002D53D17C49E06C19
:1084F000CA6C22F480320243CA64C4E67849CA6A6C
:1085000042F40032CA6277E47549CA6A42F4003222
:10851000CA6292E47249CA6A42F40032CA62AEE4A4
:108520006F49CA6A42F40032CA62E4E42E465FE64A
:108530002E463DE66A49606CCA6C22F00302024393
:10854000CA648DE56649606F4A6D22F007020243F6
:108550004A65D3E56249D4F890008A6D22F007029B
:1085600002438A65E4E52E461AE52E4600E62E46CD
:10857000ABE42E46E6E42E4602E52E46A5E52E4661
:1085800063E62E4673E65649CA6A42F40032CA626E
:10859000002DABD02E4676E65148C16A41F4003139
:1085A000C162002D7FF4DCAEE0E64D49CA6A42F4B8
:1085B0000032CA62002DE4D109E7201DFFF7DCFA82
:1085C00005462368002DDAD114E7022104F12400C6
:1085D000FFF74CFB05462368002DC6D1C0E5404996
:1085E000CA6A42F40032CA62002D7FF438ADA1E7B6
:1085F0003B49CA6A42F40032CA62002DB3D1D4E6C4
:10860000012104F12400FFF731FB05462368002D0A
:10861000AFD190E4012104F12400FFF727FB0546C8
:108620002368002DA7D1A3E4022104F12400FFF761
:108630001DFB05462368002D7FF47AAFB0E50221CB
:1086400004F12400FFF712FB05462368002D7FF498
:108650006DAFC5E50221201DFFF78EFA05462368A0
:10866000002D84D12AE4022104F12400FFF7FEFA50
:10867000236800283FF4D8AD0126D5E5022104F196
:108680002400FFF7F3FA236800283FF4BFAD01266A
:10869000BCE5002104F12400FFF7E8FA2368054651
:1086A000FFF7AABB2368FFF785BB002104F1240074
:1086B000FFF7DCFA23680546FFF7BFBB002104F192
:1086C0002400FFF7D3FA23680546FFF7D8BB002143
:1086D00004F12400FFF7CAFA236805460BE400BF43
:1086E00000440258004802580021201DFFF744FAB8
:1086F0002368054645E6002104F12400FFF7B6FA99
:10870000236805463DE633493546CA6A42F40032DD
:10871000CA6236E602212430FFF7A8FA0646002E88
:108720003FF43AABBEE70121201DFFF725FA0546CD
:108730002368002D7FF4FBAC0CE70121201DFFF71F
:108740001BFA05462368002D7FF4D7ACFAE6012119
:10875000201DFFF711FA05462368002D7FF40DAFA9
:108760005EE60326236835467DE40126FFF722BB3B
:108770001848C16A41F40031C162FFF714BBFCF72D
:108780002FFDDFF85080074641F2883904E0FCF7FE
:1087900027FDC01B4845E4D8D8F870309B07F6D5B4
:1087A000D4F8B0307DE60B480B4A016902EA131297
:1087B00021F47C510A4302617EE623682E4652E48E
:1087C000012635464CE40126354697E40126354618
:1087D000AEE400BF00440258CFFFFF0008B5FFF72A
:1087E0007DF9054B054A1B6AC3F30213D35C03F002
:1087F0001F03D84008BD00BF00440258E4840108AC
:10880000584B70B4996A9D6ADE6A15F47C3FC5F3D3
:108810000532DC6B5CD0C4F3CC0406F0100601F02A
:10882000030106FB04F4012907EE904AB8EEE77A4B
:1088300003D0022975D000294FD007EE902ADFED32
:108840004A6AF8EEE77A9B6B86EEA76A9FED475A75
:10885000C3F3080306EE903AF7EE005AF8EEE66A24
:10886000E7EE056A76EEA56A66EE266A3D4AB7EE41
:10887000006A936BC3F3462307EE103AB8EEC77A4B
:1088800070BC37EE067AC6EE877AFCEEE77AC0ED6A
:10889000007A936BC3F3064307EE103AB8EEC77A3B
:1088A00037EE067AC6EE877AFCEEE77AC0ED017AFB
:1088B000936BC3F3066307EE903AF8EEE77A77EE30
:1088C000867A86EEA77ABCEEC77A80ED027A704788
:1088D00070BCC0E90022826070471968890627D5FC
:1088E0001C6807EE902A2249F7EE005A9B6BC4F3EE
:1088F000C102F8EEE77A9FED1D5AC3F30803D14099
:1089000006EE903A06EE101AF8EEE66AB8EEC66A7F
:10891000E7EE056A86EE277A76EEA56A66EE876A46
:10892000A4E707EE902ADFED136AF8EEE77A8AE70C
:1089300007EE902A9FED105A9B6BB7EE006AF8EE97
:10894000E77ADFED0A5AC3F30803C5EE276A07EE9C
:10895000903AF8EEE77AE7EE257A77EE867A66EED9
:10896000A76A83E7004402580024744A00000039D3
:108970000090D0030024744B0024744C584B70B406
:10898000996A9D6ADE6A15F07C7FC5F305525C6CBE
:108990005CD0C4F3CC0406F4807601F0030106FB3E
:1089A00004F4012907EE904AB8EEE77A03D00229D1
:1089B00075D000294FD007EE902ADFED4A6AF8EE15
:1089C000E77A1B6C86EEA76A9FED475AC3F308034C
:1089D00006EE903AF7EE005AF8EEE66AE7EE056A20
:1089E00076EEA56A66EE266A3D4AB7EE006A136C1B
:1089F000C3F3462307EE103AB8EEC77A70BC37EEE1
:108A0000067AC6EE877AFCEEE77AC0ED007A136C40
:108A1000C3F3064307EE103AB8EEC77A37EE067A8C
:108A2000C6EE877AFCEEE77AC0ED017A136CC3F3E9
:108A3000066307EE903AF8EEE77A77EE867A86EEEE
:108A4000A77ABCEEC77A80ED027A704770BCC0E9A5
:108A50000022826070471968890627D51C6807EED6
:108A6000902A2249F7EE005A1B6CC4F3C102F8EEBB
:108A7000E77A9FED1D5AC3F30803D14006EE903A02
:108A800006EE101AF8EEE66AB8EEC66AE7EE056A78
:108A900086EE277A76EEA56A66EE876AA4E707EE89
:108AA000902ADFED136AF8EEE77A8AE707EE902A5C
:108AB0009FED105A1B6CB7EE006AF8EEE77ADFED17
:108AC0000A5AC3F30803C5EE276A07EE903AF8EE98
:108AD000E77AE7EE257A77EE867A66EEA76A83E78D
:108AE000004402580024744A000000390090D0036A
:108AF0000024744B0024744C584B70B4996A9D6ADE
:108B0000DE6A15F47C7FC5F305125C6B5CD0C4F3A0
:108B1000CC0406F0010601F0030106FB04F4012970
:108B200007EE904AB8EEE77A03D0022975D0002903
:108B30004FD007EE902ADFED4A6AF8EEE77A1B6B1A
:108B400086EEA76A9FED475AC3F3080306EE903AF4
:108B5000F7EE005AF8EEE66AE7EE056A76EEA56AE9
:108B600066EE266A3D4AB7EE006A136BC3F34623EE
:108B700007EE103AB8EEC77A70BC37EE067AC6EE4A
:108B8000877AFCEEE77AC0ED007A136BC3F30643F5
:108B900007EE103AB8EEC77A37EE067AC6EE877A55
:108BA000FCEEE77AC0ED017A136BC3F3066307EEC0
:108BB000903AF8EEE77A77EE867A86EEA77ABCEE00
:108BC000C77A80ED027A704770BCC0E900228260EB
:108BD00070471968890627D51C6807EE902A224934
:108BE000F7EE005A1B6BC4F3C102F8EEE77A9FED73
:108BF0001D5AC3F30803D14006EE903A06EE101A50
:108C0000F8EEE66AB8EEC66AE7EE056A86EE277AFF
:108C100076EEA56A66EE876AA4E707EE902ADFED96
:108C2000136AF8EEE77A8AE707EE902A9FED105A6A
:108C30001B6BB7EE006AF8EEE77ADFED0A5AC3F372
:108C40000803C5EE276A07EE903AF8EEE77AE7EEFA
:108C5000257A77EE867A66EEA76A83E700440258A3
:108C60000024744A000000390090D0030024744BA3
:108C70000024744CB0F5807F00B585B048D0B0F5C5
:108C8000007F11D0B0F5806F00F08280B0F5006FEA
:108C900052D0B0F5805F2CD0B0F5002F00F0968058
:108CA000002005B05DF804FB534A136D03F4E07334
:108CB000802B59D012D9C02B26D0B3F5807FEFD1AD
:108CC000D36C13F040535BD0B3F1805F00F08D8024
:108CD000B3F1005F494818BF0020E2E7002B3CD009
:108CE000402BDDD101A8FFF78BFD019805B05DF8A1
:108CF00004FB414A136D03F4E043B3F5005F33D046
:108D000029D9B3F5405F58D13D4805B05DF804FB63
:108D1000394B1B6D03F00703042BC1D801A252F895
:108D200023F000BF5B8D0008E58C0008698D00080A
:108D3000098D0008778D00082F4A936D03F0E063DA
:108D4000B3F1007F10D01DD9B3F1407FDCD0B3F177
:108D5000806FB5D0A4E7002B34D101A8FFF7CCFE7B
:108D6000029805B05DF804FB01A8FFF707FE019823
:108D700005B05DF804FB204BDB6C13F04053A3D12E
:108D800020488EE7002BE8D0B3F1807FAAD087E798
:108D9000194A936D03F46003B3F5800FE4D005D84E
:108DA000002BDAD0B3F5001F9CD079E7B3F5C00FE4
:108DB000AAD0B3F5000F83D072E7B3F5804F3FF42C
:108DC0007FAF6DE7B3F5805F8CD069E70A4A936D9A
:108DD00003F44033B3F5803F09D0B3F5003F3FF4CF
:108DE0006FAF002B7FF45CAF7CE7074859E701A821
:108DF000FFF7C4FD039854E7004402580024F40030
:108E00000080BB000090D00300093D0008B5FEF7CC
:108E1000ABFC064B06499B69064AC3F30323CB5CB4
:108E200003F01F03D840106008BD00BF0044025883
:108E3000E484010850020024084604F00FB900BF82
:108E4000143001F06DBA00BF38B500F114050446C6
:108E50002DED028B284601F01FFA284601F018FA82
:108E60002846B0EE408A01F001FAD0ED007AF8EE23
:108E7000677A88EE277ABDEC028B84ED0E7A38BDD6
:108E8000143001F005BA00BF38B500F114050446EE
:108E90002DED028B284601F0EDF9284601F0F8F996
:108EA0002846B0EE408A01F0E1F9D0ED007AF8EE04
:108EB000677A88EE277ABDEC028B84ED0E7A38BD96
:108EC000253001F079BF00BF10B540F203338EB0FA
:108ED00000244FF60B7240F20341ADF8083009A8A8
:108EE0000123ADF81020ADF824202246ADF80C1077
:108EF0000094029907940C94CDE90544CDE90A4405
:108F000001F082FD04A8012322460399009401F098
:108F10007BFD09A801F05EFE10B901200EB010BD66
:108F200004A801F057FEA0420CBF022020460EB05C
:108F300010BD00BF2DE9F04103239AB001270024A2
:108F40000646CDE914373B4BCDE9104340F20453BC
:108F5000CDE91647ADF84830FFF7B6FFB8420546F1
:108F600025D0022845D040F60132334B0DF12C08B4
:108F70001894ADF82C200B981997CDF84A3000F0D2
:108F8000E3F810A906F13C0002F05EFE3020032257
:108F90004FF07E5341460D930E93CDE90B02F26BD9
:108FA00006F1140001F02AF91AB0BDE8F08110238F
:108FB000214A06A906908DF828300DF12C081F4B88
:108FC000CDF84A2007930294CDE91804CDE90804AE
:108FD00002A802F071F80823029A03A94046ADF8EE
:108FE0000C508DF80E40049505930B9400F0ECF8AE
:108FF000C7E700200121104B0DF12C083A460094E0
:10900000CDF84A304FF60B730C94ADF82C30234654
:10901000CDE9180140F601314046ADF81810069927
:10902000CDE90D4401F0F0FC2146404601F0DEFDA3
:10903000A7E700BF04020404040604030704010BAD
:109040002DE9F04704462DED028B82B000294DD06A
:10905000012140F2011200230091ADF804208DF8A7
:109060000630364A0127364B04F10409354904F12C
:109070002908626040F20272A36040F60663E16074
:1090800004F1250AA4F82520A4F82930278284F8C1
:10909000277084F82B7004F07DF9054603F0E0FF9B
:1090A0006946064650BB4DB304F130008DF806709A
:1090B00004F0F8F8072D3CD104F114052046FFF721
:1090C00039FF284601F0E4F82846B0EE408A01F066
:1090D000CDF8D0ED007AF8EE677A88EE277A84ED45
:1090E0000E7A02B0BDEC028BBDE8F08740F20113AE
:1090F00000918DF80610ADF80430B2E704F13000AD
:1091000004F0D0F8072D11D04946204602F01CFA91
:109110000EB9002DD0D1504601F072FD404601F04D
:109120006FFD04F1120000F079F9C5E7002EF2D1CD
:10913000C2E74946204602F007FABDE705080509DF
:1091400005070506050A060610B584B00346012486
:10915000ADF8040003A8ADF80C30ADF80E4001F0F6
:109160004FFD214603A801F027FE204603F076FFBD
:10917000002103A801F020FE204603F06FFF2146E6
:1091800003A801F019FE04B010BD00BF10B5C2F372
:10919000002384B00C46017C8DF80D2043EA440284
:1091A000FA2402238DF80C2003AA009402F01AF886
:1091B00018B10124204604B010BD04460A2003F073
:1091C0004DFF204604B010BD034670B543F8042B94
:1091D000044684B007C983E80700A37983B91A213C
:1091E0000B461E22FA2523742046ADF80C200223DC
:1091F00003AA009501F0F6FF28B1012004B070BD6C
:109200001B210B46EDE70A2003F028FF4FF4B8526C
:1092100000950223ADF80C20204603AA217C01F022
:10922000E1FF0028E9D10A2003F018FF41F20272A1
:1092300000950223ADF80C20204603AA217C01F002
:10924000D1FF0028D9D10A2003F008FF042200959D
:109250000223ADF80C20204603AA217C01F0C2FFB6
:109260000028CAD10A2003F0F9FE06220095022345
:10927000ADF80C20204603AA217C01F0B3FF0028A2
:10928000BBD10A2003F0EAFE41F208220095022336
:10929000ADF80C20204603AA217C01F0A3FF002892
:1092A000ABD10A20064603F0D9FE0095022303AA9B
:1092B000217C2046ADF80C6001F094FF00289CD181
:1092C000304603F0CBFE009522790C232046002A7D
:1092D0008DF80C3003AA4FF0020314BF6221422123
:1092E0008DF80D10217C01F07DFF002885D13046DE
:1092F00003F0B4FE2279D4E902310B43DBB20AB9A0
:1093000043F0400362790AB143F020030E22FA25AC
:109310008DF80D302046009502238DF80C2003AA0D
:10932000217C01F05FFF00287FF467AF0A2003F083
:1093300095FE102200950223ADF80C20204603AACA
:10934000217C01F04FFF00287FF457AF0A2003F083
:1093500085FE122100950223ADF80C1003AA217C92
:10936000204601F03FFF00287FF447AF0A2003F0BA
:1093700075FE012209212046FFF708FF003818BFBB
:1093800001203BE7F0B5102387B0234C01220025D4
:109390000126002702A920460195CDE902234FF4BA
:1093A0008052CDE9046707F0C7F86420FBF71EFF81
:1093B00002A94FF480522046CDE904670226102707
:1093C000CDE9026707F0B8F80322102302A920466E
:1093D000CDE9022300230422CDE904234FF4805277
:1093E00007F0AAF840F23223042202A901931023C5
:1093F0002046CDE90223019A012305924FF48052C1
:10940000049307F099F840F60601204607F0B4F8F7
:10941000284607B0F0BD00BF1C6707241C4B002284
:109420001C494FF0400C30B5054689B00220596008
:1094300007219A601A620124DA620A224FF4006E50
:10944000DC6006922022CDE9000104200821CDE94C
:10945000020103201021CDE9040108206946C3E977
:1094600004024FF4C072181DC3E906C24FF48052C3
:10947000C3E909E207F036F838B92846FFF782FF5A
:10948000003818BF012009B030BD204609B030BDFA
:109490001867072440410052614A0021D0B5136883
:1094A0008EB00A91002B40F0B9805E4B01214FF63F
:1094B00083700C2411600221D3F8D42000260327E6
:1094C00042F48052C3F8D420D3F8D42002F480525E
:1094D0000092009AD3F8E02042F01002C3F8E02096
:1094E000D3F8E02002F010020192019AD3F8E020B4
:1094F00042F04002C3F8E020D3F8E02002F040023E
:109500000292029AD3F8E02042F00802C3F8E02069
:10951000D3F8E02002F008020392039AD3F8E02087
:1095200042F48072C3F8E020D3F8E02002F48072A5
:109530000492049AD3F8E02042F08002C3F8E020BD
:10954000D3F8E02002F080020592059AD3F8E020DB
:1095500042F02002C3F8E020D3F8E02002F020021D
:109560000692069AD3F8E02042F00402C3F8E02005
:10957000D3F8E0300C9403F0040307930323079A15
:109580000B93CDE9080108A9274804F03FF948F2F8
:109590003712022308A925480C94CDE90823CDE908
:1095A0000A6704F033F94CF20372022308A9204839
:1095B0000C94CDE90823CDE90A6704F027F940F2BD
:1095C000FF62022308A91B480C94CDE90823CDE9CA
:1095D0000A6704F01BF94FF60C72022308A916481B
:1095E0000C94CDE90823CDE90A6704F00FF94FF692
:1095F0003F02022308A911480C94CDE90823CDE9C4
:109600000A6704F003F92022022308A90A480C94EF
:10961000CDE90A67CDE9082304F0F8F80EB0D0BD13
:10962000146707240044025800100258001802581A
:10963000000C025800200258001C02580014025866
:109640002DE9F04FDFF8108406460D46144608F168
:1096500018002DED028B89B000AF02F0EDFBD8F8B9
:10966000183073B3D8F81C30D8F80490002B436935
:109670000BBF4FF0080A4FF0100A4FF0020B4FF0EB
:10968000040BB9F1000F2AD0A200EA46012B02F127
:10969000070222F00702ADEB020D6846ADEB020DAA
:1096A000694600F03F81022B00F0D680002B6FD07E
:1096B0002246C847D5462437BD46BDEC028BBDE8DF
:1096C000F08FD8F81C30002BF5D0D8F804904FF06C
:1096D000080A4FF0020B4369B9F1000FD4D1FB61C6
:1096E000D8F80030BB61002BE5D0D54802F016FC5D
:1096F0006B46BBF1020F786108EE103AFB6900F08F
:1097000083816A465146A2EBC40295466200EA464E
:10971000B2FBFBF2AAEBC40085460AEB8200EE46E0
:10972000F861ADEB010DF8690EEB820CC7F810C0C3
:10973000EC46ADEB010D00EB8201CCF80400CCF857
:10974000081001EB82013869E946CCF80C1000EBF7
:109750008201CCF800A001EB8202C9E900E0C9E96E
:109760000212012B00F06483022B00F06C82002BAC
:1097700000F08081620849466046BB69984718EE50
:10978000103A24379D46BD46BDEC028BBDE8F08FF4
:10979000002C8DD01A46D8ED0C6A9FEDB27A844623
:1097A000331D36F922E00CF1080C07EE90EA33F98C
:1097B00022E00232F8EEE77A944267EE877A67EEAB
:1097C000A67A4CED027A07EE90EAF8EEE77A67EEB9
:1097D000877A67EEA67A4CED017AE2D8F9612246E3
:1097E000C847984ED8ED0D6A0020F9692B1D9FEDF2
:1097F0009E7A9FED9E6ADFED9E5A22E0F4EEC67AD5
:10980000F1EE10FAC0F2C88447F6FE72D1ED017A8B
:1098100045F8202066EEA77AF4EEC77AF1EE10FA4A
:1098200040F2F080F4EEC67AF1EE10FAC0F2D58480
:1098300047F6FE7243F820200230083184427FF65A
:1098400039AFD1ED007A66EEA77AF4EEC77AF1EE81
:1098500010FAD3D83246D9E7002C3FF429AFD8ED1F
:109860000C6A84469FED787A0022331D8E4656F8A6
:1098700022100CF1080C07EE901A53F82210023255
:10988000F8EEE77A944267EE877A67EEA67A4CEDB7
:10989000027A07EE901AF8EEE77A67EE877A67EEBB
:1098A000A67A4CED017AE2D871462246C7F81CE050
:1098B000C847664ED8ED0D6A0020F9692B1D9FED53
:1098C0006A7A9FED6A6ADFF894C120E0F4EEC67A06
:1098D000F1EE10FAC0F279843246D1ED017A45F802
:1098E000202066EEA77AF4EEC77AF1EE10FA40F285
:1098F0008780F4EEC67AF1EE10FAC0F25E8432464A
:1099000043F820200230083184427FF6D3AED1EDF7
:10991000007A66EEA77AF4EEC77AF1EE10FAD5D89F
:109920006246DAE7002C3FF4C3AED8ED0C6A8646F7
:109930009FED477A4FF0000C331D56F82C200EF1A6
:10994000080E82F40002A2F5000207EE902A53F8F6
:109950002C200CF1020CF8EEE77A82F40002644548
:10996000A2F5000267EE877A67EEA67A4EED027ADC
:1099700007EE902AF8EEE77A67EE877A67EEA67A26
:109980004EED017AD9D8F9612246C847314ED8ED5B
:109990000D6A0020F9692B1D9FED337A9FED336A24
:1099A000DFF8BCC01FE0F4EEC67AF1EE10FAC0F2A8
:1099B000FC833246D1ED017A45F8202066EEA77A85
:1099C000F4EEC77AF1EE10FA18D9F4EEC67AF1EE99
:1099D00010FAC0F2DA83324643F820200230083110
:1099E00084427FF667AED1ED007A66EEA77AF4EE98
:1099F000C77AF1EE10FAD6D86246DBE76246EBE7AB
:109A000062467DE7324615E7A100D6466208073177
:109A100021F00701ADEB010DEA46ADEB010D694602
:109A2000ADEB0E0D0AEB8200EC46ADEB0E0D01EB3B
:109A30008202F861E946CCE900A0C9E9001290E68B
:109A40006C6707240280FFFF000000300082FF7F68
:109A50000000003482FF7F0050670724007E0080F2
:109A60007E0080FF0000003804FF7FBF04FF7F3FBF
:109A700000FEFF46002C00F0C982BBF1020FD8F8AF
:109A8000242000F0FA827969C7F8049002EB810E75
:109A90005FED0C5A8A00DCF808100EF104007A61C0
:109AA0001A46DCF80C303B61331DD7F810903D614D
:109AB000FD69C7E902CB8C46834636F92210D8ED02
:109AC0000C7A06EE101A33F9221006EE901A3EF9BF
:109AD0002210B8EEC66A07EE101AF8EEE66A3BF9F5
:109AE0002210B8EEC77A26EE256A66EEA56A27EE42
:109AF000257A26EE276A66EEA76A27EE277A07EE12
:109B0000901A51080232F8EEE77A0AEB810094428B
:109B100080ED006A05EB810067EEA57AC0ED006A72
:109B20000CEB810009EB810180ED007A98ED0C7A55
:109B300067EE877AC1ED007ABFD8D7F804903D6907
:109B4000D7E902CB60466208BB6949469847D8F816
:109B50002C307A69D8ED0D6A1A441FED3D7A1FED5D
:109B60003D6A2B1D904602F1040A5FED3F5A002228
:109B7000A84ED9E900EC51E0F4EEC67AF1EE10FA05
:109B8000C0F2C78247F6FE7045F822000CEB0100D8
:109B9000D0ED007A66EEA77AF4EEC77AF1EE10FA0D
:109BA0004BD9F4EEC67AF1EE10FAC0F2BA8247F65B
:109BB000FE70BBF1020F43F822002BD0D9F8080049
:109BC0000844D0ED007A66EEA77AF4EEC77AF1EE9B
:109BD00010FA36D9F4EEC67AF1EE10FAC0F2CD8260
:109BE00047F6FE7048F82200D9F80C000144D1ED88
:109BF000007A66EEA77AF4EEC77AF1EE10FA1ED973
:109C0000F4EEC67AF1EE10FAC0F2AF8247F6FE71BA
:109C10004AF82210023294427FF6B1AD51080EEBA1
:109C200081008900D0ED007A66EEA77AF4EEC77A5B
:109C3000F1EE10FAA0D83046A6E73046B9E7314633
:109C4000E6E73046CEE7002C00F0E081BBF1020FE2
:109C5000D8F8243000F0E1817A69DCF8081003EBD1
:109C6000820EC7F804909300DFED6B5A0EF10400EA
:109C700000227B61DCF80C303B61331DD7F810907B
:109C80003D61FD69C7E902CB8C46834656F8221038
:109C9000D8ED0C7A07EE101A53F82210B8EEC76A06
:109CA00007EE101A5EF82210F8EEC76A07EE101AD7
:109CB00026EE256A5BF82210B8EEC77A66EEA56A32
:109CC00026EE276A27EE257A66EEA76A27EE277A20
:109CD00007EE901A51080232F8EEE77A0AEB81009B
:109CE000944280ED006A05EB810067EEA57AC0ED35
:109CF000006A0CEB810009EB810180ED007A98EDA0
:109D00000C7A67EE877AC1ED007ABFD8D7F8049055
:109D10003D69D7E902CB60466208BB69494698476E
:109D2000D8F82C307A69D8ED0D6A1A449FED3E7A46
:109D30009FED3E6A131D9246DFF8E4C00022FB61EE
:109D40002B1D364ED9E9008E4EE0F4EEC67AF1EEC8
:109D500010FAC0F2FC81304645F822000EEB0100FB
:109D6000D0ED007A66EEA77AF4EEC77AF1EE10FA3B
:109D700049D9F4EEC67AF1EE10FAC0F2EF8130461E
:109D8000BBF1020F43F822002AD0D9F8080008449A
:109D9000D0ED007A66EEA77AF4EEC77AF1EE10FA0B
:109DA00035D9F4EEC67AF1EE10FAC0F2C981304628
:109DB0004AF82200D9F80C000144D1ED007A66EE91
:109DC000A77AF4EEC77AF1EE10FA1ED9F4EEC67A4D
:109DD000F1EE10FAC0F2AD813146F86940F8221078
:109DE000023294427FF6CBAC510808EB8100890027
:109DF000D0ED007A66EEA77AF4EEC77AF1EE10FAAB
:109E0000A3D86046A8E76046BAE76146E5E7604642
:109E1000CEE700BF0280FFFF000000300082FF7F1E
:109E2000007E00800000003404FF7FBF04FF7F3FFE
:109E3000002C00F0EB807A690021D8F82430C7F8B4
:109E4000109003EB820ED7F81C909300FD610EF189
:109E500004021FED0C6A7B61331D154656F8212064
:109E60004808D8ED0C6ABBF1020F82F40002A2F59B
:109E7000000207EE902A53F8212082F40002B8EE87
:109E8000E77AA2F5000227EE067A07EE902A0AEB9F
:109E90008002F8EEE77A27EE267A67EE867A82ED80
:109EA000007A09EB80024FEA800067EEA67AC2EDE5
:109EB000007A27D05EF8212082F40002A2F5000289
:109EC00007EE902A55F8212082F40002B8EEE77AD6
:109ED000A2F5000227EE067A07EE902ADCF80820A9
:109EE000F8EEE77A024427EE267A67EE867A82ED6C
:109EF000007A98ED0C7ADCF80C2067EE877A024441
:109F0000C2ED007A02318C42A8D8D7F81090604692
:109F10006208BB694946FD699847D8F82C307A69D0
:109F2000D8ED0D6A1A441FED407A1FED406A131DEB
:109F30009246DFF8C4C20022FB612B1DAB4ED9E96B
:109F4000008E4EE0F4EEC67AF1EE10FAC0F2C58053
:109F5000304645F822000EEB0100D0ED007A66EEA7
:109F6000A77AF4EEC77AF1EE10FA49D9F4EEC67A80
:109F7000F1EE10FAC0F2BF803046BBF1020F43F899
:109F800022002AD0D9F808000844D0ED007A66EE05
:109F9000A77AF4EEC77AF1EE10FA35D9F4EEC67A64
:109FA000F1EE10FAC0F2AE8030464AF82200D9F83D
:109FB0000C000144D1ED007A66EEA77AF4EEC77A80
:109FC000F1EE10FA1ED9F4EEC67AF1EE10FAC0F2F4
:109FD0008B803146F86940F82210023294427FF6B5
:109FE000CEAB510808EB81008900D0ED007A66EE17
:109FF000A77AF4EEC77AF1EE10FAA3D86046A8E784
:10A000006046BAE76146E5E76046CEE72246494644
:10A010006046BB699847FFF7B2BBC7F810B0002293
:10A0200098ED0C6A331DDFED726AD7F81CB07869C1
:10A0300056F8221007EE901A53F82210B8EEE77A7D
:10A0400007EE901A51080232F8EEE77A27EE267AE8
:10A050000AEB810E94420BEB810167EEA67A27EEA4
:10A06000067A67EE867A8EED007AC1ED007ADFD847
:10A070008300D7F810B07B614DE61A46C7F810B0E0
:10A0800098ED0C6A331DDFED5B6AD7F81CB0786978
:10A0900036F9221007EE101A33F9221007EE901A43
:10A0A000B8EEC77A51080232F8EEE77A27EE267A40
:10A0B0000AEB810E94420BEB810167EEA67A27EE44
:10A0C000067A67EE867A8EED007AC1ED007ADFD8E7
:10A0D0008300D7F810B07B6134E5F0EE675AFEEEEE
:10A0E000E45A15EE900A34E7F0EE675AFEEEE45AB1
:10A0F00015EE901A6EE7F0EE675AFEEEE45A15EE92
:10A10000900A3AE7F0EE675AFEEEE45A15EE900A2E
:10A110004BE767EEA57AFDEEE77A17EE900A00B2FC
:10A1200032E567EEA57AFDEEE77A17EE900A00B207
:10A130003FE5F0EE675AFEEEE05A15EE901A4CE657
:10A14000F0EE675AFEEEE05A15EE900A30E6F0EEB9
:10A15000675AFEEEE05A15EE900AFDE5F0EE675AFA
:10A16000FEEEE05A15EE900A0AE667EEA57AFDEEDD
:10A17000E77A17EE901A09B24AE567EEA57AFDEE86
:10A18000E77A17EE900A00B22CE5F0EE675AFEEE81
:10A19000E45A15EE902A1FE467EEA57AFDEEE77A01
:10A1A00017EE902A12B2FFF731BBF0EE675AFEEEBF
:10A1B000E45A15EE902AFFF7FDBBF0EE675AFEEE6B
:10A1C000E05A15EE902AFFF79BBBF0EE675AFEEEC1
:10A1D000E05A15EE902AFFF780BB67EEA57AFDEEF8
:10A1E000E77A17EE902A12B2FFF724BB82FF7F00B6
:10A1F00000000030000000387E0080FF30B5184CB1
:10A20000154685B0046004F1080EEC460FC98EE8CF
:10A210000F00D4ED047AF5EEC07A8CE80F00F1EE71
:10A2200010FA1ADDB7EE006A94ED057A27EE277A68
:10A23000C6EE276A84ED0D7AC4ED0C6A6DB1204636
:10A2400040F8185F01F0F8FD064903690020064A4E
:10A250002162A262E36005B030BD012005B030BDCF
:10A2600050670724002000300000003000680830EC
:10A27000704700BFB1F5807F03680A4628BF4FF4DE
:10A280008072B1F5807F9A6094BF002001207047F2
:10A290000068183001F030BE70B504688AB0A36958
:10A2A000E160CBB104F11805284601F0C5FD8446F4
:10A2B000EE46E668BCE80F00AEE80F00BCE80F0011
:10A2C000AEE80F009CE803008EE8030069462846CC
:10A2D000049601F0B9FCF8B9E069D8B104F11C05A5
:10A2E000284601F0A9FD8446EE46E468BCE80F006C
:10A2F000AEE80F00BCE80F00AEE80F009CE80300DA
:10A300008EE8030069462846049401F09DFC00385D
:10A3100018BF01200AB070BD01200AB070BD00BF97
:10A3200030B5046883B00D46E3694BB1A3680020E3
:10A33000E26A616A9B00009004F11C0001F07EFD5E
:10A34000A3680748A26A9B00216A009004F11800E4
:10A3500001F074FD0020C4E9005003B030BD00BF1F
:10A360004196000810B4074B4FF07E513024002274
:10A37000032019619C60D8605DF8044B5961C3E902
:10A38000062270475067072400B583B04FF0000ED7
:10A390004FF0030C4274ADF80410BDF8043080F89F
:10A3A00010E0A0F802C0038003B05DF804FB00BF1A
:10A3B0002DE9F04FDFF81C8300258DB0C04C0370F1
:10A3C00008F140034260074601920E4620222946CA
:10A3D0004046C4F86831C4F86481CDE90255CDE93E
:10A3E0000455CDE90655CDE90855CDE90A550CF0DF
:10A3F000AFFA2022294604F5A170C4F83151C4F8FF
:10A400003551C4F83951C4F83D510CF0A1FA019B03
:10A4100084F8485284F830317A68002A6AD02B4692
:10A4200004F59871454606F1100A9E46F01856F854
:10A4300003B0E2180EF1010ED0F80CC0D0F8049071
:10A44000D0F8088044F803B0C2F80CC04FF0000CFC
:10A45000C2F80490C2F80880008A25F802CB108266
:10A460001AF8032001F8012F002A70D07A684FF003
:10A4700001001233724584F84802D7D84FF4802285
:10A4800090489DF8043008214FF000084FF0000973
:10A49000C4F884310023C4E95B020122C4F874319A
:10A4A00084F88031C4E95E2194F84812C4E96489D3
:10A4B000A9B3C4F89821002284F8813184F8883146
:10A4C0003B78C4E96722002B38D00122002001210B
:10A4D000013B84F8A421C4E96C01082B30D8DFE8E3
:10A4E00013F0BD00C200C700CC00D100D600DB00D5
:10A4F000E100E8009DF804300121C4F87421C4F89B
:10A5000084314FF4802384F880216E4AC4E95B23B0
:10A5100008230022C4E95E130023C4E96423012355
:10A52000002284F88131002384F888310323C4F8A1
:10A5300098313B78C4E96722002BC6D184F8A43156
:10A540006148FBF735FC034638B1FFBEFEE77A6889
:10A55000123372453FF66AAF90E702A95A48029358
:10A56000FBF784FD8246002876D1042240F2FF7179
:10A570000A90CDE9081294F83021002A00F0F38007
:10A580004FF006080AEBCA034FEACA0904EB43037B
:10A590005B7C072B07D8DFE803F0595C5653504D1E
:10A5A0004A04072307930FFA8AF6D14406EBC6063E
:10A5B00004EB490904EB46077500384600F020FB20
:10A5C00099F81030042B00F3AA80022B00F3BD8011
:10A5D00000F0B98004EB0A03002283F8202114F86C
:10A5E0001630002B78D0022B00F08A80012B40F02F
:10A5F000B2807B78012B00F0B080002B334B18BF6A
:10A60000002305A93048CDE90538FAF7DFFE002818
:10A6100040F0AC800AF1010A94F830315FFA8AFA0E
:10A62000534540F2A0802A4B53F82A80AAE706231C
:10A630000793B8E705230793B5E704230793B2E729
:10A6400003230793AFE702230793ACE700230793A5
:10A65000A9E701230793A6E7FFBEFEE703224023F5
:10A66000C4E96A236CE707226023C4E96A2367E729
:10A670000F228023C4E96A2362E71F22A023C4E9D2
:10A680006A235DE73F22C023C4E96A2358E77F229B
:10A69000E023C4E96A2353E7FF224FF48073C4E93F
:10A6A0006A234DE740F2FF124FF49073C4E96A2326
:10A6B00046E740F2FF324FF4A073C4E96A233FE754
:10A6C0008867072400200240F46807240002B025B0
:10A6D00034840108004000307B78062B37D0072BEC
:10A6E0003DD0022B4AD0032B4AD0002B4CD0012B5B
:10A6F00048D0042B4AD0052B254B18BF002380E7F8
:10A700007B78042B25D0052B2BD08BB3012B31D09C
:10A71000022B31D0032B1F4B18BF002371E70323FB
:10A72000043504EB0A0B4FF0000925448BF8203167
:10A73000284609F1010900F063FA9BF8203104353D
:10A740004B45F5DC4BE70123EAE70223E8E7124B30
:10A7500057E7124B55E7002353E7114B51E7114BD5
:10A760004FE7114B4DE70DB0BDE8F08FFFBEFEE7A0
:10A770000E4B46E70E4B44E70E4B42E70E4B40E7CD
:10A780000E4B3EE70E4B3CE70E4B3AE70E4B38E7DD
:10A790000000B84F002090360800900C1000C01048
:10A7A0002000F0148000501D000180210004002AC8
:10A7B0000008302E001060320040C03A0080F03EA9
:10A7C00000005247000021430000844B38B5094C7B
:10A7D00040F2FF724FF0011104F5B6752846FBF701
:10A7E000F3FB94F83021D4F864112846BDE83840D2
:10A7F000FBF73AB988670724064B0F29D3F8643171
:10A8000098BF03EB41031B8800EE103ABBEEC80A69
:10A81000704700BF88670724214B02689A4200D026
:10A820007047204A00232048D2F8D81030B51F4C7A
:10A8300041F0200183B0C4F8D001092004F5E87587
:10A84000C4E975034FF48060C2F8D810D2F8D8205C
:10A850004FF40061C4E9773094F8480202F0200216
:10A86000C4F8E4114FF40051984201922846C4F80C
:10A87000E811C4E97C33019B14BF00234FF48073BB
:10A88000C4F8EC31FBF718FE08B1FFBEFEE704F593
:10A89000B673C4F8B851C4F8083203B030BD00BF75
:10A8A000002002400044025840000240886707240C
:10A8B0000148FCF779B900BF5869072402682DE9FF
:10A8C000F84F4B4B9A4201D0BDE8F88F494D95F8AF
:10A8D0004832002BF8D095F83031002B77D0002487
:10A8E00005F10C0905F5A17605F59877A04613E06A
:10A8F00003F0010117F811BCA9F1080000F05CFA9F
:10A90000BBF1010F25D895F83031013409F1120956
:10A910000236A2B293422BD917F8012F002AF4D0A5
:10A92000D5F864310021327833F81400D5F8683155
:10A9300003EB041323F81200338801339BB23380F6
:10A940005FFA83FA3A789A42D2D88A46A6F800800B
:10A95000D0E7CAF34001A9F1040000F02DFABBF1E1
:10A96000020FCAF38001CED0484600F025FACAE7AC
:10A97000002395F84802204909229842C5F8D831A9
:10A980004FF48060C5F8D011C5F8D4214FF40061B0
:10A990004FF40052C5F8DC3108BF4FF48073C5F89E
:10A9A000E821C5E9780100221448C5E97B32C5F8E1
:10A9B000F421FBF781FD08B1FFBEFEE795F83021D9
:10A9C000D5F864110E48BDE8F84FFBF74DB80A49B9
:10A9D00009224FF48060C5F8D831C5E974124FF4EC
:10A9E00000614FF40052C5E97730C5E97912DAE722
:10A9F000002002408867072440000240586907246D
:10AA0000F4680724704700BF10B592B0ADF8041089
:10AA10000180C9B2149C0B29C460C0E901233FD056
:10AA200090F801C0BCF10F0F3AD8022A3FD0032A98
:10AA300002D0012A00D000220E92012B02D0022B5C
:10AA400018BF0023022C0F932CD0032C2AD0012CEA
:10AA500028D000230A29109327D85C4A02EB8122D0
:10AA600002610A2914D8DFE801F0A39587796B5DAC
:10AA70004F4133250600564BD3F8E01041F4806176
:10AA8000C3F8E010D3F8E03003F480630C930C9B20
:10AA900001230DA9104603FA0CF30D9302F0B6FE44
:10AAA00012B010BD0A291094D7D90022D8E711227C
:10AAB0000E92C2E7464BD3F8E01041F40071C3F8A0
:10AAC000E010D3F8E03003F400730B930B9BDFE747
:10AAD0003F4BD3F8E01041F48071C3F8E010D3F895
:10AAE000E03003F480730A930A9BD1E7384BD3F824
:10AAF000E01041F08001C3F8E010D3F8E03003F03B
:10AB000080030993099BC3E7314BD3F8E01041F070
:10AB10004001C3F8E010D3F8E03003F0400308939D
:10AB2000089BB5E72A4BD3F8E01041F02001C3F8A9
:10AB3000E010D3F8E03003F020030793079BA7E76A
:10AB4000234BD3F8E01041F01001C3F8E010D3F824
:10AB5000E03003F010030693069B99E71C4BD3F8F3
:10AB6000E01041F00801C3F8E010D3F8E03003F042
:10AB700008030593059B8BE7154BD3F8E01041F0D4
:10AB80000401C3F8E010D3F8E03003F004030493A9
:10AB9000049B7DE70E4BD3F8E01041F00201C3F8AF
:10ABA000E010D3F8E03003F002030393039B6FE758
:10ABB000074BD3F8E01041F00101C3F8E010D3F8DF
:10ABC000E03003F001030293029B61E700000258AA
:10ABD0000044025808B5012143780069994089B2C0
:10ABE00003F01CF8003818BF012008BD01230A46F5
:10ABF0004178006903FA01F189B203F015B800BF8A
:10AC00008378022B30B504468FB037D0032B33D076
:10AC1000012B31D000230A93E378012B2AD0022B99
:10AC200028D000230B93002320460C9302F036FD1E
:10AC30000546204602F03AFD23780990082B13D8E8
:10AC4000DFE803F01F3245586B7E91A40500594B95
:10AC5000D3F8E02042F48072C3F8E020D3F8E0306B
:10AC600003F480730893089B09A9284602F0CEFDDF
:10AC70000FB030BD0B93D6E70A93CDE711230A93AB
:10AC8000CAE74C4B09A92846D3F8E02042F001025C
:10AC9000C3F8E020D3F8E03003F001030093009BF9
:10ACA00002F0B4FD0FB030BD424B09A92846D3F8DD
:10ACB000E02042F00202C3F8E020D3F8E03003F0D5
:10ACC00002030193019B02F0A1FD0FB030BD394B8F
:10ACD00009A92846D3F8E02042F00402C3F8E02096
:10ACE000D3F8E03003F004030293029B02F08EFDE0
:10ACF0000FB030BD2F4B09A92846D3F8E02042F011
:10AD00000802C3F8E020D3F8E03003F0080303930F
:10AD1000039B02F07BFD0FB030BD264B09A92846EE
:10AD2000D3F8E02042F01002C3F8E020D3F8E0307E
:10AD300003F010030493049B02F068FD0FB030BDD4
:10AD40001C4B09A92846D3F8E02042F02002C3F8A2
:10AD5000E020D3F8E03003F020030593059B02F0D8
:10AD600055FD0FB030BD134B09A92846D3F8E0209C
:10AD700042F04002C3F8E020D3F8E03003F0400393
:10AD80000693069B02F042FD0FB030BD094B09A9A6
:10AD90002846D3F8E02042F08002C3F8E020D3F840
:10ADA000E03003F080030793079B02F02FFD0FB004
:10ADB00030BD00BF0044025870B506460D4602F093
:10ADC0006DFC0446304602F071FC2A1E0146204606
:10ADD00018BF0122BDE8704002F026BF00231222F6
:10ADE00070B586B0CDE9022304930368032B01D824
:10ADF00004230593061D841D304602F04FFC0546D2
:10AE0000304602F053FC034601A92846019302F0A4
:10AE1000FDFC204602F042FC034620461C4602F0A0
:10AE200045FC01A903462046019302F0EFFC06B061
:10AE300070BD00BF634A0368934210B58CB028D040
:10AE4000614A934258D0614A934200F09480604A2C
:10AE5000934201D00CB010BD5E4C5F48D4F8E03096
:10AE600043F00203C4F8E030D4F8E03003F002030A
:10AE70000A930A9BFFF7B2FFD4F8F43043F0800343
:10AE8000C4F8F430D4F8F43003F080030B930B9B38
:10AE9000E0E7504C5148D4F8E03043F00203C4F8E6
:10AEA000E030D4F8E03003F002030193019BFFF798
:10AEB00095FFD4F8E83000221F2043F40013114618
:10AEC000C4F8E830D4F8E83003F400130293029B8E
:10AED000D4F8D83043F00103C4F8D830D4F8D830CF
:10AEE00003F001030393039BFBF734F91F200CB01D
:10AEF000BDE81040FBF76CB9364C3948D4F8E03067
:10AF000043F08003C4F8E030D4F8E03003F080036D
:10AF10000493049BD4F8E03043F00203C4F8E0301B
:10AF2000D4F8E03003F002030593059BFFF756FFCA
:10AF3000D4F8E8300022212043F480031146C4F8FD
:10AF4000E830D4F8E83003F480030693069BD4F885
:10AF5000D83043F00103C4F8D830D4F8D83003F027
:10AF600001030793079BFBF7F5F821200CB0BDE820
:10AF70001040FBF72DB91B48FFF730FF154B00229F
:10AF80004820D3F8E840114644F40004C3F8E840F0
:10AF9000D3F8E84004F400040894089CD3F8D8409F
:10AFA00044F00104C3F8D840D3F8D83003F00103CB
:10AFB0000993099BFBF7CEF848200CB0BDE8104080
:10AFC000FBF706B90054004000580040005C004008
:10AFD000001C005800440258606C0724D8690724FC
:10AFE000B06A0724886B07242DE9F0431A4B87B019
:10AFF00000254FF010099E46EC46184BFF22E04614
:10B0000067461A700EF118060EF13004CDE90055AE
:10B01000CDE90255ADF80090BCE80F00CDE904552C
:10B02000AEE80F009CE803000095ADF800908EE8B4
:10B030000300B8E80F000FC69CE803000095ADF8C8
:10B04000009086E803000FCF0FC49CE8030084E85B
:10B05000030007B0BDE8F08318000024D46907247A
:10B0600010B5EFF3108472B6084B1A78120602D5A9
:10B0700004B962B610BD1B78D82205485BB202FB4A
:10B0800003001430FBF790FDF2E700BFD4690724FA
:10B09000D8690724014803F05FBC00BF646A072435
:10B0A000014803F059BC00BF3C6B0724014803F082
:10B0B00053BC00BF146C07242DE9F0430F68D8245B
:10B0C0003F4D85B007FB04F4032F05EB0403036039
:10B0D00040DCCB680E46012B3CD84DD04FF0D80851
:10B0E000B646DFF8FC9008FB0758BEE80F00C446E0
:10B0F000ACE80F00DEF800300DF1100ECCF8003097
:10B10000D8F808C099E80F000EE90F000EEB87038E
:10B11000BCF1010F53F8103CC8F88C3031D0BCF1B1
:10B12000020F42D0BCF1000F35D0317C8C34D823D3
:10B13000002201202C4403FB07534900C3E92602E7
:10B14000C3F894102046C3E92822C3E92A2203F059
:10B15000F5F918B1012005B0BDE8F083014620469D
:10B1600003F006FC0028F5D10146204603F02AFC36
:10B17000003818BF0120EEE70B7C103B672BADD9E0
:10B18000E8E702F005F90F4B98420CBF0E4B0F4B4E
:10B19000C8F89030C9E702F0FBF80A4B98420CBFA0
:10B1A0000B4B0C4BC8F89030BFE702F0F1F8054BA1
:10B1B00098420CBF084B094BC8F89030B5E700BF68
:10B1C000D8690724000E27072D0FB0303211D02088
:10B1D0005F4390608A62E030200BA0101A09801053
:10B1E000E47D01082DE9F041D0F8008082B00D46E1
:10B1F00017461E4608F18C04204603F0B5FB2028B4
:10B20000FAD1D8F80C3073B96D002046089C33464B
:10B210003A46A9B2009403F0E7F9003818BF0120BC
:10B2200002B0BDE8F081089B32463946204603F063
:10B23000AFFAF2E7044B10221A7483F8E82083F87F
:10B24000C02183F898227047D869072430B50023BD
:10B2500095B04FF48071062204460B930692139327
:10B26000CDE90C13CDE90E33CDE9113302F092F89C
:10B2700007282BD004F1100541F2883206A9284690
:10B2800004F0B2F928B10123184684F85C3015B0F7
:10B2900030BD0222022306A92846CDE90023102250
:10B2A0000123CDE9022300224FF48003CDE90423DA
:10B2B00005224FF0807306926A460F9341F288335D
:10B2C00004F0FEFA0028DED115B030BD03230120C2
:10B2D00084F85C3015B030BD70B50023A4B04FF0D9
:10B2E00080724FF480750446ADF806300D93CDE9B9
:10B2F00010320122CDE90E53CDE91223CDE91433EA
:10B30000002943D0F02300F1100508AEADF8063057
:10B31000C02341F2883231462846089304F064F98C
:10B3200028B10123184684F85C3024B070BD41F286
:10B3300088320DF10601284604F0C0F903460028C2
:10B34000EFD105224FF480711E93284616924FF0DC
:10B3500080721B9321931F9202AA9FED1F7BCDE960
:10B360001C13CDE922338DED027B9FED1D7B41F255
:10B37000883316A98DED047B9FED1B7B8DED067B3D
:10B3800004F09EFA0028CCD124B070BD00F1100565
:10B3900008AE612341F2883231462846089304F012
:10B3A00023F90028BDD141F288320DF1060128466B
:10B3B00004F002FA0028B4D1BDF80630204623F08C
:10B3C000780343F04003ADF80630FFF73FFF002855
:10B3D0009ED0A6E7AFF3008000000000010000004F
:10B3E000100000000100000000000000000040000C
:10B3F0002DE9F04F00234FF4807501264FF080783F
:10B4000004462DED028BABB08DF8073013932193DA
:10B41000299314950E96CDF85C80CDE91533CDE9CE
:10B420001863CDE91A33CDE92253CDE92433CDE9B0
:10B43000273306231C9301F0ADFF072808D004F141
:10B44000100741F288321CA9384604F0CDF840B10B
:10B450000123184684F85C302BB0BDEC028BBDE8AC
:10B46000F08F4FF0020A4FF0020B4FF0050941F246
:10B47000883308AA1CA93846CDF89480CDF870907E
:10B480009FED2D8BCDE908AB4FF0000A4FF4800BF8
:10B490008DED0A8BCDE90CAB04F012FA0028D7D160
:10B4A00041F2883238460EA904F09EF80028CFD128
:10B4B000402341F288320DF1070138468DF80730FC
:10B4C00004F0FCF80028C3D141F288330EA902AA87
:10B4D0003846CDF83890CDF85C809FED197B8DED26
:10B4E000048BCDE906AB8DED027B04F0E9F9034650
:10B4F0000028ADD1CDF870904FF00109CDF89480BF
:10B500004FF00008219308AA29931CA938462295D8
:10B51000CDE92333CDE9273341F288338DED0A8B12
:10B52000CDE90CABCDE9088904F0CAF9002893D025
:10B53000304684F85C608FE71000000001000000D6
:10B5400040000000400000002DE9F043624CA3B031
:10B550000D46046001F01EFF072800F0A98028684E
:10B5600023466968AA6807C31E46AB8926F8043BD0
:10B570003046257B677B04F019F8E0B9574B012D65
:10B580004FF00108E061236114BF4FF480134FF4C2
:10B590000003C4E9058893FAA3F3B3FA83F34FF4E5
:10B5A0008079013BC4F82490C4E90B003046236243
:10B5B00003F090FF38B10122134684F85C2018464E
:10B5C00023B0BDE8F08366230B90139041F28832DC
:10B5D00006A90693CDE90C90CDE90E00CDE9110046
:10B5E000304604F001F80028E5D1992341F2883271
:10B5F00006A93046069303F0F7FF0028DBD10523A8
:10B600001C9019906A4614934FF08073219014A9EE
:10B610001D9341F288339FED2A7BCDE91A90CDE945
:10B620001F008DED007B9FED287B30468DED027B6A
:10B630009FED277B8DED047B04F042F90028BAD101
:10B6400029462046FFF748FE0028B4D12046FFF7E0
:10B65000CFFE03460028AED1002FB0D1189330465C
:10B660000027002606AA14A9CDF86890CDE91F335B
:10B67000EB2314934FF440631B934FF40053179341
:10B680004FF440431C93A0231693062319934FF0C5
:10B69000805321934FF04073CDE906671D9304F06A
:10B6A00087F9034600288AD0434684F85C8086E701
:10B6B00001230322184684F85C2023B0BDE8F08300
:10B6C0000000000001000000100000000100000068
:10B6D0000000000000004000386D072400500052B8
:10B6E0002DE9F04F8FB0414B0024026800AF9A4221
:10B6F0007C63C7E90944C7E90B4403D03C37BD4626
:10B70000BDE8F08F3A4B40F609213A48EB46D3F8B2
:10B71000D42007F11C0607F1220A4FF0020942F477
:10B7200080424FF00308C3F8D420D3F8D42002F4A9
:10B730008042BA60BA68D3F8E02042F04002C3F811
:10B74000E020D3F8E02002F04002FA60FA68D3F873
:10B75000E02042F02002C3F8E020D3F8E02002F01D
:10B7600020023A613A69D3F8E02042F01002C3F8AF
:10B77000E020D3F8E02002F010027A617A69D3F871
:10B78000E02042F00202C3F8E020D3F8E030F86194
:10B7900003F002033984BB61174B7B60BB697B6894
:10B7A00053F8040F7B6001F079FF7B680546186849
:10B7B00001F07CFF16F8013B786207F1240128466E
:10B7C000C7F830807B63C7E90A9402F01FF856453A
:10B7D000E5D100225C201146FAF7BCFC5C20FAF7A8
:10B7E000F7FC3C37DD46BD46BDE8F08F0050005207
:10B7F000004402580A0A0909946D0724114B026893
:10B800009A4200D07047104A70B5D2F8D4300F4C2D
:10B8100023F4804304F11806C2F8D43054F8040F1E
:10B8200001F03CFF0546206801F040FF0146284634
:10B8300002F02CF9B442F1D15C20BDE87040FAF777
:10B84000D5BC00BF0050005200440258946D07243C
:10B85000014804F039B900BF486D0724084B1A1D90
:10B86000981D03F1080110B49C1C9A6603F10A02AA
:10B87000C3E91834C3E91B015DF8044B5A677047EC
:10B88000386D072438B5036871B9026A00F12805DC
:10B8900000F5AC74012A0CBF002140218BBB1D4B6D
:10B8A0005722C0F858310DE0426A00F1C00500F59A
:10B8B000E874012A0CBF00214021EBB1164B5A223B
:10B8C000C0F8D03100232046C4E901214FF4805252
:10B8D0004FF48061636262614FF48042C4E90331D6
:10B8E0004FF48073C4E906234FF400332362FAF760
:10B8F000E3FD58B1FFBEFEE7084B5822C0F8D03137
:10B90000E0E7074B5922C0F85831DBE7C5E920448E
:10B91000A56338BD100002407000024028000240BC
:10B92000580002402DE9F043821D05468BB0031DEF
:10B9300005F10A010830CDE9052305F10C02AB69D8
:10B94000CDE907010992002B3DD0EB69B3FA83F8EA
:10B950004FEA58180123022205AE0AAF4FF006093C
:10B960000393CDE9012356F8044B2B7922789342B7
:10B9700016D02B68F3B1012B02D1F2B10A23049344
:10B98000204601F093FE03462046009301F086FE18
:10B99000694601F03BFFBE42E5D10BB0BDE8F08344
:10B9A000697963789942E4D1B8F1000FF3D02B683C
:10B9B000002BE0D1CDF81090E2E76378022B14BFA2
:10B9C0000A230823DBE74FF00108C3E7534A036863
:10B9D000934230B505468BB055D02032934252D0B9
:10B9E0004F4A934204D02032934201D00BB030BD75
:10B9F0004C4C4D48D4F8E03043F00103C4F8E0303B
:10BA0000D4F8E03003F001030593059BD4F8E0304F
:10BA100043F00803C4F8E030D4F8E03003F0080342
:10BA20000693069BD4F8E03043F04003C4F8E030BE
:10BA3000D4F8E03003F040030793079BD4F8F030CC
:10BA400043F40003C4F8F030D4F8F03003F40003FA
:10BA50000893089BFFF766FFD4F8D830296843F0B5
:10BA600001032F4A3048C4F8D830891AD4F8D830A6
:10BA700018BF012103F001030993099B0BB0BDE836
:10BA80003040FFF7FFBE274C2848D4F8E03043F0A1
:10BA90000103C4F8E030D4F8E03003F00103009370
:10BAA000009BD4F8E03043F01003C4F8E030D4F841
:10BAB000E03003F010030193019BD4F8E03043F031
:10BAC0004003C4F8E030D4F8E03003F040030293C0
:10BAD000029BD4F8F03043F48003C4F8F030D4F87B
:10BAE000F03003F480030393039BFFF71BFFD4F8AC
:10BAF000D830296843F00103084A0C48C4F8D8300C
:10BB0000891AD4F8D83018BF012103F00103049337
:10BB1000049B0BB0BDE83040FFF7B4BE04580140B1
:10BB2000045C0140004402580C700724B06D0724E7
:10BB30000148FBF739B800BF086F07240148FBF73D
:10BB400033B800BF806F07240148FBF72DB800BF52
:10BB5000647107240148FBF727B800BFDC71072494
:10BB60001A4A0368934210B40BD02032934208D093
:10BB7000174A934216D02032934213D05DF8044BFB
:10BB80007047144B0022D3F85442C3F85822002CBB
:10BB9000F4D0D3F84802D3E9931223465DF8044B5E
:10BBA000520818470B4B0022D3F8B044C3F8B42412
:10BBB000002CE3D0D3F8AC24D3F8A814D3F8A40411
:10BBC000520823465DF8044B184700BF0458014053
:10BBD000045C0140B06D0724184A0368934210B416
:10BBE0000BD02032934208D0154A934217D020320E
:10BBF000934214D05DF8044B7047124BD3E9942460
:10BC00005208C3F85822002CF4D0D3E992012346FD
:10BC100001EB820100EB82005DF8044B1847094BF1
:10BC2000D3F8AC24D3F8B0445208C3F8B424002CA1
:10BC3000E0D0D3F8A814D3F8A404E8E704580140EE
:10BC4000045C0140B06D07242DE9F04F0C684FF4FF
:10BC50001776754F87B004FB06F6012C07EB060A32
:10BC6000C0F800A000F3A0800D468E464FF00008FB
:10BC7000D44669A3D3E9002369A1D1E90001CDE944
:10BC8000022306ABCAF8508203EB8403CDE904011A
:10BC900053F810BC53F8083CCAE992880193BEE8F7
:10BCA0000F00ACE80F00BEE80F00ACE80F00019BEE
:10BCB0009EE80300CAF828B0CAF8C0308CE8030038
:10BCC0002B69042B0CD8DFE803F0737D8791030008
:10BCD0004FF41773554A03FB04739A64C3F8E020CA
:10BCE000AA692B6A002A43D0002B4FF4177308BFB0
:10BCF000022203FB047318BF0322DA6201221A63D3
:10BD0000EA696B6A002A40D1191E4FF4177318BFF5
:10BD1000012103FB0473C3E931126B69022B05D8BF
:10BD2000434A12F80380434A52F823904FF41773A2
:10BD300006F128004246494603FB047400233844B8
:10BD400063646363E365C4F8DC30C4F8CC30C4F8E2
:10BD5000F430C4E90F33C4E91533C4E93533C4E919
:10BD60003B33022304F05CF9002849D0FFBEFEE714
:10BD7000191E4FF4177318BF012103FB0473C3E9A5
:10BD80000B12EA696B6A002ABED0002B4FF41773BE
:10BD900008BF022203FB047318BF0322C3F8C420A8
:10BDA0000122C3F8C820B8E7012007B0BDE8F08F32
:10BDB0004FF417734FF4FA5203FB04739A64C3F8F9
:10BDC000E0208DE74FF417734FF47A5203FB0473AE
:10BDD0009A64C3F8E02083E74FF417734FF4FA42F4
:10BDE00003FB04739A64C3F8E02079E74FF41773F8
:10BDF0004BF6803203FB04739A64C3F8E0206FE7CC
:10BE000006F1C000022342464946384404F008F9CE
:10BE10000028CAD0FFBEFEE704580140045C014080
:10BE200024580140245C0140B06D072400770100D4
:10BE300074840108788401080068704770B504684C
:10BE400082B015460E46C4F85032C4E99212069AE2
:10BE5000C4F85422A269012A26D0626A012A9AB241
:10BE600011D0294604F1C000019204F095F9236A2B
:10BE7000019A012B10D0294604F1280004F08CF916
:10BE8000002002B070BD04F1C000019204F016FA67
:10BE9000236A019A012BEED1314604F1280004F007
:10BEA0000DFA002002B070BD226A012A9AB211D0A8
:10BEB000294604F12800019204F06EF9636A019AA0
:10BEC000012B10D0294604F1C00004F065F90020D0
:10BED00002B070BD04F12800019204F0EFF9636A2A
:10BEE000019A012BEED1314604F1C00004F0E6F9CD
:10BEF000002002B070BD00BF03681B69042B05D889
:10BF0000044A02EB830393ED000A70479FED020A97
:10BF1000704700BF8484010800803B470368D3F862
:10BF2000580270471F4BC1680268F0B5D3F88C50B7
:10BF300083B00369ADB24D1BA2B1AB4212D004462F
:10BF4000866811D2F018E91ACDE9001000F0BEFFA2
:10BF50000023DDE90010D4E90062B047E368256101
:10BF6000AB421BD003B0F0BDF018C91ACDE90001F7
:10BF700000F0ACFF0023DDE90001D4E90072B8470E
:10BF80003046294600F0A2FF002330466268294669
:10BF90002668B047E3682561AB42E3D10023236103
:10BFA00003B0F0BD000002402DE9F84F04460F46F3
:10BFB00090461E4600F13405284604F09BFD2028DB
:10BFC000FAD14FF480630020C4F8D030C4F848316F
:10BFD0004FF44033C4F8CC00C4F8E030C4F8583112
:10BFE0004E4BC4F8DC00C4F8C03003F57A73C4F8D3
:10BFF000E400C4F838314023C4F8C800C4F8403124
:10C00000E369C4F84401C4F85401C4F85C01C4E90C
:10C010003500C4E95300072B0BD8DFE803F0615368
:10C020005A373E454C045123C4F8C4305223C4F857
:10C030003C3104F59C794846FAF73EFA08B1FFBE58
:10C04000FEE7C4F8A890C4F87051EFF3108972B6F7
:10C05000DFF8D0B094F91C30DFF8CCA08BF80030BA
:10C060000A9B2F4CCAF800300B9B23600EB1184678
:10C07000B0471FFA88F23946284604F025FBB0BBCA
:10C08000B9F1000F00D162B6BDE8F88F3F23C4F8C4
:10C09000C4304023C4F83C31CBE74123C4F8C4305A
:10C0A0004223C4F83C31C4E74723C4F8C4304823D2
:10C0B000C4F83C31BDE74F23C4F8C4305023C4F862
:10C0C0003C31B6E72B23C4F8C4302C23C4F83C31F0
:10C0D000AFE72D23C4F8C4302E23C4F83C31A8E7C1
:10C0E0002923C4F8C4302A23C4F83C31A1E7FF2334
:10C0F0008BF800300023CAF8003023600A9B3BB164
:10C100000B98012198470120B9F1000FBCD1BAE783
:10C110000120B9F1000FB7D1B5E700BF8800024098
:10C12000A08107249C810724988107242DE9F84FDA
:10C1300004460F4690461E4600F13405284604F09A
:10C14000D9FC2028FAD14FF480630020C4F8D03005
:10C15000C4F848314FF44033C4F8CC00C4F8E030A0
:10C16000C4F858314E4BC4F8DC00C4F8C03003F5B5
:10C170007A73C4F8E400C4F838314023C4F8C80026
:10C18000C4F84031E369C4F84401C4F85401C4F868
:10C190005C01C4E93500C4E95300072B0BD8DFE884
:10C1A00003F061535A373E454C045123C4F8C43060
:10C1B0005223C4F83C3104F1C0094846FAF77CF92F
:10C1C00008B1FFBEFEE7C4F8AC90C4F8F850EFF336
:10C1D000108972B6DFF8D0B094F91C30DFF8CCA02B
:10C1E0008BF800300A9B2F4CCAF800300B9B236061
:10C1F0000EB11846B0471FFA88F23946284604F0B7
:10C20000B5FAB0BBB9F1000F00D162B6BDE8F88F46
:10C210003F23C4F8C4304023C4F83C31CBE741236A
:10C22000C4F8C4304223C4F83C31C4E74723C4F8FF
:10C23000C4304823C4F83C31BDE74F23C4F8C430B0
:10C240005023C4F83C31B6E72B23C4F8C4302C2368
:10C25000C4F83C31AFE72D23C4F8C4302E23C4F812
:10C260003C31A8E72923C4F8C4302A23C4F83C3160
:10C27000A1E7FF238BF800300023CAF800302360C9
:10C280000A9B3BB10B98012198470120B9F1000F9F
:10C29000BCD1BAE70120B9F1000FB7D1B5E700BFB3
:10C2A00088000240A08107249C81072498810724EC
:10C2B0002DE9F0410D4682B0EFF3108772B60029E8
:10C2C00048D1FF23254A264C237013682BB1002048
:10C2D00029461060234A1068984723781B0625D505
:10C2E000DFF888800025204E444605E001351C34E7
:10C2F00006F5D876092D19D0A369012B1BD0002B88
:10C30000F4D1216830460029F0D063690193236994
:10C310000093E3682289FFF709FF0028E6D1C5EB07
:10C32000C50508EB850348F82500586007B962B6D3
:10C3300002B0BDE8F08161680029D7D0636930465A
:10C34000019323690093E3682289FFF72DFE0028FB
:10C35000CCD1E4E705F0CAFEB3E700BF988107241B
:10C360009C810724A08107246872072460000024B0
:10C37000F0B5002387B0022204460493CDE90223DE
:10C38000027EC3690B2A4FEA430523D1A27E0B2A02
:10C3900002D1002007B0F0BD48496B1C484851F855
:10C3A0002330457801781878E67E884269D0824249
:10C3B00077D0D87803F1030C81426ED0824278D0D6
:10C3C000987903F1060C88426FD0824233D0012065
:10C3D00007B0F0BD394B3A4853F82530017846781C
:10C3E000187894F819C081423DD0824241D0D87863
:10C3F00003F1030E814240D082424AD0987903F182
:10C40000060E884241D08242E1D1DB796345DED11C
:10C41000734604F118069B783046059301F03EF907
:10C42000034630461E4601F041F901A9019030460D
:10C4300001F0ECF9AAE7DB79B342C8D163461A34BC
:10C440009B782046059301F029F9034620461C46B7
:10C4500001F02CF9034601A92046019301F0D6F919
:10C46000002007B0F0BD93F801E0B645BFD082428E
:10C47000BDD158786045BAD1CBE71F79B742BBD15F
:10C48000BCE75F78AF4292D193E7D979B142BAD194
:10C490009DE718796045B1D1BAE71F79AF428DD1D8
:10C4A0008EE75878B04284D1C9E7D979A9428CD1B6
:10C4B0008DE71879B04283D1C0E700BF780100242E
:10C4C000740100247E4A03689342F0B58FB000F0F7
:10C4D000E380A2F54C42934200F0E08002F58062D6
:10C4E000934200F0DD8002F58062934200F0DA8032
:10C4F00002F58062934200F0D98002F544429342F3
:10C5000000F0D280A2F51C42934200F0D18002F5E7
:10C510008062934200F0CE806A4A934240F0CC8021
:10C520000826694D4FF4D87404FB0654A07E01F030
:10C53000C5F8207E01F0C2F8E369082B13D8DFE8C4
:10C5400003F03B49576573818F9D05005F4BD3F81E
:10C55000F42042F00802C3F8F420D3F8F43003F0DA
:10C5600008030893089B2046FFF702FF012801D12A
:10C57000FFBEFEE74FF4D8740EAA554F0DF1240C00
:10C5800004FB0654E36902EB43050FCFACE80F0050
:10C590003B680022ACF80030114635F9140CF9F76D
:10C5A000D9FDE3690EAA02EB430333F9140C0FB073
:10C5B000BDE8F040F9F70CBE444BD3F8F02042F050
:10C5C0001002C3F8F020D3F8F03003F0100300930A
:10C5D000009BC8E73D4BD3F8E82042F40032C3F893
:10C5E000E820D3F8E83003F400330193019BBAE765
:10C5F000364BD3F8E82042F48022C3F8E820D3F881
:10C60000E83003F480230293029BACE72F4BD3F86E
:10C61000E82042F40022C3F8E820D3F8E83003F41D
:10C6200000230393039B9EE7284BD3F8E82042F4B2
:10C630008012C3F8E820D3F8E83003F480130493A1
:10C64000049B90E7214BD3F8F02042F02002C3F87E
:10C65000F020D3F8F03003F020030593059B82E728
:10C660001A4BD3F8E82042F08042C3F8E820D3F810
:10C67000E83003F080430693069B74E7134BD3F82E
:10C68000E82042F00042C3F8E820D3F8E83003F095
:10C6900000430793079B66E7002642E7012640E731
:10C6A00002263EE703263CE705263AE7042638E75C
:10C6B000062636E7072634E700239B7EFFDE00BF11
:10C6C00000100140000C0058687207240044025812
:10C6D000F47D01082DE9F04F91B0002301223F497C
:10C6E0000DF1240A09938B4601F11C09CAF8143094
:10C6F00001F13808CDF800A001F15407CDF804A0ED
:10C7000001F17006CDF808A001F18C05CDF80CA060
:10C7100001F1A804CDF810A001F1C40ECDF814A0C9
:10C7200001F1E00CCAE90133CAE903330F92FF2299
:10C730002B4BCDE906AA1A70BAE80F00ABE80F0040
:10C740009AE80700009B8BE807009B46BBE80F00B8
:10C75000A9E80F009AE80700019B89E807009946BD
:10C76000B9E80F00A8E80F009AE80700029B88E8E4
:10C7700007009846B8E80F000FC79AE80700039B28
:10C7800087E807001F460FCF0FC69AE80700049BF3
:10C7900086E807001E460FCE0FC59AE80700059BE6
:10C7A00085E807001D460FCD0FC49AE80700069BD9
:10C7B00084E807001C460FCCAEE80F00079B9AE800
:10C7C00007001C468EE807000FCCACE80F009AE883
:10C7D00007008CE8070011B0BDE8F08F600000246E
:10C7E0009C81072410B5094C04F1340004F090F842
:10C7F000237D1BB1636BDB69DB0600D410BD2046D3
:10C80000FFF790FB636B10221A6210BD6872072459
:10C8100010B50B4C04F5F27004F07AF894F8C431BA
:10C8200023B1D4F8E431DB69DB0600D410BD04F594
:10C83000D870FFF777FBD4F8E43110221A6210BDEC
:10C840006872072410B50B4C04F5657004F060F8AD
:10C8500094F8743323B1D4F89433DB69DB0600D445
:10C8600010BD04F55870FFF75DFBD4F89433102227
:10C870001A6210BD6872072410B50B4C04F24450C4
:10C8800004F046F894F8243523B1D4F84435DB6934
:10C89000DB0600D410BD04F5A260FFF743FBD4F81B
:10C8A000443510221A6210BD6872072410B50B4C73
:10C8B00004F2F46004F02CF894F8D43623B1D4F8E0
:10C8C000F436DB69DB0600D410BD04F5D860FFF751
:10C8D00029FBD4F8F43610221A6210BD68720724BE
:10C8E00010B50B4C04F6A40004F012F894F8843848
:10C8F00023B1D4F8A438DB69DB0600D410BD04F5FD
:10C900000760FFF70FFBD4F8A43810221A6210BD9D
:10C910006872072410B50B4C04F6542003F0F8FF9E
:10C9200094F8343A23B1D4F8543ADB69DB0600D4E6
:10C9300010BD04F52260FFF7F5FAD4F8543A10223E
:10C940001A6210BD6872072410B50B4C04F604403F
:10C9500003F0DEFF94F8E43B23B1D4F8043CDB6938
:10C96000DB0600D410BD04F53D60FFF7DBFAD4F818
:10C97000043C10221A6210BD6872072410B50B4CDB
:10C9800004F6B45003F0C4FF94F8943D23B1D4F8F6
:10C99000B43DDB69DB0600D410BD04F55860FFF739
:10C9A000C1FAD4F8B43D10221A6210BD687207248F
:10C9B00010B5EFF3108472B6084B1A78120602D540
:10C9C00004B962B610BD1B784FF4D87204485BB24C
:10C9D00002FB0300C030FAF7E7F8F1E79C81072477
:10C9E0006872072410B5EFF3108472B6094B1A78F9
:10C9F000120602D504B962B610BD1B784FF4D87286
:10CA000005485BB202FB030000F59C70FAF7CCF816
:10CA1000F0E700BF9C810724687207240021FFF71C
:10CA200047BC00BF214A036893422BD0A2F54C4279
:10CA3000934229D002F58062934227D002F58062AA
:10CA4000934225D002F58062934223D002F54442FE
:10CA5000934221D0A2F51C4293421FD002F580627E
:10CA600093421DD0124A93421CD108224FF4D87130
:10CA7000104B01FB0233197D11B11846FFF752BA72
:10CA8000FFF716BC0022F1E70122EFE70222EDE7F3
:10CA90000322EBE70422E9E70522E7E70622E5E7C0
:10CAA0000722E3E700231B7DFFDE00BF00100140EB
:10CAB000000C005868720724204A0368934229D06A
:10CAC000A2F54C42934227D002F58062934225D0D2
:10CAD00002F58062934223D002F58062934221D016
:10CAE00002F5444293421FD0A2F51C4293421DD04E
:10CAF00002F5806293421BD0114A93421AD1082357
:10CB000010484FF4D87202FB0300037D03B970474D
:10CB1000FFF708BA0023F3E70123F1E70223EFE769
:10CB20000323EDE70423EBE70523E9E70623E7E723
:10CB30000723E5E700231B7DFFDE00BF0010014057
:10CB4000000C0058687207240121FFF7B1BB00BF39
:10CB50002DE9F0414F684FF4D876DFF8C0808E465B
:10CB600007FB06F60C46082F08EB0605056005F1E5
:10CB7000180CBEE80F00ACE80F009EE807008CE838
:10CB8000070002D86B6A022B02D90120BDE8F081B0
:10CB90002A6A032AF9D8A96A0229F6D8E86A02287B
:10CBA000F3D80131DFF878C0343689005CF827709B
:10CBB00046446F63A469A9641549AC6351F82330F6
:10CBC0006B64144B53F82230134A2B64002352F841
:10CBD000201001223046EB65E963C5E91333C5E94E
:10CBE000153205F083FA0028CFD10146304605F012
:10CBF000D5FA0028C9D10146304605F01DFB0028B2
:10CC0000C3D1304605F0ACFA0028BED12875BDE787
:10CC1000BC840108C8840108D8840108687207240C
:10CC200098840108006892B208B5343003F0BCFC67
:10CC3000003818BF012008BD534B0122002047F6E1
:10CC4000122130B4C3E97420C3E97721C3E9E0209D
:10CC5000C3E9E3211A62DA6258621963C3F8302526
:10CC6000C3F83405C3F83C25C3F84015C3F8E026E3
:10CC7000C3F8E406C3F8EC26C3F8F016C3F890280E
:10CC8000C3F89408C3F89C28C3F8A018C3F8402A36
:10CC9000C3F8440AC3F84C2AC3F8501AC3F8F02B5F
:10CCA000C3F8F40BC3F8FC2BC3F8001CC3F8A40DA5
:10CCB0003648C3F8A02DC3F8AC2DC3F8B01D0288C8
:10CCC000837833490068334CCA804FEA104C0B72AA
:10CCD0003149E2802372A1F80320A4F80320637194
:10CCE0004B712E4CCA800B722D492E4DE28023725F
:10CCF000A1F80320A4F8032063714B712A4CCA8069
:10CD00000B722A49EA8008802B7281F802C0E28007
:10CD10002372A1F803204B71CA800B722449A1F839
:10CD200003204B71CA800B722249A1F803204B717A
:10CD3000CA800B722049088081F802C0A1F8032044
:10CD40004B71CA800B721D49088081F802C0A1F89E
:10CD500003204B71CA800B721949088081F802C008
:10CD60001848A1F803204B71CA800B721649A0F82D
:10CD700003204371C2800372A1F803204B71CA8063
:10CD80000B7230BC704700BF687207247401002426
:10CD9000FC01002420020024140200243802002494
:10CDA0002C02002408020024E4010024C881072486
:10CDB00044020024F0010024A4810724BC8107243C
:10CDC000B0810724680100245C0100243E4B00224E
:10CDD0000B20114610B5D3F8D84082B044F00104BE
:10CDE000C3F8D840D3F8D84004F001040094009C64
:10CDF000D3F8D84044F00204C3F8D840D3F8D83070
:10CE000003F002030193019BF9F7A4F90B20F9F752
:10CE1000DFF900220C201146F9F79CF90C20F9F7F4
:10CE2000D7F900220D201146F9F794F90D20F9F7F2
:10CE3000CFF900220E201146F9F78CF90E20F9F7F0
:10CE4000C7F900220F201146F9F784F90F20F9F7EE
:10CE5000BFF9002210201146F9F77CF91020F9F7EC
:10CE6000B7F900223C201146F9F774F93C20F9F794
:10CE7000AFF9002211201146F9F76CF91120F9F7EA
:10CE8000A7F9002238201146F9F764F93820F9F79C
:10CE90009FF9002239201146F9F75CF93920F9F79A
:10CEA00097F900223A201146F9F754F93A20F9F798
:10CEB0008FF900223B201146F9F74CF93B2002B0D4
:10CEC000BDE81040F9F784B90044025820F01F0073
:10CED0002031BFF34F8F002907DD064A0144C2F815
:10CEE0005C0220300B1A002BF9DCBFF34F8FBFF32D
:10CEF0006F8F704700ED00E0704700BF08B5F8F78E
:10CF000063F9BDE80840F9F7EDB900BF064808B578
:10CF100003680BB100F08CFE044803681BB1BDE848
:10CF2000084001F07BBD08BDE0850724D8810724B7
:10CF3000064808B503680BB100F07AFE04480368A0
:10CF40001BB1BDE8084001F069BD08BDE0850724BC
:10CF5000D8810724064808B503680BB100F068FEC5
:10CF6000044803681BB1BDE8084001F057BD08BD87
:10CF7000E0850724D8810724364BDA6A520062D54F
:10CF80009A6A9A6A9A6A9B6A180600D500BE314B63
:10CF90009B6A990600D500BE2E4B9B6ADA0600D527
:10CFA00000BE2C4B9B6A1B0700D500BE294B9B6A19
:10CFB000980700D500BE274B9B6AD90700D500BE55
:10CFC000244B9B6A1A0400D500BE224B9B6A9B042B
:10CFD00000D500BE1F4B9B6AD80400D500BE1D4B78
:10CFE0009B6A190500D500BE1A4B9B6A5A0500D5ED
:10CFF00000BE184B9B6A9B0500D500BE154B9B6A73
:10D00000D80500D500BE134B9B6A990100D500BE20
:10D01000104B9B6ADA0100D500BE0E4B9B6A1B03C6
:10D0200000D500BE0B4B9B6A580300D500BE094BD0
:10D030009B6A990300D500BE064B9B6ADA0306D4AF
:10D0400000BE00BEFEE7DB6A9B07FAD5F8E700BE2C
:10D05000F6E700BF00ED00E0F8F7C2B8F8F7C6B891
:10D060000A4B9B6803F17843B3F5003F0BD3084BA1
:10D07000986848B19868012806D09868022803D0BB
:10D080009B68032070470120704700BF00ED00E05F
:10D09000000080382DE9F041CEB004464C2200213A
:10D0A0000AA809F055FC2022002102A809F050FC32
:10D0B000BC2200211EA809F04BFC022002F022F93C
:10D0C0002368012B4FF0000354D0534A02250193EB
:10D0D000C820D16A514B21F00101D162D26A02F01D
:10D0E000010201929A6942F440429A619B6903F4F9
:10D0F00040430193019B494A93699B04FCD54849ED
:10D100000224002201268B6A04274FF0080823F02E
:10D11000030323438B62052316900AA818934FF448
:10D1200080331096179419941597CDF86880CDE93F
:10D130001B222122CDE91344CDE90A23FAF786F810
:10D1400000B1FEE73F220323294602A8CDE90223CE
:10D1500000220823CDE9042340224023CDE9062301
:10D1600040234FF48062CDE90823FAF79DFB034684
:10D17000B8B1FEE7294A04250093F0209169264BB7
:10D1800041F440419161926902F440420092DA6AAE
:10D1900042F00102DA62DB6A03F001030093009BB4
:10D1A000A9E720224FF4805125934FF440152B928C
:10D1B00080222D931EA83093269135914FF48071D3
:10D1C000249234920C223394439140F227112092FE
:10D1D0001022CDF884802A971F96CDE92E34CDE910
:10D1E0003B334FF48033CDE92246319300244693FC
:10D1F0000623CDE93E4527934FF48063094C2C93D9
:10D200001E94CDE92812FAF7ABFD00B1FEE702F05B
:10D210009FF84EB0BDE8F081000400580048025865
:10D22000004402580F130F0370B584B00124F9F7BE
:10D2300007F84FF480764FF04052194B68460025AE
:10D24000ADF800400396CDE90123F9F717F819224C
:10D250004FF0404368468DF8082001938DF80F4049
:10D26000ADF80D608DF801408DF80A50F9F706F819
:10D2700002230B2268468DF80F508DF801304FF0D5
:10D2800062538DF808200193ADF80D408DF80A40E7
:10D29000F8F7F4FF0420F8F7E1FF04B070BD00BF19
:10D2A0000E00010330B50D46044685B0D1E90001FA
:10D2B00084E80300F7F758FFAB79A3B3FFF786FDC7
:10D2C000FDF792FE06F0A4FEFFF704FA2B798BBB64
:10D2D0006B799BB1BFF34F8FBFF36F8F2A4B002247
:10D2E000C3F85022BFF34F8FBFF36F8F5A6942F4D8
:10D2F00000325A61BFF34F8FBFF36F8F4FF0FF3291
:10D300000023002400256946204802928DF80C3045
:10D31000CDE9004507F09CFA1C4807F001FB06F038
:10D32000A7FA05B030BD2046FFF7B4FE2046FFF750
:10D330007BFFC3E7144C0023C4F88430BFF34F8F46
:10D34000D4F8801043F6E07EC1F34E3CC1F3C9012E
:10D350004FEA4C1C0CEA0E000B4640EA8372013B7C
:10D36000C4F860225A1CF8D1ACF1200C1CF1200F3B
:10D37000F0D1BFF34F8F636943F480336361BFF330
:10D380004F8FBFF36F8FA3E700ED00E0D481072438
:10D39000FAF7BABB1C4B9B6803F17842B2F5003F29
:10D3A00025D3B3F5803F20D303F16042B2F5003FAF
:10D3B0001FD303F15C42B2F5002F1CD303F170427E
:10D3C000B2F5902F19D303F14842B2F5803F16D33E
:10D3D00003F18042B2F1806F13D303F1E043B3F560
:10D3E000000F2CBF08200720704701207047002045
:10D3F00070470220704703207047042070470520C3
:10D4000070470620704700BF00ED00E0034800238E
:10D41000034A0449036008F0B9BD00BFD481072462
:10D4200000000024F9CE000810B4204C0022204B4C
:10D4300083B0D4F888101F4841F47001C4F88810F4
:10D4400019681D4C41F0010119601A611968084002
:10D450001A4918609A61DA611A629A62DA621A638A
:10D460005A639A63DA631A645A64186820F4802055
:10D4700018601A66D3F8DC2042F06042C3F8DC2062
:10D48000D3F8DC300193019B23681940B1F1005FB0
:10D4900003D20B4B0122C3F80821044B4FF000626A
:10D4A0009A6003B05DF8044B704700BF00ED00E0E8
:10D4B000004402587FEDF6EA0010005C0000FFFF18
:10D4C0000080005100F57171D0F8040405F0B8BD7A
:10D4D000C1EBC10300EB8303D0F80404D3F80822A6
:10D4E00005F0DCBDC1EBC10300EB8303D0F80404FD
:10D4F0009A6C05F011BE00BFD0F8040405F0B0BE70
:10D50000C16810B5044619B1022900D0FEE7012117
:10D51000D4F8040405F08EFED4F80404BDE81040ED
:10D5200005F060BE10B50446D0F8040405F086FE90
:10D530002268D2F8003E43F00103C2F8003E236A9D
:10D5400023B1034A136943F00603136110BD00BF02
:10D5500000ED00E0D0F8040405F07ABED0F8040431
:10D5600005F08EBED0F8040405F088BED0F804049F
:10D5700005F088BED0F8040405F086BE9446D0F8C5
:10D5800098021A4608B5634601F0ACFD032802D89C
:10D59000024B185C08BD022008BD00BFF4840108DE
:10D5A000D0F8980208B501F02BFE032802D8024BF0
:10D5B000185C08BD022008BDF4840108D0F8980268
:10D5C00008B501F061FE032802D8024B185C08BDC3
:10D5D000022008BDF48401080A06D0F8983206D467
:10D5E000C1EBC10103EB810191F8FE01704701F02D
:10D5F0007F01C1EBC10103EB810191F83E0070474F
:10D60000D0F8980208B501F057FD032802D8024B64
:10D61000185C08BD022008BDF4840108D0F8980207
:10D6200008B501F0C5FD032802D8024B185C08BDFF
:10D63000022008BDF4840108D0F8980208B501F072
:10D640008FFD032802D8024B185C08BD022008BDDC
:10D65000F4840108D0F8C00206F0C4B8D0F8C002C3
:10D6600006F0D8B8D0F8C00206F0E0B8704700BFA6
:10D67000D0F8C00206F0C6B8D0F8C00206F0C6B8AE
:10D68000D0F8D00308B500F093FE032802D8024B6F
:10D69000185C08BD022008BDF8840108024B02781E
:10D6A00053F82200704700BF1C850108024B4278E6
:10D6B00033F81200704700BFFC8401088CB00A28C0
:10D6C00014D8DFE800F01523313F4D5B697785936F
:10D6D00006004D4BD3F8E02042F48062C3F8E0200E
:10D6E000D3F8E03003F480630B930B9B0CB07047CE
:10D6F000454BD3F8E02042F00102C3F8E020D3F814
:10D70000E03003F001030193019BEFE73E4BD3F8B8
:10D71000E02042F00202C3F8E020D3F8E03003F04A
:10D7200002030293029BE1E7374BD3F8E02042F07B
:10D730000402C3F8E020D3F8E03003F004030393BD
:10D74000039BD3E7304BD3F8E02042F00802C3F844
:10D75000E020D3F8E03003F008030493049BC5E70E
:10D76000294BD3F8E02042F01002C3F8E020D3F8B0
:10D77000E03003F010030593059BB7E7224BD3F885
:10D78000E02042F02002C3F8E020D3F8E03003F0BC
:10D7900020030693069BA9E71B4BD3F8E02042F039
:10D7A0004002C3F8E020D3F8E03003F040030793D1
:10D7B000079B9BE7144BD3F8E02042F08002C3F8AC
:10D7C000E020D3F8E03003F080030893089B8DE756
:10D7D0000D4BD3F8E02042F48072C3F8E020D3F878
:10D7E000E03003F480730993099B7FE7064BD3F87D
:10D7F000E02042F40072C3F8E020D3F8E03003F4F4
:10D8000000730A930A9B71E7004402582DE9F04F18
:10D810000D6883B0002D00F0D5800023DFF868820A
:10D8200001229A4012EA050C00F0C7804E6826F0EB
:10D830001009B9F1020F40F0C88003F007044FEA65
:10D84000D30E4FF00F0A4FEA840900EB8E0E0AFA4E
:10D8500009FADEF8204024EA0A0A0C6904FA09F4FD
:10D8600006F0030944EA0A04CEF820404FEA430ECA
:10D870000324D0F800A009FA0EF904FA0EF42AEAFB
:10D88000040AE44349EA0A09C0F80090D0F808A065
:10D89000CF6804EA0A0A07FA0EF949EA0A09C0F849
:10D8A0000890C6F30019D0F804A009FA03F92AEA8F
:10D8B000020249EA02024260C268F70004EA020476
:10D8C0008A6802FA0EF242EA0402C26075D5644C1C
:10D8D00023F0030E03F00309D4F8F420C6444FEA02
:10D8E000890942F00202C4F8F420D4F8F42002F0CE
:10D8F00002020192019A0F22DEF8084002FA09F2B0
:10D9000024EA0202574CA04225D004F58064A042CC
:10D910007BD0554CA0427ED0544CA0426FD0544C8A
:10D92000A04200F08480534CA04200F08680524C0C
:10D93000A04276D0514CA04200F08580504CA042CD
:10D9400000F087804F4CA0420CBF09240A2404FA3F
:10D9500009F942EA0902CEF808204FF0B0426FEA16
:10D960000C0EF403D2F880204FF0B04454BF0EEAFE
:10D9700002024CEA0202C4F88020B203D4F88440C8
:10D980004FF0B04254BF0EEA04044CEA0404F7021C
:10D99000C2F8844014684FF0B04254BF0EEA040449
:10D9A0004CEA04041460B40252684FF0B04454BF0F
:10D9B0000EEA02024CEA02026260013335FA03F217
:10D9C0007FF42EAF03B0BDE8F08F4FEA430E03247F
:10D9D000D0F800B006F0030A04FA0EF409F1FF399A
:10D9E0000AFA0EFA2BEA040BB9F1010F6FEA0404EC
:10D9F0004AEA0B0AC0F800A03FF65EAF46E70324F0
:10DA000004FA09F942EA0902A5E7012404FA09F92E
:10DA100042EA09029FE7022404FA09F942EA0902EC
:10DA200099E7062404FA09F942EA090293E7042473
:10DA300004FA09F942EA09028DE7052404FA09F912
:10DA400042EA090287E7072404FA09F942EA0902CF
:10DA500081E7082404FA09F942EA09027BE700BFDA
:10DA6000004402580000025800080258000C0258F6
:10DA7000001002580014025800180258001C0258E6
:10DA8000002002580024025800040058002900F029
:10DA9000A88000232DE9F04FDFF8689183B0DFF80C
:10DAA0006881DFF868A1DFF868B14FF0010E0EFA67
:10DAB00003F212EA010C6FD023F0030503F0030414
:10DAC0000F2640454D444FEAC404AF6806FA04F6F9
:10DAD00007EA0607019721D0504566D0584567D020
:10DAE000434FB8426ED0434FB84270D0424FB84215
:10DAF00063D0424FB84256D0414FB84272D0DFF89F
:10DB000014E1704568D0DFF810E1704514BF4FF0A4
:10DB10000A0E4FF0090E0EFA04F400E00024019FF3
:10DB2000A74219D1AC6824EA06064FF0B044AE60B3
:10DB3000D4F8805025EA0C05C4F88050D4F88450FD
:10DB400025EA0C05C4F88450256825EA0C052560F3
:10DB5000656825EA0C05656003255C0003F007078E
:10DB60000F2605FA04F40568BF00254306FA07F7F7
:10DB70000560DD0800EB85052E6A26EA07062E62A1
:10DB8000856825EA04058560456825EA0202426049
:10DB9000C26822EA0404C460013331FA03F284D17A
:10DBA00003B0BDE8F08F4FF0060E0EFA04F4B6E7AE
:10DBB0004FF0020E0EFA04F4B1E74FF0050E0EFA24
:10DBC00004F4ACE74FF0030E0EFA04F4A7E74FF0AD
:10DBD000040E0EFA04F4A2E74FF0080E0EFA04F455
:10DBE0009DE770474FF0070E0EFA04F497E700BF69
:10DBF000000C025800100258001402580018025875
:10DC0000001C02580004005800000258000402588A
:10DC100000080258002002580024025803691942E3
:10DC200014BF01200020704702B9090481617047C8
:10DC30002DE9F04F056885B00446284604F0A6FF9C
:10DC4000012802D005B0BDE8F08F206804F04EFF37
:10DC50000028F7D0206804F049FF10F4001F206866
:10DC600002D04FF40013436104F040FF10F4801F12
:10DC7000206802D04FF48013436104F037FF10F0A6
:10DC8000806F206802D04FF08063436104F02EFF64
:10DC900010F0020F20682FD104F028FF870000F158
:10DCA0001381206804F022FFC60100F1CF802068B4
:10DCB00004F01CFF000700F1BE80206804F016FF8E
:10DCC00010F0007F20681AD104F010FFC306B9D508
:10DCD0002568AB6923F01003AB612E6AC6F343419C
:10DCE000C6F30A17022902D1002F40F0C681AB69A2
:10DCF00043F01003AB61A5E702234361CCE704F0D6
:10DD0000B3FFD4F808E080462068BEF1000F00F0B1
:10DD1000998005F5A06500264FF0280B4FF0020A08
:10DD20004AE000F5A0694A0109EB4117BB685B07AF
:10DD30005DD50423BB60FB6843F00203FB60BB6856
:10DD4000980500F1FD80BB68DB0740F1CF802369B7
:10DD500053B101EB81003B6904EBC000C3F3120C2B
:10DD6000836CA3EB0C03C3648B004FF0010C4FF0EA
:10DD7000000E581804EBC000C0F858E080F85DC0F1
:10DD8000C7F808C090F83FE01EF0FD0F00F0648176
:10DD9000BEF1030F00F040820B4404EBC30393F881
:10DDA000502082F0010283F85020D4F808E0206867
:10DDB00001362035764545D206F00F0328FA03F3E5
:10DDC000D907F5D52B68F1B21A04AAD400F5A062E0
:10DDD0004FEA411C02EB4117BB6813F004090DD058
:10DDE0000423BB60FB6843F00203FB60E0E7BB6811
:10DDF0009B0640F1B3802023BB60A0E7BB6813F013
:10DE0000200300F0CA8001EB8103202204EBC3034E
:10DE1000BA6093F83D20012ACAD183F83D9083F877
:10DE20005CA0FB6843F00203FB6004F021FFD4F820
:10DE300008E02068BCE72046FFF70CFC20680823B8
:10DE400043613BE74FF0007343613DE72668D6F836
:10DE500040340293D6F840340393039B23F02E03FF
:10DE60000393029B980707D5029BD90700F16381B2
:10DE7000039B43F002030393029B1A0718D5039BED
:10DE800043F008030393029B5B0740F15C81A169A7
:10DE9000022900F09A81E368012B03D14EF660223B
:10DEA000C6F804242046FFF7E3FB2046FFF7D6FB25
:10DEB0002068029B9F0603D5039B43F02003039336
:10DEC000039BC6F84034F3E6D5F84034204623F0EF
:10DED0002E03C5F84034FFF7C5FB0121206804F08C
:10DEE000A1FE20684FF000534361DBE6BB68980752
:10DEF00040F18E80FB6801EB810C23F0020304EB00
:10DF0000CC0CFB608B009CF85D00012800F0B28017
:10DF1000052800F0AF80062800F0A381082800F053
:10DF2000A081032800F0DC819CF85C000246C7F861
:10DF300008A02046FFF79AFBD4F808E0206837E7EE
:10DF4000FB68206843F00203FB6004F091FE4FF48D
:10DF500000732068BB60D4F808E029E7BB681B07A2
:10DF600000F1BB80BB685B057FF5E9AEFB68019201
:10DF700043F002030091FB6004F07AFE0099102048
:10DF8000019A01EB8103B860082004EBC30383F816
:10DF90005D004FF48063BB60D1E6D7F8089019F0BC
:10DFA000400F40F0B180BB6813F4007340F02F8144
:10DFB000D7F8089019F0010F40F03F81BB6813F0CB
:10DFC000080340F06881D7F8089019F0100F00F0AE
:10DFD000C98001EB810204EBC2029365032382F83E
:10DFE0005D3092F83D303BB90BFB014393F83C2088
:10DFF00012B9012283F83D20FB6843F00203FB6065
:10E0000004F036FE10232068BB60D4F808E0CFE6A9
:10E01000BB6813F0800340F0E380BA68D20640F199
:10E02000D08001EB810004EBC00090F83F20032A70
:10E0300000F04B8112F0FD02E4D123698265002BD0
:10E04000E0D10BFB0143032283F85D20FB682068CD
:10E0500043F00203FB60D3E7FA68206842F0020253
:10E0600001930091FA6004F003FE1022DDE9001331
:10E07000BA6091E68CF85C0058E706F00F0606EBF4
:10E08000860804EBC808D8F8441000293FF42FAEE6
:10E09000284605F5A0653A4604F0A6FCD8F84430B9
:10E0A00005EB46123B441169D8F84C20C8F84430BF
:10E0B00073013A44C8F84C20BC4A0A405AB1EA58A5
:10E0C00022F0804242F00042EA5098F8503083F04B
:10E0D000010388F85030256809E6FB684FF0050C0D
:10E0E000019243F002030091FB6001EB810304EB1A
:10E0F000C30383F85DC01023BB600823BB6004F03A
:10E10000B7FDDDE900121AE601EB810204EBC20261
:10E110009365042382F85D30012382F83D30FB686B
:10E1200043F00203FB6004F0A3FD40232068BB60C2
:10E13000D4F808E03CE6B369204623F00053B3610D
:10E14000FFF78CFA94E62046FFF796FAD6F84034AB
:10E15000206823F02E03C6F84034836943F000534F
:10E160008361A6E6BB681B0600F1C880BB685B053F
:10E1700000F1D780BB689B077FF51AAEFB680BFBED
:10E18000014023F00203FB6090F85D30012B00F0AA
:10E19000E180032B00F0DB80042B00F0D880052BFE
:10E1A00000F0FC80062B00F0E480082B00F0E180FA
:10E1B0000BFB01432046C7F808A093F85C20FFF74B
:10E1C00055FAD4F808E02068F2E5029B206803F4D1
:10E1D000C023B3F5802F18BF012104F023FD61E6B1
:10E1E000FB6801EB810243F0020304EBC202FB6017
:10E1F000936D01339365062382F85D30206804F047
:10E2000037FD80232068BB60D4F808E0D0E5FB68C8
:10E2100043F00203FB6098E652F80970019347F05F
:10E220000057009142F80970624680F85CC02046B1
:10E23000FFF71CFADDE90013AEE5FA6801EB81098E
:10E2400042F0020204EBC909C9F85830FA6004F040
:10E250000FFD0123BB6089F85D30D4F808E0206829
:10E26000A6E503EB010C04EBCC0CDCF85800013004
:10E27000032825D8CCF8580002200B4404EBC30334
:10E2800083F85C0052F8093023F0804343F00043E8
:10E2900042F809304AE608230091BB60FB6843F06E
:10E2A0000203FB6004F0E4FC0099052201EB81010C
:10E2B00004EBC10383F85D20D4F808E0206877E51B
:10E2C0000020CCF858000420D7E7FA680BFB014087
:10E2D00042F0020283652068FA6004F0C9FC91E60E
:10E2E0000BFB0143022083F85CA052F8093023F0B5
:10E2F000804343F0004342F8093017E6FB68009181
:10E3000043F00203FB6004F0B3FC009906230BFB0F
:10E31000014181F85D3080232068BB60D4F808E0BB
:10E3200046E5FB68009143F00203FB6004F0A0FCAB
:10E3300010230099BB604FF480630BFB0141BB606D
:10E34000082381F85D30D4F808E0206830E580F8D3
:10E350005CA02DE780F85C3090F83F30023B012B49
:10E360003FF626AF90F8513083F0010380F851302A
:10E370001EE70BFB0140836D0133032B11D883652E
:10E3800002230BFB014080F85C3052F80C3023F084
:10E39000804343F0004342F80C3009E780F85C30DA
:10E3A00006E7002383650423EBE700BF0000F81FA6
:10E3B00090F8B832012B0CD0012310B50446006848
:10E3C00084F8B83204F0B4FC0023184684F8B8325C
:10E3D00010BD0220704700BFF8B505460E4617462F
:10E3E000701C2C682CD1A369990727D4A369DA067D
:10E3F000F9D5A3699A06FCD520231022E261E361D6
:10E40000A3699F0701D50023A362A369DE0703D494
:10E41000A36943F00103A361636800221B48202124
:10E420000340012063606B6C85F8402043F00403D7
:10E430006B6485F8411085F84220F8BD0020F8BDD6
:10E44000A3699B07FAD4A369D9061BD4F6F7C8FEC3
:10E45000C01BB04201D8002EC2D16B6C202100221B
:10E4600001200B4385F840206B6485F8411085F846
:10E470004220F8BDF6F7B4FEC01B8642EDD3002E55
:10E48000EBD02C68A3699B06F4D5B5E700E800FE45
:10E49000F8B505460E4617462C68A3699B0649D475
:10E4A000A369DA0626D5731C38D1A3699E06FCD56C
:10E4B00020231022E261E361A369990701D50023BB
:10E4C000A362A369DA0703D4A36943F00103A3613C
:10E4D00063680022184820210340012063606B6CB0
:10E4E00085F8402043F004036B6485F8411085F8FB
:10E4F0004220F8BDF6F774FEC01BB04201D8002ED2
:10E50000CAD16B6C2021002201200B4385F84020EA
:10E510006B6485F8411085F84220F8BDA369980620
:10E52000C6D4F6F75DFEC01B8642EAD3002EE8D0C3
:10E530002C68B8E70020F8BD00E800FE00284ED0A7
:10E5400010B590F84130044603F0FF02002B41D093
:10E5500023682421626884F84110196822F07062EF
:10E56000E06821F00101012819601A619A6822F41B
:10E5700000429A60A26829D042F4044202289A60BC
:10E5800002D14FF400625A6058684FF0200C1549D0
:10E59000226901435960D96821F40041D960D4E966
:10E5A0000501024342EA0122D4E90710DA600022A1
:10E5B000014310461960196841F001011960626455
:10E5C00084F841C0226384F8422010BD42F4004226
:10E5D0009A60D9E780F84020FCF72CFCB8E70120CE
:10E5E000704700BF008000022DE9F047984690F880
:10E5F0004130089E202B40F0878090F84030044640
:10E60000012B00F0818001238946174680F84030B5
:10E61000F6F7E6FD054604E0F6F7E2FD401B192893
:10E6200075D82368986910F40040F5D121226762FB
:10E630006063C9F3090784F84120102284F842205E
:10E640006064A4F82A80628D92B2FF2A6DD8628D30
:10E65000494892B2D1B222855A6802403A4342EA0E
:10E660000142464911435960DFF81C814FF0FF0A0F
:10E67000DFF81891638D2A46314620469BB2002B65
:10E6800030D0FFF7A9FE002873D1606A216810F826
:10E69000012B238D8A62628D013B6062013A9BB23D
:10E6A00092B223856285628D92B2002BE2D1002A5C
:10E6B000E0D0701C43D18B691A06FCD5638D9BB2E8
:10E6C000FF2B48D94B682A46A4F828A0204603EA25
:10E6D00008033B4343EA09034B603146638D9BB219
:10E6E000002BCED1FFF7D4FE002842D12368202191
:10E6F000234DD9615A682A405A6084F8411084F841
:10E70000400084F8420000E00220BDE8F087636C1E
:10E710002021002201200B4384F84020636484F808
:10E72000411084F84220BDE8F0875A6812490A4037
:10E7300014493A431143FF222285596094E78B69BB
:10E740001B06BBD4F6F74CFD401B8642DFD3002EE0
:10E75000DDD02168ADE7638D9BB2DAB223854B68CB
:10E7600003EA080343EA02433B4343F000734B6070
:10E7700080E70120BDE8F087009800FC00200082BF
:10E7800000E800FE0020FF81009C00FC0000FF016B
:10E790002DE9F0471F4690F84130202B40F08E8045
:10E7A00004460D46002900F08380B2FA82F916462D
:10E7B0004FEA5919002A7BD05FFA83FA90F840306B
:10E7C000012B7BD0012380F84030F6F709FD21238F
:10E7D00065628046256884F8413084F842A0C4F818
:10E7E000449066856B68C4F8349023F400436B60F2
:10E7F0007B1C66D1AE693607FCD50823EB61E36864
:10E80000022B06D0AE69F60328D4AE69F603F9D51B
:10E8100024E0AB691907FCD50823EB617B1CF1D020
:10E82000AB69DD031AD4F6F7DBFCA0EB08008742E6
:10E8300053D3002F51D02568F0E742463946204691
:10E84000FFF7CAFD00285BD1636A226813F8011B39
:10E850009162658D6362013DADB26585638D9BB24A
:10E86000002BEAD1424639462046FFF711FE002828
:10E870004DD02268536843F400435360636C042B0B
:10E8800054D1002363642023D361781C41D1936960
:10E890001904FCD451680023202041F40041516048
:10E8A00084F84100184684F8423084F8403003E090
:10E8B0004FF4007301206364BDE8F0870220BDE8D7
:10E8C000F087AB69180733D4F6F78AFCA0EB080091
:10E8D000874202D30FB125688AE7636C20200021AC
:10E8E0002268034384F84010636484F841000120E7
:10E8F00084F84210536843F400435360BDE8F08746
:10E9000022680120536843F400435360D4E722682F
:10E91000B9E793691B04BDD5F6F762FCA0EB0800CC
:10E920008742DAD3002FD8D02268AEE70120C3E7B0
:10E930000823EB61E368022B7FF470AF08E0F6F781
:10E940004FFCA0EB08008742C7D3002FC5D0256835
:10E95000AB691A07F3D55FE70268436B91691268E8
:10E9600003B11847704700BF90F84100704700BFDF
:10E9700090F84120202A23D15FFA82FC90F84020B1
:10E980000346012A1CD00268242000B583F8410008
:10E990004FF0000E106820F001001060106820F4A5
:10E9A000805010601068014370461160116841F09A
:10E9B0000101116083F841C083F840E05DF804FB79
:10E9C0000220704790F84120202A22D1034600B54A
:10E9D0005FFA82FE90F84020012A1CD002682420B1
:10E9E0004FF0000C83F84100106820F00100106027
:10E9F000106820F4706040EA0121604611601168DF
:10EA000041F00101116083F841E083F840C05DF8F6
:10EA100004FB0220704702205DF804FB2DE9F04F53
:10EA2000076889B00446384604F0B0F810B109B060
:10EA3000BDE8F08F8246206804F058F80028F6D030
:10EA4000206804F053F810F0020F206803D04369E7
:10EA500003F00203436104F049F810F4002B20682E
:10EA600040F0508104F042F810F4802F206840F00C
:10EA7000EB8004F03BF8002874DB206804F036F8E3
:10EA8000000564D4206804F031F8020114D522682E
:10EA9000536903F00063536194F8F433002B40F0A2
:10EAA00095810121204684F8F413536DC3F3830349
:10EAB000C4F8F83300F024FC206804F017F8C3040D
:10EAC0007BD4206804F012F810F4005F20685DD158
:10EAD00004F00CF810F0100F206812D0836923F0B6
:10EAE000100383613D6AC5F3434305F00F06022B13
:10EAF00000F03182062B00F07F81836943F0100320
:10EB0000836103F0F3FF070700F15781206803F0EA
:10EB1000EDFFC60200F14681206803F0E7FF8502A1
:10EB200000F13581206803F0E1FF400000F126810B
:10EB3000206803F0DBFF41077FF579AF23685D684C
:10EB40006A0700F129825A682A435A606FE7D7F8AA
:10EB50000838D90700F11C822068436903F4006378
:10EB6000436190E7D7F8043823F00103C7F804386D
:10EB700094F8F433012B00F038812046FEF7EAFCCC
:10EB80002068436903F00043436177E704F002F82B
:10EB9000206803F0E7FC2568E060F8F79FFF227B20
:10EBA0000146284603F042FC2046FEF7A9FC2068F7
:10EBB000436903F4005343618AE7D7F8043810210E
:10EBC000206807F5006523F001036B6003F0B0FCDB
:10EBD0006068B0B107F510634FF67F3199600AF1B4
:10EBE000010A1A682033824522F4001243F8202CCF
:10EBF000C3F8E811D3F8E02122F40012C3F8E021B1
:10EC0000ECD1EB6943F00113EB61236B002B40F077
:10EC1000E1806A6942F22B0313436B612B6943F075
:10EC20000B032B61D7F8003804F57172217C23F4B3
:10EC3000FE632068C7F8003803F0C8FF2068436906
:10EC400003F4805343613DE703F068FF804620688A
:10EC5000B8F1000F00F0E580264607F510694FF087
:10EC6000000BCDE9037A09E05FEA58080BF1010BCC
:10EC700006F11C0609F1200900F0D58018F0010FFB
:10EC8000F2D05FFA8BF7394603F064FFC3070546FD
:10EC90001FD50BF00F03039901229A40D1F83438A5
:10ECA00023EA0203C1F834380123C9F80830236984
:10ECB000012B03D1D6E911231344B364394620460E
:10ECC000FEF710FC2369012B03D1BBF1000F00F00C
:10ECD000AC81280702D50823C9F80830E90602D517
:10ECE0001023C9F808306A0602D54023C9F8083055
:10ECF000AB0702D50223C9F808302D0600F1C68003
:10ED00002068B1E703F0FCFE05462068002D00F006
:10ED1000868007F53066A1464FF0000B049707E0A8
:10ED20006D080BF1010B06F1200609F11C097DD0DD
:10ED3000EB07F5D55FFA8BF1039103F0FDFE10F0C0
:10ED4000010F8046039973D118F0080F40F0F2804C
:10ED5000206818F0100F01D01023B36018F0200FB6
:10ED600005D02169012900F05A812023B36018F4ED
:10ED7000005FD5D04FF40053B360D1E72046FEF7D3
:10ED8000F5FB2068436903F080434361D1E62046E8
:10ED90005FFA8BF1FEF7E2FB2068436903F400138E
:10EDA0004361C0E620465FFA8BF1FEF7DBFB20688B
:10EDB000436903F480134361AFE62046FEF79CFBF2
:10EDC0002068436903F008034361A0E62046FEF78C
:10EDD000A9FB71E6D5F8843043F00B03C5F8843005
:10EDE0006B6C43F00B036B641CE70021204684F836
:10EDF000F41300F085FAC3E6C6EBC606082204F554
:10EE00007171384603F0F0FDC5F30A1304EB860276
:10EE10002068D2F814120B44C2F814326DE6AB46E7
:10EE200020E6C34625E6DDE9037A22E6049F19E6DB
:10EE3000206801232769B36000F53063012FD0F803
:10EE400040E003EB4B139A6800F0C580984FBE4535
:10EE500040F0BD80170440F1B6804FF4004218F036
:10EE6000080F9A603FF475AF026C986890498A4227
:10EE700000F0978020460392FEF724FB8D4B039A07
:10EE80009A4200F296800823B36061E7D6E91453F2
:10EE9000D4F800A0AB4250463FF6E6AE0AF5106249
:10EEA000716CCDF81CA002EB4B120592EA1A8A4253
:10EEB00028BF0A4605998969033289B2B1EB920FDE
:10EEC000C0F0A980CDF81890C146A046059C1AE074
:10EED000736C3A46B16C50469D4228BF1D4698F867
:10EEE00010300093ABB203F069FDB36CA1692B4401
:10EEF00089B2B364736D2B440335B1EB950F736521
:10EF0000C0F08180356D9D42A5EB0305E0D84446F5
:10EF1000C846DDF81890D4F800A0079B012250469F
:10EF200003F500610BF00F039A404B6B23EA0203D9
:10EF30004B6399E62268216902F53063126C01295E
:10EF400003EB4B13986891D15A498A4229D820463D
:10EF5000FEF7B8FA97E747F6F0731D423FF4CDADE0
:10EF6000C6EBC606C5F30A12384604EB86061546FC
:10EF7000D6F8081203F038FDD6F8083220682B4482
:10EF8000C6F80832D6F814322B44C6F81432B4E569
:10EF90002046FEF7C7FADFE52046FEF7EBFA2368C6
:10EFA000D1E5020402D54FF400429A602046FEF7F4
:10EFB00089FA216901297FF466AF04F5717220682E
:10EFC00003F004FE5FE7900601D520229A602046F8
:10EFD000FEF77EFAB8E6170732D536498E4504D9D2
:10EFE000120402D54FF400429A6020460393FEF7C4
:10EFF00069FA04F571720121206803F0E7FD082227
:10F00000039B9A60A0E64446356DC846DDF818902B
:10F01000D4F800A050469D423FF626AE7DE704F5A9
:10F02000717203F0D3FD20689FE6236D002B7FF4FF
:10F0300050AE04F571720121206803F0C7FD48E667
:10F04000970608D520229A6018F0080F3FF481AE89
:10F05000026C986878E712F0280FF5D1154FBE457D
:10F0600005D9120403D54FF400429A60ECE71B69FE
:10F070002046D9F80422C3F31203D31AC9F8143274
:10F08000D9F808321344C9F80832FEF721FABBF167
:10F09000000F7FF459AED4F81032002B7FF454AE39
:10F0A00004F571720121206803F090FD4CE600BF69
:10F0B0000A31544F0A30544F90F8BC23012A0ED025
:10F0C000012210B50446006884F8381084F8BC2387
:10F0D00003F0FAFC0023184684F8BC3310BD02206C
:10F0E000704700BF10B501F00F0E0906044627D483
:10F0F0004FF01C0C0CFB0E0C0CF5FE71CEEBCE0C85
:10F1000000EB8C0C00208CF8FD018A604A7881F8B5
:10F1100000E0CB700AB1A1F806E0022B01D1002378
:10F120000B7194F8BC33012B18D00123206884F8AC
:10F13000BC3303F029FA0023184684F8BC3310BD11
:10F140001C204FF0010C00FB0E4000F13C01CEEB07
:10F15000CE0004EB800080F83DC0D6E7022010BD51
:10F1600010B501F00F041C21C4EBC40C01FB040119
:10F1700000EB8C0C01F5FE71CCF810320023CCF8BA
:10F1800008228CF8FC41CCF814328CF8FD3103696C
:10F190000068012B08BFCCF80C22DAB21CB903F0CE
:10F1A00053FB002010BD03F037FA002010BD00BF54
:10F1B00010B501F00F041C21C4EBC40C01FB0401C9
:10F1C00000EB8C0C3C31CCF850300023CCF84820BC
:10F1D000CCF8543001238CF83C408CF83D30036966
:10F1E0000068012B08BFCCF84C20DAB21CB903F040
:10F1F0002BFB002010BD03F00FFA002010BD00BF54
:10F2000038B5436801F00F059D4234D80B0604461B
:10F210001DD41C22C1EBC10302FB010100EB8303DF
:10F22000002201F5FE7183F8FD2101230D708B7022
:10F2300094F8BC239A421CD0206884F8BC3303F0B5
:10F24000E3FBD5B10023184684F8BC3338BD1C213C
:10F25000C5EBC503012201FB050100EB83033C3133
:10F2600083F83D2001230D708B7094F8BC239A42E3
:10F27000E2D1022038BD012038BD04F57172217C35
:10F28000206803F0A3FCDDE7426838B501F00F0306
:10F29000934232D811F0800F04464FF01C01C3EBAB
:10F2A000C30219D101FB0341002004EB82020025B7
:10F2B00001F5FE7182F8FD010B708D7094F8BC337E
:10F2C000012B18D00123206884F8BC3303F0D0FB55
:10F2D000284684F8BC5338BD01FB0341012004EBF0
:10F2E000820200253C3182F83D000B708D7094F84D
:10F2F000BC33012BE6D1022038BD012038BD00BF50
:10F30000704700BF38B5114BDA68520704D4DB6888
:10F3100003F00703834214D10C4CE36823F0070386
:10F320001843E060F5F75CFF054605E0F5F758FF88
:10F33000401BB0F57A7F06D863689B04F6D50020A1
:10F3400038BD012038BD032038BD00BF0048025839
:10F35000024AD36843F08073D36070470048025874
:10F3600070B44D6A15B1B2F1406F3AD18B691BB3DD
:10F370000C6A002C4CD08E680068C661CE69002EE5
:10F3800069D02B4313432343CC6A334323430C6B91
:10F3900023434C6B23430C692343CC6823430C6801
:10F3A00023434C69B2F1406F43EA8443436165D023
:10F3B0004B6870BC836170470B6ABBB100682B431C
:10F3C0008C68CE69C461002E6BD01343CC6A334382
:10F3D00023430C6B23434C6B23430C692343CC68BE
:10F3E000DEE78B6A0468013B2361BFE7CB69002B32
:10F3F00066D1002D42D0CB6A0C6B2B4300681343BF
:10F400004A6923434C6B234343EA8243436135E01B
:10F41000CC6945EA030C002C32D003684CEA0200A8
:10F42000B2F1406F40EA0400CC6A40EA04000C6B81
:10F4300040EA04004C6B40EA0400CC6840EA040057
:10F440000C6840EA04004C6940EA8440586115D0D9
:10F450004A689A6112E045EA030C0D694CEA02031E
:10F46000CA6A23431343D1E90C4223430C68134374
:10F470004A692B43234343EA8243436170BC70478C
:10F48000CC6A4CEA020300682343D1E90C422343CF
:10F490000C6813434A69234343EA824370BC4361C7
:10F4A0007047CC6A13432343D1E90C4223431343EF
:10F4B000D1E90442234343EA824370BC436170476D
:10F4C0002B43CD6A0C6B134300682B4323434C6BD7
:10F4D00084E700BF70B50446F5F782FE002C54D0D7
:10F4E00094F84030012B52D00123064684F8403076
:10F4F00094F8413003F0FF02002B34D0A56C226851
:10F50000A1681368013923F4706343EA012313608F
:10F5100001E06B1C31D1936813F02003F9D1E0694D
:10F52000E16815680143206A0143606841EA0061AF
:10F530001C482840014360691160A1695568014376
:10F54000206941EA00411848284001250143184636
:10F550005160116829431160636484F841500023AD
:10F5600084F8403070BD204684F84020FCF7B8F89D
:10F5700041F288331D46A364C1E7F5F731FE801BD5
:10F58000A84206D82DB12268C5E7012070BD02202F
:10F5900070BD0423012084F84130636C034363642D
:10F5A000DDE700BF2FFFFF00FEF8E0FFC8B110B598
:10F5B00090F840300446012B11D00268012380F8F6
:10F5C0004030136823F001031360FCF717F90023A0
:10F5D0006364184684F8413084F8403010BD02203E
:10F5E00010BD0120704700BF2DE9F04104460E46D2
:10F5F0001546F5F7F5FD94F84030012B3AD001237C
:10F6000084F8403094F84130012BDFB206D0022755
:10F610000023384684F84030BDE8F081002380465E
:10F620006364022384F84130681C23680ED19A6811
:10F6300012F02002FBD131462046FFF791FE736A9B
:10F64000E3B10123002784F84130E1E79A6812F022
:10F6500020021ED0F5F7C4FDA0EB0800854201D3BF
:10F66000002DE1D1042384F84130636C43F00103A1
:10F670006364CDE702273846BDE8F08122689368CD
:10F680009B07FCD5022101230027D16084F841307B
:10F69000BEE731462046FFF763FE736A43B1D0E709
:10F6A000F5F79EFDA0EB08008542DBD3002DD9D0F5
:10F6B000226893689907F3D5E4E700BF2DE9F84382
:10F6C000044689461546F5F78BFD94F840302768C7
:10F6D000012B67D0012384F8403094F84130012B8E
:10F6E0005FFA83F807D04FF002080023404684F801
:10F6F0004030BDE8F88300236364B9F1000F56D0B1
:10F700001223064684F841303B690133E3623B69CA
:10F71000C4F824900133A3627B6923F040637B61CA
:10F72000E36A002B31D06A1C394611D18B685B0724
:10F73000FCD5636A1B7887F82030E26A636A013A75
:10F740000133E262E26A6362F2B16A1C2168EDD0C1
:10F750008B685807EDD4F5F743FD801B854201D334
:10F76000002DF2D1042384F84130636C43F001038F
:10F77000636413E0BB689B070CD4F5F731FD801B75
:10F780008542EFD3002DEDD02768691CF2D1BB680C
:10F790009A07FCD502234FF00008FB60012384F890
:10F7A0004130A2E74FF002084046BDE8F883636CA1
:10F7B00043F00803636498E72DE9F84304461546CF
:10F7C0008946F5F70DFD2768BA6994F84030012B9A
:10F7D0006CD0012384F8403094F84130012B5FFA5B
:10F7E00083F807D04FF002080023404684F84030E9
:10F7F000BDE8F88300236364B9F1000F5BD02223D6
:10F80000064684F841303B690133A3633B69C4F881
:10F810003090013363637B6923F0406343F080637E
:10F820007B61BA61A36B002B33D0681C394612D1BF
:10F830008B6813F0060FFBD097F82020236B1A700B
:10F84000A26B236B013A0133A263A26B2363FAB16B
:10F85000681C2168ECD08B6813F0060FECD1F5F72B
:10F86000BFFC801B854201D3002DF1D1042384F815
:10F870004130636C43F00103636413E0BB689B0792
:10F880000CD4F5F7ADFC801B8542EFD3002DEDD0F5
:10F890002768691CF2D1BB689A07FCD502234FF098
:10F8A0000008FB60012384F841309DE74FF0020817
:10F8B0004046BDE8F883636C43F00803636493E754
:10F8C0002DE9F84F04461F4689469046F5F788FC17
:10F8D00094F84030012B52D0012384F8403094F842
:10F8E0004130012B5FFA83FB07D04FF0020B00235E
:10F8F000584684F84030BDE8F88F002382466364A0
:10F90000422384F841307A1C26682CD1B568AB06B6
:10F91000FCD4D8F8003049462046B362D8F8043009
:10F920007362D8F80830F3623268D8F8103022F4E5
:10F9300040021343D8F80C2043F480033360C9F825
:10F9400028204FF00062FFF70BFD781C22681BD1C6
:10F9500093681907FCD5082101234FF0000BD160F3
:10F9600084F84130C3E7B3689D06D2D5F5F738FC7B
:10F97000A0EB0A00874212D3002FC4D10FE04FF052
:10F98000020B5846BDE8F88F93681B07E3D4F5F7E0
:10F9900027FCA0EB0A00874201D3002FD5D1042316
:10F9A00084F84130636C43F0010363649FE700BF58
:10F9B0002DE9F04704460F461646F5F711FC94F87A
:10F9C0004030012B45D0012384F8403094F8413079
:10F9D000012B5FFA83F907D04FF002090023484654
:10F9E00084F84030BDE8F08700238046D4F848A072
:10F9F0006364822384F84130BAF1FF3F256814D153
:10FA0000AB689A06FCD42B68726823F00803082AB6
:10FA100043EA02032B6021D04FF040623946204672
:10FA20004FF00009FFF79CFCD8E7AB689B06EAD5CE
:10FA3000F5F7D6FBA0EB0800824502D3BAF1000F20
:10FA4000DAD1042384F84130636C43F0010363642A
:10FA5000C4E74FF002094846BDE8F087326810233A
:10FA60002A63EB602B6843F480132B60D4E700BF5C
:10FA7000704700BF08B5006C00238363C36290F831
:10FA80004130082B0BD103680222DA601A6842F475
:10FA900000321A601A6842F002021A6008BD01239F
:10FAA00080F84130FFF7E4FF08BD00BF704700BF9A
:10FAB000704700BF704700BF704700BF704700BF6E
:10FAC000704700BF704700BF38B5036804469A68A6
:10FAD000196855070ED548030CD594F84120122A11
:10FAE00075D094F84120222A00F0A1802046FFF72B
:10FAF000E5FF38BD950726D5880324D50222DA60B4
:10FB00001A6822F4E0221A6094F84120122A7AD06E
:10FB100094F84120222A00F0A98094F84120022A7A
:10FB200000F0D08094F84120082AE2D15A690121DE
:10FB3000204622F040625A6184F84110636C3BBB5E
:10FB4000FFF7B4FF38BD150725D4D50735D5C80351
:10FB500033D50125DD601A6822F470221A60626CC8
:10FB600042F0020262641A68520779D51A68E06BA3
:10FB700022F004021A60574B836504F0FFFE002850
:10FB8000B7D0636C204643F00403636484F84150AB
:10FB9000FFF76EFF38BD0803D7D50822DA601A6870
:10FBA000520206D51A68012122F410221A6084F844
:10FBB00041102046FFF784FF38BDD00699D5CA0210
:10FBC00097D510222046DA60FFF77CFF38BD9A688F
:10FBD00050078BD518460EE0626A127883F8202011
:10FBE000E16A20680139626AE16201328168626219
:10FBF0004D077FF57BAFE26A002AEDD1036823F45D
:10FC00008023036072E71A68510709D51A68E16B0F
:10FC100022F0040209681A60CB6823F00103CB606C
:10FC20000123204684F84130FFF746FF38BD9A682B
:10FC300052077FF55BAF18460EE093F82010226B59
:10FC40001170A16B20680139226BA16301328168B8
:10FC5000226349077FF54AAFA26B002AEDD1CDE7B9
:10FC6000204684F84150FFF703FF38BD1A68520759
:10FC70001DD49A6812F47C5F0FD111E093F8201024
:10FC8000226B1170A16B20680139226BA1630132D4
:10FC90008168226311F47C5F02D0A26B002AEDD14F
:10FCA0000123204684F84130FFF704FF38BD1A686D
:10FCB000E16B22F0040209681A60CB6823F00103AB
:10FCC000CB60EDE70123204684F84130FFF7F0FEDA
:10FCD00038BD00BF75FA0008F8B501680546AC4BA1
:10FCE00099421FD0203399421CD003F57873994272
:10FCF00058D02033994255D003F57873994200F0DB
:10FD00001E812033994200F01A8195F89130A14E5E
:10FD100003F0FF026BB9284685F89020FBF756FEEA
:10FD2000296806E09C4E95F8913003F0FF02002B05
:10FD3000F1D09A4B9A4A1B68A2FB03230A681B0B5B
:10FD400022F480329B000A6023B30C68013B14F458
:10FD50008034F9D1022385F89130EB68012B00F053
:10FD60001081022B15BF032023200227222715BF55
:10FD70004FF0010C4FF0210C00222022AB68013B18
:10FD8000042B00F24B81DFE813F0CF001000D60007
:10FD90000F00D200D5F89430012043F04003C5F89D
:10FDA0009430F8BD7F4EBEE73A464FF400672B6AA9
:10FDB0003260002B44D0764B994200F01E817A4885
:10FDC000081AB0FA80F04009002840F01681774BFD
:10FDD000994200F00C812033994200F00881744B65
:10FDE000994200F0FE802033994200F0FA80714B76
:10FDF000994200F00881704B994200F00A81AB698A
:10FE000000EB8000B3F5002F4FEA400300F0E280E2
:10FE1000AA6A296AB2F1806F0CBF0222012201FB9B
:10FE200002F21202B3FBF2F3644AA2FB0312D208FD
:10FE300002EB8201A3EB4103092B08BF01326A6286
:10FE40006B6833F002032B6D40F09680012B14BFDA
:10FE50004FF400740024F5F7DBF9696CB0F5005F2E
:10FE6000D5E9003242EA0102A96C42EA0102E96CDA
:10FE700042EA0102E96A42EA0102696942EA0102D0
:10FE800072D3A96918680A43A96A0A434C49014018
:10FE9000196029690A4319680A43696A42EA0152EA
:10FEA00048493A4322431A605A68286B1140EA696C
:10FEB0000243686B5960024359680A4342495A60D9
:10FEC0009A6811406A6E9960E96D98680A43296ED4
:10FED0000A43696D01390A43A96D013942EA0122D9
:10FEE00002434FF220009A60D968AA6E0140D9609F
:10FEF000E96ED8680A43696F42EA0142296F013905
:10FF000042EA0122224902438B42DA6019D0294A8F
:10FF1000934216D000230122C5F89430184685F884
:10FF2000903085F89120F8BD4FF480673FE7024696
:10FF30004FF400673BE762464FF4006737E7234E14
:10FF4000F1E6736C23F00103736495F83830012BEC
:10FF5000E0D1D5E90F23013A43EA02137364736CCD
:10FF600043F001037364D5E7A96918680A43184987
:10FF700001401960A96A8DE7012B08BF4FF4007496
:10FF800069E7132012274FF0110C1022F6E600BF8C
:10FF90000458014000540058005801405002002409
:10FFA0001BECCB95005C014024580140045C0140EF
:10FFB000046001400454005824540058CDCCCCCCEB
:10FFC00010C005F0F01FFFFF0080F8FF0060014047
:10FFD00010C005F82A6A696D01FB02F2B3FBF2F367
:10FFE00022E74FF40070F8F745FE2968FFE64FF46A
:10FFF0000070F8F73FFE2968F1E64FF48070F8F7DB
:020000040801F1
:1000000039FE2968E3E64FF48060F8F733FE29688B
:10001000F1E64FF40060F8F72DFEF0E60027C6E6A3
:10002000022938B5044635D9C81E012830D8002029
:1000300023676064E064E065A0664FF6FF70606768
:10004000606830F002000CBF0125002504294FF440
:10005000003125650CBF01200D2021664FF4802161
:10006000A0656166032A13D8DFE802F0474E5436D4
:100070002368484A934205D002F1C052A2F5823269
:10008000934205D16368012B02D1636C002B2FD002
:10009000012038BD002023676064E064A0666068CA
:1000A00030F0020014BF0120002020654FF48030A2
:1000B000E0654FF6FF70606713F00100E8D14D1E58
:1000C000012D29D860664FF400302066032ADFD85E
:1000D000DFE802F05546362CE0215B018022A16466
:1000E0006365E266F5F794F894F83830012BBFD0D9
:1000F0002046BDE83840FFF7EFBD80211B014022BC
:10010000A1646365E266EDE780225B01A26463653A
:10011000E266E7E7C021E0E720664FF480206066F2
:10012000032AB5D8DFE802F02B1C0C025B08E020A4
:1001300080219A01A0645B01E166C4E91523D1E73F
:100140005B08C022802502294FEA8310A2644FEA8F
:100150004313E5666065A365C4D10823A366C1E7C0
:100160005B08802202294FEA8310A2644FEA4313FE
:10017000E266C4E91503B5D11023A366B2E75B08B4
:10018000802040215A01A0641B01E166C4E91523C7
:10019000A8E700BF045801402DE9F8430F46044684
:1001A0001546F5F71DF8002F61D0B5FA85F84FEA2E
:1001B0005818002D5BD094F89130012B5FFA83F929
:1001C00050D194F89030012B4CD04346C4F8948021
:1001D0000646D4F8800065F30F03226884F89090F7
:1001E000394665F31F43A7671C32E3672B46122588
:1001F00084F891502E4DC0F8508005642D4DC56394
:100200002D4DC564F6F716FB00283ED1636C082B14
:10021000636831D005216122023B012B98BF114652
:10022000226813690B431361136843F400331360AE
:1002300006E0F4F7D5FF831BB3F57A7F2AD822684E
:10024000556915F4E025F4D01368DB0303D4136873
:1002500043F4803313600023994684F89030484675
:10026000BDE8F8834FF002094846BDE8F8834FF037
:1002700001094846BDE8F88323F00202012A0BBFBA
:100280001521052171226122C6E7484684F8908035
:10029000BDE8F883D4F894304FF0030984F8905007
:1002A00043F040034846C4F89430BDE8F88300BFEB
:1002B000F90301089103010879040108F8B5002940
:1002C0004ED0B2FA82F513466D09002A48D090F854
:1002D00091200446012AD6B23FD190F89020012AFD
:1002E0003BD081670A462946222780F8906063F355
:1002F0000F01C0F8945063F31F41C167D0F8840028
:1003000084F891701E4F216807641E4F1C310565EB
:10031000C7631D4FC764F6F78DFA20BB23681A68C0
:10032000D20303D41A6842F480321A60626C082A3D
:1003300062681CD005216120023A012A98BF01465B
:100340001A6900200A4306461A611A6842F400320C
:100350001A6084F890003046F8BD02263046F8BD99
:1003600001263046F8BD304684F89050F8BD22F0A2
:10037000020101290BBF1521052171206120DBE756
:10038000690401080504010879040108704700BFE9
:1003900008B5C369806BB3F5807F1BD003684FF04D
:1003A000000C416C1A680829A0F87EC022F40032C3
:1003B0001A60426811D06FF0610C6FF00501023ACB
:1003C000012A98BF61461A694FF0010C0A401A6170
:1003D00080F891C0FFF7DAFF08BD22F00201012981
:1003E0000BBF6FF0710C6FF0610C6FF015016FF0C7
:1003F0000501E4E7704700BF806B08B5FFF7FAFF1F
:1004000008BD00BF08B5C369806BB3F5807F1BD002
:1004100003684FF0000C416C1A68082922F400327E
:100420001A604268A0F87EC011D06FF0610C6FF0C6
:100430000501023A012A98BF61461A694FF0010C82
:100440000A401A6180F891C0FBF7C6FB08BD22F094
:10045000020101290BBF6FF0710C6FF0610C6FF09E
:1004600015016FF00501E4E7806B08B5FBF778FB39
:1004700008BD00BF704700BF10B5846BF6F7E4FEFF
:10048000022823D0D4F89420216842F08002134B34
:100490001348C4F894201B680A68A0FB030322F4E5
:1004A00000321B0B0A600A689B0022F480320A604B
:1004B0006BB10A68013BD203FAD401220023204623
:1004C00084F89120A4F87E30FFF7D4FF10BDD4F853
:1004D000943043F04003C4F89430EEE75002002417
:1004E0001BECCB9518B338B590F82C3004460D466C
:1004F00003F0FF02B3B12146022384F82C3051F8F7
:10050000040B01F0E7FE62682946206801F020FF35
:10051000084A01210020136843F00043136084F867
:100520002C1038BD80F82D20F8F7B6FFE3E7012046
:10053000704700BF0040005270B590F82C30044660
:10054000022BD8B204D000F0FB06012E01D001200E
:1005500070BD02230D46206884F82C3001F044FF62
:100560002B68022B03D0002084F82C6070BD05237B
:10057000002084F82C3070BD38B590F82C3004463B
:10058000022BD8B205D094F82C30012BDDB201D06B
:10059000012038BD0223206884F82C3001F038FF98
:1005A000002084F82C5038BD2DE9F8431E46D0F8C1
:1005B0008030202B71D18946002947D0B2FA82F7CA
:1005C00014467F09002A41D090F87C300546012B63
:1005D00063D00123C0F8887080F87C302123C0F8F4
:1005E0008030F4F7FDFDAB688046A5F85440B3F5C4
:1005F000805FA5F8564060D0B5F856309BB2002B0E
:1006000059D02C68721C24D1E2691306FCD5B9F1CB
:10061000000F3DD019F8013BA362B5F85630013BFD
:100620009BB2A5F85630B5F856309BB2002BE9D1F5
:10063000711C35D1E3695A06FCD5002320221846E7
:10064000C5F8802085F87C30BDE8F8830120BDE83E
:10065000F883E3691806DAD4F4F7C2FDA0EB0800CA
:10066000864201D3002ECCD12B6820210024032008
:100670001A6822F4D0721A609A6822F001029A6015
:10068000C5F8801085F87C40C5F88410BDE8F88373
:1006900037F8023BC3F30803BEE70220BDE8F88346
:1006A000E3695B06C9D4F4F79BFDA0EB0800864222
:1006B000DAD3002ED8D02C68BAE72B69002B9BD157
:1006C0004F46994698E700BFF8B5D0F88070202FC4
:1006D00044D1002940D0B2FA82F67609002A3BD0F4
:1006E000044690F87C00012838D001252123606F52
:1006F000A4F856202165C4F88860A4F8542084F832
:100700007C50C4F88030D8B1DFF854C0134622685A
:10071000C0F83CC0DFF84CC028320665C0F840C0C5
:10072000DFF844C0C0F84CC0F6F784F840B110239D
:10073000284684F87C60C4F88830C4F88070F8BD1E
:100740002368002240211046196284F87C209A68B0
:1007500042F080029A60F8BD0120F8BD0220F8BD89
:10076000190801084908010899080108F8B5D0F8E6
:100770008470202F48D1002944D0B2FA82F676093D
:10078000002A3FD090F87C300446012B3CD0012554
:100790002223C0F888608165A0F85C2080F87C5036
:1007A000C0F88430806FE0B1DFF860C013460A46BD
:1007B0002168C0F83CC0DFF858C024310665C0F895
:1007C00040C0DFF850C0C0F84CC0F6F733F840B175
:1007D0001023284684F87C60C4F88830C4F8807000
:1007E000F8BD2368002084F87C001A6842F4807207
:1007F0001A609A6842F001029A609A6842F04002D8
:100800009A60F8BD0120F8BD0220F8BD5508010826
:100810008D0801089908010808B5C369806BB3F514
:10082000807F0CD003680022A0F856209A6822F03E
:1008300080029A601A6842F040021A6008BDFCF714
:10084000EDF808BD704700BF806B08B5FFF7FAFFF1
:1008500008BD00BF08B5C369806BB3F5807F12D0B7
:10086000036800222021A0F85E201A6822F480721A
:100870001A609A6822F001029A609A6822F0400297
:100880009A60C0F88410FCF7CDF808BD806B08B5FD
:10089000FCF712F908BD00BF806B38B50368D0F8CB
:1008A0008040D0F884109A68150601D5212C1DD0FF
:1008B0009A68520601D5222908D0D0F8883043F032
:1008C0001003C0F88830FCF73FF938BD00240F4A08
:1008D0002025A0F85E40196821F49071196099688C
:1008E0000A409A60C0F88450C466E6E700222024DB
:1008F000A0F856201A6822F0C0021A609A6822F402
:1009000000029A60C0F88040D2E700BFFEFFFFEF10
:100910000268D36970B51E0715680446916800F037
:1009200084806C4805F4907C08405CEA00061DD188
:10093000D80202D54E0200F19D80180606D501F4BA
:10094000000105F08000014340F08C805E0602D576
:10095000680600F19B80190202D56A0000F1A380AD
:10096000DB0102D5002DC0F2AA8070BDDE0709D5DB
:10097000EE0507D501261662D4F8886046F0010618
:10098000C4F888609E0760D5CE0709D50226166296
:10099000D4F8886046F00406C4F888605E0758D42E
:1009A0001E070CD505F0200C5CEA000007D00820DB
:1009B0001062D4F8880040F00800C4F88800D4F829
:1009C00088000028D1D09E0606D505F0200501F04C
:1009D000805155EA01036BD1D4F88850936805F033
:1009E000080503F040031D436ED0116820203A4BE8
:1009F00021F49071116091680B4000219360C4F85C
:100A000084009368E1665D063CD59368A06F23F08F
:100A100040039360002835D0304B0365F6F72AF881
:100A20000028A2D0A06F036D0CE09E0680D505F0D3
:100A3000200C01F0805E5CEA0E063FF479AFC36ED5
:100A4000002B92D0BDE8704018475E07A8D5CE07AE
:100A5000A6D504261662D4F8886046F00206C4F8CB
:100A600088609DE7236F002B3FF47FAF2046BDE8F1
:100A7000704018474FF4801320461362BDE8704061
:100A800001F068BB2046FCF75FF870BD13682020BA
:100A9000002123F040031360C4F880002046216742
:100AA000FBF7BCFF70BD2046BDE8704001F056BBAF
:100AB000E36E002B90D02046984722688CE72046B2
:100AC000BDE8704001F048BB2046FCF73DF8C4F893
:100AD000885070BD01000010FEFFFFEFE10A010821
:100AE00008B5806B0023A0F85E30A0F85630FCF704
:100AF0002BF808BDD0F88020D0F884001043704750
:100B0000F0B58268044687B02368D0E904101D68F8
:100B10000A43616E0243E06902430A43A84929403F
:100B2000A84D0A43E168AB421A605A6822F4405269
:100B300042EA0102A1695A6000F09D80226A9D6824
:100B40001143A14A666A2A4011439960DA6A22F089
:100B50000F023243DA629D4A934224D09C4A934268
:100B600055D09C4A934200F02F829B4A934200F05A
:100B70009B829A4A934200F0E980994A934200F09E
:100B80009D82984A934200F0D885974A934200F09C
:100B9000D682012500234FF0011228462367C4E9BD
:100BA0001A2307B0F0BD914B5B6D03F03803282B7F
:100BB000EFD88F4AD55CB0F5004F33D0202D00F22E
:100BC000D981202D00F2B680DFE815F0A8017B0165
:100BD000B400B4007201B400B400B4004901B40020
:100BE000B400B400B400B400B400B4001C01B400FC
:100BF000B400B400B400B400B400B400B400B40055
:100C0000B400B400B400B400B400B400CA00774B20
:100C10005B6D03F00703052BBBD8764AB0F5004F98
:100C2000D55CCBD1202D00F21482202D00F2008261
:100C3000DFE815F08A035804FE01FE012804FE01D6
:100C4000FE01FE018604FE01FE01FE01FE01FE0121
:100C5000FE01FE01F203FE01FE01FE01FE01FE01A6
:100C6000FE01FE01FE01FE01FE01FE01FE01FE018C
:100C7000FE01FE01B7039868534A02405B480A43ED
:100C80009A60DA6A616A22F00F020A43DA62836DBF
:100C900003F00703052B3FF67CAF574AD65C202EA6
:100CA00000F29C81012E7FF674AFB31E1E2B3FF61F
:100CB00070AF01A252F823F06F120108930B0108E4
:100CC00019120108930B0108930B0108930B0108FB
:100CD000E3120108930B0108930B0108930B010821
:100CE000930B0108930B0108930B0108930B010868
:100CF00083120108930B0108930B0108930B010861
:100D0000930B0108930B0108930B0108930B010847
:100D1000930B0108930B0108930B0108930B010837
:100D2000930B0108930B0108930B0108930B010827
:100D3000F912010801250023A3F110014FF6EF720B
:100D400091423FF626AF2268D36023E7274B5B6DC5
:100D500003F00703052B3FF61CAF284AD55C2AE7B2
:100D6000002E00F0B581012E00F09E85022E00F0CD
:100D7000B185032E00F0D885042E00F0F485052EF1
:100D800000F08486062E00F0BE86072E00F0FD8659
:100D9000082E00F05087092E00F07B870A2E00F005
:100DA000DC8743F60953164A0B2E18BF13466268B8
:100DB000002503EB5203B3FBF2F39BB2BCE700BF89
:100DC000F369FFCF000C0058FFF4FF110010014041
:100DD0000044004000480040004C004000500040EB
:100DE0000014014000780040007C0040004402589C
:100DF000A8920108D4920108DC920108D49201085B
:100E000000093D00B34B1A68920640F16F811A68E1
:100E1000B14BC2F3C102D340002EC8D0012E00F066
:100E2000EF81022E00F0C584032E00F0BF84042E53
:100E300000F02B85052E00F09D86062E00F0DC8646
:100E4000072E00F01C86082E00F04E86092E00F0BA
:100E50008E860A2E00F0E3860B2EA8D126E003A88A
:100E6000F7F78CFD626A049B002AA0D0012A00F0EB
:100E7000C781022A00F09D84032A00F09784042A87
:100E800000F00385052A00F0FD84062A00F07E8527
:100E9000072A00F0F485082A00F02686092A00F0C7
:100EA00066860A2A00F0BB860B2A80D11B0A7EE7E1
:100EB0006846F7F7A5FC626A019B002A3FF477AF0A
:100EC000D4E7F6F73DFE636A03B3012B00F0F38429
:100ED000022B00F0CE84032B00F0C884042B00F01A
:100EE0001785052B00F01185062B00F00686072BD1
:100EF00000F04886082B00F09B86092B00F0E18665
:100F00000A2B00F03B870B2B08BF000A6268002504
:100F100000EB5203B3FBF2F39BB20DE7F6F7F4FDDF
:100F2000636A03B3012B00F0C984022B00F0A7848D
:100F3000032B00F0A184042B00F0E484052B00F0C7
:100F4000DE84062B00F0E685072B00F03686082BA2
:100F500000F08786092B00F0B1860A2B00F0FA8694
:100F60000B2B08BF000A626800EB5203B3FBF2F3DD
:100F70009BB2E1E6402D7FF40CAE002E00F0DC8049
:100F8000012E00F09484022E00F0A784032E00F0BE
:100F9000C784042E00F0EC84052E00F07A85062E1E
:100FA00000F0B485072E00F0FE85082E00F049867B
:100FB000092E00F08B860A2E00F029870B2E0CBF1D
:100FC00080234FF40043F2E6424B5B6D03F00703CE
:100FD000052B3FF6DEAD414AD55CECE5402E7FF4B3
:100FE000D8AD002900F0B580012900F06E840229F7
:100FF00000F08284032900F0AF84042900F03B85CF
:10100000052900F06985062900F0AD85072900F063
:10101000EF85082900F03686092900F05B860A2949
:1010200000F0F9860B290CBF80254FF4004592E0B3
:1010300001250023A3F110014FF6EF7291423FF614
:10104000A8AD23F00F02C3F3420313432268D36019
:10105000A0E5402D7FF49DAD002E00F0D380012E41
:1010600000F0D280022E00F06D84032E00F0F48494
:10107000042E00F02585052E00F06885062E00F070
:10108000C285072E00F01086082E00F04886092E33
:1010900000F059860A2E00F0EC860B2E0CBF4FF4A0
:1010A00080704FF48030AFE00A4B5B6D03F00703B4
:1010B000052B3FF66EAD0A4AD55C7CE5054B5B6DB2
:1010C00003F03803282B3FF664AD064AD55C72E581
:1010D000054B6CE6004402580090D003D4920108FE
:1010E000D4920108A892010800093D00002E00F0EA
:1010F000BA83012E00F0FD83022E00F02A84032E15
:1011000000F0B684042E00F0E484052E00F028855B
:10111000062E00F08785072EDAD0082E00F0C48353
:10112000092E00F0D7830A2E00F01D84B44BB54A77
:101130000B2E18BF13463AE64FF4004337E6B24B86
:101140005B6D03F00703052B3FF623ADAF4AD55C7B
:1011500031E54FF40045676807EB4703AB423FF6C4
:1011600018ADB5EB073F3FF614AD202E00F2F0822C
:10117000012E7FF60EAD023E1E2E3FF60AAD01A3F4
:1011800053F826F0C1160108930B010897160108C1
:10119000930B0108930B0108930B01083516010806
:1011A000930B0108930B0108930B0108930B0108A3
:1011B000930B0108930B0108930B0108C915010853
:1011C000930B0108930B0108930B0108930B010883
:1011D000930B0108930B0108930B0108930B010873
:1011E000930B0108930B0108930B0108930B010863
:1011F000930B0108930B0108930B0108511501088B
:101200005B08D4E54FF480306268002500EB5203A0
:10121000B3FBF2F39BB20DE76846F7F7F1FA636AA6
:10122000019D03B3012B00F0CF82022B00F0C78297
:10123000032B00F0C182042B00F02F83052B00F05C
:101240002983062B00F09883072B00F02684082BB7
:1012500000F04D84092B00F09B840A2B00F0FB84E6
:101260000B2B00F06582002D3FF494AC73E7F7F789
:10127000B5FA636A0546002BD4D1002D3FF48AAC41
:1012800069E7614B1A68950640F1A5821B685D4DC0
:10129000C3F3C103DD4000293FF45DAF012900F035
:1012A0004D83022900F04683032900F0408304297E
:1012B00000F04584052900F08384062900F0D484D9
:1012C000072900F02085082900F04F85092900F042
:1012D000F9850A2900F0FD850B297FF43CAF2D0A22
:1012E00039E703A8F7F74AFB636A049D002B99D1FD
:1012F000002D3FF44FAC2EE7002900F06A8201294F
:1013000000F0DF82022900F0F282032900F0288336
:10131000042900F0AA83052900F0D883062900F0EB
:101320002E84072900F06184082900F0AF84092980
:1013300000F0EF840A2900F0148543F60955344B78
:101340000B2918BF1D4606E7F6F7DEFB636A03B3F9
:10135000012B00F0CA82022B00F0F782032B00F071
:101360007F83042B00F0B083052B00F0EB83062B6A
:1013700000F05084072B00F09E84082B00F0B98405
:10138000092B00F0E4840A2B00F070850B2B08BFBA
:10139000000A61684A0802EB4003B3FBF1F39BB219
:1013A00048E6002E00F03A82012E00F09A82022ECA
:1013B00000F0C682032E00F04D83042E00F07E83E1
:1013C000052E00F0BA83062E00F02184072E00F0CF
:1013D0006F84082E00F08284092E00F0CC840A2E3F
:1013E00000F06C8547F612230A4A0B2E18BF1346ED
:1013F0006268002503EB5203B3FBF2F39BB219E6DC
:1014000090D003000090D00300440258D492010809
:1014100000093D0000127A00A44B1A68910640F1C1
:10142000FF811A68A24BC2F3C10223FA02F206B38B
:10143000012E00F0B182022E00F03783032E00F05F
:101440006F83042E00F0C683052E00F00084062E64
:1014500000F06F84072E00F07184082E00F00385E1
:10146000092E00F03C850A2E00F036850B2E08BFB1
:10147000120A616800254B0803EB4203B3FBF1F34A
:101480009BB2D7E56846F7F7BBF9626A019902B3E8
:10149000012A00F00782022A00F01A82032A00F0D3
:1014A0003A82042A00F06282052A00F0EB82062AC2
:1014B00000F01683072A00F07483082A00F0A18345
:1014C000092A00F001840A2A00F05B840B2A08BF75
:1014D000090A62680025530803EB4103B3FBF2F3EA
:1014E0009BB2A7E5F6F72CFB636A03B3012B00F070
:1014F000FA81022B00F02B82032B00F08382042B55
:1015000000F0DA82052B00F02583062B00F06983BA
:10151000072B00F0C283082B00F0EE83092B00F0AC
:101520007E840A2B00F08D840B2B08BF000A6168B3
:1015300000254A0802EB4003B3FBF1F39BB279E5C7
:1015400003A8F7F71BFA626A0499002AC1D09FE743
:10155000616A002900F05482012900F01F830229EA
:1015600000F08B83032900F0BF83042900F000847E
:10157000052900F0AA84062900F08E84072900F0CE
:101580008784082900F0E584092900F0DE840A290F
:1015900000F0A8844748484B0B2918BF1846002183
:1015A0007B083A4618184FF0000341F10001EFF7AD
:1015B000ABF8A0F54073414A93423FF6EAAA23688C
:1015C0000025D860FFF7E6BA384A116811F020010B
:1015D00000F0E781136800213548C3F3C103D84008
:1015E000636A0BB3012B00F04B83022B00F07F8367
:1015F000032B00F00584042B00F05D84052B00F024
:101600002C84062B00F0A984072B00F0B484082B4F
:1016100000F0AD84092B00F094840A2B00F08D8437
:101620000B2B01D1000A00210902030241EA1061DB
:101630007808B6E703A8F7F7A1F90498636A0021D0
:1016400002460BB3012B00F03582022B00F086829C
:10165000032B00F0C182042B00F02183052B00F046
:101660004D83062B00F09083072B00F02184082B7C
:1016700000F00B84092B00F004840A2B00F0528444
:101680000B2B01D1100A002162680902030241EA12
:101690001061500886E76846F7F7B2F80198636A68
:1016A00000210246002BEFD0CCE700BF00440258D7
:1016B0000090D00300093D000000093DFFFC0F0031
:1016C000F7F78CF8626A002103460AB3012A00F09A
:1016D0006E82022A00F0B982032A00F02483042AD1
:1016E00000F09383052A00F0A683062A00F0DA832F
:1016F000072A00F0D583082A00F01C84092A00F08C
:1017000015840A2A00F02F840B2A01D1030A002134
:1017100062680902180241EA13615308C0184FF0C9
:10172000000341F10001EEF7EFFFA0F5407342E73F
:101730002D0A002D3FF42EAA0DE5B54B5B6D03F08D
:101740000703052B3FF625AAB24AD55CFFF733BA4B
:10175000402E7FF41EAA616A002900F04E81012903
:1017600000F02782022900F08482032900F0CE8253
:10177000042900F05783052900F05983062900F059
:101780006883072900F06083082900F0B7830929DE
:1017900000F0AF830A2900F0C0830B294FF000014D
:1017A0000CBF4FF400404FF40000F9E69A4AA2FB48
:1017B00003239B08FFF7FBBA974BA3FB0535AD0846
:1017C000002D3FF4E7A9C6E46D08002D3FF4E2A91F
:1017D000C1E4924DBFE400295AD0012900F0AC8049
:1017E000022900F0DB80032900F06181042900F068
:1017F000A181052900F0EB81062900F01682072956
:10180000E7D008295DD0092971D00A2900F02D817F
:10181000834D844B0B2918BF1D469CE4824BE7E5A2
:10182000002E50D0012E00F0AF80022E00F03B8140
:10183000032E00F07A81042E00F0C781052E00F0FF
:10184000FD81062E00F04D82072EE7D0082E48D0ED
:10185000092E75D00A2E00F03181744B744A0B2E7C
:1018600018BF1346C4E56F4BFFF7A1BA6A4BA3FB41
:1018700000308008FFF74ABB674BA3FB00308008AD
:10188000FFF771BB6B4AA2FB0323DB08FFF78FBA9C
:10189000644D60E4674BA3FB0535ED08002D3FF474
:1018A00079A958E4490814E6634BFFF780BA4FF46E
:1018B0008043FFF77CBA4008FFF728BB4008FFF7DA
:1018C00052BB5D4D47E45A4B92E54FF4804542E4EC
:1018D0008908FEE5594BFFF76ABA4FF40053FFF74A
:1018E00066BA4E4B84E5400821E6400851E5534D69
:1018F00031E4534BFFF75BBA4FF400552BE44D4BEB
:10190000A3FB0030C008FFF72EBB4A4BA3FB0030FF
:10191000C008FFF7FBBA404BA3FB01239908D8E5A9
:1019200041F25553FFF743BA464BFFF740BA3A4BE3
:10193000A3FB0535AD080EE4414D0CE46D080AE447
:101940003D4B55E54FF480405EE4800821E580087A
:10195000EDE53D4BFFF72BBA41F25555FFF7FBBBC9
:10196000384DFFF7F8BB314BFFF721BAC908B0E596
:101970004FF48053FFF71BBA0C23B5FBF3F5002D92
:101980003FF408A9FFF7E7BB264B31E5224AA2FB4B
:101990000323DB08FFF70BBA52086AE52A4DFFF76D
:1019A000DABB626A002A00F0C280012A00F0798165
:1019B000022A00F0B281032A00F0C381042A00F059
:1019C0005E82052A00F05982062A00F09E82072ACC
:1019D00000F09982082A00F09D82092A00F097827F
:1019E0000A2A00F083820B2A184A0E4B0EBF0021F0
:1019F0000321134678083A4690E64FF40000CFE5FD
:101A00001348CDE5044BA3FB002398088FE500BFE6
:101A100000440258D4920108ABAAAAAA00093D00CA
:101A200090D003000090D00300127A0020A107009C
:101A30000020A107CDCCCCCC80841E0040420F00FA
:101A40000048E8012A2C0A000024F400000090D08D
:101A50000000093DCF4BCBE442F6AA20FFF7D4BBF0
:101A6000CD4BA3FB0023980893E4CC4DFFF773BB49
:101A7000CB4BFFF79CB94FF48055FFF76CBB1B09AC
:101A8000FFF795B90A23B1FBF3F122E5C54BFFF748
:101A90008EB940F6CC43FFF78AB92D09002D3FF4EB
:101AA00079A8FFF758BBC04BA2E49208E1E4BC4D13
:101AB000FFF751BB4008E7E5C00838E5BB4B97E4AA
:101AC0004FF40050FFF7A0BBC00862E4B54DFFF72C
:101AD00042BBB74BFFF76BB940F6CC45FFF73BBBBA
:101AE0000C23B1FBF3F1F4E45B09FFF760B96D0976
:101AF000002D3FF44FA8FFF72EBBA74BA3FB0030F0
:101B0000C008FFF703BAAB4BFFF751B940F6AA2361
:101B1000FFF74DB9A04BA3FB0030C008FFF723BA75
:101B20009D4BA3FB02239A08A3E4A34B60E4A34BC1
:101B300003215FE79E4DFFF70EBBA14B58E4ED0874
:101B4000FFF709BB0A23B0FBF3F022E441F698103B
:101B5000FFF75ABB0A23B0FBF3F0E8E4800893E5F3
:101B6000984BFFF724B940F6AA25FFF7F4BA9B0972
:101B7000FFF71DB90A22B3FBF2F3FFF718B98D4D39
:101B8000FFF7E9BA0009FFF7C1B98F4BFFF70FB9AB
:101B9000AD09002D3EF4FEAFFFF7DDBA8B48002102
:101BA000FEE4090995E44FF40063FFF700B9430828
:101BB000AEE54FF480000021F2E40009FFF7D3B94D
:101BC0000A23B5FBF3F5FFF7C6BA814B10E47D4D50
:101BD000FFF7C1BAD2084CE406220023EEF794FDC9
:101BE00052E50C23B0FBF3F0A1E4774DFFF7B3BA55
:101BF0004FF40065FFF7AFBA0C22B3FBF2F3FFF727
:101C0000D6B8490965E441F25450FFF7FDBA714B6B
:101C1000FFF7EEBB0C23B0FBF3F0FFF7BABBDB0919
:101C2000FFF7C5B86C4BFFF7C2B86B4DFFF793BA1F
:101C30004009FFF76BB9694BFFF7B9B8684BFFF77D
:101C4000D7BB4FF48063FFF7B2B8830860E50A237F
:101C5000B2FBF3F20DE4ED09002D3EF49BAFFFF76C
:101C60007ABA4009FFF77FB90C23B5FBF3F5FFF70C
:101C700072BA4FF40010002192E45A4800218FE418
:101C80004008D1E44FF48065FFF765BA534DFFF784
:101C900062BA4FF22443FFF78AB8000947E4C0084C
:101CA000F2E4514B1146A5E64FF48050FFF7ACBA71
:101CB0003A4BFFF79DBB0009FFF76BBB8009FFF7AD
:101CC00052B98009FFF722B9890902E44FF4007381
:101CD000FFF76DB84FF40075FFF73DBA3A4BFFF7C9
:101CE00087BB2F4BFFF784BB4048002158E4800896
:101CF0009AE44009FFF74DBB400918E40A2200238B
:101D0000EEF702FDC0E42D09FFF725BA384800219F
:101D100046E44FF22445FFF71EBA364B6AE64FF40D
:101D20000060FFF771BA00230622EEF7EDFC0346D0
:101D3000EEE40C23B2FBF3F2FFF79BBB1209FFF7B3
:101D400098BB2D4B56E64FF48060FFF75DBA8009D3
:101D5000FFF71FBBC009FFF706B947F61223FFF7CD
:101D600026B847F61225FFF7F6B96D09FFF7F3B964
:101D70002248002114E4194BFFF73ABBC009FFF7D2
:101D8000C5B8C909FFF7A5BB0C220023EEF7BCFCC0
:101D90007AE400BF54581400ABAAAAAA20A10700F5
:101DA000AAC2A200801A06000048E80140420F00C3
:101DB00000127A001516050054854501000090D0E8
:101DC00000350C0000A8610090D003000080841E44
:101DD0000024F4002A2C0A005561510048E8010053
:101DE0000050C3000040420F000048E8002A2C0ABF
:101DF00000551500000024F400AAC2A20020A1078B
:101E000006220023EEF780FC0EE4C30880E44FF4C2
:101E10008073FEF7CCBF4FF48075FFF79CB9800943
:101E2000FFF785BB4FF480100021FFF7B9BB534883
:101E30000021FFF7B5BB00230A22EEF765FC03463D
:101E400066E4C009FFF773BB4FF400200021FFF7E1
:101E5000A7BB4B480021FFF7A3BB0A220023EEF7E4
:101E600053FCFFF7E1BB5209FFF703BBC009FFF7C3
:101E700090BA4FF40070FFF7C7B9424BBAE5424B36
:101E8000B8E590090021FFF7FFBB4009FFF7FCBB55
:101E90003E480021FFF784BB3D480021FFF780BB8F
:101EA000030935E400230C22EEF72EFC03462FE451
:101EB0000009FFF7E9BBC008FFF7B6BB4FF22443A8
:101EC000FFF796BAAD09FFF746B932480021FFF790
:101ED00067BBED09FFF73FB9D209FFF7CABA92090C
:101EE000FFF7C7BA2C480021FFF75ABB2B4B002144
:101EF00080E54FF400300021FFF752BB4FF4802003
:101F00000021FFF74DBB264B74E5264B72E5264BAF
:101F100000216FE5254B00216CE54FF48030002156
:101F2000FFF73EBBD0090021FFF7AEBB83090021BC
:101F3000FFF7EEBB4309FFF7EBBBC0090021FFF73A
:101F400073BB80090021FFF76FBB19480021FFF721
:101F500027BB18480021FFF723BB0C220023EEF714
:101F6000D3FBFFF761BBC3090021FFF7D1BB4009D9
:101F70000021FFF759BB0009FFF756BB00CC0C004E
:101F800000AA0A000000A8610000127A0090D003A5
:101F90000015160500801A0600127A000020A1071D
:101FA0000000093D005561510040420F0080841E31
:101FB0000024F4000048E801836ADA0710B406D56B
:101FC0000168C46A4A6822F4003222434A609C07CE
:101FD00006D50168046B4A6822F4803222434A60C5
:101FE000590706D50168446B4A6822F480222243CF
:101FF0004A601A0706D50168846B4A6822F40042D9
:1020000022434A60DC0606D50168C46B8A6822F464
:10201000805222438A60990606D50168046C8A685A
:1020200022F4005222438A605A060AD50168446CA1
:102030004A68B4F5801F22F4801242EA04024A6022
:102040000BD01B0606D50268C16C536823F400232D
:102050000B4353605DF8044B70474A68846C22F46C
:10206000C00222434A60ECE7002370B50446C0F882
:102070008830F3F7B5F8054623681A6811070CD4C1
:102080001A68520725D420220023C4F8802018465D
:10209000C4F8842084F87C3070BDDE6916F4001624
:1020A000EED1F3F79DF8431BB3F1007F2368F4D31F
:1020B0001A682021032022F4D0721A609A6822F054
:1020C00001029A60C4F8801084F87C60C4F884101F
:1020D00070BDDE6916F48006D5D1F3F781F8431B95
:1020E000B3F1007F2368F4D3E2E700BF80B3D0F8F8
:1020F000803010B5044633B3226824232046C4F848
:102100008030136823F001031360FEF7F9FC012807
:1021100017D0A36A8BB9236820465A6822F49042EC
:102120005A609A6822F02A029A601A6842F0010204
:10213000BDE810401A60FFF797BF2046FFF73CFF4D
:10214000E9E7012010BD80F87C30FAF7BBF9D3E74E
:1021500001207047704700BF704700BF704700BF45
:1021600090F87C20012A17D0026803462420002121
:1021700030B4C3F8800020251068146820F00050A7
:1021800024F001041460596610600846C3F88050BA
:1021900083F87C1030BC70470220704790F87C2098
:1021A000012A43D002680346242030B4C3F88000DB
:1021B00084B014681068EC4604AD20F00100106093
:1021C000906820F0604001431948916003C88CE892
:1021D0000300184903C905E90300596E19B3916852
:1021E0009068C1F3426C05EB5071AC4411F8100CCF
:1021F00011F8081CC0001CF8085CB0FBF1F01CF8DA
:10220000101CC900B1FBF5F1A3F868100021A3F878
:102210006A00202508461460C3F8805083F87C10BB
:1022200004B030BC704701210846EDE7022070473A
:10223000087E0108E492010890F87C20012A43D02E
:1022400002680346242030B4C3F8800084B01468C8
:102250001068EC4604AD20F001001060906820F09A
:10226000606001431948916003C88CE80300184975
:1022700003C905E90300596E19B391689068C1F369
:10228000426C05EB5071AC4411F8100C11F8081CAD
:10229000C0001CF8085CB0FBF1F01CF8101CC90071
:1022A000B1FBF5F1A3F868100021A3F86A0020251E
:1022B00008461460C3F8805083F87C1004B030BC2A
:1022C000704701210846EDE702207047087E0108AB
:1022D000E49201080B6810B4D3B90468A3F5004375
:1022E0004A6823401343D1E9024223431343D1E90F
:1022F000044223431343D1E9064223431343D1E964
:10230000084223435DF8044B1343036000207047E9
:102310000268D1E9074322F4F84222434C6A1A4387
:102320000A4B2243026042681340D1E90142234331
:102330001343D1E9034223431343D1E90542234325
:102340005DF8044B13434360002070470080FFFF9B
:1023500030B40ABB8368D1E9002403F07043013C28
:10236000013A43EA04131343D1E90224013A013C40
:1023700043EA022343EA0432D1E904348969013B88
:10238000013C013942EA034343EA045343EA01634F
:1023900030BC8360002070478268CC68114B013CE0
:1023A00013404A6943EA0433541E43EA0454D1E912
:1023B00000258460C3686C1E013A03F0704343EA51
:1023C00004130C691A438B68013C8969013B01398C
:1023D00042EA032343EA044343EA016330BCC36097
:1023E00000207047FF0F0FFF0246D1E9003010B404
:1023F00003431469D1E9021023435DF8044B01390A
:1024000043EA4023002043EA41131361704700BFB1
:102410000246054B002010B4546923405DF8044B7C
:1024200043EA41015161704701C0FFFF022A82B0B7
:10243000844613D009230193DCF80C30002023F4E8
:102440007053CCF80C30019BDCF80C209B0203F499
:1024500070531343CCF80C3002B07047224B234A20
:102460000B44934207D9224B224A0B44934205D88E
:102470000E230193E0E70F230193DDE71E4B1F4A74
:102480000B44934207D91E4B1E4A0B44934205D27C
:102490000C230193D0E70D230193CDE71A4B1B4A80
:1024A0000B44934202D80B230193C5E7184B194AFA
:1024B0000B44934202D20A230193BDE7164B174AFD
:1024C0000B449342B6D3164B164A0B44934202D2A6
:1024D00008230193B0E7144B144A0B44934234BFD2
:1024E000072306230193A7E7405327FFFF340C007F
:1024F000401E1BFF3F420F0000DC0BFF7F4F12000E
:10250000808CF9FE20D6130060B6E5FE5FE316006E
:1025100000D3CEFE40771B00C05BB3FEC09121000C
:1025200000CA91FE20753800E05459FEE09C41003D
:10253000890182B000230A4A41F020010193016120
:1025400003E0036913F0200307D0019B013393429A
:102550000193F6D9032002B07047184602B07047C5
:10256000400D0300D0F8083882B003F00603019351
:10257000019838B10198022804D0019B062B0CBFAA
:1025800002200F2002B0704730B44B780A78012B3C
:1025900020D002F00F0C4FF48033D0F81C4800EB31
:1025A000421203FA0CF32343C0F81C38D2F8003B64
:1025B0001B040CD48B68D2F8004BC3F30A03C87811
:1025C0001449234343EA80431943C2F8001B002007
:1025D00030BC704700F5006402F00F0500EB4210BC
:1025E000AB40E5692B43E361D0F800391C04EED41D
:1025F0008B68D0F80059C3F30A03CC7805492B4304
:1026000043EA844343EA8252114330BCC0F80019C4
:1026100000207047008000102DE9F0414B7891F8C0
:1026200000C0012B51D000EB4C1C844CDCF8105B3B
:102630000CF530632C401C61814C1D692C401C61E1
:102640004C6984B38D68012A7E4E2C4404F1FF341A
:10265000B4FBF5F406EAC44EA4B205FB04F41D690C
:102660004EEA0505C4F312041D611D6944EA050420
:102670001C6125D0CB78012B0CD1D0F8083813F48D
:10268000807FDCF8003B0CBF43F0005343F08053E5
:10269000CCF8003BDCF8003B43F00443CCF8003BB3
:1026A0000020BDE8F0818C68012A1D69C4F3120482
:1026B00044EA05041C611C6944F400241C61D9D15E
:1026C000CA68002AD6D05A61D4E74D69002D3DD0A2
:1026D00000EB4C14594ED1F808E0D4F81089584F4B
:1026E00008EA0606C4F8106905EB0E06013EB6FBC3
:1026F000FEFED4F810693740524EC4F8107906EA4D
:10270000CE46D4F810793E43C4F81069C5F31206DA
:10271000D4F810793E43C4F8106904F5106691F8B6
:1027200003E0BEF1010F57D0012A72D0D4F800297E
:102730000CF00F0C42F0044203FA0CF3C4F8002929
:10274000D0F834281343C0F83438A9E700EB4C1311
:102750003B4E3A4C012AD3F8107906EA0706C3F833
:102760001069D3F8106946F40026C3F81069D3F84D
:10277000106904EA060403F51066C3F8104991F8DD
:1027800003E03AD0D3F80049BEF1010F44F004440D
:10279000C3F8004984D1D0F8083813F4807F336837
:1027A0000CBF43F0005343F080533360002A7FF4A2
:1027B00077AFADB20335AD083FF472AFCB6800EB35
:1027C0000C3C03EB85010CF5805C53F8042B8B4229
:1027D000CCF80020F9D163E73369012A23F0C04324
:1027E0003361336943F00053336117D0D4F80039B3
:1027F00043F00443C4F80039CDE70B6963B9BEF177
:10280000010F0ED03368002043F004433360BDE86D
:10281000F0810B69002BF5D07361F0E70B69002B99
:10282000FAD1D0F8083813F4807F33680CBF43F036
:10283000005343F080533360E4E700BF0000F8FF2B
:10284000FFFF07E00000F81FF0B54C780B78012C73
:1028500026D000EB4310574CD0F8105B00F53063E6
:102860002C401C61544C1D692C401C614C69A4B95E
:102870008C681D69C4F31204012A45F400251D610A
:102880001D6944EA05041C6149D0D0F8003B43F0BF
:102890000443C0F8003B0020F0BD8C684C61E8E7C1
:1028A0004C69002C40D000EB4315424FD1F808E0B2
:1028B000D5F810C9404E74450CEA070705F5106CB1
:1028C000C5F81079D5F8107906EA0706C5F8106939
:1028D00058D9DCF81040012AC1F814E044F400246F
:1028E000CCF81040CEF31204DCF8106044EA060481
:1028F000CCF810403AD0D5F8002942F00442C5F88F
:102900000029BEF1000FC6D003F00F010123D0F85B
:1029100034288B401343C0F834380020F0BDCA6817
:10292000002AB2D05A61B0E700EB4310224B012AD3
:10293000D0F8104900F5106C03EA0403CCF810300D
:10294000DCF8103043F40023CCF81030194BDCF8DD
:10295000104003EA0403CCF8103007D0D0F8003957
:1029600043F00443C0F800390020F0BD0B690BB1FF
:10297000CCF81430DCF80030002043F00443CCF8ED
:102980000030F0BDDCF81060C4F31204012A46F4F4
:102990000026CCF81060DCF8106044EA0604CCF89D
:1029A0001040E3D0D5F8002942F00442C5F80029D0
:1029B000AAE700BF0000F8FFFFFF07E010B49DF892
:1029C000044064B903339B0809D0013201EB83034F
:1029D00000EB023051F8042B8B420260FAD1002048
:1029E0005DF8044B704700BF033292080AD000F52F
:1029F000805C01EB8200DCF8003041F8043B884247
:102A0000F9D17047084670474A780B78012A00EBE5
:102A100043100CD0D0F8002B0BB1002A14DAD0F8F8
:102A2000003B43F40013C0F8003B00207047D0F88F
:102A30000029002A00DB73B9D0F8003943F40013F1
:102A4000C0F8003900207047D0F8003B23F08043E5
:102A5000C0F8003BE3E7D0F8003923F08043C0F82A
:102A60000039D0F8003943F40013C0F80039E9E721
:102A70004A780B78012A00EB431013D0D0F8003BC2
:102A800023F40013C0F8003BCB78023B012B01D9A3
:102A900000207047D0F8003B43F08053C0F8003B63
:102AA00000207047D0F8003923F40013C0F8003933
:102AB000CB78023B012BEBD8D0F8003943F08053A0
:102AC000C0F8003900207047034609010020D3F800
:102AD000002801F4FE6122F4FE62C3F80028D3F856
:102AE00000281143C3F80018704700BF82B0436943
:102AF00001938269019B13400193019802B07047D2
:102B000082B0D0F818380193D0F81C28019B1340EC
:102B100001930198000C02B0704700BF82B0D0F85A
:102B200018380193D0F81C28019B13400193019899
:102B300080B202B0704700BF00EB411182B0D1F803
:102B4000083B0193D0F81428019B1340019301988E
:102B500002B0704784B0D0F8103801F00F0C00EBD1
:102B600041110293D0F834380393039B029A23FA5D
:102B70000CF3DB01DBB213430293D1F80839029A5C
:102B800013400193019804B0704700BF406900F002
:102B900001007047D0F8001900F500630A4A0A40A6
:102BA000C0F800299A6802F00602042A05D1D0F87C
:102BB000002942F00302C0F800295A68002042F4BC
:102BC00080725A60704700BF00F8FFFF144B10B4CA
:102BD000046C9C421AD800F530600023012903617F
:102BE000036943F400230361036943F0180303619D
:102BF000036943F0C043036104D14261036843F0B9
:102C00008023036000205DF8044B7047D0F8003B40
:102C100000F53060002BE0DA00205DF8044B7047CF
:102C20000A30544FD0F8002401F00303012900F5C5
:102C3000806C22F00302C0F80024D0F8002443EA9C
:102C40000203C0F8003409D0022901D000207047E7
:102C500041F270730020CCF8043070474BF680339B
:102C60000020CCF804307047D0F8140480B27047CC
:102C700000EB4111002382B001F5A0620193D1F86D
:102C8000003513F4802FD1F8003543F08043C1F8AC
:102C9000003522D1C36A13F47F0FD1F8003523D158
:102CA00023F00043C1F80035D1F8003543F000436C
:102CB000C1F80035D1F8003523F40043C1F80035E0
:102CC00002E01368002B13DA019B0133B3F57A7F1E
:102CD0000193F6D9002002B07047D0F8103413F4F5
:102CE0007F0FD1F8003506D043F00043C1F800351E
:102CF000002002B0704723F00043C1F80035D1F83E
:102D0000003543F00043C1F80035D1F8003523F415
:102D10000043C1F8003502E01368002BE8DA019B9C
:102D20000133B3F57A7F0193F6D9002002B07047E2
:102D300030B4002484B04FF48465AA4A009401465C
:102D4000836823F0010383600394056102E00B694B
:102D5000980604D5039B013393420393F7D90020CF
:102D60001023A04A02900B6102E00B69DB0604D538
:102D7000029B013393420293F7D9D1F8003501F554
:102D8000A06201F5E0600193019B43F08043019351
:102D9000019B23F000430193019B23F40043019323
:102DA000019BC1F80035D1F820350193019B43F018
:102DB00080430193019B23F000430193019B23F483
:102DC00000430193019BC1F82035D1F840350193B0
:102DD000019B43F080430193019B23F00043019347
:102DE000019B23F400430193019BC1F84035D1F8C6
:102DF00060350193019B43F080430193019B23F0D5
:102E000000430193019B23F400430193019BC1F80C
:102E10006035D1F880350193019B43F080430193E5
:102E2000019B23F000430193019B23F40043019392
:102E3000019BC1F88035D1F8A0350193019B43F087
:102E400080430193019B23F000430193019B23F4F2
:102E500000430193019BC1F8A035D1F8C03501931F
:102E6000019B43F080430193019B23F000430193B6
:102E7000019B23F400430193019BC1F8C035D1F8B5
:102E8000E0350193019B43F080430193019B23F0C4
:102E900000430193019B23F400430193019BC1F87C
:102EA000E035D1F800360193019B43F08043019354
:102EB000019B23F000430193019B23F40043019302
:102EC000019BC1F80036D1F820360193019B43F0F5
:102ED00080430193019B23F000430193019B23F462
:102EE00000430193019BC1F82036D1F8403601938D
:102EF000019B43F080430193019B23F00043019326
:102F0000019B23F400430193019BC1F84036D1F8A3
:102F100060360193019B43F080430193019B23F0B2
:102F200000430193019B23F400430193019BC1F8EB
:102F30006036D1F880360193019B43F080430193C2
:102F4000019B23F000430193019B23F40043019371
:102F5000019BC1F88036D1F8A0360193019B43F064
:102F600080430193019B23F000430193019B23F4D1
:102F700000430193019BC1F8A036D1F8C0360193FC
:102F8000019B43F080430193019B23F00043019395
:102F9000019B23F400430193019BC1F8C036D1F893
:102FA000E0360193019B43F080430193019B23F0A2
:102FB00000430193019B23F400430193019BC1F85B
:102FC000E03613680193019B43F080430193019B1A
:102FD00043F000430193019B23F400430193019BC1
:102FE000136004E0400D03001368002B05DA009B1A
:102FF0000133B3F57A7F0093F6D920328242E0D1D3
:103000004FF0FF330020C1F814344B618B6843F05C
:1030100001038B6004B030BC704700BF08B5D0F826
:103020008C321BB11B68984700B908BD022008BD4F
:1030300008B5D0F88C325B689847002008BD00BF07
:1030400038B500F520750446284600F07DFB0122C6
:10305000B4F8863294F88012C4E99B2301F01F0370
:10306000934209D0022B13D063B101F080012046B6
:10307000FAF796FA002038BD2946204600F092FA69
:10308000002038BD2946204600F00AF9002038BD4E
:103090002946204600F0BAFA002038BD38B505466A
:1030A00069B91346D0F86C22032A15D0052A0C46BC
:1030B0000ED1C5F86C12FAF773FA204638BDD0F875
:1030C0008C329B6933B190F87422032A02D198475D
:1030D000002038BD022038BDD0E9531291420CD9EE
:1030E000891A8A42C0F84C1188BF8AB2194698BF23
:1030F00092B200F055FB002038BDD0F88C321B692D
:103100001BB190F87422032A04D0284600F052FB29
:10311000002038BD9847F8E770B5044661B9D0F88B
:103120006C32022B15D033F0040337D094F8783288
:10313000012B2ED0002070BDD0F88C325B6933B1EA
:1031400090F87422032A02D19847002070BD022013
:1031500070BDD0E908630D469E4223D8C669B6FB10
:10316000F3F203FB12620AB9B34228D9D4F88C32C5
:10317000DB681BB194F87422032A30D080212046EA
:10318000FAF70EFA204600F021FB94F87832012B72
:10319000D0D10023184684F8783270BD8021FAF728
:1031A000FFF9C3E7F31A114603629AB200F0EEFA90
:1031B0002B462A4629462046FAF73EFAB6E7D0F8CB
:1031C00070329E42D2D20A4600F0E0FA2B462A46DE
:1031D00029462046C4F87052FAF72EFAA6E7204690
:1031E0009847CBE770B500224026044601251146DA
:1031F0003346FAF7C3F93346802100222046C4F84B
:103200004451C4F85061FAF7B9F90021D4F890326A
:10321000A561666284F87452C4F86C126160C4F8E7
:103220007C1223B1D4F88C3220465B68984700208A
:1032300070BD00BF03460020197470470346042187
:10324000002093F8742283F8741283F87522704773
:103250000346002093F8752283F87422704700BF5C
:1032600090F87422032A01D00020704708B5D0F8E6
:103270008C32DB6903B19847002008BD00207047FD
:103280000020704700207047D0F88C22012108B53B
:1032900080F87412017953689847002008BD00BF78
:1032A00030B50B7883B00D46044603F06003202B45
:1032B0000DD0402B0BD09BB180212046FAF770F93E
:1032C00000212046FAF76CF9002003B030BDD4F895
:1032D0008C32294620469B689847002003B030BDB9
:1032E0004B78092BE8D801A252F823F047330108A4
:1032F00073330108B932010891330108B93201086A
:1033000099330108D1330108B932010801340108A9
:10331000153301088978A24D01292970CCD890F87D
:103320007432022B00F01281032B00F00081802107
:10333000FAF736F900212046FAF732F929782046C3
:10334000FFF776FEC0E790F87432013B022BB3D84A
:10335000CB88022BB0D10122D0F87C32C2600BB1F5
:103360000323C360022204F10C01204600F000FA9E
:10337000AAE790F87432013B022B9DD84B88012BB1
:10338000A2D100232046C4F87C3200F013FA9BE758
:103390004B88012B98D1F5E78B88002B8CD1CB88FB
:1033A000002B89D14D887F2D86D890F87432032B5D
:1033B00082D0E9B280F87612FAF722F9204600F0BE
:1033C000F9F9002D00F0E080022384F874327BE7E5
:1033D0004A88130A013B062B3FF66EAF01A151F854
:1033E00023F000BF953401087D3401086B340108D7
:1033F000B9320108B93201085534010827340108EF
:10340000CA88012A7FF458AF90F87432022B00F278
:103410008780002B3FF450AF0146002341F8083F5E
:1034200000F0A6F950E7037C002B7FF445AFD0F8FD
:103430008C320DF106001B6B984707234370BDF8D3
:103440000620002A67D0EB88002B5BD1204600F0D5
:10345000B1F939E7037C002B7FF42EAFD0F88C3222
:103460000DF106005B6B9847E9E7D1B2052900F240
:103470008F80DFE801F0271F17372F3F037C002BD9
:1034800072D1D0F88C320DF106009B6A9847022366
:103490004370D4E7D0F888320DF10601007C1B6838
:1034A0009847CCE7D0F888320DF10601007CDB6844
:1034B0009847C4E7D0F888320DF10601007C9B687C
:1034C0009847BCE7D0F888320DF10601007C5B68B4
:1034D0009847B4E7D0F888320DF10601007C5B69AB
:1034E0009847ACE7D0F888320DF10601007C1B69E3
:1034F0009847A4E7D0F888320DF10601007C9B695B
:1035000098479CE79A420146204628BF1A46ADF8E4
:10351000062000F02DF9EB88002B7FF4D5AE95E75F
:10352000032B7FF4C9AE011D00F022F9CCE621B3D4
:10353000416801298AD0C9B2FFF77AFD297820466F
:103540006160FFF76BFD022880D1B5E600293FF4EA
:103550007DAF01210323416080F87432FFF75EFDE7
:1035600002287FF473AFA7E6D0F88C320DF1060085
:10357000DB6A98470223437061E70223416080F8C9
:103580007432FFF755FD61E7012384F874329BE63E
:10359000D0F88C320DF106029B6B98474FE700BFC5
:1035A000A488072438B50B780D46044603F0600262
:1035B000402A0AD05B0608D58021F9F7F1FF0021E7
:1035C0002046F9F7EDFF002038BD94F87432013B36
:1035D000022B11D82B79012B0ED8D4F88C32294626
:1035E00020469B689847EB88002BECD10028EAD155
:1035F000204600F0DFF8E6E780212046F9F7D0FF0B
:1036000000212046F9F7CCFF002038BD38B50B78F3
:10361000044603F06003202B0CD0402B0AD083B16A
:1036200080212046F9F7BCFF00212046F9F7B8FFBA
:10363000002038BDD4F88C3220469B689847002083
:1036400038BD4B788A88012B5FFA82FC37D0032B78
:1036500023D0002BE4D190F87432022B4AD0032BF4
:10366000DED10CF00F03120603EB830300EB8303A0
:1036700051D4D3F84431002BD2D00CF07F03142561
:1036800005FB030505F5A075002B4FD12B60022229
:103690002946204600F06CF8CAE790F87432022BF5
:1036A0001DD0032BBCD14B882BB91CF07F0F02D04F
:1036B000CB88002B43D0204600F07CF8B8E790F888
:1036C0007432022B0BD0032BAAD14B88002BAFD125
:1036D0001CF07F0FEFD06146F9F770FFEBE71CF0AD
:1036E0007F0F9DD06146F9F75BFF80212046F9F7F7
:1036F00057FF9DE71CF07F0F92D111064FF000039A
:103700004FF002024CBF00F1140100F5A0710B60F4
:1037100000F02EF88CE79B69002B81D00CF07F0322
:103720005D1C05EB850500EB8505ADE76146204690
:10373000F9F752FF08B10123A8E72860A7E761461F
:10374000F9F72EFFB7E700BF0B7803704B78437093
:10375000CA788B7803EB022343804A790B7903EB19
:1037600002238380CA798B7903EB0223C3807047DD
:1037700010B5134602240A460021C0F86C42C0E985
:103780000733F9F74BFF002010BD00BF8C46002126
:1037900008B513466246F9F741FF002008BD00BF97
:1037A0008C46002108B513466246F9F745FF002014
:1037B00008BD00BF08B504210023C0F86C121A46EA
:1037C0001946F9F72BFF002008BD00BF08B50521F9
:1037D0000023C0F86C121A461946F9F72DFF002095
:1037E00008BD00BFD0F8C4230132C0F8C42302785A
:1037F0000B2A00D07047D0F87C33002BFAD09B699D
:10380000184700BF012380F823337047002380F856
:1038100023337047034600220121104683F820130A
:1038200083F8212383F82223704700BF38B5012392
:103830000025044680F8213380F8235380F8205374
:10384000F9F71EFF2179204600F006F8617920463D
:1038500000F002F8284638BD0A2907D800EB81009D
:10386000D0F88433C3F30E03C0F8843300207047CC
:103870000C4A82B00C4BD2F8DC1041F04001C2F887
:10388000DC10D2F8DC2002F040020192019A1A68A2
:1038900022F020021A601A6842F004021A6002B094
:1038A000704700BF004402580018024870B500235A
:1038B00004464FF4806204214FF440353448C4F884
:1038C0003821C4F8D410C4F83431C4F84C1131494B
:1038D000C4F8B000C4F82811C4E92F32C4E9313368
:1038E000C4E93335C4E93733C4E94F33C4E951354A
:1038F000C4E95533A2680323C4F8D830C4F8503162
:10390000042A0AD8DFE802F01F262D3403005522CE
:103910005623C4F8B420C4F82C310022402304F10B
:10392000B005C4F8B8202846C4F83031F2F7C4FD19
:1039300008B1FFBEFEE704F594763046F2F7BCFD11
:10394000E8B1FFBEFEE725222623C4F8B420C4F860
:103950002C31E2E727222823C4F8B420C4F82C3104
:10396000DBE73D223E23C4F8B420C4F82C31D4E771
:1039700053225423C4F8B420C4F82C31CDE704F109
:103980002803C4E92865C4F8E830C4F8603170BD84
:1039900040040240580402402DE9F04F814683B0B4
:1039A0000E4617461D4600F12804204601F090FD02
:1039B00001288246F9D14846FFF778FF8046002863
:1039C00035D1EFF31083019372B6DFF888B00C9B0A
:1039D00099F90820DFF880A0DFF88090CBF800305C
:1039E0000D9B89F80020CAF800300DB11846A84791
:1039F000BAB23146204601F0E1F830B9019B03B973
:103A000062B6404603B0BDE8F08F0023CBF800302B
:103A1000CAF80030FF2389F800300C9B8BB10121DC
:103A20000D9888469847019B002BEAD1E8E70C9B4C
:103A300053B1D0460D9851469847404603B0BDE873
:103A4000F08F4FF00108D9E7D046404603B0BDE8FB
:103A5000F08F00BFC8920724D0920724CC9207248D
:103A60002DE9F04F814683B00E4617461D4600F102
:103A70002804204601F02CFD01288246F9D1484651
:103A8000FFF714FF8046002835D1EFF31083019330
:103A900072B6DFF888B00C9B99F90820DFF880A097
:103AA000DFF88090CBF800300D9B89F80020CAF831
:103AB00000300DB11846A847BAB23146204601F091
:103AC00041FA30B9019B03B962B6404603B0BDE884
:103AD000F08F0023CBF80030CAF80030FF2389F8BC
:103AE00000300C9B8BB101210D9888469847019BB3
:103AF000002BEAD1E8E70C9B53B1D0460D98514614
:103B00009847404603B0BDE8F08F4FF00108D9E771
:103B1000D046404603B0BDE8F08F00BFC8920724EE
:103B2000D0920724CC9207242DE9F04F814683B030
:103B30000F461646984600F12804204601F0C8FCBE
:103B40000128FAD182464846FFF7B0FE0546002814
:103B500038D1EFF31083019372B699F90830DFF88A
:103B60008890DFF888B089F800300D9BDFF880A0DE
:103B7000CBF800300E9BCAF800300C9B0BB10E98AE
:103B800098471FFA88F33A463146204601F0CEF8AE
:103B900030B9019B03B962B6284603B0BDE8F08F87
:103BA0000023CBF80030CAF80030FF2389F800303A
:103BB0000D9B8BB101210E980D469847019B002B60
:103BC000EAD1E8E70D9B4BB155460E985146984710
:103BD000284603B0BDE8F08F0125DAE755462846B0
:103BE00003B0BDE8F08F00BFCC920724C892072431
:103BF000D09207242DE9F043002387B00222044627
:103C000005690493CDE90223D0E902128E00FAB1CE
:103C1000022D7AD02178B5FA85F54FF00108276A90
:103C20000B294FEA551521D1A2780B2A02D0B8F101
:103C3000000F38D123790B2B01D0002D6CD1A37943
:103C400017B10B2B40F09980002007B0BDE8F0833E
:103C500035F002032178276A0CBF4FF001084FF0BE
:103C60000008023D18BF01250B29DDD07D4B94F8DB
:103C700001C053F8262010780B2802D0884200F0AB
:103C8000AD80D378D01C994202D10B2B40F0BD807F
:103C90009379901D8B4202D10B2B40F0BC80012008
:103CA00007B0BDE8F083711C6E4BE07853F821300B
:103CB00019780B2902D08A4200F0B580D97803F137
:103CC000030C0B2902D08A4200F0BB80997903F1E2
:103CD000060C0B29E3D08A42E1D1DB798342DED1A5
:103CE000634604F102099B7848460593F9F7D6FC30
:103CF00080464846F9F7DAFC01A901904046F9F7F9
:103D000085FD23790B2B98D199E70178076A0B2958
:103D100040F0868001258DE7B11C524A607952F847
:103D2000212011780B2902D08B4200F08180D178BC
:103D3000D51C0B2902D08B4200F08D809179951D06
:103D40008B42ACD10B29AAD0D3798342A7D12A4682
:103D5000251D937828460593F9F7A0FC03462846CD
:103D60001D46F9F7A3FC01A901902846F9F74EFD7D
:103D7000A379002F7FF465AF66E7F11C394AE0793B
:103D800052F8212011780B2901D08B425FD0D178D5
:103D9000D51C0B2901D08B424FD09179951D8B42B8
:103DA0007FF47DAF0B293FF47AAFD37983427FF460
:103DB00076AF2A46A51D937828460593F9F76EFC41
:103DC00004462846F9F772FC034601A920460193F0
:103DD000F9F71CFD002007B0BDE8F0835378634578
:103DE0007FF44FAF937820460593F9F757FC81464F
:103DF0002046F9F75BFC01A901904846F9F706FD5A
:103E0000A2780B2A7FF413AF14E7137963457FF48C
:103E10003FAF0246E6E7D37963457FF440AFF8E76A
:103E20009846012522E7597881427FF447AF58E749
:103E3000517881427FF47BAF8AE711798142ACD11E
:103E4000B7E7197981427FF441AF634649E751787A
:103E500081429CD1AEE7117981427FF46FAF2A464F
:103E600076E700BFF4920108654A0368934200F0C8
:103E7000B980A2F57842934200F0B68002F58062E4
:103E8000934200F0B38002F57842934200F0B08094
:103E900002F5E052934200F0AD805A4A934240F05E
:103EA000AB8005234FF4D071574A01FB03F310B5E3
:103EB000D418D05C86B0F9F701FCA078F9F7FEFBC6
:103EC0002079F9F7FBFBA079F9F7F8FBA368052B3C
:103ED00011D8DFE803F0192F455B71034B4BD3F882
:103EE000F42042F02002C3F8F420D3F8F43003F0B9
:103EF00020030593059B2046FFF77CFE012801D097
:103F000006B010BDFFBEFEE7404B00222320D3F8D1
:103F1000F01041F48051C3F8F0101146D3F8F0309E
:103F200003F480530093009BF2F714F92320F2F777
:103F30004FF9E0E7354B00222420D3F8E81041F494
:103F40008041C3F8E8101146D3F8E83003F4804309
:103F50000193019BF2F7FEF82420F2F739F9CAE742
:103F60002A4B00223320D3F8E81041F40041C3F873
:103F7000E8101146D3F8E83003F400430293029BA3
:103F8000F2F7E8F83320F2F723F9B4E71F4B0022E9
:103F90005420D3F8F01041F40051C3F8F01011464A
:103FA000D3F8F03003F400530393039BF2F7D2F8F5
:103FB0005420F2F70DF99EE7144B00225520D3F858
:103FC000F01041F48011C3F8F0101146D3F8F0302E
:103FD00003F480130493049BF2F7BCF85520F2F726
:103FE000F7F888E700235DE701235BE7022359E741
:103FF000032357E7042355E700231B78FFDE00BFA8
:104000000030014000140058A888072400440258DA
:104010002DE9F043002289B01B4B01210DF1040C66
:104020009E461A4B0791E146E04667460EF11C0694
:104030000EF138050EF15404CDE90122CDE9032239
:10404000CDE90522FF221A70BCE80F00AEE80F0090
:104050009CE807008EE80700B9E80F000FC69CE84F
:10406000070086E80700B8E80F000FC59CE80700C6
:1040700085E807000FCF0FC49CE8070084E807001D
:1040800009B0BDE8F08300BF20030024CC920724D0
:10409000014801F0F1B800BFD0880724014801F0C1
:1040A000EBB800BF708A0724014801F0E5B800BFF3
:1040B000108C0724014801F0DFB800BFB08D072441
:1040C000014801F0D9B800BF508F072410B5EFF3B5
:1040D000108472B6084B1A78120602D504B962B67B
:1040E00010BD1B784FF4D07204485BB202FB030092
:1040F000B030F2F759FDF1E7CC920724A8880724E5
:1041000010B5EFF3108472B6094B1A78120602D577
:1041100004B962B610BD1B784FF4D07205485BB28B
:1041200002FB030000F59470F2F73EFDF0E700BFDC
:10413000CC920724A88807242DE9F04184B0EFF33E
:10414000108772B6284AFF21284C1368217023B1CA
:1041500000211160264A1068984723781B061CD559
:10416000DFF894800025234E4446216879B16268C7
:104170006AB1A369012B22D0A3B9636930460193C8
:1041800023690093E3682289FFF76AFC18B30135BD
:104190001C3406F5D076042DE7D107B962B604B019
:1041A000BDE8F081D4E90430CDE90130E06823892D
:1041B00000903046FFF7B8FC0028E8D10BE0D4E9C6
:1041C00004301146CDE900303046E3682289FFF71C
:1041D000E3FB0028DBD1C5EBC50508EB850348F8F8
:1041E00025005860D9E700BFC8920724CC92072465
:1041F000D0920724A8880724200300242DE9F04149
:1042000084B0EFF3108772B6284AFF21284C136858
:10421000217023B100211160264A10689847237845
:104220001B061CD5DFF894800025234E44462168E8
:1042300079B162686AB1A369012B22D0A3B963691D
:104240003046019323690093E3682289FFF708FC55
:1042500018B301351C3406F5D076042DE7D107B923
:1042600062B604B0BDE8F081D4E90430CDE9013094
:10427000E068238900903046FFF756FC0028E8D11B
:104280000BE0D4E904301146CDE900303046E36854
:104290002289FFF781FB0028DBD1C5EBC50508EBC0
:1042A000850348F825005860D9E700BFC892072465
:1042B000CC920724D0920724A88807242003002446
:1042C0002DE9F04184B0EFF3108772B6284AFF2140
:1042D000284C1368217023B100211160264A106810
:1042E000984723781B061CD5DFF894800025234EC1
:1042F0004446216879B162686AB1A369012B22D072
:10430000A3B963693046019323690093E368228966
:10431000FFF7A6FB18B301351C3406F5D076042D43
:10432000E7D107B962B604B0BDE8F081D4E9043042
:10433000CDE90130E068238900903046FFF7F4FBB7
:104340000028E8D10BE0D4E904301146CDE9003073
:104350003046E3682289FFF71FFB0028DBD1C5EB5D
:10436000C50508EB850348F825005860D9E700BF6C
:10437000C8920724CC920724D0920724A888072447
:10438000200300242DE9F04184B0EFF3108772B6CA
:1043900000F066FB284A294CFF21136821702BB1DD
:1043A000002111600121264A1068984723781B06D6
:1043B0001CD5DFF894800025224E4446216879B14F
:1043C00062686AB1A369012B22D0A3B96369304640
:1043D000019323690093E3682289FFF741FB18B337
:1043E00001351C3406F5D076042DE7D107B962B645
:1043F00004B0BDE8F081D4E90430CDE90130E068D3
:10440000238900903046FFF78FFB0028E8D10BE0AE
:10441000D4E904301146CDE900303046E368228902
:10442000FFF7BAFA0028DBD1C5EBC50508EB850319
:1044300048F825005860D9E7C8920724CC92072491
:10444000D0920724A88807242003002430B4544BBA
:10445000002108220220534CD9615862C3F8BC11D4
:10446000C3F8C401C3F85C13C3F86403C3F8F424AD
:10447000C3F8F814C3F8FC14C3F80405C3F8942671
:10448000C3F89816C3F89C16C3F8A406C3F83428DA
:10449000C3F83818C3F83C18C3F84408424D4348E1
:1044A000C3E90521C3E96D21C3E9D5212288A37899
:1044B0003F49EA80CA800B723E492B72CA800B7258
:1044C0002168A0F803204371C28003723A4C3B4834
:1044D000E2802372A0F80320394C4371C28003723A
:1044E0003848E2802372A0F80320374C4371C28021
:1044F0000372080C2180A070A4F803206371E2808D
:104500002372324C324D2180A070A4F803206371D5
:10451000E28023722F4CEA8021802B72A070A4F8D5
:1045200003206371E28023722B4C2180A070A4F8D9
:1045300003206371E2802372284C2180A070A4F8CC
:1045400003206371E2802372254C2180A070A4F8BF
:1045500003206371E2802372224C2180A070A4F8B2
:1045600003206371E28023721F4C21801F49A070D9
:10457000A4F803201E486371E2802372A1F803208F
:104580001C4C4B71CA800B721B49E2802372C280A3
:104590000372A1F803204B71CA800B7230BC7047C4
:1045A000A8880724F0920108A8020024CC02002465
:1045B0009C02002460020024B4020024F0020024C3
:1045C000D8020024780200249892072480920724BD
:1045D000E40200248C92072468920724BC920724EA
:1045E000A4920724B0920724749207241403002491
:1045F00008030024FC02002484020024714A03689A
:1046000011698B4200B587B04BD0916E8B4200F0A0
:10461000B680D2F8C0108B4200F0B380D2F81811E7
:104620008B4200F0B080B3F1804F1ED0664A9342B7
:104630000DD0664A934200F0A880654A934200F08C
:10464000B280644A93421ED007B05DF804FB624B0F
:10465000D3F8E82042F00202C3F8E820D3F8E830AB
:1046600003F002030293029BEEE75B4BD3F8E820D2
:1046700042F00102C3F8E820D3F8E83003F0010368
:104680000193019BE0E7544BD3F8E82042F010027D
:10469000C3F8E820D3F8E83003F010030593059B36
:1046A000D2E700205821B3F1804F01FB0022127B9A
:1046B0001ED045498B4235D044498B4248D04449AD
:1046C0008B42BED1444BD3F8E81041F00801C3F847
:1046D000E810D3F8E83003F008030493049B002AA1
:1046E000B2D0322000220F21F1F734FD322014E045
:1046F000394BD3F8E81041F00101C3F8E810D3F8C2
:10470000E83003F001030193019B002A9CD01C2098
:1047100000220F21F1F71EFD1C2007B05DF804EB0D
:10472000F1F756BD2C4BD3F8E81041F00201C3F865
:10473000E810D3F8E83003F002030293029B002A4A
:1047400082D01D2000220F21F1F704FD1D20E4E797
:10475000214BD3F8E81041F00401C3F8E810D3F876
:10476000E83003F004030393039B002A3FF46CAF8B
:104770001E2000220F21F1F7EDFC1E20CDE70120C5
:1047800090E702208EE703208CE7134BD3F8E82054
:1047900042F00402C3F8E820D3F8E83003F0040341
:1047A0000393039B50E70C4BD3F8E82042F0080238
:1047B000C3F8E820D3F8E83003F008030493049B1F
:1047C00042E700BFD49207240004004000080040E4
:1047D000000C004000100040004402580F4B0268DB
:1047E00019698A420BD0996E8A4211D0D3F8C01051
:1047F0008A420FD0D3F818118A420DD07047002199
:10480000582202FB01331A6D002AF7D0586D104769
:104810000121F5E70221F3E70321F1E7D492072410
:10482000014800F0EFBF00BFE4920724014800F008
:10483000E9BF00BF3C930724014800F0E3BF00BF7D
:1048400094930724014800F0DDBF00BFEC930724D8
:10485000F0B54FF0580C0F682E4D8DB00CFB07FCD7
:10486000032F05EB0C06066047DC0B460868344650
:1048700049689A6807C41B7B237004AC7268264B96
:10488000002A4FF00002726118BF1022B2610FCBF4
:1048900084E80F000CAB03EB870353F8203CB3F123
:1048A000804F336124D01D4A934221D030890CF1CE
:1048B000100458230021802203FB07532C44C3E932
:1048C00007019A62204600F007FE034600B1FEE7AA
:1048D0004FF4805208A92046099301930892CDE92C
:1048E0000A33CDE9023300F0C7FE034640B1FEE7CC
:1048F000582303FB07539868D9E701200DB0F0BD9A
:1049000001A920460193039301F034F80028F5D063
:10491000FEE700BFD4920724107E0108000C00407F
:10492000006808B5037B10302BB100F08FFE003813
:1049300018BF012008BD00F06FFE003818BF01202D
:1049400008BD00BF0C4B00224FF0FF311A73996075
:10495000196683F86420C3F8B81083F8BC20C3F844
:10496000101183F81421C3E90022C3E91622C3E918
:104970002C22C3E942227047D4920724034688B10F
:1049800090F83D20022A03D0802201209A667047C9
:1049900002680421002083F83D10D36823F001034E
:1049A000D36070470120704703682C495A6910B4DE
:1049B0009C6944F008049C619C6944F010049C616B
:1049C0001C6824F001041C601C692140196199686D
:1049D00021F44041996090F88110042901D091069A
:1049E00030D490F88110032901D054061FD49105CA
:1049F00009D5D0F8841041F00101C0F884109969FC
:104A000041F400719961D20509D5D0F8842042F0B3
:104A10000802C0F884209A6942F480729A610023E7
:104A20005DF8044BA0F86230A0F86A307047D0F807
:104A3000841041F00401C0F88410996941F04001EC
:104A40009961D4E7D0F8841041F08001C0F8841057
:104A5000996941F020019961C3E700BF90FCFFFF15
:104A6000002800F0A48002680021F8B5514B0446EC
:104A700081629A4216D0A3F578439A4212D003F588
:104A80008063C0689A4200F08A800F2808D8E16BE2
:104A900000F108034D09DB0805FB0333082B15D98A
:104AA0000120F8BDE068E16B00F10803414E4D09BB
:104AB000DB0805FB0333404DAA4218BFB24203D0C6
:104AC00005F58065AA4201D1102BE9D894F8813010
:104AD00003F0FF05002B58D0002702236568A66B62
:104AE00084F88130136823F001031360A369B3F1E4
:104AF000806F3ED03943676B3B43676A3B4327690E
:104B00003B4367693B43276A3B43E76C3B43A768EA
:104B10003B43A76C3B43A76D3B432B433343E669C1
:104B2000314308439060D360B5B9936823F4C05310
:104B300043F400639360936823F4C06343F4806399
:104B40009360136D23F00103136500200123C4F863
:104B5000840084F88130F8BD136D23F001031365E0
:104B60006B02F2D5D368616D23F000430B43D36031
:104B7000EBE7B5F5800FBDD1002EBBD1D2F800C058
:104B80004CF4805CC2F800C0B4E7204684F8805042
:104B9000FFF76AF92268A76AE16BE0689DE7E16BBD
:104BA00000F108034D09DB0805FB03338CE7012006
:104BB000704700BF0030014000380040F8B590F861
:104BC0008030012B00F08C8090F881301546012256
:104BD0000446DEB2934280F880206AD1002963D077
:104BE000B5FA85F35B09002D5ED003224366A0F879
:104BF000683080F88120C0F88430A0F86250A0F8B6
:104C00006A30C165A0F86050C0E91C338368B3F511
:104C1000C02F04D10268136843F400631360E36893
:104C2000A06F0F2B4BD98369B3F5804F3CD122681D
:104C30003A4B3B4F2032036452F8183CC763394F5C
:104C400023F40043C7640027076542F8183CB4F812
:104C500062309BB2F1F7EEFD002844D1A36F324AD7
:104C6000DB69B3F5807F2368596802EA010218BF47
:104C70002A435A609A68616842F40042B1F5800F95
:104C80009A601A6942F448721A611A6842F0010285
:104C90001A6003D11A6842F400721A6000231E469B
:104CA00084F880303046F8BD002384F880303046E8
:104CB000F8BD0023022680F880303046F8BD072B6F
:104CC00083691AD8B3F5005F20D0B3F5804FAED119
:104CD000B4F862309BB203339B08A4F86230A6E7B5
:104CE00002263046F8BDD4F88430012243F0100388
:104CF000C4F8843084F88120D9E7B3F5804F05D01B
:104D0000B3F5005FD0D1B3F5804F90D1B4F86230E5
:104D10009BB201335B08A4F8623088E77551010843
:104D2000F9500108A15101080000FFFF70B51D46B0
:104D300090F88030012B00F0B9800123044680F800
:104D4000803090F881304068DBB2B0F5800F7DD0C4
:104D5000012B40F08580002D18BF002A71D000295A
:104D60006FD094F88130042B02D0052384F8813071
:104D70000023E1652168C4F88430A4F86250A4F8E7
:104D80006A50A4F860506266A4F86850C4E91C3305
:104D90008B6823F440438B60E3680F2B65D9E06F89
:104DA0008369B3F5804F4CD194F88130042B00F027
:104DB0008A805E4B03645E4BC3635E4E3031B4F851
:104DC0006A30C66400269BB20665F1F733FD002801
:104DD0006ED12268A16F9368203243F4804342F879
:104DE000183CB4F86230C1E90F00C1E913009BB26E
:104DF0000846E16DF1F71EFD002859D1A36FDB696C
:104E0000B3F5807F236863D059684B4A0A402A4330
:104E10005A609A68616842F40042B1F5800F9A6066
:104E20001A6942F458721A611A6842F001021A6053
:104E300003D11A6842F400721A60002384F88030AB
:104E400070BD0023012084F8803070BDA068002868
:104E50007FF47EAF042B3FF47EAF012B3FF47BAF9A
:104E60000023022084F8803070BD072B35D8A36F53
:104E70009B69B3F5005F50D0B3F5804F06D1B4F80D
:104E800062309BB203339B08A4F86230E06F836901
:104E9000B3F5005F39D0B3F5804F85D1B4F86A30EF
:104EA0009BB203339B08A4F86A307DE7022070BDF3
:104EB000D4F88430012243F010031046C4F8843043
:104EC00084F8812070BD1D4B03641D4BC36374E7E0
:104ED0005968194A0A405A609BE7E06F8369B3F545
:104EE000005F02D0B3F5804FABD1A66FB669B6F5BF
:104EF000804F06D1B4F86260B6B201367608A4F8E5
:104F00006260B3F5804F7FF44FAFB4F86A309BB264
:104F100001335B08A4F86A3046E7B4F862309BB20C
:104F200001335B08A4F86230B0E700BF9551010877
:104F300049510108A15101080000FFFF85510108F6
:104F4000215101082DE9F0411546826804460E46BC
:104F500022B94368B3F5800F00F0958094F8803053
:104F6000012B00F09980012384F8803094F881307F
:104F7000012BDFB269D1002E61D0B5FA85F35B0950
:104F8000002D5CD00421B2F5C02F666684F8811034
:104F9000A4F86850C4F88430A4F86030A4F86A50CB
:104FA000A4F86230C4E91C3304D12268136823F4E6
:104FB00000631360E3680F2B4ED9E06F8369B3F58C
:104FC000804F3CD121688B6823F480438B6032464C
:104FD000454EB4F86A3030310664444E9BB2C66325
:104FE000434EC66400260665F1F724FC002857D11D
:104FF000E36F404ADB69B3F5807F2368596802EAB2
:10500000010218BF2A435A609A68616842F48042DC
:10501000B1F5800F9A601A6942F450721A611A68E9
:1050200042F001021A6003D11A6842F400721A6059
:1050300000231F4684F880303846BDE8F081002305
:1050400084F880303846BDE8F0810023022784F8D8
:1050500080303846BDE8F081072B2BD82168E06FFF
:105060008B6823F480438B608369B3F5005F32D093
:10507000B3F5804FABD1B4F86A309BB203339B08D1
:10508000A4F86A30A3E72B4604250A4680F881502D
:10509000BDE8F041FFF74ABE02273846BDE8F0817F
:1050A000D4F88430012243F01003C4F8843084F82B
:1050B0008120C7E7E06F8269B2F5804F02D0B2F578
:1050C000005FBCD12168B2F5804F8B6823F4804328
:1050D0008B607FF47CAFB4F86A309BB201335B081D
:1050E000A4F86A3073E700BF855101082151010817
:1050F000A15101080000FFFF806B08B590F88130D6
:10510000072B09D0836FDB69B3F5807F05D0026878
:10511000136943F00803136108BDFFF70DF808BDDC
:10512000806B08B590F88130072B09D0C36FDB691D
:10513000B3F5807F05D00268136943F0080313615B
:1051400008BDFFF75BF808BD806B08B590F88130AB
:10515000072B09D0836FDB69B3F5807F05D0026828
:10516000136943F00803136108BDFFF7A9F808BDF0
:10517000704700BF806B08B5FFF7FAFF08BD00BF9E
:10518000704700BF806B08B5FFF7FAFF08BD00BF8E
:10519000704700BF806B08B5FFF7FAFF08BD00BF7E
:1051A00010B5846BF2F750F8022800D110BD2368C7
:1051B00030495A69986940F008009861986940F050
:1051C00010009861186820F001001860186901400B
:1051D0001961996821F44041996094F8811004297B
:1051E00001D091063AD494F88110032901D05006D9
:1051F00029D4910509D5D4F8841041F00101C4F8EF
:105200008410996941F400719961D20509D5D4F8E7
:10521000842042F00802C4F884209A6942F4807223
:105220009A61002301222046A4F86230A4F86A3073
:10523000D4F8843043F01003C4F8843084F881201B
:10524000FFF7A0F810BDD4F8841041F00401C4F8B1
:105250008410996941F040019961CAE7D4F884103B
:1052600041F08001C4F88410996941F020019961EE
:10527000B9E700BF90FCFFFF036819695A692DE97F
:10528000F04101EA02059F68044690F8816005F04C
:10529000640CBCF1040F2FD005F04500012834D078
:1052A00005F02600022800F0DF80280770D59A69F3
:1052B00017F4404FF6B242F008029A619A6942F040
:1052C00010029A619A6942F400629A611A6922F0A6
:1052D00008021A6123D0042E00F0DE80A26FD2698A
:1052E000EAB1032E50D0E26FD269C2B1052E14D1BB
:1052F0002046FEF7E5FF10E0436F9847236F2046F6
:10530000984705F04503012B02D1236F20469847AB
:1053100005F02605022D00F0A780BDE8F0819A680F
:1053200012F4404F1FD1B4F86A2092B2DAB1626E23
:105330000EE01B6B42F8043B6266B4F86A30013B36
:105340009BB2A4F86A30B4F86A309BB25BB12368B0
:10535000E1680F29EDD8072940F292801B8E22F8D0
:10536000023B6266E9E72046FFF71EFB012384F853
:105370008130D4F88430002B7FD1052EB8D0042E94
:1053800000F08F80032EC8D12046FEF7D5FEC4E77B
:10539000100501D50A077AD415F4587FBDD06E06E2
:1053A00009D5D4F8842042F00402C4F884209A6914
:1053B00042F040029A61A80509D5D4F8842042F051
:1053C0000102C4F884209A6942F400729A61E905E6
:1053D00009D5D4F8842042F00802C4F884209A69E0
:1053E00042F480729A61AA0609D5D4F8842042F06A
:1053F0008002C4F884209A6942F020029A61D4F8AD
:105400008420002A89D0196807F44047274A21F0F0
:105410000101B7F5404F1960196902EA01021A61EA
:1054200027D19A68E06F22F440429A6050B1204B35
:105430000365F1F71FFB28B1D4F8843043F0400333
:10544000C4F88430A06F00283FF467AF184B0365A1
:10545000F1F710FB00283FF460AFD4F8843043F03C
:105460004003C4F8843058E7636F2046BDE8F0413C
:1054700018470123204684F88130FEF783FF4CE76C
:1054800093F830301370626E0132626655E79A69A4
:1054900042F400629A6140E7E26FD269002A3FF469
:1054A0003EAF2046FEF7AAFE37E700BF94FCFFFFA1
:1054B000B554010808B5806B00230122A0F86A30BA
:1054C000A0F8623080F88120FEF75CFF08BD00BFC5
:1054D00090F88100704700BF002800F08F8038B539
:1054E00090F83D30044603F0FF02002B60D02268A4
:1054F00002234349B2F1804F84F83D30A2EB010111
:105500001368B1FA81F14FEA511127D031BB3D4800
:105510003D4D824251D000F5806082424DD0551BF6
:1055200000F58060B5FA85F582424FEA55154DD0F9
:10553000002D4BD1354836498A4218BF82424FD0A0
:1055400001F580618A424BD0A06923F08003E168B5
:10555000034313606368D162936223E02A4D23F012
:105560007003A068551B0343B5FA85F56D092069E2
:1055700023F440730343A06923F0800303431360C3
:10558000E368D3626368936251B94DB91F49204BF8
:105590009A4218BF8A4203D003F580639A4201D130
:1055A0006369136301230020536184F83D3038BDE3
:1055B00080F83C20FFF722F899E7551B23F0700391
:1055C000A068B5FA85F503436D09D0E7A06823F01C
:1055D000700303430F488242C9D0002DC7D1A9E709
:1055E000206923F44073A1690343E06823F080033A
:1055F0000B4361681360D0629162C7E70120704776
:10560000000001400004004000040140004001404F
:1056100000440140000C00404FF0020C01680A4AAF
:10562000034680F83DC088680240062A06D0B2F5DD
:10563000803F03D00A6842F001020A600122002084
:1056400083F83D20704700BF070001000368094A46
:10565000D96841F00101D96099680A40062A06D04C
:10566000B2F5803F03D01A6842F001021A600020B0
:10567000704700BF0700010090F83C30012B7DD03F
:1056800002460223006830B4012482F83D3082F8DB
:105690003C40544C83681C400B68602B84606FD086
:1056A0001DD9B3F5005F59D042D94F498B4206D07E
:1056B00038D94E498B4202D010318B4206D18468D2
:1056C0004B4921400B4343F0070383600023012132
:1056D000184682F83D1082F83C3030BC7047402BB1
:1056E00067D019D9502BF1D1036A4C68CD6823F0EB
:1056F0000A03016A1C433E4B21F0010101628169EA
:1057000021F0F00141EA05118161046281680B40DA
:1057100043F057038360D9E7202BD0D01AD9302B20
:10572000D4D1CCE723F01001B1F5801FCED1C6E76C
:10573000702BCBD18468D1E901532B43CD6824F47D
:105740007F4143EA05230B438360836843F077037B
:105750008360BBE733F01001B8D1B0E7D1E9015362
:1057600084682B43CD6824F47F4143EA05230B432F
:105770008360836843F480438360A7E70220704717
:10578000046A4D6824F01004C9680462836923F434
:10579000704343EA0133016A21F0A0018361144B95
:1057A00041EA0511016281680B4043F067038360A1
:1057B0008CE7036A4C68CD6823F00A03016A1C4336
:1057C0000B4B21F001010162816921F0F00141EAF6
:1057D00005118161046281680B4043F047038360D7
:1057E00074E700BF8800CEFF2000100030001000DA
:1057F0008FFFCFFF704700BF704700BF704700BFEB
:10580000704700BF03681A69910710B5044602D5B6
:10581000DA68920768D41A69520702D5DA68500725
:105820004FD41A69110702D5DA68120737D41A69FA
:10583000D00602D5DA68D1061ED41A69D20702D57D
:10584000DA68D00769D41A69110602D5DA68120637
:105850006BD41A69D00502D5DA6811066DD41A69BD
:10586000520602D5DA6850066FD41A69910602D53D
:10587000DA68920649D410BD6FF010010822204664
:1058800019612277DB6913F4407F6FD1FFF7B2FF14
:105890002046FFF7B3FF002223682277CDE76FF0A1
:1058A00008010422204619612277DB699B075AD13F
:1058B000FFF7A0FF2046FFF7A1FF00222368227711
:1058C000B5E76FF0040102222046196122779B6937
:1058D00013F4407F44D1FFF78DFF2046FFF78EFF82
:1058E0000022236822779CE76FF0020101221961F0
:1058F00002779B69990730D1FFF77CFF2046FFF7BD
:105900007DFF00222368227785E76FF02002204682
:105910001A61BDE8104000F05FB86FF00102204648
:105920001A61FEF75BFF23688DE76FF08002204667
:105930001A6100F053F823688BE76FF480722046F9
:105940001A6100F04DF8236889E76FF040022046A5
:105950001A61FFF755FF236887E7FFF74DFFD0E790
:10596000FFF74AFFBCE7FFF747FFA6E7FFF744FF53
:1059700091E700BF90F83C20012A28D00346006838
:10598000022230B4134D83F83D20A8424268846857
:1059900018D005F58065A84214D024F0800C22F0C0
:1059A00070020C688968224300244CEA01014FF020
:1059B000010C42608160204683F83DC083F83C4082
:1059C00030BC704722F470024D682A43E5E702209C
:1059D000704700BF00000140704700BF704700BF24
:1059E000704700BFDFED067AD0ED016A60EE277ADE
:1059F00080ED000A87EEA67A80ED027A704700BF3C
:105A0000DB0FC940D0ED036A0023D0ED027A9FED91
:105A10000B7A76EEA77A86EE870AF4EEC77AF1EE75
:105A200010FAC8BF77EEC77AF5EEC07AC0ED037AF8
:105A3000F1EE10FA48BFC360704700BFDB0FC940EA
:105A400070B504464FF416520021243004F5005579
:105A50002DED048BB0EE408A84ED000A00F078FF53
:105A6000DFED546A9FED547A002087FE267ADFED41
:105A7000536A0121DFED527A05F2A456C6EE888AF8
:105A80009FED509A9FED506A0023504A05F2A455AD
:105A9000636022614FF4165227EE277AD4ED027A22
:105AA000F5EEC07ADFED4A7A27EE087AC7FE897AEA
:105AB000F1EE10FA84ED057AC7FEC67A27EE277A52
:105AC000B5EE006AFDEE007A48BFF1EE686A84ED3B
:105AD000037A58BFF0EE686AC6FEA77AC4E90701E8
:105AE00042F2C8500021C7FEC67A2044C4ED027AB3
:105AF00086ED008A04F5804400F02AFFDFED307A5D
:105B0000DFED2C6A00239FED2C7A012287FE267A96
:105B100027EE277AD6ED026AEB61B5EE005AF4EE75
:105B2000C96A2A4B67EE087A2A629FED267AF7EE59
:105B3000005A9FED256AF1EE10FAC6ED057A04F5DC
:105B40003560DFED236A04F64832C6FE876AC6FE7A
:105B5000C66A67EEA67A336104F64C3386ED019A85
:105B600048BFF1EE688A4FF07C51C5ED037ABDEE77
:105B7000006AC8FE867A85FE076AC7FEC57A86FE79
:105B8000656AC5ED027AF6EE086A83ED006A04F6EE
:105B9000583304F65434C6FE877ABDEC048BC7FE36
:105BA000E57AC0ED007A116083ED007A84ED007A29
:105BB00070BD00BFCDCCC040CDCCCC3D9A99993FB3
:105BC0006F12833A000000007B146E3FCDCC4C3E38
:105BD0006666663F00F580420023B7EE006A02F673
:105BE0005831F0EE406AF0B502F6543423600B6091
:105BF00090ED027AD0ED017A77EE277AF4EEC67A4C
:105C0000F1EE10FA40F3F28077EEC67AB1EE477A01
:105C100076EE677A80ED027AC0ED017A90ED037A34
:105C200040F65F1390ED056A4FF41665C169B7EE53
:105C3000005AA7EE876A90ED043A00EB810EF6EE6B
:105C4000003A9FED7E7AB0EE470AFDEEC65A15EE99
:105C5000904AF8EEE55AA34236EE656A28BF23461D
:105C6000774C03620B4480ED066A01F65F11A4FBDA
:105C7000037603F1010C360A05FB163300EB8303B0
:105C8000D3ED097AA4FB0C63A4FB01641B0A240A6C
:105C900005FB13CC02F64C3305FB141400F5005140
:105CA00000EB8C0CD3ED004A01F5B563DCED095A2D
:105CB00035EE644A75EEE75AE6EE257AB0EE666A8E
:105CC000A7EE836A76EEA77A67EEA37A8EED096A6D
:105CD000C46101F2AC50A7EE840AA7EEA47A90ED5D
:105CE000006AD3ED007A76EE277AF4EEC57AF1EE0B
:105CF00010FA40F38E8077EEC57AB1EE466A75EE03
:105D0000677AC3ED007A80ED006A01F5B66501F5AA
:105D1000B76040F65F1301F2BC54D5ED005A02F5AE
:105D2000356690ED006A4FF4166ED1F8C005B6EEF8
:105D3000004AA5EEA76AD6ED004AF7EE005A75EEC6
:105D4000E45AFDEEC67A17EE905AF8EEE77AAB42C7
:105D500076EE677A28BF2B46394DC4ED007AC1F83C
:105D6000C4350344A5FB037603F1010C360A0EFB90
:105D7000163304EB830393ED036AA5FB0C631B0A44
:105D80000EFB13CC04EB8C0C04EB800400F65F10CC
:105D90009CED035AA5FB005301F2B45535EE465A6B
:105DA0001B0AA7EE856A0EFB130002F6483393ED3B
:105DB000005A02F6543302F6583276EE867A67EECF
:105DC000847AA5EEA70AA4EEA77AD5ED007AE6EECE
:105DD000276A20EE050A27EE057AC4ED036AC1F8AA
:105DE000C00583ED000A82ED007AF0BDFFEE005A97
:105DF000F4EEE57AF1EE10FA7FF50EAF77EE867AE3
:105E0000B1EE477A75EEE77A80ED027AC0ED017A5D
:105E100004E7FFEE005AF4EEE57AF1EE10FA02D450
:105E2000C3ED007A71E777EE857AB1EE466A75EEDA
:105E3000E77AC3ED007A80ED006A66E700000000B3
:105E4000B5814E1B44F65433034493ED000A70476A
:105E500044F65833034493ED000A704742F2A453CA
:105E60009FED0A7ADFED0A7A034480FE070A90ED7F
:105E7000057A80FE670AD3ED057A27EE007A27EED1
:105E8000800A80ED037A83ED030A7047000000006A
:105E90007B146E3FF1EE007AD0ED006A90ED027A4D
:105EA00000F5005320EE270A03F2A452B5EEC07AA3
:105EB00003F2A453B5EE007AC0EE267AF1EE10FAA2
:105EC000FDEE006A48BFF1EE677AC7FEA67AD2ED12
:105ED000006AC7FEC77AC0ED027AC0EE267A92ED5C
:105EE000027AB5EEC07AFDEE006AB5EE007AF1EE08
:105EF00010FA48BFF1EE677AC7FEA67AC7FEC77AE6
:105F0000C3ED027A704700BFDFED147A42F2A4536A
:105F10009FED136AF0EE676A9FED127A0344E0EE9C
:105F2000066A93ED006AC7FEA67A67EE877A90ED5F
:105F3000007AD0ED036A27EE877A67EE867AC6FE8E
:105F4000C76AC0ED036AD3ED036A80ED057AC3ED3D
:105F5000057AC6FEE77AC3ED037A7047CDCCCC3D17
:105F6000CDCCFC406F12833A42F2A453F7EE007A94
:105F70009FED057A034480FE070A80FE670A80EDE4
:105F8000040A83ED040A7047000000000B46014636
:105F9000184600F087BC00F004B800F002B800F02A
:105FA00002B800F0BFBC012838BF012010B504467C
:105FB000204600F0AFFC30B900F006F808B900F058
:105FC00069FC8047F4E710BD024B1868BFF35B8F94
:105FD000704700BF3494072438B510EE104AC4F35C
:105FE0000A53B3F57D7FB7EEC07A1ED227EE077B4A
:105FF000B3F5667F6FD327EE071B634B93ED142B2E
:1060000093ED125B93ED0E3BA7EE025B93ED0C0B51
:1060100093ED104BA7EE030B27EE017BA1EE040BD3
:10602000A5EE070BB7EEC00B38BD40F22E429342EF
:1060300054D8554991ED086B27EE066BFDEEC66B03
:1060400091ED0A5B16EE903A03F500031B1613F070
:10605000020F06EE903A01F1700208BF0A46D80717
:10606000B8EEE66BA6EE457B27EE076B1AD503F07C
:10607000030301EBC30393ED002B92ED1A4B92ED5A
:10608000185B92ED163BA6EE045B27EE027B27EE33
:10609000064B26EE046BA4EE037BA5EE067BB7EE63
:1060A000C70B38BD92ED142B92ED127B92ED0E3B97
:1060B00092ED0C0B92ED104B26EE065BA6EE027BEA
:1060C000A6EE030B26EE056BA5EE040BA7EE060B62
:1060D000B7EEC00B38BDB7EE000A38BDB3F5FF6FA1
:1060E0003DD22A4BC4F3836203EB820153F8222092
:1060F0000D69C4F31603C4F3C25043F40003834094
:10610000086A03FB02F2A3FB0010E3FB050202F1A5
:1061100000518D0F01F04041511AEAF7C7FA1C4BAC
:106120009FED177B05EBD47441EC160B14F0020FB6
:10613000A3F1700208BF1346E90726EE077B27EE9E
:10614000076B10D504F0030402EBC40494ED002B9C
:1061500093ED1A4B93ED185B93ED163B93E7BDE877
:10616000384000F057B893ED142B93ED127B93ED6C
:106170000E3B93ED0C0B93ED104B9DE7AFF30080BE
:10618000182D4454FB21193C48970108E896010852
:10619000B897010810B582B08DED010A044600F0F1
:1061A0008FFB9DED010A046002B010BD30B1F1EE2D
:1061B000407A27EE800A2220FFF7ECBFF0EE407A0B
:1061C00027EE800A2220FFF7E5BF00BF9FED010AFE
:1061D000FFF7ECBF000000109FED010AFFF7E6BFDC
:1061E0000000201A9FED010AFFF7E0BF00000070D9
:1061F0009FED070AFFEE007AB7EE007A00284FF015
:10620000220047FE277A87EE800AFFF7C3BF00BF50
:106210000000000070EE407AB4EE400A87EEA77AE4
:10622000F1EE10FAB0EE470A02D62120FFF7B2BF16
:10623000704700BF10EE103AB3F17E5F3ED0A3F579
:106240000001B1F1FE4F10EE102A3AD2BFEE002B42
:1062500002F14043284903F54D03C3F3C34001EB6A
:10626000001091ED424B91ED447B91ED406B91ED2F
:10627000465BD90DC9052DED028B90ED021B90ED0B
:10628000008B521ADB1500EE103A03EE902AB8EE9E
:10629000C00BB7EEE33A30EE010BA8EE032BBDECDA
:1062A000028B22EE023BA4EE027BA5EE020BA6EED1
:1062B000037BA3EE070BB7EEC00B70479FED0F0AF1
:1062C0007047590014D0B3F1FF4F14D0002B0BDBF3
:1062D000B1F17F4F08D2DFED0A7A60EE277A17EE30
:1062E000903AA3F13862B1E700EE103AFFF792BF9F
:1062F0000120FFF77DBF7047A09401080000000057
:106300000000004B0000000030B410EE103A2DEDFC
:10631000028BA3F5000110EE902AB1F1FE4F10EEB2
:10632000104A82B04FEA42017ED201F1FF3C6FF089
:106330008070844580F0F980002004F1404303F52B
:106340004D03C3F3C341DB0DDB05E21ADB1507EE9A
:10635000903ABFEE001BB24B03EB011191ED004BE5
:1063600005EE102AB7EEC55AA4EE051B93ED444B7B
:1063700021EE012B93ED465B93ED403BA1EE045BD8
:1063800093ED426B93ED484BA1EE036B22EE023B83
:10639000B8EEE78BB7EEE07A91ED020B38EE000B2A
:1063A000A1EE040BA2EE050BA6EE030B27EE000BED
:1063B00010EE903A48F2BF02C3F3CF33934252D269
:1063C000B7EE007B974B93ED402B30EE023B13EE84
:1063D000102A33EE423B02F01F01821803EBC1008A
:1063E00053F83140456830EE433B93ED465B93ED07
:1063F000424BA3EE057BB0EE470B93ED446B0023BD
:10640000181905EBC23141EC170BA3EE046B23EE18
:10641000034BA6EE040B20EE070BB7EEC00B02B049
:10642000BDEC028B30BC70474D1E6FF08070854212
:1064300080F0CE8059004D1E854280F09280002B66
:1064400055DB0020B4F5000FBFF477AFDFED767AAF
:1064500007EE103A67EE277A17EE904A24F00044D0
:10646000A4F1386469E79FED667BB4EEC70BF1EEEB
:1064700010FA15DC9FED647BB4EEC70BF1EE10FA59
:1064800020DD4FF04C5388B10193DDED017ABFEE72
:10649000007A77EE677AF4EE477AF1EE10FA11D0CF
:1064A00002B0BDEC028B30BCFFF79CBE0093DDED6B
:1064B000007AB7EE007A77EE877AF4EE477AF1EE5B
:1064C00010FAEDD19FED527BB4EEC70BF1EE10FA4E
:1064D00057D99FED517BB4EEC70BF1EE10FA7FF563
:1064E0006FAF02B0BDEC028B30BCFFF775BEC2F3DC
:1064F000C7517E2911DD962954DC0120C1F1960196
:1065000000FA01F1481E104207D111EA020018BF3B
:106510004FF4803024F0004494E700EE103A02B0CB
:10652000BDEC028B30BCFFF775BE002952D0B3F131
:106530007E5F2CD06400B4F17F4F2ED8B1F17F4F35
:106540002BD1B4F1FE4F4BD0B4F1FE4F6FEA0202F3
:1065500034BF00240124D20F94424CD09FED330A63
:106560005DE7002B20EE000A1EDB002000293AD157
:10657000002ABFF654AF02B0BDEC028B30BCFFF76F
:1065800037BE02B0BDEC028B30BCFFF71FBE82F4F9
:106590008002520012F5000F22D907EE903A37EE32
:1065A000A00A3CE70020B5E7C2F3C753A3F17F0080
:1065B0001728DAD8C3F19600012303FA00F0441E2D
:1065C0001442D2D11040D1D0B1EE400A1846CDE7E6
:1065D0000029AFD184F48002520012F5000FDCD8FC
:1065E000B7EE000A1BE7002ABFF619AFF7EE007AF4
:1065F00087EE800A13E720EEA00A10E7AFF30080D1
:1066000071D5D1FFFFFF5F40E2AAA3FFFFFF5F400C
:106610000000000000C062C00000000000A062C0D6
:10662000C0950108589301080000004B00000000CD
:1066300030B510EE104AC4F30A53B3F57D7FB7EEC0
:10664000C06A83B01BD226EE065BB3F5667F70D3BB
:1066500026EE052B25EE021B754B93ED1A3B93EDB1
:10666000187B93ED164BA5EE037BA2EE046BB0EE08
:10667000460BA7EE010BB7EEC00B03B030BD40F2E6
:106680002E42934260D86A4991ED087B26EE077B43
:10669000FDEEC77B91ED0A5B17EE903A03F5000320
:1066A0001B1613F0020F07EE903A01F1700208BFBB
:1066B0000A46D807B8EEE77BA7EE456BB0EE460B6F
:1066C00026EE067B1BD403F0030301EBC30392ED1C
:1066D0001A5B93ED003B92ED186B20EE030B92EDED
:1066E000164BA7EE056B20EE075B27EE057BA5EEAC
:1066F000040BA6EE070BB7EEC00B03B030BD92ED56
:10670000142B27EE075B92ED126B92ED0E3BA7EE7A
:10671000026B92ED0C0B92ED104BA7EE030B27EEE4
:10672000057BA5EE040BA6EE070BB7EEC00B03B07E
:1067300030BD220D12F4FF6FDFD1B7EEC55B00EE66
:10674000104A8DED015AD8E7B3F5FF6F4BD2394BA4
:10675000C4F3836203EB820153F822200D69C4F372
:106760001603C4F3C25043F400038340086A03FBDA
:1067700002F2A3FB0010E3FB050202F100518D0FB2
:1067800001F04041511AE9F791FF2B4B9FED267B19
:1067900005EBD47441EC160B14F0020FA3F1700258
:1067A00008BF1346E90726EE077B27EE076B1FD4C9
:1067B00004F0030402EBC40493ED1A4B94ED002B98
:1067C00093ED185B27EE027B93ED163BA6EE045B80
:1067D00027EE064B26EE046BA4EE037BA5EE067BAC
:1067E000B7EEC70B89E703B0BDE83040FFF712BD35
:1067F00093ED142B26EE065B93ED127B93ED0E3B8F
:10680000A6EE027B93ED0C0B93ED104BA6EE030B63
:1068100026EE056BA5EE040BA7EE060BB7EEC00B3C
:106820006BE700BFAFF30080182D4454FB21193CE7
:1068300048970108E8960108B897010808B52DEDBA
:10684000028BB0EE408A00F021F80E4B93F9003035
:1068500001330BD0B4EE488AF1EE10FA06D6DFED24
:106860000A8AB4EEE88AF1EE10FA02D4BDEC028B8B
:1068700008BD00F025F888EEA80ABDEC028B2123A4
:10688000036008BD9003002400000000B1EEC00AC0
:10689000704700BF08B5062000F07EF9012001F026
:1068A00073FA000010B5054C13462CB10A46014698
:1068B0000220AFF3008010BD2046FCE7000000007E
:1068C000014B1868704700BF9403002470B50D4D4C
:1068D0000D4C641BA4100026A64209D10B4D0C4C94
:1068E00003F056F8641BA4100026A64205D170BD23
:1068F00055F8043B98470136EEE755F8043B9847B6
:106900000136F2E7B0990108B0990108B099010881
:10691000D4990108024B0146186800F06DB800BF19
:1069200094030024024B0146186800F019B800BF18
:10693000940300240A44914200F1FF3300D17047D0
:1069400010B511F8014B03F8014F9142F9D110BD78
:1069500002440346934200D1704703F8011BF9E754
:1069600037B5002944D051F8043C0190002BA1F127
:106970000404B8BFE41800F087FA1E4A01981368AF
:1069800033B96360146003B0BDE8304000F082BAF0
:10699000A34208D9256861198B4201BF19685B6859
:1069A00049192160EDE71A465B680BB1A342FAD999
:1069B00011685518A5420BD1246821445418A342EC
:1069C0001160E0D11C685B68536021441160DAE714
:1069D00002D90C230360D6E7256861198B4204BFF6
:1069E00019685B68636004BF491921605460CAE795
:1069F00003B030BD38940724F8B5CD1C25F003054D
:106A000008350C2D38BF0C25002D064601DBA942A8
:106A100003D90C2333600020F8BD00F035FA21497A
:106A20000A6814469CB9204F3B6823B9214630467A
:106A300000F07AF838602946304600F075F8431CBB
:106A400023D10C233360304600F024FAE3E72368B7
:106A50005B1B17D40B2B03D923601C44256004E077
:106A60006368A2420CBF0B605360304600F012FA1C
:106A700004F10B00231D20F00700C21ACCD01B1A12
:106A8000A350C9E722466468CCE7C41C24F0030481
:106A9000A042E3D0211A304600F046F80130DDD1A3
:106AA000CFE700BF389407243C940724164B10B559
:106AB0001C68A36BB3B91820FFF72CFFA06328B99B
:106AC0000246124B12484E2100F0B6F8114A124B02
:106AD000C0E90023114B83600B2383810122002333
:106AE000C0E90423A46B0E4A206963690D4942433F
:106AF00001FB0322A0FB0101431C42EB0100C4E99E
:106B0000043020F0004010BD940300242C980108AC
:106B1000439801080E33CDAB34126DE6ECDE050070
:106B20002DF451582D7F954C38B5064D0023044661
:106B300008462B6001F012F9431C02D12B6803B107
:106B4000236038BD449407241F2938B504460D46F8
:106B500004D9162303604FF0FF3038BD426C12B1E8
:106B600052F821304BB9204600F030F82A46014651
:106B70002046BDE8384000F017B8012B0AD0591C58
:106B800003D1162303600120E7E7002442F82540E3
:106B9000284698470020E0E7024B01461868FFF7B7
:106BA000D3BF00BF9403002438B5074D002304462B
:106BB000084611462B6001F0B9F8431C02D12B683E
:106BC00003B1236038BD00BF4494072401F09EB890
:106BD0000CB430B5174B0C1E1D689DB008DA8B2322
:106BE0002B604FF0FF301DB0BDE8304002B0704761
:106BF0004FF40273ADF8143014BF04F1FF33234691
:106C0000049307934FF6FF7302900690ADF8163089
:106C1000209A21AB02A92846019300F09DF9431C5C
:106C2000BCBF8B232B60002CDDD0029B00221A708E
:106C3000D9E700BF940300241FB514461A46094B38
:106C40001B680546D8684CB1074B0091CDE901346B
:106C500006492B4600F0E4F8FFF71CFE044B1C46E7
:106C6000F3E700BF94030024C0980108CD98010801
:106C7000FB980108002310B50446C0E90033C0E9C1
:106C80000433836081814366C2818361194608228F
:106C90005C30FFF75DFE054B6362054BA362054B5D
:106CA000E362054B2462236310BD00BF3577010802
:106CB000577701088F770108B3770108014900F081
:106CC000C1B800BF8D7A010870B568224D1E5543CA
:106CD0000E4605F17401FFF78FFE044640B1002116
:106CE000C0E900160C30A06005F16802FFF730FE25
:106CF000204670BD014800F0C5B800BF419407248C
:106D0000014800F0C0B800BF41940724014800F0DA
:106D1000B9B800BF42940724014800F0B4B800BFDE
:106D20004294072410B50446FFF7F0FFA3691BB196
:106D3000BDE81040FFF7F0BFC4E912332365134BE1
:106D4000134A1B68A262A34204BF0123A361204629
:106D500000F020F86060204600F01CF8A06020469B
:106D600000F018F80022E06004216068FFF782FF5D
:106D7000A06801220921FFF77DFFE06802221221AD
:106D8000FFF778FF0123A361D2E700BF289801082D
:106D9000BD6C0108F8B50746FFF7ACFF1E4B1E6837
:106DA000B36913B93046FFF7BDFF4836D6E9013461
:106DB000013B03D533680BB33668F7E7B4F90C50E1
:106DC000D5B9164BE36004F15800656600F059F838
:106DD000FFF796FFC4E90155C4E904552560A56194
:106DE0000822294604F15C00FFF7B2FDC4E90D5505
:106DF000C4E912552046F8BD6834D9E70421384665
:106E0000FFF762FF044630600028D5D1FFF778FF16
:106E10000C233B60EEE700BF289801080100FFFF4C
:106E20000EB403B5014603AB054853F8042B0068C4
:106E3000019300F0BBF902B05DF804EB03B07047BA
:106E4000940300242DE9F8430646884600F14804DF
:106E50000027D4E90195B9F1010905D52468002C72
:106E6000F7D13846BDE8F883AB89012B07D9B5F9CE
:106E70000E30013303D029463046C04707436835FA
:106E8000E9E77047704770470148FFF7FBBF00BF55
:106E9000409407240148FFF7F6BF00BF4094072441
:106EA0002DE9F0478E689E4282460C4690461F466A
:106EB00038D88A8912F4906F32D025680969A5EB19
:106EC0000109656905EB450505EBD57501334B44B3
:106ED0006D109D4238BF1D46530531D52946FFF739
:106EE0008BFD064650B90C23CAF80030A38943F045
:106EF0004003A3814FF0FF30BDE8F08721694A4687
:106F0000FFF718FDA38923F4906343F08003A38166
:106F1000266165614E44A5EB09052660A5603E46E5
:106F2000BE4200D93E4620683246414600F062FE2D
:106F3000A3689B1BA3602368334423600020DBE726
:106F40002A4600F071FE06460028E1D1216950462C
:106F5000FFF706FDC7E700002DE9F04F98468B8943
:106F60001B069DB007460D4614460ED50B6963B946
:106F70004021FFF741FD2860286120B90C233B60C8
:106F80004FF0FF30D1E040236B61002309932023B1
:106F90008DF82930CDF80C803023DFF8A8818DF8EA
:106FA0002A304FF0010923469A4613F8012B0AB103
:106FB000252AF9D1BAEB040B0BD05B4622462946B1
:106FC0003846FFF76DFF013000F0AA80099A5A4455
:106FD00009929AF80030002B00F0A28000234FF0B5
:106FE000FF32CDE905230AF1010A049307938DF8D6
:106FF00053301A935446052214F8011B5148E9F7FF
:1070000077F9049AD8B9D00644BF20238DF85330BD
:10701000110744BF2B238DF853309AF800302A2BE8
:1070200015D0079A544600204FF00A0C214611F85B
:10703000013B303B092B4ED9B0B1079214E0A0EBD5
:10704000080309FA03F313430493A246D2E7039B10
:10705000191D1B680391002BBBBF5B4242F002026B
:1070600007930793B8BF049223782E2B0CD1637833
:107070002A2B35D1039B1A1D1B680392002BB8BF26
:107080004FF0FF3302340593DFF8C8A021780322C4
:107090005046E9F72DF940B14023A0EB0A0003FA6E
:1070A00000F0049B03430134049314F8011B2648A9
:1070B0008DF828100622E9F71BF9002838D0234B59
:1070C0001BBB039B073323F0070308330393099B80
:1070D0003344099367E70CFB02320C460120A5E715
:1070E00000230134059319464FF00A0C204610F88E
:1070F000012B303A092A03D9002BC5D00591C3E7EB
:107100000CFB012104460123F0E703AB00932A4660
:107110000F4B04A93846AFF30080421C0646D6D177
:10712000AB895B063FF52CAF09981DB0BDE8F08F29
:1071300003AB00932A46064B04A9384600F0D4F965
:10714000EBE700BF5C9901086699010800000000A8
:10715000A16E0108629901089368013B002B10B4ED
:10716000936008DA9469A34201DB0A2903D15DF830
:10717000044B00F023BB1368581C106019700846BC
:107180005DF8044B7047F8B506460F461446D5180F
:10719000AC4201D1002007E014F8011B3A4630460A
:1071A000FFF7DAFF431CF3D1F8BD00002DE9F04FE3
:1071B0000D469DB014469846064618B183690BB932
:1071C000FFF7B0FD894B9D421BD175686B6ED907E7
:1071D00005D4AB899A0502D4A86DFFF753FEAB899D
:1071E0001B0701D52B69EBB92946304600F04AFB55
:1071F000C0B16B6EDC070ED54FF0FF301DB0BDE89F
:10720000F08F7B4B9D4201D1B568DFE7794B9D4202
:1072100008BFF568DAE7AB899805EDD4A86DFFF7EC
:1072200032FEE9E70023099320238DF82930CDF8B9
:107230000C803023DFF8C0818DF82A304FF001092F
:1072400023469A4613F8012B0AB1252AF9D1BAEB45
:10725000040B0BD05B46224629463046FFF793FFCE
:10726000013000F0AA80099A5A4409929AF8003035
:10727000002B00F0A28000234FF0FF32CDE9052360
:107280000AF1010A049307938DF853301A93544678
:10729000052214F8011B5848E9F72AF8049AD8B9CE
:1072A000D10644BF20238DF85330130744BF2B234E
:1072B0008DF853309AF800302A2B15D0079A54468F
:1072C00000204FF00A0C214611F8013B303B092BFE
:1072D0004ED9B0B1079214E0A0EB080309FA03F30A
:1072E00013430493A246D2E7039B191D1B68039125
:1072F000002BBBBF5B4242F0020207930793B8BF6B
:10730000049223782E2B0CD163782A2B35D1039B42
:107310001A1D1B680392002BB8BF4FF0FF330234D5
:107320000593DFF8E4A0217803225046E8F7E0FF58
:1073300040B14023A0EB0A0003FA00F0049B034392
:107340000134049314F8011B2C488DF828100622F0
:10735000E8F7CEFF00283FD0294B1BBB039B073328
:1073600023F0070308330393099B3B44099367E722
:107370000CFB02320C460120A5E7002301340593E3
:1073800019464FF00A0C204610F8012B303A092A12
:1073900003D9002BC5D00591C3E70CFB012104469E
:1073A0000123F0E703AB00932A46164B04A93046AD
:1073B000AFF300800746781CD6D16B6ED90705D491
:1073C000AB899A0502D4A86DFFF75DFDAB895B061A
:1073D0003FF512AF099811E703AB00932A46094B1A
:1073E00004A9304600F080F8E4E700BF1C990108CA
:1073F0003C990108FC9801085C990108669901080C
:107400000000000087710108629901082DE9F0472A
:10741000164699468A680B69DDF820809342B8BF0A
:107420001346336091F8432007460C460AB10133F6
:1074300033602368990642BF33680233336025689E
:1074400015F0060506D104F1190AE36832689B1AA3
:10745000AB4226DC94F84320131E226818BF012398
:1074600092062BD404F1430249463846C047013006
:107470001ED02368E568326803F00603042B08BFBA
:10748000AD1AA36822690CBF25EAE5750025934271
:10749000C4BF9B1AED1800261A34B5421AD1002039
:1074A00008E00123524649463846C047013003D11F
:1074B0004FF0FF30BDE8F0870135C6E7E1185A1CF0
:1074C000302081F84300224494F8451082F843109C
:1074D0000233C7E70123224649463846C0470130F8
:1074E000E6D00136D9E700002DE9FF470F7E0C9D5D
:1074F000782F914680460C469A4601F1430207D800
:10750000622F0AD8002F00F0D880582F00F0A380F7
:1075100004F1420584F842703AE0A7F16303152BA9
:10752000F6D801A151F823F081750108957501087D
:10753000117501081175010811750108117501080F
:10754000957501081175010811750108117501087B
:1075500011750108A1760108C57501088376010837
:107560001175010811750108C3760108117501082C
:10757000C575010811750108117501088B760108A0
:107580002B681A1D1B682A6004F1420584F84230FA
:107590000123A3E020682968060601F104030AD547
:1075A0000E682B60002E03DA2D23764284F84330D8
:1075B0005E480A2319E00E682B6010F0400F18BFD8
:1075C00036B2EFE72B682068191D2960010601D546
:1075D0001E6802E04606FBD51E8854486F2F0CBF7C
:1075E00008230A23002184F843106568A560002D54
:1075F000A2BF216821F0040121600EB9002D4DD0F9
:107600001546B6FBF3F103FB1167C75D05F8017D75
:107610003746BB420E46F4D9082B0BD12368DE0750
:1076200008D5236961689942DEBF302305F8013C23
:1076300005F1FF35521B2261CDF800A04B4603AA8D
:1076400021464046FFF7E2FE01304CD14FF0FF30BB
:1076500004B0BDE8F087354881F845702968236893
:1076600051F8046B29601D0614D5DF0744BF43F0B1
:10767000200323601EB9236823F020032360102316
:10768000B0E7236843F0200323607823284884F878
:107690004530E3E7590648BFB6B2E6E71546BBE713
:1076A0002B6826686169181D286035061B6801D59E
:1076B000196002E07006FBD519800023236115468E
:1076C000BAE72B681A1D2A601D68626800212846E7
:1076D000E8F70EFE08B1401B606063682361002379
:1076E00084F84330A8E723692A4649464046D047F4
:1076F0000130ABD023689B0713D4E068039B98420A
:10770000B8BF1846A4E70123324649464046D04751
:1077100001309BD00135E36803995B1AAB42F2DC80
:10772000EBE7002504F11906F5E700BF6D990108A4
:107730007E99010810B50C46B1F90E1000F09AFAC6
:107740000028ABBF636DA3891B1823F48053ACBF23
:107750006365A38110BD2DE9F0411F468B89DB05D0
:1077600005460C46164605D5B1F90E100223002237
:1077700000F0C8F9A389B4F90E1023F48053A38153
:1077800032463B462846BDE8F04100F069B810B5E6
:107790000C46B1F90E1000F0B5F9431CA38915BFD2
:1077A000606523F4805343F48053A38118BFA38101
:1077B00010BDB1F90E1000F0D3B80000F8B50E46B8
:1077C0001446054618B183690BB9FFF7ABFA214B94
:1077D0009C422BD16C68A369A360A3891A072FD59B
:1077E00023696BB323692068C01A6369F6B28342C8
:1077F000374604DC2146284600F048F930BBA36830
:10780000013BA36023685A1C22601E70636901302B
:10781000834204D0A389DB0706D50A2E04D1214672
:10782000284600F033F988B93846F8BD0A4B9C4227
:1078300001D1AC68CFE7094B9C4208BFEC68CAE7AE
:107840002146284600F01EF80028CBD04FF0FF3725
:10785000EAE700BF1C9901083C990108FC9801085F
:1078600038B5074D04460846114600222A601A46DC
:1078700000F082FA431C02D12B6803B1236038BDAB
:1078800044940724324B70B51D6806460C4625B15A
:10789000AB6913B92846FFF745FA2E4B9C420FD12E
:1078A0006C68A389B4F90C2019072CD4DD0611D417
:1078B0000923336042F04003A3814FF0FF303EE0E4
:1078C000254B9C4201D1AC68EBE7244B9C4208BF9E
:1078D000EC68E6E7580712D5616B41B104F1440347
:1078E000994202D03046FFF73BF800236363A38937
:1078F00023F02403A3810023636023692360A38909
:1079000043F00803A38123694BB9A38903F42073CF
:10791000B3F5007F03D02146304600F02BF9A08953
:10792000B4F90C2010F001030AD00023A3606369AE
:107930005B42A361236943B910F08000BAD170BDE6
:10794000810758BF6369A360F4E70020F7E700BF31
:10795000940300241C9901083C990108FC98010833
:1079600038B5064D0023044608462B6000F0BEF9EA
:10797000431C02D12B6803B1236038BD4494072413
:107980008A892DE9F041054610070C4658D44B680A
:10799000002B05DC0B6C002B02DC0020BDE8F08125
:1079A000E66A002EF9D0002312F480522F682B6073
:1079B00032D0606DA3895A0705D56368C01A636B1E
:1079C0000BB1236CC01A00230246E66A216A2846DE
:1079D000B047431CA38906D129681D292CD82A4AFF
:1079E000CA40D60728D500226260D90422692260E5
:1079F00004D5421C01D12B6803B96065616B2F600F
:107A00000029CAD004F14403994202D02846FEF767
:107A1000A7FF00206063C1E7216A01232846B04721
:107A2000411CC7D12B68002BC4D01D2B01D0162BB5
:107A300001D12F60B1E7A38943F04003A381ADE7F3
:107A40000F69002FA9D093070E6808BF4B690F601C
:107A500018BF0023A6EB07088B60B8F1000F9CDD70
:107A6000216AA66A43463A462846B047002806DC03
:107A7000A38943F04003A3814FF0FF308EE7074412
:107A8000A8EB0008E9E700BF0100402038B50B690A
:107A900005460C4613B90025284638BD18B1836940
:107AA0000BB9FFF73FF9144B9C421BD16C68B4F93A
:107AB0000C30002BEFD0626ED00704D4990502D4AD
:107AC000A06DFFF7DFF928462146FFF759FF636EE7
:107AD000DA070546E0D4A3899B05DDD4A06DFFF746
:107AE000D2F9D9E7054B9C4201D1AC68DFE7044BE2
:107AF0009C4208BFEC68DAE71C9901083C99010830
:107B0000FC98010838B5074D044608461146002286
:107B10002A601A4600F012F9431C02D12B6803B107
:107B2000236038BD4494072470B50E46B1F90E1099
:107B3000002996B014461D4608DAB6F90C3000222A
:107B40002A601A0610D44FF480630EE06A4600F0F3
:107B5000A3F80028F1DB019A02F47042A2F5005369
:107B60005A425A412A60EEE740230020236016B0B3
:107B700070BD00008B8973B59D0706460C4607D57E
:107B800004F14703236023610123636102B070BDE8
:107B900001AB6A46FFF7C8FF009905463046FEF77D
:107BA0002BFF48B9B4F90C309A05EFD423F0030346
:107BB00043F00203A381E3E70D4BB362A389206086
:107BC00043F08003A381009B6361019B20615BB153
:107BD000B4F90E10304600F071F828B1A38923F0F3
:107BE000030343F00103A381A0890543A581CDE7E9
:107BF000BD6C0108884210B501EB020402D9844231
:107C0000234607D8431EA14208D011F8012B03F8E0
:107C1000012FF8E7024401468A4200D110BD13F853
:107C2000014D02F8014DF7E7F8B5074614460E4638
:107C300021B9BDE8F8401146FEF7DEBE22B9FEF7D5
:107C40008FFE25462846F8BD00F048F8A0420FD226
:107C500021463846FEF7D0FE05460028F2D03146D0
:107C60002246FEF767FE31463846FEF779FEE9E721
:107C70003546E7E738B5074D044608461146002269
:107C80002A601A4600F062F8431C02D12B6803B147
:107C9000236038BD4494072438B5074D00230446BB
:107CA000084611462B6000F029F8431C02D12B68CE
:107CB00003B1236038BD00BF4494072438B5064D96
:107CC0000023044608462B6000F028F8431C02D12C
:107CD0002B6803B1236038BD4494072451F8043C59
:107CE000181F002BBCBF0B58C0187047024B5822FE
:107CF0001A604FF0FF30704744940724024B58221B
:107D00001A604FF0FF30704744940724024B58220A
:107D10001A604FF0FF30704744940724024B5822FA
:107D20001A600020704700BF44940724024B582279
:107D30001A604FF0FF30704744940724024B5822DA
:107D40001A604FF0FF30704744940724024B5822CA
:107D50001A604FF0FF30704744940724044A0549E5
:107D60001368002B08BF0B46184410601846704774
:107D7000489407244C940724024B58221A604FF071
:107D8000FF30704744940724FEE700BFFFFFFFFF6A
:107D9000FFFF0000FFFFFFFFFFFFFFFFFFFFFFFFF1
:107DA000FFFFFFFFFFFFFFFFFFFFFFFFFFFFFFFFE3
:107DB000FFFFFFFFFFFFFFFFFFFFFFFFFFFFFFFFD3
:107DC000FFFFFFFFFFFFFFFFFFFFFFFFFFFFFFFFC3
:107DD000FFFF0000FFFFFFFFFFFF000001060000A4
:107DE000010700000054004000580040005C0040C3
:107DF000001C0058250026002700340035004700ED
:107E0000520053008E000000010101030701000031
:107E1000000000400004004000080040000C00404A
:107E2000707265737365640072656C656173656417
:107E300000000000010400006DDBDBB64992B66D66
:107E400024499224776574006D69780066726571C3
:107E50000000000073706565640000007261746565
:107E6000000000006465707468000000766F6C7537
:107E70006D6500006761696E000000006C657665E5
:107E80006C000000637275736800000062697473AF
:107E900000000000746F6E650000000066696C747D
:107EA000657200006375746F6666000066656564E0
:107EB0006261636B0000000064656361790000002B
:107EC00074696D650000000064616D700000000061
:107ED0006C706672657100002D2D0000257325649D
:107EE00000000000430000004323000044000000A5
:107EF0004423000045000000460000004623000027
:107F0000470000004723000041000000412300001B
:107F100042000000E47E0108E87E0108EC7E0108D2
:107F2000F07E0108F47E0108F87E0108FC7E01085D
:107F3000007F0108047F0108087F01080C7F010809
:107F4000107F0108F1F0F03CF1F0703DF1F0F03DF0
:107F5000B5B4343EF1F0703EB5B4343EF1F0F03DCE
:107F6000F1F0703DF1F0F03C452C25640A00000072
:107F7000502C25642C25642C25642C25640A0000D3
:107F8000532C25642C25732C25640A00542C25645D
:107F90002C25642C25732C25642C25640A000000F4
:107FA000462C544845524D414C2C25640A00000093
:107FB000462C54454D505F53454E534F522C25642B
:107FC0000A0000002E2E2E004261736500000000A2
:107FD000556E6B6E6F776E000000000000000000B1
:107FE0004D31000865310008053100080D310008E9
:107FF00019310008253100083D31000841310008E1
:1080000049310008D93100088531000845310008A0
:1080100043686F7275730000576574004C464F20BB
:1080200046726571000000004C464F204465707434
:1080300068000000466565646261636B00000000D3
:10804000188001080100000000000000000000008E
:108050005300000000000000140000005C820108D2
:1080600001000000000000000000000040000000CF
:1080700001000000150000001C8001080100000044
:1080800000000000000000002300000002000000CB
:108090001600000028800108010000000000000018
:1080A000000000002800000003000000170000008E
:1080B0003480010801000000000000000000000002
:1080C0001E00000004000000180000000000000076
:1080D00000000000E5350008F93500082D370008DC
:1080E00061370008CD370008193800083D31000815
:1080F0004131000849310008D931000885310008B4
:1081000019360008526576657262000054696D6523
:108110000000000044616D70000000004D697800AF
:108120000C810108010000000000000000000000B8
:108130003900000000000000010000001481010867
:108140000100000000000000000000002800000006
:1081500001000000150000001C8101080100000062
:1081600000000000000000003900000002000000D4
:108170001600000000000000000000003938000870
:108180004D380008693900089D390008013A000897
:108190006D3A00083D3100084131000849310008BE
:1081A000D9310008853100086D38000843727573B5
:1081B000686572004C6576656C00000042697473F6
:1081C000000000004375746F66660000B48101080A
:1081D0000100000000000000000000002800000076
:1081E00000000000FFFFFFFFBC810108030000004A
:1081F000200000000000000020000000010000003E
:10820000FFFFFFFFC4810108010000000000000023
:10821000000000004000000002000000FFFFFFFF20
:108220000000000000000000713A0008853A0008D4
:10823000A53B0008E13B0008193C00082531000877
:108240003D3100084131000849310008D9310008AA
:1082500085310008A13A00084772616E44656C617F
:108260007900000053697A65286D732900000000C9
:1082700050697463680000005370726561640000A7
:10828000477261696E456E76000000005370656547
:10829000640000005769647468000000436F730055
:1082A000536C6F7741746B004661737441746B005B
:1082B00064820108010000000000000000000000CE
:1082C0003F000000000000000E0000001C810108BB
:1082D000010000000000000000000000400000005D
:1082E000010000000F000000708201080100000082
:1082F000000000000000000040000000020000003C
:108300001000000078820108010000000000000059
:108310000000000033000000FFFFFFFF110000001D
:108320008082010803000000030000000400002414
:1083300000000000FFFFFFFF120000008C82010818
:108340000100000000000000000000005F000000CD
:10835000FFFFFFFF130000009482010801000000EE
:10836000000000000000000040000000FFFFFFFFD1
:108370001400000000000000000000006D3C000838
:10838000813C00086141000801420008653C00088A
:10839000914300083D31000841310008493100088F
:1083A000D931000885310008A13C00088207533DFF
:1083B0006F12833A6666464000C0F5440A1E6C3D63
:1083C000E02D903A000060400066E6463842893D64
:1083D00089D2DE3A7B148E3F0032B346EDC3973D1F
:1083E00052491D3AA2457E4000981946DCB2A63D8E
:1083F0006F12833AF2D215400046A146D815B03D1F
:10840000E02D903AE5D0F23F0032B3468DDE363DA6
:1084100089D2DE3A9318643F0066E64608F3243DAD
:1084200052491D3ADD244E400044614600061016B4
:1084300000061016060000000C00000012000000EC
:108440001800000000010000060100000C010000FF
:1084500012010000180100000002000006020000E6
:108460000C020000120200001802000000030000CD
:1084700006030000000203000000000001000000ED
:10848000000000000000FA4500007A460000FA46AD
:1084900000803B470080BB47001001400044004083
:1084A00000480040004C00400050004000140140D3
:1084B00000780040007C0040000C005800000000E4
:1084C0000004000000060000001000000000000092
:1084D000003000000020000000000010000000003C
:1084E0000010000000000000010203040102030468
:1084F0000607080900020102000201020100020051
:10850000040008001000200040008000000100026C
:108510000004000800100020004000800000025805
:108520000004025800080258000C025800100258BB
:108530000014025800180258001C0258002002586B
:10854000002402580028025800000000000000002B
:10855000000000000000000000000000000000001B
:10856000000000000000000000000000000000000B
:108570000000000C000C000C000C000C000C000CA7
:10858000000C000C000C000C0000000C000C0000A3
:10859000000000000000001B001B001B001B001B54
:1085A00000000000000000000000000000000000CB
:1085B00000000000000000000000801980198019F0
:1085C0008019C07FC07F80190033C07FC07F003317
:1085D0000033003300330000000000000000001EE4
:1085E000003F807580650074003C001E0007800518
:1085F000806580658075003F001E00040004000057
:108600000000007000D840D8C0D880D900730006A0
:10861000000C801BC036C066C046C0068003000048
:10862000000000000000001E003F00330033003354
:10863000001E000CC03CC066806380618063C03E49
:10864000801C0000000000000000000C000C000C6A
:10865000000C000C00000000000000000000000002
:108660000000000000000000000000008000000189
:108670000003000600060004000C000C000C000CB7
:10868000000C000C0004000600060003000180003E
:10869000002000100018000C000C0004000600066A
:1086A00000060006000600060004000C000C00187E
:1086B000001000200000000C002D003F001E0033C1
:1086C00000000000000000000000000000000000AA
:1086D0000000000000000000000000000000000C8E
:1086E000000C000C000CC0FFC0FF000C000C000CC4
:1086F000000C00000000000000000000000000006E
:108700000000000000000000000000000000000069
:10871000000000000000000C000C00040004000831
:108720000000000000000000000000000000000049
:108730000000001E001E00000000000000000000FD
:108740000000000000000000000000000000000029
:108750000000000000000000000000000000000C0D
:10876000000C0000000000000000000300030003F4
:108770000006000600060006000C000C000C000CB1
:108780000018001800180000000000000000001E83
:10879000003F0033806180618061806D806D806109
:1087A000806180610033003F001E00000000000077
:1087B00000000006000E001E00360026000600061F
:1087C000000600060006000600060006000600007F
:1087D000000000000000001E003F80738061806187
:1087E000800100030006000C001800300060807F4C
:1087F000807F0000000000000000001C003E0063BD
:1088000000630003000E000E000380018001806100
:108810008073003F001E0000000000000000000602
:10882000000E000E001E001E001600360036006608
:10883000807F807F00060006000600000000000028
:108840000000007F007F006000600060006E007F1D
:1088500080638001800180618073003F001E000002
:10886000000000000000001E003F803380610060B7
:10887000006E007F80738061806180618033003F83
:10888000001E0000000000000000807F807F80014B
:108890000003000300060006000C000C000C00089A
:1088A0000018001800180000000000000000001E62
:1088B000003F8063806180610021001E003F806175
:1088C000806180618061003F001E000000000000A8
:1088D0000000001E003F0073806180618061807332
:1088E000803F801D800180610073003F001E0000FA
:1088F0000000000000000000000000000000000C6C
:10890000000C000000000000000000000000000C4F
:10891000000C00000000000000000000000000004B
:1089200000000000000C000C00000000000000002F
:108930000000000C000C000400040008000000000F
:108940000000000080008003000E00380060003846
:10895000000E800380000000000000000000000006
:1089600000000000000000000000807F807F000009
:108970000000807F807F00000000000000000000F9
:108980000000000000000000000000000040007037
:10899000001C000780010007001C00700040000060
:1089A00000000000000000000000001F803FC071B8
:1089B000C060C000C00180030007000E000C000C66
:1089C0000000000C000C0000000000000000001E71
:1089D000003F803180718063806F806D806D806F1B
:1089E000806700600032003E001C000000000000B4
:1089F0000000000E000E001B001B001B001B80313E
:108A00008031803F803F8031C060C060C060000026
:108A1000000000000000007C007E00630063006333
:108A20000063007E007E0063806180618063007F60
:108A3000007E0000000000000000001E003F8031AA
:108A40008061006000600060006000600060806124
:108A50008031003F001E0000000000000000007C8C
:108A6000007F0063806380618061806180618061DC
:108A7000806100630063007E007C00000000000055
:108A80000000807F807F0060006000600060007FE9
:108A9000007F0060006000600060807F807F0000D9
:108AA000000000000000807F807F006000600060A8
:108AB0000060007F007F0060006000600060006078
:108AC00000600000000000000000001E003F803138
:108AD000806100600060006080638063806180610D
:108AE0008031803F001E0000000000000000806117
:108AF00080618061806180618061807F807F806132
:108B00008061806180618061806100000000000000
:108B10000000003F003F000C000C000C000C000C9B
:108B2000000C000C000C000C000C003F003F00008B
:108B300000000000000080018001800180018001B0
:108B40008001800180018001806180618073003F2D
:108B5000001E0000000000000000C0608061006393
:108B600000660066006C0078007C006600660063AA
:108B700080618061C06000000000000000000060B3
:108B800000600060006000600060006000600060E5
:108B9000006000600060807F807F000000000000B7
:108BA0000000C071C071C07BC07AC06AC06AC06E6C
:108BB000C064C060C060C060C060C060C0600000D1
:108BC00000000000000080718071807980798079D8
:108BD000806D806D806D8065806780678067806351
:108BE00080630000000000000000001E003F003312
:108BF000806180618061806180618061806180616D
:108C00000033003F001E0000000000000000007E56
:108C1000007F80638061806180618063007F007E6F
:108C20000060006000600060006000000000000064
:108C30000000001E003F0033806180618061806120
:108C400080618061806580670033803F401E000046
:108C5000000000000000007E007F80638061806172
:108C60008063007F007E0066006300638061806136
:108C7000C0600000000000000000000E001F8031F6
:108C8000803100300038001E000780038061806161
:108C90008031003F001E0000000000000000C0FF07
:108CA000C0FF000C000C000C000C000C000C000CB1
:108CB000000C000C000C000C000C00000000000078
:108CC000000080618061806180618061806180617D
:108CD00080618061806180618073003F001E0000C0
:108CE000000000000000C060C060C06080318031C2
:108CF0008031001B001B001B001B000E000E000E2D
:108D000000040000000000000000C0C0C0C0C0C0DF
:108D1000C0C0C0C0C0CC804C804C805E80528052AD
:108D20008073806180610000000000000000C0C00E
:108D3000806080610033003B001E000C000C001EB0
:108D4000001F003B80718061C0C000000000000077
:108D50000000C0C08061806100330033001E001E2F
:108D6000000C000C000C000C000C000C000C0000AF
:108D7000000000000000803F803F800100030003EE
:108D80000006000C000C0018001800300060807F06
:108D9000807F000000000000000F000F000C000C9E
:108DA000000C000C000C000C000C000C000C000C63
:108DB000000C000C000C000C000F000F000000184D
:108DC00000180018000C000C000C000C0006000637
:108DD000000600060003000300030000000000007E
:108DE000001E001E00060006000600060006000623
:108DF0000006000600060006000600060006000643
:108E0000001E001E0000000C000C001E00120033AB
:108E1000003380618061000000000000000000005D
:108E20000000000000000000000000000000000042
:108E30000000000000000000000000000000000032
:108E40000000000000000000E0FF0000000000380B
:108E50000018000C000000000000000000000000EE
:108E60000000000000000000000000000000000002
:108E700000000000000000000000001F803F806133
:108E80008001801F803F80618063807FC038000048
:108E90000000000000000060006000600060006EE4
:108EA000007F807380618061806180618073007F5A
:108EB000006E000000000000000000000000000044
:108EC0000000001E003F80738061006000608061D0
:108ED0008073003F001E00000000000000008001C1
:108EE000800180018001801D803F807380618061EE
:108EF000806180618073803F801D00000000000061
:108F000000000000000000000000001E003F007391
:108F10008061807F807F00608071003F001E0000C4
:108F2000000000000000C007C00F000C000C807F94
:108F3000807F000C000C000C000C000C000C000CDE
:108F4000000C000000000000000000000000000015
:108F5000801D803F8073806180618061806180734B
:108F6000803F801D80018063007F003E0000006024
:108F7000006000600060006F807F807180618061B0
:108F8000806180618061806180610000000000007C
:108F900000000006000600000000003E003E000643
:108FA0000006000600060006000600060006000097
:108FB000000000000006000600000000003E003E29
:108FC0000006000600060006000600060006000671
:108FD00000060046007E003C00000060006000606B
:108FE0000060806100630066006C007C00760063B6
:108FF00000638061C0600000000000000000003ECF
:10900000003E0006000600060006000600060006F8
:109010000006000600060006000600000000000032
:109020000000000000000000000080DDC0FFC0CE96
:10903000C0CCC0CCC0CCC0CCC0CCC0CCC0CC00005C
:109040000000000000000000000000000000006FB1
:10905000807F8071806180618061806180618061DA
:10906000806100000000000000000000000000001F
:109070000000001E003F807380618061806180611C
:109080008073003F001E0000000000000000000090
:1090900000000000006E007F80738061806180614D
:1090A00080618073007F006E00600060006000607F
:1090B0000000000000000000801D803F8073806180
:1090C0008061806180618073803F801D80018001AC
:1090D0008001800100000000000000000000006727
:1090E000803F003900300030003000300030003068
:1090F0000030000000000000000000000000000040
:109100000000001E803F80610060007F803F800182
:109110008061007F001E00000000000000000000D1
:10912000000800180018007F007F001800180018C1
:10913000001800180018801F800F000000000000B9
:10914000000000000000000000008061806180617C
:1091500080618061806180618063807F803D0000EC
:109160000000000000000000000000000000C060DF
:10917000803180318031001B001B001B000E000E6F
:1091800000060000000000000000000000000000D9
:10919000000080DD80DD80DD005500550055007742
:1091A0000077002200220000000000000000000004
:1091B000000000000000806100330033001E000C3E
:1091C000000C001E0033003380610000000000002E
:1091D00000000000000000008061806180310033E9
:1091E0000033001B001B001B000E000E000E001CB5
:1091F000007C007000000000000000000000C07F44
:10920000C07F800100030006000C00180030C07F02
:10921000C07F0000000000008003800700060006F9
:10922000000600060006000E001C001C000E0006D2
:109230000006000600060006800780030006000600
:1092400000060006000600060006000600060006EE
:1092500000060006000600060006000600060006DE
:109260000038003C000C000C000C000C000C000E40
:1092700000070007000E000C000C000C000C000C96
:10928000003C00380000000000000000000000006A
:1092900000008038807F00470000000000000000D0
:1092A000000000000000000001808080808080803D
:1092B00004808080808080800880808080808080A2
:1092C000108080808080808020808080808080806E
:1092D00040000000000408102040000002040810B4
:1092E0002040000008040204080101010000000001
:1092F0000B00FF00A8020024900200249C0200241E
:1093000060020024CC020024B4020024C002002425
:109310006C020024F0020024D8020024E40200249D
:109320007802002498920724809207248C920724C4
:1093300068920724BC920724A4920724B0920724C1
:109340007492072414030024FC0200240803002460
:109350008402002400000000000000000000F03F34
:10936000748515D3B0D9EF3F0F89F96C58B5EF3F2D
:10937000515B12D00193EF3F7B517D3CB872EF3FC0
:10938000AAB968318754EF3F3862756E7A38EF3F7B
:10939000E1DE1FF59D1EEF3F15B7310AFE06EF3FD8
:1093A000CBA93A37A7F1EE3F2234124CA6DEEE3FAE
:1093B0002D89616008CEEE3F272A36D5DABFEE3F11
:1093C000824F9D562BB4EE3F295448DD07ABEE3F4C
:1093D00085553AB07EA4EE3FCD3B7F669EA0EE3F22
:1093E000745FECE8759FEE3F8701EB7314A1EE3FCD
:1093F00013CE4C9989A5EE3FDBA02A42E5ACEE3FA7
:10940000E5C5CDB037B7EE3F90F0A38291C4EE3FF3
:109410005D253EB203D5EE3FADD35A999FE8EE3FAE
:10942000475EFBF276FFEE3F9C5285DD9B19EF3FD6
:109430006990EFDC2037EF3F87A4FBDC1858EF3F43
:109440005F9B7B33977CEF3FDA90A4A2AFA4EF3F02
:1094500040456E5B76D0EF3F000000000000E84220
:109460009423914BF86AAC3FF3C4FA50CEBFCE3F81
:10947000D6520CFF422EE63F0000000000003843A9
:10948000FE822B65471547409423914BF86ABC3EFA
:10949000F3C4FA50CEBF2E3FD6520CFF422E963F59
:1094A000BEF3F879EC61F63F1930965BC6FEDEBF7D
:1094B0003D88AF4AED71F53FA4FCD432680BDBBFA9
:1094C000B010F0F03995F43F7BB71F0A8B41D7BF3E
:1094D0008503B8B095C9F33F7BCF6D1AE99DD3BF23
:1094E000A564880C190DF33F31B6F2F39B1DD0BF74
:1094F000A08E0B7B225EF23FF07A3B1B1D7CC9BF26
:109500003F341A4A4ABBF13F9F3CAF93E3F9C2BFD5
:10951000BAE58AF05823F13F5C8D78BFCB60B9BFC4
:10952000A70099413F95F03FCE5F47B69D6FAABF18
:10953000000000000000F03F0000000000000000FC
:10954000AC479AFD8C60EE3F3DF5249FCA38B33F8F
:10955000A06A021FB3A4EC3FBA913854A976C43F65
:10956000E6FC6A573620EB3FD2E4C44A0B84CE3F78
:109570002DAAA163D1C2E93F1C65C6F04506D43FC0
:10958000ED417803E686E83FF89F1B2C9C8ED83F80
:10959000624853F5DC67E73FCC7BB14EA4E0DC3F8B
:1095A0004D7E0AF7B612D7BFE0326849BFCADE3F28
:1095B000DEE3FA9F4715E7BFB8C8355F4715F73FA9
:1095C000BEF3F879EC61F63F1930965BC6FEDEBF5C
:1095D0003D88AF4AED71F53FA4FCD432680BDBBF88
:1095E000B010F0F03995F43F7BB71F0A8B41D7BF1D
:1095F0008503B8B095C9F33F7BCF6D1AE99DD3BF02
:10960000A564880C190DF33F31B6F2F39B1DD0BF52
:10961000A08E0B7B225EF23FF07A3B1B1D7CC9BF04
:109620003F341A4A4ABBF13F9F3CAF93E3F9C2BFB4
:10963000BAE58AF05823F13F5C8D78BFCB60B9BFA3
:10964000A70099413F95F03FCE5F47B69D6FAABFF7
:10965000000000000000F03F0000000000000000DB
:10966000AC479AFD8C60EE3F3DF5249FCA38B33F6E
:10967000A06A021FB3A4EC3FBA913854A976C43F44
:10968000E6FC6A573620EB3FD2E4C44A0B84CE3F57
:109690002DAAA163D1C2E93F1C65C6F04506D43F9F
:1096A000ED417803E686E83FF89F1B2C9C8ED83F5F
:1096B000624853F5DC67E73FCC7BB14EA4E0DC3F6A
:1096C0000B6E49C91676D23F7AC675A06919D7BF05
:1096D000DDBAA76C0AC7DE3FC8F6BE484715E7BF2C
:1096E0002BB82A654715F73FA2000000F9A2000039
:1096F00083F9A2006E83F9A24E6E83F9444E6E8305
:1097000015444E6E2915444EFC29154427FC291595
:109710005727FC29D15727FCF5D1572734F5D157C6
:10972000DD34F5D1C0DD34F5DBC0DD3462DBC0DD16
:109730009562DBC0999562DB3C999562433C9995B3
:1097400090433C994190433C000000000000F03FF2
:10975000000000000000F0BF000000000000F0BFAB
:10976000000000000000F03F83C8C96D305F644115
:10977000182D4454FB21F93F000000000000F03F89
:109780001C620CFDFFFFDFBF198F06E15355A53F9B
:109790009D359AE887C056BFC3F87B024393F93ED4
:1097A00003A695595455C5BFC40B23057610813FB8
:1097B00024CF7437EB9429BF000000000000F03F75
:1097C000000000000000F0BF000000000000F0BF3B
:1097D000000000000000F03F83C8C96D305F6441A5
:1097E000182D4454FB21F93F000000000000F0BF99
:1097F0001C620CFDFFFFDF3F198F06E15355A5BF2B
:109800009D359AE887C0563FC3F87B024393F9BE63
:1098100003A695595455C5BFC40B23057610813F47
:1098200024CF7437EB9429BF980300245245454E4A
:1098300054206D616C6C6F63207375636365656440
:109840006564002F6D6E742F776F726B7370616338
:10985000652F776F726B73706163652F4743432D7C
:1098600031302D706970656C696E652F6A656E6B3D
:10987000696E732D4743432D31302D706970656CCF
:10988000696E652D34385F32303230313132345FB9
:10989000313630363138303634312F7372632F6EB3
:1098A00065776C69622F6E65776C69622F6C69628F
:1098B000632F7374646C69622F72616E642E63002F
:1098C0002C2066756E6374696F6E3A200061737345
:1098D000657274696F6E2022257322206661696C3F
:1098E00065643A2066696C6520222573222C206C01
:1098F000696E65202564257325730A000000000049
:109900000000000000000000000000000000000057
:109910000000000000000000000000000000000047
:109920000000000000000000000000000000000037
:109930000000000000000000000000000000000027
:109940000000000000000000000000000000000017
:10995000000000000000000000000000232D302B5C
:109960002000686C4C006566674546470030313220
:109970003334353637383941424344454600303177
:1099800032333435363738396162636465660000D6
:10999000F8B500BFF8BC08BC9E467047F8B500BFDC
:0899A000F8BC08BC9E467047AC
:0899A800906DFE7F010000003C
:1099B000C5020008650C000865A3000835B2000860
:1099C0005DB8000839CC00080DD400084D440108EA
:0499D00045490108FC
:0499D400A1020008E4
:1099D800000000009C820108A0820108A8820108FA
:1099E800010000001000000010000000000000004E
:1099F800000000000000000000000000000000005F
:109A0800100000000000000000000000000000003E
:109A1800000000000000000010000000000000002E
:109A2800000000000000000000000000000000002E
:109A3800000000000000000000000000000000001E
:109A4800000000000000000001000000000000000D
:109A580000000000000000000000000000000000FE
:109A680000000000010000000000000000000000ED
:109A780000000000000000000000000000000000DE
:109A880001000000000000000000000000000000CD
:109A980000000000000000000000000001000000BD
:109AA80000000000000000000000000000000000AE
:109AB800000000000000000001000000000000009D
:109AC800000000000000000000000000000000008E
:109AD800000000000100000000000000000000007D
:109AE800000000000000000000000000000000006E
:109AF800010000000000000000000000000000005D
:109B0800000000000000000000000000010000004C
:109B1800000000000000000000000000000000003D
:109B2800000000000000000001000000010708001C
:109B3800000000000000000001060800000000000E
:109B4800000000000B00FF0008020024FC010024B4
:109B58002002002414020024380200242C020024CD
:109B6800CC010024C0010024E4010024D801002411
:109B7800C881072444020024F0010024A48107249A
:109B8800BC810724B0810724680100245C010024FB
:109B9800010808020B08000108000000010908027A
:109BA8000A08000008000000010C0E030208010565
:109BB8000E000000020C0801060E00000000000064
:109BC80001040B000000000000000000010707016D
:109BD8000F04000000000000010607010E04000049
:109BE8000000000000030700000000000000000063
:109BF800000207000000000000000000020B070040
:109C08000000000000000000020A07000000000039
:109C18000000000006090700000000000000000026
:109C28000090D0030090D0030B1200004C8501086F
:109C3800060A05000405000000000000010C0501EB
:109C480004070109050000000004060000000000E8
:109C580000000000000408000000000000000000F0
:109C680001040500060506090500000001050500B8
:109C78000705000000000000060B050005050000B0
:109C880000000000010E05020205000000000000AF
:109C9800020105010F05020305000000030305008A
:109CA8000000000000000000020B0601040600008E
:109CB80000000000020C060105070000000000007B
:109CC800020A06000000000000000000010408006D
:109CD8000608000000000000010508000708000051
:109CE800000000000005080000000000000000005F
:109CF800000000000000000000000000000000005C
:109D0800000000000000000001000000000000004A
:109D1800000000000000000000000000000000003B
:109D2800000000000100000000000000000000002A
:109D3800000000000000000000000000000000001B
:109D4800010000000000000000000000000000000A
:109D580000000000000000000000000001000000FA
:109D6800FF00000098030024000000001C9901086F
:109D78003C990108FC980108000000000000000060
:109D880000000000000000000000000000000000CB
:109D980000000000000000000000000000000000BB
:109DA80000000000000000000000000000000000AB
:109DB800000000000000000000000000000000009B
:089DC800000000000000000093
:0400000508000A11D4
:00000001FF
