ARM GAS  C:\Users\aydan\AppData\Local\Temp\ccgjf6Ow.s 			page 1


   1              		.cpu cortex-m7
   2              		.eabi_attribute 28, 1
   3              		.eabi_attribute 20, 1
   4              		.eabi_attribute 21, 1
   5              		.eabi_attribute 23, 3
   6              		.eabi_attribute 24, 1
   7              		.eabi_attribute 25, 1
   8              		.eabi_attribute 26, 1
   9              		.eabi_attribute 30, 2
  10              		.eabi_attribute 34, 1
  11              		.eabi_attribute 18, 4
  12              		.file	"tuner.cpp"
  13              		.text
  14              	.Ltext0:
  15              		.cfi_sections	.debug_frame
  16              		.section	.text._ZN3app13TunerAnalyzer9DetectYinEPKfifRfS3_m.part.0,"ax",%progbits
  17              		.align	1
  18              		.p2align 2,,3
  19              		.arch armv7e-m
  20              		.syntax unified
  21              		.thumb
  22              		.thumb_func
  23              		.fpu fpv5-d16
  25              	_ZN3app13TunerAnalyzer9DetectYinEPKfifRfS3_m.part.0:
  26              	.LVL0:
  27              	.LFB2595:
  28              		.file 1 "src/tuner.cpp"
   1:src/tuner.cpp **** #include "tuner.h"
   2:src/tuner.cpp **** #include "daisy_core.h"
   3:src/tuner.cpp **** 
   4:src/tuner.cpp **** #include <cmath>
   5:src/tuner.cpp **** #include <cstdio>
   6:src/tuner.cpp **** #include <cstring>
   7:src/tuner.cpp **** 
   8:src/tuner.cpp **** #if DIAG_HAS_TUNER_OBJECTS
   9:src/tuner.cpp **** namespace app
  10:src/tuner.cpp **** {
  11:src/tuner.cpp **** 
  12:src/tuner.cpp **** // CPU-owned storage: never add DMA_BUFFER_MEM_SECTION here. These four arrays
  13:src/tuner.cpp **** // total 45,056 bytes; placing them before libDaisy's real DMA buffers moved
  14:src/tuner.cpp **** // audio/ADC DMA beyond its 32 KB non-cacheable MPU window and caused confirmed
  15:src/tuner.cpp **** // hardware audio corruption.
  16:src/tuner.cpp **** float tuner_capture_ring[config::kTunerCaptureRingSize];
  17:src/tuner.cpp **** float tuner_work_buffer[config::kTunerWorkSize];
  18:src/tuner.cpp **** float tuner_difference_buffer[config::kTunerWorkSize];
  19:src/tuner.cpp **** float tuner_cmnd_buffer[config::kTunerWorkSize];
  20:src/tuner.cpp **** 
  21:src/tuner.cpp **** static float ClampFloat(float value, float lo, float hi)
  22:src/tuner.cpp **** {
  23:src/tuner.cpp ****     return value < lo ? lo : (value > hi ? hi : value);
  24:src/tuner.cpp **** }
  25:src/tuner.cpp **** 
  26:src/tuner.cpp **** static int ClampInt(int value, int lo, int hi)
  27:src/tuner.cpp **** {
  28:src/tuner.cpp ****     return value < lo ? lo : (value > hi ? hi : value);
  29:src/tuner.cpp **** }
  30:src/tuner.cpp **** 
ARM GAS  C:\Users\aydan\AppData\Local\Temp\ccgjf6Ow.s 			page 2


  31:src/tuner.cpp **** // Refine the detected YIN period by fitting a parabola around the best sample.
  32:src/tuner.cpp **** static void ParabolicDelta(float y0, float y1, float y2, float& delta)
  33:src/tuner.cpp **** {
  34:src/tuner.cpp ****     const float denom = (2.0f * y1 - y0 - y2);
  35:src/tuner.cpp ****     if(fabsf(denom) < 1e-12f)
  36:src/tuner.cpp ****     {
  37:src/tuner.cpp ****         delta = 0.0f;
  38:src/tuner.cpp ****         return;
  39:src/tuner.cpp ****     }
  40:src/tuner.cpp ****     delta = 0.5f * (y0 - y2) / denom;
  41:src/tuner.cpp ****     delta = ClampFloat(delta, -0.5f, 0.5f);
  42:src/tuner.cpp **** }
  43:src/tuner.cpp **** 
  44:src/tuner.cpp **** TunerCapture::TunerCapture()
  45:src/tuner.cpp **** : write_index_(0),
  46:src/tuner.cpp ****   completed_write_index_(0)
  47:src/tuner.cpp **** {
  48:src/tuner.cpp **** #if DIAG_STAGE != DIAG_STAGE_PRODUCTION
  49:src/tuner.cpp ****     // Keep the complete tuner storage present from the object-only stage.
  50:src/tuner.cpp ****     // This emits no buffer access; it only prevents linker collection.
  51:src/tuner.cpp ****     asm volatile("" : : "r"(tuner_capture_ring),
  52:src/tuner.cpp ****                          "r"(tuner_work_buffer),
  53:src/tuner.cpp ****                          "r"(tuner_difference_buffer),
  54:src/tuner.cpp ****                          "r"(tuner_cmnd_buffer));
  55:src/tuner.cpp **** #endif
  56:src/tuner.cpp **** }
  57:src/tuner.cpp **** 
  58:src/tuner.cpp **** void TunerCapture::Init()
  59:src/tuner.cpp **** {
  60:src/tuner.cpp ****     for(int i = 0; i < config::kTunerCaptureRingSize; ++i)
  61:src/tuner.cpp ****         tuner_capture_ring[i] = 0.0f;
  62:src/tuner.cpp ****     write_index_ = 0;
  63:src/tuner.cpp ****     __atomic_store_n(&completed_write_index_, 0u, __ATOMIC_RELEASE);
  64:src/tuner.cpp **** }
  65:src/tuner.cpp **** 
  66:src/tuner.cpp **** // Called once per audio block. The atomic store happens after all samples are written so the main 
  67:src/tuner.cpp **** void TunerCapture::WriteBlock(const float* samples, size_t size)
  68:src/tuner.cpp **** {
  69:src/tuner.cpp ****     uint32_t wr = write_index_;
  70:src/tuner.cpp ****     for(size_t i = 0; i < size; ++i)
  71:src/tuner.cpp ****     {
  72:src/tuner.cpp ****         tuner_capture_ring[wr & (config::kTunerCaptureRingSize - 1)] = samples[i];
  73:src/tuner.cpp ****         ++wr;
  74:src/tuner.cpp ****     }
  75:src/tuner.cpp ****     write_index_ = wr;
  76:src/tuner.cpp ****     __atomic_store_n(&completed_write_index_, wr, __ATOMIC_RELEASE);
  77:src/tuner.cpp **** }
  78:src/tuner.cpp **** 
  79:src/tuner.cpp **** uint32_t TunerCapture::CompletedWriteIndex() const
  80:src/tuner.cpp **** {
  81:src/tuner.cpp ****     return __atomic_load_n(&completed_write_index_, __ATOMIC_ACQUIRE);
  82:src/tuner.cpp **** }
  83:src/tuner.cpp **** 
  84:src/tuner.cpp **** // Copy a stable historical window that ends safely behind the audio writer.
  85:src/tuner.cpp **** // If the ring has not yet filled enough, return false instead of inventing data.
  86:src/tuner.cpp **** bool TunerCapture::CopyAnalysisWindow(float* out, int count) const
  87:src/tuner.cpp **** {
ARM GAS  C:\Users\aydan\AppData\Local\Temp\ccgjf6Ow.s 			page 3


  88:src/tuner.cpp ****     if(!out || count <= 0 || count > config::kTunerCaptureRingSize || count > config::kTunerSourceW
  89:src/tuner.cpp ****         return false;
  90:src/tuner.cpp **** 
  91:src/tuner.cpp ****     const uint32_t required = (uint32_t)count + (uint32_t)config::kTunerSafetySamples;
  92:src/tuner.cpp ****     if(required >= (uint32_t)config::kTunerCaptureRingSize)
  93:src/tuner.cpp ****         return false;
  94:src/tuner.cpp **** 
  95:src/tuner.cpp ****     const uint32_t completed = CompletedWriteIndex();
  96:src/tuner.cpp ****     if(completed < required)
  97:src/tuner.cpp ****         return false;
  98:src/tuner.cpp **** 
  99:src/tuner.cpp ****     const uint32_t end = completed - (uint32_t)config::kTunerSafetySamples;
 100:src/tuner.cpp ****     const uint32_t start = end - (uint32_t)count;
 101:src/tuner.cpp ****     const uint32_t mask = config::kTunerCaptureRingSize - 1;
 102:src/tuner.cpp ****     for(int i = 0; i < count; ++i)
 103:src/tuner.cpp ****         out[i] = tuner_capture_ring[(start + (uint32_t)i) & mask];
 104:src/tuner.cpp **** 
 105:src/tuner.cpp ****     const uint32_t after = CompletedWriteIndex();
 106:src/tuner.cpp ****     if((uint32_t)(after - start) >= (uint32_t)config::kTunerCaptureRingSize)
 107:src/tuner.cpp ****         return false;
 108:src/tuner.cpp **** 
 109:src/tuner.cpp ****     return true;
 110:src/tuner.cpp **** }
 111:src/tuner.cpp **** 
 112:src/tuner.cpp **** TunerAnalyzer::TunerAnalyzer()
 113:src/tuner.cpp **** : freq_history_{0.0f, 0.0f, 0.0f, 0.0f, 0.0f},
 114:src/tuner.cpp ****   freq_history_count_(0),
 115:src/tuner.cpp ****   tracked_freq_(0.0f),
 116:src/tuner.cpp ****   last_valid_freq_(0.0f),
 117:src/tuner.cpp ****   rms_previous_(0.0f),
 118:src/tuner.cpp ****   attack_until_ms_(0),
 119:src/tuner.cpp ****   last_lock_ms_(0),
 120:src/tuner.cpp ****   attack_hold_ms_(config::kTunerDefaultAttackMs),
 121:src/tuner.cpp ****   has_lock_(false)
 122:src/tuner.cpp **** {
 123:src/tuner.cpp **** }
 124:src/tuner.cpp **** 
 125:src/tuner.cpp **** void TunerAnalyzer::Reset(uint32_t now_ms)
 126:src/tuner.cpp **** {
 127:src/tuner.cpp ****     for(int i = 0; i < 5; ++i)
 128:src/tuner.cpp ****         freq_history_[i] = 0.0f;
 129:src/tuner.cpp ****     freq_history_count_ = 0;
 130:src/tuner.cpp ****     tracked_freq_ = 0.0f;
 131:src/tuner.cpp ****     last_valid_freq_ = 0.0f;
 132:src/tuner.cpp ****     rms_previous_ = 0.0f;
 133:src/tuner.cpp ****     attack_until_ms_ = now_ms + config::kTunerDefaultAttackMs;
 134:src/tuner.cpp ****     last_lock_ms_ = 0;
 135:src/tuner.cpp ****     attack_hold_ms_ = config::kTunerDefaultAttackMs;
 136:src/tuner.cpp ****     has_lock_ = false;
 137:src/tuner.cpp **** }
 138:src/tuner.cpp **** 
 139:src/tuner.cpp **** // Analyze only outside the audio callback. This keeps the expensive YIN
 140:src/tuner.cpp **** // work off the real-time path and lets the capture ring stay simple.
 141:src/tuner.cpp **** TunerResult TunerAnalyzer::Analyze(const float* source,
 142:src/tuner.cpp ****                                    int source_count,
 143:src/tuner.cpp ****                                    float strictness,
 144:src/tuner.cpp ****                                    float smoothing,
ARM GAS  C:\Users\aydan\AppData\Local\Temp\ccgjf6Ow.s 			page 4


 145:src/tuner.cpp ****                                    float attack_control,
 146:src/tuner.cpp ****                                    uint32_t now_ms)
 147:src/tuner.cpp **** {
 148:src/tuner.cpp ****     TunerResult result = {};
 149:src/tuner.cpp ****     std::snprintf(result.note, sizeof(result.note), "--");
 150:src/tuner.cpp **** 
 151:src/tuner.cpp ****     if(has_lock_ && (uint32_t)(now_ms - last_lock_ms_) > config::kTunerDetectionGapResetMs)
 152:src/tuner.cpp ****         Reset(now_ms);
 153:src/tuner.cpp **** 
 154:src/tuner.cpp ****     float raw_hz = 0.0f;
 155:src/tuner.cpp ****     float conf = 0.0f;
 156:src/tuner.cpp ****     attack_hold_ms_ = 60u + (uint32_t)(ClampFloat(attack_control, 0.0f, 1.0f) * 140.0f + 0.5f);
 157:src/tuner.cpp ****     const bool ok = DetectYin(source, source_count, strictness, raw_hz, conf, now_ms);
 158:src/tuner.cpp ****     result.raw_hz = raw_hz;
 159:src/tuner.cpp **** 
 160:src/tuner.cpp ****     if(now_ms < attack_until_ms_)
 161:src/tuner.cpp ****     {
 162:src/tuner.cpp ****         if(has_lock_)
 163:src/tuner.cpp ****         {
 164:src/tuner.cpp ****             result.valid = false;
 165:src/tuner.cpp ****             result.freq_hz = last_valid_freq_;
 166:src/tuner.cpp ****             result.confidence = 0.25f;
 167:src/tuner.cpp ****             FrequencyToNote(last_valid_freq_, result.note, sizeof(result.note), result.cents);
 168:src/tuner.cpp ****         }
 169:src/tuner.cpp ****         return result;
 170:src/tuner.cpp ****     }
 171:src/tuner.cpp **** 
 172:src/tuner.cpp ****     bool accepted = ok;
 173:src/tuner.cpp ****     if(accepted && has_lock_)
 174:src/tuner.cpp ****     {
 175:src/tuner.cpp ****         const float ratio = raw_hz / last_valid_freq_;
 176:src/tuner.cpp ****         if((ratio > 1.95f || ratio < 0.52f) && conf < 0.90f)
 177:src/tuner.cpp ****             accepted = false;
 178:src/tuner.cpp ****     }
 179:src/tuner.cpp **** 
 180:src/tuner.cpp ****     if(!accepted)
 181:src/tuner.cpp ****     {
 182:src/tuner.cpp ****         result.valid = false;
 183:src/tuner.cpp ****         result.confidence = has_lock_ ? 0.20f : 0.0f;
 184:src/tuner.cpp ****         if(has_lock_)
 185:src/tuner.cpp ****         {
 186:src/tuner.cpp ****             result.freq_hz = last_valid_freq_;
 187:src/tuner.cpp ****             FrequencyToNote(last_valid_freq_, result.note, sizeof(result.note), result.cents);
 188:src/tuner.cpp ****         }
 189:src/tuner.cpp ****         return result;
 190:src/tuner.cpp ****     }
 191:src/tuner.cpp **** 
 192:src/tuner.cpp ****     for(int i = 0; i < 4; ++i)
 193:src/tuner.cpp ****         freq_history_[i] = freq_history_[i + 1];
 194:src/tuner.cpp ****     freq_history_[4] = raw_hz;
 195:src/tuner.cpp ****     if(freq_history_count_ < 5)
 196:src/tuner.cpp ****         ++freq_history_count_;
 197:src/tuner.cpp **** 
 198:src/tuner.cpp ****     const float med = freq_history_count_ >= 5 ? Median5(freq_history_) : raw_hz;
 199:src/tuner.cpp ****     const float alpha_fast = 0.45f;
 200:src/tuner.cpp ****     const float alpha_slow = 0.06f;
 201:src/tuner.cpp ****     const float alpha = alpha_fast + (alpha_slow - alpha_fast) * ClampFloat(smoothing, 0.0f, 1.0f);
ARM GAS  C:\Users\aydan\AppData\Local\Temp\ccgjf6Ow.s 			page 5


 202:src/tuner.cpp ****     tracked_freq_ = has_lock_ ? tracked_freq_ + alpha * (med - tracked_freq_) : med;
 203:src/tuner.cpp **** 
 204:src/tuner.cpp ****     const bool stable = conf > 0.40f;
 205:src/tuner.cpp ****     if(stable)
 206:src/tuner.cpp ****     {
 207:src/tuner.cpp ****         has_lock_ = true;
 208:src/tuner.cpp ****         last_valid_freq_ = tracked_freq_;
 209:src/tuner.cpp ****         last_lock_ms_ = now_ms;
 210:src/tuner.cpp ****     }
 211:src/tuner.cpp **** 
 212:src/tuner.cpp ****     result.valid = stable;
 213:src/tuner.cpp ****     result.freq_hz = tracked_freq_;
 214:src/tuner.cpp ****     result.confidence = conf;
 215:src/tuner.cpp ****     FrequencyToNote(tracked_freq_, result.note, sizeof(result.note), result.cents);
 216:src/tuner.cpp ****     return result;
 217:src/tuner.cpp **** }
 218:src/tuner.cpp **** 
 219:src/tuner.cpp **** // Convert Hz to note name and cents relative to equal temperament A4=440.
 220:src/tuner.cpp **** void TunerAnalyzer::FrequencyToNote(float freq_hz, char* out_note, size_t out_size, float& out_cent
 221:src/tuner.cpp **** {
 222:src/tuner.cpp ****     if(freq_hz <= 0.0f)
 223:src/tuner.cpp ****     {
 224:src/tuner.cpp ****         std::snprintf(out_note, out_size, "--");
 225:src/tuner.cpp ****         out_cents = 0.0f;
 226:src/tuner.cpp ****         return;
 227:src/tuner.cpp ****     }
 228:src/tuner.cpp **** 
 229:src/tuner.cpp ****     const float midi_f = 69.0f + 12.0f * std::log2(freq_hz / 440.0f);
 230:src/tuner.cpp ****     const int midi_n = (int)std::round(midi_f);
 231:src/tuner.cpp ****     static const char* names[12] = {"C", "C#", "D", "D#", "E", "F", "F#", "G", "G#", "A", "A#", "B"
 232:src/tuner.cpp ****     const int note_idx = ((midi_n % 12) + 12) % 12;
 233:src/tuner.cpp ****     const int octave = (midi_n / 12) - 1;
 234:src/tuner.cpp ****     std::snprintf(out_note, out_size, "%s%d", names[note_idx], octave);
 235:src/tuner.cpp ****     out_cents = (midi_f - (float)midi_n) * 100.0f;
 236:src/tuner.cpp **** }
 237:src/tuner.cpp **** 
 238:src/tuner.cpp **** // Convert the 48 kHz source window to a 12 kHz analysis window with a small
 239:src/tuner.cpp **** // low-pass filter first, then run the YIN-style difference search on that data.
 240:src/tuner.cpp **** bool TunerAnalyzer::DetectYin(const float* source,
  29              		.loc 1 240 6 view -0
  30              		.cfi_startproc
  31              		@ args = 8, pretend = 0, frame = 0
  32              		@ frame_needed = 0, uses_anonymous_args = 0
  33              	.LBB92:
 241:src/tuner.cpp ****                               int source_count,
 242:src/tuner.cpp ****                               float strictness,
 243:src/tuner.cpp ****                               float& out_freq_hz,
 244:src/tuner.cpp ****                               float& out_confidence,
 245:src/tuner.cpp ****                               uint32_t now_ms)
 246:src/tuner.cpp **** {
 247:src/tuner.cpp ****     out_freq_hz = 0.0f;
 248:src/tuner.cpp ****     out_confidence = 0.0f;
 249:src/tuner.cpp ****     if(!source || source_count < config::kTunerSourceWindowSize)
 250:src/tuner.cpp ****         return false;
 251:src/tuner.cpp **** 
 252:src/tuner.cpp ****     float mean = 0.0f;
 253:src/tuner.cpp ****     for(int i = 0; i < source_count; ++i)
ARM GAS  C:\Users\aydan\AppData\Local\Temp\ccgjf6Ow.s 			page 6


  34              		.loc 1 253 22 is_stmt 0 view .LVU1
  35 0000 002A     		cmp	r2, #0
  36              		.loc 1 253 22 view .LVU2
  37              	.LBE92:
 252:src/tuner.cpp ****     for(int i = 0; i < source_count; ++i)
  38              		.loc 1 252 11 view .LVU3
  39 0002 DFEDC07A 		vldr.32	s15, .L73
 240:src/tuner.cpp ****                               int source_count,
  40              		.loc 1 240 6 view .LVU4
  41 0006 2DE9F843 		push	{r3, r4, r5, r6, r7, r8, r9, lr}
  42              		.cfi_def_cfa_offset 32
  43              		.cfi_offset 3, -32
  44              		.cfi_offset 4, -28
  45              		.cfi_offset 5, -24
  46              		.cfi_offset 6, -20
  47              		.cfi_offset 7, -16
  48              		.cfi_offset 8, -12
  49              		.cfi_offset 9, -8
  50              		.cfi_offset 14, -4
  51 000a 0746     		mov	r7, r0
  52              	.LVL1:
  53              	.LBB93:
  54              		.loc 1 253 22 is_stmt 1 view .LVU5
  55              	.LBE93:
 240:src/tuner.cpp ****                               int source_count,
  56              		.loc 1 240 6 is_stmt 0 view .LVU6
  57 000c 1C46     		mov	r4, r3
  58 000e 2DED028B 		vpush.64	{d8}
  59              		.cfi_def_cfa_offset 40
  60              		.cfi_offset 80, -40
  61              		.cfi_offset 81, -36
 240:src/tuner.cpp ****                               int source_count,
  62              		.loc 1 240 6 view .LVU7
  63 0012 B0EE408A 		vmov.f32	s16, s0
  64              	.LBB94:
  65              		.loc 1 253 22 view .LVU8
  66 0016 08DD     		ble	.L2
  67 0018 0B46     		mov	r3, r1
  68              	.LVL2:
  69              		.loc 1 253 22 view .LVU9
  70 001a 01EB8205 		add	r5, r1, r2, lsl #2
  71              	.LVL3:
  72              	.L3:
 254:src/tuner.cpp ****         mean += source[i];
  73              		.loc 1 254 9 is_stmt 1 view .LVU10
  74              		.loc 1 254 25 is_stmt 0 view .LVU11
  75 001e B3EC017A 		vldmia.32	r3!, {s14}
 253:src/tuner.cpp ****         mean += source[i];
  76              		.loc 1 253 22 view .LVU12
  77 0022 AB42     		cmp	r3, r5
  78              		.loc 1 254 14 view .LVU13
  79 0024 77EE877A 		vadd.f32	s15, s15, s14
  80              	.LVL4:
 253:src/tuner.cpp ****         mean += source[i];
  81              		.loc 1 253 5 is_stmt 1 view .LVU14
 253:src/tuner.cpp ****         mean += source[i];
  82              		.loc 1 253 22 view .LVU15
ARM GAS  C:\Users\aydan\AppData\Local\Temp\ccgjf6Ow.s 			page 7


  83 0028 F9D1     		bne	.L3
  84              	.LVL5:
  85              	.L2:
 253:src/tuner.cpp ****         mean += source[i];
  86              		.loc 1 253 22 is_stmt 0 view .LVU16
  87              	.LBE94:
 255:src/tuner.cpp ****     mean /= (float)source_count;
  88              		.loc 1 255 5 is_stmt 1 view .LVU17
  89              		.loc 1 255 13 is_stmt 0 view .LVU18
  90 002a 07EE102A 		vmov	s14, r2	@ int
  91 002e B64D     		ldr	r5, .L73+4
  92              	.LBB95:
  93              	.LBB96:
  94              	.LBB97:
  95              	.LBB98:
 256:src/tuner.cpp **** 
 257:src/tuner.cpp ****     // Short symmetric FIR used before decimation by four. It is intentionally small because this r
 258:src/tuner.cpp ****     static const float kFir[9] = {
 259:src/tuner.cpp ****         0.029411765f, 0.058823529f, 0.117647059f, 0.176470588f, 0.235294118f,
 260:src/tuner.cpp ****         0.176470588f, 0.117647059f, 0.058823529f, 0.029411765f,
 261:src/tuner.cpp ****     };
 262:src/tuner.cpp **** 
 263:src/tuner.cpp ****     float rms_acc = 0.0f;
 264:src/tuner.cpp ****     for(int i = 0; i < config::kTunerWorkSize; ++i)
 265:src/tuner.cpp ****     {
 266:src/tuner.cpp ****         const int center = i * config::kTunerDecimation;
 267:src/tuner.cpp ****         float decimated = 0.0f;
 268:src/tuner.cpp ****         for(int tap = 0; tap < 9; ++tap)
 269:src/tuner.cpp ****         {
 270:src/tuner.cpp ****             const int source_idx = ClampInt(center + tap - 4, 0, source_count - 1);
  96              		.loc 1 270 44 view .LVU19
  97 0030 501E     		subs	r0, r2, #1
  98              	.LVL6:
  99              		.loc 1 270 44 view .LVU20
 100              	.LBE98:
 101              	.LBE97:
 102              	.LBE96:
 103              	.LBE95:
 263:src/tuner.cpp ****     for(int i = 0; i < config::kTunerWorkSize; ++i)
 104              		.loc 1 263 11 view .LVU21
 105 0032 DFEDB45A 		vldr.32	s11, .L73
 255:src/tuner.cpp ****     mean /= (float)source_count;
 106              		.loc 1 255 13 view .LVU22
 107 0036 B8EEC77A 		vcvt.f32.s32	s14, s14
 108              	.LBB111:
 109              	.LBB107:
 110              	.LBB104:
 111              	.LBB101:
 112              		.loc 1 270 44 view .LVU23
 113 003a 6FF00308 		mvn	r8, #3
 114 003e DFF824E3 		ldr	lr, .L73+96
 115 0042 05F58059 		add	r9, r5, #4096
 116 0046 2E46     		mov	r6, r5
 117              	.LBE101:
 118              	.LBE104:
 119              	.LBE107:
 120              	.LBE111:
ARM GAS  C:\Users\aydan\AppData\Local\Temp\ccgjf6Ow.s 			page 8


 255:src/tuner.cpp ****     mean /= (float)source_count;
 121              		.loc 1 255 10 view .LVU24
 122 0048 87EE876A 		vdiv.f32	s12, s15, s14
 123              	.LVL7:
 258:src/tuner.cpp ****         0.029411765f, 0.058823529f, 0.117647059f, 0.176470588f, 0.235294118f,
 124              		.loc 1 258 5 is_stmt 1 view .LVU25
 263:src/tuner.cpp ****     for(int i = 0; i < config::kTunerWorkSize; ++i)
 125              		.loc 1 263 5 view .LVU26
 264:src/tuner.cpp ****     {
 126              		.loc 1 264 5 view .LVU27
 127              	.LBB112:
 264:src/tuner.cpp ****     {
 128              		.loc 1 264 22 view .LVU28
 129              	.L7:
 130              	.LBB108:
 266:src/tuner.cpp ****         float decimated = 0.0f;
 131              		.loc 1 266 9 view .LVU29
 132 004c 4246     		mov	r2, r8
 133 004e AF4B     		ldr	r3, .L73+8
 134 0050 08F10408 		add	r8, r8, #4
 135              	.LVL8:
 267:src/tuner.cpp ****         for(int tap = 0; tap < 9; ++tap)
 136              		.loc 1 267 9 view .LVU30
 268:src/tuner.cpp ****         {
 137              		.loc 1 268 9 view .LVU31
 138              	.LBB105:
 268:src/tuner.cpp ****         {
 139              		.loc 1 268 30 view .LVU32
 140              	.LBE105:
 141              	.LBE108:
 142              	.LBE112:
 263:src/tuner.cpp ****     for(int i = 0; i < config::kTunerWorkSize; ++i)
 143              		.loc 1 263 11 is_stmt 0 view .LVU33
 144 0054 DFEDAE6A 		vldr.32	s13, .L73+12
 145              	.LBB113:
 146              	.LBB109:
 267:src/tuner.cpp ****         for(int tap = 0; tap < 9; ++tap)
 147              		.loc 1 267 15 view .LVU34
 148 0058 9FEDAA7A 		vldr.32	s14, .L73
 149 005c 01E0     		b	.L6
 150              	.LVL9:
 151              	.L67:
 152              	.LBB106:
 153              	.LBB102:
 271:src/tuner.cpp ****             decimated += kFir[tap] * (source[source_idx] - mean);
 154              		.loc 1 271 34 view .LVU35
 155 005e F3EC016A 		vldmia.32	r3!, {s13}
 156              	.LVL10:
 157              	.L6:
 270:src/tuner.cpp ****             decimated += kFir[tap] * (source[source_idx] - mean);
 158              		.loc 1 270 13 is_stmt 1 view .LVU36
 159              	.LBB99:
 160              	.LBI99:
  26:src/tuner.cpp **** {
 161              		.loc 1 26 12 view .LVU37
 162              	.LBB100:
  28:src/tuner.cpp **** }
ARM GAS  C:\Users\aydan\AppData\Local\Temp\ccgjf6Ow.s 			page 9


 163              		.loc 1 28 5 view .LVU38
  28:src/tuner.cpp **** }
 164              		.loc 1 28 23 is_stmt 0 view .LVU39
 165 0062 002A     		cmp	r2, #0
 166 0064 8C46     		mov	ip, r1
 167 0066 05DB     		blt	.L4
  28:src/tuner.cpp **** }
 168              		.loc 1 28 23 view .LVU40
 169              	.LBE100:
 170              	.LBE99:
 171              		.loc 1 271 46 view .LVU41
 172 0068 8242     		cmp	r2, r0
 173 006a 9446     		mov	ip, r2
 174 006c A8BF     		it	ge
 175 006e 8446     		movge	ip, r0
 176              		.loc 1 271 56 view .LVU42
 177 0070 01EB8C0C 		add	ip, r1, ip, lsl #2
 178              	.L4:
 179              	.LVL11:
 180              		.loc 1 271 13 is_stmt 1 view .LVU43
 181              		.loc 1 271 58 is_stmt 0 view .LVU44
 182 0074 DCED007A 		vldr.32	s15, [ip]
 183              	.LBE102:
 268:src/tuner.cpp ****         {
 184              		.loc 1 268 30 view .LVU45
 185 0078 7345     		cmp	r3, lr
 186 007a 02F10102 		add	r2, r2, #1
 187              	.LVL12:
 188              	.LBB103:
 189              		.loc 1 271 58 view .LVU46
 190 007e 77EEC67A 		vsub.f32	s15, s15, s12
 191              		.loc 1 271 23 view .LVU47
 192 0082 A7EEA67A 		vfma.f32	s14, s15, s13
 193              	.LVL13:
 194              		.loc 1 271 23 view .LVU48
 195              	.LBE103:
 268:src/tuner.cpp ****         {
 196              		.loc 1 268 9 is_stmt 1 view .LVU49
 268:src/tuner.cpp ****         {
 197              		.loc 1 268 30 view .LVU50
 198 0086 EAD1     		bne	.L67
 199              	.LBE106:
 272:src/tuner.cpp ****         }
 273:src/tuner.cpp ****         tuner_work_buffer[i] = decimated;
 200              		.loc 1 273 9 view .LVU51
 201              		.loc 1 273 30 is_stmt 0 view .LVU52
 202 0088 A6EC017A 		vstmia.32	r6!, {s14}
 274:src/tuner.cpp ****         rms_acc += decimated * decimated;
 203              		.loc 1 274 9 is_stmt 1 view .LVU53
 204              	.LBE109:
 264:src/tuner.cpp ****     {
 205              		.loc 1 264 22 is_stmt 0 view .LVU54
 206 008c 4E45     		cmp	r6, r9
 207              	.LBB110:
 208              		.loc 1 274 17 view .LVU55
 209 008e E7EE075A 		vfma.f32	s11, s14, s14
 210              	.LVL14:
ARM GAS  C:\Users\aydan\AppData\Local\Temp\ccgjf6Ow.s 			page 10


 211              		.loc 1 274 17 view .LVU56
 212              	.LBE110:
 264:src/tuner.cpp ****     {
 213              		.loc 1 264 5 is_stmt 1 view .LVU57
 264:src/tuner.cpp ****     {
 214              		.loc 1 264 22 view .LVU58
 215 0092 DBD1     		bne	.L7
 216              	.LBE113:
 275:src/tuner.cpp ****     }
 276:src/tuner.cpp **** 
 277:src/tuner.cpp ****     const float rms_now = sqrtf(rms_acc / (float)config::kTunerWorkSize);
 217              		.loc 1 277 5 view .LVU59
 218              		.loc 1 277 32 is_stmt 0 view .LVU60
 219 0094 DFED9F7A 		vldr.32	s15, .L73+16
 220 0098 25EEA70A 		vmul.f32	s0, s11, s15
 221              	.LVL15:
 222              		.loc 1 277 32 view .LVU61
 223 009c B5EE400A 		vcmp.f32	s0, #0
 224 00a0 F1EE10FA 		vmrs	APSR_nzcv, FPSCR
 225 00a4 00F12981 		bmi	.L58
 226 00a8 F1EEC07A 		vsqrt.f32	s15, s0
 227              	.LVL16:
 228              	.L10:
 278:src/tuner.cpp ****     const float onset_floor = 0.012f;
 229              		.loc 1 278 5 is_stmt 1 view .LVU62
 279:src/tuner.cpp ****     const float onset_ratio = 1.65f;
 230              		.loc 1 279 5 view .LVU63
 280:src/tuner.cpp ****     if(rms_now > onset_floor && rms_previous_ > 1e-6f && (rms_now / rms_previous_) > onset_ratio)
 231              		.loc 1 280 5 view .LVU64
 232 00ac 9FED9A7A 		vldr.32	s14, .L73+20
 233              		.loc 1 280 33 is_stmt 0 view .LVU65
 234 00b0 D7ED086A 		vldr.32	s13, [r7, #32]
 235              		.loc 1 280 5 view .LVU66
 236 00b4 F4EEC77A 		vcmpe.f32	s15, s14
 237 00b8 F1EE10FA 		vmrs	APSR_nzcv, FPSCR
 238 00bc 07DD     		ble	.L12
 239              		.loc 1 280 30 view .LVU67
 240 00be 9FED977A 		vldr.32	s14, .L73+24
 241 00c2 F4EEC76A 		vcmpe.f32	s13, s14
 242 00c6 F1EE10FA 		vmrs	APSR_nzcv, FPSCR
 243 00ca 00F3CF80 		bgt	.L68
 244              	.L12:
 281:src/tuner.cpp ****         attack_until_ms_ = now_ms + attack_hold_ms_;
 282:src/tuner.cpp ****     rms_previous_ = 0.85f * rms_previous_ + 0.15f * rms_now;
 245              		.loc 1 282 5 is_stmt 1 view .LVU68
 246              		.loc 1 282 51 is_stmt 0 view .LVU69
 247 00ce 9FED947A 		vldr.32	s14, .L73+28
 248              		.loc 1 282 43 view .LVU70
 249 00d2 DFED945A 		vldr.32	s11, .L73+32
 250              		.loc 1 282 51 view .LVU71
 251 00d6 27EE877A 		vmul.f32	s14, s15, s14
 283:src/tuner.cpp **** 
 284:src/tuner.cpp ****     if(rms_now < config::kTunerRmsGate)
 252              		.loc 1 284 5 view .LVU72
 253 00da 9FED936A 		vldr.32	s12, .L73+36
 254 00de F4EEC67A 		vcmpe.f32	s15, s12
 282:src/tuner.cpp **** 
ARM GAS  C:\Users\aydan\AppData\Local\Temp\ccgjf6Ow.s 			page 11


 255              		.loc 1 282 43 view .LVU73
 256 00e2 A6EEA57A 		vfma.f32	s14, s13, s11
 257              		.loc 1 284 5 view .LVU74
 258 00e6 F1EE10FA 		vmrs	APSR_nzcv, FPSCR
 282:src/tuner.cpp **** 
 259              		.loc 1 282 19 view .LVU75
 260 00ea 87ED087A 		vstr.32	s14, [r7, #32]
 261              		.loc 1 284 5 is_stmt 1 view .LVU76
 262 00ee 00F1AE80 		bmi	.L29
 263              	.LBB114:
 285:src/tuner.cpp ****         return false;
 286:src/tuner.cpp **** 
 287:src/tuner.cpp ****     const float fs_ds = config::kSampleRateHz / (float)config::kTunerDecimation;
 288:src/tuner.cpp ****     int min_tau = (int)(fs_ds / config::kTunerMaxFrequencyHz);
 289:src/tuner.cpp ****     int max_tau = (int)(fs_ds / config::kTunerMinFrequencyHz);
 290:src/tuner.cpp ****     min_tau = ClampInt(min_tau, 2, config::kTunerWorkSize - 2);
 291:src/tuner.cpp ****     max_tau = ClampInt(max_tau, min_tau + 2, config::kTunerWorkSize - 2);
 292:src/tuner.cpp **** 
 293:src/tuner.cpp ****     for(int tau = 0; tau <= max_tau; ++tau)
 294:src/tuner.cpp ****         tuner_difference_buffer[tau] = 0.0f;
 264              		.loc 1 294 38 is_stmt 0 view .LVU77
 265 00f2 0021     		movs	r1, #0
 266 00f4 40F2F462 		movw	r2, #1780
 267 00f8 8C48     		ldr	r0, .L73+40
 268              	.LBE114:
 269              	.LBB115:
 295:src/tuner.cpp **** 
 296:src/tuner.cpp ****     for(int tau = 1; tau <= max_tau; ++tau)
 270              		.loc 1 296 13 view .LVU78
 271 00fa 0126     		movs	r6, #1
 272              	.LBE115:
 273              	.LBB123:
 294:src/tuner.cpp **** 
 274              		.loc 1 294 38 view .LVU79
 275 00fc FFF7FEFF 		bl	memset
 276              	.LVL17:
 277 0100 8B48     		ldr	r0, .L73+44
 278 0102 4FEA450C 		lsl	ip, r5, #1
 279 0106 8B49     		ldr	r1, .L73+48
 280 0108 0746     		mov	r7, r0
 281              	.LVL18:
 294:src/tuner.cpp **** 
 282              		.loc 1 294 38 view .LVU80
 283 010a 0CF5805C 		add	ip, ip, #4096
 284              	.L19:
 285              	.LVL19:
 294:src/tuner.cpp **** 
 286              		.loc 1 294 38 view .LVU81
 287              	.LBE123:
 288              	.LBB124:
 289              	.LBB116:
 297:src/tuner.cpp ****     {
 298:src/tuner.cpp ****         float sum = 0.0f;
 290              		.loc 1 298 9 is_stmt 1 view .LVU82
 299:src/tuner.cpp ****         const int limit = config::kTunerWorkSize - tau;
 291              		.loc 1 299 9 view .LVU83
 300:src/tuner.cpp ****         for(int j = 0; j < limit; ++j)
ARM GAS  C:\Users\aydan\AppData\Local\Temp\ccgjf6Ow.s 			page 12


 292              		.loc 1 300 9 view .LVU84
 293              	.LBB117:
 294              		.loc 1 300 26 view .LVU85
 295 010e ACEB0102 		sub	r2, ip, r1
 296              	.LBE117:
 297              	.LBE116:
 296:src/tuner.cpp ****     {
 298              		.loc 1 296 13 is_stmt 0 view .LVU86
 299 0112 2B46     		mov	r3, r5
 300              	.LBB121:
 298:src/tuner.cpp ****         const int limit = config::kTunerWorkSize - tau;
 301              		.loc 1 298 15 view .LVU87
 302 0114 9FED7B7A 		vldr.32	s14, .L73
 303              	.LVL20:
 304              	.L18:
 305              	.LBB120:
 306              	.LBB118:
 301:src/tuner.cpp ****         {
 302:src/tuner.cpp ****             const float diff = tuner_work_buffer[j] - tuner_work_buffer[j + tau];
 307              		.loc 1 302 13 is_stmt 1 view .LVU88
 308              		.loc 1 302 51 is_stmt 0 view .LVU89
 309 0118 F3EC017A 		vldmia.32	r3!, {s15}
 310              		.loc 1 302 80 view .LVU90
 311 011c F2EC016A 		vldmia.32	r2!, {s13}
 312              	.LBE118:
 300:src/tuner.cpp ****         {
 313              		.loc 1 300 26 view .LVU91
 314 0120 8B42     		cmp	r3, r1
 315              	.LBB119:
 316              		.loc 1 302 25 view .LVU92
 317 0122 77EEE67A 		vsub.f32	s15, s15, s13
 318              	.LVL21:
 303:src/tuner.cpp ****             sum += diff * diff;
 319              		.loc 1 303 13 is_stmt 1 view .LVU93
 320              		.loc 1 303 17 is_stmt 0 view .LVU94
 321 0126 A7EEA77A 		vfma.f32	s14, s15, s15
 322              	.LVL22:
 323              		.loc 1 303 17 view .LVU95
 324              	.LBE119:
 300:src/tuner.cpp ****         {
 325              		.loc 1 300 9 is_stmt 1 view .LVU96
 300:src/tuner.cpp ****         {
 326              		.loc 1 300 26 view .LVU97
 327 012a F5D1     		bne	.L18
 328              	.LBE120:
 304:src/tuner.cpp ****         }
 305:src/tuner.cpp ****         tuner_difference_buffer[tau] = sum;
 329              		.loc 1 305 9 view .LVU98
 330              	.LBE121:
 296:src/tuner.cpp ****     {
 331              		.loc 1 296 5 is_stmt 0 view .LVU99
 332 012c 0136     		adds	r6, r6, #1
 333              	.LVL23:
 296:src/tuner.cpp ****     {
 334              		.loc 1 296 26 view .LVU100
 335 012e 40F2BD12 		movw	r2, #445
 336 0132 191F     		subs	r1, r3, #4
ARM GAS  C:\Users\aydan\AppData\Local\Temp\ccgjf6Ow.s 			page 13


 337              	.LBB122:
 338              		.loc 1 305 38 view .LVU101
 339 0134 A7EC017A 		vstmia.32	r7!, {s14}
 340              	.LBE122:
 296:src/tuner.cpp ****     {
 341              		.loc 1 296 5 is_stmt 1 view .LVU102
 342              	.LVL24:
 296:src/tuner.cpp ****     {
 343              		.loc 1 296 26 view .LVU103
 344 0138 9642     		cmp	r6, r2
 345 013a E8D1     		bne	.L19
 346              	.LBE124:
 306:src/tuner.cpp ****     }
 307:src/tuner.cpp **** 
 308:src/tuner.cpp ****     tuner_cmnd_buffer[0] = 1.0f;
 347              		.loc 1 308 5 view .LVU104
 348              		.loc 1 308 26 is_stmt 0 view .LVU105
 349 013c 7E4D     		ldr	r5, .L73+52
 350 013e 4FF07E53 		mov	r3, #1065353216
 309:src/tuner.cpp ****     float running_sum = 0.0f;
 351              		.loc 1 309 11 view .LVU106
 352 0142 DFED707A 		vldr.32	s15, .L73
 353              	.LVL25:
 308:src/tuner.cpp ****     float running_sum = 0.0f;
 354              		.loc 1 308 26 view .LVU107
 355 0146 2A46     		mov	r2, r5
 356 0148 7C49     		ldr	r1, .L73+56
 357              	.LVL26:
 308:src/tuner.cpp ****     float running_sum = 0.0f;
 358              		.loc 1 308 26 view .LVU108
 359 014a 42F8043B 		str	r3, [r2], #4	@ float
 360              		.loc 1 309 5 is_stmt 1 view .LVU109
 361              	.LVL27:
 310:src/tuner.cpp ****     for(int tau = 1; tau <= max_tau; ++tau)
 362              		.loc 1 310 5 view .LVU110
 363              	.LBB125:
 364              		.loc 1 310 26 view .LVU111
 365              		.loc 1 310 13 is_stmt 0 view .LVU112
 366 014e 0123     		movs	r3, #1
 367              	.LVL28:
 368              	.L22:
 311:src/tuner.cpp ****     {
 312:src/tuner.cpp ****         running_sum += tuner_difference_buffer[tau];
 369              		.loc 1 312 9 is_stmt 1 view .LVU113
 370              		.loc 1 312 51 is_stmt 0 view .LVU114
 371 0150 F0EC016A 		vldmia.32	r0!, {s13}
 313:src/tuner.cpp ****         tuner_cmnd_buffer[tau] = running_sum > 1e-9f ? tuner_difference_buffer[tau] * (float)tau / 
 372              		.loc 1 313 54 view .LVU115
 373 0154 B7EE007A 		vmov.f32	s14, #1.0e+0
 374 0158 9FED796A 		vldr.32	s12, .L73+60
 312:src/tuner.cpp ****         tuner_cmnd_buffer[tau] = running_sum > 1e-9f ? tuner_difference_buffer[tau] * (float)tau / 
 375              		.loc 1 312 21 view .LVU116
 376 015c 77EEA67A 		vadd.f32	s15, s15, s13
 377              	.LVL29:
 378              		.loc 1 313 9 is_stmt 1 view .LVU117
 379              		.loc 1 313 54 is_stmt 0 view .LVU118
 380 0160 F4EEC67A 		vcmpe.f32	s15, s12
ARM GAS  C:\Users\aydan\AppData\Local\Temp\ccgjf6Ow.s 			page 14


 381 0164 F1EE10FA 		vmrs	APSR_nzcv, FPSCR
 382 0168 07DD     		ble	.L20
 383              		.loc 1 313 87 view .LVU119
 384 016a 07EE103A 		vmov	s14, r3	@ int
 385 016e B8EEC77A 		vcvt.f32.s32	s14, s14
 386              		.loc 1 313 85 view .LVU120
 387 0172 67EE266A 		vmul.f32	s13, s14, s13
 388              		.loc 1 313 54 view .LVU121
 389 0176 86EEA77A 		vdiv.f32	s14, s13, s15
 390              	.L20:
 310:src/tuner.cpp ****     {
 391              		.loc 1 310 26 view .LVU122
 392 017a 8142     		cmp	r1, r0
 310:src/tuner.cpp ****     {
 393              		.loc 1 310 5 view .LVU123
 394 017c 03F10103 		add	r3, r3, #1
 395              	.LVL30:
 396              		.loc 1 313 32 view .LVU124
 397 0180 A2EC017A 		vstmia.32	r2!, {s14}
 310:src/tuner.cpp ****     {
 398              		.loc 1 310 5 is_stmt 1 view .LVU125
 399              	.LVL31:
 310:src/tuner.cpp ****     {
 400              		.loc 1 310 26 view .LVU126
 401 0184 E4D1     		bne	.L22
 402              	.LBE125:
 314:src/tuner.cpp ****     }
 315:src/tuner.cpp **** 
 316:src/tuner.cpp ****     // Higher strictness lowers the YIN threshold, requiring a clearer period before lock.
 317:src/tuner.cpp ****     const float threshold = 0.22f - 0.12f * ClampFloat(strictness, 0.0f, 1.0f);
 403              		.loc 1 317 5 view .LVU127
 404              	.LVL32:
 405              	.LBB126:
 406              	.LBI126:
  21:src/tuner.cpp **** {
 407              		.loc 1 21 14 view .LVU128
 408              	.LBB127:
  23:src/tuner.cpp **** }
 409              		.loc 1 23 5 view .LVU129
  23:src/tuner.cpp **** }
 410              		.loc 1 23 23 is_stmt 0 view .LVU130
 411 0186 B5EEC08A 		vcmpe.f32	s16, #0
 412 018a F1EE10FA 		vmrs	APSR_nzcv, FPSCR
 413 018e 63D5     		bpl	.L69
 414 0190 9FED6C7A 		vldr.32	s14, .L73+64
 415              	.LVL33:
 416              	.L23:
  23:src/tuner.cpp **** }
 417              		.loc 1 23 23 view .LVU131
 418              	.LBE127:
 419              	.LBE126:
 318:src/tuner.cpp ****     int tau_est = -1;
 420              		.loc 1 318 5 is_stmt 1 view .LVU132
 319:src/tuner.cpp ****     for(int tau = min_tau; tau <= max_tau; ++tau)
 421              		.loc 1 319 5 view .LVU133
 422              	.LBB129:
 423              		.loc 1 319 32 view .LVU134
ARM GAS  C:\Users\aydan\AppData\Local\Temp\ccgjf6Ow.s 			page 15


 424 0194 6C4A     		ldr	r2, .L73+68
 425              		.loc 1 319 13 is_stmt 0 view .LVU135
 426 0196 0C23     		movs	r3, #12
 427              	.LVL34:
 428              		.loc 1 319 13 view .LVU136
 429 0198 02E0     		b	.L30
 430              	.LVL35:
 431              	.L62:
 432              		.loc 1 319 5 view .LVU137
 433 019a 0133     		adds	r3, r3, #1
 434              	.LVL36:
 435              		.loc 1 319 32 is_stmt 1 view .LVU138
 436 019c 8B42     		cmp	r3, r1
 437 019e 56D0     		beq	.L29
 438              	.LVL37:
 439              	.L30:
 320:src/tuner.cpp ****     {
 321:src/tuner.cpp ****         if(tuner_cmnd_buffer[tau] < threshold)
 440              		.loc 1 321 9 view .LVU139
 319:src/tuner.cpp ****     for(int tau = min_tau; tau <= max_tau; ++tau)
 441              		.loc 1 319 5 view .LVU140
 442              		.loc 1 321 33 is_stmt 0 view .LVU141
 443 01a0 F2EC017A 		vldmia.32	r2!, {s15}
 319:src/tuner.cpp ****     for(int tau = min_tau; tau <= max_tau; ++tau)
 444              		.loc 1 319 32 view .LVU142
 445 01a4 40F2BD11 		movw	r1, #445
 446              		.loc 1 321 9 view .LVU143
 447 01a8 F4EEC77A 		vcmpe.f32	s15, s14
 448 01ac F1EE10FA 		vmrs	APSR_nzcv, FPSCR
 449 01b0 F3D5     		bpl	.L62
 450 01b2 05EB8302 		add	r2, r5, r3, lsl #2
 451 01b6 09E0     		b	.L27
 452              	.L71:
 322:src/tuner.cpp ****         {
 323:src/tuner.cpp ****             while(tau + 1 <= max_tau && tuner_cmnd_buffer[tau + 1] < tuner_cmnd_buffer[tau])
 453              		.loc 1 323 66 view .LVU144
 454 01b8 D2ED017A 		vldr.32	s15, [r2, #4]
 455              		.loc 1 323 91 view .LVU145
 456 01bc B2EC017A 		vldmia.32	r2!, {s14}
 457              		.loc 1 323 38 view .LVU146
 458 01c0 F4EEC77A 		vcmpe.f32	s15, s14
 459 01c4 F1EE10FA 		vmrs	APSR_nzcv, FPSCR
 460 01c8 66D5     		bpl	.L70
 324:src/tuner.cpp ****                 ++tau;
 461              		.loc 1 324 17 view .LVU147
 462 01ca 0B46     		mov	r3, r1
 463              	.LVL38:
 464              	.L27:
 323:src/tuner.cpp ****                 ++tau;
 465              		.loc 1 323 13 is_stmt 1 view .LVU148
 323:src/tuner.cpp ****                 ++tau;
 466              		.loc 1 323 38 view .LVU149
 323:src/tuner.cpp ****                 ++tau;
 467              		.loc 1 323 38 is_stmt 0 view .LVU150
 468 01cc B3F5DE7F 		cmp	r3, #444
 323:src/tuner.cpp ****                 ++tau;
 469              		.loc 1 323 63 view .LVU151
ARM GAS  C:\Users\aydan\AppData\Local\Temp\ccgjf6Ow.s 			page 16


 470 01d0 03F10101 		add	r1, r3, #1
 323:src/tuner.cpp ****                 ++tau;
 471              		.loc 1 323 38 view .LVU152
 472 01d4 F0DB     		blt	.L71
 473              	.LVL39:
 474              	.L44:
 323:src/tuner.cpp ****                 ++tau;
 475              		.loc 1 323 38 view .LVU153
 476              	.LBE129:
 325:src/tuner.cpp ****             tau_est = tau;
 326:src/tuner.cpp ****             break;
 327:src/tuner.cpp ****         }
 328:src/tuner.cpp ****     }
 329:src/tuner.cpp **** 
 330:src/tuner.cpp ****     if(tau_est < 0)
 331:src/tuner.cpp ****         return false;
 332:src/tuner.cpp **** 
 333:src/tuner.cpp ****     float delta = 0.0f;
 477              		.loc 1 333 11 view .LVU154
 478 01d6 DFED4B7A 		vldr.32	s15, .L73
 479              	.L26:
 480              	.LVL40:
 334:src/tuner.cpp ****     if(tau_est > 1 && tau_est + 1 <= max_tau)
 335:src/tuner.cpp ****         ParabolicDelta(tuner_cmnd_buffer[tau_est - 1], tuner_cmnd_buffer[tau_est], tuner_cmnd_buffe
 336:src/tuner.cpp **** 
 337:src/tuner.cpp ****     const float tau_f = (float)tau_est + delta;
 481              		.loc 1 337 5 is_stmt 1 view .LVU155
 482              		.loc 1 337 17 is_stmt 0 view .LVU156
 483 01da 07EE103A 		vmov	s14, r3	@ int
 338:src/tuner.cpp ****     if(tau_f <= 1.0f)
 484              		.loc 1 338 5 view .LVU157
 485 01de F7EE006A 		vmov.f32	s13, #1.0e+0
 337:src/tuner.cpp ****     if(tau_f <= 1.0f)
 486              		.loc 1 337 17 view .LVU158
 487 01e2 B8EEC77A 		vcvt.f32.s32	s14, s14
 488 01e6 77EE277A 		vadd.f32	s15, s14, s15
 489              	.LVL41:
 490              		.loc 1 338 5 is_stmt 1 view .LVU159
 491 01ea F4EEE67A 		vcmpe.f32	s15, s13
 492 01ee F1EE10FA 		vmrs	APSR_nzcv, FPSCR
 493 01f2 2CD9     		bls	.L29
 339:src/tuner.cpp ****         return false;
 340:src/tuner.cpp **** 
 341:src/tuner.cpp ****     const float freq = fs_ds / tau_f;
 494              		.loc 1 341 5 view .LVU160
 495              		.loc 1 341 17 is_stmt 0 view .LVU161
 496 01f4 DFED555A 		vldr.32	s11, .L73+72
 342:src/tuner.cpp ****     if(freq < config::kTunerMinFrequencyHz || freq > config::kTunerMaxFrequencyHz)
 497              		.loc 1 342 5 view .LVU162
 498 01f8 B3EE0B6A 		vmov.f32	s12, #2.7e+1
 341:src/tuner.cpp ****     if(freq < config::kTunerMinFrequencyHz || freq > config::kTunerMaxFrequencyHz)
 499              		.loc 1 341 17 view .LVU163
 500 01fc 85EEA77A 		vdiv.f32	s14, s11, s15
 501              	.LVL42:
 502              		.loc 1 342 5 is_stmt 1 view .LVU164
 503 0200 B4EEC67A 		vcmpe.f32	s14, s12
 504 0204 F1EE10FA 		vmrs	APSR_nzcv, FPSCR
ARM GAS  C:\Users\aydan\AppData\Local\Temp\ccgjf6Ow.s 			page 17


 505 0208 21D4     		bmi	.L29
 506              		.loc 1 342 44 is_stmt 0 view .LVU165
 507 020a DFED517A 		vldr.32	s15, .L73+76
 508              	.LVL43:
 509              		.loc 1 342 44 view .LVU166
 510 020e B4EEE77A 		vcmpe.f32	s14, s15
 511 0212 F1EE10FA 		vmrs	APSR_nzcv, FPSCR
 512 0216 1ADC     		bgt	.L29
 343:src/tuner.cpp ****         return false;
 344:src/tuner.cpp **** 
 345:src/tuner.cpp ****     out_freq_hz = freq;
 513              		.loc 1 345 5 is_stmt 1 view .LVU167
 346:src/tuner.cpp ****     out_confidence = ClampFloat(1.0f - tuner_cmnd_buffer[tau_est], 0.0f, 1.0f);
 514              		.loc 1 346 65 is_stmt 0 view .LVU168
 515 0218 05EB8303 		add	r3, r5, r3, lsl #2
 516              	.LVL44:
 345:src/tuner.cpp ****     out_confidence = ClampFloat(1.0f - tuner_cmnd_buffer[tau_est], 0.0f, 1.0f);
 517              		.loc 1 345 17 view .LVU169
 518 021c 84ED007A 		vstr.32	s14, [r4]
 519              	.LVL45:
 520              		.loc 1 346 5 is_stmt 1 view .LVU170
 521              		.loc 1 346 32 is_stmt 0 view .LVU171
 522 0220 D3ED007A 		vldr.32	s15, [r3]
 523 0224 76EEE77A 		vsub.f32	s15, s13, s15
 524              	.LVL46:
 525              	.LBB130:
 526              	.LBI130:
  21:src/tuner.cpp **** {
 527              		.loc 1 21 14 is_stmt 1 view .LVU172
 528              	.LBB131:
  23:src/tuner.cpp **** }
 529              		.loc 1 23 5 view .LVU173
  23:src/tuner.cpp **** }
 530              		.loc 1 23 23 is_stmt 0 view .LVU174
 531 0228 F5EEC07A 		vcmpe.f32	s15, #0
 532 022c F1EE10FA 		vmrs	APSR_nzcv, FPSCR
 533 0230 5DD4     		bmi	.L42
  23:src/tuner.cpp **** }
 534              		.loc 1 23 42 view .LVU175
 535 0232 F4EE667A 		vcmp.f32	s15, s13
 536 0236 F1EE10FA 		vmrs	APSR_nzcv, FPSCR
 537 023a 76FEA77A 		vselgt.f32	s15, s13, s15
 538              	.LVL47:
 539              	.L31:
  23:src/tuner.cpp **** }
 540              		.loc 1 23 42 view .LVU176
 541              	.LBE131:
 542              	.LBE130:
 543              		.loc 1 346 20 view .LVU177
 544 023e 0A9B     		ldr	r3, [sp, #40]
 347:src/tuner.cpp ****     return true;
 545              		.loc 1 347 12 view .LVU178
 546 0240 0120     		movs	r0, #1
 348:src/tuner.cpp **** }
 547              		.loc 1 348 1 view .LVU179
 548 0242 BDEC028B 		vldm	sp!, {d8}
 549              		.cfi_remember_state
ARM GAS  C:\Users\aydan\AppData\Local\Temp\ccgjf6Ow.s 			page 18


 550              		.cfi_restore 80
 551              		.cfi_restore 81
 552              		.cfi_def_cfa_offset 32
 553              	.LVL48:
 346:src/tuner.cpp ****     return true;
 554              		.loc 1 346 20 view .LVU180
 555 0246 C3ED007A 		vstr.32	s15, [r3]
 347:src/tuner.cpp ****     return true;
 556              		.loc 1 347 5 is_stmt 1 view .LVU181
 557              		.loc 1 348 1 is_stmt 0 view .LVU182
 558 024a BDE8F883 		pop	{r3, r4, r5, r6, r7, r8, r9, pc}
 559              	.LVL49:
 560              	.L29:
 561              		.cfi_restore_state
 562              		.loc 1 348 1 view .LVU183
 563 024e BDEC028B 		vldm	sp!, {d8}
 564              		.cfi_remember_state
 565              		.cfi_restore 80
 566              		.cfi_restore 81
 567              		.cfi_def_cfa_offset 32
 568              	.LVL50:
 285:src/tuner.cpp **** 
 569              		.loc 1 285 16 view .LVU184
 570 0252 0020     		movs	r0, #0
 571              		.loc 1 348 1 view .LVU185
 572 0254 BDE8F883 		pop	{r3, r4, r5, r6, r7, r8, r9, pc}
 573              	.LVL51:
 574              	.L69:
 575              		.cfi_restore_state
 576              	.LBB133:
 577              	.LBB128:
  23:src/tuner.cpp **** }
 578              		.loc 1 23 42 view .LVU186
 579 0258 F7EE007A 		vmov.f32	s15, #1.0e+0
 580              	.LVL52:
  23:src/tuner.cpp **** }
 581              		.loc 1 23 42 view .LVU187
 582 025c B4EEE78A 		vcmpe.f32	s16, s15
 583 0260 F1EE10FA 		vmrs	APSR_nzcv, FPSCR
 584 0264 11DD     		ble	.L72
 585 0266 9FED3B7A 		vldr.32	s14, .L73+80
 586 026a 93E7     		b	.L23
 587              	.LVL53:
 588              	.L68:
  23:src/tuner.cpp **** }
 589              		.loc 1 23 42 view .LVU188
 590              	.LBE128:
 591              	.LBE133:
 280:src/tuner.cpp ****         attack_until_ms_ = now_ms + attack_hold_ms_;
 592              		.loc 1 280 67 view .LVU189
 593 026c 87EEA67A 		vdiv.f32	s14, s15, s13
 280:src/tuner.cpp ****         attack_until_ms_ = now_ms + attack_hold_ms_;
 594              		.loc 1 280 55 view .LVU190
 595 0270 9FED396A 		vldr.32	s12, .L73+84
 596 0274 B4EEC67A 		vcmpe.f32	s14, s12
 597 0278 F1EE10FA 		vmrs	APSR_nzcv, FPSCR
 598 027c 7FF727AF 		ble	.L12
ARM GAS  C:\Users\aydan\AppData\Local\Temp\ccgjf6Ow.s 			page 19


 281:src/tuner.cpp ****     rms_previous_ = 0.85f * rms_previous_ + 0.15f * rms_now;
 599              		.loc 1 281 9 is_stmt 1 view .LVU191
 281:src/tuner.cpp ****     rms_previous_ = 0.85f * rms_previous_ + 0.15f * rms_now;
 600              		.loc 1 281 35 is_stmt 0 view .LVU192
 601 0280 FB6A     		ldr	r3, [r7, #44]
 602 0282 0B9A     		ldr	r2, [sp, #44]
 603 0284 1344     		add	r3, r3, r2
 281:src/tuner.cpp ****     rms_previous_ = 0.85f * rms_previous_ + 0.15f * rms_now;
 604              		.loc 1 281 26 view .LVU193
 605 0286 7B62     		str	r3, [r7, #36]
 606 0288 21E7     		b	.L12
 607              	.LVL54:
 608              	.L72:
 317:src/tuner.cpp ****     int tau_est = -1;
 609              		.loc 1 317 78 view .LVU194
 610 028a DFED347A 		vldr.32	s15, .L73+88
 611 028e 9FED2D7A 		vldr.32	s14, .L73+64
 612 0292 A8EE677A 		vfms.f32	s14, s16, s15
 613 0296 7DE7     		b	.L23
 614              	.LVL55:
 615              	.L70:
 330:src/tuner.cpp ****         return false;
 616              		.loc 1 330 5 is_stmt 1 view .LVU195
 333:src/tuner.cpp ****     if(tau_est > 1 && tau_est + 1 <= max_tau)
 617              		.loc 1 333 5 view .LVU196
 334:src/tuner.cpp ****         ParabolicDelta(tuner_cmnd_buffer[tau_est - 1], tuner_cmnd_buffer[tau_est], tuner_cmnd_buffe
 618              		.loc 1 334 5 view .LVU197
 335:src/tuner.cpp **** 
 619              		.loc 1 335 9 view .LVU198
 335:src/tuner.cpp **** 
 620              		.loc 1 335 23 is_stmt 0 view .LVU199
 621 0298 05EB8302 		add	r2, r5, r3, lsl #2
 622              	.LBB134:
 623              	.LBB135:
  34:src/tuner.cpp ****     if(fabsf(denom) < 1e-12f)
 624              		.loc 1 34 36 view .LVU200
 625 029c B0EE005A 		vmov.f32	s10, #2.0e+0
  35:src/tuner.cpp ****     {
 626              		.loc 1 35 5 view .LVU201
 627 02a0 DFED2F5A 		vldr.32	s11, .L73+92
 628              	.LBE135:
 629              	.LBE134:
 335:src/tuner.cpp **** 
 630              		.loc 1 335 23 view .LVU202
 631 02a4 52ED016A 		vldr.32	s13, [r2, #-4]
 632              	.LVL56:
 633              	.LBB144:
 634              	.LBI134:
  32:src/tuner.cpp **** {
 635              		.loc 1 32 13 is_stmt 1 view .LVU203
 636              	.LBB142:
  34:src/tuner.cpp ****     if(fabsf(denom) < 1e-12f)
 637              		.loc 1 34 5 view .LVU204
  34:src/tuner.cpp ****     if(fabsf(denom) < 1e-12f)
 638              		.loc 1 34 36 is_stmt 0 view .LVU205
 639 02a8 B0EE666A 		vmov.f32	s12, s13
 640 02ac 97EE056A 		vfnms.f32	s12, s14, s10
ARM GAS  C:\Users\aydan\AppData\Local\Temp\ccgjf6Ow.s 			page 20


  34:src/tuner.cpp ****     if(fabsf(denom) < 1e-12f)
 641              		.loc 1 34 17 view .LVU206
 642 02b0 36EE676A 		vsub.f32	s12, s12, s15
 643              	.LVL57:
  35:src/tuner.cpp ****     {
 644              		.loc 1 35 5 is_stmt 1 view .LVU207
  35:src/tuner.cpp ****     {
 645              		.loc 1 35 13 is_stmt 0 view .LVU208
 646 02b4 B0EEC67A 		vabs.f32	s14, s12
 647              	.LVL58:
  35:src/tuner.cpp ****     {
 648              		.loc 1 35 5 view .LVU209
 649 02b8 B4EEE57A 		vcmpe.f32	s14, s11
 650 02bc F1EE10FA 		vmrs	APSR_nzcv, FPSCR
 651 02c0 89D4     		bmi	.L44
  40:src/tuner.cpp ****     delta = ClampFloat(delta, -0.5f, 0.5f);
 652              		.loc 1 40 5 is_stmt 1 view .LVU210
  40:src/tuner.cpp ****     delta = ClampFloat(delta, -0.5f, 0.5f);
 653              		.loc 1 40 24 is_stmt 0 view .LVU211
 654 02c2 76EEE77A 		vsub.f32	s15, s13, s15
 655              	.LVL59:
  40:src/tuner.cpp ****     delta = ClampFloat(delta, -0.5f, 0.5f);
 656              		.loc 1 40 18 view .LVU212
 657 02c6 F6EE006A 		vmov.f32	s13, #5.0e-1
 658              	.LVL60:
 659              	.LBB136:
 660              	.LBB137:
  23:src/tuner.cpp **** }
 661              		.loc 1 23 23 view .LVU213
 662 02ca FEEE005A 		vmov.f32	s11, #-5.0e-1
 663              	.LBE137:
 664              	.LBE136:
  40:src/tuner.cpp ****     delta = ClampFloat(delta, -0.5f, 0.5f);
 665              		.loc 1 40 18 view .LVU214
 666 02ce 27EEA67A 		vmul.f32	s14, s15, s13
  40:src/tuner.cpp ****     delta = ClampFloat(delta, -0.5f, 0.5f);
 667              		.loc 1 40 30 view .LVU215
 668 02d2 C7EE067A 		vdiv.f32	s15, s14, s12
  41:src/tuner.cpp **** }
 669              		.loc 1 41 5 is_stmt 1 view .LVU216
 670              	.LVL61:
 671              	.LBB140:
 672              	.LBI136:
  21:src/tuner.cpp **** {
 673              		.loc 1 21 14 view .LVU217
 674              	.LBB138:
  23:src/tuner.cpp **** }
 675              		.loc 1 23 5 view .LVU218
  23:src/tuner.cpp **** }
 676              		.loc 1 23 23 is_stmt 0 view .LVU219
 677 02d6 F4EEE57A 		vcmpe.f32	s15, s11
 678 02da F1EE10FA 		vmrs	APSR_nzcv, FPSCR
 679 02de 09D4     		bmi	.L40
  23:src/tuner.cpp **** }
 680              		.loc 1 23 42 view .LVU220
 681 02e0 F4EE667A 		vcmp.f32	s15, s13
 682 02e4 F1EE10FA 		vmrs	APSR_nzcv, FPSCR
ARM GAS  C:\Users\aydan\AppData\Local\Temp\ccgjf6Ow.s 			page 21


 683 02e8 76FEA77A 		vselgt.f32	s15, s13, s15
 684              	.LVL62:
  23:src/tuner.cpp **** }
 685              		.loc 1 23 42 view .LVU221
 686 02ec 75E7     		b	.L26
 687              	.LVL63:
 688              	.L42:
  23:src/tuner.cpp **** }
 689              		.loc 1 23 42 view .LVU222
 690              	.LBE138:
 691              	.LBE140:
 692              	.LBE142:
 693              	.LBE144:
 694              	.LBB145:
 695              	.LBB132:
  23:src/tuner.cpp **** }
 696              		.loc 1 23 23 view .LVU223
 697 02ee DFED057A 		vldr.32	s15, .L73
 698              	.LVL64:
  23:src/tuner.cpp **** }
 699              		.loc 1 23 23 view .LVU224
 700 02f2 A4E7     		b	.L31
 701              	.LVL65:
 702              	.L40:
  23:src/tuner.cpp **** }
 703              		.loc 1 23 23 view .LVU225
 704              	.LBE132:
 705              	.LBE145:
 706              	.LBB146:
 707              	.LBB143:
 708              	.LBB141:
 709              	.LBB139:
 710 02f4 F0EE657A 		vmov.f32	s15, s11
 711              	.LVL66:
  23:src/tuner.cpp **** }
 712              		.loc 1 23 23 view .LVU226
 713 02f8 6FE7     		b	.L26
 714              	.LVL67:
 715              	.L58:
  23:src/tuner.cpp **** }
 716              		.loc 1 23 23 view .LVU227
 717              	.LBE139:
 718              	.LBE141:
 719              	.LBE143:
 720              	.LBE146:
 277:src/tuner.cpp ****     const float onset_floor = 0.012f;
 721              		.loc 1 277 32 view .LVU228
 722 02fa FFF7FEFF 		bl	sqrtf
 723              	.LVL68:
 277:src/tuner.cpp ****     const float onset_floor = 0.012f;
 724              		.loc 1 277 32 view .LVU229
 725 02fe F0EE407A 		vmov.f32	s15, s0
 726 0302 D3E6     		b	.L10
 727              	.L74:
 728              		.align	2
 729              	.L73:
 730 0304 00000000 		.word	0
ARM GAS  C:\Users\aydan\AppData\Local\Temp\ccgjf6Ow.s 			page 22


 731 0308 00000000 		.word	_ZN3app17tuner_work_bufferE
 732 030c 04000000 		.word	.LANCHOR0+4
 733 0310 F1F0F03C 		.word	1022423281
 734 0314 0000803A 		.word	981467136
 735 0318 A69B443C 		.word	1011129254
 736 031c BD378635 		.word	897988541
 737 0320 9A99193E 		.word	1041865114
 738 0324 9A99593F 		.word	1062836634
 739 0328 0AD7233C 		.word	1008981770
 740 032c 00000000 		.word	_ZN3app23tuner_difference_bufferE
 741 0330 04000000 		.word	_ZN3app23tuner_difference_bufferE+4
 742 0334 FC0F0000 		.word	_ZN3app17tuner_work_bufferE+4092
 743 0338 00000000 		.word	_ZN3app17tuner_cmnd_bufferE
 744 033c F4060000 		.word	_ZN3app23tuner_difference_bufferE+1780
 745 0340 5F708930 		.word	814313567
 746 0344 AE47613E 		.word	1046562734
 747 0348 30000000 		.word	_ZN3app17tuner_cmnd_bufferE+48
 748 034c 00803B46 		.word	1178304512
 749 0350 00007A44 		.word	1148846080
 750 0354 CDCCCC3D 		.word	1036831949
 751 0358 3333D33F 		.word	1070805811
 752 035c 8FC2F53D 		.word	1039516303
 753 0360 CCBC8C2B 		.word	730643660
 754 0364 24000000 		.word	.LANCHOR0+36
 755              		.cfi_endproc
 756              	.LFE2595:
 758              		.section	.text._ZN3app12TunerCaptureC2Ev,"ax",%progbits
 759              		.align	1
 760              		.p2align 2,,3
 761              		.global	_ZN3app12TunerCaptureC2Ev
 762              		.syntax unified
 763              		.thumb
 764              		.thumb_func
 765              		.fpu fpv5-d16
 767              	_ZN3app12TunerCaptureC2Ev:
 768              	.LVL69:
 769              	.LFB2564:
  44:src/tuner.cpp **** : write_index_(0),
 770              		.loc 1 44 1 is_stmt 1 view -0
 771              		.cfi_startproc
 772              		@ args = 0, pretend = 0, frame = 0
 773              		@ frame_needed = 0, uses_anonymous_args = 0
 774              		@ link register save eliminated.
 775              	.LBB147:
  46:src/tuner.cpp **** {
 776              		.loc 1 46 27 is_stmt 0 view .LVU231
 777 0000 0022     		movs	r2, #0
 778 0002 C0E90022 		strd	r2, r2, [r0]
 779              	.LBE147:
  56:src/tuner.cpp **** 
 780              		.loc 1 56 1 view .LVU232
 781 0006 7047     		bx	lr
 782              		.cfi_endproc
 783              	.LFE2564:
 785              		.global	_ZN3app12TunerCaptureC1Ev
 786              		.thumb_set _ZN3app12TunerCaptureC1Ev,_ZN3app12TunerCaptureC2Ev
 787              		.section	.text._ZN3app12TunerCapture4InitEv,"ax",%progbits
ARM GAS  C:\Users\aydan\AppData\Local\Temp\ccgjf6Ow.s 			page 23


 788              		.align	1
 789              		.p2align 2,,3
 790              		.global	_ZN3app12TunerCapture4InitEv
 791              		.syntax unified
 792              		.thumb
 793              		.thumb_func
 794              		.fpu fpv5-d16
 796              	_ZN3app12TunerCapture4InitEv:
 797              	.LVL70:
 798              	.LFB2566:
  59:src/tuner.cpp ****     for(int i = 0; i < config::kTunerCaptureRingSize; ++i)
 799              		.loc 1 59 1 is_stmt 1 view -0
 800              		.cfi_startproc
 801              		@ args = 0, pretend = 0, frame = 0
 802              		@ frame_needed = 0, uses_anonymous_args = 0
  60:src/tuner.cpp ****         tuner_capture_ring[i] = 0.0f;
 803              		.loc 1 60 5 view .LVU234
 804              	.LBB148:
  60:src/tuner.cpp ****         tuner_capture_ring[i] = 0.0f;
 805              		.loc 1 60 22 view .LVU235
 806              	.LBE148:
  59:src/tuner.cpp ****     for(int i = 0; i < config::kTunerCaptureRingSize; ++i)
 807              		.loc 1 59 1 is_stmt 0 view .LVU236
 808 0000 10B5     		push	{r4, lr}
 809              		.cfi_def_cfa_offset 8
 810              		.cfi_offset 4, -8
 811              		.cfi_offset 14, -4
 812              	.LBB149:
  61:src/tuner.cpp ****     write_index_ = 0;
 813              		.loc 1 61 31 view .LVU237
 814 0002 4FF40042 		mov	r2, #32768
 815              	.LBE149:
  59:src/tuner.cpp ****     for(int i = 0; i < config::kTunerCaptureRingSize; ++i)
 816              		.loc 1 59 1 view .LVU238
 817 0006 0446     		mov	r4, r0
 818              	.LBB150:
  61:src/tuner.cpp ****     write_index_ = 0;
 819              		.loc 1 61 31 view .LVU239
 820 0008 0021     		movs	r1, #0
 821 000a 0448     		ldr	r0, .L78
 822              	.LVL71:
  61:src/tuner.cpp ****     write_index_ = 0;
 823              		.loc 1 61 31 view .LVU240
 824 000c FFF7FEFF 		bl	memset
 825              	.LVL72:
  61:src/tuner.cpp ****     write_index_ = 0;
 826              		.loc 1 61 31 view .LVU241
 827              	.LBE150:
  62:src/tuner.cpp ****     __atomic_store_n(&completed_write_index_, 0u, __ATOMIC_RELEASE);
 828              		.loc 1 62 5 is_stmt 1 view .LVU242
  62:src/tuner.cpp ****     __atomic_store_n(&completed_write_index_, 0u, __ATOMIC_RELEASE);
 829              		.loc 1 62 18 is_stmt 0 view .LVU243
 830 0010 0023     		movs	r3, #0
 831 0012 2360     		str	r3, [r4]
  63:src/tuner.cpp **** }
 832              		.loc 1 63 5 is_stmt 1 view .LVU244
  63:src/tuner.cpp **** }
ARM GAS  C:\Users\aydan\AppData\Local\Temp\ccgjf6Ow.s 			page 24


 833              		.loc 1 63 21 is_stmt 0 view .LVU245
 834 0014 BFF35B8F 		dmb	ish
 835 0018 6360     		str	r3, [r4, #4]
  64:src/tuner.cpp **** 
 836              		.loc 1 64 1 view .LVU246
 837 001a 10BD     		pop	{r4, pc}
 838              	.LVL73:
 839              	.L79:
  64:src/tuner.cpp **** 
 840              		.loc 1 64 1 view .LVU247
 841              		.align	2
 842              	.L78:
 843 001c 00000000 		.word	_ZN3app18tuner_capture_ringE
 844              		.cfi_endproc
 845              	.LFE2566:
 847              		.section	.text._ZN3app12TunerCapture10WriteBlockEPKfj,"ax",%progbits
 848              		.align	1
 849              		.p2align 2,,3
 850              		.global	_ZN3app12TunerCapture10WriteBlockEPKfj
 851              		.syntax unified
 852              		.thumb
 853              		.thumb_func
 854              		.fpu fpv5-d16
 856              	_ZN3app12TunerCapture10WriteBlockEPKfj:
 857              	.LVL74:
 858              	.LFB2567:
  68:src/tuner.cpp ****     uint32_t wr = write_index_;
 859              		.loc 1 68 1 is_stmt 1 view -0
 860              		.cfi_startproc
 861              		@ args = 0, pretend = 0, frame = 0
 862              		@ frame_needed = 0, uses_anonymous_args = 0
 863              		@ link register save eliminated.
  69:src/tuner.cpp ****     for(size_t i = 0; i < size; ++i)
 864              		.loc 1 69 5 view .LVU249
  69:src/tuner.cpp ****     for(size_t i = 0; i < size; ++i)
 865              		.loc 1 69 14 is_stmt 0 view .LVU250
 866 0000 0368     		ldr	r3, [r0]
 867              	.LVL75:
  70:src/tuner.cpp ****     {
 868              		.loc 1 70 5 is_stmt 1 view .LVU251
 869              	.LBB151:
  70:src/tuner.cpp ****     {
 870              		.loc 1 70 25 view .LVU252
 871              	.LBE151:
  68:src/tuner.cpp ****     uint32_t wr = write_index_;
 872              		.loc 1 68 1 is_stmt 0 view .LVU253
 873 0002 30B4     		push	{r4, r5}
 874              		.cfi_def_cfa_offset 8
 875              		.cfi_offset 4, -8
 876              		.cfi_offset 5, -4
 877              	.LBB152:
  70:src/tuner.cpp ****     {
 878              		.loc 1 70 25 view .LVU254
 879 0004 92B1     		cbz	r2, .L83
 880 0006 9C18     		adds	r4, r3, r2
 881 0008 094D     		ldr	r5, .L86
 882              	.LVL76:
ARM GAS  C:\Users\aydan\AppData\Local\Temp\ccgjf6Ow.s 			page 25


 883              	.L82:
  72:src/tuner.cpp ****         ++wr;
 884              		.loc 1 72 9 is_stmt 1 discriminator 2 view .LVU255
  72:src/tuner.cpp ****         ++wr;
 885              		.loc 1 72 31 is_stmt 0 discriminator 2 view .LVU256
 886 000a C3F30C02 		ubfx	r2, r3, #0, #13
  73:src/tuner.cpp ****     }
 887              		.loc 1 73 9 discriminator 2 view .LVU257
 888 000e 0133     		adds	r3, r3, #1
 889              	.LVL77:
  72:src/tuner.cpp ****         ++wr;
 890              		.loc 1 72 81 discriminator 2 view .LVU258
 891 0010 51F804CB 		ldr	ip, [r1], #4	@ float
  72:src/tuner.cpp ****         ++wr;
 892              		.loc 1 72 70 discriminator 2 view .LVU259
 893 0014 05EB8202 		add	r2, r5, r2, lsl #2
  70:src/tuner.cpp ****     {
 894              		.loc 1 70 25 discriminator 2 view .LVU260
 895 0018 A342     		cmp	r3, r4
  72:src/tuner.cpp ****         ++wr;
 896              		.loc 1 72 70 discriminator 2 view .LVU261
 897 001a C2F800C0 		str	ip, [r2]	@ float
  73:src/tuner.cpp ****     }
 898              		.loc 1 73 9 is_stmt 1 discriminator 2 view .LVU262
 899              	.LVL78:
  70:src/tuner.cpp ****     {
 900              		.loc 1 70 5 discriminator 2 view .LVU263
  70:src/tuner.cpp ****     {
 901              		.loc 1 70 25 discriminator 2 view .LVU264
 902 001e F4D1     		bne	.L82
 903              	.L81:
  70:src/tuner.cpp ****     {
 904              		.loc 1 70 25 is_stmt 0 discriminator 2 view .LVU265
 905              	.LBE152:
  75:src/tuner.cpp ****     __atomic_store_n(&completed_write_index_, wr, __ATOMIC_RELEASE);
 906              		.loc 1 75 5 is_stmt 1 view .LVU266
  75:src/tuner.cpp ****     __atomic_store_n(&completed_write_index_, wr, __ATOMIC_RELEASE);
 907              		.loc 1 75 18 is_stmt 0 view .LVU267
 908 0020 0460     		str	r4, [r0]
  76:src/tuner.cpp **** }
 909              		.loc 1 76 5 is_stmt 1 view .LVU268
  76:src/tuner.cpp **** }
 910              		.loc 1 76 21 is_stmt 0 view .LVU269
 911 0022 BFF35B8F 		dmb	ish
 912 0026 4460     		str	r4, [r0, #4]
  77:src/tuner.cpp **** 
 913              		.loc 1 77 1 view .LVU270
 914 0028 30BC     		pop	{r4, r5}
 915              		.cfi_remember_state
 916              		.cfi_restore 5
 917              		.cfi_restore 4
 918              		.cfi_def_cfa_offset 0
 919 002a 7047     		bx	lr
 920              	.LVL79:
 921              	.L83:
 922              		.cfi_restore_state
  69:src/tuner.cpp ****     for(size_t i = 0; i < size; ++i)
ARM GAS  C:\Users\aydan\AppData\Local\Temp\ccgjf6Ow.s 			page 26


 923              		.loc 1 69 14 view .LVU271
 924 002c 1C46     		mov	r4, r3
 925 002e F7E7     		b	.L81
 926              	.L87:
 927              		.align	2
 928              	.L86:
 929 0030 00000000 		.word	_ZN3app18tuner_capture_ringE
 930              		.cfi_endproc
 931              	.LFE2567:
 933              		.section	.text._ZNK3app12TunerCapture19CompletedWriteIndexEv,"ax",%progbits
 934              		.align	1
 935              		.p2align 2,,3
 936              		.global	_ZNK3app12TunerCapture19CompletedWriteIndexEv
 937              		.syntax unified
 938              		.thumb
 939              		.thumb_func
 940              		.fpu fpv5-d16
 942              	_ZNK3app12TunerCapture19CompletedWriteIndexEv:
 943              	.LVL80:
 944              	.LFB2568:
  80:src/tuner.cpp ****     return __atomic_load_n(&completed_write_index_, __ATOMIC_ACQUIRE);
 945              		.loc 1 80 1 is_stmt 1 view -0
 946              		.cfi_startproc
 947              		@ args = 0, pretend = 0, frame = 0
 948              		@ frame_needed = 0, uses_anonymous_args = 0
 949              		@ link register save eliminated.
  81:src/tuner.cpp **** }
 950              		.loc 1 81 5 view .LVU273
  81:src/tuner.cpp **** }
 951              		.loc 1 81 69 is_stmt 0 view .LVU274
 952 0000 4068     		ldr	r0, [r0, #4]
 953              	.LVL81:
  81:src/tuner.cpp **** }
 954              		.loc 1 81 69 view .LVU275
 955 0002 BFF35B8F 		dmb	ish
  82:src/tuner.cpp **** 
 956              		.loc 1 82 1 view .LVU276
 957 0006 7047     		bx	lr
 958              		.cfi_endproc
 959              	.LFE2568:
 961              		.section	.text._ZNK3app12TunerCapture18CopyAnalysisWindowEPfi,"ax",%progbits
 962              		.align	1
 963              		.p2align 2,,3
 964              		.global	_ZNK3app12TunerCapture18CopyAnalysisWindowEPfi
 965              		.syntax unified
 966              		.thumb
 967              		.thumb_func
 968              		.fpu fpv5-d16
 970              	_ZNK3app12TunerCapture18CopyAnalysisWindowEPfi:
 971              	.LVL82:
 972              	.LFB2569:
  87:src/tuner.cpp ****     if(!out || count <= 0 || count > config::kTunerCaptureRingSize || count > config::kTunerSourceW
 973              		.loc 1 87 1 is_stmt 1 view -0
 974              		.cfi_startproc
 975              		@ args = 0, pretend = 0, frame = 0
 976              		@ frame_needed = 0, uses_anonymous_args = 0
  88:src/tuner.cpp ****         return false;
ARM GAS  C:\Users\aydan\AppData\Local\Temp\ccgjf6Ow.s 			page 27


 977              		.loc 1 88 5 view .LVU278
  88:src/tuner.cpp ****         return false;
 978              		.loc 1 88 22 is_stmt 0 view .LVU279
 979 0000 531E     		subs	r3, r2, #1
  88:src/tuner.cpp ****         return false;
 980              		.loc 1 88 68 view .LVU280
 981 0002 B3F5805F 		cmp	r3, #4096
 982 0006 03D2     		bcs	.L97
 983 0008 B1FA81F3 		clz	r3, r1
 984 000c 5B09     		lsrs	r3, r3, #5
 985 000e 09B9     		cbnz	r1, .L90
 986              	.L97:
  89:src/tuner.cpp **** 
 987              		.loc 1 89 16 view .LVU281
 988 0010 0020     		movs	r0, #0
 989              	.LVL83:
 110:src/tuner.cpp **** 
 990              		.loc 1 110 1 view .LVU282
 991 0012 7047     		bx	lr
 992              	.LVL84:
 993              	.L90:
  91:src/tuner.cpp ****     if(required >= (uint32_t)config::kTunerCaptureRingSize)
 994              		.loc 1 91 5 is_stmt 1 view .LVU283
  92:src/tuner.cpp ****         return false;
 995              		.loc 1 92 5 view .LVU284
  95:src/tuner.cpp ****     if(completed < required)
 996              		.loc 1 95 5 view .LVU285
 997              	.LBB153:
 998              	.LBI153:
  79:src/tuner.cpp **** {
 999              		.loc 1 79 10 view .LVU286
 1000              	.LBB154:
  81:src/tuner.cpp **** }
 1001              		.loc 1 81 5 view .LVU287
 1002              	.LBE154:
 1003              	.LBE153:
  87:src/tuner.cpp ****     if(!out || count <= 0 || count > config::kTunerCaptureRingSize || count > config::kTunerSourceW
 1004              		.loc 1 87 1 is_stmt 0 view .LVU288
 1005 0014 70B5     		push	{r4, r5, r6, lr}
 1006              		.cfi_def_cfa_offset 16
 1007              		.cfi_offset 4, -16
 1008              		.cfi_offset 5, -12
 1009              		.cfi_offset 6, -8
 1010              		.cfi_offset 14, -4
  91:src/tuner.cpp ****     if(required >= (uint32_t)config::kTunerCaptureRingSize)
 1011              		.loc 1 91 20 view .LVU289
 1012 0016 02F58075 		add	r5, r2, #256
 1013              	.LVL85:
 1014              	.LBB156:
 1015              	.LBB155:
  81:src/tuner.cpp **** }
 1016              		.loc 1 81 69 view .LVU290
 1017 001a 4668     		ldr	r6, [r0, #4]
 1018 001c BFF35B8F 		dmb	ish
 1019              	.LVL86:
  81:src/tuner.cpp **** }
 1020              		.loc 1 81 69 view .LVU291
ARM GAS  C:\Users\aydan\AppData\Local\Temp\ccgjf6Ow.s 			page 28


 1021              	.LBE155:
 1022              	.LBE156:
  96:src/tuner.cpp ****         return false;
 1023              		.loc 1 96 5 is_stmt 1 view .LVU292
 1024 0020 B542     		cmp	r5, r6
 1025 0022 1CD8     		bhi	.L93
  99:src/tuner.cpp ****     const uint32_t start = end - (uint32_t)count;
 1026              		.loc 1 99 5 view .LVU293
  99:src/tuner.cpp ****     const uint32_t start = end - (uint32_t)count;
 1027              		.loc 1 99 20 is_stmt 0 view .LVU294
 1028 0024 A6F58076 		sub	r6, r6, #256
 1029              	.LVL87:
 100:src/tuner.cpp ****     const uint32_t mask = config::kTunerCaptureRingSize - 1;
 1030              		.loc 1 100 5 is_stmt 1 view .LVU295
 1031 0028 8C46     		mov	ip, r1
 1032 002a 0E4D     		ldr	r5, .L99
 1033              	.LVL88:
 1034              	.LBB157:
 102:src/tuner.cpp ****         out[i] = tuner_capture_ring[(start + (uint32_t)i) & mask];
 1035              		.loc 1 102 13 is_stmt 0 view .LVU296
 1036 002c 1946     		mov	r1, r3
 1037              	.LVL89:
 102:src/tuner.cpp ****         out[i] = tuner_capture_ring[(start + (uint32_t)i) & mask];
 1038              		.loc 1 102 13 view .LVU297
 1039              	.LBE157:
 100:src/tuner.cpp ****     const uint32_t mask = config::kTunerCaptureRingSize - 1;
 1040              		.loc 1 100 20 view .LVU298
 1041 002e B41A     		subs	r4, r6, r2
 1042              	.LVL90:
 101:src/tuner.cpp ****     for(int i = 0; i < count; ++i)
 1043              		.loc 1 101 5 is_stmt 1 view .LVU299
 102:src/tuner.cpp ****         out[i] = tuner_capture_ring[(start + (uint32_t)i) & mask];
 1044              		.loc 1 102 5 view .LVU300
 1045              	.LBB158:
 102:src/tuner.cpp ****         out[i] = tuner_capture_ring[(start + (uint32_t)i) & mask];
 1046              		.loc 1 102 22 view .LVU301
 1047              	.L94:
 103:src/tuner.cpp **** 
 1048              		.loc 1 103 9 discriminator 2 view .LVU302
 103:src/tuner.cpp **** 
 1049              		.loc 1 103 59 is_stmt 0 discriminator 2 view .LVU303
 1050 0030 0B19     		adds	r3, r1, r4
 102:src/tuner.cpp ****         out[i] = tuner_capture_ring[(start + (uint32_t)i) & mask];
 1051              		.loc 1 102 5 discriminator 2 view .LVU304
 1052 0032 0131     		adds	r1, r1, #1
 1053              	.LVL91:
 103:src/tuner.cpp **** 
 1054              		.loc 1 103 59 discriminator 2 view .LVU305
 1055 0034 41F6FF7E 		movw	lr, #8191
 1056 0038 C3F30C03 		ubfx	r3, r3, #0, #13
 102:src/tuner.cpp ****         out[i] = tuner_capture_ring[(start + (uint32_t)i) & mask];
 1057              		.loc 1 102 22 discriminator 2 view .LVU306
 1058 003c 8A42     		cmp	r2, r1
 103:src/tuner.cpp **** 
 1059              		.loc 1 103 65 discriminator 2 view .LVU307
 1060 003e 05EB8303 		add	r3, r5, r3, lsl #2
 1061 0042 1B68     		ldr	r3, [r3]	@ float
ARM GAS  C:\Users\aydan\AppData\Local\Temp\ccgjf6Ow.s 			page 29


 103:src/tuner.cpp **** 
 1062              		.loc 1 103 16 discriminator 2 view .LVU308
 1063 0044 4CF8043B 		str	r3, [ip], #4	@ float
 102:src/tuner.cpp ****         out[i] = tuner_capture_ring[(start + (uint32_t)i) & mask];
 1064              		.loc 1 102 5 is_stmt 1 discriminator 2 view .LVU309
 1065              	.LVL92:
 102:src/tuner.cpp ****         out[i] = tuner_capture_ring[(start + (uint32_t)i) & mask];
 1066              		.loc 1 102 22 discriminator 2 view .LVU310
 1067 0048 F2DC     		bgt	.L94
 1068              	.LBE158:
 105:src/tuner.cpp ****     if((uint32_t)(after - start) >= (uint32_t)config::kTunerCaptureRingSize)
 1069              		.loc 1 105 5 view .LVU311
 1070              	.LVL93:
 1071              	.LBB159:
 1072              	.LBI159:
  79:src/tuner.cpp **** {
 1073              		.loc 1 79 10 view .LVU312
 1074              	.LBB160:
  81:src/tuner.cpp **** }
 1075              		.loc 1 81 5 view .LVU313
  81:src/tuner.cpp **** }
 1076              		.loc 1 81 69 is_stmt 0 view .LVU314
 1077 004a 4368     		ldr	r3, [r0, #4]
 1078              	.LBE160:
 1079              	.LBE159:
 106:src/tuner.cpp ****         return false;
 1080              		.loc 1 106 25 view .LVU315
 1081 004c 901B     		subs	r0, r2, r6
 1082              	.LVL94:
 1083              	.LBB162:
 1084              	.LBB161:
  81:src/tuner.cpp **** }
 1085              		.loc 1 81 69 view .LVU316
 1086 004e BFF35B8F 		dmb	ish
 1087              	.LVL95:
  81:src/tuner.cpp **** }
 1088              		.loc 1 81 69 view .LVU317
 1089              	.LBE161:
 1090              	.LBE162:
 106:src/tuner.cpp ****         return false;
 1091              		.loc 1 106 5 is_stmt 1 view .LVU318
 106:src/tuner.cpp ****         return false;
 1092              		.loc 1 106 25 is_stmt 0 view .LVU319
 1093 0052 1844     		add	r0, r0, r3
 106:src/tuner.cpp ****         return false;
 1094              		.loc 1 106 5 view .LVU320
 1095 0054 7045     		cmp	r0, lr
 1096 0056 8CBF     		ite	hi
 1097 0058 0020     		movhi	r0, #0
 1098 005a 0120     		movls	r0, #1
 110:src/tuner.cpp **** 
 1099              		.loc 1 110 1 view .LVU321
 1100 005c 70BD     		pop	{r4, r5, r6, pc}
 1101              	.LVL96:
 1102              	.L93:
  89:src/tuner.cpp **** 
 1103              		.loc 1 89 16 view .LVU322
ARM GAS  C:\Users\aydan\AppData\Local\Temp\ccgjf6Ow.s 			page 30


 1104 005e 0020     		movs	r0, #0
 1105              	.LVL97:
 110:src/tuner.cpp **** 
 1106              		.loc 1 110 1 view .LVU323
 1107 0060 70BD     		pop	{r4, r5, r6, pc}
 1108              	.LVL98:
 1109              	.L100:
 110:src/tuner.cpp **** 
 1110              		.loc 1 110 1 view .LVU324
 1111 0062 00BF     		.align	2
 1112              	.L99:
 1113 0064 00000000 		.word	_ZN3app18tuner_capture_ringE
 1114              		.cfi_endproc
 1115              	.LFE2569:
 1117              		.section	.text._ZN3app13TunerAnalyzerC2Ev,"ax",%progbits
 1118              		.align	1
 1119              		.p2align 2,,3
 1120              		.global	_ZN3app13TunerAnalyzerC2Ev
 1121              		.syntax unified
 1122              		.thumb
 1123              		.thumb_func
 1124              		.fpu fpv5-d16
 1126              	_ZN3app13TunerAnalyzerC2Ev:
 1127              	.LVL99:
 1128              	.LFB2571:
 112:src/tuner.cpp **** : freq_history_{0.0f, 0.0f, 0.0f, 0.0f, 0.0f},
 1129              		.loc 1 112 1 is_stmt 1 view -0
 1130              		.cfi_startproc
 1131              		@ args = 0, pretend = 0, frame = 0
 1132              		@ frame_needed = 0, uses_anonymous_args = 0
 1133              		@ link register save eliminated.
 1134              	.LBB163:
 121:src/tuner.cpp **** {
 1135              		.loc 1 121 18 is_stmt 0 view .LVU326
 1136 0000 0022     		movs	r2, #0
 1137 0002 0021     		movs	r1, #0
 1138              	.LBE163:
 112:src/tuner.cpp **** : freq_history_{0.0f, 0.0f, 0.0f, 0.0f, 0.0f},
 1139              		.loc 1 112 1 view .LVU327
 1140 0004 10B4     		push	{r4}
 1141              		.cfi_def_cfa_offset 4
 1142              		.cfi_offset 4, -4
 1143              	.LBB164:
 121:src/tuner.cpp **** {
 1144              		.loc 1 121 18 view .LVU328
 1145 0006 7824     		movs	r4, #120
 1146 0008 8161     		str	r1, [r0, #24]	@ float
 1147 000a C161     		str	r1, [r0, #28]	@ float
 1148 000c C462     		str	r4, [r0, #44]
 1149 000e 0162     		str	r1, [r0, #32]	@ float
 1150              	.LBE164:
 123:src/tuner.cpp **** 
 1151              		.loc 1 123 1 view .LVU329
 1152 0010 5DF8044B 		ldr	r4, [sp], #4
 1153              		.cfi_restore 4
 1154              		.cfi_def_cfa_offset 0
 1155              	.LBB165:
ARM GAS  C:\Users\aydan\AppData\Local\Temp\ccgjf6Ow.s 			page 31


 121:src/tuner.cpp **** {
 1156              		.loc 1 121 18 view .LVU330
 1157 0014 80F83020 		strb	r2, [r0, #48]
 1158 0018 C0E90022 		strd	r2, r2, [r0]
 1159 001c C0E90222 		strd	r2, r2, [r0, #8]
 1160 0020 C0E90422 		strd	r2, r2, [r0, #16]
 1161 0024 C0E90922 		strd	r2, r2, [r0, #36]
 1162              	.LBE165:
 123:src/tuner.cpp **** 
 1163              		.loc 1 123 1 view .LVU331
 1164 0028 7047     		bx	lr
 1165              		.cfi_endproc
 1166              	.LFE2571:
 1168              		.global	_ZN3app13TunerAnalyzerC1Ev
 1169              		.thumb_set _ZN3app13TunerAnalyzerC1Ev,_ZN3app13TunerAnalyzerC2Ev
 1170 002a 00BF     		.section	.text._ZN3app13TunerAnalyzer5ResetEm,"ax",%progbits
 1171              		.align	1
 1172              		.p2align 2,,3
 1173              		.global	_ZN3app13TunerAnalyzer5ResetEm
 1174              		.syntax unified
 1175              		.thumb
 1176              		.thumb_func
 1177              		.fpu fpv5-d16
 1179              	_ZN3app13TunerAnalyzer5ResetEm:
 1180              	.LVL100:
 1181              	.LFB2573:
 126:src/tuner.cpp ****     for(int i = 0; i < 5; ++i)
 1182              		.loc 1 126 1 is_stmt 1 view -0
 1183              		.cfi_startproc
 1184              		@ args = 0, pretend = 0, frame = 0
 1185              		@ frame_needed = 0, uses_anonymous_args = 0
 1186              		@ link register save eliminated.
 127:src/tuner.cpp ****         freq_history_[i] = 0.0f;
 1187              		.loc 1 127 5 view .LVU333
 1188              	.LBB167:
 127:src/tuner.cpp ****         freq_history_[i] = 0.0f;
 1189              		.loc 1 127 22 view .LVU334
 128:src/tuner.cpp ****     freq_history_count_ = 0;
 1190              		.loc 1 128 9 view .LVU335
 128:src/tuner.cpp ****     freq_history_count_ = 0;
 1191              		.loc 1 128 26 is_stmt 0 view .LVU336
 1192 0000 0023     		movs	r3, #0
 1193              	.LBE167:
 129:src/tuner.cpp ****     tracked_freq_ = 0.0f;
 1194              		.loc 1 129 25 view .LVU337
 1195 0002 0022     		movs	r2, #0
 133:src/tuner.cpp ****     last_lock_ms_ = 0;
 1196              		.loc 1 133 31 view .LVU338
 1197 0004 7831     		adds	r1, r1, #120
 1198              	.LVL101:
 1199              	.LBB168:
 128:src/tuner.cpp ****     freq_history_count_ = 0;
 1200              		.loc 1 128 26 view .LVU339
 1201 0006 0360     		str	r3, [r0]	@ float
 127:src/tuner.cpp ****         freq_history_[i] = 0.0f;
 1202              		.loc 1 127 5 is_stmt 1 view .LVU340
 1203              	.LVL102:
ARM GAS  C:\Users\aydan\AppData\Local\Temp\ccgjf6Ow.s 			page 32


 127:src/tuner.cpp ****         freq_history_[i] = 0.0f;
 1204              		.loc 1 127 22 view .LVU341
 128:src/tuner.cpp ****     freq_history_count_ = 0;
 1205              		.loc 1 128 9 view .LVU342
 128:src/tuner.cpp ****     freq_history_count_ = 0;
 1206              		.loc 1 128 26 is_stmt 0 view .LVU343
 1207 0008 4360     		str	r3, [r0, #4]	@ float
 127:src/tuner.cpp ****         freq_history_[i] = 0.0f;
 1208              		.loc 1 127 5 is_stmt 1 view .LVU344
 1209              	.LVL103:
 127:src/tuner.cpp ****         freq_history_[i] = 0.0f;
 1210              		.loc 1 127 22 view .LVU345
 128:src/tuner.cpp ****     freq_history_count_ = 0;
 1211              		.loc 1 128 9 view .LVU346
 128:src/tuner.cpp ****     freq_history_count_ = 0;
 1212              		.loc 1 128 26 is_stmt 0 view .LVU347
 1213 000a 8360     		str	r3, [r0, #8]	@ float
 127:src/tuner.cpp ****         freq_history_[i] = 0.0f;
 1214              		.loc 1 127 5 is_stmt 1 view .LVU348
 1215              	.LVL104:
 127:src/tuner.cpp ****         freq_history_[i] = 0.0f;
 1216              		.loc 1 127 22 view .LVU349
 128:src/tuner.cpp ****     freq_history_count_ = 0;
 1217              		.loc 1 128 9 view .LVU350
 128:src/tuner.cpp ****     freq_history_count_ = 0;
 1218              		.loc 1 128 26 is_stmt 0 view .LVU351
 1219 000c C360     		str	r3, [r0, #12]	@ float
 127:src/tuner.cpp ****         freq_history_[i] = 0.0f;
 1220              		.loc 1 127 5 is_stmt 1 view .LVU352
 1221              	.LVL105:
 127:src/tuner.cpp ****         freq_history_[i] = 0.0f;
 1222              		.loc 1 127 22 view .LVU353
 128:src/tuner.cpp ****     freq_history_count_ = 0;
 1223              		.loc 1 128 9 view .LVU354
 128:src/tuner.cpp ****     freq_history_count_ = 0;
 1224              		.loc 1 128 26 is_stmt 0 view .LVU355
 1225 000e 0361     		str	r3, [r0, #16]	@ float
 127:src/tuner.cpp ****         freq_history_[i] = 0.0f;
 1226              		.loc 1 127 5 is_stmt 1 view .LVU356
 1227              	.LVL106:
 127:src/tuner.cpp ****         freq_history_[i] = 0.0f;
 1228              		.loc 1 127 22 view .LVU357
 1229              	.LBE168:
 129:src/tuner.cpp ****     tracked_freq_ = 0.0f;
 1230              		.loc 1 129 5 view .LVU358
 129:src/tuner.cpp ****     tracked_freq_ = 0.0f;
 1231              		.loc 1 129 25 is_stmt 0 view .LVU359
 1232 0010 4261     		str	r2, [r0, #20]
 130:src/tuner.cpp ****     last_valid_freq_ = 0.0f;
 1233              		.loc 1 130 5 is_stmt 1 view .LVU360
 130:src/tuner.cpp ****     last_valid_freq_ = 0.0f;
 1234              		.loc 1 130 19 is_stmt 0 view .LVU361
 1235 0012 8361     		str	r3, [r0, #24]	@ float
 131:src/tuner.cpp ****     rms_previous_ = 0.0f;
 1236              		.loc 1 131 5 is_stmt 1 view .LVU362
 131:src/tuner.cpp ****     rms_previous_ = 0.0f;
 1237              		.loc 1 131 22 is_stmt 0 view .LVU363
ARM GAS  C:\Users\aydan\AppData\Local\Temp\ccgjf6Ow.s 			page 33


 1238 0014 C361     		str	r3, [r0, #28]	@ float
 132:src/tuner.cpp ****     attack_until_ms_ = now_ms + config::kTunerDefaultAttackMs;
 1239              		.loc 1 132 5 is_stmt 1 view .LVU364
 132:src/tuner.cpp ****     attack_until_ms_ = now_ms + config::kTunerDefaultAttackMs;
 1240              		.loc 1 132 19 is_stmt 0 view .LVU365
 1241 0016 0362     		str	r3, [r0, #32]	@ float
 133:src/tuner.cpp ****     last_lock_ms_ = 0;
 1242              		.loc 1 133 5 is_stmt 1 view .LVU366
 136:src/tuner.cpp **** }
 1243              		.loc 1 136 15 is_stmt 0 view .LVU367
 1244 0018 80F83020 		strb	r2, [r0, #48]
 126:src/tuner.cpp ****     for(int i = 0; i < 5; ++i)
 1245              		.loc 1 126 1 view .LVU368
 1246 001c 10B4     		push	{r4}
 1247              		.cfi_def_cfa_offset 4
 1248              		.cfi_offset 4, -4
 135:src/tuner.cpp ****     has_lock_ = false;
 1249              		.loc 1 135 21 view .LVU369
 1250 001e 7824     		movs	r4, #120
 134:src/tuner.cpp ****     attack_hold_ms_ = config::kTunerDefaultAttackMs;
 1251              		.loc 1 134 19 view .LVU370
 1252 0020 C0E90912 		strd	r1, r2, [r0, #36]
 135:src/tuner.cpp ****     has_lock_ = false;
 1253              		.loc 1 135 5 is_stmt 1 view .LVU371
 135:src/tuner.cpp ****     has_lock_ = false;
 1254              		.loc 1 135 21 is_stmt 0 view .LVU372
 1255 0024 C462     		str	r4, [r0, #44]
 136:src/tuner.cpp **** }
 1256              		.loc 1 136 5 is_stmt 1 view .LVU373
 137:src/tuner.cpp **** 
 1257              		.loc 1 137 1 is_stmt 0 view .LVU374
 1258 0026 5DF8044B 		ldr	r4, [sp], #4
 1259              		.cfi_restore 4
 1260              		.cfi_def_cfa_offset 0
 1261 002a 7047     		bx	lr
 1262              		.cfi_endproc
 1263              	.LFE2573:
 1265              		.section	.rodata._ZN3app13TunerAnalyzer15FrequencyToNoteEfPcjRf.str1.4,"aMS",%progbits,1
 1266              		.align	2
 1267              	.LC0:
 1268 0000 2D2D00   		.ascii	"--\000"
 1269 0003 00       		.align	2
 1270              	.LC1:
 1271 0004 25732564 		.ascii	"%s%d\000"
 1271      00
 1272              		.section	.text._ZN3app13TunerAnalyzer15FrequencyToNoteEfPcjRf,"ax",%progbits
 1273              		.align	1
 1274              		.p2align 2,,3
 1275              		.global	_ZN3app13TunerAnalyzer15FrequencyToNoteEfPcjRf
 1276              		.syntax unified
 1277              		.thumb
 1278              		.thumb_func
 1279              		.fpu fpv5-d16
 1281              	_ZN3app13TunerAnalyzer15FrequencyToNoteEfPcjRf:
 1282              	.LVL107:
 1283              	.LFB2575:
 221:src/tuner.cpp ****     if(freq_hz <= 0.0f)
ARM GAS  C:\Users\aydan\AppData\Local\Temp\ccgjf6Ow.s 			page 34


 1284              		.loc 1 221 1 is_stmt 1 view -0
 1285              		.cfi_startproc
 1286              		@ args = 0, pretend = 0, frame = 0
 1287              		@ frame_needed = 0, uses_anonymous_args = 0
 222:src/tuner.cpp ****     {
 1288              		.loc 1 222 5 view .LVU376
 1289 0000 B5EEC00A 		vcmpe.f32	s0, #0
 221:src/tuner.cpp ****     if(freq_hz <= 0.0f)
 1290              		.loc 1 221 1 is_stmt 0 view .LVU377
 1291 0004 F0B5     		push	{r4, r5, r6, r7, lr}
 1292              		.cfi_def_cfa_offset 20
 1293              		.cfi_offset 4, -20
 1294              		.cfi_offset 5, -16
 1295              		.cfi_offset 6, -12
 1296              		.cfi_offset 7, -8
 1297              		.cfi_offset 14, -4
 222:src/tuner.cpp ****     {
 1298              		.loc 1 222 5 view .LVU378
 1299 0006 F1EE10FA 		vmrs	APSR_nzcv, FPSCR
 221:src/tuner.cpp ****     if(freq_hz <= 0.0f)
 1300              		.loc 1 221 1 view .LVU379
 1301 000a 1546     		mov	r5, r2
 1302 000c 2DED028B 		vpush.64	{d8}
 1303              		.cfi_def_cfa_offset 28
 1304              		.cfi_offset 80, -28
 1305              		.cfi_offset 81, -24
 1306 0010 83B0     		sub	sp, sp, #12
 1307              		.cfi_def_cfa_offset 40
 222:src/tuner.cpp ****     {
 1308              		.loc 1 222 5 view .LVU380
 1309 0012 44D9     		bls	.L112
 229:src/tuner.cpp ****     const int midi_n = (int)std::round(midi_f);
 1310              		.loc 1 229 5 is_stmt 1 view .LVU381
 1311              	.LVL108:
 1312              	.LBB169:
 1313              	.LBI169:
 1314              		.file 2 "c:\\program files\\daisytoolchain\\arm-none-eabi\\include\\c++\\10.2.1\\cmath"
   1:c:\program files\daisytoolchain\arm-none-eabi\include\c++\10.2.1\cmath **** // -*- C++ -*- C forwarding header.
   2:c:\program files\daisytoolchain\arm-none-eabi\include\c++\10.2.1\cmath **** 
   3:c:\program files\daisytoolchain\arm-none-eabi\include\c++\10.2.1\cmath **** // Copyright (C) 1997-2020 Free Software Foundation, Inc.
   4:c:\program files\daisytoolchain\arm-none-eabi\include\c++\10.2.1\cmath **** //
   5:c:\program files\daisytoolchain\arm-none-eabi\include\c++\10.2.1\cmath **** // This file is part of the GNU ISO C++ Library.  This library is free
   6:c:\program files\daisytoolchain\arm-none-eabi\include\c++\10.2.1\cmath **** // software; you can redistribute it and/or modify it under the
   7:c:\program files\daisytoolchain\arm-none-eabi\include\c++\10.2.1\cmath **** // terms of the GNU General Public License as published by the
   8:c:\program files\daisytoolchain\arm-none-eabi\include\c++\10.2.1\cmath **** // Free Software Foundation; either version 3, or (at your option)
   9:c:\program files\daisytoolchain\arm-none-eabi\include\c++\10.2.1\cmath **** // any later version.
  10:c:\program files\daisytoolchain\arm-none-eabi\include\c++\10.2.1\cmath **** 
  11:c:\program files\daisytoolchain\arm-none-eabi\include\c++\10.2.1\cmath **** // This library is distributed in the hope that it will be useful,
  12:c:\program files\daisytoolchain\arm-none-eabi\include\c++\10.2.1\cmath **** // but WITHOUT ANY WARRANTY; without even the implied warranty of
  13:c:\program files\daisytoolchain\arm-none-eabi\include\c++\10.2.1\cmath **** // MERCHANTABILITY or FITNESS FOR A PARTICULAR PURPOSE.  See the
  14:c:\program files\daisytoolchain\arm-none-eabi\include\c++\10.2.1\cmath **** // GNU General Public License for more details.
  15:c:\program files\daisytoolchain\arm-none-eabi\include\c++\10.2.1\cmath **** 
  16:c:\program files\daisytoolchain\arm-none-eabi\include\c++\10.2.1\cmath **** // Under Section 7 of GPL version 3, you are granted additional
  17:c:\program files\daisytoolchain\arm-none-eabi\include\c++\10.2.1\cmath **** // permissions described in the GCC Runtime Library Exception, version
  18:c:\program files\daisytoolchain\arm-none-eabi\include\c++\10.2.1\cmath **** // 3.1, as published by the Free Software Foundation.
  19:c:\program files\daisytoolchain\arm-none-eabi\include\c++\10.2.1\cmath **** 
  20:c:\program files\daisytoolchain\arm-none-eabi\include\c++\10.2.1\cmath **** // You should have received a copy of the GNU General Public License and
ARM GAS  C:\Users\aydan\AppData\Local\Temp\ccgjf6Ow.s 			page 35


  21:c:\program files\daisytoolchain\arm-none-eabi\include\c++\10.2.1\cmath **** // a copy of the GCC Runtime Library Exception along with this program;
  22:c:\program files\daisytoolchain\arm-none-eabi\include\c++\10.2.1\cmath **** // see the files COPYING3 and COPYING.RUNTIME respectively.  If not, see
  23:c:\program files\daisytoolchain\arm-none-eabi\include\c++\10.2.1\cmath **** // <http://www.gnu.org/licenses/>.
  24:c:\program files\daisytoolchain\arm-none-eabi\include\c++\10.2.1\cmath **** 
  25:c:\program files\daisytoolchain\arm-none-eabi\include\c++\10.2.1\cmath **** /** @file include/cmath
  26:c:\program files\daisytoolchain\arm-none-eabi\include\c++\10.2.1\cmath ****  *  This is a Standard C++ Library file.  You should @c \#include this file
  27:c:\program files\daisytoolchain\arm-none-eabi\include\c++\10.2.1\cmath ****  *  in your programs, rather than any of the @a *.h implementation files.
  28:c:\program files\daisytoolchain\arm-none-eabi\include\c++\10.2.1\cmath ****  *
  29:c:\program files\daisytoolchain\arm-none-eabi\include\c++\10.2.1\cmath ****  *  This is the C++ version of the Standard C Library header @c math.h,
  30:c:\program files\daisytoolchain\arm-none-eabi\include\c++\10.2.1\cmath ****  *  and its contents are (mostly) the same as that header, but are all
  31:c:\program files\daisytoolchain\arm-none-eabi\include\c++\10.2.1\cmath ****  *  contained in the namespace @c std (except for names which are defined
  32:c:\program files\daisytoolchain\arm-none-eabi\include\c++\10.2.1\cmath ****  *  as macros in C).
  33:c:\program files\daisytoolchain\arm-none-eabi\include\c++\10.2.1\cmath ****  */
  34:c:\program files\daisytoolchain\arm-none-eabi\include\c++\10.2.1\cmath **** 
  35:c:\program files\daisytoolchain\arm-none-eabi\include\c++\10.2.1\cmath **** //
  36:c:\program files\daisytoolchain\arm-none-eabi\include\c++\10.2.1\cmath **** // ISO C++ 14882: 26.5  C library
  37:c:\program files\daisytoolchain\arm-none-eabi\include\c++\10.2.1\cmath **** //
  38:c:\program files\daisytoolchain\arm-none-eabi\include\c++\10.2.1\cmath **** 
  39:c:\program files\daisytoolchain\arm-none-eabi\include\c++\10.2.1\cmath **** #pragma GCC system_header
  40:c:\program files\daisytoolchain\arm-none-eabi\include\c++\10.2.1\cmath **** 
  41:c:\program files\daisytoolchain\arm-none-eabi\include\c++\10.2.1\cmath **** #include <bits/c++config.h>
  42:c:\program files\daisytoolchain\arm-none-eabi\include\c++\10.2.1\cmath **** #include <bits/cpp_type_traits.h>
  43:c:\program files\daisytoolchain\arm-none-eabi\include\c++\10.2.1\cmath **** #include <ext/type_traits.h>
  44:c:\program files\daisytoolchain\arm-none-eabi\include\c++\10.2.1\cmath **** #define _GLIBCXX_INCLUDE_NEXT_C_HEADERS
  45:c:\program files\daisytoolchain\arm-none-eabi\include\c++\10.2.1\cmath **** #include_next <math.h>
  46:c:\program files\daisytoolchain\arm-none-eabi\include\c++\10.2.1\cmath **** #undef _GLIBCXX_INCLUDE_NEXT_C_HEADERS
  47:c:\program files\daisytoolchain\arm-none-eabi\include\c++\10.2.1\cmath **** #include <bits/std_abs.h>
  48:c:\program files\daisytoolchain\arm-none-eabi\include\c++\10.2.1\cmath **** 
  49:c:\program files\daisytoolchain\arm-none-eabi\include\c++\10.2.1\cmath **** #ifndef _GLIBCXX_CMATH
  50:c:\program files\daisytoolchain\arm-none-eabi\include\c++\10.2.1\cmath **** #define _GLIBCXX_CMATH 1
  51:c:\program files\daisytoolchain\arm-none-eabi\include\c++\10.2.1\cmath **** 
  52:c:\program files\daisytoolchain\arm-none-eabi\include\c++\10.2.1\cmath **** // Get rid of those macros defined in <math.h> in lieu of real functions.
  53:c:\program files\daisytoolchain\arm-none-eabi\include\c++\10.2.1\cmath **** #undef div
  54:c:\program files\daisytoolchain\arm-none-eabi\include\c++\10.2.1\cmath **** #undef acos
  55:c:\program files\daisytoolchain\arm-none-eabi\include\c++\10.2.1\cmath **** #undef asin
  56:c:\program files\daisytoolchain\arm-none-eabi\include\c++\10.2.1\cmath **** #undef atan
  57:c:\program files\daisytoolchain\arm-none-eabi\include\c++\10.2.1\cmath **** #undef atan2
  58:c:\program files\daisytoolchain\arm-none-eabi\include\c++\10.2.1\cmath **** #undef ceil
  59:c:\program files\daisytoolchain\arm-none-eabi\include\c++\10.2.1\cmath **** #undef cos
  60:c:\program files\daisytoolchain\arm-none-eabi\include\c++\10.2.1\cmath **** #undef cosh
  61:c:\program files\daisytoolchain\arm-none-eabi\include\c++\10.2.1\cmath **** #undef exp
  62:c:\program files\daisytoolchain\arm-none-eabi\include\c++\10.2.1\cmath **** #undef fabs
  63:c:\program files\daisytoolchain\arm-none-eabi\include\c++\10.2.1\cmath **** #undef floor
  64:c:\program files\daisytoolchain\arm-none-eabi\include\c++\10.2.1\cmath **** #undef fmod
  65:c:\program files\daisytoolchain\arm-none-eabi\include\c++\10.2.1\cmath **** #undef frexp
  66:c:\program files\daisytoolchain\arm-none-eabi\include\c++\10.2.1\cmath **** #undef ldexp
  67:c:\program files\daisytoolchain\arm-none-eabi\include\c++\10.2.1\cmath **** #undef log
  68:c:\program files\daisytoolchain\arm-none-eabi\include\c++\10.2.1\cmath **** #undef log10
  69:c:\program files\daisytoolchain\arm-none-eabi\include\c++\10.2.1\cmath **** #undef modf
  70:c:\program files\daisytoolchain\arm-none-eabi\include\c++\10.2.1\cmath **** #undef pow
  71:c:\program files\daisytoolchain\arm-none-eabi\include\c++\10.2.1\cmath **** #undef sin
  72:c:\program files\daisytoolchain\arm-none-eabi\include\c++\10.2.1\cmath **** #undef sinh
  73:c:\program files\daisytoolchain\arm-none-eabi\include\c++\10.2.1\cmath **** #undef sqrt
  74:c:\program files\daisytoolchain\arm-none-eabi\include\c++\10.2.1\cmath **** #undef tan
  75:c:\program files\daisytoolchain\arm-none-eabi\include\c++\10.2.1\cmath **** #undef tanh
  76:c:\program files\daisytoolchain\arm-none-eabi\include\c++\10.2.1\cmath **** 
  77:c:\program files\daisytoolchain\arm-none-eabi\include\c++\10.2.1\cmath **** extern "C++"
ARM GAS  C:\Users\aydan\AppData\Local\Temp\ccgjf6Ow.s 			page 36


  78:c:\program files\daisytoolchain\arm-none-eabi\include\c++\10.2.1\cmath **** {
  79:c:\program files\daisytoolchain\arm-none-eabi\include\c++\10.2.1\cmath **** namespace std _GLIBCXX_VISIBILITY(default)
  80:c:\program files\daisytoolchain\arm-none-eabi\include\c++\10.2.1\cmath **** {
  81:c:\program files\daisytoolchain\arm-none-eabi\include\c++\10.2.1\cmath **** _GLIBCXX_BEGIN_NAMESPACE_VERSION
  82:c:\program files\daisytoolchain\arm-none-eabi\include\c++\10.2.1\cmath **** 
  83:c:\program files\daisytoolchain\arm-none-eabi\include\c++\10.2.1\cmath ****   using ::acos;
  84:c:\program files\daisytoolchain\arm-none-eabi\include\c++\10.2.1\cmath **** 
  85:c:\program files\daisytoolchain\arm-none-eabi\include\c++\10.2.1\cmath **** #ifndef __CORRECT_ISO_CPP_MATH_H_PROTO
  86:c:\program files\daisytoolchain\arm-none-eabi\include\c++\10.2.1\cmath ****   inline _GLIBCXX_CONSTEXPR float
  87:c:\program files\daisytoolchain\arm-none-eabi\include\c++\10.2.1\cmath ****   acos(float __x)
  88:c:\program files\daisytoolchain\arm-none-eabi\include\c++\10.2.1\cmath ****   { return __builtin_acosf(__x); }
  89:c:\program files\daisytoolchain\arm-none-eabi\include\c++\10.2.1\cmath **** 
  90:c:\program files\daisytoolchain\arm-none-eabi\include\c++\10.2.1\cmath ****   inline _GLIBCXX_CONSTEXPR long double
  91:c:\program files\daisytoolchain\arm-none-eabi\include\c++\10.2.1\cmath ****   acos(long double __x)
  92:c:\program files\daisytoolchain\arm-none-eabi\include\c++\10.2.1\cmath ****   { return __builtin_acosl(__x); }
  93:c:\program files\daisytoolchain\arm-none-eabi\include\c++\10.2.1\cmath **** #endif
  94:c:\program files\daisytoolchain\arm-none-eabi\include\c++\10.2.1\cmath **** 
  95:c:\program files\daisytoolchain\arm-none-eabi\include\c++\10.2.1\cmath ****   template<typename _Tp>
  96:c:\program files\daisytoolchain\arm-none-eabi\include\c++\10.2.1\cmath ****     inline _GLIBCXX_CONSTEXPR
  97:c:\program files\daisytoolchain\arm-none-eabi\include\c++\10.2.1\cmath ****     typename __gnu_cxx::__enable_if<__is_integer<_Tp>::__value, 
  98:c:\program files\daisytoolchain\arm-none-eabi\include\c++\10.2.1\cmath ****                                     double>::__type
  99:c:\program files\daisytoolchain\arm-none-eabi\include\c++\10.2.1\cmath ****     acos(_Tp __x)
 100:c:\program files\daisytoolchain\arm-none-eabi\include\c++\10.2.1\cmath ****     { return __builtin_acos(__x); }
 101:c:\program files\daisytoolchain\arm-none-eabi\include\c++\10.2.1\cmath **** 
 102:c:\program files\daisytoolchain\arm-none-eabi\include\c++\10.2.1\cmath ****   using ::asin;
 103:c:\program files\daisytoolchain\arm-none-eabi\include\c++\10.2.1\cmath **** 
 104:c:\program files\daisytoolchain\arm-none-eabi\include\c++\10.2.1\cmath **** #ifndef __CORRECT_ISO_CPP_MATH_H_PROTO
 105:c:\program files\daisytoolchain\arm-none-eabi\include\c++\10.2.1\cmath ****   inline _GLIBCXX_CONSTEXPR float
 106:c:\program files\daisytoolchain\arm-none-eabi\include\c++\10.2.1\cmath ****   asin(float __x)
 107:c:\program files\daisytoolchain\arm-none-eabi\include\c++\10.2.1\cmath ****   { return __builtin_asinf(__x); }
 108:c:\program files\daisytoolchain\arm-none-eabi\include\c++\10.2.1\cmath **** 
 109:c:\program files\daisytoolchain\arm-none-eabi\include\c++\10.2.1\cmath ****   inline _GLIBCXX_CONSTEXPR long double
 110:c:\program files\daisytoolchain\arm-none-eabi\include\c++\10.2.1\cmath ****   asin(long double __x)
 111:c:\program files\daisytoolchain\arm-none-eabi\include\c++\10.2.1\cmath ****   { return __builtin_asinl(__x); }
 112:c:\program files\daisytoolchain\arm-none-eabi\include\c++\10.2.1\cmath **** #endif
 113:c:\program files\daisytoolchain\arm-none-eabi\include\c++\10.2.1\cmath **** 
 114:c:\program files\daisytoolchain\arm-none-eabi\include\c++\10.2.1\cmath ****   template<typename _Tp>
 115:c:\program files\daisytoolchain\arm-none-eabi\include\c++\10.2.1\cmath ****     inline _GLIBCXX_CONSTEXPR
 116:c:\program files\daisytoolchain\arm-none-eabi\include\c++\10.2.1\cmath ****     typename __gnu_cxx::__enable_if<__is_integer<_Tp>::__value,
 117:c:\program files\daisytoolchain\arm-none-eabi\include\c++\10.2.1\cmath ****                                     double>::__type
 118:c:\program files\daisytoolchain\arm-none-eabi\include\c++\10.2.1\cmath ****     asin(_Tp __x)
 119:c:\program files\daisytoolchain\arm-none-eabi\include\c++\10.2.1\cmath ****     { return __builtin_asin(__x); }
 120:c:\program files\daisytoolchain\arm-none-eabi\include\c++\10.2.1\cmath **** 
 121:c:\program files\daisytoolchain\arm-none-eabi\include\c++\10.2.1\cmath ****   using ::atan;
 122:c:\program files\daisytoolchain\arm-none-eabi\include\c++\10.2.1\cmath **** 
 123:c:\program files\daisytoolchain\arm-none-eabi\include\c++\10.2.1\cmath **** #ifndef __CORRECT_ISO_CPP_MATH_H_PROTO
 124:c:\program files\daisytoolchain\arm-none-eabi\include\c++\10.2.1\cmath ****   inline _GLIBCXX_CONSTEXPR float
 125:c:\program files\daisytoolchain\arm-none-eabi\include\c++\10.2.1\cmath ****   atan(float __x)
 126:c:\program files\daisytoolchain\arm-none-eabi\include\c++\10.2.1\cmath ****   { return __builtin_atanf(__x); }
 127:c:\program files\daisytoolchain\arm-none-eabi\include\c++\10.2.1\cmath **** 
 128:c:\program files\daisytoolchain\arm-none-eabi\include\c++\10.2.1\cmath ****   inline _GLIBCXX_CONSTEXPR long double
 129:c:\program files\daisytoolchain\arm-none-eabi\include\c++\10.2.1\cmath ****   atan(long double __x)
 130:c:\program files\daisytoolchain\arm-none-eabi\include\c++\10.2.1\cmath ****   { return __builtin_atanl(__x); }
 131:c:\program files\daisytoolchain\arm-none-eabi\include\c++\10.2.1\cmath **** #endif
 132:c:\program files\daisytoolchain\arm-none-eabi\include\c++\10.2.1\cmath **** 
 133:c:\program files\daisytoolchain\arm-none-eabi\include\c++\10.2.1\cmath ****   template<typename _Tp>
 134:c:\program files\daisytoolchain\arm-none-eabi\include\c++\10.2.1\cmath ****     inline _GLIBCXX_CONSTEXPR
ARM GAS  C:\Users\aydan\AppData\Local\Temp\ccgjf6Ow.s 			page 37


 135:c:\program files\daisytoolchain\arm-none-eabi\include\c++\10.2.1\cmath ****     typename __gnu_cxx::__enable_if<__is_integer<_Tp>::__value,
 136:c:\program files\daisytoolchain\arm-none-eabi\include\c++\10.2.1\cmath ****                                     double>::__type
 137:c:\program files\daisytoolchain\arm-none-eabi\include\c++\10.2.1\cmath ****     atan(_Tp __x)
 138:c:\program files\daisytoolchain\arm-none-eabi\include\c++\10.2.1\cmath ****     { return __builtin_atan(__x); }
 139:c:\program files\daisytoolchain\arm-none-eabi\include\c++\10.2.1\cmath **** 
 140:c:\program files\daisytoolchain\arm-none-eabi\include\c++\10.2.1\cmath ****   using ::atan2;
 141:c:\program files\daisytoolchain\arm-none-eabi\include\c++\10.2.1\cmath **** 
 142:c:\program files\daisytoolchain\arm-none-eabi\include\c++\10.2.1\cmath **** #ifndef __CORRECT_ISO_CPP_MATH_H_PROTO
 143:c:\program files\daisytoolchain\arm-none-eabi\include\c++\10.2.1\cmath ****   inline _GLIBCXX_CONSTEXPR float
 144:c:\program files\daisytoolchain\arm-none-eabi\include\c++\10.2.1\cmath ****   atan2(float __y, float __x)
 145:c:\program files\daisytoolchain\arm-none-eabi\include\c++\10.2.1\cmath ****   { return __builtin_atan2f(__y, __x); }
 146:c:\program files\daisytoolchain\arm-none-eabi\include\c++\10.2.1\cmath **** 
 147:c:\program files\daisytoolchain\arm-none-eabi\include\c++\10.2.1\cmath ****   inline _GLIBCXX_CONSTEXPR long double
 148:c:\program files\daisytoolchain\arm-none-eabi\include\c++\10.2.1\cmath ****   atan2(long double __y, long double __x)
 149:c:\program files\daisytoolchain\arm-none-eabi\include\c++\10.2.1\cmath ****   { return __builtin_atan2l(__y, __x); }
 150:c:\program files\daisytoolchain\arm-none-eabi\include\c++\10.2.1\cmath **** #endif
 151:c:\program files\daisytoolchain\arm-none-eabi\include\c++\10.2.1\cmath **** 
 152:c:\program files\daisytoolchain\arm-none-eabi\include\c++\10.2.1\cmath ****   template<typename _Tp, typename _Up>
 153:c:\program files\daisytoolchain\arm-none-eabi\include\c++\10.2.1\cmath ****     inline _GLIBCXX_CONSTEXPR
 154:c:\program files\daisytoolchain\arm-none-eabi\include\c++\10.2.1\cmath ****     typename __gnu_cxx::__promote_2<_Tp, _Up>::__type
 155:c:\program files\daisytoolchain\arm-none-eabi\include\c++\10.2.1\cmath ****     atan2(_Tp __y, _Up __x)
 156:c:\program files\daisytoolchain\arm-none-eabi\include\c++\10.2.1\cmath ****     {
 157:c:\program files\daisytoolchain\arm-none-eabi\include\c++\10.2.1\cmath ****       typedef typename __gnu_cxx::__promote_2<_Tp, _Up>::__type __type;
 158:c:\program files\daisytoolchain\arm-none-eabi\include\c++\10.2.1\cmath ****       return atan2(__type(__y), __type(__x));
 159:c:\program files\daisytoolchain\arm-none-eabi\include\c++\10.2.1\cmath ****     }
 160:c:\program files\daisytoolchain\arm-none-eabi\include\c++\10.2.1\cmath **** 
 161:c:\program files\daisytoolchain\arm-none-eabi\include\c++\10.2.1\cmath ****   using ::ceil;
 162:c:\program files\daisytoolchain\arm-none-eabi\include\c++\10.2.1\cmath **** 
 163:c:\program files\daisytoolchain\arm-none-eabi\include\c++\10.2.1\cmath **** #ifndef __CORRECT_ISO_CPP_MATH_H_PROTO
 164:c:\program files\daisytoolchain\arm-none-eabi\include\c++\10.2.1\cmath ****   inline _GLIBCXX_CONSTEXPR float
 165:c:\program files\daisytoolchain\arm-none-eabi\include\c++\10.2.1\cmath ****   ceil(float __x)
 166:c:\program files\daisytoolchain\arm-none-eabi\include\c++\10.2.1\cmath ****   { return __builtin_ceilf(__x); }
 167:c:\program files\daisytoolchain\arm-none-eabi\include\c++\10.2.1\cmath **** 
 168:c:\program files\daisytoolchain\arm-none-eabi\include\c++\10.2.1\cmath ****   inline _GLIBCXX_CONSTEXPR long double
 169:c:\program files\daisytoolchain\arm-none-eabi\include\c++\10.2.1\cmath ****   ceil(long double __x)
 170:c:\program files\daisytoolchain\arm-none-eabi\include\c++\10.2.1\cmath ****   { return __builtin_ceill(__x); }
 171:c:\program files\daisytoolchain\arm-none-eabi\include\c++\10.2.1\cmath **** #endif
 172:c:\program files\daisytoolchain\arm-none-eabi\include\c++\10.2.1\cmath **** 
 173:c:\program files\daisytoolchain\arm-none-eabi\include\c++\10.2.1\cmath ****   template<typename _Tp>
 174:c:\program files\daisytoolchain\arm-none-eabi\include\c++\10.2.1\cmath ****     inline _GLIBCXX_CONSTEXPR
 175:c:\program files\daisytoolchain\arm-none-eabi\include\c++\10.2.1\cmath ****     typename __gnu_cxx::__enable_if<__is_integer<_Tp>::__value, 
 176:c:\program files\daisytoolchain\arm-none-eabi\include\c++\10.2.1\cmath ****                                     double>::__type
 177:c:\program files\daisytoolchain\arm-none-eabi\include\c++\10.2.1\cmath ****     ceil(_Tp __x)
 178:c:\program files\daisytoolchain\arm-none-eabi\include\c++\10.2.1\cmath ****     { return __builtin_ceil(__x); }
 179:c:\program files\daisytoolchain\arm-none-eabi\include\c++\10.2.1\cmath **** 
 180:c:\program files\daisytoolchain\arm-none-eabi\include\c++\10.2.1\cmath ****   using ::cos;
 181:c:\program files\daisytoolchain\arm-none-eabi\include\c++\10.2.1\cmath **** 
 182:c:\program files\daisytoolchain\arm-none-eabi\include\c++\10.2.1\cmath **** #ifndef __CORRECT_ISO_CPP_MATH_H_PROTO
 183:c:\program files\daisytoolchain\arm-none-eabi\include\c++\10.2.1\cmath ****   inline _GLIBCXX_CONSTEXPR float
 184:c:\program files\daisytoolchain\arm-none-eabi\include\c++\10.2.1\cmath ****   cos(float __x)
 185:c:\program files\daisytoolchain\arm-none-eabi\include\c++\10.2.1\cmath ****   { return __builtin_cosf(__x); }
 186:c:\program files\daisytoolchain\arm-none-eabi\include\c++\10.2.1\cmath **** 
 187:c:\program files\daisytoolchain\arm-none-eabi\include\c++\10.2.1\cmath ****   inline _GLIBCXX_CONSTEXPR long double
 188:c:\program files\daisytoolchain\arm-none-eabi\include\c++\10.2.1\cmath ****   cos(long double __x)
 189:c:\program files\daisytoolchain\arm-none-eabi\include\c++\10.2.1\cmath ****   { return __builtin_cosl(__x); }
 190:c:\program files\daisytoolchain\arm-none-eabi\include\c++\10.2.1\cmath **** #endif
 191:c:\program files\daisytoolchain\arm-none-eabi\include\c++\10.2.1\cmath **** 
ARM GAS  C:\Users\aydan\AppData\Local\Temp\ccgjf6Ow.s 			page 38


 192:c:\program files\daisytoolchain\arm-none-eabi\include\c++\10.2.1\cmath ****   template<typename _Tp>
 193:c:\program files\daisytoolchain\arm-none-eabi\include\c++\10.2.1\cmath ****     inline _GLIBCXX_CONSTEXPR
 194:c:\program files\daisytoolchain\arm-none-eabi\include\c++\10.2.1\cmath ****     typename __gnu_cxx::__enable_if<__is_integer<_Tp>::__value,
 195:c:\program files\daisytoolchain\arm-none-eabi\include\c++\10.2.1\cmath ****                                     double>::__type
 196:c:\program files\daisytoolchain\arm-none-eabi\include\c++\10.2.1\cmath ****     cos(_Tp __x)
 197:c:\program files\daisytoolchain\arm-none-eabi\include\c++\10.2.1\cmath ****     { return __builtin_cos(__x); }
 198:c:\program files\daisytoolchain\arm-none-eabi\include\c++\10.2.1\cmath **** 
 199:c:\program files\daisytoolchain\arm-none-eabi\include\c++\10.2.1\cmath ****   using ::cosh;
 200:c:\program files\daisytoolchain\arm-none-eabi\include\c++\10.2.1\cmath **** 
 201:c:\program files\daisytoolchain\arm-none-eabi\include\c++\10.2.1\cmath **** #ifndef __CORRECT_ISO_CPP_MATH_H_PROTO
 202:c:\program files\daisytoolchain\arm-none-eabi\include\c++\10.2.1\cmath ****   inline _GLIBCXX_CONSTEXPR float
 203:c:\program files\daisytoolchain\arm-none-eabi\include\c++\10.2.1\cmath ****   cosh(float __x)
 204:c:\program files\daisytoolchain\arm-none-eabi\include\c++\10.2.1\cmath ****   { return __builtin_coshf(__x); }
 205:c:\program files\daisytoolchain\arm-none-eabi\include\c++\10.2.1\cmath **** 
 206:c:\program files\daisytoolchain\arm-none-eabi\include\c++\10.2.1\cmath ****   inline _GLIBCXX_CONSTEXPR long double
 207:c:\program files\daisytoolchain\arm-none-eabi\include\c++\10.2.1\cmath ****   cosh(long double __x)
 208:c:\program files\daisytoolchain\arm-none-eabi\include\c++\10.2.1\cmath ****   { return __builtin_coshl(__x); }
 209:c:\program files\daisytoolchain\arm-none-eabi\include\c++\10.2.1\cmath **** #endif
 210:c:\program files\daisytoolchain\arm-none-eabi\include\c++\10.2.1\cmath **** 
 211:c:\program files\daisytoolchain\arm-none-eabi\include\c++\10.2.1\cmath ****   template<typename _Tp>
 212:c:\program files\daisytoolchain\arm-none-eabi\include\c++\10.2.1\cmath ****     inline _GLIBCXX_CONSTEXPR
 213:c:\program files\daisytoolchain\arm-none-eabi\include\c++\10.2.1\cmath ****     typename __gnu_cxx::__enable_if<__is_integer<_Tp>::__value,
 214:c:\program files\daisytoolchain\arm-none-eabi\include\c++\10.2.1\cmath ****                                     double>::__type
 215:c:\program files\daisytoolchain\arm-none-eabi\include\c++\10.2.1\cmath ****     cosh(_Tp __x)
 216:c:\program files\daisytoolchain\arm-none-eabi\include\c++\10.2.1\cmath ****     { return __builtin_cosh(__x); }
 217:c:\program files\daisytoolchain\arm-none-eabi\include\c++\10.2.1\cmath **** 
 218:c:\program files\daisytoolchain\arm-none-eabi\include\c++\10.2.1\cmath ****   using ::exp;
 219:c:\program files\daisytoolchain\arm-none-eabi\include\c++\10.2.1\cmath **** 
 220:c:\program files\daisytoolchain\arm-none-eabi\include\c++\10.2.1\cmath **** #ifndef __CORRECT_ISO_CPP_MATH_H_PROTO
 221:c:\program files\daisytoolchain\arm-none-eabi\include\c++\10.2.1\cmath ****   inline _GLIBCXX_CONSTEXPR float
 222:c:\program files\daisytoolchain\arm-none-eabi\include\c++\10.2.1\cmath ****   exp(float __x)
 223:c:\program files\daisytoolchain\arm-none-eabi\include\c++\10.2.1\cmath ****   { return __builtin_expf(__x); }
 224:c:\program files\daisytoolchain\arm-none-eabi\include\c++\10.2.1\cmath **** 
 225:c:\program files\daisytoolchain\arm-none-eabi\include\c++\10.2.1\cmath ****   inline _GLIBCXX_CONSTEXPR long double
 226:c:\program files\daisytoolchain\arm-none-eabi\include\c++\10.2.1\cmath ****   exp(long double __x)
 227:c:\program files\daisytoolchain\arm-none-eabi\include\c++\10.2.1\cmath ****   { return __builtin_expl(__x); }
 228:c:\program files\daisytoolchain\arm-none-eabi\include\c++\10.2.1\cmath **** #endif
 229:c:\program files\daisytoolchain\arm-none-eabi\include\c++\10.2.1\cmath **** 
 230:c:\program files\daisytoolchain\arm-none-eabi\include\c++\10.2.1\cmath ****   template<typename _Tp>
 231:c:\program files\daisytoolchain\arm-none-eabi\include\c++\10.2.1\cmath ****     inline _GLIBCXX_CONSTEXPR
 232:c:\program files\daisytoolchain\arm-none-eabi\include\c++\10.2.1\cmath ****     typename __gnu_cxx::__enable_if<__is_integer<_Tp>::__value,
 233:c:\program files\daisytoolchain\arm-none-eabi\include\c++\10.2.1\cmath ****                                     double>::__type
 234:c:\program files\daisytoolchain\arm-none-eabi\include\c++\10.2.1\cmath ****     exp(_Tp __x)
 235:c:\program files\daisytoolchain\arm-none-eabi\include\c++\10.2.1\cmath ****     { return __builtin_exp(__x); }
 236:c:\program files\daisytoolchain\arm-none-eabi\include\c++\10.2.1\cmath **** 
 237:c:\program files\daisytoolchain\arm-none-eabi\include\c++\10.2.1\cmath ****   using ::fabs;
 238:c:\program files\daisytoolchain\arm-none-eabi\include\c++\10.2.1\cmath **** 
 239:c:\program files\daisytoolchain\arm-none-eabi\include\c++\10.2.1\cmath **** #ifndef __CORRECT_ISO_CPP_MATH_H_PROTO
 240:c:\program files\daisytoolchain\arm-none-eabi\include\c++\10.2.1\cmath ****   inline _GLIBCXX_CONSTEXPR float
 241:c:\program files\daisytoolchain\arm-none-eabi\include\c++\10.2.1\cmath ****   fabs(float __x)
 242:c:\program files\daisytoolchain\arm-none-eabi\include\c++\10.2.1\cmath ****   { return __builtin_fabsf(__x); }
 243:c:\program files\daisytoolchain\arm-none-eabi\include\c++\10.2.1\cmath **** 
 244:c:\program files\daisytoolchain\arm-none-eabi\include\c++\10.2.1\cmath ****   inline _GLIBCXX_CONSTEXPR long double
 245:c:\program files\daisytoolchain\arm-none-eabi\include\c++\10.2.1\cmath ****   fabs(long double __x)
 246:c:\program files\daisytoolchain\arm-none-eabi\include\c++\10.2.1\cmath ****   { return __builtin_fabsl(__x); }
 247:c:\program files\daisytoolchain\arm-none-eabi\include\c++\10.2.1\cmath **** #endif
 248:c:\program files\daisytoolchain\arm-none-eabi\include\c++\10.2.1\cmath **** 
ARM GAS  C:\Users\aydan\AppData\Local\Temp\ccgjf6Ow.s 			page 39


 249:c:\program files\daisytoolchain\arm-none-eabi\include\c++\10.2.1\cmath ****   template<typename _Tp>
 250:c:\program files\daisytoolchain\arm-none-eabi\include\c++\10.2.1\cmath ****     inline _GLIBCXX_CONSTEXPR
 251:c:\program files\daisytoolchain\arm-none-eabi\include\c++\10.2.1\cmath ****     typename __gnu_cxx::__enable_if<__is_integer<_Tp>::__value,
 252:c:\program files\daisytoolchain\arm-none-eabi\include\c++\10.2.1\cmath ****                                     double>::__type
 253:c:\program files\daisytoolchain\arm-none-eabi\include\c++\10.2.1\cmath ****     fabs(_Tp __x)
 254:c:\program files\daisytoolchain\arm-none-eabi\include\c++\10.2.1\cmath ****     { return __builtin_fabs(__x); }
 255:c:\program files\daisytoolchain\arm-none-eabi\include\c++\10.2.1\cmath **** 
 256:c:\program files\daisytoolchain\arm-none-eabi\include\c++\10.2.1\cmath ****   using ::floor;
 257:c:\program files\daisytoolchain\arm-none-eabi\include\c++\10.2.1\cmath **** 
 258:c:\program files\daisytoolchain\arm-none-eabi\include\c++\10.2.1\cmath **** #ifndef __CORRECT_ISO_CPP_MATH_H_PROTO
 259:c:\program files\daisytoolchain\arm-none-eabi\include\c++\10.2.1\cmath ****   inline _GLIBCXX_CONSTEXPR float
 260:c:\program files\daisytoolchain\arm-none-eabi\include\c++\10.2.1\cmath ****   floor(float __x)
 261:c:\program files\daisytoolchain\arm-none-eabi\include\c++\10.2.1\cmath ****   { return __builtin_floorf(__x); }
 262:c:\program files\daisytoolchain\arm-none-eabi\include\c++\10.2.1\cmath **** 
 263:c:\program files\daisytoolchain\arm-none-eabi\include\c++\10.2.1\cmath ****   inline _GLIBCXX_CONSTEXPR long double
 264:c:\program files\daisytoolchain\arm-none-eabi\include\c++\10.2.1\cmath ****   floor(long double __x)
 265:c:\program files\daisytoolchain\arm-none-eabi\include\c++\10.2.1\cmath ****   { return __builtin_floorl(__x); }
 266:c:\program files\daisytoolchain\arm-none-eabi\include\c++\10.2.1\cmath **** #endif
 267:c:\program files\daisytoolchain\arm-none-eabi\include\c++\10.2.1\cmath **** 
 268:c:\program files\daisytoolchain\arm-none-eabi\include\c++\10.2.1\cmath ****   template<typename _Tp>
 269:c:\program files\daisytoolchain\arm-none-eabi\include\c++\10.2.1\cmath ****     inline _GLIBCXX_CONSTEXPR
 270:c:\program files\daisytoolchain\arm-none-eabi\include\c++\10.2.1\cmath ****     typename __gnu_cxx::__enable_if<__is_integer<_Tp>::__value,
 271:c:\program files\daisytoolchain\arm-none-eabi\include\c++\10.2.1\cmath ****                                     double>::__type
 272:c:\program files\daisytoolchain\arm-none-eabi\include\c++\10.2.1\cmath ****     floor(_Tp __x)
 273:c:\program files\daisytoolchain\arm-none-eabi\include\c++\10.2.1\cmath ****     { return __builtin_floor(__x); }
 274:c:\program files\daisytoolchain\arm-none-eabi\include\c++\10.2.1\cmath **** 
 275:c:\program files\daisytoolchain\arm-none-eabi\include\c++\10.2.1\cmath ****   using ::fmod;
 276:c:\program files\daisytoolchain\arm-none-eabi\include\c++\10.2.1\cmath **** 
 277:c:\program files\daisytoolchain\arm-none-eabi\include\c++\10.2.1\cmath **** #ifndef __CORRECT_ISO_CPP_MATH_H_PROTO
 278:c:\program files\daisytoolchain\arm-none-eabi\include\c++\10.2.1\cmath ****   inline _GLIBCXX_CONSTEXPR float
 279:c:\program files\daisytoolchain\arm-none-eabi\include\c++\10.2.1\cmath ****   fmod(float __x, float __y)
 280:c:\program files\daisytoolchain\arm-none-eabi\include\c++\10.2.1\cmath ****   { return __builtin_fmodf(__x, __y); }
 281:c:\program files\daisytoolchain\arm-none-eabi\include\c++\10.2.1\cmath **** 
 282:c:\program files\daisytoolchain\arm-none-eabi\include\c++\10.2.1\cmath ****   inline _GLIBCXX_CONSTEXPR long double
 283:c:\program files\daisytoolchain\arm-none-eabi\include\c++\10.2.1\cmath ****   fmod(long double __x, long double __y)
 284:c:\program files\daisytoolchain\arm-none-eabi\include\c++\10.2.1\cmath ****   { return __builtin_fmodl(__x, __y); }
 285:c:\program files\daisytoolchain\arm-none-eabi\include\c++\10.2.1\cmath **** #endif
 286:c:\program files\daisytoolchain\arm-none-eabi\include\c++\10.2.1\cmath **** 
 287:c:\program files\daisytoolchain\arm-none-eabi\include\c++\10.2.1\cmath ****   template<typename _Tp, typename _Up>
 288:c:\program files\daisytoolchain\arm-none-eabi\include\c++\10.2.1\cmath ****     inline _GLIBCXX_CONSTEXPR
 289:c:\program files\daisytoolchain\arm-none-eabi\include\c++\10.2.1\cmath ****     typename __gnu_cxx::__promote_2<_Tp, _Up>::__type
 290:c:\program files\daisytoolchain\arm-none-eabi\include\c++\10.2.1\cmath ****     fmod(_Tp __x, _Up __y)
 291:c:\program files\daisytoolchain\arm-none-eabi\include\c++\10.2.1\cmath ****     {
 292:c:\program files\daisytoolchain\arm-none-eabi\include\c++\10.2.1\cmath ****       typedef typename __gnu_cxx::__promote_2<_Tp, _Up>::__type __type;
 293:c:\program files\daisytoolchain\arm-none-eabi\include\c++\10.2.1\cmath ****       return fmod(__type(__x), __type(__y));
 294:c:\program files\daisytoolchain\arm-none-eabi\include\c++\10.2.1\cmath ****     }
 295:c:\program files\daisytoolchain\arm-none-eabi\include\c++\10.2.1\cmath **** 
 296:c:\program files\daisytoolchain\arm-none-eabi\include\c++\10.2.1\cmath ****   using ::frexp;
 297:c:\program files\daisytoolchain\arm-none-eabi\include\c++\10.2.1\cmath **** 
 298:c:\program files\daisytoolchain\arm-none-eabi\include\c++\10.2.1\cmath **** #ifndef __CORRECT_ISO_CPP_MATH_H_PROTO
 299:c:\program files\daisytoolchain\arm-none-eabi\include\c++\10.2.1\cmath ****   inline float
 300:c:\program files\daisytoolchain\arm-none-eabi\include\c++\10.2.1\cmath ****   frexp(float __x, int* __exp)
 301:c:\program files\daisytoolchain\arm-none-eabi\include\c++\10.2.1\cmath ****   { return __builtin_frexpf(__x, __exp); }
 302:c:\program files\daisytoolchain\arm-none-eabi\include\c++\10.2.1\cmath **** 
 303:c:\program files\daisytoolchain\arm-none-eabi\include\c++\10.2.1\cmath ****   inline long double
 304:c:\program files\daisytoolchain\arm-none-eabi\include\c++\10.2.1\cmath ****   frexp(long double __x, int* __exp)
 305:c:\program files\daisytoolchain\arm-none-eabi\include\c++\10.2.1\cmath ****   { return __builtin_frexpl(__x, __exp); }
ARM GAS  C:\Users\aydan\AppData\Local\Temp\ccgjf6Ow.s 			page 40


 306:c:\program files\daisytoolchain\arm-none-eabi\include\c++\10.2.1\cmath **** #endif
 307:c:\program files\daisytoolchain\arm-none-eabi\include\c++\10.2.1\cmath **** 
 308:c:\program files\daisytoolchain\arm-none-eabi\include\c++\10.2.1\cmath ****   template<typename _Tp>
 309:c:\program files\daisytoolchain\arm-none-eabi\include\c++\10.2.1\cmath ****     inline _GLIBCXX_CONSTEXPR
 310:c:\program files\daisytoolchain\arm-none-eabi\include\c++\10.2.1\cmath ****     typename __gnu_cxx::__enable_if<__is_integer<_Tp>::__value, 
 311:c:\program files\daisytoolchain\arm-none-eabi\include\c++\10.2.1\cmath ****                                     double>::__type
 312:c:\program files\daisytoolchain\arm-none-eabi\include\c++\10.2.1\cmath ****     frexp(_Tp __x, int* __exp)
 313:c:\program files\daisytoolchain\arm-none-eabi\include\c++\10.2.1\cmath ****     { return __builtin_frexp(__x, __exp); }
 314:c:\program files\daisytoolchain\arm-none-eabi\include\c++\10.2.1\cmath **** 
 315:c:\program files\daisytoolchain\arm-none-eabi\include\c++\10.2.1\cmath ****   using ::ldexp;
 316:c:\program files\daisytoolchain\arm-none-eabi\include\c++\10.2.1\cmath **** 
 317:c:\program files\daisytoolchain\arm-none-eabi\include\c++\10.2.1\cmath **** #ifndef __CORRECT_ISO_CPP_MATH_H_PROTO
 318:c:\program files\daisytoolchain\arm-none-eabi\include\c++\10.2.1\cmath ****   inline _GLIBCXX_CONSTEXPR float
 319:c:\program files\daisytoolchain\arm-none-eabi\include\c++\10.2.1\cmath ****   ldexp(float __x, int __exp)
 320:c:\program files\daisytoolchain\arm-none-eabi\include\c++\10.2.1\cmath ****   { return __builtin_ldexpf(__x, __exp); }
 321:c:\program files\daisytoolchain\arm-none-eabi\include\c++\10.2.1\cmath **** 
 322:c:\program files\daisytoolchain\arm-none-eabi\include\c++\10.2.1\cmath ****   inline _GLIBCXX_CONSTEXPR long double
 323:c:\program files\daisytoolchain\arm-none-eabi\include\c++\10.2.1\cmath ****   ldexp(long double __x, int __exp)
 324:c:\program files\daisytoolchain\arm-none-eabi\include\c++\10.2.1\cmath ****   { return __builtin_ldexpl(__x, __exp); }
 325:c:\program files\daisytoolchain\arm-none-eabi\include\c++\10.2.1\cmath **** #endif
 326:c:\program files\daisytoolchain\arm-none-eabi\include\c++\10.2.1\cmath **** 
 327:c:\program files\daisytoolchain\arm-none-eabi\include\c++\10.2.1\cmath ****   template<typename _Tp>
 328:c:\program files\daisytoolchain\arm-none-eabi\include\c++\10.2.1\cmath ****     inline _GLIBCXX_CONSTEXPR
 329:c:\program files\daisytoolchain\arm-none-eabi\include\c++\10.2.1\cmath ****     typename __gnu_cxx::__enable_if<__is_integer<_Tp>::__value, 
 330:c:\program files\daisytoolchain\arm-none-eabi\include\c++\10.2.1\cmath ****                                     double>::__type
 331:c:\program files\daisytoolchain\arm-none-eabi\include\c++\10.2.1\cmath ****     ldexp(_Tp __x, int __exp)
 332:c:\program files\daisytoolchain\arm-none-eabi\include\c++\10.2.1\cmath ****     { return __builtin_ldexp(__x, __exp); }
 333:c:\program files\daisytoolchain\arm-none-eabi\include\c++\10.2.1\cmath **** 
 334:c:\program files\daisytoolchain\arm-none-eabi\include\c++\10.2.1\cmath ****   using ::log;
 335:c:\program files\daisytoolchain\arm-none-eabi\include\c++\10.2.1\cmath **** 
 336:c:\program files\daisytoolchain\arm-none-eabi\include\c++\10.2.1\cmath **** #ifndef __CORRECT_ISO_CPP_MATH_H_PROTO
 337:c:\program files\daisytoolchain\arm-none-eabi\include\c++\10.2.1\cmath ****   inline _GLIBCXX_CONSTEXPR float
 338:c:\program files\daisytoolchain\arm-none-eabi\include\c++\10.2.1\cmath ****   log(float __x)
 339:c:\program files\daisytoolchain\arm-none-eabi\include\c++\10.2.1\cmath ****   { return __builtin_logf(__x); }
 340:c:\program files\daisytoolchain\arm-none-eabi\include\c++\10.2.1\cmath **** 
 341:c:\program files\daisytoolchain\arm-none-eabi\include\c++\10.2.1\cmath ****   inline _GLIBCXX_CONSTEXPR long double
 342:c:\program files\daisytoolchain\arm-none-eabi\include\c++\10.2.1\cmath ****   log(long double __x)
 343:c:\program files\daisytoolchain\arm-none-eabi\include\c++\10.2.1\cmath ****   { return __builtin_logl(__x); }
 344:c:\program files\daisytoolchain\arm-none-eabi\include\c++\10.2.1\cmath **** #endif
 345:c:\program files\daisytoolchain\arm-none-eabi\include\c++\10.2.1\cmath **** 
 346:c:\program files\daisytoolchain\arm-none-eabi\include\c++\10.2.1\cmath ****   template<typename _Tp>
 347:c:\program files\daisytoolchain\arm-none-eabi\include\c++\10.2.1\cmath ****     inline _GLIBCXX_CONSTEXPR
 348:c:\program files\daisytoolchain\arm-none-eabi\include\c++\10.2.1\cmath ****     typename __gnu_cxx::__enable_if<__is_integer<_Tp>::__value, 
 349:c:\program files\daisytoolchain\arm-none-eabi\include\c++\10.2.1\cmath ****                                     double>::__type
 350:c:\program files\daisytoolchain\arm-none-eabi\include\c++\10.2.1\cmath ****     log(_Tp __x)
 351:c:\program files\daisytoolchain\arm-none-eabi\include\c++\10.2.1\cmath ****     { return __builtin_log(__x); }
 352:c:\program files\daisytoolchain\arm-none-eabi\include\c++\10.2.1\cmath **** 
 353:c:\program files\daisytoolchain\arm-none-eabi\include\c++\10.2.1\cmath ****   using ::log10;
 354:c:\program files\daisytoolchain\arm-none-eabi\include\c++\10.2.1\cmath **** 
 355:c:\program files\daisytoolchain\arm-none-eabi\include\c++\10.2.1\cmath **** #ifndef __CORRECT_ISO_CPP_MATH_H_PROTO
 356:c:\program files\daisytoolchain\arm-none-eabi\include\c++\10.2.1\cmath ****   inline _GLIBCXX_CONSTEXPR float
 357:c:\program files\daisytoolchain\arm-none-eabi\include\c++\10.2.1\cmath ****   log10(float __x)
 358:c:\program files\daisytoolchain\arm-none-eabi\include\c++\10.2.1\cmath ****   { return __builtin_log10f(__x); }
 359:c:\program files\daisytoolchain\arm-none-eabi\include\c++\10.2.1\cmath **** 
 360:c:\program files\daisytoolchain\arm-none-eabi\include\c++\10.2.1\cmath ****   inline _GLIBCXX_CONSTEXPR long double
 361:c:\program files\daisytoolchain\arm-none-eabi\include\c++\10.2.1\cmath ****   log10(long double __x)
 362:c:\program files\daisytoolchain\arm-none-eabi\include\c++\10.2.1\cmath ****   { return __builtin_log10l(__x); }
ARM GAS  C:\Users\aydan\AppData\Local\Temp\ccgjf6Ow.s 			page 41


 363:c:\program files\daisytoolchain\arm-none-eabi\include\c++\10.2.1\cmath **** #endif
 364:c:\program files\daisytoolchain\arm-none-eabi\include\c++\10.2.1\cmath **** 
 365:c:\program files\daisytoolchain\arm-none-eabi\include\c++\10.2.1\cmath ****   template<typename _Tp>
 366:c:\program files\daisytoolchain\arm-none-eabi\include\c++\10.2.1\cmath ****     inline _GLIBCXX_CONSTEXPR
 367:c:\program files\daisytoolchain\arm-none-eabi\include\c++\10.2.1\cmath ****     typename __gnu_cxx::__enable_if<__is_integer<_Tp>::__value,
 368:c:\program files\daisytoolchain\arm-none-eabi\include\c++\10.2.1\cmath ****                                     double>::__type
 369:c:\program files\daisytoolchain\arm-none-eabi\include\c++\10.2.1\cmath ****     log10(_Tp __x)
 370:c:\program files\daisytoolchain\arm-none-eabi\include\c++\10.2.1\cmath ****     { return __builtin_log10(__x); }
 371:c:\program files\daisytoolchain\arm-none-eabi\include\c++\10.2.1\cmath **** 
 372:c:\program files\daisytoolchain\arm-none-eabi\include\c++\10.2.1\cmath ****   using ::modf;
 373:c:\program files\daisytoolchain\arm-none-eabi\include\c++\10.2.1\cmath **** 
 374:c:\program files\daisytoolchain\arm-none-eabi\include\c++\10.2.1\cmath **** #ifndef __CORRECT_ISO_CPP_MATH_H_PROTO
 375:c:\program files\daisytoolchain\arm-none-eabi\include\c++\10.2.1\cmath ****   inline float
 376:c:\program files\daisytoolchain\arm-none-eabi\include\c++\10.2.1\cmath ****   modf(float __x, float* __iptr)
 377:c:\program files\daisytoolchain\arm-none-eabi\include\c++\10.2.1\cmath ****   { return __builtin_modff(__x, __iptr); }
 378:c:\program files\daisytoolchain\arm-none-eabi\include\c++\10.2.1\cmath **** 
 379:c:\program files\daisytoolchain\arm-none-eabi\include\c++\10.2.1\cmath ****   inline long double
 380:c:\program files\daisytoolchain\arm-none-eabi\include\c++\10.2.1\cmath ****   modf(long double __x, long double* __iptr)
 381:c:\program files\daisytoolchain\arm-none-eabi\include\c++\10.2.1\cmath ****   { return __builtin_modfl(__x, __iptr); }
 382:c:\program files\daisytoolchain\arm-none-eabi\include\c++\10.2.1\cmath **** #endif
 383:c:\program files\daisytoolchain\arm-none-eabi\include\c++\10.2.1\cmath **** 
 384:c:\program files\daisytoolchain\arm-none-eabi\include\c++\10.2.1\cmath ****   using ::pow;
 385:c:\program files\daisytoolchain\arm-none-eabi\include\c++\10.2.1\cmath **** 
 386:c:\program files\daisytoolchain\arm-none-eabi\include\c++\10.2.1\cmath **** #ifndef __CORRECT_ISO_CPP_MATH_H_PROTO
 387:c:\program files\daisytoolchain\arm-none-eabi\include\c++\10.2.1\cmath ****   inline _GLIBCXX_CONSTEXPR float
 388:c:\program files\daisytoolchain\arm-none-eabi\include\c++\10.2.1\cmath ****   pow(float __x, float __y)
 389:c:\program files\daisytoolchain\arm-none-eabi\include\c++\10.2.1\cmath ****   { return __builtin_powf(__x, __y); }
 390:c:\program files\daisytoolchain\arm-none-eabi\include\c++\10.2.1\cmath **** 
 391:c:\program files\daisytoolchain\arm-none-eabi\include\c++\10.2.1\cmath ****   inline _GLIBCXX_CONSTEXPR long double
 392:c:\program files\daisytoolchain\arm-none-eabi\include\c++\10.2.1\cmath ****   pow(long double __x, long double __y)
 393:c:\program files\daisytoolchain\arm-none-eabi\include\c++\10.2.1\cmath ****   { return __builtin_powl(__x, __y); }
 394:c:\program files\daisytoolchain\arm-none-eabi\include\c++\10.2.1\cmath **** 
 395:c:\program files\daisytoolchain\arm-none-eabi\include\c++\10.2.1\cmath **** #if __cplusplus < 201103L
 396:c:\program files\daisytoolchain\arm-none-eabi\include\c++\10.2.1\cmath ****   // _GLIBCXX_RESOLVE_LIB_DEFECTS
 397:c:\program files\daisytoolchain\arm-none-eabi\include\c++\10.2.1\cmath ****   // DR 550. What should the return type of pow(float,int) be?
 398:c:\program files\daisytoolchain\arm-none-eabi\include\c++\10.2.1\cmath ****   inline double
 399:c:\program files\daisytoolchain\arm-none-eabi\include\c++\10.2.1\cmath ****   pow(double __x, int __i)
 400:c:\program files\daisytoolchain\arm-none-eabi\include\c++\10.2.1\cmath ****   { return __builtin_powi(__x, __i); }
 401:c:\program files\daisytoolchain\arm-none-eabi\include\c++\10.2.1\cmath **** 
 402:c:\program files\daisytoolchain\arm-none-eabi\include\c++\10.2.1\cmath ****   inline float
 403:c:\program files\daisytoolchain\arm-none-eabi\include\c++\10.2.1\cmath ****   pow(float __x, int __n)
 404:c:\program files\daisytoolchain\arm-none-eabi\include\c++\10.2.1\cmath ****   { return __builtin_powif(__x, __n); }
 405:c:\program files\daisytoolchain\arm-none-eabi\include\c++\10.2.1\cmath **** 
 406:c:\program files\daisytoolchain\arm-none-eabi\include\c++\10.2.1\cmath ****   inline long double
 407:c:\program files\daisytoolchain\arm-none-eabi\include\c++\10.2.1\cmath ****   pow(long double __x, int __n)
 408:c:\program files\daisytoolchain\arm-none-eabi\include\c++\10.2.1\cmath ****   { return __builtin_powil(__x, __n); }
 409:c:\program files\daisytoolchain\arm-none-eabi\include\c++\10.2.1\cmath **** #endif
 410:c:\program files\daisytoolchain\arm-none-eabi\include\c++\10.2.1\cmath **** #endif
 411:c:\program files\daisytoolchain\arm-none-eabi\include\c++\10.2.1\cmath **** 
 412:c:\program files\daisytoolchain\arm-none-eabi\include\c++\10.2.1\cmath ****   template<typename _Tp, typename _Up>
 413:c:\program files\daisytoolchain\arm-none-eabi\include\c++\10.2.1\cmath ****     inline _GLIBCXX_CONSTEXPR
 414:c:\program files\daisytoolchain\arm-none-eabi\include\c++\10.2.1\cmath ****     typename __gnu_cxx::__promote_2<_Tp, _Up>::__type
 415:c:\program files\daisytoolchain\arm-none-eabi\include\c++\10.2.1\cmath ****     pow(_Tp __x, _Up __y)
 416:c:\program files\daisytoolchain\arm-none-eabi\include\c++\10.2.1\cmath ****     {
 417:c:\program files\daisytoolchain\arm-none-eabi\include\c++\10.2.1\cmath ****       typedef typename __gnu_cxx::__promote_2<_Tp, _Up>::__type __type;
 418:c:\program files\daisytoolchain\arm-none-eabi\include\c++\10.2.1\cmath ****       return pow(__type(__x), __type(__y));
 419:c:\program files\daisytoolchain\arm-none-eabi\include\c++\10.2.1\cmath ****     }
ARM GAS  C:\Users\aydan\AppData\Local\Temp\ccgjf6Ow.s 			page 42


 420:c:\program files\daisytoolchain\arm-none-eabi\include\c++\10.2.1\cmath **** 
 421:c:\program files\daisytoolchain\arm-none-eabi\include\c++\10.2.1\cmath ****   using ::sin;
 422:c:\program files\daisytoolchain\arm-none-eabi\include\c++\10.2.1\cmath **** 
 423:c:\program files\daisytoolchain\arm-none-eabi\include\c++\10.2.1\cmath **** #ifndef __CORRECT_ISO_CPP_MATH_H_PROTO
 424:c:\program files\daisytoolchain\arm-none-eabi\include\c++\10.2.1\cmath ****   inline _GLIBCXX_CONSTEXPR float
 425:c:\program files\daisytoolchain\arm-none-eabi\include\c++\10.2.1\cmath ****   sin(float __x)
 426:c:\program files\daisytoolchain\arm-none-eabi\include\c++\10.2.1\cmath ****   { return __builtin_sinf(__x); }
 427:c:\program files\daisytoolchain\arm-none-eabi\include\c++\10.2.1\cmath **** 
 428:c:\program files\daisytoolchain\arm-none-eabi\include\c++\10.2.1\cmath ****   inline _GLIBCXX_CONSTEXPR long double
 429:c:\program files\daisytoolchain\arm-none-eabi\include\c++\10.2.1\cmath ****   sin(long double __x)
 430:c:\program files\daisytoolchain\arm-none-eabi\include\c++\10.2.1\cmath ****   { return __builtin_sinl(__x); }
 431:c:\program files\daisytoolchain\arm-none-eabi\include\c++\10.2.1\cmath **** #endif
 432:c:\program files\daisytoolchain\arm-none-eabi\include\c++\10.2.1\cmath **** 
 433:c:\program files\daisytoolchain\arm-none-eabi\include\c++\10.2.1\cmath ****   template<typename _Tp>
 434:c:\program files\daisytoolchain\arm-none-eabi\include\c++\10.2.1\cmath ****     inline _GLIBCXX_CONSTEXPR
 435:c:\program files\daisytoolchain\arm-none-eabi\include\c++\10.2.1\cmath ****     typename __gnu_cxx::__enable_if<__is_integer<_Tp>::__value, 
 436:c:\program files\daisytoolchain\arm-none-eabi\include\c++\10.2.1\cmath ****                                     double>::__type
 437:c:\program files\daisytoolchain\arm-none-eabi\include\c++\10.2.1\cmath ****     sin(_Tp __x)
 438:c:\program files\daisytoolchain\arm-none-eabi\include\c++\10.2.1\cmath ****     { return __builtin_sin(__x); }
 439:c:\program files\daisytoolchain\arm-none-eabi\include\c++\10.2.1\cmath **** 
 440:c:\program files\daisytoolchain\arm-none-eabi\include\c++\10.2.1\cmath ****   using ::sinh;
 441:c:\program files\daisytoolchain\arm-none-eabi\include\c++\10.2.1\cmath **** 
 442:c:\program files\daisytoolchain\arm-none-eabi\include\c++\10.2.1\cmath **** #ifndef __CORRECT_ISO_CPP_MATH_H_PROTO
 443:c:\program files\daisytoolchain\arm-none-eabi\include\c++\10.2.1\cmath ****   inline _GLIBCXX_CONSTEXPR float
 444:c:\program files\daisytoolchain\arm-none-eabi\include\c++\10.2.1\cmath ****   sinh(float __x)
 445:c:\program files\daisytoolchain\arm-none-eabi\include\c++\10.2.1\cmath ****   { return __builtin_sinhf(__x); }
 446:c:\program files\daisytoolchain\arm-none-eabi\include\c++\10.2.1\cmath **** 
 447:c:\program files\daisytoolchain\arm-none-eabi\include\c++\10.2.1\cmath ****   inline _GLIBCXX_CONSTEXPR long double
 448:c:\program files\daisytoolchain\arm-none-eabi\include\c++\10.2.1\cmath ****   sinh(long double __x)
 449:c:\program files\daisytoolchain\arm-none-eabi\include\c++\10.2.1\cmath ****   { return __builtin_sinhl(__x); }
 450:c:\program files\daisytoolchain\arm-none-eabi\include\c++\10.2.1\cmath **** #endif
 451:c:\program files\daisytoolchain\arm-none-eabi\include\c++\10.2.1\cmath **** 
 452:c:\program files\daisytoolchain\arm-none-eabi\include\c++\10.2.1\cmath ****   template<typename _Tp>
 453:c:\program files\daisytoolchain\arm-none-eabi\include\c++\10.2.1\cmath ****     inline _GLIBCXX_CONSTEXPR
 454:c:\program files\daisytoolchain\arm-none-eabi\include\c++\10.2.1\cmath ****     typename __gnu_cxx::__enable_if<__is_integer<_Tp>::__value, 
 455:c:\program files\daisytoolchain\arm-none-eabi\include\c++\10.2.1\cmath ****                                     double>::__type
 456:c:\program files\daisytoolchain\arm-none-eabi\include\c++\10.2.1\cmath ****     sinh(_Tp __x)
 457:c:\program files\daisytoolchain\arm-none-eabi\include\c++\10.2.1\cmath ****     { return __builtin_sinh(__x); }
 458:c:\program files\daisytoolchain\arm-none-eabi\include\c++\10.2.1\cmath **** 
 459:c:\program files\daisytoolchain\arm-none-eabi\include\c++\10.2.1\cmath ****   using ::sqrt;
 460:c:\program files\daisytoolchain\arm-none-eabi\include\c++\10.2.1\cmath **** 
 461:c:\program files\daisytoolchain\arm-none-eabi\include\c++\10.2.1\cmath **** #ifndef __CORRECT_ISO_CPP_MATH_H_PROTO
 462:c:\program files\daisytoolchain\arm-none-eabi\include\c++\10.2.1\cmath ****   inline _GLIBCXX_CONSTEXPR float
 463:c:\program files\daisytoolchain\arm-none-eabi\include\c++\10.2.1\cmath ****   sqrt(float __x)
 464:c:\program files\daisytoolchain\arm-none-eabi\include\c++\10.2.1\cmath ****   { return __builtin_sqrtf(__x); }
 465:c:\program files\daisytoolchain\arm-none-eabi\include\c++\10.2.1\cmath **** 
 466:c:\program files\daisytoolchain\arm-none-eabi\include\c++\10.2.1\cmath ****   inline _GLIBCXX_CONSTEXPR long double
 467:c:\program files\daisytoolchain\arm-none-eabi\include\c++\10.2.1\cmath ****   sqrt(long double __x)
 468:c:\program files\daisytoolchain\arm-none-eabi\include\c++\10.2.1\cmath ****   { return __builtin_sqrtl(__x); }
 469:c:\program files\daisytoolchain\arm-none-eabi\include\c++\10.2.1\cmath **** #endif
 470:c:\program files\daisytoolchain\arm-none-eabi\include\c++\10.2.1\cmath **** 
 471:c:\program files\daisytoolchain\arm-none-eabi\include\c++\10.2.1\cmath ****   template<typename _Tp>
 472:c:\program files\daisytoolchain\arm-none-eabi\include\c++\10.2.1\cmath ****     inline _GLIBCXX_CONSTEXPR
 473:c:\program files\daisytoolchain\arm-none-eabi\include\c++\10.2.1\cmath ****     typename __gnu_cxx::__enable_if<__is_integer<_Tp>::__value, 
 474:c:\program files\daisytoolchain\arm-none-eabi\include\c++\10.2.1\cmath ****                                     double>::__type
 475:c:\program files\daisytoolchain\arm-none-eabi\include\c++\10.2.1\cmath ****     sqrt(_Tp __x)
 476:c:\program files\daisytoolchain\arm-none-eabi\include\c++\10.2.1\cmath ****     { return __builtin_sqrt(__x); }
ARM GAS  C:\Users\aydan\AppData\Local\Temp\ccgjf6Ow.s 			page 43


 477:c:\program files\daisytoolchain\arm-none-eabi\include\c++\10.2.1\cmath **** 
 478:c:\program files\daisytoolchain\arm-none-eabi\include\c++\10.2.1\cmath ****   using ::tan;
 479:c:\program files\daisytoolchain\arm-none-eabi\include\c++\10.2.1\cmath **** 
 480:c:\program files\daisytoolchain\arm-none-eabi\include\c++\10.2.1\cmath **** #ifndef __CORRECT_ISO_CPP_MATH_H_PROTO
 481:c:\program files\daisytoolchain\arm-none-eabi\include\c++\10.2.1\cmath ****   inline _GLIBCXX_CONSTEXPR float
 482:c:\program files\daisytoolchain\arm-none-eabi\include\c++\10.2.1\cmath ****   tan(float __x)
 483:c:\program files\daisytoolchain\arm-none-eabi\include\c++\10.2.1\cmath ****   { return __builtin_tanf(__x); }
 484:c:\program files\daisytoolchain\arm-none-eabi\include\c++\10.2.1\cmath **** 
 485:c:\program files\daisytoolchain\arm-none-eabi\include\c++\10.2.1\cmath ****   inline _GLIBCXX_CONSTEXPR long double
 486:c:\program files\daisytoolchain\arm-none-eabi\include\c++\10.2.1\cmath ****   tan(long double __x)
 487:c:\program files\daisytoolchain\arm-none-eabi\include\c++\10.2.1\cmath ****   { return __builtin_tanl(__x); }
 488:c:\program files\daisytoolchain\arm-none-eabi\include\c++\10.2.1\cmath **** #endif
 489:c:\program files\daisytoolchain\arm-none-eabi\include\c++\10.2.1\cmath **** 
 490:c:\program files\daisytoolchain\arm-none-eabi\include\c++\10.2.1\cmath ****   template<typename _Tp>
 491:c:\program files\daisytoolchain\arm-none-eabi\include\c++\10.2.1\cmath ****     inline _GLIBCXX_CONSTEXPR
 492:c:\program files\daisytoolchain\arm-none-eabi\include\c++\10.2.1\cmath ****     typename __gnu_cxx::__enable_if<__is_integer<_Tp>::__value, 
 493:c:\program files\daisytoolchain\arm-none-eabi\include\c++\10.2.1\cmath ****                                     double>::__type
 494:c:\program files\daisytoolchain\arm-none-eabi\include\c++\10.2.1\cmath ****     tan(_Tp __x)
 495:c:\program files\daisytoolchain\arm-none-eabi\include\c++\10.2.1\cmath ****     { return __builtin_tan(__x); }
 496:c:\program files\daisytoolchain\arm-none-eabi\include\c++\10.2.1\cmath **** 
 497:c:\program files\daisytoolchain\arm-none-eabi\include\c++\10.2.1\cmath ****   using ::tanh;
 498:c:\program files\daisytoolchain\arm-none-eabi\include\c++\10.2.1\cmath **** 
 499:c:\program files\daisytoolchain\arm-none-eabi\include\c++\10.2.1\cmath **** #ifndef __CORRECT_ISO_CPP_MATH_H_PROTO
 500:c:\program files\daisytoolchain\arm-none-eabi\include\c++\10.2.1\cmath ****   inline _GLIBCXX_CONSTEXPR float
 501:c:\program files\daisytoolchain\arm-none-eabi\include\c++\10.2.1\cmath ****   tanh(float __x)
 502:c:\program files\daisytoolchain\arm-none-eabi\include\c++\10.2.1\cmath ****   { return __builtin_tanhf(__x); }
 503:c:\program files\daisytoolchain\arm-none-eabi\include\c++\10.2.1\cmath **** 
 504:c:\program files\daisytoolchain\arm-none-eabi\include\c++\10.2.1\cmath ****   inline _GLIBCXX_CONSTEXPR long double
 505:c:\program files\daisytoolchain\arm-none-eabi\include\c++\10.2.1\cmath ****   tanh(long double __x)
 506:c:\program files\daisytoolchain\arm-none-eabi\include\c++\10.2.1\cmath ****   { return __builtin_tanhl(__x); }
 507:c:\program files\daisytoolchain\arm-none-eabi\include\c++\10.2.1\cmath **** #endif
 508:c:\program files\daisytoolchain\arm-none-eabi\include\c++\10.2.1\cmath **** 
 509:c:\program files\daisytoolchain\arm-none-eabi\include\c++\10.2.1\cmath ****   template<typename _Tp>
 510:c:\program files\daisytoolchain\arm-none-eabi\include\c++\10.2.1\cmath ****     inline _GLIBCXX_CONSTEXPR
 511:c:\program files\daisytoolchain\arm-none-eabi\include\c++\10.2.1\cmath ****     typename __gnu_cxx::__enable_if<__is_integer<_Tp>::__value, 
 512:c:\program files\daisytoolchain\arm-none-eabi\include\c++\10.2.1\cmath ****                                     double>::__type
 513:c:\program files\daisytoolchain\arm-none-eabi\include\c++\10.2.1\cmath ****     tanh(_Tp __x)
 514:c:\program files\daisytoolchain\arm-none-eabi\include\c++\10.2.1\cmath ****     { return __builtin_tanh(__x); }
 515:c:\program files\daisytoolchain\arm-none-eabi\include\c++\10.2.1\cmath **** 
 516:c:\program files\daisytoolchain\arm-none-eabi\include\c++\10.2.1\cmath **** #if _GLIBCXX_USE_C99_MATH
 517:c:\program files\daisytoolchain\arm-none-eabi\include\c++\10.2.1\cmath **** #if !_GLIBCXX_USE_C99_FP_MACROS_DYNAMIC
 518:c:\program files\daisytoolchain\arm-none-eabi\include\c++\10.2.1\cmath **** 
 519:c:\program files\daisytoolchain\arm-none-eabi\include\c++\10.2.1\cmath **** // These are possible macros imported from C99-land.
 520:c:\program files\daisytoolchain\arm-none-eabi\include\c++\10.2.1\cmath **** #undef fpclassify
 521:c:\program files\daisytoolchain\arm-none-eabi\include\c++\10.2.1\cmath **** #undef isfinite
 522:c:\program files\daisytoolchain\arm-none-eabi\include\c++\10.2.1\cmath **** #undef isinf
 523:c:\program files\daisytoolchain\arm-none-eabi\include\c++\10.2.1\cmath **** #undef isnan
 524:c:\program files\daisytoolchain\arm-none-eabi\include\c++\10.2.1\cmath **** #undef isnormal
 525:c:\program files\daisytoolchain\arm-none-eabi\include\c++\10.2.1\cmath **** #undef signbit
 526:c:\program files\daisytoolchain\arm-none-eabi\include\c++\10.2.1\cmath **** #undef isgreater
 527:c:\program files\daisytoolchain\arm-none-eabi\include\c++\10.2.1\cmath **** #undef isgreaterequal
 528:c:\program files\daisytoolchain\arm-none-eabi\include\c++\10.2.1\cmath **** #undef isless
 529:c:\program files\daisytoolchain\arm-none-eabi\include\c++\10.2.1\cmath **** #undef islessequal
 530:c:\program files\daisytoolchain\arm-none-eabi\include\c++\10.2.1\cmath **** #undef islessgreater
 531:c:\program files\daisytoolchain\arm-none-eabi\include\c++\10.2.1\cmath **** #undef isunordered
 532:c:\program files\daisytoolchain\arm-none-eabi\include\c++\10.2.1\cmath **** 
 533:c:\program files\daisytoolchain\arm-none-eabi\include\c++\10.2.1\cmath **** #if __cplusplus >= 201103L
ARM GAS  C:\Users\aydan\AppData\Local\Temp\ccgjf6Ow.s 			page 44


 534:c:\program files\daisytoolchain\arm-none-eabi\include\c++\10.2.1\cmath **** 
 535:c:\program files\daisytoolchain\arm-none-eabi\include\c++\10.2.1\cmath **** #ifndef __CORRECT_ISO_CPP11_MATH_H_PROTO_FP
 536:c:\program files\daisytoolchain\arm-none-eabi\include\c++\10.2.1\cmath ****   constexpr int
 537:c:\program files\daisytoolchain\arm-none-eabi\include\c++\10.2.1\cmath ****   fpclassify(float __x)
 538:c:\program files\daisytoolchain\arm-none-eabi\include\c++\10.2.1\cmath ****   { return __builtin_fpclassify(FP_NAN, FP_INFINITE, FP_NORMAL,
 539:c:\program files\daisytoolchain\arm-none-eabi\include\c++\10.2.1\cmath **** 				FP_SUBNORMAL, FP_ZERO, __x); }
 540:c:\program files\daisytoolchain\arm-none-eabi\include\c++\10.2.1\cmath **** 
 541:c:\program files\daisytoolchain\arm-none-eabi\include\c++\10.2.1\cmath ****   constexpr int
 542:c:\program files\daisytoolchain\arm-none-eabi\include\c++\10.2.1\cmath ****   fpclassify(double __x)
 543:c:\program files\daisytoolchain\arm-none-eabi\include\c++\10.2.1\cmath ****   { return __builtin_fpclassify(FP_NAN, FP_INFINITE, FP_NORMAL,
 544:c:\program files\daisytoolchain\arm-none-eabi\include\c++\10.2.1\cmath **** 				FP_SUBNORMAL, FP_ZERO, __x); }
 545:c:\program files\daisytoolchain\arm-none-eabi\include\c++\10.2.1\cmath **** 
 546:c:\program files\daisytoolchain\arm-none-eabi\include\c++\10.2.1\cmath ****   constexpr int
 547:c:\program files\daisytoolchain\arm-none-eabi\include\c++\10.2.1\cmath ****   fpclassify(long double __x)
 548:c:\program files\daisytoolchain\arm-none-eabi\include\c++\10.2.1\cmath ****   { return __builtin_fpclassify(FP_NAN, FP_INFINITE, FP_NORMAL,
 549:c:\program files\daisytoolchain\arm-none-eabi\include\c++\10.2.1\cmath **** 				FP_SUBNORMAL, FP_ZERO, __x); }
 550:c:\program files\daisytoolchain\arm-none-eabi\include\c++\10.2.1\cmath **** #endif
 551:c:\program files\daisytoolchain\arm-none-eabi\include\c++\10.2.1\cmath **** 
 552:c:\program files\daisytoolchain\arm-none-eabi\include\c++\10.2.1\cmath **** #ifndef __CORRECT_ISO_CPP11_MATH_H_PROTO_INT
 553:c:\program files\daisytoolchain\arm-none-eabi\include\c++\10.2.1\cmath ****   template<typename _Tp>
 554:c:\program files\daisytoolchain\arm-none-eabi\include\c++\10.2.1\cmath ****     constexpr typename __gnu_cxx::__enable_if<__is_integer<_Tp>::__value,
 555:c:\program files\daisytoolchain\arm-none-eabi\include\c++\10.2.1\cmath ****                                               int>::__type
 556:c:\program files\daisytoolchain\arm-none-eabi\include\c++\10.2.1\cmath ****     fpclassify(_Tp __x)
 557:c:\program files\daisytoolchain\arm-none-eabi\include\c++\10.2.1\cmath ****     { return __x != 0 ? FP_NORMAL : FP_ZERO; }
 558:c:\program files\daisytoolchain\arm-none-eabi\include\c++\10.2.1\cmath **** #endif
 559:c:\program files\daisytoolchain\arm-none-eabi\include\c++\10.2.1\cmath **** 
 560:c:\program files\daisytoolchain\arm-none-eabi\include\c++\10.2.1\cmath **** #ifndef __CORRECT_ISO_CPP11_MATH_H_PROTO_FP
 561:c:\program files\daisytoolchain\arm-none-eabi\include\c++\10.2.1\cmath ****   constexpr bool
 562:c:\program files\daisytoolchain\arm-none-eabi\include\c++\10.2.1\cmath ****   isfinite(float __x)
 563:c:\program files\daisytoolchain\arm-none-eabi\include\c++\10.2.1\cmath ****   { return __builtin_isfinite(__x); }
 564:c:\program files\daisytoolchain\arm-none-eabi\include\c++\10.2.1\cmath **** 
 565:c:\program files\daisytoolchain\arm-none-eabi\include\c++\10.2.1\cmath ****   constexpr bool
 566:c:\program files\daisytoolchain\arm-none-eabi\include\c++\10.2.1\cmath ****   isfinite(double __x)
 567:c:\program files\daisytoolchain\arm-none-eabi\include\c++\10.2.1\cmath ****   { return __builtin_isfinite(__x); }
 568:c:\program files\daisytoolchain\arm-none-eabi\include\c++\10.2.1\cmath **** 
 569:c:\program files\daisytoolchain\arm-none-eabi\include\c++\10.2.1\cmath ****   constexpr bool
 570:c:\program files\daisytoolchain\arm-none-eabi\include\c++\10.2.1\cmath ****   isfinite(long double __x)
 571:c:\program files\daisytoolchain\arm-none-eabi\include\c++\10.2.1\cmath ****   { return __builtin_isfinite(__x); }
 572:c:\program files\daisytoolchain\arm-none-eabi\include\c++\10.2.1\cmath **** #endif
 573:c:\program files\daisytoolchain\arm-none-eabi\include\c++\10.2.1\cmath **** 
 574:c:\program files\daisytoolchain\arm-none-eabi\include\c++\10.2.1\cmath **** #ifndef __CORRECT_ISO_CPP11_MATH_H_PROTO_INT
 575:c:\program files\daisytoolchain\arm-none-eabi\include\c++\10.2.1\cmath ****   template<typename _Tp>
 576:c:\program files\daisytoolchain\arm-none-eabi\include\c++\10.2.1\cmath ****     constexpr typename __gnu_cxx::__enable_if<__is_integer<_Tp>::__value,
 577:c:\program files\daisytoolchain\arm-none-eabi\include\c++\10.2.1\cmath ****                                               bool>::__type
 578:c:\program files\daisytoolchain\arm-none-eabi\include\c++\10.2.1\cmath ****     isfinite(_Tp __x)
 579:c:\program files\daisytoolchain\arm-none-eabi\include\c++\10.2.1\cmath ****     { return true; }
 580:c:\program files\daisytoolchain\arm-none-eabi\include\c++\10.2.1\cmath **** #endif
 581:c:\program files\daisytoolchain\arm-none-eabi\include\c++\10.2.1\cmath **** 
 582:c:\program files\daisytoolchain\arm-none-eabi\include\c++\10.2.1\cmath **** #ifndef __CORRECT_ISO_CPP11_MATH_H_PROTO_FP
 583:c:\program files\daisytoolchain\arm-none-eabi\include\c++\10.2.1\cmath ****   constexpr bool
 584:c:\program files\daisytoolchain\arm-none-eabi\include\c++\10.2.1\cmath ****   isinf(float __x)
 585:c:\program files\daisytoolchain\arm-none-eabi\include\c++\10.2.1\cmath ****   { return __builtin_isinf(__x); }
 586:c:\program files\daisytoolchain\arm-none-eabi\include\c++\10.2.1\cmath **** 
 587:c:\program files\daisytoolchain\arm-none-eabi\include\c++\10.2.1\cmath **** #if _GLIBCXX_HAVE_OBSOLETE_ISINF \
 588:c:\program files\daisytoolchain\arm-none-eabi\include\c++\10.2.1\cmath ****   && !_GLIBCXX_NO_OBSOLETE_ISINF_ISNAN_DYNAMIC
 589:c:\program files\daisytoolchain\arm-none-eabi\include\c++\10.2.1\cmath ****   using ::isinf;
 590:c:\program files\daisytoolchain\arm-none-eabi\include\c++\10.2.1\cmath **** #else
ARM GAS  C:\Users\aydan\AppData\Local\Temp\ccgjf6Ow.s 			page 45


 591:c:\program files\daisytoolchain\arm-none-eabi\include\c++\10.2.1\cmath ****   constexpr bool
 592:c:\program files\daisytoolchain\arm-none-eabi\include\c++\10.2.1\cmath ****   isinf(double __x)
 593:c:\program files\daisytoolchain\arm-none-eabi\include\c++\10.2.1\cmath ****   { return __builtin_isinf(__x); }
 594:c:\program files\daisytoolchain\arm-none-eabi\include\c++\10.2.1\cmath **** #endif
 595:c:\program files\daisytoolchain\arm-none-eabi\include\c++\10.2.1\cmath **** 
 596:c:\program files\daisytoolchain\arm-none-eabi\include\c++\10.2.1\cmath ****   constexpr bool
 597:c:\program files\daisytoolchain\arm-none-eabi\include\c++\10.2.1\cmath ****   isinf(long double __x)
 598:c:\program files\daisytoolchain\arm-none-eabi\include\c++\10.2.1\cmath ****   { return __builtin_isinf(__x); }
 599:c:\program files\daisytoolchain\arm-none-eabi\include\c++\10.2.1\cmath **** #endif
 600:c:\program files\daisytoolchain\arm-none-eabi\include\c++\10.2.1\cmath **** 
 601:c:\program files\daisytoolchain\arm-none-eabi\include\c++\10.2.1\cmath **** #ifndef __CORRECT_ISO_CPP11_MATH_H_PROTO_INT
 602:c:\program files\daisytoolchain\arm-none-eabi\include\c++\10.2.1\cmath ****   template<typename _Tp>
 603:c:\program files\daisytoolchain\arm-none-eabi\include\c++\10.2.1\cmath ****     constexpr typename __gnu_cxx::__enable_if<__is_integer<_Tp>::__value,
 604:c:\program files\daisytoolchain\arm-none-eabi\include\c++\10.2.1\cmath ****                                               bool>::__type
 605:c:\program files\daisytoolchain\arm-none-eabi\include\c++\10.2.1\cmath ****     isinf(_Tp __x)
 606:c:\program files\daisytoolchain\arm-none-eabi\include\c++\10.2.1\cmath ****     { return false; }
 607:c:\program files\daisytoolchain\arm-none-eabi\include\c++\10.2.1\cmath **** #endif
 608:c:\program files\daisytoolchain\arm-none-eabi\include\c++\10.2.1\cmath **** 
 609:c:\program files\daisytoolchain\arm-none-eabi\include\c++\10.2.1\cmath **** #ifndef __CORRECT_ISO_CPP11_MATH_H_PROTO_FP
 610:c:\program files\daisytoolchain\arm-none-eabi\include\c++\10.2.1\cmath ****   constexpr bool
 611:c:\program files\daisytoolchain\arm-none-eabi\include\c++\10.2.1\cmath ****   isnan(float __x)
 612:c:\program files\daisytoolchain\arm-none-eabi\include\c++\10.2.1\cmath ****   { return __builtin_isnan(__x); }
 613:c:\program files\daisytoolchain\arm-none-eabi\include\c++\10.2.1\cmath **** 
 614:c:\program files\daisytoolchain\arm-none-eabi\include\c++\10.2.1\cmath **** #if _GLIBCXX_HAVE_OBSOLETE_ISNAN \
 615:c:\program files\daisytoolchain\arm-none-eabi\include\c++\10.2.1\cmath ****   && !_GLIBCXX_NO_OBSOLETE_ISINF_ISNAN_DYNAMIC
 616:c:\program files\daisytoolchain\arm-none-eabi\include\c++\10.2.1\cmath ****   using ::isnan;
 617:c:\program files\daisytoolchain\arm-none-eabi\include\c++\10.2.1\cmath **** #else
 618:c:\program files\daisytoolchain\arm-none-eabi\include\c++\10.2.1\cmath ****   constexpr bool
 619:c:\program files\daisytoolchain\arm-none-eabi\include\c++\10.2.1\cmath ****   isnan(double __x)
 620:c:\program files\daisytoolchain\arm-none-eabi\include\c++\10.2.1\cmath ****   { return __builtin_isnan(__x); }
 621:c:\program files\daisytoolchain\arm-none-eabi\include\c++\10.2.1\cmath **** #endif
 622:c:\program files\daisytoolchain\arm-none-eabi\include\c++\10.2.1\cmath **** 
 623:c:\program files\daisytoolchain\arm-none-eabi\include\c++\10.2.1\cmath ****   constexpr bool
 624:c:\program files\daisytoolchain\arm-none-eabi\include\c++\10.2.1\cmath ****   isnan(long double __x)
 625:c:\program files\daisytoolchain\arm-none-eabi\include\c++\10.2.1\cmath ****   { return __builtin_isnan(__x); }
 626:c:\program files\daisytoolchain\arm-none-eabi\include\c++\10.2.1\cmath **** #endif
 627:c:\program files\daisytoolchain\arm-none-eabi\include\c++\10.2.1\cmath **** 
 628:c:\program files\daisytoolchain\arm-none-eabi\include\c++\10.2.1\cmath **** #ifndef __CORRECT_ISO_CPP11_MATH_H_PROTO_INT
 629:c:\program files\daisytoolchain\arm-none-eabi\include\c++\10.2.1\cmath ****   template<typename _Tp>
 630:c:\program files\daisytoolchain\arm-none-eabi\include\c++\10.2.1\cmath ****     constexpr typename __gnu_cxx::__enable_if<__is_integer<_Tp>::__value,
 631:c:\program files\daisytoolchain\arm-none-eabi\include\c++\10.2.1\cmath ****                                               bool>::__type
 632:c:\program files\daisytoolchain\arm-none-eabi\include\c++\10.2.1\cmath ****     isnan(_Tp __x)
 633:c:\program files\daisytoolchain\arm-none-eabi\include\c++\10.2.1\cmath ****     { return false; }
 634:c:\program files\daisytoolchain\arm-none-eabi\include\c++\10.2.1\cmath **** #endif
 635:c:\program files\daisytoolchain\arm-none-eabi\include\c++\10.2.1\cmath **** 
 636:c:\program files\daisytoolchain\arm-none-eabi\include\c++\10.2.1\cmath **** #ifndef __CORRECT_ISO_CPP11_MATH_H_PROTO_FP
 637:c:\program files\daisytoolchain\arm-none-eabi\include\c++\10.2.1\cmath ****   constexpr bool
 638:c:\program files\daisytoolchain\arm-none-eabi\include\c++\10.2.1\cmath ****   isnormal(float __x)
 639:c:\program files\daisytoolchain\arm-none-eabi\include\c++\10.2.1\cmath ****   { return __builtin_isnormal(__x); }
 640:c:\program files\daisytoolchain\arm-none-eabi\include\c++\10.2.1\cmath **** 
 641:c:\program files\daisytoolchain\arm-none-eabi\include\c++\10.2.1\cmath ****   constexpr bool
 642:c:\program files\daisytoolchain\arm-none-eabi\include\c++\10.2.1\cmath ****   isnormal(double __x)
 643:c:\program files\daisytoolchain\arm-none-eabi\include\c++\10.2.1\cmath ****   { return __builtin_isnormal(__x); }
 644:c:\program files\daisytoolchain\arm-none-eabi\include\c++\10.2.1\cmath **** 
 645:c:\program files\daisytoolchain\arm-none-eabi\include\c++\10.2.1\cmath ****   constexpr bool
 646:c:\program files\daisytoolchain\arm-none-eabi\include\c++\10.2.1\cmath ****   isnormal(long double __x)
 647:c:\program files\daisytoolchain\arm-none-eabi\include\c++\10.2.1\cmath ****   { return __builtin_isnormal(__x); }
ARM GAS  C:\Users\aydan\AppData\Local\Temp\ccgjf6Ow.s 			page 46


 648:c:\program files\daisytoolchain\arm-none-eabi\include\c++\10.2.1\cmath **** #endif
 649:c:\program files\daisytoolchain\arm-none-eabi\include\c++\10.2.1\cmath **** 
 650:c:\program files\daisytoolchain\arm-none-eabi\include\c++\10.2.1\cmath **** #ifndef __CORRECT_ISO_CPP11_MATH_H_PROTO_INT
 651:c:\program files\daisytoolchain\arm-none-eabi\include\c++\10.2.1\cmath ****   template<typename _Tp>
 652:c:\program files\daisytoolchain\arm-none-eabi\include\c++\10.2.1\cmath ****     constexpr typename __gnu_cxx::__enable_if<__is_integer<_Tp>::__value,
 653:c:\program files\daisytoolchain\arm-none-eabi\include\c++\10.2.1\cmath ****                                               bool>::__type
 654:c:\program files\daisytoolchain\arm-none-eabi\include\c++\10.2.1\cmath ****     isnormal(_Tp __x)
 655:c:\program files\daisytoolchain\arm-none-eabi\include\c++\10.2.1\cmath ****     { return __x != 0 ? true : false; }
 656:c:\program files\daisytoolchain\arm-none-eabi\include\c++\10.2.1\cmath **** #endif
 657:c:\program files\daisytoolchain\arm-none-eabi\include\c++\10.2.1\cmath **** 
 658:c:\program files\daisytoolchain\arm-none-eabi\include\c++\10.2.1\cmath **** #ifndef __CORRECT_ISO_CPP11_MATH_H_PROTO_FP
 659:c:\program files\daisytoolchain\arm-none-eabi\include\c++\10.2.1\cmath ****   // Note: middle-end/36757 is fixed, __builtin_signbit is type-generic.
 660:c:\program files\daisytoolchain\arm-none-eabi\include\c++\10.2.1\cmath ****   constexpr bool
 661:c:\program files\daisytoolchain\arm-none-eabi\include\c++\10.2.1\cmath ****   signbit(float __x)
 662:c:\program files\daisytoolchain\arm-none-eabi\include\c++\10.2.1\cmath ****   { return __builtin_signbit(__x); }
 663:c:\program files\daisytoolchain\arm-none-eabi\include\c++\10.2.1\cmath **** 
 664:c:\program files\daisytoolchain\arm-none-eabi\include\c++\10.2.1\cmath ****   constexpr bool
 665:c:\program files\daisytoolchain\arm-none-eabi\include\c++\10.2.1\cmath ****   signbit(double __x)
 666:c:\program files\daisytoolchain\arm-none-eabi\include\c++\10.2.1\cmath ****   { return __builtin_signbit(__x); }
 667:c:\program files\daisytoolchain\arm-none-eabi\include\c++\10.2.1\cmath **** 
 668:c:\program files\daisytoolchain\arm-none-eabi\include\c++\10.2.1\cmath ****   constexpr bool
 669:c:\program files\daisytoolchain\arm-none-eabi\include\c++\10.2.1\cmath ****   signbit(long double __x)
 670:c:\program files\daisytoolchain\arm-none-eabi\include\c++\10.2.1\cmath ****   { return __builtin_signbit(__x); }
 671:c:\program files\daisytoolchain\arm-none-eabi\include\c++\10.2.1\cmath **** #endif
 672:c:\program files\daisytoolchain\arm-none-eabi\include\c++\10.2.1\cmath **** 
 673:c:\program files\daisytoolchain\arm-none-eabi\include\c++\10.2.1\cmath **** #ifndef __CORRECT_ISO_CPP11_MATH_H_PROTO_INT
 674:c:\program files\daisytoolchain\arm-none-eabi\include\c++\10.2.1\cmath ****   template<typename _Tp>
 675:c:\program files\daisytoolchain\arm-none-eabi\include\c++\10.2.1\cmath ****     constexpr typename __gnu_cxx::__enable_if<__is_integer<_Tp>::__value,
 676:c:\program files\daisytoolchain\arm-none-eabi\include\c++\10.2.1\cmath ****                                               bool>::__type
 677:c:\program files\daisytoolchain\arm-none-eabi\include\c++\10.2.1\cmath ****     signbit(_Tp __x)
 678:c:\program files\daisytoolchain\arm-none-eabi\include\c++\10.2.1\cmath ****     { return __x < 0 ? true : false; }
 679:c:\program files\daisytoolchain\arm-none-eabi\include\c++\10.2.1\cmath **** #endif
 680:c:\program files\daisytoolchain\arm-none-eabi\include\c++\10.2.1\cmath **** 
 681:c:\program files\daisytoolchain\arm-none-eabi\include\c++\10.2.1\cmath **** #ifndef __CORRECT_ISO_CPP11_MATH_H_PROTO_FP
 682:c:\program files\daisytoolchain\arm-none-eabi\include\c++\10.2.1\cmath ****   constexpr bool
 683:c:\program files\daisytoolchain\arm-none-eabi\include\c++\10.2.1\cmath ****   isgreater(float __x, float __y)
 684:c:\program files\daisytoolchain\arm-none-eabi\include\c++\10.2.1\cmath ****   { return __builtin_isgreater(__x, __y); }
 685:c:\program files\daisytoolchain\arm-none-eabi\include\c++\10.2.1\cmath **** 
 686:c:\program files\daisytoolchain\arm-none-eabi\include\c++\10.2.1\cmath ****   constexpr bool
 687:c:\program files\daisytoolchain\arm-none-eabi\include\c++\10.2.1\cmath ****   isgreater(double __x, double __y)
 688:c:\program files\daisytoolchain\arm-none-eabi\include\c++\10.2.1\cmath ****   { return __builtin_isgreater(__x, __y); }
 689:c:\program files\daisytoolchain\arm-none-eabi\include\c++\10.2.1\cmath **** 
 690:c:\program files\daisytoolchain\arm-none-eabi\include\c++\10.2.1\cmath ****   constexpr bool
 691:c:\program files\daisytoolchain\arm-none-eabi\include\c++\10.2.1\cmath ****   isgreater(long double __x, long double __y)
 692:c:\program files\daisytoolchain\arm-none-eabi\include\c++\10.2.1\cmath ****   { return __builtin_isgreater(__x, __y); }
 693:c:\program files\daisytoolchain\arm-none-eabi\include\c++\10.2.1\cmath **** #endif
 694:c:\program files\daisytoolchain\arm-none-eabi\include\c++\10.2.1\cmath **** 
 695:c:\program files\daisytoolchain\arm-none-eabi\include\c++\10.2.1\cmath **** #ifndef __CORRECT_ISO_CPP11_MATH_H_PROTO_INT
 696:c:\program files\daisytoolchain\arm-none-eabi\include\c++\10.2.1\cmath ****   template<typename _Tp, typename _Up>
 697:c:\program files\daisytoolchain\arm-none-eabi\include\c++\10.2.1\cmath ****     constexpr typename
 698:c:\program files\daisytoolchain\arm-none-eabi\include\c++\10.2.1\cmath ****     __gnu_cxx::__enable_if<(__is_arithmetic<_Tp>::__value
 699:c:\program files\daisytoolchain\arm-none-eabi\include\c++\10.2.1\cmath **** 			    && __is_arithmetic<_Up>::__value), bool>::__type
 700:c:\program files\daisytoolchain\arm-none-eabi\include\c++\10.2.1\cmath ****     isgreater(_Tp __x, _Up __y)
 701:c:\program files\daisytoolchain\arm-none-eabi\include\c++\10.2.1\cmath ****     {
 702:c:\program files\daisytoolchain\arm-none-eabi\include\c++\10.2.1\cmath ****       typedef typename __gnu_cxx::__promote_2<_Tp, _Up>::__type __type;
 703:c:\program files\daisytoolchain\arm-none-eabi\include\c++\10.2.1\cmath ****       return __builtin_isgreater(__type(__x), __type(__y));
 704:c:\program files\daisytoolchain\arm-none-eabi\include\c++\10.2.1\cmath ****     }
ARM GAS  C:\Users\aydan\AppData\Local\Temp\ccgjf6Ow.s 			page 47


 705:c:\program files\daisytoolchain\arm-none-eabi\include\c++\10.2.1\cmath **** #endif
 706:c:\program files\daisytoolchain\arm-none-eabi\include\c++\10.2.1\cmath **** 
 707:c:\program files\daisytoolchain\arm-none-eabi\include\c++\10.2.1\cmath **** #ifndef __CORRECT_ISO_CPP11_MATH_H_PROTO_FP
 708:c:\program files\daisytoolchain\arm-none-eabi\include\c++\10.2.1\cmath ****   constexpr bool
 709:c:\program files\daisytoolchain\arm-none-eabi\include\c++\10.2.1\cmath ****   isgreaterequal(float __x, float __y)
 710:c:\program files\daisytoolchain\arm-none-eabi\include\c++\10.2.1\cmath ****   { return __builtin_isgreaterequal(__x, __y); }
 711:c:\program files\daisytoolchain\arm-none-eabi\include\c++\10.2.1\cmath **** 
 712:c:\program files\daisytoolchain\arm-none-eabi\include\c++\10.2.1\cmath ****   constexpr bool
 713:c:\program files\daisytoolchain\arm-none-eabi\include\c++\10.2.1\cmath ****   isgreaterequal(double __x, double __y)
 714:c:\program files\daisytoolchain\arm-none-eabi\include\c++\10.2.1\cmath ****   { return __builtin_isgreaterequal(__x, __y); }
 715:c:\program files\daisytoolchain\arm-none-eabi\include\c++\10.2.1\cmath **** 
 716:c:\program files\daisytoolchain\arm-none-eabi\include\c++\10.2.1\cmath ****   constexpr bool
 717:c:\program files\daisytoolchain\arm-none-eabi\include\c++\10.2.1\cmath ****   isgreaterequal(long double __x, long double __y)
 718:c:\program files\daisytoolchain\arm-none-eabi\include\c++\10.2.1\cmath ****   { return __builtin_isgreaterequal(__x, __y); }
 719:c:\program files\daisytoolchain\arm-none-eabi\include\c++\10.2.1\cmath **** #endif
 720:c:\program files\daisytoolchain\arm-none-eabi\include\c++\10.2.1\cmath **** 
 721:c:\program files\daisytoolchain\arm-none-eabi\include\c++\10.2.1\cmath **** #ifndef __CORRECT_ISO_CPP11_MATH_H_PROTO_INT
 722:c:\program files\daisytoolchain\arm-none-eabi\include\c++\10.2.1\cmath ****   template<typename _Tp, typename _Up>
 723:c:\program files\daisytoolchain\arm-none-eabi\include\c++\10.2.1\cmath ****     constexpr typename
 724:c:\program files\daisytoolchain\arm-none-eabi\include\c++\10.2.1\cmath ****     __gnu_cxx::__enable_if<(__is_arithmetic<_Tp>::__value
 725:c:\program files\daisytoolchain\arm-none-eabi\include\c++\10.2.1\cmath **** 			    && __is_arithmetic<_Up>::__value), bool>::__type
 726:c:\program files\daisytoolchain\arm-none-eabi\include\c++\10.2.1\cmath ****     isgreaterequal(_Tp __x, _Up __y)
 727:c:\program files\daisytoolchain\arm-none-eabi\include\c++\10.2.1\cmath ****     {
 728:c:\program files\daisytoolchain\arm-none-eabi\include\c++\10.2.1\cmath ****       typedef typename __gnu_cxx::__promote_2<_Tp, _Up>::__type __type;
 729:c:\program files\daisytoolchain\arm-none-eabi\include\c++\10.2.1\cmath ****       return __builtin_isgreaterequal(__type(__x), __type(__y));
 730:c:\program files\daisytoolchain\arm-none-eabi\include\c++\10.2.1\cmath ****     }
 731:c:\program files\daisytoolchain\arm-none-eabi\include\c++\10.2.1\cmath **** #endif
 732:c:\program files\daisytoolchain\arm-none-eabi\include\c++\10.2.1\cmath **** 
 733:c:\program files\daisytoolchain\arm-none-eabi\include\c++\10.2.1\cmath **** #ifndef __CORRECT_ISO_CPP11_MATH_H_PROTO_FP
 734:c:\program files\daisytoolchain\arm-none-eabi\include\c++\10.2.1\cmath ****   constexpr bool
 735:c:\program files\daisytoolchain\arm-none-eabi\include\c++\10.2.1\cmath ****   isless(float __x, float __y)
 736:c:\program files\daisytoolchain\arm-none-eabi\include\c++\10.2.1\cmath ****   { return __builtin_isless(__x, __y); }
 737:c:\program files\daisytoolchain\arm-none-eabi\include\c++\10.2.1\cmath **** 
 738:c:\program files\daisytoolchain\arm-none-eabi\include\c++\10.2.1\cmath ****   constexpr bool
 739:c:\program files\daisytoolchain\arm-none-eabi\include\c++\10.2.1\cmath ****   isless(double __x, double __y)
 740:c:\program files\daisytoolchain\arm-none-eabi\include\c++\10.2.1\cmath ****   { return __builtin_isless(__x, __y); }
 741:c:\program files\daisytoolchain\arm-none-eabi\include\c++\10.2.1\cmath **** 
 742:c:\program files\daisytoolchain\arm-none-eabi\include\c++\10.2.1\cmath ****   constexpr bool
 743:c:\program files\daisytoolchain\arm-none-eabi\include\c++\10.2.1\cmath ****   isless(long double __x, long double __y)
 744:c:\program files\daisytoolchain\arm-none-eabi\include\c++\10.2.1\cmath ****   { return __builtin_isless(__x, __y); }
 745:c:\program files\daisytoolchain\arm-none-eabi\include\c++\10.2.1\cmath **** #endif
 746:c:\program files\daisytoolchain\arm-none-eabi\include\c++\10.2.1\cmath **** 
 747:c:\program files\daisytoolchain\arm-none-eabi\include\c++\10.2.1\cmath **** #ifndef __CORRECT_ISO_CPP11_MATH_H_PROTO_INT
 748:c:\program files\daisytoolchain\arm-none-eabi\include\c++\10.2.1\cmath ****   template<typename _Tp, typename _Up>
 749:c:\program files\daisytoolchain\arm-none-eabi\include\c++\10.2.1\cmath ****     constexpr typename
 750:c:\program files\daisytoolchain\arm-none-eabi\include\c++\10.2.1\cmath ****     __gnu_cxx::__enable_if<(__is_arithmetic<_Tp>::__value
 751:c:\program files\daisytoolchain\arm-none-eabi\include\c++\10.2.1\cmath **** 			    && __is_arithmetic<_Up>::__value), bool>::__type
 752:c:\program files\daisytoolchain\arm-none-eabi\include\c++\10.2.1\cmath ****     isless(_Tp __x, _Up __y)
 753:c:\program files\daisytoolchain\arm-none-eabi\include\c++\10.2.1\cmath ****     {
 754:c:\program files\daisytoolchain\arm-none-eabi\include\c++\10.2.1\cmath ****       typedef typename __gnu_cxx::__promote_2<_Tp, _Up>::__type __type;
 755:c:\program files\daisytoolchain\arm-none-eabi\include\c++\10.2.1\cmath ****       return __builtin_isless(__type(__x), __type(__y));
 756:c:\program files\daisytoolchain\arm-none-eabi\include\c++\10.2.1\cmath ****     }
 757:c:\program files\daisytoolchain\arm-none-eabi\include\c++\10.2.1\cmath **** #endif
 758:c:\program files\daisytoolchain\arm-none-eabi\include\c++\10.2.1\cmath **** 
 759:c:\program files\daisytoolchain\arm-none-eabi\include\c++\10.2.1\cmath **** #ifndef __CORRECT_ISO_CPP11_MATH_H_PROTO_FP
 760:c:\program files\daisytoolchain\arm-none-eabi\include\c++\10.2.1\cmath ****   constexpr bool
 761:c:\program files\daisytoolchain\arm-none-eabi\include\c++\10.2.1\cmath ****   islessequal(float __x, float __y)
ARM GAS  C:\Users\aydan\AppData\Local\Temp\ccgjf6Ow.s 			page 48


 762:c:\program files\daisytoolchain\arm-none-eabi\include\c++\10.2.1\cmath ****   { return __builtin_islessequal(__x, __y); }
 763:c:\program files\daisytoolchain\arm-none-eabi\include\c++\10.2.1\cmath **** 
 764:c:\program files\daisytoolchain\arm-none-eabi\include\c++\10.2.1\cmath ****   constexpr bool
 765:c:\program files\daisytoolchain\arm-none-eabi\include\c++\10.2.1\cmath ****   islessequal(double __x, double __y)
 766:c:\program files\daisytoolchain\arm-none-eabi\include\c++\10.2.1\cmath ****   { return __builtin_islessequal(__x, __y); }
 767:c:\program files\daisytoolchain\arm-none-eabi\include\c++\10.2.1\cmath **** 
 768:c:\program files\daisytoolchain\arm-none-eabi\include\c++\10.2.1\cmath ****   constexpr bool
 769:c:\program files\daisytoolchain\arm-none-eabi\include\c++\10.2.1\cmath ****   islessequal(long double __x, long double __y)
 770:c:\program files\daisytoolchain\arm-none-eabi\include\c++\10.2.1\cmath ****   { return __builtin_islessequal(__x, __y); }
 771:c:\program files\daisytoolchain\arm-none-eabi\include\c++\10.2.1\cmath **** #endif
 772:c:\program files\daisytoolchain\arm-none-eabi\include\c++\10.2.1\cmath **** 
 773:c:\program files\daisytoolchain\arm-none-eabi\include\c++\10.2.1\cmath **** #ifndef __CORRECT_ISO_CPP11_MATH_H_PROTO_INT
 774:c:\program files\daisytoolchain\arm-none-eabi\include\c++\10.2.1\cmath ****   template<typename _Tp, typename _Up>
 775:c:\program files\daisytoolchain\arm-none-eabi\include\c++\10.2.1\cmath ****     constexpr typename
 776:c:\program files\daisytoolchain\arm-none-eabi\include\c++\10.2.1\cmath ****     __gnu_cxx::__enable_if<(__is_arithmetic<_Tp>::__value
 777:c:\program files\daisytoolchain\arm-none-eabi\include\c++\10.2.1\cmath **** 			    && __is_arithmetic<_Up>::__value), bool>::__type
 778:c:\program files\daisytoolchain\arm-none-eabi\include\c++\10.2.1\cmath ****     islessequal(_Tp __x, _Up __y)
 779:c:\program files\daisytoolchain\arm-none-eabi\include\c++\10.2.1\cmath ****     {
 780:c:\program files\daisytoolchain\arm-none-eabi\include\c++\10.2.1\cmath ****       typedef typename __gnu_cxx::__promote_2<_Tp, _Up>::__type __type;
 781:c:\program files\daisytoolchain\arm-none-eabi\include\c++\10.2.1\cmath ****       return __builtin_islessequal(__type(__x), __type(__y));
 782:c:\program files\daisytoolchain\arm-none-eabi\include\c++\10.2.1\cmath ****     }
 783:c:\program files\daisytoolchain\arm-none-eabi\include\c++\10.2.1\cmath **** #endif
 784:c:\program files\daisytoolchain\arm-none-eabi\include\c++\10.2.1\cmath **** 
 785:c:\program files\daisytoolchain\arm-none-eabi\include\c++\10.2.1\cmath **** #ifndef __CORRECT_ISO_CPP11_MATH_H_PROTO_FP
 786:c:\program files\daisytoolchain\arm-none-eabi\include\c++\10.2.1\cmath ****   constexpr bool
 787:c:\program files\daisytoolchain\arm-none-eabi\include\c++\10.2.1\cmath ****   islessgreater(float __x, float __y)
 788:c:\program files\daisytoolchain\arm-none-eabi\include\c++\10.2.1\cmath ****   { return __builtin_islessgreater(__x, __y); }
 789:c:\program files\daisytoolchain\arm-none-eabi\include\c++\10.2.1\cmath **** 
 790:c:\program files\daisytoolchain\arm-none-eabi\include\c++\10.2.1\cmath ****   constexpr bool
 791:c:\program files\daisytoolchain\arm-none-eabi\include\c++\10.2.1\cmath ****   islessgreater(double __x, double __y)
 792:c:\program files\daisytoolchain\arm-none-eabi\include\c++\10.2.1\cmath ****   { return __builtin_islessgreater(__x, __y); }
 793:c:\program files\daisytoolchain\arm-none-eabi\include\c++\10.2.1\cmath **** 
 794:c:\program files\daisytoolchain\arm-none-eabi\include\c++\10.2.1\cmath ****   constexpr bool
 795:c:\program files\daisytoolchain\arm-none-eabi\include\c++\10.2.1\cmath ****   islessgreater(long double __x, long double __y)
 796:c:\program files\daisytoolchain\arm-none-eabi\include\c++\10.2.1\cmath ****   { return __builtin_islessgreater(__x, __y); }
 797:c:\program files\daisytoolchain\arm-none-eabi\include\c++\10.2.1\cmath **** #endif
 798:c:\program files\daisytoolchain\arm-none-eabi\include\c++\10.2.1\cmath **** 
 799:c:\program files\daisytoolchain\arm-none-eabi\include\c++\10.2.1\cmath **** #ifndef __CORRECT_ISO_CPP11_MATH_H_PROTO_INT
 800:c:\program files\daisytoolchain\arm-none-eabi\include\c++\10.2.1\cmath ****   template<typename _Tp, typename _Up>
 801:c:\program files\daisytoolchain\arm-none-eabi\include\c++\10.2.1\cmath ****     constexpr typename
 802:c:\program files\daisytoolchain\arm-none-eabi\include\c++\10.2.1\cmath ****     __gnu_cxx::__enable_if<(__is_arithmetic<_Tp>::__value
 803:c:\program files\daisytoolchain\arm-none-eabi\include\c++\10.2.1\cmath **** 			    && __is_arithmetic<_Up>::__value), bool>::__type
 804:c:\program files\daisytoolchain\arm-none-eabi\include\c++\10.2.1\cmath ****     islessgreater(_Tp __x, _Up __y)
 805:c:\program files\daisytoolchain\arm-none-eabi\include\c++\10.2.1\cmath ****     {
 806:c:\program files\daisytoolchain\arm-none-eabi\include\c++\10.2.1\cmath ****       typedef typename __gnu_cxx::__promote_2<_Tp, _Up>::__type __type;
 807:c:\program files\daisytoolchain\arm-none-eabi\include\c++\10.2.1\cmath ****       return __builtin_islessgreater(__type(__x), __type(__y));
 808:c:\program files\daisytoolchain\arm-none-eabi\include\c++\10.2.1\cmath ****     }
 809:c:\program files\daisytoolchain\arm-none-eabi\include\c++\10.2.1\cmath **** #endif
 810:c:\program files\daisytoolchain\arm-none-eabi\include\c++\10.2.1\cmath **** 
 811:c:\program files\daisytoolchain\arm-none-eabi\include\c++\10.2.1\cmath **** #ifndef __CORRECT_ISO_CPP11_MATH_H_PROTO_FP
 812:c:\program files\daisytoolchain\arm-none-eabi\include\c++\10.2.1\cmath ****   constexpr bool
 813:c:\program files\daisytoolchain\arm-none-eabi\include\c++\10.2.1\cmath ****   isunordered(float __x, float __y)
 814:c:\program files\daisytoolchain\arm-none-eabi\include\c++\10.2.1\cmath ****   { return __builtin_isunordered(__x, __y); }
 815:c:\program files\daisytoolchain\arm-none-eabi\include\c++\10.2.1\cmath **** 
 816:c:\program files\daisytoolchain\arm-none-eabi\include\c++\10.2.1\cmath ****   constexpr bool
 817:c:\program files\daisytoolchain\arm-none-eabi\include\c++\10.2.1\cmath ****   isunordered(double __x, double __y)
 818:c:\program files\daisytoolchain\arm-none-eabi\include\c++\10.2.1\cmath ****   { return __builtin_isunordered(__x, __y); }
ARM GAS  C:\Users\aydan\AppData\Local\Temp\ccgjf6Ow.s 			page 49


 819:c:\program files\daisytoolchain\arm-none-eabi\include\c++\10.2.1\cmath **** 
 820:c:\program files\daisytoolchain\arm-none-eabi\include\c++\10.2.1\cmath ****   constexpr bool
 821:c:\program files\daisytoolchain\arm-none-eabi\include\c++\10.2.1\cmath ****   isunordered(long double __x, long double __y)
 822:c:\program files\daisytoolchain\arm-none-eabi\include\c++\10.2.1\cmath ****   { return __builtin_isunordered(__x, __y); }
 823:c:\program files\daisytoolchain\arm-none-eabi\include\c++\10.2.1\cmath **** #endif
 824:c:\program files\daisytoolchain\arm-none-eabi\include\c++\10.2.1\cmath **** 
 825:c:\program files\daisytoolchain\arm-none-eabi\include\c++\10.2.1\cmath **** #ifndef __CORRECT_ISO_CPP11_MATH_H_PROTO_INT
 826:c:\program files\daisytoolchain\arm-none-eabi\include\c++\10.2.1\cmath ****   template<typename _Tp, typename _Up>
 827:c:\program files\daisytoolchain\arm-none-eabi\include\c++\10.2.1\cmath ****     constexpr typename
 828:c:\program files\daisytoolchain\arm-none-eabi\include\c++\10.2.1\cmath ****     __gnu_cxx::__enable_if<(__is_arithmetic<_Tp>::__value
 829:c:\program files\daisytoolchain\arm-none-eabi\include\c++\10.2.1\cmath **** 			    && __is_arithmetic<_Up>::__value), bool>::__type
 830:c:\program files\daisytoolchain\arm-none-eabi\include\c++\10.2.1\cmath ****     isunordered(_Tp __x, _Up __y)
 831:c:\program files\daisytoolchain\arm-none-eabi\include\c++\10.2.1\cmath ****     {
 832:c:\program files\daisytoolchain\arm-none-eabi\include\c++\10.2.1\cmath ****       typedef typename __gnu_cxx::__promote_2<_Tp, _Up>::__type __type;
 833:c:\program files\daisytoolchain\arm-none-eabi\include\c++\10.2.1\cmath ****       return __builtin_isunordered(__type(__x), __type(__y));
 834:c:\program files\daisytoolchain\arm-none-eabi\include\c++\10.2.1\cmath ****     }
 835:c:\program files\daisytoolchain\arm-none-eabi\include\c++\10.2.1\cmath **** #endif
 836:c:\program files\daisytoolchain\arm-none-eabi\include\c++\10.2.1\cmath **** 
 837:c:\program files\daisytoolchain\arm-none-eabi\include\c++\10.2.1\cmath **** #else
 838:c:\program files\daisytoolchain\arm-none-eabi\include\c++\10.2.1\cmath **** 
 839:c:\program files\daisytoolchain\arm-none-eabi\include\c++\10.2.1\cmath ****   template<typename _Tp>
 840:c:\program files\daisytoolchain\arm-none-eabi\include\c++\10.2.1\cmath ****     inline typename __gnu_cxx::__enable_if<__is_arithmetic<_Tp>::__value,
 841:c:\program files\daisytoolchain\arm-none-eabi\include\c++\10.2.1\cmath **** 					   int>::__type
 842:c:\program files\daisytoolchain\arm-none-eabi\include\c++\10.2.1\cmath ****     fpclassify(_Tp __f)
 843:c:\program files\daisytoolchain\arm-none-eabi\include\c++\10.2.1\cmath ****     {
 844:c:\program files\daisytoolchain\arm-none-eabi\include\c++\10.2.1\cmath ****       typedef typename __gnu_cxx::__promote<_Tp>::__type __type;
 845:c:\program files\daisytoolchain\arm-none-eabi\include\c++\10.2.1\cmath ****       return __builtin_fpclassify(FP_NAN, FP_INFINITE, FP_NORMAL,
 846:c:\program files\daisytoolchain\arm-none-eabi\include\c++\10.2.1\cmath **** 				  FP_SUBNORMAL, FP_ZERO, __type(__f));
 847:c:\program files\daisytoolchain\arm-none-eabi\include\c++\10.2.1\cmath ****     }
 848:c:\program files\daisytoolchain\arm-none-eabi\include\c++\10.2.1\cmath **** 
 849:c:\program files\daisytoolchain\arm-none-eabi\include\c++\10.2.1\cmath ****   template<typename _Tp>
 850:c:\program files\daisytoolchain\arm-none-eabi\include\c++\10.2.1\cmath ****     inline typename __gnu_cxx::__enable_if<__is_arithmetic<_Tp>::__value,
 851:c:\program files\daisytoolchain\arm-none-eabi\include\c++\10.2.1\cmath **** 					   int>::__type
 852:c:\program files\daisytoolchain\arm-none-eabi\include\c++\10.2.1\cmath ****     isfinite(_Tp __f)
 853:c:\program files\daisytoolchain\arm-none-eabi\include\c++\10.2.1\cmath ****     {
 854:c:\program files\daisytoolchain\arm-none-eabi\include\c++\10.2.1\cmath ****       typedef typename __gnu_cxx::__promote<_Tp>::__type __type;
 855:c:\program files\daisytoolchain\arm-none-eabi\include\c++\10.2.1\cmath ****       return __builtin_isfinite(__type(__f));
 856:c:\program files\daisytoolchain\arm-none-eabi\include\c++\10.2.1\cmath ****     }
 857:c:\program files\daisytoolchain\arm-none-eabi\include\c++\10.2.1\cmath **** 
 858:c:\program files\daisytoolchain\arm-none-eabi\include\c++\10.2.1\cmath ****   template<typename _Tp>
 859:c:\program files\daisytoolchain\arm-none-eabi\include\c++\10.2.1\cmath ****     inline typename __gnu_cxx::__enable_if<__is_arithmetic<_Tp>::__value,
 860:c:\program files\daisytoolchain\arm-none-eabi\include\c++\10.2.1\cmath **** 					   int>::__type
 861:c:\program files\daisytoolchain\arm-none-eabi\include\c++\10.2.1\cmath ****     isinf(_Tp __f)
 862:c:\program files\daisytoolchain\arm-none-eabi\include\c++\10.2.1\cmath ****     {
 863:c:\program files\daisytoolchain\arm-none-eabi\include\c++\10.2.1\cmath ****       typedef typename __gnu_cxx::__promote<_Tp>::__type __type;
 864:c:\program files\daisytoolchain\arm-none-eabi\include\c++\10.2.1\cmath ****       return __builtin_isinf(__type(__f));
 865:c:\program files\daisytoolchain\arm-none-eabi\include\c++\10.2.1\cmath ****     }
 866:c:\program files\daisytoolchain\arm-none-eabi\include\c++\10.2.1\cmath **** 
 867:c:\program files\daisytoolchain\arm-none-eabi\include\c++\10.2.1\cmath ****   template<typename _Tp>
 868:c:\program files\daisytoolchain\arm-none-eabi\include\c++\10.2.1\cmath ****     inline typename __gnu_cxx::__enable_if<__is_arithmetic<_Tp>::__value,
 869:c:\program files\daisytoolchain\arm-none-eabi\include\c++\10.2.1\cmath **** 					   int>::__type
 870:c:\program files\daisytoolchain\arm-none-eabi\include\c++\10.2.1\cmath ****     isnan(_Tp __f)
 871:c:\program files\daisytoolchain\arm-none-eabi\include\c++\10.2.1\cmath ****     {
 872:c:\program files\daisytoolchain\arm-none-eabi\include\c++\10.2.1\cmath ****       typedef typename __gnu_cxx::__promote<_Tp>::__type __type;
 873:c:\program files\daisytoolchain\arm-none-eabi\include\c++\10.2.1\cmath ****       return __builtin_isnan(__type(__f));
 874:c:\program files\daisytoolchain\arm-none-eabi\include\c++\10.2.1\cmath ****     }
 875:c:\program files\daisytoolchain\arm-none-eabi\include\c++\10.2.1\cmath **** 
ARM GAS  C:\Users\aydan\AppData\Local\Temp\ccgjf6Ow.s 			page 50


 876:c:\program files\daisytoolchain\arm-none-eabi\include\c++\10.2.1\cmath ****   template<typename _Tp>
 877:c:\program files\daisytoolchain\arm-none-eabi\include\c++\10.2.1\cmath ****     inline typename __gnu_cxx::__enable_if<__is_arithmetic<_Tp>::__value,
 878:c:\program files\daisytoolchain\arm-none-eabi\include\c++\10.2.1\cmath **** 					   int>::__type
 879:c:\program files\daisytoolchain\arm-none-eabi\include\c++\10.2.1\cmath ****     isnormal(_Tp __f)
 880:c:\program files\daisytoolchain\arm-none-eabi\include\c++\10.2.1\cmath ****     {
 881:c:\program files\daisytoolchain\arm-none-eabi\include\c++\10.2.1\cmath ****       typedef typename __gnu_cxx::__promote<_Tp>::__type __type;
 882:c:\program files\daisytoolchain\arm-none-eabi\include\c++\10.2.1\cmath ****       return __builtin_isnormal(__type(__f));
 883:c:\program files\daisytoolchain\arm-none-eabi\include\c++\10.2.1\cmath ****     }
 884:c:\program files\daisytoolchain\arm-none-eabi\include\c++\10.2.1\cmath **** 
 885:c:\program files\daisytoolchain\arm-none-eabi\include\c++\10.2.1\cmath ****   template<typename _Tp>
 886:c:\program files\daisytoolchain\arm-none-eabi\include\c++\10.2.1\cmath ****     inline typename __gnu_cxx::__enable_if<__is_arithmetic<_Tp>::__value,
 887:c:\program files\daisytoolchain\arm-none-eabi\include\c++\10.2.1\cmath **** 					   int>::__type
 888:c:\program files\daisytoolchain\arm-none-eabi\include\c++\10.2.1\cmath ****     signbit(_Tp __f)
 889:c:\program files\daisytoolchain\arm-none-eabi\include\c++\10.2.1\cmath ****     {
 890:c:\program files\daisytoolchain\arm-none-eabi\include\c++\10.2.1\cmath ****       typedef typename __gnu_cxx::__promote<_Tp>::__type __type;
 891:c:\program files\daisytoolchain\arm-none-eabi\include\c++\10.2.1\cmath ****       return __builtin_signbit(__type(__f));
 892:c:\program files\daisytoolchain\arm-none-eabi\include\c++\10.2.1\cmath ****     }
 893:c:\program files\daisytoolchain\arm-none-eabi\include\c++\10.2.1\cmath **** 
 894:c:\program files\daisytoolchain\arm-none-eabi\include\c++\10.2.1\cmath ****   template<typename _Tp>
 895:c:\program files\daisytoolchain\arm-none-eabi\include\c++\10.2.1\cmath ****     inline typename __gnu_cxx::__enable_if<__is_arithmetic<_Tp>::__value,
 896:c:\program files\daisytoolchain\arm-none-eabi\include\c++\10.2.1\cmath **** 					   int>::__type
 897:c:\program files\daisytoolchain\arm-none-eabi\include\c++\10.2.1\cmath ****     isgreater(_Tp __f1, _Tp __f2)
 898:c:\program files\daisytoolchain\arm-none-eabi\include\c++\10.2.1\cmath ****     {
 899:c:\program files\daisytoolchain\arm-none-eabi\include\c++\10.2.1\cmath ****       typedef typename __gnu_cxx::__promote<_Tp>::__type __type;
 900:c:\program files\daisytoolchain\arm-none-eabi\include\c++\10.2.1\cmath ****       return __builtin_isgreater(__type(__f1), __type(__f2));
 901:c:\program files\daisytoolchain\arm-none-eabi\include\c++\10.2.1\cmath ****     }
 902:c:\program files\daisytoolchain\arm-none-eabi\include\c++\10.2.1\cmath **** 
 903:c:\program files\daisytoolchain\arm-none-eabi\include\c++\10.2.1\cmath ****   template<typename _Tp>
 904:c:\program files\daisytoolchain\arm-none-eabi\include\c++\10.2.1\cmath ****     inline typename __gnu_cxx::__enable_if<__is_arithmetic<_Tp>::__value,
 905:c:\program files\daisytoolchain\arm-none-eabi\include\c++\10.2.1\cmath **** 					   int>::__type
 906:c:\program files\daisytoolchain\arm-none-eabi\include\c++\10.2.1\cmath ****     isgreaterequal(_Tp __f1, _Tp __f2)
 907:c:\program files\daisytoolchain\arm-none-eabi\include\c++\10.2.1\cmath ****     {
 908:c:\program files\daisytoolchain\arm-none-eabi\include\c++\10.2.1\cmath ****       typedef typename __gnu_cxx::__promote<_Tp>::__type __type;
 909:c:\program files\daisytoolchain\arm-none-eabi\include\c++\10.2.1\cmath ****       return __builtin_isgreaterequal(__type(__f1), __type(__f2));
 910:c:\program files\daisytoolchain\arm-none-eabi\include\c++\10.2.1\cmath ****     }
 911:c:\program files\daisytoolchain\arm-none-eabi\include\c++\10.2.1\cmath **** 
 912:c:\program files\daisytoolchain\arm-none-eabi\include\c++\10.2.1\cmath ****   template<typename _Tp>
 913:c:\program files\daisytoolchain\arm-none-eabi\include\c++\10.2.1\cmath ****     inline typename __gnu_cxx::__enable_if<__is_arithmetic<_Tp>::__value,
 914:c:\program files\daisytoolchain\arm-none-eabi\include\c++\10.2.1\cmath **** 					   int>::__type
 915:c:\program files\daisytoolchain\arm-none-eabi\include\c++\10.2.1\cmath ****     isless(_Tp __f1, _Tp __f2)
 916:c:\program files\daisytoolchain\arm-none-eabi\include\c++\10.2.1\cmath ****     {
 917:c:\program files\daisytoolchain\arm-none-eabi\include\c++\10.2.1\cmath ****       typedef typename __gnu_cxx::__promote<_Tp>::__type __type;
 918:c:\program files\daisytoolchain\arm-none-eabi\include\c++\10.2.1\cmath ****       return __builtin_isless(__type(__f1), __type(__f2));
 919:c:\program files\daisytoolchain\arm-none-eabi\include\c++\10.2.1\cmath ****     }
 920:c:\program files\daisytoolchain\arm-none-eabi\include\c++\10.2.1\cmath **** 
 921:c:\program files\daisytoolchain\arm-none-eabi\include\c++\10.2.1\cmath ****   template<typename _Tp>
 922:c:\program files\daisytoolchain\arm-none-eabi\include\c++\10.2.1\cmath ****     inline typename __gnu_cxx::__enable_if<__is_arithmetic<_Tp>::__value,
 923:c:\program files\daisytoolchain\arm-none-eabi\include\c++\10.2.1\cmath **** 					   int>::__type
 924:c:\program files\daisytoolchain\arm-none-eabi\include\c++\10.2.1\cmath ****     islessequal(_Tp __f1, _Tp __f2)
 925:c:\program files\daisytoolchain\arm-none-eabi\include\c++\10.2.1\cmath ****     {
 926:c:\program files\daisytoolchain\arm-none-eabi\include\c++\10.2.1\cmath ****       typedef typename __gnu_cxx::__promote<_Tp>::__type __type;
 927:c:\program files\daisytoolchain\arm-none-eabi\include\c++\10.2.1\cmath ****       return __builtin_islessequal(__type(__f1), __type(__f2));
 928:c:\program files\daisytoolchain\arm-none-eabi\include\c++\10.2.1\cmath ****     }
 929:c:\program files\daisytoolchain\arm-none-eabi\include\c++\10.2.1\cmath **** 
 930:c:\program files\daisytoolchain\arm-none-eabi\include\c++\10.2.1\cmath ****   template<typename _Tp>
 931:c:\program files\daisytoolchain\arm-none-eabi\include\c++\10.2.1\cmath ****     inline typename __gnu_cxx::__enable_if<__is_arithmetic<_Tp>::__value,
 932:c:\program files\daisytoolchain\arm-none-eabi\include\c++\10.2.1\cmath **** 					   int>::__type
ARM GAS  C:\Users\aydan\AppData\Local\Temp\ccgjf6Ow.s 			page 51


 933:c:\program files\daisytoolchain\arm-none-eabi\include\c++\10.2.1\cmath ****     islessgreater(_Tp __f1, _Tp __f2)
 934:c:\program files\daisytoolchain\arm-none-eabi\include\c++\10.2.1\cmath ****     {
 935:c:\program files\daisytoolchain\arm-none-eabi\include\c++\10.2.1\cmath ****       typedef typename __gnu_cxx::__promote<_Tp>::__type __type;
 936:c:\program files\daisytoolchain\arm-none-eabi\include\c++\10.2.1\cmath ****       return __builtin_islessgreater(__type(__f1), __type(__f2));
 937:c:\program files\daisytoolchain\arm-none-eabi\include\c++\10.2.1\cmath ****     }
 938:c:\program files\daisytoolchain\arm-none-eabi\include\c++\10.2.1\cmath **** 
 939:c:\program files\daisytoolchain\arm-none-eabi\include\c++\10.2.1\cmath ****   template<typename _Tp>
 940:c:\program files\daisytoolchain\arm-none-eabi\include\c++\10.2.1\cmath ****     inline typename __gnu_cxx::__enable_if<__is_arithmetic<_Tp>::__value,
 941:c:\program files\daisytoolchain\arm-none-eabi\include\c++\10.2.1\cmath **** 					   int>::__type
 942:c:\program files\daisytoolchain\arm-none-eabi\include\c++\10.2.1\cmath ****     isunordered(_Tp __f1, _Tp __f2)
 943:c:\program files\daisytoolchain\arm-none-eabi\include\c++\10.2.1\cmath ****     {
 944:c:\program files\daisytoolchain\arm-none-eabi\include\c++\10.2.1\cmath ****       typedef typename __gnu_cxx::__promote<_Tp>::__type __type;
 945:c:\program files\daisytoolchain\arm-none-eabi\include\c++\10.2.1\cmath ****       return __builtin_isunordered(__type(__f1), __type(__f2));
 946:c:\program files\daisytoolchain\arm-none-eabi\include\c++\10.2.1\cmath ****     }
 947:c:\program files\daisytoolchain\arm-none-eabi\include\c++\10.2.1\cmath **** 
 948:c:\program files\daisytoolchain\arm-none-eabi\include\c++\10.2.1\cmath **** #endif // C++11
 949:c:\program files\daisytoolchain\arm-none-eabi\include\c++\10.2.1\cmath **** #endif /* _GLIBCXX_USE_C99_FP_MACROS_DYNAMIC */
 950:c:\program files\daisytoolchain\arm-none-eabi\include\c++\10.2.1\cmath **** #endif /* _GLIBCXX_USE_C99_MATH */
 951:c:\program files\daisytoolchain\arm-none-eabi\include\c++\10.2.1\cmath **** 
 952:c:\program files\daisytoolchain\arm-none-eabi\include\c++\10.2.1\cmath **** #if __cplusplus >= 201103L
 953:c:\program files\daisytoolchain\arm-none-eabi\include\c++\10.2.1\cmath **** 
 954:c:\program files\daisytoolchain\arm-none-eabi\include\c++\10.2.1\cmath **** #ifdef _GLIBCXX_USE_C99_MATH_TR1
 955:c:\program files\daisytoolchain\arm-none-eabi\include\c++\10.2.1\cmath **** 
 956:c:\program files\daisytoolchain\arm-none-eabi\include\c++\10.2.1\cmath **** #undef acosh
 957:c:\program files\daisytoolchain\arm-none-eabi\include\c++\10.2.1\cmath **** #undef acoshf
 958:c:\program files\daisytoolchain\arm-none-eabi\include\c++\10.2.1\cmath **** #undef acoshl
 959:c:\program files\daisytoolchain\arm-none-eabi\include\c++\10.2.1\cmath **** #undef asinh
 960:c:\program files\daisytoolchain\arm-none-eabi\include\c++\10.2.1\cmath **** #undef asinhf
 961:c:\program files\daisytoolchain\arm-none-eabi\include\c++\10.2.1\cmath **** #undef asinhl
 962:c:\program files\daisytoolchain\arm-none-eabi\include\c++\10.2.1\cmath **** #undef atanh
 963:c:\program files\daisytoolchain\arm-none-eabi\include\c++\10.2.1\cmath **** #undef atanhf
 964:c:\program files\daisytoolchain\arm-none-eabi\include\c++\10.2.1\cmath **** #undef atanhl
 965:c:\program files\daisytoolchain\arm-none-eabi\include\c++\10.2.1\cmath **** #undef cbrt
 966:c:\program files\daisytoolchain\arm-none-eabi\include\c++\10.2.1\cmath **** #undef cbrtf
 967:c:\program files\daisytoolchain\arm-none-eabi\include\c++\10.2.1\cmath **** #undef cbrtl
 968:c:\program files\daisytoolchain\arm-none-eabi\include\c++\10.2.1\cmath **** #undef copysign
 969:c:\program files\daisytoolchain\arm-none-eabi\include\c++\10.2.1\cmath **** #undef copysignf
 970:c:\program files\daisytoolchain\arm-none-eabi\include\c++\10.2.1\cmath **** #undef copysignl
 971:c:\program files\daisytoolchain\arm-none-eabi\include\c++\10.2.1\cmath **** #undef erf
 972:c:\program files\daisytoolchain\arm-none-eabi\include\c++\10.2.1\cmath **** #undef erff
 973:c:\program files\daisytoolchain\arm-none-eabi\include\c++\10.2.1\cmath **** #undef erfl
 974:c:\program files\daisytoolchain\arm-none-eabi\include\c++\10.2.1\cmath **** #undef erfc
 975:c:\program files\daisytoolchain\arm-none-eabi\include\c++\10.2.1\cmath **** #undef erfcf
 976:c:\program files\daisytoolchain\arm-none-eabi\include\c++\10.2.1\cmath **** #undef erfcl
 977:c:\program files\daisytoolchain\arm-none-eabi\include\c++\10.2.1\cmath **** #undef exp2
 978:c:\program files\daisytoolchain\arm-none-eabi\include\c++\10.2.1\cmath **** #undef exp2f
 979:c:\program files\daisytoolchain\arm-none-eabi\include\c++\10.2.1\cmath **** #undef exp2l
 980:c:\program files\daisytoolchain\arm-none-eabi\include\c++\10.2.1\cmath **** #undef expm1
 981:c:\program files\daisytoolchain\arm-none-eabi\include\c++\10.2.1\cmath **** #undef expm1f
 982:c:\program files\daisytoolchain\arm-none-eabi\include\c++\10.2.1\cmath **** #undef expm1l
 983:c:\program files\daisytoolchain\arm-none-eabi\include\c++\10.2.1\cmath **** #undef fdim
 984:c:\program files\daisytoolchain\arm-none-eabi\include\c++\10.2.1\cmath **** #undef fdimf
 985:c:\program files\daisytoolchain\arm-none-eabi\include\c++\10.2.1\cmath **** #undef fdiml
 986:c:\program files\daisytoolchain\arm-none-eabi\include\c++\10.2.1\cmath **** #undef fma
 987:c:\program files\daisytoolchain\arm-none-eabi\include\c++\10.2.1\cmath **** #undef fmaf
 988:c:\program files\daisytoolchain\arm-none-eabi\include\c++\10.2.1\cmath **** #undef fmal
 989:c:\program files\daisytoolchain\arm-none-eabi\include\c++\10.2.1\cmath **** #undef fmax
ARM GAS  C:\Users\aydan\AppData\Local\Temp\ccgjf6Ow.s 			page 52


 990:c:\program files\daisytoolchain\arm-none-eabi\include\c++\10.2.1\cmath **** #undef fmaxf
 991:c:\program files\daisytoolchain\arm-none-eabi\include\c++\10.2.1\cmath **** #undef fmaxl
 992:c:\program files\daisytoolchain\arm-none-eabi\include\c++\10.2.1\cmath **** #undef fmin
 993:c:\program files\daisytoolchain\arm-none-eabi\include\c++\10.2.1\cmath **** #undef fminf
 994:c:\program files\daisytoolchain\arm-none-eabi\include\c++\10.2.1\cmath **** #undef fminl
 995:c:\program files\daisytoolchain\arm-none-eabi\include\c++\10.2.1\cmath **** #undef hypot
 996:c:\program files\daisytoolchain\arm-none-eabi\include\c++\10.2.1\cmath **** #undef hypotf
 997:c:\program files\daisytoolchain\arm-none-eabi\include\c++\10.2.1\cmath **** #undef hypotl
 998:c:\program files\daisytoolchain\arm-none-eabi\include\c++\10.2.1\cmath **** #undef ilogb
 999:c:\program files\daisytoolchain\arm-none-eabi\include\c++\10.2.1\cmath **** #undef ilogbf
1000:c:\program files\daisytoolchain\arm-none-eabi\include\c++\10.2.1\cmath **** #undef ilogbl
1001:c:\program files\daisytoolchain\arm-none-eabi\include\c++\10.2.1\cmath **** #undef lgamma
1002:c:\program files\daisytoolchain\arm-none-eabi\include\c++\10.2.1\cmath **** #undef lgammaf
1003:c:\program files\daisytoolchain\arm-none-eabi\include\c++\10.2.1\cmath **** #undef lgammal
1004:c:\program files\daisytoolchain\arm-none-eabi\include\c++\10.2.1\cmath **** #ifndef _GLIBCXX_NO_C99_ROUNDING_FUNCS
1005:c:\program files\daisytoolchain\arm-none-eabi\include\c++\10.2.1\cmath **** #undef llrint
1006:c:\program files\daisytoolchain\arm-none-eabi\include\c++\10.2.1\cmath **** #undef llrintf
1007:c:\program files\daisytoolchain\arm-none-eabi\include\c++\10.2.1\cmath **** #undef llrintl
1008:c:\program files\daisytoolchain\arm-none-eabi\include\c++\10.2.1\cmath **** #undef llround
1009:c:\program files\daisytoolchain\arm-none-eabi\include\c++\10.2.1\cmath **** #undef llroundf
1010:c:\program files\daisytoolchain\arm-none-eabi\include\c++\10.2.1\cmath **** #undef llroundl
1011:c:\program files\daisytoolchain\arm-none-eabi\include\c++\10.2.1\cmath **** #endif
1012:c:\program files\daisytoolchain\arm-none-eabi\include\c++\10.2.1\cmath **** #undef log1p
1013:c:\program files\daisytoolchain\arm-none-eabi\include\c++\10.2.1\cmath **** #undef log1pf
1014:c:\program files\daisytoolchain\arm-none-eabi\include\c++\10.2.1\cmath **** #undef log1pl
1015:c:\program files\daisytoolchain\arm-none-eabi\include\c++\10.2.1\cmath **** #undef log2
1016:c:\program files\daisytoolchain\arm-none-eabi\include\c++\10.2.1\cmath **** #undef log2f
1017:c:\program files\daisytoolchain\arm-none-eabi\include\c++\10.2.1\cmath **** #undef log2l
1018:c:\program files\daisytoolchain\arm-none-eabi\include\c++\10.2.1\cmath **** #undef logb
1019:c:\program files\daisytoolchain\arm-none-eabi\include\c++\10.2.1\cmath **** #undef logbf
1020:c:\program files\daisytoolchain\arm-none-eabi\include\c++\10.2.1\cmath **** #undef logbl
1021:c:\program files\daisytoolchain\arm-none-eabi\include\c++\10.2.1\cmath **** #undef lrint
1022:c:\program files\daisytoolchain\arm-none-eabi\include\c++\10.2.1\cmath **** #undef lrintf
1023:c:\program files\daisytoolchain\arm-none-eabi\include\c++\10.2.1\cmath **** #undef lrintl
1024:c:\program files\daisytoolchain\arm-none-eabi\include\c++\10.2.1\cmath **** #undef lround
1025:c:\program files\daisytoolchain\arm-none-eabi\include\c++\10.2.1\cmath **** #undef lroundf
1026:c:\program files\daisytoolchain\arm-none-eabi\include\c++\10.2.1\cmath **** #undef lroundl
1027:c:\program files\daisytoolchain\arm-none-eabi\include\c++\10.2.1\cmath **** #undef nan
1028:c:\program files\daisytoolchain\arm-none-eabi\include\c++\10.2.1\cmath **** #undef nanf
1029:c:\program files\daisytoolchain\arm-none-eabi\include\c++\10.2.1\cmath **** #undef nanl
1030:c:\program files\daisytoolchain\arm-none-eabi\include\c++\10.2.1\cmath **** #undef nearbyint
1031:c:\program files\daisytoolchain\arm-none-eabi\include\c++\10.2.1\cmath **** #undef nearbyintf
1032:c:\program files\daisytoolchain\arm-none-eabi\include\c++\10.2.1\cmath **** #undef nearbyintl
1033:c:\program files\daisytoolchain\arm-none-eabi\include\c++\10.2.1\cmath **** #undef nextafter
1034:c:\program files\daisytoolchain\arm-none-eabi\include\c++\10.2.1\cmath **** #undef nextafterf
1035:c:\program files\daisytoolchain\arm-none-eabi\include\c++\10.2.1\cmath **** #undef nextafterl
1036:c:\program files\daisytoolchain\arm-none-eabi\include\c++\10.2.1\cmath **** #undef nexttoward
1037:c:\program files\daisytoolchain\arm-none-eabi\include\c++\10.2.1\cmath **** #undef nexttowardf
1038:c:\program files\daisytoolchain\arm-none-eabi\include\c++\10.2.1\cmath **** #undef nexttowardl
1039:c:\program files\daisytoolchain\arm-none-eabi\include\c++\10.2.1\cmath **** #undef remainder
1040:c:\program files\daisytoolchain\arm-none-eabi\include\c++\10.2.1\cmath **** #undef remainderf
1041:c:\program files\daisytoolchain\arm-none-eabi\include\c++\10.2.1\cmath **** #undef remainderl
1042:c:\program files\daisytoolchain\arm-none-eabi\include\c++\10.2.1\cmath **** #undef remquo
1043:c:\program files\daisytoolchain\arm-none-eabi\include\c++\10.2.1\cmath **** #undef remquof
1044:c:\program files\daisytoolchain\arm-none-eabi\include\c++\10.2.1\cmath **** #undef remquol
1045:c:\program files\daisytoolchain\arm-none-eabi\include\c++\10.2.1\cmath **** #undef rint
1046:c:\program files\daisytoolchain\arm-none-eabi\include\c++\10.2.1\cmath **** #undef rintf
ARM GAS  C:\Users\aydan\AppData\Local\Temp\ccgjf6Ow.s 			page 53


1047:c:\program files\daisytoolchain\arm-none-eabi\include\c++\10.2.1\cmath **** #undef rintl
1048:c:\program files\daisytoolchain\arm-none-eabi\include\c++\10.2.1\cmath **** #undef round
1049:c:\program files\daisytoolchain\arm-none-eabi\include\c++\10.2.1\cmath **** #undef roundf
1050:c:\program files\daisytoolchain\arm-none-eabi\include\c++\10.2.1\cmath **** #undef roundl
1051:c:\program files\daisytoolchain\arm-none-eabi\include\c++\10.2.1\cmath **** #undef scalbln
1052:c:\program files\daisytoolchain\arm-none-eabi\include\c++\10.2.1\cmath **** #undef scalblnf
1053:c:\program files\daisytoolchain\arm-none-eabi\include\c++\10.2.1\cmath **** #undef scalblnl
1054:c:\program files\daisytoolchain\arm-none-eabi\include\c++\10.2.1\cmath **** #undef scalbn
1055:c:\program files\daisytoolchain\arm-none-eabi\include\c++\10.2.1\cmath **** #undef scalbnf
1056:c:\program files\daisytoolchain\arm-none-eabi\include\c++\10.2.1\cmath **** #undef scalbnl
1057:c:\program files\daisytoolchain\arm-none-eabi\include\c++\10.2.1\cmath **** #undef tgamma
1058:c:\program files\daisytoolchain\arm-none-eabi\include\c++\10.2.1\cmath **** #undef tgammaf
1059:c:\program files\daisytoolchain\arm-none-eabi\include\c++\10.2.1\cmath **** #undef tgammal
1060:c:\program files\daisytoolchain\arm-none-eabi\include\c++\10.2.1\cmath **** #undef trunc
1061:c:\program files\daisytoolchain\arm-none-eabi\include\c++\10.2.1\cmath **** #undef truncf
1062:c:\program files\daisytoolchain\arm-none-eabi\include\c++\10.2.1\cmath **** #undef truncl
1063:c:\program files\daisytoolchain\arm-none-eabi\include\c++\10.2.1\cmath **** 
1064:c:\program files\daisytoolchain\arm-none-eabi\include\c++\10.2.1\cmath ****   // types
1065:c:\program files\daisytoolchain\arm-none-eabi\include\c++\10.2.1\cmath ****   using ::double_t;
1066:c:\program files\daisytoolchain\arm-none-eabi\include\c++\10.2.1\cmath ****   using ::float_t;
1067:c:\program files\daisytoolchain\arm-none-eabi\include\c++\10.2.1\cmath **** 
1068:c:\program files\daisytoolchain\arm-none-eabi\include\c++\10.2.1\cmath ****   // functions
1069:c:\program files\daisytoolchain\arm-none-eabi\include\c++\10.2.1\cmath ****   using ::acosh;
1070:c:\program files\daisytoolchain\arm-none-eabi\include\c++\10.2.1\cmath ****   using ::acoshf;
1071:c:\program files\daisytoolchain\arm-none-eabi\include\c++\10.2.1\cmath ****   using ::acoshl;
1072:c:\program files\daisytoolchain\arm-none-eabi\include\c++\10.2.1\cmath **** 
1073:c:\program files\daisytoolchain\arm-none-eabi\include\c++\10.2.1\cmath ****   using ::asinh;
1074:c:\program files\daisytoolchain\arm-none-eabi\include\c++\10.2.1\cmath ****   using ::asinhf;
1075:c:\program files\daisytoolchain\arm-none-eabi\include\c++\10.2.1\cmath ****   using ::asinhl;
1076:c:\program files\daisytoolchain\arm-none-eabi\include\c++\10.2.1\cmath **** 
1077:c:\program files\daisytoolchain\arm-none-eabi\include\c++\10.2.1\cmath ****   using ::atanh;
1078:c:\program files\daisytoolchain\arm-none-eabi\include\c++\10.2.1\cmath ****   using ::atanhf;
1079:c:\program files\daisytoolchain\arm-none-eabi\include\c++\10.2.1\cmath ****   using ::atanhl;
1080:c:\program files\daisytoolchain\arm-none-eabi\include\c++\10.2.1\cmath **** 
1081:c:\program files\daisytoolchain\arm-none-eabi\include\c++\10.2.1\cmath ****   using ::cbrt;
1082:c:\program files\daisytoolchain\arm-none-eabi\include\c++\10.2.1\cmath ****   using ::cbrtf;
1083:c:\program files\daisytoolchain\arm-none-eabi\include\c++\10.2.1\cmath ****   using ::cbrtl;
1084:c:\program files\daisytoolchain\arm-none-eabi\include\c++\10.2.1\cmath **** 
1085:c:\program files\daisytoolchain\arm-none-eabi\include\c++\10.2.1\cmath ****   using ::copysign;
1086:c:\program files\daisytoolchain\arm-none-eabi\include\c++\10.2.1\cmath ****   using ::copysignf;
1087:c:\program files\daisytoolchain\arm-none-eabi\include\c++\10.2.1\cmath ****   using ::copysignl;
1088:c:\program files\daisytoolchain\arm-none-eabi\include\c++\10.2.1\cmath **** 
1089:c:\program files\daisytoolchain\arm-none-eabi\include\c++\10.2.1\cmath ****   using ::erf;
1090:c:\program files\daisytoolchain\arm-none-eabi\include\c++\10.2.1\cmath ****   using ::erff;
1091:c:\program files\daisytoolchain\arm-none-eabi\include\c++\10.2.1\cmath ****   using ::erfl;
1092:c:\program files\daisytoolchain\arm-none-eabi\include\c++\10.2.1\cmath **** 
1093:c:\program files\daisytoolchain\arm-none-eabi\include\c++\10.2.1\cmath ****   using ::erfc;
1094:c:\program files\daisytoolchain\arm-none-eabi\include\c++\10.2.1\cmath ****   using ::erfcf;
1095:c:\program files\daisytoolchain\arm-none-eabi\include\c++\10.2.1\cmath ****   using ::erfcl;
1096:c:\program files\daisytoolchain\arm-none-eabi\include\c++\10.2.1\cmath **** 
1097:c:\program files\daisytoolchain\arm-none-eabi\include\c++\10.2.1\cmath ****   using ::exp2;
1098:c:\program files\daisytoolchain\arm-none-eabi\include\c++\10.2.1\cmath ****   using ::exp2f;
1099:c:\program files\daisytoolchain\arm-none-eabi\include\c++\10.2.1\cmath ****   using ::exp2l;
1100:c:\program files\daisytoolchain\arm-none-eabi\include\c++\10.2.1\cmath **** 
1101:c:\program files\daisytoolchain\arm-none-eabi\include\c++\10.2.1\cmath ****   using ::expm1;
1102:c:\program files\daisytoolchain\arm-none-eabi\include\c++\10.2.1\cmath ****   using ::expm1f;
1103:c:\program files\daisytoolchain\arm-none-eabi\include\c++\10.2.1\cmath ****   using ::expm1l;
ARM GAS  C:\Users\aydan\AppData\Local\Temp\ccgjf6Ow.s 			page 54


1104:c:\program files\daisytoolchain\arm-none-eabi\include\c++\10.2.1\cmath **** 
1105:c:\program files\daisytoolchain\arm-none-eabi\include\c++\10.2.1\cmath ****   using ::fdim;
1106:c:\program files\daisytoolchain\arm-none-eabi\include\c++\10.2.1\cmath ****   using ::fdimf;
1107:c:\program files\daisytoolchain\arm-none-eabi\include\c++\10.2.1\cmath ****   using ::fdiml;
1108:c:\program files\daisytoolchain\arm-none-eabi\include\c++\10.2.1\cmath **** 
1109:c:\program files\daisytoolchain\arm-none-eabi\include\c++\10.2.1\cmath ****   using ::fma;
1110:c:\program files\daisytoolchain\arm-none-eabi\include\c++\10.2.1\cmath ****   using ::fmaf;
1111:c:\program files\daisytoolchain\arm-none-eabi\include\c++\10.2.1\cmath ****   using ::fmal;
1112:c:\program files\daisytoolchain\arm-none-eabi\include\c++\10.2.1\cmath **** 
1113:c:\program files\daisytoolchain\arm-none-eabi\include\c++\10.2.1\cmath ****   using ::fmax;
1114:c:\program files\daisytoolchain\arm-none-eabi\include\c++\10.2.1\cmath ****   using ::fmaxf;
1115:c:\program files\daisytoolchain\arm-none-eabi\include\c++\10.2.1\cmath ****   using ::fmaxl;
1116:c:\program files\daisytoolchain\arm-none-eabi\include\c++\10.2.1\cmath **** 
1117:c:\program files\daisytoolchain\arm-none-eabi\include\c++\10.2.1\cmath ****   using ::fmin;
1118:c:\program files\daisytoolchain\arm-none-eabi\include\c++\10.2.1\cmath ****   using ::fminf;
1119:c:\program files\daisytoolchain\arm-none-eabi\include\c++\10.2.1\cmath ****   using ::fminl;
1120:c:\program files\daisytoolchain\arm-none-eabi\include\c++\10.2.1\cmath **** 
1121:c:\program files\daisytoolchain\arm-none-eabi\include\c++\10.2.1\cmath ****   using ::hypot;
1122:c:\program files\daisytoolchain\arm-none-eabi\include\c++\10.2.1\cmath ****   using ::hypotf;
1123:c:\program files\daisytoolchain\arm-none-eabi\include\c++\10.2.1\cmath ****   using ::hypotl;
1124:c:\program files\daisytoolchain\arm-none-eabi\include\c++\10.2.1\cmath **** 
1125:c:\program files\daisytoolchain\arm-none-eabi\include\c++\10.2.1\cmath ****   using ::ilogb;
1126:c:\program files\daisytoolchain\arm-none-eabi\include\c++\10.2.1\cmath ****   using ::ilogbf;
1127:c:\program files\daisytoolchain\arm-none-eabi\include\c++\10.2.1\cmath ****   using ::ilogbl;
1128:c:\program files\daisytoolchain\arm-none-eabi\include\c++\10.2.1\cmath **** 
1129:c:\program files\daisytoolchain\arm-none-eabi\include\c++\10.2.1\cmath ****   using ::lgamma;
1130:c:\program files\daisytoolchain\arm-none-eabi\include\c++\10.2.1\cmath ****   using ::lgammaf;
1131:c:\program files\daisytoolchain\arm-none-eabi\include\c++\10.2.1\cmath ****   using ::lgammal;
1132:c:\program files\daisytoolchain\arm-none-eabi\include\c++\10.2.1\cmath **** 
1133:c:\program files\daisytoolchain\arm-none-eabi\include\c++\10.2.1\cmath **** #ifndef _GLIBCXX_NO_C99_ROUNDING_FUNCS
1134:c:\program files\daisytoolchain\arm-none-eabi\include\c++\10.2.1\cmath ****   using ::llrint;
1135:c:\program files\daisytoolchain\arm-none-eabi\include\c++\10.2.1\cmath ****   using ::llrintf;
1136:c:\program files\daisytoolchain\arm-none-eabi\include\c++\10.2.1\cmath ****   using ::llrintl;
1137:c:\program files\daisytoolchain\arm-none-eabi\include\c++\10.2.1\cmath **** 
1138:c:\program files\daisytoolchain\arm-none-eabi\include\c++\10.2.1\cmath ****   using ::llround;
1139:c:\program files\daisytoolchain\arm-none-eabi\include\c++\10.2.1\cmath ****   using ::llroundf;
1140:c:\program files\daisytoolchain\arm-none-eabi\include\c++\10.2.1\cmath ****   using ::llroundl;
1141:c:\program files\daisytoolchain\arm-none-eabi\include\c++\10.2.1\cmath **** #endif
1142:c:\program files\daisytoolchain\arm-none-eabi\include\c++\10.2.1\cmath **** 
1143:c:\program files\daisytoolchain\arm-none-eabi\include\c++\10.2.1\cmath ****   using ::log1p;
1144:c:\program files\daisytoolchain\arm-none-eabi\include\c++\10.2.1\cmath ****   using ::log1pf;
1145:c:\program files\daisytoolchain\arm-none-eabi\include\c++\10.2.1\cmath ****   using ::log1pl;
1146:c:\program files\daisytoolchain\arm-none-eabi\include\c++\10.2.1\cmath **** 
1147:c:\program files\daisytoolchain\arm-none-eabi\include\c++\10.2.1\cmath ****   using ::log2;
1148:c:\program files\daisytoolchain\arm-none-eabi\include\c++\10.2.1\cmath ****   using ::log2f;
1149:c:\program files\daisytoolchain\arm-none-eabi\include\c++\10.2.1\cmath ****   using ::log2l;
1150:c:\program files\daisytoolchain\arm-none-eabi\include\c++\10.2.1\cmath **** 
1151:c:\program files\daisytoolchain\arm-none-eabi\include\c++\10.2.1\cmath ****   using ::logb;
1152:c:\program files\daisytoolchain\arm-none-eabi\include\c++\10.2.1\cmath ****   using ::logbf;
1153:c:\program files\daisytoolchain\arm-none-eabi\include\c++\10.2.1\cmath ****   using ::logbl;
1154:c:\program files\daisytoolchain\arm-none-eabi\include\c++\10.2.1\cmath **** 
1155:c:\program files\daisytoolchain\arm-none-eabi\include\c++\10.2.1\cmath ****   using ::lrint;
1156:c:\program files\daisytoolchain\arm-none-eabi\include\c++\10.2.1\cmath ****   using ::lrintf;
1157:c:\program files\daisytoolchain\arm-none-eabi\include\c++\10.2.1\cmath ****   using ::lrintl;
1158:c:\program files\daisytoolchain\arm-none-eabi\include\c++\10.2.1\cmath **** 
1159:c:\program files\daisytoolchain\arm-none-eabi\include\c++\10.2.1\cmath ****   using ::lround;
1160:c:\program files\daisytoolchain\arm-none-eabi\include\c++\10.2.1\cmath ****   using ::lroundf;
ARM GAS  C:\Users\aydan\AppData\Local\Temp\ccgjf6Ow.s 			page 55


1161:c:\program files\daisytoolchain\arm-none-eabi\include\c++\10.2.1\cmath ****   using ::lroundl;
1162:c:\program files\daisytoolchain\arm-none-eabi\include\c++\10.2.1\cmath **** 
1163:c:\program files\daisytoolchain\arm-none-eabi\include\c++\10.2.1\cmath ****   using ::nan;
1164:c:\program files\daisytoolchain\arm-none-eabi\include\c++\10.2.1\cmath ****   using ::nanf;
1165:c:\program files\daisytoolchain\arm-none-eabi\include\c++\10.2.1\cmath ****   using ::nanl;
1166:c:\program files\daisytoolchain\arm-none-eabi\include\c++\10.2.1\cmath **** 
1167:c:\program files\daisytoolchain\arm-none-eabi\include\c++\10.2.1\cmath ****   using ::nearbyint;
1168:c:\program files\daisytoolchain\arm-none-eabi\include\c++\10.2.1\cmath ****   using ::nearbyintf;
1169:c:\program files\daisytoolchain\arm-none-eabi\include\c++\10.2.1\cmath ****   using ::nearbyintl;
1170:c:\program files\daisytoolchain\arm-none-eabi\include\c++\10.2.1\cmath **** 
1171:c:\program files\daisytoolchain\arm-none-eabi\include\c++\10.2.1\cmath ****   using ::nextafter;
1172:c:\program files\daisytoolchain\arm-none-eabi\include\c++\10.2.1\cmath ****   using ::nextafterf;
1173:c:\program files\daisytoolchain\arm-none-eabi\include\c++\10.2.1\cmath ****   using ::nextafterl;
1174:c:\program files\daisytoolchain\arm-none-eabi\include\c++\10.2.1\cmath **** 
1175:c:\program files\daisytoolchain\arm-none-eabi\include\c++\10.2.1\cmath ****   using ::nexttoward;
1176:c:\program files\daisytoolchain\arm-none-eabi\include\c++\10.2.1\cmath ****   using ::nexttowardf;
1177:c:\program files\daisytoolchain\arm-none-eabi\include\c++\10.2.1\cmath ****   using ::nexttowardl;
1178:c:\program files\daisytoolchain\arm-none-eabi\include\c++\10.2.1\cmath **** 
1179:c:\program files\daisytoolchain\arm-none-eabi\include\c++\10.2.1\cmath ****   using ::remainder;
1180:c:\program files\daisytoolchain\arm-none-eabi\include\c++\10.2.1\cmath ****   using ::remainderf;
1181:c:\program files\daisytoolchain\arm-none-eabi\include\c++\10.2.1\cmath ****   using ::remainderl;
1182:c:\program files\daisytoolchain\arm-none-eabi\include\c++\10.2.1\cmath **** 
1183:c:\program files\daisytoolchain\arm-none-eabi\include\c++\10.2.1\cmath ****   using ::remquo;
1184:c:\program files\daisytoolchain\arm-none-eabi\include\c++\10.2.1\cmath ****   using ::remquof;
1185:c:\program files\daisytoolchain\arm-none-eabi\include\c++\10.2.1\cmath ****   using ::remquol;
1186:c:\program files\daisytoolchain\arm-none-eabi\include\c++\10.2.1\cmath **** 
1187:c:\program files\daisytoolchain\arm-none-eabi\include\c++\10.2.1\cmath ****   using ::rint;
1188:c:\program files\daisytoolchain\arm-none-eabi\include\c++\10.2.1\cmath ****   using ::rintf;
1189:c:\program files\daisytoolchain\arm-none-eabi\include\c++\10.2.1\cmath ****   using ::rintl;
1190:c:\program files\daisytoolchain\arm-none-eabi\include\c++\10.2.1\cmath **** 
1191:c:\program files\daisytoolchain\arm-none-eabi\include\c++\10.2.1\cmath ****   using ::round;
1192:c:\program files\daisytoolchain\arm-none-eabi\include\c++\10.2.1\cmath ****   using ::roundf;
1193:c:\program files\daisytoolchain\arm-none-eabi\include\c++\10.2.1\cmath ****   using ::roundl;
1194:c:\program files\daisytoolchain\arm-none-eabi\include\c++\10.2.1\cmath **** 
1195:c:\program files\daisytoolchain\arm-none-eabi\include\c++\10.2.1\cmath ****   using ::scalbln;
1196:c:\program files\daisytoolchain\arm-none-eabi\include\c++\10.2.1\cmath ****   using ::scalblnf;
1197:c:\program files\daisytoolchain\arm-none-eabi\include\c++\10.2.1\cmath ****   using ::scalblnl;
1198:c:\program files\daisytoolchain\arm-none-eabi\include\c++\10.2.1\cmath **** 
1199:c:\program files\daisytoolchain\arm-none-eabi\include\c++\10.2.1\cmath ****   using ::scalbn;
1200:c:\program files\daisytoolchain\arm-none-eabi\include\c++\10.2.1\cmath ****   using ::scalbnf;
1201:c:\program files\daisytoolchain\arm-none-eabi\include\c++\10.2.1\cmath ****   using ::scalbnl;
1202:c:\program files\daisytoolchain\arm-none-eabi\include\c++\10.2.1\cmath **** 
1203:c:\program files\daisytoolchain\arm-none-eabi\include\c++\10.2.1\cmath ****   using ::tgamma;
1204:c:\program files\daisytoolchain\arm-none-eabi\include\c++\10.2.1\cmath ****   using ::tgammaf;
1205:c:\program files\daisytoolchain\arm-none-eabi\include\c++\10.2.1\cmath ****   using ::tgammal;
1206:c:\program files\daisytoolchain\arm-none-eabi\include\c++\10.2.1\cmath **** 
1207:c:\program files\daisytoolchain\arm-none-eabi\include\c++\10.2.1\cmath ****   using ::trunc;
1208:c:\program files\daisytoolchain\arm-none-eabi\include\c++\10.2.1\cmath ****   using ::truncf;
1209:c:\program files\daisytoolchain\arm-none-eabi\include\c++\10.2.1\cmath ****   using ::truncl;
1210:c:\program files\daisytoolchain\arm-none-eabi\include\c++\10.2.1\cmath **** 
1211:c:\program files\daisytoolchain\arm-none-eabi\include\c++\10.2.1\cmath ****   /// Additional overloads.
1212:c:\program files\daisytoolchain\arm-none-eabi\include\c++\10.2.1\cmath **** #ifndef __CORRECT_ISO_CPP11_MATH_H_PROTO_FP
1213:c:\program files\daisytoolchain\arm-none-eabi\include\c++\10.2.1\cmath ****   constexpr float
1214:c:\program files\daisytoolchain\arm-none-eabi\include\c++\10.2.1\cmath ****   acosh(float __x)
1215:c:\program files\daisytoolchain\arm-none-eabi\include\c++\10.2.1\cmath ****   { return __builtin_acoshf(__x); }
1216:c:\program files\daisytoolchain\arm-none-eabi\include\c++\10.2.1\cmath **** 
1217:c:\program files\daisytoolchain\arm-none-eabi\include\c++\10.2.1\cmath ****   constexpr long double
ARM GAS  C:\Users\aydan\AppData\Local\Temp\ccgjf6Ow.s 			page 56


1218:c:\program files\daisytoolchain\arm-none-eabi\include\c++\10.2.1\cmath ****   acosh(long double __x)
1219:c:\program files\daisytoolchain\arm-none-eabi\include\c++\10.2.1\cmath ****   { return __builtin_acoshl(__x); }
1220:c:\program files\daisytoolchain\arm-none-eabi\include\c++\10.2.1\cmath **** #endif
1221:c:\program files\daisytoolchain\arm-none-eabi\include\c++\10.2.1\cmath **** 
1222:c:\program files\daisytoolchain\arm-none-eabi\include\c++\10.2.1\cmath **** #ifndef __CORRECT_ISO_CPP11_MATH_H_PROTO_INT
1223:c:\program files\daisytoolchain\arm-none-eabi\include\c++\10.2.1\cmath ****   template<typename _Tp>
1224:c:\program files\daisytoolchain\arm-none-eabi\include\c++\10.2.1\cmath ****     constexpr typename __gnu_cxx::__enable_if<__is_integer<_Tp>::__value, 
1225:c:\program files\daisytoolchain\arm-none-eabi\include\c++\10.2.1\cmath ****                                               double>::__type
1226:c:\program files\daisytoolchain\arm-none-eabi\include\c++\10.2.1\cmath ****     acosh(_Tp __x)
1227:c:\program files\daisytoolchain\arm-none-eabi\include\c++\10.2.1\cmath ****     { return __builtin_acosh(__x); }
1228:c:\program files\daisytoolchain\arm-none-eabi\include\c++\10.2.1\cmath **** #endif
1229:c:\program files\daisytoolchain\arm-none-eabi\include\c++\10.2.1\cmath **** 
1230:c:\program files\daisytoolchain\arm-none-eabi\include\c++\10.2.1\cmath **** #ifndef __CORRECT_ISO_CPP11_MATH_H_PROTO_FP
1231:c:\program files\daisytoolchain\arm-none-eabi\include\c++\10.2.1\cmath ****   constexpr float
1232:c:\program files\daisytoolchain\arm-none-eabi\include\c++\10.2.1\cmath ****   asinh(float __x)
1233:c:\program files\daisytoolchain\arm-none-eabi\include\c++\10.2.1\cmath ****   { return __builtin_asinhf(__x); }
1234:c:\program files\daisytoolchain\arm-none-eabi\include\c++\10.2.1\cmath **** 
1235:c:\program files\daisytoolchain\arm-none-eabi\include\c++\10.2.1\cmath ****   constexpr long double
1236:c:\program files\daisytoolchain\arm-none-eabi\include\c++\10.2.1\cmath ****   asinh(long double __x)
1237:c:\program files\daisytoolchain\arm-none-eabi\include\c++\10.2.1\cmath ****   { return __builtin_asinhl(__x); }
1238:c:\program files\daisytoolchain\arm-none-eabi\include\c++\10.2.1\cmath **** #endif
1239:c:\program files\daisytoolchain\arm-none-eabi\include\c++\10.2.1\cmath **** 
1240:c:\program files\daisytoolchain\arm-none-eabi\include\c++\10.2.1\cmath **** #ifndef __CORRECT_ISO_CPP11_MATH_H_PROTO_INT
1241:c:\program files\daisytoolchain\arm-none-eabi\include\c++\10.2.1\cmath ****   template<typename _Tp>
1242:c:\program files\daisytoolchain\arm-none-eabi\include\c++\10.2.1\cmath ****     constexpr typename __gnu_cxx::__enable_if<__is_integer<_Tp>::__value, 
1243:c:\program files\daisytoolchain\arm-none-eabi\include\c++\10.2.1\cmath ****                                               double>::__type
1244:c:\program files\daisytoolchain\arm-none-eabi\include\c++\10.2.1\cmath ****     asinh(_Tp __x)
1245:c:\program files\daisytoolchain\arm-none-eabi\include\c++\10.2.1\cmath ****     { return __builtin_asinh(__x); }
1246:c:\program files\daisytoolchain\arm-none-eabi\include\c++\10.2.1\cmath **** #endif
1247:c:\program files\daisytoolchain\arm-none-eabi\include\c++\10.2.1\cmath **** 
1248:c:\program files\daisytoolchain\arm-none-eabi\include\c++\10.2.1\cmath **** #ifndef __CORRECT_ISO_CPP11_MATH_H_PROTO_FP
1249:c:\program files\daisytoolchain\arm-none-eabi\include\c++\10.2.1\cmath ****   constexpr float
1250:c:\program files\daisytoolchain\arm-none-eabi\include\c++\10.2.1\cmath ****   atanh(float __x)
1251:c:\program files\daisytoolchain\arm-none-eabi\include\c++\10.2.1\cmath ****   { return __builtin_atanhf(__x); }
1252:c:\program files\daisytoolchain\arm-none-eabi\include\c++\10.2.1\cmath **** 
1253:c:\program files\daisytoolchain\arm-none-eabi\include\c++\10.2.1\cmath ****   constexpr long double
1254:c:\program files\daisytoolchain\arm-none-eabi\include\c++\10.2.1\cmath ****   atanh(long double __x)
1255:c:\program files\daisytoolchain\arm-none-eabi\include\c++\10.2.1\cmath ****   { return __builtin_atanhl(__x); }
1256:c:\program files\daisytoolchain\arm-none-eabi\include\c++\10.2.1\cmath **** #endif
1257:c:\program files\daisytoolchain\arm-none-eabi\include\c++\10.2.1\cmath **** 
1258:c:\program files\daisytoolchain\arm-none-eabi\include\c++\10.2.1\cmath **** #ifndef __CORRECT_ISO_CPP11_MATH_H_PROTO_INT
1259:c:\program files\daisytoolchain\arm-none-eabi\include\c++\10.2.1\cmath ****   template<typename _Tp>
1260:c:\program files\daisytoolchain\arm-none-eabi\include\c++\10.2.1\cmath ****     constexpr typename __gnu_cxx::__enable_if<__is_integer<_Tp>::__value, 
1261:c:\program files\daisytoolchain\arm-none-eabi\include\c++\10.2.1\cmath ****                                               double>::__type
1262:c:\program files\daisytoolchain\arm-none-eabi\include\c++\10.2.1\cmath ****     atanh(_Tp __x)
1263:c:\program files\daisytoolchain\arm-none-eabi\include\c++\10.2.1\cmath ****     { return __builtin_atanh(__x); }
1264:c:\program files\daisytoolchain\arm-none-eabi\include\c++\10.2.1\cmath **** #endif
1265:c:\program files\daisytoolchain\arm-none-eabi\include\c++\10.2.1\cmath **** 
1266:c:\program files\daisytoolchain\arm-none-eabi\include\c++\10.2.1\cmath **** #ifndef __CORRECT_ISO_CPP11_MATH_H_PROTO_FP
1267:c:\program files\daisytoolchain\arm-none-eabi\include\c++\10.2.1\cmath ****   constexpr float
1268:c:\program files\daisytoolchain\arm-none-eabi\include\c++\10.2.1\cmath ****   cbrt(float __x)
1269:c:\program files\daisytoolchain\arm-none-eabi\include\c++\10.2.1\cmath ****   { return __builtin_cbrtf(__x); }
1270:c:\program files\daisytoolchain\arm-none-eabi\include\c++\10.2.1\cmath **** 
1271:c:\program files\daisytoolchain\arm-none-eabi\include\c++\10.2.1\cmath ****   constexpr long double
1272:c:\program files\daisytoolchain\arm-none-eabi\include\c++\10.2.1\cmath ****   cbrt(long double __x)
1273:c:\program files\daisytoolchain\arm-none-eabi\include\c++\10.2.1\cmath ****   { return __builtin_cbrtl(__x); }
1274:c:\program files\daisytoolchain\arm-none-eabi\include\c++\10.2.1\cmath **** #endif
ARM GAS  C:\Users\aydan\AppData\Local\Temp\ccgjf6Ow.s 			page 57


1275:c:\program files\daisytoolchain\arm-none-eabi\include\c++\10.2.1\cmath **** 
1276:c:\program files\daisytoolchain\arm-none-eabi\include\c++\10.2.1\cmath **** #ifndef __CORRECT_ISO_CPP11_MATH_H_PROTO_INT
1277:c:\program files\daisytoolchain\arm-none-eabi\include\c++\10.2.1\cmath ****   template<typename _Tp>
1278:c:\program files\daisytoolchain\arm-none-eabi\include\c++\10.2.1\cmath ****     constexpr typename __gnu_cxx::__enable_if<__is_integer<_Tp>::__value, 
1279:c:\program files\daisytoolchain\arm-none-eabi\include\c++\10.2.1\cmath ****                                               double>::__type
1280:c:\program files\daisytoolchain\arm-none-eabi\include\c++\10.2.1\cmath ****     cbrt(_Tp __x)
1281:c:\program files\daisytoolchain\arm-none-eabi\include\c++\10.2.1\cmath ****     { return __builtin_cbrt(__x); }
1282:c:\program files\daisytoolchain\arm-none-eabi\include\c++\10.2.1\cmath **** #endif
1283:c:\program files\daisytoolchain\arm-none-eabi\include\c++\10.2.1\cmath **** 
1284:c:\program files\daisytoolchain\arm-none-eabi\include\c++\10.2.1\cmath **** #ifndef __CORRECT_ISO_CPP11_MATH_H_PROTO_FP
1285:c:\program files\daisytoolchain\arm-none-eabi\include\c++\10.2.1\cmath ****   constexpr float
1286:c:\program files\daisytoolchain\arm-none-eabi\include\c++\10.2.1\cmath ****   copysign(float __x, float __y)
1287:c:\program files\daisytoolchain\arm-none-eabi\include\c++\10.2.1\cmath ****   { return __builtin_copysignf(__x, __y); }
1288:c:\program files\daisytoolchain\arm-none-eabi\include\c++\10.2.1\cmath **** 
1289:c:\program files\daisytoolchain\arm-none-eabi\include\c++\10.2.1\cmath ****   constexpr long double
1290:c:\program files\daisytoolchain\arm-none-eabi\include\c++\10.2.1\cmath ****   copysign(long double __x, long double __y)
1291:c:\program files\daisytoolchain\arm-none-eabi\include\c++\10.2.1\cmath ****   { return __builtin_copysignl(__x, __y); }
1292:c:\program files\daisytoolchain\arm-none-eabi\include\c++\10.2.1\cmath **** #endif
1293:c:\program files\daisytoolchain\arm-none-eabi\include\c++\10.2.1\cmath **** 
1294:c:\program files\daisytoolchain\arm-none-eabi\include\c++\10.2.1\cmath **** #ifndef __CORRECT_ISO_CPP11_MATH_H_PROTO_INT
1295:c:\program files\daisytoolchain\arm-none-eabi\include\c++\10.2.1\cmath ****   template<typename _Tp, typename _Up>
1296:c:\program files\daisytoolchain\arm-none-eabi\include\c++\10.2.1\cmath ****     constexpr typename __gnu_cxx::__promote_2<_Tp, _Up>::__type
1297:c:\program files\daisytoolchain\arm-none-eabi\include\c++\10.2.1\cmath ****     copysign(_Tp __x, _Up __y)
1298:c:\program files\daisytoolchain\arm-none-eabi\include\c++\10.2.1\cmath ****     {
1299:c:\program files\daisytoolchain\arm-none-eabi\include\c++\10.2.1\cmath ****       typedef typename __gnu_cxx::__promote_2<_Tp, _Up>::__type __type;
1300:c:\program files\daisytoolchain\arm-none-eabi\include\c++\10.2.1\cmath ****       return copysign(__type(__x), __type(__y));
1301:c:\program files\daisytoolchain\arm-none-eabi\include\c++\10.2.1\cmath ****     }
1302:c:\program files\daisytoolchain\arm-none-eabi\include\c++\10.2.1\cmath **** #endif
1303:c:\program files\daisytoolchain\arm-none-eabi\include\c++\10.2.1\cmath **** 
1304:c:\program files\daisytoolchain\arm-none-eabi\include\c++\10.2.1\cmath **** #ifndef __CORRECT_ISO_CPP11_MATH_H_PROTO_FP
1305:c:\program files\daisytoolchain\arm-none-eabi\include\c++\10.2.1\cmath ****   constexpr float
1306:c:\program files\daisytoolchain\arm-none-eabi\include\c++\10.2.1\cmath ****   erf(float __x)
1307:c:\program files\daisytoolchain\arm-none-eabi\include\c++\10.2.1\cmath ****   { return __builtin_erff(__x); }
1308:c:\program files\daisytoolchain\arm-none-eabi\include\c++\10.2.1\cmath **** 
1309:c:\program files\daisytoolchain\arm-none-eabi\include\c++\10.2.1\cmath ****   constexpr long double
1310:c:\program files\daisytoolchain\arm-none-eabi\include\c++\10.2.1\cmath ****   erf(long double __x)
1311:c:\program files\daisytoolchain\arm-none-eabi\include\c++\10.2.1\cmath ****   { return __builtin_erfl(__x); }
1312:c:\program files\daisytoolchain\arm-none-eabi\include\c++\10.2.1\cmath **** #endif
1313:c:\program files\daisytoolchain\arm-none-eabi\include\c++\10.2.1\cmath **** 
1314:c:\program files\daisytoolchain\arm-none-eabi\include\c++\10.2.1\cmath **** #ifndef __CORRECT_ISO_CPP11_MATH_H_PROTO_INT
1315:c:\program files\daisytoolchain\arm-none-eabi\include\c++\10.2.1\cmath ****   template<typename _Tp>
1316:c:\program files\daisytoolchain\arm-none-eabi\include\c++\10.2.1\cmath ****     constexpr typename __gnu_cxx::__enable_if<__is_integer<_Tp>::__value, 
1317:c:\program files\daisytoolchain\arm-none-eabi\include\c++\10.2.1\cmath ****                                               double>::__type
1318:c:\program files\daisytoolchain\arm-none-eabi\include\c++\10.2.1\cmath ****     erf(_Tp __x)
1319:c:\program files\daisytoolchain\arm-none-eabi\include\c++\10.2.1\cmath ****     { return __builtin_erf(__x); }
1320:c:\program files\daisytoolchain\arm-none-eabi\include\c++\10.2.1\cmath **** #endif
1321:c:\program files\daisytoolchain\arm-none-eabi\include\c++\10.2.1\cmath **** 
1322:c:\program files\daisytoolchain\arm-none-eabi\include\c++\10.2.1\cmath **** #ifndef __CORRECT_ISO_CPP11_MATH_H_PROTO_FP
1323:c:\program files\daisytoolchain\arm-none-eabi\include\c++\10.2.1\cmath ****   constexpr float
1324:c:\program files\daisytoolchain\arm-none-eabi\include\c++\10.2.1\cmath ****   erfc(float __x)
1325:c:\program files\daisytoolchain\arm-none-eabi\include\c++\10.2.1\cmath ****   { return __builtin_erfcf(__x); }
1326:c:\program files\daisytoolchain\arm-none-eabi\include\c++\10.2.1\cmath **** 
1327:c:\program files\daisytoolchain\arm-none-eabi\include\c++\10.2.1\cmath ****   constexpr long double
1328:c:\program files\daisytoolchain\arm-none-eabi\include\c++\10.2.1\cmath ****   erfc(long double __x)
1329:c:\program files\daisytoolchain\arm-none-eabi\include\c++\10.2.1\cmath ****   { return __builtin_erfcl(__x); }
1330:c:\program files\daisytoolchain\arm-none-eabi\include\c++\10.2.1\cmath **** #endif
1331:c:\program files\daisytoolchain\arm-none-eabi\include\c++\10.2.1\cmath **** 
ARM GAS  C:\Users\aydan\AppData\Local\Temp\ccgjf6Ow.s 			page 58


1332:c:\program files\daisytoolchain\arm-none-eabi\include\c++\10.2.1\cmath **** #ifndef __CORRECT_ISO_CPP11_MATH_H_PROTO_INT
1333:c:\program files\daisytoolchain\arm-none-eabi\include\c++\10.2.1\cmath ****   template<typename _Tp>
1334:c:\program files\daisytoolchain\arm-none-eabi\include\c++\10.2.1\cmath ****     constexpr typename __gnu_cxx::__enable_if<__is_integer<_Tp>::__value, 
1335:c:\program files\daisytoolchain\arm-none-eabi\include\c++\10.2.1\cmath ****                                               double>::__type
1336:c:\program files\daisytoolchain\arm-none-eabi\include\c++\10.2.1\cmath ****     erfc(_Tp __x)
1337:c:\program files\daisytoolchain\arm-none-eabi\include\c++\10.2.1\cmath ****     { return __builtin_erfc(__x); }
1338:c:\program files\daisytoolchain\arm-none-eabi\include\c++\10.2.1\cmath **** #endif
1339:c:\program files\daisytoolchain\arm-none-eabi\include\c++\10.2.1\cmath **** 
1340:c:\program files\daisytoolchain\arm-none-eabi\include\c++\10.2.1\cmath **** #ifndef __CORRECT_ISO_CPP11_MATH_H_PROTO_FP
1341:c:\program files\daisytoolchain\arm-none-eabi\include\c++\10.2.1\cmath ****   constexpr float
1342:c:\program files\daisytoolchain\arm-none-eabi\include\c++\10.2.1\cmath ****   exp2(float __x)
1343:c:\program files\daisytoolchain\arm-none-eabi\include\c++\10.2.1\cmath ****   { return __builtin_exp2f(__x); }
1344:c:\program files\daisytoolchain\arm-none-eabi\include\c++\10.2.1\cmath **** 
1345:c:\program files\daisytoolchain\arm-none-eabi\include\c++\10.2.1\cmath ****   constexpr long double
1346:c:\program files\daisytoolchain\arm-none-eabi\include\c++\10.2.1\cmath ****   exp2(long double __x)
1347:c:\program files\daisytoolchain\arm-none-eabi\include\c++\10.2.1\cmath ****   { return __builtin_exp2l(__x); }
1348:c:\program files\daisytoolchain\arm-none-eabi\include\c++\10.2.1\cmath **** #endif
1349:c:\program files\daisytoolchain\arm-none-eabi\include\c++\10.2.1\cmath **** 
1350:c:\program files\daisytoolchain\arm-none-eabi\include\c++\10.2.1\cmath **** #ifndef __CORRECT_ISO_CPP11_MATH_H_PROTO_INT
1351:c:\program files\daisytoolchain\arm-none-eabi\include\c++\10.2.1\cmath ****   template<typename _Tp>
1352:c:\program files\daisytoolchain\arm-none-eabi\include\c++\10.2.1\cmath ****     constexpr typename __gnu_cxx::__enable_if<__is_integer<_Tp>::__value, 
1353:c:\program files\daisytoolchain\arm-none-eabi\include\c++\10.2.1\cmath ****                                               double>::__type
1354:c:\program files\daisytoolchain\arm-none-eabi\include\c++\10.2.1\cmath ****     exp2(_Tp __x)
1355:c:\program files\daisytoolchain\arm-none-eabi\include\c++\10.2.1\cmath ****     { return __builtin_exp2(__x); }
1356:c:\program files\daisytoolchain\arm-none-eabi\include\c++\10.2.1\cmath **** #endif
1357:c:\program files\daisytoolchain\arm-none-eabi\include\c++\10.2.1\cmath **** 
1358:c:\program files\daisytoolchain\arm-none-eabi\include\c++\10.2.1\cmath **** #ifndef __CORRECT_ISO_CPP11_MATH_H_PROTO_FP
1359:c:\program files\daisytoolchain\arm-none-eabi\include\c++\10.2.1\cmath ****   constexpr float
1360:c:\program files\daisytoolchain\arm-none-eabi\include\c++\10.2.1\cmath ****   expm1(float __x)
1361:c:\program files\daisytoolchain\arm-none-eabi\include\c++\10.2.1\cmath ****   { return __builtin_expm1f(__x); }
1362:c:\program files\daisytoolchain\arm-none-eabi\include\c++\10.2.1\cmath **** 
1363:c:\program files\daisytoolchain\arm-none-eabi\include\c++\10.2.1\cmath ****   constexpr long double
1364:c:\program files\daisytoolchain\arm-none-eabi\include\c++\10.2.1\cmath ****   expm1(long double __x)
1365:c:\program files\daisytoolchain\arm-none-eabi\include\c++\10.2.1\cmath ****   { return __builtin_expm1l(__x); }
1366:c:\program files\daisytoolchain\arm-none-eabi\include\c++\10.2.1\cmath **** #endif
1367:c:\program files\daisytoolchain\arm-none-eabi\include\c++\10.2.1\cmath **** 
1368:c:\program files\daisytoolchain\arm-none-eabi\include\c++\10.2.1\cmath **** #ifndef __CORRECT_ISO_CPP11_MATH_H_PROTO_INT
1369:c:\program files\daisytoolchain\arm-none-eabi\include\c++\10.2.1\cmath ****   template<typename _Tp>
1370:c:\program files\daisytoolchain\arm-none-eabi\include\c++\10.2.1\cmath ****     constexpr typename __gnu_cxx::__enable_if<__is_integer<_Tp>::__value, 
1371:c:\program files\daisytoolchain\arm-none-eabi\include\c++\10.2.1\cmath ****                                               double>::__type
1372:c:\program files\daisytoolchain\arm-none-eabi\include\c++\10.2.1\cmath ****     expm1(_Tp __x)
1373:c:\program files\daisytoolchain\arm-none-eabi\include\c++\10.2.1\cmath ****     { return __builtin_expm1(__x); }
1374:c:\program files\daisytoolchain\arm-none-eabi\include\c++\10.2.1\cmath **** #endif
1375:c:\program files\daisytoolchain\arm-none-eabi\include\c++\10.2.1\cmath **** 
1376:c:\program files\daisytoolchain\arm-none-eabi\include\c++\10.2.1\cmath **** #ifndef __CORRECT_ISO_CPP11_MATH_H_PROTO_FP
1377:c:\program files\daisytoolchain\arm-none-eabi\include\c++\10.2.1\cmath ****   constexpr float
1378:c:\program files\daisytoolchain\arm-none-eabi\include\c++\10.2.1\cmath ****   fdim(float __x, float __y)
1379:c:\program files\daisytoolchain\arm-none-eabi\include\c++\10.2.1\cmath ****   { return __builtin_fdimf(__x, __y); }
1380:c:\program files\daisytoolchain\arm-none-eabi\include\c++\10.2.1\cmath **** 
1381:c:\program files\daisytoolchain\arm-none-eabi\include\c++\10.2.1\cmath ****   constexpr long double
1382:c:\program files\daisytoolchain\arm-none-eabi\include\c++\10.2.1\cmath ****   fdim(long double __x, long double __y)
1383:c:\program files\daisytoolchain\arm-none-eabi\include\c++\10.2.1\cmath ****   { return __builtin_fdiml(__x, __y); }
1384:c:\program files\daisytoolchain\arm-none-eabi\include\c++\10.2.1\cmath **** #endif
1385:c:\program files\daisytoolchain\arm-none-eabi\include\c++\10.2.1\cmath **** 
1386:c:\program files\daisytoolchain\arm-none-eabi\include\c++\10.2.1\cmath **** #ifndef __CORRECT_ISO_CPP11_MATH_H_PROTO_INT
1387:c:\program files\daisytoolchain\arm-none-eabi\include\c++\10.2.1\cmath ****   template<typename _Tp, typename _Up>
1388:c:\program files\daisytoolchain\arm-none-eabi\include\c++\10.2.1\cmath ****     constexpr typename __gnu_cxx::__promote_2<_Tp, _Up>::__type
ARM GAS  C:\Users\aydan\AppData\Local\Temp\ccgjf6Ow.s 			page 59


1389:c:\program files\daisytoolchain\arm-none-eabi\include\c++\10.2.1\cmath ****     fdim(_Tp __x, _Up __y)
1390:c:\program files\daisytoolchain\arm-none-eabi\include\c++\10.2.1\cmath ****     {
1391:c:\program files\daisytoolchain\arm-none-eabi\include\c++\10.2.1\cmath ****       typedef typename __gnu_cxx::__promote_2<_Tp, _Up>::__type __type;
1392:c:\program files\daisytoolchain\arm-none-eabi\include\c++\10.2.1\cmath ****       return fdim(__type(__x), __type(__y));
1393:c:\program files\daisytoolchain\arm-none-eabi\include\c++\10.2.1\cmath ****     }
1394:c:\program files\daisytoolchain\arm-none-eabi\include\c++\10.2.1\cmath **** #endif
1395:c:\program files\daisytoolchain\arm-none-eabi\include\c++\10.2.1\cmath **** 
1396:c:\program files\daisytoolchain\arm-none-eabi\include\c++\10.2.1\cmath **** #ifndef __CORRECT_ISO_CPP11_MATH_H_PROTO_FP
1397:c:\program files\daisytoolchain\arm-none-eabi\include\c++\10.2.1\cmath ****   constexpr float
1398:c:\program files\daisytoolchain\arm-none-eabi\include\c++\10.2.1\cmath ****   fma(float __x, float __y, float __z)
1399:c:\program files\daisytoolchain\arm-none-eabi\include\c++\10.2.1\cmath ****   { return __builtin_fmaf(__x, __y, __z); }
1400:c:\program files\daisytoolchain\arm-none-eabi\include\c++\10.2.1\cmath **** 
1401:c:\program files\daisytoolchain\arm-none-eabi\include\c++\10.2.1\cmath ****   constexpr long double
1402:c:\program files\daisytoolchain\arm-none-eabi\include\c++\10.2.1\cmath ****   fma(long double __x, long double __y, long double __z)
1403:c:\program files\daisytoolchain\arm-none-eabi\include\c++\10.2.1\cmath ****   { return __builtin_fmal(__x, __y, __z); }
1404:c:\program files\daisytoolchain\arm-none-eabi\include\c++\10.2.1\cmath **** #endif
1405:c:\program files\daisytoolchain\arm-none-eabi\include\c++\10.2.1\cmath **** 
1406:c:\program files\daisytoolchain\arm-none-eabi\include\c++\10.2.1\cmath **** #ifndef __CORRECT_ISO_CPP11_MATH_H_PROTO_INT
1407:c:\program files\daisytoolchain\arm-none-eabi\include\c++\10.2.1\cmath ****   template<typename _Tp, typename _Up, typename _Vp>
1408:c:\program files\daisytoolchain\arm-none-eabi\include\c++\10.2.1\cmath ****     constexpr typename __gnu_cxx::__promote_3<_Tp, _Up, _Vp>::__type
1409:c:\program files\daisytoolchain\arm-none-eabi\include\c++\10.2.1\cmath ****     fma(_Tp __x, _Up __y, _Vp __z)
1410:c:\program files\daisytoolchain\arm-none-eabi\include\c++\10.2.1\cmath ****     {
1411:c:\program files\daisytoolchain\arm-none-eabi\include\c++\10.2.1\cmath ****       typedef typename __gnu_cxx::__promote_3<_Tp, _Up, _Vp>::__type __type;
1412:c:\program files\daisytoolchain\arm-none-eabi\include\c++\10.2.1\cmath ****       return fma(__type(__x), __type(__y), __type(__z));
1413:c:\program files\daisytoolchain\arm-none-eabi\include\c++\10.2.1\cmath ****     }
1414:c:\program files\daisytoolchain\arm-none-eabi\include\c++\10.2.1\cmath **** #endif
1415:c:\program files\daisytoolchain\arm-none-eabi\include\c++\10.2.1\cmath **** 
1416:c:\program files\daisytoolchain\arm-none-eabi\include\c++\10.2.1\cmath **** #ifndef __CORRECT_ISO_CPP11_MATH_H_PROTO_FP
1417:c:\program files\daisytoolchain\arm-none-eabi\include\c++\10.2.1\cmath ****   constexpr float
1418:c:\program files\daisytoolchain\arm-none-eabi\include\c++\10.2.1\cmath ****   fmax(float __x, float __y)
1419:c:\program files\daisytoolchain\arm-none-eabi\include\c++\10.2.1\cmath ****   { return __builtin_fmaxf(__x, __y); }
1420:c:\program files\daisytoolchain\arm-none-eabi\include\c++\10.2.1\cmath **** 
1421:c:\program files\daisytoolchain\arm-none-eabi\include\c++\10.2.1\cmath ****   constexpr long double
1422:c:\program files\daisytoolchain\arm-none-eabi\include\c++\10.2.1\cmath ****   fmax(long double __x, long double __y)
1423:c:\program files\daisytoolchain\arm-none-eabi\include\c++\10.2.1\cmath ****   { return __builtin_fmaxl(__x, __y); }
1424:c:\program files\daisytoolchain\arm-none-eabi\include\c++\10.2.1\cmath **** #endif
1425:c:\program files\daisytoolchain\arm-none-eabi\include\c++\10.2.1\cmath **** 
1426:c:\program files\daisytoolchain\arm-none-eabi\include\c++\10.2.1\cmath **** #ifndef __CORRECT_ISO_CPP11_MATH_H_PROTO_INT
1427:c:\program files\daisytoolchain\arm-none-eabi\include\c++\10.2.1\cmath ****   template<typename _Tp, typename _Up>
1428:c:\program files\daisytoolchain\arm-none-eabi\include\c++\10.2.1\cmath ****     constexpr typename __gnu_cxx::__promote_2<_Tp, _Up>::__type
1429:c:\program files\daisytoolchain\arm-none-eabi\include\c++\10.2.1\cmath ****     fmax(_Tp __x, _Up __y)
1430:c:\program files\daisytoolchain\arm-none-eabi\include\c++\10.2.1\cmath ****     {
1431:c:\program files\daisytoolchain\arm-none-eabi\include\c++\10.2.1\cmath ****       typedef typename __gnu_cxx::__promote_2<_Tp, _Up>::__type __type;
1432:c:\program files\daisytoolchain\arm-none-eabi\include\c++\10.2.1\cmath ****       return fmax(__type(__x), __type(__y));
1433:c:\program files\daisytoolchain\arm-none-eabi\include\c++\10.2.1\cmath ****     }
1434:c:\program files\daisytoolchain\arm-none-eabi\include\c++\10.2.1\cmath **** #endif
1435:c:\program files\daisytoolchain\arm-none-eabi\include\c++\10.2.1\cmath **** 
1436:c:\program files\daisytoolchain\arm-none-eabi\include\c++\10.2.1\cmath **** #ifndef __CORRECT_ISO_CPP11_MATH_H_PROTO_FP
1437:c:\program files\daisytoolchain\arm-none-eabi\include\c++\10.2.1\cmath ****   constexpr float
1438:c:\program files\daisytoolchain\arm-none-eabi\include\c++\10.2.1\cmath ****   fmin(float __x, float __y)
1439:c:\program files\daisytoolchain\arm-none-eabi\include\c++\10.2.1\cmath ****   { return __builtin_fminf(__x, __y); }
1440:c:\program files\daisytoolchain\arm-none-eabi\include\c++\10.2.1\cmath **** 
1441:c:\program files\daisytoolchain\arm-none-eabi\include\c++\10.2.1\cmath ****   constexpr long double
1442:c:\program files\daisytoolchain\arm-none-eabi\include\c++\10.2.1\cmath ****   fmin(long double __x, long double __y)
1443:c:\program files\daisytoolchain\arm-none-eabi\include\c++\10.2.1\cmath ****   { return __builtin_fminl(__x, __y); }
1444:c:\program files\daisytoolchain\arm-none-eabi\include\c++\10.2.1\cmath **** #endif
1445:c:\program files\daisytoolchain\arm-none-eabi\include\c++\10.2.1\cmath **** 
ARM GAS  C:\Users\aydan\AppData\Local\Temp\ccgjf6Ow.s 			page 60


1446:c:\program files\daisytoolchain\arm-none-eabi\include\c++\10.2.1\cmath **** #ifndef __CORRECT_ISO_CPP11_MATH_H_PROTO_INT
1447:c:\program files\daisytoolchain\arm-none-eabi\include\c++\10.2.1\cmath ****   template<typename _Tp, typename _Up>
1448:c:\program files\daisytoolchain\arm-none-eabi\include\c++\10.2.1\cmath ****     constexpr typename __gnu_cxx::__promote_2<_Tp, _Up>::__type
1449:c:\program files\daisytoolchain\arm-none-eabi\include\c++\10.2.1\cmath ****     fmin(_Tp __x, _Up __y)
1450:c:\program files\daisytoolchain\arm-none-eabi\include\c++\10.2.1\cmath ****     {
1451:c:\program files\daisytoolchain\arm-none-eabi\include\c++\10.2.1\cmath ****       typedef typename __gnu_cxx::__promote_2<_Tp, _Up>::__type __type;
1452:c:\program files\daisytoolchain\arm-none-eabi\include\c++\10.2.1\cmath ****       return fmin(__type(__x), __type(__y));
1453:c:\program files\daisytoolchain\arm-none-eabi\include\c++\10.2.1\cmath ****     }
1454:c:\program files\daisytoolchain\arm-none-eabi\include\c++\10.2.1\cmath **** #endif
1455:c:\program files\daisytoolchain\arm-none-eabi\include\c++\10.2.1\cmath **** 
1456:c:\program files\daisytoolchain\arm-none-eabi\include\c++\10.2.1\cmath **** #ifndef __CORRECT_ISO_CPP11_MATH_H_PROTO_FP
1457:c:\program files\daisytoolchain\arm-none-eabi\include\c++\10.2.1\cmath ****   constexpr float
1458:c:\program files\daisytoolchain\arm-none-eabi\include\c++\10.2.1\cmath ****   hypot(float __x, float __y)
1459:c:\program files\daisytoolchain\arm-none-eabi\include\c++\10.2.1\cmath ****   { return __builtin_hypotf(__x, __y); }
1460:c:\program files\daisytoolchain\arm-none-eabi\include\c++\10.2.1\cmath **** 
1461:c:\program files\daisytoolchain\arm-none-eabi\include\c++\10.2.1\cmath ****   constexpr long double
1462:c:\program files\daisytoolchain\arm-none-eabi\include\c++\10.2.1\cmath ****   hypot(long double __x, long double __y)
1463:c:\program files\daisytoolchain\arm-none-eabi\include\c++\10.2.1\cmath ****   { return __builtin_hypotl(__x, __y); }
1464:c:\program files\daisytoolchain\arm-none-eabi\include\c++\10.2.1\cmath **** #endif
1465:c:\program files\daisytoolchain\arm-none-eabi\include\c++\10.2.1\cmath **** 
1466:c:\program files\daisytoolchain\arm-none-eabi\include\c++\10.2.1\cmath **** #ifndef __CORRECT_ISO_CPP11_MATH_H_PROTO_INT
1467:c:\program files\daisytoolchain\arm-none-eabi\include\c++\10.2.1\cmath ****   template<typename _Tp, typename _Up>
1468:c:\program files\daisytoolchain\arm-none-eabi\include\c++\10.2.1\cmath ****     constexpr typename __gnu_cxx::__promote_2<_Tp, _Up>::__type
1469:c:\program files\daisytoolchain\arm-none-eabi\include\c++\10.2.1\cmath ****     hypot(_Tp __x, _Up __y)
1470:c:\program files\daisytoolchain\arm-none-eabi\include\c++\10.2.1\cmath ****     {
1471:c:\program files\daisytoolchain\arm-none-eabi\include\c++\10.2.1\cmath ****       typedef typename __gnu_cxx::__promote_2<_Tp, _Up>::__type __type;
1472:c:\program files\daisytoolchain\arm-none-eabi\include\c++\10.2.1\cmath ****       return hypot(__type(__x), __type(__y));
1473:c:\program files\daisytoolchain\arm-none-eabi\include\c++\10.2.1\cmath ****     }
1474:c:\program files\daisytoolchain\arm-none-eabi\include\c++\10.2.1\cmath **** #endif
1475:c:\program files\daisytoolchain\arm-none-eabi\include\c++\10.2.1\cmath **** 
1476:c:\program files\daisytoolchain\arm-none-eabi\include\c++\10.2.1\cmath **** #ifndef __CORRECT_ISO_CPP11_MATH_H_PROTO_FP
1477:c:\program files\daisytoolchain\arm-none-eabi\include\c++\10.2.1\cmath ****   constexpr int
1478:c:\program files\daisytoolchain\arm-none-eabi\include\c++\10.2.1\cmath ****   ilogb(float __x)
1479:c:\program files\daisytoolchain\arm-none-eabi\include\c++\10.2.1\cmath ****   { return __builtin_ilogbf(__x); }
1480:c:\program files\daisytoolchain\arm-none-eabi\include\c++\10.2.1\cmath **** 
1481:c:\program files\daisytoolchain\arm-none-eabi\include\c++\10.2.1\cmath ****   constexpr int
1482:c:\program files\daisytoolchain\arm-none-eabi\include\c++\10.2.1\cmath ****   ilogb(long double __x)
1483:c:\program files\daisytoolchain\arm-none-eabi\include\c++\10.2.1\cmath ****   { return __builtin_ilogbl(__x); }
1484:c:\program files\daisytoolchain\arm-none-eabi\include\c++\10.2.1\cmath **** #endif
1485:c:\program files\daisytoolchain\arm-none-eabi\include\c++\10.2.1\cmath **** 
1486:c:\program files\daisytoolchain\arm-none-eabi\include\c++\10.2.1\cmath **** #ifndef __CORRECT_ISO_CPP11_MATH_H_PROTO_INT
1487:c:\program files\daisytoolchain\arm-none-eabi\include\c++\10.2.1\cmath ****   template<typename _Tp>
1488:c:\program files\daisytoolchain\arm-none-eabi\include\c++\10.2.1\cmath ****     constexpr
1489:c:\program files\daisytoolchain\arm-none-eabi\include\c++\10.2.1\cmath ****     typename __gnu_cxx::__enable_if<__is_integer<_Tp>::__value, 
1490:c:\program files\daisytoolchain\arm-none-eabi\include\c++\10.2.1\cmath ****                                     int>::__type
1491:c:\program files\daisytoolchain\arm-none-eabi\include\c++\10.2.1\cmath ****     ilogb(_Tp __x)
1492:c:\program files\daisytoolchain\arm-none-eabi\include\c++\10.2.1\cmath ****     { return __builtin_ilogb(__x); }
1493:c:\program files\daisytoolchain\arm-none-eabi\include\c++\10.2.1\cmath **** #endif
1494:c:\program files\daisytoolchain\arm-none-eabi\include\c++\10.2.1\cmath **** 
1495:c:\program files\daisytoolchain\arm-none-eabi\include\c++\10.2.1\cmath **** #ifndef __CORRECT_ISO_CPP11_MATH_H_PROTO_FP
1496:c:\program files\daisytoolchain\arm-none-eabi\include\c++\10.2.1\cmath ****   constexpr float
1497:c:\program files\daisytoolchain\arm-none-eabi\include\c++\10.2.1\cmath ****   lgamma(float __x)
1498:c:\program files\daisytoolchain\arm-none-eabi\include\c++\10.2.1\cmath ****   { return __builtin_lgammaf(__x); }
1499:c:\program files\daisytoolchain\arm-none-eabi\include\c++\10.2.1\cmath **** 
1500:c:\program files\daisytoolchain\arm-none-eabi\include\c++\10.2.1\cmath ****   constexpr long double
1501:c:\program files\daisytoolchain\arm-none-eabi\include\c++\10.2.1\cmath ****   lgamma(long double __x)
1502:c:\program files\daisytoolchain\arm-none-eabi\include\c++\10.2.1\cmath ****   { return __builtin_lgammal(__x); }
ARM GAS  C:\Users\aydan\AppData\Local\Temp\ccgjf6Ow.s 			page 61


1503:c:\program files\daisytoolchain\arm-none-eabi\include\c++\10.2.1\cmath **** #endif
1504:c:\program files\daisytoolchain\arm-none-eabi\include\c++\10.2.1\cmath **** 
1505:c:\program files\daisytoolchain\arm-none-eabi\include\c++\10.2.1\cmath **** #ifndef __CORRECT_ISO_CPP11_MATH_H_PROTO_INT
1506:c:\program files\daisytoolchain\arm-none-eabi\include\c++\10.2.1\cmath ****   template<typename _Tp>
1507:c:\program files\daisytoolchain\arm-none-eabi\include\c++\10.2.1\cmath ****     constexpr typename __gnu_cxx::__enable_if<__is_integer<_Tp>::__value, 
1508:c:\program files\daisytoolchain\arm-none-eabi\include\c++\10.2.1\cmath ****                                               double>::__type
1509:c:\program files\daisytoolchain\arm-none-eabi\include\c++\10.2.1\cmath ****     lgamma(_Tp __x)
1510:c:\program files\daisytoolchain\arm-none-eabi\include\c++\10.2.1\cmath ****     { return __builtin_lgamma(__x); }
1511:c:\program files\daisytoolchain\arm-none-eabi\include\c++\10.2.1\cmath **** #endif
1512:c:\program files\daisytoolchain\arm-none-eabi\include\c++\10.2.1\cmath **** 
1513:c:\program files\daisytoolchain\arm-none-eabi\include\c++\10.2.1\cmath **** #ifndef __CORRECT_ISO_CPP11_MATH_H_PROTO_FP
1514:c:\program files\daisytoolchain\arm-none-eabi\include\c++\10.2.1\cmath ****   constexpr long long
1515:c:\program files\daisytoolchain\arm-none-eabi\include\c++\10.2.1\cmath ****   llrint(float __x)
1516:c:\program files\daisytoolchain\arm-none-eabi\include\c++\10.2.1\cmath ****   { return __builtin_llrintf(__x); }
1517:c:\program files\daisytoolchain\arm-none-eabi\include\c++\10.2.1\cmath **** 
1518:c:\program files\daisytoolchain\arm-none-eabi\include\c++\10.2.1\cmath ****   constexpr long long
1519:c:\program files\daisytoolchain\arm-none-eabi\include\c++\10.2.1\cmath ****   llrint(long double __x)
1520:c:\program files\daisytoolchain\arm-none-eabi\include\c++\10.2.1\cmath ****   { return __builtin_llrintl(__x); }
1521:c:\program files\daisytoolchain\arm-none-eabi\include\c++\10.2.1\cmath **** #endif
1522:c:\program files\daisytoolchain\arm-none-eabi\include\c++\10.2.1\cmath **** 
1523:c:\program files\daisytoolchain\arm-none-eabi\include\c++\10.2.1\cmath **** #ifndef __CORRECT_ISO_CPP11_MATH_H_PROTO_INT
1524:c:\program files\daisytoolchain\arm-none-eabi\include\c++\10.2.1\cmath ****   template<typename _Tp>
1525:c:\program files\daisytoolchain\arm-none-eabi\include\c++\10.2.1\cmath ****     constexpr typename __gnu_cxx::__enable_if<__is_integer<_Tp>::__value, 
1526:c:\program files\daisytoolchain\arm-none-eabi\include\c++\10.2.1\cmath ****                                               long long>::__type
1527:c:\program files\daisytoolchain\arm-none-eabi\include\c++\10.2.1\cmath ****     llrint(_Tp __x)
1528:c:\program files\daisytoolchain\arm-none-eabi\include\c++\10.2.1\cmath ****     { return __builtin_llrint(__x); }
1529:c:\program files\daisytoolchain\arm-none-eabi\include\c++\10.2.1\cmath **** #endif
1530:c:\program files\daisytoolchain\arm-none-eabi\include\c++\10.2.1\cmath **** 
1531:c:\program files\daisytoolchain\arm-none-eabi\include\c++\10.2.1\cmath **** #ifndef __CORRECT_ISO_CPP11_MATH_H_PROTO_FP
1532:c:\program files\daisytoolchain\arm-none-eabi\include\c++\10.2.1\cmath ****   constexpr long long
1533:c:\program files\daisytoolchain\arm-none-eabi\include\c++\10.2.1\cmath ****   llround(float __x)
1534:c:\program files\daisytoolchain\arm-none-eabi\include\c++\10.2.1\cmath ****   { return __builtin_llroundf(__x); }
1535:c:\program files\daisytoolchain\arm-none-eabi\include\c++\10.2.1\cmath **** 
1536:c:\program files\daisytoolchain\arm-none-eabi\include\c++\10.2.1\cmath ****   constexpr long long
1537:c:\program files\daisytoolchain\arm-none-eabi\include\c++\10.2.1\cmath ****   llround(long double __x)
1538:c:\program files\daisytoolchain\arm-none-eabi\include\c++\10.2.1\cmath ****   { return __builtin_llroundl(__x); }
1539:c:\program files\daisytoolchain\arm-none-eabi\include\c++\10.2.1\cmath **** #endif
1540:c:\program files\daisytoolchain\arm-none-eabi\include\c++\10.2.1\cmath **** 
1541:c:\program files\daisytoolchain\arm-none-eabi\include\c++\10.2.1\cmath **** #ifndef __CORRECT_ISO_CPP11_MATH_H_PROTO_INT
1542:c:\program files\daisytoolchain\arm-none-eabi\include\c++\10.2.1\cmath ****   template<typename _Tp>
1543:c:\program files\daisytoolchain\arm-none-eabi\include\c++\10.2.1\cmath ****     constexpr typename __gnu_cxx::__enable_if<__is_integer<_Tp>::__value, 
1544:c:\program files\daisytoolchain\arm-none-eabi\include\c++\10.2.1\cmath ****                                               long long>::__type
1545:c:\program files\daisytoolchain\arm-none-eabi\include\c++\10.2.1\cmath ****     llround(_Tp __x)
1546:c:\program files\daisytoolchain\arm-none-eabi\include\c++\10.2.1\cmath ****     { return __builtin_llround(__x); }
1547:c:\program files\daisytoolchain\arm-none-eabi\include\c++\10.2.1\cmath **** #endif
1548:c:\program files\daisytoolchain\arm-none-eabi\include\c++\10.2.1\cmath **** 
1549:c:\program files\daisytoolchain\arm-none-eabi\include\c++\10.2.1\cmath **** #ifndef __CORRECT_ISO_CPP11_MATH_H_PROTO_FP
1550:c:\program files\daisytoolchain\arm-none-eabi\include\c++\10.2.1\cmath ****   constexpr float
1551:c:\program files\daisytoolchain\arm-none-eabi\include\c++\10.2.1\cmath ****   log1p(float __x)
1552:c:\program files\daisytoolchain\arm-none-eabi\include\c++\10.2.1\cmath ****   { return __builtin_log1pf(__x); }
1553:c:\program files\daisytoolchain\arm-none-eabi\include\c++\10.2.1\cmath **** 
1554:c:\program files\daisytoolchain\arm-none-eabi\include\c++\10.2.1\cmath ****   constexpr long double
1555:c:\program files\daisytoolchain\arm-none-eabi\include\c++\10.2.1\cmath ****   log1p(long double __x)
1556:c:\program files\daisytoolchain\arm-none-eabi\include\c++\10.2.1\cmath ****   { return __builtin_log1pl(__x); }
1557:c:\program files\daisytoolchain\arm-none-eabi\include\c++\10.2.1\cmath **** #endif
1558:c:\program files\daisytoolchain\arm-none-eabi\include\c++\10.2.1\cmath **** 
1559:c:\program files\daisytoolchain\arm-none-eabi\include\c++\10.2.1\cmath **** #ifndef __CORRECT_ISO_CPP11_MATH_H_PROTO_INT
ARM GAS  C:\Users\aydan\AppData\Local\Temp\ccgjf6Ow.s 			page 62


1560:c:\program files\daisytoolchain\arm-none-eabi\include\c++\10.2.1\cmath ****   template<typename _Tp>
1561:c:\program files\daisytoolchain\arm-none-eabi\include\c++\10.2.1\cmath ****     constexpr typename __gnu_cxx::__enable_if<__is_integer<_Tp>::__value, 
1562:c:\program files\daisytoolchain\arm-none-eabi\include\c++\10.2.1\cmath ****                                               double>::__type
1563:c:\program files\daisytoolchain\arm-none-eabi\include\c++\10.2.1\cmath ****     log1p(_Tp __x)
1564:c:\program files\daisytoolchain\arm-none-eabi\include\c++\10.2.1\cmath ****     { return __builtin_log1p(__x); }
1565:c:\program files\daisytoolchain\arm-none-eabi\include\c++\10.2.1\cmath **** #endif
1566:c:\program files\daisytoolchain\arm-none-eabi\include\c++\10.2.1\cmath **** 
1567:c:\program files\daisytoolchain\arm-none-eabi\include\c++\10.2.1\cmath **** #ifndef __CORRECT_ISO_CPP11_MATH_H_PROTO_FP
1568:c:\program files\daisytoolchain\arm-none-eabi\include\c++\10.2.1\cmath ****   // DR 568.
1569:c:\program files\daisytoolchain\arm-none-eabi\include\c++\10.2.1\cmath ****   constexpr float
1570:c:\program files\daisytoolchain\arm-none-eabi\include\c++\10.2.1\cmath ****   log2(float __x)
 1315              		.loc 2 1570 3 view .LVU382
 1316              	.LBB170:
1571:c:\program files\daisytoolchain\arm-none-eabi\include\c++\10.2.1\cmath ****   { return __builtin_log2f(__x); }
 1317              		.loc 2 1571 5 view .LVU383
 1318              	.LBE170:
 1319              	.LBE169:
 229:src/tuner.cpp ****     const int midi_n = (int)std::round(midi_f);
 1320              		.loc 1 229 51 is_stmt 0 view .LVU384
 1321 0014 DFED267A 		vldr.32	s15, .L113
 1322 0018 0446     		mov	r4, r0
 1323 001a 0E46     		mov	r6, r1
 229:src/tuner.cpp ****     const int midi_n = (int)std::round(midi_f);
 1324              		.loc 1 229 68 view .LVU385
 1325 001c 9FED258A 		vldr.32	s16, .L113+4
 1326              	.LBB173:
 1327              	.LBB171:
 1328              		.loc 2 1571 27 view .LVU386
 1329 0020 80EE270A 		vdiv.f32	s0, s0, s15
 1330              	.LVL109:
 1331              		.loc 2 1571 27 view .LVU387
 1332              	.LBE171:
 1333              	.LBE173:
 234:src/tuner.cpp ****     out_cents = (midi_f - (float)midi_n) * 100.0f;
 1334              		.loc 1 234 18 view .LVU388
 1335 0024 244F     		ldr	r7, .L113+8
 1336              	.LBB174:
 1337              	.LBB172:
 1338              		.loc 2 1571 27 view .LVU389
 1339 0026 FFF7FEFF 		bl	log2f
 1340              	.LVL110:
 1341              		.loc 2 1571 27 view .LVU390
 1342              	.LBE172:
 1343              	.LBE174:
 234:src/tuner.cpp ****     out_cents = (midi_f - (float)midi_n) * 100.0f;
 1344              		.loc 1 234 18 view .LVU391
 1345 002a 2046     		mov	r0, r4
 232:src/tuner.cpp ****     const int octave = (midi_n / 12) - 1;
 1346              		.loc 1 232 35 view .LVU392
 1347 002c 234B     		ldr	r3, .L113+12
 234:src/tuner.cpp ****     out_cents = (midi_f - (float)midi_n) * 100.0f;
 1348              		.loc 1 234 18 view .LVU393
 1349 002e 3146     		mov	r1, r6
 232:src/tuner.cpp ****     const int octave = (midi_n / 12) - 1;
 1350              		.loc 1 232 15 view .LVU394
 1351 0030 234E     		ldr	r6, .L113+16
 1352              	.LVL111:
ARM GAS  C:\Users\aydan\AppData\Local\Temp\ccgjf6Ow.s 			page 63


 229:src/tuner.cpp ****     const int midi_n = (int)std::round(midi_f);
 1353              		.loc 1 229 68 view .LVU395
 1354 0032 F2EE087A 		vmov.f32	s15, #1.2e+1
 1355 0036 A0EE278A 		vfma.f32	s16, s0, s15
 1356              	.LVL112:
 230:src/tuner.cpp ****     static const char* names[12] = {"C", "C#", "D", "D#", "E", "F", "F#", "G", "G#", "A", "A#", "B"
 1357              		.loc 1 230 5 is_stmt 1 view .LVU396
 1358              	.LBB175:
 1359              	.LBI175:
1572:c:\program files\daisytoolchain\arm-none-eabi\include\c++\10.2.1\cmath **** 
1573:c:\program files\daisytoolchain\arm-none-eabi\include\c++\10.2.1\cmath ****   constexpr long double
1574:c:\program files\daisytoolchain\arm-none-eabi\include\c++\10.2.1\cmath ****   log2(long double __x)
1575:c:\program files\daisytoolchain\arm-none-eabi\include\c++\10.2.1\cmath ****   { return __builtin_log2l(__x); }
1576:c:\program files\daisytoolchain\arm-none-eabi\include\c++\10.2.1\cmath **** #endif
1577:c:\program files\daisytoolchain\arm-none-eabi\include\c++\10.2.1\cmath **** 
1578:c:\program files\daisytoolchain\arm-none-eabi\include\c++\10.2.1\cmath **** #ifndef __CORRECT_ISO_CPP11_MATH_H_PROTO_INT
1579:c:\program files\daisytoolchain\arm-none-eabi\include\c++\10.2.1\cmath ****   template<typename _Tp>
1580:c:\program files\daisytoolchain\arm-none-eabi\include\c++\10.2.1\cmath ****     constexpr typename __gnu_cxx::__enable_if<__is_integer<_Tp>::__value, 
1581:c:\program files\daisytoolchain\arm-none-eabi\include\c++\10.2.1\cmath ****                                               double>::__type
1582:c:\program files\daisytoolchain\arm-none-eabi\include\c++\10.2.1\cmath ****     log2(_Tp __x)
1583:c:\program files\daisytoolchain\arm-none-eabi\include\c++\10.2.1\cmath ****     { return __builtin_log2(__x); }
1584:c:\program files\daisytoolchain\arm-none-eabi\include\c++\10.2.1\cmath **** #endif
1585:c:\program files\daisytoolchain\arm-none-eabi\include\c++\10.2.1\cmath **** 
1586:c:\program files\daisytoolchain\arm-none-eabi\include\c++\10.2.1\cmath **** #ifndef __CORRECT_ISO_CPP11_MATH_H_PROTO_FP
1587:c:\program files\daisytoolchain\arm-none-eabi\include\c++\10.2.1\cmath ****   constexpr float
1588:c:\program files\daisytoolchain\arm-none-eabi\include\c++\10.2.1\cmath ****   logb(float __x)
1589:c:\program files\daisytoolchain\arm-none-eabi\include\c++\10.2.1\cmath ****   { return __builtin_logbf(__x); }
1590:c:\program files\daisytoolchain\arm-none-eabi\include\c++\10.2.1\cmath **** 
1591:c:\program files\daisytoolchain\arm-none-eabi\include\c++\10.2.1\cmath ****   constexpr long double
1592:c:\program files\daisytoolchain\arm-none-eabi\include\c++\10.2.1\cmath ****   logb(long double __x)
1593:c:\program files\daisytoolchain\arm-none-eabi\include\c++\10.2.1\cmath ****   { return __builtin_logbl(__x); }
1594:c:\program files\daisytoolchain\arm-none-eabi\include\c++\10.2.1\cmath **** #endif
1595:c:\program files\daisytoolchain\arm-none-eabi\include\c++\10.2.1\cmath **** 
1596:c:\program files\daisytoolchain\arm-none-eabi\include\c++\10.2.1\cmath **** #ifndef __CORRECT_ISO_CPP11_MATH_H_PROTO_INT
1597:c:\program files\daisytoolchain\arm-none-eabi\include\c++\10.2.1\cmath ****   template<typename _Tp>
1598:c:\program files\daisytoolchain\arm-none-eabi\include\c++\10.2.1\cmath ****     constexpr typename __gnu_cxx::__enable_if<__is_integer<_Tp>::__value, 
1599:c:\program files\daisytoolchain\arm-none-eabi\include\c++\10.2.1\cmath ****                                               double>::__type
1600:c:\program files\daisytoolchain\arm-none-eabi\include\c++\10.2.1\cmath ****     logb(_Tp __x)
1601:c:\program files\daisytoolchain\arm-none-eabi\include\c++\10.2.1\cmath ****     { return __builtin_logb(__x); }
1602:c:\program files\daisytoolchain\arm-none-eabi\include\c++\10.2.1\cmath **** #endif
1603:c:\program files\daisytoolchain\arm-none-eabi\include\c++\10.2.1\cmath **** 
1604:c:\program files\daisytoolchain\arm-none-eabi\include\c++\10.2.1\cmath **** #ifndef __CORRECT_ISO_CPP11_MATH_H_PROTO_FP
1605:c:\program files\daisytoolchain\arm-none-eabi\include\c++\10.2.1\cmath ****   constexpr long
1606:c:\program files\daisytoolchain\arm-none-eabi\include\c++\10.2.1\cmath ****   lrint(float __x)
1607:c:\program files\daisytoolchain\arm-none-eabi\include\c++\10.2.1\cmath ****   { return __builtin_lrintf(__x); }
1608:c:\program files\daisytoolchain\arm-none-eabi\include\c++\10.2.1\cmath **** 
1609:c:\program files\daisytoolchain\arm-none-eabi\include\c++\10.2.1\cmath ****   constexpr long
1610:c:\program files\daisytoolchain\arm-none-eabi\include\c++\10.2.1\cmath ****   lrint(long double __x)
1611:c:\program files\daisytoolchain\arm-none-eabi\include\c++\10.2.1\cmath ****   { return __builtin_lrintl(__x); }
1612:c:\program files\daisytoolchain\arm-none-eabi\include\c++\10.2.1\cmath **** #endif
1613:c:\program files\daisytoolchain\arm-none-eabi\include\c++\10.2.1\cmath **** 
1614:c:\program files\daisytoolchain\arm-none-eabi\include\c++\10.2.1\cmath **** #ifndef __CORRECT_ISO_CPP11_MATH_H_PROTO_INT
1615:c:\program files\daisytoolchain\arm-none-eabi\include\c++\10.2.1\cmath ****   template<typename _Tp>
1616:c:\program files\daisytoolchain\arm-none-eabi\include\c++\10.2.1\cmath ****     constexpr typename __gnu_cxx::__enable_if<__is_integer<_Tp>::__value, 
1617:c:\program files\daisytoolchain\arm-none-eabi\include\c++\10.2.1\cmath ****                                               long>::__type
1618:c:\program files\daisytoolchain\arm-none-eabi\include\c++\10.2.1\cmath ****     lrint(_Tp __x)
1619:c:\program files\daisytoolchain\arm-none-eabi\include\c++\10.2.1\cmath ****     { return __builtin_lrint(__x); }
ARM GAS  C:\Users\aydan\AppData\Local\Temp\ccgjf6Ow.s 			page 64


1620:c:\program files\daisytoolchain\arm-none-eabi\include\c++\10.2.1\cmath **** #endif
1621:c:\program files\daisytoolchain\arm-none-eabi\include\c++\10.2.1\cmath **** 
1622:c:\program files\daisytoolchain\arm-none-eabi\include\c++\10.2.1\cmath **** #ifndef __CORRECT_ISO_CPP11_MATH_H_PROTO_FP
1623:c:\program files\daisytoolchain\arm-none-eabi\include\c++\10.2.1\cmath ****   constexpr long
1624:c:\program files\daisytoolchain\arm-none-eabi\include\c++\10.2.1\cmath ****   lround(float __x)
1625:c:\program files\daisytoolchain\arm-none-eabi\include\c++\10.2.1\cmath ****   { return __builtin_lroundf(__x); }
1626:c:\program files\daisytoolchain\arm-none-eabi\include\c++\10.2.1\cmath **** 
1627:c:\program files\daisytoolchain\arm-none-eabi\include\c++\10.2.1\cmath ****   constexpr long
1628:c:\program files\daisytoolchain\arm-none-eabi\include\c++\10.2.1\cmath ****   lround(long double __x)
1629:c:\program files\daisytoolchain\arm-none-eabi\include\c++\10.2.1\cmath ****   { return __builtin_lroundl(__x); }
1630:c:\program files\daisytoolchain\arm-none-eabi\include\c++\10.2.1\cmath **** #endif
1631:c:\program files\daisytoolchain\arm-none-eabi\include\c++\10.2.1\cmath **** 
1632:c:\program files\daisytoolchain\arm-none-eabi\include\c++\10.2.1\cmath **** #ifndef __CORRECT_ISO_CPP11_MATH_H_PROTO_INT
1633:c:\program files\daisytoolchain\arm-none-eabi\include\c++\10.2.1\cmath ****   template<typename _Tp>
1634:c:\program files\daisytoolchain\arm-none-eabi\include\c++\10.2.1\cmath ****     constexpr typename __gnu_cxx::__enable_if<__is_integer<_Tp>::__value, 
1635:c:\program files\daisytoolchain\arm-none-eabi\include\c++\10.2.1\cmath ****                                               long>::__type
1636:c:\program files\daisytoolchain\arm-none-eabi\include\c++\10.2.1\cmath ****     lround(_Tp __x)
1637:c:\program files\daisytoolchain\arm-none-eabi\include\c++\10.2.1\cmath ****     { return __builtin_lround(__x); }
1638:c:\program files\daisytoolchain\arm-none-eabi\include\c++\10.2.1\cmath **** #endif
1639:c:\program files\daisytoolchain\arm-none-eabi\include\c++\10.2.1\cmath **** 
1640:c:\program files\daisytoolchain\arm-none-eabi\include\c++\10.2.1\cmath **** #ifndef __CORRECT_ISO_CPP11_MATH_H_PROTO_FP
1641:c:\program files\daisytoolchain\arm-none-eabi\include\c++\10.2.1\cmath ****   constexpr float
1642:c:\program files\daisytoolchain\arm-none-eabi\include\c++\10.2.1\cmath ****   nearbyint(float __x)
1643:c:\program files\daisytoolchain\arm-none-eabi\include\c++\10.2.1\cmath ****   { return __builtin_nearbyintf(__x); }
1644:c:\program files\daisytoolchain\arm-none-eabi\include\c++\10.2.1\cmath **** 
1645:c:\program files\daisytoolchain\arm-none-eabi\include\c++\10.2.1\cmath ****   constexpr long double
1646:c:\program files\daisytoolchain\arm-none-eabi\include\c++\10.2.1\cmath ****   nearbyint(long double __x)
1647:c:\program files\daisytoolchain\arm-none-eabi\include\c++\10.2.1\cmath ****   { return __builtin_nearbyintl(__x); }
1648:c:\program files\daisytoolchain\arm-none-eabi\include\c++\10.2.1\cmath **** #endif
1649:c:\program files\daisytoolchain\arm-none-eabi\include\c++\10.2.1\cmath **** 
1650:c:\program files\daisytoolchain\arm-none-eabi\include\c++\10.2.1\cmath **** #ifndef __CORRECT_ISO_CPP11_MATH_H_PROTO_INT
1651:c:\program files\daisytoolchain\arm-none-eabi\include\c++\10.2.1\cmath ****   template<typename _Tp>
1652:c:\program files\daisytoolchain\arm-none-eabi\include\c++\10.2.1\cmath ****     constexpr typename __gnu_cxx::__enable_if<__is_integer<_Tp>::__value, 
1653:c:\program files\daisytoolchain\arm-none-eabi\include\c++\10.2.1\cmath ****                                               double>::__type
1654:c:\program files\daisytoolchain\arm-none-eabi\include\c++\10.2.1\cmath ****     nearbyint(_Tp __x)
1655:c:\program files\daisytoolchain\arm-none-eabi\include\c++\10.2.1\cmath ****     { return __builtin_nearbyint(__x); }
1656:c:\program files\daisytoolchain\arm-none-eabi\include\c++\10.2.1\cmath **** #endif
1657:c:\program files\daisytoolchain\arm-none-eabi\include\c++\10.2.1\cmath **** 
1658:c:\program files\daisytoolchain\arm-none-eabi\include\c++\10.2.1\cmath **** #ifndef __CORRECT_ISO_CPP11_MATH_H_PROTO_FP
1659:c:\program files\daisytoolchain\arm-none-eabi\include\c++\10.2.1\cmath ****   constexpr float
1660:c:\program files\daisytoolchain\arm-none-eabi\include\c++\10.2.1\cmath ****   nextafter(float __x, float __y)
1661:c:\program files\daisytoolchain\arm-none-eabi\include\c++\10.2.1\cmath ****   { return __builtin_nextafterf(__x, __y); }
1662:c:\program files\daisytoolchain\arm-none-eabi\include\c++\10.2.1\cmath **** 
1663:c:\program files\daisytoolchain\arm-none-eabi\include\c++\10.2.1\cmath ****   constexpr long double
1664:c:\program files\daisytoolchain\arm-none-eabi\include\c++\10.2.1\cmath ****   nextafter(long double __x, long double __y)
1665:c:\program files\daisytoolchain\arm-none-eabi\include\c++\10.2.1\cmath ****   { return __builtin_nextafterl(__x, __y); }
1666:c:\program files\daisytoolchain\arm-none-eabi\include\c++\10.2.1\cmath **** #endif
1667:c:\program files\daisytoolchain\arm-none-eabi\include\c++\10.2.1\cmath **** 
1668:c:\program files\daisytoolchain\arm-none-eabi\include\c++\10.2.1\cmath **** #ifndef __CORRECT_ISO_CPP11_MATH_H_PROTO_INT
1669:c:\program files\daisytoolchain\arm-none-eabi\include\c++\10.2.1\cmath ****   template<typename _Tp, typename _Up>
1670:c:\program files\daisytoolchain\arm-none-eabi\include\c++\10.2.1\cmath ****     constexpr typename __gnu_cxx::__promote_2<_Tp, _Up>::__type
1671:c:\program files\daisytoolchain\arm-none-eabi\include\c++\10.2.1\cmath ****     nextafter(_Tp __x, _Up __y)
1672:c:\program files\daisytoolchain\arm-none-eabi\include\c++\10.2.1\cmath ****     {
1673:c:\program files\daisytoolchain\arm-none-eabi\include\c++\10.2.1\cmath ****       typedef typename __gnu_cxx::__promote_2<_Tp, _Up>::__type __type;
1674:c:\program files\daisytoolchain\arm-none-eabi\include\c++\10.2.1\cmath ****       return nextafter(__type(__x), __type(__y));
1675:c:\program files\daisytoolchain\arm-none-eabi\include\c++\10.2.1\cmath ****     }
1676:c:\program files\daisytoolchain\arm-none-eabi\include\c++\10.2.1\cmath **** #endif
ARM GAS  C:\Users\aydan\AppData\Local\Temp\ccgjf6Ow.s 			page 65


1677:c:\program files\daisytoolchain\arm-none-eabi\include\c++\10.2.1\cmath **** 
1678:c:\program files\daisytoolchain\arm-none-eabi\include\c++\10.2.1\cmath **** #ifndef __CORRECT_ISO_CPP11_MATH_H_PROTO_FP
1679:c:\program files\daisytoolchain\arm-none-eabi\include\c++\10.2.1\cmath ****   constexpr float
1680:c:\program files\daisytoolchain\arm-none-eabi\include\c++\10.2.1\cmath ****   nexttoward(float __x, long double __y)
1681:c:\program files\daisytoolchain\arm-none-eabi\include\c++\10.2.1\cmath ****   { return __builtin_nexttowardf(__x, __y); }
1682:c:\program files\daisytoolchain\arm-none-eabi\include\c++\10.2.1\cmath **** 
1683:c:\program files\daisytoolchain\arm-none-eabi\include\c++\10.2.1\cmath ****   constexpr long double
1684:c:\program files\daisytoolchain\arm-none-eabi\include\c++\10.2.1\cmath ****   nexttoward(long double __x, long double __y)
1685:c:\program files\daisytoolchain\arm-none-eabi\include\c++\10.2.1\cmath ****   { return __builtin_nexttowardl(__x, __y); }
1686:c:\program files\daisytoolchain\arm-none-eabi\include\c++\10.2.1\cmath **** #endif
1687:c:\program files\daisytoolchain\arm-none-eabi\include\c++\10.2.1\cmath **** 
1688:c:\program files\daisytoolchain\arm-none-eabi\include\c++\10.2.1\cmath **** #ifndef __CORRECT_ISO_CPP11_MATH_H_PROTO_INT
1689:c:\program files\daisytoolchain\arm-none-eabi\include\c++\10.2.1\cmath ****   template<typename _Tp>
1690:c:\program files\daisytoolchain\arm-none-eabi\include\c++\10.2.1\cmath ****     constexpr typename __gnu_cxx::__enable_if<__is_integer<_Tp>::__value, 
1691:c:\program files\daisytoolchain\arm-none-eabi\include\c++\10.2.1\cmath ****                                               double>::__type
1692:c:\program files\daisytoolchain\arm-none-eabi\include\c++\10.2.1\cmath ****     nexttoward(_Tp __x, long double __y)
1693:c:\program files\daisytoolchain\arm-none-eabi\include\c++\10.2.1\cmath ****     { return __builtin_nexttoward(__x, __y); }
1694:c:\program files\daisytoolchain\arm-none-eabi\include\c++\10.2.1\cmath **** #endif
1695:c:\program files\daisytoolchain\arm-none-eabi\include\c++\10.2.1\cmath **** 
1696:c:\program files\daisytoolchain\arm-none-eabi\include\c++\10.2.1\cmath **** #ifndef __CORRECT_ISO_CPP11_MATH_H_PROTO_FP
1697:c:\program files\daisytoolchain\arm-none-eabi\include\c++\10.2.1\cmath ****   constexpr float
1698:c:\program files\daisytoolchain\arm-none-eabi\include\c++\10.2.1\cmath ****   remainder(float __x, float __y)
1699:c:\program files\daisytoolchain\arm-none-eabi\include\c++\10.2.1\cmath ****   { return __builtin_remainderf(__x, __y); }
1700:c:\program files\daisytoolchain\arm-none-eabi\include\c++\10.2.1\cmath **** 
1701:c:\program files\daisytoolchain\arm-none-eabi\include\c++\10.2.1\cmath ****   constexpr long double
1702:c:\program files\daisytoolchain\arm-none-eabi\include\c++\10.2.1\cmath ****   remainder(long double __x, long double __y)
1703:c:\program files\daisytoolchain\arm-none-eabi\include\c++\10.2.1\cmath ****   { return __builtin_remainderl(__x, __y); }
1704:c:\program files\daisytoolchain\arm-none-eabi\include\c++\10.2.1\cmath **** #endif
1705:c:\program files\daisytoolchain\arm-none-eabi\include\c++\10.2.1\cmath **** 
1706:c:\program files\daisytoolchain\arm-none-eabi\include\c++\10.2.1\cmath **** #ifndef __CORRECT_ISO_CPP11_MATH_H_PROTO_INT
1707:c:\program files\daisytoolchain\arm-none-eabi\include\c++\10.2.1\cmath ****   template<typename _Tp, typename _Up>
1708:c:\program files\daisytoolchain\arm-none-eabi\include\c++\10.2.1\cmath ****     constexpr typename __gnu_cxx::__promote_2<_Tp, _Up>::__type
1709:c:\program files\daisytoolchain\arm-none-eabi\include\c++\10.2.1\cmath ****     remainder(_Tp __x, _Up __y)
1710:c:\program files\daisytoolchain\arm-none-eabi\include\c++\10.2.1\cmath ****     {
1711:c:\program files\daisytoolchain\arm-none-eabi\include\c++\10.2.1\cmath ****       typedef typename __gnu_cxx::__promote_2<_Tp, _Up>::__type __type;
1712:c:\program files\daisytoolchain\arm-none-eabi\include\c++\10.2.1\cmath ****       return remainder(__type(__x), __type(__y));
1713:c:\program files\daisytoolchain\arm-none-eabi\include\c++\10.2.1\cmath ****     }
1714:c:\program files\daisytoolchain\arm-none-eabi\include\c++\10.2.1\cmath **** #endif
1715:c:\program files\daisytoolchain\arm-none-eabi\include\c++\10.2.1\cmath **** 
1716:c:\program files\daisytoolchain\arm-none-eabi\include\c++\10.2.1\cmath **** #ifndef __CORRECT_ISO_CPP11_MATH_H_PROTO_FP
1717:c:\program files\daisytoolchain\arm-none-eabi\include\c++\10.2.1\cmath ****   inline float
1718:c:\program files\daisytoolchain\arm-none-eabi\include\c++\10.2.1\cmath ****   remquo(float __x, float __y, int* __pquo)
1719:c:\program files\daisytoolchain\arm-none-eabi\include\c++\10.2.1\cmath ****   { return __builtin_remquof(__x, __y, __pquo); }
1720:c:\program files\daisytoolchain\arm-none-eabi\include\c++\10.2.1\cmath **** 
1721:c:\program files\daisytoolchain\arm-none-eabi\include\c++\10.2.1\cmath ****   inline long double
1722:c:\program files\daisytoolchain\arm-none-eabi\include\c++\10.2.1\cmath ****   remquo(long double __x, long double __y, int* __pquo)
1723:c:\program files\daisytoolchain\arm-none-eabi\include\c++\10.2.1\cmath ****   { return __builtin_remquol(__x, __y, __pquo); }
1724:c:\program files\daisytoolchain\arm-none-eabi\include\c++\10.2.1\cmath **** #endif
1725:c:\program files\daisytoolchain\arm-none-eabi\include\c++\10.2.1\cmath **** 
1726:c:\program files\daisytoolchain\arm-none-eabi\include\c++\10.2.1\cmath **** #ifndef __CORRECT_ISO_CPP11_MATH_H_PROTO_INT
1727:c:\program files\daisytoolchain\arm-none-eabi\include\c++\10.2.1\cmath ****   template<typename _Tp, typename _Up>
1728:c:\program files\daisytoolchain\arm-none-eabi\include\c++\10.2.1\cmath ****     inline typename __gnu_cxx::__promote_2<_Tp, _Up>::__type
1729:c:\program files\daisytoolchain\arm-none-eabi\include\c++\10.2.1\cmath ****     remquo(_Tp __x, _Up __y, int* __pquo)
1730:c:\program files\daisytoolchain\arm-none-eabi\include\c++\10.2.1\cmath ****     {
1731:c:\program files\daisytoolchain\arm-none-eabi\include\c++\10.2.1\cmath ****       typedef typename __gnu_cxx::__promote_2<_Tp, _Up>::__type __type;
1732:c:\program files\daisytoolchain\arm-none-eabi\include\c++\10.2.1\cmath ****       return remquo(__type(__x), __type(__y), __pquo);
1733:c:\program files\daisytoolchain\arm-none-eabi\include\c++\10.2.1\cmath ****     }
ARM GAS  C:\Users\aydan\AppData\Local\Temp\ccgjf6Ow.s 			page 66


1734:c:\program files\daisytoolchain\arm-none-eabi\include\c++\10.2.1\cmath **** #endif
1735:c:\program files\daisytoolchain\arm-none-eabi\include\c++\10.2.1\cmath **** 
1736:c:\program files\daisytoolchain\arm-none-eabi\include\c++\10.2.1\cmath **** #ifndef __CORRECT_ISO_CPP11_MATH_H_PROTO_FP
1737:c:\program files\daisytoolchain\arm-none-eabi\include\c++\10.2.1\cmath ****   constexpr float
1738:c:\program files\daisytoolchain\arm-none-eabi\include\c++\10.2.1\cmath ****   rint(float __x)
1739:c:\program files\daisytoolchain\arm-none-eabi\include\c++\10.2.1\cmath ****   { return __builtin_rintf(__x); }
1740:c:\program files\daisytoolchain\arm-none-eabi\include\c++\10.2.1\cmath **** 
1741:c:\program files\daisytoolchain\arm-none-eabi\include\c++\10.2.1\cmath ****   constexpr long double
1742:c:\program files\daisytoolchain\arm-none-eabi\include\c++\10.2.1\cmath ****   rint(long double __x)
1743:c:\program files\daisytoolchain\arm-none-eabi\include\c++\10.2.1\cmath ****   { return __builtin_rintl(__x); }
1744:c:\program files\daisytoolchain\arm-none-eabi\include\c++\10.2.1\cmath **** #endif
1745:c:\program files\daisytoolchain\arm-none-eabi\include\c++\10.2.1\cmath **** 
1746:c:\program files\daisytoolchain\arm-none-eabi\include\c++\10.2.1\cmath **** #ifndef __CORRECT_ISO_CPP11_MATH_H_PROTO_INT
1747:c:\program files\daisytoolchain\arm-none-eabi\include\c++\10.2.1\cmath ****   template<typename _Tp>
1748:c:\program files\daisytoolchain\arm-none-eabi\include\c++\10.2.1\cmath ****     constexpr typename __gnu_cxx::__enable_if<__is_integer<_Tp>::__value, 
1749:c:\program files\daisytoolchain\arm-none-eabi\include\c++\10.2.1\cmath ****                                               double>::__type
1750:c:\program files\daisytoolchain\arm-none-eabi\include\c++\10.2.1\cmath ****     rint(_Tp __x)
1751:c:\program files\daisytoolchain\arm-none-eabi\include\c++\10.2.1\cmath ****     { return __builtin_rint(__x); }
1752:c:\program files\daisytoolchain\arm-none-eabi\include\c++\10.2.1\cmath **** #endif
1753:c:\program files\daisytoolchain\arm-none-eabi\include\c++\10.2.1\cmath **** 
1754:c:\program files\daisytoolchain\arm-none-eabi\include\c++\10.2.1\cmath **** #ifndef __CORRECT_ISO_CPP11_MATH_H_PROTO_FP
1755:c:\program files\daisytoolchain\arm-none-eabi\include\c++\10.2.1\cmath ****   constexpr float
1756:c:\program files\daisytoolchain\arm-none-eabi\include\c++\10.2.1\cmath ****   round(float __x)
 1360              		.loc 2 1756 3 view .LVU397
 1361              	.LBB176:
1757:c:\program files\daisytoolchain\arm-none-eabi\include\c++\10.2.1\cmath ****   { return __builtin_roundf(__x); }
 1362              		.loc 2 1757 5 view .LVU398
 1363              		.loc 2 1757 28 is_stmt 0 view .LVU399
 1364 003a F8FE487A 		vrinta.f32	s15, s16
 1365              	.LVL113:
 1366              		.loc 2 1757 28 view .LVU400
 1367              	.LBE176:
 1368              	.LBE175:
 230:src/tuner.cpp ****     static const char* names[12] = {"C", "C#", "D", "D#", "E", "F", "F#", "G", "G#", "A", "A#", "B"
 1369              		.loc 1 230 46 view .LVU401
 1370 003e FDEEE77A 		vcvt.s32.f32	s15, s15
 1371 0042 17EE904A 		vmov	r4, s15	@ int
 1372              	.LVL114:
 231:src/tuner.cpp ****     const int note_idx = ((midi_n % 12) + 12) % 12;
 1373              		.loc 1 231 5 is_stmt 1 view .LVU402
 232:src/tuner.cpp ****     const int octave = (midi_n / 12) - 1;
 1374              		.loc 1 232 5 view .LVU403
 233:src/tuner.cpp ****     std::snprintf(out_note, out_size, "%s%d", names[note_idx], octave);
 1375              		.loc 1 233 5 view .LVU404
 234:src/tuner.cpp ****     out_cents = (midi_f - (float)midi_n) * 100.0f;
 1376              		.loc 1 234 5 view .LVU405
 232:src/tuner.cpp ****     const int octave = (midi_n / 12) - 1;
 1377              		.loc 1 232 35 is_stmt 0 view .LVU406
 1378 0046 83FB0423 		smull	r2, r3, r3, r4
 1379 004a 4FEAE47C 		asr	ip, r4, #31
 234:src/tuner.cpp ****     out_cents = (midi_f - (float)midi_n) * 100.0f;
 1380              		.loc 1 234 18 view .LVU407
 1381 004e 1D4A     		ldr	r2, .L113+20
 232:src/tuner.cpp ****     const int octave = (midi_n / 12) - 1;
 1382              		.loc 1 232 35 view .LVU408
 1383 0050 CCEB630C 		rsb	ip, ip, r3, asr #1
 1384 0054 0CEB4C03 		add	r3, ip, ip, lsl #1
ARM GAS  C:\Users\aydan\AppData\Local\Temp\ccgjf6Ow.s 			page 67


 233:src/tuner.cpp ****     std::snprintf(out_note, out_size, "%s%d", names[note_idx], octave);
 1385              		.loc 1 233 15 view .LVU409
 1386 0058 0CF1FF3C 		add	ip, ip, #-1
 232:src/tuner.cpp ****     const int octave = (midi_n / 12) - 1;
 1387              		.loc 1 232 35 view .LVU410
 1388 005c A4EB8303 		sub	r3, r4, r3, lsl #2
 234:src/tuner.cpp ****     out_cents = (midi_f - (float)midi_n) * 100.0f;
 1389              		.loc 1 234 18 view .LVU411
 1390 0060 CDF800C0 		str	ip, [sp]
 232:src/tuner.cpp ****     const int octave = (midi_n / 12) - 1;
 1391              		.loc 1 232 41 view .LVU412
 1392 0064 0C33     		adds	r3, r3, #12
 232:src/tuner.cpp ****     const int octave = (midi_n / 12) - 1;
 1393              		.loc 1 232 15 view .LVU413
 1394 0066 A6FB036C 		umull	r6, ip, r6, r3
 1395 006a 4FEADC0C 		lsr	ip, ip, #3
 1396 006e 0CEB4C0C 		add	ip, ip, ip, lsl #1
 1397 0072 A3EB8C03 		sub	r3, r3, ip, lsl #2
 234:src/tuner.cpp ****     out_cents = (midi_f - (float)midi_n) * 100.0f;
 1398              		.loc 1 234 18 view .LVU414
 1399 0076 57F82330 		ldr	r3, [r7, r3, lsl #2]
 1400 007a FFF7FEFF 		bl	snprintf
 1401              	.LVL115:
 235:src/tuner.cpp **** }
 1402              		.loc 1 235 5 is_stmt 1 view .LVU415
 235:src/tuner.cpp **** }
 1403              		.loc 1 235 27 is_stmt 0 view .LVU416
 1404 007e 07EE904A 		vmov	s15, r4	@ int
 235:src/tuner.cpp **** }
 1405              		.loc 1 235 42 view .LVU417
 1406 0082 9FED117A 		vldr.32	s14, .L113+24
 235:src/tuner.cpp **** }
 1407              		.loc 1 235 27 view .LVU418
 1408 0086 F8EEE77A 		vcvt.f32.s32	s15, s15
 235:src/tuner.cpp **** }
 1409              		.loc 1 235 25 view .LVU419
 1410 008a 38EE678A 		vsub.f32	s16, s16, s15
 1411              	.LVL116:
 235:src/tuner.cpp **** }
 1412              		.loc 1 235 42 view .LVU420
 1413 008e 28EE078A 		vmul.f32	s16, s16, s14
 235:src/tuner.cpp **** }
 1414              		.loc 1 235 15 view .LVU421
 1415 0092 85ED008A 		vstr.32	s16, [r5]
 236:src/tuner.cpp **** 
 1416              		.loc 1 236 1 view .LVU422
 1417 0096 03B0     		add	sp, sp, #12
 1418              		.cfi_remember_state
 1419              		.cfi_def_cfa_offset 28
 1420              		@ sp needed
 1421 0098 BDEC028B 		vldm	sp!, {d8}
 1422              		.cfi_restore 80
 1423              		.cfi_restore 81
 1424              		.cfi_def_cfa_offset 20
 1425 009c F0BD     		pop	{r4, r5, r6, r7, pc}
 1426              	.LVL117:
 1427              	.L112:
ARM GAS  C:\Users\aydan\AppData\Local\Temp\ccgjf6Ow.s 			page 68


 1428              		.cfi_restore_state
 236:src/tuner.cpp **** 
 1429              		.loc 1 236 1 view .LVU423
 1430 009e 0027     		movs	r7, #0
 224:src/tuner.cpp ****         out_cents = 0.0f;
 1431              		.loc 1 224 9 is_stmt 1 view .LVU424
 224:src/tuner.cpp ****         out_cents = 0.0f;
 1432              		.loc 1 224 22 is_stmt 0 view .LVU425
 1433 00a0 0A4A     		ldr	r2, .L113+28
 1434              	.LVL118:
 224:src/tuner.cpp ****         out_cents = 0.0f;
 1435              		.loc 1 224 22 view .LVU426
 1436 00a2 FFF7FEFF 		bl	snprintf
 1437              	.LVL119:
 225:src/tuner.cpp ****         return;
 1438              		.loc 1 225 9 is_stmt 1 view .LVU427
 225:src/tuner.cpp ****         return;
 1439              		.loc 1 225 19 is_stmt 0 view .LVU428
 1440 00a6 2F60     		str	r7, [r5]	@ float
 226:src/tuner.cpp ****     }
 1441              		.loc 1 226 9 is_stmt 1 view .LVU429
 236:src/tuner.cpp **** 
 1442              		.loc 1 236 1 is_stmt 0 view .LVU430
 1443 00a8 03B0     		add	sp, sp, #12
 1444              		.cfi_def_cfa_offset 28
 1445              		@ sp needed
 1446 00aa BDEC028B 		vldm	sp!, {d8}
 1447              		.cfi_restore 80
 1448              		.cfi_restore 81
 1449              		.cfi_def_cfa_offset 20
 1450 00ae F0BD     		pop	{r4, r5, r6, r7, pc}
 1451              	.LVL120:
 1452              	.L114:
 236:src/tuner.cpp **** 
 1453              		.loc 1 236 1 view .LVU431
 1454              		.align	2
 1455              	.L113:
 1456 00b0 0000DC43 		.word	1138491392
 1457 00b4 00008A42 		.word	1116340224
 1458 00b8 00000000 		.word	.LANCHOR1
 1459 00bc ABAAAA2A 		.word	715827883
 1460 00c0 ABAAAAAA 		.word	-1431655765
 1461 00c4 04000000 		.word	.LC1
 1462 00c8 0000C842 		.word	1120403456
 1463 00cc 00000000 		.word	.LC0
 1464              		.cfi_endproc
 1465              	.LFE2575:
 1467              		.section	.text._ZN3app13TunerAnalyzer9DetectYinEPKfifRfS3_m,"ax",%progbits
 1468              		.align	1
 1469              		.p2align 2,,3
 1470              		.global	_ZN3app13TunerAnalyzer9DetectYinEPKfifRfS3_m
 1471              		.syntax unified
 1472              		.thumb
 1473              		.thumb_func
 1474              		.fpu fpv5-d16
 1476              	_ZN3app13TunerAnalyzer9DetectYinEPKfifRfS3_m:
 1477              	.LVL121:
ARM GAS  C:\Users\aydan\AppData\Local\Temp\ccgjf6Ow.s 			page 69


 1478              	.LFB2576:
 246:src/tuner.cpp ****     out_freq_hz = 0.0f;
 1479              		.loc 1 246 1 is_stmt 1 view -0
 1480              		.cfi_startproc
 1481              		@ args = 8, pretend = 0, frame = 0
 1482              		@ frame_needed = 0, uses_anonymous_args = 0
 1483              		@ link register save eliminated.
 247:src/tuner.cpp ****     out_confidence = 0.0f;
 1484              		.loc 1 247 5 view .LVU433
 246:src/tuner.cpp ****     out_freq_hz = 0.0f;
 1485              		.loc 1 246 1 is_stmt 0 view .LVU434
 1486 0000 30B4     		push	{r4, r5}
 1487              		.cfi_def_cfa_offset 8
 1488              		.cfi_offset 4, -8
 1489              		.cfi_offset 5, -4
 247:src/tuner.cpp ****     out_confidence = 0.0f;
 1490              		.loc 1 247 17 view .LVU435
 1491 0002 DFED087A 		vldr.32	s15, .L118
 246:src/tuner.cpp ****     out_freq_hz = 0.0f;
 1492              		.loc 1 246 1 view .LVU436
 1493 0006 029D     		ldr	r5, [sp, #8]
 247:src/tuner.cpp ****     out_confidence = 0.0f;
 1494              		.loc 1 247 17 view .LVU437
 1495 0008 C3ED007A 		vstr.32	s15, [r3]
 248:src/tuner.cpp ****     if(!source || source_count < config::kTunerSourceWindowSize)
 1496              		.loc 1 248 5 is_stmt 1 view .LVU438
 248:src/tuner.cpp ****     if(!source || source_count < config::kTunerSourceWindowSize)
 1497              		.loc 1 248 20 is_stmt 0 view .LVU439
 1498 000c C5ED007A 		vstr.32	s15, [r5]
 249:src/tuner.cpp ****         return false;
 1499              		.loc 1 249 5 is_stmt 1 view .LVU440
 1500 0010 29B1     		cbz	r1, .L116
 1501 0012 B2F5805F 		cmp	r2, #4096
 1502 0016 02DB     		blt	.L116
 1503              		.loc 1 348 1 is_stmt 0 discriminator 3 view .LVU441
 1504 0018 30BC     		pop	{r4, r5}
 1505              		.cfi_remember_state
 1506              		.cfi_restore 5
 1507              		.cfi_restore 4
 1508              		.cfi_def_cfa_offset 0
 1509              	.LVL122:
 1510              		.loc 1 348 1 discriminator 3 view .LVU442
 1511 001a FFF7FEBF 		b	_ZN3app13TunerAnalyzer9DetectYinEPKfifRfS3_m.part.0
 1512              	.LVL123:
 1513              	.L116:
 1514              		.cfi_restore_state
 1515              		.loc 1 348 1 view .LVU443
 1516 001e 0020     		movs	r0, #0
 1517              	.LVL124:
 1518              		.loc 1 348 1 view .LVU444
 1519 0020 30BC     		pop	{r4, r5}
 1520              		.cfi_restore 5
 1521              		.cfi_restore 4
 1522              		.cfi_def_cfa_offset 0
 1523              	.LVL125:
 1524              		.loc 1 348 1 view .LVU445
 1525 0022 7047     		bx	lr
ARM GAS  C:\Users\aydan\AppData\Local\Temp\ccgjf6Ow.s 			page 70


 1526              	.L119:
 1527              		.align	2
 1528              	.L118:
 1529 0024 00000000 		.word	0
 1530              		.cfi_endproc
 1531              	.LFE2576:
 1533              		.section	.text._ZN3app13TunerAnalyzer7Median5EPKf,"ax",%progbits
 1534              		.align	1
 1535              		.p2align 2,,3
 1536              		.global	_ZN3app13TunerAnalyzer7Median5EPKf
 1537              		.syntax unified
 1538              		.thumb
 1539              		.thumb_func
 1540              		.fpu fpv5-d16
 1542              	_ZN3app13TunerAnalyzer7Median5EPKf:
 1543              	.LVL126:
 1544              	.LFB2577:
 349:src/tuner.cpp **** 
 350:src/tuner.cpp **** // Fixed compare-swap median keeps smoothing robust without heap allocation or std::sort.
 351:src/tuner.cpp **** float TunerAnalyzer::Median5(const float* values)
 352:src/tuner.cpp **** {
 1545              		.loc 1 352 1 is_stmt 1 view -0
 1546              		.cfi_startproc
 1547              		@ args = 0, pretend = 0, frame = 0
 1548              		@ frame_needed = 0, uses_anonymous_args = 0
 1549              		@ link register save eliminated.
 353:src/tuner.cpp ****     float a[5] = {values[0], values[1], values[2], values[3], values[4]};
 1550              		.loc 1 353 5 view .LVU447
 1551              		.loc 1 353 27 is_stmt 0 view .LVU448
 1552 0000 D0ED006A 		vldr.32	s13, [r0]
 1553              	.LVL127:
 1554              		.loc 1 353 38 view .LVU449
 1555 0004 D0ED017A 		vldr.32	s15, [r0, #4]
 1556              	.LVL128:
 1557              		.loc 1 353 49 view .LVU450
 1558 0008 90ED020A 		vldr.32	s0, [r0, #8]
 1559              	.LVL129:
 1560              	.LBB178:
 354:src/tuner.cpp **** #define SWAP_IF(i, j) if(a[j] < a[i]) { float t = a[i]; a[i] = a[j]; a[j] = t; }
 355:src/tuner.cpp ****     SWAP_IF(0, 1);
 1561              		.loc 1 355 5 view .LVU451
 1562 000c F4EEE76A 		vcmpe.f32	s13, s15
 1563              	.LBE178:
 353:src/tuner.cpp ****     float a[5] = {values[0], values[1], values[2], values[3], values[4]};
 1564              		.loc 1 353 60 view .LVU452
 1565 0010 90ED037A 		vldr.32	s14, [r0, #12]
 1566              	.LVL130:
 353:src/tuner.cpp ****     float a[5] = {values[0], values[1], values[2], values[3], values[4]};
 1567              		.loc 1 353 71 view .LVU453
 1568 0014 90ED046A 		vldr.32	s12, [r0, #16]
 1569              	.LVL131:
 1570              		.loc 1 355 5 is_stmt 1 view .LVU454
 1571              	.LBB180:
 1572 0018 F1EE10FA 		vmrs	APSR_nzcv, FPSCR
 1573 001c 05DD     		ble	.L121
 1574 001e F0EE665A 		vmov.f32	s11, s13
 1575              	.LBB179:
ARM GAS  C:\Users\aydan\AppData\Local\Temp\ccgjf6Ow.s 			page 71


 1576 0022 F0EE676A 		vmov.f32	s13, s15
 1577              	.LVL132:
 1578              		.loc 1 355 5 is_stmt 0 view .LVU455
 1579 0026 F0EE657A 		vmov.f32	s15, s11
 1580              	.LVL133:
 1581              	.L121:
 1582              		.loc 1 355 5 view .LVU456
 1583              	.LBE179:
 1584              	.LBE180:
 1585              		.loc 1 355 18 is_stmt 1 discriminator 3 view .LVU457
 356:src/tuner.cpp ****     SWAP_IF(3, 4);
 1586              		.loc 1 356 5 discriminator 3 view .LVU458
 1587              	.LBB181:
 1588 002a B4EEC67A 		vcmpe.f32	s14, s12
 1589 002e F1EE10FA 		vmrs	APSR_nzcv, FPSCR
 1590 0032 33DC     		bgt	.L123
 1591              		.loc 1 356 5 is_stmt 0 discriminator 3 view .LVU459
 1592              	.LBE181:
 1593              		.loc 1 356 18 is_stmt 1 discriminator 3 view .LVU460
 357:src/tuner.cpp ****     SWAP_IF(2, 4);
 1594              		.loc 1 357 5 discriminator 3 view .LVU461
 1595              	.LBB184:
 1596 0034 B4EEC60A 		vcmpe.f32	s0, s12
 1597 0038 F1EE10FA 		vmrs	APSR_nzcv, FPSCR
 1598 003c 05DD     		ble	.L124
 1599 003e F0EE405A 		vmov.f32	s11, s0
 1600              	.LBE184:
 353:src/tuner.cpp **** #define SWAP_IF(i, j) if(a[j] < a[i]) { float t = a[i]; a[i] = a[j]; a[j] = t; }
 1601              		.loc 1 353 72 is_stmt 0 view .LVU462
 1602 0042 B0EE460A 		vmov.f32	s0, s12
 1603              	.LVL134:
 1604              	.LBB187:
 1605              	.LBB185:
 1606              		.loc 1 357 5 view .LVU463
 1607 0046 B0EE656A 		vmov.f32	s12, s11
 1608              	.LVL135:
 1609              	.L124:
 1610              		.loc 1 357 5 view .LVU464
 1611              	.LBE185:
 1612              	.LBE187:
 1613              		.loc 1 357 18 is_stmt 1 discriminator 3 view .LVU465
 358:src/tuner.cpp ****     SWAP_IF(2, 3);
 1614              		.loc 1 358 5 discriminator 3 view .LVU466
 1615              	.LBB188:
 1616 004a B4EEC70A 		vcmpe.f32	s0, s14
 1617 004e F1EE10FA 		vmrs	APSR_nzcv, FPSCR
 1618 0052 30DC     		bgt	.L125
 1619              	.L149:
 1620              		.loc 1 358 5 is_stmt 0 discriminator 3 view .LVU467
 1621              	.LBE188:
 1622              		.loc 1 358 18 is_stmt 1 discriminator 3 view .LVU468
 359:src/tuner.cpp ****     SWAP_IF(0, 3);
 1623              		.loc 1 359 5 discriminator 3 view .LVU469
 1624              	.LBB189:
 1625 0054 F4EEC76A 		vcmpe.f32	s13, s14
 1626 0058 F1EE10FA 		vmrs	APSR_nzcv, FPSCR
 1627 005c 05DD     		ble	.L126
ARM GAS  C:\Users\aydan\AppData\Local\Temp\ccgjf6Ow.s 			page 72


 1628              		.loc 1 359 5 is_stmt 0 view .LVU470
 1629 005e F0EE665A 		vmov.f32	s11, s13
 1630 0062 F0EE476A 		vmov.f32	s13, s14
 1631              	.LVL136:
 1632              	.LBB190:
 1633              		.loc 1 359 5 view .LVU471
 1634 0066 B0EE657A 		vmov.f32	s14, s11
 1635              	.LVL137:
 1636              	.L126:
 1637              		.loc 1 359 5 view .LVU472
 1638              	.LBE190:
 1639              	.LBE189:
 1640              		.loc 1 359 18 is_stmt 1 discriminator 3 view .LVU473
 360:src/tuner.cpp ****     SWAP_IF(0, 2);
 1641              		.loc 1 360 5 discriminator 3 view .LVU474
 1642              	.LBB192:
 1643 006a F4EE406A 		vcmp.f32	s13, s0
 1644 006e F1EE10FA 		vmrs	APSR_nzcv, FPSCR
 1645 0072 36FE800A 		vselgt.f32	s0, s13, s0
 1646              	.LVL138:
 1647              	.L128:
 1648              		.loc 1 360 5 is_stmt 0 discriminator 3 view .LVU475
 1649              	.LBE192:
 1650              		.loc 1 360 18 is_stmt 1 discriminator 3 view .LVU476
 361:src/tuner.cpp ****     SWAP_IF(1, 4);
 1651              		.loc 1 361 5 discriminator 3 view .LVU477
 1652              	.LBB193:
 1653 0076 F4EE467A 		vcmp.f32	s15, s12
 1654 007a F1EE10FA 		vmrs	APSR_nzcv, FPSCR
 1655 007e 76FE277A 		vselgt.f32	s15, s12, s15
 1656              	.LVL139:
 1657              		.loc 1 361 5 is_stmt 0 discriminator 3 view .LVU478
 1658              	.LBE193:
 1659              		.loc 1 361 18 is_stmt 1 discriminator 3 view .LVU479
 362:src/tuner.cpp ****     SWAP_IF(1, 3);
 1660              		.loc 1 362 5 discriminator 3 view .LVU480
 1661              	.LBB194:
 1662 0082 F4EE477A 		vcmp.f32	s15, s14
 1663 0086 F1EE10FA 		vmrs	APSR_nzcv, FPSCR
 1664 008a 77FE277A 		vselgt.f32	s15, s14, s15
 1665              	.LVL140:
 1666              		.loc 1 362 5 is_stmt 0 discriminator 3 view .LVU481
 1667              	.LBE194:
 1668              		.loc 1 362 18 is_stmt 1 discriminator 3 view .LVU482
 363:src/tuner.cpp ****     SWAP_IF(1, 2);
 1669              		.loc 1 363 5 discriminator 3 view .LVU483
 1670              	.LBB195:
 1671              	.LBB196:
 1672 008e F4EE407A 		vcmp.f32	s15, s0
 1673 0092 F1EE10FA 		vmrs	APSR_nzcv, FPSCR
 1674 0096 37FE800A 		vselgt.f32	s0, s15, s0
 1675              	.LVL141:
 1676              		.loc 1 363 5 is_stmt 0 discriminator 3 view .LVU484
 1677              	.LBE196:
 1678              	.LBE195:
 364:src/tuner.cpp **** #undef SWAP_IF
 365:src/tuner.cpp ****     return a[2];
ARM GAS  C:\Users\aydan\AppData\Local\Temp\ccgjf6Ow.s 			page 73


 366:src/tuner.cpp **** }
 1679              		.loc 1 366 1 discriminator 3 view .LVU485
 1680 009a 7047     		bx	lr
 1681              	.LVL142:
 1682              	.L123:
 356:src/tuner.cpp ****     SWAP_IF(2, 4);
 1683              		.loc 1 356 18 is_stmt 1 view .LVU486
 357:src/tuner.cpp ****     SWAP_IF(2, 3);
 1684              		.loc 1 357 5 view .LVU487
 1685              	.LBB197:
 1686 009c B4EEC70A 		vcmpe.f32	s0, s14
 1687 00a0 F1EE10FA 		vmrs	APSR_nzcv, FPSCR
 1688 00a4 0FDD     		ble	.L147
 1689 00a6 F0EE405A 		vmov.f32	s11, s0
 1690              	.LBE197:
 1691              	.LBB198:
 1692              	.LBB182:
 356:src/tuner.cpp ****     SWAP_IF(2, 4);
 1693              		.loc 1 356 5 is_stmt 0 view .LVU488
 1694 00aa B0EE470A 		vmov.f32	s0, s14
 1695              	.LVL143:
 356:src/tuner.cpp ****     SWAP_IF(2, 4);
 1696              		.loc 1 356 5 view .LVU489
 1697 00ae B0EE467A 		vmov.f32	s14, s12
 1698              	.LVL144:
 356:src/tuner.cpp ****     SWAP_IF(2, 4);
 1699              		.loc 1 356 5 view .LVU490
 1700              	.LBE182:
 1701              	.LBE198:
 1702              	.LBB199:
 1703              	.LBB186:
 357:src/tuner.cpp ****     SWAP_IF(2, 3);
 1704              		.loc 1 357 5 view .LVU491
 1705 00b2 B0EE656A 		vmov.f32	s12, s11
 1706              	.LVL145:
 1707              	.L125:
 357:src/tuner.cpp ****     SWAP_IF(2, 3);
 1708              		.loc 1 357 5 view .LVU492
 1709              	.LBE186:
 1710              	.LBE199:
 358:src/tuner.cpp ****     SWAP_IF(0, 3);
 1711              		.loc 1 358 5 is_stmt 1 view .LVU493
 358:src/tuner.cpp ****     SWAP_IF(0, 3);
 1712              		.loc 1 358 5 view .LVU494
 358:src/tuner.cpp ****     SWAP_IF(0, 3);
 1713              		.loc 1 358 5 view .LVU495
 358:src/tuner.cpp ****     SWAP_IF(0, 3);
 1714              		.loc 1 358 18 view .LVU496
 359:src/tuner.cpp ****     SWAP_IF(0, 2);
 1715              		.loc 1 359 5 view .LVU497
 1716              	.LBB200:
 1717 00b6 F4EEC06A 		vcmpe.f32	s13, s0
 1718 00ba F1EE10FA 		vmrs	APSR_nzcv, FPSCR
 1719 00be 0EDD     		ble	.L148
 1720              	.LBB191:
 359:src/tuner.cpp ****     SWAP_IF(0, 2);
 1721              		.loc 1 359 5 is_stmt 0 view .LVU498
ARM GAS  C:\Users\aydan\AppData\Local\Temp\ccgjf6Ow.s 			page 74


 1722 00c0 B0EE667A 		vmov.f32	s14, s13
 1723              	.LVL146:
 359:src/tuner.cpp ****     SWAP_IF(0, 2);
 1724              		.loc 1 359 5 view .LVU499
 1725 00c4 D7E7     		b	.L128
 1726              	.LVL147:
 1727              	.L147:
 359:src/tuner.cpp ****     SWAP_IF(0, 2);
 1728              		.loc 1 359 5 view .LVU500
 1729              	.LBE191:
 1730              	.LBE200:
 1731              	.LBB201:
 357:src/tuner.cpp ****     SWAP_IF(2, 3);
 1732              		.loc 1 357 5 view .LVU501
 1733 00c6 F0EE475A 		vmov.f32	s11, s14
 1734              	.LBE201:
 1735              	.LBB202:
 1736              	.LBB183:
 356:src/tuner.cpp ****     SWAP_IF(2, 4);
 1737              		.loc 1 356 5 view .LVU502
 1738 00ca B0EE467A 		vmov.f32	s14, s12
 1739              	.LVL148:
 356:src/tuner.cpp ****     SWAP_IF(2, 4);
 1740              		.loc 1 356 5 view .LVU503
 1741 00ce B0EE656A 		vmov.f32	s12, s11
 1742              	.LVL149:
 356:src/tuner.cpp ****     SWAP_IF(2, 4);
 1743              		.loc 1 356 5 view .LVU504
 1744              	.LBE183:
 1745              	.LBE202:
 357:src/tuner.cpp ****     SWAP_IF(2, 3);
 1746              		.loc 1 357 18 is_stmt 1 view .LVU505
 358:src/tuner.cpp ****     SWAP_IF(0, 3);
 1747              		.loc 1 358 5 view .LVU506
 1748              	.LBB203:
 1749 00d2 B4EEC70A 		vcmpe.f32	s0, s14
 1750 00d6 F1EE10FA 		vmrs	APSR_nzcv, FPSCR
 1751 00da BBDD     		ble	.L149
 1752              	.LVL150:
 358:src/tuner.cpp ****     SWAP_IF(0, 3);
 1753              		.loc 1 358 5 is_stmt 0 view .LVU507
 1754 00dc EBE7     		b	.L125
 1755              	.LVL151:
 1756              	.L148:
 358:src/tuner.cpp ****     SWAP_IF(0, 3);
 1757              		.loc 1 358 5 view .LVU508
 1758              	.LBE203:
 1759              	.LBB204:
 359:src/tuner.cpp ****     SWAP_IF(0, 2);
 1760              		.loc 1 359 5 view .LVU509
 1761 00de F0EE475A 		vmov.f32	s11, s14
 1762 00e2 B0EE407A 		vmov.f32	s14, s0
 1763              	.LVL152:
 359:src/tuner.cpp ****     SWAP_IF(0, 2);
 1764              		.loc 1 359 5 view .LVU510
 1765 00e6 B0EE650A 		vmov.f32	s0, s11
 1766              	.LVL153:
ARM GAS  C:\Users\aydan\AppData\Local\Temp\ccgjf6Ow.s 			page 75


 359:src/tuner.cpp ****     SWAP_IF(0, 2);
 1767              		.loc 1 359 5 view .LVU511
 1768 00ea BEE7     		b	.L126
 1769              	.LBE204:
 1770              		.cfi_endproc
 1771              	.LFE2577:
 1773              		.section	.text._ZN3app13TunerAnalyzer7AnalyzeEPKfifffm,"ax",%progbits
 1774              		.align	1
 1775              		.p2align 2,,3
 1776              		.global	_ZN3app13TunerAnalyzer7AnalyzeEPKfifffm
 1777              		.syntax unified
 1778              		.thumb
 1779              		.thumb_func
 1780              		.fpu fpv5-d16
 1782              	_ZN3app13TunerAnalyzer7AnalyzeEPKfifffm:
 1783              	.LVL154:
 1784              	.LFB2574:
 147:src/tuner.cpp ****     TunerResult result = {};
 1785              		.loc 1 147 1 is_stmt 1 view -0
 1786              		.cfi_startproc
 1787              		@ args = 4, pretend = 0, frame = 8
 1788              		@ frame_needed = 0, uses_anonymous_args = 0
 148:src/tuner.cpp ****     std::snprintf(result.note, sizeof(result.note), "--");
 1789              		.loc 1 148 5 view .LVU513
 147:src/tuner.cpp ****     TunerResult result = {};
 1790              		.loc 1 147 1 is_stmt 0 view .LVU514
 1791 0000 F0B5     		push	{r4, r5, r6, r7, lr}
 1792              		.cfi_def_cfa_offset 20
 1793              		.cfi_offset 4, -20
 1794              		.cfi_offset 5, -16
 1795              		.cfi_offset 6, -12
 1796              		.cfi_offset 7, -8
 1797              		.cfi_offset 14, -4
 1798 0002 0D46     		mov	r5, r1
 1799 0004 1146     		mov	r1, r2
 1800              	.LVL155:
 149:src/tuner.cpp **** 
 1801              		.loc 1 149 18 view .LVU515
 1802 0006 954A     		ldr	r2, .L201
 1803              	.LVL156:
 147:src/tuner.cpp ****     TunerResult result = {};
 1804              		.loc 1 147 1 view .LVU516
 1805 0008 0446     		mov	r4, r0
 148:src/tuner.cpp ****     std::snprintf(result.note, sizeof(result.note), "--");
 1806              		.loc 1 148 17 view .LVU517
 1807 000a 0020     		movs	r0, #0
 1808              	.LVL157:
 149:src/tuner.cpp **** 
 1809              		.loc 1 149 18 view .LVU518
 1810 000c 1668     		ldr	r6, [r2]
 151:src/tuner.cpp ****         Reset(now_ms);
 1811              		.loc 1 151 5 view .LVU519
 1812 000e 95F83020 		ldrb	r2, [r5, #48]	@ zero_extendqisi2
 147:src/tuner.cpp ****     TunerResult result = {};
 1813              		.loc 1 147 1 view .LVU520
 1814 0012 2DED028B 		vpush.64	{d8}
 1815              		.cfi_def_cfa_offset 28
ARM GAS  C:\Users\aydan\AppData\Local\Temp\ccgjf6Ow.s 			page 76


 1816              		.cfi_offset 80, -28
 1817              		.cfi_offset 81, -24
 148:src/tuner.cpp ****     std::snprintf(result.note, sizeof(result.note), "--");
 1818              		.loc 1 148 17 view .LVU521
 1819 0016 2061     		str	r0, [r4, #16]
 147:src/tuner.cpp ****     TunerResult result = {};
 1820              		.loc 1 147 1 view .LVU522
 1821 0018 85B0     		sub	sp, sp, #20
 1822              		.cfi_def_cfa_offset 48
 149:src/tuner.cpp **** 
 1823              		.loc 1 149 18 view .LVU523
 1824 001a 2682     		strh	r6, [r4, #16]	@ movhi
 1825 001c 360C     		lsrs	r6, r6, #16
 147:src/tuner.cpp ****     TunerResult result = {};
 1826              		.loc 1 147 1 view .LVU524
 1827 001e B0EE608A 		vmov.f32	s16, s1
 1828 0022 0C9F     		ldr	r7, [sp, #48]
 149:src/tuner.cpp **** 
 1829              		.loc 1 149 18 view .LVU525
 1830 0024 A674     		strb	r6, [r4, #18]
 148:src/tuner.cpp ****     std::snprintf(result.note, sizeof(result.note), "--");
 1831              		.loc 1 148 17 view .LVU526
 1832 0026 C4E90000 		strd	r0, r0, [r4]
 1833 002a C4E90200 		strd	r0, r0, [r4, #8]
 1834 002e C4E90500 		strd	r0, r0, [r4, #20]
 149:src/tuner.cpp **** 
 1835              		.loc 1 149 5 is_stmt 1 view .LVU527
 151:src/tuner.cpp ****         Reset(now_ms);
 1836              		.loc 1 151 5 view .LVU528
 1837 0032 2AB1     		cbz	r2, .L151
 151:src/tuner.cpp ****         Reset(now_ms);
 1838              		.loc 1 151 39 is_stmt 0 discriminator 1 view .LVU529
 1839 0034 AA6A     		ldr	r2, [r5, #40]
 1840 0036 BA1A     		subs	r2, r7, r2
 151:src/tuner.cpp ****         Reset(now_ms);
 1841              		.loc 1 151 18 discriminator 1 view .LVU530
 1842 0038 B2F5966F 		cmp	r2, #1200
 1843 003c 00F2AE80 		bhi	.L195
 1844              	.L151:
 154:src/tuner.cpp ****     float conf = 0.0f;
 1845              		.loc 1 154 5 is_stmt 1 view .LVU531
 1846              	.LBB218:
 1847              	.LBB219:
  23:src/tuner.cpp **** }
 1848              		.loc 1 23 23 is_stmt 0 view .LVU532
 1849 0040 B5EEC01A 		vcmpe.f32	s2, #0
 1850              	.LBE219:
 1851              	.LBE218:
 154:src/tuner.cpp ****     float conf = 0.0f;
 1852              		.loc 1 154 11 view .LVU533
 1853 0044 0022     		movs	r2, #0
 1854 0046 0292     		str	r2, [sp, #8]	@ float
 155:src/tuner.cpp ****     attack_hold_ms_ = 60u + (uint32_t)(ClampFloat(attack_control, 0.0f, 1.0f) * 140.0f + 0.5f);
 1855              		.loc 1 155 5 is_stmt 1 view .LVU534
 1856              	.LBB223:
 1857              	.LBB220:
  23:src/tuner.cpp **** }
ARM GAS  C:\Users\aydan\AppData\Local\Temp\ccgjf6Ow.s 			page 77


 1858              		.loc 1 23 23 is_stmt 0 view .LVU535
 1859 0048 F1EE10FA 		vmrs	APSR_nzcv, FPSCR
 1860              	.LBE220:
 1861              	.LBE223:
 155:src/tuner.cpp ****     attack_hold_ms_ = 60u + (uint32_t)(ClampFloat(attack_control, 0.0f, 1.0f) * 140.0f + 0.5f);
 1862              		.loc 1 155 11 view .LVU536
 1863 004c 0392     		str	r2, [sp, #12]	@ float
 156:src/tuner.cpp ****     const bool ok = DetectYin(source, source_count, strictness, raw_hz, conf, now_ms);
 1864              		.loc 1 156 5 is_stmt 1 view .LVU537
 1865              	.LVL158:
 1866              	.LBB224:
 1867              	.LBI218:
  21:src/tuner.cpp **** {
 1868              		.loc 1 21 14 view .LVU538
 1869              	.LBB221:
  23:src/tuner.cpp **** }
 1870              		.loc 1 23 5 view .LVU539
  23:src/tuner.cpp **** }
 1871              		.loc 1 23 23 is_stmt 0 view .LVU540
 1872 004e 1AD4     		bmi	.L175
  23:src/tuner.cpp **** }
 1873              		.loc 1 23 42 view .LVU541
 1874 0050 F7EE007A 		vmov.f32	s15, #1.0e+0
 1875 0054 B4EEE71A 		vcmpe.f32	s2, s15
 1876 0058 F1EE10FA 		vmrs	APSR_nzcv, FPSCR
 1877 005c 40F38580 		ble	.L196
 1878 0060 C822     		movs	r2, #200
 1879              	.LVL159:
  23:src/tuner.cpp **** }
 1880              		.loc 1 23 42 view .LVU542
 1881              	.LBE221:
 1882              	.LBE224:
 156:src/tuner.cpp ****     const bool ok = DetectYin(source, source_count, strictness, raw_hz, conf, now_ms);
 1883              		.loc 1 156 21 view .LVU543
 1884 0062 EA62     		str	r2, [r5, #44]
 157:src/tuner.cpp ****     result.raw_hz = raw_hz;
 1885              		.loc 1 157 5 is_stmt 1 view .LVU544
 1886              	.LVL160:
 1887              	.LBB225:
 1888              	.LBI225:
 240:src/tuner.cpp ****                               int source_count,
 1889              		.loc 1 240 6 view .LVU545
 1890              	.LBB226:
 247:src/tuner.cpp ****     out_confidence = 0.0f;
 1891              		.loc 1 247 5 view .LVU546
 248:src/tuner.cpp ****     if(!source || source_count < config::kTunerSourceWindowSize)
 1892              		.loc 1 248 5 view .LVU547
 249:src/tuner.cpp ****         return false;
 1893              		.loc 1 249 5 view .LVU548
 1894 0064 99B9     		cbnz	r1, .L197
 1895              	.L179:
 1896              	.LVL161:
 249:src/tuner.cpp ****         return false;
 1897              		.loc 1 249 5 is_stmt 0 view .LVU549
 1898              	.LBE226:
 1899              	.LBE225:
 158:src/tuner.cpp **** 
ARM GAS  C:\Users\aydan\AppData\Local\Temp\ccgjf6Ow.s 			page 78


 1900              		.loc 1 158 5 is_stmt 1 view .LVU550
 160:src/tuner.cpp ****     {
 1901              		.loc 1 160 5 is_stmt 0 view .LVU551
 1902 0066 6B6A     		ldr	r3, [r5, #36]
 1903              	.LVL162:
 158:src/tuner.cpp **** 
 1904              		.loc 1 158 19 view .LVU552
 1905 0068 0022     		movs	r2, #0
 160:src/tuner.cpp ****     {
 1906              		.loc 1 160 5 view .LVU553
 1907 006a 9F42     		cmp	r7, r3
 158:src/tuner.cpp **** 
 1908              		.loc 1 158 19 view .LVU554
 1909 006c A261     		str	r2, [r4, #24]	@ float
 160:src/tuner.cpp ****     {
 1910              		.loc 1 160 5 is_stmt 1 view .LVU555
 1911 006e 80F08880 		bcs	.L194
 1912              	.LVL163:
 1913              	.L159:
 162:src/tuner.cpp ****         {
 1914              		.loc 1 162 9 view .LVU556
 1915 0072 95F83030 		ldrb	r3, [r5, #48]	@ zero_extendqisi2
 1916 0076 002B     		cmp	r3, #0
 1917 0078 40F0A180 		bne	.L198
 1918              	.L150:
 217:src/tuner.cpp **** 
 1919              		.loc 1 217 1 is_stmt 0 view .LVU557
 1920 007c 2046     		mov	r0, r4
 1921 007e 05B0     		add	sp, sp, #20
 1922              		.cfi_remember_state
 1923              		.cfi_def_cfa_offset 28
 1924              		@ sp needed
 1925 0080 BDEC028B 		vldm	sp!, {d8}
 1926              		.cfi_restore 80
 1927              		.cfi_restore 81
 1928              		.cfi_def_cfa_offset 20
 1929              	.LVL164:
 217:src/tuner.cpp **** 
 1930              		.loc 1 217 1 view .LVU558
 1931 0084 F0BD     		pop	{r4, r5, r6, r7, pc}
 1932              	.LVL165:
 1933              	.L175:
 1934              		.cfi_restore_state
 1935              	.LBB228:
 1936              	.LBB222:
 217:src/tuner.cpp **** 
 1937              		.loc 1 217 1 view .LVU559
 1938 0086 3C22     		movs	r2, #60
 1939              	.L152:
 1940              	.LVL166:
 217:src/tuner.cpp **** 
 1941              		.loc 1 217 1 view .LVU560
 1942              	.LBE222:
 1943              	.LBE228:
 156:src/tuner.cpp ****     const bool ok = DetectYin(source, source_count, strictness, raw_hz, conf, now_ms);
 1944              		.loc 1 156 21 view .LVU561
 1945 0088 EA62     		str	r2, [r5, #44]
ARM GAS  C:\Users\aydan\AppData\Local\Temp\ccgjf6Ow.s 			page 79


 157:src/tuner.cpp ****     result.raw_hz = raw_hz;
 1946              		.loc 1 157 5 is_stmt 1 view .LVU562
 1947              	.LVL167:
 1948              	.LBB229:
 240:src/tuner.cpp ****                               int source_count,
 1949              		.loc 1 240 6 view .LVU563
 1950              	.LBB227:
 247:src/tuner.cpp ****     out_confidence = 0.0f;
 1951              		.loc 1 247 5 view .LVU564
 248:src/tuner.cpp ****     if(!source || source_count < config::kTunerSourceWindowSize)
 1952              		.loc 1 248 5 view .LVU565
 249:src/tuner.cpp ****         return false;
 1953              		.loc 1 249 5 view .LVU566
 1954 008a 0029     		cmp	r1, #0
 1955 008c EBD0     		beq	.L179
 1956              	.L197:
 249:src/tuner.cpp ****         return false;
 1957              		.loc 1 249 5 is_stmt 0 view .LVU567
 1958 008e B3F5805F 		cmp	r3, #4096
 1959 0092 E8DB     		blt	.L179
 1960 0094 1A46     		mov	r2, r3
 1961 0096 03AB     		add	r3, sp, #12
 1962              	.LVL168:
 249:src/tuner.cpp ****         return false;
 1963              		.loc 1 249 5 view .LVU568
 1964 0098 2846     		mov	r0, r5
 1965 009a 0197     		str	r7, [sp, #4]
 1966 009c 0093     		str	r3, [sp]
 1967 009e 02AB     		add	r3, sp, #8
 1968              	.LVL169:
 249:src/tuner.cpp ****         return false;
 1969              		.loc 1 249 5 view .LVU569
 1970 00a0 FFF7FEFF 		bl	_ZN3app13TunerAnalyzer9DetectYinEPKfifRfS3_m.part.0
 1971              	.LVL170:
 249:src/tuner.cpp ****         return false;
 1972              		.loc 1 249 5 view .LVU570
 1973              	.LBE227:
 1974              	.LBE229:
 160:src/tuner.cpp ****     {
 1975              		.loc 1 160 5 view .LVU571
 1976 00a4 6B6A     		ldr	r3, [r5, #36]
 1977              	.LVL171:
 158:src/tuner.cpp **** 
 1978              		.loc 1 158 5 is_stmt 1 view .LVU572
 158:src/tuner.cpp **** 
 1979              		.loc 1 158 19 is_stmt 0 view .LVU573
 1980 00a6 9DED020A 		vldr.32	s0, [sp, #8]
 160:src/tuner.cpp ****     {
 1981              		.loc 1 160 5 view .LVU574
 1982 00aa BB42     		cmp	r3, r7
 158:src/tuner.cpp **** 
 1983              		.loc 1 158 19 view .LVU575
 1984 00ac 84ED060A 		vstr.32	s0, [r4, #24]
 160:src/tuner.cpp ****     {
 1985              		.loc 1 160 5 is_stmt 1 view .LVU576
 1986 00b0 DFD8     		bhi	.L159
 172:src/tuner.cpp ****     if(accepted && has_lock_)
ARM GAS  C:\Users\aydan\AppData\Local\Temp\ccgjf6Ow.s 			page 80


 1987              		.loc 1 172 5 view .LVU577
 1988              	.LVL172:
 173:src/tuner.cpp ****     {
 1989              		.loc 1 173 5 view .LVU578
 1990              	.LBB230:
 1991 00b2 0028     		cmp	r0, #0
 1992 00b4 65D0     		beq	.L194
 173:src/tuner.cpp ****     {
 1993              		.loc 1 173 20 is_stmt 0 discriminator 1 view .LVU579
 1994 00b6 95F83020 		ldrb	r2, [r5, #48]	@ zero_extendqisi2
 173:src/tuner.cpp ****     {
 1995              		.loc 1 173 17 discriminator 1 view .LVU580
 1996 00ba 002A     		cmp	r2, #0
 1997 00bc 40F09480 		bne	.L199
 1998              	.L162:
 1999              	.LBB231:
 176:src/tuner.cpp ****             accepted = false;
 2000              		.loc 1 176 53 view .LVU581
 2001 00c0 9DED035A 		vldr.32	s10, [sp, #12]
 2002              	.L164:
 2003              	.LVL173:
 176:src/tuner.cpp ****             accepted = false;
 2004              		.loc 1 176 53 view .LVU582
 2005              	.LBE231:
 2006              	.LBE230:
 180:src/tuner.cpp ****     {
 2007              		.loc 1 180 5 is_stmt 1 view .LVU583
 2008              	.LBB233:
 192:src/tuner.cpp ****         freq_history_[i] = freq_history_[i + 1];
 2009              		.loc 1 192 22 view .LVU584
 193:src/tuner.cpp ****     freq_history_[4] = raw_hz;
 2010              		.loc 1 193 9 view .LVU585
 193:src/tuner.cpp ****     freq_history_[4] = raw_hz;
 2011              		.loc 1 193 26 is_stmt 0 view .LVU586
 2012 00c4 6B68     		ldr	r3, [r5, #4]	@ float
 2013 00c6 2B60     		str	r3, [r5]	@ float
 192:src/tuner.cpp ****         freq_history_[i] = freq_history_[i + 1];
 2014              		.loc 1 192 5 is_stmt 1 view .LVU587
 2015              	.LVL174:
 192:src/tuner.cpp ****         freq_history_[i] = freq_history_[i + 1];
 2016              		.loc 1 192 22 view .LVU588
 193:src/tuner.cpp ****     freq_history_[4] = raw_hz;
 2017              		.loc 1 193 9 view .LVU589
 193:src/tuner.cpp ****     freq_history_[4] = raw_hz;
 2018              		.loc 1 193 26 is_stmt 0 view .LVU590
 2019 00c8 AB68     		ldr	r3, [r5, #8]	@ float
 2020 00ca 6B60     		str	r3, [r5, #4]	@ float
 192:src/tuner.cpp ****         freq_history_[i] = freq_history_[i + 1];
 2021              		.loc 1 192 5 is_stmt 1 view .LVU591
 2022              	.LVL175:
 192:src/tuner.cpp ****         freq_history_[i] = freq_history_[i + 1];
 2023              		.loc 1 192 22 view .LVU592
 193:src/tuner.cpp ****     freq_history_[4] = raw_hz;
 2024              		.loc 1 193 9 view .LVU593
 193:src/tuner.cpp ****     freq_history_[4] = raw_hz;
 2025              		.loc 1 193 26 is_stmt 0 view .LVU594
 2026 00cc EB68     		ldr	r3, [r5, #12]	@ float
ARM GAS  C:\Users\aydan\AppData\Local\Temp\ccgjf6Ow.s 			page 81


 2027 00ce AB60     		str	r3, [r5, #8]	@ float
 192:src/tuner.cpp ****         freq_history_[i] = freq_history_[i + 1];
 2028              		.loc 1 192 5 is_stmt 1 view .LVU595
 2029              	.LVL176:
 192:src/tuner.cpp ****         freq_history_[i] = freq_history_[i + 1];
 2030              		.loc 1 192 22 view .LVU596
 193:src/tuner.cpp ****     freq_history_[4] = raw_hz;
 2031              		.loc 1 193 9 view .LVU597
 193:src/tuner.cpp ****     freq_history_[4] = raw_hz;
 2032              		.loc 1 193 26 is_stmt 0 view .LVU598
 2033 00d0 2B69     		ldr	r3, [r5, #16]	@ float
 2034              	.LBE233:
 194:src/tuner.cpp ****     if(freq_history_count_ < 5)
 2035              		.loc 1 194 22 view .LVU599
 2036 00d2 85ED040A 		vstr.32	s0, [r5, #16]
 2037              	.LBB234:
 193:src/tuner.cpp ****     freq_history_[4] = raw_hz;
 2038              		.loc 1 193 26 view .LVU600
 2039 00d6 EB60     		str	r3, [r5, #12]	@ float
 192:src/tuner.cpp ****         freq_history_[i] = freq_history_[i + 1];
 2040              		.loc 1 192 5 is_stmt 1 view .LVU601
 2041              	.LVL177:
 192:src/tuner.cpp ****         freq_history_[i] = freq_history_[i + 1];
 2042              		.loc 1 192 22 view .LVU602
 2043              	.LBE234:
 194:src/tuner.cpp ****     if(freq_history_count_ < 5)
 2044              		.loc 1 194 5 view .LVU603
 195:src/tuner.cpp ****         ++freq_history_count_;
 2045              		.loc 1 195 5 view .LVU604
 195:src/tuner.cpp ****         ++freq_history_count_;
 2046              		.loc 1 195 8 is_stmt 0 view .LVU605
 2047 00d8 6B69     		ldr	r3, [r5, #20]
 195:src/tuner.cpp ****         ++freq_history_count_;
 2048              		.loc 1 195 5 view .LVU606
 2049 00da 042B     		cmp	r3, #4
 2050 00dc 00F3B780 		bgt	.L174
 196:src/tuner.cpp **** 
 2051              		.loc 1 196 9 is_stmt 1 view .LVU607
 2052 00e0 0133     		adds	r3, r3, #1
 198:src/tuner.cpp ****     const float alpha_fast = 0.45f;
 2053              		.loc 1 198 48 is_stmt 0 view .LVU608
 2054 00e2 052B     		cmp	r3, #5
 196:src/tuner.cpp **** 
 2055              		.loc 1 196 9 view .LVU609
 2056 00e4 6B61     		str	r3, [r5, #20]
 198:src/tuner.cpp ****     const float alpha_fast = 0.45f;
 2057              		.loc 1 198 5 is_stmt 1 view .LVU610
 198:src/tuner.cpp ****     const float alpha_fast = 0.45f;
 2058              		.loc 1 198 48 is_stmt 0 view .LVU611
 2059 00e6 00F0B280 		beq	.L174
 2060              	.LVL178:
 2061              	.L168:
 199:src/tuner.cpp ****     const float alpha_slow = 0.06f;
 2062              		.loc 1 199 5 is_stmt 1 discriminator 4 view .LVU612
 200:src/tuner.cpp ****     const float alpha = alpha_fast + (alpha_slow - alpha_fast) * ClampFloat(smoothing, 0.0f, 1.0f);
 2063              		.loc 1 200 5 discriminator 4 view .LVU613
 201:src/tuner.cpp ****     tracked_freq_ = has_lock_ ? tracked_freq_ + alpha * (med - tracked_freq_) : med;
ARM GAS  C:\Users\aydan\AppData\Local\Temp\ccgjf6Ow.s 			page 82


 2064              		.loc 1 201 5 discriminator 4 view .LVU614
 2065              	.LBB235:
 2066              	.LBI235:
  21:src/tuner.cpp **** {
 2067              		.loc 1 21 14 discriminator 4 view .LVU615
 2068              	.LBB236:
  23:src/tuner.cpp **** }
 2069              		.loc 1 23 5 discriminator 4 view .LVU616
  23:src/tuner.cpp **** }
 2070              		.loc 1 23 23 is_stmt 0 discriminator 4 view .LVU617
 2071 00ea B5EEC08A 		vcmpe.f32	s16, #0
 2072 00ee F1EE10FA 		vmrs	APSR_nzcv, FPSCR
 2073 00f2 00F1A980 		bmi	.L177
  23:src/tuner.cpp **** }
 2074              		.loc 1 23 42 view .LVU618
 2075 00f6 F7EE007A 		vmov.f32	s15, #1.0e+0
 2076 00fa B4EEE78A 		vcmpe.f32	s16, s15
 2077 00fe F1EE10FA 		vmrs	APSR_nzcv, FPSCR
 2078 0102 00F3A880 		bgt	.L178
 2079              	.LBE236:
 2080              	.LBE235:
 201:src/tuner.cpp ****     tracked_freq_ = has_lock_ ? tracked_freq_ + alpha * (med - tracked_freq_) : med;
 2081              		.loc 1 201 98 view .LVU619
 2082 0106 9FED567A 		vldr.32	s14, .L201+4
 2083 010a DFED567A 		vldr.32	s15, .L201+8
 2084 010e E8EE077A 		vfma.f32	s15, s16, s14
 2085              	.L169:
 2086              	.LVL179:
 202:src/tuner.cpp **** 
 2087              		.loc 1 202 5 is_stmt 1 view .LVU620
 202:src/tuner.cpp **** 
 2088              		.loc 1 202 31 is_stmt 0 view .LVU621
 2089 0112 3AB1     		cbz	r2, .L170
 202:src/tuner.cpp **** 
 2090              		.loc 1 202 33 discriminator 1 view .LVU622
 2091 0114 95ED067A 		vldr.32	s14, [r5, #24]
 202:src/tuner.cpp **** 
 2092              		.loc 1 202 62 discriminator 1 view .LVU623
 2093 0118 70EE476A 		vsub.f32	s13, s0, s14
 202:src/tuner.cpp **** 
 2094              		.loc 1 202 31 discriminator 1 view .LVU624
 2095 011c A6EEA77A 		vfma.f32	s14, s13, s15
 2096 0120 B0EE470A 		vmov.f32	s0, s14
 2097              	.LVL180:
 2098              	.L170:
 204:src/tuner.cpp ****     if(stable)
 2099              		.loc 1 204 16 discriminator 4 view .LVU625
 2100 0124 DFED507A 		vldr.32	s15, .L201+12
 202:src/tuner.cpp **** 
 2101              		.loc 1 202 19 discriminator 4 view .LVU626
 2102 0128 85ED060A 		vstr.32	s0, [r5, #24]
 204:src/tuner.cpp ****     if(stable)
 2103              		.loc 1 204 5 is_stmt 1 discriminator 4 view .LVU627
 204:src/tuner.cpp ****     if(stable)
 2104              		.loc 1 204 16 is_stmt 0 discriminator 4 view .LVU628
 2105 012c B4EEE75A 		vcmpe.f32	s10, s15
 2106 0130 F1EE10FA 		vmrs	APSR_nzcv, FPSCR
ARM GAS  C:\Users\aydan\AppData\Local\Temp\ccgjf6Ow.s 			page 83


 2107 0134 CCBF     		ite	gt
 2108 0136 0123     		movgt	r3, #1
 2109 0138 0023     		movle	r3, #0
 2110              	.LVL181:
 205:src/tuner.cpp ****     {
 2111              		.loc 1 205 5 is_stmt 1 discriminator 4 view .LVU629
 2112 013a 05DD     		ble	.L171
 207:src/tuner.cpp ****         last_valid_freq_ = tracked_freq_;
 2113              		.loc 1 207 9 view .LVU630
 207:src/tuner.cpp ****         last_valid_freq_ = tracked_freq_;
 2114              		.loc 1 207 19 is_stmt 0 view .LVU631
 2115 013c 0122     		movs	r2, #1
 208:src/tuner.cpp ****         last_lock_ms_ = now_ms;
 2116              		.loc 1 208 26 view .LVU632
 2117 013e 85ED070A 		vstr.32	s0, [r5, #28]
 209:src/tuner.cpp ****     }
 2118              		.loc 1 209 23 view .LVU633
 2119 0142 AF62     		str	r7, [r5, #40]
 207:src/tuner.cpp ****         last_valid_freq_ = tracked_freq_;
 2120              		.loc 1 207 19 view .LVU634
 2121 0144 85F83020 		strb	r2, [r5, #48]
 208:src/tuner.cpp ****         last_lock_ms_ = now_ms;
 2122              		.loc 1 208 9 is_stmt 1 view .LVU635
 209:src/tuner.cpp ****     }
 2123              		.loc 1 209 9 view .LVU636
 2124              	.L171:
 212:src/tuner.cpp ****     result.freq_hz = tracked_freq_;
 2125              		.loc 1 212 5 view .LVU637
 215:src/tuner.cpp ****     return result;
 2126              		.loc 1 215 20 is_stmt 0 view .LVU638
 2127 0148 04F11000 		add	r0, r4, #16
 2128 014c 04F10C02 		add	r2, r4, #12
 2129 0150 0821     		movs	r1, #8
 212:src/tuner.cpp ****     result.freq_hz = tracked_freq_;
 2130              		.loc 1 212 18 view .LVU639
 2131 0152 2370     		strb	r3, [r4]
 213:src/tuner.cpp ****     result.confidence = conf;
 2132              		.loc 1 213 5 is_stmt 1 view .LVU640
 213:src/tuner.cpp ****     result.confidence = conf;
 2133              		.loc 1 213 20 is_stmt 0 view .LVU641
 2134 0154 84ED010A 		vstr.32	s0, [r4, #4]
 214:src/tuner.cpp ****     FrequencyToNote(tracked_freq_, result.note, sizeof(result.note), result.cents);
 2135              		.loc 1 214 5 is_stmt 1 view .LVU642
 214:src/tuner.cpp ****     FrequencyToNote(tracked_freq_, result.note, sizeof(result.note), result.cents);
 2136              		.loc 1 214 23 is_stmt 0 view .LVU643
 2137 0158 84ED025A 		vstr.32	s10, [r4, #8]
 215:src/tuner.cpp ****     return result;
 2138              		.loc 1 215 5 is_stmt 1 view .LVU644
 215:src/tuner.cpp ****     return result;
 2139              		.loc 1 215 20 is_stmt 0 view .LVU645
 2140 015c FFF7FEFF 		bl	_ZN3app13TunerAnalyzer15FrequencyToNoteEfPcjRf
 2141              	.LVL182:
 216:src/tuner.cpp **** }
 2142              		.loc 1 216 5 is_stmt 1 view .LVU646
 217:src/tuner.cpp **** 
 2143              		.loc 1 217 1 is_stmt 0 view .LVU647
 2144 0160 2046     		mov	r0, r4
ARM GAS  C:\Users\aydan\AppData\Local\Temp\ccgjf6Ow.s 			page 84


 2145 0162 05B0     		add	sp, sp, #20
 2146              		.cfi_remember_state
 2147              		.cfi_def_cfa_offset 28
 2148              		@ sp needed
 2149 0164 BDEC028B 		vldm	sp!, {d8}
 2150              		.cfi_restore 80
 2151              		.cfi_restore 81
 2152              		.cfi_def_cfa_offset 20
 2153              	.LVL183:
 217:src/tuner.cpp **** 
 2154              		.loc 1 217 1 view .LVU648
 2155 0168 F0BD     		pop	{r4, r5, r6, r7, pc}
 2156              	.LVL184:
 2157              	.L196:
 2158              		.cfi_restore_state
 156:src/tuner.cpp ****     const bool ok = DetectYin(source, source_count, strictness, raw_hz, conf, now_ms);
 2159              		.loc 1 156 88 view .LVU649
 2160 016a F6EE007A 		vmov.f32	s15, #5.0e-1
 2161 016e 9FED3F7A 		vldr.32	s14, .L201+16
 2162 0172 E1EE077A 		vfma.f32	s15, s2, s14
 156:src/tuner.cpp ****     const bool ok = DetectYin(source, source_count, strictness, raw_hz, conf, now_ms);
 2163              		.loc 1 156 29 view .LVU650
 2164 0176 FCEEE77A 		vcvt.u32.f32	s15, s15
 2165 017a 17EE902A 		vmov	r2, s15	@ int
 156:src/tuner.cpp ****     const bool ok = DetectYin(source, source_count, strictness, raw_hz, conf, now_ms);
 2166              		.loc 1 156 27 view .LVU651
 2167 017e 3C32     		adds	r2, r2, #60
 2168 0180 82E7     		b	.L152
 2169              	.LVL185:
 2170              	.L194:
 182:src/tuner.cpp ****         result.confidence = has_lock_ ? 0.20f : 0.0f;
 2171              		.loc 1 182 9 is_stmt 1 view .LVU652
 182:src/tuner.cpp ****         result.confidence = has_lock_ ? 0.20f : 0.0f;
 2172              		.loc 1 182 22 is_stmt 0 view .LVU653
 2173 0182 0022     		movs	r2, #0
 183:src/tuner.cpp ****         if(has_lock_)
 2174              		.loc 1 183 29 view .LVU654
 2175 0184 95F83030 		ldrb	r3, [r5, #48]	@ zero_extendqisi2
 182:src/tuner.cpp ****         result.confidence = has_lock_ ? 0.20f : 0.0f;
 2176              		.loc 1 182 22 view .LVU655
 2177 0188 2270     		strb	r2, [r4]
 183:src/tuner.cpp ****         if(has_lock_)
 2178              		.loc 1 183 9 is_stmt 1 view .LVU656
 183:src/tuner.cpp ****         if(has_lock_)
 2179              		.loc 1 183 39 is_stmt 0 view .LVU657
 2180 018a 002B     		cmp	r3, #0
 2181 018c 4CD1     		bne	.L200
 183:src/tuner.cpp ****         if(has_lock_)
 2182              		.loc 1 183 27 view .LVU658
 2183 018e 0023     		movs	r3, #0
 217:src/tuner.cpp **** 
 2184              		.loc 1 217 1 view .LVU659
 2185 0190 2046     		mov	r0, r4
 183:src/tuner.cpp ****         if(has_lock_)
 2186              		.loc 1 183 27 view .LVU660
 2187 0192 A360     		str	r3, [r4, #8]	@ float
 184:src/tuner.cpp ****         {
ARM GAS  C:\Users\aydan\AppData\Local\Temp\ccgjf6Ow.s 			page 85


 2188              		.loc 1 184 9 is_stmt 1 view .LVU661
 217:src/tuner.cpp **** 
 2189              		.loc 1 217 1 is_stmt 0 view .LVU662
 2190 0194 05B0     		add	sp, sp, #20
 2191              		.cfi_remember_state
 2192              		.cfi_def_cfa_offset 28
 2193              		@ sp needed
 2194 0196 BDEC028B 		vldm	sp!, {d8}
 2195              		.cfi_restore 80
 2196              		.cfi_restore 81
 2197              		.cfi_def_cfa_offset 20
 2198              	.LVL186:
 217:src/tuner.cpp **** 
 2199              		.loc 1 217 1 view .LVU663
 2200 019a F0BD     		pop	{r4, r5, r6, r7, pc}
 2201              	.LVL187:
 2202              	.L195:
 2203              		.cfi_restore_state
 2204              	.LBB239:
 2205              	.LBB240:
 2206              	.LBB241:
 127:src/tuner.cpp ****         freq_history_[i] = 0.0f;
 2207              		.loc 1 127 22 is_stmt 1 view .LVU664
 128:src/tuner.cpp ****     freq_history_count_ = 0;
 2208              		.loc 1 128 9 view .LVU665
 128:src/tuner.cpp ****     freq_history_count_ = 0;
 2209              		.loc 1 128 26 is_stmt 0 view .LVU666
 2210 019c 0022     		movs	r2, #0
 2211              	.LBE241:
 129:src/tuner.cpp ****     tracked_freq_ = 0.0f;
 2212              		.loc 1 129 25 view .LVU667
 2213 019e 6861     		str	r0, [r5, #20]
 134:src/tuner.cpp ****     attack_hold_ms_ = config::kTunerDefaultAttackMs;
 2214              		.loc 1 134 19 view .LVU668
 2215 01a0 A862     		str	r0, [r5, #40]
 2216              	.LBB242:
 128:src/tuner.cpp ****     freq_history_count_ = 0;
 2217              		.loc 1 128 26 view .LVU669
 2218 01a2 2A60     		str	r2, [r5]	@ float
 127:src/tuner.cpp ****         freq_history_[i] = 0.0f;
 2219              		.loc 1 127 5 is_stmt 1 view .LVU670
 2220              	.LVL188:
 127:src/tuner.cpp ****         freq_history_[i] = 0.0f;
 2221              		.loc 1 127 22 view .LVU671
 128:src/tuner.cpp ****     freq_history_count_ = 0;
 2222              		.loc 1 128 9 view .LVU672
 128:src/tuner.cpp ****     freq_history_count_ = 0;
 2223              		.loc 1 128 26 is_stmt 0 view .LVU673
 2224 01a4 6A60     		str	r2, [r5, #4]	@ float
 127:src/tuner.cpp ****         freq_history_[i] = 0.0f;
 2225              		.loc 1 127 5 is_stmt 1 view .LVU674
 2226              	.LVL189:
 127:src/tuner.cpp ****         freq_history_[i] = 0.0f;
 2227              		.loc 1 127 22 view .LVU675
 128:src/tuner.cpp ****     freq_history_count_ = 0;
 2228              		.loc 1 128 9 view .LVU676
 128:src/tuner.cpp ****     freq_history_count_ = 0;
ARM GAS  C:\Users\aydan\AppData\Local\Temp\ccgjf6Ow.s 			page 86


 2229              		.loc 1 128 26 is_stmt 0 view .LVU677
 2230 01a6 AA60     		str	r2, [r5, #8]	@ float
 127:src/tuner.cpp ****         freq_history_[i] = 0.0f;
 2231              		.loc 1 127 5 is_stmt 1 view .LVU678
 2232              	.LVL190:
 127:src/tuner.cpp ****         freq_history_[i] = 0.0f;
 2233              		.loc 1 127 22 view .LVU679
 128:src/tuner.cpp ****     freq_history_count_ = 0;
 2234              		.loc 1 128 9 view .LVU680
 128:src/tuner.cpp ****     freq_history_count_ = 0;
 2235              		.loc 1 128 26 is_stmt 0 view .LVU681
 2236 01a8 EA60     		str	r2, [r5, #12]	@ float
 127:src/tuner.cpp ****         freq_history_[i] = 0.0f;
 2237              		.loc 1 127 5 is_stmt 1 view .LVU682
 2238              	.LVL191:
 127:src/tuner.cpp ****         freq_history_[i] = 0.0f;
 2239              		.loc 1 127 22 view .LVU683
 128:src/tuner.cpp ****     freq_history_count_ = 0;
 2240              		.loc 1 128 9 view .LVU684
 128:src/tuner.cpp ****     freq_history_count_ = 0;
 2241              		.loc 1 128 26 is_stmt 0 view .LVU685
 2242 01aa 2A61     		str	r2, [r5, #16]	@ float
 127:src/tuner.cpp ****         freq_history_[i] = 0.0f;
 2243              		.loc 1 127 5 is_stmt 1 view .LVU686
 2244              	.LVL192:
 127:src/tuner.cpp ****         freq_history_[i] = 0.0f;
 2245              		.loc 1 127 22 view .LVU687
 2246              	.LBE242:
 129:src/tuner.cpp ****     tracked_freq_ = 0.0f;
 2247              		.loc 1 129 5 view .LVU688
 130:src/tuner.cpp ****     last_valid_freq_ = 0.0f;
 2248              		.loc 1 130 5 view .LVU689
 130:src/tuner.cpp ****     last_valid_freq_ = 0.0f;
 2249              		.loc 1 130 19 is_stmt 0 view .LVU690
 2250 01ac AA61     		str	r2, [r5, #24]	@ float
 131:src/tuner.cpp ****     rms_previous_ = 0.0f;
 2251              		.loc 1 131 5 is_stmt 1 view .LVU691
 131:src/tuner.cpp ****     rms_previous_ = 0.0f;
 2252              		.loc 1 131 22 is_stmt 0 view .LVU692
 2253 01ae EA61     		str	r2, [r5, #28]	@ float
 132:src/tuner.cpp ****     attack_until_ms_ = now_ms + config::kTunerDefaultAttackMs;
 2254              		.loc 1 132 5 is_stmt 1 view .LVU693
 132:src/tuner.cpp ****     attack_until_ms_ = now_ms + config::kTunerDefaultAttackMs;
 2255              		.loc 1 132 19 is_stmt 0 view .LVU694
 2256 01b0 2A62     		str	r2, [r5, #32]	@ float
 133:src/tuner.cpp ****     last_lock_ms_ = 0;
 2257              		.loc 1 133 5 is_stmt 1 view .LVU695
 133:src/tuner.cpp ****     last_lock_ms_ = 0;
 2258              		.loc 1 133 31 is_stmt 0 view .LVU696
 2259 01b2 07F17802 		add	r2, r7, #120
 136:src/tuner.cpp **** }
 2260              		.loc 1 136 15 view .LVU697
 2261 01b6 85F83000 		strb	r0, [r5, #48]
 133:src/tuner.cpp ****     last_lock_ms_ = 0;
 2262              		.loc 1 133 22 view .LVU698
 2263 01ba 6A62     		str	r2, [r5, #36]
 134:src/tuner.cpp ****     attack_hold_ms_ = config::kTunerDefaultAttackMs;
ARM GAS  C:\Users\aydan\AppData\Local\Temp\ccgjf6Ow.s 			page 87


 2264              		.loc 1 134 5 is_stmt 1 view .LVU699
 135:src/tuner.cpp ****     has_lock_ = false;
 2265              		.loc 1 135 5 view .LVU700
 136:src/tuner.cpp **** }
 2266              		.loc 1 136 5 view .LVU701
 137:src/tuner.cpp **** 
 2267              		.loc 1 137 1 is_stmt 0 view .LVU702
 2268 01bc 40E7     		b	.L151
 2269              	.LVL193:
 2270              	.L198:
 137:src/tuner.cpp **** 
 2271              		.loc 1 137 1 view .LVU703
 2272              	.LBE240:
 2273              	.LBE239:
 164:src/tuner.cpp ****             result.freq_hz = last_valid_freq_;
 2274              		.loc 1 164 13 is_stmt 1 view .LVU704
 164:src/tuner.cpp ****             result.freq_hz = last_valid_freq_;
 2275              		.loc 1 164 26 is_stmt 0 view .LVU705
 2276 01be 0020     		movs	r0, #0
 165:src/tuner.cpp ****             result.confidence = 0.25f;
 2277              		.loc 1 165 30 view .LVU706
 2278 01c0 95ED070A 		vldr.32	s0, [r5, #28]
 166:src/tuner.cpp ****             FrequencyToNote(last_valid_freq_, result.note, sizeof(result.note), result.cents);
 2279              		.loc 1 166 31 view .LVU707
 2280 01c4 4FF07A53 		mov	r3, #1048576000
 167:src/tuner.cpp ****         }
 2281              		.loc 1 167 28 view .LVU708
 2282 01c8 04F10C02 		add	r2, r4, #12
 164:src/tuner.cpp ****             result.freq_hz = last_valid_freq_;
 2283              		.loc 1 164 26 view .LVU709
 2284 01cc 2070     		strb	r0, [r4]
 165:src/tuner.cpp ****             result.confidence = 0.25f;
 2285              		.loc 1 165 13 is_stmt 1 view .LVU710
 167:src/tuner.cpp ****         }
 2286              		.loc 1 167 28 is_stmt 0 view .LVU711
 2287 01ce 0821     		movs	r1, #8
 2288 01d0 04F11000 		add	r0, r4, #16
 165:src/tuner.cpp ****             result.confidence = 0.25f;
 2289              		.loc 1 165 28 view .LVU712
 2290 01d4 84ED010A 		vstr.32	s0, [r4, #4]
 166:src/tuner.cpp ****             FrequencyToNote(last_valid_freq_, result.note, sizeof(result.note), result.cents);
 2291              		.loc 1 166 13 is_stmt 1 view .LVU713
 166:src/tuner.cpp ****             FrequencyToNote(last_valid_freq_, result.note, sizeof(result.note), result.cents);
 2292              		.loc 1 166 31 is_stmt 0 view .LVU714
 2293 01d8 A360     		str	r3, [r4, #8]	@ float
 167:src/tuner.cpp ****         }
 2294              		.loc 1 167 13 is_stmt 1 view .LVU715
 167:src/tuner.cpp ****         }
 2295              		.loc 1 167 28 is_stmt 0 view .LVU716
 2296 01da FFF7FEFF 		bl	_ZN3app13TunerAnalyzer15FrequencyToNoteEfPcjRf
 2297              	.LVL194:
 217:src/tuner.cpp **** 
 2298              		.loc 1 217 1 view .LVU717
 2299 01de 2046     		mov	r0, r4
 2300 01e0 05B0     		add	sp, sp, #20
 2301              		.cfi_remember_state
 2302              		.cfi_def_cfa_offset 28
ARM GAS  C:\Users\aydan\AppData\Local\Temp\ccgjf6Ow.s 			page 88


 2303              		@ sp needed
 2304 01e2 BDEC028B 		vldm	sp!, {d8}
 2305              		.cfi_restore 80
 2306              		.cfi_restore 81
 2307              		.cfi_def_cfa_offset 20
 2308              	.LVL195:
 217:src/tuner.cpp **** 
 2309              		.loc 1 217 1 view .LVU718
 2310 01e6 F0BD     		pop	{r4, r5, r6, r7, pc}
 2311              	.LVL196:
 2312              	.L199:
 2313              		.cfi_restore_state
 2314              	.LBB243:
 2315              	.LBB232:
 175:src/tuner.cpp ****         if((ratio > 1.95f || ratio < 0.52f) && conf < 0.90f)
 2316              		.loc 1 175 9 is_stmt 1 view .LVU719
 175:src/tuner.cpp ****         if((ratio > 1.95f || ratio < 0.52f) && conf < 0.90f)
 2317              		.loc 1 175 21 is_stmt 0 view .LVU720
 2318 01e8 D5ED077A 		vldr.32	s15, [r5, #28]
 176:src/tuner.cpp ****             accepted = false;
 2319              		.loc 1 176 9 view .LVU721
 2320 01ec DFED206A 		vldr.32	s13, .L201+20
 175:src/tuner.cpp ****         if((ratio > 1.95f || ratio < 0.52f) && conf < 0.90f)
 2321              		.loc 1 175 21 view .LVU722
 2322 01f0 80EE277A 		vdiv.f32	s14, s0, s15
 2323              	.LVL197:
 176:src/tuner.cpp ****             accepted = false;
 2324              		.loc 1 176 9 is_stmt 1 view .LVU723
 2325 01f4 B4EEE67A 		vcmpe.f32	s14, s13
 2326 01f8 F1EE10FA 		vmrs	APSR_nzcv, FPSCR
 2327 01fc 07DC     		bgt	.L163
 176:src/tuner.cpp ****             accepted = false;
 2328              		.loc 1 176 27 is_stmt 0 discriminator 2 view .LVU724
 2329 01fe DFED1D6A 		vldr.32	s13, .L201+24
 2330 0202 B4EEE67A 		vcmpe.f32	s14, s13
 2331 0206 F1EE10FA 		vmrs	APSR_nzcv, FPSCR
 2332 020a 7FF559AF 		bpl	.L162
 2333              	.L163:
 176:src/tuner.cpp ****             accepted = false;
 2334              		.loc 1 176 53 discriminator 3 view .LVU725
 2335 020e 9DED035A 		vldr.32	s10, [sp, #12]
 176:src/tuner.cpp ****             accepted = false;
 2336              		.loc 1 176 45 discriminator 3 view .LVU726
 2337 0212 9FED197A 		vldr.32	s14, .L201+28
 2338              	.LVL198:
 176:src/tuner.cpp ****             accepted = false;
 2339              		.loc 1 176 45 discriminator 3 view .LVU727
 2340 0216 B4EEC75A 		vcmpe.f32	s10, s14
 2341 021a F1EE10FA 		vmrs	APSR_nzcv, FPSCR
 2342 021e 7FF551AF 		bpl	.L164
 2343              	.LVL199:
 176:src/tuner.cpp ****             accepted = false;
 2344              		.loc 1 176 45 discriminator 3 view .LVU728
 2345              	.LBE232:
 2346              	.LBE243:
 182:src/tuner.cpp ****         result.confidence = has_lock_ ? 0.20f : 0.0f;
 2347              		.loc 1 182 9 is_stmt 1 view .LVU729
ARM GAS  C:\Users\aydan\AppData\Local\Temp\ccgjf6Ow.s 			page 89


 182:src/tuner.cpp ****         result.confidence = has_lock_ ? 0.20f : 0.0f;
 2348              		.loc 1 182 22 is_stmt 0 view .LVU730
 2349 0222 0023     		movs	r3, #0
 2350 0224 2370     		strb	r3, [r4]
 183:src/tuner.cpp ****         if(has_lock_)
 2351              		.loc 1 183 9 is_stmt 1 view .LVU731
 2352 0226 01E0     		b	.L166
 2353              	.LVL200:
 2354              	.L200:
 183:src/tuner.cpp ****         if(has_lock_)
 2355              		.loc 1 183 9 is_stmt 0 view .LVU732
 2356 0228 D5ED077A 		vldr.32	s15, [r5, #28]
 2357              	.L166:
 183:src/tuner.cpp ****         if(has_lock_)
 2358              		.loc 1 183 27 view .LVU733
 2359 022c 134B     		ldr	r3, .L201+32
 187:src/tuner.cpp ****         }
 2360              		.loc 1 187 28 view .LVU734
 2361 022e B0EE670A 		vmov.f32	s0, s15
 2362 0232 04F10C02 		add	r2, r4, #12
 2363 0236 0821     		movs	r1, #8
 2364 0238 04F11000 		add	r0, r4, #16
 183:src/tuner.cpp ****         if(has_lock_)
 2365              		.loc 1 183 27 view .LVU735
 2366 023c A360     		str	r3, [r4, #8]	@ float
 184:src/tuner.cpp ****         {
 2367              		.loc 1 184 9 is_stmt 1 view .LVU736
 186:src/tuner.cpp ****             FrequencyToNote(last_valid_freq_, result.note, sizeof(result.note), result.cents);
 2368              		.loc 1 186 13 view .LVU737
 186:src/tuner.cpp ****             FrequencyToNote(last_valid_freq_, result.note, sizeof(result.note), result.cents);
 2369              		.loc 1 186 28 is_stmt 0 view .LVU738
 2370 023e C4ED017A 		vstr.32	s15, [r4, #4]
 187:src/tuner.cpp ****         }
 2371              		.loc 1 187 13 is_stmt 1 view .LVU739
 187:src/tuner.cpp ****         }
 2372              		.loc 1 187 28 is_stmt 0 view .LVU740
 2373 0242 FFF7FEFF 		bl	_ZN3app13TunerAnalyzer15FrequencyToNoteEfPcjRf
 2374              	.LVL201:
 2375 0246 19E7     		b	.L150
 2376              	.LVL202:
 2377              	.L177:
 2378              	.LBB244:
 2379              	.LBB237:
 187:src/tuner.cpp ****         }
 2380              		.loc 1 187 28 view .LVU741
 2381 0248 DFED067A 		vldr.32	s15, .L201+8
 2382 024c 61E7     		b	.L169
 2383              	.LVL203:
 2384              	.L174:
 187:src/tuner.cpp ****         }
 2385              		.loc 1 187 28 view .LVU742
 2386              	.LBE237:
 2387              	.LBE244:
 198:src/tuner.cpp ****     const float alpha_fast = 0.45f;
 2388              		.loc 1 198 57 view .LVU743
 2389 024e 2846     		mov	r0, r5
 2390              	.LVL204:
ARM GAS  C:\Users\aydan\AppData\Local\Temp\ccgjf6Ow.s 			page 90


 198:src/tuner.cpp ****     const float alpha_fast = 0.45f;
 2391              		.loc 1 198 57 view .LVU744
 2392 0250 FFF7FEFF 		bl	_ZN3app13TunerAnalyzer7Median5EPKf
 2393              	.LVL205:
 2394 0254 49E7     		b	.L168
 2395              	.LVL206:
 2396              	.L178:
 2397              	.LBB245:
 2398              	.LBB238:
 198:src/tuner.cpp ****     const float alpha_fast = 0.45f;
 2399              		.loc 1 198 57 view .LVU745
 2400 0256 DFED0A7A 		vldr.32	s15, .L201+36
 2401 025a 5AE7     		b	.L169
 2402              	.L202:
 2403              		.align	2
 2404              	.L201:
 2405 025c 00000000 		.word	.LC0
 2406 0260 14AEC7BE 		.word	-1094210028
 2407 0264 6666E63E 		.word	1055286886
 2408 0268 CDCCCC3E 		.word	1053609165
 2409 026c 00000C43 		.word	1124859904
 2410 0270 9A99F93F 		.word	1073322394
 2411 0274 B81E053F 		.word	1057300152
 2412 0278 6666663F 		.word	1063675494
 2413 027c CDCC4C3E 		.word	1045220557
 2414 0280 90C2753D 		.word	1031127696
 2415              	.LBE238:
 2416              	.LBE245:
 2417              		.cfi_endproc
 2418              	.LFE2574:
 2420              		.section	.rodata.str1.4,"aMS",%progbits,1
 2421              		.align	2
 2422              	.LC2:
 2423 0000 4300     		.ascii	"C\000"
 2424 0002 0000     		.align	2
 2425              	.LC3:
 2426 0004 432300   		.ascii	"C#\000"
 2427 0007 00       		.align	2
 2428              	.LC4:
 2429 0008 4400     		.ascii	"D\000"
 2430 000a 0000     		.align	2
 2431              	.LC5:
 2432 000c 442300   		.ascii	"D#\000"
 2433 000f 00       		.align	2
 2434              	.LC6:
 2435 0010 4500     		.ascii	"E\000"
 2436 0012 0000     		.align	2
 2437              	.LC7:
 2438 0014 4600     		.ascii	"F\000"
 2439 0016 0000     		.align	2
 2440              	.LC8:
 2441 0018 462300   		.ascii	"F#\000"
 2442 001b 00       		.align	2
 2443              	.LC9:
 2444 001c 4700     		.ascii	"G\000"
 2445 001e 0000     		.align	2
 2446              	.LC10:
ARM GAS  C:\Users\aydan\AppData\Local\Temp\ccgjf6Ow.s 			page 91


 2447 0020 472300   		.ascii	"G#\000"
 2448 0023 00       		.align	2
 2449              	.LC11:
 2450 0024 4100     		.ascii	"A\000"
 2451 0026 0000     		.align	2
 2452              	.LC12:
 2453 0028 412300   		.ascii	"A#\000"
 2454 002b 00       		.align	2
 2455              	.LC13:
 2456 002c 4200     		.ascii	"B\000"
 2457              		.global	_ZN3app17tuner_cmnd_bufferE
 2458              		.global	_ZN3app23tuner_difference_bufferE
 2459              		.global	_ZN3app17tuner_work_bufferE
 2460              		.global	_ZN3app18tuner_capture_ringE
 2461              		.section	.bss._ZN3app17tuner_cmnd_bufferE,"aw",%nobits
 2462              		.align	2
 2465              	_ZN3app17tuner_cmnd_bufferE:
 2466 0000 00000000 		.space	4096
 2466      00000000 
 2466      00000000 
 2466      00000000 
 2466      00000000 
 2467              		.section	.bss._ZN3app17tuner_work_bufferE,"aw",%nobits
 2468              		.align	2
 2471              	_ZN3app17tuner_work_bufferE:
 2472 0000 00000000 		.space	4096
 2472      00000000 
 2472      00000000 
 2472      00000000 
 2472      00000000 
 2473              		.section	.bss._ZN3app18tuner_capture_ringE,"aw",%nobits
 2474              		.align	2
 2477              	_ZN3app18tuner_capture_ringE:
 2478 0000 00000000 		.space	32768
 2478      00000000 
 2478      00000000 
 2478      00000000 
 2478      00000000 
 2479              		.section	.bss._ZN3app23tuner_difference_bufferE,"aw",%nobits
 2480              		.align	2
 2483              	_ZN3app23tuner_difference_bufferE:
 2484 0000 00000000 		.space	4096
 2484      00000000 
 2484      00000000 
 2484      00000000 
 2484      00000000 
 2485              		.section	.rodata._ZZN3app13TunerAnalyzer15FrequencyToNoteEfPcjRfE5names,"a"
 2486              		.align	2
 2487              		.set	.LANCHOR1,. + 0
 2490              	_ZZN3app13TunerAnalyzer15FrequencyToNoteEfPcjRfE5names:
 2491 0000 00000000 		.word	.LC2
 2492 0004 04000000 		.word	.LC3
 2493 0008 08000000 		.word	.LC4
 2494 000c 0C000000 		.word	.LC5
 2495 0010 10000000 		.word	.LC6
 2496 0014 14000000 		.word	.LC7
 2497 0018 18000000 		.word	.LC8
ARM GAS  C:\Users\aydan\AppData\Local\Temp\ccgjf6Ow.s 			page 92


 2498 001c 1C000000 		.word	.LC9
 2499 0020 20000000 		.word	.LC10
 2500 0024 24000000 		.word	.LC11
 2501 0028 28000000 		.word	.LC12
 2502 002c 2C000000 		.word	.LC13
 2503              		.section	.rodata._ZZN3app13TunerAnalyzer9DetectYinEPKfifRfS3_mE4kFir,"a"
 2504              		.align	2
 2505              		.set	.LANCHOR0,. + 0
 2508              	_ZZN3app13TunerAnalyzer9DetectYinEPKfifRfS3_mE4kFir:
 2509 0000 F1F0F03C 		.word	1022423281
 2510 0004 F1F0703D 		.word	1030811889
 2511 0008 F1F0F03D 		.word	1039200497
 2512 000c B5B4343E 		.word	1043641525
 2513 0010 F1F0703E 		.word	1047589105
 2514 0014 B5B4343E 		.word	1043641525
 2515 0018 F1F0F03D 		.word	1039200497
 2516 001c F1F0703D 		.word	1030811889
 2517 0020 F1F0F03C 		.word	1022423281
 2518              		.text
 2519              	.Letext0:
 2520              		.file 3 "c:\\program files\\daisytoolchain\\arm-none-eabi\\include\\machine\\_default_types.h"
 2521              		.file 4 "c:\\program files\\daisytoolchain\\arm-none-eabi\\include\\sys\\_stdint.h"
 2522              		.file 5 "c:\\program files\\daisytoolchain\\arm-none-eabi\\include\\stdint.h"
 2523              		.file 6 "c:\\program files\\daisytoolchain\\lib\\gcc\\arm-none-eabi\\10.2.1\\include\\stddef.h"
 2524              		.file 7 "c:\\program files\\daisytoolchain\\arm-none-eabi\\include\\c++\\10.2.1\\bits\\std_abs.h"
 2525              		.file 8 "c:\\program files\\daisytoolchain\\arm-none-eabi\\include\\c++\\10.2.1\\cstdlib"
 2526              		.file 9 "c:\\program files\\daisytoolchain\\arm-none-eabi\\include\\c++\\10.2.1\\cstdint"
 2527              		.file 10 "c:\\program files\\daisytoolchain\\arm-none-eabi\\include\\c++\\10.2.1\\type_traits"
 2528              		.file 11 "c:\\program files\\daisytoolchain\\arm-none-eabi\\include\\c++\\10.2.1\\debug\\debug.h"
 2529              		.file 12 "c:\\program files\\daisytoolchain\\arm-none-eabi\\include\\c++\\10.2.1\\arm-none-eabi\\t
 2530              		.file 13 "c:\\program files\\daisytoolchain\\arm-none-eabi\\include\\c++\\10.2.1\\bits\\algorithmf
 2531              		.file 14 "c:\\program files\\daisytoolchain\\arm-none-eabi\\include\\c++\\10.2.1\\bits\\stl_pair.h
 2532              		.file 15 "c:\\program files\\daisytoolchain\\arm-none-eabi\\include\\c++\\10.2.1\\bits\\exception_
 2533              		.file 16 "c:\\program files\\daisytoolchain\\arm-none-eabi\\include\\c++\\10.2.1\\cstdarg"
 2534              		.file 17 "c:\\program files\\daisytoolchain\\arm-none-eabi\\include\\c++\\10.2.1\\cstdio"
 2535              		.file 18 "c:\\program files\\daisytoolchain\\arm-none-eabi\\include\\c++\\10.2.1\\cstring"
 2536              		.file 19 "c:\\program files\\daisytoolchain\\arm-none-eabi\\include\\c++\\10.2.1\\bits\\predefined
 2537              		.file 20 "c:\\program files\\daisytoolchain\\arm-none-eabi\\include\\sys\\_types.h"
 2538              		.file 21 "c:\\program files\\daisytoolchain\\arm-none-eabi\\include\\sys\\reent.h"
 2539              		.file 22 "c:\\program files\\daisytoolchain\\arm-none-eabi\\include\\sys\\lock.h"
 2540              		.file 23 "c:\\program files\\daisytoolchain\\arm-none-eabi\\include\\math.h"
 2541              		.file 24 "c:\\program files\\daisytoolchain\\arm-none-eabi\\include\\stdlib.h"
 2542              		.file 25 "c:\\program files\\daisytoolchain\\arm-none-eabi\\include\\c++\\10.2.1\\math.h"
 2543              		.file 26 "c:\\program files\\daisytoolchain\\arm-none-eabi\\include\\c++\\10.2.1\\stdlib.h"
 2544              		.file 27 "../../libDaisy/src/daisy_core.h"
 2545              		.file 28 "../../libDaisy/src/util/wav_format.h"
 2546              		.file 29 "../../libDaisy/src/dev/max11300.h"
 2547              		.file 30 "../../libDaisy/src/daisy_seed.h"
 2548              		.file 31 "c:\\program files\\daisytoolchain\\lib\\gcc\\arm-none-eabi\\10.2.1\\include\\stdarg.h"
 2549              		.file 32 "c:\\program files\\daisytoolchain\\arm-none-eabi\\include\\stdio.h"
 2550              		.file 33 "c:\\program files\\daisytoolchain\\arm-none-eabi\\include\\string.h"
 2551              		.file 34 "src/app_config.h"
 2552              		.file 35 "src/tuner.h"
 2553              		.file 36 "../../libDaisy/src/dev/sr_595.h"
 2554              		.file 37 "<built-in>"
ARM GAS  C:\Users\aydan\AppData\Local\Temp\ccgjf6Ow.s 			page 93


DEFINED SYMBOLS
                            *ABS*:00000000 tuner.cpp
C:\Users\aydan\AppData\Local\Temp\ccgjf6Ow.s:17     .text._ZN3app13TunerAnalyzer9DetectYinEPKfifRfS3_m.part.0:00000000 $t
C:\Users\aydan\AppData\Local\Temp\ccgjf6Ow.s:25     .text._ZN3app13TunerAnalyzer9DetectYinEPKfifRfS3_m.part.0:00000000 _ZN3app13TunerAnalyzer9DetectYinEPKfifRfS3_m.part.0
C:\Users\aydan\AppData\Local\Temp\ccgjf6Ow.s:730    .text._ZN3app13TunerAnalyzer9DetectYinEPKfifRfS3_m.part.0:00000304 $d
C:\Users\aydan\AppData\Local\Temp\ccgjf6Ow.s:2471   .bss._ZN3app17tuner_work_bufferE:00000000 _ZN3app17tuner_work_bufferE
C:\Users\aydan\AppData\Local\Temp\ccgjf6Ow.s:2483   .bss._ZN3app23tuner_difference_bufferE:00000000 _ZN3app23tuner_difference_bufferE
C:\Users\aydan\AppData\Local\Temp\ccgjf6Ow.s:2465   .bss._ZN3app17tuner_cmnd_bufferE:00000000 _ZN3app17tuner_cmnd_bufferE
C:\Users\aydan\AppData\Local\Temp\ccgjf6Ow.s:759    .text._ZN3app12TunerCaptureC2Ev:00000000 $t
C:\Users\aydan\AppData\Local\Temp\ccgjf6Ow.s:767    .text._ZN3app12TunerCaptureC2Ev:00000000 _ZN3app12TunerCaptureC2Ev
C:\Users\aydan\AppData\Local\Temp\ccgjf6Ow.s:767    .text._ZN3app12TunerCaptureC2Ev:00000000 _ZN3app12TunerCaptureC1Ev
C:\Users\aydan\AppData\Local\Temp\ccgjf6Ow.s:788    .text._ZN3app12TunerCapture4InitEv:00000000 $t
C:\Users\aydan\AppData\Local\Temp\ccgjf6Ow.s:796    .text._ZN3app12TunerCapture4InitEv:00000000 _ZN3app12TunerCapture4InitEv
C:\Users\aydan\AppData\Local\Temp\ccgjf6Ow.s:843    .text._ZN3app12TunerCapture4InitEv:0000001c $d
C:\Users\aydan\AppData\Local\Temp\ccgjf6Ow.s:2477   .bss._ZN3app18tuner_capture_ringE:00000000 _ZN3app18tuner_capture_ringE
C:\Users\aydan\AppData\Local\Temp\ccgjf6Ow.s:848    .text._ZN3app12TunerCapture10WriteBlockEPKfj:00000000 $t
C:\Users\aydan\AppData\Local\Temp\ccgjf6Ow.s:856    .text._ZN3app12TunerCapture10WriteBlockEPKfj:00000000 _ZN3app12TunerCapture10WriteBlockEPKfj
C:\Users\aydan\AppData\Local\Temp\ccgjf6Ow.s:929    .text._ZN3app12TunerCapture10WriteBlockEPKfj:00000030 $d
C:\Users\aydan\AppData\Local\Temp\ccgjf6Ow.s:934    .text._ZNK3app12TunerCapture19CompletedWriteIndexEv:00000000 $t
C:\Users\aydan\AppData\Local\Temp\ccgjf6Ow.s:942    .text._ZNK3app12TunerCapture19CompletedWriteIndexEv:00000000 _ZNK3app12TunerCapture19CompletedWriteIndexEv
C:\Users\aydan\AppData\Local\Temp\ccgjf6Ow.s:962    .text._ZNK3app12TunerCapture18CopyAnalysisWindowEPfi:00000000 $t
C:\Users\aydan\AppData\Local\Temp\ccgjf6Ow.s:970    .text._ZNK3app12TunerCapture18CopyAnalysisWindowEPfi:00000000 _ZNK3app12TunerCapture18CopyAnalysisWindowEPfi
C:\Users\aydan\AppData\Local\Temp\ccgjf6Ow.s:1113   .text._ZNK3app12TunerCapture18CopyAnalysisWindowEPfi:00000064 $d
C:\Users\aydan\AppData\Local\Temp\ccgjf6Ow.s:1118   .text._ZN3app13TunerAnalyzerC2Ev:00000000 $t
C:\Users\aydan\AppData\Local\Temp\ccgjf6Ow.s:1126   .text._ZN3app13TunerAnalyzerC2Ev:00000000 _ZN3app13TunerAnalyzerC2Ev
C:\Users\aydan\AppData\Local\Temp\ccgjf6Ow.s:1126   .text._ZN3app13TunerAnalyzerC2Ev:00000000 _ZN3app13TunerAnalyzerC1Ev
C:\Users\aydan\AppData\Local\Temp\ccgjf6Ow.s:1171   .text._ZN3app13TunerAnalyzer5ResetEm:00000000 $t
C:\Users\aydan\AppData\Local\Temp\ccgjf6Ow.s:1179   .text._ZN3app13TunerAnalyzer5ResetEm:00000000 _ZN3app13TunerAnalyzer5ResetEm
C:\Users\aydan\AppData\Local\Temp\ccgjf6Ow.s:1266   .rodata._ZN3app13TunerAnalyzer15FrequencyToNoteEfPcjRf.str1.4:00000000 $d
C:\Users\aydan\AppData\Local\Temp\ccgjf6Ow.s:1273   .text._ZN3app13TunerAnalyzer15FrequencyToNoteEfPcjRf:00000000 $t
C:\Users\aydan\AppData\Local\Temp\ccgjf6Ow.s:1281   .text._ZN3app13TunerAnalyzer15FrequencyToNoteEfPcjRf:00000000 _ZN3app13TunerAnalyzer15FrequencyToNoteEfPcjRf
C:\Users\aydan\AppData\Local\Temp\ccgjf6Ow.s:1456   .text._ZN3app13TunerAnalyzer15FrequencyToNoteEfPcjRf:000000b0 $d
C:\Users\aydan\AppData\Local\Temp\ccgjf6Ow.s:1468   .text._ZN3app13TunerAnalyzer9DetectYinEPKfifRfS3_m:00000000 $t
C:\Users\aydan\AppData\Local\Temp\ccgjf6Ow.s:1476   .text._ZN3app13TunerAnalyzer9DetectYinEPKfifRfS3_m:00000000 _ZN3app13TunerAnalyzer9DetectYinEPKfifRfS3_m
C:\Users\aydan\AppData\Local\Temp\ccgjf6Ow.s:1529   .text._ZN3app13TunerAnalyzer9DetectYinEPKfifRfS3_m:00000024 $d
C:\Users\aydan\AppData\Local\Temp\ccgjf6Ow.s:1534   .text._ZN3app13TunerAnalyzer7Median5EPKf:00000000 $t
C:\Users\aydan\AppData\Local\Temp\ccgjf6Ow.s:1542   .text._ZN3app13TunerAnalyzer7Median5EPKf:00000000 _ZN3app13TunerAnalyzer7Median5EPKf
C:\Users\aydan\AppData\Local\Temp\ccgjf6Ow.s:1774   .text._ZN3app13TunerAnalyzer7AnalyzeEPKfifffm:00000000 $t
C:\Users\aydan\AppData\Local\Temp\ccgjf6Ow.s:1782   .text._ZN3app13TunerAnalyzer7AnalyzeEPKfifffm:00000000 _ZN3app13TunerAnalyzer7AnalyzeEPKfifffm
C:\Users\aydan\AppData\Local\Temp\ccgjf6Ow.s:2405   .text._ZN3app13TunerAnalyzer7AnalyzeEPKfifffm:0000025c $d
C:\Users\aydan\AppData\Local\Temp\ccgjf6Ow.s:2421   .rodata.str1.4:00000000 $d
C:\Users\aydan\AppData\Local\Temp\ccgjf6Ow.s:2462   .bss._ZN3app17tuner_cmnd_bufferE:00000000 $d
C:\Users\aydan\AppData\Local\Temp\ccgjf6Ow.s:2468   .bss._ZN3app17tuner_work_bufferE:00000000 $d
C:\Users\aydan\AppData\Local\Temp\ccgjf6Ow.s:2474   .bss._ZN3app18tuner_capture_ringE:00000000 $d
C:\Users\aydan\AppData\Local\Temp\ccgjf6Ow.s:2480   .bss._ZN3app23tuner_difference_bufferE:00000000 $d
C:\Users\aydan\AppData\Local\Temp\ccgjf6Ow.s:2486   .rodata._ZZN3app13TunerAnalyzer15FrequencyToNoteEfPcjRfE5names:00000000 $d
C:\Users\aydan\AppData\Local\Temp\ccgjf6Ow.s:2490   .rodata._ZZN3app13TunerAnalyzer15FrequencyToNoteEfPcjRfE5names:00000000 _ZZN3app13TunerAnalyzer15FrequencyToNoteEfPcjRfE5names
C:\Users\aydan\AppData\Local\Temp\ccgjf6Ow.s:2504   .rodata._ZZN3app13TunerAnalyzer9DetectYinEPKfifRfS3_mE4kFir:00000000 $d
C:\Users\aydan\AppData\Local\Temp\ccgjf6Ow.s:2508   .rodata._ZZN3app13TunerAnalyzer9DetectYinEPKfifRfS3_mE4kFir:00000000 _ZZN3app13TunerAnalyzer9DetectYinEPKfifRfS3_mE4kFir

UNDEFINED SYMBOLS
memset
sqrtf
log2f
snprintf
