:020000040800F2
:1000000000000220990600089506000811970008D4
:1000100095060008950600089506000800000000F7
:10002000000000000000000000000000950600082D
:100030009506000800000000950600089596000847
:100040009506000895060008950600089506000824
:100050009506000895060008950600089506000814
:10006000950600089506000895060008C982000854
:10007000D582000845700008E1820008ED82000882
:1000800049910008F57700089506000895060008D4
:1000900095060008950600089506000895060008D4
:1000A00095060008950600089506000895060008C4
:1000B000B90F0108C50F0108D10F01082978000800
:1000C00095060008357800089506000829080108FB
:1000D000350801087D8F0008A98F0008DD8F000812
:1000E0009506000895060008000000009506000827
:1000F0009506000895060008950600089506000874
:100100009506000895060008DD0F01084108010862
:100110001190000845900008950600089506000813
:100120009506000895060008650801089908010869
:100130007D910008950600089506000895060008C0
:1001400000000000000000000000000000000000AF
:1001500095060008950600089506000879900008A5
:100160004178000895060008A5960008C996000881
:1001700095060008ED96000895060008950600080B
:100180009506000895060008AD900008E19000086B
:100190004D08010859080108950600089506000851
:1001A00095060008950600089506000895060008C3
:1001B000E97F0008950600089506000895060008E6
:1001C00095060008950600089506000895060008A3
:1001D0009506000895060008950600089506000893
:1001E0009506000895060008950600089506000883
:1001F0009506000895060008950600089506000873
:100200009506000895060008950600089506000862
:100210009506000895060008950600089506000852
:1002200095060008950600089506000800000000E5
:1002300095060008950600080000000095060008D5
:100240009506000895060008950600089506000822
:100250009506000895060008950600089506000812
:100260009506000895060008950600089506000802
:10027000950600089506000815910008000000008A
:100280009506000895060008950600080000000085
:080290000000000095060008C3
:1002A00010B5054C237833B9044B13B10448AFF3B0
:1002B00000800123237010BDE8030024000000002B
:1002C000F430010808B5034B1BB103490348AFF3F1
:1002D000008008BD00000000EC030024F430010899
:1002E000034613F8012B002AFBD1181A0138704776
:1002F00001F0FF01102A2BDB10F0070F08D010F8D7
:10030000013B013A8B422DD010F0070F42B3F6D1DA
:10031000F0B441EA012141EA014122F007047FF0F3
:1003200000070023F0E80256083C85EA010586EA4A
:10033000010685FA47F5A3FA87F586FA47F6A5FA86
:1003400087F68EB9EED1F0BC01F0FF0102F0070292
:1003500032B110F8013B013A83EA010313B1F8D13D
:100360000020704701387047002D06BF354603381E
:10037000073815F0010F07D1013015F4807F02BF57
:10038000013015F4C03F0130F0BC0138704700BFA8
:1003900053B94AB9002908BF00281CBF4FF0FF31EC
:1003A0004FF0FF3000F074B9ADF1080C6DE904CEE8
:1003B00000F006F8DDF804E0DDE9022304B0704740
:1003C0002DE9F047089D04468E46002B4DD18A4208
:1003D000944669D9B2FA82F252B101FA02F3C2F13B
:1003E000200120FA01F10CFA02FC41EA030E9440CC
:1003F0004FEA1C48210CBEFBF8F61FFA8CF708FBED
:1004000016E341EA034306FB07F199420AD91CEBC4
:10041000030306F1FF3080F01F81994240F21C81F6
:10042000023E63445B1AA4B2B3FBF8F008FB10333E
:1004300044EA034400FB07F7A7420AD91CEB040473
:1004400000F1FF3380F00A81A74240F20781644443
:10045000023840EA0640E41B00261DB1D4400023C8
:10046000C5E900433146BDE8F0878B4209D9002D2C
:1004700000F0EF800026C5E9000130463146BDE8B6
:10048000F087B3FA83F6002E4AD18B4202D3824220
:1004900000F2F980841A61EB030301209E46002DCF
:1004A000E0D0C5E9004EDDE702B9FFDEB2FA82F224
:1004B000002A40F09280A1EB0C014FEA1C471FFA82
:1004C0008CFE0126200CB1FBF7F307FB131140EA69
:1004D00001410EFB03F0884208D91CEB010103F136
:1004E000FF3802D2884200F2CB804346091AA4B2F8
:1004F000B1FBF7F007FB101144EA01440EFB00FECC
:10050000A64508D91CEB040400F1FF3102D2A64530
:1005100000F2BB800846A4EB0E0440EA03409CE7CF
:10052000C6F12007B34022FA07FC4CEA030C20FA7C
:1005300007F401FA06F31C43F9404FEA1C4900FA9C
:1005400006F3B1FBF9F8200C1FFA8CFE09FB181119
:1005500040EA014108FB0EF0884202FA06F20BD98C
:100560001CEB010108F1FF3A80F08880884240F2DC
:100570008580A8F102086144091AA4B2B1FBF9F020
:1005800009FB101144EA014100FB0EFE8E4508D91B
:100590001CEB010100F1FF346CD28E456AD90238A0
:1005A000614440EA0840A0FB0294A1EB0E01A14285
:1005B000C846A64656D353D05DB1B3EB080261EBF3
:1005C0000E0101FA07F722FA06F3F1401F43C5E9CD
:1005D000007100263146BDE8F087C2F12003D84003
:1005E0000CFA02FC21FA03F3914001434FEA1C4745
:1005F0001FFA8CFEB3FBF7F007FB10360B0C43EA37
:10060000064300FB0EF69E4204FA02F408D91CEBE6
:10061000030300F1FF382FD29E422DD902386344E4
:100620009B1B89B2B3FBF7F607FB163341EA034184
:1006300006FB0EF38B4208D91CEB010106F1FF38D3
:1006400016D28B4214D9023E6144C91A46EA0046CA
:1006500038E72E46284605E70646E3E61846F8E65C
:100660004B45A9D2B9EB020864EB0C0E0138A3E7A5
:100670004646EAE7204694E74046D1E7D0467BE786
:10068000023B614432E7304609E76444023842E7FE
:10069000704700BFFEE700BF0B480C4A904203D0F2
:1006A000121A0B4911F06AFE0A480B4A904203D015
:1006B000121A002111F070FE09F082FA11F03AFED0
:1006C00000F02AF8FEE700BF00000024E403002445
:1006D00024310108E803002438220124704700BFB8
:1006E000F8B5154606460F4601680A4800F058FE60
:1006F0007DB133683C68706803EB850C796853F80A
:10070000042B44F8042B634550F8042B41F8042BC8
:10071000F5D1F8BD040400242DE9F047002194B080
:10072000534805F057F80321514804F05BFF30218E
:100730004F4804F073FF4F4A4F48504E504D514CB4
:100740004B494FF0000A00F0BFF9304601F0C6F8FF
:10075000284600F015FED14609F04AF80146204629
:10076000D04600F081FE484941485746FF2604F034
:1007700035FF2AE0002E57D02146424800F074FE93
:100780004FF0000923464F2B1AD94FF480523F49AE
:100790003B4800F01FFE002867D003A839499DEDB3
:1007A0000C1A4FF48053DDED0B0AA1469DED0A0AA9
:1007B000364A009400F04CFF03A9304801F0A4F938
:1007C000012037462E4609F015F809F011F80446C5
:1007D00029490AA8264A234600F0DEFA10999DF816
:1007E0003A50A1F101012248B1FA81F1490904F01E
:1007F00031FFAE4203D02946204801F08BF89DF826
:100800004430E3B99DF8383023B9A4EB0803B3F5BD
:10081000FA7F04D30AA91948A04601F095F8B5FA61
:1008200085F67609002FA5D0E5B187B12146154898
:1008300000F01AFE1148A24601F0CCF9C0E7DDE94C
:1008400012239DF845100D4801F040F9DAE74DB14B
:10085000A4EB0A03B3F57A7FB2D30848A24601F0AD
:10086000B9F9ADE7A4EB09038DE7A146A8E700BFFE
:10087000504400244004002490440024F844002400
:10088000040400240C040024E106000850040024A1
:1008900010B50F4800240F4A0F49046044610462F8
:1008A000C46311F06BFC0D4B0D485C6043F8044BC6
:1008B0005C601C8100F0A4F80A4800F04DFD0A4875
:1008C00000F0BCFD0948BDE8104001F003B800BFCE
:1008D0005044002400000024DD06000840040024E9
:1008E00090440024040400240C040024F844002450
:1008F000F0B50D8807464E88013A00F10E044FF01E
:10090000000CAE422CBF0023012303732B460AE0E8
:100910009E4510D2734494454FEA530324F8023B9A
:100920000BDA31F8023FAE420CF1010CB1F802E0F3
:10093000EED39E45EED80020F0BD012318467B7310
:10094000F0BD00BF70B50646407B30B3F0697568F6
:10095000002801DDA84221DD002D4DDD33684FF078
:10096000010C00204FF6FF74A3F1020E3EF8023F87
:100970009942A3EB0102A1EB030392B288BF9AB2A2
:100980006346A24201D260461446AB420CF1010C10
:10099000ECDB7389A34238BF002070BD6FF00042CA
:1009A0003368B6F80AE00244348933F812207444FC
:1009B0008A42A4B234BF8A1A521A92B29442ECD23A
:1009C0009E1E012400204FF6FF7C36F8023F99421C
:1009D000A3EB0102A1EB030392B288BF9AB22346B4
:1009E000624501D2204694469D4204F10104ECDCAC
:1009F000E64538BF002070BD00204FF6FF74C8E701
:100A000010B4184C03464FF60B7C002220680021DE
:100A1000A3F804C040F2011CC3F86200A088A3F848
:100A20004C20A3F8660018461A601A61A3F818C093
:100A3000A3F844209A6483F84E2019655965996596
:100A4000DA65A3F86020C3E90B22C3E902225DF84E
:100A5000044BC3E90722C3E90922C3E90D22C3E914
:100A60000F227047242C010890F844305BB30368D0
:100A70004BB3B0F860C0F0B5B0F85C40B0F85EE0E1
:100A800090F84C7090F84D6090F84E50A0F862408D
:100A9000A0F864E0A0F866C000201A68BFF35B8F7E
:100AA000911C42F0010221F001011A601F715E7178
:100AB0009D71D8711C81A3F80AE0A3F80CC0BFF3A4
:100AC0005B8F1960F0BD70472DE9F04F00240226BE
:100AD0000546804689464FF0010A08F1200B082799
:100AE0002DED028B9FB045F8042B32468DF8146033
:100AF0000CA88DF81540059906F010F803238DF821
:100B0000184032468DF819300DF14200069906F072
:100B100005F88DF81CA08DF81DA03246079915A880
:100B200005F0FCFF07238DF8204032468DF8213078
:100B30000DF16600089909F1180605F0EFFF04238E
:100B40000CA930461A4605F0FDFF304606F008FABB
:100B50000521484604F03EFD8A4A5346284611685E
:100B60002246009406F01AFBDFED877A87490622B9
:100B7000874B5846C8F84040B0EE678A88F82D4049
:100B8000F0EE678AC8F82010C8E90E44C8E90923C6
:100B9000FFF7AEFE8246CDED097ACDED0A7ACDEDB6
:100BA0000B7A0AAD0024E1B2304606F0EFF9B5EE5B
:100BB000C00AF7EE007AF1EE10FA0FD4B4EE670A2D
:100BC0000134F1EE10FA37FE800A30EE080A032CE9
:100BD00005ED010A0BD0B5EC018AE4E79FED6A0A46
:100BE000013430EE080A032C05ED010AF3D1214649
:100BF000304606F0CBF9B5EEC00AF1EE10FA12D489
:100C0000F7EE007AB4EE670AF1EE10FA37FE800ACA
:100C10000121484678EE808A04F0DCFC013F05D0D3
:100C20009DED098ABDE79FED580AF1E708F15C01E7
:100C300009A808F150030C46B4EE007AF0EC017AF2
:100C4000F7EE006A002267EE877AF5EEC07AE3ECF1
:100C5000017AF1EE10FA11D4F4EEE67A9FED4D6AC6
:100C6000B6EE007A4FF6FF72F1EE10FA06DCA7EE50
:100C7000867ABCEEC77A17EE102A92B29C4221F80F
:100C8000022BD9D1BAF1000F31D0F4EE007A68EE20
:100C9000A78AF5EEC08AF1EE10FA33D50021039150
:100CA00008F0A6FD039906465846FFF74BFED8F814
:100CB00038400546A0423BD00446C8F83800C8F882
:100CC00040605846FFF73EFEA042D8F83C5006F17F
:100CD000140640D02C46C8F83800C8F84060002CF4
:100CE00008BF2C46631E042B98BF88F84C300123A4
:100CF000404688F84430FFF7B7FE1FB0BDEC028BCA
:100D0000BDE8F08FF7EE007AF4EEE78AF1EE10FA24
:100D100002DD4FF6FF71C2E7F6EE007A9FED1D7A15
:100D2000E8EE877AFCEEE77A17EE903A99B2B6E7EA
:100D3000D8F83C00854202461CD0D8F84030F31A5F
:100D4000132B1AD95846C8F83C50FFF7FBFDA042B8
:100D500006F11406BED1AC4209D0D8F84010721A80
:100D6000132A94BFD8F83C40C8F83C40B7E7224665
:100D7000D8F83C0004461546B1E72C461436054623
:100D8000E9E700BF842C010800000000882C01085E
:100D90008403F00A00FF7F472DE9F04F00250C4641
:100DA00002F1180B28222946074604F15C0604F1DB
:100DB0005008BA46A9462DED028B83B0019311F07D
:100DC000EBFAB4F84C207A82E26BBA61E9B2584689
:100DD00006F0DCF8B5EEC00AF1EE10FA5FD4F7EEDB
:100DE000007AB4EE670AF1EE10FA37FE800AD8ED09
:100DF000007A9FED7A7A30EE670AE0EE077AF5EE38
:100E0000C07AE8EC017AF1EE10FA42D4B7EE007A3B
:100E1000F4EEC77AF1EE10FA44DCB6EE007ADFEDBC
:100E2000706AA7EEA67AFCEEC77A17EE903A9AB2ED
:100E300007EE902AB8EE677AC7EE267AF1883280FC
:100E4000914234BF521A8A1A92B2802A05F10105E2
:100E500006F10206EAEC017A28BF4FF00109032DE2
:100E6000B4D1B6EE008A2946584687ED038A06F0CB
:100E70008DF8B5EEC00AF1EE10FA18D4F7EE007A4C
:100E8000B4EEE70AF1EE10FA40F396804FF6FF71E8
:100E90000EE00022DFED537A3280F288D5E79FED35
:100EA000510AA4E7F0EE477A4FF6FF72C6E7002139
:100EB00004F12000B982FFF745FDA36B984262D090
:100EC000019BA063E06B2364B8610138042813D947
:100ED000201D4D4606F048FA637E834220D0019BD8
:100EE0006076E36187F81090002D43D1384603B057
:100EF000BDEC028BBDE8F08FC0B294F84C30834259
:100F0000E6D00023012584F84C00B874201D84F835
:100F10004D30FB747D7406F027FA637E8342DED188
:100F2000227E9A42DED0E2690199A1EB020ABAF16F
:100F30000E0FD7D92376002B30D194F84530002BF3
:100F4000D0D1012394F84C2084F84530A36C0133B0
:100F5000A3647B62002A3BD094F84D3040F201122A
:100F600087F8109083F00103BA831F4A84F84D304C
:100F7000FB743A622046FFF777FD384603B0BDECBC
:100F8000028BBDE8F08FE26B90429DD0236C0199FB
:100F9000CB1A132B94BF1046E06395E794F84530C5
:100FA000002B9FD0002384F84530A36C7B62012383
:100FB0003B770E4B3B6295E7F0EE487A9FED087A5F
:100FC000E0EE077AFCEEE77A17EE903A99B26FE717
:100FD00040F20113BB83044B3B6283E70AD7A33D76
:100FE00000FF7F4700000000702C0108782C0108EA
:100FF000002ADFEDC07A2DE9F84307461C462DEDA7
:10100000028BB0EE408A08DD0B4601EB8205B3ECA3
:10101000017AAB4277EE877AF9D107EE102AB64D06
:10102000501EDFEDB45AB8EEC77A6FF00308DFF850
:1010300024E305F580592E4687EE876A4246AF4B7A
:1010400008F10408DFEDAE6A9FEDAA7A01E0F3EC47
:10105000016A002A8C4605DB82429446A8BF84467A
:1010600001EB8C0CDCED007A734502F1010277EEA6
:10107000C67AA7EEA67AEAD1A6EC017A4E45E7EE4B
:10108000075ADBD1DFED9F7A25EEA70AB5EE400ABD
:10109000F1EE10FA00F12981F1EEC07A9FED9A7A13
:1010A000D7ED086AF4EEC77AF1EE10FA07DD9FED8E
:1010B000977AF4EEC76AF1EE10FA00F3CF809FED55
:1010C000947ADFED945A27EE877A9FED936AF4EED7
:1010D000C67AA6EEA57AF1EE10FA87ED087A00F14D
:1010E000AE80002140F2F4628C48012611F054F9E0
:1010F0008B484FEA450C8B4907460CF5805CACEBFE
:1011000001022B469FED7B7AF3EC017AF2EC016A47
:101110008B4277EEE67AA7EEA77AF5D1013640F258
:10112000BD12191FA7EC017A9642E8D17E4D4FF00F
:101130007E53DFED707A2A467C4942F8043B012356
:10114000F0EC016AB7EE007A9FED796A77EEA67A45
:10115000F4EEC67AF1EE10FA07DD07EE103AB8EEBB
:10116000C77A67EE266A86EEA77A814203F1010309
:10117000A2EC017AE4D1B5EEC08AF1EE10FA63D5A3
:101180009FED6C7A6C4A0C2302E001338B4256D0FF
:10119000F2EC017A40F2BD11F4EEC77AF1EE10FAEA
:1011A000F3D505EB830209E0D2ED017AB2EC017AC6
:1011B000F4EEC77AF1EE10FA66D50B46B3F5DE7F92
:1011C00003F10101F0DBDFED4B7A07EE103AF7EEA9
:1011D000006AB8EEC77A77EE277AF4EEE67AF1EE97
:1011E00010FA2CD9DFED555AB3EE0B6A85EEA77ACB
:1011F000B4EEC67AF1EE10FA21D4DFED517AB4EEF6
:10120000E77AF1EE10FA1ADC05EB830384ED007A3D
:10121000D3ED007A76EEE77AF5EEC07AF1EE10FAC9
:101220005DD4F4EE667AF1EE10FA76FEA77A0A9BA8
:101230000120BDEC028BC3ED007ABDE8F883BDEC64
:10124000028B0020BDE8F883F7EE007AB4EEE78A5F
:10125000F1EE10FA11DD9FED3B7A93E787EEA67A67
:101260009FED396AB4EEC67AF1EE10FA7FF727AF38
:10127000FB6A0B9A13447B6221E7DFED347A9FED22
:101280002D7AA8EE677A7DE705EB8302B0EE005A6F
:10129000DFED2F5A52ED016AB0EE666A97EE056AED
:1012A00036EE676AB0EEC67AB4EEE57AF1EE10FA81
:1012B00089D476EEE77AF6EE006AFEEE005A27EE63
:1012C000A67AC7EE067AF4EEE57AF1EE10FA09D4C2
:1012D000F4EE667AF1EE10FA76FEA77A75E7DFEDA6
:1012E000057AA4E7F0EE657A6FE710F0E3FFF0EE21
:1012F000407AD3E60000000000550024042D0108C8
:10130000F1F0F03C0000803AA69B443CBD378635A6
:101310009A99193E9A99593F0AD7233C00E500242F
:1013200004E50024FC64002400450024F4EB0024C0
:101330005F708930AE47613E3045002400803B46F7
:1013400000007A44CDCCCC3D3333D33F8FC2F53D42
:10135000CCBC8C2B242D010800220549054B10B470
:10136000C0E90022044C054A5DF8044B704700BFF9
:101370000065002400E500240055002400450024F9
:1013800010B54FF4004204460021044811F004F85F
:1013900000232360BFF35B8F636010BD00650024F2
:1013A000036830B492B19C18094DC3F30C020133A9
:1013B00051F804CB05EB8202A342C2F800C0F4D17D
:1013C0000460BFF35B8F446030BC70471C46F7E796
:1013D00000650024531EB3F5805F03D2B1FA81F398
:1013E0005B0909B90020704770B502F58075466841
:1013F000BFF35B8FB5421CD8A6F580768C460E4DA8
:101400001946B41A0B19013141F6FF7EC3F30C03E0
:101410008A4205EB83031B684CF8043BF2DC43680B
:10142000901BBFF35B8F184470458CBF00200120D8
:1014300070BD002070BD00BF0065002400220021A7
:1014400010B478248161C161C46201625DF8044B0B
:1014500080F83020C0E90022C0E90222C0E904225D
:10146000C0E90922704700BF0023002278310360E1
:1014700043608360C360036142618361C36103624F
:1014800080F8302010B47824C0E90912C4625DF8F5
:10149000044B7047B5EEC00AF0B5F1EE10FA1546F0
:1014A0002DED028B83B044D9DFED267A04460E463B
:1014B0009FED258A80EE270A244F10F093FE2046E8
:1014C000234B3146234EF2EE087AA0EE278AF8FE2F
:1014D000487AFDEEE77A17EE904A83FB04234FEA41
:1014E000E47C1D4ACCEB630C0CEB4C030CF1FF3C91
:1014F000A4EB8303CDF800C00C33A6FB036C4FEACA
:10150000DC0C0CEB4C0CA3EB8C0357F8233011F0E4
:1015100001F807EE904A9FED117AF8EEE77A38EE7F
:10152000678A28EE078A85ED008A03B0BDEC028B3E
:10153000F0BD00270A4A10F0EDFF2F6003B0BDECAC
:10154000028BF0BD0000DC4300008A42D02C010871
:10155000ABAAAA2AABAAAAAA982C01080000C842E2
:10156000942C0108D0ED006AD0ED017A90ED020ACA
:10157000F4EEE76A90ED037A90ED046AF1EE10FA6A
:1015800005DDF0EE665AF0EE676AF0EE657AB4EECD
:10159000C67AF1EE10FA33DCB4EEC60AF1EE10FAB8
:1015A00005DDF0EE405AB0EE460AB0EE656AB4EEE4
:1015B000C70AF1EE10FA30DCF4EEC76AF1EE10FA69
:1015C00005DDF0EE665AF0EE476AB0EE657AF4EEAD
:1015D000406AF1EE10FA36FE800AF4EE467AF1EE39
:1015E00010FA76FE277AF4EE477AF1EE10FA77FEDB
:1015F000277AF4EE407AF1EE10FA37FE800A70474F
:10160000B4EEC70AF1EE10FA0FDDF0EE405AB0EE7C
:10161000470AB0EE467AB0EE656AF4EEC06AF1EEC3
:1016200010FA0EDDB0EE667AD7E7F0EE475AB0EE6C
:10163000467AB0EE656AB4EEC70AF1EE10FABBDD89
:10164000EBE7F0EE475AB0EE407AB0EE650ABEE73F
:10165000F0B50D461146954A04460020166895F8E7
:1016600030202DED028B206185B02682360CB0EE45
:10167000608A0C9FA674C4E90000C4E90200C4E9B2
:1016800005002AB1AA6ABA1AB2F5966F00F2AE80C6
:10169000B5EEC01A00220292F1EE10FA03921AD4AB
:1016A000F7EE007AB4EEE71AF1EE10FA40F3858017
:1016B000C822EA6299B96B6A00229F42A26180F057
:1016C000888095F83030002B40F0A180204605B08E
:1016D000BDEC028BF0BD3C22EA620029EBD0B3F5F1
:1016E000805FE8DB1A4603AB28460197009302AB04
:1016F000FFF77EFC6B6A9DED020ABB4284ED060A91
:10170000DFD8002865D095F83020002A40F094807A
:101710009DED035A6B682B60AB686B60EB68AB6048
:101720002B6985ED040AEB606B69042B00F3B7802D
:101730000133052B6B6100F0B280B5EEC08AF1EE8B
:1017400010FA00F1A980F7EE007AB4EEE78AF1EE24
:1017500010FA00F3A8809FED567ADFED567AE8EE96
:10176000077A3AB195ED067A70EE476AA6EEA77A47
:10177000B0EE470ADFED507A85ED060AB4EEE75A7F
:10178000F1EE10FACCBF0123002305DD012285ED27
:10179000070AAF6285F8302004F1100004F10C0252
:1017A0000821237084ED010A84ED025AFFF772FECE
:1017B000204605B0BDEC028BF0BDF6EE007A9FED41
:1017C0003F7AE1EE077AFCEEE77A17EE902A3C3298
:1017D00082E7002295F830302270002B4CD1002394
:1017E0002046A36005B0BDEC028BF0BD002268610D
:1017F000A8622A606A60AA60EA602A61AA61EA6156
:101800002A6207F1780285F830006A6240E700201A
:1018100095ED070A4FF07A5304F10C02207008216D
:1018200004F1100084ED010AA360FFF733FE2046A7
:1018300005B0BDEC028BF0BDD5ED077ADFED206A77
:1018400080EE277AB4EEE67AF1EE10FA07DCDFEDEF
:101850001D6AB4EEE67AF1EE10FA7FF559AF9DED10
:10186000035A9FED197AB4EEC75AF1EE10FA7FF5DC
:1018700051AF0023237001E0D5ED077A134BB0EE92
:10188000670A04F10C02082104F11000A360C4ED02
:10189000017AFFF7FFFD19E7DFED067A61E72846D9
:1018A000FFF760FE49E7DFED0A7A5AE7942C01085A
:1018B00014AEC7BE6666E63ECDCCCC3E00000C43FF
:1018C0009A99F93FB81E053F6666663FCDCC4C3EFF
:1018D00090C2753D0022C0E90022704710B50C4A45
:1018E00088B001230021B2F800C04FF4E134039323
:1018F00006930491029101A9059393880794ADF88A
:1019000004C0ADF8063007F0EFFC08B010BD00BF12
:101910002C2C010810B588B00B460A4A2021044639
:10192000684610F0F7FD6846FEF7DAFC0A23024627
:101930006946204607F042FD10B1636801336360D9
:1019400008B010BD242D010891ED007AB5EEC07AE3
:1019500030B5F1EE10FA9DB0044640D4F7EE007AAF
:10196000B4EEE77AF1EE10FA40F3998091ED017A46
:1019700042F21073B5EEC07AF1EE10FA37D50020BE
:1019800091ED027AB5EEC07AF1EE10FA3FD4F7EE9F
:10199000007AB4EEE77AF1EE10FA5CDD91ED037AAD
:1019A00042F21075B5EEC07AF1EE10FA37D500228A
:1019B00060210292434ACDE9000504A810F0AAFD77
:1019C00004A8FEF78DFC0A23024604A9204607F06E
:1019D000F5FC10B16368013363601DB030BD0023B6
:1019E00091ED017AB5EEC07AF1EE10FAC7D4F7EEB8
:1019F000007AB4EEE77AF1EE10FA3EDD91ED027A6C
:101A000042F21070B5EEC07AF1EE10FABFD50025A3
:101A100091ED037AB5EEC07AF1EE10FAC7D4F7EE85
:101A2000007AB4EEE77AF1EE10FA02DD42F21072BB
:101A3000BEE7F6EE007ADFED246A42F21071E7EEBF
:101A4000267AFDEEE77A17EE902A8A42A8BF0A4668
:101A500022EAE272ACE7F6EE007ADFED1B6A42F2B0
:101A60001072E7EE267AFDEEE77A17EE905A95426D
:101A7000A8BF154625EAE575CAE7F6EE007ADFED60
:101A8000126A42F21072E7EE267AFDEEE77A17EE5E
:101A9000900A9042A8BF104620EAE07070E7F6EE88
:101AA000007ADFED096A42F21072E7EE267AFDEE67
:101AB000E77A17EE903A9342A8BF134623EAE373FE
:101AC0008EE700BF2C2D010800401C4610B51446BF
:101AD0009AB01A460B46009460210446019202A86F
:101AE000084A10F017FD02A8FEF7FAFB0A23024687
:101AF00002A9204607F062FC10B1636801336360FD
:101B00001AB010BD3C2D010891ED017AB5EEC07AF6
:101B100010B5F1EE10FAA4B0044653D4F6EE007AF4
:101B2000DFED296AE7EE267AFDEEE77A17EE900AF6
:101B30009FED266AF6EE006A91ED037AFEEE007ADA
:101B400027EE067A91ED026AB5EEC07AF1EE10FA50
:101B5000B5EEC06A66FEA77A77EE877AF1EE10FAE4
:101B6000FDEEE77A09D4B7EE007AB4EEC76AF1EE7B
:101B700010FA1EDD4FF47A7300E00023CDED027AF7
:101B8000009004A8039311F8103B114A01918021A1
:101B900010F0C0FC04A8FEF7A3FB0A23024604A928
:101BA000204607F00BFC10B163680133636024B07A
:101BB00010BD9FED057AE6EE076ABDEEE67A17EEF8
:101BC000103ADBE70020B3E700007A440000C84287
:101BD000482D01080B4A002300B5126889B04FEA6E
:101BE000124C01A9059301930493ADF814208DF8CC
:101BF00016C0CDE90233CDE90633FFF785FF09B002
:101C00005DF804FB942C0108704700BF0F4B1B7854
:101C10000BB90120704710B504464FF47A700C4A96
:101C2000B0FBF3F31068B0FBF3F000F0C1FE0F2C33
:101C300000D808B1012010BD002221464FF0FF302E
:101C400000F056FE034B00201C6010BD0400002471
:101C5000440200240800002438B50320124D00F08F
:101C600035FE124C02F04EF9114A12499369C3F342
:101C70000323CB5C03F01F0320FA03F30E202B6039
:101C8000926902F00F028A5C02F01F02D3402360C7
:101C9000FFF7BCFF10B10124204638BD0446FFF712
:101CA000B3FF204638BD00BF440200244802002490
:101CB00000440258142E0108034A044B11681B7893
:101CC0000B441360704700BF00F50024040000249B
:101CD000014B1868704700BF00F5002438B5044672
:101CE000FFF7F6FF0546631C02D0044B1B781C442B
:101CF000FFF7EEFF431BA342FAD338BD04000024D4
:101D0000014B1868000C70470010005C704700BF62
:101D1000806B08B5FFF7FAFF08BD00BF836B5A6DF3
:101D200012F0500F5A6D10B51DD1196842F40072AF
:101D30005A650A6812F0080FCA681BD012F4406F87
:101D40000DD1CA6894040AD45A6D22F480725A657F
:101D50005A6DD10403D45A6D42F001025A651846F7
:101D600005F076F910BDD2060AD4DB6CBDE8104050
:101D7000DB6C18479007E7D0184605F069F9F1E7E2
:101D8000184605F009FA10BD806B08B5436D43F0A5
:101D900040034365836D43F00403836505F0FCF95C
:101DA00008BD00BFF0B5002283B0019290F850202A
:101DB000012A00F01C81034601201A6883F85000B4
:101DC0009468640700F18A800C68C4F31305002D41
:101DD00040F08F80C4F38464A0404D684FF01F0E24
:101DE000D6694FEA951C30430CF00C0CD06105F01D
:101DF0001F0002F1300584400EFA00FE5CF8050079
:101E000020EA0E0004434CF80540906840076ED469
:101E1000956815F0080547D10C68072002F11406F3
:101E2000B94F4FEAD45CC4F304540CF0040C00FA2C
:101E300004FE886800FA04F45CF8060020EA0E004C
:101E400020434CF80600386800F07040B0F1805F25
:101E500000F0C580D068D668C70600F1E880C6F3F8
:101E600082064869760000FA06F60F69042F00F032
:101E7000C18002F16004086854F827C000F0F840FF
:101E80000CF0004C40EA0C00304344F82700487E38
:101E90000E69012854F8260008BF4FF0004520F0D5
:101EA0000040054344F826509068C40714D4CE6817
:101EB000086806F01807954CD2F8C050FC40C0F3F3
:101EC0001307044025EA07052C43C2F8C040904C94
:101ED000A64246D0002816DB002003E05A6D42F0EF
:101EE00020025A65002283F8502003B0F0BD9068AC
:101EF000DAE794FAA4F5B5FA85F5C4F3846405F03D
:101F00001F05A84069E783498A4200F0B68001F5C1
:101F100080718A4200F0B1807F4D804CA968A4682E
:101F200001F0E076E44304F00104002C00F0B480FA
:101F30007B4CA04200F0FC807A4CA04200F01A8159
:101F4000794CA042C8D14902C6D474498A42C3D14F
:101F5000AA68002022F0E072324342F48002AA60B4
:101F6000C0E7002F6AD090FAA0F4B4FA84F40134E8
:101F700004F01F04092C00F2A48090FAA0F4B4FA33
:101F800084F490FAA0F5B5FA85F5013401260135FF
:101F9000A40605F01F0504F0F84406FA05F52C43E5
:101FA00090FAA0F0B0FA80F0304400F01F0000EB8F
:101FB000400000052043C60D02F11405C0F3045093
:101FC000072406F0040604FA00F7745924EA07040B
:101FD0008F6807FA00F02043705108687AE7D668E6
:101FE0004869C6F38206760000FA06F63DE702204D
:101FF00003B0F0BD106E0C6800F0F840A506B0EB21
:10200000846F30D0506E00F0F840854226D0906E3C
:1020100000F0F84085422BD0D06E00F0F8408542A9
:102020007FF442AFD06E20F00040D0663CE77608E7
:10203000486906F0080600FA06F616E7800E441C0A
:1020400004F01F06092E2DD8A406012004F0F84440
:10205000B040044306EB46000005ABE7506E20F0AD
:1020600000405066D3E7106E20F000401066C9E7CC
:10207000906E20F000409066CEE7264C2B4D04F584
:102080008074A96854F8F86CA468344301F0E076D1
:10209000E44304F0010448E75A6D012042F02002B5
:1020A0005A651FE706EB4600A50601241E3805F019
:1020B000F84504FA06F60005354340F00070284361
:1020C00079E790FAA0F5B5FA85F590FAA0F4B4FA9C
:1020D00084F4013501260134AD0604F01F0405F037
:1020E000F84506FA04F4254390FAA0F4B4FA84F40F
:1020F000344404F01F0404EB4404A4F11E00000562
:1021000040F00070DBE700BF0010005CFFFF0F0035
:102110000000FF47002002400063025800600258A0
:10212000000084CB000052C70000B8CF002302405B
:1021300008023FF5D1AE17498A427FF4CDAE164A68
:10214000A9681268154821F0E07192093143A0FB9B
:10215000020241F400019209A96052000192019A21
:10216000002A3FF4B9AE019A013A0192019A002A7D
:10217000F9D1B1E611F080707FF4AEAE05498A4224
:102180007FF4AAAEAA6822F0E072324342F0807275
:10219000AA60A7E60060025844020024632D3E05B1
:1021A00003689A68D20701D5002070479968214AD0
:1021B000114270B5044608D0636D012043F010034E
:1021C0006365A36D0343A36570BD99681A4A0A400D
:1021D00042F001029A60FFF77BFD2368174A05462B
:1021E00093421ED002F5807293421AD0144A92682C
:1021F000114E0AE09A68324042F001029A60FFF7FD
:1022000067FD401B0228D7D823681A68D2070FD46D
:102210009A68D107EED5FFF75BFD401B0228F3D982
:10222000CAE7084A9268D006E2D0074A9342DFD153
:10223000002070BD3F000080C0FFFF7F00200240F3
:102240000063025800230240002102402DE9F041C2
:102250003A4D044600680F461646A84219D0384B3E
:10226000984216D0374DAB688068420716D494F870
:102270005020012A12D003F01F080122B8F1090FE3
:1022800084F850200DD90023012084F85030BDE897
:10229000F0812D4DAB6880684207E8D50220BDE88B
:1022A000F08140F2212323FA08F3DB4313EA02050D
:1022B000E9D12046FFF774FF002839D1626D234B26
:1022C0002168134043F480736365B8F1000F02D0B6
:1022D0001B4B994203D0636D23F480136365636DD8
:1022E00013F4805328D0A36D23F00603A365E06C9C
:1022F0003346174D3A464031C563164D0564164DB9
:10230000C5641C2541F8405C002584F8505051F804
:102310003C5C45F0100541F83C5C00F059FE226839
:102320000E4B91680B4043F004039360BDE8F081CD
:1023300084F85050BDE8F081A365D8E70020024042
:10234000002102400063025800230240FEF0FFFF1C
:102350001D1D0008111D0008891D0008C0FFFF7F1A
:1023600038B503689A68910702D59B68002038BD8C
:102370009A68D20723D59A68044602F00D02012A12
:1023800008D0636D012043F010036365A36D034320
:10239000A36538BD986803210A4A024042F0020250
:1023A0009A601960FFF794FC054604E0FFF790FC83
:1023B000401B0228E5D823689B68DB07F6D4002081
:1023C00038BD00BFC0FFFF7F38B5574A04460368D9
:1023D000934226D002F58072934222D0534B9B68E1
:1023E00013F4403F22D001F047FF63680546B3F580
:1023F000003F00F08880B3F5403F70D0B3F5803FD8
:1024000000F08180FFF77CFC41F2030398422DD855
:10241000474B9D425DD92268936843F48073936073
:1024200038BD444B9B6813F4403FDCD14FF400208F
:1024300002F0EEFF63680546B3F5101F6DD008D8B3
:10244000B3F5E01F55D01AD9B3F5001FDAD145090D
:10245000D8E7B3F5201F4AD0B3F5301FD2D1FFF72C
:102460004FFC41F20303984233D92D0A324B9D426F
:102470001DD82268936823F44073936038BDB3F588
:10248000801F06D00AD9B3F5A01F02D0B3F5C01F34
:10249000B8D19B0C5B00B5FBF3F5B3E7B3F5002FA8
:1024A000F7D023F40022B2F5802FF2D0AAE7234B15
:1024B000234A2B4493421ED9224B234A2B44934256
:1024C000226893682BD823F4407343F4007393601D
:1024D00038BD2268936823F48073936038BD850803
:1024E000FFF70EFC41F203039842BFD890E7C509FD
:1024F00088E7050986E72268936823F4407343F46C
:102500008073936038BD1B0CB5FBF3F5FFF7F8FB48
:1025100041F203039842A9D87AE7850972E743F4A8
:102520004073936038BD00BF002002400063025832
:10253000002D310100230240105E5F00EFA1A0FFDB
:102540000F5E5F00DF4341FF1FBCBE0030B50023BC
:1025500083B00193002800F0D080456D0446002D23
:1025600000F0BA80226893689B0003D59168714B94
:102570000B4093609368DD0015D46F4B90686F49F2
:102580001B6801406E489B0941F08051A0FB03038A
:1025900091609B090193019B2BB1019B013B01932E
:1025A000019B002BF9D19368D80024D4636D0125D9
:1025B00043F010036365A36D2B43A365936813F089
:1025C000040F636D1DD1D9061BD4636D23F4817391
:1025D00043F0020363659368DB0728D4594B9A42A2
:1025E00017D003F580739A4213D0574B9B68D907D5
:1025F0001DD4564A15E09368002513F0040F636D4F
:10260000E1D0636D012543F010032846636503B0F4
:1026100030BD4C4A4E4B92689B681343D80706D492
:102620004C4A9368616823F47C130B439360FFF773
:1026300067FB41F20303A1689842237F52D894F8C4
:1026400015C01A04206B42EA4C3202430A43012BA4
:1026500003D1236A013B42EA4342636A23B103F494
:102660007873A16A0B431A4323683B49D868014039
:102670000A43DA609A6812F0040F9A681CD11207B4
:102680001AD4D868354A217D024042EA8132E16A93
:102690000A43DA6094F83820012A3AD01A6922F005
:1026A00001021A611A692046616B22F070420A43E6
:1026B0001A61FFF789FE2368E268012A21D01A6BAC
:1026C00022F00F021A63636D284623F0030343F0E0
:1026D0000103636503B030BD04F068FCA56584F8B0
:1026E00050503FE71029AAD1617D1A0442EA4132D5
:1026F000216B0A4342F01C02A9E70125284603B0DA
:1027000030BD196BA26921F00F01013A0A431A6327
:10271000D9E7D4E9102118690A43114901400A4355
:10272000A16C0A43E16B42EA014242F001021A61E4
:10273000B8E700BFC0FFFF5F44020024C0FFFF6F87
:10274000632D3E05002002400060025800630258DD
:10275000002102400023024003C0F0FFFCBFFFFF46
:102760001EF800FCF0B5002383B0019390F85030C0
:10277000012B40D0012304460E46154680F8503008
:10278000FFF7EEFDE8B9676D05F080421B4B06F4DC
:1027900080311B4D3B401B4F43F0020363652368B0
:1027A0009E68354015430D4345F000459D609A688D
:1027B000002A0FDB636D23F0030343F0010363651D
:1027C00003E0636D43F010036365002384F8503029
:1027D00003B0F0BD019A01320192019ABA42E6D9E2
:1027E000636D0022012023F0120384F8502043F08F
:1027F00010036365ECE7022003B0F0BDFDEEFFFFC0
:10280000C0FFFE3FFF955A55F0B490F850200E6877
:10281000012A49D00346294A01201C6883F8500048
:10282000944208D05A6D002142F0200283F85010E3
:102830005A65F0BC7047224DAA6852070AD5A268B3
:102840005A6D012042F020025A65002283F8502080
:10285000F0BC7047A06810F00400F1D1C6B1DFF8F9
:1028600068C04F68DCF8082022F440423A43CCF8B4
:102870000820A468AA682243D40713D48A68DCF825
:10288000081016430F4A0A401643CCF80860DCE7EC
:102890000D498A6822F440428A60A068AA6802430F
:1028A000D00704D50020D0E70220F0BC70478C6828
:1028B0003046044A22408A60C7E700BF0020024039
:1028C00000210240E0F0FFFF0023024006494FF6DE
:1028D000FF0C0002054BCA6800F4E06002EA0C023B
:1028E00010430343CB60704700ED00E00000FA05A1
:1028F0001B4BDB68C3F3022300B5C3F1070E03F1E2
:10290000040CBEF1040F28BF4FF0040EBCF1060FFB
:102910001AD9033B4FF0FF3C0CFA03FC22EA0C02ED
:102920004FF0FF3C00280CFA0EFC21EA0C0101FAE2
:1029300003F141EA02010ADB09010A4BC9B203446F
:1029400083F800135DF804FB00221346E8E700F06B
:102950000F000901044BC9B2034419765DF804FB6A
:1029600000ED00E000E100E0FCEC00E0002807DB07
:1029700000F01F0101234009024A8B4042F8203039
:10298000704700BF00E100E000280DDB4309012291
:1029900000F01F000549203302FA00F041F823003F
:1029A000BFF34F8FBFF36F8F704700BF00E100E0B0
:1029B000431EB3F1807F0CD24FF0E0220020064985
:1029C0004FF0F00C5361072381F823C0906113612D
:1029D00070470120704700BF00ED00E0BFF35F8F3C
:1029E000044B00215A6A22F480325A62C3F89410D0
:1029F000704700BF00ED00E0064B40F00100C3F857
:102A000094005A6A42F480325A62BFF34F8FBFF388
:102A10006F8F704700ED00E0174A4378C2F8983096
:102A2000017821B3436800B5C2F89C30C37A90F8AE
:102A30000CC01B0690F80FE043EA0C7390F80AC034
:102A40000B43817B43EACC4390F80DC043EA8C43AF
:102A500090F809C043EA4143017A43EA0E4343EA4E
:102A60000C2343EA4103C2F8A0305DF804FBC2F82E
:102A70009C10C2F8A010704700ED00E0704700BF46
:102A800008B5FFF7FBFF08BD0268344B344930B48A
:102A9000344D354CAA4218BF9A420CBF0123002383
:102AA0008A4208BF43F001033031A24208BF43F01D
:102AB000010330348A4208BF43F001033031A2429F
:102AC00008BF43F0010330348A4208BF43F00103DA
:102AD00001F55C71A24208BF43F0010304F55C7488
:102AE0008A4208BF43F001033031A24208BF43F0DD
:102AF000010330348A4208BF43F001033031A2425F
:102B000008BF43F0010330348A4208BF43F0010399
:102B10003031A24208BF43F001038A4208BF43F0AC
:102B2000010313B9114B9A4213D1D3B21049114C7E
:102B3000103BA1FB03515F2B0F4BC1F3021103EAC2
:102B40000203615C88BF0433C1658365184630BCED
:102B5000704722F0FF038365F8E700BF10000240D2
:102B6000400002402800024058000240B8040240E1
:102B7000ABAAAAAA5C2D010800FCFFFF0368294A42
:102B8000294930B4294D2A4CAB4218BF93420CBF9F
:102B9000012200228B4208BF42F001022831A342E9
:102BA00008BF42F0010228348B4208BF42F0010204
:102BB0002831A34208BF42F001028B4208BF42F015
:102BC000010212B91B4A934213D1DBB21A4C1B4AC1
:102BD0000121083B1A4DA4FB0343456602EB131287
:102BE000C3F30413920001FA03F30266836630BC58
:102BF0007047DAB21349144C1944103AA829A4FBBF
:102C000002234FEA131300D80833104A03F01F05BC
:102C100001210F4C1A44A940446692008166026665
:102C2000E5E700BF08540258305402581C540258BB
:102C30004454025894540258CDCCCCCC0096001683
:102C400080580258F0FBFDBFABAAAAAA0082001070
:102C50008008024070B50446FFF73AF8002C00F0F7
:102C6000C68023680546954A934248D0183293425D
:102C700045D0303292498B4218BF934201F1300166
:102C80000CBF012200228B4208BF42F00102183122
:102C90008B4208BF42F0010218318B4208BF42F05C
:102CA000010218318B4208BF42F0010201F5567152
:102CB0008B4208BF42F0010218318B4208BF42F03C
:102CC000010218318B4208BF42F0010218318B42D9
:102CD00008BF42F0010218318B4208BF42F00102E6
:102CE00018318B4208BF42F0010218318B4208BFF5
:102CF00042F001021AB9734A934240F0F580022271
:102D0000002184F8352084F834101A6822F001027A
:102D10001A6005E0FEF7DCFF431B052B40D8236853
:102D20001A68D107F6D4D4E9022521692A43A0699B
:102D30001D680A4361690A43E16902430A43624923
:102D40002940256A2A430A43616A04292FD01A6060
:102D50005A6922F00702114359612046FFF794FE99
:102D6000E26D3F2302F01F02934083602046FFF78D
:102D700005FFA368802B3CD06368A06EDAB2013BEC
:102D8000D4E91851072B2A60486026D90023C4E9EA
:102D90001B33636700200123606584F8353070BD04
:102DA000202203230120626584F8353070BDD4E908
:102DB0000B5129430A431A605969A26A21F007019D
:102DC000114341F00401002DC6D000284FD1012A43
:102DD0006ED032F00202BFD151E0501E072810D948
:102DE000626FD4E91B31002018604A60D2E70120ED
:102DF00070BD0023A16ED4E91802636003605160C6
:102E0000C4E72168314B324DA94218BF994205F100
:102E100014050CBF01230023A94208BF43F001039E
:102E20001435A94208BF43F001031435A94208BF75
:102E300043F001031435A94208BF43F001031435E0
:102E4000A94208BF43F001033BB9224B994204D089
:102E5000214B224913449B0003E0214B2149134499
:102E60009B0001228240C4E91B316267BBE7B0F5D9
:102E7000005F0ED0022A05D9032A7FF46DAFEA0164
:102E80007FF56AAF012340221846626584F8353029
:102E900070BD032A3FF660AF01A050F822F000BFDA
:102EA000852E00087F2E0008852E0008B12E000810
:102EB000B5F1C07F7FF450AFE4E700BF10000240DF
:102EC00040000240B80402403F8010FE08540258FF
:102ED0001C540258945402583F820010400902408A
:102EE0003F96001640590258324A334833498342CC
:102EF00018BF934200F128000CBF012200228B4230
:102F000008BF42F001022831834208BF42F00102AB
:102F100028308B4208BF42F001022831834208BFAB
:102F200042F001028B4208BF42F0010212B9244A6A
:102F3000934238D102220021224D84F8341084F8C3
:102F400035201A681540A268402A2AD0802A0CBF72
:102F50004FF480400846266AD4E90312D20842EAB8
:102F6000D102616942EAD102A16942EAD102E16972
:102F700042EAD102144942EA161219442A43024392
:102F80001248A0FB010120461A600B099B00E36573
:102F9000FFF77AFDE26D012302F01F0293404360C8
:102FA000E4E61020D7E7402203230120626584F87D
:102FB000353070BD085402581C5402583054025821
:102FC000945402580F00FEFFF8ABFDA7CDCCCCCC3B
:102FD000002800F0BC80844690F83400012800F0FE
:102FE000B88001202DE9F0419CF835408CF8340080
:102FF000844208D000224FF400638CF83420CCF8CF
:103000005430BDE8F0810220DCF800507A4C8CF896
:1030100035000020794ECCF854007948854218BF1D
:10302000A54200F118000CBF01240024854208BF0E
:1030300044F001041830854208BF44F00104183000
:10304000854208BF44F001041830854208BF44F0AF
:10305000010400F55670854208BF44F001041830A1
:10306000854208BF44F001041830854208BF44F08F
:1030700001041830854208BF44F00104183085422D
:1030800008BF44F001041830854208BF44F0010431
:103090001830854208BF44F001041830854208BF4B
:1030A00044F00104A0F59560B54218BF8542DCF8F4
:1030B0006C600CBF0120002054EA0008286820F052
:1030C00001002860DCF86400DCF86840DCF8587027
:1030D000446040D016B1DCE91C044460DCF85C00BC
:1030E0004FF03F0E00F01F000EFA00F0B8602868A5
:1030F00020F4802028606B60DCF80830402B23D05F
:10310000A960EA602B6823F01E0343F016032B60CE
:10311000DCF840301BB12B6843F008032B60DCF86F
:1031200060301A68D20303D51A6842F480721A60BC
:103130001EB1336843F4807333602B68002043F082
:1031400001032B60BDE8F081AA60E960DAE70120A5
:1031500070470220704716B1DCE91C04446029481E
:10316000DFF8A8E0754518BF85420EF1140E0CBFBC
:1031700001200020754508BF40F001000EF1140E3B
:10318000754508BF40F001000EF1140E754508BFEB
:1031900040F001000EF1140E754508BF40F001002B
:1031A0000EF1140E754508BF40F0010010B9164825
:1031B00085420ED1DCF85C0000F01F0E012000FA01
:1031C0000EF078606B60DCF80830402B10D0A960FE
:1031D000EA602B6823F00E0343F00A032B60DCF84F
:1031E0004030002B9BD02B6843F004032B6096E704
:1031F000AA60E960EDE700BF4000024028000240FD
:103200005800024008540258945402581C54025862
:1032100000285FD038B590F835200346022A55D1F2
:103220000168444A914248D01832914245D0303228
:10323000414C4248A14218BF914204F148040CBFDE
:1032400001220022814208BF42F001023030A14237
:1032500008BF42F001023034814208BF42F001024F
:1032600000F55C70A14208BF42F0010204F55C74F5
:10327000814208BF42F001023030A14208BF42F053
:1032800001023034814208BF42F001023030A142D5
:1032900008BF42F001023034814208BF42F001020F
:1032A0003030A14208BF42F00102814208BF42F023
:1032B000010212B9224A91420ED10422002083F861
:1032C00035200B6823F001030B6038BD80220120FC
:1032D0005A6538BD012070470A681C6E22F00E0244
:1032E000D86D9D6D0A6000F01F000A6822F001028F
:1032F0000A6001222168824021F4807121606A60A5
:10330000DA6ED3E91910486032B11168D3E91C04B0
:1033100021F4807111604460002401211A6D83F84A
:10332000344083F835101AB118469047204638BD0E
:10333000104638BD100002404000024070000240BC
:10334000B80402402DE9F04300229C4B83B09C4E10
:103350001D688146019203689A4A846D934218BFA2
:10336000B342276808BF0126216818BF002645D050
:1033700018329548834218BF934200F118000CBFE1
:1033800001220022834208BF42F00102183083422A
:1033900008BF42F001021830834208BF42F0010228
:1033A0001830834208BF42F0010200F55670834294
:1033B00008BF42F001021830834208BF42F0010208
:1033C0001830834208BF42F001021830834208BF20
:1033D00042F001021830834208BF42F00102183067
:1033E000834208BF42F001021830834208BF42F016
:1033F00001021AB9754A934240F05082D9F85C1024
:10340000082201F01F0C02FA0CF2174240F08881EA
:1034100027FA0CF2D2070CD55A69100609D50122F9
:1034200002FA0CF2A260D9F8542042F00202C9F864
:1034300054204FF0040E0EFA0CF038425BD0002EF0
:103440004FD1634ADFF88081434518BF934208F1AA
:1034500018080CBF01220022434508BF42F00102B8
:1034600008F11808434508BF42F0010208F11808A6
:10347000434508BF42F0010208F11808434508BF60
:1034800042F0010208F55678434508BF42F00102B8
:1034900008F11808434508BF42F0010208F1180876
:1034A000434508BF42F0010208F11808434508BF30
:1034B00042F0010208F11808434508BF42F001023A
:1034C00008F11808434508BF42F0010208F1180846
:1034D000434508BF42F001021AB93C4A934240F00A
:1034E00019821A68920706D5A060D9F8542042F0D4
:1034F0000402C9F85420102202FA0CFC1CEA070F3F
:103500006CD0002E45D1324A2F4EB34218BF9342A1
:1035100006F118060CBF01220022B34208BF42F098
:1035200001021836B34208BF42F001021836B34216
:1035300008BF42F001021836B34208BF42F0010250
:1035400006F55676B34208BF42F001021836B34280
:1035500008BF42F001021836B34208BF42F0010230
:103560001836B34208BF42F001021836B34208BF12
:1035700042F001021836B34208BF42F00102183689
:10358000B34208BF42F001021AB9104A934240F018
:10359000C9811A68100721D5C4F808C01A685603F3
:1035A00000F14C811A68D20503D41A6822F008028F
:1035B0001A60D9F840308BB10CE000BF44020024FF
:1035C000100002402800024058000240B8040240A7
:1035D0004000024048469847D9F85C1001F01F01AE
:1035E00020268E403E4268D0D9F80020A54BA64F39
:1035F000BA4218BF9A4207F118070CBF01230023F3
:10360000BA4208BF43F001031837BA4208BF43F07B
:1036100001031837BA4208BF43F001031837BA4212
:1036200008BF43F001031837BA4208BF43F0010353
:103630001837BA4208BF43F0010307F55677BA427C
:1036400008BF43F001031837BA4208BF43F0010333
:103650001837BA4208BF43F001031837BA4208BF0F
:1036600043F001031837BA4208BF43F0010318378B
:10367000BA4208BF43F001031837BA4208BF43F00B
:1036800001031BB9814B9A4240F062811368DB064B
:1036900013D5A66099F83530042B136800F0AE807E
:1036A00013F4802F136800F0D3801C0340F1DE80F8
:1036B000D9F83C300BB148469847D9F85430002B24
:1036C00000F0B980D9F85430D8071FD5D9F80020B8
:1036D000042189F83510136823F0010313606C4B43
:1036E000A3FB0535AD0A02E01368D90704D5019B99
:1036F0000133AB420193F7D9002389F834301368C2
:10370000DB074CBF0323012389F83530D9F84C304F
:10371000002B00F09080484603B0BDE8F043184706
:10372000186840070AD5186820F004001860A260E5
:10373000D9F8542042F00102C9F8542027FA0CF2BB
:10374000D2077FF576AE534A5348834218BF93425F
:1037500000F130000CBF01220022834208BF42F07A
:1037600001021830834208BF42F001021830834240
:1037700008BF42F001021830834208BF42F0010244
:1037800000F55670834208BF42F0010218308342B0
:1037900008BF42F001021830834208BF42F0010224
:1037A0001830834208BF42F001021830834208BF3C
:1037B00042F001021830834208BF42F00102183083
:1037C000834208BF42F001021830834208BF42F032
:1037D0000102002A7FF420AE002E7FF41DAE1A688D
:1037E000042202FA0CF23A4240F09480102202FACB
:1037F0000CFC17EA0C0F3FF4F1AE84E623F016033D
:103800001360536923F080035361D9F840309BB3B0
:10381000136823F0080313603F230025012203FAF5
:1038200001F1D9F85030A16089F8345089F8352079
:10383000002B7FF470AF03B0BDE8F0831B68180362
:103840007FF5B7AED9F84830002B7FF4C3AEC5E69C
:1038500013F480737FF42CAF116821F01001116014
:10386000012289F8343089F8352021E7D9F844302D
:10387000002B7FF420AF20E7D9F84830002BC7D1C8
:10388000CAE700BF1000024028000240B80402400E
:10389000B5814E1B58000240400002404E4A4F4D39
:1038A000AB4218BF934205F114050CBF0122002260
:1038B000AB4208BF42F001021435AB4208BF42F0F0
:1038C00001021435AB4208BF42F001021435AB428D
:1038D00008BF42F001021435AB4208BF42F00102BA
:1038E00012B93F4A9342A6D1D9F85C5004261A680F
:1038F00005F01F05AE400E4219D0570717D510042A
:1039000066604BD5D1034FD4D9F84830002B7FF4F3
:1039100002AF90E71A68102202FA0CFC17EA0C0FAB
:103920003FF45CAE1A6852077FF558AE34E60226C3
:10393000AE400E4211D097070FD56660140439D5FA
:10394000D00343D4D9F84430002B7FF4E4AE72E7BF
:1039500013689F077FF5B1AE9BE60826AE400E4286
:103960003FF469AF11077FF566AF1A68002122F0B6
:103970000E021A600123D9F84C2003FA05F56560A0
:10398000C9F8543089F8341089F83530002A3FF4EA
:1039900052AF484603B0BDE8F0431047920603D447
:1039A0001A6822F004021A60D9F84030002B7FF424
:1039B000B2AE40E712F0200208D11968012421F0CC
:1039C0000A01196089F8342089F83540D9F83C306B
:1039D000002B7FF4A0AE2EE7085402581C54025866
:1039E00094540258406D7047002800F0DE81F8B50D
:1039F00003680446D80730D59F490A69896A02F0EE
:103A00003802102A00F00081182A00F0F88063685C
:103A1000B3F5803F00F02081002B00F05E81B3F50C
:103A2000A02F954B1A6800F02F8222F480321A6082
:103A30001A6822F480221A60FEF74AF98E4E41F28B
:103A40008837054605E0FEF743F9401BB84200F20F
:103A5000428133689A03F6D523689D0700F185807B
:103A6000D9062FD5844A1369926A03F03803082BCC
:103A700000F0DA80182B00F0D280E3697E4D002B35
:103A800000F065812B6843F080032B60FEF720F97E
:103A9000064605E0FEF71CF9801B022800F21B8198
:103AA0002B68DB05F6D5FEF72BF941F203039842AC
:103AB00000F20B826B68226A23F0F84343EA8263C8
:103AC0006B6023681D0716D563696B4D002B00F0F2
:103AD0001C816B6F43F001036B67FEF7F9F8064634
:103AE00005E0FEF7F5F8801B022800F2F4806B6F0A
:103AF0009807F6D523689A0616D5A3695E4D002B64
:103B000000F014812B6843F480532B60FEF7E0F83B
:103B1000064605E0FEF7DCF8801B022800F2DB8099
:103B20002B689F04F6D52368590700F19B80636AD0
:103B3000CBB1514D2A6902F03802182A6DD0022B00
:103B40002B6823F080732B6000F03981FEF7C0F8FA
:103B5000044605E0FEF7BCF8001B022800F2BB801B
:103B60002B689B01F6D40020F8BD434A1369926A82
:103B700013F0380329D1404BE2681B68590701D57F
:103B8000002A4AD03C4D2B6823F0190313432B60C5
:103B9000FEF79EF8064605E0FEF79AF8801B02281D
:103BA00000F299802B685B07F6D5FEF7A9F841F281
:103BB0000303226998426B6800F2F08023F47C339F
:103BC00043EA02336B6023684AE7182B00F0E28077
:103BD000294DE2682B68002A00F0CB8023F01903FE
:103BE00013432B60FEF774F8064604E0FEF770F806
:103BF000801B02286FD82B685F07F7D5D5E701F047
:103C0000030102297FF403AF1B4A126891037FF579
:103C100024AF6268002A7FF420AF0120F8BD02F0D3
:103C20000302012A7FF429AF134B1B68DA0502D582
:103C3000E369802BF1D1FEF763F841F203030E4AEA
:103C40009842216A00F2B380536823F0F84343EAB4
:103C500081635360236835E7074A136843F4803370
:103C60001360E9E6054D2B6843F480732B60FEF783
:103C70002FF8064609E000BF0044025800480258E9
:103C8000FEF726F8801B642825D82B68DA05F7D5BF
:103C9000A368012B00F02281002B00F0FD80052B92
:103CA000954B1A6F00F0208122F001021A671A6FFB
:103CB00022F004021A67FEF70BF88F4E41F28837A4
:103CC000054604E0FEF704F8401BB84203D8336F02
:103CD0009B07F7D52BE70320F8BD874D41F28837C6
:103CE0002B6823F480332B602B6823F480232B6014
:103CF000FDF7EEFF064604E0FDF7EAFF801BB84241
:103D0000E9D82B689B03F7D4A6E66B6F23F0010379
:103D10006B67FDF7DDFF064604E0FDF7D9FF801B6A
:103D20000228D8D86B6F9907F7D4E3E62B6823F401
:103D300080532B60FDF7CCFF064604E0FDF7C8FF7B
:103D4000801B0228C7D82B689804F7D4EBE62B68B1
:103D500023F080032B60FDF7BBFF064604E0FDF770
:103D6000B7FF801B0228B6D82B68DF05F7D423687D
:103D7000A8E623F001032B60FDF7AAFF064604E046
:103D8000FDF7A6FF801B0228A5D82B685807F7D49B
:103D9000236865E690077FF41BAFECE623F0FE4353
:103DA00043EA02636B6023685AE601207047D368D8
:103DB00023F07C5343EA0163D360236882E6FDF776
:103DC00087FF064604E0FDF783FF801B022882D8A8
:103DD0002B689901F7D4A96A484BA26A0B4048495D
:103DE000454E1343E26A43EA0213AB62D4E90D3253
:103DF000013B013A5B0212049BB202F4FE02134340
:103E0000226B013AC2F308021343E26B013A120635
:103E100002F0FE4213432B63EB6A23F00103EB62D3
:103E20006A6BA36C114041EAC3016963EB6A226CBF
:103E300023F00C031343EB62EB6A626C23F0020382
:103E40001343EB62EB6A43F48033EB62EB6A43F4B7
:103E50000033EB62EB6A43F48023EB62EB6A43F0DE
:103E60000103EB622B6843F080732B60FDF730FF9A
:103E7000044605E0FDF72CFF001B02283FF62BAFA0
:103E800033689A01F6D56EE642F480221A601A6809
:103E900042F480321A60CFE5174D41F288372B6F1C
:103EA00023F001032B672B6F23F004032B67FDF72F
:103EB0000FFF064605E0FDF70BFF801BB8423FF6FB
:103EC0000AAF2B6F9807F6D431E6EB68226A23F02D
:103ED0007C5343EA0263EB602368F3E5064A136F01
:103EE00043F001031367E6E642F004021A671A6F13
:103EF00042F001021A67DEE6004402580CFCFFFFA4
:103F00000700FFFF474A136903F03803102B04D062
:103F1000182B0DD01BB144487047444870471368B4
:103F200099064AD513684248C3F3C103D840704785
:103F3000936A30B4946AD56A14F47C7F516BC4F3ED
:103F4000051038D0C1F3CC0105F0010503F00303DF
:103F500005FB01F1012B07EE901AB8EEE77A02D0CB
:103F6000022B2CD093B307EE900A9FED325AF8EE55
:103F7000E77A136BC5EE276ADFED2F5AC3F3080308
:103F800007EE903AB7EE006AF8EEE77AE7EE257AA8
:103F900077EE867A66EEA76A224B1B6BC3F3462345
:103FA000013307EE903AB8EEE77AC6EE877AFCEE78
:103FB000E77A17EE900A30BC70471D48704707EE4D
:103FC000900A9FED1E5AF8EEE77AD2E713689B0637
:103FD00020D5146807EE900A1549F7EE005A136BC6
:103FE000C4F3C104F8EEE77A9FED135AC3F3080354
:103FF000E14006EE903A06EE101AF8EEE66AB8EEE8
:10400000C66AE7EE056A86EE277A76EEA56A66EE60
:10401000876AC1E707EE900A9FED095AF8EEE77A42
:10402000A7E700BF0044025800093D000024F40047
:104030000090D0030024744A000000390024744B1F
:104040000024744C002800F00281874A136803F0B2
:104050000F038B422DE9F04104460D460CD2136844
:1040600023F00F030B431360136803F00F038B421D
:1040700002D00120BDE8F08123685F070BD57B49A2
:1040800020698A6902F07002904204D98A6922F09C
:10409000700202438A611E070BD574496069CA69C0
:1040A00002F07002904204D9CA6922F07002024301
:1040B000CA61D8060BD56D49A069CA6902F4E062ED
:1040C000904204D9CA6922F4E0620243CA619906A7
:1040D0000BD56649E0690A6A02F07002904204D981
:1040E0000A6A22F0700202430A629A0740F1A18034
:1040F0005E48E168826902F00F02914204D9826948
:1041000022F00F020A438261D80730D5574AA168CE
:10411000936923F470630B43936161681368022908
:1041200000F09780032900F08E80012900F097802D
:1041300058079ED54D4E41F28838336923F0070366
:104140000B433361FDF7C4FD074605E0FDF7C0FDF5
:10415000C01B404500F281803369626803F0380378
:10416000B3EBC20FF2D12368990706D5E1683F4847
:10417000826902F00F028A425FD83B490A6802F066
:104180000F02AA420AD90A6822F00F022A430A60E3
:104190000A6802F00F02AA427FF46BAF5A070BD5F0
:1041A000324920698A6902F07002904204D28A6919
:1041B00022F0700202438A611F070BD52B49606908
:1041C000CA6902F07002904204D2CA6922F07002F9
:1041D0000243CA61DE060BD52449A069CA6902F40C
:1041E000E062904204D2CA6922F4E0620243CA61EA
:1041F0009D060BD51D4AE169136A03F070039942CD
:1042000004D2136A23F070030B431362FFF77AFEA4
:10421000164A0346164892691649C2F30322825C85
:104220000E2002F01F02D340BDE8F0410B60FDF705
:10423000EDBCDA073FF56AAF9FE7826922F00F0213
:104240001143816199E79F013FF574AF11E70120A8
:1042500070479B033FF56EAF0BE703200AE7DE05CF
:104260003FF568AF05E700BF002000520044025848
:10427000142E01084402002408B501F095F9064BFC
:1042800006499B69064A03F00F03CB5C03F01F034A
:10429000D840106008BD00BF00440258142E010829
:1042A0004802002410B501F07FF90949094A8B69D9
:1042B000094C03F00F03D35C03F01F03D8402060C8
:1042C000CB69C3F30213D35C03F01F03D84010BDC6
:1042D00000440258142E01084802002410B501F0D1
:1042E00063F90949094A8B69094C03F00F03D35C50
:1042F00003F01F03D8402060CB69C3F30223D35CD3
:1043000003F01F03D84010BD00440258142E0108CA
:1043100048020024F8B53A4CA36A03F00303032BC8
:1043200067D0236806460F4623F080632360FDF7BD
:10433000CFFC054604E0FDF7CBFC431B022B56D80F
:1043400023681A01F7D4A36A326823F47C3343EA62
:104350000233A362D6E90232013B013A5B02120446
:104360009BB202F4FE0213437268013AC2F30802E0
:1043700013433269013A120602F0FE421343A3636B
:10438000E36A726923F0C0031343E362E26AB3692C
:1043900022F020021A431B4BE262E26A22F0100272
:1043A000E262E16BF2690B4043EAC203E363E36A52
:1043B00043F01003E362E36AEFB1012F0CBF43F453
:1043C000801343F40013E3620D4C236843F08063D1
:1043D0002360FDF77DFC054604E0FDF779FC401BFA
:1043E000022804D823681B01F7D50020F8BD03205C
:1043F000F8BD0120F8BD43F40023E362E4E700BF09
:10440000004402580700FFFFF8B53A4CA36A03F0D6
:104410000303032B67D0236806460F4623F080531F
:104420002360FDF755FC054604E0FDF751FC431BF6
:10443000022B56D823689A00F7D4A36A326823F077
:104440007C7343EA0253A362D6E90232013B013A8C
:104450005B0212049BB202F4FE0213437268013A3B
:10446000C2F3080213433269013A120602F0FE4217
:1044700013432364E36A726923F440631343E362E2
:10448000E26AB36922F400721A431B4BE262E26AE9
:1044900022F48072E262616CF2690B4043EAC2036B
:1044A0006364E36A43F48073E362E36AEFB1012F6C
:1044B0000CBF43F4000343F08073E3620D4C2368A8
:1044C00043F080532360FDF703FC054604E0FDF74D
:1044D000FFFB401B022804D823689B00F7D500206F
:1044E000F8BD0320F8BD0120F8BD43F48003E3626A
:1044F000E4E700BF004402580700FFFF2DE9F8433E
:104500000368044613F0006622D0426EB2F5001F25
:1045100000F0CE8411D8002A00F0F884B2F5801F94
:1045200040F0F18402210430FFF7F4FE0646002E2D
:1045300040F08684626E236803E0B2F5401F40F0CD
:10454000E284A8480026016D21F440110A43026567
:10455000DD050AD5626D042A06D8DFE812F0A20450
:1045600093049A04DF02DF020126354698051BD525
:10457000A26D802A00F05B8400F2EC80002A00F03B
:104580008B83402A40F0ED800021201DFFF7C2FE02
:1045900023680546002D40F067839249A06D0A6D9F
:1045A00022F4E07202430A6559051FD5D4F8A4200D
:1045B000B2F5800F00F0478400F2D680002A00F0A8
:1045C0007183B2F5001F40F0D7800021201DFFF756
:1045D000A1FE23680546002D40F044838149D4F8AC
:1045E000A4008A6D22F4600202438A651A051FD571
:1045F000D4F8A820B2F1007F00F02E8400F2BF8032
:10460000002A00F05583B2F1807F40F0C080002185
:10461000201DFFF77FFE23680546002D40F02A830A
:104620007049D4F8A8008A6D22F0E06202438A65DE
:104630009F0118D5A26C202A00F0DA8300F2AA802C
:104640003AB1102A40F0A9806649CA6A42F40032A1
:10465000CA62002D40F059836249A06CCA6C22F0F6
:1046600030020243CA64D8041DD5E26DB2F5005F82
:1046700000F0FB8300F29480002A00F01F83B2F563
:10468000805F40F095800021201DFFF743FE2368E6
:104690000546002D40F0EC825249E06D0A6D22F48F
:1046A000E04202430A6599041AD5226EB2F5003F32
:1046B00000F074837FD84AB1B2F5803F40F0838028
:1046C0000121201DFFF726FE23680546002D40F03E
:1046D0001E834449206E0A6D22F4E02202430A65DB
:1046E0005A041BD5D4F8AC20B2F1005F00F060830F
:1046F0006CD842B1B2F1805F70D10121201DFFF76B
:1047000009FE23680546002D40F003833549D4F89F
:10471000AC008A6D22F0E04202438A651F040DD589
:10472000E26EB2F1805F00F03183B2F1005F00F021
:104730000182002A00F0048201263546D8015DD5A9
:10474000626C032A00F20A84DFE812F054001703B7
:104750004E005400C02A3FF41DAFB2F5807F3FF4F5
:1047600019AF012635461FE7B2F5C00F3FF433AF4E
:10477000B2F5000F3FF42FAF0126354636E7B2F110
:10478000407F3FF44AAFB2F1806F3FF446AF01265D
:1047900035464DE7302A3FF45CAF0126354662E7E7
:1047A000B2F5405F3FF475AFB2F5804F3FF471AFA3
:1047B0000126354677E722F48031B1F5802F85D088
:1047C000B2F5403F82D00126354689E722F080517C
:1047D000B1F1804F97D0B2F1405F94D001263546B9
:1047E0009CE700BF004402580221201DFFF792FD04
:1047F00023680546002D00F06B822E46590200F119
:10480000F081DF072FD5A26F282A2AD8DFE812F01F
:10481000D3012900290029002900290029002900A5
:104820006D032900290029002900290029002900F9
:10483000CC0129002900290029002900290029008C
:10484000D301290029002900290029002900290075
:10485000D301290029002900290029002900290065
:10486000D30101263546980716D5626F052A00F256
:104870007883DFE812F00D00300306000D000D0014
:104880000D00012104F12400FFF7BEFD2368054659
:10489000002D00F025822E46590717D5D4F8902018
:1048A000052A00F26183DFE812F00D000C03060018
:1048B0000D000D000D00012104F12400FFF7A4FDFF
:1048C00023680546002D00F013822E469A061DD55A
:1048D000D4F88C20B2F1005F00F0458200F2DC8059
:1048E0004AB1B2F1805F40F0E1800021201DFFF766
:1048F00011FD23680546002D40F00582A949D4F832
:104900008C004A6D22F0E04202434A655F061DD5E5
:10491000D4F89820B2F5006F00F0548200F2C980FC
:104920004AB1B2F5806F40F0CE800021201DFFF724
:10493000F1FC23680546002D40F0C8819949D4F860
:1049400098008A6D22F4E05202438A6518061DD54C
:10495000D4F89C20B2F5804F00F03F8200F2B68080
:104960004AB1B2F5005F40F0BB800021201DFFF787
:10497000D1FC23680546002D40F0A6818949D4F872
:104980009C008A6D22F4604202438A6519070BD5A8
:10499000D4F88010B1F5805F00F03E828148426D0E
:1049A00022F440520A434265DA060BD5D4F894103B
:1049B000B1F5807F00F025827A48826D22F4407242
:1049C0000A4382651F030ED5D4F8A010B1F5803FCD
:1049D00000F0D480B1F5003F00F0D780002900F04E
:1049E000BA810126354658030FD5D4F88420B2F594
:1049F000001F00F0B080B2F5401F00F0B380B2F5A8
:104A0000801F00F0A08101263546D90309D5E26C4C
:104A1000002A00F08681B2F5803F00F02D8101264A
:104A200035469A0000F1D2809F035CD4301E18BF37
:104A30000120DE0206D55B49256F0A6D22F0004297
:104A40002A430A65DD0007D55649D4F8B4500A69EF
:104A500022F480422A430A61990206D55149A56E83
:104A60000A6D22F080722A430A655A0009D54D4A20
:104A7000116921F4004111611169D4F8B85029433A
:104A80001161002B06DA474A216DD36C23F04053A5
:104A90000B43D364BDE8F88322F08051B1F1804F1D
:104AA0003FF429AFB2F1405F3FF425AF0126354610
:104AB0002CE722F48061B1F5805F3FF43CAFB2F5A2
:104AC000406F3FF438AF012635463FE722F40051EE
:104AD000B1F5004F3FF44FAFB2F5C04F3FF44BAFCD
:104AE0000126354652E7E26FB2F5807F00F0228161
:104AF00006D922F48071B1F5007F03D0012098E738
:104B0000002AFBD1002DF9D1264D301E696D18BF4A
:104B1000012021F440710A436A658AE73546002D79
:104B200040F0A4801F49606D0A6D22F00702024325
:104B30000A651BE50121201DFFF7ECFB23680546F4
:104B4000002D40F0DE801749E06E0A6D22F04052E1
:104B500002430A65F2E5012104F12400FFF754FC49
:104B600023680546002D40F0DA800E49D4F8840011
:104B70004A6D22F4401202434A6546E7022104F1DD
:104B80002400FFF741FC23680546002D40F0C58056
:104B90000449D4F8A0008A6D22F4403202438A65A9
:104BA00021E700BF00440258012104F12400FFF76F
:104BB0002BFC23680546002D40F0AD80AF49A06F67
:104BC0004A6D22F0380202434A654CE6022104F1A4
:104BD0002400FFF719FC236800283FF425AF0126C5
:104BE00022E7A74F3B6843F480733B60FDF770F802
:104BF000804606E0FDF76CF8A0EB0800642800F2A0
:104C00007E813B68DA05F5D5002D40F0A4819B4AF2
:104C1000D4F8B030116F594011F4407F0BD0116FB0
:104C2000106F21F4407140F480301067106F20F451
:104C3000803010671167B3F5807F00F06E8103F458
:104C40004072B2F5407F00F07C818C490A6922F401
:104C50007C520A61894AC3F30B03116F0B4313673C
:104C60002368CEE52E46C1E42E469DE42E467DE423
:104C70002E4618E52E46DBE40221201DFFF74AFBF5
:104C800005462368002D53D17C49E06CCA6C22F4A0
:104C900080320243CA64C4E67849CA6A42F40032E8
:104CA000CA6277E47549CA6A42F40032CA6292E481
:104CB0007249CA6A42F40032CA62AEE46F49CA6AF3
:104CC00042F40032CA62E4E42E465FE62E463DE638
:104CD0006A49606CCA6C22F003020243CA648DE523
:104CE0006649606F4A6D22F0070202434A65D3E5C8
:104CF0006249D4F890008A6D22F0070202438A6567
:104D0000E4E52E461AE52E4600E62E46ABE42E4696
:104D1000E6E42E4602E52E46A5E52E4663E62E463F
:104D200073E65649CA6A42F40032CA62002DABD01B
:104D30002E4676E65148C16A41F40031C162002D29
:104D40007FF4DCAEE0E64D49CA6A42F40032CA6242
:104D5000002DE4D109E7201DFFF7DCFA05462368A2
:104D6000002DDAD114E7022104F12400FFF74CFBF7
:104D700005462368002DC6D1C0E54049CA6A42F401
:104D80000032CA62002D7FF438ADA1E73B49CA6A00
:104D900042F40032CA62002DB3D1D4E6012104F1FD
:104DA0002400FFF731FB05462368002DAFD190E4C6
:104DB000012104F12400FFF727FB05462368002D9D
:104DC000A7D1A3E4022104F12400FFF71DFB05464F
:104DD0002368002D7FF47AAFB0E5022104F12400AE
:104DE000FFF712FB05462368002D7FF46DAFC5E584
:104DF0000221201DFFF78EFA05462368002D84D17D
:104E00002AE4022104F12400FFF7FEFA23680028B7
:104E10003FF4D8AD0126D5E5022104F12400FFF7C7
:104E2000F3FA236800283FF4BFAD0126BCE500215A
:104E300004F12400FFF7E8FA23680546FFF7AABB50
:104E40002368FFF785BB002104F12400FFF7DCFA9B
:104E500023680546FFF7BFBB002104F12400FFF7DC
:104E6000D3FA23680546FFF7D8BB002104F12400DC
:104E7000FFF7CAFA236805460BE400BF0044025856
:104E8000004802580021201DFFF744FA2368054618
:104E900045E6002104F12400FFF7B6FA2368054631
:104EA0003DE633493546CA6A42F40032CA6236E604
:104EB00002212430FFF7A8FA0646002E3FF43AAB51
:104EC000BEE70121201DFFF725FA05462368002DC6
:104ED0007FF4FBAC0CE70121201DFFF71BFA054610
:104EE0002368002D7FF4D7ACFAE60121201DFFF7DF
:104EF00011FA05462368002D7FF40DAF5EE6032608
:104F0000236835467DE40126FFF722BB1848C16AB5
:104F100041F40031C162FFF714BBFCF7D9FEDFF8A2
:104F20005080074641F2883904E0FCF7D1FEC01BEF
:104F30004845E4D8D8F870309B07F6D5D4F8B0309F
:104F40007DE60B480B4A016902EA131221F47C51F9
:104F50000A4302617EE623682E4652E40126354666
:104F60004CE40126354697E401263546AEE400BF01
:104F700000440258CFFFFF0008B5FFF77DF9054B4D
:104F8000054A1B6AC3F30213D35C03F01F03D84026
:104F900008BD00BF00440258142E0108584B70B4DD
:104FA000996A9D6ADE6A15F47C3FC5F30532DC6BB5
:104FB0005CD0C4F3CC0406F0100601F0030106FB3C
:104FC00004F4012907EE904AB8EEE77A03D00229EB
:104FD00075D000294FD007EE902ADFED4A6AF8EE2F
:104FE000E77A9B6B86EEA76A9FED475AC3F30803E7
:104FF00006EE903AF7EE005AF8EEE66AE7EE056A3A
:1050000076EEA56A66EE266A3D4AB7EE006A936BB5
:10501000C3F3462307EE103AB8EEC77A70BC37EEFA
:10502000067AC6EE877AFCEEE77AC0ED007A936BDB
:10503000C3F3064307EE103AB8EEC77A37EE067AA6
:10504000C6EE877AFCEEE77AC0ED017A936BC3F384
:10505000066307EE903AF8EEE77A77EE867A86EE08
:10506000A77ABCEEC77A80ED027A704770BCC0E9BF
:105070000022826070471968890627D51C6807EEF0
:10508000902A2249F7EE005A9B6BC4F3C102F8EE56
:10509000E77A9FED1D5AC3F30803D14006EE903A1C
:1050A00006EE101AF8EEE66AB8EEC66AE7EE056A92
:1050B00086EE277A76EEA56A66EE876AA4E707EEA3
:1050C000902ADFED136AF8EEE77A8AE707EE902A76
:1050D0009FED105A9B6BB7EE006AF8EEE77ADFEDB2
:1050E0000A5AC3F30803C5EE276A07EE903AF8EEB2
:1050F000E77AE7EE257A77EE867A66EEA76A83E7A7
:10510000004402580024744A000000390090D00383
:105110000024744B0024744C584B70B4996A9D6AF7
:10512000DE6A15F07C7FC5F305525C6C5CD0C4F37D
:10513000CC0406F4807601F0030106FB04F4012997
:1051400007EE904AB8EEE77A03D0022975D000291D
:105150004FD007EE902ADFED4A6AF8EEE77A1B6C33
:1051600086EEA76A9FED475AC3F3080306EE903A0E
:10517000F7EE005AF8EEE66AE7EE056A76EEA56A03
:1051800066EE266A3D4AB7EE006A136CC3F3462307
:1051900007EE103AB8EEC77A70BC37EE067AC6EE64
:1051A000877AFCEEE77AC0ED007A136CC3F306430E
:1051B00007EE103AB8EEC77A37EE067AC6EE877A6F
:1051C000FCEEE77AC0ED017A136CC3F3066307EED9
:1051D000903AF8EEE77A77EE867A86EEA77ABCEE1A
:1051E000C77A80ED027A704770BCC0E90022826005
:1051F00070471968890627D51C6807EE902A22494E
:10520000F7EE005A1B6CC4F3C102F8EEE77A9FED8B
:105210001D5AC3F30803D14006EE903A06EE101A69
:10522000F8EEE66AB8EEC66AE7EE056A86EE277A19
:1052300076EEA56A66EE876AA4E707EE902ADFEDB0
:10524000136AF8EEE77A8AE707EE902A9FED105A84
:105250001B6CB7EE006AF8EEE77ADFED0A5AC3F38B
:105260000803C5EE276A07EE903AF8EEE77AE7EE14
:10527000257A77EE867A66EEA76A83E700440258BD
:105280000024744A000000390090D0030024744BBD
:105290000024744C584B70B4996A9D6ADE6A15F408
:1052A0007C7FC5F305125C6B5CD0C4F3CC0406F0C4
:1052B000010601F0030106FB04F4012907EE904A00
:1052C000B8EEE77A03D0022975D000294FD007EE57
:1052D000902ADFED4A6AF8EEE77A1B6B86EEA76A42
:1052E0009FED475AC3F3080306EE903AF7EE005AD3
:1052F000F8EEE66AE7EE056A76EEA56A66EE266ADD
:105300003D4AB7EE006A136BC3F3462307EE103A2B
:10531000B8EEC77A70BC37EE067AC6EE877AFCEE36
:10532000E77AC0ED007A136BC3F3064307EE103A39
:10533000B8EEC77A37EE067AC6EE877AFCEEE77AE1
:10534000C0ED017A136BC3F3066307EE903AF8EEF3
:10535000E77A77EE867A86EEA77ABCEEC77A80ED9A
:10536000027A704770BCC0E90022826070471968F9
:10537000890627D51C6807EE902A2249F7EE005AC5
:105380001B6BC4F3C102F8EEE77A9FED1D5AC3F31D
:105390000803D14006EE903A06EE101AF8EEE66ADF
:1053A000B8EEC66AE7EE056A86EE277A76EEA56A5B
:1053B00066EE876AA4E707EE902ADFED136AF8EE3F
:1053C000E77A8AE707EE902A9FED105A1B6BB7EE3B
:1053D000006AF8EEE77ADFED0A5AC3F30803C5EE78
:1053E000276A07EE903AF8EEE77AE7EE257A77EE4D
:1053F000867A66EEA76A83E7004402580024744A5E
:10540000000000390090D0030024744B0024744C39
:10541000B0F5807F00B585B048D0B0F5007F11D0E1
:10542000B0F5806F00F08280B0F5006F52D0B0F51B
:10543000805F2CD0B0F5002F00F09680002005B0E2
:105440005DF804FB534A136D03F4E073802B59D0CD
:1054500012D9C02B26D0B3F5807FEFD1D36C13F0D7
:1054600040535BD0B3F1805F00F08D80B3F1005FFB
:10547000494818BF0020E2E7002B3CD0402BDDD18B
:1054800001A8FFF78BFD019805B05DF804FB414AC8
:10549000136D03F4E043B3F5005F33D029D9B3F5BE
:1054A000405F58D13D4805B05DF804FB394B1B6D9A
:1054B00003F00703042BC1D801A252F823F000BF68
:1054C000F75400088154000805550008A554000849
:1054D000135500082F4A936D03F0E063B3F1007F8A
:1054E00010D01DD9B3F1407FDCD0B3F1806FB5D0BF
:1054F000A4E7002B34D101A8FFF7CCFE029805B039
:105500005DF804FB01A8FFF707FE019805B05DF800
:1055100004FB204BDB6C13F04053A3D120488EE7F3
:10552000002BE8D0B3F1807FAAD087E7194A936DAA
:1055300003F46003B3F5800FE4D005D8002BDAD074
:10554000B3F5001F9CD079E7B3F5C00FAAD0B3F52F
:10555000000F83D072E7B3F5804F3FF47FAF6DE764
:10556000B3F5805F8CD069E70A4A936D03F440334A
:10557000B3F5803F09D0B3F5003F3FF46FAF002B88
:105580007FF45CAF7CE7074859E701A8FFF7C4FD4B
:10559000039854E7004402580024F4000080BB0044
:1055A0000090D00300093D0008B5FEF7ABFC064BA8
:1055B00006499B69064AC3F30323CB5C03F01F0330
:1055C000D840106008BD00BF00440258142E0108E6
:1055D00044020024084604F00DB900BF143001F065
:1055E00069BA00BF38B500F1140504462DED028BF1
:1055F000284601F01BFA284601F014FA2846B0EEBE
:10560000408A01F0FDF9D0ED007AF8EE677A88EE75
:10561000277ABDEC028B84ED0E7A38BD38B500F1E7
:10562000140504462DED028B284601F0EDF92846BD
:1056300001F0F8F92846B0EE408A01F0E1F9D0ED2A
:10564000007AF8EE677A88EE277ABDEC028B84ED5B
:105650000E7A38BD253001F079BF00BF10B540F299
:1056600003338EB000244FF60B7240F20341ADF8C5
:10567000083009A80123ADF81020ADF824202246F7
:10568000ADF80C100094029907940C94CDE90544F0
:10569000CDE90A4401F082FD04A8012322460399C2
:1056A000009401F07BFD09A801F05EFE10B9012015
:1056B0000EB010BD04A801F057FEA0420CBF02209E
:1056C00020460EB010BD00BF2DE9F04103239AB073
:1056D000012700240646CDE914373B4BCDE91043A2
:1056E00040F20453CDE91647ADF84830FFF7B6FF56
:1056F000B842054625D0022845D040F60132334B4A
:105700000DF12C081894ADF82C200B981997CDF8B2
:105710004A3000F0E3F810A906F13C0002F060FE08
:10572000302003224FF07E5341460D930E93CDE976
:105730000B02F26B06F1140001F02AF91AB0BDE871
:10574000F0811023214A06A906908DF828300DF12A
:105750002C081F4BCDF84A2007930294CDE918047A
:10576000CDE9080402A802F071F80823029A03A9FF
:105770004046ADF80C508DF80E40049505930B94FF
:1057800000F0ECF8C7E700200121104B0DF12C08C8
:105790003A460094CDF84A304FF60B730C94ADF8AE
:1057A0002C302346CDE9180140F601314046ADF8D2
:1057B00018100699CDE90D4401F0F0FC2146404651
:1057C00001F0DEFDA7E700BF0402040404060403A1
:1057D0000704010B2DE9F04704462DED028B82B042
:1057E00000294DD0012140F2011200230091ADF8B3
:1057F00004208DF80630364A0127364B04F104099F
:10580000354904F12908626040F20272A36040F653
:105810000663E16004F1250AA4F82520A4F82930E4
:10582000278284F8277084F82B7004F07FF90546EE
:1058300003F0E2FF6946064650BB4DB304F1300069
:105840008DF8067004F0FAF8072D3CD104F1140528
:105850002046FFF739FF284601F0E4F82846B0EE6D
:10586000408A01F0CDF8D0ED007AF8EE677A88EE44
:10587000277A84ED0E7A02B0BDEC028BBDE8F0878A
:1058800040F2011300918DF80610ADF80430B2E734
:1058900004F1300004F0D2F8072D11D0494620461B
:1058A00002F01EFA0EB9002DD0D1504601F072FD63
:1058B000404601F06FFD04F1120000F079F9C5E7F0
:1058C000002EF2D1C2E74946204602F009FABDE7B0
:1058D0000508050905070506050A060610B584B082
:1058E00003460124ADF8040003A8ADF80C30ADF870
:1058F0000E4001F04FFD214603A801F027FE20468F
:1059000003F078FF002103A801F020FE204603F0F9
:1059100071FF214603A801F019FE04B010BD00BFBD
:1059200010B5C2F3002384B00C46017C8DF80D2025
:1059300043EA4402FA2402238DF80C2003AA0094BF
:1059400002F01AF818B10124204604B010BD044634
:105950000A2003F04FFF204604B010BD034670B587
:1059600043F8042B044684B007C983E80700A379F1
:1059700083B91A210B461E22FA2523742046ADF85E
:105980000C20022303AA009501F0F6FF28B10120A4
:1059900004B070BD1B210B46EDE70A2003F02AFF7F
:1059A0004FF4B85200950223ADF80C20204603AA0C
:1059B000217C01F0E1FF0028E9D10A2003F01AFF61
:1059C00041F2027200950223ADF80C20204603AA92
:1059D000217C01F0D1FF0028D9D10A2003F00AFF71
:1059E000042200950223ADF80C20204603AA217C56
:1059F00001F0C2FF0028CAD10A2003F0FBFE0622F4
:105A000000950223ADF80C20204603AA217C01F06A
:105A1000B3FF0028BBD10A2003F0ECFE41F20822BC
:105A200000950223ADF80C20204603AA217C01F04A
:105A3000A3FF0028ABD10A20064603F0DBFE009549
:105A4000022303AA217C2046ADF80C6001F094FFEC
:105A500000289CD1304603F0CDFE009522790C231E
:105A60002046002A8DF80C3003AA4FF0020314BF21
:105A7000622142218DF80D10217C01F07DFF00286C
:105A800085D1304603F0B6FE2279D4E902310B43CA
:105A9000DBB20AB943F0400362790AB143F0200354
:105AA0000E22FA258DF80D302046009502238DF840
:105AB0000C2003AA217C01F05FFF00287FF467AF70
:105AC0000A2003F097FE102200950223ADF80C2067
:105AD000204603AA217C01F04FFF00287FF457AF36
:105AE0000A2003F087FE122100950223ADF80C1066
:105AF00003AA217C204601F03FFF00287FF447AF36
:105B00000A2003F077FE012209212046FFF708FF53
:105B1000003818BF01203BE7F0B5102387B0234CB5
:105B2000012200250126002702A920460195CDE982
:105B300002234FF48052CDE9046707F0C9F86420CE
:105B4000FCF7CCF802A94FF480522046CDE9046757
:105B500002261027CDE9026707F0BAF803221023C6
:105B600002A92046CDE9022300230422CDE9042323
:105B70004FF4805207F0ACF840F23223042202A91D
:105B8000019310232046CDE90223019A01230592B7
:105B90004FF48052049307F09BF840F6060120462C
:105BA00007F0B6F8284607B0F0BD00BF0CF500249A
:105BB0001C4B00221C494FF0400C30B5054689B003
:105BC0000220596007219A601A620124DA620A22CF
:105BD0004FF4006EDC6006922022CDE90001042023
:105BE0000821CDE9020103201021CDE9040108209C
:105BF0006946C3E904024FF4C072181DC3E906C226
:105C00004FF48052C3E909E207F038F838B9284662
:105C1000FFF782FF003818BF012009B030BD2046D1
:105C200009B030BD08F5002440410052614A00210E
:105C3000D0B513688EB00A91002B40F0B9805E4B4E
:105C400001214FF683700C2411600221D3F8D42077
:105C50000026032742F48052C3F8D420D3F8D4207E
:105C600002F480520092009AD3F8E02042F0100231
:105C7000C3F8E020D3F8E02002F010020192019A6C
:105C8000D3F8E02042F04002C3F8E020D3F8E0204F
:105C900002F040020292029AD3F8E02042F0080299
:105CA000C3F8E020D3F8E02002F008020392039A40
:105CB000D3F8E02042F48072C3F8E020D3F8E0206B
:105CC00002F480720492049AD3F8E02042F0800239
:105CD000C3F8E020D3F8E02002F080020592059A94
:105CE000D3F8E02042F02002C3F8E020D3F8E0200F
:105CF00002F020020692069AD3F8E02042F0040255
:105D0000C3F8E020D3F8E0300C9403F004030793C9
:105D10000323079A0B93CDE9080108A9274804F04B
:105D200041F948F23712022308A925480C94CDE91D
:105D30000823CDE90A6704F035F94CF20372022317
:105D400008A920480C94CDE90823CDE90A6704F09E
:105D500029F940F2FF62022308A91B480C94CDE9FF
:105D60000823CDE90A6704F01DF94FF60C720223EF
:105D700008A916480C94CDE90823CDE90A6704F078
:105D800011F94FF63F02022308A911480C94CDE9FE
:105D90000823CDE90A6704F005F92022022308A9A7
:105DA0000A480C94CDE90A67CDE9082304F0FAF813
:105DB0000EB0D0BD04F50024004402580010025873
:105DC00000180258000C025800200258001C02580B
:105DD000001402582DE9F04FDFF8108406460D46F6
:105DE000144608F118002DED028B89B000AF02F0C7
:105DF000EFFBD8F8183073B3D8F81C30D8F80490FB
:105E0000002B43690BBF4FF0080A4FF0100A4FF008
:105E1000020B4FF0040BB9F1000F2AD0A200EA46A2
:105E2000012B02F1070222F00702ADEB020D6846DA
:105E3000ADEB020D694600F03F81022B00F0D680E9
:105E4000002B6FD02246C847D5462437BD46BDEC4F
:105E5000028BBDE8F08FD8F81C30002BF5D0D8F8B5
:105E600004904FF0080A4FF0020B4369B9F1000F9C
:105E7000D4D1FB61D8F80030BB61002BE5D0D54808
:105E800002F018FC6B46BBF1020F786108EE103A85
:105E9000FB6900F083816A465146A2EBC402954635
:105EA0006200EA46B2FBFBF2AAEBC40085460AEBAD
:105EB0008200EE46F861ADEB010DF8690EEB820C45
:105EC000C7F810C0EC46ADEB010D00EB8201CCF839
:105ED0000400CCF8081001EB82013869E946CCF8DF
:105EE0000C1000EB8201CCF800A001EB8202C9E9A2
:105EF00000E0C9E90212012B00F06483022B00F0DC
:105F00006C82002B00F08081620849466046BB69C4
:105F1000984718EE103A24379D46BD46BDEC028BDB
:105F2000BDE8F08F002C8DD01A46D8ED0C6A9FED9D
:105F3000B27A8446331D36F922E00CF1080C07EEE4
:105F400090EA33F922E00232F8EEE77A944267EE03
:105F5000877A67EEA67A4CED027A07EE90EAF8EEC1
:105F6000E77A67EE877A67EEA67A4CED017AE2D897
:105F7000F9612246C847984ED8ED0D6A0020F969AC
:105F80002B1D9FED9E7A9FED9E6ADFED9E5A22E0CB
:105F9000F4EEC67AF1EE10FAC0F2C88447F6FE724B
:105FA000D1ED017A45F8202066EEA77AF4EEC77AA3
:105FB000F1EE10FA40F2F080F4EEC67AF1EE10FA4B
:105FC000C0F2D58447F6FE7243F820200230083133
:105FD00084427FF639AFD1ED007A66EEA77AF4EE0F
:105FE000C77AF1EE10FAD3D83246D9E7002C3FF445
:105FF00029AFD8ED0C6A84469FED787A0022331DD4
:106000008E4656F822100CF1080C07EE901A53F841
:1060100022100232F8EEE77A944267EE877A67EE52
:10602000A67A4CED027A07EE901AF8EEE77A67EE60
:10603000877A67EEA67A4CED017AE2D8714622465D
:10604000C7F81CE0C847664ED8ED0D6A0020F96914
:106050002B1D9FED6A7A9FED6A6ADFF894C120E0FC
:10606000F4EEC67AF1EE10FAC0F279843246D1ED40
:10607000017A45F8202066EEA77AF4EEC77AF1EEB1
:1060800010FA40F28780F4EEC67AF1EE10FAC0F210
:106090005E84324643F820200230083184427FF685
:1060A000D3AED1ED007A66EEA77AF4EEC77AF1EEC0
:1060B00010FAD5D86246DAE7002C3FF4C3AED8ED2B
:1060C0000C6A86469FED477A4FF0000C331D56F858
:1060D0002C200EF1080E82F40002A2F5000207EE59
:1060E000902A53F82C200CF1020CF8EEE77A82F497
:1060F00000026445A2F5000267EE877A67EEA67A91
:106100004EED027A07EE902AF8EEE77A67EE877A8C
:1061100067EEA67A4EED017AD9D8F9612246C847D2
:10612000314ED8ED0D6A0020F9692B1D9FED337AB1
:106130009FED336ADFF8BCC01FE0F4EEC67AF1EEE3
:1061400010FAC0F2FC833246D1ED017A45F82020E6
:1061500066EEA77AF4EEC77AF1EE10FA18D9F4EEEB
:10616000C67AF1EE10FAC0F2DA83324643F8202004
:106170000230083184427FF667AED1ED007A66EED8
:10618000A77AF4EEC77AF1EE10FAD6D86246DBE7CA
:106190006246EBE762467DE7324615E7A100D64648
:1061A0006208073121F00701ADEB010DEA46ADEBC6
:1061B000010D6946ADEB0E0D0AEB8200EC46ADEB2E
:1061C0000E0D01EB8202F861E946CCE900A0C9E9B5
:1061D000001290E65CF500240280FFFF0000003012
:1061E0000082FF7F0000003482FF7F0040F5002422
:1061F000007E00807E0080FF0000003804FF7FBF2B
:1062000004FF7F3F00FEFF46002C00F0C982BBF177
:10621000020FD8F8242000F0FA827969C7F80490B8
:1062200002EB810E5FED0C5A8A00DCF808100EF1CB
:1062300004007A611A46DCF80C303B61331DD7F854
:1062400010903D61FD69C7E902CB8C46834636F963
:106250002210D8ED0C7A06EE101A33F9221006EE51
:10626000901A3EF92210B8EEC66A07EE101AF8EE40
:10627000E66A3BF92210B8EEC77A26EE256A66EE8A
:10628000A56A27EE257A26EE276A66EEA76A27EE2C
:10629000277A07EE901A51080232F8EEE77A0AEBF5
:1062A0008100944280ED006A05EB810067EEA57ADB
:1062B000C0ED006A0CEB810009EB810180ED007AF2
:1062C00098ED0C7A67EE877AC1ED007ABFD8D7F8DF
:1062D00004903D69D7E902CB60466208BB69494634
:1062E0009847D8F82C307A69D8ED0D6A1A441FED1A
:1062F0003D7A1FED3D6A2B1D904602F1040A5FEDC9
:106300003F5A0022A84ED9E900EC51E0F4EEC67ADB
:10631000F1EE10FAC0F2C78247F6FE7045F822008F
:106320000CEB0100D0ED007A66EEA77AF4EEC77AA6
:10633000F1EE10FA4BD9F4EEC67AF1EE10FAC0F293
:10634000BA8247F6FE70BBF1020F43F822002BD051
:10635000D9F808000844D0ED007A66EEA77AF4EE8A
:10636000C77AF1EE10FA36D9F4EEC67AF1EE10FAE9
:10637000C0F2CD8247F6FE7048F82200D9F80C0032
:106380000144D1ED007A66EEA77AF4EEC77AF1EE19
:1063900010FA1ED9F4EEC67AF1EE10FAC0F2AF820E
:1063A00047F6FE714AF82210023294427FF6B1ADF0
:1063B00051080EEB81008900D0ED007A66EEA77AD5
:1063C000F4EEC77AF1EE10FAA0D83046A6E73046D0
:1063D000B9E73146E6E73046CEE7002C00F0E08131
:1063E000BBF1020FD8F8243000F0E1817A69DCF8C3
:1063F000081003EB820EC7F804909300DFED6B5A90
:106400000EF1040000227B61DCF80C303B61331D8F
:10641000D7F810903D61FD69C7E902CB8C468346F1
:1064200056F82210D8ED0C7A07EE101A53F8221005
:10643000B8EEC76A07EE101A5EF82210F8EEC76AC7
:1064400007EE101A26EE256A5BF82210B8EEC77A1E
:1064500066EEA56A26EE276A27EE257A66EEA76A1B
:1064600027EE277A07EE901A51080232F8EEE77A03
:106470000AEB8100944280ED006A05EB810067EE33
:10648000A57AC0ED006A0CEB810009EB810180ED7B
:10649000007A98ED0C7A67EE877AC1ED007ABFD862
:1064A000D7F804903D69D7E902CB60466208BB6922
:1064B00049469847D8F82C307A69D8ED0D6A1A44C5
:1064C0009FED3E7A9FED3E6A131D9246DFF8E4C0D1
:1064D0000022FB612B1D364ED9E9008E4EE0F4EE12
:1064E000C67AF1EE10FAC0F2FC81304645F822007F
:1064F0000EEB0100D0ED007A66EEA77AF4EEC77AD3
:10650000F1EE10FA49D9F4EEC67AF1EE10FAC0F2C3
:10651000EF813046BBF1020F43F822002AD0D9F8B0
:1065200008000844D0ED007A66EEA77AF4EEC77A48
:10653000F1EE10FA35D9F4EEC67AF1EE10FAC0F2A7
:10654000C98130464AF82200D9F80C000144D1ED47
:10655000007A66EEA77AF4EEC77AF1EE10FA1ED949
:10656000F4EEC67AF1EE10FAC0F2AD813146F86968
:1065700040F82210023294427FF6CBAC510808EB6F
:1065800081008900D0ED007A66EEA77AF4EEC77A32
:10659000F1EE10FAA3D86046A8E76046BAE7614674
:1065A000E5E76046CEE700BF0280FFFF0000003055
:1065B0000082FF7F007E00800000003404FF7FBF68
:1065C00004FF7F3F002C00F0EB807A690021D8F8AF
:1065D0002430C7F8109003EB820ED7F81C9093007C
:1065E000FD610EF104021FED0C6A7B61331D15463F
:1065F00056F821204808D8ED0C6ABBF1020F82F44E
:106600000002A2F5000207EE902A53F8212082F43E
:106610000002B8EEE77AA2F5000227EE067A07EE4E
:10662000902A0AEB8002F8EEE77A27EE267A67EEE8
:10663000867A82ED007A09EB80024FEA800067EEED
:10664000A67AC2ED007A27D05EF8212082F40002FB
:10665000A2F5000207EE902A55F8212082F40002EC
:10666000B8EEE77AA2F5000227EE067A07EE902A46
:10667000DCF80820F8EEE77A024427EE267A67EE87
:10668000867A82ED007A98ED0C7ADCF80C2067EEC1
:10669000877A0244C2ED007A02318C42A8D8D7F83A
:1066A000109060466208BB694946FD699847D8F872
:1066B0002C307A69D8ED0D6A1A441FED407A1FED2F
:1066C000406A131D9246DFF8C4C20022FB612B1DF5
:1066D000AB4ED9E9008E4EE0F4EEC67AF1EE10FA38
:1066E000C0F2C580304645F822000EEB0100D0ED27
:1066F000007A66EEA77AF4EEC77AF1EE10FA49D97D
:10670000F4EEC67AF1EE10FAC0F2BF803046BBF16B
:10671000020F43F822002AD0D9F808000844D0ED2F
:10672000007A66EEA77AF4EEC77AF1EE10FA35D960
:10673000F4EEC67AF1EE10FAC0F2AE8030464AF8B6
:106740002200D9F80C000144D1ED007A66EEA77A58
:10675000F4EEC77AF1EE10FA1ED9F4EEC67AF1EE35
:1067600010FAC0F28B803146F86940F822100232EC
:1067700094427FF6CEAB510808EB81008900D0ED42
:10678000007A66EEA77AF4EEC77AF1EE10FAA3D893
:106790006046A8E76046BAE76146E5E76046CEE7AF
:1067A000224649466046BB699847FFF7B2BBC7F827
:1067B00010B0002298ED0C6A331DDFED726AD7F835
:1067C0001CB0786956F8221007EE901A53F8221080
:1067D000B8EEE77A07EE901A51080232F8EEE77A3F
:1067E00027EE267A0AEB810E94420BEB810167EECD
:1067F000A67A27EE067A67EE867A8EED007AC1EDEC
:10680000007ADFD88300D7F810B07B614DE61A46D6
:10681000C7F810B098ED0C6A331DDFED5B6AD7F84E
:106820001CB0786936F9221007EE101A33F92210DD
:1068300007EE901AB8EEC77A51080232F8EEE77AFE
:1068400027EE267A0AEB810E94420BEB810167EE6C
:10685000A67A27EE067A67EE867A8EED007AC1ED8B
:10686000007ADFD88300D7F810B07B6134E5F0EE12
:10687000675AFEEEE45A15EE900A34E7F0EE675AD6
:10688000FEEEE45A15EE901A6EE7F0EE675AFEEE51
:10689000E45A15EE900A3AE7F0EE675AFEEEE45A33
:1068A00015EE900A4BE767EEA57AFDEEE77A17EE54
:1068B000900A00B232E567EEA57AFDEEE77A17EEB0
:1068C000900A00B23FE5F0EE675AFEEEE05A15EE90
:1068D000901A4CE6F0EE675AFEEEE05A15EE900A7A
:1068E00030E6F0EE675AFEEEE05A15EE900AFDE54E
:1068F000F0EE675AFEEEE05A15EE900A0AE667EEF1
:10690000A57AFDEEE77A17EE901A09B24AE567EE2E
:10691000A57AFDEEE77A17EE900A00B22CE5F0EECC
:10692000675AFEEEE45A15EE902A1FE467EEA57A48
:10693000FDEEE77A17EE902A12B2FFF731BBF0EEC8
:10694000675AFEEEE45A15EE902AFFF7FDBBF0EE13
:10695000675AFEEEE05A15EE902AFFF79BBBF0EE69
:10696000675AFEEEE05A15EE902AFFF780BB67EEFD
:10697000A57AFDEEE77A17EE902A12B2FFF724BB54
:1069800082FF7F0000000030000000387E0080FFA2
:1069900030B5184C154685B0046004F1080EEC467D
:1069A0000FC98EE80F00D4ED047AF5EEC07A8CE8BA
:1069B0000F00F1EE10FA1ADDB7EE006A94ED057AD9
:1069C00027EE277AC6EE276A84ED0D7AC4ED0C6AAD
:1069D0006DB1204640F8185F01F0FAFD06490369E1
:1069E0000020064A2162A262E36005B030BD0120AA
:1069F00005B030BD40F5002400200030000000301C
:106A000000680830704700BFB1F5807F03680A4610
:106A100028BF4FF48072B1F5807F9A6094BF002048
:106A2000012070470068183001F032BE70B504686C
:106A30008AB0A369E160CBB104F11805284601F0E2
:106A4000C7FD8446EE46E668BCE80F00AEE80F00DE
:106A5000BCE80F00AEE80F009CE803008EE80300DE
:106A600069462846049601F0BBFCF8B9E069D8B144
:106A700004F11C05284601F0ABFD8446EE46E468AF
:106A8000BCE80F00AEE80F00BCE80F00AEE80F0056
:106A90009CE803008EE8030069462846049401F050
:106AA0009FFC003818BF01200AB070BD01200AB059
:106AB00070BD00BF30B5046883B00D46E3694BB1CB
:106AC000A3680020E26A616A9B00009004F11C0048
:106AD00001F080FDA3680748A26A9B00216A00902C
:106AE00004F1180001F076FD0020C4E9005003B065
:106AF00030BD00BFD55D000810B4074B4FF07E518C
:106B000030240022032019619C60D8605DF8044B9A
:106B10005961C3E90622704740F5002400B583B0EF
:106B20004FF0000E4FF0030C4274ADF80410BDF8A6
:106B3000043080F810E0A0F802C0038003B05DF8D4
:106B400004FB00BF2DE9F04FDFF81C8300258DB05A
:106B5000C04C037008F140034260074601920E46A4
:106B6000202229464046C4F86831C4F86481CDE942
:106B70000255CDE90455CDE90655CDE90855CDE9D5
:106B80000A550BF009FC2022294604F5A170C4F82F
:106B90003151C4F83551C4F83951C4F83D510BF0A6
:106BA000FBFB019B84F8485284F830317A68002A54
:106BB0006AD02B4604F59871454606F1100A9E46A8
:106BC000F01856F803B0E2180EF1010ED0F80CC020
:106BD000D0F80490D0F8088044F803B0C2F80CC094
:106BE0004FF0000CC2F80490C2F80880008A25F823
:106BF00002CB10821AF8032001F8012F002A70D06E
:106C00007A684FF001001233724584F84802D7D8F1
:106C10004FF4802290489DF8043008214FF000087E
:106C20004FF00009C4F884310023C4E95B0201225B
:106C3000C4F8743184F88031C4E95E2194F84812B4
:106C4000C4E96489A9B3C4F89821002284F8813189
:106C500084F888313B78C4E96722002B38D00122C0
:106C600000200121013B84F8A421C4E96C01082B18
:106C700030D8DFE813F0BD00C200C700CC00D1005F
:106C8000D600DB00E100E8009DF804300121C4F8E3
:106C90007421C4F884314FF4802384F880216E4A33
:106CA000C4E95B2308230022C4E95E130023C4E97E
:106CB00064230123002284F88131002384F8883181
:106CC0000323C4F898313B78C4E96722002BC6D16E
:106CD00084F8A4316148FBF739FC034638B1FFBEA4
:106CE000FEE77A68123372453FF66AAF90E702A971
:106CF0005A480293FBF788FD8246002876D1042289
:106D000040F2FF710A90CDE9081294F83021002A70
:106D100000F0F3804FF006080AEBCA034FEACA09F5
:106D200004EB43035B7C072B07D8DFE803F0595CD7
:106D30005653504D4A04072307930FFA8AF6D1445D
:106D400006EBC60604EB490904EB46077500384616
:106D500000F020FB99F81030042B00F3AA80022BDE
:106D600000F3BD8000F0B98004EB0A03002283F831
:106D7000202114F81630002B78D0022B00F08A80E6
:106D8000012B40F0B2807B78012B00F0B080002B0B
:106D9000334B18BF002305A93048CDE90538FBF770
:106DA00001F8002840F0AC800AF1010A94F8303173
:106DB0005FFA8AFA534540F2A0802A4B53F82A80A2
:106DC000AAE706230793B8E705230793B5E704234B
:106DD0000793B2E703230793AFE702230793ACE7D8
:106DE00000230793A9E701230793A6E7FFBEFEE769
:106DF00003224023C4E96A236CE707226023C4E925
:106E00006A2367E70F228023C4E96A2362E71F220F
:106E1000A023C4E96A235DE73F22C023C4E96A23B3
:106E200058E77F22E023C4E96A2353E7FF224FF4A7
:106E30008073C4E96A234DE740F2FF124FF4907368
:106E4000C4E96A2346E740F2FF324FF4A073C4E975
:106E50006A233FE778F5002400200240E4F600248E
:106E60000002B025642D0108004000307B78062B1D
:106E700037D0072B3DD0022B4AD0032B4AD0002B12
:106E80004CD0012B48D0042B4AD0052B254B18BFE2
:106E9000002380E77B78042B25D0052B2BD08BB3E8
:106EA000012B31D0022B31D0032B1F4B18BF0023F5
:106EB00071E70323043504EB0A0B4FF00009254466
:106EC0008BF82031284609F1010900F063FA9BF89C
:106ED000203104354B45F5DC4BE70123EAE702237B
:106EE000E8E7124B57E7124B55E7002353E7114BE6
:106EF00051E7114B4FE7114B4DE70DB0BDE8F08F57
:106F0000FFBEFEE70E4B46E70E4B44E70E4B42E753
:106F10000E4B40E70E4B3EE70E4B3CE70E4B3AE77D
:106F20000E4B38E70000B84F002090360800900C58
:106F30001000C0102000F0148000501D00018021BE
:106F40000004002A0008302E001060320040C03AD1
:106F50000080F03E00005247000021430000844BB7
:106F600038B5094C40F2FF724FF0011104F5B675C7
:106F70002846FBF7F7FB94F83021D4F86411284633
:106F8000BDE83840FBF762B978F50024064B0F29BD
:106F9000D3F8643198BF03EB41031B8800EE103A2D
:106FA000BBEEC80A704700BF78F50024214B026889
:106FB0009A4200D07047204A00232048D2F8D810C7
:106FC00030B51F4C41F0200183B0C4F8D001092036
:106FD00004F5E875C4E975034FF48060C2F8D81071
:106FE000D2F8D8204FF40061C4E9773094F8480211
:106FF00002F02002C4F8E4114FF4005198420192CB
:107000002846C4F8E811C4E97C33019B14BF00236F
:107010004FF48073C4F8EC31FBF71CFE08B1FFBEDF
:10702000FEE704F5B673C4F8B851C4F8083203B0EB
:1070300030BD00BF00200240004402584000024022
:1070400078F500240148FCF77DB900BF48F700241B
:1070500002682DE9F84F4B4B9A4201D0BDE8F88FFA
:10706000494D95F84832002BF8D095F83031002B77
:1070700077D0002405F10C0905F5A17605F5987780
:10708000A04613E003F0010117F811BCA9F10800B4
:1070900000F05CFABBF1010F25D895F830310134CE
:1070A00009F112090236A2B293422BD917F8012F27
:1070B000002AF4D0D5F864310021327833F8140076
:1070C000D5F8683103EB041323F812003388013339
:1070D0009BB233805FFA83FA3A789A42D2D88A46D2
:1070E000A6F80080D0E7CAF34001A9F1040000F03F
:1070F0002DFABBF1020FCAF38001CED0484600F052
:1071000025FACAE7002395F8480220490922984247
:10711000C5F8D8314FF48060C5F8D011C5F8D42136
:107120004FF400614FF40052C5F8DC3108BF4FF452
:107130008073C5F8E821C5E9780100221448C5E943
:107140007B32C5F8F421FBF785FD08B1FFBEFEE7F1
:1071500095F83021D5F864110E48BDE8F84FFBF7DB
:1071600075B80A4909224FF48060C5F8D831C5E9DD
:1071700074124FF400614FF40052C5E97730C5E94D
:107180007912DAE70020024078F50024400002403E
:1071900048F70024E4F60024704700BF10B592B011
:1071A000ADF804100180C9B2149C0B29C460C0E979
:1071B00001233FD090F801C0BCF10F0F3AD8022A4A
:1071C0003FD0032A02D0012A00D000220E92012BC8
:1071D00002D0022B18BF0023022C0F932CD0032CBB
:1071E0002AD0012C28D000230A29109327D85C4AE2
:1071F00002EB812202610A2914D8DFE801F0A3958D
:1072000087796B5D4F4133250600564BD3F8E0106C
:1072100041F48061C3F8E010D3F8E03003F48063F8
:107220000C930C9B01230DA9104603FA0CF30D934C
:1072300002F0B8FE12B010BD0A291094D7D900226E
:10724000D8E711220E92C2E7464BD3F8E01041F482
:107250000071C3F8E010D3F8E03003F400730B932F
:107260000B9BDFE73F4BD3F8E01041F48071C3F88C
:10727000E010D3F8E03003F480730A930A9BD1E75F
:10728000384BD3F8E01041F08001C3F8E010D3F898
:10729000E03003F080030993099BC3E7314BD3F837
:1072A000E01041F04001C3F8E010D3F8E03003F003
:1072B00040030893089BB5E72A4BD3F8E01041F050
:1072C0002001C3F8E010D3F8E03003F02003079367
:1072D000079BA7E7234BD3F8E01041F01001C3F858
:1072E000E010D3F8E03003F010030693069B99E713
:1072F0001C4BD3F8E01041F00801C3F8E010D3F8BC
:10730000E03003F008030593059B8BE7154BD3F89A
:10731000E01041F00401C3F8E010D3F8E03003F0CE
:1073200004030493049B7DE70E4BD3F8E01041F077
:107330000201C3F8E010D3F8E03003F00203039336
:10734000039B6FE7074BD3F8E01041F00101C3F84E
:10735000E010D3F8E03003F001030293029B61E7F1
:10736000000002580044025808B501214378006922
:10737000994089B203F01EF8003818BF012008BDFB
:1073800001230A464178006903FA01F189B203F04A
:1073900017B800BF8378022B30B504468FB037D0C2
:1073A000032B33D0012B31D000230A93E378012B38
:1073B0002AD0022B28D000230B93002320460C93C5
:1073C00002F038FD0546204602F03CFD2378099086
:1073D000082B13D8DFE803F01F3245586B7E91A4C9
:1073E0000500594BD3F8E02042F48072C3F8E02046
:1073F000D3F8E03003F480730893089B09A928466A
:1074000002F0D0FD0FB030BD0B93D6E70A93CDE765
:1074100011230A93CAE74C4B09A92846D3F8E02068
:1074200042F00102C3F8E020D3F8E03003F001039A
:107430000093009B02F0B6FD0FB030BD424B09A98E
:107440002846D3F8E02042F00202C3F8E020D3F847
:10745000E03003F002030193019B02F0A3FD0FB0A3
:1074600030BD394B09A92846D3F8E02042F0040288
:10747000C3F8E020D3F8E03003F004030293029B4A
:1074800002F090FD0FB030BD2F4B09A92846D3F86C
:10749000E02042F00802C3F8E020D3F8E03003F027
:1074A00008030393039B02F07DFD0FB030BD264B14
:1074B00009A92846D3F8E02042F01002C3F8E020E2
:1074C000D3F8E03003F010030493049B02F06AFD4C
:1074D0000FB030BD1C4B09A92846D3F8E02042F07C
:1074E0002002C3F8E020D3F8E03003F02003059336
:1074F000059B02F057FD0FB030BD134B09A928467C
:10750000D3F8E02042F04002C3F8E020D3F8E030A6
:1075100003F040030693069B02F044FD0FB030BD1C
:10752000094B09A92846D3F8E02042F08002C3F8AD
:10753000E020D3F8E03003F080030793079B02F0CC
:1075400031FD0FB030BD00BF0044025870B5064693
:107550000D4602F06FFC0446304602F073FC2A1E12
:107560000146204618BF0122BDE8704002F028BF46
:107570000023122270B586B0CDE90223049303687C
:10758000032B01D804230593061D841D304602F009
:1075900051FC0546304602F055FC034601A9284639
:1075A000019302F0FFFC204602F044FC0346204613
:1075B0001C4602F047FC01A903462046019302F055
:1075C000F1FC06B070BD00BF634A0368934210B57A
:1075D0008CB028D0614A934258D0614A934200F05F
:1075E0009480604A934201D00CB010BD5E4C5F485D
:1075F000D4F8E03043F00203C4F8E030D4F8E030CF
:1076000003F002030A930A9BFFF7B2FFD4F8F430A9
:1076100043F08003C4F8F430D4F8F43003F080036E
:107620000B930B9BE0E7504C5148D4F8E03043F00B
:107630000203C4F8E030D4F8E03003F00203019311
:10764000019BFFF795FFD4F8E83000221F2043F498
:1076500000131146C4F8E830D4F8E83003F40013FE
:107660000293029BD4F8D83043F00103C4F8D83019
:10767000D4F8D83003F001030393039BFBF738F9E8
:107680001F200CB0BDE81040FBF770B9364C3948EC
:10769000D4F8E03043F08003C4F8E030D4F8E030B0
:1076A00003F080030493049BD4F8E03043F002031A
:1076B000C4F8E030D4F8E03003F002030593059BF2
:1076C000FFF756FFD4F8E8300022212043F480036E
:1076D0001146C4F8E830D4F8E83003F48003069388
:1076E000069BD4F8D83043F00103C4F8D830D4F85E
:1076F000D83003F001030793079BFBF7F9F821202B
:107700000CB0BDE81040FBF731B91B48FFF730FF64
:10771000154B00224820D3F8E840114644F40004F9
:10772000C3F8E840D3F8E84004F400040894089C47
:10773000D3F8D84044F00104C3F8D840D3F8D83087
:1077400003F001030993099BFBF7D2F848200CB022
:10775000BDE81040FBF70AB9005400400058004053
:10776000005C0040001C00580044025850FA0024FD
:10777000C8F70024A0F8002478F900242DE9F0438C
:107780001A4B87B000254FF010099E46EC46184B67
:10779000FF22E04667461A700EF118060EF130041B
:1077A000CDE90055CDE90255ADF80090BCE80F00D9
:1077B000CDE90455AEE80F009CE803000095ADF854
:1077C00000908EE80300B8E80F000FC69CE80300A5
:1077D0000095ADF8009086E803000FCF0FC49CE839
:1077E000030084E8030007B0BDE8F0830C00002428
:1077F000C4F7002410B5EFF3108472B6084B1A7862
:10780000120602D504B962B610BD1B78D82205480D
:107810005BB202FB03001430FBF794FDF2E700BFFC
:10782000C4F70024C8F70024014803F061BC00BF7E
:1078300054F80024014803F05BBC00BF2CF900247D
:10784000014803F055BC00BF04FA00242DE9F043C1
:107850000F68D8243F4D85B007FB04F4032F05EBD8
:107860000403036040DCCB680E46012B3CD84DD0AE
:107870004FF0D808B646DFF8FC9008FB0758BEE882
:107880000F00C446ACE80F00DEF800300DF1100E1A
:10789000CCF80030D8F808C099E80F000EE90F00C6
:1078A0000EEB8703BCF1010F53F8103CC8F88C3085
:1078B00031D0BCF1020F42D0BCF1000F35D0317C89
:1078C0008C34D823002201202C4403FB07534900A9
:1078D000C3E92602C3F894102046C3E92822C3E96D
:1078E0002A2203F0F7F918B1012005B0BDE8F083B2
:1078F0000146204603F008FC0028F5D10146204649
:1079000003F02CFC003818BF0120EEE70B7C103B85
:10791000672BADD9E8E702F007F90F4B98420CBF8F
:107920000E4B0F4BC8F89030C9E702F0FDF80A4B38
:1079300098420CBF0B4B0C4BC8F89030BFE702F0DD
:10794000F3F8054B98420CBF084B094BC8F8903030
:10795000B5E700BFC8F70024000E27072D0FB03091
:107960003211D0205F4390608A62E030200BA0107B
:107970001A098010342C01082DE9F041D0F800805C
:1079800082B00D4617461E4608F18C04204603F0CF
:10799000B7FB2028FAD1D8F80C3073B96D00204617
:1079A000089C33463A46A9B2009403F0E9F900383E
:1079B00018BF012002B0BDE8F081089B324639466D
:1079C000204603F0B1FAF2E7044B10221A7483F850
:1079D000E82083F8C02183F898227047C8F7002474
:1079E00030B5002395B04FF48071062204460B9306
:1079F00006921393CDE90C13CDE90E33CDE9113383
:107A000002F094F807282BD004F1100541F28832D7
:107A100006A9284604F0B4F928B10123184684F8D1
:107A20005C3015B030BD0222022306A92846CDE9FC
:107A3000002310220123CDE9022300224FF480030A
:107A4000CDE9042305224FF0807306926A460F9316
:107A500041F2883304F000FB0028DED115B030BDC0
:107A60000323012084F85C3015B030BD0000000015
:107A700070B50023A4B04FF080724FF480750446B7
:107A8000ADF806300D93CDE910320122CDE90E5349
:107A9000CDE91223CDE91433002943D0F02300F1BE
:107AA000100508AEADF80630C02341F288323146E9
:107AB0002846089304F064F928B10123184684F895
:107AC0005C3024B070BD41F288320DF106012846C9
:107AD00004F0C0F903460028EFD105224FF480716D
:107AE0001E93284616924FF080721B9321931F928B
:107AF00002AA9FED1F7BCDE91C13CDE922338DED4A
:107B0000027B9FED1D7B41F2883316A98DED047B2E
:107B10009FED1B7B8DED067B04F09EFA0028CCD1F7
:107B200024B070BD00F1100508AE612341F2883227
:107B300031462846089304F023F90028BDD141F2CC
:107B400088320DF10601284604F002FA0028B4D16B
:107B5000BDF80630204623F0780343F04003ADF82B
:107B60000630FFF73DFF00289ED0A6E7AFF3008068
:107B700000000000010000001000000001000000F3
:107B800000000000000040002DE9F04F00234FF4FA
:107B9000807501264FF0807804462DED028BABB046
:107BA0008DF8073013932193299314950E96CDF8F1
:107BB0005C80CDE91533CDE91863CDE91A33CDE901
:107BC0002253CDE92433CDE9273306231C9301F05A
:107BD000ADFF072808D004F1100741F288321CA934
:107BE000384604F0CDF840B10123184684F85C30E3
:107BF0002BB0BDEC028BBDE8F08F4FF0020A4FF0C6
:107C0000020B4FF0050941F2883308AA1CA9384637
:107C1000CDF89480CDF870909FED2D8BCDE908AB19
:107C20004FF0000A4FF4800B8DED0A8BCDE90CABC1
:107C300004F012FA0028D7D141F2883238460EA952
:107C400004F09EF80028CFD1402341F288320DF194
:107C5000070138468DF8073004F0FCF80028C3D13E
:107C600041F288330EA902AA3846CDF83890CDF8F3
:107C70005C809FED197B8DED048BCDE906AB8DED1E
:107C8000027B04F0E9F903460028ADD1CDF87090ED
:107C90004FF00109CDF894804FF00008219308AA15
:107CA00029931CA938462295CDE92333CDE9273302
:107CB00041F288338DED0A8BCDE90CABCDE9088913
:107CC00004F0CAF9002893D0304684F85C608FE74E
:107CD0001000000001000000400000004000000013
:107CE0002DE9F043624CA3B00D46046001F01EFF85
:107CF000072800F0A980286823466968AA6807C396
:107D00001E46AB8926F8043B3046257B677B04F092
:107D100019F8E0B9574B012D4FF00108E0612361DC
:107D200014BF4FF480134FF40003C4E9058893FA9D
:107D3000A3F3B3FA83F34FF48079013BC4F82490A2
:107D4000C4E90B003046236203F090FF38B10122F2
:107D5000134684F85C20184623B0BDE8F083662300
:107D60000B90139041F2883206A90693CDE90C904E
:107D7000CDE90E00CDE91100304604F001F80028ED
:107D8000E5D1992341F2883206A93046069303F0E3
:107D9000F7FF0028DBD105231C9019906A46149345
:107DA0004FF08073219014A91D9341F288339FED09
:107DB0002A7BCDE91A90CDE91F008DED007B9FED68
:107DC000287B30468DED027B9FED277B8DED047B7C
:107DD00004F042F90028BAD129462046FFF748FEB0
:107DE0000028B4D12046FFF7CFFE03460028AED1CD
:107DF000002FB0D1189330460027002606AA14A9F8
:107E0000CDF86890CDE91F33EB2314934FF4406312
:107E10001B934FF4005317934FF440431C93A0233C
:107E20001693062319934FF0805321934FF040731C
:107E3000CDE906671D9304F087F9034600288AD030
:107E4000434684F85C8086E701230322184684F8C1
:107E50005C2023B0BDE8F0830000000001000000BA
:107E600010000000010000000000000000004000C1
:107E700028FB0024005000522DE9F04F8FB0414BF9
:107E80000024026800AF9A427C63C7E90944C7E94D
:107E90000B4403D03C37BD46BDE8F08F3A4B40F66B
:107EA00009213A48EB46D3F8D42007F11C0607F124
:107EB000220A4FF0020942F480424FF00308C3F84F
:107EC000D420D3F8D42002F48042BA60BA68D3F840
:107ED000E02042F04002C3F8E020D3F8E02002F0B6
:107EE0004002FA60FA68D3F8E02042F02002C3F8BA
:107EF000E020D3F8E02002F020023A613A69D3F89A
:107F0000E02042F01002C3F8E020D3F8E02002F0B5
:107F100010027A617A69D3F8E02042F00202C3F8D5
:107F2000E020D3F8E030F86103F002033984BB614C
:107F3000174B7B60BB697B6853F8040F7B6001F0D3
:107F400079FF7B680546186801F07CFF16F8013B55
:107F5000786207F124012846C7F830807B63C7E9BF
:107F60000A9402F01FF85645E5D100225C20114624
:107F7000FAF7BEFC5C20FAF7F9FC3C37DD46BD465B
:107F8000BDE8F08F00500052004402580A0A090967
:107F900084FB0024114B02689A4200D07047104ABB
:107FA00070B5D2F8D4300F4C23F4804304F1180696
:107FB000C2F8D43054F8040F01F03CFF05462068A5
:107FC00001F040FF0146284602F02CF9B442F1D1FD
:107FD0005C20BDE87040FAF7D7BC00BF00500052EB
:107FE0000044025884FB0024014804F039B900BF62
:107FF00038FB0024084B1A1D981D03F1080110B42A
:108000009C1C9A6603F10A02C3E91834C3E91B01F8
:108010005DF8044B5A67704728FB002438B50368A5
:1080200071B9026A00F1280500F5AC74012A0CBF91
:10803000002140218BBB1D4B5722C0F858310DE069
:10804000426A00F1C00500F5E874012A0CBF002166
:108050004021EBB1164B5A22C0F8D0310023204604
:10806000C4E901214FF480524FF480616362626180
:108070004FF48042C4E903314FF48073C4E906230E
:108080004FF400332362FAF7E5FD58B1FFBEFEE777
:10809000084B5822C0F8D031E0E7074B5922C0F80E
:1080A0005831DBE7C5E92044A56338BD1000024024
:1080B0007000024028000240580002402DE9F043C1
:1080C000821D05468BB0031D05F10A010830CDE97C
:1080D000052305F10C02AB69CDE907010992002BDC
:1080E0003DD0EB69B3FA83F84FEA58180123022216
:1080F00005AE0AAF4FF006090393CDE9012356F808
:10810000044B2B792278934216D02B68F3B1012BC4
:1081100002D1F2B10A230493204601F093FE0346F4
:108120002046009301F086FE694601F03BFFBE4207
:10813000E5D10BB0BDE8F083697963789942E4D169
:10814000B8F1000FF3D02B68002BE0D1CDF81090E0
:10815000E2E76378022B14BF0A230823DBE74FF022
:108160000108C3E7534A0368934230B505468BB014
:1081700055D02032934252D04F4A934204D02032FD
:10818000934201D00BB030BD4C4C4D48D4F8E03098
:1081900043F00103C4F8E030D4F8E03003F0010309
:1081A0000593059BD4F8E03043F00803C4F8E030B1
:1081B000D4F8E03003F008030693069BD4F8E030CF
:1081C00043F04003C4F8E030D4F8E03003F040035B
:1081D0000793079BD4F8F03043F40003C4F8F03061
:1081E000D4F8F03003F400030893089BFFF766FF10
:1081F000D4F8D830296843F001032F4A3048C4F836
:10820000D830891AD4F8D83018BF012103F00103FF
:108210000993099B0BB0BDE83040FFF7FFBE274C28
:108220002848D4F8E03043F00103C4F8E030D4F833
:10823000E03003F001030093009BD4F8E03043F0FA
:108240001003C4F8E030D4F8E03003F010030193D9
:10825000019BD4F8E03043F04003C4F8E030D4F898
:10826000E03003F040030293029BD4F8F03043F473
:108270008003C4F8F030D4F8F03003F480030393A3
:10828000039BFFF71BFFD4F8D830296843F00103A4
:10829000084A0C48C4F8D830891AD4F8D83018BF26
:1082A000012103F001030493049B0BB0BDE83040AF
:1082B000FFF7B4BE04580140045C0140004402587A
:1082C000FCFD0024A0FB00240148FBF73BB800BFE5
:1082D000F8FC00240148FBF735B800BF70FD00240E
:1082E0000148FBF72FB800BF54FF00240148FBF7FB
:1082F00029B800BFCCFF00241A4A0368934210B487
:108300000BD02032934208D0174A934216D0203225
:10831000934213D05DF8044B7047144B0022D3F8FE
:108320005442C3F85822002CF4D0D3F84802D3E9C1
:10833000931223465DF8044B520818470B4B00225A
:10834000D3F8B044C3F8B424002CE3D0D3F8AC2461
:10835000D3F8A814D3F8A404520823465DF8044BBC
:10836000184700BF04580140045C0140A0FB0024F2
:10837000184A0368934210B40BD02032934208D0BD
:10838000154A934217D02032934214D05DF8044B23
:108390007047124BD3E994245208C3F85822002C9A
:1083A000F4D0D3E99201234601EB820100EB820075
:1083B0005DF8044B1847094BD3F8AC24D3F8B0440C
:1083C0005208C3F8B424002CE0D0D3F8A814D3F892
:1083D000A404E8E704580140045C0140A0FB002429
:1083E0002DE9F04F0C684FF41776754F87B004FBFA
:1083F00006F6012C07EB060AC0F800A000F3A080E7
:108400000D468E464FF00008D44669A3D3E90023F9
:1084100069A1D1E90001CDE9022306ABCAF8508277
:1084200003EB8403CDE9040153F810BC53F8083C76
:10843000CAE992880193BEE80F00ACE80F00BEE8DD
:108440000F00ACE80F00019B9EE80300CAF828B0BB
:10845000CAF8C0308CE803002B69042B0CD8DFE885
:1084600003F0737D879103004FF41773554A03FBA4
:1084700004739A64C3F8E020AA692B6A002A43D0E7
:10848000002B4FF4177308BF022203FB047318BFBD
:108490000322DA6201221A63EA696B6A002A40D178
:1084A000191E4FF4177318BF012103FB0473C3E9AE
:1084B00031126B69022B05D8434A12F80380434AF4
:1084C00052F823904FF4177306F1280042464946AC
:1084D00003FB04740023384463646363E365C4F8F6
:1084E000DC30C4F8CC30C4F8F430C4E90F33C4E94C
:1084F0001533C4E93533C4E93B33022304F05CF996
:10850000002849D0FFBEFEE7191E4FF4177318BFAD
:10851000012103FB0473C3E90B12EA696B6A002AA9
:10852000BED0002B4FF4177308BF022203FB047365
:1085300018BF0322C3F8C4200122C3F8C820B8E73B
:10854000012007B0BDE8F08F4FF417734FF4FA52D3
:1085500003FB04739A64C3F8E0208DE74FF41773AC
:108560004FF47A5203FB04739A64C3F8E02083E764
:108570004FF417734FF4FA4203FB04739A64C3F881
:10858000E02079E74FF417734BF6803203FB047356
:108590009A64C3F8E0206FE706F1C0000223424668
:1085A0004946384404F008F90028CAD0FFBEFEE767
:1085B00004580140045C014024580140245C0140FF
:1085C000A0FB002400770100A42D0108A82D0108BC
:1085D0000068704770B5046882B015460E46C4F84E
:1085E0005032C4E99212069AC4F85422A269012AB0
:1085F00026D0626A012A9AB211D0294604F1C0003D
:10860000019204F095F9236A019A012B10D02946B2
:1086100004F1280004F08CF9002002B070BD04F1D0
:10862000C000019204F016FA236A019A012BEED1E0
:10863000314604F1280004F00DFA002002B070BDAC
:10864000226A012A9AB211D0294604F12800019227
:1086500004F06EF9636A019A012B10D0294604F1E7
:10866000C00004F065F9002002B070BD04F12800DC
:10867000019204F0EFF9636A019A012BEED13146C1
:1086800004F1C00004F0E6F9002002B070BD00BFA4
:1086900003681B69042B05D8044A02EB830393ED9E
:1086A000000A70479FED020A704700BFB42D010811
:1086B00000803B470368D3F8580270471F4BC168DE
:1086C0000268F0B5D3F88C5083B00369ADB24D1B8E
:1086D000A2B1AB4212D00446866811D2F018E91A52
:1086E000CDE9001000F0BEFF0023DDE90010D4E961
:1086F0000062B047E3682561AB421BD003B0F0BD18
:10870000F018C91ACDE9000100F0ACFF0023DDE943
:108710000001D4E90072B8473046294600F0A2FFB4
:1087200000233046626829462668B047E368256121
:10873000AB42E3D10023236103B0F0BD000002404F
:108740002DE9F84F04460F4690461E4600F13405C9
:10875000284604F09BFD2028FAD14FF480630020C6
:10876000C4F8D030C4F848314FF44033C4F8CC00DA
:10877000C4F8E030C4F858314E4BC4F8DC00C4F8FB
:10878000C03003F57A73C4F8E400C4F838314023EC
:10879000C4F8C800C4F84031E369C4F84401C4F81F
:1087A0005401C4F85C01C4E93500C4E95300072B47
:1087B0000BD8DFE803F061535A373E454C04512390
:1087C000C4F8C4305223C4F83C3104F59C794846BF
:1087D000FAF740FA08B1FFBEFEE7C4F8A890C4F863
:1087E0007051EFF3108972B6DFF8D0B094F91C30F5
:1087F000DFF8CCA08BF800300A9B2F4CCAF8003071
:108800000B9B23600EB11846B0471FFA88F2394619
:10881000284604F025FBB0BBB9F1000F00D162B6C9
:10882000BDE8F88F3F23C4F8C4304023C4F83C317E
:10883000CBE74123C4F8C4304223C4F83C31C4E739
:108840004723C4F8C4304823C4F83C31BDE74F2364
:10885000C4F8C4305023C4F83C31B6E72B23C4F825
:10886000C4302C23C4F83C31AFE72D23C4F8C43006
:108870002E23C4F83C31A8E72923C4F8C4302A23A6
:10888000C4F83C31A1E7FF238BF800300023CAF87D
:10889000003023600A9B3BB10B98012198470120CF
:1088A000B9F1000FBCD1BAE70120B9F1000FB7D17F
:1088B000B5E700BF88000240900F01248C0F01240F
:1088C000880F01242DE9F84F04460F4690461E46B6
:1088D00000F13405284604F0D9FC2028FAD14FF4E1
:1088E00080630020C4F8D030C4F848314FF44033DE
:1088F000C4F8CC00C4F8E030C4F858314E4BC4F88A
:10890000DC00C4F8C03003F57A73C4F8E400C4F89E
:1089100038314023C4F8C800C4F84031E369C4F8D2
:108920004401C4F85401C4F85C01C4E93500C4E949
:108930005300072B0BD8DFE803F061535A373E454D
:108940004C045123C4F8C4305223C4F83C3104F120
:10895000C0094846FAF77EF908B1FFBEFEE7C4F841
:10896000AC90C4F8F850EFF3108972B6DFF8D0B0CD
:1089700094F91C30DFF8CCA08BF800300A9B2F4C08
:10898000CAF800300B9B23600EB11846B0471FFA9F
:1089900088F23946284604F0B5FAB0BBB9F1000FA9
:1089A00000D162B6BDE8F88F3F23C4F8C43040233D
:1089B000C4F83C31CBE74123C4F8C4304223C4F8A7
:1089C0003C31C4E74723C4F8C4304823C4F83C31E1
:1089D000BDE74F23C4F8C4305023C4F83C31B6E798
:1089E0002B23C4F8C4302C23C4F83C31AFE72D232B
:1089F000C4F8C4302E23C4F83C31A8E72923C4F8B6
:108A0000C4302A23C4F83C31A1E7FF238BF800309F
:108A10000023CAF8003023600A9B3BB10B98012168
:108A200098470120B9F1000FBCD1BAE70120B9F194
:108A3000000FB7D1B5E700BF88000240900F0124B6
:108A40008C0F0124880F01242DE9F0410D4682B0DE
:108A5000EFF3108772B6002948D1FF23254A264C30
:108A6000237013682BB1002029461060234A106838
:108A7000984723781B0625D5DFF888800025204EEF
:108A8000444605E001351C3406F5D876092D19D089
:108A9000A369012B1BD0002BF4D12168304600299B
:108AA000F0D06369019323690093E3682289FFF79B
:108AB00009FF0028E6D1C5EBC50508EB850348F89A
:108AC0002500586007B962B602B0BDE8F081616860
:108AD0000029D7D063693046019323690093E36886
:108AE0002289FFF72DFE0028CCD1E4E705F0CAFE6D
:108AF000B3E700BF880F01248C0F0124900F0124DD
:108B00005800012454000024F0B5002387B002224D
:108B100004460493CDE90223027EC3690B2A4FEA7F
:108B2000430523D1A27E0B2A02D1002007B0F0BD5D
:108B300048496B1C484851F823304578017818782B
:108B4000E67E884269D0824277D0D87803F1030C60
:108B500081426ED0824278D0987903F1060C884227
:108B60006FD0824233D0012007B0F0BD394B3A4874
:108B700053F8253001784678187894F819C0814266
:108B80003DD0824241D0D87803F1030E814240D0DB
:108B900082424AD0987903F1060E884241D082423F
:108BA000E1D1DB796345DED1734604F118069B7889
:108BB0003046059301F03EF9034630461E4601F06B
:108BC00041F901A90190304601F0ECF9AAE7DB79FF
:108BD000B342C8D163461A349B782046059301F00E
:108BE00029F9034620461C4601F02CF9034601A949
:108BF0002046019301F0D6F9002007B0F0BD93F8AC
:108C000001E0B645BFD08242BDD158786045BAD1A7
:108C1000CBE71F79B742BBD1BCE75F78AF4292D1B7
:108C200093E7D979B142BAD19DE718796045B1D1BE
:108C3000BAE71F79AF428DD18EE75878B04284D120
:108C4000C9E7D979A9428CD18DE71879B04283D18F
:108C5000C0E700BF6C010024680100247E4A03685D
:108C60009342F0B58FB000F0E380A2F54C429342FE
:108C700000F0E08002F58062934200F0DD8002F5B2
:108C80008062934200F0DA8002F58062934200F045
:108C9000D98002F54442934200F0D280A2F51C42F2
:108CA000934200F0D18002F58062934200F0CE80C2
:108CB0006A4A934240F0CC800826694D4FF4D8743C
:108CC00004FB0654A07E01F0C5F8207E01F0C2F836
:108CD000E369082B13D8DFE803F03B49576573813C
:108CE0008F9D05005F4BD3F8F42042F00802C3F8D3
:108CF000F420D3F8F43003F008030893089B2046CF
:108D0000FFF702FF012801D1FFBEFEE74FF4D87440
:108D10000EAA554F0DF1240C04FB0654E36902EB37
:108D200043050FCFACE80F003B680022ACF80030E1
:108D3000114635F9140CF9F7DBFDE3690EAA02EBD5
:108D4000430333F9140C0FB0BDE8F040F9F70EBE41
:108D5000444BD3F8F02042F01002C3F8F020D3F8CF
:108D6000F03003F010030093009BC8E73D4BD3F8AD
:108D7000E82042F40032C3F8E820D3F8E83003F4E6
:108D800000330193019BBAE7364BD3F8E82042F455
:108D90008022C3F8E820D3F8E83003F4802302935C
:108DA000029BACE72F4BD3F8E82042F40022C3F833
:108DB000E820D3F8E83003F400230393039B9EE7F5
:108DC000284BD3F8E82042F48012C3F8E820D3F807
:108DD000E83003F480130493049B90E7214BD3F80D
:108DE000F02042F02002C3F8F020D3F8F03003F076
:108DF00020030593059B82E71A4BD3F8E82042F045
:108E00008042C3F8E820D3F8E83003F080430693AB
:108E1000069B74E7134BD3F8E82042F00042C3F8F6
:108E2000E820D3F8E83003F000430793079B66E798
:108E3000002642E7012640E702263EE703263CE7FC
:108E400005263AE7042638E7062636E7072634E7FC
:108E500000239B7EFFDE00BF00100140000C005885
:108E60005800012400440258442C01082DE9F04F19
:108E700091B0002301223F490DF1240A09938B464A
:108E800001F11C09CAF8143001F13808CDF800A02E
:108E900001F15407CDF804A001F17006CDF808A047
:108EA00001F18C05CDF80CA001F1A804CDF810A0BB
:108EB00001F1C40ECDF814A001F1E00CCAE90133B0
:108EC000CAE903330F92FF222B4BCDE906AA1A7091
:108ED000BAE80F00ABE80F009AE80700009B8BE8A8
:108EE00007009B46BBE80F00A9E80F009AE80700BF
:108EF000019B89E807009946B9E80F00A8E80F0030
:108F00009AE80700029B88E807009846B8E80F0037
:108F10000FC79AE80700039B87E807001F460FCF9B
:108F20000FC69AE80700049B86E807001E460FCE8E
:108F30000FC59AE80700059B85E807001D460FCD81
:108F40000FC49AE80700069B84E807001C460FCC74
:108F5000AEE80F00079B9AE807001C468EE8070062
:108F60000FCCACE80F009AE807008CE8070011B0BE
:108F7000BDE8F08F540000248C0F012410B5094C7B
:108F800004F1340004F090F8237D1BB1636BDB69BE
:108F9000DB0600D410BD2046FFF790FB636B102268
:108FA0001A6210BD5800012410B50B4C04F5F27084
:108FB00004F07AF894F8C43123B1D4F8E431DB69D1
:108FC000DB0600D410BD04F5D870FFF777FBD4F8AA
:108FD000E43110221A6210BD5800012410B50B4C68
:108FE00004F5657004F060F894F8743323B1D4F894
:108FF0009433DB69DB0600D410BD04F55870FFF72D
:109000005DFBD4F8943310221A6210BD580001247D
:1090100010B50B4C04F2445004F046F894F8243593
:1090200023B1D4F84435DB69DB0600D410BD04F568
:10903000A260FFF743FBD4F8443510221A6210BD3A
:109040005800012410B50B4C04F2F46004F02CF825
:1090500094F8D43623B1D4F8F436DB69DB0600D4B7
:1090600010BD04F5D860FFF729FBD4F8F4361022C0
:109070001A6210BD5800012410B50B4C04F6A40070
:1090800004F012F894F8843823B1D4F8A438DB69DA
:10909000DB0600D410BD04F50760FFF70FFBD4F822
:1090A000A43810221A6210BD5800012410B50B4CD0
:1090B00004F6542003F0F8FF94F8343A23B1D4F8BE
:1090C000543ADB69DB0600D410BD04F52260FFF7DB
:1090D000F5FAD4F8543A10221A6210BD580001244F
:1090E00010B50B4C04F6044003F0DEFF94F8E43BAB
:1090F00023B1D4F8043CDB69DB0600D410BD04F5D1
:109100003D60FFF7DBFAD4F8043C10221A6210BD70
:109110005800012410B50B4C04F6B45003F0C4FF02
:1091200094F8943D23B1D4F8B43DDB69DB0600D458
:1091300010BD04F55860FFF7C1FAD4F8B43D102211
:109140001A6210BD5800012410B5EFF3108472B6F6
:10915000084B1A78120602D504B962B610BD1B7806
:109160004FF4D87204485BB202FB0300C030FAF738
:10917000E9F8F1E78C0F01245800012410B5EFF352
:10918000108472B6094B1A78120602D504B962B679
:1091900010BD1B784FF4D87205485BB202FB030088
:1091A00000F59C70FAF7CEF8F0E700BF8C0F0124B1
:1091B000580001240021FFF747BC00BF214A036883
:1091C00093422BD0A2F54C42934229D002F5806203
:1091D000934227D002F58062934225D002F5806247
:1091E000934223D002F54442934221D0A2F51C427F
:1091F00093421FD002F5806293421DD0124A9342DF
:109200001CD108224FF4D871104B01FB0233197D99
:1092100011B11846FFF752BAFFF716BC0022F1E76A
:109220000122EFE70222EDE70322EBE70422E9E760
:109230000522E7E70622E5E70722E3E700231B7D97
:10924000FFDE00BF00100140000C00585800012450
:10925000204A0368934229D0A2F54C42934227D07A
:1092600002F58062934225D002F58062934223D0BA
:1092700002F58062934221D002F5444293421FD00E
:10928000A2F51C4293421DD002F5806293421BD08E
:10929000114A93421AD1082310484FF4D87202FBA6
:1092A0000300037D03B97047FFF708BA0023F3E713
:1092B0000123F1E70223EFE70323EDE70423EBE7C4
:1092C0000523E9E70623E7E70723E5E700231B7DFE
:1092D000FFDE00BF00100140000C005858000124C0
:1092E0000121FFF7B1BB00BF2DE9F0414F684FF4FA
:1092F000D876DFF8C0808E4607FB06F60C46082FAE
:1093000008EB0605056005F1180CBEE80F00ACE897
:109310000F009EE807008CE8070002D86B6A022B5A
:1093200002D90120BDE8F0812A6A032AF9D8A96A86
:109330000229F6D8E86A0228F3D80131DFF878C0AC
:10934000343689005CF8277046446F63A469A964C9
:109350001549AC6351F823306B64144B53F8223039
:10936000134A2B64002352F8201001223046EB658B
:10937000E963C5E91333C5E9153205F083FA00281E
:10938000CFD10146304605F0D5FA0028C9D10146B3
:10939000304605F01DFB0028C3D1304605F0ACFA7D
:1093A0000028BED12875BDE7EC2D0108F82D010875
:1093B000082E010858000124C82D0108006892B247
:1093C00008B5343003F0BCFC003818BF012008BDDC
:1093D000534B0122002047F6122130B4C3E9742018
:1093E000C3E97721C3E9E020C3E9E3211A62DA6225
:1093F00058621963C3F83025C3F83405C3F83C2517
:10940000C3F84015C3F8E026C3F8E406C3F8EC2619
:10941000C3F8F016C3F89028C3F89408C3F89C2842
:10942000C3F8A018C3F8402AC3F8440AC3F84C2A6A
:10943000C3F8501AC3F8F02BC3F8F40BC3F8FC2B95
:10944000C3F8001CC3F8A40D3648C3F8A02DC3F818
:10945000AC2DC3F8B01D0288837833490068334CC3
:10946000CA804FEA104C0B723149E2802372A1F896
:109470000320A4F8032063714B712E4CCA800B7239
:109480002D492E4DE2802372A1F80320A4F8032079
:1094900063714B712A4CCA800B722A49EA8008809A
:1094A0002B7281F802C0E2802372A1F803204B7175
:1094B000CA800B722449A1F803204B71CA800B7239
:1094C0002249A1F803204B71CA800B722049088001
:1094D00081F802C0A1F803204B71CA800B721D49AC
:1094E000088081F802C0A1F803204B71CA800B727A
:1094F0001949088081F802C01848A1F803204B716F
:10950000CA800B721649A0F803204371C28003720F
:10951000A1F803204B71CA800B7230BC704700BFAA
:109520005800012468010024F001002414020024E2
:10953000080200242C02002420020024FC01002444
:10954000D8010024B80F012438020024E4010024CB
:10955000940F0124AC0F0124A00F01245C0100240E
:10956000500100243E4B00220B20114610B5D3F8C9
:10957000D84082B044F00104C3F8D840D3F8D840B2
:1095800004F001040094009CD3F8D84044F0020495
:10959000C3F8D840D3F8D83003F002030193019BFD
:1095A000F9F7A6F90B20F9F7E1F900220C20114692
:1095B000F9F79EF90C20F9F7D9F900220D20114690
:1095C000F9F796F90D20F9F7D1F900220E2011468E
:1095D000F9F78EF90E20F9F7C9F900220F2011468C
:1095E000F9F786F90F20F9F7C1F90022102011468A
:1095F000F9F77EF91020F9F7B9F900223C2011465D
:10960000F9F776F93C20F9F7B1F90022112011465B
:10961000F9F76EF91120F9F7A9F90022382011465F
:10962000F9F766F93820F9F7A1F900223920114637
:10963000F9F75EF93920F9F799F900223A20114635
:10964000F9F756F93A20F9F791F900223B20114633
:10965000F9F74EF93B2002B0BDE81040F9F786B9A2
:109660000044025820F01F002031BFF34F8F002923
:1096700007DD064A0144C2F85C0220300B1A002BB9
:10968000F9DCBFF34F8FBFF36F8F704700ED00E041
:10969000704700BF08B5F8F70FFBBDE80840F9F7C1
:1096A000EFB900BF064808B503680BB100F08CFEA7
:1096B000044803681BB1BDE8084001F07BBD08BD4C
:1096C000D0130124C80F0124064808B503680BB164
:1096D00000F07AFE044803681BB1BDE8084001F0C1
:1096E00069BD08BDD0130124C80F0124064808B580
:1096F00003680BB100F068FE044803681BB1BDE8C5
:10970000084001F057BD08BDD0130124C80F012443
:10971000364BDA6A520062D59A6A9A6A9A6A9B6AEA
:10972000180600D500BE314B9B6A990600D500BED5
:109730002E4B9B6ADA0600D500BE2C4B9B6A1B079A
:1097400000D500BE294B9B6A980700D500BE274B69
:109750009B6AD90700D500BE244B9B6A1A0400D52A
:1097600000BE224B9B6A9B0400D500BE1F4B9B6A28
:10977000D80400D500BE1D4B9B6A190500D500BE5C
:109780001A4B9B6A5A0500D500BE184B9B6A9B0575
:1097900000D500BE154B9B6AD80500D500BE134B03
:1097A0009B6A990100D500BE104B9B6ADA0100D577
:1097B00000BE0E4B9B6A1B0300D500BE0B4B9B6A81
:1097C000580300D500BE094B9B6A990300D500BE23
:1097D000064B9B6ADA0306D400BE00BEFEE7DB6AD6
:1097E0009B07FAD5F8E700BEF6E700BF00ED00E002
:1097F000F8F76EBAF8F772BA0A4B9B6803F1784330
:10980000B3F5003F0BD3084B986848B1986801281E
:1098100006D09868022803D09B6803207047012077
:10982000704700BF00ED00E0000080382DE9F041F6
:10983000CEB004464C2200210AA808F0ADFD20223B
:10984000002102A808F0A8FDBC2200211EA808F0F3
:10985000A3FD022002F022F92368012B4FF0000340
:1098600054D0534A02250193C820D16A514B21F0AC
:109870000101D162D26A02F0010201929A6942F4B6
:1098800040429A619B6903F440430193019B494A1A
:1098900093699B04FCD548490224002201268B6A67
:1098A00004274FF0080823F0030323438B620523AA
:1098B00016900AA818934FF48033109617941994B1
:1098C0001597CDF86880CDE91B222122CDE91344FC
:1098D000CDE90A23FAF788F800B1FEE73F22032317
:1098E000294602A8CDE9022300220823CDE904235A
:1098F00040224023CDE9062340234FF48062CDE986
:109900000823FAF79FFB0346B8B1FEE7294A04256E
:109910000093F0209169264B41F440419161926996
:1099200002F440420092DA6A42F00102DA62DB6A33
:1099300003F001030093009BA9E720224FF480511C
:1099400025934FF440152B9280222D931EA830931F
:10995000269135914FF48071249234920C223394E5
:10996000439140F2271120921022CDF884802A974B
:109970001F96CDE92E34CDE93B334FF48033CDE94A
:1099800022463193002446930623CDE93E45279392
:109990004FF48063094C2C931E94CDE92812FAF7FA
:1099A000ADFD00B1FEE702F09FF84EB0BDE8F081DA
:1099B0000004005800480258004402580F130F03D7
:1099C00070B584B00124F9F709F84FF480764FF0B0
:1099D0004052194B68460025ADF800400396CDE98A
:1099E0000123F9F719F819224FF0404368468DF822
:1099F000082001938DF80F40ADF80D608DF80140FF
:109A00008DF80A50F9F708F802230B2268468DF802
:109A10000F508DF801304FF062538DF808200193FC
:109A2000ADF80D408DF80A40F8F7F6FF0420F8F77E
:109A3000E3FF04B070BD00BF0E00010330B50D465A
:109A4000044685B0D1E9000184E80300F8F704F981
:109A5000AB79A3B3FFF786FDFDF790FE06F0A4FEF9
:109A6000FFF704FA2B798BBB6B799BB1BFF34F8F58
:109A7000BFF36F8F2A4B0022C3F85022BFF34F8FE2
:109A8000BFF36F8F5A6942F400325A61BFF34F8FB0
:109A9000BFF36F8F4FF0FF3200230024002569468B
:109AA000204802928DF80C30CDE9004507F09CFA71
:109AB0001C4807F001FB06F0A7FA05B030BD2046B0
:109AC000FFF7B4FE2046FFF77BFFC3E7144C0023EB
:109AD000C4F88430BFF34F8FD4F8801043F6E07E93
:109AE000C1F34E3CC1F3C9014FEA4C1C0CEA0E0015
:109AF0000B4640EA8372013BC4F860225A1CF8D13D
:109B0000ACF1200C1CF1200FF0D1BFF34F8F636933
:109B100043F480336361BFF34F8FBFF36F8FA3E7CD
:109B200000ED00E0C40F0124FAF7BCBB1C4B9B689E
:109B300003F17842B2F5003F25D3B3F5803F20D33F
:109B400003F16042B2F5003F1FD303F15C42B2F56E
:109B5000002F1CD303F17042B2F5902F19D303F1FB
:109B60004842B2F5803F16D303F18042B2F1806FD4
:109B700013D303F1E043B3F5000F2CBF08200720F7
:109B80007047012070470020704702207047032073
:109B9000704704207047052070470620704700BFBB
:109BA00000ED00E003480023034A0449036008F085
:109BB000E5BA00BFC40F01240000002491960008FC
:109BC00010B4204C0022204B83B0D4F888101F48DA
:109BD00041F47001C4F8881019681D4C41F001016E
:109BE00019601A61196808401A4918609A61DA61A7
:109BF0001A629A62DA621A635A639A63DA631A64BF
:109C00005A64186820F4802018601A66D3F8DC20A3
:109C100042F06042C3F8DC20D3F8DC300193019BB2
:109C200023681940B1F1005F03D20B4B0122C3F846
:109C30000821044B4FF000629A6003B05DF8044BBA
:109C4000704700BF00ED00E0004402587FEDF6EAE7
:109C50000010005C0000FFFF0080005100F57171F2
:109C6000D0F8040405F0B8BDC1EBC10300EB8303D9
:109C7000D0F80404D3F8082205F0DCBDC1EBC10321
:109C800000EB8303D0F804049A6C05F011BE00BF0A
:109C9000D0F8040405F0B0BEC16810B5044619B18F
:109CA000022900D0FEE70121D4F8040405F08EFE5D
:109CB000D4F80404BDE8104005F060BE10B50446B9
:109CC000D0F8040405F086FE2268D2F8003E43F086
:109CD0000103C2F8003E236A23B1034A136943F02B
:109CE0000603136110BD00BF00ED00E0D0F80404CE
:109CF00005F07ABED0F8040405F08EBED0F8040456
:109D000005F088BED0F8040405F088BED0F804043D
:109D100005F086BE9446D0F898021A4608B5634608
:109D200001F0ACFD032802D8024B185C08BD0220EC
:109D300008BD00BF242E0108D0F8980208B501F034
:109D40002BFE032802D8024B185C08BD022008BD78
:109D5000242E0108D0F8980208B501F061FE03280E
:109D600002D8024B185C08BD022008BD242E010851
:109D70000A06D0F8983206D4C1EBC10103EB810189
:109D800091F8FE01704701F07F01C1EBC10103EBC7
:109D9000810191F83E007047D0F8980208B501F0B3
:109DA00057FD032802D8024B185C08BD022008BDED
:109DB000242E0108D0F8980208B501F0C5FD03284B
:109DC00002D8024B185C08BD022008BD242E0108F1
:109DD000D0F8980208B501F08FFD032802D8024B95
:109DE000185C08BD022008BD242E0108D0F8C0026E
:109DF00006F0C4B8D0F8C00206F0D8B8D0F8C00257
:109E000006F0E0B8704700BFD0F8C00206F0C6B850
:109E1000D0F8C00206F0C6B8D0F8D00308B500F0FC
:109E200093FE032802D8024B185C08BD022008BD2F
:109E3000282E0108024B027853F82200704700BF19
:109E40004C2E0108024B427833F81200704700BFD5
:109E50002C2E01088CB00A2814D8DFE800F0152356
:109E6000313F4D5B6977859306004D4BD3F8E02079
:109E700042F48062C3F8E020D3F8E03003F480635A
:109E80000B930B9B0CB07047454BD3F8E02042F08E
:109E90000102C3F8E020D3F8E03003F0010301939E
:109EA000019BEFE73E4BD3F8E02042F00202C3F8FB
:109EB000E020D3F8E03003F002030293029BE1E7D5
:109EC000374BD3F8E02042F00402C3F8E020D3F887
:109ED000E03003F004030393039BD3E7304BD3F844
:109EE000E02042F00802C3F8E020D3F8E03003F0AD
:109EF00008030493049BC5E7294BD3F8E02042F004
:109F00001002C3F8E020D3F8E03003F0100305930B
:109F1000059BB7E7224BD3F8E02042F02002C3F8BC
:109F2000E020D3F8E03003F020030693069BA9E776
:109F30001B4BD3F8E02042F04002C3F8E020D3F8F6
:109F4000E03003F040030793079B9BE7144BD3F8E3
:109F5000E02042F08002C3F8E020D3F8E03003F0C4
:109F600080030893089B8DE70D4BD3F8E02042F463
:109F70008072C3F8E020D3F8E03003F480730993D3
:109F8000099B7FE7064BD3F8E02042F40072C3F848
:109F9000E020D3F8E03003F400730A930A9B71E7E2
:109FA000004402582DE9F04F0D6883B0002D00F0F9
:109FB000D5800023DFF8688201229A4012EA050C5E
:109FC00000F0C7804E6826F01009B9F1020F40F08A
:109FD000C88003F007044FEAD30E4FF00F0A4FEA90
:109FE000840900EB8E0E0AFA09FADEF8204024EA12
:109FF0000A0A0C6904FA09F406F0030944EA0A049F
:10A00000CEF820404FEA430E0324D0F800A009FA0E
:10A010000EF904FA0EF42AEA040AE44349EA0A09AA
:10A02000C0F80090D0F808A0CF6804EA0A0A07FA3E
:10A030000EF949EA0A09C0F80890C6F30019D0F8E9
:10A0400004A009FA03F92AEA020249EA020242607C
:10A05000C268F70004EA02048A6802FA0EF242EAD1
:10A060000402C26075D5644C23F0030E03F00309AB
:10A07000D4F8F420C6444FEA890942F00202C4F839
:10A08000F420D4F8F42002F002020192019A0F2287
:10A09000DEF8084002FA09F224EA0202574CA04214
:10A0A00025D004F58064A0427BD0554CA0427ED0E0
:10A0B000544CA0426FD0544CA04200F08480534CCA
:10A0C000A04200F08680524CA04276D0514CA04273
:10A0D00000F08580504CA04200F087804F4CA04299
:10A0E0000CBF09240A2404FA09F942EA0902CEF84D
:10A0F00008204FF0B0426FEA0C0EF403D2F8802033
:10A100004FF0B04454BF0EEA02024CEA0202C4F817
:10A110008020B203D4F884404FF0B04254BF0EEA1E
:10A1200004044CEA0404F702C2F8844014684FF0B7
:10A13000B04254BF0EEA04044CEA04041460B402B2
:10A1400052684FF0B04454BF0EEA02024CEA0202D9
:10A150006260013335FA03F27FF42EAF03B0BDE83D
:10A16000F08F4FEA430E0324D0F800B006F0030A44
:10A1700004FA0EF409F1FF390AFA0EFA2BEA040B7D
:10A18000B9F1010F6FEA04044AEA0B0AC0F800A013
:10A190003FF65EAF46E7032404FA09F942EA0902F2
:10A1A000A5E7012404FA09F942EA09029FE702241B
:10A1B00004FA09F942EA090299E7062404FA09F9BE
:10A1C00042EA090293E7042404FA09F942EA09027F
:10A1D0008DE7052404FA09F942EA090287E7072412
:10A1E00004FA09F942EA090281E7082404FA09F9A4
:10A1F00042EA09027BE700BF00440258000002580F
:10A2000000080258000C02580010025800140258AE
:10A2100000180258001C025800200258002402585E
:10A2200000040058002900F0A88000232DE9F04F19
:10A23000DFF8689183B0DFF86881DFF868A1DFF8A4
:10A2400068B14FF0010E0EFA03F212EA010C6FD062
:10A2500023F0030503F003040F2640454D444FEA65
:10A26000C404AF6806FA04F607EA0607019721D08E
:10A27000504566D0584567D0434FB8426ED0434FE3
:10A28000B84270D0424FB84263D0424FB84256D025
:10A29000414FB84272D0DFF814E1704568D0DFF862
:10A2A00010E1704514BF4FF00A0E4FF0090E0EFA80
:10A2B00004F400E00024019FA74219D1AC6824EA0D
:10A2C00006064FF0B044AE60D4F8805025EA0C0585
:10A2D000C4F88050D4F8845025EA0C05C4F88450A2
:10A2E000256825EA0C052560656825EA0C0565608A
:10A2F00003255C0003F007070F2605FA04F4056840
:10A30000BF00254306FA07F70560DD0800EB850569
:10A310002E6A26EA07062E62856825EA040585600E
:10A32000456825EA02024260C26822EA0404C46069
:10A33000013331FA03F284D103B0BDE8F08F4FF05E
:10A34000060E0EFA04F4B6E74FF0020E0EFA04F40D
:10A35000B1E74FF0050E0EFA04F4ACE74FF0030E30
:10A360000EFA04F4A7E74FF0040E0EFA04F4A2E785
:10A370004FF0080E0EFA04F49DE770474FF0070EF9
:10A380000EFA04F497E700BF000C025800100258C0
:10A390000014025800180258001C0258000400580B
:10A3A0000000025800040258000802580020025819
:10A3B000002402580369194214BF0120002070478D
:10A3C00002B90904816170472DE9F04F056885B035
:10A3D0000446284604F0A6FF012802D005B0BDE8D7
:10A3E000F08F206804F04EFF0028F7D0206804F0BA
:10A3F00049FF10F4001F206802D04FF4001343619E
:10A4000004F040FF10F4801F206802D04FF4801346
:10A41000436104F037FF10F0806F206802D04FF0E6
:10A420008063436104F02EFF10F0020F20682FD1EB
:10A4300004F028FF870000F11381206804F022FF58
:10A44000C60100F1CF80206804F01CFF000700F176
:10A45000BE80206804F016FF10F0007F20681AD13B
:10A4600004F010FFC306B9D52568AB6923F01003CB
:10A47000AB612E6AC6F34341C6F30A17022902D123
:10A48000002F40F0C681AB6943F01003AB61A5E734
:10A4900002234361CCE704F0B3FFD4F808E0804620
:10A4A0002068BEF1000F00F0998005F5A065002638
:10A4B0004FF0280B4FF0020A4AE000F5A0694A016C
:10A4C00009EB4117BB685B075DD50423BB60FB68E4
:10A4D00043F00203FB60BB68980500F1FD80BB6898
:10A4E000DB0740F1CF80236953B101EB81003B6969
:10A4F00004EBC000C3F3120C836CA3EB0C03C36426
:10A500008B004FF0010C4FF0000E581804EBC00008
:10A51000C0F858E080F85DC0C7F808C090F83FE088
:10A520001EF0FD0F00F06481BEF1030F00F04082C9
:10A530000B4404EBC30393F8502082F0010283F82C
:10A540005020D4F808E0206801362035764545D201
:10A5500006F00F0328FA03F3D907F5D52B68F1B2FB
:10A560001A04AAD400F5A0624FEA411C02EB41177D
:10A57000BB6813F004090DD00423BB60FB6843F0F3
:10A580000203FB60E0E7BB689B0640F1B380202339
:10A59000BB60A0E7BB6813F0200300F0CA8001EBAA
:10A5A0008103202204EBC303BA6093F83D20012A03
:10A5B000CAD183F83D9083F85CA0FB6843F00203A6
:10A5C000FB6004F021FFD4F808E02068BCE72046D7
:10A5D000FFF70CFC2068082343613BE74FF0007352
:10A5E00043613DE72668D6F840340293D6F84034FC
:10A5F0000393039B23F02E030393029B980707D535
:10A60000029BD90700F16381039B43F0020303938C
:10A61000029B1A0718D5039B43F008030393029B80
:10A620005B0740F15C81A169022900F09A81E3682F
:10A63000012B03D14EF66022C6F804242046FFF712
:10A64000E3FB2046FFF7D6FB2068029B9F0603D55D
:10A65000039B43F020030393039BC6F84034F3E6C7
:10A66000D5F84034204623F02E03C5F84034FFF7D8
:10A67000C5FB0121206804F0A1FE20684FF00053C3
:10A680004361DBE6BB68980740F18E80FB6801EB15
:10A69000810C23F0020304EBCC0CFB608B009CF8D4
:10A6A0005D00012800F0B280052800F0AF80062888
:10A6B00000F0A381082800F0A081032800F0DC81CD
:10A6C0009CF85C000246C7F808A02046FFF79AFBFA
:10A6D000D4F808E0206837E7FB68206843F00203FD
:10A6E000FB6004F091FE4FF400732068BB60D4F867
:10A6F00008E029E7BB681B0700F1BB80BB685B056E
:10A700007FF5E9AEFB68019243F002030091FB6024
:10A7100004F07AFE00991020019A01EB8103B860E1
:10A72000082004EBC30383F85D004FF48063BB6033
:10A73000D1E6D7F8089019F0400F40F0B180BB681F
:10A7400013F4007340F02F81D7F8089019F0010F2F
:10A7500040F03F81BB6813F0080340F06881D7F8F0
:10A76000089019F0100F00F0C98001EB810204EB92
:10A77000C2029365032382F85D3092F83D303BB905
:10A780000BFB014393F83C2012B9012283F83D20D2
:10A79000FB6843F00203FB6004F036FE10232068E0
:10A7A000BB60D4F808E0CFE6BB6813F0800340F04C
:10A7B000E380BA68D20640F1D08001EB810004EB5F
:10A7C000C00090F83F20032A00F04B8112F0FD02F8
:10A7D000E4D123698265002BE0D10BFB0143032206
:10A7E00083F85D20FB68206843F00203FB60D3E739
:10A7F000FA68206842F0020201930091FA6004F0C6
:10A8000003FE1022DDE90013BA6091E68CF85C00CB
:10A8100058E706F00F0606EB860804EBC808D8F8E0
:10A82000441000293FF42FAE284605F5A0653A46AE
:10A8300004F0A6FCD8F8443005EB46123B441169FD
:10A84000D8F84C20C8F8443073013A44C8F84C207A
:10A85000BC4A0A405AB1EA5822F0804242F0004213
:10A86000EA5098F8503083F0010388F8503025689A
:10A8700009E6FB684FF0050C019243F002030091DA
:10A88000FB6001EB810304EBC30383F85DC010237D
:10A89000BB600823BB6004F0B7FDDDE900121AE6D7
:10A8A00001EB810204EBC2029365042382F85D3060
:10A8B000012382F83D30FB6843F00203FB6004F0A3
:10A8C000A3FD40232068BB60D4F808E03CE6B369F0
:10A8D000204623F00053B361FFF78CFA94E620463C
:10A8E000FFF796FAD6F84034206823F02E03C6F816
:10A8F0004034836943F000538361A6E6BB681B06BE
:10A9000000F1C880BB685B0500F1D780BB689B077E
:10A910007FF51AAEFB680BFB014023F00203FB60DE
:10A9200090F85D30012B00F0E180032B00F0DB801C
:10A93000042B00F0D880052B00F0FC80062B00F0E3
:10A94000E480082B00F0E1800BFB01432046C7F8B0
:10A9500008A093F85C20FFF755FAD4F808E02068C7
:10A96000F2E5029B206803F4C023B3F5802F18BFE3
:10A97000012104F023FD61E6FB6801EB810243F055
:10A98000020304EBC202FB60936D0133936506235F
:10A9900082F85D30206804F037FD80232068BB60BA
:10A9A000D4F808E0D0E5FB6843F00203FB6098E6CA
:10A9B00052F80970019347F00057009142F809706E
:10A9C000624680F85CC02046FFF71CFADDE9001300
:10A9D000AEE5FA6801EB810942F0020204EBC90915
:10A9E000C9F85830FA6004F00FFD0123BB6089F804
:10A9F0005D30D4F808E02068A6E503EB010C04EB19
:10AA0000CC0CDCF858000130032825D8CCF85800CD
:10AA100002200B4404EBC30383F85C0052F80930B6
:10AA200023F0804343F0004342F809304AE608230C
:10AA30000091BB60FB6843F00203FB6004F0E4FCA0
:10AA40000099052201EB810104EBC10383F85D202D
:10AA5000D4F808E0206877E50020CCF858000420FE
:10AA6000D7E7FA680BFB014042F0020283652068D9
:10AA7000FA6004F0C9FC91E60BFB0143022083F865
:10AA80005CA052F8093023F0804343F0004342F8C1
:10AA9000093017E6FB68009143F00203FB6004F005
:10AAA000B3FC009906230BFB014181F85D30802344
:10AAB0002068BB60D4F808E046E5FB68009143F0ED
:10AAC0000203FB6004F0A0FC10230099BB604FF46C
:10AAD00080630BFB0141BB60082381F85D30D4F833
:10AAE00008E0206830E580F85CA02DE780F85C3055
:10AAF00090F83F30023B012B3FF626AF90F85130E3
:10AB000083F0010380F851301EE70BFB0140836D99
:10AB10000133032B11D8836502230BFB014080F81E
:10AB20005C3052F80C3023F0804343F0004342F88D
:10AB30000C3009E780F85C3006E7002383650423C6
:10AB4000EBE700BF0000F81F90F8B832012B0CD0E3
:10AB5000012310B50446006884F8B83204F0B4FC50
:10AB60000023184684F8B83210BD0220704700BF99
:10AB7000F8B505460E461746701C2C682CD1A36903
:10AB8000990727D4A369DA06F9D5A3699A06FCD5F3
:10AB900020231022E261E361A3699F0701D500230E
:10ABA000A362A369DE0703D4A36943F00103A36191
:10ABB000636800221B4820210340012063606B6C06
:10ABC00085F8402043F004036B6485F8411085F854
:10ABD0004220F8BD0020F8BDA3699B07FAD4A36901
:10ABE000D9061BD4F7F774F8C01BB04201D8002E69
:10ABF000C2D16B6C2021002201200B4385F840203C
:10AC00006B6485F8411085F84220F8BDF7F760F8CD
:10AC1000C01B8642EDD3002EEBD02C68A3699B06A7
:10AC2000F4D5B5E700E800FEF8B505460E46174630
:10AC30002C68A3699B0649D4A369DA0626D5731C40
:10AC400038D1A3699E06FCD520231022E261E3617E
:10AC5000A369990701D50023A362A369DA0703D486
:10AC6000A36943F00103A36163680022184820210F
:10AC70000340012063606B6C85F8402043F00403BF
:10AC80006B6485F8411085F84220F8BDF7F720F88D
:10AC9000C01BB04201D8002ECAD16B6C202100220B
:10ACA00001200B4385F840206B6485F8411085F83E
:10ACB0004220F8BDA3699806C6D4F7F709F8C01B6F
:10ACC0008642EAD3002EE8D02C68B8E70020F8BD11
:10ACD00000E800FE00284ED010B590F84130044640
:10ACE00003F0FF02002B41D023682421626884F81E
:10ACF0004110196822F07062E06821F0010101281A
:10AD000019601A619A6822F400429A60A26829D0F8
:10AD100042F4044202289A6002D14FF400625A6061
:10AD200058684FF0200C1549226901435960D968D1
:10AD300021F40041D960D4E90501024342EA01222D
:10AD4000D4E90710DA60002201431046196019683F
:10AD500041F001011960626484F841C0226384F803
:10AD6000422010BD42F400429A60D9E780F84020AA
:10AD7000FCF72AFCB8E70120704700BF0080000202
:10AD80002DE9F047984690F84130089E202B40F07E
:10AD9000878090F840300446012B00F08180012329
:10ADA0008946174680F84030F6F792FF054604E0E2
:10ADB000F6F78EFF401B192875D82368986910F4A0
:10ADC0000040F5D1212267626063C9F3090784F866
:10ADD0004120102284F842206064A4F82A80628D09
:10ADE00092B2FF2A6DD8628D494892B2D1B22285C3
:10ADF0005A6802403A4342EA0142464911435960C7
:10AE0000DFF81C814FF0FF0ADFF81891638D2A46A6
:10AE1000314620469BB2002B30D0FFF7A9FE002818
:10AE200073D1606A216810F8012B238D8A62628DCC
:10AE3000013B6062013A9BB292B223856285628DCA
:10AE400092B2002BE2D1002AE0D0701C43D18B6972
:10AE50001A06FCD5638D9BB2FF2B48D94B682A4656
:10AE6000A4F828A0204603EA08033B4343EA090369
:10AE70004B603146638D9BB2002BCED1FFF7D4FEE1
:10AE8000002842D123682021234DD9615A682A40E5
:10AE90005A6084F8411084F8400084F8420000E0D1
:10AEA0000220BDE8F087636C2021002201200B43C3
:10AEB00084F84020636484F8411084F84220BDE89F
:10AEC000F0875A6812490A4014493A431143FF2255
:10AED0002285596094E78B691B06BBD4F6F7F8FE10
:10AEE000401B8642DFD3002EDDD02168ADE7638DA5
:10AEF0009BB2DAB223854B6803EA080343EA0243B4
:10AF00003B4343F000734B6080E70120BDE8F087CE
:10AF1000009800FC0020008200E800FE0020FF8175
:10AF2000009C00FC0000FF012DE9F0471F4690F84F
:10AF30004130202B40F08E8004460D46002900F061
:10AF40008380B2FA82F916464FEA5919002A7BD05B
:10AF50005FFA83FA90F84030012B7BD0012380F810
:10AF60004030F6F7B5FE212365628046256884F8F7
:10AF7000413084F842A0C4F8449066856B68C4F8F8
:10AF8000349023F400436B607B1C66D1AE693607B6
:10AF9000FCD50823EB61E368022B06D0AE69F6030B
:10AFA00028D4AE69F603F9D524E0AB691907FCD5BE
:10AFB0000823EB617B1CF1D0AB69DD031AD4F6F7F3
:10AFC00087FEA0EB0800874253D3002F51D025689D
:10AFD000F0E7424639462046FFF7CAFD00285BD11C
:10AFE000636A226813F8011B9162658D6362013DFB
:10AFF000ADB26585638D9BB2002BEAD142463946DE
:10B000002046FFF711FE00284DD02268536843F414
:10B0100000435360636C042B54D1002363642023EA
:10B02000D361781C41D193691904FCD45168002381
:10B03000202041F40041516084F84100184684F812
:10B04000423084F8403003E04FF400730120636421
:10B05000BDE8F0870220BDE8F087AB69180733D45C
:10B06000F6F736FEA0EB0800874202D30FB1256841
:10B070008AE7636C202000212268034384F8401093
:10B08000636484F84100012084F84210536843F45B
:10B0900000435360BDE8F08722680120536843F401
:10B0A00000435360D4E72268B9E793691B04BDD518
:10B0B000F6F70EFEA0EB08008742DAD3002FD8D0B7
:10B0C0002268AEE70120C3E70823EB61E368022BA7
:10B0D0007FF470AF08E0F6F7FBFDA0EB08008742B5
:10B0E000C7D3002FC5D02568AB691A07F3D55FE732
:10B0F0000268436B9169126803B11847704700BF3B
:10B1000090F84100704700BF90F84120202A23D1D9
:10B110005FFA82FC90F840200346012A1CD00268A6
:10B12000242000B583F841004FF0000E106820F095
:10B1300001001060106820F4805010601068014316
:10B1400070461160116841F00101116083F841C03F
:10B1500083F840E05DF804FB0220704790F841203E
:10B16000202A22D1034600B55FFA82FE90F84020E3
:10B17000012A1CD0026824204FF0000C83F8410003
:10B18000106820F001001060106820F4706040EA40
:10B19000012160461160116841F00101116083F8DE
:10B1A00041E083F840C05DF804FB022070470220B4
:10B1B0005DF804FB2DE9F04F076889B00446384676
:10B1C00004F0B0F810B109B0BDE8F08F82462068F5
:10B1D00004F058F80028F6D0206804F053F810F076
:10B1E000020F206803D0436903F00203436104F0B7
:10B1F00049F810F4002B206840F0508104F042F828
:10B2000010F4802F206840F0EB8004F03BF8002819
:10B2100074DB206804F036F8000564D4206804F07C
:10B2200031F8020114D52268536903F000635361B9
:10B2300094F8F433002B40F095810121204684F8E6
:10B24000F413536DC3F38303C4F8F83300F024FC04
:10B25000206804F017F8C3047BD4206804F012F8C7
:10B2600010F4005F20685DD104F00CF810F0100FAE
:10B27000206812D0836923F0100383613D6AC5F30F
:10B28000434305F00F06022B00F03182062B00F03D
:10B290007F81836943F01003836103F0F3FF0707A5
:10B2A00000F15781206803F0EDFFC60200F14681EE
:10B2B000206803F0E7FF850200F13581206803F084
:10B2C000E1FF400000F12681206803F0DBFF410729
:10B2D0007FF579AF23685D686A0700F129825A68B3
:10B2E0002A435A606FE7D7F80838D90700F11C8263
:10B2F0002068436903F40063436190E7D7F804389A
:10B3000023F00103C7F8043894F8F433012B00F05C
:10B3100038812046FEF7EAFC2068436903F00043C9
:10B32000436177E704F002F8206803F0E7FC256842
:10B33000E060F8F7A1FF227B0146284603F042FCBB
:10B340002046FEF7A9FC2068436903F400534361DB
:10B350008AE7D7F804381021206807F5006523F044
:10B3600001036B6003F0B0FC6068B0B107F51063D7
:10B370004FF67F3199600AF1010A1A68203382453D
:10B3800022F4001243F8202CC3F8E811D3F8E0218E
:10B3900022F40012C3F8E021ECD1EB6943F0011371
:10B3A000EB61236B002B40F0E1806A6942F22B03D2
:10B3B00013436B612B6943F00B032B61D7F8003803
:10B3C00004F57172217C23F4FE632068C7F800380D
:10B3D00003F0C8FF2068436903F4805343613DE7ED
:10B3E00003F068FF80462068B8F1000F00F0E580A8
:10B3F000264607F510694FF0000BCDE9037A09E006
:10B400005FEA58080BF1010B06F11C0609F120094F
:10B4100000F0D58018F0010FF2D05FFA8BF73946B3
:10B4200003F064FFC30705461FD50BF00F03039914
:10B4300001229A40D1F8343823EA0203C1F83438A3
:10B440000123C9F808302369012B03D1D6E9112360
:10B450001344B36439462046FEF710FC2369012BE0
:10B4600003D1BBF1000F00F0AC81280702D50823FF
:10B47000C9F80830E90602D51023C9F808306A0671
:10B4800002D54023C9F80830AB0702D50223C9F81A
:10B4900008302D0600F1C6802068B1E703F0FCFEFD
:10B4A00005462068002D00F0868007F53066A1462D
:10B4B0004FF0000B049707E06D080BF1010B06F14C
:10B4C000200609F11C097DD0EB07F5D55FFA8BF159
:10B4D000039103F0FDFE10F0010F8046039973D134
:10B4E00018F0080F40F0F280206818F0100F01D01B
:10B4F0001023B36018F0200F05D02169012900F056
:10B500005A812023B36018F4005FD5D04FF4005364
:10B51000B360D1E72046FEF7F5FB2068436903F0EE
:10B5200080434361D1E620465FFA8BF1FEF7E2FBF0
:10B530002068436903F400134361C0E620465FFAC4
:10B540008BF1FEF7DBFB2068436903F48013436152
:10B55000AFE62046FEF79CFB2068436903F0080332
:10B560004361A0E62046FEF7A9FB71E6D5F88430DA
:10B5700043F00B03C5F884306B6C43F00B036B6432
:10B580001CE70021204684F8F41300F085FAC3E696
:10B59000C6EBC606082204F57171384603F0F0FDCB
:10B5A000C5F30A1304EB86022068D2F814120B4488
:10B5B000C2F814326DE6AB4620E6C34625E6DDE967
:10B5C000037A22E6049F19E6206801232769B36005
:10B5D00000F53063012FD0F840E003EB4B139A687D
:10B5E00000F0C580984FBE4540F0BD80170440F183
:10B5F000B6804FF4004218F0080F9A603FF475AF20
:10B60000026C986890498A4200F097802046039225
:10B61000FEF724FB8D4B039A9A4200F29680082392
:10B62000B36061E7D6E91453D4F800A0AB425046AA
:10B630003FF6E6AE0AF51062716CCDF81CA002EB85
:10B640004B120592EA1A8A4228BF0A46059989696F
:10B65000033289B2B1EB920FC0F0A980CDF81890F7
:10B66000C146A046059C1AE0736C3A46B16C504640
:10B670009D4228BF1D4698F810300093ABB203F0EE
:10B6800069FDB36CA1692B4489B2B364736D2B441B
:10B690000335B1EB950F7365C0F08180356D9D4228
:10B6A000A5EB0305E0D84446C846DDF81890D4F869
:10B6B00000A0079B0122504603F500610BF00F0329
:10B6C0009A404B6B23EA02034B6399E62268216997
:10B6D00002F53063126C012903EB4B13986891D18A
:10B6E0005A498A4229D82046FEF7B8FA97E747F622
:10B6F000F0731D423FF4CDADC6EBC606C5F30A128A
:10B70000384604EB86061546D6F8081203F038FDD5
:10B71000D6F8083220682B44C6F80832D6F814321E
:10B720002B44C6F81432B4E52046FEF7C7FADFE52D
:10B730002046FEF7EBFA2368D1E5020402D54FF468
:10B7400000429A602046FEF789FA216901297FF4B8
:10B7500066AF04F57172206803F004FE5FE790069F
:10B7600001D520229A602046FEF77EFAB8E6170738
:10B7700032D536498E4504D9120402D54FF4004221
:10B780009A6020460393FEF769FA04F5717201216D
:10B79000206803F0E7FD0822039B9A60A0E6444678
:10B7A000356DC846DDF81890D4F800A050469D428B
:10B7B0003FF626AE7DE704F5717203F0D3FD2068F5
:10B7C0009FE6236D002B7FF450AE04F571720121CA
:10B7D000206803F0C7FD48E6970608D520229A6046
:10B7E00018F0080F3FF481AE026C986878E712F009
:10B7F000280FF5D1154FBE4505D9120403D54FF4D6
:10B8000000429A60ECE71B692046D9F80422C3F392
:10B810001203D31AC9F81432D9F808321344C9F8FC
:10B820000832FEF721FABBF1000F7FF459AED4F8CD
:10B830001032002B7FF454AE04F5717201212068A0
:10B8400003F090FD4CE600BF0A31544F0A30544FCC
:10B8500090F8BC23012A0ED0012210B504460068DE
:10B8600084F8381084F8BC2303F0FAFC002318464F
:10B8700084F8BC3310BD0220704700BF10B501F042
:10B880000F0E0906044627D44FF01C0C0CFB0E0CBF
:10B890000CF5FE71CEEBCE0C00EB8C0C00208CF87E
:10B8A000FD018A604A7881F800E0CB700AB1A1F806
:10B8B00006E0022B01D100230B7194F8BC33012B5D
:10B8C00018D00123206884F8BC3303F029FA002340
:10B8D000184684F8BC3310BD1C204FF0010C00FB4F
:10B8E0000E4000F13C01CEEBCE0004EB800080F86E
:10B8F0003DC0D6E7022010BD10B501F00F041C2199
:10B90000C4EBC40C01FB040100EB8C0C01F5FE71CF
:10B91000CCF810320023CCF808228CF8FC41CCF88B
:10B9200014328CF8FD3103690068012B08BFCCF894
:10B930000C22DAB21CB903F053FB002010BD03F057
:10B9400037FA002010BD00BF10B501F00F041C2114
:10B95000C4EBC40C01FB040100EB8C0C3C31CCF8B3
:10B9600050300023CCF84820CCF8543001238CF818
:10B970003C408CF83D3003690068012B08BFCCF8CF
:10B980004C20DAB21CB903F02BFB002010BD03F0F1
:10B990000FFA002010BD00BF38B5436801F00F0555
:10B9A0009D4234D80B0604461DD41C22C1EBC103B2
:10B9B00002FB010100EB8303002201F5FE7183F815
:10B9C000FD2101230D708B7094F8BC239A421CD08A
:10B9D000206884F8BC3303F0E3FBD5B1002318469C
:10B9E00084F8BC3338BD1C21C5EBC503012201FB23
:10B9F000050100EB83033C3183F83D2001230D70EA
:10BA00008B7094F8BC239A42E2D1022038BD012009
:10BA100038BD04F57172217C206803F0A3FCDDE7DA
:10BA2000426838B501F00F03934232D811F0800F0D
:10BA300004464FF01C01C3EBC30219D101FB0341C3
:10BA4000002004EB8202002501F5FE7182F8FD0161
:10BA50000B708D7094F8BC33012B18D00123206833
:10BA600084F8BC3303F0D0FB284684F8BC5338BDBF
:10BA700001FB0341012004EB820200253C3182F8E6
:10BA80003D000B708D7094F8BC33012BE6D1022081
:10BA900038BD012038BD00BF704700BF38B5114B1D
:10BAA000DA68520704D4DB6803F00703834214D139
:10BAB0000C4CE36823F007031843E060F6F708F93D
:10BAC000054605E0F6F704F9401BB0F57A7F06D885
:10BAD00063689B04F6D5002038BD012038BD0320E3
:10BAE00038BD00BF00480258024AD36843F0807353
:10BAF000D36070470048025870B44D6A15B1B2F176
:10BB0000406F3AD18B691BB30C6A002C4CD08E6805
:10BB10000068C661CE69002E69D02B4313432343CE
:10BB2000CC6A334323430C6B23434C6B23430C6994
:10BB30002343CC6823430C6823434C69B2F1406F24
:10BB400043EA8443436165D04B6870BC83617047AE
:10BB50000B6ABBB100682B438C68CE69C461002EB0
:10BB60006BD01343CC6A334323430C6B23434C6B9E
:10BB700023430C692343CC68DEE78B6A0468013BEE
:10BB80002361BFE7CB69002B66D1002D42D0CB6A81
:10BB90000C6B2B43006813434A6923434C6B2343CC
:10BBA00043EA8243436135E0CC6945EA030C002C4B
:10BBB00032D003684CEA0200B2F1406F40EA040060
:10BBC000CC6A40EA04000C6B40EA04004C6B40EA8B
:10BBD0000400CC6840EA04000C6840EA04004C69A8
:10BBE00040EA8440586115D04A689A6112E045EAFB
:10BBF000030C0D694CEA0203CA6A23431343D1E9DB
:10BC00000C4223430C6813434A692B43234343EA02
:10BC10008243436170BC7047CC6A4CEA02030068FF
:10BC20002343D1E90C4223430C6813434A6923435D
:10BC300043EA824370BC43617047CC6A1343234399
:10BC4000D1E90C4223431343D1E90442234343EA9D
:10BC5000824370BC436170472B43CD6A0C6B134326
:10BC600000682B4323434C6B84E700BF70B5044648
:10BC7000F6F72EF8002C54D094F84030012B52D017
:10BC80000123064684F8403094F8413003F0FF0267
:10BC9000002B34D0A56C2268A1681368013923F405
:10BCA000706343EA0123136001E06B1C31D1936898
:10BCB00013F02003F9D1E069E16815680143206AB7
:10BCC0000143606841EA00611C4828400143606903
:10BCD0001160A16955680143206941EA0041184893
:10BCE000284001250143184651601168294311601D
:10BCF000636484F84150002384F8403070BD2046CE
:10BD000084F84020FCF7B8F841F288331D46A3645C
:10BD1000C1E7F5F7DDFF801BA84206D82DB12268E8
:10BD2000C5E7012070BD022070BD0423012084F806
:10BD30004130636C03436364DDE700BF2FFFFF0006
:10BD4000FEF8E0FFC8B110B590F840300446012B72
:10BD500011D00268012380F84030136823F00103FA
:10BD60001360FCF717F900236364184684F8413028
:10BD700084F8403010BD022010BD0120704700BF84
:10BD80002DE9F04104460E461546F5F7A1FF94F85B
:10BD90004030012B3AD0012384F8403094F84130F0
:10BDA000012BDFB206D002270023384684F840304A
:10BDB000BDE8F081002380466364022384F84130AB
:10BDC000681C23680ED19A6812F02002FBD131461C
:10BDD0002046FFF791FE736AE3B10123002784F840
:10BDE0004130E1E79A6812F020021ED0F5F770FFAB
:10BDF000A0EB0800854201D3002DE1D1042384F893
:10BE00004130636C43F001036364CDE70227384699
:10BE1000BDE8F081226893689B07FCD502210123CD
:10BE20000027D16084F84130BEE731462046FFF755
:10BE300063FE736A43B1D0E7F5F74AFFA0EB080051
:10BE40008542DBD3002DD9D0226893689907F3D5BA
:10BE5000E4E700BF2DE9F843044689461546F5F7A7
:10BE600037FF94F840302768012B67D0012384F80E
:10BE7000403094F84130012B5FFA83F807D04FF03F
:10BE800002080023404684F84030BDE8F8830023D0
:10BE90006364B9F1000F56D01223064684F841308E
:10BEA0003B690133E3623B69C4F824900133A36228
:10BEB0007B6923F040637B61E36A002B31D06A1C0D
:10BEC000394611D18B685B07FCD5636A1B7887F80C
:10BED0002030E26A636A013A0133E262E26A636235
:10BEE000F2B16A1C2168EDD08B685807EDD4F5F7E4
:10BEF000EFFE801B854201D3002DF2D1042384F88C
:10BF00004130636C43F00103636413E0BB689B073B
:10BF10000CD4F5F7DDFE801B8542EFD3002DEDD06C
:10BF20002768691CF2D1BB689A07FCD502234FF041
:10BF30000008FB60012384F84130A2E74FF00208BB
:10BF40004046BDE8F883636C43F00803636498E7F8
:10BF50002DE9F843044615468946F5F7B9FE2768EA
:10BF6000BA6994F84030012B6CD0012384F840303A
:10BF700094F84130012B5FFA83F807D04FF00208A4
:10BF80000023404684F84030BDE8F8830023636412
:10BF9000B9F1000F5BD02223064684F841303B699B
:10BFA0000133A3633B69C4F83090013363637B6959
:10BFB00023F0406343F080637B61BA61A36B002B85
:10BFC00033D0681C394612D18B6813F0060FFBD0B2
:10BFD00097F82020236B1A70A26B236B013A013370
:10BFE000A263A26B2363FAB1681C2168ECD08B6852
:10BFF00013F0060FECD1F5F76BFE801B854201D3E1
:10C00000002DF1D1042384F84130636C43F0010327
:10C01000636413E0BB689B070CD4F5F759FE801BE3
:10C020008542EFD3002DEDD02768691CF2D1BB68A3
:10C030009A07FCD502234FF00008FB60012384F827
:10C0400041309DE74FF002084046BDE8F883636C3D
:10C0500043F00803636493E72DE9F84F04461F4655
:10C0600089469046F5F734FE94F84030012B52D0C3
:10C07000012384F8403094F84130012B5FFA83FBB0
:10C0800007D04FF0020B0023584684F84030BDE83B
:10C09000F88F002382466364422384F841307A1C7F
:10C0A00026682CD1B568AB06FCD4D8F800304946D8
:10C0B0002046B362D8F804307362D8F80830F362CF
:10C0C0003268D8F8103022F440021343D8F80C201C
:10C0D00043F480033360C9F828204FF00062FFF773
:10C0E0000BFD781C22681BD193681907FCD5082129
:10C0F00001234FF0000BD16084F84130C3E7B368EF
:10C100009D06D2D5F5F7E4FDA0EB0A00874212D3D5
:10C11000002FC4D10FE04FF0020B5846BDE8F88F56
:10C1200093681B07E3D4F5F7D3FDA0EB0A00874221
:10C1300001D3002FD5D1042384F84130636C43F040
:10C14000010363649FE700BF2DE9F04704460F46F3
:10C150001646F5F7BDFD94F84030012B45D001237C
:10C1600084F8403094F84130012B5FFA83F907D00E
:10C170004FF002090023484684F84030BDE8F087BC
:10C1800000238046D4F848A06364822384F84130B9
:10C19000BAF1FF3F256814D1AB689A06FCD42B682E
:10C1A000726823F00803082A43EA02032B6021D0B7
:10C1B0004FF04062394620464FF00009FFF79CFCE3
:10C1C000D8E7AB689B06EAD5F5F782FDA0EB08003F
:10C1D000824502D3BAF1000FDAD1042384F841304A
:10C1E000636C43F001036364C4E74FF002094846FF
:10C1F000BDE8F087326810232A63EB602B6843F4B4
:10C2000080132B60D4E700BF704700BF08B5006CF7
:10C2100000238363C36290F84130082B0BD103687D
:10C220000222DA601A6842F400321A601A6842F098
:10C2300002021A6008BD012380F84130FFF7E4FFD5
:10C2400008BD00BF704700BF704700BF704700BF08
:10C25000704700BF704700BF704700BF704700BF06
:10C2600038B5036804469A68196855070ED548031F
:10C270000CD594F84120122A75D094F84120222A36
:10C2800000F0A1802046FFF7E5FF38BD950726D5D1
:10C29000880324D50222DA601A6822F4E0221A60A8
:10C2A00094F84120122A7AD094F84120222A00F0F2
:10C2B000A98094F84120022A00F0D08094F841200F
:10C2C000082AE2D15A690121204622F040625A61CF
:10C2D00084F84110636C3BBBFFF7B4FF38BD150712
:10C2E00025D4D50735D5C80333D50125DD601A68B7
:10C2F00022F470221A60626C42F0020262641A68D0
:10C30000520779D51A68E06B22F004021A60574B85
:10C31000836504F0FFFE0028B7D0636C204643F02D
:10C320000403636484F84150FFF76EFF38BD0803CF
:10C33000D7D50822DA601A68520206D51A68012198
:10C3400022F410221A6084F841102046FFF784FF7F
:10C3500038BDD00699D5CA0297D510222046DA609A
:10C36000FFF77CFF38BD9A6850078BD518460EE062
:10C37000626A127883F82020E16A20680139626AD3
:10C38000E1620132816862624D077FF57BAFE26A4C
:10C39000002AEDD1036823F48023036072E71A6852
:10C3A000510709D51A68E16B22F0040209681A6086
:10C3B000CB6823F00103CB600123204684F8413091
:10C3C000FFF746FF38BD9A6852077FF55BAF184606
:10C3D0000EE093F82010226B1170A16B20680139D8
:10C3E000226BA16301328168226349077FF54AAF5E
:10C3F000A26B002AEDD1CDE7204684F84150FFF72B
:10C4000003FF38BD1A6852071DD49A6812F47C5F86
:10C410000FD111E093F82010226B1170A16B2068EE
:10C420000139226BA16301328168226311F47C5FC0
:10C4300002D0A26B002AEDD10123204684F84130BE
:10C44000FFF704FF38BD1A68E16B22F004020968A7
:10C450001A60CB6823F00103CB60EDE7012320468F
:10C4600084F84130FFF7F0FE38BD00BF0DC2000870
:10C47000F8B501680546AC4B99421FD0203399426C
:10C480001CD003F57873994258D02033994255D087
:10C4900003F57873994200F01E812033994200F031
:10C4A0001A8195F89130A14E03F0FF026BB928462E
:10C4B00085F89020FBF756FE296806E09C4E95F81B
:10C4C000913003F0FF02002BF1D09A4B9A4A1B687F
:10C4D000A2FB03230A681B0B22F480329B000A6034
:10C4E00023B30C68013B14F48034F9D1022385F89E
:10C4F0009130EB68012B00F01081022B15BF032057
:10C5000023200227222715BF4FF0010C4FF0210CEA
:10C5100000222022AB68013B042B00F24B81DFE8B4
:10C5200013F0CF001000D6000F00D200D5F89430E1
:10C53000012043F04003C5F89430F8BD7F4EBEE7BC
:10C540003A464FF400672B6A3260002B44D0764B9A
:10C55000994200F01E817A48081AB0FA80F040092A
:10C56000002840F01681774B994200F00C8120336F
:10C57000994200F00881744B994200F0FE8020330C
:10C58000994200F0FA80714B994200F00881704B9B
:10C59000994200F00A81AB6900EB8000B3F5002FEF
:10C5A0004FEA400300F0E280AA6A296AB2F1806F84
:10C5B0000CBF0222012201FB02F21202B3FBF2F3D2
:10C5C000644AA2FB0312D20802EB8201A3EB4103EF
:10C5D000092B08BF01326A626B6833F002032B6DCE
:10C5E00040F09680012B14BF4FF400740024F5F73F
:10C5F00087FB696CB0F5005FD5E9003242EA0102C1
:10C60000A96C42EA0102E96C42EA0102E96A42EAE3
:10C610000102696942EA010272D3A96918680A43F2
:10C62000A96A0A434C490140196029690A431968FB
:10C630000A43696A42EA015248493A4322431A606E
:10C640005A68286B1140EA690243686B59600243DB
:10C6500059680A4342495A609A6811406A6E996063
:10C66000E96D98680A43296E0A43696D01390A43E6
:10C67000A96D013942EA012202434FF220009A607B
:10C68000D968AA6E0140D960E96ED8680A43696F1B
:10C6900042EA0142296F013942EA0122224902435A
:10C6A0008B42DA6019D0294A934216D00023012226
:10C6B000C5F89430184685F8903085F89120F8BD7B
:10C6C0004FF480673FE702464FF400673BE762465E
:10C6D0004FF4006737E7234EF1E6736C23F0010354
:10C6E000736495F83830012BE0D1D5E90F23013A76
:10C6F00043EA02137364736C43F001037364D5E778
:10C70000A96918680A43184901401960A96A8DE7A8
:10C71000012B08BF4FF4007469E7132012274FF074
:10C72000110C1022F6E600BF0458014000540058D6
:10C7300000580140440200241BECCB95005C0140F2
:10C7400024580140045C0140046001400454005836
:10C7500024540058CDCCCCCC10C005F0F01FFFFF06
:10C760000080F8FF0060014010C005F82A6A696D7A
:10C7700001FB02F2B3FBF2F322E74FF40070F8F78B
:10C7800047FE2968FFE64FF40070F8F741FE29687C
:10C79000F1E64FF48070F8F73BFE2968E3E64FF4CA
:10C7A0008060F8F735FE2968F1E64FF40060F8F78D
:10C7B0002FFEF0E60027C6E6022938B5044635D933
:10C7C000C81E012830D8002023676064E064E0655B
:10C7D000A0664FF6FF706067606830F002000CBF23
:10C7E0000125002504294FF4003125650CBF0120E7
:10C7F0000D2021664FF48021A0656166032A13D8BD
:10C80000DFE802F0474E54362368484A934205D089
:10C8100002F1C052A2F58232934205D16368012B26
:10C8200002D1636C002B2FD0012038BD002023677C
:10C830006064E064A066606830F0020014BF01200C
:10C84000002020654FF48030E0654FF6FF70606790
:10C8500013F00100E8D14D1E012D29D860664FF478
:10C8600000302066032ADFD8DFE802F05546362C78
:10C87000E0215B018022A1646365E266F5F740FA7E
:10C8800094F83830012BBFD02046BDE83840FFF780
:10C89000EFBD80211B014022A1646365E266EDE7E4
:10C8A00080225B01A2646365E266E7E7C021E0E7FE
:10C8B00020664FF480206066032AB5D8DFE802F0D6
:10C8C0002B1C0C025B08E02080219A01A0645B0114
:10C8D000E166C4E91523D1E75B08C022802502295F
:10C8E0004FEA8310A2644FEA4313E5666065A365CF
:10C8F000C4D10823A366C1E75B08802202294FEA5E
:10C900008310A2644FEA4313E266C4E91503B5D16C
:10C910001023A366B2E75B08802040215A01A0647F
:10C920001B01E166C4E91523A8E700BF04580140D4
:10C930002DE9F8430F4604461546F5F7C9F9002FCF
:10C9400061D0B5FA85F84FEA5818002D5BD094F8FD
:10C950009130012B5FFA83F950D194F89030012B7C
:10C960004CD04346C4F894800646D4F8800065F362
:10C970000F03226884F89090394665F31F43A76738
:10C980001C32E3672B46122584F891502E4DC0F8D7
:10C99000508005642D4DC5632D4DC564F6F718FB19
:10C9A00000283ED1636C082B636831D005216122D9
:10C9B000023B012B98BF1146226813690B43136198
:10C9C000136843F40033136006E0F5F781F9831B25
:10C9D000B3F57A7F2AD82268556915F4E025F4D09A
:10C9E0001368DB0303D4136843F48033136000231C
:10C9F000994684F890304846BDE8F8834FF0020924
:10CA00004846BDE8F8834FF001094846BDE8F88381
:10CA100023F00202012A0BBF152105217122612298
:10CA2000C6E7484684F89080BDE8F883D4F894308F
:10CA30004FF0030984F8905043F040034846C4F88F
:10CA40009430BDE8F88300BF91CB000829CB0008E3
:10CA500011CC0008F8B500294ED0B2FA82F5134681
:10CA60006D09002A48D090F891200446012AD6B2D8
:10CA70003FD190F89020012A3BD081670A46294691
:10CA8000222780F8906063F30F01C0F8945063F39D
:10CA90001F41C167D0F8840084F891701E4F21684F
:10CAA00007641E4F1C310565C7631D4FC764F6F749
:10CAB0008FFA20BB23681A68D20303D41A6842F4A1
:10CAC00080321A60626C082A62681CD005216120DD
:10CAD000023A012A98BF01461A6900200A43064615
:10CAE0001A611A6842F400321A6084F890003046E5
:10CAF000F8BD02263046F8BD01263046F8BD304666
:10CB000084F89050F8BD22F0020101290BBF1521D5
:10CB1000052171206120DBE701CC00089DCB0008D6
:10CB200011CC0008704700BF08B5C369806BB3F52E
:10CB3000807F1BD003684FF0000C416C1A680829F5
:10CB4000A0F87EC022F400321A60426811D06FF063
:10CB5000610C6FF00501023A012A98BF61461A691B
:10CB60004FF0010C0A401A6180F891C0FFF7DAFF1C
:10CB700008BD22F0020101290BBF6FF0710C6FF0AC
:10CB8000610C6FF015016FF00501E4E7704700BF1D
:10CB9000806B08B5FFF7FAFF08BD00BF08B5C36991
:10CBA000806BB3F5807F1BD003684FF0000C416CA5
:10CBB0001A68082922F400321A604268A0F87EC080
:10CBC00011D06FF0610C6FF00501023A012A98BF95
:10CBD00061461A694FF0010C0A401A6180F891C051
:10CBE000FBF7C6FB08BD22F0020101290BBF6FF065
:10CBF000710C6FF0610C6FF015016FF00501E4E747
:10CC0000806B08B5FBF778FB08BD00BF704700BF1D
:10CC100010B5846BF6F7E6FE022823D0D4F89420F2
:10CC2000216842F08002134B1348C4F894201B681B
:10CC30000A68A0FB030322F400321B0B0A600A6897
:10CC40009B0022F480320A606BB10A68013BD20378
:10CC5000FAD401220023204684F89120A4F87E30E3
:10CC6000FFF7D4FF10BDD4F8943043F04003C4F86C
:10CC70009430EEE7440200241BECCB9518B338B592
:10CC800090F82C3004460D4603F0FF02B3B1214664
:10CC9000022384F82C3051F8040B01F0E7FE62689F
:10CCA0002946206801F020FF084A0121002013686E
:10CCB00043F00043136084F82C1038BD80F82D2019
:10CCC000F8F7B4FFE3E70120704700BF00400052CF
:10CCD00070B590F82C300446022BD8B204D000F086
:10CCE000FB06012E01D0012070BD02230D462068F5
:10CCF00084F82C3001F044FF2B68022B03D0002075
:10CD000084F82C6070BD0523002084F82C3070BDA1
:10CD100038B590F82C300446022BD8B205D094F8E0
:10CD20002C30012BDDB201D0012038BD0223206858
:10CD300084F82C3001F038FF002084F82C5038BDE6
:10CD40002DE9F8431E46D0F88030202B71D189465A
:10CD5000002947D0B2FA82F714467F09002A41D051
:10CD600090F87C300546012B63D00123C0F8887011
:10CD700080F87C302123C0F88030F4F7A9FFAB683D
:10CD80008046A5F85440B3F5805FA5F8564060D0C2
:10CD9000B5F856309BB2002B59D02C68721C24D1A8
:10CDA000E2691306FCD5B9F1000F3DD019F8013B3B
:10CDB000A362B5F85630013B9BB2A5F85630B5F8E2
:10CDC00056309BB2002BE9D1711C35D1E3695A066C
:10CDD000FCD5002320221846C5F8802085F87C3039
:10CDE000BDE8F8830120BDE8F883E3691806DAD4CA
:10CDF000F4F76EFFA0EB0800864201D3002ECCD1E1
:10CE00002B682021002403201A6822F4D0721A60B3
:10CE10009A6822F001029A60C5F8801085F87C407B
:10CE2000C5F88410BDE8F88337F8023BC3F3080364
:10CE3000BEE70220BDE8F883E3695B06C9D4F4F7D6
:10CE400047FFA0EB08008642DAD3002ED8D02C682A
:10CE5000BAE72B69002B9BD14F46994698E700BF54
:10CE6000F8B5D0F88070202F44D1002940D0B2FA14
:10CE700082F67609002A3BD0044690F87C0001280F
:10CE800038D001252123606FA4F856202165C4F80D
:10CE90008860A4F8542084F87C50C4F88030D8B15D
:10CEA000DFF854C013462268C0F83CC0DFF84CC01D
:10CEB00028320665C0F840C0DFF844C0C0F84CC056
:10CEC000F6F786F840B11023284684F87C60C4F851
:10CED0008830C4F88070F8BD2368002240211046D5
:10CEE000196284F87C209A6842F080029A60F8BD4A
:10CEF0000120F8BD0220F8BDB1CF0008E1CF000845
:10CF000031D00008F8B5D0F88470202F48D100291E
:10CF100044D0B2FA82F67609002A3FD090F87C30ED
:10CF20000446012B3CD001252223C0F8886081658E
:10CF3000A0F85C2080F87C50C0F88430806FE0B1AD
:10CF4000DFF860C013460A462168C0F83CC0DFF82D
:10CF500058C024310665C0F840C0DFF850C0C0F8A2
:10CF60004CC0F6F735F840B11023284684F87C60B1
:10CF7000C4F88830C4F88070F8BD2368002084F8B5
:10CF80007C001A6842F480721A609A6842F00102CA
:10CF90009A609A6842F040029A60F8BD0120F8BD9C
:10CFA0000220F8BDEDCF000825D0000831D00008E0
:10CFB00008B5C369806BB3F5807F0CD0036800228D
:10CFC000A0F856209A6822F080029A601A6842F00F
:10CFD00040021A6008BDFCF7EDF808BD704700BFBD
:10CFE000806B08B5FFF7FAFF08BD00BF08B5C3693D
:10CFF000806BB3F5807F12D0036800222021A0F857
:10D000005E201A6822F480721A609A6822F0010287
:10D010009A609A6822F040029A60C0F88410FCF787
:10D02000CDF808BD806B08B5FCF712F908BD00BF4C
:10D03000806B38B50368D0F88040D0F884109A68C7
:10D04000150601D5212C1DD09A68520601D522293A
:10D0500008D0D0F8883043F01003C0F88830FCF7CF
:10D060003FF938BD00240F4A2025A0F85E4019681A
:10D0700021F49071196099680A409A60C0F8845050
:10D08000C466E6E700222024A0F856201A6822F0A1
:10D09000C0021A609A6822F400029A60C0F88040C8
:10D0A000D2E700BFFEFFFFEF0268D36970B51E072D
:10D0B00015680446916800F084806C4805F4907C03
:10D0C00008405CEA00061DD1D80202D54E0200F1EC
:10D0D0009D80180606D501F4000105F0800001438B
:10D0E00040F08C805E0602D5680600F19B80190234
:10D0F00002D56A0000F1A380DB0102D5002DC0F249
:10D10000AA8070BDDE0709D5EE0507D50126166297
:10D11000D4F8886046F00106C4F888609E0760D5A0
:10D12000CE0709D502261662D4F8886046F00406B8
:10D13000C4F888605E0758D41E070CD505F0200C93
:10D140005CEA000007D008201062D4F8880040F0A4
:10D150000800C4F88800D4F888000028D1D09E06C2
:10D1600006D505F0200501F0805155EA01036BD189
:10D17000D4F88850936805F0080503F040031D4378
:10D180006ED0116820203A4B21F4907111609168A3
:10D190000B4000219360C4F884009368E1665D064B
:10D1A0003CD59368A06F23F040039360002835D0EE
:10D1B000304B0365F6F72CF80028A2D0A06F036D62
:10D1C0000CE09E0680D505F0200C01F0805E5CEA44
:10D1D0000E063FF479AFC36E002B92D0BDE87040CD
:10D1E00018475E07A8D5CE07A6D504261662D4F840
:10D1F000886046F00206C4F888609DE7236F002B24
:10D200003FF47FAF2046BDE8704018474FF48013CD
:10D2100020461362BDE8704001F068BB2046FCF771
:10D220005FF870BD13682020002123F040031360D5
:10D23000C4F8800020462167FBF7BCFF70BD204684
:10D24000BDE8704001F056BBE36E002B90D0204645
:10D25000984722688CE72046BDE8704001F048BB43
:10D260002046FCF73DF8C4F8885070BD010000105E
:10D27000FEFFFFEF79D2000808B5806B0023A0F80D
:10D280005E30A0F85630FCF72BF808BDD0F88020AF
:10D29000D0F8840010437047F0B58268044687B028
:10D2A0002368D0E904101D680A43616E0243E069F7
:10D2B00002430A43A8492940A84D0A43E168AB420A
:10D2C0001A605A6822F4405242EA0102A1695A6087
:10D2D00000F09D80226A9D681143A14A666A2A4037
:10D2E00011439960DA6A22F00F023243DA629D4AF2
:10D2F000934224D09C4A934255D09C4A934200F0DA
:10D300002F829B4A934200F09B829A4A934200F0FC
:10D31000E980994A934200F09D82984A934200F036
:10D32000D885974A934200F0D682012500234FF01A
:10D33000011228462367C4E91A2307B0F0BD914BB8
:10D340005B6D03F03803282BEFD88F4AD55CB0F51E
:10D35000004F33D0202D00F2D981202D00F2B6806D
:10D36000DFE815F0A8017B01B400B4007201B4003D
:10D37000B400B4004901B400B400B400B400B40077
:10D38000B400B4001C01B400B400B400B400B40094
:10D39000B400B400B400B400B400B400B400B400ED
:10D3A000B400B400CA00774B5B6D03F00703052B94
:10D3B000BBD8764AB0F5004FD55CCBD1202D00F21A
:10D3C0001482202D00F20082DFE815F08A03580451
:10D3D000FE01FE012804FE01FE01FE018604FE019D
:10D3E000FE01FE01FE01FE01FE01FE01F203FE014F
:10D3F000FE01FE01FE01FE01FE01FE01FE01FE0135
:10D40000FE01FE01FE01FE01FE01FE01B703986868
:10D41000534A02405B480A439A60DA6A616A22F022
:10D420000F020A43DA62836D03F00703052B3FF610
:10D430007CAF574AD65C202E00F29C81012E7FF6ED
:10D4400074AFB31E1E2B3FF670AF01A252F823F04B
:10D4500007DA00082BD30008B1D900082BD3000845
:10D460002BD300082BD300087BDA00082BD300084D
:10D470002BD300082BD300082BD300082BD3000894
:10D480002BD300082BD300081BDA00082BD300088D
:10D490002BD300082BD300082BD300082BD3000874
:10D4A0002BD300082BD300082BD300082BD3000864
:10D4B0002BD300082BD300082BD300082BD3000854
:10D4C0002BD300082BD3000891DA00080125002394
:10D4D000A3F110014FF6EF7291423FF626AF22689A
:10D4E000D36023E7274B5B6D03F00703052B3FF663
:10D4F0001CAF284AD55C2AE7002E00F0B581012E2A
:10D5000000F09E85022E00F0B185032E00F0D88534
:10D51000042E00F0F485052E00F08486062E00F01F
:10D52000BE86072E00F0FD86082E00F05087092EDB
:10D5300000F07B870A2E00F0DC8743F60953164A79
:10D540000B2E18BF13466268002503EB5203B3FB92
:10D55000F2F39BB2BCE700BFF369FFCF000C0058A9
:10D56000FFF4FF110010014000440040004800405B
:10D57000004C004000500040001401400078004082
:10D58000007C0040004402587C2E0108A82E0108AF
:10D59000B02E0108A82E010800093D00B34B1A68FF
:10D5A000920640F16F811A68B14BC2F3C102D340B9
:10D5B000002EC8D0012E00F0EF81022E00F0C584AD
:10D5C000032E00F0BF84042E00F02B85052E00F002
:10D5D0009D86062E00F0DC86072E00F01C86082EA5
:10D5E00000F04E86092E00F08E860A2E00F0E386AB
:10D5F0000B2EA8D126E003A8F7F78EFD626A049BE4
:10D60000002AA0D0012A00F0C781022A00F09D84E0
:10D61000032A00F09784042A00F00385052A00F00D
:10D62000FD84062A00F07E85072A00F0F485082A8A
:10D6300000F02686092A00F066860A2A00F0BB86DA
:10D640000B2A80D11B0A7EE76846F7F7A7FC626ABF
:10D65000019B002A3FF477AFD4E7F6F73FFE636AF9
:10D6600003B3012B00F0F384022B00F0CE84032BD4
:10D6700000F0C884042B00F01785052B00F01185FD
:10D68000062B00F00686072B00F04886082B00F0DA
:10D690009B86092B00F0E1860A2B00F03B870B2BC1
:10D6A00008BF000A6268002500EB5203B3FBF2F3E7
:10D6B0009BB20DE7F6F7F6FD636A03B3012B00F0AA
:10D6C000C984022B00F0A784032B00F0A184042B53
:10D6D00000F0E484052B00F0DE84062B00F0E685E4
:10D6E000072B00F03686082B00F08786092B00F008
:10D6F000B1860A2B00F0FA860B2B08BF000A62687D
:10D7000000EB5203B3FBF2F39BB2E1E6402D7FF452
:10D710000CAE002E00F0DC80012E00F09484022E6E
:10D7200000F0A784032E00F0C784042E00F0EC84E0
:10D73000052E00F07A85062E00F0B485072E00F045
:10D74000FE85082E00F04986092E00F08B860A2EF1
:10D7500000F029870B2E0CBF80234FF40043F2E624
:10D76000424B5B6D03F00703052B3FF6DEAD414AEC
:10D77000D55CECE5402E7FF4D8AD002900F0B580F3
:10D78000012900F06E84022900F08284032900F050
:10D79000AF84042900F03B85052900F0698506293E
:10D7A00000F0AD85072900F0EF85082900F03686E6
:10D7B000092900F05B860A2900F0F9860B290CBFC5
:10D7C00080254FF4004592E001250023A3F11001CC
:10D7D0004FF6EF7291423FF6A8AD23F00F02C3F36C
:10D7E000420313432268D360A0E5402D7FF49DAD32
:10D7F000002E00F0D380012E00F0D280022E00F027
:10D800006D84032E00F0F484042E00F02585052E8F
:10D8100000F06885062E00F0C285072E00F0108605
:10D82000082E00F04886092E00F059860A2E00F0D6
:10D83000EC860B2E0CBF4FF480704FF48030AFE0BD
:10D840000A4B5B6D03F00703052B3FF66EAD0A4AEA
:10D85000D55C7CE5054B5B6D03F03803282B3FF668
:10D8600064AD064AD55C72E5054B6CE6004402588F
:10D870000090D003A82E0108A82E01087C2E0108D4
:10D8800000093D00002E00F0BA83012E00F0FD8358
:10D89000022E00F02A84032E00F0B684042E00F03D
:10D8A000E484052E00F02885062E00F08785072EDB
:10D8B000DAD0082E00F0C483092E00F0D7830A2E98
:10D8C00000F01D84B44BB54A0B2E18BF13463AE640
:10D8D0004FF4004337E6B24B5B6D03F00703052BB3
:10D8E0003FF623ADAF4AD55C31E54FF4004567689C
:10D8F00007EB4703AB423FF618ADB5EB073F3FF6EA
:10D9000014AD202E00F2F082012E7FF60EAD023E05
:10D910001E2E3FF60AAD01A353F826F059DE00088B
:10D920002BD300082FDE00082BD300082BD30008D0
:10D930002BD30008CDDD00082BD300082BD3000823
:10D940002BD300082BD300082BD300082BD30008BF
:10D950002BD3000861DD00082BD300082BD300086F
:10D960002BD300082BD300082BD300082BD300089F
:10D970002BD300082BD300082BD300082BD300088F
:10D980002BD300082BD300082BD300082BD300087F
:10D990002BD30008E9DC00085B08D4E54FF48030A5
:10D9A0006268002500EB5203B3FBF2F39BB20DE774
:10D9B0006846F7F7F3FA636A019D03B3012B00F0A1
:10D9C000CF82022B00F0C782032B00F0C182042B10
:10D9D00000F02F83052B00F02983062B00F098839D
:10D9E000072B00F02684082B00F04D84092B00F053
:10D9F0009B840A2B00F0FB840B2B00F06582002D2A
:10DA00003FF494AC73E7F7F7B7FA636A0546002B67
:10DA1000D4D1002D3FF48AAC69E7614B1A689506B2
:10DA200040F1A5821B685D4DC3F3C103DD400029B1
:10DA30003FF45DAF012900F04D83022900F04683D9
:10DA4000032900F04083042900F04584052900F0F3
:10DA50008384062900F0D484072900F02085082952
:10DA600000F04F85092900F0F9850A2900F0FD85AD
:10DA70000B297FF43CAF2D0A39E703A8F7F74CFBDD
:10DA8000636A049D002B99D1002D3FF44FAC2EE723
:10DA9000002900F06A82012900F0DF82022900F0EB
:10DAA000F282032900F02883042900F0AA830529C3
:10DAB00000F0D883062900F02E84072900F0618445
:10DAC000082900F0AF84092900F0EF840A2900F04A
:10DAD000148543F60955344B0B2918BF1D4606E73C
:10DAE000F6F7E0FB636A03B3012B00F0CA82022B56
:10DAF00000F0F782032B00F07F83042B00F0B0834B
:10DB0000052B00F0EB83062B00F05084072B00F070
:10DB10009E84082B00F0B984092B00F0E4840A2BC2
:10DB200000F070850B2B08BF000A61684A0802EB01
:10DB30004003B3FBF1F39BB248E6002E00F03A82BB
:10DB4000012E00F09A82022E00F0C682032E00F011
:10DB50004D83042E00F07E83052E00F0BA83062E3E
:10DB600000F02184072E00F06F84082E00F08284DC
:10DB7000092E00F0CC840A2E00F06C8547F61223A3
:10DB80000A4A0B2E18BF13466268002503EB5203A6
:10DB9000B3FBF2F39BB219E690D003000090D003E0
:10DBA00000440258A82E010800093D0000127A0026
:10DBB000A44B1A68910640F1FF811A68A24BC2F388
:10DBC000C10223FA02F206B3012E00F0B182022E46
:10DBD00000F03783032E00F06F83042E00F0C6831D
:10DBE000052E00F00084062E00F06F84072E00F052
:10DBF0007184082E00F00385092E00F03C850A2E62
:10DC000000F036850B2E08BF120A616800254B080C
:10DC100003EB4203B3FBF1F39BB2D7E56846F7F79A
:10DC2000BDF9626A019902B3012A00F00782022A53
:10DC300000F01A82032A00F03A82042A00F062827D
:10DC4000052A00F0EB82062A00F01683072A00F06E
:10DC50007483082A00F0A183092A00F001840A2AAB
:10DC600000F05B840B2A08BF090A6268002553088C
:10DC700003EB4103B3FBF2F39BB2A7E5F6F72EFBF0
:10DC8000636A03B3012B00F0FA81022B00F02B82B0
:10DC9000032B00F08382042B00F0DA82052B00F0C6
:10DCA0002583062B00F06983072B00F0C283082B25
:10DCB00000F0EE83092B00F07E840A2B00F08D84A7
:10DCC0000B2B08BF000A616800254A0802EB4003DD
:10DCD000B3FBF1F39BB279E503A8F7F71DFA626A8B
:10DCE0000499002AC1D09FE7616A002900F054829C
:10DCF000012900F01F83022900F08B83032900F023
:10DD0000BF83042900F00084052900F0AA840629B5
:10DD100000F08E84072900F08784082900F0E5844C
:10DD2000092900F0DE840A2900F0A8844748484BFE
:10DD30000B2918BF184600217B083A4618184FF0E7
:10DD4000000341F10001F2F723FBA0F54073414AC3
:10DD500093423FF6EAAA23680025D860FFF7E6BAA7
:10DD6000384A116811F0200100F0E78113680021A2
:10DD70003548C3F3C103D840636A0BB3012B00F0ED
:10DD80004B83022B00F07F83032B00F00584042BD0
:10DD900000F05D84052B00F02C84062B00F0A98494
:10DDA000072B00F0B484082B00F0AD84092B00F0A1
:10DDB00094840A2B00F08D840B2B01D1000A0021E2
:10DDC0000902030241EA10617808B6E703A8F7F7F1
:10DDD000A3F90498636A002102460BB3012B00F0FB
:10DDE0003582022B00F08682032B00F0C182042BC7
:10DDF00000F02183052B00F04D83062B00F090836B
:10DE0000072B00F02184082B00F00B84092B00F075
:10DE100004840A2B00F052840B2B01D1100A00213C
:10DE200062680902030241EA1061500886E7684609
:10DE3000F7F7B4F80198636A00210246002BEFD08F
:10DE4000CCE700BF004402580090D00300093D0019
:10DE50000000093DFFFC0F00F7F78EF8626A002111
:10DE600003460AB3012A00F06E82022A00F0B9824A
:10DE7000032A00F02483042A00F09383052A00F08B
:10DE8000A683062A00F0DA83072A00F0D583082A41
:10DE900000F01C84092A00F015840A2A00F02F845F
:10DEA0000B2A01D1030A002162680902180241EA23
:10DEB00013615308C0184FF0000341F10001F2F75D
:10DEC00067FAA0F5407342E72D0A002D3FF42EAA11
:10DED0000DE5B54B5B6D03F00703052B3FF625AA57
:10DEE000B24AD55CFFF733BA402E7FF41EAA616AAE
:10DEF000002900F04E81012900F02782022900F05C
:10DF00008482032900F0CE82042900F0578305297A
:10DF100000F05983062900F06883072900F0608328
:10DF2000082900F0B783092900F0AF830A2900F01F
:10DF3000C0830B294FF000010CBF4FF400404FF499
:10DF40000000F9E69A4AA2FB03239B08FFF7FBBAFD
:10DF5000974BA3FB0535AD08002D3FF4E7A9C6E4B8
:10DF60006D08002D3FF4E2A9C1E4924DBFE4002901
:10DF70005AD0012900F0AC80022900F0DB8003298F
:10DF800000F06181042900F0A181052900F0EB81F6
:10DF9000062900F016820729E7D008295DD0092953
:10DFA00071D00A2900F02D81834D844B0B2918BFB5
:10DFB0001D469CE4824BE7E5002E50D0012E00F078
:10DFC000AF80022E00F03B81032E00F07A81042EF8
:10DFD00000F0C781052E00F0FD81062E00F04D8275
:10DFE000072EE7D0082E48D0092E75D00A2E00F053
:10DFF0003181744B744A0B2E18BF1346C4E56F4B26
:10E00000FFF7A1BA6A4BA3FB00308008FFF74ABBB9
:10E01000674BA3FB00308008FFF771BB6B4AA2FB84
:10E020000323DB08FFF78FBA644D60E4674BA3FB63
:10E030000535ED08002D3FF479A958E4490814E6A8
:10E04000634BFFF780BA4FF48043FFF77CBA400878
:10E05000FFF728BB4008FFF752BB5D4D47E45A4B22
:10E0600092E54FF4804542E48908FEE5594BFFF7FD
:10E070006ABA4FF40053FFF766BA4E4B84E5400886
:10E0800021E6400851E5534D31E4534BFFF75BBAAD
:10E090004FF400552BE44D4BA3FB0030C008FFF7B5
:10E0A0002EBB4A4BA3FB0030C008FFF7FBBA404B26
:10E0B000A3FB01239908D8E541F25553FFF743BA72
:10E0C000464BFFF740BA3A4BA3FB0535AD080EE4CB
:10E0D000414D0CE46D080AE43D4B55E54FF480409A
:10E0E0005EE4800821E58008EDE53D4BFFF72BBAA3
:10E0F00041F25555FFF7FBBB384DFFF7F8BB314BED
:10E10000FFF721BAC908B0E54FF48053FFF71BBAF7
:10E110000C23B5FBF3F5002D3FF408A9FFF7E7BB8F
:10E12000264B31E5224AA2FB0323DB08FFF70BBA9B
:10E1300052086AE52A4DFFF7DABB626A002A00F04E
:10E14000C280012A00F07981022A00F0B281032AFC
:10E1500000F0C381042A00F05E82052A00F0598293
:10E16000062A00F09E82072A00F09982082A00F011
:10E170009D82092A00F097820A2A00F083820B2AE6
:10E18000184A0E4B0EBF00210321134678083A4669
:10E1900090E64FF40000CFE51348CDE5044BA3FB18
:10E1A000002398088FE500BF00440258A82E0108FC
:10E1B000ABAAAAAA00093D0090D003000090D003AA
:10E1C00000127A0020A107000020A107CDCCCCCC02
:10E1D00080841E0040420F000048E8012A2C0A00FB
:10E1E0000024F400000090D00000093DCF4BCBE4A8
:10E1F00042F6AA20FFF7D4BBCD4BA3FB002398081F
:10E2000093E4CC4DFFF773BBCB4BFFF79CB94FF4B6
:10E210008055FFF76CBB1B09FFF795B90A23B1FBCB
:10E22000F3F122E5C54BFFF78EB940F6CC43FFF77B
:10E230008AB92D09002D3FF479A8FFF758BBC04BD0
:10E24000A2E49208E1E4BC4DFFF751BB4008E7E5CA
:10E25000C00838E5BB4B97E44FF40050FFF7A0BB74
:10E26000C00862E4B54DFFF742BBB74BFFF76BB98F
:10E2700040F6CC45FFF73BBB0C23B1FBF3F1F4E4D4
:10E280005B09FFF760B96D09002D3FF44FA8FFF758
:10E290002EBBA74BA3FB0030C008FFF703BAAB4B64
:10E2A000FFF751B940F6AA23FFF74DB9A04BA3FBE6
:10E2B0000030C008FFF723BA9D4BA3FB02239A0846
:10E2C000A3E4A34B60E4A34B03215FE79E4DFFF75C
:10E2D0000EBBA14B58E4ED08FFF709BB0A23B0FBC6
:10E2E000F3F022E441F69810FFF75ABB0A23B0FB83
:10E2F000F3F0E8E4800893E5984BFFF724B940F683
:10E30000AA25FFF7F4BA9B09FFF71DB90A22B3FB50
:10E31000F2F3FFF718B98D4DFFF7E9BA0009FFF7DF
:10E32000C1B98F4BFFF70FB9AD09002D3EF4FEAF19
:10E33000FFF7DDBA8B480021FEE4090995E44FF4AC
:10E340000063FFF700B94308AEE54FF480000021F9
:10E35000F2E40009FFF7D3B90A23B5FBF3F5FFF7A1
:10E36000C6BA814B10E47D4DFFF7C1BAD2084CE428
:10E3700006220023F2F70CF852E50C23B0FBF3F071
:10E38000A1E4774DFFF7B3BA4FF40065FFF7AFBADA
:10E390000C22B3FBF2F3FFF7D6B8490965E441F26A
:10E3A0005450FFF7FDBA714BFFF7EEBB0C23B0FBE7
:10E3B000F3F0FFF7BABBDB09FFF7C5B86C4BFFF70B
:10E3C000C2B86B4DFFF793BA4009FFF76BB9694BC1
:10E3D000FFF7B9B8684BFFF7D7BB4FF48063FFF77F
:10E3E000B2B8830860E50A23B2FBF3F20DE4ED094D
:10E3F000002D3EF49BAFFFF77ABA4009FFF77FB9D3
:10E400000C23B5FBF3F5FFF772BA4FF400100021AF
:10E4100092E45A4800218FE44008D1E44FF480652B
:10E42000FFF765BA534DFFF762BA4FF22443FFF787
:10E430008AB8000947E4C008F2E4514B1146A5E64A
:10E440004FF48050FFF7ACBA3A4BFFF79DBB000981
:10E45000FFF76BBB8009FFF752B98009FFF722B9BC
:10E46000890902E44FF40073FFF76DB84FF40075AB
:10E47000FFF73DBA3A4BFFF787BB2F4BFFF784BB43
:10E480004048002158E480089AE44009FFF74DBB5A
:10E49000400918E40A220023F1F77AFFC0E42D09AD
:10E4A000FFF725BA3848002146E44FF22445FFF72C
:10E4B0001EBA364B6AE64FF40060FFF771BA0023CC
:10E4C0000622F1F765FF0346EEE40C23B2FBF3F2FC
:10E4D000FFF79BBB1209FFF798BB2D4B56E64FF495
:10E4E0008060FFF75DBA8009FFF71FBBC009FFF727
:10E4F00006B947F61223FFF726B847F61225FFF7AD
:10E50000F6B96D09FFF7F3B92248002114E4194B5D
:10E51000FFF73ABBC009FFF7C5B8C909FFF7A5BBAC
:10E520000C220023F1F734FF7AE400BF54581400A2
:10E53000ABAAAAAA20A10700AAC2A200801A0600BC
:10E540000048E80140420F0000127A00151605004D
:10E5500054854501000090D000350C0000A86100F2
:10E5600090D003000080841E0024F4002A2C0A00AE
:10E570005561510048E801000050C3000040420FBF
:10E58000000048E8002A2C0A00551500000024F479
:10E5900000AAC2A20020A10706220023F1F7F8FE7C
:10E5A0000EE4C30880E44FF48073FEF7CCBF4FF451
:10E5B0008075FFF79CB98009FFF785BB4FF4801089
:10E5C0000021FFF7B9BB53480021FFF7B5BB00237B
:10E5D0000A22F1F7DDFE034666E4C009FFF773BBCC
:10E5E0004FF400200021FFF7A7BB4B480021FFF7A5
:10E5F000A3BB0A220023F1F7CBFEFFF7E1BB5209D0
:10E60000FFF703BBC009FFF790BA4FF40070FFF7A4
:10E61000C7B9424BBAE5424BB8E590090021FFF774
:10E62000FFBB4009FFF7FCBB3E480021FFF784BB5E
:10E630003D480021FFF780BB030935E400230C228D
:10E64000F1F7A6FE03462FE40009FFF7E9BBC00877
:10E65000FFF7B6BB4FF22443FFF796BAAD09FFF7B9
:10E6600046B932480021FFF767BBED09FFF73FB914
:10E67000D209FFF7CABA9209FFF7C7BA2C4800219E
:10E68000FFF75ABB2B4B002180E54FF400300021EF
:10E69000FFF752BB4FF480200021FFF74DBB264B04
:10E6A00074E5264B72E5264B00216FE5254B0021D2
:10E6B0006CE54FF480300021FFF73EBBD00900210C
:10E6C000FFF7AEBB83090021FFF7EEBB4309FFF75D
:10E6D000EBBBC0090021FFF773BB80090021FFF7E6
:10E6E0006FBB19480021FFF727BB18480021FFF72F
:10E6F00023BB0C220023F1F74BFEFFF761BBC309DC
:10E700000021FFF7D1BB40090021FFF759BB0009E9
:10E71000FFF756BB00CC0C0000AA0A000000A8615D
:10E720000000127A0090D0030015160500801A062A
:10E7300000127A000020A1070000093D0055615138
:10E740000040420F0080841E0024F4000048E801CD
:10E75000836ADA0710B406D50168C46A4A6822F4ED
:10E76000003222434A609C0706D50168046B4A6860
:10E7700022F4803222434A60590706D50168446B6F
:10E780004A6822F4802222434A601A0706D50168AB
:10E79000846B4A6822F4004222434A60DC0606D5B4
:10E7A0000168C46B8A6822F4805222438A60990609
:10E7B00006D50168046C8A6822F4005222438A60FC
:10E7C0005A060AD50168446C4A68B4F5801F22F4E1
:10E7D000801242EA04024A600BD01B0606D502688A
:10E7E000C16C536823F400230B4353605DF8044B62
:10E7F00070474A68846C22F4C00222434A60ECE706
:10E80000002370B50446C0F88830F3F761FA054676
:10E8100023681A6811070CD41A68520725D42022DD
:10E820000023C4F880201846C4F8842084F87C3083
:10E8300070BDDE6916F40016EED1F3F749FA431BFA
:10E84000B3F1007F2368F4D31A682021032022F457
:10E85000D0721A609A6822F001029A60C4F880109F
:10E8600084F87C60C4F8841070BDDE6916F48006FC
:10E87000D5D1F3F72DFA431BB3F1007F2368F4D30E
:10E88000E2E700BF80B3D0F8803010B5044633B360
:10E89000226824232046C4F88030136823F0010343
:10E8A0001360FEF7F9FC012817D0A36A8BB923681F
:10E8B00020465A6822F490425A609A6822F02A024E
:10E8C0009A601A6842F00102BDE810401A60FFF732
:10E8D00097BF2046FFF73CFFE9E7012010BD80F815
:10E8E0007C30FAF7BBF9D3E701207047704700BFCF
:10E8F000704700BF704700BF90F87C20012A17D0F6
:10E90000026803462420002130B4C3F8800020258B
:10E910001068146820F0005024F001041460596657
:10E9200010600846C3F8805083F87C1030BC7047F4
:10E930000220704790F87C20012A43D002680346E9
:10E94000242030B4C3F8800084B014681068EC460A
:10E9500004AD20F001001060906820F06040014399
:10E960001948916003C88CE80300184903C905E9F8
:10E970000300596E19B391689068C1F3426C05EBBE
:10E980005071AC4411F8100C11F8081CC0001CF8B0
:10E99000085CB0FBF1F01CF8101CC900B1FBF5F1EC
:10E9A000A3F868100021A3F86A0020250846146027
:10E9B000C3F8805083F87C1004B030BC704701214C
:10E9C0000846EDE702207047582C0108B82E0108D0
:10E9D00090F87C20012A43D002680346242030B4FA
:10E9E000C3F8800084B014681068EC4604AD20F0D1
:10E9F00001001060906820F0606001431948916048
:10EA000003C88CE80300184903C905E90300596EDF
:10EA100019B391689068C1F3426C05EB5071AC4436
:10EA200011F8100C11F8081CC0001CF8085CB0FBB1
:10EA3000F1F01CF8101CC900B1FBF5F1A3F8681047
:10EA40000021A3F86A00202508461460C3F880500E
:10EA500083F87C1004B030BC704701210846EDE714
:10EA600002207047582C0108B82E01080B6810B41A
:10EA7000D3B90468A3F500434A6823401343D1E99E
:10EA8000024223431343D1E9044223431343D1E910
:10EA9000064223431343D1E9084223435DF8044B64
:10EAA00013430360002070470268D1E9074322F452
:10EAB000F84222434C6A1A430A4B224302604268DE
:10EAC0001340D1E9014223431343D1E903422343D5
:10EAD0001343D1E9054223435DF8044B13434360DC
:10EAE000002070470080FFFF30B40ABB8368D1E983
:10EAF000002403F07043013C013A43EA041313433A
:10EB0000D1E90224013A013C43EA022343EA0432F8
:10EB1000D1E904348969013B013C013942EA0343EC
:10EB200043EA045343EA016330BC8360002070472A
:10EB30008268CC68114B013C13404A6943EA0433B4
:10EB4000541E43EA0454D1E900258460C3686C1E56
:10EB5000013A03F0704343EA04130C691A438B68CB
:10EB6000013C8969013B013942EA032343EA04433A
:10EB700043EA016330BCC36000207047FF0F0FFF02
:10EB80000246D1E9003010B403431469D1E9021000
:10EB900023435DF8044B013943EA4023002043EA54
:10EBA00041131361704700BF0246054B002010B4AB
:10EBB000546923405DF8044B43EA410151617047B9
:10EBC00001C0FFFF022A82B0844613D009230193BB
:10EBD000DCF80C30002023F47053CCF80C30019B8F
:10EBE000DCF80C209B0203F470531343CCF80C3078
:10EBF00002B07047224B234A0B44934207D9224B61
:10EC0000224A0B44934205D80E230193E0E70F23D9
:10EC10000193DDE71E4B1F4A0B44934207D91E4B5D
:10EC20001E4A0B44934205D20C230193D0E70D23D7
:10EC30000193CDE71A4B1B4A0B44934202D80B2396
:10EC40000193C5E7184B194A0B44934202D20A2399
:10EC50000193BDE7164B174A0B449342B6D3164BAC
:10EC6000164A0B44934202D208230193B0E7144B97
:10EC7000144A0B44934234BF072306230193A7E7AA
:10EC8000405327FFFF340C00401E1BFF3F420F0084
:10EC900000DC0BFF7F4F1200808CF9FE20D61300A2
:10ECA00060B6E5FE5FE3160000D3CEFE40771B00A2
:10ECB000C05BB3FEC091210000CA91FE20753800F0
:10ECC000E05459FEE09C4100890182B000230A4AC9
:10ECD00041F020010193016103E0036913F0200377
:10ECE00007D0019B013393420193F6D9032002B070
:10ECF0007047184602B07047400D0300D0F808383E
:10ED000082B003F006030193019838B101980228FC
:10ED100004D0019B062B0CBF02200F2002B07047CD
:10ED200030B44B780A78012B20D002F00F0C4FF44E
:10ED30008033D0F81C4800EB421203FA0CF3234353
:10ED4000C0F81C38D2F8003B1B040CD48B68D2F8F6
:10ED5000004BC3F30A03C8781449234343EA8043B2
:10ED60001943C2F8001B002030BC704700F5006456
:10ED700002F00F0500EB4210AB40E5692B43E36165
:10ED8000D0F800391C04EED48B68D0F80059C3F3D6
:10ED90000A03CC7805492B4343EA844343EA825271
:10EDA000114330BCC0F800190020704700800010EB
:10EDB0002DE9F0414B7891F800C0012B51D000EBC8
:10EDC0004C1C844CDCF8105B0CF530632C401C614F
:10EDD000814C1D692C401C614C6984B38D68012AEB
:10EDE0007E4E2C4404F1FF34B4FBF5F406EAC44E25
:10EDF000A4B205FB04F41D694EEA0505C4F3120430
:10EE00001D611D6944EA05041C6125D0CB78012BE6
:10EE10000CD1D0F8083813F4807FDCF8003B0CBF2D
:10EE200043F0005343F08053CCF8003BDCF8003B48
:10EE300043F00443CCF8003B0020BDE8F0818C682F
:10EE4000012A1D69C4F3120444EA05041C611C690B
:10EE500044F400241C61D9D1CA68002AD6D05A6172
:10EE6000D4E74D69002D3DD000EB4C14594ED1F83C
:10EE700008E0D4F81089584F08EA0606C4F810696B
:10EE800005EB0E06013EB6FBFEFED4F810693740D6
:10EE9000524EC4F8107906EACE46D4F810793E43B3
:10EEA000C4F81069C5F31206D4F810793E43C4F8CB
:10EEB000106904F5106691F803E0BEF1010F57D018
:10EEC000012A72D0D4F800290CF00F0C42F0044251
:10EED00003FA0CF3C4F80029D0F834281343C0F81F
:10EEE0003438A9E700EB4C133B4E3A4C012AD3F8D7
:10EEF000107906EA0706C3F81069D3F8106946F4DA
:10EF00000026C3F81069D3F8106904EA060403F573
:10EF10001066C3F8104991F803E03AD0D3F80049DD
:10EF2000BEF1010F44F00444C3F8004984D1D0F885
:10EF3000083813F4807F33680CBF43F0005343F06C
:10EF400080533360002A7FF477AFADB20335AD084C
:10EF50003FF472AFCB6800EB0C3C03EB85010CF582
:10EF6000805C53F8042B8B42CCF80020F9D163E786
:10EF70003369012A23F0C0433361336943F00053FE
:10EF8000336117D0D4F8003943F00443C4F8003992
:10EF9000CDE70B6963B9BEF1010F0ED033680020D5
:10EFA00043F004433360BDE8F0810B69002BF5D0DA
:10EFB0007361F0E70B69002BFAD1D0F8083813F42D
:10EFC000807F33680CBF43F0005343F080533360BD
:10EFD000E4E700BF0000F8FFFFFF07E00000F81FB4
:10EFE000F0B54C780B78012C26D000EB4310574C31
:10EFF000D0F8105B00F530632C401C61544C1D6947
:10F000002C401C614C69A4B98C681D69C4F31204BE
:10F01000012A45F400251D611D6944EA05041C61AF
:10F0200049D0D0F8003B43F00443C0F8003B002037
:10F03000F0BD8C684C61E8E74C69002C40D000EBD7
:10F040004315424FD1F808E0D5F810C9404E744539
:10F050000CEA070705F5106CC5F81079D5F810799A
:10F0600006EA0706C5F8106958D9DCF81040012AED
:10F07000C1F814E044F40024CCF81040CEF312049C
:10F08000DCF8106044EA0604CCF810403AD0D5F819
:10F09000002942F00442C5F80029BEF1000FC6D095
:10F0A00003F00F010123D0F834288B401343C0F83C
:10F0B00034380020F0BDCA68002AB2D05A61B0E7E7
:10F0C00000EB4310224B012AD0F8104900F5106CD8
:10F0D00003EA0403CCF81030DCF8103043F40023CA
:10F0E000CCF81030194BDCF8104003EA0403CCF8DC
:10F0F000103007D0D0F8003943F00443C0F800398D
:10F100000020F0BD0B690BB1CCF81430DCF80030F6
:10F11000002043F00443CCF80030F0BDDCF8106070
:10F12000C4F31204012A46F40026CCF81060DCF87F
:10F13000106044EA0604CCF81040E3D0D5F800296A
:10F1400042F00442C5F80029AAE700BF0000F8FF1A
:10F15000FFFF07E010B49DF8044064B903339B0837
:10F1600009D0013201EB830300EB023051F8042B8C
:10F170008B420260FAD100205DF8044B704700BF5B
:10F18000033292080AD000F5805C01EB8200DCF8C3
:10F19000003041F8043B8842F9D170470846704777
:10F1A0004A780B78012A00EB43100CD0D0F8002BE2
:10F1B0000BB1002A14DAD0F8003B43F40013C0F876
:10F1C000003B00207047D0F80029002A00DB73B90B
:10F1D000D0F8003943F40013C0F80039002070471C
:10F1E000D0F8003B23F08043C0F8003BE3E7D0F8C1
:10F1F000003923F08043C0F80039D0F8003943F4D7
:10F200000013C0F80039E9E74A780B78012A00EBCF
:10F21000431013D0D0F8003B23F40013C0F8003B98
:10F22000CB78023B012B01D900207047D0F8003B7E
:10F2300043F08053C0F8003B00207047D0F80039FD
:10F2400023F40013C0F80039CB78023B012BEBD834
:10F25000D0F8003943F08053C0F8003900207047DF
:10F26000034609010020D3F8002801F4FE6122F4CE
:10F27000FE62C3F80028D3F800281143C3F8001831
:10F28000704700BF82B0436901938269019B1340BC
:10F290000193019802B0704782B0D0F818380193FA
:10F2A000D0F81C28019B134001930198000C02B078
:10F2B000704700BF82B0D0F818380193D0F81C28EE
:10F2C000019B13400193019880B202B0704700BFC8
:10F2D00000EB411182B0D1F8083B0193D0F814281B
:10F2E000019B13400193019802B0704784B0D0F89D
:10F2F000103801F00F0C00EB41110293D0F83438B4
:10F300000393039B029A23FA0CF3DB01DBB2134352
:10F310000293D1F80839029A13400193019804B07E
:10F32000704700BF406900F001007047D0F8001935
:10F3300000F500630A4A0A40C0F800299A6802F002
:10F340000602042A05D1D0F8002942F00302C0F8D1
:10F3500000295A68002042F480725A60704700BF4A
:10F3600000F8FFFF144B10B4046C9C421AD800F54F
:10F370003060002301290361036943F40023036122
:10F38000036943F018030361036943F0C043036159
:10F3900004D14261036843F08023036000205DF8DC
:10F3A000044B7047D0F8003B00F53060002BE0DAEA
:10F3B00000205DF8044B70470A30544FD0F8002409
:10F3C00001F00303012900F5806C22F00302C0F86C
:10F3D0000024D0F8002443EA0203C0F8003409D026
:10F3E000022901D00020704741F270730020CCF850
:10F3F000043070474BF680330020CCF8043070475F
:10F40000D0F8140480B2704700EB4111002382B0A1
:10F4100001F5A0620193D1F8003513F4802FD1F8E3
:10F42000003543F08043C1F8003522D1C36A13F49C
:10F430007F0FD1F8003523D123F00043C1F8003508
:10F44000D1F8003543F00043C1F80035D1F800355C
:10F4500023F40043C1F8003502E01368002B13DAEF
:10F46000019B0133B3F57A7F0193F6D9002002B0F6
:10F470007047D0F8103413F47F0FD1F8003506D060
:10F4800043F00043C1F80035002002B0704723F07C
:10F490000043C1F80035D1F8003543F00043C1F80E
:10F4A0000035D1F8003523F40043C1F8003502E0FF
:10F4B0001368002BE8DA019B0133B3F57A7F0193DF
:10F4C000F6D9002002B0704730B4002484B04FF465
:10F4D0008465AA4A00940146836823F0010383608F
:10F4E0000394056102E00B69980604D5039B013380
:10F4F00093420393F7D900201023A04A02900B6196
:10F5000002E00B69DB0604D5029B013393420293B0
:10F51000F7D9D1F8003501F5A06201F5E06001935B
:10F52000019B43F080430193019B23F0004301932F
:10F53000019B23F400430193019BC1F80035D1F8EE
:10F5400020350193019B43F080430193019B23F0FD
:10F5500000430193019B23F400430193019BC1F8F5
:10F560002035D1F840350193019B43F0804301934E
:10F57000019B23F000430193019B23F4004301937B
:10F58000019BC1F84035D1F860350193019B43F0F0
:10F5900080430193019B23F000430193019B23F4DB
:10F5A00000430193019BC1F86035D1F88035019388
:10F5B000019B43F080430193019B23F0004301939F
:10F5C000019B23F400430193019BC1F88035D1F8DE
:10F5D000A0350193019B43F080430193019B23F0ED
:10F5E00000430193019B23F400430193019BC1F865
:10F5F000A035D1F8C0350193019B43F080430193BE
:10F60000019B23F000430193019B23F400430193EA
:10F61000019BC1F8C035D1F8E0350193019B43F05F
:10F6200080430193019B23F000430193019B23F44A
:10F6300000430193019BC1F8E035D1F800360193F6
:10F64000019B43F080430193019B23F0004301930E
:10F65000019B23F400430193019BC1F80036D1F8CC
:10F6600020360193019B43F080430193019B23F0DB
:10F6700000430193019B23F400430193019BC1F8D4
:10F680002036D1F840360193019B43F0804301932B
:10F69000019B23F000430193019B23F4004301935A
:10F6A000019BC1F84036D1F860360193019B43F0CD
:10F6B00080430193019B23F000430193019B23F4BA
:10F6C00000430193019BC1F86036D1F88036019365
:10F6D000019B43F080430193019B23F0004301937E
:10F6E000019B23F400430193019BC1F88036D1F8BC
:10F6F000A0360193019B43F080430193019B23F0CB
:10F7000000430193019B23F400430193019BC1F843
:10F71000A036D1F8C0360193019B43F0804301939A
:10F72000019B23F000430193019B23F400430193C9
:10F73000019BC1F8C036D1F8E0360193019B43F03C
:10F7400080430193019B23F000430193019B23F429
:10F7500000430193019BC1F8E03613680193019BBC
:10F7600043F080430193019B43F000430193019BCD
:10F7700023F400430193019B136004E0400D030058
:10F780001368002B05DA009B0133B3F57A7F0093F1
:10F79000F6D920328242E0D14FF0FF330020C1F889
:10F7A00014344B618B6843F001038B6004B030BCB0
:10F7B000704700BF08B5D0F88C321BB11B68984762
:10F7C00000B908BD022008BD08B5D0F88C325B68CE
:10F7D0009847002008BD00BF38B500F520750446E5
:10F7E000284600F07DFB0122B4F8863294F880129E
:10F7F000C4E99B2301F01F03934209D0022B13D0CD
:10F8000063B101F080012046FAF796FA002038BD76
:10F810002946204600F092FA002038BD29462046AD
:10F8200000F00AF9002038BD2946204600F0BAFA57
:10F83000002038BD38B5054669B91346D0F86C22AA
:10F84000032A15D0052A0C460ED1C5F86C12FAF71A
:10F8500073FA204638BDD0F88C329B6933B190F8EA
:10F860007422032A02D19847002038BD022038BDF7
:10F87000D0E9531291420CD9891A8A42C0F84C112E
:10F8800088BF8AB2194698BF92B200F055FB00209B
:10F8900038BDD0F88C321B691BB190F87422032A52
:10F8A00004D0284600F052FB002038BD9847F8E706
:10F8B00070B5044661B9D0F86C32022B15D033F024
:10F8C000040337D094F87832012B2ED0002070BD7D
:10F8D000D0F88C325B6933B190F87422032A02D1DC
:10F8E0009847002070BD022070BDD0E908630D4626
:10F8F0009E4223D8C669B6FBF3F203FB12620AB933
:10F90000B34228D9D4F88C32DB681BB194F8742246
:10F91000032A30D080212046FAF70EFA204600F064
:10F9200021FB94F87832012BD0D10023184684F8BB
:10F93000783270BD8021FAF7FFF9C3E7F31A114658
:10F9400003629AB200F0EEFA2B462A462946204678
:10F95000FAF73EFAB6E7D0F870329E42D2D20A46A3
:10F9600000F0E0FA2B462A4629462046C4F8705299
:10F97000FAF72EFAA6E720469847CBE770B50022A3
:10F9800040260446012511463346FAF7C3F93346AB
:10F99000802100222046C4F84451C4F85061FAF78F
:10F9A000B9F90021D4F89032A561666284F87452E6
:10F9B000C4F86C126160C4F87C1223B1D4F88C32A4
:10F9C00020465B689847002070BD00BF03460020BA
:10F9D0001974704703460421002093F8742283F8B9
:10F9E000741283F8752270470346002093F875223D
:10F9F00083F87422704700BF90F87422032A01D064
:10FA00000020704708B5D0F88C32DB6903B1984705
:10FA1000002008BD0020704700207047002070477C
:10FA2000D0F88C22012108B580F87412017953684E
:10FA30009847002008BD00BF30B50B7883B00D4655
:10FA4000044603F06003202B0DD0402B0BD09BB15C
:10FA500080212046FAF770F900212046FAF76CF968
:10FA6000002003B030BDD4F88C32294620469B6874
:10FA70009847002003B030BD4B78092BE8D801A28D
:10FA800052F823F0DFFA00080BFB000851FA0008D7
:10FA900029FB000851FA000831FB000869FB000847
:10FAA00051FA000899FB0008ADFA00088978A24DC8
:10FAB00001292970CCD890F87432022B00F0128101
:10FAC000032B00F000818021FAF736F9002120464F
:10FAD000FAF732F929782046FFF776FEC0E790F86A
:10FAE0007432013B022BB3D8CB88022BB0D1012258
:10FAF000D0F87C32C2600BB10323C360022204F150
:10FB00000C01204600F000FAAAE790F87432013B9D
:10FB1000022B9DD84B88012BA2D100232046C4F88C
:10FB20007C3200F013FA9BE74B88012B98D1F5E764
:10FB30008B88002B8CD1CB88002B89D14D887F2DD1
:10FB400086D890F87432032B82D0E9B280F876120E
:10FB5000FAF722F9204600F0F9F9002D00F0E080D4
:10FB6000022384F874327BE74A88130A013B062B90
:10FB70003FF66EAF01A151F823F000BF2DFC000845
:10FB800015FC000803FC000851FA000851FA0008AF
:10FB9000EDFB0008BFFB0008CA88012A7FF458AFBC
:10FBA00090F87432022B00F28780002B3FF450AFA4
:10FBB0000146002341F8083F00F0A6F950E7037C16
:10FBC000002B7FF445AFD0F88C320DF106001B6B93
:10FBD000984707234370BDF80620002A67D0EB88BA
:10FBE000002B5BD1204600F0B1F939E7037C002BF4
:10FBF0007FF42EAFD0F88C320DF106005B6B984786
:10FC0000E9E7D1B2052900F28F80DFE801F0271F74
:10FC100017372F3F037C002B72D1D0F88C320DF1B7
:10FC200006009B6A984702234370D4E7D0F88832D5
:10FC30000DF10601007C1B689847CCE7D0F88832AC
:10FC40000DF10601007CDB689847C4E7D0F88832E4
:10FC50000DF10601007C9B689847BCE7D0F888321C
:10FC60000DF10601007C5B689847B4E7D0F8883254
:10FC70000DF10601007C5B699847ACE7D0F888324B
:10FC80000DF10601007C1B699847A4E7D0F8883283
:10FC90000DF10601007C9B6998479CE79A4201465A
:10FCA000204628BF1A46ADF8062000F02DF9EB8853
:10FCB000002B7FF4D5AE95E7032B7FF4C9AE011D71
:10FCC00000F022F9CCE621B3416801298AD0C9B2FB
:10FCD000FFF77AFD297820466160FFF76BFD022867
:10FCE00080D1B5E600293FF47DAF012103234160B7
:10FCF00080F87432FFF75EFD02287FF473AFA7E649
:10FD0000D0F88C320DF10600DB6A9847022343706D
:10FD100061E70223416080F87432FFF755FD61E727
:10FD2000012384F874329BE6D0F88C320DF1060280
:10FD30009B6B98474FE700BF9416012438B50B78AA
:10FD40000D46044603F06002402A0AD05B0608D53F
:10FD50008021F9F7F1FF00212046F9F7EDFF00209F
:10FD600038BD94F87432013B022B11D82B79012B4A
:10FD70000ED8D4F88C32294620469B689847EB88E9
:10FD8000002BECD10028EAD1204600F0DFF8E6E7AE
:10FD900080212046F9F7D0FF00212046F9F7CCFF5B
:10FDA000002038BD38B50B78044603F06003202BE3
:10FDB0000CD0402B0AD083B180212046F9F7BCFF3C
:10FDC00000212046F9F7B8FF002038BDD4F88C3266
:10FDD00020469B689847002038BD4B788A88012BC5
:10FDE0005FFA82FC37D0032B23D0002BE4D190F8AC
:10FDF0007432022B4AD0032BDED10CF00F03120613
:10FE000003EB830300EB830351D4D3F84431002B7D
:10FE1000D2D00CF07F03142505FB030505F5A07572
:10FE2000002B4FD12B6002222946204600F06CF8AF
:10FE3000CAE790F87432022B1DD0032BBCD14B883B
:10FE40002BB91CF07F0F02D0CB88002B43D020466B
:10FE500000F07CF8B8E790F87432022B0BD0032B3B
:10FE6000AAD14B88002BAFD11CF07F0FEFD0614699
:10FE7000F9F770FFEBE71CF07F0F9DD06146F9F7B3
:10FE80005BFF80212046F9F757FF9DE71CF07F0FAD
:10FE900092D111064FF000034FF002024CBF00F167
:10FEA000140100F5A0710B6000F02EF88CE79B693F
:10FEB000002B81D00CF07F035D1C05EB850500EB6A
:10FEC0008505ADE761462046F9F752FF08B10123E9
:10FED000A8E72860A7E76146F9F72EFFB7E700BF5C
:10FEE0000B7803704B784370CA788B7803EB02234E
:10FEF00043804A790B7903EB02238380CA798B799B
:10FF000003EB0223C380704710B5134602240A4650
:10FF10000021C0F86C42C0E90733F9F74BFF00201D
:10FF200010BD00BF8C46002108B513466246F9F7A4
:10FF300041FF002008BD00BF8C46002108B51346D4
:10FF40006246F9F745FF002008BD00BF08B504214F
:10FF50000023C0F86C121A461946F9F72BFF00204F
:10FF600008BD00BF08B505210023C0F86C121A4671
:10FF70001946F9F72DFF002008BD00BFD0F8C423B3
:10FF80000132C0F8C42302780B2A00D07047D0F8A1
:10FF90007C33002BFAD09B69184700BF012380F8FF
:10FFA00023337047002380F8233370470346002231
:10FFB0000121104683F8201383F8212383F822239C
:10FFC000704700BF38B501230025044680F821336F
:10FFD00080F8235380F82053F9F71EFF217920463B
:10FFE00000F006F86179204600F002F8284638BD96
:10FFF0000A2907D800EB8100D0F88433C3F30E033D
:020000040801F1
:10000000C0F88433002070470C4A82B00C4BD2F801
:10001000DC1041F04001C2F8DC10D2F8DC2002F024
:1000200040020192019A1A6822F020021A601A68AE
:1000300042F004021A6002B0704700BF0044025848
:100040000018024870B5002304464FF48062042172
:100050004FF440353448C4F83821C4F8D410C4F8FB
:100060003431C4F84C113149C4F8B000C4F8281137
:10007000C4E92F32C4E93133C4E93335C4E9373335
:10008000C4E94F33C4E95135C4E95533A2680323A9
:10009000C4F8D830C4F85031042A0AD8DFE802F096
:1000A0001F262D34030055225623C4F8B420C4F86B
:1000B0002C310022402304F1B005C4F8B8202846B2
:1000C000C4F83031F2F7C6FD08B1FFBEFEE704F513
:1000D00094763046F2F7BEFDE8B1FFBEFEE725227A
:1000E0002623C4F8B420C4F82C31E2E727222823C1
:1000F000C4F8B420C4F82C31DBE73D223E23C4F819
:10010000B420C4F82C31D4E753225423C4F8B420CB
:10011000C4F82C31CDE704F12803C4E92865C4F8FC
:10012000E830C4F8603170BD400402405804024019
:100130002DE9F04F814683B00E4617461D4600F16B
:100140002804204601F090FD01288246F9D1484656
:10015000FFF778FF8046002835D1EFF31083019335
:1001600072B6DFF888B00C9B99F90820DFF880A000
:10017000DFF88090CBF800300D9B89F80020CAF89A
:1001800000300DB11846A847BAB23146204601F0FA
:10019000E1F830B9019B03B962B6404603B0BDE84F
:1001A000F08F0023CBF80030CAF80030FF2389F825
:1001B00000300C9B8BB101210D9888469847019B1C
:1001C000002BEAD1E8E70C9B53B1D0460D9851467D
:1001D0009847404603B0BDE8F08F4FF00108D9E7DB
:1001E000D046404603B0BDE8F08F00BFB8200124E0
:1001F000C0200124BC2001242DE9F04F814683B0AA
:100200000E4617461D4600F12804204601F02CFD3D
:1002100001288246F9D14846FFF714FF804600289E
:1002200035D1EFF31083019372B6DFF888B00C9BE1
:1002300099F90820DFF880A0DFF88090CBF8003033
:100240000D9B89F80020CAF800300DB11846A84768
:10025000BAB23146204601F041FA30B9019B03B9E8
:1002600062B6404603B0BDE8F08F0023CBF8003003
:10027000CAF80030FF2389F800300C9B8BB10121B4
:100280000D9888469847019B002BEAD1E8E70C9B24
:1002900053B1D0460D9851469847404603B0BDE84B
:1002A000F08F4FF00108D9E7D046404603B0BDE8D3
:1002B000F08F00BFB8200124C0200124BC200124FD
:1002C0002DE9F04F814683B00F461646984600F15F
:1002D0002804204601F0C8FC0128FAD1824648468D
:1002E000FFF7B0FE0546002838D1EFF310830193E5
:1002F00072B699F90830DFF88890DFF888B089F88D
:1003000000300D9BDFF880A0CBF800300E9BCAF8C0
:1003100000300C9B0BB10E9898471FFA88F33A46B1
:100320003146204601F0CEF830B9019B03B962B6E0
:10033000284603B0BDE8F08F0023CBF80030CAF8A0
:100340000030FF2389F800300D9B8BB101210E98FE
:100350000D469847019B002BEAD1E8E70D9B4BB176
:1003600055460E9851469847284603B0BDE8F08F91
:100370000125DAE75546284603B0BDE8F08F00BFF7
:10038000BC200124B8200124C02001242DE9F04321
:10039000002387B00222044605690493CDE90223B5
:1003A000D0E902128E00FAB1022D7AD02178B5FA86
:1003B00085F54FF00108276A0B294FEA551521D121
:1003C000A2780B2A02D0B8F1000F38D123790B2B79
:1003D00001D0002D6CD1A37917B10B2B40F099807F
:1003E000002007B0BDE8F08335F002032178276ACA
:1003F0000CBF4FF001084FF00008023D18BF012567
:100400000B29DDD07D4B94F801C053F826201078DD
:100410000B2802D0884200F0AD80D378D01C9942DE
:1004200002D10B2B40F0BD809379901D8B4202D1FD
:100430000B2B40F0BC80012007B0BDE8F083711C9D
:100440006E4BE07853F8213019780B2902D08A429C
:1004500000F0B580D97803F1030C0B2902D08A4251
:1004600000F0BB80997903F1060C0B29E3D08A4296
:10047000E1D1DB798342DED1634604F102099B7846
:1004800048460593F9F7D6FC80464846F9F7DAFC6A
:1004900001A901904046F9F785FD23790B2B98D1EE
:1004A00099E70178076A0B2940F0868001258DE7DE
:1004B000B11C524A607952F8212011780B2902D0E0
:1004C0008B4200F08180D178D51C0B2902D08B4261
:1004D00000F08D809179951D8B42ACD10B29AAD06B
:1004E000D3798342A7D12A46251D937828460593C0
:1004F000F9F7A0FC034628461D46F9F7A3FC01A91D
:1005000001902846F9F74EFDA379002F7FF465AFDF
:1005100066E7F11C394AE07952F8212011780B295D
:1005200001D08B425FD0D178D51C0B2901D08B42F2
:100530004FD09179951D8B427FF47DAF0B293FF40D
:100540007AAFD37983427FF476AF2A46A51D93789C
:1005500028460593F9F76EFC04462846F9F772FC25
:10056000034601A920460193F9F71CFD002007B0BE
:10057000BDE8F083537863457FF44FAF937820460E
:100580000593F9F757FC81462046F9F75BFC01A972
:1005900001904846F9F706FDA2780B2A7FF413AFC5
:1005A00014E7137963457FF43FAF0246E6E7D3795A
:1005B00063457FF440AFF8E79846012522E7597874
:1005C00081427FF447AF58E7517881427FF47BAF97
:1005D0008AE711798142ACD1B7E7197981427FF47A
:1005E00041AF634649E7517881429CD1AEE711792A
:1005F00081427FF46FAF2A4676E700BFC82E01081C
:10060000654A0368934200F0B980A2F578429342AC
:1006100000F0B68002F58062934200F0B38002F5EC
:100620007842934200F0B08002F5E052934200F02D
:10063000AD805A4A934240F0AB8005234FF4D0710D
:10064000574A01FB03F310B5D418D05C86B0F9F714
:1006500001FCA078F9F7FEFB2079F9F7FBFBA07904
:10066000F9F7F8FBA368052B11D8DFE803F0192F81
:10067000455B71034B4BD3F8F42042F02002C3F8E2
:10068000F420D3F8F43003F020030593059B2046B3
:10069000FFF77CFE012801D006B010BDFFBEFEE7CB
:1006A000404B00222320D3F8F01041F48051C3F8CE
:1006B000F0101146D3F8F03003F480530093009B00
:1006C000F2F716F92320F2F751F9E0E7354B002253
:1006D0002420D3F8E81041F48041C3F8E810114613
:1006E000D3F8E83003F480430193019BF2F700F95B
:1006F0002420F2F73BF9CAE72A4B00223320D3F833
:10070000E81041F40041C3F8E8101146D3F8E8308E
:1007100003F400430293029BF2F7EAF83320F2F766
:1007200025F9B4E71F4B00225420D3F8F01041F410
:100730000051C3F8F0101146D3F8F03003F4005321
:100740000393039BF2F7D4F85420F2F70FF99EE7D6
:10075000144B00225520D3F8F01041F48011C3F857
:10076000F0101146D3F8F03003F480130493049B87
:10077000F2F7BEF85520F2F7F9F888E700235DE7B5
:1007800001235BE7022359E7032357E7042355E7D7
:1007900000231B78FFDE00BF00300140001400582A
:1007A00098160124004402582DE9F043002289B034
:1007B0001B4B01210DF1040C9E461A4B0791E1469B
:1007C000E04667460EF11C060EF138050EF15404A2
:1007D000CDE90122CDE90322CDE90522FF221A70DD
:1007E000BCE80F00AEE80F009CE807008EE80700A9
:1007F000B9E80F000FC69CE8070086E80700B8E8D4
:100800000F000FC59CE8070085E807000FCF0FC455
:100810009CE8070084E8070009B0BDE8F08300BF4A
:100820000C030024BC200124014801F0F1B800BFF2
:10083000C0160124014801F0EBB800BF6018012484
:10084000014801F0E5B800BF001A0124014801F099
:10085000DFB800BFA01B0124014801F0D9B800BFD8
:10086000401D012410B5EFF3108472B6084B1A78BE
:10087000120602D504B962B610BD1B784FF4D072CF
:1008800004485BB202FB0300B030F2F75BFDF1E716
:10089000BC2001249816012410B5EFF3108472B621
:1008A000094B1A78120602D504B962B610BD1B783E
:1008B0004FF4D07205485BB202FB030000F5947060
:1008C000F2F740FDF0E700BFBC2001249816012498
:1008D0002DE9F04184B0EFF3108772B6284AFF216A
:1008E000284C1368217023B100211160264A10683A
:1008F000984723781B061CD5DFF894800025234EEB
:100900004446216879B162686AB1A369012B22D09B
:10091000A3B963693046019323690093E368228990
:10092000FFF76AFC18B301351C3406F5D076042DA8
:10093000E7D107B962B604B0BDE8F081D4E904306C
:10094000CDE90130E068238900903046FFF7B8FC1C
:100950000028E8D10BE0D4E904301146CDE900309D
:100960003046E3682289FFF7E3FB0028DBD1C5EBC3
:10097000C50508EB850348F825005860D9E700BF96
:10098000B8200124BC200124C02001249816012491
:100990000C0300242DE9F04184B0EFF3108772B608
:1009A000284AFF21284C1368217023B100211160CF
:1009B000264A1068984723781B061CD5DFF89480D8
:1009C0000025234E4446216879B162686AB1A36963
:1009D000012B22D0A3B963693046019323690093A8
:1009E000E3682289FFF708FC18B301351C3406F5CB
:1009F000D076042DE7D107B962B604B0BDE8F08126
:100A0000D4E90430CDE90130E06823890090304614
:100A1000FFF756FC0028E8D10BE0D4E9043011467A
:100A2000CDE900303046E3682289FFF781FB0028DA
:100A3000DBD1C5EBC50508EB850348F825005860F8
:100A4000D9E700BFB8200124BC200124C020012424
:100A5000981601240C0300242DE9F04184B0EFF333
:100A6000108772B6284AFF21284C1368217023B1E1
:100A700000211160264A1068984723781B061CD570
:100A8000DFF894800025234E4446216879B16268DE
:100A90006AB1A369012B22D0A3B9636930460193DF
:100AA00023690093E3682289FFF7A6FB18B3013599
:100AB0001C3406F5D076042DE7D107B962B604B030
:100AC000BDE8F081D4E90430CDE90130E068238944
:100AD00000903046FFF7F4FB0028E8D10BE0D4E9A2
:100AE00004301146CDE900303046E3682289FFF733
:100AF0001FFB0028DBD1C5EBC50508EB850348F8D3
:100B000025005860D9E700BFB8200124BC2001248B
:100B1000C0200124981601240C0300242DE9F04183
:100B200084B0EFF3108772B600F066FB284A294CB8
:100B3000FF21136821702BB1002111600121264A89
:100B40001068984723781B061CD5DFF89480002591
:100B5000224E4446216879B162686AB1A369012BCB
:100B600022D0A3B963693046019323690093E368F7
:100B70002289FFF741FB18B301351C3406F5D07606
:100B8000042DE7D107B962B604B0BDE8F081D4E91D
:100B90000430CDE90130E068238900903046FFF74A
:100BA0008FFB0028E8D10BE0D4E904301146CDE9F1
:100BB00000303046E3682289FFF7BAFA0028DBD11B
:100BC000C5EBC50508EB850348F825005860D9E753
:100BD000B8200124BC200124C0200124981601243F
:100BE0000C03002430B4544B002108220220534C43
:100BF000D9615862C3F8BC11C3F8C401C3F85C13CF
:100C0000C3F86403C3F8F424C3F8F814C3F8FC145D
:100C1000C3F80405C3F89426C3F89816C3F89C16C5
:100C2000C3F8A406C3F83428C3F83818C3F83C182E
:100C3000C3F84408424D4348C3E90521C3E96D2187
:100C4000C3E9D5212288A3783F49EA80CA800B7284
:100C50003E492B72CA800B722168A0F803204371B1
:100C6000C28003723A4C3B48E2802372A0F8032012
:100C7000394C4371C28003723848E2802372A0F875
:100C80000320374C4371C2800372080C2180A0708E
:100C9000A4F803206371E2802372324C324D21802C
:100CA000A070A4F803206371E28023722F4CEA80C5
:100CB00021802B72A070A4F803206371E28023725C
:100CC0002B4C2180A070A4F803206371E280237272
:100CD000284C2180A070A4F803206371E280237265
:100CE000254C2180A070A4F803206371E280237258
:100CF000224C2180A070A4F803206371E28023724B
:100D00001F4C21801F49A070A4F803201E48637166
:100D1000E2802372A1F803201C4C4B71CA800B7235
:100D20001B49E2802372C2800372A1F803204B7139
:100D3000CA800B7230BC704798160124C42E01087B
:100D400094020024B8020024880200244C020024EB
:100D5000A0020024DC020024C40200246402002457
:100D60008820012470200124D00200247C2001244A
:100D700058200124AC20012494200124A020012427
:100D80006420012400030024F4020024E80200246B
:100D900070020024714A036811698B4200B587B064
:100DA0004BD0916E8B4200F0B680D2F8C0108B42CF
:100DB00000F0B380D2F818118B4200F0B080B3F18C
:100DC000804F1ED0664A93420DD0664A934200F08F
:100DD000A880654A934200F0B280644A93421ED0D4
:100DE00007B05DF804FB624BD3F8E82042F0020242
:100DF000C3F8E820D3F8E83003F002030293029B23
:100E0000EEE75B4BD3F8E82042F00102C3F8E8209C
:100E1000D3F8E83003F001030193019BE0E7544B62
:100E2000D3F8E82042F01002C3F8E820D3F8E83005
:100E300003F010030593059BD2E700205821B3F17E
:100E4000804F01FB0022127B1ED045498B4235D0DA
:100E500044498B4248D044498B42BED1444BD3F8DD
:100E6000E81041F00801C3F8E810D3F8E83003F0C7
:100E700008030493049B002AB2D0322000220F21E1
:100E8000F1F736FD322014E0394BD3F8E81041F089
:100E90000101C3F8E810D3F8E83003F0010301932F
:100EA000019B002A9CD01C2000220F21F1F720FD7D
:100EB0001C2007B05DF804EBF1F758BD2C4BD3F8BC
:100EC000E81041F00201C3F8E810D3F8E83003F06D
:100ED00002030293029B002A82D01D2000220F21D0
:100EE000F1F706FD1D20E4E7214BD3F8E81041F0AF
:100EF0000401C3F8E810D3F8E83003F004030393C7
:100F0000039B002A3FF46CAF1E2000220F21F1F753
:100F1000EFFC1E20CDE7012090E702208EE70320A2
:100F20008CE7134BD3F8E82042F00402C3F8E82022
:100F3000D3F8E83003F004030393039B50E70C4B12
:100F4000D3F8E82042F00802C3F8E820D3F8E830EC
:100F500003F008030493049B42E700BFC42001246C
:100F60000004004000080040000C00400010004059
:100F7000004402580F4B026819698A420BD0996EDF
:100F80008A4211D0D3F8C0108A420FD0D3F818117A
:100F90008A420DD070470021582202FB01331A6D9E
:100FA000002AF7D0586D10470121F5E70221F3E739
:100FB0000321F1E7C4200124014800F0EFBF00BF86
:100FC000D4200124014800F0E9BF00BF2C210124F6
:100FD000014800F0E3BF00BF84210124014800F074
:100FE000DDBF00BFDC210124F0B54FF0580C0F68C5
:100FF0002E4D8DB00CFB07FC032F05EB0C06066095
:1010000047DC0B460868344649689A6807C41B7B6E
:10101000237004AC7268264B002A4FF00002726104
:1010200018BF1022B2610FCB84E80F000CAB03EBAA
:10103000870353F8203CB3F1804F336124D01D4A1D
:10104000934221D030890CF11004582300218022D2
:1010500003FB07532C44C3E907019A62204600F0C2
:1010600007FE034600B1FEE74FF4805208A9204670
:10107000099301930892CDE90A33CDE9023300F0D8
:10108000C7FE034640B1FEE7582303FB07539868A9
:10109000D9E701200DB0F0BD01A9204601930393CB
:1010A00001F034F80028F5D0FEE700BFC420012489
:1010B000602C0108000C0040006808B5037B10306C
:1010C0002BB100F08FFE003818BF012008BD00F0E2
:1010D0006FFE003818BF012008BD00BF0C4B002276
:1010E0004FF0FF311A739960196683F86420C3F8D2
:1010F000B81083F8BC20C3F8101183F81421C3E999
:101100000022C3E91622C3E92C22C3E94222704718
:10111000C4200124034688B190F83D20022A03D060
:10112000802201209A66704702680421002083F81B
:101130003D10D36823F00103D3607047012070474E
:1011400003682C495A6910B49C6944F008049C61F6
:101150009C6944F010049C611C6824F001041C602C
:101160001C6921401961996821F44041996090F807
:101170008110042901D0910630D490F88110032900
:1011800001D054061FD4910509D5D0F8841041F040
:101190000101C0F88410996941F400719961D20588
:1011A00009D5D0F8842042F00802C0F884209A695A
:1011B00042F480729A6100235DF8044BA0F862301B
:1011C000A0F86A307047D0F8841041F00401C0F8EC
:1011D0008410996941F040019961D4E7D0F88410F6
:1011E00041F08001C0F88410996941F020019961B3
:1011F000C3E700BF90FCFFFF002800F0A480026856
:101200000021F8B5514B044681629A4216D0A3F5ED
:1012100078439A4212D003F58063C0689A4200F086
:101220008A800F2808D8E16B00F108034D09DB081C
:1012300005FB0333082B15D90120F8BDE068E16BED
:1012400000F10803414E4D09DB0805FB0333404D17
:10125000AA4218BFB24203D005F58065AA4201D167
:10126000102BE9D894F8813003F0FF05002B58D0FB
:10127000002702236568A66B84F88130136823F089
:1012800001031360A369B3F1806F3ED03943676BEC
:101290003B43676A3B4327693B4367693B43276A94
:1012A0003B43E76C3B43A7683B43A76C3B43A76DBD
:1012B0003B432B433343E669314308439060D3609B
:1012C000B5B9936823F4C05343F400639360936803
:1012D00023F4C06343F480639360136D23F0010330
:1012E000136500200123C4F8840084F88130F8BD20
:1012F000136D23F0010313656B02F2D5D368616DA2
:1013000023F000430B43D360EBE7B5F5800FBDD16D
:10131000002EBBD1D2F800C04CF4805CC2F800C0F3
:10132000B4E7204684F88050FFF76AF92268A76A7C
:10133000E16BE0689DE7E16B00F108034D09DB0814
:1013400005FB03338CE70120704700BF00300140EC
:1013500000380040F8B590F88030012B00F08C8008
:1013600090F88130154601220446DEB2934280F89F
:1013700080206AD1002963D0B5FA85F35B09002D7E
:101380005ED003224366A0F8683080F88120C0F860
:101390008430A0F86250A0F86A30C165A0F86050AF
:1013A000C0E91C338368B3F5C02F04D10268136809
:1013B00043F400631360E368A06F0F2B4BD983697C
:1013C000B3F5804F3CD122683A4B3B4F2032036447
:1013D00052F8183CC763394F23F40043C764002711
:1013E000076542F8183CB4F862309BB2F1F7F0FDA3
:1013F000002844D1A36F324ADB69B3F5807F2368AC
:10140000596802EA010218BF2A435A609A68616863
:1014100042F40042B1F5800F9A601A6942F44872B2
:101420001A611A6842F001021A6003D11A6842F484
:1014300000721A6000231E4684F880303046F8BDE2
:10144000002384F880303046F8BD0023022680F85F
:1014500080303046F8BD072B83691AD8B3F5005F9A
:1014600020D0B3F5804FAED1B4F862309BB20333D5
:101470009B08A4F86230A6E702263046F8BDD4F8EF
:101480008430012243F01003C4F8843084F88120B2
:10149000D9E7B3F5804F05D0B3F5005FD0D1B3F5F0
:1014A000804F90D1B4F862309BB201335B08A4F84E
:1014B000623088E70D1901089118010839190108EF
:1014C0000000FFFF70B51D4690F88030012B00F042
:1014D000B9800123044680F8803090F8813040685C
:1014E000DBB2B0F5800F7DD0012B40F08580002D60
:1014F00018BF002A71D000296FD094F88130042BD6
:1015000002D0052384F881300023E1652168C4F806
:101510008430A4F86250A4F86A50A4F8605062665F
:10152000A4F86850C4E91C338B6823F440438B60F3
:10153000E3680F2B65D9E06F8369B3F5804F4CD119
:1015400094F88130042B00F08A805E4B03645E4B7C
:10155000C3635E4E3031B4F86A30C66400269BB275
:101560000665F1F735FD00286ED12268A16F9368FA
:10157000203243F4804342F8183CB4F86230C1E9A9
:101580000F00C1E913009BB20846E16DF1F720FDA1
:10159000002859D1A36FDB69B3F5807F236863D03E
:1015A00059684B4A0A402A435A609A68616842F473
:1015B0000042B1F5800F9A601A6942F458721A61BC
:1015C0001A6842F001021A6003D11A6842F40072EC
:1015D0001A60002384F8803070BD0023012084F855
:1015E000803070BDA06800287FF47EAF042B3FF4EC
:1015F0007EAF012B3FF47BAF0023022084F88030C4
:1016000070BD072B35D8A36F9B69B3F5005F50D031
:10161000B3F5804F06D1B4F862309BB203339B0818
:10162000A4F86230E06F8369B3F5005F39D0B3F599
:10163000804F85D1B4F86A309BB203339B08A4F87D
:101640006A307DE7022070BDD4F88430012243F077
:1016500010031046C4F8843084F8812070BD1D4BFF
:1016600003641D4BC36374E75968194A0A405A6002
:101670009BE7E06F8369B3F5005F02D0B3F5804F5D
:10168000ABD1A66FB669B6F5804F06D1B4F86260EB
:10169000B6B201367608A4F86260B3F5804F7FF4E5
:1016A0004FAFB4F86A309BB201335B08A4F86A30DC
:1016B00046E7B4F862309BB201335B08A4F86230AD
:1016C000B0E700BF2D190108E11801083919010818
:1016D0000000FFFF1D190108B91801082DE9F041AC
:1016E0001546826804460E4622B94368B3F5800F5A
:1016F00000F0958094F88030012B00F09980012350
:1017000084F8803094F88130012BDFB269D1002E4B
:1017100061D0B5FA85F35B09002D5CD00421B2F5E8
:10172000C02F666684F88110A4F86850C4F884302D
:10173000A4F86030A4F86A50A4F86230C4E91C33FD
:1017400004D12268136823F400631360E3680F2B4D
:101750004ED9E06F8369B3F5804F3CD121688B6827
:1017600023F480438B603246454EB4F86A30303102
:101770000664444E9BB2C663434EC66400260665AB
:10178000F1F726FC002857D1E36F404ADB69B3F537
:10179000807F2368596802EA010218BF2A435A6011
:1017A0009A68616842F48042B1F5800F9A601A69C4
:1017B00042F450721A611A6842F001021A6003D1B1
:1017C0001A6842F400721A6000231F4684F88030C1
:1017D0003846BDE8F081002384F880303846BDE803
:1017E000F0810023022784F880303846BDE8F0817C
:1017F000072B2BD82168E06F8B6823F480438B6024
:101800008369B3F5005F32D0B3F5804FABD1B4F844
:101810006A309BB203339B08A4F86A30A3E72B46D7
:1018200004250A4680F88150BDE8F041FFF74ABE22
:1018300002273846BDE8F081D4F88430012243F015
:101840001003C4F8843084F88120C7E7E06F826910
:10185000B2F5804F02D0B2F5005FBCD12168B2F57D
:10186000804F8B6823F480438B607FF47CAFB4F8A7
:101870006A309BB201335B08A4F86A3073E700BF9B
:101880001D190108B9180108391901080000FFFFE6
:10189000806B08B590F88130072B09D0836FDB6926
:1018A000B3F5807F05D00268136943F00803136124
:1018B00008BDFFF70DF808BD806B08B590F88130C2
:1018C000072B09D0C36FDB69B3F5807F05D00268B1
:1018D000136943F00803136108BDFFF75BF808BD07
:1018E000806B08B590F88130072B09D0836FDB69D6
:1018F000B3F5807F05D00268136943F008031361D4
:1019000008BDFFF7A9F808BD704700BF806B08B598
:10191000FFF7FAFF08BD00BF704700BF806B08B536
:10192000FFF7FAFF08BD00BF704700BF806B08B526
:10193000FFF7FAFF08BD00BF10B5846BF2F752F84D
:10194000022800D110BD236830495A69986940F0D7
:1019500008009861986940F010009861186820F0BC
:1019600001001860186901401961996821F440412B
:10197000996094F88110042901D091063AD494F822
:101980008110032901D0500629D4910509D5D4F836
:10199000841041F00101C4F88410996941F4007188
:1019A0009961D20509D5D4F8842042F00802C4F820
:1019B00084209A6942F480729A61002301222046B1
:1019C000A4F86230A4F86A30D4F8843043F01003ED
:1019D000C4F8843084F88120FFF7A0F810BDD4F853
:1019E000841041F00401C4F88410996941F0400169
:1019F0009961CAE7D4F8841041F08001C4F88410DA
:101A0000996941F020019961B9E700BF90FCFFFF9F
:101A1000036819695A692DE9F04101EA02059F68D6
:101A2000044690F8816005F0640CBCF1040F2FD0DF
:101A300005F04500012834D005F02600022800F00A
:101A4000DF80280770D59A6917F4404FF6B242F04C
:101A500008029A619A6942F010029A619A6942F406
:101A600000629A611A6922F008021A6123D0042EDA
:101A700000F0DE80A26FD269EAB1032E50D0E26F8F
:101A8000D269C2B1052E14D12046FEF7E5FF10E061
:101A9000436F9847236F2046984705F04503012B75
:101AA00002D1236F2046984705F02605022D00F04D
:101AB000A780BDE8F0819A6812F4404F1FD1B4F8B6
:101AC0006A2092B2DAB1626E0EE01B6B42F8043B00
:101AD0006266B4F86A30013B9BB2A4F86A30B4F88D
:101AE0006A309BB25BB12368E1680F29EDD8072902
:101AF00040F292801B8E22F8023B6266E9E72046A4
:101B0000FFF71EFB012384F88130D4F88430002BCA
:101B10007FD1052EB8D0042E00F08F80032EC8D1BF
:101B20002046FEF7D5FEC4E7100501D50A077AD492
:101B300015F4587FBDD06E0609D5D4F8842042F044
:101B40000402C4F884209A6942F040029A61A80510
:101B500009D5D4F8842042F00102C4F884209A699F
:101B600042F400729A61E90509D5D4F8842042F064
:101B70000802C4F884209A6942F480729A61AA0625
:101B800009D5D4F8842042F08002C4F884209A69F0
:101B900042F020029A61D4F88420002A89D0196882
:101BA00007F44047274A21F00101B7F5404F19607B
:101BB000196902EA01021A6127D19A68E06F22F4DA
:101BC00040429A6050B1204B0365F1F721FB28B1E8
:101BD000D4F8843043F04003C4F88430A06F002868
:101BE0003FF467AF184B0365F1F712FB00283FF491
:101BF00060AFD4F8843043F04003C4F8843058E731
:101C0000636F2046BDE8F04118470123204684F861
:101C10008130FEF783FF4CE793F830301370626E2B
:101C20000132626655E79A6942F400629A6140E7C0
:101C3000E26FD269002A3FF43EAF2046FEF7AAFECB
:101C400037E700BF94FCFFFF4D1C010808B5806B0F
:101C500000230122A0F86A30A0F8623080F88120C9
:101C6000FEF75CFF08BD00BF90F88100704700BF21
:101C7000002800F08F8038B590F83D30044603F01E
:101C8000FF02002B60D0226802234349B2F1804F4B
:101C900084F83D30A2EB01011368B1FA81F14FEAFB
:101CA000511127D031BB3D483D4D824251D000F506
:101CB000806082424DD0551B00F58060B5FA85F5F5
:101CC00082424FEA55154DD0002D4BD1354836494B
:101CD0008A4218BF82424FD001F580618A424BD0C0
:101CE000A06923F08003E168034313606368D16255
:101CF000936223E02A4D23F07003A068551B034331
:101D0000B5FA85F56D09206923F440730343A06992
:101D100023F0800303431360E368D3626368936234
:101D200051B94DB91F49204B9A4218BF8A4203D07E
:101D300003F580639A4201D1636913630123002094
:101D4000536184F83D3038BD80F83C20FFF722F81D
:101D500099E7551B23F07003A068B5FA85F5034396
:101D60006D09D0E7A06823F0700303430F48824257
:101D7000C9D0002DC7D1A9E7206923F44073A16918
:101D80000343E06823F080030B4361681360D06273
:101D90009162C7E701207047000001400004004045
:101DA000000401400040014000440140000C00409C
:101DB0004FF0020C01680A4A034680F83DC088686B
:101DC0000240062A06D0B2F5803F03D00A6842F0EE
:101DD00001020A600122002083F83D20704700BF05
:101DE000070001000368094AD96841F00101D96080
:101DF00099680A40062A06D0B2F5803F03D01A68D7
:101E000042F001021A600020704700BF0700010085
:101E100090F83C30012B7DD002460223006830B49C
:101E2000012482F83D3082F83C40544C83681C40C9
:101E30000B68602B84606FD01DD9B3F5005F59D05B
:101E400042D94F498B4206D038D94E498B4202D0F5
:101E500010318B4206D184684B4921400B4343F03B
:101E60000703836000230121184682F83D1082F8A1
:101E70003C3030BC7047402B67D019D9502BF1D182
:101E8000036A4C68CD6823F00A03016A1C433E4B89
:101E900021F001010162816921F0F00141EA05119F
:101EA0008161046281680B4043F057038360D9E786
:101EB000202BD0D01AD9302BD4D1CCE723F010016D
:101EC000B1F5801FCED1C6E7702BCBD18468D1E9A4
:101ED00001532B43CD6824F47F4143EA05230B4390
:101EE0008360836843F077038360BBE733F01001BE
:101EF000B8D1B0E7D1E9015384682B43CD6824F40D
:101F00007F4143EA05230B438360836843F48043A6
:101F10008360A7E702207047046A4D6824F010042C
:101F2000C9680462836923F4704343EA0133016A98
:101F300021F0A0018361144B41EA0511016281681F
:101F40000B4043F0670383608CE7036A4C68CD68FD
:101F500023F00A03016A1C430B4B21F001010162CB
:101F6000816921F0F00141EA051181610462816813
:101F70000B4043F04703836074E700BF8800CEFF47
:101F800020001000300010008FFFCFFF704700BF0F
:101F9000704700BF704700BF704700BF03681A69F1
:101FA000910710B5044602D5DA68920768D41A6919
:101FB000520702D5DA6850074FD41A69110702D5C3
:101FC000DA68120737D41A69D00602D5DA68D10662
:101FD0001ED41A69D20702D5DA68D00769D41A6903
:101FE000110602D5DA6812066BD41A69D00502D53B
:101FF000DA6811066DD41A69520602D5DA685006FD
:102000006FD41A69910602D5DA68920649D410BDD8
:102010006FF010010822204619612277DB6913F462
:10202000407F6FD1FFF7B2FF2046FFF7B3FF0022DA
:1020300023682277CDE76FF008010422204619615A
:102040002277DB699B075AD1FFF7A0FF2046FFF7F5
:10205000A1FF002223682277B5E76FF00401022276
:102060002046196122779B6913F4407F44D1FFF722
:102070008DFF2046FFF78EFF0022236822779CE722
:102080006FF002010122196102779B69990730D133
:10209000FFF77CFF2046FFF77DFF002223682277B1
:1020A00085E76FF0200220461A61BDE8104000F07D
:1020B0005FB86FF0010220461A61FEF75BFF2368EC
:1020C0008DE76FF0800220461A6100F053F8236814
:1020D0008BE76FF4807220461A6100F04DF8236898
:1020E00089E76FF0400220461A61FFF755FF236829
:1020F00087E7FFF74DFFD0E7FFF74AFFBCE7FFF7A1
:1021000047FFA6E7FFF744FF91E700BF90F83C20A8
:10211000012A28D003460068022230B4134D83F808
:102120003D20A8424268846818D005F58065A84221
:1021300014D024F0800C22F070020C6889682243CD
:1021400000244CEA01014FF0010C426081602046FE
:1021500083F83DC083F83C4030BC704722F47002E5
:102160004D682A43E5E70220704700BF00000140A8
:10217000704700BF704700BF704700BF0B46014665
:10218000184600F0C3B8000010B582B08DED010A0A
:10219000044600F0C9F89DED010A046002B010BDCC
:1021A0009FED070AFFEE007AB7EE007A00284FF0A5
:1021B000220047FE277A87EE800AFFF7E5BF00BFBF
:1021C0000000000070EE407AB4EE400A87EEA77A75
:1021D000F1EE10FAB0EE470A02D62120FFF7D4BF85
:1021E000704700BF10EE103AB3F17E5F3ED0A3F50A
:1021F0000001B1F1FE4F10EE102A3AD2BFEE002BD3
:1022000002F14043284903F54D03C3F3C34001EBFA
:10221000001091ED424B91ED447B91ED406B91EDBF
:10222000465BD90DC9052DED028B90ED021B90ED9B
:10223000008B521ADB1500EE103A03EE902AB8EE2E
:10224000C00BB7EEE33A30EE010BA8EE032BBDEC6A
:10225000028B22EE023BA4EE027BA5EE020BA6EE61
:10226000037BA3EE070BB7EEC00B70479FED0F0A81
:102270007047590014D0B3F1FF4F14D0002B0BDB83
:10228000B1F17F4F08D2DFED0A7A60EE277A17EEC0
:10229000903AA3F13862B1E700EE103AFFF792BF2F
:1022A0000120FFF77DBF7047282F010800000000C4
:1022B0000000004B08B52DED028BB0EE408A00F017
:1022C00021F80E4B93F9003001330BD0B4EE488A5D
:1022D000F1EE10FA06D6DFED0A8AB4EEE88AF1EEE6
:1022E00010FA02D4BDEC028B08BD00F01DF888EE98
:1022F000A80ABDEC028B2123036008BD7C030024E7
:1023000000000000B1EEC00A704700BF10B5054CD8
:1023100013462CB10A4601460220AFF3008010BDDF
:102320002046FCE700000000014B1868704700BF22
:102330008003002470B50D4D0D4C641BA4100026C5
:10234000A64209D10B4D0C4C00F0C8FE641BA41032
:102350000026A64205D170BD55F8043B98470136CA
:10236000EEE755F8043B98470136F2E7FC300108E8
:10237000FC300108FC300108203101080A44914278
:1023800000F1FF3300D1704710B511F8014B03F88D
:10239000014F9142F9D110BD02440346934200D14E
:1023A000704703F8011BF9E737B5002944D051F80D
:1023B000043C0190002BA1F10404B8BFE41800F024
:1023C000DFF81E4A0198136833B96360146003B0E4
:1023D000BDE8304000F0DAB8A34208D92568611999
:1023E0008B4201BF19685B6849192160EDE71A4605
:1023F0005B680BB1A342FAD911685518A5420BD1FD
:10240000246821445418A3421160E0D11C685B6821
:10241000536021441160DAE702D90C230360D6E748
:10242000256861198B4204BF19685B68636004BF4B
:10243000491921605460CAE703B030BD2422012449
:10244000F8B5CD1C25F0030508350C2D38BF0C253B
:10245000002D064601DBA94203D90C23336000207E
:10246000F8BD00F08DF821490A6814469CB9204F48
:102470003B6823B92146304600F03CF838602946D5
:10248000304600F037F8431C23D10C23336030462C
:1024900000F07CF8E3E723685B1B17D40B2B03D910
:1024A00023601C44256004E06368A2420CBF0B60FB
:1024B0005360304600F06AF804F10B00231D20F051
:1024C0000700C21ACCD01B1AA350C9E72246646881
:1024D000CCE7C41C24F00304A042E3D0211A304608
:1024E00000F008F80130DDD1CFE700BF242201243D
:1024F0002822012438B5064D0023044608462B60E7
:1025000000F082FB431C02D12B6803B1236038BD6D
:10251000302201240CB430B5174B0C1E1D689DB041
:1025200008DA8B232B604FF0FF301DB0BDE8304040
:1025300002B070474FF40273ADF8143014BF04F1C9
:10254000FF332346049307934FF6FF7302900690E0
:10255000ADF81630209A21AB02A92846019300F06D
:1025600077F8431CBCBF8B232B60002CDDD0029B73
:1025700000221A70D9E700BF80030024704770471B
:102580000148FFF7FBBF00BF2C2201240148FFF7E1
:10259000F6BF00BF2C2201242DE9F0478E689E4231
:1025A00082460C4690461F4638D88A8912F4906FAE
:1025B00032D025680969A5EB0109656905EB450578
:1025C00005EBD57501334B446D109D4238BF1D4658
:1025D000530531D52946FFF733FF064650B90C2382
:1025E000CAF80030A38943F04003A3814FF0FF30C5
:1025F000BDE8F08721694A46FFF7C0FEA38923F4AE
:10260000906343F08003A381266165614E44A5EB8E
:1026100009052660A5603E46BE4200D93E462068B8
:102620003246414600F0A8FAA3689B1BA3602368CA
:10263000334423600020DBE72A4600F0B7FA064661
:102640000028E1D121695046FFF7AEFEC7E7000040
:102650002DE9F04F98468B891B069DB007460D4625
:1026600014460ED50B6963B94021FFF7E9FE2860D7
:10267000286120B90C233B604FF0FF30D1E04023AC
:102680006B610023099320238DF82930CDF80C804D
:102690003023DFF8A8818DF82A304FF00109234656
:1026A0009A4613F8012B0AB1252AF9D1BAEB040B8B
:1026B0000BD05B46224629463846FFF76DFF0130B6
:1026C00000F0AA80099A5A4409929AF80030002B27
:1026D00000F0A28000234FF0FF32CDE905230AF17C
:1026E000010A049307938DF853301A935446052238
:1026F00014F8011B5148EDF7FBFD049AD8B9D00638
:1027000044BF20238DF85330110744BF2B238DF88D
:1027100053309AF800302A2B15D0079A54460020DF
:102720004FF00A0C214611F8013B303B092B4ED9E2
:10273000B0B1079214E0A0EB080309FA03F31343C6
:102740000493A246D2E7039B191D1B680391002B3B
:10275000BBBF5B4242F0020207930793B8BF0492EB
:1027600023782E2B0CD163782A2B35D1039B1A1D8D
:102770001B680392002BB8BF4FF0FF330234059360
:10278000DFF8C8A0217803225046EDF7B1FD40B133
:102790004023A0EB0A0003FA00F0049B034301343A
:1027A000049314F8011B26488DF828100622EDF733
:1027B0009FFD002838D0234B1BBB039B073323F01E
:1027C000070308330393099B3344099367E70CFB22
:1027D00002320C460120A5E7002301340593194677
:1027E0004FF00A0C204610F8012B303A092A03D981
:1027F000002BC5D00591C3E70CFB01210446012342
:10280000F0E703AB00932A460F4B04A93846AFF319
:102810000080421C0646D6D1AB895B063FF52CAF43
:1028200009981DB0BDE8F08F03AB00932A46064B14
:1028300004A9384600F07AF8EBE700BFA830010899
:10284000B23001080000000099250108AE300108EF
:102850002DE9F047164699468A680B69DDF8208015
:102860009342B8BF1346336091F8432007460C46A5
:102870000AB1013333602368990642BF33680233DB
:102880003360256815F0060506D104F1190AE368DE
:1028900032689B1AAB4226DC94F84320131E226850
:1028A00018BF012392062BD404F14302494638464F
:1028B000C04701301ED02368E568326803F0060384
:1028C000042B08BFAD1AA36822690CBF25EAE57581
:1028D00000259342C4BF9B1AED1800261A34B54256
:1028E0001AD1002008E00123524649463846C04725
:1028F000013003D14FF0FF30BDE8F0870135C6E766
:10290000E1185A1C302081F84300224494F8451005
:1029100082F843100233C7E701232246494638466E
:10292000C0470130E6D00136D9E700002DE9FF4766
:102930000F7E0C9D782F914680460C469A4601F1F9
:10294000430207D8622F0AD8002F00F0D880582FF2
:1029500000F0A38004F1420584F842703AE0A7F148
:102960006303152BF6D801A151F823F0C5290108FE
:10297000D9290108552901085529010855290108B7
:1029800055290108D92901085529010855290108A7
:102990005529010855290108E52A0108092A0108D5
:1029A000C72A01085529010855290108072B0108E4
:1029B00055290108092A0108552901085529010846
:1029C000CF2A01082B681A1D1B682A6004F14205F2
:1029D00084F842300123A3E020682968060601F14B
:1029E00004030AD50E682B60002E03DA2D237642ED
:1029F00084F843305E480A2319E00E682B6010F01B
:102A0000400F18BF36B2EFE72B682068191D296008
:102A1000010601D51E6802E04606FBD51E88544813
:102A20006F2F0CBF08230A23002184F84310656828
:102A3000A560002DA2BF216821F0040121600EB91C
:102A4000002D4DD01546B6FBF3F103FB1167C75DB2
:102A500005F8017D3746BB420E46F4D9082B0BD151
:102A60002368DE0708D5236961689942DEBF3023F9
:102A700005F8013C05F1FF35521B2261CDF800A09D
:102A80004B4603AA21464046FFF7E2FE01304CD1F7
:102A90004FF0FF3004B0BDE8F087354881F845704D
:102AA0002968236851F8046B29601D0614D5DF07D7
:102AB00044BF43F0200323601EB9236823F02003A2
:102AC00023601023B0E7236843F0200323607823BA
:102AD000284884F84530E3E7590648BFB6B2E6E730
:102AE0001546BBE72B6826686169181D2860350606
:102AF0001B6801D5196002E07006FBD51980002320
:102B000023611546BAE72B681A1D2A601D686268A2
:102B100000212846EDF7ECFB08B1401B60606368BC
:102B20002361002384F84330A8E723692A464946F5
:102B30004046D0470130ABD023689B0713D4E068F0
:102B4000039B9842B8BF1846A4E701233246494682
:102B50004046D04701309BD00135E36803995B1AAA
:102B6000AB42F2DCEBE7002504F11906F5E700BF04
:102B7000B9300108CA300108884210B501EB0204DF
:102B800002D98442234607D8431EA14208D011F837
:102B9000012B03F8012FF8E7024401468A4200D1D5
:102BA00010BD13F8014D02F8014DF7E7F8B50746DF
:102BB00014460E4621B9BDE8F8401146FFF740BC67
:102BC00022B9FFF7F1FB25462846F8BD00F014F8BE
:102BD000A0420FD221463846FFF732FC05460028B6
:102BE000F2D031462246FFF7C9FB31463846FFF79F
:102BF000DBFBE9E73546E7E751F8043C181F002BFB
:102C0000BCBF0B58C0187047044A05491368002B15
:102C100008BF0B4618441060184670473422012440
:102C200038220124FFFFFFFFFFFF00000106000024
:102C3000010700000054004000580040005C0040C4
:102C4000001C0058250026002700340035004700EE
:102C5000520053008E000000010101030701000033
:102C6000000000400004004000080040000C00404C
:102C7000707265737365640072656C656173656419
:102C800000000000010400006DDBDBB64992B66D68
:102C9000244992242D2D0000257325640000000096
:102CA00043000000432300004400000044230000D0
:102CB00045000000460000004623000047000000D9
:102CC00047230000410000004123000042000000B3
:102CD000A02C0108A42C0108A82C0108AC2C010888
:102CE000B02C0108B42C0108B82C0108BC2C010838
:102CF000C02C0108C42C0108C82C0108CC2C0108E8
:102D0000F1F0F03CF1F0703DF1F0F03DB5B4343E3F
:102D1000F1F0703EB5B4343EF1F0F03DF1F0703DAD
:102D2000F1F0F03C452C25640A000000502C25648D
:102D30002C25642C25642C25640A0000532C256462
:102D40002C25732C25640A00542C25642C25642C16
:102D500025732C25642C25640A000000000610163B
:102D600000061016060000000C0000001200000013
:102D70001800000000010000060100000C01000026
:102D8000120100001801000000020000060200000D
:102D90000C020000120200001802000000030000F4
:102DA0000603000000020300000000000100000014
:102DB000000000000000FA4500007A460000FA46D4
:102DC00000803B470080BB470010014000440040AA
:102DD00000480040004C00400050004000140140FA
:102DE00000780040007C0040000C0058000000000B
:102DF00000040000000600000010000000000000B9
:102E00000030000000200000000000100000000062
:102E1000001000000000000001020304010203048E
:102E20000607080900020102000201020100020077
:102E30000400080010002000400080000001000293
:102E4000000400080010002000400080000002582C
:102E50000004025800080258000C025800100258E2
:102E60000014025800180258001C02580020025892
:102E700000240258002802580000000001808080D1
:102E80008080808004808080808080800880808036
:102E90008080808010808080808080802080808002
:102EA0008080808040000000000408102040000066
:102EB0000204081020400000080402040801010177
:102EC000000000000B00FF00940200247C0200249C
:102ED000880200244C020024B8020024A00200242E
:102EE000AC02002458020024DC020024C4020024A6
:102EF000D0020024640200248820012470200124D0
:102F00007C20012458200124AC2001249420012499
:102F1000A02001246420012400030024E8020024EE
:102F2000F402002470020024BEF3F879EC61F63F4D
:102F30001930965BC6FEDEBF3D88AF4AED71F53FA6
:102F4000A4FCD432680BDBBFB010F0F03995F43F2D
:102F50007BB71F0A8B41D7BF8503B8B095C9F33F34
:102F60007BCF6D1AE99DD3BFA564880C190DF33F83
:102F700031B6F2F39B1DD0BFA08E0B7B225EF23FD9
:102F8000F07A3B1B1D7CC9BF3F341A4A4ABBF13F54
:102F90009F3CAF93E3F9C2BFBAE58AF05823F13FF3
:102FA0005C8D78BFCB60B9BFA70099413F95F03FDA
:102FB000CE5F47B69D6FAABF000000000000F03F43
:102FC0000000000000000000AC479AFD8C60EE3F5E
:102FD0003DF5249FCA38B33FA06A021FB3A4EC3F5B
:102FE000BA913854A976C43FE6FC6A573620EB3FC5
:102FF000D2E4C44A0B84CE3F2DAAA163D1C2E93FDB
:103000001C65C6F04506D43FED417803E686E83FEF
:10301000F89F1B2C9C8ED83F624853F5DC67E73F36
:10302000CC7BB14EA4E0DC3F4D7E0AF7B612D7BF91
:10303000E0326849BFCADE3FDEE3FA9F4715E7BFCB
:10304000B8C8355F4715F73F0000000000000000DA
:103050000000000000000000000000000000000070
:103060000000000000000000000000000000000060
:103070000000000000000000000000000000000050
:103080000000000000000000000000000000000040
:103090000000000000000000000000000000000030
:1030A0000000000000000000232D302B2000686C81
:1030B0004C0065666745464700303132333435365B
:1030C0003738394142434445460030313233343594
:1030D000363738396162636465660000F8B500BF51
:1030E000F8BC08BC9E467047F8B500BFF8BC08BCE9
:0430F0009E46704741
:0830F400CCD2FE7F01000000B8
:1030FC00C502000891080008F96A0008C97900089F
:10310C00F57F0008D1930008A59B0008E50B01088A
:04311C00DD100108B9
:04312000A102000800
:10312400000000000100000010000000100000007A
:10313400000000000000000000000000000000008B
:10314400000000001000000000000000000000006B
:10315400000000000000000000000000100000005B
:10316400000000000000000000000000000000005B
:10317400000000000000000000000000000000004B
:10318400000000000000000000000000010000003A
:10319400000000000000000000000000000000002B
:1031A400000000000000000001000000000000001A
:1031B400000000000000000000000000000000000B
:1031C40000000000010000000000000000000000FA
:1031D40000000000000000000000000000000000EB
:1031E40001000000000000000000000000000000DA
:1031F40000000000000000000000000001000000CA
:1032040000000000000000000000000000000000BA
:1032140000000000000000000100000000000000A9
:10322400000000000000000000000000000000009A
:103234000000000001000000000000000000000089
:10324400000000000000000000000000000000007A
:103254000100000000000000000000000000000069
:103264000000000000000000000000000100000059
:10327400010708000000000000000000010608002B
:1032840000000000000000000B00FF00FC0100240F
:10329400F001002414020024080200242C0200245B
:1032A40020020024C0010024B4010024D801002419
:1032B400CC010024B80F012438020024E4010024C6
:1032C400940F0124AC0F0124A00F01245C010024FD
:1032D40050010024010808020B0800010800000046
:1032E400010908020A08000008000000010C0E038E
:1032F400020801050E000000020C0801060E000081
:103304000000000001040B000000000000000000A9
:10331400010707010F040000000000000106070177
:103324000E0400000000000000030700000000007D
:103334000000000000020700000000000000000080
:10334400020B07000000000000000000020A070052
:103354000000000000000000060907000000000053
:10336400000000000090D0030090D003060A05007E
:103374000405000000000000010C05010407010918
:10338400050000000004060000000000000000002A
:103394000004080000000000000000000104050013
:1033A40006050609050000000105050007050000E3
:1033B40000000000060B05000505000000000000E9
:1033C400010E0502020500000000000002010501D3
:1033D4000F050203050000000303050000000000C0
:1033E40000000000020B06010406000000000000BB
:1033F400020C06010507000000000000020A060096
:10340400000000000000000001040800060800009D
:10341400000000000105080007080000000000008B
:10342400000508000000000000000000000000008B
:103434000000000000000000000000000000000088
:103444000000000001000000000000000000000077
:103454000000000000000000000000000000000068
:103464000100000000000000000000000000000057
:103474000000000000000000000000000100000047
:103484000000000000000000000000000000000038
:10349400000000000000000001000000FF00000028
:1034A400840300240000000068300108883001080B
:1034B4004830010800000000000000000000000087
:1034C40000000000000000000000000000000000F8
:1034D40000000000000000000000000000000000E8
:1034E40000000000000000000000000000000000D8
:1034F40000000000000000000000000000000000C8
:0435040000000000C3
:040000050800069950
:00000001FF
