:020000040800F2
:1000000000000220110A00080D0A0008F9B40008D7
:100010000D0A00080D0A00080D0A00080000000083
:100020000000000000000000000000000D0A0008B1
:100030000D0A0008000000000D0A00087DB4000849
:100040000D0A00080D0A00080D0A00080D0A000834
:100050000D0A00080D0A00080D0A00080D0A000824
:100060000D0A00080D0A00080D0A0008B1A00008DA
:10007000BDA000082D8E0008C9A00008D5A000086A
:1000800031AF0008DD9500080D0A00080D0A0008D0
:100090000D0A00080D0A00080D0A00080D0A0008E4
:1000A0000D0A00080D0A00080D0A00080D0A0008D4
:1000B000B92D0108C52D0108D12D010811960008A0
:1000C0000D0A00081D9600080D0A000829260108DF
:1000D0003526010865AD000891AD0008C5AD0008E2
:1000E0000D0A00080D0A0008000000000D0A0008B3
:1000F0000D0A00080D0A00080D0A00080D0A000884
:100100000D0A00080D0A0008DD2D0108412601082E
:10011000F9AD00082DAE00080D0A00080D0A000810
:100120000D0A00080D0A0008652601089926010835
:1001300065AF00080D0A00080D0A00080D0A000846
:1001400000000000000000000000000000000000AF
:100150000D0A00080D0A00080D0A000861AE00082B
:10016000299600080D0A00088DB40008B1B40008F3
:100170000D0A0008D5B400080D0A00080D0A000891
:100180000D0A00080D0A000895AE0008C9AE000867
:100190004D260108592601080D0A00080D0A00081D
:1001A0000D0A00080D0A00080D0A00080D0A0008D3
:1001B000D19D00080D0A00080D0A00080D0A00086C
:1001C0000D0A00080D0A00080D0A00080D0A0008B3
:1001D0000D0A00080D0A00080D0A00080D0A0008A3
:1001E0000D0A00080D0A00080D0A00080D0A000893
:1001F0000D0A00080D0A00080D0A00080D0A000883
:100200000D0A00080D0A00080D0A00080D0A000872
:100210000D0A00080D0A00080D0A00080D0A000862
:100220000D0A00080D0A00080D0A00080000000071
:100230000D0A00080D0A0008000000000D0A000861
:100240000D0A00080D0A00080D0A00080D0A000832
:100250000D0A00080D0A00080D0A00080D0A000822
:100260000D0A00080D0A00080D0A00080D0A000812
:100270000D0A00080D0A0008FDAE0008000000008D
:100280000D0A00080D0A00080D0A00080000000011
:08029000000000000D0A000847
:1002A00010B5054C237833B9044B13B10448AFF3B0
:1002B00000800123237010BDF00300240000000023
:1002C000B464010808B5034B1BB103490348AFF3FD
:1002D000008008BD00000000F4030024B46401089D
:1002E000034613F8012B002AFBD1181A0138704776
:1002F00001F0FF01102A2BDB10F0070F08D010F8D7
:10030000013B013A8B422DD010F0070F42B3F6D1DA
:10031000F0B441EA012141EA014122F007047FF0F3
:1003200000070023F0E80256083C85EA010586EA4A
:10033000010685FA47F5A3FA87F586FA47F6A5FA86
:1003400087F68EB9EED1F0BC01F0FF0102F0070292
:1003500032B110F8013B013A83EA010313B1F8D13D
:100360000020704701387047002D06BF354603381E
:10037000073815F0010F07D1013015F4807F02BF57
:10038000013015F4C03F0130F0BC0138704700BFA8
:1003900081F0004102E000BF83F0004330B54FEA36
:1003A00041044FEA430594EA050F08BF90EA020FA3
:1003B0001FBF54EA000C55EA020C7FEA645C7FEA36
:1003C000655C00F0E2804FEA5454D4EB5555B8BF59
:1003D0006D420CDD2C4480EA020281EA030382EACA
:1003E000000083EA010180EA020281EA0303362D5C
:1003F00088BF30BD11F0004F4FEA01314FF4801C2F
:100400004CEA113102D0404261EB410113F0004F40
:100410004FEA03334CEA133302D0524263EB4303F7
:1004200094EA050F00F0A780A4F10104D5F1200E95
:100430000DDB02FA0EFC22FA05F2801841F10001F0
:1004400003FA0EF2801843FA05F359410EE0A5F1C4
:1004500020050EF1200E012A03FA0EFC28BF4CF0F5
:10046000020C43FA05F3C01851EBE37101F00045AB
:1004700007D54FF0000EDCF1000C7EEB00006EEBB8
:100480000101B1F5801F1BD3B1F5001F0CD3490842
:100490005FEA30004FEA3C0C04F101044FEA445299
:1004A00012F5800F80F09A80BCF1004F08BF5FEA20
:1004B000500C50F1000041EB045141EA050130BD00
:1004C0005FEA4C0C404141EB0101013C28BFB1F512
:1004D000801FE9D291F0000F04BF01460020B1FA5D
:1004E00081F308BF2033A3F10B03B3F120020CDA30
:1004F0000C3208DD02F1140CC2F10C0201FA0CF00E
:1005000021FA02F10CE002F11402D8BFC2F1200C72
:1005100001FA02F120FA0CFCDCBF41EA0C01904028
:10052000E41AA2BF01EB0451294330BD6FEA040471
:100530001F3C1CDA0C340EDC04F11404C4F120025C
:1005400020FA04F001FA02F340EA030021FA04F36E
:1005500045EA030130BDC4F10C04C4F1200220FAC5
:1005600002F001FA04F340EA0300294630BD21FA03
:1005700004F0294630BD94F0000F83F4801306BFC9
:1005800081F480110134013D4EE77FEA645C18BFBD
:100590007FEA655C29D094EA050F08BF90EA020F54
:1005A00005D054EA000C04BF1946104630BD91EA4C
:1005B000030F1EBF0021002030BD5FEA545C05D14F
:1005C0004000494128BF41F0004130BD14F580048E
:1005D0003CBF01F5801130BD01F0004545F0FE4102
:1005E00041F470014FF0000030BD7FEA645C1ABF37
:1005F000194610467FEA655C1CBF0B46024650EA6E
:10060000013406BF52EA033591EA030F41F4002199
:1006100030BD00BF90F0000F04BF0021704730B51F
:100620004FF4806404F132044FF000054FF00001F4
:1006300050E700BF90F0000F04BF0021704730B5B5
:100640004FF4806404F1320410F0004548BF40428A
:100650004FF000013EE700BF42004FEAE2014FEADF
:1006600031014FEA02701FBF12F07F4393F07F4FBA
:1006700081F06051704732F07F4208BF704793F0BD
:100680007F4F04BF41F40021704730B54FF46074D0
:1006900001F0004521F000411CE700BF50EA0102D3
:1006A00008BF704730B54FF000050AE050EA01027C
:1006B00008BF704730B511F0004502D5404261EBEC
:1006C00041014FF4806404F132045FEA915C3FF42D
:1006D000D8AE4FF003025FEADC0C18BF03325FEACA
:1006E000DC0C18BF033202EBDC02C2F1200300FA7B
:1006F00003FC20FA02F001FA03FE40EA0E0021FAA0
:1007000002F11444BDE600BF53B94AB9002908BF3D
:1007100000281CBF4FF0FF314FF0FF3000F074B9DC
:10072000ADF1080C6DE904CE00F006F8DDF804E048
:10073000DDE9022304B070472DE9F047089D044627
:100740008E46002B4DD18A42944669D9B2FA82F284
:1007500052B101FA02F3C2F1200120FA01F10CFAC0
:1007600002FC41EA030E94404FEA1C48210CBEFBF8
:10077000F8F61FFA8CF708FB16E341EA034306FB81
:1007800007F199420AD91CEB030306F1FF3080F010
:100790001F81994240F21C81023E63445B1AA4B25D
:1007A000B3FBF8F008FB103344EA034400FB07F7FF
:1007B000A7420AD91CEB040400F1FF3380F00A8140
:1007C000A74240F207816444023840EA0640E41B35
:1007D00000261DB1D4400023C5E900433146BDE8E1
:1007E000F0878B4209D9002D00F0EF800026C5E983
:1007F000000130463146BDE8F087B3FA83F6002E9B
:100800004AD18B4202D3824200F2F980841A61EB12
:10081000030301209E46002DE0D0C5E9004EDDE730
:1008200002B9FFDEB2FA82F2002A40F09280A1EB18
:100830000C014FEA1C471FFA8CFE0126200CB1FB6D
:10084000F7F307FB131140EA01410EFB03F0884266
:1008500008D91CEB010103F1FF3802D2884200F2F3
:10086000CB804346091AA4B2B1FBF7F007FB101185
:1008700044EA01440EFB00FEA64508D91CEB040423
:1008800000F1FF3102D2A64500F2BB800846A4EB7E
:100890000E0440EA03409CE7C6F12007B34022FA69
:1008A00007FC4CEA030C20FA07F401FA06F31C4398
:1008B000F9404FEA1C4900FA06F3B1FBF9F8200CA5
:1008C0001FFA8CFE09FB181140EA014108FB0EF0EB
:1008D000884202FA06F20BD91CEB010108F1FF3A3B
:1008E00080F08880884240F28580A8F10208614447
:1008F000091AA4B2B1FBF9F009FB101144EA014155
:1009000000FB0EFE8E4508D91CEB010100F1FF34FF
:100910006CD28E456AD90238614440EA0840A0FB97
:100920000294A1EB0E01A142C846A64656D353D06D
:100930005DB1B3EB080261EB0E0101FA07F722FA91
:1009400006F3F1401F43C5E9007100263146BDE8BA
:10095000F087C2F12003D8400CFA02FC21FA03F31D
:10096000914001434FEA1C471FFA8CFEB3FBF7F09E
:1009700007FB10360B0C43EA064300FB0EF69E42C3
:1009800004FA02F408D91CEB030300F1FF382FD25C
:100990009E422DD9023863449B1B89B2B3FBF7F604
:1009A00007FB163341EA034106FB0EF38B4208D9DD
:1009B0001CEB010106F1FF3816D28B4214D9023E1E
:1009C0006144C91A46EA004638E72E46284605E73C
:1009D0000646E3E61846F8E64B45A9D2B9EB02080D
:1009E00064EB0C0E0138A3E74646EAE7204694E79D
:1009F0004046D1E7D0467BE7023B614432E73046D0
:100A000009E76444023842E7704700BFFEE700BFD1
:100A10000B480C4A904203D0121A0B4913F090FE77
:100A20000A480B4A904203D0121A002113F096FE96
:100A30000AF0C6FF13F050FE00F018F8FEE700BF02
:100A400000000024EC030024E4640108F003002407
:100A5000646F0124704700BF8446134602480A466B
:100A6000614600F085BF00BF0C0400242DE9F04F63
:100A7000002197B07C4806F0A1FD03217A4806F0DA
:100A8000A1FC3021784806F0BDFC784C7848DFF8AE
:100A9000F481784D784FDFF8F0A1784E7249224604
:100AA00000F02EFA404601F083FD4FF00008284682
:100AB00001F0D0FAC3460AF08FFD01463846C14620
:100AC00001F03CFB47460AF087FD4246014650468E
:100AD00002F016FA644806F091FC214630462A4698
:100AE00001F076F866496048FF26CDF80C8006F0E4
:100AF00065FC25E0002E5BD021465F4801F01EFB1F
:100B000023464FF0000B4F2B00F28580A4EB080327
:100B1000B3F5FA7F0FD3594904A801F039F89DEDD8
:100B2000071A01220B99DDED050AA0469DED040A86
:100B3000544801F01DFF012037462E460AF054FDAF
:100B40000AF04AFD04465048214602F0A9F99AF8F5
:100B50007C30023B012B3ED945490CA82346424A32
:100B600000F036FB12999DF84250A1F101013E4878
:100B7000B1FA81F1490906F061FCAE4203D0294681
:100B8000404801F031FD9DF84C30E3B99DF840300C
:100B900023B9A4EB0903B3F5FA7F04D30CA93948B0
:100BA000A14601F03BFDB5FA85F67609002FA1D0EC
:100BB00065B307B32146304801F0C0FA31480394C9
:100BC00001F072FEA2E7DDE914239DF84D102D48D7
:100BD00001F0E6FDDAE72D4802F02AF9012837D0C6
:100BE00002283BD02146284802F0D6F901461E488B
:100BF00006F024FCB0E74DB1039BE31AB3F57A7F0E
:100C000084D32048039401F04FFE7FE7A4EB0B034D
:100C10004F2B7FF67BAF4FF480521D49154801F0F2
:100C200043FA08B9A34671E704A89DED0E1ADDED5D
:100C30000D0A4FF480539DED0C0AA346144A0E4949
:100C4000009401F06FFB04A90E4801F0C7FD5DE7B9
:100C50009AED290A0B4801F041FEC3E7DAF8AC101F
:100C6000084801F06BFEBDE774910024A4500024F5
:100C7000B491002468500024705000240C04002417
:100C8000590A00081C920024B4500024305100245A
:100C90007451002438B515480024154A15490460DC
:100CA00044610462C46313F013FC134B13485C608B
:100CB00043F8044B5C601C8100F0BEF8104D1148F5
:100CC00001F0B4F9104801F023FA284600F076FC50
:100CD000074A0E49284613F0FBFB0D4801F064FC5F
:100CE0000C48BDE8384002F0ABB800BF7491002456
:100CF00000000024550A0008A4500024B4910024E8
:100D00000C0400246850002470500024190D0008C1
:100D10001C920024B450002410B50446083002F0A0
:100D20008FFB204610BD00BFF0B50D8807464E88EA
:100D3000013A00F10E044FF0000CAE422CBF00232C
:100D4000012303732B460AE09E4510D27344944559
:100D50004FEA530324F8023B0BDA31F8023FAE426C
:100D60000CF1010CB1F802E0EED39E45EED8002064
:100D7000F0BD012318467B73F0BD00BF70B5064679
:100D8000407B30B3F0697568002801DDA84221DDA1
:100D9000002D4DDD33684FF0010C00204FF6FF743D
:100DA000A3F1020E3EF8023F9942A3EB0102A1EB30
:100DB000030392B288BF9AB26346A24201D2604650
:100DC0001446AB420CF1010CECDB7389A34238BF33
:100DD000002070BD6FF000423368B6F80AE00244AC
:100DE000348933F8122074448A42A4B234BF8A1A78
:100DF000521A92B29442ECD29E1E012400204FF669
:100E0000FF7C36F8023F9942A3EB0102A1EB0303FA
:100E100092B288BF9AB22346624501D220469446D8
:100E20009D4204F10104ECDCE64538BF002070BDB2
:100E300000204FF6FF74C8E710B4184C03464FF675
:100E40000B7C002220680021A3F804C040F2011CA2
:100E5000C3F86200A088A3F84C20A3F866001846E7
:100E60001A601A61A3F818C0A3F844209A6483F8A2
:100E70004E20196559659965DA65A3F86020C3E9C4
:100E80000B22C3E902225DF8044BC3E90722C3E940
:100E90000922C3E90D22C3E90F22704794500108CB
:100EA00090F844305BB303684BB3B0F860C0F0B562
:100EB000B0F85C40B0F85EE090F84C7090F84D608F
:100EC00090F84E50A0F86240A0F864E0A0F866C028
:100ED00000201A68BFF35B8F911C42F0010221F0E1
:100EE00001011A601F715E719D71D8711C81A3F898
:100EF0000AE0A3F80CC0BFF35B8F1960F0BD704728
:100F00002DE9F04F002402260546804689464FF021
:100F1000010A08F1200B08272DED028B9FB045F840
:100F2000042B32468DF814600CA88DF815400599F5
:100F300007F0E8FC03238DF8184032468DF819308D
:100F40000DF14200069907F0DDFC8DF81CA08DF82C
:100F50001DA03246079915A807F0D4FC07238DF889
:100F6000204032468DF821300DF16600089909F1D4
:100F7000180607F0C7FC04230CA930461A4607F0F0
:100F8000D5FC304607F0E0FE0521484606F012FA8F
:100F90008A4A5346284611682246009407F0F2FF19
:100FA000DFED877A87490622874B5846C8F84040CC
:100FB000B0EE678A88F82D40F0EE678AC8F82010F6
:100FC000C8E90E44C8E90923FFF7AEFE8246CDED1D
:100FD000097ACDED0A7ACDED0B7A0AAD0024E1B2A3
:100FE000304607F0C7FEB5EEC00AF7EE007AF1EE24
:100FF00010FA0FD4B4EE670A0134F1EE10FA37FE9E
:10100000800A30EE080A032C05ED010A0BD0B5EC7E
:10101000018AE4E79FED6A0A013430EE080A032CE6
:1010200005ED010AF3D12146304607F0A3FEB5EEE7
:10103000C00AF1EE10FA12D4F7EE007AB4EE670AA5
:10104000F1EE10FA37FE800A0121484678EE808AD8
:1010500006F0B0F9013F05D09DED098ABDE79FED8F
:10106000580AF1E708F15C0109A808F150030C46A1
:10107000B4EE007AF0EC017AF7EE006A002267EE37
:10108000877AF5EEC07AE3EC017AF1EE10FA11D42A
:10109000F4EEE67A9FED4D6AB6EE007A4FF6FF72F7
:1010A000F1EE10FA06DCA7EE867ABCEEC77A17EEF0
:1010B000102A92B29C4221F8022BD9D1BAF1000F2A
:1010C00031D0F4EE007A68EEA78AF5EEC08AF1EE30
:1010D00010FA33D5002103910AF07EFA03990646EF
:1010E0005846FFF74BFED8F838400546A0423BD0A3
:1010F0000446C8F83800C8F840605846FFF73EFE7E
:10110000A042D8F83C5006F1140640D02C46C8F84E
:101110003800C8F84060002C08BF2C46631E042B22
:1011200098BF88F84C300123404688F84430FFF7D8
:10113000B7FE1FB0BDEC028BBDE8F08FF7EE007A72
:10114000F4EEE78AF1EE10FA02DD4FF6FF71C2E726
:10115000F6EE007A9FED1D7AE8EE877AFCEEE77AEC
:1011600017EE903A99B2B6E7D8F83C0085420246AD
:101170001CD0D8F84030F31A132B1AD95846C8F8A7
:101180003C50FFF7FBFDA04206F11406BED1AC4275
:1011900009D0D8F84010721A132A94BFD8F83C40EE
:1011A000C8F83C40B7E72246D8F83C00044615464C
:1011B000B1E72C4614360546E9E700BF3C5101086B
:1011C00000000000405101088403F00A00FF7F473F
:1011D0002DE9F04F00250C4602F1180B2822294674
:1011E000074604F15C0604F15008BA46A9462DED05
:1011F000028B83B0019313F0B1FAB4F84C207A82D9
:10120000E26BBA61E9B2584607F0B4FDB5EEC00A28
:10121000F1EE10FA5FD4F7EE007AB4EE670AF1EE61
:1012200010FA37FE800AD8ED007A9FED7A7A30EE18
:10123000670AE0EE077AF5EEC07AE8EC017AF1EEA3
:1012400010FA42D4B7EE007AF4EEC77AF1EE10FA53
:1012500044DCB6EE007ADFED706AA7EEA67AFCEE0B
:10126000C77A17EE903A9AB207EE902AB8EE677AEC
:10127000C7EE267AF1883280914234BF521A8A1A18
:1012800092B2802A05F1010506F10206EAEC017A24
:1012900028BF4FF00109032DB4D1B6EE008A2946CC
:1012A000584687ED038A07F065FDB5EEC00AF1EEFA
:1012B00010FA18D4F7EE007AB4EEE70AF1EE10FA5D
:1012C00040F396804FF6FF710EE00022DFED537A77
:1012D0003280F288D5E79FED510AA4E7F0EE477A15
:1012E0004FF6FF72C6E7002104F12000B982FFF734
:1012F00045FDA36B984262D0019BA063E06B236421
:10130000B8610138042813D9201D4D4607F020FF8D
:10131000637E834220D0019B6076E36187F8109062
:10132000002D43D1384603B0BDEC028BBDE8F08FF1
:10133000C0B294F84C308342E6D00023012584F8F3
:101340004C00B874201D84F84D30FB747D7407F098
:10135000FFFE637E8342DED1227E9A42DED0E269C6
:101360000199A1EB020ABAF10E0FD7D92376002B0F
:1013700030D194F84530002BD0D1012394F84C2083
:1013800084F84530A36C0133A3647B62002A3BD010
:1013900094F84D3040F2011287F8109083F0010369
:1013A000BA831F4A84F84D30FB743A622046FFF737
:1013B00077FD384603B0BDEC028BBDE8F08FE26BE1
:1013C00090429DD0236C0199CB1A132B94BF1046E9
:1013D000E06395E794F84530002B9FD0002384F814
:1013E0004530A36C7B6201233B770E4B3B6295E754
:1013F000F0EE487A9FED087AE0EE077AFCEEE77AA5
:1014000017EE903A99B26FE740F20113BB83044B99
:101410003B6283E70AD7A33D00FF7F47000000003F
:101420002851010830510108037833B3F0B58C46D8
:1014300086460AE0192D98BFFBB2192C98BFF2B26C
:10144000934214D11EF8013F6BB11CF8012BA3F19C
:10145000410503F12007A2F1410402F12006002A10
:10146000E8D10120F0BD9CF80030002BF9D010F835
:10147000013F002BDBD11846F0BD1846704700BF76
:1014800041F2E8230B4400EB83032DE9F041D3F84C
:101490000480B8F1000F1CD001EB4103174644F65D
:1014A000B8320D4600EB830304464E0099580029DC
:1014B0002CDA731944F6BC3204EB830399580029E3
:1014C00017DA354444F6C03304EB8504E1580029AB
:1014D00001DABDE8F081BB8840469FED130A07EEB4
:1014E000903AF8EE677ABDE8F04187EE800A01F0A5
:1014F00061BF7B8840469FED0C0A07EE903AF8EEFC
:10150000677A87EE800A01F055FFDAE73B884046AC
:101510009FED050A07EE903AF8EE677A87EE800AAB
:1015200001F048FFC5E700BF00FF7F472DE9F04706
:101530000746884691469A4600250DE049462046D2
:10154000FFF772FF58BBBAF1000F04D05146204696
:10155000FFF76AFF18BB0135384601F0CBFEA84201
:1015600026DD2946384601F0C7FEB0FA80F604466B
:101570007609B8F1000F15D0A6B94146FFF754FF20
:1015800068B9B9F1000FD9D1BAF1000FE3D0002E3C
:10159000E1D151462046FFF747FF0028DBD028461F
:1015A000BDE8F087B9F1000FEED0002CD3D0C5E72D
:1015B0004FF0FF352846BDE8F08700BF2DE9F04F1A
:1015C000002500F10804064683B0C0E90055204616
:1015D00001F0A6FF06F5804E2F4BB7EE007A0EF60F
:1015E0002442CEF8A84B9C4603F13C070EF542631B
:1015F00001920EF6B834CEF8A45B00930EF6144BAD
:10160000CEF8AC5B0EF6184ACEF8B05BCEF8B45B01
:101610009FED226ADFED226ADFED227ABCE80F003F
:101620000FC4BCE80F000FC4BCE80F000FC49CE857
:10163000070084E8070003CF019A3B88CEF8FE0B31
:101640003046AEF8063C009BCEF8F45BCEF8F85B73
:10165000AEF8FC5BCEF8085CCEF80C5C8EF8105C43
:10166000CEF8021C8BED006ACAED006A8EF81C5C95
:1016700083ED007AC2ED007ACEF8445CCEF8485C87
:10168000CEF84C5CCEF8505CCEF8545CCEF8585C8A
:1016900003B0BDE8F08F00BF9C50010800000000BF
:1016A0008888883B8888083B70B500F108050023CE
:1016B00000F580463D4A3E4928461C46FFF736FF66
:1016C0003C4BC6F8C40B28463B4A3C49FFF72EFF6B
:1016D000C6F8C80B00E00134284601F00BFE0346B3
:1016E00021462846A34217DD01F006FE34490028B2
:1016F000F1D0FFF799FE0028EDD0D6F8C43BC6F82C
:10170000CC4B002B10DBD6F8C83B002B18DBD6F8EF
:10171000CC3B002B20DB70BDD6F8C43B4FF0FF3430
:10172000002BC6F8CC4BEEDA0021284601F00EFE65
:1017300000281ADBC6F8C40BD6F8C83B002BE6DA43
:101740000121284601F002FE002818DBC6F8C80B6C
:10175000D6F8CC3B002BDEDA0221284601F0F6FD5C
:10176000002817DBC6F8CC0B70BD284601F0C2FD7F
:10177000B0FA80F040094042C6F8C40BDCE72846C6
:1017800001F0B8FD01288CBF01204FF0FF30C6F8F2
:10179000C80BDDE7284601F0ADFD02288CBF022012
:1017A0004FF0FF30C6F8CC0BDEE700BF4C5101080C
:1017B00050510108545101085C510108645101085D
:1017C0006C510108F0B5046887B02CB12568BFF3EF
:1017D0005B8F15F0010C01D007B0F0BD03AE221DE8
:1017E0000346B64607CAAEE80300AEF800202268FA
:1017F000BFF35B8F9542EFD1EE4603F5804496E848
:101800000700774603C73A80D4F8082CAA42E3D0F1
:10181000C4F8085C04F6F435B4F8026C01279EE8BD
:10182000070003C52A80B4F8F82BA4F8F47BB24271
:1018300045D044F6F832184601211A44FFF720FE3D
:1018400094F8F53B94F8F42BB3F1000C18BF4FF06B
:10185000010C94F80E1C914203D194F80F1C6145C1
:1018600021D004F6144184F80E2C84F80FCCD1ED6D
:10187000007AF5EEC07AF1EE10FA05DD94F80C1C52
:1018800011B194F80D1C69B304F61441002084F8DA
:101890000C2C84F80DCC086012B1BCF1000F1FD0E5
:1018A000002384F8103C04F6F43303CB1B88C4F8FF
:1018B000FE0BC4F8021CA4F8063C07B0F0BDB4F857
:1018C000FA1BB4F8042C9142B3D1B4F8FC1BB4F861
:1018D000062C9142ADD194F8FE2BBA42B9D0A8E7BC
:1018E0000223DEE7012384F8103CDCE700F58040AA
:1018F00090F8103C012B17D0022B00D0704700F657
:10190000144200F61843B7EE007AD2ED007AD3ED18
:10191000006A77EEA67AF4EEC77AF1EE10FA13DBDE
:10192000002382ED007A1EE000F6144200F6184310
:101930000021D2ED007A93ED007A77EEC77AF5EECA
:10194000C07AF1EE10FA02D9C2ED007A7047116048
:1019500090F80F2C90F80E3C80F80D2C80F80C3C81
:1019600003B11AB1002380F8103C70470223FAE754
:101970002DE9F04F00F5804506461F468846924601
:101980002DED028B83B095F80C3C019309F026FEF7
:10199000C5F8300C3046FFF715FF706820B195F898
:1019A0001C3C002B00F0E980002F7AD000240FE0CF
:1019B000DFED757AB4EE678AF1EE10FA37FE888AA9
:1019C0000134304683ED008AFFF790FFA74268D0CC
:1019D00095F80C2C41F2E82CD8F800304FEA840B33
:1019E000944403EB840306EB8C0C93ED008ADCF843
:1019F0000490002A3FD0B9F1000F3CD095F80D3C7F
:101A0000B0EE480AFBB395F8103CE3BBF0EE488A11
:101A100005F6144238EEC87AF0EE487ADFED5B6ADC
:101A200092ED006ADAF80030E6EE077A5B44F4EEF5
:101A3000E67AF1EE10FA23D49FED537AF4EE477A6A
:101A4000F1EE10FA77FE277A05F6144230EE480AD6
:101A5000C3ED007A92ED007ADFED4C7AA7EE008AB2
:101A6000DAF804305B44B4EEE78AF1EE10FA9FD561
:101A7000B0EE678AA4E7B0EE480AF0EE488AC7E7FE
:101A8000F0EE667AE0E7D9F800304846DB68984720
:101A9000484601F0CDFC4846F0EE408A01F0CCFC0F
:101AA000B6E709F09BFDD5F8303C95F8282CC31A11
:101AB00007EE903A05F62843F8EE677A93ED017A3F
:101AC00067EE877A1AB3B0EE677A0022C3ED057A23
:101AD000C3ED037AC3ED047A85F8282CB4EE477A77
:101AE000F1EE10FA02D1019B042B37D9F7EE007A00
:101AF000B4EEE77AF1EE10FA04DDD5F8583C013384
:101B0000C5F8583C03B0BDEC028BBDE8F08F93EDF7
:101B1000047AF4EEC77AF1EE10FA03DDB0EE677ADC
:101B2000C3ED047A05F62843D3ED036AF4EEE67AB2
:101B3000F7EE006AF1EE10FA48BFC3ED037A05F63E
:101B4000284393ED066AD3ED055A76EEC66A66EE33
:101B5000A56AE7EE866AC3ED056ABFE706EB830672
:101B600044F644433344D3ED007AF4EEC77AF1EE01
:101B700010FA48BF83ED007AB8E73A46D8F800106B
:101B800000F078FA10E700BF3333733F333373BF8D
:101B900001F58042844602F6284310B518690CF11D
:101BA000080ED2F8584C5A6944F64443CCF81C400D
:101BB000CC18CCF80400CCF80020A268C8586168A2
:101BC000E368AEE80F002069CEF80000604610BD63
:101BD00070B505460126083005F580442DED028BD1
:101BE00082B0B0EE408AF7EE008A0190C5E900129B
:101BF00001F0CAFC3146019801F00CFA2846FFF7C3
:101C000053FD09F08DFEDFED2B6A07EE900ADFED44
:101C10002A5A88EE266A04F62843284A04F64441E4
:101C200028460025B8EE677AC6EE887AC5EE866A41
:101C300067EE877A88EEA77A36EEA86AC6EE867ACD
:101C400083ED017AC3ED067A84F8286CDA601A61B4
:101C50005A61002304F648420B60136004F64C42BC
:101C6000136004F54562136004F654421360C4F82F
:101C7000585CFFF7A7FD9FED120A04F614434FF0DE
:101C8000011128EE008AA4F8F46BC4F80C1C04F5CA
:101C90004262C3ED008A04F62443C8EE887A84F8D1
:101CA0001C5CC2ED008AC3ED007A02B0BDEC028B71
:101CB00070BD00BF00004042DB0FC9400000C07F84
:101CC0000BD7233C002ADFEDC07A2DE9F843074605
:101CD0001C462DED028BB0EE408A08DD0B4601EB71
:101CE0008205B3EC017AAB4277EE877AF9D107EE41
:101CF000102AB64D501EDFEDB45AB8EEC77A6FF019
:101D00000308DFF824E305F580592E4687EE876A3D
:101D10004246AF4B08F10408DFEDAE6A9FEDAA7AA8
:101D200001E0F3EC016A002A8C4605DB824294460E
:101D3000A8BF844601EB8C0CDCED007A734502F100
:101D4000010277EEC67AA7EEA67AEAD1A6EC017A6E
:101D50004E45E7EE075ADBD1DFED9F7A25EEA70A65
:101D6000B5EE400AF1EE10FA00F12981F1EEC07AE9
:101D70009FED9A7AD7ED086AF4EEC77AF1EE10FA81
:101D800007DD9FED977AF4EEC76AF1EE10FA00F3E3
:101D9000CF809FED947ADFED945A27EE877A9FEDFE
:101DA000936AF4EEC67AA6EEA57AF1EE10FA87ED04
:101DB000087A00F1AE80002140F2F4628C480126DE
:101DC00012F0CCFC8B484FEA450C8B4907460CF5CA
:101DD000805CACEB01022B469FED7B7AF3EC017A41
:101DE000F2EC016A8B4277EEE67AA7EEA77AF5D19C
:101DF000013640F2BD12191FA7EC017A9642E8D1D4
:101E00007E4D4FF07E53DFED707A2A467C4942F8D2
:101E1000043B0123F0EC016AB7EE007A9FED796A8A
:101E200077EEA67AF4EEC67AF1EE10FA07DD07EE49
:101E3000103AB8EEC77A67EE266A86EEA77A814234
:101E400003F10103A2EC017AE4D1B5EEC08AF1EE10
:101E500010FA63D59FED6C7A6C4A0C2302E00133D3
:101E60008B4256D0F2EC017A40F2BD11F4EEC77A03
:101E7000F1EE10FAF3D505EB830209E0D2ED017A19
:101E8000B2EC017AF4EEC77AF1EE10FA66D50B46A1
:101E9000B3F5DE7F03F10101F0DBDFED4B7A07EEF6
:101EA000103AF7EE006AB8EEC77A77EE277AF4EECA
:101EB000E67AF1EE10FA2CD9DFED555AB3EE0B6A43
:101EC00085EEA77AB4EEC67AF1EE10FA21D4DFEDF2
:101ED000517AB4EEE77AF1EE10FA1ADC05EB8303DF
:101EE00084ED007AD3ED007A76EEE77AF5EEC07AEB
:101EF000F1EE10FA5DD4F4EE667AF1EE10FA76FEA9
:101F0000A77A0A9B0120BDEC028BC3ED007ABDE8E5
:101F1000F883BDEC028B0020BDE8F883F7EE007A71
:101F2000B4EEE78AF1EE10FA11DD9FED3B7A93E70C
:101F300087EEA67A9FED396AB4EEC67AF1EE10FA12
:101F40007FF727AFFB6A0B9A13447B6221E7DFED33
:101F5000347A9FED2D7AA8EE677A7DE705EB830250
:101F6000B0EE005ADFED2F5A52ED016AB0EE666A0C
:101F700097EE056A36EE676AB0EEC67AB4EEE57A99
:101F8000F1EE10FA89D476EEE77AF6EE006AFEEE0C
:101F9000005A27EEA67AC7EE067AF4EEE57AF1EE5D
:101FA00010FA09D4F4EE667AF1EE10FA76FEA77A0A
:101FB00075E7DFED057AA4E7F0EE657A6FE712F0DA
:101FC00043FBF0EE407AD3E60000000024A2002498
:101FD000E4510108F1F0F03C0000803AA69B443C3B
:101FE000BD3786359A99193E9A99593F0AD7233CAD
:101FF000243201242832012420B200242492002417
:10200000183901245F708930AE47613E5492002434
:1020100000803B4600007A44CDCCCC3D3333D33FE7
:102020008FC2F53DCCBC8C2B04520108002205491F
:10203000054B10B4C0E90022044C054A5DF8044B7E
:10204000704700BF24B200242432012424A20024BB
:102050002492002410B54FF40042044600210448A5
:1020600012F07CFB00232360BFF35B8F636010BD25
:1020700024B20024036830B492B19C18094DC3F314
:102080000C02013351F804CB05EB8202A342C2F8E3
:1020900000C0F4D10460BFF35B8F446030BC704774
:1020A0001C46F7E724B20024531EB3F5805F03D229
:1020B000B1FA81F35B0909B90020704770B502F5E8
:1020C00080754668BFF35B8FB5421CD8A6F5807655
:1020D0008C460E4D1946B41A0B19013141F6FF7E9C
:1020E000C3F30C038A4205EB83031B684CF8043BE3
:1020F000F2DC4368901BBFF35B8F184470458CBFC4
:102100000020012070BD002070BD00BF24B200245B
:102110000022002110B478248161C161C46201628F
:102120005DF8044B80F83020C0E90022C0E90222AB
:10213000C0E90422C0E90922704700BF0023002241
:102140007831036043608360C360036142618361EF
:10215000C361036280F8302010B47824C0E909120A
:10216000C4625DF8044B7047B5EEC00AF0B5F1EEFD
:1021700010FA15462DED028B83B044D9DFED267A97
:1021800004460E469FED258A80EE270A244F12F062
:10219000F3F92046234B3146234EF2EE087AA0EEA7
:1021A000278AF8FE487AFDEEE77A17EE904A83FB1D
:1021B00004234FEAE47C1D4ACCEB630C0CEB4C038C
:1021C0000CF1FF3CA4EB8303CDF800C00C33A6FB5D
:1021D000036C4FEADC0C0CEB4C0CA3EB8C0357F8B4
:1021E000233012F0BDFB07EE904A9FED117AF8EE16
:1021F000E77A38EE678A28EE078A85ED008A03B011
:10220000BDEC028BF0BD00270A4A12F0A9FB2F603B
:1022100003B0BDEC028BF0BD0000DC4300008A423D
:10222000B0510108ABAAAA2AABAAAAAA7851010800
:102230000000C84274510108D0ED006AD0ED017A67
:1022400090ED020AF4EEE76A90ED037A90ED046AED
:10225000F1EE10FA05DDF0EE665AF0EE676AF0EE88
:10226000657AB4EEC67AF1EE10FA33DCB4EEC60A43
:10227000F1EE10FA05DDF0EE405AB0EE460AB0EE8F
:10228000656AB4EEC70AF1EE10FA30DCF4EEC76A04
:10229000F1EE10FA05DDF0EE665AF0EE476AB0EEA8
:1022A000657AF4EE406AF1EE10FA36FE800AF4EE3A
:1022B000467AF1EE10FA76FE277AF4EE477AF1EEDE
:1022C00010FA77FE277AF4EE407AF1EE10FA37FE34
:1022D000800A7047B4EEC70AF1EE10FA0FDDF0EE97
:1022E000405AB0EE470AB0EE467AB0EE656AF4EEB8
:1022F000C06AF1EE10FA0EDDB0EE667AD7E7F0EEC6
:10230000475AB0EE467AB0EE656AB4EEC70AF1EE0F
:1023100010FABBDDEBE7F0EE475AB0EE407AB0EED4
:10232000650ABEE7F0B50D461146954A0446002001
:10233000166895F830202DED028B206185B026823D
:10234000360CB0EE608A0C9FA674C4E90000C4E9A4
:102350000200C4E905002AB1AA6ABA1AB2F5966F5A
:1023600000F2AE80B5EEC01A00220292F1EE10FA31
:1023700003921AD4F7EE007AB4EEE71AF1EE10FAEF
:1023800040F38580C822EA6299B96B6A00229F42B5
:10239000A26180F0888095F83030002B40F0A18059
:1023A000204605B0BDEC028BF0BD3C22EA6200295C
:1023B000EBD0B3F5805FE8DB1A4603AB2846019704
:1023C000009302ABFFF77EFC6B6A9DED020ABB42F5
:1023D00084ED060ADFD8002865D095F83020002A61
:1023E00040F094809DED035A6B682B60AB686B6086
:1023F000EB68AB602B6985ED040AEB606B69042B1D
:1024000000F3B7800133052B6B6100F0B280B5EEAD
:10241000C08AF1EE10FA00F1A980F7EE007AB4EE6E
:10242000E78AF1EE10FA00F3A8809FED567ADFED0F
:10243000567AE8EE077A3AB195ED067A70EE476A79
:10244000A6EEA77AB0EE470ADFED507A85ED060AD0
:10245000B4EEE75AF1EE10FACCBF0123002305DDFC
:10246000012285ED070AAF6285F8302004F11000E3
:1024700004F10C020821237084ED010A84ED025A54
:10248000FFF772FE204605B0BDEC028BF0BDF6EE04
:10249000007A9FED3F7AE1EE077AFCEEE77A17EEDD
:1024A000902A3C3282E7002295F830302270002BCF
:1024B0004CD100232046A36005B0BDEC028BF0BDDB
:1024C00000226861A8622A606A60AA60EA602A61E4
:1024D000AA61EA612A6207F1780285F830006A622F
:1024E00040E7002095ED070A4FF07A5304F10C0203
:1024F0002070082104F1100084ED010AA360FFF7A9
:1025000033FE204605B0BDEC028BF0BDD5ED077A59
:10251000DFED206A80EE277AB4EEE67AF1EE10FA6B
:1025200007DCDFED1D6AB4EEE67AF1EE10FA7FF516
:1025300059AF9DED035A9FED197AB4EEC75AF1EEEB
:1025400010FA7FF551AF0023237001E0D5ED077A33
:10255000134BB0EE670A04F10C02082104F11000DD
:10256000A360C4ED017AFFF7FFFD19E7DFED067AFE
:1025700061E72846FFF760FE49E7DFED0A7A5AE790
:102580007451010814AEC7BE6666E63ECDCCCC3EA3
:1025900000000C439A99F93FB81E053F6666663FF6
:1025A000CDCC4C3E90C2753D0022C0E90022704760
:1025B00010B50C4A88B001230021B2F800C04FF4D6
:1025C000E134039306930491029101A90593938842
:1025D0000794ADF804C0ADF8063008F079FD08B0F6
:1025E00010BD00BFE450010810B588B00B460A4A80
:1025F00020210446684612F0B3F96846FDF770FEE4
:102600000A2302466946204608F0CCFD10B16368F3
:102610000133636008B010BD0452010891ED007AE7
:10262000B5EEC07A30B5F1EE10FA9DB0044640D454
:10263000F7EE007AB4EEE77AF1EE10FA40F3998003
:1026400091ED017A42F21073B5EEC07AF1EE10FA14
:1026500037D5002091ED027AB5EEC07AF1EE10FA8E
:102660003FD4F7EE007AB4EEE77AF1EE10FA5CDDD3
:1026700091ED037A42F21075B5EEC07AF1EE10FAE0
:1026800037D5002260210292434ACDE9000504A813
:1026900012F066F904A8FDF723FE0A23024604A9F6
:1026A000204608F07FFD10B16368013363601DB000
:1026B00030BD002391ED017AB5EEC07AF1EE10FA4B
:1026C000C7D4F7EE007AB4EEE77AF1EE10FA3EDD09
:1026D00091ED027A42F21070B5EEC07AF1EE10FA86
:1026E000BFD5002591ED037AB5EEC07AF1EE10FA70
:1026F000C7D4F7EE007AB4EEE77AF1EE10FA02DD15
:1027000042F21072BEE7F6EE007ADFED246A42F282
:102710001071E7EE267AFDEEE77A17EE902A8A42EC
:10272000A8BF0A4622EAE272ACE7F6EE007ADFEDD5
:102730001B6A42F21072E7EE267AFDEEE77A17EE98
:10274000905A9542A8BF154625EAE575CAE7F6EE08
:10275000007ADFED126A42F21072E7EE267AFDEEA1
:10276000E77A17EE900A9042A8BF104620EAE07080
:1027700070E7F6EE007ADFED096A42F21072E7EEDA
:10278000267AFDEEE77A17EE903A9342A8BF1346F9
:1027900023EAE3738EE700BF0C52010800401C4699
:1027A00010B514469AB01A460B46009460210446B0
:1027B000019202A8084A12F0D3F802A8FDF790FD92
:1027C0000A23024602A9204608F0ECFC10B1636817
:1027D000013363601AB010BD1C52010891ED017AFB
:1027E000B5EEC07A10B5F1EE10FAA4B0044653D499
:1027F000F6EE007ADFED296AE7EE267AFDEEE77A5B
:1028000017EE900A9FED266AF6EE006A91ED037AC4
:10281000FEEE007A27EE067A91ED026AB5EEC07AF6
:10282000F1EE10FAB5EEC06A66FEA77A77EE877A07
:10283000F1EE10FAFDEEE77A09D4B7EE007AB4EEC5
:10284000C76AF1EE10FA1EDD4FF47A7300E0002340
:10285000CDED027A009004A8039311F8103B114AC1
:102860000191802112F07CF804A8FDF739FD0A23BC
:10287000024604A9204608F095FC10B163680133B4
:10288000636024B010BD9FED057AE6EE076ABDEEE9
:10289000E67A17EE103ADBE70020B3E700007A444F
:1028A0000000C842285201080B4A002300B51268F4
:1028B00089B04FEA124C01A9059301930493ADF836
:1028C00014208DF816C0CDE90233CDE90633FFF7A9
:1028D00085FF09B05DF804FB74510108DFED156A4E
:1028E000BEEE007AF6EE007A134A20EE260A302178
:1028F00010B5B5EEC00A8CB004466846F1EE10FA89
:1029000067FE877A77EE807AFDEEE77A17EE903AE7
:1029100012F026F86846FDF7E3FC0A2302466946F2
:10292000204608F03FFC10B16368013363600CB0CF
:1029300010BD00BF0000C8423C52010810B58CB069
:102940000B460A4A30210446684612F009F86846E8
:10295000FDF7C6FC0A2302466946204608F022FC21
:1029600010B16368013363600CB010BD4C520108B4
:10297000F6EE007ADFED186A1346184AB0EE677A71
:10298000B0EE676AE1EE267AA0EEA67AA0EE266A9D
:1029900010B5FDEEE77A9CB0BDEEC77A0446019112
:1029A00004A8CDED037AFDEEC67A602102938DED89
:1029B000007A17EE903A11F0D3FF04A8FDF790FCCF
:1029C0000A23024604A9204608F0ECFB10B1636814
:1029D000013363601CB010BD00401C46605201080A
:1029E000394A4FF6FF71138CF0B5A0F8703089B0FA
:1029F000B2F8404005468C4218BFA342A0F872408E
:102A000003F1FF33B2F860202CBF012400244FF6FD
:102A1000FD719BB2A0F87420013A8B4288BF44F04C
:102A2000010492B28A4288BF44F001042CB103230E
:102A300000248366204609B0F0BD244B21460427BC
:102A40000126D3F8E02042F08072C3F8E02064222F
:102A5000D3F8E03003F080730093009B11F07EFE0A
:102A60004FF480231A4A28462F61AE61C5E900233E
:102A70004FF480532B6301F059FC10B10223AB6675
:102A8000D8E740F2FF724FF00111284601F05AFDDD
:102A90000028F3D10F4B062201A9284601930723F2
:102AA0000597CDE9022340F2FF73CDE90644049374
:102AB00000F04AFF0028E1D1304608F095FDAC66F1
:102AC00085F864603446B5E700E8F11F0044025819
:102AD00000600258000084CBF0B5002389B017468F
:102AE000062201910446CDE906330723CDE90223EE
:102AF000042340F2FF720DEB0301CDE9042300F043
:102B000023FF00BB08260546204601F0EBF90346EB
:102B100002212046A3B900F03FFE034620467BB9C0
:102B200000F0C2FE034620461D4401F019FB50B9D7
:102B3000013EE9D104350120ED083D8009B0F0BD2A
:102B4000204601F00DFB002009B0F0BD00000000A0
:102B500010B54FF6FE7C00F1FF3EE6452DED028BF1
:102B600068D801F1FF3EE64564D802F1FF3EE64534
:102B700060D803F1FF3EE6455CD8049CA34238BF11
:102B8000B4F5803F56D2069CA446059CA44551DD71
:102B9000049CB4EB030C6EEB0E0EBCF1010F7EF146
:102BA000000447DB07EE902A05EE903A9FED241BC8
:102BB000B8EEE74B07EE901AB8EEE55B7146B8EE5B
:102BC000E76B07EE900A24EE014B6046B8EEE77B18
:102BD000DDE9052384EE062B9B1A03EE103AB8EECE
:102BE000C33B22EE077B87EE018B38EE458B28EE48
:102BF000038BFDF75BFDDDED057A079BB8EEE77B08
:102C0000FBEE045A41EC160B88EE066B36EE077BA2
:102C1000B7EEC77BB4EEE57A83ED007AF1EE10FAF9
:102C200008DBDFED097AB4EEE77AF1EE10FA01D8AD
:102C3000012000E00020BDEC028B10BDAFF300804E
:102C40000000000000C8A94000000243002391F8E2
:102C5000642030B5C0E90033836085B08B6E0446D4
:102C6000C36012B9204605B030BD0D4600F1080220
:102C700015492846FFF730FF48B195F8643033B165
:102C800004F10A0211492846FFF726FF20B9042360
:102C90002046E36005B030BDA96F231DB5F8722052
:102CA00002911E2103930092B5F87030B5F874209C
:102CB000019161892089FFF74BFF0028207014BF24
:102CC00000230523E360CDE7000084CB0000B8CFEC
:102CD00003789A1E012A78D9CA6810B40C89026355
:102CE00084850C78002C5AD0BBEE047AD1ED017AA1
:102CF000F4EEC77AF1EE10FA51D49FED477AF4EE74
:102D0000C77AF1EE10FA4ADC9FED447A0022F4EE25
:102D1000C77A4262F1EE10FA58DA81694A1C00EB78
:102D200081015442C1ED017A02F0030204F0030173
:102D300058BF4A4241690329826103DC01310029FD
:102D4000416158DD021DDFED367A02EB8104B2EC01
:102D5000017AA24277EE877AF9D107EE101A9FED39
:102D6000316AB8EEC77AC7EE876AF4EEC66AC0ED7C
:102D70000A6AF1EE10FA41DADFED2B7A0022F4EE66
:102D8000E76A0262F1EE10FA29DBC3690133022B14
:102D9000C36101DD012303705DF8044B7047436A92
:102DA00000210133022B4362C0E90711F4DD8A429E
:102DB0004FF002034FF003015DF8044B08BF0522FA
:102DC00080F834300170026370477047022101239C
:102DD000C0ED0A7A0263017080F83430DCE7012B21
:102DE000C261D9D1DFED117AF4EEE76AF1EE10FAA3
:102DF00098BF0270D0E7DFED0A7AAEE7036A0022DF
:102E00000133022BC0E90723C6DD0221012302633F
:102E1000017080F83430BFE7000002430000C84270
:102E2000000000000000B4420000A04200009642F2
:102E30000346002290F8340083F83420704700BF26
:102E400010B564220021044611F088FC0023002202
:102E50000221204684F864302367A4F87430A36705
:102E600084F87C30C4F88020C4F88420C4F888201A
:102E7000C4F88C20C4F8A030C4F8A420A4F8A8306A
:102E8000C4F8AC3084F8B030A4F8BC30C4E91A13EC
:102E9000C4E92433C4E92633C4E92D3310BD00BF8F
:102EA00070B590F8BC6084B0DEB190F87C30044618
:102EB000023B012B18D9D0F8B4300D46CB1A632B46
:102EC00012D90146C0F8B4506846FFF7BFFE694604
:102ED00004F17C00FFF7FCFE94F87C30023B012BF0
:102EE00006D9304604B070BD0026304604B070BD2F
:102EF000D4F8B830002BF4D1C4F8B850F1E700BFD3
:102F000000234FF0000C70B580F87C300446C0F808
:102F100080C00D46C0F884C01646C0F888C0C0F80E
:102F20008CC0C0F8A030C0F8A4C0A0F8A830C0F889
:102F3000AC3080F8B030C0E92433C0E9263300F06B
:102F400025FC80B2E066D8B14FF6FF73984217D0E7
:102F500041F2030398428CBF82236E232046A3676D
:102F6000FFF73EFDA5F16403002284F8BD00C4F81C
:102F7000B4300123C4F8B82084F8BC302EB970BD39
:102F800000200623A067A366ECE729462046BDE89B
:102F90007040FFF785BF00BF90F87C30023B012BEB
:102FA00015D8D0F8B82040F214530A48891AA0FB6B
:102FB0000120800A03FB1010B0F5167F07D2064BE4
:102FC000A3FB0030C0F3401080F0010070470020E8
:102FD000704700BFFD33A6C91F85EB5180ED080A7D
:102FE000704700BF80ED050A80ED060A704700BFFC
:102FF00080ED050AC0ED060A704700BF037FF7EEBB
:10300000007A9FED030A002B00FE270A704700BFDD
:103010000000000001777047704700BF704700BF95
:10302000704700BF10B5044B0446C068236008B168
:1030300011F055FA204610BD9452010810B5064B08
:103040000446C068236008B111F049FA20462421E3
:1030500011F043FA204610BD9452010838B50446D9
:10306000C0680D4618B111F03AFA0023E360002D54
:1030700002DC0023A36038BD2846A56011F031FAB8
:10308000A368E060002BF6DD00210B4608E09CF809
:103090001020C2540133A2681C319A42EBDDE06873
:1030A000226902EB010C002AF1D1C254F2E700BF01
:1030B0002DE9F04F95B01746013B0D461E9C099037
:1030C000B4F90620B4F90400002A069320EAE0705F
:1030D000B4F90230B4BF561C16460593A0F109039B
:1030E0007610B4F900C01BB29642314623EAE3736E
:1030F0001FFA8CFCA8BF1146921B092812B221EAC4
:10310000E17AA8BF0920092B22EAE272E280BDF829
:1031100014201144A2F1050261801946A8BF0921BB
:1031200002EB6A02002FA3EB01030A910CEB0001F2
:1031300096B20FFA82F88AB20C920AB208929AB248
:103140001BB20B92079345DDACF1020C0CEB600057
:10315000031D02B20FFA83FB0D9293453ADB06F191
:103160000902012128465B4612B200922A680191A9
:103170005946D2F818904246C847721C28464FF06C
:10318000070912B25B462546013B0D991FFA82FBE7
:103190001BB21FFA89F999421ADC0BEB09010124D1
:1031A000A9F1020909B20FFA89F90091016829EA27
:1031B000E97901948C691946CDE90E03A0470D9B6E
:1031C0000BF101020E9819460F9B12B29942DBD106
:1031D0002C460546069BBB4240DD0C9B0B9A023BEE
:1031E0001A4413460A9A03EB62031FFA83F91BB2CF
:1031F00009F1050212B2934230DA06F10901012009
:103200004246A9EB060909B24FF007080091296868
:10321000019028468F691946B847721C053612B2CC
:1032200036B297B2B2421FFA88F807EB09031BB215
:1032300014D008EB0701012009B200912968019020
:103240002846D1F818B01946D847A8F102037A1CCD
:103250001BB212B2002B23EAE378E2DC099B4FF0A9
:1032600000084FF0010910AE5A6829462B6812A8D1
:10327000DF6A089BADF846A0ADF84030059B00968C
:10328000ADF84230079BCDE90189ADF844300D4BD4
:10329000B8472B68294612A8DD6A0096094BCDE98C
:1032A00001892288ADF840206288ADF84220A288CA
:1032B000ADF84420E288ADF84620034AA84715B08F
:1032C000BDE8F08F4C0200247852010810B4074C7E
:1032D000002200210460064C4161446081615DF878
:1032E000044B02770261C0E9022270479452010840
:1032F0007C520108007A7047C3685BB1002909DB82
:1033000083688B4206DD036923B1C1EBC10153F829
:10331000210070470048704784520108C36873B1A8
:1033200000290CDB8268914209DA5B5C9FED057A2B
:1033300007EE903AF8EE677A87EE870A70479FEDBE
:10334000020A70470000FE42000000000369A3B1BA
:1033500010B48468002C0BDD002002E00130A04294
:1033600006D05A691C338A42F8D15DF8044B704785
:103370004FF0FF305DF8044B70474FF0FF3070475F
:1033800030B5C46884B100290EDB85688D420BDD41
:10339000150609D414F801E0964505D06254036877
:1033A000034ADB6A934200D130BDBDE83040184784
:1033B0001D300008B5EEC00AF1EE10FA2CD4F7EE7D
:1033C000007AB4EEE70AF1EE10FA22DC002930B5FB
:1033D000C4681DDBE4B18568A94219DA9FED117A52
:1033E000DFED117AE0EE077AFCEEE77A17EE90CA8D
:1033F0001CF0800F5FFA8CFE0AD114F801C0F4456E
:1034000006D004F801E00368084ADB6A934206D15B
:1034100030BD7F22FFF7B4BF0022FFF7B1BFBDE888
:10342000304018470000FE423333B33E1D300008E1
:1034300090ED050A704700BF90ED060A704700BF87
:10344000034B10B504460360FFF7ECFD204610BDAA
:1034500090530108064B10B504460360FFF7E2FDE8
:1034600044F69C31204611F038F8204610BD00BFCC
:10347000905301082DE9F041044682B0002104F583
:103480008045FFF74BFF2046012105F6883305F6FE
:103490008C3805F5396705F6943683ED000AFFF799
:1034A0003DFF2046022188ED000AFFF737FF05F6B1
:1034B000843304F5974220EE000A93ED007A20460B
:1034C000D2ED007A032105F6983537EE677AE0EE03
:1034D000077AC7ED007AFFF721FF0421204686ED29
:1034E000000AFFF71BFFF0EE407A04F1240098ED8C
:1034F000000AC5ED007A019010F0A8FF97ED000AD0
:10350000019810F069FF96ED000A019810F048FF4D
:1035100095ED000A019802B0BDE8F04110F0C6BF79
:1035200038B50446FFF7D2FE134A4FF07E5104F53A
:1035300080431248226004F59742114D116003F652
:1035400084321060002203F68830026003F68C306B
:10355000026003F53960016003F6943103F6983395
:1035600020460A6005211A60064B65602361FFF75B
:1035700075FD204638BD00BF905301080000A041F2
:10358000C4520108FC52010838B52DED028BB0EE93
:10359000408A0546FFF722FD002405F12400B0EE25
:1035A000480A10F0EFFC2B68214601342846DB6AFC
:1035B0009847052CF7D1BDEC028B38BD30B50446D9
:1035C00044F688352DED028B83B02544FFF70AFDC4
:1035D00004F1240094ED050AB7EE008A019010F082
:1035E0009BFD019810F0D0FE95ED007AD4ED056AB0
:1035F00078EE477A019867EEA67AE0EE077AC4ED96
:10360000057A10F0C7FED5ED007A94ED067A38EE13
:10361000678A28EE078AA0EE278A84ED068A03B01F
:10362000BDEC028B30BD00BF10B5036882B004460C
:10363000DB68CDED010A9847DDED010A94ED050A3E
:103640002046FFF7D5FC04F1240010F0A3FE44F659
:103650008833F7EE007AD4ED066A234493ED007ABE
:1036600077EEC77A67EEA67AE0EE077AC4ED067ABF
:1036700002B010BD38B50C460546FFF7BFFC012C63
:1036800000D038BD44F688332B44D3ED007A20EEC9
:10369000270A38BD704700BF0F4B1B780BB90120BC
:1036A000704710B504464FF47A700C4AB0FBF3F340
:1036B0001068B0FBF3F001F06BF80F2C00D808B1E4
:1036C000012010BD002221464FF0FF3001F000F82C
:1036D000034B00201C6010BD0400002444020024A1
:1036E0000800002438B50320124D00F0DFFF124C13
:1036F00002F0F8FA114A12499369C3F30323CB5C31
:1037000003F01F0320FA03F30E202B60926902F0EE
:103710000F028A5C02F01F02D3402360FFF7BCFF58
:1037200010B10124204638BD0446FFF7B3FF204600
:1037300038BD00BF4402002448020024004402585F
:1037400078540108034A044B11681B780B4413603A
:10375000704700BF2442012404000024014B186874
:10376000704700BF2442012438B50446FFF7F6FF36
:103770000546631C02D0044B1B781C44FFF7EEFF88
:10378000431BA342FAD338BD04000024014B186840
:10379000000C70470010005C3F4A036893422DE91B
:1037A000F04105460E4657D002F58072934253D041
:1037B0003A4A2C699768082C07F01F070AD0092F8E
:1037C0004CD840F22121F940C90747D5DB68DA0718
:1037D00048D40424FFF7C2FF8046731C2A6827D10F
:1037E00013681C42FCD06B6D43F400736B65D368A7
:1037F00013F4406F0FD16B7D6BB9136818070AD5AE
:103800006B6D23F480736B656B6DD90403D46B6DA2
:1038100043F001036B65224B9A422ED0D068082CEE
:1038200027D010F4804034D10C231360BDE8F08120
:1038300013682342D7D1FFF791FFA0EB0800B042F5
:1038400001D8002EC9D16B6D0022032043F0040380
:1038500085F850206B65E9E7124AAAE7936813F4EC
:10386000404FB6D06B6D012043F020036B65BDE87F
:10387000F08100201460BDE8F081092F02D9064BC9
:10388000D868CCE740F2212323FA07F7FB07C5D419
:10389000F5E70020BDE8F0810020024000630258F7
:1038A00000210240002302400368186C704700BFEB
:1038B000704700BF806B08B5FFF7FAFF08BD00BF77
:1038C000836B5A6D12F0500F5A6D10B51DD11968E7
:1038D00042F400725A650A6812F0080FCA681BD0D9
:1038E00012F4406F0DD1CA6894040AD45A6D22F4C0
:1038F00080725A655A6DD10403D45A6D42F00102A8
:103900005A65184605F098FA10BDD2060AD4DB6C49
:10391000BDE81040DB6C18479007E7D0184605F06B
:103920008BFAF1E7184605F02BFB10BD806B08B54C
:10393000436D43F040034365836D43F004038365A7
:1039400005F01EFB08BD00BFF0B5002283B0019258
:1039500090F85020012A00F01C81034601201A68CB
:1039600083F850009468640700F18A800C68C4F3FF
:103970001305002D40F08F80C4F38464A0404D688F
:103980004FF01F0ED6694FEA951C30430CF00C0C1B
:10399000D06105F01F0002F1300584400EFA00FEF0
:1039A0005CF8050020EA0E0004434CF805409068DE
:1039B00040076ED4956815F0080547D10C680720BC
:1039C00002F11406B94F4FEAD45CC4F304540CF06E
:1039D000040C00FA04FE886800FA04F45CF806009F
:1039E00020EA0E0020434CF80600386800F07040D2
:1039F000B0F1805F00F0C580D068D668C70600F1DE
:103A0000E880C6F382064869760000FA06F60F6978
:103A1000042F00F0C18002F16004086854F827C048
:103A200000F0F8400CF0004C40EA0C00304344F841
:103A30002700487E0E69012854F8260008BF4FF081
:103A4000004520F00040054344F826509068C40724
:103A500014D4CE68086806F01807954CD2F8C05008
:103A6000FC40C0F31307044025EA07052C43C2F8C5
:103A7000C040904CA64246D0002816DB002003E050
:103A80005A6D42F020025A65002283F8502003B09C
:103A9000F0BD9068DAE794FAA4F5B5FA85F5C4F3B9
:103AA000846405F01F05A84069E783498A4200F055
:103AB000B68001F580718A4200F0B1807F4D804C64
:103AC000A968A46801F0E076E44304F00104002C46
:103AD00000F0B4807B4CA04200F0FC807A4CA04205
:103AE00000F01A81794CA042C8D14902C6D4744969
:103AF0008A42C3D1AA68002022F0E072324342F425
:103B00008002AA60C0E7002F6AD090FAA0F4B4FA4D
:103B100084F4013404F01F04092C00F2A48090FA0C
:103B2000A0F4B4FA84F490FAA0F5B5FA85F501345E
:103B300001260135A40605F01F0504F0F84406FA35
:103B400005F52C4390FAA0F0B0FA80F0304400F074
:103B50001F0000EB400000052043C60D02F11405D4
:103B6000C0F30450072406F0040604FA00F7745961
:103B700024EA07048F6807FA00F0204370510868B0
:103B80007AE7D6684869C6F38206760000FA06F638
:103B90003DE7022003B0F0BD106E0C6800F0F84065
:103BA000A506B0EB846F30D0506E00F0F84085422F
:103BB00026D0906E00F0F84085422BD0D06E00F0F9
:103BC000F84085427FF442AFD06E20F00040D066CE
:103BD0003CE77608486906F0080600FA06F616E79C
:103BE000800E441C04F01F06092E2DD8A4060120C7
:103BF00004F0F844B040044306EB46000005ABE790
:103C0000506E20F000405066D3E7106E20F0004068
:103C10001066C9E7906E20F000409066CEE7264C13
:103C20002B4D04F58074A96854F8F86CA4683443EB
:103C300001F0E076E44304F0010448E75A6D012006
:103C400042F020025A651FE706EB4600A506012454
:103C50001E3805F0F84504FA06F60005354340F035
:103C60000070284379E790FAA0F5B5FA85F590FA47
:103C7000A0F4B4FA84F4013501260134AD0604F051
:103C80001F0405F0F84506FA04F4254390FAA0F461
:103C9000B4FA84F4344404F01F0404EB4404A4F1A3
:103CA0001E00000540F00070DBE700BF0010005C64
:103CB000FFFF0F000000FF47002002400063025892
:103CC00000600258000084CB000052C70000B8CF4B
:103CD0000023024008023FF5D1AE17498A427FF423
:103CE000CDAE164AA9681268154821F0E071920914
:103CF0003143A0FB020241F400019209A960520085
:103D00000192019A002A3FF4B9AE019A013A019258
:103D1000019A002AF9D1B1E611F080707FF4AEAEBD
:103D200005498A427FF4AAAEAA6822F0E0723243C3
:103D300042F08072AA60A7E60060025844020024A4
:103D4000632D3E0503689A6812F0040F9A6870B5F7
:103D5000044603D1120701D4002070BDDA68950132
:103D600004D5A08A40F2011290421AD002299A6822
:103D70003ED0550708D59A68900705D498682C4A14
:103D8000024042F010029A60012919D09A68120785
:103D900002D59A68900732D5032914BF04260C2651
:103DA0000FE01A68500606D4224A01E0013A16D004
:103DB00019684906FAD540221A609A68560725D430
:103DC0000426FFF7CBFC054604E0FFF7C7FC431BC6
:103DD000052B04D823689B683342F6D1BCE7636D9A
:103DE000012043F010036365A36D0343A36570BD19
:103DF000150702D59A68920713D50826E1E7986857
:103E00000B4A024042F020029A60C5E79A68960782
:103E1000D6D499680426064A0A4042F010029A60F5
:103E2000CFE79968024A0A4042F020029A60E4E72C
:103E3000C0FFFF7F00DC0C0003689A68D20701D541
:103E4000002070479968214A114270B5044608D095
:103E5000636D012043F010036365A36D0343A36505
:103E600070BD99681A4A0A4042F001029A60FFF751
:103E700075FC2368174A054693421ED002F58072EE
:103E800093421AD0144A9268114E0AE09A6832405E
:103E900042F001029A60FFF761FC401B0228D7D86C
:103EA00023681A68D2070FD49A68D107EED5FFF7B6
:103EB00055FC401B0228F3D9CAE7084A9268D0068D
:103EC000E2D0074A9342DFD1002070BD3F0000805E
:103ED000C0FFFF7F00200240006302580023024021
:103EE00000210240394A0368934270B5044646D027
:103EF00002F58072934242D0354A96689D6815F06B
:103F0000040542D194F85030012B3ED001232046C5
:103F100084F85030FFF790FF002838D1636D06F029
:103F20001F062C4A1A40236842F4807262652A4AAE
:103F3000934245D01946626D22F480126265626D2B
:103F400012F4805240D0A26D22F00602A2651C221B
:103F50008B421A604FF0000284F8502020D0092EC6
:103F600018D9636D43F480136365CB689B0105D555
:103F7000636D23F4405343F48053636570BD174A67
:103F800096689D6815F00405BCD0022070BD84F8C9
:103F9000505070BD40F2212222FA06F6F507E0D516
:103FA000DA68920105D5626D22F4405242F48052E3
:103FB000626599680A4A0A4042F004029A6070BD3C
:103FC0000249002EB7D0BAE7A265C0E70020024040
:103FD00000630258FEF0FFFF002102400023024070
:103FE000C0FFFF7F2DE9F0413A4D044600680F46BF
:103FF0001646A84219D0384B984216D0374DAB68B8
:104000008068420716D494F85020012A12D003F099
:104010001F080122B8F1090F84F850200DD90023A0
:10402000012084F85030BDE8F0812D4DAB688068E8
:104030004207E8D50220BDE8F08140F2212323FAAF
:1040400008F3DB4313EA0205E9D12046FFF7F4FE4B
:10405000002839D1626D234B2168134043F48073EB
:104060006365B8F1000F02D01B4B994203D0636D1A
:1040700023F480136365636D13F4805328D0A36D1C
:1040800023F00603A365E06C3346174D3A464031F2
:10409000C563164D0564164DC5641C2541F8405C8A
:1040A000002584F8505051F83C5C45F0100541F86B
:1040B0003C5C00F07DFE22680E4B91680B4043F0A3
:1040C00004039360BDE8F08184F85050BDE8F081AE
:1040D000A365D8E700200240002102400063025897
:1040E00000230240FEF0FFFFC1380008B538000889
:1040F0002D390008C0FFFF7F38B503689A68910723
:1041000002D59B68002038BD9A68D20723D59A68EB
:10411000044602F00D02012A08D0636D012043F02D
:1041200010036365A36D0343A36538BD986803213D
:104130000A4A024042F002029A601960FFF70EFB41
:10414000054604E0FFF70AFB401B0228E5D8236878
:104150009B68DB07F6D4002038BD00BFC0FFFF7F9F
:1041600090F85030012B1BD00123032110B580F8AB
:1041700050300446FFF7E6FD18B1002384F85030B4
:1041800010BD2046FFF7B8FF0028F6D1626D054B41
:10419000134043F001036365002384F8503010BDE1
:1041A00002207047FEEEFFFF38B5574A0446036809
:1041B000934226D002F58072934222D0534B9B68E3
:1041C00013F4403F22D001F047FF63680546B3F582
:1041D000003F00F08880B3F5403F70D0B3F5803FDA
:1041E00000F08180FFF7D2FA41F2030398422DD804
:1041F000474B9D425DD92268936843F48073936076
:1042000038BD444B9B6813F4403FDCD14FF4002091
:1042100002F0EEFF63680546B3F5101F6DD008D8B5
:10422000B3F5E01F55D01AD9B3F5001FDAD145090F
:10423000D8E7B3F5201F4AD0B3F5301FD2D1FFF72E
:10424000A5FA41F20303984233D92D0A324B9D421D
:104250001DD82268936823F44073936038BDB3F58A
:10426000801F06D00AD9B3F5A01F02D0B3F5C01F36
:10427000B8D19B0C5B00B5FBF3F5B3E7B3F5002FAA
:10428000F7D023F40022B2F5802FF2D0AAE7234B17
:10429000234A2B4493421ED9224B234A2B44934258
:1042A000226893682BD823F4407343F4007393601F
:1042B00038BD2268936823F48073936038BD850805
:1042C000FFF764FA41F203039842BFD890E7C509AB
:1042D00088E7050986E72268936823F4407343F46E
:1042E0008073936038BD1B0CB5FBF3F5FFF74EFAF6
:1042F00041F203039842A9D87AE7850972E743F4AB
:104300004073936038BD00BF002002400063025834
:10431000002D310100230240105E5F00EFA1A0FFDD
:104320000F5E5F00DF4341FF1FBCBE0030B50023BE
:1043300083B00193002800F0D080456D0446002D25
:1043400000F0BA80226893689B0003D59168714B96
:104350000B4093609368DD0015D46F4B90686F49F4
:104360001B6801406E489B0941F08051A0FB03038C
:1043700091609B090193019B2BB1019B013B019330
:10438000019B002BF9D19368D80024D4636D0125DB
:1043900043F010036365A36D2B43A365936813F08B
:1043A000040F636D1DD1D9061BD4636D23F4817393
:1043B00043F0020363659368DB0728D4594B9A42A4
:1043C00017D003F580739A4213D0574B9B68D907D7
:1043D0001DD4564A15E09368002513F0040F636D51
:1043E000E1D0636D012543F010032846636503B0F7
:1043F00030BD4C4A4E4B92689B681343D80706D495
:104400004C4A9368616823F47C130B439360FFF775
:10441000BDF941F20303A1689842237F52D894F872
:1044200015C01A04206B42EA4C3202430A43012BA6
:1044300003D1236A013B42EA4342636A23B103F496
:104440007873A16A0B431A4323683B49D86801403B
:104450000A43DA609A6812F0040F9A681CD11207B6
:104460001AD4D868354A217D024042EA8132E16A95
:104470000A43DA6094F83820012A3AD01A6922F007
:1044800001021A611A692046616B22F070420A43E8
:104490001A61FFF789FE2368E268012A21D01A6BAE
:1044A00022F00F021A63636D284623F0030343F0E2
:1044B0000103636503B030BD04F06CFCA56584F8AE
:1044C00050503FE71029AAD1617D1A0442EA4132D7
:1044D000216B0A4342F01C02A9E70125284603B0DC
:1044E00030BD196BA26921F00F01013A0A431A632A
:1044F000D9E7D4E9102118690A43114901400A4358
:10450000A16C0A43E16B42EA014242F001021A61E6
:10451000B8E700BFC0FFFF5F44020024C0FFFF6F89
:10452000632D3E05002002400060025800630258DF
:10453000002102400023024003C0F0FFFCBFFFFF48
:104540001EF800FCF0B5002383B0019390F85030C2
:10455000012B40D0012304460E46154680F850300A
:10456000FFF7CAFDE8B9676D05F080421B4B06F402
:1045700080311B4D3B401B4F43F0020363652368B2
:104580009E68354015430D4345F000459D609A688F
:10459000002A0FDB636D23F0030343F0010363651F
:1045A00003E0636D43F010036365002384F850302B
:1045B00003B0F0BD019A01320192019ABA42E6D9E4
:1045C000636D0022012023F0120384F8502043F091
:1045D00010036365ECE7022003B0F0BDFDEEFFFFC2
:1045E000C0FFFE3FFF955A55F0B490F850200E687A
:1045F000012A49D00346294A01201C6883F850004B
:10460000944208D05A6D002142F0200283F85010E5
:104610005A65F0BC7047224DAA6852070AD5A268B5
:104620005A6D012042F020025A65002283F8502082
:10463000F0BC7047A06810F00400F1D1C6B1DFF8FB
:1046400068C04F68DCF8082022F440423A43CCF8B6
:104650000820A468AA682243D40713D48A68DCF827
:10466000081016430F4A0A401643CCF80860DCE7EE
:104670000D498A6822F440428A60A068AA68024311
:10468000D00704D50020D0E70220F0BC70478C682A
:104690003046044A22408A60C7E700BF002002403B
:1046A00000210240E0F0FFFF0023024006494FF6E0
:1046B000FF0C0002054BCA6800F4E06002EA0C023D
:1046C00010430343CB60704700ED00E00000FA05A3
:1046D0001B4BDB68C3F3022300B5C3F1070E03F1E4
:1046E000040CBEF1040F28BF4FF0040EBCF1060FFE
:1046F0001AD9033B4FF0FF3C0CFA03FC22EA0C02F0
:104700004FF0FF3C00280CFA0EFC21EA0C0101FAE4
:1047100003F141EA02010ADB09010A4BC9B2034471
:1047200083F800135DF804FB00221346E8E700F06D
:104730000F000901044BC9B2034419765DF804FB6C
:1047400000ED00E000E100E0FCEC00E0002807DB09
:1047500000F01F0101234009024A8B4042F820303B
:10476000704700BF00E100E000280DDB4309012293
:1047700000F01F000549203302FA00F041F8230041
:10478000BFF34F8FBFF36F8F704700BF00E100E0B2
:10479000431EB3F1807F0CD24FF0E0220020064987
:1047A0004FF0F00C5361072381F823C0906113612F
:1047B00070470120704700BF00ED00E0BFF35F8F3E
:1047C000044B00215A6A22F480325A62C3F89410D2
:1047D000704700BF00ED00E0064B40F00100C3F859
:1047E00094005A6A42F480325A62BFF34F8FBFF38B
:1047F0006F8F704700ED00E0174A4378C2F8983099
:10480000017821B3436800B5C2F89C30C37A90F8B0
:104810000CC01B0690F80FE043EA0C7390F80AC036
:104820000B43817B43EACC4390F80DC043EA8C43B1
:1048300090F809C043EA4143017A43EA0E4343EA50
:104840000C2343EA4103C2F8A0305DF804FBC2F830
:104850009C10C2F8A010704700ED00E0704700BF48
:1048600008B5FFF7FBFF08BD0268344B344930B48C
:10487000344D354CAA4218BF9A420CBF0123002385
:104880008A4208BF43F001033031A24208BF43F01F
:10489000010330348A4208BF43F001033031A242A1
:1048A00008BF43F0010330348A4208BF43F00103DC
:1048B00001F55C71A24208BF43F0010304F55C748A
:1048C0008A4208BF43F001033031A24208BF43F0DF
:1048D000010330348A4208BF43F001033031A24261
:1048E00008BF43F0010330348A4208BF43F001039C
:1048F0003031A24208BF43F001038A4208BF43F0AF
:10490000010313B9114B9A4213D1D3B21049114C80
:10491000103BA1FB03515F2B0F4BC1F3021103EAC4
:104920000203615C88BF0433C1658365184630BCEF
:10493000704722F0FF038365F8E700BF10000240D4
:10494000400002402800024058000240B8040240E3
:10495000ABAAAAAAC053010800FCFFFF0368294ABA
:10496000294930B4294D2A4CAB4218BF93420CBFA1
:10497000012200228B4208BF42F001022831A342EB
:1049800008BF42F0010228348B4208BF42F0010206
:104990002831A34208BF42F001028B4208BF42F017
:1049A000010212B91B4A934213D1DBB21A4C1B4AC3
:1049B0000121083B1A4DA4FB0343456602EB131289
:1049C000C3F30413920001FA03F30266836630BC5A
:1049D0007047DAB21349144C1944103AA829A4FBC1
:1049E00002234FEA131300D80833104A03F01F05BF
:1049F00001210F4C1A44A940446692008166026668
:104A0000E5E700BF08540258305402581C540258BD
:104A10004454025894540258CDCCCCCC0096001685
:104A200080580258F0FBFDBFABAAAAAA0082001072
:104A30008008024070B50446FEF790FE002C00F09E
:104A4000C68023680546954A934248D0183293425F
:104A500045D0303292498B4218BF934201F1300168
:104A60000CBF012200228B4208BF42F00102183124
:104A70008B4208BF42F0010218318B4208BF42F05E
:104A8000010218318B4208BF42F0010201F5567154
:104A90008B4208BF42F0010218318B4208BF42F03E
:104AA000010218318B4208BF42F0010218318B42DB
:104AB00008BF42F0010218318B4208BF42F00102E8
:104AC00018318B4208BF42F0010218318B4208BFF7
:104AD00042F001021AB9734A934240F0F580022273
:104AE000002184F8352084F834101A6822F001027D
:104AF0001A6005E0FEF732FE431B052B40D8236801
:104B00001A68D107F6D4D4E9022521692A43A0699D
:104B10001D680A4361690A43E16902430A43624925
:104B20002940256A2A430A43616A04292FD01A6062
:104B30005A6922F00702114359612046FFF794FE9B
:104B4000E26D3F2302F01F02934083602046FFF78F
:104B500005FFA368802B3CD06368A06EDAB2013BEE
:104B6000D4E91851072B2A60486026D90023C4E9EC
:104B70001B33636700200123606584F8353070BD06
:104B8000202203230120626584F8353070BDD4E90A
:104B90000B5129430A431A605969A26A21F007019F
:104BA000114341F00401002DC6D000284FD1012A45
:104BB0006ED032F00202BFD151E0501E072810D94A
:104BC000626FD4E91B31002018604A60D2E70120EF
:104BD00070BD0023A16ED4E91802636003605160C8
:104BE000C4E72168314B324DA94218BF994205F103
:104BF00014050CBF01230023A94208BF43F00103A1
:104C00001435A94208BF43F001031435A94208BF77
:104C100043F001031435A94208BF43F001031435E2
:104C2000A94208BF43F001033BB9224B994204D08B
:104C3000214B224913449B0003E0214B214913449B
:104C40009B0001228240C4E91B316267BBE7B0F5DB
:104C5000005F0ED0022A05D9032A7FF46DAFEA0166
:104C60007FF56AAF012340221846626584F835302B
:104C700070BD032A3FF660AF01A050F822F000BFDC
:104C8000654C00085F4C0008654C0008914C00081A
:104C9000B5F1C07F7FF450AFE4E700BF10000240E1
:104CA00040000240B80402403F8010FE0854025801
:104CB0001C540258945402583F820010400902408C
:104CC0003F96001640590258324A334833498342CE
:104CD00018BF934200F128000CBF012200228B4232
:104CE00008BF42F001022831834208BF42F00102AE
:104CF00028308B4208BF42F001022831834208BFAE
:104D000042F001028B4208BF42F0010212B9244A6C
:104D1000934238D102220021224D84F8341084F8C5
:104D200035201A681540A268402A2AD0802A0CBF74
:104D30004FF480400846266AD4E90312D20842EABA
:104D4000D102616942EAD102A16942EAD102E16974
:104D500042EAD102144942EA161219442A43024394
:104D60001248A0FB010120461A600B099B00E36575
:104D7000FFF77AFDE26D012302F01F0293404360CA
:104D8000E4E61020D7E7402203230120626584F87F
:104D9000353070BD085402581C5402583054025823
:104DA000945402580F00FEFFF8ABFDA7CDCCCCCC3D
:104DB000002800F0BC80844690F83400012800F000
:104DC000B88001202DE9F0419CF835408CF8340082
:104DD000844208D000224FF400638CF83420CCF8D1
:104DE0005430BDE8F0810220DCF800507A4C8CF899
:104DF00035000020794ECCF854007948854218BF20
:104E0000A54200F118000CBF01240024854208BF10
:104E100044F001041830854208BF44F00104183002
:104E2000854208BF44F001041830854208BF44F0B1
:104E3000010400F55670854208BF44F001041830A3
:104E4000854208BF44F001041830854208BF44F091
:104E500001041830854208BF44F00104183085422F
:104E600008BF44F001041830854208BF44F0010433
:104E70001830854208BF44F001041830854208BF4D
:104E800044F00104A0F59560B54218BF8542DCF8F6
:104E90006C600CBF0120002054EA0008286820F054
:104EA00001002860DCF86400DCF86840DCF8587029
:104EB000446040D016B1DCE91C044460DCF85C00BE
:104EC0004FF03F0E00F01F000EFA00F0B8602868A7
:104ED00020F4802028606B60DCF80830402B23D061
:104EE000A960EA602B6823F01E0343F016032B60D1
:104EF000DCF840301BB12B6843F008032B60DCF872
:104F000060301A68D20303D51A6842F480721A60BE
:104F10001EB1336843F4807333602B68002043F084
:104F200001032B60BDE8F081AA60E960DAE70120A7
:104F300070470220704716B1DCE91C044460294820
:104F4000DFF8A8E0754518BF85420EF1140E0CBFBE
:104F500001200020754508BF40F001000EF1140E3D
:104F6000754508BF40F001000EF1140E754508BFED
:104F700040F001000EF1140E754508BF40F001002D
:104F80000EF1140E754508BF40F0010010B9164827
:104F900085420ED1DCF85C0000F01F0E012000FA03
:104FA0000EF078606B60DCF80830402B10D0A96000
:104FB000EA602B6823F00E0343F00A032B60DCF851
:104FC0004030002B9BD02B6843F004032B6096E706
:104FD000AA60E960EDE700BF4000024028000240FF
:104FE0005800024008540258945402581C54025865
:104FF00000285FD038B590F835200346022A55D1F5
:105000000168444A914248D01832914245D030322A
:10501000414C4248A14218BF914204F148040CBFE0
:1050200001220022814208BF42F001023030A14239
:1050300008BF42F001023034814208BF42F0010251
:1050400000F55C70A14208BF42F0010204F55C74F7
:10505000814208BF42F001023030A14208BF42F055
:1050600001023034814208BF42F001023030A142D7
:1050700008BF42F001023034814208BF42F0010211
:105080003030A14208BF42F00102814208BF42F025
:10509000010212B9224A91420ED10422002083F863
:1050A00035200B6823F001030B6038BD80220120FE
:1050B0005A6538BD012070470A681C6E22F00E0246
:1050C000D86D9D6D0A6000F01F000A6822F0010291
:1050D0000A6001222168824021F4807121606A60A7
:1050E000DA6ED3E91910486032B11168D3E91C04B3
:1050F00021F4807111604460002401211A6D83F84D
:10510000344083F835101AB118469047204638BD10
:10511000104638BD100002404000024070000240BE
:10512000B80402402DE9F04300229C4B83B09C4E12
:105130001D688146019203689A4A846D934218BFA4
:10514000B342276808BF0126216818BF002645D052
:1051500018329548834218BF934200F118000CBFE3
:1051600001220022834208BF42F00102183083422C
:1051700008BF42F001021830834208BF42F001022A
:105180001830834208BF42F0010200F55670834296
:1051900008BF42F001021830834208BF42F001020A
:1051A0001830834208BF42F001021830834208BF22
:1051B00042F001021830834208BF42F00102183069
:1051C000834208BF42F001021830834208BF42F018
:1051D00001021AB9754A934240F05082D9F85C1026
:1051E000082201F01F0C02FA0CF2174240F08881ED
:1051F00027FA0CF2D2070CD55A69100609D50122FC
:1052000002FA0CF2A260D9F8542042F00202C9F866
:1052100054204FF0040E0EFA0CF038425BD0002EF2
:105220004FD1634ADFF88081434518BF934208F1AC
:1052300018080CBF01220022434508BF42F00102BA
:1052400008F11808434508BF42F0010208F11808A8
:10525000434508BF42F0010208F11808434508BF62
:1052600042F0010208F55678434508BF42F00102BA
:1052700008F11808434508BF42F0010208F1180878
:10528000434508BF42F0010208F11808434508BF32
:1052900042F0010208F11808434508BF42F001023C
:1052A00008F11808434508BF42F0010208F1180848
:1052B000434508BF42F001021AB93C4A934240F00C
:1052C00019821A68920706D5A060D9F8542042F0D6
:1052D0000402C9F85420102202FA0CFC1CEA070F41
:1052E0006CD0002E45D1324A2F4EB34218BF9342A4
:1052F00006F118060CBF01220022B34208BF42F09B
:1053000001021836B34208BF42F001021836B34218
:1053100008BF42F001021836B34208BF42F0010252
:1053200006F55676B34208BF42F001021836B34282
:1053300008BF42F001021836B34208BF42F0010232
:105340001836B34208BF42F001021836B34208BF14
:1053500042F001021836B34208BF42F0010218368B
:10536000B34208BF42F001021AB9104A934240F01A
:10537000C9811A68100721D5C4F808C01A685603F5
:1053800000F14C811A68D20503D41A6822F0080291
:105390001A60D9F840308BB10CE000BF4402002401
:1053A000100002402800024058000240B8040240A9
:1053B0004000024048469847D9F85C1001F01F01B0
:1053C00020268E403E4268D0D9F80020A54BA64F3B
:1053D000BA4218BF9A4207F118070CBF01230023F5
:1053E000BA4208BF43F001031837BA4208BF43F07E
:1053F00001031837BA4208BF43F001031837BA4215
:1054000008BF43F001031837BA4208BF43F0010355
:105410001837BA4208BF43F0010307F55677BA427E
:1054200008BF43F001031837BA4208BF43F0010335
:105430001837BA4208BF43F001031837BA4208BF11
:1054400043F001031837BA4208BF43F0010318378D
:10545000BA4208BF43F001031837BA4208BF43F00D
:1054600001031BB9814B9A4240F062811368DB064D
:1054700013D5A66099F83530042B136800F0AE8080
:1054800013F4802F136800F0D3801C0340F1DE80FA
:10549000D9F83C300BB148469847D9F85430002B26
:1054A00000F0B980D9F85430D8071FD5D9F80020BA
:1054B000042189F83510136823F0010313606C4B45
:1054C000A3FB0535AD0A02E01368D90704D5019B9B
:1054D0000133AB420193F7D9002389F834301368C4
:1054E000DB074CBF0323012389F83530D9F84C3052
:1054F000002B00F09080484603B0BDE8F043184709
:10550000186840070AD5186820F004001860A260E7
:10551000D9F8542042F00102C9F8542027FA0CF2BD
:10552000D2077FF576AE534A5348834218BF934261
:1055300000F130000CBF01220022834208BF42F07C
:1055400001021830834208BF42F001021830834242
:1055500008BF42F001021830834208BF42F0010246
:1055600000F55670834208BF42F0010218308342B2
:1055700008BF42F001021830834208BF42F0010226
:105580001830834208BF42F001021830834208BF3E
:1055900042F001021830834208BF42F00102183085
:1055A000834208BF42F001021830834208BF42F034
:1055B0000102002A7FF420AE002E7FF41DAE1A688F
:1055C000042202FA0CF23A4240F09480102202FACD
:1055D0000CFC17EA0C0F3FF4F1AE84E623F016033F
:1055E0001360536923F080035361D9F840309BB3B3
:1055F000136823F0080313603F230025012203FAF8
:1056000001F1D9F85030A16089F8345089F835207B
:10561000002B7FF470AF03B0BDE8F0831B68180364
:105620007FF5B7AED9F84830002B7FF4C3AEC5E69E
:1056300013F480737FF42CAF116821F01001116016
:10564000012289F8343089F8352021E7D9F844302F
:10565000002B7FF420AF20E7D9F84830002BC7D1CA
:10566000CAE700BF1000024028000240B804024010
:10567000B5814E1B58000240400002404E4A4F4D3B
:10568000AB4218BF934205F114050CBF0122002262
:10569000AB4208BF42F001021435AB4208BF42F0F2
:1056A00001021435AB4208BF42F001021435AB428F
:1056B00008BF42F001021435AB4208BF42F00102BC
:1056C00012B93F4A9342A6D1D9F85C5004261A6811
:1056D00005F01F05AE400E4219D0570717D510042C
:1056E00066604BD5D1034FD4D9F84830002B7FF4F6
:1056F00002AF90E71A68102202FA0CFC17EA0C0FAE
:105700003FF45CAE1A6852077FF558AE34E60226C5
:10571000AE400E4211D097070FD56660140439D5FC
:10572000D00343D4D9F84430002B7FF4E4AE72E7C1
:1057300013689F077FF5B1AE9BE60826AE400E4288
:105740003FF469AF11077FF566AF1A68002122F0B8
:105750000E021A600123D9F84C2003FA05F56560A2
:10576000C9F8543089F8341089F83530002A3FF4EC
:1057700052AF484603B0BDE8F0431047920603D449
:105780001A6822F004021A60D9F84030002B7FF426
:10579000B2AE40E712F0200208D11968012421F0CE
:1057A0000A01196089F8342089F83540D9F83C306D
:1057B000002B7FF4A0AE2EE7085402581C54025868
:1057C00094540258406D7047002800F0DE81F8B50F
:1057D00003680446D80730D59F490A69896A02F0F0
:1057E0003802102A00F00081182A00F0F88063685F
:1057F000B3F5803F00F02081002B00F05E81B3F50F
:10580000A02F954B1A6800F02F8222F480321A6084
:105810001A6822F480221A60FDF7A0FF8E4E41F232
:105820008837054605E0FDF799FF401BB84200F2B6
:10583000428133689A03F6D523689D0700F185807D
:10584000D9062FD5844A1369926A03F03803082BCE
:1058500000F0DA80182B00F0D280E3697E4D002B37
:1058600000F065812B6843F080032B60FDF776FF25
:10587000064605E0FDF772FF801B022800F21B813F
:105880002B68DB05F6D5FDF781FF41F20303984253
:1058900000F20B826B68226A23F0F84343EA8263CA
:1058A0006B6023681D0716D563696B4D002B00F0F4
:1058B0001C816B6F43F001036B67FDF74FFF0646DA
:1058C00005E0FDF74BFF801B022800F2F4806B6FB0
:1058D0009807F6D523689A0616D5A3695E4D002B66
:1058E00000F014812B6843F480532B60FDF736FFE2
:1058F000064605E0FDF732FF801B022800F2DB8040
:105900002B689F04F6D52368590700F19B80636AD2
:10591000CBB1514D2A6902F03802182A6DD0022B02
:105920002B6823F080732B6000F03981FDF716FFA0
:10593000044605E0FDF712FF001B022800F2BB80C1
:105940002B689B01F6D40020F8BD434A1369926A84
:1059500013F0380329D1404BE2681B68590701D581
:10596000002A4AD03C4D2B6823F0190313432B60C7
:10597000FDF7F4FE064605E0FDF7F0FE801B022869
:1059800000F299802B685B07F6D5FDF7FFFE41F228
:105990000303226998426B6800F2F08023F47C33A1
:1059A00043EA02336B6023684AE7182B00F0E28079
:1059B000294DE2682B68002A00F0CB8023F0190300
:1059C00013432B60FDF7CAFE064604E0FDF7C6FE52
:1059D000801B02286FD82B685F07F7D5D5E701F049
:1059E000030102297FF403AF1B4A126891037FF57C
:1059F00024AF6268002A7FF420AF0120F8BD02F0D6
:105A00000302012A7FF429AF134B1B68DA0502D584
:105A1000E369802BF1D1FDF7B9FE41F203030E4A91
:105A20009842216A00F2B380536823F0F84343EAB6
:105A300081635360236835E7074A136843F4803372
:105A40001360E9E6054D2B6843F480732B60FDF786
:105A500085FE064609E000BF00440258004802588F
:105A6000FDF77CFE801B642825D82B68DA05F7D566
:105A7000A368012B00F02281002B00F0FD80052B94
:105A8000954B1A6F00F0208122F001021A671A6FFD
:105A900022F004021A67FDF761FE8F4E41F288374B
:105AA000054604E0FDF75AFE401BB84203D8336FA9
:105AB0009B07F7D52BE70320F8BD874D41F28837C8
:105AC0002B6823F480332B602B6823F480232B6016
:105AD000FDF744FE064604E0FDF740FE801BB84299
:105AE000E9D82B689B03F7D4A6E66B6F23F001037C
:105AF0006B67FDF733FE064604E0FDF72FFE801BC3
:105B00000228D8D86B6F9907F7D4E3E62B6823F403
:105B100080532B60FDF722FE064604E0FDF71EFED3
:105B2000801B0228C7D82B689804F7D4EBE62B68B3
:105B300023F080032B60FDF711FE064604E0FDF71D
:105B40000DFE801B0228B6D82B68DF05F7D423682A
:105B5000A8E623F001032B60FDF700FE064604E0F3
:105B6000FDF7FCFD801B0228A5D82B685807F7D449
:105B7000236865E690077FF41BAFECE623F0FE4355
:105B800043EA02636B6023685AE601207047D368DA
:105B900023F07C5343EA0163D360236882E6FDF778
:105BA000DDFD064604E0FDF7D9FD801B022882D802
:105BB0002B689901F7D4A96A484BA26A0B4048495F
:105BC000454E1343E26A43EA0213AB62D4E90D3255
:105BD000013B013A5B0212049BB202F4FE02134342
:105BE000226B013AC2F308021343E26B013A120638
:105BF00002F0FE4213432B63EB6A23F00103EB62D6
:105C00006A6BA36C114041EAC3016963EB6A226CC1
:105C100023F00C031343EB62EB6A626C23F0020384
:105C20001343EB62EB6A43F48033EB62EB6A43F4B9
:105C30000033EB62EB6A43F48023EB62EB6A43F0E0
:105C40000103EB622B6843F080732B60FDF786FD48
:105C5000044605E0FDF782FD001B02283FF62BAF4E
:105C600033689A01F6D56EE642F480221A601A680B
:105C700042F480321A60CFE5174D41F288372B6F1E
:105C800023F001032B672B6F23F004032B67FDF731
:105C900065FD064605E0FDF761FD801BB8423FF655
:105CA0000AAF2B6F9807F6D431E6EB68226A23F02F
:105CB0007C5343EA0263EB602368F3E5064A136F03
:105CC00043F001031367E6E642F004021A671A6F15
:105CD00042F001021A67DEE6004402580CFCFFFFA6
:105CE0000700FFFF474A136903F03803102B04D065
:105CF000182B0DD01BB144487047444870471368B7
:105D000099064AD513684248C3F3C103D840704787
:105D1000936A30B4946AD56A14F47C7F516BC4F3EF
:105D2000051038D0C1F3CC0105F0010503F00303E1
:105D300005FB01F1012B07EE901AB8EEE77A02D0CD
:105D4000022B2CD093B307EE900A9FED325AF8EE57
:105D5000E77A136BC5EE276ADFED2F5AC3F308030A
:105D600007EE903AB7EE006AF8EEE77AE7EE257AAA
:105D700077EE867A66EEA76A224B1B6BC3F3462347
:105D8000013307EE903AB8EEE77AC6EE877AFCEE7A
:105D9000E77A17EE900A30BC70471D48704707EE4F
:105DA000900A9FED1E5AF8EEE77AD2E713689B0639
:105DB00020D5146807EE900A1549F7EE005A136BC8
:105DC000C4F3C104F8EEE77A9FED135AC3F3080356
:105DD000E14006EE903A06EE101AF8EEE66AB8EEEA
:105DE000C66AE7EE056A86EE277A76EEA56A66EE63
:105DF000876AC1E707EE900A9FED095AF8EEE77A45
:105E0000A7E700BF0044025800093D000024F40049
:105E10000090D0030024744A000000390024744B21
:105E20000024744C002800F00281874A136803F0B4
:105E30000F038B422DE9F04104460D460CD2136846
:105E400023F00F030B431360136803F00F038B421F
:105E500002D00120BDE8F08123685F070BD57B49A4
:105E600020698A6902F07002904204D98A6922F09E
:105E7000700202438A611E070BD574496069CA69C2
:105E800002F07002904204D9CA6922F07002024303
:105E9000CA61D8060BD56D49A069CA6902F4E062EF
:105EA000904204D9CA6922F4E0620243CA619906A9
:105EB0000BD56649E0690A6A02F07002904204D983
:105EC0000A6A22F0700202430A629A0740F1A18036
:105ED0005E48E168826902F00F02914204D982694A
:105EE00022F00F020A438261D80730D5574AA168D1
:105EF000936923F470630B4393616168136802290B
:105F000000F09780032900F08E80012900F097802F
:105F100058079ED54D4E41F28838336923F0070368
:105F20000B433361FDF71AFC074605E0FDF716FC4D
:105F3000C01B404500F281803369626803F038037A
:105F4000B3EBC20FF2D12368990706D5E1683F4849
:105F5000826902F00F028A425FD83B490A6802F068
:105F60000F02AA420AD90A6822F00F022A430A60E5
:105F70000A6802F00F02AA427FF46BAF5A070BD5F2
:105F8000324920698A6902F07002904204D28A691B
:105F900022F0700202438A611F070BD52B4960690A
:105FA000CA6902F07002904204D2CA6922F07002FB
:105FB0000243CA61DE060BD52449A069CA6902F40E
:105FC000E062904204D2CA6922F4E0620243CA61EC
:105FD0009D060BD51D4AE169136A03F070039942CF
:105FE00004D2136A23F070030B431362FFF77AFEA7
:105FF000164A0346164892691649C2F30322825C88
:106000000E2002F01F02D340BDE8F0410B60FDF707
:1060100043BBDA073FF56AAF9FE7826922F00F02C0
:106020001143816199E79F013FF574AF11E70120AA
:1060300070479B033FF56EAF0BE703200AE7DE05D1
:106040003FF568AF05E700BF00200052004402584A
:10605000785401084402002408B501F095F9064B74
:1060600006499B69064A03F00F03CB5C03F01F034C
:10607000D840106008BD00BF0044025878540108A1
:106080004802002410B501F07FF90949094A8B69DB
:10609000094C03F00F03D35C03F01F03D8402060CA
:1060A000CB69C3F30213D35C03F01F03D84010BDC8
:1060B00000440258785401084802002410B501F049
:1060C00063F90949094A8B69094C03F00F03D35C52
:1060D00003F01F03D8402060CB69C3F30223D35CD5
:1060E00003F01F03D84010BD004402587854010843
:1060F00048020024F8B53A4CA36A03F00303032BCB
:1061000067D0236806460F4623F080632360FDF7BF
:1061100025FB054604E0FDF721FB431B022B56D867
:1061200023681A01F7D4A36A326823F47C3343EA64
:106130000233A362D6E90232013B013A5B02120448
:106140009BB202F4FE0213437268013AC2F30802E2
:1061500013433269013A120602F0FE421343A3636D
:10616000E36A726923F0C0031343E362E26AB3692E
:1061700022F020021A431B4BE262E26A22F0100274
:10618000E262E16BF2690B4043EAC203E363E36A54
:1061900043F01003E362E36AEFB1012F0CBF43F455
:1061A000801343F40013E3620D4C236843F08063D3
:1061B0002360FDF7D3FA054604E0FDF7CFFA401B54
:1061C000022804D823681B01F7D50020F8BD03205E
:1061D000F8BD0120F8BD43F40023E362E4E700BF0B
:1061E000004402580700FFFFF8B53A4CA36A03F0D9
:1061F0000303032B67D0236806460F4623F0805322
:106200002360FDF7ABFA054604E0FDF7A7FA431B50
:10621000022B56D823689A00F7D4A36A326823F079
:106220007C7343EA0253A362D6E90232013B013A8E
:106230005B0212049BB202F4FE0213437268013A3D
:10624000C2F3080213433269013A120602F0FE4219
:1062500013432364E36A726923F440631343E362E4
:10626000E26AB36922F400721A431B4BE262E26AEB
:1062700022F48072E262616CF2690B4043EAC2036D
:106280006364E36A43F48073E362E36AEFB1012F6E
:106290000CBF43F4000343F08073E3620D4C2368AA
:1062A00043F080532360FDF759FA054604E0FDF7FB
:1062B00055FA401B022804D823689B00F7D500201C
:1062C000F8BD0320F8BD0120F8BD43F48003E3626C
:1062D000E4E700BF004402580700FFFF2DE9F84340
:1062E0000368044613F0006622D0426EB2F5001F28
:1062F00000F0CE8411D8002A00F0F884B2F5801F97
:1063000040F0F18402210430FFF7F4FE0646002E2F
:1063100040F08684626E236803E0B2F5401F40F0CF
:10632000E284A8480026016D21F440110A43026569
:10633000DD050AD5626D042A06D8DFE812F0A20452
:1063400093049A04DF02DF020126354698051BD527
:10635000A26D802A00F05B8400F2EC80002A00F03D
:106360008B83402A40F0ED800021201DFFF7C2FE04
:1063700023680546002D40F067839249A06D0A6DA1
:1063800022F4E07202430A6559051FD5D4F8A4200F
:10639000B2F5800F00F0478400F2D680002A00F0AA
:1063A0007183B2F5001F40F0D7800021201DFFF758
:1063B000A1FE23680546002D40F044838149D4F8AE
:1063C000A4008A6D22F4600202438A651A051FD573
:1063D000D4F8A820B2F1007F00F02E8400F2BF8034
:1063E000002A00F05583B2F1807F40F0C080002188
:1063F000201DFFF77FFE23680546002D40F02A830D
:106400007049D4F8A8008A6D22F0E06202438A65E0
:106410009F0118D5A26C202A00F0DA8300F2AA802E
:106420003AB1102A40F0A9806649CA6A42F40032A3
:10643000CA62002D40F059836249A06CCA6C22F0F8
:1064400030020243CA64D8041DD5E26DB2F5005F84
:1064500000F0FB8300F29480002A00F01F83B2F565
:10646000805F40F095800021201DFFF743FE2368E8
:106470000546002D40F0EC825249E06D0A6D22F491
:10648000E04202430A6599041AD5226EB2F5003F34
:1064900000F074837FD84AB1B2F5803F40F083802A
:1064A0000121201DFFF726FE23680546002D40F040
:1064B0001E834449206E0A6D22F4E02202430A65DD
:1064C0005A041BD5D4F8AC20B2F1005F00F0608311
:1064D0006CD842B1B2F1805F70D10121201DFFF76D
:1064E00009FE23680546002D40F003833549D4F8A2
:1064F000AC008A6D22F0E04202438A651F040DD58C
:10650000E26EB2F1805F00F03183B2F1005F00F023
:106510000182002A00F0048201263546D8015DD5AB
:10652000626C032A00F20A84DFE812F054001703B9
:106530004E005400C02A3FF41DAFB2F5807F3FF4F7
:1065400019AF012635461FE7B2F5C00F3FF433AF50
:10655000B2F5000F3FF42FAF0126354636E7B2F112
:10656000407F3FF44AAFB2F1806F3FF446AF01265F
:1065700035464DE7302A3FF45CAF0126354662E7E9
:10658000B2F5405F3FF475AFB2F5804F3FF471AFA5
:106590000126354677E722F48031B1F5802F85D08A
:1065A000B2F5403F82D00126354689E722F080517E
:1065B000B1F1804F97D0B2F1405F94D001263546BB
:1065C0009CE700BF004402580221201DFFF792FD06
:1065D00023680546002D00F06B822E46590200F11B
:1065E000F081DF072FD5A26F282A2AD8DFE812F022
:1065F000D3012900290029002900290029002900A8
:106600006D032900290029002900290029002900FB
:10661000CC0129002900290029002900290029008E
:10662000D301290029002900290029002900290077
:10663000D301290029002900290029002900290067
:10664000D30101263546980716D5626F052A00F258
:106650007883DFE812F00D00300306000D000D0016
:106660000D00012104F12400FFF7BEFD236805465B
:10667000002D00F025822E46590717D5D4F890201A
:10668000052A00F26183DFE812F00D000C0306001A
:106690000D000D000D00012104F12400FFF7A4FD01
:1066A00023680546002D00F013822E469A061DD55C
:1066B000D4F88C20B2F1005F00F0458200F2DC805B
:1066C0004AB1B2F1805F40F0E1800021201DFFF768
:1066D00011FD23680546002D40F00582A949D4F834
:1066E0008C004A6D22F0E04202434A655F061DD5E8
:1066F000D4F89820B2F5006F00F0548200F2C980FF
:106700004AB1B2F5806F40F0CE800021201DFFF726
:10671000F1FC23680546002D40F0C8819949D4F862
:1067200098008A6D22F4E05202438A6518061DD54E
:10673000D4F89C20B2F5804F00F03F8200F2B68082
:106740004AB1B2F5005F40F0BB800021201DFFF789
:10675000D1FC23680546002D40F0A6818949D4F874
:106760009C008A6D22F4604202438A6519070BD5AA
:10677000D4F88010B1F5805F00F03E828148426D10
:1067800022F440520A434265DA060BD5D4F894103D
:10679000B1F5807F00F025827A48826D22F4407244
:1067A0000A4382651F030ED5D4F8A010B1F5803FCF
:1067B00000F0D480B1F5003F00F0D780002900F050
:1067C000BA810126354658030FD5D4F88420B2F596
:1067D000001F00F0B080B2F5401F00F0B380B2F5AA
:1067E000801F00F0A08101263546D90309D5E26C4F
:1067F000002A00F08681B2F5803F00F02D8101264D
:1068000035469A0000F1D2809F035CD4301E18BF39
:106810000120DE0206D55B49256F0A6D22F0004299
:106820002A430A65DD0007D55649D4F8B4500A69F1
:1068300022F480422A430A61990206D55149A56E85
:106840000A6D22F080722A430A655A0009D54D4A22
:10685000116921F4004111611169D4F8B85029433C
:106860001161002B06DA474A216DD36C23F04053A7
:106870000B43D364BDE8F88322F08051B1F1804F1F
:106880003FF429AFB2F1405F3FF425AF0126354612
:106890002CE722F48061B1F5805F3FF43CAFB2F5A4
:1068A000406F3FF438AF012635463FE722F40051F0
:1068B000B1F5004F3FF44FAFB2F5C04F3FF44BAFCF
:1068C0000126354652E7E26FB2F5807F00F0228163
:1068D00006D922F48071B1F5007F03D0012098E73A
:1068E000002AFBD1002DF9D1264D301E696D18BF4D
:1068F000012021F440710A436A658AE73546002D7C
:1069000040F0A4801F49606D0A6D22F00702024327
:106910000A651BE50121201DFFF7ECFB23680546F6
:10692000002D40F0DE801749E06E0A6D22F04052E3
:1069300002430A65F2E5012104F12400FFF754FC4B
:1069400023680546002D40F0DA800E49D4F8840013
:106950004A6D22F4401202434A6546E7022104F1DF
:106960002400FFF741FC23680546002D40F0C58058
:106970000449D4F8A0008A6D22F4403202438A65AB
:1069800021E700BF00440258012104F12400FFF771
:106990002BFC23680546002D40F0AD80AF49A06F69
:1069A0004A6D22F0380202434A654CE6022104F1A6
:1069B0002400FFF719FC236800283FF425AF0126C7
:1069C00022E7A74F3B6843F480733B60FCF7C6FEA9
:1069D000804606E0FCF7C2FEA0EB0800642800F247
:1069E0007E813B68DA05F5D5002D40F0A4819B4AF5
:1069F000D4F8B030116F594011F4407F0BD0116FB3
:106A0000106F21F4407140F480301067106F20F453
:106A1000803010671167B3F5807F00F06E8103F45A
:106A20004072B2F5407F00F07C818C490A6922F403
:106A30007C520A61894AC3F30B03116F0B4313673E
:106A40002368CEE52E46C1E42E469DE42E467DE425
:106A50002E4618E52E46DBE40221201DFFF74AFBF7
:106A600005462368002D53D17C49E06CCA6C22F4A2
:106A700080320243CA64C4E67849CA6A42F40032EA
:106A8000CA6277E47549CA6A42F40032CA6292E483
:106A90007249CA6A42F40032CA62AEE46F49CA6AF5
:106AA00042F40032CA62E4E42E465FE62E463DE63A
:106AB0006A49606CCA6C22F003020243CA648DE525
:106AC0006649606F4A6D22F0070202434A65D3E5CA
:106AD0006249D4F890008A6D22F0070202438A6569
:106AE000E4E52E461AE52E4600E62E46ABE42E4699
:106AF000E6E42E4602E52E46A5E52E4663E62E4642
:106B000073E65649CA6A42F40032CA62002DABD01D
:106B10002E4676E65148C16A41F40031C162002D2B
:106B20007FF4DCAEE0E64D49CA6A42F40032CA6244
:106B3000002DE4D109E7201DFFF7DCFA05462368A4
:106B4000002DDAD114E7022104F12400FFF74CFBF9
:106B500005462368002DC6D1C0E54049CA6A42F403
:106B60000032CA62002D7FF438ADA1E73B49CA6A02
:106B700042F40032CA62002DB3D1D4E6012104F1FF
:106B80002400FFF731FB05462368002DAFD190E4C8
:106B9000012104F12400FFF727FB05462368002D9F
:106BA000A7D1A3E4022104F12400FFF71DFB054651
:106BB0002368002D7FF47AAFB0E5022104F12400B0
:106BC000FFF712FB05462368002D7FF46DAFC5E586
:106BD0000221201DFFF78EFA05462368002D84D17F
:106BE0002AE4022104F12400FFF7FEFA23680028BA
:106BF0003FF4D8AD0126D5E5022104F12400FFF7CA
:106C0000F3FA236800283FF4BFAD0126BCE500215C
:106C100004F12400FFF7E8FA23680546FFF7AABB52
:106C20002368FFF785BB002104F12400FFF7DCFA9D
:106C300023680546FFF7BFBB002104F12400FFF7DE
:106C4000D3FA23680546FFF7D8BB002104F12400DE
:106C5000FFF7CAFA236805460BE400BF0044025858
:106C6000004802580021201DFFF744FA236805461A
:106C700045E6002104F12400FFF7B6FA2368054633
:106C80003DE633493546CA6A42F40032CA6236E606
:106C900002212430FFF7A8FA0646002E3FF43AAB53
:106CA000BEE70121201DFFF725FA05462368002DC8
:106CB0007FF4FBAC0CE70121201DFFF71BFA054612
:106CC0002368002D7FF4D7ACFAE60121201DFFF7E1
:106CD00011FA05462368002D7FF40DAF5EE603260A
:106CE000236835467DE40126FFF722BB1848C16AB8
:106CF00041F40031C162FFF714BBFCF72FFDDFF850
:106D00005080074641F2883904E0FCF727FDC01B9C
:106D10004845E4D8D8F870309B07F6D5D4F8B030A1
:106D20007DE60B480B4A016902EA131221F47C51FB
:106D30000A4302617EE623682E4652E40126354668
:106D40004CE40126354697E401263546AEE400BF03
:106D500000440258CFFFFF0008B5FFF77DF9054B4F
:106D6000054A1B6AC3F30213D35C03F01F03D84028
:106D700008BD00BF0044025878540108584B70B455
:106D8000996A9D6ADE6A15F47C3FC5F30532DC6BB7
:106D90005CD0C4F3CC0406F0100601F0030106FB3E
:106DA00004F4012907EE904AB8EEE77A03D00229ED
:106DB00075D000294FD007EE902ADFED4A6AF8EE31
:106DC000E77A9B6B86EEA76A9FED475AC3F30803E9
:106DD00006EE903AF7EE005AF8EEE66AE7EE056A3C
:106DE00076EEA56A66EE266A3D4AB7EE006A936BB8
:106DF000C3F3462307EE103AB8EEC77A70BC37EEFD
:106E0000067AC6EE877AFCEEE77AC0ED007A936BDD
:106E1000C3F3064307EE103AB8EEC77A37EE067AA8
:106E2000C6EE877AFCEEE77AC0ED017A936BC3F386
:106E3000066307EE903AF8EEE77A77EE867A86EE0A
:106E4000A77ABCEEC77A80ED027A704770BCC0E9C1
:106E50000022826070471968890627D51C6807EEF2
:106E6000902A2249F7EE005A9B6BC4F3C102F8EE58
:106E7000E77A9FED1D5AC3F30803D14006EE903A1E
:106E800006EE101AF8EEE66AB8EEC66AE7EE056A94
:106E900086EE277A76EEA56A66EE876AA4E707EEA5
:106EA000902ADFED136AF8EEE77A8AE707EE902A78
:106EB0009FED105A9B6BB7EE006AF8EEE77ADFEDB4
:106EC0000A5AC3F30803C5EE276A07EE903AF8EEB4
:106ED000E77AE7EE257A77EE867A66EEA76A83E7A9
:106EE000004402580024744A000000390090D00386
:106EF0000024744B0024744C584B70B4996A9D6AFA
:106F0000DE6A15F07C7FC5F305525C6C5CD0C4F37F
:106F1000CC0406F4807601F0030106FB04F4012999
:106F200007EE904AB8EEE77A03D0022975D000291F
:106F30004FD007EE902ADFED4A6AF8EEE77A1B6C35
:106F400086EEA76A9FED475AC3F3080306EE903A10
:106F5000F7EE005AF8EEE66AE7EE056A76EEA56A05
:106F600066EE266A3D4AB7EE006A136CC3F3462309
:106F700007EE103AB8EEC77A70BC37EE067AC6EE66
:106F8000877AFCEEE77AC0ED007A136CC3F3064310
:106F900007EE103AB8EEC77A37EE067AC6EE877A71
:106FA000FCEEE77AC0ED017A136CC3F3066307EEDB
:106FB000903AF8EEE77A77EE867A86EEA77ABCEE1C
:106FC000C77A80ED027A704770BCC0E90022826007
:106FD00070471968890627D51C6807EE902A224950
:106FE000F7EE005A1B6CC4F3C102F8EEE77A9FED8E
:106FF0001D5AC3F30803D14006EE903A06EE101A6C
:10700000F8EEE66AB8EEC66AE7EE056A86EE277A1B
:1070100076EEA56A66EE876AA4E707EE902ADFEDB2
:10702000136AF8EEE77A8AE707EE902A9FED105A86
:107030001B6CB7EE006AF8EEE77ADFED0A5AC3F38D
:107040000803C5EE276A07EE903AF8EEE77AE7EE16
:10705000257A77EE867A66EEA76A83E700440258BF
:107060000024744A000000390090D0030024744BBF
:107070000024744C584B70B4996A9D6ADE6A15F40A
:107080007C7FC5F305125C6B5CD0C4F3CC0406F0C6
:10709000010601F0030106FB04F4012907EE904A02
:1070A000B8EEE77A03D0022975D000294FD007EE59
:1070B000902ADFED4A6AF8EEE77A1B6B86EEA76A44
:1070C0009FED475AC3F3080306EE903AF7EE005AD5
:1070D000F8EEE66AE7EE056A76EEA56A66EE266ADF
:1070E0003D4AB7EE006A136BC3F3462307EE103A2E
:1070F000B8EEC77A70BC37EE067AC6EE877AFCEE39
:10710000E77AC0ED007A136BC3F3064307EE103A3B
:10711000B8EEC77A37EE067AC6EE877AFCEEE77AE3
:10712000C0ED017A136BC3F3066307EE903AF8EEF5
:10713000E77A77EE867A86EEA77ABCEEC77A80ED9C
:10714000027A704770BCC0E90022826070471968FB
:10715000890627D51C6807EE902A2249F7EE005AC7
:107160001B6BC4F3C102F8EEE77A9FED1D5AC3F31F
:107170000803D14006EE903A06EE101AF8EEE66AE1
:10718000B8EEC66AE7EE056A86EE277A76EEA56A5D
:1071900066EE876AA4E707EE902ADFED136AF8EE41
:1071A000E77A8AE707EE902A9FED105A1B6BB7EE3D
:1071B000006AF8EEE77ADFED0A5AC3F30803C5EE7A
:1071C000276A07EE903AF8EEE77AE7EE257A77EE4F
:1071D000867A66EEA76A83E7004402580024744A60
:1071E000000000390090D0030024744B0024744C3C
:1071F000B0F5807F00B585B048D0B0F5007F11D0E4
:10720000B0F5806F00F08280B0F5006F52D0B0F51D
:10721000805F2CD0B0F5002F00F09680002005B0E4
:107220005DF804FB534A136D03F4E073802B59D0CF
:1072300012D9C02B26D0B3F5807FEFD1D36C13F0D9
:1072400040535BD0B3F1805F00F08D80B3F1005FFD
:10725000494818BF0020E2E7002B3CD0402BDDD18D
:1072600001A8FFF78BFD019805B05DF804FB414ACA
:10727000136D03F4E043B3F5005F33D029D9B3F5C0
:10728000405F58D13D4805B05DF804FB394B1B6D9C
:1072900003F00703042BC1D801A252F823F000BF6A
:1072A000D772000861720008E57200088572000854
:1072B000F37200082F4A936D03F0E063B3F1007F8F
:1072C00010D01DD9B3F1407FDCD0B3F1806FB5D0C1
:1072D000A4E7002B34D101A8FFF7CCFE029805B03B
:1072E0005DF804FB01A8FFF707FE019805B05DF803
:1072F00004FB204BDB6C13F04053A3D120488EE7F6
:10730000002BE8D0B3F1807FAAD087E7194A936DAC
:1073100003F46003B3F5800FE4D005D8002BDAD076
:10732000B3F5001F9CD079E7B3F5C00FAAD0B3F531
:10733000000F83D072E7B3F5804F3FF47FAF6DE766
:10734000B3F5805F8CD069E70A4A936D03F440334C
:10735000B3F5803F09D0B3F5003F3FF46FAF002B8A
:107360007FF45CAF7CE7074859E701A8FFF7C4FD4D
:10737000039854E7004402580024F4000080BB0046
:107380000090D00300093D0008B5FEF7ABFC064BAA
:1073900006499B69064AC3F30323CB5C03F01F0332
:1073A000D840106008BD00BF00440258785401085E
:1073B00044020024084604F017B900BF143001F05D
:1073C0006DBA00BF38B500F1140504462DED028BEF
:1073D000284601F01FFA284601F018FA2846B0EEB8
:1073E000408A01F001FAD0ED007AF8EE677A88EE73
:1073F000277ABDEC028B84ED0E7A38BD143001F093
:1074000005BA00BF38B500F1140504462DED028B16
:10741000284601F0EDF9284601F0F8F92846B0EECB
:10742000408A01F0E1F9D0ED007AF8EE677A88EE53
:10743000277ABDEC028B84ED0E7A38BD253001F041
:1074400079BF00BF10B540F203338EB000244FF671
:107450000B7240F20341ADF8083009A80123ADF8E2
:107460001020ADF824202246ADF80C1000940299AB
:1074700007940C94CDE90544CDE90A4401F082FD5E
:1074800004A8012322460399009401F07BFD09A87A
:1074900001F05EFE10B901200EB010BD04A801F08D
:1074A00057FEA0420CBF022020460EB010BD00BF08
:1074B0002DE9F04103239AB0012700240646CDE9C7
:1074C00014373B4BCDE9104340F20453CDE9164746
:1074D000ADF84830FFF7B6FFB842054625D0022880
:1074E00045D040F60132334B0DF12C081894ADF81D
:1074F0002C200B981997CDF84A3000F0E3F810A92A
:1075000006F13C0002F060FE302003224FF07E5373
:1075100041460D930E93CDE90B02F26B06F1140078
:1075200001F02AF91AB0BDE8F0811023214A06A91A
:1075300006908DF828300DF12C081F4BCDF84A200D
:1075400007930294CDE91804CDE9080402A802F0DB
:1075500071F80823029A03A94046ADF80C508DF843
:107560000E40049505930B9400F0ECF8C7E700205B
:107570000121104B0DF12C083A460094CDF84A3009
:107580004FF60B730C94ADF82C302346CDE918015F
:1075900040F601314046ADF818100699CDE90D448A
:1075A00001F0F0FC2146404601F0DEFDA7E700BFF8
:1075B00004020404040604030704010B2DE9F04748
:1075C00004462DED028B82B000294DD0012140F2FE
:1075D000011200230091ADF804208DF80630364AE0
:1075E0000127364B04F10409354904F1290862608A
:1075F00040F20272A36040F60663E16004F1250ADE
:10760000A4F82520A4F82930278284F8277084F86C
:107610002B7004F08BF9054603F0E8FF6946064637
:1076200050BB4DB304F130008DF8067004F000F942
:10763000072D3CD104F114052046FFF739FF2846F9
:1076400001F0E4F82846B0EE408A01F0CDF8D0ED24
:10765000007AF8EE677A88EE277A84ED0E7A02B027
:10766000BDEC028BBDE8F08740F2011300918DF86C
:107670000610ADF80430B2E704F1300004F0D8F899
:10768000072D11D04946204602F01EFA0EB9002DF2
:10769000D0D1504601F072FD404601F06FFD04F17B
:1076A000120000F079F9C5E7002EF2D1C2E7494691
:1076B000204602F009FABDE7050805090507050699
:1076C000050A060610B584B003460124ADF804008F
:1076D00003A8ADF80C30ADF80E4001F04FFD214687
:1076E00003A801F027FE204603F07EFF002103A837
:1076F00001F020FE204603F077FF214603A801F0A9
:1077000019FE04B010BD00BF10B5C2F3002384B051
:107710000C46017C8DF80D2043EA4402FA24022332
:107720008DF80C2003AA009402F01AF818B1012475
:10773000204604B010BD04460A2003F055FF204641
:1077400004B010BD034670B543F8042B044684B062
:1077500007C983E80700A37983B91A210B461E22C3
:10776000FA2523742046ADF80C20022303AA0095C5
:1077700001F0F6FF28B1012004B070BD1B210B46BB
:10778000EDE70A2003F030FF4FF4B85200950223D2
:10779000ADF80C20204603AA217C01F0E1FF00286F
:1077A000E9D10A2003F020FF41F202720095022382
:1077B000ADF80C20204603AA217C01F0D1FF00285F
:1077C000D9D10A2003F010FF042200950223ADF85E
:1077D0000C20204603AA217C01F0C2FF0028CAD158
:1077E0000A2003F001FF062200950223ADF80C20C9
:1077F000204603AA217C01F0B3FF0028BBD10A2058
:1078000003F0F2FE41F2082200950223ADF80C20AD
:10781000204603AA217C01F0A3FF0028ABD10A2057
:10782000064603F0E1FE0095022303AA217C2046D0
:10783000ADF80C6001F094FF00289CD1304603F0B5
:10784000D3FE009522790C232046002A8DF80C30B7
:1078500003AA4FF0020314BF622142218DF80D10DC
:10786000217C01F07DFF002885D1304603F0BCFE6D
:107870002279D4E902310B43DBB20AB943F0400369
:1078800062790AB143F020030E22FA258DF80D30FB
:107890002046009502238DF80C2003AA217C01F0DC
:1078A0005FFF00287FF467AF0A2003F09DFE1022DF
:1078B00000950223ADF80C20204603AA217C01F09C
:1078C0004FFF00287FF457AF0A2003F08DFE1221EE
:1078D00000950223ADF80C1003AA217C204601F08C
:1078E0003FFF00287FF447AF0A2003F07DFE01220E
:1078F00009212046FFF708FF003818BF01203BE7A9
:10790000F0B5102387B0234C012200250126002763
:1079100002A920460195CDE902234FF48052CDE91A
:10792000046707F0D5F86420FBF71EFF02A94FF4A7
:1079300080522046CDE9046702261027CDE9026770
:1079400007F0C6F80322102302A92046CDE902233E
:1079500000230422CDE904234FF4805207F0B8F845
:1079600040F23223042202A9019310232046CDE9DC
:107970000223019A012305924FF48052049307F0E9
:10798000A7F840F60601204607F0C2F8284607B0DF
:10799000F0BD00BF304201241C4B00221C494FF0B7
:1079A000400C30B5054689B00220596007219A6025
:1079B0001A620124DA620A224FF4006EDC60069239
:1079C0002022CDE9000104200821CDE90201032095
:1079D0001021CDE9040108206946C3E904024FF4EF
:1079E000C072181DC3E906C24FF48052C3E909E210
:1079F00007F044F838B92846FFF782FF003818BF6F
:107A0000012009B030BD204609B030BD2C42012410
:107A100040410052614A0021D0B513688EB00A91EE
:107A2000002B40F0B9805E4B01214FF683700C248F
:107A300011600221D3F8D4200026032742F480529B
:107A4000C3F8D420D3F8D42002F480520092009AD4
:107A5000D3F8E02042F01002C3F8E020D3F8E02091
:107A600002F010020192019AD3F8E02042F04002A5
:107A7000C3F8E020D3F8E02002F040020292029A1C
:107A8000D3F8E02042F00802C3F8E020D3F8E02069
:107A900002F008020392039AD3F8E02042F48072C5
:107AA000C3F8E020D3F8E02002F480720492049A34
:107AB000D3F8E02042F08002C3F8E020D3F8E020C1
:107AC00002F080020592059AD3F8E02042F02002ED
:107AD000C3F8E020D3F8E02002F020020692069AD4
:107AE000D3F8E02042F00402C3F8E020D3F8E030FD
:107AF0000C9403F0040307930323079A0B93CDE937
:107B0000080108A9274804F04DF948F2371202236A
:107B100008A925480C94CDE90823CDE90A6704F0AB
:107B200041F94CF20372022308A920480C94CDE9D4
:107B30000823CDE90A6704F035F940F2FF62022319
:107B400008A91B480C94CDE90823CDE90A6704F085
:107B500029F94FF60C72022308A916480C94CDE9B6
:107B60000823CDE90A6704F01DF94FF63F0202230E
:107B700008A911480C94CDE90823CDE90A6704F05F
:107B800011F92022022308A90A480C94CDE90A67BA
:107B9000CDE9082304F006F90EB0D0BD2842012437
:107BA000004402580010025800180258000C0258F5
:107BB00000200258001C0258001402582DE9F04F12
:107BC000DFF8108406460D46144608F118002DED26
:107BD000028B89B000AF02F0EFFBD8F8183073B316
:107BE000D8F81C30D8F80490002B43690BBF4FF035
:107BF000080A4FF0100A4FF0020B4FF0040BB9F1D6
:107C0000000F2AD0A200EA46012B02F1070222F05F
:107C10000702ADEB020D6846ADEB020D694600F0C0
:107C20003F81022B00F0D680002B6FD02246C84740
:107C3000D5462437BD46BDEC028BBDE8F08FD8F8A1
:107C40001C30002BF5D0D8F804904FF0080A4FF004
:107C5000020B4369B9F1000FD4D1FB61D8F80030B1
:107C6000BB61002BE5D0D54802F018FC6B46BBF198
:107C7000020F786108EE103AFB6900F083816A46D2
:107C80005146A2EBC40295466200EA46B2FBFBF203
:107C9000AAEBC40085460AEB8200EE46F861ADEB24
:107CA000010DF8690EEB820CC7F810C0EC46ADEB85
:107CB000010D00EB8201CCF80400CCF8081001EBB8
:107CC00082013869E946CCF80C1000EB8201CCF84F
:107CD00000A001EB8202C9E900E0C9E90212012B10
:107CE00000F06483022B00F06C82002B00F0808196
:107CF000620849466046BB69984718EE103A243737
:107D00009D46BD46BDEC028BBDE8F08F002C8DD0AA
:107D10001A46D8ED0C6A9FEDB27A8446331D36F9C7
:107D200022E00CF1080C07EE90EA33F922E002326F
:107D3000F8EEE77A944267EE877A67EEA67A4CED22
:107D4000027A07EE90EAF8EEE77A67EE877A67EE56
:107D5000A67A4CED017AE2D8F9612246C847984EDE
:107D6000D8ED0D6A0020F9692B1D9FED9E7A9FEDDD
:107D70009E6ADFED9E5A22E0F4EEC67AF1EE10FA2A
:107D8000C0F2C88447F6FE72D1ED017A45F8202092
:107D900066EEA77AF4EEC77AF1EE10FA40F2F080C0
:107DA000F4EEC67AF1EE10FAC0F2D58447F6FE7210
:107DB00043F820200230083184427FF639AFD1EDFC
:107DC000007A66EEA77AF4EEC77AF1EE10FAD3D80D
:107DD0003246D9E7002C3FF429AFD8ED0C6A84462F
:107DE0009FED787A0022331D8E4656F822100CF152
:107DF000080C07EE901A53F822100232F8EEE77AD8
:107E0000944267EE877A67EEA67A4CED027A07EE27
:107E1000901AF8EEE77A67EE877A67EEA67A4CED6D
:107E2000017AE2D871462246C7F81CE0C847664E80
:107E3000D8ED0D6A0020F9692B1D9FED6A7A9FED40
:107E40006A6ADFF894C120E0F4EEC67AF1EE10FA27
:107E5000C0F279843246D1ED017A45F8202066EEF1
:107E6000A77AF4EEC77AF1EE10FA40F28780F4EECA
:107E7000C67AF1EE10FAC0F25E84324643F8202052
:107E80000230083184427FF6D3AED1ED007A66EE3F
:107E9000A77AF4EEC77AF1EE10FAD5D86246DAE79F
:107EA000002C3FF4C3AED8ED0C6A86469FED477AAE
:107EB0004FF0000C331D56F82C200EF1080E82F402
:107EC0000002A2F5000207EE902A53F82C200CF1D4
:107ED000020CF8EEE77A82F400026445A2F5000293
:107EE00067EE877A67EEA67A4EED027A07EE902A61
:107EF000F8EEE77A67EE877A67EEA67A4EED017ABA
:107F0000D9D8F9612246C847314ED8ED0D6A002014
:107F1000F9692B1D9FED337A9FED336ADFF8BCC002
:107F20001FE0F4EEC67AF1EE10FAC0F2FC8332469E
:107F3000D1ED017A45F8202066EEA77AF4EEC77AF3
:107F4000F1EE10FA18D9F4EEC67AF1EE10FAC0F29A
:107F5000DA83324643F820200230083184427FF62B
:107F600067AED1ED007A66EEA77AF4EEC77AF1EE4D
:107F700010FAD6D86246DBE76246EBE762467DE759
:107F8000324615E7A100D6466208073121F0070105
:107F9000ADEB010DEA46ADEB010D6946ADEB0E0D03
:107FA0000AEB8200EC46ADEB0E0D01EB8202F861AC
:107FB000E946CCE900A0C9E9001290E6804201241C
:107FC0000280FFFF000000300082FF7F00000034CD
:107FD00082FF7F0064420124007E00807E0080FFDB
:107FE0000000003804FF7FBF04FF7F3F00FEFF4614
:107FF000002C00F0C982BBF1020FD8F8242000F059
:10800000FA827969C7F8049002EB810E5FED0C5A91
:108010008A00DCF808100EF104007A611A46DCF8D8
:108020000C303B61331DD7F810903D61FD69C7E905
:1080300002CB8C46834636F92210D8ED0C7A06EE38
:10804000101A33F9221006EE901A3EF92210B8EEFB
:10805000C66A07EE101AF8EEE66A3BF92210B8EE8F
:10806000C77A26EE256A66EEA56A27EE257A26EE01
:10807000276A66EEA76A27EE277A07EE901A51085C
:108080000232F8EEE77A0AEB8100944280ED006A52
:1080900005EB810067EEA57AC0ED006A0CEB81006C
:1080A00009EB810180ED007A98ED0C7A67EE877A12
:1080B000C1ED007ABFD8D7F804903D69D7E902CB6B
:1080C00060466208BB6949469847D8F82C307A69FF
:1080D000D8ED0D6A1A441FED3D7A1FED3D6A2B1D48
:1080E000904602F1040A5FED3F5A0022A84ED9E9FA
:1080F00000EC51E0F4EEC67AF1EE10FAC0F2C7825D
:1081000047F6FE7045F822000CEB0100D0ED007A36
:1081100066EEA77AF4EEC77AF1EE10FA4BD9F4EED8
:10812000C67AF1EE10FAC0F2BA8247F6FE70BBF1E1
:10813000020F43F822002BD0D9F808000844D0EDF4
:10814000007A66EEA77AF4EEC77AF1EE10FA36D925
:10815000F4EEC67AF1EE10FAC0F2CD8247F6FE7068
:1081600048F82200D9F80C000144D1ED007A66EEFF
:10817000A77AF4EEC77AF1EE10FA1ED9F4EEC67AB9
:10818000F1EE10FAC0F2AF8247F6FE714AF8221003
:10819000023294427FF6B1AD51080EEB81008900A6
:1081A000D0ED007A66EEA77AF4EEC77AF1EE10FA17
:1081B000A0D83046A6E73046B9E73146E6E7304674
:1081C000CEE7002C00F0E081BBF1020FD8F824309C
:1081D00000F0E1817A69DCF8081003EB820EC7F841
:1081E00004909300DFED6B5A0EF1040000227B61D6
:1081F000DCF80C303B61331DD7F810903D61FD6910
:10820000C7E902CB8C46834656F82210D8ED0C7A8B
:1082100007EE101A53F82210B8EEC76A07EE101ACC
:108220005EF82210F8EEC76A07EE101A26EE256AED
:108230005BF82210B8EEC77A66EEA56A26EE276ACA
:1082400027EE257A66EEA76A27EE277A07EE901AC0
:1082500051080232F8EEE77A0AEB8100944280ED91
:10826000006A05EB810067EEA57AC0ED006A0CEBB1
:10827000810009EB810180ED007A98ED0C7A67EEC0
:10828000877AC1ED007ABFD8D7F804903D69D7E965
:1082900002CB60466208BB6949469847D8F82C3043
:1082A0007A69D8ED0D6A1A449FED3E7A9FED3E6AD9
:1082B000131D9246DFF8E4C00022FB612B1D364EF1
:1082C000D9E9008E4EE0F4EEC67AF1EE10FAC0F273
:1082D000FC81304645F822000EEB0100D0ED007A1B
:1082E00066EEA77AF4EEC77AF1EE10FA49D9F4EE09
:1082F000C67AF1EE10FAC0F2EF813046BBF1020F00
:1083000043F822002AD0D9F808000844D0ED007ABA
:1083100066EEA77AF4EEC77AF1EE10FA35D9F4EEEC
:10832000C67AF1EE10FAC0F2C98130464AF822004E
:10833000D9F80C000144D1ED007A66EEA77AF4EE8C
:10834000C77AF1EE10FA1ED9F4EEC67AF1EE10FA01
:10835000C0F2AD813146F86940F8221002329442F1
:108360007FF6CBAC510808EB81008900D0ED007A94
:1083700066EEA77AF4EEC77AF1EE10FAA3D860465B
:10838000A8E76046BAE76146E5E76046CEE700BF8A
:108390000280FFFF000000300082FF7F007E00802F
:1083A0000000003404FF7FBF04FF7F3F002C00F07B
:1083B000EB807A690021D8F82430C7F8109003EBDD
:1083C000820ED7F81C909300FD610EF104021FEDA0
:1083D0000C6A7B61331D154656F821204808D8EDFC
:1083E0000C6ABBF1020F82F40002A2F5000207EE54
:1083F000902A53F8212082F40002B8EEE77AA2F521
:10840000000227EE067A07EE902A0AEB8002F8EEC9
:10841000E77A27EE267A67EE867A82ED007A09EB14
:1084200080024FEA800067EEA67AC2ED007A27D07C
:108430005EF8212082F40002A2F5000207EE902AE5
:1084400055F8212082F40002B8EEE77AA2F5000286
:1084500027EE067A07EE902ADCF80820F8EEE77A95
:10846000024427EE267A67EE867A82ED007A98ED4E
:108470000C7ADCF80C2067EE877A0244C2ED007AB1
:1084800002318C42A8D8D7F8109060466208BB69C8
:108490004946FD699847D8F82C307A69D8ED0D6ABD
:1084A0001A441FED407A1FED406A131D9246DFF813
:1084B000C4C20022FB612B1DAB4ED9E9008E4EE0F9
:1084C000F4EEC67AF1EE10FAC0F2C580304645F8F7
:1084D00022000EEB0100D0ED007A66EEA77AF4EEF2
:1084E000C77AF1EE10FA49D9F4EEC67AF1EE10FA35
:1084F000C0F2BF803046BBF1020F43F822002AD001
:10850000D9F808000844D0ED007A66EEA77AF4EEB8
:10851000C77AF1EE10FA35D9F4EEC67AF1EE10FA18
:10852000C0F2AE8030464AF82200D9F80C0001446F
:10853000D1ED007A66EEA77AF4EEC77AF1EE10FA82
:108540001ED9F4EEC67AF1EE10FAC0F28B803146F5
:10855000F86940F82210023294427FF6CEAB5108FF
:1085600008EB81008900D0ED007A66EEA77AF4EE80
:10857000C77AF1EE10FAA3D86046A8E76046BAE7DA
:108580006146E5E76046CEE7224649466046BB695C
:108590009847FFF7B2BBC7F810B0002298ED0C6AFD
:1085A000331DDFED726AD7F81CB0786956F82210D7
:1085B00007EE901A53F82210B8EEE77A07EE901AF9
:1085C00051080232F8EEE77A27EE267A0AEB810E9E
:1085D00094420BEB810167EEA67A27EE067A67EEEE
:1085E000867A8EED007AC1ED007ADFD88300D7F865
:1085F00010B07B614DE61A46C7F810B098ED0C6AD2
:10860000331DDFED5B6AD7F81CB0786936F92210AC
:1086100007EE101A33F9221007EE901AB8EEC77A57
:1086200051080232F8EEE77A27EE267A0AEB810E3D
:1086300094420BEB810167EEA67A27EE067A67EE8D
:10864000867A8EED007AC1ED007ADFD88300D7F804
:1086500010B07B6134E5F0EE675AFEEEE45A15EE99
:10866000900A34E7F0EE675AFEEEE45A15EE901ADF
:108670006EE7F0EE675AFEEEE45A15EE900A3AE71E
:10868000F0EE675AFEEEE45A15EE900A4BE767EEFD
:10869000A57AFDEEE77A17EE900A00B232E567EEB2
:1086A000A57AFDEEE77A17EE900A00B23FE5F0EE0C
:1086B000675AFEEEE05A15EE901A4CE6F0EE675A55
:1086C000FEEEE05A15EE900A30E6F0EE675AFEEE46
:1086D000E05A15EE900AFDE5F0EE675AFEEEE05A1C
:1086E00015EE900A0AE667EEA57AFDEEE77A17EE38
:1086F000901A09B24AE567EEA57AFDEEE77A17EE21
:10870000900A00B22CE5F0EE675AFEEEE45A15EE40
:10871000902A1FE467EEA57AFDEEE77A17EE902A1D
:1087200012B2FFF731BBF0EE675AFEEEE45A15EED7
:10873000902AFFF7FDBBF0EE675AFEEEE05A15EE09
:10874000902AFFF79BBBF0EE675AFEEEE05A15EE5B
:10875000902AFFF780BB67EEA57AFDEEE77A17EE69
:10876000902A12B2FFF724BB82FF7F000000003086
:10877000000000387E0080FF30B5184C154685B0EB
:10878000046004F1080EEC460FC98EE80F00D4ED2A
:10879000047AF5EEC07A8CE80F00F1EE10FA1ADDDB
:1087A000B7EE006A94ED057A27EE277AC6EE276ABF
:1087B00084ED0D7AC4ED0C6A6DB1204640F8185F67
:1087C00001F0FAFD064903690020064A2162A2620F
:1087D000E36005B030BD012005B030BD6442012426
:1087E000002000300000003000680830704700BFF3
:1087F000B1F5807F03680A4628BF4FF48072B1F557
:10880000807F9A6094BF0020012070470068183074
:1088100001F032BE70B504688AB0A369E160CBB1E3
:1088200004F11805284601F0C7FD8446EE46E668C7
:10883000BCE80F00AEE80F00BCE80F00AEE80F0088
:108840009CE803008EE8030069462846049601F080
:10885000BBFCF8B9E069D8B104F11C05284601F069
:10886000ABFD8446EE46E468BCE80F00AEE80F00BE
:10887000BCE80F00AEE80F009CE803008EE80300A0
:1088800069462846049401F09FFC003818BF012077
:108890000AB070BD01200AB070BD00BF30B50468D9
:1088A00083B00D46E3694BB1A3680020E26A616AB8
:1088B0009B00009004F11C0001F080FDA3680748B4
:1088C000A26A9B00216A009004F1180001F076FD75
:1088D0000020C4E9005003B030BD00BFBD7B0008DC
:1088E00010B4074B4FF07E51302400220320196151
:1088F0009C60D8605DF8044B5961C3E9062270475B
:108900006442012400B583B04FF0000E4FF0030C19
:108910004274ADF80410BDF8043080F810E0A0F8FF
:1089200002C0038003B05DF804FB00BF2DE9F04FE7
:10893000DFF81C8300258DB0C04C037008F14003A4
:108940004260074601920E46202229464046C4F85E
:108950006831C4F86481CDE90255CDE90455CDE90B
:108960000655CDE90855CDE90A550BF0F7FE202252
:10897000294604F5A170C4F83151C4F83551C4F842
:108980003951C4F83D510BF0E9FE019B84F848527F
:1089900084F830317A68002A6AD02B4604F5987141
:1089A000454606F1100A9E46F01856F803B0E21844
:1089B0000EF1010ED0F80CC0D0F80490D0F8088069
:1089C00044F803B0C2F80CC04FF0000CC2F8049099
:1089D000C2F80880008A25F802CB10821AF803201A
:1089E00001F8012F002A70D07A684FF0010012338D
:1089F000724584F84802D7D84FF4802290489DF8F9
:108A0000043008214FF000084FF00009C4F8843109
:108A10000023C4E95B020122C4F8743184F8803178
:108A2000C4E95E2194F84812C4E96489A9B3C4F882
:108A30009821002284F8813184F888313B78C4E998
:108A40006722002B38D0012200200121013B84F84D
:108A5000A421C4E96C01082B30D8DFE813F0BD0075
:108A6000C200C700CC00D100D600DB00E100E80066
:108A70009DF804300121C4F87421C4F884314FF406
:108A8000802384F880216E4AC4E95B2308230022F6
:108A9000C4E95E130023C4E964230123002284F89F
:108AA0008131002384F888310323C4F898313B785E
:108AB000C4E96722002BC6D184F8A4316148FBF7D2
:108AC00035FC034638B1FFBEFEE77A6812337245C3
:108AD0003FF66AAF90E702A95A480293FBF784FD7C
:108AE0008246002876D1042240F2FF710A90CDE937
:108AF000081294F83021002A00F0F3804FF00608A5
:108B00000AEBCA034FEACA0904EB43035B7C072B59
:108B100007D8DFE803F0595C5653504D4A04072349
:108B200007930FFA8AF6D14406EBC60604EB49090F
:108B300004EB46077500384600F020FB99F810302A
:108B4000042B00F3AA80022B00F3BD8000F0B98053
:108B500004EB0A03002283F8202114F81630002BBE
:108B600078D0022B00F08A80012B40F0B2807B7815
:108B7000012B00F0B080002B334B18BF002305A958
:108B80003048CDE90538FAF7DFFE002840F0AC8028
:108B90000AF1010A94F830315FFA8AFA534540F23B
:108BA000A0802A4B53F82A80AAE706230793B8E748
:108BB00005230793B5E704230793B2E7032307933D
:108BC000AFE702230793ACE700230793A9E701234C
:108BD0000793A6E7FFBEFEE703224023C4E96A230A
:108BE0006CE707226023C4E96A2367E70F2280232A
:108BF000C4E96A2362E71F22A023C4E96A235DE770
:108C00003F22C023C4E96A2358E77F22E023C4E956
:108C10006A2353E7FF224FF48073C4E96A234DE7C8
:108C200040F2FF124FF49073C4E96A2346E740F222
:108C3000FF324FF4A073C4E96A233FE7A042012446
:108C4000002002400C4401240002B025C853010852
:108C5000004000307B78062B37D0072B3DD0022B0D
:108C60004AD0032B4AD0002B4CD0012B48D0042BE8
:108C70004AD0052B254B18BF002380E77B78042BB7
:108C800025D0052B2BD08BB3012B31D0022B31D02B
:108C9000032B1F4B18BF002371E70323043504EB9C
:108CA0000A0B4FF0000925448BF82031284609F1C2
:108CB000010900F063FA9BF8203104354B45F5DCDF
:108CC0004BE70123EAE70223E8E7124B57E7124B91
:108CD00055E7002353E7114B51E7114B4FE7114B79
:108CE0004DE70DB0BDE8F08FFFBEFEE70E4B46E747
:108CF0000E4B44E70E4B42E70E4B40E70E4B3EE770
:108D00000E4B3CE70E4B3AE70E4B38E70000B84FEE
:108D1000002090360800900C1000C0102000F014C5
:108D20008000501D000180210004002A0008302E20
:108D3000001060320040C03A0080F03E0000524710
:108D4000000021430000844B38B5094C40F2FF720B
:108D50004FF0011104F5B6752846FBF7F3FB94F8C4
:108D60003021D4F864112846BDE83840FBF73AB901
:108D7000A0420124064B0F29D3F8643198BF03EBBE
:108D800041031B8800EE103ABBEEC80A704700BFD3
:108D9000A0420124214B02689A4200D07047204A29
:108DA00000232048D2F8D81030B51F4C41F02001E4
:108DB00083B0C4F8D001092004F5E875C4E975034F
:108DC0004FF48060C2F8D810D2F8D8204FF4006178
:108DD000C4E9773094F8480202F02002C4F8E411A4
:108DE0004FF40051984201922846C4F8E811C4E9B2
:108DF0007C33019B14BF00234FF48073C4F8EC3123
:108E0000FBF718FE08B1FFBEFEE704F5B673C4F821
:108E1000B851C4F8083203B030BD00BF0020024092
:108E20000044025840000240A04201240148FCF7DF
:108E300079B900BF7044012402682DE9F84F4B4B0B
:108E40009A4201D0BDE8F88F494D95F84832002B81
:108E5000F8D095F83031002B77D0002405F10C09BB
:108E600005F5A17605F59877A04613E003F001011A
:108E700017F811BCA9F1080000F05CFABBF1010F72
:108E800025D895F83031013409F112090236A2B221
:108E900093422BD917F8012F002AF4D0D5F864316A
:108EA0000021327833F81400D5F8683103EB04134D
:108EB00023F81200338801339BB233805FFA83FAC0
:108EC0003A789A42D2D88A46A6F80080D0E7CAF308
:108ED0004001A9F1040000F02DFABBF1020FCAF322
:108EE0008001CED0484600F025FACAE7002395F865
:108EF0004802204909229842C5F8D8314FF48060D1
:108F0000C5F8D011C5F8D4214FF400614FF40052D8
:108F1000C5F8DC3108BF4FF48073C5F8E821C5E916
:108F2000780100221448C5E97B32C5F8F421FBF72B
:108F300081FD08B1FFBEFEE795F83021D5F8641138
:108F40000E48BDE8F84FFBF74DB80A4909224FF427
:108F50008060C5F8D831C5E974124FF400614FF450
:108F60000052C5E97730C5E97912DAE700200240FE
:108F7000A042012440000240704401240C4401241A
:108F8000704700BF10B592B0ADF804100180C9B2AF
:108F9000149C0B29C460C0E901233FD090F801C0A4
:108FA000BCF10F0F3AD8022A3FD0032A02D0012A7F
:108FB00000D000220E92012B02D0022B18BF0023FA
:108FC000022C0F932CD0032C2AD0012C28D0002364
:108FD0000A29109327D85C4A02EB812202610A29F0
:108FE00014D8DFE801F0A39587796B5D4F413325F5
:108FF0000600564BD3F8E01041F48061C3F8E0104E
:10900000D3F8E03003F480630C930C9B01230DA98B
:10901000104603FA0CF30D9302F0C4FE12B010BD1B
:109020000A291094D7D90022D8E711220E92C2E75C
:10903000464BD3F8E01041F40071C3F8E010D3F8C8
:10904000E03003F400730B930B9BDFE73F4BD3F847
:10905000E01041F48071C3F8E010D3F8E03003F47D
:1090600080730A930A9BD1E7384BD3F8E01041F0A4
:109070008001C3F8E010D3F8E03003F080030993D7
:10908000099BC3E7314BD3F8E01041F04001C3F82E
:10909000E010D3F8E03003F040030893089BB5E7F5
:1090A0002A4BD3F8E01041F02001C3F8E010D3F8C8
:1090B000E03003F020030793079BA7E7234BD3F887
:1090C000E01041F01001C3F8E010D3F8E03003F0F5
:1090D00010030693069B99E71C4BD3F8E01041F070
:1090E0000801C3F8E010D3F8E03003F0080305935B
:1090F000059B8BE7154BD3F8E01041F00401C3F852
:10910000E010D3F8E03003F004030493049B7DE700
:109110000E4BD3F8E01041F00201C3F8E010D3F891
:10912000E03003F002030393039B6FE7074BD3F890
:10913000E01041F00101C3F8E010D3F8E03003F093
:1091400001030293029B61E70000025800440258A9
:1091500008B5012143780069994089B203F02AF8E3
:10916000003818BF012008BD01230A464178006974
:1091700003FA01F189B203F023B800BF8378022B10
:1091800030B504468FB037D0032B33D0012B31D00C
:1091900000230A93E378012B2AD0022B28D0002346
:1091A0000B93002320460C9302F044FD0546204615
:1091B00002F048FD23780990082B13D8DFE803F06C
:1091C0001F3245586B7E91A40500594BD3F8E0201F
:1091D00042F48072C3F8E020D3F8E03003F48073E7
:1091E0000893089B09A9284602F0DCFD0FB030BDAA
:1091F0000B93D6E70A93CDE711230A93CAE74C4BAA
:1092000009A92846D3F8E02042F00102C3F8E02083
:10921000D3F8E03003F001030093009B02F0C2FD9D
:109220000FB030BD424B09A92846D3F8E02042F0E8
:109230000202C3F8E020D3F8E03003F00203019308
:10924000019B02F0AFFD0FB030BD394B09A9284694
:10925000D3F8E02042F00402C3F8E020D3F8E03075
:1092600003F004030293029B02F09CFD0FB030BD9B
:109270002F4B09A92846D3F8E02042F00802C3F892
:10928000E020D3F8E03003F008030393039B02F0DF
:1092900089FD0FB030BD264B09A92846D3F8E02040
:1092A00042F01002C3F8E020D3F8E03003F01003DE
:1092B0000493049B02F076FD0FB030BD1C4B09A94E
:1092C0002846D3F8E02042F02002C3F8E020D3F88B
:1092D000E03003F020030593059B02F063FD0FB01F
:1092E00030BD134B09A92846D3F8E02042F04002D4
:1092F000C3F8E020D3F8E03003F040030693069B68
:1093000002F050FD0FB030BD094B09A92846D3F833
:10931000E02042F08002C3F8E020D3F8E03003F010
:1093200080030793079B02F03DFD0FB030BD00BFE7
:109330000044025870B506460D4602F07BFC044618
:10934000304602F07FFC2A1E0146204618BF01224B
:10935000BDE8704002F034BF0023122270B586B021
:10936000CDE9022304930368032B01D8042305935A
:10937000061D841D304602F05DFC0546304602F0B5
:1093800061FC034601A92846019302F00BFD20462B
:1093900002F050FC034620461C4602F053FC01A993
:1093A00003462046019302F0FDFC06B070BD00BFED
:1093B000634A0368934210B58CB028D0614A934247
:1093C00058D0614A934200F09480604A934201D0A1
:1093D0000CB010BD5E4C5F48D4F8E03043F002039F
:1093E000C4F8E030D4F8E03003F002030A930A9B9B
:1093F000FFF7B2FFD4F8F43043F08003C4F8F43040
:10940000D4F8F43003F080030B930B9BE0E7504C4F
:109410005148D4F8E03043F00203C4F8E030D4F807
:10942000E03003F002030193019BFFF795FFD4F8AE
:10943000E83000221F2043F400131146C4F8E8303E
:10944000D4F8E83003F400130293029BD4F8D83028
:1094500043F00103C4F8D830D4F8D83003F0010346
:109460000393039BFBF734F91F200CB0BDE81040B9
:10947000FBF76CB9364C3948D4F8E03043F0800340
:10948000C4F8E030D4F8E03003F080030493049B88
:10949000D4F8E03043F00203C4F8E030D4F8E03010
:1094A00003F002030593059BFFF756FFD4F8E8305D
:1094B0000022212043F480031146C4F8E830D4F898
:1094C000E83003F480030693069BD4F8D83043F0C9
:1094D0000103C4F8D830D4F8D83003F0010307935F
:1094E000079BFBF7F5F821200CB0BDE81040FBF717
:1094F0002DB91B48FFF730FF154B00224820D3F849
:10950000E840114644F40004C3F8E840D3F8E840CA
:1095100004F400040894089CD3F8D84044F00104F3
:10952000C3F8D840D3F8D83003F001030993099B5E
:10953000FBF7CEF848200CB0BDE81040FBF706B9A9
:109540000054004000580040005C0040001C0058DF
:109550000044025878470124F0440124C8450124FE
:10956000A04601242DE9F0431A4B87B000254FF0A7
:1095700010099E46EC46184BFF22E04667461A70DB
:109580000EF118060EF13004CDE90055CDE9025573
:10959000ADF80090BCE80F00CDE90455AEE80F002F
:1095A0009CE803000095ADF800908EE80300B8E851
:1095B0000F000FC69CE803000095ADF8009086E808
:1095C00003000FCF0FC49CE8030084E8030007B03A
:1095D000BDE8F0830C000024EC44012410B5EFF347
:1095E000108472B6084B1A78120602D504B962B616
:1095F00010BD1B78D82205485BB202FB0300143073
:10960000FBF790FDF2E700BFEC440124F044012495
:10961000014803F06DBC00BF7C450124014803F004
:1096200067BC00BF54460124014803F061BC00BF81
:109630002C4701242DE9F0430F68D8243F4D85B015
:1096400007FB04F4032F05EB0403036040DCCB6845
:109650000E46012B3CD84DD04FF0D808B646DFF867
:10966000FC9008FB0758BEE80F00C446ACE80F00AA
:10967000DEF800300DF1100ECCF80030D8F808C03C
:1096800099E80F000EE90F000EEB8703BCF1010F04
:1096900053F8103CC8F88C3031D0BCF1020F42D0E6
:1096A000BCF1000F35D0317C8C34D823002201204E
:1096B0002C4403FB07534900C3E92602C3F8941066
:1096C0002046C3E92822C3E92A2203F003FA18B18D
:1096D000012005B0BDE8F0830146204603F014FCEC
:1096E0000028F5D10146204603F038FC003818BFA9
:1096F0000120EEE70B7C103B672BADD9E8E702F0C9
:109700000DF90F4B98420CBF0E4B0F4BC8F8903021
:10971000C9E702F003F90A4B98420CBF0B4B0C4B04
:10972000C8F89030BFE702F0F9F8054B98420CBF3B
:10973000084B094BC8F89030B5E700BFF04401244E
:10974000000E27072D0FB0303211D0205F439060FC
:109750008A62E030200BA0101A098010EC5001083A
:109760002DE9F041D0F8008082B00D4617461E4624
:1097700008F18C04204603F0C3FB2028FAD1D8F866
:109780000C3073B96D002046089C33463A46A9B2A6
:10979000009403F0F5F9003818BF012002B0BDE8CD
:1097A000F081089B32463946204603F0BDFAF2E7C5
:1097B000044B10221A7483F8E82083F8C02183F840
:1097C00098227047F044012430B5002395B04FF43F
:1097D0008071062204460B9306921393CDE90C1375
:1097E000CDE90E33CDE9113302F0A0F807282BD0D4
:1097F00004F1100541F2883206A9284604F0C0F9A8
:1098000028B10123184684F85C3015B030BD02221F
:10981000022306A92846CDE9002310220123CDE921
:10982000022300224FF48003CDE9042305224FF0E8
:10983000807306926A460F9341F2883304F00CFB62
:109840000028DED115B030BD0323012084F85C3040
:1098500015B030BD0000000070B50023A4B04FF07B
:1098600080724FF480750446ADF806300D93CDE953
:1098700010320122CDE90E53CDE91223CDE9143384
:10988000002943D0F02300F1100508AEADF80630F2
:10989000C02341F2883231462846089304F070F91B
:1098A00028B10123184684F85C3024B070BD41F221
:1098B00088320DF10601284604F0CCF90346002851
:1098C000EFD105224FF480711E93284616924FF077
:1098D00080721B9321931F9202AA9FED1F7BCDE9FB
:1098E0001C13CDE922338DED027B9FED1D7B41F2F0
:1098F000883316A98DED047B9FED1B7B8DED067BD8
:1099000004F0AAFA0028CCD124B070BD00F11005F3
:1099100008AE612341F2883231462846089304F0AC
:109920002FF90028BDD141F288320DF106012846F9
:1099300004F00EFA0028B4D1BDF80630204623F01A
:10994000780343F04003ADF80630FFF73DFF0028F1
:109950009ED0A6E7AFF300800000000001000000E9
:1099600010000000010000000000000000004000A6
:109970002DE9F04F00234FF4807501264FF08078D9
:1099800004462DED028BABB08DF807301393219375
:10999000299314950E96CDF85C80CDE91533CDE969
:1099A0001863CDE91A33CDE92253CDE92433CDE94B
:1099B000273306231C9301F0B9FF072808D004F1D0
:1099C000100741F288321CA9384604F0D9F840B19A
:1099D0000123184684F85C302BB0BDEC028BBDE847
:1099E000F08F4FF0020A4FF0020B4FF0050941F2E1
:1099F000883308AA1CA93846CDF89480CDF8709019
:109A00009FED2D8BCDE908AB4FF0000A4FF4800B92
:109A10008DED0A8BCDE90CAB04F01EFA0028D7D1EE
:109A200041F2883238460EA904F0AAF80028CFD1B6
:109A3000402341F288320DF1070138468DF8073096
:109A400004F008F90028C3D141F288330EA902AA14
:109A50003846CDF83890CDF85C809FED197B8DEDC0
:109A6000048BCDE906AB8DED027B04F0F5F90346DE
:109A70000028ADD1CDF870904FF00109CDF8948059
:109A80004FF00008219308AA29931CA93846229573
:109A9000CDE92333CDE9273341F288338DED0A8BAD
:109AA000CDE90CABCDE9088904F0D6F9002893D0B4
:109AB000304684F85C608FE7100000000100000071
:109AC00040000000400000002DE9F043624CA3B0CC
:109AD0000D46046001F02AFF072800F0A9802868DD
:109AE00023466968AA6807C31E46AB8926F8043B6B
:109AF0003046257B677B04F025F8E0B9574B012DF4
:109B00004FF00108E061236114BF4FF480134FF45C
:109B10000003C4E9058893FAA3F3B3FA83F34FF47F
:109B20008079013BC4F82490C4E90B0030462362DD
:109B300003F09CFF38B10122134684F85C201846DC
:109B400023B0BDE8F08366230B90139041F2883276
:109B500006A90693CDE90C90CDE90E00CDE91100E0
:109B6000304604F00DF80028E5D1992341F28832FF
:109B700006A93046069304F003F80028DBD105233C
:109B80001C9019906A4614934FF08073219014A989
:109B90001D9341F288339FED2A7BCDE91A90CDE9E0
:109BA0001F008DED007B9FED287B30468DED027B05
:109BB0009FED277B8DED047B04F04EF90028BAD190
:109BC00029462046FFF748FE0028B4D12046FFF77B
:109BD000CFFE03460028AED1002FB0D118933046F7
:109BE0000027002606AA14A9CDF86890CDE91F33F6
:109BF000EB2314934FF440631B934FF400531793DC
:109C00004FF440431C93A0231693062319934FF05F
:109C1000805321934FF04073CDE906671D9304F004
:109C200093F9034600288AD0434684F85C8086E78F
:109C300001230322184684F85C2023B0BDE8F0839A
:109C40000000000001000000100000000100000002
:109C50000000000000004000504801240050005265
:109C60002DE9F04F8FB0414B0024026800AF9A42BB
:109C70007C63C7E90944C7E90B4403D03C37BD46C0
:109C8000BDE8F08F3A4B40F609213A48EB46D3F84D
:109C9000D42007F11C0607F1220A4FF0020942F412
:109CA00080424FF00308C3F8D420D3F8D42002F444
:109CB0008042BA60BA68D3F8E02042F04002C3F8AC
:109CC000E020D3F8E02002F04002FA60FA68D3F80E
:109CD000E02042F02002C3F8E020D3F8E02002F0B8
:109CE00020023A613A69D3F8E02042F01002C3F84A
:109CF000E020D3F8E02002F010027A617A69D3F80C
:109D0000E02042F00202C3F8E020D3F8E030F8612E
:109D100003F002033984BB61174B7B60BB697B682E
:109D200053F8040F7B6001F085FF7B6805461868D7
:109D300001F088FF16F8013B786207F124012846FC
:109D4000C7F830807B63C7E90A9402F02BF85645C8
:109D5000E5D100225C201146FAF7BAFC5C20FAF744
:109D6000F5FC3C37DD46BD46BDE8F08F00500052A3
:109D7000004402580A0A0909AC480124114B026840
:109D80009A4200D07047104A70B5D2F8D4300F4CC8
:109D900023F4804304F11806C2F8D43054F8040FB9
:109DA00001F048FF0546206801F04CFF01462846B7
:109DB00002F038F9B442F1D15C20BDE87040FAF706
:109DC000D3BC00BF0050005200440258AC480124EC
:109DD000014804F045B900BF60480124084B1A1D32
:109DE000981D03F1080110B49C1C9A6603F10A0245
:109DF000C3E91834C3E91B015DF8044B5A67704787
:109E00005048012438B5036871B9026A00F1280589
:109E100000F5AC74012A0CBF002140218BBB1D4B07
:109E20005722C0F858310DE0426A00F1C00500F534
:109E3000E874012A0CBF00214021EBB1164B5A22D5
:109E4000C0F8D03100232046C4E901214FF48052EC
:109E50004FF48061636262614FF48042C4E9033170
:109E60004FF48073C4E906234FF400332362FAF7FA
:109E7000E1FD58B1FFBEFEE7084B5822C0F8D031D3
:109E8000E0E7074B5922C0F85831DBE7C5E9204429
:109E9000A56338BD10000240700002402800024057
:109EA000580002402DE9F043821D05468BB0031D8A
:109EB00005F10A010830CDE9052305F10C02AB6973
:109EC000CDE907010992002B3DD0EB69B3FA83F885
:109ED0004FEA58180123022205AE0AAF4FF00609D7
:109EE0000393CDE9012356F8044B2B792278934252
:109EF00016D02B68F3B1012B02D1F2B10A230493DF
:109F0000204601F09FFE03462046009301F092FE9A
:109F1000694601F047FFBE42E5D10BB0BDE8F083D2
:109F2000697963789942E4D1B8F1000FF3D02B68D6
:109F3000002BE0D1CDF81090E2E76378022B14BF3C
:109F40000A230823DBE74FF00108C3E7534A0368FD
:109F5000934230B505468BB055D02032934252D053
:109F60004F4A934204D02032934201D00BB030BD0F
:109F70004C4C4D48D4F8E03043F00103C4F8E030D5
:109F8000D4F8E03003F001030593059BD4F8E030EA
:109F900043F00803C4F8E030D4F8E03003F00803DD
:109FA0000693069BD4F8E03043F04003C4F8E03059
:109FB000D4F8E03003F040030793079BD4F8F03067
:109FC00043F40003C4F8F030D4F8F03003F4000395
:109FD0000893089BFFF766FFD4F8D830296843F050
:109FE00001032F4A3048C4F8D830891AD4F8D83041
:109FF00018BF012103F001030993099B0BB0BDE8D1
:10A000003040FFF7FFBE274C2848D4F8E03043F03B
:10A010000103C4F8E030D4F8E03003F0010300930A
:10A02000009BD4F8E03043F01003C4F8E030D4F8DB
:10A03000E03003F010030193019BD4F8E03043F0CB
:10A040004003C4F8E030D4F8E03003F0400302935A
:10A05000029BD4F8F03043F48003C4F8F030D4F815
:10A06000F03003F480030393039BFFF71BFFD4F846
:10A07000D830296843F00103084A0C48C4F8D830A6
:10A08000891AD4F8D83018BF012103F001030493D2
:10A09000049B0BB0BDE83040FFF7B4BE045801404C
:10A0A000045C014000440258244B0124C8480124A8
:10A0B0000148FBF737B800BF204A01240148FBF7ED
:10A0C00031B800BF984A01240148FBF72BB800BF04
:10A0D0007C4C01240148FBF725B800BFF44C012457
:10A0E0001A4A0368934210B40BD02032934208D02E
:10A0F000174A934216D02032934213D05DF8044B96
:10A100007047144B0022D3F85442C3F85822002C55
:10A11000F4D0D3F84802D3E9931223465DF8044BF8
:10A12000520818470B4B0022D3F8B044C3F8B424AC
:10A13000002CE3D0D3F8AC24D3F8A814D3F8A404AB
:10A14000520823465DF8044B184700BF04580140ED
:10A15000045C0140C8480124184A0368934210B4C3
:10A160000BD02032934208D0154A934217D02032A8
:10A17000934214D05DF8044B7047124BD3E99424FA
:10A180005208C3F85822002CF4D0D3E99201234698
:10A1900001EB820100EB82005DF8044B1847094B8C
:10A1A000D3F8AC24D3F8B0445208C3F8B424002C3C
:10A1B000E0D0D3F8A814D3F8A404E8E70458014089
:10A1C000045C0140C84801242DE9F04F0C684FF4AD
:10A1D0001776754F87B004FB06F6012C07EB060ACD
:10A1E000C0F800A000F3A0800D468E464FF0000896
:10A1F000D44669A3D3E9002369A1D1E90001CDE9DF
:10A20000022306ABCAF8508203EB8403CDE90401B4
:10A2100053F810BC53F8083CCAE992880193BEE891
:10A220000F00ACE80F00BEE80F00ACE80F00019B88
:10A230009EE80300CAF828B0CAF8C0308CE80300D2
:10A240002B69042B0CD8DFE803F0737D87910300A2
:10A250004FF41773554A03FB04739A64C3F8E02064
:10A26000AA692B6A002A43D0002B4FF4177308BF4A
:10A27000022203FB047318BF0322DA6201221A636D
:10A28000EA696B6A002A40D1191E4FF4177318BF90
:10A29000012103FB0473C3E931126B69022B05D85A
:10A2A000434A12F80380434A52F823904FF417733D
:10A2B00006F128004246494603FB04740023384453
:10A2C00063646363E365C4F8DC30C4F8CC30C4F87D
:10A2D000F430C4E90F33C4E91533C4E93533C4E9B4
:10A2E0003B33022304F068F9002849D0FFBEFEE7A3
:10A2F000191E4FF4177318BF012103FB0473C3E940
:10A300000B12EA696B6A002ABED0002B4FF4177358
:10A3100008BF022203FB047318BF0322C3F8C42042
:10A320000122C3F8C820B8E7012007B0BDE8F08FCC
:10A330004FF417734FF4FA5203FB04739A64C3F893
:10A34000E0208DE74FF417734FF47A5203FB047348
:10A350009A64C3F8E02083E74FF417734FF4FA428E
:10A3600003FB04739A64C3F8E02079E74FF4177392
:10A370004BF6803203FB04739A64C3F8E0206FE766
:10A3800006F1C000022342464946384404F014F95D
:10A390000028CAD0FFBEFEE704580140045C01401B
:10A3A00024580140245C0140C84801240077010082
:10A3B000085401080C5401080068704770B504681F
:10A3C00082B015460E46C4F85032C4E99212069A7D
:10A3D000C4F85422A269012A26D0626A012A9AB2DC
:10A3E00011D0294604F1C000019204F0A1F9236ABA
:10A3F000019A012B10D0294604F1280004F098F9A5
:10A40000002002B070BD04F1C000019204F022FAF5
:10A41000236A019A012BEED1314604F1280004F0A1
:10A4200019FA002002B070BD226A012A9AB211D036
:10A43000294604F12800019204F07AF9636A019A2E
:10A44000012B10D0294604F1C00004F071F900205E
:10A4500002B070BD04F12800019204F0FBF9636AB8
:10A46000019A012BEED1314604F1C00004F0F2F95B
:10A47000002002B070BD00BF03681B69042B05D823
:10A48000044A02EB830393ED000A70479FED020A32
:10A49000704700BF1854010800803B470368D3F899
:10A4A000580270471F4BC1680268F0B5D3F88C5052
:10A4B00083B00369ADB24D1BA2B1AB4212D00446CA
:10A4C000866811D2F018E91ACDE9001000F0BEFF3D
:10A4D0000023DDE90010D4E90062B047E36825619C
:10A4E000AB421BD003B0F0BDF018C91ACDE9000192
:10A4F00000F0ACFF0023DDE90001D4E90072B847A9
:10A500003046294600F0A2FF002330466268294603
:10A510002668B047E3682561AB42E3D1002323619D
:10A5200003B0F0BD000002402DE9F84F04460F468D
:10A5300090461E4600F13405284604F0A7FD202869
:10A54000FAD14FF480630020C4F8D030C4F8483109
:10A550004FF44033C4F8CC00C4F8E030C4F85831AC
:10A560004E4BC4F8DC00C4F8C03003F57A73C4F86D
:10A57000E400C4F838314023C4F8C800C4F84031BE
:10A58000E369C4F84401C4F85401C4F85C01C4E9A7
:10A590003500C4E95300072B0BD8DFE803F0615303
:10A5A0005A373E454C045123C4F8C4305223C4F8F2
:10A5B0003C3104F59C794846FAF73CFA08B1FFBEF5
:10A5C000FEE7C4F8A890C4F87051EFF3108972B692
:10A5D000DFF8D0B094F91C30DFF8CCA08BF8003055
:10A5E0000A9B2F4CCAF800300B9B23600EB1184613
:10A5F000B0471FFA88F23946284604F031FBB0BB59
:10A60000B9F1000F00D162B6BDE8F88F3F23C4F85E
:10A61000C4304023C4F83C31CBE74123C4F8C430F4
:10A620004223C4F83C31C4E74723C4F8C43048236C
:10A63000C4F83C31BDE74F23C4F8C4305023C4F8FC
:10A640003C31B6E72B23C4F8C4302C23C4F83C318A
:10A65000AFE72D23C4F8C4302E23C4F83C31A8E75B
:10A660002923C4F8C4302A23C4F83C31A1E7FF23CE
:10A670008BF800300023CAF8003023600A9B3BB1FE
:10A680000B98012198470120B9F1000FBCD1BAE71E
:10A690000120B9F1000FB7D1B5E700BF8800024033
:10A6A000B85C0124B45C0124B05C01242DE9F84FAE
:10A6B00004460F4690461E4600F13405284604F035
:10A6C000E5FC2028FAD14FF480630020C4F8D03094
:10A6D000C4F848314FF44033C4F8CC00C4F8E0303B
:10A6E000C4F858314E4BC4F8DC00C4F8C03003F550
:10A6F0007A73C4F8E400C4F838314023C4F8C800C1
:10A70000C4F84031E369C4F84401C4F85401C4F802
:10A710005C01C4E93500C4E95300072B0BD8DFE81E
:10A7200003F061535A373E454C045123C4F8C430FA
:10A730005223C4F83C3104F1C0094846FAF77AF9CB
:10A7400008B1FFBEFEE7C4F8AC90C4F8F850EFF3D0
:10A75000108972B6DFF8D0B094F91C30DFF8CCA0C5
:10A760008BF800300A9B2F4CCAF800300B9B2360FB
:10A770000EB11846B0471FFA88F23946284604F051
:10A78000C1FAB0BBB9F1000F00D162B6BDE8F88FD5
:10A790003F23C4F8C4304023C4F83C31CBE7412305
:10A7A000C4F8C4304223C4F83C31C4E74723C4F89A
:10A7B000C4304823C4F83C31BDE74F23C4F8C4304B
:10A7C0005023C4F83C31B6E72B23C4F8C4302C2303
:10A7D000C4F83C31AFE72D23C4F8C4302E23C4F8AD
:10A7E0003C31A8E72923C4F8C4302A23C4F83C31FB
:10A7F000A1E7FF238BF800300023CAF80030236064
:10A800000A9B3BB10B98012198470120B9F1000F39
:10A81000BCD1BAE70120B9F1000FB7D1B5E700BF4D
:10A8200088000240B85C0124B45C0124B05C0124BF
:10A830002DE9F0410D4682B0EFF3108772B6002982
:10A8400048D1FF23254A264C237013682BB10020E2
:10A8500029461060234A1068984723781B0625D59F
:10A86000DFF888800025204E444605E001351C3481
:10A8700006F5D876092D19D0A369012B1BD0002B22
:10A88000F4D1216830460029F0D06369019323692F
:10A890000093E3682289FFF709FF0028E6D1C5EBA2
:10A8A000C50508EB850348F82500586007B962B66E
:10A8B00002B0BDE8F08161680029D7D063693046F5
:10A8C000019323690093E3682289FFF72DFE002896
:10A8D000CCD1E4E705F0D6FEB3E700BFB05C0124BD
:10A8E000B45C0124B85C0124804D01245400002490
:10A8F000F0B5002387B0022204460493CDE9022379
:10A90000027EC3690B2A4FEA430523D1A27E0B2A9C
:10A9100002D1002007B0F0BD48496B1C484851F8EF
:10A920002330457801781878E67E884269D08242E3
:10A9300077D0D87803F1030C81426ED0824278D070
:10A94000987903F1060C88426FD0824233D00120FF
:10A9500007B0F0BD394B3A4853F8253001784678B6
:10A96000187894F819C081423DD0824241D0D878FD
:10A9700003F1030E814240D082424AD0987903F11C
:10A98000060E884241D08242E1D1DB796345DED1B7
:10A99000734604F118069B783046059301F04AF996
:10A9A000034630461E4601F04DF901A9019030469C
:10A9B00001F0F8F9AAE7DB79B342C8D163461A344B
:10A9C0009B782046059301F035F9034620461C4646
:10A9D00001F038F9034601A92046019301F0E2F99C
:10A9E000002007B0F0BD93F801E0B645BFD0824229
:10A9F000BDD158786045BAD1CBE71F79B742BBD1FA
:10AA0000BCE75F78AF4292D193E7D979B142BAD12E
:10AA10009DE718796045B1D1BAE71F79AF428DD172
:10AA20008EE75878B04284D1C9E7D979A9428CD150
:10AA30008DE71879B04283D1C0E700BF6C010024D4
:10AA4000680100247E4A03689342F0B58FB000F09D
:10AA5000E380A2F54C42934200F0E08002F5806270
:10AA6000934200F0DD8002F58062934200F0DA80CC
:10AA700002F58062934200F0D98002F5444293428D
:10AA800000F0D280A2F51C42934200F0D18002F582
:10AA90008062934200F0CE806A4A934240F0CC80BC
:10AAA0000826694D4FF4D87404FB0654A07E01F0CB
:10AAB000D1F8207E01F0CEF8E369082B13D8DFE847
:10AAC00003F03B49576573818F9D05005F4BD3F8B9
:10AAD000F42042F00802C3F8F420D3F8F43003F075
:10AAE00008030893089B2046FFF702FF012801D1C5
:10AAF000FFBEFEE74FF4D8740EAA554F0DF1240C9B
:10AB000004FB0654E36902EB43050FCFACE80F00EA
:10AB10003B680022ACF80030114635F9140CF9F707
:10AB2000D7FDE3690EAA02EB430333F9140C0FB00F
:10AB3000BDE8F040F9F70ABE444BD3F8F02042F0EC
:10AB40001002C3F8F020D3F8F03003F010030093A4
:10AB5000009BC8E73D4BD3F8E82042F40032C3F82D
:10AB6000E820D3F8E83003F400330193019BBAE7FF
:10AB7000364BD3F8E82042F48022C3F8E820D3F81B
:10AB8000E83003F480230293029BACE72F4BD3F809
:10AB9000E82042F40022C3F8E820D3F8E83003F4B8
:10ABA00000230393039B9EE7284BD3F8E82042F44D
:10ABB0008012C3F8E820D3F8E83003F4801304933C
:10ABC000049B90E7214BD3F8F02042F02002C3F819
:10ABD000F020D3F8F03003F020030593059B82E7C3
:10ABE0001A4BD3F8E82042F08042C3F8E820D3F8AB
:10ABF000E83003F080430693069B74E7134BD3F8C9
:10AC0000E82042F00042C3F8E820D3F8E83003F02F
:10AC100000430793079B66E7002642E7012640E7CB
:10AC200002263EE703263CE705263AE7042638E7F6
:10AC3000062636E7072634E700239B7EFFDE00BFAB
:10AC400000100140000C0058804D012400440258BF
:10AC5000FC5001082DE9F04F91B0002301223F493B
:10AC60000DF1240A09938B4601F11C09CAF814302E
:10AC700001F13808CDF800A001F15407CDF804A087
:10AC800001F17006CDF808A001F18C05CDF80CA0FB
:10AC900001F1A804CDF810A001F1C40ECDF814A064
:10ACA00001F1E00CCAE90133CAE903330F92FF2234
:10ACB0002B4BCDE906AA1A70BAE80F00ABE80F00DB
:10ACC0009AE80700009B8BE807009B46BBE80F0053
:10ACD000A9E80F009AE80700019B89E80700994658
:10ACE000B9E80F00A8E80F009AE80700029B88E87F
:10ACF00007009846B8E80F000FC79AE80700039BC3
:10AD000087E807001F460FCF0FC69AE80700049B8D
:10AD100086E807001E460FCE0FC59AE80700059B80
:10AD200085E807001D460FCD0FC49AE80700069B73
:10AD300084E807001C460FCCAEE80F00079B9AE89A
:10AD400007001C468EE807000FCCACE80F009AE81D
:10AD500007008CE8070011B0BDE8F08F5400002414
:10AD6000B45C012410B5094C04F1340004F09CF8E3
:10AD7000237D1BB1636BDB69DB0600D410BD20466D
:10AD8000FFF790FB636B10221A6210BD804D012407
:10AD900010B50B4C04F5F27004F086F894F8C43149
:10ADA00023B1D4F8E431DB69DB0600D410BD04F52F
:10ADB000D870FFF777FBD4F8E43110221A6210BD87
:10ADC000804D012410B50B4C04F5657004F06CF84F
:10ADD00094F8743323B1D4F89433DB69DB0600D4E0
:10ADE00010BD04F55870FFF75DFBD4F894331022C2
:10ADF0001A6210BD804D012410B50B4C04F2445072
:10AE000004F052F894F8243523B1D4F84435DB69C2
:10AE1000DB0600D410BD04F5A260FFF743FBD4F8B5
:10AE2000443510221A6210BD804D012410B50B4C20
:10AE300004F2F46004F038F894F8D43623B1D4F86E
:10AE4000F436DB69DB0600D410BD04F5D860FFF7EB
:10AE500029FBD4F8F43610221A6210BD804D01246B
:10AE600010B50B4C04F6A40004F01EF894F88438D6
:10AE700023B1D4F8A438DB69DB0600D410BD04F597
:10AE80000760FFF70FFBD4F8A43810221A6210BD38
:10AE9000804D012410B50B4C04F6542004F004F846
:10AEA00094F8343A23B1D4F8543ADB69DB0600D481
:10AEB00010BD04F52260FFF7F5FAD4F8543A1022D9
:10AEC0001A6210BD804D012410B50B4C04F60440ED
:10AED00003F0EAFF94F8E43B23B1D4F8043CDB69C7
:10AEE000DB0600D410BD04F53D60FFF7DBFAD4F8B3
:10AEF000043C10221A6210BD804D012410B50B4C89
:10AF000004F6B45003F0D0FF94F8943D23B1D4F884
:10AF1000B43DDB69DB0600D410BD04F55860FFF7D3
:10AF2000C1FAD4F8B43D10221A6210BD804D01243C
:10AF300010B5EFF3108472B6084B1A78120602D5DA
:10AF400004B962B610BD1B784FF4D87204485BB2E6
:10AF500002FB0300C030FAF7E5F8F1E7B45C012426
:10AF6000804D012410B5EFF3108472B6094B1A78A6
:10AF7000120602D504B962B610BD1B784FF4D87220
:10AF800005485BB202FB030000F59C70FAF7CAF8B3
:10AF9000F0E700BFB45C0124804D01240021FFF7DD
:10AFA00047BC00BF214A036893422BD0A2F54C4214
:10AFB000934229D002F58062934227D002F5806245
:10AFC000934225D002F58062934223D002F5444299
:10AFD000934221D0A2F51C4293421FD002F5806219
:10AFE00093421DD0124A93421CD108224FF4D871CB
:10AFF000104B01FB0233197D11B11846FFF752BA0D
:10B00000FFF716BC0022F1E70122EFE70222EDE78D
:10B010000322EBE70422E9E70522E7E70622E5E75A
:10B020000722E3E700231B7DFFDE00BF0010014085
:10B03000000C0058804D0124204A0368934229D017
:10B04000A2F54C42934227D002F58062934225D06C
:10B0500002F58062934223D002F58062934221D0B0
:10B0600002F5444293421FD0A2F51C4293421DD0E8
:10B0700002F5806293421BD0114A93421AD10823F1
:10B0800010484FF4D87202FB0300037D03B97047E8
:10B09000FFF708BA0023F3E70123F1E70223EFE704
:10B0A0000323EDE70423EBE70523E9E70623E7E7BE
:10B0B0000723E5E700231B7DFFDE00BF00100140F2
:10B0C000000C0058804D01240121FFF7B1BB00BFE7
:10B0D0002DE9F0414F684FF4D876DFF8C0808E46F6
:10B0E00007FB06F60C46082F08EB0605056005F180
:10B0F000180CBEE80F00ACE80F009EE807008CE8D3
:10B10000070002D86B6A022B02D90120BDE8F0814A
:10B110002A6A032AF9D8A96A0229F6D8E86A022815
:10B12000F3D80131DFF878C0343689005CF8277035
:10B1300046446F63A469A9641549AC6351F8233090
:10B140006B64144B53F82230134A2B64002352F8DB
:10B15000201001223046EB65E963C5E91333C5E9E8
:10B16000153205F08FFA0028CFD10146304605F0A0
:10B17000E1FA0028C9D10146304605F029FB002834
:10B18000C3D1304605F0B8FA0028BED12875BDE716
:10B19000505401085C5401086C540108804D01248E
:10B1A0002C540108006892B208B5343003F0C8FC92
:10B1B000003818BF012008BD534B0122002047F67C
:10B1C000122130B4C3E97420C3E97721C3E9E02038
:10B1D000C3E9E3211A62DA6258621963C3F83025C1
:10B1E000C3F83405C3F83C25C3F84015C3F8E0267E
:10B1F000C3F8E406C3F8EC26C3F8F016C3F89028A9
:10B20000C3F89408C3F89C28C3F8A018C3F8402AD0
:10B21000C3F8440AC3F84C2AC3F8501AC3F8F02BF9
:10B22000C3F8F40BC3F8FC2BC3F8001CC3F8A40D3F
:10B230003648C3F8A02DC3F8AC2DC3F8B01D028862
:10B24000837833490068334CCA804FEA104C0B7244
:10B250003149E2802372A1F80320A4F8032063712E
:10B260004B712E4CCA800B722D492E4DE2802372F9
:10B27000A1F80320A4F8032063714B712A4CCA8003
:10B280000B722A49EA8008802B7281F802C0E280A2
:10B290002372A1F803204B71CA800B722449A1F8D4
:10B2A00003204B71CA800B722249A1F803204B7115
:10B2B000CA800B722049088081F802C0A1F80320DF
:10B2C0004B71CA800B721D49088081F802C0A1F839
:10B2D00003204B71CA800B721949088081F802C0A3
:10B2E0001848A1F803204B71CA800B721649A0F8C8
:10B2F00003204371C2800372A1F803204B71CA80FE
:10B300000B7230BC704700BF804D012468010024DF
:10B31000F001002414020024080200242C0200245E
:10B3200020020024FC010024D8010024E05C012458
:10B3300038020024E4010024BC5C0124D45C012414
:10B34000C85C01245C010024500100243E4B002213
:10B350000B20114610B5D3F8D84082B044F0010458
:10B36000C3F8D840D3F8D84004F001040094009CFE
:10B37000D3F8D84044F00204C3F8D840D3F8D8300A
:10B3800003F002030193019BF9F7A2F90B20F9F7EF
:10B39000DDF900220C201146F9F79AF90C20F9F793
:10B3A000D5F900220D201146F9F792F90D20F9F791
:10B3B000CDF900220E201146F9F78AF90E20F9F78F
:10B3C000C5F900220F201146F9F782F90F20F9F78D
:10B3D000BDF9002210201146F9F77AF91020F9F78B
:10B3E000B5F900223C201146F9F772F93C20F9F733
:10B3F000ADF9002211201146F9F76AF91120F9F789
:10B40000A5F9002238201146F9F762F93820F9F73A
:10B410009DF9002239201146F9F75AF93920F9F738
:10B4200095F900223A201146F9F752F93A20F9F736
:10B430008DF900223B201146F9F74AF93B2002B072
:10B44000BDE81040F9F782B90044025820F01F000F
:10B450002031BFF34F8F002907DD064A0144C2F8AF
:10B460005C0220300B1A002BF9DCBFF34F8FBFF3C7
:10B470006F8F704700ED00E0704700BF08B5F8F728
:10B4800061F9BDE80840F9F7EBB900BF064808B517
:10B4900003680BB100F098FE044803681BB1BDE8D7
:10B4A000084001F087BD08BDF8600124F05C01246C
:10B4B000064808B503680BB100F086FE044803682F
:10B4C0001BB1BDE8084001F075BD08BDF86001245E
:10B4D000F05C0124064808B503680BB100F074FE67
:10B4E000044803681BB1BDE8084001F063BD08BD16
:10B4F000F8600124F05C0124364BDA6A520062D510
:10B500009A6A9A6A9A6A9B6A180600D500BE314BFD
:10B510009B6A990600D500BE2E4B9B6ADA0600D5C1
:10B5200000BE2C4B9B6A1B0700D500BE294B9B6AB3
:10B53000980700D500BE274B9B6AD90700D500BEEF
:10B54000244B9B6A1A0400D500BE224B9B6A9B04C5
:10B5500000D500BE1F4B9B6AD80400D500BE1D4B12
:10B560009B6A190500D500BE1A4B9B6A5A0500D587
:10B5700000BE184B9B6A9B0500D500BE154B9B6A0D
:10B58000D80500D500BE134B9B6A990100D500BEBB
:10B59000104B9B6ADA0100D500BE0E4B9B6A1B0361
:10B5A00000D500BE0B4B9B6A580300D500BE094B6B
:10B5B0009B6A990300D500BE064B9B6ADA0306D44A
:10B5C00000BE00BEFEE7DB6A9B07FAD5F8E700BEC7
:10B5D000F6E700BF00ED00E0F8F7C0B8014807F05B
:10B5E0007DBC00BFEC5C0124F8F7BEB80A4B9B6839
:10B5F00003F17843B3F5003F0BD3084B986848B18B
:10B600009868012806D09868022803D09B68032018
:10B6100070470120704700BF00ED00E00000803857
:10B620002DE9F041CEB004464C2200210AA809F0D1
:10B6300095F82022002102A809F090F8BC220021F0
:10B640001EA809F08BF8022002F028F92368012BCC
:10B650004FF0000354D0534A02250193C820D16A09
:10B66000514B21F00101D162D26A02F00102019234
:10B670009A6942F440429A619B6903F44043019302
:10B68000019B494A93699B04FCD548490224002246
:10B6900001268B6A04274FF0080823F00303234395
:10B6A0008B62052316900AA818934FF480331096E6
:10B6B000179419941597CDF86880CDE91B222122A3
:10B6C000CDE91344CDE90A23FAF77EF800B1FEE78D
:10B6D0003F220323294602A8CDE9022300220823A2
:10B6E000CDE9042340224023CDE9062340234FF433
:10B6F0008062CDE90823FAF795FB0346B8B1FEE76F
:10B70000294A04250093F0209169264B41F44041D9
:10B710009161926902F440420092DA6A42F00102B9
:10B72000DA62DB6A03F001030093009BA9E72022A1
:10B730004FF4805125934FF440152B9280222D9386
:10B740001EA83093269135914FF480712492349243
:10B750000C223394439140F2271120921022CDF80D
:10B7600084802A971F96CDE92E34CDE93B334FF4E0
:10B770008033CDE922463193002446930623CDE958
:10B780003E4527934FF48063094C2C931E94CDE9DA
:10B790002812FAF7A3FD00B1FEE702F0A5F84EB0BB
:10B7A000BDE8F081000400580048025800440258E7
:10B7B0000F130F0370B584B00124F8F7FFFF4FF4A7
:10B7C00080764FF04052194B68460025ADF8004096
:10B7D0000396CDE90123F9F70FF819224FF0404302
:10B7E00068468DF8082001938DF80F40ADF80D6084
:10B7F0008DF801408DF80A50F8F7FEFF02230B2266
:10B8000068468DF80F508DF801304FF062538DF877
:10B8100008200193ADF80D408DF80A40F8F7ECFFD1
:10B820000420F8F7D9FF04B070BD00BF0E0001037B
:10B8300030B50D46044685B0D1E9000184E8030027
:10B84000F7F750FFAB79A3B3FFF780FDFDF78AFE52
:10B8500006F0AAFEFFF7FEF92B798BBB6B799BB143
:10B86000BFF34F8FBFF36F8F2A4B0022C3F85022D4
:10B87000BFF34F8FBFF36F8F5A6942F400325A61A2
:10B88000BFF34F8FBFF36F8F4FF0FF3200230024C1
:10B8900000256946204802928DF80C30CDE900451C
:10B8A00007F0A2FA1C4807F007FB06F0ADFA05B056
:10B8B00030BD2046FFF7B4FE2046FFF77BFFC3E70D
:10B8C000144C0023C4F88430BFF34F8FD4F8801099
:10B8D00043F6E07EC1F34E3CC1F3C9014FEA4C1C74
:10B8E0000CEA0E000B4640EA8372013BC4F860226A
:10B8F0005A1CF8D1ACF1200C1CF1200FF0D1BFF391
:10B900004F8F636943F480336361BFF34F8FBFF39D
:10B910006F8FA3E700ED00E0EC5C0124FAF7B2BB07
:10B9200008B5FAF7AFFB400008BD00BF1C4B9B6891
:10B9300003F17842B2F5003F25D3B3F5803F20D321
:10B9400003F16042B2F5003F1FD303F15C42B2F550
:10B95000002F1CD303F17042B2F5902F19D303F1DD
:10B960004842B2F5803F16D303F18042B2F1806FB6
:10B9700013D303F1E043B3F5000F2CBF08200720D9
:10B980007047012070470020704702207047032055
:10B99000704704207047052070470620704700BF9D
:10B9A00000ED00E003480023034A0449036008F067
:10B9B0008FBD00BFEC5C01240000002479B40008B6
:10B9C00010B4204C0022204B83B0D4F888101F48BC
:10B9D00041F47001C4F8881019681D4C41F0010150
:10B9E00019601A61196808401A4918609A61DA6189
:10B9F0001A629A62DA621A635A639A63DA631A64A1
:10BA00005A64186820F4802018601A66D3F8DC2085
:10BA100042F06042C3F8DC20D3F8DC300193019B94
:10BA200023681940B1F1005F03D20B4B0122C3F828
:10BA30000821044B4FF000629A6003B05DF8044B9C
:10BA4000704700BF00ED00E0004402587FEDF6EAC9
:10BA50000010005C0000FFFF0080005100F57171D4
:10BA6000D0F8040405F0B8BDC1EBC10300EB8303BB
:10BA7000D0F80404D3F8082205F0DCBDC1EBC10303
:10BA800000EB8303D0F804049A6C05F011BE00BFEC
:10BA9000D0F8040405F0B0BEC16810B5044619B171
:10BAA000022900D0FEE70121D4F8040405F08EFE3F
:10BAB000D4F80404BDE8104005F060BE10B504469B
:10BAC000D0F8040405F086FE2268D2F8003E43F068
:10BAD0000103C2F8003E236A23B1034A136943F00D
:10BAE0000603136110BD00BF00ED00E0D0F80404B0
:10BAF00005F07ABED0F8040405F08EBED0F8040438
:10BB000005F088BED0F8040405F088BED0F804041F
:10BB100005F086BE9446D0F898021A4608B56346EA
:10BB200001F0ACFD032802D8024B185C08BD0220CE
:10BB300008BD00BF88540108D0F8980208B501F08C
:10BB40002BFE032802D8024B185C08BD022008BD5A
:10BB500088540108D0F8980208B501F061FE032866
:10BB600002D8024B185C08BD022008BD88540108A9
:10BB70000A06D0F8983206D4C1EBC10103EB81016B
:10BB800091F8FE01704701F07F01C1EBC10103EBA9
:10BB9000810191F83E007047D0F8980208B501F095
:10BBA00057FD032802D8024B185C08BD022008BDCF
:10BBB00088540108D0F8980208B501F0C5FD0328A3
:10BBC00002D8024B185C08BD022008BD8854010849
:10BBD000D0F8980208B501F08FFD032802D8024B77
:10BBE000185C08BD022008BD88540108D0F8C002C6
:10BBF00006F0C4B8D0F8C00206F0D8B8D0F8C00239
:10BC000006F0E0B8704700BFD0F8C00206F0C6B832
:10BC1000D0F8C00206F0C6B8D0F8D00308B500F0DE
:10BC200093FE032802D8024B185C08BD022008BD11
:10BC30008C540108024B027853F82200704700BF71
:10BC4000B0540108024B427833F81200704700BF2D
:10BC5000905401088CB00A2814D8DFE800F01523AE
:10BC6000313F4D5B6977859306004D4BD3F8E0205B
:10BC700042F48062C3F8E020D3F8E03003F480633C
:10BC80000B930B9B0CB07047454BD3F8E02042F070
:10BC90000102C3F8E020D3F8E03003F00103019380
:10BCA000019BEFE73E4BD3F8E02042F00202C3F8DD
:10BCB000E020D3F8E03003F002030293029BE1E7B7
:10BCC000374BD3F8E02042F00402C3F8E020D3F869
:10BCD000E03003F004030393039BD3E7304BD3F826
:10BCE000E02042F00802C3F8E020D3F8E03003F08F
:10BCF00008030493049BC5E7294BD3F8E02042F0E6
:10BD00001002C3F8E020D3F8E03003F010030593ED
:10BD1000059BB7E7224BD3F8E02042F02002C3F89E
:10BD2000E020D3F8E03003F020030693069BA9E758
:10BD30001B4BD3F8E02042F04002C3F8E020D3F8D8
:10BD4000E03003F040030793079B9BE7144BD3F8C5
:10BD5000E02042F08002C3F8E020D3F8E03003F0A6
:10BD600080030893089B8DE70D4BD3F8E02042F445
:10BD70008072C3F8E020D3F8E03003F480730993B5
:10BD8000099B7FE7064BD3F8E02042F40072C3F82A
:10BD9000E020D3F8E03003F400730A930A9B71E7C4
:10BDA000004402582DE9F04F0D6883B0002D00F0DB
:10BDB000D5800023DFF8688201229A4012EA050C40
:10BDC00000F0C7804E6826F01009B9F1020F40F06C
:10BDD000C88003F007044FEAD30E4FF00F0A4FEA72
:10BDE000840900EB8E0E0AFA09FADEF8204024EAF4
:10BDF0000A0A0C6904FA09F406F0030944EA0A0481
:10BE0000CEF820404FEA430E0324D0F800A009FAF0
:10BE10000EF904FA0EF42AEA040AE44349EA0A098C
:10BE2000C0F80090D0F808A0CF6804EA0A0A07FA20
:10BE30000EF949EA0A09C0F80890C6F30019D0F8CB
:10BE400004A009FA03F92AEA020249EA020242605E
:10BE5000C268F70004EA02048A6802FA0EF242EAB3
:10BE60000402C26075D5644C23F0030E03F003098D
:10BE7000D4F8F420C6444FEA890942F00202C4F81B
:10BE8000F420D4F8F42002F002020192019A0F2269
:10BE9000DEF8084002FA09F224EA0202574CA042F6
:10BEA00025D004F58064A0427BD0554CA0427ED0C2
:10BEB000544CA0426FD0544CA04200F08480534CAC
:10BEC000A04200F08680524CA04276D0514CA04255
:10BED00000F08580504CA04200F087804F4CA0427B
:10BEE0000CBF09240A2404FA09F942EA0902CEF82F
:10BEF00008204FF0B0426FEA0C0EF403D2F8802015
:10BF00004FF0B04454BF0EEA02024CEA0202C4F8F9
:10BF10008020B203D4F884404FF0B04254BF0EEA00
:10BF200004044CEA0404F702C2F8844014684FF099
:10BF3000B04254BF0EEA04044CEA04041460B40294
:10BF400052684FF0B04454BF0EEA02024CEA0202BB
:10BF50006260013335FA03F27FF42EAF03B0BDE81F
:10BF6000F08F4FEA430E0324D0F800B006F0030A26
:10BF700004FA0EF409F1FF390AFA0EFA2BEA040B5F
:10BF8000B9F1010F6FEA04044AEA0B0AC0F800A0F5
:10BF90003FF65EAF46E7032404FA09F942EA0902D4
:10BFA000A5E7012404FA09F942EA09029FE70224FD
:10BFB00004FA09F942EA090299E7062404FA09F9A0
:10BFC00042EA090293E7042404FA09F942EA090261
:10BFD0008DE7052404FA09F942EA090287E70724F4
:10BFE00004FA09F942EA090281E7082404FA09F986
:10BFF00042EA09027BE700BF0044025800000258F1
:10C0000000080258000C0258001002580014025890
:10C0100000180258001C0258002002580024025840
:10C0200000040058002900F0A88000232DE9F04FFB
:10C03000DFF8689183B0DFF86881DFF868A1DFF886
:10C0400068B14FF0010E0EFA03F212EA010C6FD044
:10C0500023F0030503F003040F2640454D444FEA47
:10C06000C404AF6806FA04F607EA0607019721D070
:10C07000504566D0584567D0434FB8426ED0434FC5
:10C08000B84270D0424FB84263D0424FB84256D007
:10C09000414FB84272D0DFF814E1704568D0DFF844
:10C0A00010E1704514BF4FF00A0E4FF0090E0EFA62
:10C0B00004F400E00024019FA74219D1AC6824EAEF
:10C0C00006064FF0B044AE60D4F8805025EA0C0567
:10C0D000C4F88050D4F8845025EA0C05C4F8845084
:10C0E000256825EA0C052560656825EA0C0565606C
:10C0F00003255C0003F007070F2605FA04F4056822
:10C10000BF00254306FA07F70560DD0800EB85054B
:10C110002E6A26EA07062E62856825EA04058560F0
:10C12000456825EA02024260C26822EA0404C4604B
:10C13000013331FA03F284D103B0BDE8F08F4FF040
:10C14000060E0EFA04F4B6E74FF0020E0EFA04F4EF
:10C15000B1E74FF0050E0EFA04F4ACE74FF0030E12
:10C160000EFA04F4A7E74FF0040E0EFA04F4A2E767
:10C170004FF0080E0EFA04F49DE770474FF0070EDB
:10C180000EFA04F497E700BF000C025800100258A2
:10C190000014025800180258001C025800040058ED
:10C1A00000000258000402580008025800200258FB
:10C1B000002402580369194214BF0120002070476F
:10C1C00002B90904816170472DE9F04F056885B017
:10C1D0000446284604F0A6FF012802D005B0BDE8B9
:10C1E000F08F206804F04EFF0028F7D0206804F09C
:10C1F00049FF10F4001F206802D04FF40013436180
:10C2000004F040FF10F4801F206802D04FF4801328
:10C21000436104F037FF10F0806F206802D04FF0C8
:10C220008063436104F02EFF10F0020F20682FD1CD
:10C2300004F028FF870000F11381206804F022FF3A
:10C24000C60100F1CF80206804F01CFF000700F158
:10C25000BE80206804F016FF10F0007F20681AD11D
:10C2600004F010FFC306B9D52568AB6923F01003AD
:10C27000AB612E6AC6F34341C6F30A17022902D105
:10C28000002F40F0C681AB6943F01003AB61A5E716
:10C2900002234361CCE704F0B3FFD4F808E0804602
:10C2A0002068BEF1000F00F0998005F5A06500261A
:10C2B0004FF0280B4FF0020A4AE000F5A0694A014E
:10C2C00009EB4117BB685B075DD50423BB60FB68C6
:10C2D00043F00203FB60BB68980500F1FD80BB687A
:10C2E000DB0740F1CF80236953B101EB81003B694B
:10C2F00004EBC000C3F3120C836CA3EB0C03C36408
:10C300008B004FF0010C4FF0000E581804EBC000EA
:10C31000C0F858E080F85DC0C7F808C090F83FE06A
:10C320001EF0FD0F00F06481BEF1030F00F04082AB
:10C330000B4404EBC30393F8502082F0010283F80E
:10C340005020D4F808E0206801362035764545D2E3
:10C3500006F00F0328FA03F3D907F5D52B68F1B2DD
:10C360001A04AAD400F5A0624FEA411C02EB41175F
:10C37000BB6813F004090DD00423BB60FB6843F0D5
:10C380000203FB60E0E7BB689B0640F1B38020231B
:10C39000BB60A0E7BB6813F0200300F0CA8001EB8C
:10C3A0008103202204EBC303BA6093F83D20012AE5
:10C3B000CAD183F83D9083F85CA0FB6843F0020388
:10C3C000FB6004F021FFD4F808E02068BCE72046B9
:10C3D000FFF70CFC2068082343613BE74FF0007334
:10C3E00043613DE72668D6F840340293D6F84034DE
:10C3F0000393039B23F02E030393029B980707D517
:10C40000029BD90700F16381039B43F0020303936E
:10C41000029B1A0718D5039B43F008030393029B62
:10C420005B0740F15C81A169022900F09A81E36811
:10C43000012B03D14EF66022C6F804242046FFF7F4
:10C44000E3FB2046FFF7D6FB2068029B9F0603D53F
:10C45000039B43F020030393039BC6F84034F3E6A9
:10C46000D5F84034204623F02E03C5F84034FFF7BA
:10C47000C5FB0121206804F0A1FE20684FF00053A5
:10C480004361DBE6BB68980740F18E80FB6801EBF7
:10C49000810C23F0020304EBCC0CFB608B009CF8B6
:10C4A0005D00012800F0B280052800F0AF8006286A
:10C4B00000F0A381082800F0A081032800F0DC81AF
:10C4C0009CF85C000246C7F808A02046FFF79AFBDC
:10C4D000D4F808E0206837E7FB68206843F00203DF
:10C4E000FB6004F091FE4FF400732068BB60D4F849
:10C4F00008E029E7BB681B0700F1BB80BB685B0550
:10C500007FF5E9AEFB68019243F002030091FB6006
:10C5100004F07AFE00991020019A01EB8103B860C3
:10C52000082004EBC30383F85D004FF48063BB6015
:10C53000D1E6D7F8089019F0400F40F0B180BB6801
:10C5400013F4007340F02F81D7F8089019F0010F11
:10C5500040F03F81BB6813F0080340F06881D7F8D2
:10C56000089019F0100F00F0C98001EB810204EB74
:10C57000C2029365032382F85D3092F83D303BB9E7
:10C580000BFB014393F83C2012B9012283F83D20B4
:10C59000FB6843F00203FB6004F036FE10232068C2
:10C5A000BB60D4F808E0CFE6BB6813F0800340F02E
:10C5B000E380BA68D20640F1D08001EB810004EB41
:10C5C000C00090F83F20032A00F04B8112F0FD02DA
:10C5D000E4D123698265002BE0D10BFB01430322E8
:10C5E00083F85D20FB68206843F00203FB60D3E71B
:10C5F000FA68206842F0020201930091FA6004F0A8
:10C6000003FE1022DDE90013BA6091E68CF85C00AD
:10C6100058E706F00F0606EB860804EBC808D8F8C2
:10C62000441000293FF42FAE284605F5A0653A4690
:10C6300004F0A6FCD8F8443005EB46123B441169DF
:10C64000D8F84C20C8F8443073013A44C8F84C205C
:10C65000BC4A0A405AB1EA5822F0804242F00042F5
:10C66000EA5098F8503083F0010388F8503025687C
:10C6700009E6FB684FF0050C019243F002030091BC
:10C68000FB6001EB810304EBC30383F85DC010235F
:10C69000BB600823BB6004F0B7FDDDE900121AE6B9
:10C6A00001EB810204EBC2029365042382F85D3042
:10C6B000012382F83D30FB6843F00203FB6004F085
:10C6C000A3FD40232068BB60D4F808E03CE6B369D2
:10C6D000204623F00053B361FFF78CFA94E620461E
:10C6E000FFF796FAD6F84034206823F02E03C6F8F8
:10C6F0004034836943F000538361A6E6BB681B06A0
:10C7000000F1C880BB685B0500F1D780BB689B0760
:10C710007FF51AAEFB680BFB014023F00203FB60C0
:10C7200090F85D30012B00F0E180032B00F0DB80FE
:10C73000042B00F0D880052B00F0FC80062B00F0C5
:10C74000E480082B00F0E1800BFB01432046C7F892
:10C7500008A093F85C20FFF755FAD4F808E02068A9
:10C76000F2E5029B206803F4C023B3F5802F18BFC5
:10C77000012104F023FD61E6FB6801EB810243F037
:10C78000020304EBC202FB60936D01339365062341
:10C7900082F85D30206804F037FD80232068BB609C
:10C7A000D4F808E0D0E5FB6843F00203FB6098E6AC
:10C7B00052F80970019347F00057009142F8097050
:10C7C000624680F85CC02046FFF71CFADDE90013E2
:10C7D000AEE5FA6801EB810942F0020204EBC909F7
:10C7E000C9F85830FA6004F00FFD0123BB6089F8E6
:10C7F0005D30D4F808E02068A6E503EB010C04EBFB
:10C80000CC0CDCF858000130032825D8CCF85800AF
:10C8100002200B4404EBC30383F85C0052F8093098
:10C8200023F0804343F0004342F809304AE60823EE
:10C830000091BB60FB6843F00203FB6004F0E4FC82
:10C840000099052201EB810104EBC10383F85D200F
:10C85000D4F808E0206877E50020CCF858000420E0
:10C86000D7E7FA680BFB014042F0020283652068BB
:10C87000FA6004F0C9FC91E60BFB0143022083F847
:10C880005CA052F8093023F0804343F0004342F8A3
:10C89000093017E6FB68009143F00203FB6004F0E7
:10C8A000B3FC009906230BFB014181F85D30802326
:10C8B0002068BB60D4F808E046E5FB68009143F0CF
:10C8C0000203FB6004F0A0FC10230099BB604FF44E
:10C8D00080630BFB0141BB60082381F85D30D4F815
:10C8E00008E0206830E580F85CA02DE780F85C3037
:10C8F00090F83F30023B012B3FF626AF90F85130C5
:10C9000083F0010380F851301EE70BFB0140836D7B
:10C910000133032B11D8836502230BFB014080F800
:10C920005C3052F80C3023F0804343F0004342F86F
:10C930000C3009E780F85C3006E7002383650423A8
:10C94000EBE700BF0000F81F90F8B832012B0CD0C5
:10C95000012310B50446006884F8B83204F0B4FC32
:10C960000023184684F8B83210BD0220704700BF7B
:10C97000F8B505460E461746701C2C682CD1A369E5
:10C98000990727D4A369DA06F9D5A3699A06FCD5D5
:10C9900020231022E261E361A3699F0701D50023F0
:10C9A000A362A369DE0703D4A36943F00103A36173
:10C9B000636800221B4820210340012063606B6CE8
:10C9C00085F8402043F004036B6485F8411085F836
:10C9D0004220F8BD0020F8BDA3699B07FAD4A369E3
:10C9E000D9061BD4F6F7BAFEC01BB04201D8002E00
:10C9F000C2D16B6C2021002201200B4385F840201E
:10CA00006B6485F8411085F84220F8BDF6F7A6FE64
:10CA1000C01B8642EDD3002EEBD02C68A3699B0689
:10CA2000F4D5B5E700E800FEF8B505460E46174612
:10CA30002C68A3699B0649D4A369DA0626D5731C22
:10CA400038D1A3699E06FCD520231022E261E36160
:10CA5000A369990701D50023A362A369DA0703D468
:10CA6000A36943F00103A3616368002218482021F1
:10CA70000340012063606B6C85F8402043F00403A1
:10CA80006B6485F8411085F84220F8BDF6F766FE24
:10CA9000C01BB04201D8002ECAD16B6C20210022ED
:10CAA00001200B4385F840206B6485F8411085F820
:10CAB0004220F8BDA3699806C6D4F6F74FFEC01B06
:10CAC0008642EAD3002EE8D02C68B8E70020F8BDF3
:10CAD00000E800FE00284ED010B590F84130044622
:10CAE00003F0FF02002B41D023682421626884F800
:10CAF0004110196822F07062E06821F001010128FC
:10CB000019601A619A6822F400429A60A26829D0DA
:10CB100042F4044202289A6002D14FF400625A6043
:10CB200058684FF0200C1549226901435960D968B3
:10CB300021F40041D960D4E90501024342EA01220F
:10CB4000D4E90710DA600022014310461960196821
:10CB500041F001011960626484F841C0226384F8E5
:10CB6000422010BD42F400429A60D9E780F840208C
:10CB7000FCF71EFCB8E70120704700BF00800002F0
:10CB80002DE9F047984690F84130089E202B40F060
:10CB9000878090F840300446012B00F0818001230B
:10CBA0008946174680F84030F6F7D8FD054604E080
:10CBB000F6F7D4FD401B192875D82368986910F43E
:10CBC0000040F5D1212267626063C9F3090784F848
:10CBD0004120102284F842206064A4F82A80628DEB
:10CBE00092B2FF2A6DD8628D494892B2D1B22285A5
:10CBF0005A6802403A4342EA0142464911435960A9
:10CC0000DFF81C814FF0FF0ADFF81891638D2A4688
:10CC1000314620469BB2002B30D0FFF7A9FE0028FA
:10CC200073D1606A216810F8012B238D8A62628DAE
:10CC3000013B6062013A9BB292B223856285628DAC
:10CC400092B2002BE2D1002AE0D0701C43D18B6954
:10CC50001A06FCD5638D9BB2FF2B48D94B682A4638
:10CC6000A4F828A0204603EA08033B4343EA09034B
:10CC70004B603146638D9BB2002BCED1FFF7D4FEC3
:10CC8000002842D123682021234DD9615A682A40C7
:10CC90005A6084F8411084F8400084F8420000E0B3
:10CCA0000220BDE8F087636C2021002201200B43A5
:10CCB00084F84020636484F8411084F84220BDE881
:10CCC000F0875A6812490A4014493A431143FF2237
:10CCD0002285596094E78B691B06BBD4F6F73EFDAD
:10CCE000401B8642DFD3002EDDD02168ADE7638D87
:10CCF0009BB2DAB223854B6803EA080343EA024396
:10CD00003B4343F000734B6080E70120BDE8F087B0
:10CD1000009800FC0020008200E800FE0020FF8157
:10CD2000009C00FC0000FF012DE9F0471F4690F831
:10CD30004130202B40F08E8004460D46002900F043
:10CD40008380B2FA82F916464FEA5919002A7BD03D
:10CD50005FFA83FA90F84030012B7BD0012380F8F2
:10CD60004030F6F7FBFC212365628046256884F895
:10CD7000413084F842A0C4F8449066856B68C4F8DA
:10CD8000349023F400436B607B1C66D1AE69360798
:10CD9000FCD50823EB61E368022B06D0AE69F603ED
:10CDA00028D4AE69F603F9D524E0AB691907FCD5A0
:10CDB0000823EB617B1CF1D0AB69DD031AD4F6F7D5
:10CDC000CDFCA0EB0800874253D3002F51D025683B
:10CDD000F0E7424639462046FFF7CAFD00285BD1FE
:10CDE000636A226813F8011B9162658D6362013DDD
:10CDF000ADB26585638D9BB2002BEAD142463946C0
:10CE00002046FFF711FE00284DD02268536843F4F6
:10CE100000435360636C042B54D1002363642023CC
:10CE2000D361781C41D193691904FCD45168002363
:10CE3000202041F40041516084F84100184684F8F4
:10CE4000423084F8403003E04FF400730120636403
:10CE5000BDE8F0870220BDE8F087AB69180733D43E
:10CE6000F6F77CFCA0EB0800874202D30FB12568DF
:10CE70008AE7636C202000212268034384F8401075
:10CE8000636484F84100012084F84210536843F43D
:10CE900000435360BDE8F08722680120536843F4E3
:10CEA00000435360D4E72268B9E793691B04BDD5FA
:10CEB000F6F754FCA0EB08008742DAD3002FD8D055
:10CEC0002268AEE70120C3E70823EB61E368022B89
:10CED0007FF470AF08E0F6F741FCA0EB0800874252
:10CEE000C7D3002FC5D02568AB691A07F3D55FE714
:10CEF0000268436B9169126803B11847704700BF1D
:10CF000090F84100704700BF90F84120202A23D1BB
:10CF10005FFA82FC90F840200346012A1CD0026888
:10CF2000242000B583F841004FF0000E106820F077
:10CF300001001060106820F48050106010680143F8
:10CF400070461160116841F00101116083F841C021
:10CF500083F840E05DF804FB0220704790F8412020
:10CF6000202A22D1034600B55FFA82FE90F84020C5
:10CF7000012A1CD0026824204FF0000C83F84100E5
:10CF8000106820F001001060106820F4706040EA22
:10CF9000012160461160116841F00101116083F8C0
:10CFA00041E083F840C05DF804FB02207047022096
:10CFB0005DF804FB2DE9F04F076889B00446384658
:10CFC00004F0B0F810B109B0BDE8F08F82462068D7
:10CFD00004F058F80028F6D0206804F053F810F058
:10CFE000020F206803D0436903F00203436104F099
:10CFF00049F810F4002B206840F0508104F042F80A
:10D0000010F4802F206840F0EB8004F03BF80028FB
:10D0100074DB206804F036F8000564D4206804F05E
:10D0200031F8020114D52268536903F0006353619B
:10D0300094F8F433002B40F095810121204684F8C8
:10D04000F413536DC3F38303C4F8F83300F024FCE6
:10D05000206804F017F8C3047BD4206804F012F8A9
:10D0600010F4005F20685DD104F00CF810F0100F90
:10D07000206812D0836923F0100383613D6AC5F3F1
:10D08000434305F00F06022B00F03182062B00F01F
:10D090007F81836943F01003836103F0F3FF070787
:10D0A00000F15781206803F0EDFFC60200F14681D0
:10D0B000206803F0E7FF850200F13581206803F066
:10D0C000E1FF400000F12681206803F0DBFF41070B
:10D0D0007FF579AF23685D686A0700F129825A6895
:10D0E0002A435A606FE7D7F80838D90700F11C8245
:10D0F0002068436903F40063436190E7D7F804387C
:10D1000023F00103C7F8043894F8F433012B00F03E
:10D1100038812046FEF7EAFC2068436903F00043AB
:10D12000436177E704F002F8206803F0E7FC256824
:10D13000E060F8F791FF227B0146284603F042FCAD
:10D140002046FEF7A9FC2068436903F400534361BD
:10D150008AE7D7F804381021206807F5006523F026
:10D1600001036B6003F0B0FC6068B0B107F51063B9
:10D170004FF67F3199600AF1010A1A68203382451F
:10D1800022F4001243F8202CC3F8E811D3F8E02170
:10D1900022F40012C3F8E021ECD1EB6943F0011353
:10D1A000EB61236B002B40F0E1806A6942F22B03B4
:10D1B00013436B612B6943F00B032B61D7F80038E5
:10D1C00004F57172217C23F4FE632068C7F80038EF
:10D1D00003F0C8FF2068436903F4805343613DE7CF
:10D1E00003F068FF80462068B8F1000F00F0E5808A
:10D1F000264607F510694FF0000BCDE9037A09E0E8
:10D200005FEA58080BF1010B06F11C0609F1200931
:10D2100000F0D58018F0010FF2D05FFA8BF7394695
:10D2200003F064FFC30705461FD50BF00F030399F6
:10D2300001229A40D1F8343823EA0203C1F8343885
:10D240000123C9F808302369012B03D1D6E9112342
:10D250001344B36439462046FEF710FC2369012BC2
:10D2600003D1BBF1000F00F0AC81280702D50823E1
:10D27000C9F80830E90602D51023C9F808306A0653
:10D2800002D54023C9F80830AB0702D50223C9F8FC
:10D2900008302D0600F1C6802068B1E703F0FCFEDF
:10D2A00005462068002D00F0868007F53066A1460F
:10D2B0004FF0000B049707E06D080BF1010B06F12E
:10D2C000200609F11C097DD0EB07F5D55FFA8BF13B
:10D2D000039103F0FDFE10F0010F8046039973D116
:10D2E00018F0080F40F0F280206818F0100F01D0FD
:10D2F0001023B36018F0200F05D02169012900F038
:10D300005A812023B36018F4005FD5D04FF4005346
:10D31000B360D1E72046FEF7F5FB2068436903F0D0
:10D3200080434361D1E620465FFA8BF1FEF7E2FBD2
:10D330002068436903F400134361C0E620465FFAA6
:10D340008BF1FEF7DBFB2068436903F48013436134
:10D35000AFE62046FEF79CFB2068436903F0080314
:10D360004361A0E62046FEF7A9FB71E6D5F88430BC
:10D3700043F00B03C5F884306B6C43F00B036B6414
:10D380001CE70021204684F8F41300F085FAC3E678
:10D39000C6EBC606082204F57171384603F0F0FDAD
:10D3A000C5F30A1304EB86022068D2F814120B446A
:10D3B000C2F814326DE6AB4620E6C34625E6DDE949
:10D3C000037A22E6049F19E6206801232769B360E7
:10D3D00000F53063012FD0F840E003EB4B139A685F
:10D3E00000F0C580984FBE4540F0BD80170440F165
:10D3F000B6804FF4004218F0080F9A603FF475AF02
:10D40000026C986890498A4200F097802046039207
:10D41000FEF724FB8D4B039A9A4200F29680082374
:10D42000B36061E7D6E91453D4F800A0AB4250468C
:10D430003FF6E6AE0AF51062716CCDF81CA002EB67
:10D440004B120592EA1A8A4228BF0A460599896951
:10D45000033289B2B1EB920FC0F0A980CDF81890D9
:10D46000C146A046059C1AE0736C3A46B16C504622
:10D470009D4228BF1D4698F810300093ABB203F0D0
:10D4800069FDB36CA1692B4489B2B364736D2B44FD
:10D490000335B1EB950F7365C0F08180356D9D420A
:10D4A000A5EB0305E0D84446C846DDF81890D4F84B
:10D4B00000A0079B0122504603F500610BF00F030B
:10D4C0009A404B6B23EA02034B6399E62268216979
:10D4D00002F53063126C012903EB4B13986891D16C
:10D4E0005A498A4229D82046FEF7B8FA97E747F604
:10D4F000F0731D423FF4CDADC6EBC606C5F30A126C
:10D50000384604EB86061546D6F8081203F038FDB7
:10D51000D6F8083220682B44C6F80832D6F8143200
:10D520002B44C6F81432B4E52046FEF7C7FADFE50F
:10D530002046FEF7EBFA2368D1E5020402D54FF44A
:10D5400000429A602046FEF789FA216901297FF49A
:10D5500066AF04F57172206803F004FE5FE7900681
:10D5600001D520229A602046FEF77EFAB8E617071A
:10D5700032D536498E4504D9120402D54FF4004203
:10D580009A6020460393FEF769FA04F5717201214F
:10D59000206803F0E7FD0822039B9A60A0E644465A
:10D5A000356DC846DDF81890D4F800A050469D426D
:10D5B0003FF626AE7DE704F5717203F0D3FD2068D7
:10D5C0009FE6236D002B7FF450AE04F571720121AC
:10D5D000206803F0C7FD48E6970608D520229A6028
:10D5E00018F0080F3FF481AE026C986878E712F0EB
:10D5F000280FF5D1154FBE4505D9120403D54FF4B8
:10D6000000429A60ECE71B692046D9F80422C3F374
:10D610001203D31AC9F81432D9F808321344C9F8DE
:10D620000832FEF721FABBF1000F7FF459AED4F8AF
:10D630001032002B7FF454AE04F571720121206882
:10D6400003F090FD4CE600BF0A31544F0A30544FAE
:10D6500090F8BC23012A0ED0012210B504460068C0
:10D6600084F8381084F8BC2303F0FAFC0023184631
:10D6700084F8BC3310BD0220704700BF10B501F024
:10D680000F0E0906044627D44FF01C0C0CFB0E0CA1
:10D690000CF5FE71CEEBCE0C00EB8C0C00208CF860
:10D6A000FD018A604A7881F800E0CB700AB1A1F8E8
:10D6B00006E0022B01D100230B7194F8BC33012B3F
:10D6C00018D00123206884F8BC3303F029FA002322
:10D6D000184684F8BC3310BD1C204FF0010C00FB31
:10D6E0000E4000F13C01CEEBCE0004EB800080F850
:10D6F0003DC0D6E7022010BD10B501F00F041C217B
:10D70000C4EBC40C01FB040100EB8C0C01F5FE71B1
:10D71000CCF810320023CCF808228CF8FC41CCF86D
:10D7200014328CF8FD3103690068012B08BFCCF876
:10D730000C22DAB21CB903F053FB002010BD03F039
:10D7400037FA002010BD00BF10B501F00F041C21F6
:10D75000C4EBC40C01FB040100EB8C0C3C31CCF895
:10D7600050300023CCF84820CCF8543001238CF8FA
:10D770003C408CF83D3003690068012B08BFCCF8B1
:10D780004C20DAB21CB903F02BFB002010BD03F0D3
:10D790000FFA002010BD00BF38B5436801F00F0537
:10D7A0009D4234D80B0604461DD41C22C1EBC10394
:10D7B00002FB010100EB8303002201F5FE7183F8F7
:10D7C000FD2101230D708B7094F8BC239A421CD06C
:10D7D000206884F8BC3303F0E3FBD5B1002318467E
:10D7E00084F8BC3338BD1C21C5EBC503012201FB05
:10D7F000050100EB83033C3183F83D2001230D70CC
:10D800008B7094F8BC239A42E2D1022038BD0120EB
:10D8100038BD04F57172217C206803F0A3FCDDE7BC
:10D82000426838B501F00F03934232D811F0800FEF
:10D8300004464FF01C01C3EBC30219D101FB0341A5
:10D84000002004EB8202002501F5FE7182F8FD0143
:10D850000B708D7094F8BC33012B18D00123206815
:10D8600084F8BC3303F0D0FB284684F8BC5338BDA1
:10D8700001FB0341012004EB820200253C3182F8C8
:10D880003D000B708D7094F8BC33012BE6D1022063
:10D8900038BD012038BD00BF704700BF38B5114BFF
:10D8A000DA68520704D4DB6803F00703834214D11B
:10D8B0000C4CE36823F007031843E060F5F74EFFD4
:10D8C000054605E0F5F74AFF401BB0F57A7F06D81C
:10D8D00063689B04F6D5002038BD012038BD0320C5
:10D8E00038BD00BF00480258024AD36843F0807335
:10D8F000D36070470048025870B44D6A15B1B2F158
:10D90000406F3AD18B691BB30C6A002C4CD08E68E7
:10D910000068C661CE69002E69D02B4313432343B0
:10D92000CC6A334323430C6B23434C6B23430C6976
:10D930002343CC6823430C6823434C69B2F1406F06
:10D9400043EA8443436165D04B6870BC8361704790
:10D950000B6ABBB100682B438C68CE69C461002E92
:10D960006BD01343CC6A334323430C6B23434C6B80
:10D9700023430C692343CC68DEE78B6A0468013BD0
:10D980002361BFE7CB69002B66D1002D42D0CB6A63
:10D990000C6B2B43006813434A6923434C6B2343AE
:10D9A00043EA8243436135E0CC6945EA030C002C2D
:10D9B00032D003684CEA0200B2F1406F40EA040042
:10D9C000CC6A40EA04000C6B40EA04004C6B40EA6D
:10D9D0000400CC6840EA04000C6840EA04004C698A
:10D9E00040EA8440586115D04A689A6112E045EADD
:10D9F000030C0D694CEA0203CA6A23431343D1E9BD
:10DA00000C4223430C6813434A692B43234343EAE4
:10DA10008243436170BC7047CC6A4CEA02030068E1
:10DA20002343D1E90C4223430C6813434A6923433F
:10DA300043EA824370BC43617047CC6A134323437B
:10DA4000D1E90C4223431343D1E90442234343EA7F
:10DA5000824370BC436170472B43CD6A0C6B134308
:10DA600000682B4323434C6B84E700BF70B504462A
:10DA7000F5F774FE002C54D094F84030012B52D0AE
:10DA80000123064684F8403094F8413003F0FF0249
:10DA9000002B34D0A56C2268A1681368013923F4E7
:10DAA000706343EA0123136001E06B1C31D193687A
:10DAB00013F02003F9D1E069E16815680143206A99
:10DAC0000143606841EA00611C48284001436069E5
:10DAD0001160A16955680143206941EA0041184875
:10DAE00028400125014318465160116829431160FF
:10DAF000636484F84150002384F8403070BD2046B0
:10DB000084F84020FCF7ACF841F288331D46A3644A
:10DB1000C1E7F5F723FE801BA84206D82DB1226885
:10DB2000C5E7012070BD022070BD0423012084F8E8
:10DB30004130636C03436364DDE700BF2FFFFF00E8
:10DB4000FEF8E0FFC8B110B590F840300446012B54
:10DB500011D00268012380F84030136823F00103DC
:10DB60001360FCF70BF900236364184684F8413016
:10DB700084F8403010BD022010BD0120704700BF66
:10DB80002DE9F04104460E461546F5F7E7FD94F8F9
:10DB90004030012B3AD0012384F8403094F84130D2
:10DBA000012BDFB206D002270023384684F840302C
:10DBB000BDE8F081002380466364022384F841308D
:10DBC000681C23680ED19A6812F02002FBD13146FE
:10DBD0002046FFF791FE736AE3B10123002784F822
:10DBE0004130E1E79A6812F020021ED0F5F7B6FD49
:10DBF000A0EB0800854201D3002DE1D1042384F875
:10DC00004130636C43F001036364CDE7022738467B
:10DC1000BDE8F081226893689B07FCD502210123AF
:10DC20000027D16084F84130BEE731462046FFF737
:10DC300063FE736A43B1D0E7F5F790FDA0EB0800EF
:10DC40008542DBD3002DD9D0226893689907F3D59C
:10DC5000E4E700BF2DE9F843044689461546F5F789
:10DC60007DFD94F840302768012B67D0012384F8AC
:10DC7000403094F84130012B5FFA83F807D04FF021
:10DC800002080023404684F84030BDE8F8830023B2
:10DC90006364B9F1000F56D01223064684F8413070
:10DCA0003B690133E3623B69C4F824900133A3620A
:10DCB0007B6923F040637B61E36A002B31D06A1CEF
:10DCC000394611D18B685B07FCD5636A1B7887F8EE
:10DCD0002030E26A636A013A0133E262E26A636217
:10DCE000F2B16A1C2168EDD08B685807EDD4F5F7C6
:10DCF00035FD801B854201D3002DF2D1042384F829
:10DD00004130636C43F00103636413E0BB689B071D
:10DD10000CD4F5F723FD801B8542EFD3002DEDD009
:10DD20002768691CF2D1BB689A07FCD502234FF023
:10DD30000008FB60012384F84130A2E74FF002089D
:10DD40004046BDE8F883636C43F00803636498E7DA
:10DD50002DE9F843044615468946F5F7FFFC276888
:10DD6000BA6994F84030012B6CD0012384F840301C
:10DD700094F84130012B5FFA83F807D04FF0020886
:10DD80000023404684F84030BDE8F88300236364F4
:10DD9000B9F1000F5BD02223064684F841303B697D
:10DDA0000133A3633B69C4F83090013363637B693B
:10DDB00023F0406343F080637B61BA61A36B002B67
:10DDC00033D0681C394612D18B6813F0060FFBD094
:10DDD00097F82020236B1A70A26B236B013A013352
:10DDE000A263A26B2363FAB1681C2168ECD08B6834
:10DDF00013F0060FECD1F5F7B1FC801B854201D37F
:10DE0000002DF1D1042384F84130636C43F0010309
:10DE1000636413E0BB689B070CD4F5F79FFC801B81
:10DE20008542EFD3002DEDD02768691CF2D1BB6885
:10DE30009A07FCD502234FF00008FB60012384F809
:10DE400041309DE74FF002084046BDE8F883636C1F
:10DE500043F00803636493E72DE9F84F04461F4637
:10DE600089469046F5F77AFC94F84030012B52D061
:10DE7000012384F8403094F84130012B5FFA83FB92
:10DE800007D04FF0020B0023584684F84030BDE81D
:10DE9000F88F002382466364422384F841307A1C61
:10DEA00026682CD1B568AB06FCD4D8F800304946BA
:10DEB0002046B362D8F804307362D8F80830F362B1
:10DEC0003268D8F8103022F440021343D8F80C20FE
:10DED00043F480033360C9F828204FF00062FFF755
:10DEE0000BFD781C22681BD193681907FCD508210B
:10DEF00001234FF0000BD16084F84130C3E7B368D1
:10DF00009D06D2D5F5F72AFCA0EB0A00874212D372
:10DF1000002FC4D10FE04FF0020B5846BDE8F88F38
:10DF200093681B07E3D4F5F719FCA0EB0A008742BE
:10DF300001D3002FD5D1042384F84130636C43F022
:10DF4000010363649FE700BF2DE9F04704460F46D5
:10DF50001646F5F703FC94F84030012B45D0012319
:10DF600084F8403094F84130012B5FFA83F907D0F0
:10DF70004FF002090023484684F84030BDE8F0879E
:10DF800000238046D4F848A06364822384F841309B
:10DF9000BAF1FF3F256814D1AB689A06FCD42B6810
:10DFA000726823F00803082A43EA02032B6021D099
:10DFB0004FF04062394620464FF00009FFF79CFCC5
:10DFC000D8E7AB689B06EAD5F5F7C8FBA0EB0800DD
:10DFD000824502D3BAF1000FDAD1042384F841302C
:10DFE000636C43F001036364C4E74FF002094846E1
:10DFF000BDE8F087326810232A63EB602B6843F496
:10E0000080132B60D4E700BF704700BF08B5006CD9
:10E0100000238363C36290F84130082B0BD103685F
:10E020000222DA601A6842F400321A601A6842F07A
:10E0300002021A6008BD012380F84130FFF7E4FFB7
:10E0400008BD00BF704700BF704700BF704700BFEA
:10E05000704700BF704700BF704700BF704700BFE8
:10E0600038B5036804469A68196855070ED5480301
:10E070000CD594F84120122A75D094F84120222A18
:10E0800000F0A1802046FFF7E5FF38BD950726D5B3
:10E09000880324D50222DA601A6822F4E0221A608A
:10E0A00094F84120122A7AD094F84120222A00F0D4
:10E0B000A98094F84120022A00F0D08094F84120F1
:10E0C000082AE2D15A690121204622F040625A61B1
:10E0D00084F84110636C3BBBFFF7B4FF38BD1507F4
:10E0E00025D4D50735D5C80333D50125DD601A6899
:10E0F00022F470221A60626C42F0020262641A68B2
:10E10000520779D51A68E06B22F004021A60574B67
:10E11000836504F003FF0028B7D0636C204643F00A
:10E120000403636484F84150FFF76EFF38BD0803B1
:10E13000D7D50822DA601A68520206D51A6801217A
:10E1400022F410221A6084F841102046FFF784FF61
:10E1500038BDD00699D5CA0297D510222046DA607C
:10E16000FFF77CFF38BD9A6850078BD518460EE044
:10E17000626A127883F82020E16A20680139626AB5
:10E18000E1620132816862624D077FF57BAFE26A2E
:10E19000002AEDD1036823F48023036072E71A6834
:10E1A000510709D51A68E16B22F0040209681A6068
:10E1B000CB6823F00103CB600123204684F8413073
:10E1C000FFF746FF38BD9A6852077FF55BAF1846E8
:10E1D0000EE093F82010226B1170A16B20680139BA
:10E1E000226BA16301328168226349077FF54AAF40
:10E1F000A26B002AEDD1CDE7204684F84150FFF70D
:10E2000003FF38BD1A6852071DD49A6812F47C5F68
:10E210000FD111E093F82010226B1170A16B2068D0
:10E220000139226BA16301328168226311F47C5FA2
:10E2300002D0A26B002AEDD10123204684F84130A0
:10E24000FFF704FF38BD1A68E16B22F00402096889
:10E250001A60CB6823F00103CB60EDE70123204671
:10E2600084F84130FFF7F0FE38BD00BF0DE0000834
:10E27000F8B501680546AC4B99421FD0203399424E
:10E280001CD003F57873994258D02033994255D069
:10E2900003F57873994200F01E812033994200F013
:10E2A0001A8195F89130A14E03F0FF026BB9284610
:10E2B00085F89020FBF74AFE296806E09C4E95F809
:10E2C000913003F0FF02002BF1D09A4B9A4A1B6861
:10E2D000A2FB03230A681B0B22F480329B000A6016
:10E2E00023B30C68013B14F48034F9D1022385F880
:10E2F0009130EB68012B00F01081022B15BF032039
:10E3000023200227222715BF4FF0010C4FF0210CCC
:10E3100000222022AB68013B042B00F24B81DFE896
:10E3200013F0CF001000D6000F00D200D5F89430C3
:10E33000012043F04003C5F89430F8BD7F4EBEE79E
:10E340003A464FF400672B6A3260002B44D0764B7C
:10E35000994200F01E817A48081AB0FA80F040090C
:10E36000002840F01681774B994200F00C81203351
:10E37000994200F00881744B994200F0FE802033EE
:10E38000994200F0FA80714B994200F00881704B7D
:10E39000994200F00A81AB6900EB8000B3F5002FD1
:10E3A0004FEA400300F0E280AA6A296AB2F1806F66
:10E3B0000CBF0222012201FB02F21202B3FBF2F3B4
:10E3C000644AA2FB0312D20802EB8201A3EB4103D1
:10E3D000092B08BF01326A626B6833F002032B6DB0
:10E3E00040F09680012B14BF4FF400740024F5F721
:10E3F000CDF9696CB0F5005FD5E9003242EA01025F
:10E40000A96C42EA0102E96C42EA0102E96A42EAC5
:10E410000102696942EA010272D3A96918680A43D4
:10E42000A96A0A434C490140196029690A431968DD
:10E430000A43696A42EA015248493A4322431A6050
:10E440005A68286B1140EA690243686B59600243BD
:10E4500059680A4342495A609A6811406A6E996045
:10E46000E96D98680A43296E0A43696D01390A43C8
:10E47000A96D013942EA012202434FF220009A605D
:10E48000D968AA6E0140D960E96ED8680A43696FFD
:10E4900042EA0142296F013942EA0122224902433C
:10E4A0008B42DA6019D0294A934216D00023012208
:10E4B000C5F89430184685F8903085F89120F8BD5D
:10E4C0004FF480673FE702464FF400673BE7624640
:10E4D0004FF4006737E7234EF1E6736C23F0010336
:10E4E000736495F83830012BE0D1D5E90F23013A58
:10E4F00043EA02137364736C43F001037364D5E75A
:10E50000A96918680A43184901401960A96A8DE78A
:10E51000012B08BF4FF4007469E7132012274FF056
:10E52000110C1022F6E600BF0458014000540058B8
:10E5300000580140440200241BECCB95005C0140D4
:10E5400024580140045C0140046001400454005818
:10E5500024540058CDCCCCCC10C005F0F01FFFFFE8
:10E560000080F8FF0060014010C005F82A6A696D5C
:10E5700001FB02F2B3FBF2F322E74FF40070F8F76D
:10E5800037FE2968FFE64FF40070F8F731FE29687E
:10E59000F1E64FF48070F8F72BFE2968E3E64FF4BC
:10E5A0008060F8F725FE2968F1E64FF40060F8F77F
:10E5B0001FFEF0E60027C6E6022938B5044635D925
:10E5C000C81E012830D8002023676064E064E0653D
:10E5D000A0664FF6FF706067606830F002000CBF05
:10E5E0000125002504294FF4003125650CBF0120C9
:10E5F0000D2021664FF48021A0656166032A13D89F
:10E60000DFE802F0474E54362368484A934205D06B
:10E6100002F1C052A2F58232934205D16368012B08
:10E6200002D1636C002B2FD0012038BD002023675E
:10E630006064E064A066606830F0020014BF0120EE
:10E64000002020654FF48030E0654FF6FF70606772
:10E6500013F00100E8D14D1E012D29D860664FF45A
:10E6600000302066032ADFD8DFE802F05546362C5A
:10E67000E0215B018022A1646365E266F5F786F81C
:10E6800094F83830012BBFD02046BDE83840FFF762
:10E69000EFBD80211B014022A1646365E266EDE7C6
:10E6A00080225B01A2646365E266E7E7C021E0E7E0
:10E6B00020664FF480206066032AB5D8DFE802F0B8
:10E6C0002B1C0C025B08E02080219A01A0645B01F6
:10E6D000E166C4E91523D1E75B08C0228025022941
:10E6E0004FEA8310A2644FEA4313E5666065A365B1
:10E6F000C4D10823A366C1E75B08802202294FEA40
:10E700008310A2644FEA4313E266C4E91503B5D14E
:10E710001023A366B2E75B08802040215A01A06461
:10E720001B01E166C4E91523A8E700BF04580140B6
:10E730002DE9F8430F4604461546F5F70FF8002F6C
:10E7400061D0B5FA85F84FEA5818002D5BD094F8DF
:10E750009130012B5FFA83F950D194F89030012B5E
:10E760004CD04346C4F894800646D4F8800065F344
:10E770000F03226884F89090394665F31F43A7671A
:10E780001C32E3672B46122584F891502E4DC0F8B9
:10E79000508005642D4DC5632D4DC564F6F708FB0B
:10E7A00000283ED1636C082B636831D005216122BB
:10E7B000023B012B98BF1146226813690B4313617A
:10E7C000136843F40033136006E0F4F7C7FF831BBC
:10E7D000B3F57A7F2AD82268556915F4E025F4D07C
:10E7E0001368DB0303D4136843F4803313600023FE
:10E7F000994684F890304846BDE8F8834FF0020906
:10E800004846BDE8F8834FF001094846BDE8F88363
:10E8100023F00202012A0BBF15210521712261227A
:10E82000C6E7484684F89080BDE8F883D4F8943071
:10E830004FF0030984F8905043F040034846C4F871
:10E840009430BDE8F88300BF91E9000829E9000889
:10E8500011EA0008F8B500294ED0B2FA82F5134645
:10E860006D09002A48D090F891200446012AD6B2BA
:10E870003FD190F89020012A3BD081670A46294673
:10E88000222780F8906063F30F01C0F8945063F37F
:10E890001F41C167D0F8840084F891701E4F216831
:10E8A00007641E4F1C310565C7631D4FC764F6F72B
:10E8B0007FFA20BB23681A68D20303D41A6842F493
:10E8C00080321A60626C082A62681CD005216120BF
:10E8D000023A012A98BF01461A6900200A430646F7
:10E8E0001A611A6842F400321A6084F890003046C7
:10E8F000F8BD02263046F8BD01263046F8BD304648
:10E9000084F89050F8BD22F0020101290BBF1521B7
:10E91000052171206120DBE701EA00089DE900087C
:10E9200011EA0008704700BF08B5C369806BB3F5F2
:10E93000807F1BD003684FF0000C416C1A680829D7
:10E94000A0F87EC022F400321A60426811D06FF045
:10E95000610C6FF00501023A012A98BF61461A69FD
:10E960004FF0010C0A401A6180F891C0FFF7DAFFFE
:10E9700008BD22F0020101290BBF6FF0710C6FF08E
:10E98000610C6FF015016FF00501E4E7704700BFFF
:10E99000806B08B5FFF7FAFF08BD00BF08B5C36973
:10E9A000806BB3F5807F1BD003684FF0000C416C87
:10E9B0001A68082922F400321A604268A0F87EC062
:10E9C00011D06FF0610C6FF00501023A012A98BF77
:10E9D00061461A694FF0010C0A401A6180F891C033
:10E9E000FBF7BAFB08BD22F0020101290BBF6FF053
:10E9F000710C6FF0610C6FF015016FF00501E4E729
:10EA0000806B08B5FBF76CFB08BD00BF704700BF0B
:10EA100010B5846BF6F7D6FE022823D0D4F89420E4
:10EA2000216842F08002134B1348C4F894201B68FD
:10EA30000A68A0FB030322F400321B0B0A600A6879
:10EA40009B0022F480320A606BB10A68013BD2035A
:10EA5000FAD401220023204684F89120A4F87E30C5
:10EA6000FFF7D4FF10BDD4F8943043F04003C4F84E
:10EA70009430EEE7440200241BECCB9518B338B574
:10EA800090F82C3004460D4603F0FF02B3B1214646
:10EA9000022384F82C3051F8040B01F0E7FE626881
:10EAA0002946206801F020FF084A01210020136850
:10EAB00043F00043136084F82C1038BD80F82D20FB
:10EAC000F8F7A8FFE3E70120704700BF00400052BD
:10EAD00070B590F82C300446022BD8B204D000F068
:10EAE000FB06012E01D0012070BD02230D462068D7
:10EAF00084F82C3001F044FF2B68022B03D0002057
:10EB000084F82C6070BD0523002084F82C3070BD83
:10EB100038B590F82C300446022BD8B205D094F8C2
:10EB20002C30012BDDB201D0012038BD022320683A
:10EB300084F82C3001F038FF002084F82C5038BDC8
:10EB40002DE9F8431E46D0F88030202B71D189463C
:10EB5000002947D0B2FA82F714467F09002A41D033
:10EB600090F87C300546012B63D00123C0F88870F3
:10EB700080F87C302123C0F88030F4F7EFFDAB68DB
:10EB80008046A5F85440B3F5805FA5F8564060D0A4
:10EB9000B5F856309BB2002B59D02C68721C24D18A
:10EBA000E2691306FCD5B9F1000F3DD019F8013B1D
:10EBB000A362B5F85630013B9BB2A5F85630B5F8C4
:10EBC00056309BB2002BE9D1711C35D1E3695A064E
:10EBD000FCD5002320221846C5F8802085F87C301B
:10EBE000BDE8F8830120BDE8F883E3691806DAD4AC
:10EBF000F4F7B4FDA0EB0800864201D3002ECCD17F
:10EC00002B682021002403201A6822F4D0721A6095
:10EC10009A6822F001029A60C5F8801085F87C405D
:10EC2000C5F88410BDE8F88337F8023BC3F3080346
:10EC3000BEE70220BDE8F883E3695B06C9D4F4F7B8
:10EC40008DFDA0EB08008642DAD3002ED8D02C68C8
:10EC5000BAE72B69002B9BD14F46994698E700BF36
:10EC6000F8B5D0F88070202F44D1002940D0B2FAF6
:10EC700082F67609002A3BD0044690F87C000128F1
:10EC800038D001252123606FA4F856202165C4F8EF
:10EC90008860A4F8542084F87C50C4F88030D8B13F
:10ECA000DFF854C013462268C0F83CC0DFF84CC0FF
:10ECB00028320665C0F840C0DFF844C0C0F84CC038
:10ECC000F6F776F840B11023284684F87C60C4F843
:10ECD0008830C4F88070F8BD2368002240211046B7
:10ECE000196284F87C209A6842F080029A60F8BD2C
:10ECF0000120F8BD0220F8BDB1ED0008E1ED0008EB
:10ED000031EE0008F8B5D0F88470202F48D10029E2
:10ED100044D0B2FA82F67609002A3FD090F87C30CF
:10ED20000446012B3CD001252223C0F88860816570
:10ED3000A0F85C2080F87C50C0F88430806FE0B18F
:10ED4000DFF860C013460A462168C0F83CC0DFF80F
:10ED500058C024310665C0F840C0DFF850C0C0F884
:10ED60004CC0F6F725F840B11023284684F87C60A3
:10ED7000C4F88830C4F88070F8BD2368002084F897
:10ED80007C001A6842F480721A609A6842F00102AC
:10ED90009A609A6842F040029A60F8BD0120F8BD7E
:10EDA0000220F8BDEDED000825EE000831EE000868
:10EDB00008B5C369806BB3F5807F0CD0036800226F
:10EDC000A0F856209A6822F080029A601A6842F0F1
:10EDD00040021A6008BDFCF7E1F808BD704700BFAB
:10EDE000806B08B5FFF7FAFF08BD00BF08B5C3691F
:10EDF000806BB3F5807F12D0036800222021A0F839
:10EE00005E201A6822F480721A609A6822F0010269
:10EE10009A609A6822F040029A60C0F88410FCF769
:10EE2000C1F808BD806B08B5FCF706F908BD00BF46
:10EE3000806B38B50368D0F88040D0F884109A68A9
:10EE4000150601D5212C1DD09A68520601D522291C
:10EE500008D0D0F8883043F01003C0F88830FCF7B1
:10EE600033F938BD00240F4A2025A0F85E40196808
:10EE700021F49071196099680A409A60C0F8845032
:10EE8000C466E6E700222024A0F856201A6822F083
:10EE9000C0021A609A6822F400029A60C0F88040AA
:10EEA000D2E700BFFEFFFFEF0268D36970B51E070F
:10EEB00015680446916800F084806C4805F4907CE5
:10EEC00008405CEA00061DD1D80202D54E0200F1CE
:10EED0009D80180606D501F4000105F0800001436D
:10EEE00040F08C805E0602D5680600F19B80190216
:10EEF00002D56A0000F1A380DB0102D5002DC0F22B
:10EF0000AA8070BDDE0709D5EE0507D50126166279
:10EF1000D4F8886046F00106C4F888609E0760D582
:10EF2000CE0709D502261662D4F8886046F004069A
:10EF3000C4F888605E0758D41E070CD505F0200C75
:10EF40005CEA000007D008201062D4F8880040F086
:10EF50000800C4F88800D4F888000028D1D09E06A4
:10EF600006D505F0200501F0805155EA01036BD16B
:10EF7000D4F88850936805F0080503F040031D435A
:10EF80006ED0116820203A4B21F490711160916885
:10EF90000B4000219360C4F884009368E1665D062D
:10EFA0003CD59368A06F23F040039360002835D0D0
:10EFB000304B0365F6F71CF80028A2D0A06F036D54
:10EFC0000CE09E0680D505F0200C01F0805E5CEA26
:10EFD0000E063FF479AFC36E002B92D0BDE87040AF
:10EFE00018475E07A8D5CE07A6D504261662D4F822
:10EFF000886046F00206C4F888609DE7236F002B06
:10F000003FF47FAF2046BDE8704018474FF48013AF
:10F0100020461362BDE8704001F068BB2046FCF753
:10F0200053F870BD13682020002123F040031360C3
:10F03000C4F8800020462167FBF7B0FF70BD204672
:10F04000BDE8704001F056BBE36E002B90D0204627
:10F05000984722688CE72046BDE8704001F048BB25
:10F060002046FCF731F8C4F8885070BD010000104C
:10F07000FEFFFFEF79F0000808B5806B0023A0F8D1
:10F080005E30A0F85630FCF71FF808BDD0F880209D
:10F09000D0F8840010437047F0B58268044687B00A
:10F0A0002368D0E904101D680A43616E0243E069D9
:10F0B00002430A43A8492940A84D0A43E168AB42EC
:10F0C0001A605A6822F4405242EA0102A1695A6069
:10F0D00000F09D80226A9D681143A14A666A2A4019
:10F0E00011439960DA6A22F00F023243DA629D4AD4
:10F0F000934224D09C4A934255D09C4A934200F0BC
:10F100002F829B4A934200F09B829A4A934200F0DE
:10F11000E980994A934200F09D82984A934200F018
:10F12000D885974A934200F0D682012500234FF0FC
:10F13000011228462367C4E91A2307B0F0BD914B9A
:10F140005B6D03F03803282BEFD88F4AD55CB0F500
:10F15000004F33D0202D00F2D981202D00F2B6804F
:10F16000DFE815F0A8017B01B400B4007201B4001F
:10F17000B400B4004901B400B400B400B400B40059
:10F18000B400B4001C01B400B400B400B400B40076
:10F19000B400B400B400B400B400B400B400B400CF
:10F1A000B400B400CA00774B5B6D03F00703052B76
:10F1B000BBD8764AB0F5004FD55CCBD1202D00F2FC
:10F1C0001482202D00F20082DFE815F08A03580433
:10F1D000FE01FE012804FE01FE01FE018604FE017F
:10F1E000FE01FE01FE01FE01FE01FE01F203FE0131
:10F1F000FE01FE01FE01FE01FE01FE01FE01FE0117
:10F20000FE01FE01FE01FE01FE01FE01B70398684A
:10F21000534A02405B480A439A60DA6A616A22F004
:10F220000F020A43DA62836D03F00703052B3FF6F2
:10F230007CAF574AD65C202E00F29C81012E7FF6CF
:10F2400074AFB31E1E2B3FF670AF01A252F823F02D
:10F2500007F800082BF10008B1F700082BF10008AF
:10F260002BF100082BF100087BF800082BF10008B7
:10F270002BF100082BF100082BF100082BF10008FE
:10F280002BF100082BF100081BF800082BF10008F7
:10F290002BF100082BF100082BF100082BF10008DE
:10F2A0002BF100082BF100082BF100082BF10008CE
:10F2B0002BF100082BF100082BF100082BF10008BE
:10F2C0002BF100082BF1000891F80008012500231C
:10F2D000A3F110014FF6EF7291423FF626AF22687C
:10F2E000D36023E7274B5B6D03F00703052B3FF645
:10F2F0001CAF284AD55C2AE7002E00F0B581012E0C
:10F3000000F09E85022E00F0B185032E00F0D88516
:10F31000042E00F0F485052E00F08486062E00F001
:10F32000BE86072E00F0FD86082E00F05087092EBD
:10F3300000F07B870A2E00F0DC8743F60953164A5B
:10F340000B2E18BF13466268002503EB5203B3FB74
:10F35000F2F39BB2BCE700BFF369FFCF000C00588B
:10F36000FFF4FF110010014000440040004800403D
:10F37000004C004000500040001401400078004064
:10F38000007C0040004402583C62010868620108A9
:10F39000706201086862010800093D00B34B1A68F9
:10F3A000920640F16F811A68B14BC2F3C102D3409B
:10F3B000002EC8D0012E00F0EF81022E00F0C5848F
:10F3C000032E00F0BF84042E00F02B85052E00F0E4
:10F3D0009D86062E00F0DC86072E00F01C86082E87
:10F3E00000F04E86092E00F08E860A2E00F0E3868D
:10F3F0000B2EA8D126E003A8F7F77EFD626A049BD6
:10F40000002AA0D0012A00F0C781022A00F09D84C2
:10F41000032A00F09784042A00F00385052A00F0EF
:10F42000FD84062A00F07E85072A00F0F485082A6C
:10F4300000F02686092A00F066860A2A00F0BB86BC
:10F440000B2A80D11B0A7EE76846F7F797FC626AB1
:10F45000019B002A3FF477AFD4E7F6F72FFE636AEB
:10F4600003B3012B00F0F384022B00F0CE84032BB6
:10F4700000F0C884042B00F01785052B00F01185DF
:10F48000062B00F00686072B00F04886082B00F0BC
:10F490009B86092B00F0E1860A2B00F03B870B2BA3
:10F4A00008BF000A6268002500EB5203B3FBF2F3C9
:10F4B0009BB20DE7F6F7E6FD636A03B3012B00F09C
:10F4C000C984022B00F0A784032B00F0A184042B35
:10F4D00000F0E484052B00F0DE84062B00F0E685C6
:10F4E000072B00F03686082B00F08786092B00F0EA
:10F4F000B1860A2B00F0FA860B2B08BF000A62685F
:10F5000000EB5203B3FBF2F39BB2E1E6402D7FF434
:10F510000CAE002E00F0DC80012E00F09484022E50
:10F5200000F0A784032E00F0C784042E00F0EC84C2
:10F53000052E00F07A85062E00F0B485072E00F027
:10F54000FE85082E00F04986092E00F08B860A2ED3
:10F5500000F029870B2E0CBF80234FF40043F2E606
:10F56000424B5B6D03F00703052B3FF6DEAD414ACE
:10F57000D55CECE5402E7FF4D8AD002900F0B580D5
:10F58000012900F06E84022900F08284032900F032
:10F59000AF84042900F03B85052900F06985062920
:10F5A00000F0AD85072900F0EF85082900F03686C8
:10F5B000092900F05B860A2900F0F9860B290CBFA7
:10F5C00080254FF4004592E001250023A3F11001AE
:10F5D0004FF6EF7291423FF6A8AD23F00F02C3F34E
:10F5E000420313432268D360A0E5402D7FF49DAD14
:10F5F000002E00F0D380012E00F0D280022E00F009
:10F600006D84032E00F0F484042E00F02585052E71
:10F6100000F06885062E00F0C285072E00F01086E7
:10F62000082E00F04886092E00F059860A2E00F0B8
:10F63000EC860B2E0CBF4FF480704FF48030AFE09F
:10F640000A4B5B6D03F00703052B3FF66EAD0A4ACC
:10F65000D55C7CE5054B5B6D03F03803282B3FF64A
:10F6600064AD064AD55C72E5054B6CE60044025871
:10F670000090D00368620108686201083C620108DA
:10F6800000093D00002E00F0BA83012E00F0FD833A
:10F69000022E00F02A84032E00F0B684042E00F01F
:10F6A000E484052E00F02885062E00F08785072EBD
:10F6B000DAD0082E00F0C483092E00F0D7830A2E7A
:10F6C00000F01D84B44BB54A0B2E18BF13463AE622
:10F6D0004FF4004337E6B24B5B6D03F00703052B95
:10F6E0003FF623ADAF4AD55C31E54FF4004567687E
:10F6F00007EB4703AB423FF618ADB5EB073F3FF6CC
:10F7000014AD202E00F2F082012E7FF60EAD023EE7
:10F710001E2E3FF60AAD01A353F826F059FC00084F
:10F720002BF100082FFC00082BF100082BF100083A
:10F730002BF10008CDFB00082BF100082BF100088D
:10F740002BF100082BF100082BF100082BF1000829
:10F750002BF1000861FB00082BF100082BF10008D9
:10F760002BF100082BF100082BF100082BF1000809
:10F770002BF100082BF100082BF100082BF10008F9
:10F780002BF100082BF100082BF100082BF10008E9
:10F790002BF10008E9FA00085B08D4E54FF480304B
:10F7A0006268002500EB5203B3FBF2F39BB20DE756
:10F7B0006846F7F7E3FA636A019D03B3012B00F093
:10F7C000CF82022B00F0C782032B00F0C182042BF2
:10F7D00000F02F83052B00F02983062B00F098837F
:10F7E000072B00F02684082B00F04D84092B00F035
:10F7F0009B840A2B00F0FB840B2B00F06582002D0C
:10F800003FF494AC73E7F7F7A7FA636A0546002B59
:10F81000D4D1002D3FF48AAC69E7614B1A68950694
:10F8200040F1A5821B685D4DC3F3C103DD40002993
:10F830003FF45DAF012900F04D83022900F04683BB
:10F84000032900F04083042900F04584052900F0D5
:10F850008384062900F0D484072900F02085082934
:10F8600000F04F85092900F0F9850A2900F0FD858F
:10F870000B297FF43CAF2D0A39E703A8F7F73CFBCF
:10F88000636A049D002B99D1002D3FF44FAC2EE705
:10F89000002900F06A82012900F0DF82022900F0CD
:10F8A000F282032900F02883042900F0AA830529A5
:10F8B00000F0D883062900F02E84072900F0618427
:10F8C000082900F0AF84092900F0EF840A2900F02C
:10F8D000148543F60955344B0B2918BF1D4606E71E
:10F8E000F6F7D0FB636A03B3012B00F0CA82022B48
:10F8F00000F0F782032B00F07F83042B00F0B0832D
:10F90000052B00F0EB83062B00F05084072B00F052
:10F910009E84082B00F0B984092B00F0E4840A2BA4
:10F9200000F070850B2B08BF000A61684A0802EBE3
:10F930004003B3FBF1F39BB248E6002E00F03A829D
:10F94000012E00F09A82022E00F0C682032E00F0F3
:10F950004D83042E00F07E83052E00F0BA83062E20
:10F9600000F02184072E00F06F84082E00F08284BE
:10F97000092E00F0CC840A2E00F06C8547F6122385
:10F980000A4A0B2E18BF13466268002503EB520388
:10F99000B3FBF2F39BB219E690D003000090D003C2
:10F9A000004402586862010800093D0000127A0014
:10F9B000A44B1A68910640F1FF811A68A24BC2F36A
:10F9C000C10223FA02F206B3012E00F0B182022E28
:10F9D00000F03783032E00F06F83042E00F0C683FF
:10F9E000052E00F00084062E00F06F84072E00F034
:10F9F0007184082E00F00385092E00F03C850A2E44
:10FA000000F036850B2E08BF120A616800254B08EE
:10FA100003EB4203B3FBF1F39BB2D7E56846F7F77C
:10FA2000ADF9626A019902B3012A00F00782022A45
:10FA300000F01A82032A00F03A82042A00F062825F
:10FA4000052A00F0EB82062A00F01683072A00F050
:10FA50007483082A00F0A183092A00F001840A2A8D
:10FA600000F05B840B2A08BF090A6268002553086E
:10FA700003EB4103B3FBF2F39BB2A7E5F6F71EFBE2
:10FA8000636A03B3012B00F0FA81022B00F02B8292
:10FA9000032B00F08382042B00F0DA82052B00F0A8
:10FAA0002583062B00F06983072B00F0C283082B07
:10FAB00000F0EE83092B00F07E840A2B00F08D8489
:10FAC0000B2B08BF000A616800254A0802EB4003BF
:10FAD000B3FBF1F39BB279E503A8F7F70DFA626A7D
:10FAE0000499002AC1D09FE7616A002900F054827E
:10FAF000012900F01F83022900F08B83032900F005
:10FB0000BF83042900F00084052900F0AA84062997
:10FB100000F08E84072900F08784082900F0E5842E
:10FB2000092900F0DE840A2900F0A8844748484BE0
:10FB30000B2918BF184600217B083A4618184FF0C9
:10FB4000000341F10001F0F7DFFDA0F54073414AE9
:10FB500093423FF6EAAA23680025D860FFF7E6BA89
:10FB6000384A116811F0200100F0E7811368002184
:10FB70003548C3F3C103D840636A0BB3012B00F0CF
:10FB80004B83022B00F07F83032B00F00584042BB2
:10FB900000F05D84052B00F02C84062B00F0A98476
:10FBA000072B00F0B484082B00F0AD84092B00F083
:10FBB00094840A2B00F08D840B2B01D1000A0021C4
:10FBC0000902030241EA10617808B6E703A8F7F7D3
:10FBD00093F90498636A002102460BB3012B00F0ED
:10FBE0003582022B00F08682032B00F0C182042BA9
:10FBF00000F02183052B00F04D83062B00F090834D
:10FC0000072B00F02184082B00F00B84092B00F057
:10FC100004840A2B00F052840B2B01D1100A00211E
:10FC200062680902030241EA1061500886E76846EB
:10FC3000F7F7A4F80198636A00210246002BEFD081
:10FC4000CCE700BF004402580090D00300093D00FB
:10FC50000000093DFFFC0F00F7F77EF8626A002103
:10FC600003460AB3012A00F06E82022A00F0B9822C
:10FC7000032A00F02483042A00F09383052A00F06D
:10FC8000A683062A00F0DA83072A00F0D583082A23
:10FC900000F01C84092A00F015840A2A00F02F8441
:10FCA0000B2A01D1030A002162680902180241EA05
:10FCB00013615308C0184FF0000341F10001F0F741
:10FCC00023FDA0F5407342E72D0A002D3FF42EAA34
:10FCD0000DE5B54B5B6D03F00703052B3FF625AA39
:10FCE000B24AD55CFFF733BA402E7FF41EAA616A90
:10FCF000002900F04E81012900F02782022900F03E
:10FD00008482032900F0CE82042900F0578305295C
:10FD100000F05983062900F06883072900F060830A
:10FD2000082900F0B783092900F0AF830A2900F001
:10FD3000C0830B294FF000010CBF4FF400404FF47B
:10FD40000000F9E69A4AA2FB03239B08FFF7FBBADF
:10FD5000974BA3FB0535AD08002D3FF4E7A9C6E49A
:10FD60006D08002D3FF4E2A9C1E4924DBFE40029E3
:10FD70005AD0012900F0AC80022900F0DB80032971
:10FD800000F06181042900F0A181052900F0EB81D8
:10FD9000062900F016820729E7D008295DD0092935
:10FDA00071D00A2900F02D81834D844B0B2918BF97
:10FDB0001D469CE4824BE7E5002E50D0012E00F05A
:10FDC000AF80022E00F03B81032E00F07A81042EDA
:10FDD00000F0C781052E00F0FD81062E00F04D8257
:10FDE000072EE7D0082E48D0092E75D00A2E00F035
:10FDF0003181744B744A0B2E18BF1346C4E56F4B08
:10FE0000FFF7A1BA6A4BA3FB00308008FFF74ABB9B
:10FE1000674BA3FB00308008FFF771BB6B4AA2FB66
:10FE20000323DB08FFF78FBA644D60E4674BA3FB45
:10FE30000535ED08002D3FF479A958E4490814E68A
:10FE4000634BFFF780BA4FF48043FFF77CBA40085A
:10FE5000FFF728BB4008FFF752BB5D4D47E45A4B04
:10FE600092E54FF4804542E48908FEE5594BFFF7DF
:10FE70006ABA4FF40053FFF766BA4E4B84E5400868
:10FE800021E6400851E5534D31E4534BFFF75BBA8F
:10FE90004FF400552BE44D4BA3FB0030C008FFF797
:10FEA0002EBB4A4BA3FB0030C008FFF7FBBA404B08
:10FEB000A3FB01239908D8E541F25553FFF743BA54
:10FEC000464BFFF740BA3A4BA3FB0535AD080EE4AD
:10FED000414D0CE46D080AE43D4B55E54FF480407C
:10FEE0005EE4800821E58008EDE53D4BFFF72BBA85
:10FEF00041F25555FFF7FBBB384DFFF7F8BB314BCF
:10FF0000FFF721BAC908B0E54FF48053FFF71BBAD9
:10FF10000C23B5FBF3F5002D3FF408A9FFF7E7BB71
:10FF2000264B31E5224AA2FB0323DB08FFF70BBA7D
:10FF300052086AE52A4DFFF7DABB626A002A00F030
:10FF4000C280012A00F07981022A00F0B281032ADE
:10FF500000F0C381042A00F05E82052A00F0598275
:10FF6000062A00F09E82072A00F09982082A00F0F3
:10FF70009D82092A00F097820A2A00F083820B2AC8
:10FF8000184A0E4B0EBF00210321134678083A464B
:10FF900090E64FF40000CFE51348CDE5044BA3FBFA
:10FFA000002398088FE500BF0044025868620108EA
:10FFB000ABAAAAAA00093D0090D003000090D0038C
:10FFC00000127A0020A107000020A107CDCCCCCCE4
:10FFD00080841E0040420F000048E8012A2C0A00DD
:10FFE0000024F400000090D00000093DCF4BCBE48A
:10FFF00042F6AA20FFF7D4BBCD4BA3FB0023980801
:020000040801F1
:1000000093E4CC4DFFF773BBCB4BFFF79CB94FF498
:100010008055FFF76CBB1B09FFF795B90A23B1FBAD
:10002000F3F122E5C54BFFF78EB940F6CC43FFF75D
:100030008AB92D09002D3FF479A8FFF758BBC04BB2
:10004000A2E49208E1E4BC4DFFF751BB4008E7E5AC
:10005000C00838E5BB4B97E44FF40050FFF7A0BB56
:10006000C00862E4B54DFFF742BBB74BFFF76BB971
:1000700040F6CC45FFF73BBB0C23B1FBF3F1F4E4B6
:100080005B09FFF760B96D09002D3FF44FA8FFF73A
:100090002EBBA74BA3FB0030C008FFF703BAAB4B46
:1000A000FFF751B940F6AA23FFF74DB9A04BA3FBC8
:1000B0000030C008FFF723BA9D4BA3FB02239A0828
:1000C000A3E4A34B60E4A34B03215FE79E4DFFF73E
:1000D0000EBBA14B58E4ED08FFF709BB0A23B0FBA8
:1000E000F3F022E441F69810FFF75ABB0A23B0FB65
:1000F000F3F0E8E4800893E5984BFFF724B940F665
:10010000AA25FFF7F4BA9B09FFF71DB90A22B3FB32
:10011000F2F3FFF718B98D4DFFF7E9BA0009FFF7C1
:10012000C1B98F4BFFF70FB9AD09002D3EF4FEAFFB
:10013000FFF7DDBA8B480021FEE4090995E44FF48E
:100140000063FFF700B94308AEE54FF480000021DB
:10015000F2E40009FFF7D3B90A23B5FBF3F5FFF783
:10016000C6BA814B10E47D4DFFF7C1BAD2084CE40A
:1001700006220023F0F7C8FA52E50C23B0FBF3F097
:10018000A1E4774DFFF7B3BA4FF40065FFF7AFBABC
:100190000C22B3FBF2F3FFF7D6B8490965E441F24C
:1001A0005450FFF7FDBA714BFFF7EEBB0C23B0FBC9
:1001B000F3F0FFF7BABBDB09FFF7C5B86C4BFFF7ED
:1001C000C2B86B4DFFF793BA4009FFF76BB9694BA3
:1001D000FFF7B9B8684BFFF7D7BB4FF48063FFF761
:1001E000B2B8830860E50A23B2FBF3F20DE4ED092F
:1001F000002D3EF49BAFFFF77ABA4009FFF77FB9B5
:100200000C23B5FBF3F5FFF772BA4FF40010002191
:1002100092E45A4800218FE44008D1E44FF480650D
:10022000FFF765BA534DFFF762BA4FF22443FFF769
:100230008AB8000947E4C008F2E4514B1146A5E62C
:100240004FF48050FFF7ACBA3A4BFFF79DBB000963
:10025000FFF76BBB8009FFF752B98009FFF722B99E
:10026000890902E44FF40073FFF76DB84FF400758D
:10027000FFF73DBA3A4BFFF787BB2F4BFFF784BB25
:100280004048002158E480089AE44009FFF74DBB3C
:10029000400918E40A220023F0F736FAC0E42D09D9
:1002A000FFF725BA3848002146E44FF22445FFF70E
:1002B0001EBA364B6AE64FF40060FFF771BA0023AE
:1002C0000622F0F721FA0346EEE40C23B2FBF3F228
:1002D000FFF79BBB1209FFF798BB2D4B56E64FF477
:1002E0008060FFF75DBA8009FFF71FBBC009FFF709
:1002F00006B947F61223FFF726B847F61225FFF78F
:10030000F6B96D09FFF7F3B92248002114E4194B3F
:10031000FFF73ABBC009FFF7C5B8C909FFF7A5BB8E
:100320000C220023F0F7F0F97AE400BF54581400CF
:10033000ABAAAAAA20A10700AAC2A200801A06009E
:100340000048E80140420F0000127A00151605002F
:1003500054854501000090D000350C0000A86100D4
:1003600090D003000080841E0024F4002A2C0A0090
:100370005561510048E801000050C3000040420FA1
:10038000000048E8002A2C0A00551500000024F45B
:1003900000AAC2A20020A10706220023F0F7B4F9A8
:1003A0000EE4C30880E44FF48073FEF7CCBF4FF433
:1003B0008075FFF79CB98009FFF785BB4FF480106B
:1003C0000021FFF7B9BB53480021FFF7B5BB00235D
:1003D0000A22F0F799F9034666E4C009FFF773BBF8
:1003E0004FF400200021FFF7A7BB4B480021FFF787
:1003F000A3BB0A220023F0F787F9FFF7E1BB5209FC
:10040000FFF703BBC009FFF790BA4FF40070FFF786
:10041000C7B9424BBAE5424BB8E590090021FFF756
:10042000FFBB4009FFF7FCBB3E480021FFF784BB40
:100430003D480021FFF780BB030935E400230C226F
:10044000F0F762F903462FE40009FFF7E9BBC008A3
:10045000FFF7B6BB4FF22443FFF796BAAD09FFF79B
:1004600046B932480021FFF767BBED09FFF73FB9F6
:10047000D209FFF7CABA9209FFF7C7BA2C48002180
:10048000FFF75ABB2B4B002180E54FF400300021D1
:10049000FFF752BB4FF480200021FFF74DBB264BE6
:1004A00074E5264B72E5264B00216FE5254B0021B4
:1004B0006CE54FF480300021FFF73EBBD0090021EE
:1004C000FFF7AEBB83090021FFF7EEBB4309FFF73F
:1004D000EBBBC0090021FFF773BB80090021FFF7C8
:1004E0006FBB19480021FFF727BB18480021FFF711
:1004F00023BB0C220023F0F707F9FFF761BBC30908
:100500000021FFF7D1BB40090021FFF759BB0009CB
:10051000FFF756BB00CC0C0000AA0A000000A8613F
:100520000000127A0090D0030015160500801A060C
:1005300000127A000020A1070000093D005561511A
:100540000040420F0080841E0024F4000048E801AF
:10055000836ADA0710B406D50168C46A4A6822F4CF
:10056000003222434A609C0706D50168046B4A6842
:1005700022F4803222434A60590706D50168446B51
:100580004A6822F4802222434A601A0706D501688D
:10059000846B4A6822F4004222434A60DC0606D596
:1005A0000168C46B8A6822F4805222438A609906EB
:1005B00006D50168046C8A6822F4005222438A60DE
:1005C0005A060AD50168446C4A68B4F5801F22F4C3
:1005D000801242EA04024A600BD01B0606D502686C
:1005E000C16C536823F400230B4353605DF8044B44
:1005F00070474A68846C22F4C00222434A60ECE7E8
:10060000002370B50446C0F88830F3F7A7F8054614
:1006100023681A6811070CD41A68520725D42022BF
:100620000023C4F880201846C4F8842084F87C3065
:1006300070BDDE6916F40016EED1F3F78FF8431B98
:10064000B3F1007F2368F4D31A682021032022F439
:10065000D0721A609A6822F001029A60C4F8801081
:1006600084F87C60C4F8841070BDDE6916F48006DE
:10067000D5D1F3F773F8431BB3F1007F2368F4D3AC
:10068000E2E700BF80B3D0F8803010B5044633B342
:10069000226824232046C4F88030136823F0010325
:1006A0001360FEF7F9FC012817D0A36A8BB9236801
:1006B00020465A6822F490425A609A6822F02A0230
:1006C0009A601A6842F00102BDE810401A60FFF714
:1006D00097BF2046FFF73CFFE9E7012010BD80F8F7
:1006E0007C30FAF7AFF9D3E701207047704700BFBD
:1006F000704700BF704700BF90F87C20012A17D0D8
:10070000026803462420002130B4C3F8800020256D
:100710001068146820F0005024F001041460596639
:1007200010600846C3F8805083F87C1030BC7047D6
:100730000220704790F87C20012A43D002680346CB
:10074000242030B4C3F8800084B014681068EC46EC
:1007500004AD20F001001060906820F0604001437B
:100760001948916003C88CE80300184903C905E9DA
:100770000300596E19B391689068C1F3426C05EBA0
:100780005071AC4411F8100C11F8081CC0001CF892
:10079000085CB0FBF1F01CF8101CC900B1FBF5F1CE
:1007A000A3F868100021A3F86A0020250846146009
:1007B000C3F8805083F87C1004B030BC704701212E
:1007C0000846EDE7022070471051010878620108E1
:1007D00090F87C20012A43D002680346242030B4DC
:1007E000C3F8800084B014681068EC4604AD20F0B3
:1007F00001001060906820F060600143194891602A
:1008000003C88CE80300184903C905E90300596EC1
:1008100019B391689068C1F3426C05EB5071AC4418
:1008200011F8100C11F8081CC0001CF8085CB0FB93
:10083000F1F01CF8101CC900B1FBF5F1A3F8681029
:100840000021A3F86A00202508461460C3F88050F0
:1008500083F87C1004B030BC704701210846EDE7F6
:100860000220704710510108786201080B6810B42B
:10087000D3B90468A3F500434A6823401343D1E980
:10088000024223431343D1E9044223431343D1E9F2
:10089000064223431343D1E9084223435DF8044B46
:1008A00013430360002070470268D1E9074322F434
:1008B000F84222434C6A1A430A4B224302604268C0
:1008C0001340D1E9014223431343D1E903422343B7
:1008D0001343D1E9054223435DF8044B13434360BE
:1008E000002070470080FFFF30B40ABB8368D1E965
:1008F000002403F07043013C013A43EA041313431C
:10090000D1E90224013A013C43EA022343EA0432DA
:10091000D1E904348969013B013C013942EA0343CE
:1009200043EA045343EA016330BC8360002070470C
:100930008268CC68114B013C13404A6943EA043396
:10094000541E43EA0454D1E900258460C3686C1E38
:10095000013A03F0704343EA04130C691A438B68AD
:10096000013C8969013B013942EA032343EA04431C
:1009700043EA016330BCC36000207047FF0F0FFFE4
:100980000246D1E9003010B403431469D1E90210E2
:1009900023435DF8044B013943EA4023002043EA36
:1009A00041131361704700BF0246054B002010B48D
:1009B000546923405DF8044B43EA4101516170479B
:1009C00001C0FFFF022A82B0844613D0092301939D
:1009D000DCF80C30002023F47053CCF80C30019B71
:1009E000DCF80C209B0203F470531343CCF80C305A
:1009F00002B07047224B234A0B44934207D9224B43
:100A0000224A0B44934205D80E230193E0E70F23BB
:100A10000193DDE71E4B1F4A0B44934207D91E4B3F
:100A20001E4A0B44934205D20C230193D0E70D23B9
:100A30000193CDE71A4B1B4A0B44934202D80B2378
:100A40000193C5E7184B194A0B44934202D20A237B
:100A50000193BDE7164B174A0B449342B6D3164B8E
:100A6000164A0B44934202D208230193B0E7144B79
:100A7000144A0B44934234BF072306230193A7E78C
:100A8000405327FFFF340C00401E1BFF3F420F0066
:100A900000DC0BFF7F4F1200808CF9FE20D6130084
:100AA00060B6E5FE5FE3160000D3CEFE40771B0084
:100AB000C05BB3FEC091210000CA91FE20753800D2
:100AC000E05459FEE09C4100890182B000230A4AAB
:100AD00041F020010193016103E0036913F0200359
:100AE00007D0019B013393420193F6D9032002B052
:100AF0007047184602B07047400D0300D0F8083820
:100B000082B003F006030193019838B101980228DE
:100B100004D0019B062B0CBF02200F2002B07047AF
:100B200030B44B780A78012B20D002F00F0C4FF430
:100B30008033D0F81C4800EB421203FA0CF3234335
:100B4000C0F81C38D2F8003B1B040CD48B68D2F8D8
:100B5000004BC3F30A03C8781449234343EA804394
:100B60001943C2F8001B002030BC704700F5006438
:100B700002F00F0500EB4210AB40E5692B43E36147
:100B8000D0F800391C04EED48B68D0F80059C3F3B8
:100B90000A03CC7805492B4343EA844343EA825253
:100BA000114330BCC0F800190020704700800010CD
:100BB0002DE9F0414B7891F800C0012B51D000EBAA
:100BC0004C1C844CDCF8105B0CF530632C401C6131
:100BD000814C1D692C401C614C6984B38D68012ACD
:100BE0007E4E2C4404F1FF34B4FBF5F406EAC44E07
:100BF000A4B205FB04F41D694EEA0505C4F3120412
:100C00001D611D6944EA05041C6125D0CB78012BC8
:100C10000CD1D0F8083813F4807FDCF8003B0CBF0F
:100C200043F0005343F08053CCF8003BDCF8003B2A
:100C300043F00443CCF8003B0020BDE8F0818C6811
:100C4000012A1D69C4F3120444EA05041C611C69ED
:100C500044F400241C61D9D1CA68002AD6D05A6154
:100C6000D4E74D69002D3DD000EB4C14594ED1F81E
:100C700008E0D4F81089584F08EA0606C4F810694D
:100C800005EB0E06013EB6FBFEFED4F810693740B8
:100C9000524EC4F8107906EACE46D4F810793E4395
:100CA000C4F81069C5F31206D4F810793E43C4F8AD
:100CB000106904F5106691F803E0BEF1010F57D0FA
:100CC000012A72D0D4F800290CF00F0C42F0044233
:100CD00003FA0CF3C4F80029D0F834281343C0F801
:100CE0003438A9E700EB4C133B4E3A4C012AD3F8B9
:100CF000107906EA0706C3F81069D3F8106946F4BC
:100D00000026C3F81069D3F8106904EA060403F555
:100D10001066C3F8104991F803E03AD0D3F80049BF
:100D2000BEF1010F44F00444C3F8004984D1D0F867
:100D3000083813F4807F33680CBF43F0005343F04E
:100D400080533360002A7FF477AFADB20335AD082E
:100D50003FF472AFCB6800EB0C3C03EB85010CF564
:100D6000805C53F8042B8B42CCF80020F9D163E768
:100D70003369012A23F0C0433361336943F00053E0
:100D8000336117D0D4F8003943F00443C4F8003974
:100D9000CDE70B6963B9BEF1010F0ED033680020B7
:100DA00043F004433360BDE8F0810B69002BF5D0BC
:100DB0007361F0E70B69002BFAD1D0F8083813F40F
:100DC000807F33680CBF43F0005343F0805333609F
:100DD000E4E700BF0000F8FFFFFF07E00000F81F96
:100DE000F0B54C780B78012C26D000EB4310574C13
:100DF000D0F8105B00F530632C401C61544C1D6929
:100E00002C401C614C69A4B98C681D69C4F31204A0
:100E1000012A45F400251D611D6944EA05041C6191
:100E200049D0D0F8003B43F00443C0F8003B002019
:100E3000F0BD8C684C61E8E74C69002C40D000EBB9
:100E40004315424FD1F808E0D5F810C9404E74451B
:100E50000CEA070705F5106CC5F81079D5F810797C
:100E600006EA0706C5F8106958D9DCF81040012ACF
:100E7000C1F814E044F40024CCF81040CEF312047E
:100E8000DCF8106044EA0604CCF810403AD0D5F8FB
:100E9000002942F00442C5F80029BEF1000FC6D077
:100EA00003F00F010123D0F834288B401343C0F81E
:100EB00034380020F0BDCA68002AB2D05A61B0E7C9
:100EC00000EB4310224B012AD0F8104900F5106CBA
:100ED00003EA0403CCF81030DCF8103043F40023AC
:100EE000CCF81030194BDCF8104003EA0403CCF8BE
:100EF000103007D0D0F8003943F00443C0F800396F
:100F00000020F0BD0B690BB1CCF81430DCF80030D8
:100F1000002043F00443CCF80030F0BDDCF8106052
:100F2000C4F31204012A46F40026CCF81060DCF861
:100F3000106044EA0604CCF81040E3D0D5F800294C
:100F400042F00442C5F80029AAE700BF0000F8FFFC
:100F5000FFFF07E010B49DF8044064B903339B0819
:100F600009D0013201EB830300EB023051F8042B6E
:100F70008B420260FAD100205DF8044B704700BF3D
:100F8000033292080AD000F5805C01EB8200DCF8A5
:100F9000003041F8043B8842F9D170470846704759
:100FA0004A780B78012A00EB43100CD0D0F8002BC4
:100FB0000BB1002A14DAD0F8003B43F40013C0F858
:100FC000003B00207047D0F80029002A00DB73B9ED
:100FD000D0F8003943F40013C0F8003900207047FE
:100FE000D0F8003B23F08043C0F8003BE3E7D0F8A3
:100FF000003923F08043C0F80039D0F8003943F4B9
:101000000013C0F80039E9E74A780B78012A00EBB1
:10101000431013D0D0F8003B23F40013C0F8003B7A
:10102000CB78023B012B01D900207047D0F8003B60
:1010300043F08053C0F8003B00207047D0F80039DF
:1010400023F40013C0F80039CB78023B012BEBD816
:10105000D0F8003943F08053C0F8003900207047C1
:10106000034609010020D3F8002801F4FE6122F4B0
:10107000FE62C3F80028D3F800281143C3F8001813
:10108000704700BF82B0436901938269019B13409E
:101090000193019802B0704782B0D0F818380193DC
:1010A000D0F81C28019B134001930198000C02B05A
:1010B000704700BF82B0D0F818380193D0F81C28D0
:1010C000019B13400193019880B202B0704700BFAA
:1010D00000EB411182B0D1F8083B0193D0F81428FD
:1010E000019B13400193019802B0704784B0D0F87F
:1010F000103801F00F0C00EB41110293D0F8343896
:101100000393039B029A23FA0CF3DB01DBB2134334
:101110000293D1F80839029A13400193019804B060
:10112000704700BF406900F001007047D0F8001917
:1011300000F500630A4A0A40C0F800299A6802F0E4
:101140000602042A05D1D0F8002942F00302C0F8B3
:1011500000295A68002042F480725A60704700BF2C
:1011600000F8FFFF144B10B4046C9C421AD800F531
:101170003060002301290361036943F40023036104
:10118000036943F018030361036943F0C04303613B
:1011900004D14261036843F08023036000205DF8BE
:1011A000044B7047D0F8003B00F53060002BE0DACC
:1011B00000205DF8044B70470A30544FD0F80024EB
:1011C00001F00303012900F5806C22F00302C0F84E
:1011D0000024D0F8002443EA0203C0F8003409D008
:1011E000022901D00020704741F270730020CCF832
:1011F000043070474BF680330020CCF80430704741
:10120000D0F8140480B2704700EB4111002382B083
:1012100001F5A0620193D1F8003513F4802FD1F8C5
:10122000003543F08043C1F8003522D1C36A13F47E
:101230007F0FD1F8003523D123F00043C1F80035EA
:10124000D1F8003543F00043C1F80035D1F800353E
:1012500023F40043C1F8003502E01368002B13DAD1
:10126000019B0133B3F57A7F0193F6D9002002B0D8
:101270007047D0F8103413F47F0FD1F8003506D042
:1012800043F00043C1F80035002002B0704723F05E
:101290000043C1F80035D1F8003543F00043C1F8F0
:1012A0000035D1F8003523F40043C1F8003502E0E1
:1012B0001368002BE8DA019B0133B3F57A7F0193C1
:1012C000F6D9002002B0704730B4002484B04FF447
:1012D0008465AA4A00940146836823F00103836071
:1012E0000394056102E00B69980604D5039B013362
:1012F00093420393F7D900201023A04A02900B6178
:1013000002E00B69DB0604D5029B01339342029392
:10131000F7D9D1F8003501F5A06201F5E06001933D
:10132000019B43F080430193019B23F00043019311
:10133000019B23F400430193019BC1F80035D1F8D0
:1013400020350193019B43F080430193019B23F0DF
:1013500000430193019B23F400430193019BC1F8D7
:101360002035D1F840350193019B43F08043019330
:10137000019B23F000430193019B23F4004301935D
:10138000019BC1F84035D1F860350193019B43F0D2
:1013900080430193019B23F000430193019B23F4BD
:1013A00000430193019BC1F86035D1F8803501936A
:1013B000019B43F080430193019B23F00043019381
:1013C000019B23F400430193019BC1F88035D1F8C0
:1013D000A0350193019B43F080430193019B23F0CF
:1013E00000430193019B23F400430193019BC1F847
:1013F000A035D1F8C0350193019B43F080430193A0
:10140000019B23F000430193019B23F400430193CC
:10141000019BC1F8C035D1F8E0350193019B43F041
:1014200080430193019B23F000430193019B23F42C
:1014300000430193019BC1F8E035D1F800360193D8
:10144000019B43F080430193019B23F000430193F0
:10145000019B23F400430193019BC1F80036D1F8AE
:1014600020360193019B43F080430193019B23F0BD
:1014700000430193019B23F400430193019BC1F8B6
:101480002036D1F840360193019B43F0804301930D
:10149000019B23F000430193019B23F4004301933C
:1014A000019BC1F84036D1F860360193019B43F0AF
:1014B00080430193019B23F000430193019B23F49C
:1014C00000430193019BC1F86036D1F88036019347
:1014D000019B43F080430193019B23F00043019360
:1014E000019B23F400430193019BC1F88036D1F89E
:1014F000A0360193019B43F080430193019B23F0AD
:1015000000430193019B23F400430193019BC1F825
:10151000A036D1F8C0360193019B43F0804301937C
:10152000019B23F000430193019B23F400430193AB
:10153000019BC1F8C036D1F8E0360193019B43F01E
:1015400080430193019B23F000430193019B23F40B
:1015500000430193019BC1F8E03613680193019B9E
:1015600043F080430193019B43F000430193019BAF
:1015700023F400430193019B136004E0400D03003A
:101580001368002B05DA009B0133B3F57A7F0093D3
:10159000F6D920328242E0D14FF0FF330020C1F86B
:1015A00014344B618B6843F001038B6004B030BC92
:1015B000704700BF08B5D0F88C321BB11B68984744
:1015C00000B908BD022008BD08B5D0F88C325B68B0
:1015D0009847002008BD00BF38B500F520750446C7
:1015E000284600F07DFB0122B4F8863294F8801280
:1015F000C4E99B2301F01F03934209D0022B13D0AF
:1016000063B101F080012046FAF796FA002038BD58
:101610002946204600F092FA002038BD294620468F
:1016200000F00AF9002038BD2946204600F0BAFA39
:10163000002038BD38B5054669B91346D0F86C228C
:10164000032A15D0052A0C460ED1C5F86C12FAF7FC
:1016500073FA204638BDD0F88C329B6933B190F8CC
:101660007422032A02D19847002038BD022038BDD9
:10167000D0E9531291420CD9891A8A42C0F84C1110
:1016800088BF8AB2194698BF92B200F055FB00207D
:1016900038BDD0F88C321B691BB190F87422032A34
:1016A00004D0284600F052FB002038BD9847F8E7E8
:1016B00070B5044661B9D0F86C32022B15D033F006
:1016C000040337D094F87832012B2ED0002070BD5F
:1016D000D0F88C325B6933B190F87422032A02D1BE
:1016E0009847002070BD022070BDD0E908630D4608
:1016F0009E4223D8C669B6FBF3F203FB12620AB915
:10170000B34228D9D4F88C32DB681BB194F8742228
:10171000032A30D080212046FAF70EFA204600F046
:1017200021FB94F87832012BD0D10023184684F89D
:10173000783270BD8021FAF7FFF9C3E7F31A11463A
:1017400003629AB200F0EEFA2B462A46294620465A
:10175000FAF73EFAB6E7D0F870329E42D2D20A4685
:1017600000F0E0FA2B462A4629462046C4F870527B
:10177000FAF72EFAA6E720469847CBE770B5002285
:1017800040260446012511463346FAF7C3F933468D
:10179000802100222046C4F84451C4F85061FAF771
:1017A000B9F90021D4F89032A561666284F87452C8
:1017B000C4F86C126160C4F87C1223B1D4F88C3286
:1017C00020465B689847002070BD00BF034600209C
:1017D0001974704703460421002093F8742283F89B
:1017E000741283F8752270470346002093F875221F
:1017F00083F87422704700BF90F87422032A01D046
:101800000020704708B5D0F88C32DB6903B19847E7
:10181000002008BD0020704700207047002070475E
:10182000D0F88C22012108B580F874120179536830
:101830009847002008BD00BF30B50B7883B00D4637
:10184000044603F06003202B0DD0402B0BD09BB13E
:1018500080212046FAF770F900212046FAF76CF94A
:10186000002003B030BDD4F88C32294620469B6856
:101870009847002003B030BD4B78092BE8D801A26F
:1018800052F823F0DF1801080B190108511801085C
:1018900029190108511801083119010869190108AD
:1018A0005118010899190108AD1801088978A24D4D
:1018B00001292970CCD890F87432022B00F01281E3
:1018C000032B00F000818021FAF736F90021204631
:1018D000FAF732F929782046FFF776FEC0E790F84C
:1018E0007432013B022BB3D8CB88022BB0D101223A
:1018F000D0F87C32C2600BB10323C360022204F132
:101900000C01204600F000FAAAE790F87432013B7F
:10191000022B9DD84B88012BA2D100232046C4F86E
:101920007C3200F013FA9BE74B88012B98D1F5E746
:101930008B88002B8CD1CB88002B89D14D887F2DB3
:1019400086D890F87432032B82D0E9B280F87612F0
:10195000FAF722F9204600F0F9F9002D00F0E080B6
:10196000022384F874327BE74A88130A013B062B72
:101970003FF66EAF01A151F823F000BF2D1A010808
:10198000151A0108031A0108511801085118010815
:10199000ED190108BF190108CA88012A7FF458AF60
:1019A00090F87432022B00F28780002B3FF450AF86
:1019B0000146002341F8083F00F0A6F950E7037CF8
:1019C000002B7FF445AFD0F88C320DF106001B6B75
:1019D000984707234370BDF80620002A67D0EB889C
:1019E000002B5BD1204600F0B1F939E7037C002BD6
:1019F0007FF42EAFD0F88C320DF106005B6B984768
:101A0000E9E7D1B2052900F28F80DFE801F0271F56
:101A100017372F3F037C002B72D1D0F88C320DF199
:101A200006009B6A984702234370D4E7D0F88832B7
:101A30000DF10601007C1B689847CCE7D0F888328E
:101A40000DF10601007CDB689847C4E7D0F88832C6
:101A50000DF10601007C9B689847BCE7D0F88832FE
:101A60000DF10601007C5B689847B4E7D0F8883236
:101A70000DF10601007C5B699847ACE7D0F888322D
:101A80000DF10601007C1B699847A4E7D0F8883265
:101A90000DF10601007C9B6998479CE79A4201463C
:101AA000204628BF1A46ADF8062000F02DF9EB8835
:101AB000002B7FF4D5AE95E7032B7FF4C9AE011D53
:101AC00000F022F9CCE621B3416801298AD0C9B2DD
:101AD000FFF77AFD297820466160FFF76BFD022849
:101AE00080D1B5E600293FF47DAF01210323416099
:101AF00080F87432FFF75EFD02287FF473AFA7E62B
:101B0000D0F88C320DF10600DB6A9847022343704F
:101B100061E70223416080F87432FFF755FD61E709
:101B2000012384F874329BE6D0F88C320DF1060262
:101B30009B6B98474FE700BFBC63012438B50B7817
:101B40000D46044603F06002402A0AD05B0608D521
:101B50008021F9F7F1FF00212046F9F7EDFF002081
:101B600038BD94F87432013B022B11D82B79012B2C
:101B70000ED8D4F88C32294620469B689847EB88CB
:101B8000002BECD10028EAD1204600F0DFF8E6E790
:101B900080212046F9F7D0FF00212046F9F7CCFF3D
:101BA000002038BD38B50B78044603F06003202BC5
:101BB0000CD0402B0AD083B180212046F9F7BCFF1E
:101BC00000212046F9F7B8FF002038BDD4F88C3248
:101BD00020469B689847002038BD4B788A88012BA7
:101BE0005FFA82FC37D0032B23D0002BE4D190F88E
:101BF0007432022B4AD0032BDED10CF00F031206F5
:101C000003EB830300EB830351D4D3F84431002B5F
:101C1000D2D00CF07F03142505FB030505F5A07554
:101C2000002B4FD12B6002222946204600F06CF891
:101C3000CAE790F87432022B1DD0032BBCD14B881D
:101C40002BB91CF07F0F02D0CB88002B43D020464D
:101C500000F07CF8B8E790F87432022B0BD0032B1D
:101C6000AAD14B88002BAFD11CF07F0FEFD061467B
:101C7000F9F770FFEBE71CF07F0F9DD06146F9F795
:101C80005BFF80212046F9F757FF9DE71CF07F0F8F
:101C900092D111064FF000034FF002024CBF00F149
:101CA000140100F5A0710B6000F02EF88CE79B6921
:101CB000002B81D00CF07F035D1C05EB850500EB4C
:101CC0008505ADE761462046F9F752FF08B10123CB
:101CD000A8E72860A7E76146F9F72EFFB7E700BF3E
:101CE0000B7803704B784370CA788B7803EB022330
:101CF00043804A790B7903EB02238380CA798B797D
:101D000003EB0223C380704710B5134602240A4632
:101D10000021C0F86C42C0E90733F9F74BFF0020FF
:101D200010BD00BF8C46002108B513466246F9F786
:101D300041FF002008BD00BF8C46002108B51346B6
:101D40006246F9F745FF002008BD00BF08B5042131
:101D50000023C0F86C121A461946F9F72BFF002031
:101D600008BD00BF08B505210023C0F86C121A4653
:101D70001946F9F72DFF002008BD00BFD0F8C42395
:101D80000132C0F8C42302780B2A00D07047D0F883
:101D90007C33002BFAD09B69184700BF012380F8E1
:101DA00023337047002380F8233370470346002213
:101DB0000121104683F8201383F8212383F822237E
:101DC000704700BF38B501230025044680F8213351
:101DD00080F8235380F82053F9F71EFF217920461D
:101DE00000F006F86179204600F002F8284638BD78
:101DF0000A2907D800EB8100D0F88433C3F30E031F
:101E0000C0F88433002070470C4A82B00C4BD2F8E3
:101E1000DC1041F04001C2F8DC10D2F8DC2002F006
:101E200040020192019A1A6822F020021A601A6890
:101E300042F004021A6002B0704700BF004402582A
:101E40000018024870B5002304464FF48062042154
:101E50004FF440353448C4F83821C4F8D410C4F8DD
:101E60003431C4F84C113149C4F8B000C4F8281119
:101E7000C4E92F32C4E93133C4E93335C4E9373317
:101E8000C4E94F33C4E95135C4E95533A26803238B
:101E9000C4F8D830C4F85031042A0AD8DFE802F078
:101EA0001F262D34030055225623C4F8B420C4F84D
:101EB0002C310022402304F1B005C4F8B820284694
:101EC000C4F83031F2F7B6FD08B1FFBEFEE704F505
:101ED00094763046F2F7AEFDE8B1FFBEFEE725226C
:101EE0002623C4F8B420C4F82C31E2E727222823A3
:101EF000C4F8B420C4F82C31DBE73D223E23C4F8FB
:101F0000B420C4F82C31D4E753225423C4F8B420AD
:101F1000C4F82C31CDE704F12803C4E92865C4F8DE
:101F2000E830C4F8603170BD4004024058040240FB
:101F30002DE9F04F814683B00E4617461D4600F14D
:101F40002804204601F094FD01288246F9D1484634
:101F5000FFF778FF8046002835D1EFF31083019317
:101F600072B6DFF888B00C9B99F90820DFF880A0E2
:101F7000DFF88090CBF800300D9B89F80020CAF87C
:101F800000300DB11846A847BAB23146204601F0DC
:101F9000E5F830B9019B03B962B6404603B0BDE82D
:101FA000F08F0023CBF80030CAF80030FF2389F807
:101FB00000300C9B8BB101210D9888469847019BFE
:101FC000002BEAD1E8E70C9B53B1D0460D9851465F
:101FD0009847404603B0BDE8F08F4FF00108D9E7BD
:101FE000D046404603B0BDE8F08F00BFE06D01244D
:101FF000E86D0124E46D01242DE9F04F814683B0A2
:102000000E4617461D4600F12804204601F030FD1B
:1020100001288246F9D14846FFF714FF8046002880
:1020200035D1EFF31083019372B6DFF888B00C9BC3
:1020300099F90820DFF880A0DFF88090CBF8003015
:102040000D9B89F80020CAF800300DB11846A8474A
:10205000BAB23146204601F045FA30B9019B03B9C6
:1020600062B6404603B0BDE8F08F0023CBF80030E5
:10207000CAF80030FF2389F800300C9B8BB1012196
:102080000D9888469847019B002BEAD1E8E70C9B06
:1020900053B1D0460D9851469847404603B0BDE82D
:1020A000F08F4FF00108D9E7D046404603B0BDE8B5
:1020B000F08F00BFE06D0124E86D0124E46D012480
:1020C0002DE9F04F814683B00F461646984600F141
:1020D0002804204601F0CCFC0128FAD1824648466B
:1020E000FFF7B0FE0546002838D1EFF310830193C7
:1020F00072B699F90830DFF88890DFF888B089F86F
:1021000000300D9BDFF880A0CBF800300E9BCAF8A2
:1021100000300C9B0BB10E9898471FFA88F33A4693
:102120003146204601F0D2F830B9019B03B962B6BE
:10213000284603B0BDE8F08F0023CBF80030CAF882
:102140000030FF2389F800300D9B8BB101210E98E0
:102150000D469847019B002BEAD1E8E70D9B4BB158
:1021600055460E9851469847284603B0BDE8F08F73
:102170000125DAE75546284603B0BDE8F08F00BFD9
:10218000E46D0124E06D0124E86D01242DE9F043A4
:10219000002387B00222044605690493CDE9022397
:1021A000D0E902128E00FAB1022D7AD02178B5FA68
:1021B00085F54FF00108276A0B294FEA551521D103
:1021C000A2780B2A02D0B8F1000F38D123790B2B5B
:1021D00001D0002D6CD1A37917B10B2B40F0998061
:1021E000002007B0BDE8F08335F002032178276AAC
:1021F0000CBF4FF001084FF00008023D18BF012549
:102200000B29DDD07D4B94F801C053F826201078BF
:102210000B2802D0884200F0AD80D378D01C9942C0
:1022200002D10B2B40F0BD809379901D8B4202D1DF
:102230000B2B40F0BC80012007B0BDE8F083711C7F
:102240006E4BE07853F8213019780B2902D08A427E
:1022500000F0B580D97803F1030C0B2902D08A4233
:1022600000F0BB80997903F1060C0B29E3D08A4278
:10227000E1D1DB798342DED1634604F102099B7828
:1022800048460593F9F7D6FC80464846F9F7DAFC4C
:1022900001A901904046F9F785FD23790B2B98D1D0
:1022A00099E70178076A0B2940F0868001258DE7C0
:1022B000B11C524A607952F8212011780B2902D0C2
:1022C0008B4200F08180D178D51C0B2902D08B4243
:1022D00000F08D809179951D8B42ACD10B29AAD04D
:1022E000D3798342A7D12A46251D937828460593A2
:1022F000F9F7A0FC034628461D46F9F7A3FC01A9FF
:1023000001902846F9F74EFDA379002F7FF465AFC1
:1023100066E7F11C394AE07952F8212011780B293F
:1023200001D08B425FD0D178D51C0B2901D08B42D4
:102330004FD09179951D8B427FF47DAF0B293FF4EF
:102340007AAFD37983427FF476AF2A46A51D93787E
:1023500028460593F9F76EFC04462846F9F772FC07
:10236000034601A920460193F9F71CFD002007B0A0
:10237000BDE8F083537863457FF44FAF93782046F0
:102380000593F9F757FC81462046F9F75BFC01A954
:1023900001904846F9F706FDA2780B2A7FF413AFA7
:1023A00014E7137963457FF43FAF0246E6E7D3793C
:1023B00063457FF440AFF8E79846012522E7597856
:1023C00081427FF447AF58E7517881427FF47BAF79
:1023D0008AE711798142ACD1B7E7197981427FF45C
:1023E00041AF634649E7517881429CD1AEE711790C
:1023F00081427FF46FAF2A4676E700BF886201080A
:10240000654A0368934200F0B980A2F5784293428E
:1024100000F0B68002F58062934200F0B38002F5CE
:102420007842934200F0B08002F5E052934200F00F
:10243000AD805A4A934240F0AB8005234FF4D071EF
:10244000574A01FB03F310B5D418D05C86B0F9F7F6
:1024500001FCA078F9F7FEFB2079F9F7FBFBA079E6
:10246000F9F7F8FBA368052B11D8DFE803F0192F63
:10247000455B71034B4BD3F8F42042F02002C3F8C4
:10248000F420D3F8F43003F020030593059B204695
:10249000FFF77CFE012801D006B010BDFFBEFEE7AD
:1024A000404B00222320D3F8F01041F48051C3F8B0
:1024B000F0101146D3F8F03003F480530093009BE2
:1024C000F2F706F92320F2F741F9E0E7354B002255
:1024D0002420D3F8E81041F48041C3F8E8101146F5
:1024E000D3F8E83003F480430193019BF2F7F0F84E
:1024F0002420F2F72BF9CAE72A4B00223320D3F825
:10250000E81041F40041C3F8E8101146D3F8E83070
:1025100003F400430293029BF2F7DAF83320F2F758
:1025200015F9B4E71F4B00225420D3F8F01041F402
:102530000051C3F8F0101146D3F8F03003F4005303
:102540000393039BF2F7C4F85420F2F7FFF89EE7D9
:10255000144B00225520D3F8F01041F48011C3F839
:10256000F0101146D3F8F03003F480130493049B69
:10257000F2F7AEF85520F2F7E9F888E700235DE7B7
:1025800001235BE7022359E7032357E7042355E7B9
:1025900000231B78FFDE00BF00300140001400580C
:1025A000C0630124004402582DE9F043002289B0A1
:1025B0001B4B01210DF1040C9E461A4B0791E1467D
:1025C000E04667460EF11C060EF138050EF1540484
:1025D000CDE90122CDE90322CDE90522FF221A70BF
:1025E000BCE80F00AEE80F009CE807008EE807008B
:1025F000B9E80F000FC69CE8070086E80700B8E8B6
:102600000F000FC59CE8070085E807000FCF0FC437
:102610009CE8070084E8070009B0BDE8F08300BF2C
:1026200014030024E46D0124014801F0F5B800BF53
:10263000E8630124014801F0EFB800BF8865012478
:10264000014801F0E9B800BF28670124014801F002
:10265000E3B800BFC8680124014801F0DDB800BF3D
:10266000686A012410B5EFF3108472B6084B1A782B
:10267000120602D504B962B610BD1B784FF4D072B1
:1026800004485BB202FB0300B030F2F74BFDF1E708
:10269000E46D0124C063012410B5EFF3108472B619
:1026A000094B1A78120602D504B962B610BD1B7820
:1026B0004FF4D07205485BB202FB030000F5947042
:1026C000F2F730FDF0E700BFE46D0124C0630124A0
:1026D0002DE9F04184B0EFF3108772B6284AFF214C
:1026E000284C1368217023B100211160264A10681C
:1026F000984723781B061CD5DFF894800025234ECD
:102700004446216879B162686AB1A369012B22D07D
:10271000A3B963693046019323690093E368228972
:10272000FFF76AFC18B301351C3406F5D076042D8A
:10273000E7D107B962B604B0BDE8F081D4E904304E
:10274000CDE90130E068238900903046FFF7B8FCFE
:102750000028E8D10BE0D4E904301146CDE900307F
:102760003046E3682289FFF7E3FB0028DBD1C5EBA5
:10277000C50508EB850348F825005860D9E700BF78
:10278000E06D0124E46D0124E86D0124C06301249F
:10279000140300242DE9F04184B0EFF3108772B6E2
:1027A000284AFF21284C1368217023B100211160B1
:1027B000264A1068984723781B061CD5DFF89480BA
:1027C0000025234E4446216879B162686AB1A36945
:1027D000012B22D0A3B9636930460193236900938A
:1027E000E3682289FFF708FC18B301351C3406F5AD
:1027F000D076042DE7D107B962B604B0BDE8F08108
:10280000D4E90430CDE90130E068238900903046F6
:10281000FFF756FC0028E8D10BE0D4E9043011465C
:10282000CDE900303046E3682289FFF781FB0028BC
:10283000DBD1C5EBC50508EB850348F825005860DA
:10284000D9E700BFE06D0124E46D0124E86D0124A7
:10285000C0630124140300242DE9F04184B0EFF398
:10286000108772B6284AFF21284C1368217023B1C3
:1028700000211160264A1068984723781B061CD552
:10288000DFF894800025234E4446216879B16268C0
:102890006AB1A369012B22D0A3B9636930460193C1
:1028A00023690093E3682289FFF7A6FB18B301357B
:1028B0001C3406F5D076042DE7D107B962B604B012
:1028C000BDE8F081D4E90430CDE90130E068238926
:1028D00000903046FFF7F4FB0028E8D10BE0D4E984
:1028E00004301146CDE900303046E3682289FFF715
:1028F0001FFB0028DBD1C5EBC50508EB850348F8B5
:1029000025005860D9E700BFE06D0124E46D012483
:10291000E86D0124C0630124140300242DE9F04173
:1029200084B0EFF3108772B600F06AFB284A294C96
:10293000FF21136821702BB1002111600121264A6B
:102940001068984723781B061CD5DFF89480002573
:10295000224E4446216879B162686AB1A369012BAD
:1029600022D0A3B963693046019323690093E368D9
:102970002289FFF741FB18B301351C3406F5D076E8
:10298000042DE7D107B962B604B0BDE8F081D4E9FF
:102990000430CDE90130E068238900903046FFF72C
:1029A0008FFB0028E8D10BE0D4E904301146CDE9D3
:1029B00000303046E3682289FFF7BAFA0028DBD1FD
:1029C000C5EBC50508EB850348F825005860D9E735
:1029D000E06D0124E46D0124E86D0124C06301244D
:1029E0001403002430B4544B002108220220534C1D
:1029F000D9615862C3F8BC11C3F8C401C3F85C13B1
:102A0000C3F86403C3F8F424C3F8F814C3F8FC143F
:102A1000C3F80405C3F89426C3F89816C3F89C16A7
:102A2000C3F8A406C3F83428C3F83818C3F83C1810
:102A3000C3F84408424D4348C3E90521C3E96D2169
:102A4000C3E9D5212288A3783F49EA80CA800B7266
:102A50003E492B72CA800B722168A0F80320437193
:102A6000C28003723A4C3B48E2802372A0F80320F4
:102A7000394C4371C28003723848E2802372A0F857
:102A80000320374C4371C2800372080C2180A07070
:102A9000A4F803206371E2802372324C324D21800E
:102AA000A070A4F803206371E28023722F4CEA80A7
:102AB00021802B72A070A4F803206371E28023723E
:102AC0002B4C2180A070A4F803206371E280237254
:102AD000284C2180A070A4F803206371E280237247
:102AE000254C2180A070A4F803206371E28023723A
:102AF000224C2180A070A4F803206371E28023722D
:102B00001F4C21801F49A070A4F803201E48637148
:102B1000E2802372A1F803201C4C4B71CA800B7217
:102B20001B49E2802372C2800372A1F803204B711B
:102B3000CA800B7230BC7047C063012484620108F4
:102B40009C020024C00200249002002454020024AD
:102B5000A8020024E4020024CC0200246C02002419
:102B6000B06D0124986D0124D8020024A46D0124C5
:102B7000806D0124D46D0124BC6D0124C86D012435
:102B80008C6D012408030024FC020024F0020024C0
:102B900078020024714A036811698B4200B587B03E
:102BA0004BD0916E8B4200F0B680D2F8C0108B42B1
:102BB00000F0B380D2F818118B4200F0B080B3F16E
:102BC000804F1ED0664A93420DD0664A934200F071
:102BD000A880654A934200F0B280644A93421ED0B6
:102BE00007B05DF804FB624BD3F8E82042F0020224
:102BF000C3F8E820D3F8E83003F002030293029B05
:102C0000EEE75B4BD3F8E82042F00102C3F8E8207E
:102C1000D3F8E83003F001030193019BE0E7544B44
:102C2000D3F8E82042F01002C3F8E820D3F8E830E7
:102C300003F010030593059BD2E700205821B3F160
:102C4000804F01FB0022127B1ED045498B4235D0BC
:102C500044498B4248D044498B42BED1444BD3F8BF
:102C6000E81041F00801C3F8E810D3F8E83003F0A9
:102C700008030493049B002AB2D0322000220F21C3
:102C8000F1F726FD322014E0394BD3F8E81041F07B
:102C90000101C3F8E810D3F8E83003F00103019311
:102CA000019B002A9CD01C2000220F21F1F710FD6F
:102CB0001C2007B05DF804EBF1F748BD2C4BD3F8AE
:102CC000E81041F00201C3F8E810D3F8E83003F04F
:102CD00002030293029B002A82D01D2000220F21B2
:102CE000F1F7F6FC1D20E4E7214BD3F8E81041F0A2
:102CF0000401C3F8E810D3F8E83003F004030393A9
:102D0000039B002A3FF46CAF1E2000220F21F1F735
:102D1000DFFC1E20CDE7012090E702208EE7032094
:102D20008CE7134BD3F8E82042F00402C3F8E82004
:102D3000D3F8E83003F004030393039B50E70C4BF4
:102D4000D3F8E82042F00802C3F8E820D3F8E830CE
:102D500003F008030493049B42E700BFEC6D0124D9
:102D60000004004000080040000C0040001000403B
:102D7000004402580F4B026819698A420BD0996EC1
:102D80008A4211D0D3F8C0108A420FD0D3F818115C
:102D90008A420DD070470021582202FB01331A6D80
:102DA000002AF7D0586D10470121F5E70221F3E71B
:102DB0000321F1E7EC6D0124014800F0F3BF00BFEF
:102DC000FC6D0124014800F0EDBF00BF546E0124EA
:102DD000014800F0E7BF00BFAC6E0124014800F0DD
:102DE000E1BF00BF046F0124F0B54FF0580C0F682D
:102DF0002E4D8DB00CFB07FC032F05EB0C06066077
:102E000047DC0B460868344649689A6807C41B7B50
:102E1000237004AC7268264B002A4FF000027261E6
:102E200018BF1022B2610FCB84E80F000CAB03EB8C
:102E3000870353F8203CB3F1804F336124D01D4AFF
:102E4000934221D030890CF11004582300218022B4
:102E500003FB07532C44C3E907019A62204600F0A4
:102E60000BFE034600B1FEE74FF4805208A920464E
:102E7000099301930892CDE90A33CDE9023300F0BA
:102E8000CBFE034640B1FEE7582303FB0753986887
:102E9000D9E701200DB0F0BD01A9204601930393AD
:102EA00001F038F80028F5D0FEE700BFEC6D0124F2
:102EB00018510108000C0040006808B5037B103071
:102EC0002BB100F093FE003818BF012008BD00F0C0
:102ED00073FE003818BF012008BD00BF03681B69DE
:102EE000586A70470C4B00224FF0FF311A739960FB
:102EF000196683F86420C3F8B81083F8BC20C3F8BF
:102F0000101183F81421C3E90022C3E91622C3E992
:102F10002C22C3E942227047EC6D0124034688B19C
:102F200090F83D20022A03D0802201209A66704743
:102F300002680421002083F83D10D36823F00103C8
:102F4000D36070470120704703682C495A6910B458
:102F50009C6944F008049C619C6944F010049C61E5
:102F60001C6824F001041C601C69214019619968E7
:102F700021F44041996090F88110042901D0910614
:102F800030D490F88110032901D054061FD4910544
:102F900009D5D0F8841041F00101C0F88410996976
:102FA00041F400719961D20509D5D0F8842042F02E
:102FB0000802C0F884209A6942F480729A61002362
:102FC0005DF8044BA0F86230A0F86A307047D0F882
:102FD000841041F00401C0F88410996941F0400167
:102FE0009961D4E7D0F8841041F08001C0F88410D2
:102FF000996941F020019961C3E700BF90FCFFFF90
:10300000002800F0A48002680021F8B5514B044666
:1030100081629A4216D0A3F578439A4212D003F502
:103020008063C0689A4200F08A800F2808D8E16B5C
:1030300000F108034D09DB0805FB0333082B15D904
:103040000120F8BDE068E16B00F10803414E4D0935
:10305000DB0805FB0333404DAA4218BFB24203D040
:1030600005F58065AA4201D1102BE9D894F881308A
:1030700003F0FF05002B58D0002702236568A66BDC
:1030800084F88130136823F001031360A369B3F15E
:10309000806F3ED03943676B3B43676A3B43276988
:1030A0003B4367693B43276A3B43E76C3B43A76865
:1030B0003B43A76C3B43A76D3B432B433343E6693C
:1030C000314308439060D360B5B9936823F4C0538B
:1030D00043F400639360936823F4C06343F4806314
:1030E0009360136D23F00103136500200123C4F8DE
:1030F000840084F88130F8BD136D23F0010313655B
:103100006B02F2D5D368616D23F000430B43D360AB
:10311000EBE7B5F5800FBDD1002EBBD1D2F800C0D2
:103120004CF4805CC2F800C0B4E7204684F88050BC
:10313000FFF766F92268A76AE16BE0689DE7E16B3B
:1031400000F108034D09DB0805FB03338CE7012080
:10315000704700BF0030014000380040F8B590F8DB
:103160008030012B00F08C8090F8813015460122D0
:103170000446DEB2934280F880206AD1002963D0F1
:10318000B5FA85F35B09002D5ED003224366A0F8F3
:10319000683080F88120C0F88430A0F86250A0F830
:1031A0006A30C165A0F86050C0E91C338368B3F58C
:1031B000C02F04D10268136843F400631360E3680E
:1031C000A06F0F2B4BD98369B3F5804F3CD1226898
:1031D0003A4B3B4F2032036452F8183CC763394FD7
:1031E00023F40043C7640027076542F8183CB4F88D
:1031F00062309BB2F1F7DCFD002844D1A36F324A64
:10320000DB69B3F5807F2368596802EA010218BFC1
:103210002A435A609A68616842F40042B1F5800F0F
:103220009A601A6942F448721A611A6842F00102FF
:103230001A6003D11A6842F400721A6000231E4615
:1032400084F880303046F8BD002384F88030304662
:10325000F8BD0023022680F880303046F8BD072BE9
:1032600083691AD8B3F5005F20D0B3F5804FAED193
:10327000B4F862309BB203339B08A4F86230A6E72F
:1032800002263046F8BDD4F88430012243F0100302
:10329000C4F8843084F88120D9E7B3F5804F05D095
:1032A000B3F5005FD0D1B3F5804F90D1B4F8623060
:1032B0009BB201335B08A4F8623088E71537010838
:1032C00099360108413701080000FFFF70B51D461F
:1032D00090F88030012B00F0B9800123044680F87B
:1032E000803090F881304068DBB2B0F5800F7DD03F
:1032F000012B40F08580002D18BF002A71D00029D5
:103300006FD094F88130042B02D0052384F88130EB
:103310000023E1652168C4F88430A4F86250A4F861
:103320006A50A4F860506266A4F86850C4E91C337F
:103330008B6823F440438B60E3680F2B65D9E06F03
:103340008369B3F5804F4CD194F88130042B00F0A1
:103350008A805E4B03645E4BC3635E4E3031B4F8CB
:103360006A30C66400269BB20665F1F721FD00288D
:103370006ED12268A16F9368203243F4804342F8F3
:10338000183CB4F86230C1E90F00C1E913009BB2E8
:103390000846E16DF1F70CFD002859D1A36FDB69F8
:1033A000B3F5807F236863D059684B4A0A402A43AB
:1033B0005A609A68616842F40042B1F5800F9A60E1
:1033C0001A6942F458721A611A6842F001021A60CE
:1033D00003D11A6842F400721A60002384F8803026
:1033E00070BD0023012084F8803070BDA0680028E3
:1033F0007FF47EAF042B3FF47EAF012B3FF47BAF15
:103400000023022084F8803070BD072B35D8A36FCD
:103410009B69B3F5005F50D0B3F5804F06D1B4F887
:1034200062309BB203339B08A4F86230E06F83697B
:10343000B3F5005F39D0B3F5804F85D1B4F86A3069
:103440009BB203339B08A4F86A307DE7022070BD6D
:10345000D4F88430012243F010031046C4F88430BD
:1034600084F8812070BD1D4B03641D4BC36374E75A
:103470005968194A0A405A609BE7E06F8369B3F5BF
:10348000005F02D0B3F5804FABD1A66FB669B6F539
:10349000804F06D1B4F86260B6B201367608A4F85F
:1034A0006260B3F5804F7FF44FAFB4F86A309BB2DF
:1034B00001335B08A4F86A3046E7B4F862309BB287
:1034C00001335B08A4F86230B0E700BF353701086C
:1034D000E9360108413701080000FFFF25370108E0
:1034E000C13601082DE9F0411546826804460E46B2
:1034F00022B94368B3F5800F00F0958094F88030CE
:10350000012B00F09980012384F8803094F88130F9
:10351000012BDFB269D1002E61D0B5FA85F35B09CA
:10352000002D5CD00421B2F5C02F666684F88110AE
:10353000A4F86850C4F88430A4F86030A4F86A5045
:10354000A4F86230C4E91C3304D12268136823F460
:1035500000631360E3680F2B4ED9E06F8369B3F506
:10356000804F3CD121688B6823F480438B603246C6
:10357000454EB4F86A3030310664444E9BB2C6639F
:10358000434EC66400260665F1F712FC002857D1A9
:10359000E36F404ADB69B3F5807F2368596802EA2C
:1035A000010218BF2A435A609A68616842F4804257
:1035B000B1F5800F9A601A6942F450721A611A6864
:1035C00042F001021A6003D11A6842F400721A60D4
:1035D00000231F4684F880303846BDE8F081002380
:1035E00084F880303846BDE8F0810023022784F853
:1035F00080303846BDE8F081072B2BD82168E06F7A
:103600008B6823F480438B608369B3F5005F32D00D
:10361000B3F5804FABD1B4F86A309BB203339B084B
:10362000A4F86A30A3E72B4604250A4680F88150A7
:10363000BDE8F041FFF74ABE02273846BDE8F081F9
:10364000D4F88430012243F01003C4F8843084F8A5
:103650008120C7E7E06F8269B2F5804F02D0B2F5F2
:10366000005FBCD12168B2F5804F8B6823F48043A2
:103670008B607FF47CAFB4F86A309BB201335B0897
:10368000A4F86A3073E700BF25370108C136010886
:10369000413701080000FFFF806B08B590F88130CA
:1036A000072B09D0836FDB69B3F5807F05D00268F3
:1036B000136943F00803136108BDFFF709F808BD5B
:1036C000806B08B590F88130072B09D0C36FDB6998
:1036D000B3F5807F05D00268136943F008031361D6
:1036E00008BDFFF757F808BD806B08B590F881302A
:1036F000072B09D0836FDB69B3F5807F05D00268A3
:10370000136943F00803136108BDFFF7A5F808BD6E
:10371000704700BF806B08B5FFF7FAFF08BD00BF18
:10372000704700BF806B08B5FFF7FAFF08BD00BF08
:10373000704700BF806B08B5FFF7FAFF08BD00BFF8
:1037400010B5846BF2F73EF8022800D110BD236853
:1037500030495A69986940F008009861986940F0CA
:1037600010009861186820F0010018601869014085
:103770001961996821F44041996094F881100429F5
:1037800001D091063AD494F88110032901D0500653
:1037900029D4910509D5D4F8841041F00101C4F869
:1037A0008410996941F400719961D20509D5D4F862
:1037B000842042F00802C4F884209A6942F480729E
:1037C0009A61002301222046A4F86230A4F86A30EE
:1037D000D4F8843043F01003C4F8843084F8812096
:1037E000FFF79CF810BDD4F8841041F00401C4F830
:1037F0008410996941F040019961CAE7D4F88410B6
:1038000041F08001C4F88410996941F02001996168
:10381000B9E700BF90FCFFFF036819695A692DE9F9
:10382000F04101EA02059F68044690F8816005F0C6
:10383000640CBCF1040F2FD005F04500012834D0F2
:1038400005F02600022800F0DF80280770D59A696D
:1038500017F4404FF6B242F008029A619A6942F0BA
:1038600010029A619A6942F400629A611A6922F020
:1038700008021A6123D0042E00F0DE80A26FD26904
:10388000EAB1032E50D0E26FD269C2B1052E14D135
:103890002046FEF7E1FF10E0436F9847236F204674
:1038A000984705F04503012B02D1236F2046984726
:1038B00005F02605022D00F0A780BDE8F0819A688A
:1038C00012F4404F1FD1B4F86A2092B2DAB1626E9E
:1038D0000EE01B6B42F8043B6266B4F86A30013BB1
:1038E0009BB2A4F86A30B4F86A309BB25BB123682B
:1038F000E1680F29EDD8072940F292801B8E22F84B
:10390000023B6266E9E72046FFF71EFB012384F8CD
:103910008130D4F88430002B7FD1052EB8D0042E0E
:1039200000F08F80032EC8D12046FEF7D1FEC4E7F9
:10393000100501D50A077AD415F4587FBDD06E065C
:1039400009D5D4F8842042F00402C4F884209A698E
:1039500042F040029A61A80509D5D4F8842042F0CB
:103960000102C4F884209A6942F400729A61E90560
:1039700009D5D4F8842042F00802C4F884209A695A
:1039800042F480729A61AA0609D5D4F8842042F0E4
:103990008002C4F884209A6942F020029A61D4F827
:1039A0008420002A89D0196807F44047274A21F06B
:1039B0000101B7F5404F1960196902EA01021A6165
:1039C00027D19A68E06F22F440429A6050B1204BB0
:1039D0000365F1F70DFB28B1D4F8843043F04003C0
:1039E000C4F88430A06F00283FF467AF184B03651C
:1039F000F1F7FEFA00283FF460AFD4F8843043F0CA
:103A00004003C4F8843058E7636F2046BDE8F041B6
:103A100018470123204684F88130FEF77FFF4CE7EA
:103A200093F830301370626E0132626655E79A691E
:103A300042F400629A6140E7E26FD269002A3FF4E3
:103A40003EAF2046FEF7A6FE37E700BF94FCFFFF1F
:103A5000553A010808B5806B00230122A0F86A30AE
:103A6000A0F8623080F88120FEF758FF08BD00BF43
:103A700090F88100704700BF002800F08F8038B5B3
:103A800090F83D30044603F0FF02002B60D022681E
:103A900002234349B2F1804F84F83D30A2EB01018B
:103AA0001368B1FA81F14FEA511127D031BB3D487B
:103AB0003D4D824251D000F5806082424DD0551B71
:103AC00000F58060B5FA85F582424FEA55154DD074
:103AD000002D4BD1354836498A4218BF82424FD01B
:103AE00001F580618A424BD0A06923F08003E16830
:103AF000034313606368D162936223E02A4D23F08D
:103B00007003A068551B0343B5FA85F56D0920695C
:103B100023F440730343A06923F08003034313603D
:103B2000E368D3626368936251B94DB91F49204B72
:103B30009A4218BF8A4203D003F580639A4201D1AA
:103B40006369136301230020536184F83D3038BD5D
:103B500080F83C20FFF71EF899E7551B23F070030F
:103B6000A068B5FA85F503436D09D0E7A06823F096
:103B7000700303430F488242C9D0002DC7D1A9E783
:103B8000206923F44073A1690343E06823F08003B4
:103B90000B4361681360D0629162C7E701207047F0
:103BA00000000140000400400004014000400140CA
:103BB00000440140000C00404FF0020C01680A4A2A
:103BC000034680F83DC088680240062A06D0B2F558
:103BD000803F03D00A6842F001020A6001220020FF
:103BE00083F83D20704700BF070001000368094AC1
:103BF000D96841F00101D96099680A40062A06D0C7
:103C0000B2F5803F03D01A6842F001021A6000202A
:103C1000704700BF0700010090F83C30012B7DD0B9
:103C200002460223006830B4012482F83D3082F855
:103C30003C40544C83681C400B68602B84606FD000
:103C40001DD9B3F5005F59D042D94F498B4206D0F8
:103C500038D94E498B4202D010318B4206D184684C
:103C60004B4921400B4343F00703836000230121AC
:103C7000184682F83D1082F83C3030BC7047402B2B
:103C800067D019D9502BF1D1036A4C68CD6823F065
:103C90000A03016A1C433E4B21F001010162816964
:103CA00021F0F00141EA05118161046281680B4055
:103CB00043F057038360D9E7202BD0D01AD9302B9B
:103CC000D4D1CCE723F01001B1F5801FCED1C6E7E7
:103CD000702BCBD18468D1E901532B43CD6824F4F8
:103CE0007F4143EA05230B438360836843F07703F6
:103CF0008360BBE733F01001B8D1B0E7D1E90153DD
:103D000084682B43CD6824F47F4143EA05230B43A9
:103D10008360836843F480438360A7E70220704791
:103D2000046A4D6824F01004C9680462836923F4AE
:103D3000704343EA0133016A21F0A0018361144B0F
:103D400041EA0511016281680B4043F0670383601B
:103D50008CE7036A4C68CD6823F00A03016A1C43B0
:103D60000B4B21F001010162816921F0F00141EA70
:103D700005118161046281680B4043F04703836051
:103D800074E700BF8800CEFF200010003000100054
:103D90008FFFCFFF704700BF704700BF704700BF65
:103DA000704700BF03681A69910710B5044602D531
:103DB000DA68920768D41A69520702D5DA685007A0
:103DC0004FD41A69110702D5DA68120737D41A6975
:103DD000D00602D5DA68D1061ED41A69D20702D5F8
:103DE000DA68D00769D41A69110602D5DA681206B2
:103DF0006BD41A69D00502D5DA6811066DD41A6938
:103E0000520602D5DA6850066FD41A69910602D5B7
:103E1000DA68920649D410BD6FF0100108222046DE
:103E200019612277DB6913F4407F6FD1FFF7B2FF8E
:103E30002046FFF7B3FF002223682277CDE76FF01B
:103E400008010422204619612277DB699B075AD1B9
:103E5000FFF7A0FF2046FFF7A1FF0022236822778B
:103E6000B5E76FF0040102222046196122779B69B1
:103E700013F4407F44D1FFF78DFF2046FFF78EFFFC
:103E80000022236822779CE76FF00201012219616A
:103E900002779B69990730D1FFF77CFF2046FFF737
:103EA0007DFF00222368227785E76FF020022046FD
:103EB0001A61BDE8104000F05FB86FF001022046C3
:103EC0001A61FEF757FF23688DE76FF080022046E6
:103ED0001A6100F053F823688BE76FF48072204674
:103EE0001A6100F04DF8236889E76FF04002204620
:103EF0001A61FFF755FF236887E7FFF74DFFD0E70B
:103F0000FFF74AFFBCE7FFF747FFA6E7FFF744FFCD
:103F100091E700BF90F83C20012A28D003460068B2
:103F2000022230B4134D83F83D20A84242688468D1
:103F300018D005F58065A84214D024F0800C22F03A
:103F400070020C688968224300244CEA01014FF09A
:103F5000010C42608160204683F83DC083F83C40FC
:103F600030BC704722F470024D682A43E5E7022016
:103F7000704700BF00000140704700BF704700BF9E
:103F8000704700BF70B504464FF41652002124302C
:103F900004F500552DED048BB0EE408A84ED000A47
:103FA00000F0DCFBDFED546A9FED547A002087FEC1
:103FB000267ADFED536A0121DFED527A05F2A4562D
:103FC000C6EE888A9FED509A9FED506A0023504AB2
:103FD00005F2A455636022614FF4165227EE277A4A
:103FE000D4ED027AF5EEC07ADFED4A7A27EE087A50
:103FF000C7FE897AF1EE10FA84ED057AC7FEC67A1B
:1040000027EE277AB5EE006AFDEE007A48BFF1EEA2
:10401000686A84ED037A58BFF0EE686AC6FEA77A34
:10402000C4E9070142F2C8500021C7FEC67A204405
:10403000C4ED027A86ED008A04F5804400F08EFB20
:10404000DFED307ADFED2C6A00239FED2C7A012220
:1040500087FE267A27EE277AD6ED026AEB61B5EE67
:10406000005AF4EEC96A2A4B67EE087A2A629FED7D
:10407000267AF7EE005A9FED256AF1EE10FAC6EDAA
:10408000057A04F53560DFED236A04F64832C6FE92
:10409000876AC6FEC66A67EEA67A336104F64C33B9
:1040A00086ED019A48BFF1EE688A4FF07C51C5ED6C
:1040B000037ABDEE006AC8FE867A85FE076AC7FEEF
:1040C000C57A86FE656AC5ED027AF6EE086A83ED6A
:1040D000006A04F6583304F65434C6FE877ABDEC01
:1040E000048BC7FEE57AC0ED007A116083ED007A9B
:1040F00084ED007A70BD00BFCDCCC040CDCCCC3DAE
:104100009A99993F6F12833A000000007B146E3F2A
:10411000CDCC4C3E6666663F00F580420023B7EE8C
:10412000006A02F65831F0EE406AF0B502F65434F7
:1041300023600B6090ED027AD0ED017A77EE277A5A
:10414000F4EEC67AF1EE10FA40F3F28077EEC67A1A
:10415000B1EE477A76EE677A80ED027AC0ED017AA9
:1041600090ED037A40F65F1390ED056A4FF4166503
:10417000C169B7EE005AA7EE876A90ED043A00EBEA
:10418000810EF6EE003A9FED7E7AB0EE470AFDEE24
:10419000C65A15EE904AF8EEE55AA34236EE656A25
:1041A00028BF2346774C03620B4480ED066A01F674
:1041B0005F11A4FB037603F1010C360A05FB1633ED
:1041C00000EB8303D3ED097AA4FB0C63A4FB016429
:1041D0001B0A240A05FB13CC02F64C3305FB14140E
:1041E00000F5005100EB8C0CD3ED004A01F5B563EE
:1041F000DCED095A35EE644A75EEE75AE6EE257AAB
:10420000B0EE666AA7EE836A76EEA77A67EEA37AC7
:104210008EED096AC46101F2AC50A7EE840AA7EEE4
:10422000A47A90ED006AD3ED007A76EE277AF4EE68
:10423000C57AF1EE10FA40F38E8077EEC57AB1EED2
:10424000466A75EE677AC3ED007A80ED006A01F583
:10425000B66501F5B76040F65F1301F2BC54D5EDC9
:10426000005A02F5356690ED006A4FF4166ED1F8EB
:10427000C005B6EE004AA5EEA76AD6ED004AF7EEF5
:10428000005A75EEE45AFDEEC67A17EE905AF8EE33
:10429000E77AAB4276EE677A28BF2B46394DC4EDFC
:1042A000007AC1F8C4350344A5FB037603F1010C81
:1042B000360A0EFB163304EB830393ED036AA5FB6A
:1042C0000C631B0A0EFB13CC04EB8C0C04EB800478
:1042D00000F65F109CED035AA5FB005301F2B455A4
:1042E00035EE465A1B0AA7EE856A0EFB130002F64E
:1042F000483393ED005A02F6543302F6583276EE04
:10430000867A67EE847AA5EEA70AA4EEA77AD5EDA1
:10431000007AE6EE276A20EE050A27EE057AC4ED5C
:10432000036AC1F8C00583ED000A82ED007AF0BD92
:10433000FFEE005AF4EEE57AF1EE10FA7FF50EAFDB
:1043400077EE867AB1EE477A75EEE77A80ED027AFB
:10435000C0ED017A04E7FFEE005AF4EEE57AF1EEE3
:1043600010FA02D4C3ED007A71E777EE857AB1EEE8
:10437000466A75EEE77AC3ED007A80ED006A66E77B
:1043800000000000B5814E1B44F65433034493ED06
:10439000000A704744F65833034493ED000A70470F
:1043A00042F2A4539FED0A7ADFED0A7A034480FEBD
:1043B000070A90ED057A80FE670AD3ED057A27EEAD
:1043C000007A27EE800A80ED037A83ED030A7047B6
:1043D000000000007B146E3FF1EE007AD0ED006A21
:1043E00090ED027A00F5005320EE270A03F2A45262
:1043F000B5EEC07A03F2A453B5EE007AC0EE267A89
:10440000F1EE10FAFDEE006A48BFF1EE677AC7FEE2
:10441000A67AD2ED006AC7FEC77AC0ED027AC0EE76
:10442000267A92ED027AB5EEC07AFDEE006AB5EE1C
:10443000007AF1EE10FA48BFF1EE677AC7FEA67A6D
:10444000C7FEC77AC3ED027A704700BFDFED147A6A
:1044500042F2A4539FED136AF0EE676A9FED127A61
:104460000344E0EE066A93ED006AC7FEA67A67EEA3
:10447000877A90ED007AD0ED036A27EE877A67EEAF
:10448000867AC6FEC76AC0ED036AD3ED036A80ED83
:10449000057AC3ED057AC6FEE77AC3ED037A704765
:1044A000CDCCCC3DCDCCFC406F12833A42F2A4532C
:1044B000F7EE007A9FED057A034480FE070A80FE3E
:1044C000670A80ED040A83ED040A704700000000CB
:1044D0000B460146184600F0EBB800F004B800F0B7
:1044E00002B800F002B800F023B9012838BF01205B
:1044F00010B50446204600F013F930B900F006F874
:1045000008B900F0CDF88047F4E710BD024B1868F9
:10451000BFF35B8F704700BF4C6F012410B582B0B2
:104520008DED010A044600F0D1F89DED010A04600A
:1045300002B010BD9FED070AFFEE007AB7EE007AD9
:1045400000284FF0220047FE277A87EE800AFFF707
:10455000E5BF00BF0000000070EE407AB4EE400AF4
:1045600087EEA77AF1EE10FAB0EE470A02D62120C4
:10457000FFF7D4BF704700BF10EE103AB3F17E5F73
:104580003ED0A3F50001B1F1FE4F10EE102A3AD251
:10459000BFEE002B02F14043284903F54D03C3F35E
:1045A000C34001EB001091ED424B91ED447B91ED46
:1045B000406B91ED465BD90DC9052DED028B90ED59
:1045C000021B90ED008B521ADB1500EE103A03EE41
:1045D000902AB8EEC00BB7EEE33A30EE010BA8EE2E
:1045E000032BBDEC028B22EE023BA4EE027BA5EE78
:1045F000020BA6EE037BA3EE070BB7EEC00B7047D2
:104600009FED0F0A7047590014D0B3F1FF4F14D03B
:10461000002B0BDBB1F17F4F08D2DFED0A7A60EEA1
:10462000277A17EE903AA3F13862B1E700EE103A1C
:10463000FFF792BF0120FFF77DBF7047E8620108D6
:10464000000000000000004B08B52DED028BB0EE1D
:10465000408A00F021F80E4B93F9003001330BD063
:10466000B4EE488AF1EE10FA06D6DFED0A8AB4EE0F
:10467000E88AF1EE10FA02D4BDEC028B08BD00F01E
:1046800025F888EEA80ABDEC028B2123036008BD43
:104690008403002400000000B1EEC00A704700BF90
:1046A00008B5062000F040F9012000F0F1FC000000
:1046B00010B5054C13462CB10A4601460220AFF353
:1046C000008010BD2046FCE700000000014B186888
:1046D000704700BF8803002470B50D4D0D4C641B5E
:1046E000A4100026A64209D10B4D0C4C01F0D6FEB9
:1046F000641BA4100026A64205D170BD55F8043BEA
:1047000098470136EEE755F8043B98470136F2E743
:10471000BC640108BC640108BC640108E0640108D1
:10472000024B0146186800F06DB800BF88030024F2
:10473000024B0146186800F019B800BF8803002436
:104740000A44914200F1FF3300D1704710B511F8CF
:10475000014B03F8014F9142F9D110BD02440346C9
:10476000934200D1704703F8011BF9E737B50029E0
:1047700044D051F8043C0190002BA1F10404B8BFCF
:10478000E41800F023F91E4A0198136833B96360F6
:10479000146003B0BDE8304000F01EB9A34208D950
:1047A000256861198B4201BF19685B68491921604E
:1047B000EDE71A465B680BB1A342FAD911685518A8
:1047C000A5420BD1246821445418A3421160E0D1C2
:1047D0001C685B68536021441160DAE702D90C233E
:1047E0000360D6E7256861198B4204BF19685B68CE
:1047F000636004BF491921605460CAE703B030BD4B
:10480000506F0124F8B5CD1C25F0030508350C2D9B
:1048100038BF0C25002D064601DBA94203D90C2325
:1048200033600020F8BD00F0D1F821490A68144631
:104830009CB9204F3B6823B92146304600F03CF834
:1048400038602946304600F037F8431C23D10C234A
:104850003360304600F0C0F8E3E723685B1B17D4F1
:104860000B2B03D923601C44256004E06368A2423B
:104870000CBF0B605360304600F0AEF804F10B0043
:10488000231D20F00700C21ACCD01B1AA350C9E781
:1048900022466468CCE7C41C24F00304A042E3D0A1
:1048A000211A304600F008F80130DDD1CFE700BF13
:1048B000506F0124546F012438B5064D002304467F
:1048C00008462B6000F0D6FB431C02D12B6803B1D5
:1048D000236038BD5C6F01241F2938B504460D469E
:1048E00004D9162303604FF0FF3038BD426C12B17B
:1048F00052F821304BB9204600F030F82A460146E4
:104900002046BDE8384000F017B8012B0AD0591CEA
:1049100003D1162303600120E7E7002442F8254075
:10492000284698470020E0E7024B01461868FFF749
:10493000D3BF00BF8803002438B5074D00230446C9
:10494000084611462B6000F08DFB431C02D12B68FA
:1049500003B1236038BD00BF5C6F012400F07ABB57
:104960000CB430B5174B0C1E1D689DB008DA8B23B4
:104970002B604FF0FF301DB0BDE8304002B07047F3
:104980004FF40273ADF8143014BF04F1FF33234623
:10499000049307934FF6FF7302900690ADF816301C
:1049A000209A21AB02A92846019300F077F8431C16
:1049B000BCBF8B232B60002CDDD0029B00221A7021
:1049C000D9E700BF88030024704770470148FFF70C
:1049D000FBBF00BF586F01240148FFF7F6BF00BFBF
:1049E000586F01242DE9F0478E689E4282460C469E
:1049F00090461F4638D88A8912F4906F32D02568C5
:104A00000969A5EB0109656905EB450505EBD57558
:104A100001334B446D109D4238BF1D46530531D5BF
:104A20002946FFF7EFFE064650B90C23CAF80030BE
:104A3000A38943F04003A3814FF0FF30BDE8F08726
:104A400021694A46FFF77CFEA38923F4906343F073
:104A50008003A381266165614E44A5EB09052660AC
:104A6000A5603E46BE4200D93E46206832464146D9
:104A700000F0A8FAA3689B1BA3602368334423605B
:104A80000020DBE72A4600F0B7FA06460028E1D10D
:104A900021695046FFF76AFEC7E700002DE9F04F95
:104AA00098468B891B069DB007460D4614460ED5C9
:104AB0000B6963B94021FFF7A5FE2860286120B982
:104AC0000C233B604FF0FF30D1E040236B610023AB
:104AD000099320238DF82930CDF80C803023DFF89E
:104AE000A8818DF82A304FF0010923469A4613F821
:104AF000012B0AB1252AF9D1BAEB040B0BD05B4686
:104B0000224629463846FFF76DFF013000F0AA80A3
:104B1000099A5A4409929AF80030002B00F0A280BA
:104B200000234FF0FF32CDE905230AF1010A049377
:104B300007938DF853301A935446052214F8011B3D
:104B40005148EBF7D5FB049AD8B9D00644BF2023CF
:104B50008DF85330110744BF2B238DF853309AF84A
:104B600000302A2B15D0079A544600204FF00A0C2B
:104B7000214611F8013B303B092B4ED9B0B10792C9
:104B800014E0A0EB080309FA03F313430493A246CD
:104B9000D2E7039B191D1B680391002BBBBF5B422F
:104BA00042F0020207930793B8BF049223782E2B9A
:104BB0000CD163782A2B35D1039B1A1D1B680392F5
:104BC000002BB8BF4FF0FF3302340593DFF8C8A0C5
:104BD000217803225046EBF78BFB40B14023A0EB3A
:104BE0000A0003FA00F0049B03430134049314F811
:104BF000011B26488DF828100622EBF779FB0028C8
:104C000038D0234B1BBB039B073323F00703083328
:104C10000393099B3344099367E70CFB02320C466C
:104C20000120A5E700230134059319464FF00A0C33
:104C3000204610F8012B303A092A03D9002BC5D0A1
:104C40000591C3E70CFB012104460123F0E703AB08
:104C500000932A460F4B04A93846AFF30080421C4C
:104C60000646D6D1AB895B063FF52CAF09981DB03F
:104C7000BDE8F08F03AB00932A46064B04A93846E3
:104C800000F07AF8EBE700BF68640108726401087D
:104C900000000000E54901086E6401082DE9F047B5
:104CA000164699468A680B69DDF820809342B8BFA2
:104CB0001346336091F8432007460C460AB101338E
:104CC00033602368990642BF336802333360256836
:104CD00015F0060506D104F1190AE36832689B1A3B
:104CE000AB4226DC94F84320131E226818BF012330
:104CF00092062BD404F1430249463846C04701309E
:104D00001ED02368E568326803F00603042B08BF51
:104D1000AD1AA36822690CBF25EAE5750025934208
:104D2000C4BF9B1AED1800261A34B5421AD10020D0
:104D300008E00123524649463846C047013003D1B6
:104D40004FF0FF30BDE8F0870135C6E7E1185A1C87
:104D5000302081F84300224494F8451082F8431033
:104D60000233C7E70123224649463846C04701308F
:104D7000E6D00136D9E700002DE9FF470F7E0C9DF4
:104D8000782F914680460C469A4601F1430207D897
:104D9000622F0AD8002F00F0D880582F00F0A3808F
:104DA00004F1420584F842703AE0A7F16303152B41
:104DB000F6D801A151F823F0114E0108254E010843
:104DC000A14D0108A14D0108A14D0108A14D010807
:104DD000254E0108A14D0108A14D0108A14D010872
:104DE000A14D0108314F0108554E0108134F01082C
:104DF000A14D0108A14D0108534F0108A14D010823
:104E0000554E0108A14D0108A14D01081B4F010895
:104E10002B681A1D1B682A6004F1420584F8423091
:104E20000123A3E020682968060601F104030AD5DE
:104E30000E682B60002E03DA2D23764284F843306F
:104E40005E480A2319E00E682B6010F0400F18BF6F
:104E500036B2EFE72B682068191D2960010601D5DD
:104E60001E6802E04606FBD51E8854486F2F0CBF13
:104E700008230A23002184F843106568A560002DEB
:104E8000A2BF216821F0040121600EB9002D4DD090
:104E90001546B6FBF3F103FB1167C75D05F8017D0D
:104EA0003746BB420E46F4D9082B0BD12368DE07E8
:104EB00008D5236961689942DEBF302305F8013CBB
:104EC00005F1FF35521B2261CDF800A04B4603AA25
:104ED00021464046FFF7E2FE01304CD14FF0FF3053
:104EE00004B0BDE8F087354881F84570296823682B
:104EF00051F8046B29601D0614D5DF0744BF43F049
:104F0000200323601EB9236823F0200323601023AD
:104F1000B0E7236843F0200323607823284884F80F
:104F20004530E3E7590648BFB6B2E6E71546BBE7AA
:104F30002B6826686169181D286035061B6801D535
:104F4000196002E07006FBD5198000232361154625
:104F5000BAE72B681A1D2A601D686268002128467E
:104F6000EBF7C6F908B1401B60606368236100235A
:104F700084F84330A8E723692A4649464046D0478B
:104F80000130ABD023689B0713D4E068039B9842A1
:104F9000B8BF1846A4E70123324649464046D047E9
:104FA00001309BD00135E36803995B1AAB42F2DC18
:104FB000EBE7002504F11906F5E700BF7964010865
:104FC0008A640108884210B501EB020402D98442C8
:104FD000234607D8431EA14208D011F8012B03F83D
:104FE000012FF8E7024401468A4200D110BD13F8B0
:104FF000014D02F8014DF7E7F8B5074614460E4695
:1050000021B9BDE8F8401146FFF7FCBB22B9FFF714
:10501000ADFB25462846F8BD00F014F8A0420FD29B
:1050200021463846FFF7EEFB05460028F2D0314610
:105030002246FFF785FB31463846FFF797FBE9E745
:105040003546E7E751F8043C181F002BBCBF0B584E
:10505000C0187047024B58221A604FF0FF3070475B
:105060005C6F0124024B58221A604FF0FF307047EA
:105070005C6F0124044A05491368002B08BF0B46E6
:105080001844106018467047606F0124646F012453
:10509000FEE700BFFFFFFFFFFFFF0000FFFFFFFF76
:1050A000FFFFFFFFFFFFFFFFFFFFFFFFFFFFFFFF10
:1050B000FFFFFFFFFFFFFFFFFFFFFFFFFFFFFFFF00
:1050C000FFFFFFFFFFFFFFFFFFFFFFFFFFFFFFFFF0
:1050D000FFFFFFFFFFFFFFFFFFFF0000FFFFFFFFDE
:1050E000FFFF00000106000001070000005400401F
:1050F00000580040005C0040001C005825002600BD
:105100002700340035004700520053008E00000095
:1051100001010103070100000000004000040040FD
:1051200000080040000C00407072657373656400F5
:1051300072656C6561736564000000000104000025
:105140006DDBDBB64992B66D244992247765740015
:105150006D697800667265710000000073706565A6
:105160006400000072617465000000006465707482
:10517000680000002D2D000025732564000000004C
:1051800043000000432300004400000044230000CB
:1051900045000000460000004623000047000000D4
:1051A00047230000410000004123000042000000AE
:1051B0008051010884510108885101088C5101086F
:1051C0009051010894510108985101089C5101081F
:1051D000A0510108A4510108A8510108AC510108CF
:1051E000F1F0F03CF1F0703DF1F0F03DB5B4343E3B
:1051F000F1F0703EB5B4343EF1F0F03DF1F0703DA9
:10520000F1F0F03C452C25640A000000502C256488
:105210002C25642C25642C25640A0000532C25645D
:105220002C25732C25640A00542C25642C25642C11
:1052300025732C25642C25640A000000462C544854
:1052400045524D414C2C25640A000000462C544523
:105250004D505F53454E534F522C25640A000000B9
:10526000442C4350552C25642C25642C256C752C1E
:1052700025752C25640A00002E2E2E0042617365D0
:1052800000000000556E6B6E6F776E00000000002E
:1052900000000000253000083D300008DD2F000828
:1052A000E52F0008F12F0008FD2F00081530000839
:1052B0001930000821300008B13000085D300008C6
:1052C0001D30000843686F727573000057657400E5
:1052D00044656C61790000004C464F204672657150
:1052E000000000004C464F204465707468000000C8
:1052F000466565646261636B00000000CC52010882
:105300000100000000000000000000005300000049
:105310000000000014000000D0520108010000004D
:10532000000000000000000040000000010000003C
:1053300015000000D8520108010000000000000024
:105340000000000023000000020000001600000022
:10535000E45201080100000000000000000000000D
:10536000280000000300000017000000F0520108B0
:105370000100000000000000000000001E0000000E
:105380000400000018000000000000000000000001
:10539000413400085534000889350008BD3500083F
:1053A0002936000875360008153000081930000845
:1053B00021300008B13000085D3000087534000865
:1053C0000006101600061016060000000C00000073
:1053D000120000001800000000010000060100009B
:1053E0000C01000012010000180100000002000082
:1053F000060200000C020000120200001802000069
:10540000000300000603000000020300000000008B
:1054100001000000000000000000FA4500007A468C
:105420000000FA4600803B470080BB470010014067
:105430000044004000480040004C00400050004044
:105440000014014000780040007C0040000C00582F
:105450000000000000040000000600000010000032
:1054600000000000003000000020000000000010DC
:105470000000000000100000000000000102030412
:1054800001020304060708090002010200020102EA
:10549000010002000400080010002000400080000D
:1054A00000010002000400080010002000400080FD
:1054B000000002580004025800080258000C02586C
:1054C000001002580014025800180258001C02581C
:1054D0000020025800240258002802580000000052
:1054E00000000000000000000000000000000000BC
:1054F00000000000000000000000000000000000AC
:10550000000000000000000C000C000C000C000C5F
:10551000000C000C000C000C000C000C0000000C37
:10552000000C0000000000000000001B001B001B1E
:10553000001B001B00000000000000000000000035
:1055400000000000000000000000000000008019C2
:10555000801980198019C07FC07F80190033C07FF7
:10556000C07F003300330033003300000000000030
:105570000000001E003F807580650074003C001E26
:1055800000078005806580658075003F001E00046F
:10559000000400000000007000D840D8C0D880D9B6
:1055A00000730006000C801BC036C066C046C006F3
:1055B00080030000000000000000001E003F0033D8
:1055C00000330033001E000CC03CC0668063806165
:1055D0008063C03E801C0000000000000000000C42
:1055E000000C000C000C000C00000000000000008B
:1055F00000000000000000000000000000000000AB
:10560000800000010003000600060004000C000CEE
:10561000000C000C000C000C000400060006000347
:1056200000018000002000100018000C000C000495
:105630000006000600060006000600060004000C36
:10564000000C0018001000200000000C002D003F8E
:10565000001E0033000000000000000000000000F9
:10566000000000000000000000000000000000003A
:105670000000000C000C000C000CC0FFC0FF000C70
:10568000000C000C000C00000000000000000000F6
:10569000000000000000000000000000000000000A
:1056A00000000000000000000000000C000C0004DE
:1056B00000040008000000000000000000000000DE
:1056C000000000000000001E001E0000000000009E
:1056D00000000000000000000000000000000000CA
:1056E00000000000000000000000000000000000BA
:1056F0000000000C000C000000000000000000038F
:10570000000300030006000600060006000C000C63
:10571000000C000C00180018001800000000000029
:105720000000001E003F0033806180618061806D59
:10573000806D8061806180610033003F001E000049
:105740000000000000000006000E001E00360026CB
:105750000006000600060006000600060006000619
:1057600000060000000000000000001E003F8073E3
:1057700080618061800100030006000C0018003089
:105780000060807F807F0000000000000000001C9F
:10579000003E006300630003000E000E0003800162
:1057A000800180618073003F001E00000000000047
:1057B00000000006000E000E001E001E001600363F
:1057C00000360066807F807F00060006000600002D
:1057D000000000000000007F007F006000600060AB
:1057E000006E007F80638001800180618073003FD4
:1057F000001E0000000000000000001E003F80337B
:1058000080610060006E007F8073806180618061D4
:105810008033003F001E0000000000000000807F79
:10582000807F80010003000300060006000C000CCE
:10583000000C00080018001800180000000000000C
:105840000000001E003F8063806180610021001E17
:10585000003F8061806180618061003F001E000028
:10586000000000000000001E003F007380618061A6
:1058700080618073803F801D800180610073003FE4
:10588000001E0000000000000000000000000000FA
:105890000000000C000C00000000000000000000F0
:1058A0000000000C000C00000000000000000000E0
:1058B0000000000000000000000C000C00000000D0
:1058C000000000000000000C000C000400040008B0
:1058D000000000000000000080008003000E00387F
:1058E00000600038000E800380000000000000000F
:1058F0000000000000000000000000000000807FA9
:10590000807F00000000807F807F0000000000009A
:105910000000000000000000000000000000000087
:1059200000400070001C000780010007001C007090
:105930000040000000000000000000000000001F08
:10594000803FC071C060C000C00180030007000E2E
:10595000000C000C0000000C000C00000000000017
:105960000000001E003F803180718063806F806D79
:10597000806D806F806700600032003E001C000078
:10598000000000000000000E000E001B001B001BAA
:10599000001B80318031803F803F8031C060C0601B
:1059A000C0600000000000000000007C007E00637A
:1059B000006300630063007E007E0063806180619D
:1059C0008063007F007E0000000000000000001ED9
:1059D000003F803180610060006000600060006016
:1059E000006080618031003F001E00000000000068
:1059F0000000007C007F00638063806180618061C3
:105A000080618061806100630063007E007C000033
:105A1000000000000000807F807F00600060006068
:105A20000060007F007F0060006000600060807F99
:105A3000807F0000000000000000807F807F006009
:105A4000006000600060007F007F00600060006018
:105A50000060006000600000000000000000001E08
:105A6000003F80318061006000600060806380637F
:105A7000806180618031803F001E000000000000D6
:105A80000000806180618061806180618061807FD1
:105A9000807F8061806180618061806180610000C1
:105AA000000000000000003F003F000C000C000C54
:105AB000000C000C000C000C000C000C000C003F53
:105AC000003F000000000000000080018001800114
:105AD00080018001800180018001800180618061FE
:105AE0008073003F001E0000000000000000C06046
:105AF0008061006300660066006C0078007C0066D0
:105B00000066006380618061C060000000000000EA
:105B100000000060006000600060006000600060E5
:105B200000600060006000600060807F807F000097
:105B3000000000000000C071C071C07BC07AC06A64
:105B4000C06AC06EC064C060C060C060C060C06039
:105B5000C06000000000000000008071807180794A
:105B600080798079806D806D806D806580678067C9
:105B70008067806380630000000000000000001E5A
:105B8000003F00338061806180618061806180615D
:105B9000806180610033003F001E000000000000B3
:105BA0000000007E007F806380618061806180638F
:105BB000007F007E00600060006000600060000008
:105BC000000000000000001E003F00338061806183
:105BD0008061806180618061806580670033803F83
:105BE000401E0000000000000000007E007F806377
:105BF000806180618063007F007E006600630063D7
:105C000080618061C0600000000000000000000EA4
:105C1000001F8031803100300038001E00078003F3
:105C2000806180618031003F001E000000000000A4
:105C30000000C0FFC0FF000C000C000C000C000CAA
:105C4000000C000C000C000C000C000C000C000000
:105C500000000000000080618061806180618061DF
:105C60008061806180618061806180618073003FBC
:105C7000001E0000000000000000C060C060C060A6
:105C8000803180318031001B001B001B001B000E87
:105C9000000E000E00040000000000000000C0C064
:105CA000C0C0C0C0C0C0C0C0C0CC804C804C805EF2
:105CB000805280528073806180610000000000008B
:105CC0000000C0C0806080610033003B001E000CFB
:105CD000000C001E001F003B80718061C0C00000EE
:105CE000000000000000C0C080618061003300330C
:105CF000001E001E000C000C000C000C000C000C20
:105D0000000C0000000000000000803F803F800188
:105D1000000300030006000C000C001800180030FF
:105D20000060807F807F000000000000000F000FF7
:105D3000000C000C000C000C000C000C000C000C03
:105D4000000C000C000C000C000C000C000F000FED
:105D50000000001800180018000C000C000C000CCB
:105D60000006000600060006000300030003000012
:105D700000000000001E001E0006000600060006CF
:105D800000060006000600060006000600060006E3
:105D900000060006001E001E0000000C000C001E85
:105DA00000120033003380618061000000000000B9
:105DB00000000000000000000000000000000000E3
:105DC00000000000000000000000000000000000D3
:105DD000000000000000000000000000E0FF0000E4
:105DE000000000380018000C000000000000000057
:105DF00000000000000000000000000000000000A3
:105E00000000000000000000000000000000001F73
:105E1000803F80618001801F803F80618063807F40
:105E2000C03800000000000000000060006000605A
:105E30000060006E007F807380618061806180619E
:105E40008073007F006E0000000000000000000072
:105E5000000000000000001E003F807380610060B1
:105E6000006080618073003F001E000000000000A1
:105E700000008001800180018001801D803F8073CF
:105E800080618061806180618073803F801D00003F
:105E90000000000000000000000000000000001EE4
:105EA000003F00738061807F807F00608071003FD1
:105EB000001E0000000000000000C007C00F000C22
:105EC000000C807F807F000C000C000C000C000C8C
:105ED000000C000C000C000000000000000000009E
:105EE00000000000801D803F8073806180618061C0
:105EF00080618073803F801D80018063007F003E51
:105F000000000060006000600060006F807F8071B2
:105F1000806180618061806180618061806100005A
:105F20000000000000000006000600000000003E27
:105F3000003E0006000600060006000600060006F9
:105F4000000600000000000000060006000000003F
:105F5000003E003E000600060006000600060006A1
:105F60000006000600060046007E003C00000060BF
:105F7000006000600060806100630066006C007C6F
:105F80000076006300638061C060000000000000D4
:105F90000000003E003E0006000600060006000667
:105FA00000060006000600060006000600060000C7
:105FB000000000000000000000000000000080DD84
:105FC000C0FFC0CEC0CCC0CCC0CCC0CCC0CCC0CC3C
:105FD000C0CC000000000000000000000000000035
:105FE0000000006F807F80718061806180618061CE
:105FF00080618061806100000000000000000000FE
:10600000000000000000001E003F8073806180617E
:10601000806180618073003F001E0000000000006E
:106020000000000000000000006E007F80738061AF
:106030008061806180618073007F006E006000601D
:10604000006000600000000000000000801D803F34
:10605000807380618061806180618073803F801D7A
:10606000800180018001800100000000000000002C
:1060700000000067803F0039003000300030003001
:106080000030003000300000000000000000000080
:10609000000000000000001E803F80610060007F63
:1060A000803F80018061007F001E00000000000032
:1060B00000000000000800180018007F007F001892
:1060C00000180018001800180018801F800F00002A
:1060D00000000000000000000000000000008061DF
:1060E0008061806180618061806180618063807F88
:1060F000803D0000000000000000000000000000E3
:106100000000C060803180318031001B001B001B0B
:10611000000E000E0006000000000000000000005D
:1061200000000000000080DD80DD80DD00550055AE
:1061300000550077007700220022000000000000D8
:106140000000000000000000000080610033003308
:10615000001E000C000C001E0033003380610000A4
:10616000000000000000000000000000806180616D
:10617000803100330033001B001B001B000E000E9B
:10618000000E001C007C00700000000000000000F9
:106190000000C07FC07F800100030006000C0018D3
:1061A0000030C07FC07F0000000000008003800737
:1061B00000060006000600060006000E001C001C7B
:1061C000000E000600060006000600068007800399
:1061D000000600060006000600060006000600068F
:1061E000000600060006000600060006000600067F
:1061F000000600060038003C000C000C000C000CEF
:10620000000C000E00070007000E000C000C000C34
:10621000000C000C003C00380000000000000000F2
:106220000000000000008038807F00470000000070
:1062300000000000000000000000000001808080DD
:106240008080808004808080808080800880808042
:10625000808080801080808080808080208080800E
:106260008080808040000000000408102040000072
:106270000204081020400000080402040801010183
:10628000000000000B00FF009C0200248402002498
:106290009002002454020024C0020024A80200241A
:1062A000B402002460020024E4020024CC02002492
:1062B000D80200246C020024B06D0124986D0124E2
:1062C000A46D0124806D0124D46D0124BC6D0124D2
:1062D000C86D01248C6D012408030024F002002401
:1062E000FC02002478020024BEF3F879EC61F63F4A
:1062F0001930965BC6FEDEBF3D88AF4AED71F53FB3
:10630000A4FCD432680BDBBFB010F0F03995F43F39
:106310007BB71F0A8B41D7BF8503B8B095C9F33F40
:106320007BCF6D1AE99DD3BFA564880C190DF33F8F
:1063300031B6F2F39B1DD0BFA08E0B7B225EF23FE5
:10634000F07A3B1B1D7CC9BF3F341A4A4ABBF13F60
:106350009F3CAF93E3F9C2BFBAE58AF05823F13FFF
:106360005C8D78BFCB60B9BFA70099413F95F03FE6
:10637000CE5F47B69D6FAABF000000000000F03F4F
:106380000000000000000000AC479AFD8C60EE3F6A
:106390003DF5249FCA38B33FA06A021FB3A4EC3F67
:1063A000BA913854A976C43FE6FC6A573620EB3FD1
:1063B000D2E4C44A0B84CE3F2DAAA163D1C2E93FE7
:1063C0001C65C6F04506D43FED417803E686E83FFC
:1063D000F89F1B2C9C8ED83F624853F5DC67E73F43
:1063E000CC7BB14EA4E0DC3F4D7E0AF7B612D7BF9E
:1063F000E0326849BFCADE3FDEE3FA9F4715E7BFD8
:10640000B8C8355F4715F73F0000000000000000E6
:10641000000000000000000000000000000000007C
:10642000000000000000000000000000000000006C
:10643000000000000000000000000000000000005C
:10644000000000000000000000000000000000004C
:10645000000000000000000000000000000000003C
:106460000000000000000000232D302B2000686C8D
:106470004C00656667454647003031323334353667
:1064800037383941424344454600303132333435A0
:10649000363738396162636465660000F8B500BF5D
:1064A000F8BC08BC9E467047F8B500BFF8BC08BCF5
:0464B0009E4670474D
:0864B40084A2FE7F010000003C
:1064BC00C5020008950C0008E1880008B197000897
:1064CC00DD9D0008B9B10008A5B90008E52901084F
:0464DC00E52E0108A0
:0464E000A10200080D
:1064E4000000000001000000100000001000000087
:1064F4000000000000000000000000000000000098
:106504000000000010000000000000000000000077
:106514000000000000000000000000001000000067
:106524000000000000000000000000000000000067
:106534000000000000000000000000000000000057
:106544000000000000000000000000000100000046
:106554000000000000000000000000000000000037
:106564000000000000000000010000000000000026
:106574000000000000000000000000000000000017
:106584000000000001000000000000000000000006
:1065940000000000000000000000000000000000F7
:1065A40001000000000000000000000000000000E6
:1065B40000000000000000000000000001000000D6
:1065C40000000000000000000000000000000000C7
:1065D40000000000000000000100000000000000B6
:1065E40000000000000000000000000000000000A7
:1065F4000000000001000000000000000000000096
:106604000000000000000000000000000000000086
:106614000100000000000000000000000000000075
:106624000000000000000000000000000100000065
:106634000107080000000000000000000106080037
:1066440000000000000000000B00FF00FC0100241B
:10665400F001002414020024080200242C02002467
:1066640020020024C0010024B4010024D801002425
:10667400CC010024E05C012438020024E40100245D
:10668400BC5C0124D45C0124C85C01245C010024AA
:1066940050010024010808020B0800010800000052
:1066A400010908020A08000008000000010C0E039A
:1066B400020801050E000000020C0801060E00008D
:1066C4000000000001040B000000000000000000B6
:1066D400010707010F040000000000000106070184
:1066E4000E0400000000000000030700000000008A
:1066F400000000000002070000000000000000008D
:10670400020B07000000000000000000020A07005E
:10671400000000000000000006090700000000005F
:10672400000000000090D0030090D0030B12000082
:10673400E0540108060A05000405000000000000FA
:10674400010C05010407010905000000000406000E
:106754000000000000000000000408000000000029
:1067640000000000010405000605060905000000FC
:10677400010505000705000000000000060B0500E8
:106784000505000000000000010E050202050000DE
:1067940000000000020105010F05020305000000CE
:1067A400030305000000000000000000020B0601C6
:1067B4000406000000000000020C060105070000AA
:1067C40000000000020A06000000000000000000B3
:1067D400010408000608000000000000010508008C
:1067E4000708000000000000000508000000000089
:1067F4000000000000000000000000000000000095
:106804000000000000000000000000000100000083
:106814000000000000000000000000000000000074
:106824000000000000000000010000000000000063
:106834000000000000000000000000000000000054
:106844000000000001000000000000000000000043
:106854000000000000000000000000000000000034
:1068640001000000FF0000008C0300240000000071
:106874002864010848640108086401080000000055
:106884000000000000000000000000000000000004
:1068940000000000000000000000000000000000F4
:1068A40000000000000000000000000000000000E4
:1068B40000000000000000000000000000000000D4
:0C68C400000000000000000000000000C8
:0400000508000A11D4
:00000001FF
