ARM GAS  C:\Users\aydan\AppData\Local\Temp\ccfLkmFL.s 			page 1


   1              		.cpu cortex-m7
   2              		.eabi_attribute 28, 1
   3              		.eabi_attribute 20, 1
   4              		.eabi_attribute 21, 1
   5              		.eabi_attribute 23, 3
   6              		.eabi_attribute 24, 1
   7              		.eabi_attribute 25, 1
   8              		.eabi_attribute 26, 1
   9              		.eabi_attribute 30, 2
  10              		.eabi_attribute 34, 1
  11              		.eabi_attribute 18, 4
  12              		.file	"audio_engine.cpp"
  13              		.text
  14              	.Ltext0:
  15              		.cfi_sections	.debug_frame
  16              		.section	.text._ZN3app11AudioEngine16StringContainsCiEPKcS2_.part.0,"ax",%progbits
  17              		.align	1
  18              		.p2align 2,,3
  19              		.arch armv7e-m
  20              		.syntax unified
  21              		.thumb
  22              		.thumb_func
  23              		.fpu fpv5-d16
  25              	_ZN3app11AudioEngine16StringContainsCiEPKcS2_.part.0:
  26              	.LVL0:
  27              	.LFB5321:
  28              		.file 1 "src/audio_engine.cpp"
   1:src/audio_engine.cpp **** #include "audio_engine.h"
   2:src/audio_engine.cpp **** 
   3:src/audio_engine.cpp **** namespace app
   4:src/audio_engine.cpp **** {
   5:src/audio_engine.cpp **** AudioEngine::AudioEngine()
   6:src/audio_engine.cpp **** : mailbox_(0),
   7:src/audio_engine.cpp ****   tuner_capture_(0)
   8:src/audio_engine.cpp **** #if DIAG_FX_CHORUS
   9:src/audio_engine.cpp ****   ,
  10:src/audio_engine.cpp ****   chorus_()
  11:src/audio_engine.cpp **** #endif
  12:src/audio_engine.cpp **** #if DIAG_FX_REVERB
  13:src/audio_engine.cpp ****   ,
  14:src/audio_engine.cpp ****   reverb_()
  15:src/audio_engine.cpp **** #endif
  16:src/audio_engine.cpp **** #if DIAG_FX_CRUSHER
  17:src/audio_engine.cpp ****   ,
  18:src/audio_engine.cpp ****   crusher_()
  19:src/audio_engine.cpp **** #endif
  20:src/audio_engine.cpp **** #if DIAG_FX_GRANULAR
  21:src/audio_engine.cpp ****   ,
  22:src/audio_engine.cpp ****   granular_delay_()
  23:src/audio_engine.cpp **** #endif
  24:src/audio_engine.cpp ****   ,
  25:src/audio_engine.cpp ****   effects_
  26:src/audio_engine.cpp **** {
  27:src/audio_engine.cpp ****     0,
  28:src/audio_engine.cpp **** #if DIAG_FX_CHORUS
  29:src/audio_engine.cpp ****         &chorus_,
  30:src/audio_engine.cpp **** #else
ARM GAS  C:\Users\aydan\AppData\Local\Temp\ccfLkmFL.s 			page 2


  31:src/audio_engine.cpp ****         0,
  32:src/audio_engine.cpp **** #endif
  33:src/audio_engine.cpp **** #if DIAG_FX_REVERB
  34:src/audio_engine.cpp ****         &reverb_,
  35:src/audio_engine.cpp **** #else
  36:src/audio_engine.cpp ****         0,
  37:src/audio_engine.cpp **** #endif
  38:src/audio_engine.cpp **** #if DIAG_FX_CRUSHER
  39:src/audio_engine.cpp ****         &crusher_,
  40:src/audio_engine.cpp **** #else
  41:src/audio_engine.cpp ****         0,
  42:src/audio_engine.cpp **** #endif
  43:src/audio_engine.cpp **** #if DIAG_FX_GRANULAR
  44:src/audio_engine.cpp ****         &granular_delay_
  45:src/audio_engine.cpp **** #else
  46:src/audio_engine.cpp ****         0
  47:src/audio_engine.cpp **** #endif
  48:src/audio_engine.cpp **** }
  49:src/audio_engine.cpp **** , maps_{{-1, -1, -1}, {-1, -1, -1}, {-1, -1, -1}, {-1, -1, -1}, {-1, -1, -1}},
  50:src/audio_engine.cpp ****     current_{config::FX_TUNER, 0, (uint8_t)SystemMode::Normal, 0, {0, 0, 0}},
  51:src/audio_engine.cpp ****     applied_{0xffu,
  52:src/audio_engine.cpp ****              0xffu,
  53:src/audio_engine.cpp ****              (uint8_t)SystemMode::Normal,
  54:src/audio_engine.cpp ****              0,
  55:src/audio_engine.cpp ****              {0xffffu, 0xffffu, 0xffffu}},
  56:src/audio_engine.cpp ****     mailbox_revision_(0), active_effect_(config::FX_TUNER),
  57:src/audio_engine.cpp ****     active_bypass_(false), pending_effect_(config::FX_TUNER),
  58:src/audio_engine.cpp ****     pending_bypass_(false), transition_(TRANSITION_STEADY), wet_gain_(0.0f),
  59:src/audio_engine.cpp ****     wet_gain_step_(
  60:src/audio_engine.cpp ****         1.0f / (config::kSampleRateHz * (config::kTransitionTimeMs * 0.001f))),
  61:src/audio_engine.cpp ****     thermal_audio_state_(THERMAL_AUDIO_NORMAL), thermal_gain_(1.0f),
  62:src/audio_engine.cpp ****     thermal_gain_step_(
  63:src/audio_engine.cpp ****         1.0f / (config::kSampleRateHz * (config::kThermalAudioFadeMs * 0.001f)))
  64:src/audio_engine.cpp **** #if AUDIO_CPU_LOAD_DEBUG
  65:src/audio_engine.cpp ****         ,
  66:src/audio_engine.cpp ****     cpu_load_(), effect_peak_load_{0.0f, 0.0f, 0.0f, 0.0f, 0.0f},
  67:src/audio_engine.cpp ****     overrun_count_(0)
  68:src/audio_engine.cpp **** #endif
  69:src/audio_engine.cpp **** {
  70:src/audio_engine.cpp **** }
  71:src/audio_engine.cpp **** 
  72:src/audio_engine.cpp **** void AudioEngine::Init(float           sample_rate,
  73:src/audio_engine.cpp ****                        ControlMailbox& mailbox,
  74:src/audio_engine.cpp ****                        TunerCapture&   tuner_capture)
  75:src/audio_engine.cpp **** {
  76:src/audio_engine.cpp ****     mailbox_       = &mailbox;
  77:src/audio_engine.cpp ****     tuner_capture_ = &tuner_capture;
  78:src/audio_engine.cpp **** 
  79:src/audio_engine.cpp **** #if DIAG_FX_CHORUS
  80:src/audio_engine.cpp ****     chorus_.Init(sample_rate);
  81:src/audio_engine.cpp ****     chorus_.SetEnabled(true);
  82:src/audio_engine.cpp **** #endif
  83:src/audio_engine.cpp **** #if DIAG_FX_REVERB
  84:src/audio_engine.cpp ****     reverb_.Init(sample_rate);
  85:src/audio_engine.cpp ****     reverb_.SetEnabled(true);
  86:src/audio_engine.cpp **** #endif
  87:src/audio_engine.cpp **** #if DIAG_FX_CRUSHER
ARM GAS  C:\Users\aydan\AppData\Local\Temp\ccfLkmFL.s 			page 3


  88:src/audio_engine.cpp ****     crusher_.Init(sample_rate);
  89:src/audio_engine.cpp ****     crusher_.SetEnabled(true);
  90:src/audio_engine.cpp **** #endif
  91:src/audio_engine.cpp **** #if DIAG_FX_GRANULAR
  92:src/audio_engine.cpp ****     granular_delay_.Init(sample_rate);
  93:src/audio_engine.cpp ****     granular_delay_.SetEnabled(true);
  94:src/audio_engine.cpp **** #endif
  95:src/audio_engine.cpp **** 
  96:src/audio_engine.cpp ****     BuildParamMaps();
  97:src/audio_engine.cpp **** #if AUDIO_CPU_LOAD_DEBUG
  98:src/audio_engine.cpp ****     cpu_load_.Init(sample_rate, config::kAudioBlockSize);
  99:src/audio_engine.cpp ****     for(int i = 0; i < config::FX_COUNT; ++i)
 100:src/audio_engine.cpp ****         effect_peak_load_[i] = 0.0f;
 101:src/audio_engine.cpp ****     overrun_count_ = 0;
 102:src/audio_engine.cpp **** #endif
 103:src/audio_engine.cpp **** #if DIAG_ENGINE_USE_MAILBOX
 104:src/audio_engine.cpp ****     ApplySnapshotIfChanged();
 105:src/audio_engine.cpp **** #endif
 106:src/audio_engine.cpp **** #if DIAG_STAGE != DIAG_STAGE_PRODUCTION
 107:src/audio_engine.cpp ****     current_.effect = (uint8_t)DIAG_FORCE_EFFECT;
 108:src/audio_engine.cpp ****     current_.bypass = 0;
 109:src/audio_engine.cpp **** #endif
 110:src/audio_engine.cpp ****     active_effect_  = current_.effect;
 111:src/audio_engine.cpp ****     active_bypass_  = current_.bypass != 0;
 112:src/audio_engine.cpp ****     pending_effect_ = active_effect_;
 113:src/audio_engine.cpp ****     pending_bypass_ = active_bypass_;
 114:src/audio_engine.cpp ****     wet_gain_
 115:src/audio_engine.cpp ****         = (active_effect_ == config::FX_TUNER || active_bypass_) ? 0.0f : 1.0f;
 116:src/audio_engine.cpp ****     thermal_audio_state_ = THERMAL_AUDIO_NORMAL;
 117:src/audio_engine.cpp ****     thermal_gain_        = 1.0f;
 118:src/audio_engine.cpp ****     thermal_gain_step_
 119:src/audio_engine.cpp ****         = 1.0f / (sample_rate * (config::kThermalAudioFadeMs * 0.001f));
 120:src/audio_engine.cpp **** }
 121:src/audio_engine.cpp **** 
 122:src/audio_engine.cpp **** // The callback reads one control snapshot per block, then keeps audio work
 123:src/audio_engine.cpp **** // deterministic: capture input, process the current effect, and apply any
 124:src/audio_engine.cpp **** // pending fade state sample by sample.
 125:src/audio_engine.cpp **** void AudioEngine::Process(daisy::AudioHandle::InputBuffer  in,
 126:src/audio_engine.cpp ****                           daisy::AudioHandle::OutputBuffer out,
 127:src/audio_engine.cpp ****                           size_t                           size)
 128:src/audio_engine.cpp **** {
 129:src/audio_engine.cpp **** #if AUDIO_CPU_LOAD_DEBUG
 130:src/audio_engine.cpp ****     const uint8_t metered_effect = active_effect_;
 131:src/audio_engine.cpp ****     cpu_load_.OnBlockStart();
 132:src/audio_engine.cpp **** #endif
 133:src/audio_engine.cpp **** 
 134:src/audio_engine.cpp **** #if DIAG_ENGINE_USE_MAILBOX
 135:src/audio_engine.cpp ****     ApplySnapshotIfChanged();
 136:src/audio_engine.cpp **** #endif
 137:src/audio_engine.cpp **** 
 138:src/audio_engine.cpp **** #if DIAG_STAGE == DIAG_STAGE_AUDIOENGINE_PROCESS_DRY
 139:src/audio_engine.cpp ****     for(size_t i = 0; i < size; ++i)
 140:src/audio_engine.cpp ****     {
 141:src/audio_engine.cpp ****         const float x = in[0][i];
 142:src/audio_engine.cpp ****         out[0][i]     = x;
 143:src/audio_engine.cpp ****         out[1][i]     = x;
 144:src/audio_engine.cpp ****     }
ARM GAS  C:\Users\aydan\AppData\Local\Temp\ccfLkmFL.s 			page 4


 145:src/audio_engine.cpp **** #if AUDIO_CPU_LOAD_DEBUG
 146:src/audio_engine.cpp ****     cpu_load_.OnBlockEnd();
 147:src/audio_engine.cpp **** #endif
 148:src/audio_engine.cpp ****     return;
 149:src/audio_engine.cpp **** #endif
 150:src/audio_engine.cpp **** 
 151:src/audio_engine.cpp **** #if DIAG_ENFORCE_THERMAL_AUDIO_SHUTDOWN
 152:src/audio_engine.cpp ****     if(thermal_audio_state_ == THERMAL_AUDIO_MUTED)
 153:src/audio_engine.cpp ****     {
 154:src/audio_engine.cpp ****         for(size_t i = 0; i < size; ++i)
 155:src/audio_engine.cpp ****         {
 156:src/audio_engine.cpp ****             out[0][i] = 0.0f;
 157:src/audio_engine.cpp ****             out[1][i] = 0.0f;
 158:src/audio_engine.cpp ****         }
 159:src/audio_engine.cpp **** #if AUDIO_CPU_LOAD_DEBUG
 160:src/audio_engine.cpp ****         cpu_load_.OnBlockEnd();
 161:src/audio_engine.cpp **** #endif
 162:src/audio_engine.cpp ****         return;
 163:src/audio_engine.cpp ****     }
 164:src/audio_engine.cpp **** #endif
 165:src/audio_engine.cpp **** 
 166:src/audio_engine.cpp **** #if DIAG_ENGINE_CAPTURE_TUNER
 167:src/audio_engine.cpp ****     if(tuner_capture_ && thermal_audio_state_ == THERMAL_AUDIO_NORMAL)
 168:src/audio_engine.cpp ****         tuner_capture_->WriteBlock(in[0], size);
 169:src/audio_engine.cpp **** #endif
 170:src/audio_engine.cpp **** 
 171:src/audio_engine.cpp ****     for(size_t i = 0; i < size; ++i)
 172:src/audio_engine.cpp ****     {
 173:src/audio_engine.cpp **** #if DIAG_ENFORCE_THERMAL_AUDIO_SHUTDOWN
 174:src/audio_engine.cpp ****         if(thermal_audio_state_ == THERMAL_AUDIO_MUTED)
 175:src/audio_engine.cpp ****         {
 176:src/audio_engine.cpp ****             out[0][i] = 0.0f;
 177:src/audio_engine.cpp ****             out[1][i] = 0.0f;
 178:src/audio_engine.cpp ****             continue;
 179:src/audio_engine.cpp ****         }
 180:src/audio_engine.cpp **** #endif
 181:src/audio_engine.cpp **** 
 182:src/audio_engine.cpp ****         const float x = in[0][i];
 183:src/audio_engine.cpp **** #if DIAG_ENGINE_TRANSITIONS
 184:src/audio_engine.cpp ****         float wet_l = x;
 185:src/audio_engine.cpp ****         float wet_r = x;
 186:src/audio_engine.cpp **** #endif
 187:src/audio_engine.cpp **** #if DIAG_ENGINE_DISPATCH
 188:src/audio_engine.cpp ****         bkshepherd::BaseEffectModule* fx = effects_[active_effect_];
 189:src/audio_engine.cpp **** 
 190:src/audio_engine.cpp **** #if DIAG_ENGINE_PROCESS_FX
 191:src/audio_engine.cpp ****         if(fx && active_effect_ != config::FX_TUNER
 192:src/audio_engine.cpp ****            && !(active_bypass_ && transition_ == TRANSITION_STEADY))
 193:src/audio_engine.cpp ****             ProcessEffectSample(fx, x, wet_l, wet_r);
 194:src/audio_engine.cpp **** #else
 195:src/audio_engine.cpp ****         (void)fx;
 196:src/audio_engine.cpp **** #endif
 197:src/audio_engine.cpp **** #endif
 198:src/audio_engine.cpp **** 
 199:src/audio_engine.cpp **** #if DIAG_ENGINE_TRANSITIONS
 200:src/audio_engine.cpp **** #if DIAG_ENFORCE_THERMAL_AUDIO_SHUTDOWN
 201:src/audio_engine.cpp ****         out[0][i] = thermal_gain_ * ClampOutput(x + wet_gain_ * (wet_l - x));
ARM GAS  C:\Users\aydan\AppData\Local\Temp\ccfLkmFL.s 			page 5


 202:src/audio_engine.cpp ****         out[1][i] = thermal_gain_ * ClampOutput(x + wet_gain_ * (wet_r - x));
 203:src/audio_engine.cpp **** #else
 204:src/audio_engine.cpp ****         out[0][i] = ClampOutput(x + wet_gain_ * (wet_l - x));
 205:src/audio_engine.cpp ****         out[1][i] = ClampOutput(x + wet_gain_ * (wet_r - x));
 206:src/audio_engine.cpp **** #endif
 207:src/audio_engine.cpp **** #else
 208:src/audio_engine.cpp ****         out[0][i] = x;
 209:src/audio_engine.cpp ****         out[1][i] = x;
 210:src/audio_engine.cpp **** #endif
 211:src/audio_engine.cpp **** 
 212:src/audio_engine.cpp **** #if DIAG_ENFORCE_THERMAL_AUDIO_SHUTDOWN
 213:src/audio_engine.cpp ****         if(thermal_audio_state_ == THERMAL_AUDIO_FADING)
 214:src/audio_engine.cpp ****         {
 215:src/audio_engine.cpp ****             thermal_gain_ -= thermal_gain_step_;
 216:src/audio_engine.cpp ****             if(thermal_gain_ <= 0.0f)
 217:src/audio_engine.cpp ****             {
 218:src/audio_engine.cpp ****                 thermal_gain_        = 0.0f;
 219:src/audio_engine.cpp ****                 thermal_audio_state_ = THERMAL_AUDIO_MUTED;
 220:src/audio_engine.cpp ****             }
 221:src/audio_engine.cpp ****         }
 222:src/audio_engine.cpp ****         else
 223:src/audio_engine.cpp **** #endif
 224:src/audio_engine.cpp **** #if DIAG_ENGINE_TRANSITIONS
 225:src/audio_engine.cpp ****         {
 226:src/audio_engine.cpp ****             StepTransition();
 227:src/audio_engine.cpp ****         }
 228:src/audio_engine.cpp **** #endif
 229:src/audio_engine.cpp ****     }
 230:src/audio_engine.cpp **** 
 231:src/audio_engine.cpp **** #if AUDIO_CPU_LOAD_DEBUG
 232:src/audio_engine.cpp ****     cpu_load_.OnBlockEnd();
 233:src/audio_engine.cpp ****     const float peak = cpu_load_.GetMaxCpuLoad();
 234:src/audio_engine.cpp ****     if(metered_effect < config::FX_COUNT && peak == peak
 235:src/audio_engine.cpp ****        && peak > effect_peak_load_[metered_effect])
 236:src/audio_engine.cpp ****         effect_peak_load_[metered_effect] = peak;
 237:src/audio_engine.cpp ****     if(peak > 1.0f)
 238:src/audio_engine.cpp ****         ++overrun_count_;
 239:src/audio_engine.cpp **** #endif
 240:src/audio_engine.cpp **** }
 241:src/audio_engine.cpp **** 
 242:src/audio_engine.cpp **** // Case-insensitive substring helper used only while building parameter maps during initialization.
 243:src/audio_engine.cpp **** bool AudioEngine::StringContainsCi(const char* haystack, const char* needle)
  29              		.loc 1 243 6 view -0
  30              		.cfi_startproc
  31              		@ args = 0, pretend = 0, frame = 0
  32              		@ frame_needed = 0, uses_anonymous_args = 0
  33              	.LBB50:
 244:src/audio_engine.cpp **** {
 245:src/audio_engine.cpp ****     if(!haystack || !needle)
 246:src/audio_engine.cpp ****         return false;
 247:src/audio_engine.cpp ****     for(const char* h = haystack; *h; ++h)
  34              		.loc 1 247 35 view .LVU1
  35 0000 0378     		ldrb	r3, [r0]	@ zero_extendqisi2
  36 0002 33B3     		cbz	r3, .L8
  37              	.LBE50:
 243:src/audio_engine.cpp **** {
  38              		.loc 1 243 6 is_stmt 0 view .LVU2
ARM GAS  C:\Users\aydan\AppData\Local\Temp\ccfLkmFL.s 			page 6


  39 0004 F0B5     		push	{r4, r5, r6, r7, lr}
  40              		.cfi_def_cfa_offset 20
  41              		.cfi_offset 4, -20
  42              		.cfi_offset 5, -16
  43              		.cfi_offset 6, -12
  44              		.cfi_offset 7, -8
  45              		.cfi_offset 14, -4
  46              	.LVL1:
  47              	.L7:
  48              	.LBB57:
  49              	.LBB51:
 248:src/audio_engine.cpp ****     {
 249:src/audio_engine.cpp ****         const char* h2 = h;
 250:src/audio_engine.cpp ****         const char* n  = needle;
 251:src/audio_engine.cpp ****         while(*h2 && *n)
  50              		.loc 1 251 9 is_stmt 1 view .LVU3
  51              		.loc 1 251 19 view .LVU4
  52              		.loc 1 251 19 is_stmt 0 view .LVU5
  53 0006 8C46     		mov	ip, r1
  54 0008 8646     		mov	lr, r0
  55 000a 0AE0     		b	.L6
  56              	.LVL2:
  57              	.L18:
  58              	.LBB52:
 252:src/audio_engine.cpp ****         {
 253:src/audio_engine.cpp ****             char ch = *h2;
 254:src/audio_engine.cpp ****             char cn = *n;
 255:src/audio_engine.cpp ****             if(ch >= 'A' && ch <= 'Z')
  59              		.loc 1 255 13 view .LVU6
  60 000c 192D     		cmp	r5, #25
 256:src/audio_engine.cpp ****                 ch = (char)(ch - 'A' + 'a');
  61              		.loc 1 256 20 view .LVU7
  62 000e 98BF     		it	ls
  63 0010 FBB2     		uxtbls	r3, r7
  64              	.LVL3:
 257:src/audio_engine.cpp ****             if(cn >= 'A' && cn <= 'Z')
  65              		.loc 1 257 13 is_stmt 1 view .LVU8
  66 0012 192C     		cmp	r4, #25
 258:src/audio_engine.cpp ****                 cn = (char)(cn - 'A' + 'a');
  67              		.loc 1 258 20 is_stmt 0 view .LVU9
  68 0014 98BF     		it	ls
  69 0016 F2B2     		uxtbls	r2, r6
  70              	.LVL4:
 259:src/audio_engine.cpp ****             if(ch != cn)
  71              		.loc 1 259 13 is_stmt 1 view .LVU10
  72 0018 9342     		cmp	r3, r2
  73 001a 14D1     		bne	.L5
  74              	.LBE52:
 251:src/audio_engine.cpp ****         {
  75              		.loc 1 251 15 is_stmt 0 view .LVU11
  76 001c 1EF8013F 		ldrb	r3, [lr, #1]!	@ zero_extendqisi2
  77              	.LVL5:
 251:src/audio_engine.cpp ****         {
  78              		.loc 1 251 19 view .LVU12
  79 0020 6BB1     		cbz	r3, .L17
  80              	.LVL6:
  81              	.L6:
ARM GAS  C:\Users\aydan\AppData\Local\Temp\ccfLkmFL.s 			page 7


  82              	.LBB53:
 253:src/audio_engine.cpp ****             char cn = *n;
  83              		.loc 1 253 13 is_stmt 1 view .LVU13
 254:src/audio_engine.cpp ****             if(ch >= 'A' && ch <= 'Z')
  84              		.loc 1 254 13 view .LVU14
 256:src/audio_engine.cpp ****             if(cn >= 'A' && cn <= 'Z')
  85              		.loc 1 256 17 view .LVU15
 258:src/audio_engine.cpp ****             if(ch != cn)
  86              		.loc 1 258 17 view .LVU16
 260:src/audio_engine.cpp ****                 break;
 261:src/audio_engine.cpp ****             ++h2;
  87              		.loc 1 261 13 view .LVU17
 262:src/audio_engine.cpp ****             ++n;
  88              		.loc 1 262 13 view .LVU18
  89              	.LBE53:
 251:src/audio_engine.cpp ****         {
  90              		.loc 1 251 22 is_stmt 0 view .LVU19
  91 0022 1CF8012B 		ldrb	r2, [ip], #1	@ zero_extendqisi2
  92              	.LVL7:
  93              	.LBB54:
 255:src/audio_engine.cpp ****                 ch = (char)(ch - 'A' + 'a');
  94              		.loc 1 255 13 is_stmt 1 view .LVU20
 255:src/audio_engine.cpp ****                 ch = (char)(ch - 'A' + 'a');
  95              		.loc 1 255 13 is_stmt 0 view .LVU21
  96              	.LBE54:
 251:src/audio_engine.cpp ****         {
  97              		.loc 1 251 9 is_stmt 1 view .LVU22
 251:src/audio_engine.cpp ****         {
  98              		.loc 1 251 19 view .LVU23
  99              	.LBB55:
 255:src/audio_engine.cpp ****                 ch = (char)(ch - 'A' + 'a');
 100              		.loc 1 255 13 is_stmt 0 view .LVU24
 101 0026 A3F14105 		sub	r5, r3, #65
 256:src/audio_engine.cpp ****             if(cn >= 'A' && cn <= 'Z')
 102              		.loc 1 256 20 view .LVU25
 103 002a 03F12007 		add	r7, r3, #32
 257:src/audio_engine.cpp ****                 cn = (char)(cn - 'A' + 'a');
 104              		.loc 1 257 13 view .LVU26
 105 002e A2F14104 		sub	r4, r2, #65
 258:src/audio_engine.cpp ****             if(ch != cn)
 106              		.loc 1 258 20 view .LVU27
 107 0032 02F12006 		add	r6, r2, #32
 108              	.LBE55:
 251:src/audio_engine.cpp ****         {
 109              		.loc 1 251 19 view .LVU28
 110 0036 002A     		cmp	r2, #0
 111 0038 E8D1     		bne	.L18
 112              	.LVL8:
 113              	.L10:
 263:src/audio_engine.cpp ****         }
 264:src/audio_engine.cpp ****         if(*n == '\0')
 265:src/audio_engine.cpp ****             return true;
 114              		.loc 1 265 20 view .LVU29
 115 003a 0120     		movs	r0, #1
 116              	.LVL9:
 117              		.loc 1 265 20 view .LVU30
 118              	.LBE51:
ARM GAS  C:\Users\aydan\AppData\Local\Temp\ccfLkmFL.s 			page 8


 119              	.LBE57:
 266:src/audio_engine.cpp ****     }
 267:src/audio_engine.cpp ****     return false;
 268:src/audio_engine.cpp **** }
 120              		.loc 1 268 1 view .LVU31
 121 003c F0BD     		pop	{r4, r5, r6, r7, pc}
 122              	.LVL10:
 123              	.L17:
 124              	.LBB58:
 125              	.LBB56:
 264:src/audio_engine.cpp ****             return true;
 126              		.loc 1 264 9 is_stmt 1 view .LVU32
 127 003e 9CF80030 		ldrb	r3, [ip]	@ zero_extendqisi2
 128 0042 002B     		cmp	r3, #0
 129 0044 F9D0     		beq	.L10
 130              	.L5:
 264:src/audio_engine.cpp ****             return true;
 131              		.loc 1 264 9 is_stmt 0 view .LVU33
 132              	.LBE56:
 247:src/audio_engine.cpp ****     {
 133              		.loc 1 247 5 is_stmt 1 view .LVU34
 134              	.LVL11:
 247:src/audio_engine.cpp ****     {
 135              		.loc 1 247 35 view .LVU35
 136 0046 10F8013F 		ldrb	r3, [r0, #1]!	@ zero_extendqisi2
 137              	.LVL12:
 247:src/audio_engine.cpp ****     {
 138              		.loc 1 247 35 is_stmt 0 view .LVU36
 139 004a 002B     		cmp	r3, #0
 140 004c DBD1     		bne	.L7
 141              	.LBE58:
 267:src/audio_engine.cpp **** }
 142              		.loc 1 267 12 view .LVU37
 143 004e 1846     		mov	r0, r3
 144              	.LVL13:
 145              		.loc 1 268 1 view .LVU38
 146 0050 F0BD     		pop	{r4, r5, r6, r7, pc}
 147              	.LVL14:
 148              	.L8:
 149              		.cfi_def_cfa_offset 0
 150              		.cfi_restore 4
 151              		.cfi_restore 5
 152              		.cfi_restore 6
 153              		.cfi_restore 7
 154              		.cfi_restore 14
 267:src/audio_engine.cpp **** }
 155              		.loc 1 267 12 view .LVU39
 156 0052 1846     		mov	r0, r3
 157              	.LVL15:
 158              		.loc 1 268 1 view .LVU40
 159 0054 7047     		bx	lr
 160              		.cfi_endproc
 161              	.LFE5321:
 163 0056 00BF     		.section	.text._ZN3app11AudioEngine15ApplyParametersEhPKt.part.0,"ax",%progbits
 164              		.align	1
 165              		.p2align 2,,3
 166              		.syntax unified
ARM GAS  C:\Users\aydan\AppData\Local\Temp\ccfLkmFL.s 			page 9


 167              		.thumb
 168              		.thumb_func
 169              		.fpu fpv5-d16
 171              	_ZN3app11AudioEngine15ApplyParametersEhPKt.part.0:
 172              	.LVL16:
 173              	.LFB5325:
 269:src/audio_engine.cpp **** 
 270:src/audio_engine.cpp **** // Find a module parameter by its display name when the imported module does not expose a better ty
 271:src/audio_engine.cpp **** int AudioEngine::FindParamByKeywords(bkshepherd::BaseEffectModule* fx,
 272:src/audio_engine.cpp ****                                      const char*                   kw1,
 273:src/audio_engine.cpp ****                                      const char*                   kw2,
 274:src/audio_engine.cpp ****                                      const char*                   kw3)
 275:src/audio_engine.cpp **** {
 276:src/audio_engine.cpp ****     if(!fx)
 277:src/audio_engine.cpp ****         return -1;
 278:src/audio_engine.cpp ****     for(int i = 0; i < (int)fx->GetParameterCount(); ++i)
 279:src/audio_engine.cpp ****     {
 280:src/audio_engine.cpp ****         const char* name = fx->GetParameterName(i);
 281:src/audio_engine.cpp ****         if(StringContainsCi(name, kw1) || (kw2 && StringContainsCi(name, kw2))
 282:src/audio_engine.cpp ****            || (kw3 && StringContainsCi(name, kw3)))
 283:src/audio_engine.cpp ****             return i;
 284:src/audio_engine.cpp ****     }
 285:src/audio_engine.cpp ****     return -1;
 286:src/audio_engine.cpp **** }
 287:src/audio_engine.cpp **** 
 288:src/audio_engine.cpp **** // Fall back to the module-defined knob mapping, then to positional parameters, preserving old modu
 289:src/audio_engine.cpp **** int AudioEngine::FallbackParamForPot(bkshepherd::BaseEffectModule* fx,
 290:src/audio_engine.cpp ****                                      int                           pot_idx)
 291:src/audio_engine.cpp **** {
 292:src/audio_engine.cpp ****     if(!fx)
 293:src/audio_engine.cpp ****         return -1;
 294:src/audio_engine.cpp ****     const int pid = fx->GetMappedParameterIDForKnob(pot_idx);
 295:src/audio_engine.cpp ****     if(pid >= 0)
 296:src/audio_engine.cpp ****         return pid;
 297:src/audio_engine.cpp ****     return pot_idx < (int)fx->GetParameterCount() ? pot_idx : -1;
 298:src/audio_engine.cpp **** }
 299:src/audio_engine.cpp **** 
 300:src/audio_engine.cpp **** float AudioEngine::U16ToFloat(uint16_t value)
 301:src/audio_engine.cpp **** {
 302:src/audio_engine.cpp ****     return (float)value / 65535.0f;
 303:src/audio_engine.cpp **** }
 304:src/audio_engine.cpp **** 
 305:src/audio_engine.cpp **** // Preserve the existing simple output limiter so summed dry/wet transitions cannot exceed the expe
 306:src/audio_engine.cpp **** float AudioEngine::ClampOutput(float value)
 307:src/audio_engine.cpp **** {
 308:src/audio_engine.cpp ****     return value < -0.95f ? -0.95f : (value > 0.95f ? 0.95f : value);
 309:src/audio_engine.cpp **** }
 310:src/audio_engine.cpp **** 
 311:src/audio_engine.cpp **** // Map the three pots to the parameters that make sense for each effect.
 312:src/audio_engine.cpp **** // Granular delay uses explicit parameter IDs so the mapping stays obvious.
 313:src/audio_engine.cpp **** void AudioEngine::BuildParamMaps()
 314:src/audio_engine.cpp **** {
 315:src/audio_engine.cpp **** #if DIAG_FX_CHORUS
 316:src/audio_engine.cpp ****     maps_[config::FX_CHORUS].p0
 317:src/audio_engine.cpp ****         = FindParamByKeywords(&chorus_, "mix", "wet", 0);
 318:src/audio_engine.cpp ****     maps_[config::FX_CHORUS].p1
 319:src/audio_engine.cpp ****         = FindParamByKeywords(&chorus_, "rate", "speed", "freq");
ARM GAS  C:\Users\aydan\AppData\Local\Temp\ccfLkmFL.s 			page 10


 320:src/audio_engine.cpp ****     maps_[config::FX_CHORUS].p2 = FindParamByKeywords(&chorus_, "depth", 0, 0);
 321:src/audio_engine.cpp ****     if(maps_[config::FX_CHORUS].p0 < 0)
 322:src/audio_engine.cpp ****         maps_[config::FX_CHORUS].p0 = FallbackParamForPot(&chorus_, 0);
 323:src/audio_engine.cpp ****     if(maps_[config::FX_CHORUS].p1 < 0)
 324:src/audio_engine.cpp ****         maps_[config::FX_CHORUS].p1 = FallbackParamForPot(&chorus_, 1);
 325:src/audio_engine.cpp ****     if(maps_[config::FX_CHORUS].p2 < 0)
 326:src/audio_engine.cpp ****         maps_[config::FX_CHORUS].p2 = FallbackParamForPot(&chorus_, 2);
 327:src/audio_engine.cpp **** #endif
 328:src/audio_engine.cpp **** 
 329:src/audio_engine.cpp **** #if DIAG_FX_REVERB
 330:src/audio_engine.cpp ****     maps_[config::FX_REVERB].p0
 331:src/audio_engine.cpp ****         = FindParamByKeywords(&reverb_, "mix", "wet", 0);
 332:src/audio_engine.cpp ****     maps_[config::FX_REVERB].p1
 333:src/audio_engine.cpp ****         = FindParamByKeywords(&reverb_, "time", "decay", "feedback");
 334:src/audio_engine.cpp ****     maps_[config::FX_REVERB].p2
 335:src/audio_engine.cpp ****         = FindParamByKeywords(&reverb_, "lpfreq", "damp", "tone");
 336:src/audio_engine.cpp ****     if(maps_[config::FX_REVERB].p0 < 0)
 337:src/audio_engine.cpp ****         maps_[config::FX_REVERB].p0 = FallbackParamForPot(&reverb_, 0);
 338:src/audio_engine.cpp ****     if(maps_[config::FX_REVERB].p1 < 0)
 339:src/audio_engine.cpp ****         maps_[config::FX_REVERB].p1 = FallbackParamForPot(&reverb_, 1);
 340:src/audio_engine.cpp ****     if(maps_[config::FX_REVERB].p2 < 0)
 341:src/audio_engine.cpp ****         maps_[config::FX_REVERB].p2 = FallbackParamForPot(&reverb_, 2);
 342:src/audio_engine.cpp **** #endif
 343:src/audio_engine.cpp **** 
 344:src/audio_engine.cpp **** #if DIAG_FX_CRUSHER
 345:src/audio_engine.cpp ****     maps_[config::FX_CRUSHER].p0
 346:src/audio_engine.cpp ****         = FindParamByKeywords(&crusher_, "level", "gain", "volume");
 347:src/audio_engine.cpp ****     maps_[config::FX_CRUSHER].p1
 348:src/audio_engine.cpp ****         = FindParamByKeywords(&crusher_, "bits", "crush", "depth");
 349:src/audio_engine.cpp ****     maps_[config::FX_CRUSHER].p2
 350:src/audio_engine.cpp ****         = FindParamByKeywords(&crusher_, "cutoff", "filter", "tone");
 351:src/audio_engine.cpp ****     if(maps_[config::FX_CRUSHER].p0 < 0)
 352:src/audio_engine.cpp ****         maps_[config::FX_CRUSHER].p0 = FallbackParamForPot(&crusher_, 0);
 353:src/audio_engine.cpp ****     if(maps_[config::FX_CRUSHER].p1 < 0)
 354:src/audio_engine.cpp ****         maps_[config::FX_CRUSHER].p1 = FallbackParamForPot(&crusher_, 1);
 355:src/audio_engine.cpp ****     if(maps_[config::FX_CRUSHER].p2 < 0)
 356:src/audio_engine.cpp ****         maps_[config::FX_CRUSHER].p2 = FallbackParamForPot(&crusher_, 2);
 357:src/audio_engine.cpp **** #endif
 358:src/audio_engine.cpp **** 
 359:src/audio_engine.cpp **** #if DIAG_FX_GRANULAR
 360:src/audio_engine.cpp ****     maps_[config::FX_GRANULAR_DELAY].p0 = bkshepherd::GranularDelayModule::SIZE;
 361:src/audio_engine.cpp ****     maps_[config::FX_GRANULAR_DELAY].p1 = bkshepherd::GranularDelayModule::MIX;
 362:src/audio_engine.cpp ****     maps_[config::FX_GRANULAR_DELAY].p2
 363:src/audio_engine.cpp ****         = bkshepherd::GranularDelayModule::PITCH;
 364:src/audio_engine.cpp **** #endif
 365:src/audio_engine.cpp **** }
 366:src/audio_engine.cpp **** 
 367:src/audio_engine.cpp **** // The main loop publishes requested state into the mailbox; the audio thread
 368:src/audio_engine.cpp **** // consumes it here and only re-applies parameters when the revision changes.
 369:src/audio_engine.cpp **** void AudioEngine::ApplySnapshotIfChanged()
 370:src/audio_engine.cpp **** {
 371:src/audio_engine.cpp ****     if(!mailbox_)
 372:src/audio_engine.cpp ****         return;
 373:src/audio_engine.cpp **** 
 374:src/audio_engine.cpp ****     ControlSnapshot snapshot;
 375:src/audio_engine.cpp ****     uint32_t        revision = mailbox_revision_;
 376:src/audio_engine.cpp ****     if(!mailbox_->Read(snapshot, revision) || revision == mailbox_revision_)
ARM GAS  C:\Users\aydan\AppData\Local\Temp\ccfLkmFL.s 			page 11


 377:src/audio_engine.cpp ****         return;
 378:src/audio_engine.cpp **** 
 379:src/audio_engine.cpp ****     mailbox_revision_ = revision;
 380:src/audio_engine.cpp ****     current_          = snapshot;
 381:src/audio_engine.cpp **** #if DIAG_STAGE != DIAG_STAGE_PRODUCTION
 382:src/audio_engine.cpp ****     current_.effect = (uint8_t)DIAG_FORCE_EFFECT;
 383:src/audio_engine.cpp ****     current_.bypass = 0;
 384:src/audio_engine.cpp **** #endif
 385:src/audio_engine.cpp **** #if DIAG_ENFORCE_THERMAL_AUDIO_SHUTDOWN
 386:src/audio_engine.cpp ****     if(current_.system_mode == (uint8_t)SystemMode::ThermalShutdown)
 387:src/audio_engine.cpp ****     {
 388:src/audio_engine.cpp ****         BeginThermalShutdown();
 389:src/audio_engine.cpp ****         return;
 390:src/audio_engine.cpp ****     }
 391:src/audio_engine.cpp ****     if(thermal_audio_state_ != THERMAL_AUDIO_NORMAL)
 392:src/audio_engine.cpp ****         return;
 393:src/audio_engine.cpp **** #endif
 394:src/audio_engine.cpp ****     if(current_.effect >= config::FX_COUNT)
 395:src/audio_engine.cpp ****         current_.effect = config::FX_TUNER;
 396:src/audio_engine.cpp **** 
 397:src/audio_engine.cpp ****     const bool effect_changed = current_.effect != applied_.effect;
 398:src/audio_engine.cpp ****     const bool params_changed
 399:src/audio_engine.cpp ****         = current_.parameters[0] != applied_.parameters[0]
 400:src/audio_engine.cpp ****           || current_.parameters[1] != applied_.parameters[1]
 401:src/audio_engine.cpp ****           || current_.parameters[2] != applied_.parameters[2];
 402:src/audio_engine.cpp **** 
 403:src/audio_engine.cpp **** #if DIAG_ENGINE_PROCESS_FX
 404:src/audio_engine.cpp ****     if(params_changed || effect_changed)
 405:src/audio_engine.cpp ****         ApplyParameters(current_.effect, current_.parameters);
 406:src/audio_engine.cpp **** #else
 407:src/audio_engine.cpp ****     (void)params_changed;
 408:src/audio_engine.cpp ****     (void)effect_changed;
 409:src/audio_engine.cpp **** #endif
 410:src/audio_engine.cpp **** 
 411:src/audio_engine.cpp **** #if DIAG_ENGINE_TRANSITIONS
 412:src/audio_engine.cpp ****     if(current_.effect != pending_effect_
 413:src/audio_engine.cpp ****        || (current_.bypass != 0) != pending_bypass_)
 414:src/audio_engine.cpp ****         StartTransition(current_.effect, current_.bypass != 0);
 415:src/audio_engine.cpp **** #endif
 416:src/audio_engine.cpp **** 
 417:src/audio_engine.cpp ****     applied_ = current_;
 418:src/audio_engine.cpp **** }
 419:src/audio_engine.cpp **** 
 420:src/audio_engine.cpp **** void AudioEngine::BeginThermalShutdown()
 421:src/audio_engine.cpp **** {
 422:src/audio_engine.cpp ****     if(thermal_audio_state_ != THERMAL_AUDIO_NORMAL)
 423:src/audio_engine.cpp ****         return;
 424:src/audio_engine.cpp ****     thermal_audio_state_ = THERMAL_AUDIO_FADING;
 425:src/audio_engine.cpp ****     thermal_gain_        = 1.0f;
 426:src/audio_engine.cpp **** }
 427:src/audio_engine.cpp **** 
 428:src/audio_engine.cpp **** // Fade out the old wet signal before changing modes, so bypass and effect
 429:src/audio_engine.cpp **** // switches do not click or cut off the previous effect abruptly.
 430:src/audio_engine.cpp **** void AudioEngine::StartTransition(uint8_t requested_effect,
 431:src/audio_engine.cpp ****                                   bool    requested_bypass)
 432:src/audio_engine.cpp **** {
 433:src/audio_engine.cpp ****     pending_effect_ = requested_effect;
ARM GAS  C:\Users\aydan\AppData\Local\Temp\ccfLkmFL.s 			page 12


 434:src/audio_engine.cpp ****     pending_bypass_ = requested_bypass;
 435:src/audio_engine.cpp **** 
 436:src/audio_engine.cpp ****     const bool audible = wet_gain_ > 0.0f && active_effect_ != config::FX_TUNER
 437:src/audio_engine.cpp ****                          && !active_bypass_;
 438:src/audio_engine.cpp ****     if(audible)
 439:src/audio_engine.cpp ****         transition_ = TRANSITION_FADING_OUT;
 440:src/audio_engine.cpp ****     else
 441:src/audio_engine.cpp ****     {
 442:src/audio_engine.cpp ****         active_effect_ = pending_effect_;
 443:src/audio_engine.cpp ****         active_bypass_ = pending_bypass_;
 444:src/audio_engine.cpp ****         wet_gain_      = 0.0f;
 445:src/audio_engine.cpp ****         transition_    = (active_effect_ != config::FX_TUNER && !active_bypass_)
 446:src/audio_engine.cpp ****                           ? TRANSITION_FADING_IN
 447:src/audio_engine.cpp ****                           : TRANSITION_STEADY;
 448:src/audio_engine.cpp ****     }
 449:src/audio_engine.cpp **** }
 450:src/audio_engine.cpp **** 
 451:src/audio_engine.cpp **** // Advance the wet/dry ramp once per sample. When the ramp reaches zero or
 452:src/audio_engine.cpp **** // one, the engine either switches modes or returns to steady state.
 453:src/audio_engine.cpp **** void AudioEngine::StepTransition()
 454:src/audio_engine.cpp **** {
 455:src/audio_engine.cpp ****     if(transition_ == TRANSITION_FADING_OUT)
 456:src/audio_engine.cpp ****     {
 457:src/audio_engine.cpp ****         wet_gain_ -= wet_gain_step_;
 458:src/audio_engine.cpp ****         if(wet_gain_ <= 0.0f)
 459:src/audio_engine.cpp ****         {
 460:src/audio_engine.cpp ****             wet_gain_      = 0.0f;
 461:src/audio_engine.cpp ****             active_effect_ = pending_effect_;
 462:src/audio_engine.cpp ****             active_bypass_ = pending_bypass_;
 463:src/audio_engine.cpp ****             transition_
 464:src/audio_engine.cpp ****                 = (active_effect_ != config::FX_TUNER && !active_bypass_)
 465:src/audio_engine.cpp ****                       ? TRANSITION_FADING_IN
 466:src/audio_engine.cpp ****                       : TRANSITION_STEADY;
 467:src/audio_engine.cpp ****         }
 468:src/audio_engine.cpp ****     }
 469:src/audio_engine.cpp ****     else if(transition_ == TRANSITION_FADING_IN)
 470:src/audio_engine.cpp ****     {
 471:src/audio_engine.cpp ****         wet_gain_ += wet_gain_step_;
 472:src/audio_engine.cpp ****         if(wet_gain_ >= 1.0f)
 473:src/audio_engine.cpp ****         {
 474:src/audio_engine.cpp ****             wet_gain_   = 1.0f;
 475:src/audio_engine.cpp ****             transition_ = TRANSITION_STEADY;
 476:src/audio_engine.cpp ****         }
 477:src/audio_engine.cpp ****     }
 478:src/audio_engine.cpp **** }
 479:src/audio_engine.cpp **** 
 480:src/audio_engine.cpp **** // Process one sample through the active module and retrieve both output channels.
 481:src/audio_engine.cpp **** void AudioEngine::ProcessEffectSample(bkshepherd::BaseEffectModule* fx,
 482:src/audio_engine.cpp ****                                       float                         in,
 483:src/audio_engine.cpp ****                                       float&                        out_l,
 484:src/audio_engine.cpp ****                                       float&                        out_r)
 485:src/audio_engine.cpp **** {
 486:src/audio_engine.cpp ****     fx->ProcessMono(in);
 487:src/audio_engine.cpp ****     out_l = fx->GetAudioLeft();
 488:src/audio_engine.cpp ****     out_r = fx->GetAudioRight();
 489:src/audio_engine.cpp **** }
 490:src/audio_engine.cpp **** 
ARM GAS  C:\Users\aydan\AppData\Local\Temp\ccfLkmFL.s 			page 13


 491:src/audio_engine.cpp **** // Convert mailbox fixed-point pots back to normalized floats only inside the callback-owned engine
 492:src/audio_engine.cpp **** void AudioEngine::ApplyParameters(uint8_t effect, const uint16_t* parameters)
 174              		.loc 1 492 6 is_stmt 1 view -0
 175              		.cfi_startproc
 176              		@ args = 0, pretend = 0, frame = 0
 177              		@ frame_needed = 0, uses_anonymous_args = 0
 493:src/audio_engine.cpp **** {
 494:src/audio_engine.cpp ****     if(effect == config::FX_TUNER || effect >= config::FX_COUNT)
 495:src/audio_engine.cpp ****         return;
 496:src/audio_engine.cpp **** 
 497:src/audio_engine.cpp ****     bkshepherd::BaseEffectModule* fx = effects_[effect];
 178              		.loc 1 497 5 view .LVU42
 179              		.loc 1 497 35 is_stmt 0 view .LVU43
 180 0000 274B     		ldr	r3, .L29
 181 0002 0B44     		add	r3, r3, r1
 182 0004 00EB8303 		add	r3, r0, r3, lsl #2
 492:src/audio_engine.cpp **** {
 183              		.loc 1 492 6 view .LVU44
 184 0008 2DE9F041 		push	{r4, r5, r6, r7, r8, lr}
 185              		.cfi_def_cfa_offset 24
 186              		.cfi_offset 4, -24
 187              		.cfi_offset 5, -20
 188              		.cfi_offset 6, -16
 189              		.cfi_offset 7, -12
 190              		.cfi_offset 8, -8
 191              		.cfi_offset 14, -4
 192              		.loc 1 497 35 view .LVU45
 193 000c D3F80480 		ldr	r8, [r3, #4]
 194              	.LVL17:
 498:src/audio_engine.cpp ****     if(!fx)
 195              		.loc 1 498 5 is_stmt 1 view .LVU46
 196 0010 B8F1000F 		cmp	r8, #0
 197 0014 19D0     		beq	.L19
 499:src/audio_engine.cpp ****         return;
 500:src/audio_engine.cpp **** 
 501:src/audio_engine.cpp ****     const PotParamMap& map = maps_[effect];
 198              		.loc 1 501 5 view .LVU47
 199              	.LVL18:
 502:src/audio_engine.cpp ****     if(map.p0 >= 0)
 200              		.loc 1 502 5 view .LVU48
 201              		.loc 1 502 12 is_stmt 0 view .LVU49
 202 0016 01EB4103 		add	r3, r1, r1, lsl #1
 203 001a 1746     		mov	r7, r2
 204 001c 214A     		ldr	r2, .L29+4
 205              	.LVL19:
 206              		.loc 1 502 12 view .LVU50
 207 001e 0D46     		mov	r5, r1
 208 0020 00EB8303 		add	r3, r0, r3, lsl #2
 209 0024 0446     		mov	r4, r0
 210 0026 4E00     		lsls	r6, r1, #1
 211 0028 9958     		ldr	r1, [r3, r2]
 212              	.LVL20:
 213              		.loc 1 502 5 view .LVU51
 214 002a 0029     		cmp	r1, #0
 215 002c 2ADA     		bge	.L26
 216              	.LVL21:
 217              	.L22:
ARM GAS  C:\Users\aydan\AppData\Local\Temp\ccfLkmFL.s 			page 14


 503:src/audio_engine.cpp ****         fx->SetParameterAsMagnitude(map.p0, U16ToFloat(parameters[0]));
 504:src/audio_engine.cpp ****     if(map.p1 >= 0)
 218              		.loc 1 504 5 is_stmt 1 view .LVU52
 219              		.loc 1 504 12 is_stmt 0 view .LVU53
 220 002e 7319     		adds	r3, r6, r5
 221 0030 1D4A     		ldr	r2, .L29+8
 222 0032 04EB8303 		add	r3, r4, r3, lsl #2
 223 0036 9958     		ldr	r1, [r3, r2]
 224              		.loc 1 504 5 view .LVU54
 225 0038 0029     		cmp	r1, #0
 226 003a 16DA     		bge	.L27
 227              	.L23:
 505:src/audio_engine.cpp ****         fx->SetParameterAsMagnitude(map.p1, U16ToFloat(parameters[1]));
 506:src/audio_engine.cpp ****     if(map.p2 >= 0)
 228              		.loc 1 506 5 is_stmt 1 view .LVU55
 229              		.loc 1 506 12 is_stmt 0 view .LVU56
 230 003c 3544     		add	r5, r5, r6
 231              	.LVL22:
 232              		.loc 1 506 12 view .LVU57
 233 003e 1B4B     		ldr	r3, .L29+12
 234 0040 04EB8504 		add	r4, r4, r5, lsl #2
 235              	.LVL23:
 236              		.loc 1 506 12 view .LVU58
 237 0044 E158     		ldr	r1, [r4, r3]
 238              		.loc 1 506 5 view .LVU59
 239 0046 0029     		cmp	r1, #0
 240 0048 01DA     		bge	.L28
 241              	.LVL24:
 242              	.L19:
 507:src/audio_engine.cpp ****         fx->SetParameterAsMagnitude(map.p2, U16ToFloat(parameters[2]));
 508:src/audio_engine.cpp **** }
 243              		.loc 1 508 1 view .LVU60
 244 004a BDE8F081 		pop	{r4, r5, r6, r7, r8, pc}
 245              	.LVL25:
 246              	.L28:
 507:src/audio_engine.cpp ****         fx->SetParameterAsMagnitude(map.p2, U16ToFloat(parameters[2]));
 247              		.loc 1 507 9 is_stmt 1 view .LVU61
 248              	.LBB59:
 249              	.LBI59:
 300:src/audio_engine.cpp **** {
 250              		.loc 1 300 7 view .LVU62
 251              	.LBB60:
 302:src/audio_engine.cpp **** }
 252              		.loc 1 302 5 view .LVU63
 302:src/audio_engine.cpp **** }
 253              		.loc 1 302 12 is_stmt 0 view .LVU64
 254 004e BB88     		ldrh	r3, [r7, #4]
 255              	.LBE60:
 256              	.LBE59:
 507:src/audio_engine.cpp ****         fx->SetParameterAsMagnitude(map.p2, U16ToFloat(parameters[2]));
 257              		.loc 1 507 36 view .LVU65
 258 0050 4046     		mov	r0, r8
 259              	.LBB62:
 260              	.LBB61:
 302:src/audio_engine.cpp **** }
 261              		.loc 1 302 27 view .LVU66
 262 0052 9FED170A 		vldr.32	s0, .L29+16
ARM GAS  C:\Users\aydan\AppData\Local\Temp\ccfLkmFL.s 			page 15


 302:src/audio_engine.cpp **** }
 263              		.loc 1 302 12 view .LVU67
 264 0056 07EE903A 		vmov	s15, r3	@ int
 265 005a F8EE677A 		vcvt.f32.u32	s15, s15
 266              	.LBE61:
 267              	.LBE62:
 268              		.loc 1 508 1 view .LVU68
 269 005e BDE8F041 		pop	{r4, r5, r6, r7, r8, lr}
 270              		.cfi_remember_state
 271              		.cfi_restore 14
 272              		.cfi_restore 8
 273              		.cfi_restore 7
 274              		.cfi_restore 6
 275              		.cfi_restore 5
 276              		.cfi_restore 4
 277              		.cfi_def_cfa_offset 0
 278              	.LVL26:
 507:src/audio_engine.cpp ****         fx->SetParameterAsMagnitude(map.p2, U16ToFloat(parameters[2]));
 279              		.loc 1 507 36 view .LVU69
 280 0062 87EE800A 		vdiv.f32	s0, s15, s0
 281 0066 FFF7FEBF 		b	_ZN10bkshepherd16BaseEffectModule23SetParameterAsMagnitudeEif
 282              	.LVL27:
 283              	.L27:
 284              		.cfi_restore_state
 505:src/audio_engine.cpp ****     if(map.p2 >= 0)
 285              		.loc 1 505 9 is_stmt 1 view .LVU70
 286              	.LBB63:
 287              	.LBI63:
 300:src/audio_engine.cpp **** {
 288              		.loc 1 300 7 view .LVU71
 289              	.LBB64:
 302:src/audio_engine.cpp **** }
 290              		.loc 1 302 5 view .LVU72
 302:src/audio_engine.cpp **** }
 291              		.loc 1 302 12 is_stmt 0 view .LVU73
 292 006a 7B88     		ldrh	r3, [r7, #2]
 293              	.LBE64:
 294              	.LBE63:
 505:src/audio_engine.cpp ****     if(map.p2 >= 0)
 295              		.loc 1 505 36 view .LVU74
 296 006c 4046     		mov	r0, r8
 297              	.LBB66:
 298              	.LBB65:
 302:src/audio_engine.cpp **** }
 299              		.loc 1 302 27 view .LVU75
 300 006e 9FED100A 		vldr.32	s0, .L29+16
 302:src/audio_engine.cpp **** }
 301              		.loc 1 302 12 view .LVU76
 302 0072 07EE903A 		vmov	s15, r3	@ int
 303 0076 F8EE677A 		vcvt.f32.u32	s15, s15
 304              	.LBE65:
 305              	.LBE66:
 505:src/audio_engine.cpp ****     if(map.p2 >= 0)
 306              		.loc 1 505 36 view .LVU77
 307 007a 87EE800A 		vdiv.f32	s0, s15, s0
 308 007e FFF7FEFF 		bl	_ZN10bkshepherd16BaseEffectModule23SetParameterAsMagnitudeEif
 309              	.LVL28:
ARM GAS  C:\Users\aydan\AppData\Local\Temp\ccfLkmFL.s 			page 16


 310 0082 DBE7     		b	.L23
 311              	.LVL29:
 312              	.L26:
 503:src/audio_engine.cpp ****     if(map.p1 >= 0)
 313              		.loc 1 503 9 is_stmt 1 view .LVU78
 314              	.LBB67:
 315              	.LBI67:
 300:src/audio_engine.cpp **** {
 316              		.loc 1 300 7 view .LVU79
 317              	.LBB68:
 302:src/audio_engine.cpp **** }
 318              		.loc 1 302 5 view .LVU80
 302:src/audio_engine.cpp **** }
 319              		.loc 1 302 12 is_stmt 0 view .LVU81
 320 0084 3B88     		ldrh	r3, [r7]
 321              	.LBE68:
 322              	.LBE67:
 503:src/audio_engine.cpp ****     if(map.p1 >= 0)
 323              		.loc 1 503 36 view .LVU82
 324 0086 4046     		mov	r0, r8
 325              	.LVL30:
 326              	.LBB70:
 327              	.LBB69:
 302:src/audio_engine.cpp **** }
 328              		.loc 1 302 27 view .LVU83
 329 0088 9FED090A 		vldr.32	s0, .L29+16
 302:src/audio_engine.cpp **** }
 330              		.loc 1 302 12 view .LVU84
 331 008c 07EE903A 		vmov	s15, r3	@ int
 332 0090 F8EE677A 		vcvt.f32.u32	s15, s15
 333              	.LBE69:
 334              	.LBE70:
 503:src/audio_engine.cpp ****     if(map.p1 >= 0)
 335              		.loc 1 503 36 view .LVU85
 336 0094 87EE800A 		vdiv.f32	s0, s15, s0
 337 0098 FFF7FEFF 		bl	_ZN10bkshepherd16BaseEffectModule23SetParameterAsMagnitudeEif
 338              	.LVL31:
 339 009c C7E7     		b	.L22
 340              	.L30:
 341 009e 00BF     		.align	2
 342              	.L29:
 343 00a0 E2820100 		.word	99042
 344 00a4 A00B0600 		.word	396192
 345 00a8 A40B0600 		.word	396196
 346 00ac A80B0600 		.word	396200
 347 00b0 00FF7F47 		.word	1199570688
 348              		.cfi_endproc
 349              	.LFE5325:
 351              		.section	.text._ZN3app11AudioEngine19FindParamByKeywordsEPN10bkshepherd16BaseEffectModuleEPKcS5_S5
 352              		.align	1
 353              		.p2align 2,,3
 354              		.syntax unified
 355              		.thumb
 356              		.thumb_func
 357              		.fpu fpv5-d16
 359              	_ZN3app11AudioEngine19FindParamByKeywordsEPN10bkshepherd16BaseEffectModuleEPKcS5_S5_.part.0:
 360              	.LVL32:
ARM GAS  C:\Users\aydan\AppData\Local\Temp\ccfLkmFL.s 			page 17


 361              	.LFB5322:
 271:src/audio_engine.cpp ****                                      const char*                   kw1,
 362              		.loc 1 271 5 is_stmt 1 view -0
 363              		.cfi_startproc
 364              		@ args = 0, pretend = 0, frame = 0
 365              		@ frame_needed = 0, uses_anonymous_args = 0
 271:src/audio_engine.cpp ****                                      const char*                   kw1,
 366              		.loc 1 271 5 is_stmt 0 view .LVU87
 367 0000 2DE9F047 		push	{r4, r5, r6, r7, r8, r9, r10, lr}
 368              		.cfi_def_cfa_offset 32
 369              		.cfi_offset 4, -32
 370              		.cfi_offset 5, -28
 371              		.cfi_offset 6, -24
 372              		.cfi_offset 7, -20
 373              		.cfi_offset 8, -16
 374              		.cfi_offset 9, -12
 375              		.cfi_offset 10, -8
 376              		.cfi_offset 14, -4
 271:src/audio_engine.cpp ****                                      const char*                   kw1,
 377              		.loc 1 271 5 view .LVU88
 378 0004 0746     		mov	r7, r0
 379 0006 8846     		mov	r8, r1
 380 0008 9146     		mov	r9, r2
 381 000a 9A46     		mov	r10, r3
 382              	.LBB82:
 278:src/audio_engine.cpp ****     {
 383              		.loc 1 278 13 view .LVU89
 384 000c 0025     		movs	r5, #0
 385 000e 0DE0     		b	.L38
 386              	.LVL33:
 387              	.L40:
 388              	.LBB83:
 389              	.LBB84:
 390              	.LBB85:
 278:src/audio_engine.cpp ****     {
 391              		.loc 1 278 13 view .LVU90
 392 0010 4946     		mov	r1, r9
 393 0012 2046     		mov	r0, r4
 394 0014 FFF7FEFF 		bl	_ZN3app11AudioEngine16StringContainsCiEPKcS2_.part.0
 395              	.LVL34:
 278:src/audio_engine.cpp ****     {
 396              		.loc 1 278 13 view .LVU91
 397              	.LBE85:
 398              	.LBE84:
 281:src/audio_engine.cpp ****            || (kw3 && StringContainsCi(name, kw3)))
 399              		.loc 1 281 48 view .LVU92
 400 0018 58BB     		cbnz	r0, .L31
 401              	.LVL35:
 282:src/audio_engine.cpp ****             return i;
 402              		.loc 1 282 12 view .LVU93
 403 001a BAF1000F 		cmp	r10, #0
 404 001e 04D0     		beq	.L36
 405              	.LVL36:
 406              	.LBB87:
 407              	.LBB88:
 282:src/audio_engine.cpp ****             return i;
 408              		.loc 1 282 12 view .LVU94
ARM GAS  C:\Users\aydan\AppData\Local\Temp\ccfLkmFL.s 			page 18


 409 0020 5146     		mov	r1, r10
 410              	.LVL37:
 282:src/audio_engine.cpp ****             return i;
 411              		.loc 1 282 12 view .LVU95
 412 0022 2046     		mov	r0, r4
 413 0024 FFF7FEFF 		bl	_ZN3app11AudioEngine16StringContainsCiEPKcS2_.part.0
 414              	.LVL38:
 282:src/audio_engine.cpp ****             return i;
 415              		.loc 1 282 12 view .LVU96
 416              	.LBE88:
 417              	.LBE87:
 282:src/audio_engine.cpp ****             return i;
 418              		.loc 1 282 20 view .LVU97
 419 0028 18BB     		cbnz	r0, .L31
 420              	.L36:
 282:src/audio_engine.cpp ****             return i;
 421              		.loc 1 282 20 view .LVU98
 422              	.LBE83:
 278:src/audio_engine.cpp ****     {
 423              		.loc 1 278 5 is_stmt 1 view .LVU99
 424 002a 0135     		adds	r5, r5, #1
 425              	.LVL39:
 426              	.L38:
 278:src/audio_engine.cpp ****     {
 427              		.loc 1 278 22 view .LVU100
 278:src/audio_engine.cpp ****     {
 428              		.loc 1 278 50 is_stmt 0 view .LVU101
 429 002c 3846     		mov	r0, r7
 430 002e FFF7FEFF 		bl	_ZN10bkshepherd16BaseEffectModule17GetParameterCountEv
 431              	.LVL40:
 278:src/audio_engine.cpp ****     {
 432              		.loc 1 278 22 view .LVU102
 433 0032 A842     		cmp	r0, r5
 434 0034 26DD     		ble	.L41
 435              	.LBB94:
 280:src/audio_engine.cpp ****         if(StringContainsCi(name, kw1) || (kw2 && StringContainsCi(name, kw2))
 436              		.loc 1 280 9 is_stmt 1 view .LVU103
 280:src/audio_engine.cpp ****         if(StringContainsCi(name, kw1) || (kw2 && StringContainsCi(name, kw2))
 437              		.loc 1 280 48 is_stmt 0 view .LVU104
 438 0036 2946     		mov	r1, r5
 439 0038 3846     		mov	r0, r7
 440 003a FFF7FEFF 		bl	_ZN10bkshepherd16BaseEffectModule16GetParameterNameEi
 441              	.LVL41:
 281:src/audio_engine.cpp ****            || (kw3 && StringContainsCi(name, kw3)))
 442              		.loc 1 281 9 is_stmt 1 view .LVU105
 443              	.LBB90:
 444              	.LBI90:
 243:src/audio_engine.cpp **** {
 445              		.loc 1 243 6 view .LVU106
 446              	.LBB91:
 245:src/audio_engine.cpp ****         return false;
 447              		.loc 1 245 5 view .LVU107
 245:src/audio_engine.cpp ****         return false;
 448              		.loc 1 245 8 is_stmt 0 view .LVU108
 449 003e B0FA80F6 		clz	r6, r0
 450 0042 0446     		mov	r4, r0
 451 0044 7609     		lsrs	r6, r6, #5
ARM GAS  C:\Users\aydan\AppData\Local\Temp\ccfLkmFL.s 			page 19


 245:src/audio_engine.cpp ****         return false;
 452              		.loc 1 245 5 view .LVU109
 453 0046 B8F1000F 		cmp	r8, #0
 454 004a 15D0     		beq	.L33
 455 004c A6B9     		cbnz	r6, .L33
 456 004e 4146     		mov	r1, r8
 457 0050 FFF7FEFF 		bl	_ZN3app11AudioEngine16StringContainsCiEPKcS2_.part.0
 458              	.LVL42:
 245:src/audio_engine.cpp ****         return false;
 459              		.loc 1 245 5 view .LVU110
 460              	.LBE91:
 461              	.LBE90:
 282:src/audio_engine.cpp ****             return i;
 462              		.loc 1 282 12 view .LVU111
 463 0054 68B9     		cbnz	r0, .L31
 464              	.LVL43:
 281:src/audio_engine.cpp ****            || (kw3 && StringContainsCi(name, kw3)))
 465              		.loc 1 281 40 view .LVU112
 466 0056 B9F1000F 		cmp	r9, #0
 467 005a D9D1     		bne	.L40
 468              	.LVL44:
 469              	.L35:
 470              	.LBB92:
 471              	.LBI87:
 243:src/audio_engine.cpp **** {
 472              		.loc 1 243 6 is_stmt 1 view .LVU113
 473              	.LBB89:
 245:src/audio_engine.cpp ****         return false;
 474              		.loc 1 245 5 view .LVU114
 475 005c BAF1000F 		cmp	r10, #0
 476 0060 E3D0     		beq	.L36
 477 0062 002E     		cmp	r6, #0
 478 0064 E1D1     		bne	.L36
 245:src/audio_engine.cpp ****         return false;
 479              		.loc 1 245 5 is_stmt 0 view .LVU115
 480 0066 5146     		mov	r1, r10
 481 0068 2046     		mov	r0, r4
 482 006a FFF7FEFF 		bl	_ZN3app11AudioEngine16StringContainsCiEPKcS2_.part.0
 483              	.LVL45:
 245:src/audio_engine.cpp ****         return false;
 484              		.loc 1 245 5 view .LVU116
 485              	.LBE89:
 486              	.LBE92:
 282:src/audio_engine.cpp ****             return i;
 487              		.loc 1 282 20 view .LVU117
 488 006e 0028     		cmp	r0, #0
 489 0070 DBD0     		beq	.L36
 490              	.L31:
 282:src/audio_engine.cpp ****             return i;
 491              		.loc 1 282 20 view .LVU118
 492              	.LBE94:
 493              	.LBE82:
 286:src/audio_engine.cpp **** 
 494              		.loc 1 286 1 view .LVU119
 495 0072 2846     		mov	r0, r5
 496 0074 BDE8F087 		pop	{r4, r5, r6, r7, r8, r9, r10, pc}
 497              	.LVL46:
ARM GAS  C:\Users\aydan\AppData\Local\Temp\ccfLkmFL.s 			page 20


 498              	.L33:
 499              	.LBB96:
 500              	.LBB95:
 281:src/audio_engine.cpp ****            || (kw3 && StringContainsCi(name, kw3)))
 501              		.loc 1 281 40 view .LVU120
 502 0078 B9F1000F 		cmp	r9, #0
 503 007c EED0     		beq	.L35
 504              	.LVL47:
 505              	.LBB93:
 506              	.LBI84:
 243:src/audio_engine.cpp **** {
 507              		.loc 1 243 6 is_stmt 1 view .LVU121
 508              	.LBB86:
 245:src/audio_engine.cpp ****         return false;
 509              		.loc 1 245 5 view .LVU122
 510 007e 002C     		cmp	r4, #0
 511 0080 D3D0     		beq	.L36
 512 0082 C5E7     		b	.L40
 513              	.LVL48:
 514              	.L41:
 245:src/audio_engine.cpp ****         return false;
 515              		.loc 1 245 5 is_stmt 0 view .LVU123
 516              	.LBE86:
 517              	.LBE93:
 518              	.LBE95:
 519              	.LBE96:
 285:src/audio_engine.cpp **** }
 520              		.loc 1 285 13 view .LVU124
 521 0084 4FF0FF35 		mov	r5, #-1
 522              	.LVL49:
 286:src/audio_engine.cpp **** 
 523              		.loc 1 286 1 view .LVU125
 524 0088 2846     		mov	r0, r5
 525 008a BDE8F087 		pop	{r4, r5, r6, r7, r8, r9, r10, pc}
 286:src/audio_engine.cpp **** 
 526              		.loc 1 286 1 view .LVU126
 527              		.cfi_endproc
 528              	.LFE5322:
 530 008e 00BF     		.section	.text._ZN3app11AudioEngineC2Ev,"ax",%progbits
 531              		.align	1
 532              		.p2align 2,,3
 533              		.global	_ZN3app11AudioEngineC2Ev
 534              		.syntax unified
 535              		.thumb
 536              		.thumb_func
 537              		.fpu fpv5-d16
 539              	_ZN3app11AudioEngineC2Ev:
 540              	.LVL50:
 541              	.LFB4742:
   5:src/audio_engine.cpp **** : mailbox_(0),
 542              		.loc 1 5 1 is_stmt 1 view -0
 543              		.cfi_startproc
 544              		@ args = 0, pretend = 0, frame = 8
 545              		@ frame_needed = 0, uses_anonymous_args = 0
   5:src/audio_engine.cpp **** : mailbox_(0),
 546              		.loc 1 5 1 is_stmt 0 view .LVU128
 547 0000 2DE9F04F 		push	{r4, r5, r6, r7, r8, r9, r10, fp, lr}
ARM GAS  C:\Users\aydan\AppData\Local\Temp\ccfLkmFL.s 			page 21


 548              		.cfi_def_cfa_offset 36
 549              		.cfi_offset 4, -36
 550              		.cfi_offset 5, -32
 551              		.cfi_offset 6, -28
 552              		.cfi_offset 7, -24
 553              		.cfi_offset 8, -20
 554              		.cfi_offset 9, -16
 555              		.cfi_offset 10, -12
 556              		.cfi_offset 11, -8
 557              		.cfi_offset 14, -4
 558              	.LBB97:
  67:src/audio_engine.cpp **** #endif
 559              		.loc 1 67 21 view .LVU129
 560 0004 0025     		movs	r5, #0
 561 0006 00F10804 		add	r4, r0, #8
 562              	.LBE97:
   5:src/audio_engine.cpp **** : mailbox_(0),
 563              		.loc 1 5 1 view .LVU130
 564 000a 0646     		mov	r6, r0
 565 000c 83B0     		sub	sp, sp, #12
 566              		.cfi_def_cfa_offset 48
 567              	.LBB99:
  67:src/audio_engine.cpp **** #endif
 568              		.loc 1 67 21 view .LVU131
 569 000e C0E90055 		strd	r5, r5, [r0]
 570 0012 2046     		mov	r0, r4
 571              	.LVL51:
  67:src/audio_engine.cpp **** #endif
 572              		.loc 1 67 21 view .LVU132
 573 0014 FFF7FEFF 		bl	_ZN10bkshepherd12ReverbModuleC1Ev
 574              	.LVL52:
 575 0018 06F5C02E 		add	lr, r6, #393216
 576 001c 2F4B     		ldr	r3, .L53
 577 001e B7EE007A 		vmov.f32	s14, #1.0e+0
 578 0022 0EF60C42 		addw	r2, lr, #3084
 579 0026 CEF8944B 		str	r4, [lr, #2964]
 580 002a 9C46     		mov	ip, r3
 581 002c 03F13C07 		add	r7, r3, #60
 582 0030 0EF60843 		addw	r3, lr, #3080
 583 0034 0192     		str	r2, [sp, #4]
 584 0036 0EF53A64 		add	r4, lr, #2976
 585 003a CEF88C5B 		str	r5, [lr, #2956]
 586 003e 0093     		str	r3, [sp]
 587 0040 0EF6FC3B 		addw	fp, lr, #3068
 588 0044 CEF8905B 		str	r5, [lr, #2960]
 589 0048 0EF5406A 		add	r10, lr, #3072
 590 004c CEF8985B 		str	r5, [lr, #2968]
 591 0050 CEF89C5B 		str	r5, [lr, #2972]
 592 0054 9FED226A 		vldr.32	s12, .L53+4
 593 0058 DFED226A 		vldr.32	s13, .L53+8
 594 005c DFED227A 		vldr.32	s15, .L53+12
 595 0060 BCE80F00 		ldmia	ip!, {r0, r1, r2, r3}
 596 0064 0FC4     		stmia	r4!, {r0, r1, r2, r3}
 597 0066 BCE80F00 		ldmia	ip!, {r0, r1, r2, r3}
 598 006a 0FC4     		stmia	r4!, {r0, r1, r2, r3}
 599 006c BCE80F00 		ldmia	ip!, {r0, r1, r2, r3}
 600 0070 0FC4     		stmia	r4!, {r0, r1, r2, r3}
ARM GAS  C:\Users\aydan\AppData\Local\Temp\ccfLkmFL.s 			page 22


 601 0072 9CE80700 		ldm	ip, {r0, r1, r2}
 602 0076 84E80700 		stm	r4, {r0, r1, r2}
 603 007a 03CF     		ldmia	r7!, {r0, r1}
 604 007c 019A     		ldr	r2, [sp, #4]
 605 007e 3B88     		ldrh	r3, [r7]	@ unaligned
 606 0080 CEF8E60B 		str	r0, [lr, #3046]	@ unaligned
 607              	.LBE99:
  70:src/audio_engine.cpp **** 
 608              		.loc 1 70 1 view .LVU133
 609 0084 3046     		mov	r0, r6
 610              	.LBB100:
  67:src/audio_engine.cpp **** #endif
 611              		.loc 1 67 21 view .LVU134
 612 0086 AEF8EE3B 		strh	r3, [lr, #3054]	@ unaligned
 613 008a 009B     		ldr	r3, [sp]
 614 008c CEF8DC5B 		str	r5, [lr, #3036]
 615 0090 CEF8E05B 		str	r5, [lr, #3040]
 616 0094 AEF8E45B 		strh	r5, [lr, #3044]	@ movhi
 617 0098 CEF8F05B 		str	r5, [lr, #3056]
 618 009c CEF8F45B 		str	r5, [lr, #3060]
 619 00a0 8EF8F85B 		strb	r5, [lr, #3064]
 620 00a4 CEF8EA1B 		str	r1, [lr, #3050]	@ unaligned
 621 00a8 8BED006A 		vstr.32	s12, [fp]
 622 00ac CAED006A 		vstr.32	s13, [r10]
 623 00b0 8EF8045C 		strb	r5, [lr, #3076]
 624 00b4 83ED007A 		vstr.32	s14, [r3]
 625 00b8 C2ED007A 		vstr.32	s15, [r2]
 626              	.LVL53:
 627              	.LBB98:
 628              	.LBI98:
 629              		.file 2 "../../libDaisy/src/util/CpuLoadMeter.h"
   1:../../libDaisy/src/util/CpuLoadMeter.h **** #pragma once
   2:../../libDaisy/src/util/CpuLoadMeter.h **** 
   3:../../libDaisy/src/util/CpuLoadMeter.h **** #include "sys/system.h"
   4:../../libDaisy/src/util/CpuLoadMeter.h **** #include <cmath>
   5:../../libDaisy/src/util/CpuLoadMeter.h **** 
   6:../../libDaisy/src/util/CpuLoadMeter.h **** namespace daisy
   7:../../libDaisy/src/util/CpuLoadMeter.h **** {
   8:../../libDaisy/src/util/CpuLoadMeter.h **** /** @brief CPU load metering
   9:../../libDaisy/src/util/CpuLoadMeter.h ****  *  @author jelliesen
  10:../../libDaisy/src/util/CpuLoadMeter.h ****  *  @addtogroup utility
  11:../../libDaisy/src/util/CpuLoadMeter.h ****  * 
  12:../../libDaisy/src/util/CpuLoadMeter.h ****  *  To measure the CPU load of your audio processing, create a CpuLoadMeter
  13:../../libDaisy/src/util/CpuLoadMeter.h ****  *  and initialize it with your block size and sample rate.
  14:../../libDaisy/src/util/CpuLoadMeter.h ****  *  Then at the beginning of the audio callback, call `OnBlockStart()`, 
  15:../../libDaisy/src/util/CpuLoadMeter.h ****  *  and at the end of the audio callback, call `OnBlockEnd()`.
  16:../../libDaisy/src/util/CpuLoadMeter.h ****  *  You can then read out the minimum, maximum and average CPU load.
  17:../../libDaisy/src/util/CpuLoadMeter.h ****  */
  18:../../libDaisy/src/util/CpuLoadMeter.h **** class CpuLoadMeter
  19:../../libDaisy/src/util/CpuLoadMeter.h **** {
  20:../../libDaisy/src/util/CpuLoadMeter.h ****   public:
  21:../../libDaisy/src/util/CpuLoadMeter.h ****     CpuLoadMeter(){};
 630              		.loc 2 21 5 is_stmt 1 view .LVU135
 631              		.loc 2 21 5 is_stmt 0 view .LVU136
 632              	.LBE98:
  67:src/audio_engine.cpp **** #endif
 633              		.loc 1 67 21 view .LVU137
ARM GAS  C:\Users\aydan\AppData\Local\Temp\ccfLkmFL.s 			page 23


 634 00bc CEF82C5C 		str	r5, [lr, #3116]
 635 00c0 CEF8305C 		str	r5, [lr, #3120]
 636 00c4 CEF8345C 		str	r5, [lr, #3124]
 637 00c8 CEF8385C 		str	r5, [lr, #3128]
 638 00cc CEF83C5C 		str	r5, [lr, #3132]
 639 00d0 CEF8405C 		str	r5, [lr, #3136]
 640              	.LBE100:
  70:src/audio_engine.cpp **** 
 641              		.loc 1 70 1 view .LVU138
 642 00d4 03B0     		add	sp, sp, #12
 643              		.cfi_def_cfa_offset 36
 644              		@ sp needed
 645 00d6 BDE8F08F 		pop	{r4, r5, r6, r7, r8, r9, r10, fp, pc}
 646              	.LVL54:
 647              	.L54:
  70:src/audio_engine.cpp **** 
 648              		.loc 1 70 1 view .LVU139
 649 00da 00BF     		.align	2
 650              	.L53:
 651 00dc 00000000 		.word	.LANCHOR0
 652 00e0 00000000 		.word	0
 653 00e4 8888883B 		.word	998803592
 654 00e8 8888083B 		.word	990414984
 655              		.cfi_endproc
 656              	.LFE4742:
 658              		.global	_ZN3app11AudioEngineC1Ev
 659              		.thumb_set _ZN3app11AudioEngineC1Ev,_ZN3app11AudioEngineC2Ev
 660              		.section	.text._ZN3app11AudioEngine16StringContainsCiEPKcS2_,"ax",%progbits
 661              		.align	1
 662              		.p2align 2,,3
 663              		.global	_ZN3app11AudioEngine16StringContainsCiEPKcS2_
 664              		.syntax unified
 665              		.thumb
 666              		.thumb_func
 667              		.fpu fpv5-d16
 669              	_ZN3app11AudioEngine16StringContainsCiEPKcS2_:
 670              	.LVL55:
 671              	.LFB4746:
 244:src/audio_engine.cpp ****     if(!haystack || !needle)
 672              		.loc 1 244 1 is_stmt 1 view -0
 673              		.cfi_startproc
 674              		@ args = 0, pretend = 0, frame = 0
 675              		@ frame_needed = 0, uses_anonymous_args = 0
 676              		@ link register save eliminated.
 245:src/audio_engine.cpp ****         return false;
 677              		.loc 1 245 5 view .LVU141
 678 0000 10B1     		cbz	r0, .L56
 679 0002 09B1     		cbz	r1, .L56
 680 0004 FFF7FEBF 		b	_ZN3app11AudioEngine16StringContainsCiEPKcS2_.part.0
 681              	.LVL56:
 682              	.L56:
 268:src/audio_engine.cpp **** 
 683              		.loc 1 268 1 is_stmt 0 view .LVU142
 684 0008 0020     		movs	r0, #0
 685              	.LVL57:
 268:src/audio_engine.cpp **** 
 686              		.loc 1 268 1 view .LVU143
ARM GAS  C:\Users\aydan\AppData\Local\Temp\ccfLkmFL.s 			page 24


 687 000a 7047     		bx	lr
 688              		.cfi_endproc
 689              	.LFE4746:
 691              		.section	.text._ZN3app11AudioEngine19FindParamByKeywordsEPN10bkshepherd16BaseEffectModuleEPKcS5_S5
 692              		.align	1
 693              		.p2align 2,,3
 694              		.global	_ZN3app11AudioEngine19FindParamByKeywordsEPN10bkshepherd16BaseEffectModuleEPKcS5_S5_
 695              		.syntax unified
 696              		.thumb
 697              		.thumb_func
 698              		.fpu fpv5-d16
 700              	_ZN3app11AudioEngine19FindParamByKeywordsEPN10bkshepherd16BaseEffectModuleEPKcS5_S5_:
 701              	.LVL58:
 702              	.LFB4747:
 275:src/audio_engine.cpp ****     if(!fx)
 703              		.loc 1 275 1 is_stmt 1 view -0
 704              		.cfi_startproc
 705              		@ args = 0, pretend = 0, frame = 0
 706              		@ frame_needed = 0, uses_anonymous_args = 0
 707              		@ link register save eliminated.
 276:src/audio_engine.cpp ****         return -1;
 708              		.loc 1 276 5 view .LVU145
 709 0000 08B1     		cbz	r0, .L58
 710 0002 FFF7FEBF 		b	_ZN3app11AudioEngine19FindParamByKeywordsEPN10bkshepherd16BaseEffectModuleEPKcS5_S5_.part.0
 711              	.LVL59:
 712              	.L58:
 286:src/audio_engine.cpp **** 
 713              		.loc 1 286 1 is_stmt 0 view .LVU146
 714 0006 4FF0FF30 		mov	r0, #-1
 715              	.LVL60:
 286:src/audio_engine.cpp **** 
 716              		.loc 1 286 1 view .LVU147
 717 000a 7047     		bx	lr
 718              		.cfi_endproc
 719              	.LFE4747:
 721              		.section	.text._ZN3app11AudioEngine19FallbackParamForPotEPN10bkshepherd16BaseEffectModuleEi,"ax",%
 722              		.align	1
 723              		.p2align 2,,3
 724              		.global	_ZN3app11AudioEngine19FallbackParamForPotEPN10bkshepherd16BaseEffectModuleEi
 725              		.syntax unified
 726              		.thumb
 727              		.thumb_func
 728              		.fpu fpv5-d16
 730              	_ZN3app11AudioEngine19FallbackParamForPotEPN10bkshepherd16BaseEffectModuleEi:
 731              	.LVL61:
 732              	.LFB4748:
 291:src/audio_engine.cpp ****     if(!fx)
 733              		.loc 1 291 1 is_stmt 1 view -0
 734              		.cfi_startproc
 735              		@ args = 0, pretend = 0, frame = 0
 736              		@ frame_needed = 0, uses_anonymous_args = 0
 292:src/audio_engine.cpp ****         return -1;
 737              		.loc 1 292 5 view .LVU149
 738 0000 88B1     		cbz	r0, .L66
 294:src/audio_engine.cpp ****     if(pid >= 0)
 739              		.loc 1 294 5 view .LVU150
 291:src/audio_engine.cpp ****     if(!fx)
ARM GAS  C:\Users\aydan\AppData\Local\Temp\ccfLkmFL.s 			page 25


 740              		.loc 1 291 1 is_stmt 0 view .LVU151
 741 0002 38B5     		push	{r3, r4, r5, lr}
 742              		.cfi_def_cfa_offset 16
 743              		.cfi_offset 3, -16
 744              		.cfi_offset 4, -12
 745              		.cfi_offset 5, -8
 746              		.cfi_offset 14, -4
 747 0004 0446     		mov	r4, r0
 748 0006 0D46     		mov	r5, r1
 294:src/audio_engine.cpp ****     if(pid >= 0)
 749              		.loc 1 294 52 view .LVU152
 750 0008 FFF7FEFF 		bl	_ZN10bkshepherd16BaseEffectModule27GetMappedParameterIDForKnobEi
 751              	.LVL62:
 295:src/audio_engine.cpp ****         return pid;
 752              		.loc 1 295 5 is_stmt 1 view .LVU153
 753 000c 0028     		cmp	r0, #0
 295:src/audio_engine.cpp ****         return pid;
 754              		.loc 1 295 5 is_stmt 0 view .LVU154
 755 000e 00DB     		blt	.L67
 298:src/audio_engine.cpp **** 
 756              		.loc 1 298 1 view .LVU155
 757 0010 38BD     		pop	{r3, r4, r5, pc}
 758              	.LVL63:
 759              	.L67:
 760              	.LBB103:
 761              	.LBI103:
 289:src/audio_engine.cpp ****                                      int                           pot_idx)
 762              		.loc 1 289 5 is_stmt 1 view .LVU156
 763              	.LBB104:
 297:src/audio_engine.cpp **** }
 764              		.loc 1 297 5 view .LVU157
 297:src/audio_engine.cpp **** }
 765              		.loc 1 297 48 is_stmt 0 view .LVU158
 766 0012 2046     		mov	r0, r4
 767              	.LVL64:
 297:src/audio_engine.cpp **** }
 768              		.loc 1 297 48 view .LVU159
 769 0014 FFF7FEFF 		bl	_ZN10bkshepherd16BaseEffectModule17GetParameterCountEv
 770              	.LVL65:
 297:src/audio_engine.cpp **** }
 771              		.loc 1 297 51 view .LVU160
 772 0018 8542     		cmp	r5, r0
 773 001a 01DA     		bge	.L62
 774 001c 2846     		mov	r0, r5
 775              	.LVL66:
 297:src/audio_engine.cpp **** }
 776              		.loc 1 297 51 view .LVU161
 777              	.LBE104:
 778              	.LBE103:
 298:src/audio_engine.cpp **** 
 779              		.loc 1 298 1 view .LVU162
 780 001e 38BD     		pop	{r3, r4, r5, pc}
 781              	.LVL67:
 782              	.L62:
 293:src/audio_engine.cpp ****     const int pid = fx->GetMappedParameterIDForKnob(pot_idx);
 783              		.loc 1 293 17 view .LVU163
 784 0020 4FF0FF30 		mov	r0, #-1
ARM GAS  C:\Users\aydan\AppData\Local\Temp\ccfLkmFL.s 			page 26


 298:src/audio_engine.cpp **** 
 785              		.loc 1 298 1 view .LVU164
 786 0024 38BD     		pop	{r3, r4, r5, pc}
 787              	.LVL68:
 788              	.L66:
 789              		.cfi_def_cfa_offset 0
 790              		.cfi_restore 3
 791              		.cfi_restore 4
 792              		.cfi_restore 5
 793              		.cfi_restore 14
 293:src/audio_engine.cpp ****     const int pid = fx->GetMappedParameterIDForKnob(pot_idx);
 794              		.loc 1 293 17 view .LVU165
 795 0026 4FF0FF30 		mov	r0, #-1
 796              	.LVL69:
 298:src/audio_engine.cpp **** 
 797              		.loc 1 298 1 view .LVU166
 798 002a 7047     		bx	lr
 799              		.cfi_endproc
 800              	.LFE4748:
 802              		.section	.text._ZN3app11AudioEngine10U16ToFloatEt,"ax",%progbits
 803              		.align	1
 804              		.p2align 2,,3
 805              		.global	_ZN3app11AudioEngine10U16ToFloatEt
 806              		.syntax unified
 807              		.thumb
 808              		.thumb_func
 809              		.fpu fpv5-d16
 811              	_ZN3app11AudioEngine10U16ToFloatEt:
 812              	.LVL70:
 813              	.LFB4749:
 301:src/audio_engine.cpp ****     return (float)value / 65535.0f;
 814              		.loc 1 301 1 is_stmt 1 view -0
 815              		.cfi_startproc
 816              		@ args = 0, pretend = 0, frame = 0
 817              		@ frame_needed = 0, uses_anonymous_args = 0
 818              		@ link register save eliminated.
 302:src/audio_engine.cpp **** }
 819              		.loc 1 302 5 view .LVU168
 302:src/audio_engine.cpp **** }
 820              		.loc 1 302 12 is_stmt 0 view .LVU169
 821 0000 07EE900A 		vmov	s15, r0	@ int
 302:src/audio_engine.cpp **** }
 822              		.loc 1 302 27 view .LVU170
 823 0004 9FED030A 		vldr.32	s0, .L69
 302:src/audio_engine.cpp **** }
 824              		.loc 1 302 12 view .LVU171
 825 0008 F8EE677A 		vcvt.f32.u32	s15, s15
 303:src/audio_engine.cpp **** 
 826              		.loc 1 303 1 view .LVU172
 827 000c 87EE800A 		vdiv.f32	s0, s15, s0
 828 0010 7047     		bx	lr
 829              	.L70:
 830 0012 00BF     		.align	2
 831              	.L69:
 832 0014 00FF7F47 		.word	1199570688
 833              		.cfi_endproc
 834              	.LFE4749:
ARM GAS  C:\Users\aydan\AppData\Local\Temp\ccfLkmFL.s 			page 27


 836              		.section	.text._ZN3app11AudioEngine11ClampOutputEf,"ax",%progbits
 837              		.align	1
 838              		.p2align 2,,3
 839              		.global	_ZN3app11AudioEngine11ClampOutputEf
 840              		.syntax unified
 841              		.thumb
 842              		.thumb_func
 843              		.fpu fpv5-d16
 845              	_ZN3app11AudioEngine11ClampOutputEf:
 846              	.LVL71:
 847              	.LFB4750:
 307:src/audio_engine.cpp ****     return value < -0.95f ? -0.95f : (value > 0.95f ? 0.95f : value);
 848              		.loc 1 307 1 is_stmt 1 view -0
 849              		.cfi_startproc
 850              		@ args = 0, pretend = 0, frame = 0
 851              		@ frame_needed = 0, uses_anonymous_args = 0
 852              		@ link register save eliminated.
 308:src/audio_engine.cpp **** }
 853              		.loc 1 308 5 view .LVU174
 308:src/audio_engine.cpp **** }
 854              		.loc 1 308 27 is_stmt 0 view .LVU175
 855 0000 DFED097A 		vldr.32	s15, .L75
 856 0004 B4EEE70A 		vcmpe.f32	s0, s15
 857 0008 F1EE10FA 		vmrs	APSR_nzcv, FPSCR
 858 000c 08D4     		bmi	.L73
 308:src/audio_engine.cpp **** }
 859              		.loc 1 308 53 discriminator 2 view .LVU176
 860 000e 9FED077A 		vldr.32	s14, .L75+4
 861 0012 B4EEC70A 		vcmpe.f32	s0, s14
 862 0016 F1EE10FA 		vmrs	APSR_nzcv, FPSCR
 863 001a 37FE000A 		vselgt.f32	s0, s14, s0
 864              	.LVL72:
 308:src/audio_engine.cpp **** }
 865              		.loc 1 308 53 discriminator 2 view .LVU177
 866 001e 7047     		bx	lr
 867              	.LVL73:
 868              	.L73:
 308:src/audio_engine.cpp **** }
 869              		.loc 1 308 27 view .LVU178
 870 0020 B0EE670A 		vmov.f32	s0, s15
 871              	.LVL74:
 309:src/audio_engine.cpp **** 
 872              		.loc 1 309 1 view .LVU179
 873 0024 7047     		bx	lr
 874              	.L76:
 875 0026 00BF     		.align	2
 876              	.L75:
 877 0028 333373BF 		.word	-1082969293
 878 002c 3333733F 		.word	1064514355
 879              		.cfi_endproc
 880              	.LFE4750:
 882              		.section	.rodata._ZN3app11AudioEngine14BuildParamMapsEv.str1.4,"aMS",%progbits,1
 883              		.align	2
 884              	.LC2:
 885 0000 77657400 		.ascii	"wet\000"
 886              		.align	2
 887              	.LC3:
ARM GAS  C:\Users\aydan\AppData\Local\Temp\ccfLkmFL.s 			page 28


 888 0004 6D697800 		.ascii	"mix\000"
 889              		.align	2
 890              	.LC4:
 891 0008 66656564 		.ascii	"feedback\000"
 891      6261636B 
 891      00
 892 0011 000000   		.align	2
 893              	.LC5:
 894 0014 64656361 		.ascii	"decay\000"
 894      7900
 895 001a 0000     		.align	2
 896              	.LC6:
 897 001c 74696D65 		.ascii	"time\000"
 897      00
 898 0021 000000   		.align	2
 899              	.LC7:
 900 0024 746F6E65 		.ascii	"tone\000"
 900      00
 901 0029 000000   		.align	2
 902              	.LC8:
 903 002c 64616D70 		.ascii	"damp\000"
 903      00
 904 0031 000000   		.align	2
 905              	.LC9:
 906 0034 6C706672 		.ascii	"lpfreq\000"
 906      657100
 907              		.section	.text._ZN3app11AudioEngine14BuildParamMapsEv,"ax",%progbits
 908              		.align	1
 909              		.p2align 2,,3
 910              		.global	_ZN3app11AudioEngine14BuildParamMapsEv
 911              		.syntax unified
 912              		.thumb
 913              		.thumb_func
 914              		.fpu fpv5-d16
 916              	_ZN3app11AudioEngine14BuildParamMapsEv:
 917              	.LVL75:
 918              	.LFB4751:
 314:src/audio_engine.cpp **** #if DIAG_FX_CHORUS
 919              		.loc 1 314 1 is_stmt 1 view -0
 920              		.cfi_startproc
 921              		@ args = 0, pretend = 0, frame = 0
 922              		@ frame_needed = 0, uses_anonymous_args = 0
 330:src/audio_engine.cpp ****         = FindParamByKeywords(&reverb_, "mix", "wet", 0);
 923              		.loc 1 330 5 view .LVU181
 314:src/audio_engine.cpp **** #if DIAG_FX_CHORUS
 924              		.loc 1 314 1 is_stmt 0 view .LVU182
 925 0000 38B5     		push	{r3, r4, r5, lr}
 926              		.cfi_def_cfa_offset 16
 927              		.cfi_offset 3, -16
 928              		.cfi_offset 4, -12
 929              		.cfi_offset 5, -8
 930              		.cfi_offset 14, -4
 331:src/audio_engine.cpp ****     maps_[config::FX_REVERB].p1
 931              		.loc 1 331 30 view .LVU183
 932 0002 00F10805 		add	r5, r0, #8
 933              	.LVL76:
 934              	.LBB123:
ARM GAS  C:\Users\aydan\AppData\Local\Temp\ccfLkmFL.s 			page 29


 935              	.LBI123:
 271:src/audio_engine.cpp ****                                      const char*                   kw1,
 936              		.loc 1 271 5 is_stmt 1 view .LVU184
 937              	.LBB124:
 276:src/audio_engine.cpp ****         return -1;
 938              		.loc 1 276 5 view .LVU185
 939              	.LBE124:
 940              	.LBE123:
 331:src/audio_engine.cpp ****     maps_[config::FX_REVERB].p1
 941              		.loc 1 331 9 is_stmt 0 view .LVU186
 942 0006 00F5C024 		add	r4, r0, #393216
 943              	.LBB126:
 944              	.LBB125:
 945 000a 0023     		movs	r3, #0
 946 000c 2F4A     		ldr	r2, .L96
 947 000e 3049     		ldr	r1, .L96+4
 948 0010 2846     		mov	r0, r5
 949              	.LVL77:
 331:src/audio_engine.cpp ****     maps_[config::FX_REVERB].p1
 950              		.loc 1 331 9 view .LVU187
 951 0012 FFF7FEFF 		bl	_ZN3app11AudioEngine19FindParamByKeywordsEPN10bkshepherd16BaseEffectModuleEPKcS5_S5_.part.0
 952              	.LVL78:
 331:src/audio_engine.cpp ****     maps_[config::FX_REVERB].p1
 953              		.loc 1 331 9 view .LVU188
 954              	.LBE125:
 955              	.LBE126:
 956              	.LBB127:
 957              	.LBB128:
 958 0016 2F4B     		ldr	r3, .L96+8
 959 0018 2F4A     		ldr	r2, .L96+12
 960 001a 3049     		ldr	r1, .L96+16
 961              	.LBE128:
 962              	.LBE127:
 963 001c C4F8B80B 		str	r0, [r4, #3000]
 332:src/audio_engine.cpp ****         = FindParamByKeywords(&reverb_, "time", "decay", "feedback");
 964              		.loc 1 332 5 is_stmt 1 view .LVU189
 965              	.LVL79:
 966              	.LBB130:
 967              	.LBI127:
 271:src/audio_engine.cpp ****                                      const char*                   kw1,
 968              		.loc 1 271 5 view .LVU190
 969              	.LBB129:
 276:src/audio_engine.cpp ****         return -1;
 970              		.loc 1 276 5 view .LVU191
 971 0020 2846     		mov	r0, r5
 972 0022 FFF7FEFF 		bl	_ZN3app11AudioEngine19FindParamByKeywordsEPN10bkshepherd16BaseEffectModuleEPKcS5_S5_.part.0
 973              	.LVL80:
 276:src/audio_engine.cpp ****         return -1;
 974              		.loc 1 276 5 is_stmt 0 view .LVU192
 975              	.LBE129:
 976              	.LBE130:
 977              	.LBB131:
 978              	.LBB132:
 979 0026 2E4B     		ldr	r3, .L96+20
 980              	.LBE132:
 981              	.LBE131:
 333:src/audio_engine.cpp ****     maps_[config::FX_REVERB].p2
ARM GAS  C:\Users\aydan\AppData\Local\Temp\ccfLkmFL.s 			page 30


 982              		.loc 1 333 9 view .LVU193
 983 0028 C4F8BC0B 		str	r0, [r4, #3004]
 334:src/audio_engine.cpp ****         = FindParamByKeywords(&reverb_, "lpfreq", "damp", "tone");
 984              		.loc 1 334 5 is_stmt 1 view .LVU194
 985              	.LVL81:
 986              	.LBB134:
 987              	.LBI131:
 271:src/audio_engine.cpp ****                                      const char*                   kw1,
 988              		.loc 1 271 5 view .LVU195
 989              	.LBB133:
 276:src/audio_engine.cpp ****         return -1;
 990              		.loc 1 276 5 view .LVU196
 991 002c 2846     		mov	r0, r5
 992 002e 2D4A     		ldr	r2, .L96+24
 993 0030 2D49     		ldr	r1, .L96+28
 994 0032 FFF7FEFF 		bl	_ZN3app11AudioEngine19FindParamByKeywordsEPN10bkshepherd16BaseEffectModuleEPKcS5_S5_.part.0
 995              	.LVL82:
 276:src/audio_engine.cpp ****         return -1;
 996              		.loc 1 276 5 is_stmt 0 view .LVU197
 997              	.LBE133:
 998              	.LBE134:
 336:src/audio_engine.cpp ****         maps_[config::FX_REVERB].p0 = FallbackParamForPot(&reverb_, 0);
 999              		.loc 1 336 5 view .LVU198
 1000 0036 D4F8B83B 		ldr	r3, [r4, #3000]
 335:src/audio_engine.cpp ****     if(maps_[config::FX_REVERB].p0 < 0)
 1001              		.loc 1 335 9 view .LVU199
 1002 003a C4F8C00B 		str	r0, [r4, #3008]
 336:src/audio_engine.cpp ****         maps_[config::FX_REVERB].p0 = FallbackParamForPot(&reverb_, 0);
 1003              		.loc 1 336 5 is_stmt 1 view .LVU200
 1004 003e 002B     		cmp	r3, #0
 1005 0040 1ADB     		blt	.L89
 1006              	.L78:
 338:src/audio_engine.cpp ****         maps_[config::FX_REVERB].p1 = FallbackParamForPot(&reverb_, 1);
 1007              		.loc 1 338 5 view .LVU201
 1008 0042 D4F8BC3B 		ldr	r3, [r4, #3004]
 1009 0046 002B     		cmp	r3, #0
 1010 0048 0DDB     		blt	.L90
 1011              	.L81:
 340:src/audio_engine.cpp ****         maps_[config::FX_REVERB].p2 = FallbackParamForPot(&reverb_, 2);
 1012              		.loc 1 340 5 view .LVU202
 1013 004a D4F8C03B 		ldr	r3, [r4, #3008]
 1014 004e 002B     		cmp	r3, #0
 1015 0050 00DB     		blt	.L91
 365:src/audio_engine.cpp **** 
 1016              		.loc 1 365 1 is_stmt 0 view .LVU203
 1017 0052 38BD     		pop	{r3, r4, r5, pc}
 1018              	.LVL83:
 1019              	.L91:
 1020              	.LBB135:
 1021              	.LBB136:
 294:src/audio_engine.cpp ****     if(pid >= 0)
 1022              		.loc 1 294 5 is_stmt 1 view .LVU204
 294:src/audio_engine.cpp ****     if(pid >= 0)
 1023              		.loc 1 294 52 is_stmt 0 view .LVU205
 1024 0054 0221     		movs	r1, #2
 1025 0056 2846     		mov	r0, r5
 1026 0058 FFF7FEFF 		bl	_ZN10bkshepherd16BaseEffectModule27GetMappedParameterIDForKnobEi
ARM GAS  C:\Users\aydan\AppData\Local\Temp\ccfLkmFL.s 			page 31


 1027              	.LVL84:
 295:src/audio_engine.cpp ****         return pid;
 1028              		.loc 1 295 5 is_stmt 1 view .LVU206
 1029 005c 0028     		cmp	r0, #0
 295:src/audio_engine.cpp ****         return pid;
 1030              		.loc 1 295 5 is_stmt 0 view .LVU207
 1031 005e 29DB     		blt	.L92
 1032              	.LVL85:
 295:src/audio_engine.cpp ****         return pid;
 1033              		.loc 1 295 5 view .LVU208
 1034              	.LBE136:
 1035              	.LBE135:
 341:src/audio_engine.cpp **** #endif
 1036              		.loc 1 341 37 view .LVU209
 1037 0060 C4F8C00B 		str	r0, [r4, #3008]
 1038              	.L95:
 365:src/audio_engine.cpp **** 
 1039              		.loc 1 365 1 view .LVU210
 1040 0064 38BD     		pop	{r3, r4, r5, pc}
 1041              	.L90:
 1042              	.LVL86:
 1043              	.LBB140:
 1044              	.LBB141:
 294:src/audio_engine.cpp ****     if(pid >= 0)
 1045              		.loc 1 294 5 is_stmt 1 view .LVU211
 294:src/audio_engine.cpp ****     if(pid >= 0)
 1046              		.loc 1 294 52 is_stmt 0 view .LVU212
 1047 0066 0121     		movs	r1, #1
 1048 0068 2846     		mov	r0, r5
 1049 006a FFF7FEFF 		bl	_ZN10bkshepherd16BaseEffectModule27GetMappedParameterIDForKnobEi
 1050              	.LVL87:
 295:src/audio_engine.cpp ****         return pid;
 1051              		.loc 1 295 5 is_stmt 1 view .LVU213
 1052 006e 0028     		cmp	r0, #0
 295:src/audio_engine.cpp ****         return pid;
 1053              		.loc 1 295 5 is_stmt 0 view .LVU214
 1054 0070 15DB     		blt	.L93
 1055              	.LVL88:
 295:src/audio_engine.cpp ****         return pid;
 1056              		.loc 1 295 5 view .LVU215
 1057              	.LBE141:
 1058              	.LBE140:
 339:src/audio_engine.cpp ****     if(maps_[config::FX_REVERB].p2 < 0)
 1059              		.loc 1 339 37 view .LVU216
 1060 0072 C4F8BC0B 		str	r0, [r4, #3004]
 1061 0076 E8E7     		b	.L81
 1062              	.L89:
 337:src/audio_engine.cpp ****     if(maps_[config::FX_REVERB].p1 < 0)
 1063              		.loc 1 337 9 is_stmt 1 view .LVU217
 1064              	.LVL89:
 1065              	.LBB145:
 1066              	.LBI145:
 289:src/audio_engine.cpp ****                                      int                           pot_idx)
 1067              		.loc 1 289 5 view .LVU218
 1068              	.LBB146:
 292:src/audio_engine.cpp ****         return -1;
 1069              		.loc 1 292 5 view .LVU219
ARM GAS  C:\Users\aydan\AppData\Local\Temp\ccfLkmFL.s 			page 32


 294:src/audio_engine.cpp ****     if(pid >= 0)
 1070              		.loc 1 294 5 view .LVU220
 294:src/audio_engine.cpp ****     if(pid >= 0)
 1071              		.loc 1 294 52 is_stmt 0 view .LVU221
 1072 0078 0021     		movs	r1, #0
 1073 007a 2846     		mov	r0, r5
 1074 007c FFF7FEFF 		bl	_ZN10bkshepherd16BaseEffectModule27GetMappedParameterIDForKnobEi
 1075              	.LVL90:
 295:src/audio_engine.cpp ****         return pid;
 1076              		.loc 1 295 5 is_stmt 1 view .LVU222
 1077 0080 0028     		cmp	r0, #0
 295:src/audio_engine.cpp ****         return pid;
 1078              		.loc 1 295 5 is_stmt 0 view .LVU223
 1079 0082 02DB     		blt	.L94
 1080              	.LVL91:
 295:src/audio_engine.cpp ****         return pid;
 1081              		.loc 1 295 5 view .LVU224
 1082              	.LBE146:
 1083              	.LBE145:
 337:src/audio_engine.cpp ****     if(maps_[config::FX_REVERB].p1 < 0)
 1084              		.loc 1 337 37 view .LVU225
 1085 0084 C4F8B80B 		str	r0, [r4, #3000]
 1086 0088 DBE7     		b	.L78
 1087              	.LVL92:
 1088              	.L94:
 1089              	.LBB150:
 1090              	.LBB149:
 1091              	.LBB147:
 1092              	.LBI147:
 289:src/audio_engine.cpp ****                                      int                           pot_idx)
 1093              		.loc 1 289 5 is_stmt 1 view .LVU226
 1094              	.LBB148:
 297:src/audio_engine.cpp **** }
 1095              		.loc 1 297 5 view .LVU227
 297:src/audio_engine.cpp **** }
 1096              		.loc 1 297 48 is_stmt 0 view .LVU228
 1097 008a 2846     		mov	r0, r5
 1098              	.LVL93:
 297:src/audio_engine.cpp **** }
 1099              		.loc 1 297 48 view .LVU229
 1100 008c FFF7FEFF 		bl	_ZN10bkshepherd16BaseEffectModule17GetParameterCountEv
 1101              	.LVL94:
 297:src/audio_engine.cpp **** }
 1102              		.loc 1 297 51 view .LVU230
 1103 0090 B0FA80F0 		clz	r0, r0
 1104 0094 4009     		lsrs	r0, r0, #5
 1105 0096 4042     		rsbs	r0, r0, #0
 1106              	.LVL95:
 297:src/audio_engine.cpp **** }
 1107              		.loc 1 297 51 view .LVU231
 1108              	.LBE148:
 1109              	.LBE147:
 1110              	.LBE149:
 1111              	.LBE150:
 337:src/audio_engine.cpp ****     if(maps_[config::FX_REVERB].p1 < 0)
 1112              		.loc 1 337 37 view .LVU232
 1113 0098 C4F8B80B 		str	r0, [r4, #3000]
ARM GAS  C:\Users\aydan\AppData\Local\Temp\ccfLkmFL.s 			page 33


 1114 009c D1E7     		b	.L78
 1115              	.LVL96:
 1116              	.L93:
 1117              	.LBB151:
 1118              	.LBB144:
 1119              	.LBB142:
 1120              	.LBI142:
 289:src/audio_engine.cpp ****                                      int                           pot_idx)
 1121              		.loc 1 289 5 is_stmt 1 view .LVU233
 1122              	.LBB143:
 297:src/audio_engine.cpp **** }
 1123              		.loc 1 297 5 view .LVU234
 297:src/audio_engine.cpp **** }
 1124              		.loc 1 297 48 is_stmt 0 view .LVU235
 1125 009e 2846     		mov	r0, r5
 1126              	.LVL97:
 297:src/audio_engine.cpp **** }
 1127              		.loc 1 297 48 view .LVU236
 1128 00a0 FFF7FEFF 		bl	_ZN10bkshepherd16BaseEffectModule17GetParameterCountEv
 1129              	.LVL98:
 297:src/audio_engine.cpp **** }
 1130              		.loc 1 297 51 view .LVU237
 1131 00a4 0128     		cmp	r0, #1
 1132 00a6 8CBF     		ite	hi
 1133 00a8 0120     		movhi	r0, #1
 1134 00aa 4FF0FF30 		movls	r0, #-1
 1135              	.LVL99:
 297:src/audio_engine.cpp **** }
 1136              		.loc 1 297 51 view .LVU238
 1137              	.LBE143:
 1138              	.LBE142:
 1139              	.LBE144:
 1140              	.LBE151:
 339:src/audio_engine.cpp ****     if(maps_[config::FX_REVERB].p2 < 0)
 1141              		.loc 1 339 37 view .LVU239
 1142 00ae C4F8BC0B 		str	r0, [r4, #3004]
 1143 00b2 CAE7     		b	.L81
 1144              	.LVL100:
 1145              	.L92:
 1146              	.LBB152:
 1147              	.LBB139:
 1148              	.LBB137:
 1149              	.LBI137:
 289:src/audio_engine.cpp ****                                      int                           pot_idx)
 1150              		.loc 1 289 5 is_stmt 1 view .LVU240
 1151              	.LBB138:
 297:src/audio_engine.cpp **** }
 1152              		.loc 1 297 5 view .LVU241
 297:src/audio_engine.cpp **** }
 1153              		.loc 1 297 48 is_stmt 0 view .LVU242
 1154 00b4 2846     		mov	r0, r5
 1155              	.LVL101:
 297:src/audio_engine.cpp **** }
 1156              		.loc 1 297 48 view .LVU243
 1157 00b6 FFF7FEFF 		bl	_ZN10bkshepherd16BaseEffectModule17GetParameterCountEv
 1158              	.LVL102:
 297:src/audio_engine.cpp **** }
ARM GAS  C:\Users\aydan\AppData\Local\Temp\ccfLkmFL.s 			page 34


 1159              		.loc 1 297 51 view .LVU244
 1160 00ba 0228     		cmp	r0, #2
 1161 00bc 8CBF     		ite	hi
 1162 00be 0220     		movhi	r0, #2
 1163 00c0 4FF0FF30 		movls	r0, #-1
 1164              	.LVL103:
 297:src/audio_engine.cpp **** }
 1165              		.loc 1 297 51 view .LVU245
 1166              	.LBE138:
 1167              	.LBE137:
 1168              	.LBE139:
 1169              	.LBE152:
 341:src/audio_engine.cpp **** #endif
 1170              		.loc 1 341 37 view .LVU246
 1171 00c4 C4F8C00B 		str	r0, [r4, #3008]
 1172 00c8 CCE7     		b	.L95
 1173              	.L97:
 1174 00ca 00BF     		.align	2
 1175              	.L96:
 1176 00cc 00000000 		.word	.LC2
 1177 00d0 04000000 		.word	.LC3
 1178 00d4 08000000 		.word	.LC4
 1179 00d8 14000000 		.word	.LC5
 1180 00dc 1C000000 		.word	.LC6
 1181 00e0 24000000 		.word	.LC7
 1182 00e4 2C000000 		.word	.LC8
 1183 00e8 34000000 		.word	.LC9
 1184              		.cfi_endproc
 1185              	.LFE4751:
 1187              		.section	.text._ZN3app11AudioEngine22ApplySnapshotIfChangedEv,"ax",%progbits
 1188              		.align	1
 1189              		.p2align 2,,3
 1190              		.global	_ZN3app11AudioEngine22ApplySnapshotIfChangedEv
 1191              		.syntax unified
 1192              		.thumb
 1193              		.thumb_func
 1194              		.fpu fpv5-d16
 1196              	_ZN3app11AudioEngine22ApplySnapshotIfChangedEv:
 1197              	.LVL104:
 1198              	.LFB4752:
 370:src/audio_engine.cpp ****     if(!mailbox_)
 1199              		.loc 1 370 1 is_stmt 1 view -0
 1200              		.cfi_startproc
 1201              		@ args = 0, pretend = 0, frame = 24
 1202              		@ frame_needed = 0, uses_anonymous_args = 0
 371:src/audio_engine.cpp ****         return;
 1203              		.loc 1 371 5 view .LVU248
 370:src/audio_engine.cpp ****     if(!mailbox_)
 1204              		.loc 1 370 1 is_stmt 0 view .LVU249
 1205 0000 F0B5     		push	{r4, r5, r6, r7, lr}
 1206              		.cfi_def_cfa_offset 20
 1207              		.cfi_offset 4, -20
 1208              		.cfi_offset 5, -16
 1209              		.cfi_offset 6, -12
 1210              		.cfi_offset 7, -8
 1211              		.cfi_offset 14, -4
 371:src/audio_engine.cpp ****         return;
ARM GAS  C:\Users\aydan\AppData\Local\Temp\ccfLkmFL.s 			page 35


 1212              		.loc 1 371 9 view .LVU250
 1213 0002 0468     		ldr	r4, [r0]
 370:src/audio_engine.cpp ****     if(!mailbox_)
 1214              		.loc 1 370 1 view .LVU251
 1215 0004 87B0     		sub	sp, sp, #28
 1216              		.cfi_def_cfa_offset 48
 371:src/audio_engine.cpp ****         return;
 1217              		.loc 1 371 5 view .LVU252
 1218 0006 2CB1     		cbz	r4, .L98
 374:src/audio_engine.cpp ****     uint32_t        revision = mailbox_revision_;
 1219              		.loc 1 374 5 is_stmt 1 view .LVU253
 375:src/audio_engine.cpp ****     if(!mailbox_->Read(snapshot, revision) || revision == mailbox_revision_)
 1220              		.loc 1 375 5 view .LVU254
 1221              	.LVL105:
 376:src/audio_engine.cpp ****         return;
 1222              		.loc 1 376 5 view .LVU255
 1223              	.LBB159:
 1224              	.LBI159:
 1225              		.file 3 "src/control_mailbox.h"
   1:src/control_mailbox.h **** #pragma once
   2:src/control_mailbox.h **** 
   3:src/control_mailbox.h **** #include "app_config.h"
   4:src/control_mailbox.h **** 
   5:src/control_mailbox.h **** #include <stdint.h>
   6:src/control_mailbox.h **** #include <type_traits>
   7:src/control_mailbox.h **** 
   8:src/control_mailbox.h **** namespace app
   9:src/control_mailbox.h **** {
  10:src/control_mailbox.h **** 
  11:src/control_mailbox.h **** enum class SystemMode : uint8_t
  12:src/control_mailbox.h **** {
  13:src/control_mailbox.h ****     Normal = 0,
  14:src/control_mailbox.h ****     ThermalShutdown = 1
  15:src/control_mailbox.h **** };
  16:src/control_mailbox.h **** 
  17:src/control_mailbox.h **** // Compact requested-control state crossing from the foreground loop into the
  18:src/control_mailbox.h **** // audio interrupt. Keep this trivially copyable and small so a seqlock retry is
  19:src/control_mailbox.h **** // cheap and no dynamic allocation or mutex is needed.
  20:src/control_mailbox.h **** struct ControlSnapshot
  21:src/control_mailbox.h **** {
  22:src/control_mailbox.h ****     uint8_t effect;
  23:src/control_mailbox.h ****     uint8_t bypass;
  24:src/control_mailbox.h ****     uint8_t system_mode;
  25:src/control_mailbox.h ****     uint8_t reserved;
  26:src/control_mailbox.h ****     uint16_t parameters[config::kPhysicalPotCount];
  27:src/control_mailbox.h **** };
  28:src/control_mailbox.h **** 
  29:src/control_mailbox.h **** static_assert(std::is_trivially_copyable<ControlSnapshot>::value, "ControlSnapshot must be copied b
  30:src/control_mailbox.h **** static_assert(sizeof(ControlSnapshot) <= 16, "ControlSnapshot must stay small for interrupt transfe
  31:src/control_mailbox.h **** static_assert(sizeof(ControlSnapshot) == 10, "ControlSnapshot layout changed unexpectedly");
  32:src/control_mailbox.h **** 
  33:src/control_mailbox.h **** // Single-writer/single-reader mailbox for the main loop -> audio callback handoff.
  34:src/control_mailbox.h **** // The main loop is the only writer, and the audio interrupt is the only reader.
  35:src/control_mailbox.h **** class ControlMailbox
  36:src/control_mailbox.h **** {
  37:src/control_mailbox.h ****   public:
  38:src/control_mailbox.h ****     ControlMailbox();
ARM GAS  C:\Users\aydan\AppData\Local\Temp\ccfLkmFL.s 			page 36


  39:src/control_mailbox.h **** 
  40:src/control_mailbox.h ****     // Publish() is called from the main loop after controls have been filtered and
  41:src/control_mailbox.h ****     // debounced. It marks the sequence odd while the payload is being copied.
  42:src/control_mailbox.h ****     void Publish(const ControlSnapshot& snapshot);
  43:src/control_mailbox.h **** 
  44:src/control_mailbox.h ****     // Read() is called once at the beginning of an audio block. It returns false
  45:src/control_mailbox.h ****     // if publication is in progress, allowing the callback to keep its last valid
  46:src/control_mailbox.h ****     // snapshot without blocking.
  47:src/control_mailbox.h ****     bool Read(ControlSnapshot& out, uint32_t& out_revision) const;
  48:src/control_mailbox.h **** 
  49:src/control_mailbox.h ****   private:
  50:src/control_mailbox.h ****     uint32_t sequence_;
  51:src/control_mailbox.h ****     ControlSnapshot snapshot_;
  52:src/control_mailbox.h **** };
  53:src/control_mailbox.h **** 
  54:src/control_mailbox.h **** inline ControlMailbox::ControlMailbox()
  55:src/control_mailbox.h **** : sequence_(0),
  56:src/control_mailbox.h ****   snapshot_{config::FX_TUNER, 0, (uint8_t)SystemMode::Normal, 0, {0, 0, 0}}
  57:src/control_mailbox.h **** {
  58:src/control_mailbox.h **** }
  59:src/control_mailbox.h **** 
  60:src/control_mailbox.h **** // GCC atomics provide the compiler and CPU barriers needed for the callback to
  61:src/control_mailbox.h **** // reject in-progress or torn snapshots. The sequence is even when stable and odd
  62:src/control_mailbox.h **** // while the writer is updating the payload.
  63:src/control_mailbox.h **** inline void ControlMailbox::Publish(const ControlSnapshot& snapshot)
  64:src/control_mailbox.h **** {
  65:src/control_mailbox.h ****     const uint32_t start = __atomic_load_n(&sequence_, __ATOMIC_RELAXED);
  66:src/control_mailbox.h ****     __atomic_store_n(&sequence_, start | 1u, __ATOMIC_RELEASE);
  67:src/control_mailbox.h ****     snapshot_ = snapshot;
  68:src/control_mailbox.h ****     __atomic_store_n(&sequence_, (start + 2u) & ~1u, __ATOMIC_RELEASE);
  69:src/control_mailbox.h **** }
  70:src/control_mailbox.h **** 
  71:src/control_mailbox.h **** inline bool ControlMailbox::Read(ControlSnapshot& out, uint32_t& out_revision) const
 1226              		.loc 3 71 13 view .LVU256
 1227              	.LBB160:
  72:src/control_mailbox.h **** {
  73:src/control_mailbox.h ****     const uint32_t before = __atomic_load_n(&sequence_, __ATOMIC_ACQUIRE);
 1228              		.loc 3 73 5 view .LVU257
 1229              		.loc 3 73 73 is_stmt 0 view .LVU258
 1230 0008 2568     		ldr	r5, [r4]
 1231 000a BFF35B8F 		dmb	ish
 1232              	.LVL106:
  74:src/control_mailbox.h ****     if(before & 1u)
 1233              		.loc 3 74 5 is_stmt 1 view .LVU259
 1234 000e 15F0010C 		ands	ip, r5, #1
 1235 0012 01D0     		beq	.L123
 1236              	.LVL107:
 1237              	.L98:
 1238              		.loc 3 74 5 is_stmt 0 view .LVU260
 1239              	.LBE160:
 1240              	.LBE159:
 418:src/audio_engine.cpp **** 
 1241              		.loc 1 418 1 view .LVU261
 1242 0014 07B0     		add	sp, sp, #28
 1243              		.cfi_remember_state
 1244              		.cfi_def_cfa_offset 20
 1245              		@ sp needed
ARM GAS  C:\Users\aydan\AppData\Local\Temp\ccfLkmFL.s 			page 37


 1246 0016 F0BD     		pop	{r4, r5, r6, r7, pc}
 1247              	.LVL108:
 1248              	.L123:
 1249              		.cfi_restore_state
 1250              	.LBB163:
 1251              	.LBB161:
  75:src/control_mailbox.h ****         return false;
  76:src/control_mailbox.h **** 
  77:src/control_mailbox.h ****     const ControlSnapshot copy = snapshot_;
 1252              		.loc 3 77 27 view .LVU262
 1253 0018 03AE     		add	r6, sp, #12
 1254 001a 221D     		adds	r2, r4, #4
 1255 001c 0346     		mov	r3, r0
 1256              		.loc 3 77 5 is_stmt 1 view .LVU263
 1257              		.loc 3 77 27 is_stmt 0 view .LVU264
 1258 001e B646     		mov	lr, r6
 1259 0020 07CA     		ldm	r2, {r0, r1, r2}
 1260              	.LVL109:
 1261              		.loc 3 77 27 view .LVU265
 1262 0022 AEE80300 		stmia	lr!, {r0, r1}
 1263 0026 AEF80020 		strh	r2, [lr]	@ movhi
  78:src/control_mailbox.h ****     const uint32_t after = __atomic_load_n(&sequence_, __ATOMIC_ACQUIRE);
 1264              		.loc 3 78 5 is_stmt 1 view .LVU266
 1265              		.loc 3 78 72 is_stmt 0 view .LVU267
 1266 002a 2268     		ldr	r2, [r4]
 1267 002c BFF35B8F 		dmb	ish
 1268              	.LVL110:
  79:src/control_mailbox.h ****     if(before != after || (after & 1u))
 1269              		.loc 3 79 5 is_stmt 1 view .LVU268
 1270 0030 9542     		cmp	r5, r2
 1271 0032 EFD1     		bne	.L98
  80:src/control_mailbox.h ****         return false;
  81:src/control_mailbox.h **** 
  82:src/control_mailbox.h ****     out = copy;
 1272              		.loc 3 82 5 view .LVU269
 1273              		.loc 3 82 9 is_stmt 0 view .LVU270
 1274 0034 EE46     		mov	lr, sp
 1275              	.LBE161:
 1276              	.LBE163:
 376:src/audio_engine.cpp ****         return;
 1277              		.loc 1 376 59 view .LVU271
 1278 0036 03F5C024 		add	r4, r3, #393216
 1279              	.LVL111:
 1280              	.LBB164:
 1281              	.LBB162:
 1282              		.loc 3 82 9 view .LVU272
 1283 003a 96E80700 		ldm	r6, {r0, r1, r2}
 1284              	.LVL112:
 1285              		.loc 3 82 9 view .LVU273
 1286 003e 7746     		mov	r7, lr
 1287 0040 03C7     		stmia	r7!, {r0, r1}
 1288 0042 3A80     		strh	r2, [r7]	@ movhi
  83:src/control_mailbox.h ****     out_revision = after;
 1289              		.loc 3 83 5 is_stmt 1 view .LVU274
 1290              	.LVL113:
  84:src/control_mailbox.h ****     return true;
 1291              		.loc 3 84 5 view .LVU275
ARM GAS  C:\Users\aydan\AppData\Local\Temp\ccfLkmFL.s 			page 38


 1292              		.loc 3 84 5 is_stmt 0 view .LVU276
 1293              	.LBE162:
 1294              	.LBE164:
 376:src/audio_engine.cpp ****         return;
 1295              		.loc 1 376 44 view .LVU277
 1296 0044 D4F8F02B 		ldr	r2, [r4, #3056]
 1297 0048 AA42     		cmp	r2, r5
 1298 004a E3D0     		beq	.L98
 379:src/audio_engine.cpp ****     current_          = snapshot;
 1299              		.loc 1 379 5 is_stmt 1 view .LVU278
 379:src/audio_engine.cpp ****     current_          = snapshot;
 1300              		.loc 1 379 23 is_stmt 0 view .LVU279
 1301 004c C4F8F05B 		str	r5, [r4, #3056]
 380:src/audio_engine.cpp **** #if DIAG_STAGE != DIAG_STAGE_PRODUCTION
 1302              		.loc 1 380 5 is_stmt 1 view .LVU280
 380:src/audio_engine.cpp **** #if DIAG_STAGE != DIAG_STAGE_PRODUCTION
 1303              		.loc 1 380 23 is_stmt 0 view .LVU281
 1304 0050 04F6DC35 		addw	r5, r4, #3036
 1305              	.LVL114:
 401:src/audio_engine.cpp **** 
 1306              		.loc 1 401 11 view .LVU282
 1307 0054 B4F8EA6B 		ldrh	r6, [r4, #3050]
 382:src/audio_engine.cpp ****     current_.bypass = 0;
 1308              		.loc 1 382 21 view .LVU283
 1309 0058 0227     		movs	r7, #2
 380:src/audio_engine.cpp **** #if DIAG_STAGE != DIAG_STAGE_PRODUCTION
 1310              		.loc 1 380 23 view .LVU284
 1311 005a 9EE80700 		ldm	lr, {r0, r1, r2}
 1312 005e 03C5     		stmia	r5!, {r0, r1}
 1313 0060 2A80     		strh	r2, [r5]	@ movhi
 382:src/audio_engine.cpp ****     current_.bypass = 0;
 1314              		.loc 1 382 5 is_stmt 1 view .LVU285
 383:src/audio_engine.cpp **** #endif
 1315              		.loc 1 383 5 view .LVU286
 401:src/audio_engine.cpp **** 
 1316              		.loc 1 401 11 is_stmt 0 view .LVU287
 1317 0062 B4F8E02B 		ldrh	r2, [r4, #3040]
 382:src/audio_engine.cpp ****     current_.bypass = 0;
 1318              		.loc 1 382 21 view .LVU288
 1319 0066 A4F8DC7B 		strh	r7, [r4, #3036]	@ movhi
 394:src/audio_engine.cpp ****         current_.effect = config::FX_TUNER;
 1320              		.loc 1 394 5 is_stmt 1 view .LVU289
 397:src/audio_engine.cpp ****     const bool params_changed
 1321              		.loc 1 397 5 view .LVU290
 1322              	.LVL115:
 398:src/audio_engine.cpp ****         = current_.parameters[0] != applied_.parameters[0]
 1323              		.loc 1 398 5 view .LVU291
 401:src/audio_engine.cpp **** 
 1324              		.loc 1 401 11 is_stmt 0 view .LVU292
 1325 006a B242     		cmp	r2, r6
 1326 006c 44D0     		beq	.L124
 1327              	.L103:
 405:src/audio_engine.cpp **** #else
 1328              		.loc 1 405 9 is_stmt 1 view .LVU293
 1329              	.LVL116:
 1330              	.LBB165:
 1331              	.LBI165:
ARM GAS  C:\Users\aydan\AppData\Local\Temp\ccfLkmFL.s 			page 39


 492:src/audio_engine.cpp **** {
 1332              		.loc 1 492 6 view .LVU294
 1333              	.LBB166:
 494:src/audio_engine.cpp ****         return;
 1334              		.loc 1 494 5 view .LVU295
 1335 006e 2E4A     		ldr	r2, .L126
 1336 0070 1846     		mov	r0, r3
 1337 0072 0221     		movs	r1, #2
 1338 0074 1A44     		add	r2, r2, r3
 1339 0076 FFF7FEFF 		bl	_ZN3app11AudioEngine15ApplyParametersEhPKt.part.0
 1340              	.LVL117:
 494:src/audio_engine.cpp ****         return;
 1341              		.loc 1 494 5 is_stmt 0 view .LVU296
 1342              	.LBE166:
 1343              	.LBE165:
 413:src/audio_engine.cpp ****         StartTransition(current_.effect, current_.bypass != 0);
 1344              		.loc 1 413 28 view .LVU297
 1345 007a 94F8DD3B 		ldrb	r3, [r4, #3037]	@ zero_extendqisi2
 412:src/audio_engine.cpp ****        || (current_.bypass != 0) != pending_bypass_)
 1346              		.loc 1 412 17 view .LVU298
 1347 007e 94F8DC2B 		ldrb	r2, [r4, #3036]	@ zero_extendqisi2
 413:src/audio_engine.cpp ****         StartTransition(current_.effect, current_.bypass != 0);
 1348              		.loc 1 413 28 view .LVU299
 1349 0082 B3F1000C 		subs	ip, r3, #0
 1350 0086 18BF     		it	ne
 1351 0088 4FF0010C 		movne	ip, #1
 1352              	.LVL118:
 1353              	.L104:
 412:src/audio_engine.cpp ****        || (current_.bypass != 0) != pending_bypass_)
 1354              		.loc 1 412 5 is_stmt 1 view .LVU300
 1355 008c 94F8F61B 		ldrb	r1, [r4, #3062]	@ zero_extendqisi2
 1356 0090 9142     		cmp	r1, r2
 1357 0092 03D1     		bne	.L105
 413:src/audio_engine.cpp ****         StartTransition(current_.effect, current_.bypass != 0);
 1358              		.loc 1 413 8 is_stmt 0 view .LVU301
 1359 0094 94F8F71B 		ldrb	r1, [r4, #3063]	@ zero_extendqisi2
 1360 0098 6145     		cmp	r1, ip
 1361 009a 21D0     		beq	.L106
 1362              	.L105:
 414:src/audio_engine.cpp **** #endif
 1363              		.loc 1 414 9 is_stmt 1 view .LVU302
 1364              	.LVL119:
 1365              	.LBB167:
 1366              	.LBI167:
 430:src/audio_engine.cpp ****                                   bool    requested_bypass)
 1367              		.loc 1 430 6 view .LVU303
 1368              	.LBB168:
 433:src/audio_engine.cpp ****     pending_bypass_ = requested_bypass;
 1369              		.loc 1 433 5 view .LVU304
 436:src/audio_engine.cpp ****                          && !active_bypass_;
 1370              		.loc 1 436 26 is_stmt 0 view .LVU305
 1371 009c 04F6FC31 		addw	r1, r4, #3068
 433:src/audio_engine.cpp ****     pending_bypass_ = requested_bypass;
 1372              		.loc 1 433 21 view .LVU306
 1373 00a0 84F8F62B 		strb	r2, [r4, #3062]
 1374              	.LVL120:
 434:src/audio_engine.cpp **** 
ARM GAS  C:\Users\aydan\AppData\Local\Temp\ccfLkmFL.s 			page 40


 1375              		.loc 1 434 5 is_stmt 1 view .LVU307
 434:src/audio_engine.cpp **** 
 1376              		.loc 1 434 21 is_stmt 0 view .LVU308
 1377 00a4 84F8F7CB 		strb	ip, [r4, #3063]
 436:src/audio_engine.cpp ****                          && !active_bypass_;
 1378              		.loc 1 436 5 is_stmt 1 view .LVU309
 437:src/audio_engine.cpp ****     if(audible)
 1379              		.loc 1 437 26 is_stmt 0 view .LVU310
 1380 00a8 D1ED007A 		vldr.32	s15, [r1]
 1381 00ac F5EEC07A 		vcmpe.f32	s15, #0
 1382 00b0 F1EE10FA 		vmrs	APSR_nzcv, FPSCR
 1383 00b4 05DD     		ble	.L107
 436:src/audio_engine.cpp ****                          && !active_bypass_;
 1384              		.loc 1 436 43 view .LVU311
 1385 00b6 94F8F41B 		ldrb	r1, [r4, #3060]	@ zero_extendqisi2
 1386 00ba 11B1     		cbz	r1, .L107
 437:src/audio_engine.cpp ****     if(audible)
 1387              		.loc 1 437 26 view .LVU312
 1388 00bc 94F8F51B 		ldrb	r1, [r4, #3061]	@ zero_extendqisi2
 1389 00c0 69B3     		cbz	r1, .L125
 1390              	.L107:
 1391              	.LVL121:
 438:src/audio_engine.cpp ****         transition_ = TRANSITION_FADING_OUT;
 1392              		.loc 1 438 5 is_stmt 1 view .LVU313
 442:src/audio_engine.cpp ****         active_bypass_ = pending_bypass_;
 1393              		.loc 1 442 9 view .LVU314
 444:src/audio_engine.cpp ****         transition_    = (active_effect_ != config::FX_TUNER && !active_bypass_)
 1394              		.loc 1 444 24 is_stmt 0 view .LVU315
 1395 00c2 04F6FC31 		addw	r1, r4, #3068
 1396 00c6 0020     		movs	r0, #0
 442:src/audio_engine.cpp ****         active_bypass_ = pending_bypass_;
 1397              		.loc 1 442 24 view .LVU316
 1398 00c8 84F8F42B 		strb	r2, [r4, #3060]
 443:src/audio_engine.cpp ****         wet_gain_      = 0.0f;
 1399              		.loc 1 443 9 is_stmt 1 view .LVU317
 443:src/audio_engine.cpp ****         wet_gain_      = 0.0f;
 1400              		.loc 1 443 24 is_stmt 0 view .LVU318
 1401 00cc 84F8F5CB 		strb	ip, [r4, #3061]
 444:src/audio_engine.cpp ****         transition_    = (active_effect_ != config::FX_TUNER && !active_bypass_)
 1402              		.loc 1 444 9 is_stmt 1 view .LVU319
 444:src/audio_engine.cpp ****         transition_    = (active_effect_ != config::FX_TUNER && !active_bypass_)
 1403              		.loc 1 444 24 is_stmt 0 view .LVU320
 1404 00d0 0860     		str	r0, [r1]	@ float
 445:src/audio_engine.cpp ****                           ? TRANSITION_FADING_IN
 1405              		.loc 1 445 9 is_stmt 1 view .LVU321
 445:src/audio_engine.cpp ****                           ? TRANSITION_FADING_IN
 1406              		.loc 1 445 62 is_stmt 0 view .LVU322
 1407 00d2 12B1     		cbz	r2, .L115
 1408 00d4 BCF1000F 		cmp	ip, #0
 1409 00d8 1FD0     		beq	.L113
 1410              	.L115:
 446:src/audio_engine.cpp ****                           : TRANSITION_STEADY;
 1411              		.loc 1 446 27 view .LVU323
 1412 00da 0023     		movs	r3, #0
 1413              	.L109:
 445:src/audio_engine.cpp ****                           ? TRANSITION_FADING_IN
 1414              		.loc 1 445 24 view .LVU324
ARM GAS  C:\Users\aydan\AppData\Local\Temp\ccfLkmFL.s 			page 41


 1415 00dc 84F8F83B 		strb	r3, [r4, #3064]
 1416              	.LVL122:
 1417              	.L106:
 445:src/audio_engine.cpp ****                           ? TRANSITION_FADING_IN
 1418              		.loc 1 445 24 view .LVU325
 1419              	.LBE168:
 1420              	.LBE167:
 417:src/audio_engine.cpp **** }
 1421              		.loc 1 417 5 is_stmt 1 view .LVU326
 417:src/audio_engine.cpp **** }
 1422              		.loc 1 417 14 is_stmt 0 view .LVU327
 1423 00e0 04F6DC33 		addw	r3, r4, #3036
 1424 00e4 03CB     		ldmia	r3!, {r0, r1}
 1425 00e6 1B88     		ldrh	r3, [r3]	@ unaligned
 1426 00e8 C4F8E60B 		str	r0, [r4, #3046]	@ unaligned
 1427 00ec C4F8EA1B 		str	r1, [r4, #3050]	@ unaligned
 1428 00f0 A4F8EE3B 		strh	r3, [r4, #3054]	@ unaligned
 418:src/audio_engine.cpp **** 
 1429              		.loc 1 418 1 view .LVU328
 1430 00f4 07B0     		add	sp, sp, #28
 1431              		.cfi_remember_state
 1432              		.cfi_def_cfa_offset 20
 1433              		@ sp needed
 1434 00f6 F0BD     		pop	{r4, r5, r6, r7, pc}
 1435              	.LVL123:
 1436              	.L124:
 1437              		.cfi_restore_state
 400:src/audio_engine.cpp ****           || current_.parameters[2] != applied_.parameters[2];
 1438              		.loc 1 400 11 view .LVU329
 1439 00f8 B4F8E21B 		ldrh	r1, [r4, #3042]
 1440 00fc B4F8EC2B 		ldrh	r2, [r4, #3052]
 1441 0100 9142     		cmp	r1, r2
 1442 0102 B4D1     		bne	.L103
 401:src/audio_engine.cpp **** 
 1443              		.loc 1 401 11 discriminator 2 view .LVU330
 1444 0104 B4F8E41B 		ldrh	r1, [r4, #3044]
 1445 0108 B4F8EE2B 		ldrh	r2, [r4, #3054]
 1446 010c 9142     		cmp	r1, r2
 1447 010e AED1     		bne	.L103
 397:src/audio_engine.cpp ****     const bool params_changed
 1448              		.loc 1 397 61 view .LVU331
 1449 0110 94F8E62B 		ldrb	r2, [r4, #3046]	@ zero_extendqisi2
 1450              	.LVL124:
 404:src/audio_engine.cpp ****         ApplyParameters(current_.effect, current_.parameters);
 1451              		.loc 1 404 5 is_stmt 1 view .LVU332
 1452 0114 BA42     		cmp	r2, r7
 1453 0116 B9D0     		beq	.L104
 1454 0118 A9E7     		b	.L103
 1455              	.LVL125:
 1456              	.L113:
 1457              	.LBB170:
 1458              	.LBB169:
 446:src/audio_engine.cpp ****                           : TRANSITION_STEADY;
 1459              		.loc 1 446 27 is_stmt 0 view .LVU333
 1460 011a 0223     		movs	r3, #2
 1461 011c DEE7     		b	.L109
 1462              	.LVL126:
ARM GAS  C:\Users\aydan\AppData\Local\Temp\ccfLkmFL.s 			page 42


 1463              	.L125:
 438:src/audio_engine.cpp ****         transition_ = TRANSITION_FADING_OUT;
 1464              		.loc 1 438 5 is_stmt 1 view .LVU334
 439:src/audio_engine.cpp ****     else
 1465              		.loc 1 439 9 view .LVU335
 439:src/audio_engine.cpp ****     else
 1466              		.loc 1 439 21 is_stmt 0 view .LVU336
 1467 011e 0123     		movs	r3, #1
 1468 0120 84F8F83B 		strb	r3, [r4, #3064]
 1469 0124 DCE7     		b	.L106
 1470              	.L127:
 1471 0126 00BF     		.align	2
 1472              	.L126:
 1473 0128 E00B0600 		.word	396256
 1474              	.LBE169:
 1475              	.LBE170:
 1476              		.cfi_endproc
 1477              	.LFE4752:
 1479              		.section	.text._ZN3app11AudioEngine20BeginThermalShutdownEv,"ax",%progbits
 1480              		.align	1
 1481              		.p2align 2,,3
 1482              		.global	_ZN3app11AudioEngine20BeginThermalShutdownEv
 1483              		.syntax unified
 1484              		.thumb
 1485              		.thumb_func
 1486              		.fpu fpv5-d16
 1488              	_ZN3app11AudioEngine20BeginThermalShutdownEv:
 1489              	.LVL127:
 1490              	.LFB4753:
 421:src/audio_engine.cpp ****     if(thermal_audio_state_ != THERMAL_AUDIO_NORMAL)
 1491              		.loc 1 421 1 is_stmt 1 view -0
 1492              		.cfi_startproc
 1493              		@ args = 0, pretend = 0, frame = 0
 1494              		@ frame_needed = 0, uses_anonymous_args = 0
 1495              		@ link register save eliminated.
 422:src/audio_engine.cpp ****         return;
 1496              		.loc 1 422 5 view .LVU338
 422:src/audio_engine.cpp ****         return;
 1497              		.loc 1 422 8 is_stmt 0 view .LVU339
 1498 0000 00F5C020 		add	r0, r0, #393216
 1499              	.LVL128:
 422:src/audio_engine.cpp ****         return;
 1500              		.loc 1 422 5 view .LVU340
 1501 0004 90F8043C 		ldrb	r3, [r0, #3076]	@ zero_extendqisi2
 1502 0008 3BB9     		cbnz	r3, .L128
 424:src/audio_engine.cpp ****     thermal_gain_        = 1.0f;
 1503              		.loc 1 424 5 is_stmt 1 view .LVU341
 425:src/audio_engine.cpp **** }
 1504              		.loc 1 425 26 is_stmt 0 view .LVU342
 1505 000a 4FF07E52 		mov	r2, #1065353216
 424:src/audio_engine.cpp ****     thermal_gain_        = 1.0f;
 1506              		.loc 1 424 26 view .LVU343
 1507 000e 0121     		movs	r1, #1
 425:src/audio_engine.cpp **** }
 1508              		.loc 1 425 26 view .LVU344
 1509 0010 00F60843 		addw	r3, r0, #3080
 424:src/audio_engine.cpp ****     thermal_gain_        = 1.0f;
ARM GAS  C:\Users\aydan\AppData\Local\Temp\ccfLkmFL.s 			page 43


 1510              		.loc 1 424 26 view .LVU345
 1511 0014 80F8041C 		strb	r1, [r0, #3076]
 425:src/audio_engine.cpp **** }
 1512              		.loc 1 425 5 is_stmt 1 view .LVU346
 425:src/audio_engine.cpp **** }
 1513              		.loc 1 425 26 is_stmt 0 view .LVU347
 1514 0018 1A60     		str	r2, [r3]	@ float
 1515              	.L128:
 426:src/audio_engine.cpp **** 
 1516              		.loc 1 426 1 view .LVU348
 1517 001a 7047     		bx	lr
 1518              		.cfi_endproc
 1519              	.LFE4753:
 1521              		.section	.text._ZN3app11AudioEngine15StartTransitionEhb,"ax",%progbits
 1522              		.align	1
 1523              		.p2align 2,,3
 1524              		.global	_ZN3app11AudioEngine15StartTransitionEhb
 1525              		.syntax unified
 1526              		.thumb
 1527              		.thumb_func
 1528              		.fpu fpv5-d16
 1530              	_ZN3app11AudioEngine15StartTransitionEhb:
 1531              	.LVL129:
 1532              	.LFB4754:
 432:src/audio_engine.cpp ****     pending_effect_ = requested_effect;
 1533              		.loc 1 432 1 is_stmt 1 view -0
 1534              		.cfi_startproc
 1535              		@ args = 0, pretend = 0, frame = 0
 1536              		@ frame_needed = 0, uses_anonymous_args = 0
 1537              		@ link register save eliminated.
 433:src/audio_engine.cpp ****     pending_bypass_ = requested_bypass;
 1538              		.loc 1 433 5 view .LVU350
 433:src/audio_engine.cpp ****     pending_bypass_ = requested_bypass;
 1539              		.loc 1 433 21 is_stmt 0 view .LVU351
 1540 0000 00F5C020 		add	r0, r0, #393216
 1541              	.LVL130:
 436:src/audio_engine.cpp ****                          && !active_bypass_;
 1542              		.loc 1 436 26 view .LVU352
 1543 0004 00F6FC33 		addw	r3, r0, #3068
 433:src/audio_engine.cpp ****     pending_bypass_ = requested_bypass;
 1544              		.loc 1 433 21 view .LVU353
 1545 0008 80F8F61B 		strb	r1, [r0, #3062]
 434:src/audio_engine.cpp **** 
 1546              		.loc 1 434 5 is_stmt 1 view .LVU354
 434:src/audio_engine.cpp **** 
 1547              		.loc 1 434 21 is_stmt 0 view .LVU355
 1548 000c 80F8F72B 		strb	r2, [r0, #3063]
 436:src/audio_engine.cpp ****                          && !active_bypass_;
 1549              		.loc 1 436 5 is_stmt 1 view .LVU356
 437:src/audio_engine.cpp ****     if(audible)
 1550              		.loc 1 437 26 is_stmt 0 view .LVU357
 1551 0010 D3ED007A 		vldr.32	s15, [r3]
 1552 0014 F5EEC07A 		vcmpe.f32	s15, #0
 1553 0018 F1EE10FA 		vmrs	APSR_nzcv, FPSCR
 1554 001c 02DD     		ble	.L131
 436:src/audio_engine.cpp ****                          && !active_bypass_;
 1555              		.loc 1 436 43 view .LVU358
ARM GAS  C:\Users\aydan\AppData\Local\Temp\ccfLkmFL.s 			page 44


 1556 001e 90F8F43B 		ldrb	r3, [r0, #3060]	@ zero_extendqisi2
 1557 0022 7BB9     		cbnz	r3, .L142
 1558              	.L131:
 1559              	.LVL131:
 438:src/audio_engine.cpp ****         transition_ = TRANSITION_FADING_OUT;
 1560              		.loc 1 438 5 is_stmt 1 view .LVU359
 442:src/audio_engine.cpp ****         active_bypass_ = pending_bypass_;
 1561              		.loc 1 442 9 view .LVU360
 444:src/audio_engine.cpp ****         transition_    = (active_effect_ != config::FX_TUNER && !active_bypass_)
 1562              		.loc 1 444 24 is_stmt 0 view .LVU361
 1563 0024 00F6FC33 		addw	r3, r0, #3068
 1564 0028 4FF0000C 		mov	ip, #0
 442:src/audio_engine.cpp ****         active_bypass_ = pending_bypass_;
 1565              		.loc 1 442 24 view .LVU362
 1566 002c 80F8F41B 		strb	r1, [r0, #3060]
 443:src/audio_engine.cpp ****         wet_gain_      = 0.0f;
 1567              		.loc 1 443 9 is_stmt 1 view .LVU363
 443:src/audio_engine.cpp ****         wet_gain_      = 0.0f;
 1568              		.loc 1 443 24 is_stmt 0 view .LVU364
 1569 0030 80F8F52B 		strb	r2, [r0, #3061]
 444:src/audio_engine.cpp ****         transition_    = (active_effect_ != config::FX_TUNER && !active_bypass_)
 1570              		.loc 1 444 9 is_stmt 1 view .LVU365
 444:src/audio_engine.cpp ****         transition_    = (active_effect_ != config::FX_TUNER && !active_bypass_)
 1571              		.loc 1 444 24 is_stmt 0 view .LVU366
 1572 0034 C3F800C0 		str	ip, [r3]	@ float
 445:src/audio_engine.cpp ****                           ? TRANSITION_FADING_IN
 1573              		.loc 1 445 9 is_stmt 1 view .LVU367
 445:src/audio_engine.cpp ****                           ? TRANSITION_FADING_IN
 1574              		.loc 1 445 62 is_stmt 0 view .LVU368
 1575 0038 01B1     		cbz	r1, .L138
 445:src/audio_engine.cpp ****                           ? TRANSITION_FADING_IN
 1576              		.loc 1 445 62 view .LVU369
 1577 003a 5AB1     		cbz	r2, .L136
 1578              	.L138:
 446:src/audio_engine.cpp ****                           : TRANSITION_STEADY;
 1579              		.loc 1 446 27 view .LVU370
 1580 003c 0023     		movs	r3, #0
 445:src/audio_engine.cpp ****                           ? TRANSITION_FADING_IN
 1581              		.loc 1 445 24 view .LVU371
 1582 003e 80F8F83B 		strb	r3, [r0, #3064]
 449:src/audio_engine.cpp **** 
 1583              		.loc 1 449 1 view .LVU372
 1584 0042 7047     		bx	lr
 1585              	.LVL132:
 1586              	.L142:
 437:src/audio_engine.cpp ****     if(audible)
 1587              		.loc 1 437 26 discriminator 3 view .LVU373
 1588 0044 90F8F53B 		ldrb	r3, [r0, #3061]	@ zero_extendqisi2
 1589 0048 002B     		cmp	r3, #0
 1590 004a EBD1     		bne	.L131
 1591              	.LVL133:
 438:src/audio_engine.cpp ****         transition_ = TRANSITION_FADING_OUT;
 1592              		.loc 1 438 5 is_stmt 1 view .LVU374
 439:src/audio_engine.cpp ****     else
 1593              		.loc 1 439 9 view .LVU375
 439:src/audio_engine.cpp ****     else
 1594              		.loc 1 439 21 is_stmt 0 view .LVU376
ARM GAS  C:\Users\aydan\AppData\Local\Temp\ccfLkmFL.s 			page 45


 1595 004c 0123     		movs	r3, #1
 1596 004e 80F8F83B 		strb	r3, [r0, #3064]
 1597 0052 7047     		bx	lr
 1598              	.LVL134:
 1599              	.L136:
 446:src/audio_engine.cpp ****                           : TRANSITION_STEADY;
 1600              		.loc 1 446 27 view .LVU377
 1601 0054 0223     		movs	r3, #2
 445:src/audio_engine.cpp ****                           ? TRANSITION_FADING_IN
 1602              		.loc 1 445 24 view .LVU378
 1603 0056 80F8F83B 		strb	r3, [r0, #3064]
 449:src/audio_engine.cpp **** 
 1604              		.loc 1 449 1 view .LVU379
 1605 005a 7047     		bx	lr
 1606              		.cfi_endproc
 1607              	.LFE4754:
 1609              		.section	.text._ZN3app11AudioEngine14StepTransitionEv,"ax",%progbits
 1610              		.align	1
 1611              		.p2align 2,,3
 1612              		.global	_ZN3app11AudioEngine14StepTransitionEv
 1613              		.syntax unified
 1614              		.thumb
 1615              		.thumb_func
 1616              		.fpu fpv5-d16
 1618              	_ZN3app11AudioEngine14StepTransitionEv:
 1619              	.LVL135:
 1620              	.LFB4755:
 454:src/audio_engine.cpp ****     if(transition_ == TRANSITION_FADING_OUT)
 1621              		.loc 1 454 1 is_stmt 1 view -0
 1622              		.cfi_startproc
 1623              		@ args = 0, pretend = 0, frame = 0
 1624              		@ frame_needed = 0, uses_anonymous_args = 0
 1625              		@ link register save eliminated.
 455:src/audio_engine.cpp ****     {
 1626              		.loc 1 455 5 view .LVU381
 455:src/audio_engine.cpp ****     {
 1627              		.loc 1 455 8 is_stmt 0 view .LVU382
 1628 0000 00F5C020 		add	r0, r0, #393216
 1629              	.LVL136:
 455:src/audio_engine.cpp ****     {
 1630              		.loc 1 455 8 view .LVU383
 1631 0004 90F8F83B 		ldrb	r3, [r0, #3064]	@ zero_extendqisi2
 455:src/audio_engine.cpp ****     {
 1632              		.loc 1 455 5 view .LVU384
 1633 0008 012B     		cmp	r3, #1
 1634 000a 17D0     		beq	.L155
 469:src/audio_engine.cpp ****     {
 1635              		.loc 1 469 10 is_stmt 1 view .LVU385
 1636 000c 022B     		cmp	r3, #2
 1637 000e 00D0     		beq	.L156
 478:src/audio_engine.cpp **** 
 1638              		.loc 1 478 1 is_stmt 0 view .LVU386
 1639 0010 7047     		bx	lr
 1640              	.L156:
 471:src/audio_engine.cpp ****         if(wet_gain_ >= 1.0f)
 1641              		.loc 1 471 9 is_stmt 1 view .LVU387
 471:src/audio_engine.cpp ****         if(wet_gain_ >= 1.0f)
ARM GAS  C:\Users\aydan\AppData\Local\Temp\ccfLkmFL.s 			page 46


 1642              		.loc 1 471 19 is_stmt 0 view .LVU388
 1643 0012 00F6FC32 		addw	r2, r0, #3068
 471:src/audio_engine.cpp ****         if(wet_gain_ >= 1.0f)
 1644              		.loc 1 471 22 view .LVU389
 1645 0016 00F54063 		add	r3, r0, #3072
 472:src/audio_engine.cpp ****         {
 1646              		.loc 1 472 9 view .LVU390
 1647 001a B7EE007A 		vmov.f32	s14, #1.0e+0
 471:src/audio_engine.cpp ****         if(wet_gain_ >= 1.0f)
 1648              		.loc 1 471 19 view .LVU391
 1649 001e D2ED007A 		vldr.32	s15, [r2]
 1650 0022 D3ED006A 		vldr.32	s13, [r3]
 1651 0026 77EEA67A 		vadd.f32	s15, s15, s13
 472:src/audio_engine.cpp ****         {
 1652              		.loc 1 472 9 is_stmt 1 view .LVU392
 1653 002a F4EEC77A 		vcmpe.f32	s15, s14
 1654 002e F1EE10FA 		vmrs	APSR_nzcv, FPSCR
 1655 0032 13DB     		blt	.L153
 474:src/audio_engine.cpp ****             transition_ = TRANSITION_STEADY;
 1656              		.loc 1 474 13 view .LVU393
 475:src/audio_engine.cpp ****         }
 1657              		.loc 1 475 25 is_stmt 0 view .LVU394
 1658 0034 0023     		movs	r3, #0
 474:src/audio_engine.cpp ****             transition_ = TRANSITION_STEADY;
 1659              		.loc 1 474 25 view .LVU395
 1660 0036 82ED007A 		vstr.32	s14, [r2]
 1661 003a 1EE0     		b	.L154
 1662              	.L155:
 457:src/audio_engine.cpp ****         if(wet_gain_ <= 0.0f)
 1663              		.loc 1 457 9 is_stmt 1 view .LVU396
 457:src/audio_engine.cpp ****         if(wet_gain_ <= 0.0f)
 1664              		.loc 1 457 19 is_stmt 0 view .LVU397
 1665 003c 00F6FC32 		addw	r2, r0, #3068
 457:src/audio_engine.cpp ****         if(wet_gain_ <= 0.0f)
 1666              		.loc 1 457 22 view .LVU398
 1667 0040 00F54063 		add	r3, r0, #3072
 458:src/audio_engine.cpp ****         {
 1668              		.loc 1 458 9 view .LVU399
 1669 0044 0021     		movs	r1, #0
 457:src/audio_engine.cpp ****         if(wet_gain_ <= 0.0f)
 1670              		.loc 1 457 19 view .LVU400
 1671 0046 D2ED007A 		vldr.32	s15, [r2]
 1672 004a 93ED007A 		vldr.32	s14, [r3]
 1673 004e 77EEC77A 		vsub.f32	s15, s15, s14
 458:src/audio_engine.cpp ****         {
 1674              		.loc 1 458 9 is_stmt 1 view .LVU401
 1675 0052 F5EEC07A 		vcmpe.f32	s15, #0
 1676 0056 F1EE10FA 		vmrs	APSR_nzcv, FPSCR
 1677 005a 02D9     		bls	.L145
 1678              	.L153:
 471:src/audio_engine.cpp ****         if(wet_gain_ >= 1.0f)
 1679              		.loc 1 471 19 is_stmt 0 view .LVU402
 1680 005c C2ED007A 		vstr.32	s15, [r2]
 1681 0060 7047     		bx	lr
 1682              	.L145:
 1683              	.LVL137:
 1684              	.LBB173:
ARM GAS  C:\Users\aydan\AppData\Local\Temp\ccfLkmFL.s 			page 47


 1685              	.LBI173:
 453:src/audio_engine.cpp **** {
 1686              		.loc 1 453 6 is_stmt 1 view .LVU403
 1687              	.LBB174:
 460:src/audio_engine.cpp ****             active_effect_ = pending_effect_;
 1688              		.loc 1 460 13 view .LVU404
 460:src/audio_engine.cpp ****             active_effect_ = pending_effect_;
 1689              		.loc 1 460 28 is_stmt 0 view .LVU405
 1690 0062 1160     		str	r1, [r2]	@ float
 461:src/audio_engine.cpp ****             active_bypass_ = pending_bypass_;
 1691              		.loc 1 461 13 is_stmt 1 view .LVU406
 462:src/audio_engine.cpp ****             transition_
 1692              		.loc 1 462 30 is_stmt 0 view .LVU407
 1693 0064 90F8F72B 		ldrb	r2, [r0, #3063]	@ zero_extendqisi2
 461:src/audio_engine.cpp ****             active_bypass_ = pending_bypass_;
 1694              		.loc 1 461 30 view .LVU408
 1695 0068 90F8F63B 		ldrb	r3, [r0, #3062]	@ zero_extendqisi2
 462:src/audio_engine.cpp ****             transition_
 1696              		.loc 1 462 28 view .LVU409
 1697 006c 80F8F52B 		strb	r2, [r0, #3061]
 461:src/audio_engine.cpp ****             active_bypass_ = pending_bypass_;
 1698              		.loc 1 461 28 view .LVU410
 1699 0070 80F8F43B 		strb	r3, [r0, #3060]
 462:src/audio_engine.cpp ****             transition_
 1700              		.loc 1 462 13 is_stmt 1 view .LVU411
 463:src/audio_engine.cpp ****                 = (active_effect_ != config::FX_TUNER && !active_bypass_)
 1701              		.loc 1 463 13 view .LVU412
 464:src/audio_engine.cpp ****                       ? TRANSITION_FADING_IN
 1702              		.loc 1 464 55 is_stmt 0 view .LVU413
 1703 0074 03B1     		cbz	r3, .L152
 1704 0076 1AB1     		cbz	r2, .L151
 1705              	.L152:
 465:src/audio_engine.cpp ****                       : TRANSITION_STEADY;
 1706              		.loc 1 465 23 view .LVU414
 1707 0078 0023     		movs	r3, #0
 1708              	.LVL138:
 1709              	.L154:
 465:src/audio_engine.cpp ****                       : TRANSITION_STEADY;
 1710              		.loc 1 465 23 view .LVU415
 1711              	.LBE174:
 1712              	.LBE173:
 475:src/audio_engine.cpp ****         }
 1713              		.loc 1 475 13 is_stmt 1 view .LVU416
 475:src/audio_engine.cpp ****         }
 1714              		.loc 1 475 25 is_stmt 0 view .LVU417
 1715 007a 80F8F83B 		strb	r3, [r0, #3064]
 478:src/audio_engine.cpp **** 
 1716              		.loc 1 478 1 view .LVU418
 1717 007e 7047     		bx	lr
 1718              	.LVL139:
 1719              	.L151:
 1720              	.LBB176:
 1721              	.LBB175:
 465:src/audio_engine.cpp ****                       : TRANSITION_STEADY;
 1722              		.loc 1 465 23 view .LVU419
 1723 0080 0223     		movs	r3, #2
 1724 0082 FAE7     		b	.L154
ARM GAS  C:\Users\aydan\AppData\Local\Temp\ccfLkmFL.s 			page 48


 1725              	.LBE175:
 1726              	.LBE176:
 1727              		.cfi_endproc
 1728              	.LFE4755:
 1730              		.section	.text._ZN3app11AudioEngine7ProcessEPKPKfPPfj,"ax",%progbits
 1731              		.align	1
 1732              		.p2align 2,,3
 1733              		.global	_ZN3app11AudioEngine7ProcessEPKPKfPPfj
 1734              		.syntax unified
 1735              		.thumb
 1736              		.thumb_func
 1737              		.fpu fpv5-d16
 1739              	_ZN3app11AudioEngine7ProcessEPKPKfPPfj:
 1740              	.LVL140:
 1741              	.LFB4745:
 128:src/audio_engine.cpp **** #if AUDIO_CPU_LOAD_DEBUG
 1742              		.loc 1 128 1 is_stmt 1 view -0
 1743              		.cfi_startproc
 1744              		@ args = 0, pretend = 0, frame = 8
 1745              		@ frame_needed = 0, uses_anonymous_args = 0
 130:src/audio_engine.cpp ****     cpu_load_.OnBlockStart();
 1746              		.loc 1 130 5 view .LVU421
 128:src/audio_engine.cpp **** #if AUDIO_CPU_LOAD_DEBUG
 1747              		.loc 1 128 1 is_stmt 0 view .LVU422
 1748 0000 2DE9F04F 		push	{r4, r5, r6, r7, r8, r9, r10, fp, lr}
 1749              		.cfi_def_cfa_offset 36
 1750              		.cfi_offset 4, -36
 1751              		.cfi_offset 5, -32
 1752              		.cfi_offset 6, -28
 1753              		.cfi_offset 7, -24
 1754              		.cfi_offset 8, -20
 1755              		.cfi_offset 9, -16
 1756              		.cfi_offset 10, -12
 1757              		.cfi_offset 11, -8
 1758              		.cfi_offset 14, -4
 130:src/audio_engine.cpp ****     cpu_load_.OnBlockStart();
 1759              		.loc 1 130 19 view .LVU423
 1760 0004 00F5C026 		add	r6, r0, #393216
 128:src/audio_engine.cpp **** #if AUDIO_CPU_LOAD_DEBUG
 1761              		.loc 1 128 1 view .LVU424
 1762 0008 0746     		mov	r7, r0
 1763 000a 9846     		mov	r8, r3
 1764 000c 8946     		mov	r9, r1
 1765 000e 9346     		mov	fp, r2
 1766 0010 2DED028B 		vpush.64	{d8}
 1767              		.cfi_def_cfa_offset 44
 1768              		.cfi_offset 80, -44
 1769              		.cfi_offset 81, -40
 1770 0014 83B0     		sub	sp, sp, #12
 1771              		.cfi_def_cfa_offset 56
 130:src/audio_engine.cpp ****     cpu_load_.OnBlockStart();
 1772              		.loc 1 130 19 view .LVU425
 1773 0016 96F8F43B 		ldrb	r3, [r6, #3060]	@ zero_extendqisi2
 1774              	.LVL141:
 130:src/audio_engine.cpp ****     cpu_load_.OnBlockStart();
 1775              		.loc 1 130 19 view .LVU426
 1776 001a 0193     		str	r3, [sp, #4]
ARM GAS  C:\Users\aydan\AppData\Local\Temp\ccfLkmFL.s 			page 49


 1777              	.LVL142:
 131:src/audio_engine.cpp **** #endif
 1778              		.loc 1 131 5 is_stmt 1 view .LVU427
 1779              	.LBB191:
 1780              	.LBI191:
  22:../../libDaisy/src/util/CpuLoadMeter.h **** 
  23:../../libDaisy/src/util/CpuLoadMeter.h ****     /** Initializes the CpuLoadMeter for a particular sample rate and block size.
  24:../../libDaisy/src/util/CpuLoadMeter.h ****      *  @param sampleRateInHz           The sample rate in Hz
  25:../../libDaisy/src/util/CpuLoadMeter.h ****      *  @param blockSizeInSamples       The block size in samples
  26:../../libDaisy/src/util/CpuLoadMeter.h ****      *  @param smoothingFilterCutoffHz  The cutoff frequency of the smoothing filter that's used to
  27:../../libDaisy/src/util/CpuLoadMeter.h ****      *                                  create the average CPU load reading.
  28:../../libDaisy/src/util/CpuLoadMeter.h ****      */
  29:../../libDaisy/src/util/CpuLoadMeter.h ****     void Init(float sampleRateInHz,
  30:../../libDaisy/src/util/CpuLoadMeter.h ****               int   blockSizeInSamples,
  31:../../libDaisy/src/util/CpuLoadMeter.h ****               float smoothingFilterCutoffHz = 1.0f)
  32:../../libDaisy/src/util/CpuLoadMeter.h ****     {
  33:../../libDaisy/src/util/CpuLoadMeter.h ****         const auto secPerBlock = float(blockSizeInSamples) / sampleRateInHz;
  34:../../libDaisy/src/util/CpuLoadMeter.h ****         const auto ticksPerS   = float(System::GetTickFreq());
  35:../../libDaisy/src/util/CpuLoadMeter.h ****         ticksPerBlockInv_      = 1.0f / (ticksPerS * secPerBlock);
  36:../../libDaisy/src/util/CpuLoadMeter.h **** 
  37:../../libDaisy/src/util/CpuLoadMeter.h ****         // update filter coefficient for smoothing filter (1pole lowpass)
  38:../../libDaisy/src/util/CpuLoadMeter.h ****         const auto blockRateInHz = sampleRateInHz / float(blockSizeInSamples);
  39:../../libDaisy/src/util/CpuLoadMeter.h ****         const auto cutoffNormalized
  40:../../libDaisy/src/util/CpuLoadMeter.h ****             = smoothingFilterCutoffHz * 2.0f * 3.141592653f / blockRateInHz;
  41:../../libDaisy/src/util/CpuLoadMeter.h ****         // according to
  42:../../libDaisy/src/util/CpuLoadMeter.h ****         // https://en.wikipedia.org/wiki/Low-pass_filter#Simple_infinite_impulse_response_filter
  43:../../libDaisy/src/util/CpuLoadMeter.h ****         smoothingConstant_ = cutoffNormalized / (cutoffNormalized + 1.0f);
  44:../../libDaisy/src/util/CpuLoadMeter.h **** 
  45:../../libDaisy/src/util/CpuLoadMeter.h ****         Reset();
  46:../../libDaisy/src/util/CpuLoadMeter.h ****     }
  47:../../libDaisy/src/util/CpuLoadMeter.h **** 
  48:../../libDaisy/src/util/CpuLoadMeter.h ****     /** Call this at the beginning of your audio callback */
  49:../../libDaisy/src/util/CpuLoadMeter.h ****     void OnBlockStart() { currentBlockStartTicks_ = System::GetTick(); }
 1781              		.loc 2 49 10 view .LVU428
 1782              	.LBB192:
 1783              		.loc 2 49 27 view .LVU429
 1784              		.loc 2 49 68 is_stmt 0 view .LVU430
 1785 001c FFF7FEFF 		bl	_ZN5daisy6System7GetTickEv
 1786              	.LVL143:
 1787              		.loc 2 49 51 view .LVU431
 1788 0020 C6F8180C 		str	r0, [r6, #3096]
 1789              	.LVL144:
 1790              		.loc 2 49 51 view .LVU432
 1791              	.LBE192:
 1792              	.LBE191:
 135:src/audio_engine.cpp **** #endif
 1793              		.loc 1 135 5 is_stmt 1 view .LVU433
 135:src/audio_engine.cpp **** #endif
 1794              		.loc 1 135 27 is_stmt 0 view .LVU434
 1795 0024 3846     		mov	r0, r7
 1796 0026 FFF7FEFF 		bl	_ZN3app11AudioEngine22ApplySnapshotIfChangedEv
 1797              	.LVL145:
 167:src/audio_engine.cpp ****         tuner_capture_->WriteBlock(in[0], size);
 1798              		.loc 1 167 5 is_stmt 1 view .LVU435
 167:src/audio_engine.cpp ****         tuner_capture_->WriteBlock(in[0], size);
 1799              		.loc 1 167 8 is_stmt 0 view .LVU436
 1800 002a 7868     		ldr	r0, [r7, #4]
ARM GAS  C:\Users\aydan\AppData\Local\Temp\ccfLkmFL.s 			page 50


 167:src/audio_engine.cpp ****         tuner_capture_->WriteBlock(in[0], size);
 1801              		.loc 1 167 5 view .LVU437
 1802 002c 20B1     		cbz	r0, .L158
 167:src/audio_engine.cpp ****         tuner_capture_->WriteBlock(in[0], size);
 1803              		.loc 1 167 23 discriminator 1 view .LVU438
 1804 002e 96F8043C 		ldrb	r3, [r6, #3076]	@ zero_extendqisi2
 1805 0032 002B     		cmp	r3, #0
 1806 0034 00F0E380 		beq	.L207
 1807              	.L158:
 1808              	.LVL146:
 1809              	.LBB193:
 171:src/audio_engine.cpp ****     {
 1810              		.loc 1 171 25 is_stmt 1 discriminator 1 view .LVU439
 1811 0038 B8F1000F 		cmp	r8, #0
 1812 003c 74D0     		beq	.L166
 171:src/audio_engine.cpp ****     {
 1813              		.loc 1 171 25 is_stmt 0 view .LVU440
 1814 003e 0025     		movs	r5, #0
 1815 0040 0FE0     		b	.L159
 1816              	.LVL147:
 1817              	.L208:
 1818              	.LBB194:
 1819              	.LBB195:
 1820              	.LBB196:
 308:src/audio_engine.cpp **** }
 1821              		.loc 1 308 53 view .LVU441
 1822 0042 DFED727A 		vldr.32	s15, .L211
 1823 0046 B4EE678A 		vcmp.f32	s16, s15
 1824 004a F1EE10FA 		vmrs	APSR_nzcv, FPSCR
 1825 004e 37FE888A 		vselgt.f32	s16, s15, s16
 1826              	.LVL148:
 1827              	.L165:
 308:src/audio_engine.cpp **** }
 1828              		.loc 1 308 53 view .LVU442
 1829              	.LBE196:
 1830              	.LBE195:
 1831              	.LBE194:
 171:src/audio_engine.cpp ****     {
 1832              		.loc 1 171 5 view .LVU443
 1833 0052 0135     		adds	r5, r5, #1
 1834              	.LVL149:
 1835              	.LBB215:
 226:src/audio_engine.cpp ****         }
 1836              		.loc 1 226 27 view .LVU444
 1837 0054 3846     		mov	r0, r7
 205:src/audio_engine.cpp **** #endif
 1838              		.loc 1 205 19 view .LVU445
 1839 0056 83ED008A 		vstr.32	s16, [r3]
 225:src/audio_engine.cpp ****             StepTransition();
 1840              		.loc 1 225 9 is_stmt 1 view .LVU446
 226:src/audio_engine.cpp ****         }
 1841              		.loc 1 226 13 view .LVU447
 226:src/audio_engine.cpp ****         }
 1842              		.loc 1 226 27 is_stmt 0 view .LVU448
 1843 005a FFF7FEFF 		bl	_ZN3app11AudioEngine14StepTransitionEv
 1844              	.LVL150:
 226:src/audio_engine.cpp ****         }
ARM GAS  C:\Users\aydan\AppData\Local\Temp\ccfLkmFL.s 			page 51


 1845              		.loc 1 226 27 view .LVU449
 1846              	.LBE215:
 171:src/audio_engine.cpp ****     {
 1847              		.loc 1 171 5 is_stmt 1 view .LVU450
 171:src/audio_engine.cpp ****     {
 1848              		.loc 1 171 25 view .LVU451
 1849 005e A845     		cmp	r8, r5
 1850 0060 62D0     		beq	.L166
 1851              	.LVL151:
 1852              	.L159:
 1853              	.LBB216:
 182:src/audio_engine.cpp **** #if DIAG_ENGINE_TRANSITIONS
 1854              		.loc 1 182 9 view .LVU452
 188:src/audio_engine.cpp **** 
 1855              		.loc 1 188 53 is_stmt 0 view .LVU453
 1856 0062 96F8F41B 		ldrb	r1, [r6, #3060]	@ zero_extendqisi2
 1857 0066 4FEA850A 		lsl	r10, r5, #2
 188:src/audio_engine.cpp **** 
 1858              		.loc 1 188 39 view .LVU454
 1859 006a 694C     		ldr	r4, .L211+4
 182:src/audio_engine.cpp **** #if DIAG_ENGINE_TRANSITIONS
 1860              		.loc 1 182 21 view .LVU455
 1861 006c D9F80030 		ldr	r3, [r9]
 188:src/audio_engine.cpp **** 
 1862              		.loc 1 188 39 view .LVU456
 1863 0070 0C44     		add	r4, r4, r1
 182:src/audio_engine.cpp **** #if DIAG_ENGINE_TRANSITIONS
 1864              		.loc 1 182 21 view .LVU457
 1865 0072 03EB8503 		add	r3, r3, r5, lsl #2
 188:src/audio_engine.cpp **** 
 1866              		.loc 1 188 39 view .LVU458
 1867 0076 07EB8404 		add	r4, r7, r4, lsl #2
 182:src/audio_engine.cpp **** #if DIAG_ENGINE_TRANSITIONS
 1868              		.loc 1 182 21 view .LVU459
 1869 007a 93ED008A 		vldr.32	s16, [r3]
 1870              	.LVL152:
 184:src/audio_engine.cpp ****         float wet_r = x;
 1871              		.loc 1 184 9 is_stmt 1 view .LVU460
 185:src/audio_engine.cpp **** #endif
 1872              		.loc 1 185 9 view .LVU461
 188:src/audio_engine.cpp **** 
 1873              		.loc 1 188 9 view .LVU462
 188:src/audio_engine.cpp **** 
 1874              		.loc 1 188 39 is_stmt 0 view .LVU463
 1875 007e 6468     		ldr	r4, [r4, #4]
 1876              	.LVL153:
 191:src/audio_engine.cpp ****            && !(active_bypass_ && transition_ == TRANSITION_STEADY))
 1877              		.loc 1 191 9 is_stmt 1 view .LVU464
 191:src/audio_engine.cpp ****            && !(active_bypass_ && transition_ == TRANSITION_STEADY))
 1878              		.loc 1 191 15 is_stmt 0 view .LVU465
 1879 0080 E9B3     		cbz	r1, .L177
 1880 0082 E4B3     		cbz	r4, .L177
 192:src/audio_engine.cpp ****             ProcessEffectSample(fx, x, wet_l, wet_r);
 1881              		.loc 1 192 12 view .LVU466
 1882 0084 96F8F53B 		ldrb	r3, [r6, #3061]	@ zero_extendqisi2
 1883              	.LBB200:
 1884              	.LBB201:
ARM GAS  C:\Users\aydan\AppData\Local\Temp\ccfLkmFL.s 			page 52


 486:src/audio_engine.cpp ****     out_l = fx->GetAudioLeft();
 1885              		.loc 1 486 20 view .LVU467
 1886 0088 B0EE480A 		vmov.f32	s0, s16
 1887              	.LBE201:
 1888              	.LBE200:
 192:src/audio_engine.cpp ****             ProcessEffectSample(fx, x, wet_l, wet_r);
 1889              		.loc 1 192 12 view .LVU468
 1890 008c FBB3     		cbz	r3, .L163
 192:src/audio_engine.cpp ****             ProcessEffectSample(fx, x, wet_l, wet_r);
 1891              		.loc 1 192 15 discriminator 1 view .LVU469
 1892 008e 96F8F83B 		ldrb	r3, [r6, #3064]	@ zero_extendqisi2
 1893 0092 E3BB     		cbnz	r3, .L163
 184:src/audio_engine.cpp ****         float wet_r = x;
 1894              		.loc 1 184 15 view .LVU470
 1895 0094 F0EE488A 		vmov.f32	s17, s16
 1896              	.LVL154:
 1897              	.L162:
 204:src/audio_engine.cpp ****         out[1][i] = ClampOutput(x + wet_gain_ * (wet_r - x));
 1898              		.loc 1 204 9 is_stmt 1 discriminator 2 view .LVU471
 204:src/audio_engine.cpp ****         out[1][i] = ClampOutput(x + wet_gain_ * (wet_r - x));
 1899              		.loc 1 204 37 is_stmt 0 discriminator 2 view .LVU472
 1900 0098 06F6FC31 		addw	r1, r6, #3068
 204:src/audio_engine.cpp ****         out[1][i] = ClampOutput(x + wet_gain_ * (wet_r - x));
 1901              		.loc 1 204 56 discriminator 2 view .LVU473
 1902 009c 38EEC87A 		vsub.f32	s14, s17, s16
 204:src/audio_engine.cpp ****         out[1][i] = ClampOutput(x + wet_gain_ * (wet_r - x));
 1903              		.loc 1 204 32 discriminator 2 view .LVU474
 1904 00a0 F0EE487A 		vmov.f32	s15, s16
 1905              	.LBB203:
 1906              	.LBB204:
 308:src/audio_engine.cpp **** }
 1907              		.loc 1 308 27 discriminator 2 view .LVU475
 1908 00a4 DFED5B6A 		vldr.32	s13, .L211+8
 1909              	.LBE204:
 1910              	.LBE203:
 204:src/audio_engine.cpp ****         out[1][i] = ClampOutput(x + wet_gain_ * (wet_r - x));
 1911              		.loc 1 204 32 discriminator 2 view .LVU476
 1912 00a8 91ED006A 		vldr.32	s12, [r1]
 204:src/audio_engine.cpp ****         out[1][i] = ClampOutput(x + wet_gain_ * (wet_r - x));
 1913              		.loc 1 204 17 discriminator 2 view .LVU477
 1914 00ac DBF80030 		ldr	r3, [fp]
 204:src/audio_engine.cpp ****         out[1][i] = ClampOutput(x + wet_gain_ * (wet_r - x));
 1915              		.loc 1 204 32 discriminator 2 view .LVU478
 1916 00b0 E6EE077A 		vfma.f32	s15, s12, s14
 1917              	.LVL155:
 1918              	.LBB208:
 1919              	.LBI203:
 306:src/audio_engine.cpp **** {
 1920              		.loc 1 306 7 is_stmt 1 discriminator 2 view .LVU479
 1921              	.LBB205:
 308:src/audio_engine.cpp **** }
 1922              		.loc 1 308 5 discriminator 2 view .LVU480
 1923              	.LBE205:
 1924              	.LBE208:
 204:src/audio_engine.cpp ****         out[1][i] = ClampOutput(x + wet_gain_ * (wet_r - x));
 1925              		.loc 1 204 17 is_stmt 0 discriminator 2 view .LVU481
 1926 00b4 5344     		add	r3, r3, r10
ARM GAS  C:\Users\aydan\AppData\Local\Temp\ccfLkmFL.s 			page 53


 1927              	.LBB209:
 1928              	.LBB206:
 308:src/audio_engine.cpp **** }
 1929              		.loc 1 308 27 discriminator 2 view .LVU482
 1930 00b6 F4EEE67A 		vcmpe.f32	s15, s13
 1931 00ba F1EE10FA 		vmrs	APSR_nzcv, FPSCR
 1932 00be 23D4     		bmi	.L179
 308:src/audio_engine.cpp **** }
 1933              		.loc 1 308 53 view .LVU483
 1934 00c0 9FED527A 		vldr.32	s14, .L211
 1935 00c4 F4EE477A 		vcmp.f32	s15, s14
 1936 00c8 F1EE10FA 		vmrs	APSR_nzcv, FPSCR
 1937 00cc 77FE277A 		vselgt.f32	s15, s14, s15
 1938              	.LVL156:
 1939              	.L164:
 308:src/audio_engine.cpp **** }
 1940              		.loc 1 308 53 view .LVU484
 1941              	.LBE206:
 1942              	.LBE209:
 205:src/audio_engine.cpp **** #endif
 1943              		.loc 1 205 37 view .LVU485
 1944 00d0 06F6FC31 		addw	r1, r6, #3068
 205:src/audio_engine.cpp **** #endif
 1945              		.loc 1 205 56 view .LVU486
 1946 00d4 30EE480A 		vsub.f32	s0, s0, s16
 1947              	.LVL157:
 204:src/audio_engine.cpp ****         out[1][i] = ClampOutput(x + wet_gain_ * (wet_r - x));
 1948              		.loc 1 204 19 view .LVU487
 1949 00d8 C3ED007A 		vstr.32	s15, [r3]
 205:src/audio_engine.cpp **** #endif
 1950              		.loc 1 205 9 is_stmt 1 view .LVU488
 205:src/audio_engine.cpp **** #endif
 1951              		.loc 1 205 32 is_stmt 0 view .LVU489
 1952 00dc 91ED007A 		vldr.32	s14, [r1]
 1953              	.LBB210:
 1954              	.LBB197:
 308:src/audio_engine.cpp **** }
 1955              		.loc 1 308 27 view .LVU490
 1956 00e0 DFED4C7A 		vldr.32	s15, .L211+8
 1957              	.LBE197:
 1958              	.LBE210:
 205:src/audio_engine.cpp **** #endif
 1959              		.loc 1 205 32 view .LVU491
 1960 00e4 A7EE008A 		vfma.f32	s16, s14, s0
 1961              	.LVL158:
 1962              	.LBB211:
 1963              	.LBI195:
 306:src/audio_engine.cpp **** {
 1964              		.loc 1 306 7 is_stmt 1 view .LVU492
 1965              	.LBB198:
 308:src/audio_engine.cpp **** }
 1966              		.loc 1 308 5 view .LVU493
 1967              	.LBE198:
 1968              	.LBE211:
 205:src/audio_engine.cpp **** #endif
 1969              		.loc 1 205 17 is_stmt 0 view .LVU494
 1970 00e8 DBF80430 		ldr	r3, [fp, #4]
ARM GAS  C:\Users\aydan\AppData\Local\Temp\ccfLkmFL.s 			page 54


 1971 00ec 5344     		add	r3, r3, r10
 1972              	.LBB212:
 1973              	.LBB199:
 308:src/audio_engine.cpp **** }
 1974              		.loc 1 308 27 view .LVU495
 1975 00ee B4EEE78A 		vcmpe.f32	s16, s15
 1976 00f2 F1EE10FA 		vmrs	APSR_nzcv, FPSCR
 1977 00f6 A4D5     		bpl	.L208
 1978 00f8 B0EE678A 		vmov.f32	s16, s15
 1979              	.LVL159:
 308:src/audio_engine.cpp **** }
 1980              		.loc 1 308 27 view .LVU496
 1981 00fc A9E7     		b	.L165
 1982              	.LVL160:
 1983              	.L177:
 308:src/audio_engine.cpp **** }
 1984              		.loc 1 308 27 view .LVU497
 1985              	.LBE199:
 1986              	.LBE212:
 185:src/audio_engine.cpp **** #endif
 1987              		.loc 1 185 15 view .LVU498
 1988 00fe B0EE480A 		vmov.f32	s0, s16
 184:src/audio_engine.cpp ****         float wet_r = x;
 1989              		.loc 1 184 15 view .LVU499
 1990 0102 F0EE488A 		vmov.f32	s17, s16
 1991 0106 C7E7     		b	.L162
 1992              	.LVL161:
 1993              	.L179:
 1994              	.LBB213:
 1995              	.LBB207:
 308:src/audio_engine.cpp **** }
 1996              		.loc 1 308 27 view .LVU500
 1997 0108 F0EE667A 		vmov.f32	s15, s13
 1998              	.LVL162:
 308:src/audio_engine.cpp **** }
 1999              		.loc 1 308 27 view .LVU501
 2000 010c E0E7     		b	.L164
 2001              	.LVL163:
 2002              	.L163:
 308:src/audio_engine.cpp **** }
 2003              		.loc 1 308 27 view .LVU502
 2004              	.LBE207:
 2005              	.LBE213:
 193:src/audio_engine.cpp **** #else
 2006              		.loc 1 193 13 is_stmt 1 view .LVU503
 2007              	.LBB214:
 2008              	.LBI200:
 481:src/audio_engine.cpp ****                                       float                         in,
 2009              		.loc 1 481 6 view .LVU504
 2010              	.LBB202:
 486:src/audio_engine.cpp ****     out_l = fx->GetAudioLeft();
 2011              		.loc 1 486 5 view .LVU505
 486:src/audio_engine.cpp ****     out_l = fx->GetAudioLeft();
 2012              		.loc 1 486 23 is_stmt 0 view .LVU506
 2013 010e 2368     		ldr	r3, [r4]
 486:src/audio_engine.cpp ****     out_l = fx->GetAudioLeft();
 2014              		.loc 1 486 20 view .LVU507
ARM GAS  C:\Users\aydan\AppData\Local\Temp\ccfLkmFL.s 			page 55


 2015 0110 2046     		mov	r0, r4
 2016 0112 DB68     		ldr	r3, [r3, #12]
 2017 0114 9847     		blx	r3
 2018              	.LVL164:
 487:src/audio_engine.cpp ****     out_r = fx->GetAudioRight();
 2019              		.loc 1 487 5 is_stmt 1 view .LVU508
 487:src/audio_engine.cpp ****     out_r = fx->GetAudioRight();
 2020              		.loc 1 487 29 is_stmt 0 view .LVU509
 2021 0116 2046     		mov	r0, r4
 2022 0118 FFF7FEFF 		bl	_ZN10bkshepherd16BaseEffectModule12GetAudioLeftEv
 2023              	.LVL165:
 488:src/audio_engine.cpp **** }
 2024              		.loc 1 488 30 view .LVU510
 2025 011c 2046     		mov	r0, r4
 487:src/audio_engine.cpp ****     out_r = fx->GetAudioRight();
 2026              		.loc 1 487 29 view .LVU511
 2027 011e F0EE408A 		vmov.f32	s17, s0
 2028              	.LVL166:
 488:src/audio_engine.cpp **** }
 2029              		.loc 1 488 5 is_stmt 1 view .LVU512
 488:src/audio_engine.cpp **** }
 2030              		.loc 1 488 30 is_stmt 0 view .LVU513
 2031 0122 FFF7FEFF 		bl	_ZN10bkshepherd16BaseEffectModule13GetAudioRightEv
 2032              	.LVL167:
 489:src/audio_engine.cpp **** 
 2033              		.loc 1 489 1 view .LVU514
 2034 0126 B7E7     		b	.L162
 2035              	.LVL168:
 2036              	.L166:
 489:src/audio_engine.cpp **** 
 2037              		.loc 1 489 1 view .LVU515
 2038              	.LBE202:
 2039              	.LBE214:
 2040              	.LBE216:
 2041              	.LBE193:
 232:src/audio_engine.cpp ****     const float peak = cpu_load_.GetMaxCpuLoad();
 2042              		.loc 1 232 5 is_stmt 1 view .LVU516
 2043              	.LBB217:
 2044              	.LBI217:
  50:../../libDaisy/src/util/CpuLoadMeter.h **** 
  51:../../libDaisy/src/util/CpuLoadMeter.h ****     /** Call this at the end of your audio callback */
  52:../../libDaisy/src/util/CpuLoadMeter.h ****     void OnBlockEnd()
 2045              		.loc 2 52 10 view .LVU517
 2046              	.LBB218:
  53:../../libDaisy/src/util/CpuLoadMeter.h ****     {
  54:../../libDaisy/src/util/CpuLoadMeter.h ****         const auto end         = System::GetTick();
 2047              		.loc 2 54 9 view .LVU518
 2048              		.loc 2 54 49 is_stmt 0 view .LVU519
 2049 0128 FFF7FEFF 		bl	_ZN5daisy6System7GetTickEv
 2050              	.LVL169:
  55:../../libDaisy/src/util/CpuLoadMeter.h ****         const auto ticksPassed = end - currentBlockStartTicks_;
 2051              		.loc 2 55 9 is_stmt 1 view .LVU520
  56:../../libDaisy/src/util/CpuLoadMeter.h ****         const auto currentBlockLoad
 2052              		.loc 2 56 9 view .LVU521
  55:../../libDaisy/src/util/CpuLoadMeter.h ****         const auto ticksPassed = end - currentBlockStartTicks_;
 2053              		.loc 2 55 20 is_stmt 0 view .LVU522
 2054 012c D6F8183C 		ldr	r3, [r6, #3096]
ARM GAS  C:\Users\aydan\AppData\Local\Temp\ccfLkmFL.s 			page 56


  57:../../libDaisy/src/util/CpuLoadMeter.h ****             = float(ticksPassed) * ticksPerBlockInv_; // usPassed / usPerBlock
  58:../../libDaisy/src/util/CpuLoadMeter.h **** 
  59:../../libDaisy/src/util/CpuLoadMeter.h ****         if(firstCycle_)
 2055              		.loc 2 59 9 view .LVU523
 2056 0130 96F8102C 		ldrb	r2, [r6, #3088]	@ zero_extendqisi2
  55:../../libDaisy/src/util/CpuLoadMeter.h ****         const auto currentBlockLoad
 2057              		.loc 2 55 20 view .LVU524
 2058 0134 C31A     		subs	r3, r0, r3
 2059 0136 07EE903A 		vmov	s15, r3	@ int
  57:../../libDaisy/src/util/CpuLoadMeter.h ****             = float(ticksPassed) * ticksPerBlockInv_; // usPassed / usPerBlock
 2060              		.loc 2 57 36 view .LVU525
 2061 013a 06F54163 		add	r3, r6, #3088
  57:../../libDaisy/src/util/CpuLoadMeter.h ****             = float(ticksPassed) * ticksPerBlockInv_; // usPassed / usPerBlock
 2062              		.loc 2 57 15 view .LVU526
 2063 013e F8EE677A 		vcvt.f32.u32	s15, s15
  56:../../libDaisy/src/util/CpuLoadMeter.h ****         const auto currentBlockLoad
 2064              		.loc 2 56 20 view .LVU527
 2065 0142 93ED017A 		vldr.32	s14, [r3, #4]
 2066 0146 67EE877A 		vmul.f32	s15, s15, s14
 2067              	.LVL170:
 2068              		.loc 2 59 9 is_stmt 1 view .LVU528
 2069 014a 1AB3     		cbz	r2, .L209
  60:../../libDaisy/src/util/CpuLoadMeter.h ****         {
  61:../../libDaisy/src/util/CpuLoadMeter.h ****             max_ = min_ = avg_ = currentBlockLoad;
 2070              		.loc 2 61 13 view .LVU529
 2071 014c B0EE677A 		vmov.f32	s14, s15
  62:../../libDaisy/src/util/CpuLoadMeter.h ****             firstCycle_        = false;
 2072              		.loc 2 62 32 is_stmt 0 view .LVU530
 2073 0150 0022     		movs	r2, #0
  61:../../libDaisy/src/util/CpuLoadMeter.h ****             firstCycle_        = false;
 2074              		.loc 2 61 32 view .LVU531
 2075 0152 C3ED057A 		vstr.32	s15, [r3, #20]
  61:../../libDaisy/src/util/CpuLoadMeter.h ****             firstCycle_        = false;
 2076              		.loc 2 61 25 view .LVU532
 2077 0156 C3ED037A 		vstr.32	s15, [r3, #12]
  61:../../libDaisy/src/util/CpuLoadMeter.h ****             firstCycle_        = false;
 2078              		.loc 2 61 18 view .LVU533
 2079 015a C3ED047A 		vstr.32	s15, [r3, #16]
 2080              		.loc 2 62 13 is_stmt 1 view .LVU534
 2081              		.loc 2 62 32 is_stmt 0 view .LVU535
 2082 015e 86F8102C 		strb	r2, [r6, #3088]
 2083              	.L167:
 2084              	.LVL171:
 2085              		.loc 2 62 32 view .LVU536
 2086              	.LBE218:
 2087              	.LBE217:
 233:src/audio_engine.cpp ****     if(metered_effect < config::FX_COUNT && peak == peak
 2088              		.loc 1 233 5 is_stmt 1 view .LVU537
  63:../../libDaisy/src/util/CpuLoadMeter.h ****         }
  64:../../libDaisy/src/util/CpuLoadMeter.h ****         else
  65:../../libDaisy/src/util/CpuLoadMeter.h ****         {
  66:../../libDaisy/src/util/CpuLoadMeter.h ****             if(currentBlockLoad > max_)
  67:../../libDaisy/src/util/CpuLoadMeter.h ****                 max_ = currentBlockLoad;
  68:../../libDaisy/src/util/CpuLoadMeter.h ****             if(currentBlockLoad < min_)
  69:../../libDaisy/src/util/CpuLoadMeter.h ****                 min_ = currentBlockLoad;
  70:../../libDaisy/src/util/CpuLoadMeter.h **** 
  71:../../libDaisy/src/util/CpuLoadMeter.h ****             avg_ = smoothingConstant_ * currentBlockLoad
ARM GAS  C:\Users\aydan\AppData\Local\Temp\ccfLkmFL.s 			page 57


  72:../../libDaisy/src/util/CpuLoadMeter.h ****                    + (1.0f - smoothingConstant_) * avg_;
  73:../../libDaisy/src/util/CpuLoadMeter.h ****         }
  74:../../libDaisy/src/util/CpuLoadMeter.h ****     }
  75:../../libDaisy/src/util/CpuLoadMeter.h **** 
  76:../../libDaisy/src/util/CpuLoadMeter.h ****     /** Returns the smoothed average CPU load in the range 0..1 */
  77:../../libDaisy/src/util/CpuLoadMeter.h ****     float GetAvgCpuLoad() const { return avg_; }
  78:../../libDaisy/src/util/CpuLoadMeter.h ****     /** Returns the minimun CPU load observed since the last call to Reset(). */
  79:../../libDaisy/src/util/CpuLoadMeter.h ****     float GetMinCpuLoad() const { return min_; }
  80:../../libDaisy/src/util/CpuLoadMeter.h ****     /** Returns the maximum CPU load observed since the last call to Reset(). */
  81:../../libDaisy/src/util/CpuLoadMeter.h ****     float GetMaxCpuLoad() const { return max_; }
 2089              		.loc 2 81 35 view .LVU538
 234:src/audio_engine.cpp ****        && peak > effect_peak_load_[metered_effect])
 2090              		.loc 1 234 5 view .LVU539
 234:src/audio_engine.cpp ****        && peak > effect_peak_load_[metered_effect])
 2091              		.loc 1 234 42 is_stmt 0 view .LVU540
 2092 0162 B4EE477A 		vcmp.f32	s14, s14
 2093 0166 F1EE10FA 		vmrs	APSR_nzcv, FPSCR
 2094 016a 02D1     		bne	.L172
 2095 016c 019B     		ldr	r3, [sp, #4]
 2096 016e 042B     		cmp	r3, #4
 2097 0170 37D9     		bls	.L210
 2098              	.LVL172:
 2099              	.L172:
 237:src/audio_engine.cpp ****         ++overrun_count_;
 2100              		.loc 1 237 5 is_stmt 1 view .LVU541
 2101 0172 F7EE007A 		vmov.f32	s15, #1.0e+0
 2102 0176 B4EEE77A 		vcmpe.f32	s14, s15
 2103 017a F1EE10FA 		vmrs	APSR_nzcv, FPSCR
 2104 017e 04DD     		ble	.L157
 238:src/audio_engine.cpp **** #endif
 2105              		.loc 1 238 9 view .LVU542
 2106 0180 D6F8403C 		ldr	r3, [r6, #3136]
 2107 0184 0133     		adds	r3, r3, #1
 2108 0186 C6F8403C 		str	r3, [r6, #3136]
 2109              	.L157:
 240:src/audio_engine.cpp **** 
 2110              		.loc 1 240 1 is_stmt 0 view .LVU543
 2111 018a 03B0     		add	sp, sp, #12
 2112              		.cfi_remember_state
 2113              		.cfi_def_cfa_offset 44
 2114              		@ sp needed
 2115 018c BDEC028B 		vldm	sp!, {d8}
 2116              		.cfi_restore 80
 2117              		.cfi_restore 81
 2118              		.cfi_def_cfa_offset 36
 2119 0190 BDE8F08F 		pop	{r4, r5, r6, r7, r8, r9, r10, fp, pc}
 2120              	.LVL173:
 2121              	.L209:
 2122              		.cfi_restore_state
 2123              	.LBB220:
 2124              	.LBB219:
  66:../../libDaisy/src/util/CpuLoadMeter.h ****                 max_ = currentBlockLoad;
 2125              		.loc 2 66 13 is_stmt 1 view .LVU544
  66:../../libDaisy/src/util/CpuLoadMeter.h ****                 max_ = currentBlockLoad;
 2126              		.loc 2 66 35 is_stmt 0 view .LVU545
 2127 0194 93ED047A 		vldr.32	s14, [r3, #16]
  66:../../libDaisy/src/util/CpuLoadMeter.h ****                 max_ = currentBlockLoad;
ARM GAS  C:\Users\aydan\AppData\Local\Temp\ccfLkmFL.s 			page 58


 2128              		.loc 2 66 13 view .LVU546
 2129 0198 F4EEC77A 		vcmpe.f32	s15, s14
 2130 019c F1EE10FA 		vmrs	APSR_nzcv, FPSCR
 2131 01a0 03DD     		ble	.L168
  67:../../libDaisy/src/util/CpuLoadMeter.h ****             if(currentBlockLoad < min_)
 2132              		.loc 2 67 17 is_stmt 1 view .LVU547
 2133 01a2 B0EE677A 		vmov.f32	s14, s15
  67:../../libDaisy/src/util/CpuLoadMeter.h ****             if(currentBlockLoad < min_)
 2134              		.loc 2 67 22 is_stmt 0 view .LVU548
 2135 01a6 C3ED047A 		vstr.32	s15, [r3, #16]
 2136              	.L168:
  68:../../libDaisy/src/util/CpuLoadMeter.h ****                 min_ = currentBlockLoad;
 2137              		.loc 2 68 13 is_stmt 1 view .LVU549
  68:../../libDaisy/src/util/CpuLoadMeter.h ****                 min_ = currentBlockLoad;
 2138              		.loc 2 68 35 is_stmt 0 view .LVU550
 2139 01aa 06F54163 		add	r3, r6, #3088
  68:../../libDaisy/src/util/CpuLoadMeter.h ****                 min_ = currentBlockLoad;
 2140              		.loc 2 68 13 view .LVU551
 2141 01ae D3ED036A 		vldr.32	s13, [r3, #12]
 2142 01b2 F4EEE67A 		vcmpe.f32	s15, s13
  72:../../libDaisy/src/util/CpuLoadMeter.h ****         }
 2143              		.loc 2 72 28 view .LVU552
 2144 01b6 F7EE006A 		vmov.f32	s13, #1.0e+0
  68:../../libDaisy/src/util/CpuLoadMeter.h ****                 min_ = currentBlockLoad;
 2145              		.loc 2 68 13 view .LVU553
 2146 01ba F1EE10FA 		vmrs	APSR_nzcv, FPSCR
  69:../../libDaisy/src/util/CpuLoadMeter.h **** 
 2147              		.loc 2 69 17 is_stmt 1 view .LVU554
  69:../../libDaisy/src/util/CpuLoadMeter.h **** 
 2148              		.loc 2 69 22 is_stmt 0 view .LVU555
 2149 01be 48BF     		it	mi
 2150 01c0 C3ED037A 		vstrmi.32	s15, [r3, #12]
  71:../../libDaisy/src/util/CpuLoadMeter.h ****                    + (1.0f - smoothingConstant_) * avg_;
 2151              		.loc 2 71 13 is_stmt 1 view .LVU556
  71:../../libDaisy/src/util/CpuLoadMeter.h ****                    + (1.0f - smoothingConstant_) * avg_;
 2152              		.loc 2 71 20 is_stmt 0 view .LVU557
 2153 01c4 06F54163 		add	r3, r6, #3088
 2154 01c8 93ED066A 		vldr.32	s12, [r3, #24]
  72:../../libDaisy/src/util/CpuLoadMeter.h ****         }
 2155              		.loc 2 72 50 view .LVU558
 2156 01cc D3ED055A 		vldr.32	s11, [r3, #20]
  72:../../libDaisy/src/util/CpuLoadMeter.h ****         }
 2157              		.loc 2 72 28 view .LVU559
 2158 01d0 76EEC66A 		vsub.f32	s13, s13, s12
  72:../../libDaisy/src/util/CpuLoadMeter.h ****         }
 2159              		.loc 2 72 50 view .LVU560
 2160 01d4 66EEA56A 		vmul.f32	s13, s13, s11
  72:../../libDaisy/src/util/CpuLoadMeter.h ****         }
 2161              		.loc 2 72 20 view .LVU561
 2162 01d8 E7EE866A 		vfma.f32	s13, s15, s12
  71:../../libDaisy/src/util/CpuLoadMeter.h ****                    + (1.0f - smoothingConstant_) * avg_;
 2163              		.loc 2 71 18 view .LVU562
 2164 01dc C3ED056A 		vstr.32	s13, [r3, #20]
 2165 01e0 BFE7     		b	.L167
 2166              	.LVL174:
 2167              	.L210:
  71:../../libDaisy/src/util/CpuLoadMeter.h ****                    + (1.0f - smoothingConstant_) * avg_;
ARM GAS  C:\Users\aydan\AppData\Local\Temp\ccfLkmFL.s 			page 59


 2168              		.loc 2 71 18 view .LVU563
 2169 01e2 07EB8307 		add	r7, r7, r3, lsl #2
 2170              	.LVL175:
  71:../../libDaisy/src/util/CpuLoadMeter.h ****                    + (1.0f - smoothingConstant_) * avg_;
 2171              		.loc 2 71 18 view .LVU564
 2172              	.LBE219:
 2173              	.LBE220:
 235:src/audio_engine.cpp ****         effect_peak_load_[metered_effect] = peak;
 2174              		.loc 1 235 50 view .LVU565
 2175 01e6 0C4B     		ldr	r3, .L211+12
 2176 01e8 3B44     		add	r3, r3, r7
 235:src/audio_engine.cpp ****         effect_peak_load_[metered_effect] = peak;
 2177              		.loc 1 235 8 view .LVU566
 2178 01ea D3ED007A 		vldr.32	s15, [r3]
 2179 01ee F4EEC77A 		vcmpe.f32	s15, s14
 2180 01f2 F1EE10FA 		vmrs	APSR_nzcv, FPSCR
 236:src/audio_engine.cpp ****     if(peak > 1.0f)
 2181              		.loc 1 236 9 is_stmt 1 view .LVU567
 236:src/audio_engine.cpp ****     if(peak > 1.0f)
 2182              		.loc 1 236 43 is_stmt 0 view .LVU568
 2183 01f6 48BF     		it	mi
 2184 01f8 83ED007A 		vstrmi.32	s14, [r3]
 2185              	.LVL176:
 236:src/audio_engine.cpp ****     if(peak > 1.0f)
 2186              		.loc 1 236 43 view .LVU569
 2187 01fc B9E7     		b	.L172
 2188              	.LVL177:
 2189              	.L207:
 168:src/audio_engine.cpp **** #endif
 2190              		.loc 1 168 9 is_stmt 1 view .LVU570
 168:src/audio_engine.cpp **** #endif
 2191              		.loc 1 168 35 is_stmt 0 view .LVU571
 2192 01fe 4246     		mov	r2, r8
 2193 0200 D9F80010 		ldr	r1, [r9]
 2194 0204 FFF7FEFF 		bl	_ZN3app12TunerCapture10WriteBlockEPKfj
 2195              	.LVL178:
 2196 0208 16E7     		b	.L158
 2197              	.L212:
 2198 020a 00BF     		.align	2
 2199              	.L211:
 2200 020c 3333733F 		.word	1064514355
 2201 0210 E2820100 		.word	99042
 2202 0214 333373BF 		.word	-1082969293
 2203 0218 2C0C0600 		.word	396332
 2204              		.cfi_endproc
 2205              	.LFE4745:
 2207              		.section	.text._ZN3app11AudioEngine19ProcessEffectSampleEPN10bkshepherd16BaseEffectModuleEfRfS4_,"
 2208              		.align	1
 2209              		.p2align 2,,3
 2210              		.global	_ZN3app11AudioEngine19ProcessEffectSampleEPN10bkshepherd16BaseEffectModuleEfRfS4_
 2211              		.syntax unified
 2212              		.thumb
 2213              		.thumb_func
 2214              		.fpu fpv5-d16
 2216              	_ZN3app11AudioEngine19ProcessEffectSampleEPN10bkshepherd16BaseEffectModuleEfRfS4_:
 2217              	.LVL179:
 2218              	.LFB4756:
ARM GAS  C:\Users\aydan\AppData\Local\Temp\ccfLkmFL.s 			page 60


 485:src/audio_engine.cpp ****     fx->ProcessMono(in);
 2219              		.loc 1 485 1 is_stmt 1 view -0
 2220              		.cfi_startproc
 2221              		@ args = 0, pretend = 0, frame = 8
 2222              		@ frame_needed = 0, uses_anonymous_args = 0
 486:src/audio_engine.cpp ****     out_l = fx->GetAudioLeft();
 2223              		.loc 1 486 5 view .LVU573
 485:src/audio_engine.cpp ****     fx->ProcessMono(in);
 2224              		.loc 1 485 1 is_stmt 0 view .LVU574
 2225 0000 30B5     		push	{r4, r5, lr}
 2226              		.cfi_def_cfa_offset 12
 2227              		.cfi_offset 4, -12
 2228              		.cfi_offset 5, -8
 2229              		.cfi_offset 14, -4
 2230 0002 1C46     		mov	r4, r3
 2231 0004 83B0     		sub	sp, sp, #12
 2232              		.cfi_def_cfa_offset 24
 486:src/audio_engine.cpp ****     out_l = fx->GetAudioLeft();
 2233              		.loc 1 486 23 view .LVU575
 2234 0006 0B68     		ldr	r3, [r1]
 2235              	.LVL180:
 485:src/audio_engine.cpp ****     fx->ProcessMono(in);
 2236              		.loc 1 485 1 view .LVU576
 2237 0008 0846     		mov	r0, r1
 2238              	.LVL181:
 486:src/audio_engine.cpp ****     out_l = fx->GetAudioLeft();
 2239              		.loc 1 486 20 view .LVU577
 2240 000a 0191     		str	r1, [sp, #4]
 485:src/audio_engine.cpp ****     fx->ProcessMono(in);
 2241              		.loc 1 485 1 view .LVU578
 2242 000c 1546     		mov	r5, r2
 486:src/audio_engine.cpp ****     out_l = fx->GetAudioLeft();
 2243              		.loc 1 486 20 view .LVU579
 2244 000e DB68     		ldr	r3, [r3, #12]
 2245 0010 9847     		blx	r3
 2246              	.LVL182:
 487:src/audio_engine.cpp ****     out_r = fx->GetAudioRight();
 2247              		.loc 1 487 5 is_stmt 1 view .LVU580
 487:src/audio_engine.cpp ****     out_r = fx->GetAudioRight();
 2248              		.loc 1 487 29 is_stmt 0 view .LVU581
 2249 0012 0198     		ldr	r0, [sp, #4]
 2250 0014 FFF7FEFF 		bl	_ZN10bkshepherd16BaseEffectModule12GetAudioLeftEv
 2251              	.LVL183:
 488:src/audio_engine.cpp **** }
 2252              		.loc 1 488 30 view .LVU582
 2253 0018 0198     		ldr	r0, [sp, #4]
 487:src/audio_engine.cpp ****     out_r = fx->GetAudioRight();
 2254              		.loc 1 487 11 view .LVU583
 2255 001a 85ED000A 		vstr.32	s0, [r5]
 488:src/audio_engine.cpp **** }
 2256              		.loc 1 488 5 is_stmt 1 view .LVU584
 488:src/audio_engine.cpp **** }
 2257              		.loc 1 488 30 is_stmt 0 view .LVU585
 2258 001e FFF7FEFF 		bl	_ZN10bkshepherd16BaseEffectModule13GetAudioRightEv
 2259              	.LVL184:
 488:src/audio_engine.cpp **** }
 2260              		.loc 1 488 11 view .LVU586
ARM GAS  C:\Users\aydan\AppData\Local\Temp\ccfLkmFL.s 			page 61


 2261 0022 84ED000A 		vstr.32	s0, [r4]
 489:src/audio_engine.cpp **** 
 2262              		.loc 1 489 1 view .LVU587
 2263 0026 03B0     		add	sp, sp, #12
 2264              		.cfi_def_cfa_offset 12
 2265              		@ sp needed
 2266 0028 30BD     		pop	{r4, r5, pc}
 489:src/audio_engine.cpp **** 
 2267              		.loc 1 489 1 view .LVU588
 2268              		.cfi_endproc
 2269              	.LFE4756:
 2271 002a 00BF     		.section	.text._ZN3app11AudioEngine15ApplyParametersEhPKt,"ax",%progbits
 2272              		.align	1
 2273              		.p2align 2,,3
 2274              		.global	_ZN3app11AudioEngine15ApplyParametersEhPKt
 2275              		.syntax unified
 2276              		.thumb
 2277              		.thumb_func
 2278              		.fpu fpv5-d16
 2280              	_ZN3app11AudioEngine15ApplyParametersEhPKt:
 2281              	.LVL185:
 2282              	.LFB4757:
 493:src/audio_engine.cpp ****     if(effect == config::FX_TUNER || effect >= config::FX_COUNT)
 2283              		.loc 1 493 1 is_stmt 1 view -0
 2284              		.cfi_startproc
 2285              		@ args = 0, pretend = 0, frame = 0
 2286              		@ frame_needed = 0, uses_anonymous_args = 0
 2287              		@ link register save eliminated.
 494:src/audio_engine.cpp ****         return;
 2288              		.loc 1 494 5 view .LVU590
 2289 0000 4B1E     		subs	r3, r1, #1
 2290 0002 032B     		cmp	r3, #3
 2291 0004 01D8     		bhi	.L215
 2292 0006 FFF7FEBF 		b	_ZN3app11AudioEngine15ApplyParametersEhPKt.part.0
 2293              	.LVL186:
 2294              	.L215:
 2295              		.loc 1 508 1 is_stmt 0 view .LVU591
 2296 000a 7047     		bx	lr
 2297              		.cfi_endproc
 2298              	.LFE4757:
 2300              		.section	.text._ZN3app11AudioEngine13CurrentEffectEv,"ax",%progbits
 2301              		.align	1
 2302              		.p2align 2,,3
 2303              		.global	_ZN3app11AudioEngine13CurrentEffectEv
 2304              		.syntax unified
 2305              		.thumb
 2306              		.thumb_func
 2307              		.fpu fpv5-d16
 2309              	_ZN3app11AudioEngine13CurrentEffectEv:
 2310              	.LVL187:
 2311              	.LFB4758:
 509:src/audio_engine.cpp **** 
 510:src/audio_engine.cpp **** bkshepherd::BaseEffectModule* AudioEngine::CurrentEffect()
 511:src/audio_engine.cpp **** {
 2312              		.loc 1 511 1 is_stmt 1 view -0
 2313              		.cfi_startproc
 2314              		@ args = 0, pretend = 0, frame = 0
ARM GAS  C:\Users\aydan\AppData\Local\Temp\ccfLkmFL.s 			page 62


 2315              		@ frame_needed = 0, uses_anonymous_args = 0
 2316              		@ link register save eliminated.
 512:src/audio_engine.cpp ****     if(active_effect_ == config::FX_TUNER || active_effect_ >= config::FX_COUNT)
 2317              		.loc 1 512 5 view .LVU593
 2318              		.loc 1 512 8 is_stmt 0 view .LVU594
 2319 0000 00F5C023 		add	r3, r0, #393216
 2320 0004 93F8F42B 		ldrb	r2, [r3, #3060]	@ zero_extendqisi2
 2321              		.loc 1 512 5 view .LVU595
 2322 0008 531E     		subs	r3, r2, #1
 2323 000a 032B     		cmp	r3, #3
 2324 000c 05D8     		bhi	.L219
 513:src/audio_engine.cpp ****         return 0;
 514:src/audio_engine.cpp ****     return effects_[active_effect_];
 2325              		.loc 1 514 5 is_stmt 1 view .LVU596
 2326              		.loc 1 514 35 is_stmt 0 view .LVU597
 2327 000e 044B     		ldr	r3, .L220
 2328 0010 1344     		add	r3, r3, r2
 2329 0012 00EB8300 		add	r0, r0, r3, lsl #2
 2330              	.LVL188:
 2331              		.loc 1 514 35 view .LVU598
 2332 0016 4068     		ldr	r0, [r0, #4]
 2333 0018 7047     		bx	lr
 2334              	.LVL189:
 2335              	.L219:
 513:src/audio_engine.cpp ****         return 0;
 2336              		.loc 1 513 16 view .LVU599
 2337 001a 0020     		movs	r0, #0
 2338              	.LVL190:
 515:src/audio_engine.cpp **** }
 2339              		.loc 1 515 1 view .LVU600
 2340 001c 7047     		bx	lr
 2341              	.L221:
 2342 001e 00BF     		.align	2
 2343              	.L220:
 2344 0020 E2820100 		.word	99042
 2345              		.cfi_endproc
 2346              	.LFE4758:
 2348              		.section	.text._ZNK3app11AudioEngine18GetCpuLoadSnapshotEv,"ax",%progbits
 2349              		.align	1
 2350              		.p2align 2,,3
 2351              		.global	_ZNK3app11AudioEngine18GetCpuLoadSnapshotEv
 2352              		.syntax unified
 2353              		.thumb
 2354              		.thumb_func
 2355              		.fpu fpv5-d16
 2357              	_ZNK3app11AudioEngine18GetCpuLoadSnapshotEv:
 2358              	.LVL191:
 2359              	.LFB4759:
 516:src/audio_engine.cpp **** 
 517:src/audio_engine.cpp **** #if AUDIO_CPU_LOAD_DEBUG
 518:src/audio_engine.cpp **** AudioEngine::CpuLoadSnapshot AudioEngine::GetCpuLoadSnapshot() const
 519:src/audio_engine.cpp **** {
 2360              		.loc 1 519 1 is_stmt 1 view -0
 2361              		.cfi_startproc
 2362              		@ args = 0, pretend = 0, frame = 0
 2363              		@ frame_needed = 0, uses_anonymous_args = 0
 520:src/audio_engine.cpp ****     CpuLoadSnapshot snapshot = {cpu_load_.GetAvgCpuLoad(),
ARM GAS  C:\Users\aydan\AppData\Local\Temp\ccfLkmFL.s 			page 63


 2364              		.loc 1 520 5 view .LVU602
 2365              	.LBB221:
 2366              	.LBI221:
  77:../../libDaisy/src/util/CpuLoadMeter.h ****     /** Returns the minimun CPU load observed since the last call to Reset(). */
 2367              		.loc 2 77 11 view .LVU603
 2368              	.LBB222:
  77:../../libDaisy/src/util/CpuLoadMeter.h ****     /** Returns the minimun CPU load observed since the last call to Reset(). */
 2369              		.loc 2 77 35 view .LVU604
  77:../../libDaisy/src/util/CpuLoadMeter.h ****     /** Returns the minimun CPU load observed since the last call to Reset(). */
 2370              		.loc 2 77 42 is_stmt 0 view .LVU605
 2371 0000 01F5C022 		add	r2, r1, #393216
 2372              	.LBE222:
 2373              	.LBE221:
 519:src/audio_engine.cpp ****     CpuLoadSnapshot snapshot = {cpu_load_.GetAvgCpuLoad(),
 2374              		.loc 1 519 1 view .LVU606
 2375 0004 8446     		mov	ip, r0
 2376              	.LBB224:
 2377              	.LBB223:
  77:../../libDaisy/src/util/CpuLoadMeter.h ****     /** Returns the minimun CPU load observed since the last call to Reset(). */
 2378              		.loc 2 77 42 view .LVU607
 2379 0006 02F54163 		add	r3, r2, #3088
 2380              	.LBE223:
 2381              	.LBE224:
 519:src/audio_engine.cpp ****     CpuLoadSnapshot snapshot = {cpu_load_.GetAvgCpuLoad(),
 2382              		.loc 1 519 1 view .LVU608
 2383 000a 10B5     		push	{r4, lr}
 2384              		.cfi_def_cfa_offset 8
 2385              		.cfi_offset 4, -8
 2386              		.cfi_offset 14, -4
 521:src/audio_engine.cpp ****                                 cpu_load_.GetMaxCpuLoad(),
 522:src/audio_engine.cpp ****                                 {0.0f, 0.0f, 0.0f, 0.0f, 0.0f},
 523:src/audio_engine.cpp ****                                 overrun_count_};
 2387              		.loc 1 523 47 view .LVU609
 2388 000c 1869     		ldr	r0, [r3, #16]	@ float
 2389              	.LVL192:
 2390              	.LBB225:
 524:src/audio_engine.cpp ****     for(int i = 0; i < config::FX_COUNT; ++i)
 525:src/audio_engine.cpp ****         snapshot.effect_peak[i] = effect_peak_load_[i];
 2391              		.loc 1 525 33 view .LVU610
 2392 000e 0CF1080E 		add	lr, ip, #8
 2393              	.LBE225:
 523:src/audio_engine.cpp ****     for(int i = 0; i < config::FX_COUNT; ++i)
 2394              		.loc 1 523 47 view .LVU611
 2395 0012 D2F8404C 		ldr	r4, [r2, #3136]
 2396 0016 5A69     		ldr	r2, [r3, #20]	@ float
 2397              	.LBB226:
 2398              		.loc 1 525 33 view .LVU612
 2399 0018 094B     		ldr	r3, .L224
 2400              	.LBE226:
 523:src/audio_engine.cpp ****     for(int i = 0; i < config::FX_COUNT; ++i)
 2401              		.loc 1 523 47 view .LVU613
 2402 001a CCF81C40 		str	r4, [ip, #28]
 2403              	.LBB227:
 2404              		.loc 1 525 33 view .LVU614
 2405 001e CC18     		adds	r4, r1, r3
 2406              	.LBE227:
 523:src/audio_engine.cpp ****     for(int i = 0; i < config::FX_COUNT; ++i)
ARM GAS  C:\Users\aydan\AppData\Local\Temp\ccfLkmFL.s 			page 64


 2407              		.loc 1 523 47 view .LVU615
 2408 0020 CCF80400 		str	r0, [ip, #4]	@ float
 2409 0024 CCF80020 		str	r2, [ip]	@ float
 2410              	.LVL193:
 2411              	.LBB228:
 2412              	.LBI228:
 2413              		.loc 2 81 11 is_stmt 1 view .LVU616
 2414              	.LBB229:
 2415              		.loc 2 81 35 view .LVU617
 2416              		.loc 2 81 35 is_stmt 0 view .LVU618
 2417              	.LBE229:
 2418              	.LBE228:
 524:src/audio_engine.cpp ****     for(int i = 0; i < config::FX_COUNT; ++i)
 2419              		.loc 1 524 5 is_stmt 1 view .LVU619
 2420              	.LBB230:
 524:src/audio_engine.cpp ****     for(int i = 0; i < config::FX_COUNT; ++i)
 2421              		.loc 1 524 22 view .LVU620
 2422              		.loc 1 525 33 is_stmt 0 view .LVU621
 2423 0028 A268     		ldr	r2, [r4, #8]	@ unaligned
 2424 002a C858     		ldr	r0, [r1, r3]	@ unaligned
 2425 002c 6168     		ldr	r1, [r4, #4]	@ unaligned
 2426              	.LVL194:
 2427              		.loc 1 525 33 view .LVU622
 2428 002e E368     		ldr	r3, [r4, #12]	@ unaligned
 2429 0030 AEE80F00 		stmia	lr!, {r0, r1, r2, r3}
 2430 0034 2069     		ldr	r0, [r4, #16]	@ unaligned
 2431 0036 CEF80000 		str	r0, [lr]
 2432              	.LVL195:
 2433              		.loc 1 525 33 view .LVU623
 2434              	.LBE230:
 526:src/audio_engine.cpp ****     return snapshot;
 2435              		.loc 1 526 5 is_stmt 1 view .LVU624
 527:src/audio_engine.cpp **** }
 2436              		.loc 1 527 1 is_stmt 0 view .LVU625
 2437 003a 6046     		mov	r0, ip
 2438 003c 10BD     		pop	{r4, pc}
 2439              	.LVL196:
 2440              	.L225:
 2441              		.loc 1 527 1 view .LVU626
 2442 003e 00BF     		.align	2
 2443              	.L224:
 2444 0040 2C0C0600 		.word	396332
 2445              		.cfi_endproc
 2446              	.LFE4759:
 2448              		.section	.text._ZN3app11AudioEngine4InitEfRNS_14ControlMailboxERNS_12TunerCaptureE,"ax",%progbits
 2449              		.align	1
 2450              		.p2align 2,,3
 2451              		.global	_ZN3app11AudioEngine4InitEfRNS_14ControlMailboxERNS_12TunerCaptureE
 2452              		.syntax unified
 2453              		.thumb
 2454              		.thumb_func
 2455              		.fpu fpv5-d16
 2457              	_ZN3app11AudioEngine4InitEfRNS_14ControlMailboxERNS_12TunerCaptureE:
 2458              	.LVL197:
 2459              	.LFB4744:
  75:src/audio_engine.cpp ****     mailbox_       = &mailbox;
 2460              		.loc 1 75 1 is_stmt 1 view -0
ARM GAS  C:\Users\aydan\AppData\Local\Temp\ccfLkmFL.s 			page 65


 2461              		.cfi_startproc
 2462              		@ args = 0, pretend = 0, frame = 8
 2463              		@ frame_needed = 0, uses_anonymous_args = 0
  76:src/audio_engine.cpp ****     tuner_capture_ = &tuner_capture;
 2464              		.loc 1 76 5 view .LVU628
  75:src/audio_engine.cpp ****     mailbox_       = &mailbox;
 2465              		.loc 1 75 1 is_stmt 0 view .LVU629
 2466 0000 30B5     		push	{r4, r5, lr}
 2467              		.cfi_def_cfa_offset 12
 2468              		.cfi_offset 4, -12
 2469              		.cfi_offset 5, -8
 2470              		.cfi_offset 14, -4
 2471 0002 0546     		mov	r5, r0
  84:src/audio_engine.cpp ****     reverb_.SetEnabled(true);
 2472              		.loc 1 84 17 view .LVU630
 2473 0004 0830     		adds	r0, r0, #8
 2474              	.LVL198:
  75:src/audio_engine.cpp ****     mailbox_       = &mailbox;
 2475              		.loc 1 75 1 view .LVU631
 2476 0006 2DED028B 		vpush.64	{d8}
 2477              		.cfi_def_cfa_offset 20
 2478              		.cfi_offset 80, -20
 2479              		.cfi_offset 81, -16
 2480 000a 83B0     		sub	sp, sp, #12
 2481              		.cfi_def_cfa_offset 32
  75:src/audio_engine.cpp ****     mailbox_       = &mailbox;
 2482              		.loc 1 75 1 view .LVU632
 2483 000c B0EE408A 		vmov.f32	s16, s0
 2484              	.LBB236:
 2485              	.LBB237:
  35:../../libDaisy/src/util/CpuLoadMeter.h **** 
 2486              		.loc 2 35 39 view .LVU633
 2487 0010 F7EE008A 		vmov.f32	s17, #1.0e+0
  35:../../libDaisy/src/util/CpuLoadMeter.h **** 
 2488              		.loc 2 35 32 view .LVU634
 2489 0014 05F5C024 		add	r4, r5, #393216
 2490              	.LBE237:
 2491              	.LBE236:
  84:src/audio_engine.cpp ****     reverb_.SetEnabled(true);
 2492              		.loc 1 84 17 view .LVU635
 2493 0018 0190     		str	r0, [sp, #4]
  77:src/audio_engine.cpp **** 
 2494              		.loc 1 77 20 view .LVU636
 2495 001a C5E90012 		strd	r1, r2, [r5]
  84:src/audio_engine.cpp ****     reverb_.SetEnabled(true);
 2496              		.loc 1 84 5 is_stmt 1 view .LVU637
  84:src/audio_engine.cpp ****     reverb_.SetEnabled(true);
 2497              		.loc 1 84 17 is_stmt 0 view .LVU638
 2498 001e FFF7FEFF 		bl	_ZN10bkshepherd12ReverbModule4InitEf
 2499              	.LVL199:
  85:src/audio_engine.cpp **** #endif
 2500              		.loc 1 85 5 is_stmt 1 view .LVU639
  85:src/audio_engine.cpp **** #endif
 2501              		.loc 1 85 23 is_stmt 0 view .LVU640
 2502 0022 0121     		movs	r1, #1
 2503 0024 0198     		ldr	r0, [sp, #4]
 2504 0026 FFF7FEFF 		bl	_ZN10bkshepherd16BaseEffectModule10SetEnabledEb
ARM GAS  C:\Users\aydan\AppData\Local\Temp\ccfLkmFL.s 			page 66


 2505              	.LVL200:
  96:src/audio_engine.cpp **** #if AUDIO_CPU_LOAD_DEBUG
 2506              		.loc 1 96 5 is_stmt 1 view .LVU641
  96:src/audio_engine.cpp **** #if AUDIO_CPU_LOAD_DEBUG
 2507              		.loc 1 96 19 is_stmt 0 view .LVU642
 2508 002a 2846     		mov	r0, r5
 2509 002c FFF7FEFF 		bl	_ZN3app11AudioEngine14BuildParamMapsEv
 2510              	.LVL201:
  98:src/audio_engine.cpp ****     for(int i = 0; i < config::FX_COUNT; ++i)
 2511              		.loc 1 98 5 is_stmt 1 view .LVU643
 2512              	.LBB247:
 2513              	.LBI236:
  29:../../libDaisy/src/util/CpuLoadMeter.h ****               int   blockSizeInSamples,
 2514              		.loc 2 29 10 view .LVU644
 2515              	.LBB244:
  33:../../libDaisy/src/util/CpuLoadMeter.h ****         const auto ticksPerS   = float(System::GetTickFreq());
 2516              		.loc 2 33 9 view .LVU645
  34:../../libDaisy/src/util/CpuLoadMeter.h ****         ticksPerBlockInv_      = 1.0f / (ticksPerS * secPerBlock);
 2517              		.loc 2 34 9 view .LVU646
  34:../../libDaisy/src/util/CpuLoadMeter.h ****         ticksPerBlockInv_      = 1.0f / (ticksPerS * secPerBlock);
 2518              		.loc 2 34 59 is_stmt 0 view .LVU647
 2519 0030 FFF7FEFF 		bl	_ZN5daisy6System11GetTickFreqEv
 2520              	.LVL202:
  35:../../libDaisy/src/util/CpuLoadMeter.h **** 
 2521              		.loc 2 35 9 is_stmt 1 view .LVU648
  33:../../libDaisy/src/util/CpuLoadMeter.h ****         const auto ticksPerS   = float(System::GetTickFreq());
 2522              		.loc 2 33 20 is_stmt 0 view .LVU649
 2523 0034 9FED2B7A 		vldr.32	s14, .L228
  39:../../libDaisy/src/util/CpuLoadMeter.h ****             = smoothingFilterCutoffHz * 2.0f * 3.141592653f / blockRateInHz;
 2524              		.loc 2 39 20 view .LVU650
 2525 0038 DFED2B5A 		vldr.32	s11, .L228+4
  35:../../libDaisy/src/util/CpuLoadMeter.h **** 
 2526              		.loc 2 35 32 view .LVU651
 2527 003c 04F54163 		add	r3, r4, #3088
  38:../../libDaisy/src/util/CpuLoadMeter.h ****         const auto cutoffNormalized
 2528              		.loc 2 38 20 view .LVU652
 2529 0040 88EE076A 		vdiv.f32	s12, s16, s14
 2530              	.LBB238:
 2531              	.LBB239:
  82:../../libDaisy/src/util/CpuLoadMeter.h **** 
  83:../../libDaisy/src/util/CpuLoadMeter.h ****     /** Resets the minimun, maximum and average load readings. */
  84:../../libDaisy/src/util/CpuLoadMeter.h ****     void Reset()
  85:../../libDaisy/src/util/CpuLoadMeter.h ****     {
  86:../../libDaisy/src/util/CpuLoadMeter.h ****         firstCycle_ = true;
  87:../../libDaisy/src/util/CpuLoadMeter.h ****         avg_ = max_ = min_ = NAN;
 2532              		.loc 2 87 28 view .LVU653
 2533 0044 294A     		ldr	r2, .L228+8
  86:../../libDaisy/src/util/CpuLoadMeter.h ****         avg_ = max_ = min_ = NAN;
 2534              		.loc 2 86 21 view .LVU654
 2535 0046 0121     		movs	r1, #1
 2536              	.LBE239:
 2537              	.LBE238:
  33:../../libDaisy/src/util/CpuLoadMeter.h ****         const auto ticksPerS   = float(System::GetTickFreq());
 2538              		.loc 2 33 20 view .LVU655
 2539 0048 C7EE087A 		vdiv.f32	s15, s14, s16
 2540              	.LVL203:
  34:../../libDaisy/src/util/CpuLoadMeter.h ****         ticksPerBlockInv_      = 1.0f / (ticksPerS * secPerBlock);
ARM GAS  C:\Users\aydan\AppData\Local\Temp\ccfLkmFL.s 			page 67


 2541              		.loc 2 34 61 view .LVU656
 2542 004c 07EE100A 		vmov	s14, r0	@ int
 2543              	.LBE244:
 2544              	.LBE247:
 104:src/audio_engine.cpp **** #endif
 2545              		.loc 1 104 27 view .LVU657
 2546 0050 2846     		mov	r0, r5
 2547              	.LVL204:
 101:src/audio_engine.cpp **** #endif
 2548              		.loc 1 101 20 view .LVU658
 2549 0052 0025     		movs	r5, #0
 2550              	.LVL205:
 2551              	.LBB248:
 2552              	.LBB245:
  34:../../libDaisy/src/util/CpuLoadMeter.h ****         ticksPerBlockInv_      = 1.0f / (ticksPerS * secPerBlock);
 2553              		.loc 2 34 61 view .LVU659
 2554 0054 B8EE477A 		vcvt.f32.u32	s14, s14
 2555              	.LVL206:
  39:../../libDaisy/src/util/CpuLoadMeter.h ****             = smoothingFilterCutoffHz * 2.0f * 3.141592653f / blockRateInHz;
 2556              		.loc 2 39 20 view .LVU660
 2557 0058 C5EE866A 		vdiv.f32	s13, s11, s12
  35:../../libDaisy/src/util/CpuLoadMeter.h **** 
 2558              		.loc 2 35 52 view .LVU661
 2559 005c 67EE877A 		vmul.f32	s15, s15, s14
 2560              	.LVL207:
  35:../../libDaisy/src/util/CpuLoadMeter.h **** 
 2561              		.loc 2 35 39 view .LVU662
 2562 0060 88EEA77A 		vdiv.f32	s14, s17, s15
 2563              	.LVL208:
  43:../../libDaisy/src/util/CpuLoadMeter.h **** 
 2564              		.loc 2 43 67 view .LVU663
 2565 0064 36EEA86A 		vadd.f32	s12, s13, s17
  43:../../libDaisy/src/util/CpuLoadMeter.h **** 
 2566              		.loc 2 43 47 view .LVU664
 2567 0068 C6EE867A 		vdiv.f32	s15, s13, s12
  35:../../libDaisy/src/util/CpuLoadMeter.h **** 
 2568              		.loc 2 35 32 view .LVU665
 2569 006c 83ED017A 		vstr.32	s14, [r3, #4]
  38:../../libDaisy/src/util/CpuLoadMeter.h ****         const auto cutoffNormalized
 2570              		.loc 2 38 9 is_stmt 1 view .LVU666
 2571              	.LVL209:
  39:../../libDaisy/src/util/CpuLoadMeter.h ****             = smoothingFilterCutoffHz * 2.0f * 3.141592653f / blockRateInHz;
 2572              		.loc 2 39 9 view .LVU667
  43:../../libDaisy/src/util/CpuLoadMeter.h **** 
 2573              		.loc 2 43 9 view .LVU668
  43:../../libDaisy/src/util/CpuLoadMeter.h **** 
 2574              		.loc 2 43 28 is_stmt 0 view .LVU669
 2575 0070 C3ED067A 		vstr.32	s15, [r3, #24]
  45:../../libDaisy/src/util/CpuLoadMeter.h ****     }
 2576              		.loc 2 45 9 is_stmt 1 view .LVU670
 2577              	.LVL210:
 2578              	.LBB242:
 2579              	.LBI238:
  84:../../libDaisy/src/util/CpuLoadMeter.h ****     {
 2580              		.loc 2 84 10 view .LVU671
 2581              	.LBB240:
  86:../../libDaisy/src/util/CpuLoadMeter.h ****         avg_ = max_ = min_ = NAN;
ARM GAS  C:\Users\aydan\AppData\Local\Temp\ccfLkmFL.s 			page 68


 2582              		.loc 2 86 9 view .LVU672
  86:../../libDaisy/src/util/CpuLoadMeter.h ****         avg_ = max_ = min_ = NAN;
 2583              		.loc 2 86 21 is_stmt 0 view .LVU673
 2584 0074 84F8101C 		strb	r1, [r4, #3088]
 2585              		.loc 2 87 9 is_stmt 1 view .LVU674
 2586              	.LBE240:
 2587              	.LBE242:
 2588              	.LBE245:
 2589              	.LBE248:
 2590              	.LBB249:
 100:src/audio_engine.cpp ****     overrun_count_ = 0;
 2591              		.loc 1 100 30 is_stmt 0 view .LVU675
 2592 0078 04F62C41 		addw	r1, r4, #3116
 2593              	.LBE249:
 2594              	.LBB250:
 2595              	.LBB246:
 2596              	.LBB243:
 2597              	.LBB241:
 2598              		.loc 2 87 28 view .LVU676
 2599 007c DA60     		str	r2, [r3, #12]	@ float
 2600              		.loc 2 87 21 view .LVU677
 2601 007e 1A61     		str	r2, [r3, #16]	@ float
 2602              		.loc 2 87 14 view .LVU678
 2603 0080 5A61     		str	r2, [r3, #20]	@ float
 2604              	.LVL211:
 2605              		.loc 2 87 14 view .LVU679
 2606              	.LBE241:
 2607              	.LBE243:
 2608              	.LBE246:
 2609              	.LBE250:
 2610              	.LBB251:
  99:src/audio_engine.cpp ****         effect_peak_load_[i] = 0.0f;
 2611              		.loc 1 99 22 is_stmt 1 view .LVU680
 100:src/audio_engine.cpp ****     overrun_count_ = 0;
 2612              		.loc 1 100 9 view .LVU681
 100:src/audio_engine.cpp ****     overrun_count_ = 0;
 2613              		.loc 1 100 30 is_stmt 0 view .LVU682
 2614 0082 0023     		movs	r3, #0
 2615 0084 04F54362 		add	r2, r4, #3120
 2616 0088 0B60     		str	r3, [r1]	@ float
  99:src/audio_engine.cpp ****         effect_peak_load_[i] = 0.0f;
 2617              		.loc 1 99 5 is_stmt 1 view .LVU683
 2618              	.LVL212:
  99:src/audio_engine.cpp ****         effect_peak_load_[i] = 0.0f;
 2619              		.loc 1 99 22 view .LVU684
 100:src/audio_engine.cpp ****     overrun_count_ = 0;
 2620              		.loc 1 100 9 view .LVU685
 100:src/audio_engine.cpp ****     overrun_count_ = 0;
 2621              		.loc 1 100 30 is_stmt 0 view .LVU686
 2622 008a 1360     		str	r3, [r2]	@ float
  99:src/audio_engine.cpp ****         effect_peak_load_[i] = 0.0f;
 2623              		.loc 1 99 5 is_stmt 1 view .LVU687
 2624              	.LVL213:
  99:src/audio_engine.cpp ****         effect_peak_load_[i] = 0.0f;
 2625              		.loc 1 99 22 view .LVU688
 100:src/audio_engine.cpp ****     overrun_count_ = 0;
 2626              		.loc 1 100 9 view .LVU689
ARM GAS  C:\Users\aydan\AppData\Local\Temp\ccfLkmFL.s 			page 69


 100:src/audio_engine.cpp ****     overrun_count_ = 0;
 2627              		.loc 1 100 30 is_stmt 0 view .LVU690
 2628 008c 04F63442 		addw	r2, r4, #3124
 2629 0090 1360     		str	r3, [r2]	@ float
  99:src/audio_engine.cpp ****         effect_peak_load_[i] = 0.0f;
 2630              		.loc 1 99 5 is_stmt 1 view .LVU691
 2631              	.LVL214:
  99:src/audio_engine.cpp ****         effect_peak_load_[i] = 0.0f;
 2632              		.loc 1 99 22 view .LVU692
 100:src/audio_engine.cpp ****     overrun_count_ = 0;
 2633              		.loc 1 100 9 view .LVU693
 100:src/audio_engine.cpp ****     overrun_count_ = 0;
 2634              		.loc 1 100 30 is_stmt 0 view .LVU694
 2635 0092 04F63842 		addw	r2, r4, #3128
 2636 0096 1360     		str	r3, [r2]	@ float
  99:src/audio_engine.cpp ****         effect_peak_load_[i] = 0.0f;
 2637              		.loc 1 99 5 is_stmt 1 view .LVU695
 2638              	.LVL215:
  99:src/audio_engine.cpp ****         effect_peak_load_[i] = 0.0f;
 2639              		.loc 1 99 22 view .LVU696
 100:src/audio_engine.cpp ****     overrun_count_ = 0;
 2640              		.loc 1 100 9 view .LVU697
 100:src/audio_engine.cpp ****     overrun_count_ = 0;
 2641              		.loc 1 100 30 is_stmt 0 view .LVU698
 2642 0098 04F63C42 		addw	r2, r4, #3132
 2643 009c 1360     		str	r3, [r2]	@ float
  99:src/audio_engine.cpp ****         effect_peak_load_[i] = 0.0f;
 2644              		.loc 1 99 5 is_stmt 1 view .LVU699
 2645              	.LVL216:
  99:src/audio_engine.cpp ****         effect_peak_load_[i] = 0.0f;
 2646              		.loc 1 99 22 view .LVU700
 2647              	.LBE251:
 101:src/audio_engine.cpp **** #endif
 2648              		.loc 1 101 5 view .LVU701
 101:src/audio_engine.cpp **** #endif
 2649              		.loc 1 101 20 is_stmt 0 view .LVU702
 2650 009e C4F8405C 		str	r5, [r4, #3136]
 104:src/audio_engine.cpp **** #endif
 2651              		.loc 1 104 5 is_stmt 1 view .LVU703
 104:src/audio_engine.cpp **** #endif
 2652              		.loc 1 104 27 is_stmt 0 view .LVU704
 2653 00a2 FFF7FEFF 		bl	_ZN3app11AudioEngine22ApplySnapshotIfChangedEv
 2654              	.LVL217:
 107:src/audio_engine.cpp ****     current_.bypass = 0;
 2655              		.loc 1 107 5 is_stmt 1 view .LVU705
 108:src/audio_engine.cpp **** #endif
 2656              		.loc 1 108 5 view .LVU706
 119:src/audio_engine.cpp **** }
 2657              		.loc 1 119 31 is_stmt 0 view .LVU707
 2658 00a6 9FED120A 		vldr.32	s0, .L228+12
 115:src/audio_engine.cpp ****     thermal_audio_state_ = THERMAL_AUDIO_NORMAL;
 2659              		.loc 1 115 9 view .LVU708
 2660 00aa 04F6FC33 		addw	r3, r4, #3068
 107:src/audio_engine.cpp ****     current_.bypass = 0;
 2661              		.loc 1 107 21 view .LVU709
 2662 00ae 0222     		movs	r2, #2
 119:src/audio_engine.cpp **** }
ARM GAS  C:\Users\aydan\AppData\Local\Temp\ccfLkmFL.s 			page 70


 2663              		.loc 1 119 31 view .LVU710
 2664 00b0 28EE008A 		vmul.f32	s16, s16, s0
 2665              	.LVL218:
 110:src/audio_engine.cpp ****     active_bypass_  = current_.bypass != 0;
 2666              		.loc 1 110 21 view .LVU711
 2667 00b4 4FF00211 		mov	r1, #131074
 107:src/audio_engine.cpp ****     current_.bypass = 0;
 2668              		.loc 1 107 21 view .LVU712
 2669 00b8 A4F8DC2B 		strh	r2, [r4, #3036]	@ movhi
 110:src/audio_engine.cpp ****     active_bypass_  = current_.bypass != 0;
 2670              		.loc 1 110 5 is_stmt 1 view .LVU713
 111:src/audio_engine.cpp ****     pending_effect_ = active_effect_;
 2671              		.loc 1 111 5 view .LVU714
 112:src/audio_engine.cpp ****     pending_bypass_ = active_bypass_;
 2672              		.loc 1 112 5 view .LVU715
 113:src/audio_engine.cpp ****     wet_gain_
 2673              		.loc 1 113 5 view .LVU716
 117:src/audio_engine.cpp ****     thermal_gain_step_
 2674              		.loc 1 117 26 is_stmt 0 view .LVU717
 2675 00bc 04F60842 		addw	r2, r4, #3080
 110:src/audio_engine.cpp ****     active_bypass_  = current_.bypass != 0;
 2676              		.loc 1 110 21 view .LVU718
 2677 00c0 C4F8F41B 		str	r1, [r4, #3060]
 114:src/audio_engine.cpp ****         = (active_effect_ == config::FX_TUNER || active_bypass_) ? 0.0f : 1.0f;
 2678              		.loc 1 114 5 is_stmt 1 view .LVU719
 119:src/audio_engine.cpp **** }
 2679              		.loc 1 119 16 is_stmt 0 view .LVU720
 2680 00c4 C8EE887A 		vdiv.f32	s15, s17, s16
 115:src/audio_engine.cpp ****     thermal_audio_state_ = THERMAL_AUDIO_NORMAL;
 2681              		.loc 1 115 9 view .LVU721
 2682 00c8 C3ED008A 		vstr.32	s17, [r3]
 116:src/audio_engine.cpp ****     thermal_gain_        = 1.0f;
 2683              		.loc 1 116 5 is_stmt 1 view .LVU722
 119:src/audio_engine.cpp **** }
 2684              		.loc 1 119 9 is_stmt 0 view .LVU723
 2685 00cc 04F60C43 		addw	r3, r4, #3084
 116:src/audio_engine.cpp ****     thermal_gain_        = 1.0f;
 2686              		.loc 1 116 26 view .LVU724
 2687 00d0 84F8045C 		strb	r5, [r4, #3076]
 117:src/audio_engine.cpp ****     thermal_gain_step_
 2688              		.loc 1 117 5 is_stmt 1 view .LVU725
 117:src/audio_engine.cpp ****     thermal_gain_step_
 2689              		.loc 1 117 26 is_stmt 0 view .LVU726
 2690 00d4 C2ED008A 		vstr.32	s17, [r2]
 118:src/audio_engine.cpp ****         = 1.0f / (sample_rate * (config::kThermalAudioFadeMs * 0.001f));
 2691              		.loc 1 118 5 is_stmt 1 view .LVU727
 119:src/audio_engine.cpp **** }
 2692              		.loc 1 119 9 is_stmt 0 view .LVU728
 2693 00d8 C3ED007A 		vstr.32	s15, [r3]
 120:src/audio_engine.cpp **** 
 2694              		.loc 1 120 1 view .LVU729
 2695 00dc 03B0     		add	sp, sp, #12
 2696              		.cfi_def_cfa_offset 20
 2697              		@ sp needed
 2698 00de BDEC028B 		vldm	sp!, {d8}
 2699              		.cfi_restore 80
 2700              		.cfi_restore 81
ARM GAS  C:\Users\aydan\AppData\Local\Temp\ccfLkmFL.s 			page 71


 2701              		.cfi_def_cfa_offset 12
 2702 00e2 30BD     		pop	{r4, r5, pc}
 2703              	.LVL219:
 2704              	.L229:
 120:src/audio_engine.cpp **** 
 2705              		.loc 1 120 1 view .LVU730
 2706              		.align	2
 2707              	.L228:
 2708 00e4 00004042 		.word	1111490560
 2709 00e8 DB0FC940 		.word	1086918619
 2710 00ec 0000C07F 		.word	2143289344
 2711 00f0 0BD7233C 		.word	1008981771
 2712              		.cfi_endproc
 2713              	.LFE4744:
 2715              		.section	.rodata
 2716              		.align	2
 2717              		.set	.LANCHOR0,. + 0
 2718              	.LC0:
 2719 0000 FFFFFFFF 		.word	-1
 2720 0004 FFFFFFFF 		.word	-1
 2721 0008 FFFFFFFF 		.word	-1
 2722 000c FFFFFFFF 		.word	-1
 2723 0010 FFFFFFFF 		.word	-1
 2724 0014 FFFFFFFF 		.word	-1
 2725 0018 FFFFFFFF 		.word	-1
 2726 001c FFFFFFFF 		.word	-1
 2727 0020 FFFFFFFF 		.word	-1
 2728 0024 FFFFFFFF 		.word	-1
 2729 0028 FFFFFFFF 		.word	-1
 2730 002c FFFFFFFF 		.word	-1
 2731 0030 FFFFFFFF 		.word	-1
 2732 0034 FFFFFFFF 		.word	-1
 2733 0038 FFFFFFFF 		.word	-1
 2734              	.LC1:
 2735 003c FF       		.byte	-1
 2736 003d FF       		.byte	-1
 2737 003e 00       		.byte	0
 2738 003f 00       		.byte	0
 2739 0040 FFFF     		.short	-1
 2740 0042 FFFF     		.short	-1
 2741 0044 FFFF     		.short	-1
 2742              		.text
 2743              	.Letext0:
 2744              		.file 4 "c:\\program files\\daisytoolchain\\arm-none-eabi\\include\\machine\\_default_types.h"
 2745              		.file 5 "c:\\program files\\daisytoolchain\\arm-none-eabi\\include\\sys\\_stdint.h"
 2746              		.file 6 "c:\\program files\\daisytoolchain\\arm-none-eabi\\include\\stdint.h"
 2747              		.file 7 "c:\\program files\\daisytoolchain\\lib\\gcc\\arm-none-eabi\\10.2.1\\include\\stddef.h"
 2748              		.file 8 "c:\\program files\\daisytoolchain\\arm-none-eabi\\include\\c++\\10.2.1\\cmath"
 2749              		.file 9 "c:\\program files\\daisytoolchain\\arm-none-eabi\\include\\c++\\10.2.1\\bits\\std_abs.h"
 2750              		.file 10 "c:\\program files\\daisytoolchain\\arm-none-eabi\\include\\c++\\10.2.1\\cstdlib"
 2751              		.file 11 "c:\\program files\\daisytoolchain\\arm-none-eabi\\include\\c++\\10.2.1\\cstdint"
 2752              		.file 12 "c:\\program files\\daisytoolchain\\arm-none-eabi\\include\\c++\\10.2.1\\type_traits"
 2753              		.file 13 "c:\\program files\\daisytoolchain\\arm-none-eabi\\include\\c++\\10.2.1\\debug\\debug.h"
 2754              		.file 14 "c:\\program files\\daisytoolchain\\arm-none-eabi\\include\\c++\\10.2.1\\arm-none-eabi\\t
 2755              		.file 15 "c:\\program files\\daisytoolchain\\arm-none-eabi\\include\\c++\\10.2.1\\bits\\algorithmf
 2756              		.file 16 "c:\\program files\\daisytoolchain\\arm-none-eabi\\include\\c++\\10.2.1\\bits\\stl_pair.h
 2757              		.file 17 "c:\\program files\\daisytoolchain\\arm-none-eabi\\include\\c++\\10.2.1\\bits\\exception_
ARM GAS  C:\Users\aydan\AppData\Local\Temp\ccfLkmFL.s 			page 72


 2758              		.file 18 "c:\\program files\\daisytoolchain\\arm-none-eabi\\include\\c++\\10.2.1\\cstdarg"
 2759              		.file 19 "c:\\program files\\daisytoolchain\\arm-none-eabi\\include\\c++\\10.2.1\\cstdio"
 2760              		.file 20 "c:\\program files\\daisytoolchain\\arm-none-eabi\\include\\c++\\10.2.1\\cstring"
 2761              		.file 21 "c:\\program files\\daisytoolchain\\arm-none-eabi\\include\\c++\\10.2.1\\cwchar"
 2762              		.file 22 "c:\\program files\\daisytoolchain\\arm-none-eabi\\include\\c++\\10.2.1\\clocale"
 2763              		.file 23 "c:\\program files\\daisytoolchain\\arm-none-eabi\\include\\c++\\10.2.1\\bits\\basic_stri
 2764              		.file 24 "c:\\program files\\daisytoolchain\\arm-none-eabi\\include\\c++\\10.2.1\\bits\\stl_tempbu
 2765              		.file 25 "c:\\program files\\daisytoolchain\\arm-none-eabi\\include\\c++\\10.2.1\\bits\\predefined
 2766              		.file 26 "c:\\program files\\daisytoolchain\\arm-none-eabi\\include\\sys\\_types.h"
 2767              		.file 27 "c:\\program files\\daisytoolchain\\arm-none-eabi\\include\\sys\\reent.h"
 2768              		.file 28 "c:\\program files\\daisytoolchain\\arm-none-eabi\\include\\sys\\lock.h"
 2769              		.file 29 "c:\\program files\\daisytoolchain\\arm-none-eabi\\include\\math.h"
 2770              		.file 30 "c:\\program files\\daisytoolchain\\arm-none-eabi\\include\\stdlib.h"
 2771              		.file 31 "c:\\program files\\daisytoolchain\\arm-none-eabi\\include\\c++\\10.2.1\\math.h"
 2772              		.file 32 "c:\\program files\\daisytoolchain\\arm-none-eabi\\include\\c++\\10.2.1\\stdlib.h"
 2773              		.file 33 "../../libDaisy/src/daisy_core.h"
 2774              		.file 34 "../../libDaisy/src/per/tim.h"
 2775              		.file 35 "../../libDaisy/src/sys/system.h"
 2776              		.file 36 "../../libDaisy/src/per/sai.h"
 2777              		.file 37 "../../libDaisy/src/hid/audio.h"
 2778              		.file 38 "../../libDaisy/src/util/wav_format.h"
 2779              		.file 39 "../../libDaisy/src/dev/max11300.h"
 2780              		.file 40 "../../libDaisy/src/daisy_seed.h"
 2781              		.file 41 "c:\\program files\\daisytoolchain\\lib\\gcc\\arm-none-eabi\\10.2.1\\include\\stdarg.h"
 2782              		.file 42 "c:\\program files\\daisytoolchain\\arm-none-eabi\\include\\stdio.h"
 2783              		.file 43 "c:\\program files\\daisytoolchain\\arm-none-eabi\\include\\string.h"
 2784              		.file 44 "src/app_config.h"
 2785              		.file 45 "src/tuner.h"
 2786              		.file 46 "src/audio_engine.h"
 2787              		.file 47 "gml/GuitarPedal/Effect-Modules/base_effect_module.h"
 2788              		.file 48 "gml/GuitarPedal/Effect-Modules/reverb_module.h"
 2789              		.file 49 "../../DaisySP/Source/Control/adenv.h"
 2790              		.file 50 "../../DaisySP/Source/Utility/dsp.h"
 2791              		.file 51 "c:\\program files\\daisytoolchain\\arm-none-eabi\\include\\wchar.h"
 2792              		.file 52 "c:\\program files\\daisytoolchain\\arm-none-eabi\\include\\locale.h"
 2793              		.file 53 "../../libDaisy/src/dev/sr_595.h"
 2794              		.file 54 "<built-in>"
ARM GAS  C:\Users\aydan\AppData\Local\Temp\ccfLkmFL.s 			page 73


DEFINED SYMBOLS
                            *ABS*:00000000 audio_engine.cpp
C:\Users\aydan\AppData\Local\Temp\ccfLkmFL.s:17     .text._ZN3app11AudioEngine16StringContainsCiEPKcS2_.part.0:00000000 $t
C:\Users\aydan\AppData\Local\Temp\ccfLkmFL.s:25     .text._ZN3app11AudioEngine16StringContainsCiEPKcS2_.part.0:00000000 _ZN3app11AudioEngine16StringContainsCiEPKcS2_.part.0
C:\Users\aydan\AppData\Local\Temp\ccfLkmFL.s:164    .text._ZN3app11AudioEngine15ApplyParametersEhPKt.part.0:00000000 $t
C:\Users\aydan\AppData\Local\Temp\ccfLkmFL.s:171    .text._ZN3app11AudioEngine15ApplyParametersEhPKt.part.0:00000000 _ZN3app11AudioEngine15ApplyParametersEhPKt.part.0
C:\Users\aydan\AppData\Local\Temp\ccfLkmFL.s:343    .text._ZN3app11AudioEngine15ApplyParametersEhPKt.part.0:000000a0 $d
C:\Users\aydan\AppData\Local\Temp\ccfLkmFL.s:352    .text._ZN3app11AudioEngine19FindParamByKeywordsEPN10bkshepherd16BaseEffectModuleEPKcS5_S5_.part.0:00000000 $t
C:\Users\aydan\AppData\Local\Temp\ccfLkmFL.s:359    .text._ZN3app11AudioEngine19FindParamByKeywordsEPN10bkshepherd16BaseEffectModuleEPKcS5_S5_.part.0:00000000 _ZN3app11AudioEngine19FindParamByKeywordsEPN10bkshepherd16BaseEffectModuleEPKcS5_S5_.part.0
C:\Users\aydan\AppData\Local\Temp\ccfLkmFL.s:531    .text._ZN3app11AudioEngineC2Ev:00000000 $t
C:\Users\aydan\AppData\Local\Temp\ccfLkmFL.s:539    .text._ZN3app11AudioEngineC2Ev:00000000 _ZN3app11AudioEngineC2Ev
C:\Users\aydan\AppData\Local\Temp\ccfLkmFL.s:651    .text._ZN3app11AudioEngineC2Ev:000000dc $d
C:\Users\aydan\AppData\Local\Temp\ccfLkmFL.s:539    .text._ZN3app11AudioEngineC2Ev:00000000 _ZN3app11AudioEngineC1Ev
C:\Users\aydan\AppData\Local\Temp\ccfLkmFL.s:661    .text._ZN3app11AudioEngine16StringContainsCiEPKcS2_:00000000 $t
C:\Users\aydan\AppData\Local\Temp\ccfLkmFL.s:669    .text._ZN3app11AudioEngine16StringContainsCiEPKcS2_:00000000 _ZN3app11AudioEngine16StringContainsCiEPKcS2_
C:\Users\aydan\AppData\Local\Temp\ccfLkmFL.s:692    .text._ZN3app11AudioEngine19FindParamByKeywordsEPN10bkshepherd16BaseEffectModuleEPKcS5_S5_:00000000 $t
C:\Users\aydan\AppData\Local\Temp\ccfLkmFL.s:700    .text._ZN3app11AudioEngine19FindParamByKeywordsEPN10bkshepherd16BaseEffectModuleEPKcS5_S5_:00000000 _ZN3app11AudioEngine19FindParamByKeywordsEPN10bkshepherd16BaseEffectModuleEPKcS5_S5_
C:\Users\aydan\AppData\Local\Temp\ccfLkmFL.s:722    .text._ZN3app11AudioEngine19FallbackParamForPotEPN10bkshepherd16BaseEffectModuleEi:00000000 $t
C:\Users\aydan\AppData\Local\Temp\ccfLkmFL.s:730    .text._ZN3app11AudioEngine19FallbackParamForPotEPN10bkshepherd16BaseEffectModuleEi:00000000 _ZN3app11AudioEngine19FallbackParamForPotEPN10bkshepherd16BaseEffectModuleEi
C:\Users\aydan\AppData\Local\Temp\ccfLkmFL.s:803    .text._ZN3app11AudioEngine10U16ToFloatEt:00000000 $t
C:\Users\aydan\AppData\Local\Temp\ccfLkmFL.s:811    .text._ZN3app11AudioEngine10U16ToFloatEt:00000000 _ZN3app11AudioEngine10U16ToFloatEt
C:\Users\aydan\AppData\Local\Temp\ccfLkmFL.s:832    .text._ZN3app11AudioEngine10U16ToFloatEt:00000014 $d
C:\Users\aydan\AppData\Local\Temp\ccfLkmFL.s:837    .text._ZN3app11AudioEngine11ClampOutputEf:00000000 $t
C:\Users\aydan\AppData\Local\Temp\ccfLkmFL.s:845    .text._ZN3app11AudioEngine11ClampOutputEf:00000000 _ZN3app11AudioEngine11ClampOutputEf
C:\Users\aydan\AppData\Local\Temp\ccfLkmFL.s:877    .text._ZN3app11AudioEngine11ClampOutputEf:00000028 $d
C:\Users\aydan\AppData\Local\Temp\ccfLkmFL.s:883    .rodata._ZN3app11AudioEngine14BuildParamMapsEv.str1.4:00000000 $d
C:\Users\aydan\AppData\Local\Temp\ccfLkmFL.s:908    .text._ZN3app11AudioEngine14BuildParamMapsEv:00000000 $t
C:\Users\aydan\AppData\Local\Temp\ccfLkmFL.s:916    .text._ZN3app11AudioEngine14BuildParamMapsEv:00000000 _ZN3app11AudioEngine14BuildParamMapsEv
C:\Users\aydan\AppData\Local\Temp\ccfLkmFL.s:1176   .text._ZN3app11AudioEngine14BuildParamMapsEv:000000cc $d
C:\Users\aydan\AppData\Local\Temp\ccfLkmFL.s:1188   .text._ZN3app11AudioEngine22ApplySnapshotIfChangedEv:00000000 $t
C:\Users\aydan\AppData\Local\Temp\ccfLkmFL.s:1196   .text._ZN3app11AudioEngine22ApplySnapshotIfChangedEv:00000000 _ZN3app11AudioEngine22ApplySnapshotIfChangedEv
C:\Users\aydan\AppData\Local\Temp\ccfLkmFL.s:1473   .text._ZN3app11AudioEngine22ApplySnapshotIfChangedEv:00000128 $d
C:\Users\aydan\AppData\Local\Temp\ccfLkmFL.s:1480   .text._ZN3app11AudioEngine20BeginThermalShutdownEv:00000000 $t
C:\Users\aydan\AppData\Local\Temp\ccfLkmFL.s:1488   .text._ZN3app11AudioEngine20BeginThermalShutdownEv:00000000 _ZN3app11AudioEngine20BeginThermalShutdownEv
C:\Users\aydan\AppData\Local\Temp\ccfLkmFL.s:1522   .text._ZN3app11AudioEngine15StartTransitionEhb:00000000 $t
C:\Users\aydan\AppData\Local\Temp\ccfLkmFL.s:1530   .text._ZN3app11AudioEngine15StartTransitionEhb:00000000 _ZN3app11AudioEngine15StartTransitionEhb
C:\Users\aydan\AppData\Local\Temp\ccfLkmFL.s:1610   .text._ZN3app11AudioEngine14StepTransitionEv:00000000 $t
C:\Users\aydan\AppData\Local\Temp\ccfLkmFL.s:1618   .text._ZN3app11AudioEngine14StepTransitionEv:00000000 _ZN3app11AudioEngine14StepTransitionEv
C:\Users\aydan\AppData\Local\Temp\ccfLkmFL.s:1731   .text._ZN3app11AudioEngine7ProcessEPKPKfPPfj:00000000 $t
C:\Users\aydan\AppData\Local\Temp\ccfLkmFL.s:1739   .text._ZN3app11AudioEngine7ProcessEPKPKfPPfj:00000000 _ZN3app11AudioEngine7ProcessEPKPKfPPfj
C:\Users\aydan\AppData\Local\Temp\ccfLkmFL.s:2200   .text._ZN3app11AudioEngine7ProcessEPKPKfPPfj:0000020c $d
C:\Users\aydan\AppData\Local\Temp\ccfLkmFL.s:2208   .text._ZN3app11AudioEngine19ProcessEffectSampleEPN10bkshepherd16BaseEffectModuleEfRfS4_:00000000 $t
C:\Users\aydan\AppData\Local\Temp\ccfLkmFL.s:2216   .text._ZN3app11AudioEngine19ProcessEffectSampleEPN10bkshepherd16BaseEffectModuleEfRfS4_:00000000 _ZN3app11AudioEngine19ProcessEffectSampleEPN10bkshepherd16BaseEffectModuleEfRfS4_
C:\Users\aydan\AppData\Local\Temp\ccfLkmFL.s:2272   .text._ZN3app11AudioEngine15ApplyParametersEhPKt:00000000 $t
C:\Users\aydan\AppData\Local\Temp\ccfLkmFL.s:2280   .text._ZN3app11AudioEngine15ApplyParametersEhPKt:00000000 _ZN3app11AudioEngine15ApplyParametersEhPKt
C:\Users\aydan\AppData\Local\Temp\ccfLkmFL.s:2301   .text._ZN3app11AudioEngine13CurrentEffectEv:00000000 $t
C:\Users\aydan\AppData\Local\Temp\ccfLkmFL.s:2309   .text._ZN3app11AudioEngine13CurrentEffectEv:00000000 _ZN3app11AudioEngine13CurrentEffectEv
C:\Users\aydan\AppData\Local\Temp\ccfLkmFL.s:2344   .text._ZN3app11AudioEngine13CurrentEffectEv:00000020 $d
C:\Users\aydan\AppData\Local\Temp\ccfLkmFL.s:2349   .text._ZNK3app11AudioEngine18GetCpuLoadSnapshotEv:00000000 $t
C:\Users\aydan\AppData\Local\Temp\ccfLkmFL.s:2357   .text._ZNK3app11AudioEngine18GetCpuLoadSnapshotEv:00000000 _ZNK3app11AudioEngine18GetCpuLoadSnapshotEv
C:\Users\aydan\AppData\Local\Temp\ccfLkmFL.s:2444   .text._ZNK3app11AudioEngine18GetCpuLoadSnapshotEv:00000040 $d
C:\Users\aydan\AppData\Local\Temp\ccfLkmFL.s:2449   .text._ZN3app11AudioEngine4InitEfRNS_14ControlMailboxERNS_12TunerCaptureE:00000000 $t
C:\Users\aydan\AppData\Local\Temp\ccfLkmFL.s:2457   .text._ZN3app11AudioEngine4InitEfRNS_14ControlMailboxERNS_12TunerCaptureE:00000000 _ZN3app11AudioEngine4InitEfRNS_14ControlMailboxERNS_12TunerCaptureE
C:\Users\aydan\AppData\Local\Temp\ccfLkmFL.s:2708   .text._ZN3app11AudioEngine4InitEfRNS_14ControlMailboxERNS_12TunerCaptureE:000000e4 $d
C:\Users\aydan\AppData\Local\Temp\ccfLkmFL.s:2716   .rodata:00000000 $d

UNDEFINED SYMBOLS
ARM GAS  C:\Users\aydan\AppData\Local\Temp\ccfLkmFL.s 			page 74


_ZN10bkshepherd16BaseEffectModule23SetParameterAsMagnitudeEif
_ZN10bkshepherd16BaseEffectModule17GetParameterCountEv
_ZN10bkshepherd16BaseEffectModule16GetParameterNameEi
_ZN10bkshepherd12ReverbModuleC1Ev
_ZN10bkshepherd16BaseEffectModule27GetMappedParameterIDForKnobEi
_ZN5daisy6System7GetTickEv
_ZN10bkshepherd16BaseEffectModule12GetAudioLeftEv
_ZN10bkshepherd16BaseEffectModule13GetAudioRightEv
_ZN3app12TunerCapture10WriteBlockEPKfj
_ZN10bkshepherd12ReverbModule4InitEf
_ZN10bkshepherd16BaseEffectModule10SetEnabledEb
_ZN5daisy6System11GetTickFreqEv
