:020000040800F2
:1000000000000220E1050008DD050008116F00086E
:10001000DD050008DD050008DD0500080000000022
:10002000000000000000000000000000DD050008E6
:10003000DD05000800000000DD050008956E0008E1
:10004000DD050008DD050008DD050008DD05000808
:10005000DD050008DD050008DD050008DD050008F8
:10006000DD050008DD050008DD050008B15B0008BE
:10007000BD5B0008794A0008C95B0008D55B000831
:10008000316A0008DD500008DD050008DD050008C4
:10009000DD050008DD050008DD050008DD050008B8
:1000A000DD050008DD050008DD050008DD050008A8
:1000B00021E500082DE5000839E500081151000888
:1000C000DD0500081D510008DD05000891DD000870
:1000D0009DDD00086568000891680008C568000893
:1000E000DD050008DD05000800000000DD05000852
:1000F000DD050008DD050008DD050008DD05000858
:10010000DD050008DD05000845E50008A9DD00085B
:10011000F96800082D690008DD050008DD05000804
:10012000DD050008DD050008CDDD000801DE000862
:10013000656A0008DD050008DD050008DD0500082A
:1001400000000000000000000000000000000000AF
:10015000DD050008DD050008DD050008616900080F
:1001600029510008DD050008A56E0008C96E0008C9
:10017000DD050008ED6E0008DD050008DD0500085E
:10018000DD050008DD05000895690008C96900085B
:10019000B5DD0008C1DD0008DD050008DD0500084B
:1001A000DD050008DD050008DD050008DD050008A7
:1001B000D1580008DD050008DD050008DD05000850
:1001C000DD050008DD050008DD050008DD05000887
:1001D000DD050008DD050008DD050008DD05000877
:1001E000DD050008DD050008DD050008DD05000867
:1001F000DD050008DD050008DD050008DD05000857
:10020000DD050008DD050008DD050008DD05000846
:10021000DD050008DD050008DD050008DD05000836
:10022000DD050008DD050008DD0500080000000010
:10023000DD050008DD05000800000000DD05000800
:10024000DD050008DD050008DD050008DD05000806
:10025000DD050008DD050008DD050008DD050008F6
:10026000DD050008DD050008DD050008DD050008E6
:10027000DD050008DD050008FD690008000000003C
:10028000DD050008DD050008DD05000800000000B0
:0802900000000000DD0500087C
:1002980010B5054C237833B9044B13B10448AFF3B8
:1002A80000800123237010BD80030024000000009B
:1002B80008F9000808B5034B1BB103490348AFF31D
:1002C800008008BD000000008403002408F900082D
:1002D80053B94AB9002908BF00281CBF4FF0FF31A5
:1002E8004FF0FF3000F074B9ADF1080C6DE904CEA1
:1002F80000F006F8DDF804E0DDE9022304B07047F9
:100308002DE9F047089D04468E46002B4DD18A42C0
:10031800944669D9B2FA82F252B101FA02F3C2F1F3
:10032800200120FA01F10CFA02FC41EA030E944084
:100338004FEA1C48210CBEFBF8F61FFA8CF708FBA5
:1003480016E341EA034306FB07F199420AD91CEB7D
:10035800030306F1FF3080F01F81994240F21C81AF
:10036800023E63445B1AA4B2B3FBF8F008FB1033F7
:1003780044EA034400FB07F7A7420AD91CEB04042C
:1003880000F1FF3380F00A81A74240F207816444FC
:10039800023840EA0640E41B00261DB1D440002381
:1003A800C5E900433146BDE8F0878B4209D9002DE5
:1003B80000F0EF800026C5E9000130463146BDE86F
:1003C800F087B3FA83F6002E4AD18B4202D38242D9
:1003D80000F2F980841A61EB030301209E46002D88
:1003E800E0D0C5E9004EDDE702B9FFDEB2FA82F2DD
:1003F800002A40F09280A1EB0C014FEA1C471FFA3B
:100408008CFE0126200CB1FBF7F307FB131140EA21
:1004180001410EFB03F0884208D91CEB010103F1EE
:10042800FF3802D2884200F2CB804346091AA4B2B0
:10043800B1FBF7F007FB101144EA01440EFB00FE84
:10044800A64508D91CEB040400F1FF3102D2A645E9
:1004580000F2BB800846A4EB0E0440EA03409CE788
:10046800C6F12007B34022FA07FC4CEA030C20FA35
:1004780007F401FA06F31C43F9404FEA1C4900FA55
:1004880006F3B1FBF9F8200C1FFA8CFE09FB1811D2
:1004980040EA014108FB0EF0884202FA06F20BD945
:1004A8001CEB010108F1FF3A80F08880884240F295
:1004B8008580A8F102086144091AA4B2B1FBF9F0D9
:1004C80009FB101144EA014100FB0EFE8E4508D9D4
:1004D8001CEB010100F1FF346CD28E456AD9023859
:1004E800614440EA0840A0FB0294A1EB0E01A1423E
:1004F800C846A64656D353D05DB1B3EB080261EBAC
:100508000E0101FA07F722FA06F3F1401F43C5E985
:10051800007100263146BDE8F087C2F12003D840BB
:100528000CFA02FC21FA03F3914001434FEA1C47FD
:100538001FFA8CFEB3FBF7F007FB10360B0C43EAEF
:10054800064300FB0EF69E4204FA02F408D91CEB9F
:10055800030300F1FF382FD29E422DD9023863449D
:100568009B1B89B2B3FBF7F607FB163341EA03413D
:1005780006FB0EF38B4208D91CEB010106F1FF388C
:1005880016D28B4214D9023E6144C91A46EA004683
:1005980038E72E46284605E70646E3E61846F8E615
:1005A8004B45A9D2B9EB020864EB0C0E0138A3E75E
:1005B8004646EAE7204694E74046D1E7D0467BE73F
:1005C800023B614432E7304609E76444023842E7B7
:1005D800704700BFFEE700BF0B480C4A904203D0AB
:1005E800121A0B490FF0B2F80A480B4A904203D08E
:1005F800121A00210FF0B8F806F0DCFE0FF082F8AE
:1006080000F024F8FEE700BF000000247C0300246B
:1006180038F90008800300247C310024704700BFAB
:100628009AB10368406803EB820C10B40C684968FF
:1006380053F8042B44F8042B634550F8042B41F875
:10064800042BF5D15DF8044B7047704708B50021BD
:10065800084803F069F80321064802F071FF3021C9
:10066800044802F089FF044B044B0549014802F095
:1006780063FFFEE7AC0300249C030024EC03002482
:100688002906000810B50A4800240A4A0460446193
:100698000462C46308490FF021F8084B08485C60FD
:1006A80043F8044B5C601C81BDE8104000F00AB8B8
:1006B800AC03002400000024250600089C03002445
:1006C800EC03002410B4184C03464FF60B7C0022B0
:1006D80020680021A3F804C040F2011CC3F862009E
:1006E800A088A3F84C20A3F8660018461A601A617F
:1006F800A3F818C0A3F844209A6483F84E2019651B
:1007080059659965DA65A3F86020C3E90B22C3E946
:1007180002225DF8044BC3E90722C3E90922C3E9B1
:100728000D22C3E90F22704780F70008704700BF09
:100738000F4B1B780BB90120704710B504464FF4D6
:100748007A700C4AB0FBF3F31068B0FBF3F000F0DA
:10075800E1F80F2C00D808B1012010BD0022214675
:100768004FF0FF3000F076F8034B00201C6010BDFE
:1007780004000024440200240800002438B50320A3
:10078800124D00F055F8124C01F06EFB114A124957
:100798009369C3F30323CB5C03F01F0320FA03F32D
:1007A8000E202B60926902F00F028A5C02F01F0291
:1007B800D3402360FFF7BCFF10B10124204638BDA9
:1007C8000446FFF7B3FF204638BD00BF44020024AB
:1007D8004802002400440258E8F70008034A044B82
:1007E80011681B780B441360704700BF5404002441
:1007F80004000024014B1868704700BF540400240B
:1008080038B50446FFF7F6FF0546631C02D0044BD3
:100818001B781C44FFF7EEFF431BA342FAD338BDF5
:1008280004000024014B1868000C70470010005C9D
:1008380006494FF6FF0C0002054BCA6800F4E06059
:1008480002EA0C0210430343CB60704700ED00E05E
:100858000000FA051B4BDB68C3F3022300B5C3F1A4
:10086800070E03F1040CBEF1040F28BF4FF0040E6D
:10087800BCF1060F1AD9033B4FF0FF3C0CFA03FCFE
:1008880022EA0C024FF0FF3C00280CFA0EFC21EA89
:100898000C0101FA03F141EA02010ADB09010A4BE2
:1008A800C9B2034483F800135DF804FB0022134621
:1008B800E8E700F00F000901044BC9B203441976B8
:1008C8005DF804FB00ED00E000E100E0FCEC00E076
:1008D800002807DB00F01F0101234009024A8B4072
:1008E80042F82030704700BF00E100E000280DDB2F
:1008F8004309012200F01F000549203302FA00F0E5
:1009080041F82300BFF34F8FBFF36F8F704700BFCD
:1009180000E100E0431EB3F1807F0CD24FF0E022EB
:10092800002006494FF0F00C5361072381F823C0DB
:100938009061136170470120704700BF00ED00E02F
:10094800BFF35F8F044B00215A6A22F480325A6247
:10095800C3F89410704700BF00ED00E0064B40F06C
:100968000100C3F894005A6A42F480325A62BFF315
:100978004F8FBFF36F8F704700ED00E0174A437841
:10098800C2F89830017821B3436800B5C2F89C30AA
:10099800C37A90F80CC01B0690F80FE043EA0C737A
:1009A80090F80AC00B43817B43EACC4390F80DC012
:1009B80043EA8C4390F809C043EA4143017A43EA89
:1009C8000E4343EA0C2343EA4103C2F8A0305DF822
:1009D80004FBC2F89C10C2F8A010704700ED00E0BC
:1009E800704700BF08B5FFF7FBFF08BD0268344B2E
:1009F800344930B4344D354CAA4218BF9A420CBF22
:100A0800012300238A4208BF43F001033031A24288
:100A180008BF43F0010330348A4208BF43F00103A2
:100A28003031A24208BF43F0010330348A4208BF84
:100A380043F0010301F55C71A24208BF43F00103D2
:100A480004F55C748A4208BF43F001033031A242C6
:100A580008BF43F0010330348A4208BF43F0010362
:100A68003031A24208BF43F0010330348A4208BF44
:100A780043F001033031A24208BF43F001038A4228
:100A880008BF43F0010313B9114B9A4213D1D3B2F3
:100A98001049114C103BA1FB03515F2B0F4BC1F3C5
:100AA800021103EA0203615C88BF0433C1658365F0
:100AB800184630BC704722F0FF038365F8E700BF93
:100AC8001000024040000240280002405800024046
:100AD800B8040240ABAAAAAABCF7000800FCFFFFB2
:100AE8000368294A294930B4294D2A4CAB4218BF1A
:100AF80093420CBF012200228B4208BF42F0010240
:100B08002831A34208BF42F0010228348B4208BFB3
:100B180042F001022831A34208BF42F001028B4291
:100B280008BF42F0010212B91B4A934213D1DBB24B
:100B38001A4C1B4A0121083B1A4DA4FB0343456686
:100B480002EB1312C3F30413920001FA03F30266D3
:100B5800836630BC7047DAB21349144C1944103A12
:100B6800A829A4FB02234FEA131300D80833104A1C
:100B780003F01F0501210F4C1A44A9404466920056
:100B880081660266E5E700BF0854025830540258EF
:100B98001C5402584454025894540258CDCCCCCC1E
:100BA8000096001680580258F0FBFDBFABAAAAAA0F
:100BB800008200108008024070B50446FFF71AFE54
:100BC800002C00F0C68023680546954A934248D019
:100BD8001832934245D0303292498B4218BF934223
:100BE80001F130010CBF012200228B4208BF42F004
:100BF800010218318B4208BF42F0010218318B42C2
:100C080008BF42F0010218318B4208BF42F00102CE
:100C180001F556718B4208BF42F0010218318B4230
:100C280008BF42F0010218318B4208BF42F00102AE
:100C380018318B4208BF42F0010218318B4208BFBD
:100C480042F0010218318B4208BF42F0010218310C
:100C58008B4208BF42F001021AB9734A934240F02E
:100C6800F5800222002184F8352084F834101A68AF
:100C780022F001021A6005E0FFF7BCFD431B052BBB
:100C880040D823681A68D107F6D4D4E90225216927
:100C98002A43A0691D680A4361690A43E16902435E
:100CA8000A4362492940256A2A430A43616A04299A
:100CB8002FD01A605A6922F0070211435961204661
:100CC800FFF794FEE26D3F2302F01F02934083601A
:100CD8002046FFF705FFA368802B3CD06368A06E11
:100CE800DAB2013BD4E91851072B2A60486026D9AB
:100CF8000023C4E91B33636700200123606584F87F
:100D0800353070BD202203230120626584F8353018
:100D180070BDD4E90B5129430A431A605969A26A84
:100D280021F00701114341F00401002DC6D000282D
:100D38004FD1012A6ED032F00202BFD151E0501ECD
:100D4800072810D9626FD4E91B31002018604A6067
:100D5800D2E7012070BD0023A16ED4E918026360B8
:100D680003605160C4E72168314B324DA94218BF76
:100D7800994205F114050CBF01230023A94208BFBD
:100D880043F001031435A94208BF43F001031435A9
:100D9800A94208BF43F001031435A94208BF43F034
:100DA80001031435A94208BF43F001033BB9224BA4
:100DB800994204D0214B224913449B0003E0214B64
:100DC800214913449B0001228240C4E91B31626718
:100DD800BBE7B0F5005F0ED0022A05D9032A7FF4DD
:100DE8006DAFEA017FF56AAF0123402218466265BC
:100DF80084F8353070BD032A3FF660AF01A050F883
:100E080022F000BFF10D0008EB0D0008F10D0008FD
:100E18001D0E0008B5F1C07F7FF450AFE4E700BFB6
:100E28001000024040000240B80402403F8010FE1B
:100E3800085402581C540258945402583F82001017
:100E4800400902403F96001640590258324A33483A
:100E58003349834218BF934200F128000CBF012296
:100E680000228B4208BF42F001022831834208BFAA
:100E780042F0010228308B4208BF42F001022831BB
:100E8800834208BF42F001028B4208BF42F00102D0
:100E980012B9244A934238D102220021224D84F803
:100EA800341084F835201A681540A268402A2AD0E0
:100EB800802A0CBF4FF480400846266AD4E9031202
:100EC800D20842EAD102616942EAD102A16942EA42
:100ED800D102E16942EAD102144942EA16121944E0
:100EE8002A4302431248A0FB010120461A600B095D
:100EF8009B00E365FFF77AFDE26D012302F01F0214
:100F080093404360E4E61020D7E740220323012002
:100F1800626584F8353070BD085402581C54025874
:100F280030540258945402580F00FEFFF8ABFDA746
:100F3800CDCCCCCC002800F0BC80844690F834009E
:100F4800012800F0B88001202DE9F0419CF83540D7
:100F58008CF83400844208D000224FF400638CF8E7
:100F68003420CCF85430BDE8F0810220DCF8005081
:100F78007A4C8CF835000020794ECCF8540079482A
:100F8800854218BFA54200F118000CBF01240024B7
:100F9800854208BF44F001041830854208BF44F078
:100FA80001041830854208BF44F001041830854216
:100FB80008BF44F0010400F55670854208BF44F0AC
:100FC80001041830854208BF44F0010418308542F6
:100FD80008BF44F001041830854208BF44F00104FA
:100FE8001830854208BF44F001041830854208BF14
:100FF80044F001041830854208BF44F00104183059
:10100800854208BF44F00104A0F59560B54218BFB9
:101018008542DCF86C600CBF0120002054EA00080F
:10102800286820F001002860DCF86400DCF86840DB
:10103800DCF85870446040D016B1DCE91C04446008
:10104800DCF85C004FF03F0E00F01F000EFA00F0D5
:10105800B860286820F4802028606B60DCF80830CD
:10106800402B23D0A960EA602B6823F01E0343F0CD
:1010780016032B60DCF840301BB12B6843F00803E3
:101088002B60DCF860301A68D20303D51A6842F482
:1010980080721A601EB1336843F4807333602B6822
:1010A800002043F001032B60BDE8F081AA60E960ED
:1010B800DAE7012070470220704716B1DCE91C040A
:1010C80044602948DFF8A8E0754518BF85420EF14D
:1010D800140E0CBF01200020754508BF40F0010028
:1010E8000EF1140E754508BF40F001000EF1140E04
:1010F800754508BF40F001000EF1140E754508BF94
:1011080040F001000EF1140E754508BF40F00100D3
:1011180010B9164885420ED1DCF85C0000F01F0EAD
:10112800012000FA0EF078606B60DCF80830402B84
:1011380010D0A960EA602B6823F00E0343F00A037D
:101148002B60DCF84030002B9BD02B6843F0040365
:101158002B6096E7AA60E960EDE700BF4000024017
:10116800280002405800024008540258945402587B
:101178001C54025800285FD038B590F83520034633
:10118800022A55D10168444A914248D01832914206
:1011980045D03032414C4248A14218BF914204F137
:1011A80048040CBF01220022814208BF42F001021C
:1011B8003030A14208BF42F001023034814208BFFA
:1011C80042F0010200F55C70A14208BF42F0010242
:1011D80004F55C74814208BF42F001023030A1423C
:1011E80008BF42F001023034814208BF42F00102D8
:1011F8003030A14208BF42F001023034814208BFBA
:1012080042F001023030A14208BF42F0010281429F
:1012180008BF42F0010212B9224A91420ED10422BB
:10122800002083F835200B6823F001030B6038BDDC
:10123800802201205A6538BD012070470A681C6E5B
:1012480022F00E02D86D9D6D0A6000F01F000A683A
:1012580022F001020A6001222168824021F4807193
:1012680021606A60DA6ED3E91910486032B11168FA
:10127800D3E91C0421F48071116044600024012129
:101288001A6D83F8344083F835101AB11846904720
:10129800204638BD104638BD1000024040000240CC
:1012A80070000240B80402402DE9F04300229C4B34
:1012B80083B09C4E1D688146019203689A4A846DEA
:1012C800934218BFB342276808BF0126216818BF98
:1012D800002645D018329548834218BF934200F142
:1012E80018000CBF01220022834208BF42F001020D
:1012F8001830834208BF42F001021830834208BF09
:1013080042F001021830834208BF42F0010200F5A2
:101318005670834208BF42F001021830834208BF6A
:1013280042F001021830834208BF42F0010218302F
:10133800834208BF42F001021830834208BF42F0DE
:1013480001021830834208BF42F00102183083427C
:1013580008BF42F001021AB9754A934240F0508220
:10136800D9F85C10082201F01F0C02FA0CF217429F
:1013780040F0888127FA0CF2D2070CD55A6910067A
:1013880009D5012202FA0CF2A260D9F8542042F0E1
:101398000202C9F854204FF0040E0EFA0CF038423D
:1013A8005BD0002E4FD1634ADFF88081434518BFD8
:1013B800934208F118080CBF01220022434508BFD8
:1013C80042F0010208F11808434508BF42F0010243
:1013D80008F11808434508BF42F0010208F118084F
:1013E800434508BF42F0010208F55678434508BF57
:1013F80042F0010208F11808434508BF42F0010213
:1014080008F11808434508BF42F0010208F118081E
:10141800434508BF42F0010208F11808434508BFD8
:1014280042F0010208F11808434508BF42F00102E2
:1014380008F11808434508BF42F001021AB93C4AAE
:10144800934240F019821A68920706D5A060D9F82D
:10145800542042F00402C9F85420102202FA0CFC6D
:101468001CEA070F6CD0002E45D1324A2F4EB342EA
:1014780018BF934206F118060CBF01220022B3429E
:1014880008BF42F001021836B34208BF42F0010219
:101498001836B34208BF42F001021836B34208BFFB
:1014A80042F0010206F55676B34208BF42F0010247
:1014B8001836B34208BF42F001021836B34208BFDB
:1014C80042F001021836B34208BF42F00102183652
:1014D800B34208BF42F001021836B34208BF42F0D7
:1014E80001021836B34208BF42F001021AB9104A85
:1014F800934240F0C9811A68100721D5C4F808C082
:101508001A68560300F14C811A68D20503D41A6888
:1015180022F008021A60D9F840308BB10CE000BF05
:1015280044020024100002402800024058000240F3
:10153800B80402404000024048469847D9F85C1079
:1015480001F01F0120268E403E4268D0D9F80020C5
:10155800A54BA64FBA4218BF9A4207F118070CBF0D
:1015680001230023BA4208BF43F001031837BA42E7
:1015780008BF43F001031837BA4208BF43F001031C
:101588001837BA4208BF43F001031837BA4208BFF8
:1015980043F001031837BA4208BF43F0010307F5C7
:1015A8005677BA4208BF43F001031837BA4208BF5A
:1015B80043F001031837BA4208BF43F00103183754
:1015C800BA4208BF43F001031837BA4208BF43F0D4
:1015D80001031837BA4208BF43F001031837BA426B
:1015E80008BF43F001031BB9814B9A4240F0628166
:1015F8001368DB0613D5A66099F83530042B1368F9
:1016080000F0AE8013F4802F136800F0D3801C0321
:1016180040F1DE80D9F83C300BB148469847D9F8FC
:101628005430002B00F0B980D9F85430D8071FD5B2
:10163800D9F80020042189F83510136823F0010334
:1016480013606C4BA3FB0535AD0A02E01368D9079C
:1016580004D5019B0133AB420193F7D9002389F8E4
:1016680034301368DB074CBF0323012389F8353076
:10167800D9F84C30002B00F09080484603B0BDE804
:10168800F0431847186840070AD5186820F0040086
:101698001860A260D9F8542042F00102C9F8542019
:1016A80027FA0CF2D2077FF576AE534A53488342A5
:1016B80018BF934200F130000CBF01220022834280
:1016C80008BF42F001021830834208BF42F001020D
:1016D8001830834208BF42F001021830834208BF25
:1016E80042F0010200F55670834208BF42F0010241
:1016F8001830834208BF42F001021830834208BF05
:1017080042F001021830834208BF42F0010218304B
:10171800834208BF42F001021830834208BF42F0FA
:1017280001021830834208BF42F001021830834298
:1017380008BF42F00102002A7FF420AE002E7FF499
:101748001DAE1A68042202FA0CF23A4240F0948064
:10175800102202FA0CFC17EA0C0F3FF4F1AE84E6F3
:1017680023F016031360536923F080035361D9F8FB
:1017780040309BB3136823F0080313603F23002510
:10178800012203FA01F1D9F85030A16089F83450E8
:1017980089F83520002B7FF470AF03B0BDE8F083E3
:1017A8001B6818037FF5B7AED9F84830002B7FF4D3
:1017B800C3AEC5E613F480737FF42CAF116821F033
:1017C80010011160012289F8343089F8352021E7A9
:1017D800D9F84430002B7FF420AF20E7D9F84830FF
:1017E800002BC7D1CAE700BF100002402800024002
:1017F800B8040240B5814E1B580002404000024028
:101808004E4A4F4DAB4218BF934205F114050CBF29
:1018180001220022AB4208BF42F001021435AB425C
:1018280008BF42F001021435AB4208BF42F0010282
:101838001435AB4208BF42F001021435AB4208BF71
:1018480042F0010212B93F4A9342A6D1D9F85C503E
:1018580004261A6805F01F05AE400E4219D0570736
:1018680017D5100466604BD5D1034FD4D9F848304A
:10187800002B7FF402AF90E71A68102202FA0CFCE2
:1018880017EA0C0F3FF45CAE1A6852077FF558AEA2
:1018980034E60226AE400E4211D097070FD5666097
:1018A800140439D5D00343D4D9F84430002B7FF43D
:1018B800E4AE72E713689F077FF5B1AE9BE6082692
:1018C800AE400E423FF469AF11077FF566AF1A6864
:1018D800002122F00E021A600123D9F84C2003FAE5
:1018E80005F56560C9F8543089F8341089F8353041
:1018F800002A3FF452AF484603B0BDE8F043104712
:10190800920603D41A6822F004021A60D9F840300B
:10191800002B7FF4B2AE40E712F0200208D119681C
:10192800012421F00A01196089F8342089F835402A
:10193800D9F83C30002B7FF4A0AE2EE708540258AB
:101948001C54025894540258406D7047002800F007
:10195800DE81F8B503680446D80730D59F490A697F
:10196800896A02F03802102A00F00081182A00F073
:10197800F8806368B3F5803F00F02081002B00F009
:101988005E81B3F5A02F954B1A6800F02F8222F4E0
:1019980080321A601A6822F480221A60FEF72AFF41
:1019A8008E4E41F28837054605E0FEF723FF401BBF
:1019B800B84200F2428133689A03F6D523689D073E
:1019C80000F18580D9062FD5844A1369926A03F0FD
:1019D8003803082B00F0DA80182B00F0D280E36976
:1019E8007E4D002B00F065812B6843F080032B604F
:1019F800FEF700FF064605E0FEF7FCFE801B022806
:101A080000F21B812B68DB05F6D5FEF70BFF41F2D0
:101A18000303984200F20B826B68226A23F0F843B2
:101A280043EA82636B6023681D0716D563696B4DB3
:101A3800002B00F01C816B6F43F001036B67FEF70E
:101A4800D9FE064605E0FEF7D5FE801B022800F207
:101A5800F4806B6F9807F6D523689A0616D5A369A4
:101A68005E4D002B00F014812B6843F480532B60EB
:101A7800FEF7C0FE064605E0FEF7BCFE801B022806
:101A880000F2DB802B689F04F6D52368590700F124
:101A98009B80636ACBB1514D2A6902F03802182A3B
:101AA8006DD0022B2B6823F080732B6000F03981F6
:101AB800FEF7A0FE044605E0FEF79CFE001B022888
:101AC80000F2BB802B689B01F6D40020F8BD434A86
:101AD8001369926A13F0380329D1404BE2681B68F6
:101AE800590701D5002A4AD03C4D2B6823F0190329
:101AF80013432B60FEF77EFE064605E0FEF77AFEEE
:101B0800801B022800F299802B685B07F6D5FEF748
:101B180089FE41F20303226998426B6800F2F08063
:101B280023F47C3343EA02336B6023684AE7182BBB
:101B380000F0E280294DE2682B68002A00F0CB8093
:101B480023F0190313432B60FEF754FE064604E006
:101B5800FEF750FE801B02286FD82B685F07F7D569
:101B6800D5E701F0030102297FF403AF1B4A12688D
:101B780091037FF524AF6268002A7FF420AF01202B
:101B8800F8BD02F00302012A7FF429AF134B1B684A
:101B9800DA0502D5E369802BF1D1FEF743FE41F265
:101BA80003030E4A9842216A00F2B380536823F077
:101BB800F84343EA81635360236835E7074A1368AB
:101BC80043F480331360E9E6054D2B6843F48073D2
:101BD8002B60FEF70FFE064609E000BF00440258DE
:101BE80000480258FEF706FE801B642825D82B689B
:101BF800DA05F7D5A368012B00F02281002B00F04D
:101C0800FD80052B954B1A6F00F0208122F0010210
:101C18001A671A6F22F004021A67FEF7EBFD8F4E5F
:101C280041F28837054604E0FEF7E4FD401BB84260
:101C380003D8336F9B07F7D52BE70320F8BD874DF3
:101C480041F288372B6823F480332B602B6823F408
:101C580080232B60FEF7CEFD064604E0FEF7CAFDA2
:101C6800801BB842E9D82B689B03F7D4A6E66B6FB4
:101C780023F001036B67FEF7BDFD064604E0FEF79F
:101C8800B9FD801B0228D8D86B6F9907F7D4E3E613
:101C98002B6823F480532B60FEF7ACFD064604E066
:101CA800FEF7A8FD801B0228C7D82B689804F7D434
:101CB800EBE62B6823F080032B60FEF79BFD0646BE
:101CC80004E0FEF797FD801B0228B6D82B68DF05D5
:101CD800F7D42368A8E623F001032B60FEF78AFDFA
:101CE800064604E0FEF786FD801B0228A5D82B686F
:101CF8005807F7D4236865E690077FF41BAFECE636
:101D080023F0FE4343EA02636B6023685AE601202E
:101D18007047D36823F07C5343EA0163D360236898
:101D280082E6FEF767FD064604E0FEF763FD801BCA
:101D3800022882D82B689901F7D4A96A484BA26A6D
:101D48000B404849454E1343E26A43EA0213AB622B
:101D5800D4E90D32013B013A5B0212049BB202F452
:101D6800FE021343226B013AC2F308021343E26BEB
:101D7800013A120602F0FE4213432B63EB6A23F08A
:101D88000103EB626A6BA36C114041EAC30169630A
:101D9800EB6A226C23F00C031343EB62EB6A626C70
:101DA80023F002031343EB62EB6A43F48033EB62E4
:101DB800EB6A43F40033EB62EB6A43F48023EB6293
:101DC800EB6A43F00103EB622B6843F080732B60EE
:101DD800FEF710FD044605E0FEF70CFD001B022887
:101DE8003FF62BAF33689A01F6D56EE642F48022AF
:101DF8001A601A6842F480321A60CFE5174D41F232
:101E080088372B6F23F001032B672B6F23F0040314
:101E18002B67FEF7EFFC064605E0FEF7EBFC801BA0
:101E2800B8423FF60AAF2B6F9807F6D431E6EB6855
:101E3800226A23F07C5343EA0263EB602368F3E5EC
:101E4800064A136F43F001031367E6E642F0040203
:101E58001A671A6F42F001021A67DEE60044025858
:101E68000CFCFFFF0700FFFF474A136903F0380324
:101E7800102B04D0182B0DD01BB144487047444890
:101E88007047136899064AD513684248C3F3C103DB
:101E9800D8407047936A30B4946AD56A14F47C7F4A
:101EA800516BC4F3051038D0C1F3CC0105F001051E
:101EB80003F0030305FB01F1012B07EE901AB8EEBE
:101EC800E77A02D0022B2CD093B307EE900A9FED4D
:101ED800325AF8EEE77A136BC5EE276ADFED2F5A10
:101EE800C3F3080307EE903AB7EE006AF8EEE77A14
:101EF800E7EE257A77EE867A66EEA76A224B1B6BA9
:101F0800C3F34623013307EE903AB8EEE77AC6EEFC
:101F1800877AFCEEE77A17EE900A30BC70471D48C6
:101F2800704707EE900A9FED1E5AF8EEE77AD2E75F
:101F380013689B0620D5146807EE900A1549F7EE3A
:101F4800005A136BC4F3C104F8EEE77A9FED135AF5
:101F5800C3F30803E14006EE903A06EE101AF8EED5
:101F6800E66AB8EEC66AE7EE056A86EE277A76EE86
:101F7800A56A66EE876AC1E707EE900A9FED095ADF
:101F8800F8EEE77AA7E700BF0044025800093D00D1
:101F98000024F4000090D0030024744A00000039A3
:101FA8000024744B0024744C002800F00281874AF6
:101FB800136803F00F038B422DE9F04104460D46E8
:101FC8000CD2136823F00F030B431360136803F05C
:101FD8000F038B4202D00120BDE8F08123685F0720
:101FE8000BD57B4920698A6902F07002904204D9B6
:101FF8008A6922F0700202438A611E070BD5744970
:102008006069CA6902F07002904204D9CA6922F074
:1020180070020243CA61D8060BD56D49A069CA6926
:1020280002F4E062904204D9CA6922F4E0620243F1
:10203800CA6199060BD56649E0690A6A02F070021E
:10204800904204D90A6A22F0700202430A629A078F
:1020580040F1A1805E48E168826902F00F02914276
:1020680004D9826922F00F020A438261D80730D569
:10207800574AA168936923F470630B4393616168BD
:102088001368022900F09780032900F08E80012947
:1020980000F0978058079ED54D4E41F28838336935
:1020A80023F007030B433361FEF7A4FB074605E063
:1020B800FEF7A0FBC01B404500F2818033696268CF
:1020C80003F03803B3EBC20FF2D12368990706D5A2
:1020D800E1683F48826902F00F028A425FD83B49B3
:1020E8000A6802F00F02AA420AD90A6822F00F020F
:1020F8002A430A600A6802F00F02AA427FF46BAF13
:102108005A070BD5324920698A6902F07002904259
:1021180004D28A6922F0700202438A611F070BD534
:102128002B496069CA6902F07002904204D2CA69F8
:1021380022F070020243CA61DE060BD52449A06969
:10214800CA6902F4E062904204D2CA6922F4E062E9
:102158000243CA619D060BD51D4AE169136A03F063
:102168007003994204D2136A23F070030B4313627D
:10217800FFF77AFE164A0346164892691649C2F3D3
:102188000322825C0E2002F01F02D340BDE8F0411A
:102198000B60FEF7CDBADA073FF56AAF9FE78269B1
:1021A80022F00F021143816199E79F013FF574AF57
:1021B80011E7012070479B033FF56EAF0BE7032043
:1021C8000AE7DE053FF568AF05E700BF00200052CB
:1021D80000440258E8F700084402002408B501F05A
:1021E80095F9064B06499B69064A03F00F03CB5C39
:1021F80003F01F03D840106008BD00BF0044025818
:10220800E8F700084802002410B501F07FF90949F1
:10221800094A8B69094C03F00F03D35C03F01F03D1
:10222800D8402060CB69C3F30213D35C03F01F03CB
:10223800D84010BD00440258E8F7000848020024BE
:1022480010B501F063F90949094A8B69094C03F093
:102258000F03D35C03F01F03D8402060CB69C3F39E
:102268000223D35C03F01F03D84010BD004402587A
:10227800E8F7000848020024F8B53A4CA36A03F0CE
:102288000303032B67D0236806460F4623F08063B9
:102298002360FEF7AFFA054604E0FEF7ABFA431BEE
:1022A800022B56D823681A01F7D4A36A326823F49C
:1022B8007C3343EA0233A362D6E90232013B013A96
:1022C8005B0212049BB202F4FE0213437268013AE5
:1022D800C2F3080213433269013A120602F0FE42C1
:1022E8001343A363E36A726923F0C0031343E362F1
:1022F800E26AB36922F020021A431B4BE262E26AE7
:1023080022F01002E262E16BF2690B4043EAC20379
:10231800E363E36A43F01003E362E36AEFB1012F7A
:102328000CBF43F4801343F40013E3620D4C23689D
:1023380043F080632360FEF75DFA054604E0FEF78C
:1023480059FA401B022804D823681B01F7D500203E
:10235800F8BD0320F8BD0120F8BD43F40023E36273
:10236800E4E700BF004402580700FFFFF8B53A4C05
:10237800A36A03F00303032B67D0236806460F46BE
:1023880023F080532360FEF735FA054604E0FEF794
:1023980031FA431B022B56D823689A00F7D4A36A54
:1023A800326823F07C7343EA0253A362D6E902320F
:1023B800013B013A5B0212049BB202F4FE02134392
:1023C8007268013AC2F3080213433269013A1206ED
:1023D80002F0FE4213432364E36A726923F4406304
:1023E8001343E362E26AB36922F400721A431B4B97
:1023F800E262E26A22F48072E262616CF2690B4086
:1024080043EAC2036364E36A43F48073E362E36A02
:10241800EFB1012F0CBF43F4000343F08073E36274
:102428000D4C236843F080532360FEF7E3F905461B
:1024380004E0FEF7DFF9401B022804D823689B005C
:10244800F7D50020F8BD0320F8BD0120F8BD43F4FE
:102458008003E362E4E700BF004402580700FFFF7F
:102468002DE9F8430368044613F0006622D0426E53
:10247800B2F5001F00F0CE8411D8002A00F0F884CD
:10248800B2F5801F40F0F18402210430FFF7F4FE1A
:102498000646002E40F08684626E236803E0B2F59B
:1024A800401F40F0E284A8480026016D21F4401145
:1024B8000A430265DD050AD5626D042A06D8DFE8FD
:1024C80012F0A20493049A04DF02DF0201263546C3
:1024D80098051BD5A26D802A00F05B8400F2EC8081
:1024E800002A00F08B83402A40F0ED800021201D57
:1024F800FFF7C2FE23680546002D40F06783924926
:10250800A06D0A6D22F4E07202430A6559051FD5D1
:10251800D4F8A420B2F5800F00F0478400F2D680EA
:10252800002A00F07183B2F5001F40F0D780002127
:10253800201DFFF7A1FE23680546002D40F04483C7
:102548008149D4F8A4008A6D22F4600202438A65A6
:102558001A051FD5D4F8A820B2F1007F00F02E8408
:1025680000F2BF80002A00F05583B2F1807F40F06E
:10257800C0800021201DFFF77FFE23680546002D3F
:1025880040F02A837049D4F8A8008A6D22F0E062EE
:1025980002438A659F0118D5A26C202A00F0DA83CD
:1025A80000F2AA803AB1102A40F0A9806649CA6AA6
:1025B80042F40032CA62002D40F059836249A06C8F
:1025C800CA6C22F030020243CA64D8041DD5E26DF9
:1025D800B2F5005F00F0FB8300F29480002A00F05F
:1025E8001F83B2F5805F40F095800021201DFFF722
:1025F80043FE23680546002D40F0EC825249E06D09
:102608000A6D22F4E04202430A6599041AD5226E43
:10261800B2F5003F00F074837FD84AB1B2F5803F2D
:1026280040F083800121201DFFF726FE2368054620
:10263800002D40F01E834449206E0A6D22F4E022EA
:1026480002430A655A041BD5D4F8AC20B2F1005FE6
:1026580000F060836CD842B1B2F1805F70D1012183
:10266800201DFFF709FE23680546002D40F003836F
:102678003549D4F8AC008A6D22F0E04202438A65FD
:102688001F040DD5E26EB2F1805F00F03183B2F124
:10269800005F00F00182002A00F00482012635461E
:1026A800D8015DD5626C032A00F20A84DFE812F0D3
:1026B800540017034E005400C02A3FF41DAFB2F572
:1026C800807F3FF419AF012635461FE7B2F5C00FEA
:1026D8003FF433AFB2F5000F3FF42FAF0126354674
:1026E80036E7B2F1407F3FF44AAFB2F1806F3FF472
:1026F80046AF012635464DE7302A3FF45CAF012648
:10270800354662E7B2F5405F3FF475AFB2F5804FEA
:102718003FF471AF0126354677E722F48031B1F5F1
:10272800802F85D0B2F5403F82D00126354689E713
:1027380022F08051B1F1804F97D0B2F1405F94D030
:10274800012635469CE700BF004402580221201D9F
:10275800FFF792FD23680546002D00F06B822E4698
:10276800590200F1F081DF072FD5A26F282A2AD855
:10277800DFE812F0D30129002900290029002900E7
:10278800290029006D0329002900290029002900B2
:1027980029002900CC012900290029002900290045
:1027A80029002900D301290029002900290029002E
:1027B80029002900D301290029002900290029001E
:1027C80029002900D30101263546980716D5626FDE
:1027D800052A00F27883DFE812F00D0030030600C6
:1027E8000D000D000D00012104F12400FFF7BEFDCE
:1027F80023680546002D00F025822E46590717D577
:10280800D4F89020052A00F26183DFE812F00D0069
:102818000C0306000D000D000D00012104F1240039
:10282800FFF7A4FD23680546002D00F013822E460D
:102838009A061DD5D4F88C20B2F1005F00F04582CD
:1028480000F2DC804AB1B2F1805F40F0E180002103
:10285800201DFFF711FD23680546002D40F0058275
:10286800A949D4F88C004A6D22F0E04202434A6537
:102878005F061DD5D4F89820B2F5006F00F0548299
:1028880000F2C9804AB1B2F5806F40F0CE800021D5
:10289800201DFFF7F1FC23680546002D40F0C88194
:1028A8009949D4F898008A6D22F4E05202438A6567
:1028B80018061DD5D4F89C20B2F5804F00F03F8251
:1028C80000F2B6804AB1B2F5005F40F0BB8000214B
:1028D800201DFFF7D1FC23680546002D40F0A68196
:1028E8008949D4F89C008A6D22F4604202438A65C3
:1028F80019070BD5D4F88010B1F5805F00F03E823F
:102908008148426D22F440520A434265DA060BD5EB
:10291800D4F89410B1F5807F00F025827A48826D52
:1029280022F440720A4382651F030ED5D4F8A01022
:10293800B1F5803F00F0D480B1F5003F00F0D780BA
:10294800002900F0BA810126354658030FD5D4F87E
:102958008420B2F5001F00F0B080B2F5401F00F0EF
:10296800B380B2F5801F00F0A08101263546D90357
:1029780009D5E26C002A00F08681B2F5803F00F0AC
:102988002D81012635469A0000F1D2809F035CD440
:10299800301E18BF0120DE0206D55B49256F0A6D7F
:1029A80022F000422A430A65DD0007D55649D4F8CB
:1029B800B4500A6922F480422A430A61990206D572
:1029C8005149A56E0A6D22F080722A430A655A00A1
:1029D80009D54D4A116921F4004111611169D4F8F2
:1029E800B85029431161002B06DA474A216DD36C90
:1029F80023F040530B43D364BDE8F88322F08051A1
:102A0800B1F1804F3FF429AFB2F1405F3FF425AFF9
:102A1800012635462CE722F48061B1F5805F3FF44A
:102A28003CAFB2F5406F3FF438AF012635463FE77B
:102A380022F40051B1F5004F3FF44FAFB2F5C04F4B
:102A48003FF44BAF0126354652E7E26FB2F5807F7F
:102A580000F0228106D922F48071B1F5007F03D0FD
:102A6800012098E7002AFBD1002DF9D1264D301E10
:102A7800696D18BF012021F440710A436A658AE72D
:102A88003546002D40F0A4801F49606D0A6D22F084
:102A9800070202430A651BE50121201DFFF7ECFB35
:102AA80023680546002D40F0DE801749E06E0A6D68
:102AB80022F0405202430A65F2E5012104F12400A4
:102AC800FFF754FC23680546002D40F0DA800E49D4
:102AD800D4F884004A6D22F4401202434A6546E75E
:102AE800022104F12400FFF741FC23680546002D6C
:102AF80040F0C5800449D4F8A0008A6D22F4403221
:102B080002438A6521E700BF00440258012104F10D
:102B18002400FFF72BFC23680546002D40F0AD800C
:102B2800AF49A06F4A6D22F0380202434A654CE66D
:102B3800022104F12400FFF719FC236800283FF460
:102B480025AF012622E7A74F3B6843F480733B601B
:102B5800FDF750FE804606E0FDF74CFEA0EB0800AE
:102B6800642800F27E813B68DA05F5D5002D40F037
:102B7800A4819B4AD4F8B030116F594011F4407FBA
:102B88000BD0116F106F21F4407140F48030106742
:102B9800106F20F4803010671167B3F5807F00F064
:102BA8006E8103F44072B2F5407F00F07C818C495D
:102BB8000A6922F47C520A61894AC3F30B03116F34
:102BC8000B4313672368CEE52E46C1E42E469DE4E9
:102BD8002E467DE42E4618E52E46DBE40221201D14
:102BE800FFF74AFB05462368002D53D17C49E06C6A
:102BF800CA6C22F480320243CA64C4E67849CA6ABD
:102C080042F40032CA6277E47549CA6A42F4003273
:102C1800CA6292E47249CA6A42F40032CA62AEE4F5
:102C28006F49CA6A42F40032CA62E4E42E465FE69B
:102C38002E463DE66A49606CCA6C22F003020243E4
:102C4800CA648DE56649606F4A6D22F00702024347
:102C58004A65D3E56249D4F890008A6D22F00702EC
:102C680002438A65E4E52E461AE52E4600E62E461E
:102C7800ABE42E46E6E42E4602E52E46A5E52E46B2
:102C880063E62E4673E65649CA6A42F40032CA62BF
:102C9800002DABD02E4676E65148C16A41F400318A
:102CA800C162002D7FF4DCAEE0E64D49CA6A42F409
:102CB8000032CA62002DE4D109E7201DFFF7DCFAD3
:102CC80005462368002DDAD114E7022104F1240017
:102CD800FFF74CFB05462368002DC6D1C0E54049E7
:102CE800CA6A42F40032CA62002D7FF438ADA1E707
:102CF8003B49CA6A42F40032CA62002DB3D1D4E615
:102D0800012104F12400FFF731FB05462368002D5B
:102D1800AFD190E4012104F12400FFF727FB054619
:102D28002368002DA7D1A3E4022104F12400FFF7B2
:102D38001DFB05462368002D7FF47AAFB0E502211C
:102D480004F12400FFF712FB05462368002D7FF4E9
:102D58006DAFC5E50221201DFFF78EFA05462368F1
:102D6800002D84D12AE4022104F12400FFF7FEFAA1
:102D7800236800283FF4D8AD0126D5E5022104F1E7
:102D88002400FFF7F3FA236800283FF4BFAD0126BB
:102D9800BCE5002104F12400FFF7E8FA23680546A2
:102DA800FFF7AABB2368FFF785BB002104F12400C5
:102DB800FFF7DCFA23680546FFF7BFBB002104F1E3
:102DC8002400FFF7D3FA23680546FFF7D8BB002194
:102DD80004F12400FFF7CAFA236805460BE400BF94
:102DE80000440258004802580021201DFFF744FA09
:102DF8002368054645E6002104F12400FFF7B6FAEA
:102E0800236805463DE633493546CA6A42F400322E
:102E1800CA6236E602212430FFF7A8FA0646002ED9
:102E28003FF43AABBEE70121201DFFF725FA05461E
:102E38002368002D7FF4FBAC0CE70121201DFFF770
:102E48001BFA05462368002D7FF4D7ACFAE601216A
:102E5800201DFFF711FA05462368002D7FF40DAFFA
:102E68005EE60326236835467DE40126FFF722BB8C
:102E78001848C16A41F40031C162FFF714BBFDF77D
:102E8800B9FCDFF85080074641F2883904E0FDF7C5
:102E9800B1FCC01B4845E4D8D8F870309B07F6D57C
:102EA800D4F8B0307DE60B480B4A016902EA1312E8
:102EB80021F47C510A4302617EE623682E4652E4DF
:102EC800012635464CE40126354697E40126354669
:102ED800AEE400BF00440258CFFFFF0008B5FFF77B
:102EE8007DF9054B054A1B6AC3F30213D35C03F053
:102EF8001F03D84008BD00BF00440258E8F7000887
:102F0800584B70B4996A9D6ADE6A15F47C3FC5F324
:102F18000532DC6B5CD0C4F3CC0406F0100601F07B
:102F2800030106FB04F4012907EE904AB8EEE77A9C
:102F380003D0022975D000294FD007EE902ADFED83
:102F48004A6AF8EEE77A9B6B86EEA76A9FED475AC6
:102F5800C3F3080306EE903AF7EE005AF8EEE66A75
:102F6800E7EE056A76EEA56A66EE266A3D4AB7EE92
:102F7800006A936BC3F3462307EE103AB8EEC77A9C
:102F880070BC37EE067AC6EE877AFCEEE77AC0EDBB
:102F9800007A936BC3F3064307EE103AB8EEC77A8C
:102FA80037EE067AC6EE877AFCEEE77AC0ED017A4C
:102FB800936BC3F3066307EE903AF8EEE77A77EE81
:102FC800867A86EEA77ABCEEC77A80ED027A7047D9
:102FD80070BCC0E90022826070471968890627D54D
:102FE8001C6807EE902A2249F7EE005A9B6BC4F33F
:102FF800C102F8EEE77A9FED1D5AC3F30803D140EA
:1030080006EE903A06EE101AF8EEE66AB8EEC66AD0
:10301800E7EE056A86EE277A76EEA56A66EE876A97
:10302800A4E707EE902ADFED136AF8EEE77A8AE75D
:1030380007EE902A9FED105A9B6BB7EE006AF8EEE8
:10304800E77ADFED0A5AC3F30803C5EE276A07EEED
:10305800903AF8EEE77AE7EE257A77EE867A66EE2A
:10306800A76A83E7004402580024744A0000003924
:103078000090D0030024744B0024744C584B70B457
:10308800996A9D6ADE6A15F07C7FC5F305525C6C0F
:103098005CD0C4F3CC0406F4807601F0030106FB8F
:1030A80004F4012907EE904AB8EEE77A03D0022922
:1030B80075D000294FD007EE902ADFED4A6AF8EE66
:1030C800E77A1B6C86EEA76A9FED475AC3F308039D
:1030D80006EE903AF7EE005AF8EEE66AE7EE056A71
:1030E80076EEA56A66EE266A3D4AB7EE006A136C6C
:1030F800C3F3462307EE103AB8EEC77A70BC37EE32
:10310800067AC6EE877AFCEEE77AC0ED007A136C91
:10311800C3F3064307EE103AB8EEC77A37EE067ADD
:10312800C6EE877AFCEEE77AC0ED017A136CC3F33A
:10313800066307EE903AF8EEE77A77EE867A86EE3F
:10314800A77ABCEEC77A80ED027A704770BCC0E9F6
:103158000022826070471968890627D51C6807EE27
:10316800902A2249F7EE005A1B6CC4F3C102F8EE0C
:10317800E77A9FED1D5AC3F30803D14006EE903A53
:1031880006EE101AF8EEE66AB8EEC66AE7EE056AC9
:1031980086EE277A76EEA56A66EE876AA4E707EEDA
:1031A800902ADFED136AF8EEE77A8AE707EE902AAD
:1031B8009FED105A1B6CB7EE006AF8EEE77ADFED68
:1031C8000A5AC3F30803C5EE276A07EE903AF8EEE9
:1031D800E77AE7EE257A77EE867A66EEA76A83E7DE
:1031E800004402580024744A000000390090D003BB
:1031F8000024744B0024744C584B70B4996A9D6A2F
:10320800DE6A15F47C7FC5F305125C6B5CD0C4F3F1
:10321800CC0406F0010601F0030106FB04F40129C1
:1032280007EE904AB8EEE77A03D0022975D0002954
:103238004FD007EE902ADFED4A6AF8EEE77A1B6B6B
:1032480086EEA76A9FED475AC3F3080306EE903A45
:10325800F7EE005AF8EEE66AE7EE056A76EEA56A3A
:1032680066EE266A3D4AB7EE006A136BC3F346233F
:1032780007EE103AB8EEC77A70BC37EE067AC6EE9B
:10328800877AFCEEE77AC0ED007A136BC3F3064346
:1032980007EE103AB8EEC77A37EE067AC6EE877AA6
:1032A800FCEEE77AC0ED017A136BC3F3066307EE11
:1032B800903AF8EEE77A77EE867A86EEA77ABCEE51
:1032C800C77A80ED027A704770BCC0E9002282603C
:1032D80070471968890627D51C6807EE902A224985
:1032E800F7EE005A1B6BC4F3C102F8EEE77A9FEDC4
:1032F8001D5AC3F30803D14006EE903A06EE101AA1
:10330800F8EEE66AB8EEC66AE7EE056A86EE277A50
:1033180076EEA56A66EE876AA4E707EE902ADFEDE7
:10332800136AF8EEE77A8AE707EE902A9FED105ABB
:103338001B6BB7EE006AF8EEE77ADFED0A5AC3F3C3
:103348000803C5EE276A07EE903AF8EEE77AE7EE4B
:10335800257A77EE867A66EEA76A83E700440258F4
:103368000024744A000000390090D0030024744BF4
:103378000024744CB0F5807F00B585B048D0B0F516
:10338800007F11D0B0F5806F00F08280B0F5006F3B
:1033980052D0B0F5805F2CD0B0F5002F00F09680A9
:1033A800002005B05DF804FB534A136D03F4E07385
:1033B800802B59D012D9C02B26D0B3F5807FEFD1FE
:1033C800D36C13F040535BD0B3F1805F00F08D8075
:1033D800B3F1005F494818BF0020E2E7002B3CD05A
:1033E800402BDDD101A8FFF78BFD019805B05DF8F2
:1033F80004FB414A136D03F4E043B3F5005F33D097
:1034080029D9B3F5405F58D13D4805B05DF804FBB4
:10341800394B1B6D03F00703042BC1D801A252F8E6
:1034280023F000BF63340008ED330008713400084E
:10343800113400087F3400082F4A936D03F0E063CD
:10344800B3F1007F10D01DD9B3F1407FDCD0B3F1C8
:10345800806FB5D0A4E7002B34D101A8FFF7CCFECC
:10346800029805B05DF804FB01A8FFF707FE019874
:1034780005B05DF804FB204BDB6C13F04053A3D17F
:1034880020488EE7002BE8D0B3F1807FAAD087E7E9
:10349800194A936D03F46003B3F5800FE4D005D89F
:1034A800002BDAD0B3F5001F9CD079E7B3F5C00F35
:1034B800AAD0B3F5000F83D072E7B3F5804F3FF47D
:1034C8007FAF6DE7B3F5805F8CD069E70A4A936DEB
:1034D80003F44033B3F5803F09D0B3F5003F3FF420
:1034E8006FAF002B7FF45CAF7CE7074859E701A872
:1034F800FFF7C4FD039854E7004402580024F40081
:103508000080BB000090D00300093D0008B5FEF71D
:10351800ABFC064B06499B69064AC3F30323CB5C05
:1035280003F01F03D840106008BD00BF00440258D4
:10353800E8F7000844020024143001F065BA00BF1F
:1035480038B500F1140504462DED028B284601F02C
:1035580017FA284601F010FA2846B0EE408A01F022
:10356800F9F9D0ED007AF8EE677A88EE277ABDECA3
:10357800028B84ED0E7A38BD38B500F11405044687
:103588002DED028B284601F0E9F9284601F0F4F9FF
:103598002846B0EE408A01F0DDF9D0ED007AF8EE69
:1035A800677A88EE277ABDEC028B84ED0E7A38BDF7
:1035B80010B540F203338EB000244FF60B7240F280
:1035C8000341ADF8083009A80123ADF81020ADF883
:1035D80024202246ADF80C100094029907940C940C
:1035E800CDE90544CDE90A4401F048FA04A80123CD
:1035F80022460399009401F041FA09A801F024FB3E
:1036080010B901200EB010BD04A801F01DFBA042A6
:103618000CBF022020460EB010BD00BF2DE9F041BE
:1036280003239AB0012700240646CDE914373B4B03
:10363800CDE9104340F20453CDE91647ADF84830C0
:10364800FFF7B6FFB842054625D0022845D040F618
:103658000132334B0DF12C081894ADF82C200B983F
:103668001997CDF84A3000F0E3F810A906F13C00AC
:1036780002F026FB302003224FF07E5341460D9383
:103688000E93CDE90B02F26B06F1140001F02AF952
:103698001AB0BDE8F0811023214A06A906908DF8DA
:1036A80028300DF12C081F4BCDF84A2007930294BF
:1036B800CDE91804CDE9080402A801F037FD082374
:1036C800029A03A94046ADF80C508DF80E400495B7
:1036D80005930B9400F0ECF8C7E700200121104B8C
:1036E8000DF12C083A460094CDF84A304FF60B738A
:1036F8000C94ADF82C302346CDE9180140F6013181
:103708004046ADF818100699CDE90D4401F0B6F918
:103718002146404601F0A4FAA7E700BF04020404CA
:10372800040604030704010B2DE9F04704462DEDB8
:10373800028B82B000294DD0012140F201120023F2
:103748000091ADF804208DF80630364A0127364B33
:1037580004F10409354904F12908626040F2027253
:10376800A36040F60663E16004F1250AA4F8252069
:10377800A4F82930278284F8277084F82B7003F086
:10378800CFFD054603F032FC6946064650BB4DB3F3
:1037980004F130008DF8067003F04AFD072D3CD186
:1037A80004F114052046FFF739FF284601F0E4F834
:1037B8002846B0EE408A01F0CDF8D0ED007AF8EE58
:1037C800677A88EE277A84ED0E7A02B0BDEC028B18
:1037D800BDE8F08740F2011300918DF80610ADF8AE
:1037E8000430B2E704F1300003F022FD072D11D0B8
:1037F8004946204601F0E4FE0EB9002DD0D15046CE
:1038080001F038FA404601F035FA04F1120000F0F0
:1038180079F9C5E7002EF2D1C2E74946204601F002
:10382800CFFEBDE70508050905070506050A0606D2
:1038380010B584B003460124ADF8040003A8ADF820
:103848000C30ADF80E4001F015FA214603A801F03E
:10385800EDFA204603F0C8FB002103A801F0E6FAC0
:10386800204603F0C1FB214603A801F0DFFA04B0AB
:1038780010BD00BF10B5C2F3002384B00C46017C14
:103888008DF80D2043EA4402FA2402238DF80C2017
:1038980003AA009401F0E0FC18B10124204604B00A
:1038A80010BD04460A2003F09FFB204604B010BD5B
:1038B800034670B543F8042B044684B007C983E86F
:1038C8000700A37983B91A210B461E22FA2523740F
:1038D8002046ADF80C20022303AA009501F0BCFC99
:1038E80028B1012004B070BD1B210B46EDE70A206A
:1038F80003F07AFB4FF4B85200950223ADF80C2080
:10390800204603AA217C01F0A7FC0028E9D10A205F
:1039180003F06AFB41F2027200950223ADF80C2015
:10392800204603AA217C01F097FC0028D9D10A205F
:1039380003F05AFB042200950223ADF80C20204620
:1039480003AA217C01F088FC0028CAD10A2003F0D0
:103958004BFB062200950223ADF80C20204603AA53
:10396800217C01F079FC0028BBD10A2003F03CFB44
:1039780041F2082200950223ADF80C20204603AA44
:10398800217C01F069FC0028ABD10A20064603F02F
:103998002BFB0095022303AA217C2046ADF80C607E
:1039A80001F05AFC00289CD1304603F01DFB00951D
:1039B80022790C232046002A8DF80C3003AA4FF0F8
:1039C800020314BF622142218DF80D10217C01F001
:1039D80043FC002885D1304603F006FB2279D4E960
:1039E80002310B43DBB20AB943F0400362790AB1F2
:1039F80043F020030E22FA258DF80D30204600955D
:103A080002238DF80C2003AA217C01F025FC002854
:103A18007FF467AF0A2003F0E7FA1022009502232B
:103A2800ADF80C20204603AA217C01F015FC0028E3
:103A38007FF457AF0A2003F0D7FA1221009502232A
:103A4800ADF80C1003AA217C204601F005FC0028E3
:103A58007FF447AF0A2003F0C7FA01220921204664
:103A6800FFF708FF003818BF01203BE7F0B5102327
:103A780087B0234C012200250126002702A92046F1
:103A88000195CDE902234FF48052CDE9046706F091
:103A980019FD6420FCF7B4FE02A94FF480522046B9
:103AA800CDE9046702261027CDE9026706F00AFD72
:103AB8000322102302A92046CDE902230023042271
:103AC800CDE904234FF4805206F0FCFC40F2322387
:103AD800042202A9019310232046CDE90223019A6A
:103AE800012305924FF48052049306F0EBFC40F654
:103AF8000601204606F006FD284607B0F0BD00BFC7
:103B0800600400241C4B00221C494FF0400C30B5C7
:103B1800054689B00220596007219A601A6201247B
:103B2800DA620A224FF4006EDC6006922022CDE9A8
:103B3800000104200821CDE9020103201021CDE96C
:103B4800040108206946C3E904024FF4C072181D35
:103B5800C3E906C24FF48052C3E909E206F088FCC3
:103B680038B92846FFF782FF003818BF012009B08E
:103B780030BD204609B030BD5C04002440410052ED
:103B8800614A0021D0B513688EB00A91002B40F02D
:103B9800B9805E4B01214FF683700C24116002211D
:103BA800D3F8D4200026032742F48052C3F8D42047
:103BB800D3F8D42002F480520092009AD3F8E0207F
:103BC80042F01002C3F8E020D3F8E02002F010021F
:103BD8000192019AD3F8E02042F04002C3F8E020B5
:103BE800D3F8E02002F040020292029AD3F8E020D3
:103BF80042F00802C3F8E020D3F8E02002F00802FF
:103C08000392039AD3F8E02042F48072C3F8E020CC
:103C1800D3F8E02002F480720492049AD3F8E020EA
:103C280042F08002C3F8E020D3F8E02002F08002DE
:103C38000592059AD3F8E02042F02002C3F8E0206C
:103C4800D3F8E02002F020020692069AD3F8E0208A
:103C580042F00402C3F8E020D3F8E0300C9403F0FB
:103C6800040307930323079A0B93CDE9080108A9D6
:103C7800274803F091FD48F23712022308A9254886
:103C88000C94CDE90823CDE90A6703F085FD4CF2D1
:103C98000372022308A920480C94CDE90823CDE932
:103CA8000A6703F079FD40F2FF62022308A91B4866
:103CB8000C94CDE90823CDE90A6703F06DFD4FF6B2
:103CC8000C72022308A916480C94CDE90823CDE903
:103CD8000A6703F061FD4FF63F02022308A9114865
:103CE8000C94CDE90823CDE90A6703F055FD20229D
:103CF800022308A90A480C94CDE90A67CDE90823EC
:103D080003F04AFD0EB0D0BD580400240044025808
:103D18000010025800180258000C025800200258DF
:103D2800001C0258001402582DE9F04FDFF81084E7
:103D380006460D46144608F118002DED028B89B091
:103D480000AF02F0B5F8D8F8183073B3D8F81C30C3
:103D5800D8F80490002B43690BBF4FF0080A4FF0C6
:103D6800100A4FF0020B4FF0040BB9F1000F2AD0E4
:103D7800A200EA46012B02F1070222F00702ADEB8E
:103D8800020D6846ADEB020D694600F03F81022B3B
:103D980000F0D680002B6FD02246C847D54624377E
:103DA800BD46BDEC028BBDE8F08FD8F81C30002B67
:103DB800F5D0D8F804904FF0080A4FF0020B436989
:103DC800B9F1000FD4D1FB61D8F80030BB61002BEA
:103DD800E5D0D54802F0DEF86B46BBF1020F7861FA
:103DE80008EE103AFB6900F083816A465146A2EB5F
:103DF800C40295466200EA46B2FBFBF2AAEBC40095
:103E080085460AEB8200EE46F861ADEB010DF869D4
:103E18000EEB820CC7F810C0EC46ADEB010D00EBC1
:103E28008201CCF80400CCF8081001EB8201386953
:103E3800E946CCF80C1000EB8201CCF800A001EBAD
:103E48008202C9E900E0C9E90212012B00F064838B
:103E5800022B00F06C82002B00F08081620849463A
:103E68006046BB69984718EE103A24379D46BD4610
:103E7800BDEC028BBDE8F08F002C8DD01A46D8ED32
:103E88000C6A9FEDB27A8446331D36F922E00CF1B4
:103E9800080C07EE90EA33F922E00232F8EEE77AEE
:103EA800944267EE877A67EEA67A4CED027A07EEBF
:103EB80090EAF8EEE77A67EE877A67EEA67A4CED35
:103EC800017AE2D8F9612246C847984ED8ED0D6AC2
:103ED8000020F9692B1D9FED9E7A9FED9E6ADFED0C
:103EE8009E5A22E0F4EEC67AF1EE10FAC0F2C884C7
:103EF80047F6FE72D1ED017A45F8202066EEA77AE2
:103F0800F4EEC77AF1EE10FA40F2F080F4EEC67AD9
:103F1800F1EE10FAC0F2D58447F6FE7243F820207D
:103F28000230083184427FF639AFD1ED007A66EE6F
:103F3800A77AF4EEC77AF1EE10FAD3D83246D9E769
:103F4800002C3FF429AFD8ED0C6A84469FED787AAF
:103F58000022331D8E4656F822100CF1080C07EE8D
:103F6800901A53F822100232F8EEE77A944267EE7C
:103F7800877A67EEA67A4CED027A07EE901AF8EE89
:103F8800E77A67EE877A67EEA67A4CED017AE2D88F
:103F980071462246C7F81CE0C847664ED8ED0D6A40
:103FA8000020F9692B1D9FED6A7A9FED6A6ADFF898
:103FB80094C120E0F4EEC67AF1EE10FAC0F27984EA
:103FC8003246D1ED017A45F8202066EEA77AF4EE64
:103FD800C77AF1EE10FA40F28780F4EEC67AF1EE75
:103FE80010FAC0F25E84324643F8202002300831CD
:103FF80084427FF6D3AED1ED007A66EEA77AF4EE6E
:10400800C77AF1EE10FAD5D86246DAE7002C3FF409
:10401800C3AED8ED0C6A86469FED477A4FF0000C88
:10402800331D56F82C200EF1080E82F40002A2F57A
:10403800000207EE902A53F82C200CF1020CF8EE3F
:10404800E77A82F400026445A2F5000267EE877AF7
:1040580067EEA67A4EED027A07EE902AF8EEE77A36
:1040680067EE877A67EEA67A4EED017AD9D8F961BC
:104078002246C847314ED8ED0D6A0020F9692B1D3C
:104088009FED337A9FED336ADFF8BCC01FE0F4EE92
:10409800C67AF1EE10FAC0F2FC833246D1ED017A0D
:1040A80045F8202066EEA77AF4EEC77AF1EE10FA0A
:1040B80018D9F4EEC67AF1EE10FAC0F2DA83324675
:1040C80043F820200230083184427FF667AED1EDF4
:1040D800007A66EEA77AF4EEC77AF1EE10FAD6D82F
:1040E8006246DBE76246EBE762467DE7324615E764
:1040F800A100D6466208073121F00701ADEB010D9A
:10410800EA46ADEB010D6946ADEB0E0D0AEB8200F8
:10411800EC46ADEB0E0D01EB8202F861E946CCE905
:1041280000A0C9E9001290E6B00400240280FFFF55
:10413800000000300082FF7F0000003482FF7F0013
:1041480094040024007E00807E0080FF0000003878
:1041580004FF7FBF04FF7F3F00FEFF46002C00F0F6
:10416800C982BBF1020FD8F8242000F0FA827969DD
:10417800C7F8049002EB810E5FED0C5A8A00DCF858
:1041880008100EF104007A611A46DCF80C303B6125
:10419800331DD7F810903D61FD69C7E902CB8C4605
:1041A800834636F92210D8ED0C7A06EE101A33F948
:1041B800221006EE901A3EF92210B8EEC66A07EEF3
:1041C800101AF8EEE66A3BF92210B8EEC77A26EE26
:1041D800256A66EEA56A27EE257A26EE276A66EE38
:1041E800A76A27EE277A07EE901A51080232F8EEEE
:1041F800E77A0AEB8100944280ED006A05EB8100C2
:1042080067EEA57AC0ED006A0CEB810009EB81012D
:1042180080ED007A98ED0C7A67EE877AC1ED007A26
:10422800BFD8D7F804903D69D7E902CB6046620849
:10423800BB6949469847D8F82C307A69D8ED0D6A99
:104248001A441FED3D7A1FED3D6A2B1D904602F181
:10425800040A5FED3F5A0022A84ED9E900EC51E06C
:10426800F4EEC67AF1EE10FAC0F2C78247F6FE7095
:1042780045F822000CEB0100D0ED007A66EEA77A33
:10428800F4EEC77AF1EE10FA4BD9F4EEC67AF1EEF5
:1042980010FAC0F2BA8247F6FE70BBF1020F43F87B
:1042A80022002BD0D9F808000844D0ED007A66EE39
:1042B800A77AF4EEC77AF1EE10FA36D9F4EEC67A98
:1042C800F1EE10FAC0F2CD8247F6FE7048F82200EF
:1042D800D9F80C000144D1ED007A66EEA77AF4EE25
:1042E800C77AF1EE10FA1ED9F4EEC67AF1EE10FA9A
:1042F800C0F2AF8247F6FE714AF8221002329442A9
:104308007FF6B1AD51080EEB81008900D0ED007A3F
:1043180066EEA77AF4EEC77AF1EE10FAA0D8304626
:10432800A6E73046B9E73146E6E73046CEE7002C47
:1043380000F0E081BBF1020FD8F8243000F0E181F1
:104348007A69DCF8081003EB820EC7F80490930032
:10435800DFED6B5A0EF1040000227B61DCF80C30B3
:104368003B61331DD7F810903D61FD69C7E902CB69
:104378008C46834656F82210D8ED0C7A07EE101AB0
:1043880053F82210B8EEC76A07EE101A5EF822102A
:10439800F8EEC76A07EE101A26EE256A5BF82210B7
:1043A800B8EEC77A66EEA56A26EE276A27EE257A62
:1043B80066EEA76A27EE277A07EE901A51080232AE
:1043C800F8EEE77A0AEB8100944280ED006A05EB8B
:1043D800810067EEA57AC0ED006A0CEB810009EB5D
:1043E800810180ED007A98ED0C7A67EE877AC1ED4D
:1043F800007ABFD8D7F804903D69D7E902CB604668
:104408006208BB6949469847D8F82C307A69D8EDD4
:104418000D6A1A449FED3E7A9FED3E6A131D92463F
:10442800DFF8E4C00022FB612B1D364ED9E9008E6F
:104438004EE0F4EEC67AF1EE10FAC0F2FC81304696
:1044480045F822000EEB0100D0ED007A66EEA77A5F
:10445800F4EEC77AF1EE10FA49D9F4EEC67AF1EE25
:1044680010FAC0F2EF813046BBF1020F43F8220088
:104478002AD0D9F808000844D0ED007A66EEA77A69
:10448800F4EEC77AF1EE10FA35D9F4EEC67AF1EE09
:1044980010FAC0F2C98130464AF82200D9F80C0057
:1044A8000144D1ED007A66EEA77AF4EEC77AF1EE10
:1044B80010FA1ED9F4EEC67AF1EE10FAC0F2AD8108
:1044C8003146F86940F82210023294427FF6CBACAC
:1044D800510808EB81008900D0ED007A66EEA77AD2
:1044E800F4EEC77AF1EE10FAA3D86046A8E7604662
:1044F800BAE76146E5E76046CEE700BF0280FFFF06
:10450800000000300082FF7F007E00800000003441
:1045180004FF7FBF04FF7F3F002C00F0EB807A6927
:104528000021D8F82430C7F8109003EB820ED7F892
:104538001C909300FD610EF104021FED0C6A7B6173
:10454800331D154656F821204808D8ED0C6ABBF1F2
:10455800020F82F40002A2F5000207EE902A53F837
:10456800212082F40002B8EEE77AA2F5000227EED5
:10457800067A07EE902A0AEB8002F8EEE77A27EE31
:10458800267A67EE867A82ED007A09EB80024FEA96
:10459800800067EEA67AC2ED007A27D05EF8212067
:1045A80082F40002A2F5000207EE902A55F82120B5
:1045B80082F40002B8EEE77AA2F5000227EE067A46
:1045C80007EE902ADCF80820F8EEE77A024427EE96
:1045D800267A67EE867A82ED007A98ED0C7ADCF816
:1045E8000C2067EE877A0244C2ED007A02318C42D1
:1045F800A8D8D7F8109060466208BB694946FD699B
:104608009847D8F82C307A69D8ED0D6A1A441FED0E
:10461800407A1FED406A131D9246DFF8C4C200229B
:10462800FB612B1DAB4ED9E9008E4EE0F4EEC67A45
:10463800F1EE10FAC0F2C580304645F822000EEBC4
:104648000100D0ED007A66EEA77AF4EEC77AF1EEB3
:1046580010FA49D9F4EEC67AF1EE10FAC0F2BF802A
:104668003046BBF1020F43F822002AD0D9F80800DF
:104678000844D0ED007A66EEA77AF4EEC77AF1EE38
:1046880010FA35D9F4EEC67AF1EE10FAC0F2AE801F
:1046980030464AF82200D9F80C000144D1ED007ADE
:1046A80066EEA77AF4EEC77AF1EE10FA1ED9F4EEA8
:1046B800C67AF1EE10FAC0F28B803146F86940F8FC
:1046C8002210023294427FF6CEAB510808EB8100EB
:1046D8008900D0ED007A66EEA77AF4EEC77AF1EE9B
:1046E80010FAA3D86046A8E76046BAE76146E5E74E
:1046F8006046CEE7224649466046BB699847FFF7C1
:10470800B2BBC7F810B0002298ED0C6A331DDFED7C
:10471800726AD7F81CB0786956F8221007EE901A1A
:1047280053F82210B8EEE77A07EE901A51080232D1
:10473800F8EEE77A27EE267A0AEB810E94420BEB25
:10474800810167EEA67A27EE067A67EE867A8EED05
:10475800007AC1ED007ADFD88300D7F810B07B610A
:104768004DE61A46C7F810B098ED0C6A331DDFED18
:104778005B6AD7F81CB0786936F9221007EE101A70
:1047880033F9221007EE901AB8EEC77A51080232B0
:10479800F8EEE77A27EE267A0AEB810E94420BEBC5
:1047A800810167EEA67A27EE067A67EE867A8EEDA5
:1047B800007AC1ED007ADFD88300D7F810B07B61AA
:1047C80034E5F0EE675AFEEEE45A15EE900A34E747
:1047D800F0EE675AFEEEE45A15EE901A6EE7F0EE28
:1047E800675AFEEEE45A15EE900A3AE7F0EE675A79
:1047F800FEEEE45A15EE900A4BE767EEA57AFDEE59
:10480800E77A17EE900A00B232E567EEA57AFDEE78
:10481800E77A17EE900A00B23FE5F0EE675AFEEE2F
:10482800E05A15EE901A4CE6F0EE675AFEEEE05AA2
:1048380015EE900A30E6F0EE675AFEEEE05A15EEF5
:10484800900AFDE5F0EE675AFEEEE05A15EE900A82
:104858000AE667EEA57AFDEEE77A17EE901A09B236
:104868004AE567EEA57AFDEEE77A17EE900A00B200
:104878002CE5F0EE675AFEEEE45A15EE902A1FE496
:1048880067EEA57AFDEEE77A17EE902A12B2FFF7E7
:1048980031BBF0EE675AFEEEE45A15EE902AFFF7A8
:1048A800FDBBF0EE675AFEEEE05A15EE902AFFF7D0
:1048B8009BBBF0EE675AFEEEE05A15EE902AFFF722
:1048C80080BB67EEA57AFDEEE77A17EE902A12B262
:1048D800FFF724BB82FF7F00000000300000003893
:1048E8007E0080FF30B5184C154685B0046004F191
:1048F800080EEC460FC98EE80F00D4ED047AF5EEE9
:10490800C07A8CE80F00F1EE10FA1ADDB7EE006AF3
:1049180094ED057A27EE277AC6EE276A84ED0D7A9C
:10492800C4ED0C6A6DB1204640F8185F01F0C0FA7A
:10493800064903690020064A2162A262E36005B0C5
:1049480030BD012005B030BD9404002400200030A3
:104958000000003000680830704700BFB1F5807F64
:1049680003680A4628BF4FF48072B1F5807F9A60C9
:1049780094BF0020012070470068183001F0F8BA91
:1049880070B504688AB0A369E160CBB104F1180579
:10499800284601F08DFA8446EE46E668BCE80F002A
:1049A800AEE80F00BCE80F00AEE80F009CE803007B
:1049B8008EE8030069462846049601F081F9F8B9A3
:1049C800E069D8B104F11C05284601F071FA844663
:1049D800EE46E468BCE80F00AEE80F00BCE80F0044
:1049E800AEE80F009CE803008EE8030069462846FD
:1049F800049401F065F9003818BF01200AB070BDB1
:104A080001200AB070BD00BF30B5046883B00D4600
:104A1800E3694BB1A3680020E26A616A9B000090D9
:104A280004F11C0001F046FAA3680748A26A9B003B
:104A3800216A009004F1180001F03CFA0020C4E952
:104A4800005003B030BD00BF313D000810B4074B23
:104A58004FF07E5130240022032019619C60D860F9
:104A68005DF8044B5961C3E9062270479404002499
:104A78000148FCF719BC00BFA006002410B592B08D
:104A8800ADF804100180C9B2149C0B29C460C0E9B8
:104A980001233FD090F801C0BCF10F0F3AD8022A89
:104AA8003FD0032A02D0012A00D000220E92012B07
:104AB80002D0022B18BF0023022C0F932CD0032CFA
:104AC8002AD0012C28D000230A29109327D85C4A21
:104AD80002EB812202610A2914D8DFE801F0A395CC
:104AE80087796B5D4F4133250600564BD3F8E010AC
:104AF80041F48061C3F8E010D3F8E03003F4806338
:104B08000C930C9B01230DA9104603FA0CF30D938B
:104B180002F042FE12B010BD0A291094D7D9002223
:104B2800D8E711220E92C2E7464BD3F8E01041F4C1
:104B38000071C3F8E010D3F8E03003F400730B936E
:104B48000B9BDFE73F4BD3F8E01041F48071C3F8CB
:104B5800E010D3F8E03003F480730A930A9BD1E79E
:104B6800384BD3F8E01041F08001C3F8E010D3F8D7
:104B7800E03003F080030993099BC3E7314BD3F876
:104B8800E01041F04001C3F8E010D3F8E03003F042
:104B980040030893089BB5E72A4BD3F8E01041F08F
:104BA8002001C3F8E010D3F8E03003F020030793A6
:104BB800079BA7E7234BD3F8E01041F01001C3F897
:104BC800E010D3F8E03003F010030693069B99E752
:104BD8001C4BD3F8E01041F00801C3F8E010D3F8FB
:104BE800E03003F008030593059B8BE7154BD3F8DA
:104BF800E01041F00401C3F8E010D3F8E03003F00E
:104C080004030493049B7DE70E4BD3F8E01041F0B6
:104C18000201C3F8E010D3F8E03003F00203039375
:104C2800039B6FE7074BD3F8E01041F00101C3F88D
:104C3800E010D3F8E03003F001030293029B61E730
:104C4800000002580044025808B501214378006961
:104C5800994089B202F0A8FF003818BF012008BDAA
:104C680001230A464178006903FA01F189B202F08A
:104C7800A1BF00BF8378022B30B504468FB037D070
:104C8800032B33D0012B31D000230A93E378012B77
:104C98002AD0022B28D000230B93002320460C9304
:104CA80002F0C2FC0546204602F0C6FC23780990B3
:104CB800082B13D8DFE803F01F3245586B7E91A408
:104CC8000500594BD3F8E02042F48072C3F8E02085
:104CD800D3F8E03003F480730893089B09A92846A9
:104CE80002F05AFD0FB030BD0B93D6E70A93CDE71B
:104CF80011230A93CAE74C4B09A92846D3F8E020A8
:104D080042F00102C3F8E020D3F8E03003F00103D9
:104D18000093009B02F040FD0FB030BD424B09A943
:104D28002846D3F8E02042F00202C3F8E020D3F886
:104D3800E03003F002030193019B02F02DFD0FB058
:104D480030BD394B09A92846D3F8E02042F00402C7
:104D5800C3F8E020D3F8E03003F004030293029B89
:104D680002F01AFD0FB030BD2F4B09A92846D3F821
:104D7800E02042F00802C3F8E020D3F8E03003F066
:104D880008030393039B02F007FD0FB030BD264BC9
:104D980009A92846D3F8E02042F01002C3F8E02021
:104DA800D3F8E03003F010030493049B02F0F4FC02
:104DB8000FB030BD1C4B09A92846D3F8E02042F0BB
:104DC8002002C3F8E020D3F8E03003F02003059375
:104DD800059B02F0E1FC0FB030BD134B09A9284632
:104DE800D3F8E02042F04002C3F8E020D3F8E030E6
:104DF80003F040030693069B02F0CEFC0FB030BDD3
:104E0800094B09A92846D3F8E02042F08002C3F8EC
:104E1800E020D3F8E03003F080030793079B02F00B
:104E2800BBFC0FB030BD00BF0044025870B5064649
:104E38000D4602F0F9FB0446304602F0FDFB2A1E3F
:104E48000146204618BF0122BDE8704002F0B2BEFC
:104E58000023122270B586B0CDE9022304930368BB
:104E6800032B01D804230593061D841D304602F048
:104E7800DBFB0546304602F0DFFB034601A9284666
:104E8800019302F089FC204602F0CEFB034620463F
:104E98001C4602F0D1FB01A903462046019302F00B
:104EA8007BFC06B070BD00BF634A0368934210B52F
:104EB8008CB028D0614A934258D0614A934200F09E
:104EC8009480604A934201D00CB010BD5E4C5F489C
:104ED800D4F8E03043F00203C4F8E030D4F8E0300E
:104EE80003F002030A930A9BFFF7B2FFD4F8F430E9
:104EF80043F08003C4F8F430D4F8F43003F08003AE
:104F08000B930B9BE0E7504C5148D4F8E03043F04A
:104F18000203C4F8E030D4F8E03003F00203019350
:104F2800019BFFF795FFD4F8E83000221F2043F4D7
:104F380000131146C4F8E830D4F8E83003F400133D
:104F48000293029BD4F8D83043F00103C4F8D83058
:104F5800D4F8D83003F001030393039BFBF77AFCE2
:104F68001F200CB0BDE81040FBF7B2BC364C3948E6
:104F7800D4F8E03043F08003C4F8E030D4F8E030EF
:104F880003F080030493049BD4F8E03043F0020359
:104F9800C4F8E030D4F8E03003F002030593059B31
:104FA800FFF756FFD4F8E8300022212043F48003AD
:104FB8001146C4F8E830D4F8E83003F480030693C7
:104FC800069BD4F8D83043F00103C4F8D830D4F89D
:104FD800D83003F001030793079BFBF73BFC212024
:104FE8000CB0BDE81040FBF773BC1B48FFF730FF5F
:104FF800154B00224820D3F8E840114644F4000439
:10500800C3F8E840D3F8E84004F400040894089C86
:10501800D3F8D84044F00104C3F8D840D3F8D830C6
:1050280003F001030993099BFBF714FC48200CB01B
:10503800BDE81040FBF74CBC00540040005800404D
:10504800005C0040001C005800440258A8090024D5
:1050580020070024F8070024D00800242DE9F04395
:105068001A4B87B000254FF010099E46EC46184BA6
:10507800FF22E04667461A700EF118060EF130045A
:10508800CDE90055CDE90255ADF80090BCE80F0018
:10509800CDE90455AEE80F009CE803000095ADF893
:1050A80000908EE80300B8E80F000FC69CE80300E4
:1050B8000095ADF8009086E803000FCF0FC49CE878
:1050C800030084E8030007B0BDE8F0830C00002467
:1050D8001C07002410B5EFF3108472B6084B1A7839
:1050E800120602D504B962B610BD1B78D82205484D
:1050F8005BB202FB03001430FCF7D6F8F2E700BFFE
:105108001C07002420070024014803F0EBBB00BF64
:10511800AC070024014803F0E5BB00BF8408002465
:10512800014803F0DFBB00BF5C0900242DE9F04310
:105138000F68D8243F4D85B007FB04F4032F05EB17
:105148000403036040DCCB680E46012B3CD84DD0ED
:105158004FF0D808B646DFF8FC9008FB0758BEE8C1
:105168000F00C446ACE80F00DEF800300DF1100E59
:10517800CCF80030D8F808C099E80F000EE90F0005
:105188000EEB8703BCF1010F53F8103CC8F88C30C4
:1051980031D0BCF1020F42D0BCF1000F35D0317CC8
:1051A8008C34D823002201202C4403FB07534900E8
:1051B800C3E92602C3F894102046C3E92822C3E9AC
:1051C8002A2203F081F918B1012005B0BDE8F08367
:1051D8000146204603F092FB0028F5D101462046FF
:1051E80003F0B6FB003818BF0120EEE70B7C103B3C
:1051F800672BADD9E8E702F091F80F4B98420CBF46
:105208000E4B0F4BC8F89030C9E702F087F80A4BED
:1052180098420CBF0B4B0C4BC8F89030BFE702F01C
:105228007DF8054B98420CBF084B094BC8F89030E5
:10523800B5E700BF20070024000E27072D0FB03068
:105248003211D0205F4390608A62E030200BA010BA
:105258001A09801088F700082DE9F041D0F800807D
:1052680082B00D4617461E4608F18C04204603F00E
:1052780041FB2028FAD1D8F80C3073B96D002046CC
:10528800089C33463A46A9B2009403F073F90038F3
:1052980018BF012002B0BDE8F081089B32463946AC
:1052A800204603F03BFAF2E7044B10221A7483F805
:1052B800E82083F8C02183F898227047200700244B
:1052C80030B5002395B04FF48071062204460B9345
:1052D80006921393CDE90C13CDE90E33CDE91133C2
:1052E80002F01EF807282BD004F1100541F288328D
:1052F80006A9284604F03EF928B10123184684F887
:105308005C3015B030BD0222022306A92846CDE93B
:10531800002310220123CDE9022300224FF4800349
:10532800CDE9042305224FF0807306926A460F9355
:1053380041F2883304F08AFA0028DED115B030BD76
:105348000323012084F85C3015B030BD0000000054
:1053580070B50023A4B04FF080724FF480750446F6
:10536800ADF806300D93CDE910320122CDE90E5388
:10537800CDE91223CDE91433002943D0F02300F1FD
:10538800100508AEADF80630C02341F28832314628
:105398002846089304F0EEF828B10123184684F84B
:1053A8005C3024B070BD41F288320DF10601284608
:1053B80004F04AF903460028EFD105224FF4807122
:1053C8001E93284616924FF080721B9321931F92CA
:1053D80002AA9FED1F7BCDE91C13CDE922338DED89
:1053E800027B9FED1D7B41F2883316A98DED047B6E
:1053F8009FED1B7B8DED067B04F028FA0028CCD1AD
:1054080024B070BD00F1100508AE612341F2883266
:1054180031462846089304F0ADF80028BDD141F282
:1054280088320DF10601284604F08CF90028B4D121
:10543800BDF80630204623F0780343F04003ADF86A
:105448000630FFF73DFF00289ED0A6E7AFF30080A7
:105458000000000001000000100000000100000032
:1054680000000000000040002DE9F04F00234FF439
:10547800807501264FF0807804462DED028BABB085
:105488008DF8073013932193299314950E96CDF830
:105498005C80CDE91533CDE91863CDE91A33CDE940
:1054A8002253CDE92433CDE9273306231C9301F099
:1054B80037FF072808D004F1100741F288321CA9E9
:1054C800384604F057F840B10123184684F85C3098
:1054D8002BB0BDEC028BBDE8F08F4FF0020A4FF005
:1054E800020B4FF0050941F2883308AA1CA9384677
:1054F800CDF89480CDF870909FED2D8BCDE908AB59
:105508004FF0000A4FF4800B8DED0A8BCDE90CAB00
:1055180004F09CF90028D7D141F2883238460EA908
:1055280004F028F80028CFD1402341F288320DF149
:10553800070138468DF8073004F086F80028C3D1F3
:1055480041F288330EA902AA3846CDF83890CDF832
:105558005C809FED197B8DED048BCDE906AB8DED5D
:10556800027B04F073F903460028ADD1CDF87090A2
:105578004FF00109CDF894804FF00008219308AA54
:1055880029931CA938462295CDE92333CDE9273341
:1055980041F288338DED0A8BCDE90CABCDE9088952
:1055A80004F054F9002893D0304684F85C608FE703
:1055B8001000000001000000400000004000000052
:1055C8002DE9F043624CA3B00D46046001F0A8FE3B
:1055D800072800F0A980286823466968AA6807C3D5
:1055E8001E46AB8926F8043B3046257B677B03F0D3
:1055F800A3FFE0B9574B012D4FF00108E06123618B
:1056080014BF4FF480134FF40003C4E9058893FADC
:10561800A3F3B3FA83F34FF48079013BC4F82490E1
:10562800C4E90B003046236203F01AFF38B10122A7
:10563800134684F85C20184623B0BDE8F08366233F
:105648000B90139041F2883206A90693CDE90C908D
:10565800CDE90E00CDE91100304603F08BFF00289C
:10566800E5D1992341F2883206A93046069303F022
:1056780081FF0028DBD105231C9019906A461493FA
:105688004FF08073219014A91D9341F288339FED48
:105698002A7BCDE91A90CDE91F008DED007B9FEDA7
:1056A800287B30468DED027B9FED277B8DED047BBB
:1056B80004F0CCF80028BAD129462046FFF748FE66
:1056C8000028B4D12046FFF7CFFE03460028AED10C
:1056D800002FB0D1189330460027002606AA14A937
:1056E800CDF86890CDE91F33EB2314934FF4406352
:1056F8001B934FF4005317934FF440431C93A0237C
:105708001693062319934FF0805321934FF040735B
:10571800CDE906671D9304F011F9034600288AD0E5
:10572800434684F85C8086E701230322184684F800
:105738005C2023B0BDE8F0830000000001000000F9
:105748001000000001000000000000000000400000
:10575800800A0024005000522DE9F04F8FB0414BD1
:105768000024026800AF9A427C63C7E90944C7E98C
:105778000B4403D03C37BD46BDE8F08F3A4B40F6AA
:1057880009213A48EB46D3F8D42007F11C0607F163
:10579800220A4FF0020942F480424FF00308C3F88E
:1057A800D420D3F8D42002F48042BA60BA68D3F87F
:1057B800E02042F04002C3F8E020D3F8E02002F0F5
:1057C8004002FA60FA68D3F8E02042F02002C3F8F9
:1057D800E020D3F8E02002F020023A613A69D3F8D9
:1057E800E02042F01002C3F8E020D3F8E02002F0F5
:1057F80010027A617A69D3F8E02042F00202C3F815
:10580800E020D3F8E030F86103F002033984BB618B
:10581800174B7B60BB697B6853F8040F7B6001F012
:1058280003FF7B680546186801F006FF16F8013B80
:10583800786207F124012846C7F830807B63C7E9FE
:105848000A9401F0A9FF5645E5D100225C201146D3
:10585800FBF700F85C20FBF73BF83C37DD46BD461C
:10586800BDE8F08F00500052004402580A0A0909A6
:10587800DC0A0024114B02689A4200D07047104A93
:1058880070B5D2F8D4300F4C23F4804304F11806D5
:10589800C2F8D43054F8040F01F0C6FE054620685B
:1058A80001F0CAFE0146284602F0B6F8B442F1D12A
:1058B8005C20BDE87040FBF719B800BF00500052EB
:1058C80000440258DC0A0024014804F0C3B800BFB1
:1058D800900A0024084B1A1D981D03F1080110B402
:1058E8009C1C9A6603F10A02C3E91834C3E91B0138
:1058F8005DF8044B5A677047800A002438B503687E
:1059080071B9026A00F1280500F5AC74012A0CBFD0
:10591800002140218BBB1D4B5722C0F858310DE0A8
:10592800426A00F1C00500F5E874012A0CBF0021A5
:105938004021EBB1164B5A22C0F8D0310023204643
:10594800C4E901214FF480524FF4806163626261BF
:105958004FF48042C4E903314FF48073C4E906234D
:105968004FF400332362FBF727F958B1FFBEFEE777
:10597800084B5822C0F8D031E0E7074B5922C0F84D
:105988005831DBE7C5E92044A56338BD1000024063
:105998007000024028000240580002402DE9F04300
:1059A800821D05468BB0031D05F10A010830CDE9BB
:1059B800052305F10C02AB69CDE907010992002B1B
:1059C8003DD0EB69B3FA83F84FEA58180123022255
:1059D80005AE0AAF4FF006090393CDE9012356F847
:1059E800044B2B792278934216D02B68F3B1012B04
:1059F80002D1F2B10A230493204601F01DFE0346AA
:105A08002046009301F010FE694601F0C5FEBE4233
:105A1800E5D10BB0BDE8F083697963789942E4D1A8
:105A2800B8F1000FF3D02B68002BE0D1CDF810901F
:105A3800E2E76378022B14BF0A230823DBE74FF061
:105A48000108C3E7534A0368934230B505468BB053
:105A580055D02032934252D04F4A934204D020323C
:105A6800934201D00BB030BD4C4C4D48D4F8E030D7
:105A780043F00103C4F8E030D4F8E03003F0010348
:105A88000593059BD4F8E03043F00803C4F8E030F0
:105A9800D4F8E03003F008030693069BD4F8E0300E
:105AA80043F04003C4F8E030D4F8E03003F040039A
:105AB8000793079BD4F8F03043F40003C4F8F030A0
:105AC800D4F8F03003F400030893089BFFF766FF4F
:105AD800D4F8D830296843F001032F4A3048C4F875
:105AE800D830891AD4F8D83018BF012103F001033F
:105AF8000993099B0BB0BDE83040FFF7FFBE274C68
:105B08002848D4F8E03043F00103C4F8E030D4F872
:105B1800E03003F001030093009BD4F8E03043F039
:105B28001003C4F8E030D4F8E03003F01003019318
:105B3800019BD4F8E03043F04003C4F8E030D4F8D7
:105B4800E03003F040030293029BD4F8F03043F4B2
:105B58008003C4F8F030D4F8F03003F480030393E2
:105B6800039BFFF71BFFD4F8D830296843F00103E3
:105B7800084A0C48C4F8D830891AD4F8D83018BF65
:105B8800012103F001030493049B0BB0BDE83040EE
:105B9800FFF7B4BE04580140045C014000440258B9
:105BA800540D0024F80A00240148FBF77DBB00BF10
:105BB800500C00240148FBF777BB00BFC80C002439
:105BC8000148FBF771BB00BFAC0E00240148FBF78E
:105BD8006BBB00BF240F00241A4A0368934210B419
:105BE8000BD02032934208D0174A934216D0203265
:105BF800934213D05DF8044B7047144B0022D3F83E
:105C08005442C3F85822002CF4D0D3F84802D3E900
:105C1800931223465DF8044B520818470B4B002299
:105C2800D3F8B044C3F8B424002CE3D0D3F8AC24A0
:105C3800D3F8A814D3F8A404520823465DF8044BFB
:105C4800184700BF04580140045C0140F80A0024CA
:105C5800184A0368934210B40BD02032934208D0FC
:105C6800154A934217D02032934214D05DF8044B62
:105C78007047124BD3E994245208C3F85822002CD9
:105C8800F4D0D3E99201234601EB820100EB8200B4
:105C98005DF8044B1847094BD3F8AC24D3F8B0444B
:105CA8005208C3F8B424002CE0D0D3F8A814D3F8D1
:105CB800A404E8E704580140045C0140F80A002401
:105CC8002DE9F04F0C684FF41776754F87B004FB39
:105CD80006F6012C07EB060AC0F800A000F3A08026
:105CE8000D468E464FF00008D44669A3D3E9002339
:105CF80069A1D1E90001CDE9022306ABCAF85082B7
:105D080003EB8403CDE9040153F810BC53F8083CB5
:105D1800CAE992880193BEE80F00ACE80F00BEE81C
:105D28000F00ACE80F00019B9EE80300CAF828B0FA
:105D3800CAF8C0308CE803002B69042B0CD8DFE8C4
:105D480003F0737D879103004FF41773554A03FBE3
:105D580004739A64C3F8E020AA692B6A002A43D026
:105D6800002B4FF4177308BF022203FB047318BFFC
:105D78000322DA6201221A63EA696B6A002A40D1B7
:105D8800191E4FF4177318BF012103FB0473C3E9ED
:105D980031126B69022B05D8434A12F80380434A33
:105DA80052F823904FF4177306F1280042464946EB
:105DB80003FB04740023384463646363E365C4F835
:105DC800DC30C4F8CC30C4F8F430C4E90F33C4E98B
:105DD8001533C4E93533C4E93B33022304F0E6F84C
:105DE800002849D0FFBEFEE7191E4FF4177318BFED
:105DF800012103FB0473C3E90B12EA696B6A002AE9
:105E0800BED0002B4FF4177308BF022203FB0473A4
:105E180018BF0322C3F8C4200122C3F8C820B8E77A
:105E2800012007B0BDE8F08F4FF417734FF4FA5212
:105E380003FB04739A64C3F8E0208DE74FF41773EB
:105E48004FF47A5203FB04739A64C3F8E02083E7A3
:105E58004FF417734FF4FA4203FB04739A64C3F8C0
:105E6800E02079E74FF417734BF6803203FB047395
:105E78009A64C3F8E0206FE706F1C00002234246A7
:105E88004946384404F092F80028CAD0FFBEFEE71D
:105E980004580140045C014024580140245C01403E
:105EA800F80A002400770100C4F70008C8F70008C2
:105EB8000068704770B5046882B015460E46C4F88D
:105EC8005032C4E99212069AC4F85422A269012AEF
:105ED80026D0626A012A9AB211D0294604F1C0007C
:105EE800019204F01FF9236A019A012B10D0294668
:105EF80004F1280004F016F9002002B070BD04F186
:105F0800C000019204F0A0F9236A019A012BEED196
:105F1800314604F1280004F097F9002002B070BD62
:105F2800226A012A9AB211D0294604F12800019266
:105F380004F0F8F8636A019A012B10D0294604F19D
:105F4800C00004F0EFF8002002B070BD04F1280092
:105F5800019204F079F9636A019A012BEED1314676
:105F680004F1C00004F070F9002002B070BD00BF59
:105F780003681B69042B05D8044A02EB830393EDDD
:105F8800000A70479FED020A704700BFD4F7000867
:105F980000803B470368D3F8580270471F4BC1681D
:105FA8000268F0B5D3F88C5083B00369ADB24D1BCD
:105FB800A2B1AB4212D00446866811D2F018E91A91
:105FC800CDE9001000F04AFF0023DDE90010D4E914
:105FD8000062B047E3682561AB421BD003B0F0BD57
:105FE800F018C91ACDE9000100F038FF0023DDE9F7
:105FF8000001D4E90072B8473046294600F02EFF68
:1060080000233046626829462668B047E368256160
:10601800AB42E3D10023236103B0F0BD000002408E
:106028002DE9F84F04460F4690461E4600F1340508
:10603800284604F095FC2028FAD14FF4806300200C
:10604800C4F8D030C4F848314FF44033C4F8CC0019
:10605800C4F8E030C4F858314E4BC4F8DC00C4F83A
:10606800C03003F57A73C4F8E400C4F8383140232B
:10607800C4F8C800C4F84031E369C4F84401C4F85E
:106088005401C4F85C01C4E93500C4E95300072B86
:106098000BD8DFE803F061535A373E454C045123CF
:1060A800C4F8C4305223C4F83C3104F59C794846FE
:1060B800FAF782FD08B1FFBEFEE7C4F8A890C4F85D
:1060C8007051EFF3108972B6DFF8D0B094F91C3034
:1060D800DFF8CCA08BF800300A9B2F4CCAF80030B0
:1060E8000B9B23600EB11846B0471FFA88F2394659
:1060F800284604F01FFAB0BBB9F1000F00D162B610
:10610800BDE8F88F3F23C4F8C4304023C4F83C31BD
:10611800CBE74123C4F8C4304223C4F83C31C4E778
:106128004723C4F8C4304823C4F83C31BDE74F23A3
:10613800C4F8C4305023C4F83C31B6E72B23C4F864
:10614800C4302C23C4F83C31AFE72D23C4F8C43045
:106158002E23C4F83C31A8E72923C4F8C4302A23E5
:10616800C4F83C31A1E7FF238BF800300023CAF8BC
:10617800003023600A9B3BB10B980121984701200E
:10618800B9F1000FBCD1BAE70120B9F1000FB7D1BE
:10619800B5E700BF88000240E81E0024E41E002482
:1061A800E01E00242DE9F84F04460F4690461E468F
:1061B80000F13405284604F0D3FB2028FAD14FF427
:1061C80080630020C4F8D030C4F848314FF440331D
:1061D800C4F8CC00C4F8E030C4F858314E4BC4F8C9
:1061E800DC00C4F8C03003F57A73C4F8E400C4F8DE
:1061F80038314023C4F8C800C4F84031E369C4F812
:106208004401C4F85401C4F85C01C4E93500C4E988
:106218005300072B0BD8DFE803F061535A373E458C
:106228004C045123C4F8C4305223C4F83C3104F15F
:10623800C0094846FAF7C0FC08B1FFBEFEE7C4F83B
:10624800AC90C4F8F850EFF3108972B6DFF8D0B00C
:1062580094F91C30DFF8CCA08BF800300A9B2F4C47
:10626800CAF800300B9B23600EB11846B0471FFADE
:1062780088F23946284604F0AFF9B0BBB9F1000FEF
:1062880000D162B6BDE8F88F3F23C4F8C43040237C
:10629800C4F83C31CBE74123C4F8C4304223C4F8E6
:1062A8003C31C4E74723C4F8C4304823C4F83C3120
:1062B800BDE74F23C4F8C4305023C4F83C31B6E7D7
:1062C8002B23C4F8C4302C23C4F83C31AFE72D236A
:1062D800C4F8C4302E23C4F83C31A8E72923C4F8F5
:1062E800C4302A23C4F83C31A1E7FF238BF80030DF
:1062F8000023CAF8003023600A9B3BB10B980121A8
:1063080098470120B9F1000FBCD1BAE70120B9F1D3
:10631800000FB7D1B5E700BF88000240E81E00248F
:10632800E41E0024E01E00242DE9F0410D4682B051
:10633800EFF3108772B6002948D1FF23254A264C6F
:10634800237013682BB1002029461060234A106877
:10635800984723781B0625D5DFF888800025204E2E
:10636800444605E001351C3406F5D876092D19D0C8
:10637800A369012B1BD0002BF4D1216830460029DA
:10638800F0D06369019323690093E3682289FFF7DA
:1063980009FF0028E6D1C5EBC50508EB850348F8D9
:1063A8002500586007B962B602B0BDE8F08161689F
:1063B8000029D7D063693046019323690093E368C5
:1063C8002289FFF72DFE0028CCD1E4E705F0C4FDB3
:1063D800B3E700BFE01E0024E41E0024E81E0024EA
:1063E800B00F002454000024F0B5002387B0022227
:1063F80004460493CDE90223027EC3690B2A4FEABF
:10640800430523D1A27E0B2A02D1002007B0F0BD9C
:1064180048496B1C484851F823304578017818786A
:10642800E67E884269D0824277D0D87803F1030C9F
:1064380081426ED0824278D0987903F1060C884266
:106448006FD0824233D0012007B0F0BD394B3A48B3
:1064580053F8253001784678187894F819C08142A5
:106468003DD0824241D0D87803F1030E814240D01A
:1064780082424AD0987903F1060E884241D082427E
:10648800E1D1DB796345DED1734604F118069B78C8
:106498003046059301F0C8F8034630461E4601F021
:1064A800CBF801A90190304601F076F9AAE7DB792B
:1064B800B342C8D163461A349B782046059301F04D
:1064C800B3F8034620461C4601F0B6F8034601A976
:1064D8002046019301F060F9002007B0F0BD93F861
:1064E80001E0B645BFD08242BDD158786045BAD1E7
:1064F800CBE71F79B742BBD1BCE75F78AF4292D1F7
:1065080093E7D979B142BAD19DE718796045B1D1FD
:10651800BAE71F79AF428DD18EE75878B04284D15F
:10652800C9E7D979A9428CD18DE71879B04283D1CE
:10653800C0E700BF6C010024680100247E4A03689C
:106548009342F0B58FB000F0E380A2F54C4293423D
:1065580000F0E08002F58062934200F0DD8002F5F1
:106568008062934200F0DA8002F58062934200F084
:10657800D98002F54442934200F0D280A2F51C4231
:10658800934200F0D18002F58062934200F0CE8001
:106598006A4A934240F0CC800826694D4FF4D8747B
:1065A80004FB0654A07E01F04FF8207E01F04CF861
:1065B800E369082B13D8DFE803F03B49576573817B
:1065C8008F9D05005F4BD3F8F42042F00802C3F812
:1065D800F420D3F8F43003F008030893089B20460E
:1065E800FFF702FF012801D1FFBEFEE74FF4D87480
:1065F8000EAA554F0DF1240C04FB0654E36902EB77
:1066080043050FCFACE80F003B680022ACF8003020
:10661800114635F9140CFAF71DF9E3690EAA02EBD5
:10662800430333F9140C0FB0BDE8F040FAF750B942
:10663800444BD3F8F02042F01002C3F8F020D3F80E
:10664800F03003F010030093009BC8E73D4BD3F8EC
:10665800E82042F40032C3F8E820D3F8E83003F425
:1066680000330193019BBAE7364BD3F8E82042F494
:106678008022C3F8E820D3F8E83003F4802302939B
:10668800029BACE72F4BD3F8E82042F40022C3F872
:10669800E820D3F8E83003F400230393039B9EE734
:1066A800284BD3F8E82042F48012C3F8E820D3F846
:1066B800E83003F480130493049B90E7214BD3F84C
:1066C800F02042F02002C3F8F020D3F8F03003F0B5
:1066D80020030593059B82E71A4BD3F8E82042F084
:1066E8008042C3F8E820D3F8E83003F080430693EB
:1066F800069B74E7134BD3F8E82042F00042C3F836
:10670800E820D3F8E83003F000430793079B66E7D7
:10671800002642E7012640E702263EE703263CE73B
:1067280005263AE7042638E7062636E7072634E73B
:1067380000239B7EFFDE00BF00100140000C0058C4
:10674800B00F00240044025898F700082DE9F04FD4
:1067580091B0002301223F490DF1240A09938B4689
:1067680001F11C09CAF8143001F13808CDF800A06D
:1067780001F15407CDF804A001F17006CDF808A086
:1067880001F18C05CDF80CA001F1A804CDF810A0FA
:1067980001F1C40ECDF814A001F1E00CCAE90133EF
:1067A800CAE903330F92FF222B4BCDE906AA1A70D0
:1067B800BAE80F00ABE80F009AE80700009B8BE8E7
:1067C80007009B46BBE80F00A9E80F009AE80700FE
:1067D800019B89E807009946B9E80F00A8E80F006F
:1067E8009AE80700029B88E807009846B8E80F0077
:1067F8000FC79AE80700039B87E807001F460FCFDB
:106808000FC69AE80700049B86E807001E460FCECD
:106818000FC59AE80700059B85E807001D460FCDC0
:106828000FC49AE80700069B84E807001C460FCCB3
:10683800AEE80F00079B9AE807001C468EE80700A1
:106848000FCCACE80F009AE807008CE8070011B0FD
:10685800BDE8F08F54000024E41E002410B5094C54
:1068680004F1340003F08AFF237D1BB1636BDB69FD
:10687800DB0600D410BD2046FFF790FB636B1022A7
:106888001A6210BDB00F002410B50B4C04F5F2705D
:1068980003F074FF94F8C43123B1D4F8E431DB6910
:1068A800DB0600D410BD04F5D870FFF777FBD4F8E9
:1068B800E43110221A6210BDB00F002410B50B4C41
:1068C80004F5657003F05AFF94F8743323B1D4F8D3
:1068D8009433DB69DB0600D410BD04F55870FFF76C
:1068E8005DFBD4F8943310221A6210BDB00F002457
:1068F80010B50B4C04F2445003F040FF94F82435D3
:1069080023B1D4F84435DB69DB0600D410BD04F5A7
:10691800A260FFF743FBD4F8443510221A6210BD79
:10692800B00F002410B50B4C04F2F46003F026FFFE
:1069380094F8D43623B1D4F8F436DB69DB0600D4F6
:1069480010BD04F5D860FFF729FBD4F8F4361022FF
:106958001A6210BDB00F002410B50B4C04F6A40049
:1069680003F00CFF94F8843823B1D4F8A438DB6919
:10697800DB0600D410BD04F50760FFF70FFBD4F861
:10698800A43810221A6210BDB00F002410B50B4CA9
:1069980004F6542003F0F2FE94F8343A23B1D4F804
:1069A800543ADB69DB0600D410BD04F52260FFF71A
:1069B800F5FAD4F8543A10221A6210BDB00F002428
:1069C80010B50B4C04F6044003F0D8FE94F8E43BF1
:1069D80023B1D4F8043CDB69DB0600D410BD04F510
:1069E8003D60FFF7DBFAD4F8043C10221A6210BDB0
:1069F800B00F002410B50B4C04F6B45003F0BEFEE3
:106A080094F8943D23B1D4F8B43DDB69DB0600D497
:106A180010BD04F55860FFF7C1FAD4F8B43D102250
:106A28001A6210BDB00F002410B5EFF3108472B6CF
:106A3800084B1A78120602D504B962B610BD1B7845
:106A48004FF4D87204485BB202FB0300C030FAF777
:106A58002BFCF1E7E41E0024B00F002410B5EFF37F
:106A6800108472B6094B1A78120602D504B962B6B8
:106A780010BD1B784FF4D87205485BB202FB0300C7
:106A880000F59C70FAF710FCF0E700BFE41E002444
:106A9800B00F00240021FFF747BC00BF214A03685C
:106AA80093422BD0A2F54C42934229D002F5806242
:106AB800934227D002F58062934225D002F5806286
:106AC800934223D002F54442934221D0A2F51C42BE
:106AD80093421FD002F5806293421DD0124A93421E
:106AE8001CD108224FF4D871104B01FB0233197DD9
:106AF80011B11846FFF752BAFFF716BC0022F1E7AA
:106B08000122EFE70222EDE70322EBE70422E9E79F
:106B18000522E7E70622E5E70722E3E700231B7DD6
:106B2800FFDE00BF00100140000C0058B00F002429
:106B3800204A0368934229D0A2F54C42934227D0B9
:106B480002F58062934225D002F58062934223D0F9
:106B580002F58062934221D002F5444293421FD04D
:106B6800A2F51C4293421DD002F5806293421BD0CD
:106B7800114A93421AD1082310484FF4D87202FBE5
:106B88000300037D03B97047FFF708BA0023F3E752
:106B98000123F1E70223EFE70323EDE70423EBE703
:106BA8000523E9E70623E7E70723E5E700231B7D3D
:106BB800FFDE00BF00100140000C0058B00F002499
:106BC8000121FFF7B1BB00BF534B0122002047F65C
:106BD800122130B4C3E97420C3E97721C3E9E02066
:106BE800C3E9E3211A62DA6258621963C3F83025EF
:106BF800C3F83405C3F83C25C3F84015C3F8E026AC
:106C0800C3F8E406C3F8EC26C3F8F016C3F89028D6
:106C1800C3F89408C3F89C28C3F8A018C3F8402AFE
:106C2800C3F8440AC3F84C2AC3F8501AC3F8F02B27
:106C3800C3F8F40BC3F8FC2BC3F8001CC3F8A40D6D
:106C48003648C3F8A02DC3F8AC2DC3F8B01D028890
:106C5800837833490068334CCA804FEA104C0B7272
:106C68003149E2802372A1F80320A4F8032063715C
:106C78004B712E4CCA800B722D492E4DE280237227
:106C8800A1F80320A4F8032063714B712A4CCA8031
:106C98000B722A49EA8008802B7281F802C0E280D0
:106CA8002372A1F803204B71CA800B722449A1F802
:106CB80003204B71CA800B722249A1F803204B7143
:106CC800CA800B722049088081F802C0A1F803200D
:106CD8004B71CA800B721D49088081F802C0A1F867
:106CE80003204B71CA800B721949088081F802C0D1
:106CF8001848A1F803204B71CA800B721649A0F8F6
:106D080003204371C2800372A1F803204B71CA802B
:106D18000B7230BC704700BFB00F0024680100241C
:106D2800F001002414020024080200242C0200248C
:106D380020020024FC010024D8010024101F002494
:106D480038020024E4010024EC1E0024041F00245F
:106D5800F81E00245C010024500100243E4B002250
:106D68000B20114610B5D3F8D84082B044F0010486
:106D7800C3F8D840D3F8D84004F001040094009C2C
:106D8800D3F8D84044F00204C3F8D840D3F8D83038
:106D980003F002030193019BF9F75CFD0B20F9F75F
:106DA80097FD00220C201146F9F754FD0C20F9F745
:106DB8008FFD00220D201146F9F74CFD0D20F9F743
:106DC80087FD00220E201146F9F744FD0E20F9F741
:106DD8007FFD00220F201146F9F73CFD0F20F9F73F
:106DE80077FD002210201146F9F734FD1020F9F73D
:106DF8006FFD00223C201146F9F72CFD3C20F9F7E5
:106E080067FD002211201146F9F724FD1120F9F73A
:106E18005FFD002238201146F9F71CFD3820F9F7EC
:106E280057FD002239201146F9F714FD3920F9F7EA
:106E38004FFD00223A201146F9F70CFD3A20F9F7E8
:106E480047FD00223B201146F9F704FD3B2002B024
:106E5800BDE81040F9F73CBD0044025820F01F007F
:106E68002031BFF34F8F002907DD064A0144C2F8DD
:106E78005C0220300B1A002BF9DCBFF34F8FBFF3F5
:106E88006F8F704700ED00E0704700BF08B5F9F755
:106E9800A5FCBDE80840F9F7A5BD00BF064808B540
:106EA80003680BB100F08AFE044803681BB1BDE813
:106EB800084001F079BD08BD28230024201F0024C4
:106EC800064808B503680BB100F078FE044803686B
:106ED8001BB1BDE8084001F067BD08BD28230024A8
:106EE800201F0024064808B503680BB100F066FEB1
:106EF800044803681BB1BDE8084001F055BD08BD52
:106F080028230024201F0024364BDA6A520062D559
:106F18009A6A9A6A9A6A9B6A180600D500BE314B2B
:106F28009B6A990600D500BE2E4B9B6ADA0600D5EF
:106F380000BE2C4B9B6A1B0700D500BE294B9B6AE1
:106F4800980700D500BE274B9B6AD90700D500BE1D
:106F5800244B9B6A1A0400D500BE224B9B6A9B04F3
:106F680000D500BE1F4B9B6AD80400D500BE1D4B40
:106F78009B6A190500D500BE1A4B9B6A5A0500D5B5
:106F880000BE184B9B6A9B0500D500BE154B9B6A3B
:106F9800D80500D500BE134B9B6A990100D500BEE9
:106FA800104B9B6ADA0100D500BE0E4B9B6A1B038F
:106FB80000D500BE0B4B9B6A580300D500BE094B99
:106FC8009B6A990300D500BE064B9B6ADA0306D478
:106FD80000BE00BEFEE7DB6A9B07FAD5F8E700BEF5
:106FE800F6E700BF00ED00E0F9F70ABC0A4B9B6822
:106FF80003F17843B3F5003F0BD3084B986848B1C9
:107008009868012806D09868022803D09B68032056
:1070180070470120704700BF00ED00E00000803895
:107028002DE9F041CEB004464C2200210AA808F010
:107038009BFB2022002102A808F096FBBC2200211D
:107048001EA808F091FB022002F022F92368012B08
:107058004FF0000354D0534A02250193C820D16A47
:10706800514B21F00101D162D26A02F00102019272
:107078009A6942F440429A619B6903F44043019340
:10708800019B494A93699B04FCD548490224002284
:1070980001268B6A04274FF0080823F003032343D3
:1070A8008B62052316900AA818934FF48033109624
:1070B800179419941597CDF86880CDE91B222122E1
:1070C800CDE91344CDE90A23FAF740FC00B1FEE705
:1070D8003F220323294602A8CDE9022300220823E0
:1070E800CDE9042340224023CDE9062340234FF471
:1070F8008062CDE90823FAF757FF0346B8B1FEE7E7
:10710800294A04250093F0209169264B41F4404117
:107118009161926902F440420092DA6A42F00102F7
:10712800DA62DB6A03F001030093009BA9E72022DF
:107138004FF4805125934FF440152B9280222D93C4
:107148001EA83093269135914FF480712492349281
:107158000C223394439140F2271120921022CDF84B
:1071680084802A971F96CDE92E34CDE93B334FF41E
:107178008033CDE922463193002446930623CDE996
:107188003E4527934FF48063094C2C931E94CDE918
:107198002812FBF765F900B1FEE702F09FF84EB040
:1071A800BDE8F08100040058004802580044025825
:1071B8000F130F0370B584B00124F9F7C1FB4FF426
:1071C80080764FF04052194B68460025ADF80040D4
:1071D8000396CDE90123F9F7D1FB19224FF040437B
:1071E80068468DF8082001938DF80F40ADF80D60C2
:1071F8008DF801408DF80A50F9F7C0FB02230B22E5
:1072080068468DF80F508DF801304FF062538DF8B5
:1072180008200193ADF80D408DF80A40F9F7AEFB50
:107228000420F9F79BFB04B070BD00BF0E000103FA
:1072380030B50D46044685B0D1E9000184E8030065
:10724800F9F79CFAAB79A3B3FFF788FDFDF706FFC2
:1072580006F05AFDFFF77AFA2B798BBB6B799BB155
:10726800BFF34F8FBFF36F8F2A4B0022C3F8502212
:10727800BFF34F8FBFF36F8F5A6942F400325A61E0
:10728800BFF34F8FBFF36F8F4FF0FF3200230024FF
:1072980000256946204802928DF80C30CDE900455A
:1072A80007F052F91C4807F0B7F906F05DF905B088
:1072B80030BD2046FFF7B4FE2046FFF77BFFC3E74B
:1072C800144C0023C4F88430BFF34F8FD4F88010D7
:1072D80043F6E07EC1F34E3CC1F3C9014FEA4C1CB2
:1072E8000CEA0E000B4640EA8372013BC4F86022A8
:1072F8005A1CF8D1ACF1200C1CF1200FF0D1BFF3CF
:107308004F8F636943F480336361BFF34F8FBFF3DB
:107318006F8FA3E700ED00E01C1F0024FAF774BF8D
:107328001C4B9B6803F17842B2F5003F25D3B3F5B7
:10733800803F20D303F16042B2F5003F1FD303F131
:107348005C42B2F5002F1CD303F17042B2F5902FC6
:1073580019D303F14842B2F5803F16D303F18042B6
:10736800B2F1806F13D303F1E043B3F5000F2CBFE4
:10737800082007207047012070470020704702202E
:107388007047032070470420704705207047062087
:10739800704700BF00ED00E003480023034A04499A
:1073A800036008F09BB900BF1C1F002400000024E4
:1073B800916E000810B4204C0022204B83B0D4F802
:1073C80088101F4841F47001C4F8881019681D4CD2
:1073D80041F0010119601A61196808401A491860DA
:1073E8009A61DA611A629A62DA621A635A639A6374
:1073F800DA631A645A64186820F4802018601A66E0
:10740800D3F8DC2042F06042C3F8DC20D3F8DC304B
:107418000193019B23681940B1F1005F03D20B4B24
:107428000122C3F80821044B4FF000629A6003B0B0
:107438005DF8044B704700BF00ED00E000440258BF
:107448007FEDF6EA0010005C0000FFFF00800051AD
:1074580000F57171D0F8040405F06EBCC1EBC103EE
:1074680000EB8303D0F80404D3F8082205F092BC9B
:10747800C1EBC10300EB8303D0F804049A6C05F058
:10748800C7BC00BFD0F8040405F066BDC16810B5DC
:10749800044619B1022900D0FEE70121D4F80404FA
:1074A80005F044FDD4F80404BDE8104005F016BD0D
:1074B80010B50446D0F8040405F03CFD2268D2F863
:1074C800003E43F00103C2F8003E236A23B1034A99
:1074D800136943F00603136110BD00BF00ED00E01F
:1074E800D0F8040405F030BDD0F8040405F044BD1C
:1074F800D0F8040405F03EBDD0F8040405F03EBD04
:10750800D0F8040405F03CBD9446D0F898021A4619
:1075180008B5634601F0ACFD032802D8024B185C9D
:1075280008BD022008BD00BFF8F70008D0F898028F
:1075380008B501F02BFE032802D8024B185C08BDE1
:10754800022008BDF8F70008D0F8980208B501F045
:1075580061FE032802D8024B185C08BD022008BD52
:10756800F8F700080A06D0F8983206D4C1EBC10132
:1075780003EB810191F8FE01704701F07F01C1EB37
:10758800C10103EB810191F83E007047D0F89802E1
:1075980008B501F057FD032802D8024B185C08BD56
:1075A800022008BDF8F70008D0F8980208B501F0E5
:1075B800C5FD032802D8024B185C08BD022008BD8F
:1075C800F8F70008D0F8980208B501F08FFD0328F5
:1075D80002D8024B185C08BD022008BDF8F7000865
:1075E800D0F8C00205F07ABFD0F8C00205F08EBF0F
:1075F800D0F8C00205F096BF704700BFD0F8C002AF
:1076080005F07CBFD0F8C00205F07CBFD0F8D003ED
:1076180008B500F093FE032802D8024B185C08BD99
:10762800022008BDFCF70008024B027853F822003C
:10763800704700BF20F80008024B427833F8120068
:10764800704700BF00F800088CB00A2814D8DFE89B
:1076580000F01523313F4D5B6977859306004D4B4C
:10766800D3F8E02042F48062C3F8E020D3F8E03099
:1076780003F480630B930B9B0CB07047454BD3F816
:10768800E02042F00102C3F8E020D3F8E03003F034
:1076980001030193019BEFE73E4BD3F8E02042F052
:1076A8000202C3F8E020D3F8E03003F002030293AB
:1076B800029BE1E7374BD3F8E02042F00402C3F81D
:1076C800E020D3F8E03003F004030393039BD3E7EF
:1076D800304BD3F8E02042F00802C3F8E020D3F89A
:1076E800E03003F008030493049BC5E7294BD3F863
:1076F800E02042F01002C3F8E020D3F8E03003F0B5
:1077080010030593059BB7E7224BD3F8E02042F01E
:107718002002C3F8E020D3F8E03003F020030693FA
:10772800069BA9E71B4BD3F8E02042F04002C3F8C0
:10773800E020D3F8E03003F040030793079B9BE772
:10774800144BD3F8E02042F08002C3F8E020D3F8CD
:10775800E03003F080030893089B8DE70D4BD3F8C6
:10776800E02042F48072C3F8E020D3F8E03003F45C
:1077780080730993099B7FE7064BD3F8E02042F416
:107788000072C3F8E020D3F8E03003F400730A93E2
:107798000A9B71E7004402582DE9F04F0D6883B049
:1077A800002D00F0D5800023DFF8688201229A407E
:1077B80012EA050C00F0C7804E6826F01009B9F1EE
:1077C800020F40F0C88003F007044FEAD30E4FF0D1
:1077D8000F0A4FEA840900EB8E0E0AFA09FADEF85E
:1077E800204024EA0A0A0C6904FA09F406F003099D
:1077F80044EA0A04CEF820404FEA430E0324D0F8A6
:1078080000A009FA0EF904FA0EF42AEA040AE4437D
:1078180049EA0A09C0F80090D0F808A0CF6804EA3D
:107828000A0A07FA0EF949EA0A09C0F80890C6F3E5
:107838000019D0F804A009FA03F92AEA020249EA71
:1078480002024260C268F70004EA02048A6802FA87
:107858000EF242EA0402C26075D5644C23F0030EAE
:1078680003F00309D4F8F420C6444FEA890942F02A
:107878000202C4F8F420D4F8F42002F002020192C3
:10788800019A0F22DEF8084002FA09F224EA0202FD
:10789800574CA04225D004F58064A0427BD0554CBB
:1078A800A0427ED0544CA0426FD0544CA04200F06D
:1078B8008480534CA04200F08680524CA04276D07F
:1078C800514CA04200F08580504CA04200F08780C7
:1078D8004F4CA0420CBF09240A2404FA09F942EAD1
:1078E8000902CEF808204FF0B0426FEA0C0EF403FC
:1078F800D2F880204FF0B04454BF0EEA02024CEA9E
:107908000202C4F88020B203D4F884404FF0B04299
:1079180054BF0EEA04044CEA0404F702C2F8844097
:1079280014684FF0B04254BF0EEA04044CEA040451
:107938001460B40252684FF0B04454BF0EEA020219
:107948004CEA02026260013335FA03F27FF42EAF8B
:1079580003B0BDE8F08F4FEA430E0324D0F800B01F
:1079680006F0030A04FA0EF409F1FF390AFA0EFACE
:107978002BEA040BB9F1010F6FEA04044AEA0B0A77
:10798800C0F800A03FF65EAF46E7032404FA09F901
:1079980042EA0902A5E7012404FA09F942EA0902C0
:1079A8009FE7022404FA09F942EA090299E7062442
:1079B80004FA09F942EA090293E7042404FA09F9E6
:1079C80042EA09028DE7052404FA09F942EA0902A4
:1079D80087E7072404FA09F942EA090281E708243B
:1079E80004FA09F942EA09027BE700BF0044025899
:1079F8000000025800080258000C025800100258F3
:107A08000014025800180258001C0258002002589E
:107A18000024025800040058002900F0A880002320
:107A28002DE9F04FDFF8689183B0DFF86881DFF85F
:107A380068A1DFF868B14FF0010E0EFA03F212EAFE
:107A4800010C6FD023F0030503F003040F26404513
:107A58004D444FEAC404AF6806FA04F607EA06077D
:107A6800019721D0504566D0584567D0434FB8425A
:107A78006ED0434FB84270D0424FB84263D0424FA5
:107A8800B84256D0414FB84272D0DFF814E1704581
:107A980068D0DFF810E1704514BF4FF00A0E4FF0C0
:107AA800090E0EFA04F400E00024019FA74219D140
:107AB800AC6824EA06064FF0B044AE60D4F88050B3
:107AC80025EA0C05C4F88050D4F8845025EA0C0542
:107AD800C4F88450256825EA0C052560656825EA00
:107AE8000C05656003255C0003F007070F2605FAFF
:107AF80004F40568BF00254306FA07F70560DD08AA
:107B080000EB85052E6A26EA07062E62856825EAB7
:107B180004058560456825EA02024260C26822EAD7
:107B28000404C460013331FA03F284D103B0BDE820
:107B3800F08F4FF0060E0EFA04F4B6E74FF0020E7F
:107B48000EFA04F4B1E74FF0050E0EFA04F4ACE7B0
:107B58004FF0030E0EFA04F4A7E74FF0040E0EFAE6
:107B680004F4A2E74FF0080E0EFA04F49DE77047FC
:107B78004FF0070E0EFA04F497E700BF000C025806
:107B8800001002580014025800180258001C02582D
:107B98000004005800000258000402580008025867
:107BA80000200258002402580369194214BF01201A
:107BB8000020704702B90904816170472DE9F04F30
:107BC800056885B00446284604F05CFE012802D00A
:107BD80005B0BDE8F08F206804F004FE0028F7D057
:107BE800206804F0FFFD10F4001F206802D04FF455
:107BF8000013436104F0F6FD10F4801F206802D0E2
:107C08004FF48013436104F0EDFD10F0806F20689D
:107C180002D04FF08063436104F0E4FD10F0020FDE
:107C280020682FD104F0DEFD870000F11381206861
:107C380004F0D8FDC60100F1CF80206804F0D2FD21
:107C4800000700F1BE80206804F0CCFD10F0007F32
:107C580020681AD104F0C6FDC306B9D52568AB69FA
:107C680023F01003AB612E6AC6F34341C6F30A172B
:107C7800022902D1002F40F0C681AB6943F01003FE
:107C8800AB61A5E702234361CCE704F069FED4F8B1
:107C980008E080462068BEF1000F00F0998005F5E5
:107CA800A06500264FF0280B4FF0020A4AE000F5C5
:107CB800A0694A0109EB4117BB685B075DD504233E
:107CC800BB60FB6843F00203FB60BB68980500F1EA
:107CD800FD80BB68DB0740F1CF80236953B101EB1E
:107CE80081003B6904EBC000C3F3120C836CA3EB67
:107CF8000C03C3648B004FF0010C4FF0000E5818B2
:107D080004EBC000C0F858E080F85DC0C7F808C0B0
:107D180090F83FE01EF0FD0F00F06481BEF1030F04
:107D280000F040820B4404EBC30393F8502082F028
:107D3800010283F85020D4F808E020680136203585
:107D4800764545D206F00F0328FA03F3D907F5D58F
:107D58002B68F1B21A04AAD400F5A0624FEA411CBC
:107D680002EB4117BB6813F004090DD00423BB6074
:107D7800FB6843F00203FB60E0E7BB689B0640F149
:107D8800B3802023BB60A0E7BB6813F0200300F09A
:107D9800CA8001EB8103202204EBC303BA6093F885
:107DA8003D20012ACAD183F83D9083F85CA0FB6886
:107DB80043F00203FB6004F0D7FDD4F808E0206824
:107DC800BCE72046FFF70CFC2068082343613BE72B
:107DD8004FF0007343613DE72668D6F840340293BC
:107DE800D6F840340393039B23F02E030393029B9E
:107DF800980707D5029BD90700F16381039B43F0DD
:107E080002030393029B1A0718D5039B43F0080348
:107E18000393029B5B0740F15C81A169022900F092
:107E28009A81E368012B03D14EF66022C6F8042438
:107E38002046FFF7E3FB2046FFF7D6FB2068029BAE
:107E48009F0603D5039B43F020030393039BC6F8C7
:107E58004034F3E6D5F84034204623F02E03C5F825
:107E68004034FFF7C5FB0121206804F057FD206866
:107E78004FF000534361DBE6BB68980740F18E8002
:107E8800FB6801EB810C23F0020304EBCC0CFB60D4
:107E98008B009CF85D00012800F0B280052800F0F6
:107EA800AF80062800F0A381082800F0A0810328ED
:107EB80000F0DC819CF85C000246C7F808A0204668
:107EC800FFF79AFBD4F808E0206837E7FB682068DA
:107ED80043F00203FB6004F047FD4FF40073206891
:107EE800BB60D4F808E029E7BB681B0700F1BB803A
:107EF800BB685B057FF5E9AEFB68019243F00203BE
:107F08000091FB6004F030FD00991020019A01EB0C
:107F18008103B860082004EBC30383F85D004FF4C5
:107F28008063BB60D1E6D7F8089019F0400F40F0A5
:107F3800B180BB6813F4007340F02F81D7F8089024
:107F480019F0010F40F03F81BB6813F0080340F0BF
:107F58006881D7F8089019F0100F00F0C98001EB7C
:107F6800810204EBC2029365032382F85D3092F824
:107F78003D303BB90BFB014393F83C2012B9012279
:107F880083F83D20FB6843F00203FB6004F0ECFC3F
:107F980010232068BB60D4F808E0CFE6BB6813F074
:107FA800800340F0E380BA68D20640F1D08001EB4C
:107FB800810004EBC00090F83F20032A00F04B81B9
:107FC80012F0FD02E4D123698265002BE0D10BFB9E
:107FD8000143032283F85D20FB68206843F0020315
:107FE800FB60D3E7FA68206842F00202019300912F
:107FF800FA6004F0B9FC1022DDE90013BA6091E6DA
:108008008CF85C0058E706F00F0606EB860804EBD0
:10801800C808D8F8441000293FF42FAE284605F5C3
:10802800A0653A4604F05CFBD8F8443005EB4612EC
:108038003B441169D8F84C20C8F8443073013A44DD
:10804800C8F84C20BC4A0A405AB1EA5822F080428B
:1080580042F00042EA5098F8503083F0010388F863
:108068005030256809E6FB684FF0050C019243F093
:1080780002030091FB6001EB810304EBC30383F867
:108088005DC01023BB600823BB6004F06DFCDDE914
:1080980000121AE601EB810204EBC2029365042385
:1080A80082F85D30012382F83D30FB6843F002031B
:1080B800FB6004F059FC40232068BB60D4F808E05A
:1080C8003CE6B369204623F00053B361FFF78CFA0E
:1080D80094E62046FFF796FAD6F84034206823F055
:1080E8002E03C6F84034836943F000538361A6E643
:1080F800BB681B0600F1C880BB685B0500F1D78030
:10810800BB689B077FF51AAEFB680BFB014023F0A9
:108118000203FB6090F85D30012B00F0E180032B37
:1081280000F0DB80042B00F0D880052B00F0FC80E9
:10813800062B00F0E480082B00F0E1800BFB0143E4
:108148002046C7F808A093F85C20FFF755FAD4F842
:1081580008E02068F2E5029B206803F4C023B3F529
:10816800802F18BF012104F0D9FB61E6FB6801EB01
:10817800810243F0020304EBC202FB60936D0133FA
:108188009365062382F85D30206804F0EDFB8023B8
:108198002068BB60D4F808E0D0E5FB6843F0020330
:1081A800FB6098E652F80970019347F00057009178
:1081B80042F80970624680F85CC02046FFF71CFA56
:1081C800DDE90013AEE5FA6801EB810942F002022D
:1081D80004EBC909C9F85830FA6004F0C5FB01235B
:1081E800BB6089F85D30D4F808E02068A6E503EBA9
:1081F800010C04EBCC0CDCF858000130032825D81E
:10820800CCF8580002200B4404EBC30383F85C004D
:1082180052F8093023F0804343F0004342F8093014
:108228004AE608230091BB60FB6843F00203FB6049
:1082380004F09AFB0099052201EB810104EBC103CC
:1082480083F85D20D4F808E0206877E50020CCF8B2
:1082580058000420D7E7FA680BFB014042F00202FD
:1082680083652068FA6004F07FFB91E60BFB01430D
:10827800022083F85CA052F8093023F0804343F0D1
:10828800004342F8093017E6FB68009143F0020307
:10829800FB6004F069FB009906230BFB014181F8A0
:1082A8005D3080232068BB60D4F808E046E5FB68B1
:1082B800009143F00203FB6004F056FB1023009981
:1082C800BB604FF480630BFB0141BB60082381F85E
:1082D8005D30D4F808E0206830E580F85CA02DE730
:1082E80080F85C3090F83F30023B012B3FF626AF18
:1082F80090F8513083F0010380F851301EE70BFBF2
:108308000140836D0133032B11D8836502230BFBD6
:10831800014080F85C3052F80C3023F0804343F081
:10832800004342F80C3009E780F85C3006E7002388
:1083380083650423EBE700BF0000F81F90F8B8320C
:10834800012B0CD0012310B50446006884F8B8321C
:1083580004F06AFB0023184684F8B83210BD0220E6
:10836800704700BFF8B505460E461746701C2C68C6
:108378002CD1A369990727D4A369DA06F9D5A3698B
:108388009A06FCD520231022E261E361A3699F07C6
:1083980001D50023A362A369DE0703D4A36943F0D0
:1083A8000103A361636800221B48202103400120C8
:1083B80063606B6C85F8402043F004036B6485F8B8
:1083C800411085F84220F8BD0020F8BDA3699B073D
:1083D800FAD4A369D9061BD4F8F70CFAC01BB0422B
:1083E80001D8002EC2D16B6C2021002201200B4342
:1083F80085F840206B6485F8411085F84220F8BD67
:10840800F8F7F8F9C01B8642EDD3002EEBD02C68A4
:10841800A3699B06F4D5B5E700E800FEF8B5054664
:108428000E4617462C68A3699B0649D4A369DA0649
:1084380026D5731C38D1A3699E06FCD520231022AB
:10844800E261E361A369990701D50023A362A369E7
:10845800DA0703D4A36943F00103A3616368002228
:10846800184820210340012063606B6C85F8402088
:1084780043F004036B6485F8411085F84220F8BD89
:10848800F8F7B8F9C01BB04201D8002ECAD16B6CFE
:108498002021002201200B4385F840206B6485F8D9
:1084A800411085F84220F8BDA3699806C6D4F8F7AC
:1084B800A1F9C01B8642EAD3002EE8D02C68B8E7A1
:1084C8000020F8BD00E800FE00284ED010B590F856
:1084D8004130044603F0FF02002B41D023682421D9
:1084E800626884F84110196822F07062E06821F02F
:1084F8000101012819601A619A6822F400429A6001
:10850800A26829D042F4044202289A6002D14FF4AA
:1085180000625A6058684FF0200C154922690143DF
:108528005960D96821F40041D960D4E905010243B2
:1085380042EA0122D4E90710DA600022014310461A
:108548001960196841F001011960626484F841C03A
:10855800226384F8422010BD42F400429A60D9E7B1
:1085680080F84020FCF7A0FCB8E70120704700BF66
:10857800008000022DE9F047984690F84130089EA7
:10858800202B40F0878090F840300446012B00F003
:10859800818001238946174680F84030F8F72AF988
:1085A800054604E0F8F726F9401B192875D8236812
:1085B800986910F40040F5D1212267626063C9F31D
:1085C800090784F84120102284F842206064A4F846
:1085D8002A80628D92B2FF2A6DD8628D494892B284
:1085E800D1B222855A6802403A4342EA01424649DA
:1085F80011435960DFF81C814FF0FF0ADFF818912A
:10860800638D2A46314620469BB2002B30D0FFF7B7
:10861800A9FE002873D1606A216810F8012B238D08
:108628008A62628D013B6062013A9BB292B22385F5
:108638006285628D92B2002BE2D1002AE0D0701CD4
:1086480043D18B691A06FCD5638D9BB2FF2B48D9A1
:108658004B682A46A4F828A0204603EA08033B43AF
:1086680043EA09034B603146638D9BB2002BCED1A0
:10867800FFF7D4FE002842D123682021234DD96179
:108688005A682A405A6084F8411084F8400084F8F7
:10869800420000E00220BDE8F087636C2021002240
:1086A80001200B4384F84020636484F8411084F867
:1086B8004220BDE8F0875A6812490A4014493A43F3
:1086C8001143FF222285596094E78B691B06BBD4AE
:1086D800F8F790F8401B8642DFD3002EDDD02168E2
:1086E800ADE7638D9BB2DAB223854B6803EA0803D2
:1086F80043EA02433B4343F000734B6080E70120A9
:10870800BDE8F087009800FC0020008200E800FE29
:108718000020FF81009C00FC0000FF012DE9F047CC
:108728001F4690F84130202B40F08E8004460D46BD
:10873800002900F08380B2FA82F916464FEA5919E7
:10874800002A7BD05FFA83FA90F84030012B7BD067
:10875800012380F84030F8F74DF821236562804600
:10876800256884F8413084F842A0C4F844906685AE
:108778006B68C4F8349023F400436B607B1C66D1AB
:10878800AE693607FCD50823EB61E368022B06D0F7
:10879800AE69F60328D4AE69F603F9D524E0AB69CF
:1087A8001907FCD50823EB617B1CF1D0AB69DD030D
:1087B8001AD4F8F71FF8A0EB0800874253D3002F0C
:1087C80051D02568F0E7424639462046FFF7CAFDF2
:1087D80000285BD1636A226813F8011B9162658DDA
:1087E8006362013DADB26585638D9BB2002BEAD112
:1087F800424639462046FFF711FE00284DD0226830
:10880800536843F400435360636C042B54D1002332
:1088180063642023D361781C41D193691904FCD483
:1088280051680023202041F40041516084F8410040
:10883800184684F8423084F8403003E04FF400735F
:1088480001206364BDE8F0870220BDE8F087AB69CA
:10885800180733D4F7F7CEFFA0EB0800874202D3FE
:108868000FB125688AE7636C202000212268034342
:1088780084F84010636484F84100012084F84210B1
:10888800536843F400435360BDE8F0872268012031
:10889800536843F400435360D4E72268B9E7936907
:1088A8001B04BDD5F7F7A6FFA0EB08008742DAD373
:1088B800002FD8D02268AEE70120C3E70823EB6178
:1088C800E368022B7FF470AF08E0F7F793FFA0EBA3
:1088D80008008742C7D3002FC5D02568AB691A079F
:1088E800F3D55FE70268436B9169126803B11847D3
:1088F800704700BF90F84100704700BF90F84120D2
:10890800202A23D15FFA82FC90F840200346012AEE
:108918001CD00268242000B583F841004FF0000EF7
:10892800106820F001001060106820F4805010607A
:108938001068014370461160116841F0010111602F
:1089480083F841C083F840E05DF804FB02207047DB
:1089580090F84120202A22D1034600B55FFA82FE12
:1089680090F84020012A1CD0026824204FF0000C07
:1089780083F84100106820F001001060106820F4AE
:10898800706040EA012160461160116841F0010100
:10899800116083F841E083F840C05DF804FB0220D1
:1089A800704702205DF804FB2DE9F04F076889B095
:1089B8000446384603F066FF10B109B0BDE8F08FF1
:1089C8008246206803F00EFF0028F6D0206803F0E6
:1089D80009FF10F0020F206803D0436903F0020377
:1089E800436103F0FFFE10F4002B206840F0508133
:1089F80003F0F8FE10F4802F206840F0EB8003F0BD
:108A0800F1FE002874DB206803F0ECFE000564D456
:108A1800206803F0E7FE020114D52268536903F0C9
:108A28000063536194F8F433002B40F095810121E1
:108A3800204684F8F413536DC3F38303C4F8F83362
:108A480000F024FC206803F0CDFEC3047BD420682A
:108A580003F0C8FE10F4005F20685DD103F0C2FE89
:108A680010F0100F206812D0836923F0100383617F
:108A78003D6AC5F3434305F00F06022B00F031822F
:108A8800062B00F07F81836943F01003836103F0B4
:108A9800A9FE070700F15781206803F0A3FEC6026C
:108AA80000F14681206803F09DFE850200F13581C2
:108AB800206803F097FE400000F12681206803F04B
:108AC80091FE41077FF579AF23685D686A0700F179
:108AD80029825A682A435A606FE7D7F80838D907B5
:108AE80000F11C822068436903F40063436190E746
:108AF800D7F8043823F00103C7F8043894F8F4339E
:108B0800012B00F038812046FEF7EAFC2068436913
:108B180003F00043436177E703F0B8FE206803F0F1
:108B28009DFB2568E060F9F759FB227B0146284642
:108B380003F0F8FA2046FEF7A9FC2068436903F41D
:108B4800005343618AE7D7F804381021206807F5F5
:108B5800006523F001036B6003F066FB6068B0B149
:108B680007F510634FF67F3199600AF1010A1A6818
:108B78002033824522F4001243F8202CC3F8E81170
:108B8800D3F8E02122F40012C3F8E021ECD1EB691C
:108B980043F00113EB61236B002B40F0E1806A691D
:108BA80042F22B0313436B612B6943F00B032B61D8
:108BB800D7F8003804F57172217C23F4FE6320682D
:108BC800C7F8003803F07EFE2068436903F4805339
:108BD80043613DE703F01EFE80462068B8F1000FB0
:108BE80000F0E580264607F510694FF0000BCDE947
:108BF800037A09E05FEA58080BF1010B06F11C063D
:108C080009F1200900F0D58018F0010FF2D05FFAC1
:108C18008BF7394603F01AFEC30705461FD50BF03C
:108C28000F03039901229A40D1F8343823EA02034A
:108C3800C1F834380123C9F808302369012B03D15E
:108C4800D6E911231344B36439462046FEF710FCD5
:108C58002369012B03D1BBF1000F00F0AC81280779
:108C680002D50823C9F80830E90602D51023C9F847
:108C780008306A0602D54023C9F80830AB0702D588
:108C88000223C9F808302D0600F1C6802068B1E734
:108C980003F0B2FD05462068002D00F0868007F538
:108CA8003066A1464FF0000B049707E06D080BF102
:108CB800010B06F1200609F11C097DD0EB07F5D55B
:108CC8005FFA8BF1039103F0B3FD10F0010F8046BA
:108CD800039973D118F0080F40F0F280206818F05B
:108CE800100F01D01023B36018F0200F05D02169B0
:108CF800012900F05A812023B36018F4005FD5D011
:108D08004FF40053B360D1E72046FEF7F5FB206827
:108D1800436903F080434361D1E620465FFA8BF153
:108D2800FEF7E2FB2068436903F400134361C0E6E1
:108D380020465FFA8BF1FEF7DBFB2068436903F4FA
:108D480080134361AFE62046FEF79CFB2068436929
:108D580003F008034361A0E62046FEF7A9FB71E68D
:108D6800D5F8843043F00B03C5F884306B6C43F0BE
:108D78000B036B641CE70021204684F8F41300F011
:108D880085FAC3E6C6EBC606082204F571713846B3
:108D980003F0A6FCC5F30A1304EB86022068D2F898
:108DA80014120B44C2F814326DE6AB4620E6C346F3
:108DB80025E6DDE9037A22E6049F19E62068012307
:108DC8002769B36000F53063012FD0F840E003EB6A
:108DD8004B139A6800F0C580984FBE4540F0BD809F
:108DE800170440F1B6804FF4004218F0080F9A605B
:108DF8003FF475AF026C986890498A4200F09780FA
:108E080020460392FEF724FB8D4B039A9A4200F208
:108E180096800823B36061E7D6E91453D4F800A01C
:108E2800AB4250463FF6E6AE0AF51062716CCDF8DB
:108E38001CA002EB4B120592EA1A8A4228BF0A4686
:108E480005998969033289B2B1EB920FC0F0A98004
:108E5800CDF81890C146A046059C1AE0736C3A46B6
:108E6800B16C50469D4228BF1D4698F810300093BB
:108E7800ABB203F01FFCB36CA1692B4489B2B36495
:108E8800736D2B440335B1EB950F7365C0F081808A
:108E9800356D9D42A5EB0305E0D84446C846DDF88C
:108EA8001890D4F800A0079B0122504603F50061F2
:108EB8000BF00F039A404B6B23EA02034B6399E6CE
:108EC8002268216902F53063126C012903EB4B1308
:108ED800986891D15A498A4229D82046FEF7B8FAAB
:108EE80097E747F6F0731D423FF4CDADC6EBC606D3
:108EF800C5F30A12384604EB86061546D6F808125A
:108F080003F0EEFBD6F8083220682B44C6F8083286
:108F1800D6F814322B44C6F81432B4E52046FEF7CE
:108F2800C7FADFE52046FEF7EBFA2368D1E502042D
:108F380002D54FF400429A602046FEF789FA21696B
:108F480001297FF466AF04F57172206803F0BAFC5A
:108F58005FE7900601D520229A602046FEF77EFA48
:108F6800B8E6170732D536498E4504D9120402D51A
:108F78004FF400429A6020460393FEF769FA04F51D
:108F880071720121206803F09DFC0822039B9A60FE
:108F9800A0E64446356DC846DDF81890D4F800A020
:108FA80050469D423FF626AE7DE704F5717203F008
:108FB80089FC20689FE6236D002B7FF450AE04F5F2
:108FC80071720121206803F07DFC48E6970608D5F8
:108FD80020229A6018F0080F3FF481AE026C98685E
:108FE80078E712F0280FF5D1154FBE4505D91204C0
:108FF80003D54FF400429A60ECE71B692046D9F884
:109008000422C3F31203D31AC9F81432D9F8083268
:109018001344C9F80832FEF721FABBF1000F7FF4B8
:1090280059AED4F81032002B7FF454AE04F57172A7
:109038000121206803F046FC4CE600BF0A31544F7A
:109048000A30544F90F8BC23012A0ED0012210B5E3
:109058000446006884F8381084F8BC2303F0B0FB99
:109068000023184684F8BC3310BD0220704700BFA7
:1090780010B501F00F0E0906044627D44FF01C0C5A
:109088000CFB0E0C0CF5FE71CEEBCE0C00EB8C0C31
:1090980000208CF8FD018A604A7881F800E0CB70E6
:1090A8000AB1A1F806E0022B01D100230B7194F854
:1090B800BC33012B18D00123206884F8BC3303F09B
:1090C800DFF80023184684F8BC3310BD1C204FF08D
:1090D800010C00FB0E4000F13C01CEEBCE0004EB8E
:1090E800800080F83DC0D6E7022010BD10B501F021
:1090F8000F041C21C4EBC40C01FB040100EB8C0C15
:1091080001F5FE71CCF810320023CCF808228CF857
:10911800FC41CCF814328CF8FD3103690068012B4E
:1091280008BFCCF80C22DAB21CB903F009FA002007
:1091380010BD03F0EDF8002010BD00BF10B501F020
:109148000F041C21C4EBC40C01FB040100EB8C0CC4
:109158003C31CCF850300023CCF84820CCF85430BF
:1091680001238CF83C408CF83D3003690068012BE2
:1091780008BFCCF84C20DAB21CB903F0E1F90020A2
:1091880010BD03F0C5F8002010BD00BF38B5436816
:1091980001F00F059D4234D80B0604461DD41C224D
:1091A800C1EBC10302FB010100EB8303002201F5BF
:1091B800FE7183F8FD2101230D708B7094F8BC2398
:1091C8009A421CD0206884F8BC3303F099FAD5B1D0
:1091D8000023184684F8BC3338BD1C21C5EBC503F1
:1091E800012201FB050100EB83033C3183F83D209C
:1091F80001230D708B7094F8BC239A42E2D10220AF
:1092080038BD012038BD04F57172217C206803F057
:1092180059FBDDE7426838B501F00F03934232D8B5
:1092280011F0800F04464FF01C01C3EBC30219D1A3
:1092380001FB0341002004EB8202002501F5FE71C9
:1092480082F8FD010B708D7094F8BC33012B18D097
:109258000123206884F8BC3303F086FA284684F892
:10926800BC5338BD01FB0341012004EB82020025F9
:109278003C3182F83D000B708D7094F8BC33012BA3
:10928800E6D1022038BD012038BD00BF704700BFBD
:1092980038B5114BDA68520704D4DB6803F00703CA
:1092A800834214D10C4CE36823F007031843E060B1
:1092B800F7F7A0FA054605E0F7F79CFA401BB0F56A
:1092C8007A7F06D863689B04F6D5002038BD012054
:1092D80038BD032038BD00BF00480258024AD36891
:1092E80043F08073D36070470048025870B44D6AE9
:1092F80015B1B2F1406F3AD18B691BB30C6A002CDF
:109308004CD08E680068C661CE69002E69D02B43A8
:1093180013432343CC6A334323430C6B23434C6BE3
:1093280023430C692343CC6823430C6823434C69CB
:10933800B2F1406F43EA8443436165D04B6870BC27
:10934800836170470B6ABBB100682B438C68CE6998
:10935800C461002E6BD01343CC6A334323430C6B98
:1093680023434C6B23430C692343CC68DEE78B6AA9
:109378000468013B2361BFE7CB69002B66D1002D50
:1093880042D0CB6A0C6B2B43006813434A692343D2
:109398004C6B234343EA8243436135E0CC6945EA99
:1093A800030C002C32D003684CEA0200B2F1406F83
:1093B80040EA0400CC6A40EA04000C6B40EA04006E
:1093C8004C6B40EA0400CC6840EA04000C6840EAB0
:1093D80004004C6940EA8440586115D04A689A6193
:1093E80012E045EA030C0D694CEA0203CA6A2343FA
:1093F8001343D1E90C4223430C6813434A692B43B6
:10940800234343EA8243436170BC7047CC6A4CEA09
:10941800020300682343D1E90C4223430C68134339
:109428004A69234343EA824370BC43617047CC6A6C
:1094380013432343D1E90C4223431343D1E90442A4
:10944800234343EA824370BC436170472B43CD6A90
:109458000C6B134300682B4323434C6B84E700BF1A
:1094680070B50446F7F7C6F9002C54D094F840308C
:10947800012B52D00123064684F8403094F841303D
:1094880003F0FF02002B34D0A56C2268A168136892
:10949800013923F4706343EA0123136001E06B1C74
:1094A80031D1936813F02003F9D1E069E1681568B8
:1094B8000143206A0143606841EA00611C48284072
:1094C800014360691160A16955680143206941EA57
:1094D8000041184828400125014318465160116889
:1094E80029431160636484F84150002384F84030B4
:1094F80070BD204684F84020FCF72EF941F28833ED
:109508001D46A364C1E7F7F775F9801BA84206D882
:109518002DB12268C5E7012070BD022070BD04236B
:10952800012084F84130636C03436364DDE700BFC6
:109538002FFFFF00FEF8E0FFC8B110B590F84030EB
:109548000446012B11D00268012380F840301368CB
:1095580023F001031360FCF78DF9002363641846B8
:1095680084F8413084F8403010BD022010BD01203D
:10957800704700BF2DE9F04104460E461546F7F73F
:1095880039F994F84030012B3AD0012384F840305F
:1095980094F84130012BDFB206D002270023384669
:1095A80084F84030BDE8F0810023804663640223DC
:1095B80084F84130681C23680ED19A6812F02002A2
:1095C800FBD131462046FFF791FE736AE3B10123D0
:1095D800002784F84130E1E79A6812F020021ED093
:1095E800F7F708F9A0EB0800854201D3002DE1D177
:1095F800042384F84130636C43F001036364CDE7CE
:1096080002273846BDE8F081226893689B07FCD59D
:10961800022101230027D16084F84130BEE731469A
:109628002046FFF763FE736A43B1D0E7F7F7E2F825
:10963800A0EB08008542DBD3002DD9D022689368BF
:109648009907F3D5E4E700BF2DE9F84304468946B6
:109658001546F7F7CFF894F840302768012B67D004
:10966800012384F8403094F84130012B5FFA83F8E5
:1096780007D04FF002080023404684F84030BDE888
:10968800F88300236364B9F1000F56D0122306460D
:1096980084F841303B690133E3623B69C4F82490A4
:1096A8000133A3627B6923F040637B61E36A002B8B
:1096B80031D06A1C394611D18B685B07FCD5636AC7
:1096C8001B7887F82030E26A636A013A0133E26264
:1096D800E26A6362F2B16A1C2168EDD08B685807B0
:1096E800EDD4F7F787F8801B854201D3002DF2D11E
:1096F800042384F84130636C43F00103636413E08E
:10970800BB689B070CD4F7F775F8801B8542EFD32D
:10971800002DEDD02768691CF2D1BB689A07FCD5EB
:1097280002234FF00008FB60012384F84130A2E7D0
:109738004FF002084046BDE8F883636C43F0080325
:10974800636498E72DE9F843044615468946F7F718
:1097580051F82768BA6994F84030012B6CD001237E
:1097680084F8403094F84130012B5FFA83F807D031
:109778004FF002080023404684F84030BDE8F883E3
:1097880000236364B9F1000F5BD02223064684F8F6
:1097980041303B690133A3633B69C4F8309001331E
:1097A80063637B6923F0406343F080637B61BA6144
:1097B800A36B002B33D0681C394612D18B6813F089
:1097C800060FFBD097F82020236B1A70A26B236B2F
:1097D800013A0133A263A26B2363FAB1681C2168C2
:1097E800ECD08B6813F0060FECD1F7F703F8801B69
:1097F800854201D3002DF1D1042384F84130636CF4
:1098080043F00103636413E0BB689B070CD4F6F7CD
:10981800F1FF801B8542EFD3002DEDD02768691C2E
:10982800F2D1BB689A07FCD502234FF00008FB6011
:10983800012384F841309DE74FF002084046BDE817
:10984800F883636C43F00803636493E72DE9F84FEA
:1098580004461F4689469046F6F7CCFF94F84030F8
:10986800012B52D0012384F8403094F84130012B69
:109878005FFA83FB07D04FF0020B0023584684F8A9
:109888004030BDE8F88F002382466364422384F8A1
:1098980041307A1C26682CD1B568AB06FCD4D8F8C0
:1098A800003049462046B362D8F804307362D8F8CD
:1098B8000830F3623268D8F8103022F440021343BB
:1098C800D8F80C2043F480033360C9F828204FF0FF
:1098D8000062FFF70BFD781C22681BD193681907FB
:1098E800FCD5082101234FF0000BD16084F84130EA
:1098F800C3E7B3689D06D2D5F6F77CFFA0EB0A0054
:10990800874212D3002FC4D10FE04FF0020B584604
:10991800BDE8F88F93681B07E3D4F6F76BFFA0EB5D
:109928000A00874201D3002FD5D1042384F841309F
:10993800636C43F0010363649FE700BF2DE9F047C0
:1099480004460F461646F6F755FF94F84030012BAB
:1099580045D0012384F8403094F84130012B5FFA58
:1099680083F907D04FF002090023484684F84030B5
:10997800BDE8F08700238046D4F848A063648223BA
:1099880084F84130BAF1FF3F256814D1AB689A06D4
:10999800FCD42B68726823F00803082A43EA020300
:1099A8002B6021D04FF04062394620464FF0000925
:1099B800FFF79CFCD8E7AB689B06EAD5F6F71AFFD9
:1099C800A0EB0800824502D3BAF1000FDAD10423D4
:1099D80084F84130636C43F001036364C4E74FF0DB
:1099E80002094846BDE8F087326810232A63EB6015
:1099F8002B6843F480132B60D4E700BF704700BF87
:109A080008B5006C00238363C36290F84130082BCB
:109A18000BD103680222DA601A6842F400321A6035
:109A28001A6842F002021A6008BD012380F841302A
:109A3800FFF7E4FF08BD00BF704700BF704700BFD5
:109A4800704700BF704700BF704700BF704700BF36
:109A5800704700BF38B5036804469A681968550707
:109A68000ED548030CD594F84120122A75D094F8E5
:109A78004120222A00F0A1802046FFF7E5FF38BDEB
:109A8800950726D5880324D50222DA601A6822F4BD
:109A9800E0221A6094F84120122A7AD094F84120E2
:109AA800222A00F0A98094F84120022A00F0D080F0
:109AB80094F84120082AE2D15A690121204622F06F
:109AC80040625A6184F84110636C3BBBFFF7B4FFF6
:109AD80038BD150725D4D50735D5C80333D5012595
:109AE800DD601A6822F470221A60626C42F0020289
:109AF80062641A68520779D51A68E06B22F004028A
:109B08001A60574B836504F0B5FD0028B7D0636C25
:109B1800204643F00403636484F84150FFF76EFF66
:109B280038BD0803D7D50822DA601A68520206D56C
:109B38001A68012122F410221A6084F84110204684
:109B4800FFF784FF38BDD00699D5CA0297D51022F1
:109B58002046DA60FFF77CFF38BD9A6850078BD53E
:109B680018460EE0626A127883F82020E16A2068BD
:109B78000139626AE1620132816862624D077FF5EC
:109B88007BAFE26A002AEDD1036823F480230360E7
:109B980072E71A68510709D51A68E16B22F00402C6
:109BA80009681A60CB6823F00103CB6001232046C3
:109BB80084F84130FFF746FF38BD9A6852077FF5B1
:109BC8005BAF18460EE093F82010226B1170A16B62
:109BD80020680139226BA163013281682263490739
:109BE8007FF54AAFA26B002AEDD1CDE7204684F875
:109BF8004150FFF703FF38BD1A6852071DD49A6811
:109C080012F47C5F0FD111E093F82010226B1170D1
:109C1800A16B20680139226BA1630132816822633C
:109C280011F47C5F02D0A26B002AEDD101232046FB
:109C380084F84130FFF704FF38BD1A68E16B22F061
:109C4800040209681A60CB6823F00103CB60EDE7D2
:109C58000123204684F84130FFF7F0FE38BD00BFED
:109C6800099A0008F8B501680546AC4B99421FD01F
:109C7800203399421CD003F57873994258D0203389
:109C8800994255D003F57873994200F01E8120332C
:109C9800994200F01A8195F89130A14E03F0FF0225
:109CA8006BB9284685F89020FBF7CCFE296806E0BA
:109CB8009C4E95F8913003F0FF02002BF1D09A4B9F
:109CC8009A4A1B68A2FB03230A681B0B22F4803202
:109CD8009B000A6023B30C68013B14F48034F9D16B
:109CE800022385F89130EB68012B00F01081022BDC
:109CF80015BF032023200227222715BF4FF0010C90
:109D08004FF0210C00222022AB68013B042B00F20B
:109D18004B81DFE813F0CF001000D6000F00D2000F
:109D2800D5F89430012043F04003C5F89430F8BDCD
:109D38007F4EBEE73A464FF400672B6A3260002B2D
:109D480044D0764B994200F01E817A48081AB0FA3E
:109D580080F04009002840F01681774B994200F0C6
:109D68000C812033994200F00881744B994200F02D
:109D7800FE802033994200F0FA80714B994200F03E
:109D88000881704B994200F00A81AB6900EB8000B2
:109D9800B3F5002F4FEA400300F0E280AA6A296A6F
:109DA800B2F1806F0CBF0222012201FB02F2120203
:109DB800B3FBF2F3644AA2FB0312D20802EB82015E
:109DC800A3EB4103092B08BF01326A626B6833F0C9
:109DD80002032B6D40F09680012B14BF4FF40074E2
:109DE8000024F6F71FFD696CB0F5005FD5E9003275
:109DF80042EA0102A96C42EA0102E96C42EA010264
:109E0800E96A42EA0102696942EA010272D3A96970
:109E180018680A43A96A0A434C490140196029692C
:109E28000A4319680A43696A42EA015248493A43AF
:109E380022431A605A68286B1140EA690243686B2A
:109E48005960024359680A4342495A609A68114066
:109E58006A6E9960E96D98680A43296E0A43696DCC
:109E680001390A43A96D013942EA012202434FF23E
:109E780020009A60D968AA6E0140D960E96ED86856
:109E88000A43696F42EA0142296F013942EA012215
:109E9800224902438B42DA6019D0294A934216D0EC
:109EA80000230122C5F89430184685F8903085F8CB
:109EB8009120F8BD4FF480673FE702464FF40067F2
:109EC8003BE762464FF4006737E7234EF1E6736CD1
:109ED80023F00103736495F83830012BE0D1D5E9FC
:109EE8000F23013A43EA02137364736C43F00103CE
:109EF8007364D5E7A96918680A43184901401960CD
:109F0800A96A8DE7012B08BF4FF4007469E7132095
:109F180012274FF0110C1022F6E600BF045801403A
:109F28000054005800580140440200241BECCB9513
:109F3800005C014024580140045C01400460014079
:109F48000454005824540058CDCCCCCC10C005F093
:109F5800F01FFFFF0080F8FF0060014010C005F807
:109F68002A6A696D01FB02F2B3FBF2F322E74FF4B0
:109F78000070F9F7FFF92968FFE64FF40070F9F768
:109F8800F9F92968F1E64FF48070F9F7F3F92968CF
:109F9800E3E64FF48060F9F7EDF92968F1E64FF44C
:109FA8000060F9F7E7F9F0E60027C6E6022938B5B8
:109FB800044635D9C81E012830D8002023676064BC
:109FC800E064E065A0664FF6FF706067606830F097
:109FD80002000CBF0125002504294FF40031256536
:109FE8000CBF01200D2021664FF48021A065616619
:109FF800032A13D8DFE802F0474E54362368484A4C
:10A00800934205D002F1C052A2F58232934205D1A3
:10A018006368012B02D1636C002B2FD0012038BD5F
:10A02800002023676064E064A066606830F0020086
:10A0380014BF0120002020654FF48030E0654FF602
:10A04800FF70606713F00100E8D14D1E012D29D87B
:10A0580060664FF400302066032ADFD8DFE802F09C
:10A068005546362CE0215B018022A1646365E266D7
:10A07800F6F7D8FB94F83830012BBFD02046BDE85E
:10A088003840FFF7EFBD80211B014022A1646365C2
:10A09800E266EDE780225B01A2646365E266E7E7BA
:10A0A800C021E0E720664FF480206066032AB5D817
:10A0B800DFE802F02B1C0C025B08E02080219A01EB
:10A0C800A0645B01E166C4E91523D1E75B08C022FF
:10A0D800802502294FEA8310A2644FEA4313E566FC
:10A0E8006065A365C4D10823A366C1E75B08802225
:10A0F80002294FEA8310A2644FEA4313E266C4E9D7
:10A108001503B5D11023A366B2E75B088020402170
:10A118005A01A0641B01E166C4E91523A8E700BF42
:10A12800045801402DE9F8430F4604461546F6F752
:10A1380061FB002F61D0B5FA85F84FEA5818002D59
:10A148005BD094F89130012B5FFA83F950D194F8E1
:10A158009030012B4CD04346C4F894800646D4F87E
:10A16800800065F30F03226884F89090394665F300
:10A178001F43A7671C32E3672B46122584F89150CA
:10A188002E4DC0F8508005642D4DC5632D4DC56416
:10A19800F6F7D0FE00283ED1636C082B636831D0F7
:10A1A80005216122023B012B98BF114622681369E1
:10A1B8000B431361136843F40033136006E0F6F7AA
:10A1C80019FB831BB3F57A7F2AD82268556915F4E1
:10A1D800E025F4D01368DB0303D4136843F4803319
:10A1E80013600023994684F890304846BDE8F88308
:10A1F8004FF002094846BDE8F8834FF00109484688
:10A20800BDE8F88323F00202012A0BBF15210521BE
:10A2180071226122C6E7484684F89080BDE8F88339
:10A22800D4F894304FF0030984F8905043F0400379
:10A238004846C4F89430BDE8F88300BF8DA30008F1
:10A2480025A300080DA40008F8B500294ED0B2FADD
:10A2580082F513466D09002A48D090F891200446EB
:10A26800012AD6B23FD190F89020012A3BD08167CD
:10A278000A462946222780F8906063F30F01C0F848
:10A28800945063F31F41C167D0F8840084F891703B
:10A298001E4F216807641E4F1C310565C7631D4F9B
:10A2A800C764F6F747FE20BB23681A68D20303D4B5
:10A2B8001A6842F480321A60626C082A62681CD0FC
:10A2C80005216120023A012A98BF01461A69002037
:10A2D8000A4306461A611A6842F400321A6084F882
:10A2E80090003046F8BD02263046F8BD01263046BB
:10A2F800F8BD304684F89050F8BD22F002010129DB
:10A308000BBF1521052171206120DBE7FDA30008A3
:10A3180099A300080DA40008704700BF08B5C369D9
:10A32800806BB3F5807F1BD003684FF0000C416C45
:10A338001A680829A0F87EC022F400321A60426820
:10A3480011D06FF0610C6FF00501023A012A98BF35
:10A3580061461A694FF0010C0A401A6180F891C0F1
:10A36800FFF7DAFF08BD22F0020101290BBF6FF0E9
:10A37800710C6FF0610C6FF015016FF00501E4E7E7
:10A38800704700BF806B08B5FFF7FAFF08BD00BF34
:10A3980008B5C369806BB3F5807F1BD003684FF0A5
:10A3A800000C416C1A68082922F400321A604268CD
:10A3B800A0F87EC011D06FF0610C6FF00501023A71
:10A3C800012A98BF61461A694FF0010C0A401A61C8
:10A3D80080F891C0FBF73CFC08BD22F0020101297E
:10A3E8000BBF6FF0710C6FF0610C6FF015016FF01F
:10A3F8000501E4E7806B08B5FBF7EEFB08BD00BF7D
:10A40800704700BF10B5846BF7F79EFA022823D077
:10A41800D4F89420216842F08002134B1348C4F802
:10A4280094201B680A68A0FB030322F400321B0B6C
:10A438000A600A689B0022F480320A606BB10A68DD
:10A44800013BD203FAD401220023204684F891204C
:10A45800A4F87E30FFF7D4FF10BDD4F8943043F051
:10A468004003C4F89430EEE7440200241BECCB957B
:10A4780018B338B590F82C3004460D4603F0FF02A7
:10A48800B3B12146022384F82C3051F8040B01F0B3
:10A498009DFD62682946206801F0D6FD084A012121
:10A4A8000020136843F00043136084F82C1038BD73
:10A4B80080F82D20F9F764FBE3E70120704700BF1F
:10A4C8000040005270B590F82C300446022BD8B2E8
:10A4D80004D000F0FB06012E01D0012070BD02233C
:10A4E8000D46206884F82C3001F0FAFD2B68022B09
:10A4F80003D0002084F82C6070BD0523002084F868
:10A508002C3070BD38B590F82C300446022BD8B2E8
:10A5180005D094F82C30012BDDB201D0012038BDD4
:10A528000223206884F82C3001F0EEFD002084F826
:10A538002C5038BDF8B5D0F88070202F44D10029B0
:10A5480040D0B2FA82F67609002A3BD0044690F849
:10A558007C00012838D001252123606FA4F85620FB
:10A568002165C4F88860A4F8542084F87C50C4F8A5
:10A578008030D8B1DFF854C013462268C0F83CC018
:10A58800DFF84CC028320665C0F840C0DFF844C088
:10A59800C0F84CC0F6F7CEFC40B11023284684F82A
:10A5A8007C60C4F88830C4F88070F8BD2368002245
:10A5B80040211046196284F87C209A6842F0800293
:10A5C8009A60F8BD0120F8BD0220F8BD8DA60008EC
:10A5D800BDA600080DA70008F8B5D0F88470202F94
:10A5E80048D1002944D0B2FA82F67609002A3FD031
:10A5F80090F87C300446012B3CD001252223C0F87A
:10A6080088608165A0F85C2080F87C50C0F88430B0
:10A61800806FE0B1DFF860C013460A462168C0F8D1
:10A628003CC0DFF858C024310665C0F840C0DFF8E8
:10A6380050C0C0F84CC0F6F77DFC40B11023284646
:10A6480084F87C60C4F88830C4F88070F8BD23684A
:10A65800002084F87C001A6842F480721A609A68B4
:10A6680042F001029A609A6842F040029A60F8BD8E
:10A678000120F8BD0220F8BDC9A6000801A70008FE
:10A688000DA7000808B5C369806BB3F5807F0CD0AF
:10A6980003680022A0F856209A6822F080029A6087
:10A6A8001A6842F040021A6008BDFCF7F3F908BDC9
:10A6B800704700BF806B08B5FFF7FAFF08BD00BF01
:10A6C80008B5C369806BB3F5807F12D00368002298
:10A6D8002021A0F85E201A6822F480721A609A6815
:10A6E80022F001029A609A6822F040029A60C0F84B
:10A6F8008410FCF7D3F908BD806B08B5FCF718FA8D
:10A7080008BD00BF806B38B50368D0F88040D0F82A
:10A7180084109A68150601D5212C1DD09A68520616
:10A7280001D5222908D0D0F8883043F01003C0F8AA
:10A738008830FCF745FA38BD00240F4A2025A0F8D8
:10A748005E40196821F49071196099680A409A600E
:10A75800C0F88450C466E6E700222024A0F85620FA
:10A768001A6822F0C0021A609A6822F400029A60FD
:10A77800C0F88040D2E700BFFEFFFFEF0268D36950
:10A7880070B51E0715680446916800F084806C480F
:10A7980005F4907C08405CEA00061DD1D80202D579
:10A7A8004E0200F19D80180606D501F4000105F05F
:10A7B8008000014340F08C805E0602D5680600F1F7
:10A7C8009B80190202D56A0000F1A380DB0102D543
:10A7D800002DC0F2AA8070BDDE0709D5EE0507D5A9
:10A7E80001261662D4F8886046F00106C4F888602D
:10A7F8009E0760D5CE0709D502261662D4F8886070
:10A8080046F00406C4F888605E0758D41E070CD5C5
:10A8180005F0200C5CEA000007D008201062D4F88C
:10A82800880040F00800C4F88800D4F888000028A0
:10A83800D1D09E0606D505F0200501F0805155EAD5
:10A8480001036BD1D4F88850936805F0080503F02C
:10A8580040031D436ED0116820203A4B21F49071BB
:10A86800116091680B4000219360C4F884009368DC
:10A87800E1665D063CD59368A06F23F040039360C2
:10A88800002835D0304B0365F6F774FC0028A2D0B9
:10A89800A06F036D0CE09E0680D505F0200C01F03A
:10A8A800805E5CEA0E063FF479AFC36E002B92D04F
:10A8B800BDE8704018475E07A8D5CE07A6D5042680
:10A8C8001662D4F8886046F00206C4F888609DE7EE
:10A8D800236F002B3FF47FAF2046BDE87040184738
:10A8E8004FF4801320461362BDE8704001F068BB46
:10A8F8002046FCF765F970BD13682020002123F07D
:10A9080040031360C4F8800020462167FCF7C2F8B2
:10A9180070BD2046BDE8704001F056BBE36E002BC9
:10A9280090D02046984722688CE72046BDE87040C2
:10A9380001F048BB2046FCF743F9C4F8885070BDC5
:10A9480001000010FEFFFFEF55A9000808B5806B55
:10A958000023A0F85E30A0F85630FCF731F908BDA6
:10A96800D0F88020D0F8840010437047F0B5826892
:10A97800044687B02368D0E904101D680A43616E55
:10A988000243E06902430A43A8492940A84D0A4303
:10A99800E168AB421A605A6822F4405242EA010266
:10A9A800A1695A6000F09D80226A9D681143A14AFE
:10A9B800666A2A4011439960DA6A22F00F0232432C
:10A9C800DA629D4A934224D09C4A934255D09C4ACD
:10A9D800934200F02F829B4A934200F09B829A4A4E
:10A9E800934200F0E980994A934200F09D82984A88
:10A9F800934200F0D885974A934200F0D682012509
:10AA080000234FF0011228462367C4E91A2307B030
:10AA1800F0BD914B5B6D03F03803282BEFD88F4ABC
:10AA2800D55CB0F5004F33D0202D00F2D981202D10
:10AA380000F2B680DFE815F0A8017B01B400B4008D
:10AA48007201B400B400B4004901B400B400B40009
:10AA5800B400B400B400B4001C01B400B400B400E5
:10AA6800B400B400B400B400B400B400B400B4003E
:10AA7800B400B400B400B400CA00774B5B6D03F0B7
:10AA88000703052BBBD8764AB0F5004FD55CCBD170
:10AA9800202D00F21482202D00F20082DFE815F04C
:10AAA8008A035804FE01FE012804FE01FE01FE018E
:10AAB8008604FE01FE01FE01FE01FE01FE01FE010B
:10AAC800F203FE01FE01FE01FE01FE01FE01FE0190
:10AAD800FE01FE01FE01FE01FE01FE01FE01FE0176
:10AAE800B7039868534A02405B480A439A60DA6A97
:10AAF800616A22F00F020A43DA62836D03F00703EA
:10AB0800052B3FF67CAF574AD65C202E00F29C817D
:10AB1800012E7FF674AFB31E1E2B3FF670AF01A255
:10AB280052F823F0E3B0000807AA00088DB0000827
:10AB380007AA000807AA000807AA000857B10008D2
:10AB480007AA000807AA000807AA000807AA000819
:10AB580007AA000807AA000807AA0008F7B0000813
:10AB680007AA000807AA000807AA000807AA0008F9
:10AB780007AA000807AA000807AA000807AA0008E9
:10AB880007AA000807AA000807AA000807AA0008D9
:10AB980007AA000807AA000807AA00086DB100085C
:10ABA80001250023A3F110014FF6EF7291423FF601
:10ABB80026AF2268D36023E7274B5B6D03F00703BA
:10ABC800052B3FF61CAF284AD55C2AE7002E00F07B
:10ABD800B581012E00F09E85022E00F0B185032E6E
:10ABE80000F0D885042E00F0F485052E00F0848648
:10ABF800062E00F0BE86072E00F0FD86082E00F017
:10AC08005087092E00F07B870A2E00F0DC8743F678
:10AC18000953164A0B2E18BF13466268002503EB2A
:10AC28005203B3FBF2F39BB2BCE700BFF369FFCF5B
:10AC3800000C0058FFF4FF110010014000440040D0
:10AC480000480040004C0040005000400014014003
:10AC580000780040007C00400044025850F800088A
:10AC68007CF8000884F800087CF8000800093D001A
:10AC7800B34B1A68920640F16F811A68B14BC2F360
:10AC8800C102D340002EC8D0012E00F0EF81022E61
:10AC980000F0C584032E00F0BF84042E00F02B853D
:10ACA800052E00F09D86062E00F0DC86072E00F0AB
:10ACB8001C86082E00F04E86092E00F08E860A2E7D
:10ACC80000F0E3860B2EA8D126E003A8F8F7D6F902
:10ACD800626A049B002AA0D0012A00F0C781022AD8
:10ACE80000F09D84032A00F09784042A00F003856D
:10ACF800052A00F0FD84062A00F07E85072A00F068
:10AD0800F485082A00F02686092A00F066860A2AB1
:10AD180000F0BB860B2A80D11B0A7EE76846F8F74D
:10AD2800EFF8626A019B002A3FF477AFD4E7F7F7A0
:10AD380087FA636A03B3012B00F0F384022B00F057
:10AD4800CE84032B00F0C884042B00F01785052B54
:10AD580000F01185062B00F00686072B00F04886C8
:10AD6800082B00F09B86092B00F0E1860A2B00F0E7
:10AD78003B870B2B08BF000A6268002500EB5203D3
:10AD8800B3FBF2F39BB20DE7F7F73EFA636A03B33E
:10AD9800012B00F0C984022B00F0A784032B00F0DC
:10ADA800A184042B00F0E484052B00F0DE84062B3C
:10ADB80000F0E685072B00F03686082B00F0878622
:10ADC800092B00F0B1860A2B00F0FA860B2B08BF7E
:10ADD800000A626800EB5203B3FBF2F39BB2E1E6B0
:10ADE800402D7FF40CAE002E00F0DC80012E00F028
:10ADF8009484022E00F0A784032E00F0C784042E4A
:10AE080000F0EC84052E00F07A85062E00F0B4855B
:10AE1800072E00F0FE85082E00F04986092E00F066
:10AE28008B860A2E00F029870B2E0CBF80234FF447
:10AE38000043F2E6424B5B6D03F00703052B3FF638
:10AE4800DEAD414AD55CECE5402E7FF4D8AD002953
:10AE580000F0B580012900F06E84022900F0828498
:10AE6800032900F0AF84042900F03B85052900F090
:10AE78006985062900F0AD85072900F0EF850829C6
:10AE880000F03686092900F05B860A2900F0F98669
:10AE98000B290CBF80254FF4004592E001250023C3
:10AEA800A3F110014FF6EF7291423FF6A8AD23F0DF
:10AEB8000F02C3F3420313432268D360A0E5402D79
:10AEC8007FF49DAD002E00F0D380012E00F0D280DB
:10AED800022E00F06D84032E00F0F484042E00F09E
:10AEE8002585052E00F06885062E00F0C285072E00
:10AEF80000F01086082E00F04886092E00F05986CA
:10AF08000A2E00F0EC860B2E0CBF4FF480704FF425
:10AF18008030AFE00A4B5B6D03F00703052B3FF66B
:10AF28006EAD0A4AD55C7CE5054B5B6D03F03803D2
:10AF3800282B3FF664AD064AD55C72E5054B6CE6F6
:10AF4800004402580090D0037CF800087CF8000800
:10AF580050F8000800093D00002E00F0BA83012EC9
:10AF680000F0FD83022E00F02A84032E00F0B68440
:10AF7800042E00F0E484052E00F02885062E00F04B
:10AF88008785072EDAD0082E00F0C483092E00F03A
:10AF9800D7830A2E00F01D84B44BB54A0B2E18BF78
:10AFA80013463AE64FF4004337E6B24B5B6D03F0C5
:10AFB8000703052B3FF623ADAF4AD55C31E54FF4C7
:10AFC8000045676807EB4703AB423FF618ADB5EBA2
:10AFD800073F3FF614AD202E00F2F082012E7FF6D7
:10AFE8000EAD023E1E2E3FF60AAD01A353F826F021
:10AFF80035B5000807AA00080BB5000807AA00081D
:10B0080007AA000807AA0008A9B4000807AA0008A8
:10B0180007AA000807AA000807AA000807AA000844
:10B0280007AA000807AA00083DB4000807AA0008F4
:10B0380007AA000807AA000807AA000807AA000824
:10B0480007AA000807AA000807AA000807AA000814
:10B0580007AA000807AA000807AA000807AA000804
:10B0680007AA000807AA0008C5B300085B08D4E5CA
:10B078004FF480306268002500EB5203B3FBF2F313
:10B088009BB20DE76846F7F73BFF636A019D03B380
:10B09800012B00F0CF82022B00F0C782032B00F0B7
:10B0A800C182042B00F02F83052B00F02983062B87
:10B0B80000F09883072B00F02684082B00F04D84BD
:10B0C800092B00F09B840A2B00F0FB840B2B00F06B
:10B0D8006582002D3FF494AC73E7F7F7FFFE636ACF
:10B0E8000546002BD4D1002D3FF48AAC69E7614BAB
:10B0F8001A68950640F1A5821B685D4DC3F3C1032C
:10B10800DD4000293FF45DAF012900F04D8302299D
:10B1180000F04683032900F04083042900F04584A9
:10B12800052900F08384062900F0D484072900F05B
:10B138002085082900F04F85092900F0F9850A299A
:10B1480000F0FD850B297FF43CAF2D0A39E703A8F1
:10B15800F7F794FF636A049D002B99D1002D3FF403
:10B168004FAC2EE7002900F06A82012900F0DF8247
:10B17800022900F0F282032900F02883042900F054
:10B18800AA83052900F0D883062900F02E84072910
:10B1980000F06184082900F0AF84092900F0EF84E9
:10B1A8000A2900F0148543F60955344B0B2918BFBA
:10B1B8001D4606E7F7F728F8636A03B3012B00F08A
:10B1C800CA82022B00F0F782032B00F07F83042B46
:10B1D80000F0B083052B00F0EB83062B00F05084C1
:10B1E800072B00F09E84082B00F0B984092B00F08F
:10B1F800E4840A2B00F070850B2B08BF000A6168F5
:10B208004A0802EB4003B3FBF1F39BB248E6002E79
:10B2180000F03A82012E00F09A82022E00F0C682D7
:10B22800032E00F04D83042E00F07E83052E00F0DF
:10B23800BA83062E00F02184072E00F06F84082EB2
:10B2480000F08284092E00F0CC840A2E00F06C8570
:10B2580047F612230A4A0B2E18BF134662680025C8
:10B2680003EB5203B3FBF2F39BB219E690D0030051
:10B278000090D003004402587CF8000800093D0003
:10B2880000127A00A44B1A68910640F1FF811A68EF
:10B29800A24BC2F3C10223FA02F206B3012E00F058
:10B2A800B182022E00F03783032E00F06F83042E44
:10B2B80000F0C683052E00F00084062E00F06F848F
:10B2C800072E00F07184082E00F00385092E00F087
:10B2D8003C850A2E00F036850B2E08BF120A6168DD
:10B2E80000254B0803EB4203B3FBF1F39BB2D7E510
:10B2F8006846F7F705FE626A019902B3012A00F071
:10B308000782022A00F01A82032A00F03A82042AED
:10B3180000F06282052A00F0EB82062A00F016830C
:10B32800072A00F07483082A00F0A183092A00F094
:10B3380001840A2A00F05B840B2A08BF090A6268A4
:10B348000025530803EB4103B3FBF2F39BB2A7E5D7
:10B35800F6F776FF636A03B3012B00F0FA81022B3C
:10B3680000F02B82032B00F08382042B00F0DA829A
:10B37800052B00F02583062B00F06983072B00F0CE
:10B38800C283082B00F0EE83092B00F07E840A2B81
:10B3980000F08D840B2B08BF000A616800254A085D
:10B3A80002EB4003B3FBF1F39BB279E503A8F7F78F
:10B3B80065FE626A0499002AC1D09FE7616A002984
:10B3C80000F05482012900F01F83022900F08B83CA
:10B3D800032900F0BF83042900F00084052900F048
:10B3E800AA84062900F08E84072900F0878408299A
:10B3F80000F0E584092900F0DE840A2900F0A88419
:10B408004748484B0B2918BF184600217B083A4685
:10B4180018184FF0000341F10001F4F759FFA0F5A7
:10B428004073414A93423FF6EAAA23680025D86050
:10B43800FFF7E6BA384A116811F0200100F0E781F9
:10B44800136800213548C3F3C103D840636A0BB3BE
:10B45800012B00F04B83022B00F07F83032B00F0BD
:10B468000584042B00F05D84052B00F02C84062B4A
:10B4780000F0A984072B00F0B484082B00F0AD84F9
:10B48800092B00F094840A2B00F08D840B2B01D13A
:10B49800000A00210902030241EA10617808B6E7B0
:10B4A80003A8F7F7EBFD0498636A002102460BB383
:10B4B800012B00F03582022B00F08682032B00F06E
:10B4C800C182042B00F02183052B00F04D83062B4D
:10B4D80000F09083072B00F02184082B00F00B84E8
:10B4E800092B00F004840A2B00F052840B2B01D1A5
:10B4F800100A002162680902030241EA106150083B
:10B5080086E76846F7F7FCFC0198636A0021024663
:10B51800002BEFD0CCE700BF004402580090D003C6
:10B5280000093D000000093DFFFC0F00F7F7D6FCBD
:10B53800626A002103460AB3012A00F06E82022AD9
:10B5480000F0B982032A00F02483042A00F09383D0
:10B55800052A00F0A683062A00F0DA83072A00F0FD
:10B56800D583082A00F01C84092A00F015840A2AC9
:10B5780000F02F840B2A01D1030A00216268090216
:10B58800180241EA13615308C0184FF0000341F153
:10B598000001F4F79DFEA0F5407342E72D0A002D47
:10B5A8003FF42EAA0DE5B54B5B6D03F00703052BA1
:10B5B8003FF625AAB24AD55CFFF733BA402E7FF48E
:10B5C8001EAA616A002900F04E81012900F0278235
:10B5D800022900F08482032900F0CE82042900F0B9
:10B5E8005783052900F05983062900F06883072945
:10B5F80000F06083082900F0B783092900F0AF83C1
:10B608000A2900F0C0830B294FF000010CBF4FF44A
:10B6180000404FF40000F9E69A4AA2FB03239B0876
:10B62800FFF7FBBA974BA3FB0535AD08002D3FF498
:10B63800E7A9C6E46D08002D3FF4E2A9C1E4924DE4
:10B64800BFE400295AD0012900F0AC80022900F09B
:10B65800DB80032900F06181042900F0A18105291C
:10B6680000F0EB81062900F016820729E7D00829A7
:10B678005DD0092971D00A2900F02D81834D844BB2
:10B688000B2918BF1D469CE4824BE7E5002E50D0DD
:10B69800012E00F0AF80022E00F03B81032E00F057
:10B6A8007A81042E00F0C781052E00F0FD81062E58
:10B6B80000F04D82072EE7D0082E48D0092E75D00D
:10B6C8000A2E00F03181744B744A0B2E18BF1346B2
:10B6D800C4E56F4BFFF7A1BA6A4BA3FB00308008A3
:10B6E800FFF74ABB674BA3FB00308008FFF771BB2D
:10B6F8006B4AA2FB0323DB08FFF78FBA644D60E4B3
:10B70800674BA3FB0535ED08002D3FF479A958E4F4
:10B71800490814E6634BFFF780BA4FF48043FFF7FC
:10B728007CBA4008FFF728BB4008FFF752BB5D4DC5
:10B7380047E45A4B92E54FF4804542E48908FEE518
:10B74800594BFFF76ABA4FF40053FFF766BA4E4BEE
:10B7580084E5400821E6400851E5534D31E4534B58
:10B76800FFF75BBA4FF400552BE44D4BA3FB0030B9
:10B77800C008FFF72EBB4A4BA3FB0030C008FFF7F9
:10B78800FBBA404BA3FB01239908D8E541F2555376
:10B79800FFF743BA464BFFF740BA3A4BA3FB0535D0
:10B7A800AD080EE4414D0CE46D080AE43D4B55E547
:10B7B8004FF480405EE4800821E58008EDE53D4BCC
:10B7C800FFF72BBA41F25555FFF7FBBB384DFFF792
:10B7D800F8BB314BFFF721BAC908B0E54FF48053E5
:10B7E800FFF71BBA0C23B5FBF3F5002D3FF408A9AE
:10B7F800FFF7E7BB264B31E5224AA2FB0323DB0810
:10B80800FFF70BBA52086AE52A4DFFF7DABB626AFE
:10B81800002A00F0C280012A00F07981022A00F093
:10B82800B281032A00F0C381042A00F05E82052A4F
:10B8380000F05982062A00F09E82072A00F09982B9
:10B84800082A00F09D82092A00F097820A2A00F04F
:10B8580083820B2A184A0E4B0EBF00210321134680
:10B8680078083A4690E64FF40000CFE51348CDE556
:10B87800044BA3FB002398088FE500BF004402583F
:10B888007CF80008ABAAAAAA00093D0090D00300E2
:10B898000090D00300127A0020A107000020A10721
:10B8A800CDCCCCCC80841E0040420F000048E8017B
:10B8B8002A2C0A000024F400000090D00000093D62
:10B8C800CF4BCBE442F6AA20FFF7D4BBCD4BA3FB6A
:10B8D8000023980893E4CC4DFFF773BBCB4BFFF7DD
:10B8E8009CB94FF48055FFF76CBB1B09FFF795B95E
:10B8F8000A23B1FBF3F122E5C54BFFF78EB940F6F9
:10B90800CC43FFF78AB92D09002D3FF479A8FFF73A
:10B9180058BBC04BA2E49208E1E4BC4DFFF751BB11
:10B928004008E7E5C00838E5BB4B97E44FF4005002
:10B93800FFF7A0BBC00862E4B54DFFF742BBB74BA9
:10B94800FFF76BB940F6CC45FFF73BBB0C23B1FBC7
:10B95800F3F1F4E45B09FFF760B96D09002D3FF4DA
:10B968004FA8FFF72EBBA74BA3FB0030C008FFF77B
:10B9780003BAAB4BFFF751B940F6AA23FFF74DB90D
:10B98800A04BA3FB0030C008FFF723BA9D4BA3FBD5
:10B9980002239A08A3E4A34B60E4A34B03215FE7C7
:10B9A8009E4DFFF70EBBA14B58E4ED08FFF709BB0E
:10B9B8000A23B0FBF3F022E441F69810FFF75ABBD4
:10B9C8000A23B0FBF3F0E8E4800893E5984BFFF70F
:10B9D80024B940F6AA25FFF7F4BA9B09FFF71DB969
:10B9E8000A22B3FBF2F3FFF718B98D4DFFF7E9BA56
:10B9F8000009FFF7C1B98F4BFFF70FB9AD09002D4B
:10BA08003EF4FEAFFFF7DDBA8B480021FEE40909DA
:10BA180095E44FF40063FFF700B94308AEE54FF42F
:10BA280080000021F2E40009FFF7D3B90A23B5FB2F
:10BA3800F3F5FFF7C6BA814B10E47D4DFFF7C1BAA5
:10BA4800D2084CE406220023F4F742FC52E50C230A
:10BA5800B0FBF3F0A1E4774DFFF7B3BA4FF40065FC
:10BA6800FFF7AFBA0C22B3FBF2F3FFF7D6B84909D8
:10BA780065E441F25450FFF7FDBA714BFFF7EEBB96
:10BA88000C23B0FBF3F0FFF7BABBDB09FFF7C5B82F
:10BA98006C4BFFF7C2B86B4DFFF793BA4009FFF73D
:10BAA8006BB9694BFFF7B9B8684BFFF7D7BB4FF4D1
:10BAB8008063FFF7B2B8830860E50A23B2FBF3F2AC
:10BAC8000DE4ED09002D3EF49BAFFFF77ABA40096B
:10BAD800FFF77FB90C23B5FBF3F5FFF772BA4FF404
:10BAE8000010002192E45A4800218FE44008D1E474
:10BAF8004FF48065FFF765BA534DFFF762BA4FF20E
:10BB08002443FFF78AB8000947E4C008F2E4514B20
:10BB18001146A5E64FF48050FFF7ACBA3A4BFFF751
:10BB28009DBB0009FFF76BBB8009FFF752B980097D
:10BB3800FFF722B9890902E44FF40073FFF76DB8E3
:10BB48004FF40075FFF73DBA3A4BFFF787BB2F4B11
:10BB5800FFF784BB4048002158E480089AE4400974
:10BB6800FFF74DBB400918E40A220023F4F7B0FBA5
:10BB7800C0E42D09FFF725BA3848002146E44FF202
:10BB88002445FFF71EBA364B6AE64FF40060FFF70C
:10BB980071BA00230622F4F79BFB0346EEE40C235C
:10BBA800B2FBF3F2FFF79BBB1209FFF798BB2D4BD3
:10BBB80056E64FF48060FFF75DBA8009FFF71FBBB8
:10BBC800C009FFF706B947F61223FFF726B847F66C
:10BBD8001225FFF7F6B96D09FFF7F3B922480021DE
:10BBE80014E4194BFFF73ABBC009FFF7C5B8C909F8
:10BBF800FFF7A5BB0C220023F4F76AFB7AE400BF29
:10BC080054581400ABAAAAAA20A10700AAC2A200ED
:10BC1800801A06000048E80140420F0000127A002E
:10BC28001516050054854501000090D000350C001C
:10BC380000A8610090D003000080841E0024F40056
:10BC48002A2C0A005561510048E801000050C30041
:10BC58000040420F000048E8002A2C0A0055150051
:10BC6800000024F400AAC2A20020A1070622002393
:10BC7800F4F72EFB0EE4C30880E44FF48073FEF75C
:10BC8800CCBF4FF48075FFF79CB98009FFF785BBDF
:10BC98004FF480100021FFF7B9BB53480021FFF78C
:10BCA800B5BB00230A22F4F713FB034666E4C00978
:10BCB800FFF773BB4FF400200021FFF7A7BB4B48E9
:10BCC8000021FFF7A3BB0A220023F4F701FBFFF7CB
:10BCD800E1BB5209FFF703BBC009FFF790BA4FF465
:10BCE8000070FFF7C7B9424BBAE5424BB8E5900977
:10BCF8000021FFF7FFBB4009FFF7FCBB3E480021CE
:10BD0800FFF784BB3D480021FFF780BB030935E4FA
:10BD180000230C22F4F7DCFA03462FE40009FFF7AE
:10BD2800E9BBC008FFF7B6BB4FF22443FFF796BA4A
:10BD3800AD09FFF746B932480021FFF767BBED09A7
:10BD4800FFF73FB9D209FFF7CABA9209FFF7C7BA96
:10BD58002C480021FFF75ABB2B4B002180E54FF4FC
:10BD680000300021FFF752BB4FF480200021FFF77D
:10BD78004DBB264B74E5264B72E5264B00216FE53B
:10BD8800254B00216CE54FF480300021FFF73EBBC6
:10BD9800D0090021FFF7AEBB83090021FFF7EEBBF6
:10BDA8004309FFF7EBBBC0090021FFF773BB80090C
:10BDB8000021FFF76FBB19480021FFF727BB184880
:10BDC8000021FFF723BB0C220023F4F781FAFFF7C9
:10BDD80061BBC3090021FFF7D1BB40090021FFF770
:10BDE80059BB0009FFF756BB00CC0C0000AA0A009B
:10BDF8000000A8610000127A0090D0030015160513
:10BE080000801A0600127A000020A1070000093DF0
:10BE1800005561510040420F0080841E0024F40048
:10BE28000048E801836ADA0710B406D50168C46AD5
:10BE38004A6822F4003222434A609C0706D501680A
:10BE4800046B4A6822F4803222434A60590706D5B7
:10BE58000168446B4A6822F4802222434A601A0728
:10BE680006D50168846B4A6822F4004222434A607E
:10BE7800DC0606D50168C46B8A6822F48052224326
:10BE88008A60990606D50168046C8A6822F4005213
:10BE980022438A605A060AD50168446C4A68B4F598
:10BEA800801F22F4801242EA04024A600BD01B066B
:10BEB80006D50268C16C536823F400230B43536012
:10BEC8005DF8044B70474A68846C22F4C002224330
:10BED8004A60ECE7002370B50446C0F88830F4F7F0
:10BEE80089FC054623681A6811070CD41A6852079A
:10BEF80025D420220023C4F880201846C4F88420C2
:10BF080084F87C3070BDDE6916F40016EED1F4F7C3
:10BF180071FC431BB3F1007F2368F4D31A68202116
:10BF2800032022F4D0721A609A6822F001029A6003
:10BF3800C4F8801084F87C60C4F8841070BDDE6991
:10BF480016F48006D5D1F4F755FC431BB3F1007FF6
:10BF58002368F4D3E2E700BF80B3D0F8803010B58F
:10BF6800044633B3226824232046C4F8803013687B
:10BF780023F001031360FEF7F9FC012817D0A36A28
:10BF88008BB9236820465A6822F490425A609A680E
:10BF980022F02A029A601A6842F00102BDE81040B5
:10BFA8001A60FFF797BF2046FFF73CFFE9E701203B
:10BFB80010BD80F87C30FAF7C1FAD3E7012070474A
:10BFC800704700BF704700BF704700BF0B6810B4D0
:10BFD800D3B90468A3F500434A6823401343D1E961
:10BFE800024223431343D1E9044223431343D1E9D3
:10BFF800064223431343D1E9084223435DF8044B27
:10C0080013430360002070470268D1E9074322F414
:10C01800F84222434C6A1A430A4B224302604268A0
:10C028001340D1E9014223431343D1E90342234397
:10C038001343D1E9054223435DF8044B134343609E
:10C04800002070470080FFFF30B40ABB8368D1E945
:10C05800002403F07043013C013A43EA04131343FC
:10C06800D1E90224013A013C43EA022343EA0432BB
:10C07800D1E904348969013B013C013942EA0343AF
:10C0880043EA045343EA016330BC836000207047ED
:10C098008268CC68114B013C13404A6943EA043377
:10C0A800541E43EA0454D1E900258460C3686C1E19
:10C0B800013A03F0704343EA04130C691A438B688E
:10C0C800013C8969013B013942EA032343EA0443FD
:10C0D80043EA016330BCC36000207047FF0F0FFFC5
:10C0E8000246D1E9003010B403431469D1E90210C3
:10C0F80023435DF8044B013943EA4023002043EA17
:10C1080041131361704700BF0246054B002010B46D
:10C11800546923405DF8044B43EA4101516170477B
:10C1280001C0FFFF022A82B0844613D0092301937D
:10C13800DCF80C30002023F47053CCF80C30019B51
:10C14800DCF80C209B0203F470531343CCF80C303A
:10C1580002B07047224B234A0B44934207D9224B23
:10C16800224A0B44934205D80E230193E0E70F239C
:10C178000193DDE71E4B1F4A0B44934207D91E4B20
:10C188001E4A0B44934205D20C230193D0E70D239A
:10C198000193CDE71A4B1B4A0B44934202D80B2359
:10C1A8000193C5E7184B194A0B44934202D20A235C
:10C1B8000193BDE7164B174A0B449342B6D3164B6F
:10C1C800164A0B44934202D208230193B0E7144B5A
:10C1D800144A0B44934234BF072306230193A7E76D
:10C1E800405327FFFF340C00401E1BFF3F420F0047
:10C1F80000DC0BFF7F4F1200808CF9FE20D6130065
:10C2080060B6E5FE5FE3160000D3CEFE40771B0064
:10C21800C05BB3FEC091210000CA91FE20753800B2
:10C22800E05459FEE09C4100890182B000230A4A8B
:10C2380041F020010193016103E0036913F0200339
:10C2480007D0019B013393420193F6D9032002B032
:10C258007047184602B07047400D0300D0F8083800
:10C2680082B003F006030193019838B101980228BF
:10C2780004D0019B062B0CBF02200F2002B0704790
:10C2880030B44B780A78012B20D002F00F0C4FF411
:10C298008033D0F81C4800EB421203FA0CF3234316
:10C2A800C0F81C38D2F8003B1B040CD48B68D2F8B9
:10C2B800004BC3F30A03C8781449234343EA804375
:10C2C8001943C2F8001B002030BC704700F5006419
:10C2D80002F00F0500EB4210AB40E5692B43E36128
:10C2E800D0F800391C04EED48B68D0F80059C3F399
:10C2F8000A03CC7805492B4343EA844343EA825234
:10C30800114330BCC0F800190020704700800010AD
:10C318002DE9F0414B7891F800C0012B51D000EB8A
:10C328004C1C844CDCF8105B0CF530632C401C6111
:10C33800814C1D692C401C614C6984B38D68012AAD
:10C348007E4E2C4404F1FF34B4FBF5F406EAC44EE7
:10C35800A4B205FB04F41D694EEA0505C4F31204F2
:10C368001D611D6944EA05041C6125D0CB78012BA9
:10C378000CD1D0F8083813F4807FDCF8003B0CBFF0
:10C3880043F0005343F08053CCF8003BDCF8003B0B
:10C3980043F00443CCF8003B0020BDE8F0818C68F2
:10C3A800012A1D69C4F3120444EA05041C611C69CE
:10C3B80044F400241C61D9D1CA68002AD6D05A6135
:10C3C800D4E74D69002D3DD000EB4C14594ED1F8FF
:10C3D80008E0D4F81089584F08EA0606C4F810692E
:10C3E80005EB0E06013EB6FBFEFED4F81069374099
:10C3F800524EC4F8107906EACE46D4F810793E4376
:10C40800C4F81069C5F31206D4F810793E43C4F88D
:10C41800106904F5106691F803E0BEF1010F57D0DA
:10C42800012A72D0D4F800290CF00F0C42F0044213
:10C4380003FA0CF3C4F80029D0F834281343C0F8E1
:10C448003438A9E700EB4C133B4E3A4C012AD3F899
:10C45800107906EA0706C3F81069D3F8106946F49C
:10C468000026C3F81069D3F8106904EA060403F536
:10C478001066C3F8104991F803E03AD0D3F80049A0
:10C48800BEF1010F44F00444C3F8004984D1D0F848
:10C49800083813F4807F33680CBF43F0005343F02F
:10C4A80080533360002A7FF477AFADB20335AD080F
:10C4B8003FF472AFCB6800EB0C3C03EB85010CF545
:10C4C800805C53F8042B8B42CCF80020F9D163E749
:10C4D8003369012A23F0C0433361336943F00053C1
:10C4E800336117D0D4F8003943F00443C4F8003955
:10C4F800CDE70B6963B9BEF1010F0ED03368002098
:10C5080043F004433360BDE8F0810B69002BF5D09C
:10C518007361F0E70B69002BFAD1D0F8083813F4EF
:10C52800807F33680CBF43F0005343F0805333607F
:10C53800E4E700BF0000F8FFFFFF07E00000F81F76
:10C54800F0B54C780B78012C26D000EB4310574CF3
:10C55800D0F8105B00F530632C401C61544C1D6909
:10C568002C401C614C69A4B98C681D69C4F3120481
:10C57800012A45F400251D611D6944EA05041C6172
:10C5880049D0D0F8003B43F00443C0F8003B0020FA
:10C59800F0BD8C684C61E8E74C69002C40D000EB9A
:10C5A8004315424FD1F808E0D5F810C9404E7445FC
:10C5B8000CEA070705F5106CC5F81079D5F810795D
:10C5C80006EA0706C5F8106958D9DCF81040012AB0
:10C5D800C1F814E044F40024CCF81040CEF312045F
:10C5E800DCF8106044EA0604CCF810403AD0D5F8DC
:10C5F800002942F00442C5F80029BEF1000FC6D058
:10C6080003F00F010123D0F834288B401343C0F8FE
:10C6180034380020F0BDCA68002AB2D05A61B0E7A9
:10C6280000EB4310224B012AD0F8104900F5106C9A
:10C6380003EA0403CCF81030DCF8103043F400238C
:10C64800CCF81030194BDCF8104003EA0403CCF89E
:10C65800103007D0D0F8003943F00443C0F800394F
:10C668000020F0BD0B690BB1CCF81430DCF80030B9
:10C67800002043F00443CCF80030F0BDDCF8106033
:10C68800C4F31204012A46F40026CCF81060DCF842
:10C69800106044EA0604CCF81040E3D0D5F800292D
:10C6A80042F00442C5F80029AAE700BF0000F8FFDD
:10C6B800FFFF07E010B49DF8044064B903339B08FA
:10C6C80009D0013201EB830300EB023051F8042B4F
:10C6D8008B420260FAD100205DF8044B704700BF1E
:10C6E800033292080AD000F5805C01EB8200DCF886
:10C6F800003041F8043B8842F9D17047084670473A
:10C708004A780B78012A00EB43100CD0D0F8002BA4
:10C718000BB1002A14DAD0F8003B43F40013C0F838
:10C72800003B00207047D0F80029002A00DB73B9CD
:10C73800D0F8003943F40013C0F8003900207047DE
:10C74800D0F8003B23F08043C0F8003BE3E7D0F883
:10C75800003923F08043C0F80039D0F8003943F499
:10C768000013C0F80039E9E74A780B78012A00EB92
:10C77800431013D0D0F8003B23F40013C0F8003B5B
:10C78800CB78023B012B01D900207047D0F8003B41
:10C7980043F08053C0F8003B00207047D0F80039C0
:10C7A80023F40013C0F80039CB78023B012BEBD8F7
:10C7B800D0F8003943F08053C0F8003900207047A2
:10C7C800034609010020D3F8002801F4FE6122F491
:10C7D800FE62C3F80028D3F800281143C3F80018F4
:10C7E800704700BF82B0436901938269019B13407F
:10C7F8000193019802B0704782B0D0F818380193BD
:10C80800D0F81C28019B134001930198000C02B03A
:10C81800704700BF82B0D0F818380193D0F81C28B0
:10C82800019B13400193019880B202B0704700BF8A
:10C8380000EB411182B0D1F8083B0193D0F81428DD
:10C84800019B13400193019802B0704784B0D0F85F
:10C85800103801F00F0C00EB41110293D0F8343876
:10C868000393039B029A23FA0CF3DB01DBB2134315
:10C878000293D1F80839029A13400193019804B041
:10C88800704700BF406900F001007047D0F80019F8
:10C8980000F500630A4A0A40C0F800299A6802F0C5
:10C8A8000602042A05D1D0F8002942F00302C0F894
:10C8B80000295A68002042F480725A60704700BF0D
:10C8C80000F8FFFF144B10B4046C9C421AD800F512
:10C8D8003060002301290361036943F400230361E5
:10C8E800036943F018030361036943F0C04303611C
:10C8F80004D14261036843F08023036000205DF89F
:10C90800044B7047D0F8003B00F53060002BE0DAAC
:10C9180000205DF8044B70470A30544FD0F80024CB
:10C9280001F00303012900F5806C22F00302C0F82E
:10C938000024D0F8002443EA0203C0F8003409D0E8
:10C94800022901D00020704741F270730020CCF812
:10C95800043070474BF680330020CCF80430704721
:10C96800D0F8140480B2704700EB4111002382B064
:10C9780001F5A0620193D1F8003513F4802FD1F8A6
:10C98800003543F08043C1F8003522D1C36A13F45F
:10C998007F0FD1F8003523D123F00043C1F80035CB
:10C9A800D1F8003543F00043C1F80035D1F800351F
:10C9B80023F40043C1F8003502E01368002B13DAB2
:10C9C800019B0133B3F57A7F0193F6D9002002B0B9
:10C9D8007047D0F8103413F47F0FD1F8003506D023
:10C9E80043F00043C1F80035002002B0704723F03F
:10C9F8000043C1F80035D1F8003543F00043C1F8D1
:10CA08000035D1F8003523F40043C1F8003502E0C1
:10CA18001368002BE8DA019B0133B3F57A7F0193A1
:10CA2800F6D9002002B0704730B4002484B04FF427
:10CA38008465AA4A00940146836823F00103836051
:10CA48000394056102E00B69980604D5039B013342
:10CA580093420393F7D900201023A04A02900B6158
:10CA680002E00B69DB0604D5029B01339342029373
:10CA7800F7D9D1F8003501F5A06201F5E06001931E
:10CA8800019B43F080430193019B23F000430193F2
:10CA9800019B23F400430193019BC1F80035D1F8B1
:10CAA80020350193019B43F080430193019B23F0C0
:10CAB80000430193019B23F400430193019BC1F8B8
:10CAC8002035D1F840350193019B43F08043019311
:10CAD800019B23F000430193019B23F4004301933E
:10CAE800019BC1F84035D1F860350193019B43F0B3
:10CAF80080430193019B23F000430193019B23F49E
:10CB080000430193019BC1F86035D1F8803501934A
:10CB1800019B43F080430193019B23F00043019361
:10CB2800019B23F400430193019BC1F88035D1F8A0
:10CB3800A0350193019B43F080430193019B23F0AF
:10CB480000430193019B23F400430193019BC1F827
:10CB5800A035D1F8C0350193019B43F08043019380
:10CB6800019B23F000430193019B23F400430193AD
:10CB7800019BC1F8C035D1F8E0350193019B43F022
:10CB880080430193019B23F000430193019B23F40D
:10CB980000430193019BC1F8E035D1F800360193B9
:10CBA800019B43F080430193019B23F000430193D1
:10CBB800019B23F400430193019BC1F80036D1F88F
:10CBC80020360193019B43F080430193019B23F09E
:10CBD80000430193019B23F400430193019BC1F897
:10CBE8002036D1F840360193019B43F080430193EE
:10CBF800019B23F000430193019B23F4004301931D
:10CC0800019BC1F84036D1F860360193019B43F08F
:10CC180080430193019B23F000430193019B23F47C
:10CC280000430193019BC1F86036D1F88036019327
:10CC3800019B43F080430193019B23F00043019340
:10CC4800019B23F400430193019BC1F88036D1F87E
:10CC5800A0360193019B43F080430193019B23F08D
:10CC680000430193019B23F400430193019BC1F806
:10CC7800A036D1F8C0360193019B43F0804301935D
:10CC8800019B23F000430193019B23F4004301938C
:10CC9800019BC1F8C036D1F8E0360193019B43F0FF
:10CCA80080430193019B23F000430193019B23F4EC
:10CCB80000430193019BC1F8E03613680193019B7F
:10CCC80043F080430193019B43F000430193019B90
:10CCD80023F400430193019B136004E0400D03001B
:10CCE8001368002B05DA009B0133B3F57A7F0093B4
:10CCF800F6D920328242E0D14FF0FF330020C1F84C
:10CD080014344B618B6843F001038B6004B030BC72
:10CD1800704700BF08B5D0F88C321BB11B68984724
:10CD280000B908BD022008BD08B5D0F88C325B6890
:10CD38009847002008BD00BF38B500F520750446A7
:10CD4800284600F07DFB0122B4F8863294F8801260
:10CD5800C4E99B2301F01F03934209D0022B13D08F
:10CD680063B101F080012046FAF7E0FB002038BDEE
:10CD78002946204600F092FA002038BD2946204670
:10CD880000F00AF9002038BD2946204600F0BAFA1A
:10CD9800002038BD38B5054669B91346D0F86C226D
:10CDA800032A15D0052A0C460ED1C5F86C12FAF7DD
:10CDB800BDFB204638BDD0F88C329B6933B190F862
:10CDC8007422032A02D19847002038BD022038BDBA
:10CDD800D0E9531291420CD9891A8A42C0F84C11F1
:10CDE80088BF8AB2194698BF92B200F055FB00205E
:10CDF80038BDD0F88C321B691BB190F87422032A15
:10CE080004D0284600F052FB002038BD9847F8E7C8
:10CE180070B5044661B9D0F86C32022B15D033F0E6
:10CE2800040337D094F87832012B2ED0002070BD3F
:10CE3800D0F88C325B6933B190F87422032A02D19E
:10CE48009847002070BD022070BDD0E908630D46E8
:10CE58009E4223D8C669B6FBF3F203FB12620AB9F5
:10CE6800B34228D9D4F88C32DB681BB194F8742209
:10CE7800032A30D080212046FAF758FB204600F0DC
:10CE880021FB94F87832012BD0D10023184684F87E
:10CE9800783270BD8021FAF749FBC3E7F31A1146CF
:10CEA80003629AB200F0EEFA2B462A46294620463B
:10CEB800FAF788FBB6E7D0F870329E42D2D20A461B
:10CEC80000F0E0FA2B462A4629462046C4F870525C
:10CED800FAF778FBA6E720469847CBE770B500221B
:10CEE80040260446012511463346FAF70DFB334622
:10CEF800802100222046C4F84451C4F85061FAF752
:10CF080003FB0021D4F89032A561666284F874525C
:10CF1800C4F86C126160C4F87C1223B1D4F88C3266
:10CF280020465B689847002070BD00BF034600207C
:10CF38001974704703460421002093F8742283F87B
:10CF4800741283F8752270470346002093F87522FF
:10CF580083F87422704700BF90F87422032A01D026
:10CF68000020704708B5D0F88C32DB6903B19847C8
:10CF7800002008BD0020704700207047002070473F
:10CF8800D0F88C22012108B580F874120179536811
:10CF98009847002008BD00BF30B50B7883B00D4618
:10CFA800044603F06003202B0DD0402B0BD09BB11F
:10CFB80080212046FAF7BAFA00212046FAF7B6FA95
:10CFC800002003B030BDD4F88C32294620469B6837
:10CFD8009847002003B030BD4B78092BE8D801A250
:10CFE80052F823F047D0000873D00008B9CF0008E2
:10CFF80091D00008B9CF000899D00008D1D0000816
:10D00800B9CF000801D1000815D000088978A24DD1
:10D0180001292970CCD890F87432022B00F01281C3
:10D02800032B00F000818021FAF780FA00212046C6
:10D03800FAF77CFA29782046FFF776FEC0E790F8E1
:10D048007432013B022BB3D8CB88022BB0D101221A
:10D05800D0F87C32C2600BB10323C360022204F112
:10D068000C01204600F000FAAAE790F87432013B60
:10D07800022B9DD84B88012BA2D100232046C4F84F
:10D088007C3200F013FA9BE74B88012B98D1F5E727
:10D098008B88002B8CD1CB88002B89D14D887F2D94
:10D0A80086D890F87432032B82D0E9B280F87612D1
:10D0B800FAF76CFA204600F0F9F9002D00F0E0804C
:10D0C800022384F874327BE74A88130A013B062B53
:10D0D8003FF66EAF01A151F823F000BF95D10008CB
:10D0E8007DD100086BD10008B9CF0008B9CF00087E
:10D0F80055D1000827D10008CA88012A7FF458AF03
:10D1080090F87432022B00F28780002B3FF450AF66
:10D118000146002341F8083F00F0A6F950E7037CD8
:10D12800002B7FF445AFD0F88C320DF106001B6B55
:10D13800984707234370BDF80620002A67D0EB887C
:10D14800002B5BD1204600F0B1F939E7037C002BB6
:10D158007FF42EAFD0F88C320DF106005B6B984748
:10D16800E9E7D1B2052900F28F80DFE801F0271F37
:10D1780017372F3F037C002B72D1D0F88C320DF17A
:10D1880006009B6A984702234370D4E7D0F8883298
:10D198000DF10601007C1B689847CCE7D0F888326F
:10D1A8000DF10601007CDB689847C4E7D0F88832A7
:10D1B8000DF10601007C9B689847BCE7D0F88832DF
:10D1C8000DF10601007C5B689847B4E7D0F8883217
:10D1D8000DF10601007C5B699847ACE7D0F888320E
:10D1E8000DF10601007C1B699847A4E7D0F8883246
:10D1F8000DF10601007C9B6998479CE79A4201461D
:10D20800204628BF1A46ADF8062000F02DF9EB8815
:10D21800002B7FF4D5AE95E7032B7FF4C9AE011D33
:10D2280000F022F9CCE621B3416801298AD0C9B2BD
:10D23800FFF77AFD297820466160FFF76BFD022829
:10D2480080D1B5E600293FF47DAF01210323416079
:10D2580080F87432FFF75EFD02287FF473AFA7E60B
:10D26800D0F88C320DF10600DB6A98470223437030
:10D2780061E70223416080F87432FFF755FD61E7EA
:10D28800012384F874329BE6D0F88C320DF1060243
:10D298009B6B98474FE700BFEC25002438B50B7807
:10D2A8000D46044603F06002402A0AD05B0608D502
:10D2B8008021FAF73BF900212046FAF737F90020D8
:10D2C80038BD94F87432013B022B11D82B79012B0D
:10D2D8000ED8D4F88C32294620469B689847EB88AC
:10D2E800002BECD10028EAD1204600F0DFF8E6E771
:10D2F80080212046FAF71AF900212046FAF716F994
:10D30800002038BD38B50B78044603F06003202BA5
:10D318000CD0402B0AD083B180212046FAF706F9B9
:10D3280000212046FAF702F9002038BDD4F88C32E3
:10D3380020469B689847002038BD4B788A88012B87
:10D348005FFA82FC37D0032B23D0002BE4D190F86E
:10D358007432022B4AD0032BDED10CF00F031206D5
:10D3680003EB830300EB830351D4D3F84431002B40
:10D37800D2D00CF07F03142505FB030505F5A07535
:10D38800002B4FD12B6002222946204600F06CF872
:10D39800CAE790F87432022B1DD0032BBCD14B88FE
:10D3A8002BB91CF07F0F02D0CB88002B43D020462E
:10D3B80000F07CF8B8E790F87432022B0BD0032BFE
:10D3C800AAD14B88002BAFD11CF07F0FEFD061465C
:10D3D800FAF7BAF8EBE71CF07F0F9DD06146FAF731
:10D3E800A5F880212046FAF7A1F89DE71CF07F0FE9
:10D3F80092D111064FF000034FF002024CBF00F12A
:10D40800140100F5A0710B6000F02EF88CE79B6901
:10D41800002B81D00CF07F035D1C05EB850500EB2C
:10D428008505ADE761462046FAF79CF808B1012367
:10D43800A8E72860A7E76146FAF778F8B7E700BFDA
:10D448000B7803704B784370CA788B7803EB022310
:10D4580043804A790B7903EB02238380CA798B795D
:10D4680003EB0223C380704710B5134602240A4613
:10D478000021C0F86C42C0E90733FAF795F800209C
:10D4880010BD00BF8C46002108B513466246FAF766
:10D498008BF8002008BD00BF8C46002108B5134654
:10D4A8006246FAF78FF8002008BD00BF08B50421CE
:10D4B8000023C0F86C121A461946FAF775F80020CE
:10D4C80008BD00BF08B505210023C0F86C121A4634
:10D4D8001946FAF777F8002008BD00BFD0F8C42332
:10D4E8000132C0F8C42302780B2A00D07047D0F864
:10D4F8007C33002BFAD09B69184700BF012380F8C2
:10D5080023337047002380F82333704703460022F3
:10D518000121104683F8201383F8212383F822235E
:10D52800704700BF38B501230025044680F8213331
:10D5380080F8235380F82053FAF768F821792046B9
:10D5480000F006F86179204600F002F8284638BD58
:10D558000A2907D800EB8100D0F88433C3F30E03FF
:10D56800C0F88433002070470C4A82B00C4BD2F8C4
:10D57800DC1041F04001C2F8DC10D2F8DC2002F0E7
:10D5880040020192019A1A6822F020021A601A6871
:10D5980042F004021A6002B0704700BF004402580B
:10D5A8000018024870B5002304464FF48062042135
:10D5B8004FF440353448C4F83821C4F8D410C4F8BE
:10D5C8003431C4F84C113149C4F8B000C4F82811FA
:10D5D800C4E92F32C4E93133C4E93335C4E93733F8
:10D5E800C4E94F33C4E95135C4E95533A26803236C
:10D5F800C4F8D830C4F85031042A0AD8DFE802F059
:10D608001F262D34030055225623C4F8B420C4F82D
:10D618002C310022402304F1B005C4F8B820284674
:10D62800C4F83031F3F7C8FA08B1FFBEFEE704F5D5
:10D6380094763046F3F7C0FAE8B1FFBEFEE725223C
:10D648002623C4F8B420C4F82C31E2E72722282383
:10D65800C4F8B420C4F82C31DBE73D223E23C4F8DB
:10D66800B420C4F82C31D4E753225423C4F8B4208E
:10D67800C4F82C31CDE704F12803C4E92865C4F8BF
:10D68800E830C4F8603170BD4004024058040240DC
:10D698002DE9F04F814683B00E4617461D4600F12E
:10D6A8002804204601F090FD01288246F9D1484619
:10D6B800FFF778FF8046002835D1EFF310830193F8
:10D6C80072B6DFF888B00C9B99F90820DFF880A0C3
:10D6D800DFF88090CBF800300D9B89F80020CAF85D
:10D6E80000300DB11846A847BAB23146204601F0BD
:10D6F800E1F830B9019B03B962B6404603B0BDE812
:10D70800F08F0023CBF80030CAF80030FF2389F8E7
:10D7180000300C9B8BB101210D9888469847019BDE
:10D72800002BEAD1E8E70C9B53B1D0460D9851463F
:10D738009847404603B0BDE8F08F4FF00108D9E79D
:10D74800D046404603B0BDE8F08F00BF103000243B
:10D7580018300024143000242DE9F04F814683B09E
:10D768000E4617461D4600F12804204601F02CFD00
:10D7780001288246F9D14846FFF714FF8046002861
:10D7880035D1EFF31083019372B6DFF888B00C9BA4
:10D7980099F90820DFF880A0DFF88090CBF80030F6
:10D7A8000D9B89F80020CAF800300DB11846A8472B
:10D7B800BAB23146204601F041FA30B9019B03B9AB
:10D7C80062B6404603B0BDE8F08F0023CBF80030C6
:10D7D800CAF80030FF2389F800300C9B8BB1012177
:10D7E8000D9888469847019B002BEAD1E8E70C9BE7
:10D7F80053B1D0460D9851469847404603B0BDE80E
:10D80800F08F4FF00108D9E7D046404603B0BDE895
:10D81800F08F00BF1030002418300024143000248A
:10D828002DE9F04F814683B00F461646984600F121
:10D838002804204601F0C8FC0128FAD1824648464F
:10D84800FFF7B0FE0546002838D1EFF310830193A7
:10D8580072B699F90830DFF88890DFF888B089F84F
:10D8680000300D9BDFF880A0CBF800300E9BCAF883
:10D8780000300C9B0BB10E9898471FFA88F33A4674
:10D888003146204601F0CEF830B9019B03B962B6A3
:10D89800284603B0BDE8F08F0023CBF80030CAF863
:10D8A8000030FF2389F800300D9B8BB101210E98C1
:10D8B8000D469847019B002BEAD1E8E70D9B4BB139
:10D8C80055460E9851469847284603B0BDE8F08F54
:10D8D8000125DAE75546284603B0BDE8F08F00BFBA
:10D8E8001430002410300024183000242DE9F043AF
:10D8F800002387B00222044605690493CDE9022378
:10D90800D0E902128E00FAB1022D7AD02178B5FA48
:10D9180085F54FF00108276A0B294FEA551521D1E3
:10D92800A2780B2A02D0B8F1000F38D123790B2B3B
:10D9380001D0002D6CD1A37917B10B2B40F0998041
:10D94800002007B0BDE8F08335F002032178276A8C
:10D958000CBF4FF001084FF00008023D18BF012529
:10D968000B29DDD07D4B94F801C053F826201078A0
:10D978000B2802D0884200F0AD80D378D01C9942A1
:10D9880002D10B2B40F0BD809379901D8B4202D1C0
:10D998000B2B40F0BC80012007B0BDE8F083711C60
:10D9A8006E4BE07853F8213019780B2902D08A425F
:10D9B80000F0B580D97803F1030C0B2902D08A4214
:10D9C80000F0BB80997903F1060C0B29E3D08A4259
:10D9D800E1D1DB798342DED1634604F102099B7809
:10D9E80048460593F9F720FE80464846F9F724FE95
:10D9F80001A901904046F9F7CFFE23790B2B98D166
:10DA080099E70178076A0B2940F0868001258DE7A0
:10DA1800B11C524A607952F8212011780B2902D0A2
:10DA28008B4200F08180D178D51C0B2902D08B4223
:10DA380000F08D809179951D8B42ACD10B29AAD02D
:10DA4800D3798342A7D12A46251D93782846059382
:10DA5800F9F7EAFD034628461D46F9F7EDFD01A949
:10DA680001902846F9F798FEA379002F7FF465AF57
:10DA780066E7F11C394AE07952F8212011780B2920
:10DA880001D08B425FD0D178D51C0B2901D08B42B5
:10DA98004FD09179951D8B427FF47DAF0B293FF4D0
:10DAA8007AAFD37983427FF476AF2A46A51D93785F
:10DAB80028460593F9F7B8FD04462846F9F7BCFD52
:10DAC800034601A920460193F9F766FE002007B036
:10DAD800BDE8F083537863457FF44FAF93782046D1
:10DAE8000593F9F7A1FD81462046F9F7A5FD01A99F
:10DAF80001904846F9F750FEA2780B2A7FF413AF3D
:10DB080014E7137963457FF43FAF0246E6E7D3791C
:10DB180063457FF440AFF8E79846012522E7597836
:10DB280081427FF447AF58E7517881427FF47BAF59
:10DB38008AE711798142ACD1B7E7197981427FF43C
:10DB480041AF634649E7517881429CD1AEE71179EC
:10DB580081427FF46FAF2A4676E700BF90F800084D
:10DB6800654A0368934200F0B980A2F5784293426F
:10DB780000F0B68002F58062934200F0B38002F5AF
:10DB88007842934200F0B08002F5E052934200F0F0
:10DB9800AD805A4A934240F0AB8005234FF4D071D0
:10DBA800574A01FB03F310B5D418D05C86B0F9F7D7
:10DBB8004BFDA078F9F748FD2079F9F745FDA079E4
:10DBC800F9F742FDA368052B11D8DFE803F0192FF8
:10DBD800455B71034B4BD3F8F42042F02002C3F8A5
:10DBE800F420D3F8F43003F020030593059B204676
:10DBF800FFF77CFE012801D006B010BDFFBEFEE78E
:10DC0800404B00222320D3F8F01041F48051C3F890
:10DC1800F0101146D3F8F03003F480530093009BC2
:10DC2800F2F718FE2320F2F753FEE0E7354B002207
:10DC38002420D3F8E81041F48041C3F8E8101146D5
:10DC4800D3F8E83003F480430193019BF2F702FE16
:10DC58002420F2F73DFECAE72A4B00223320D3F8EE
:10DC6800E81041F40041C3F8E8101146D3F8E83051
:10DC780003F400430293029BF2F7ECFD3320F2F722
:10DC880027FEB4E71F4B00225420D3F8F01041F4CC
:10DC98000051C3F8F0101146D3F8F03003F40053E4
:10DCA8000393039BF2F7D6FD5420F2F711FE9EE78B
:10DCB800144B00225520D3F8F01041F48011C3F81A
:10DCC800F0101146D3F8F03003F480130493049B4A
:10DCD800F2F7C0FD5520F2F7FBFD88E700235DE76A
:10DCE80001235BE7022359E7032357E7042355E79A
:10DCF80000231B78FFDE00BF0030014000140058ED
:10DD0800F0250024004402582DE9F043002289B090
:10DD18001B4B01210DF1040C9E461A4B0791E1465D
:10DD2800E04667460EF11C060EF138050EF1540464
:10DD3800CDE90122CDE90322CDE90522FF221A709F
:10DD4800BCE80F00AEE80F009CE807008EE807006B
:10DD5800B9E80F000FC69CE8070086E80700B8E896
:10DD68000F000FC59CE8070085E807000FCF0FC418
:10DD78009CE8070084E8070009B0BDE8F08300BF0D
:10DD88000C03002414300024014801F0F1B800BF4E
:10DD980018260024014801F0EBB800BFB82700247A
:10DDA800014801F0E5B800BF58290024014801F0F6
:10DDB800DFB800BFF82A0024014801F0D9B800BF35
:10DDC800982C002410B5EFF3108472B6084B1A781B
:10DDD800120602D504B962B610BD1B784FF4D07292
:10DDE80004485BB202FB0300B030F3F75DFAF1E7D9
:10DDF80014300024F025002410B5EFF3108472B617
:10DE0800094B1A78120602D504B962B610BD1B7800
:10DE18004FF4D07205485BB202FB030000F5947022
:10DE2800F3F742FAF0E700BF14300024F02500248D
:10DE38002DE9F04184B0EFF3108772B6284AFF212C
:10DE4800284C1368217023B100211160264A1068FC
:10DE5800984723781B061CD5DFF894800025234EAD
:10DE68004446216879B162686AB1A369012B22D05E
:10DE7800A3B963693046019323690093E368228953
:10DE8800FFF76AFC18B301351C3406F5D076042D6B
:10DE9800E7D107B962B604B0BDE8F081D4E904302F
:10DEA800CDE90130E068238900903046FFF7B8FCDF
:10DEB8000028E8D10BE0D4E904301146CDE9003060
:10DEC8003046E3682289FFF7E3FB0028DBD1C5EB86
:10DED800C50508EB850348F825005860D9E700BF59
:10DEE800103000241430002418300024F0250024B9
:10DEF8000C0300242DE9F04184B0EFF3108772B6CB
:10DF0800284AFF21284C1368217023B10021116091
:10DF1800264A1068984723781B061CD5DFF894809A
:10DF28000025234E4446216879B162686AB1A36925
:10DF3800012B22D0A3B9636930460193236900936A
:10DF4800E3682289FFF708FC18B301351C3406F58D
:10DF5800D076042DE7D107B962B604B0BDE8F081E8
:10DF6800D4E90430CDE90130E068238900903046D7
:10DF7800FFF756FC0028E8D10BE0D4E9043011463D
:10DF8800CDE900303046E3682289FFF781FB00289D
:10DF9800DBD1C5EBC50508EB850348F825005860BB
:10DFA800D9E700BF103000241430002418300024B2
:10DFB800F02500240C0300242DE9F04184B0EFF390
:10DFC800108772B6284AFF21284C1368217023B1A4
:10DFD80000211160264A1068984723781B061CD533
:10DFE800DFF894800025234E4446216879B16268A1
:10DFF8006AB1A369012B22D0A3B9636930460193A2
:10E0080023690093E3682289FFF7A6FB18B301355B
:10E018001C3406F5D076042DE7D107B962B604B0F2
:10E02800BDE8F081D4E90430CDE90130E068238906
:10E0380000903046FFF7F4FB0028E8D10BE0D4E964
:10E0480004301146CDE900303046E3682289FFF7F5
:10E058001FFB0028DBD1C5EBC50508EB850348F895
:10E0680025005860D9E700BF103000241430002480
:10E0780018300024F02500240C0300242DE9F04179
:10E0880084B0EFF3108772B600F066FB284A294C7B
:10E09800FF21136821702BB1002111600121264A4C
:10E0A8001068984723781B061CD5DFF89480002554
:10E0B800224E4446216879B162686AB1A369012B8E
:10E0C80022D0A3B963693046019323690093E368BA
:10E0D8002289FFF741FB18B301351C3406F5D076C9
:10E0E800042DE7D107B962B604B0BDE8F081D4E9E0
:10E0F8000430CDE90130E068238900903046FFF70D
:10E108008FFB0028E8D10BE0D4E904301146CDE9B3
:10E1180000303046E3682289FFF7BAFA0028DBD1DD
:10E12800C5EBC50508EB850348F825005860D9E715
:10E13800103000241430002418300024F025002466
:10E148000C03002430B4544B002108220220534C05
:10E15800D9615862C3F8BC11C3F8C401C3F85C1391
:10E16800C3F86403C3F8F424C3F8F814C3F8FC1420
:10E17800C3F80405C3F89426C3F89816C3F89C1688
:10E18800C3F8A406C3F83428C3F83818C3F83C18F1
:10E19800C3F84408424D4348C3E90521C3E96D214A
:10E1A800C3E9D5212288A3783F49EA80CA800B7247
:10E1B8003E492B72CA800B722168A0F80320437174
:10E1C800C28003723A4C3B48E2802372A0F80320D5
:10E1D800394C4371C28003723848E2802372A0F838
:10E1E8000320374C4371C2800372080C2180A07051
:10E1F800A4F803206371E2802372324C324D2180EF
:10E20800A070A4F803206371E28023722F4CEA8087
:10E2180021802B72A070A4F803206371E28023721E
:10E228002B4C2180A070A4F803206371E280237234
:10E23800284C2180A070A4F803206371E280237227
:10E24800254C2180A070A4F803206371E28023721A
:10E25800224C2180A070A4F803206371E28023720D
:10E268001F4C21801F49A070A4F803201E48637129
:10E27800E2802372A1F803201C4C4B71CA800B72F8
:10E288001B49E2802372C2800372A1F803204B71FC
:10E29800CA800B7230BC7047F02500248CF8000847
:10E2A80094020024B8020024880200244C020024AE
:10E2B800A0020024DC020024C4020024640200241A
:10E2C800E02F0024C82F0024D0020024D42F0024DB
:10E2D800B02F002404300024EC2F0024F82F002451
:10E2E800BC2F002400030024F4020024E8020024C8
:10E2F80070020024714A036811698B4200B587B027
:10E308004BD0916E8B4200F0B680D2F8C0108B4291
:10E3180000F0B380D2F818118B4200F0B080B3F14E
:10E32800804F1ED0664A93420DD0664A934200F051
:10E33800A880654A934200F0B280644A93421ED096
:10E3480007B05DF804FB624BD3F8E82042F0020204
:10E35800C3F8E820D3F8E83003F002030293029BE5
:10E36800EEE75B4BD3F8E82042F00102C3F8E8205F
:10E37800D3F8E83003F001030193019BE0E7544B25
:10E38800D3F8E82042F01002C3F8E820D3F8E830C8
:10E3980003F010030593059BD2E700205821B3F141
:10E3A800804F01FB0022127B1ED045498B4235D09D
:10E3B80044498B4248D044498B42BED1444BD3F8A0
:10E3C800E81041F00801C3F8E810D3F8E83003F08A
:10E3D80008030493049B002AB2D0322000220F21A4
:10E3E800F2F738FA322014E0394BD3F8E81041F04C
:10E3F8000101C3F8E810D3F8E83003F001030193F2
:10E40800019B002A9CD01C2000220F21F2F722FA3F
:10E418001C2007B05DF804EBF2F75ABA2C4BD3F87E
:10E42800E81041F00201C3F8E810D3F8E83003F02F
:10E4380002030293029B002A82D01D2000220F2192
:10E44800F2F708FA1D20E4E7214BD3F8E81041F071
:10E458000401C3F8E810D3F8E83003F00403039389
:10E46800039B002A3FF46CAF1E2000220F21F2F715
:10E47800F1F91E20CDE7012090E702208EE7032066
:10E488008CE7134BD3F8E82042F00402C3F8E820E5
:10E49800D3F8E83003F004030393039B50E70C4BD5
:10E4A800D3F8E82042F00802C3F8E820D3F8E830AF
:10E4B80003F008030493049B42E700BF1C300024C8
:10E4C8000004004000080040000C0040001000401C
:10E4D800004402580F4B026819698A420BD0996EA2
:10E4E8008A4211D0D3F8C0108A420FD0D3F818113D
:10E4F8008A420DD070470021582202FB01331A6D61
:10E50800002AF7D0586D10470121F5E70221F3E7FB
:10E518000321F1E71C300024014800F0EFBF00BFE1
:10E528002C300024014800F0E9BF00BF84300024EB
:10E53800014800F0E3BF00BFDC300024014800F0D0
:10E54800DDBF00BF34310024F0B54FF0580C0F6820
:10E558002E4D8DB00CFB07FC032F05EB0C06066057
:10E5680047DC0B460868344649689A6807C41B7B31
:10E57800237004AC7268264B002A4FF000027261C7
:10E5880018BF1022B2610FCB84E80F000CAB03EB6D
:10E59800870353F8203CB3F1804F336124D01D4AE0
:10E5A800934221D030890CF1100458230021802295
:10E5B80003FB07532C44C3E907019A62204600F085
:10E5C80007FE034600B1FEE74FF4805208A9204633
:10E5D800099301930892CDE90A33CDE9023300F09B
:10E5E800C7FE034640B1FEE7582303FB075398686C
:10E5F800D9E701200DB0F0BD01A92046019303938E
:10E6080001F034F80028F5D0FEE700BF1C300024E4
:10E61800ACF70008000C0040006808B5037B103018
:10E628002BB100F08FFE003818BF012008BD00F0A4
:10E638006FFE003818BF012008BD00BF0C4B002238
:10E648004FF0FF311A739960196683F86420C3F894
:10E65800B81083F8BC20C3F8101183F81421C3E95B
:10E668000022C3E91622C3E92C22C3E942227047DB
:10E678001C300024034688B190F83D20022A03D0BC
:10E68800802201209A66704702680421002083F8DE
:10E698003D10D36823F00103D36070470120704711
:10E6A80003682C495A6910B49C6944F008049C61B9
:10E6B8009C6944F010049C611C6824F001041C60EF
:10E6C8001C6921401961996821F44041996090F8CA
:10E6D8008110042901D0910630D490F881100329C3
:10E6E80001D054061FD4910509D5D0F8841041F003
:10E6F8000101C0F88410996941F400719961D2054B
:10E7080009D5D0F8842042F00802C0F884209A691C
:10E7180042F480729A6100235DF8044BA0F86230DD
:10E72800A0F86A307047D0F8841041F00401C0F8AE
:10E738008410996941F040019961D4E7D0F88410B8
:10E7480041F08001C0F88410996941F02001996175
:10E75800C3E700BF90FCFFFF002800F0A480026818
:10E768000021F8B5514B044681629A4216D0A3F5B0
:10E7780078439A4212D003F58063C0689A4200F049
:10E788008A800F2808D8E16B00F108034D09DB08DF
:10E7980005FB0333082B15D90120F8BDE068E16BB0
:10E7A80000F10803414E4D09DB0805FB0333404DDA
:10E7B800AA4218BFB24203D005F58065AA4201D12A
:10E7C800102BE9D894F8813003F0FF05002B58D0BE
:10E7D800002702236568A66B84F88130136823F04C
:10E7E80001031360A369B3F1806F3ED03943676BAF
:10E7F8003B43676A3B4327693B4367693B43276A57
:10E808003B43E76C3B43A7683B43A76C3B43A76D7F
:10E818003B432B433343E669314308439060D3605D
:10E82800B5B9936823F4C05343F4006393609368C5
:10E8380023F4C06343F480639360136D23F00103F2
:10E84800136500200123C4F8840084F88130F8BDE2
:10E85800136D23F0010313656B02F2D5D368616D64
:10E8680023F000430B43D360EBE7B5F5800FBDD130
:10E87800002EBBD1D2F800C04CF4805CC2F800C0B6
:10E88800B4E7204684F88050FFF76AF92268A76A3F
:10E89800E16BE0689DE7E16B00F108034D09DB08D7
:10E8A80005FB03338CE70120704700BF00300140AF
:10E8B80000380040F8B590F88030012B00F08C80CB
:10E8C80090F88130154601220446DEB2934280F862
:10E8D80080206AD1002963D0B5FA85F35B09002D41
:10E8E8005ED003224366A0F8683080F88120C0F823
:10E8F8008430A0F86250A0F86A30C165A0F8605072
:10E90800C0E91C338368B3F5C02F04D102681368CB
:10E9180043F400631360E368A06F0F2B4BD983693E
:10E92800B3F5804F3CD122683A4B3B4F2032036409
:10E9380052F8183CC763394F23F40043C7640027D3
:10E94800076542F8183CB4F862309BB2F2F7F2FA65
:10E95800002844D1A36F324ADB69B3F5807F23686E
:10E96800596802EA010218BF2A435A609A68616826
:10E9780042F40042B1F5800F9A601A6942F4487275
:10E988001A611A6842F001021A6003D11A6842F447
:10E9980000721A6000231E4684F880303046F8BDA5
:10E9A800002384F880303046F8BD0023022680F822
:10E9B80080303046F8BD072B83691AD8B3F5005F5D
:10E9C80020D0B3F5804FAED1B4F862309BB2033398
:10E9D8009B08A4F86230A6E702263046F8BDD4F8B2
:10E9E8008430012243F01003C4F8843084F8812075
:10E9F800D9E7B3F5804F05D0B3F5005FD0D1B3F5B3
:10EA0800804F90D1B4F862309BB201335B08A4F810
:10EA1800623088E775EE0008F9ED0008A1EE0008FD
:10EA28000000FFFF70B51D4690F88030012B00F004
:10EA3800B9800123044680F8803090F8813040681E
:10EA4800DBB2B0F5800F7DD0012B40F08580002D22
:10EA580018BF002A71D000296FD094F88130042B98
:10EA680002D0052384F881300023E1652168C4F8C9
:10EA78008430A4F86250A4F86A50A4F86050626622
:10EA8800A4F86850C4E91C338B6823F440438B60B6
:10EA9800E3680F2B65D9E06F8369B3F5804F4CD1DC
:10EAA80094F88130042B00F08A805E4B03645E4B3F
:10EAB800C3635E4E3031B4F86A30C66400269BB238
:10EAC8000665F2F737FA00286ED12268A16F9368BD
:10EAD800203243F4804342F8183CB4F86230C1E96C
:10EAE8000F00C1E913009BB20846E16DF2F722FA64
:10EAF800002859D1A36FDB69B3F5807F236863D001
:10EB080059684B4A0A402A435A609A68616842F435
:10EB18000042B1F5800F9A601A6942F458721A617E
:10EB28001A6842F001021A6003D11A6842F40072AE
:10EB38001A60002384F8803070BD0023012084F817
:10EB4800803070BDA06800287FF47EAF042B3FF4AE
:10EB58007EAF012B3FF47BAF0023022084F8803086
:10EB680070BD072B35D8A36F9B69B3F5005F50D0F4
:10EB7800B3F5804F06D1B4F862309BB203339B08DB
:10EB8800A4F86230E06F8369B3F5005F39D0B3F55C
:10EB9800804F85D1B4F86A309BB203339B08A4F840
:10EBA8006A307DE7022070BDD4F88430012243F03A
:10EBB80010031046C4F8843084F8812070BD1D4BC2
:10EBC80003641D4BC36374E75968194A0A405A60C5
:10EBD8009BE7E06F8369B3F5005F02D0B3F5804F20
:10EBE800ABD1A66FB669B6F5804F06D1B4F86260AE
:10EBF800B6B201367608A4F86260B3F5804F7FF4A8
:10EC08004FAFB4F86A309BB201335B08A4F86A309E
:10EC180046E7B4F862309BB201335B08A4F862306F
:10EC2800B0E700BF95EE000849EE0008A1EE000825
:10EC38000000FFFF85EE000821EE00082DE9F041F5
:10EC48001546826804460E4622B94368B3F5800F1C
:10EC580000F0958094F88030012B00F09980012312
:10EC680084F8803094F88130012BDFB269D1002E0E
:10EC780061D0B5FA85F35B09002D5CD00421B2F5AB
:10EC8800C02F666684F88110A4F86850C4F88430F0
:10EC9800A4F86030A4F86A50A4F86230C4E91C33C0
:10ECA80004D12268136823F400631360E3680F2B10
:10ECB8004ED9E06F8369B3F5804F3CD121688B68EA
:10ECC80023F480438B603246454EB4F86A303031C5
:10ECD8000664444E9BB2C663434EC664002606656E
:10ECE800F2F728F9002857D1E36F404ADB69B3F5FA
:10ECF800807F2368596802EA010218BF2A435A60D4
:10ED08009A68616842F48042B1F5800F9A601A6986
:10ED180042F450721A611A6842F001021A6003D173
:10ED28001A6842F400721A6000231F4684F8803083
:10ED38003846BDE8F081002384F880303846BDE8C5
:10ED4800F0810023022784F880303846BDE8F0813E
:10ED5800072B2BD82168E06F8B6823F480438B60E6
:10ED68008369B3F5005F32D0B3F5804FABD1B4F807
:10ED78006A309BB203339B08A4F86A30A3E72B469A
:10ED880004250A4680F88150BDE8F041FFF74ABEE5
:10ED980002273846BDE8F081D4F88430012243F0D8
:10EDA8001003C4F8843084F88120C7E7E06F8269D3
:10EDB800B2F5804F02D0B2F5005FBCD12168B2F540
:10EDC800804F8B6823F480438B607FF47CAFB4F86A
:10EDD8006A309BB201335B08A4F86A3073E700BF5E
:10EDE80085EE000821EE0008A1EE00080000FFFFF4
:10EDF800806B08B590F88130072B09D0836FDB69E9
:10EE0800B3F5807F05D00268136943F008031361E6
:10EE180008BDFFF70DF808BD806B08B590F8813084
:10EE2800072B09D0C36FDB69B3F5807F05D0026873
:10EE3800136943F00803136108BDFFF75BF808BDC9
:10EE4800806B08B590F88130072B09D0836FDB6998
:10EE5800B3F5807F05D00268136943F00803136196
:10EE680008BDFFF7A9F808BD704700BF806B08B55B
:10EE7800FFF7FAFF08BD00BF704700BF806B08B5F9
:10EE8800FFF7FAFF08BD00BF704700BF806B08B5E9
:10EE9800FFF7FAFF08BD00BF10B5846BF2F754FD09
:10EEA800022800D110BD236830495A69986940F09A
:10EEB80008009861986940F010009861186820F07F
:10EEC80001001860186901401961996821F44041EE
:10EED800996094F88110042901D091063AD494F8E5
:10EEE8008110032901D0500629D4910509D5D4F8F9
:10EEF800841041F00101C4F88410996941F400714B
:10EF08009961D20509D5D4F8842042F00802C4F8E2
:10EF180084209A6942F480729A6100230122204673
:10EF2800A4F86230A4F86A30D4F8843043F01003AF
:10EF3800C4F8843084F88120FFF7A0F810BDD4F815
:10EF4800841041F00401C4F88410996941F040012B
:10EF58009961CAE7D4F8841041F08001C4F884109C
:10EF6800996941F020019961B9E700BF90FCFFFF62
:10EF7800036819695A692DE9F04101EA02059F6899
:10EF8800044690F8816005F0640CBCF1040F2FD0A2
:10EF980005F04500012834D005F02600022800F0CD
:10EFA800DF80280770D59A6917F4404FF6B242F00F
:10EFB80008029A619A6942F010029A619A6942F4C9
:10EFC80000629A611A6922F008021A6123D0042E9D
:10EFD80000F0DE80A26FD269EAB1032E50D0E26F52
:10EFE800D269C2B1052E14D12046FEF7E5FF10E024
:10EFF800436F9847236F2046984705F04503012B38
:10F0080002D1236F2046984705F02605022D00F00F
:10F01800A780BDE8F0819A6812F4404F1FD1B4F878
:10F028006A2092B2DAB1626E0EE01B6B42F8043BC2
:10F038006266B4F86A30013B9BB2A4F86A30B4F84F
:10F048006A309BB25BB12368E1680F29EDD80729C4
:10F0580040F292801B8E22F8023B6266E9E7204666
:10F06800FFF71EFB012384F88130D4F88430002B8D
:10F078007FD1052EB8D0042E00F08F80032EC8D182
:10F088002046FEF7D5FEC4E7100501D50A077AD455
:10F0980015F4587FBDD06E0609D5D4F8842042F007
:10F0A8000402C4F884209A6942F040029A61A805D3
:10F0B80009D5D4F8842042F00102C4F884209A6962
:10F0C80042F400729A61E90509D5D4F8842042F027
:10F0D8000802C4F884209A6942F480729A61AA06E8
:10F0E80009D5D4F8842042F08002C4F884209A69B3
:10F0F80042F020029A61D4F88420002A89D0196845
:10F1080007F44047274A21F00101B7F5404F19603D
:10F11800196902EA01021A6127D19A68E06F22F49C
:10F1280040429A6050B1204B0365F2F723F828B1AA
:10F13800D4F8843043F04003C4F88430A06F00282A
:10F148003FF467AF184B0365F2F714F800283FF453
:10F1580060AFD4F8843043F04003C4F8843058E7F3
:10F16800636F2046BDE8F04118470123204684F824
:10F178008130FEF783FF4CE793F830301370626EEE
:10F188000132626655E79A6942F400629A6140E783
:10F19800E26FD269002A3FF43EAF2046FEF7AAFE8E
:10F1A80037E700BF94FCFFFFB5F1000808B5806B96
:10F1B80000230122A0F86A30A0F8623080F881208C
:10F1C800FEF75CFF08BD00BF90F88100704700BFE4
:10F1D800002800F08F8038B590F83D30044603F0E1
:10F1E800FF02002B60D0226802234349B2F1804F0E
:10F1F80084F83D30A2EB01011368B1FA81F14FEABE
:10F20800511127D031BB3D483D4D824251D000F5C8
:10F21800806082424DD0551B00F58060B5FA85F5B7
:10F2280082424FEA55154DD0002D4BD1354836490D
:10F238008A4218BF82424FD001F580618A424BD082
:10F24800A06923F08003E168034313606368D16217
:10F25800936223E02A4D23F07003A068551B0343F3
:10F26800B5FA85F56D09206923F440730343A06955
:10F2780023F0800303431360E368D36263689362F7
:10F2880051B94DB91F49204B9A4218BF8A4203D041
:10F2980003F580639A4201D1636913630123002057
:10F2A800536184F83D3038BD80F83C20FFF722F8E0
:10F2B80099E7551B23F07003A068B5FA85F5034359
:10F2C8006D09D0E7A06823F0700303430F4882421A
:10F2D800C9D0002DC7D1A9E7206923F44073A169DB
:10F2E8000343E06823F080030B4361681360D06236
:10F2F8009162C7E701207047000001400004004008
:10F30800000401400040014000440140000C00405E
:10F318004FF0020C01680A4A034680F83DC088682D
:10F328000240062A06D0B2F5803F03D00A6842F0B0
:10F3380001020A600122002083F83D20704700BFC7
:10F34800070001000368094AD96841F00101D96042
:10F3580099680A40062A06D0B2F5803F03D01A6899
:10F3680042F001021A600020704700BF0700010048
:10F3780090F83C30012B7DD002460223006830B45F
:10F38800012482F83D3082F83C40544C83681C408C
:10F398000B68602B84606FD01DD9B3F5005F59D01E
:10F3A80042D94F498B4206D038D94E498B4202D0B8
:10F3B80010318B4206D184684B4921400B4343F0FE
:10F3C8000703836000230121184682F83D1082F864
:10F3D8003C3030BC7047402B67D019D9502BF1D145
:10F3E800036A4C68CD6823F00A03016A1C433E4B4C
:10F3F80021F001010162816921F0F00141EA051162
:10F408008161046281680B4043F057038360D9E748
:10F41800202BD0D01AD9302BD4D1CCE723F010012F
:10F42800B1F5801FCED1C6E7702BCBD18468D1E966
:10F4380001532B43CD6824F47F4143EA05230B4352
:10F448008360836843F077038360BBE733F0100180
:10F45800B8D1B0E7D1E9015384682B43CD6824F4CF
:10F468007F4143EA05230B438360836843F4804369
:10F478008360A7E702207047046A4D6824F01004EF
:10F48800C9680462836923F4704343EA0133016A5B
:10F4980021F0A0018361144B41EA051101628168E2
:10F4A8000B4043F0670383608CE7036A4C68CD68C0
:10F4B80023F00A03016A1C430B4B21F0010101628E
:10F4C800816921F0F00141EA0511816104628168D6
:10F4D8000B4043F04703836074E700BF8800CEFF0A
:10F4E80020001000300010008FFFCFFF704700BFD2
:10F4F800704700BF704700BF704700BF03681A69B4
:10F50800910710B5044602D5DA68920768D41A69DB
:10F51800520702D5DA6850074FD41A69110702D585
:10F52800DA68120737D41A69D00602D5DA68D10624
:10F538001ED41A69D20702D5DA68D00769D41A69C5
:10F54800110602D5DA6812066BD41A69D00502D5FD
:10F55800DA6811066DD41A69520602D5DA685006BF
:10F568006FD41A69910602D5DA68920649D410BD9B
:10F578006FF010010822204619612277DB6913F425
:10F58800407F6FD1FFF7B2FF2046FFF7B3FF00229D
:10F5980023682277CDE76FF008010422204619611D
:10F5A8002277DB699B075AD1FFF7A0FF2046FFF7B8
:10F5B800A1FF002223682277B5E76FF00401022239
:10F5C8002046196122779B6913F4407F44D1FFF7E5
:10F5D8008DFF2046FFF78EFF0022236822779CE7E5
:10F5E8006FF002010122196102779B69990730D1F6
:10F5F800FFF77CFF2046FFF77DFF00222368227774
:10F6080085E76FF0200220461A61BDE8104000F03F
:10F618005FB86FF0010220461A61FEF75BFF2368AE
:10F628008DE76FF0800220461A6100F053F82368D6
:10F638008BE76FF4807220461A6100F04DF823685A
:10F6480089E76FF0400220461A61FFF755FF2368EB
:10F6580087E7FFF74DFFD0E7FFF74AFFBCE7FFF763
:10F6680047FFA6E7FFF744FF91E700BF90F83C206B
:10F67800012A28D003460068022230B4134D83F8CB
:10F688003D20A8424268846818D005F58065A842E4
:10F6980014D024F0800C22F070020C688968224390
:10F6A80000244CEA01014FF0010C426081602046C1
:10F6B80083F83DC083F83C4030BC704722F47002A8
:10F6C8004D682A43E5E70220704700BF000001406B
:10F6D800704700BF704700BF704700BF0B46014628
:10F6E800184600F001B8000010B5054C13462CB1BF
:10F6F8000A4601460220AFF3008010BD2046FCE711
:10F708000000000070B50D4D0D4C641BA4100026C0
:10F71800A64209D10B4D0C4C00F0E6F8641BA4106E
:10F728000026A64205D170BD55F8043B984701361E
:10F73800EEE755F8043B98470136F2E710F9000860
:10F7480010F9000810F9000834F900080A44914239
:10F7580000F1FF3300D1704710B511F8014B03F8E1
:10F76800014F9142F9D110BD02440346934200D1A2
:10F77800704703F8011BF9E7FFFFFFFFFFFF0000D9
:10F788000054004000580040005C0040001C005835
:10F79800250026002700340035004700520053009A
:10F7A8008E000000000000400004004000080040F7
:10F7B800000C004000061016000610160002030098
:10F7C8000000000001000000000000000000FA45F1
:10F7D80000007A460000FA4600803B470080BB479D
:10F7E80000000000010203040102030406070809DF
:10F7F80000020102000201020100020004000800E8
:10F8080010002000400080000001000200040008F1
:10F818000010002000400080000002580004025838
:10F8280000080258000C0258001002580014025830
:10F8380000180258001C02580020025800240258E0
:10F8480000280258000000000180808080808080AD
:10F858000480808080808080088080808080808094
:10F868001080808080808080208080808080808060
:10F8780040000000000408102040000002040810A6
:10F88800204000000B00FF00940200247C020024AA
:10F89800880200244C020024B8020024A00200249C
:10F8A800AC02002458020024DC020024C402002414
:10F8B800D002002464020024E02F0024C82F002472
:10F8C800D42F0024B02F002404300024EC2F00246F
:10F8D800F82F0024BC2F002400030024E802002491
:10F8E800F402002470020024F8B500BFF8BC08BC7C
:10F8F8009E467047F8B500BFF8BC08BC9E467047E6
:08F90800000AFF7F010000006E
:10F91000BD0200088D060008554A0008B1520008D3
:10F92000DD580008D16B0008A17300084DE1000804
:04F9300045E60008A0
:04F93400990200082C
:10F93800000000000100000010000000100000009E
:10F9480000000000000000000000000000000000AF
:10F95800000000001000000000000000000000008F
:10F96800000000000000000000000000100000007F
:10F97800000000000000000000000000000000007F
:10F98800000000000000000000000000000000006F
:10F99800000000000000000000000000010000005E
:10F9A800000000000000000000000000000000004F
:10F9B800000000000000000001000000000000003E
:10F9C800000000000000000000000000000000002F
:10F9D800000000000100000000000000000000001E
:10F9E800000000000000000000000000000000000F
:10F9F80001000000000000000000000000000000FE
:10FA080000000000000000000000000001000000ED
:10FA180000000000000000000000000000000000DE
:10FA280000000000000000000100000000000000CD
:10FA380000000000000000000000000000000000BE
:10FA480000000000010000000000000000000000AD
:10FA5800000000000000000000000000000000009E
:10FA6800010000000000000000000000000000008D
:10FA7800000000000000000000000000010000007D
:10FA8800010708000000000000000000010608004F
:10FA980000000000000000000B00FF00FC01002433
:10FAA800F001002414020024080200242C0200247F
:10FAB80020020024C0010024B4010024D80100243D
:10FAC800CC010024101F002438020024E401002483
:10FAD800EC1E0024041F0024F81E00245C010024EE
:10FAE80050010024010808020B080001080000006A
:10FAF800010908020A08000008000000010C0E03B2
:10FB0800020801050E000000020C0801060E0000A4
:10FB18000000000001040B000000000000000000CD
:10FB2800010707010F04000000000000010607019B
:10FB38000E040000000000000003070000000000A1
:10FB480000000000000207000000000000000000A4
:10FB5800020B07000000000000000000020A070076
:10FB68000000000000000000060907000000000077
:10FB7800000000000090D0030090D003060A0500A2
:10FB88000405000000000000010C0501040701093C
:10FB9800050000000004060000000000000000004E
:10FBA8000004080000000000000000000104050037
:10FBB8000605060905000000010505000705000007
:10FBC80000000000060B050005050000000000000D
:10FBD800010E0502020500000000000002010501F7
:10FBE8000F050203050000000303050000000000E4
:10FBF80000000000020B06010406000000000000DF
:10FC0800020C06010507000000000000020A0600B9
:10FC180000000000000000000104080006080000C1
:10FC280000000000010508000708000000000000AF
:10FC380000050800000000000000000000000000AF
:10FC480000000000000000000000000000000000AC
:10FC5800000000000100000000000000000000009B
:10FC6800000000000000000000000000000000008C
:10FC7800010000000000000000000000000000007B
:10FC8800000000000000000000000000010000006B
:10FC9800000000000000000000000000000000005C
:0CFCA8000000000000000000010000004F
:04000005080005E109
:00000001FF
