ARM GAS  C:\Users\aydan\AppData\Local\Temp\cc21BorY.s 			page 1


   1              		.cpu cortex-m7
   2              		.eabi_attribute 28, 1
   3              		.eabi_attribute 20, 1
   4              		.eabi_attribute 21, 1
   5              		.eabi_attribute 23, 3
   6              		.eabi_attribute 24, 1
   7              		.eabi_attribute 25, 1
   8              		.eabi_attribute 26, 1
   9              		.eabi_attribute 30, 2
  10              		.eabi_attribute 34, 1
  11              		.eabi_attribute 18, 4
  12              		.file	"project006.cpp"
  13              		.text
  14              	.Ltext0:
  15              		.cfi_sections	.debug_frame
  16              		.section	.text._ZN5daisy9DaisySeedD2Ev,"axG",%progbits,_ZN5daisy9DaisySeedD5Ev,comdat
  17              		.align	1
  18              		.p2align 2,,3
  19              		.weak	_ZN5daisy9DaisySeedD2Ev
  20              		.arch armv7e-m
  21              		.syntax unified
  22              		.thumb
  23              		.thumb_func
  24              		.fpu fpv5-d16
  26              	_ZN5daisy9DaisySeedD2Ev:
  27              	.LVL0:
  28              	.LFB2555:
  29              		.file 1 "../../libDaisy/src/daisy_seed.h"
   1:../../libDaisy/src/daisy_seed.h **** #pragma once
   2:../../libDaisy/src/daisy_seed.h **** #ifndef DSY_SEED_H
   3:../../libDaisy/src/daisy_seed.h **** #define DSY_SEED_H
   4:../../libDaisy/src/daisy_seed.h **** 
   5:../../libDaisy/src/daisy_seed.h **** #include "daisy.h"
   6:../../libDaisy/src/daisy_seed.h **** 
   7:../../libDaisy/src/daisy_seed.h **** //Uncomment this out if you're still using the rev2 hardware
   8:../../libDaisy/src/daisy_seed.h **** //#define SEED_REV2
   9:../../libDaisy/src/daisy_seed.h **** 
  10:../../libDaisy/src/daisy_seed.h **** namespace daisy
  11:../../libDaisy/src/daisy_seed.h **** {
  12:../../libDaisy/src/daisy_seed.h **** /**
  13:../../libDaisy/src/daisy_seed.h ****    @brief This is the higher-level interface for the Daisy board. \n 
  14:../../libDaisy/src/daisy_seed.h ****     All basic peripheral configuration/initialization is setup here. \n
  15:../../libDaisy/src/daisy_seed.h **** 
  16:../../libDaisy/src/daisy_seed.h ****    @ingroup boards
  17:../../libDaisy/src/daisy_seed.h **** */
  18:../../libDaisy/src/daisy_seed.h **** class DaisySeed
  19:../../libDaisy/src/daisy_seed.h **** {
  20:../../libDaisy/src/daisy_seed.h ****   public:
  21:../../libDaisy/src/daisy_seed.h ****     DaisySeed() {}
  22:../../libDaisy/src/daisy_seed.h ****     ~DaisySeed() {}
  30              		.loc 1 22 5 view -0
  31              		.cfi_startproc
  32              		@ args = 0, pretend = 0, frame = 0
  33              		@ frame_needed = 0, uses_anonymous_args = 0
  34              		@ link register save eliminated.
  35              	.LBB203:
  36              	.LBI203:
ARM GAS  C:\Users\aydan\AppData\Local\Temp\cc21BorY.s 			page 2


  37              		.file 2 "../../libDaisy/src/sys/system.h"
   1:../../libDaisy/src/sys/system.h **** #ifndef DSY_SYSTEM_H
   2:../../libDaisy/src/sys/system.h **** #define DSY_SYSTEM_H
   3:../../libDaisy/src/sys/system.h **** 
   4:../../libDaisy/src/sys/system.h **** #ifndef UNIT_TEST // for unit tests, a dummy implementation is provided below
   5:../../libDaisy/src/sys/system.h **** 
   6:../../libDaisy/src/sys/system.h **** #include <cstdint>
   7:../../libDaisy/src/sys/system.h **** #include "per/tim.h"
   8:../../libDaisy/src/sys/system.h **** 
   9:../../libDaisy/src/sys/system.h **** namespace daisy
  10:../../libDaisy/src/sys/system.h **** {
  11:../../libDaisy/src/sys/system.h **** /** A handle for interacting with the Core System.
  12:../../libDaisy/src/sys/system.h ****  ** This includes the Clock tree, MPU, global DMA initialization,
  13:../../libDaisy/src/sys/system.h ****  ** cache handling, and any other necessary global initiailzation
  14:../../libDaisy/src/sys/system.h ****  **
  15:../../libDaisy/src/sys/system.h ****  ** @author shensley
  16:../../libDaisy/src/sys/system.h ****  ** @ingroup system
  17:../../libDaisy/src/sys/system.h ****  */
  18:../../libDaisy/src/sys/system.h **** class System
  19:../../libDaisy/src/sys/system.h **** {
  20:../../libDaisy/src/sys/system.h ****   public:
  21:../../libDaisy/src/sys/system.h ****     /** Contains settings for initializing the System */
  22:../../libDaisy/src/sys/system.h ****     struct Config
  23:../../libDaisy/src/sys/system.h ****     {
  24:../../libDaisy/src/sys/system.h ****         /** Specifies the system clock frequency that feeds APB/AHB clocks, etc. */
  25:../../libDaisy/src/sys/system.h ****         enum class SysClkFreq
  26:../../libDaisy/src/sys/system.h ****         {
  27:../../libDaisy/src/sys/system.h ****             FREQ_400MHZ,
  28:../../libDaisy/src/sys/system.h ****             FREQ_480MHZ,
  29:../../libDaisy/src/sys/system.h ****         };
  30:../../libDaisy/src/sys/system.h **** 
  31:../../libDaisy/src/sys/system.h ****         /** Method to call on the struct to set to defaults
  32:../../libDaisy/src/sys/system.h ****          ** CPU Freq set to 400MHz
  33:../../libDaisy/src/sys/system.h ****          ** Cache Enabled
  34:../../libDaisy/src/sys/system.h ****          ** */
  35:../../libDaisy/src/sys/system.h ****         void Defaults()
  36:../../libDaisy/src/sys/system.h ****         {
  37:../../libDaisy/src/sys/system.h ****             cpu_freq    = SysClkFreq::FREQ_400MHZ;
  38:../../libDaisy/src/sys/system.h ****             use_dcache  = true;
  39:../../libDaisy/src/sys/system.h ****             use_icache  = true;
  40:../../libDaisy/src/sys/system.h ****             skip_clocks = false;
  41:../../libDaisy/src/sys/system.h ****         }
  42:../../libDaisy/src/sys/system.h **** 
  43:../../libDaisy/src/sys/system.h ****         /** Method to call on the struct to set to boost mode:
  44:../../libDaisy/src/sys/system.h ****          ** CPU Freq set to 480MHz
  45:../../libDaisy/src/sys/system.h ****          ** Cache Enabled
  46:../../libDaisy/src/sys/system.h ****          ** */
  47:../../libDaisy/src/sys/system.h ****         void Boost()
  48:../../libDaisy/src/sys/system.h ****         {
  49:../../libDaisy/src/sys/system.h ****             cpu_freq    = SysClkFreq::FREQ_480MHZ;
  50:../../libDaisy/src/sys/system.h ****             use_dcache  = true;
  51:../../libDaisy/src/sys/system.h ****             use_icache  = true;
  52:../../libDaisy/src/sys/system.h ****             skip_clocks = false;
  53:../../libDaisy/src/sys/system.h ****         }
  54:../../libDaisy/src/sys/system.h **** 
  55:../../libDaisy/src/sys/system.h ****         SysClkFreq cpu_freq;
  56:../../libDaisy/src/sys/system.h ****         bool       use_dcache;
ARM GAS  C:\Users\aydan\AppData\Local\Temp\cc21BorY.s 			page 3


  57:../../libDaisy/src/sys/system.h ****         bool       use_icache;
  58:../../libDaisy/src/sys/system.h ****         bool       skip_clocks;
  59:../../libDaisy/src/sys/system.h ****     };
  60:../../libDaisy/src/sys/system.h **** 
  61:../../libDaisy/src/sys/system.h ****     /** Describes the different regions of memory available to the Daisy */
  62:../../libDaisy/src/sys/system.h ****     enum MemoryRegion
  63:../../libDaisy/src/sys/system.h ****     {
  64:../../libDaisy/src/sys/system.h ****         INTERNAL_FLASH = 0,
  65:../../libDaisy/src/sys/system.h ****         ITCMRAM,
  66:../../libDaisy/src/sys/system.h ****         DTCMRAM,
  67:../../libDaisy/src/sys/system.h ****         SRAM_D1,
  68:../../libDaisy/src/sys/system.h ****         SRAM_D2,
  69:../../libDaisy/src/sys/system.h ****         SRAM_D3,
  70:../../libDaisy/src/sys/system.h ****         SDRAM,
  71:../../libDaisy/src/sys/system.h ****         QSPI,
  72:../../libDaisy/src/sys/system.h ****         INVALID_ADDRESS,
  73:../../libDaisy/src/sys/system.h ****     };
  74:../../libDaisy/src/sys/system.h **** 
  75:../../libDaisy/src/sys/system.h ****     /** Bootloader struct for controlling bootloading parameters */
  76:../../libDaisy/src/sys/system.h ****     struct BootInfo
  77:../../libDaisy/src/sys/system.h ****     {
  78:../../libDaisy/src/sys/system.h ****         enum class Type : uint32_t
  79:../../libDaisy/src/sys/system.h ****         {
  80:../../libDaisy/src/sys/system.h ****             INVALID      = 0x00000000,
  81:../../libDaisy/src/sys/system.h ****             JUMP         = 0xDEADBEEF,
  82:../../libDaisy/src/sys/system.h ****             SKIP_TIMEOUT = 0x5AFEB007,
  83:../../libDaisy/src/sys/system.h ****             INF_TIMEOUT  = 0xB0074EFA,
  84:../../libDaisy/src/sys/system.h ****         } status;
  85:../../libDaisy/src/sys/system.h ****         uint32_t data;
  86:../../libDaisy/src/sys/system.h ****         enum class Version : uint32_t
  87:../../libDaisy/src/sys/system.h ****         {
  88:../../libDaisy/src/sys/system.h ****             LT_v6_0 = 0, // Less than v6.0
  89:../../libDaisy/src/sys/system.h ****             NONE,        // No bootloader present
  90:../../libDaisy/src/sys/system.h ****             v6_0,        // v6.0
  91:../../libDaisy/src/sys/system.h ****             v6_1,        // v6.1 or greater
  92:../../libDaisy/src/sys/system.h ****             LAST
  93:../../libDaisy/src/sys/system.h ****         } version;
  94:../../libDaisy/src/sys/system.h ****     };
  95:../../libDaisy/src/sys/system.h **** 
  96:../../libDaisy/src/sys/system.h ****     System() {}
  97:../../libDaisy/src/sys/system.h ****     ~System() {}
  38              		.loc 2 97 5 view .LVU1
  39              		.loc 2 97 5 is_stmt 0 view .LVU2
  40              	.LBE203:
  41              	.LBB204:
  42              	.LBI204:
  43              		.file 3 "../../libDaisy/src/hid/usb.h"
   1:../../libDaisy/src/hid/usb.h **** #pragma once
   2:../../libDaisy/src/hid/usb.h **** #ifndef DSY_HID_USB_H
   3:../../libDaisy/src/hid/usb.h **** #define DSY_HID_USB_H
   4:../../libDaisy/src/hid/usb.h **** #include <stdint.h>
   5:../../libDaisy/src/hid/usb.h **** #include <stdlib.h>
   6:../../libDaisy/src/hid/usb.h **** 
   7:../../libDaisy/src/hid/usb.h **** namespace daisy
   8:../../libDaisy/src/hid/usb.h **** /** @addtogroup human_interface
   9:../../libDaisy/src/hid/usb.h ****     @{
  10:../../libDaisy/src/hid/usb.h **** */
ARM GAS  C:\Users\aydan\AppData\Local\Temp\cc21BorY.s 			page 4


  11:../../libDaisy/src/hid/usb.h **** 
  12:../../libDaisy/src/hid/usb.h **** {
  13:../../libDaisy/src/hid/usb.h **** /** 
  14:../../libDaisy/src/hid/usb.h ****     @brief Interface for initializing and using the USB Peripherals on the daisy
  15:../../libDaisy/src/hid/usb.h ****     @author Stephen Hensley
  16:../../libDaisy/src/hid/usb.h ****     @date December 2019
  17:../../libDaisy/src/hid/usb.h **** */
  18:../../libDaisy/src/hid/usb.h **** class UsbHandle
  19:../../libDaisy/src/hid/usb.h **** {
  20:../../libDaisy/src/hid/usb.h ****   public:
  21:../../libDaisy/src/hid/usb.h ****     /** Return values for USBHandle Functions */
  22:../../libDaisy/src/hid/usb.h ****     enum class Result
  23:../../libDaisy/src/hid/usb.h ****     {
  24:../../libDaisy/src/hid/usb.h ****         OK,
  25:../../libDaisy/src/hid/usb.h ****         ERR,
  26:../../libDaisy/src/hid/usb.h ****     };
  27:../../libDaisy/src/hid/usb.h **** 
  28:../../libDaisy/src/hid/usb.h ****     /** Specified which of the two USB Peripherals to initialize. */
  29:../../libDaisy/src/hid/usb.h ****     enum UsbPeriph
  30:../../libDaisy/src/hid/usb.h ****     {
  31:../../libDaisy/src/hid/usb.h ****         FS_INTERNAL, /**< Internal pin */
  32:../../libDaisy/src/hid/usb.h ****         FS_EXTERNAL, /**< FS External D+ pin is Pin 38 (GPIO32). FS External D- pin is Pin 37 (GPIO
  33:../../libDaisy/src/hid/usb.h ****         FS_BOTH,     /**< Both */
  34:../../libDaisy/src/hid/usb.h ****     };
  35:../../libDaisy/src/hid/usb.h **** 
  36:../../libDaisy/src/hid/usb.h **** 
  37:../../libDaisy/src/hid/usb.h ****     /** Function called upon reception of a buffer */
  38:../../libDaisy/src/hid/usb.h ****     typedef void (*ReceiveCallback)(uint8_t* buff, uint32_t* len);
  39:../../libDaisy/src/hid/usb.h **** 
  40:../../libDaisy/src/hid/usb.h ****     UsbHandle() {}
  41:../../libDaisy/src/hid/usb.h **** 
  42:../../libDaisy/src/hid/usb.h ****     ~UsbHandle() {}
  44              		.loc 3 42 5 is_stmt 1 view .LVU3
  45              		.loc 3 42 5 is_stmt 0 view .LVU4
  46              	.LBE204:
  47              	.LBB205:
  48              	.LBI205:
  49              		.file 4 "../../libDaisy/src/per/adc.h"
   1:../../libDaisy/src/per/adc.h **** #pragma once
   2:../../libDaisy/src/per/adc.h **** #ifndef DSY_ADC_H
   3:../../libDaisy/src/per/adc.h **** #define DSY_ADC_H /**< Macro */
   4:../../libDaisy/src/per/adc.h **** #include <stdint.h>
   5:../../libDaisy/src/per/adc.h **** #include <stdlib.h>
   6:../../libDaisy/src/per/adc.h **** #include "daisy_core.h"
   7:../../libDaisy/src/per/adc.h **** #include "per/gpio.h"
   8:../../libDaisy/src/per/adc.h **** 
   9:../../libDaisy/src/per/adc.h **** #define DSY_ADC_MAX_CHANNELS 16 /**< Maximum number of ADC channels */
  10:../../libDaisy/src/per/adc.h **** 
  11:../../libDaisy/src/per/adc.h **** namespace daisy
  12:../../libDaisy/src/per/adc.h **** {
  13:../../libDaisy/src/per/adc.h **** /** @addtogroup per_analog
  14:../../libDaisy/src/per/adc.h ****     @{
  15:../../libDaisy/src/per/adc.h **** */
  16:../../libDaisy/src/per/adc.h **** 
  17:../../libDaisy/src/per/adc.h **** /* While there may not be many configuration options here,
  18:../../libDaisy/src/per/adc.h **** using a struct like this allows us to add more configuration
  19:../../libDaisy/src/per/adc.h **** later without breaking existing functionality.
ARM GAS  C:\Users\aydan\AppData\Local\Temp\cc21BorY.s 			page 5


  20:../../libDaisy/src/per/adc.h **** */
  21:../../libDaisy/src/per/adc.h **** 
  22:../../libDaisy/src/per/adc.h **** /** @brief   Configuration Structure for an ADC Channel 
  23:../../libDaisy/src/per/adc.h ****  *  @details This can be used to configure a a single input, 
  24:../../libDaisy/src/per/adc.h ****  *           or a multiplexed input, allowing up to 8 inputs on 
  25:../../libDaisy/src/per/adc.h ****  *           one channel.
  26:../../libDaisy/src/per/adc.h ****  *  @note    Sharing data lines to multiple muxes _is_ possible, but
  27:../../libDaisy/src/per/adc.h ****  *           each channel sharing data lines must be set to the maximum
  28:../../libDaisy/src/per/adc.h ****  *           number of channels, even if some multiplexers have fewer
  29:../../libDaisy/src/per/adc.h ****  *           inputs connected.
  30:../../libDaisy/src/per/adc.h **** */
  31:../../libDaisy/src/per/adc.h **** struct AdcChannelConfig
  32:../../libDaisy/src/per/adc.h **** {
  33:../../libDaisy/src/per/adc.h ****     /** Which pin to use for multiplexing */
  34:../../libDaisy/src/per/adc.h ****     enum MuxPin
  35:../../libDaisy/src/per/adc.h ****     {
  36:../../libDaisy/src/per/adc.h ****         MUX_SEL_0,    /**< & */
  37:../../libDaisy/src/per/adc.h ****         MUX_SEL_1,    /**< & */
  38:../../libDaisy/src/per/adc.h ****         MUX_SEL_2,    /**< & */
  39:../../libDaisy/src/per/adc.h ****         MUX_SEL_LAST, /**< & */
  40:../../libDaisy/src/per/adc.h ****     };
  41:../../libDaisy/src/per/adc.h **** 
  42:../../libDaisy/src/per/adc.h ****     /** \brief per channel conversion speed added to fixed time based on bitdepth, etc. */
  43:../../libDaisy/src/per/adc.h ****     enum ConversionSpeed
  44:../../libDaisy/src/per/adc.h ****     {
  45:../../libDaisy/src/per/adc.h ****         SPEED_1CYCLES_5,
  46:../../libDaisy/src/per/adc.h ****         SPEED_2CYCLES_5,
  47:../../libDaisy/src/per/adc.h ****         SPEED_8CYCLES_5,
  48:../../libDaisy/src/per/adc.h ****         SPEED_16CYCLES_5,
  49:../../libDaisy/src/per/adc.h ****         SPEED_32CYCLES_5,
  50:../../libDaisy/src/per/adc.h ****         SPEED_64CYCLES_5,
  51:../../libDaisy/src/per/adc.h ****         SPEED_387CYCLES_5,
  52:../../libDaisy/src/per/adc.h ****         SPEED_810CYCLES_5,
  53:../../libDaisy/src/per/adc.h ****     };
  54:../../libDaisy/src/per/adc.h **** 
  55:../../libDaisy/src/per/adc.h ****     /** Initializes a single ADC pin as an ADC. 
  56:../../libDaisy/src/per/adc.h ****     \param pin Pin to init.
  57:../../libDaisy/src/per/adc.h ****     \param speed conversion speed for this pin defaults to 8.5 cycles
  58:../../libDaisy/src/per/adc.h ****      */
  59:../../libDaisy/src/per/adc.h ****     void InitSingle(dsy_gpio_pin pin, ConversionSpeed speed = SPEED_8CYCLES_5);
  60:../../libDaisy/src/per/adc.h **** 
  61:../../libDaisy/src/per/adc.h ****     /** 
  62:../../libDaisy/src/per/adc.h ****     Initializes a single ADC pin as a Multiplexed ADC.
  63:../../libDaisy/src/per/adc.h ****     Requires a CD405X Multiplexer connected to the pin.
  64:../../libDaisy/src/per/adc.h ****     You only need to supply the mux pins that are required,
  65:../../libDaisy/src/per/adc.h ****     e.g. a 4052 mux would only require mux_0 and mux_1.
  66:../../libDaisy/src/per/adc.h ****     Internal Callbacks handle the pin addressing.
  67:../../libDaisy/src/per/adc.h ****     \param adc_pin &
  68:../../libDaisy/src/per/adc.h ****     \param mux_channels must be 1-8
  69:../../libDaisy/src/per/adc.h ****     \param mux_0 First mux pin
  70:../../libDaisy/src/per/adc.h ****     \param mux_1 Second mux pin
  71:../../libDaisy/src/per/adc.h ****     \param mux_2 Third mux pin
  72:../../libDaisy/src/per/adc.h ****     \param speed conversion speed for this pin defaults to 8.5 cycles
  73:../../libDaisy/src/per/adc.h ****     */
  74:../../libDaisy/src/per/adc.h ****     void InitMux(dsy_gpio_pin    adc_pin,
  75:../../libDaisy/src/per/adc.h ****                  size_t          mux_channels,
  76:../../libDaisy/src/per/adc.h ****                  dsy_gpio_pin    mux_0,
ARM GAS  C:\Users\aydan\AppData\Local\Temp\cc21BorY.s 			page 6


  77:../../libDaisy/src/per/adc.h ****                  dsy_gpio_pin    mux_1 = {DSY_GPIOX, 0},
  78:../../libDaisy/src/per/adc.h ****                  dsy_gpio_pin    mux_2 = {DSY_GPIOX, 0},
  79:../../libDaisy/src/per/adc.h ****                  ConversionSpeed speed = SPEED_8CYCLES_5);
  80:../../libDaisy/src/per/adc.h **** 
  81:../../libDaisy/src/per/adc.h ****     dsy_gpio        pin_;                   /**< & */
  82:../../libDaisy/src/per/adc.h ****     dsy_gpio        mux_pin_[MUX_SEL_LAST]; /**< & */
  83:../../libDaisy/src/per/adc.h ****     uint8_t         mux_channels_;          /**< & */
  84:../../libDaisy/src/per/adc.h ****     ConversionSpeed speed_;
  85:../../libDaisy/src/per/adc.h **** };
  86:../../libDaisy/src/per/adc.h **** 
  87:../../libDaisy/src/per/adc.h **** /**
  88:../../libDaisy/src/per/adc.h ****    @brief Handler for analog to digital conversion
  89:../../libDaisy/src/per/adc.h **** */
  90:../../libDaisy/src/per/adc.h **** class AdcHandle
  91:../../libDaisy/src/per/adc.h **** {
  92:../../libDaisy/src/per/adc.h ****   public:
  93:../../libDaisy/src/per/adc.h ****     /** Supported oversampling amounts */
  94:../../libDaisy/src/per/adc.h ****     enum OverSampling
  95:../../libDaisy/src/per/adc.h ****     {
  96:../../libDaisy/src/per/adc.h ****         OVS_NONE, /**< & */
  97:../../libDaisy/src/per/adc.h ****         OVS_4,    /**< & */
  98:../../libDaisy/src/per/adc.h ****         OVS_8,    /**< & */
  99:../../libDaisy/src/per/adc.h ****         OVS_16,   /**< & */
 100:../../libDaisy/src/per/adc.h ****         OVS_32,   /**< & */
 101:../../libDaisy/src/per/adc.h ****         OVS_64,   /**< & */
 102:../../libDaisy/src/per/adc.h ****         OVS_128,  /**< & */
 103:../../libDaisy/src/per/adc.h ****         OVS_256,  /**< & */
 104:../../libDaisy/src/per/adc.h ****         OVS_512,  /**< & */
 105:../../libDaisy/src/per/adc.h ****         OVS_1024, /**< & */
 106:../../libDaisy/src/per/adc.h ****         OVS_LAST, /**< & */
 107:../../libDaisy/src/per/adc.h ****     };
 108:../../libDaisy/src/per/adc.h **** 
 109:../../libDaisy/src/per/adc.h ****     AdcHandle() {}
 110:../../libDaisy/src/per/adc.h ****     ~AdcHandle() {}
  50              		.loc 4 110 5 is_stmt 1 view .LVU5
  51              		.loc 4 110 5 is_stmt 0 view .LVU6
  52              	.LBE205:
  53              	.LBB206:
  54              	.LBI206:
  55              		.file 5 "../../libDaisy/src/hid/audio.h"
   1:../../libDaisy/src/hid/audio.h **** #ifndef DSY_AUDIO_H
   2:../../libDaisy/src/hid/audio.h **** #define DSY_AUDIO_H /**< & */
   3:../../libDaisy/src/hid/audio.h **** 
   4:../../libDaisy/src/hid/audio.h **** #include "per/sai.h"
   5:../../libDaisy/src/hid/audio.h **** 
   6:../../libDaisy/src/hid/audio.h **** namespace daisy
   7:../../libDaisy/src/hid/audio.h **** {
   8:../../libDaisy/src/hid/audio.h **** /** @brief Audio Engine Handle
   9:../../libDaisy/src/hid/audio.h ****  *  @ingroup audio 
  10:../../libDaisy/src/hid/audio.h ****  *  @details This class allows for higher level access to an audio engine.
  11:../../libDaisy/src/hid/audio.h ****  *           If you're using a SOM like the DaisySeed or DaisyPatchSM (or any 
  12:../../libDaisy/src/hid/audio.h ****  *            board that includes one of those objects) then the intialization
  13:../../libDaisy/src/hid/audio.h ****  *            is already taken  care of.
  14:../../libDaisy/src/hid/audio.h ****  *           If you're setting up your own custom hardware, or need to make changes
  15:../../libDaisy/src/hid/audio.h ****  *           you will have to take the following steps:
  16:../../libDaisy/src/hid/audio.h ****  *             1. Create and Initialize an SaiHandle or two depending on your requirements
  17:../../libDaisy/src/hid/audio.h ****  *             2. Initialize the Audio Handle with the desired settings and the Initialized SaiHand
ARM GAS  C:\Users\aydan\AppData\Local\Temp\cc21BorY.s 			page 7


  18:../../libDaisy/src/hid/audio.h ****  *             3. If the connected codec requires special configuration or initialization, do so
  19:../../libDaisy/src/hid/audio.h ****  *             4. Write a callback method using either the AudioCallback or the InterleavingAudioCa
  20:../../libDaisy/src/hid/audio.h ****  *             5. Start the Audio using one of the StartAudio function
  21:../../libDaisy/src/hid/audio.h ****  */
  22:../../libDaisy/src/hid/audio.h **** class AudioHandle
  23:../../libDaisy/src/hid/audio.h **** {
  24:../../libDaisy/src/hid/audio.h ****   public:
  25:../../libDaisy/src/hid/audio.h ****     /** Manually configurable details about the Audio Engine */
  26:../../libDaisy/src/hid/audio.h ****     /** TODO: Figure out how to get samplerate in here. */
  27:../../libDaisy/src/hid/audio.h ****     struct Config
  28:../../libDaisy/src/hid/audio.h ****     {
  29:../../libDaisy/src/hid/audio.h ****         /** number of samples to process per callback */
  30:../../libDaisy/src/hid/audio.h ****         size_t blocksize;
  31:../../libDaisy/src/hid/audio.h **** 
  32:../../libDaisy/src/hid/audio.h ****         /**< Sample rate of audio */
  33:../../libDaisy/src/hid/audio.h ****         SaiHandle::Config::SampleRate samplerate;
  34:../../libDaisy/src/hid/audio.h **** 
  35:../../libDaisy/src/hid/audio.h ****         /** factor for adjustment before and after callback for hardware that may have extra headro
  36:../../libDaisy/src/hid/audio.h ****         float postgain;
  37:../../libDaisy/src/hid/audio.h **** 
  38:../../libDaisy/src/hid/audio.h ****         /** factor for additional one-sided compensation to audio path for hardware that may
  39:../../libDaisy/src/hid/audio.h ****          *  have unequal input/output ranges
  40:../../libDaisy/src/hid/audio.h ****          */
  41:../../libDaisy/src/hid/audio.h ****         float output_compensation;
  42:../../libDaisy/src/hid/audio.h **** 
  43:../../libDaisy/src/hid/audio.h ****         /** Sets default values for config struct */
  44:../../libDaisy/src/hid/audio.h ****         Config()
  45:../../libDaisy/src/hid/audio.h ****         : blocksize(48),
  46:../../libDaisy/src/hid/audio.h ****           samplerate(SaiHandle::Config::SampleRate::SAI_48KHZ),
  47:../../libDaisy/src/hid/audio.h ****           postgain(1.f),
  48:../../libDaisy/src/hid/audio.h ****           output_compensation(1.f)
  49:../../libDaisy/src/hid/audio.h ****         {
  50:../../libDaisy/src/hid/audio.h ****         }
  51:../../libDaisy/src/hid/audio.h ****     };
  52:../../libDaisy/src/hid/audio.h **** 
  53:../../libDaisy/src/hid/audio.h ****     enum class Result
  54:../../libDaisy/src/hid/audio.h ****     {
  55:../../libDaisy/src/hid/audio.h ****         OK,
  56:../../libDaisy/src/hid/audio.h ****         ERR,
  57:../../libDaisy/src/hid/audio.h ****     };
  58:../../libDaisy/src/hid/audio.h **** 
  59:../../libDaisy/src/hid/audio.h ****     /** Non-Interleaving input buffer
  60:../../libDaisy/src/hid/audio.h ****      * Buffer arranged by float[chn][sample] 
  61:../../libDaisy/src/hid/audio.h ****      * const so that the user can't modify the input
  62:../../libDaisy/src/hid/audio.h ****      */
  63:../../libDaisy/src/hid/audio.h ****     typedef const float* const* InputBuffer;
  64:../../libDaisy/src/hid/audio.h **** 
  65:../../libDaisy/src/hid/audio.h ****     /** Non-Interleaving output buffer
  66:../../libDaisy/src/hid/audio.h ****      * Arranged by float[chn][sample] 
  67:../../libDaisy/src/hid/audio.h ****      */
  68:../../libDaisy/src/hid/audio.h ****     typedef float** OutputBuffer;
  69:../../libDaisy/src/hid/audio.h **** 
  70:../../libDaisy/src/hid/audio.h ****     /** Type for a Non-Interleaving audio callback 
  71:../../libDaisy/src/hid/audio.h ****      * Non-Interleaving audio callbacks in daisy will be of this type
  72:../../libDaisy/src/hid/audio.h ****      */
  73:../../libDaisy/src/hid/audio.h ****     typedef void (*AudioCallback)(InputBuffer  in,
  74:../../libDaisy/src/hid/audio.h ****                                   OutputBuffer out,
ARM GAS  C:\Users\aydan\AppData\Local\Temp\cc21BorY.s 			page 8


  75:../../libDaisy/src/hid/audio.h ****                                   size_t       size);
  76:../../libDaisy/src/hid/audio.h **** 
  77:../../libDaisy/src/hid/audio.h ****     /** Interleaving Input buffer
  78:../../libDaisy/src/hid/audio.h ****      ** audio is prepared as { L0, R0, L1, R1, . . . LN, RN }]
  79:../../libDaisy/src/hid/audio.h ****      ** this is const, as the user shouldn't modify it
  80:../../libDaisy/src/hid/audio.h ****     */
  81:../../libDaisy/src/hid/audio.h ****     typedef const float* InterleavingInputBuffer;
  82:../../libDaisy/src/hid/audio.h **** 
  83:../../libDaisy/src/hid/audio.h ****     /** Interleaving Output buffer 
  84:../../libDaisy/src/hid/audio.h ****      ** audio is prepared as { L0, R0, L1, R1, . . . LN, RN }
  85:../../libDaisy/src/hid/audio.h ****     */
  86:../../libDaisy/src/hid/audio.h ****     typedef float* InterleavingOutputBuffer;
  87:../../libDaisy/src/hid/audio.h **** 
  88:../../libDaisy/src/hid/audio.h ****     /** Interleaving Audio Callback 
  89:../../libDaisy/src/hid/audio.h ****      * Interleaving audio callbacks in daisy must be of this type
  90:../../libDaisy/src/hid/audio.h ****      */
  91:../../libDaisy/src/hid/audio.h ****     typedef void (*InterleavingAudioCallback)(InterleavingInputBuffer  in,
  92:../../libDaisy/src/hid/audio.h ****                                               InterleavingOutputBuffer out,
  93:../../libDaisy/src/hid/audio.h ****                                               size_t                   size);
  94:../../libDaisy/src/hid/audio.h **** 
  95:../../libDaisy/src/hid/audio.h ****     AudioHandle() : pimpl_(nullptr) {}
  96:../../libDaisy/src/hid/audio.h ****     ~AudioHandle() {}
  56              		.loc 5 96 5 is_stmt 1 view .LVU7
  57              		.loc 5 96 5 is_stmt 0 view .LVU8
  58              	.LBE206:
  59              		.loc 1 22 19 view .LVU9
  60 0000 7047     		bx	lr
  61              		.cfi_endproc
  62              	.LFE2555:
  64              		.weak	_ZN5daisy9DaisySeedD1Ev
  65              		.thumb_set _ZN5daisy9DaisySeedD1Ev,_ZN5daisy9DaisySeedD2Ev
  66 0002 00BF     		.section	.text._ZL13AudioCallbackPKPKfPPfj,"ax",%progbits
  67              		.align	1
  68              		.p2align 2,,3
  69              		.syntax unified
  70              		.thumb
  71              		.thumb_func
  72              		.fpu fpv5-d16
  74              	_ZL13AudioCallbackPKPKfPPfj:
  75              	.LVL1:
  76              	.LFB4795:
  77              		.file 6 "project006.cpp"
   1:project006.cpp **** #include "daisy_seed.h"
   2:project006.cpp **** #include "daisysp.h"
   3:project006.cpp **** #include "reverb_delay_module.h"
   4:project006.cpp **** 
   5:project006.cpp **** #include <cmath>
   6:project006.cpp **** #include <cstdio>
   7:project006.cpp **** #include <cstring>
   8:project006.cpp **** 
   9:project006.cpp **** // GuitarML / BKShepherd modules
  10:project006.cpp **** #include "base_effect_module.h"
  11:project006.cpp **** #include "chorus_module.h"
  12:project006.cpp **** #include "overdrive_module.h"
  13:project006.cpp **** 
  14:project006.cpp **** 
  15:project006.cpp **** using namespace daisy;
ARM GAS  C:\Users\aydan\AppData\Local\Temp\cc21BorY.s 			page 9


  16:project006.cpp **** using namespace daisy::seed;
  17:project006.cpp **** using namespace bkshepherd;
  18:project006.cpp **** 
  19:project006.cpp **** // ============================================================
  20:project006.cpp **** // Hardware
  21:project006.cpp **** // ============================================================
  22:project006.cpp **** DaisySeed   hw;
  23:project006.cpp **** UartHandler uart;
  24:project006.cpp **** 
  25:project006.cpp **** 
  26:project006.cpp **** // 6-position rotary: throws -> D3..D8, common -> GND (inputs use pull-ups)
  27:project006.cpp **** static constexpr int kNumPos 
  28:project006.cpp **** = 6;
  29:project006.cpp **** static const Pin     kRotPins[kNumPos] = {D3, D4, D5, D6, D7, D8};
  30:project006.cpp **** GPIO                 rot[kNumPos];
  31:project006.cpp **** 
  32:project006.cpp **** // Footswitch: active-low to GND, pull-up
  33:project006.cpp **** GPIO foot;
  34:project006.cpp **** 
  35:project006.cpp **** // 3 physical pots
  36:project006.cpp **** static constexpr int   kNumPotsPhys     = 3;
  37:project006.cpp **** static constexpr float kPotPlaceholder4 = 0.5f; // 4th param placeholder for telemetry only
  38:project006.cpp **** 
  39:project006.cpp **** // ============================================================
  40:project006.cpp **** // FX selection (rotary pos 1..4 used)
  41:project006.cpp **** // ============================================================
  42:project006.cpp **** enum FxSel : int
  43:project006.cpp **** {
  44:project006.cpp ****     FX_TUNER       = 0, // Rotary Pos 1
  45:project006.cpp ****     FX_CHORUS      = 1, // Rotary Pos 2
  46:project006.cpp ****     FX_REVERBDELAY = 2, // Rotary Pos 3
  47:project006.cpp ****     FX_OVERDRIVE   = 3, // Rotary Pos 4
  48:project006.cpp ****     FX_COUNT       = 4
  49:project006.cpp **** };
  50:project006.cpp **** 
  51:project006.cpp **** // Shared state (main loop writes, audio callback reads snapshots)
  52:project006.cpp **** volatile int   g_fx = FX_TUNER;
  53:project006.cpp **** volatile float g_pots[4] = {0.f, 0.f, 0.f, kPotPlaceholder4};
  54:project006.cpp **** 
  55:project006.cpp **** volatile bool  g_foot_down   = false;
  56:project006.cpp **** volatile int   g_press_count = 0;
  57:project006.cpp **** volatile bool  g_bypass      = false; // applies to non-tuner effects
  58:project006.cpp **** 
  59:project006.cpp **** // ============================================================
  60:project006.cpp **** // UART helpers (do NOT call from audio callback)
  61:project006.cpp **** // ============================================================
  62:project006.cpp **** static void uart_send(const char *s)
  63:project006.cpp **** {
  64:project006.cpp ****     uart.BlockingTransmit((uint8_t *)s, strlen(s), 1000);
  65:project006.cpp **** }
  66:project006.cpp **** 
  67:project006.cpp **** static void send_effect(int fx)
  68:project006.cpp **** {
  69:project006.cpp ****     char buf[32];
  70:project006.cpp ****     std::snprintf(buf, sizeof(buf), "E,%d\n", fx);
  71:project006.cpp ****     uart_send(buf);
  72:project006.cpp **** }
ARM GAS  C:\Users\aydan\AppData\Local\Temp\cc21BorY.s 			page 10


  73:project006.cpp **** 
  74:project006.cpp **** static void send_pots(float p0, float p1, float p2, float p3)
  75:project006.cpp **** {
  76:project006.cpp ****     char buf[96];
  77:project006.cpp ****     std::snprintf(buf, sizeof(buf), "P,%.4f,%.4f,%.4f,%.4f\n", p0, p1, p2, p3);
  78:project006.cpp ****     uart_send(buf);
  79:project006.cpp **** }
  80:project006.cpp **** 
  81:project006.cpp **** static void send_footswitch(bool down, const char *edge, int press_count)
  82:project006.cpp **** {
  83:project006.cpp ****     char buf[96];
  84:project006.cpp ****     std::snprintf(buf, sizeof(buf), "S,%d,%s,%d\n", down ? 1 : 0, edge, press_count);
  85:project006.cpp ****     uart_send(buf);
  86:project006.cpp **** }
  87:project006.cpp **** 
  88:project006.cpp **** static void send_tuner(bool valid, float freq_hz, const char *note, float cents, float conf)
  89:project006.cpp **** {
  90:project006.cpp ****     char buf[128];
  91:project006.cpp ****     std::snprintf(buf, sizeof(buf), "T,%d,%.3f,%s,%.2f,%.3f\n",
  92:project006.cpp ****                   valid ? 1 : 0, freq_hz, note, cents, conf);
  93:project006.cpp ****     uart_send(buf);
  94:project006.cpp **** }
  95:project006.cpp **** 
  96:project006.cpp **** // ============================================================
  97:project006.cpp **** // Small utils
  98:project006.cpp **** // ============================================================
  99:project006.cpp **** static inline float clampf(float x, float lo, float hi)
 100:project006.cpp **** {
 101:project006.cpp ****     return (x < lo) ? lo : (x > hi) ? hi : x;
 102:project006.cpp **** }
 103:project006.cpp **** 
 104:project006.cpp **** static inline float lpf1(float y, float x, float a)
 105:project006.cpp **** {
 106:project006.cpp ****     return y + a * (x - y);
 107:project006.cpp **** }
 108:project006.cpp **** 
 109:project006.cpp **** static inline bool str_contains_ci(const char *hay, const char *needle)
 110:project006.cpp **** {
 111:project006.cpp ****     if(!hay || !needle)
 112:project006.cpp ****         return false;
 113:project006.cpp ****     // very small, simple case-insensitive substring check
 114:project006.cpp ****     for(const char *h = hay; *h; ++h)
 115:project006.cpp ****     {
 116:project006.cpp ****         const char *h2 = h;
 117:project006.cpp ****         const char *n  = needle;
 118:project006.cpp ****         while(*h2 && *n)
 119:project006.cpp ****         {
 120:project006.cpp ****             char ch = *h2;
 121:project006.cpp ****             char cn = *n;
 122:project006.cpp ****             if(ch >= 'A' && ch <= 'Z')
 123:project006.cpp ****                 ch = char(ch - 'A' + 'a');
 124:project006.cpp ****             if(cn >= 'A' && cn <= 'Z')
 125:project006.cpp ****                 cn = char(cn - 'A' + 'a');
 126:project006.cpp ****             if(ch != cn)
 127:project006.cpp ****                 break;
 128:project006.cpp ****             ++h2;
 129:project006.cpp ****             ++n;
ARM GAS  C:\Users\aydan\AppData\Local\Temp\cc21BorY.s 			page 11


 130:project006.cpp ****         }
 131:project006.cpp ****         if(*n == '\0')
 132:project006.cpp ****             return true;
 133:project006.cpp ****     }
 134:project006.cpp ****     return false;
 135:project006.cpp **** }
 136:project006.cpp **** 
 137:project006.cpp **** // ============================================================
 138:project006.cpp **** // Rotary read + debounce
 139:project006.cpp **** // ============================================================
 140:project006.cpp **** static int ReadRotaryRaw()
 141:project006.cpp **** {
 142:project006.cpp ****     for(int i = 0; i < kNumPos; i++)
 143:project006.cpp ****         if(!rot[i].Read())
 144:project006.cpp ****             return i + 1; // 1..6
 145:project006.cpp ****     return 0;             // between detents sometimes
 146:project006.cpp **** }
 147:project006.cpp **** 
 148:project006.cpp **** static bool RotaryPosToFx(int pos, int &out_fx)
 149:project006.cpp **** {
 150:project006.cpp ****     // pos 1..4 => FX 0..3
 151:project006.cpp ****     if(pos >= 1 && pos <= 4)
 152:project006.cpp ****     {
 153:project006.cpp ****         out_fx = pos - 1;
 154:project006.cpp ****         return true;
 155:project006.cpp ****     }
 156:project006.cpp ****     return false;
 157:project006.cpp **** }
 158:project006.cpp **** 
 159:project006.cpp **** struct Debounce1
 160:project006.cpp **** {
 161:project006.cpp ****     bool     stable         = true; // pull-up: true=UP, false=DOWN
 162:project006.cpp ****     bool     last_sample    = true;
 163:project006.cpp ****     uint32_t last_change_ms = 0;
 164:project006.cpp **** 
 165:project006.cpp ****     bool Update(bool sample, uint32_t now_ms, uint32_t debounce_ms)
 166:project006.cpp ****     {
 167:project006.cpp ****         if(sample != last_sample)
 168:project006.cpp ****         {
 169:project006.cpp ****             last_sample    = sample;
 170:project006.cpp ****             last_change_ms = now_ms;
 171:project006.cpp ****         }
 172:project006.cpp ****         if(sample != stable && (now_ms - last_change_ms) >= debounce_ms)
 173:project006.cpp ****         {
 174:project006.cpp ****             stable = sample;
 175:project006.cpp ****             return true;
 176:project006.cpp ****         }
 177:project006.cpp ****         return false;
 178:project006.cpp ****     }
 179:project006.cpp **** };
 180:project006.cpp **** 
 181:project006.cpp **** Debounce1 foot_db;
 182:project006.cpp **** 
 183:project006.cpp **** // ============================================================
 184:project006.cpp **** // Tuner (pitch ring + AMDF estimate) — same style as your working version
 185:project006.cpp **** // ============================================================
 186:project006.cpp **** static constexpr int kPitchRing = 4096;
ARM GAS  C:\Users\aydan\AppData\Local\Temp\cc21BorY.s 			page 12


 187:project006.cpp **** static constexpr int kPitchWin  = 1024;
 188:project006.cpp **** static float         pitch_ring[kPitchRing];
 189:project006.cpp **** static volatile int  pitch_wr = 0;
 190:project006.cpp **** 
 191:project006.cpp **** struct PitchResult
 192:project006.cpp **** {
 193:project006.cpp ****     bool  valid   = false;
 194:project006.cpp ****     float freq_hz = 110.0f;
 195:project006.cpp ****     float conf    = 0.0f;
 196:project006.cpp ****     float cents   = 0.0f;
 197:project006.cpp ****     char  note[8] = "A2";
 198:project006.cpp **** };
 199:project006.cpp **** 
 200:project006.cpp **** static void freq_to_note(float freq, char *out_note, size_t out_sz, float &out_cents)
 201:project006.cpp **** {
 202:project006.cpp ****     if(freq <= 0.0f)
 203:project006.cpp ****     {
 204:project006.cpp ****         std::snprintf(out_note, out_sz, "A2");
 205:project006.cpp ****         out_cents = 0.0f;
 206:project006.cpp ****         return;
 207:project006.cpp ****     }
 208:project006.cpp ****     float midi_f = 69.0f + 12.0f * (std::log2(freq / 440.0f));
 209:project006.cpp ****     int   midi_n = (int)std::round(midi_f);
 210:project006.cpp **** 
 211:project006.cpp ****     static const char *names[12] = {"C","C#","D","D#","E","F","F#","G","G#","A","A#","B"};
 212:project006.cpp ****     int note_idx = ((midi_n % 12) + 12) % 12;
 213:project006.cpp ****     int octave   = (midi_n / 12) - 1;
 214:project006.cpp **** 
 215:project006.cpp ****     std::snprintf(out_note, out_sz, "%s%d", names[note_idx], octave);
 216:project006.cpp ****     out_cents = (midi_f - (float)midi_n) * 100.0f;
 217:project006.cpp **** }
 218:project006.cpp **** 
 219:project006.cpp **** static PitchResult estimate_pitch(const float *x, int n, float fs,
 220:project006.cpp ****                                   float sens_norm, float smooth_norm,
 221:project006.cpp ****                                   float &freq_smoother)
 222:project006.cpp **** {
 223:project006.cpp ****     PitchResult pr;
 224:project006.cpp **** 
 225:project006.cpp ****     // DC remove + RMS
 226:project006.cpp ****     float mean = 0.0f;
 227:project006.cpp ****     for(int i = 0; i < n; i++)
 228:project006.cpp ****         mean += x[i];
 229:project006.cpp ****     mean /= (float)n;
 230:project006.cpp **** 
 231:project006.cpp ****     float e = 0.0f;
 232:project006.cpp ****     static float xd[1024];
 233:project006.cpp ****     for(int i = 0; i < n; i++)
 234:project006.cpp ****     {
 235:project006.cpp ****         xd[i] = x[i] - mean;
 236:project006.cpp ****         e += xd[i] * xd[i];
 237:project006.cpp ****     }
 238:project006.cpp ****     float rms = std::sqrt(e / (float)n);
 239:project006.cpp ****     if(rms < 0.01f)
 240:project006.cpp ****         return pr;
 241:project006.cpp **** 
 242:project006.cpp ****     // Downsample by 4
 243:project006.cpp ****     static float ds[256];
ARM GAS  C:\Users\aydan\AppData\Local\Temp\cc21BorY.s 			page 13


 244:project006.cpp ****     int dn = 0;
 245:project006.cpp ****     for(int i = 0; i < n; i += 4)
 246:project006.cpp ****         ds[dn++] = xd[i];
 247:project006.cpp ****     float fs_ds = fs / 4.0f;
 248:project006.cpp **** 
 249:project006.cpp ****     // Lag range ~ 70..1000Hz
 250:project006.cpp ****     int minLag = (int)(fs_ds / 1000.0f);
 251:project006.cpp ****     int maxLag = (int)(fs_ds / 70.0f);
 252:project006.cpp ****     if(maxLag >= dn - 1) maxLag = dn - 2;
 253:project006.cpp ****     if(minLag < 2) minLag = 2;
 254:project006.cpp **** 
 255:project006.cpp ****     float best    = 1e30f;
 256:project006.cpp ****     int   bestLag = -1;
 257:project006.cpp ****     float avg     = 0.0f;
 258:project006.cpp ****     int   count   = 0;
 259:project006.cpp **** 
 260:project006.cpp ****     for(int lag = minLag; lag <= maxLag; lag++)
 261:project006.cpp ****     {
 262:project006.cpp ****         float s = 0.0f;
 263:project006.cpp ****         for(int i = 0; i < dn - lag; i++)
 264:project006.cpp ****             s += std::fabs(ds[i] - ds[i + lag]);
 265:project006.cpp **** 
 266:project006.cpp ****         avg += s;
 267:project006.cpp ****         count++;
 268:project006.cpp **** 
 269:project006.cpp ****         if(s < best)
 270:project006.cpp ****         {
 271:project006.cpp ****             best    = s;
 272:project006.cpp ****             bestLag = lag;
 273:project006.cpp ****         }
 274:project006.cpp ****     }
 275:project006.cpp ****     if(bestLag < 0)
 276:project006.cpp ****         return pr;
 277:project006.cpp **** 
 278:project006.cpp ****     avg /= (float)count;
 279:project006.cpp ****     float conf = 1.0f - (best / (avg + 1e-9f));
 280:project006.cpp ****     conf = clampf(conf, 0.0f, 1.0f);
 281:project006.cpp **** 
 282:project006.cpp ****     float conf_req = 0.45f + 0.30f * sens_norm;
 283:project006.cpp ****     float freq     = fs_ds / (float)bestLag;
 284:project006.cpp **** 
 285:project006.cpp ****     float alpha_fast = 0.25f;
 286:project006.cpp ****     float alpha_slow = 0.03f;
 287:project006.cpp ****     float alpha      = alpha_fast + (alpha_slow - alpha_fast) * smooth_norm;
 288:project006.cpp **** 
 289:project006.cpp ****     freq_smoother = freq_smoother + alpha * (freq - freq_smoother);
 290:project006.cpp ****     float freq_sm = freq_smoother;
 291:project006.cpp **** 
 292:project006.cpp ****     float cents = 0.0f;
 293:project006.cpp ****     char  note[8];
 294:project006.cpp ****     freq_to_note(freq_sm, note, sizeof(note), cents);
 295:project006.cpp **** 
 296:project006.cpp ****     pr.valid   = (conf >= conf_req) && (freq_sm >= 70.0f) && (freq_sm <= 1000.0f);
 297:project006.cpp ****     pr.freq_hz = freq_sm;
 298:project006.cpp ****     pr.conf    = conf;
 299:project006.cpp ****     pr.cents   = cents;
 300:project006.cpp ****     std::snprintf(pr.note, sizeof(pr.note), "%s", note);
ARM GAS  C:\Users\aydan\AppData\Local\Temp\cc21BorY.s 			page 14


 301:project006.cpp ****     return pr;
 302:project006.cpp **** }
 303:project006.cpp **** 
 304:project006.cpp **** // ============================================================
 305:project006.cpp **** // Effects modules + param mapping
 306:project006.cpp **** // ============================================================
 307:project006.cpp **** ChorusModule      fx_chorus;
 308:project006.cpp **** ReverbDelayModule fx_revdel;
 309:project006.cpp **** OverdriveModule   fx_od;
 310:project006.cpp **** 
 311:project006.cpp **** BaseEffectModule *fx_modules[FX_COUNT] = {
 312:project006.cpp ****     nullptr,      // FX_TUNER (not a module)
 313:project006.cpp ****     &fx_chorus,   // FX_CHORUS
 314:project006.cpp ****     &fx_revdel,   // FX_REVERBDELAY
 315:project006.cpp ****     &fx_od        // FX_OVERDRIVE
 316:project006.cpp **** };
 317:project006.cpp **** 
 318:project006.cpp **** // For each effect, store which parameter IDs we’ll drive from the 3 pots
 319:project006.cpp **** struct PotParamMap
 320:project006.cpp **** {
 321:project006.cpp ****     int p0 = -1;
 322:project006.cpp ****     int p1 = -1;
 323:project006.cpp ****     int p2 = -1;
 324:project006.cpp **** };
 325:project006.cpp **** 
 326:project006.cpp **** PotParamMap map_chorus;
 327:project006.cpp **** PotParamMap map_revdel;
 328:project006.cpp **** PotParamMap map_od;
 329:project006.cpp **** 
 330:project006.cpp **** static int find_param_by_keywords(BaseEffectModule *fx,
 331:project006.cpp ****                                   const char *kw1,
 332:project006.cpp ****                                   const char *kw2 = nullptr,
 333:project006.cpp ****                                   const char *kw3 = nullptr)
 334:project006.cpp **** {
 335:project006.cpp ****     if(!fx)
 336:project006.cpp ****         return -1;
 337:project006.cpp ****     const int n = (int)fx->GetParameterCount();
 338:project006.cpp ****     for(int i = 0; i < n; i++)
 339:project006.cpp ****     {
 340:project006.cpp ****         const char *name = fx->GetParameterName(i);
 341:project006.cpp ****         if(str_contains_ci(name, kw1)
 342:project006.cpp ****            || (kw2 && str_contains_ci(name, kw2))
 343:project006.cpp ****            || (kw3 && str_contains_ci(name, kw3)))
 344:project006.cpp ****         {
 345:project006.cpp ****             return i;
 346:project006.cpp ****         }
 347:project006.cpp ****     }
 348:project006.cpp ****     return -1;
 349:project006.cpp **** }
 350:project006.cpp **** 
 351:project006.cpp **** static int fallback_param_for_pot(BaseEffectModule *fx, int pot_idx)
 352:project006.cpp **** {
 353:project006.cpp ****     if(!fx)
 354:project006.cpp ****         return -1;
 355:project006.cpp ****     // Try knob mapping first (if their metadata used it)
 356:project006.cpp ****     int pid = fx->GetMappedParameterIDForKnob(pot_idx);
 357:project006.cpp ****     if(pid >= 0)
ARM GAS  C:\Users\aydan\AppData\Local\Temp\cc21BorY.s 			page 15


 358:project006.cpp ****         return pid;
 359:project006.cpp **** 
 360:project006.cpp ****     // Otherwise, just use first parameters
 361:project006.cpp ****     int n = (int)fx->GetParameterCount();
 362:project006.cpp ****     if(pot_idx < n)
 363:project006.cpp ****         return pot_idx;
 364:project006.cpp ****     return -1;
 365:project006.cpp **** }
 366:project006.cpp **** 
 367:project006.cpp **** static void build_param_maps()
 368:project006.cpp **** {
 369:project006.cpp ****     // Chorus: mix / rate / depth
 370:project006.cpp ****     map_chorus.p0 = find_param_by_keywords(&fx_chorus, "mix", "wet");
 371:project006.cpp ****     map_chorus.p1 = find_param_by_keywords(&fx_chorus, "rate", "speed", "freq");
 372:project006.cpp ****     map_chorus.p2 = find_param_by_keywords(&fx_chorus, "depth");
 373:project006.cpp **** 
 374:project006.cpp ****     if(map_chorus.p0 < 0) map_chorus.p0 = fallback_param_for_pot(&fx_chorus, 0);
 375:project006.cpp ****     if(map_chorus.p1 < 0) map_chorus.p1 = fallback_param_for_pot(&fx_chorus, 1);
 376:project006.cpp ****     if(map_chorus.p2 < 0) map_chorus.p2 = fallback_param_for_pot(&fx_chorus, 2);
 377:project006.cpp **** 
 378:project006.cpp ****     // Reverb/Delay: mix / time(or decay) / feedback(or regen)
 379:project006.cpp ****     map_revdel.p0 = find_param_by_keywords(&fx_revdel, "mix", "wet");
 380:project006.cpp ****     map_revdel.p1 = find_param_by_keywords(&fx_revdel, "time", "delay", "decay");
 381:project006.cpp ****     map_revdel.p2 = find_param_by_keywords(&fx_revdel, "feedback", "regen", "fb");
 382:project006.cpp **** 
 383:project006.cpp ****     if(map_revdel.p0 < 0) map_revdel.p0 = fallback_param_for_pot(&fx_revdel, 0);
 384:project006.cpp ****     if(map_revdel.p1 < 0) map_revdel.p1 = fallback_param_for_pot(&fx_revdel, 1);
 385:project006.cpp ****     if(map_revdel.p2 < 0) map_revdel.p2 = fallback_param_for_pot(&fx_revdel, 2);
 386:project006.cpp **** 
 387:project006.cpp ****     // Overdrive: drive / tone / mix(or level)
 388:project006.cpp ****     map_od.p0 = find_param_by_keywords(&fx_od, "drive", "gain");
 389:project006.cpp ****     map_od.p1 = find_param_by_keywords(&fx_od, "tone", "filter");
 390:project006.cpp ****     map_od.p2 = find_param_by_keywords(&fx_od, "mix", "level", "vol");
 391:project006.cpp **** 
 392:project006.cpp ****     if(map_od.p0 < 0) map_od.p0 = fallback_param_for_pot(&fx_od, 0);
 393:project006.cpp ****     if(map_od.p1 < 0) map_od.p1 = fallback_param_for_pot(&fx_od, 1);
 394:project006.cpp ****     if(map_od.p2 < 0) map_od.p2 = fallback_param_for_pot(&fx_od, 2);
 395:project006.cpp **** }
 396:project006.cpp **** 
 397:project006.cpp **** static void apply_pots_to_fx(int fx_id, float p0, float p1, float p2)
 398:project006.cpp **** {
 399:project006.cpp ****     BaseEffectModule *fx = fx_modules[fx_id];
 400:project006.cpp ****     if(!fx)
 401:project006.cpp ****         return;
 402:project006.cpp **** 
 403:project006.cpp ****     const float a0 = clampf(p0, 0.f, 1.f);
 404:project006.cpp ****     const float a1 = clampf(p1, 0.f, 1.f);
 405:project006.cpp ****     const float a2 = clampf(p2, 0.f, 1.f);
 406:project006.cpp **** 
 407:project006.cpp ****     PotParamMap m;
 408:project006.cpp ****     if(fx_id == FX_CHORUS)      m = map_chorus;
 409:project006.cpp ****     else if(fx_id == FX_REVERBDELAY) m = map_revdel;
 410:project006.cpp ****     else if(fx_id == FX_OVERDRIVE)   m = map_od;
 411:project006.cpp ****     else return;
 412:project006.cpp **** 
 413:project006.cpp ****     if(m.p0 >= 0) fx->SetParameterAsMagnitude(m.p0, a0);
 414:project006.cpp ****     if(m.p1 >= 0) fx->SetParameterAsMagnitude(m.p1, a1);
ARM GAS  C:\Users\aydan\AppData\Local\Temp\cc21BorY.s 			page 16


 415:project006.cpp ****     if(m.p2 >= 0) fx->SetParameterAsMagnitude(m.p2, a2);
 416:project006.cpp **** }
 417:project006.cpp **** 
 418:project006.cpp **** // ============================================================
 419:project006.cpp **** // Audio callback
 420:project006.cpp **** // ============================================================
 421:project006.cpp **** static void AudioCallback(AudioHandle::InputBuffer in,
 422:project006.cpp ****                           AudioHandle::OutputBuffer out,
 423:project006.cpp ****                           size_t size)
 424:project006.cpp **** {
  78              		.loc 6 424 1 is_stmt 1 view -0
  79              		.cfi_startproc
  80              		@ args = 0, pretend = 0, frame = 8
  81              		@ frame_needed = 0, uses_anonymous_args = 0
 425:project006.cpp ****     const int  fx_id = g_fx;
  82              		.loc 6 425 5 view .LVU11
 424:project006.cpp ****     const int  fx_id = g_fx;
  83              		.loc 6 424 1 is_stmt 0 view .LVU12
  84 0000 2DE9F04F 		push	{r4, r5, r6, r7, r8, r9, r10, fp, lr}
  85              		.cfi_def_cfa_offset 36
  86              		.cfi_offset 4, -36
  87              		.cfi_offset 5, -32
  88              		.cfi_offset 6, -28
  89              		.cfi_offset 7, -24
  90              		.cfi_offset 8, -20
  91              		.cfi_offset 9, -16
  92              		.cfi_offset 10, -12
  93              		.cfi_offset 11, -8
  94              		.cfi_offset 14, -4
 426:project006.cpp ****     const bool bypass = g_bypass;
  95              		.loc 6 426 25 view .LVU13
  96 0004 344B     		ldr	r3, .L22
 425:project006.cpp ****     const int  fx_id = g_fx;
  97              		.loc 6 425 24 view .LVU14
  98 0006 354C     		ldr	r4, .L22+4
  99 0008 2768     		ldr	r7, [r4]
 100              	.LVL2:
 101              		.loc 6 426 5 is_stmt 1 view .LVU15
 102              		.loc 6 426 25 is_stmt 0 view .LVU16
 103 000a 93F80080 		ldrb	r8, [r3]	@ zero_extendqisi2
 424:project006.cpp ****     const int  fx_id = g_fx;
 104              		.loc 6 424 1 view .LVU17
 105 000e 2DED028B 		vpush.64	{d8}
 106              		.cfi_def_cfa_offset 44
 107              		.cfi_offset 80, -44
 108              		.cfi_offset 81, -40
 109              		.loc 6 426 25 view .LVU18
 110 0012 5FFA88F3 		uxtb	r3, r8
 424:project006.cpp ****     const int  fx_id = g_fx;
 111              		.loc 6 424 1 view .LVU19
 112 0016 83B0     		sub	sp, sp, #12
 113              		.cfi_def_cfa_offset 56
 114              		.loc 6 426 25 view .LVU20
 115 0018 0093     		str	r3, [sp]
 116              	.LVL3:
 427:project006.cpp **** 
 428:project006.cpp ****     for(size_t i = 0; i < size; i++)
ARM GAS  C:\Users\aydan\AppData\Local\Temp\cc21BorY.s 			page 17


 117              		.loc 6 428 5 is_stmt 1 view .LVU21
 118              	.LBB207:
 119              		.loc 6 428 25 view .LVU22
 120 001a 002A     		cmp	r2, #0
 121 001c 56D0     		beq	.L3
 122 001e 8246     		mov	r10, r0
 123 0020 0E46     		mov	r6, r1
 124 0022 9146     		mov	r9, r2
 125              		.loc 6 428 16 is_stmt 0 view .LVU23
 126 0024 0024     		movs	r4, #0
 127 0026 2E4D     		ldr	r5, .L22+8
 128 0028 DFF8C4B0 		ldr	fp, .L22+24
 129 002c 10E0     		b	.L7
 130              	.LVL4:
 131              	.L21:
 132              	.LBB208:
 133              	.LBB209:
 134              	.LBB210:
 101:project006.cpp **** }
 135              		.loc 6 101 37 view .LVU24
 136 002e B4EE478A 		vcmp.f32	s16, s14
 137 0032 F1EE10FA 		vmrs	APSR_nzcv, FPSCR
 138 0036 37FE088A 		vselgt.f32	s16, s14, s16
 139              	.LVL5:
 140              	.L6:
 101:project006.cpp **** }
 141              		.loc 6 101 37 view .LVU25
 142              	.LBE210:
 143              	.LBE209:
 429:project006.cpp ****     {
 430:project006.cpp ****         // If your guitar is only wired to LEFT, use left and mirror to right.
 431:project006.cpp ****         float x = in[0][i];
 432:project006.cpp **** 
 433:project006.cpp ****         // Always feed tuner ring buffer
 434:project006.cpp ****         pitch_ring[pitch_wr] = x;
 435:project006.cpp ****         pitch_wr = (pitch_wr + 1) % kPitchRing;
 436:project006.cpp **** 
 437:project006.cpp ****         float y = x;
 438:project006.cpp **** 
 439:project006.cpp ****         if(fx_id == FX_TUNER)
 440:project006.cpp ****         {
 441:project006.cpp ****             y = x; // pass-through
 442:project006.cpp ****         }
 443:project006.cpp ****         else
 444:project006.cpp ****         {
 445:project006.cpp ****             BaseEffectModule *fx = fx_modules[fx_id];
 446:project006.cpp ****             if(!fx || bypass || !fx->IsEnabled())
 447:project006.cpp ****             {
 448:project006.cpp ****                 y = x;
 449:project006.cpp ****             }
 450:project006.cpp ****             else
 451:project006.cpp ****             {
 452:project006.cpp ****                 fx->ProcessMono(x);
 453:project006.cpp ****                 y = fx->GetAudioLeft();
 454:project006.cpp ****             }
 455:project006.cpp ****         }
 456:project006.cpp **** 
ARM GAS  C:\Users\aydan\AppData\Local\Temp\cc21BorY.s 			page 18


 457:project006.cpp ****         // Safety clamp
 458:project006.cpp ****         y = clampf(y, -0.95f, 0.95f);
 459:project006.cpp **** 
 460:project006.cpp ****         out[0][i] = y;
 144              		.loc 6 460 9 is_stmt 1 view .LVU26
 461:project006.cpp ****         out[1][i] = y;
 145              		.loc 6 461 19 is_stmt 0 view .LVU27
 146 003a D6E90013 		ldrd	r1, r3, [r6]
 147              	.LBE208:
 428:project006.cpp ****     {
 148              		.loc 6 428 5 view .LVU28
 149 003e 0134     		adds	r4, r4, #1
 150              	.LVL6:
 151              	.LBB219:
 460:project006.cpp ****         out[1][i] = y;
 152              		.loc 6 460 19 view .LVU29
 153 0040 4144     		add	r1, r1, r8
 154              		.loc 6 461 19 view .LVU30
 155 0042 4344     		add	r3, r3, r8
 156              	.LBE219:
 428:project006.cpp ****     {
 157              		.loc 6 428 25 view .LVU31
 158 0044 A145     		cmp	r9, r4
 159              	.LBB220:
 460:project006.cpp ****         out[1][i] = y;
 160              		.loc 6 460 19 view .LVU32
 161 0046 81ED008A 		vstr.32	s16, [r1]
 162              		.loc 6 461 9 is_stmt 1 view .LVU33
 163              		.loc 6 461 19 is_stmt 0 view .LVU34
 164 004a 83ED008A 		vstr.32	s16, [r3]
 165              	.LBE220:
 428:project006.cpp ****     {
 166              		.loc 6 428 5 is_stmt 1 view .LVU35
 167              	.LVL7:
 428:project006.cpp ****     {
 168              		.loc 6 428 25 view .LVU36
 169 004e 3DD0     		beq	.L3
 170              	.LVL8:
 171              	.L7:
 172              	.LBB221:
 431:project006.cpp **** 
 173              		.loc 6 431 9 view .LVU37
 174              	.LBB212:
 175              	.LBB213:
 445:project006.cpp ****             if(!fx || bypass || !fx->IsEnabled())
 176              		.loc 6 445 13 view .LVU38
 177              	.LBE213:
 178              	.LBE212:
 434:project006.cpp ****         pitch_wr = (pitch_wr + 1) % kPitchRing;
 179              		.loc 6 434 20 is_stmt 0 view .LVU39
 180 0050 2868     		ldr	r0, [r5]
 181 0052 4FEA8408 		lsl	r8, r4, #2
 435:project006.cpp **** 
 182              		.loc 6 435 21 view .LVU40
 183 0056 2968     		ldr	r1, [r5]
 431:project006.cpp **** 
 184              		.loc 6 431 15 view .LVU41
ARM GAS  C:\Users\aydan\AppData\Local\Temp\cc21BorY.s 			page 19


 185 0058 DAF80030 		ldr	r3, [r10]
 434:project006.cpp ****         pitch_wr = (pitch_wr + 1) % kPitchRing;
 186              		.loc 6 434 30 view .LVU42
 187 005c 0BEB8000 		add	r0, fp, r0, lsl #2
 435:project006.cpp **** 
 188              		.loc 6 435 30 view .LVU43
 189 0060 0131     		adds	r1, r1, #1
 190              	.LBB216:
 191              	.LBB214:
 445:project006.cpp ****             if(!fx || bypass || !fx->IsEnabled())
 192              		.loc 6 445 31 view .LVU44
 193 0062 204A     		ldr	r2, .L22+12
 194              	.LBE214:
 195              	.LBE216:
 431:project006.cpp **** 
 196              		.loc 6 431 15 view .LVU45
 197 0064 03EB8403 		add	r3, r3, r4, lsl #2
 435:project006.cpp **** 
 198              		.loc 6 435 35 view .LVU46
 199 0068 D1F1000C 		rsbs	ip, r1, #0
 200 006c C1F30B01 		ubfx	r1, r1, #0, #12
 431:project006.cpp **** 
 201              		.loc 6 431 15 view .LVU47
 202 0070 93ED008A 		vldr.32	s16, [r3]
 203              	.LVL9:
 434:project006.cpp ****         pitch_wr = (pitch_wr + 1) % kPitchRing;
 204              		.loc 6 434 9 is_stmt 1 view .LVU48
 435:project006.cpp **** 
 205              		.loc 6 435 35 is_stmt 0 view .LVU49
 206 0074 CCF30B0C 		ubfx	ip, ip, #0, #12
 434:project006.cpp ****         pitch_wr = (pitch_wr + 1) % kPitchRing;
 207              		.loc 6 434 30 view .LVU50
 208 0078 80ED008A 		vstr.32	s16, [r0]
 435:project006.cpp **** 
 209              		.loc 6 435 9 is_stmt 1 view .LVU51
 435:project006.cpp **** 
 210              		.loc 6 435 35 is_stmt 0 view .LVU52
 211 007c 58BF     		it	pl
 212 007e CCF10001 		rsbpl	r1, ip, #0
 435:project006.cpp **** 
 213              		.loc 6 435 18 view .LVU53
 214 0082 2960     		str	r1, [r5]
 437:project006.cpp **** 
 215              		.loc 6 437 9 is_stmt 1 view .LVU54
 216              	.LVL10:
 439:project006.cpp ****         {
 217              		.loc 6 439 9 view .LVU55
 218              	.LBB217:
 219 0084 B7B1     		cbz	r7, .L5
 220              	.LBB215:
 445:project006.cpp ****             if(!fx || bypass || !fx->IsEnabled())
 221              		.loc 6 445 31 is_stmt 0 view .LVU56
 222 0086 52F82730 		ldr	r3, [r2, r7, lsl #2]
 223              	.LVL11:
 446:project006.cpp ****             {
 224              		.loc 6 446 13 is_stmt 1 view .LVU57
 446:project006.cpp ****             {
ARM GAS  C:\Users\aydan\AppData\Local\Temp\cc21BorY.s 			page 20


 225              		.loc 6 446 30 is_stmt 0 view .LVU58
 226 008a 9BB1     		cbz	r3, .L5
 446:project006.cpp ****             {
 227              		.loc 6 446 47 view .LVU59
 228 008c 1846     		mov	r0, r3
 229 008e 0193     		str	r3, [sp, #4]
 446:project006.cpp ****             {
 230              		.loc 6 446 30 view .LVU60
 231 0090 009B     		ldr	r3, [sp]
 232              	.LVL12:
 446:project006.cpp ****             {
 233              		.loc 6 446 30 view .LVU61
 234 0092 7BB9     		cbnz	r3, .L5
 446:project006.cpp ****             {
 235              		.loc 6 446 47 discriminator 2 view .LVU62
 236 0094 FFF7FEFF 		bl	_ZN10bkshepherd16BaseEffectModule9IsEnabledEv
 237              	.LVL13:
 452:project006.cpp ****                 y = fx->GetAudioLeft();
 238              		.loc 6 452 17 is_stmt 1 discriminator 2 view .LVU63
 446:project006.cpp ****             {
 239              		.loc 6 446 30 is_stmt 0 discriminator 2 view .LVU64
 240 0098 60B1     		cbz	r0, .L5
 452:project006.cpp ****                 y = fx->GetAudioLeft();
 241              		.loc 6 452 34 view .LVU65
 242 009a 019B     		ldr	r3, [sp, #4]
 452:project006.cpp ****                 y = fx->GetAudioLeft();
 243              		.loc 6 452 32 view .LVU66
 244 009c B0EE480A 		vmov.f32	s0, s16
 452:project006.cpp ****                 y = fx->GetAudioLeft();
 245              		.loc 6 452 34 view .LVU67
 246 00a0 1968     		ldr	r1, [r3]
 452:project006.cpp ****                 y = fx->GetAudioLeft();
 247              		.loc 6 452 32 view .LVU68
 248 00a2 1846     		mov	r0, r3
 249 00a4 C968     		ldr	r1, [r1, #12]
 250 00a6 8847     		blx	r1
 251              	.LVL14:
 453:project006.cpp ****             }
 252              		.loc 6 453 17 is_stmt 1 view .LVU69
 453:project006.cpp ****             }
 253              		.loc 6 453 37 is_stmt 0 view .LVU70
 254 00a8 019B     		ldr	r3, [sp, #4]
 255 00aa 1846     		mov	r0, r3
 256 00ac FFF7FEFF 		bl	_ZN10bkshepherd16BaseEffectModule12GetAudioLeftEv
 257              	.LVL15:
 258 00b0 B0EE408A 		vmov.f32	s16, s0
 259              	.LVL16:
 260              	.L5:
 453:project006.cpp ****             }
 261              		.loc 6 453 37 view .LVU71
 262              	.LBE215:
 263              	.LBE217:
 458:project006.cpp **** 
 264              		.loc 6 458 9 is_stmt 1 discriminator 2 view .LVU72
 265              	.LBB218:
 266              	.LBI209:
  99:project006.cpp **** {
ARM GAS  C:\Users\aydan\AppData\Local\Temp\cc21BorY.s 			page 21


 267              		.loc 6 99 21 discriminator 2 view .LVU73
 268              	.LBB211:
 101:project006.cpp **** }
 269              		.loc 6 101 5 discriminator 2 view .LVU74
 101:project006.cpp **** }
 270              		.loc 6 101 21 is_stmt 0 discriminator 2 view .LVU75
 271 00b4 DFED0C7A 		vldr.32	s15, .L22+16
 101:project006.cpp **** }
 272              		.loc 6 101 37 discriminator 2 view .LVU76
 273 00b8 9FED0C7A 		vldr.32	s14, .L22+20
 101:project006.cpp **** }
 274              		.loc 6 101 21 discriminator 2 view .LVU77
 275 00bc B4EEE78A 		vcmpe.f32	s16, s15
 276 00c0 F1EE10FA 		vmrs	APSR_nzcv, FPSCR
 277 00c4 B3D5     		bpl	.L21
 101:project006.cpp **** }
 278              		.loc 6 101 21 view .LVU78
 279 00c6 B0EE678A 		vmov.f32	s16, s15
 280              	.LVL17:
 101:project006.cpp **** }
 281              		.loc 6 101 21 view .LVU79
 282 00ca B6E7     		b	.L6
 283              	.LVL18:
 284              	.L3:
 101:project006.cpp **** }
 285              		.loc 6 101 21 view .LVU80
 286              	.LBE211:
 287              	.LBE218:
 288              	.LBE221:
 289              	.LBE207:
 462:project006.cpp ****     }
 463:project006.cpp **** }
 290              		.loc 6 463 1 view .LVU81
 291 00cc 03B0     		add	sp, sp, #12
 292              		.cfi_def_cfa_offset 44
 293              	.LVL19:
 294              		.loc 6 463 1 view .LVU82
 295              		@ sp needed
 296 00ce BDEC028B 		vldm	sp!, {d8}
 297              		.cfi_restore 80
 298              		.cfi_restore 81
 299              		.cfi_def_cfa_offset 36
 300 00d2 BDE8F08F 		pop	{r4, r5, r6, r7, r8, r9, r10, fp, pc}
 301              	.LVL20:
 302              	.L23:
 303              		.loc 6 463 1 view .LVU83
 304 00d6 00BF     		.align	2
 305              	.L22:
 306 00d8 00000000 		.word	.LANCHOR1
 307 00dc 00000000 		.word	.LANCHOR0
 308 00e0 00000000 		.word	.LANCHOR2
 309 00e4 00000000 		.word	.LANCHOR3
 310 00e8 333373BF 		.word	-1082969293
 311 00ec 3333733F 		.word	1064514355
 312 00f0 00000000 		.word	_ZL10pitch_ring
 313              		.cfi_endproc
 314              	.LFE4795:
ARM GAS  C:\Users\aydan\AppData\Local\Temp\cc21BorY.s 			page 22


 316              		.section	.text._ZL22fallback_param_for_potPN10bkshepherd16BaseEffectModuleEi,"ax",%progbits
 317              		.align	1
 318              		.p2align 2,,3
 319              		.syntax unified
 320              		.thumb
 321              		.thumb_func
 322              		.fpu fpv5-d16
 324              	_ZL22fallback_param_for_potPN10bkshepherd16BaseEffectModuleEi:
 325              	.LVL21:
 326              	.LFB4792:
 352:project006.cpp ****     if(!fx)
 327              		.loc 6 352 1 is_stmt 1 view -0
 328              		.cfi_startproc
 329              		@ args = 0, pretend = 0, frame = 0
 330              		@ frame_needed = 0, uses_anonymous_args = 0
 353:project006.cpp ****         return -1;
 331              		.loc 6 353 5 view .LVU85
 356:project006.cpp ****     if(pid >= 0)
 332              		.loc 6 356 5 view .LVU86
 352:project006.cpp ****     if(!fx)
 333              		.loc 6 352 1 is_stmt 0 view .LVU87
 334 0000 38B5     		push	{r3, r4, r5, lr}
 335              		.cfi_def_cfa_offset 16
 336              		.cfi_offset 3, -16
 337              		.cfi_offset 4, -12
 338              		.cfi_offset 5, -8
 339              		.cfi_offset 14, -4
 352:project006.cpp ****     if(!fx)
 340              		.loc 6 352 1 view .LVU88
 341 0002 0546     		mov	r5, r0
 342 0004 0C46     		mov	r4, r1
 356:project006.cpp ****     if(pid >= 0)
 343              		.loc 6 356 46 view .LVU89
 344 0006 FFF7FEFF 		bl	_ZN10bkshepherd16BaseEffectModule27GetMappedParameterIDForKnobEi
 345              	.LVL22:
 357:project006.cpp ****         return pid;
 346              		.loc 6 357 5 is_stmt 1 view .LVU90
 347 000a 031E     		subs	r3, r0, #0
 348 000c 07DA     		bge	.L24
 349              	.LVL23:
 350              	.LBB224:
 351              	.LBI224:
 351:project006.cpp **** {
 352              		.loc 6 351 12 view .LVU91
 353              	.LBB225:
 361:project006.cpp ****     if(pot_idx < n)
 354              		.loc 6 361 5 view .LVU92
 361:project006.cpp ****     if(pot_idx < n)
 355              		.loc 6 361 39 is_stmt 0 view .LVU93
 356 000e 2846     		mov	r0, r5
 357              	.LVL24:
 361:project006.cpp ****     if(pot_idx < n)
 358              		.loc 6 361 39 view .LVU94
 359 0010 FFF7FEFF 		bl	_ZN10bkshepherd16BaseEffectModule17GetParameterCountEv
 360              	.LVL25:
 362:project006.cpp ****         return pot_idx;
 361              		.loc 6 362 5 is_stmt 1 view .LVU95
ARM GAS  C:\Users\aydan\AppData\Local\Temp\cc21BorY.s 			page 23


 362 0014 8442     		cmp	r4, r0
 363 0016 B4BF     		ite	lt
 364 0018 2346     		movlt	r3, r4
 365 001a 4FF0FF33 		movge	r3, #-1
 366              	.LVL26:
 367              	.L24:
 362:project006.cpp ****         return pot_idx;
 368              		.loc 6 362 5 is_stmt 0 view .LVU96
 369              	.LBE225:
 370              	.LBE224:
 365:project006.cpp **** 
 371              		.loc 6 365 1 view .LVU97
 372 001e 1846     		mov	r0, r3
 373 0020 38BD     		pop	{r3, r4, r5, pc}
 365:project006.cpp **** 
 374              		.loc 6 365 1 view .LVU98
 375              		.cfi_endproc
 376              	.LFE4792:
 378 0022 00BF     		.section	.text._ZL22find_param_by_keywordsPN10bkshepherd16BaseEffectModuleEPKcS3_S3_,"ax",%progbit
 379              		.align	1
 380              		.p2align 2,,3
 381              		.syntax unified
 382              		.thumb
 383              		.thumb_func
 384              		.fpu fpv5-d16
 386              	_ZL22find_param_by_keywordsPN10bkshepherd16BaseEffectModuleEPKcS3_S3_:
 387              	.LVL27:
 388              	.LFB4791:
 334:project006.cpp ****     if(!fx)
 389              		.loc 6 334 1 is_stmt 1 view -0
 390              		.cfi_startproc
 391              		@ args = 0, pretend = 0, frame = 8
 392              		@ frame_needed = 0, uses_anonymous_args = 0
 335:project006.cpp ****         return -1;
 393              		.loc 6 335 5 view .LVU100
 337:project006.cpp ****     for(int i = 0; i < n; i++)
 394              		.loc 6 337 5 view .LVU101
 334:project006.cpp ****     if(!fx)
 395              		.loc 6 334 1 is_stmt 0 view .LVU102
 396 0000 2DE9F04F 		push	{r4, r5, r6, r7, r8, r9, r10, fp, lr}
 397              		.cfi_def_cfa_offset 36
 398              		.cfi_offset 4, -36
 399              		.cfi_offset 5, -32
 400              		.cfi_offset 6, -28
 401              		.cfi_offset 7, -24
 402              		.cfi_offset 8, -20
 403              		.cfi_offset 9, -16
 404              		.cfi_offset 10, -12
 405              		.cfi_offset 11, -8
 406              		.cfi_offset 14, -4
 407 0004 2DED028B 		vpush.64	{d8}
 408              		.cfi_def_cfa_offset 44
 409              		.cfi_offset 80, -44
 410              		.cfi_offset 81, -40
 411 0008 83B0     		sub	sp, sp, #12
 412              		.cfi_def_cfa_offset 56
 334:project006.cpp ****     if(!fx)
ARM GAS  C:\Users\aydan\AppData\Local\Temp\cc21BorY.s 			page 24


 413              		.loc 6 334 1 view .LVU103
 414 000a 08EE100A 		vmov	s16, r0	@ int
 415 000e 0E46     		mov	r6, r1
 416 0010 1746     		mov	r7, r2
 417 0012 0093     		str	r3, [sp]
 337:project006.cpp ****     for(int i = 0; i < n; i++)
 418              		.loc 6 337 45 view .LVU104
 419 0014 FFF7FEFF 		bl	_ZN10bkshepherd16BaseEffectModule17GetParameterCountEv
 420              	.LVL28:
 338:project006.cpp ****     {
 421              		.loc 6 338 5 is_stmt 1 view .LVU105
 422              	.LBB252:
 338:project006.cpp ****     {
 423              		.loc 6 338 22 view .LVU106
 424 0018 0190     		str	r0, [sp, #4]
 425 001a 0028     		cmp	r0, #0
 426 001c 00F09280 		beq	.L49
 338:project006.cpp ****     {
 427              		.loc 6 338 13 is_stmt 0 view .LVU107
 428 0020 4FF00008 		mov	r8, #0
 429              	.LVL29:
 430              	.L29:
 431              	.LBB253:
 340:project006.cpp ****         if(str_contains_ci(name, kw1)
 432              		.loc 6 340 9 is_stmt 1 view .LVU108
 340:project006.cpp ****         if(str_contains_ci(name, kw1)
 433              		.loc 6 340 48 is_stmt 0 view .LVU109
 434 0024 4146     		mov	r1, r8
 435 0026 18EE100A 		vmov	r0, s16	@ int
 436 002a FFF7FEFF 		bl	_ZN10bkshepherd16BaseEffectModule16GetParameterNameEi
 437              	.LVL30:
 341:project006.cpp ****            || (kw2 && str_contains_ci(name, kw2))
 438              		.loc 6 341 9 is_stmt 1 view .LVU110
 439              	.LBB254:
 440              	.LBI254:
 109:project006.cpp **** {
 441              		.loc 6 109 20 view .LVU111
 442              	.LBB255:
 111:project006.cpp ****         return false;
 443              		.loc 6 111 5 view .LVU112
 444 002e 0028     		cmp	r0, #0
 445 0030 00F08280 		beq	.L31
 446              	.LVL31:
 447              	.LBB256:
 448              	.LBB257:
 114:project006.cpp ****     {
 449              		.loc 6 114 30 view .LVU113
 450 0034 0478     		ldrb	r4, [r0]	@ zero_extendqisi2
 451 0036 002C     		cmp	r4, #0
 452 0038 7ED0     		beq	.L31
 453 003a 2346     		mov	r3, r4
 454 003c 8346     		mov	fp, r0
 455              	.LVL32:
 456              	.L37:
 457              	.LBB258:
 118:project006.cpp ****         {
 458              		.loc 6 118 9 view .LVU114
ARM GAS  C:\Users\aydan\AppData\Local\Temp\cc21BorY.s 			page 25


 118:project006.cpp ****         {
 459              		.loc 6 118 19 view .LVU115
 118:project006.cpp ****         {
 460              		.loc 6 118 19 is_stmt 0 view .LVU116
 461 003e 3146     		mov	r1, r6
 462 0040 5D46     		mov	r5, fp
 463 0042 0EE0     		b	.L35
 464              	.LVL33:
 465              	.L98:
 466              	.LBB259:
 122:project006.cpp ****                 ch = char(ch - 'A' + 'a');
 467              		.loc 6 122 13 view .LVU117
 468 0044 BEF1190F 		cmp	lr, #25
 123:project006.cpp ****             if(cn >= 'A' && cn <= 'Z')
 469              		.loc 6 123 20 view .LVU118
 470 0048 98BF     		it	ls
 471 004a 5FFA8AF3 		uxtbls	r3, r10
 472              	.LVL34:
 124:project006.cpp ****                 cn = char(cn - 'A' + 'a');
 473              		.loc 6 124 13 is_stmt 1 view .LVU119
 474 004e BCF1190F 		cmp	ip, #25
 125:project006.cpp ****             if(ch != cn)
 475              		.loc 6 125 20 is_stmt 0 view .LVU120
 476 0052 98BF     		it	ls
 477 0054 5FFA89F2 		uxtbls	r2, r9
 478              	.LVL35:
 126:project006.cpp ****                 break;
 479              		.loc 6 126 13 is_stmt 1 view .LVU121
 480 0058 9342     		cmp	r3, r2
 481 005a 17D1     		bne	.L34
 482              	.LBE259:
 118:project006.cpp ****         {
 483              		.loc 6 118 15 is_stmt 0 view .LVU122
 484 005c 15F8013F 		ldrb	r3, [r5, #1]!	@ zero_extendqisi2
 485              	.LVL36:
 118:project006.cpp ****         {
 486              		.loc 6 118 19 view .LVU123
 487 0060 8BB1     		cbz	r3, .L97
 488              	.LVL37:
 489              	.L35:
 490              	.LBB260:
 120:project006.cpp ****             char cn = *n;
 491              		.loc 6 120 13 is_stmt 1 view .LVU124
 121:project006.cpp ****             if(ch >= 'A' && ch <= 'Z')
 492              		.loc 6 121 13 view .LVU125
 123:project006.cpp ****             if(cn >= 'A' && cn <= 'Z')
 493              		.loc 6 123 17 view .LVU126
 125:project006.cpp ****             if(ch != cn)
 494              		.loc 6 125 17 view .LVU127
 128:project006.cpp ****             ++n;
 495              		.loc 6 128 13 view .LVU128
 129:project006.cpp ****         }
 496              		.loc 6 129 13 view .LVU129
 497              	.LBE260:
 118:project006.cpp ****         {
 498              		.loc 6 118 22 is_stmt 0 view .LVU130
 499 0062 11F8012B 		ldrb	r2, [r1], #1	@ zero_extendqisi2
ARM GAS  C:\Users\aydan\AppData\Local\Temp\cc21BorY.s 			page 26


 500              	.LVL38:
 501              	.LBB261:
 122:project006.cpp ****                 ch = char(ch - 'A' + 'a');
 502              		.loc 6 122 13 is_stmt 1 view .LVU131
 122:project006.cpp ****                 ch = char(ch - 'A' + 'a');
 503              		.loc 6 122 13 is_stmt 0 view .LVU132
 504              	.LBE261:
 118:project006.cpp ****         {
 505              		.loc 6 118 9 is_stmt 1 view .LVU133
 118:project006.cpp ****         {
 506              		.loc 6 118 19 view .LVU134
 507              	.LBB262:
 122:project006.cpp ****                 ch = char(ch - 'A' + 'a');
 508              		.loc 6 122 13 is_stmt 0 view .LVU135
 509 0066 A3F1410E 		sub	lr, r3, #65
 123:project006.cpp ****             if(cn >= 'A' && cn <= 'Z')
 510              		.loc 6 123 20 view .LVU136
 511 006a 03F1200A 		add	r10, r3, #32
 124:project006.cpp ****                 cn = char(cn - 'A' + 'a');
 512              		.loc 6 124 13 view .LVU137
 513 006e A2F1410C 		sub	ip, r2, #65
 125:project006.cpp ****             if(ch != cn)
 514              		.loc 6 125 20 view .LVU138
 515 0072 02F12009 		add	r9, r2, #32
 516              	.LBE262:
 118:project006.cpp ****         {
 517              		.loc 6 118 19 view .LVU139
 518 0076 002A     		cmp	r2, #0
 519 0078 E4D1     		bne	.L98
 520              	.LVL39:
 521              	.L28:
 118:project006.cpp ****         {
 522              		.loc 6 118 19 view .LVU140
 523              	.LBE258:
 524              	.LBE257:
 525              	.LBE256:
 526              	.LBE255:
 527              	.LBE254:
 528              	.LBE253:
 529              	.LBE252:
 349:project006.cpp **** 
 530              		.loc 6 349 1 view .LVU141
 531 007a 4046     		mov	r0, r8
 532 007c 03B0     		add	sp, sp, #12
 533              		.cfi_remember_state
 534              		.cfi_def_cfa_offset 44
 535              	.LVL40:
 349:project006.cpp **** 
 536              		.loc 6 349 1 view .LVU142
 537              		@ sp needed
 538 007e BDEC028B 		vldm	sp!, {d8}
 539              		.cfi_restore 80
 540              		.cfi_restore 81
 541              		.cfi_def_cfa_offset 36
 542              	.LVL41:
 349:project006.cpp **** 
 543              		.loc 6 349 1 view .LVU143
ARM GAS  C:\Users\aydan\AppData\Local\Temp\cc21BorY.s 			page 27


 544 0082 BDE8F08F 		pop	{r4, r5, r6, r7, r8, r9, r10, fp, pc}
 545              	.LVL42:
 546              	.L97:
 547              		.cfi_restore_state
 548              	.LBB286:
 549              	.LBB285:
 550              	.LBB267:
 551              	.LBB266:
 552              	.LBB265:
 553              	.LBB264:
 554              	.LBB263:
 131:project006.cpp ****             return true;
 555              		.loc 6 131 9 is_stmt 1 view .LVU144
 556 0086 0B78     		ldrb	r3, [r1]	@ zero_extendqisi2
 557 0088 002B     		cmp	r3, #0
 558 008a F6D0     		beq	.L28
 559              	.L34:
 131:project006.cpp ****             return true;
 560              		.loc 6 131 9 is_stmt 0 view .LVU145
 561              	.LBE263:
 114:project006.cpp ****     {
 562              		.loc 6 114 5 is_stmt 1 view .LVU146
 563              	.LVL43:
 114:project006.cpp ****     {
 564              		.loc 6 114 30 view .LVU147
 565 008c 1BF8013F 		ldrb	r3, [fp, #1]!	@ zero_extendqisi2
 566              	.LVL44:
 114:project006.cpp ****     {
 567              		.loc 6 114 30 is_stmt 0 view .LVU148
 568 0090 002B     		cmp	r3, #0
 569 0092 D4D1     		bne	.L37
 570              	.LVL45:
 114:project006.cpp ****     {
 571              		.loc 6 114 30 view .LVU149
 572              	.LBE264:
 573              	.LBE265:
 574              	.LBE266:
 575              	.LBE267:
 342:project006.cpp ****            || (kw3 && str_contains_ci(name, kw3)))
 576              		.loc 6 342 12 view .LVU150
 577 0094 3FB3     		cbz	r7, .L96
 578 0096 2246     		mov	r2, r4
 579 0098 8346     		mov	fp, r0
 580              	.L43:
 581              	.LVL46:
 582              	.LBB268:
 583              	.LBB269:
 584              	.LBB270:
 585              	.LBB271:
 118:project006.cpp ****         {
 586              		.loc 6 118 9 is_stmt 1 view .LVU151
 118:project006.cpp ****         {
 587              		.loc 6 118 19 view .LVU152
 118:project006.cpp ****         {
 588              		.loc 6 118 19 is_stmt 0 view .LVU153
 589 009a 3D46     		mov	r5, r7
 590 009c DC46     		mov	ip, fp
ARM GAS  C:\Users\aydan\AppData\Local\Temp\cc21BorY.s 			page 28


 591 009e 0DE0     		b	.L41
 592              	.LVL47:
 593              	.L100:
 594              	.LBB272:
 122:project006.cpp ****                 ch = char(ch - 'A' + 'a');
 595              		.loc 6 122 13 view .LVU154
 596 00a0 192B     		cmp	r3, #25
 123:project006.cpp ****             if(cn >= 'A' && cn <= 'Z')
 597              		.loc 6 123 20 view .LVU155
 598 00a2 98BF     		it	ls
 599 00a4 5FFA8EF2 		uxtbls	r2, lr
 600              	.LVL48:
 124:project006.cpp ****                 cn = char(cn - 'A' + 'a');
 601              		.loc 6 124 13 is_stmt 1 view .LVU156
 602 00a8 B9F1190F 		cmp	r9, #25
 125:project006.cpp ****             if(ch != cn)
 603              		.loc 6 125 20 is_stmt 0 view .LVU157
 604 00ac 98BF     		it	ls
 605 00ae 5FFA8AF1 		uxtbls	r1, r10
 606              	.LVL49:
 126:project006.cpp ****                 break;
 607              		.loc 6 126 13 is_stmt 1 view .LVU158
 608 00b2 8A42     		cmp	r2, r1
 609 00b4 13D1     		bne	.L40
 610              	.LBE272:
 118:project006.cpp ****         {
 611              		.loc 6 118 15 is_stmt 0 view .LVU159
 612 00b6 1CF8012F 		ldrb	r2, [ip, #1]!	@ zero_extendqisi2
 613              	.LVL50:
 118:project006.cpp ****         {
 614              		.loc 6 118 19 view .LVU160
 615 00ba 6AB1     		cbz	r2, .L99
 616              	.LVL51:
 617              	.L41:
 618              	.LBB273:
 120:project006.cpp ****             char cn = *n;
 619              		.loc 6 120 13 is_stmt 1 view .LVU161
 121:project006.cpp ****             if(ch >= 'A' && ch <= 'Z')
 620              		.loc 6 121 13 view .LVU162
 123:project006.cpp ****             if(cn >= 'A' && cn <= 'Z')
 621              		.loc 6 123 17 view .LVU163
 125:project006.cpp ****             if(ch != cn)
 622              		.loc 6 125 17 view .LVU164
 128:project006.cpp ****             ++n;
 623              		.loc 6 128 13 view .LVU165
 129:project006.cpp ****         }
 624              		.loc 6 129 13 view .LVU166
 625              	.LBE273:
 118:project006.cpp ****         {
 626              		.loc 6 118 22 is_stmt 0 view .LVU167
 627 00bc 15F8011B 		ldrb	r1, [r5], #1	@ zero_extendqisi2
 628              	.LVL52:
 629              	.LBB274:
 122:project006.cpp ****                 ch = char(ch - 'A' + 'a');
 630              		.loc 6 122 13 is_stmt 1 view .LVU168
 122:project006.cpp ****                 ch = char(ch - 'A' + 'a');
 631              		.loc 6 122 13 is_stmt 0 view .LVU169
ARM GAS  C:\Users\aydan\AppData\Local\Temp\cc21BorY.s 			page 29


 632              	.LBE274:
 118:project006.cpp ****         {
 633              		.loc 6 118 9 is_stmt 1 view .LVU170
 118:project006.cpp ****         {
 634              		.loc 6 118 19 view .LVU171
 635              	.LBB275:
 122:project006.cpp ****                 ch = char(ch - 'A' + 'a');
 636              		.loc 6 122 26 is_stmt 0 view .LVU172
 637 00c0 A2F14103 		sub	r3, r2, #65
 123:project006.cpp ****             if(cn >= 'A' && cn <= 'Z')
 638              		.loc 6 123 20 view .LVU173
 639 00c4 02F1200E 		add	lr, r2, #32
 122:project006.cpp ****                 ch = char(ch - 'A' + 'a');
 640              		.loc 6 122 13 view .LVU174
 641 00c8 DBB2     		uxtb	r3, r3
 124:project006.cpp ****                 cn = char(cn - 'A' + 'a');
 642              		.loc 6 124 13 view .LVU175
 643 00ca A1F14109 		sub	r9, r1, #65
 125:project006.cpp ****             if(ch != cn)
 644              		.loc 6 125 20 view .LVU176
 645 00ce 01F1200A 		add	r10, r1, #32
 646              	.LBE275:
 118:project006.cpp ****         {
 647              		.loc 6 118 19 view .LVU177
 648 00d2 0029     		cmp	r1, #0
 649 00d4 E4D1     		bne	.L100
 650 00d6 D0E7     		b	.L28
 651              	.LVL53:
 652              	.L99:
 131:project006.cpp ****             return true;
 653              		.loc 6 131 9 is_stmt 1 view .LVU178
 654 00d8 2B78     		ldrb	r3, [r5]	@ zero_extendqisi2
 655              	.LVL54:
 131:project006.cpp ****             return true;
 656              		.loc 6 131 9 is_stmt 0 view .LVU179
 657 00da 002B     		cmp	r3, #0
 658 00dc CDD0     		beq	.L28
 659              	.L40:
 131:project006.cpp ****             return true;
 660              		.loc 6 131 9 view .LVU180
 661              	.LBE271:
 114:project006.cpp ****     {
 662              		.loc 6 114 5 is_stmt 1 view .LVU181
 663              	.LVL55:
 114:project006.cpp ****     {
 664              		.loc 6 114 30 view .LVU182
 665 00de 1BF8012F 		ldrb	r2, [fp, #1]!	@ zero_extendqisi2
 666              	.LVL56:
 114:project006.cpp ****     {
 667              		.loc 6 114 30 is_stmt 0 view .LVU183
 668 00e2 002A     		cmp	r2, #0
 669 00e4 D9D1     		bne	.L43
 670              	.LVL57:
 671              	.L96:
 114:project006.cpp ****     {
 672              		.loc 6 114 30 view .LVU184
 673              	.LBE270:
ARM GAS  C:\Users\aydan\AppData\Local\Temp\cc21BorY.s 			page 30


 674              	.LBE269:
 675              	.LBE268:
 676              	.LBB276:
 677              	.LBI276:
 109:project006.cpp **** {
 678              		.loc 6 109 20 is_stmt 1 view .LVU185
 679              	.LBB277:
 111:project006.cpp ****         return false;
 680              		.loc 6 111 5 view .LVU186
 681 00e6 009B     		ldr	r3, [sp]
 682 00e8 33B3     		cbz	r3, .L31
 683 00ea DDF800A0 		ldr	r10, [sp]
 684              	.LVL58:
 685              	.L70:
 686              	.LBB278:
 687              	.LBB279:
 688              	.LBB280:
 118:project006.cpp ****         {
 689              		.loc 6 118 9 view .LVU187
 118:project006.cpp ****         {
 690              		.loc 6 118 19 view .LVU188
 118:project006.cpp ****         {
 691              		.loc 6 118 19 is_stmt 0 view .LVU189
 692 00ee 5246     		mov	r2, r10
 693 00f0 0146     		mov	r1, r0
 694 00f2 0DE0     		b	.L47
 695              	.LVL59:
 696              	.L102:
 697              	.LBB281:
 122:project006.cpp ****                 ch = char(ch - 'A' + 'a');
 698              		.loc 6 122 13 view .LVU190
 699 00f4 BCF1190F 		cmp	ip, #25
 123:project006.cpp ****             if(cn >= 'A' && cn <= 'Z')
 700              		.loc 6 123 20 view .LVU191
 701 00f8 98BF     		it	ls
 702 00fa 5FFA89F4 		uxtbls	r4, r9
 703              	.LVL60:
 124:project006.cpp ****                 cn = char(cn - 'A' + 'a');
 704              		.loc 6 124 13 is_stmt 1 view .LVU192
 705 00fe 192D     		cmp	r5, #25
 125:project006.cpp ****             if(ch != cn)
 706              		.loc 6 125 20 is_stmt 0 view .LVU193
 707 0100 98BF     		it	ls
 708 0102 5FFA8EF3 		uxtbls	r3, lr
 709              	.LVL61:
 126:project006.cpp ****                 break;
 710              		.loc 6 126 13 is_stmt 1 view .LVU194
 711 0106 9C42     		cmp	r4, r3
 712 0108 12D1     		bne	.L46
 713              	.LBE281:
 118:project006.cpp ****         {
 714              		.loc 6 118 15 is_stmt 0 view .LVU195
 715 010a 11F8014F 		ldrb	r4, [r1, #1]!	@ zero_extendqisi2
 716              	.LVL62:
 118:project006.cpp ****         {
 717              		.loc 6 118 19 view .LVU196
 718 010e 64B1     		cbz	r4, .L101
ARM GAS  C:\Users\aydan\AppData\Local\Temp\cc21BorY.s 			page 31


 719              	.LVL63:
 720              	.L47:
 721              	.LBB282:
 120:project006.cpp ****             char cn = *n;
 722              		.loc 6 120 13 is_stmt 1 view .LVU197
 121:project006.cpp ****             if(ch >= 'A' && ch <= 'Z')
 723              		.loc 6 121 13 view .LVU198
 123:project006.cpp ****             if(cn >= 'A' && cn <= 'Z')
 724              		.loc 6 123 17 view .LVU199
 125:project006.cpp ****             if(ch != cn)
 725              		.loc 6 125 17 view .LVU200
 128:project006.cpp ****             ++n;
 726              		.loc 6 128 13 view .LVU201
 129:project006.cpp ****         }
 727              		.loc 6 129 13 view .LVU202
 728              	.LBE282:
 118:project006.cpp ****         {
 729              		.loc 6 118 22 is_stmt 0 view .LVU203
 730 0110 12F8013B 		ldrb	r3, [r2], #1	@ zero_extendqisi2
 731              	.LVL64:
 732              	.LBB283:
 122:project006.cpp ****                 ch = char(ch - 'A' + 'a');
 733              		.loc 6 122 13 is_stmt 1 view .LVU204
 122:project006.cpp ****                 ch = char(ch - 'A' + 'a');
 734              		.loc 6 122 13 is_stmt 0 view .LVU205
 735              	.LBE283:
 118:project006.cpp ****         {
 736              		.loc 6 118 9 is_stmt 1 view .LVU206
 118:project006.cpp ****         {
 737              		.loc 6 118 19 view .LVU207
 738              	.LBB284:
 122:project006.cpp ****                 ch = char(ch - 'A' + 'a');
 739              		.loc 6 122 13 is_stmt 0 view .LVU208
 740 0114 A4F1410C 		sub	ip, r4, #65
 123:project006.cpp ****             if(cn >= 'A' && cn <= 'Z')
 741              		.loc 6 123 20 view .LVU209
 742 0118 04F12009 		add	r9, r4, #32
 124:project006.cpp ****                 cn = char(cn - 'A' + 'a');
 743              		.loc 6 124 13 view .LVU210
 744 011c A3F14105 		sub	r5, r3, #65
 125:project006.cpp ****             if(ch != cn)
 745              		.loc 6 125 20 view .LVU211
 746 0120 03F1200E 		add	lr, r3, #32
 747              	.LBE284:
 118:project006.cpp ****         {
 748              		.loc 6 118 19 view .LVU212
 749 0124 002B     		cmp	r3, #0
 750 0126 E5D1     		bne	.L102
 751 0128 A7E7     		b	.L28
 752              	.LVL65:
 753              	.L101:
 131:project006.cpp ****             return true;
 754              		.loc 6 131 9 is_stmt 1 view .LVU213
 755 012a 1378     		ldrb	r3, [r2]	@ zero_extendqisi2
 756              	.LVL66:
 131:project006.cpp ****             return true;
 757              		.loc 6 131 9 is_stmt 0 view .LVU214
ARM GAS  C:\Users\aydan\AppData\Local\Temp\cc21BorY.s 			page 32


 758 012c 002B     		cmp	r3, #0
 759 012e A4D0     		beq	.L28
 760              	.L46:
 131:project006.cpp ****             return true;
 761              		.loc 6 131 9 view .LVU215
 762              	.LBE280:
 114:project006.cpp ****     {
 763              		.loc 6 114 5 is_stmt 1 view .LVU216
 764              	.LVL67:
 114:project006.cpp ****     {
 765              		.loc 6 114 30 view .LVU217
 766 0130 10F8014F 		ldrb	r4, [r0, #1]!	@ zero_extendqisi2
 767              	.LVL68:
 114:project006.cpp ****     {
 768              		.loc 6 114 30 is_stmt 0 view .LVU218
 769 0134 002C     		cmp	r4, #0
 770 0136 DAD1     		bne	.L70
 771              	.LVL69:
 772              	.L31:
 114:project006.cpp ****     {
 773              		.loc 6 114 30 view .LVU219
 774              	.LBE279:
 775              	.LBE278:
 776              	.LBE277:
 777              	.LBE276:
 778              	.LBE285:
 338:project006.cpp ****     {
 779              		.loc 6 338 5 is_stmt 1 discriminator 5 view .LVU220
 780 0138 08F10108 		add	r8, r8, #1
 781              	.LVL70:
 338:project006.cpp ****     {
 782              		.loc 6 338 22 discriminator 5 view .LVU221
 783 013c 019B     		ldr	r3, [sp, #4]
 784 013e 4345     		cmp	r3, r8
 785 0140 7FF470AF 		bne	.L29
 786              	.LVL71:
 787              	.L49:
 338:project006.cpp ****     {
 788              		.loc 6 338 22 is_stmt 0 discriminator 5 view .LVU222
 789              	.LBE286:
 348:project006.cpp **** }
 790              		.loc 6 348 13 view .LVU223
 791 0144 4FF0FF38 		mov	r8, #-1
 792 0148 97E7     		b	.L28
 793              		.cfi_endproc
 794              	.LFE4791:
 796 014a 00BF     		.section	.text.startup._GLOBAL__sub_I_hw,"ax",%progbits
 797              		.align	1
 798              		.p2align 2,,3
 799              		.syntax unified
 800              		.thumb
 801              		.thumb_func
 802              		.fpu fpv5-d16
 804              	_GLOBAL__sub_I_hw:
 805              	.LFB5369:
 464:project006.cpp **** 
 465:project006.cpp **** // ============================================================
ARM GAS  C:\Users\aydan\AppData\Local\Temp\cc21BorY.s 			page 33


 466:project006.cpp **** // Main
 467:project006.cpp **** // ============================================================
 468:project006.cpp **** int main(void)
 469:project006.cpp **** {
 470:project006.cpp ****     hw.Init();
 471:project006.cpp ****     hw.SetAudioSampleRate(SaiHandle::Config::SampleRate::SAI_48KHZ);
 472:project006.cpp ****     hw.SetAudioBlockSize(48);
 473:project006.cpp **** 
 474:project006.cpp ****     // UART Daisy -> Pi (TX only)
 475:project006.cpp ****     UartHandler::Config uc;
 476:project006.cpp ****     uc.periph        = UartHandler::Config::Peripheral::USART_1;
 477:project006.cpp ****     uc.mode          = UartHandler::Config::Mode::TX;
 478:project006.cpp ****     uc.baudrate      = 115200;
 479:project006.cpp ****     uc.pin_config.tx = D13;
 480:project006.cpp ****     uc.pin_config.rx = D14; // set even if unused
 481:project006.cpp ****     uart.Init(uc);
 482:project006.cpp **** 
 483:project006.cpp ****     // Rotary GPIO inputs
 484:project006.cpp ****     for(int i = 0; i < kNumPos; i++)
 485:project006.cpp ****         rot[i].Init(kRotPins[i], GPIO::Mode::INPUT, GPIO::Pull::PULLUP);
 486:project006.cpp **** 
 487:project006.cpp ****     // Footswitch
 488:project006.cpp ****     foot.Init(D9, GPIO::Mode::INPUT, GPIO::Pull::PULLUP);
 489:project006.cpp **** 
 490:project006.cpp ****     // ADC: 3 pots
 491:project006.cpp ****     AdcChannelConfig adc_cfg[kNumPotsPhys];
 492:project006.cpp ****     adc_cfg[0].InitSingle(A0);
 493:project006.cpp ****     adc_cfg[1].InitSingle(A1);
 494:project006.cpp ****     adc_cfg[2].InitSingle(A2);
 495:project006.cpp ****     hw.adc.Init(adc_cfg, kNumPotsPhys);
 496:project006.cpp ****     hw.adc.Start();
 497:project006.cpp **** 
 498:project006.cpp ****     // Init tuner ring
 499:project006.cpp ****     for(int i = 0; i < kPitchRing; i++)
 500:project006.cpp ****         pitch_ring[i] = 0.0f;
 501:project006.cpp **** 
 502:project006.cpp ****     // Init effect modules
 503:project006.cpp ****     const float sr = hw.AudioSampleRate();
 504:project006.cpp ****     fx_chorus.Init(sr);
 505:project006.cpp ****     fx_revdel.Init(sr);
 506:project006.cpp ****     fx_od.Init(sr);
 507:project006.cpp **** 
 508:project006.cpp ****     // Default: enabled (we’ll manage bypass ourselves)
 509:project006.cpp ****     fx_chorus.SetEnabled(true);
 510:project006.cpp ****     fx_revdel.SetEnabled(true);
 511:project006.cpp ****     fx_od.SetEnabled(true);
 512:project006.cpp **** 
 513:project006.cpp ****     // Build parameter maps (by name)
 514:project006.cpp ****     build_param_maps();
 515:project006.cpp **** 
 516:project006.cpp ****     // Start audio
 517:project006.cpp ****     hw.StartAudio(AudioCallback);
 518:project006.cpp **** 
 519:project006.cpp ****     // Rotary debounce state
 520:project006.cpp ****     int      rot_stable      = 0;
 521:project006.cpp ****     int      rot_last_sample = 0;
 522:project006.cpp ****     uint32_t rot_last_change = System::GetNow();
ARM GAS  C:\Users\aydan\AppData\Local\Temp\cc21BorY.s 			page 34


 523:project006.cpp ****     int      last_sent_fx    = -1;
 524:project006.cpp **** 
 525:project006.cpp ****     // Pot smoothing
 526:project006.cpp ****     float pot_filt[3] = {0.f, 0.f, 0.f};
 527:project006.cpp **** 
 528:project006.cpp ****     // Tuner smoothing
 529:project006.cpp ****     float freq_smoother = 110.0f;
 530:project006.cpp **** 
 531:project006.cpp ****     // Timers
 532:project006.cpp ****     uint32_t last_pots_tx  = 0;
 533:project006.cpp ****     uint32_t last_tuner_tx = 0;
 534:project006.cpp **** 
 535:project006.cpp ****     // Initial telemetry
 536:project006.cpp ****     send_effect((int)g_fx);
 537:project006.cpp ****     send_pots(g_pots[0], g_pots[1], g_pots[2], g_pots[3]);
 538:project006.cpp ****     send_footswitch(false, "released", 0);
 539:project006.cpp ****     send_tuner(false, 110.0f, "A2", 0.0f, 0.0f);
 540:project006.cpp **** 
 541:project006.cpp ****     while(1)
 542:project006.cpp ****     {
 543:project006.cpp ****         const uint32_t now = System::GetNow();
 544:project006.cpp **** 
 545:project006.cpp ****         // ----------------------------
 546:project006.cpp ****         // Rotary -> effect select (debounced)
 547:project006.cpp ****         // ----------------------------
 548:project006.cpp ****         int sample = ReadRotaryRaw();
 549:project006.cpp ****         if(sample != 0)
 550:project006.cpp ****         {
 551:project006.cpp ****             if(sample != rot_last_sample)
 552:project006.cpp ****             {
 553:project006.cpp ****                 rot_last_sample = sample;
 554:project006.cpp ****                 rot_last_change = now;
 555:project006.cpp ****             }
 556:project006.cpp **** 
 557:project006.cpp ****             if(sample != rot_stable && (now - rot_last_change) >= 20)
 558:project006.cpp ****                 rot_stable = sample;
 559:project006.cpp **** 
 560:project006.cpp ****             int mapped;
 561:project006.cpp ****             if(rot_stable != 0 && RotaryPosToFx(rot_stable, mapped))
 562:project006.cpp ****                 g_fx = mapped;
 563:project006.cpp ****         }
 564:project006.cpp **** 
 565:project006.cpp ****         // LED debug: ON when rotary position 1 (tuner)
 566:project006.cpp ****         hw.SetLed(rot_stable == 1);
 567:project006.cpp **** 
 568:project006.cpp ****         // Send effect on change
 569:project006.cpp ****         if((int)g_fx != last_sent_fx)
 570:project006.cpp ****         {
 571:project006.cpp ****             last_sent_fx = (int)g_fx;
 572:project006.cpp ****             send_effect(last_sent_fx);
 573:project006.cpp **** 
 574:project006.cpp ****             // Reset bypass when switching (so it comes up enabled)
 575:project006.cpp ****             g_bypass = false;
 576:project006.cpp **** 
 577:project006.cpp ****             // Ensure modules enabled when entering them
 578:project006.cpp ****             if(last_sent_fx == FX_CHORUS)      fx_chorus.SetEnabled(true);
 579:project006.cpp ****             if(last_sent_fx == FX_REVERBDELAY) fx_revdel.SetEnabled(true);
ARM GAS  C:\Users\aydan\AppData\Local\Temp\cc21BorY.s 			page 35


 580:project006.cpp ****             if(last_sent_fx == FX_OVERDRIVE)   fx_od.SetEnabled(true);
 581:project006.cpp ****         }
 582:project006.cpp **** 
 583:project006.cpp ****         // ----------------------------
 584:project006.cpp ****         // Pots (3 phys + placeholder)
 585:project006.cpp ****         // ----------------------------
 586:project006.cpp ****         float p0 = hw.adc.GetFloat(0);
 587:project006.cpp ****         float p1 = hw.adc.GetFloat(1);
 588:project006.cpp ****         float p2 = hw.adc.GetFloat(2);
 589:project006.cpp **** 
 590:project006.cpp ****         pot_filt[0] = lpf1(pot_filt[0], p0, 0.08f);
 591:project006.cpp ****         pot_filt[1] = lpf1(pot_filt[1], p1, 0.08f);
 592:project006.cpp ****         pot_filt[2] = lpf1(pot_filt[2], p2, 0.08f);
 593:project006.cpp **** 
 594:project006.cpp ****         g_pots[0] = clampf(pot_filt[0], 0.f, 1.f);
 595:project006.cpp ****         g_pots[1] = clampf(pot_filt[1], 0.f, 1.f);
 596:project006.cpp ****         g_pots[2] = clampf(pot_filt[2], 0.f, 1.f);
 597:project006.cpp ****         g_pots[3] = kPotPlaceholder4;
 598:project006.cpp **** 
 599:project006.cpp ****         // Apply pots to the active effect (not tuner)
 600:project006.cpp ****         if((int)g_fx != FX_TUNER)
 601:project006.cpp ****             apply_pots_to_fx((int)g_fx, g_pots[0], g_pots[1], g_pots[2]);
 602:project006.cpp **** 
 603:project006.cpp ****         // Send pots ~25Hz
 604:project006.cpp ****         if(now - last_pots_tx >= 40)
 605:project006.cpp ****         {
 606:project006.cpp ****             last_pots_tx = now;
 607:project006.cpp ****             send_pots(g_pots[0], g_pots[1], g_pots[2], g_pots[3]);
 608:project006.cpp ****         }
 609:project006.cpp **** 
 610:project006.cpp ****         // ----------------------------
 611:project006.cpp ****         // Footswitch: toggle bypass for non-tuner
 612:project006.cpp ****         // ----------------------------
 613:project006.cpp ****         bool foot_sample = foot.Read(); // true=UP, false=DOWN
 614:project006.cpp ****         bool changed     = foot_db.Update(foot_sample, now, 15);
 615:project006.cpp **** 
 616:project006.cpp ****         if(changed)
 617:project006.cpp ****         {
 618:project006.cpp ****             const bool new_down = (foot_db.stable == false);
 619:project006.cpp **** 
 620:project006.cpp ****             if(new_down && !g_foot_down)
 621:project006.cpp ****             {
 622:project006.cpp ****                 g_foot_down = true;
 623:project006.cpp ****                 g_press_count++;
 624:project006.cpp **** 
 625:project006.cpp ****                 if((int)g_fx != FX_TUNER)
 626:project006.cpp ****                 {
 627:project006.cpp ****                     g_bypass = !g_bypass;
 628:project006.cpp ****                     // Mirror into module enabled state (optional but keeps IsEnabled consistent)
 629:project006.cpp ****                     BaseEffectModule *fx = fx_modules[(int)g_fx];
 630:project006.cpp ****                     if(fx)
 631:project006.cpp ****                         fx->SetEnabled(!g_bypass);
 632:project006.cpp ****                 }
 633:project006.cpp **** 
 634:project006.cpp ****                 send_footswitch(true, "pressed", g_press_count);
 635:project006.cpp ****             }
 636:project006.cpp ****             else if(!new_down && g_foot_down)
ARM GAS  C:\Users\aydan\AppData\Local\Temp\cc21BorY.s 			page 36


 637:project006.cpp ****             {
 638:project006.cpp ****                 g_foot_down = false;
 639:project006.cpp ****                 send_footswitch(false, "released", g_press_count);
 640:project006.cpp ****             }
 641:project006.cpp ****         }
 642:project006.cpp **** 
 643:project006.cpp ****         // ----------------------------
 644:project006.cpp ****         // Tuner analysis (~10 Hz) only when in tuner
 645:project006.cpp ****         // ----------------------------
 646:project006.cpp ****         if(now - last_tuner_tx >= 100)
 647:project006.cpp ****         {
 648:project006.cpp ****             last_tuner_tx = now;
 649:project006.cpp **** 
 650:project006.cpp ****             static float win[kPitchWin];
 651:project006.cpp ****             int wr = pitch_wr;
 652:project006.cpp **** 
 653:project006.cpp ****             for(int i = 0; i < kPitchWin; i++)
 654:project006.cpp ****             {
 655:project006.cpp ****                 int idx = wr - kPitchWin + i;
 656:project006.cpp ****                 while(idx < 0)
 657:project006.cpp ****                     idx += kPitchRing;
 658:project006.cpp ****                 idx %= kPitchRing;
 659:project006.cpp ****                 win[i] = pitch_ring[idx];
 660:project006.cpp ****             }
 661:project006.cpp **** 
 662:project006.cpp ****             const bool tuner_enabled = ((int)g_fx == FX_TUNER);
 663:project006.cpp ****             if(tuner_enabled)
 664:project006.cpp ****             {
 665:project006.cpp ****                 const float sens   = g_pots[0];
 666:project006.cpp ****                 const float smooth = g_pots[1];
 667:project006.cpp **** 
 668:project006.cpp ****                 PitchResult pr = estimate_pitch(win, kPitchWin, hw.AudioSampleRate(),
 669:project006.cpp ****                                                sens, smooth, freq_smoother);
 670:project006.cpp **** 
 671:project006.cpp ****                 send_tuner(pr.valid, pr.freq_hz, pr.note, pr.cents, pr.conf);
 672:project006.cpp ****             }
 673:project006.cpp ****             else
 674:project006.cpp ****             {
 675:project006.cpp ****                 send_tuner(false, 110.0f, "A2", 0.0f, 0.0f);
 676:project006.cpp ****             }
 677:project006.cpp ****         }
 678:project006.cpp **** 
 679:project006.cpp ****         System::Delay(1);
 680:project006.cpp ****     }
 681:project006.cpp **** }
 806              		.loc 6 681 1 is_stmt 1 view -0
 807              		.cfi_startproc
 808              		@ args = 0, pretend = 0, frame = 0
 809              		@ frame_needed = 0, uses_anonymous_args = 0
 810              	.LBB327:
 811              	.LBI327:
 812              		.loc 6 681 1 view .LVU225
 813              	.LVL72:
 814              	.LBB328:
 815              	.LBB329:
 816              	.LBI329:
  21:../../libDaisy/src/daisy_seed.h ****     ~DaisySeed() {}
ARM GAS  C:\Users\aydan\AppData\Local\Temp\cc21BorY.s 			page 37


 817              		.loc 1 21 5 view .LVU226
 818              	.LBB330:
 819              	.LBB331:
 820              	.LBI331:
 821              		.file 7 "../../libDaisy/src/per/qspi.h"
   1:../../libDaisy/src/per/qspi.h **** #ifndef DSY_QSPI
   2:../../libDaisy/src/per/qspi.h **** #define DSY_QSPI /**< Macro */
   3:../../libDaisy/src/per/qspi.h **** 
   4:../../libDaisy/src/per/qspi.h **** #ifndef UNIT_TEST // for unit tests, a dummy implementation
   5:../../libDaisy/src/per/qspi.h **** 
   6:../../libDaisy/src/per/qspi.h **** #include <cstdint>
   7:../../libDaisy/src/per/qspi.h **** #include "daisy_core.h" // Added for dsy_gpio_pin typedef
   8:../../libDaisy/src/per/qspi.h **** 
   9:../../libDaisy/src/per/qspi.h **** #define DSY_QSPI_TEXT       \
  10:../../libDaisy/src/per/qspi.h ****     __attribute__((section( \
  11:../../libDaisy/src/per/qspi.h ****         ".qspiflash_text"))) /**< used for reading memory in memory_mapped mode. */
  12:../../libDaisy/src/per/qspi.h **** #define DSY_QSPI_DATA       \
  13:../../libDaisy/src/per/qspi.h ****     __attribute__((section( \
  14:../../libDaisy/src/per/qspi.h ****         ".qspiflash_data"))) /**< used for reading memory in memory_mapped mode. */
  15:../../libDaisy/src/per/qspi.h **** #define DSY_QSPI_BSS        \
  16:../../libDaisy/src/per/qspi.h ****     __attribute__((section( \
  17:../../libDaisy/src/per/qspi.h ****         ".qspiflash_bss"))) /**< used for reading memory in memory_mapped mode. */
  18:../../libDaisy/src/per/qspi.h **** 
  19:../../libDaisy/src/per/qspi.h **** namespace daisy
  20:../../libDaisy/src/per/qspi.h **** {
  21:../../libDaisy/src/per/qspi.h **** /** @addtogroup serial
  22:../../libDaisy/src/per/qspi.h **** @{
  23:../../libDaisy/src/per/qspi.h **** */
  24:../../libDaisy/src/per/qspi.h **** 
  25:../../libDaisy/src/per/qspi.h **** /** 
  26:../../libDaisy/src/per/qspi.h ****  Driver for QSPI peripheral to interface with external flash memory. \n 
  27:../../libDaisy/src/per/qspi.h ****     Currently supported QSPI Devices: \n 
  28:../../libDaisy/src/per/qspi.h ****     * IS25LP080D
  29:../../libDaisy/src/per/qspi.h **** */
  30:../../libDaisy/src/per/qspi.h **** class QSPIHandle
  31:../../libDaisy/src/per/qspi.h **** {
  32:../../libDaisy/src/per/qspi.h ****   public:
  33:../../libDaisy/src/per/qspi.h ****     enum Result
  34:../../libDaisy/src/per/qspi.h ****     {
  35:../../libDaisy/src/per/qspi.h ****         OK = 0,
  36:../../libDaisy/src/per/qspi.h ****         ERR
  37:../../libDaisy/src/per/qspi.h ****     };
  38:../../libDaisy/src/per/qspi.h **** 
  39:../../libDaisy/src/per/qspi.h ****     /** Indicates the current status of the module. 
  40:../../libDaisy/src/per/qspi.h ****          *  Warnings are indicated by a leading W.
  41:../../libDaisy/src/per/qspi.h ****          *  Errors are indicated by a leading E and cause an immediate exit.
  42:../../libDaisy/src/per/qspi.h ****          * 
  43:../../libDaisy/src/per/qspi.h ****          *  \param GOOD - No errors have been reported.
  44:../../libDaisy/src/per/qspi.h ****          *  \param E_HAL_ERROR - HAL code did not return HAL_OK.
  45:../../libDaisy/src/per/qspi.h ****          *  \param E_SWITCHING_MODES - An error was encountered while switching QSPI peripheral mod
  46:../../libDaisy/src/per/qspi.h ****          *  \param E_INVALID_MODE - QSPI should not be written to while the program is executing fr
  47:../../libDaisy/src/per/qspi.h ****          */
  48:../../libDaisy/src/per/qspi.h ****     enum Status
  49:../../libDaisy/src/per/qspi.h ****     {
  50:../../libDaisy/src/per/qspi.h ****         GOOD = 0,
  51:../../libDaisy/src/per/qspi.h ****         E_HAL_ERROR,
  52:../../libDaisy/src/per/qspi.h ****         E_SWITCHING_MODES,
ARM GAS  C:\Users\aydan\AppData\Local\Temp\cc21BorY.s 			page 38


  53:../../libDaisy/src/per/qspi.h ****         E_INVALID_MODE,
  54:../../libDaisy/src/per/qspi.h ****     };
  55:../../libDaisy/src/per/qspi.h **** 
  56:../../libDaisy/src/per/qspi.h ****     /** Configuration structure for interfacing with QSPI Driver */
  57:../../libDaisy/src/per/qspi.h ****     struct Config
  58:../../libDaisy/src/per/qspi.h ****     {
  59:../../libDaisy/src/per/qspi.h ****         /** Flash Devices supported. (Both of these are more-or-less the same, just different sizes
  60:../../libDaisy/src/per/qspi.h ****         enum Device
  61:../../libDaisy/src/per/qspi.h ****         {
  62:../../libDaisy/src/per/qspi.h ****             IS25LP080D,  /**< & */
  63:../../libDaisy/src/per/qspi.h ****             IS25LP064A,  /**< & */
  64:../../libDaisy/src/per/qspi.h ****             DEVICE_LAST, /**< & */
  65:../../libDaisy/src/per/qspi.h ****         };
  66:../../libDaisy/src/per/qspi.h **** 
  67:../../libDaisy/src/per/qspi.h ****         /** 
  68:../../libDaisy/src/per/qspi.h ****         Modes of operation.
  69:../../libDaisy/src/per/qspi.h ****         Memory Mapped mode: QSPI configured so that the QSPI can be
  70:../../libDaisy/src/per/qspi.h ****         read from starting address 0x90000000. Writing is not
  71:../../libDaisy/src/per/qspi.h ****         possible in this mode. \n 
  72:../../libDaisy/src/per/qspi.h ****         Indirect Polling mode: Device driver enabled. 
  73:../../libDaisy/src/per/qspi.h ****         */
  74:../../libDaisy/src/per/qspi.h ****         enum Mode
  75:../../libDaisy/src/per/qspi.h ****         {
  76:../../libDaisy/src/per/qspi.h ****             MEMORY_MAPPED,    /**< & */
  77:../../libDaisy/src/per/qspi.h ****             INDIRECT_POLLING, /**< & */
  78:../../libDaisy/src/per/qspi.h ****             MODE_LAST,
  79:../../libDaisy/src/per/qspi.h ****         };
  80:../../libDaisy/src/per/qspi.h **** 
  81:../../libDaisy/src/per/qspi.h ****         //SCK,  CE# (active low)
  82:../../libDaisy/src/per/qspi.h ****         struct
  83:../../libDaisy/src/per/qspi.h ****         {
  84:../../libDaisy/src/per/qspi.h ****             dsy_gpio_pin io0; /**< & */
  85:../../libDaisy/src/per/qspi.h ****             dsy_gpio_pin io1; /**< & */
  86:../../libDaisy/src/per/qspi.h ****             dsy_gpio_pin io2; /**< & */
  87:../../libDaisy/src/per/qspi.h ****             dsy_gpio_pin io3; /**< & */
  88:../../libDaisy/src/per/qspi.h ****             dsy_gpio_pin clk; /**< & */
  89:../../libDaisy/src/per/qspi.h ****             dsy_gpio_pin ncs; /**< & */
  90:../../libDaisy/src/per/qspi.h ****         } pin_config;
  91:../../libDaisy/src/per/qspi.h **** 
  92:../../libDaisy/src/per/qspi.h ****         Device device;
  93:../../libDaisy/src/per/qspi.h ****         Mode   mode;
  94:../../libDaisy/src/per/qspi.h ****     };
  95:../../libDaisy/src/per/qspi.h **** 
  96:../../libDaisy/src/per/qspi.h ****     /** 
  97:../../libDaisy/src/per/qspi.h ****         Initializes QSPI peripheral, and Resets, and prepares memory for access.
  98:../../libDaisy/src/per/qspi.h ****         \param config should be populated with the mode, device and pin_config before calling this 
  99:../../libDaisy/src/per/qspi.h ****         \return Result::OK or Result::ERR
 100:../../libDaisy/src/per/qspi.h ****         */
 101:../../libDaisy/src/per/qspi.h ****     Result Init(const Config& config);
 102:../../libDaisy/src/per/qspi.h **** 
 103:../../libDaisy/src/per/qspi.h ****     /** Returns the current config. */
 104:../../libDaisy/src/per/qspi.h ****     const Config& GetConfig() const;
 105:../../libDaisy/src/per/qspi.h **** 
 106:../../libDaisy/src/per/qspi.h ****     // Couldn't this just be called before anything else in init? That
 107:../../libDaisy/src/per/qspi.h ****     // would make manually calling it unnecessary.
 108:../../libDaisy/src/per/qspi.h ****     /** 
 109:../../libDaisy/src/per/qspi.h ****         Deinitializes the peripheral
ARM GAS  C:\Users\aydan\AppData\Local\Temp\cc21BorY.s 			page 39


 110:../../libDaisy/src/per/qspi.h ****         This should be called before reinitializing QSPI in a different mode.
 111:../../libDaisy/src/per/qspi.h ****         \return Result::OK or Result::ERR
 112:../../libDaisy/src/per/qspi.h ****         */
 113:../../libDaisy/src/per/qspi.h ****     Result DeInit();
 114:../../libDaisy/src/per/qspi.h **** 
 115:../../libDaisy/src/per/qspi.h ****     /** 
 116:../../libDaisy/src/per/qspi.h ****         Writes a single page to to the specified address on the QSPI chip.
 117:../../libDaisy/src/per/qspi.h ****         For IS25LP*, page size is 256 bytes.
 118:../../libDaisy/src/per/qspi.h ****         \param address Address to write to
 119:../../libDaisy/src/per/qspi.h ****         \param size Buffer size
 120:../../libDaisy/src/per/qspi.h ****         \param buffer Buffer to write
 121:../../libDaisy/src/per/qspi.h ****         \return Result::OK or Result::ERR
 122:../../libDaisy/src/per/qspi.h ****         */
 123:../../libDaisy/src/per/qspi.h ****     Result WritePage(uint32_t address, uint32_t size, uint8_t* buffer);
 124:../../libDaisy/src/per/qspi.h **** 
 125:../../libDaisy/src/per/qspi.h ****     /** 
 126:../../libDaisy/src/per/qspi.h ****         Writes data in buffer to to the QSPI. Starting at address to address+size 
 127:../../libDaisy/src/per/qspi.h ****         \param address Address to write to
 128:../../libDaisy/src/per/qspi.h ****         \param size Buffer size
 129:../../libDaisy/src/per/qspi.h ****         \param buffer Buffer to write
 130:../../libDaisy/src/per/qspi.h ****         \return Result::OK or Result::ERR
 131:../../libDaisy/src/per/qspi.h ****         */
 132:../../libDaisy/src/per/qspi.h ****     Result Write(uint32_t address, uint32_t size, uint8_t* buffer);
 133:../../libDaisy/src/per/qspi.h **** 
 134:../../libDaisy/src/per/qspi.h ****     /** 
 135:../../libDaisy/src/per/qspi.h ****         Erases the area specified on the chip.
 136:../../libDaisy/src/per/qspi.h ****         Erasures will happen by 4K, 32K or 64K increments.
 137:../../libDaisy/src/per/qspi.h ****         Smallest erase possible is 4kB at a time. (on IS25LP*)
 138:../../libDaisy/src/per/qspi.h ****         \param start_addr Address to begin erasing from
 139:../../libDaisy/src/per/qspi.h ****         \param end_addr  Address to stop erasing at
 140:../../libDaisy/src/per/qspi.h ****         \return Result::OK or Result::ERR
 141:../../libDaisy/src/per/qspi.h ****         */
 142:../../libDaisy/src/per/qspi.h ****     Result Erase(uint32_t start_addr, uint32_t end_addr);
 143:../../libDaisy/src/per/qspi.h **** 
 144:../../libDaisy/src/per/qspi.h ****     /**  
 145:../../libDaisy/src/per/qspi.h ****          Erases a single sector of the chip.  
 146:../../libDaisy/src/per/qspi.h ****         TODO: Document the size of this function. 
 147:../../libDaisy/src/per/qspi.h ****         \param address Address of sector to erase
 148:../../libDaisy/src/per/qspi.h ****         \return Result::OK or Result::ERR
 149:../../libDaisy/src/per/qspi.h ****         */
 150:../../libDaisy/src/per/qspi.h ****     Result EraseSector(uint32_t address);
 151:../../libDaisy/src/per/qspi.h **** 
 152:../../libDaisy/src/per/qspi.h ****     /** Returns the current class status. Useful for debugging.
 153:../../libDaisy/src/per/qspi.h ****      *  \returns Status
 154:../../libDaisy/src/per/qspi.h ****      */
 155:../../libDaisy/src/per/qspi.h ****     Status GetStatus();
 156:../../libDaisy/src/per/qspi.h **** 
 157:../../libDaisy/src/per/qspi.h ****     /** Returns a pointer to the actual memory used 
 158:../../libDaisy/src/per/qspi.h ****      *  The memory at this address is read-only
 159:../../libDaisy/src/per/qspi.h ****      *  to write to it use the Write function.
 160:../../libDaisy/src/per/qspi.h ****      * 
 161:../../libDaisy/src/per/qspi.h ****      *  \param offset returns the pointer starting this 
 162:../../libDaisy/src/per/qspi.h ****      *                many bytes into the memory
 163:../../libDaisy/src/per/qspi.h ****     */
 164:../../libDaisy/src/per/qspi.h ****     void* GetData(uint32_t offset = 0);
 165:../../libDaisy/src/per/qspi.h **** 
 166:../../libDaisy/src/per/qspi.h ****     QSPIHandle() : pimpl_(nullptr) {}
ARM GAS  C:\Users\aydan\AppData\Local\Temp\cc21BorY.s 			page 40


 822              		.loc 7 166 5 view .LVU227
 823              	.LBE331:
 824              	.LBE330:
 825              	.LBE329:
 826              	.LBE328:
 827              	.LBE327:
 828              		.loc 6 681 1 is_stmt 0 view .LVU228
 829 0000 10B5     		push	{r4, lr}
 830              		.cfi_def_cfa_offset 8
 831              		.cfi_offset 4, -8
 832              		.cfi_offset 14, -4
 833              	.LBB384:
 834              	.LBB382:
 835              	.LBB352:
 836              	.LBB350:
 837              	.LBB336:
 838              	.LBB332:
 839              	.LBB333:
 840              		.loc 7 166 34 view .LVU229
 841 0002 1F48     		ldr	r0, .L107
 842 0004 0024     		movs	r4, #0
 843              	.LBE333:
 844              	.LBE332:
 845              	.LBE336:
 846              	.LBE350:
 847              	.LBE352:
  22:project006.cpp **** UartHandler uart;
 848              		.loc 6 22 13 view .LVU230
 849 0006 1F4A     		ldr	r2, .L107+4
 850 0008 1F49     		ldr	r1, .L107+8
 851              	.LBB353:
 852              	.LBB351:
 853              	.LBB337:
 854              	.LBB335:
 855              	.LBB334:
 856              		.loc 7 166 34 view .LVU231
 857 000a 0460     		str	r4, [r0]
 858              	.LVL73:
 859              		.loc 7 166 34 view .LVU232
 860              	.LBE334:
 861              	.LBE335:
 862              	.LBE337:
 863              	.LBB338:
 864              	.LBI338:
  95:../../libDaisy/src/hid/audio.h ****     ~AudioHandle() {}
 865              		.loc 5 95 5 is_stmt 1 view .LVU233
 866              	.LBB339:
 867              	.LBB340:
  95:../../libDaisy/src/hid/audio.h ****     ~AudioHandle() {}
 868              		.loc 5 95 35 is_stmt 0 view .LVU234
 869 000c 4461     		str	r4, [r0, #20]
 870              	.LVL74:
  95:../../libDaisy/src/hid/audio.h ****     ~AudioHandle() {}
 871              		.loc 5 95 35 view .LVU235
 872              	.LBE340:
 873              	.LBE339:
 874              	.LBE338:
ARM GAS  C:\Users\aydan\AppData\Local\Temp\cc21BorY.s 			page 41


 875              	.LBB341:
 876              	.LBI341:
 109:../../libDaisy/src/per/adc.h ****     ~AdcHandle() {}
 877              		.loc 4 109 5 is_stmt 1 view .LVU236
 109:../../libDaisy/src/per/adc.h ****     ~AdcHandle() {}
 878              		.loc 4 109 5 is_stmt 0 view .LVU237
 879              	.LBE341:
 880              	.LBB342:
 881              	.LBI342:
 882              		.file 8 "../../libDaisy/src/per/dac.h"
   1:../../libDaisy/src/per/dac.h **** #pragma once
   2:../../libDaisy/src/per/dac.h **** #ifndef DSY_DAC_H
   3:../../libDaisy/src/per/dac.h **** #define DSY_DAC_H
   4:../../libDaisy/src/per/dac.h **** 
   5:../../libDaisy/src/per/dac.h **** #include "daisy_core.h"
   6:../../libDaisy/src/per/dac.h **** 
   7:../../libDaisy/src/per/dac.h **** namespace daisy
   8:../../libDaisy/src/per/dac.h **** {
   9:../../libDaisy/src/per/dac.h **** /** @brief DAC handle for Built-in DAC Peripheral 
  10:../../libDaisy/src/per/dac.h ****  *  @ingroup per_analog
  11:../../libDaisy/src/per/dac.h ****  ** 
  12:../../libDaisy/src/per/dac.h ****  ** For now only Normal Mode is supported,
  13:../../libDaisy/src/per/dac.h ****  ** Sample and hold mode provides reduced power consumption, but requires a bit more setup.
  14:../../libDaisy/src/per/dac.h ****  **
  15:../../libDaisy/src/per/dac.h ****  ** For now connecting the DAC through other internal peripherals is also not supported.
  16:../../libDaisy/src/per/dac.h ****  **
  17:../../libDaisy/src/per/dac.h ****  ** Since the DAC channels have dedicated pins we don't need to pass in a pin config like with
  18:../../libDaisy/src/per/dac.h ****  ** other modules. However, it is still important to not try to use the DAC pins for anything else.
  19:../../libDaisy/src/per/dac.h ****  ** DAC Channel 1 is on PA4, and DAC Channel 2 is on PA5
  20:../../libDaisy/src/per/dac.h ****  ***/
  21:../../libDaisy/src/per/dac.h **** class DacHandle
  22:../../libDaisy/src/per/dac.h **** {
  23:../../libDaisy/src/per/dac.h ****   public:
  24:../../libDaisy/src/per/dac.h ****     /** Return Values for the DacHandle class */
  25:../../libDaisy/src/per/dac.h ****     enum class Result
  26:../../libDaisy/src/per/dac.h ****     {
  27:../../libDaisy/src/per/dac.h ****         OK,
  28:../../libDaisy/src/per/dac.h ****         ERR,
  29:../../libDaisy/src/per/dac.h ****     };
  30:../../libDaisy/src/per/dac.h **** 
  31:../../libDaisy/src/per/dac.h ****     /** Selects which channel(s) will be configured for use. */
  32:../../libDaisy/src/per/dac.h ****     enum class Channel
  33:../../libDaisy/src/per/dac.h ****     {
  34:../../libDaisy/src/per/dac.h ****         ONE,
  35:../../libDaisy/src/per/dac.h ****         TWO,
  36:../../libDaisy/src/per/dac.h ****         BOTH,
  37:../../libDaisy/src/per/dac.h ****     };
  38:../../libDaisy/src/per/dac.h **** 
  39:../../libDaisy/src/per/dac.h ****     /** Sets the Mode for the DAC channels.
  40:../../libDaisy/src/per/dac.h ****      **
  41:../../libDaisy/src/per/dac.h ****      ** Polling mode uses the blocking mode to transmit a single value at a time.
  42:../../libDaisy/src/per/dac.h ****      **
  43:../../libDaisy/src/per/dac.h ****      ** DMA mode uses a buffer, and periodically transmits it triggering a 
  44:../../libDaisy/src/per/dac.h ****      ** callback to fill the buffer when it is ready for more samples.
  45:../../libDaisy/src/per/dac.h ****      ***/
  46:../../libDaisy/src/per/dac.h ****     enum class Mode
  47:../../libDaisy/src/per/dac.h ****     {
ARM GAS  C:\Users\aydan\AppData\Local\Temp\cc21BorY.s 			page 42


  48:../../libDaisy/src/per/dac.h ****         POLLING,
  49:../../libDaisy/src/per/dac.h ****         DMA,
  50:../../libDaisy/src/per/dac.h ****     };
  51:../../libDaisy/src/per/dac.h **** 
  52:../../libDaisy/src/per/dac.h ****     /** Sets the number of bits per sample transmitted out of the DAC.
  53:../../libDaisy/src/per/dac.h ****      ** The output range will be: 0V - VDDA
  54:../../libDaisy/src/per/dac.h ****      ** The resolution will be roughly: bitdepth / (VDDA - 0V) 
  55:../../libDaisy/src/per/dac.h ****      ***/
  56:../../libDaisy/src/per/dac.h ****     enum class BitDepth
  57:../../libDaisy/src/per/dac.h ****     {
  58:../../libDaisy/src/per/dac.h ****         BITS_8,
  59:../../libDaisy/src/per/dac.h ****         BITS_12
  60:../../libDaisy/src/per/dac.h ****     };
  61:../../libDaisy/src/per/dac.h **** 
  62:../../libDaisy/src/per/dac.h ****     /** Sets whether the DAC output is buffered for higher drive ability. */
  63:../../libDaisy/src/per/dac.h ****     enum class BufferState
  64:../../libDaisy/src/per/dac.h ****     {
  65:../../libDaisy/src/per/dac.h ****         ENABLED,
  66:../../libDaisy/src/per/dac.h ****         DISABLED,
  67:../../libDaisy/src/per/dac.h ****     };
  68:../../libDaisy/src/per/dac.h **** 
  69:../../libDaisy/src/per/dac.h ****     /** Configuration structure for initializing the DAC structure. */
  70:../../libDaisy/src/per/dac.h ****     struct Config
  71:../../libDaisy/src/per/dac.h ****     {
  72:../../libDaisy/src/per/dac.h ****         /** Target Samplerate in Hz used to configure the internal 
  73:../../libDaisy/src/per/dac.h ****          ** timebase for DMA mode. Does nothing in POLLING mode.
  74:../../libDaisy/src/per/dac.h ****          ** If the value is 0 at Init time this will default to 48000Hz 
  75:../../libDaisy/src/per/dac.h ****          ** otherwise the driver will attempt meet the target.*/
  76:../../libDaisy/src/per/dac.h ****         uint32_t target_samplerate;
  77:../../libDaisy/src/per/dac.h **** 
  78:../../libDaisy/src/per/dac.h ****         Channel     chn;
  79:../../libDaisy/src/per/dac.h ****         Mode        mode;
  80:../../libDaisy/src/per/dac.h ****         BitDepth    bitdepth;
  81:../../libDaisy/src/per/dac.h ****         BufferState buff_state;
  82:../../libDaisy/src/per/dac.h ****     };
  83:../../libDaisy/src/per/dac.h **** 
  84:../../libDaisy/src/per/dac.h ****     DacHandle() : pimpl_(nullptr) {}
 883              		.loc 8 84 5 is_stmt 1 view .LVU238
 884              	.LBB343:
 885              	.LBB344:
 886              		.loc 8 84 33 is_stmt 0 view .LVU239
 887 000e 0462     		str	r4, [r0, #32]
 888              	.LVL75:
 889              		.loc 8 84 33 view .LVU240
 890              	.LBE344:
 891              	.LBE343:
 892              	.LBE342:
 893              	.LBB345:
 894              	.LBI345:
  40:../../libDaisy/src/hid/usb.h **** 
 895              		.loc 3 40 5 is_stmt 1 view .LVU241
  40:../../libDaisy/src/hid/usb.h **** 
 896              		.loc 3 40 5 is_stmt 0 view .LVU242
 897              	.LBE345:
 898              	.LBB346:
 899              	.LBI346:
  96:../../libDaisy/src/sys/system.h ****     ~System() {}
ARM GAS  C:\Users\aydan\AppData\Local\Temp\cc21BorY.s 			page 43


 900              		.loc 2 96 5 is_stmt 1 view .LVU243
  96:../../libDaisy/src/sys/system.h ****     ~System() {}
 901              		.loc 2 96 5 is_stmt 0 view .LVU244
 902              	.LBE346:
 903              	.LBB347:
 904              	.LBI347:
 905              		.file 9 "../../libDaisy/src/per/sai.h"
   1:../../libDaisy/src/per/sai.h **** #pragma once
   2:../../libDaisy/src/per/sai.h **** #ifndef DSY_SAI_H
   3:../../libDaisy/src/per/sai.h **** #define DSY_SAI_H
   4:../../libDaisy/src/per/sai.h **** 
   5:../../libDaisy/src/per/sai.h **** #include "daisy_core.h"
   6:../../libDaisy/src/per/sai.h **** 
   7:../../libDaisy/src/per/sai.h **** namespace daisy
   8:../../libDaisy/src/per/sai.h **** {
   9:../../libDaisy/src/per/sai.h **** /** 
  10:../../libDaisy/src/per/sai.h ****  * Support for I2S Audio Protocol with different bit-depth, samplerate options
  11:../../libDaisy/src/per/sai.h ****  * Allows for master or slave, as well as freedom of selecting direction, 
  12:../../libDaisy/src/per/sai.h ****  * and other behavior for each peripheral, and block.
  13:../../libDaisy/src/per/sai.h ****  * 
  14:../../libDaisy/src/per/sai.h ****  * DMA Transfer commands must use buffers located within non-cached memory or use cache maintenance
  15:../../libDaisy/src/per/sai.h ****  * To declare an unitialized global element in the DMA memory section:
  16:../../libDaisy/src/per/sai.h ****  *    int32_t DSY_DMA_BUFFER_SECTOR my_buffer[96];
  17:../../libDaisy/src/per/sai.h ****  *
  18:../../libDaisy/src/per/sai.h ****  * Callback functions will be called once per half of the buffer. In the above example, 
  19:../../libDaisy/src/per/sai.h ****  * the callback function would be called once for every 48 samples.
  20:../../libDaisy/src/per/sai.h ****  * 
  21:../../libDaisy/src/per/sai.h ****  * Use SAI Handle like this:
  22:../../libDaisy/src/per/sai.h ****  * 
  23:../../libDaisy/src/per/sai.h ****  *  SaiHandle::Config sai_config;
  24:../../libDaisy/src/per/sai.h ****  *  sai_config.periph          = SaiHandle::Config::Peripheral::SAI_1;
  25:../../libDaisy/src/per/sai.h ****  *  sai_config.sr              = SaiHandle::Config::SampleRate::SAI_48KHZ;
  26:../../libDaisy/src/per/sai.h ****  *  sai_config.bit_depth       = SaiHandle::Config::BitDepth::SAI_24BIT;
  27:../../libDaisy/src/per/sai.h ****  *  sai_config.a_sync          = SaiHandle::Config::Sync::MASTER;
  28:../../libDaisy/src/per/sai.h ****  *  sai_config.b_sync          = SaiHandle::Config::Sync::SLAVE;
  29:../../libDaisy/src/per/sai.h ****  *  sai_config.a_dir           = SaiHandle::Config::Direction::RECEIVE;
  30:../../libDaisy/src/per/sai.h ****  *  sai_config.b_dir           = SaiHandle::Config::Direction::TRANSMIT;
  31:../../libDaisy/src/per/sai.h ****  *  sai_config.pin_config.fs   = {DSY_GPIOE, 4};
  32:../../libDaisy/src/per/sai.h ****  *  sai_config.pin_config.mclk = {DSY_GPIOE, 2};
  33:../../libDaisy/src/per/sai.h ****  *  sai_config.pin_config.sck  = {DSY_GPIOE, 5};
  34:../../libDaisy/src/per/sai.h ****  *  sai_config.pin_config.sa   = {DSY_GPIOE, 6};
  35:../../libDaisy/src/per/sai.h ****  *  sai_config.pin_config.sb   = {DSY_GPIOE, 3};
  36:../../libDaisy/src/per/sai.h ****  *  // Then Initialize
  37:../../libDaisy/src/per/sai.h ****  *  SaiHandle sai;
  38:../../libDaisy/src/per/sai.h ****  *  sai.Init(sai_config);
  39:../../libDaisy/src/per/sai.h ****  *  // Now you can use it:
  40:../../libDaisy/src/per/sai.h ****  *  sai.StartDma(. . .);
  41:../../libDaisy/src/per/sai.h ****  */
  42:../../libDaisy/src/per/sai.h **** class SaiHandle
  43:../../libDaisy/src/per/sai.h **** {
  44:../../libDaisy/src/per/sai.h ****   public:
  45:../../libDaisy/src/per/sai.h ****     /** Contains settings for initialising an SAI Interface */
  46:../../libDaisy/src/per/sai.h ****     struct Config
  47:../../libDaisy/src/per/sai.h ****     {
  48:../../libDaisy/src/per/sai.h ****         /** Specifies the internal peripheral to use (mapped to different hardware pins) */
  49:../../libDaisy/src/per/sai.h ****         enum class Peripheral
  50:../../libDaisy/src/per/sai.h ****         {
ARM GAS  C:\Users\aydan\AppData\Local\Temp\cc21BorY.s 			page 44


  51:../../libDaisy/src/per/sai.h ****             SAI_1,
  52:../../libDaisy/src/per/sai.h ****             SAI_2,
  53:../../libDaisy/src/per/sai.h ****         };
  54:../../libDaisy/src/per/sai.h **** 
  55:../../libDaisy/src/per/sai.h ****         /** Rate at which samples will be streaming to/from the device. */
  56:../../libDaisy/src/per/sai.h ****         enum class SampleRate
  57:../../libDaisy/src/per/sai.h ****         {
  58:../../libDaisy/src/per/sai.h ****             SAI_8KHZ,
  59:../../libDaisy/src/per/sai.h ****             SAI_16KHZ,
  60:../../libDaisy/src/per/sai.h ****             SAI_32KHZ,
  61:../../libDaisy/src/per/sai.h ****             SAI_48KHZ,
  62:../../libDaisy/src/per/sai.h ****             SAI_96KHZ,
  63:../../libDaisy/src/per/sai.h ****         };
  64:../../libDaisy/src/per/sai.h **** 
  65:../../libDaisy/src/per/sai.h ****         /** Bit Depth that the hardware expects to be transferred to/from the device. */
  66:../../libDaisy/src/per/sai.h ****         enum class BitDepth
  67:../../libDaisy/src/per/sai.h ****         {
  68:../../libDaisy/src/per/sai.h ****             SAI_16BIT,
  69:../../libDaisy/src/per/sai.h ****             SAI_24BIT,
  70:../../libDaisy/src/per/sai.h ****             SAI_32BIT,
  71:../../libDaisy/src/per/sai.h ****         };
  72:../../libDaisy/src/per/sai.h **** 
  73:../../libDaisy/src/per/sai.h ****         /** Specifies whether a particular block is the master or the slave 
  74:../../libDaisy/src/per/sai.h ****          ** If both are set to slave, no MCLK signal will be used, and it is
  75:../../libDaisy/src/per/sai.h ****          ** expected that the codec will have its own xtal.
  76:../../libDaisy/src/per/sai.h ****          */
  77:../../libDaisy/src/per/sai.h ****         enum class Sync
  78:../../libDaisy/src/per/sai.h ****         {
  79:../../libDaisy/src/per/sai.h ****             MASTER,
  80:../../libDaisy/src/per/sai.h ****             SLAVE,
  81:../../libDaisy/src/per/sai.h ****         };
  82:../../libDaisy/src/per/sai.h **** 
  83:../../libDaisy/src/per/sai.h ****         /** Specifies the direction for each peripheral block. */
  84:../../libDaisy/src/per/sai.h ****         enum class Direction
  85:../../libDaisy/src/per/sai.h ****         {
  86:../../libDaisy/src/per/sai.h ****             TRANSMIT,
  87:../../libDaisy/src/per/sai.h ****             RECEIVE,
  88:../../libDaisy/src/per/sai.h ****         };
  89:../../libDaisy/src/per/sai.h **** 
  90:../../libDaisy/src/per/sai.h ****         Peripheral periph;
  91:../../libDaisy/src/per/sai.h ****         struct
  92:../../libDaisy/src/per/sai.h ****         {
  93:../../libDaisy/src/per/sai.h ****             dsy_gpio_pin mclk, fs, sck, sa, sb;
  94:../../libDaisy/src/per/sai.h ****         } pin_config;
  95:../../libDaisy/src/per/sai.h ****         SampleRate sr;
  96:../../libDaisy/src/per/sai.h ****         BitDepth   bit_depth;
  97:../../libDaisy/src/per/sai.h ****         Sync       a_sync, b_sync;
  98:../../libDaisy/src/per/sai.h ****         Direction  a_dir, b_dir;
  99:../../libDaisy/src/per/sai.h ****     };
 100:../../libDaisy/src/per/sai.h **** 
 101:../../libDaisy/src/per/sai.h ****     /** Return values for SAI functions */
 102:../../libDaisy/src/per/sai.h ****     enum class Result
 103:../../libDaisy/src/per/sai.h ****     {
 104:../../libDaisy/src/per/sai.h ****         OK,
 105:../../libDaisy/src/per/sai.h ****         ERR,
 106:../../libDaisy/src/per/sai.h ****     };
 107:../../libDaisy/src/per/sai.h **** 
ARM GAS  C:\Users\aydan\AppData\Local\Temp\cc21BorY.s 			page 45


 108:../../libDaisy/src/per/sai.h ****     SaiHandle() : pimpl_(nullptr) {}
 906              		.loc 9 108 5 is_stmt 1 view .LVU245
 907              	.LBB348:
 908              	.LBB349:
 909              		.loc 9 108 33 is_stmt 0 view .LVU246
 910 0010 C463     		str	r4, [r0, #60]
 911              	.LVL76:
 912              		.loc 9 108 33 view .LVU247
 913              	.LBE349:
 914              	.LBE348:
 915              	.LBE347:
 916              	.LBE351:
 917              	.LBE353:
  22:project006.cpp **** UartHandler uart;
 918              		.loc 6 22 13 view .LVU248
 919 0012 FFF7FEFF 		bl	__aeabi_atexit
 920              	.LVL77:
 921              	.LBB354:
 922              	.LBI354:
 923              		.file 10 "../../libDaisy/src/per/uart.h"
   1:../../libDaisy/src/per/uart.h **** /* 
   2:../../libDaisy/src/per/uart.h **** TODO
   3:../../libDaisy/src/per/uart.h **** - Overflow handling, etc. for Rx Queue.
   4:../../libDaisy/src/per/uart.h **** */
   5:../../libDaisy/src/per/uart.h **** 
   6:../../libDaisy/src/per/uart.h **** #pragma once
   7:../../libDaisy/src/per/uart.h **** #ifndef DSY_UART_H
   8:../../libDaisy/src/per/uart.h **** #define DSY_UART_H /**< macro */
   9:../../libDaisy/src/per/uart.h **** #include "daisy_core.h"
  10:../../libDaisy/src/per/uart.h **** 
  11:../../libDaisy/src/per/uart.h **** 
  12:../../libDaisy/src/per/uart.h **** namespace daisy
  13:../../libDaisy/src/per/uart.h **** {
  14:../../libDaisy/src/per/uart.h **** /** @addtogroup serial
  15:../../libDaisy/src/per/uart.h ****     @{
  16:../../libDaisy/src/per/uart.h ****     */
  17:../../libDaisy/src/per/uart.h **** 
  18:../../libDaisy/src/per/uart.h **** /** 
  19:../../libDaisy/src/per/uart.h ****     Uart Peripheral
  20:../../libDaisy/src/per/uart.h ****     @author shensley
  21:../../libDaisy/src/per/uart.h ****     @date March 2020
  22:../../libDaisy/src/per/uart.h ****     */
  23:../../libDaisy/src/per/uart.h **** class UartHandler
  24:../../libDaisy/src/per/uart.h **** {
  25:../../libDaisy/src/per/uart.h ****   public:
  26:../../libDaisy/src/per/uart.h ****     struct Config
  27:../../libDaisy/src/per/uart.h ****     {
  28:../../libDaisy/src/per/uart.h ****         enum class Peripheral
  29:../../libDaisy/src/per/uart.h ****         {
  30:../../libDaisy/src/per/uart.h ****             USART_1,
  31:../../libDaisy/src/per/uart.h ****             USART_2,
  32:../../libDaisy/src/per/uart.h ****             USART_3,
  33:../../libDaisy/src/per/uart.h ****             UART_4,
  34:../../libDaisy/src/per/uart.h ****             UART_5,
  35:../../libDaisy/src/per/uart.h ****             USART_6,
  36:../../libDaisy/src/per/uart.h ****             UART_7,
  37:../../libDaisy/src/per/uart.h ****             UART_8,
ARM GAS  C:\Users\aydan\AppData\Local\Temp\cc21BorY.s 			page 46


  38:../../libDaisy/src/per/uart.h ****             LPUART_1,
  39:../../libDaisy/src/per/uart.h ****         };
  40:../../libDaisy/src/per/uart.h **** 
  41:../../libDaisy/src/per/uart.h ****         enum class StopBits
  42:../../libDaisy/src/per/uart.h ****         {
  43:../../libDaisy/src/per/uart.h ****             BITS_0_5,
  44:../../libDaisy/src/per/uart.h ****             BITS_1,
  45:../../libDaisy/src/per/uart.h ****             BITS_1_5,
  46:../../libDaisy/src/per/uart.h ****             BITS_2,
  47:../../libDaisy/src/per/uart.h ****         };
  48:../../libDaisy/src/per/uart.h **** 
  49:../../libDaisy/src/per/uart.h ****         enum class Parity
  50:../../libDaisy/src/per/uart.h ****         {
  51:../../libDaisy/src/per/uart.h ****             NONE,
  52:../../libDaisy/src/per/uart.h ****             EVEN,
  53:../../libDaisy/src/per/uart.h ****             ODD,
  54:../../libDaisy/src/per/uart.h ****         };
  55:../../libDaisy/src/per/uart.h **** 
  56:../../libDaisy/src/per/uart.h ****         enum class Mode
  57:../../libDaisy/src/per/uart.h ****         {
  58:../../libDaisy/src/per/uart.h ****             RX,
  59:../../libDaisy/src/per/uart.h ****             TX,
  60:../../libDaisy/src/per/uart.h ****             TX_RX,
  61:../../libDaisy/src/per/uart.h ****         };
  62:../../libDaisy/src/per/uart.h **** 
  63:../../libDaisy/src/per/uart.h ****         enum class WordLength
  64:../../libDaisy/src/per/uart.h ****         {
  65:../../libDaisy/src/per/uart.h ****             BITS_7,
  66:../../libDaisy/src/per/uart.h ****             BITS_8,
  67:../../libDaisy/src/per/uart.h ****             BITS_9,
  68:../../libDaisy/src/per/uart.h ****         };
  69:../../libDaisy/src/per/uart.h **** 
  70:../../libDaisy/src/per/uart.h ****         struct
  71:../../libDaisy/src/per/uart.h ****         {
  72:../../libDaisy/src/per/uart.h ****             dsy_gpio_pin tx; /**< & */
  73:../../libDaisy/src/per/uart.h ****             dsy_gpio_pin rx; /**< & */
  74:../../libDaisy/src/per/uart.h ****         } pin_config;        /**< & */
  75:../../libDaisy/src/per/uart.h **** 
  76:../../libDaisy/src/per/uart.h ****         Config()
  77:../../libDaisy/src/per/uart.h ****         {
  78:../../libDaisy/src/per/uart.h ****             // user must init periph, pin_config, and mode
  79:../../libDaisy/src/per/uart.h ****             stopbits   = StopBits::BITS_1;
  80:../../libDaisy/src/per/uart.h ****             parity     = Parity::NONE;
  81:../../libDaisy/src/per/uart.h ****             wordlength = WordLength::BITS_8;
  82:../../libDaisy/src/per/uart.h ****             baudrate   = 31250;
  83:../../libDaisy/src/per/uart.h ****         }
  84:../../libDaisy/src/per/uart.h **** 
  85:../../libDaisy/src/per/uart.h ****         Peripheral periph;
  86:../../libDaisy/src/per/uart.h ****         StopBits   stopbits;
  87:../../libDaisy/src/per/uart.h ****         Parity     parity;
  88:../../libDaisy/src/per/uart.h ****         Mode       mode;
  89:../../libDaisy/src/per/uart.h ****         WordLength wordlength;
  90:../../libDaisy/src/per/uart.h ****         uint32_t   baudrate;
  91:../../libDaisy/src/per/uart.h ****     };
  92:../../libDaisy/src/per/uart.h **** 
  93:../../libDaisy/src/per/uart.h **** 
  94:../../libDaisy/src/per/uart.h ****     UartHandler() : pimpl_(nullptr) {}
ARM GAS  C:\Users\aydan\AppData\Local\Temp\cc21BorY.s 			page 47


 924              		.loc 10 94 5 is_stmt 1 view .LVU249
 925 0016 1D4B     		ldr	r3, .L107+12
 926              	.LBB355:
 927              	.LBB356:
 928              		.loc 10 94 35 is_stmt 0 view .LVU250
 929 0018 1D4A     		ldr	r2, .L107+16
 930 001a 03F1780C 		add	ip, r3, #120
 931 001e 1460     		str	r4, [r2]
 932              	.LVL78:
 933              		.loc 10 94 35 view .LVU251
 934              	.LBE356:
 935              	.LBE355:
 936              	.LBE354:
  30:project006.cpp **** 
 937              		.loc 6 30 33 is_stmt 1 view .LVU252
 938              	.L104:
 939              	.LBB357:
 940              	.LBI357:
 941              		.file 11 "../../libDaisy/src/per/gpio.h"
   1:../../libDaisy/src/per/gpio.h **** #pragma once
   2:../../libDaisy/src/per/gpio.h **** #ifndef DSY_GPIO_H
   3:../../libDaisy/src/per/gpio.h **** #define DSY_GPIO_H
   4:../../libDaisy/src/per/gpio.h **** #include "daisy_core.h"
   5:../../libDaisy/src/per/gpio.h **** 
   6:../../libDaisy/src/per/gpio.h **** #ifdef __cplusplus
   7:../../libDaisy/src/per/gpio.h **** 
   8:../../libDaisy/src/per/gpio.h **** namespace daisy
   9:../../libDaisy/src/per/gpio.h **** {
  10:../../libDaisy/src/per/gpio.h **** /** @brief General Purpose I/O control 
  11:../../libDaisy/src/per/gpio.h ****  *  @details peripheral control over a single GPIO
  12:../../libDaisy/src/per/gpio.h ****  *  @ingroup peripheral
  13:../../libDaisy/src/per/gpio.h ****  *   
  14:../../libDaisy/src/per/gpio.h ****  *  Button Input (with internal Pullup resistor)
  15:../../libDaisy/src/per/gpio.h ****  *  @include GPIO_Input.cpp 
  16:../../libDaisy/src/per/gpio.h ****  * 
  17:../../libDaisy/src/per/gpio.h ****  *  Output Example (perfect for blinking an LED)
  18:../../libDaisy/src/per/gpio.h ****  *  @include GPIO_Output.cpp
  19:../../libDaisy/src/per/gpio.h ****  * 
  20:../../libDaisy/src/per/gpio.h **** */
  21:../../libDaisy/src/per/gpio.h **** class GPIO
  22:../../libDaisy/src/per/gpio.h **** {
  23:../../libDaisy/src/per/gpio.h ****   public:
  24:../../libDaisy/src/per/gpio.h ****     /** @brief Mode of operation for the specified GPIO */
  25:../../libDaisy/src/per/gpio.h ****     enum class Mode
  26:../../libDaisy/src/per/gpio.h ****     {
  27:../../libDaisy/src/per/gpio.h ****         INPUT,     /**< Input for reading state of pin */
  28:../../libDaisy/src/per/gpio.h ****         OUTPUT,    /**< Output w/ push-pull configuration */
  29:../../libDaisy/src/per/gpio.h ****         OUTPUT_OD, /**< Output w/ open-drain configuration */
  30:../../libDaisy/src/per/gpio.h ****         ANALOG,    /**< Analog for connection to ADC or DAC peripheral */
  31:../../libDaisy/src/per/gpio.h ****     };
  32:../../libDaisy/src/per/gpio.h **** 
  33:../../libDaisy/src/per/gpio.h ****     /** @brief Configures whether an internal Pull up or Pull down resistor is used. 
  34:../../libDaisy/src/per/gpio.h ****      *  
  35:../../libDaisy/src/per/gpio.h ****      * Internal Pull up/down resistors are typically 40k ohms, and will be between
  36:../../libDaisy/src/per/gpio.h ****      * 30k and 50k
  37:../../libDaisy/src/per/gpio.h ****      * 
  38:../../libDaisy/src/per/gpio.h ****      * When the Pin is configured in Analog mode, the pull up/down resistors are
ARM GAS  C:\Users\aydan\AppData\Local\Temp\cc21BorY.s 			page 48


  39:../../libDaisy/src/per/gpio.h ****      * disabled by hardware. 
  40:../../libDaisy/src/per/gpio.h ****      */
  41:../../libDaisy/src/per/gpio.h ****     enum class Pull
  42:../../libDaisy/src/per/gpio.h ****     {
  43:../../libDaisy/src/per/gpio.h ****         NOPULL,   /**< No pull up resistor */
  44:../../libDaisy/src/per/gpio.h ****         PULLUP,   /**< Internal pull up enabled */
  45:../../libDaisy/src/per/gpio.h ****         PULLDOWN, /**< Internal pull down enabled*/
  46:../../libDaisy/src/per/gpio.h ****     };
  47:../../libDaisy/src/per/gpio.h **** 
  48:../../libDaisy/src/per/gpio.h ****     /** @brief Output speed controls the drive strength, and slew rate of the pin */
  49:../../libDaisy/src/per/gpio.h ****     enum class Speed
  50:../../libDaisy/src/per/gpio.h ****     {
  51:../../libDaisy/src/per/gpio.h ****         LOW,
  52:../../libDaisy/src/per/gpio.h ****         MEDIUM,
  53:../../libDaisy/src/per/gpio.h ****         HIGH,
  54:../../libDaisy/src/per/gpio.h ****         VERY_HIGH,
  55:../../libDaisy/src/per/gpio.h ****     };
  56:../../libDaisy/src/per/gpio.h **** 
  57:../../libDaisy/src/per/gpio.h ****     /** @brief Configuration for a given GPIO */
  58:../../libDaisy/src/per/gpio.h ****     struct Config
  59:../../libDaisy/src/per/gpio.h ****     {
  60:../../libDaisy/src/per/gpio.h ****         Pin   pin;
  61:../../libDaisy/src/per/gpio.h ****         Mode  mode;
  62:../../libDaisy/src/per/gpio.h ****         Pull  pull;
  63:../../libDaisy/src/per/gpio.h ****         Speed speed;
  64:../../libDaisy/src/per/gpio.h **** 
  65:../../libDaisy/src/per/gpio.h ****         /** Constructor with no arguments will prepare an invalid GPIO set as
  66:../../libDaisy/src/per/gpio.h ****          *  an input, with no pullup. 
  67:../../libDaisy/src/per/gpio.h ****          */
  68:../../libDaisy/src/per/gpio.h ****         Config()
  69:../../libDaisy/src/per/gpio.h ****         : pin(), mode(Mode::INPUT), pull(Pull::NOPULL), speed(Speed::LOW)
  70:../../libDaisy/src/per/gpio.h ****         {
  71:../../libDaisy/src/per/gpio.h ****         }
  72:../../libDaisy/src/per/gpio.h ****     };
  73:../../libDaisy/src/per/gpio.h **** 
  74:../../libDaisy/src/per/gpio.h ****     GPIO() {}
 942              		.loc 11 74 5 view .LVU253
 943              	.LBB358:
 944              	.LBI358:
  68:../../libDaisy/src/per/gpio.h ****         : pin(), mode(Mode::INPUT), pull(Pull::NOPULL), speed(Speed::LOW)
 945              		.loc 11 68 9 view .LVU254
 946              	.LBB359:
 947              	.LBB360:
 948              	.LBI360:
 949              		.file 12 "../../libDaisy/src/daisy_core.h"
   1:../../libDaisy/src/daisy_core.h **** #pragma once
   2:../../libDaisy/src/daisy_core.h **** #ifndef DSY_CORE_HW_H
   3:../../libDaisy/src/daisy_core.h **** #define DSY_CORE_HW_H /**< & */
   4:../../libDaisy/src/daisy_core.h **** #include <stdint.h>
   5:../../libDaisy/src/daisy_core.h **** #include <stdlib.h>
   6:../../libDaisy/src/daisy_core.h **** 
   7:../../libDaisy/src/daisy_core.h **** #if defined(_MSC_VER)
   8:../../libDaisy/src/daisy_core.h **** #define FORCE_INLINE __forceinline /**< & */
   9:../../libDaisy/src/daisy_core.h **** #elif defined(__clang__)
  10:../../libDaisy/src/daisy_core.h **** #define FORCE_INLINE inline __attribute__((always_inline)) /**< & */
  11:../../libDaisy/src/daisy_core.h **** #pragma clang diagnostic ignored "-Wduplicate-decl-specifier"
  12:../../libDaisy/src/daisy_core.h **** #elif defined(__GNUC__)
ARM GAS  C:\Users\aydan\AppData\Local\Temp\cc21BorY.s 			page 49


  13:../../libDaisy/src/daisy_core.h **** #define FORCE_INLINE inline __attribute__((always_inline)) /**< & */
  14:../../libDaisy/src/daisy_core.h **** #else
  15:../../libDaisy/src/daisy_core.h **** #error unknown compiler
  16:../../libDaisy/src/daisy_core.h **** #endif
  17:../../libDaisy/src/daisy_core.h **** 
  18:../../libDaisy/src/daisy_core.h **** /** @addtogroup utility
  19:../../libDaisy/src/daisy_core.h ****     @{
  20:../../libDaisy/src/daisy_core.h **** */
  21:../../libDaisy/src/daisy_core.h **** 
  22:../../libDaisy/src/daisy_core.h **** /** Macro for area of memory that is configured as cacheless
  23:../../libDaisy/src/daisy_core.h **** This should be used primarily for DMA buffers, and the like.
  24:../../libDaisy/src/daisy_core.h **** */
  25:../../libDaisy/src/daisy_core.h **** #define DMA_BUFFER_MEM_SECTION __attribute__((section(".sram1_bss")))
  26:../../libDaisy/src/daisy_core.h **** /** 
  27:../../libDaisy/src/daisy_core.h **** THE DTCM RAM section is also non-cached. However, is not suitable 
  28:../../libDaisy/src/daisy_core.h **** for DMA transfers. Performance is on par with internal SRAM w/ 
  29:../../libDaisy/src/daisy_core.h **** cache enabled.
  30:../../libDaisy/src/daisy_core.h **** */
  31:../../libDaisy/src/daisy_core.h **** #define DTCM_MEM_SECTION __attribute__((section(".dtcmram_bss")))
  32:../../libDaisy/src/daisy_core.h **** 
  33:../../libDaisy/src/daisy_core.h **** #define FBIPMAX 0.999985f             /**< close to 1.0f-LSB at 16 bit */
  34:../../libDaisy/src/daisy_core.h **** #define FBIPMIN (-FBIPMAX)            /**< - (1 - LSB) */
  35:../../libDaisy/src/daisy_core.h **** #define U82F_SCALE 0.0078740f         /**< 1 / 127 */
  36:../../libDaisy/src/daisy_core.h **** #define F2U8_SCALE 127.0f             /**< 128 - 1 */
  37:../../libDaisy/src/daisy_core.h **** #define S82F_SCALE 0.0078125f         /**< 1 / (2**7) */
  38:../../libDaisy/src/daisy_core.h **** #define F2S8_SCALE 127.0f             /**< (2 ** 7) - 1 */
  39:../../libDaisy/src/daisy_core.h **** #define S162F_SCALE 3.0517578125e-05f /**< 1 / (2** 15) */
  40:../../libDaisy/src/daisy_core.h **** #define F2S16_SCALE 32767.0f          /**< (2 ** 15) - 1 */
  41:../../libDaisy/src/daisy_core.h **** #define F2S24_SCALE 8388608.0f        /**< 2 ** 23 */
  42:../../libDaisy/src/daisy_core.h **** #define S242F_SCALE 1.192092896e-07f  /**< 1 / (2 ** 23) */
  43:../../libDaisy/src/daisy_core.h **** #define S24SIGN 0x800000              /**< 2 ** 23 */
  44:../../libDaisy/src/daisy_core.h **** #define S322F_SCALE 4.6566129e-10f    /**< 1 / (2** 31) */
  45:../../libDaisy/src/daisy_core.h **** #define F2S32_SCALE 2147483647.f      /**< (2 ** 31) - 1 */
  46:../../libDaisy/src/daisy_core.h **** 
  47:../../libDaisy/src/daisy_core.h **** 
  48:../../libDaisy/src/daisy_core.h **** /** shorthand macro for simplifying the reading of the left 
  49:../../libDaisy/src/daisy_core.h ****  *  channel of a non-interleaved output buffer named out */
  50:../../libDaisy/src/daisy_core.h **** #define OUT_L out[0]
  51:../../libDaisy/src/daisy_core.h **** 
  52:../../libDaisy/src/daisy_core.h **** /** shorthand macro for simplifying the reading of the right 
  53:../../libDaisy/src/daisy_core.h ****  *  channel of a non-interleaved output buffer named out */
  54:../../libDaisy/src/daisy_core.h **** #define OUT_R out[1]
  55:../../libDaisy/src/daisy_core.h **** 
  56:../../libDaisy/src/daisy_core.h **** /** shorthand macro for simplifying the reading of the left 
  57:../../libDaisy/src/daisy_core.h ****  *  channel of a non-interleaved input buffer named in */
  58:../../libDaisy/src/daisy_core.h **** #define IN_L in[0]
  59:../../libDaisy/src/daisy_core.h **** 
  60:../../libDaisy/src/daisy_core.h **** /** shorthand macro for simplifying the reading of the right 
  61:../../libDaisy/src/daisy_core.h ****  *  channel of a non-interleaved input buffer named in */
  62:../../libDaisy/src/daisy_core.h **** #define IN_R in[1]
  63:../../libDaisy/src/daisy_core.h **** 
  64:../../libDaisy/src/daisy_core.h **** /** 
  65:../../libDaisy/src/daisy_core.h ****     Computes cube.
  66:../../libDaisy/src/daisy_core.h ****     \param x Number to be cubed
  67:../../libDaisy/src/daisy_core.h ****     \return x ^ 3
  68:../../libDaisy/src/daisy_core.h **** */
  69:../../libDaisy/src/daisy_core.h **** FORCE_INLINE float cube(float x)
ARM GAS  C:\Users\aydan\AppData\Local\Temp\cc21BorY.s 			page 50


  70:../../libDaisy/src/daisy_core.h **** {
  71:../../libDaisy/src/daisy_core.h ****     return (x * x) * x;
  72:../../libDaisy/src/daisy_core.h **** }
  73:../../libDaisy/src/daisy_core.h **** 
  74:../../libDaisy/src/daisy_core.h **** /** 
  75:../../libDaisy/src/daisy_core.h ****     Converts unsigned 8-bit to float
  76:../../libDaisy/src/daisy_core.h ****     \param x Number to be scaled.
  77:../../libDaisy/src/daisy_core.h ****     \return Scaled number.
  78:../../libDaisy/src/daisy_core.h **** */
  79:../../libDaisy/src/daisy_core.h **** FORCE_INLINE float u82f(uint8_t x)
  80:../../libDaisy/src/daisy_core.h **** {
  81:../../libDaisy/src/daisy_core.h ****     return ((float)x - 127.f) * U82F_SCALE;
  82:../../libDaisy/src/daisy_core.h **** }
  83:../../libDaisy/src/daisy_core.h **** 
  84:../../libDaisy/src/daisy_core.h **** /**
  85:../../libDaisy/src/daisy_core.h ****     Converts float to unsigned 8-bit
  86:../../libDaisy/src/daisy_core.h **** */
  87:../../libDaisy/src/daisy_core.h **** FORCE_INLINE uint8_t f2u8(float x)
  88:../../libDaisy/src/daisy_core.h **** {
  89:../../libDaisy/src/daisy_core.h ****     x = x <= FBIPMIN ? FBIPMIN : x;
  90:../../libDaisy/src/daisy_core.h ****     x = x >= FBIPMAX ? FBIPMAX : x;
  91:../../libDaisy/src/daisy_core.h ****     return (uint8_t)((x * F2U8_SCALE) + F2U8_SCALE);
  92:../../libDaisy/src/daisy_core.h **** }
  93:../../libDaisy/src/daisy_core.h **** 
  94:../../libDaisy/src/daisy_core.h **** 
  95:../../libDaisy/src/daisy_core.h **** /** 
  96:../../libDaisy/src/daisy_core.h ****     Converts Signed 8-bit to float
  97:../../libDaisy/src/daisy_core.h ****     \param x Number to be scaled.
  98:../../libDaisy/src/daisy_core.h ****     \return Scaled number.
  99:../../libDaisy/src/daisy_core.h **** */
 100:../../libDaisy/src/daisy_core.h **** FORCE_INLINE float s82f(int8_t x)
 101:../../libDaisy/src/daisy_core.h **** {
 102:../../libDaisy/src/daisy_core.h ****     return (float)x * S82F_SCALE;
 103:../../libDaisy/src/daisy_core.h **** }
 104:../../libDaisy/src/daisy_core.h **** 
 105:../../libDaisy/src/daisy_core.h **** /**
 106:../../libDaisy/src/daisy_core.h ****     Converts float to Signed 8-bit
 107:../../libDaisy/src/daisy_core.h **** */
 108:../../libDaisy/src/daisy_core.h **** FORCE_INLINE int8_t f2s8(float x)
 109:../../libDaisy/src/daisy_core.h **** {
 110:../../libDaisy/src/daisy_core.h ****     x = x <= FBIPMIN ? FBIPMIN : x;
 111:../../libDaisy/src/daisy_core.h ****     x = x >= FBIPMAX ? FBIPMAX : x;
 112:../../libDaisy/src/daisy_core.h ****     return (int32_t)(x * F2S8_SCALE);
 113:../../libDaisy/src/daisy_core.h **** }
 114:../../libDaisy/src/daisy_core.h **** 
 115:../../libDaisy/src/daisy_core.h **** /** 
 116:../../libDaisy/src/daisy_core.h ****     Converts Signed 16-bit to float
 117:../../libDaisy/src/daisy_core.h ****     \param x Number to be scaled.
 118:../../libDaisy/src/daisy_core.h ****     \return Scaled number.
 119:../../libDaisy/src/daisy_core.h **** */
 120:../../libDaisy/src/daisy_core.h **** FORCE_INLINE float s162f(int16_t x)
 121:../../libDaisy/src/daisy_core.h **** {
 122:../../libDaisy/src/daisy_core.h ****     return (float)x * S162F_SCALE;
 123:../../libDaisy/src/daisy_core.h **** }
 124:../../libDaisy/src/daisy_core.h **** 
 125:../../libDaisy/src/daisy_core.h **** /**
 126:../../libDaisy/src/daisy_core.h ****     Converts float to Signed 16-bit
ARM GAS  C:\Users\aydan\AppData\Local\Temp\cc21BorY.s 			page 51


 127:../../libDaisy/src/daisy_core.h **** */
 128:../../libDaisy/src/daisy_core.h **** FORCE_INLINE int16_t f2s16(float x)
 129:../../libDaisy/src/daisy_core.h **** {
 130:../../libDaisy/src/daisy_core.h ****     x = x <= FBIPMIN ? FBIPMIN : x;
 131:../../libDaisy/src/daisy_core.h ****     x = x >= FBIPMAX ? FBIPMAX : x;
 132:../../libDaisy/src/daisy_core.h ****     return (int32_t)(x * F2S16_SCALE);
 133:../../libDaisy/src/daisy_core.h **** }
 134:../../libDaisy/src/daisy_core.h **** 
 135:../../libDaisy/src/daisy_core.h **** /**
 136:../../libDaisy/src/daisy_core.h ****     Converts Signed 24-bit to float
 137:../../libDaisy/src/daisy_core.h ****  */
 138:../../libDaisy/src/daisy_core.h **** FORCE_INLINE float s242f(int32_t x)
 139:../../libDaisy/src/daisy_core.h **** {
 140:../../libDaisy/src/daisy_core.h ****     x = (x ^ S24SIGN) - S24SIGN; //sign extend aka ((x<<8)>>8)
 141:../../libDaisy/src/daisy_core.h ****     return (float)x * S242F_SCALE;
 142:../../libDaisy/src/daisy_core.h **** }
 143:../../libDaisy/src/daisy_core.h **** /**
 144:../../libDaisy/src/daisy_core.h ****     Converts float to Signed 24-bit
 145:../../libDaisy/src/daisy_core.h ****  */
 146:../../libDaisy/src/daisy_core.h **** FORCE_INLINE int32_t f2s24(float x)
 147:../../libDaisy/src/daisy_core.h **** {
 148:../../libDaisy/src/daisy_core.h ****     x = x <= FBIPMIN ? FBIPMIN : x;
 149:../../libDaisy/src/daisy_core.h ****     x = x >= FBIPMAX ? FBIPMAX : x;
 150:../../libDaisy/src/daisy_core.h ****     return (int32_t)(x * F2S24_SCALE);
 151:../../libDaisy/src/daisy_core.h **** }
 152:../../libDaisy/src/daisy_core.h **** 
 153:../../libDaisy/src/daisy_core.h **** /**
 154:../../libDaisy/src/daisy_core.h ****     Converts Signed 32-bit to float
 155:../../libDaisy/src/daisy_core.h ****  */
 156:../../libDaisy/src/daisy_core.h **** FORCE_INLINE float s322f(int32_t x)
 157:../../libDaisy/src/daisy_core.h **** {
 158:../../libDaisy/src/daisy_core.h ****     return (float)x * S322F_SCALE;
 159:../../libDaisy/src/daisy_core.h **** }
 160:../../libDaisy/src/daisy_core.h **** /**
 161:../../libDaisy/src/daisy_core.h ****     Converts float to Signed 24-bit
 162:../../libDaisy/src/daisy_core.h ****  */
 163:../../libDaisy/src/daisy_core.h **** FORCE_INLINE int32_t f2s32(float x)
 164:../../libDaisy/src/daisy_core.h **** {
 165:../../libDaisy/src/daisy_core.h ****     x = x <= FBIPMIN ? FBIPMIN : x;
 166:../../libDaisy/src/daisy_core.h ****     x = x >= FBIPMAX ? FBIPMAX : x;
 167:../../libDaisy/src/daisy_core.h ****     return (int32_t)(x * F2S32_SCALE);
 168:../../libDaisy/src/daisy_core.h **** }
 169:../../libDaisy/src/daisy_core.h **** 
 170:../../libDaisy/src/daisy_core.h **** 
 171:../../libDaisy/src/daisy_core.h **** /** Enums and a simple struct for defining a hardware pin on the MCU
 172:../../libDaisy/src/daisy_core.h ****  *  These correlate with the stm32 datasheet, and are used to configure
 173:../../libDaisy/src/daisy_core.h ****  *  the hardware.
 174:../../libDaisy/src/daisy_core.h ****  * 
 175:../../libDaisy/src/daisy_core.h ****  *  This along with the dsy_gpio_pin class should no longer be used.
 176:../../libDaisy/src/daisy_core.h ****  *  They are available for backwards compatability. 
 177:../../libDaisy/src/daisy_core.h ****  * 
 178:../../libDaisy/src/daisy_core.h ****  *  Please use GPIOPort enum and the Pin struct instead.
 179:../../libDaisy/src/daisy_core.h ****  */
 180:../../libDaisy/src/daisy_core.h **** typedef enum
 181:../../libDaisy/src/daisy_core.h **** {
 182:../../libDaisy/src/daisy_core.h ****     DSY_GPIOA, /**< & */
 183:../../libDaisy/src/daisy_core.h ****     DSY_GPIOB, /**< & */
ARM GAS  C:\Users\aydan\AppData\Local\Temp\cc21BorY.s 			page 52


 184:../../libDaisy/src/daisy_core.h ****     DSY_GPIOC, /**< & */
 185:../../libDaisy/src/daisy_core.h ****     DSY_GPIOD, /**< & */
 186:../../libDaisy/src/daisy_core.h ****     DSY_GPIOE, /**< & */
 187:../../libDaisy/src/daisy_core.h ****     DSY_GPIOF, /**< & */
 188:../../libDaisy/src/daisy_core.h ****     DSY_GPIOG, /**< & */
 189:../../libDaisy/src/daisy_core.h ****     DSY_GPIOH, /**< & */
 190:../../libDaisy/src/daisy_core.h ****     DSY_GPIOI, /**< & */
 191:../../libDaisy/src/daisy_core.h ****     DSY_GPIOJ, /**< & */
 192:../../libDaisy/src/daisy_core.h ****     DSY_GPIOK, /**< & */
 193:../../libDaisy/src/daisy_core.h ****     DSY_GPIOX, /** This is a non-existant port for unsupported bits of hardware. */
 194:../../libDaisy/src/daisy_core.h ****     DSY_GPIO_LAST, /** Final enum member */
 195:../../libDaisy/src/daisy_core.h **** } dsy_gpio_port;
 196:../../libDaisy/src/daisy_core.h **** 
 197:../../libDaisy/src/daisy_core.h **** /** Hardware define pins 
 198:../../libDaisy/src/daisy_core.h ****  *  
 199:../../libDaisy/src/daisy_core.h ****  *  The dsy_gpio_pin struct should no longer be used, and is only available for
 200:../../libDaisy/src/daisy_core.h ****  *  backwards compatability.
 201:../../libDaisy/src/daisy_core.h ****  * 
 202:../../libDaisy/src/daisy_core.h ****  *  Please use Pin struct instead.
 203:../../libDaisy/src/daisy_core.h ****  */
 204:../../libDaisy/src/daisy_core.h **** typedef struct
 205:../../libDaisy/src/daisy_core.h **** {
 206:../../libDaisy/src/daisy_core.h ****     dsy_gpio_port port; /**< & */
 207:../../libDaisy/src/daisy_core.h ****     uint8_t       pin;  /**< number 0-15 */
 208:../../libDaisy/src/daisy_core.h **** } dsy_gpio_pin;
 209:../../libDaisy/src/daisy_core.h **** 
 210:../../libDaisy/src/daisy_core.h **** /** Helper for creating pins from port/pin combos easily
 211:../../libDaisy/src/daisy_core.h ****  * 
 212:../../libDaisy/src/daisy_core.h ****  *  The dsy_gpio_pin struct should no longer be used, and is only available for
 213:../../libDaisy/src/daisy_core.h ****  *  backwards compatability.
 214:../../libDaisy/src/daisy_core.h ****  * 
 215:../../libDaisy/src/daisy_core.h ****  *  Please use Pin struct instead.
 216:../../libDaisy/src/daisy_core.h **** */
 217:../../libDaisy/src/daisy_core.h **** FORCE_INLINE dsy_gpio_pin dsy_pin(dsy_gpio_port port, uint8_t pin)
 218:../../libDaisy/src/daisy_core.h **** {
 219:../../libDaisy/src/daisy_core.h ****     dsy_gpio_pin p;
 220:../../libDaisy/src/daisy_core.h ****     p.port = port;
 221:../../libDaisy/src/daisy_core.h ****     p.pin  = pin;
 222:../../libDaisy/src/daisy_core.h ****     return p;
 223:../../libDaisy/src/daisy_core.h **** }
 224:../../libDaisy/src/daisy_core.h **** 
 225:../../libDaisy/src/daisy_core.h **** /** Helper for testing sameness of two dsy_gpio_pins
 226:../../libDaisy/src/daisy_core.h ****  *  \return    1 if same, 0 if different
 227:../../libDaisy/src/daisy_core.h ****  * 
 228:../../libDaisy/src/daisy_core.h ****  *  The dsy_gpio_pin struct should no longer be used, and is only available for
 229:../../libDaisy/src/daisy_core.h ****  *  backwards compatability.
 230:../../libDaisy/src/daisy_core.h ****  * 
 231:../../libDaisy/src/daisy_core.h ****  *  Please use Pin struct instead.
 232:../../libDaisy/src/daisy_core.h ****  */
 233:../../libDaisy/src/daisy_core.h **** FORCE_INLINE uint8_t dsy_pin_cmp(dsy_gpio_pin *a, dsy_gpio_pin *b)
 234:../../libDaisy/src/daisy_core.h **** {
 235:../../libDaisy/src/daisy_core.h ****     return ((a->port == b->port) && (a->pin == b->pin));
 236:../../libDaisy/src/daisy_core.h **** }
 237:../../libDaisy/src/daisy_core.h **** 
 238:../../libDaisy/src/daisy_core.h **** #ifdef __cplusplus
 239:../../libDaisy/src/daisy_core.h **** 
 240:../../libDaisy/src/daisy_core.h **** namespace daisy
ARM GAS  C:\Users\aydan\AppData\Local\Temp\cc21BorY.s 			page 53


 241:../../libDaisy/src/daisy_core.h **** {
 242:../../libDaisy/src/daisy_core.h **** /** @brief GPIO Port names */
 243:../../libDaisy/src/daisy_core.h **** enum GPIOPort
 244:../../libDaisy/src/daisy_core.h **** {
 245:../../libDaisy/src/daisy_core.h ****     PORTA, /**< Port A */
 246:../../libDaisy/src/daisy_core.h ****     PORTB, /**< Port B */
 247:../../libDaisy/src/daisy_core.h ****     PORTC, /**< Port C */
 248:../../libDaisy/src/daisy_core.h ****     PORTD, /**< Port D */
 249:../../libDaisy/src/daisy_core.h ****     PORTE, /**< Port E */
 250:../../libDaisy/src/daisy_core.h ****     PORTF, /**< Port F */
 251:../../libDaisy/src/daisy_core.h ****     PORTG, /**< Port G */
 252:../../libDaisy/src/daisy_core.h ****     PORTH, /**< Port H */
 253:../../libDaisy/src/daisy_core.h ****     PORTI, /**< Port I */
 254:../../libDaisy/src/daisy_core.h ****     PORTJ, /**< Port J */
 255:../../libDaisy/src/daisy_core.h ****     PORTK, /**< Port K */
 256:../../libDaisy/src/daisy_core.h ****     PORTX, /**< Used as a dummy port to signal an invalid pin. */
 257:../../libDaisy/src/daisy_core.h **** };
 258:../../libDaisy/src/daisy_core.h **** 
 259:../../libDaisy/src/daisy_core.h **** /** @brief representation of hardware port/pin combination */
 260:../../libDaisy/src/daisy_core.h **** struct Pin
 261:../../libDaisy/src/daisy_core.h **** {
 262:../../libDaisy/src/daisy_core.h ****     GPIOPort port;
 263:../../libDaisy/src/daisy_core.h ****     uint8_t  pin;
 264:../../libDaisy/src/daisy_core.h **** 
 265:../../libDaisy/src/daisy_core.h ****     /** @brief Constructor creates a valid pin. 
 266:../../libDaisy/src/daisy_core.h ****      *  @param pt GPIOPort between PA, and PK corresponding to STM32 Port.
 267:../../libDaisy/src/daisy_core.h ****      *  @param pn pin number in range of 0-15
 268:../../libDaisy/src/daisy_core.h ****     */
 269:../../libDaisy/src/daisy_core.h ****     constexpr Pin(const GPIOPort pt, const uint8_t pn) : port(pt), pin(pn) {}
 270:../../libDaisy/src/daisy_core.h **** 
 271:../../libDaisy/src/daisy_core.h ****     /** @brief Basic Constructor creates an invalid Pin object */
 272:../../libDaisy/src/daisy_core.h ****     constexpr Pin() : port(PORTX), pin(255) {}
 950              		.loc 12 272 15 view .LVU255
 951              	.LBE360:
 952              	.LBE359:
 953              	.LBE358:
 954              	.LBE357:
  30:project006.cpp **** 
 955              		.loc 6 30 33 is_stmt 0 view .LVU256
 956 0020 1433     		adds	r3, r3, #20
 957              	.LVL79:
 958              	.LBB369:
 959              	.LBB367:
 960              	.LBB365:
  69:../../libDaisy/src/per/gpio.h ****         {
 961              		.loc 11 69 73 view .LVU257
 962 0022 0022     		movs	r2, #0
 963              	.LBB363:
 964              	.LBB361:
 965              		.loc 12 272 43 view .LVU258
 966 0024 0B20     		movs	r0, #11
 967 0026 FF21     		movs	r1, #255
 968              	.LBE361:
 969              	.LBE363:
 970              	.LBE365:
 971              	.LBE367:
 972              	.LBE369:
ARM GAS  C:\Users\aydan\AppData\Local\Temp\cc21BorY.s 			page 54


  30:project006.cpp **** 
 973              		.loc 6 30 33 view .LVU259
 974 0028 6345     		cmp	r3, ip
 975              	.LBB370:
 976              	.LBB368:
 977              	.LBB366:
  69:../../libDaisy/src/per/gpio.h ****         {
 978              		.loc 11 69 73 view .LVU260
 979 002a 43F8102C 		str	r2, [r3, #-16]
 980              	.LBB364:
 981              	.LBB362:
 982              		.loc 12 272 43 view .LVU261
 983 002e 03F8140C 		strb	r0, [r3, #-20]
 984 0032 03F8131C 		strb	r1, [r3, #-19]
 985              	.LVL80:
 986              		.loc 12 272 43 view .LVU262
 987              	.LBE362:
 988              	.LBE364:
  69:../../libDaisy/src/per/gpio.h ****         {
 989              		.loc 11 69 73 view .LVU263
 990 0036 43E90322 		strd	r2, r2, [r3, #-12]
 991              	.LVL81:
  69:../../libDaisy/src/per/gpio.h ****         {
 992              		.loc 11 69 73 view .LVU264
 993              	.LBE366:
 994              	.LBE368:
 995              	.LBE370:
  30:project006.cpp **** 
 996              		.loc 6 30 33 is_stmt 1 view .LVU265
  30:project006.cpp **** 
 997              		.loc 6 30 33 view .LVU266
 998 003a F1D1     		bne	.L104
 999              	.LVL82:
 1000              	.LBB371:
 1001              	.LBI371:
 1002              		.loc 11 74 5 view .LVU267
 1003              	.LBB372:
 1004              	.LBB373:
 1005              	.LBI373:
  68:../../libDaisy/src/per/gpio.h ****         : pin(), mode(Mode::INPUT), pull(Pull::NOPULL), speed(Speed::LOW)
 1006              		.loc 11 68 9 view .LVU268
 1007              	.LBB374:
 1008              	.LBB375:
 1009              	.LBB376:
 1010              	.LBI376:
 1011              		.loc 12 272 15 view .LVU269
 1012              		.loc 12 272 15 is_stmt 0 view .LVU270
 1013              	.LBE376:
 1014              	.LBE375:
 1015              	.LBE374:
 1016              	.LBE373:
 1017              		.loc 11 74 12 view .LVU271
 1018 003c 154B     		ldr	r3, .L107+20
 1019 003e 4FF60B71 		movw	r1, #65291
 1020              	.LBE372:
 1021              	.LBE371:
 307:project006.cpp **** ReverbDelayModule fx_revdel;
ARM GAS  C:\Users\aydan\AppData\Local\Temp\cc21BorY.s 			page 55


 1022              		.loc 6 307 19 view .LVU272
 1023 0042 1548     		ldr	r0, .L107+24
 1024              	.LBB381:
 1025              	.LBB380:
 1026              	.LBB379:
 1027              	.LBB378:
 1028              	.LBB377:
  69:../../libDaisy/src/per/gpio.h ****         {
 1029              		.loc 11 69 73 view .LVU273
 1030 0044 C3E90012 		strd	r1, r2, [r3]
 1031 0048 C3E90222 		strd	r2, r2, [r3, #8]
 1032              	.LVL83:
  69:../../libDaisy/src/per/gpio.h ****         {
 1033              		.loc 11 69 73 view .LVU274
 1034              	.LBE377:
 1035              	.LBE378:
 1036              	.LBE379:
 1037              	.LBE380:
 1038              	.LBE381:
 307:project006.cpp **** ReverbDelayModule fx_revdel;
 1039              		.loc 6 307 19 view .LVU275
 1040 004c FFF7FEFF 		bl	_ZN10bkshepherd12ChorusModuleC1Ev
 1041              	.LVL84:
 1042 0050 0C4A     		ldr	r2, .L107+4
 1043 0052 1249     		ldr	r1, .L107+28
 1044 0054 1048     		ldr	r0, .L107+24
 1045 0056 FFF7FEFF 		bl	__aeabi_atexit
 1046              	.LVL85:
 308:project006.cpp **** OverdriveModule   fx_od;
 1047              		.loc 6 308 19 view .LVU276
 1048 005a 1148     		ldr	r0, .L107+32
 1049 005c FFF7FEFF 		bl	_ZN10bkshepherd17ReverbDelayModuleC1Ev
 1050              	.LVL86:
 1051 0060 084A     		ldr	r2, .L107+4
 1052 0062 1049     		ldr	r1, .L107+36
 1053 0064 0E48     		ldr	r0, .L107+32
 1054 0066 FFF7FEFF 		bl	__aeabi_atexit
 1055              	.LVL87:
 309:project006.cpp **** 
 1056              		.loc 6 309 19 view .LVU277
 1057 006a 0F48     		ldr	r0, .L107+40
 1058 006c FFF7FEFF 		bl	_ZN10bkshepherd15OverdriveModuleC1Ev
 1059              	.LVL88:
 1060 0070 044A     		ldr	r2, .L107+4
 1061 0072 0E49     		ldr	r1, .L107+44
 1062 0074 0C48     		ldr	r0, .L107+40
 1063              	.LBE382:
 1064              	.LBE384:
 1065              		.loc 6 681 1 view .LVU278
 1066 0076 BDE81040 		pop	{r4, lr}
 1067              		.cfi_restore 14
 1068              		.cfi_restore 4
 1069              		.cfi_def_cfa_offset 0
 1070              	.LBB385:
 1071              	.LBB383:
 309:project006.cpp **** 
 1072              		.loc 6 309 19 view .LVU279
ARM GAS  C:\Users\aydan\AppData\Local\Temp\cc21BorY.s 			page 56


 1073 007a FFF7FEBF 		b	__aeabi_atexit
 1074              	.LVL89:
 1075              	.L108:
 1076 007e 00BF     		.align	2
 1077              	.L107:
 1078 0080 00000000 		.word	.LANCHOR4
 1079 0084 00000000 		.word	__dso_handle
 1080 0088 00000000 		.word	_ZN5daisy9DaisySeedD1Ev
 1081 008c 00000000 		.word	.LANCHOR6
 1082 0090 00000000 		.word	.LANCHOR5
 1083 0094 00000000 		.word	.LANCHOR7
 1084 0098 00000000 		.word	fx_chorus
 1085 009c 00000000 		.word	_ZN10bkshepherd12ChorusModuleD1Ev
 1086 00a0 00000000 		.word	fx_revdel
 1087 00a4 00000000 		.word	_ZN10bkshepherd17ReverbDelayModuleD1Ev
 1088 00a8 00000000 		.word	.LANCHOR8
 1089 00ac 00000000 		.word	_ZN10bkshepherd15OverdriveModuleD1Ev
 1090              	.LBE383:
 1091              	.LBE385:
 1092              		.cfi_endproc
 1093              	.LFE5369:
 1095              		.section	.init_array,"aw",%init_array
 1096              		.align	2
 1097 0000 00000000 		.word	_GLOBAL__sub_I_hw(target1)
 1098              		.section	.rodata.main.str1.4,"aMS",%progbits,1
 1099              		.align	2
 1100              	.LC5:
 1101 0000 77657400 		.ascii	"wet\000"
 1102              		.align	2
 1103              	.LC6:
 1104 0004 6D697800 		.ascii	"mix\000"
 1105              		.align	2
 1106              	.LC7:
 1107 0008 66726571 		.ascii	"freq\000"
 1107      00
 1108 000d 000000   		.align	2
 1109              	.LC8:
 1110 0010 73706565 		.ascii	"speed\000"
 1110      6400
 1111 0016 0000     		.align	2
 1112              	.LC9:
 1113 0018 72617465 		.ascii	"rate\000"
 1113      00
 1114 001d 000000   		.align	2
 1115              	.LC10:
 1116 0020 64657074 		.ascii	"depth\000"
 1116      6800
 1117 0026 0000     		.align	2
 1118              	.LC11:
 1119 0028 64656361 		.ascii	"decay\000"
 1119      7900
 1120 002e 0000     		.align	2
 1121              	.LC12:
 1122 0030 64656C61 		.ascii	"delay\000"
 1122      7900
 1123 0036 0000     		.align	2
 1124              	.LC13:
ARM GAS  C:\Users\aydan\AppData\Local\Temp\cc21BorY.s 			page 57


 1125 0038 74696D65 		.ascii	"time\000"
 1125      00
 1126 003d 000000   		.align	2
 1127              	.LC14:
 1128 0040 666200   		.ascii	"fb\000"
 1129 0043 00       		.align	2
 1130              	.LC15:
 1131 0044 72656765 		.ascii	"regen\000"
 1131      6E00
 1132 004a 0000     		.align	2
 1133              	.LC16:
 1134 004c 66656564 		.ascii	"feedback\000"
 1134      6261636B 
 1134      00
 1135 0055 000000   		.align	2
 1136              	.LC17:
 1137 0058 6761696E 		.ascii	"gain\000"
 1137      00
 1138 005d 000000   		.align	2
 1139              	.LC18:
 1140 0060 64726976 		.ascii	"drive\000"
 1140      6500
 1141 0066 0000     		.align	2
 1142              	.LC19:
 1143 0068 66696C74 		.ascii	"filter\000"
 1143      657200
 1144 006f 00       		.align	2
 1145              	.LC20:
 1146 0070 746F6E65 		.ascii	"tone\000"
 1146      00
 1147 0075 000000   		.align	2
 1148              	.LC21:
 1149 0078 766F6C00 		.ascii	"vol\000"
 1150              		.align	2
 1151              	.LC22:
 1152 007c 6C657665 		.ascii	"level\000"
 1152      6C00
 1153 0082 0000     		.align	2
 1154              	.LC23:
 1155 0084 452C2564 		.ascii	"E,%d\012\000"
 1155      0A00
 1156 008a 0000     		.align	2
 1157              	.LC24:
 1158 008c 502C252E 		.ascii	"P,%.4f,%.4f,%.4f,%.4f\012\000"
 1158      34662C25 
 1158      2E34662C 
 1158      252E3466 
 1158      2C252E34 
 1159 00a3 00       		.align	2
 1160              	.LC25:
 1161 00a4 532C2564 		.ascii	"S,%d,%s,%d\012\000"
 1161      2C25732C 
 1161      25640A00 
 1162              		.align	2
 1163              	.LC26:
 1164 00b0 72656C65 		.ascii	"released\000"
 1164      61736564 
ARM GAS  C:\Users\aydan\AppData\Local\Temp\cc21BorY.s 			page 58


 1164      00
 1165 00b9 000000   		.align	2
 1166              	.LC27:
 1167 00bc 542C2564 		.ascii	"T,%d,%.3f,%s,%.2f,%.3f\012\000"
 1167      2C252E33 
 1167      662C2573 
 1167      2C252E32 
 1167      662C252E 
 1168              		.align	2
 1169              	.LC28:
 1170 00d4 413200   		.ascii	"A2\000"
 1171 00d7 00       		.align	2
 1172              	.LC29:
 1173 00d8 70726573 		.ascii	"pressed\000"
 1173      73656400 
 1174              		.align	2
 1175              	.LC30:
 1176 00e0 25732564 		.ascii	"%s%d\000"
 1176      00
 1177 00e5 000000   		.align	2
 1178              	.LC31:
 1179 00e8 257300   		.ascii	"%s\000"
 1180              		.section	.text.startup.main,"ax",%progbits
 1181              		.align	1
 1182              		.p2align 2,,3
 1183              		.global	main
 1184              		.syntax unified
 1185              		.thumb
 1186              		.thumb_func
 1187              		.fpu fpv5-d16
 1189              	main:
 1190              	.LFB4796:
 469:project006.cpp ****     hw.Init();
 1191              		.loc 6 469 1 is_stmt 1 view -0
 1192              		.cfi_startproc
 1193              		@ args = 0, pretend = 0, frame = 288
 1194              		@ frame_needed = 0, uses_anonymous_args = 0
 470:project006.cpp ****     hw.SetAudioSampleRate(SaiHandle::Config::SampleRate::SAI_48KHZ);
 1195              		.loc 6 470 5 view .LVU281
 470:project006.cpp ****     hw.SetAudioSampleRate(SaiHandle::Config::SampleRate::SAI_48KHZ);
 1196              		.loc 6 470 12 is_stmt 0 view .LVU282
 1197 0000 0021     		movs	r1, #0
 1198 0002 C348     		ldr	r0, .L253+16
 469:project006.cpp ****     hw.Init();
 1199              		.loc 6 469 1 view .LVU283
 1200 0004 2DE9F04F 		push	{r4, r5, r6, r7, r8, r9, r10, fp, lr}
 1201              		.cfi_def_cfa_offset 36
 1202              		.cfi_offset 4, -36
 1203              		.cfi_offset 5, -32
 1204              		.cfi_offset 6, -28
 1205              		.cfi_offset 7, -24
 1206              		.cfi_offset 8, -20
 1207              		.cfi_offset 9, -16
 1208              		.cfi_offset 10, -12
 1209              		.cfi_offset 11, -8
 1210              		.cfi_offset 14, -4
 1211 0008 2DED088B 		vpush.64	{d8, d9, d10, d11}
ARM GAS  C:\Users\aydan\AppData\Local\Temp\cc21BorY.s 			page 59


 1212              		.cfi_def_cfa_offset 68
 1213              		.cfi_offset 80, -68
 1214              		.cfi_offset 81, -64
 1215              		.cfi_offset 82, -60
 1216              		.cfi_offset 83, -56
 1217              		.cfi_offset 84, -52
 1218              		.cfi_offset 85, -48
 1219              		.cfi_offset 86, -44
 1220              		.cfi_offset 87, -40
 1221 000c D1B0     		sub	sp, sp, #324
 1222              		.cfi_def_cfa_offset 392
 476:project006.cpp ****     uc.mode          = UartHandler::Config::Mode::TX;
 1223              		.loc 6 476 22 view .LVU284
 1224 000e 0D46     		mov	r5, r1
 470:project006.cpp ****     hw.SetAudioSampleRate(SaiHandle::Config::SampleRate::SAI_48KHZ);
 1225              		.loc 6 470 12 view .LVU285
 1226 0010 FFF7FEFF 		bl	_ZN5daisy9DaisySeed4InitEb
 1227              	.LVL90:
 471:project006.cpp ****     hw.SetAudioBlockSize(48);
 1228              		.loc 6 471 5 is_stmt 1 view .LVU286
 471:project006.cpp ****     hw.SetAudioBlockSize(48);
 1229              		.loc 6 471 26 is_stmt 0 view .LVU287
 1230 0014 0321     		movs	r1, #3
 1231 0016 BE48     		ldr	r0, .L253+16
 1232 0018 FFF7FEFF 		bl	_ZN5daisy9DaisySeed18SetAudioSampleRateENS_9SaiHandle6Config10SampleRateE
 1233              	.LVL91:
 472:project006.cpp **** 
 1234              		.loc 6 472 5 is_stmt 1 view .LVU288
 472:project006.cpp **** 
 1235              		.loc 6 472 25 is_stmt 0 view .LVU289
 1236 001c 3021     		movs	r1, #48
 1237 001e BC48     		ldr	r0, .L253+16
 1238 0020 FFF7FEFF 		bl	_ZN5daisy9DaisySeed17SetAudioBlockSizeEj
 1239              	.LVL92:
 475:project006.cpp ****     uc.periph        = UartHandler::Config::Peripheral::USART_1;
 1240              		.loc 6 475 5 is_stmt 1 view .LVU290
 1241              	.LBB494:
 1242              	.LBI494:
  76:../../libDaisy/src/per/uart.h ****         {
 1243              		.loc 10 76 9 view .LVU291
 1244              	.LBB495:
 1245              	.LBB496:
  79:../../libDaisy/src/per/uart.h ****             parity     = Parity::NONE;
 1246              		.loc 10 79 13 view .LVU292
  80:../../libDaisy/src/per/uart.h ****             wordlength = WordLength::BITS_8;
 1247              		.loc 10 80 13 view .LVU293
  81:../../libDaisy/src/per/uart.h ****             baudrate   = 31250;
 1248              		.loc 10 81 13 view .LVU294
  82:../../libDaisy/src/per/uart.h ****         }
 1249              		.loc 10 82 13 view .LVU295
  82:../../libDaisy/src/per/uart.h ****         }
 1250              		.loc 10 82 13 is_stmt 0 view .LVU296
 1251              	.LBE496:
 1252              	.LBE495:
 1253              	.LBE494:
 476:project006.cpp ****     uc.mode          = UartHandler::Config::Mode::TX;
 1254              		.loc 6 476 5 is_stmt 1 view .LVU297
ARM GAS  C:\Users\aydan\AppData\Local\Temp\cc21BorY.s 			page 60


 477:project006.cpp ****     uc.baudrate      = 115200;
 1255              		.loc 6 477 5 view .LVU298
 478:project006.cpp ****     uc.pin_config.tx = D13;
 1256              		.loc 6 478 5 view .LVU299
 479:project006.cpp ****     uc.pin_config.rx = D14; // set even if unused
 1257              		.loc 6 479 5 view .LVU300
 480:project006.cpp ****     uart.Init(uc);
 1258              		.loc 6 480 5 view .LVU301
 1259              	.LBB502:
 1260              	.LBB499:
  77:../../libDaisy/src/per/uart.h ****             // user must init periph, pin_config, and mode
 1261              		.loc 10 77 9 is_stmt 0 view .LVU302
 1262 0024 BB49     		ldr	r1, .L253+20
 1263              	.LBB497:
  79:../../libDaisy/src/per/uart.h ****             parity     = Parity::NONE;
 1264              		.loc 10 79 24 view .LVU303
 1265 0026 0123     		movs	r3, #1
 1266              	.LBE497:
 1267              	.LBE499:
 1268              	.LBE502:
 478:project006.cpp ****     uc.pin_config.tx = D13;
 1269              		.loc 6 478 22 view .LVU304
 1270 0028 4FF4E132 		mov	r2, #115200
 481:project006.cpp **** 
 1271              		.loc 6 481 14 view .LVU305
 1272 002c BA48     		ldr	r0, .L253+24
 1273 002e BB4E     		ldr	r6, .L253+28
 1274 0030 BB4F     		ldr	r7, .L253+32
 478:project006.cpp ****     uc.pin_config.tx = D13;
 1275              		.loc 6 478 22 view .LVU306
 1276 0032 2192     		str	r2, [sp, #132]
 481:project006.cpp **** 
 1277              		.loc 6 481 5 is_stmt 1 view .LVU307
 1278              	.LBB503:
 1279              	.LBB500:
  77:../../libDaisy/src/per/uart.h ****             // user must init periph, pin_config, and mode
 1280              		.loc 10 77 9 is_stmt 0 view .LVU308
 1281 0034 CDE91B15 		strd	r1, r5, [sp, #108]
 1282              	.LBE500:
 1283              	.LBE503:
 481:project006.cpp **** 
 1284              		.loc 6 481 14 view .LVU309
 1285 0038 1BA9     		add	r1, sp, #108
 1286              	.LBB504:
 1287              	.LBB501:
 1288              	.LBB498:
  80:../../libDaisy/src/per/uart.h ****             wordlength = WordLength::BITS_8;
 1289              		.loc 10 80 24 view .LVU310
 1290 003a CDE91D35 		strd	r3, r5, [sp, #116]
  81:../../libDaisy/src/per/uart.h ****             baudrate   = 31250;
 1291              		.loc 10 81 24 view .LVU311
 1292 003e CDE91F33 		strd	r3, r3, [sp, #124]
 1293              	.LBE498:
 1294              	.LBE501:
 1295              	.LBE504:
 481:project006.cpp **** 
 1296              		.loc 6 481 14 view .LVU312
ARM GAS  C:\Users\aydan\AppData\Local\Temp\cc21BorY.s 			page 61


 1297 0042 FFF7FEFF 		bl	_ZN5daisy11UartHandler4InitERKNS0_6ConfigE
 1298              	.LVL93:
 484:project006.cpp ****         rot[i].Init(kRotPins[i], GPIO::Mode::INPUT, GPIO::Pull::PULLUP);
 1299              		.loc 6 484 5 is_stmt 1 view .LVU313
 1300              	.LBB505:
 484:project006.cpp ****         rot[i].Init(kRotPins[i], GPIO::Mode::INPUT, GPIO::Pull::PULLUP);
 1301              		.loc 6 484 22 view .LVU314
 1302              	.L110:
 485:project006.cpp **** 
 1303              		.loc 6 485 9 discriminator 2 view .LVU315
 485:project006.cpp **** 
 1304              		.loc 6 485 20 is_stmt 0 discriminator 2 view .LVU316
 1305 0046 0024     		movs	r4, #0
 1306 0048 37F81510 		ldrh	r1, [r7, r5, lsl #1]
 484:project006.cpp ****         rot[i].Init(kRotPins[i], GPIO::Mode::INPUT, GPIO::Pull::PULLUP);
 1307              		.loc 6 484 5 discriminator 2 view .LVU317
 1308 004c 0135     		adds	r5, r5, #1
 1309              	.LVL94:
 485:project006.cpp **** 
 1310              		.loc 6 485 20 discriminator 2 view .LVU318
 1311 004e 3046     		mov	r0, r6
 1312 0050 0123     		movs	r3, #1
 1313 0052 2246     		mov	r2, r4
 1314 0054 0094     		str	r4, [sp]
 484:project006.cpp ****         rot[i].Init(kRotPins[i], GPIO::Mode::INPUT, GPIO::Pull::PULLUP);
 1315              		.loc 6 484 22 discriminator 2 view .LVU319
 1316 0056 1436     		adds	r6, r6, #20
 485:project006.cpp **** 
 1317              		.loc 6 485 20 discriminator 2 view .LVU320
 1318 0058 FFF7FEFF 		bl	_ZN5daisy4GPIO4InitENS_3PinENS0_4ModeENS0_4PullENS0_5SpeedE
 1319              	.LVL95:
 484:project006.cpp ****         rot[i].Init(kRotPins[i], GPIO::Mode::INPUT, GPIO::Pull::PULLUP);
 1320              		.loc 6 484 5 is_stmt 1 discriminator 2 view .LVU321
 484:project006.cpp ****         rot[i].Init(kRotPins[i], GPIO::Mode::INPUT, GPIO::Pull::PULLUP);
 1321              		.loc 6 484 22 discriminator 2 view .LVU322
 1322 005c 062D     		cmp	r5, #6
 1323 005e F2D1     		bne	.L110
 1324              	.LBE505:
 488:project006.cpp **** 
 1325              		.loc 6 488 5 view .LVU323
 488:project006.cpp **** 
 1326              		.loc 6 488 14 is_stmt 0 view .LVU324
 1327 0060 B049     		ldr	r1, .L253+36
 492:project006.cpp ****     adc_cfg[1].InitSingle(A1);
 1328              		.loc 6 492 26 view .LVU325
 1329 0062 0226     		movs	r6, #2
 488:project006.cpp **** 
 1330              		.loc 6 488 14 view .LVU326
 1331 0064 0123     		movs	r3, #1
 1332 0066 2246     		mov	r2, r4
 1333 0068 0968     		ldr	r1, [r1]
 493:project006.cpp ****     adc_cfg[2].InitSingle(A2);
 1334              		.loc 6 493 26 view .LVU327
 1335 006a 0327     		movs	r7, #3
 488:project006.cpp **** 
 1336              		.loc 6 488 14 view .LVU328
 1337 006c AE48     		ldr	r0, .L253+40
ARM GAS  C:\Users\aydan\AppData\Local\Temp\cc21BorY.s 			page 62


 494:project006.cpp ****     hw.adc.Init(adc_cfg, kNumPotsPhys);
 1338              		.loc 6 494 26 view .LVU329
 1339 006e 0125     		movs	r5, #1
 1340              	.LVL96:
 488:project006.cpp **** 
 1341              		.loc 6 488 14 view .LVU330
 1342 0070 0094     		str	r4, [sp]
 1343 0072 FFF7FEFF 		bl	_ZN5daisy4GPIO4InitENS_3PinENS0_4ModeENS0_4PullENS0_5SpeedE
 1344              	.LVL97:
 491:project006.cpp ****     adc_cfg[0].InitSingle(A0);
 1345              		.loc 6 491 5 is_stmt 1 view .LVU331
 492:project006.cpp ****     adc_cfg[1].InitSingle(A1);
 1346              		.loc 6 492 5 view .LVU332
 492:project006.cpp ****     adc_cfg[1].InitSingle(A1);
 1347              		.loc 6 492 26 is_stmt 0 view .LVU333
 1348 0076 8DF84860 		strb	r6, [sp, #72]
 1349 007a 8DF84940 		strb	r4, [sp, #73]
 1350 007e 3246     		mov	r2, r6
 1351 0080 1299     		ldr	r1, [sp, #72]
 1352 0082 22A8     		add	r0, sp, #136
 1353 0084 FFF7FEFF 		bl	_ZN5daisy16AdcChannelConfig10InitSingleE12dsy_gpio_pinNS0_15ConversionSpeedE
 1354              	.LVL98:
 493:project006.cpp ****     adc_cfg[2].InitSingle(A2);
 1355              		.loc 6 493 5 is_stmt 1 view .LVU334
 493:project006.cpp ****     adc_cfg[2].InitSingle(A2);
 1356              		.loc 6 493 26 is_stmt 0 view .LVU335
 1357 0088 8DF84C40 		strb	r4, [sp, #76]
 1358 008c 8DF84D70 		strb	r7, [sp, #77]
 1359 0090 3246     		mov	r2, r6
 1360 0092 1399     		ldr	r1, [sp, #76]
 1361 0094 0DF19A00 		add	r0, sp, #154
 1362 0098 FFF7FEFF 		bl	_ZN5daisy16AdcChannelConfig10InitSingleE12dsy_gpio_pinNS0_15ConversionSpeedE
 1363              	.LVL99:
 494:project006.cpp ****     hw.adc.Init(adc_cfg, kNumPotsPhys);
 1364              		.loc 6 494 5 is_stmt 1 view .LVU336
 494:project006.cpp ****     hw.adc.Init(adc_cfg, kNumPotsPhys);
 1365              		.loc 6 494 26 is_stmt 0 view .LVU337
 1366 009c 8DF85050 		strb	r5, [sp, #80]
 1367 00a0 8DF85150 		strb	r5, [sp, #81]
 1368 00a4 3246     		mov	r2, r6
 1369 00a6 1499     		ldr	r1, [sp, #80]
 1370 00a8 2BA8     		add	r0, sp, #172
 1371 00aa FFF7FEFF 		bl	_ZN5daisy16AdcChannelConfig10InitSingleE12dsy_gpio_pinNS0_15ConversionSpeedE
 1372              	.LVL100:
 495:project006.cpp ****     hw.adc.Start();
 1373              		.loc 6 495 5 is_stmt 1 view .LVU338
 495:project006.cpp ****     hw.adc.Start();
 1374              		.loc 6 495 16 is_stmt 0 view .LVU339
 1375 00ae 0423     		movs	r3, #4
 1376 00b0 3A46     		mov	r2, r7
 1377 00b2 22A9     		add	r1, sp, #136
 1378 00b4 9D48     		ldr	r0, .L253+44
 1379 00b6 FFF7FEFF 		bl	_ZN5daisy9AdcHandle4InitEPNS_16AdcChannelConfigEjNS0_12OverSamplingE
 1380              	.LVL101:
 496:project006.cpp **** 
 1381              		.loc 6 496 5 is_stmt 1 view .LVU340
 496:project006.cpp **** 
ARM GAS  C:\Users\aydan\AppData\Local\Temp\cc21BorY.s 			page 63


 1382              		.loc 6 496 17 is_stmt 0 view .LVU341
 1383 00ba 9C48     		ldr	r0, .L253+44
 1384 00bc FFF7FEFF 		bl	_ZN5daisy9AdcHandle5StartEv
 1385              	.LVL102:
 499:project006.cpp ****         pitch_ring[i] = 0.0f;
 1386              		.loc 6 499 5 is_stmt 1 view .LVU342
 1387              	.LBB506:
 499:project006.cpp ****         pitch_ring[i] = 0.0f;
 1388              		.loc 6 499 22 view .LVU343
 500:project006.cpp **** 
 1389              		.loc 6 500 23 is_stmt 0 view .LVU344
 1390 00c0 4FF48042 		mov	r2, #16384
 1391 00c4 2146     		mov	r1, r4
 1392 00c6 9A48     		ldr	r0, .L253+48
 1393 00c8 FFF7FEFF 		bl	memset
 1394              	.LVL103:
 500:project006.cpp **** 
 1395              		.loc 6 500 23 view .LVU345
 1396              	.LBE506:
 503:project006.cpp ****     fx_chorus.Init(sr);
 1397              		.loc 6 503 5 is_stmt 1 view .LVU346
 503:project006.cpp ****     fx_chorus.Init(sr);
 1398              		.loc 6 503 40 is_stmt 0 view .LVU347
 1399 00cc 9048     		ldr	r0, .L253+16
 1400 00ce FFF7FEFF 		bl	_ZN5daisy9DaisySeed15AudioSampleRateEv
 1401              	.LVL104:
 1402 00d2 B0EE408A 		vmov.f32	s16, s0
 1403              	.LVL105:
 504:project006.cpp ****     fx_revdel.Init(sr);
 1404              		.loc 6 504 5 is_stmt 1 view .LVU348
 504:project006.cpp ****     fx_revdel.Init(sr);
 1405              		.loc 6 504 19 is_stmt 0 view .LVU349
 1406 00d6 9748     		ldr	r0, .L253+52
 1407 00d8 FFF7FEFF 		bl	_ZN10bkshepherd12ChorusModule4InitEf
 1408              	.LVL106:
 505:project006.cpp ****     fx_od.Init(sr);
 1409              		.loc 6 505 5 is_stmt 1 view .LVU350
 505:project006.cpp ****     fx_od.Init(sr);
 1410              		.loc 6 505 19 is_stmt 0 view .LVU351
 1411 00dc 9648     		ldr	r0, .L253+56
 1412 00de B0EE480A 		vmov.f32	s0, s16
 1413              	.LBB507:
 1414              	.LBB508:
 370:project006.cpp ****     map_chorus.p1 = find_param_by_keywords(&fx_chorus, "rate", "speed", "freq");
 1415              		.loc 6 370 19 view .LVU352
 1416 00e2 DFF8DC92 		ldr	r9, .L253+192
 1417              	.LBE508:
 1418              	.LBE507:
 505:project006.cpp ****     fx_od.Init(sr);
 1419              		.loc 6 505 19 view .LVU353
 1420 00e6 FFF7FEFF 		bl	_ZN10bkshepherd17ReverbDelayModule4InitEf
 1421              	.LVL107:
 506:project006.cpp **** 
 1422              		.loc 6 506 5 is_stmt 1 view .LVU354
 506:project006.cpp **** 
 1423              		.loc 6 506 15 is_stmt 0 view .LVU355
 1424 00ea B0EE480A 		vmov.f32	s0, s16
ARM GAS  C:\Users\aydan\AppData\Local\Temp\cc21BorY.s 			page 64


 1425 00ee 9348     		ldr	r0, .L253+60
 1426 00f0 FFF7FEFF 		bl	_ZN10bkshepherd15OverdriveModule4InitEf
 1427              	.LVL108:
 509:project006.cpp ****     fx_revdel.SetEnabled(true);
 1428              		.loc 6 509 5 is_stmt 1 view .LVU356
 509:project006.cpp ****     fx_revdel.SetEnabled(true);
 1429              		.loc 6 509 25 is_stmt 0 view .LVU357
 1430 00f4 2946     		mov	r1, r5
 1431 00f6 8F48     		ldr	r0, .L253+52
 1432 00f8 FFF7FEFF 		bl	_ZN10bkshepherd16BaseEffectModule10SetEnabledEb
 1433              	.LVL109:
 510:project006.cpp ****     fx_od.SetEnabled(true);
 1434              		.loc 6 510 5 is_stmt 1 view .LVU358
 510:project006.cpp ****     fx_od.SetEnabled(true);
 1435              		.loc 6 510 25 is_stmt 0 view .LVU359
 1436 00fc 2946     		mov	r1, r5
 1437 00fe 8E48     		ldr	r0, .L253+56
 1438 0100 FFF7FEFF 		bl	_ZN10bkshepherd16BaseEffectModule10SetEnabledEb
 1439              	.LVL110:
 511:project006.cpp **** 
 1440              		.loc 6 511 5 is_stmt 1 view .LVU360
 511:project006.cpp **** 
 1441              		.loc 6 511 21 is_stmt 0 view .LVU361
 1442 0104 2946     		mov	r1, r5
 1443 0106 8D48     		ldr	r0, .L253+60
 1444 0108 FFF7FEFF 		bl	_ZN10bkshepherd16BaseEffectModule10SetEnabledEb
 1445              	.LVL111:
 514:project006.cpp **** 
 1446              		.loc 6 514 5 is_stmt 1 view .LVU362
 1447              	.LBB511:
 1448              	.LBI507:
 367:project006.cpp **** {
 1449              		.loc 6 367 13 view .LVU363
 1450              	.LBB509:
 370:project006.cpp ****     map_chorus.p1 = find_param_by_keywords(&fx_chorus, "rate", "speed", "freq");
 1451              		.loc 6 370 5 view .LVU364
 370:project006.cpp ****     map_chorus.p1 = find_param_by_keywords(&fx_chorus, "rate", "speed", "freq");
 1452              		.loc 6 370 43 is_stmt 0 view .LVU365
 1453 010c 2346     		mov	r3, r4
 1454 010e 8C4A     		ldr	r2, .L253+64
 1455 0110 8C49     		ldr	r1, .L253+68
 1456 0112 8848     		ldr	r0, .L253+52
 1457 0114 FFF7FEFF 		bl	_ZL22find_param_by_keywordsPN10bkshepherd16BaseEffectModuleEPKcS3_S3_
 1458              	.LVL112:
 371:project006.cpp ****     map_chorus.p2 = find_param_by_keywords(&fx_chorus, "depth");
 1459              		.loc 6 371 43 view .LVU366
 1460 0118 8B4B     		ldr	r3, .L253+72
 1461 011a 8C4A     		ldr	r2, .L253+76
 1462 011c 8C49     		ldr	r1, .L253+80
 370:project006.cpp ****     map_chorus.p1 = find_param_by_keywords(&fx_chorus, "rate", "speed", "freq");
 1463              		.loc 6 370 19 view .LVU367
 1464 011e C9F80000 		str	r0, [r9]
 371:project006.cpp ****     map_chorus.p2 = find_param_by_keywords(&fx_chorus, "depth");
 1465              		.loc 6 371 5 is_stmt 1 view .LVU368
 371:project006.cpp ****     map_chorus.p2 = find_param_by_keywords(&fx_chorus, "depth");
 1466              		.loc 6 371 43 is_stmt 0 view .LVU369
 1467 0122 8448     		ldr	r0, .L253+52
ARM GAS  C:\Users\aydan\AppData\Local\Temp\cc21BorY.s 			page 65


 1468 0124 FFF7FEFF 		bl	_ZL22find_param_by_keywordsPN10bkshepherd16BaseEffectModuleEPKcS3_S3_
 1469              	.LVL113:
 372:project006.cpp **** 
 1470              		.loc 6 372 43 view .LVU370
 1471 0128 2346     		mov	r3, r4
 371:project006.cpp ****     map_chorus.p2 = find_param_by_keywords(&fx_chorus, "depth");
 1472              		.loc 6 371 19 view .LVU371
 1473 012a C9F80400 		str	r0, [r9, #4]
 372:project006.cpp **** 
 1474              		.loc 6 372 5 is_stmt 1 view .LVU372
 372:project006.cpp **** 
 1475              		.loc 6 372 43 is_stmt 0 view .LVU373
 1476 012e 2246     		mov	r2, r4
 1477 0130 8849     		ldr	r1, .L253+84
 1478 0132 8048     		ldr	r0, .L253+52
 1479 0134 FFF7FEFF 		bl	_ZL22find_param_by_keywordsPN10bkshepherd16BaseEffectModuleEPKcS3_S3_
 1480              	.LVL114:
 374:project006.cpp ****     if(map_chorus.p1 < 0) map_chorus.p1 = fallback_param_for_pot(&fx_chorus, 1);
 1481              		.loc 6 374 5 view .LVU374
 1482 0138 D9F80030 		ldr	r3, [r9]
 372:project006.cpp **** 
 1483              		.loc 6 372 19 view .LVU375
 1484 013c C9F80800 		str	r0, [r9, #8]
 374:project006.cpp ****     if(map_chorus.p1 < 0) map_chorus.p1 = fallback_param_for_pot(&fx_chorus, 1);
 1485              		.loc 6 374 5 is_stmt 1 view .LVU376
 1486 0140 A342     		cmp	r3, r4
 1487 0142 C0F24185 		blt	.L234
 1488              	.L111:
 375:project006.cpp ****     if(map_chorus.p2 < 0) map_chorus.p2 = fallback_param_for_pot(&fx_chorus, 2);
 1489              		.loc 6 375 5 view .LVU377
 1490 0146 D9F80430 		ldr	r3, [r9, #4]
 1491 014a 002B     		cmp	r3, #0
 1492 014c C0F27985 		blt	.L235
 1493              	.L112:
 376:project006.cpp **** 
 1494              		.loc 6 376 5 view .LVU378
 1495 0150 D9F80830 		ldr	r3, [r9, #8]
 1496 0154 002B     		cmp	r3, #0
 1497 0156 C0F26C85 		blt	.L236
 1498              	.L113:
 379:project006.cpp ****     map_revdel.p1 = find_param_by_keywords(&fx_revdel, "time", "delay", "decay");
 1499              		.loc 6 379 5 view .LVU379
 379:project006.cpp ****     map_revdel.p1 = find_param_by_keywords(&fx_revdel, "time", "delay", "decay");
 1500              		.loc 6 379 19 is_stmt 0 view .LVU380
 1501 015a 7F4F     		ldr	r7, .L253+88
 379:project006.cpp ****     map_revdel.p1 = find_param_by_keywords(&fx_revdel, "time", "delay", "decay");
 1502              		.loc 6 379 43 view .LVU381
 1503 015c 0023     		movs	r3, #0
 1504 015e 784A     		ldr	r2, .L253+64
 1505 0160 7849     		ldr	r1, .L253+68
 1506 0162 7548     		ldr	r0, .L253+56
 1507 0164 FFF7FEFF 		bl	_ZL22find_param_by_keywordsPN10bkshepherd16BaseEffectModuleEPKcS3_S3_
 1508              	.LVL115:
 380:project006.cpp ****     map_revdel.p2 = find_param_by_keywords(&fx_revdel, "feedback", "regen", "fb");
 1509              		.loc 6 380 43 view .LVU382
 1510 0168 7C4B     		ldr	r3, .L253+92
 1511 016a 7D4A     		ldr	r2, .L253+96
ARM GAS  C:\Users\aydan\AppData\Local\Temp\cc21BorY.s 			page 66


 1512 016c 7D49     		ldr	r1, .L253+100
 379:project006.cpp ****     map_revdel.p1 = find_param_by_keywords(&fx_revdel, "time", "delay", "decay");
 1513              		.loc 6 379 19 view .LVU383
 1514 016e 3860     		str	r0, [r7]
 380:project006.cpp ****     map_revdel.p2 = find_param_by_keywords(&fx_revdel, "feedback", "regen", "fb");
 1515              		.loc 6 380 5 is_stmt 1 view .LVU384
 380:project006.cpp ****     map_revdel.p2 = find_param_by_keywords(&fx_revdel, "feedback", "regen", "fb");
 1516              		.loc 6 380 43 is_stmt 0 view .LVU385
 1517 0170 7148     		ldr	r0, .L253+56
 1518 0172 FFF7FEFF 		bl	_ZL22find_param_by_keywordsPN10bkshepherd16BaseEffectModuleEPKcS3_S3_
 1519              	.LVL116:
 381:project006.cpp **** 
 1520              		.loc 6 381 43 view .LVU386
 1521 0176 7C4B     		ldr	r3, .L253+104
 380:project006.cpp ****     map_revdel.p2 = find_param_by_keywords(&fx_revdel, "feedback", "regen", "fb");
 1522              		.loc 6 380 19 view .LVU387
 1523 0178 7860     		str	r0, [r7, #4]
 381:project006.cpp **** 
 1524              		.loc 6 381 5 is_stmt 1 view .LVU388
 381:project006.cpp **** 
 1525              		.loc 6 381 43 is_stmt 0 view .LVU389
 1526 017a 7C4A     		ldr	r2, .L253+108
 1527 017c 7C49     		ldr	r1, .L253+112
 1528 017e 6E48     		ldr	r0, .L253+56
 1529 0180 FFF7FEFF 		bl	_ZL22find_param_by_keywordsPN10bkshepherd16BaseEffectModuleEPKcS3_S3_
 1530              	.LVL117:
 383:project006.cpp ****     if(map_revdel.p1 < 0) map_revdel.p1 = fallback_param_for_pot(&fx_revdel, 1);
 1531              		.loc 6 383 5 view .LVU390
 1532 0184 3B68     		ldr	r3, [r7]
 381:project006.cpp **** 
 1533              		.loc 6 381 19 view .LVU391
 1534 0186 B860     		str	r0, [r7, #8]
 383:project006.cpp ****     if(map_revdel.p1 < 0) map_revdel.p1 = fallback_param_for_pot(&fx_revdel, 1);
 1535              		.loc 6 383 5 is_stmt 1 view .LVU392
 1536 0188 002B     		cmp	r3, #0
 1537 018a C0F24B85 		blt	.L237
 1538              	.L114:
 384:project006.cpp ****     if(map_revdel.p2 < 0) map_revdel.p2 = fallback_param_for_pot(&fx_revdel, 2);
 1539              		.loc 6 384 5 view .LVU393
 1540 018e 7B68     		ldr	r3, [r7, #4]
 1541 0190 002B     		cmp	r3, #0
 1542 0192 C0F24085 		blt	.L238
 1543              	.L115:
 385:project006.cpp **** 
 1544              		.loc 6 385 5 view .LVU394
 1545 0196 BB68     		ldr	r3, [r7, #8]
 1546 0198 002B     		cmp	r3, #0
 1547 019a C0F23585 		blt	.L239
 1548              	.L116:
 388:project006.cpp ****     map_od.p1 = find_param_by_keywords(&fx_od, "tone", "filter");
 1549              		.loc 6 388 5 view .LVU395
 388:project006.cpp ****     map_od.p1 = find_param_by_keywords(&fx_od, "tone", "filter");
 1550              		.loc 6 388 15 is_stmt 0 view .LVU396
 1551 019e DFF82482 		ldr	r8, .L253+196
 388:project006.cpp ****     map_od.p1 = find_param_by_keywords(&fx_od, "tone", "filter");
 1552              		.loc 6 388 39 view .LVU397
 1553 01a2 0023     		movs	r3, #0
ARM GAS  C:\Users\aydan\AppData\Local\Temp\cc21BorY.s 			page 67


 1554 01a4 734A     		ldr	r2, .L253+116
 1555 01a6 7449     		ldr	r1, .L253+120
 1556 01a8 6448     		ldr	r0, .L253+60
 1557 01aa FFF7FEFF 		bl	_ZL22find_param_by_keywordsPN10bkshepherd16BaseEffectModuleEPKcS3_S3_
 1558              	.LVL118:
 389:project006.cpp ****     map_od.p2 = find_param_by_keywords(&fx_od, "mix", "level", "vol");
 1559              		.loc 6 389 39 view .LVU398
 1560 01ae 0023     		movs	r3, #0
 1561 01b0 724A     		ldr	r2, .L253+124
 1562 01b2 7349     		ldr	r1, .L253+128
 388:project006.cpp ****     map_od.p1 = find_param_by_keywords(&fx_od, "tone", "filter");
 1563              		.loc 6 388 15 view .LVU399
 1564 01b4 C8F80000 		str	r0, [r8]
 389:project006.cpp ****     map_od.p2 = find_param_by_keywords(&fx_od, "mix", "level", "vol");
 1565              		.loc 6 389 5 is_stmt 1 view .LVU400
 389:project006.cpp ****     map_od.p2 = find_param_by_keywords(&fx_od, "mix", "level", "vol");
 1566              		.loc 6 389 39 is_stmt 0 view .LVU401
 1567 01b8 6048     		ldr	r0, .L253+60
 1568 01ba FFF7FEFF 		bl	_ZL22find_param_by_keywordsPN10bkshepherd16BaseEffectModuleEPKcS3_S3_
 1569              	.LVL119:
 390:project006.cpp **** 
 1570              		.loc 6 390 39 view .LVU402
 1571 01be 714B     		ldr	r3, .L253+132
 389:project006.cpp ****     map_od.p2 = find_param_by_keywords(&fx_od, "mix", "level", "vol");
 1572              		.loc 6 389 15 view .LVU403
 1573 01c0 C8F80400 		str	r0, [r8, #4]
 390:project006.cpp **** 
 1574              		.loc 6 390 5 is_stmt 1 view .LVU404
 390:project006.cpp **** 
 1575              		.loc 6 390 39 is_stmt 0 view .LVU405
 1576 01c4 704A     		ldr	r2, .L253+136
 1577 01c6 5F49     		ldr	r1, .L253+68
 1578 01c8 5C48     		ldr	r0, .L253+60
 1579 01ca FFF7FEFF 		bl	_ZL22find_param_by_keywordsPN10bkshepherd16BaseEffectModuleEPKcS3_S3_
 1580              	.LVL120:
 392:project006.cpp ****     if(map_od.p1 < 0) map_od.p1 = fallback_param_for_pot(&fx_od, 1);
 1581              		.loc 6 392 5 view .LVU406
 1582 01ce D8F80030 		ldr	r3, [r8]
 390:project006.cpp **** 
 1583              		.loc 6 390 15 view .LVU407
 1584 01d2 C8F80800 		str	r0, [r8, #8]
 392:project006.cpp ****     if(map_od.p1 < 0) map_od.p1 = fallback_param_for_pot(&fx_od, 1);
 1585              		.loc 6 392 5 is_stmt 1 view .LVU408
 1586 01d6 002B     		cmp	r3, #0
 1587 01d8 C0F20E85 		blt	.L240
 1588              	.L117:
 393:project006.cpp ****     if(map_od.p2 < 0) map_od.p2 = fallback_param_for_pot(&fx_od, 2);
 1589              		.loc 6 393 5 view .LVU409
 1590 01dc D8F80430 		ldr	r3, [r8, #4]
 1591 01e0 002B     		cmp	r3, #0
 1592 01e2 C0F20185 		blt	.L241
 1593              	.L118:
 394:project006.cpp **** }
 1594              		.loc 6 394 5 view .LVU410
 1595 01e6 D8F80830 		ldr	r3, [r8, #8]
 1596 01ea 002B     		cmp	r3, #0
 1597 01ec C0F2F484 		blt	.L242
ARM GAS  C:\Users\aydan\AppData\Local\Temp\cc21BorY.s 			page 68


 1598              	.L119:
 1599              	.LBE509:
 1600              	.LBE511:
 517:project006.cpp **** 
 1601              		.loc 6 517 5 view .LVU411
 517:project006.cpp **** 
 1602              		.loc 6 517 18 is_stmt 0 view .LVU412
 1603 01f0 6649     		ldr	r1, .L253+140
 1604              	.LBB512:
 1605              	.LBB513:
  84:project006.cpp ****     uart_send(buf);
 1606              		.loc 6 84 18 view .LVU413
 1607 01f2 0024     		movs	r4, #0
 1608              	.LBE513:
 1609              	.LBE512:
 517:project006.cpp **** 
 1610              		.loc 6 517 18 view .LVU414
 1611 01f4 4648     		ldr	r0, .L253+16
 523:project006.cpp **** 
 1612              		.loc 6 523 14 view .LVU415
 1613 01f6 4FF0FF35 		mov	r5, #-1
 517:project006.cpp **** 
 1614              		.loc 6 517 18 view .LVU416
 1615 01fa FFF7FEFF 		bl	_ZN5daisy9DaisySeed10StartAudioEPFvPKPKfPPfjE
 1616              	.LVL121:
 520:project006.cpp ****     int      rot_last_sample = 0;
 1617              		.loc 6 520 5 is_stmt 1 view .LVU417
 521:project006.cpp ****     uint32_t rot_last_change = System::GetNow();
 1618              		.loc 6 521 5 view .LVU418
 522:project006.cpp ****     int      last_sent_fx    = -1;
 1619              		.loc 6 522 5 view .LVU419
 537:project006.cpp ****     send_footswitch(false, "released", 0);
 1620              		.loc 6 537 23 is_stmt 0 view .LVU420
 1621 01fe 644E     		ldr	r6, .L253+144
 522:project006.cpp ****     int      last_sent_fx    = -1;
 1622              		.loc 6 522 46 view .LVU421
 1623 0200 FFF7FEFF 		bl	_ZN5daisy6System6GetNowEv
 1624              	.LVL122:
 536:project006.cpp ****     send_pots(g_pots[0], g_pots[1], g_pots[2], g_pots[3]);
 1625              		.loc 6 536 16 view .LVU422
 1626 0204 634B     		ldr	r3, .L253+148
 1627              	.LBB517:
 1628              	.LBB518:
  70:project006.cpp ****     uart_send(buf);
 1629              		.loc 6 70 18 view .LVU423
 1630 0206 644A     		ldr	r2, .L253+152
 1631 0208 2021     		movs	r1, #32
 1632              	.LBE518:
 1633              	.LBE517:
 536:project006.cpp ****     send_pots(g_pots[0], g_pots[1], g_pots[2], g_pots[3]);
 1634              		.loc 6 536 16 view .LVU424
 1635 020a 1B68     		ldr	r3, [r3]
 522:project006.cpp ****     int      last_sent_fx    = -1;
 1636              		.loc 6 522 46 view .LVU425
 1637 020c 0D90     		str	r0, [sp, #52]
 1638              	.LVL123:
 523:project006.cpp **** 
ARM GAS  C:\Users\aydan\AppData\Local\Temp\cc21BorY.s 			page 69


 1639              		.loc 6 523 5 is_stmt 1 view .LVU426
 526:project006.cpp **** 
 1640              		.loc 6 526 5 view .LVU427
 529:project006.cpp **** 
 1641              		.loc 6 529 5 view .LVU428
 532:project006.cpp ****     uint32_t last_tuner_tx = 0;
 1642              		.loc 6 532 5 view .LVU429
 533:project006.cpp **** 
 1643              		.loc 6 533 5 view .LVU430
 536:project006.cpp ****     send_pots(g_pots[0], g_pots[1], g_pots[2], g_pots[3]);
 1644              		.loc 6 536 5 view .LVU431
 1645              	.LBB522:
 1646              	.LBI517:
  67:project006.cpp **** {
 1647              		.loc 6 67 13 view .LVU432
 1648              	.LBB521:
  69:project006.cpp ****     std::snprintf(buf, sizeof(buf), "E,%d\n", fx);
 1649              		.loc 6 69 5 view .LVU433
  70:project006.cpp ****     uart_send(buf);
 1650              		.loc 6 70 5 view .LVU434
  70:project006.cpp ****     uart_send(buf);
 1651              		.loc 6 70 18 is_stmt 0 view .LVU435
 1652 020e 30A8     		add	r0, sp, #192
 1653              	.LVL124:
  70:project006.cpp ****     uart_send(buf);
 1654              		.loc 6 70 18 view .LVU436
 1655 0210 FFF7FEFF 		bl	snprintf
 1656              	.LVL125:
  71:project006.cpp **** }
 1657              		.loc 6 71 5 is_stmt 1 view .LVU437
 1658              	.LBB519:
 1659              	.LBI519:
  62:project006.cpp **** {
 1660              		.loc 6 62 13 view .LVU438
 1661              	.LBB520:
  64:project006.cpp **** }
 1662              		.loc 6 64 5 view .LVU439
  64:project006.cpp **** }
 1663              		.loc 6 64 26 is_stmt 0 view .LVU440
 1664 0214 30A8     		add	r0, sp, #192
 1665              	.LVL126:
  64:project006.cpp **** }
 1666              		.loc 6 64 26 view .LVU441
 1667 0216 FFF7FEFF 		bl	strlen
 1668              	.LVL127:
  64:project006.cpp **** }
 1669              		.loc 6 64 26 view .LVU442
 1670 021a 4FF47A73 		mov	r3, #1000
 1671 021e 0246     		mov	r2, r0
 1672 0220 30A9     		add	r1, sp, #192
 1673              	.LVL128:
  64:project006.cpp **** }
 1674              		.loc 6 64 26 view .LVU443
 1675 0222 3D48     		ldr	r0, .L253+24
 1676 0224 FFF7FEFF 		bl	_ZN5daisy11UartHandler16BlockingTransmitEPhjm
 1677              	.LVL129:
  64:project006.cpp **** }
ARM GAS  C:\Users\aydan\AppData\Local\Temp\cc21BorY.s 			page 70


 1678              		.loc 6 64 26 view .LVU444
 1679              	.LBE520:
 1680              	.LBE519:
 1681              	.LBE521:
 1682              	.LBE522:
 537:project006.cpp ****     send_footswitch(false, "released", 0);
 1683              		.loc 6 537 5 is_stmt 1 view .LVU445
 537:project006.cpp ****     send_footswitch(false, "released", 0);
 1684              		.loc 6 537 23 is_stmt 0 view .LVU446
 1685 0228 96ED004A 		vldr.32	s8, [r6]
 537:project006.cpp ****     send_footswitch(false, "released", 0);
 1686              		.loc 6 537 34 view .LVU447
 1687 022c 96ED016A 		vldr.32	s12, [r6, #4]
 1688              	.LBB523:
 1689              	.LBB524:
  77:project006.cpp ****     uart_send(buf);
 1690              		.loc 6 77 18 view .LVU448
 1691 0230 6021     		movs	r1, #96
 1692              	.LBE524:
 1693              	.LBE523:
 537:project006.cpp ****     send_footswitch(false, "released", 0);
 1694              		.loc 6 537 45 view .LVU449
 1695 0232 96ED025A 		vldr.32	s10, [r6, #8]
 1696              	.LBB530:
 1697              	.LBB527:
  77:project006.cpp ****     uart_send(buf);
 1698              		.loc 6 77 18 view .LVU450
 1699 0236 B7EEC44A 		vcvt.f64.f32	d4, s8
 1700              	.LBE527:
 1701              	.LBE530:
 537:project006.cpp ****     send_footswitch(false, "released", 0);
 1702              		.loc 6 537 56 view .LVU451
 1703 023a 96ED037A 		vldr.32	s14, [r6, #12]
 1704              	.LVL130:
 1705              	.LBB531:
 1706              	.LBI523:
  74:project006.cpp **** {
 1707              		.loc 6 74 13 is_stmt 1 view .LVU452
 1708              	.LBB528:
  76:project006.cpp ****     std::snprintf(buf, sizeof(buf), "P,%.4f,%.4f,%.4f,%.4f\n", p0, p1, p2, p3);
 1709              		.loc 6 76 5 view .LVU453
  77:project006.cpp ****     uart_send(buf);
 1710              		.loc 6 77 5 view .LVU454
  77:project006.cpp ****     uart_send(buf);
 1711              		.loc 6 77 18 is_stmt 0 view .LVU455
 1712 023e B7EEC66A 		vcvt.f64.f32	d6, s12
 1713              	.LVL131:
  77:project006.cpp ****     uart_send(buf);
 1714              		.loc 6 77 18 view .LVU456
 1715 0242 B7EEC55A 		vcvt.f64.f32	d5, s10
 1716              	.LVL132:
  77:project006.cpp ****     uart_send(buf);
 1717              		.loc 6 77 18 view .LVU457
 1718 0246 554A     		ldr	r2, .L253+156
 1719 0248 B7EEC77A 		vcvt.f64.f32	d7, s14
 1720              	.LVL133:
  77:project006.cpp ****     uart_send(buf);
ARM GAS  C:\Users\aydan\AppData\Local\Temp\cc21BorY.s 			page 71


 1721              		.loc 6 77 18 view .LVU458
 1722 024c 30A8     		add	r0, sp, #192
 1723              	.LBE528:
 1724              	.LBE531:
 526:project006.cpp **** 
 1725              		.loc 6 526 11 view .LVU459
 1726 024e 9FED548A 		vldr.32	s16, .L253+160
 1727              	.LVL134:
 529:project006.cpp **** 
 1728              		.loc 6 529 11 view .LVU460
 1729 0252 DFED548A 		vldr.32	s17, .L253+164
 526:project006.cpp **** 
 1730              		.loc 6 526 11 view .LVU461
 1731 0256 F0EE489A 		vmov.f32	s19, s16
 1732 025a B0EE489A 		vmov.f32	s18, s16
 1733              	.LBB532:
 1734              	.LBB529:
  77:project006.cpp ****     uart_send(buf);
 1735              		.loc 6 77 18 view .LVU462
 1736 025e 8DED004B 		vstr.64	d4, [sp]
 1737 0262 8DED045B 		vstr.64	d5, [sp, #16]
 1738 0266 8DED026B 		vstr.64	d6, [sp, #8]
 1739 026a 8DED067B 		vstr.64	d7, [sp, #24]
 1740 026e FFF7FEFF 		bl	snprintf
 1741              	.LVL135:
  78:project006.cpp **** }
 1742              		.loc 6 78 5 is_stmt 1 view .LVU463
 1743              	.LBB525:
 1744              	.LBI525:
  62:project006.cpp **** {
 1745              		.loc 6 62 13 view .LVU464
 1746              	.LBB526:
  64:project006.cpp **** }
 1747              		.loc 6 64 5 view .LVU465
  64:project006.cpp **** }
 1748              		.loc 6 64 26 is_stmt 0 view .LVU466
 1749 0272 30A8     		add	r0, sp, #192
 1750              	.LVL136:
  64:project006.cpp **** }
 1751              		.loc 6 64 26 view .LVU467
 1752 0274 FFF7FEFF 		bl	strlen
 1753              	.LVL137:
  64:project006.cpp **** }
 1754              		.loc 6 64 26 view .LVU468
 1755 0278 4FF47A73 		mov	r3, #1000
 1756 027c 0246     		mov	r2, r0
 1757 027e 30A9     		add	r1, sp, #192
 1758              	.LVL138:
  64:project006.cpp **** }
 1759              		.loc 6 64 26 view .LVU469
 1760 0280 2548     		ldr	r0, .L253+24
 1761 0282 FFF7FEFF 		bl	_ZN5daisy11UartHandler16BlockingTransmitEPhjm
 1762              	.LVL139:
  64:project006.cpp **** }
 1763              		.loc 6 64 26 view .LVU470
 1764              	.LBE526:
 1765              	.LBE525:
ARM GAS  C:\Users\aydan\AppData\Local\Temp\cc21BorY.s 			page 72


 1766              	.LBE529:
 1767              	.LBE532:
 538:project006.cpp ****     send_tuner(false, 110.0f, "A2", 0.0f, 0.0f);
 1768              		.loc 6 538 5 is_stmt 1 view .LVU471
 1769              	.LBB533:
 1770              	.LBI512:
  81:project006.cpp **** {
 1771              		.loc 6 81 13 view .LVU472
 1772              	.LBB516:
  83:project006.cpp ****     std::snprintf(buf, sizeof(buf), "S,%d,%s,%d\n", down ? 1 : 0, edge, press_count);
 1773              		.loc 6 83 5 view .LVU473
  84:project006.cpp ****     uart_send(buf);
 1774              		.loc 6 84 5 view .LVU474
  84:project006.cpp ****     uart_send(buf);
 1775              		.loc 6 84 18 is_stmt 0 view .LVU475
 1776 0286 484B     		ldr	r3, .L253+168
 1777 0288 484A     		ldr	r2, .L253+172
 1778 028a 6021     		movs	r1, #96
 1779 028c 0194     		str	r4, [sp, #4]
 1780 028e 30A8     		add	r0, sp, #192
 1781 0290 0093     		str	r3, [sp]
 1782 0292 2346     		mov	r3, r4
 1783 0294 FFF7FEFF 		bl	snprintf
 1784              	.LVL140:
  85:project006.cpp **** }
 1785              		.loc 6 85 5 is_stmt 1 view .LVU476
 1786              	.LBB514:
 1787              	.LBI514:
  62:project006.cpp **** {
 1788              		.loc 6 62 13 view .LVU477
 1789              	.LBB515:
  64:project006.cpp **** }
 1790              		.loc 6 64 5 view .LVU478
  64:project006.cpp **** }
 1791              		.loc 6 64 26 is_stmt 0 view .LVU479
 1792 0298 30A8     		add	r0, sp, #192
 1793              	.LVL141:
  64:project006.cpp **** }
 1794              		.loc 6 64 26 view .LVU480
 1795 029a FFF7FEFF 		bl	strlen
 1796              	.LVL142:
  64:project006.cpp **** }
 1797              		.loc 6 64 26 view .LVU481
 1798 029e 4FF47A73 		mov	r3, #1000
 1799 02a2 0246     		mov	r2, r0
 1800 02a4 30A9     		add	r1, sp, #192
 1801              	.LVL143:
  64:project006.cpp **** }
 1802              		.loc 6 64 26 view .LVU482
 1803 02a6 1C48     		ldr	r0, .L253+24
 1804 02a8 FFF7FEFF 		bl	_ZN5daisy11UartHandler16BlockingTransmitEPhjm
 1805              	.LVL144:
  64:project006.cpp **** }
 1806              		.loc 6 64 26 view .LVU483
 1807              	.LBE515:
 1808              	.LBE514:
 1809              	.LBE516:
ARM GAS  C:\Users\aydan\AppData\Local\Temp\cc21BorY.s 			page 73


 1810              	.LBE533:
 539:project006.cpp **** 
 1811              		.loc 6 539 5 is_stmt 1 view .LVU484
 1812              	.LBB534:
 1813              	.LBI534:
  88:project006.cpp **** {
 1814              		.loc 6 88 13 view .LVU485
 1815              	.LBB535:
  90:project006.cpp ****     std::snprintf(buf, sizeof(buf), "T,%d,%.3f,%s,%.2f,%.3f\n",
 1816              		.loc 6 90 5 view .LVU486
  91:project006.cpp ****                   valid ? 1 : 0, freq_hz, note, cents, conf);
 1817              		.loc 6 91 5 view .LVU487
  91:project006.cpp ****                   valid ? 1 : 0, freq_hz, note, cents, conf);
 1818              		.loc 6 91 18 is_stmt 0 view .LVU488
 1819 02ac 404B     		ldr	r3, .L253+176
 1820 02ae 414A     		ldr	r2, .L253+180
 1821 02b0 8021     		movs	r1, #128
 1822 02b2 0293     		str	r3, [sp, #8]
 1823 02b4 30A8     		add	r0, sp, #192
 1824 02b6 2346     		mov	r3, r4
 1825              	.LBE535:
 1826              	.LBE534:
 533:project006.cpp **** 
 1827              		.loc 6 533 14 view .LVU489
 1828 02b8 0E94     		str	r4, [sp, #56]
 532:project006.cpp ****     uint32_t last_tuner_tx = 0;
 1829              		.loc 6 532 14 view .LVU490
 1830 02ba 0F94     		str	r4, [sp, #60]
 520:project006.cpp ****     int      rot_last_sample = 0;
 1831              		.loc 6 520 14 view .LVU491
 1832 02bc 0A94     		str	r4, [sp, #40]
 1833              	.LBB540:
 1834              	.LBB538:
  91:project006.cpp ****                   valid ? 1 : 0, freq_hz, note, cents, conf);
 1835              		.loc 6 91 18 view .LVU492
 1836 02be 9FED107B 		vldr.64	d7, .L253
 1837              	.LBE538:
 1838              	.LBE540:
 521:project006.cpp ****     uint32_t rot_last_change = System::GetNow();
 1839              		.loc 6 521 14 view .LVU493
 1840 02c2 CDE90B45 		strd	r4, r5, [sp, #44]
 1841 02c6 3C4C     		ldr	r4, .L253+184
 1842 02c8 194D     		ldr	r5, .L253+48
 1843              	.LBB541:
 1844              	.LBB539:
  91:project006.cpp ****                   valid ? 1 : 0, freq_hz, note, cents, conf);
 1845              		.loc 6 91 18 view .LVU494
 1846 02ca 8DED067B 		vstr.64	d7, [sp, #24]
 1847 02ce 8DED047B 		vstr.64	d7, [sp, #16]
 1848 02d2 9FED0D7B 		vldr.64	d7, .L253+8
 1849 02d6 8DED007B 		vstr.64	d7, [sp]
 1850 02da FFF7FEFF 		bl	snprintf
 1851              	.LVL145:
  93:project006.cpp **** }
 1852              		.loc 6 93 5 is_stmt 1 view .LVU495
 1853              	.LBB536:
 1854              	.LBI536:
ARM GAS  C:\Users\aydan\AppData\Local\Temp\cc21BorY.s 			page 74


  62:project006.cpp **** {
 1855              		.loc 6 62 13 view .LVU496
 1856              	.LBB537:
  64:project006.cpp **** }
 1857              		.loc 6 64 5 view .LVU497
  64:project006.cpp **** }
 1858              		.loc 6 64 26 is_stmt 0 view .LVU498
 1859 02de 30A8     		add	r0, sp, #192
 1860              	.LVL146:
  64:project006.cpp **** }
 1861              		.loc 6 64 26 view .LVU499
 1862 02e0 FFF7FEFF 		bl	strlen
 1863              	.LVL147:
  64:project006.cpp **** }
 1864              		.loc 6 64 26 view .LVU500
 1865 02e4 4FF47A73 		mov	r3, #1000
 1866 02e8 0246     		mov	r2, r0
 1867 02ea 30A9     		add	r1, sp, #192
 1868              	.LVL148:
  64:project006.cpp **** }
 1869              		.loc 6 64 26 view .LVU501
 1870 02ec 0A48     		ldr	r0, .L253+24
 1871 02ee FFF7FEFF 		bl	_ZN5daisy11UartHandler16BlockingTransmitEPhjm
 1872              	.LVL149:
  64:project006.cpp **** }
 1873              		.loc 6 64 26 view .LVU502
 1874 02f2 324B     		ldr	r3, .L253+188
 1875 02f4 5B00     		lsls	r3, r3, #1
 1876 02f6 03F58063 		add	r3, r3, #1024
 1877 02fa 1093     		str	r3, [sp, #64]
 1878 02fc 64E0     		b	.L254
 1879              	.L255:
 1880 02fe 00BF     		.align	3
 1881              	.L253:
 1882 0300 00000000 		.word	0
 1883 0304 00000000 		.word	0
 1884 0308 00000000 		.word	0
 1885 030c 00805B40 		.word	1079738368
 1886 0310 00000000 		.word	.LANCHOR4
 1887 0314 01060107 		.word	117507585
 1888 0318 00000000 		.word	.LANCHOR5
 1889 031c 00000000 		.word	.LANCHOR6
 1890 0320 00000000 		.word	.LANCHOR9
 1891 0324 00000000 		.word	.LANCHOR10
 1892 0328 00000000 		.word	.LANCHOR7
 1893 032c 18000000 		.word	.LANCHOR4+24
 1894 0330 00000000 		.word	_ZL10pitch_ring
 1895 0334 00000000 		.word	fx_chorus
 1896 0338 00000000 		.word	fx_revdel
 1897 033c 00000000 		.word	.LANCHOR8
 1898 0340 00000000 		.word	.LC5
 1899 0344 04000000 		.word	.LC6
 1900 0348 08000000 		.word	.LC7
 1901 034c 10000000 		.word	.LC8
 1902 0350 18000000 		.word	.LC9
 1903 0354 20000000 		.word	.LC10
 1904 0358 00000000 		.word	.LANCHOR12
ARM GAS  C:\Users\aydan\AppData\Local\Temp\cc21BorY.s 			page 75


 1905 035c 28000000 		.word	.LC11
 1906 0360 30000000 		.word	.LC12
 1907 0364 38000000 		.word	.LC13
 1908 0368 40000000 		.word	.LC14
 1909 036c 44000000 		.word	.LC15
 1910 0370 4C000000 		.word	.LC16
 1911 0374 58000000 		.word	.LC17
 1912 0378 60000000 		.word	.LC18
 1913 037c 68000000 		.word	.LC19
 1914 0380 70000000 		.word	.LC20
 1915 0384 78000000 		.word	.LC21
 1916 0388 7C000000 		.word	.LC22
 1917 038c 00000000 		.word	_ZL13AudioCallbackPKPKfPPfj
 1918 0390 00000000 		.word	.LANCHOR14
 1919 0394 00000000 		.word	.LANCHOR0
 1920 0398 84000000 		.word	.LC23
 1921 039c 8C000000 		.word	.LC24
 1922 03a0 00000000 		.word	0
 1923 03a4 0000DC42 		.word	1121714176
 1924 03a8 B0000000 		.word	.LC26
 1925 03ac A4000000 		.word	.LC25
 1926 03b0 D4000000 		.word	.LC28
 1927 03b4 BC000000 		.word	.LC27
 1928 03b8 00100000 		.word	_ZZ4mainE3win+4096
 1929 03bc 00000000 		.word	.LANCHOR15
 1930 03c0 00000000 		.word	.LANCHOR11
 1931 03c4 00000000 		.word	.LANCHOR13
 1932              	.L254:
 1933              	.LVL150:
 1934              	.L176:
  64:project006.cpp **** }
 1935              		.loc 6 64 26 view .LVU503
 1936              	.LBE537:
 1937              	.LBE536:
 1938              	.LBE539:
 1939              	.LBE541:
 541:project006.cpp ****     {
 1940              		.loc 6 541 5 is_stmt 1 view .LVU504
 1941              	.LBB542:
 543:project006.cpp **** 
 1942              		.loc 6 543 9 view .LVU505
 543:project006.cpp **** 
 1943              		.loc 6 543 44 is_stmt 0 view .LVU506
 1944 03c8 DFF8FCA3 		ldr	r10, .L256+112
 1945              	.LBB543:
 1946              	.LBB544:
 142:project006.cpp ****         if(!rot[i].Read())
 1947              		.loc 6 142 13 view .LVU507
 1948 03cc 4FF0000B 		mov	fp, #0
 1949              	.LBE544:
 1950              	.LBE543:
 543:project006.cpp **** 
 1951              		.loc 6 543 44 view .LVU508
 1952 03d0 FFF7FEFF 		bl	_ZN5daisy6System6GetNowEv
 1953              	.LVL151:
 1954 03d4 0990     		str	r0, [sp, #36]
 1955              	.LVL152:
ARM GAS  C:\Users\aydan\AppData\Local\Temp\cc21BorY.s 			page 76


 548:project006.cpp ****         if(sample != 0)
 1956              		.loc 6 548 9 is_stmt 1 view .LVU509
 1957              	.LBB549:
 1958              	.LBI543:
 140:project006.cpp **** {
 1959              		.loc 6 140 12 view .LVU510
 1960              	.LBE549:
 1961              	.LBE542:
 142:project006.cpp ****         if(!rot[i].Read())
 1962              		.loc 6 142 5 view .LVU511
 1963              	.LBB760:
 1964              	.LBB550:
 1965              	.LBB545:
 142:project006.cpp ****         if(!rot[i].Read())
 1966              		.loc 6 142 22 view .LVU512
 1967              	.L123:
 143:project006.cpp ****             return i + 1; // 1..6
 1968              		.loc 6 143 9 view .LVU513
 143:project006.cpp ****             return i + 1; // 1..6
 1969              		.loc 6 143 24 is_stmt 0 view .LVU514
 1970 03d6 5046     		mov	r0, r10
 144:project006.cpp ****     return 0;             // between detents sometimes
 1971              		.loc 6 144 24 view .LVU515
 1972 03d8 0BF1010B 		add	fp, fp, #1
 1973              	.LVL153:
 142:project006.cpp ****         if(!rot[i].Read())
 1974              		.loc 6 142 22 view .LVU516
 1975 03dc 0AF1140A 		add	r10, r10, #20
 143:project006.cpp ****             return i + 1; // 1..6
 1976              		.loc 6 143 24 view .LVU517
 1977 03e0 FFF7FEFF 		bl	_ZN5daisy4GPIO4ReadEv
 1978              	.LVL154:
 142:project006.cpp ****         if(!rot[i].Read())
 1979              		.loc 6 142 5 is_stmt 1 view .LVU518
 143:project006.cpp ****             return i + 1; // 1..6
 1980              		.loc 6 143 9 is_stmt 0 view .LVU519
 1981 03e4 0028     		cmp	r0, #0
 1982 03e6 00F07F82 		beq	.L243
 1983              	.LVL155:
 142:project006.cpp ****         if(!rot[i].Read())
 1984              		.loc 6 142 22 is_stmt 1 view .LVU520
 1985 03ea BBF1060F 		cmp	fp, #6
 1986 03ee F2D1     		bne	.L123
 1987              	.LVL156:
 1988              	.L231:
 142:project006.cpp ****         if(!rot[i].Read())
 1989              		.loc 6 142 22 is_stmt 0 view .LVU521
 1990              	.LBE545:
 1991              	.LBE550:
 566:project006.cpp **** 
 1992              		.loc 6 566 18 view .LVU522
 1993 03f0 0A9B     		ldr	r3, [sp, #40]
 1994 03f2 A3F10100 		sub	r0, r3, #1
 1995 03f6 B0FA80F0 		clz	r0, r0
 1996 03fa 4009     		lsrs	r0, r0, #5
 1997              	.L124:
 566:project006.cpp **** 
ARM GAS  C:\Users\aydan\AppData\Local\Temp\cc21BorY.s 			page 77


 1998              		.loc 6 566 9 is_stmt 1 view .LVU523
 566:project006.cpp **** 
 1999              		.loc 6 566 18 is_stmt 0 view .LVU524
 2000 03fc 0146     		mov	r1, r0
 2001 03fe D648     		ldr	r0, .L256
 2002 0400 FFF7FEFF 		bl	_ZN5daisy9DaisySeed6SetLedEb
 2003              	.LVL157:
 569:project006.cpp ****         {
 2004              		.loc 6 569 9 is_stmt 1 view .LVU525
 569:project006.cpp ****         {
 2005              		.loc 6 569 12 is_stmt 0 view .LVU526
 2006 0404 D54A     		ldr	r2, .L256+4
 569:project006.cpp ****         {
 2007              		.loc 6 569 9 view .LVU527
 2008 0406 0C99     		ldr	r1, [sp, #48]
 569:project006.cpp ****         {
 2009              		.loc 6 569 12 view .LVU528
 2010 0408 1368     		ldr	r3, [r2]
 569:project006.cpp ****         {
 2011              		.loc 6 569 9 view .LVU529
 2012 040a 8B42     		cmp	r3, r1
 2013 040c 22D0     		beq	.L126
 571:project006.cpp ****             send_effect(last_sent_fx);
 2014              		.loc 6 571 13 is_stmt 1 view .LVU530
 571:project006.cpp ****             send_effect(last_sent_fx);
 2015              		.loc 6 571 26 is_stmt 0 view .LVU531
 2016 040e 1368     		ldr	r3, [r2]
 2017              	.LVL158:
 2018              	.LBB551:
 2019              	.LBB552:
  70:project006.cpp ****     uart_send(buf);
 2020              		.loc 6 70 18 view .LVU532
 2021 0410 2021     		movs	r1, #32
 2022 0412 D34A     		ldr	r2, .L256+8
 2023 0414 30A8     		add	r0, sp, #192
 2024 0416 9A46     		mov	r10, r3
 2025              	.LBE552:
 2026              	.LBE551:
 571:project006.cpp ****             send_effect(last_sent_fx);
 2027              		.loc 6 571 26 view .LVU533
 2028 0418 0C93     		str	r3, [sp, #48]
 2029              	.LVL159:
 572:project006.cpp **** 
 2030              		.loc 6 572 13 is_stmt 1 view .LVU534
 2031              	.LBB556:
 2032              	.LBI551:
  67:project006.cpp **** {
 2033              		.loc 6 67 13 view .LVU535
 2034              	.LBB555:
  69:project006.cpp ****     std::snprintf(buf, sizeof(buf), "E,%d\n", fx);
 2035              		.loc 6 69 5 view .LVU536
  70:project006.cpp ****     uart_send(buf);
 2036              		.loc 6 70 5 view .LVU537
  70:project006.cpp ****     uart_send(buf);
 2037              		.loc 6 70 18 is_stmt 0 view .LVU538
 2038 041a FFF7FEFF 		bl	snprintf
 2039              	.LVL160:
ARM GAS  C:\Users\aydan\AppData\Local\Temp\cc21BorY.s 			page 78


  71:project006.cpp **** }
 2040              		.loc 6 71 5 is_stmt 1 view .LVU539
 2041              	.LBB553:
 2042              	.LBI553:
  62:project006.cpp **** {
 2043              		.loc 6 62 13 view .LVU540
 2044              	.LBB554:
  64:project006.cpp **** }
 2045              		.loc 6 64 5 view .LVU541
  64:project006.cpp **** }
 2046              		.loc 6 64 26 is_stmt 0 view .LVU542
 2047 041e 30A8     		add	r0, sp, #192
 2048              	.LVL161:
  64:project006.cpp **** }
 2049              		.loc 6 64 26 view .LVU543
 2050 0420 FFF7FEFF 		bl	strlen
 2051              	.LVL162:
  64:project006.cpp **** }
 2052              		.loc 6 64 26 view .LVU544
 2053 0424 4FF47A73 		mov	r3, #1000
 2054 0428 0246     		mov	r2, r0
 2055 042a 30A9     		add	r1, sp, #192
 2056              	.LVL163:
  64:project006.cpp **** }
 2057              		.loc 6 64 26 view .LVU545
 2058 042c CD48     		ldr	r0, .L256+12
 2059 042e FFF7FEFF 		bl	_ZN5daisy11UartHandler16BlockingTransmitEPhjm
 2060              	.LVL164:
  64:project006.cpp **** }
 2061              		.loc 6 64 26 view .LVU546
 2062              	.LBE554:
 2063              	.LBE553:
 2064              	.LBE555:
 2065              	.LBE556:
 575:project006.cpp **** 
 2066              		.loc 6 575 13 is_stmt 1 view .LVU547
 575:project006.cpp **** 
 2067              		.loc 6 575 22 is_stmt 0 view .LVU548
 2068 0432 0023     		movs	r3, #0
 2069 0434 CC4A     		ldr	r2, .L256+16
 2070 0436 1370     		strb	r3, [r2]
 578:project006.cpp ****             if(last_sent_fx == FX_REVERBDELAY) fx_revdel.SetEnabled(true);
 2071              		.loc 6 578 13 is_stmt 1 view .LVU549
 2072 0438 5346     		mov	r3, r10
 2073 043a 012B     		cmp	r3, #1
 2074 043c 00F04983 		beq	.L244
 579:project006.cpp ****             if(last_sent_fx == FX_OVERDRIVE)   fx_od.SetEnabled(true);
 2075              		.loc 6 579 13 view .LVU550
 2076 0440 0C9B     		ldr	r3, [sp, #48]
 2077 0442 022B     		cmp	r3, #2
 2078 0444 00F04083 		beq	.L128
 580:project006.cpp ****         }
 2079              		.loc 6 580 13 view .LVU551
 2080 0448 032B     		cmp	r3, #3
 2081 044a 03D1     		bne	.L126
 580:project006.cpp ****         }
 2082              		.loc 6 580 48 discriminator 1 view .LVU552
ARM GAS  C:\Users\aydan\AppData\Local\Temp\cc21BorY.s 			page 79


 580:project006.cpp ****         }
 2083              		.loc 6 580 64 is_stmt 0 discriminator 1 view .LVU553
 2084 044c 0121     		movs	r1, #1
 2085 044e C748     		ldr	r0, .L256+20
 2086 0450 FFF7FEFF 		bl	_ZN10bkshepherd16BaseEffectModule10SetEnabledEb
 2087              	.LVL165:
 2088              	.L126:
 586:project006.cpp ****         float p1 = hw.adc.GetFloat(1);
 2089              		.loc 6 586 9 is_stmt 1 view .LVU554
 586:project006.cpp ****         float p1 = hw.adc.GetFloat(1);
 2090              		.loc 6 586 35 is_stmt 0 view .LVU555
 2091 0454 0021     		movs	r1, #0
 2092 0456 C648     		ldr	r0, .L256+24
 2093 0458 FFF7FEFF 		bl	_ZNK5daisy9AdcHandle8GetFloatEh
 2094              	.LVL166:
 2095 045c F0EE40AA 		vmov.f32	s21, s0
 2096              	.LVL167:
 587:project006.cpp ****         float p2 = hw.adc.GetFloat(2);
 2097              		.loc 6 587 9 is_stmt 1 view .LVU556
 587:project006.cpp ****         float p2 = hw.adc.GetFloat(2);
 2098              		.loc 6 587 35 is_stmt 0 view .LVU557
 2099 0460 0121     		movs	r1, #1
 2100 0462 C348     		ldr	r0, .L256+24
 2101 0464 FFF7FEFF 		bl	_ZNK5daisy9AdcHandle8GetFloatEh
 2102              	.LVL168:
 588:project006.cpp **** 
 2103              		.loc 6 588 35 view .LVU558
 2104 0468 0221     		movs	r1, #2
 2105 046a C148     		ldr	r0, .L256+24
 587:project006.cpp ****         float p2 = hw.adc.GetFloat(2);
 2106              		.loc 6 587 35 view .LVU559
 2107 046c B0EE40AA 		vmov.f32	s20, s0
 2108              	.LVL169:
 588:project006.cpp **** 
 2109              		.loc 6 588 9 is_stmt 1 view .LVU560
 588:project006.cpp **** 
 2110              		.loc 6 588 35 is_stmt 0 view .LVU561
 2111 0470 FFF7FEFF 		bl	_ZNK5daisy9AdcHandle8GetFloatEh
 2112              	.LVL170:
 590:project006.cpp ****         pot_filt[1] = lpf1(pot_filt[1], p1, 0.08f);
 2113              		.loc 6 590 9 is_stmt 1 view .LVU562
 2114              	.LBB557:
 2115              	.LBI557:
 104:project006.cpp **** {
 2116              		.loc 6 104 21 view .LVU563
 2117              	.LBB558:
 106:project006.cpp **** }
 2118              		.loc 6 106 5 view .LVU564
 106:project006.cpp **** }
 2119              		.loc 6 106 23 is_stmt 0 view .LVU565
 2120 0474 7AEEC9AA 		vsub.f32	s21, s21, s18
 2121              	.LVL171:
 106:project006.cpp **** }
 2122              		.loc 6 106 26 view .LVU566
 2123 0478 DFEDBE7A 		vldr.32	s15, .L256+28
 2124              	.LBE558:
 2125              	.LBE557:
ARM GAS  C:\Users\aydan\AppData\Local\Temp\cc21BorY.s 			page 80


 2126              	.LBB560:
 2127              	.LBB561:
 106:project006.cpp **** }
 2128              		.loc 6 106 23 view .LVU567
 2129 047c 30EE480A 		vsub.f32	s0, s0, s16
 2130              	.LVL172:
 106:project006.cpp **** }
 2131              		.loc 6 106 23 view .LVU568
 2132              	.LBE561:
 2133              	.LBE560:
 2134              	.LBB564:
 2135              	.LBB565:
 2136 0480 3AEE69AA 		vsub.f32	s20, s20, s19
 2137              	.LVL173:
 106:project006.cpp **** }
 2138              		.loc 6 106 23 view .LVU569
 2139              	.LBE565:
 2140              	.LBE564:
 2141              	.LBB568:
 2142              	.LBB559:
 106:project006.cpp **** }
 2143              		.loc 6 106 26 view .LVU570
 2144 0484 AAEEA79A 		vfma.f32	s18, s21, s15
 2145              	.LVL174:
 106:project006.cpp **** }
 2146              		.loc 6 106 26 view .LVU571
 2147              	.LBE559:
 2148              	.LBE568:
 591:project006.cpp ****         pot_filt[2] = lpf1(pot_filt[2], p2, 0.08f);
 2149              		.loc 6 591 9 is_stmt 1 view .LVU572
 2150              	.LBB569:
 2151              	.LBI564:
 104:project006.cpp **** {
 2152              		.loc 6 104 21 view .LVU573
 2153              	.LBB566:
 106:project006.cpp **** }
 2154              		.loc 6 106 5 view .LVU574
 2155              	.LBE566:
 2156              	.LBE569:
 2157              	.LBB570:
 2158              	.LBB562:
 106:project006.cpp **** }
 2159              		.loc 6 106 26 is_stmt 0 view .LVU575
 2160 0488 A0EE278A 		vfma.f32	s16, s0, s15
 2161              	.LVL175:
 106:project006.cpp **** }
 2162              		.loc 6 106 26 view .LVU576
 2163              	.LBE562:
 2164              	.LBE570:
 2165              	.LBB571:
 2166              	.LBB567:
 2167 048c EAEE279A 		vfma.f32	s19, s20, s15
 2168              	.LVL176:
 106:project006.cpp **** }
 2169              		.loc 6 106 26 view .LVU577
 2170              	.LBE567:
 2171              	.LBE571:
ARM GAS  C:\Users\aydan\AppData\Local\Temp\cc21BorY.s 			page 81


 592:project006.cpp **** 
 2172              		.loc 6 592 9 is_stmt 1 view .LVU578
 2173              	.LBB572:
 2174              	.LBI560:
 104:project006.cpp **** {
 2175              		.loc 6 104 21 view .LVU579
 2176              	.LBB563:
 106:project006.cpp **** }
 2177              		.loc 6 106 5 view .LVU580
 106:project006.cpp **** }
 2178              		.loc 6 106 5 is_stmt 0 view .LVU581
 2179              	.LBE563:
 2180              	.LBE572:
 594:project006.cpp ****         g_pots[1] = clampf(pot_filt[1], 0.f, 1.f);
 2181              		.loc 6 594 9 is_stmt 1 view .LVU582
 2182              	.LBB573:
 2183              	.LBI573:
  99:project006.cpp **** {
 2184              		.loc 6 99 21 view .LVU583
 2185              	.LBB574:
 101:project006.cpp **** }
 2186              		.loc 6 101 5 view .LVU584
 101:project006.cpp **** }
 2187              		.loc 6 101 21 is_stmt 0 view .LVU585
 2188 0490 B5EEC09A 		vcmpe.f32	s18, #0
 2189 0494 F1EE10FA 		vmrs	APSR_nzcv, FPSCR
 2190 0498 00F12382 		bmi	.L182
 101:project006.cpp **** }
 2191              		.loc 6 101 37 view .LVU586
 2192 049c F7EE007A 		vmov.f32	s15, #1.0e+0
 2193 04a0 B4EEE79A 		vcmpe.f32	s18, s15
 2194 04a4 F1EE10FA 		vmrs	APSR_nzcv, FPSCR
 2195 04a8 77FE897A 		vselgt.f32	s15, s15, s18
 2196              	.L130:
 2197              	.LVL177:
 101:project006.cpp **** }
 2198              		.loc 6 101 37 view .LVU587
 2199              	.LBE574:
 2200              	.LBE573:
 2201              	.LBB576:
 2202              	.LBB577:
 101:project006.cpp **** }
 2203              		.loc 6 101 21 view .LVU588
 2204 04ac F5EEC09A 		vcmpe.f32	s19, #0
 2205              	.LBE577:
 2206              	.LBE576:
 594:project006.cpp ****         g_pots[1] = clampf(pot_filt[1], 0.f, 1.f);
 2207              		.loc 6 594 19 view .LVU589
 2208 04b0 C6ED007A 		vstr.32	s15, [r6]
 595:project006.cpp ****         g_pots[2] = clampf(pot_filt[2], 0.f, 1.f);
 2209              		.loc 6 595 9 is_stmt 1 view .LVU590
 2210              	.LVL178:
 2211              	.LBB580:
 2212              	.LBI576:
  99:project006.cpp **** {
 2213              		.loc 6 99 21 view .LVU591
 2214              	.LBB578:
ARM GAS  C:\Users\aydan\AppData\Local\Temp\cc21BorY.s 			page 82


 101:project006.cpp **** }
 2215              		.loc 6 101 5 view .LVU592
 101:project006.cpp **** }
 2216              		.loc 6 101 21 is_stmt 0 view .LVU593
 2217 04b4 F1EE10FA 		vmrs	APSR_nzcv, FPSCR
 2218 04b8 00F11082 		bmi	.L184
 101:project006.cpp **** }
 2219              		.loc 6 101 37 view .LVU594
 2220 04bc F7EE007A 		vmov.f32	s15, #1.0e+0
 2221 04c0 F4EEE79A 		vcmpe.f32	s19, s15
 2222 04c4 F1EE10FA 		vmrs	APSR_nzcv, FPSCR
 2223 04c8 77FEA97A 		vselgt.f32	s15, s15, s19
 2224              	.L131:
 2225              	.LVL179:
 101:project006.cpp **** }
 2226              		.loc 6 101 37 view .LVU595
 2227              	.LBE578:
 2228              	.LBE580:
 2229              	.LBB581:
 2230              	.LBB582:
 101:project006.cpp **** }
 2231              		.loc 6 101 21 view .LVU596
 2232 04cc B5EEC08A 		vcmpe.f32	s16, #0
 2233              	.LBE582:
 2234              	.LBE581:
 595:project006.cpp ****         g_pots[2] = clampf(pot_filt[2], 0.f, 1.f);
 2235              		.loc 6 595 19 view .LVU597
 2236 04d0 C6ED017A 		vstr.32	s15, [r6, #4]
 596:project006.cpp ****         g_pots[3] = kPotPlaceholder4;
 2237              		.loc 6 596 9 is_stmt 1 view .LVU598
 2238              	.LVL180:
 2239              	.LBB585:
 2240              	.LBI581:
  99:project006.cpp **** {
 2241              		.loc 6 99 21 view .LVU599
 2242              	.LBB583:
 101:project006.cpp **** }
 2243              		.loc 6 101 5 view .LVU600
 101:project006.cpp **** }
 2244              		.loc 6 101 21 is_stmt 0 view .LVU601
 2245 04d4 F1EE10FA 		vmrs	APSR_nzcv, FPSCR
 2246 04d8 00F1FD81 		bmi	.L186
 101:project006.cpp **** }
 2247              		.loc 6 101 37 view .LVU602
 2248 04dc F7EE007A 		vmov.f32	s15, #1.0e+0
 2249 04e0 B4EEE78A 		vcmpe.f32	s16, s15
 2250 04e4 F1EE10FA 		vmrs	APSR_nzcv, FPSCR
 2251 04e8 77FE887A 		vselgt.f32	s15, s15, s16
 2252              	.L132:
 2253              	.LVL181:
 101:project006.cpp **** }
 2254              		.loc 6 101 37 view .LVU603
 2255              	.LBE583:
 2256              	.LBE585:
 597:project006.cpp **** 
 2257              		.loc 6 597 19 view .LVU604
 2258 04ec 4FF07C53 		mov	r3, #1056964608
ARM GAS  C:\Users\aydan\AppData\Local\Temp\cc21BorY.s 			page 83


 596:project006.cpp ****         g_pots[3] = kPotPlaceholder4;
 2259              		.loc 6 596 19 view .LVU605
 2260 04f0 C6ED027A 		vstr.32	s15, [r6, #8]
 597:project006.cpp **** 
 2261              		.loc 6 597 9 is_stmt 1 view .LVU606
 597:project006.cpp **** 
 2262              		.loc 6 597 19 is_stmt 0 view .LVU607
 2263 04f4 F360     		str	r3, [r6, #12]	@ float
 600:project006.cpp ****             apply_pots_to_fx((int)g_fx, g_pots[0], g_pots[1], g_pots[2]);
 2264              		.loc 6 600 9 is_stmt 1 view .LVU608
 600:project006.cpp ****             apply_pots_to_fx((int)g_fx, g_pots[0], g_pots[1], g_pots[2]);
 2265              		.loc 6 600 22 is_stmt 0 view .LVU609
 2266 04f6 994B     		ldr	r3, .L256+4
 2267 04f8 1B68     		ldr	r3, [r3]
 600:project006.cpp ****             apply_pots_to_fx((int)g_fx, g_pots[0], g_pots[1], g_pots[2]);
 2268              		.loc 6 600 9 view .LVU610
 2269 04fa 002B     		cmp	r3, #0
 2270 04fc 40F04C82 		bne	.L245
 2271              	.L134:
 604:project006.cpp ****         {
 2272              		.loc 6 604 9 is_stmt 1 view .LVU611
 604:project006.cpp ****         {
 2273              		.loc 6 604 16 is_stmt 0 view .LVU612
 2274 0500 099B     		ldr	r3, [sp, #36]
 2275 0502 0F9A     		ldr	r2, [sp, #60]
 2276 0504 9B1A     		subs	r3, r3, r2
 604:project006.cpp ****         {
 2277              		.loc 6 604 9 view .LVU613
 2278 0506 272B     		cmp	r3, #39
 2279 0508 00F21C82 		bhi	.L246
 2280              	.LVL182:
 2281              	.L144:
 613:project006.cpp ****         bool changed     = foot_db.Update(foot_sample, now, 15);
 2282              		.loc 6 613 9 is_stmt 1 view .LVU614
 613:project006.cpp ****         bool changed     = foot_db.Update(foot_sample, now, 15);
 2283              		.loc 6 613 37 is_stmt 0 view .LVU615
 2284 050c 9A48     		ldr	r0, .L256+32
 2285 050e FFF7FEFF 		bl	_ZN5daisy4GPIO4ReadEv
 2286              	.LVL183:
 614:project006.cpp **** 
 2287              		.loc 6 614 9 is_stmt 1 view .LVU616
 2288              	.LBB586:
 2289              	.LBI586:
 165:project006.cpp ****     {
 2290              		.loc 6 165 10 view .LVU617
 2291              	.LBB587:
 167:project006.cpp ****         {
 2292              		.loc 6 167 9 view .LVU618
 2293 0512 9A4A     		ldr	r2, .L256+36
 2294 0514 5378     		ldrb	r3, [r2, #1]	@ zero_extendqisi2
 2295 0516 8342     		cmp	r3, r0
 2296 0518 00F0F781 		beq	.L145
 169:project006.cpp ****             last_change_ms = now_ms;
 2297              		.loc 6 169 13 view .LVU619
 170:project006.cpp ****         }
 2298              		.loc 6 170 28 is_stmt 0 view .LVU620
 2299 051c 099B     		ldr	r3, [sp, #36]
ARM GAS  C:\Users\aydan\AppData\Local\Temp\cc21BorY.s 			page 84


 169:project006.cpp ****             last_change_ms = now_ms;
 2300              		.loc 6 169 28 view .LVU621
 2301 051e 5070     		strb	r0, [r2, #1]
 170:project006.cpp ****         }
 2302              		.loc 6 170 13 is_stmt 1 view .LVU622
 170:project006.cpp ****         }
 2303              		.loc 6 170 28 is_stmt 0 view .LVU623
 2304 0520 5360     		str	r3, [r2, #4]
 172:project006.cpp ****         {
 2305              		.loc 6 172 9 is_stmt 1 view .LVU624
 2306              	.LVL184:
 2307              	.L146:
 172:project006.cpp ****         {
 2308              		.loc 6 172 9 is_stmt 0 view .LVU625
 2309              	.LBE587:
 2310              	.LBE586:
 646:project006.cpp ****         {
 2311              		.loc 6 646 9 is_stmt 1 view .LVU626
 2312              	.LBB589:
 646:project006.cpp ****         {
 2313              		.loc 6 646 16 is_stmt 0 view .LVU627
 2314 0522 099B     		ldr	r3, [sp, #36]
 2315 0524 0E9A     		ldr	r2, [sp, #56]
 2316 0526 9B1A     		subs	r3, r3, r2
 646:project006.cpp ****         {
 2317              		.loc 6 646 9 view .LVU628
 2318 0528 632B     		cmp	r3, #99
 2319 052a 40F2D081 		bls	.L153
 2320              	.LBB590:
 648:project006.cpp **** 
 2321              		.loc 6 648 13 is_stmt 1 view .LVU629
 2322              	.LVL185:
 650:project006.cpp ****             int wr = pitch_wr;
 2323              		.loc 6 650 13 view .LVU630
 651:project006.cpp **** 
 2324              		.loc 6 651 13 view .LVU631
 651:project006.cpp **** 
 2325              		.loc 6 651 22 is_stmt 0 view .LVU632
 2326 052e 944B     		ldr	r3, .L256+40
 2327 0530 DFF898A2 		ldr	r10, .L256+116
 2328 0534 1A68     		ldr	r2, [r3]
 2329              	.LVL186:
 653:project006.cpp ****             {
 2330              		.loc 6 653 13 is_stmt 1 view .LVU633
 2331              	.LBB591:
 653:project006.cpp ****             {
 2332              		.loc 6 653 30 view .LVU634
 2333              	.LBB592:
 655:project006.cpp ****                 while(idx < 0)
 2334              		.loc 6 655 30 is_stmt 0 view .LVU635
 2335 0536 5046     		mov	r0, r10
 2336 0538 A2F58062 		sub	r2, r2, #1024
 2337              	.LVL187:
 2338              	.L155:
 655:project006.cpp ****                 while(idx < 0)
 2339              		.loc 6 655 17 is_stmt 1 view .LVU636
 657:project006.cpp ****                 idx %= kPitchRing;
ARM GAS  C:\Users\aydan\AppData\Local\Temp\cc21BorY.s 			page 85


 2340              		.loc 6 657 21 view .LVU637
 656:project006.cpp ****                     idx += kPitchRing;
 2341              		.loc 6 656 17 view .LVU638
 656:project006.cpp ****                     idx += kPitchRing;
 2342              		.loc 6 656 27 view .LVU639
 658:project006.cpp ****                 win[i] = pitch_ring[idx];
 2343              		.loc 6 658 17 view .LVU640
 657:project006.cpp ****                 idx %= kPitchRing;
 2344              		.loc 6 657 25 is_stmt 0 view .LVU641
 2345 053c 6FEA020C 		mvn	ip, r2
 2346 0540 9049     		ldr	r1, .L256+44
 656:project006.cpp ****                     idx += kPitchRing;
 2347              		.loc 6 656 27 view .LVU642
 2348 0542 002A     		cmp	r2, #0
 657:project006.cpp ****                 idx %= kPitchRing;
 2349              		.loc 6 657 25 view .LVU643
 2350 0544 02F5805E 		add	lr, r2, #4096
 2351 0548 0CEA0101 		and	r1, ip, r1
 655:project006.cpp ****                 while(idx < 0)
 2352              		.loc 6 655 21 view .LVU644
 2353 054c 1346     		mov	r3, r2
 2354              	.LVL188:
 656:project006.cpp ****                     idx += kPitchRing;
 2355              		.loc 6 656 17 is_stmt 1 view .LVU645
 656:project006.cpp ****                     idx += kPitchRing;
 2356              		.loc 6 656 27 view .LVU646
 2357              	.LBE592:
 653:project006.cpp ****             {
 2358              		.loc 6 653 30 is_stmt 0 view .LVU647
 2359 054e 02F10102 		add	r2, r2, #1
 2360              	.LVL189:
 2361              	.LBB593:
 657:project006.cpp ****                 idx %= kPitchRing;
 2362              		.loc 6 657 25 view .LVU648
 2363 0552 B8BF     		it	lt
 2364 0554 01EB0E03 		addlt	r3, r1, lr
 2365              	.LVL190:
 659:project006.cpp ****             }
 2366              		.loc 6 659 17 is_stmt 1 view .LVU649
 658:project006.cpp ****                 win[i] = pitch_ring[idx];
 2367              		.loc 6 658 21 is_stmt 0 view .LVU650
 2368 0558 C3F30B03 		ubfx	r3, r3, #0, #12
 2369              	.LVL191:
 659:project006.cpp ****             }
 2370              		.loc 6 659 40 view .LVU651
 2371 055c 05EB8303 		add	r3, r5, r3, lsl #2
 659:project006.cpp ****             }
 2372              		.loc 6 659 24 view .LVU652
 2373 0560 1B68     		ldr	r3, [r3]	@ float
 2374 0562 40F8043B 		str	r3, [r0], #4	@ float
 2375              	.LBE593:
 653:project006.cpp ****             {
 2376              		.loc 6 653 13 is_stmt 1 view .LVU653
 653:project006.cpp ****             {
 2377              		.loc 6 653 30 view .LVU654
 2378 0566 8442     		cmp	r4, r0
 2379              	.LVL192:
ARM GAS  C:\Users\aydan\AppData\Local\Temp\cc21BorY.s 			page 86


 653:project006.cpp ****             {
 2380              		.loc 6 653 30 is_stmt 0 view .LVU655
 2381 0568 E8D1     		bne	.L155
 2382              	.LBE591:
 662:project006.cpp ****             if(tuner_enabled)
 2383              		.loc 6 662 13 is_stmt 1 view .LVU656
 662:project006.cpp ****             if(tuner_enabled)
 2384              		.loc 6 662 51 is_stmt 0 view .LVU657
 2385 056a 7C4B     		ldr	r3, .L256+4
 2386 056c 1B68     		ldr	r3, [r3]
 2387              	.LVL193:
 663:project006.cpp ****             {
 2388              		.loc 6 663 13 is_stmt 1 view .LVU658
 2389              	.LBB594:
 2390 056e 002B     		cmp	r3, #0
 2391 0570 40F08282 		bne	.L156
 2392              	.LBB595:
 665:project006.cpp ****                 const float smooth = g_pots[1];
 2393              		.loc 6 665 17 view .LVU659
 2394              	.LBB596:
 2395              	.LBB597:
 223:project006.cpp **** 
 2396              		.loc 6 223 17 is_stmt 0 view .LVU660
 2397 0574 DFF858B2 		ldr	fp, .L256+120
 2398              	.LBE597:
 2399              	.LBE596:
 669:project006.cpp **** 
 2400              		.loc 6 669 75 view .LVU661
 2401 0578 7748     		ldr	r0, .L256
 665:project006.cpp ****                 const float smooth = g_pots[1];
 2402              		.loc 6 665 46 view .LVU662
 2403 057a 96ED00AA 		vldr.32	s20, [r6]
 2404              	.LVL194:
 666:project006.cpp **** 
 2405              		.loc 6 666 17 is_stmt 1 view .LVU663
 666:project006.cpp **** 
 2406              		.loc 6 666 46 is_stmt 0 view .LVU664
 2407 057e D6ED01AA 		vldr.32	s21, [r6, #4]
 2408              	.LVL195:
 668:project006.cpp ****                                                sens, smooth, freq_smoother);
 2409              		.loc 6 668 17 is_stmt 1 view .LVU665
 669:project006.cpp **** 
 2410              		.loc 6 669 75 is_stmt 0 view .LVU666
 2411 0582 FFF7FEFF 		bl	_ZN5daisy9DaisySeed15AudioSampleRateEv
 2412              	.LVL196:
 2413              	.LBB636:
 2414              	.LBB631:
 223:project006.cpp **** 
 2415              		.loc 6 223 17 view .LVU667
 2416 0586 0DF1540E 		add	lr, sp, #84
 2417              	.LBE631:
 2418              	.LBE636:
 669:project006.cpp **** 
 2419              		.loc 6 669 75 view .LVU668
 2420 058a B0EE40BA 		vmov.f32	s22, s0
 2421              	.LVL197:
 2422              	.LBB637:
ARM GAS  C:\Users\aydan\AppData\Local\Temp\cc21BorY.s 			page 87


 2423              	.LBI596:
 219:project006.cpp ****                                   float sens_norm, float smooth_norm,
 2424              		.loc 6 219 20 is_stmt 1 view .LVU669
 2425              	.LBB632:
 223:project006.cpp **** 
 2426              		.loc 6 223 5 view .LVU670
 226:project006.cpp ****     for(int i = 0; i < n; i++)
 2427              		.loc 6 226 11 is_stmt 0 view .LVU671
 2428 058e DFED7E7A 		vldr.32	s15, .L256+48
 223:project006.cpp **** 
 2429              		.loc 6 223 17 view .LVU672
 2430 0592 DFF838C2 		ldr	ip, .L256+116
 2431 0596 BBE80F00 		ldmia	fp!, {r0, r1, r2, r3}
 2432 059a AEE80F00 		stmia	lr!, {r0, r1, r2, r3}
 2433 059e 9BE80300 		ldm	fp, {r0, r1}
 2434 05a2 8EE80300 		stm	lr, {r0, r1}
 226:project006.cpp ****     for(int i = 0; i < n; i++)
 2435              		.loc 6 226 5 is_stmt 1 view .LVU673
 2436              	.LVL198:
 227:project006.cpp ****         mean += x[i];
 2437              		.loc 6 227 5 view .LVU674
 2438              	.LBB598:
 227:project006.cpp ****         mean += x[i];
 2439              		.loc 6 227 22 view .LVU675
 2440              	.L157:
 228:project006.cpp ****     mean /= (float)n;
 2441              		.loc 6 228 9 view .LVU676
 228:project006.cpp ****     mean /= (float)n;
 2442              		.loc 6 228 20 is_stmt 0 view .LVU677
 2443 05a6 BCEC017A 		vldmia.32	ip!, {s14}
 227:project006.cpp ****         mean += x[i];
 2444              		.loc 6 227 22 view .LVU678
 2445 05aa A445     		cmp	ip, r4
 228:project006.cpp ****     mean /= (float)n;
 2446              		.loc 6 228 14 view .LVU679
 2447 05ac 77EE877A 		vadd.f32	s15, s15, s14
 2448              	.LVL199:
 227:project006.cpp ****         mean += x[i];
 2449              		.loc 6 227 5 is_stmt 1 view .LVU680
 227:project006.cpp ****         mean += x[i];
 2450              		.loc 6 227 22 view .LVU681
 2451 05b0 F9D1     		bne	.L157
 2452              	.LBE598:
 229:project006.cpp **** 
 2453              		.loc 6 229 5 view .LVU682
 229:project006.cpp **** 
 2454              		.loc 6 229 10 is_stmt 0 view .LVU683
 2455 05b2 9FED767A 		vldr.32	s14, .L256+52
 2456 05b6 DFF81CB2 		ldr	fp, .L256+124
 2457 05ba 27EE877A 		vmul.f32	s14, s15, s14
 2458              	.LVL200:
 231:project006.cpp ****     static float xd[1024];
 2459              		.loc 6 231 5 is_stmt 1 view .LVU684
 232:project006.cpp ****     for(int i = 0; i < n; i++)
 2460              		.loc 6 232 5 view .LVU685
 233:project006.cpp ****     {
 2461              		.loc 6 233 5 view .LVU686
ARM GAS  C:\Users\aydan\AppData\Local\Temp\cc21BorY.s 			page 88


 2462              	.LBB599:
 233:project006.cpp ****     {
 2463              		.loc 6 233 22 view .LVU687
 2464              	.LBE599:
 231:project006.cpp ****     static float xd[1024];
 2465              		.loc 6 231 11 is_stmt 0 view .LVU688
 2466 05be DFED726A 		vldr.32	s13, .L256+48
 229:project006.cpp **** 
 2467              		.loc 6 229 10 view .LVU689
 2468 05c2 5B46     		mov	r3, fp
 2469              	.LVL201:
 2470              	.L158:
 2471              	.LBB600:
 235:project006.cpp ****         e += xd[i] * xd[i];
 2472              		.loc 6 235 9 is_stmt 1 view .LVU690
 235:project006.cpp ****         e += xd[i] * xd[i];
 2473              		.loc 6 235 20 is_stmt 0 view .LVU691
 2474 05c4 FAEC017A 		vldmia.32	r10!, {s15}
 235:project006.cpp ****         e += xd[i] * xd[i];
 2475              		.loc 6 235 22 view .LVU692
 2476 05c8 77EEC77A 		vsub.f32	s15, s15, s14
 233:project006.cpp ****     {
 2477              		.loc 6 233 22 view .LVU693
 2478 05cc 5445     		cmp	r4, r10
 236:project006.cpp ****     }
 2479              		.loc 6 236 11 view .LVU694
 2480 05ce E7EEA76A 		vfma.f32	s13, s15, s15
 2481              	.LVL202:
 235:project006.cpp ****         e += xd[i] * xd[i];
 2482              		.loc 6 235 15 view .LVU695
 2483 05d2 E3EC017A 		vstmia.32	r3!, {s15}
 236:project006.cpp ****     }
 2484              		.loc 6 236 9 is_stmt 1 view .LVU696
 2485              	.LVL203:
 233:project006.cpp ****     {
 2486              		.loc 6 233 5 view .LVU697
 233:project006.cpp ****     {
 2487              		.loc 6 233 22 view .LVU698
 2488 05d6 F5D1     		bne	.L158
 2489              	.LBE600:
 238:project006.cpp ****     if(rms < 0.01f)
 2490              		.loc 6 238 5 view .LVU699
 238:project006.cpp ****     if(rms < 0.01f)
 2491              		.loc 6 238 26 is_stmt 0 view .LVU700
 2492 05d8 DFED6C7A 		vldr.32	s15, .L256+52
 2493 05dc 26EEA70A 		vmul.f32	s0, s13, s15
 2494              	.LVL204:
 2495              	.LBB601:
 2496              	.LBI601:
 2497              		.file 13 "c:\\program files\\daisytoolchain\\arm-none-eabi\\include\\c++\\10.2.1\\cmath"
   1:c:\program files\daisytoolchain\arm-none-eabi\include\c++\10.2.1\cmath **** // -*- C++ -*- C forwarding header.
   2:c:\program files\daisytoolchain\arm-none-eabi\include\c++\10.2.1\cmath **** 
   3:c:\program files\daisytoolchain\arm-none-eabi\include\c++\10.2.1\cmath **** // Copyright (C) 1997-2020 Free Software Foundation, Inc.
   4:c:\program files\daisytoolchain\arm-none-eabi\include\c++\10.2.1\cmath **** //
   5:c:\program files\daisytoolchain\arm-none-eabi\include\c++\10.2.1\cmath **** // This file is part of the GNU ISO C++ Library.  This library is free
   6:c:\program files\daisytoolchain\arm-none-eabi\include\c++\10.2.1\cmath **** // software; you can redistribute it and/or modify it under the
   7:c:\program files\daisytoolchain\arm-none-eabi\include\c++\10.2.1\cmath **** // terms of the GNU General Public License as published by the
ARM GAS  C:\Users\aydan\AppData\Local\Temp\cc21BorY.s 			page 89


   8:c:\program files\daisytoolchain\arm-none-eabi\include\c++\10.2.1\cmath **** // Free Software Foundation; either version 3, or (at your option)
   9:c:\program files\daisytoolchain\arm-none-eabi\include\c++\10.2.1\cmath **** // any later version.
  10:c:\program files\daisytoolchain\arm-none-eabi\include\c++\10.2.1\cmath **** 
  11:c:\program files\daisytoolchain\arm-none-eabi\include\c++\10.2.1\cmath **** // This library is distributed in the hope that it will be useful,
  12:c:\program files\daisytoolchain\arm-none-eabi\include\c++\10.2.1\cmath **** // but WITHOUT ANY WARRANTY; without even the implied warranty of
  13:c:\program files\daisytoolchain\arm-none-eabi\include\c++\10.2.1\cmath **** // MERCHANTABILITY or FITNESS FOR A PARTICULAR PURPOSE.  See the
  14:c:\program files\daisytoolchain\arm-none-eabi\include\c++\10.2.1\cmath **** // GNU General Public License for more details.
  15:c:\program files\daisytoolchain\arm-none-eabi\include\c++\10.2.1\cmath **** 
  16:c:\program files\daisytoolchain\arm-none-eabi\include\c++\10.2.1\cmath **** // Under Section 7 of GPL version 3, you are granted additional
  17:c:\program files\daisytoolchain\arm-none-eabi\include\c++\10.2.1\cmath **** // permissions described in the GCC Runtime Library Exception, version
  18:c:\program files\daisytoolchain\arm-none-eabi\include\c++\10.2.1\cmath **** // 3.1, as published by the Free Software Foundation.
  19:c:\program files\daisytoolchain\arm-none-eabi\include\c++\10.2.1\cmath **** 
  20:c:\program files\daisytoolchain\arm-none-eabi\include\c++\10.2.1\cmath **** // You should have received a copy of the GNU General Public License and
  21:c:\program files\daisytoolchain\arm-none-eabi\include\c++\10.2.1\cmath **** // a copy of the GCC Runtime Library Exception along with this program;
  22:c:\program files\daisytoolchain\arm-none-eabi\include\c++\10.2.1\cmath **** // see the files COPYING3 and COPYING.RUNTIME respectively.  If not, see
  23:c:\program files\daisytoolchain\arm-none-eabi\include\c++\10.2.1\cmath **** // <http://www.gnu.org/licenses/>.
  24:c:\program files\daisytoolchain\arm-none-eabi\include\c++\10.2.1\cmath **** 
  25:c:\program files\daisytoolchain\arm-none-eabi\include\c++\10.2.1\cmath **** /** @file include/cmath
  26:c:\program files\daisytoolchain\arm-none-eabi\include\c++\10.2.1\cmath ****  *  This is a Standard C++ Library file.  You should @c \#include this file
  27:c:\program files\daisytoolchain\arm-none-eabi\include\c++\10.2.1\cmath ****  *  in your programs, rather than any of the @a *.h implementation files.
  28:c:\program files\daisytoolchain\arm-none-eabi\include\c++\10.2.1\cmath ****  *
  29:c:\program files\daisytoolchain\arm-none-eabi\include\c++\10.2.1\cmath ****  *  This is the C++ version of the Standard C Library header @c math.h,
  30:c:\program files\daisytoolchain\arm-none-eabi\include\c++\10.2.1\cmath ****  *  and its contents are (mostly) the same as that header, but are all
  31:c:\program files\daisytoolchain\arm-none-eabi\include\c++\10.2.1\cmath ****  *  contained in the namespace @c std (except for names which are defined
  32:c:\program files\daisytoolchain\arm-none-eabi\include\c++\10.2.1\cmath ****  *  as macros in C).
  33:c:\program files\daisytoolchain\arm-none-eabi\include\c++\10.2.1\cmath ****  */
  34:c:\program files\daisytoolchain\arm-none-eabi\include\c++\10.2.1\cmath **** 
  35:c:\program files\daisytoolchain\arm-none-eabi\include\c++\10.2.1\cmath **** //
  36:c:\program files\daisytoolchain\arm-none-eabi\include\c++\10.2.1\cmath **** // ISO C++ 14882: 26.5  C library
  37:c:\program files\daisytoolchain\arm-none-eabi\include\c++\10.2.1\cmath **** //
  38:c:\program files\daisytoolchain\arm-none-eabi\include\c++\10.2.1\cmath **** 
  39:c:\program files\daisytoolchain\arm-none-eabi\include\c++\10.2.1\cmath **** #pragma GCC system_header
  40:c:\program files\daisytoolchain\arm-none-eabi\include\c++\10.2.1\cmath **** 
  41:c:\program files\daisytoolchain\arm-none-eabi\include\c++\10.2.1\cmath **** #include <bits/c++config.h>
  42:c:\program files\daisytoolchain\arm-none-eabi\include\c++\10.2.1\cmath **** #include <bits/cpp_type_traits.h>
  43:c:\program files\daisytoolchain\arm-none-eabi\include\c++\10.2.1\cmath **** #include <ext/type_traits.h>
  44:c:\program files\daisytoolchain\arm-none-eabi\include\c++\10.2.1\cmath **** #define _GLIBCXX_INCLUDE_NEXT_C_HEADERS
  45:c:\program files\daisytoolchain\arm-none-eabi\include\c++\10.2.1\cmath **** #include_next <math.h>
  46:c:\program files\daisytoolchain\arm-none-eabi\include\c++\10.2.1\cmath **** #undef _GLIBCXX_INCLUDE_NEXT_C_HEADERS
  47:c:\program files\daisytoolchain\arm-none-eabi\include\c++\10.2.1\cmath **** #include <bits/std_abs.h>
  48:c:\program files\daisytoolchain\arm-none-eabi\include\c++\10.2.1\cmath **** 
  49:c:\program files\daisytoolchain\arm-none-eabi\include\c++\10.2.1\cmath **** #ifndef _GLIBCXX_CMATH
  50:c:\program files\daisytoolchain\arm-none-eabi\include\c++\10.2.1\cmath **** #define _GLIBCXX_CMATH 1
  51:c:\program files\daisytoolchain\arm-none-eabi\include\c++\10.2.1\cmath **** 
  52:c:\program files\daisytoolchain\arm-none-eabi\include\c++\10.2.1\cmath **** // Get rid of those macros defined in <math.h> in lieu of real functions.
  53:c:\program files\daisytoolchain\arm-none-eabi\include\c++\10.2.1\cmath **** #undef div
  54:c:\program files\daisytoolchain\arm-none-eabi\include\c++\10.2.1\cmath **** #undef acos
  55:c:\program files\daisytoolchain\arm-none-eabi\include\c++\10.2.1\cmath **** #undef asin
  56:c:\program files\daisytoolchain\arm-none-eabi\include\c++\10.2.1\cmath **** #undef atan
  57:c:\program files\daisytoolchain\arm-none-eabi\include\c++\10.2.1\cmath **** #undef atan2
  58:c:\program files\daisytoolchain\arm-none-eabi\include\c++\10.2.1\cmath **** #undef ceil
  59:c:\program files\daisytoolchain\arm-none-eabi\include\c++\10.2.1\cmath **** #undef cos
  60:c:\program files\daisytoolchain\arm-none-eabi\include\c++\10.2.1\cmath **** #undef cosh
  61:c:\program files\daisytoolchain\arm-none-eabi\include\c++\10.2.1\cmath **** #undef exp
  62:c:\program files\daisytoolchain\arm-none-eabi\include\c++\10.2.1\cmath **** #undef fabs
  63:c:\program files\daisytoolchain\arm-none-eabi\include\c++\10.2.1\cmath **** #undef floor
  64:c:\program files\daisytoolchain\arm-none-eabi\include\c++\10.2.1\cmath **** #undef fmod
ARM GAS  C:\Users\aydan\AppData\Local\Temp\cc21BorY.s 			page 90


  65:c:\program files\daisytoolchain\arm-none-eabi\include\c++\10.2.1\cmath **** #undef frexp
  66:c:\program files\daisytoolchain\arm-none-eabi\include\c++\10.2.1\cmath **** #undef ldexp
  67:c:\program files\daisytoolchain\arm-none-eabi\include\c++\10.2.1\cmath **** #undef log
  68:c:\program files\daisytoolchain\arm-none-eabi\include\c++\10.2.1\cmath **** #undef log10
  69:c:\program files\daisytoolchain\arm-none-eabi\include\c++\10.2.1\cmath **** #undef modf
  70:c:\program files\daisytoolchain\arm-none-eabi\include\c++\10.2.1\cmath **** #undef pow
  71:c:\program files\daisytoolchain\arm-none-eabi\include\c++\10.2.1\cmath **** #undef sin
  72:c:\program files\daisytoolchain\arm-none-eabi\include\c++\10.2.1\cmath **** #undef sinh
  73:c:\program files\daisytoolchain\arm-none-eabi\include\c++\10.2.1\cmath **** #undef sqrt
  74:c:\program files\daisytoolchain\arm-none-eabi\include\c++\10.2.1\cmath **** #undef tan
  75:c:\program files\daisytoolchain\arm-none-eabi\include\c++\10.2.1\cmath **** #undef tanh
  76:c:\program files\daisytoolchain\arm-none-eabi\include\c++\10.2.1\cmath **** 
  77:c:\program files\daisytoolchain\arm-none-eabi\include\c++\10.2.1\cmath **** extern "C++"
  78:c:\program files\daisytoolchain\arm-none-eabi\include\c++\10.2.1\cmath **** {
  79:c:\program files\daisytoolchain\arm-none-eabi\include\c++\10.2.1\cmath **** namespace std _GLIBCXX_VISIBILITY(default)
  80:c:\program files\daisytoolchain\arm-none-eabi\include\c++\10.2.1\cmath **** {
  81:c:\program files\daisytoolchain\arm-none-eabi\include\c++\10.2.1\cmath **** _GLIBCXX_BEGIN_NAMESPACE_VERSION
  82:c:\program files\daisytoolchain\arm-none-eabi\include\c++\10.2.1\cmath **** 
  83:c:\program files\daisytoolchain\arm-none-eabi\include\c++\10.2.1\cmath ****   using ::acos;
  84:c:\program files\daisytoolchain\arm-none-eabi\include\c++\10.2.1\cmath **** 
  85:c:\program files\daisytoolchain\arm-none-eabi\include\c++\10.2.1\cmath **** #ifndef __CORRECT_ISO_CPP_MATH_H_PROTO
  86:c:\program files\daisytoolchain\arm-none-eabi\include\c++\10.2.1\cmath ****   inline _GLIBCXX_CONSTEXPR float
  87:c:\program files\daisytoolchain\arm-none-eabi\include\c++\10.2.1\cmath ****   acos(float __x)
  88:c:\program files\daisytoolchain\arm-none-eabi\include\c++\10.2.1\cmath ****   { return __builtin_acosf(__x); }
  89:c:\program files\daisytoolchain\arm-none-eabi\include\c++\10.2.1\cmath **** 
  90:c:\program files\daisytoolchain\arm-none-eabi\include\c++\10.2.1\cmath ****   inline _GLIBCXX_CONSTEXPR long double
  91:c:\program files\daisytoolchain\arm-none-eabi\include\c++\10.2.1\cmath ****   acos(long double __x)
  92:c:\program files\daisytoolchain\arm-none-eabi\include\c++\10.2.1\cmath ****   { return __builtin_acosl(__x); }
  93:c:\program files\daisytoolchain\arm-none-eabi\include\c++\10.2.1\cmath **** #endif
  94:c:\program files\daisytoolchain\arm-none-eabi\include\c++\10.2.1\cmath **** 
  95:c:\program files\daisytoolchain\arm-none-eabi\include\c++\10.2.1\cmath ****   template<typename _Tp>
  96:c:\program files\daisytoolchain\arm-none-eabi\include\c++\10.2.1\cmath ****     inline _GLIBCXX_CONSTEXPR
  97:c:\program files\daisytoolchain\arm-none-eabi\include\c++\10.2.1\cmath ****     typename __gnu_cxx::__enable_if<__is_integer<_Tp>::__value, 
  98:c:\program files\daisytoolchain\arm-none-eabi\include\c++\10.2.1\cmath ****                                     double>::__type
  99:c:\program files\daisytoolchain\arm-none-eabi\include\c++\10.2.1\cmath ****     acos(_Tp __x)
 100:c:\program files\daisytoolchain\arm-none-eabi\include\c++\10.2.1\cmath ****     { return __builtin_acos(__x); }
 101:c:\program files\daisytoolchain\arm-none-eabi\include\c++\10.2.1\cmath **** 
 102:c:\program files\daisytoolchain\arm-none-eabi\include\c++\10.2.1\cmath ****   using ::asin;
 103:c:\program files\daisytoolchain\arm-none-eabi\include\c++\10.2.1\cmath **** 
 104:c:\program files\daisytoolchain\arm-none-eabi\include\c++\10.2.1\cmath **** #ifndef __CORRECT_ISO_CPP_MATH_H_PROTO
 105:c:\program files\daisytoolchain\arm-none-eabi\include\c++\10.2.1\cmath ****   inline _GLIBCXX_CONSTEXPR float
 106:c:\program files\daisytoolchain\arm-none-eabi\include\c++\10.2.1\cmath ****   asin(float __x)
 107:c:\program files\daisytoolchain\arm-none-eabi\include\c++\10.2.1\cmath ****   { return __builtin_asinf(__x); }
 108:c:\program files\daisytoolchain\arm-none-eabi\include\c++\10.2.1\cmath **** 
 109:c:\program files\daisytoolchain\arm-none-eabi\include\c++\10.2.1\cmath ****   inline _GLIBCXX_CONSTEXPR long double
 110:c:\program files\daisytoolchain\arm-none-eabi\include\c++\10.2.1\cmath ****   asin(long double __x)
 111:c:\program files\daisytoolchain\arm-none-eabi\include\c++\10.2.1\cmath ****   { return __builtin_asinl(__x); }
 112:c:\program files\daisytoolchain\arm-none-eabi\include\c++\10.2.1\cmath **** #endif
 113:c:\program files\daisytoolchain\arm-none-eabi\include\c++\10.2.1\cmath **** 
 114:c:\program files\daisytoolchain\arm-none-eabi\include\c++\10.2.1\cmath ****   template<typename _Tp>
 115:c:\program files\daisytoolchain\arm-none-eabi\include\c++\10.2.1\cmath ****     inline _GLIBCXX_CONSTEXPR
 116:c:\program files\daisytoolchain\arm-none-eabi\include\c++\10.2.1\cmath ****     typename __gnu_cxx::__enable_if<__is_integer<_Tp>::__value,
 117:c:\program files\daisytoolchain\arm-none-eabi\include\c++\10.2.1\cmath ****                                     double>::__type
 118:c:\program files\daisytoolchain\arm-none-eabi\include\c++\10.2.1\cmath ****     asin(_Tp __x)
 119:c:\program files\daisytoolchain\arm-none-eabi\include\c++\10.2.1\cmath ****     { return __builtin_asin(__x); }
 120:c:\program files\daisytoolchain\arm-none-eabi\include\c++\10.2.1\cmath **** 
 121:c:\program files\daisytoolchain\arm-none-eabi\include\c++\10.2.1\cmath ****   using ::atan;
ARM GAS  C:\Users\aydan\AppData\Local\Temp\cc21BorY.s 			page 91


 122:c:\program files\daisytoolchain\arm-none-eabi\include\c++\10.2.1\cmath **** 
 123:c:\program files\daisytoolchain\arm-none-eabi\include\c++\10.2.1\cmath **** #ifndef __CORRECT_ISO_CPP_MATH_H_PROTO
 124:c:\program files\daisytoolchain\arm-none-eabi\include\c++\10.2.1\cmath ****   inline _GLIBCXX_CONSTEXPR float
 125:c:\program files\daisytoolchain\arm-none-eabi\include\c++\10.2.1\cmath ****   atan(float __x)
 126:c:\program files\daisytoolchain\arm-none-eabi\include\c++\10.2.1\cmath ****   { return __builtin_atanf(__x); }
 127:c:\program files\daisytoolchain\arm-none-eabi\include\c++\10.2.1\cmath **** 
 128:c:\program files\daisytoolchain\arm-none-eabi\include\c++\10.2.1\cmath ****   inline _GLIBCXX_CONSTEXPR long double
 129:c:\program files\daisytoolchain\arm-none-eabi\include\c++\10.2.1\cmath ****   atan(long double __x)
 130:c:\program files\daisytoolchain\arm-none-eabi\include\c++\10.2.1\cmath ****   { return __builtin_atanl(__x); }
 131:c:\program files\daisytoolchain\arm-none-eabi\include\c++\10.2.1\cmath **** #endif
 132:c:\program files\daisytoolchain\arm-none-eabi\include\c++\10.2.1\cmath **** 
 133:c:\program files\daisytoolchain\arm-none-eabi\include\c++\10.2.1\cmath ****   template<typename _Tp>
 134:c:\program files\daisytoolchain\arm-none-eabi\include\c++\10.2.1\cmath ****     inline _GLIBCXX_CONSTEXPR
 135:c:\program files\daisytoolchain\arm-none-eabi\include\c++\10.2.1\cmath ****     typename __gnu_cxx::__enable_if<__is_integer<_Tp>::__value,
 136:c:\program files\daisytoolchain\arm-none-eabi\include\c++\10.2.1\cmath ****                                     double>::__type
 137:c:\program files\daisytoolchain\arm-none-eabi\include\c++\10.2.1\cmath ****     atan(_Tp __x)
 138:c:\program files\daisytoolchain\arm-none-eabi\include\c++\10.2.1\cmath ****     { return __builtin_atan(__x); }
 139:c:\program files\daisytoolchain\arm-none-eabi\include\c++\10.2.1\cmath **** 
 140:c:\program files\daisytoolchain\arm-none-eabi\include\c++\10.2.1\cmath ****   using ::atan2;
 141:c:\program files\daisytoolchain\arm-none-eabi\include\c++\10.2.1\cmath **** 
 142:c:\program files\daisytoolchain\arm-none-eabi\include\c++\10.2.1\cmath **** #ifndef __CORRECT_ISO_CPP_MATH_H_PROTO
 143:c:\program files\daisytoolchain\arm-none-eabi\include\c++\10.2.1\cmath ****   inline _GLIBCXX_CONSTEXPR float
 144:c:\program files\daisytoolchain\arm-none-eabi\include\c++\10.2.1\cmath ****   atan2(float __y, float __x)
 145:c:\program files\daisytoolchain\arm-none-eabi\include\c++\10.2.1\cmath ****   { return __builtin_atan2f(__y, __x); }
 146:c:\program files\daisytoolchain\arm-none-eabi\include\c++\10.2.1\cmath **** 
 147:c:\program files\daisytoolchain\arm-none-eabi\include\c++\10.2.1\cmath ****   inline _GLIBCXX_CONSTEXPR long double
 148:c:\program files\daisytoolchain\arm-none-eabi\include\c++\10.2.1\cmath ****   atan2(long double __y, long double __x)
 149:c:\program files\daisytoolchain\arm-none-eabi\include\c++\10.2.1\cmath ****   { return __builtin_atan2l(__y, __x); }
 150:c:\program files\daisytoolchain\arm-none-eabi\include\c++\10.2.1\cmath **** #endif
 151:c:\program files\daisytoolchain\arm-none-eabi\include\c++\10.2.1\cmath **** 
 152:c:\program files\daisytoolchain\arm-none-eabi\include\c++\10.2.1\cmath ****   template<typename _Tp, typename _Up>
 153:c:\program files\daisytoolchain\arm-none-eabi\include\c++\10.2.1\cmath ****     inline _GLIBCXX_CONSTEXPR
 154:c:\program files\daisytoolchain\arm-none-eabi\include\c++\10.2.1\cmath ****     typename __gnu_cxx::__promote_2<_Tp, _Up>::__type
 155:c:\program files\daisytoolchain\arm-none-eabi\include\c++\10.2.1\cmath ****     atan2(_Tp __y, _Up __x)
 156:c:\program files\daisytoolchain\arm-none-eabi\include\c++\10.2.1\cmath ****     {
 157:c:\program files\daisytoolchain\arm-none-eabi\include\c++\10.2.1\cmath ****       typedef typename __gnu_cxx::__promote_2<_Tp, _Up>::__type __type;
 158:c:\program files\daisytoolchain\arm-none-eabi\include\c++\10.2.1\cmath ****       return atan2(__type(__y), __type(__x));
 159:c:\program files\daisytoolchain\arm-none-eabi\include\c++\10.2.1\cmath ****     }
 160:c:\program files\daisytoolchain\arm-none-eabi\include\c++\10.2.1\cmath **** 
 161:c:\program files\daisytoolchain\arm-none-eabi\include\c++\10.2.1\cmath ****   using ::ceil;
 162:c:\program files\daisytoolchain\arm-none-eabi\include\c++\10.2.1\cmath **** 
 163:c:\program files\daisytoolchain\arm-none-eabi\include\c++\10.2.1\cmath **** #ifndef __CORRECT_ISO_CPP_MATH_H_PROTO
 164:c:\program files\daisytoolchain\arm-none-eabi\include\c++\10.2.1\cmath ****   inline _GLIBCXX_CONSTEXPR float
 165:c:\program files\daisytoolchain\arm-none-eabi\include\c++\10.2.1\cmath ****   ceil(float __x)
 166:c:\program files\daisytoolchain\arm-none-eabi\include\c++\10.2.1\cmath ****   { return __builtin_ceilf(__x); }
 167:c:\program files\daisytoolchain\arm-none-eabi\include\c++\10.2.1\cmath **** 
 168:c:\program files\daisytoolchain\arm-none-eabi\include\c++\10.2.1\cmath ****   inline _GLIBCXX_CONSTEXPR long double
 169:c:\program files\daisytoolchain\arm-none-eabi\include\c++\10.2.1\cmath ****   ceil(long double __x)
 170:c:\program files\daisytoolchain\arm-none-eabi\include\c++\10.2.1\cmath ****   { return __builtin_ceill(__x); }
 171:c:\program files\daisytoolchain\arm-none-eabi\include\c++\10.2.1\cmath **** #endif
 172:c:\program files\daisytoolchain\arm-none-eabi\include\c++\10.2.1\cmath **** 
 173:c:\program files\daisytoolchain\arm-none-eabi\include\c++\10.2.1\cmath ****   template<typename _Tp>
 174:c:\program files\daisytoolchain\arm-none-eabi\include\c++\10.2.1\cmath ****     inline _GLIBCXX_CONSTEXPR
 175:c:\program files\daisytoolchain\arm-none-eabi\include\c++\10.2.1\cmath ****     typename __gnu_cxx::__enable_if<__is_integer<_Tp>::__value, 
 176:c:\program files\daisytoolchain\arm-none-eabi\include\c++\10.2.1\cmath ****                                     double>::__type
 177:c:\program files\daisytoolchain\arm-none-eabi\include\c++\10.2.1\cmath ****     ceil(_Tp __x)
 178:c:\program files\daisytoolchain\arm-none-eabi\include\c++\10.2.1\cmath ****     { return __builtin_ceil(__x); }
ARM GAS  C:\Users\aydan\AppData\Local\Temp\cc21BorY.s 			page 92


 179:c:\program files\daisytoolchain\arm-none-eabi\include\c++\10.2.1\cmath **** 
 180:c:\program files\daisytoolchain\arm-none-eabi\include\c++\10.2.1\cmath ****   using ::cos;
 181:c:\program files\daisytoolchain\arm-none-eabi\include\c++\10.2.1\cmath **** 
 182:c:\program files\daisytoolchain\arm-none-eabi\include\c++\10.2.1\cmath **** #ifndef __CORRECT_ISO_CPP_MATH_H_PROTO
 183:c:\program files\daisytoolchain\arm-none-eabi\include\c++\10.2.1\cmath ****   inline _GLIBCXX_CONSTEXPR float
 184:c:\program files\daisytoolchain\arm-none-eabi\include\c++\10.2.1\cmath ****   cos(float __x)
 185:c:\program files\daisytoolchain\arm-none-eabi\include\c++\10.2.1\cmath ****   { return __builtin_cosf(__x); }
 186:c:\program files\daisytoolchain\arm-none-eabi\include\c++\10.2.1\cmath **** 
 187:c:\program files\daisytoolchain\arm-none-eabi\include\c++\10.2.1\cmath ****   inline _GLIBCXX_CONSTEXPR long double
 188:c:\program files\daisytoolchain\arm-none-eabi\include\c++\10.2.1\cmath ****   cos(long double __x)
 189:c:\program files\daisytoolchain\arm-none-eabi\include\c++\10.2.1\cmath ****   { return __builtin_cosl(__x); }
 190:c:\program files\daisytoolchain\arm-none-eabi\include\c++\10.2.1\cmath **** #endif
 191:c:\program files\daisytoolchain\arm-none-eabi\include\c++\10.2.1\cmath **** 
 192:c:\program files\daisytoolchain\arm-none-eabi\include\c++\10.2.1\cmath ****   template<typename _Tp>
 193:c:\program files\daisytoolchain\arm-none-eabi\include\c++\10.2.1\cmath ****     inline _GLIBCXX_CONSTEXPR
 194:c:\program files\daisytoolchain\arm-none-eabi\include\c++\10.2.1\cmath ****     typename __gnu_cxx::__enable_if<__is_integer<_Tp>::__value,
 195:c:\program files\daisytoolchain\arm-none-eabi\include\c++\10.2.1\cmath ****                                     double>::__type
 196:c:\program files\daisytoolchain\arm-none-eabi\include\c++\10.2.1\cmath ****     cos(_Tp __x)
 197:c:\program files\daisytoolchain\arm-none-eabi\include\c++\10.2.1\cmath ****     { return __builtin_cos(__x); }
 198:c:\program files\daisytoolchain\arm-none-eabi\include\c++\10.2.1\cmath **** 
 199:c:\program files\daisytoolchain\arm-none-eabi\include\c++\10.2.1\cmath ****   using ::cosh;
 200:c:\program files\daisytoolchain\arm-none-eabi\include\c++\10.2.1\cmath **** 
 201:c:\program files\daisytoolchain\arm-none-eabi\include\c++\10.2.1\cmath **** #ifndef __CORRECT_ISO_CPP_MATH_H_PROTO
 202:c:\program files\daisytoolchain\arm-none-eabi\include\c++\10.2.1\cmath ****   inline _GLIBCXX_CONSTEXPR float
 203:c:\program files\daisytoolchain\arm-none-eabi\include\c++\10.2.1\cmath ****   cosh(float __x)
 204:c:\program files\daisytoolchain\arm-none-eabi\include\c++\10.2.1\cmath ****   { return __builtin_coshf(__x); }
 205:c:\program files\daisytoolchain\arm-none-eabi\include\c++\10.2.1\cmath **** 
 206:c:\program files\daisytoolchain\arm-none-eabi\include\c++\10.2.1\cmath ****   inline _GLIBCXX_CONSTEXPR long double
 207:c:\program files\daisytoolchain\arm-none-eabi\include\c++\10.2.1\cmath ****   cosh(long double __x)
 208:c:\program files\daisytoolchain\arm-none-eabi\include\c++\10.2.1\cmath ****   { return __builtin_coshl(__x); }
 209:c:\program files\daisytoolchain\arm-none-eabi\include\c++\10.2.1\cmath **** #endif
 210:c:\program files\daisytoolchain\arm-none-eabi\include\c++\10.2.1\cmath **** 
 211:c:\program files\daisytoolchain\arm-none-eabi\include\c++\10.2.1\cmath ****   template<typename _Tp>
 212:c:\program files\daisytoolchain\arm-none-eabi\include\c++\10.2.1\cmath ****     inline _GLIBCXX_CONSTEXPR
 213:c:\program files\daisytoolchain\arm-none-eabi\include\c++\10.2.1\cmath ****     typename __gnu_cxx::__enable_if<__is_integer<_Tp>::__value,
 214:c:\program files\daisytoolchain\arm-none-eabi\include\c++\10.2.1\cmath ****                                     double>::__type
 215:c:\program files\daisytoolchain\arm-none-eabi\include\c++\10.2.1\cmath ****     cosh(_Tp __x)
 216:c:\program files\daisytoolchain\arm-none-eabi\include\c++\10.2.1\cmath ****     { return __builtin_cosh(__x); }
 217:c:\program files\daisytoolchain\arm-none-eabi\include\c++\10.2.1\cmath **** 
 218:c:\program files\daisytoolchain\arm-none-eabi\include\c++\10.2.1\cmath ****   using ::exp;
 219:c:\program files\daisytoolchain\arm-none-eabi\include\c++\10.2.1\cmath **** 
 220:c:\program files\daisytoolchain\arm-none-eabi\include\c++\10.2.1\cmath **** #ifndef __CORRECT_ISO_CPP_MATH_H_PROTO
 221:c:\program files\daisytoolchain\arm-none-eabi\include\c++\10.2.1\cmath ****   inline _GLIBCXX_CONSTEXPR float
 222:c:\program files\daisytoolchain\arm-none-eabi\include\c++\10.2.1\cmath ****   exp(float __x)
 223:c:\program files\daisytoolchain\arm-none-eabi\include\c++\10.2.1\cmath ****   { return __builtin_expf(__x); }
 224:c:\program files\daisytoolchain\arm-none-eabi\include\c++\10.2.1\cmath **** 
 225:c:\program files\daisytoolchain\arm-none-eabi\include\c++\10.2.1\cmath ****   inline _GLIBCXX_CONSTEXPR long double
 226:c:\program files\daisytoolchain\arm-none-eabi\include\c++\10.2.1\cmath ****   exp(long double __x)
 227:c:\program files\daisytoolchain\arm-none-eabi\include\c++\10.2.1\cmath ****   { return __builtin_expl(__x); }
 228:c:\program files\daisytoolchain\arm-none-eabi\include\c++\10.2.1\cmath **** #endif
 229:c:\program files\daisytoolchain\arm-none-eabi\include\c++\10.2.1\cmath **** 
 230:c:\program files\daisytoolchain\arm-none-eabi\include\c++\10.2.1\cmath ****   template<typename _Tp>
 231:c:\program files\daisytoolchain\arm-none-eabi\include\c++\10.2.1\cmath ****     inline _GLIBCXX_CONSTEXPR
 232:c:\program files\daisytoolchain\arm-none-eabi\include\c++\10.2.1\cmath ****     typename __gnu_cxx::__enable_if<__is_integer<_Tp>::__value,
 233:c:\program files\daisytoolchain\arm-none-eabi\include\c++\10.2.1\cmath ****                                     double>::__type
 234:c:\program files\daisytoolchain\arm-none-eabi\include\c++\10.2.1\cmath ****     exp(_Tp __x)
 235:c:\program files\daisytoolchain\arm-none-eabi\include\c++\10.2.1\cmath ****     { return __builtin_exp(__x); }
ARM GAS  C:\Users\aydan\AppData\Local\Temp\cc21BorY.s 			page 93


 236:c:\program files\daisytoolchain\arm-none-eabi\include\c++\10.2.1\cmath **** 
 237:c:\program files\daisytoolchain\arm-none-eabi\include\c++\10.2.1\cmath ****   using ::fabs;
 238:c:\program files\daisytoolchain\arm-none-eabi\include\c++\10.2.1\cmath **** 
 239:c:\program files\daisytoolchain\arm-none-eabi\include\c++\10.2.1\cmath **** #ifndef __CORRECT_ISO_CPP_MATH_H_PROTO
 240:c:\program files\daisytoolchain\arm-none-eabi\include\c++\10.2.1\cmath ****   inline _GLIBCXX_CONSTEXPR float
 241:c:\program files\daisytoolchain\arm-none-eabi\include\c++\10.2.1\cmath ****   fabs(float __x)
 242:c:\program files\daisytoolchain\arm-none-eabi\include\c++\10.2.1\cmath ****   { return __builtin_fabsf(__x); }
 243:c:\program files\daisytoolchain\arm-none-eabi\include\c++\10.2.1\cmath **** 
 244:c:\program files\daisytoolchain\arm-none-eabi\include\c++\10.2.1\cmath ****   inline _GLIBCXX_CONSTEXPR long double
 245:c:\program files\daisytoolchain\arm-none-eabi\include\c++\10.2.1\cmath ****   fabs(long double __x)
 246:c:\program files\daisytoolchain\arm-none-eabi\include\c++\10.2.1\cmath ****   { return __builtin_fabsl(__x); }
 247:c:\program files\daisytoolchain\arm-none-eabi\include\c++\10.2.1\cmath **** #endif
 248:c:\program files\daisytoolchain\arm-none-eabi\include\c++\10.2.1\cmath **** 
 249:c:\program files\daisytoolchain\arm-none-eabi\include\c++\10.2.1\cmath ****   template<typename _Tp>
 250:c:\program files\daisytoolchain\arm-none-eabi\include\c++\10.2.1\cmath ****     inline _GLIBCXX_CONSTEXPR
 251:c:\program files\daisytoolchain\arm-none-eabi\include\c++\10.2.1\cmath ****     typename __gnu_cxx::__enable_if<__is_integer<_Tp>::__value,
 252:c:\program files\daisytoolchain\arm-none-eabi\include\c++\10.2.1\cmath ****                                     double>::__type
 253:c:\program files\daisytoolchain\arm-none-eabi\include\c++\10.2.1\cmath ****     fabs(_Tp __x)
 254:c:\program files\daisytoolchain\arm-none-eabi\include\c++\10.2.1\cmath ****     { return __builtin_fabs(__x); }
 255:c:\program files\daisytoolchain\arm-none-eabi\include\c++\10.2.1\cmath **** 
 256:c:\program files\daisytoolchain\arm-none-eabi\include\c++\10.2.1\cmath ****   using ::floor;
 257:c:\program files\daisytoolchain\arm-none-eabi\include\c++\10.2.1\cmath **** 
 258:c:\program files\daisytoolchain\arm-none-eabi\include\c++\10.2.1\cmath **** #ifndef __CORRECT_ISO_CPP_MATH_H_PROTO
 259:c:\program files\daisytoolchain\arm-none-eabi\include\c++\10.2.1\cmath ****   inline _GLIBCXX_CONSTEXPR float
 260:c:\program files\daisytoolchain\arm-none-eabi\include\c++\10.2.1\cmath ****   floor(float __x)
 261:c:\program files\daisytoolchain\arm-none-eabi\include\c++\10.2.1\cmath ****   { return __builtin_floorf(__x); }
 262:c:\program files\daisytoolchain\arm-none-eabi\include\c++\10.2.1\cmath **** 
 263:c:\program files\daisytoolchain\arm-none-eabi\include\c++\10.2.1\cmath ****   inline _GLIBCXX_CONSTEXPR long double
 264:c:\program files\daisytoolchain\arm-none-eabi\include\c++\10.2.1\cmath ****   floor(long double __x)
 265:c:\program files\daisytoolchain\arm-none-eabi\include\c++\10.2.1\cmath ****   { return __builtin_floorl(__x); }
 266:c:\program files\daisytoolchain\arm-none-eabi\include\c++\10.2.1\cmath **** #endif
 267:c:\program files\daisytoolchain\arm-none-eabi\include\c++\10.2.1\cmath **** 
 268:c:\program files\daisytoolchain\arm-none-eabi\include\c++\10.2.1\cmath ****   template<typename _Tp>
 269:c:\program files\daisytoolchain\arm-none-eabi\include\c++\10.2.1\cmath ****     inline _GLIBCXX_CONSTEXPR
 270:c:\program files\daisytoolchain\arm-none-eabi\include\c++\10.2.1\cmath ****     typename __gnu_cxx::__enable_if<__is_integer<_Tp>::__value,
 271:c:\program files\daisytoolchain\arm-none-eabi\include\c++\10.2.1\cmath ****                                     double>::__type
 272:c:\program files\daisytoolchain\arm-none-eabi\include\c++\10.2.1\cmath ****     floor(_Tp __x)
 273:c:\program files\daisytoolchain\arm-none-eabi\include\c++\10.2.1\cmath ****     { return __builtin_floor(__x); }
 274:c:\program files\daisytoolchain\arm-none-eabi\include\c++\10.2.1\cmath **** 
 275:c:\program files\daisytoolchain\arm-none-eabi\include\c++\10.2.1\cmath ****   using ::fmod;
 276:c:\program files\daisytoolchain\arm-none-eabi\include\c++\10.2.1\cmath **** 
 277:c:\program files\daisytoolchain\arm-none-eabi\include\c++\10.2.1\cmath **** #ifndef __CORRECT_ISO_CPP_MATH_H_PROTO
 278:c:\program files\daisytoolchain\arm-none-eabi\include\c++\10.2.1\cmath ****   inline _GLIBCXX_CONSTEXPR float
 279:c:\program files\daisytoolchain\arm-none-eabi\include\c++\10.2.1\cmath ****   fmod(float __x, float __y)
 280:c:\program files\daisytoolchain\arm-none-eabi\include\c++\10.2.1\cmath ****   { return __builtin_fmodf(__x, __y); }
 281:c:\program files\daisytoolchain\arm-none-eabi\include\c++\10.2.1\cmath **** 
 282:c:\program files\daisytoolchain\arm-none-eabi\include\c++\10.2.1\cmath ****   inline _GLIBCXX_CONSTEXPR long double
 283:c:\program files\daisytoolchain\arm-none-eabi\include\c++\10.2.1\cmath ****   fmod(long double __x, long double __y)
 284:c:\program files\daisytoolchain\arm-none-eabi\include\c++\10.2.1\cmath ****   { return __builtin_fmodl(__x, __y); }
 285:c:\program files\daisytoolchain\arm-none-eabi\include\c++\10.2.1\cmath **** #endif
 286:c:\program files\daisytoolchain\arm-none-eabi\include\c++\10.2.1\cmath **** 
 287:c:\program files\daisytoolchain\arm-none-eabi\include\c++\10.2.1\cmath ****   template<typename _Tp, typename _Up>
 288:c:\program files\daisytoolchain\arm-none-eabi\include\c++\10.2.1\cmath ****     inline _GLIBCXX_CONSTEXPR
 289:c:\program files\daisytoolchain\arm-none-eabi\include\c++\10.2.1\cmath ****     typename __gnu_cxx::__promote_2<_Tp, _Up>::__type
 290:c:\program files\daisytoolchain\arm-none-eabi\include\c++\10.2.1\cmath ****     fmod(_Tp __x, _Up __y)
 291:c:\program files\daisytoolchain\arm-none-eabi\include\c++\10.2.1\cmath ****     {
 292:c:\program files\daisytoolchain\arm-none-eabi\include\c++\10.2.1\cmath ****       typedef typename __gnu_cxx::__promote_2<_Tp, _Up>::__type __type;
ARM GAS  C:\Users\aydan\AppData\Local\Temp\cc21BorY.s 			page 94


 293:c:\program files\daisytoolchain\arm-none-eabi\include\c++\10.2.1\cmath ****       return fmod(__type(__x), __type(__y));
 294:c:\program files\daisytoolchain\arm-none-eabi\include\c++\10.2.1\cmath ****     }
 295:c:\program files\daisytoolchain\arm-none-eabi\include\c++\10.2.1\cmath **** 
 296:c:\program files\daisytoolchain\arm-none-eabi\include\c++\10.2.1\cmath ****   using ::frexp;
 297:c:\program files\daisytoolchain\arm-none-eabi\include\c++\10.2.1\cmath **** 
 298:c:\program files\daisytoolchain\arm-none-eabi\include\c++\10.2.1\cmath **** #ifndef __CORRECT_ISO_CPP_MATH_H_PROTO
 299:c:\program files\daisytoolchain\arm-none-eabi\include\c++\10.2.1\cmath ****   inline float
 300:c:\program files\daisytoolchain\arm-none-eabi\include\c++\10.2.1\cmath ****   frexp(float __x, int* __exp)
 301:c:\program files\daisytoolchain\arm-none-eabi\include\c++\10.2.1\cmath ****   { return __builtin_frexpf(__x, __exp); }
 302:c:\program files\daisytoolchain\arm-none-eabi\include\c++\10.2.1\cmath **** 
 303:c:\program files\daisytoolchain\arm-none-eabi\include\c++\10.2.1\cmath ****   inline long double
 304:c:\program files\daisytoolchain\arm-none-eabi\include\c++\10.2.1\cmath ****   frexp(long double __x, int* __exp)
 305:c:\program files\daisytoolchain\arm-none-eabi\include\c++\10.2.1\cmath ****   { return __builtin_frexpl(__x, __exp); }
 306:c:\program files\daisytoolchain\arm-none-eabi\include\c++\10.2.1\cmath **** #endif
 307:c:\program files\daisytoolchain\arm-none-eabi\include\c++\10.2.1\cmath **** 
 308:c:\program files\daisytoolchain\arm-none-eabi\include\c++\10.2.1\cmath ****   template<typename _Tp>
 309:c:\program files\daisytoolchain\arm-none-eabi\include\c++\10.2.1\cmath ****     inline _GLIBCXX_CONSTEXPR
 310:c:\program files\daisytoolchain\arm-none-eabi\include\c++\10.2.1\cmath ****     typename __gnu_cxx::__enable_if<__is_integer<_Tp>::__value, 
 311:c:\program files\daisytoolchain\arm-none-eabi\include\c++\10.2.1\cmath ****                                     double>::__type
 312:c:\program files\daisytoolchain\arm-none-eabi\include\c++\10.2.1\cmath ****     frexp(_Tp __x, int* __exp)
 313:c:\program files\daisytoolchain\arm-none-eabi\include\c++\10.2.1\cmath ****     { return __builtin_frexp(__x, __exp); }
 314:c:\program files\daisytoolchain\arm-none-eabi\include\c++\10.2.1\cmath **** 
 315:c:\program files\daisytoolchain\arm-none-eabi\include\c++\10.2.1\cmath ****   using ::ldexp;
 316:c:\program files\daisytoolchain\arm-none-eabi\include\c++\10.2.1\cmath **** 
 317:c:\program files\daisytoolchain\arm-none-eabi\include\c++\10.2.1\cmath **** #ifndef __CORRECT_ISO_CPP_MATH_H_PROTO
 318:c:\program files\daisytoolchain\arm-none-eabi\include\c++\10.2.1\cmath ****   inline _GLIBCXX_CONSTEXPR float
 319:c:\program files\daisytoolchain\arm-none-eabi\include\c++\10.2.1\cmath ****   ldexp(float __x, int __exp)
 320:c:\program files\daisytoolchain\arm-none-eabi\include\c++\10.2.1\cmath ****   { return __builtin_ldexpf(__x, __exp); }
 321:c:\program files\daisytoolchain\arm-none-eabi\include\c++\10.2.1\cmath **** 
 322:c:\program files\daisytoolchain\arm-none-eabi\include\c++\10.2.1\cmath ****   inline _GLIBCXX_CONSTEXPR long double
 323:c:\program files\daisytoolchain\arm-none-eabi\include\c++\10.2.1\cmath ****   ldexp(long double __x, int __exp)
 324:c:\program files\daisytoolchain\arm-none-eabi\include\c++\10.2.1\cmath ****   { return __builtin_ldexpl(__x, __exp); }
 325:c:\program files\daisytoolchain\arm-none-eabi\include\c++\10.2.1\cmath **** #endif
 326:c:\program files\daisytoolchain\arm-none-eabi\include\c++\10.2.1\cmath **** 
 327:c:\program files\daisytoolchain\arm-none-eabi\include\c++\10.2.1\cmath ****   template<typename _Tp>
 328:c:\program files\daisytoolchain\arm-none-eabi\include\c++\10.2.1\cmath ****     inline _GLIBCXX_CONSTEXPR
 329:c:\program files\daisytoolchain\arm-none-eabi\include\c++\10.2.1\cmath ****     typename __gnu_cxx::__enable_if<__is_integer<_Tp>::__value, 
 330:c:\program files\daisytoolchain\arm-none-eabi\include\c++\10.2.1\cmath ****                                     double>::__type
 331:c:\program files\daisytoolchain\arm-none-eabi\include\c++\10.2.1\cmath ****     ldexp(_Tp __x, int __exp)
 332:c:\program files\daisytoolchain\arm-none-eabi\include\c++\10.2.1\cmath ****     { return __builtin_ldexp(__x, __exp); }
 333:c:\program files\daisytoolchain\arm-none-eabi\include\c++\10.2.1\cmath **** 
 334:c:\program files\daisytoolchain\arm-none-eabi\include\c++\10.2.1\cmath ****   using ::log;
 335:c:\program files\daisytoolchain\arm-none-eabi\include\c++\10.2.1\cmath **** 
 336:c:\program files\daisytoolchain\arm-none-eabi\include\c++\10.2.1\cmath **** #ifndef __CORRECT_ISO_CPP_MATH_H_PROTO
 337:c:\program files\daisytoolchain\arm-none-eabi\include\c++\10.2.1\cmath ****   inline _GLIBCXX_CONSTEXPR float
 338:c:\program files\daisytoolchain\arm-none-eabi\include\c++\10.2.1\cmath ****   log(float __x)
 339:c:\program files\daisytoolchain\arm-none-eabi\include\c++\10.2.1\cmath ****   { return __builtin_logf(__x); }
 340:c:\program files\daisytoolchain\arm-none-eabi\include\c++\10.2.1\cmath **** 
 341:c:\program files\daisytoolchain\arm-none-eabi\include\c++\10.2.1\cmath ****   inline _GLIBCXX_CONSTEXPR long double
 342:c:\program files\daisytoolchain\arm-none-eabi\include\c++\10.2.1\cmath ****   log(long double __x)
 343:c:\program files\daisytoolchain\arm-none-eabi\include\c++\10.2.1\cmath ****   { return __builtin_logl(__x); }
 344:c:\program files\daisytoolchain\arm-none-eabi\include\c++\10.2.1\cmath **** #endif
 345:c:\program files\daisytoolchain\arm-none-eabi\include\c++\10.2.1\cmath **** 
 346:c:\program files\daisytoolchain\arm-none-eabi\include\c++\10.2.1\cmath ****   template<typename _Tp>
 347:c:\program files\daisytoolchain\arm-none-eabi\include\c++\10.2.1\cmath ****     inline _GLIBCXX_CONSTEXPR
 348:c:\program files\daisytoolchain\arm-none-eabi\include\c++\10.2.1\cmath ****     typename __gnu_cxx::__enable_if<__is_integer<_Tp>::__value, 
 349:c:\program files\daisytoolchain\arm-none-eabi\include\c++\10.2.1\cmath ****                                     double>::__type
ARM GAS  C:\Users\aydan\AppData\Local\Temp\cc21BorY.s 			page 95


 350:c:\program files\daisytoolchain\arm-none-eabi\include\c++\10.2.1\cmath ****     log(_Tp __x)
 351:c:\program files\daisytoolchain\arm-none-eabi\include\c++\10.2.1\cmath ****     { return __builtin_log(__x); }
 352:c:\program files\daisytoolchain\arm-none-eabi\include\c++\10.2.1\cmath **** 
 353:c:\program files\daisytoolchain\arm-none-eabi\include\c++\10.2.1\cmath ****   using ::log10;
 354:c:\program files\daisytoolchain\arm-none-eabi\include\c++\10.2.1\cmath **** 
 355:c:\program files\daisytoolchain\arm-none-eabi\include\c++\10.2.1\cmath **** #ifndef __CORRECT_ISO_CPP_MATH_H_PROTO
 356:c:\program files\daisytoolchain\arm-none-eabi\include\c++\10.2.1\cmath ****   inline _GLIBCXX_CONSTEXPR float
 357:c:\program files\daisytoolchain\arm-none-eabi\include\c++\10.2.1\cmath ****   log10(float __x)
 358:c:\program files\daisytoolchain\arm-none-eabi\include\c++\10.2.1\cmath ****   { return __builtin_log10f(__x); }
 359:c:\program files\daisytoolchain\arm-none-eabi\include\c++\10.2.1\cmath **** 
 360:c:\program files\daisytoolchain\arm-none-eabi\include\c++\10.2.1\cmath ****   inline _GLIBCXX_CONSTEXPR long double
 361:c:\program files\daisytoolchain\arm-none-eabi\include\c++\10.2.1\cmath ****   log10(long double __x)
 362:c:\program files\daisytoolchain\arm-none-eabi\include\c++\10.2.1\cmath ****   { return __builtin_log10l(__x); }
 363:c:\program files\daisytoolchain\arm-none-eabi\include\c++\10.2.1\cmath **** #endif
 364:c:\program files\daisytoolchain\arm-none-eabi\include\c++\10.2.1\cmath **** 
 365:c:\program files\daisytoolchain\arm-none-eabi\include\c++\10.2.1\cmath ****   template<typename _Tp>
 366:c:\program files\daisytoolchain\arm-none-eabi\include\c++\10.2.1\cmath ****     inline _GLIBCXX_CONSTEXPR
 367:c:\program files\daisytoolchain\arm-none-eabi\include\c++\10.2.1\cmath ****     typename __gnu_cxx::__enable_if<__is_integer<_Tp>::__value,
 368:c:\program files\daisytoolchain\arm-none-eabi\include\c++\10.2.1\cmath ****                                     double>::__type
 369:c:\program files\daisytoolchain\arm-none-eabi\include\c++\10.2.1\cmath ****     log10(_Tp __x)
 370:c:\program files\daisytoolchain\arm-none-eabi\include\c++\10.2.1\cmath ****     { return __builtin_log10(__x); }
 371:c:\program files\daisytoolchain\arm-none-eabi\include\c++\10.2.1\cmath **** 
 372:c:\program files\daisytoolchain\arm-none-eabi\include\c++\10.2.1\cmath ****   using ::modf;
 373:c:\program files\daisytoolchain\arm-none-eabi\include\c++\10.2.1\cmath **** 
 374:c:\program files\daisytoolchain\arm-none-eabi\include\c++\10.2.1\cmath **** #ifndef __CORRECT_ISO_CPP_MATH_H_PROTO
 375:c:\program files\daisytoolchain\arm-none-eabi\include\c++\10.2.1\cmath ****   inline float
 376:c:\program files\daisytoolchain\arm-none-eabi\include\c++\10.2.1\cmath ****   modf(float __x, float* __iptr)
 377:c:\program files\daisytoolchain\arm-none-eabi\include\c++\10.2.1\cmath ****   { return __builtin_modff(__x, __iptr); }
 378:c:\program files\daisytoolchain\arm-none-eabi\include\c++\10.2.1\cmath **** 
 379:c:\program files\daisytoolchain\arm-none-eabi\include\c++\10.2.1\cmath ****   inline long double
 380:c:\program files\daisytoolchain\arm-none-eabi\include\c++\10.2.1\cmath ****   modf(long double __x, long double* __iptr)
 381:c:\program files\daisytoolchain\arm-none-eabi\include\c++\10.2.1\cmath ****   { return __builtin_modfl(__x, __iptr); }
 382:c:\program files\daisytoolchain\arm-none-eabi\include\c++\10.2.1\cmath **** #endif
 383:c:\program files\daisytoolchain\arm-none-eabi\include\c++\10.2.1\cmath **** 
 384:c:\program files\daisytoolchain\arm-none-eabi\include\c++\10.2.1\cmath ****   using ::pow;
 385:c:\program files\daisytoolchain\arm-none-eabi\include\c++\10.2.1\cmath **** 
 386:c:\program files\daisytoolchain\arm-none-eabi\include\c++\10.2.1\cmath **** #ifndef __CORRECT_ISO_CPP_MATH_H_PROTO
 387:c:\program files\daisytoolchain\arm-none-eabi\include\c++\10.2.1\cmath ****   inline _GLIBCXX_CONSTEXPR float
 388:c:\program files\daisytoolchain\arm-none-eabi\include\c++\10.2.1\cmath ****   pow(float __x, float __y)
 389:c:\program files\daisytoolchain\arm-none-eabi\include\c++\10.2.1\cmath ****   { return __builtin_powf(__x, __y); }
 390:c:\program files\daisytoolchain\arm-none-eabi\include\c++\10.2.1\cmath **** 
 391:c:\program files\daisytoolchain\arm-none-eabi\include\c++\10.2.1\cmath ****   inline _GLIBCXX_CONSTEXPR long double
 392:c:\program files\daisytoolchain\arm-none-eabi\include\c++\10.2.1\cmath ****   pow(long double __x, long double __y)
 393:c:\program files\daisytoolchain\arm-none-eabi\include\c++\10.2.1\cmath ****   { return __builtin_powl(__x, __y); }
 394:c:\program files\daisytoolchain\arm-none-eabi\include\c++\10.2.1\cmath **** 
 395:c:\program files\daisytoolchain\arm-none-eabi\include\c++\10.2.1\cmath **** #if __cplusplus < 201103L
 396:c:\program files\daisytoolchain\arm-none-eabi\include\c++\10.2.1\cmath ****   // _GLIBCXX_RESOLVE_LIB_DEFECTS
 397:c:\program files\daisytoolchain\arm-none-eabi\include\c++\10.2.1\cmath ****   // DR 550. What should the return type of pow(float,int) be?
 398:c:\program files\daisytoolchain\arm-none-eabi\include\c++\10.2.1\cmath ****   inline double
 399:c:\program files\daisytoolchain\arm-none-eabi\include\c++\10.2.1\cmath ****   pow(double __x, int __i)
 400:c:\program files\daisytoolchain\arm-none-eabi\include\c++\10.2.1\cmath ****   { return __builtin_powi(__x, __i); }
 401:c:\program files\daisytoolchain\arm-none-eabi\include\c++\10.2.1\cmath **** 
 402:c:\program files\daisytoolchain\arm-none-eabi\include\c++\10.2.1\cmath ****   inline float
 403:c:\program files\daisytoolchain\arm-none-eabi\include\c++\10.2.1\cmath ****   pow(float __x, int __n)
 404:c:\program files\daisytoolchain\arm-none-eabi\include\c++\10.2.1\cmath ****   { return __builtin_powif(__x, __n); }
 405:c:\program files\daisytoolchain\arm-none-eabi\include\c++\10.2.1\cmath **** 
 406:c:\program files\daisytoolchain\arm-none-eabi\include\c++\10.2.1\cmath ****   inline long double
ARM GAS  C:\Users\aydan\AppData\Local\Temp\cc21BorY.s 			page 96


 407:c:\program files\daisytoolchain\arm-none-eabi\include\c++\10.2.1\cmath ****   pow(long double __x, int __n)
 408:c:\program files\daisytoolchain\arm-none-eabi\include\c++\10.2.1\cmath ****   { return __builtin_powil(__x, __n); }
 409:c:\program files\daisytoolchain\arm-none-eabi\include\c++\10.2.1\cmath **** #endif
 410:c:\program files\daisytoolchain\arm-none-eabi\include\c++\10.2.1\cmath **** #endif
 411:c:\program files\daisytoolchain\arm-none-eabi\include\c++\10.2.1\cmath **** 
 412:c:\program files\daisytoolchain\arm-none-eabi\include\c++\10.2.1\cmath ****   template<typename _Tp, typename _Up>
 413:c:\program files\daisytoolchain\arm-none-eabi\include\c++\10.2.1\cmath ****     inline _GLIBCXX_CONSTEXPR
 414:c:\program files\daisytoolchain\arm-none-eabi\include\c++\10.2.1\cmath ****     typename __gnu_cxx::__promote_2<_Tp, _Up>::__type
 415:c:\program files\daisytoolchain\arm-none-eabi\include\c++\10.2.1\cmath ****     pow(_Tp __x, _Up __y)
 416:c:\program files\daisytoolchain\arm-none-eabi\include\c++\10.2.1\cmath ****     {
 417:c:\program files\daisytoolchain\arm-none-eabi\include\c++\10.2.1\cmath ****       typedef typename __gnu_cxx::__promote_2<_Tp, _Up>::__type __type;
 418:c:\program files\daisytoolchain\arm-none-eabi\include\c++\10.2.1\cmath ****       return pow(__type(__x), __type(__y));
 419:c:\program files\daisytoolchain\arm-none-eabi\include\c++\10.2.1\cmath ****     }
 420:c:\program files\daisytoolchain\arm-none-eabi\include\c++\10.2.1\cmath **** 
 421:c:\program files\daisytoolchain\arm-none-eabi\include\c++\10.2.1\cmath ****   using ::sin;
 422:c:\program files\daisytoolchain\arm-none-eabi\include\c++\10.2.1\cmath **** 
 423:c:\program files\daisytoolchain\arm-none-eabi\include\c++\10.2.1\cmath **** #ifndef __CORRECT_ISO_CPP_MATH_H_PROTO
 424:c:\program files\daisytoolchain\arm-none-eabi\include\c++\10.2.1\cmath ****   inline _GLIBCXX_CONSTEXPR float
 425:c:\program files\daisytoolchain\arm-none-eabi\include\c++\10.2.1\cmath ****   sin(float __x)
 426:c:\program files\daisytoolchain\arm-none-eabi\include\c++\10.2.1\cmath ****   { return __builtin_sinf(__x); }
 427:c:\program files\daisytoolchain\arm-none-eabi\include\c++\10.2.1\cmath **** 
 428:c:\program files\daisytoolchain\arm-none-eabi\include\c++\10.2.1\cmath ****   inline _GLIBCXX_CONSTEXPR long double
 429:c:\program files\daisytoolchain\arm-none-eabi\include\c++\10.2.1\cmath ****   sin(long double __x)
 430:c:\program files\daisytoolchain\arm-none-eabi\include\c++\10.2.1\cmath ****   { return __builtin_sinl(__x); }
 431:c:\program files\daisytoolchain\arm-none-eabi\include\c++\10.2.1\cmath **** #endif
 432:c:\program files\daisytoolchain\arm-none-eabi\include\c++\10.2.1\cmath **** 
 433:c:\program files\daisytoolchain\arm-none-eabi\include\c++\10.2.1\cmath ****   template<typename _Tp>
 434:c:\program files\daisytoolchain\arm-none-eabi\include\c++\10.2.1\cmath ****     inline _GLIBCXX_CONSTEXPR
 435:c:\program files\daisytoolchain\arm-none-eabi\include\c++\10.2.1\cmath ****     typename __gnu_cxx::__enable_if<__is_integer<_Tp>::__value, 
 436:c:\program files\daisytoolchain\arm-none-eabi\include\c++\10.2.1\cmath ****                                     double>::__type
 437:c:\program files\daisytoolchain\arm-none-eabi\include\c++\10.2.1\cmath ****     sin(_Tp __x)
 438:c:\program files\daisytoolchain\arm-none-eabi\include\c++\10.2.1\cmath ****     { return __builtin_sin(__x); }
 439:c:\program files\daisytoolchain\arm-none-eabi\include\c++\10.2.1\cmath **** 
 440:c:\program files\daisytoolchain\arm-none-eabi\include\c++\10.2.1\cmath ****   using ::sinh;
 441:c:\program files\daisytoolchain\arm-none-eabi\include\c++\10.2.1\cmath **** 
 442:c:\program files\daisytoolchain\arm-none-eabi\include\c++\10.2.1\cmath **** #ifndef __CORRECT_ISO_CPP_MATH_H_PROTO
 443:c:\program files\daisytoolchain\arm-none-eabi\include\c++\10.2.1\cmath ****   inline _GLIBCXX_CONSTEXPR float
 444:c:\program files\daisytoolchain\arm-none-eabi\include\c++\10.2.1\cmath ****   sinh(float __x)
 445:c:\program files\daisytoolchain\arm-none-eabi\include\c++\10.2.1\cmath ****   { return __builtin_sinhf(__x); }
 446:c:\program files\daisytoolchain\arm-none-eabi\include\c++\10.2.1\cmath **** 
 447:c:\program files\daisytoolchain\arm-none-eabi\include\c++\10.2.1\cmath ****   inline _GLIBCXX_CONSTEXPR long double
 448:c:\program files\daisytoolchain\arm-none-eabi\include\c++\10.2.1\cmath ****   sinh(long double __x)
 449:c:\program files\daisytoolchain\arm-none-eabi\include\c++\10.2.1\cmath ****   { return __builtin_sinhl(__x); }
 450:c:\program files\daisytoolchain\arm-none-eabi\include\c++\10.2.1\cmath **** #endif
 451:c:\program files\daisytoolchain\arm-none-eabi\include\c++\10.2.1\cmath **** 
 452:c:\program files\daisytoolchain\arm-none-eabi\include\c++\10.2.1\cmath ****   template<typename _Tp>
 453:c:\program files\daisytoolchain\arm-none-eabi\include\c++\10.2.1\cmath ****     inline _GLIBCXX_CONSTEXPR
 454:c:\program files\daisytoolchain\arm-none-eabi\include\c++\10.2.1\cmath ****     typename __gnu_cxx::__enable_if<__is_integer<_Tp>::__value, 
 455:c:\program files\daisytoolchain\arm-none-eabi\include\c++\10.2.1\cmath ****                                     double>::__type
 456:c:\program files\daisytoolchain\arm-none-eabi\include\c++\10.2.1\cmath ****     sinh(_Tp __x)
 457:c:\program files\daisytoolchain\arm-none-eabi\include\c++\10.2.1\cmath ****     { return __builtin_sinh(__x); }
 458:c:\program files\daisytoolchain\arm-none-eabi\include\c++\10.2.1\cmath **** 
 459:c:\program files\daisytoolchain\arm-none-eabi\include\c++\10.2.1\cmath ****   using ::sqrt;
 460:c:\program files\daisytoolchain\arm-none-eabi\include\c++\10.2.1\cmath **** 
 461:c:\program files\daisytoolchain\arm-none-eabi\include\c++\10.2.1\cmath **** #ifndef __CORRECT_ISO_CPP_MATH_H_PROTO
 462:c:\program files\daisytoolchain\arm-none-eabi\include\c++\10.2.1\cmath ****   inline _GLIBCXX_CONSTEXPR float
 463:c:\program files\daisytoolchain\arm-none-eabi\include\c++\10.2.1\cmath ****   sqrt(float __x)
ARM GAS  C:\Users\aydan\AppData\Local\Temp\cc21BorY.s 			page 97


 2498              		.loc 13 463 3 is_stmt 1 view .LVU701
 2499              	.LBB602:
 464:c:\program files\daisytoolchain\arm-none-eabi\include\c++\10.2.1\cmath ****   { return __builtin_sqrtf(__x); }
 2500              		.loc 13 464 5 view .LVU702
 2501 05e0 B5EE400A 		vcmp.f32	s0, #0
 2502 05e4 F1EE10FA 		vmrs	APSR_nzcv, FPSCR
 2503 05e8 00F13383 		bmi	.L226
 2504              		.loc 13 464 27 is_stmt 0 view .LVU703
 2505 05ec F1EEC07A 		vsqrt.f32	s15, s0
 2506              	.LVL205:
 2507              	.L161:
 2508              		.loc 13 464 27 view .LVU704
 2509              	.LBE602:
 2510              	.LBE601:
 239:project006.cpp ****         return pr;
 2511              		.loc 6 239 5 is_stmt 1 view .LVU705
 2512 05f0 9FED677A 		vldr.32	s14, .L256+56
 2513 05f4 F4EEC77A 		vcmpe.f32	s15, s14
 2514 05f8 F1EE10FA 		vmrs	APSR_nzcv, FPSCR
 2515 05fc 00F14081 		bmi	.L162
 2516 0600 644B     		ldr	r3, .L256+60
 2517              	.L163:
 2518              	.LVL206:
 2519              	.LBB604:
 246:project006.cpp ****     float fs_ds = fs / 4.0f;
 2520              		.loc 6 246 9 view .LVU706
 246:project006.cpp ****     float fs_ds = fs / 4.0f;
 2521              		.loc 6 246 18 is_stmt 0 view .LVU707
 2522 0602 5BF8102B 		ldr	r2, [fp], #16	@ float
 2523 0606 43F8042B 		str	r2, [r3], #4	@ float
 2524              	.LVL207:
 245:project006.cpp ****         ds[dn++] = xd[i];
 2525              		.loc 6 245 5 is_stmt 1 view .LVU708
 245:project006.cpp ****         ds[dn++] = xd[i];
 2526              		.loc 6 245 22 view .LVU709
 2527 060a 634A     		ldr	r2, .L256+64
 2528 060c 9A42     		cmp	r2, r3
 2529 060e F8D1     		bne	.L163
 2530              	.LBE604:
 247:project006.cpp **** 
 2531              		.loc 6 247 5 view .LVU710
 247:project006.cpp **** 
 2532              		.loc 6 247 11 is_stmt 0 view .LVU711
 2533 0610 B5EE006A 		vmov.f32	s12, #2.5e-1
 251:project006.cpp ****     if(maxLag >= dn - 1) maxLag = dn - 2;
 2534              		.loc 6 251 30 view .LVU712
 2535 0614 9FED617A 		vldr.32	s14, .L256+68
 250:project006.cpp ****     int maxLag = (int)(fs_ds / 70.0f);
 2536              		.loc 6 250 30 view .LVU713
 2537 0618 DFED616A 		vldr.32	s13, .L256+72
 247:project006.cpp **** 
 2538              		.loc 6 247 11 view .LVU714
 2539 061c 2BEE066A 		vmul.f32	s12, s22, s12
 2540              	.LVL208:
 250:project006.cpp ****     int maxLag = (int)(fs_ds / 70.0f);
 2541              		.loc 6 250 5 is_stmt 1 view .LVU715
 251:project006.cpp ****     if(maxLag >= dn - 1) maxLag = dn - 2;
ARM GAS  C:\Users\aydan\AppData\Local\Temp\cc21BorY.s 			page 98


 2542              		.loc 6 251 5 view .LVU716
 251:project006.cpp ****     if(maxLag >= dn - 1) maxLag = dn - 2;
 2543              		.loc 6 251 30 is_stmt 0 view .LVU717
 2544 0620 C6EE077A 		vdiv.f32	s15, s12, s14
 250:project006.cpp ****     int maxLag = (int)(fs_ds / 70.0f);
 2545              		.loc 6 250 30 view .LVU718
 2546 0624 86EE267A 		vdiv.f32	s14, s12, s13
 251:project006.cpp ****     if(maxLag >= dn - 1) maxLag = dn - 2;
 2547              		.loc 6 251 9 view .LVU719
 2548 0628 FDEEE77A 		vcvt.s32.f32	s15, s15
 2549 062c 17EE90AA 		vmov	r10, s15	@ int
 2550              	.LVL209:
 252:project006.cpp ****     if(minLag < 2) minLag = 2;
 2551              		.loc 6 252 5 is_stmt 1 view .LVU720
 250:project006.cpp ****     int maxLag = (int)(fs_ds / 70.0f);
 2552              		.loc 6 250 9 is_stmt 0 view .LVU721
 2553 0630 FDEEC77A 		vcvt.s32.f32	s15, s14
 2554 0634 BAF1FE0F 		cmp	r10, #254
 2555 0638 A8BF     		it	ge
 2556 063a 4FF0FE0A 		movge	r10, #254
 2557              	.LVL210:
 253:project006.cpp **** 
 2558              		.loc 6 253 5 is_stmt 1 view .LVU722
 250:project006.cpp ****     int maxLag = (int)(fs_ds / 70.0f);
 2559              		.loc 6 250 9 is_stmt 0 view .LVU723
 2560 063e 17EE90CA 		vmov	ip, s15	@ int
 2561 0642 BCF1020F 		cmp	ip, #2
 2562 0646 B8BF     		it	lt
 2563 0648 4FF0020C 		movlt	ip, #2
 2564              	.LVL211:
 2565              	.LBB605:
 260:project006.cpp ****     {
 2566              		.loc 6 260 31 is_stmt 1 view .LVU724
 2567 064c E245     		cmp	r10, ip
 2568 064e C0F21781 		blt	.L162
 2569 0652 CCF58071 		rsb	r1, ip, #256
 2570 0656 A2F58063 		sub	r3, r2, #1024
 2571              	.LVL212:
 260:project006.cpp ****     {
 2572              		.loc 6 260 31 is_stmt 0 view .LVU725
 2573 065a 9FED525A 		vldr.32	s10, .L256+76
 2574 065e 0AF1010E 		add	lr, r10, #1
 2575 0662 DFED495A 		vldr.32	s11, .L256+48
 2576 0666 03EB8101 		add	r1, r3, r1, lsl #2
 2577 066a 6046     		mov	r0, ip
 2578 066c 4FF0FF3B 		mov	fp, #-1
 2579              	.LVL213:
 2580              	.L168:
 2581              	.LBB606:
 2582              	.LBB607:
 263:project006.cpp ****             s += std::fabs(ds[i] - ds[i + lag]);
 2583              		.loc 6 263 26 is_stmt 1 view .LVU726
 2584 0670 C0F58073 		rsb	r3, r0, #256
 2585              	.LBE607:
 262:project006.cpp ****         for(int i = 0; i < dn - lag; i++)
 2586              		.loc 6 262 15 is_stmt 0 view .LVU727
 2587 0674 9FED447A 		vldr.32	s14, .L256+48
ARM GAS  C:\Users\aydan\AppData\Local\Temp\cc21BorY.s 			page 99


 2588              	.LBB612:
 263:project006.cpp ****             s += std::fabs(ds[i] - ds[i + lag]);
 2589              		.loc 6 263 26 view .LVU728
 2590 0678 002B     		cmp	r3, #0
 2591 067a 0EDD     		ble	.L164
 263:project006.cpp ****             s += std::fabs(ds[i] - ds[i + lag]);
 2592              		.loc 6 263 26 view .LVU729
 2593 067c 109B     		ldr	r3, [sp, #64]
 2594 067e 5A1A     		subs	r2, r3, r1
 2595 0680 444B     		ldr	r3, .L256+60
 2596              	.LVL214:
 2597              	.L165:
 264:project006.cpp **** 
 2598              		.loc 6 264 13 is_stmt 1 view .LVU730
 264:project006.cpp **** 
 2599              		.loc 6 264 32 is_stmt 0 view .LVU731
 2600 0682 F3EC017A 		vldmia.32	r3!, {s15}
 264:project006.cpp **** 
 2601              		.loc 6 264 46 view .LVU732
 2602 0686 F2EC016A 		vldmia.32	r2!, {s13}
 2603              	.LVL215:
 2604              	.LBB608:
 2605              	.LBI608:
 241:c:\program files\daisytoolchain\arm-none-eabi\include\c++\10.2.1\cmath ****   { return __builtin_fabsf(__x); }
 2606              		.loc 13 241 3 is_stmt 1 view .LVU733
 2607              	.LBB609:
 242:c:\program files\daisytoolchain\arm-none-eabi\include\c++\10.2.1\cmath **** 
 2608              		.loc 13 242 5 view .LVU734
 242:c:\program files\daisytoolchain\arm-none-eabi\include\c++\10.2.1\cmath **** 
 2609              		.loc 13 242 5 is_stmt 0 view .LVU735
 2610              	.LBE609:
 2611              	.LBE608:
 263:project006.cpp ****             s += std::fabs(ds[i] - ds[i + lag]);
 2612              		.loc 6 263 26 view .LVU736
 2613 068a 9942     		cmp	r1, r3
 264:project006.cpp **** 
 2614              		.loc 6 264 27 view .LVU737
 2615 068c 77EEE67A 		vsub.f32	s15, s15, s13
 2616              	.LBB611:
 2617              	.LBB610:
 242:c:\program files\daisytoolchain\arm-none-eabi\include\c++\10.2.1\cmath **** 
 2618              		.loc 13 242 31 view .LVU738
 2619 0690 F0EEE77A 		vabs.f32	s15, s15
 2620              	.LBE610:
 2621              	.LBE611:
 264:project006.cpp **** 
 2622              		.loc 6 264 15 view .LVU739
 2623 0694 37EE277A 		vadd.f32	s14, s14, s15
 2624              	.LVL216:
 263:project006.cpp ****             s += std::fabs(ds[i] - ds[i + lag]);
 2625              		.loc 6 263 9 is_stmt 1 view .LVU740
 263:project006.cpp ****             s += std::fabs(ds[i] - ds[i + lag]);
 2626              		.loc 6 263 26 view .LVU741
 2627 0698 F3D1     		bne	.L165
 2628              	.LVL217:
 2629              	.L164:
 263:project006.cpp ****             s += std::fabs(ds[i] - ds[i + lag]);
ARM GAS  C:\Users\aydan\AppData\Local\Temp\cc21BorY.s 			page 100


 2630              		.loc 6 263 26 is_stmt 0 view .LVU742
 2631              	.LBE612:
 266:project006.cpp ****         count++;
 2632              		.loc 6 266 9 is_stmt 1 view .LVU743
 269:project006.cpp ****         {
 2633              		.loc 6 269 9 is_stmt 0 view .LVU744
 2634 069a B4EEC57A 		vcmpe.f32	s14, s10
 266:project006.cpp ****         count++;
 2635              		.loc 6 266 13 view .LVU745
 2636 069e 75EE875A 		vadd.f32	s11, s11, s14
 2637              	.LVL218:
 267:project006.cpp **** 
 2638              		.loc 6 267 9 is_stmt 1 view .LVU746
 269:project006.cpp ****         {
 2639              		.loc 6 269 9 view .LVU747
 2640 06a2 F1EE10FA 		vmrs	APSR_nzcv, FPSCR
 2641 06a6 02D5     		bpl	.L166
 2642 06a8 B0EE475A 		vmov.f32	s10, s14
 2643              	.LVL219:
 269:project006.cpp ****         {
 2644              		.loc 6 269 9 is_stmt 0 view .LVU748
 2645 06ac 8346     		mov	fp, r0
 2646              	.L166:
 2647              	.LVL220:
 269:project006.cpp ****         {
 2648              		.loc 6 269 9 view .LVU749
 2649              	.LBE606:
 260:project006.cpp ****     {
 2650              		.loc 6 260 5 is_stmt 1 view .LVU750
 2651 06ae 0130     		adds	r0, r0, #1
 2652              	.LVL221:
 260:project006.cpp ****     {
 2653              		.loc 6 260 31 view .LVU751
 2654 06b0 0439     		subs	r1, r1, #4
 2655 06b2 8645     		cmp	lr, r0
 2656 06b4 DCD1     		bne	.L168
 2657              	.LBB613:
 267:project006.cpp **** 
 2658              		.loc 6 267 14 is_stmt 0 view .LVU752
 2659 06b6 AAEB0C0C 		sub	ip, r10, ip
 2660              	.LBE613:
 2661              	.LBE605:
 275:project006.cpp ****         return pr;
 2662              		.loc 6 275 5 view .LVU753
 2663 06ba BBF1FF3F 		cmp	fp, #-1
 2664              	.LBB615:
 2665              	.LBB614:
 267:project006.cpp **** 
 2666              		.loc 6 267 14 view .LVU754
 2667 06be 0CF1010C 		add	ip, ip, #1
 2668              	.LBE614:
 2669              	.LBE615:
 275:project006.cpp ****         return pr;
 2670              		.loc 6 275 5 is_stmt 1 view .LVU755
 2671 06c2 00F0DD80 		beq	.L162
 278:project006.cpp ****     float conf = 1.0f - (best / (avg + 1e-9f));
 2672              		.loc 6 278 5 view .LVU756
ARM GAS  C:\Users\aydan\AppData\Local\Temp\cc21BorY.s 			page 101


 2673              	.LVL222:
 279:project006.cpp ****     conf = clampf(conf, 0.0f, 1.0f);
 2674              		.loc 6 279 5 view .LVU757
 278:project006.cpp ****     float conf = 1.0f - (best / (avg + 1e-9f));
 2675              		.loc 6 278 12 is_stmt 0 view .LVU758
 2676 06c6 07EE90CA 		vmov	s15, ip	@ int
 279:project006.cpp ****     conf = clampf(conf, 0.0f, 1.0f);
 2677              		.loc 6 279 38 view .LVU759
 2678 06ca DFED374A 		vldr.32	s9, .L256+80
 279:project006.cpp ****     conf = clampf(conf, 0.0f, 1.0f);
 2679              		.loc 6 279 11 view .LVU760
 2680 06ce B7EE007A 		vmov.f32	s14, #1.0e+0
 278:project006.cpp ****     float conf = 1.0f - (best / (avg + 1e-9f));
 2681              		.loc 6 278 12 view .LVU761
 2682 06d2 F8EEE77A 		vcvt.f32.s32	s15, s15
 278:project006.cpp ****     float conf = 1.0f - (best / (avg + 1e-9f));
 2683              		.loc 6 278 9 view .LVU762
 2684 06d6 C5EEA76A 		vdiv.f32	s13, s11, s15
 2685              	.LVL223:
 279:project006.cpp ****     conf = clampf(conf, 0.0f, 1.0f);
 2686              		.loc 6 279 38 view .LVU763
 2687 06da 76EEA47A 		vadd.f32	s15, s13, s9
 279:project006.cpp ****     conf = clampf(conf, 0.0f, 1.0f);
 2688              		.loc 6 279 31 view .LVU764
 2689 06de 85EE27BA 		vdiv.f32	s22, s10, s15
 2690              	.LVL224:
 279:project006.cpp ****     conf = clampf(conf, 0.0f, 1.0f);
 2691              		.loc 6 279 11 view .LVU765
 2692 06e2 37EE4BBA 		vsub.f32	s22, s14, s22
 2693              	.LVL225:
 280:project006.cpp **** 
 2694              		.loc 6 280 5 is_stmt 1 view .LVU766
 2695              	.LBB616:
 2696              	.LBI616:
  99:project006.cpp **** {
 2697              		.loc 6 99 21 view .LVU767
 2698              	.LBB617:
 101:project006.cpp **** }
 2699              		.loc 6 101 5 view .LVU768
 101:project006.cpp **** }
 2700              		.loc 6 101 21 is_stmt 0 view .LVU769
 2701 06e6 B5EEC0BA 		vcmpe.f32	s22, #0
 2702 06ea F1EE10FA 		vmrs	APSR_nzcv, FPSCR
 2703 06ee 00F16382 		bmi	.L195
 101:project006.cpp **** }
 2704              		.loc 6 101 37 view .LVU770
 2705 06f2 B4EE47BA 		vcmp.f32	s22, s14
 2706 06f6 F1EE10FA 		vmrs	APSR_nzcv, FPSCR
 2707 06fa 37FE0BBA 		vselgt.f32	s22, s14, s22
 2708              	.LVL226:
 2709              	.L169:
 101:project006.cpp **** }
 2710              		.loc 6 101 37 view .LVU771
 2711              	.LBE617:
 2712              	.LBE616:
 282:project006.cpp ****     float freq     = fs_ds / (float)bestLag;
 2713              		.loc 6 282 5 is_stmt 1 view .LVU772
ARM GAS  C:\Users\aydan\AppData\Local\Temp\cc21BorY.s 			page 102


 283:project006.cpp **** 
 2714              		.loc 6 283 30 is_stmt 0 view .LVU773
 2715 06fe 07EE90BA 		vmov	s15, fp	@ int
 287:project006.cpp **** 
 2716              		.loc 6 287 11 view .LVU774
 2717 0702 F5EE005A 		vmov.f32	s11, #2.5e-1
 2718 0706 DFED294A 		vldr.32	s9, .L256+84
 283:project006.cpp **** 
 2719              		.loc 6 283 30 view .LVU775
 2720 070a F8EEE77A 		vcvt.f32.s32	s15, s15
 282:project006.cpp ****     float freq     = fs_ds / (float)bestLag;
 2721              		.loc 6 282 11 view .LVU776
 2722 070e 9FED285A 		vldr.32	s10, .L256+88
 2723              	.LVL227:
 282:project006.cpp ****     float freq     = fs_ds / (float)bestLag;
 2724              		.loc 6 282 11 view .LVU777
 2725 0712 9FED287A 		vldr.32	s14, .L256+92
 283:project006.cpp **** 
 2726              		.loc 6 283 11 view .LVU778
 2727 0716 C6EE276A 		vdiv.f32	s13, s12, s15
 2728              	.LVL228:
 287:project006.cpp **** 
 2729              		.loc 6 287 11 view .LVU779
 2730 071a B0EE656A 		vmov.f32	s12, s11
 2731              	.LVL229:
 282:project006.cpp ****     float freq     = fs_ds / (float)bestLag;
 2732              		.loc 6 282 11 view .LVU780
 2733 071e AAEE057A 		vfma.f32	s14, s20, s10
 287:project006.cpp **** 
 2734              		.loc 6 287 11 view .LVU781
 2735 0722 AAEEA46A 		vfma.f32	s12, s21, s9
 282:project006.cpp ****     float freq     = fs_ds / (float)bestLag;
 2736              		.loc 6 282 11 view .LVU782
 2737 0726 F0EE47AA 		vmov.f32	s21, s14
 2738              	.LVL230:
 283:project006.cpp **** 
 2739              		.loc 6 283 5 is_stmt 1 view .LVU783
 285:project006.cpp ****     float alpha_slow = 0.03f;
 2740              		.loc 6 285 5 view .LVU784
 286:project006.cpp ****     float alpha      = alpha_fast + (alpha_slow - alpha_fast) * smooth_norm;
 2741              		.loc 6 286 5 view .LVU785
 287:project006.cpp **** 
 2742              		.loc 6 287 5 view .LVU786
 289:project006.cpp ****     float freq_sm = freq_smoother;
 2743              		.loc 6 289 5 view .LVU787
 289:project006.cpp ****     float freq_sm = freq_smoother;
 2744              		.loc 6 289 51 is_stmt 0 view .LVU788
 2745 072a 76EEE87A 		vsub.f32	s15, s13, s17
 289:project006.cpp ****     float freq_sm = freq_smoother;
 2746              		.loc 6 289 35 view .LVU789
 2747 072e E6EE278A 		vfma.f32	s17, s12, s15
 2748              	.LVL231:
 290:project006.cpp **** 
 2749              		.loc 6 290 5 is_stmt 1 view .LVU790
 292:project006.cpp ****     char  note[8];
 2750              		.loc 6 292 5 view .LVU791
 293:project006.cpp ****     freq_to_note(freq_sm, note, sizeof(note), cents);
ARM GAS  C:\Users\aydan\AppData\Local\Temp\cc21BorY.s 			page 103


 2751              		.loc 6 293 5 view .LVU792
 294:project006.cpp **** 
 2752              		.loc 6 294 5 view .LVU793
 2753              	.LBB619:
 2754              	.LBI619:
 200:project006.cpp **** {
 2755              		.loc 6 200 13 view .LVU794
 2756              	.LBB620:
 202:project006.cpp ****     {
 2757              		.loc 6 202 5 view .LVU795
 2758 0732 F5EEC08A 		vcmpe.f32	s17, #0
 2759 0736 F1EE10FA 		vmrs	APSR_nzcv, FPSCR
 2760 073a 40F23382 		bls	.L247
 208:project006.cpp ****     int   midi_n = (int)std::round(midi_f);
 2761              		.loc 6 208 5 view .LVU796
 2762              	.LVL232:
 2763              	.LBB621:
 2764              	.LBI621:
 465:c:\program files\daisytoolchain\arm-none-eabi\include\c++\10.2.1\cmath **** 
 466:c:\program files\daisytoolchain\arm-none-eabi\include\c++\10.2.1\cmath ****   inline _GLIBCXX_CONSTEXPR long double
 467:c:\program files\daisytoolchain\arm-none-eabi\include\c++\10.2.1\cmath ****   sqrt(long double __x)
 468:c:\program files\daisytoolchain\arm-none-eabi\include\c++\10.2.1\cmath ****   { return __builtin_sqrtl(__x); }
 469:c:\program files\daisytoolchain\arm-none-eabi\include\c++\10.2.1\cmath **** #endif
 470:c:\program files\daisytoolchain\arm-none-eabi\include\c++\10.2.1\cmath **** 
 471:c:\program files\daisytoolchain\arm-none-eabi\include\c++\10.2.1\cmath ****   template<typename _Tp>
 472:c:\program files\daisytoolchain\arm-none-eabi\include\c++\10.2.1\cmath ****     inline _GLIBCXX_CONSTEXPR
 473:c:\program files\daisytoolchain\arm-none-eabi\include\c++\10.2.1\cmath ****     typename __gnu_cxx::__enable_if<__is_integer<_Tp>::__value, 
 474:c:\program files\daisytoolchain\arm-none-eabi\include\c++\10.2.1\cmath ****                                     double>::__type
 475:c:\program files\daisytoolchain\arm-none-eabi\include\c++\10.2.1\cmath ****     sqrt(_Tp __x)
 476:c:\program files\daisytoolchain\arm-none-eabi\include\c++\10.2.1\cmath ****     { return __builtin_sqrt(__x); }
 477:c:\program files\daisytoolchain\arm-none-eabi\include\c++\10.2.1\cmath **** 
 478:c:\program files\daisytoolchain\arm-none-eabi\include\c++\10.2.1\cmath ****   using ::tan;
 479:c:\program files\daisytoolchain\arm-none-eabi\include\c++\10.2.1\cmath **** 
 480:c:\program files\daisytoolchain\arm-none-eabi\include\c++\10.2.1\cmath **** #ifndef __CORRECT_ISO_CPP_MATH_H_PROTO
 481:c:\program files\daisytoolchain\arm-none-eabi\include\c++\10.2.1\cmath ****   inline _GLIBCXX_CONSTEXPR float
 482:c:\program files\daisytoolchain\arm-none-eabi\include\c++\10.2.1\cmath ****   tan(float __x)
 483:c:\program files\daisytoolchain\arm-none-eabi\include\c++\10.2.1\cmath ****   { return __builtin_tanf(__x); }
 484:c:\program files\daisytoolchain\arm-none-eabi\include\c++\10.2.1\cmath **** 
 485:c:\program files\daisytoolchain\arm-none-eabi\include\c++\10.2.1\cmath ****   inline _GLIBCXX_CONSTEXPR long double
 486:c:\program files\daisytoolchain\arm-none-eabi\include\c++\10.2.1\cmath ****   tan(long double __x)
 487:c:\program files\daisytoolchain\arm-none-eabi\include\c++\10.2.1\cmath ****   { return __builtin_tanl(__x); }
 488:c:\program files\daisytoolchain\arm-none-eabi\include\c++\10.2.1\cmath **** #endif
 489:c:\program files\daisytoolchain\arm-none-eabi\include\c++\10.2.1\cmath **** 
 490:c:\program files\daisytoolchain\arm-none-eabi\include\c++\10.2.1\cmath ****   template<typename _Tp>
 491:c:\program files\daisytoolchain\arm-none-eabi\include\c++\10.2.1\cmath ****     inline _GLIBCXX_CONSTEXPR
 492:c:\program files\daisytoolchain\arm-none-eabi\include\c++\10.2.1\cmath ****     typename __gnu_cxx::__enable_if<__is_integer<_Tp>::__value, 
 493:c:\program files\daisytoolchain\arm-none-eabi\include\c++\10.2.1\cmath ****                                     double>::__type
 494:c:\program files\daisytoolchain\arm-none-eabi\include\c++\10.2.1\cmath ****     tan(_Tp __x)
 495:c:\program files\daisytoolchain\arm-none-eabi\include\c++\10.2.1\cmath ****     { return __builtin_tan(__x); }
 496:c:\program files\daisytoolchain\arm-none-eabi\include\c++\10.2.1\cmath **** 
 497:c:\program files\daisytoolchain\arm-none-eabi\include\c++\10.2.1\cmath ****   using ::tanh;
 498:c:\program files\daisytoolchain\arm-none-eabi\include\c++\10.2.1\cmath **** 
 499:c:\program files\daisytoolchain\arm-none-eabi\include\c++\10.2.1\cmath **** #ifndef __CORRECT_ISO_CPP_MATH_H_PROTO
 500:c:\program files\daisytoolchain\arm-none-eabi\include\c++\10.2.1\cmath ****   inline _GLIBCXX_CONSTEXPR float
 501:c:\program files\daisytoolchain\arm-none-eabi\include\c++\10.2.1\cmath ****   tanh(float __x)
 502:c:\program files\daisytoolchain\arm-none-eabi\include\c++\10.2.1\cmath ****   { return __builtin_tanhf(__x); }
 503:c:\program files\daisytoolchain\arm-none-eabi\include\c++\10.2.1\cmath **** 
ARM GAS  C:\Users\aydan\AppData\Local\Temp\cc21BorY.s 			page 104


 504:c:\program files\daisytoolchain\arm-none-eabi\include\c++\10.2.1\cmath ****   inline _GLIBCXX_CONSTEXPR long double
 505:c:\program files\daisytoolchain\arm-none-eabi\include\c++\10.2.1\cmath ****   tanh(long double __x)
 506:c:\program files\daisytoolchain\arm-none-eabi\include\c++\10.2.1\cmath ****   { return __builtin_tanhl(__x); }
 507:c:\program files\daisytoolchain\arm-none-eabi\include\c++\10.2.1\cmath **** #endif
 508:c:\program files\daisytoolchain\arm-none-eabi\include\c++\10.2.1\cmath **** 
 509:c:\program files\daisytoolchain\arm-none-eabi\include\c++\10.2.1\cmath ****   template<typename _Tp>
 510:c:\program files\daisytoolchain\arm-none-eabi\include\c++\10.2.1\cmath ****     inline _GLIBCXX_CONSTEXPR
 511:c:\program files\daisytoolchain\arm-none-eabi\include\c++\10.2.1\cmath ****     typename __gnu_cxx::__enable_if<__is_integer<_Tp>::__value, 
 512:c:\program files\daisytoolchain\arm-none-eabi\include\c++\10.2.1\cmath ****                                     double>::__type
 513:c:\program files\daisytoolchain\arm-none-eabi\include\c++\10.2.1\cmath ****     tanh(_Tp __x)
 514:c:\program files\daisytoolchain\arm-none-eabi\include\c++\10.2.1\cmath ****     { return __builtin_tanh(__x); }
 515:c:\program files\daisytoolchain\arm-none-eabi\include\c++\10.2.1\cmath **** 
 516:c:\program files\daisytoolchain\arm-none-eabi\include\c++\10.2.1\cmath **** #if _GLIBCXX_USE_C99_MATH
 517:c:\program files\daisytoolchain\arm-none-eabi\include\c++\10.2.1\cmath **** #if !_GLIBCXX_USE_C99_FP_MACROS_DYNAMIC
 518:c:\program files\daisytoolchain\arm-none-eabi\include\c++\10.2.1\cmath **** 
 519:c:\program files\daisytoolchain\arm-none-eabi\include\c++\10.2.1\cmath **** // These are possible macros imported from C99-land.
 520:c:\program files\daisytoolchain\arm-none-eabi\include\c++\10.2.1\cmath **** #undef fpclassify
 521:c:\program files\daisytoolchain\arm-none-eabi\include\c++\10.2.1\cmath **** #undef isfinite
 522:c:\program files\daisytoolchain\arm-none-eabi\include\c++\10.2.1\cmath **** #undef isinf
 523:c:\program files\daisytoolchain\arm-none-eabi\include\c++\10.2.1\cmath **** #undef isnan
 524:c:\program files\daisytoolchain\arm-none-eabi\include\c++\10.2.1\cmath **** #undef isnormal
 525:c:\program files\daisytoolchain\arm-none-eabi\include\c++\10.2.1\cmath **** #undef signbit
 526:c:\program files\daisytoolchain\arm-none-eabi\include\c++\10.2.1\cmath **** #undef isgreater
 527:c:\program files\daisytoolchain\arm-none-eabi\include\c++\10.2.1\cmath **** #undef isgreaterequal
 528:c:\program files\daisytoolchain\arm-none-eabi\include\c++\10.2.1\cmath **** #undef isless
 529:c:\program files\daisytoolchain\arm-none-eabi\include\c++\10.2.1\cmath **** #undef islessequal
 530:c:\program files\daisytoolchain\arm-none-eabi\include\c++\10.2.1\cmath **** #undef islessgreater
 531:c:\program files\daisytoolchain\arm-none-eabi\include\c++\10.2.1\cmath **** #undef isunordered
 532:c:\program files\daisytoolchain\arm-none-eabi\include\c++\10.2.1\cmath **** 
 533:c:\program files\daisytoolchain\arm-none-eabi\include\c++\10.2.1\cmath **** #if __cplusplus >= 201103L
 534:c:\program files\daisytoolchain\arm-none-eabi\include\c++\10.2.1\cmath **** 
 535:c:\program files\daisytoolchain\arm-none-eabi\include\c++\10.2.1\cmath **** #ifndef __CORRECT_ISO_CPP11_MATH_H_PROTO_FP
 536:c:\program files\daisytoolchain\arm-none-eabi\include\c++\10.2.1\cmath ****   constexpr int
 537:c:\program files\daisytoolchain\arm-none-eabi\include\c++\10.2.1\cmath ****   fpclassify(float __x)
 538:c:\program files\daisytoolchain\arm-none-eabi\include\c++\10.2.1\cmath ****   { return __builtin_fpclassify(FP_NAN, FP_INFINITE, FP_NORMAL,
 539:c:\program files\daisytoolchain\arm-none-eabi\include\c++\10.2.1\cmath **** 				FP_SUBNORMAL, FP_ZERO, __x); }
 540:c:\program files\daisytoolchain\arm-none-eabi\include\c++\10.2.1\cmath **** 
 541:c:\program files\daisytoolchain\arm-none-eabi\include\c++\10.2.1\cmath ****   constexpr int
 542:c:\program files\daisytoolchain\arm-none-eabi\include\c++\10.2.1\cmath ****   fpclassify(double __x)
 543:c:\program files\daisytoolchain\arm-none-eabi\include\c++\10.2.1\cmath ****   { return __builtin_fpclassify(FP_NAN, FP_INFINITE, FP_NORMAL,
 544:c:\program files\daisytoolchain\arm-none-eabi\include\c++\10.2.1\cmath **** 				FP_SUBNORMAL, FP_ZERO, __x); }
 545:c:\program files\daisytoolchain\arm-none-eabi\include\c++\10.2.1\cmath **** 
 546:c:\program files\daisytoolchain\arm-none-eabi\include\c++\10.2.1\cmath ****   constexpr int
 547:c:\program files\daisytoolchain\arm-none-eabi\include\c++\10.2.1\cmath ****   fpclassify(long double __x)
 548:c:\program files\daisytoolchain\arm-none-eabi\include\c++\10.2.1\cmath ****   { return __builtin_fpclassify(FP_NAN, FP_INFINITE, FP_NORMAL,
 549:c:\program files\daisytoolchain\arm-none-eabi\include\c++\10.2.1\cmath **** 				FP_SUBNORMAL, FP_ZERO, __x); }
 550:c:\program files\daisytoolchain\arm-none-eabi\include\c++\10.2.1\cmath **** #endif
 551:c:\program files\daisytoolchain\arm-none-eabi\include\c++\10.2.1\cmath **** 
 552:c:\program files\daisytoolchain\arm-none-eabi\include\c++\10.2.1\cmath **** #ifndef __CORRECT_ISO_CPP11_MATH_H_PROTO_INT
 553:c:\program files\daisytoolchain\arm-none-eabi\include\c++\10.2.1\cmath ****   template<typename _Tp>
 554:c:\program files\daisytoolchain\arm-none-eabi\include\c++\10.2.1\cmath ****     constexpr typename __gnu_cxx::__enable_if<__is_integer<_Tp>::__value,
 555:c:\program files\daisytoolchain\arm-none-eabi\include\c++\10.2.1\cmath ****                                               int>::__type
 556:c:\program files\daisytoolchain\arm-none-eabi\include\c++\10.2.1\cmath ****     fpclassify(_Tp __x)
 557:c:\program files\daisytoolchain\arm-none-eabi\include\c++\10.2.1\cmath ****     { return __x != 0 ? FP_NORMAL : FP_ZERO; }
 558:c:\program files\daisytoolchain\arm-none-eabi\include\c++\10.2.1\cmath **** #endif
 559:c:\program files\daisytoolchain\arm-none-eabi\include\c++\10.2.1\cmath **** 
 560:c:\program files\daisytoolchain\arm-none-eabi\include\c++\10.2.1\cmath **** #ifndef __CORRECT_ISO_CPP11_MATH_H_PROTO_FP
ARM GAS  C:\Users\aydan\AppData\Local\Temp\cc21BorY.s 			page 105


 561:c:\program files\daisytoolchain\arm-none-eabi\include\c++\10.2.1\cmath ****   constexpr bool
 562:c:\program files\daisytoolchain\arm-none-eabi\include\c++\10.2.1\cmath ****   isfinite(float __x)
 563:c:\program files\daisytoolchain\arm-none-eabi\include\c++\10.2.1\cmath ****   { return __builtin_isfinite(__x); }
 564:c:\program files\daisytoolchain\arm-none-eabi\include\c++\10.2.1\cmath **** 
 565:c:\program files\daisytoolchain\arm-none-eabi\include\c++\10.2.1\cmath ****   constexpr bool
 566:c:\program files\daisytoolchain\arm-none-eabi\include\c++\10.2.1\cmath ****   isfinite(double __x)
 567:c:\program files\daisytoolchain\arm-none-eabi\include\c++\10.2.1\cmath ****   { return __builtin_isfinite(__x); }
 568:c:\program files\daisytoolchain\arm-none-eabi\include\c++\10.2.1\cmath **** 
 569:c:\program files\daisytoolchain\arm-none-eabi\include\c++\10.2.1\cmath ****   constexpr bool
 570:c:\program files\daisytoolchain\arm-none-eabi\include\c++\10.2.1\cmath ****   isfinite(long double __x)
 571:c:\program files\daisytoolchain\arm-none-eabi\include\c++\10.2.1\cmath ****   { return __builtin_isfinite(__x); }
 572:c:\program files\daisytoolchain\arm-none-eabi\include\c++\10.2.1\cmath **** #endif
 573:c:\program files\daisytoolchain\arm-none-eabi\include\c++\10.2.1\cmath **** 
 574:c:\program files\daisytoolchain\arm-none-eabi\include\c++\10.2.1\cmath **** #ifndef __CORRECT_ISO_CPP11_MATH_H_PROTO_INT
 575:c:\program files\daisytoolchain\arm-none-eabi\include\c++\10.2.1\cmath ****   template<typename _Tp>
 576:c:\program files\daisytoolchain\arm-none-eabi\include\c++\10.2.1\cmath ****     constexpr typename __gnu_cxx::__enable_if<__is_integer<_Tp>::__value,
 577:c:\program files\daisytoolchain\arm-none-eabi\include\c++\10.2.1\cmath ****                                               bool>::__type
 578:c:\program files\daisytoolchain\arm-none-eabi\include\c++\10.2.1\cmath ****     isfinite(_Tp __x)
 579:c:\program files\daisytoolchain\arm-none-eabi\include\c++\10.2.1\cmath ****     { return true; }
 580:c:\program files\daisytoolchain\arm-none-eabi\include\c++\10.2.1\cmath **** #endif
 581:c:\program files\daisytoolchain\arm-none-eabi\include\c++\10.2.1\cmath **** 
 582:c:\program files\daisytoolchain\arm-none-eabi\include\c++\10.2.1\cmath **** #ifndef __CORRECT_ISO_CPP11_MATH_H_PROTO_FP
 583:c:\program files\daisytoolchain\arm-none-eabi\include\c++\10.2.1\cmath ****   constexpr bool
 584:c:\program files\daisytoolchain\arm-none-eabi\include\c++\10.2.1\cmath ****   isinf(float __x)
 585:c:\program files\daisytoolchain\arm-none-eabi\include\c++\10.2.1\cmath ****   { return __builtin_isinf(__x); }
 586:c:\program files\daisytoolchain\arm-none-eabi\include\c++\10.2.1\cmath **** 
 587:c:\program files\daisytoolchain\arm-none-eabi\include\c++\10.2.1\cmath **** #if _GLIBCXX_HAVE_OBSOLETE_ISINF \
 588:c:\program files\daisytoolchain\arm-none-eabi\include\c++\10.2.1\cmath ****   && !_GLIBCXX_NO_OBSOLETE_ISINF_ISNAN_DYNAMIC
 589:c:\program files\daisytoolchain\arm-none-eabi\include\c++\10.2.1\cmath ****   using ::isinf;
 590:c:\program files\daisytoolchain\arm-none-eabi\include\c++\10.2.1\cmath **** #else
 591:c:\program files\daisytoolchain\arm-none-eabi\include\c++\10.2.1\cmath ****   constexpr bool
 592:c:\program files\daisytoolchain\arm-none-eabi\include\c++\10.2.1\cmath ****   isinf(double __x)
 593:c:\program files\daisytoolchain\arm-none-eabi\include\c++\10.2.1\cmath ****   { return __builtin_isinf(__x); }
 594:c:\program files\daisytoolchain\arm-none-eabi\include\c++\10.2.1\cmath **** #endif
 595:c:\program files\daisytoolchain\arm-none-eabi\include\c++\10.2.1\cmath **** 
 596:c:\program files\daisytoolchain\arm-none-eabi\include\c++\10.2.1\cmath ****   constexpr bool
 597:c:\program files\daisytoolchain\arm-none-eabi\include\c++\10.2.1\cmath ****   isinf(long double __x)
 598:c:\program files\daisytoolchain\arm-none-eabi\include\c++\10.2.1\cmath ****   { return __builtin_isinf(__x); }
 599:c:\program files\daisytoolchain\arm-none-eabi\include\c++\10.2.1\cmath **** #endif
 600:c:\program files\daisytoolchain\arm-none-eabi\include\c++\10.2.1\cmath **** 
 601:c:\program files\daisytoolchain\arm-none-eabi\include\c++\10.2.1\cmath **** #ifndef __CORRECT_ISO_CPP11_MATH_H_PROTO_INT
 602:c:\program files\daisytoolchain\arm-none-eabi\include\c++\10.2.1\cmath ****   template<typename _Tp>
 603:c:\program files\daisytoolchain\arm-none-eabi\include\c++\10.2.1\cmath ****     constexpr typename __gnu_cxx::__enable_if<__is_integer<_Tp>::__value,
 604:c:\program files\daisytoolchain\arm-none-eabi\include\c++\10.2.1\cmath ****                                               bool>::__type
 605:c:\program files\daisytoolchain\arm-none-eabi\include\c++\10.2.1\cmath ****     isinf(_Tp __x)
 606:c:\program files\daisytoolchain\arm-none-eabi\include\c++\10.2.1\cmath ****     { return false; }
 607:c:\program files\daisytoolchain\arm-none-eabi\include\c++\10.2.1\cmath **** #endif
 608:c:\program files\daisytoolchain\arm-none-eabi\include\c++\10.2.1\cmath **** 
 609:c:\program files\daisytoolchain\arm-none-eabi\include\c++\10.2.1\cmath **** #ifndef __CORRECT_ISO_CPP11_MATH_H_PROTO_FP
 610:c:\program files\daisytoolchain\arm-none-eabi\include\c++\10.2.1\cmath ****   constexpr bool
 611:c:\program files\daisytoolchain\arm-none-eabi\include\c++\10.2.1\cmath ****   isnan(float __x)
 612:c:\program files\daisytoolchain\arm-none-eabi\include\c++\10.2.1\cmath ****   { return __builtin_isnan(__x); }
 613:c:\program files\daisytoolchain\arm-none-eabi\include\c++\10.2.1\cmath **** 
 614:c:\program files\daisytoolchain\arm-none-eabi\include\c++\10.2.1\cmath **** #if _GLIBCXX_HAVE_OBSOLETE_ISNAN \
 615:c:\program files\daisytoolchain\arm-none-eabi\include\c++\10.2.1\cmath ****   && !_GLIBCXX_NO_OBSOLETE_ISINF_ISNAN_DYNAMIC
 616:c:\program files\daisytoolchain\arm-none-eabi\include\c++\10.2.1\cmath ****   using ::isnan;
 617:c:\program files\daisytoolchain\arm-none-eabi\include\c++\10.2.1\cmath **** #else
ARM GAS  C:\Users\aydan\AppData\Local\Temp\cc21BorY.s 			page 106


 618:c:\program files\daisytoolchain\arm-none-eabi\include\c++\10.2.1\cmath ****   constexpr bool
 619:c:\program files\daisytoolchain\arm-none-eabi\include\c++\10.2.1\cmath ****   isnan(double __x)
 620:c:\program files\daisytoolchain\arm-none-eabi\include\c++\10.2.1\cmath ****   { return __builtin_isnan(__x); }
 621:c:\program files\daisytoolchain\arm-none-eabi\include\c++\10.2.1\cmath **** #endif
 622:c:\program files\daisytoolchain\arm-none-eabi\include\c++\10.2.1\cmath **** 
 623:c:\program files\daisytoolchain\arm-none-eabi\include\c++\10.2.1\cmath ****   constexpr bool
 624:c:\program files\daisytoolchain\arm-none-eabi\include\c++\10.2.1\cmath ****   isnan(long double __x)
 625:c:\program files\daisytoolchain\arm-none-eabi\include\c++\10.2.1\cmath ****   { return __builtin_isnan(__x); }
 626:c:\program files\daisytoolchain\arm-none-eabi\include\c++\10.2.1\cmath **** #endif
 627:c:\program files\daisytoolchain\arm-none-eabi\include\c++\10.2.1\cmath **** 
 628:c:\program files\daisytoolchain\arm-none-eabi\include\c++\10.2.1\cmath **** #ifndef __CORRECT_ISO_CPP11_MATH_H_PROTO_INT
 629:c:\program files\daisytoolchain\arm-none-eabi\include\c++\10.2.1\cmath ****   template<typename _Tp>
 630:c:\program files\daisytoolchain\arm-none-eabi\include\c++\10.2.1\cmath ****     constexpr typename __gnu_cxx::__enable_if<__is_integer<_Tp>::__value,
 631:c:\program files\daisytoolchain\arm-none-eabi\include\c++\10.2.1\cmath ****                                               bool>::__type
 632:c:\program files\daisytoolchain\arm-none-eabi\include\c++\10.2.1\cmath ****     isnan(_Tp __x)
 633:c:\program files\daisytoolchain\arm-none-eabi\include\c++\10.2.1\cmath ****     { return false; }
 634:c:\program files\daisytoolchain\arm-none-eabi\include\c++\10.2.1\cmath **** #endif
 635:c:\program files\daisytoolchain\arm-none-eabi\include\c++\10.2.1\cmath **** 
 636:c:\program files\daisytoolchain\arm-none-eabi\include\c++\10.2.1\cmath **** #ifndef __CORRECT_ISO_CPP11_MATH_H_PROTO_FP
 637:c:\program files\daisytoolchain\arm-none-eabi\include\c++\10.2.1\cmath ****   constexpr bool
 638:c:\program files\daisytoolchain\arm-none-eabi\include\c++\10.2.1\cmath ****   isnormal(float __x)
 639:c:\program files\daisytoolchain\arm-none-eabi\include\c++\10.2.1\cmath ****   { return __builtin_isnormal(__x); }
 640:c:\program files\daisytoolchain\arm-none-eabi\include\c++\10.2.1\cmath **** 
 641:c:\program files\daisytoolchain\arm-none-eabi\include\c++\10.2.1\cmath ****   constexpr bool
 642:c:\program files\daisytoolchain\arm-none-eabi\include\c++\10.2.1\cmath ****   isnormal(double __x)
 643:c:\program files\daisytoolchain\arm-none-eabi\include\c++\10.2.1\cmath ****   { return __builtin_isnormal(__x); }
 644:c:\program files\daisytoolchain\arm-none-eabi\include\c++\10.2.1\cmath **** 
 645:c:\program files\daisytoolchain\arm-none-eabi\include\c++\10.2.1\cmath ****   constexpr bool
 646:c:\program files\daisytoolchain\arm-none-eabi\include\c++\10.2.1\cmath ****   isnormal(long double __x)
 647:c:\program files\daisytoolchain\arm-none-eabi\include\c++\10.2.1\cmath ****   { return __builtin_isnormal(__x); }
 648:c:\program files\daisytoolchain\arm-none-eabi\include\c++\10.2.1\cmath **** #endif
 649:c:\program files\daisytoolchain\arm-none-eabi\include\c++\10.2.1\cmath **** 
 650:c:\program files\daisytoolchain\arm-none-eabi\include\c++\10.2.1\cmath **** #ifndef __CORRECT_ISO_CPP11_MATH_H_PROTO_INT
 651:c:\program files\daisytoolchain\arm-none-eabi\include\c++\10.2.1\cmath ****   template<typename _Tp>
 652:c:\program files\daisytoolchain\arm-none-eabi\include\c++\10.2.1\cmath ****     constexpr typename __gnu_cxx::__enable_if<__is_integer<_Tp>::__value,
 653:c:\program files\daisytoolchain\arm-none-eabi\include\c++\10.2.1\cmath ****                                               bool>::__type
 654:c:\program files\daisytoolchain\arm-none-eabi\include\c++\10.2.1\cmath ****     isnormal(_Tp __x)
 655:c:\program files\daisytoolchain\arm-none-eabi\include\c++\10.2.1\cmath ****     { return __x != 0 ? true : false; }
 656:c:\program files\daisytoolchain\arm-none-eabi\include\c++\10.2.1\cmath **** #endif
 657:c:\program files\daisytoolchain\arm-none-eabi\include\c++\10.2.1\cmath **** 
 658:c:\program files\daisytoolchain\arm-none-eabi\include\c++\10.2.1\cmath **** #ifndef __CORRECT_ISO_CPP11_MATH_H_PROTO_FP
 659:c:\program files\daisytoolchain\arm-none-eabi\include\c++\10.2.1\cmath ****   // Note: middle-end/36757 is fixed, __builtin_signbit is type-generic.
 660:c:\program files\daisytoolchain\arm-none-eabi\include\c++\10.2.1\cmath ****   constexpr bool
 661:c:\program files\daisytoolchain\arm-none-eabi\include\c++\10.2.1\cmath ****   signbit(float __x)
 662:c:\program files\daisytoolchain\arm-none-eabi\include\c++\10.2.1\cmath ****   { return __builtin_signbit(__x); }
 663:c:\program files\daisytoolchain\arm-none-eabi\include\c++\10.2.1\cmath **** 
 664:c:\program files\daisytoolchain\arm-none-eabi\include\c++\10.2.1\cmath ****   constexpr bool
 665:c:\program files\daisytoolchain\arm-none-eabi\include\c++\10.2.1\cmath ****   signbit(double __x)
 666:c:\program files\daisytoolchain\arm-none-eabi\include\c++\10.2.1\cmath ****   { return __builtin_signbit(__x); }
 667:c:\program files\daisytoolchain\arm-none-eabi\include\c++\10.2.1\cmath **** 
 668:c:\program files\daisytoolchain\arm-none-eabi\include\c++\10.2.1\cmath ****   constexpr bool
 669:c:\program files\daisytoolchain\arm-none-eabi\include\c++\10.2.1\cmath ****   signbit(long double __x)
 670:c:\program files\daisytoolchain\arm-none-eabi\include\c++\10.2.1\cmath ****   { return __builtin_signbit(__x); }
 671:c:\program files\daisytoolchain\arm-none-eabi\include\c++\10.2.1\cmath **** #endif
 672:c:\program files\daisytoolchain\arm-none-eabi\include\c++\10.2.1\cmath **** 
 673:c:\program files\daisytoolchain\arm-none-eabi\include\c++\10.2.1\cmath **** #ifndef __CORRECT_ISO_CPP11_MATH_H_PROTO_INT
 674:c:\program files\daisytoolchain\arm-none-eabi\include\c++\10.2.1\cmath ****   template<typename _Tp>
ARM GAS  C:\Users\aydan\AppData\Local\Temp\cc21BorY.s 			page 107


 675:c:\program files\daisytoolchain\arm-none-eabi\include\c++\10.2.1\cmath ****     constexpr typename __gnu_cxx::__enable_if<__is_integer<_Tp>::__value,
 676:c:\program files\daisytoolchain\arm-none-eabi\include\c++\10.2.1\cmath ****                                               bool>::__type
 677:c:\program files\daisytoolchain\arm-none-eabi\include\c++\10.2.1\cmath ****     signbit(_Tp __x)
 678:c:\program files\daisytoolchain\arm-none-eabi\include\c++\10.2.1\cmath ****     { return __x < 0 ? true : false; }
 679:c:\program files\daisytoolchain\arm-none-eabi\include\c++\10.2.1\cmath **** #endif
 680:c:\program files\daisytoolchain\arm-none-eabi\include\c++\10.2.1\cmath **** 
 681:c:\program files\daisytoolchain\arm-none-eabi\include\c++\10.2.1\cmath **** #ifndef __CORRECT_ISO_CPP11_MATH_H_PROTO_FP
 682:c:\program files\daisytoolchain\arm-none-eabi\include\c++\10.2.1\cmath ****   constexpr bool
 683:c:\program files\daisytoolchain\arm-none-eabi\include\c++\10.2.1\cmath ****   isgreater(float __x, float __y)
 684:c:\program files\daisytoolchain\arm-none-eabi\include\c++\10.2.1\cmath ****   { return __builtin_isgreater(__x, __y); }
 685:c:\program files\daisytoolchain\arm-none-eabi\include\c++\10.2.1\cmath **** 
 686:c:\program files\daisytoolchain\arm-none-eabi\include\c++\10.2.1\cmath ****   constexpr bool
 687:c:\program files\daisytoolchain\arm-none-eabi\include\c++\10.2.1\cmath ****   isgreater(double __x, double __y)
 688:c:\program files\daisytoolchain\arm-none-eabi\include\c++\10.2.1\cmath ****   { return __builtin_isgreater(__x, __y); }
 689:c:\program files\daisytoolchain\arm-none-eabi\include\c++\10.2.1\cmath **** 
 690:c:\program files\daisytoolchain\arm-none-eabi\include\c++\10.2.1\cmath ****   constexpr bool
 691:c:\program files\daisytoolchain\arm-none-eabi\include\c++\10.2.1\cmath ****   isgreater(long double __x, long double __y)
 692:c:\program files\daisytoolchain\arm-none-eabi\include\c++\10.2.1\cmath ****   { return __builtin_isgreater(__x, __y); }
 693:c:\program files\daisytoolchain\arm-none-eabi\include\c++\10.2.1\cmath **** #endif
 694:c:\program files\daisytoolchain\arm-none-eabi\include\c++\10.2.1\cmath **** 
 695:c:\program files\daisytoolchain\arm-none-eabi\include\c++\10.2.1\cmath **** #ifndef __CORRECT_ISO_CPP11_MATH_H_PROTO_INT
 696:c:\program files\daisytoolchain\arm-none-eabi\include\c++\10.2.1\cmath ****   template<typename _Tp, typename _Up>
 697:c:\program files\daisytoolchain\arm-none-eabi\include\c++\10.2.1\cmath ****     constexpr typename
 698:c:\program files\daisytoolchain\arm-none-eabi\include\c++\10.2.1\cmath ****     __gnu_cxx::__enable_if<(__is_arithmetic<_Tp>::__value
 699:c:\program files\daisytoolchain\arm-none-eabi\include\c++\10.2.1\cmath **** 			    && __is_arithmetic<_Up>::__value), bool>::__type
 700:c:\program files\daisytoolchain\arm-none-eabi\include\c++\10.2.1\cmath ****     isgreater(_Tp __x, _Up __y)
 701:c:\program files\daisytoolchain\arm-none-eabi\include\c++\10.2.1\cmath ****     {
 702:c:\program files\daisytoolchain\arm-none-eabi\include\c++\10.2.1\cmath ****       typedef typename __gnu_cxx::__promote_2<_Tp, _Up>::__type __type;
 703:c:\program files\daisytoolchain\arm-none-eabi\include\c++\10.2.1\cmath ****       return __builtin_isgreater(__type(__x), __type(__y));
 704:c:\program files\daisytoolchain\arm-none-eabi\include\c++\10.2.1\cmath ****     }
 705:c:\program files\daisytoolchain\arm-none-eabi\include\c++\10.2.1\cmath **** #endif
 706:c:\program files\daisytoolchain\arm-none-eabi\include\c++\10.2.1\cmath **** 
 707:c:\program files\daisytoolchain\arm-none-eabi\include\c++\10.2.1\cmath **** #ifndef __CORRECT_ISO_CPP11_MATH_H_PROTO_FP
 708:c:\program files\daisytoolchain\arm-none-eabi\include\c++\10.2.1\cmath ****   constexpr bool
 709:c:\program files\daisytoolchain\arm-none-eabi\include\c++\10.2.1\cmath ****   isgreaterequal(float __x, float __y)
 710:c:\program files\daisytoolchain\arm-none-eabi\include\c++\10.2.1\cmath ****   { return __builtin_isgreaterequal(__x, __y); }
 711:c:\program files\daisytoolchain\arm-none-eabi\include\c++\10.2.1\cmath **** 
 712:c:\program files\daisytoolchain\arm-none-eabi\include\c++\10.2.1\cmath ****   constexpr bool
 713:c:\program files\daisytoolchain\arm-none-eabi\include\c++\10.2.1\cmath ****   isgreaterequal(double __x, double __y)
 714:c:\program files\daisytoolchain\arm-none-eabi\include\c++\10.2.1\cmath ****   { return __builtin_isgreaterequal(__x, __y); }
 715:c:\program files\daisytoolchain\arm-none-eabi\include\c++\10.2.1\cmath **** 
 716:c:\program files\daisytoolchain\arm-none-eabi\include\c++\10.2.1\cmath ****   constexpr bool
 717:c:\program files\daisytoolchain\arm-none-eabi\include\c++\10.2.1\cmath ****   isgreaterequal(long double __x, long double __y)
 718:c:\program files\daisytoolchain\arm-none-eabi\include\c++\10.2.1\cmath ****   { return __builtin_isgreaterequal(__x, __y); }
 719:c:\program files\daisytoolchain\arm-none-eabi\include\c++\10.2.1\cmath **** #endif
 720:c:\program files\daisytoolchain\arm-none-eabi\include\c++\10.2.1\cmath **** 
 721:c:\program files\daisytoolchain\arm-none-eabi\include\c++\10.2.1\cmath **** #ifndef __CORRECT_ISO_CPP11_MATH_H_PROTO_INT
 722:c:\program files\daisytoolchain\arm-none-eabi\include\c++\10.2.1\cmath ****   template<typename _Tp, typename _Up>
 723:c:\program files\daisytoolchain\arm-none-eabi\include\c++\10.2.1\cmath ****     constexpr typename
 724:c:\program files\daisytoolchain\arm-none-eabi\include\c++\10.2.1\cmath ****     __gnu_cxx::__enable_if<(__is_arithmetic<_Tp>::__value
 725:c:\program files\daisytoolchain\arm-none-eabi\include\c++\10.2.1\cmath **** 			    && __is_arithmetic<_Up>::__value), bool>::__type
 726:c:\program files\daisytoolchain\arm-none-eabi\include\c++\10.2.1\cmath ****     isgreaterequal(_Tp __x, _Up __y)
 727:c:\program files\daisytoolchain\arm-none-eabi\include\c++\10.2.1\cmath ****     {
 728:c:\program files\daisytoolchain\arm-none-eabi\include\c++\10.2.1\cmath ****       typedef typename __gnu_cxx::__promote_2<_Tp, _Up>::__type __type;
 729:c:\program files\daisytoolchain\arm-none-eabi\include\c++\10.2.1\cmath ****       return __builtin_isgreaterequal(__type(__x), __type(__y));
 730:c:\program files\daisytoolchain\arm-none-eabi\include\c++\10.2.1\cmath ****     }
 731:c:\program files\daisytoolchain\arm-none-eabi\include\c++\10.2.1\cmath **** #endif
ARM GAS  C:\Users\aydan\AppData\Local\Temp\cc21BorY.s 			page 108


 732:c:\program files\daisytoolchain\arm-none-eabi\include\c++\10.2.1\cmath **** 
 733:c:\program files\daisytoolchain\arm-none-eabi\include\c++\10.2.1\cmath **** #ifndef __CORRECT_ISO_CPP11_MATH_H_PROTO_FP
 734:c:\program files\daisytoolchain\arm-none-eabi\include\c++\10.2.1\cmath ****   constexpr bool
 735:c:\program files\daisytoolchain\arm-none-eabi\include\c++\10.2.1\cmath ****   isless(float __x, float __y)
 736:c:\program files\daisytoolchain\arm-none-eabi\include\c++\10.2.1\cmath ****   { return __builtin_isless(__x, __y); }
 737:c:\program files\daisytoolchain\arm-none-eabi\include\c++\10.2.1\cmath **** 
 738:c:\program files\daisytoolchain\arm-none-eabi\include\c++\10.2.1\cmath ****   constexpr bool
 739:c:\program files\daisytoolchain\arm-none-eabi\include\c++\10.2.1\cmath ****   isless(double __x, double __y)
 740:c:\program files\daisytoolchain\arm-none-eabi\include\c++\10.2.1\cmath ****   { return __builtin_isless(__x, __y); }
 741:c:\program files\daisytoolchain\arm-none-eabi\include\c++\10.2.1\cmath **** 
 742:c:\program files\daisytoolchain\arm-none-eabi\include\c++\10.2.1\cmath ****   constexpr bool
 743:c:\program files\daisytoolchain\arm-none-eabi\include\c++\10.2.1\cmath ****   isless(long double __x, long double __y)
 744:c:\program files\daisytoolchain\arm-none-eabi\include\c++\10.2.1\cmath ****   { return __builtin_isless(__x, __y); }
 745:c:\program files\daisytoolchain\arm-none-eabi\include\c++\10.2.1\cmath **** #endif
 746:c:\program files\daisytoolchain\arm-none-eabi\include\c++\10.2.1\cmath **** 
 747:c:\program files\daisytoolchain\arm-none-eabi\include\c++\10.2.1\cmath **** #ifndef __CORRECT_ISO_CPP11_MATH_H_PROTO_INT
 748:c:\program files\daisytoolchain\arm-none-eabi\include\c++\10.2.1\cmath ****   template<typename _Tp, typename _Up>
 749:c:\program files\daisytoolchain\arm-none-eabi\include\c++\10.2.1\cmath ****     constexpr typename
 750:c:\program files\daisytoolchain\arm-none-eabi\include\c++\10.2.1\cmath ****     __gnu_cxx::__enable_if<(__is_arithmetic<_Tp>::__value
 751:c:\program files\daisytoolchain\arm-none-eabi\include\c++\10.2.1\cmath **** 			    && __is_arithmetic<_Up>::__value), bool>::__type
 752:c:\program files\daisytoolchain\arm-none-eabi\include\c++\10.2.1\cmath ****     isless(_Tp __x, _Up __y)
 753:c:\program files\daisytoolchain\arm-none-eabi\include\c++\10.2.1\cmath ****     {
 754:c:\program files\daisytoolchain\arm-none-eabi\include\c++\10.2.1\cmath ****       typedef typename __gnu_cxx::__promote_2<_Tp, _Up>::__type __type;
 755:c:\program files\daisytoolchain\arm-none-eabi\include\c++\10.2.1\cmath ****       return __builtin_isless(__type(__x), __type(__y));
 756:c:\program files\daisytoolchain\arm-none-eabi\include\c++\10.2.1\cmath ****     }
 757:c:\program files\daisytoolchain\arm-none-eabi\include\c++\10.2.1\cmath **** #endif
 758:c:\program files\daisytoolchain\arm-none-eabi\include\c++\10.2.1\cmath **** 
 759:c:\program files\daisytoolchain\arm-none-eabi\include\c++\10.2.1\cmath **** #ifndef __CORRECT_ISO_CPP11_MATH_H_PROTO_FP
 760:c:\program files\daisytoolchain\arm-none-eabi\include\c++\10.2.1\cmath ****   constexpr bool
 761:c:\program files\daisytoolchain\arm-none-eabi\include\c++\10.2.1\cmath ****   islessequal(float __x, float __y)
 762:c:\program files\daisytoolchain\arm-none-eabi\include\c++\10.2.1\cmath ****   { return __builtin_islessequal(__x, __y); }
 763:c:\program files\daisytoolchain\arm-none-eabi\include\c++\10.2.1\cmath **** 
 764:c:\program files\daisytoolchain\arm-none-eabi\include\c++\10.2.1\cmath ****   constexpr bool
 765:c:\program files\daisytoolchain\arm-none-eabi\include\c++\10.2.1\cmath ****   islessequal(double __x, double __y)
 766:c:\program files\daisytoolchain\arm-none-eabi\include\c++\10.2.1\cmath ****   { return __builtin_islessequal(__x, __y); }
 767:c:\program files\daisytoolchain\arm-none-eabi\include\c++\10.2.1\cmath **** 
 768:c:\program files\daisytoolchain\arm-none-eabi\include\c++\10.2.1\cmath ****   constexpr bool
 769:c:\program files\daisytoolchain\arm-none-eabi\include\c++\10.2.1\cmath ****   islessequal(long double __x, long double __y)
 770:c:\program files\daisytoolchain\arm-none-eabi\include\c++\10.2.1\cmath ****   { return __builtin_islessequal(__x, __y); }
 771:c:\program files\daisytoolchain\arm-none-eabi\include\c++\10.2.1\cmath **** #endif
 772:c:\program files\daisytoolchain\arm-none-eabi\include\c++\10.2.1\cmath **** 
 773:c:\program files\daisytoolchain\arm-none-eabi\include\c++\10.2.1\cmath **** #ifndef __CORRECT_ISO_CPP11_MATH_H_PROTO_INT
 774:c:\program files\daisytoolchain\arm-none-eabi\include\c++\10.2.1\cmath ****   template<typename _Tp, typename _Up>
 775:c:\program files\daisytoolchain\arm-none-eabi\include\c++\10.2.1\cmath ****     constexpr typename
 776:c:\program files\daisytoolchain\arm-none-eabi\include\c++\10.2.1\cmath ****     __gnu_cxx::__enable_if<(__is_arithmetic<_Tp>::__value
 777:c:\program files\daisytoolchain\arm-none-eabi\include\c++\10.2.1\cmath **** 			    && __is_arithmetic<_Up>::__value), bool>::__type
 778:c:\program files\daisytoolchain\arm-none-eabi\include\c++\10.2.1\cmath ****     islessequal(_Tp __x, _Up __y)
 779:c:\program files\daisytoolchain\arm-none-eabi\include\c++\10.2.1\cmath ****     {
 780:c:\program files\daisytoolchain\arm-none-eabi\include\c++\10.2.1\cmath ****       typedef typename __gnu_cxx::__promote_2<_Tp, _Up>::__type __type;
 781:c:\program files\daisytoolchain\arm-none-eabi\include\c++\10.2.1\cmath ****       return __builtin_islessequal(__type(__x), __type(__y));
 782:c:\program files\daisytoolchain\arm-none-eabi\include\c++\10.2.1\cmath ****     }
 783:c:\program files\daisytoolchain\arm-none-eabi\include\c++\10.2.1\cmath **** #endif
 784:c:\program files\daisytoolchain\arm-none-eabi\include\c++\10.2.1\cmath **** 
 785:c:\program files\daisytoolchain\arm-none-eabi\include\c++\10.2.1\cmath **** #ifndef __CORRECT_ISO_CPP11_MATH_H_PROTO_FP
 786:c:\program files\daisytoolchain\arm-none-eabi\include\c++\10.2.1\cmath ****   constexpr bool
 787:c:\program files\daisytoolchain\arm-none-eabi\include\c++\10.2.1\cmath ****   islessgreater(float __x, float __y)
 788:c:\program files\daisytoolchain\arm-none-eabi\include\c++\10.2.1\cmath ****   { return __builtin_islessgreater(__x, __y); }
ARM GAS  C:\Users\aydan\AppData\Local\Temp\cc21BorY.s 			page 109


 789:c:\program files\daisytoolchain\arm-none-eabi\include\c++\10.2.1\cmath **** 
 790:c:\program files\daisytoolchain\arm-none-eabi\include\c++\10.2.1\cmath ****   constexpr bool
 791:c:\program files\daisytoolchain\arm-none-eabi\include\c++\10.2.1\cmath ****   islessgreater(double __x, double __y)
 792:c:\program files\daisytoolchain\arm-none-eabi\include\c++\10.2.1\cmath ****   { return __builtin_islessgreater(__x, __y); }
 793:c:\program files\daisytoolchain\arm-none-eabi\include\c++\10.2.1\cmath **** 
 794:c:\program files\daisytoolchain\arm-none-eabi\include\c++\10.2.1\cmath ****   constexpr bool
 795:c:\program files\daisytoolchain\arm-none-eabi\include\c++\10.2.1\cmath ****   islessgreater(long double __x, long double __y)
 796:c:\program files\daisytoolchain\arm-none-eabi\include\c++\10.2.1\cmath ****   { return __builtin_islessgreater(__x, __y); }
 797:c:\program files\daisytoolchain\arm-none-eabi\include\c++\10.2.1\cmath **** #endif
 798:c:\program files\daisytoolchain\arm-none-eabi\include\c++\10.2.1\cmath **** 
 799:c:\program files\daisytoolchain\arm-none-eabi\include\c++\10.2.1\cmath **** #ifndef __CORRECT_ISO_CPP11_MATH_H_PROTO_INT
 800:c:\program files\daisytoolchain\arm-none-eabi\include\c++\10.2.1\cmath ****   template<typename _Tp, typename _Up>
 801:c:\program files\daisytoolchain\arm-none-eabi\include\c++\10.2.1\cmath ****     constexpr typename
 802:c:\program files\daisytoolchain\arm-none-eabi\include\c++\10.2.1\cmath ****     __gnu_cxx::__enable_if<(__is_arithmetic<_Tp>::__value
 803:c:\program files\daisytoolchain\arm-none-eabi\include\c++\10.2.1\cmath **** 			    && __is_arithmetic<_Up>::__value), bool>::__type
 804:c:\program files\daisytoolchain\arm-none-eabi\include\c++\10.2.1\cmath ****     islessgreater(_Tp __x, _Up __y)
 805:c:\program files\daisytoolchain\arm-none-eabi\include\c++\10.2.1\cmath ****     {
 806:c:\program files\daisytoolchain\arm-none-eabi\include\c++\10.2.1\cmath ****       typedef typename __gnu_cxx::__promote_2<_Tp, _Up>::__type __type;
 807:c:\program files\daisytoolchain\arm-none-eabi\include\c++\10.2.1\cmath ****       return __builtin_islessgreater(__type(__x), __type(__y));
 808:c:\program files\daisytoolchain\arm-none-eabi\include\c++\10.2.1\cmath ****     }
 809:c:\program files\daisytoolchain\arm-none-eabi\include\c++\10.2.1\cmath **** #endif
 810:c:\program files\daisytoolchain\arm-none-eabi\include\c++\10.2.1\cmath **** 
 811:c:\program files\daisytoolchain\arm-none-eabi\include\c++\10.2.1\cmath **** #ifndef __CORRECT_ISO_CPP11_MATH_H_PROTO_FP
 812:c:\program files\daisytoolchain\arm-none-eabi\include\c++\10.2.1\cmath ****   constexpr bool
 813:c:\program files\daisytoolchain\arm-none-eabi\include\c++\10.2.1\cmath ****   isunordered(float __x, float __y)
 814:c:\program files\daisytoolchain\arm-none-eabi\include\c++\10.2.1\cmath ****   { return __builtin_isunordered(__x, __y); }
 815:c:\program files\daisytoolchain\arm-none-eabi\include\c++\10.2.1\cmath **** 
 816:c:\program files\daisytoolchain\arm-none-eabi\include\c++\10.2.1\cmath ****   constexpr bool
 817:c:\program files\daisytoolchain\arm-none-eabi\include\c++\10.2.1\cmath ****   isunordered(double __x, double __y)
 818:c:\program files\daisytoolchain\arm-none-eabi\include\c++\10.2.1\cmath ****   { return __builtin_isunordered(__x, __y); }
 819:c:\program files\daisytoolchain\arm-none-eabi\include\c++\10.2.1\cmath **** 
 820:c:\program files\daisytoolchain\arm-none-eabi\include\c++\10.2.1\cmath ****   constexpr bool
 821:c:\program files\daisytoolchain\arm-none-eabi\include\c++\10.2.1\cmath ****   isunordered(long double __x, long double __y)
 822:c:\program files\daisytoolchain\arm-none-eabi\include\c++\10.2.1\cmath ****   { return __builtin_isunordered(__x, __y); }
 823:c:\program files\daisytoolchain\arm-none-eabi\include\c++\10.2.1\cmath **** #endif
 824:c:\program files\daisytoolchain\arm-none-eabi\include\c++\10.2.1\cmath **** 
 825:c:\program files\daisytoolchain\arm-none-eabi\include\c++\10.2.1\cmath **** #ifndef __CORRECT_ISO_CPP11_MATH_H_PROTO_INT
 826:c:\program files\daisytoolchain\arm-none-eabi\include\c++\10.2.1\cmath ****   template<typename _Tp, typename _Up>
 827:c:\program files\daisytoolchain\arm-none-eabi\include\c++\10.2.1\cmath ****     constexpr typename
 828:c:\program files\daisytoolchain\arm-none-eabi\include\c++\10.2.1\cmath ****     __gnu_cxx::__enable_if<(__is_arithmetic<_Tp>::__value
 829:c:\program files\daisytoolchain\arm-none-eabi\include\c++\10.2.1\cmath **** 			    && __is_arithmetic<_Up>::__value), bool>::__type
 830:c:\program files\daisytoolchain\arm-none-eabi\include\c++\10.2.1\cmath ****     isunordered(_Tp __x, _Up __y)
 831:c:\program files\daisytoolchain\arm-none-eabi\include\c++\10.2.1\cmath ****     {
 832:c:\program files\daisytoolchain\arm-none-eabi\include\c++\10.2.1\cmath ****       typedef typename __gnu_cxx::__promote_2<_Tp, _Up>::__type __type;
 833:c:\program files\daisytoolchain\arm-none-eabi\include\c++\10.2.1\cmath ****       return __builtin_isunordered(__type(__x), __type(__y));
 834:c:\program files\daisytoolchain\arm-none-eabi\include\c++\10.2.1\cmath ****     }
 835:c:\program files\daisytoolchain\arm-none-eabi\include\c++\10.2.1\cmath **** #endif
 836:c:\program files\daisytoolchain\arm-none-eabi\include\c++\10.2.1\cmath **** 
 837:c:\program files\daisytoolchain\arm-none-eabi\include\c++\10.2.1\cmath **** #else
 838:c:\program files\daisytoolchain\arm-none-eabi\include\c++\10.2.1\cmath **** 
 839:c:\program files\daisytoolchain\arm-none-eabi\include\c++\10.2.1\cmath ****   template<typename _Tp>
 840:c:\program files\daisytoolchain\arm-none-eabi\include\c++\10.2.1\cmath ****     inline typename __gnu_cxx::__enable_if<__is_arithmetic<_Tp>::__value,
 841:c:\program files\daisytoolchain\arm-none-eabi\include\c++\10.2.1\cmath **** 					   int>::__type
 842:c:\program files\daisytoolchain\arm-none-eabi\include\c++\10.2.1\cmath ****     fpclassify(_Tp __f)
 843:c:\program files\daisytoolchain\arm-none-eabi\include\c++\10.2.1\cmath ****     {
 844:c:\program files\daisytoolchain\arm-none-eabi\include\c++\10.2.1\cmath ****       typedef typename __gnu_cxx::__promote<_Tp>::__type __type;
 845:c:\program files\daisytoolchain\arm-none-eabi\include\c++\10.2.1\cmath ****       return __builtin_fpclassify(FP_NAN, FP_INFINITE, FP_NORMAL,
ARM GAS  C:\Users\aydan\AppData\Local\Temp\cc21BorY.s 			page 110


 846:c:\program files\daisytoolchain\arm-none-eabi\include\c++\10.2.1\cmath **** 				  FP_SUBNORMAL, FP_ZERO, __type(__f));
 847:c:\program files\daisytoolchain\arm-none-eabi\include\c++\10.2.1\cmath ****     }
 848:c:\program files\daisytoolchain\arm-none-eabi\include\c++\10.2.1\cmath **** 
 849:c:\program files\daisytoolchain\arm-none-eabi\include\c++\10.2.1\cmath ****   template<typename _Tp>
 850:c:\program files\daisytoolchain\arm-none-eabi\include\c++\10.2.1\cmath ****     inline typename __gnu_cxx::__enable_if<__is_arithmetic<_Tp>::__value,
 851:c:\program files\daisytoolchain\arm-none-eabi\include\c++\10.2.1\cmath **** 					   int>::__type
 852:c:\program files\daisytoolchain\arm-none-eabi\include\c++\10.2.1\cmath ****     isfinite(_Tp __f)
 853:c:\program files\daisytoolchain\arm-none-eabi\include\c++\10.2.1\cmath ****     {
 854:c:\program files\daisytoolchain\arm-none-eabi\include\c++\10.2.1\cmath ****       typedef typename __gnu_cxx::__promote<_Tp>::__type __type;
 855:c:\program files\daisytoolchain\arm-none-eabi\include\c++\10.2.1\cmath ****       return __builtin_isfinite(__type(__f));
 856:c:\program files\daisytoolchain\arm-none-eabi\include\c++\10.2.1\cmath ****     }
 857:c:\program files\daisytoolchain\arm-none-eabi\include\c++\10.2.1\cmath **** 
 858:c:\program files\daisytoolchain\arm-none-eabi\include\c++\10.2.1\cmath ****   template<typename _Tp>
 859:c:\program files\daisytoolchain\arm-none-eabi\include\c++\10.2.1\cmath ****     inline typename __gnu_cxx::__enable_if<__is_arithmetic<_Tp>::__value,
 860:c:\program files\daisytoolchain\arm-none-eabi\include\c++\10.2.1\cmath **** 					   int>::__type
 861:c:\program files\daisytoolchain\arm-none-eabi\include\c++\10.2.1\cmath ****     isinf(_Tp __f)
 862:c:\program files\daisytoolchain\arm-none-eabi\include\c++\10.2.1\cmath ****     {
 863:c:\program files\daisytoolchain\arm-none-eabi\include\c++\10.2.1\cmath ****       typedef typename __gnu_cxx::__promote<_Tp>::__type __type;
 864:c:\program files\daisytoolchain\arm-none-eabi\include\c++\10.2.1\cmath ****       return __builtin_isinf(__type(__f));
 865:c:\program files\daisytoolchain\arm-none-eabi\include\c++\10.2.1\cmath ****     }
 866:c:\program files\daisytoolchain\arm-none-eabi\include\c++\10.2.1\cmath **** 
 867:c:\program files\daisytoolchain\arm-none-eabi\include\c++\10.2.1\cmath ****   template<typename _Tp>
 868:c:\program files\daisytoolchain\arm-none-eabi\include\c++\10.2.1\cmath ****     inline typename __gnu_cxx::__enable_if<__is_arithmetic<_Tp>::__value,
 869:c:\program files\daisytoolchain\arm-none-eabi\include\c++\10.2.1\cmath **** 					   int>::__type
 870:c:\program files\daisytoolchain\arm-none-eabi\include\c++\10.2.1\cmath ****     isnan(_Tp __f)
 871:c:\program files\daisytoolchain\arm-none-eabi\include\c++\10.2.1\cmath ****     {
 872:c:\program files\daisytoolchain\arm-none-eabi\include\c++\10.2.1\cmath ****       typedef typename __gnu_cxx::__promote<_Tp>::__type __type;
 873:c:\program files\daisytoolchain\arm-none-eabi\include\c++\10.2.1\cmath ****       return __builtin_isnan(__type(__f));
 874:c:\program files\daisytoolchain\arm-none-eabi\include\c++\10.2.1\cmath ****     }
 875:c:\program files\daisytoolchain\arm-none-eabi\include\c++\10.2.1\cmath **** 
 876:c:\program files\daisytoolchain\arm-none-eabi\include\c++\10.2.1\cmath ****   template<typename _Tp>
 877:c:\program files\daisytoolchain\arm-none-eabi\include\c++\10.2.1\cmath ****     inline typename __gnu_cxx::__enable_if<__is_arithmetic<_Tp>::__value,
 878:c:\program files\daisytoolchain\arm-none-eabi\include\c++\10.2.1\cmath **** 					   int>::__type
 879:c:\program files\daisytoolchain\arm-none-eabi\include\c++\10.2.1\cmath ****     isnormal(_Tp __f)
 880:c:\program files\daisytoolchain\arm-none-eabi\include\c++\10.2.1\cmath ****     {
 881:c:\program files\daisytoolchain\arm-none-eabi\include\c++\10.2.1\cmath ****       typedef typename __gnu_cxx::__promote<_Tp>::__type __type;
 882:c:\program files\daisytoolchain\arm-none-eabi\include\c++\10.2.1\cmath ****       return __builtin_isnormal(__type(__f));
 883:c:\program files\daisytoolchain\arm-none-eabi\include\c++\10.2.1\cmath ****     }
 884:c:\program files\daisytoolchain\arm-none-eabi\include\c++\10.2.1\cmath **** 
 885:c:\program files\daisytoolchain\arm-none-eabi\include\c++\10.2.1\cmath ****   template<typename _Tp>
 886:c:\program files\daisytoolchain\arm-none-eabi\include\c++\10.2.1\cmath ****     inline typename __gnu_cxx::__enable_if<__is_arithmetic<_Tp>::__value,
 887:c:\program files\daisytoolchain\arm-none-eabi\include\c++\10.2.1\cmath **** 					   int>::__type
 888:c:\program files\daisytoolchain\arm-none-eabi\include\c++\10.2.1\cmath ****     signbit(_Tp __f)
 889:c:\program files\daisytoolchain\arm-none-eabi\include\c++\10.2.1\cmath ****     {
 890:c:\program files\daisytoolchain\arm-none-eabi\include\c++\10.2.1\cmath ****       typedef typename __gnu_cxx::__promote<_Tp>::__type __type;
 891:c:\program files\daisytoolchain\arm-none-eabi\include\c++\10.2.1\cmath ****       return __builtin_signbit(__type(__f));
 892:c:\program files\daisytoolchain\arm-none-eabi\include\c++\10.2.1\cmath ****     }
 893:c:\program files\daisytoolchain\arm-none-eabi\include\c++\10.2.1\cmath **** 
 894:c:\program files\daisytoolchain\arm-none-eabi\include\c++\10.2.1\cmath ****   template<typename _Tp>
 895:c:\program files\daisytoolchain\arm-none-eabi\include\c++\10.2.1\cmath ****     inline typename __gnu_cxx::__enable_if<__is_arithmetic<_Tp>::__value,
 896:c:\program files\daisytoolchain\arm-none-eabi\include\c++\10.2.1\cmath **** 					   int>::__type
 897:c:\program files\daisytoolchain\arm-none-eabi\include\c++\10.2.1\cmath ****     isgreater(_Tp __f1, _Tp __f2)
 898:c:\program files\daisytoolchain\arm-none-eabi\include\c++\10.2.1\cmath ****     {
 899:c:\program files\daisytoolchain\arm-none-eabi\include\c++\10.2.1\cmath ****       typedef typename __gnu_cxx::__promote<_Tp>::__type __type;
 900:c:\program files\daisytoolchain\arm-none-eabi\include\c++\10.2.1\cmath ****       return __builtin_isgreater(__type(__f1), __type(__f2));
 901:c:\program files\daisytoolchain\arm-none-eabi\include\c++\10.2.1\cmath ****     }
 902:c:\program files\daisytoolchain\arm-none-eabi\include\c++\10.2.1\cmath **** 
ARM GAS  C:\Users\aydan\AppData\Local\Temp\cc21BorY.s 			page 111


 903:c:\program files\daisytoolchain\arm-none-eabi\include\c++\10.2.1\cmath ****   template<typename _Tp>
 904:c:\program files\daisytoolchain\arm-none-eabi\include\c++\10.2.1\cmath ****     inline typename __gnu_cxx::__enable_if<__is_arithmetic<_Tp>::__value,
 905:c:\program files\daisytoolchain\arm-none-eabi\include\c++\10.2.1\cmath **** 					   int>::__type
 906:c:\program files\daisytoolchain\arm-none-eabi\include\c++\10.2.1\cmath ****     isgreaterequal(_Tp __f1, _Tp __f2)
 907:c:\program files\daisytoolchain\arm-none-eabi\include\c++\10.2.1\cmath ****     {
 908:c:\program files\daisytoolchain\arm-none-eabi\include\c++\10.2.1\cmath ****       typedef typename __gnu_cxx::__promote<_Tp>::__type __type;
 909:c:\program files\daisytoolchain\arm-none-eabi\include\c++\10.2.1\cmath ****       return __builtin_isgreaterequal(__type(__f1), __type(__f2));
 910:c:\program files\daisytoolchain\arm-none-eabi\include\c++\10.2.1\cmath ****     }
 911:c:\program files\daisytoolchain\arm-none-eabi\include\c++\10.2.1\cmath **** 
 912:c:\program files\daisytoolchain\arm-none-eabi\include\c++\10.2.1\cmath ****   template<typename _Tp>
 913:c:\program files\daisytoolchain\arm-none-eabi\include\c++\10.2.1\cmath ****     inline typename __gnu_cxx::__enable_if<__is_arithmetic<_Tp>::__value,
 914:c:\program files\daisytoolchain\arm-none-eabi\include\c++\10.2.1\cmath **** 					   int>::__type
 915:c:\program files\daisytoolchain\arm-none-eabi\include\c++\10.2.1\cmath ****     isless(_Tp __f1, _Tp __f2)
 916:c:\program files\daisytoolchain\arm-none-eabi\include\c++\10.2.1\cmath ****     {
 917:c:\program files\daisytoolchain\arm-none-eabi\include\c++\10.2.1\cmath ****       typedef typename __gnu_cxx::__promote<_Tp>::__type __type;
 918:c:\program files\daisytoolchain\arm-none-eabi\include\c++\10.2.1\cmath ****       return __builtin_isless(__type(__f1), __type(__f2));
 919:c:\program files\daisytoolchain\arm-none-eabi\include\c++\10.2.1\cmath ****     }
 920:c:\program files\daisytoolchain\arm-none-eabi\include\c++\10.2.1\cmath **** 
 921:c:\program files\daisytoolchain\arm-none-eabi\include\c++\10.2.1\cmath ****   template<typename _Tp>
 922:c:\program files\daisytoolchain\arm-none-eabi\include\c++\10.2.1\cmath ****     inline typename __gnu_cxx::__enable_if<__is_arithmetic<_Tp>::__value,
 923:c:\program files\daisytoolchain\arm-none-eabi\include\c++\10.2.1\cmath **** 					   int>::__type
 924:c:\program files\daisytoolchain\arm-none-eabi\include\c++\10.2.1\cmath ****     islessequal(_Tp __f1, _Tp __f2)
 925:c:\program files\daisytoolchain\arm-none-eabi\include\c++\10.2.1\cmath ****     {
 926:c:\program files\daisytoolchain\arm-none-eabi\include\c++\10.2.1\cmath ****       typedef typename __gnu_cxx::__promote<_Tp>::__type __type;
 927:c:\program files\daisytoolchain\arm-none-eabi\include\c++\10.2.1\cmath ****       return __builtin_islessequal(__type(__f1), __type(__f2));
 928:c:\program files\daisytoolchain\arm-none-eabi\include\c++\10.2.1\cmath ****     }
 929:c:\program files\daisytoolchain\arm-none-eabi\include\c++\10.2.1\cmath **** 
 930:c:\program files\daisytoolchain\arm-none-eabi\include\c++\10.2.1\cmath ****   template<typename _Tp>
 931:c:\program files\daisytoolchain\arm-none-eabi\include\c++\10.2.1\cmath ****     inline typename __gnu_cxx::__enable_if<__is_arithmetic<_Tp>::__value,
 932:c:\program files\daisytoolchain\arm-none-eabi\include\c++\10.2.1\cmath **** 					   int>::__type
 933:c:\program files\daisytoolchain\arm-none-eabi\include\c++\10.2.1\cmath ****     islessgreater(_Tp __f1, _Tp __f2)
 934:c:\program files\daisytoolchain\arm-none-eabi\include\c++\10.2.1\cmath ****     {
 935:c:\program files\daisytoolchain\arm-none-eabi\include\c++\10.2.1\cmath ****       typedef typename __gnu_cxx::__promote<_Tp>::__type __type;
 936:c:\program files\daisytoolchain\arm-none-eabi\include\c++\10.2.1\cmath ****       return __builtin_islessgreater(__type(__f1), __type(__f2));
 937:c:\program files\daisytoolchain\arm-none-eabi\include\c++\10.2.1\cmath ****     }
 938:c:\program files\daisytoolchain\arm-none-eabi\include\c++\10.2.1\cmath **** 
 939:c:\program files\daisytoolchain\arm-none-eabi\include\c++\10.2.1\cmath ****   template<typename _Tp>
 940:c:\program files\daisytoolchain\arm-none-eabi\include\c++\10.2.1\cmath ****     inline typename __gnu_cxx::__enable_if<__is_arithmetic<_Tp>::__value,
 941:c:\program files\daisytoolchain\arm-none-eabi\include\c++\10.2.1\cmath **** 					   int>::__type
 942:c:\program files\daisytoolchain\arm-none-eabi\include\c++\10.2.1\cmath ****     isunordered(_Tp __f1, _Tp __f2)
 943:c:\program files\daisytoolchain\arm-none-eabi\include\c++\10.2.1\cmath ****     {
 944:c:\program files\daisytoolchain\arm-none-eabi\include\c++\10.2.1\cmath ****       typedef typename __gnu_cxx::__promote<_Tp>::__type __type;
 945:c:\program files\daisytoolchain\arm-none-eabi\include\c++\10.2.1\cmath ****       return __builtin_isunordered(__type(__f1), __type(__f2));
 946:c:\program files\daisytoolchain\arm-none-eabi\include\c++\10.2.1\cmath ****     }
 947:c:\program files\daisytoolchain\arm-none-eabi\include\c++\10.2.1\cmath **** 
 948:c:\program files\daisytoolchain\arm-none-eabi\include\c++\10.2.1\cmath **** #endif // C++11
 949:c:\program files\daisytoolchain\arm-none-eabi\include\c++\10.2.1\cmath **** #endif /* _GLIBCXX_USE_C99_FP_MACROS_DYNAMIC */
 950:c:\program files\daisytoolchain\arm-none-eabi\include\c++\10.2.1\cmath **** #endif /* _GLIBCXX_USE_C99_MATH */
 951:c:\program files\daisytoolchain\arm-none-eabi\include\c++\10.2.1\cmath **** 
 952:c:\program files\daisytoolchain\arm-none-eabi\include\c++\10.2.1\cmath **** #if __cplusplus >= 201103L
 953:c:\program files\daisytoolchain\arm-none-eabi\include\c++\10.2.1\cmath **** 
 954:c:\program files\daisytoolchain\arm-none-eabi\include\c++\10.2.1\cmath **** #ifdef _GLIBCXX_USE_C99_MATH_TR1
 955:c:\program files\daisytoolchain\arm-none-eabi\include\c++\10.2.1\cmath **** 
 956:c:\program files\daisytoolchain\arm-none-eabi\include\c++\10.2.1\cmath **** #undef acosh
 957:c:\program files\daisytoolchain\arm-none-eabi\include\c++\10.2.1\cmath **** #undef acoshf
 958:c:\program files\daisytoolchain\arm-none-eabi\include\c++\10.2.1\cmath **** #undef acoshl
 959:c:\program files\daisytoolchain\arm-none-eabi\include\c++\10.2.1\cmath **** #undef asinh
ARM GAS  C:\Users\aydan\AppData\Local\Temp\cc21BorY.s 			page 112


 960:c:\program files\daisytoolchain\arm-none-eabi\include\c++\10.2.1\cmath **** #undef asinhf
 961:c:\program files\daisytoolchain\arm-none-eabi\include\c++\10.2.1\cmath **** #undef asinhl
 962:c:\program files\daisytoolchain\arm-none-eabi\include\c++\10.2.1\cmath **** #undef atanh
 963:c:\program files\daisytoolchain\arm-none-eabi\include\c++\10.2.1\cmath **** #undef atanhf
 964:c:\program files\daisytoolchain\arm-none-eabi\include\c++\10.2.1\cmath **** #undef atanhl
 965:c:\program files\daisytoolchain\arm-none-eabi\include\c++\10.2.1\cmath **** #undef cbrt
 966:c:\program files\daisytoolchain\arm-none-eabi\include\c++\10.2.1\cmath **** #undef cbrtf
 967:c:\program files\daisytoolchain\arm-none-eabi\include\c++\10.2.1\cmath **** #undef cbrtl
 968:c:\program files\daisytoolchain\arm-none-eabi\include\c++\10.2.1\cmath **** #undef copysign
 969:c:\program files\daisytoolchain\arm-none-eabi\include\c++\10.2.1\cmath **** #undef copysignf
 970:c:\program files\daisytoolchain\arm-none-eabi\include\c++\10.2.1\cmath **** #undef copysignl
 971:c:\program files\daisytoolchain\arm-none-eabi\include\c++\10.2.1\cmath **** #undef erf
 972:c:\program files\daisytoolchain\arm-none-eabi\include\c++\10.2.1\cmath **** #undef erff
 973:c:\program files\daisytoolchain\arm-none-eabi\include\c++\10.2.1\cmath **** #undef erfl
 974:c:\program files\daisytoolchain\arm-none-eabi\include\c++\10.2.1\cmath **** #undef erfc
 975:c:\program files\daisytoolchain\arm-none-eabi\include\c++\10.2.1\cmath **** #undef erfcf
 976:c:\program files\daisytoolchain\arm-none-eabi\include\c++\10.2.1\cmath **** #undef erfcl
 977:c:\program files\daisytoolchain\arm-none-eabi\include\c++\10.2.1\cmath **** #undef exp2
 978:c:\program files\daisytoolchain\arm-none-eabi\include\c++\10.2.1\cmath **** #undef exp2f
 979:c:\program files\daisytoolchain\arm-none-eabi\include\c++\10.2.1\cmath **** #undef exp2l
 980:c:\program files\daisytoolchain\arm-none-eabi\include\c++\10.2.1\cmath **** #undef expm1
 981:c:\program files\daisytoolchain\arm-none-eabi\include\c++\10.2.1\cmath **** #undef expm1f
 982:c:\program files\daisytoolchain\arm-none-eabi\include\c++\10.2.1\cmath **** #undef expm1l
 983:c:\program files\daisytoolchain\arm-none-eabi\include\c++\10.2.1\cmath **** #undef fdim
 984:c:\program files\daisytoolchain\arm-none-eabi\include\c++\10.2.1\cmath **** #undef fdimf
 985:c:\program files\daisytoolchain\arm-none-eabi\include\c++\10.2.1\cmath **** #undef fdiml
 986:c:\program files\daisytoolchain\arm-none-eabi\include\c++\10.2.1\cmath **** #undef fma
 987:c:\program files\daisytoolchain\arm-none-eabi\include\c++\10.2.1\cmath **** #undef fmaf
 988:c:\program files\daisytoolchain\arm-none-eabi\include\c++\10.2.1\cmath **** #undef fmal
 989:c:\program files\daisytoolchain\arm-none-eabi\include\c++\10.2.1\cmath **** #undef fmax
 990:c:\program files\daisytoolchain\arm-none-eabi\include\c++\10.2.1\cmath **** #undef fmaxf
 991:c:\program files\daisytoolchain\arm-none-eabi\include\c++\10.2.1\cmath **** #undef fmaxl
 992:c:\program files\daisytoolchain\arm-none-eabi\include\c++\10.2.1\cmath **** #undef fmin
 993:c:\program files\daisytoolchain\arm-none-eabi\include\c++\10.2.1\cmath **** #undef fminf
 994:c:\program files\daisytoolchain\arm-none-eabi\include\c++\10.2.1\cmath **** #undef fminl
 995:c:\program files\daisytoolchain\arm-none-eabi\include\c++\10.2.1\cmath **** #undef hypot
 996:c:\program files\daisytoolchain\arm-none-eabi\include\c++\10.2.1\cmath **** #undef hypotf
 997:c:\program files\daisytoolchain\arm-none-eabi\include\c++\10.2.1\cmath **** #undef hypotl
 998:c:\program files\daisytoolchain\arm-none-eabi\include\c++\10.2.1\cmath **** #undef ilogb
 999:c:\program files\daisytoolchain\arm-none-eabi\include\c++\10.2.1\cmath **** #undef ilogbf
1000:c:\program files\daisytoolchain\arm-none-eabi\include\c++\10.2.1\cmath **** #undef ilogbl
1001:c:\program files\daisytoolchain\arm-none-eabi\include\c++\10.2.1\cmath **** #undef lgamma
1002:c:\program files\daisytoolchain\arm-none-eabi\include\c++\10.2.1\cmath **** #undef lgammaf
1003:c:\program files\daisytoolchain\arm-none-eabi\include\c++\10.2.1\cmath **** #undef lgammal
1004:c:\program files\daisytoolchain\arm-none-eabi\include\c++\10.2.1\cmath **** #ifndef _GLIBCXX_NO_C99_ROUNDING_FUNCS
1005:c:\program files\daisytoolchain\arm-none-eabi\include\c++\10.2.1\cmath **** #undef llrint
1006:c:\program files\daisytoolchain\arm-none-eabi\include\c++\10.2.1\cmath **** #undef llrintf
1007:c:\program files\daisytoolchain\arm-none-eabi\include\c++\10.2.1\cmath **** #undef llrintl
1008:c:\program files\daisytoolchain\arm-none-eabi\include\c++\10.2.1\cmath **** #undef llround
1009:c:\program files\daisytoolchain\arm-none-eabi\include\c++\10.2.1\cmath **** #undef llroundf
1010:c:\program files\daisytoolchain\arm-none-eabi\include\c++\10.2.1\cmath **** #undef llroundl
1011:c:\program files\daisytoolchain\arm-none-eabi\include\c++\10.2.1\cmath **** #endif
1012:c:\program files\daisytoolchain\arm-none-eabi\include\c++\10.2.1\cmath **** #undef log1p
1013:c:\program files\daisytoolchain\arm-none-eabi\include\c++\10.2.1\cmath **** #undef log1pf
1014:c:\program files\daisytoolchain\arm-none-eabi\include\c++\10.2.1\cmath **** #undef log1pl
1015:c:\program files\daisytoolchain\arm-none-eabi\include\c++\10.2.1\cmath **** #undef log2
1016:c:\program files\daisytoolchain\arm-none-eabi\include\c++\10.2.1\cmath **** #undef log2f
ARM GAS  C:\Users\aydan\AppData\Local\Temp\cc21BorY.s 			page 113


1017:c:\program files\daisytoolchain\arm-none-eabi\include\c++\10.2.1\cmath **** #undef log2l
1018:c:\program files\daisytoolchain\arm-none-eabi\include\c++\10.2.1\cmath **** #undef logb
1019:c:\program files\daisytoolchain\arm-none-eabi\include\c++\10.2.1\cmath **** #undef logbf
1020:c:\program files\daisytoolchain\arm-none-eabi\include\c++\10.2.1\cmath **** #undef logbl
1021:c:\program files\daisytoolchain\arm-none-eabi\include\c++\10.2.1\cmath **** #undef lrint
1022:c:\program files\daisytoolchain\arm-none-eabi\include\c++\10.2.1\cmath **** #undef lrintf
1023:c:\program files\daisytoolchain\arm-none-eabi\include\c++\10.2.1\cmath **** #undef lrintl
1024:c:\program files\daisytoolchain\arm-none-eabi\include\c++\10.2.1\cmath **** #undef lround
1025:c:\program files\daisytoolchain\arm-none-eabi\include\c++\10.2.1\cmath **** #undef lroundf
1026:c:\program files\daisytoolchain\arm-none-eabi\include\c++\10.2.1\cmath **** #undef lroundl
1027:c:\program files\daisytoolchain\arm-none-eabi\include\c++\10.2.1\cmath **** #undef nan
1028:c:\program files\daisytoolchain\arm-none-eabi\include\c++\10.2.1\cmath **** #undef nanf
1029:c:\program files\daisytoolchain\arm-none-eabi\include\c++\10.2.1\cmath **** #undef nanl
1030:c:\program files\daisytoolchain\arm-none-eabi\include\c++\10.2.1\cmath **** #undef nearbyint
1031:c:\program files\daisytoolchain\arm-none-eabi\include\c++\10.2.1\cmath **** #undef nearbyintf
1032:c:\program files\daisytoolchain\arm-none-eabi\include\c++\10.2.1\cmath **** #undef nearbyintl
1033:c:\program files\daisytoolchain\arm-none-eabi\include\c++\10.2.1\cmath **** #undef nextafter
1034:c:\program files\daisytoolchain\arm-none-eabi\include\c++\10.2.1\cmath **** #undef nextafterf
1035:c:\program files\daisytoolchain\arm-none-eabi\include\c++\10.2.1\cmath **** #undef nextafterl
1036:c:\program files\daisytoolchain\arm-none-eabi\include\c++\10.2.1\cmath **** #undef nexttoward
1037:c:\program files\daisytoolchain\arm-none-eabi\include\c++\10.2.1\cmath **** #undef nexttowardf
1038:c:\program files\daisytoolchain\arm-none-eabi\include\c++\10.2.1\cmath **** #undef nexttowardl
1039:c:\program files\daisytoolchain\arm-none-eabi\include\c++\10.2.1\cmath **** #undef remainder
1040:c:\program files\daisytoolchain\arm-none-eabi\include\c++\10.2.1\cmath **** #undef remainderf
1041:c:\program files\daisytoolchain\arm-none-eabi\include\c++\10.2.1\cmath **** #undef remainderl
1042:c:\program files\daisytoolchain\arm-none-eabi\include\c++\10.2.1\cmath **** #undef remquo
1043:c:\program files\daisytoolchain\arm-none-eabi\include\c++\10.2.1\cmath **** #undef remquof
1044:c:\program files\daisytoolchain\arm-none-eabi\include\c++\10.2.1\cmath **** #undef remquol
1045:c:\program files\daisytoolchain\arm-none-eabi\include\c++\10.2.1\cmath **** #undef rint
1046:c:\program files\daisytoolchain\arm-none-eabi\include\c++\10.2.1\cmath **** #undef rintf
1047:c:\program files\daisytoolchain\arm-none-eabi\include\c++\10.2.1\cmath **** #undef rintl
1048:c:\program files\daisytoolchain\arm-none-eabi\include\c++\10.2.1\cmath **** #undef round
1049:c:\program files\daisytoolchain\arm-none-eabi\include\c++\10.2.1\cmath **** #undef roundf
1050:c:\program files\daisytoolchain\arm-none-eabi\include\c++\10.2.1\cmath **** #undef roundl
1051:c:\program files\daisytoolchain\arm-none-eabi\include\c++\10.2.1\cmath **** #undef scalbln
1052:c:\program files\daisytoolchain\arm-none-eabi\include\c++\10.2.1\cmath **** #undef scalblnf
1053:c:\program files\daisytoolchain\arm-none-eabi\include\c++\10.2.1\cmath **** #undef scalblnl
1054:c:\program files\daisytoolchain\arm-none-eabi\include\c++\10.2.1\cmath **** #undef scalbn
1055:c:\program files\daisytoolchain\arm-none-eabi\include\c++\10.2.1\cmath **** #undef scalbnf
1056:c:\program files\daisytoolchain\arm-none-eabi\include\c++\10.2.1\cmath **** #undef scalbnl
1057:c:\program files\daisytoolchain\arm-none-eabi\include\c++\10.2.1\cmath **** #undef tgamma
1058:c:\program files\daisytoolchain\arm-none-eabi\include\c++\10.2.1\cmath **** #undef tgammaf
1059:c:\program files\daisytoolchain\arm-none-eabi\include\c++\10.2.1\cmath **** #undef tgammal
1060:c:\program files\daisytoolchain\arm-none-eabi\include\c++\10.2.1\cmath **** #undef trunc
1061:c:\program files\daisytoolchain\arm-none-eabi\include\c++\10.2.1\cmath **** #undef truncf
1062:c:\program files\daisytoolchain\arm-none-eabi\include\c++\10.2.1\cmath **** #undef truncl
1063:c:\program files\daisytoolchain\arm-none-eabi\include\c++\10.2.1\cmath **** 
1064:c:\program files\daisytoolchain\arm-none-eabi\include\c++\10.2.1\cmath ****   // types
1065:c:\program files\daisytoolchain\arm-none-eabi\include\c++\10.2.1\cmath ****   using ::double_t;
1066:c:\program files\daisytoolchain\arm-none-eabi\include\c++\10.2.1\cmath ****   using ::float_t;
1067:c:\program files\daisytoolchain\arm-none-eabi\include\c++\10.2.1\cmath **** 
1068:c:\program files\daisytoolchain\arm-none-eabi\include\c++\10.2.1\cmath ****   // functions
1069:c:\program files\daisytoolchain\arm-none-eabi\include\c++\10.2.1\cmath ****   using ::acosh;
1070:c:\program files\daisytoolchain\arm-none-eabi\include\c++\10.2.1\cmath ****   using ::acoshf;
1071:c:\program files\daisytoolchain\arm-none-eabi\include\c++\10.2.1\cmath ****   using ::acoshl;
1072:c:\program files\daisytoolchain\arm-none-eabi\include\c++\10.2.1\cmath **** 
1073:c:\program files\daisytoolchain\arm-none-eabi\include\c++\10.2.1\cmath ****   using ::asinh;
ARM GAS  C:\Users\aydan\AppData\Local\Temp\cc21BorY.s 			page 114


1074:c:\program files\daisytoolchain\arm-none-eabi\include\c++\10.2.1\cmath ****   using ::asinhf;
1075:c:\program files\daisytoolchain\arm-none-eabi\include\c++\10.2.1\cmath ****   using ::asinhl;
1076:c:\program files\daisytoolchain\arm-none-eabi\include\c++\10.2.1\cmath **** 
1077:c:\program files\daisytoolchain\arm-none-eabi\include\c++\10.2.1\cmath ****   using ::atanh;
1078:c:\program files\daisytoolchain\arm-none-eabi\include\c++\10.2.1\cmath ****   using ::atanhf;
1079:c:\program files\daisytoolchain\arm-none-eabi\include\c++\10.2.1\cmath ****   using ::atanhl;
1080:c:\program files\daisytoolchain\arm-none-eabi\include\c++\10.2.1\cmath **** 
1081:c:\program files\daisytoolchain\arm-none-eabi\include\c++\10.2.1\cmath ****   using ::cbrt;
1082:c:\program files\daisytoolchain\arm-none-eabi\include\c++\10.2.1\cmath ****   using ::cbrtf;
1083:c:\program files\daisytoolchain\arm-none-eabi\include\c++\10.2.1\cmath ****   using ::cbrtl;
1084:c:\program files\daisytoolchain\arm-none-eabi\include\c++\10.2.1\cmath **** 
1085:c:\program files\daisytoolchain\arm-none-eabi\include\c++\10.2.1\cmath ****   using ::copysign;
1086:c:\program files\daisytoolchain\arm-none-eabi\include\c++\10.2.1\cmath ****   using ::copysignf;
1087:c:\program files\daisytoolchain\arm-none-eabi\include\c++\10.2.1\cmath ****   using ::copysignl;
1088:c:\program files\daisytoolchain\arm-none-eabi\include\c++\10.2.1\cmath **** 
1089:c:\program files\daisytoolchain\arm-none-eabi\include\c++\10.2.1\cmath ****   using ::erf;
1090:c:\program files\daisytoolchain\arm-none-eabi\include\c++\10.2.1\cmath ****   using ::erff;
1091:c:\program files\daisytoolchain\arm-none-eabi\include\c++\10.2.1\cmath ****   using ::erfl;
1092:c:\program files\daisytoolchain\arm-none-eabi\include\c++\10.2.1\cmath **** 
1093:c:\program files\daisytoolchain\arm-none-eabi\include\c++\10.2.1\cmath ****   using ::erfc;
1094:c:\program files\daisytoolchain\arm-none-eabi\include\c++\10.2.1\cmath ****   using ::erfcf;
1095:c:\program files\daisytoolchain\arm-none-eabi\include\c++\10.2.1\cmath ****   using ::erfcl;
1096:c:\program files\daisytoolchain\arm-none-eabi\include\c++\10.2.1\cmath **** 
1097:c:\program files\daisytoolchain\arm-none-eabi\include\c++\10.2.1\cmath ****   using ::exp2;
1098:c:\program files\daisytoolchain\arm-none-eabi\include\c++\10.2.1\cmath ****   using ::exp2f;
1099:c:\program files\daisytoolchain\arm-none-eabi\include\c++\10.2.1\cmath ****   using ::exp2l;
1100:c:\program files\daisytoolchain\arm-none-eabi\include\c++\10.2.1\cmath **** 
1101:c:\program files\daisytoolchain\arm-none-eabi\include\c++\10.2.1\cmath ****   using ::expm1;
1102:c:\program files\daisytoolchain\arm-none-eabi\include\c++\10.2.1\cmath ****   using ::expm1f;
1103:c:\program files\daisytoolchain\arm-none-eabi\include\c++\10.2.1\cmath ****   using ::expm1l;
1104:c:\program files\daisytoolchain\arm-none-eabi\include\c++\10.2.1\cmath **** 
1105:c:\program files\daisytoolchain\arm-none-eabi\include\c++\10.2.1\cmath ****   using ::fdim;
1106:c:\program files\daisytoolchain\arm-none-eabi\include\c++\10.2.1\cmath ****   using ::fdimf;
1107:c:\program files\daisytoolchain\arm-none-eabi\include\c++\10.2.1\cmath ****   using ::fdiml;
1108:c:\program files\daisytoolchain\arm-none-eabi\include\c++\10.2.1\cmath **** 
1109:c:\program files\daisytoolchain\arm-none-eabi\include\c++\10.2.1\cmath ****   using ::fma;
1110:c:\program files\daisytoolchain\arm-none-eabi\include\c++\10.2.1\cmath ****   using ::fmaf;
1111:c:\program files\daisytoolchain\arm-none-eabi\include\c++\10.2.1\cmath ****   using ::fmal;
1112:c:\program files\daisytoolchain\arm-none-eabi\include\c++\10.2.1\cmath **** 
1113:c:\program files\daisytoolchain\arm-none-eabi\include\c++\10.2.1\cmath ****   using ::fmax;
1114:c:\program files\daisytoolchain\arm-none-eabi\include\c++\10.2.1\cmath ****   using ::fmaxf;
1115:c:\program files\daisytoolchain\arm-none-eabi\include\c++\10.2.1\cmath ****   using ::fmaxl;
1116:c:\program files\daisytoolchain\arm-none-eabi\include\c++\10.2.1\cmath **** 
1117:c:\program files\daisytoolchain\arm-none-eabi\include\c++\10.2.1\cmath ****   using ::fmin;
1118:c:\program files\daisytoolchain\arm-none-eabi\include\c++\10.2.1\cmath ****   using ::fminf;
1119:c:\program files\daisytoolchain\arm-none-eabi\include\c++\10.2.1\cmath ****   using ::fminl;
1120:c:\program files\daisytoolchain\arm-none-eabi\include\c++\10.2.1\cmath **** 
1121:c:\program files\daisytoolchain\arm-none-eabi\include\c++\10.2.1\cmath ****   using ::hypot;
1122:c:\program files\daisytoolchain\arm-none-eabi\include\c++\10.2.1\cmath ****   using ::hypotf;
1123:c:\program files\daisytoolchain\arm-none-eabi\include\c++\10.2.1\cmath ****   using ::hypotl;
1124:c:\program files\daisytoolchain\arm-none-eabi\include\c++\10.2.1\cmath **** 
1125:c:\program files\daisytoolchain\arm-none-eabi\include\c++\10.2.1\cmath ****   using ::ilogb;
1126:c:\program files\daisytoolchain\arm-none-eabi\include\c++\10.2.1\cmath ****   using ::ilogbf;
1127:c:\program files\daisytoolchain\arm-none-eabi\include\c++\10.2.1\cmath ****   using ::ilogbl;
1128:c:\program files\daisytoolchain\arm-none-eabi\include\c++\10.2.1\cmath **** 
1129:c:\program files\daisytoolchain\arm-none-eabi\include\c++\10.2.1\cmath ****   using ::lgamma;
1130:c:\program files\daisytoolchain\arm-none-eabi\include\c++\10.2.1\cmath ****   using ::lgammaf;
ARM GAS  C:\Users\aydan\AppData\Local\Temp\cc21BorY.s 			page 115


1131:c:\program files\daisytoolchain\arm-none-eabi\include\c++\10.2.1\cmath ****   using ::lgammal;
1132:c:\program files\daisytoolchain\arm-none-eabi\include\c++\10.2.1\cmath **** 
1133:c:\program files\daisytoolchain\arm-none-eabi\include\c++\10.2.1\cmath **** #ifndef _GLIBCXX_NO_C99_ROUNDING_FUNCS
1134:c:\program files\daisytoolchain\arm-none-eabi\include\c++\10.2.1\cmath ****   using ::llrint;
1135:c:\program files\daisytoolchain\arm-none-eabi\include\c++\10.2.1\cmath ****   using ::llrintf;
1136:c:\program files\daisytoolchain\arm-none-eabi\include\c++\10.2.1\cmath ****   using ::llrintl;
1137:c:\program files\daisytoolchain\arm-none-eabi\include\c++\10.2.1\cmath **** 
1138:c:\program files\daisytoolchain\arm-none-eabi\include\c++\10.2.1\cmath ****   using ::llround;
1139:c:\program files\daisytoolchain\arm-none-eabi\include\c++\10.2.1\cmath ****   using ::llroundf;
1140:c:\program files\daisytoolchain\arm-none-eabi\include\c++\10.2.1\cmath ****   using ::llroundl;
1141:c:\program files\daisytoolchain\arm-none-eabi\include\c++\10.2.1\cmath **** #endif
1142:c:\program files\daisytoolchain\arm-none-eabi\include\c++\10.2.1\cmath **** 
1143:c:\program files\daisytoolchain\arm-none-eabi\include\c++\10.2.1\cmath ****   using ::log1p;
1144:c:\program files\daisytoolchain\arm-none-eabi\include\c++\10.2.1\cmath ****   using ::log1pf;
1145:c:\program files\daisytoolchain\arm-none-eabi\include\c++\10.2.1\cmath ****   using ::log1pl;
1146:c:\program files\daisytoolchain\arm-none-eabi\include\c++\10.2.1\cmath **** 
1147:c:\program files\daisytoolchain\arm-none-eabi\include\c++\10.2.1\cmath ****   using ::log2;
1148:c:\program files\daisytoolchain\arm-none-eabi\include\c++\10.2.1\cmath ****   using ::log2f;
1149:c:\program files\daisytoolchain\arm-none-eabi\include\c++\10.2.1\cmath ****   using ::log2l;
1150:c:\program files\daisytoolchain\arm-none-eabi\include\c++\10.2.1\cmath **** 
1151:c:\program files\daisytoolchain\arm-none-eabi\include\c++\10.2.1\cmath ****   using ::logb;
1152:c:\program files\daisytoolchain\arm-none-eabi\include\c++\10.2.1\cmath ****   using ::logbf;
1153:c:\program files\daisytoolchain\arm-none-eabi\include\c++\10.2.1\cmath ****   using ::logbl;
1154:c:\program files\daisytoolchain\arm-none-eabi\include\c++\10.2.1\cmath **** 
1155:c:\program files\daisytoolchain\arm-none-eabi\include\c++\10.2.1\cmath ****   using ::lrint;
1156:c:\program files\daisytoolchain\arm-none-eabi\include\c++\10.2.1\cmath ****   using ::lrintf;
1157:c:\program files\daisytoolchain\arm-none-eabi\include\c++\10.2.1\cmath ****   using ::lrintl;
1158:c:\program files\daisytoolchain\arm-none-eabi\include\c++\10.2.1\cmath **** 
1159:c:\program files\daisytoolchain\arm-none-eabi\include\c++\10.2.1\cmath ****   using ::lround;
1160:c:\program files\daisytoolchain\arm-none-eabi\include\c++\10.2.1\cmath ****   using ::lroundf;
1161:c:\program files\daisytoolchain\arm-none-eabi\include\c++\10.2.1\cmath ****   using ::lroundl;
1162:c:\program files\daisytoolchain\arm-none-eabi\include\c++\10.2.1\cmath **** 
1163:c:\program files\daisytoolchain\arm-none-eabi\include\c++\10.2.1\cmath ****   using ::nan;
1164:c:\program files\daisytoolchain\arm-none-eabi\include\c++\10.2.1\cmath ****   using ::nanf;
1165:c:\program files\daisytoolchain\arm-none-eabi\include\c++\10.2.1\cmath ****   using ::nanl;
1166:c:\program files\daisytoolchain\arm-none-eabi\include\c++\10.2.1\cmath **** 
1167:c:\program files\daisytoolchain\arm-none-eabi\include\c++\10.2.1\cmath ****   using ::nearbyint;
1168:c:\program files\daisytoolchain\arm-none-eabi\include\c++\10.2.1\cmath ****   using ::nearbyintf;
1169:c:\program files\daisytoolchain\arm-none-eabi\include\c++\10.2.1\cmath ****   using ::nearbyintl;
1170:c:\program files\daisytoolchain\arm-none-eabi\include\c++\10.2.1\cmath **** 
1171:c:\program files\daisytoolchain\arm-none-eabi\include\c++\10.2.1\cmath ****   using ::nextafter;
1172:c:\program files\daisytoolchain\arm-none-eabi\include\c++\10.2.1\cmath ****   using ::nextafterf;
1173:c:\program files\daisytoolchain\arm-none-eabi\include\c++\10.2.1\cmath ****   using ::nextafterl;
1174:c:\program files\daisytoolchain\arm-none-eabi\include\c++\10.2.1\cmath **** 
1175:c:\program files\daisytoolchain\arm-none-eabi\include\c++\10.2.1\cmath ****   using ::nexttoward;
1176:c:\program files\daisytoolchain\arm-none-eabi\include\c++\10.2.1\cmath ****   using ::nexttowardf;
1177:c:\program files\daisytoolchain\arm-none-eabi\include\c++\10.2.1\cmath ****   using ::nexttowardl;
1178:c:\program files\daisytoolchain\arm-none-eabi\include\c++\10.2.1\cmath **** 
1179:c:\program files\daisytoolchain\arm-none-eabi\include\c++\10.2.1\cmath ****   using ::remainder;
1180:c:\program files\daisytoolchain\arm-none-eabi\include\c++\10.2.1\cmath ****   using ::remainderf;
1181:c:\program files\daisytoolchain\arm-none-eabi\include\c++\10.2.1\cmath ****   using ::remainderl;
1182:c:\program files\daisytoolchain\arm-none-eabi\include\c++\10.2.1\cmath **** 
1183:c:\program files\daisytoolchain\arm-none-eabi\include\c++\10.2.1\cmath ****   using ::remquo;
1184:c:\program files\daisytoolchain\arm-none-eabi\include\c++\10.2.1\cmath ****   using ::remquof;
1185:c:\program files\daisytoolchain\arm-none-eabi\include\c++\10.2.1\cmath ****   using ::remquol;
1186:c:\program files\daisytoolchain\arm-none-eabi\include\c++\10.2.1\cmath **** 
1187:c:\program files\daisytoolchain\arm-none-eabi\include\c++\10.2.1\cmath ****   using ::rint;
ARM GAS  C:\Users\aydan\AppData\Local\Temp\cc21BorY.s 			page 116


1188:c:\program files\daisytoolchain\arm-none-eabi\include\c++\10.2.1\cmath ****   using ::rintf;
1189:c:\program files\daisytoolchain\arm-none-eabi\include\c++\10.2.1\cmath ****   using ::rintl;
1190:c:\program files\daisytoolchain\arm-none-eabi\include\c++\10.2.1\cmath **** 
1191:c:\program files\daisytoolchain\arm-none-eabi\include\c++\10.2.1\cmath ****   using ::round;
1192:c:\program files\daisytoolchain\arm-none-eabi\include\c++\10.2.1\cmath ****   using ::roundf;
1193:c:\program files\daisytoolchain\arm-none-eabi\include\c++\10.2.1\cmath ****   using ::roundl;
1194:c:\program files\daisytoolchain\arm-none-eabi\include\c++\10.2.1\cmath **** 
1195:c:\program files\daisytoolchain\arm-none-eabi\include\c++\10.2.1\cmath ****   using ::scalbln;
1196:c:\program files\daisytoolchain\arm-none-eabi\include\c++\10.2.1\cmath ****   using ::scalblnf;
1197:c:\program files\daisytoolchain\arm-none-eabi\include\c++\10.2.1\cmath ****   using ::scalblnl;
1198:c:\program files\daisytoolchain\arm-none-eabi\include\c++\10.2.1\cmath **** 
1199:c:\program files\daisytoolchain\arm-none-eabi\include\c++\10.2.1\cmath ****   using ::scalbn;
1200:c:\program files\daisytoolchain\arm-none-eabi\include\c++\10.2.1\cmath ****   using ::scalbnf;
1201:c:\program files\daisytoolchain\arm-none-eabi\include\c++\10.2.1\cmath ****   using ::scalbnl;
1202:c:\program files\daisytoolchain\arm-none-eabi\include\c++\10.2.1\cmath **** 
1203:c:\program files\daisytoolchain\arm-none-eabi\include\c++\10.2.1\cmath ****   using ::tgamma;
1204:c:\program files\daisytoolchain\arm-none-eabi\include\c++\10.2.1\cmath ****   using ::tgammaf;
1205:c:\program files\daisytoolchain\arm-none-eabi\include\c++\10.2.1\cmath ****   using ::tgammal;
1206:c:\program files\daisytoolchain\arm-none-eabi\include\c++\10.2.1\cmath **** 
1207:c:\program files\daisytoolchain\arm-none-eabi\include\c++\10.2.1\cmath ****   using ::trunc;
1208:c:\program files\daisytoolchain\arm-none-eabi\include\c++\10.2.1\cmath ****   using ::truncf;
1209:c:\program files\daisytoolchain\arm-none-eabi\include\c++\10.2.1\cmath ****   using ::truncl;
1210:c:\program files\daisytoolchain\arm-none-eabi\include\c++\10.2.1\cmath **** 
1211:c:\program files\daisytoolchain\arm-none-eabi\include\c++\10.2.1\cmath ****   /// Additional overloads.
1212:c:\program files\daisytoolchain\arm-none-eabi\include\c++\10.2.1\cmath **** #ifndef __CORRECT_ISO_CPP11_MATH_H_PROTO_FP
1213:c:\program files\daisytoolchain\arm-none-eabi\include\c++\10.2.1\cmath ****   constexpr float
1214:c:\program files\daisytoolchain\arm-none-eabi\include\c++\10.2.1\cmath ****   acosh(float __x)
1215:c:\program files\daisytoolchain\arm-none-eabi\include\c++\10.2.1\cmath ****   { return __builtin_acoshf(__x); }
1216:c:\program files\daisytoolchain\arm-none-eabi\include\c++\10.2.1\cmath **** 
1217:c:\program files\daisytoolchain\arm-none-eabi\include\c++\10.2.1\cmath ****   constexpr long double
1218:c:\program files\daisytoolchain\arm-none-eabi\include\c++\10.2.1\cmath ****   acosh(long double __x)
1219:c:\program files\daisytoolchain\arm-none-eabi\include\c++\10.2.1\cmath ****   { return __builtin_acoshl(__x); }
1220:c:\program files\daisytoolchain\arm-none-eabi\include\c++\10.2.1\cmath **** #endif
1221:c:\program files\daisytoolchain\arm-none-eabi\include\c++\10.2.1\cmath **** 
1222:c:\program files\daisytoolchain\arm-none-eabi\include\c++\10.2.1\cmath **** #ifndef __CORRECT_ISO_CPP11_MATH_H_PROTO_INT
1223:c:\program files\daisytoolchain\arm-none-eabi\include\c++\10.2.1\cmath ****   template<typename _Tp>
1224:c:\program files\daisytoolchain\arm-none-eabi\include\c++\10.2.1\cmath ****     constexpr typename __gnu_cxx::__enable_if<__is_integer<_Tp>::__value, 
1225:c:\program files\daisytoolchain\arm-none-eabi\include\c++\10.2.1\cmath ****                                               double>::__type
1226:c:\program files\daisytoolchain\arm-none-eabi\include\c++\10.2.1\cmath ****     acosh(_Tp __x)
1227:c:\program files\daisytoolchain\arm-none-eabi\include\c++\10.2.1\cmath ****     { return __builtin_acosh(__x); }
1228:c:\program files\daisytoolchain\arm-none-eabi\include\c++\10.2.1\cmath **** #endif
1229:c:\program files\daisytoolchain\arm-none-eabi\include\c++\10.2.1\cmath **** 
1230:c:\program files\daisytoolchain\arm-none-eabi\include\c++\10.2.1\cmath **** #ifndef __CORRECT_ISO_CPP11_MATH_H_PROTO_FP
1231:c:\program files\daisytoolchain\arm-none-eabi\include\c++\10.2.1\cmath ****   constexpr float
1232:c:\program files\daisytoolchain\arm-none-eabi\include\c++\10.2.1\cmath ****   asinh(float __x)
1233:c:\program files\daisytoolchain\arm-none-eabi\include\c++\10.2.1\cmath ****   { return __builtin_asinhf(__x); }
1234:c:\program files\daisytoolchain\arm-none-eabi\include\c++\10.2.1\cmath **** 
1235:c:\program files\daisytoolchain\arm-none-eabi\include\c++\10.2.1\cmath ****   constexpr long double
1236:c:\program files\daisytoolchain\arm-none-eabi\include\c++\10.2.1\cmath ****   asinh(long double __x)
1237:c:\program files\daisytoolchain\arm-none-eabi\include\c++\10.2.1\cmath ****   { return __builtin_asinhl(__x); }
1238:c:\program files\daisytoolchain\arm-none-eabi\include\c++\10.2.1\cmath **** #endif
1239:c:\program files\daisytoolchain\arm-none-eabi\include\c++\10.2.1\cmath **** 
1240:c:\program files\daisytoolchain\arm-none-eabi\include\c++\10.2.1\cmath **** #ifndef __CORRECT_ISO_CPP11_MATH_H_PROTO_INT
1241:c:\program files\daisytoolchain\arm-none-eabi\include\c++\10.2.1\cmath ****   template<typename _Tp>
1242:c:\program files\daisytoolchain\arm-none-eabi\include\c++\10.2.1\cmath ****     constexpr typename __gnu_cxx::__enable_if<__is_integer<_Tp>::__value, 
1243:c:\program files\daisytoolchain\arm-none-eabi\include\c++\10.2.1\cmath ****                                               double>::__type
1244:c:\program files\daisytoolchain\arm-none-eabi\include\c++\10.2.1\cmath ****     asinh(_Tp __x)
ARM GAS  C:\Users\aydan\AppData\Local\Temp\cc21BorY.s 			page 117


1245:c:\program files\daisytoolchain\arm-none-eabi\include\c++\10.2.1\cmath ****     { return __builtin_asinh(__x); }
1246:c:\program files\daisytoolchain\arm-none-eabi\include\c++\10.2.1\cmath **** #endif
1247:c:\program files\daisytoolchain\arm-none-eabi\include\c++\10.2.1\cmath **** 
1248:c:\program files\daisytoolchain\arm-none-eabi\include\c++\10.2.1\cmath **** #ifndef __CORRECT_ISO_CPP11_MATH_H_PROTO_FP
1249:c:\program files\daisytoolchain\arm-none-eabi\include\c++\10.2.1\cmath ****   constexpr float
1250:c:\program files\daisytoolchain\arm-none-eabi\include\c++\10.2.1\cmath ****   atanh(float __x)
1251:c:\program files\daisytoolchain\arm-none-eabi\include\c++\10.2.1\cmath ****   { return __builtin_atanhf(__x); }
1252:c:\program files\daisytoolchain\arm-none-eabi\include\c++\10.2.1\cmath **** 
1253:c:\program files\daisytoolchain\arm-none-eabi\include\c++\10.2.1\cmath ****   constexpr long double
1254:c:\program files\daisytoolchain\arm-none-eabi\include\c++\10.2.1\cmath ****   atanh(long double __x)
1255:c:\program files\daisytoolchain\arm-none-eabi\include\c++\10.2.1\cmath ****   { return __builtin_atanhl(__x); }
1256:c:\program files\daisytoolchain\arm-none-eabi\include\c++\10.2.1\cmath **** #endif
1257:c:\program files\daisytoolchain\arm-none-eabi\include\c++\10.2.1\cmath **** 
1258:c:\program files\daisytoolchain\arm-none-eabi\include\c++\10.2.1\cmath **** #ifndef __CORRECT_ISO_CPP11_MATH_H_PROTO_INT
1259:c:\program files\daisytoolchain\arm-none-eabi\include\c++\10.2.1\cmath ****   template<typename _Tp>
1260:c:\program files\daisytoolchain\arm-none-eabi\include\c++\10.2.1\cmath ****     constexpr typename __gnu_cxx::__enable_if<__is_integer<_Tp>::__value, 
1261:c:\program files\daisytoolchain\arm-none-eabi\include\c++\10.2.1\cmath ****                                               double>::__type
1262:c:\program files\daisytoolchain\arm-none-eabi\include\c++\10.2.1\cmath ****     atanh(_Tp __x)
1263:c:\program files\daisytoolchain\arm-none-eabi\include\c++\10.2.1\cmath ****     { return __builtin_atanh(__x); }
1264:c:\program files\daisytoolchain\arm-none-eabi\include\c++\10.2.1\cmath **** #endif
1265:c:\program files\daisytoolchain\arm-none-eabi\include\c++\10.2.1\cmath **** 
1266:c:\program files\daisytoolchain\arm-none-eabi\include\c++\10.2.1\cmath **** #ifndef __CORRECT_ISO_CPP11_MATH_H_PROTO_FP
1267:c:\program files\daisytoolchain\arm-none-eabi\include\c++\10.2.1\cmath ****   constexpr float
1268:c:\program files\daisytoolchain\arm-none-eabi\include\c++\10.2.1\cmath ****   cbrt(float __x)
1269:c:\program files\daisytoolchain\arm-none-eabi\include\c++\10.2.1\cmath ****   { return __builtin_cbrtf(__x); }
1270:c:\program files\daisytoolchain\arm-none-eabi\include\c++\10.2.1\cmath **** 
1271:c:\program files\daisytoolchain\arm-none-eabi\include\c++\10.2.1\cmath ****   constexpr long double
1272:c:\program files\daisytoolchain\arm-none-eabi\include\c++\10.2.1\cmath ****   cbrt(long double __x)
1273:c:\program files\daisytoolchain\arm-none-eabi\include\c++\10.2.1\cmath ****   { return __builtin_cbrtl(__x); }
1274:c:\program files\daisytoolchain\arm-none-eabi\include\c++\10.2.1\cmath **** #endif
1275:c:\program files\daisytoolchain\arm-none-eabi\include\c++\10.2.1\cmath **** 
1276:c:\program files\daisytoolchain\arm-none-eabi\include\c++\10.2.1\cmath **** #ifndef __CORRECT_ISO_CPP11_MATH_H_PROTO_INT
1277:c:\program files\daisytoolchain\arm-none-eabi\include\c++\10.2.1\cmath ****   template<typename _Tp>
1278:c:\program files\daisytoolchain\arm-none-eabi\include\c++\10.2.1\cmath ****     constexpr typename __gnu_cxx::__enable_if<__is_integer<_Tp>::__value, 
1279:c:\program files\daisytoolchain\arm-none-eabi\include\c++\10.2.1\cmath ****                                               double>::__type
1280:c:\program files\daisytoolchain\arm-none-eabi\include\c++\10.2.1\cmath ****     cbrt(_Tp __x)
1281:c:\program files\daisytoolchain\arm-none-eabi\include\c++\10.2.1\cmath ****     { return __builtin_cbrt(__x); }
1282:c:\program files\daisytoolchain\arm-none-eabi\include\c++\10.2.1\cmath **** #endif
1283:c:\program files\daisytoolchain\arm-none-eabi\include\c++\10.2.1\cmath **** 
1284:c:\program files\daisytoolchain\arm-none-eabi\include\c++\10.2.1\cmath **** #ifndef __CORRECT_ISO_CPP11_MATH_H_PROTO_FP
1285:c:\program files\daisytoolchain\arm-none-eabi\include\c++\10.2.1\cmath ****   constexpr float
1286:c:\program files\daisytoolchain\arm-none-eabi\include\c++\10.2.1\cmath ****   copysign(float __x, float __y)
1287:c:\program files\daisytoolchain\arm-none-eabi\include\c++\10.2.1\cmath ****   { return __builtin_copysignf(__x, __y); }
1288:c:\program files\daisytoolchain\arm-none-eabi\include\c++\10.2.1\cmath **** 
1289:c:\program files\daisytoolchain\arm-none-eabi\include\c++\10.2.1\cmath ****   constexpr long double
1290:c:\program files\daisytoolchain\arm-none-eabi\include\c++\10.2.1\cmath ****   copysign(long double __x, long double __y)
1291:c:\program files\daisytoolchain\arm-none-eabi\include\c++\10.2.1\cmath ****   { return __builtin_copysignl(__x, __y); }
1292:c:\program files\daisytoolchain\arm-none-eabi\include\c++\10.2.1\cmath **** #endif
1293:c:\program files\daisytoolchain\arm-none-eabi\include\c++\10.2.1\cmath **** 
1294:c:\program files\daisytoolchain\arm-none-eabi\include\c++\10.2.1\cmath **** #ifndef __CORRECT_ISO_CPP11_MATH_H_PROTO_INT
1295:c:\program files\daisytoolchain\arm-none-eabi\include\c++\10.2.1\cmath ****   template<typename _Tp, typename _Up>
1296:c:\program files\daisytoolchain\arm-none-eabi\include\c++\10.2.1\cmath ****     constexpr typename __gnu_cxx::__promote_2<_Tp, _Up>::__type
1297:c:\program files\daisytoolchain\arm-none-eabi\include\c++\10.2.1\cmath ****     copysign(_Tp __x, _Up __y)
1298:c:\program files\daisytoolchain\arm-none-eabi\include\c++\10.2.1\cmath ****     {
1299:c:\program files\daisytoolchain\arm-none-eabi\include\c++\10.2.1\cmath ****       typedef typename __gnu_cxx::__promote_2<_Tp, _Up>::__type __type;
1300:c:\program files\daisytoolchain\arm-none-eabi\include\c++\10.2.1\cmath ****       return copysign(__type(__x), __type(__y));
1301:c:\program files\daisytoolchain\arm-none-eabi\include\c++\10.2.1\cmath ****     }
ARM GAS  C:\Users\aydan\AppData\Local\Temp\cc21BorY.s 			page 118


1302:c:\program files\daisytoolchain\arm-none-eabi\include\c++\10.2.1\cmath **** #endif
1303:c:\program files\daisytoolchain\arm-none-eabi\include\c++\10.2.1\cmath **** 
1304:c:\program files\daisytoolchain\arm-none-eabi\include\c++\10.2.1\cmath **** #ifndef __CORRECT_ISO_CPP11_MATH_H_PROTO_FP
1305:c:\program files\daisytoolchain\arm-none-eabi\include\c++\10.2.1\cmath ****   constexpr float
1306:c:\program files\daisytoolchain\arm-none-eabi\include\c++\10.2.1\cmath ****   erf(float __x)
1307:c:\program files\daisytoolchain\arm-none-eabi\include\c++\10.2.1\cmath ****   { return __builtin_erff(__x); }
1308:c:\program files\daisytoolchain\arm-none-eabi\include\c++\10.2.1\cmath **** 
1309:c:\program files\daisytoolchain\arm-none-eabi\include\c++\10.2.1\cmath ****   constexpr long double
1310:c:\program files\daisytoolchain\arm-none-eabi\include\c++\10.2.1\cmath ****   erf(long double __x)
1311:c:\program files\daisytoolchain\arm-none-eabi\include\c++\10.2.1\cmath ****   { return __builtin_erfl(__x); }
1312:c:\program files\daisytoolchain\arm-none-eabi\include\c++\10.2.1\cmath **** #endif
1313:c:\program files\daisytoolchain\arm-none-eabi\include\c++\10.2.1\cmath **** 
1314:c:\program files\daisytoolchain\arm-none-eabi\include\c++\10.2.1\cmath **** #ifndef __CORRECT_ISO_CPP11_MATH_H_PROTO_INT
1315:c:\program files\daisytoolchain\arm-none-eabi\include\c++\10.2.1\cmath ****   template<typename _Tp>
1316:c:\program files\daisytoolchain\arm-none-eabi\include\c++\10.2.1\cmath ****     constexpr typename __gnu_cxx::__enable_if<__is_integer<_Tp>::__value, 
1317:c:\program files\daisytoolchain\arm-none-eabi\include\c++\10.2.1\cmath ****                                               double>::__type
1318:c:\program files\daisytoolchain\arm-none-eabi\include\c++\10.2.1\cmath ****     erf(_Tp __x)
1319:c:\program files\daisytoolchain\arm-none-eabi\include\c++\10.2.1\cmath ****     { return __builtin_erf(__x); }
1320:c:\program files\daisytoolchain\arm-none-eabi\include\c++\10.2.1\cmath **** #endif
1321:c:\program files\daisytoolchain\arm-none-eabi\include\c++\10.2.1\cmath **** 
1322:c:\program files\daisytoolchain\arm-none-eabi\include\c++\10.2.1\cmath **** #ifndef __CORRECT_ISO_CPP11_MATH_H_PROTO_FP
1323:c:\program files\daisytoolchain\arm-none-eabi\include\c++\10.2.1\cmath ****   constexpr float
1324:c:\program files\daisytoolchain\arm-none-eabi\include\c++\10.2.1\cmath ****   erfc(float __x)
1325:c:\program files\daisytoolchain\arm-none-eabi\include\c++\10.2.1\cmath ****   { return __builtin_erfcf(__x); }
1326:c:\program files\daisytoolchain\arm-none-eabi\include\c++\10.2.1\cmath **** 
1327:c:\program files\daisytoolchain\arm-none-eabi\include\c++\10.2.1\cmath ****   constexpr long double
1328:c:\program files\daisytoolchain\arm-none-eabi\include\c++\10.2.1\cmath ****   erfc(long double __x)
1329:c:\program files\daisytoolchain\arm-none-eabi\include\c++\10.2.1\cmath ****   { return __builtin_erfcl(__x); }
1330:c:\program files\daisytoolchain\arm-none-eabi\include\c++\10.2.1\cmath **** #endif
1331:c:\program files\daisytoolchain\arm-none-eabi\include\c++\10.2.1\cmath **** 
1332:c:\program files\daisytoolchain\arm-none-eabi\include\c++\10.2.1\cmath **** #ifndef __CORRECT_ISO_CPP11_MATH_H_PROTO_INT
1333:c:\program files\daisytoolchain\arm-none-eabi\include\c++\10.2.1\cmath ****   template<typename _Tp>
1334:c:\program files\daisytoolchain\arm-none-eabi\include\c++\10.2.1\cmath ****     constexpr typename __gnu_cxx::__enable_if<__is_integer<_Tp>::__value, 
1335:c:\program files\daisytoolchain\arm-none-eabi\include\c++\10.2.1\cmath ****                                               double>::__type
1336:c:\program files\daisytoolchain\arm-none-eabi\include\c++\10.2.1\cmath ****     erfc(_Tp __x)
1337:c:\program files\daisytoolchain\arm-none-eabi\include\c++\10.2.1\cmath ****     { return __builtin_erfc(__x); }
1338:c:\program files\daisytoolchain\arm-none-eabi\include\c++\10.2.1\cmath **** #endif
1339:c:\program files\daisytoolchain\arm-none-eabi\include\c++\10.2.1\cmath **** 
1340:c:\program files\daisytoolchain\arm-none-eabi\include\c++\10.2.1\cmath **** #ifndef __CORRECT_ISO_CPP11_MATH_H_PROTO_FP
1341:c:\program files\daisytoolchain\arm-none-eabi\include\c++\10.2.1\cmath ****   constexpr float
1342:c:\program files\daisytoolchain\arm-none-eabi\include\c++\10.2.1\cmath ****   exp2(float __x)
1343:c:\program files\daisytoolchain\arm-none-eabi\include\c++\10.2.1\cmath ****   { return __builtin_exp2f(__x); }
1344:c:\program files\daisytoolchain\arm-none-eabi\include\c++\10.2.1\cmath **** 
1345:c:\program files\daisytoolchain\arm-none-eabi\include\c++\10.2.1\cmath ****   constexpr long double
1346:c:\program files\daisytoolchain\arm-none-eabi\include\c++\10.2.1\cmath ****   exp2(long double __x)
1347:c:\program files\daisytoolchain\arm-none-eabi\include\c++\10.2.1\cmath ****   { return __builtin_exp2l(__x); }
1348:c:\program files\daisytoolchain\arm-none-eabi\include\c++\10.2.1\cmath **** #endif
1349:c:\program files\daisytoolchain\arm-none-eabi\include\c++\10.2.1\cmath **** 
1350:c:\program files\daisytoolchain\arm-none-eabi\include\c++\10.2.1\cmath **** #ifndef __CORRECT_ISO_CPP11_MATH_H_PROTO_INT
1351:c:\program files\daisytoolchain\arm-none-eabi\include\c++\10.2.1\cmath ****   template<typename _Tp>
1352:c:\program files\daisytoolchain\arm-none-eabi\include\c++\10.2.1\cmath ****     constexpr typename __gnu_cxx::__enable_if<__is_integer<_Tp>::__value, 
1353:c:\program files\daisytoolchain\arm-none-eabi\include\c++\10.2.1\cmath ****                                               double>::__type
1354:c:\program files\daisytoolchain\arm-none-eabi\include\c++\10.2.1\cmath ****     exp2(_Tp __x)
1355:c:\program files\daisytoolchain\arm-none-eabi\include\c++\10.2.1\cmath ****     { return __builtin_exp2(__x); }
1356:c:\program files\daisytoolchain\arm-none-eabi\include\c++\10.2.1\cmath **** #endif
1357:c:\program files\daisytoolchain\arm-none-eabi\include\c++\10.2.1\cmath **** 
1358:c:\program files\daisytoolchain\arm-none-eabi\include\c++\10.2.1\cmath **** #ifndef __CORRECT_ISO_CPP11_MATH_H_PROTO_FP
ARM GAS  C:\Users\aydan\AppData\Local\Temp\cc21BorY.s 			page 119


1359:c:\program files\daisytoolchain\arm-none-eabi\include\c++\10.2.1\cmath ****   constexpr float
1360:c:\program files\daisytoolchain\arm-none-eabi\include\c++\10.2.1\cmath ****   expm1(float __x)
1361:c:\program files\daisytoolchain\arm-none-eabi\include\c++\10.2.1\cmath ****   { return __builtin_expm1f(__x); }
1362:c:\program files\daisytoolchain\arm-none-eabi\include\c++\10.2.1\cmath **** 
1363:c:\program files\daisytoolchain\arm-none-eabi\include\c++\10.2.1\cmath ****   constexpr long double
1364:c:\program files\daisytoolchain\arm-none-eabi\include\c++\10.2.1\cmath ****   expm1(long double __x)
1365:c:\program files\daisytoolchain\arm-none-eabi\include\c++\10.2.1\cmath ****   { return __builtin_expm1l(__x); }
1366:c:\program files\daisytoolchain\arm-none-eabi\include\c++\10.2.1\cmath **** #endif
1367:c:\program files\daisytoolchain\arm-none-eabi\include\c++\10.2.1\cmath **** 
1368:c:\program files\daisytoolchain\arm-none-eabi\include\c++\10.2.1\cmath **** #ifndef __CORRECT_ISO_CPP11_MATH_H_PROTO_INT
1369:c:\program files\daisytoolchain\arm-none-eabi\include\c++\10.2.1\cmath ****   template<typename _Tp>
1370:c:\program files\daisytoolchain\arm-none-eabi\include\c++\10.2.1\cmath ****     constexpr typename __gnu_cxx::__enable_if<__is_integer<_Tp>::__value, 
1371:c:\program files\daisytoolchain\arm-none-eabi\include\c++\10.2.1\cmath ****                                               double>::__type
1372:c:\program files\daisytoolchain\arm-none-eabi\include\c++\10.2.1\cmath ****     expm1(_Tp __x)
1373:c:\program files\daisytoolchain\arm-none-eabi\include\c++\10.2.1\cmath ****     { return __builtin_expm1(__x); }
1374:c:\program files\daisytoolchain\arm-none-eabi\include\c++\10.2.1\cmath **** #endif
1375:c:\program files\daisytoolchain\arm-none-eabi\include\c++\10.2.1\cmath **** 
1376:c:\program files\daisytoolchain\arm-none-eabi\include\c++\10.2.1\cmath **** #ifndef __CORRECT_ISO_CPP11_MATH_H_PROTO_FP
1377:c:\program files\daisytoolchain\arm-none-eabi\include\c++\10.2.1\cmath ****   constexpr float
1378:c:\program files\daisytoolchain\arm-none-eabi\include\c++\10.2.1\cmath ****   fdim(float __x, float __y)
1379:c:\program files\daisytoolchain\arm-none-eabi\include\c++\10.2.1\cmath ****   { return __builtin_fdimf(__x, __y); }
1380:c:\program files\daisytoolchain\arm-none-eabi\include\c++\10.2.1\cmath **** 
1381:c:\program files\daisytoolchain\arm-none-eabi\include\c++\10.2.1\cmath ****   constexpr long double
1382:c:\program files\daisytoolchain\arm-none-eabi\include\c++\10.2.1\cmath ****   fdim(long double __x, long double __y)
1383:c:\program files\daisytoolchain\arm-none-eabi\include\c++\10.2.1\cmath ****   { return __builtin_fdiml(__x, __y); }
1384:c:\program files\daisytoolchain\arm-none-eabi\include\c++\10.2.1\cmath **** #endif
1385:c:\program files\daisytoolchain\arm-none-eabi\include\c++\10.2.1\cmath **** 
1386:c:\program files\daisytoolchain\arm-none-eabi\include\c++\10.2.1\cmath **** #ifndef __CORRECT_ISO_CPP11_MATH_H_PROTO_INT
1387:c:\program files\daisytoolchain\arm-none-eabi\include\c++\10.2.1\cmath ****   template<typename _Tp, typename _Up>
1388:c:\program files\daisytoolchain\arm-none-eabi\include\c++\10.2.1\cmath ****     constexpr typename __gnu_cxx::__promote_2<_Tp, _Up>::__type
1389:c:\program files\daisytoolchain\arm-none-eabi\include\c++\10.2.1\cmath ****     fdim(_Tp __x, _Up __y)
1390:c:\program files\daisytoolchain\arm-none-eabi\include\c++\10.2.1\cmath ****     {
1391:c:\program files\daisytoolchain\arm-none-eabi\include\c++\10.2.1\cmath ****       typedef typename __gnu_cxx::__promote_2<_Tp, _Up>::__type __type;
1392:c:\program files\daisytoolchain\arm-none-eabi\include\c++\10.2.1\cmath ****       return fdim(__type(__x), __type(__y));
1393:c:\program files\daisytoolchain\arm-none-eabi\include\c++\10.2.1\cmath ****     }
1394:c:\program files\daisytoolchain\arm-none-eabi\include\c++\10.2.1\cmath **** #endif
1395:c:\program files\daisytoolchain\arm-none-eabi\include\c++\10.2.1\cmath **** 
1396:c:\program files\daisytoolchain\arm-none-eabi\include\c++\10.2.1\cmath **** #ifndef __CORRECT_ISO_CPP11_MATH_H_PROTO_FP
1397:c:\program files\daisytoolchain\arm-none-eabi\include\c++\10.2.1\cmath ****   constexpr float
1398:c:\program files\daisytoolchain\arm-none-eabi\include\c++\10.2.1\cmath ****   fma(float __x, float __y, float __z)
1399:c:\program files\daisytoolchain\arm-none-eabi\include\c++\10.2.1\cmath ****   { return __builtin_fmaf(__x, __y, __z); }
1400:c:\program files\daisytoolchain\arm-none-eabi\include\c++\10.2.1\cmath **** 
1401:c:\program files\daisytoolchain\arm-none-eabi\include\c++\10.2.1\cmath ****   constexpr long double
1402:c:\program files\daisytoolchain\arm-none-eabi\include\c++\10.2.1\cmath ****   fma(long double __x, long double __y, long double __z)
1403:c:\program files\daisytoolchain\arm-none-eabi\include\c++\10.2.1\cmath ****   { return __builtin_fmal(__x, __y, __z); }
1404:c:\program files\daisytoolchain\arm-none-eabi\include\c++\10.2.1\cmath **** #endif
1405:c:\program files\daisytoolchain\arm-none-eabi\include\c++\10.2.1\cmath **** 
1406:c:\program files\daisytoolchain\arm-none-eabi\include\c++\10.2.1\cmath **** #ifndef __CORRECT_ISO_CPP11_MATH_H_PROTO_INT
1407:c:\program files\daisytoolchain\arm-none-eabi\include\c++\10.2.1\cmath ****   template<typename _Tp, typename _Up, typename _Vp>
1408:c:\program files\daisytoolchain\arm-none-eabi\include\c++\10.2.1\cmath ****     constexpr typename __gnu_cxx::__promote_3<_Tp, _Up, _Vp>::__type
1409:c:\program files\daisytoolchain\arm-none-eabi\include\c++\10.2.1\cmath ****     fma(_Tp __x, _Up __y, _Vp __z)
1410:c:\program files\daisytoolchain\arm-none-eabi\include\c++\10.2.1\cmath ****     {
1411:c:\program files\daisytoolchain\arm-none-eabi\include\c++\10.2.1\cmath ****       typedef typename __gnu_cxx::__promote_3<_Tp, _Up, _Vp>::__type __type;
1412:c:\program files\daisytoolchain\arm-none-eabi\include\c++\10.2.1\cmath ****       return fma(__type(__x), __type(__y), __type(__z));
1413:c:\program files\daisytoolchain\arm-none-eabi\include\c++\10.2.1\cmath ****     }
1414:c:\program files\daisytoolchain\arm-none-eabi\include\c++\10.2.1\cmath **** #endif
1415:c:\program files\daisytoolchain\arm-none-eabi\include\c++\10.2.1\cmath **** 
ARM GAS  C:\Users\aydan\AppData\Local\Temp\cc21BorY.s 			page 120


1416:c:\program files\daisytoolchain\arm-none-eabi\include\c++\10.2.1\cmath **** #ifndef __CORRECT_ISO_CPP11_MATH_H_PROTO_FP
1417:c:\program files\daisytoolchain\arm-none-eabi\include\c++\10.2.1\cmath ****   constexpr float
1418:c:\program files\daisytoolchain\arm-none-eabi\include\c++\10.2.1\cmath ****   fmax(float __x, float __y)
1419:c:\program files\daisytoolchain\arm-none-eabi\include\c++\10.2.1\cmath ****   { return __builtin_fmaxf(__x, __y); }
1420:c:\program files\daisytoolchain\arm-none-eabi\include\c++\10.2.1\cmath **** 
1421:c:\program files\daisytoolchain\arm-none-eabi\include\c++\10.2.1\cmath ****   constexpr long double
1422:c:\program files\daisytoolchain\arm-none-eabi\include\c++\10.2.1\cmath ****   fmax(long double __x, long double __y)
1423:c:\program files\daisytoolchain\arm-none-eabi\include\c++\10.2.1\cmath ****   { return __builtin_fmaxl(__x, __y); }
1424:c:\program files\daisytoolchain\arm-none-eabi\include\c++\10.2.1\cmath **** #endif
1425:c:\program files\daisytoolchain\arm-none-eabi\include\c++\10.2.1\cmath **** 
1426:c:\program files\daisytoolchain\arm-none-eabi\include\c++\10.2.1\cmath **** #ifndef __CORRECT_ISO_CPP11_MATH_H_PROTO_INT
1427:c:\program files\daisytoolchain\arm-none-eabi\include\c++\10.2.1\cmath ****   template<typename _Tp, typename _Up>
1428:c:\program files\daisytoolchain\arm-none-eabi\include\c++\10.2.1\cmath ****     constexpr typename __gnu_cxx::__promote_2<_Tp, _Up>::__type
1429:c:\program files\daisytoolchain\arm-none-eabi\include\c++\10.2.1\cmath ****     fmax(_Tp __x, _Up __y)
1430:c:\program files\daisytoolchain\arm-none-eabi\include\c++\10.2.1\cmath ****     {
1431:c:\program files\daisytoolchain\arm-none-eabi\include\c++\10.2.1\cmath ****       typedef typename __gnu_cxx::__promote_2<_Tp, _Up>::__type __type;
1432:c:\program files\daisytoolchain\arm-none-eabi\include\c++\10.2.1\cmath ****       return fmax(__type(__x), __type(__y));
1433:c:\program files\daisytoolchain\arm-none-eabi\include\c++\10.2.1\cmath ****     }
1434:c:\program files\daisytoolchain\arm-none-eabi\include\c++\10.2.1\cmath **** #endif
1435:c:\program files\daisytoolchain\arm-none-eabi\include\c++\10.2.1\cmath **** 
1436:c:\program files\daisytoolchain\arm-none-eabi\include\c++\10.2.1\cmath **** #ifndef __CORRECT_ISO_CPP11_MATH_H_PROTO_FP
1437:c:\program files\daisytoolchain\arm-none-eabi\include\c++\10.2.1\cmath ****   constexpr float
1438:c:\program files\daisytoolchain\arm-none-eabi\include\c++\10.2.1\cmath ****   fmin(float __x, float __y)
1439:c:\program files\daisytoolchain\arm-none-eabi\include\c++\10.2.1\cmath ****   { return __builtin_fminf(__x, __y); }
1440:c:\program files\daisytoolchain\arm-none-eabi\include\c++\10.2.1\cmath **** 
1441:c:\program files\daisytoolchain\arm-none-eabi\include\c++\10.2.1\cmath ****   constexpr long double
1442:c:\program files\daisytoolchain\arm-none-eabi\include\c++\10.2.1\cmath ****   fmin(long double __x, long double __y)
1443:c:\program files\daisytoolchain\arm-none-eabi\include\c++\10.2.1\cmath ****   { return __builtin_fminl(__x, __y); }
1444:c:\program files\daisytoolchain\arm-none-eabi\include\c++\10.2.1\cmath **** #endif
1445:c:\program files\daisytoolchain\arm-none-eabi\include\c++\10.2.1\cmath **** 
1446:c:\program files\daisytoolchain\arm-none-eabi\include\c++\10.2.1\cmath **** #ifndef __CORRECT_ISO_CPP11_MATH_H_PROTO_INT
1447:c:\program files\daisytoolchain\arm-none-eabi\include\c++\10.2.1\cmath ****   template<typename _Tp, typename _Up>
1448:c:\program files\daisytoolchain\arm-none-eabi\include\c++\10.2.1\cmath ****     constexpr typename __gnu_cxx::__promote_2<_Tp, _Up>::__type
1449:c:\program files\daisytoolchain\arm-none-eabi\include\c++\10.2.1\cmath ****     fmin(_Tp __x, _Up __y)
1450:c:\program files\daisytoolchain\arm-none-eabi\include\c++\10.2.1\cmath ****     {
1451:c:\program files\daisytoolchain\arm-none-eabi\include\c++\10.2.1\cmath ****       typedef typename __gnu_cxx::__promote_2<_Tp, _Up>::__type __type;
1452:c:\program files\daisytoolchain\arm-none-eabi\include\c++\10.2.1\cmath ****       return fmin(__type(__x), __type(__y));
1453:c:\program files\daisytoolchain\arm-none-eabi\include\c++\10.2.1\cmath ****     }
1454:c:\program files\daisytoolchain\arm-none-eabi\include\c++\10.2.1\cmath **** #endif
1455:c:\program files\daisytoolchain\arm-none-eabi\include\c++\10.2.1\cmath **** 
1456:c:\program files\daisytoolchain\arm-none-eabi\include\c++\10.2.1\cmath **** #ifndef __CORRECT_ISO_CPP11_MATH_H_PROTO_FP
1457:c:\program files\daisytoolchain\arm-none-eabi\include\c++\10.2.1\cmath ****   constexpr float
1458:c:\program files\daisytoolchain\arm-none-eabi\include\c++\10.2.1\cmath ****   hypot(float __x, float __y)
1459:c:\program files\daisytoolchain\arm-none-eabi\include\c++\10.2.1\cmath ****   { return __builtin_hypotf(__x, __y); }
1460:c:\program files\daisytoolchain\arm-none-eabi\include\c++\10.2.1\cmath **** 
1461:c:\program files\daisytoolchain\arm-none-eabi\include\c++\10.2.1\cmath ****   constexpr long double
1462:c:\program files\daisytoolchain\arm-none-eabi\include\c++\10.2.1\cmath ****   hypot(long double __x, long double __y)
1463:c:\program files\daisytoolchain\arm-none-eabi\include\c++\10.2.1\cmath ****   { return __builtin_hypotl(__x, __y); }
1464:c:\program files\daisytoolchain\arm-none-eabi\include\c++\10.2.1\cmath **** #endif
1465:c:\program files\daisytoolchain\arm-none-eabi\include\c++\10.2.1\cmath **** 
1466:c:\program files\daisytoolchain\arm-none-eabi\include\c++\10.2.1\cmath **** #ifndef __CORRECT_ISO_CPP11_MATH_H_PROTO_INT
1467:c:\program files\daisytoolchain\arm-none-eabi\include\c++\10.2.1\cmath ****   template<typename _Tp, typename _Up>
1468:c:\program files\daisytoolchain\arm-none-eabi\include\c++\10.2.1\cmath ****     constexpr typename __gnu_cxx::__promote_2<_Tp, _Up>::__type
1469:c:\program files\daisytoolchain\arm-none-eabi\include\c++\10.2.1\cmath ****     hypot(_Tp __x, _Up __y)
1470:c:\program files\daisytoolchain\arm-none-eabi\include\c++\10.2.1\cmath ****     {
1471:c:\program files\daisytoolchain\arm-none-eabi\include\c++\10.2.1\cmath ****       typedef typename __gnu_cxx::__promote_2<_Tp, _Up>::__type __type;
1472:c:\program files\daisytoolchain\arm-none-eabi\include\c++\10.2.1\cmath ****       return hypot(__type(__x), __type(__y));
ARM GAS  C:\Users\aydan\AppData\Local\Temp\cc21BorY.s 			page 121


1473:c:\program files\daisytoolchain\arm-none-eabi\include\c++\10.2.1\cmath ****     }
1474:c:\program files\daisytoolchain\arm-none-eabi\include\c++\10.2.1\cmath **** #endif
1475:c:\program files\daisytoolchain\arm-none-eabi\include\c++\10.2.1\cmath **** 
1476:c:\program files\daisytoolchain\arm-none-eabi\include\c++\10.2.1\cmath **** #ifndef __CORRECT_ISO_CPP11_MATH_H_PROTO_FP
1477:c:\program files\daisytoolchain\arm-none-eabi\include\c++\10.2.1\cmath ****   constexpr int
1478:c:\program files\daisytoolchain\arm-none-eabi\include\c++\10.2.1\cmath ****   ilogb(float __x)
1479:c:\program files\daisytoolchain\arm-none-eabi\include\c++\10.2.1\cmath ****   { return __builtin_ilogbf(__x); }
1480:c:\program files\daisytoolchain\arm-none-eabi\include\c++\10.2.1\cmath **** 
1481:c:\program files\daisytoolchain\arm-none-eabi\include\c++\10.2.1\cmath ****   constexpr int
1482:c:\program files\daisytoolchain\arm-none-eabi\include\c++\10.2.1\cmath ****   ilogb(long double __x)
1483:c:\program files\daisytoolchain\arm-none-eabi\include\c++\10.2.1\cmath ****   { return __builtin_ilogbl(__x); }
1484:c:\program files\daisytoolchain\arm-none-eabi\include\c++\10.2.1\cmath **** #endif
1485:c:\program files\daisytoolchain\arm-none-eabi\include\c++\10.2.1\cmath **** 
1486:c:\program files\daisytoolchain\arm-none-eabi\include\c++\10.2.1\cmath **** #ifndef __CORRECT_ISO_CPP11_MATH_H_PROTO_INT
1487:c:\program files\daisytoolchain\arm-none-eabi\include\c++\10.2.1\cmath ****   template<typename _Tp>
1488:c:\program files\daisytoolchain\arm-none-eabi\include\c++\10.2.1\cmath ****     constexpr
1489:c:\program files\daisytoolchain\arm-none-eabi\include\c++\10.2.1\cmath ****     typename __gnu_cxx::__enable_if<__is_integer<_Tp>::__value, 
1490:c:\program files\daisytoolchain\arm-none-eabi\include\c++\10.2.1\cmath ****                                     int>::__type
1491:c:\program files\daisytoolchain\arm-none-eabi\include\c++\10.2.1\cmath ****     ilogb(_Tp __x)
1492:c:\program files\daisytoolchain\arm-none-eabi\include\c++\10.2.1\cmath ****     { return __builtin_ilogb(__x); }
1493:c:\program files\daisytoolchain\arm-none-eabi\include\c++\10.2.1\cmath **** #endif
1494:c:\program files\daisytoolchain\arm-none-eabi\include\c++\10.2.1\cmath **** 
1495:c:\program files\daisytoolchain\arm-none-eabi\include\c++\10.2.1\cmath **** #ifndef __CORRECT_ISO_CPP11_MATH_H_PROTO_FP
1496:c:\program files\daisytoolchain\arm-none-eabi\include\c++\10.2.1\cmath ****   constexpr float
1497:c:\program files\daisytoolchain\arm-none-eabi\include\c++\10.2.1\cmath ****   lgamma(float __x)
1498:c:\program files\daisytoolchain\arm-none-eabi\include\c++\10.2.1\cmath ****   { return __builtin_lgammaf(__x); }
1499:c:\program files\daisytoolchain\arm-none-eabi\include\c++\10.2.1\cmath **** 
1500:c:\program files\daisytoolchain\arm-none-eabi\include\c++\10.2.1\cmath ****   constexpr long double
1501:c:\program files\daisytoolchain\arm-none-eabi\include\c++\10.2.1\cmath ****   lgamma(long double __x)
1502:c:\program files\daisytoolchain\arm-none-eabi\include\c++\10.2.1\cmath ****   { return __builtin_lgammal(__x); }
1503:c:\program files\daisytoolchain\arm-none-eabi\include\c++\10.2.1\cmath **** #endif
1504:c:\program files\daisytoolchain\arm-none-eabi\include\c++\10.2.1\cmath **** 
1505:c:\program files\daisytoolchain\arm-none-eabi\include\c++\10.2.1\cmath **** #ifndef __CORRECT_ISO_CPP11_MATH_H_PROTO_INT
1506:c:\program files\daisytoolchain\arm-none-eabi\include\c++\10.2.1\cmath ****   template<typename _Tp>
1507:c:\program files\daisytoolchain\arm-none-eabi\include\c++\10.2.1\cmath ****     constexpr typename __gnu_cxx::__enable_if<__is_integer<_Tp>::__value, 
1508:c:\program files\daisytoolchain\arm-none-eabi\include\c++\10.2.1\cmath ****                                               double>::__type
1509:c:\program files\daisytoolchain\arm-none-eabi\include\c++\10.2.1\cmath ****     lgamma(_Tp __x)
1510:c:\program files\daisytoolchain\arm-none-eabi\include\c++\10.2.1\cmath ****     { return __builtin_lgamma(__x); }
1511:c:\program files\daisytoolchain\arm-none-eabi\include\c++\10.2.1\cmath **** #endif
1512:c:\program files\daisytoolchain\arm-none-eabi\include\c++\10.2.1\cmath **** 
1513:c:\program files\daisytoolchain\arm-none-eabi\include\c++\10.2.1\cmath **** #ifndef __CORRECT_ISO_CPP11_MATH_H_PROTO_FP
1514:c:\program files\daisytoolchain\arm-none-eabi\include\c++\10.2.1\cmath ****   constexpr long long
1515:c:\program files\daisytoolchain\arm-none-eabi\include\c++\10.2.1\cmath ****   llrint(float __x)
1516:c:\program files\daisytoolchain\arm-none-eabi\include\c++\10.2.1\cmath ****   { return __builtin_llrintf(__x); }
1517:c:\program files\daisytoolchain\arm-none-eabi\include\c++\10.2.1\cmath **** 
1518:c:\program files\daisytoolchain\arm-none-eabi\include\c++\10.2.1\cmath ****   constexpr long long
1519:c:\program files\daisytoolchain\arm-none-eabi\include\c++\10.2.1\cmath ****   llrint(long double __x)
1520:c:\program files\daisytoolchain\arm-none-eabi\include\c++\10.2.1\cmath ****   { return __builtin_llrintl(__x); }
1521:c:\program files\daisytoolchain\arm-none-eabi\include\c++\10.2.1\cmath **** #endif
1522:c:\program files\daisytoolchain\arm-none-eabi\include\c++\10.2.1\cmath **** 
1523:c:\program files\daisytoolchain\arm-none-eabi\include\c++\10.2.1\cmath **** #ifndef __CORRECT_ISO_CPP11_MATH_H_PROTO_INT
1524:c:\program files\daisytoolchain\arm-none-eabi\include\c++\10.2.1\cmath ****   template<typename _Tp>
1525:c:\program files\daisytoolchain\arm-none-eabi\include\c++\10.2.1\cmath ****     constexpr typename __gnu_cxx::__enable_if<__is_integer<_Tp>::__value, 
1526:c:\program files\daisytoolchain\arm-none-eabi\include\c++\10.2.1\cmath ****                                               long long>::__type
1527:c:\program files\daisytoolchain\arm-none-eabi\include\c++\10.2.1\cmath ****     llrint(_Tp __x)
1528:c:\program files\daisytoolchain\arm-none-eabi\include\c++\10.2.1\cmath ****     { return __builtin_llrint(__x); }
1529:c:\program files\daisytoolchain\arm-none-eabi\include\c++\10.2.1\cmath **** #endif
ARM GAS  C:\Users\aydan\AppData\Local\Temp\cc21BorY.s 			page 122


1530:c:\program files\daisytoolchain\arm-none-eabi\include\c++\10.2.1\cmath **** 
1531:c:\program files\daisytoolchain\arm-none-eabi\include\c++\10.2.1\cmath **** #ifndef __CORRECT_ISO_CPP11_MATH_H_PROTO_FP
1532:c:\program files\daisytoolchain\arm-none-eabi\include\c++\10.2.1\cmath ****   constexpr long long
1533:c:\program files\daisytoolchain\arm-none-eabi\include\c++\10.2.1\cmath ****   llround(float __x)
1534:c:\program files\daisytoolchain\arm-none-eabi\include\c++\10.2.1\cmath ****   { return __builtin_llroundf(__x); }
1535:c:\program files\daisytoolchain\arm-none-eabi\include\c++\10.2.1\cmath **** 
1536:c:\program files\daisytoolchain\arm-none-eabi\include\c++\10.2.1\cmath ****   constexpr long long
1537:c:\program files\daisytoolchain\arm-none-eabi\include\c++\10.2.1\cmath ****   llround(long double __x)
1538:c:\program files\daisytoolchain\arm-none-eabi\include\c++\10.2.1\cmath ****   { return __builtin_llroundl(__x); }
1539:c:\program files\daisytoolchain\arm-none-eabi\include\c++\10.2.1\cmath **** #endif
1540:c:\program files\daisytoolchain\arm-none-eabi\include\c++\10.2.1\cmath **** 
1541:c:\program files\daisytoolchain\arm-none-eabi\include\c++\10.2.1\cmath **** #ifndef __CORRECT_ISO_CPP11_MATH_H_PROTO_INT
1542:c:\program files\daisytoolchain\arm-none-eabi\include\c++\10.2.1\cmath ****   template<typename _Tp>
1543:c:\program files\daisytoolchain\arm-none-eabi\include\c++\10.2.1\cmath ****     constexpr typename __gnu_cxx::__enable_if<__is_integer<_Tp>::__value, 
1544:c:\program files\daisytoolchain\arm-none-eabi\include\c++\10.2.1\cmath ****                                               long long>::__type
1545:c:\program files\daisytoolchain\arm-none-eabi\include\c++\10.2.1\cmath ****     llround(_Tp __x)
1546:c:\program files\daisytoolchain\arm-none-eabi\include\c++\10.2.1\cmath ****     { return __builtin_llround(__x); }
1547:c:\program files\daisytoolchain\arm-none-eabi\include\c++\10.2.1\cmath **** #endif
1548:c:\program files\daisytoolchain\arm-none-eabi\include\c++\10.2.1\cmath **** 
1549:c:\program files\daisytoolchain\arm-none-eabi\include\c++\10.2.1\cmath **** #ifndef __CORRECT_ISO_CPP11_MATH_H_PROTO_FP
1550:c:\program files\daisytoolchain\arm-none-eabi\include\c++\10.2.1\cmath ****   constexpr float
1551:c:\program files\daisytoolchain\arm-none-eabi\include\c++\10.2.1\cmath ****   log1p(float __x)
1552:c:\program files\daisytoolchain\arm-none-eabi\include\c++\10.2.1\cmath ****   { return __builtin_log1pf(__x); }
1553:c:\program files\daisytoolchain\arm-none-eabi\include\c++\10.2.1\cmath **** 
1554:c:\program files\daisytoolchain\arm-none-eabi\include\c++\10.2.1\cmath ****   constexpr long double
1555:c:\program files\daisytoolchain\arm-none-eabi\include\c++\10.2.1\cmath ****   log1p(long double __x)
1556:c:\program files\daisytoolchain\arm-none-eabi\include\c++\10.2.1\cmath ****   { return __builtin_log1pl(__x); }
1557:c:\program files\daisytoolchain\arm-none-eabi\include\c++\10.2.1\cmath **** #endif
1558:c:\program files\daisytoolchain\arm-none-eabi\include\c++\10.2.1\cmath **** 
1559:c:\program files\daisytoolchain\arm-none-eabi\include\c++\10.2.1\cmath **** #ifndef __CORRECT_ISO_CPP11_MATH_H_PROTO_INT
1560:c:\program files\daisytoolchain\arm-none-eabi\include\c++\10.2.1\cmath ****   template<typename _Tp>
1561:c:\program files\daisytoolchain\arm-none-eabi\include\c++\10.2.1\cmath ****     constexpr typename __gnu_cxx::__enable_if<__is_integer<_Tp>::__value, 
1562:c:\program files\daisytoolchain\arm-none-eabi\include\c++\10.2.1\cmath ****                                               double>::__type
1563:c:\program files\daisytoolchain\arm-none-eabi\include\c++\10.2.1\cmath ****     log1p(_Tp __x)
1564:c:\program files\daisytoolchain\arm-none-eabi\include\c++\10.2.1\cmath ****     { return __builtin_log1p(__x); }
1565:c:\program files\daisytoolchain\arm-none-eabi\include\c++\10.2.1\cmath **** #endif
1566:c:\program files\daisytoolchain\arm-none-eabi\include\c++\10.2.1\cmath **** 
1567:c:\program files\daisytoolchain\arm-none-eabi\include\c++\10.2.1\cmath **** #ifndef __CORRECT_ISO_CPP11_MATH_H_PROTO_FP
1568:c:\program files\daisytoolchain\arm-none-eabi\include\c++\10.2.1\cmath ****   // DR 568.
1569:c:\program files\daisytoolchain\arm-none-eabi\include\c++\10.2.1\cmath ****   constexpr float
1570:c:\program files\daisytoolchain\arm-none-eabi\include\c++\10.2.1\cmath ****   log2(float __x)
 2765              		.loc 13 1570 3 view .LVU797
 2766              	.LBB622:
1571:c:\program files\daisytoolchain\arm-none-eabi\include\c++\10.2.1\cmath ****   { return __builtin_log2f(__x); }
 2767              		.loc 13 1571 5 view .LVU798
 2768              	.LBE622:
 2769              	.LBE621:
 208:project006.cpp ****     int   midi_n = (int)std::round(midi_f);
 2770              		.loc 6 208 46 is_stmt 0 view .LVU799
 2771 073e 9FED1E0A 		vldr.32	s0, .L256+96
 208:project006.cpp ****     int   midi_n = (int)std::round(midi_f);
 2772              		.loc 6 208 61 view .LVU800
 2773 0742 9FED1EAA 		vldr.32	s20, .L256+100
 2774              	.LVL233:
 2775              	.LBB624:
 2776              	.LBB623:
 2777              		.loc 13 1571 27 view .LVU801
ARM GAS  C:\Users\aydan\AppData\Local\Temp\cc21BorY.s 			page 123


 2778 0746 88EE800A 		vdiv.f32	s0, s17, s0
 2779              	.LVL234:
 2780              		.loc 13 1571 27 view .LVU802
 2781 074a FFF7FEFF 		bl	log2f
 2782              	.LVL235:
 2783              		.loc 13 1571 27 view .LVU803
 2784              	.LBE623:
 2785              	.LBE624:
 212:project006.cpp ****     int octave   = (midi_n / 12) - 1;
 2786              		.loc 6 212 29 view .LVU804
 2787 074e 1C4A     		ldr	r2, .L256+104
 212:project006.cpp ****     int octave   = (midi_n / 12) - 1;
 2788              		.loc 6 212 9 view .LVU805
 2789 0750 1C48     		ldr	r0, .L256+108
 215:project006.cpp ****     out_cents = (midi_f - (float)midi_n) * 100.0f;
 2790              		.loc 6 215 18 view .LVU806
 2791 0752 0821     		movs	r1, #8
 2792 0754 40E0     		b	.L257
 2793              	.L258:
 2794 0756 00BF     		.align	2
 2795              	.L256:
 2796 0758 00000000 		.word	.LANCHOR4
 2797 075c 00000000 		.word	.LANCHOR0
 2798 0760 84000000 		.word	.LC23
 2799 0764 00000000 		.word	.LANCHOR5
 2800 0768 00000000 		.word	.LANCHOR1
 2801 076c 00000000 		.word	.LANCHOR8
 2802 0770 18000000 		.word	.LANCHOR4+24
 2803 0774 0AD7A33D 		.word	1034147594
 2804 0778 00000000 		.word	.LANCHOR7
 2805 077c 00000000 		.word	.LANCHOR16
 2806 0780 00000000 		.word	.LANCHOR2
 2807 0784 00F0FFFF 		.word	-4096
 2808 0788 00000000 		.word	0
 2809 078c 0000803A 		.word	981467136
 2810 0790 0AD7233C 		.word	1008981770
 2811 0794 00000000 		.word	.LANCHOR15
 2812 0798 00040000 		.word	.LANCHOR15+1024
 2813 079c 00008C42 		.word	1116471296
 2814 07a0 00007A44 		.word	1148846080
 2815 07a4 CAF24971 		.word	1900671690
 2816 07a8 5F708930 		.word	814313567
 2817 07ac AE4761BE 		.word	-1100920914
 2818 07b0 9A99993E 		.word	1050253722
 2819 07b4 6666E63E 		.word	1055286886
 2820 07b8 0000DC43 		.word	1138491392
 2821 07bc 00008A42 		.word	1116340224
 2822 07c0 ABAAAA2A 		.word	715827883
 2823 07c4 ABAAAAAA 		.word	-1431655765
 2824 07c8 00000000 		.word	.LANCHOR6
 2825 07cc 00000000 		.word	_ZZ4mainE3win
 2826 07d0 00000000 		.word	.LANCHOR19
 2827 07d4 00000000 		.word	_ZZL14estimate_pitchPKfifffRfE2xd
 2828              	.L257:
 208:project006.cpp ****     int   midi_n = (int)std::round(midi_f);
 2829              		.loc 6 208 61 view .LVU807
 2830 07d8 F2EE087A 		vmov.f32	s15, #1.2e+1
ARM GAS  C:\Users\aydan\AppData\Local\Temp\cc21BorY.s 			page 124


 2831 07dc A0EE27AA 		vfma.f32	s20, s0, s15
 2832              	.LVL236:
 209:project006.cpp **** 
 2833              		.loc 6 209 5 is_stmt 1 view .LVU808
 2834              	.LBB625:
 2835              	.LBI625:
1572:c:\program files\daisytoolchain\arm-none-eabi\include\c++\10.2.1\cmath **** 
1573:c:\program files\daisytoolchain\arm-none-eabi\include\c++\10.2.1\cmath ****   constexpr long double
1574:c:\program files\daisytoolchain\arm-none-eabi\include\c++\10.2.1\cmath ****   log2(long double __x)
1575:c:\program files\daisytoolchain\arm-none-eabi\include\c++\10.2.1\cmath ****   { return __builtin_log2l(__x); }
1576:c:\program files\daisytoolchain\arm-none-eabi\include\c++\10.2.1\cmath **** #endif
1577:c:\program files\daisytoolchain\arm-none-eabi\include\c++\10.2.1\cmath **** 
1578:c:\program files\daisytoolchain\arm-none-eabi\include\c++\10.2.1\cmath **** #ifndef __CORRECT_ISO_CPP11_MATH_H_PROTO_INT
1579:c:\program files\daisytoolchain\arm-none-eabi\include\c++\10.2.1\cmath ****   template<typename _Tp>
1580:c:\program files\daisytoolchain\arm-none-eabi\include\c++\10.2.1\cmath ****     constexpr typename __gnu_cxx::__enable_if<__is_integer<_Tp>::__value, 
1581:c:\program files\daisytoolchain\arm-none-eabi\include\c++\10.2.1\cmath ****                                               double>::__type
1582:c:\program files\daisytoolchain\arm-none-eabi\include\c++\10.2.1\cmath ****     log2(_Tp __x)
1583:c:\program files\daisytoolchain\arm-none-eabi\include\c++\10.2.1\cmath ****     { return __builtin_log2(__x); }
1584:c:\program files\daisytoolchain\arm-none-eabi\include\c++\10.2.1\cmath **** #endif
1585:c:\program files\daisytoolchain\arm-none-eabi\include\c++\10.2.1\cmath **** 
1586:c:\program files\daisytoolchain\arm-none-eabi\include\c++\10.2.1\cmath **** #ifndef __CORRECT_ISO_CPP11_MATH_H_PROTO_FP
1587:c:\program files\daisytoolchain\arm-none-eabi\include\c++\10.2.1\cmath ****   constexpr float
1588:c:\program files\daisytoolchain\arm-none-eabi\include\c++\10.2.1\cmath ****   logb(float __x)
1589:c:\program files\daisytoolchain\arm-none-eabi\include\c++\10.2.1\cmath ****   { return __builtin_logbf(__x); }
1590:c:\program files\daisytoolchain\arm-none-eabi\include\c++\10.2.1\cmath **** 
1591:c:\program files\daisytoolchain\arm-none-eabi\include\c++\10.2.1\cmath ****   constexpr long double
1592:c:\program files\daisytoolchain\arm-none-eabi\include\c++\10.2.1\cmath ****   logb(long double __x)
1593:c:\program files\daisytoolchain\arm-none-eabi\include\c++\10.2.1\cmath ****   { return __builtin_logbl(__x); }
1594:c:\program files\daisytoolchain\arm-none-eabi\include\c++\10.2.1\cmath **** #endif
1595:c:\program files\daisytoolchain\arm-none-eabi\include\c++\10.2.1\cmath **** 
1596:c:\program files\daisytoolchain\arm-none-eabi\include\c++\10.2.1\cmath **** #ifndef __CORRECT_ISO_CPP11_MATH_H_PROTO_INT
1597:c:\program files\daisytoolchain\arm-none-eabi\include\c++\10.2.1\cmath ****   template<typename _Tp>
1598:c:\program files\daisytoolchain\arm-none-eabi\include\c++\10.2.1\cmath ****     constexpr typename __gnu_cxx::__enable_if<__is_integer<_Tp>::__value, 
1599:c:\program files\daisytoolchain\arm-none-eabi\include\c++\10.2.1\cmath ****                                               double>::__type
1600:c:\program files\daisytoolchain\arm-none-eabi\include\c++\10.2.1\cmath ****     logb(_Tp __x)
1601:c:\program files\daisytoolchain\arm-none-eabi\include\c++\10.2.1\cmath ****     { return __builtin_logb(__x); }
1602:c:\program files\daisytoolchain\arm-none-eabi\include\c++\10.2.1\cmath **** #endif
1603:c:\program files\daisytoolchain\arm-none-eabi\include\c++\10.2.1\cmath **** 
1604:c:\program files\daisytoolchain\arm-none-eabi\include\c++\10.2.1\cmath **** #ifndef __CORRECT_ISO_CPP11_MATH_H_PROTO_FP
1605:c:\program files\daisytoolchain\arm-none-eabi\include\c++\10.2.1\cmath ****   constexpr long
1606:c:\program files\daisytoolchain\arm-none-eabi\include\c++\10.2.1\cmath ****   lrint(float __x)
1607:c:\program files\daisytoolchain\arm-none-eabi\include\c++\10.2.1\cmath ****   { return __builtin_lrintf(__x); }
1608:c:\program files\daisytoolchain\arm-none-eabi\include\c++\10.2.1\cmath **** 
1609:c:\program files\daisytoolchain\arm-none-eabi\include\c++\10.2.1\cmath ****   constexpr long
1610:c:\program files\daisytoolchain\arm-none-eabi\include\c++\10.2.1\cmath ****   lrint(long double __x)
1611:c:\program files\daisytoolchain\arm-none-eabi\include\c++\10.2.1\cmath ****   { return __builtin_lrintl(__x); }
1612:c:\program files\daisytoolchain\arm-none-eabi\include\c++\10.2.1\cmath **** #endif
1613:c:\program files\daisytoolchain\arm-none-eabi\include\c++\10.2.1\cmath **** 
1614:c:\program files\daisytoolchain\arm-none-eabi\include\c++\10.2.1\cmath **** #ifndef __CORRECT_ISO_CPP11_MATH_H_PROTO_INT
1615:c:\program files\daisytoolchain\arm-none-eabi\include\c++\10.2.1\cmath ****   template<typename _Tp>
1616:c:\program files\daisytoolchain\arm-none-eabi\include\c++\10.2.1\cmath ****     constexpr typename __gnu_cxx::__enable_if<__is_integer<_Tp>::__value, 
1617:c:\program files\daisytoolchain\arm-none-eabi\include\c++\10.2.1\cmath ****                                               long>::__type
1618:c:\program files\daisytoolchain\arm-none-eabi\include\c++\10.2.1\cmath ****     lrint(_Tp __x)
1619:c:\program files\daisytoolchain\arm-none-eabi\include\c++\10.2.1\cmath ****     { return __builtin_lrint(__x); }
1620:c:\program files\daisytoolchain\arm-none-eabi\include\c++\10.2.1\cmath **** #endif
1621:c:\program files\daisytoolchain\arm-none-eabi\include\c++\10.2.1\cmath **** 
1622:c:\program files\daisytoolchain\arm-none-eabi\include\c++\10.2.1\cmath **** #ifndef __CORRECT_ISO_CPP11_MATH_H_PROTO_FP
ARM GAS  C:\Users\aydan\AppData\Local\Temp\cc21BorY.s 			page 125


1623:c:\program files\daisytoolchain\arm-none-eabi\include\c++\10.2.1\cmath ****   constexpr long
1624:c:\program files\daisytoolchain\arm-none-eabi\include\c++\10.2.1\cmath ****   lround(float __x)
1625:c:\program files\daisytoolchain\arm-none-eabi\include\c++\10.2.1\cmath ****   { return __builtin_lroundf(__x); }
1626:c:\program files\daisytoolchain\arm-none-eabi\include\c++\10.2.1\cmath **** 
1627:c:\program files\daisytoolchain\arm-none-eabi\include\c++\10.2.1\cmath ****   constexpr long
1628:c:\program files\daisytoolchain\arm-none-eabi\include\c++\10.2.1\cmath ****   lround(long double __x)
1629:c:\program files\daisytoolchain\arm-none-eabi\include\c++\10.2.1\cmath ****   { return __builtin_lroundl(__x); }
1630:c:\program files\daisytoolchain\arm-none-eabi\include\c++\10.2.1\cmath **** #endif
1631:c:\program files\daisytoolchain\arm-none-eabi\include\c++\10.2.1\cmath **** 
1632:c:\program files\daisytoolchain\arm-none-eabi\include\c++\10.2.1\cmath **** #ifndef __CORRECT_ISO_CPP11_MATH_H_PROTO_INT
1633:c:\program files\daisytoolchain\arm-none-eabi\include\c++\10.2.1\cmath ****   template<typename _Tp>
1634:c:\program files\daisytoolchain\arm-none-eabi\include\c++\10.2.1\cmath ****     constexpr typename __gnu_cxx::__enable_if<__is_integer<_Tp>::__value, 
1635:c:\program files\daisytoolchain\arm-none-eabi\include\c++\10.2.1\cmath ****                                               long>::__type
1636:c:\program files\daisytoolchain\arm-none-eabi\include\c++\10.2.1\cmath ****     lround(_Tp __x)
1637:c:\program files\daisytoolchain\arm-none-eabi\include\c++\10.2.1\cmath ****     { return __builtin_lround(__x); }
1638:c:\program files\daisytoolchain\arm-none-eabi\include\c++\10.2.1\cmath **** #endif
1639:c:\program files\daisytoolchain\arm-none-eabi\include\c++\10.2.1\cmath **** 
1640:c:\program files\daisytoolchain\arm-none-eabi\include\c++\10.2.1\cmath **** #ifndef __CORRECT_ISO_CPP11_MATH_H_PROTO_FP
1641:c:\program files\daisytoolchain\arm-none-eabi\include\c++\10.2.1\cmath ****   constexpr float
1642:c:\program files\daisytoolchain\arm-none-eabi\include\c++\10.2.1\cmath ****   nearbyint(float __x)
1643:c:\program files\daisytoolchain\arm-none-eabi\include\c++\10.2.1\cmath ****   { return __builtin_nearbyintf(__x); }
1644:c:\program files\daisytoolchain\arm-none-eabi\include\c++\10.2.1\cmath **** 
1645:c:\program files\daisytoolchain\arm-none-eabi\include\c++\10.2.1\cmath ****   constexpr long double
1646:c:\program files\daisytoolchain\arm-none-eabi\include\c++\10.2.1\cmath ****   nearbyint(long double __x)
1647:c:\program files\daisytoolchain\arm-none-eabi\include\c++\10.2.1\cmath ****   { return __builtin_nearbyintl(__x); }
1648:c:\program files\daisytoolchain\arm-none-eabi\include\c++\10.2.1\cmath **** #endif
1649:c:\program files\daisytoolchain\arm-none-eabi\include\c++\10.2.1\cmath **** 
1650:c:\program files\daisytoolchain\arm-none-eabi\include\c++\10.2.1\cmath **** #ifndef __CORRECT_ISO_CPP11_MATH_H_PROTO_INT
1651:c:\program files\daisytoolchain\arm-none-eabi\include\c++\10.2.1\cmath ****   template<typename _Tp>
1652:c:\program files\daisytoolchain\arm-none-eabi\include\c++\10.2.1\cmath ****     constexpr typename __gnu_cxx::__enable_if<__is_integer<_Tp>::__value, 
1653:c:\program files\daisytoolchain\arm-none-eabi\include\c++\10.2.1\cmath ****                                               double>::__type
1654:c:\program files\daisytoolchain\arm-none-eabi\include\c++\10.2.1\cmath ****     nearbyint(_Tp __x)
1655:c:\program files\daisytoolchain\arm-none-eabi\include\c++\10.2.1\cmath ****     { return __builtin_nearbyint(__x); }
1656:c:\program files\daisytoolchain\arm-none-eabi\include\c++\10.2.1\cmath **** #endif
1657:c:\program files\daisytoolchain\arm-none-eabi\include\c++\10.2.1\cmath **** 
1658:c:\program files\daisytoolchain\arm-none-eabi\include\c++\10.2.1\cmath **** #ifndef __CORRECT_ISO_CPP11_MATH_H_PROTO_FP
1659:c:\program files\daisytoolchain\arm-none-eabi\include\c++\10.2.1\cmath ****   constexpr float
1660:c:\program files\daisytoolchain\arm-none-eabi\include\c++\10.2.1\cmath ****   nextafter(float __x, float __y)
1661:c:\program files\daisytoolchain\arm-none-eabi\include\c++\10.2.1\cmath ****   { return __builtin_nextafterf(__x, __y); }
1662:c:\program files\daisytoolchain\arm-none-eabi\include\c++\10.2.1\cmath **** 
1663:c:\program files\daisytoolchain\arm-none-eabi\include\c++\10.2.1\cmath ****   constexpr long double
1664:c:\program files\daisytoolchain\arm-none-eabi\include\c++\10.2.1\cmath ****   nextafter(long double __x, long double __y)
1665:c:\program files\daisytoolchain\arm-none-eabi\include\c++\10.2.1\cmath ****   { return __builtin_nextafterl(__x, __y); }
1666:c:\program files\daisytoolchain\arm-none-eabi\include\c++\10.2.1\cmath **** #endif
1667:c:\program files\daisytoolchain\arm-none-eabi\include\c++\10.2.1\cmath **** 
1668:c:\program files\daisytoolchain\arm-none-eabi\include\c++\10.2.1\cmath **** #ifndef __CORRECT_ISO_CPP11_MATH_H_PROTO_INT
1669:c:\program files\daisytoolchain\arm-none-eabi\include\c++\10.2.1\cmath ****   template<typename _Tp, typename _Up>
1670:c:\program files\daisytoolchain\arm-none-eabi\include\c++\10.2.1\cmath ****     constexpr typename __gnu_cxx::__promote_2<_Tp, _Up>::__type
1671:c:\program files\daisytoolchain\arm-none-eabi\include\c++\10.2.1\cmath ****     nextafter(_Tp __x, _Up __y)
1672:c:\program files\daisytoolchain\arm-none-eabi\include\c++\10.2.1\cmath ****     {
1673:c:\program files\daisytoolchain\arm-none-eabi\include\c++\10.2.1\cmath ****       typedef typename __gnu_cxx::__promote_2<_Tp, _Up>::__type __type;
1674:c:\program files\daisytoolchain\arm-none-eabi\include\c++\10.2.1\cmath ****       return nextafter(__type(__x), __type(__y));
1675:c:\program files\daisytoolchain\arm-none-eabi\include\c++\10.2.1\cmath ****     }
1676:c:\program files\daisytoolchain\arm-none-eabi\include\c++\10.2.1\cmath **** #endif
1677:c:\program files\daisytoolchain\arm-none-eabi\include\c++\10.2.1\cmath **** 
1678:c:\program files\daisytoolchain\arm-none-eabi\include\c++\10.2.1\cmath **** #ifndef __CORRECT_ISO_CPP11_MATH_H_PROTO_FP
1679:c:\program files\daisytoolchain\arm-none-eabi\include\c++\10.2.1\cmath ****   constexpr float
ARM GAS  C:\Users\aydan\AppData\Local\Temp\cc21BorY.s 			page 126


1680:c:\program files\daisytoolchain\arm-none-eabi\include\c++\10.2.1\cmath ****   nexttoward(float __x, long double __y)
1681:c:\program files\daisytoolchain\arm-none-eabi\include\c++\10.2.1\cmath ****   { return __builtin_nexttowardf(__x, __y); }
1682:c:\program files\daisytoolchain\arm-none-eabi\include\c++\10.2.1\cmath **** 
1683:c:\program files\daisytoolchain\arm-none-eabi\include\c++\10.2.1\cmath ****   constexpr long double
1684:c:\program files\daisytoolchain\arm-none-eabi\include\c++\10.2.1\cmath ****   nexttoward(long double __x, long double __y)
1685:c:\program files\daisytoolchain\arm-none-eabi\include\c++\10.2.1\cmath ****   { return __builtin_nexttowardl(__x, __y); }
1686:c:\program files\daisytoolchain\arm-none-eabi\include\c++\10.2.1\cmath **** #endif
1687:c:\program files\daisytoolchain\arm-none-eabi\include\c++\10.2.1\cmath **** 
1688:c:\program files\daisytoolchain\arm-none-eabi\include\c++\10.2.1\cmath **** #ifndef __CORRECT_ISO_CPP11_MATH_H_PROTO_INT
1689:c:\program files\daisytoolchain\arm-none-eabi\include\c++\10.2.1\cmath ****   template<typename _Tp>
1690:c:\program files\daisytoolchain\arm-none-eabi\include\c++\10.2.1\cmath ****     constexpr typename __gnu_cxx::__enable_if<__is_integer<_Tp>::__value, 
1691:c:\program files\daisytoolchain\arm-none-eabi\include\c++\10.2.1\cmath ****                                               double>::__type
1692:c:\program files\daisytoolchain\arm-none-eabi\include\c++\10.2.1\cmath ****     nexttoward(_Tp __x, long double __y)
1693:c:\program files\daisytoolchain\arm-none-eabi\include\c++\10.2.1\cmath ****     { return __builtin_nexttoward(__x, __y); }
1694:c:\program files\daisytoolchain\arm-none-eabi\include\c++\10.2.1\cmath **** #endif
1695:c:\program files\daisytoolchain\arm-none-eabi\include\c++\10.2.1\cmath **** 
1696:c:\program files\daisytoolchain\arm-none-eabi\include\c++\10.2.1\cmath **** #ifndef __CORRECT_ISO_CPP11_MATH_H_PROTO_FP
1697:c:\program files\daisytoolchain\arm-none-eabi\include\c++\10.2.1\cmath ****   constexpr float
1698:c:\program files\daisytoolchain\arm-none-eabi\include\c++\10.2.1\cmath ****   remainder(float __x, float __y)
1699:c:\program files\daisytoolchain\arm-none-eabi\include\c++\10.2.1\cmath ****   { return __builtin_remainderf(__x, __y); }
1700:c:\program files\daisytoolchain\arm-none-eabi\include\c++\10.2.1\cmath **** 
1701:c:\program files\daisytoolchain\arm-none-eabi\include\c++\10.2.1\cmath ****   constexpr long double
1702:c:\program files\daisytoolchain\arm-none-eabi\include\c++\10.2.1\cmath ****   remainder(long double __x, long double __y)
1703:c:\program files\daisytoolchain\arm-none-eabi\include\c++\10.2.1\cmath ****   { return __builtin_remainderl(__x, __y); }
1704:c:\program files\daisytoolchain\arm-none-eabi\include\c++\10.2.1\cmath **** #endif
1705:c:\program files\daisytoolchain\arm-none-eabi\include\c++\10.2.1\cmath **** 
1706:c:\program files\daisytoolchain\arm-none-eabi\include\c++\10.2.1\cmath **** #ifndef __CORRECT_ISO_CPP11_MATH_H_PROTO_INT
1707:c:\program files\daisytoolchain\arm-none-eabi\include\c++\10.2.1\cmath ****   template<typename _Tp, typename _Up>
1708:c:\program files\daisytoolchain\arm-none-eabi\include\c++\10.2.1\cmath ****     constexpr typename __gnu_cxx::__promote_2<_Tp, _Up>::__type
1709:c:\program files\daisytoolchain\arm-none-eabi\include\c++\10.2.1\cmath ****     remainder(_Tp __x, _Up __y)
1710:c:\program files\daisytoolchain\arm-none-eabi\include\c++\10.2.1\cmath ****     {
1711:c:\program files\daisytoolchain\arm-none-eabi\include\c++\10.2.1\cmath ****       typedef typename __gnu_cxx::__promote_2<_Tp, _Up>::__type __type;
1712:c:\program files\daisytoolchain\arm-none-eabi\include\c++\10.2.1\cmath ****       return remainder(__type(__x), __type(__y));
1713:c:\program files\daisytoolchain\arm-none-eabi\include\c++\10.2.1\cmath ****     }
1714:c:\program files\daisytoolchain\arm-none-eabi\include\c++\10.2.1\cmath **** #endif
1715:c:\program files\daisytoolchain\arm-none-eabi\include\c++\10.2.1\cmath **** 
1716:c:\program files\daisytoolchain\arm-none-eabi\include\c++\10.2.1\cmath **** #ifndef __CORRECT_ISO_CPP11_MATH_H_PROTO_FP
1717:c:\program files\daisytoolchain\arm-none-eabi\include\c++\10.2.1\cmath ****   inline float
1718:c:\program files\daisytoolchain\arm-none-eabi\include\c++\10.2.1\cmath ****   remquo(float __x, float __y, int* __pquo)
1719:c:\program files\daisytoolchain\arm-none-eabi\include\c++\10.2.1\cmath ****   { return __builtin_remquof(__x, __y, __pquo); }
1720:c:\program files\daisytoolchain\arm-none-eabi\include\c++\10.2.1\cmath **** 
1721:c:\program files\daisytoolchain\arm-none-eabi\include\c++\10.2.1\cmath ****   inline long double
1722:c:\program files\daisytoolchain\arm-none-eabi\include\c++\10.2.1\cmath ****   remquo(long double __x, long double __y, int* __pquo)
1723:c:\program files\daisytoolchain\arm-none-eabi\include\c++\10.2.1\cmath ****   { return __builtin_remquol(__x, __y, __pquo); }
1724:c:\program files\daisytoolchain\arm-none-eabi\include\c++\10.2.1\cmath **** #endif
1725:c:\program files\daisytoolchain\arm-none-eabi\include\c++\10.2.1\cmath **** 
1726:c:\program files\daisytoolchain\arm-none-eabi\include\c++\10.2.1\cmath **** #ifndef __CORRECT_ISO_CPP11_MATH_H_PROTO_INT
1727:c:\program files\daisytoolchain\arm-none-eabi\include\c++\10.2.1\cmath ****   template<typename _Tp, typename _Up>
1728:c:\program files\daisytoolchain\arm-none-eabi\include\c++\10.2.1\cmath ****     inline typename __gnu_cxx::__promote_2<_Tp, _Up>::__type
1729:c:\program files\daisytoolchain\arm-none-eabi\include\c++\10.2.1\cmath ****     remquo(_Tp __x, _Up __y, int* __pquo)
1730:c:\program files\daisytoolchain\arm-none-eabi\include\c++\10.2.1\cmath ****     {
1731:c:\program files\daisytoolchain\arm-none-eabi\include\c++\10.2.1\cmath ****       typedef typename __gnu_cxx::__promote_2<_Tp, _Up>::__type __type;
1732:c:\program files\daisytoolchain\arm-none-eabi\include\c++\10.2.1\cmath ****       return remquo(__type(__x), __type(__y), __pquo);
1733:c:\program files\daisytoolchain\arm-none-eabi\include\c++\10.2.1\cmath ****     }
1734:c:\program files\daisytoolchain\arm-none-eabi\include\c++\10.2.1\cmath **** #endif
1735:c:\program files\daisytoolchain\arm-none-eabi\include\c++\10.2.1\cmath **** 
1736:c:\program files\daisytoolchain\arm-none-eabi\include\c++\10.2.1\cmath **** #ifndef __CORRECT_ISO_CPP11_MATH_H_PROTO_FP
ARM GAS  C:\Users\aydan\AppData\Local\Temp\cc21BorY.s 			page 127


1737:c:\program files\daisytoolchain\arm-none-eabi\include\c++\10.2.1\cmath ****   constexpr float
1738:c:\program files\daisytoolchain\arm-none-eabi\include\c++\10.2.1\cmath ****   rint(float __x)
1739:c:\program files\daisytoolchain\arm-none-eabi\include\c++\10.2.1\cmath ****   { return __builtin_rintf(__x); }
1740:c:\program files\daisytoolchain\arm-none-eabi\include\c++\10.2.1\cmath **** 
1741:c:\program files\daisytoolchain\arm-none-eabi\include\c++\10.2.1\cmath ****   constexpr long double
1742:c:\program files\daisytoolchain\arm-none-eabi\include\c++\10.2.1\cmath ****   rint(long double __x)
1743:c:\program files\daisytoolchain\arm-none-eabi\include\c++\10.2.1\cmath ****   { return __builtin_rintl(__x); }
1744:c:\program files\daisytoolchain\arm-none-eabi\include\c++\10.2.1\cmath **** #endif
1745:c:\program files\daisytoolchain\arm-none-eabi\include\c++\10.2.1\cmath **** 
1746:c:\program files\daisytoolchain\arm-none-eabi\include\c++\10.2.1\cmath **** #ifndef __CORRECT_ISO_CPP11_MATH_H_PROTO_INT
1747:c:\program files\daisytoolchain\arm-none-eabi\include\c++\10.2.1\cmath ****   template<typename _Tp>
1748:c:\program files\daisytoolchain\arm-none-eabi\include\c++\10.2.1\cmath ****     constexpr typename __gnu_cxx::__enable_if<__is_integer<_Tp>::__value, 
1749:c:\program files\daisytoolchain\arm-none-eabi\include\c++\10.2.1\cmath ****                                               double>::__type
1750:c:\program files\daisytoolchain\arm-none-eabi\include\c++\10.2.1\cmath ****     rint(_Tp __x)
1751:c:\program files\daisytoolchain\arm-none-eabi\include\c++\10.2.1\cmath ****     { return __builtin_rint(__x); }
1752:c:\program files\daisytoolchain\arm-none-eabi\include\c++\10.2.1\cmath **** #endif
1753:c:\program files\daisytoolchain\arm-none-eabi\include\c++\10.2.1\cmath **** 
1754:c:\program files\daisytoolchain\arm-none-eabi\include\c++\10.2.1\cmath **** #ifndef __CORRECT_ISO_CPP11_MATH_H_PROTO_FP
1755:c:\program files\daisytoolchain\arm-none-eabi\include\c++\10.2.1\cmath ****   constexpr float
1756:c:\program files\daisytoolchain\arm-none-eabi\include\c++\10.2.1\cmath ****   round(float __x)
 2836              		.loc 13 1756 3 view .LVU809
 2837              	.LBB626:
1757:c:\program files\daisytoolchain\arm-none-eabi\include\c++\10.2.1\cmath ****   { return __builtin_roundf(__x); }
 2838              		.loc 13 1757 5 view .LVU810
 2839              		.loc 13 1757 28 is_stmt 0 view .LVU811
 2840 07e0 F8FE4A7A 		vrinta.f32	s15, s20
 2841              	.LVL237:
 2842              		.loc 13 1757 28 view .LVU812
 2843              	.LBE626:
 2844              	.LBE625:
 209:project006.cpp **** 
 2845              		.loc 6 209 42 view .LVU813
 2846 07e4 FDEEE77A 		vcvt.s32.f32	s15, s15
 2847 07e8 17EE90AA 		vmov	r10, s15	@ int
 2848              	.LVL238:
 211:project006.cpp ****     int note_idx = ((midi_n % 12) + 12) % 12;
 2849              		.loc 6 211 5 is_stmt 1 view .LVU814
 212:project006.cpp ****     int octave   = (midi_n / 12) - 1;
 2850              		.loc 6 212 5 view .LVU815
 213:project006.cpp **** 
 2851              		.loc 6 213 5 view .LVU816
 215:project006.cpp ****     out_cents = (midi_f - (float)midi_n) * 100.0f;
 2852              		.loc 6 215 5 view .LVU817
 212:project006.cpp ****     int octave   = (midi_n / 12) - 1;
 2853              		.loc 6 212 29 is_stmt 0 view .LVU818
 2854 07ec 82FB0A32 		smull	r3, r2, r2, r10
 2855 07f0 4FEAEA73 		asr	r3, r10, #31
 2856 07f4 C3EB6203 		rsb	r3, r3, r2, asr #1
 215:project006.cpp ****     out_cents = (midi_f - (float)midi_n) * 100.0f;
 2857              		.loc 6 215 18 view .LVU819
 2858 07f8 BD4A     		ldr	r2, .L259+16
 212:project006.cpp ****     int octave   = (midi_n / 12) - 1;
 2859              		.loc 6 212 29 view .LVU820
 2860 07fa 03EB430C 		add	ip, r3, r3, lsl #1
 213:project006.cpp **** 
 2861              		.loc 6 213 9 view .LVU821
 2862 07fe 013B     		subs	r3, r3, #1
ARM GAS  C:\Users\aydan\AppData\Local\Temp\cc21BorY.s 			page 128


 215:project006.cpp ****     out_cents = (midi_f - (float)midi_n) * 100.0f;
 2863              		.loc 6 215 18 view .LVU822
 2864 0800 0093     		str	r3, [sp]
 212:project006.cpp ****     int octave   = (midi_n / 12) - 1;
 2865              		.loc 6 212 29 view .LVU823
 2866 0802 AAEB8C03 		sub	r3, r10, ip, lsl #2
 212:project006.cpp ****     int octave   = (midi_n / 12) - 1;
 2867              		.loc 6 212 35 view .LVU824
 2868 0806 0C33     		adds	r3, r3, #12
 212:project006.cpp ****     int octave   = (midi_n / 12) - 1;
 2869              		.loc 6 212 9 view .LVU825
 2870 0808 A0FB03C0 		umull	ip, r0, r0, r3
 2871 080c C008     		lsrs	r0, r0, #3
 2872 080e 00EB4000 		add	r0, r0, r0, lsl #1
 2873 0812 A3EB8000 		sub	r0, r3, r0, lsl #2
 215:project006.cpp ****     out_cents = (midi_f - (float)midi_n) * 100.0f;
 2874              		.loc 6 215 18 view .LVU826
 2875 0816 B74B     		ldr	r3, .L259+20
 2876 0818 53F82030 		ldr	r3, [r3, r0, lsl #2]
 2877 081c 30A8     		add	r0, sp, #192
 2878              	.LVL239:
 215:project006.cpp ****     out_cents = (midi_f - (float)midi_n) * 100.0f;
 2879              		.loc 6 215 18 view .LVU827
 2880 081e FFF7FEFF 		bl	snprintf
 2881              	.LVL240:
 216:project006.cpp **** }
 2882              		.loc 6 216 5 is_stmt 1 view .LVU828
 216:project006.cpp **** }
 2883              		.loc 6 216 27 is_stmt 0 view .LVU829
 2884 0822 07EE90AA 		vmov	s15, r10	@ int
 216:project006.cpp **** }
 2885              		.loc 6 216 42 view .LVU830
 2886 0826 9FEDB47A 		vldr.32	s14, .L259+24
 216:project006.cpp **** }
 2887              		.loc 6 216 27 view .LVU831
 2888 082a F8EEE77A 		vcvt.f32.s32	s15, s15
 216:project006.cpp **** }
 2889              		.loc 6 216 25 view .LVU832
 2890 082e 7AEE677A 		vsub.f32	s15, s20, s15
 216:project006.cpp **** }
 2891              		.loc 6 216 42 view .LVU833
 2892 0832 67EE877A 		vmul.f32	s15, s15, s14
 2893              	.LVL241:
 2894              	.L172:
 216:project006.cpp **** }
 2895              		.loc 6 216 42 view .LVU834
 2896              	.LBE620:
 2897              	.LBE619:
 296:project006.cpp ****     pr.freq_hz = freq_sm;
 2898              		.loc 6 296 5 is_stmt 1 view .LVU835
 296:project006.cpp ****     pr.freq_hz = freq_sm;
 2899              		.loc 6 296 59 is_stmt 0 view .LVU836
 2900 0836 F4EECBAA 		vcmpe.f32	s21, s22
 2901 083a F1EE10FA 		vmrs	APSR_nzcv, FPSCR
 2902 083e 00F24181 		bhi	.L229
 296:project006.cpp ****     pr.freq_hz = freq_sm;
 2903              		.loc 6 296 37 view .LVU837
ARM GAS  C:\Users\aydan\AppData\Local\Temp\cc21BorY.s 			page 129


 2904 0842 9FEDAE7A 		vldr.32	s14, .L259+28
 2905 0846 F4EEC78A 		vcmpe.f32	s17, s14
 2906 084a F1EE10FA 		vmrs	APSR_nzcv, FPSCR
 2907 084e C0F23981 		blt	.L229
 296:project006.cpp ****     pr.freq_hz = freq_sm;
 2908              		.loc 6 296 59 view .LVU838
 2909 0852 9FEDAB7A 		vldr.32	s14, .L259+32
 2910 0856 F4EEC78A 		vcmpe.f32	s17, s14
 2911 085a F1EE10FA 		vmrs	APSR_nzcv, FPSCR
 2912 085e 94BF     		ite	ls
 2913 0860 0123     		movls	r3, #1
 2914 0862 0023     		movhi	r3, #0
 2915              	.L173:
 296:project006.cpp ****     pr.freq_hz = freq_sm;
 2916              		.loc 6 296 16 view .LVU839
 2917 0864 8DF85430 		strb	r3, [sp, #84]
 297:project006.cpp ****     pr.conf    = conf;
 2918              		.loc 6 297 5 is_stmt 1 view .LVU840
 300:project006.cpp ****     return pr;
 2919              		.loc 6 300 18 is_stmt 0 view .LVU841
 2920 0868 0821     		movs	r1, #8
 2921 086a 30AB     		add	r3, sp, #192
 2922 086c A54A     		ldr	r2, .L259+36
 2923 086e 19A8     		add	r0, sp, #100
 297:project006.cpp ****     pr.conf    = conf;
 2924              		.loc 6 297 16 view .LVU842
 2925 0870 CDED168A 		vstr.32	s17, [sp, #88]
 298:project006.cpp ****     pr.cents   = cents;
 2926              		.loc 6 298 5 is_stmt 1 view .LVU843
 298:project006.cpp ****     pr.cents   = cents;
 2927              		.loc 6 298 16 is_stmt 0 view .LVU844
 2928 0874 8DED17BA 		vstr.32	s22, [sp, #92]
 299:project006.cpp ****     std::snprintf(pr.note, sizeof(pr.note), "%s", note);
 2929              		.loc 6 299 5 is_stmt 1 view .LVU845
 299:project006.cpp ****     std::snprintf(pr.note, sizeof(pr.note), "%s", note);
 2930              		.loc 6 299 16 is_stmt 0 view .LVU846
 2931 0878 CDED187A 		vstr.32	s15, [sp, #96]
 300:project006.cpp ****     return pr;
 2932              		.loc 6 300 5 is_stmt 1 view .LVU847
 300:project006.cpp ****     return pr;
 2933              		.loc 6 300 18 is_stmt 0 view .LVU848
 2934 087c FFF7FEFF 		bl	snprintf
 2935              	.LVL242:
 301:project006.cpp **** }
 2936              		.loc 6 301 5 is_stmt 1 view .LVU849
 2937              	.L162:
 301:project006.cpp **** }
 2938              		.loc 6 301 5 is_stmt 0 view .LVU850
 2939              	.LBE632:
 2940              	.LBE637:
 671:project006.cpp ****             }
 2941              		.loc 6 671 17 is_stmt 1 view .LVU851
 2942              	.LBB638:
 2943              	.LBI638:
  88:project006.cpp **** {
 2944              		.loc 6 88 13 view .LVU852
 2945              	.LBB639:
ARM GAS  C:\Users\aydan\AppData\Local\Temp\cc21BorY.s 			page 130


  90:project006.cpp ****     std::snprintf(buf, sizeof(buf), "T,%d,%.3f,%s,%.2f,%.3f\n",
 2946              		.loc 6 90 5 view .LVU853
  91:project006.cpp ****                   valid ? 1 : 0, freq_hz, note, cents, conf);
 2947              		.loc 6 91 5 view .LVU854
  91:project006.cpp ****                   valid ? 1 : 0, freq_hz, note, cents, conf);
 2948              		.loc 6 91 18 is_stmt 0 view .LVU855
 2949 0880 19AB     		add	r3, sp, #100
 2950              	.LVL243:
  91:project006.cpp ****                   valid ? 1 : 0, freq_hz, note, cents, conf);
 2951              		.loc 6 91 18 view .LVU856
 2952 0882 9DED175A 		vldr.32	s10, [sp, #92]
 2953 0886 9DED186A 		vldr.32	s12, [sp, #96]
 2954 088a 8021     		movs	r1, #128
 2955 088c 9DED167A 		vldr.32	s14, [sp, #88]
 2956 0890 B7EEC55A 		vcvt.f64.f32	d5, s10
 2957 0894 0293     		str	r3, [sp, #8]
 2958 0896 B7EEC66A 		vcvt.f64.f32	d6, s12
 2959              	.LBE639:
 2960              	.LBE638:
 2961              	.LBE595:
 2962              	.LBE594:
 648:project006.cpp **** 
 2963              		.loc 6 648 27 view .LVU857
 2964 089a 099B     		ldr	r3, [sp, #36]
 2965              	.LVL244:
 2966              	.LBB662:
 2967              	.LBB647:
 2968              	.LBB642:
 2969              	.LBB640:
  91:project006.cpp ****                   valid ? 1 : 0, freq_hz, note, cents, conf);
 2970              		.loc 6 91 18 view .LVU858
 2971 089c B7EEC77A 		vcvt.f64.f32	d7, s14
 2972 08a0 994A     		ldr	r2, .L259+40
 2973 08a2 30A8     		add	r0, sp, #192
 2974              	.LBE640:
 2975              	.LBE642:
 2976              	.LBE647:
 2977              	.LBE662:
 648:project006.cpp **** 
 2978              		.loc 6 648 27 view .LVU859
 2979 08a4 0E93     		str	r3, [sp, #56]
 2980              	.LBB663:
 2981              	.LBB648:
 2982              	.LBB643:
 2983              	.LBB641:
  91:project006.cpp ****                   valid ? 1 : 0, freq_hz, note, cents, conf);
 2984              		.loc 6 91 18 view .LVU860
 2985 08a6 9DF85430 		ldrb	r3, [sp, #84]	@ zero_extendqisi2
 2986 08aa 8DED065B 		vstr.64	d5, [sp, #24]
 2987 08ae 8DED046B 		vstr.64	d6, [sp, #16]
 2988 08b2 8DED007B 		vstr.64	d7, [sp]
 2989              	.LVL245:
 2990              	.L233:
  91:project006.cpp ****                   valid ? 1 : 0, freq_hz, note, cents, conf);
 2991              		.loc 6 91 18 view .LVU861
 2992              	.LBE641:
 2993              	.LBE643:
ARM GAS  C:\Users\aydan\AppData\Local\Temp\cc21BorY.s 			page 131


 2994              	.LBE648:
 2995              	.LBB649:
 2996              	.LBB650:
 2997 08b6 FFF7FEFF 		bl	snprintf
 2998              	.LVL246:
  93:project006.cpp **** }
 2999              		.loc 6 93 5 is_stmt 1 view .LVU862
 3000              	.LBB651:
 3001              	.LBI651:
  62:project006.cpp **** {
 3002              		.loc 6 62 13 view .LVU863
 3003              	.LBB652:
  64:project006.cpp **** }
 3004              		.loc 6 64 5 view .LVU864
  64:project006.cpp **** }
 3005              		.loc 6 64 26 is_stmt 0 view .LVU865
 3006 08ba 30A8     		add	r0, sp, #192
 3007              	.LVL247:
  64:project006.cpp **** }
 3008              		.loc 6 64 26 view .LVU866
 3009 08bc FFF7FEFF 		bl	strlen
 3010              	.LVL248:
  64:project006.cpp **** }
 3011              		.loc 6 64 26 view .LVU867
 3012 08c0 4FF47A73 		mov	r3, #1000
 3013 08c4 0246     		mov	r2, r0
 3014 08c6 30A9     		add	r1, sp, #192
 3015              	.LVL249:
  64:project006.cpp **** }
 3016              		.loc 6 64 26 view .LVU868
 3017 08c8 9048     		ldr	r0, .L259+44
 3018 08ca FFF7FEFF 		bl	_ZN5daisy11UartHandler16BlockingTransmitEPhjm
 3019              	.LVL250:
 3020              	.L153:
  64:project006.cpp **** }
 3021              		.loc 6 64 26 view .LVU869
 3022              	.LBE652:
 3023              	.LBE651:
 3024              	.LBE650:
 3025              	.LBE649:
 3026              	.LBE663:
 3027              	.LBE590:
 3028              	.LBE589:
 679:project006.cpp ****     }
 3029              		.loc 6 679 9 is_stmt 1 view .LVU870
 679:project006.cpp ****     }
 3030              		.loc 6 679 22 is_stmt 0 view .LVU871
 3031 08ce 0120     		movs	r0, #1
 3032 08d0 FFF7FEFF 		bl	_ZN5daisy6System5DelayEm
 3033              	.LVL251:
 3034              	.LBE760:
 541:project006.cpp ****     {
 3035              		.loc 6 541 5 is_stmt 1 view .LVU872
 680:project006.cpp **** }
 3036              		.loc 6 680 5 is_stmt 0 view .LVU873
 3037 08d4 78E5     		b	.L176
 3038              	.LVL252:
ARM GAS  C:\Users\aydan\AppData\Local\Temp\cc21BorY.s 			page 132


 3039              	.L186:
 3040              	.LBB761:
 3041              	.LBB674:
 3042              	.LBB584:
 101:project006.cpp **** }
 3043              		.loc 6 101 21 view .LVU874
 3044 08d6 DFED8E7A 		vldr.32	s15, .L259+48
 3045 08da 07E6     		b	.L132
 3046              	.LVL253:
 3047              	.L184:
 101:project006.cpp **** }
 3048              		.loc 6 101 21 view .LVU875
 3049              	.LBE584:
 3050              	.LBE674:
 3051              	.LBB675:
 3052              	.LBB579:
 3053 08dc DFED8C7A 		vldr.32	s15, .L259+48
 3054 08e0 F4E5     		b	.L131
 3055              	.LVL254:
 3056              	.L182:
 101:project006.cpp **** }
 3057              		.loc 6 101 21 view .LVU876
 3058              	.LBE579:
 3059              	.LBE675:
 3060              	.LBB676:
 3061              	.LBB575:
 3062 08e2 DFED8B7A 		vldr.32	s15, .L259+48
 3063 08e6 E1E5     		b	.L130
 3064              	.LVL255:
 3065              	.L243:
 101:project006.cpp **** }
 3066              		.loc 6 101 21 view .LVU877
 3067              	.LBE575:
 3068              	.LBE676:
 3069              	.LBB677:
 3070              	.LBB546:
 144:project006.cpp ****     return 0;             // between detents sometimes
 3071              		.loc 6 144 13 is_stmt 1 view .LVU878
 144:project006.cpp ****     return 0;             // between detents sometimes
 3072              		.loc 6 144 13 is_stmt 0 view .LVU879
 3073              	.LBE546:
 3074              	.LBE677:
 549:project006.cpp ****         {
 3075              		.loc 6 549 9 is_stmt 1 view .LVU880
 3076              	.LBB678:
 551:project006.cpp ****             {
 3077              		.loc 6 551 13 view .LVU881
 3078 08e8 0B9B     		ldr	r3, [sp, #44]
 3079 08ea 5B45     		cmp	r3, fp
 3080 08ec 00F0AF80 		beq	.L248
 553:project006.cpp ****                 rot_last_change = now;
 3081              		.loc 6 553 17 view .LVU882
 3082              	.LVL256:
 554:project006.cpp ****             }
 3083              		.loc 6 554 17 view .LVU883
 557:project006.cpp ****                 rot_stable = sample;
 3084              		.loc 6 557 13 view .LVU884
ARM GAS  C:\Users\aydan\AppData\Local\Temp\cc21BorY.s 			page 133


 3085 08f0 0A9B     		ldr	r3, [sp, #40]
 3086 08f2 5B45     		cmp	r3, fp
 554:project006.cpp ****             }
 3087              		.loc 6 554 33 is_stmt 0 view .LVU885
 3088 08f4 099B     		ldr	r3, [sp, #36]
 3089 08f6 0D93     		str	r3, [sp, #52]
 557:project006.cpp ****                 rot_stable = sample;
 3090              		.loc 6 557 13 view .LVU886
 3091 08f8 00F0B480 		beq	.L125
 3092              	.LVL257:
 3093              	.L177:
 560:project006.cpp ****             if(rot_stable != 0 && RotaryPosToFx(rot_stable, mapped))
 3094              		.loc 6 560 13 is_stmt 1 view .LVU887
 561:project006.cpp ****                 g_fx = mapped;
 3095              		.loc 6 561 13 view .LVU888
 561:project006.cpp ****                 g_fx = mapped;
 3096              		.loc 6 561 32 is_stmt 0 view .LVU889
 3097 08fc 0A9B     		ldr	r3, [sp, #40]
 3098 08fe 002B     		cmp	r3, #0
 3099 0900 40F0B080 		bne	.L125
 3100              	.L181:
 561:project006.cpp ****                 g_fx = mapped;
 3101              		.loc 6 561 32 view .LVU890
 3102              	.LBE678:
 3103              	.LBB681:
 3104              	.LBB547:
 144:project006.cpp ****     return 0;             // between detents sometimes
 3105              		.loc 6 144 24 view .LVU891
 3106 0904 CDF82CB0 		str	fp, [sp, #44]
 3107 0908 78E5     		b	.L124
 3108              	.LVL258:
 3109              	.L145:
 144:project006.cpp ****     return 0;             // between detents sometimes
 3110              		.loc 6 144 24 view .LVU892
 3111              	.LBE547:
 3112              	.LBE681:
 3113              	.LBB682:
 3114              	.LBB588:
 172:project006.cpp ****         {
 3115              		.loc 6 172 9 is_stmt 1 view .LVU893
 3116 090a 8249     		ldr	r1, .L259+52
 3117 090c 0A78     		ldrb	r2, [r1]	@ zero_extendqisi2
 3118 090e 9A42     		cmp	r2, r3
 3119 0910 3FF407AE 		beq	.L146
 172:project006.cpp ****         {
 3120              		.loc 6 172 40 is_stmt 0 view .LVU894
 3121 0914 4A68     		ldr	r2, [r1, #4]
 3122 0916 0998     		ldr	r0, [sp, #36]
 3123              	.LVL259:
 172:project006.cpp ****         {
 3124              		.loc 6 172 40 view .LVU895
 3125 0918 821A     		subs	r2, r0, r2
 172:project006.cpp ****         {
 3126              		.loc 6 172 29 view .LVU896
 3127 091a 0E2A     		cmp	r2, #14
 3128 091c 7FF601AE 		bls	.L146
 174:project006.cpp ****             return true;
ARM GAS  C:\Users\aydan\AppData\Local\Temp\cc21BorY.s 			page 134


 3129              		.loc 6 174 13 is_stmt 1 view .LVU897
 174:project006.cpp ****             return true;
 3130              		.loc 6 174 20 is_stmt 0 view .LVU898
 3131 0920 0B70     		strb	r3, [r1]
 175:project006.cpp ****         }
 3132              		.loc 6 175 13 is_stmt 1 view .LVU899
 3133              	.LVL260:
 175:project006.cpp ****         }
 3134              		.loc 6 175 13 is_stmt 0 view .LVU900
 3135              	.LBE588:
 3136              	.LBE682:
 616:project006.cpp ****         {
 3137              		.loc 6 616 9 is_stmt 1 view .LVU901
 3138              	.LBB683:
 618:project006.cpp **** 
 3139              		.loc 6 618 13 view .LVU902
 620:project006.cpp ****             {
 3140              		.loc 6 620 13 view .LVU903
 3141              	.LBB684:
 620:project006.cpp ****             {
 3142              		.loc 6 620 25 is_stmt 0 view .LVU904
 3143 0922 002B     		cmp	r3, #0
 3144 0924 00F00A81 		beq	.L249
 636:project006.cpp ****             {
 3145              		.loc 6 636 18 is_stmt 1 discriminator 1 view .LVU905
 636:project006.cpp ****             {
 3146              		.loc 6 636 34 is_stmt 0 discriminator 1 view .LVU906
 3147 0928 7B4B     		ldr	r3, .L259+56
 3148              	.LVL261:
 636:project006.cpp ****             {
 3149              		.loc 6 636 34 discriminator 1 view .LVU907
 3150 092a 1B78     		ldrb	r3, [r3]	@ zero_extendqisi2
 636:project006.cpp ****             {
 3151              		.loc 6 636 31 discriminator 1 view .LVU908
 3152 092c 002B     		cmp	r3, #0
 3153 092e 3FF4F8AD 		beq	.L146
 638:project006.cpp ****                 send_footswitch(false, "released", g_press_count);
 3154              		.loc 6 638 17 is_stmt 1 view .LVU909
 3155              	.LBB685:
 3156              	.LBB686:
  84:project006.cpp ****     uart_send(buf);
 3157              		.loc 6 84 18 is_stmt 0 view .LVU910
 3158 0932 7A4B     		ldr	r3, .L259+60
 3159              	.LBE686:
 3160              	.LBE685:
 638:project006.cpp ****                 send_footswitch(false, "released", g_press_count);
 3161              		.loc 6 638 29 view .LVU911
 3162 0934 784A     		ldr	r2, .L259+56
 3163              	.LBB692:
 3164              	.LBB689:
  84:project006.cpp ****     uart_send(buf);
 3165              		.loc 6 84 18 view .LVU912
 3166 0936 0093     		str	r3, [sp]
 3167              	.LBE689:
 3168              	.LBE692:
 638:project006.cpp ****                 send_footswitch(false, "released", g_press_count);
 3169              		.loc 6 638 29 view .LVU913
ARM GAS  C:\Users\aydan\AppData\Local\Temp\cc21BorY.s 			page 135


 3170 0938 0023     		movs	r3, #0
 3171 093a 1370     		strb	r3, [r2]
 639:project006.cpp ****             }
 3172              		.loc 6 639 17 is_stmt 1 view .LVU914
 639:project006.cpp ****             }
 3173              		.loc 6 639 32 is_stmt 0 view .LVU915
 3174 093c 784A     		ldr	r2, .L259+64
 3175 093e 1268     		ldr	r2, [r2]
 3176              	.LVL262:
 3177              	.LBB693:
 3178              	.LBI685:
  81:project006.cpp **** {
 3179              		.loc 6 81 13 is_stmt 1 view .LVU916
 3180              	.LBB690:
  83:project006.cpp ****     std::snprintf(buf, sizeof(buf), "S,%d,%s,%d\n", down ? 1 : 0, edge, press_count);
 3181              		.loc 6 83 5 view .LVU917
  84:project006.cpp ****     uart_send(buf);
 3182              		.loc 6 84 5 view .LVU918
  84:project006.cpp ****     uart_send(buf);
 3183              		.loc 6 84 18 is_stmt 0 view .LVU919
 3184 0940 0192     		str	r2, [sp, #4]
 3185 0942 1FE1     		b	.L232
 3186              	.LVL263:
 3187              	.L246:
  84:project006.cpp ****     uart_send(buf);
 3188              		.loc 6 84 18 view .LVU920
 3189              	.LBE690:
 3190              	.LBE693:
 3191              	.LBE684:
 3192              	.LBE683:
 606:project006.cpp ****             send_pots(g_pots[0], g_pots[1], g_pots[2], g_pots[3]);
 3193              		.loc 6 606 13 is_stmt 1 view .LVU921
 607:project006.cpp ****         }
 3194              		.loc 6 607 13 view .LVU922
 607:project006.cpp ****         }
 3195              		.loc 6 607 31 is_stmt 0 view .LVU923
 3196 0944 96ED005A 		vldr.32	s10, [r6]
 3197              	.LBB704:
 3198              	.LBB705:
  77:project006.cpp ****     uart_send(buf);
 3199              		.loc 6 77 18 view .LVU924
 3200 0948 6021     		movs	r1, #96
 3201              	.LBE705:
 3202              	.LBE704:
 607:project006.cpp ****         }
 3203              		.loc 6 607 42 view .LVU925
 3204 094a 96ED014A 		vldr.32	s8, [r6, #4]
 3205              	.LBB717:
 3206              	.LBB712:
  77:project006.cpp ****     uart_send(buf);
 3207              		.loc 6 77 18 view .LVU926
 3208 094e 30A8     		add	r0, sp, #192
 3209              	.LBE712:
 3210              	.LBE717:
 607:project006.cpp ****         }
 3211              		.loc 6 607 53 view .LVU927
 3212 0950 96ED027A 		vldr.32	s14, [r6, #8]
ARM GAS  C:\Users\aydan\AppData\Local\Temp\cc21BorY.s 			page 136


 3213              	.LBB718:
 3214              	.LBB713:
  77:project006.cpp ****     uart_send(buf);
 3215              		.loc 6 77 18 view .LVU928
 3216 0954 B7EEC55A 		vcvt.f64.f32	d5, s10
 3217              	.LBE713:
 3218              	.LBE718:
 607:project006.cpp ****         }
 3219              		.loc 6 607 64 view .LVU929
 3220 0958 96ED036A 		vldr.32	s12, [r6, #12]
 3221              	.LVL264:
 3222              	.LBB719:
 3223              	.LBI704:
  74:project006.cpp **** {
 3224              		.loc 6 74 13 is_stmt 1 view .LVU930
 3225              	.LBB714:
  76:project006.cpp ****     std::snprintf(buf, sizeof(buf), "P,%.4f,%.4f,%.4f,%.4f\n", p0, p1, p2, p3);
 3226              		.loc 6 76 5 view .LVU931
  77:project006.cpp ****     uart_send(buf);
 3227              		.loc 6 77 5 view .LVU932
  77:project006.cpp ****     uart_send(buf);
 3228              		.loc 6 77 18 is_stmt 0 view .LVU933
 3229 095c B7EEC44A 		vcvt.f64.f32	d4, s8
 3230              	.LVL265:
  77:project006.cpp ****     uart_send(buf);
 3231              		.loc 6 77 18 view .LVU934
 3232 0960 B7EEC77A 		vcvt.f64.f32	d7, s14
 3233              	.LVL266:
  77:project006.cpp ****     uart_send(buf);
 3234              		.loc 6 77 18 view .LVU935
 3235 0964 6F4A     		ldr	r2, .L259+68
 3236 0966 B7EEC66A 		vcvt.f64.f32	d6, s12
 3237              	.LVL267:
  77:project006.cpp ****     uart_send(buf);
 3238              		.loc 6 77 18 view .LVU936
 3239 096a 8DED024B 		vstr.64	d4, [sp, #8]
 3240 096e 8DED005B 		vstr.64	d5, [sp]
 3241 0972 8DED066B 		vstr.64	d6, [sp, #24]
 3242 0976 8DED047B 		vstr.64	d7, [sp, #16]
 3243 097a FFF7FEFF 		bl	snprintf
 3244              	.LVL268:
  78:project006.cpp **** }
 3245              		.loc 6 78 5 is_stmt 1 view .LVU937
 3246              	.LBB706:
 3247              	.LBI706:
  62:project006.cpp **** {
 3248              		.loc 6 62 13 view .LVU938
 3249              	.LBB707:
  64:project006.cpp **** }
 3250              		.loc 6 64 5 view .LVU939
  64:project006.cpp **** }
 3251              		.loc 6 64 26 is_stmt 0 view .LVU940
 3252 097e 30A8     		add	r0, sp, #192
 3253              	.LVL269:
  64:project006.cpp **** }
 3254              		.loc 6 64 26 view .LVU941
 3255 0980 FFF7FEFF 		bl	strlen
ARM GAS  C:\Users\aydan\AppData\Local\Temp\cc21BorY.s 			page 137


 3256              	.LVL270:
  64:project006.cpp **** }
 3257              		.loc 6 64 26 view .LVU942
 3258              	.LBE707:
 3259              	.LBE706:
 3260              	.LBE714:
 3261              	.LBE719:
 606:project006.cpp ****             send_pots(g_pots[0], g_pots[1], g_pots[2], g_pots[3]);
 3262              		.loc 6 606 26 view .LVU943
 3263 0984 099B     		ldr	r3, [sp, #36]
 3264              	.LBB720:
 3265              	.LBB715:
 3266              	.LBB710:
 3267              	.LBB708:
  64:project006.cpp **** }
 3268              		.loc 6 64 26 view .LVU944
 3269 0986 0246     		mov	r2, r0
 3270 0988 30A9     		add	r1, sp, #192
 3271              	.LVL271:
  64:project006.cpp **** }
 3272              		.loc 6 64 26 view .LVU945
 3273              	.LBE708:
 3274              	.LBE710:
 3275              	.LBE715:
 3276              	.LBE720:
 606:project006.cpp ****             send_pots(g_pots[0], g_pots[1], g_pots[2], g_pots[3]);
 3277              		.loc 6 606 26 view .LVU946
 3278 098a 0F93     		str	r3, [sp, #60]
 3279              	.LBB721:
 3280              	.LBB716:
 3281              	.LBB711:
 3282              	.LBB709:
  64:project006.cpp **** }
 3283              		.loc 6 64 26 view .LVU947
 3284 098c 4FF47A73 		mov	r3, #1000
 3285 0990 5E48     		ldr	r0, .L259+44
 3286 0992 FFF7FEFF 		bl	_ZN5daisy11UartHandler16BlockingTransmitEPhjm
 3287              	.LVL272:
  64:project006.cpp **** }
 3288              		.loc 6 64 26 view .LVU948
 3289              	.LBE709:
 3290              	.LBE711:
  79:project006.cpp **** 
 3291              		.loc 6 79 1 view .LVU949
 3292 0996 B9E5     		b	.L144
 3293              	.LVL273:
 3294              	.L245:
  79:project006.cpp **** 
 3295              		.loc 6 79 1 view .LVU950
 3296              	.LBE716:
 3297              	.LBE721:
 601:project006.cpp **** 
 3298              		.loc 6 601 13 is_stmt 1 view .LVU951
 601:project006.cpp **** 
 3299              		.loc 6 601 29 is_stmt 0 view .LVU952
 3300 0998 634B     		ldr	r3, .L259+72
 3301              	.LBB722:
ARM GAS  C:\Users\aydan\AppData\Local\Temp\cc21BorY.s 			page 138


 3302              	.LBB723:
 399:project006.cpp ****     if(!fx)
 3303              		.loc 6 399 23 view .LVU953
 3304 099a 644A     		ldr	r2, .L259+76
 3305              	.LBE723:
 3306              	.LBE722:
 601:project006.cpp **** 
 3307              		.loc 6 601 29 view .LVU954
 3308 099c 1B68     		ldr	r3, [r3]
 601:project006.cpp **** 
 3309              		.loc 6 601 49 view .LVU955
 3310 099e 96ED000A 		vldr.32	s0, [r6]
 3311              	.LBB748:
 3312              	.LBB744:
 399:project006.cpp ****     if(!fx)
 3313              		.loc 6 399 23 view .LVU956
 3314 09a2 52F82300 		ldr	r0, [r2, r3, lsl #2]
 3315              	.LBE744:
 3316              	.LBE748:
 601:project006.cpp **** 
 3317              		.loc 6 601 60 view .LVU957
 3318 09a6 D6ED01AA 		vldr.32	s21, [r6, #4]
 601:project006.cpp **** 
 3319              		.loc 6 601 71 view .LVU958
 3320 09aa 96ED02AA 		vldr.32	s20, [r6, #8]
 3321              	.LVL274:
 3322              	.LBB749:
 3323              	.LBI722:
 397:project006.cpp **** {
 3324              		.loc 6 397 13 is_stmt 1 view .LVU959
 3325              	.LBB745:
 399:project006.cpp ****     if(!fx)
 3326              		.loc 6 399 5 view .LVU960
 400:project006.cpp ****         return;
 3327              		.loc 6 400 5 view .LVU961
 3328 09ae 0028     		cmp	r0, #0
 3329 09b0 3FF4A6AD 		beq	.L134
 403:project006.cpp ****     const float a1 = clampf(p1, 0.f, 1.f);
 3330              		.loc 6 403 5 view .LVU962
 3331              	.LVL275:
 3332              	.LBB724:
 3333              	.LBI724:
  99:project006.cpp **** {
 3334              		.loc 6 99 21 view .LVU963
 3335              	.LBB725:
 101:project006.cpp **** }
 3336              		.loc 6 101 5 view .LVU964
 101:project006.cpp **** }
 3337              		.loc 6 101 21 is_stmt 0 view .LVU965
 3338 09b4 B5EEC00A 		vcmpe.f32	s0, #0
 3339 09b8 F1EE10FA 		vmrs	APSR_nzcv, FPSCR
 3340 09bc 7FD4     		bmi	.L188
 101:project006.cpp **** }
 3341              		.loc 6 101 37 view .LVU966
 3342 09be F7EE007A 		vmov.f32	s15, #1.0e+0
 3343 09c2 B4EE670A 		vcmp.f32	s0, s15
 3344 09c6 F1EE10FA 		vmrs	APSR_nzcv, FPSCR
ARM GAS  C:\Users\aydan\AppData\Local\Temp\cc21BorY.s 			page 139


 3345 09ca 37FE800A 		vselgt.f32	s0, s15, s0
 3346              	.LVL276:
 3347              	.L136:
 101:project006.cpp **** }
 3348              		.loc 6 101 37 view .LVU967
 3349              	.LBE725:
 3350              	.LBE724:
 404:project006.cpp ****     const float a2 = clampf(p2, 0.f, 1.f);
 3351              		.loc 6 404 5 is_stmt 1 view .LVU968
 3352              	.LBB727:
 3353              	.LBI727:
  99:project006.cpp **** {
 3354              		.loc 6 99 21 view .LVU969
 3355              	.LBB728:
 101:project006.cpp **** }
 3356              		.loc 6 101 5 view .LVU970
 101:project006.cpp **** }
 3357              		.loc 6 101 21 is_stmt 0 view .LVU971
 3358 09ce F5EEC0AA 		vcmpe.f32	s21, #0
 3359 09d2 F1EE10FA 		vmrs	APSR_nzcv, FPSCR
 3360 09d6 62D4     		bmi	.L190
 101:project006.cpp **** }
 3361              		.loc 6 101 37 view .LVU972
 3362 09d8 F7EE007A 		vmov.f32	s15, #1.0e+0
 3363 09dc F4EE67AA 		vcmp.f32	s21, s15
 3364 09e0 F1EE10FA 		vmrs	APSR_nzcv, FPSCR
 3365              	.LBE728:
 3366              	.LBE727:
 3367              	.LBB731:
 3368              	.LBB732:
 101:project006.cpp **** }
 3369              		.loc 6 101 21 view .LVU973
 3370 09e4 B5EEC0AA 		vcmpe.f32	s20, #0
 3371              	.LBE732:
 3372              	.LBE731:
 3373              	.LBB737:
 3374              	.LBB729:
 101:project006.cpp **** }
 3375              		.loc 6 101 37 view .LVU974
 3376 09e8 77FEAAAA 		vselgt.f32	s21, s15, s21
 3377              	.LVL277:
 101:project006.cpp **** }
 3378              		.loc 6 101 37 view .LVU975
 3379              	.LBE729:
 3380              	.LBE737:
 405:project006.cpp **** 
 3381              		.loc 6 405 5 is_stmt 1 view .LVU976
 3382              	.LBB738:
 3383              	.LBI731:
  99:project006.cpp **** {
 3384              		.loc 6 99 21 view .LVU977
 3385              	.LBB733:
 101:project006.cpp **** }
 3386              		.loc 6 101 5 view .LVU978
 101:project006.cpp **** }
 3387              		.loc 6 101 21 is_stmt 0 view .LVU979
 3388 09ec F1EE10FA 		vmrs	APSR_nzcv, FPSCR
ARM GAS  C:\Users\aydan\AppData\Local\Temp\cc21BorY.s 			page 140


 3389 09f0 5CD4     		bmi	.L192
 3390              	.L252:
 101:project006.cpp **** }
 3391              		.loc 6 101 37 view .LVU980
 3392 09f2 F7EE007A 		vmov.f32	s15, #1.0e+0
 3393 09f6 B4EE67AA 		vcmp.f32	s20, s15
 3394 09fa F1EE10FA 		vmrs	APSR_nzcv, FPSCR
 3395 09fe 37FE8AAA 		vselgt.f32	s20, s15, s20
 3396              	.LVL278:
 101:project006.cpp **** }
 3397              		.loc 6 101 37 view .LVU981
 3398              	.LBE733:
 3399              	.LBE738:
 407:project006.cpp ****     if(fx_id == FX_CHORUS)      m = map_chorus;
 3400              		.loc 6 407 5 is_stmt 1 view .LVU982
 408:project006.cpp ****     else if(fx_id == FX_REVERBDELAY) m = map_revdel;
 3401              		.loc 6 408 5 view .LVU983
 3402 0a02 012B     		cmp	r3, #1
 3403 0a04 56D0     		beq	.L250
 3404              	.L139:
 409:project006.cpp ****     else if(fx_id == FX_OVERDRIVE)   m = map_od;
 3405              		.loc 6 409 10 view .LVU984
 3406 0a06 022B     		cmp	r3, #2
 3407 0a08 00F0D980 		beq	.L251
 410:project006.cpp ****     else return;
 3408              		.loc 6 410 10 view .LVU985
 3409 0a0c 032B     		cmp	r3, #3
 3410 0a0e 7FF477AD 		bne	.L134
 410:project006.cpp ****     else return;
 3411              		.loc 6 410 38 view .LVU986
 410:project006.cpp ****     else return;
 3412              		.loc 6 410 40 is_stmt 0 view .LVU987
 3413 0a12 D8F808B0 		ldr	fp, [r8, #8]
 3414 0a16 D8E9001A 		ldrd	r1, r10, [r8]
 3415              	.LVL279:
 3416              	.L140:
 413:project006.cpp ****     if(m.p1 >= 0) fx->SetParameterAsMagnitude(m.p1, a1);
 3417              		.loc 6 413 5 is_stmt 1 view .LVU988
 3418 0a1a 0029     		cmp	r1, #0
 3419 0a1c 03DB     		blt	.L142
 413:project006.cpp ****     if(m.p1 >= 0) fx->SetParameterAsMagnitude(m.p1, a1);
 3420              		.loc 6 413 19 view .LVU989
 413:project006.cpp ****     if(m.p1 >= 0) fx->SetParameterAsMagnitude(m.p1, a1);
 3421              		.loc 6 413 46 is_stmt 0 view .LVU990
 3422 0a1e 1190     		str	r0, [sp, #68]
 3423 0a20 FFF7FEFF 		bl	_ZN10bkshepherd16BaseEffectModule23SetParameterAsMagnitudeEif
 3424              	.LVL280:
 413:project006.cpp ****     if(m.p1 >= 0) fx->SetParameterAsMagnitude(m.p1, a1);
 3425              		.loc 6 413 46 view .LVU991
 3426 0a24 1198     		ldr	r0, [sp, #68]
 3427              	.LVL281:
 3428              	.L142:
 414:project006.cpp ****     if(m.p2 >= 0) fx->SetParameterAsMagnitude(m.p2, a2);
 3429              		.loc 6 414 5 is_stmt 1 view .LVU992
 3430 0a26 BAF1000F 		cmp	r10, #0
 3431 0a2a 06DB     		blt	.L143
 414:project006.cpp ****     if(m.p2 >= 0) fx->SetParameterAsMagnitude(m.p2, a2);
ARM GAS  C:\Users\aydan\AppData\Local\Temp\cc21BorY.s 			page 141


 3432              		.loc 6 414 19 view .LVU993
 414:project006.cpp ****     if(m.p2 >= 0) fx->SetParameterAsMagnitude(m.p2, a2);
 3433              		.loc 6 414 46 is_stmt 0 view .LVU994
 3434 0a2c B0EE6A0A 		vmov.f32	s0, s21
 3435 0a30 5146     		mov	r1, r10
 3436 0a32 1190     		str	r0, [sp, #68]
 3437 0a34 FFF7FEFF 		bl	_ZN10bkshepherd16BaseEffectModule23SetParameterAsMagnitudeEif
 3438              	.LVL282:
 3439 0a38 1198     		ldr	r0, [sp, #68]
 3440              	.L143:
 415:project006.cpp **** }
 3441              		.loc 6 415 5 is_stmt 1 view .LVU995
 3442 0a3a BBF1000F 		cmp	fp, #0
 3443 0a3e FFF65FAD 		blt	.L134
 415:project006.cpp **** }
 3444              		.loc 6 415 19 view .LVU996
 415:project006.cpp **** }
 3445              		.loc 6 415 46 is_stmt 0 view .LVU997
 3446 0a42 B0EE4A0A 		vmov.f32	s0, s20
 3447 0a46 5946     		mov	r1, fp
 3448 0a48 FFF7FEFF 		bl	_ZN10bkshepherd16BaseEffectModule23SetParameterAsMagnitudeEif
 3449              	.LVL283:
 3450 0a4c 58E5     		b	.L134
 3451              	.LVL284:
 3452              	.L248:
 415:project006.cpp **** }
 3453              		.loc 6 415 46 view .LVU998
 3454              	.LBE745:
 3455              	.LBE749:
 3456              	.LBB750:
 557:project006.cpp ****                 rot_stable = sample;
 3457              		.loc 6 557 13 is_stmt 1 view .LVU999
 3458 0a4e 0A9B     		ldr	r3, [sp, #40]
 3459 0a50 5B45     		cmp	r3, fp
 3460 0a52 07D0     		beq	.L125
 557:project006.cpp ****                 rot_stable = sample;
 3461              		.loc 6 557 45 is_stmt 0 discriminator 1 view .LVU1000
 3462 0a54 099B     		ldr	r3, [sp, #36]
 3463 0a56 0D9A     		ldr	r2, [sp, #52]
 3464 0a58 9B1A     		subs	r3, r3, r2
 557:project006.cpp ****                 rot_stable = sample;
 3465              		.loc 6 557 37 discriminator 1 view .LVU1001
 3466 0a5a 132B     		cmp	r3, #19
 3467 0a5c 7FF64EAF 		bls	.L177
 3468 0a60 CDF828B0 		str	fp, [sp, #40]
 3469              	.LVL285:
 3470              	.L125:
 3471              	.LBB679:
 3472              	.LBI679:
 148:project006.cpp **** {
 3473              		.loc 6 148 13 is_stmt 1 view .LVU1002
 3474              	.LBB680:
 151:project006.cpp ****     {
 3475              		.loc 6 151 5 view .LVU1003
 151:project006.cpp ****     {
 3476              		.loc 6 151 17 is_stmt 0 view .LVU1004
 3477 0a64 0A9B     		ldr	r3, [sp, #40]
ARM GAS  C:\Users\aydan\AppData\Local\Temp\cc21BorY.s 			page 142


 3478 0a66 013B     		subs	r3, r3, #1
 151:project006.cpp ****     {
 3479              		.loc 6 151 5 view .LVU1005
 3480 0a68 032B     		cmp	r3, #3
 3481 0a6a 3FF64BAF 		bhi	.L181
 153:project006.cpp ****         return true;
 3482              		.loc 6 153 9 is_stmt 1 view .LVU1006
 3483              	.LVL286:
 154:project006.cpp ****     }
 3484              		.loc 6 154 9 view .LVU1007
 154:project006.cpp ****     }
 3485              		.loc 6 154 9 is_stmt 0 view .LVU1008
 3486              	.LBE680:
 3487              	.LBE679:
 562:project006.cpp ****         }
 3488              		.loc 6 562 17 is_stmt 1 view .LVU1009
 562:project006.cpp ****         }
 3489              		.loc 6 562 22 is_stmt 0 view .LVU1010
 3490 0a6e 2E4A     		ldr	r2, .L259+72
 3491              	.LBE750:
 3492              	.LBB751:
 3493              	.LBB548:
 144:project006.cpp ****     return 0;             // between detents sometimes
 3494              		.loc 6 144 24 view .LVU1011
 3495 0a70 CDF82CB0 		str	fp, [sp, #44]
 3496              	.LBE548:
 3497              	.LBE751:
 3498              	.LBB752:
 562:project006.cpp ****         }
 3499              		.loc 6 562 22 view .LVU1012
 3500 0a74 1360     		str	r3, [r2]
 3501 0a76 BBE4     		b	.L231
 3502              	.LVL287:
 3503              	.L156:
 562:project006.cpp ****         }
 3504              		.loc 6 562 22 view .LVU1013
 3505              	.LBE752:
 3506              	.LBB753:
 3507              	.LBB670:
 3508              	.LBB664:
 675:project006.cpp ****             }
 3509              		.loc 6 675 17 is_stmt 1 view .LVU1014
 3510              	.LBB656:
 3511              	.LBI649:
  88:project006.cpp **** {
 3512              		.loc 6 88 13 view .LVU1015
 3513              	.LBB653:
  90:project006.cpp ****     std::snprintf(buf, sizeof(buf), "T,%d,%.3f,%s,%.2f,%.3f\n",
 3514              		.loc 6 90 5 view .LVU1016
  91:project006.cpp ****                   valid ? 1 : 0, freq_hz, note, cents, conf);
 3515              		.loc 6 91 5 view .LVU1017
  91:project006.cpp ****                   valid ? 1 : 0, freq_hz, note, cents, conf);
 3516              		.loc 6 91 18 is_stmt 0 view .LVU1018
 3517 0a78 9FED197B 		vldr.64	d7, .L259
 3518 0a7c 2C4B     		ldr	r3, .L259+80
 3519              	.LVL288:
  91:project006.cpp ****                   valid ? 1 : 0, freq_hz, note, cents, conf);
ARM GAS  C:\Users\aydan\AppData\Local\Temp\cc21BorY.s 			page 143


 3520              		.loc 6 91 18 view .LVU1019
 3521 0a7e 8021     		movs	r1, #128
 3522              	.LVL289:
  91:project006.cpp ****                   valid ? 1 : 0, freq_hz, note, cents, conf);
 3523              		.loc 6 91 18 view .LVU1020
 3524 0a80 214A     		ldr	r2, .L259+40
 3525              	.LVL290:
  91:project006.cpp ****                   valid ? 1 : 0, freq_hz, note, cents, conf);
 3526              		.loc 6 91 18 view .LVU1021
 3527 0a82 30A8     		add	r0, sp, #192
 3528 0a84 0293     		str	r3, [sp, #8]
 3529              	.LBE653:
 3530              	.LBE656:
 3531              	.LBE664:
 648:project006.cpp **** 
 3532              		.loc 6 648 27 view .LVU1022
 3533 0a86 099B     		ldr	r3, [sp, #36]
 3534              	.LBB665:
 3535              	.LBB657:
 3536              	.LBB654:
  91:project006.cpp ****                   valid ? 1 : 0, freq_hz, note, cents, conf);
 3537              		.loc 6 91 18 view .LVU1023
 3538 0a88 8DED067B 		vstr.64	d7, [sp, #24]
 3539 0a8c 8DED047B 		vstr.64	d7, [sp, #16]
 3540 0a90 9FED157B 		vldr.64	d7, .L259+8
 3541              	.LBE654:
 3542              	.LBE657:
 3543              	.LBE665:
 648:project006.cpp **** 
 3544              		.loc 6 648 27 view .LVU1024
 3545 0a94 0E93     		str	r3, [sp, #56]
 3546              	.LBB666:
 3547              	.LBB658:
 3548              	.LBB655:
  91:project006.cpp ****                   valid ? 1 : 0, freq_hz, note, cents, conf);
 3549              		.loc 6 91 18 view .LVU1025
 3550 0a96 0023     		movs	r3, #0
 3551 0a98 8DED007B 		vstr.64	d7, [sp]
 3552 0a9c 0BE7     		b	.L233
 3553              	.LVL291:
 3554              	.L190:
  91:project006.cpp ****                   valid ? 1 : 0, freq_hz, note, cents, conf);
 3555              		.loc 6 91 18 view .LVU1026
 3556              	.LBE655:
 3557              	.LBE658:
 3558              	.LBE666:
 3559              	.LBE670:
 3560              	.LBE753:
 3561              	.LBB754:
 3562              	.LBB746:
 3563              	.LBB739:
 3564              	.LBB734:
 101:project006.cpp **** }
 3565              		.loc 6 101 21 view .LVU1027
 3566 0a9e B5EEC0AA 		vcmpe.f32	s20, #0
 3567              	.LBE734:
 3568              	.LBE739:
ARM GAS  C:\Users\aydan\AppData\Local\Temp\cc21BorY.s 			page 144


 3569              	.LBB740:
 3570              	.LBB730:
 3571 0aa2 DFED1BAA 		vldr.32	s21, .L259+48
 3572              	.LVL292:
 101:project006.cpp **** }
 3573              		.loc 6 101 21 view .LVU1028
 3574              	.LBE730:
 3575              	.LBE740:
 405:project006.cpp **** 
 3576              		.loc 6 405 5 is_stmt 1 view .LVU1029
 3577              	.LBB741:
  99:project006.cpp **** {
 3578              		.loc 6 99 21 view .LVU1030
 3579              	.LBB735:
 101:project006.cpp **** }
 3580              		.loc 6 101 5 view .LVU1031
 101:project006.cpp **** }
 3581              		.loc 6 101 21 is_stmt 0 view .LVU1032
 3582 0aa6 F1EE10FA 		vmrs	APSR_nzcv, FPSCR
 3583 0aaa A2D5     		bpl	.L252
 3584              	.L192:
 101:project006.cpp **** }
 3585              		.loc 6 101 21 view .LVU1033
 3586              	.LBE735:
 3587              	.LBE741:
 408:project006.cpp ****     else if(fx_id == FX_REVERBDELAY) m = map_revdel;
 3588              		.loc 6 408 5 view .LVU1034
 3589 0aac 012B     		cmp	r3, #1
 3590              	.LBB742:
 3591              	.LBB736:
 101:project006.cpp **** }
 3592              		.loc 6 101 21 view .LVU1035
 3593 0aae 9FED18AA 		vldr.32	s20, .L259+48
 3594              	.LVL293:
 101:project006.cpp **** }
 3595              		.loc 6 101 21 view .LVU1036
 3596              	.LBE736:
 3597              	.LBE742:
 407:project006.cpp ****     if(fx_id == FX_CHORUS)      m = map_chorus;
 3598              		.loc 6 407 5 is_stmt 1 view .LVU1037
 408:project006.cpp ****     else if(fx_id == FX_REVERBDELAY) m = map_revdel;
 3599              		.loc 6 408 5 view .LVU1038
 3600 0ab2 A8D1     		bne	.L139
 3601              	.L250:
 408:project006.cpp ****     else if(fx_id == FX_REVERBDELAY) m = map_revdel;
 3602              		.loc 6 408 33 view .LVU1039
 408:project006.cpp ****     else if(fx_id == FX_REVERBDELAY) m = map_revdel;
 3603              		.loc 6 408 35 is_stmt 0 view .LVU1040
 3604 0ab4 D9F808B0 		ldr	fp, [r9, #8]
 3605 0ab8 D9E9001A 		ldrd	r1, r10, [r9]
 3606              	.LVL294:
 408:project006.cpp ****     else if(fx_id == FX_REVERBDELAY) m = map_revdel;
 3607              		.loc 6 408 35 view .LVU1041
 3608 0abc ADE7     		b	.L140
 3609              	.LVL295:
 3610              	.L188:
 3611              	.LBB743:
ARM GAS  C:\Users\aydan\AppData\Local\Temp\cc21BorY.s 			page 145


 3612              	.LBB726:
 101:project006.cpp **** }
 3613              		.loc 6 101 21 view .LVU1042
 3614 0abe 9FED140A 		vldr.32	s0, .L259+48
 3615              	.LVL296:
 101:project006.cpp **** }
 3616              		.loc 6 101 21 view .LVU1043
 3617 0ac2 84E7     		b	.L136
 3618              	.LVL297:
 3619              	.L229:
 101:project006.cpp **** }
 3620              		.loc 6 101 21 view .LVU1044
 3621              	.LBE726:
 3622              	.LBE743:
 3623              	.LBE746:
 3624              	.LBE754:
 3625              	.LBB755:
 3626              	.LBB671:
 3627              	.LBB667:
 3628              	.LBB659:
 3629              	.LBB644:
 3630              	.LBB633:
 296:project006.cpp ****     pr.freq_hz = freq_sm;
 3631              		.loc 6 296 59 view .LVU1045
 3632 0ac4 0023     		movs	r3, #0
 3633 0ac6 CDE6     		b	.L173
 3634              	.LVL298:
 3635              	.L128:
 296:project006.cpp ****     pr.freq_hz = freq_sm;
 3636              		.loc 6 296 59 view .LVU1046
 3637              	.LBE633:
 3638              	.LBE644:
 3639              	.LBE659:
 3640              	.LBE667:
 3641              	.LBE671:
 3642              	.LBE755:
 579:project006.cpp ****             if(last_sent_fx == FX_OVERDRIVE)   fx_od.SetEnabled(true);
 3643              		.loc 6 579 48 is_stmt 1 discriminator 1 view .LVU1047
 579:project006.cpp ****             if(last_sent_fx == FX_OVERDRIVE)   fx_od.SetEnabled(true);
 3644              		.loc 6 579 68 is_stmt 0 discriminator 1 view .LVU1048
 3645 0ac8 0121     		movs	r1, #1
 3646 0aca 1A48     		ldr	r0, .L259+84
 3647 0acc FFF7FEFF 		bl	_ZN10bkshepherd16BaseEffectModule10SetEnabledEb
 3648              	.LVL299:
 580:project006.cpp ****         }
 3649              		.loc 6 580 13 is_stmt 1 discriminator 1 view .LVU1049
 3650 0ad0 C0E4     		b	.L126
 3651              	.LVL300:
 3652              	.L244:
 578:project006.cpp ****             if(last_sent_fx == FX_REVERBDELAY) fx_revdel.SetEnabled(true);
 3653              		.loc 6 578 48 discriminator 1 view .LVU1050
 578:project006.cpp ****             if(last_sent_fx == FX_REVERBDELAY) fx_revdel.SetEnabled(true);
 3654              		.loc 6 578 68 is_stmt 0 discriminator 1 view .LVU1051
 3655 0ad2 0C99     		ldr	r1, [sp, #48]
 3656 0ad4 1848     		ldr	r0, .L259+88
 3657 0ad6 FFF7FEFF 		bl	_ZN10bkshepherd16BaseEffectModule10SetEnabledEb
 3658              	.LVL301:
ARM GAS  C:\Users\aydan\AppData\Local\Temp\cc21BorY.s 			page 146


 579:project006.cpp ****             if(last_sent_fx == FX_OVERDRIVE)   fx_od.SetEnabled(true);
 3659              		.loc 6 579 13 is_stmt 1 discriminator 1 view .LVU1052
 580:project006.cpp ****         }
 3660              		.loc 6 580 13 discriminator 1 view .LVU1053
 3661 0ada BBE4     		b	.L126
 3662              	.L260:
 3663 0adc AFF30080 		.align	3
 3664              	.L259:
 3665 0ae0 00000000 		.word	0
 3666 0ae4 00000000 		.word	0
 3667 0ae8 00000000 		.word	0
 3668 0aec 00805B40 		.word	1079738368
 3669 0af0 E0000000 		.word	.LC30
 3670 0af4 00000000 		.word	.LANCHOR20
 3671 0af8 0000C842 		.word	1120403456
 3672 0afc 00008C42 		.word	1116471296
 3673 0b00 00007A44 		.word	1148846080
 3674 0b04 E8000000 		.word	.LC31
 3675 0b08 BC000000 		.word	.LC27
 3676 0b0c 00000000 		.word	.LANCHOR5
 3677 0b10 00000000 		.word	0
 3678 0b14 00000000 		.word	.LANCHOR16
 3679 0b18 00000000 		.word	.LANCHOR17
 3680 0b1c B0000000 		.word	.LC26
 3681 0b20 00000000 		.word	.LANCHOR18
 3682 0b24 8C000000 		.word	.LC24
 3683 0b28 00000000 		.word	.LANCHOR0
 3684 0b2c 00000000 		.word	.LANCHOR3
 3685 0b30 D4000000 		.word	.LC28
 3686 0b34 00000000 		.word	fx_revdel
 3687 0b38 00000000 		.word	fx_chorus
 3688              	.LVL302:
 3689              	.L249:
 3690              	.LBB756:
 3691              	.LBB703:
 620:project006.cpp ****             {
 3692              		.loc 6 620 29 is_stmt 0 discriminator 1 view .LVU1054
 3693 0b3c 474A     		ldr	r2, .L261
 3694 0b3e 1378     		ldrb	r3, [r2]	@ zero_extendqisi2
 3695              	.LVL303:
 620:project006.cpp ****             {
 3696              		.loc 6 620 25 discriminator 1 view .LVU1055
 3697 0b40 002B     		cmp	r3, #0
 3698 0b42 7FF4EEAC 		bne	.L146
 3699              	.LBB694:
 622:project006.cpp ****                 g_press_count++;
 3700              		.loc 6 622 17 is_stmt 1 view .LVU1056
 622:project006.cpp ****                 g_press_count++;
 3701              		.loc 6 622 29 is_stmt 0 view .LVU1057
 3702 0b46 0123     		movs	r3, #1
 3703              	.LBB695:
 625:project006.cpp ****                 {
 3704              		.loc 6 625 30 view .LVU1058
 3705 0b48 4549     		ldr	r1, .L261+4
 3706              	.LVL304:
 625:project006.cpp ****                 {
 3707              		.loc 6 625 30 view .LVU1059
ARM GAS  C:\Users\aydan\AppData\Local\Temp\cc21BorY.s 			page 147


 3708              	.LBE695:
 622:project006.cpp ****                 g_press_count++;
 3709              		.loc 6 622 29 view .LVU1060
 3710 0b4a 1370     		strb	r3, [r2]
 623:project006.cpp **** 
 3711              		.loc 6 623 17 is_stmt 1 view .LVU1061
 623:project006.cpp **** 
 3712              		.loc 6 623 30 is_stmt 0 view .LVU1062
 3713 0b4c 454A     		ldr	r2, .L261+8
 3714 0b4e 1368     		ldr	r3, [r2]
 3715 0b50 0133     		adds	r3, r3, #1
 3716 0b52 1360     		str	r3, [r2]
 625:project006.cpp ****                 {
 3717              		.loc 6 625 17 is_stmt 1 view .LVU1063
 3718              	.LBB697:
 625:project006.cpp ****                 {
 3719              		.loc 6 625 30 is_stmt 0 view .LVU1064
 3720 0b54 0B68     		ldr	r3, [r1]
 625:project006.cpp ****                 {
 3721              		.loc 6 625 17 view .LVU1065
 3722 0b56 7BB1     		cbz	r3, .L151
 3723              	.LBB696:
 627:project006.cpp ****                     // Mirror into module enabled state (optional but keeps IsEnabled consistent)
 3724              		.loc 6 627 21 is_stmt 1 view .LVU1066
 627:project006.cpp ****                     // Mirror into module enabled state (optional but keeps IsEnabled consistent)
 3725              		.loc 6 627 33 is_stmt 0 view .LVU1067
 3726 0b58 434A     		ldr	r2, .L261+12
 3727 0b5a 1378     		ldrb	r3, [r2]	@ zero_extendqisi2
 627:project006.cpp ****                     // Mirror into module enabled state (optional but keeps IsEnabled consistent)
 3728              		.loc 6 627 32 view .LVU1068
 3729 0b5c 83F00103 		eor	r3, r3, #1
 627:project006.cpp ****                     // Mirror into module enabled state (optional but keeps IsEnabled consistent)
 3730              		.loc 6 627 30 view .LVU1069
 3731 0b60 1370     		strb	r3, [r2]
 629:project006.cpp ****                     if(fx)
 3732              		.loc 6 629 21 is_stmt 1 view .LVU1070
 629:project006.cpp ****                     if(fx)
 3733              		.loc 6 629 55 is_stmt 0 view .LVU1071
 3734 0b62 0B68     		ldr	r3, [r1]
 629:project006.cpp ****                     if(fx)
 3735              		.loc 6 629 64 view .LVU1072
 3736 0b64 4149     		ldr	r1, .L261+16
 3737 0b66 51F82300 		ldr	r0, [r1, r3, lsl #2]
 3738              	.LVL305:
 630:project006.cpp ****                         fx->SetEnabled(!g_bypass);
 3739              		.loc 6 630 21 is_stmt 1 view .LVU1073
 3740 0b6a 28B1     		cbz	r0, .L151
 631:project006.cpp ****                 }
 3741              		.loc 6 631 25 view .LVU1074
 631:project006.cpp ****                 }
 3742              		.loc 6 631 41 is_stmt 0 view .LVU1075
 3743 0b6c 1178     		ldrb	r1, [r2]	@ zero_extendqisi2
 631:project006.cpp ****                 }
 3744              		.loc 6 631 49 view .LVU1076
 3745 0b6e 0368     		ldr	r3, [r0]
 631:project006.cpp ****                 }
 3746              		.loc 6 631 39 view .LVU1077
ARM GAS  C:\Users\aydan\AppData\Local\Temp\cc21BorY.s 			page 148


 3747 0b70 81F00101 		eor	r1, r1, #1
 3748 0b74 9B69     		ldr	r3, [r3, #24]
 3749 0b76 9847     		blx	r3
 3750              	.LVL306:
 3751              	.L151:
 631:project006.cpp ****                 }
 3752              		.loc 6 631 39 view .LVU1078
 3753              	.LBE696:
 3754              	.LBE697:
 634:project006.cpp ****             }
 3755              		.loc 6 634 17 is_stmt 1 view .LVU1079
 3756              	.LBB698:
 3757              	.LBB699:
  84:project006.cpp ****     uart_send(buf);
 3758              		.loc 6 84 18 is_stmt 0 view .LVU1080
 3759 0b78 3D4B     		ldr	r3, .L261+20
 3760 0b7a 0093     		str	r3, [sp]
 3761              	.LBE699:
 3762              	.LBE698:
 634:project006.cpp ****             }
 3763              		.loc 6 634 32 view .LVU1081
 3764 0b7c 394B     		ldr	r3, .L261+8
 3765 0b7e 1B68     		ldr	r3, [r3]
 3766              	.LVL307:
 3767              	.LBB701:
 3768              	.LBI698:
  81:project006.cpp **** {
 3769              		.loc 6 81 13 is_stmt 1 view .LVU1082
 3770              	.LBB700:
  83:project006.cpp ****     std::snprintf(buf, sizeof(buf), "S,%d,%s,%d\n", down ? 1 : 0, edge, press_count);
 3771              		.loc 6 83 5 view .LVU1083
  84:project006.cpp ****     uart_send(buf);
 3772              		.loc 6 84 5 view .LVU1084
  84:project006.cpp ****     uart_send(buf);
 3773              		.loc 6 84 18 is_stmt 0 view .LVU1085
 3774 0b80 0193     		str	r3, [sp, #4]
 3775 0b82 0123     		movs	r3, #1
 3776              	.LVL308:
 3777              	.L232:
  84:project006.cpp ****     uart_send(buf);
 3778              		.loc 6 84 18 view .LVU1086
 3779              	.LBE700:
 3780              	.LBE701:
 3781              	.LBE694:
 3782              	.LBB702:
 3783              	.LBB691:
 3784 0b84 3B4A     		ldr	r2, .L261+24
 3785 0b86 6021     		movs	r1, #96
 3786 0b88 30A8     		add	r0, sp, #192
 3787 0b8a FFF7FEFF 		bl	snprintf
 3788              	.LVL309:
  85:project006.cpp **** }
 3789              		.loc 6 85 5 is_stmt 1 view .LVU1087
 3790              	.LBB687:
 3791              	.LBI687:
  62:project006.cpp **** {
 3792              		.loc 6 62 13 view .LVU1088
ARM GAS  C:\Users\aydan\AppData\Local\Temp\cc21BorY.s 			page 149


 3793              	.LBB688:
  64:project006.cpp **** }
 3794              		.loc 6 64 5 view .LVU1089
  64:project006.cpp **** }
 3795              		.loc 6 64 26 is_stmt 0 view .LVU1090
 3796 0b8e 30A8     		add	r0, sp, #192
 3797              	.LVL310:
  64:project006.cpp **** }
 3798              		.loc 6 64 26 view .LVU1091
 3799 0b90 FFF7FEFF 		bl	strlen
 3800              	.LVL311:
  64:project006.cpp **** }
 3801              		.loc 6 64 26 view .LVU1092
 3802 0b94 4FF47A73 		mov	r3, #1000
 3803 0b98 0246     		mov	r2, r0
 3804 0b9a 30A9     		add	r1, sp, #192
 3805              	.LVL312:
  64:project006.cpp **** }
 3806              		.loc 6 64 26 view .LVU1093
 3807 0b9c 3648     		ldr	r0, .L261+28
 3808 0b9e FFF7FEFF 		bl	_ZN5daisy11UartHandler16BlockingTransmitEPhjm
 3809              	.LVL313:
  64:project006.cpp **** }
 3810              		.loc 6 64 26 view .LVU1094
 3811              	.LBE688:
 3812              	.LBE687:
  86:project006.cpp **** 
 3813              		.loc 6 86 1 view .LVU1095
 3814 0ba2 BEE4     		b	.L146
 3815              	.LVL314:
 3816              	.L247:
  86:project006.cpp **** 
 3817              		.loc 6 86 1 view .LVU1096
 3818              	.LBE691:
 3819              	.LBE702:
 3820              	.LBE703:
 3821              	.LBE756:
 3822              	.LBB757:
 3823              	.LBB672:
 3824              	.LBB668:
 3825              	.LBB660:
 3826              	.LBB645:
 3827              	.LBB634:
 3828              	.LBB628:
 3829              	.LBB627:
 204:project006.cpp ****         out_cents = 0.0f;
 3830              		.loc 6 204 9 is_stmt 1 view .LVU1097
 204:project006.cpp ****         out_cents = 0.0f;
 3831              		.loc 6 204 22 is_stmt 0 view .LVU1098
 3832 0ba4 354B     		ldr	r3, .L261+32
 205:project006.cpp ****         return;
 3833              		.loc 6 205 19 view .LVU1099
 3834 0ba6 DFED367A 		vldr.32	s15, .L261+36
 204:project006.cpp ****         out_cents = 0.0f;
 3835              		.loc 6 204 22 view .LVU1100
 3836 0baa 1B68     		ldr	r3, [r3]
 3837 0bac ADF8C030 		strh	r3, [sp, #192]	@ movhi
ARM GAS  C:\Users\aydan\AppData\Local\Temp\cc21BorY.s 			page 150


 3838 0bb0 1B0C     		lsrs	r3, r3, #16
 3839 0bb2 8DF8C230 		strb	r3, [sp, #194]
 205:project006.cpp ****         return;
 3840              		.loc 6 205 9 is_stmt 1 view .LVU1101
 206:project006.cpp ****     }
 3841              		.loc 6 206 9 view .LVU1102
 3842 0bb6 3EE6     		b	.L172
 3843              	.LVL315:
 3844              	.L195:
 206:project006.cpp ****     }
 3845              		.loc 6 206 9 is_stmt 0 view .LVU1103
 3846              	.LBE627:
 3847              	.LBE628:
 3848              	.LBB629:
 3849              	.LBB618:
 101:project006.cpp **** }
 3850              		.loc 6 101 21 view .LVU1104
 3851 0bb8 9FED31BA 		vldr.32	s22, .L261+36
 3852              	.LVL316:
 101:project006.cpp **** }
 3853              		.loc 6 101 21 view .LVU1105
 3854 0bbc 9FE5     		b	.L169
 3855              	.LVL317:
 3856              	.L251:
 101:project006.cpp **** }
 3857              		.loc 6 101 21 view .LVU1106
 3858              	.LBE618:
 3859              	.LBE629:
 3860              	.LBE634:
 3861              	.LBE645:
 3862              	.LBE660:
 3863              	.LBE668:
 3864              	.LBE672:
 3865              	.LBE757:
 3866              	.LBB758:
 3867              	.LBB747:
 409:project006.cpp ****     else if(fx_id == FX_OVERDRIVE)   m = map_od;
 3868              		.loc 6 409 38 is_stmt 1 view .LVU1107
 409:project006.cpp ****     else if(fx_id == FX_OVERDRIVE)   m = map_od;
 3869              		.loc 6 409 40 is_stmt 0 view .LVU1108
 3870 0bbe D7E9001A 		ldrd	r1, r10, [r7]
 3871              	.LVL318:
 409:project006.cpp ****     else if(fx_id == FX_OVERDRIVE)   m = map_od;
 3872              		.loc 6 409 40 view .LVU1109
 3873 0bc2 D7F808B0 		ldr	fp, [r7, #8]
 3874              	.LVL319:
 409:project006.cpp ****     else if(fx_id == FX_OVERDRIVE)   m = map_od;
 3875              		.loc 6 409 40 view .LVU1110
 3876 0bc6 28E7     		b	.L140
 3877              	.LVL320:
 3878              	.L234:
 409:project006.cpp ****     else if(fx_id == FX_OVERDRIVE)   m = map_od;
 3879              		.loc 6 409 40 view .LVU1111
 3880              	.LBE747:
 3881              	.LBE758:
 3882              	.LBE761:
 3883              	.LBB762:
ARM GAS  C:\Users\aydan\AppData\Local\Temp\cc21BorY.s 			page 151


 3884              	.LBB510:
 374:project006.cpp ****     if(map_chorus.p1 < 0) map_chorus.p1 = fallback_param_for_pot(&fx_chorus, 1);
 3885              		.loc 6 374 27 is_stmt 1 view .LVU1112
 374:project006.cpp ****     if(map_chorus.p1 < 0) map_chorus.p1 = fallback_param_for_pot(&fx_chorus, 1);
 3886              		.loc 6 374 65 is_stmt 0 view .LVU1113
 3887 0bc8 2146     		mov	r1, r4
 3888 0bca 2E48     		ldr	r0, .L261+40
 3889 0bcc FFF7FEFF 		bl	_ZL22fallback_param_for_potPN10bkshepherd16BaseEffectModuleEi
 3890              	.LVL321:
 374:project006.cpp ****     if(map_chorus.p1 < 0) map_chorus.p1 = fallback_param_for_pot(&fx_chorus, 1);
 3891              		.loc 6 374 41 view .LVU1114
 3892 0bd0 C9F80000 		str	r0, [r9]
 3893 0bd4 FFF7B7BA 		b	.L111
 3894              	.L242:
 394:project006.cpp **** }
 3895              		.loc 6 394 23 is_stmt 1 view .LVU1115
 394:project006.cpp **** }
 3896              		.loc 6 394 57 is_stmt 0 view .LVU1116
 3897 0bd8 0221     		movs	r1, #2
 3898 0bda 2B48     		ldr	r0, .L261+44
 3899 0bdc FFF7FEFF 		bl	_ZL22fallback_param_for_potPN10bkshepherd16BaseEffectModuleEi
 3900              	.LVL322:
 394:project006.cpp **** }
 3901              		.loc 6 394 33 view .LVU1117
 3902 0be0 C8F80800 		str	r0, [r8, #8]
 3903 0be4 FFF704BB 		b	.L119
 3904              	.L241:
 393:project006.cpp ****     if(map_od.p2 < 0) map_od.p2 = fallback_param_for_pot(&fx_od, 2);
 3905              		.loc 6 393 23 is_stmt 1 view .LVU1118
 393:project006.cpp ****     if(map_od.p2 < 0) map_od.p2 = fallback_param_for_pot(&fx_od, 2);
 3906              		.loc 6 393 57 is_stmt 0 view .LVU1119
 3907 0be8 0121     		movs	r1, #1
 3908 0bea 2748     		ldr	r0, .L261+44
 3909 0bec FFF7FEFF 		bl	_ZL22fallback_param_for_potPN10bkshepherd16BaseEffectModuleEi
 3910              	.LVL323:
 393:project006.cpp ****     if(map_od.p2 < 0) map_od.p2 = fallback_param_for_pot(&fx_od, 2);
 3911              		.loc 6 393 33 view .LVU1120
 3912 0bf0 C8F80400 		str	r0, [r8, #4]
 3913 0bf4 FFF7F7BA 		b	.L118
 3914              	.L240:
 392:project006.cpp ****     if(map_od.p1 < 0) map_od.p1 = fallback_param_for_pot(&fx_od, 1);
 3915              		.loc 6 392 23 is_stmt 1 view .LVU1121
 392:project006.cpp ****     if(map_od.p1 < 0) map_od.p1 = fallback_param_for_pot(&fx_od, 1);
 3916              		.loc 6 392 57 is_stmt 0 view .LVU1122
 3917 0bf8 0021     		movs	r1, #0
 3918 0bfa 2348     		ldr	r0, .L261+44
 3919 0bfc FFF7FEFF 		bl	_ZL22fallback_param_for_potPN10bkshepherd16BaseEffectModuleEi
 3920              	.LVL324:
 392:project006.cpp ****     if(map_od.p1 < 0) map_od.p1 = fallback_param_for_pot(&fx_od, 1);
 3921              		.loc 6 392 33 view .LVU1123
 3922 0c00 C8F80000 		str	r0, [r8]
 3923 0c04 FFF7EABA 		b	.L117
 3924              	.L239:
 385:project006.cpp **** 
 3925              		.loc 6 385 27 is_stmt 1 view .LVU1124
 385:project006.cpp **** 
 3926              		.loc 6 385 65 is_stmt 0 view .LVU1125
ARM GAS  C:\Users\aydan\AppData\Local\Temp\cc21BorY.s 			page 152


 3927 0c08 0221     		movs	r1, #2
 3928 0c0a 2048     		ldr	r0, .L261+48
 3929 0c0c FFF7FEFF 		bl	_ZL22fallback_param_for_potPN10bkshepherd16BaseEffectModuleEi
 3930              	.LVL325:
 385:project006.cpp **** 
 3931              		.loc 6 385 41 view .LVU1126
 3932 0c10 B860     		str	r0, [r7, #8]
 3933 0c12 FFF7C4BA 		b	.L116
 3934              	.L238:
 384:project006.cpp ****     if(map_revdel.p2 < 0) map_revdel.p2 = fallback_param_for_pot(&fx_revdel, 2);
 3935              		.loc 6 384 27 is_stmt 1 view .LVU1127
 384:project006.cpp ****     if(map_revdel.p2 < 0) map_revdel.p2 = fallback_param_for_pot(&fx_revdel, 2);
 3936              		.loc 6 384 65 is_stmt 0 view .LVU1128
 3937 0c16 0121     		movs	r1, #1
 3938 0c18 1C48     		ldr	r0, .L261+48
 3939 0c1a FFF7FEFF 		bl	_ZL22fallback_param_for_potPN10bkshepherd16BaseEffectModuleEi
 3940              	.LVL326:
 384:project006.cpp ****     if(map_revdel.p2 < 0) map_revdel.p2 = fallback_param_for_pot(&fx_revdel, 2);
 3941              		.loc 6 384 41 view .LVU1129
 3942 0c1e 7860     		str	r0, [r7, #4]
 3943 0c20 FFF7B9BA 		b	.L115
 3944              	.L237:
 383:project006.cpp ****     if(map_revdel.p1 < 0) map_revdel.p1 = fallback_param_for_pot(&fx_revdel, 1);
 3945              		.loc 6 383 27 is_stmt 1 view .LVU1130
 383:project006.cpp ****     if(map_revdel.p1 < 0) map_revdel.p1 = fallback_param_for_pot(&fx_revdel, 1);
 3946              		.loc 6 383 65 is_stmt 0 view .LVU1131
 3947 0c24 0021     		movs	r1, #0
 3948 0c26 1948     		ldr	r0, .L261+48
 3949 0c28 FFF7FEFF 		bl	_ZL22fallback_param_for_potPN10bkshepherd16BaseEffectModuleEi
 3950              	.LVL327:
 383:project006.cpp ****     if(map_revdel.p1 < 0) map_revdel.p1 = fallback_param_for_pot(&fx_revdel, 1);
 3951              		.loc 6 383 41 view .LVU1132
 3952 0c2c 3860     		str	r0, [r7]
 3953 0c2e FFF7AEBA 		b	.L114
 3954              	.L236:
 376:project006.cpp **** 
 3955              		.loc 6 376 27 is_stmt 1 view .LVU1133
 376:project006.cpp **** 
 3956              		.loc 6 376 65 is_stmt 0 view .LVU1134
 3957 0c32 0221     		movs	r1, #2
 3958 0c34 1348     		ldr	r0, .L261+40
 3959 0c36 FFF7FEFF 		bl	_ZL22fallback_param_for_potPN10bkshepherd16BaseEffectModuleEi
 3960              	.LVL328:
 376:project006.cpp **** 
 3961              		.loc 6 376 41 view .LVU1135
 3962 0c3a C9F80800 		str	r0, [r9, #8]
 3963 0c3e FFF78CBA 		b	.L113
 3964              	.L235:
 375:project006.cpp ****     if(map_chorus.p2 < 0) map_chorus.p2 = fallback_param_for_pot(&fx_chorus, 2);
 3965              		.loc 6 375 27 is_stmt 1 view .LVU1136
 375:project006.cpp ****     if(map_chorus.p2 < 0) map_chorus.p2 = fallback_param_for_pot(&fx_chorus, 2);
 3966              		.loc 6 375 65 is_stmt 0 view .LVU1137
 3967 0c42 0121     		movs	r1, #1
 3968 0c44 0F48     		ldr	r0, .L261+40
 3969 0c46 FFF7FEFF 		bl	_ZL22fallback_param_for_potPN10bkshepherd16BaseEffectModuleEi
 3970              	.LVL329:
 375:project006.cpp ****     if(map_chorus.p2 < 0) map_chorus.p2 = fallback_param_for_pot(&fx_chorus, 2);
ARM GAS  C:\Users\aydan\AppData\Local\Temp\cc21BorY.s 			page 153


 3971              		.loc 6 375 41 view .LVU1138
 3972 0c4a C9F80400 		str	r0, [r9, #4]
 3973 0c4e FFF77FBA 		b	.L112
 3974              	.LVL330:
 3975              	.L226:
 375:project006.cpp ****     if(map_chorus.p2 < 0) map_chorus.p2 = fallback_param_for_pot(&fx_chorus, 2);
 3976              		.loc 6 375 41 view .LVU1139
 3977              	.LBE510:
 3978              	.LBE762:
 3979              	.LBB763:
 3980              	.LBB759:
 3981              	.LBB673:
 3982              	.LBB669:
 3983              	.LBB661:
 3984              	.LBB646:
 3985              	.LBB635:
 3986              	.LBB630:
 3987              	.LBB603:
 464:c:\program files\daisytoolchain\arm-none-eabi\include\c++\10.2.1\cmath **** 
 3988              		.loc 13 464 27 view .LVU1140
 3989 0c52 FFF7FEFF 		bl	sqrtf
 3990              	.LVL331:
 464:c:\program files\daisytoolchain\arm-none-eabi\include\c++\10.2.1\cmath **** 
 3991              		.loc 13 464 27 view .LVU1141
 3992 0c56 F0EE407A 		vmov.f32	s15, s0
 3993 0c5a C9E4     		b	.L161
 3994              	.L262:
 3995              		.align	2
 3996              	.L261:
 3997 0c5c 00000000 		.word	.LANCHOR17
 3998 0c60 00000000 		.word	.LANCHOR0
 3999 0c64 00000000 		.word	.LANCHOR18
 4000 0c68 00000000 		.word	.LANCHOR1
 4001 0c6c 00000000 		.word	.LANCHOR3
 4002 0c70 D8000000 		.word	.LC29
 4003 0c74 A4000000 		.word	.LC25
 4004 0c78 00000000 		.word	.LANCHOR5
 4005 0c7c D4000000 		.word	.LC28
 4006 0c80 00000000 		.word	0
 4007 0c84 00000000 		.word	fx_chorus
 4008 0c88 00000000 		.word	.LANCHOR8
 4009 0c8c 00000000 		.word	fx_revdel
 4010              	.LBE603:
 4011              	.LBE630:
 4012              	.LBE635:
 4013              	.LBE646:
 4014              	.LBE661:
 4015              	.LBE669:
 4016              	.LBE673:
 4017              	.LBE759:
 4018              	.LBE763:
 4019              		.cfi_endproc
 4020              	.LFE4796:
 4022              		.global	map_od
 4023              		.global	map_revdel
 4024              		.global	map_chorus
 4025              		.global	fx_modules
ARM GAS  C:\Users\aydan\AppData\Local\Temp\cc21BorY.s 			page 154


 4026              		.global	fx_od
 4027              		.global	fx_revdel
 4028              		.global	fx_chorus
 4029              		.section	.rodata.str1.4,"aMS",%progbits,1
 4030              		.align	2
 4031              	.LC32:
 4032 0000 4300     		.ascii	"C\000"
 4033 0002 0000     		.align	2
 4034              	.LC33:
 4035 0004 432300   		.ascii	"C#\000"
 4036 0007 00       		.align	2
 4037              	.LC34:
 4038 0008 4400     		.ascii	"D\000"
 4039 000a 0000     		.align	2
 4040              	.LC35:
 4041 000c 442300   		.ascii	"D#\000"
 4042 000f 00       		.align	2
 4043              	.LC36:
 4044 0010 4500     		.ascii	"E\000"
 4045 0012 0000     		.align	2
 4046              	.LC37:
 4047 0014 4600     		.ascii	"F\000"
 4048 0016 0000     		.align	2
 4049              	.LC38:
 4050 0018 462300   		.ascii	"F#\000"
 4051 001b 00       		.align	2
 4052              	.LC39:
 4053 001c 4700     		.ascii	"G\000"
 4054 001e 0000     		.align	2
 4055              	.LC40:
 4056 0020 472300   		.ascii	"G#\000"
 4057 0023 00       		.align	2
 4058              	.LC41:
 4059 0024 4100     		.ascii	"A\000"
 4060 0026 0000     		.align	2
 4061              	.LC42:
 4062 0028 412300   		.ascii	"A#\000"
 4063 002b 00       		.align	2
 4064              	.LC43:
 4065 002c 4200     		.ascii	"B\000"
 4066              		.global	foot_db
 4067              		.global	g_bypass
 4068              		.global	g_press_count
 4069              		.global	g_foot_down
 4070              		.global	g_pots
 4071              		.global	g_fx
 4072              		.global	foot
 4073              		.global	rot
 4074              		.global	uart
 4075              		.global	hw
 4076              		.section	.rodata
 4077              		.align	2
 4078              		.set	.LANCHOR19,. + 0
 4079              	.LC4:
 4080 0000 00       		.byte	0
 4081 0001 000000   		.space	3
 4082 0004 0000DC42 		.word	1121714176
ARM GAS  C:\Users\aydan\AppData\Local\Temp\cc21BorY.s 			page 155


 4083 0008 00000000 		.word	0
 4084 000c 00000000 		.word	0
 4085 0010 413200   		.ascii	"A2\000"
 4086 0013 00000000 		.space	5
 4086      00
 4087              		.section	.bss._ZL10pitch_ring,"aw",%nobits
 4088              		.align	2
 4091              	_ZL10pitch_ring:
 4092 0000 00000000 		.space	16384
 4092      00000000 
 4092      00000000 
 4092      00000000 
 4092      00000000 
 4093              		.section	.bss._ZL8pitch_wr,"aw",%nobits
 4094              		.align	2
 4095              		.set	.LANCHOR2,. + 0
 4098              	_ZL8pitch_wr:
 4099 0000 00000000 		.space	4
 4100              		.section	.bss._ZZ4mainE3win,"aw",%nobits
 4101              		.align	2
 4104              	_ZZ4mainE3win:
 4105 0000 00000000 		.space	4096
 4105      00000000 
 4105      00000000 
 4105      00000000 
 4105      00000000 
 4106              		.section	.bss._ZZL14estimate_pitchPKfifffRfE2ds,"aw",%nobits
 4107              		.align	2
 4108              		.set	.LANCHOR15,. + 0
 4111              	_ZZL14estimate_pitchPKfifffRfE2ds:
 4112 0000 00000000 		.space	1024
 4112      00000000 
 4112      00000000 
 4112      00000000 
 4112      00000000 
 4113              		.section	.bss._ZZL14estimate_pitchPKfifffRfE2xd,"aw",%nobits
 4114              		.align	2
 4117              	_ZZL14estimate_pitchPKfifffRfE2xd:
 4118 0000 00000000 		.space	4096
 4118      00000000 
 4118      00000000 
 4118      00000000 
 4118      00000000 
 4119              		.section	.bss.foot,"aw",%nobits
 4120              		.align	2
 4121              		.set	.LANCHOR7,. + 0
 4124              	foot:
 4125 0000 00000000 		.space	20
 4125      00000000 
 4125      00000000 
 4125      00000000 
 4125      00000000 
 4126              		.section	.bss.fx_chorus,"aw",%nobits
 4127              		.align	2
 4130              	fx_chorus:
 4131 0000 00000000 		.space	19336
 4131      00000000 
ARM GAS  C:\Users\aydan\AppData\Local\Temp\cc21BorY.s 			page 156


 4131      00000000 
 4131      00000000 
 4131      00000000 
 4132              		.section	.bss.fx_od,"aw",%nobits
 4133              		.align	2
 4134              		.set	.LANCHOR8,. + 0
 4137              	fx_od:
 4138 0000 00000000 		.space	76
 4138      00000000 
 4138      00000000 
 4138      00000000 
 4138      00000000 
 4139              		.section	.bss.fx_revdel,"aw",%nobits
 4140              		.align	2
 4143              	fx_revdel:
 4144 0000 00000000 		.space	396460
 4144      00000000 
 4144      00000000 
 4144      00000000 
 4144      00000000 
 4145              		.section	.bss.g_bypass,"aw",%nobits
 4146              		.set	.LANCHOR1,. + 0
 4149              	g_bypass:
 4150 0000 00       		.space	1
 4151              		.section	.bss.g_foot_down,"aw",%nobits
 4152              		.set	.LANCHOR17,. + 0
 4155              	g_foot_down:
 4156 0000 00       		.space	1
 4157              		.section	.bss.g_fx,"aw",%nobits
 4158              		.align	2
 4159              		.set	.LANCHOR0,. + 0
 4162              	g_fx:
 4163 0000 00000000 		.space	4
 4164              		.section	.bss.g_press_count,"aw",%nobits
 4165              		.align	2
 4166              		.set	.LANCHOR18,. + 0
 4169              	g_press_count:
 4170 0000 00000000 		.space	4
 4171              		.section	.bss.hw,"aw",%nobits
 4172              		.align	2
 4173              		.set	.LANCHOR4,. + 0
 4176              	hw:
 4177 0000 00000000 		.space	64
 4177      00000000 
 4177      00000000 
 4177      00000000 
 4177      00000000 
 4178              		.section	.bss.rot,"aw",%nobits
 4179              		.align	2
 4180              		.set	.LANCHOR6,. + 0
 4183              	rot:
 4184 0000 00000000 		.space	120
 4184      00000000 
 4184      00000000 
 4184      00000000 
 4184      00000000 
 4185              		.section	.bss.uart,"aw",%nobits
ARM GAS  C:\Users\aydan\AppData\Local\Temp\cc21BorY.s 			page 157


 4186              		.align	2
 4187              		.set	.LANCHOR5,. + 0
 4190              	uart:
 4191 0000 00000000 		.space	4
 4192              		.section	.data.foot_db,"aw"
 4193              		.align	2
 4194              		.set	.LANCHOR16,. + 0
 4197              	foot_db:
 4198 0000 01       		.byte	1
 4199 0001 01       		.byte	1
 4200 0002 0000     		.space	2
 4201 0004 00000000 		.word	0
 4202              		.section	.data.fx_modules,"aw"
 4203              		.align	2
 4204              		.set	.LANCHOR3,. + 0
 4207              	fx_modules:
 4208 0000 00000000 		.word	0
 4209 0004 00000000 		.word	fx_chorus
 4210 0008 00000000 		.word	fx_revdel
 4211 000c 00000000 		.word	fx_od
 4212              		.section	.data.g_pots,"aw"
 4213              		.align	2
 4214              		.set	.LANCHOR14,. + 0
 4217              	g_pots:
 4218 0000 00000000 		.word	0
 4219 0004 00000000 		.word	0
 4220 0008 00000000 		.word	0
 4221 000c 0000003F 		.word	1056964608
 4222              		.section	.data.map_chorus,"aw"
 4223              		.align	2
 4224              		.set	.LANCHOR11,. + 0
 4227              	map_chorus:
 4228 0000 FFFFFFFF 		.word	-1
 4229 0004 FFFFFFFF 		.word	-1
 4230 0008 FFFFFFFF 		.word	-1
 4231              		.section	.data.map_od,"aw"
 4232              		.align	2
 4233              		.set	.LANCHOR13,. + 0
 4236              	map_od:
 4237 0000 FFFFFFFF 		.word	-1
 4238 0004 FFFFFFFF 		.word	-1
 4239 0008 FFFFFFFF 		.word	-1
 4240              		.section	.data.map_revdel,"aw"
 4241              		.align	2
 4242              		.set	.LANCHOR12,. + 0
 4245              	map_revdel:
 4246 0000 FFFFFFFF 		.word	-1
 4247 0004 FFFFFFFF 		.word	-1
 4248 0008 FFFFFFFF 		.word	-1
 4249              		.section	.rodata._ZL8kRotPins,"a"
 4250              		.align	2
 4251              		.set	.LANCHOR9,. + 0
 4254              	_ZL8kRotPins:
 4255 0000 02       		.byte	2
 4256 0001 09       		.byte	9
 4257 0002 02       		.byte	2
 4258 0003 08       		.byte	8
ARM GAS  C:\Users\aydan\AppData\Local\Temp\cc21BorY.s 			page 158


 4259 0004 03       		.byte	3
 4260 0005 02       		.byte	2
 4261 0006 02       		.byte	2
 4262 0007 0C       		.byte	12
 4263 0008 06       		.byte	6
 4264 0009 0A       		.byte	10
 4265 000a 06       		.byte	6
 4266 000b 0B       		.byte	11
 4267              		.section	.rodata._ZN5daisy4seedL2D9E,"a"
 4268              		.align	2
 4269              		.set	.LANCHOR10,. + 0
 4272              	_ZN5daisy4seedL2D9E:
 4273 0000 01       		.byte	1
 4274 0001 04       		.byte	4
 4275              		.section	.rodata._ZZL12freq_to_notefPcjRfE5names,"a"
 4276              		.align	2
 4277              		.set	.LANCHOR20,. + 0
 4280              	_ZZL12freq_to_notefPcjRfE5names:
 4281 0000 00000000 		.word	.LC32
 4282 0004 04000000 		.word	.LC33
 4283 0008 08000000 		.word	.LC34
 4284 000c 0C000000 		.word	.LC35
 4285 0010 10000000 		.word	.LC36
 4286 0014 14000000 		.word	.LC37
 4287 0018 18000000 		.word	.LC38
 4288 001c 1C000000 		.word	.LC39
 4289 0020 20000000 		.word	.LC40
 4290 0024 24000000 		.word	.LC41
 4291 0028 28000000 		.word	.LC42
 4292 002c 2C000000 		.word	.LC43
 4293              		.text
 4294              	.Letext0:
 4295              		.file 14 "c:\\program files\\daisytoolchain\\arm-none-eabi\\include\\machine\\_default_types.h"
 4296              		.file 15 "c:\\program files\\daisytoolchain\\arm-none-eabi\\include\\sys\\_stdint.h"
 4297              		.file 16 "c:\\program files\\daisytoolchain\\arm-none-eabi\\include\\stdint.h"
 4298              		.file 17 "c:\\program files\\daisytoolchain\\lib\\gcc\\arm-none-eabi\\10.2.1\\include\\stddef.h"
 4299              		.file 18 "c:\\program files\\daisytoolchain\\arm-none-eabi\\include\\c++\\10.2.1\\bits\\std_abs.h"
 4300              		.file 19 "c:\\program files\\daisytoolchain\\arm-none-eabi\\include\\c++\\10.2.1\\cstdlib"
 4301              		.file 20 "c:\\program files\\daisytoolchain\\arm-none-eabi\\include\\c++\\10.2.1\\cstdint"
 4302              		.file 21 "c:\\program files\\daisytoolchain\\arm-none-eabi\\include\\c++\\10.2.1\\type_traits"
 4303              		.file 22 "c:\\program files\\daisytoolchain\\arm-none-eabi\\include\\c++\\10.2.1\\bits\\cpp_type_t
 4304              		.file 23 "c:\\program files\\daisytoolchain\\arm-none-eabi\\include\\c++\\10.2.1\\bits\\stl_pair.h
 4305              		.file 24 "c:\\program files\\daisytoolchain\\arm-none-eabi\\include\\c++\\10.2.1\\debug\\debug.h"
 4306              		.file 25 "c:\\program files\\daisytoolchain\\arm-none-eabi\\include\\c++\\10.2.1\\arm-none-eabi\\t
 4307              		.file 26 "c:\\program files\\daisytoolchain\\arm-none-eabi\\include\\c++\\10.2.1\\bits\\algorithmf
 4308              		.file 27 "c:\\program files\\daisytoolchain\\arm-none-eabi\\include\\c++\\10.2.1\\bits\\exception_
 4309              		.file 28 "c:\\program files\\daisytoolchain\\arm-none-eabi\\include\\c++\\10.2.1\\cstdarg"
 4310              		.file 29 "c:\\program files\\daisytoolchain\\arm-none-eabi\\include\\c++\\10.2.1\\cstdio"
 4311              		.file 30 "c:\\program files\\daisytoolchain\\arm-none-eabi\\include\\c++\\10.2.1\\cstring"
 4312              		.file 31 "c:\\program files\\daisytoolchain\\arm-none-eabi\\include\\c++\\10.2.1\\cwchar"
 4313              		.file 32 "c:\\program files\\daisytoolchain\\arm-none-eabi\\include\\c++\\10.2.1\\clocale"
 4314              		.file 33 "c:\\program files\\daisytoolchain\\arm-none-eabi\\include\\c++\\10.2.1\\bits\\basic_stri
 4315              		.file 34 "c:\\program files\\daisytoolchain\\arm-none-eabi\\include\\c++\\10.2.1\\bits\\stl_tempbu
 4316              		.file 35 "c:\\program files\\daisytoolchain\\arm-none-eabi\\include\\c++\\10.2.1\\bits\\predefined
 4317              		.file 36 "c:\\program files\\daisytoolchain\\arm-none-eabi\\include\\sys\\_types.h"
 4318              		.file 37 "c:\\program files\\daisytoolchain\\arm-none-eabi\\include\\sys\\reent.h"
 4319              		.file 38 "c:\\program files\\daisytoolchain\\arm-none-eabi\\include\\sys\\lock.h"
ARM GAS  C:\Users\aydan\AppData\Local\Temp\cc21BorY.s 			page 159


 4320              		.file 39 "c:\\program files\\daisytoolchain\\arm-none-eabi\\include\\math.h"
 4321              		.file 40 "c:\\program files\\daisytoolchain\\arm-none-eabi\\include\\stdlib.h"
 4322              		.file 41 "c:\\program files\\daisytoolchain\\arm-none-eabi\\include\\c++\\10.2.1\\math.h"
 4323              		.file 42 "c:\\program files\\daisytoolchain\\arm-none-eabi\\include\\c++\\10.2.1\\stdlib.h"
 4324              		.file 43 "../../libDaisy/src/per/tim.h"
 4325              		.file 44 "../../libDaisy/src/util/wav_format.h"
 4326              		.file 45 "../../libDaisy/src/dev/max11300.h"
 4327              		.file 46 "../../libDaisy/src/dev/sdram.h"
 4328              		.file 47 "c:\\program files\\daisytoolchain\\lib\\gcc\\arm-none-eabi\\10.2.1\\include\\stdarg.h"
 4329              		.file 48 "c:\\program files\\daisytoolchain\\arm-none-eabi\\include\\stdio.h"
 4330              		.file 49 "c:\\program files\\daisytoolchain\\arm-none-eabi\\include\\string.h"
 4331              		.file 50 "../../DaisySP/Source/Control/adenv.h"
 4332              		.file 51 "../../DaisySP/Source/Utility/dsp.h"
 4333              		.file 52 "c:\\program files\\daisytoolchain\\arm-none-eabi\\include\\wchar.h"
 4334              		.file 53 "c:\\program files\\daisytoolchain\\arm-none-eabi\\include\\locale.h"
 4335              		.file 54 "gml/GuitarPedal/Effect-Modules/base_effect_module.h"
 4336              		.file 55 "gml/GuitarPedal/Effect-Modules/chorus_module.h"
 4337              		.file 56 "gml/GuitarPedal/Effect-Modules/reverb_delay_module.h"
 4338              		.file 57 "gml/GuitarPedal/Effect-Modules/overdrive_module.h"
 4339              		.file 58 "../../libDaisy/src/dev/sr_595.h"
 4340              		.file 59 "<built-in>"
ARM GAS  C:\Users\aydan\AppData\Local\Temp\cc21BorY.s 			page 160


DEFINED SYMBOLS
                            *ABS*:00000000 project006.cpp
C:\Users\aydan\AppData\Local\Temp\cc21BorY.s:17     .text._ZN5daisy9DaisySeedD2Ev:00000000 $t
C:\Users\aydan\AppData\Local\Temp\cc21BorY.s:26     .text._ZN5daisy9DaisySeedD2Ev:00000000 _ZN5daisy9DaisySeedD2Ev
C:\Users\aydan\AppData\Local\Temp\cc21BorY.s:26     .text._ZN5daisy9DaisySeedD2Ev:00000000 _ZN5daisy9DaisySeedD1Ev
C:\Users\aydan\AppData\Local\Temp\cc21BorY.s:67     .text._ZL13AudioCallbackPKPKfPPfj:00000000 $t
C:\Users\aydan\AppData\Local\Temp\cc21BorY.s:74     .text._ZL13AudioCallbackPKPKfPPfj:00000000 _ZL13AudioCallbackPKPKfPPfj
C:\Users\aydan\AppData\Local\Temp\cc21BorY.s:306    .text._ZL13AudioCallbackPKPKfPPfj:000000d8 $d
C:\Users\aydan\AppData\Local\Temp\cc21BorY.s:4091   .bss._ZL10pitch_ring:00000000 _ZL10pitch_ring
C:\Users\aydan\AppData\Local\Temp\cc21BorY.s:317    .text._ZL22fallback_param_for_potPN10bkshepherd16BaseEffectModuleEi:00000000 $t
C:\Users\aydan\AppData\Local\Temp\cc21BorY.s:324    .text._ZL22fallback_param_for_potPN10bkshepherd16BaseEffectModuleEi:00000000 _ZL22fallback_param_for_potPN10bkshepherd16BaseEffectModuleEi
C:\Users\aydan\AppData\Local\Temp\cc21BorY.s:379    .text._ZL22find_param_by_keywordsPN10bkshepherd16BaseEffectModuleEPKcS3_S3_:00000000 $t
C:\Users\aydan\AppData\Local\Temp\cc21BorY.s:386    .text._ZL22find_param_by_keywordsPN10bkshepherd16BaseEffectModuleEPKcS3_S3_:00000000 _ZL22find_param_by_keywordsPN10bkshepherd16BaseEffectModuleEPKcS3_S3_
C:\Users\aydan\AppData\Local\Temp\cc21BorY.s:797    .text.startup._GLOBAL__sub_I_hw:00000000 $t
C:\Users\aydan\AppData\Local\Temp\cc21BorY.s:804    .text.startup._GLOBAL__sub_I_hw:00000000 _GLOBAL__sub_I_hw
C:\Users\aydan\AppData\Local\Temp\cc21BorY.s:1078   .text.startup._GLOBAL__sub_I_hw:00000080 $d
C:\Users\aydan\AppData\Local\Temp\cc21BorY.s:4130   .bss.fx_chorus:00000000 fx_chorus
C:\Users\aydan\AppData\Local\Temp\cc21BorY.s:4143   .bss.fx_revdel:00000000 fx_revdel
C:\Users\aydan\AppData\Local\Temp\cc21BorY.s:1096   .init_array:00000000 $d
C:\Users\aydan\AppData\Local\Temp\cc21BorY.s:1099   .rodata.main.str1.4:00000000 $d
C:\Users\aydan\AppData\Local\Temp\cc21BorY.s:1181   .text.startup.main:00000000 $t
C:\Users\aydan\AppData\Local\Temp\cc21BorY.s:1189   .text.startup.main:00000000 main
C:\Users\aydan\AppData\Local\Temp\cc21BorY.s:1882   .text.startup.main:00000300 $d
C:\Users\aydan\AppData\Local\Temp\cc21BorY.s:4104   .bss._ZZ4mainE3win:00000000 _ZZ4mainE3win
C:\Users\aydan\AppData\Local\Temp\cc21BorY.s:1944   .text.startup.main:000003c8 $t
C:\Users\aydan\AppData\Local\Temp\cc21BorY.s:2796   .text.startup.main:00000758 $d
C:\Users\aydan\AppData\Local\Temp\cc21BorY.s:4117   .bss._ZZL14estimate_pitchPKfifffRfE2xd:00000000 _ZZL14estimate_pitchPKfifffRfE2xd
C:\Users\aydan\AppData\Local\Temp\cc21BorY.s:2830   .text.startup.main:000007d8 $t
C:\Users\aydan\AppData\Local\Temp\cc21BorY.s:3665   .text.startup.main:00000ae0 $d
C:\Users\aydan\AppData\Local\Temp\cc21BorY.s:3693   .text.startup.main:00000b3c $t
C:\Users\aydan\AppData\Local\Temp\cc21BorY.s:3997   .text.startup.main:00000c5c $d
C:\Users\aydan\AppData\Local\Temp\cc21BorY.s:4236   .data.map_od:00000000 map_od
C:\Users\aydan\AppData\Local\Temp\cc21BorY.s:4245   .data.map_revdel:00000000 map_revdel
C:\Users\aydan\AppData\Local\Temp\cc21BorY.s:4227   .data.map_chorus:00000000 map_chorus
C:\Users\aydan\AppData\Local\Temp\cc21BorY.s:4207   .data.fx_modules:00000000 fx_modules
C:\Users\aydan\AppData\Local\Temp\cc21BorY.s:4137   .bss.fx_od:00000000 fx_od
C:\Users\aydan\AppData\Local\Temp\cc21BorY.s:4030   .rodata.str1.4:00000000 $d
C:\Users\aydan\AppData\Local\Temp\cc21BorY.s:4197   .data.foot_db:00000000 foot_db
C:\Users\aydan\AppData\Local\Temp\cc21BorY.s:4149   .bss.g_bypass:00000000 g_bypass
C:\Users\aydan\AppData\Local\Temp\cc21BorY.s:4169   .bss.g_press_count:00000000 g_press_count
C:\Users\aydan\AppData\Local\Temp\cc21BorY.s:4155   .bss.g_foot_down:00000000 g_foot_down
C:\Users\aydan\AppData\Local\Temp\cc21BorY.s:4217   .data.g_pots:00000000 g_pots
C:\Users\aydan\AppData\Local\Temp\cc21BorY.s:4162   .bss.g_fx:00000000 g_fx
C:\Users\aydan\AppData\Local\Temp\cc21BorY.s:4124   .bss.foot:00000000 foot
C:\Users\aydan\AppData\Local\Temp\cc21BorY.s:4183   .bss.rot:00000000 rot
C:\Users\aydan\AppData\Local\Temp\cc21BorY.s:4190   .bss.uart:00000000 uart
C:\Users\aydan\AppData\Local\Temp\cc21BorY.s:4176   .bss.hw:00000000 hw
C:\Users\aydan\AppData\Local\Temp\cc21BorY.s:4077   .rodata:00000000 $d
C:\Users\aydan\AppData\Local\Temp\cc21BorY.s:4088   .bss._ZL10pitch_ring:00000000 $d
C:\Users\aydan\AppData\Local\Temp\cc21BorY.s:4094   .bss._ZL8pitch_wr:00000000 $d
C:\Users\aydan\AppData\Local\Temp\cc21BorY.s:4098   .bss._ZL8pitch_wr:00000000 _ZL8pitch_wr
C:\Users\aydan\AppData\Local\Temp\cc21BorY.s:4101   .bss._ZZ4mainE3win:00000000 $d
C:\Users\aydan\AppData\Local\Temp\cc21BorY.s:4107   .bss._ZZL14estimate_pitchPKfifffRfE2ds:00000000 $d
C:\Users\aydan\AppData\Local\Temp\cc21BorY.s:4111   .bss._ZZL14estimate_pitchPKfifffRfE2ds:00000000 _ZZL14estimate_pitchPKfifffRfE2ds
C:\Users\aydan\AppData\Local\Temp\cc21BorY.s:4114   .bss._ZZL14estimate_pitchPKfifffRfE2xd:00000000 $d
C:\Users\aydan\AppData\Local\Temp\cc21BorY.s:4120   .bss.foot:00000000 $d
C:\Users\aydan\AppData\Local\Temp\cc21BorY.s:4127   .bss.fx_chorus:00000000 $d
ARM GAS  C:\Users\aydan\AppData\Local\Temp\cc21BorY.s 			page 161


C:\Users\aydan\AppData\Local\Temp\cc21BorY.s:4133   .bss.fx_od:00000000 $d
C:\Users\aydan\AppData\Local\Temp\cc21BorY.s:4140   .bss.fx_revdel:00000000 $d
C:\Users\aydan\AppData\Local\Temp\cc21BorY.s:4150   .bss.g_bypass:00000000 $d
C:\Users\aydan\AppData\Local\Temp\cc21BorY.s:4156   .bss.g_foot_down:00000000 $d
C:\Users\aydan\AppData\Local\Temp\cc21BorY.s:4158   .bss.g_fx:00000000 $d
C:\Users\aydan\AppData\Local\Temp\cc21BorY.s:4165   .bss.g_press_count:00000000 $d
C:\Users\aydan\AppData\Local\Temp\cc21BorY.s:4172   .bss.hw:00000000 $d
C:\Users\aydan\AppData\Local\Temp\cc21BorY.s:4179   .bss.rot:00000000 $d
C:\Users\aydan\AppData\Local\Temp\cc21BorY.s:4186   .bss.uart:00000000 $d
C:\Users\aydan\AppData\Local\Temp\cc21BorY.s:4193   .data.foot_db:00000000 $d
C:\Users\aydan\AppData\Local\Temp\cc21BorY.s:4203   .data.fx_modules:00000000 $d
C:\Users\aydan\AppData\Local\Temp\cc21BorY.s:4213   .data.g_pots:00000000 $d
C:\Users\aydan\AppData\Local\Temp\cc21BorY.s:4223   .data.map_chorus:00000000 $d
C:\Users\aydan\AppData\Local\Temp\cc21BorY.s:4232   .data.map_od:00000000 $d
C:\Users\aydan\AppData\Local\Temp\cc21BorY.s:4241   .data.map_revdel:00000000 $d
C:\Users\aydan\AppData\Local\Temp\cc21BorY.s:4250   .rodata._ZL8kRotPins:00000000 $d
C:\Users\aydan\AppData\Local\Temp\cc21BorY.s:4254   .rodata._ZL8kRotPins:00000000 _ZL8kRotPins
C:\Users\aydan\AppData\Local\Temp\cc21BorY.s:4268   .rodata._ZN5daisy4seedL2D9E:00000000 $d
C:\Users\aydan\AppData\Local\Temp\cc21BorY.s:4272   .rodata._ZN5daisy4seedL2D9E:00000000 _ZN5daisy4seedL2D9E
C:\Users\aydan\AppData\Local\Temp\cc21BorY.s:4276   .rodata._ZZL12freq_to_notefPcjRfE5names:00000000 $d
C:\Users\aydan\AppData\Local\Temp\cc21BorY.s:4280   .rodata._ZZL12freq_to_notefPcjRfE5names:00000000 _ZZL12freq_to_notefPcjRfE5names
                           .group:00000000 _ZN5daisy9DaisySeedD5Ev

UNDEFINED SYMBOLS
_ZN10bkshepherd16BaseEffectModule9IsEnabledEv
_ZN10bkshepherd16BaseEffectModule12GetAudioLeftEv
_ZN10bkshepherd16BaseEffectModule27GetMappedParameterIDForKnobEi
_ZN10bkshepherd16BaseEffectModule17GetParameterCountEv
_ZN10bkshepherd16BaseEffectModule16GetParameterNameEi
__aeabi_atexit
_ZN10bkshepherd12ChorusModuleC1Ev
_ZN10bkshepherd17ReverbDelayModuleC1Ev
_ZN10bkshepherd15OverdriveModuleC1Ev
__dso_handle
_ZN10bkshepherd12ChorusModuleD1Ev
_ZN10bkshepherd17ReverbDelayModuleD1Ev
_ZN10bkshepherd15OverdriveModuleD1Ev
_ZN5daisy9DaisySeed4InitEb
_ZN5daisy9DaisySeed18SetAudioSampleRateENS_9SaiHandle6Config10SampleRateE
_ZN5daisy9DaisySeed17SetAudioBlockSizeEj
_ZN5daisy11UartHandler4InitERKNS0_6ConfigE
_ZN5daisy4GPIO4InitENS_3PinENS0_4ModeENS0_4PullENS0_5SpeedE
_ZN5daisy16AdcChannelConfig10InitSingleE12dsy_gpio_pinNS0_15ConversionSpeedE
_ZN5daisy9AdcHandle4InitEPNS_16AdcChannelConfigEjNS0_12OverSamplingE
_ZN5daisy9AdcHandle5StartEv
memset
_ZN5daisy9DaisySeed15AudioSampleRateEv
_ZN10bkshepherd12ChorusModule4InitEf
_ZN10bkshepherd17ReverbDelayModule4InitEf
_ZN10bkshepherd15OverdriveModule4InitEf
_ZN10bkshepherd16BaseEffectModule10SetEnabledEb
_ZN5daisy9DaisySeed10StartAudioEPFvPKPKfPPfjE
_ZN5daisy6System6GetNowEv
snprintf
strlen
_ZN5daisy11UartHandler16BlockingTransmitEPhjm
_ZN5daisy4GPIO4ReadEv
ARM GAS  C:\Users\aydan\AppData\Local\Temp\cc21BorY.s 			page 162


_ZN5daisy9DaisySeed6SetLedEb
_ZNK5daisy9AdcHandle8GetFloatEh
log2f
_ZN5daisy6System5DelayEm
_ZN10bkshepherd16BaseEffectModule23SetParameterAsMagnitudeEif
sqrtf
