ARM GAS  C:\Users\aydan\AppData\Local\Temp\cckcUN7D.s 			page 1


   1              		.cpu cortex-m7
   2              		.eabi_attribute 28, 1
   3              		.eabi_attribute 20, 1
   4              		.eabi_attribute 21, 1
   5              		.eabi_attribute 23, 3
   6              		.eabi_attribute 24, 1
   7              		.eabi_attribute 25, 1
   8              		.eabi_attribute 26, 1
   9              		.eabi_attribute 30, 2
  10              		.eabi_attribute 34, 1
  11              		.eabi_attribute 18, 4
  12              		.file	"audio_engine.cpp"
  13              		.text
  14              	.Ltext0:
  15              		.cfi_sections	.debug_frame
  16              		.section	.text._ZN3app11AudioEngine16StringContainsCiEPKcS2_.part.0,"ax",%progbits
  17              		.align	1
  18              		.p2align 2,,3
  19              		.arch armv7e-m
  20              		.syntax unified
  21              		.thumb
  22              		.thumb_func
  23              		.fpu fpv5-d16
  25              	_ZN3app11AudioEngine16StringContainsCiEPKcS2_.part.0:
  26              	.LVL0:
  27              	.LFB2602:
  28              		.file 1 "src/audio_engine.cpp"
   1:src/audio_engine.cpp **** #include "audio_engine.h"
   2:src/audio_engine.cpp **** 
   3:src/audio_engine.cpp **** namespace app
   4:src/audio_engine.cpp **** {
   5:src/audio_engine.cpp **** AudioEngine::AudioEngine()
   6:src/audio_engine.cpp **** : mailbox_(0),
   7:src/audio_engine.cpp ****   tuner_capture_(0)
   8:src/audio_engine.cpp **** #if DIAG_FX_CHORUS
   9:src/audio_engine.cpp ****   ,
  10:src/audio_engine.cpp ****   chorus_()
  11:src/audio_engine.cpp **** #endif
  12:src/audio_engine.cpp **** #if DIAG_FX_REVERB
  13:src/audio_engine.cpp ****   ,
  14:src/audio_engine.cpp ****   reverb_()
  15:src/audio_engine.cpp **** #endif
  16:src/audio_engine.cpp **** #if DIAG_FX_CRUSHER
  17:src/audio_engine.cpp ****   ,
  18:src/audio_engine.cpp ****   crusher_()
  19:src/audio_engine.cpp **** #endif
  20:src/audio_engine.cpp **** #if DIAG_FX_GRANULAR
  21:src/audio_engine.cpp ****   ,
  22:src/audio_engine.cpp ****   granular_delay_()
  23:src/audio_engine.cpp **** #endif
  24:src/audio_engine.cpp ****   ,
  25:src/audio_engine.cpp ****   effects_
  26:src/audio_engine.cpp **** {
  27:src/audio_engine.cpp ****     0,
  28:src/audio_engine.cpp **** #if DIAG_FX_CHORUS
  29:src/audio_engine.cpp ****         &chorus_,
  30:src/audio_engine.cpp **** #else
ARM GAS  C:\Users\aydan\AppData\Local\Temp\cckcUN7D.s 			page 2


  31:src/audio_engine.cpp ****         0,
  32:src/audio_engine.cpp **** #endif
  33:src/audio_engine.cpp **** #if DIAG_FX_REVERB
  34:src/audio_engine.cpp ****         &reverb_,
  35:src/audio_engine.cpp **** #else
  36:src/audio_engine.cpp ****         0,
  37:src/audio_engine.cpp **** #endif
  38:src/audio_engine.cpp **** #if DIAG_FX_CRUSHER
  39:src/audio_engine.cpp ****         &crusher_,
  40:src/audio_engine.cpp **** #else
  41:src/audio_engine.cpp ****         0,
  42:src/audio_engine.cpp **** #endif
  43:src/audio_engine.cpp **** #if DIAG_FX_GRANULAR
  44:src/audio_engine.cpp ****         &granular_delay_
  45:src/audio_engine.cpp **** #else
  46:src/audio_engine.cpp ****         0
  47:src/audio_engine.cpp **** #endif
  48:src/audio_engine.cpp **** }
  49:src/audio_engine.cpp **** , maps_{{-1, -1, -1}, {-1, -1, -1}, {-1, -1, -1}, {-1, -1, -1}, {-1, -1, -1}},
  50:src/audio_engine.cpp ****     current_{config::FX_TUNER, 0, (uint8_t)SystemMode::Normal, 0, {0, 0, 0}},
  51:src/audio_engine.cpp ****     applied_{0xffu,
  52:src/audio_engine.cpp ****              0xffu,
  53:src/audio_engine.cpp ****              (uint8_t)SystemMode::Normal,
  54:src/audio_engine.cpp ****              0,
  55:src/audio_engine.cpp ****              {0xffffu, 0xffffu, 0xffffu}},
  56:src/audio_engine.cpp ****     mailbox_revision_(0), active_effect_(config::FX_TUNER),
  57:src/audio_engine.cpp ****     active_bypass_(false), pending_effect_(config::FX_TUNER),
  58:src/audio_engine.cpp ****     pending_bypass_(false), transition_(TRANSITION_STEADY), wet_gain_(0.0f),
  59:src/audio_engine.cpp ****     wet_gain_step_(
  60:src/audio_engine.cpp ****         1.0f / (config::kSampleRateHz * (config::kTransitionTimeMs * 0.001f))),
  61:src/audio_engine.cpp ****     thermal_audio_state_(THERMAL_AUDIO_NORMAL), thermal_gain_(1.0f),
  62:src/audio_engine.cpp ****     thermal_gain_step_(
  63:src/audio_engine.cpp ****         1.0f / (config::kSampleRateHz * (config::kThermalAudioFadeMs * 0.001f)))
  64:src/audio_engine.cpp **** #if AUDIO_CPU_LOAD_DEBUG
  65:src/audio_engine.cpp ****         ,
  66:src/audio_engine.cpp ****     cpu_load_(), effect_peak_load_{0.0f, 0.0f, 0.0f, 0.0f, 0.0f},
  67:src/audio_engine.cpp ****     overrun_count_(0)
  68:src/audio_engine.cpp **** #endif
  69:src/audio_engine.cpp **** {
  70:src/audio_engine.cpp **** }
  71:src/audio_engine.cpp **** 
  72:src/audio_engine.cpp **** void AudioEngine::Init(float           sample_rate,
  73:src/audio_engine.cpp ****                        ControlMailbox& mailbox,
  74:src/audio_engine.cpp ****                        TunerCapture&   tuner_capture)
  75:src/audio_engine.cpp **** {
  76:src/audio_engine.cpp ****     mailbox_       = &mailbox;
  77:src/audio_engine.cpp ****     tuner_capture_ = &tuner_capture;
  78:src/audio_engine.cpp **** 
  79:src/audio_engine.cpp **** #if DIAG_FX_CHORUS
  80:src/audio_engine.cpp ****     chorus_.Init(sample_rate);
  81:src/audio_engine.cpp ****     chorus_.SetEnabled(true);
  82:src/audio_engine.cpp **** #endif
  83:src/audio_engine.cpp **** #if DIAG_FX_REVERB
  84:src/audio_engine.cpp ****     reverb_.Init(sample_rate);
  85:src/audio_engine.cpp ****     reverb_.SetEnabled(true);
  86:src/audio_engine.cpp **** #endif
  87:src/audio_engine.cpp **** #if DIAG_FX_CRUSHER
ARM GAS  C:\Users\aydan\AppData\Local\Temp\cckcUN7D.s 			page 3


  88:src/audio_engine.cpp ****     crusher_.Init(sample_rate);
  89:src/audio_engine.cpp ****     crusher_.SetEnabled(true);
  90:src/audio_engine.cpp **** #endif
  91:src/audio_engine.cpp **** #if DIAG_FX_GRANULAR
  92:src/audio_engine.cpp ****     granular_delay_.Init(sample_rate);
  93:src/audio_engine.cpp ****     granular_delay_.SetEnabled(true);
  94:src/audio_engine.cpp **** #endif
  95:src/audio_engine.cpp **** 
  96:src/audio_engine.cpp ****     BuildParamMaps();
  97:src/audio_engine.cpp **** #if AUDIO_CPU_LOAD_DEBUG
  98:src/audio_engine.cpp ****     cpu_load_.Init(sample_rate, config::kAudioBlockSize);
  99:src/audio_engine.cpp ****     for(int i = 0; i < config::FX_COUNT; ++i)
 100:src/audio_engine.cpp ****         effect_peak_load_[i] = 0.0f;
 101:src/audio_engine.cpp ****     overrun_count_ = 0;
 102:src/audio_engine.cpp **** #endif
 103:src/audio_engine.cpp **** #if DIAG_ENGINE_USE_MAILBOX
 104:src/audio_engine.cpp ****     ApplySnapshotIfChanged();
 105:src/audio_engine.cpp **** #endif
 106:src/audio_engine.cpp **** #if DIAG_STAGE != DIAG_STAGE_PRODUCTION
 107:src/audio_engine.cpp ****     current_.effect = (uint8_t)DIAG_FORCE_EFFECT;
 108:src/audio_engine.cpp ****     current_.bypass = 0;
 109:src/audio_engine.cpp **** #endif
 110:src/audio_engine.cpp ****     active_effect_  = current_.effect;
 111:src/audio_engine.cpp ****     active_bypass_  = current_.bypass != 0;
 112:src/audio_engine.cpp ****     pending_effect_ = active_effect_;
 113:src/audio_engine.cpp ****     pending_bypass_ = active_bypass_;
 114:src/audio_engine.cpp ****     wet_gain_
 115:src/audio_engine.cpp ****         = (active_effect_ == config::FX_TUNER || active_bypass_) ? 0.0f : 1.0f;
 116:src/audio_engine.cpp ****     thermal_audio_state_ = THERMAL_AUDIO_NORMAL;
 117:src/audio_engine.cpp ****     thermal_gain_        = 1.0f;
 118:src/audio_engine.cpp ****     thermal_gain_step_
 119:src/audio_engine.cpp ****         = 1.0f / (sample_rate * (config::kThermalAudioFadeMs * 0.001f));
 120:src/audio_engine.cpp **** }
 121:src/audio_engine.cpp **** 
 122:src/audio_engine.cpp **** // The callback reads one control snapshot per block, then keeps audio work
 123:src/audio_engine.cpp **** // deterministic: capture input, process the current effect, and apply any
 124:src/audio_engine.cpp **** // pending fade state sample by sample.
 125:src/audio_engine.cpp **** void AudioEngine::Process(daisy::AudioHandle::InputBuffer  in,
 126:src/audio_engine.cpp ****                           daisy::AudioHandle::OutputBuffer out,
 127:src/audio_engine.cpp ****                           size_t                           size)
 128:src/audio_engine.cpp **** {
 129:src/audio_engine.cpp **** #if AUDIO_CPU_LOAD_DEBUG
 130:src/audio_engine.cpp ****     const uint8_t metered_effect = active_effect_;
 131:src/audio_engine.cpp ****     cpu_load_.OnBlockStart();
 132:src/audio_engine.cpp **** #endif
 133:src/audio_engine.cpp **** 
 134:src/audio_engine.cpp **** #if DIAG_ENGINE_USE_MAILBOX
 135:src/audio_engine.cpp ****     ApplySnapshotIfChanged();
 136:src/audio_engine.cpp **** #endif
 137:src/audio_engine.cpp **** 
 138:src/audio_engine.cpp **** #if DIAG_STAGE == DIAG_STAGE_AUDIOENGINE_PROCESS_DRY
 139:src/audio_engine.cpp ****     for(size_t i = 0; i < size; ++i)
 140:src/audio_engine.cpp ****     {
 141:src/audio_engine.cpp ****         const float x = in[0][i];
 142:src/audio_engine.cpp ****         out[0][i]     = x;
 143:src/audio_engine.cpp ****         out[1][i]     = x;
 144:src/audio_engine.cpp ****     }
ARM GAS  C:\Users\aydan\AppData\Local\Temp\cckcUN7D.s 			page 4


 145:src/audio_engine.cpp **** #if AUDIO_CPU_LOAD_DEBUG
 146:src/audio_engine.cpp ****     cpu_load_.OnBlockEnd();
 147:src/audio_engine.cpp **** #endif
 148:src/audio_engine.cpp ****     return;
 149:src/audio_engine.cpp **** #endif
 150:src/audio_engine.cpp **** 
 151:src/audio_engine.cpp **** #if DIAG_ENFORCE_THERMAL_AUDIO_SHUTDOWN
 152:src/audio_engine.cpp ****     if(thermal_audio_state_ == THERMAL_AUDIO_MUTED)
 153:src/audio_engine.cpp ****     {
 154:src/audio_engine.cpp ****         for(size_t i = 0; i < size; ++i)
 155:src/audio_engine.cpp ****         {
 156:src/audio_engine.cpp ****             out[0][i] = 0.0f;
 157:src/audio_engine.cpp ****             out[1][i] = 0.0f;
 158:src/audio_engine.cpp ****         }
 159:src/audio_engine.cpp **** #if AUDIO_CPU_LOAD_DEBUG
 160:src/audio_engine.cpp ****         cpu_load_.OnBlockEnd();
 161:src/audio_engine.cpp **** #endif
 162:src/audio_engine.cpp ****         return;
 163:src/audio_engine.cpp ****     }
 164:src/audio_engine.cpp **** #endif
 165:src/audio_engine.cpp **** 
 166:src/audio_engine.cpp **** #if DIAG_ENGINE_CAPTURE_TUNER
 167:src/audio_engine.cpp ****     if(tuner_capture_ && thermal_audio_state_ == THERMAL_AUDIO_NORMAL)
 168:src/audio_engine.cpp ****         tuner_capture_->WriteBlock(in[0], size);
 169:src/audio_engine.cpp **** #endif
 170:src/audio_engine.cpp **** 
 171:src/audio_engine.cpp ****     for(size_t i = 0; i < size; ++i)
 172:src/audio_engine.cpp ****     {
 173:src/audio_engine.cpp **** #if DIAG_ENFORCE_THERMAL_AUDIO_SHUTDOWN
 174:src/audio_engine.cpp ****         if(thermal_audio_state_ == THERMAL_AUDIO_MUTED)
 175:src/audio_engine.cpp ****         {
 176:src/audio_engine.cpp ****             out[0][i] = 0.0f;
 177:src/audio_engine.cpp ****             out[1][i] = 0.0f;
 178:src/audio_engine.cpp ****             continue;
 179:src/audio_engine.cpp ****         }
 180:src/audio_engine.cpp **** #endif
 181:src/audio_engine.cpp **** 
 182:src/audio_engine.cpp ****         const float x = in[0][i];
 183:src/audio_engine.cpp **** #if DIAG_ENGINE_TRANSITIONS
 184:src/audio_engine.cpp ****         float wet_l = x;
 185:src/audio_engine.cpp ****         float wet_r = x;
 186:src/audio_engine.cpp **** #endif
 187:src/audio_engine.cpp **** #if DIAG_ENGINE_DISPATCH
 188:src/audio_engine.cpp ****         bkshepherd::BaseEffectModule* fx = effects_[active_effect_];
 189:src/audio_engine.cpp **** 
 190:src/audio_engine.cpp **** #if DIAG_ENGINE_PROCESS_FX
 191:src/audio_engine.cpp ****         if(fx && active_effect_ != config::FX_TUNER
 192:src/audio_engine.cpp ****            && !(active_bypass_ && transition_ == TRANSITION_STEADY))
 193:src/audio_engine.cpp ****             ProcessEffectSample(fx, x, wet_l, wet_r);
 194:src/audio_engine.cpp **** #else
 195:src/audio_engine.cpp ****         (void)fx;
 196:src/audio_engine.cpp **** #endif
 197:src/audio_engine.cpp **** #endif
 198:src/audio_engine.cpp **** 
 199:src/audio_engine.cpp **** #if DIAG_ENGINE_TRANSITIONS
 200:src/audio_engine.cpp **** #if DIAG_ENFORCE_THERMAL_AUDIO_SHUTDOWN
 201:src/audio_engine.cpp ****         out[0][i] = thermal_gain_ * ClampOutput(x + wet_gain_ * (wet_l - x));
ARM GAS  C:\Users\aydan\AppData\Local\Temp\cckcUN7D.s 			page 5


 202:src/audio_engine.cpp ****         out[1][i] = thermal_gain_ * ClampOutput(x + wet_gain_ * (wet_r - x));
 203:src/audio_engine.cpp **** #else
 204:src/audio_engine.cpp ****         out[0][i] = ClampOutput(x + wet_gain_ * (wet_l - x));
 205:src/audio_engine.cpp ****         out[1][i] = ClampOutput(x + wet_gain_ * (wet_r - x));
 206:src/audio_engine.cpp **** #endif
 207:src/audio_engine.cpp **** #else
 208:src/audio_engine.cpp ****         out[0][i] = x;
 209:src/audio_engine.cpp ****         out[1][i] = x;
 210:src/audio_engine.cpp **** #endif
 211:src/audio_engine.cpp **** 
 212:src/audio_engine.cpp **** #if DIAG_ENFORCE_THERMAL_AUDIO_SHUTDOWN
 213:src/audio_engine.cpp ****         if(thermal_audio_state_ == THERMAL_AUDIO_FADING)
 214:src/audio_engine.cpp ****         {
 215:src/audio_engine.cpp ****             thermal_gain_ -= thermal_gain_step_;
 216:src/audio_engine.cpp ****             if(thermal_gain_ <= 0.0f)
 217:src/audio_engine.cpp ****             {
 218:src/audio_engine.cpp ****                 thermal_gain_        = 0.0f;
 219:src/audio_engine.cpp ****                 thermal_audio_state_ = THERMAL_AUDIO_MUTED;
 220:src/audio_engine.cpp ****             }
 221:src/audio_engine.cpp ****         }
 222:src/audio_engine.cpp ****         else
 223:src/audio_engine.cpp **** #endif
 224:src/audio_engine.cpp **** #if DIAG_ENGINE_TRANSITIONS
 225:src/audio_engine.cpp ****         {
 226:src/audio_engine.cpp ****             StepTransition();
 227:src/audio_engine.cpp ****         }
 228:src/audio_engine.cpp **** #endif
 229:src/audio_engine.cpp ****     }
 230:src/audio_engine.cpp **** 
 231:src/audio_engine.cpp **** #if AUDIO_CPU_LOAD_DEBUG
 232:src/audio_engine.cpp ****     cpu_load_.OnBlockEnd();
 233:src/audio_engine.cpp ****     const float peak = cpu_load_.GetMaxCpuLoad();
 234:src/audio_engine.cpp ****     if(metered_effect < config::FX_COUNT && peak == peak
 235:src/audio_engine.cpp ****        && peak > effect_peak_load_[metered_effect])
 236:src/audio_engine.cpp ****         effect_peak_load_[metered_effect] = peak;
 237:src/audio_engine.cpp ****     if(peak > 1.0f)
 238:src/audio_engine.cpp ****         ++overrun_count_;
 239:src/audio_engine.cpp **** #endif
 240:src/audio_engine.cpp **** }
 241:src/audio_engine.cpp **** 
 242:src/audio_engine.cpp **** // Case-insensitive substring helper used only while building parameter maps during initialization.
 243:src/audio_engine.cpp **** bool AudioEngine::StringContainsCi(const char* haystack, const char* needle)
  29              		.loc 1 243 6 view -0
  30              		.cfi_startproc
  31              		@ args = 0, pretend = 0, frame = 0
  32              		@ frame_needed = 0, uses_anonymous_args = 0
  33              	.LBB19:
 244:src/audio_engine.cpp **** {
 245:src/audio_engine.cpp ****     if(!haystack || !needle)
 246:src/audio_engine.cpp ****         return false;
 247:src/audio_engine.cpp ****     for(const char* h = haystack; *h; ++h)
  34              		.loc 1 247 35 view .LVU1
  35 0000 0378     		ldrb	r3, [r0]	@ zero_extendqisi2
  36 0002 33B3     		cbz	r3, .L8
  37              	.LBE19:
 243:src/audio_engine.cpp **** {
  38              		.loc 1 243 6 is_stmt 0 view .LVU2
ARM GAS  C:\Users\aydan\AppData\Local\Temp\cckcUN7D.s 			page 6


  39 0004 F0B5     		push	{r4, r5, r6, r7, lr}
  40              		.cfi_def_cfa_offset 20
  41              		.cfi_offset 4, -20
  42              		.cfi_offset 5, -16
  43              		.cfi_offset 6, -12
  44              		.cfi_offset 7, -8
  45              		.cfi_offset 14, -4
  46              	.LVL1:
  47              	.L7:
  48              	.LBB26:
  49              	.LBB20:
 248:src/audio_engine.cpp ****     {
 249:src/audio_engine.cpp ****         const char* h2 = h;
 250:src/audio_engine.cpp ****         const char* n  = needle;
 251:src/audio_engine.cpp ****         while(*h2 && *n)
  50              		.loc 1 251 9 is_stmt 1 view .LVU3
  51              		.loc 1 251 19 view .LVU4
  52              		.loc 1 251 19 is_stmt 0 view .LVU5
  53 0006 8C46     		mov	ip, r1
  54 0008 8646     		mov	lr, r0
  55 000a 0AE0     		b	.L6
  56              	.LVL2:
  57              	.L18:
  58              	.LBB21:
 252:src/audio_engine.cpp ****         {
 253:src/audio_engine.cpp ****             char ch = *h2;
 254:src/audio_engine.cpp ****             char cn = *n;
 255:src/audio_engine.cpp ****             if(ch >= 'A' && ch <= 'Z')
  59              		.loc 1 255 13 view .LVU6
  60 000c 192D     		cmp	r5, #25
 256:src/audio_engine.cpp ****                 ch = (char)(ch - 'A' + 'a');
  61              		.loc 1 256 20 view .LVU7
  62 000e 98BF     		it	ls
  63 0010 FBB2     		uxtbls	r3, r7
  64              	.LVL3:
 257:src/audio_engine.cpp ****             if(cn >= 'A' && cn <= 'Z')
  65              		.loc 1 257 13 is_stmt 1 view .LVU8
  66 0012 192C     		cmp	r4, #25
 258:src/audio_engine.cpp ****                 cn = (char)(cn - 'A' + 'a');
  67              		.loc 1 258 20 is_stmt 0 view .LVU9
  68 0014 98BF     		it	ls
  69 0016 F2B2     		uxtbls	r2, r6
  70              	.LVL4:
 259:src/audio_engine.cpp ****             if(ch != cn)
  71              		.loc 1 259 13 is_stmt 1 view .LVU10
  72 0018 9342     		cmp	r3, r2
  73 001a 14D1     		bne	.L5
  74              	.LBE21:
 251:src/audio_engine.cpp ****         {
  75              		.loc 1 251 15 is_stmt 0 view .LVU11
  76 001c 1EF8013F 		ldrb	r3, [lr, #1]!	@ zero_extendqisi2
  77              	.LVL5:
 251:src/audio_engine.cpp ****         {
  78              		.loc 1 251 19 view .LVU12
  79 0020 6BB1     		cbz	r3, .L17
  80              	.LVL6:
  81              	.L6:
ARM GAS  C:\Users\aydan\AppData\Local\Temp\cckcUN7D.s 			page 7


  82              	.LBB22:
 253:src/audio_engine.cpp ****             char cn = *n;
  83              		.loc 1 253 13 is_stmt 1 view .LVU13
 254:src/audio_engine.cpp ****             if(ch >= 'A' && ch <= 'Z')
  84              		.loc 1 254 13 view .LVU14
 256:src/audio_engine.cpp ****             if(cn >= 'A' && cn <= 'Z')
  85              		.loc 1 256 17 view .LVU15
 258:src/audio_engine.cpp ****             if(ch != cn)
  86              		.loc 1 258 17 view .LVU16
 260:src/audio_engine.cpp ****                 break;
 261:src/audio_engine.cpp ****             ++h2;
  87              		.loc 1 261 13 view .LVU17
 262:src/audio_engine.cpp ****             ++n;
  88              		.loc 1 262 13 view .LVU18
  89              	.LBE22:
 251:src/audio_engine.cpp ****         {
  90              		.loc 1 251 22 is_stmt 0 view .LVU19
  91 0022 1CF8012B 		ldrb	r2, [ip], #1	@ zero_extendqisi2
  92              	.LVL7:
  93              	.LBB23:
 255:src/audio_engine.cpp ****                 ch = (char)(ch - 'A' + 'a');
  94              		.loc 1 255 13 is_stmt 1 view .LVU20
 255:src/audio_engine.cpp ****                 ch = (char)(ch - 'A' + 'a');
  95              		.loc 1 255 13 is_stmt 0 view .LVU21
  96              	.LBE23:
 251:src/audio_engine.cpp ****         {
  97              		.loc 1 251 9 is_stmt 1 view .LVU22
 251:src/audio_engine.cpp ****         {
  98              		.loc 1 251 19 view .LVU23
  99              	.LBB24:
 255:src/audio_engine.cpp ****                 ch = (char)(ch - 'A' + 'a');
 100              		.loc 1 255 13 is_stmt 0 view .LVU24
 101 0026 A3F14105 		sub	r5, r3, #65
 256:src/audio_engine.cpp ****             if(cn >= 'A' && cn <= 'Z')
 102              		.loc 1 256 20 view .LVU25
 103 002a 03F12007 		add	r7, r3, #32
 257:src/audio_engine.cpp ****                 cn = (char)(cn - 'A' + 'a');
 104              		.loc 1 257 13 view .LVU26
 105 002e A2F14104 		sub	r4, r2, #65
 258:src/audio_engine.cpp ****             if(ch != cn)
 106              		.loc 1 258 20 view .LVU27
 107 0032 02F12006 		add	r6, r2, #32
 108              	.LBE24:
 251:src/audio_engine.cpp ****         {
 109              		.loc 1 251 19 view .LVU28
 110 0036 002A     		cmp	r2, #0
 111 0038 E8D1     		bne	.L18
 112              	.LVL8:
 113              	.L10:
 263:src/audio_engine.cpp ****         }
 264:src/audio_engine.cpp ****         if(*n == '\0')
 265:src/audio_engine.cpp ****             return true;
 114              		.loc 1 265 20 view .LVU29
 115 003a 0120     		movs	r0, #1
 116              	.LVL9:
 117              		.loc 1 265 20 view .LVU30
 118              	.LBE20:
ARM GAS  C:\Users\aydan\AppData\Local\Temp\cckcUN7D.s 			page 8


 119              	.LBE26:
 266:src/audio_engine.cpp ****     }
 267:src/audio_engine.cpp ****     return false;
 268:src/audio_engine.cpp **** }
 120              		.loc 1 268 1 view .LVU31
 121 003c F0BD     		pop	{r4, r5, r6, r7, pc}
 122              	.LVL10:
 123              	.L17:
 124              	.LBB27:
 125              	.LBB25:
 264:src/audio_engine.cpp ****             return true;
 126              		.loc 1 264 9 is_stmt 1 view .LVU32
 127 003e 9CF80030 		ldrb	r3, [ip]	@ zero_extendqisi2
 128 0042 002B     		cmp	r3, #0
 129 0044 F9D0     		beq	.L10
 130              	.L5:
 264:src/audio_engine.cpp ****             return true;
 131              		.loc 1 264 9 is_stmt 0 view .LVU33
 132              	.LBE25:
 247:src/audio_engine.cpp ****     {
 133              		.loc 1 247 5 is_stmt 1 view .LVU34
 134              	.LVL11:
 247:src/audio_engine.cpp ****     {
 135              		.loc 1 247 35 view .LVU35
 136 0046 10F8013F 		ldrb	r3, [r0, #1]!	@ zero_extendqisi2
 137              	.LVL12:
 247:src/audio_engine.cpp ****     {
 138              		.loc 1 247 35 is_stmt 0 view .LVU36
 139 004a 002B     		cmp	r3, #0
 140 004c DBD1     		bne	.L7
 141              	.LBE27:
 267:src/audio_engine.cpp **** }
 142              		.loc 1 267 12 view .LVU37
 143 004e 1846     		mov	r0, r3
 144              	.LVL13:
 145              		.loc 1 268 1 view .LVU38
 146 0050 F0BD     		pop	{r4, r5, r6, r7, pc}
 147              	.LVL14:
 148              	.L8:
 149              		.cfi_def_cfa_offset 0
 150              		.cfi_restore 4
 151              		.cfi_restore 5
 152              		.cfi_restore 6
 153              		.cfi_restore 7
 154              		.cfi_restore 14
 267:src/audio_engine.cpp **** }
 155              		.loc 1 267 12 view .LVU39
 156 0052 1846     		mov	r0, r3
 157              	.LVL15:
 158              		.loc 1 268 1 view .LVU40
 159 0054 7047     		bx	lr
 160              		.cfi_endproc
 161              	.LFE2602:
 163 0056 00BF     		.section	.text._ZN3app11AudioEngineC2Ev,"ax",%progbits
 164              		.align	1
 165              		.p2align 2,,3
 166              		.global	_ZN3app11AudioEngineC2Ev
ARM GAS  C:\Users\aydan\AppData\Local\Temp\cckcUN7D.s 			page 9


 167              		.syntax unified
 168              		.thumb
 169              		.thumb_func
 170              		.fpu fpv5-d16
 172              	_ZN3app11AudioEngineC2Ev:
 173              	.LVL16:
 174              	.LFB2568:
   5:src/audio_engine.cpp **** : mailbox_(0),
 175              		.loc 1 5 1 is_stmt 1 view -0
 176              		.cfi_startproc
 177              		@ args = 0, pretend = 0, frame = 0
 178              		@ frame_needed = 0, uses_anonymous_args = 0
 179              	.LBB28:
  63:src/audio_engine.cpp **** #if AUDIO_CPU_LOAD_DEBUG
 180              		.loc 1 63 80 is_stmt 0 view .LVU42
 181 0000 204B     		ldr	r3, .L21
 182 0002 B7EE007A 		vmov.f32	s14, #1.0e+0
 183 0006 9FED206A 		vldr.32	s12, .L21+4
 184 000a 9C46     		mov	ip, r3
 185 000c DFED1F6A 		vldr.32	s13, .L21+8
 186 0010 DFED1F7A 		vldr.32	s15, .L21+12
 187              	.LBE28:
   5:src/audio_engine.cpp **** : mailbox_(0),
 188              		.loc 1 5 1 view .LVU43
 189 0014 F0B5     		push	{r4, r5, r6, r7, lr}
 190              		.cfi_def_cfa_offset 20
 191              		.cfi_offset 4, -20
 192              		.cfi_offset 5, -16
 193              		.cfi_offset 6, -12
 194              		.cfi_offset 7, -8
 195              		.cfi_offset 14, -4
 196              	.LBB29:
  63:src/audio_engine.cpp **** #if AUDIO_CPU_LOAD_DEBUG
 197              		.loc 1 63 80 view .LVU44
 198 0016 0025     		movs	r5, #0
 199              	.LBE29:
   5:src/audio_engine.cpp **** : mailbox_(0),
 200              		.loc 1 5 1 view .LVU45
 201 0018 8646     		mov	lr, r0
 202              	.LBB30:
  63:src/audio_engine.cpp **** #if AUDIO_CPU_LOAD_DEBUG
 203              		.loc 1 63 80 view .LVU46
 204 001a 00F11C04 		add	r4, r0, #28
 205 001e 03F13C06 		add	r6, r3, #60
 206 0022 8561     		str	r5, [r0, #24]
 207 0024 C0E90055 		strd	r5, r5, [r0]
 208 0028 C0E90255 		strd	r5, r5, [r0, #8]
 209 002c C0E90455 		strd	r5, r5, [r0, #16]
 210 0030 BCE80F00 		ldmia	ip!, {r0, r1, r2, r3}
 211              	.LVL17:
  63:src/audio_engine.cpp **** #if AUDIO_CPU_LOAD_DEBUG
 212              		.loc 1 63 80 view .LVU47
 213 0034 0FC4     		stmia	r4!, {r0, r1, r2, r3}
 214 0036 BCE80F00 		ldmia	ip!, {r0, r1, r2, r3}
 215 003a 0FC4     		stmia	r4!, {r0, r1, r2, r3}
 216 003c BCE80F00 		ldmia	ip!, {r0, r1, r2, r3}
 217 0040 0FC4     		stmia	r4!, {r0, r1, r2, r3}
ARM GAS  C:\Users\aydan\AppData\Local\Temp\cckcUN7D.s 			page 10


 218 0042 9CE80700 		ldm	ip, {r0, r1, r2}
 219 0046 84E80700 		stm	r4, {r0, r1, r2}
 220 004a 03CE     		ldmia	r6!, {r0, r1}
 221 004c CEE91655 		strd	r5, r5, [lr, #88]
 222 0050 3388     		ldrh	r3, [r6]	@ unaligned
 223 0052 CEF86200 		str	r0, [lr, #98]	@ unaligned
 224              	.LBE30:
  70:src/audio_engine.cpp **** 
 225              		.loc 1 70 1 view .LVU48
 226 0056 7046     		mov	r0, lr
 227              	.LBB31:
  63:src/audio_engine.cpp **** #if AUDIO_CPU_LOAD_DEBUG
 228              		.loc 1 63 80 view .LVU49
 229 0058 AEF86050 		strh	r5, [lr, #96]	@ movhi
 230 005c 8EED1E6A 		vstr.32	s12, [lr, #120]
 231 0060 CEED1F6A 		vstr.32	s13, [lr, #124]
 232 0064 8EF87450 		strb	r5, [lr, #116]
 233 0068 8EF88050 		strb	r5, [lr, #128]
 234 006c 8EED217A 		vstr.32	s14, [lr, #132]
 235 0070 CEED227A 		vstr.32	s15, [lr, #136]
 236 0074 CEF86610 		str	r1, [lr, #102]	@ unaligned
 237 0078 AEF86A30 		strh	r3, [lr, #106]	@ unaligned
 238 007c CEE91B55 		strd	r5, r5, [lr, #108]
 239              	.LBE31:
  70:src/audio_engine.cpp **** 
 240              		.loc 1 70 1 view .LVU50
 241 0080 F0BD     		pop	{r4, r5, r6, r7, pc}
 242              	.L22:
 243 0082 00BF     		.align	2
 244              	.L21:
 245 0084 00000000 		.word	.LANCHOR0
 246 0088 00000000 		.word	0
 247 008c 8888883B 		.word	998803592
 248 0090 8888083B 		.word	990414984
 249              		.cfi_endproc
 250              	.LFE2568:
 252              		.global	_ZN3app11AudioEngineC1Ev
 253              		.thumb_set _ZN3app11AudioEngineC1Ev,_ZN3app11AudioEngineC2Ev
 254              		.section	.text._ZN3app11AudioEngine16StringContainsCiEPKcS2_,"ax",%progbits
 255              		.align	1
 256              		.p2align 2,,3
 257              		.global	_ZN3app11AudioEngine16StringContainsCiEPKcS2_
 258              		.syntax unified
 259              		.thumb
 260              		.thumb_func
 261              		.fpu fpv5-d16
 263              	_ZN3app11AudioEngine16StringContainsCiEPKcS2_:
 264              	.LVL18:
 265              	.LFB2572:
 244:src/audio_engine.cpp ****     if(!haystack || !needle)
 266              		.loc 1 244 1 is_stmt 1 view -0
 267              		.cfi_startproc
 268              		@ args = 0, pretend = 0, frame = 0
 269              		@ frame_needed = 0, uses_anonymous_args = 0
 270              		@ link register save eliminated.
 245:src/audio_engine.cpp ****         return false;
 271              		.loc 1 245 5 view .LVU52
ARM GAS  C:\Users\aydan\AppData\Local\Temp\cckcUN7D.s 			page 11


 272 0000 10B1     		cbz	r0, .L24
 273 0002 09B1     		cbz	r1, .L24
 274 0004 FFF7FEBF 		b	_ZN3app11AudioEngine16StringContainsCiEPKcS2_.part.0
 275              	.LVL19:
 276              	.L24:
 277              		.loc 1 268 1 is_stmt 0 view .LVU53
 278 0008 0020     		movs	r0, #0
 279              	.LVL20:
 280              		.loc 1 268 1 view .LVU54
 281 000a 7047     		bx	lr
 282              		.cfi_endproc
 283              	.LFE2572:
 285              		.section	.text._ZN3app11AudioEngine19FindParamByKeywordsEPN10bkshepherd16BaseEffectModuleEPKcS5_S5
 286              		.align	1
 287              		.p2align 2,,3
 288              		.global	_ZN3app11AudioEngine19FindParamByKeywordsEPN10bkshepherd16BaseEffectModuleEPKcS5_S5_
 289              		.syntax unified
 290              		.thumb
 291              		.thumb_func
 292              		.fpu fpv5-d16
 294              	_ZN3app11AudioEngine19FindParamByKeywordsEPN10bkshepherd16BaseEffectModuleEPKcS5_S5_:
 295              	.LVL21:
 296              	.LFB2573:
 269:src/audio_engine.cpp **** 
 270:src/audio_engine.cpp **** // Find a module parameter by its display name when the imported module does not expose a better ty
 271:src/audio_engine.cpp **** int AudioEngine::FindParamByKeywords(bkshepherd::BaseEffectModule* fx,
 272:src/audio_engine.cpp ****                                      const char*                   kw1,
 273:src/audio_engine.cpp ****                                      const char*                   kw2,
 274:src/audio_engine.cpp ****                                      const char*                   kw3)
 275:src/audio_engine.cpp **** {
 297              		.loc 1 275 1 is_stmt 1 view -0
 298              		.cfi_startproc
 299              		@ args = 0, pretend = 0, frame = 0
 300              		@ frame_needed = 0, uses_anonymous_args = 0
 276:src/audio_engine.cpp ****     if(!fx)
 301              		.loc 1 276 5 view .LVU56
 275:src/audio_engine.cpp ****     if(!fx)
 302              		.loc 1 275 1 is_stmt 0 view .LVU57
 303 0000 2DE9F047 		push	{r4, r5, r6, r7, r8, r9, r10, lr}
 304              		.cfi_def_cfa_offset 32
 305              		.cfi_offset 4, -32
 306              		.cfi_offset 5, -28
 307              		.cfi_offset 6, -24
 308              		.cfi_offset 7, -20
 309              		.cfi_offset 8, -16
 310              		.cfi_offset 9, -12
 311              		.cfi_offset 10, -8
 312              		.cfi_offset 14, -4
 313              		.loc 1 276 5 view .LVU58
 314 0004 0028     		cmp	r0, #0
 315 0006 3FD0     		beq	.L26
 316 0008 8846     		mov	r8, r1
 317 000a 0746     		mov	r7, r0
 318 000c 9146     		mov	r9, r2
 319 000e 9A46     		mov	r10, r3
 320              	.LBB44:
 277:src/audio_engine.cpp ****         return -1;
ARM GAS  C:\Users\aydan\AppData\Local\Temp\cckcUN7D.s 			page 12


 278:src/audio_engine.cpp ****     for(int i = 0; i < (int)fx->GetParameterCount(); ++i)
 321              		.loc 1 278 13 view .LVU59
 322 0010 0025     		movs	r5, #0
 323 0012 0DE0     		b	.L33
 324              	.LVL22:
 325              	.L35:
 326              	.LBB45:
 327              	.LBB46:
 328              	.LBB47:
 329              		.loc 1 278 13 view .LVU60
 330 0014 4946     		mov	r1, r9
 331 0016 2046     		mov	r0, r4
 332 0018 FFF7FEFF 		bl	_ZN3app11AudioEngine16StringContainsCiEPKcS2_.part.0
 333              	.LVL23:
 334              		.loc 1 278 13 view .LVU61
 335              	.LBE47:
 336              	.LBE46:
 279:src/audio_engine.cpp ****     {
 280:src/audio_engine.cpp ****         const char* name = fx->GetParameterName(i);
 281:src/audio_engine.cpp ****         if(StringContainsCi(name, kw1) || (kw2 && StringContainsCi(name, kw2))
 337              		.loc 1 281 48 view .LVU62
 338 001c 58BB     		cbnz	r0, .L25
 339              	.LVL24:
 282:src/audio_engine.cpp ****            || (kw3 && StringContainsCi(name, kw3)))
 340              		.loc 1 282 12 view .LVU63
 341 001e BAF1000F 		cmp	r10, #0
 342 0022 04D0     		beq	.L31
 343              	.LVL25:
 344              	.LBB49:
 345              	.LBB50:
 346              		.loc 1 282 12 view .LVU64
 347 0024 5146     		mov	r1, r10
 348              	.LVL26:
 349              		.loc 1 282 12 view .LVU65
 350 0026 2046     		mov	r0, r4
 351 0028 FFF7FEFF 		bl	_ZN3app11AudioEngine16StringContainsCiEPKcS2_.part.0
 352              	.LVL27:
 353              		.loc 1 282 12 view .LVU66
 354              	.LBE50:
 355              	.LBE49:
 356              		.loc 1 282 20 view .LVU67
 357 002c 18BB     		cbnz	r0, .L25
 358              	.L31:
 359              		.loc 1 282 20 view .LVU68
 360              	.LBE45:
 278:src/audio_engine.cpp ****     {
 361              		.loc 1 278 5 is_stmt 1 discriminator 5 view .LVU69
 362 002e 0135     		adds	r5, r5, #1
 363              	.LVL28:
 364              	.L33:
 278:src/audio_engine.cpp ****     {
 365              		.loc 1 278 22 discriminator 1 view .LVU70
 278:src/audio_engine.cpp ****     {
 366              		.loc 1 278 50 is_stmt 0 discriminator 1 view .LVU71
 367 0030 3846     		mov	r0, r7
 368 0032 FFF7FEFF 		bl	_ZN10bkshepherd16BaseEffectModule17GetParameterCountEv
 369              	.LVL29:
ARM GAS  C:\Users\aydan\AppData\Local\Temp\cckcUN7D.s 			page 13


 278:src/audio_engine.cpp ****     {
 370              		.loc 1 278 22 discriminator 1 view .LVU72
 371 0036 A842     		cmp	r0, r5
 372 0038 26DD     		ble	.L26
 373              	.LBB56:
 280:src/audio_engine.cpp ****         if(StringContainsCi(name, kw1) || (kw2 && StringContainsCi(name, kw2))
 374              		.loc 1 280 9 is_stmt 1 view .LVU73
 280:src/audio_engine.cpp ****         if(StringContainsCi(name, kw1) || (kw2 && StringContainsCi(name, kw2))
 375              		.loc 1 280 48 is_stmt 0 view .LVU74
 376 003a 2946     		mov	r1, r5
 377 003c 3846     		mov	r0, r7
 378 003e FFF7FEFF 		bl	_ZN10bkshepherd16BaseEffectModule16GetParameterNameEi
 379              	.LVL30:
 281:src/audio_engine.cpp ****            || (kw3 && StringContainsCi(name, kw3)))
 380              		.loc 1 281 9 is_stmt 1 view .LVU75
 381              	.LBB52:
 382              	.LBI52:
 243:src/audio_engine.cpp **** {
 383              		.loc 1 243 6 view .LVU76
 384              	.LBB53:
 245:src/audio_engine.cpp ****         return false;
 385              		.loc 1 245 5 view .LVU77
 245:src/audio_engine.cpp ****         return false;
 386              		.loc 1 245 8 is_stmt 0 view .LVU78
 387 0042 B0FA80F6 		clz	r6, r0
 388 0046 0446     		mov	r4, r0
 389 0048 7609     		lsrs	r6, r6, #5
 245:src/audio_engine.cpp ****         return false;
 390              		.loc 1 245 5 view .LVU79
 391 004a B8F1000F 		cmp	r8, #0
 392 004e 15D0     		beq	.L27
 393 0050 A6B9     		cbnz	r6, .L27
 394 0052 4146     		mov	r1, r8
 395 0054 FFF7FEFF 		bl	_ZN3app11AudioEngine16StringContainsCiEPKcS2_.part.0
 396              	.LVL31:
 245:src/audio_engine.cpp ****         return false;
 397              		.loc 1 245 5 view .LVU80
 398              	.LBE53:
 399              	.LBE52:
 400              		.loc 1 282 12 view .LVU81
 401 0058 68B9     		cbnz	r0, .L25
 402              	.LVL32:
 281:src/audio_engine.cpp ****            || (kw3 && StringContainsCi(name, kw3)))
 403              		.loc 1 281 40 view .LVU82
 404 005a B9F1000F 		cmp	r9, #0
 405 005e D9D1     		bne	.L35
 406              	.LVL33:
 407              	.L30:
 408              	.LBB54:
 409              	.LBI49:
 243:src/audio_engine.cpp **** {
 410              		.loc 1 243 6 is_stmt 1 view .LVU83
 411              	.LBB51:
 245:src/audio_engine.cpp ****         return false;
 412              		.loc 1 245 5 view .LVU84
 413 0060 BAF1000F 		cmp	r10, #0
 414 0064 E3D0     		beq	.L31
ARM GAS  C:\Users\aydan\AppData\Local\Temp\cckcUN7D.s 			page 14


 415 0066 002E     		cmp	r6, #0
 416 0068 E1D1     		bne	.L31
 245:src/audio_engine.cpp ****         return false;
 417              		.loc 1 245 5 is_stmt 0 view .LVU85
 418 006a 5146     		mov	r1, r10
 419 006c 2046     		mov	r0, r4
 420 006e FFF7FEFF 		bl	_ZN3app11AudioEngine16StringContainsCiEPKcS2_.part.0
 421              	.LVL34:
 245:src/audio_engine.cpp ****         return false;
 422              		.loc 1 245 5 view .LVU86
 423              	.LBE51:
 424              	.LBE54:
 425              		.loc 1 282 20 view .LVU87
 426 0072 0028     		cmp	r0, #0
 427 0074 DBD0     		beq	.L31
 428              	.L25:
 429              		.loc 1 282 20 view .LVU88
 430              	.LBE56:
 431              	.LBE44:
 283:src/audio_engine.cpp ****             return i;
 284:src/audio_engine.cpp ****     }
 285:src/audio_engine.cpp ****     return -1;
 286:src/audio_engine.cpp **** }
 432              		.loc 1 286 1 view .LVU89
 433 0076 2846     		mov	r0, r5
 434 0078 BDE8F087 		pop	{r4, r5, r6, r7, r8, r9, r10, pc}
 435              	.LVL35:
 436              	.L27:
 437              	.LBB58:
 438              	.LBB57:
 281:src/audio_engine.cpp ****            || (kw3 && StringContainsCi(name, kw3)))
 439              		.loc 1 281 40 view .LVU90
 440 007c B9F1000F 		cmp	r9, #0
 441 0080 EED0     		beq	.L30
 442              	.LVL36:
 443              	.LBB55:
 444              	.LBI46:
 243:src/audio_engine.cpp **** {
 445              		.loc 1 243 6 is_stmt 1 view .LVU91
 446              	.LBB48:
 245:src/audio_engine.cpp ****         return false;
 447              		.loc 1 245 5 view .LVU92
 448 0082 002C     		cmp	r4, #0
 449 0084 D3D0     		beq	.L31
 450 0086 C5E7     		b	.L35
 451              	.LVL37:
 452              	.L26:
 245:src/audio_engine.cpp ****         return false;
 453              		.loc 1 245 5 is_stmt 0 view .LVU93
 454              	.LBE48:
 455              	.LBE55:
 456              	.LBE57:
 457              	.LBE58:
 277:src/audio_engine.cpp ****     for(int i = 0; i < (int)fx->GetParameterCount(); ++i)
 458              		.loc 1 277 17 view .LVU94
 459 0088 4FF0FF35 		mov	r5, #-1
 460              		.loc 1 286 1 view .LVU95
ARM GAS  C:\Users\aydan\AppData\Local\Temp\cckcUN7D.s 			page 15


 461 008c 2846     		mov	r0, r5
 462 008e BDE8F087 		pop	{r4, r5, r6, r7, r8, r9, r10, pc}
 463              		.cfi_endproc
 464              	.LFE2573:
 466 0092 00BF     		.section	.text._ZN3app11AudioEngine19FallbackParamForPotEPN10bkshepherd16BaseEffectModuleEi,"ax",%
 467              		.align	1
 468              		.p2align 2,,3
 469              		.global	_ZN3app11AudioEngine19FallbackParamForPotEPN10bkshepherd16BaseEffectModuleEi
 470              		.syntax unified
 471              		.thumb
 472              		.thumb_func
 473              		.fpu fpv5-d16
 475              	_ZN3app11AudioEngine19FallbackParamForPotEPN10bkshepherd16BaseEffectModuleEi:
 476              	.LVL38:
 477              	.LFB2574:
 287:src/audio_engine.cpp **** 
 288:src/audio_engine.cpp **** // Fall back to the module-defined knob mapping, then to positional parameters, preserving old modu
 289:src/audio_engine.cpp **** int AudioEngine::FallbackParamForPot(bkshepherd::BaseEffectModule* fx,
 290:src/audio_engine.cpp ****                                      int                           pot_idx)
 291:src/audio_engine.cpp **** {
 478              		.loc 1 291 1 is_stmt 1 view -0
 479              		.cfi_startproc
 480              		@ args = 0, pretend = 0, frame = 0
 481              		@ frame_needed = 0, uses_anonymous_args = 0
 292:src/audio_engine.cpp ****     if(!fx)
 482              		.loc 1 292 5 view .LVU97
 483 0000 88B1     		cbz	r0, .L55
 293:src/audio_engine.cpp ****         return -1;
 294:src/audio_engine.cpp ****     const int pid = fx->GetMappedParameterIDForKnob(pot_idx);
 484              		.loc 1 294 5 view .LVU98
 291:src/audio_engine.cpp ****     if(!fx)
 485              		.loc 1 291 1 is_stmt 0 view .LVU99
 486 0002 38B5     		push	{r3, r4, r5, lr}
 487              		.cfi_def_cfa_offset 16
 488              		.cfi_offset 3, -16
 489              		.cfi_offset 4, -12
 490              		.cfi_offset 5, -8
 491              		.cfi_offset 14, -4
 492 0004 0446     		mov	r4, r0
 493 0006 0D46     		mov	r5, r1
 494              		.loc 1 294 52 view .LVU100
 495 0008 FFF7FEFF 		bl	_ZN10bkshepherd16BaseEffectModule27GetMappedParameterIDForKnobEi
 496              	.LVL39:
 295:src/audio_engine.cpp ****     if(pid >= 0)
 497              		.loc 1 295 5 is_stmt 1 view .LVU101
 498 000c 0028     		cmp	r0, #0
 499              		.loc 1 295 5 is_stmt 0 view .LVU102
 500 000e 00DB     		blt	.L56
 296:src/audio_engine.cpp ****         return pid;
 297:src/audio_engine.cpp ****     return pot_idx < (int)fx->GetParameterCount() ? pot_idx : -1;
 298:src/audio_engine.cpp **** }
 501              		.loc 1 298 1 view .LVU103
 502 0010 38BD     		pop	{r3, r4, r5, pc}
 503              	.LVL40:
 504              	.L56:
 297:src/audio_engine.cpp **** }
 505              		.loc 1 297 5 is_stmt 1 view .LVU104
ARM GAS  C:\Users\aydan\AppData\Local\Temp\cckcUN7D.s 			page 16


 297:src/audio_engine.cpp **** }
 506              		.loc 1 297 48 is_stmt 0 view .LVU105
 507 0012 2046     		mov	r0, r4
 508              	.LVL41:
 297:src/audio_engine.cpp **** }
 509              		.loc 1 297 48 view .LVU106
 510 0014 FFF7FEFF 		bl	_ZN10bkshepherd16BaseEffectModule17GetParameterCountEv
 511              	.LVL42:
 297:src/audio_engine.cpp **** }
 512              		.loc 1 297 51 view .LVU107
 513 0018 A842     		cmp	r0, r5
 514 001a 01DD     		ble	.L51
 515 001c 2846     		mov	r0, r5
 516              		.loc 1 298 1 view .LVU108
 517 001e 38BD     		pop	{r3, r4, r5, pc}
 518              	.LVL43:
 519              	.L51:
 293:src/audio_engine.cpp ****     const int pid = fx->GetMappedParameterIDForKnob(pot_idx);
 520              		.loc 1 293 17 view .LVU109
 521 0020 4FF0FF30 		mov	r0, #-1
 522              		.loc 1 298 1 view .LVU110
 523 0024 38BD     		pop	{r3, r4, r5, pc}
 524              	.LVL44:
 525              	.L55:
 526              		.cfi_def_cfa_offset 0
 527              		.cfi_restore 3
 528              		.cfi_restore 4
 529              		.cfi_restore 5
 530              		.cfi_restore 14
 293:src/audio_engine.cpp ****     const int pid = fx->GetMappedParameterIDForKnob(pot_idx);
 531              		.loc 1 293 17 view .LVU111
 532 0026 4FF0FF30 		mov	r0, #-1
 533              	.LVL45:
 534              		.loc 1 298 1 view .LVU112
 535 002a 7047     		bx	lr
 536              		.cfi_endproc
 537              	.LFE2574:
 539              		.section	.text._ZN3app11AudioEngine10U16ToFloatEt,"ax",%progbits
 540              		.align	1
 541              		.p2align 2,,3
 542              		.global	_ZN3app11AudioEngine10U16ToFloatEt
 543              		.syntax unified
 544              		.thumb
 545              		.thumb_func
 546              		.fpu fpv5-d16
 548              	_ZN3app11AudioEngine10U16ToFloatEt:
 549              	.LVL46:
 550              	.LFB2575:
 299:src/audio_engine.cpp **** 
 300:src/audio_engine.cpp **** float AudioEngine::U16ToFloat(uint16_t value)
 301:src/audio_engine.cpp **** {
 551              		.loc 1 301 1 is_stmt 1 view -0
 552              		.cfi_startproc
 553              		@ args = 0, pretend = 0, frame = 0
 554              		@ frame_needed = 0, uses_anonymous_args = 0
 555              		@ link register save eliminated.
 302:src/audio_engine.cpp ****     return (float)value / 65535.0f;
ARM GAS  C:\Users\aydan\AppData\Local\Temp\cckcUN7D.s 			page 17


 556              		.loc 1 302 5 view .LVU114
 557              		.loc 1 302 12 is_stmt 0 view .LVU115
 558 0000 07EE900A 		vmov	s15, r0	@ int
 559              		.loc 1 302 27 view .LVU116
 560 0004 9FED030A 		vldr.32	s0, .L58
 561              		.loc 1 302 12 view .LVU117
 562 0008 F8EE677A 		vcvt.f32.u32	s15, s15
 303:src/audio_engine.cpp **** }
 563              		.loc 1 303 1 view .LVU118
 564 000c 87EE800A 		vdiv.f32	s0, s15, s0
 565 0010 7047     		bx	lr
 566              	.L59:
 567 0012 00BF     		.align	2
 568              	.L58:
 569 0014 00FF7F47 		.word	1199570688
 570              		.cfi_endproc
 571              	.LFE2575:
 573              		.section	.text._ZN3app11AudioEngine11ClampOutputEf,"ax",%progbits
 574              		.align	1
 575              		.p2align 2,,3
 576              		.global	_ZN3app11AudioEngine11ClampOutputEf
 577              		.syntax unified
 578              		.thumb
 579              		.thumb_func
 580              		.fpu fpv5-d16
 582              	_ZN3app11AudioEngine11ClampOutputEf:
 583              	.LVL47:
 584              	.LFB2576:
 304:src/audio_engine.cpp **** 
 305:src/audio_engine.cpp **** // Preserve the existing simple output limiter so summed dry/wet transitions cannot exceed the expe
 306:src/audio_engine.cpp **** float AudioEngine::ClampOutput(float value)
 307:src/audio_engine.cpp **** {
 585              		.loc 1 307 1 is_stmt 1 view -0
 586              		.cfi_startproc
 587              		@ args = 0, pretend = 0, frame = 0
 588              		@ frame_needed = 0, uses_anonymous_args = 0
 589              		@ link register save eliminated.
 308:src/audio_engine.cpp ****     return value < -0.95f ? -0.95f : (value > 0.95f ? 0.95f : value);
 590              		.loc 1 308 5 view .LVU120
 591              		.loc 1 308 27 is_stmt 0 view .LVU121
 592 0000 DFED097A 		vldr.32	s15, .L64
 593 0004 B4EEE70A 		vcmpe.f32	s0, s15
 594 0008 F1EE10FA 		vmrs	APSR_nzcv, FPSCR
 595 000c 08D4     		bmi	.L62
 596              		.loc 1 308 53 discriminator 2 view .LVU122
 597 000e 9FED077A 		vldr.32	s14, .L64+4
 598 0012 B4EEC70A 		vcmpe.f32	s0, s14
 599 0016 F1EE10FA 		vmrs	APSR_nzcv, FPSCR
 600 001a 37FE000A 		vselgt.f32	s0, s14, s0
 601              	.LVL48:
 602              		.loc 1 308 53 discriminator 2 view .LVU123
 603 001e 7047     		bx	lr
 604              	.LVL49:
 605              	.L62:
 606              		.loc 1 308 27 view .LVU124
 607 0020 B0EE670A 		vmov.f32	s0, s15
 608              	.LVL50:
ARM GAS  C:\Users\aydan\AppData\Local\Temp\cckcUN7D.s 			page 18


 309:src/audio_engine.cpp **** }
 609              		.loc 1 309 1 view .LVU125
 610 0024 7047     		bx	lr
 611              	.L65:
 612 0026 00BF     		.align	2
 613              	.L64:
 614 0028 333373BF 		.word	-1082969293
 615 002c 3333733F 		.word	1064514355
 616              		.cfi_endproc
 617              	.LFE2576:
 619              		.section	.text._ZN3app11AudioEngine14BuildParamMapsEv,"ax",%progbits
 620              		.align	1
 621              		.p2align 2,,3
 622              		.global	_ZN3app11AudioEngine14BuildParamMapsEv
 623              		.syntax unified
 624              		.thumb
 625              		.thumb_func
 626              		.fpu fpv5-d16
 628              	_ZN3app11AudioEngine14BuildParamMapsEv:
 629              	.LVL51:
 630              	.LFB2577:
 310:src/audio_engine.cpp **** 
 311:src/audio_engine.cpp **** // Map the three pots to the parameters that make sense for each effect.
 312:src/audio_engine.cpp **** // Granular delay uses explicit parameter IDs so the mapping stays obvious.
 313:src/audio_engine.cpp **** void AudioEngine::BuildParamMaps()
 314:src/audio_engine.cpp **** {
 631              		.loc 1 314 1 is_stmt 1 view -0
 632              		.cfi_startproc
 633              		@ args = 0, pretend = 0, frame = 0
 634              		@ frame_needed = 0, uses_anonymous_args = 0
 635              		@ link register save eliminated.
 315:src/audio_engine.cpp **** #if DIAG_FX_CHORUS
 316:src/audio_engine.cpp ****     maps_[config::FX_CHORUS].p0
 317:src/audio_engine.cpp ****         = FindParamByKeywords(&chorus_, "mix", "wet", 0);
 318:src/audio_engine.cpp ****     maps_[config::FX_CHORUS].p1
 319:src/audio_engine.cpp ****         = FindParamByKeywords(&chorus_, "rate", "speed", "freq");
 320:src/audio_engine.cpp ****     maps_[config::FX_CHORUS].p2 = FindParamByKeywords(&chorus_, "depth", 0, 0);
 321:src/audio_engine.cpp ****     if(maps_[config::FX_CHORUS].p0 < 0)
 322:src/audio_engine.cpp ****         maps_[config::FX_CHORUS].p0 = FallbackParamForPot(&chorus_, 0);
 323:src/audio_engine.cpp ****     if(maps_[config::FX_CHORUS].p1 < 0)
 324:src/audio_engine.cpp ****         maps_[config::FX_CHORUS].p1 = FallbackParamForPot(&chorus_, 1);
 325:src/audio_engine.cpp ****     if(maps_[config::FX_CHORUS].p2 < 0)
 326:src/audio_engine.cpp ****         maps_[config::FX_CHORUS].p2 = FallbackParamForPot(&chorus_, 2);
 327:src/audio_engine.cpp **** #endif
 328:src/audio_engine.cpp **** 
 329:src/audio_engine.cpp **** #if DIAG_FX_REVERB
 330:src/audio_engine.cpp ****     maps_[config::FX_REVERB].p0
 331:src/audio_engine.cpp ****         = FindParamByKeywords(&reverb_, "mix", "wet", 0);
 332:src/audio_engine.cpp ****     maps_[config::FX_REVERB].p1
 333:src/audio_engine.cpp ****         = FindParamByKeywords(&reverb_, "time", "decay", "feedback");
 334:src/audio_engine.cpp ****     maps_[config::FX_REVERB].p2
 335:src/audio_engine.cpp ****         = FindParamByKeywords(&reverb_, "lpfreq", "damp", "tone");
 336:src/audio_engine.cpp ****     if(maps_[config::FX_REVERB].p0 < 0)
 337:src/audio_engine.cpp ****         maps_[config::FX_REVERB].p0 = FallbackParamForPot(&reverb_, 0);
 338:src/audio_engine.cpp ****     if(maps_[config::FX_REVERB].p1 < 0)
 339:src/audio_engine.cpp ****         maps_[config::FX_REVERB].p1 = FallbackParamForPot(&reverb_, 1);
 340:src/audio_engine.cpp ****     if(maps_[config::FX_REVERB].p2 < 0)
ARM GAS  C:\Users\aydan\AppData\Local\Temp\cckcUN7D.s 			page 19


 341:src/audio_engine.cpp ****         maps_[config::FX_REVERB].p2 = FallbackParamForPot(&reverb_, 2);
 342:src/audio_engine.cpp **** #endif
 343:src/audio_engine.cpp **** 
 344:src/audio_engine.cpp **** #if DIAG_FX_CRUSHER
 345:src/audio_engine.cpp ****     maps_[config::FX_CRUSHER].p0
 346:src/audio_engine.cpp ****         = FindParamByKeywords(&crusher_, "level", "gain", "volume");
 347:src/audio_engine.cpp ****     maps_[config::FX_CRUSHER].p1
 348:src/audio_engine.cpp ****         = FindParamByKeywords(&crusher_, "bits", "crush", "depth");
 349:src/audio_engine.cpp ****     maps_[config::FX_CRUSHER].p2
 350:src/audio_engine.cpp ****         = FindParamByKeywords(&crusher_, "cutoff", "filter", "tone");
 351:src/audio_engine.cpp ****     if(maps_[config::FX_CRUSHER].p0 < 0)
 352:src/audio_engine.cpp ****         maps_[config::FX_CRUSHER].p0 = FallbackParamForPot(&crusher_, 0);
 353:src/audio_engine.cpp ****     if(maps_[config::FX_CRUSHER].p1 < 0)
 354:src/audio_engine.cpp ****         maps_[config::FX_CRUSHER].p1 = FallbackParamForPot(&crusher_, 1);
 355:src/audio_engine.cpp ****     if(maps_[config::FX_CRUSHER].p2 < 0)
 356:src/audio_engine.cpp ****         maps_[config::FX_CRUSHER].p2 = FallbackParamForPot(&crusher_, 2);
 357:src/audio_engine.cpp **** #endif
 358:src/audio_engine.cpp **** 
 359:src/audio_engine.cpp **** #if DIAG_FX_GRANULAR
 360:src/audio_engine.cpp ****     maps_[config::FX_GRANULAR_DELAY].p0 = bkshepherd::GranularDelayModule::SIZE;
 361:src/audio_engine.cpp ****     maps_[config::FX_GRANULAR_DELAY].p1 = bkshepherd::GranularDelayModule::MIX;
 362:src/audio_engine.cpp ****     maps_[config::FX_GRANULAR_DELAY].p2
 363:src/audio_engine.cpp ****         = bkshepherd::GranularDelayModule::PITCH;
 364:src/audio_engine.cpp **** #endif
 365:src/audio_engine.cpp **** }
 636              		.loc 1 365 1 is_stmt 0 view .LVU127
 637 0000 7047     		bx	lr
 638              		.cfi_endproc
 639              	.LFE2577:
 641 0002 00BF     		.section	.text._ZN3app11AudioEngine22ApplySnapshotIfChangedEv,"ax",%progbits
 642              		.align	1
 643              		.p2align 2,,3
 644              		.global	_ZN3app11AudioEngine22ApplySnapshotIfChangedEv
 645              		.syntax unified
 646              		.thumb
 647              		.thumb_func
 648              		.fpu fpv5-d16
 650              	_ZN3app11AudioEngine22ApplySnapshotIfChangedEv:
 651              	.LVL52:
 652              	.LFB2578:
 366:src/audio_engine.cpp **** 
 367:src/audio_engine.cpp **** // The main loop publishes requested state into the mailbox; the audio thread
 368:src/audio_engine.cpp **** // consumes it here and only re-applies parameters when the revision changes.
 369:src/audio_engine.cpp **** void AudioEngine::ApplySnapshotIfChanged()
 370:src/audio_engine.cpp **** {
 653              		.loc 1 370 1 is_stmt 1 view -0
 654              		.cfi_startproc
 655              		@ args = 0, pretend = 0, frame = 24
 656              		@ frame_needed = 0, uses_anonymous_args = 0
 371:src/audio_engine.cpp ****     if(!mailbox_)
 657              		.loc 1 371 5 view .LVU129
 370:src/audio_engine.cpp ****     if(!mailbox_)
 658              		.loc 1 370 1 is_stmt 0 view .LVU130
 659 0000 F0B5     		push	{r4, r5, r6, r7, lr}
 660              		.cfi_def_cfa_offset 20
 661              		.cfi_offset 4, -20
 662              		.cfi_offset 5, -16
ARM GAS  C:\Users\aydan\AppData\Local\Temp\cckcUN7D.s 			page 20


 663              		.cfi_offset 6, -12
 664              		.cfi_offset 7, -8
 665              		.cfi_offset 14, -4
 666              		.loc 1 371 9 view .LVU131
 667 0002 0468     		ldr	r4, [r0]
 370:src/audio_engine.cpp ****     if(!mailbox_)
 668              		.loc 1 370 1 view .LVU132
 669 0004 87B0     		sub	sp, sp, #28
 670              		.cfi_def_cfa_offset 48
 671              		.loc 1 371 5 view .LVU133
 672 0006 2CB1     		cbz	r4, .L67
 372:src/audio_engine.cpp ****         return;
 373:src/audio_engine.cpp **** 
 374:src/audio_engine.cpp ****     ControlSnapshot snapshot;
 673              		.loc 1 374 5 is_stmt 1 view .LVU134
 375:src/audio_engine.cpp ****     uint32_t        revision = mailbox_revision_;
 674              		.loc 1 375 5 view .LVU135
 675              	.LVL53:
 376:src/audio_engine.cpp ****     if(!mailbox_->Read(snapshot, revision) || revision == mailbox_revision_)
 676              		.loc 1 376 5 view .LVU136
 677              	.LBB63:
 678              	.LBI63:
 679              		.file 2 "src/control_mailbox.h"
   1:src/control_mailbox.h **** #pragma once
   2:src/control_mailbox.h **** 
   3:src/control_mailbox.h **** #include "app_config.h"
   4:src/control_mailbox.h **** 
   5:src/control_mailbox.h **** #include <stdint.h>
   6:src/control_mailbox.h **** #include <type_traits>
   7:src/control_mailbox.h **** 
   8:src/control_mailbox.h **** namespace app
   9:src/control_mailbox.h **** {
  10:src/control_mailbox.h **** 
  11:src/control_mailbox.h **** enum class SystemMode : uint8_t
  12:src/control_mailbox.h **** {
  13:src/control_mailbox.h ****     Normal = 0,
  14:src/control_mailbox.h ****     ThermalShutdown = 1
  15:src/control_mailbox.h **** };
  16:src/control_mailbox.h **** 
  17:src/control_mailbox.h **** // Compact requested-control state crossing from the foreground loop into the
  18:src/control_mailbox.h **** // audio interrupt. Keep this trivially copyable and small so a seqlock retry is
  19:src/control_mailbox.h **** // cheap and no dynamic allocation or mutex is needed.
  20:src/control_mailbox.h **** struct ControlSnapshot
  21:src/control_mailbox.h **** {
  22:src/control_mailbox.h ****     uint8_t effect;
  23:src/control_mailbox.h ****     uint8_t bypass;
  24:src/control_mailbox.h ****     uint8_t system_mode;
  25:src/control_mailbox.h ****     uint8_t reserved;
  26:src/control_mailbox.h ****     uint16_t parameters[config::kPhysicalPotCount];
  27:src/control_mailbox.h **** };
  28:src/control_mailbox.h **** 
  29:src/control_mailbox.h **** static_assert(std::is_trivially_copyable<ControlSnapshot>::value, "ControlSnapshot must be copied b
  30:src/control_mailbox.h **** static_assert(sizeof(ControlSnapshot) <= 16, "ControlSnapshot must stay small for interrupt transfe
  31:src/control_mailbox.h **** static_assert(sizeof(ControlSnapshot) == 10, "ControlSnapshot layout changed unexpectedly");
  32:src/control_mailbox.h **** 
  33:src/control_mailbox.h **** // Single-writer/single-reader mailbox for the main loop -> audio callback handoff.
  34:src/control_mailbox.h **** // The main loop is the only writer, and the audio interrupt is the only reader.
ARM GAS  C:\Users\aydan\AppData\Local\Temp\cckcUN7D.s 			page 21


  35:src/control_mailbox.h **** class ControlMailbox
  36:src/control_mailbox.h **** {
  37:src/control_mailbox.h ****   public:
  38:src/control_mailbox.h ****     ControlMailbox();
  39:src/control_mailbox.h **** 
  40:src/control_mailbox.h ****     // Publish() is called from the main loop after controls have been filtered and
  41:src/control_mailbox.h ****     // debounced. It marks the sequence odd while the payload is being copied.
  42:src/control_mailbox.h ****     void Publish(const ControlSnapshot& snapshot);
  43:src/control_mailbox.h **** 
  44:src/control_mailbox.h ****     // Read() is called once at the beginning of an audio block. It returns false
  45:src/control_mailbox.h ****     // if publication is in progress, allowing the callback to keep its last valid
  46:src/control_mailbox.h ****     // snapshot without blocking.
  47:src/control_mailbox.h ****     bool Read(ControlSnapshot& out, uint32_t& out_revision) const;
  48:src/control_mailbox.h **** 
  49:src/control_mailbox.h ****   private:
  50:src/control_mailbox.h ****     uint32_t sequence_;
  51:src/control_mailbox.h ****     ControlSnapshot snapshot_;
  52:src/control_mailbox.h **** };
  53:src/control_mailbox.h **** 
  54:src/control_mailbox.h **** inline ControlMailbox::ControlMailbox()
  55:src/control_mailbox.h **** : sequence_(0),
  56:src/control_mailbox.h ****   snapshot_{config::FX_TUNER, 0, (uint8_t)SystemMode::Normal, 0, {0, 0, 0}}
  57:src/control_mailbox.h **** {
  58:src/control_mailbox.h **** }
  59:src/control_mailbox.h **** 
  60:src/control_mailbox.h **** // GCC atomics provide the compiler and CPU barriers needed for the callback to
  61:src/control_mailbox.h **** // reject in-progress or torn snapshots. The sequence is even when stable and odd
  62:src/control_mailbox.h **** // while the writer is updating the payload.
  63:src/control_mailbox.h **** inline void ControlMailbox::Publish(const ControlSnapshot& snapshot)
  64:src/control_mailbox.h **** {
  65:src/control_mailbox.h ****     const uint32_t start = __atomic_load_n(&sequence_, __ATOMIC_RELAXED);
  66:src/control_mailbox.h ****     __atomic_store_n(&sequence_, start | 1u, __ATOMIC_RELEASE);
  67:src/control_mailbox.h ****     snapshot_ = snapshot;
  68:src/control_mailbox.h ****     __atomic_store_n(&sequence_, (start + 2u) & ~1u, __ATOMIC_RELEASE);
  69:src/control_mailbox.h **** }
  70:src/control_mailbox.h **** 
  71:src/control_mailbox.h **** inline bool ControlMailbox::Read(ControlSnapshot& out, uint32_t& out_revision) const
 680              		.loc 2 71 13 view .LVU137
 681              	.LBB64:
  72:src/control_mailbox.h **** {
  73:src/control_mailbox.h ****     const uint32_t before = __atomic_load_n(&sequence_, __ATOMIC_ACQUIRE);
 682              		.loc 2 73 5 view .LVU138
 683              		.loc 2 73 73 is_stmt 0 view .LVU139
 684 0008 2568     		ldr	r5, [r4]
 685 000a BFF35B8F 		dmb	ish
 686              	.LVL54:
  74:src/control_mailbox.h ****     if(before & 1u)
 687              		.loc 2 74 5 is_stmt 1 view .LVU140
 688 000e 15F00106 		ands	r6, r5, #1
 689 0012 01D0     		beq	.L88
 690              	.LVL55:
 691              	.L67:
 692              		.loc 2 74 5 is_stmt 0 view .LVU141
 693              	.LBE64:
 694              	.LBE63:
 377:src/audio_engine.cpp ****         return;
 378:src/audio_engine.cpp **** 
ARM GAS  C:\Users\aydan\AppData\Local\Temp\cckcUN7D.s 			page 22


 379:src/audio_engine.cpp ****     mailbox_revision_ = revision;
 380:src/audio_engine.cpp ****     current_          = snapshot;
 381:src/audio_engine.cpp **** #if DIAG_STAGE != DIAG_STAGE_PRODUCTION
 382:src/audio_engine.cpp ****     current_.effect = (uint8_t)DIAG_FORCE_EFFECT;
 383:src/audio_engine.cpp ****     current_.bypass = 0;
 384:src/audio_engine.cpp **** #endif
 385:src/audio_engine.cpp **** #if DIAG_ENFORCE_THERMAL_AUDIO_SHUTDOWN
 386:src/audio_engine.cpp ****     if(current_.system_mode == (uint8_t)SystemMode::ThermalShutdown)
 387:src/audio_engine.cpp ****     {
 388:src/audio_engine.cpp ****         BeginThermalShutdown();
 389:src/audio_engine.cpp ****         return;
 390:src/audio_engine.cpp ****     }
 391:src/audio_engine.cpp ****     if(thermal_audio_state_ != THERMAL_AUDIO_NORMAL)
 392:src/audio_engine.cpp ****         return;
 393:src/audio_engine.cpp **** #endif
 394:src/audio_engine.cpp ****     if(current_.effect >= config::FX_COUNT)
 395:src/audio_engine.cpp ****         current_.effect = config::FX_TUNER;
 396:src/audio_engine.cpp **** 
 397:src/audio_engine.cpp ****     const bool effect_changed = current_.effect != applied_.effect;
 398:src/audio_engine.cpp ****     const bool params_changed
 399:src/audio_engine.cpp ****         = current_.parameters[0] != applied_.parameters[0]
 400:src/audio_engine.cpp ****           || current_.parameters[1] != applied_.parameters[1]
 401:src/audio_engine.cpp ****           || current_.parameters[2] != applied_.parameters[2];
 402:src/audio_engine.cpp **** 
 403:src/audio_engine.cpp **** #if DIAG_ENGINE_PROCESS_FX
 404:src/audio_engine.cpp ****     if(params_changed || effect_changed)
 405:src/audio_engine.cpp ****         ApplyParameters(current_.effect, current_.parameters);
 406:src/audio_engine.cpp **** #else
 407:src/audio_engine.cpp ****     (void)params_changed;
 408:src/audio_engine.cpp ****     (void)effect_changed;
 409:src/audio_engine.cpp **** #endif
 410:src/audio_engine.cpp **** 
 411:src/audio_engine.cpp **** #if DIAG_ENGINE_TRANSITIONS
 412:src/audio_engine.cpp ****     if(current_.effect != pending_effect_
 413:src/audio_engine.cpp ****        || (current_.bypass != 0) != pending_bypass_)
 414:src/audio_engine.cpp ****         StartTransition(current_.effect, current_.bypass != 0);
 415:src/audio_engine.cpp **** #endif
 416:src/audio_engine.cpp **** 
 417:src/audio_engine.cpp ****     applied_ = current_;
 418:src/audio_engine.cpp **** }
 695              		.loc 1 418 1 view .LVU142
 696 0014 07B0     		add	sp, sp, #28
 697              		.cfi_remember_state
 698              		.cfi_def_cfa_offset 20
 699              		@ sp needed
 700 0016 F0BD     		pop	{r4, r5, r6, r7, pc}
 701              	.LVL56:
 702              	.L88:
 703              		.cfi_restore_state
 704              	.LBB68:
 705              	.LBB65:
  75:src/control_mailbox.h ****         return false;
  76:src/control_mailbox.h **** 
  77:src/control_mailbox.h ****     const ControlSnapshot copy = snapshot_;
 706              		.loc 2 77 27 view .LVU143
 707 0018 0DF10C0E 		add	lr, sp, #12
 708 001c 221D     		adds	r2, r4, #4
ARM GAS  C:\Users\aydan\AppData\Local\Temp\cckcUN7D.s 			page 23


 709 001e 0346     		mov	r3, r0
 710              		.loc 2 77 5 is_stmt 1 view .LVU144
 711              		.loc 2 77 27 is_stmt 0 view .LVU145
 712 0020 F446     		mov	ip, lr
 713 0022 07CA     		ldm	r2, {r0, r1, r2}
 714              	.LVL57:
 715              		.loc 2 77 27 view .LVU146
 716 0024 ACE80300 		stmia	ip!, {r0, r1}
 717 0028 ACF80020 		strh	r2, [ip]	@ movhi
  78:src/control_mailbox.h ****     const uint32_t after = __atomic_load_n(&sequence_, __ATOMIC_ACQUIRE);
 718              		.loc 2 78 5 is_stmt 1 view .LVU147
 719              		.loc 2 78 72 is_stmt 0 view .LVU148
 720 002c 2268     		ldr	r2, [r4]
 721 002e BFF35B8F 		dmb	ish
 722              	.LVL58:
  79:src/control_mailbox.h ****     if(before != after || (after & 1u))
 723              		.loc 2 79 5 is_stmt 1 view .LVU149
 724 0032 9542     		cmp	r5, r2
 725 0034 EED1     		bne	.L67
  80:src/control_mailbox.h ****         return false;
  81:src/control_mailbox.h **** 
  82:src/control_mailbox.h ****     out = copy;
 726              		.loc 2 82 5 view .LVU150
 727              		.loc 2 82 9 is_stmt 0 view .LVU151
 728 0036 EC46     		mov	ip, sp
 729              	.LBE65:
 730              	.LBE68:
 376:src/audio_engine.cpp ****         return;
 731              		.loc 1 376 44 view .LVU152
 732 0038 DC6E     		ldr	r4, [r3, #108]
 733              	.LVL59:
 734              	.LBB69:
 735              	.LBB66:
 736              		.loc 2 82 9 view .LVU153
 737 003a 9EE80700 		ldm	lr, {r0, r1, r2}
 738              	.LVL60:
 739              		.loc 2 82 9 view .LVU154
 740 003e 6746     		mov	r7, ip
 741              	.LBE66:
 742              	.LBE69:
 376:src/audio_engine.cpp ****         return;
 743              		.loc 1 376 44 view .LVU155
 744 0040 AC42     		cmp	r4, r5
 745              	.LBB70:
 746              	.LBB67:
 747              		.loc 2 82 9 view .LVU156
 748 0042 03C7     		stmia	r7!, {r0, r1}
 749 0044 3A80     		strh	r2, [r7]	@ movhi
  83:src/control_mailbox.h ****     out_revision = after;
 750              		.loc 2 83 5 is_stmt 1 view .LVU157
 751              	.LVL61:
  84:src/control_mailbox.h ****     return true;
 752              		.loc 2 84 5 view .LVU158
 753              		.loc 2 84 5 is_stmt 0 view .LVU159
 754              	.LBE67:
 755              	.LBE70:
 376:src/audio_engine.cpp ****         return;
ARM GAS  C:\Users\aydan\AppData\Local\Temp\cckcUN7D.s 			page 24


 756              		.loc 1 376 44 view .LVU160
 757 0046 E5D0     		beq	.L67
 379:src/audio_engine.cpp ****     current_          = snapshot;
 758              		.loc 1 379 5 is_stmt 1 view .LVU161
 380:src/audio_engine.cpp **** #if DIAG_STAGE != DIAG_STAGE_PRODUCTION
 759              		.loc 1 380 23 is_stmt 0 view .LVU162
 760 0048 03F15804 		add	r4, r3, #88
 379:src/audio_engine.cpp ****     current_          = snapshot;
 761              		.loc 1 379 23 view .LVU163
 762 004c DD66     		str	r5, [r3, #108]
 380:src/audio_engine.cpp **** #if DIAG_STAGE != DIAG_STAGE_PRODUCTION
 763              		.loc 1 380 5 is_stmt 1 view .LVU164
 380:src/audio_engine.cpp **** #if DIAG_STAGE != DIAG_STAGE_PRODUCTION
 764              		.loc 1 380 23 is_stmt 0 view .LVU165
 765 004e 9CE80700 		ldm	ip, {r0, r1, r2}
 766 0052 2546     		mov	r5, r4
 767              	.LVL62:
 380:src/audio_engine.cpp **** #if DIAG_STAGE != DIAG_STAGE_PRODUCTION
 768              		.loc 1 380 23 view .LVU166
 769 0054 03C5     		stmia	r5!, {r0, r1}
 770 0056 2A80     		strh	r2, [r5]	@ movhi
 382:src/audio_engine.cpp ****     current_.bypass = 0;
 771              		.loc 1 382 5 is_stmt 1 view .LVU167
 383:src/audio_engine.cpp **** #endif
 772              		.loc 1 383 5 view .LVU168
 412:src/audio_engine.cpp ****        || (current_.bypass != 0) != pending_bypass_)
 773              		.loc 1 412 5 is_stmt 0 view .LVU169
 774 0058 93F87220 		ldrb	r2, [r3, #114]	@ zero_extendqisi2
 382:src/audio_engine.cpp ****     current_.bypass = 0;
 775              		.loc 1 382 21 view .LVU170
 776 005c A3F85860 		strh	r6, [r3, #88]	@ movhi
 394:src/audio_engine.cpp ****         current_.effect = config::FX_TUNER;
 777              		.loc 1 394 5 is_stmt 1 view .LVU171
 397:src/audio_engine.cpp ****     const bool params_changed
 778              		.loc 1 397 5 view .LVU172
 779              	.LVL63:
 398:src/audio_engine.cpp ****         = current_.parameters[0] != applied_.parameters[0]
 780              		.loc 1 398 5 view .LVU173
 407:src/audio_engine.cpp ****     (void)effect_changed;
 781              		.loc 1 407 5 view .LVU174
 408:src/audio_engine.cpp **** #endif
 782              		.loc 1 408 5 view .LVU175
 412:src/audio_engine.cpp ****        || (current_.bypass != 0) != pending_bypass_)
 783              		.loc 1 412 5 view .LVU176
 784 0060 12B9     		cbnz	r2, .L72
 413:src/audio_engine.cpp ****         StartTransition(current_.effect, current_.bypass != 0);
 785              		.loc 1 413 8 is_stmt 0 view .LVU177
 786 0062 93F87320 		ldrb	r2, [r3, #115]	@ zero_extendqisi2
 787 0066 B2B1     		cbz	r2, .L73
 788              	.L72:
 414:src/audio_engine.cpp **** #endif
 789              		.loc 1 414 9 is_stmt 1 view .LVU178
 790              	.LVL64:
 791              	.LBB71:
 792              	.LBI71:
 419:src/audio_engine.cpp **** 
 420:src/audio_engine.cpp **** void AudioEngine::BeginThermalShutdown()
ARM GAS  C:\Users\aydan\AppData\Local\Temp\cckcUN7D.s 			page 25


 421:src/audio_engine.cpp **** {
 422:src/audio_engine.cpp ****     if(thermal_audio_state_ != THERMAL_AUDIO_NORMAL)
 423:src/audio_engine.cpp ****         return;
 424:src/audio_engine.cpp ****     thermal_audio_state_ = THERMAL_AUDIO_FADING;
 425:src/audio_engine.cpp ****     thermal_gain_        = 1.0f;
 426:src/audio_engine.cpp **** }
 427:src/audio_engine.cpp **** 
 428:src/audio_engine.cpp **** // Fade out the old wet signal before changing modes, so bypass and effect
 429:src/audio_engine.cpp **** // switches do not click or cut off the previous effect abruptly.
 430:src/audio_engine.cpp **** void AudioEngine::StartTransition(uint8_t requested_effect,
 793              		.loc 1 430 6 view .LVU179
 794              	.LBB72:
 431:src/audio_engine.cpp ****                                   bool    requested_bypass)
 432:src/audio_engine.cpp **** {
 433:src/audio_engine.cpp ****     pending_effect_ = requested_effect;
 795              		.loc 1 433 5 view .LVU180
 434:src/audio_engine.cpp ****     pending_bypass_ = requested_bypass;
 796              		.loc 1 434 5 view .LVU181
 435:src/audio_engine.cpp **** 
 436:src/audio_engine.cpp ****     const bool audible = wet_gain_ > 0.0f && active_effect_ != config::FX_TUNER
 437:src/audio_engine.cpp ****                          && !active_bypass_;
 797              		.loc 1 437 26 is_stmt 0 view .LVU182
 798 0068 D3ED1E7A 		vldr.32	s15, [r3, #120]
 433:src/audio_engine.cpp ****     pending_bypass_ = requested_bypass;
 799              		.loc 1 433 21 view .LVU183
 800 006c 0022     		movs	r2, #0
 801              		.loc 1 437 26 view .LVU184
 802 006e F5EEC07A 		vcmpe.f32	s15, #0
 433:src/audio_engine.cpp ****     pending_bypass_ = requested_bypass;
 803              		.loc 1 433 21 view .LVU185
 804 0072 A3F87220 		strh	r2, [r3, #114]	@ movhi
 436:src/audio_engine.cpp ****                          && !active_bypass_;
 805              		.loc 1 436 5 is_stmt 1 view .LVU186
 806              		.loc 1 437 26 is_stmt 0 view .LVU187
 807 0076 F1EE10FA 		vmrs	APSR_nzcv, FPSCR
 808 007a 05DD     		ble	.L74
 436:src/audio_engine.cpp ****                          && !active_bypass_;
 809              		.loc 1 436 43 view .LVU188
 810 007c 93F87020 		ldrb	r2, [r3, #112]	@ zero_extendqisi2
 811 0080 12B1     		cbz	r2, .L74
 812              		.loc 1 437 26 view .LVU189
 813 0082 93F87120 		ldrb	r2, [r3, #113]	@ zero_extendqisi2
 814 0086 8AB1     		cbz	r2, .L89
 815              	.L74:
 816              	.LVL65:
 438:src/audio_engine.cpp ****     if(audible)
 817              		.loc 1 438 5 is_stmt 1 view .LVU190
 439:src/audio_engine.cpp ****         transition_ = TRANSITION_FADING_OUT;
 440:src/audio_engine.cpp ****     else
 441:src/audio_engine.cpp ****     {
 442:src/audio_engine.cpp ****         active_effect_ = pending_effect_;
 818              		.loc 1 442 9 view .LVU191
 443:src/audio_engine.cpp ****         active_bypass_ = pending_bypass_;
 819              		.loc 1 443 9 view .LVU192
 442:src/audio_engine.cpp ****         active_bypass_ = pending_bypass_;
 820              		.loc 1 442 24 is_stmt 0 view .LVU193
 821 0088 0022     		movs	r2, #0
ARM GAS  C:\Users\aydan\AppData\Local\Temp\cckcUN7D.s 			page 26


 444:src/audio_engine.cpp ****         wet_gain_      = 0.0f;
 822              		.loc 1 444 24 view .LVU194
 823 008a 0021     		movs	r1, #0
 442:src/audio_engine.cpp ****         active_bypass_ = pending_bypass_;
 824              		.loc 1 442 24 view .LVU195
 825 008c A3F87020 		strh	r2, [r3, #112]	@ movhi
 826              		.loc 1 444 9 is_stmt 1 view .LVU196
 827              		.loc 1 444 24 is_stmt 0 view .LVU197
 828 0090 9967     		str	r1, [r3, #120]	@ float
 445:src/audio_engine.cpp ****         transition_    = (active_effect_ != config::FX_TUNER && !active_bypass_)
 829              		.loc 1 445 9 is_stmt 1 view .LVU198
 830              		.loc 1 445 24 is_stmt 0 view .LVU199
 831 0092 83F87420 		strb	r2, [r3, #116]
 832              	.LVL66:
 833              	.L73:
 834              		.loc 1 445 24 view .LVU200
 835              	.LBE72:
 836              	.LBE71:
 417:src/audio_engine.cpp **** }
 837              		.loc 1 417 5 is_stmt 1 view .LVU201
 417:src/audio_engine.cpp **** }
 838              		.loc 1 417 14 is_stmt 0 view .LVU202
 839 0096 2246     		mov	r2, r4
 840 0098 03CA     		ldmia	r2!, {r0, r1}
 841 009a 1288     		ldrh	r2, [r2]	@ unaligned
 842 009c C3F86200 		str	r0, [r3, #98]	@ unaligned
 843              	.LVL67:
 417:src/audio_engine.cpp **** }
 844              		.loc 1 417 14 view .LVU203
 845 00a0 C3F86610 		str	r1, [r3, #102]	@ unaligned
 846 00a4 A3F86A20 		strh	r2, [r3, #106]	@ unaligned
 847              	.LVL68:
 418:src/audio_engine.cpp **** 
 848              		.loc 1 418 1 view .LVU204
 849 00a8 07B0     		add	sp, sp, #28
 850              		.cfi_remember_state
 851              		.cfi_def_cfa_offset 20
 852              		@ sp needed
 853 00aa F0BD     		pop	{r4, r5, r6, r7, pc}
 854              	.LVL69:
 855              	.L89:
 856              		.cfi_restore_state
 857              	.LBB74:
 858              	.LBB73:
 438:src/audio_engine.cpp ****         transition_ = TRANSITION_FADING_OUT;
 859              		.loc 1 438 5 is_stmt 1 view .LVU205
 439:src/audio_engine.cpp ****     else
 860              		.loc 1 439 9 view .LVU206
 439:src/audio_engine.cpp ****     else
 861              		.loc 1 439 21 is_stmt 0 view .LVU207
 862 00ac 0122     		movs	r2, #1
 863 00ae 83F87420 		strb	r2, [r3, #116]
 864 00b2 F0E7     		b	.L73
 865              	.LBE73:
 866              	.LBE74:
 867              		.cfi_endproc
 868              	.LFE2578:
ARM GAS  C:\Users\aydan\AppData\Local\Temp\cckcUN7D.s 			page 27


 870              		.section	.text._ZN3app11AudioEngine4InitEfRNS_14ControlMailboxERNS_12TunerCaptureE,"ax",%progbits
 871              		.align	1
 872              		.p2align 2,,3
 873              		.global	_ZN3app11AudioEngine4InitEfRNS_14ControlMailboxERNS_12TunerCaptureE
 874              		.syntax unified
 875              		.thumb
 876              		.thumb_func
 877              		.fpu fpv5-d16
 879              	_ZN3app11AudioEngine4InitEfRNS_14ControlMailboxERNS_12TunerCaptureE:
 880              	.LVL70:
 881              	.LFB2570:
  75:src/audio_engine.cpp ****     mailbox_       = &mailbox;
 882              		.loc 1 75 1 is_stmt 1 view -0
 883              		.cfi_startproc
 884              		@ args = 0, pretend = 0, frame = 0
 885              		@ frame_needed = 0, uses_anonymous_args = 0
  76:src/audio_engine.cpp ****     tuner_capture_ = &tuner_capture;
 886              		.loc 1 76 5 view .LVU209
 119:src/audio_engine.cpp **** }
 887              		.loc 1 119 31 is_stmt 0 view .LVU210
 888 0000 9FED0D7A 		vldr.32	s14, .L92
  75:src/audio_engine.cpp ****     mailbox_       = &mailbox;
 889              		.loc 1 75 1 view .LVU211
 890 0004 10B5     		push	{r4, lr}
 891              		.cfi_def_cfa_offset 8
 892              		.cfi_offset 4, -8
 893              		.cfi_offset 14, -4
  77:src/audio_engine.cpp **** 
 894              		.loc 1 77 20 view .LVU212
 895 0006 C0E90012 		strd	r1, r2, [r0]
  96:src/audio_engine.cpp **** #if AUDIO_CPU_LOAD_DEBUG
 896              		.loc 1 96 5 is_stmt 1 view .LVU213
 104:src/audio_engine.cpp **** #endif
 897              		.loc 1 104 5 view .LVU214
  75:src/audio_engine.cpp ****     mailbox_       = &mailbox;
 898              		.loc 1 75 1 is_stmt 0 view .LVU215
 899 000a 0446     		mov	r4, r0
 104:src/audio_engine.cpp **** #endif
 900              		.loc 1 104 27 view .LVU216
 901 000c FFF7FEFF 		bl	_ZN3app11AudioEngine22ApplySnapshotIfChangedEv
 902              	.LVL71:
 107:src/audio_engine.cpp ****     current_.bypass = 0;
 903              		.loc 1 107 5 is_stmt 1 view .LVU217
 108:src/audio_engine.cpp **** #endif
 904              		.loc 1 108 5 view .LVU218
 117:src/audio_engine.cpp ****     thermal_gain_step_
 905              		.loc 1 117 26 is_stmt 0 view .LVU219
 906 0010 F7EE007A 		vmov.f32	s15, #1.0e+0
 107:src/audio_engine.cpp ****     current_.bypass = 0;
 907              		.loc 1 107 21 view .LVU220
 908 0014 0023     		movs	r3, #0
 119:src/audio_engine.cpp **** }
 909              		.loc 1 119 31 view .LVU221
 910 0016 20EE070A 		vmul.f32	s0, s0, s14
 911              	.LVL72:
 115:src/audio_engine.cpp ****     thermal_audio_state_ = THERMAL_AUDIO_NORMAL;
 912              		.loc 1 115 9 view .LVU222
ARM GAS  C:\Users\aydan\AppData\Local\Temp\cckcUN7D.s 			page 28


 913 001a 0022     		movs	r2, #0
 107:src/audio_engine.cpp ****     current_.bypass = 0;
 914              		.loc 1 107 21 view .LVU223
 915 001c A4F85830 		strh	r3, [r4, #88]	@ movhi
 110:src/audio_engine.cpp ****     active_bypass_  = current_.bypass != 0;
 916              		.loc 1 110 5 is_stmt 1 view .LVU224
 111:src/audio_engine.cpp ****     pending_effect_ = active_effect_;
 917              		.loc 1 111 5 view .LVU225
 112:src/audio_engine.cpp ****     pending_bypass_ = active_bypass_;
 918              		.loc 1 112 5 view .LVU226
 113:src/audio_engine.cpp ****     wet_gain_
 919              		.loc 1 113 5 view .LVU227
 110:src/audio_engine.cpp ****     active_bypass_  = current_.bypass != 0;
 920              		.loc 1 110 21 is_stmt 0 view .LVU228
 921 0020 2367     		str	r3, [r4, #112]
 114:src/audio_engine.cpp ****         = (active_effect_ == config::FX_TUNER || active_bypass_) ? 0.0f : 1.0f;
 922              		.loc 1 114 5 is_stmt 1 view .LVU229
 119:src/audio_engine.cpp **** }
 923              		.loc 1 119 16 is_stmt 0 view .LVU230
 924 0022 87EE807A 		vdiv.f32	s14, s15, s0
 115:src/audio_engine.cpp ****     thermal_audio_state_ = THERMAL_AUDIO_NORMAL;
 925              		.loc 1 115 9 view .LVU231
 926 0026 A267     		str	r2, [r4, #120]	@ float
 116:src/audio_engine.cpp ****     thermal_gain_        = 1.0f;
 927              		.loc 1 116 5 is_stmt 1 view .LVU232
 116:src/audio_engine.cpp ****     thermal_gain_        = 1.0f;
 928              		.loc 1 116 26 is_stmt 0 view .LVU233
 929 0028 84F88030 		strb	r3, [r4, #128]
 117:src/audio_engine.cpp ****     thermal_gain_step_
 930              		.loc 1 117 5 is_stmt 1 view .LVU234
 117:src/audio_engine.cpp ****     thermal_gain_step_
 931              		.loc 1 117 26 is_stmt 0 view .LVU235
 932 002c C4ED217A 		vstr.32	s15, [r4, #132]
 118:src/audio_engine.cpp ****         = 1.0f / (sample_rate * (config::kThermalAudioFadeMs * 0.001f));
 933              		.loc 1 118 5 is_stmt 1 view .LVU236
 119:src/audio_engine.cpp **** }
 934              		.loc 1 119 9 is_stmt 0 view .LVU237
 935 0030 84ED227A 		vstr.32	s14, [r4, #136]
 120:src/audio_engine.cpp **** 
 936              		.loc 1 120 1 view .LVU238
 937 0034 10BD     		pop	{r4, pc}
 938              	.LVL73:
 939              	.L93:
 120:src/audio_engine.cpp **** 
 940              		.loc 1 120 1 view .LVU239
 941 0036 00BF     		.align	2
 942              	.L92:
 943 0038 0BD7233C 		.word	1008981771
 944              		.cfi_endproc
 945              	.LFE2570:
 947              		.section	.text._ZN3app11AudioEngine7ProcessEPKPKfPPfj,"ax",%progbits
 948              		.align	1
 949              		.p2align 2,,3
 950              		.global	_ZN3app11AudioEngine7ProcessEPKPKfPPfj
 951              		.syntax unified
 952              		.thumb
 953              		.thumb_func
ARM GAS  C:\Users\aydan\AppData\Local\Temp\cckcUN7D.s 			page 29


 954              		.fpu fpv5-d16
 956              	_ZN3app11AudioEngine7ProcessEPKPKfPPfj:
 957              	.LVL74:
 958              	.LFB2571:
 128:src/audio_engine.cpp **** #if AUDIO_CPU_LOAD_DEBUG
 959              		.loc 1 128 1 is_stmt 1 view -0
 960              		.cfi_startproc
 961              		@ args = 0, pretend = 0, frame = 0
 962              		@ frame_needed = 0, uses_anonymous_args = 0
 135:src/audio_engine.cpp **** #endif
 963              		.loc 1 135 5 view .LVU241
 128:src/audio_engine.cpp **** #if AUDIO_CPU_LOAD_DEBUG
 964              		.loc 1 128 1 is_stmt 0 view .LVU242
 965 0000 F8B5     		push	{r3, r4, r5, r6, r7, lr}
 966              		.cfi_def_cfa_offset 24
 967              		.cfi_offset 3, -24
 968              		.cfi_offset 4, -20
 969              		.cfi_offset 5, -16
 970              		.cfi_offset 6, -12
 971              		.cfi_offset 7, -8
 972              		.cfi_offset 14, -4
 128:src/audio_engine.cpp **** #if AUDIO_CPU_LOAD_DEBUG
 973              		.loc 1 128 1 view .LVU243
 974 0002 0446     		mov	r4, r0
 975 0004 0D46     		mov	r5, r1
 976 0006 1746     		mov	r7, r2
 977 0008 1E46     		mov	r6, r3
 135:src/audio_engine.cpp **** #endif
 978              		.loc 1 135 27 view .LVU244
 979 000a FFF7FEFF 		bl	_ZN3app11AudioEngine22ApplySnapshotIfChangedEv
 980              	.LVL75:
 167:src/audio_engine.cpp ****         tuner_capture_->WriteBlock(in[0], size);
 981              		.loc 1 167 5 is_stmt 1 view .LVU245
 167:src/audio_engine.cpp ****         tuner_capture_->WriteBlock(in[0], size);
 982              		.loc 1 167 8 is_stmt 0 view .LVU246
 983 000e 6068     		ldr	r0, [r4, #4]
 167:src/audio_engine.cpp ****         tuner_capture_->WriteBlock(in[0], size);
 984              		.loc 1 167 5 view .LVU247
 985 0010 18B1     		cbz	r0, .L95
 167:src/audio_engine.cpp ****         tuner_capture_->WriteBlock(in[0], size);
 986              		.loc 1 167 23 discriminator 1 view .LVU248
 987 0012 94F88030 		ldrb	r3, [r4, #128]	@ zero_extendqisi2
 988 0016 002B     		cmp	r3, #0
 989 0018 7DD0     		beq	.L123
 990              	.L95:
 991              	.LVL76:
 992              	.LBB85:
 171:src/audio_engine.cpp ****     {
 993              		.loc 1 171 25 is_stmt 1 discriminator 3 view .LVU249
 994 001a 002E     		cmp	r6, #0
 995 001c 58D0     		beq	.L94
 996 001e 2968     		ldr	r1, [r5]
 997 0020 D7E90005 		ldrd	r0, r5, [r7]
 998              	.LVL77:
 171:src/audio_engine.cpp ****     {
 999              		.loc 1 171 25 is_stmt 0 discriminator 3 view .LVU250
 1000 0024 01EB8602 		add	r2, r1, r6, lsl #2
ARM GAS  C:\Users\aydan\AppData\Local\Temp\cckcUN7D.s 			page 30


 1001 0028 26E0     		b	.L106
 1002              	.LVL78:
 1003              	.L126:
 1004              	.LBB86:
 1005              	.LBB87:
 1006              	.LBB88:
 308:src/audio_engine.cpp **** }
 1007              		.loc 1 308 53 view .LVU251
 1008 002a 9FED3D6A 		vldr.32	s12, .L127
 1009 002e B4EE467A 		vcmp.f32	s14, s12
 1010 0032 F1EE10FA 		vmrs	APSR_nzcv, FPSCR
 1011 0036 36FE077A 		vselgt.f32	s14, s12, s14
 1012              	.LVL79:
 1013              	.L97:
 308:src/audio_engine.cpp **** }
 1014              		.loc 1 308 53 view .LVU252
 1015              	.LBE88:
 1016              	.LBE87:
 204:src/audio_engine.cpp ****         out[1][i] = ClampOutput(x + wet_gain_ * (wet_r - x));
 1017              		.loc 1 204 19 view .LVU253
 1018 003a A0EC017A 		vstmia.32	r0!, {s14}
 1019              	.LVL80:
 205:src/audio_engine.cpp **** #endif
 1020              		.loc 1 205 9 is_stmt 1 view .LVU254
 205:src/audio_engine.cpp **** #endif
 1021              		.loc 1 205 32 is_stmt 0 view .LVU255
 1022 003e 94ED1E6A 		vldr.32	s12, [r4, #120]
 1023              	.LBB91:
 1024              	.LBB92:
 308:src/audio_engine.cpp **** }
 1025              		.loc 1 308 27 view .LVU256
 1026 0042 9FED387A 		vldr.32	s14, .L127+4
 1027              	.LBE92:
 1028              	.LBE91:
 205:src/audio_engine.cpp **** #endif
 1029              		.loc 1 205 32 view .LVU257
 1030 0046 E6EE867A 		vfma.f32	s15, s13, s12
 1031              	.LVL81:
 1032              	.LBB96:
 1033              	.LBI91:
 306:src/audio_engine.cpp **** {
 1034              		.loc 1 306 7 is_stmt 1 view .LVU258
 1035              	.LBB93:
 308:src/audio_engine.cpp **** }
 1036              		.loc 1 308 5 view .LVU259
 308:src/audio_engine.cpp **** }
 1037              		.loc 1 308 27 is_stmt 0 view .LVU260
 1038 004a F4EEC77A 		vcmpe.f32	s15, s14
 1039 004e F1EE10FA 		vmrs	APSR_nzcv, FPSCR
 1040 0052 25D4     		bmi	.L109
 308:src/audio_engine.cpp **** }
 1041              		.loc 1 308 53 view .LVU261
 1042 0054 9FED327A 		vldr.32	s14, .L127
 1043              	.LBE93:
 1044              	.LBE96:
 1045              	.LBB97:
 1046              	.LBB98:
ARM GAS  C:\Users\aydan\AppData\Local\Temp\cckcUN7D.s 			page 31


 446:src/audio_engine.cpp ****                           ? TRANSITION_FADING_IN
 447:src/audio_engine.cpp ****                           : TRANSITION_STEADY;
 448:src/audio_engine.cpp ****     }
 449:src/audio_engine.cpp **** }
 450:src/audio_engine.cpp **** 
 451:src/audio_engine.cpp **** // Advance the wet/dry ramp once per sample. When the ramp reaches zero or
 452:src/audio_engine.cpp **** // one, the engine either switches modes or returns to steady state.
 453:src/audio_engine.cpp **** void AudioEngine::StepTransition()
 454:src/audio_engine.cpp **** {
 455:src/audio_engine.cpp ****     if(transition_ == TRANSITION_FADING_OUT)
 1047              		.loc 1 455 8 view .LVU262
 1048 0058 94F87430 		ldrb	r3, [r4, #116]	@ zero_extendqisi2
 1049              	.LBE98:
 1050              	.LBE97:
 1051              	.LBB108:
 1052              	.LBB94:
 308:src/audio_engine.cpp **** }
 1053              		.loc 1 308 53 view .LVU263
 1054 005c F4EE477A 		vcmp.f32	s15, s14
 1055 0060 F1EE10FA 		vmrs	APSR_nzcv, FPSCR
 1056 0064 77FE277A 		vselgt.f32	s15, s14, s15
 1057              	.LVL82:
 308:src/audio_engine.cpp **** }
 1058              		.loc 1 308 53 view .LVU264
 1059              	.LBE94:
 1060              	.LBE108:
 1061              	.LBB109:
 1062              	.LBB101:
 1063              		.loc 1 455 5 view .LVU265
 1064 0068 012B     		cmp	r3, #1
 1065              	.LBE101:
 1066              	.LBE109:
 205:src/audio_engine.cpp **** #endif
 1067              		.loc 1 205 19 view .LVU266
 1068 006a E5EC017A 		vstmia.32	r5!, {s15}
 225:src/audio_engine.cpp ****             StepTransition();
 1069              		.loc 1 225 9 is_stmt 1 view .LVU267
 226:src/audio_engine.cpp ****         }
 1070              		.loc 1 226 13 view .LVU268
 1071              	.LVL83:
 1072              	.LBB110:
 1073              	.LBI97:
 453:src/audio_engine.cpp **** {
 1074              		.loc 1 453 6 view .LVU269
 1075              	.LBB102:
 1076              		.loc 1 455 5 view .LVU270
 1077 006e 1FD0     		beq	.L124
 1078              	.L99:
 456:src/audio_engine.cpp ****     {
 457:src/audio_engine.cpp ****         wet_gain_ -= wet_gain_step_;
 458:src/audio_engine.cpp ****         if(wet_gain_ <= 0.0f)
 459:src/audio_engine.cpp ****         {
 460:src/audio_engine.cpp ****             wet_gain_      = 0.0f;
 461:src/audio_engine.cpp ****             active_effect_ = pending_effect_;
 462:src/audio_engine.cpp ****             active_bypass_ = pending_bypass_;
 463:src/audio_engine.cpp ****             transition_
 464:src/audio_engine.cpp ****                 = (active_effect_ != config::FX_TUNER && !active_bypass_)
ARM GAS  C:\Users\aydan\AppData\Local\Temp\cckcUN7D.s 			page 32


 465:src/audio_engine.cpp ****                       ? TRANSITION_FADING_IN
 466:src/audio_engine.cpp ****                       : TRANSITION_STEADY;
 467:src/audio_engine.cpp ****         }
 468:src/audio_engine.cpp ****     }
 469:src/audio_engine.cpp ****     else if(transition_ == TRANSITION_FADING_IN)
 1079              		.loc 1 469 10 view .LVU271
 1080 0070 022B     		cmp	r3, #2
 1081 0072 2ED0     		beq	.L125
 1082              	.L101:
 1083              	.LVL84:
 1084              		.loc 1 469 10 is_stmt 0 view .LVU272
 1085              	.LBE102:
 1086              	.LBE110:
 1087              	.LBE86:
 171:src/audio_engine.cpp ****     {
 1088              		.loc 1 171 5 is_stmt 1 view .LVU273
 171:src/audio_engine.cpp ****     {
 1089              		.loc 1 171 25 view .LVU274
 1090 0074 9142     		cmp	r1, r2
 1091 0076 2BD0     		beq	.L94
 1092              	.L106:
 1093              	.LBB119:
 182:src/audio_engine.cpp **** #if DIAG_ENGINE_TRANSITIONS
 1094              		.loc 1 182 9 discriminator 2 view .LVU275
 182:src/audio_engine.cpp **** #if DIAG_ENGINE_TRANSITIONS
 1095              		.loc 1 182 21 is_stmt 0 discriminator 2 view .LVU276
 1096 0078 F1EC017A 		vldmia.32	r1!, {s15}
 1097              	.LVL85:
 184:src/audio_engine.cpp ****         float wet_r = x;
 1098              		.loc 1 184 9 is_stmt 1 discriminator 2 view .LVU277
 185:src/audio_engine.cpp **** #endif
 1099              		.loc 1 185 9 discriminator 2 view .LVU278
 188:src/audio_engine.cpp **** 
 1100              		.loc 1 188 9 discriminator 2 view .LVU279
 195:src/audio_engine.cpp **** #endif
 1101              		.loc 1 195 9 discriminator 2 view .LVU280
 204:src/audio_engine.cpp ****         out[1][i] = ClampOutput(x + wet_gain_ * (wet_r - x));
 1102              		.loc 1 204 9 discriminator 2 view .LVU281
 204:src/audio_engine.cpp ****         out[1][i] = ClampOutput(x + wet_gain_ * (wet_r - x));
 1103              		.loc 1 204 32 is_stmt 0 discriminator 2 view .LVU282
 1104 007c D4ED1E5A 		vldr.32	s11, [r4, #120]
 204:src/audio_engine.cpp ****         out[1][i] = ClampOutput(x + wet_gain_ * (wet_r - x));
 1105              		.loc 1 204 56 discriminator 2 view .LVU283
 1106 0080 77EEE76A 		vsub.f32	s13, s15, s15
 1107              	.LBB111:
 1108              	.LBB89:
 308:src/audio_engine.cpp **** }
 1109              		.loc 1 308 27 discriminator 2 view .LVU284
 1110 0084 9FED276A 		vldr.32	s12, .L127+4
 1111              	.LBE89:
 1112              	.LBE111:
 204:src/audio_engine.cpp ****         out[1][i] = ClampOutput(x + wet_gain_ * (wet_r - x));
 1113              		.loc 1 204 32 discriminator 2 view .LVU285
 1114 0088 B0EE677A 		vmov.f32	s14, s15
 1115 008c A5EEA67A 		vfma.f32	s14, s11, s13
 1116              	.LVL86:
 1117              	.LBB112:
ARM GAS  C:\Users\aydan\AppData\Local\Temp\cckcUN7D.s 			page 33


 1118              	.LBI87:
 306:src/audio_engine.cpp **** {
 1119              		.loc 1 306 7 is_stmt 1 discriminator 2 view .LVU286
 1120              	.LBB90:
 308:src/audio_engine.cpp **** }
 1121              		.loc 1 308 5 discriminator 2 view .LVU287
 308:src/audio_engine.cpp **** }
 1122              		.loc 1 308 27 is_stmt 0 discriminator 2 view .LVU288
 1123 0090 B4EEC67A 		vcmpe.f32	s14, s12
 1124 0094 F1EE10FA 		vmrs	APSR_nzcv, FPSCR
 1125 0098 C7D5     		bpl	.L126
 308:src/audio_engine.cpp **** }
 1126              		.loc 1 308 27 view .LVU289
 1127 009a B0EE467A 		vmov.f32	s14, s12
 1128              	.LVL87:
 308:src/audio_engine.cpp **** }
 1129              		.loc 1 308 27 view .LVU290
 1130 009e CCE7     		b	.L97
 1131              	.LVL88:
 1132              	.L109:
 308:src/audio_engine.cpp **** }
 1133              		.loc 1 308 27 view .LVU291
 1134              	.LBE90:
 1135              	.LBE112:
 1136              	.LBB113:
 1137              	.LBB103:
 455:src/audio_engine.cpp ****     {
 1138              		.loc 1 455 8 view .LVU292
 1139 00a0 94F87430 		ldrb	r3, [r4, #116]	@ zero_extendqisi2
 1140              	.LBE103:
 1141              	.LBE113:
 1142              	.LBB114:
 1143              	.LBB95:
 308:src/audio_engine.cpp **** }
 1144              		.loc 1 308 27 view .LVU293
 1145 00a4 F0EE477A 		vmov.f32	s15, s14
 1146              	.LVL89:
 308:src/audio_engine.cpp **** }
 1147              		.loc 1 308 27 view .LVU294
 1148              	.LBE95:
 1149              	.LBE114:
 1150              	.LBB115:
 1151              	.LBB104:
 455:src/audio_engine.cpp ****     {
 1152              		.loc 1 455 5 view .LVU295
 1153 00a8 012B     		cmp	r3, #1
 1154              	.LBE104:
 1155              	.LBE115:
 205:src/audio_engine.cpp **** #endif
 1156              		.loc 1 205 19 view .LVU296
 1157 00aa E5EC017A 		vstmia.32	r5!, {s15}
 225:src/audio_engine.cpp ****             StepTransition();
 1158              		.loc 1 225 9 is_stmt 1 view .LVU297
 226:src/audio_engine.cpp ****         }
 1159              		.loc 1 226 13 view .LVU298
 1160              	.LVL90:
 1161              	.LBB116:
ARM GAS  C:\Users\aydan\AppData\Local\Temp\cckcUN7D.s 			page 34


 453:src/audio_engine.cpp **** {
 1162              		.loc 1 453 6 view .LVU299
 1163              	.LBB105:
 455:src/audio_engine.cpp ****     {
 1164              		.loc 1 455 5 view .LVU300
 1165 00ae DFD1     		bne	.L99
 1166              	.L124:
 457:src/audio_engine.cpp ****         if(wet_gain_ <= 0.0f)
 1167              		.loc 1 457 9 view .LVU301
 457:src/audio_engine.cpp ****         if(wet_gain_ <= 0.0f)
 1168              		.loc 1 457 19 is_stmt 0 view .LVU302
 1169 00b0 D4ED1E7A 		vldr.32	s15, [r4, #120]
 458:src/audio_engine.cpp ****         {
 1170              		.loc 1 458 9 view .LVU303
 1171 00b4 0023     		movs	r3, #0
 457:src/audio_engine.cpp ****         if(wet_gain_ <= 0.0f)
 1172              		.loc 1 457 19 view .LVU304
 1173 00b6 94ED1F7A 		vldr.32	s14, [r4, #124]
 1174 00ba 77EEC77A 		vsub.f32	s15, s15, s14
 458:src/audio_engine.cpp ****         {
 1175              		.loc 1 458 9 is_stmt 1 view .LVU305
 1176 00be F5EEC07A 		vcmpe.f32	s15, #0
 1177 00c2 F1EE10FA 		vmrs	APSR_nzcv, FPSCR
 1178 00c6 17D9     		bls	.L100
 1179              	.L121:
 458:src/audio_engine.cpp ****         {
 1180              		.loc 1 458 9 is_stmt 0 view .LVU306
 1181              	.LBE105:
 1182              	.LBE116:
 1183              	.LBE119:
 171:src/audio_engine.cpp ****     {
 1184              		.loc 1 171 25 view .LVU307
 1185 00c8 9142     		cmp	r1, r2
 1186              	.LBB120:
 1187              	.LBB117:
 1188              	.LBB106:
 470:src/audio_engine.cpp ****     {
 471:src/audio_engine.cpp ****         wet_gain_ += wet_gain_step_;
 1189              		.loc 1 471 19 view .LVU308
 1190 00ca C4ED1E7A 		vstr.32	s15, [r4, #120]
 1191              	.LVL91:
 1192              		.loc 1 471 19 view .LVU309
 1193              	.LBE106:
 1194              	.LBE117:
 1195              	.LBE120:
 171:src/audio_engine.cpp ****     {
 1196              		.loc 1 171 5 is_stmt 1 view .LVU310
 171:src/audio_engine.cpp ****     {
 1197              		.loc 1 171 25 view .LVU311
 1198 00ce D3D1     		bne	.L106
 1199              	.L94:
 171:src/audio_engine.cpp ****     {
 1200              		.loc 1 171 25 is_stmt 0 view .LVU312
 1201              	.LBE85:
 240:src/audio_engine.cpp **** 
 1202              		.loc 1 240 1 view .LVU313
 1203 00d0 F8BD     		pop	{r3, r4, r5, r6, r7, pc}
ARM GAS  C:\Users\aydan\AppData\Local\Temp\cckcUN7D.s 			page 35


 1204              	.LVL92:
 1205              	.L125:
 1206              	.LBB122:
 1207              	.LBB121:
 1208              	.LBB118:
 1209              	.LBB107:
 1210              		.loc 1 471 9 is_stmt 1 view .LVU314
 1211              		.loc 1 471 19 is_stmt 0 view .LVU315
 1212 00d2 D4ED1E7A 		vldr.32	s15, [r4, #120]
 472:src/audio_engine.cpp ****         if(wet_gain_ >= 1.0f)
 1213              		.loc 1 472 9 view .LVU316
 1214 00d6 B7EE007A 		vmov.f32	s14, #1.0e+0
 471:src/audio_engine.cpp ****         if(wet_gain_ >= 1.0f)
 1215              		.loc 1 471 19 view .LVU317
 1216 00da D4ED1F6A 		vldr.32	s13, [r4, #124]
 1217 00de 77EEA67A 		vadd.f32	s15, s15, s13
 1218              		.loc 1 472 9 is_stmt 1 view .LVU318
 1219 00e2 F4EEC77A 		vcmpe.f32	s15, s14
 1220 00e6 F1EE10FA 		vmrs	APSR_nzcv, FPSCR
 1221 00ea EDDB     		blt	.L121
 473:src/audio_engine.cpp ****         {
 474:src/audio_engine.cpp ****             wet_gain_   = 1.0f;
 1222              		.loc 1 474 13 view .LVU319
 475:src/audio_engine.cpp ****             transition_ = TRANSITION_STEADY;
 1223              		.loc 1 475 25 is_stmt 0 view .LVU320
 1224 00ec 0023     		movs	r3, #0
 474:src/audio_engine.cpp ****             transition_ = TRANSITION_STEADY;
 1225              		.loc 1 474 25 view .LVU321
 1226 00ee 84ED1E7A 		vstr.32	s14, [r4, #120]
 1227              	.L122:
 1228              		.loc 1 475 13 is_stmt 1 view .LVU322
 1229              		.loc 1 475 25 is_stmt 0 view .LVU323
 1230 00f2 84F87430 		strb	r3, [r4, #116]
 1231 00f6 BDE7     		b	.L101
 1232              	.L100:
 1233              	.LVL93:
 1234              	.LBB99:
 1235              	.LBI99:
 453:src/audio_engine.cpp **** {
 1236              		.loc 1 453 6 is_stmt 1 view .LVU324
 1237              	.LBB100:
 460:src/audio_engine.cpp ****             active_effect_ = pending_effect_;
 1238              		.loc 1 460 13 view .LVU325
 462:src/audio_engine.cpp ****             transition_
 1239              		.loc 1 462 30 is_stmt 0 view .LVU326
 1240 00f8 94F87360 		ldrb	r6, [r4, #115]	@ zero_extendqisi2
 460:src/audio_engine.cpp ****             active_effect_ = pending_effect_;
 1241              		.loc 1 460 28 view .LVU327
 1242 00fc A367     		str	r3, [r4, #120]	@ float
 461:src/audio_engine.cpp ****             active_bypass_ = pending_bypass_;
 1243              		.loc 1 461 13 is_stmt 1 view .LVU328
 461:src/audio_engine.cpp ****             active_bypass_ = pending_bypass_;
 1244              		.loc 1 461 30 is_stmt 0 view .LVU329
 1245 00fe 94F87230 		ldrb	r3, [r4, #114]	@ zero_extendqisi2
 462:src/audio_engine.cpp ****             transition_
 1246              		.loc 1 462 28 view .LVU330
 1247 0102 84F87160 		strb	r6, [r4, #113]
ARM GAS  C:\Users\aydan\AppData\Local\Temp\cckcUN7D.s 			page 36


 461:src/audio_engine.cpp ****             active_bypass_ = pending_bypass_;
 1248              		.loc 1 461 28 view .LVU331
 1249 0106 84F87030 		strb	r3, [r4, #112]
 462:src/audio_engine.cpp ****             transition_
 1250              		.loc 1 462 13 is_stmt 1 view .LVU332
 463:src/audio_engine.cpp ****                 = (active_effect_ != config::FX_TUNER && !active_bypass_)
 1251              		.loc 1 463 13 view .LVU333
 464:src/audio_engine.cpp ****                       ? TRANSITION_FADING_IN
 1252              		.loc 1 464 55 is_stmt 0 view .LVU334
 1253 010a 03B1     		cbz	r3, .L112
 1254 010c 0EB1     		cbz	r6, .L111
 1255              	.L112:
 465:src/audio_engine.cpp ****                       : TRANSITION_STEADY;
 1256              		.loc 1 465 23 view .LVU335
 1257 010e 0023     		movs	r3, #0
 1258 0110 EFE7     		b	.L122
 1259              	.L111:
 465:src/audio_engine.cpp ****                       : TRANSITION_STEADY;
 1260              		.loc 1 465 23 view .LVU336
 1261 0112 0223     		movs	r3, #2
 1262 0114 EDE7     		b	.L122
 1263              	.LVL94:
 1264              	.L123:
 465:src/audio_engine.cpp ****                       : TRANSITION_STEADY;
 1265              		.loc 1 465 23 view .LVU337
 1266              	.LBE100:
 1267              	.LBE99:
 1268              	.LBE107:
 1269              	.LBE118:
 1270              	.LBE121:
 1271              	.LBE122:
 168:src/audio_engine.cpp **** #endif
 1272              		.loc 1 168 9 is_stmt 1 view .LVU338
 168:src/audio_engine.cpp **** #endif
 1273              		.loc 1 168 35 is_stmt 0 view .LVU339
 1274 0116 3246     		mov	r2, r6
 1275 0118 2968     		ldr	r1, [r5]
 1276 011a FFF7FEFF 		bl	_ZN3app12TunerCapture10WriteBlockEPKfj
 1277              	.LVL95:
 1278 011e 7CE7     		b	.L95
 1279              	.L128:
 1280              		.align	2
 1281              	.L127:
 1282 0120 3333733F 		.word	1064514355
 1283 0124 333373BF 		.word	-1082969293
 1284              		.cfi_endproc
 1285              	.LFE2571:
 1287              		.section	.text._ZN3app11AudioEngine20BeginThermalShutdownEv,"ax",%progbits
 1288              		.align	1
 1289              		.p2align 2,,3
 1290              		.global	_ZN3app11AudioEngine20BeginThermalShutdownEv
 1291              		.syntax unified
 1292              		.thumb
 1293              		.thumb_func
 1294              		.fpu fpv5-d16
 1296              	_ZN3app11AudioEngine20BeginThermalShutdownEv:
 1297              	.LVL96:
ARM GAS  C:\Users\aydan\AppData\Local\Temp\cckcUN7D.s 			page 37


 1298              	.LFB2579:
 421:src/audio_engine.cpp ****     if(thermal_audio_state_ != THERMAL_AUDIO_NORMAL)
 1299              		.loc 1 421 1 is_stmt 1 view -0
 1300              		.cfi_startproc
 1301              		@ args = 0, pretend = 0, frame = 0
 1302              		@ frame_needed = 0, uses_anonymous_args = 0
 1303              		@ link register save eliminated.
 422:src/audio_engine.cpp ****         return;
 1304              		.loc 1 422 5 view .LVU341
 1305 0000 90F88030 		ldrb	r3, [r0, #128]	@ zero_extendqisi2
 1306 0004 33B9     		cbnz	r3, .L129
 424:src/audio_engine.cpp ****     thermal_gain_        = 1.0f;
 1307              		.loc 1 424 5 view .LVU342
 425:src/audio_engine.cpp **** }
 1308              		.loc 1 425 26 is_stmt 0 view .LVU343
 1309 0006 4FF07E53 		mov	r3, #1065353216
 424:src/audio_engine.cpp ****     thermal_gain_        = 1.0f;
 1310              		.loc 1 424 26 view .LVU344
 1311 000a 0122     		movs	r2, #1
 425:src/audio_engine.cpp **** }
 1312              		.loc 1 425 26 view .LVU345
 1313 000c C0F88430 		str	r3, [r0, #132]	@ float
 424:src/audio_engine.cpp ****     thermal_gain_        = 1.0f;
 1314              		.loc 1 424 26 view .LVU346
 1315 0010 80F88020 		strb	r2, [r0, #128]
 425:src/audio_engine.cpp **** }
 1316              		.loc 1 425 5 is_stmt 1 view .LVU347
 1317              	.L129:
 426:src/audio_engine.cpp **** 
 1318              		.loc 1 426 1 is_stmt 0 view .LVU348
 1319 0014 7047     		bx	lr
 1320              		.cfi_endproc
 1321              	.LFE2579:
 1323 0016 00BF     		.section	.text._ZN3app11AudioEngine15StartTransitionEhb,"ax",%progbits
 1324              		.align	1
 1325              		.p2align 2,,3
 1326              		.global	_ZN3app11AudioEngine15StartTransitionEhb
 1327              		.syntax unified
 1328              		.thumb
 1329              		.thumb_func
 1330              		.fpu fpv5-d16
 1332              	_ZN3app11AudioEngine15StartTransitionEhb:
 1333              	.LVL97:
 1334              	.LFB2580:
 432:src/audio_engine.cpp ****     pending_effect_ = requested_effect;
 1335              		.loc 1 432 1 is_stmt 1 view -0
 1336              		.cfi_startproc
 1337              		@ args = 0, pretend = 0, frame = 0
 1338              		@ frame_needed = 0, uses_anonymous_args = 0
 1339              		@ link register save eliminated.
 433:src/audio_engine.cpp ****     pending_bypass_ = requested_bypass;
 1340              		.loc 1 433 5 view .LVU350
 437:src/audio_engine.cpp ****     if(audible)
 1341              		.loc 1 437 26 is_stmt 0 view .LVU351
 1342 0000 D0ED1E7A 		vldr.32	s15, [r0, #120]
 433:src/audio_engine.cpp ****     pending_bypass_ = requested_bypass;
 1343              		.loc 1 433 21 view .LVU352
ARM GAS  C:\Users\aydan\AppData\Local\Temp\cckcUN7D.s 			page 38


 1344 0004 80F87210 		strb	r1, [r0, #114]
 434:src/audio_engine.cpp **** 
 1345              		.loc 1 434 5 is_stmt 1 view .LVU353
 437:src/audio_engine.cpp ****     if(audible)
 1346              		.loc 1 437 26 is_stmt 0 view .LVU354
 1347 0008 F5EEC07A 		vcmpe.f32	s15, #0
 434:src/audio_engine.cpp **** 
 1348              		.loc 1 434 21 view .LVU355
 1349 000c 80F87320 		strb	r2, [r0, #115]
 436:src/audio_engine.cpp ****                          && !active_bypass_;
 1350              		.loc 1 436 5 is_stmt 1 view .LVU356
 437:src/audio_engine.cpp ****     if(audible)
 1351              		.loc 1 437 26 is_stmt 0 view .LVU357
 1352 0010 F1EE10FA 		vmrs	APSR_nzcv, FPSCR
 1353 0014 02DD     		ble	.L132
 436:src/audio_engine.cpp ****                          && !active_bypass_;
 1354              		.loc 1 436 43 view .LVU358
 1355 0016 90F87030 		ldrb	r3, [r0, #112]	@ zero_extendqisi2
 1356 001a 5BB9     		cbnz	r3, .L143
 1357              	.L132:
 1358              	.LVL98:
 438:src/audio_engine.cpp ****         transition_ = TRANSITION_FADING_OUT;
 1359              		.loc 1 438 5 is_stmt 1 view .LVU359
 442:src/audio_engine.cpp ****         active_bypass_ = pending_bypass_;
 1360              		.loc 1 442 9 view .LVU360
 444:src/audio_engine.cpp ****         transition_    = (active_effect_ != config::FX_TUNER && !active_bypass_)
 1361              		.loc 1 444 24 is_stmt 0 view .LVU361
 1362 001c 0023     		movs	r3, #0
 442:src/audio_engine.cpp ****         active_bypass_ = pending_bypass_;
 1363              		.loc 1 442 24 view .LVU362
 1364 001e 80F87010 		strb	r1, [r0, #112]
 443:src/audio_engine.cpp ****         wet_gain_      = 0.0f;
 1365              		.loc 1 443 9 is_stmt 1 view .LVU363
 443:src/audio_engine.cpp ****         wet_gain_      = 0.0f;
 1366              		.loc 1 443 24 is_stmt 0 view .LVU364
 1367 0022 80F87120 		strb	r2, [r0, #113]
 444:src/audio_engine.cpp ****         transition_    = (active_effect_ != config::FX_TUNER && !active_bypass_)
 1368              		.loc 1 444 9 is_stmt 1 view .LVU365
 444:src/audio_engine.cpp ****         transition_    = (active_effect_ != config::FX_TUNER && !active_bypass_)
 1369              		.loc 1 444 24 is_stmt 0 view .LVU366
 1370 0026 8367     		str	r3, [r0, #120]	@ float
 445:src/audio_engine.cpp ****                           ? TRANSITION_FADING_IN
 1371              		.loc 1 445 9 is_stmt 1 view .LVU367
 445:src/audio_engine.cpp ****                           ? TRANSITION_FADING_IN
 1372              		.loc 1 445 62 is_stmt 0 view .LVU368
 1373 0028 01B1     		cbz	r1, .L139
 445:src/audio_engine.cpp ****                           ? TRANSITION_FADING_IN
 1374              		.loc 1 445 62 view .LVU369
 1375 002a 5AB1     		cbz	r2, .L137
 1376              	.L139:
 446:src/audio_engine.cpp ****                           : TRANSITION_STEADY;
 1377              		.loc 1 446 27 view .LVU370
 1378 002c 0023     		movs	r3, #0
 445:src/audio_engine.cpp ****                           ? TRANSITION_FADING_IN
 1379              		.loc 1 445 24 view .LVU371
 1380 002e 80F87430 		strb	r3, [r0, #116]
 449:src/audio_engine.cpp **** 
ARM GAS  C:\Users\aydan\AppData\Local\Temp\cckcUN7D.s 			page 39


 1381              		.loc 1 449 1 view .LVU372
 1382 0032 7047     		bx	lr
 1383              	.LVL99:
 1384              	.L143:
 437:src/audio_engine.cpp ****     if(audible)
 1385              		.loc 1 437 26 discriminator 3 view .LVU373
 1386 0034 90F87130 		ldrb	r3, [r0, #113]	@ zero_extendqisi2
 1387 0038 002B     		cmp	r3, #0
 1388 003a EFD1     		bne	.L132
 1389              	.LVL100:
 438:src/audio_engine.cpp ****         transition_ = TRANSITION_FADING_OUT;
 1390              		.loc 1 438 5 is_stmt 1 view .LVU374
 439:src/audio_engine.cpp ****     else
 1391              		.loc 1 439 9 view .LVU375
 439:src/audio_engine.cpp ****     else
 1392              		.loc 1 439 21 is_stmt 0 view .LVU376
 1393 003c 0123     		movs	r3, #1
 1394 003e 80F87430 		strb	r3, [r0, #116]
 1395 0042 7047     		bx	lr
 1396              	.LVL101:
 1397              	.L137:
 446:src/audio_engine.cpp ****                           : TRANSITION_STEADY;
 1398              		.loc 1 446 27 view .LVU377
 1399 0044 0223     		movs	r3, #2
 445:src/audio_engine.cpp ****                           ? TRANSITION_FADING_IN
 1400              		.loc 1 445 24 view .LVU378
 1401 0046 80F87430 		strb	r3, [r0, #116]
 449:src/audio_engine.cpp **** 
 1402              		.loc 1 449 1 view .LVU379
 1403 004a 7047     		bx	lr
 1404              		.cfi_endproc
 1405              	.LFE2580:
 1407              		.section	.text._ZN3app11AudioEngine14StepTransitionEv,"ax",%progbits
 1408              		.align	1
 1409              		.p2align 2,,3
 1410              		.global	_ZN3app11AudioEngine14StepTransitionEv
 1411              		.syntax unified
 1412              		.thumb
 1413              		.thumb_func
 1414              		.fpu fpv5-d16
 1416              	_ZN3app11AudioEngine14StepTransitionEv:
 1417              	.LVL102:
 1418              	.LFB2581:
 454:src/audio_engine.cpp ****     if(transition_ == TRANSITION_FADING_OUT)
 1419              		.loc 1 454 1 is_stmt 1 view -0
 1420              		.cfi_startproc
 1421              		@ args = 0, pretend = 0, frame = 0
 1422              		@ frame_needed = 0, uses_anonymous_args = 0
 1423              		@ link register save eliminated.
 455:src/audio_engine.cpp ****     {
 1424              		.loc 1 455 5 view .LVU381
 455:src/audio_engine.cpp ****     {
 1425              		.loc 1 455 8 is_stmt 0 view .LVU382
 1426 0000 90F87430 		ldrb	r3, [r0, #116]	@ zero_extendqisi2
 455:src/audio_engine.cpp ****     {
 1427              		.loc 1 455 5 view .LVU383
 1428 0004 012B     		cmp	r3, #1
ARM GAS  C:\Users\aydan\AppData\Local\Temp\cckcUN7D.s 			page 40


 1429 0006 13D0     		beq	.L156
 469:src/audio_engine.cpp ****     {
 1430              		.loc 1 469 10 is_stmt 1 view .LVU384
 1431 0008 022B     		cmp	r3, #2
 1432 000a 00D0     		beq	.L157
 476:src/audio_engine.cpp ****         }
 477:src/audio_engine.cpp ****     }
 478:src/audio_engine.cpp **** }
 1433              		.loc 1 478 1 is_stmt 0 view .LVU385
 1434 000c 7047     		bx	lr
 1435              	.L157:
 471:src/audio_engine.cpp ****         if(wet_gain_ >= 1.0f)
 1436              		.loc 1 471 9 is_stmt 1 view .LVU386
 471:src/audio_engine.cpp ****         if(wet_gain_ >= 1.0f)
 1437              		.loc 1 471 19 is_stmt 0 view .LVU387
 1438 000e D0ED1E7A 		vldr.32	s15, [r0, #120]
 472:src/audio_engine.cpp ****         {
 1439              		.loc 1 472 9 view .LVU388
 1440 0012 B7EE007A 		vmov.f32	s14, #1.0e+0
 471:src/audio_engine.cpp ****         if(wet_gain_ >= 1.0f)
 1441              		.loc 1 471 19 view .LVU389
 1442 0016 D0ED1F6A 		vldr.32	s13, [r0, #124]
 1443 001a 77EEA67A 		vadd.f32	s15, s15, s13
 472:src/audio_engine.cpp ****         {
 1444              		.loc 1 472 9 is_stmt 1 view .LVU390
 1445 001e F4EEC77A 		vcmpe.f32	s15, s14
 1446 0022 F1EE10FA 		vmrs	APSR_nzcv, FPSCR
 1447 0026 0FDB     		blt	.L154
 474:src/audio_engine.cpp ****             transition_ = TRANSITION_STEADY;
 1448              		.loc 1 474 13 view .LVU391
 475:src/audio_engine.cpp ****         }
 1449              		.loc 1 475 25 is_stmt 0 view .LVU392
 1450 0028 0023     		movs	r3, #0
 474:src/audio_engine.cpp ****             transition_ = TRANSITION_STEADY;
 1451              		.loc 1 474 25 view .LVU393
 1452 002a 80ED1E7A 		vstr.32	s14, [r0, #120]
 1453 002e 1AE0     		b	.L155
 1454              	.L156:
 457:src/audio_engine.cpp ****         if(wet_gain_ <= 0.0f)
 1455              		.loc 1 457 9 is_stmt 1 view .LVU394
 457:src/audio_engine.cpp ****         if(wet_gain_ <= 0.0f)
 1456              		.loc 1 457 19 is_stmt 0 view .LVU395
 1457 0030 D0ED1E7A 		vldr.32	s15, [r0, #120]
 458:src/audio_engine.cpp ****         {
 1458              		.loc 1 458 9 view .LVU396
 1459 0034 0023     		movs	r3, #0
 457:src/audio_engine.cpp ****         if(wet_gain_ <= 0.0f)
 1460              		.loc 1 457 19 view .LVU397
 1461 0036 90ED1F7A 		vldr.32	s14, [r0, #124]
 1462 003a 77EEC77A 		vsub.f32	s15, s15, s14
 458:src/audio_engine.cpp ****         {
 1463              		.loc 1 458 9 is_stmt 1 view .LVU398
 1464 003e F5EEC07A 		vcmpe.f32	s15, #0
 1465 0042 F1EE10FA 		vmrs	APSR_nzcv, FPSCR
 1466 0046 02D9     		bls	.L146
 1467              	.L154:
 471:src/audio_engine.cpp ****         if(wet_gain_ >= 1.0f)
ARM GAS  C:\Users\aydan\AppData\Local\Temp\cckcUN7D.s 			page 41


 1468              		.loc 1 471 19 is_stmt 0 view .LVU399
 1469 0048 C0ED1E7A 		vstr.32	s15, [r0, #120]
 1470 004c 7047     		bx	lr
 1471              	.L146:
 1472              	.LVL103:
 1473              	.LBB125:
 1474              	.LBI125:
 453:src/audio_engine.cpp **** {
 1475              		.loc 1 453 6 is_stmt 1 view .LVU400
 1476              	.LBB126:
 460:src/audio_engine.cpp ****             active_effect_ = pending_effect_;
 1477              		.loc 1 460 13 view .LVU401
 461:src/audio_engine.cpp ****             active_bypass_ = pending_bypass_;
 1478              		.loc 1 461 30 is_stmt 0 view .LVU402
 1479 004e 90F87220 		ldrb	r2, [r0, #114]	@ zero_extendqisi2
 462:src/audio_engine.cpp ****             transition_
 1480              		.loc 1 462 30 view .LVU403
 1481 0052 90F87310 		ldrb	r1, [r0, #115]	@ zero_extendqisi2
 460:src/audio_engine.cpp ****             active_effect_ = pending_effect_;
 1482              		.loc 1 460 28 view .LVU404
 1483 0056 8367     		str	r3, [r0, #120]	@ float
 461:src/audio_engine.cpp ****             active_bypass_ = pending_bypass_;
 1484              		.loc 1 461 13 is_stmt 1 view .LVU405
 461:src/audio_engine.cpp ****             active_bypass_ = pending_bypass_;
 1485              		.loc 1 461 28 is_stmt 0 view .LVU406
 1486 0058 80F87020 		strb	r2, [r0, #112]
 462:src/audio_engine.cpp ****             transition_
 1487              		.loc 1 462 13 is_stmt 1 view .LVU407
 462:src/audio_engine.cpp ****             transition_
 1488              		.loc 1 462 28 is_stmt 0 view .LVU408
 1489 005c 80F87110 		strb	r1, [r0, #113]
 463:src/audio_engine.cpp ****                 = (active_effect_ != config::FX_TUNER && !active_bypass_)
 1490              		.loc 1 463 13 is_stmt 1 view .LVU409
 464:src/audio_engine.cpp ****                       ? TRANSITION_FADING_IN
 1491              		.loc 1 464 55 is_stmt 0 view .LVU410
 1492 0060 02B1     		cbz	r2, .L153
 1493 0062 19B1     		cbz	r1, .L152
 1494              	.L153:
 465:src/audio_engine.cpp ****                       : TRANSITION_STEADY;
 1495              		.loc 1 465 23 view .LVU411
 1496 0064 0023     		movs	r3, #0
 1497              	.LVL104:
 1498              	.L155:
 465:src/audio_engine.cpp ****                       : TRANSITION_STEADY;
 1499              		.loc 1 465 23 view .LVU412
 1500              	.LBE126:
 1501              	.LBE125:
 475:src/audio_engine.cpp ****         }
 1502              		.loc 1 475 13 is_stmt 1 view .LVU413
 475:src/audio_engine.cpp ****         }
 1503              		.loc 1 475 25 is_stmt 0 view .LVU414
 1504 0066 80F87430 		strb	r3, [r0, #116]
 1505              		.loc 1 478 1 view .LVU415
 1506 006a 7047     		bx	lr
 1507              	.LVL105:
 1508              	.L152:
 1509              	.LBB128:
ARM GAS  C:\Users\aydan\AppData\Local\Temp\cckcUN7D.s 			page 42


 1510              	.LBB127:
 465:src/audio_engine.cpp ****                       : TRANSITION_STEADY;
 1511              		.loc 1 465 23 view .LVU416
 1512 006c 0223     		movs	r3, #2
 1513 006e FAE7     		b	.L155
 1514              	.LBE127:
 1515              	.LBE128:
 1516              		.cfi_endproc
 1517              	.LFE2581:
 1519              		.section	.text._ZN3app11AudioEngine19ProcessEffectSampleEPN10bkshepherd16BaseEffectModuleEfRfS4_,"
 1520              		.align	1
 1521              		.p2align 2,,3
 1522              		.global	_ZN3app11AudioEngine19ProcessEffectSampleEPN10bkshepherd16BaseEffectModuleEfRfS4_
 1523              		.syntax unified
 1524              		.thumb
 1525              		.thumb_func
 1526              		.fpu fpv5-d16
 1528              	_ZN3app11AudioEngine19ProcessEffectSampleEPN10bkshepherd16BaseEffectModuleEfRfS4_:
 1529              	.LVL106:
 1530              	.LFB2582:
 479:src/audio_engine.cpp **** 
 480:src/audio_engine.cpp **** // Process one sample through the active module and retrieve both output channels.
 481:src/audio_engine.cpp **** void AudioEngine::ProcessEffectSample(bkshepherd::BaseEffectModule* fx,
 482:src/audio_engine.cpp ****                                       float                         in,
 483:src/audio_engine.cpp ****                                       float&                        out_l,
 484:src/audio_engine.cpp ****                                       float&                        out_r)
 485:src/audio_engine.cpp **** {
 1531              		.loc 1 485 1 is_stmt 1 view -0
 1532              		.cfi_startproc
 1533              		@ args = 0, pretend = 0, frame = 8
 1534              		@ frame_needed = 0, uses_anonymous_args = 0
 486:src/audio_engine.cpp ****     fx->ProcessMono(in);
 1535              		.loc 1 486 5 view .LVU418
 485:src/audio_engine.cpp ****     fx->ProcessMono(in);
 1536              		.loc 1 485 1 is_stmt 0 view .LVU419
 1537 0000 30B5     		push	{r4, r5, lr}
 1538              		.cfi_def_cfa_offset 12
 1539              		.cfi_offset 4, -12
 1540              		.cfi_offset 5, -8
 1541              		.cfi_offset 14, -4
 1542 0002 1C46     		mov	r4, r3
 1543 0004 83B0     		sub	sp, sp, #12
 1544              		.cfi_def_cfa_offset 24
 1545              		.loc 1 486 23 view .LVU420
 1546 0006 0B68     		ldr	r3, [r1]
 1547              	.LVL107:
 485:src/audio_engine.cpp ****     fx->ProcessMono(in);
 1548              		.loc 1 485 1 view .LVU421
 1549 0008 0846     		mov	r0, r1
 1550              	.LVL108:
 1551              		.loc 1 486 20 view .LVU422
 1552 000a 0191     		str	r1, [sp, #4]
 485:src/audio_engine.cpp ****     fx->ProcessMono(in);
 1553              		.loc 1 485 1 view .LVU423
 1554 000c 1546     		mov	r5, r2
 1555              		.loc 1 486 20 view .LVU424
 1556 000e DB68     		ldr	r3, [r3, #12]
ARM GAS  C:\Users\aydan\AppData\Local\Temp\cckcUN7D.s 			page 43


 1557 0010 9847     		blx	r3
 1558              	.LVL109:
 487:src/audio_engine.cpp ****     out_l = fx->GetAudioLeft();
 1559              		.loc 1 487 5 is_stmt 1 view .LVU425
 1560              		.loc 1 487 29 is_stmt 0 view .LVU426
 1561 0012 0198     		ldr	r0, [sp, #4]
 1562 0014 FFF7FEFF 		bl	_ZN10bkshepherd16BaseEffectModule12GetAudioLeftEv
 1563              	.LVL110:
 488:src/audio_engine.cpp ****     out_r = fx->GetAudioRight();
 1564              		.loc 1 488 30 view .LVU427
 1565 0018 0198     		ldr	r0, [sp, #4]
 487:src/audio_engine.cpp ****     out_l = fx->GetAudioLeft();
 1566              		.loc 1 487 11 view .LVU428
 1567 001a 85ED000A 		vstr.32	s0, [r5]
 1568              		.loc 1 488 5 is_stmt 1 view .LVU429
 1569              		.loc 1 488 30 is_stmt 0 view .LVU430
 1570 001e FFF7FEFF 		bl	_ZN10bkshepherd16BaseEffectModule13GetAudioRightEv
 1571              	.LVL111:
 1572              		.loc 1 488 11 view .LVU431
 1573 0022 84ED000A 		vstr.32	s0, [r4]
 489:src/audio_engine.cpp **** }
 1574              		.loc 1 489 1 view .LVU432
 1575 0026 03B0     		add	sp, sp, #12
 1576              		.cfi_def_cfa_offset 12
 1577              		@ sp needed
 1578 0028 30BD     		pop	{r4, r5, pc}
 1579              		.loc 1 489 1 view .LVU433
 1580              		.cfi_endproc
 1581              	.LFE2582:
 1583 002a 00BF     		.section	.text._ZN3app11AudioEngine15ApplyParametersEhPKt,"ax",%progbits
 1584              		.align	1
 1585              		.p2align 2,,3
 1586              		.global	_ZN3app11AudioEngine15ApplyParametersEhPKt
 1587              		.syntax unified
 1588              		.thumb
 1589              		.thumb_func
 1590              		.fpu fpv5-d16
 1592              	_ZN3app11AudioEngine15ApplyParametersEhPKt:
 1593              	.LVL112:
 1594              	.LFB2583:
 490:src/audio_engine.cpp **** 
 491:src/audio_engine.cpp **** // Convert mailbox fixed-point pots back to normalized floats only inside the callback-owned engine
 492:src/audio_engine.cpp **** void AudioEngine::ApplyParameters(uint8_t effect, const uint16_t* parameters)
 493:src/audio_engine.cpp **** {
 1595              		.loc 1 493 1 is_stmt 1 view -0
 1596              		.cfi_startproc
 1597              		@ args = 0, pretend = 0, frame = 0
 1598              		@ frame_needed = 0, uses_anonymous_args = 0
 494:src/audio_engine.cpp ****     if(effect == config::FX_TUNER || effect >= config::FX_COUNT)
 1599              		.loc 1 494 5 view .LVU435
 1600 0000 4B1E     		subs	r3, r1, #1
 1601 0002 032B     		cmp	r3, #3
 1602 0004 54D8     		bhi	.L170
 495:src/audio_engine.cpp ****         return;
 496:src/audio_engine.cpp **** 
 497:src/audio_engine.cpp ****     bkshepherd::BaseEffectModule* fx = effects_[effect];
 1603              		.loc 1 497 5 view .LVU436
ARM GAS  C:\Users\aydan\AppData\Local\Temp\cckcUN7D.s 			page 44


 1604              		.loc 1 497 35 is_stmt 0 view .LVU437
 1605 0006 8B1C     		adds	r3, r1, #2
 493:src/audio_engine.cpp ****     if(effect == config::FX_TUNER || effect >= config::FX_COUNT)
 1606              		.loc 1 493 1 view .LVU438
 1607 0008 2DE9F041 		push	{r4, r5, r6, r7, r8, lr}
 1608              		.cfi_def_cfa_offset 24
 1609              		.cfi_offset 4, -24
 1610              		.cfi_offset 5, -20
 1611              		.cfi_offset 6, -16
 1612              		.cfi_offset 7, -12
 1613              		.cfi_offset 8, -8
 1614              		.cfi_offset 14, -4
 1615              		.loc 1 497 35 view .LVU439
 1616 000c 50F82380 		ldr	r8, [r0, r3, lsl #2]
 1617              	.LVL113:
 498:src/audio_engine.cpp ****     if(!fx)
 1618              		.loc 1 498 5 is_stmt 1 view .LVU440
 1619 0010 0C46     		mov	r4, r1
 1620 0012 0546     		mov	r5, r0
 1621 0014 B8F1000F 		cmp	r8, #0
 1622 0018 14D0     		beq	.L160
 499:src/audio_engine.cpp ****         return;
 500:src/audio_engine.cpp **** 
 501:src/audio_engine.cpp ****     const PotParamMap& map = maps_[effect];
 1623              		.loc 1 501 5 view .LVU441
 1624              	.LVL114:
 502:src/audio_engine.cpp ****     if(map.p0 >= 0)
 1625              		.loc 1 502 5 view .LVU442
 1626              		.loc 1 502 12 is_stmt 0 view .LVU443
 1627 001a 01EB4103 		add	r3, r1, r1, lsl #1
 1628 001e 1646     		mov	r6, r2
 1629 0020 4F00     		lsls	r7, r1, #1
 1630 0022 00EB8303 		add	r3, r0, r3, lsl #2
 1631 0026 D969     		ldr	r1, [r3, #28]
 1632              	.LVL115:
 1633              		.loc 1 502 5 view .LVU444
 1634 0028 0029     		cmp	r1, #0
 1635 002a 2EDA     		bge	.L173
 503:src/audio_engine.cpp ****         fx->SetParameterAsMagnitude(map.p0, U16ToFloat(parameters[0]));
 504:src/audio_engine.cpp ****     if(map.p1 >= 0)
 1636              		.loc 1 504 5 is_stmt 1 view .LVU445
 1637              		.loc 1 504 12 is_stmt 0 view .LVU446
 1638 002c 3B19     		adds	r3, r7, r4
 1639 002e 05EB8303 		add	r3, r5, r3, lsl #2
 1640 0032 196A     		ldr	r1, [r3, #32]
 1641              		.loc 1 504 5 view .LVU447
 1642 0034 0029     		cmp	r1, #0
 1643 0036 15DA     		bge	.L174
 1644              	.LVL116:
 1645              	.L165:
 505:src/audio_engine.cpp ****         fx->SetParameterAsMagnitude(map.p1, U16ToFloat(parameters[1]));
 506:src/audio_engine.cpp ****     if(map.p2 >= 0)
 1646              		.loc 1 506 5 is_stmt 1 view .LVU448
 1647              		.loc 1 506 12 is_stmt 0 view .LVU449
 1648 0038 3C44     		add	r4, r4, r7
 1649              	.LVL117:
 1650              		.loc 1 506 12 view .LVU450
ARM GAS  C:\Users\aydan\AppData\Local\Temp\cckcUN7D.s 			page 45


 1651 003a 05EB8405 		add	r5, r5, r4, lsl #2
 1652              	.LVL118:
 1653              		.loc 1 506 12 view .LVU451
 1654 003e 696A     		ldr	r1, [r5, #36]
 1655              		.loc 1 506 5 view .LVU452
 1656 0040 0029     		cmp	r1, #0
 1657 0042 01DA     		bge	.L175
 1658              	.LVL119:
 1659              	.L160:
 507:src/audio_engine.cpp ****         fx->SetParameterAsMagnitude(map.p2, U16ToFloat(parameters[2]));
 508:src/audio_engine.cpp **** }
 1660              		.loc 1 508 1 view .LVU453
 1661 0044 BDE8F081 		pop	{r4, r5, r6, r7, r8, pc}
 1662              	.LVL120:
 1663              	.L175:
 507:src/audio_engine.cpp ****         fx->SetParameterAsMagnitude(map.p2, U16ToFloat(parameters[2]));
 1664              		.loc 1 507 9 is_stmt 1 view .LVU454
 1665              	.LBB129:
 1666              	.LBI129:
 300:src/audio_engine.cpp **** {
 1667              		.loc 1 300 7 view .LVU455
 1668              	.LBB130:
 302:src/audio_engine.cpp **** }
 1669              		.loc 1 302 5 view .LVU456
 302:src/audio_engine.cpp **** }
 1670              		.loc 1 302 12 is_stmt 0 view .LVU457
 1671 0048 B388     		ldrh	r3, [r6, #4]
 1672              	.LBE130:
 1673              	.LBE129:
 507:src/audio_engine.cpp ****         fx->SetParameterAsMagnitude(map.p2, U16ToFloat(parameters[2]));
 1674              		.loc 1 507 36 view .LVU458
 1675 004a 4046     		mov	r0, r8
 1676              	.LBB132:
 1677              	.LBB131:
 302:src/audio_engine.cpp **** }
 1678              		.loc 1 302 27 view .LVU459
 1679 004c 9FED190A 		vldr.32	s0, .L176
 302:src/audio_engine.cpp **** }
 1680              		.loc 1 302 12 view .LVU460
 1681 0050 07EE903A 		vmov	s15, r3	@ int
 1682 0054 F8EE677A 		vcvt.f32.u32	s15, s15
 1683              	.LBE131:
 1684              	.LBE132:
 1685              		.loc 1 508 1 view .LVU461
 1686 0058 BDE8F041 		pop	{r4, r5, r6, r7, r8, lr}
 1687              		.cfi_remember_state
 1688              		.cfi_restore 14
 1689              		.cfi_restore 8
 1690              		.cfi_restore 7
 1691              		.cfi_restore 6
 1692              		.cfi_restore 5
 1693              		.cfi_restore 4
 1694              		.cfi_def_cfa_offset 0
 1695              	.LVL121:
 507:src/audio_engine.cpp ****         fx->SetParameterAsMagnitude(map.p2, U16ToFloat(parameters[2]));
 1696              		.loc 1 507 36 view .LVU462
 1697 005c 87EE800A 		vdiv.f32	s0, s15, s0
ARM GAS  C:\Users\aydan\AppData\Local\Temp\cckcUN7D.s 			page 46


 1698 0060 FFF7FEBF 		b	_ZN10bkshepherd16BaseEffectModule23SetParameterAsMagnitudeEif
 1699              	.LVL122:
 1700              	.L174:
 1701              		.cfi_restore_state
 505:src/audio_engine.cpp ****     if(map.p2 >= 0)
 1702              		.loc 1 505 9 is_stmt 1 view .LVU463
 1703              	.LBB133:
 1704              	.LBI133:
 300:src/audio_engine.cpp **** {
 1705              		.loc 1 300 7 view .LVU464
 1706              	.LBB134:
 302:src/audio_engine.cpp **** }
 1707              		.loc 1 302 5 view .LVU465
 302:src/audio_engine.cpp **** }
 1708              		.loc 1 302 12 is_stmt 0 view .LVU466
 1709 0064 7388     		ldrh	r3, [r6, #2]
 1710              	.LBE134:
 1711              	.LBE133:
 506:src/audio_engine.cpp ****         fx->SetParameterAsMagnitude(map.p2, U16ToFloat(parameters[2]));
 1712              		.loc 1 506 12 view .LVU467
 1713 0066 3C44     		add	r4, r4, r7
 1714              	.LVL123:
 1715              	.LBB138:
 1716              	.LBB135:
 302:src/audio_engine.cpp **** }
 1717              		.loc 1 302 27 view .LVU468
 1718 0068 9FED120A 		vldr.32	s0, .L176
 1719              	.LBE135:
 1720              	.LBE138:
 505:src/audio_engine.cpp ****     if(map.p2 >= 0)
 1721              		.loc 1 505 36 view .LVU469
 1722 006c 4046     		mov	r0, r8
 1723              	.LBB139:
 1724              	.LBB136:
 302:src/audio_engine.cpp **** }
 1725              		.loc 1 302 12 view .LVU470
 1726 006e 07EE903A 		vmov	s15, r3	@ int
 1727              	.LBE136:
 1728              	.LBE139:
 506:src/audio_engine.cpp ****         fx->SetParameterAsMagnitude(map.p2, U16ToFloat(parameters[2]));
 1729              		.loc 1 506 12 view .LVU471
 1730 0072 05EB8405 		add	r5, r5, r4, lsl #2
 1731              	.LVL124:
 1732              	.LBB140:
 1733              	.LBB137:
 302:src/audio_engine.cpp **** }
 1734              		.loc 1 302 12 view .LVU472
 1735 0076 F8EE677A 		vcvt.f32.u32	s15, s15
 1736              	.LBE137:
 1737              	.LBE140:
 505:src/audio_engine.cpp ****     if(map.p2 >= 0)
 1738              		.loc 1 505 36 view .LVU473
 1739 007a 87EE800A 		vdiv.f32	s0, s15, s0
 1740 007e FFF7FEFF 		bl	_ZN10bkshepherd16BaseEffectModule23SetParameterAsMagnitudeEif
 1741              	.LVL125:
 506:src/audio_engine.cpp ****         fx->SetParameterAsMagnitude(map.p2, U16ToFloat(parameters[2]));
 1742              		.loc 1 506 5 is_stmt 1 view .LVU474
ARM GAS  C:\Users\aydan\AppData\Local\Temp\cckcUN7D.s 			page 47


 506:src/audio_engine.cpp ****         fx->SetParameterAsMagnitude(map.p2, U16ToFloat(parameters[2]));
 1743              		.loc 1 506 12 is_stmt 0 view .LVU475
 1744 0082 696A     		ldr	r1, [r5, #36]
 506:src/audio_engine.cpp ****         fx->SetParameterAsMagnitude(map.p2, U16ToFloat(parameters[2]));
 1745              		.loc 1 506 5 view .LVU476
 1746 0084 0029     		cmp	r1, #0
 1747 0086 DDDB     		blt	.L160
 1748 0088 DEE7     		b	.L175
 1749              	.LVL126:
 1750              	.L173:
 503:src/audio_engine.cpp ****     if(map.p1 >= 0)
 1751              		.loc 1 503 9 is_stmt 1 view .LVU477
 1752              	.LBB141:
 1753              	.LBI141:
 300:src/audio_engine.cpp **** {
 1754              		.loc 1 300 7 view .LVU478
 1755              	.LBB142:
 302:src/audio_engine.cpp **** }
 1756              		.loc 1 302 5 view .LVU479
 302:src/audio_engine.cpp **** }
 1757              		.loc 1 302 12 is_stmt 0 view .LVU480
 1758 008a 1388     		ldrh	r3, [r2]
 1759              	.LBE142:
 1760              	.LBE141:
 503:src/audio_engine.cpp ****     if(map.p1 >= 0)
 1761              		.loc 1 503 36 view .LVU481
 1762 008c 4046     		mov	r0, r8
 1763              	.LVL127:
 1764              	.LBB144:
 1765              	.LBB143:
 302:src/audio_engine.cpp **** }
 1766              		.loc 1 302 27 view .LVU482
 1767 008e 9FED090A 		vldr.32	s0, .L176
 302:src/audio_engine.cpp **** }
 1768              		.loc 1 302 12 view .LVU483
 1769 0092 07EE903A 		vmov	s15, r3	@ int
 1770 0096 F8EE677A 		vcvt.f32.u32	s15, s15
 1771              	.LBE143:
 1772              	.LBE144:
 503:src/audio_engine.cpp ****     if(map.p1 >= 0)
 1773              		.loc 1 503 36 view .LVU484
 1774 009a 87EE800A 		vdiv.f32	s0, s15, s0
 1775 009e FFF7FEFF 		bl	_ZN10bkshepherd16BaseEffectModule23SetParameterAsMagnitudeEif
 1776              	.LVL128:
 504:src/audio_engine.cpp ****         fx->SetParameterAsMagnitude(map.p1, U16ToFloat(parameters[1]));
 1777              		.loc 1 504 5 is_stmt 1 view .LVU485
 504:src/audio_engine.cpp ****         fx->SetParameterAsMagnitude(map.p1, U16ToFloat(parameters[1]));
 1778              		.loc 1 504 12 is_stmt 0 view .LVU486
 1779 00a2 3B19     		adds	r3, r7, r4
 1780 00a4 05EB8303 		add	r3, r5, r3, lsl #2
 1781 00a8 196A     		ldr	r1, [r3, #32]
 504:src/audio_engine.cpp ****         fx->SetParameterAsMagnitude(map.p1, U16ToFloat(parameters[1]));
 1782              		.loc 1 504 5 view .LVU487
 1783 00aa 0029     		cmp	r1, #0
 1784 00ac C4DB     		blt	.L165
 1785 00ae D9E7     		b	.L174
 1786              	.LVL129:
ARM GAS  C:\Users\aydan\AppData\Local\Temp\cckcUN7D.s 			page 48


 1787              	.L170:
 1788              		.cfi_def_cfa_offset 0
 1789              		.cfi_restore 4
 1790              		.cfi_restore 5
 1791              		.cfi_restore 6
 1792              		.cfi_restore 7
 1793              		.cfi_restore 8
 1794              		.cfi_restore 14
 504:src/audio_engine.cpp ****         fx->SetParameterAsMagnitude(map.p1, U16ToFloat(parameters[1]));
 1795              		.loc 1 504 5 view .LVU488
 1796 00b0 7047     		bx	lr
 1797              	.L177:
 1798 00b2 00BF     		.align	2
 1799              	.L176:
 1800 00b4 00FF7F47 		.word	1199570688
 1801              		.cfi_endproc
 1802              	.LFE2583:
 1804              		.section	.text._ZN3app11AudioEngine13CurrentEffectEv,"ax",%progbits
 1805              		.align	1
 1806              		.p2align 2,,3
 1807              		.global	_ZN3app11AudioEngine13CurrentEffectEv
 1808              		.syntax unified
 1809              		.thumb
 1810              		.thumb_func
 1811              		.fpu fpv5-d16
 1813              	_ZN3app11AudioEngine13CurrentEffectEv:
 1814              	.LVL130:
 1815              	.LFB2584:
 509:src/audio_engine.cpp **** 
 510:src/audio_engine.cpp **** bkshepherd::BaseEffectModule* AudioEngine::CurrentEffect()
 511:src/audio_engine.cpp **** {
 1816              		.loc 1 511 1 is_stmt 1 view -0
 1817              		.cfi_startproc
 1818              		@ args = 0, pretend = 0, frame = 0
 1819              		@ frame_needed = 0, uses_anonymous_args = 0
 1820              		@ link register save eliminated.
 512:src/audio_engine.cpp ****     if(active_effect_ == config::FX_TUNER || active_effect_ >= config::FX_COUNT)
 1821              		.loc 1 512 5 view .LVU490
 1822              		.loc 1 512 8 is_stmt 0 view .LVU491
 1823 0000 90F87030 		ldrb	r3, [r0, #112]	@ zero_extendqisi2
 1824              		.loc 1 512 5 view .LVU492
 1825 0004 5A1E     		subs	r2, r3, #1
 1826 0006 032A     		cmp	r2, #3
 1827 0008 03D8     		bhi	.L180
 513:src/audio_engine.cpp ****         return 0;
 514:src/audio_engine.cpp ****     return effects_[active_effect_];
 1828              		.loc 1 514 5 is_stmt 1 view .LVU493
 1829              		.loc 1 514 35 is_stmt 0 view .LVU494
 1830 000a 0233     		adds	r3, r3, #2
 1831 000c 50F82300 		ldr	r0, [r0, r3, lsl #2]
 1832              	.LVL131:
 1833              		.loc 1 514 35 view .LVU495
 1834 0010 7047     		bx	lr
 1835              	.LVL132:
 1836              	.L180:
 513:src/audio_engine.cpp ****         return 0;
 1837              		.loc 1 513 16 view .LVU496
ARM GAS  C:\Users\aydan\AppData\Local\Temp\cckcUN7D.s 			page 49


 1838 0012 0020     		movs	r0, #0
 1839              	.LVL133:
 515:src/audio_engine.cpp **** }
 1840              		.loc 1 515 1 view .LVU497
 1841 0014 7047     		bx	lr
 1842              		.cfi_endproc
 1843              	.LFE2584:
 1845 0016 00BF     		.section	.rodata
 1846              		.align	2
 1847              		.set	.LANCHOR0,. + 0
 1848              	.LC0:
 1849 0000 FFFFFFFF 		.word	-1
 1850 0004 FFFFFFFF 		.word	-1
 1851 0008 FFFFFFFF 		.word	-1
 1852 000c FFFFFFFF 		.word	-1
 1853 0010 FFFFFFFF 		.word	-1
 1854 0014 FFFFFFFF 		.word	-1
 1855 0018 FFFFFFFF 		.word	-1
 1856 001c FFFFFFFF 		.word	-1
 1857 0020 FFFFFFFF 		.word	-1
 1858 0024 FFFFFFFF 		.word	-1
 1859 0028 FFFFFFFF 		.word	-1
 1860 002c FFFFFFFF 		.word	-1
 1861 0030 FFFFFFFF 		.word	-1
 1862 0034 FFFFFFFF 		.word	-1
 1863 0038 FFFFFFFF 		.word	-1
 1864              	.LC1:
 1865 003c FF       		.byte	-1
 1866 003d FF       		.byte	-1
 1867 003e 00       		.byte	0
 1868 003f 00       		.byte	0
 1869 0040 FFFF     		.short	-1
 1870 0042 FFFF     		.short	-1
 1871 0044 FFFF     		.short	-1
 1872              		.text
 1873              	.Letext0:
 1874              		.file 3 "c:\\program files\\daisytoolchain\\arm-none-eabi\\include\\machine\\_default_types.h"
 1875              		.file 4 "c:\\program files\\daisytoolchain\\arm-none-eabi\\include\\sys\\_stdint.h"
 1876              		.file 5 "c:\\program files\\daisytoolchain\\arm-none-eabi\\include\\stdint.h"
 1877              		.file 6 "c:\\program files\\daisytoolchain\\lib\\gcc\\arm-none-eabi\\10.2.1\\include\\stddef.h"
 1878              		.file 7 "c:\\program files\\daisytoolchain\\arm-none-eabi\\include\\c++\\10.2.1\\cmath"
 1879              		.file 8 "c:\\program files\\daisytoolchain\\arm-none-eabi\\include\\c++\\10.2.1\\bits\\std_abs.h"
 1880              		.file 9 "c:\\program files\\daisytoolchain\\arm-none-eabi\\include\\c++\\10.2.1\\cstdlib"
 1881              		.file 10 "c:\\program files\\daisytoolchain\\arm-none-eabi\\include\\c++\\10.2.1\\cstdint"
 1882              		.file 11 "c:\\program files\\daisytoolchain\\arm-none-eabi\\include\\c++\\10.2.1\\type_traits"
 1883              		.file 12 "c:\\program files\\daisytoolchain\\arm-none-eabi\\include\\c++\\10.2.1\\debug\\debug.h"
 1884              		.file 13 "c:\\program files\\daisytoolchain\\arm-none-eabi\\include\\c++\\10.2.1\\arm-none-eabi\\t
 1885              		.file 14 "c:\\program files\\daisytoolchain\\arm-none-eabi\\include\\c++\\10.2.1\\bits\\algorithmf
 1886              		.file 15 "c:\\program files\\daisytoolchain\\arm-none-eabi\\include\\c++\\10.2.1\\bits\\stl_pair.h
 1887              		.file 16 "c:\\program files\\daisytoolchain\\arm-none-eabi\\include\\c++\\10.2.1\\bits\\exception_
 1888              		.file 17 "c:\\program files\\daisytoolchain\\arm-none-eabi\\include\\c++\\10.2.1\\cstdarg"
 1889              		.file 18 "c:\\program files\\daisytoolchain\\arm-none-eabi\\include\\c++\\10.2.1\\cstdio"
 1890              		.file 19 "c:\\program files\\daisytoolchain\\arm-none-eabi\\include\\c++\\10.2.1\\cstring"
 1891              		.file 20 "c:\\program files\\daisytoolchain\\arm-none-eabi\\include\\c++\\10.2.1\\bits\\predefined
 1892              		.file 21 "c:\\program files\\daisytoolchain\\arm-none-eabi\\include\\sys\\_types.h"
 1893              		.file 22 "c:\\program files\\daisytoolchain\\arm-none-eabi\\include\\sys\\reent.h"
 1894              		.file 23 "c:\\program files\\daisytoolchain\\arm-none-eabi\\include\\sys\\lock.h"
ARM GAS  C:\Users\aydan\AppData\Local\Temp\cckcUN7D.s 			page 50


 1895              		.file 24 "c:\\program files\\daisytoolchain\\arm-none-eabi\\include\\math.h"
 1896              		.file 25 "c:\\program files\\daisytoolchain\\arm-none-eabi\\include\\stdlib.h"
 1897              		.file 26 "c:\\program files\\daisytoolchain\\arm-none-eabi\\include\\c++\\10.2.1\\math.h"
 1898              		.file 27 "c:\\program files\\daisytoolchain\\arm-none-eabi\\include\\c++\\10.2.1\\stdlib.h"
 1899              		.file 28 "../../libDaisy/src/daisy_core.h"
 1900              		.file 29 "../../libDaisy/src/per/sai.h"
 1901              		.file 30 "../../libDaisy/src/hid/audio.h"
 1902              		.file 31 "../../libDaisy/src/util/wav_format.h"
 1903              		.file 32 "../../libDaisy/src/dev/max11300.h"
 1904              		.file 33 "../../libDaisy/src/daisy_seed.h"
 1905              		.file 34 "c:\\program files\\daisytoolchain\\lib\\gcc\\arm-none-eabi\\10.2.1\\include\\stdarg.h"
 1906              		.file 35 "c:\\program files\\daisytoolchain\\arm-none-eabi\\include\\stdio.h"
 1907              		.file 36 "c:\\program files\\daisytoolchain\\arm-none-eabi\\include\\string.h"
 1908              		.file 37 "src/app_config.h"
 1909              		.file 38 "src/tuner.h"
 1910              		.file 39 "src/audio_engine.h"
 1911              		.file 40 "gml/GuitarPedal/Effect-Modules/base_effect_module.h"
 1912              		.file 41 "../../libDaisy/src/dev/sr_595.h"
 1913              		.file 42 "<built-in>"
ARM GAS  C:\Users\aydan\AppData\Local\Temp\cckcUN7D.s 			page 51


DEFINED SYMBOLS
                            *ABS*:00000000 audio_engine.cpp
C:\Users\aydan\AppData\Local\Temp\cckcUN7D.s:17     .text._ZN3app11AudioEngine16StringContainsCiEPKcS2_.part.0:00000000 $t
C:\Users\aydan\AppData\Local\Temp\cckcUN7D.s:25     .text._ZN3app11AudioEngine16StringContainsCiEPKcS2_.part.0:00000000 _ZN3app11AudioEngine16StringContainsCiEPKcS2_.part.0
C:\Users\aydan\AppData\Local\Temp\cckcUN7D.s:164    .text._ZN3app11AudioEngineC2Ev:00000000 $t
C:\Users\aydan\AppData\Local\Temp\cckcUN7D.s:172    .text._ZN3app11AudioEngineC2Ev:00000000 _ZN3app11AudioEngineC2Ev
C:\Users\aydan\AppData\Local\Temp\cckcUN7D.s:245    .text._ZN3app11AudioEngineC2Ev:00000084 $d
C:\Users\aydan\AppData\Local\Temp\cckcUN7D.s:172    .text._ZN3app11AudioEngineC2Ev:00000000 _ZN3app11AudioEngineC1Ev
C:\Users\aydan\AppData\Local\Temp\cckcUN7D.s:255    .text._ZN3app11AudioEngine16StringContainsCiEPKcS2_:00000000 $t
C:\Users\aydan\AppData\Local\Temp\cckcUN7D.s:263    .text._ZN3app11AudioEngine16StringContainsCiEPKcS2_:00000000 _ZN3app11AudioEngine16StringContainsCiEPKcS2_
C:\Users\aydan\AppData\Local\Temp\cckcUN7D.s:286    .text._ZN3app11AudioEngine19FindParamByKeywordsEPN10bkshepherd16BaseEffectModuleEPKcS5_S5_:00000000 $t
C:\Users\aydan\AppData\Local\Temp\cckcUN7D.s:294    .text._ZN3app11AudioEngine19FindParamByKeywordsEPN10bkshepherd16BaseEffectModuleEPKcS5_S5_:00000000 _ZN3app11AudioEngine19FindParamByKeywordsEPN10bkshepherd16BaseEffectModuleEPKcS5_S5_
C:\Users\aydan\AppData\Local\Temp\cckcUN7D.s:467    .text._ZN3app11AudioEngine19FallbackParamForPotEPN10bkshepherd16BaseEffectModuleEi:00000000 $t
C:\Users\aydan\AppData\Local\Temp\cckcUN7D.s:475    .text._ZN3app11AudioEngine19FallbackParamForPotEPN10bkshepherd16BaseEffectModuleEi:00000000 _ZN3app11AudioEngine19FallbackParamForPotEPN10bkshepherd16BaseEffectModuleEi
C:\Users\aydan\AppData\Local\Temp\cckcUN7D.s:540    .text._ZN3app11AudioEngine10U16ToFloatEt:00000000 $t
C:\Users\aydan\AppData\Local\Temp\cckcUN7D.s:548    .text._ZN3app11AudioEngine10U16ToFloatEt:00000000 _ZN3app11AudioEngine10U16ToFloatEt
C:\Users\aydan\AppData\Local\Temp\cckcUN7D.s:569    .text._ZN3app11AudioEngine10U16ToFloatEt:00000014 $d
C:\Users\aydan\AppData\Local\Temp\cckcUN7D.s:574    .text._ZN3app11AudioEngine11ClampOutputEf:00000000 $t
C:\Users\aydan\AppData\Local\Temp\cckcUN7D.s:582    .text._ZN3app11AudioEngine11ClampOutputEf:00000000 _ZN3app11AudioEngine11ClampOutputEf
C:\Users\aydan\AppData\Local\Temp\cckcUN7D.s:614    .text._ZN3app11AudioEngine11ClampOutputEf:00000028 $d
C:\Users\aydan\AppData\Local\Temp\cckcUN7D.s:620    .text._ZN3app11AudioEngine14BuildParamMapsEv:00000000 $t
C:\Users\aydan\AppData\Local\Temp\cckcUN7D.s:628    .text._ZN3app11AudioEngine14BuildParamMapsEv:00000000 _ZN3app11AudioEngine14BuildParamMapsEv
C:\Users\aydan\AppData\Local\Temp\cckcUN7D.s:642    .text._ZN3app11AudioEngine22ApplySnapshotIfChangedEv:00000000 $t
C:\Users\aydan\AppData\Local\Temp\cckcUN7D.s:650    .text._ZN3app11AudioEngine22ApplySnapshotIfChangedEv:00000000 _ZN3app11AudioEngine22ApplySnapshotIfChangedEv
C:\Users\aydan\AppData\Local\Temp\cckcUN7D.s:871    .text._ZN3app11AudioEngine4InitEfRNS_14ControlMailboxERNS_12TunerCaptureE:00000000 $t
C:\Users\aydan\AppData\Local\Temp\cckcUN7D.s:879    .text._ZN3app11AudioEngine4InitEfRNS_14ControlMailboxERNS_12TunerCaptureE:00000000 _ZN3app11AudioEngine4InitEfRNS_14ControlMailboxERNS_12TunerCaptureE
C:\Users\aydan\AppData\Local\Temp\cckcUN7D.s:943    .text._ZN3app11AudioEngine4InitEfRNS_14ControlMailboxERNS_12TunerCaptureE:00000038 $d
C:\Users\aydan\AppData\Local\Temp\cckcUN7D.s:948    .text._ZN3app11AudioEngine7ProcessEPKPKfPPfj:00000000 $t
C:\Users\aydan\AppData\Local\Temp\cckcUN7D.s:956    .text._ZN3app11AudioEngine7ProcessEPKPKfPPfj:00000000 _ZN3app11AudioEngine7ProcessEPKPKfPPfj
C:\Users\aydan\AppData\Local\Temp\cckcUN7D.s:1282   .text._ZN3app11AudioEngine7ProcessEPKPKfPPfj:00000120 $d
C:\Users\aydan\AppData\Local\Temp\cckcUN7D.s:1288   .text._ZN3app11AudioEngine20BeginThermalShutdownEv:00000000 $t
C:\Users\aydan\AppData\Local\Temp\cckcUN7D.s:1296   .text._ZN3app11AudioEngine20BeginThermalShutdownEv:00000000 _ZN3app11AudioEngine20BeginThermalShutdownEv
C:\Users\aydan\AppData\Local\Temp\cckcUN7D.s:1324   .text._ZN3app11AudioEngine15StartTransitionEhb:00000000 $t
C:\Users\aydan\AppData\Local\Temp\cckcUN7D.s:1332   .text._ZN3app11AudioEngine15StartTransitionEhb:00000000 _ZN3app11AudioEngine15StartTransitionEhb
C:\Users\aydan\AppData\Local\Temp\cckcUN7D.s:1408   .text._ZN3app11AudioEngine14StepTransitionEv:00000000 $t
C:\Users\aydan\AppData\Local\Temp\cckcUN7D.s:1416   .text._ZN3app11AudioEngine14StepTransitionEv:00000000 _ZN3app11AudioEngine14StepTransitionEv
C:\Users\aydan\AppData\Local\Temp\cckcUN7D.s:1520   .text._ZN3app11AudioEngine19ProcessEffectSampleEPN10bkshepherd16BaseEffectModuleEfRfS4_:00000000 $t
C:\Users\aydan\AppData\Local\Temp\cckcUN7D.s:1528   .text._ZN3app11AudioEngine19ProcessEffectSampleEPN10bkshepherd16BaseEffectModuleEfRfS4_:00000000 _ZN3app11AudioEngine19ProcessEffectSampleEPN10bkshepherd16BaseEffectModuleEfRfS4_
C:\Users\aydan\AppData\Local\Temp\cckcUN7D.s:1584   .text._ZN3app11AudioEngine15ApplyParametersEhPKt:00000000 $t
C:\Users\aydan\AppData\Local\Temp\cckcUN7D.s:1592   .text._ZN3app11AudioEngine15ApplyParametersEhPKt:00000000 _ZN3app11AudioEngine15ApplyParametersEhPKt
C:\Users\aydan\AppData\Local\Temp\cckcUN7D.s:1800   .text._ZN3app11AudioEngine15ApplyParametersEhPKt:000000b4 $d
C:\Users\aydan\AppData\Local\Temp\cckcUN7D.s:1805   .text._ZN3app11AudioEngine13CurrentEffectEv:00000000 $t
C:\Users\aydan\AppData\Local\Temp\cckcUN7D.s:1813   .text._ZN3app11AudioEngine13CurrentEffectEv:00000000 _ZN3app11AudioEngine13CurrentEffectEv
C:\Users\aydan\AppData\Local\Temp\cckcUN7D.s:1846   .rodata:00000000 $d

UNDEFINED SYMBOLS
_ZN10bkshepherd16BaseEffectModule17GetParameterCountEv
_ZN10bkshepherd16BaseEffectModule16GetParameterNameEi
_ZN10bkshepherd16BaseEffectModule27GetMappedParameterIDForKnobEi
_ZN3app12TunerCapture10WriteBlockEPKfj
_ZN10bkshepherd16BaseEffectModule12GetAudioLeftEv
_ZN10bkshepherd16BaseEffectModule13GetAudioRightEv
_ZN10bkshepherd16BaseEffectModule23SetParameterAsMagnitudeEif
