:020000040800F2
:1000000000000220110A00080D0A000891A700084C
:100010000D0A00080D0A00080D0A00080000000083
:100020000000000000000000000000000D0A0008B1
:100030000D0A0008000000000D0A000815A70008BE
:100040000D0A00080D0A00080D0A00080D0A000834
:100050000D0A00080D0A00080D0A00080D0A000824
:100060000D0A00080D0A00080D0A0008499300084F
:1000700055930008C5800008619300086D9300083F
:10008000C9A10008758800080D0A00080D0A0008BB
:100090000D0A00080D0A00080D0A00080D0A0008E4
:1000A0000D0A00080D0A00080D0A00080D0A0008D4
:1000B000392001084520010851200108A9880008BD
:1000C0000D0A0008B58800080D0A0008A9180108E3
:1000D000B5180108FD9F000829A000085DA00008D0
:1000E0000D0A00080D0A0008000000000D0A0008B3
:1000F0000D0A00080D0A00080D0A00080D0A000884
:100100000D0A00080D0A00085D200108C118010849
:1001100091A00008C5A000080D0A00080D0A0008FB
:100120000D0A00080D0A0008E51801081919010850
:10013000FDA100080D0A00080D0A00080D0A0008BC
:1001400000000000000000000000000000000000AF
:100150000D0A00080D0A00080D0A0008F9A00008A1
:10016000C18800080D0A000825A7000849A7000853
:100170000D0A00086DA700080D0A00080D0A000806
:100180000D0A00080D0A00082DA1000861A1000851
:10019000CD180108D91801080D0A00080D0A000839
:1001A0000D0A00080D0A00080D0A00080D0A0008D3
:1001B000699000080D0A00080D0A00080D0A0008E1
:1001C0000D0A00080D0A00080D0A00080D0A0008B3
:1001D0000D0A00080D0A00080D0A00080D0A0008A3
:1001E0000D0A00080D0A00080D0A00080D0A000893
:1001F0000D0A00080D0A00080D0A00080D0A000883
:100200000D0A00080D0A00080D0A00080D0A000872
:100210000D0A00080D0A00080D0A00080D0A000862
:100220000D0A00080D0A00080D0A00080000000071
:100230000D0A00080D0A0008000000000D0A000861
:100240000D0A00080D0A00080D0A00080D0A000832
:100250000D0A00080D0A00080D0A00080D0A000822
:100260000D0A00080D0A00080D0A00080D0A000812
:100270000D0A00080D0A000895A100080000000002
:100280000D0A00080D0A00080D0A00080000000011
:08029000000000000D0A000847
:1002A00010B5054C237833B9044B13B10448AFF3B0
:1002B00000800123237010BDE8030024000000002B
:1002C000E441010808B5034B1BB103490348AFF3F0
:1002D000008008BD00000000EC030024E441010898
:1002E000034613F8012B002AFBD1181A0138704776
:1002F00001F0FF01102A2BDB10F0070F08D010F8D7
:10030000013B013A8B422DD010F0070F42B3F6D1DA
:10031000F0B441EA012141EA014122F007047FF0F3
:1003200000070023F0E80256083C85EA010586EA4A
:10033000010685FA47F5A3FA87F586FA47F6A5FA86
:1003400087F68EB9EED1F0BC01F0FF0102F0070292
:1003500032B110F8013B013A83EA010313B1F8D13D
:100360000020704701387047002D06BF354603381E
:10037000073815F0010F07D1013015F4807F02BF57
:10038000013015F4C03F0130F0BC0138704700BFA8
:1003900081F0004102E000BF83F0004330B54FEA36
:1003A00041044FEA430594EA050F08BF90EA020FA3
:1003B0001FBF54EA000C55EA020C7FEA645C7FEA36
:1003C000655C00F0E2804FEA5454D4EB5555B8BF59
:1003D0006D420CDD2C4480EA020281EA030382EACA
:1003E000000083EA010180EA020281EA0303362D5C
:1003F00088BF30BD11F0004F4FEA01314FF4801C2F
:100400004CEA113102D0404261EB410113F0004F40
:100410004FEA03334CEA133302D0524263EB4303F7
:1004200094EA050F00F0A780A4F10104D5F1200E95
:100430000DDB02FA0EFC22FA05F2801841F10001F0
:1004400003FA0EF2801843FA05F359410EE0A5F1C4
:1004500020050EF1200E012A03FA0EFC28BF4CF0F5
:10046000020C43FA05F3C01851EBE37101F00045AB
:1004700007D54FF0000EDCF1000C7EEB00006EEBB8
:100480000101B1F5801F1BD3B1F5001F0CD3490842
:100490005FEA30004FEA3C0C04F101044FEA445299
:1004A00012F5800F80F09A80BCF1004F08BF5FEA20
:1004B000500C50F1000041EB045141EA050130BD00
:1004C0005FEA4C0C404141EB0101013C28BFB1F512
:1004D000801FE9D291F0000F04BF01460020B1FA5D
:1004E00081F308BF2033A3F10B03B3F120020CDA30
:1004F0000C3208DD02F1140CC2F10C0201FA0CF00E
:1005000021FA02F10CE002F11402D8BFC2F1200C72
:1005100001FA02F120FA0CFCDCBF41EA0C01904028
:10052000E41AA2BF01EB0451294330BD6FEA040471
:100530001F3C1CDA0C340EDC04F11404C4F120025C
:1005400020FA04F001FA02F340EA030021FA04F36E
:1005500045EA030130BDC4F10C04C4F1200220FAC5
:1005600002F001FA04F340EA0300294630BD21FA03
:1005700004F0294630BD94F0000F83F4801306BFC9
:1005800081F480110134013D4EE77FEA645C18BFBD
:100590007FEA655C29D094EA050F08BF90EA020F54
:1005A00005D054EA000C04BF1946104630BD91EA4C
:1005B000030F1EBF0021002030BD5FEA545C05D14F
:1005C0004000494128BF41F0004130BD14F580048E
:1005D0003CBF01F5801130BD01F0004545F0FE4102
:1005E00041F470014FF0000030BD7FEA645C1ABF37
:1005F000194610467FEA655C1CBF0B46024650EA6E
:10060000013406BF52EA033591EA030F41F4002199
:1006100030BD00BF90F0000F04BF0021704730B51F
:100620004FF4806404F132044FF000054FF00001F4
:1006300050E700BF90F0000F04BF0021704730B5B5
:100640004FF4806404F1320410F0004548BF40428A
:100650004FF000013EE700BF42004FEAE2014FEADF
:1006600031014FEA02701FBF12F07F4393F07F4FBA
:1006700081F06051704732F07F4208BF704793F0BD
:100680007F4F04BF41F40021704730B54FF46074D0
:1006900001F0004521F000411CE700BF50EA0102D3
:1006A00008BF704730B54FF000050AE050EA01027C
:1006B00008BF704730B511F0004502D5404261EBEC
:1006C00041014FF4806404F132045FEA915C3FF42D
:1006D000D8AE4FF003025FEADC0C18BF03325FEACA
:1006E000DC0C18BF033202EBDC02C2F1200300FA7B
:1006F00003FC20FA02F001FA03FE40EA0E0021FAA0
:1007000002F11444BDE600BF53B94AB9002908BF3D
:1007100000281CBF4FF0FF314FF0FF3000F074B9DC
:10072000ADF1080C6DE904CE00F006F8DDF804E048
:10073000DDE9022304B070472DE9F047089D044627
:100740008E46002B4DD18A42944669D9B2FA82F284
:1007500052B101FA02F3C2F1200120FA01F10CFAC0
:1007600002FC41EA030E94404FEA1C48210CBEFBF8
:10077000F8F61FFA8CF708FB16E341EA034306FB81
:1007800007F199420AD91CEB030306F1FF3080F010
:100790001F81994240F21C81023E63445B1AA4B25D
:1007A000B3FBF8F008FB103344EA034400FB07F7FF
:1007B000A7420AD91CEB040400F1FF3380F00A8140
:1007C000A74240F207816444023840EA0640E41B35
:1007D00000261DB1D4400023C5E900433146BDE8E1
:1007E000F0878B4209D9002D00F0EF800026C5E983
:1007F000000130463146BDE8F087B3FA83F6002E9B
:100800004AD18B4202D3824200F2F980841A61EB12
:10081000030301209E46002DE0D0C5E9004EDDE730
:1008200002B9FFDEB2FA82F2002A40F09280A1EB18
:100830000C014FEA1C471FFA8CFE0126200CB1FB6D
:10084000F7F307FB131140EA01410EFB03F0884266
:1008500008D91CEB010103F1FF3802D2884200F2F3
:10086000CB804346091AA4B2B1FBF7F007FB101185
:1008700044EA01440EFB00FEA64508D91CEB040423
:1008800000F1FF3102D2A64500F2BB800846A4EB7E
:100890000E0440EA03409CE7C6F12007B34022FA69
:1008A00007FC4CEA030C20FA07F401FA06F31C4398
:1008B000F9404FEA1C4900FA06F3B1FBF9F8200CA5
:1008C0001FFA8CFE09FB181140EA014108FB0EF0EB
:1008D000884202FA06F20BD91CEB010108F1FF3A3B
:1008E00080F08880884240F28580A8F10208614447
:1008F000091AA4B2B1FBF9F009FB101144EA014155
:1009000000FB0EFE8E4508D91CEB010100F1FF34FF
:100910006CD28E456AD90238614440EA0840A0FB97
:100920000294A1EB0E01A142C846A64656D353D06D
:100930005DB1B3EB080261EB0E0101FA07F722FA91
:1009400006F3F1401F43C5E9007100263146BDE8BA
:10095000F087C2F12003D8400CFA02FC21FA03F31D
:10096000914001434FEA1C471FFA8CFEB3FBF7F09E
:1009700007FB10360B0C43EA064300FB0EF69E42C3
:1009800004FA02F408D91CEB030300F1FF382FD25C
:100990009E422DD9023863449B1B89B2B3FBF7F604
:1009A00007FB163341EA034106FB0EF38B4208D9DD
:1009B0001CEB010106F1FF3816D28B4214D9023E1E
:1009C0006144C91A46EA004638E72E46284605E73C
:1009D0000646E3E61846F8E64B45A9D2B9EB02080D
:1009E00064EB0C0E0138A3E74646EAE7204694E79D
:1009F0004046D1E7D0467BE7023B614432E73046D0
:100A000009E76444023842E7704700BFFEE700BFD1
:100A10000B480C4A904203D0121A0B4912F0EEFC1C
:100A20000A480B4A904203D0121A002112F0F4FC3B
:100A30000AF006F912F0BEFC00F018F8FEE700BF5D
:100A400000000024E403002414420108E803002409
:100A500088230124704700BF8446134602480A4693
:100A6000614600F07BBD00BF040400242DE9F04F77
:100A7000002195B0704805F0EDFE03216E4805F0A9
:100A8000EDFD30216C4805F009FE6C4C6C48DFF838
:100A9000C8816C4D6C4FDFF8C4916C4E664922469C
:100AA00000F006FA404601F063FA4FF0000B2846CA
:100AB00000F0B0FFDA4609F0DBFE01463846D846C2
:100AC00001F01CF85F4609F0D3FE5A46014648463D
:100AD00001F0BEFE584805F0DDFD214630462A46AD
:100AE00000F01EFD5A495448FF2605F0B3FD2BE0E7
:100AF000002E61D02146544801F000F84FF0000A62
:100B000023464F2B1BD94FF4805252494D4800F0D9
:100B1000ABFF002800F0818003A84B499DED0C1A23
:100B20004FF48053DDED0B0AA2469DED0A0A494AB7
:100B3000009401F0D7F803A9474801F02FFB0120EA
:100B400037462E4609F096FE09F092FE04464348C9
:100B5000214601F04DFE99F87C30023B012B3ED935
:100B600037490AA82346344A00F00AFB10999DF839
:100B70003A50A1F101013048B1FA81F1490905F07B
:100B8000A9FDAE4203D02946334801F00DFA9DF885
:100B90004430E3B99DF8383023B9A4EB0803B3F52A
:100BA000FA7F04D30AA92C48A04601F017FAB5FA37
:100BB00085F67609002F9BD065B307B321462248FE
:100BC00000F09CFF2448A34601F04EFBB7E7DDE9A7
:100BD00012239DF84510204801F0C2FADAE72048B8
:100BE00001F0CEFD01281AD002281ED021461B4854
:100BF00001F07AFE0146104805F06CFDB0E74DB1FA
:100C0000A4EB0B03B3F57A7F99D31348A34601F005
:100C10002BFB94E7A4EB0A0373E7A2468FE799ED59
:100C2000290A0D4801F03AFBE0E7D9F8AC100A4870
:100C300001F064FBDAE700BF9C450024CC040024EB
:100C4000DC450024900400249804002404040024BB
:100C5000590A00089C05002444460024DC040024B2
:100C60005805002410B512480024124A12490460A5
:100C700044610462C46312F0C1FA104B10485C6016
:100C800043F8044B5C601C8100F0AEF80D4800F0A6
:100C9000ADFE0D4800F01CFF0C4800F09DFB0C4819
:100CA00001F062F90B48BDE8104001F071BD00BFD2
:100CB0009C45002400000024550A0008CC040024B0
:100CC000DC4500249004002498040024040400243B
:100CD00044460024DC040024F0B50D8807464E8805
:100CE000013A00F10E044FF0000CAE422CBF00237D
:100CF000012303732B460AE09E4510D273449445AA
:100D00004FEA530324F8023B0BDA31F8023FAE42BC
:100D10000CF1010CB1F802E0EED39E45EED80020B4
:100D2000F0BD012318467B73F0BD00BF70B50646C9
:100D3000407B30B3F0697568002801DDA84221DDF1
:100D4000002D4DDD33684FF0010C00204FF6FF748D
:100D5000A3F1020E3EF8023F9942A3EB0102A1EB80
:100D6000030392B288BF9AB26346A24201D26046A0
:100D70001446AB420CF1010CECDB7389A34238BF83
:100D8000002070BD6FF000423368B6F80AE00244FC
:100D9000348933F8122074448A42A4B234BF8A1AC8
:100DA000521A92B29442ECD29E1E012400204FF6B9
:100DB000FF7C36F8023F9942A3EB0102A1EB03034B
:100DC00092B288BF9AB22346624501D22046944629
:100DD0009D4204F10104ECDCE64538BF002070BD03
:100DE00000204FF6FF74C8E710B4184C03464FF6C6
:100DF0000B7C002220680021A3F804C040F2011CF3
:100E0000C3F86200A088A3F84C20A3F86600184637
:100E10001A601A61A3F818C0A3F844209A6483F8F2
:100E20004E20196559659965DA65A3F86020C3E914
:100E30000B22C3E902225DF8044BC3E90722C3E990
:100E40000922C3E90D22C3E90F227047A43C01081F
:100E500090F844305BB303684BB3B0F860C0F0B5B2
:100E6000B0F85C40B0F85EE090F84C7090F84D60DF
:100E700090F84E50A0F86240A0F864E0A0F866C078
:100E800000201A68BFF35B8F911C42F0010221F031
:100E900001011A601F715E719D71D8711C81A3F8E8
:100EA0000AE0A3F80CC0BFF35B8F1960F0BD704778
:100EB0002DE9F04F002402260546804689464FF072
:100EC000010A08F1200B08272DED028B9FB045F891
:100ED000042B32468DF814600CA88DF81540059946
:100EE00006F05CFE03238DF8184032468DF8193069
:100EF0000DF14200069906F051FE8DF81CA08DF808
:100F00001DA03246079915A806F048FE07238DF864
:100F1000204032468DF821300DF16600089909F124
:100F2000180606F03BFE04230CA930461A4606F0CC
:100F300049FE304607F054F80521484605F086FB87
:100F40008A4A5346284611682246009407F066F9FB
:100F5000DFED877A87490622874B5846C8F840401C
:100F6000B0EE678A88F82D40F0EE678AC8F8201046
:100F7000C8E90E44C8E90923FFF7AEFE8246CDED6D
:100F8000097ACDED0A7ACDED0B7A0AAD0024E1B2F3
:100F9000304607F03BF8B5EEC00AF7EE007AF1EE06
:100FA00010FA0FD4B4EE670A0134F1EE10FA37FEEE
:100FB000800A30EE080A032C05ED010A0BD0B5ECCF
:100FC000018AE4E79FED6A0A013430EE080A032C37
:100FD00005ED010AF3D12146304607F017F8B5EECA
:100FE000C00AF1EE10FA12D4F7EE007AB4EE670AF6
:100FF000F1EE10FA37FE800A0121484678EE808A29
:1010000005F024FB013F05D09DED098ABDE79FED6A
:10101000580AF1E708F15C0109A808F150030C46F1
:10102000B4EE007AF0EC017AF7EE006A002267EE87
:10103000877AF5EEC07AE3EC017AF1EE10FA11D47A
:10104000F4EEE67A9FED4D6AB6EE007A4FF6FF7247
:10105000F1EE10FA06DCA7EE867ABCEEC77A17EE40
:10106000102A92B29C4221F8022BD9D1BAF1000F7A
:1010700031D0F4EE007A68EEA78AF5EEC08AF1EE80
:1010800010FA33D50021039109F0F2FB03990646CB
:101090005846FFF74BFED8F838400546A0423BD0F3
:1010A0000446C8F83800C8F840605846FFF73EFECE
:1010B000A042D8F83C5006F1140640D02C46C8F89F
:1010C0003800C8F84060002C08BF2C46631E042B73
:1010D00098BF88F84C300123404688F84430FFF729
:1010E000B7FE1FB0BDEC028BBDE8F08FF7EE007AC3
:1010F000F4EEE78AF1EE10FA02DD4FF6FF71C2E777
:10110000F6EE007A9FED1D7AE8EE877AFCEEE77A3C
:1011100017EE903A99B2B6E7D8F83C0085420246FD
:101120001CD0D8F84030F31A132B1AD95846C8F8F7
:101130003C50FFF7FBFDA04206F11406BED1AC42C5
:1011400009D0D8F84010721A132A94BFD8F83C403E
:10115000C8F83C40B7E72246D8F83C00044615469C
:10116000B1E72C4614360546E9E700BF4C3D0108BF
:1011700000000000503D01088403F00A00FF7F4793
:101180002DE9F04F00250C4602F1180B28222946C4
:10119000074604F15C0604F15008BA46A9462DED55
:1011A000028B83B0019312F037F9B4F84C207A82A5
:1011B000E26BBA61E9B2584606F028FFB5EEC00A04
:1011C000F1EE10FA5FD4F7EE007AB4EE670AF1EEB2
:1011D00010FA37FE800AD8ED007A9FED7A7A30EE69
:1011E000670AE0EE077AF5EEC07AE8EC017AF1EEF4
:1011F00010FA42D4B7EE007AF4EEC77AF1EE10FAA4
:1012000044DCB6EE007ADFED706AA7EEA67AFCEE5B
:10121000C77A17EE903A9AB207EE902AB8EE677A3C
:10122000C7EE267AF1883280914234BF521A8A1A68
:1012300092B2802A05F1010506F10206EAEC017A74
:1012400028BF4FF00109032DB4D1B6EE008A29461C
:10125000584687ED038A06F0D9FEB5EEC00AF1EED6
:1012600010FA18D4F7EE007AB4EEE70AF1EE10FAAD
:1012700040F396804FF6FF710EE00022DFED537AC7
:101280003280F288D5E79FED510AA4E7F0EE477A65
:101290004FF6FF72C6E7002104F12000B982FFF784
:1012A00045FDA36B984262D0019BA063E06B236471
:1012B000B8610138042813D9201D4D4607F094F871
:1012C000637E834220D0019B6076E36187F81090B3
:1012D000002D43D1384603B0BDEC028BBDE8F08F42
:1012E000C0B294F84C308342E6D00023012584F844
:1012F0004C00B874201D84F84D30FB747D7407F0E9
:1013000073F8637E8342DED1227E9A42DED0E269A8
:101310000199A1EB020ABAF10E0FD7D92376002B5F
:1013200030D194F84530002BD0D1012394F84C20D3
:1013300084F84530A36C0133A3647B62002A3BD060
:1013400094F84D3040F2011287F8109083F00103B9
:10135000BA831F4A84F84D30FB743A622046FFF787
:1013600077FD384603B0BDEC028BBDE8F08FE26B31
:1013700090429DD0236C0199CB1A132B94BF104639
:10138000E06395E794F84530002B9FD0002384F864
:101390004530A36C7B6201233B770E4B3B6295E7A4
:1013A000F0EE487A9FED087AE0EE077AFCEEE77AF5
:1013B00017EE903A99B26FE740F20113BB83044BEA
:1013C0003B6283E70AD7A33D00FF7F470000000090
:1013D000383D0108403D0108204BB7EE007A9FEDF3
:1013E000206A9C46DFED1F6ADFED1F7AF0B500250D
:1013F000864600F11C0403F13C068561C0E90055F6
:10140000C0E90255C0E90455BCE80F000FC4BCE8B0
:101410000F000FC4BCE80F000FC49CE8070084E86D
:10142000070003CECEE916553388CEF86200704629
:10143000AEF860508EED1E6ACEED1F6A8EF87450C5
:101440008EF880508EED217ACEED227ACEF866109D
:10145000AEF86A30CEE91B55F0BD00BFAC3C0108C8
:10146000000000008888883B8888083BF0B5046845
:1014700087B02CB12568BFF35B8F15F0010601D052
:1014800007B0F0BD0DF10C0E221D0346F44607CA4D
:10149000ACE80300ACF800202268BFF35B8F9542F4
:1014A000EED1EC46DC6E9EE807006746AC4203C70F
:1014B0003A80E5D003F15804DD669CE80700254634
:1014C00003C52A8093F87220A3F8586012B993F8E4
:1014D0007320B2B1D3ED1E7A0022F5EEC07AA3F8E4
:1014E0007220F1EE10FA05DD93F8702012B193F836
:1014F00071208AB100220021A3F87020996783F837
:101500007420224603CA1288C3F86200C3F866102A
:10151000A3F86A2007B0F0BD012283F87420F0E739
:101520009FED0D7A10B5C0E900120446FFF79EFF4B
:10153000F7EE007A002320EE070A0022A4F85830C4
:10154000236787EE807AA26784F88030C4ED217A21
:1015500084ED227A10BD00BF0BD7233CF8B50446BA
:101560000D4617461E46FFF781FF606818B194F8D4
:101570008030002B7DD0002E58D02968D7E9000597
:1015800001EB860226E09FED3D6AB4EE467AF1EE6D
:1015900010FA36FE077AA0EC017A94ED1E6A9FEDF0
:1015A000387AE6EE867AF4EEC77AF1EE10FA25D4B0
:1015B0009FED327A94F87430F4EE477AF1EE10FA37
:1015C00077FE277A012BE5EC017A1FD0022B2ED073
:1015D00091422BD0F1EC017AD4ED1E5A77EEE76AF6
:1015E0009FED276AB0EE677AA5EEA67AB4EEC67ACA
:1015F000F1EE10FAC7D5B0EE467ACCE794F8743025
:10160000F0EE477A012BE5EC017ADFD1D4ED1E7ABA
:10161000002394ED1F7A77EEC77AF5EEC07AF1EEEB
:1016200010FA17D99142C4ED1E7AD3D1F8BDD4ED8A
:101630001E7AB7EE007AD4ED1F6A77EEA67AF4EE42
:10164000C77AF1EE10FAEDDB002384ED1E7A84F800
:101650007430BDE794F87360A36794F8723084F82F
:10166000716084F8703003B10EB10023EFE70223FC
:10167000EDE73246296800F0DDF97CE73333733F4C
:10168000333373BF002ADFEDC07A2DE9F8430746F4
:101690001C462DED028BB0EE408A08DD0B4601EBB7
:1016A0008205B3EC017AAB4277EE877AF9D107EE87
:1016B000102AB64D501EDFEDB45AB8EEC77A6FF05F
:1016C0000308DFF824E305F580592E4687EE876A84
:1016D0004246AF4B08F10408DFEDAE6A9FEDAA7AEF
:1016E00001E0F3EC016A002A8C4605DB8242944655
:1016F000A8BF844601EB8C0CDCED007A734502F147
:10170000010277EEC67AA7EEA67AEAD1A6EC017AB4
:101710004E45E7EE075ADBD1DFED9F7A25EEA70AAB
:10172000B5EE400AF1EE10FA00F12981F1EEC07A2F
:101730009FED9A7AD7ED086AF4EEC77AF1EE10FAC7
:1017400007DD9FED977AF4EEC76AF1EE10FA00F329
:10175000CF809FED947ADFED945A27EE877A9FED44
:10176000936AF4EEC67AA6EEA57AF1EE10FA87ED4A
:10177000087A00F1AE80002140F2F4628C48012624
:1017800011F04AFE8B484FEA450C8B4907460CF591
:10179000805CACEB01022B469FED7B7AF3EC017A87
:1017A000F2EC016A8B4277EEE67AA7EEA77AF5D1E2
:1017B000013640F2BD12191FA7EC017A9642E8D11A
:1017C0007E4D4FF07E53DFED707A2A467C4942F819
:1017D000043B0123F0EC016AB7EE007A9FED796AD1
:1017E00077EEA67AF4EEC67AF1EE10FA07DD07EE90
:1017F000103AB8EEC77A67EE266A86EEA77A81427B
:1018000003F10103A2EC017AE4D1B5EEC08AF1EE56
:1018100010FA63D59FED6C7A6C4A0C2302E0013319
:101820008B4256D0F2EC017A40F2BD11F4EEC77A49
:10183000F1EE10FAF3D505EB830209E0D2ED017A5F
:10184000B2EC017AF4EEC77AF1EE10FA66D50B46E7
:10185000B3F5DE7F03F10101F0DBDFED4B7A07EE3C
:10186000103AF7EE006AB8EEC77A77EE277AF4EE10
:10187000E67AF1EE10FA2CD9DFED555AB3EE0B6A89
:1018800085EEA77AB4EEC67AF1EE10FA21D4DFED38
:10189000517AB4EEE77AF1EE10FA1ADC05EB830325
:1018A00084ED007AD3ED007A76EEE77AF5EEC07A31
:1018B000F1EE10FA5DD4F4EE667AF1EE10FA76FEEF
:1018C000A77A0A9B0120BDEC028BC3ED007ABDE82C
:1018D000F883BDEC028B0020BDE8F883F7EE007AB8
:1018E000B4EEE78AF1EE10FA11DD9FED3B7A93E753
:1018F00087EEA67A9FED396AB4EEC67AF1EE10FA59
:101900007FF727AFFB6A0B9A13447B6221E7DFED79
:10191000347A9FED2D7AA8EE677A7DE705EB830296
:10192000B0EE005ADFED2F5A52ED016AB0EE666A52
:1019300097EE056A36EE676AB0EEC67AB4EEE57ADF
:10194000F1EE10FA89D476EEE77AF6EE006AFEEE52
:10195000005A27EEA67AC7EE067AF4EEE57AF1EEA3
:1019600010FA09D4F4EE667AF1EE10FA76FEA77A50
:1019700075E7DFED057AA4E7F0EE657A6FE711F021
:10198000D9FCF0EE407AD3E6000000004C5600246B
:10199000CC3D0108F1F0F03C0000803AA69B443CAD
:1019A000BD3786359A99193E9A99593F0AD7233CF3
:1019B0004CE6002450E60024486600244C460024EF
:1019C00040ED00245F708930AE47613E7C460024C4
:1019D00000803B4600007A44CDCCCC3D3333D33F2E
:1019E0008FC2F53DCCBC8C2BEC3D01080022054993
:1019F000054B10B4C0E90022044C054A5DF8044BC5
:101A0000704700BF4C6600244CE600244C5600246E
:101A10004C46002410B54FF400420446002104480F
:101A200011F0FAFC00232360BFF35B8F636010BDED
:101A30004C660024036830B492B19C18094DC3F37E
:101A40000C02013351F804CB05EB8202A342C2F829
:101A500000C0F4D10460BFF35B8F446030BC7047BA
:101A60001C46F7E74C660024531EB3F5805F03D293
:101A7000B1FA81F35B0909B90020704770B502F52E
:101A800080754668BFF35B8FB5421CD8A6F580769B
:101A90008C460E4D1946B41A0B19013141F6FF7EE2
:101AA000C3F30C038A4205EB83031B684CF8043B29
:101AB000F2DC4368901BBFF35B8F184470458CBF0A
:101AC0000020012070BD002070BD00BF4C660024C6
:101AD0000022002110B478248161C161C4620162D6
:101AE0005DF8044B80F83020C0E90022C0E90222F2
:101AF000C0E90422C0E90922704700BF0023002288
:101B00007831036043608360C36003614261836135
:101B1000C361036280F8302010B47824C0E9091250
:101B2000C4625DF8044B7047B5EEC00AF0B5F1EE43
:101B300010FA15462DED028B83B044D9DFED267ADD
:101B400004460E469FED258A80EE270A244F11F0A9
:101B500089FB2046234B3146234EF2EE087AA0EE55
:101B6000278AF8FE487AFDEEE77A17EE904A83FB63
:101B700004234FEAE47C1D4ACCEB630C0CEB4C03D2
:101B80000CF1FF3CA4EB8303CDF800C00C33A6FBA3
:101B9000036C4FEADC0C0CEB4C0CA3EB8C0357F8FA
:101BA000233011F0F7FC07EE904A9FED117AF8EE22
:101BB000E77A38EE678A28EE078A85ED008A03B057
:101BC000BDEC028BF0BD00270A4A11F0E3FC2F6048
:101BD00003B0BDEC028BF0BD0000DC4300008A4284
:101BE000983D0108ABAAAA2AABAAAAAA603D01089F
:101BF0000000C8425C3D0108D0ED006AD0ED017ADA
:101C000090ED020AF4EEE76A90ED037A90ED046A33
:101C1000F1EE10FA05DDF0EE665AF0EE676AF0EECE
:101C2000657AB4EEC67AF1EE10FA33DCB4EEC60A89
:101C3000F1EE10FA05DDF0EE405AB0EE460AB0EED5
:101C4000656AB4EEC70AF1EE10FA30DCF4EEC76A4A
:101C5000F1EE10FA05DDF0EE665AF0EE476AB0EEEE
:101C6000657AF4EE406AF1EE10FA36FE800AF4EE80
:101C7000467AF1EE10FA76FE277AF4EE477AF1EE24
:101C800010FA77FE277AF4EE407AF1EE10FA37FE7A
:101C9000800A7047B4EEC70AF1EE10FA0FDDF0EEDD
:101CA000405AB0EE470AB0EE467AB0EE656AF4EEFE
:101CB000C06AF1EE10FA0EDDB0EE667AD7E7F0EE0C
:101CC000475AB0EE467AB0EE656AB4EEC70AF1EE56
:101CD00010FABBDDEBE7F0EE475AB0EE407AB0EE1B
:101CE000650ABEE7F0B50D461146954A0446002048
:101CF000166895F830202DED028B206185B0268284
:101D0000360CB0EE608A0C9FA674C4E90000C4E9EA
:101D10000200C4E905002AB1AA6ABA1AB2F5966FA0
:101D200000F2AE80B5EEC01A00220292F1EE10FA77
:101D300003921AD4F7EE007AB4EEE71AF1EE10FA35
:101D400040F38580C822EA6299B96B6A00229F42FB
:101D5000A26180F0888095F83030002B40F0A1809F
:101D6000204605B0BDEC028BF0BD3C22EA620029A2
:101D7000EBD0B3F5805FE8DB1A4603AB284601974A
:101D8000009302ABFFF77EFC6B6A9DED020ABB423B
:101D900084ED060ADFD8002865D095F83020002AA7
:101DA00040F094809DED035A6B682B60AB686B60CC
:101DB000EB68AB602B6985ED040AEB606B69042B63
:101DC00000F3B7800133052B6B6100F0B280B5EEF4
:101DD000C08AF1EE10FA00F1A980F7EE007AB4EEB5
:101DE000E78AF1EE10FA00F3A8809FED567ADFED56
:101DF000567AE8EE077A3AB195ED067A70EE476AC0
:101E0000A6EEA77AB0EE470ADFED507A85ED060A16
:101E1000B4EEE75AF1EE10FACCBF0123002305DD42
:101E2000012285ED070AAF6285F8302004F1100029
:101E300004F10C020821237084ED010A84ED025A9A
:101E4000FFF772FE204605B0BDEC028BF0BDF6EE4A
:101E5000007A9FED3F7AE1EE077AFCEEE77A17EE23
:101E6000902A3C3282E7002295F830302270002B15
:101E70004CD100232046A36005B0BDEC028BF0BD21
:101E800000226861A8622A606A60AA60EA602A612A
:101E9000AA61EA612A6207F1780285F830006A6275
:101EA00040E7002095ED070A4FF07A5304F10C0249
:101EB0002070082104F1100084ED010AA360FFF7EF
:101EC00033FE204605B0BDEC028BF0BDD5ED077AA0
:101ED000DFED206A80EE277AB4EEE67AF1EE10FAB2
:101EE00007DCDFED1D6AB4EEE67AF1EE10FA7FF55D
:101EF00059AF9DED035A9FED197AB4EEC75AF1EE32
:101F000010FA7FF551AF0023237001E0D5ED077A79
:101F1000134BB0EE670A04F10C02082104F1100023
:101F2000A360C4ED017AFFF7FFFD19E7DFED067A44
:101F300061E72846FFF760FE49E7DFED0A7A5AE7D6
:101F40005C3D010814AEC7BE6666E63ECDCCCC3E15
:101F500000000C439A99F93FB81E053F6666663F3C
:101F6000CDCC4C3E90C2753D0022C0E900227047A6
:101F700010B50C4A88B001230021B2F800C04FF41C
:101F8000E134039306930491029101A90593938888
:101F90000794ADF804C0ADF8063008F0E5F908B0D4
:101FA00010BD00BFF43C010810B588B00B460A4ACA
:101FB00020210446684611F0EDFA6846FEF790F9D4
:101FC0000A2302466946204608F038FA10B16368D1
:101FD0000133636008B010BDEC3D010891ED007A5B
:101FE000B5EEC07A30B5F1EE10FA9DB0044640D49B
:101FF000F7EE007AB4EEE77AF1EE10FA40F399804A
:1020000091ED017A42F21073B5EEC07AF1EE10FA5A
:1020100037D5002091ED027AB5EEC07AF1EE10FAD4
:102020003FD4F7EE007AB4EEE77AF1EE10FA5CDD19
:1020300091ED037A42F21075B5EEC07AF1EE10FA26
:1020400037D5002260210292434ACDE9000504A859
:1020500011F0A0FA04A8FEF743F90A23024604A9E6
:10206000204608F0EBF910B16368013363601DB0DE
:1020700030BD002391ED017AB5EEC07AF1EE10FA91
:10208000C7D4F7EE007AB4EEE77AF1EE10FA3EDD4F
:1020900091ED027A42F21070B5EEC07AF1EE10FACC
:1020A000BFD5002591ED037AB5EEC07AF1EE10FAB6
:1020B000C7D4F7EE007AB4EEE77AF1EE10FA02DD5B
:1020C00042F21072BEE7F6EE007ADFED246A42F2C9
:1020D0001071E7EE267AFDEEE77A17EE902A8A4233
:1020E000A8BF0A4622EAE272ACE7F6EE007ADFED1C
:1020F0001B6A42F21072E7EE267AFDEEE77A17EEDF
:10210000905A9542A8BF154625EAE575CAE7F6EE4E
:10211000007ADFED126A42F21072E7EE267AFDEEE7
:10212000E77A17EE900A9042A8BF104620EAE070C6
:1021300070E7F6EE007ADFED096A42F21072E7EE20
:10214000267AFDEEE77A17EE903A9342A8BF13463F
:1021500023EAE3738EE700BFF43D010800401C460C
:1021600010B514469AB01A460B46009460210446F6
:10217000019202A8084A11F00DFA02A8FEF7B0F881
:102180000A23024602A9204608F058F910B16368F4
:10219000013363601AB010BD043E010891ED017A6D
:1021A000B5EEC07A10B5F1EE10FAA4B0044653D4DF
:1021B000F6EE007ADFED296AE7EE267AFDEEE77AA1
:1021C00017EE900A9FED266AF6EE006A91ED037A0B
:1021D000FEEE007A27EE067A91ED026AB5EEC07A3D
:1021E000F1EE10FAB5EEC06A66FEA77A77EE877A4E
:1021F000F1EE10FAFDEEE77A09D4B7EE007AB4EE0C
:10220000C76AF1EE10FA1EDD4FF47A7300E0002386
:10221000CDED027A009004A8039311F8103B114A07
:102220000191802111F0B6F904A8FEF759F80A23AC
:10223000024604A9204608F001F910B16368013391
:10224000636024B010BD9FED057AE6EE076ABDEE2F
:10225000E67A17EE103ADBE70020B3E700007A4495
:102260000000C842103E01080B4A002300B5126866
:1022700089B04FEA124C01A9059301930493ADF87C
:1022800014208DF816C0CDE90233CDE90633FFF7EF
:1022900085FF09B05DF804FB5C3D0108DFED156AC0
:1022A000BEEE007AF6EE007A134A20EE260A3021BE
:1022B00010B5B5EEC00A8CB004466846F1EE10FACF
:1022C00067FE877A77EE807AFDEEE77A17EE903A2E
:1022D00011F060F96846FEF703F80A2302466946E2
:1022E000204608F0ABF810B16368013363600CB0AE
:1022F00010BD00BF0000C842243E010810B58CB0DC
:102300000B460A4A30210446684611F043F96846F4
:10231000FDF7E6FF0A2302466946204608F08EF8DC
:1023200010B16368013363600CB010BD343E010826
:10233000394A4FF6FF71138CF0B5A0F8703089B0B0
:10234000B2F8404005468C4218BFA342A0F8724044
:1023500003F1FF33B2F860202CBF012400244FF6B4
:10236000FD719BB2A0F87420013A8B4288BF44F003
:10237000010492B28A4288BF44F001042CB10323C5
:1023800000248366204609B0F0BD244B2146042773
:102390000126D3F8E02042F08072C3F8E0206422E6
:1023A000D3F8E03003F080730093009B11F034F811
:1023B0004FF480231A4A28462F61AE61C5E90023F5
:1023C0004FF480532B6301F0FDF810B10223AB668C
:1023D000D8E740F2FF724FF00111284601F0FEF9F4
:1023E0000028F3D10F4B062201A9284601930723A9
:1023F0000597CDE9022340F2FF73CDE9064404932B
:1024000000F0EEFB0028E1D1304608F033FAAC666C
:1024100085F864603446B5E700E8F11F00440258CF
:1024200000600258000084CBF0B5002389B0174645
:10243000062201910446CDE906330723CDE90223A4
:10244000042340F2FF720DEB0301CDE9042300F0F9
:10245000C7FB00BB08260546204600F08FFE03465A
:1024600002212046A3B900F0E3FA034620467BB9D7
:1024700000F066FB034620461D4400F0BDFF50B946
:10248000013EE9D104350120ED083D8009B0F0BDE1
:10249000204600F0B1FF002009B0F0BD00000000B0
:1024A00010B54FF6FE7C00F1FF3EE6452DED028BA8
:1024B00068D801F1FF3EE64564D802F1FF3EE645EB
:1024C00060D803F1FF3EE6455CD8049CA34238BFC8
:1024D000B4F5803F56D2069CA446059CA44551DD28
:1024E000049CB4EB030C6EEB0E0EBCF1010F7EF1FD
:1024F000000447DB07EE902A05EE903A9FED241B7F
:10250000B8EEE74B07EE901AB8EEE55B7146B8EE11
:10251000E76B07EE900A24EE014B6046B8EEE77BCE
:10252000DDE9052384EE062B9B1A03EE103AB8EE84
:10253000C33B22EE077B87EE018B38EE458B28EEFE
:10254000038BFEF7B3F8DDED057A079BB8EEE77B6A
:10255000FBEE045A41EC160B88EE066B36EE077B59
:10256000B7EEC77BB4EEE57A83ED007AF1EE10FAB0
:1025700008DBDFED097AB4EEE77AF1EE10FA01D864
:10258000012000E00020BDEC028B10BDAFF3008005
:102590000000000000C8A94000000243002391F899
:1025A000642030B5C0E90033836085B08B6E04468B
:1025B000C36012B9204605B030BD0D4600F10802D7
:1025C00015492846FFF730FF48B195F8643033B11C
:1025D00004F10A0211492846FFF726FF20B9042317
:1025E0002046E36005B030BDA96F231DB5F8722009
:1025F00002911E2103930092B5F87030B5F8742053
:10260000019161892089FFF74BFF0028207014BFDA
:1026100000230523E360CDE7000084CB0000B8CFA2
:1026200003789A1E012A78D9CA6810B40C8902630B
:1026300084850C78002C5AD0BBEE047AD1ED017A57
:10264000F4EEC77AF1EE10FA51D49FED477AF4EE2A
:10265000C77AF1EE10FA4ADC9FED447A0022F4EEDC
:10266000C77A4262F1EE10FA58DA81694A1C00EB2F
:1026700081015442C1ED017A02F0030204F003012A
:1026800058BF4A4241690329826103DC01310029B4
:10269000416158DD021DDFED367A02EB8104B2ECB8
:1026A000017AA24277EE877AF9D107EE101A9FEDF0
:1026B000316AB8EEC77AC7EE876AF4EEC66AC0ED33
:1026C0000A6AF1EE10FA41DADFED2B7A0022F4EE1D
:1026D000E76A0262F1EE10FA29DBC3690133022BCB
:1026E000C36101DD012303705DF8044B7047436A49
:1026F00000210133022B4362C0E90711F4DD8A4255
:102700004FF002034FF003015DF8044B08BF0522B0
:1027100080F8343001700263704770470221012352
:10272000C0ED0A7A0263017080F83430DCE7012BD7
:10273000C261D9D1DFED117AF4EEE76AF1EE10FA59
:1027400098BF0270D0E7DFED0A7AAEE7036A002295
:102750000133022BC0E90723C6DD022101230263F6
:10276000017080F83430BFE7000002430000C84227
:10277000000000000000B4420000A04200009642A9
:102780000346002290F8340083F83420704700BFDD
:1027900010B564220021044610F03EFE0023002202
:1027A0000221204684F864302367A4F87430A367BC
:1027B00084F87C30C4F88020C4F88420C4F88820D1
:1027C000C4F88C20C4F8A030C4F8A420A4F8A83021
:1027D000C4F8AC3084F8B030A4F8BC30C4E91A13A3
:1027E000C4E92433C4E92633C4E92D3310BD00BF46
:1027F00070B590F8BC6084B0DEB190F87C300446CF
:10280000023B012B18D9D0F8B4300D46CB1A632BFC
:1028100012D90146C0F8B4506846FFF7BFFE6946BA
:1028200004F17C00FFF7FCFE94F87C30023B012BA6
:1028300006D9304604B070BD0026304604B070BDE5
:10284000D4F8B830002BF4D1C4F8B850F1E700BF89
:1028500000234FF0000C70B580F87C300446C0F8BF
:1028600080C00D46C0F884C01646C0F888C0C0F8C5
:102870008CC0C0F8A030C0F8A4C0A0F8A830C0F840
:10288000AC3080F8B030C0E92433C0E9263300F022
:10289000C9F880B2E066D8B14FF6FF73984217D0FE
:1028A00041F2030398428CBF82236E232046A36724
:1028B000FFF73EFDA5F16403002284F8BD00C4F8D3
:1028C000B4300123C4F8B82084F8BC302EB970BDF0
:1028D00000200623A067A366ECE729462046BDE852
:1028E0007040FFF785BF00BF90F87C30023B012BA2
:1028F00015D8D0F8B82040F214530A48891AA0FB22
:102900000120800A03FB1010B0F5167F07D2064B9A
:10291000A3FB0030C0F3401080F00100704700209E
:10292000704700BFFD33A6C91F85EB51704700BF3C
:102930000F4B1B780BB90120704710B504464FF4BC
:102940007A700C4AB0FBF3F31068B0FBF3F001F0BF
:102950006BF80F2C00D808B1012010BD00222146D1
:102960004FF0FF3001F000F8034B00201C6010BD59
:1029700004000024440200240800002438B5032089
:10298000124D00F0DFFF124C02F0F8FA114A124922
:102990009369C3F30323CB5C03F01F0320FA03F313
:1029A0000E202B60926902F00F028A5C02F01F0277
:1029B000D3402360FFF7BCFF10B10124204638BD8F
:1029C0000446FFF7B3FF204638BD00BF4402002491
:1029D0004802002400440258003F0108034A044B07
:1029E00011681B780B441360704700BF4CF600243D
:1029F00004000024014B1868704700BF4CF6002407
:102A000038B50446FFF7F6FF0546631C02D0044BB9
:102A10001B781C44FFF7EEFF431BA342FAD338BDDB
:102A200004000024014B1868000C70470010005C83
:102A30003F4A036893422DE9F04105460E4657D0C0
:102A400002F58072934253D03A4A2C699768082C59
:102A500007F01F070AD0092F4CD840F22121F94076
:102A6000C90747D5DB68DA0748D40424FFF7C2FF5B
:102A70008046731C2A6827D113681C42FCD06B6DFA
:102A800043F400736B65D36813F4406F0FD16B7D13
:102A90006BB9136818070AD56B6D23F480736B65E7
:102AA0006B6DD90403D46B6D43F001036B65224B4E
:102AB0009A422ED0D068082C27D010F4804034D110
:102AC0000C231360BDE8F08113682342D7D1FFF7D0
:102AD00091FFA0EB0800B04201D8002EC9D16B6D68
:102AE0000022032043F0040385F850206B65E9E7DA
:102AF000124AAAE7936813F4404FB6D06B6D0120D9
:102B000043F020036B65BDE8F08100201460BDE850
:102B1000F081092F02D9064BD868CCE740F2212377
:102B200023FA07F7FB07C5D4F5E70020BDE8F081DD
:102B300000200240006302580021024000230240AE
:102B40000368186C704700BF704700BF806B08B502
:102B5000FFF7FAFF08BD00BF836B5A6D12F0500FEC
:102B60005A6D10B51DD1196842F400725A650A6891
:102B700012F0080FCA681BD012F4406F0DD1CA685A
:102B800094040AD45A6D22F480725A655A6DD104A5
:102B900003D45A6D42F001025A65184605F098FABE
:102BA00010BDD2060AD4DB6CBDE81040DB6C1847C0
:102BB0009007E7D0184605F08BFAF1E7184605F0C4
:102BC0002BFB10BD806B08B5436D43F0400343659C
:102BD000836D43F00403836505F01EFB08BD00BF51
:102BE000F0B5002283B0019290F85020012A00F045
:102BF0001C81034601201A6883F85000946864071A
:102C000000F18A800C68C4F31305002D40F08F801A
:102C1000C4F38464A0404D684FF01F0ED6694FEA9C
:102C2000951C30430CF00C0CD06105F01F0002F134
:102C3000300584400EFA00FE5CF8050020EA0E0024
:102C400004434CF80540906840076ED4956815F031
:102C5000080547D10C68072002F11406B94F4FEA66
:102C6000D45CC4F304540CF0040C00FA04FE88682D
:102C700000FA04F45CF8060020EA0E0020434CF849
:102C80000600386800F07040B0F1805F00F0C58049
:102C9000D068D668C70600F1E880C6F382064869A6
:102CA000760000FA06F60F69042F00F0C18002F1E9
:102CB0006004086854F827C000F0F8400CF0004C9D
:102CC00040EA0C00304344F82700487E0E69012892
:102CD00054F8260008BF4FF0004520F0004005439F
:102CE00044F826509068C40714D4CE68086806F0EB
:102CF0001807954CD2F8C050FC40C0F313070440AD
:102D000025EA07052C43C2F8C040904CA64246D0A5
:102D1000002816DB002003E05A6D42F020025A65BD
:102D2000002283F8502003B0F0BD9068DAE794FAEF
:102D3000A4F5B5FA85F5C4F3846405F01F05A84031
:102D400069E783498A4200F0B68001F580718A42C2
:102D500000F0B1807F4D804CA968A46801F0E07656
:102D6000E44304F00104002C00F0B4807B4CA0424A
:102D700000F0FC807A4CA04200F01A81794CA0420D
:102D8000C8D14902C6D474498A42C3D1AA68002076
:102D900022F0E072324342F48002AA60C0E7002FC2
:102DA0006AD090FAA0F4B4FA84F4013404F01F0459
:102DB000092C00F2A48090FAA0F4B4FA84F490FAFA
:102DC000A0F5B5FA85F5013401260135A40605F014
:102DD0001F0504F0F84406FA05F52C4390FAA0F01C
:102DE000B0FA80F0304400F01F0000EB4000000516
:102DF0002043C60D02F11405C0F30450072406F069
:102E0000040604FA00F7745924EA07048F6807FAE5
:102E100000F02043705108687AE7D6684869C6F325
:102E20008206760000FA06F63DE7022003B0F0BD08
:102E3000106E0C6800F0F840A506B0EB846F30D03F
:102E4000506E00F0F840854226D0906E00F0F840B9
:102E500085422BD0D06E00F0F84085427FF442AF1F
:102E6000D06E20F00040D0663CE77608486906F056
:102E7000080600FA06F616E7800E441C04F01F064A
:102E8000092E2DD8A406012004F0F844B0400443D4
:102E900006EB46000005ABE7506E20F000405066A0
:102EA000D3E7106E20F000401066C9E7906E20F066
:102EB00000409066CEE7264C2B4D04F58074A9683F
:102EC00054F8F86CA468344301F0E076E44304F06D
:102ED000010448E75A6D012042F020025A651FE7BD
:102EE00006EB4600A50601241E3805F0F84504FA55
:102EF00006F60005354340F00070284379E790FA64
:102F0000A0F5B5FA85F590FAA0F4B4FA84F4013589
:102F100001260134AD0604F01F0405F0F84506FA59
:102F200004F4254390FAA0F4B4FA84F4344404F091
:102F30001F0404EB4404A4F11E00000540F00070DF
:102F4000DBE700BF0010005CFFFF0F000000FF4741
:102F5000002002400063025800600258000084CB49
:102F6000000052C70000B8CF0023024008023FF51E
:102F7000D1AE17498A427FF4CDAE164AA9681268CD
:102F8000154821F0E07192093143A0FB020241F49F
:102F900000019209A96052000192019A002A3FF4AF
:102FA000B9AE019A013A0192019A002AF9D1B1E62B
:102FB00011F080707FF4AEAE05498A427FF4AAAE6C
:102FC000AA6822F0E072324342F08072AA60A7E65B
:102FD0000060025844020024632D3E0503689A688D
:102FE00012F0040F9A6870B5044603D1120701D499
:102FF000002070BDDA68950104D5A08A40F2011264
:1030000090421AD002299A683ED0550708D59A688E
:10301000900705D498682C4A024042F010029A604A
:10302000012919D09A68120702D59A68900732D5FB
:10303000032914BF04260C260FE01A68500606D494
:10304000224A01E0013A16D019684906FAD5402211
:103050001A609A68560725D40426FFF7CBFC05466C
:1030600004E0FFF7C7FC431B052B04D823689B68CB
:103070003342F6D1BCE7636D012043F01003636572
:10308000A36D0343A36570BD150702D59A68920727
:1030900013D50826E1E798680B4A024042F0200267
:1030A0009A60C5E79A689607D6D499680426064AB6
:1030B0000A4042F010029A60CFE79968024A0A403B
:1030C00042F020029A60E4E7C0FFFF7F00DC0C00C2
:1030D00003689A68D20701D5002070479968214A91
:1030E000114270B5044608D0636D012043F010030F
:1030F0006365A36D0343A36570BD99681A4A0A40CE
:1031000042F001029A60FFF775FC2368174A0546F2
:1031100093421ED002F5807293421AD0144A9268EC
:10312000114E0AE09A68324042F001029A60FFF7BD
:1031300061FC401B0228D7D823681A68D2070FD435
:103140009A68D107EED5FFF755FC401B0228F3D94A
:10315000CAE7084A9268D006E2D0074A9342DFD114
:10316000002070BD3F000080C0FFFF7F00200240B4
:10317000006302580023024000210240394A0368DC
:10318000934270B5044646D002F58072934242D015
:10319000354A96689D6815F0040542D194F8503080
:1031A000012B3ED00123204684F85030FFF790FFDA
:1031B000002838D1636D06F01F062C4A1A40236898
:1031C00042F4807262652A4A934245D01946626D84
:1031D00022F480126265626D12F4805240D0A26DBA
:1031E00022F00602A2651C228B421A604FF00002F8
:1031F00084F8502020D0092E18D9636D43F4801331
:103200006365CB689B0105D5636D23F4405343F49C
:103210008053636570BD174A96689D6815F0040574
:10322000BCD0022070BD84F8505070BD40F2212205
:1032300022FA06F6F507E0D5DA68920105D5626D47
:1032400022F4405242F48052626599680A4A0A4068
:1032500042F004029A6070BD0249002EB7D0BAE76E
:10326000A265C0E70020024000630258FEF0FFFFA5
:103270000021024000230240C0FFFF7F2DE9F04102
:103280003A4D044600680F461646A84219D0384BFE
:10329000984216D0374DAB688068420716D494F830
:1032A0005020012A12D003F01F080122B8F1090FA3
:1032B00084F850200DD90023012084F85030BDE857
:1032C000F0812D4DAB6880684207E8D50220BDE84B
:1032D000F08140F2212323FA08F3DB4313EA0205CD
:1032E000E9D12046FFF7F4FE002839D1626D234B67
:1032F0002168134043F480736365B8F1000F02D076
:103300001B4B994203D0636D23F480136365636D97
:1033100013F4805328D0A36D23F00603A365E06C5B
:103320003346174D3A464031C563164D0564164D78
:10333000C5641C2541F8405C002584F8505051F8C4
:103340003C5C45F0100541F83C5C00F07DFE2268D5
:103350000E4B91680B4043F004039360BDE8F0818D
:1033600084F85050BDE8F081A365D8E70020024002
:10337000002102400063025800230240FEF0FFFFDC
:10338000592B00084D2B0008C52B0008C0FFFF7FFC
:1033900038B503689A68910702D59B68002038BD4C
:1033A0009A68D20723D59A68044602F00D02012AD2
:1033B00008D0636D012043F010036365A36D0343E0
:1033C000A36538BD986803210A4A024042F0020210
:1033D0009A601960FFF70EFB054604E0FFF70AFB51
:1033E000401B0228E5D823689B68DB07F6D4002041
:1033F00038BD00BFC0FFFF7F90F85030012B1BD0BD
:103400000123032110B580F850300446FFF7E6FD94
:1034100018B1002384F8503010BD2046FFF7B8FFE4
:103420000028F6D1626D054B134043F0010363653C
:10343000002384F8503010BD02207047FEEEFFFFDD
:1034400038B5574A04460368934226D002F5807285
:10345000934222D0534B9B6813F4403F22D001F09B
:1034600047FF63680546B3F5003F00F08880B3F579
:10347000403F70D0B3F5803F00F08180FFF7D2FA73
:1034800041F2030398422DD8474B9D425DD92268F3
:10349000936843F48073936038BD444B9B6813F486
:1034A000403FDCD14FF4002002F0EEFF6368054698
:1034B000B3F5101F6DD008D8B3F5E01F55D01AD959
:1034C000B3F5001FDAD14509D8E7B3F5201F4AD07C
:1034D000B3F5301FD2D1FFF7A5FA41F203039842AA
:1034E00033D92D0A324B9D421DD82268936823F4AC
:1034F0004073936038BDB3F5801F06D00AD9B3F589
:10350000A01F02D0B3F5C01FB8D19B0C5B00B5FB68
:10351000F3F5B3E7B3F5002FF7D023F40022B2F5AB
:10352000802FF2D0AAE7234B234A2B4493421ED983
:10353000224B234A2B449342226893682BD823F4CE
:10354000407343F40073936038BD2268936823F49A
:103550008073936038BD8508FFF764FA41F2030376
:103560009842BFD890E7C50988E7050986E7226831
:10357000936823F4407343F48073936038BD1B0C4D
:10358000B5FBF3F5FFF74EFA41F203039842A9D8D1
:103590007AE7850972E743F44073936038BD00BF52
:1035A0000020024000630258002D31010023024038
:1035B000105E5F00EFA1A0FF0F5E5F00DF4341FFE1
:1035C0001FBCBE0030B5002383B00193002800F07B
:1035D000D080456D0446002D00F0BA8022689368C3
:1035E0009B0003D59168714B0B4093609368DD009D
:1035F00015D46F4B90686F491B6801406E489B095A
:1036000041F08051A0FB030391609B090193019B52
:103610002BB1019B013B0193019B002BF9D19368D6
:10362000D80024D4636D012543F010036365A36DB6
:103630002B43A365936813F0040F636D1DD1D90666
:103640001BD4636D23F4817343F0020363659368B5
:10365000DB0728D4594B9A4217D003F580739A425E
:1036600013D0574B9B68D9071DD4564A15E0936871
:10367000002513F0040F636DE1D0636D012543F065
:1036800010032846636503B030BD4C4A4E4B926828
:103690009B681343D80706D44C4A9368616823F4A7
:1036A0007C130B439360FFF7BDF941F20303A1685C
:1036B0009842237F52D894F815C01A04206B42EA2E
:1036C0004C3202430A43012B03D1236A013B42EAF5
:1036D0004342636A23B103F47873A16A0B431A432C
:1036E00023683B49D86801400A43DA609A6812F0BF
:1036F000040F9A681CD112071AD4D868354A217D64
:10370000024042EA8132E16A0A43DA6094F83820E2
:10371000012A3AD01A6922F001021A611A69204678
:10372000616B22F070420A431A61FFF789FE236839
:10373000E268012A21D01A6B22F00F021A63636D2E
:10374000284623F0030343F00103636503B030BD53
:1037500004F06CFCA56584F850503FE71029AAD10D
:10376000617D1A0442EA4132216B0A4342F01C0295
:10377000A9E70125284603B030BD196BA26921F0E5
:103780000F01013A0A431A63D9E7D4E910211869F5
:103790000A43114901400A43A16C0A43E16B42EA22
:1037A000014242F001021A61B8E700BFC0FFFF5FAB
:1037B00044020024C0FFFF6F632D3E05002002403D
:1037C00000600258006302580021024000230240BA
:1037D00003C0F0FFFCBFFFFF1EF800FCF0B50023A4
:1037E00083B0019390F85030012B40D00123044660
:1037F0000E46154680F85030FFF7CAFDE8B9676DF0
:1038000005F080421B4B06F480311B4D3B401B4FA3
:1038100043F00203636523689E68354015430D43FA
:1038200045F000459D609A68002A0FDB636D23F028
:10383000030343F00103636503E0636D43F010038A
:103840006365002384F8503003B0F0BD019A013263
:103850000192019ABA42E6D9636D0022012023F059
:10386000120384F8502043F010036365ECE7022054
:1038700003B0F0BDFDEEFFFFC0FFFE3FFF955A55C0
:10388000F0B490F850200E68012A49D00346294A26
:1038900001201C6883F85000944208D05A6D002122
:1038A00042F0200283F850105A65F0BC7047224D58
:1038B000AA6852070AD5A2685A6D012042F0200278
:1038C0005A65002283F85020F0BC7047A06810F0C1
:1038D0000400F1D1C6B1DFF868C04F68DCF80820F9
:1038E00022F440423A43CCF80820A468AA68224354
:1038F000D40713D48A68DCF8081016430F4A0A402C
:103900001643CCF80860DCE70D498A6822F440428F
:103910008A60A068AA680243D00704D50020D0E7D7
:103920000220F0BC70478C683046044A22408A600E
:10393000C7E700BF0020024000210240E0F0FFFF87
:103940000023024006494FF6FF0C0002054BCA68EF
:1039500000F4E06002EA0C0210430343CB607047BE
:1039600000ED00E00000FA051B4BDB68C3F3022307
:1039700000B5C3F1070E03F1040CBEF1040F28BF1C
:103980004FF0040EBCF1060F1AD9033B4FF0FF3C79
:103990000CFA03FC22EA0C024FF0FF3C00280CFA60
:1039A0000EFC21EA0C0101FA03F141EA02010ADBF3
:1039B00009010A4BC9B2034483F800135DF804FB04
:1039C00000221346E8E700F00F000901044BC9B2DA
:1039D000034419765DF804FB00ED00E000E100E02F
:1039E000FCEC00E0002807DB00F01F010123400988
:1039F000024A8B4042F82030704700BF00E100E0EF
:103A000000280DDB4309012200F01F000549203387
:103A100002FA00F041F82300BFF34F8FBFF36F8F1E
:103A2000704700BF00E100E0431EB3F1807F0CD27D
:103A30004FF0E022002006494FF0F00C53610723BD
:103A400081F823C09061136170470120704700BF67
:103A500000ED00E0BFF35F8F044B00215A6A22F4AF
:103A600080325A62C3F89410704700BF00ED00E046
:103A7000064B40F00100C3F894005A6A42F48032C9
:103A80005A62BFF34F8FBFF36F8F704700ED00E0B6
:103A9000174A4378C2F89830017821B3436800B5DB
:103AA000C2F89C30C37A90F80CC01B0690F80FE067
:103AB00043EA0C7390F80AC00B43817B43EACC4382
:103AC00090F80DC043EA8C4390F809C043EA4143A3
:103AD000017A43EA0E4343EA0C2343EA4103C2F866
:103AE000A0305DF804FBC2F89C10C2F8A01070472B
:103AF00000ED00E0704700BF08B5FFF7FBFF08BD11
:103B00000268344B344930B4344D354CAA4218BFA6
:103B10009A420CBF012300238A4208BF43F00103ED
:103B20003031A24208BF43F0010330348A4208BF5B
:103B300043F001033031A24208BF43F001033034A7
:103B40008A4208BF43F0010301F55C71A24208BF3D
:103B500043F0010304F55C748A4208BF43F001039B
:103B60003031A24208BF43F0010330348A4208BF1B
:103B700043F001033031A24208BF43F00103303467
:103B80008A4208BF43F001033031A24208BF43F02C
:103B900001038A4208BF43F0010313B9114B9A4253
:103BA00013D1D3B21049114C103BA1FB03515F2B31
:103BB0000F4BC1F3021103EA0203615C88BF0433B7
:103BC000C1658365184630BC704722F0FF038365EA
:103BD000F8E700BF10000240400002402800024009
:103BE00058000240B8040240ABAAAAAA483E010805
:103BF00000FCFFFF0368294A294930B4294D2A4CAB
:103C0000AB4218BF93420CBF012200228B4208BF77
:103C100042F001022831A34208BF42F001022834D9
:103C20008B4208BF42F001022831A34208BF42F094
:103C300001028B4208BF42F0010212B91B4A9342B3
:103C400013D1DBB21A4C1B4A0121083B1A4DA4FBCD
:103C50000343456602EB1312C3F30413920001FA07
:103C600003F30266836630BC7047DAB21349144C22
:103C70001944103AA829A4FB02234FEA131300D8D1
:103C80000833104A03F01F0501210F4C1A44A940C4
:103C90004466920081660266E5E700BF0854025858
:103CA000305402581C540258445402589454025838
:103CB000CDCCCCCC0096001680580258F0FBFDBF4E
:103CC000ABAAAAAA008200108008024070B5044680
:103CD000FEF790FE002C00F0C68023680546954A4A
:103CE000934248D01832934245D0303292498B42A9
:103CF00018BF934201F130010CBF012200228B4218
:103D000008BF42F0010218318B4208BF42F00102A5
:103D100018318B4208BF42F0010218318B4208BFB4
:103D200042F0010201F556718B4208BF42F00102D8
:103D300018318B4208BF42F0010218318B4208BF94
:103D400042F0010218318B4208BF42F001021831E3
:103D50008B4208BF42F0010218318B4208BF42F08B
:103D6000010218318B4208BF42F001021AB9734AAE
:103D7000934240F0F5800222002184F8352084F837
:103D800034101A6822F001021A6005E0FEF732FED4
:103D9000431B052B40D823681A68D107F6D4D4E911
:103DA000022521692A43A0691D680A4361690A4303
:103DB000E16902430A4362492940256A2A430A43CA
:103DC000616A04292FD01A605A6922F00702114350
:103DD00059612046FFF794FEE26D3F2302F01F0277
:103DE000934083602046FFF705FFA368802B3CD0FB
:103DF0006368A06EDAB2013BD4E91851072B2A6040
:103E0000486026D90023C4E91B33636700200123DF
:103E1000606584F8353070BD20220323012062657F
:103E200084F8353070BDD4E90B5129430A431A6038
:103E30005969A26A21F00701114341F00401002DE4
:103E4000C6D000284FD1012A6ED032F00202BFD175
:103E500051E0501E072810D9626FD4E91B310020B1
:103E600018604A60D2E7012070BD0023A16ED4E93A
:103E70001802636003605160C4E72168314B324D22
:103E8000A94218BF994205F114050CBF0123002374
:103E9000A94208BF43F001031435A94208BF43F00B
:103EA00001031435A94208BF43F001031435A942A8
:103EB00008BF43F001031435A94208BF43F00103D2
:103EC0003BB9224B994204D0214B224913449B0019
:103ED00003E0214B214913449B0001228240C4E9A5
:103EE0001B316267BBE7B0F5005F0ED0022A05D92F
:103EF000032A7FF46DAFEA017FF56AAF0123402208
:103F00001846626584F8353070BD032A3FF660AF0D
:103F100001A050F822F000BFFD3E0008F73E000867
:103F2000FD3E0008293F0008B5F1C07F7FF450AF87
:103F3000E4E700BF1000024040000240B804024025
:103F40003F8010FE085402581C54025894540258E2
:103F50003F820010400902403F9600164059025827
:103F6000324A33483349834218BF934200F1280054
:103F70000CBF012200228B4208BF42F0010228310F
:103F8000834208BF42F0010228308B4208BF42F052
:103F900001022831834208BF42F001028B4208BF70
:103FA00042F0010212B9244A934238D10222002180
:103FB000224D84F8341084F835201A681540A26820
:103FC000402A2AD0802A0CBF4FF480400846266A37
:103FD000D4E90312D20842EAD102616942EAD1026D
:103FE000A16942EAD102E16942EAD102144942EAF6
:103FF000161219442A4302431248A0FB010120462D
:104000001A600B099B00E365FFF77AFDE26D01235F
:1040100002F01F0293404360E4E61020D7E74022FD
:1040200003230120626584F8353070BD08540258BE
:104030001C54025830540258945402580F00FEFF8A
:10404000F8ABFDA7CDCCCCCC002800F0BC808446DA
:1040500090F83400012800F0B88001202DE9F041EB
:104060009CF835408CF83400844208D000224FF48C
:1040700000638CF83420CCF85430BDE8F081022085
:10408000DCF800507A4C8CF835000020794ECCF8E2
:1040900054007948854218BFA54200F118000CBFB2
:1040A00001240024854208BF44F0010418308542F1
:1040B00008BF44F001041830854208BF44F00104F1
:1040C0001830854208BF44F0010400F5567085425F
:1040D00008BF44F001041830854208BF44F00104D1
:1040E0001830854208BF44F001041830854208BFEB
:1040F00044F001041830854208BF44F00104183030
:10410000854208BF44F001041830854208BF44F0DE
:1041100001041830854208BF44F00104A0F5956001
:10412000B54218BF8542DCF86C600CBF012000204E
:1041300054EA0008286820F001002860DCF86400D8
:10414000DCF86840DCF85870446040D016B1DCE917
:104150001C044460DCF85C004FF03F0E00F01F00D0
:104160000EFA00F0B860286820F4802028606B60A8
:10417000DCF80830402B23D0A960EA602B6823F0DC
:104180001E0343F016032B60DCF840301BB12B6894
:1041900043F008032B60DCF860301A68D20303D5C3
:1041A0001A6842F480721A601EB1336843F4807357
:1041B00033602B68002043F001032B60BDE8F081E1
:1041C000AA60E960DAE7012070470220704716B163
:1041D000DCE91C0444602948DFF8A8E0754518BFF5
:1041E00085420EF1140E0CBF01200020754508BF5A
:1041F00040F001000EF1140E754508BF40F00100BB
:104200000EF1140E754508BF40F001000EF1140EBA
:10421000754508BF40F001000EF1140E754508BF4A
:1042200040F0010010B9164885420ED1DCF85C0060
:1042300000F01F0E012000FA0EF078606B60DCF8D1
:104240000830402B10D0A960EA602B6823F00E03E1
:1042500043F00A032B60DCF84030002B9BD02B6826
:1042600043F004032B6096E7AA60E960EDE700BF26
:104270004000024028000240580002400854025802
:10428000945402581C54025800285FD038B590F856
:1042900035200346022A55D10168444A914248D04C
:1042A0001832914245D03032414C4248A14218BFA9
:1042B000914204F148040CBF01220022814208BF50
:1042C00042F001023030A14208BF42F00102303416
:1042D000814208BF42F0010200F55C70A14208BFB4
:1042E00042F0010204F55C74814208BF42F0010211
:1042F0003030A14208BF42F001023034814208BF91
:1043000042F001023030A14208BF42F001023034D5
:10431000814208BF42F001023030A14208BF42F0A2
:104320000102814208BF42F0010212B9224A9142C1
:104330000ED10422002083F835200B6823F00103FE
:104340000B6038BD802201205A6538BD01207047BE
:104350000A681C6E22F00E02D86D9D6D0A6000F096
:104360001F000A6822F001020A60012221688240CF
:1043700021F4807121606A60DA6ED3E91910486017
:1043800032B11168D3E91C0421F4807111604460DA
:10439000002401211A6D83F8344083F835101AB1D6
:1043A00018469047204638BD104638BD10000240E0
:1043B0004000024070000240B80402402DE9F04382
:1043C00000229C4B83B09C4E1D688146019203687D
:1043D0009A4A846D934218BFB342276808BF0126EA
:1043E000216818BF002645D018329548834218BF6F
:1043F000934200F118000CBF01220022834208BF43
:1044000042F001021830834208BF42F00102183026
:10441000834208BF42F001021830834208BF42F0D5
:10442000010200F55670834208BF42F001021830C5
:10443000834208BF42F001021830834208BF42F0B5
:1044400001021830834208BF42F001021830834253
:1044500008BF42F001021830834208BF42F0010257
:104460001830834208BF42F001021AB9754A9342DC
:1044700040F05082D9F85C10082201F01F0C02FABB
:104480000CF2174240F0888127FA0CF2D2070CD5C3
:104490005A69100609D5012202FA0CF2A260D9F875
:1044A000542042F00202C9F854204FF0040E0EFAD4
:1044B0000CF038425BD0002E4FD1634ADFF8808188
:1044C000434518BF934208F118080CBF012200228F
:1044D000434508BF42F0010208F11808434508BFF0
:1044E00042F0010208F11808434508BF42F00102FA
:1044F00008F11808434508BF42F0010208F5567854
:10450000434508BF42F0010208F11808434508BFBF
:1045100042F0010208F11808434508BF42F00102C9
:1045200008F11808434508BF42F0010208F11808D5
:10453000434508BF42F0010208F11808434508BF8F
:1045400042F0010208F11808434508BF42F0010299
:104550001AB93C4A934240F019821A68920706D56C
:10456000A060D9F8542042F00402C9F85420102267
:1045700002FA0CFC1CEA070F6CD0002E45D1324A1F
:104580002F4EB34218BF934206F118060CBF01220A
:104590000022B34208BF42F001021836B34208BFFE
:1045A00042F001021836B34208BF42F00102183649
:1045B000B34208BF42F0010206F55676B34208BF87
:1045C00042F001021836B34208BF42F00102183629
:1045D000B34208BF42F001021836B34208BF42F0AE
:1045E00001021836B34208BF42F001021836B34246
:1045F00008BF42F001021836B34208BF42F0010280
:104600001AB9104A934240F0C9811A68100721D59F
:10461000C4F808C01A68560300F14C811A68D20524
:1046200003D41A6822F008021A60D9F840308BB11E
:104630000CE000BF440200241000024028000240A9
:1046400058000240B80402404000024048469847E3
:10465000D9F85C1001F01F0120268E403E4268D040
:10466000D9F80020A54BA64FBA4218BF9A4207F1CD
:1046700018070CBF01230023BA4208BF43F001030F
:104680001837BA4208BF43F001031837BA4208BFCF
:1046900043F001031837BA4208BF43F0010318374B
:1046A000BA4208BF43F001031837BA4208BF43F0CB
:1046B000010307F55677BA4208BF43F001031837E4
:1046C000BA4208BF43F001031837BA4208BF43F0AB
:1046D00001031837BA4208BF43F001031837BA4242
:1046E00008BF43F001031837BA4208BF43F0010383
:1046F0001837BA4208BF43F001031BB9814B9A42F5
:1047000040F062811368DB0613D5A66099F8353056
:10471000042B136800F0AE8013F4802F136800F0B0
:10472000D3801C0340F1DE80D9F83C300BB1484601
:104730009847D9F85430002B00F0B980D9F854309C
:10474000D8071FD5D9F80020042189F8351013683F
:1047500023F0010313606C4BA3FB0535AD0A02E0A7
:104760001368D90704D5019B0133AB420193F7D9F4
:10477000002389F834301368DB074CBF032301237F
:1047800089F83530D9F84C30002B00F0908048463D
:1047900003B0BDE8F0431847186840070AD5186809
:1047A00020F004001860A260D9F8542042F0010201
:1047B000C9F8542027FA0CF2D2077FF576AE534A97
:1047C0005348834218BF934200F130000CBF0122CE
:1047D0000022834208BF42F001021830834208BF22
:1047E00042F001021830834208BF42F00102183043
:1047F000834208BF42F0010200F55670834208BFB1
:1048000042F001021830834208BF42F00102183022
:10481000834208BF42F001021830834208BF42F0D1
:1048200001021830834208BF42F00102183083426F
:1048300008BF42F001021830834208BF42F0010273
:104840001830834208BF42F00102002A7FF420AEF4
:10485000002E7FF41DAE1A68042202FA0CF23A42CE
:1048600040F09480102202FA0CFC17EA0C0F3FF47F
:10487000F1AE84E623F016031360536923F080033E
:104880005361D9F840309BB3136823F008031360D9
:104890003F230025012203FA01F1D9F85030A1602D
:1048A00089F8345089F83520002B7FF470AF03B0BD
:1048B000BDE8F0831B6818037FF5B7AED9F8483020
:1048C000002B7FF4C3AEC5E613F480737FF42CAFE6
:1048D000116821F010011160012289F8343089F843
:1048E000352021E7D9F84430002B7FF420AF20E7B2
:1048F000D9F84830002BC7D1CAE700BF10000240EA
:1049000028000240B8040240B5814E1B5800024006
:10491000400002404E4A4F4DAB4218BF934205F152
:1049200014050CBF01220022AB4208BF42F0010275
:104930001435AB4208BF42F001021435AB4208BF48
:1049400042F001021435AB4208BF42F001021435B7
:10495000AB4208BF42F0010212B93F4A9342A6D1CE
:10496000D9F85C5004261A6805F01F05AE400E42C7
:1049700019D0570717D5100466604BD5D1034FD413
:10498000D9F84830002B7FF402AF90E71A68102264
:1049900002FA0CFC17EA0C0F3FF45CAE1A685207DF
:1049A0007FF558AE34E60226AE400E4211D097078E
:1049B0000FD56660140439D5D00343D4D9F84430F8
:1049C000002B7FF4E4AE72E713689F077FF5B1AE6A
:1049D0009BE60826AE400E423FF469AF11077FF513
:1049E00066AF1A68002122F00E021A600123D9F87E
:1049F0004C2003FA05F56560C9F8543089F8341085
:104A000089F83530002A3FF452AF484603B0BDE87C
:104A1000F0431047920603D41A6822F004021A6089
:104A2000D9F84030002B7FF4B2AE40E712F02002FC
:104A300008D11968012421F00A01196089F834208D
:104A400089F83540D9F83C30002B7FF4A0AE2EE732
:104A5000085402581C54025894540258406D704730
:104A6000002800F0DE81F8B503680446D80730D589
:104A70009F490A69896A02F03802102A00F0008111
:104A8000182A00F0F8806368B3F5803F00F02081B9
:104A9000002B00F05E81B3F5A02F954B1A6800F053
:104AA0002F8222F480321A601A6822F480221A605F
:104AB000FDF7A0FF8E4E41F28837054605E0FDF771
:104AC00099FF401BB84200F2428133689A03F6D541
:104AD00023689D0700F18580D9062FD5844A136984
:104AE000926A03F03803082B00F0DA80182B00F0EC
:104AF000D280E3697E4D002B00F065812B6843F086
:104B000080032B60FDF776FF064605E0FDF772FF98
:104B1000801B022800F21B812B68DB05F6D5FDF710
:104B200081FF41F20303984200F20B826B68226A14
:104B300023F0F84343EA82636B6023681D0716D5B0
:104B400063696B4D002B00F01C816B6F43F0010318
:104B50006B67FDF74FFF064605E0FDF74BFF801B37
:104B6000022800F2F4806B6F9807F6D523689A0646
:104B700016D5A3695E4D002B00F014812B6843F419
:104B800080532B60FDF736FF064605E0FDF732FF48
:104B9000801B022800F2DB802B689F04F6D5236877
:104BA000590700F19B80636ACBB1514D2A6902F02D
:104BB0003802182A6DD0022B2B6823F080732B60EB
:104BC00000F03981FDF716FF044605E0FDF712FFFE
:104BD000001B022800F2BB802B689B01F6D400204A
:104BE000F8BD434A1369926A13F0380329D1404B48
:104BF000E2681B68590701D5002A4AD03C4D2B6852
:104C000023F0190313432B60FDF7F4FE064605E07D
:104C1000FDF7F0FE801B022800F299802B685B07ED
:104C2000F6D5FDF7FFFE41F20303226998426B6857
:104C300000F2F08023F47C3343EA02336B60236894
:104C40004AE7182B00F0E280294DE2682B68002A21
:104C500000F0CB8023F0190313432B60FDF7CAFE4D
:104C6000064604E0FDF7C6FE801B02286FD82B68BD
:104C70005F07F7D5D5E701F0030102297FF403AF01
:104C80001B4A126891037FF524AF6268002A7FF403
:104C900020AF0120F8BD02F00302012A7FF429AF02
:104CA000134B1B68DA0502D5E369802BF1D1FDF7C0
:104CB000B9FE41F203030E4A9842216A00F2B38022
:104CC000536823F0F84343EA81635360236835E770
:104CD000074A136843F480331360E9E6054D2B68F7
:104CE00043F480732B60FDF785FE064609E000BFA4
:104CF0000044025800480258FDF77CFE801B6428DF
:104D000025D82B68DA05F7D5A368012B00F022819E
:104D1000002B00F0FD80052B954B1A6F00F02081D1
:104D200022F001021A671A6F22F004021A67FDF7D7
:104D300061FE8F4E41F28837054604E0FDF75AFECA
:104D4000401BB84203D8336F9B07F7D52BE70320EE
:104D5000F8BD874D41F288372B6823F480332B60F0
:104D60002B6823F480232B60FDF744FE064604E005
:104D7000FDF740FE801BB842E9D82B689B03F7D4AF
:104D8000A6E66B6F23F001036B67FDF733FE064663
:104D900004E0FDF72FFE801B0228D8D86B6F99071F
:104DA000F7D4E3E62B6823F480532B60FDF722FE53
:104DB000064604E0FDF71EFE801B0228C7D82B68BC
:104DC0009804F7D4EBE62B6823F080032B60FDF703
:104DD00011FE064604E0FDF70DFE801B0228B6D842
:104DE0002B68DF05F7D42368A8E623F001032B60C6
:104DF000FDF700FE064604E0FDF7FCFD801B0228DF
:104E0000A5D82B685807F7D4236865E690077FF488
:104E10001BAFECE623F0FE4343EA02636B602368BA
:104E20005AE601207047D36823F07C5343EA0163BC
:104E3000D360236882E6FDF7DDFD064604E0FDF75A
:104E4000D9FD801B022882D82B689901F7D4A96A62
:104E5000484BA26A0B404849454E1343E26A43EA75
:104E60000213AB62D4E90D32013B013A5B0212043A
:104E70009BB202F4FE021343226B013AC2F3080212
:104E80001343E26B013A120602F0FE4213432B6316
:104E9000EB6A23F00103EB626A6BA36C114041EAF9
:104EA000C3016963EB6A226C23F00C031343EB62CA
:104EB000EB6A626C23F002031343EB62EB6A43F488
:104EC0008033EB62EB6A43F40033EB62EB6A43F44A
:104ED0008023EB62EB6A43F00103EB622B6843F043
:104EE00080732B60FDF786FD044605E0FDF782FD2B
:104EF000001B02283FF62BAF33689A01F6D56EE609
:104F000042F480221A601A6842F480321A60CFE5B7
:104F1000174D41F288372B6F23F001032B672B6F5E
:104F200023F004032B67FDF765FD064605E0FDF75A
:104F300061FD801BB8423FF60AAF2B6F9807F6D48D
:104F400031E6EB68226A23F07C5343EA0263EB60AC
:104F50002368F3E5064A136F43F001031367E6E69F
:104F600042F004021A671A6F42F001021A67DEE685
:104F7000004402580CFCFFFF0700FFFF474A13697B
:104F800003F03803102B04D0182B0DD01BB144486C
:104F9000704744487047136899064AD513684248D9
:104FA000C3F3C103D8407047936A30B4946AD56A9A
:104FB00014F47C7F516BC4F3051038D0C1F3CC01DD
:104FC00005F0010503F0030305FB01F1012B07EEDA
:104FD000901AB8EEE77A02D0022B2CD093B307EEEA
:104FE000900A9FED325AF8EEE77A136BC5EE276A06
:104FF000DFED2F5AC3F3080307EE903AB7EE006ACD
:10500000F8EEE77AE7EE257A77EE867A66EEA76A1B
:10501000224B1B6BC3F34623013307EE903AB8EEE5
:10502000E77AC6EE877AFCEEE77A17EE900A30BC94
:1050300070471D48704707EE900A9FED1E5AF8EE24
:10504000E77AD2E713689B0620D5146807EE900A2A
:105050001549F7EE005A136BC4F3C104F8EEE77A72
:105060009FED135AC3F30803E14006EE903A06EEB3
:10507000101AF8EEE66AB8EEC66AE7EE056A86EE42
:10508000277A76EEA56A66EE876AC1E707EE900A90
:105090009FED095AF8EEE77AA7E700BF00440258EF
:1050A00000093D000024F4000090D0030024744A5D
:1050B000000000390024744B0024744C002800F0D8
:1050C0000281874A136803F00F038B422DE9F041F8
:1050D00004460D460CD2136823F00F030B431360F4
:1050E000136803F00F038B4202D00120BDE8F0816A
:1050F00023685F070BD57B4920698A6902F070023B
:10510000904204D98A6922F0700202438A611E0724
:105110000BD574496069CA6902F07002904204D9E3
:10512000CA6922F070020243CA61D8060BD56D49E4
:10513000A069CA6902F4E062904204D9CA6922F403
:10514000E0620243CA6199060BD56649E0690A6AC2
:1051500002F07002904204D90A6A22F070020243FF
:105160000A629A0740F1A1805E48E168826902F014
:105170000F02914204D9826922F00F020A43826130
:10518000D80730D5574AA168936923F470630B435D
:10519000936161681368022900F09780032900F089
:1051A0008E80012900F0978058079ED54D4E41F220
:1051B0008838336923F007030B433361FDF71AFC8A
:1051C000074605E0FDF716FCC01B404500F2818054
:1051D0003369626803F03803B3EBC20FF2D123687E
:1051E000990706D5E1683F48826902F00F028A42BA
:1051F0005FD83B490A6802F00F02AA420AD90A683E
:1052000022F00F022A430A600A6802F00F02AA4243
:105210007FF46BAF5A070BD5324920698A6902F0D7
:105220007002904204D28A6922F0700202438A61BD
:105230001F070BD52B496069CA6902F070029042C2
:1052400004D2CA6922F070020243CA61DE060BD59D
:105250002449A069CA6902F4E062904204D2CA6992
:1052600022F4E0620243CA619D060BD51D4AE16942
:10527000136A03F07003994204D2136A23F0700397
:105280000B431362FFF77AFE164A034616489269EB
:105290001649C2F30322825C0E2002F01F02D340A3
:1052A000BDE8F0410B60FDF743BBDA073FF56AAF9D
:1052B0009FE7826922F00F021143816199E79F0104
:1052C0003FF574AF11E7012070479B033FF56EAFC8
:1052D0000BE703200AE7DE053FF568AF05E700BFEF
:1052E0000020005200440258003F010844020024FC
:1052F00008B501F095F9064B06499B69064A03F08B
:105300000F03CB5C03F01F03D840106008BD00BF43
:1053100000440258003F01084802002410B501F083
:105320007FF90949094A8B69094C03F00F03D35CE3
:1053300003F01F03D8402060CB69C3F30213D35C92
:1053400003F01F03D84010BD00440258003F01087D
:105350004802002410B501F063F90949094A8B6934
:10536000094C03F00F03D35C03F01F03D840206007
:10537000CB69C3F30223D35C03F01F03D84010BDF5
:1053800000440258003F010848020024F8B53A4C96
:10539000A36A03F00303032B67D0236806460F4676
:1053A00023F080632360FDF725FB054604E0FDF74D
:1053B00021FB431B022B56D823681A01F7D4A36A9A
:1053C000326823F47C3343EA0233A362D6E9023223
:1053D000013B013A5B0212049BB202F4FE0213434A
:1053E0007268013AC2F3080213433269013A1206A5
:1053F00002F0FE421343A363E36A726923F0C00321
:105400001343E362E26AB36922F020021A431B4BA2
:10541000E262E26A22F01002E262E16BF2690B40A2
:1054200043EAC203E363E36A43F01003E362E36A1F
:10543000EFB1012F0CBF43F4801343F40013E36278
:105440000D4C236843F080632360FDF7D3FA0546D3
:1054500004E0FDF7CFFA401B022804D823681B01A3
:10546000F7D50020F8BD0320F8BD0120F8BD43F4B6
:105470000023E362E4E700BF004402580700FFFF97
:10548000F8B53A4CA36A03F00303032B67D02368F3
:1054900006460F4623F080532360FDF7ABFA05461E
:1054A00004E0FDF7A7FA431B022B56D823689A00A5
:1054B000F7D4A36A326823F07C7343EA0253A362F1
:1054C000D6E90232013B013A5B0212049BB202F4BC
:1054D000FE0213437268013AC2F3080213433269B1
:1054E000013A120602F0FE4213432364E36A726932
:1054F00023F440631343E362E26AB36922F4007267
:105500001A431B4BE262E26A22F48072E262616C2F
:10551000F2690B4043EAC2036364E36A43F48073B5
:10552000E362E36AEFB1012F0CBF43F4000343F0E1
:105530008073E3620D4C236843F080532360FDF7D2
:1055400059FA054604E0FDF755FA401B022804D835
:1055500023689B00F7D50020F8BD0320F8BD01208B
:10556000F8BD43F48003E362E4E700BF004402585F
:105570000700FFFF2DE9F8430368044613F00066B7
:1055800022D0426EB2F5001F00F0CE8411D8002A5E
:1055900000F0F884B2F5801F40F0F184022104305D
:1055A000FFF7F4FE0646002E40F08684626E236804
:1055B00003E0B2F5401F40F0E284A8480026016DE8
:1055C00021F440110A430265DD050AD5626D042A03
:1055D00006D8DFE812F0A20493049A04DF02DF0287
:1055E0000126354698051BD5A26D802A00F05B8404
:1055F00000F2EC80002A00F08B83402A40F0ED801E
:105600000021201DFFF7C2FE23680546002D40F053
:1056100067839249A06D0A6D22F4E07202430A6525
:1056200059051FD5D4F8A420B2F5800F00F04784A7
:1056300000F2D680002A00F07183B2F5001F40F01E
:10564000D7800021201DFFF7A1FE23680546002D0D
:1056500040F044838149D4F8A4008A6D22F46002AA
:1056600002438A651A051FD5D4F8A820B2F1007F3D
:1056700000F02E8400F2BF80002A00F05583B2F1C2
:10568000807F40F0C0800021201DFFF77FFE23684F
:105690000546002D40F02A837049D4F8A8008A6D91
:1056A00022F0E06202438A659F0118D5A26C202A8D
:1056B00000F0DA8300F2AA803AB1102A40F0A98003
:1056C0006649CA6A42F40032CA62002D40F059832A
:1056D0006249A06CCA6C22F030020243CA64D8044A
:1056E0001DD5E26DB2F5005F00F0FB8300F29480FF
:1056F000002A00F01F83B2F5805F40F09580002102
:10570000201DFFF743FE23680546002D40F0EC8284
:105710005249E06D0A6D22F4E04202430A659904A1
:105720001AD5226EB2F5003F00F074837FD84AB1DB
:10573000B2F5803F40F083800121201DFFF726FE57
:1057400023680546002D40F01E834449206E0A6DF3
:1057500022F4E02202430A655A041BD5D4F8AC2097
:10576000B2F1005F00F060836CD842B1B2F1805FAB
:1057700070D10121201DFFF709FE23680546002D89
:1057800040F003833549D4F8AC008A6D22F0E04242
:1057900002438A651F040DD5E26EB2F1805F00F00E
:1057A0003183B2F1005F00F00182002A00F0048230
:1057B00001263546D8015DD5626C032A00F20A84C1
:1057C000DFE812F0540017034E005400C02A3FF4E3
:1057D0001DAFB2F5807F3FF419AF012635461FE7B4
:1057E000B2F5C00F3FF433AFB2F5000F3FF42FAF67
:1057F0000126354636E7B2F1407F3FF44AAFB2F1B9
:10580000806F3FF446AF012635464DE7302A3FF41E
:105810005CAF0126354662E7B2F5405F3FF475AFF5
:10582000B2F5804F3FF471AF0126354677E722F499
:105830008031B1F5802F85D0B2F5403F82D001266E
:10584000354689E722F08051B1F1804F97D0B2F10F
:10585000405F94D0012635469CE700BF00440258C3
:105860000221201DFFF792FD23680546002D00F060
:105870006B822E46590200F1F081DF072FD5A26F0F
:10588000282A2AD8DFE812F0D301290029002900AC
:1058900029002900290029006D0329002900290079
:1058A0002900290029002900CC012900290029000C
:1058B0002900290029002900D301290029002900F5
:1058C0002900290029002900D301290029002900E5
:1058D0002900290029002900D3010126354698070F
:1058E00016D5626F052A00F27883DFE812F00D000A
:1058F000300306000D000D000D00012104F124000D
:10590000FFF7BEFD23680546002D00F025822E46D8
:10591000590717D5D4F89020052A00F26183DFE8F3
:1059200012F00D000C0306000D000D000D0001210A
:1059300004F12400FFF7A4FD23680546002D00F0C4
:1059400013822E469A061DD5D4F88C20B2F1005F42
:1059500000F0458200F2DC804AB1B2F1805F40F095
:10596000E1800021201DFFF711FD23680546002D71
:1059700040F00582A949D4F88C004A6D22F0E0423B
:1059800002434A655F061DD5D4F89820B2F5006F32
:1059900000F0548200F2C9804AB1B2F5806F40F045
:1059A000CE800021201DFFF7F1FC23680546002D65
:1059B00040F0C8819949D4F898008A6D22F4E052E9
:1059C00002438A6518061DD5D4F89C20B2F5804F95
:1059D00000F03F8200F2B6804AB1B2F5005F40F0BD
:1059E000BB800021201DFFF7D1FC23680546002D58
:1059F00040F0A6818949D4F89C008A6D22F4604267
:105A000002438A6519070BD5D4F88010B1F5805F81
:105A100000F03E828148426D22F440520A434265C2
:105A2000DA060BD5D4F89410B1F5807F00F025820A
:105A30007A48826D22F440720A4382651F030ED5B4
:105A4000D4F8A010B1F5803F00F0D480B1F5003F4C
:105A500000F0D780002900F0BA81012635465803AE
:105A60000FD5D4F88420B2F5001F00F0B080B2F555
:105A7000401F00F0B380B2F5801F00F0A081012626
:105A80003546D90309D5E26C002A00F08681B2F5CB
:105A9000803F00F02D81012635469A0000F1D2802A
:105AA0009F035CD4301E18BF0120DE0206D55B497F
:105AB000256F0A6D22F000422A430A65DD0007D5F2
:105AC0005649D4F8B4500A6922F480422A430A6144
:105AD000990206D55149A56E0A6D22F080722A43BB
:105AE0000A655A0009D54D4A116921F40041116136
:105AF0001169D4F8B85029431161002B06DA474ADE
:105B0000216DD36C23F040530B43D364BDE8F8837D
:105B100022F08051B1F1804F3FF429AFB2F1405FE4
:105B20003FF425AF012635462CE722F48061B1F51C
:105B3000805F3FF43CAFB2F5406F3FF438AF0126D1
:105B400035463FE722F40051B1F5004F3FF44FAF27
:105B5000B2F5C04F3FF44BAF0126354652E7E26F36
:105B6000B2F5807F00F0228106D922F48071B1F570
:105B7000007F03D0012098E7002AFBD1002DF9D146
:105B8000264D301E696D18BF012021F440710A4373
:105B90006A658AE73546002D40F0A4801F49606D94
:105BA0000A6D22F0070202430A651BE50121201D50
:105BB000FFF7ECFB23680546002D40F0DE80174917
:105BC000E06E0A6D22F0405202430A65F2E50121BF
:105BD00004F12400FFF754FC23680546002D40F033
:105BE000DA800E49D4F884004A6D22F44012024350
:105BF0004A6546E7022104F12400FFF741FC2368CF
:105C00000546002D40F0C5800449D4F8A0008A6DF7
:105C100022F4403202438A6521E700BF0044025863
:105C2000012104F12400FFF72BFC23680546002D19
:105C300040F0AD80AF49A06F4A6D22F038020243B8
:105C40004A654CE6022104F12400FFF719FC2368A1
:105C500000283FF425AF012622E7A74F3B6843F415
:105C600080733B60FCF7C6FE804606E0FCF7C2FE90
:105C7000A0EB0800642800F27E813B68DA05F5D5C8
:105C8000002D40F0A4819B4AD4F8B030116F5940E8
:105C900011F4407F0BD0116F106F21F4407140F46C
:105CA00080301067106F20F4803010671167B3F5F3
:105CB000807F00F06E8103F44072B2F5407F00F007
:105CC0007C818C490A6922F47C520A61894AC3F3B7
:105CD0000B03116F0B4313672368CEE52E46C1E417
:105CE0002E469DE42E467DE42E4618E52E46DBE446
:105CF0000221201DFFF74AFB05462368002D53D1E2
:105D00007C49E06CCA6C22F480320243CA64C4E667
:105D10007849CA6A42F40032CA6277E47549CA6AAD
:105D200042F40032CA6292E47249CA6A42F4003212
:105D3000CA62AEE46F49CA6A42F40032CA62E4E45D
:105D40002E465FE62E463DE66A49606CCA6C22F03C
:105D500003020243CA648DE56649606F4A6D22F012
:105D6000070202434A65D3E56249D4F890008A6D80
:105D700022F0070202438A65E4E52E461AE52E4624
:105D800000E62E46ABE42E46E6E42E4602E52E461D
:105D9000A5E52E4663E62E4673E65649CA6A42F4E6
:105DA0000032CA62002DABD02E4676E65148C16A59
:105DB00041F40031C162002D7FF4DCAEE0E64D49D4
:105DC000CA6A42F40032CA62002DE4D109E7201DFC
:105DD000FFF7DCFA05462368002DDAD114E702212B
:105DE00004F12400FFF74CFB05462368002DC6D1C3
:105DF000C0E54049CA6A42F40032CA62002D7FF40D
:105E000038ADA1E73B49CA6A42F40032CA62002DAC
:105E1000B3D1D4E6012104F12400FFF731FB05469C
:105E20002368002DAFD190E4012104F12400FFF795
:105E300027FB05462368002DA7D1A3E4022104F126
:105E40002400FFF71DFB05462368002D7FF47AAF81
:105E5000B0E5022104F12400FFF712FB0546236898
:105E6000002D7FF46DAFC5E50221201DFFF78EFAEE
:105E700005462368002D84D12AE4022104F1240080
:105E8000FFF7FEFA236800283FF4D8AD0126D5E5D8
:105E9000022104F12400FFF7F3FA236800283FF4FD
:105EA000BFAD0126BCE5002104F12400FFF7E8FAAC
:105EB00023680546FFF7AABB2368FFF785BB0021CF
:105EC00004F12400FFF7DCFA23680546FFF7BFBBA7
:105ED000002104F12400FFF7D3FA23680546FFF7F9
:105EE000D8BB002104F12400FFF7CAFA2368054655
:105EF0000BE400BF00440258004802580021201D56
:105F0000FFF744FA2368054645E6002104F1240022
:105F1000FFF7B6FA236805463DE633493546CA6AB7
:105F200042F40032CA6236E602212430FFF7A8FAB2
:105F30000646002E3FF43AABBEE70121201DFFF7D5
:105F400025FA05462368002D7FF4FBAC0CE7012100
:105F5000201DFFF71BFA05462368002D7FF4D7AC00
:105F6000FAE60121201DFFF711FA05462368002DEE
:105F70007FF40DAF5EE60326236835467DE40126F7
:105F8000FFF722BB1848C16A41F40031C162FFF734
:105F900014BBFCF72FFDDFF85080074641F288392B
:105FA00004E0FCF727FDC01B4845E4D8D8F8703062
:105FB0009B07F6D5D4F8B0307DE60B480B4A016953
:105FC00002EA131221F47C510A4302617EE623683F
:105FD0002E4652E4012635464CE40126354697E428
:105FE00001263546AEE400BF00440258CFFFFF0053
:105FF00008B5FFF77DF9054B054A1B6AC3F3021389
:10600000D35C03F01F03D84008BD00BF0044025812
:10601000003F0108584B70B4996A9D6ADE6A15F416
:106020007C3FC5F30532DC6B5CD0C4F3CC0406F0D6
:10603000100601F0030106FB04F4012907EE904A63
:10604000B8EEE77A03D0022975D000294FD007EEC9
:10605000902ADFED4A6AF8EEE77A9B6B86EEA76A34
:106060009FED475AC3F3080306EE903AF7EE005A45
:10607000F8EEE66AE7EE056A76EEA56A66EE266A4F
:106080003D4AB7EE006A936BC3F3462307EE103A1E
:10609000B8EEC77A70BC37EE067AC6EE877AFCEEA9
:1060A000E77AC0ED007A936BC3F3064307EE103A2C
:1060B000B8EEC77A37EE067AC6EE877AFCEEE77A54
:1060C000C0ED017A936BC3F3066307EE903AF8EEE6
:1060D000E77A77EE867A86EEA77ABCEEC77A80ED0D
:1060E000027A704770BCC0E900228260704719686C
:1060F000890627D51C6807EE902A2249F7EE005A38
:106100009B6BC4F3C102F8EEE77A9FED1D5AC3F30F
:106110000803D14006EE903A06EE101AF8EEE66A51
:10612000B8EEC66AE7EE056A86EE277A76EEA56ACD
:1061300066EE876AA4E707EE902ADFED136AF8EEB1
:10614000E77A8AE707EE902A9FED105A9B6BB7EE2D
:10615000006AF8EEE77ADFED0A5AC3F30803C5EEEA
:10616000276A07EE903AF8EEE77AE7EE257A77EEBF
:10617000867A66EEA76A83E7004402580024744AD0
:10618000000000390090D0030024744B0024744CAC
:10619000584B70B4996A9D6ADE6A15F07C7FC5F32E
:1061A00005525C6C5CD0C4F3CC0406F4807601F03C
:1061B000030106FB04F4012907EE904AB8EEE77AE2
:1061C00003D0022975D000294FD007EE902ADFEDC9
:1061D0004A6AF8EEE77A1B6C86EEA76A9FED475A8B
:1061E000C3F3080306EE903AF7EE005AF8EEE66ABB
:1061F000E7EE056A76EEA56A66EE266A3D4AB7EED8
:10620000006A136CC3F3462307EE103AB8EEC77A60
:1062100070BC37EE067AC6EE877AFCEEE77AC0ED00
:10622000007A136CC3F3064307EE103AB8EEC77A50
:1062300037EE067AC6EE877AFCEEE77AC0ED017A91
:10624000136CC3F3066307EE903AF8EEE77A77EE45
:10625000867A86EEA77ABCEEC77A80ED027A70471E
:1062600070BCC0E90022826070471968890627D592
:106270001C6807EE902A2249F7EE005A1B6CC4F303
:10628000C102F8EEE77A9FED1D5AC3F30803D1402F
:1062900006EE903A06EE101AF8EEE66AB8EEC66A16
:1062A000E7EE056A86EE277A76EEA56A66EE876ADD
:1062B000A4E707EE902ADFED136AF8EEE77A8AE7A3
:1062C00007EE902A9FED105A1B6CB7EE006AF8EEAD
:1062D000E77ADFED0A5AC3F30803C5EE276A07EE33
:1062E000903AF8EEE77AE7EE257A77EE867A66EE70
:1062F000A76A83E7004402580024744A000000396A
:106300000090D0030024744B0024744C584B70B49C
:10631000996A9D6ADE6A15F47C7FC5F305125C6B91
:106320005CD0C4F3CC0406F0010601F0030106FBC7
:1063300004F4012907EE904AB8EEE77A03D0022967
:1063400075D000294FD007EE902ADFED4A6AF8EEAB
:10635000E77A1B6B86EEA76A9FED475AC3F30803E3
:1063600006EE903AF7EE005AF8EEE66AE7EE056AB6
:1063700076EEA56A66EE266A3D4AB7EE006A136BB2
:10638000C3F3462307EE103AB8EEC77A70BC37EE77
:10639000067AC6EE877AFCEEE77AC0ED007A136BD8
:1063A000C3F3064307EE103AB8EEC77A37EE067A23
:1063B000C6EE877AFCEEE77AC0ED017A136BC3F381
:1063C000066307EE903AF8EEE77A77EE867A86EE85
:1063D000A77ABCEEC77A80ED027A704770BCC0E93C
:1063E0000022826070471968890627D51C6807EE6D
:1063F000902A2249F7EE005A1B6BC4F3C102F8EE53
:10640000E77A9FED1D5AC3F30803D14006EE903A98
:1064100006EE101AF8EEE66AB8EEC66AE7EE056A0E
:1064200086EE277A76EEA56A66EE876AA4E707EE1F
:10643000902ADFED136AF8EEE77A8AE707EE902AF2
:106440009FED105A1B6BB7EE006AF8EEE77ADFEDAE
:106450000A5AC3F30803C5EE276A07EE903AF8EE2E
:10646000E77AE7EE257A77EE867A66EEA76A83E723
:10647000004402580024744A000000390090D00300
:106480000024744B0024744CB0F5807F00B585B0B7
:1064900048D0B0F5007F11D0B0F5806F00F0828059
:1064A000B0F5006F52D0B0F5805F2CD0B0F5002F62
:1064B00000F09680002005B05DF804FB534A136D90
:1064C00003F4E073802B59D012D9C02B26D0B3F53A
:1064D000807FEFD1D36C13F040535BD0B3F1805F7A
:1064E00000F08D80B3F1005F494818BF0020E2E75B
:1064F000002B3CD0402BDDD101A8FFF78BFD01988C
:1065000005B05DF804FB414A136D03F4E043B3F5B5
:10651000005F33D029D9B3F5405F58D13D4805B06D
:106520005DF804FB394B1B6D03F00703042BC1D846
:1065300001A252F823F000BF6F650008F96400085B
:106540007D6500081D6500088B6500082F4A936D66
:1065500003F0E063B3F1007F10D01DD9B3F1407FA9
:10656000DCD0B3F1806FB5D0A4E7002B34D101A803
:10657000FFF7CCFE029805B05DF804FB01A8FFF719
:1065800007FE019805B05DF804FB204BDB6C13F0AF
:106590004053A3D120488EE7002BE8D0B3F1807F91
:1065A000AAD087E7194A936D03F46003B3F5800F0F
:1065B000E4D005D8002BDAD0B3F5001F9CD079E7E2
:1065C000B3F5C00FAAD0B3F5000F83D072E7B3F5CF
:1065D000804F3FF47FAF6DE7B3F5805F8CD069E704
:1065E0000A4A936D03F44033B3F5803F09D0B3F505
:1065F000003F3FF46FAF002B7FF45CAF7CE70748B0
:1066000059E701A8FFF7C4FD039854E70044025876
:106610000024F4000080BB000090D00300093D007E
:1066200008B5FEF7ABFC064B06499B69064AC3F367
:106630000323CB5C03F01F03D840106008BD00BFEC
:1066400000440258003F010844020024084604F0B8
:1066500011B900BF143001F06DBA00BF38B500F1B8
:10666000140504462DED028B284601F01FFA28463A
:1066700001F018FA2846B0EE408A01F001FAD0ED98
:10668000007AF8EE677A88EE277ABDEC028B84ED0B
:106690000E7A38BD143001F005BA00BF38B500F1EC
:1066A000140504462DED028B284601F0EDF928462D
:1066B00001F0F8F92846B0EE408A01F0E1F9D0ED9A
:1066C000007AF8EE677A88EE277ABDEC028B84EDCB
:1066D0000E7A38BD253001F079BF00BF10B540F209
:1066E00003338EB000244FF60B7240F20341ADF835
:1066F000083009A80123ADF81020ADF82420224667
:10670000ADF80C100094029907940C94CDE905445F
:10671000CDE90A4401F082FD04A801232246039931
:10672000009401F07BFD09A801F05EFE10B9012084
:106730000EB010BD04A801F057FEA0420CBF02200D
:1067400020460EB010BD00BF2DE9F04103239AB0E2
:10675000012700240646CDE914373B4BCDE9104311
:1067600040F20453CDE91647ADF84830FFF7B6FFC5
:10677000B842054625D0022845D040F60132334BB9
:106780000DF12C081894ADF82C200B981997CDF822
:106790004A3000F0E3F810A906F13C0002F060FE78
:1067A000302003224FF07E5341460D930E93CDE9E6
:1067B0000B02F26B06F1140001F02AF91AB0BDE8E1
:1067C000F0811023214A06A906908DF828300DF19A
:1067D0002C081F4BCDF84A2007930294CDE91804EA
:1067E000CDE9080402A802F071F80823029A03A96F
:1067F0004046ADF80C508DF80E40049505930B946F
:1068000000F0ECF8C7E700200121104B0DF12C0837
:106810003A460094CDF84A304FF60B730C94ADF81D
:106820002C302346CDE9180140F601314046ADF841
:1068300018100699CDE90D4401F0F0FC21464046C0
:1068400001F0DEFDA7E700BF040204040406040310
:106850000704010B2DE9F04704462DED028B82B0B1
:1068600000294DD0012140F2011200230091ADF822
:1068700004208DF80630364A0127364B04F104090E
:10688000354904F12908626040F20272A36040F6C3
:106890000663E16004F1250AA4F82520A4F8293054
:1068A000278284F8277084F82B7004F07FF905465E
:1068B00003F0E2FF6946064650BB4DB304F13000D9
:1068C0008DF8067004F0FAF8072D3CD104F1140598
:1068D0002046FFF739FF284601F0E4F82846B0EEDD
:1068E000408A01F0CDF8D0ED007AF8EE677A88EEB4
:1068F000277A84ED0E7A02B0BDEC028BBDE8F087FA
:1069000040F2011300918DF80610ADF80430B2E7A3
:1069100004F1300004F0D2F8072D11D0494620468A
:1069200002F01EFA0EB9002DD0D1504601F072FDD2
:10693000404601F06FFD04F1120000F079F9C5E75F
:10694000002EF2D1C2E74946204602F009FABDE71F
:106950000508050905070506050A060610B584B0F1
:1069600003460124ADF8040003A8ADF80C30ADF8DF
:106970000E4001F04FFD214603A801F027FE2046FE
:1069800003F078FF002103A801F020FE204603F069
:1069900071FF214603A801F019FE04B010BD00BF2D
:1069A00010B5C2F3002384B00C46017C8DF80D2095
:1069B00043EA4402FA2402238DF80C2003AA00942F
:1069C00002F01AF818B10124204604B010BD0446A4
:1069D0000A2003F04FFF204604B010BD034670B5F7
:1069E00043F8042B044684B007C983E80700A37961
:1069F00083B91A210B461E22FA2523742046ADF8CE
:106A00000C20022303AA009501F0F6FF28B1012013
:106A100004B070BD1B210B46EDE70A2003F02AFFEE
:106A20004FF4B85200950223ADF80C20204603AA7B
:106A3000217C01F0E1FF0028E9D10A2003F01AFFD0
:106A400041F2027200950223ADF80C20204603AA01
:106A5000217C01F0D1FF0028D9D10A2003F00AFFE0
:106A6000042200950223ADF80C20204603AA217CC5
:106A700001F0C2FF0028CAD10A2003F0FBFE062263
:106A800000950223ADF80C20204603AA217C01F0DA
:106A9000B3FF0028BBD10A2003F0ECFE41F208222C
:106AA00000950223ADF80C20204603AA217C01F0BA
:106AB000A3FF0028ABD10A20064603F0DBFE0095B9
:106AC000022303AA217C2046ADF80C6001F094FF5C
:106AD00000289CD1304603F0CDFE009522790C238E
:106AE0002046002A8DF80C3003AA4FF0020314BF91
:106AF000622142218DF80D10217C01F07DFF0028DC
:106B000085D1304603F0B6FE2279D4E902310B4339
:106B1000DBB20AB943F0400362790AB143F02003C3
:106B20000E22FA258DF80D302046009502238DF8AF
:106B30000C2003AA217C01F05FFF00287FF467AFDF
:106B40000A2003F097FE102200950223ADF80C20D6
:106B5000204603AA217C01F04FFF00287FF457AFA5
:106B60000A2003F087FE122100950223ADF80C10D5
:106B700003AA217C204601F03FFF00287FF447AFA5
:106B80000A2003F077FE012209212046FFF708FFC3
:106B9000003818BF01203BE7F0B5102387B0234C25
:106BA000012200250126002702A920460195CDE9F2
:106BB00002234FF48052CDE9046707F0C9F864203E
:106BC000FBF71EFF02A94FF480522046CDE904676F
:106BD00002261027CDE9026707F0BAF80322102336
:106BE00002A92046CDE9022300230422CDE9042393
:106BF0004FF4805207F0ACF840F23223042202A98D
:106C0000019310232046CDE90223019A0123059226
:106C10004FF48052049307F09BF840F6060120469B
:106C200007F0B6F8284607B0F0BD00BF58F60024BC
:106C30001C4B00221C494FF0400C30B5054689B072
:106C40000220596007219A601A620124DA620A223E
:106C50004FF4006EDC6006922022CDE90001042092
:106C60000821CDE9020103201021CDE9040108200B
:106C70006946C3E904024FF4C072181DC3E906C295
:106C80004FF48052C3E909E207F038F838B92846D2
:106C9000FFF782FF003818BF012009B030BD204641
:106CA00009B030BD54F6002440410052614A002131
:106CB000D0B513688EB00A91002B40F0B9805E4BBE
:106CC00001214FF683700C2411600221D3F8D420E7
:106CD0000026032742F48052C3F8D420D3F8D420EE
:106CE00002F480520092009AD3F8E02042F01002A1
:106CF000C3F8E020D3F8E02002F010020192019ADC
:106D0000D3F8E02042F04002C3F8E020D3F8E020BE
:106D100002F040020292029AD3F8E02042F0080208
:106D2000C3F8E020D3F8E02002F008020392039AAF
:106D3000D3F8E02042F48072C3F8E020D3F8E020DA
:106D400002F480720492049AD3F8E02042F08002A8
:106D5000C3F8E020D3F8E02002F080020592059A03
:106D6000D3F8E02042F02002C3F8E020D3F8E0207E
:106D700002F020020692069AD3F8E02042F00402C4
:106D8000C3F8E020D3F8E0300C9403F00403079339
:106D90000323079A0B93CDE9080108A9274804F0BB
:106DA00041F948F23712022308A925480C94CDE98D
:106DB0000823CDE90A6704F035F94CF20372022387
:106DC00008A920480C94CDE90823CDE90A6704F00E
:106DD00029F940F2FF62022308A91B480C94CDE96F
:106DE0000823CDE90A6704F01DF94FF60C7202235F
:106DF00008A916480C94CDE90823CDE90A6704F0E8
:106E000011F94FF63F02022308A911480C94CDE96D
:106E10000823CDE90A6704F005F92022022308A916
:106E20000A480C94CDE90A67CDE9082304F0FAF882
:106E30000EB0D0BD50F60024004402580010025895
:106E400000180258000C025800200258001C02587A
:106E5000001402582DE9F04FDFF8108406460D4665
:106E6000144608F118002DED028B89B000AF02F036
:106E7000EFFBD8F8183073B3D8F81C30D8F804906A
:106E8000002B43690BBF4FF0080A4FF0100A4FF078
:106E9000020B4FF0040BB9F1000F2AD0A200EA4612
:106EA000012B02F1070222F00702ADEB020D68464A
:106EB000ADEB020D694600F03F81022B00F0D68059
:106EC000002B6FD02246C847D5462437BD46BDECBF
:106ED000028BBDE8F08FD8F81C30002BF5D0D8F825
:106EE00004904FF0080A4FF0020B4369B9F1000F0C
:106EF000D4D1FB61D8F80030BB61002BE5D0D54878
:106F000002F018FC6B46BBF1020F786108EE103AF4
:106F1000FB6900F083816A465146A2EBC4029546A4
:106F20006200EA46B2FBFBF2AAEBC40085460AEB1C
:106F30008200EE46F861ADEB010DF8690EEB820CB4
:106F4000C7F810C0EC46ADEB010D00EB8201CCF8A8
:106F50000400CCF8081001EB82013869E946CCF84E
:106F60000C1000EB8201CCF800A001EB8202C9E911
:106F700000E0C9E90212012B00F06483022B00F04B
:106F80006C82002B00F08081620849466046BB6934
:106F9000984718EE103A24379D46BD46BDEC028B4B
:106FA000BDE8F08F002C8DD01A46D8ED0C6A9FED0D
:106FB000B27A8446331D36F922E00CF1080C07EE54
:106FC00090EA33F922E00232F8EEE77A944267EE73
:106FD000877A67EEA67A4CED027A07EE90EAF8EE31
:106FE000E77A67EE877A67EEA67A4CED017AE2D807
:106FF000F9612246C847984ED8ED0D6A0020F9691C
:107000002B1D9FED9E7A9FED9E6ADFED9E5A22E03A
:10701000F4EEC67AF1EE10FAC0F2C88447F6FE72BA
:10702000D1ED017A45F8202066EEA77AF4EEC77A12
:10703000F1EE10FA40F2F080F4EEC67AF1EE10FABA
:10704000C0F2D58447F6FE7243F8202002300831A2
:1070500084427FF639AFD1ED007A66EEA77AF4EE7E
:10706000C77AF1EE10FAD3D83246D9E7002C3FF4B4
:1070700029AFD8ED0C6A84469FED787A0022331D43
:107080008E4656F822100CF1080C07EE901A53F8B1
:1070900022100232F8EEE77A944267EE877A67EEC2
:1070A000A67A4CED027A07EE901AF8EEE77A67EED0
:1070B000877A67EEA67A4CED017AE2D871462246CD
:1070C000C7F81CE0C847664ED8ED0D6A0020F96984
:1070D0002B1D9FED6A7A9FED6A6ADFF894C120E06C
:1070E000F4EEC67AF1EE10FAC0F279843246D1EDB0
:1070F000017A45F8202066EEA77AF4EEC77AF1EE21
:1071000010FA40F28780F4EEC67AF1EE10FAC0F27F
:107110005E84324643F820200230083184427FF6F4
:10712000D3AED1ED007A66EEA77AF4EEC77AF1EE2F
:1071300010FAD5D86246DAE7002C3FF4C3AED8ED9A
:107140000C6A86469FED477A4FF0000C331D56F8C7
:107150002C200EF1080E82F40002A2F5000207EEC8
:10716000902A53F82C200CF1020CF8EEE77A82F406
:1071700000026445A2F5000267EE877A67EEA67A00
:107180004EED027A07EE902AF8EEE77A67EE877AFC
:1071900067EEA67A4EED017AD9D8F9612246C84742
:1071A000314ED8ED0D6A0020F9692B1D9FED337A21
:1071B0009FED336ADFF8BCC01FE0F4EEC67AF1EE53
:1071C00010FAC0F2FC833246D1ED017A45F8202056
:1071D00066EEA77AF4EEC77AF1EE10FA18D9F4EE5B
:1071E000C67AF1EE10FAC0F2DA83324643F8202074
:1071F0000230083184427FF667AED1ED007A66EE48
:10720000A77AF4EEC77AF1EE10FAD6D86246DBE739
:107210006246EBE762467DE7324615E7A100D646B7
:107220006208073121F00701ADEB010DEA46ADEB35
:10723000010D6946ADEB0E0D0AEB8200EC46ADEB9D
:107240000E0D01EB8202F861E946CCE900A0C9E924
:10725000001290E6A8F600240280FFFF0000003034
:107260000082FF7F0000003482FF7F008CF6002444
:10727000007E00807E0080FF0000003804FF7FBF9A
:1072800004FF7F3F00FEFF46002C00F0C982BBF1E7
:10729000020FD8F8242000F0FA827969C7F8049028
:1072A00002EB810E5FED0C5A8A00DCF808100EF13B
:1072B00004007A611A46DCF80C303B61331DD7F8C4
:1072C00010903D61FD69C7E902CB8C46834636F9D3
:1072D0002210D8ED0C7A06EE101A33F9221006EEC1
:1072E000901A3EF92210B8EEC66A07EE101AF8EEB0
:1072F000E66A3BF92210B8EEC77A26EE256A66EEFA
:10730000A56A27EE257A26EE276A66EEA76A27EE9B
:10731000277A07EE901A51080232F8EEE77A0AEB64
:107320008100944280ED006A05EB810067EEA57A4A
:10733000C0ED006A0CEB810009EB810180ED007A61
:1073400098ED0C7A67EE877AC1ED007ABFD8D7F84E
:1073500004903D69D7E902CB60466208BB694946A3
:107360009847D8F82C307A69D8ED0D6A1A441FED89
:107370003D7A1FED3D6A2B1D904602F1040A5FED38
:107380003F5A0022A84ED9E900EC51E0F4EEC67A4B
:10739000F1EE10FAC0F2C78247F6FE7045F82200FF
:1073A0000CEB0100D0ED007A66EEA77AF4EEC77A16
:1073B000F1EE10FA4BD9F4EEC67AF1EE10FAC0F203
:1073C000BA8247F6FE70BBF1020F43F822002BD0C1
:1073D000D9F808000844D0ED007A66EEA77AF4EEFA
:1073E000C77AF1EE10FA36D9F4EEC67AF1EE10FA59
:1073F000C0F2CD8247F6FE7048F82200D9F80C00A2
:107400000144D1ED007A66EEA77AF4EEC77AF1EE88
:1074100010FA1ED9F4EEC67AF1EE10FAC0F2AF827D
:1074200047F6FE714AF82210023294427FF6B1AD5F
:1074300051080EEB81008900D0ED007A66EEA77A44
:10744000F4EEC77AF1EE10FAA0D83046A6E730463F
:10745000B9E73146E6E73046CEE7002C00F0E081A0
:10746000BBF1020FD8F8243000F0E1817A69DCF832
:10747000081003EB820EC7F804909300DFED6B5AFF
:107480000EF1040000227B61DCF80C303B61331DFF
:10749000D7F810903D61FD69C7E902CB8C46834661
:1074A00056F82210D8ED0C7A07EE101A53F8221075
:1074B000B8EEC76A07EE101A5EF82210F8EEC76A37
:1074C00007EE101A26EE256A5BF82210B8EEC77A8E
:1074D00066EEA56A26EE276A27EE257A66EEA76A8B
:1074E00027EE277A07EE901A51080232F8EEE77A73
:1074F0000AEB8100944280ED006A05EB810067EEA3
:10750000A57AC0ED006A0CEB810009EB810180EDEA
:10751000007A98ED0C7A67EE877AC1ED007ABFD8D1
:10752000D7F804903D69D7E902CB60466208BB6991
:1075300049469847D8F82C307A69D8ED0D6A1A4434
:107540009FED3E7A9FED3E6A131D9246DFF8E4C040
:107550000022FB612B1D364ED9E9008E4EE0F4EE81
:10756000C67AF1EE10FAC0F2FC81304645F82200EE
:107570000EEB0100D0ED007A66EEA77AF4EEC77A42
:10758000F1EE10FA49D9F4EEC67AF1EE10FAC0F233
:10759000EF813046BBF1020F43F822002AD0D9F820
:1075A00008000844D0ED007A66EEA77AF4EEC77AB8
:1075B000F1EE10FA35D9F4EEC67AF1EE10FAC0F217
:1075C000C98130464AF82200D9F80C000144D1EDB7
:1075D000007A66EEA77AF4EEC77AF1EE10FA1ED9B9
:1075E000F4EEC67AF1EE10FAC0F2AD813146F869D8
:1075F00040F82210023294427FF6CBAC510808EBDF
:1076000081008900D0ED007A66EEA77AF4EEC77AA1
:10761000F1EE10FAA3D86046A8E76046BAE76146E3
:10762000E5E76046CEE700BF0280FFFF00000030C4
:107630000082FF7F007E00800000003404FF7FBFD7
:1076400004FF7F3F002C00F0EB807A690021D8F81E
:107650002430C7F8109003EB820ED7F81C909300EB
:10766000FD610EF104021FED0C6A7B61331D1546AE
:1076700056F821204808D8ED0C6ABBF1020F82F4BD
:107680000002A2F5000207EE902A53F8212082F4AE
:107690000002B8EEE77AA2F5000227EE067A07EEBE
:1076A000902A0AEB8002F8EEE77A27EE267A67EE58
:1076B000867A82ED007A09EB80024FEA800067EE5D
:1076C000A67AC2ED007A27D05EF8212082F400026B
:1076D000A2F5000207EE902A55F8212082F400025C
:1076E000B8EEE77AA2F5000227EE067A07EE902AB6
:1076F000DCF80820F8EEE77A024427EE267A67EEF7
:10770000867A82ED007A98ED0C7ADCF80C2067EE30
:10771000877A0244C2ED007A02318C42A8D8D7F8A9
:10772000109060466208BB694946FD699847D8F8E1
:107730002C307A69D8ED0D6A1A441FED407A1FED9E
:10774000406A131D9246DFF8C4C20022FB612B1D64
:10775000AB4ED9E9008E4EE0F4EEC67AF1EE10FAA7
:10776000C0F2C580304645F822000EEB0100D0ED96
:10777000007A66EEA77AF4EEC77AF1EE10FA49D9EC
:10778000F4EEC67AF1EE10FAC0F2BF803046BBF1DB
:10779000020F43F822002AD0D9F808000844D0ED9F
:1077A000007A66EEA77AF4EEC77AF1EE10FA35D9D0
:1077B000F4EEC67AF1EE10FAC0F2AE8030464AF826
:1077C0002200D9F80C000144D1ED007A66EEA77AC8
:1077D000F4EEC77AF1EE10FA1ED9F4EEC67AF1EEA5
:1077E00010FAC0F28B803146F86940F8221002325C
:1077F00094427FF6CEAB510808EB81008900D0EDB2
:10780000007A66EEA77AF4EEC77AF1EE10FAA3D802
:107810006046A8E76046BAE76146E5E76046CEE71E
:10782000224649466046BB699847FFF7B2BBC7F896
:1078300010B0002298ED0C6A331DDFED726AD7F8A4
:107840001CB0786956F8221007EE901A53F82210EF
:10785000B8EEE77A07EE901A51080232F8EEE77AAE
:1078600027EE267A0AEB810E94420BEB810167EE3C
:10787000A67A27EE067A67EE867A8EED007AC1ED5B
:10788000007ADFD88300D7F810B07B614DE61A4646
:10789000C7F810B098ED0C6A331DDFED5B6AD7F8BE
:1078A0001CB0786936F9221007EE101A33F922104D
:1078B00007EE901AB8EEC77A51080232F8EEE77A6E
:1078C00027EE267A0AEB810E94420BEB810167EEDC
:1078D000A67A27EE067A67EE867A8EED007AC1EDFB
:1078E000007ADFD88300D7F810B07B6134E5F0EE82
:1078F000675AFEEEE45A15EE900A34E7F0EE675A46
:10790000FEEEE45A15EE901A6EE7F0EE675AFEEEC0
:10791000E45A15EE900A3AE7F0EE675AFEEEE45AA2
:1079200015EE900A4BE767EEA57AFDEEE77A17EEC3
:10793000900A00B232E567EEA57AFDEEE77A17EE1F
:10794000900A00B23FE5F0EE675AFEEEE05A15EEFF
:10795000901A4CE6F0EE675AFEEEE05A15EE900AE9
:1079600030E6F0EE675AFEEEE05A15EE900AFDE5BD
:10797000F0EE675AFEEEE05A15EE900A0AE667EE60
:10798000A57AFDEEE77A17EE901A09B24AE567EE9E
:10799000A57AFDEEE77A17EE900A00B22CE5F0EE3C
:1079A000675AFEEEE45A15EE902A1FE467EEA57AB8
:1079B000FDEEE77A17EE902A12B2FFF731BBF0EE38
:1079C000675AFEEEE45A15EE902AFFF7FDBBF0EE83
:1079D000675AFEEEE05A15EE902AFFF79BBBF0EED9
:1079E000675AFEEEE05A15EE902AFFF780BB67EE6D
:1079F000A57AFDEEE77A17EE902A12B2FFF724BBC4
:107A000082FF7F0000000030000000387E0080FF11
:107A100030B5184C154685B0046004F1080EEC46EC
:107A20000FC98EE80F00D4ED047AF5EEC07A8CE829
:107A30000F00F1EE10FA1ADDB7EE006A94ED057A48
:107A400027EE277AC6EE276A84ED0D7AC4ED0C6A1C
:107A50006DB1204640F8185F01F0FAFD0649036950
:107A60000020064A2162A262E36005B030BD012019
:107A700005B030BD8CF6002400200030000000303E
:107A800000680830704700BFB1F5807F03680A4680
:107A900028BF4FF48072B1F5807F9A6094BF0020B8
:107AA000012070470068183001F032BE70B50468DC
:107AB0008AB0A369E160CBB104F11805284601F052
:107AC000C7FD8446EE46E668BCE80F00AEE80F004E
:107AD000BCE80F00AEE80F009CE803008EE803004E
:107AE00069462846049601F0BBFCF8B9E069D8B1B4
:107AF00004F11C05284601F0ABFD8446EE46E4681F
:107B0000BCE80F00AEE80F00BCE80F00AEE80F00C5
:107B10009CE803008EE8030069462846049401F0BF
:107B20009FFC003818BF01200AB070BD01200AB0C8
:107B300070BD00BF30B5046883B00D46E3694BB13A
:107B4000A3680020E26A616A9B00009004F11C00B7
:107B500001F080FDA3680748A26A9B00216A00909B
:107B600004F1180001F076FD0020C4E9005003B0D4
:107B700030BD00BF556E000810B4074B4FF07E516A
:107B800030240022032019619C60D8605DF8044B0A
:107B90005961C3E9062270478CF6002400B583B012
:107BA0004FF0000E4FF0030C4274ADF80410BDF816
:107BB000043080F810E0A0F802C0038003B05DF844
:107BC00004FB00BF2DE9F04FDFF81C8300258DB0CA
:107BD000C04C037008F140034260074601920E4614
:107BE000202229464046C4F86831C4F86481CDE9B2
:107BF0000255CDE90455CDE90655CDE90855CDE945
:107C00000A550BF009FC2022294604F5A170C4F89E
:107C10003151C4F83551C4F83951C4F83D510BF015
:107C2000FBFB019B84F8485284F830317A68002AC3
:107C30006AD02B4604F59871454606F1100A9E4617
:107C4000F01856F803B0E2180EF1010ED0F80CC08F
:107C5000D0F80490D0F8088044F803B0C2F80CC003
:107C60004FF0000CC2F80490C2F80880008A25F892
:107C700002CB10821AF8032001F8012F002A70D0DD
:107C80007A684FF001001233724584F84802D7D861
:107C90004FF4802290489DF8043008214FF00008EE
:107CA0004FF00009C4F884310023C4E95B020122CB
:107CB000C4F8743184F88031C4E95E2194F8481224
:107CC000C4E96489A9B3C4F89821002284F88131F9
:107CD00084F888313B78C4E96722002B38D0012230
:107CE00000200121013B84F8A421C4E96C01082B88
:107CF00030D8DFE813F0BD00C200C700CC00D100CF
:107D0000D600DB00E100E8009DF804300121C4F852
:107D10007421C4F884314FF4802384F880216E4AA2
:107D2000C4E95B2308230022C4E95E130023C4E9ED
:107D300064230123002284F88131002384F88831F0
:107D40000323C4F898313B78C4E96722002BC6D1DD
:107D500084F8A4316148FBF735FC034638B1FFBE17
:107D6000FEE77A68123372453FF66AAF90E702A9E0
:107D70005A480293FBF784FD8246002876D10422FC
:107D800040F2FF710A90CDE9081294F83021002AE0
:107D900000F0F3804FF006080AEBCA034FEACA0965
:107DA00004EB43035B7C072B07D8DFE803F0595C47
:107DB0005653504D4A04072307930FFA8AF6D144CD
:107DC00006EBC60604EB490904EB46077500384686
:107DD00000F020FB99F81030042B00F3AA80022B4E
:107DE00000F3BD8000F0B98004EB0A03002283F8A1
:107DF000202114F81630002B78D0022B00F08A8056
:107E0000012B40F0B2807B78012B00F0B080002B7A
:107E1000334B18BF002305A93048CDE90538FAF7E0
:107E2000DFFE002840F0AC800AF1010A94F83031FE
:107E30005FFA8AFA534540F2A0802A4B53F82A8011
:107E4000AAE706230793B8E705230793B5E70423BA
:107E50000793B2E703230793AFE702230793ACE747
:107E600000230793A9E701230793A6E7FFBEFEE7D8
:107E700003224023C4E96A236CE707226023C4E994
:107E80006A2367E70F228023C4E96A2362E71F227F
:107E9000A023C4E96A235DE73F22C023C4E96A2323
:107EA00058E77F22E023C4E96A2353E7FF224FF417
:107EB0008073C4E96A234DE740F2FF124FF49073D8
:107EC000C4E96A2346E740F2FF324FF4A073C4E9E5
:107ED0006A233FE7C8F600240020024034F800245B
:107EE0000002B025503E0108004000307B78062B90
:107EF00037D0072B3DD0022B4AD0032B4AD0002B82
:107F00004CD0012B48D0042B4AD0052B254B18BF51
:107F1000002380E77B78042B25D0052B2BD08BB357
:107F2000012B31D0022B31D0032B1F4B18BF002364
:107F300071E70323043504EB0A0B4FF000092544D5
:107F40008BF82031284609F1010900F063FA9BF80B
:107F5000203104354B45F5DC4BE70123EAE70223EA
:107F6000E8E7124B57E7124B55E7002353E7114B55
:107F700051E7114B4FE7114B4DE70DB0BDE8F08FC6
:107F8000FFBEFEE70E4B46E70E4B44E70E4B42E7C3
:107F90000E4B40E70E4B3EE70E4B3CE70E4B3AE7ED
:107FA0000E4B38E70000B84F002090360800900CC8
:107FB0001000C0102000F0148000501D000180212E
:107FC0000004002A0008302E001060320040C03A41
:107FD0000080F03E00005247000021430000844B27
:107FE00038B5094C40F2FF724FF0011104F5B67537
:107FF0002846FBF7F3FB94F83021D4F864112846A7
:10800000BDE83840FBF73AB9C8F60024064B0F2903
:10801000D3F8643198BF03EB41031B8800EE103A9C
:10802000BBEEC80A704700BFC8F60024214B0268A7
:108030009A4200D07047204A00232048D2F8D81036
:1080400030B51F4C41F0200183B0C4F8D0010920A5
:1080500004F5E875C4E975034FF48060C2F8D810E0
:10806000D2F8D8204FF40061C4E9773094F8480280
:1080700002F02002C4F8E4114FF40051984201923A
:108080002846C4F8E811C4E97C33019B14BF0023DF
:108090004FF48073C4F8EC31FBF718FE08B1FFBE53
:1080A000FEE704F5B673C4F8B851C4F8083203B05B
:1080B00030BD00BF00200240004402584000024092
:1080C000C8F600240148FCF779B900BF98F80024ED
:1080D00002682DE9F84F4B4B9A4201D0BDE8F88F6A
:1080E000494D95F84832002BF8D095F83031002BE7
:1080F00077D0002405F10C0905F5A17605F59877F0
:10810000A04613E003F0010117F811BCA9F1080023
:1081100000F05CFABBF1010F25D895F8303101343D
:1081200009F112090236A2B293422BD917F8012F96
:10813000002AF4D0D5F864310021327833F81400E5
:10814000D5F8683103EB041323F8120033880133A8
:108150009BB233805FFA83FA3A789A42D2D88A4641
:10816000A6F80080D0E7CAF34001A9F1040000F0AE
:108170002DFABBF1020FCAF38001CED0484600F0C1
:1081800025FACAE7002395F84802204909229842B7
:10819000C5F8D8314FF48060C5F8D011C5F8D421A6
:1081A0004FF400614FF40052C5F8DC3108BF4FF4C2
:1081B0008073C5F8E821C5E9780100221448C5E9B3
:1081C0007B32C5F8F421FBF781FD08B1FFBEFEE765
:1081D00095F83021D5F864110E48BDE8F84FFBF74B
:1081E0004DB80A4909224FF48060C5F8D831C5E975
:1081F00074124FF400614FF40052C5E97730C5E9BD
:108200007912DAE700200240C8F60024400002405C
:1082100098F8002434F80024704700BF10B592B0DD
:10822000ADF804100180C9B2149C0B29C460C0E9E8
:1082300001233FD090F801C0BCF10F0F3AD8022AB9
:108240003FD0032A02D0012A00D000220E92012B37
:1082500002D0022B18BF0023022C0F932CD0032C2A
:108260002AD0012C28D000230A29109327D85C4A51
:1082700002EB812202610A2914D8DFE801F0A395FC
:1082800087796B5D4F4133250600564BD3F8E010DC
:1082900041F48061C3F8E010D3F8E03003F4806368
:1082A0000C930C9B01230DA9104603FA0CF30D93BC
:1082B00002F0B8FE12B010BD0A291094D7D90022DE
:1082C000D8E711220E92C2E7464BD3F8E01041F4F2
:1082D0000071C3F8E010D3F8E03003F400730B939F
:1082E0000B9BDFE73F4BD3F8E01041F48071C3F8FC
:1082F000E010D3F8E03003F480730A930A9BD1E7CF
:10830000384BD3F8E01041F08001C3F8E010D3F807
:10831000E03003F080030993099BC3E7314BD3F8A6
:10832000E01041F04001C3F8E010D3F8E03003F072
:1083300040030893089BB5E72A4BD3F8E01041F0BF
:108340002001C3F8E010D3F8E03003F020030793D6
:10835000079BA7E7234BD3F8E01041F01001C3F8C7
:10836000E010D3F8E03003F010030693069B99E782
:108370001C4BD3F8E01041F00801C3F8E010D3F82B
:10838000E03003F008030593059B8BE7154BD3F80A
:10839000E01041F00401C3F8E010D3F8E03003F03E
:1083A00004030493049B7DE70E4BD3F8E01041F0E7
:1083B0000201C3F8E010D3F8E03003F002030393A6
:1083C000039B6FE7074BD3F8E01041F00101C3F8BE
:1083D000E010D3F8E03003F001030293029B61E761
:1083E000000002580044025808B501214378006992
:1083F000994089B203F01EF8003818BF012008BD6B
:1084000001230A464178006903FA01F189B203F0B9
:1084100017B800BF8378022B30B504468FB037D031
:10842000032B33D0012B31D000230A93E378012BA7
:108430002AD0022B28D000230B93002320460C9334
:1084400002F038FD0546204602F03CFD23780990F5
:10845000082B13D8DFE803F01F3245586B7E91A438
:108460000500594BD3F8E02042F48072C3F8E020B5
:10847000D3F8E03003F480730893089B09A92846D9
:1084800002F0D0FD0FB030BD0B93D6E70A93CDE7D5
:1084900011230A93CAE74C4B09A92846D3F8E020D8
:1084A00042F00102C3F8E020D3F8E03003F001030A
:1084B0000093009B02F0B6FD0FB030BD424B09A9FE
:1084C0002846D3F8E02042F00202C3F8E020D3F8B7
:1084D000E03003F002030193019B02F0A3FD0FB013
:1084E00030BD394B09A92846D3F8E02042F00402F8
:1084F000C3F8E020D3F8E03003F004030293029BBA
:1085000002F090FD0FB030BD2F4B09A92846D3F8DB
:10851000E02042F00802C3F8E020D3F8E03003F096
:1085200008030393039B02F07DFD0FB030BD264B83
:1085300009A92846D3F8E02042F01002C3F8E02051
:10854000D3F8E03003F010030493049B02F06AFDBB
:108550000FB030BD1C4B09A92846D3F8E02042F0EB
:108560002002C3F8E020D3F8E03003F020030593A5
:10857000059B02F057FD0FB030BD134B09A92846EB
:10858000D3F8E02042F04002C3F8E020D3F8E03016
:1085900003F040030693069B02F044FD0FB030BD8C
:1085A000094B09A92846D3F8E02042F08002C3F81D
:1085B000E020D3F8E03003F080030793079B02F03C
:1085C00031FD0FB030BD00BF0044025870B5064603
:1085D0000D4602F06FFC0446304602F073FC2A1E82
:1085E0000146204618BF0122BDE8704002F028BFB6
:1085F0000023122270B586B0CDE9022304930368EC
:10860000032B01D804230593061D841D304602F078
:1086100051FC0546304602F055FC034601A92846A8
:10862000019302F0FFFC204602F044FC0346204682
:108630001C4602F047FC01A903462046019302F0C4
:10864000F1FC06B070BD00BF634A0368934210B5E9
:108650008CB028D0614A934258D0614A934200F0CE
:108660009480604A934201D00CB010BD5E4C5F48CC
:10867000D4F8E03043F00203C4F8E030D4F8E0303E
:1086800003F002030A930A9BFFF7B2FFD4F8F43019
:1086900043F08003C4F8F430D4F8F43003F08003DE
:1086A0000B930B9BE0E7504C5148D4F8E03043F07B
:1086B0000203C4F8E030D4F8E03003F00203019381
:1086C000019BFFF795FFD4F8E83000221F2043F408
:1086D00000131146C4F8E830D4F8E83003F400136E
:1086E0000293029BD4F8D83043F00103C4F8D83089
:1086F000D4F8D83003F001030393039BFBF734F95C
:108700001F200CB0BDE81040FBF76CB9364C39485F
:10871000D4F8E03043F08003C4F8E030D4F8E0301F
:1087200003F080030493049BD4F8E03043F0020389
:10873000C4F8E030D4F8E03003F002030593059B61
:10874000FFF756FFD4F8E8300022212043F48003DD
:108750001146C4F8E830D4F8E83003F480030693F7
:10876000069BD4F8D83043F00103C4F8D830D4F8CD
:10877000D83003F001030793079BFBF7F5F821209E
:108780000CB0BDE81040FBF72DB91B48FFF730FFD8
:10879000154B00224820D3F8E840114644F4000469
:1087A000C3F8E840D3F8E84004F400040894089CB7
:1087B000D3F8D84044F00104C3F8D840D3F8D830F7
:1087C00003F001030993099BFBF7CEF848200CB096
:1087D000BDE81040FBF706B90054004000580040C7
:1087E000005C0040001C005800440258A0FB00241C
:1087F00018F90024F0F90024C8FA00242DE9F04308
:108800001A4B87B000254FF010099E46EC46184BD6
:10881000FF22E04667461A700EF118060EF130048A
:10882000CDE90055CDE90255ADF80090BCE80F0048
:10883000CDE90455AEE80F009CE803000095ADF8C3
:1088400000908EE80300B8E80F000FC69CE8030014
:108850000095ADF8009086E803000FCF0FC49CE8A8
:10886000030084E8030007B0BDE8F0830C00002497
:1088700014F9002410B5EFF3108472B6084B1A787F
:10888000120602D504B962B610BD1B78D82205487D
:108890005BB202FB03001430FBF790FDF2E700BF70
:1088A00014F9002418F90024014803F061BC00BF4A
:1088B000A4F90024014803F05BBC00BF7CFA00244B
:1088C000014803F055BC00BF54FB00242DE9F043E0
:1088D0000F68D8243F4D85B007FB04F4032F05EB48
:1088E0000403036040DCCB680E46012B3CD84DD01E
:1088F0004FF0D808B646DFF8FC9008FB0758BEE8F2
:108900000F00C446ACE80F00DEF800300DF1100E89
:10891000CCF80030D8F808C099E80F000EE90F0035
:108920000EEB8703BCF1010F53F8103CC8F88C30F4
:1089300031D0BCF1020F42D0BCF1000F35D0317CF8
:108940008C34D823002201202C4403FB0753490018
:10895000C3E92602C3F894102046C3E92822C3E9DC
:108960002A2203F0F7F918B1012005B0BDE8F08321
:108970000146204603F008FC0028F5D101462046B8
:1089800003F02CFC003818BF0120EEE70B7C103BF5
:10899000672BADD9E8E702F007F90F4B98420CBFFF
:1089A0000E4B0F4BC8F89030C9E702F0FDF80A4BA8
:1089B00098420CBF0B4B0C4BC8F89030BFE702F04D
:1089C000F3F8054B98420CBF084B094BC8F89030A0
:1089D000B5E700BF18F90024000E27072D0FB030AF
:1089E0003211D0205F4390608A62E030200BA010EB
:1089F0001A098010FC3C01082DE9F041D0F80080F4
:108A000082B00D4617461E4608F18C04204603F03E
:108A1000B7FB2028FAD1D8F80C3073B96D00204686
:108A2000089C33463A46A9B2009403F0E9F90038AD
:108A300018BF012002B0BDE8F081089B32463946DC
:108A4000204603F0B1FAF2E7044B10221A7483F8BF
:108A5000E82083F8C02183F89822704718F9002491
:108A600030B5002395B04FF48071062204460B9375
:108A700006921393CDE90C13CDE90E33CDE91133F2
:108A800002F094F807282BD004F1100541F2883247
:108A900006A9284604F0B4F928B10123184684F841
:108AA0005C3015B030BD0222022306A92846CDE96C
:108AB000002310220123CDE9022300224FF480037A
:108AC000CDE9042305224FF0807306926A460F9386
:108AD00041F2883304F000FB0028DED115B030BD30
:108AE0000323012084F85C3015B030BD0000000085
:108AF00070B50023A4B04FF080724FF48075044627
:108B0000ADF806300D93CDE910320122CDE90E53B8
:108B1000CDE91223CDE91433002943D0F02300F12D
:108B2000100508AEADF80630C02341F28832314658
:108B30002846089304F064F928B10123184684F804
:108B40005C3024B070BD41F288320DF10601284638
:108B500004F0C0F903460028EFD105224FF48071DC
:108B60001E93284616924FF080721B9321931F92FA
:108B700002AA9FED1F7BCDE91C13CDE922338DEDB9
:108B8000027B9FED1D7B41F2883316A98DED047B9E
:108B90009FED1B7B8DED067B04F09EFA0028CCD167
:108BA00024B070BD00F1100508AE612341F2883297
:108BB00031462846089304F023F90028BDD141F23C
:108BC00088320DF10601284604F002FA0028B4D1DB
:108BD000BDF80630204623F0780343F04003ADF89B
:108BE0000630FFF73DFF00289ED0A6E7AFF30080D8
:108BF0000000000001000000100000000100000063
:108C000000000000000040002DE9F04F00234FF469
:108C1000807501264FF0807804462DED028BABB0B5
:108C20008DF8073013932193299314950E96CDF860
:108C30005C80CDE91533CDE91863CDE91A33CDE970
:108C40002253CDE92433CDE9273306231C9301F0C9
:108C5000ADFF072808D004F1100741F288321CA9A3
:108C6000384604F0CDF840B10123184684F85C3052
:108C70002BB0BDEC028BBDE8F08F4FF0020A4FF035
:108C8000020B4FF0050941F2883308AA1CA93846A7
:108C9000CDF89480CDF870909FED2D8BCDE908AB89
:108CA0004FF0000A4FF4800B8DED0A8BCDE90CAB31
:108CB00004F012FA0028D7D141F2883238460EA9C2
:108CC00004F09EF80028CFD1402341F288320DF104
:108CD000070138468DF8073004F0FCF80028C3D1AE
:108CE00041F288330EA902AA3846CDF83890CDF863
:108CF0005C809FED197B8DED048BCDE906AB8DED8E
:108D0000027B04F0E9F903460028ADD1CDF870905C
:108D10004FF00109CDF894804FF00008219308AA84
:108D200029931CA938462295CDE92333CDE9273371
:108D300041F288338DED0A8BCDE90CABCDE9088982
:108D400004F0CAF9002893D0304684F85C608FE7BD
:108D50001000000001000000400000004000000082
:108D60002DE9F043624CA3B00D46046001F01EFFF4
:108D7000072800F0A980286823466968AA6807C305
:108D80001E46AB8926F8043B3046257B677B04F002
:108D900019F8E0B9574B012D4FF00108E06123614C
:108DA00014BF4FF480134FF40003C4E9058893FA0D
:108DB000A3F3B3FA83F34FF48079013BC4F8249012
:108DC000C4E90B003046236203F090FF38B1012262
:108DD000134684F85C20184623B0BDE8F083662370
:108DE0000B90139041F2883206A90693CDE90C90BE
:108DF000CDE90E00CDE91100304604F001F800285D
:108E0000E5D1992341F2883206A93046069303F052
:108E1000F7FF0028DBD105231C9019906A461493B4
:108E20004FF08073219014A91D9341F288339FED78
:108E30002A7BCDE91A90CDE91F008DED007B9FEDD7
:108E4000287B30468DED027B9FED277B8DED047BEB
:108E500004F042F90028BAD129462046FFF748FE1F
:108E60000028B4D12046FFF7CFFE03460028AED13C
:108E7000002FB0D1189330460027002606AA14A967
:108E8000CDF86890CDE91F33EB2314934FF4406382
:108E90001B934FF4005317934FF440431C93A023AC
:108EA0001693062319934FF0805321934FF040738C
:108EB000CDE906671D9304F087F9034600288AD0A0
:108EC000434684F85C8086E701230322184684F831
:108ED0005C2023B0BDE8F08300000000010000002A
:108EE0001000000001000000000000000000400031
:108EF00078FC0024005000522DE9F04F8FB0414B18
:108F00000024026800AF9A427C63C7E90944C7E9BC
:108F10000B4403D03C37BD46BDE8F08F3A4B40F6DA
:108F200009213A48EB46D3F8D42007F11C0607F193
:108F3000220A4FF0020942F480424FF00308C3F8BE
:108F4000D420D3F8D42002F48042BA60BA68D3F8AF
:108F5000E02042F04002C3F8E020D3F8E02002F025
:108F60004002FA60FA68D3F8E02042F02002C3F829
:108F7000E020D3F8E02002F020023A613A69D3F809
:108F8000E02042F01002C3F8E020D3F8E02002F025
:108F900010027A617A69D3F8E02042F00202C3F845
:108FA000E020D3F8E030F86103F002033984BB61BC
:108FB000174B7B60BB697B6853F8040F7B6001F043
:108FC00079FF7B680546186801F07CFF16F8013BC5
:108FD000786207F124012846C7F830807B63C7E92F
:108FE0000A9402F01FF85645E5D100225C20114694
:108FF000FAF7BAFC5C20FAF7F5FC3C37DD46BD46D3
:10900000BDE8F08F00500052004402580A0A0909D6
:10901000D4FC0024114B02689A4200D07047104AD9
:1090200070B5D2F8D4300F4C23F4804304F1180605
:10903000C2F8D43054F8040F01F03CFF0546206814
:1090400001F040FF0146284602F02CF9B442F1D16C
:109050005C20BDE87040FAF7D3BC00BF005000525E
:1090600000440258D4FC0024014804F039B900BF80
:1090700088FC0024084B1A1D981D03F1080110B448
:109080009C1C9A6603F10A02C3E91834C3E91B0168
:109090005DF8044B5A67704778FC002438B50368C4
:1090A00071B9026A00F1280500F5AC74012A0CBF01
:1090B000002140218BBB1D4B5722C0F858310DE0D9
:1090C000426A00F1C00500F5E874012A0CBF0021D6
:1090D0004021EBB1164B5A22C0F8D0310023204674
:1090E000C4E901214FF480524FF4806163626261F0
:1090F0004FF48042C4E903314FF48073C4E906237E
:109100004FF400332362FAF7E1FD58B1FFBEFEE7EA
:10911000084B5822C0F8D031E0E7074B5922C0F87D
:109120005831DBE7C5E92044A56338BD1000024093
:109130007000024028000240580002402DE9F04330
:10914000821D05468BB0031D05F10A010830CDE9EB
:10915000052305F10C02AB69CDE907010992002B4B
:109160003DD0EB69B3FA83F84FEA58180123022285
:1091700005AE0AAF4FF006090393CDE9012356F877
:10918000044B2B792278934216D02B68F3B1012B34
:1091900002D1F2B10A230493204601F093FE034664
:1091A0002046009301F086FE694601F03BFFBE4277
:1091B000E5D10BB0BDE8F083697963789942E4D1D9
:1091C000B8F1000FF3D02B68002BE0D1CDF8109050
:1091D000E2E76378022B14BF0A230823DBE74FF092
:1091E0000108C3E7534A0368934230B505468BB084
:1091F00055D02032934252D04F4A934204D020326D
:10920000934201D00BB030BD4C4C4D48D4F8E03007
:1092100043F00103C4F8E030D4F8E03003F0010378
:109220000593059BD4F8E03043F00803C4F8E03020
:10923000D4F8E03003F008030693069BD4F8E0303E
:1092400043F04003C4F8E030D4F8E03003F04003CA
:109250000793079BD4F8F03043F40003C4F8F030D0
:10926000D4F8F03003F400030893089BFFF766FF7F
:10927000D4F8D830296843F001032F4A3048C4F8A5
:10928000D830891AD4F8D83018BF012103F001036F
:109290000993099B0BB0BDE83040FFF7FFBE274C98
:1092A0002848D4F8E03043F00103C4F8E030D4F8A3
:1092B000E03003F001030093009BD4F8E03043F06A
:1092C0001003C4F8E030D4F8E03003F01003019349
:1092D000019BD4F8E03043F04003C4F8E030D4F808
:1092E000E03003F040030293029BD4F8F03043F4E3
:1092F0008003C4F8F030D4F8F03003F48003039313
:10930000039BFFF71BFFD4F8D830296843F0010313
:10931000084A0C48C4F8D830891AD4F8D83018BF95
:10932000012103F001030493049B0BB0BDE830401E
:10933000FFF7B4BE04580140045C014000440258E9
:109340004CFF0024F0FC00240148FBF737B800BFB5
:1093500048FE00240148FBF731B800BFC0FE0024DE
:109360000148FBF72BB800BFA40001240148FBF71C
:1093700025B800BF1C0101241A4A0368934210B4A7
:109380000BD02032934208D0174A934216D0203295
:10939000934213D05DF8044B7047144B0022D3F86E
:1093A0005442C3F85822002CF4D0D3F84802D3E931
:1093B000931223465DF8044B520818470B4B0022CA
:1093C000D3F8B044C3F8B424002CE3D0D3F8AC24D1
:1093D000D3F8A814D3F8A404520823465DF8044B2C
:1093E000184700BF04580140045C0140F0FC002411
:1093F000184A0368934210B40BD02032934208D02D
:10940000154A934217D02032934214D05DF8044B92
:109410007047124BD3E994245208C3F85822002C09
:10942000F4D0D3E99201234601EB820100EB8200E4
:109430005DF8044B1847094BD3F8AC24D3F8B0447B
:109440005208C3F8B424002CE0D0D3F8A814D3F801
:10945000A404E8E704580140045C0140F0FC002447
:109460002DE9F04F0C684FF41776754F87B004FB69
:1094700006F6012C07EB060AC0F800A000F3A08056
:109480000D468E464FF00008D44669A3D3E9002369
:1094900069A1D1E90001CDE9022306ABCAF85082E7
:1094A00003EB8403CDE9040153F810BC53F8083CE6
:1094B000CAE992880193BEE80F00ACE80F00BEE84D
:1094C0000F00ACE80F00019B9EE80300CAF828B02B
:1094D000CAF8C0308CE803002B69042B0CD8DFE8F5
:1094E00003F0737D879103004FF41773554A03FB14
:1094F00004739A64C3F8E020AA692B6A002A43D057
:10950000002B4FF4177308BF022203FB047318BF2C
:109510000322DA6201221A63EA696B6A002A40D1E7
:10952000191E4FF4177318BF012103FB0473C3E91D
:1095300031126B69022B05D8434A12F80380434A63
:1095400052F823904FF4177306F12800424649461B
:1095500003FB04740023384463646363E365C4F865
:10956000DC30C4F8CC30C4F8F430C4E90F33C4E9BB
:109570001533C4E93533C4E93B33022304F05CF905
:10958000002849D0FFBEFEE7191E4FF4177318BF1D
:10959000012103FB0473C3E90B12EA696B6A002A19
:1095A000BED0002B4FF4177308BF022203FB0473D5
:1095B00018BF0322C3F8C4200122C3F8C820B8E7AB
:1095C000012007B0BDE8F08F4FF417734FF4FA5243
:1095D00003FB04739A64C3F8E0208DE74FF417731C
:1095E0004FF47A5203FB04739A64C3F8E02083E7D4
:1095F0004FF417734FF4FA4203FB04739A64C3F8F1
:10960000E02079E74FF417734BF6803203FB0473C5
:109610009A64C3F8E0206FE706F1C00002234246D7
:109620004946384404F008F90028CAD0FFBEFEE7D6
:1096300004580140045C014024580140245C01406E
:10964000F0FC002400770100903E0108943E0108E0
:109650000068704770B5046882B015460E46C4F8BD
:109660005032C4E99212069AC4F85422A269012A1F
:1096700026D0626A012A9AB211D0294604F1C000AC
:10968000019204F095F9236A019A012B10D0294622
:1096900004F1280004F08CF9002002B070BD04F140
:1096A000C000019204F016FA236A019A012BEED150
:1096B000314604F1280004F00DFA002002B070BD1C
:1096C000226A012A9AB211D0294604F12800019297
:1096D00004F06EF9636A019A012B10D0294604F157
:1096E000C00004F065F9002002B070BD04F128004C
:1096F000019204F0EFF9636A019A012BEED1314631
:1097000004F1C00004F0E6F9002002B070BD00BF13
:1097100003681B69042B05D8044A02EB830393ED0D
:10972000000A70479FED020A704700BFA03E010883
:1097300000803B470368D3F8580270471F4BC1684D
:109740000268F0B5D3F88C5083B00369ADB24D1BFD
:10975000A2B1AB4212D00446866811D2F018E91AC1
:10976000CDE9001000F0BEFF0023DDE90010D4E9D0
:109770000062B047E3682561AB421BD003B0F0BD87
:10978000F018C91ACDE9000100F0ACFF0023DDE9B3
:109790000001D4E90072B8473046294600F0A2FF24
:1097A00000233046626829462668B047E368256191
:1097B000AB42E3D10023236103B0F0BD00000240BF
:1097C0002DE9F84F04460F4690461E4600F1340539
:1097D000284604F09BFD2028FAD14FF48063002036
:1097E000C4F8D030C4F848314FF44033C4F8CC004A
:1097F000C4F8E030C4F858314E4BC4F8DC00C4F86B
:10980000C03003F57A73C4F8E400C4F8383140235B
:10981000C4F8C800C4F84031E369C4F84401C4F88E
:109820005401C4F85C01C4E93500C4E95300072BB6
:109830000BD8DFE803F061535A373E454C045123FF
:10984000C4F8C4305223C4F83C3104F59C7948462E
:10985000FAF73CFA08B1FFBEFEE7C4F8A890C4F8D6
:109860007051EFF3108972B6DFF8D0B094F91C3064
:10987000DFF8CCA08BF800300A9B2F4CCAF80030E0
:109880000B9B23600EB11846B0471FFA88F2394689
:10989000284604F025FBB0BBB9F1000F00D162B639
:1098A000BDE8F88F3F23C4F8C4304023C4F83C31EE
:1098B000CBE74123C4F8C4304223C4F83C31C4E7A9
:1098C0004723C4F8C4304823C4F83C31BDE74F23D4
:1098D000C4F8C4305023C4F83C31B6E72B23C4F895
:1098E000C4302C23C4F83C31AFE72D23C4F8C43076
:1098F0002E23C4F83C31A8E72923C4F8C4302A2316
:10990000C4F83C31A1E7FF238BF800300023CAF8EC
:10991000003023600A9B3BB10B980121984701203E
:10992000B9F1000FBCD1BAE70120B9F1000FB7D1EE
:10993000B5E700BF88000240E0100124DC100124DC
:10994000D81001242DE9F84F04460F4690461E46D4
:1099500000F13405284604F0D9FC2028FAD14FF450
:1099600080630020C4F8D030C4F848314FF440334D
:10997000C4F8CC00C4F8E030C4F858314E4BC4F8F9
:10998000DC00C4F8C03003F57A73C4F8E400C4F80E
:1099900038314023C4F8C800C4F84031E369C4F842
:1099A0004401C4F85401C4F85C01C4E93500C4E9B9
:1099B0005300072B0BD8DFE803F061535A373E45BD
:1099C0004C045123C4F8C4305223C4F83C3104F190
:1099D000C0094846FAF77AF908B1FFBEFEE7C4F8B5
:1099E000AC90C4F8F850EFF3108972B6DFF8D0B03D
:1099F00094F91C30DFF8CCA08BF800300A9B2F4C78
:109A0000CAF800300B9B23600EB11846B0471FFA0E
:109A100088F23946284604F0B5FAB0BBB9F1000F18
:109A200000D162B6BDE8F88F3F23C4F8C4304023AC
:109A3000C4F83C31CBE74123C4F8C4304223C4F816
:109A40003C31C4E74723C4F8C4304823C4F83C3150
:109A5000BDE74F23C4F8C4305023C4F83C31B6E707
:109A60002B23C4F8C4302C23C4F83C31AFE72D239A
:109A7000C4F8C4302E23C4F83C31A8E72923C4F825
:109A8000C4302A23C4F83C31A1E7FF238BF800300F
:109A90000023CAF8003023600A9B3BB10B980121D8
:109AA00098470120B9F1000FBCD1BAE70120B9F104
:109AB000000FB7D1B5E700BF88000240E0100124D5
:109AC000DC100124D81001242DE9F0410D4682B0AC
:109AD000EFF3108772B6002948D1FF23254A264CA0
:109AE000237013682BB1002029461060234A1068A8
:109AF000984723781B0625D5DFF888800025204E5F
:109B0000444605E001351C3406F5D876092D19D0F8
:109B1000A369012B1BD0002BF4D12168304600290A
:109B2000F0D06369019323690093E3682289FFF70A
:109B300009FF0028E6D1C5EBC50508EB850348F809
:109B40002500586007B962B602B0BDE8F0816168CF
:109B50000029D7D063693046019323690093E368F5
:109B60002289FFF72DFE0028CCD1E4E705F0CAFEDC
:109B7000B3E700BFD8100124DC100124E010012459
:109B8000A801012454000024F0B5002387B002226C
:109B900004460493CDE90223027EC3690B2A4FEAEF
:109BA000430523D1A27E0B2A02D1002007B0F0BDCD
:109BB00048496B1C484851F823304578017818789B
:109BC000E67E884269D0824277D0D87803F1030CD0
:109BD00081426ED0824278D0987903F1060C884297
:109BE0006FD0824233D0012007B0F0BD394B3A48E4
:109BF00053F8253001784678187894F819C08142D6
:109C00003DD0824241D0D87803F1030E814240D04A
:109C100082424AD0987903F1060E884241D08242AE
:109C2000E1D1DB796345DED1734604F118069B78F8
:109C30003046059301F03EF9034630461E4601F0DA
:109C400041F901A90190304601F0ECF9AAE7DB796E
:109C5000B342C8D163461A349B782046059301F07D
:109C600029F9034620461C4601F02CF9034601A9B8
:109C70002046019301F0D6F9002007B0F0BD93F81B
:109C800001E0B645BFD08242BDD158786045BAD117
:109C9000CBE71F79B742BBD1BCE75F78AF4292D127
:109CA00093E7D979B142BAD19DE718796045B1D12E
:109CB000BAE71F79AF428DD18EE75878B04284D190
:109CC000C9E7D979A9428CD18DE71879B04283D1FF
:109CD000C0E700BF6C010024680100247E4A0368CD
:109CE0009342F0B58FB000F0E380A2F54C4293426E
:109CF00000F0E08002F58062934200F0DD8002F522
:109D00008062934200F0DA8002F58062934200F0B4
:109D1000D98002F54442934200F0D280A2F51C4261
:109D2000934200F0D18002F58062934200F0CE8031
:109D30006A4A934240F0CC800826694D4FF4D874AB
:109D400004FB0654A07E01F0C5F8207E01F0C2F8A5
:109D5000E369082B13D8DFE803F03B4957657381AB
:109D60008F9D05005F4BD3F8F42042F00802C3F842
:109D7000F420D3F8F43003F008030893089B20463E
:109D8000FFF702FF012801D1FFBEFEE74FF4D874B0
:109D90000EAA554F0DF1240C04FB0654E36902EBA7
:109DA00043050FCFACE80F003B680022ACF8003051
:109DB000114635F9140CF9F7D7FDE3690EAA02EB49
:109DC000430333F9140C0FB0BDE8F040F9F70ABEB5
:109DD000444BD3F8F02042F01002C3F8F020D3F83F
:109DE000F03003F010030093009BC8E73D4BD3F81D
:109DF000E82042F40032C3F8E820D3F8E83003F456
:109E000000330193019BBAE7364BD3F8E82042F4C4
:109E10008022C3F8E820D3F8E83003F480230293CB
:109E2000029BACE72F4BD3F8E82042F40022C3F8A2
:109E3000E820D3F8E83003F400230393039B9EE764
:109E4000284BD3F8E82042F48012C3F8E820D3F876
:109E5000E83003F480130493049B90E7214BD3F87C
:109E6000F02042F02002C3F8F020D3F8F03003F0E5
:109E700020030593059B82E71A4BD3F8E82042F0B4
:109E80008042C3F8E820D3F8E83003F0804306931B
:109E9000069B74E7134BD3F8E82042F00042C3F866
:109EA000E820D3F8E83003F000430793079B66E708
:109EB000002642E7012640E702263EE703263CE76C
:109EC00005263AE7042638E7062636E7072634E76C
:109ED00000239B7EFFDE00BF00100140000C0058F5
:109EE000A8010124004402580C3D01082DE9F04F5F
:109EF00091B0002301223F490DF1240A09938B46BA
:109F000001F11C09CAF8143001F13808CDF800A09D
:109F100001F15407CDF804A001F17006CDF808A0B6
:109F200001F18C05CDF80CA001F1A804CDF810A02A
:109F300001F1C40ECDF814A001F1E00CCAE901331F
:109F4000CAE903330F92FF222B4BCDE906AA1A7000
:109F5000BAE80F00ABE80F009AE80700009B8BE817
:109F600007009B46BBE80F00A9E80F009AE807002E
:109F7000019B89E807009946B9E80F00A8E80F009F
:109F80009AE80700029B88E807009846B8E80F00A7
:109F90000FC79AE80700039B87E807001F460FCF0B
:109FA0000FC69AE80700049B86E807001E460FCEFE
:109FB0000FC59AE80700059B85E807001D460FCDF1
:109FC0000FC49AE80700069B84E807001C460FCCE4
:109FD000AEE80F00079B9AE807001C468EE80700D2
:109FE0000FCCACE80F009AE807008CE8070011B02E
:109FF000BDE8F08F54000024DC10012410B5094C9A
:10A0000004F1340004F090F8237D1BB1636BDB692D
:10A01000DB0600D410BD2046FFF790FB636B1022D7
:10A020001A6210BDA801012410B50B4C04F5F270A2
:10A0300004F07AF894F8C43123B1D4F8E431DB6940
:10A04000DB0600D410BD04F5D870FFF777FBD4F819
:10A05000E43110221A6210BDA801012410B50B4C86
:10A0600004F5657004F060F894F8743323B1D4F803
:10A070009433DB69DB0600D410BD04F55870FFF79C
:10A080005DFBD4F8943310221A6210BDA80101249C
:10A0900010B50B4C04F2445004F046F894F8243503
:10A0A00023B1D4F84435DB69DB0600D410BD04F5D8
:10A0B000A260FFF743FBD4F8443510221A6210BDAA
:10A0C000A801012410B50B4C04F2F46004F02CF844
:10A0D00094F8D43623B1D4F8F436DB69DB0600D427
:10A0E00010BD04F5D860FFF729FBD4F8F436102230
:10A0F0001A6210BDA801012410B50B4C04F6A4008F
:10A1000004F012F894F8843823B1D4F8A438DB6949
:10A11000DB0600D410BD04F50760FFF70FFBD4F891
:10A12000A43810221A6210BDA801012410B50B4CEE
:10A1300004F6542003F0F8FF94F8343A23B1D4F82D
:10A14000543ADB69DB0600D410BD04F52260FFF74A
:10A15000F5FAD4F8543A10221A6210BDA80101246D
:10A1600010B50B4C04F6044003F0DEFF94F8E43B1A
:10A1700023B1D4F8043CDB69DB0600D410BD04F540
:10A180003D60FFF7DBFAD4F8043C10221A6210BDE0
:10A19000A801012410B50B4C04F6B45003F0C4FF21
:10A1A00094F8943D23B1D4F8B43DDB69DB0600D4C8
:10A1B00010BD04F55860FFF7C1FAD4F8B43D102281
:10A1C0001A6210BDA801012410B5EFF3108472B615
:10A1D000084B1A78120602D504B962B610BD1B7876
:10A1E0004FF4D87204485BB202FB0300C030FAF7A8
:10A1F000E5F8F1E7DC100124A801012410B5EFF324
:10A20000108472B6094B1A78120602D504B962B6E8
:10A2100010BD1B784FF4D87205485BB202FB0300F7
:10A2200000F59C70FAF7CAF8F0E700BFDC100124D3
:10A23000A80101240021FFF747BC00BF214A0368A1
:10A2400093422BD0A2F54C42934229D002F5806272
:10A25000934227D002F58062934225D002F58062B6
:10A26000934223D002F54442934221D0A2F51C42EE
:10A2700093421FD002F5806293421DD0124A93424E
:10A280001CD108224FF4D871104B01FB0233197D09
:10A2900011B11846FFF752BAFFF716BC0022F1E7DA
:10A2A0000122EFE70222EDE70322EBE70422E9E7D0
:10A2B0000522E7E70622E5E70722E3E700231B7D07
:10A2C000FFDE00BF00100140000C0058A80101246F
:10A2D000204A0368934229D0A2F54C42934227D0EA
:10A2E00002F58062934225D002F58062934223D02A
:10A2F00002F58062934221D002F5444293421FD07E
:10A30000A2F51C4293421DD002F5806293421BD0FD
:10A31000114A93421AD1082310484FF4D87202FB15
:10A320000300037D03B97047FFF708BA0023F3E782
:10A330000123F1E70223EFE70323EDE70423EBE733
:10A340000523E9E70623E7E70723E5E700231B7D6D
:10A35000FFDE00BF00100140000C0058A8010124DE
:10A360000121FFF7B1BB00BF2DE9F0414F684FF469
:10A37000D876DFF8C0808E4607FB06F60C46082F1D
:10A3800008EB0605056005F1180CBEE80F00ACE807
:10A390000F009EE807008CE8070002D86B6A022BCA
:10A3A00002D90120BDE8F0812A6A032AF9D8A96AF6
:10A3B0000229F6D8E86A0228F3D80131DFF878C01C
:10A3C000343689005CF8277046446F63A469A96439
:10A3D0001549AC6351F823306B64144B53F82230A9
:10A3E000134A2B64002352F8201001223046EB65FB
:10A3F000E963C5E91333C5E9153205F083FA00288E
:10A40000CFD10146304605F0D5FA0028C9D1014622
:10A41000304605F01DFB0028C3D1304605F0ACFAEC
:10A420000028BED12875BDE7D83E0108E43E0108EA
:10A43000F43E0108A8010124B43E0108006892B26C
:10A4400008B5343003F0BCFC003818BF012008BD4B
:10A45000534B0122002047F6122130B4C3E9742087
:10A46000C3E97721C3E9E020C3E9E3211A62DA6294
:10A4700058621963C3F83025C3F83405C3F83C2586
:10A48000C3F84015C3F8E026C3F8E406C3F8EC2689
:10A49000C3F8F016C3F89028C3F89408C3F89C28B2
:10A4A000C3F8A018C3F8402AC3F8440AC3F84C2ADA
:10A4B000C3F8501AC3F8F02BC3F8F40BC3F8FC2B05
:10A4C000C3F8001CC3F8A40D3648C3F8A02DC3F888
:10A4D000AC2DC3F8B01D0288837833490068334C33
:10A4E000CA804FEA104C0B723149E2802372A1F806
:10A4F0000320A4F8032063714B712E4CCA800B72A9
:10A500002D492E4DE2802372A1F80320A4F80320E8
:10A5100063714B712A4CCA800B722A49EA80088009
:10A520002B7281F802C0E2802372A1F803204B71E4
:10A53000CA800B722449A1F803204B71CA800B72A8
:10A540002249A1F803204B71CA800B722049088070
:10A5500081F802C0A1F803204B71CA800B721D491B
:10A56000088081F802C0A1F803204B71CA800B72E9
:10A570001949088081F802C01848A1F803204B71DE
:10A58000CA800B721649A0F803204371C28003727F
:10A59000A1F803204B71CA800B7230BC704700BF1A
:10A5A000A801012468010024F00100241402002401
:10A5B000080200242C02002420020024FC010024B4
:10A5C000D80100240811012438020024E4010024E9
:10A5D000E4100124FC100124F01001245C0100248B
:10A5E000500100243E4B00220B20114610B5D3F839
:10A5F000D84082B044F00104C3F8D840D3F8D84022
:10A6000004F001040094009CD3F8D84044F0020404
:10A61000C3F8D840D3F8D83003F002030193019B6C
:10A62000F9F7A2F90B20F9F7DDF900220C20114609
:10A63000F9F79AF90C20F9F7D5F900220D20114607
:10A64000F9F792F90D20F9F7CDF900220E20114605
:10A65000F9F78AF90E20F9F7C5F900220F20114603
:10A66000F9F782F90F20F9F7BDF900221020114601
:10A67000F9F77AF91020F9F7B5F900223C201146D4
:10A68000F9F772F93C20F9F7ADF9002211201146D3
:10A69000F9F76AF91120F9F7A5F9002238201146D7
:10A6A000F9F762F93820F9F79DF9002239201146AF
:10A6B000F9F75AF93920F9F795F900223A201146AD
:10A6C000F9F752F93A20F9F78DF900223B201146AB
:10A6D000F9F74AF93B2002B0BDE81040F9F782B91A
:10A6E0000044025820F01F002031BFF34F8F002993
:10A6F00007DD064A0144C2F85C0220300B1A002B29
:10A70000F9DCBFF34F8FBFF36F8F704700ED00E0B0
:10A71000704700BF08B5F8F761F9BDE80840F9F7E0
:10A72000EBB900BF064808B503680BB100F08CFE1A
:10A73000044803681BB1BDE8084001F07BBD08BDBB
:10A740002015012418110124064808B503680BB12F
:10A7500000F07AFE044803681BB1BDE8084001F030
:10A7600069BD08BD2015012418110124064808B54B
:10A7700003680BB100F068FE044803681BB1BDE834
:10A78000084001F057BD08BD20150124181101240F
:10A79000364BDA6A520062D59A6A9A6A9A6A9B6A5A
:10A7A000180600D500BE314B9B6A990600D500BE45
:10A7B0002E4B9B6ADA0600D500BE2C4B9B6A1B070A
:10A7C00000D500BE294B9B6A980700D500BE274BD9
:10A7D0009B6AD90700D500BE244B9B6A1A0400D59A
:10A7E00000BE224B9B6A9B0400D500BE1F4B9B6A98
:10A7F000D80400D500BE1D4B9B6A190500D500BECC
:10A800001A4B9B6A5A0500D500BE184B9B6A9B05E4
:10A8100000D500BE154B9B6AD80500D500BE134B72
:10A820009B6A990100D500BE104B9B6ADA0100D5E6
:10A8300000BE0E4B9B6A1B0300D500BE0B4B9B6AF0
:10A84000580300D500BE094B9B6A990300D500BE92
:10A85000064B9B6ADA0306D400BE00BEFEE7DB6A45
:10A860009B07FAD5F8E700BEF6E700BF00ED00E071
:10A87000F8F7C0B8F8F7C4B80A4B9B6803F17843FF
:10A88000B3F5003F0BD3084B986848B1986801288E
:10A8900006D09868022803D09B68032070470120E7
:10A8A000704700BF00ED00E0000080382DE9F04166
:10A8B000CEB004464C2200210AA808F0ADFD2022AB
:10A8C000002102A808F0A8FDBC2200211EA808F063
:10A8D000A3FD022002F022F92368012B4FF00003B0
:10A8E00054D0534A02250193C820D16A514B21F01C
:10A8F0000101D162D26A02F0010201929A6942F426
:10A9000040429A619B6903F440430193019B494A89
:10A9100093699B04FCD548490224002201268B6AD6
:10A9200004274FF0080823F0030323438B62052319
:10A9300016900AA818934FF4803310961794199420
:10A940001597CDF86880CDE91B222122CDE913446B
:10A95000CDE90A23FAF784F800B1FEE73F2203238A
:10A96000294602A8CDE9022300220823CDE90423C9
:10A9700040224023CDE9062340234FF48062CDE9F5
:10A980000823FAF79BFB0346B8B1FEE7294A0425E2
:10A990000093F0209169264B41F440419161926906
:10A9A00002F440420092DA6A42F00102DA62DB6AA3
:10A9B00003F001030093009BA9E720224FF480518C
:10A9C00025934FF440152B9280222D931EA830938F
:10A9D000269135914FF48071249234920C22339455
:10A9E000439140F2271120921022CDF884802A97BB
:10A9F0001F96CDE92E34CDE93B334FF48033CDE9BA
:10AA000022463193002446930623CDE93E45279301
:10AA10004FF48063094C2C931E94CDE92812FAF769
:10AA2000A9FD00B1FEE702F09FF84EB0BDE8F0814D
:10AA30000004005800480258004402580F130F0346
:10AA400070B584B00124F9F705F84FF480764FF023
:10AA50004052194B68460025ADF800400396CDE9F9
:10AA60000123F9F715F819224FF0404368468DF895
:10AA7000082001938DF80F40ADF80D608DF801406E
:10AA80008DF80A50F9F704F802230B2268468DF876
:10AA90000F508DF801304FF062538DF8082001936C
:10AAA000ADF80D408DF80A40F8F7F2FF0420F8F7F2
:10AAB000DFFF04B070BD00BF0E00010330B50D46CE
:10AAC000044685B0D1E9000184E80300F7F756FF9A
:10AAD000AB79A3B3FFF786FDFDF790FE06F0A4FE69
:10AAE000FFF704FA2B798BBB6B799BB1BFF34F8FC8
:10AAF000BFF36F8F2A4B0022C3F85022BFF34F8F52
:10AB0000BFF36F8F5A6942F400325A61BFF34F8F1F
:10AB1000BFF36F8F4FF0FF320023002400256946FA
:10AB2000204802928DF80C30CDE9004507F09CFAE0
:10AB30001C4807F001FB06F0A7FA05B030BD20461F
:10AB4000FFF7B4FE2046FFF77BFFC3E7144C00235A
:10AB5000C4F88430BFF34F8FD4F8801043F6E07E02
:10AB6000C1F34E3CC1F3C9014FEA4C1C0CEA0E0084
:10AB70000B4640EA8372013BC4F860225A1CF8D1AC
:10AB8000ACF1200C1CF1200FF0D1BFF34F8F6369A3
:10AB900043F480336361BFF34F8FBFF36F8FA3E73D
:10ABA00000ED00E014110124FAF7B8BB1C4B9B68C0
:10ABB00003F17842B2F5003F25D3B3F5803F20D3AF
:10ABC00003F16042B2F5003F1FD303F15C42B2F5DE
:10ABD000002F1CD303F17042B2F5902F19D303F16B
:10ABE0004842B2F5803F16D303F18042B2F1806F44
:10ABF00013D303F1E043B3F5000F2CBF0820072067
:10AC000070470120704700207047022070470320E2
:10AC1000704704207047052070470620704700BF2A
:10AC200000ED00E003480023034A0449036008F0F4
:10AC3000E5BA00BF141101240000002411A7000888
:10AC400010B4204C0022204B83B0D4F888101F4849
:10AC500041F47001C4F8881019681D4C41F00101DD
:10AC600019601A61196808401A4918609A61DA6116
:10AC70001A629A62DA621A635A639A63DA631A642E
:10AC80005A64186820F4802018601A66D3F8DC2013
:10AC900042F06042C3F8DC20D3F8DC300193019B22
:10ACA00023681940B1F1005F03D20B4B0122C3F8B6
:10ACB0000821044B4FF000629A6003B05DF8044B2A
:10ACC000704700BF00ED00E0004402587FEDF6EA57
:10ACD0000010005C0000FFFF0080005100F5717162
:10ACE000D0F8040405F0B8BDC1EBC10300EB830349
:10ACF000D0F80404D3F8082205F0DCBDC1EBC10391
:10AD000000EB8303D0F804049A6C05F011BE00BF79
:10AD1000D0F8040405F0B0BEC16810B5044619B1FE
:10AD2000022900D0FEE70121D4F8040405F08EFECC
:10AD3000D4F80404BDE8104005F060BE10B5044628
:10AD4000D0F8040405F086FE2268D2F8003E43F0F5
:10AD50000103C2F8003E236A23B1034A136943F09A
:10AD60000603136110BD00BF00ED00E0D0F804043D
:10AD700005F07ABED0F8040405F08EBED0F80404C5
:10AD800005F088BED0F8040405F088BED0F80404AD
:10AD900005F086BE9446D0F898021A4608B5634678
:10ADA00001F0ACFD032802D8024B185C08BD02205C
:10ADB00008BD00BF103F0108D0F8980208B501F0A7
:10ADC0002BFE032802D8024B185C08BD022008BDE8
:10ADD000103F0108D0F8980208B501F061FE032881
:10ADE00002D8024B185C08BD022008BD103F0108C4
:10ADF0000A06D0F8983206D4C1EBC10103EB8101F9
:10AE000091F8FE01704701F07F01C1EBC10103EB36
:10AE1000810191F83E007047D0F8980208B501F022
:10AE200057FD032802D8024B185C08BD022008BD5C
:10AE3000103F0108D0F8980208B501F0C5FD0328BD
:10AE400002D8024B185C08BD022008BD103F010863
:10AE5000D0F8980208B501F08FFD032802D8024B04
:10AE6000185C08BD022008BD103F0108D0F8C002E0
:10AE700006F0C4B8D0F8C00206F0D8B8D0F8C002C6
:10AE800006F0E0B8704700BFD0F8C00206F0C6B8C0
:10AE9000D0F8C00206F0C6B8D0F8D00308B500F06C
:10AEA00093FE032802D8024B185C08BD022008BD9F
:10AEB000143F0108024B027853F82200704700BF8C
:10AEC000383F0108024B427833F81200704700BF48
:10AED000183F01088CB00A2814D8DFE800F01523C9
:10AEE000313F4D5B6977859306004D4BD3F8E020E9
:10AEF00042F48062C3F8E020D3F8E03003F48063CA
:10AF00000B930B9B0CB07047454BD3F8E02042F0FD
:10AF10000102C3F8E020D3F8E03003F0010301930D
:10AF2000019BEFE73E4BD3F8E02042F00202C3F86A
:10AF3000E020D3F8E03003F002030293029BE1E744
:10AF4000374BD3F8E02042F00402C3F8E020D3F8F6
:10AF5000E03003F004030393039BD3E7304BD3F8B3
:10AF6000E02042F00802C3F8E020D3F8E03003F01C
:10AF700008030493049BC5E7294BD3F8E02042F073
:10AF80001002C3F8E020D3F8E03003F0100305937B
:10AF9000059BB7E7224BD3F8E02042F02002C3F82C
:10AFA000E020D3F8E03003F020030693069BA9E7E6
:10AFB0001B4BD3F8E02042F04002C3F8E020D3F866
:10AFC000E03003F040030793079B9BE7144BD3F853
:10AFD000E02042F08002C3F8E020D3F8E03003F034
:10AFE00080030893089B8DE70D4BD3F8E02042F4D3
:10AFF0008072C3F8E020D3F8E03003F48073099343
:10B00000099B7FE7064BD3F8E02042F40072C3F8B7
:10B01000E020D3F8E03003F400730A930A9B71E751
:10B02000004402582DE9F04F0D6883B0002D00F068
:10B03000D5800023DFF8688201229A4012EA050CCD
:10B0400000F0C7804E6826F01009B9F1020F40F0F9
:10B05000C88003F007044FEAD30E4FF00F0A4FEAFF
:10B06000840900EB8E0E0AFA09FADEF8204024EA81
:10B070000A0A0C6904FA09F406F0030944EA0A040E
:10B08000CEF820404FEA430E0324D0F800A009FA7E
:10B090000EF904FA0EF42AEA040AE44349EA0A091A
:10B0A000C0F80090D0F808A0CF6804EA0A0A07FAAE
:10B0B0000EF949EA0A09C0F80890C6F30019D0F859
:10B0C00004A009FA03F92AEA020249EA02024260EC
:10B0D000C268F70004EA02048A6802FA0EF242EA41
:10B0E0000402C26075D5644C23F0030E03F003091B
:10B0F000D4F8F420C6444FEA890942F00202C4F8A9
:10B10000F420D4F8F42002F002020192019A0F22F6
:10B11000DEF8084002FA09F224EA0202574CA04283
:10B1200025D004F58064A0427BD0554CA0427ED04F
:10B13000544CA0426FD0544CA04200F08480534C39
:10B14000A04200F08680524CA04276D0514CA042E2
:10B1500000F08580504CA04200F087804F4CA04208
:10B160000CBF09240A2404FA09F942EA0902CEF8BC
:10B1700008204FF0B0426FEA0C0EF403D2F88020A2
:10B180004FF0B04454BF0EEA02024CEA0202C4F887
:10B190008020B203D4F884404FF0B04254BF0EEA8E
:10B1A00004044CEA0404F702C2F8844014684FF027
:10B1B000B04254BF0EEA04044CEA04041460B40222
:10B1C00052684FF0B04454BF0EEA02024CEA020249
:10B1D0006260013335FA03F27FF42EAF03B0BDE8AD
:10B1E000F08F4FEA430E0324D0F800B006F0030AB4
:10B1F00004FA0EF409F1FF390AFA0EFA2BEA040BED
:10B20000B9F1010F6FEA04044AEA0B0AC0F800A082
:10B210003FF65EAF46E7032404FA09F942EA090261
:10B22000A5E7012404FA09F942EA09029FE702248A
:10B2300004FA09F942EA090299E7062404FA09F92D
:10B2400042EA090293E7042404FA09F942EA0902EE
:10B250008DE7052404FA09F942EA090287E7072481
:10B2600004FA09F942EA090281E7082404FA09F913
:10B2700042EA09027BE700BF00440258000002587E
:10B2800000080258000C025800100258001402581E
:10B2900000180258001C02580020025800240258CE
:10B2A00000040058002900F0A88000232DE9F04F89
:10B2B000DFF8689183B0DFF86881DFF868A1DFF814
:10B2C00068B14FF0010E0EFA03F212EA010C6FD0D2
:10B2D00023F0030503F003040F2640454D444FEAD5
:10B2E000C404AF6806FA04F607EA0607019721D0FE
:10B2F000504566D0584567D0434FB8426ED0434F53
:10B30000B84270D0424FB84263D0424FB84256D094
:10B31000414FB84272D0DFF814E1704568D0DFF8D1
:10B3200010E1704514BF4FF00A0E4FF0090E0EFAEF
:10B3300004F400E00024019FA74219D1AC6824EA7C
:10B3400006064FF0B044AE60D4F8805025EA0C05F4
:10B35000C4F88050D4F8845025EA0C05C4F8845011
:10B36000256825EA0C052560656825EA0C056560F9
:10B3700003255C0003F007070F2605FA04F40568AF
:10B38000BF00254306FA07F70560DD0800EB8505D9
:10B390002E6A26EA07062E62856825EA040585607E
:10B3A000456825EA02024260C26822EA0404C460D9
:10B3B000013331FA03F284D103B0BDE8F08F4FF0CE
:10B3C000060E0EFA04F4B6E74FF0020E0EFA04F47D
:10B3D000B1E74FF0050E0EFA04F4ACE74FF0030EA0
:10B3E0000EFA04F4A7E74FF0040E0EFA04F4A2E7F5
:10B3F0004FF0080E0EFA04F49DE770474FF0070E69
:10B400000EFA04F497E700BF000C0258001002582F
:10B410000014025800180258001C0258000400587A
:10B420000000025800040258000802580020025888
:10B43000002402580369194214BF012000207047FC
:10B4400002B90904816170472DE9F04F056885B0A4
:10B450000446284604F0A6FF012802D005B0BDE846
:10B46000F08F206804F04EFF0028F7D0206804F029
:10B4700049FF10F4001F206802D04FF4001343610D
:10B4800004F040FF10F4801F206802D04FF48013B6
:10B49000436104F037FF10F0806F206802D04FF056
:10B4A0008063436104F02EFF10F0020F20682FD15B
:10B4B00004F028FF870000F11381206804F022FFC8
:10B4C000C60100F1CF80206804F01CFF000700F1E6
:10B4D000BE80206804F016FF10F0007F20681AD1AB
:10B4E00004F010FFC306B9D52568AB6923F010033B
:10B4F000AB612E6AC6F34341C6F30A17022902D193
:10B50000002F40F0C681AB6943F01003AB61A5E7A3
:10B5100002234361CCE704F0B3FFD4F808E080468F
:10B520002068BEF1000F00F0998005F5A0650026A7
:10B530004FF0280B4FF0020A4AE000F5A0694A01DB
:10B5400009EB4117BB685B075DD50423BB60FB6853
:10B5500043F00203FB60BB68980500F1FD80BB6807
:10B56000DB0740F1CF80236953B101EB81003B69D8
:10B5700004EBC000C3F3120C836CA3EB0C03C36495
:10B580008B004FF0010C4FF0000E581804EBC00078
:10B59000C0F858E080F85DC0C7F808C090F83FE0F8
:10B5A0001EF0FD0F00F06481BEF1030F00F0408239
:10B5B0000B4404EBC30393F8502082F0010283F89C
:10B5C0005020D4F808E0206801362035764545D271
:10B5D00006F00F0328FA03F3D907F5D52B68F1B26B
:10B5E0001A04AAD400F5A0624FEA411C02EB4117ED
:10B5F000BB6813F004090DD00423BB60FB6843F063
:10B600000203FB60E0E7BB689B0640F1B3802023A8
:10B61000BB60A0E7BB6813F0200300F0CA8001EB19
:10B620008103202204EBC303BA6093F83D20012A72
:10B63000CAD183F83D9083F85CA0FB6843F0020315
:10B64000FB6004F021FFD4F808E02068BCE7204646
:10B65000FFF70CFC2068082343613BE74FF00073C1
:10B6600043613DE72668D6F840340293D6F840346B
:10B670000393039B23F02E030393029B980707D5A4
:10B68000029BD90700F16381039B43F002030393FC
:10B69000029B1A0718D5039B43F008030393029BF0
:10B6A0005B0740F15C81A169022900F09A81E3689F
:10B6B000012B03D14EF66022C6F804242046FFF782
:10B6C000E3FB2046FFF7D6FB2068029B9F0603D5CD
:10B6D000039B43F020030393039BC6F84034F3E637
:10B6E000D5F84034204623F02E03C5F84034FFF748
:10B6F000C5FB0121206804F0A1FE20684FF0005333
:10B700004361DBE6BB68980740F18E80FB6801EB84
:10B71000810C23F0020304EBCC0CFB608B009CF843
:10B720005D00012800F0B280052800F0AF800628F7
:10B7300000F0A381082800F0A081032800F0DC813C
:10B740009CF85C000246C7F808A02046FFF79AFB69
:10B75000D4F808E0206837E7FB68206843F002036C
:10B76000FB6004F091FE4FF400732068BB60D4F8D6
:10B7700008E029E7BB681B0700F1BB80BB685B05DD
:10B780007FF5E9AEFB68019243F002030091FB6094
:10B7900004F07AFE00991020019A01EB8103B86051
:10B7A000082004EBC30383F85D004FF48063BB60A3
:10B7B000D1E6D7F8089019F0400F40F0B180BB688F
:10B7C00013F4007340F02F81D7F8089019F0010F9F
:10B7D00040F03F81BB6813F0080340F06881D7F860
:10B7E000089019F0100F00F0C98001EB810204EB02
:10B7F000C2029365032382F85D3092F83D303BB975
:10B800000BFB014393F83C2012B9012283F83D2041
:10B81000FB6843F00203FB6004F036FE102320684F
:10B82000BB60D4F808E0CFE6BB6813F0800340F0BB
:10B83000E380BA68D20640F1D08001EB810004EBCE
:10B84000C00090F83F20032A00F04B8112F0FD0267
:10B85000E4D123698265002BE0D10BFB0143032275
:10B8600083F85D20FB68206843F00203FB60D3E7A8
:10B87000FA68206842F0020201930091FA6004F035
:10B8800003FE1022DDE90013BA6091E68CF85C003B
:10B8900058E706F00F0606EB860804EBC808D8F850
:10B8A000441000293FF42FAE284605F5A0653A461E
:10B8B00004F0A6FCD8F8443005EB46123B4411696D
:10B8C000D8F84C20C8F8443073013A44C8F84C20EA
:10B8D000BC4A0A405AB1EA5822F0804242F0004283
:10B8E000EA5098F8503083F0010388F8503025680A
:10B8F00009E6FB684FF0050C019243F0020300914A
:10B90000FB6001EB810304EBC30383F85DC01023EC
:10B91000BB600823BB6004F0B7FDDDE900121AE646
:10B9200001EB810204EBC2029365042382F85D30CF
:10B93000012382F83D30FB6843F00203FB6004F012
:10B94000A3FD40232068BB60D4F808E03CE6B3695F
:10B95000204623F00053B361FFF78CFA94E62046AB
:10B96000FFF796FAD6F84034206823F02E03C6F885
:10B970004034836943F000538361A6E6BB681B062D
:10B9800000F1C880BB685B0500F1D780BB689B07EE
:10B990007FF51AAEFB680BFB014023F00203FB604E
:10B9A00090F85D30012B00F0E180032B00F0DB808C
:10B9B000042B00F0D880052B00F0FC80062B00F053
:10B9C000E480082B00F0E1800BFB01432046C7F820
:10B9D00008A093F85C20FFF755FAD4F808E0206837
:10B9E000F2E5029B206803F4C023B3F5802F18BF53
:10B9F000012104F023FD61E6FB6801EB810243F0C5
:10BA0000020304EBC202FB60936D013393650623CE
:10BA100082F85D30206804F037FD80232068BB6029
:10BA2000D4F808E0D0E5FB6843F00203FB6098E639
:10BA300052F80970019347F00057009142F80970DD
:10BA4000624680F85CC02046FFF71CFADDE900136F
:10BA5000AEE5FA6801EB810942F0020204EBC90984
:10BA6000C9F85830FA6004F00FFD0123BB6089F873
:10BA70005D30D4F808E02068A6E503EB010C04EB88
:10BA8000CC0CDCF858000130032825D8CCF858003D
:10BA900002200B4404EBC30383F85C0052F8093026
:10BAA00023F0804343F0004342F809304AE608237C
:10BAB0000091BB60FB6843F00203FB6004F0E4FC10
:10BAC0000099052201EB810104EBC10383F85D209D
:10BAD000D4F808E0206877E50020CCF8580004206E
:10BAE000D7E7FA680BFB014042F002028365206849
:10BAF000FA6004F0C9FC91E60BFB0143022083F8D5
:10BB00005CA052F8093023F0804343F0004342F830
:10BB1000093017E6FB68009143F00203FB6004F074
:10BB2000B3FC009906230BFB014181F85D308023B3
:10BB30002068BB60D4F808E046E5FB68009143F05C
:10BB40000203FB6004F0A0FC10230099BB604FF4DB
:10BB500080630BFB0141BB60082381F85D30D4F8A2
:10BB600008E0206830E580F85CA02DE780F85C30C4
:10BB700090F83F30023B012B3FF626AF90F8513052
:10BB800083F0010380F851301EE70BFB0140836D09
:10BB90000133032B11D8836502230BFB014080F88E
:10BBA0005C3052F80C3023F0804343F0004342F8FD
:10BBB0000C3009E780F85C3006E700238365042336
:10BBC000EBE700BF0000F81F90F8B832012B0CD053
:10BBD000012310B50446006884F8B83204F0B4FCC0
:10BBE0000023184684F8B83210BD0220704700BF09
:10BBF000F8B505460E461746701C2C682CD1A36973
:10BC0000990727D4A369DA06F9D5A3699A06FCD562
:10BC100020231022E261E361A3699F0701D500237D
:10BC2000A362A369DE0703D4A36943F00103A36100
:10BC3000636800221B4820210340012063606B6C75
:10BC400085F8402043F004036B6485F8411085F8C3
:10BC50004220F8BD0020F8BDA3699B07FAD4A36970
:10BC6000D9061BD4F6F7C6FEC01BB04201D8002E81
:10BC7000C2D16B6C2021002201200B4385F84020AB
:10BC80006B6485F8411085F84220F8BDF6F7B2FEE6
:10BC9000C01B8642EDD3002EEBD02C68A3699B0617
:10BCA000F4D5B5E700E800FEF8B505460E461746A0
:10BCB0002C68A3699B0649D4A369DA0626D5731CB0
:10BCC00038D1A3699E06FCD520231022E261E361EE
:10BCD000A369990701D50023A362A369DA0703D4F6
:10BCE000A36943F00103A36163680022184820217F
:10BCF0000340012063606B6C85F8402043F004032F
:10BD00006B6485F8411085F84220F8BDF6F772FEA5
:10BD1000C01BB04201D8002ECAD16B6C202100227A
:10BD200001200B4385F840206B6485F8411085F8AD
:10BD30004220F8BDA3699806C6D4F6F75BFEC01B87
:10BD40008642EAD3002EE8D02C68B8E70020F8BD80
:10BD500000E800FE00284ED010B590F841300446AF
:10BD600003F0FF02002B41D023682421626884F88D
:10BD70004110196822F07062E06821F00101012889
:10BD800019601A619A6822F400429A60A26829D068
:10BD900042F4044202289A6002D14FF400625A60D1
:10BDA00058684FF0200C1549226901435960D96841
:10BDB00021F40041D960D4E90501024342EA01229D
:10BDC000D4E90710DA6000220143104619601968AF
:10BDD00041F001011960626484F841C0226384F873
:10BDE000422010BD42F400429A60D9E780F840201A
:10BDF000FCF72AFCB8E70120704700BF0080000272
:10BE00002DE9F047984690F84130089E202B40F0ED
:10BE1000878090F840300446012B00F08180012398
:10BE20008946174680F84030F6F7E4FD054604E001
:10BE3000F6F7E0FD401B192875D82368986910F4BF
:10BE40000040F5D1212267626063C9F3090784F8D5
:10BE50004120102284F842206064A4F82A80628D78
:10BE600092B2FF2A6DD8628D494892B2D1B2228532
:10BE70005A6802403A4342EA014246491143596036
:10BE8000DFF81C814FF0FF0ADFF81891638D2A4616
:10BE9000314620469BB2002B30D0FFF7A9FE002888
:10BEA00073D1606A216810F8012B238D8A62628D3C
:10BEB000013B6062013A9BB292B223856285628D3A
:10BEC00092B2002BE2D1002AE0D0701C43D18B69E2
:10BED0001A06FCD5638D9BB2FF2B48D94B682A46C6
:10BEE000A4F828A0204603EA08033B4343EA0903D9
:10BEF0004B603146638D9BB2002BCED1FFF7D4FE51
:10BF0000002842D123682021234DD9615A682A4054
:10BF10005A6084F8411084F8400084F8420000E040
:10BF20000220BDE8F087636C2021002201200B4332
:10BF300084F84020636484F8411084F84220BDE80E
:10BF4000F0875A6812490A4014493A431143FF22C4
:10BF50002285596094E78B691B06BBD4F6F74AFD2E
:10BF6000401B8642DFD3002EDDD02168ADE7638D14
:10BF70009BB2DAB223854B6803EA080343EA024323
:10BF80003B4343F000734B6080E70120BDE8F0873E
:10BF9000009800FC0020008200E800FE0020FF81E5
:10BFA000009C00FC0000FF012DE9F0471F4690F8BF
:10BFB0004130202B40F08E8004460D46002900F0D1
:10BFC0008380B2FA82F916464FEA5919002A7BD0CB
:10BFD0005FFA83FA90F84030012B7BD0012380F880
:10BFE0004030F6F707FD212365628046256884F816
:10BFF000413084F842A0C4F8449066856B68C4F868
:10C00000349023F400436B607B1C66D1AE69360725
:10C01000FCD50823EB61E368022B06D0AE69F6037A
:10C0200028D4AE69F603F9D524E0AB691907FCD52D
:10C030000823EB617B1CF1D0AB69DD031AD4F6F762
:10C04000D9FCA0EB0800874253D3002F51D02568BC
:10C05000F0E7424639462046FFF7CAFD00285BD18B
:10C06000636A226813F8011B9162658D6362013D6A
:10C07000ADB26585638D9BB2002BEAD1424639464D
:10C080002046FFF711FE00284DD02268536843F484
:10C0900000435360636C042B54D10023636420235A
:10C0A000D361781C41D193691904FCD451680023F1
:10C0B000202041F40041516084F84100184684F882
:10C0C000423084F8403003E04FF400730120636491
:10C0D000BDE8F0870220BDE8F087AB69180733D4CC
:10C0E000F6F788FCA0EB0800874202D30FB1256861
:10C0F0008AE7636C202000212268034384F8401003
:10C10000636484F84100012084F84210536843F4CA
:10C1100000435360BDE8F08722680120536843F470
:10C1200000435360D4E72268B9E793691B04BDD587
:10C13000F6F760FCA0EB08008742DAD3002FD8D0D6
:10C140002268AEE70120C3E70823EB61E368022B16
:10C150007FF470AF08E0F6F74DFCA0EB08008742D3
:10C16000C7D3002FC5D02568AB691A07F3D55FE7A1
:10C170000268436B9169126803B11847704700BFAA
:10C1800090F84100704700BF90F84120202A23D149
:10C190005FFA82FC90F840200346012A1CD0026816
:10C1A000242000B583F841004FF0000E106820F005
:10C1B00001001060106820F4805010601068014386
:10C1C00070461160116841F00101116083F841C0AF
:10C1D00083F840E05DF804FB0220704790F84120AE
:10C1E000202A22D1034600B55FFA82FE90F8402053
:10C1F000012A1CD0026824204FF0000C83F8410073
:10C20000106820F001001060106820F4706040EAAF
:10C21000012160461160116841F00101116083F84D
:10C2200041E083F840C05DF804FB02207047022023
:10C230005DF804FB2DE9F04F076889B004463846E5
:10C2400004F0B0F810B109B0BDE8F08F8246206864
:10C2500004F058F80028F6D0206804F053F810F0E5
:10C26000020F206803D0436903F00203436104F026
:10C2700049F810F4002B206840F0508104F042F897
:10C2800010F4802F206840F0EB8004F03BF8002889
:10C2900074DB206804F036F8000564D4206804F0EC
:10C2A00031F8020114D52268536903F00063536129
:10C2B00094F8F433002B40F095810121204684F856
:10C2C000F413536DC3F38303C4F8F83300F024FC74
:10C2D000206804F017F8C3047BD4206804F012F837
:10C2E00010F4005F20685DD104F00CF810F0100F1E
:10C2F000206812D0836923F0100383613D6AC5F37F
:10C30000434305F00F06022B00F03182062B00F0AC
:10C310007F81836943F01003836103F0F3FF070714
:10C3200000F15781206803F0EDFFC60200F146815D
:10C33000206803F0E7FF850200F13581206803F0F3
:10C34000E1FF400000F12681206803F0DBFF410798
:10C350007FF579AF23685D686A0700F129825A6822
:10C360002A435A606FE7D7F80838D90700F11C82D2
:10C370002068436903F40063436190E7D7F8043809
:10C3800023F00103C7F8043894F8F433012B00F0CC
:10C3900038812046FEF7EAFC2068436903F0004339
:10C3A000436177E704F002F8206803F0E7FC2568B2
:10C3B000E060F8F79DFF227B0146284603F042FC2F
:10C3C0002046FEF7A9FC2068436903F4005343614B
:10C3D0008AE7D7F804381021206807F5006523F0B4
:10C3E00001036B6003F0B0FC6068B0B107F5106347
:10C3F0004FF67F3199600AF1010A1A6820338245AD
:10C4000022F4001243F8202CC3F8E811D3F8E021FD
:10C4100022F40012C3F8E021ECD1EB6943F00113E0
:10C42000EB61236B002B40F0E1806A6942F22B0341
:10C4300013436B612B6943F00B032B61D7F8003872
:10C4400004F57172217C23F4FE632068C7F800387C
:10C4500003F0C8FF2068436903F4805343613DE75C
:10C4600003F068FF80462068B8F1000F00F0E58017
:10C47000264607F510694FF0000BCDE9037A09E075
:10C480005FEA58080BF1010B06F11C0609F12009BF
:10C4900000F0D58018F0010FF2D05FFA8BF7394623
:10C4A00003F064FFC30705461FD50BF00F03039984
:10C4B00001229A40D1F8343823EA0203C1F8343813
:10C4C0000123C9F808302369012B03D1D6E91123D0
:10C4D0001344B36439462046FEF710FC2369012B50
:10C4E00003D1BBF1000F00F0AC81280702D508236F
:10C4F000C9F80830E90602D51023C9F808306A06E1
:10C5000002D54023C9F80830AB0702D50223C9F889
:10C5100008302D0600F1C6802068B1E703F0FCFE6C
:10C5200005462068002D00F0868007F53066A1469C
:10C530004FF0000B049707E06D080BF1010B06F1BB
:10C54000200609F11C097DD0EB07F5D55FFA8BF1C8
:10C55000039103F0FDFE10F0010F8046039973D1A3
:10C5600018F0080F40F0F280206818F0100F01D08A
:10C570001023B36018F0200F05D02169012900F0C5
:10C580005A812023B36018F4005FD5D04FF40053D4
:10C59000B360D1E72046FEF7F5FB2068436903F05E
:10C5A00080434361D1E620465FFA8BF1FEF7E2FB60
:10C5B0002068436903F400134361C0E620465FFA34
:10C5C0008BF1FEF7DBFB2068436903F480134361C2
:10C5D000AFE62046FEF79CFB2068436903F00803A2
:10C5E0004361A0E62046FEF7A9FB71E6D5F884304A
:10C5F00043F00B03C5F884306B6C43F00B036B64A2
:10C600001CE70021204684F8F41300F085FAC3E605
:10C61000C6EBC606082204F57171384603F0F0FD3A
:10C62000C5F30A1304EB86022068D2F814120B44F7
:10C63000C2F814326DE6AB4620E6C34625E6DDE9D6
:10C64000037A22E6049F19E6206801232769B36074
:10C6500000F53063012FD0F840E003EB4B139A68EC
:10C6600000F0C580984FBE4540F0BD80170440F1F2
:10C67000B6804FF4004218F0080F9A603FF475AF8F
:10C68000026C986890498A4200F097802046039295
:10C69000FEF724FB8D4B039A9A4200F29680082302
:10C6A000B36061E7D6E91453D4F800A0AB4250461A
:10C6B0003FF6E6AE0AF51062716CCDF81CA002EBF5
:10C6C0004B120592EA1A8A4228BF0A4605998969DF
:10C6D000033289B2B1EB920FC0F0A980CDF8189067
:10C6E000C146A046059C1AE0736C3A46B16C5046B0
:10C6F0009D4228BF1D4698F810300093ABB203F05E
:10C7000069FDB36CA1692B4489B2B364736D2B448A
:10C710000335B1EB950F7365C0F08180356D9D4297
:10C72000A5EB0305E0D84446C846DDF81890D4F8D8
:10C7300000A0079B0122504603F500610BF00F0398
:10C740009A404B6B23EA02034B6399E62268216906
:10C7500002F53063126C012903EB4B13986891D1F9
:10C760005A498A4229D82046FEF7B8FA97E747F691
:10C77000F0731D423FF4CDADC6EBC606C5F30A12F9
:10C78000384604EB86061546D6F8081203F038FD45
:10C79000D6F8083220682B44C6F80832D6F814328E
:10C7A0002B44C6F81432B4E52046FEF7C7FADFE59D
:10C7B0002046FEF7EBFA2368D1E5020402D54FF4D8
:10C7C00000429A602046FEF789FA216901297FF428
:10C7D00066AF04F57172206803F004FE5FE790060F
:10C7E00001D520229A602046FEF77EFAB8E61707A8
:10C7F00032D536498E4504D9120402D54FF4004291
:10C800009A6020460393FEF769FA04F571720121DC
:10C81000206803F0E7FD0822039B9A60A0E64446E7
:10C82000356DC846DDF81890D4F800A050469D42FA
:10C830003FF626AE7DE704F5717203F0D3FD206864
:10C840009FE6236D002B7FF450AE04F57172012139
:10C85000206803F0C7FD48E6970608D520229A60B5
:10C8600018F0080F3FF481AE026C986878E712F078
:10C87000280FF5D1154FBE4505D9120403D54FF445
:10C8800000429A60ECE71B692046D9F80422C3F302
:10C890001203D31AC9F81432D9F808321344C9F86C
:10C8A0000832FEF721FABBF1000F7FF459AED4F83D
:10C8B0001032002B7FF454AE04F571720121206810
:10C8C00003F090FD4CE600BF0A31544F0A30544F3C
:10C8D00090F8BC23012A0ED0012210B5044600684E
:10C8E00084F8381084F8BC2303F0FAFC00231846BF
:10C8F00084F8BC3310BD0220704700BF10B501F0B2
:10C900000F0E0906044627D44FF01C0C0CFB0E0C2E
:10C910000CF5FE71CEEBCE0C00EB8C0C00208CF8ED
:10C92000FD018A604A7881F800E0CB700AB1A1F875
:10C9300006E0022B01D100230B7194F8BC33012BCC
:10C9400018D00123206884F8BC3303F029FA0023AF
:10C95000184684F8BC3310BD1C204FF0010C00FBBE
:10C960000E4000F13C01CEEBCE0004EB800080F8DD
:10C970003DC0D6E7022010BD10B501F00F041C2108
:10C98000C4EBC40C01FB040100EB8C0C01F5FE713F
:10C99000CCF810320023CCF808228CF8FC41CCF8FB
:10C9A00014328CF8FD3103690068012B08BFCCF804
:10C9B0000C22DAB21CB903F053FB002010BD03F0C7
:10C9C00037FA002010BD00BF10B501F00F041C2184
:10C9D000C4EBC40C01FB040100EB8C0C3C31CCF823
:10C9E00050300023CCF84820CCF8543001238CF888
:10C9F0003C408CF83D3003690068012B08BFCCF83F
:10CA00004C20DAB21CB903F02BFB002010BD03F060
:10CA10000FFA002010BD00BF38B5436801F00F05C4
:10CA20009D4234D80B0604461DD41C22C1EBC10321
:10CA300002FB010100EB8303002201F5FE7183F884
:10CA4000FD2101230D708B7094F8BC239A421CD0F9
:10CA5000206884F8BC3303F0E3FBD5B1002318460B
:10CA600084F8BC3338BD1C21C5EBC503012201FB92
:10CA7000050100EB83033C3183F83D2001230D7059
:10CA80008B7094F8BC239A42E2D1022038BD012079
:10CA900038BD04F57172217C206803F0A3FCDDE74A
:10CAA000426838B501F00F03934232D811F0800F7D
:10CAB00004464FF01C01C3EBC30219D101FB034133
:10CAC000002004EB8202002501F5FE7182F8FD01D1
:10CAD0000B708D7094F8BC33012B18D001232068A3
:10CAE00084F8BC3303F0D0FB284684F8BC5338BD2F
:10CAF00001FB0341012004EB820200253C3182F856
:10CB00003D000B708D7094F8BC33012BE6D10220F0
:10CB100038BD012038BD00BF704700BF38B5114B8C
:10CB2000DA68520704D4DB6803F00703834214D1A8
:10CB30000C4CE36823F007031843E060F5F75AFF55
:10CB4000054605E0F5F756FF401BB0F57A7F06D89D
:10CB500063689B04F6D5002038BD012038BD032052
:10CB600038BD00BF00480258024AD36843F08073C2
:10CB7000D36070470048025870B44D6A15B1B2F1E5
:10CB8000406F3AD18B691BB30C6A002C4CD08E6875
:10CB90000068C661CE69002E69D02B43134323433E
:10CBA000CC6A334323430C6B23434C6B23430C6904
:10CBB0002343CC6823430C6823434C69B2F1406F94
:10CBC00043EA8443436165D04B6870BC836170471E
:10CBD0000B6ABBB100682B438C68CE69C461002E20
:10CBE0006BD01343CC6A334323430C6B23434C6B0E
:10CBF00023430C692343CC68DEE78B6A0468013B5E
:10CC00002361BFE7CB69002B66D1002D42D0CB6AF0
:10CC10000C6B2B43006813434A6923434C6B23433B
:10CC200043EA8243436135E0CC6945EA030C002CBA
:10CC300032D003684CEA0200B2F1406F40EA0400CF
:10CC4000CC6A40EA04000C6B40EA04004C6B40EAFA
:10CC50000400CC6840EA04000C6840EA04004C6917
:10CC600040EA8440586115D04A689A6112E045EA6A
:10CC7000030C0D694CEA0203CA6A23431343D1E94A
:10CC80000C4223430C6813434A692B43234343EA72
:10CC90008243436170BC7047CC6A4CEA020300686F
:10CCA0002343D1E90C4223430C6813434A692343CD
:10CCB00043EA824370BC43617047CC6A1343234309
:10CCC000D1E90C4223431343D1E90442234343EA0D
:10CCD000824370BC436170472B43CD6A0C6B134396
:10CCE00000682B4323434C6B84E700BF70B50446B8
:10CCF000F5F780FE002C54D094F84030012B52D030
:10CD00000123064684F8403094F8413003F0FF02D6
:10CD1000002B34D0A56C2268A1681368013923F474
:10CD2000706343EA0123136001E06B1C31D1936807
:10CD300013F02003F9D1E069E16815680143206A26
:10CD40000143606841EA00611C4828400143606972
:10CD50001160A16955680143206941EA0041184802
:10CD6000284001250143184651601168294311608C
:10CD7000636484F84150002384F8403070BD20463D
:10CD800084F84020FCF7B8F841F288331D46A364CC
:10CD9000C1E7F5F72FFE801BA84206D82DB1226807
:10CDA000C5E7012070BD022070BD0423012084F876
:10CDB0004130636C03436364DDE700BF2FFFFF0076
:10CDC000FEF8E0FFC8B110B590F840300446012BE2
:10CDD00011D00268012380F84030136823F001036A
:10CDE0001360FCF717F900236364184684F8413098
:10CDF00084F8403010BD022010BD0120704700BFF4
:10CE00002DE9F04104460E461546F5F7F3FD94F87A
:10CE10004030012B3AD0012384F8403094F841305F
:10CE2000012BDFB206D002270023384684F84030B9
:10CE3000BDE8F081002380466364022384F841301A
:10CE4000681C23680ED19A6812F02002FBD131468B
:10CE50002046FFF791FE736AE3B10123002784F8AF
:10CE60004130E1E79A6812F020021ED0F5F7C2FDCA
:10CE7000A0EB0800854201D3002DE1D1042384F802
:10CE80004130636C43F001036364CDE70227384609
:10CE9000BDE8F081226893689B07FCD5022101233D
:10CEA0000027D16084F84130BEE731462046FFF7C5
:10CEB00063FE736A43B1D0E7F5F79CFDA0EB080071
:10CEC0008542DBD3002DD9D0226893689907F3D52A
:10CED000E4E700BF2DE9F843044689461546F5F717
:10CEE00089FD94F840302768012B67D0012384F82E
:10CEF000403094F84130012B5FFA83F807D04FF0AF
:10CF000002080023404684F84030BDE8F88300233F
:10CF10006364B9F1000F56D01223064684F84130FD
:10CF20003B690133E3623B69C4F824900133A36297
:10CF30007B6923F040637B61E36A002B31D06A1C7C
:10CF4000394611D18B685B07FCD5636A1B7887F87B
:10CF50002030E26A636A013A0133E262E26A6362A4
:10CF6000F2B16A1C2168EDD08B685807EDD4F5F753
:10CF700041FD801B854201D3002DF2D1042384F8AA
:10CF80004130636C43F00103636413E0BB689B07AB
:10CF90000CD4F5F72FFD801B8542EFD3002DEDD08B
:10CFA0002768691CF2D1BB689A07FCD502234FF0B1
:10CFB0000008FB60012384F84130A2E74FF002082B
:10CFC0004046BDE8F883636C43F00803636498E768
:10CFD0002DE9F843044615468946F5F70BFD276809
:10CFE000BA6994F84030012B6CD0012384F84030AA
:10CFF00094F84130012B5FFA83F807D04FF0020814
:10D000000023404684F84030BDE8F8830023636481
:10D01000B9F1000F5BD02223064684F841303B690A
:10D020000133A3633B69C4F83090013363637B69C8
:10D0300023F0406343F080637B61BA61A36B002BF4
:10D0400033D0681C394612D18B6813F0060FFBD021
:10D0500097F82020236B1A70A26B236B013A0133DF
:10D06000A263A26B2363FAB1681C2168ECD08B68C1
:10D0700013F0060FECD1F5F7BDFC801B854201D300
:10D08000002DF1D1042384F84130636C43F0010397
:10D09000636413E0BB689B070CD4F5F7ABFC801B03
:10D0A0008542EFD3002DEDD02768691CF2D1BB6813
:10D0B0009A07FCD502234FF00008FB60012384F897
:10D0C00041309DE74FF002084046BDE8F883636CAD
:10D0D00043F00803636493E72DE9F84F04461F46C5
:10D0E00089469046F5F786FC94F84030012B52D0E3
:10D0F000012384F8403094F84130012B5FFA83FB20
:10D1000007D04FF0020B0023584684F84030BDE8AA
:10D11000F88F002382466364422384F841307A1CEE
:10D1200026682CD1B568AB06FCD4D8F80030494647
:10D130002046B362D8F804307362D8F80830F3623E
:10D140003268D8F8103022F440021343D8F80C208B
:10D1500043F480033360C9F828204FF00062FFF7E2
:10D160000BFD781C22681BD193681907FCD5082198
:10D1700001234FF0000BD16084F84130C3E7B3685E
:10D180009D06D2D5F5F736FCA0EB0A00874212D3F4
:10D19000002FC4D10FE04FF0020B5846BDE8F88FC6
:10D1A00093681B07E3D4F5F725FCA0EB0A00874240
:10D1B00001D3002FD5D1042384F84130636C43F0B0
:10D1C000010363649FE700BF2DE9F04704460F4663
:10D1D0001646F5F70FFC94F84030012B45D001239B
:10D1E00084F8403094F84130012B5FFA83F907D07E
:10D1F0004FF002090023484684F84030BDE8F0872C
:10D2000000238046D4F848A06364822384F8413028
:10D21000BAF1FF3F256814D1AB689A06FCD42B689D
:10D22000726823F00803082A43EA02032B6021D026
:10D230004FF04062394620464FF00009FFF79CFC52
:10D24000D8E7AB689B06EAD5F5F7D4FBA0EB08005E
:10D25000824502D3BAF1000FDAD1042384F84130B9
:10D26000636C43F001036364C4E74FF0020948466E
:10D27000BDE8F087326810232A63EB602B6843F423
:10D2800080132B60D4E700BF704700BF08B5006C67
:10D2900000238363C36290F84130082B0BD10368ED
:10D2A0000222DA601A6842F400321A601A6842F008
:10D2B00002021A6008BD012380F84130FFF7E4FF45
:10D2C00008BD00BF704700BF704700BF704700BF78
:10D2D000704700BF704700BF704700BF704700BF76
:10D2E00038B5036804469A68196855070ED548038F
:10D2F0000CD594F84120122A75D094F84120222AA6
:10D3000000F0A1802046FFF7E5FF38BD950726D540
:10D31000880324D50222DA601A6822F4E0221A6017
:10D3200094F84120122A7AD094F84120222A00F061
:10D33000A98094F84120022A00F0D08094F841207E
:10D34000082AE2D15A690121204622F040625A613E
:10D3500084F84110636C3BBBFFF7B4FF38BD150781
:10D3600025D4D50735D5C80333D50125DD601A6826
:10D3700022F470221A60626C42F0020262641A683F
:10D38000520779D51A68E06B22F004021A60574BF5
:10D39000836504F0FFFE0028B7D0636C204643F09D
:10D3A0000403636484F84150FFF76EFF38BD08033F
:10D3B000D7D50822DA601A68520206D51A68012108
:10D3C00022F410221A6084F841102046FFF784FFEF
:10D3D00038BDD00699D5CA0297D510222046DA600A
:10D3E000FFF77CFF38BD9A6850078BD518460EE0D2
:10D3F000626A127883F82020E16A20680139626A43
:10D40000E1620132816862624D077FF57BAFE26ABB
:10D41000002AEDD1036823F48023036072E71A68C1
:10D42000510709D51A68E16B22F0040209681A60F5
:10D43000CB6823F00103CB600123204684F8413000
:10D44000FFF746FF38BD9A6852077FF55BAF184675
:10D450000EE093F82010226B1170A16B2068013947
:10D46000226BA16301328168226349077FF54AAFCD
:10D47000A26B002AEDD1CDE7204684F84150FFF79A
:10D4800003FF38BD1A6852071DD49A6812F47C5FF6
:10D490000FD111E093F82010226B1170A16B20685E
:10D4A0000139226BA16301328168226311F47C5F30
:10D4B00002D0A26B002AEDD10123204684F841302E
:10D4C000FFF704FF38BD1A68E16B22F00402096817
:10D4D0001A60CB6823F00103CB60EDE701232046FF
:10D4E00084F84130FFF7F0FE38BD00BF8DD2000850
:10D4F000F8B501680546AC4B99421FD020339942DC
:10D500001CD003F57873994258D02033994255D0F6
:10D5100003F57873994200F01E812033994200F0A0
:10D520001A8195F89130A14E03F0FF026BB928469D
:10D5300085F89020FBF756FE296806E09C4E95F88A
:10D54000913003F0FF02002BF1D09A4B9A4A1B68EE
:10D55000A2FB03230A681B0B22F480329B000A60A3
:10D5600023B30C68013B14F48034F9D1022385F80D
:10D570009130EB68012B00F01081022B15BF0320C6
:10D5800023200227222715BF4FF0010C4FF0210C5A
:10D5900000222022AB68013B042B00F24B81DFE824
:10D5A00013F0CF001000D6000F00D200D5F8943051
:10D5B000012043F04003C5F89430F8BD7F4EBEE72C
:10D5C0003A464FF400672B6A3260002B44D0764B0A
:10D5D000994200F01E817A48081AB0FA80F040099A
:10D5E000002840F01681774B994200F00C812033DF
:10D5F000994200F00881744B994200F0FE8020337C
:10D60000994200F0FA80714B994200F00881704B0A
:10D61000994200F00A81AB6900EB8000B3F5002F5E
:10D620004FEA400300F0E280AA6A296AB2F1806FF3
:10D630000CBF0222012201FB02F21202B3FBF2F341
:10D64000644AA2FB0312D20802EB8201A3EB41035E
:10D65000092B08BF01326A626B6833F002032B6D3D
:10D6600040F09680012B14BF4FF400740024F5F7AE
:10D67000D9F9696CB0F5005FD5E9003242EA0102E0
:10D68000A96C42EA0102E96C42EA0102E96A42EA53
:10D690000102696942EA010272D3A96918680A4362
:10D6A000A96A0A434C490140196029690A4319686B
:10D6B0000A43696A42EA015248493A4322431A60DE
:10D6C0005A68286B1140EA690243686B596002434B
:10D6D00059680A4342495A609A6811406A6E9960D3
:10D6E000E96D98680A43296E0A43696D01390A4356
:10D6F000A96D013942EA012202434FF220009A60EB
:10D70000D968AA6E0140D960E96ED8680A43696F8A
:10D7100042EA0142296F013942EA012222490243C9
:10D720008B42DA6019D0294A934216D00023012295
:10D73000C5F89430184685F8903085F89120F8BDEA
:10D740004FF480673FE702464FF400673BE76246CD
:10D750004FF4006737E7234EF1E6736C23F00103C3
:10D76000736495F83830012BE0D1D5E90F23013AE5
:10D7700043EA02137364736C43F001037364D5E7E7
:10D78000A96918680A43184901401960A96A8DE718
:10D79000012B08BF4FF4007469E7132012274FF0E4
:10D7A000110C1022F6E600BF045801400054005846
:10D7B00000580140440200241BECCB95005C014062
:10D7C00024580140045C01400460014004540058A6
:10D7D00024540058CDCCCCCC10C005F0F01FFFFF76
:10D7E0000080F8FF0060014010C005F82A6A696DEA
:10D7F00001FB02F2B3FBF2F322E74FF40070F8F7FB
:10D8000043FE2968FFE64FF40070F8F73DFE2968F3
:10D81000F1E64FF48070F8F737FE2968E3E64FF43D
:10D820008060F8F731FE2968F1E64FF40060F8F700
:10D830002BFEF0E60027C6E6022938B5044635D9A6
:10D84000C81E012830D8002023676064E064E065CA
:10D85000A0664FF6FF706067606830F002000CBF92
:10D860000125002504294FF4003125650CBF012056
:10D870000D2021664FF48021A0656166032A13D82C
:10D88000DFE802F0474E54362368484A934205D0F9
:10D8900002F1C052A2F58232934205D16368012B96
:10D8A00002D1636C002B2FD0012038BD00202367EC
:10D8B0006064E064A066606830F0020014BF01207C
:10D8C000002020654FF48030E0654FF6FF70606700
:10D8D00013F00100E8D14D1E012D29D860664FF4E8
:10D8E00000302066032ADFD8DFE802F05546362CE8
:10D8F000E0215B018022A1646365E266F5F792F89E
:10D9000094F83830012BBFD02046BDE83840FFF7EF
:10D91000EFBD80211B014022A1646365E266EDE753
:10D9200080225B01A2646365E266E7E7C021E0E76D
:10D9300020664FF480206066032AB5D8DFE802F045
:10D940002B1C0C025B08E02080219A01A0645B0183
:10D95000E166C4E91523D1E75B08C02280250229CE
:10D960004FEA8310A2644FEA4313E5666065A3653E
:10D97000C4D10823A366C1E75B08802202294FEACD
:10D980008310A2644FEA4313E266C4E91503B5D1DC
:10D990001023A366B2E75B08802040215A01A064EF
:10D9A0001B01E166C4E91523A8E700BF0458014044
:10D9B0002DE9F8430F4604461546F5F71BF8002FEE
:10D9C00061D0B5FA85F84FEA5818002D5BD094F86D
:10D9D0009130012B5FFA83F950D194F89030012BEC
:10D9E0004CD04346C4F894800646D4F8800065F3D2
:10D9F0000F03226884F89090394665F31F43A767A8
:10DA00001C32E3672B46122584F891502E4DC0F846
:10DA1000508005642D4DC5632D4DC564F6F714FB8C
:10DA200000283ED1636C082B636831D00521612248
:10DA3000023B012B98BF1146226813690B43136107
:10DA4000136843F40033136006E0F4F7D3FF831B3D
:10DA5000B3F57A7F2AD82268556915F4E025F4D009
:10DA60001368DB0303D4136843F48033136000238B
:10DA7000994684F890304846BDE8F8834FF0020993
:10DA80004846BDE8F8834FF001094846BDE8F883F1
:10DA900023F00202012A0BBF152105217122612208
:10DAA000C6E7484684F89080BDE8F883D4F89430FF
:10DAB0004FF0030984F8905043F040034846C4F8FF
:10DAC0009430BDE8F88300BF11DC0008A9DB000832
:10DAD00091DC0008F8B500294ED0B2FA82F5134661
:10DAE0006D09002A48D090F891200446012AD6B248
:10DAF0003FD190F89020012A3BD081670A46294601
:10DB0000222780F8906063F30F01C0F8945063F30C
:10DB10001F41C167D0F8840084F891701E4F2168BE
:10DB200007641E4F1C310565C7631D4FC764F6F7B8
:10DB30008BFA20BB23681A68D20303D41A6842F414
:10DB400080321A60626C082A62681CD0052161204C
:10DB5000023A012A98BF01461A6900200A43064684
:10DB60001A611A6842F400321A6084F89000304654
:10DB7000F8BD02263046F8BD01263046F8BD3046D5
:10DB800084F89050F8BD22F0020101290BBF152145
:10DB9000052171206120DBE781DC00081DDC000825
:10DBA00091DC0008704700BF08B5C369806BB3F50E
:10DBB000807F1BD003684FF0000C416C1A68082965
:10DBC000A0F87EC022F400321A60426811D06FF0D3
:10DBD000610C6FF00501023A012A98BF61461A698B
:10DBE0004FF0010C0A401A6180F891C0FFF7DAFF8C
:10DBF00008BD22F0020101290BBF6FF0710C6FF01C
:10DC0000610C6FF015016FF00501E4E7704700BF8C
:10DC1000806B08B5FFF7FAFF08BD00BF08B5C36900
:10DC2000806BB3F5807F1BD003684FF0000C416C14
:10DC30001A68082922F400321A604268A0F87EC0EF
:10DC400011D06FF0610C6FF00501023A012A98BF04
:10DC500061461A694FF0010C0A401A6180F891C0C0
:10DC6000FBF7C6FB08BD22F0020101290BBF6FF0D4
:10DC7000710C6FF0610C6FF015016FF00501E4E7B6
:10DC8000806B08B5FBF778FB08BD00BF704700BF8D
:10DC900010B5846BF6F7E2FE022823D0D4F8942066
:10DCA000216842F08002134B1348C4F894201B688B
:10DCB0000A68A0FB030322F400321B0B0A600A6807
:10DCC0009B0022F480320A606BB10A68013BD203E8
:10DCD000FAD401220023204684F89120A4F87E3053
:10DCE000FFF7D4FF10BDD4F8943043F04003C4F8DC
:10DCF0009430EEE7440200241BECCB9518B338B502
:10DD000090F82C3004460D4603F0FF02B3B12146D3
:10DD1000022384F82C3051F8040B01F0E7FE62680E
:10DD20002946206801F020FF084A012100201368DD
:10DD300043F00043136084F82C1038BD80F82D2088
:10DD4000F8F7B4FFE3E70120704700BF004000523E
:10DD500070B590F82C300446022BD8B204D000F0F5
:10DD6000FB06012E01D0012070BD02230D46206864
:10DD700084F82C3001F044FF2B68022B03D00020E4
:10DD800084F82C6070BD0523002084F82C3070BD11
:10DD900038B590F82C300446022BD8B205D094F850
:10DDA0002C30012BDDB201D0012038BD02232068C8
:10DDB00084F82C3001F038FF002084F82C5038BD56
:10DDC0002DE9F8431E46D0F88030202B71D18946CA
:10DDD000002947D0B2FA82F714467F09002A41D0C1
:10DDE00090F87C300546012B63D00123C0F8887081
:10DDF00080F87C302123C0F88030F4F7FBFDAB685D
:10DE00008046A5F85440B3F5805FA5F8564060D031
:10DE1000B5F856309BB2002B59D02C68721C24D117
:10DE2000E2691306FCD5B9F1000F3DD019F8013BAA
:10DE3000A362B5F85630013B9BB2A5F85630B5F851
:10DE400056309BB2002BE9D1711C35D1E3695A06DB
:10DE5000FCD5002320221846C5F8802085F87C30A8
:10DE6000BDE8F8830120BDE8F883E3691806DAD439
:10DE7000F4F7C0FDA0EB0800864201D3002ECCD100
:10DE80002B682021002403201A6822F4D0721A6023
:10DE90009A6822F001029A60C5F8801085F87C40EB
:10DEA000C5F88410BDE8F88337F8023BC3F30803D4
:10DEB000BEE70220BDE8F883E3695B06C9D4F4F746
:10DEC00099FDA0EB08008642DAD3002ED8D02C684A
:10DED000BAE72B69002B9BD14F46994698E700BFC4
:10DEE000F8B5D0F88070202F44D1002940D0B2FA84
:10DEF00082F67609002A3BD0044690F87C0001287F
:10DF000038D001252123606FA4F856202165C4F87C
:10DF10008860A4F8542084F87C50C4F88030D8B1CC
:10DF2000DFF854C013462268C0F83CC0DFF84CC08C
:10DF300028320665C0F840C0DFF844C0C0F84CC0C5
:10DF4000F6F782F840B11023284684F87C60C4F8C4
:10DF50008830C4F88070F8BD236800224021104644
:10DF6000196284F87C209A6842F080029A60F8BDB9
:10DF70000120F8BD0220F8BD31E0000861E0000892
:10DF8000B1E00008F8B5D0F88470202F48D10029FE
:10DF900044D0B2FA82F67609002A3FD090F87C305D
:10DFA0000446012B3CD001252223C0F888608165FE
:10DFB000A0F85C2080F87C50C0F88430806FE0B11D
:10DFC000DFF860C013460A462168C0F83CC0DFF89D
:10DFD00058C024310665C0F840C0DFF850C0C0F812
:10DFE0004CC0F6F731F840B11023284684F87C6025
:10DFF000C4F88830C4F88070F8BD2368002084F825
:10E000007C001A6842F480721A609A6842F0010239
:10E010009A609A6842F040029A60F8BD0120F8BD0B
:10E020000220F8BD6DE00008A5E00008B1E000089E
:10E0300008B5C369806BB3F5807F0CD003680022FC
:10E04000A0F856209A6822F080029A601A6842F07E
:10E0500040021A6008BDFCF7EDF808BD704700BF2C
:10E06000806B08B5FFF7FAFF08BD00BF08B5C369AC
:10E07000806BB3F5807F12D0036800222021A0F8C6
:10E080005E201A6822F480721A609A6822F00102F7
:10E090009A609A6822F040029A60C0F88410FCF7F7
:10E0A000CDF808BD806B08B5FCF712F908BD00BFBC
:10E0B000806B38B50368D0F88040D0F884109A6837
:10E0C000150601D5212C1DD09A68520601D52229AA
:10E0D00008D0D0F8883043F01003C0F88830FCF73F
:10E0E0003FF938BD00240F4A2025A0F85E4019688A
:10E0F00021F49071196099680A409A60C0F88450C0
:10E10000C466E6E700222024A0F856201A6822F010
:10E11000C0021A609A6822F400029A60C0F8804037
:10E12000D2E700BFFEFFFFEF0268D36970B51E079C
:10E1300015680446916800F084806C4805F4907C72
:10E1400008405CEA00061DD1D80202D54E0200F15B
:10E150009D80180606D501F4000105F080000143FA
:10E1600040F08C805E0602D5680600F19B801902A3
:10E1700002D56A0000F1A380DB0102D5002DC0F2B8
:10E18000AA8070BDDE0709D5EE0507D50126166207
:10E19000D4F8886046F00106C4F888609E0760D510
:10E1A000CE0709D502261662D4F8886046F0040628
:10E1B000C4F888605E0758D41E070CD505F0200C03
:10E1C0005CEA000007D008201062D4F8880040F014
:10E1D0000800C4F88800D4F888000028D1D09E0632
:10E1E00006D505F0200501F0805155EA01036BD1F9
:10E1F000D4F88850936805F0080503F040031D43E8
:10E200006ED0116820203A4B21F490711160916812
:10E210000B4000219360C4F884009368E1665D06BA
:10E220003CD59368A06F23F040039360002835D05D
:10E23000304B0365F6F728F80028A2D0A06F036DD5
:10E240000CE09E0680D505F0200C01F0805E5CEAB3
:10E250000E063FF479AFC36E002B92D0BDE870403C
:10E2600018475E07A8D5CE07A6D504261662D4F8AF
:10E27000886046F00206C4F888609DE7236F002B93
:10E280003FF47FAF2046BDE8704018474FF480133D
:10E2900020461362BDE8704001F068BB2046FCF7E1
:10E2A0005FF870BD13682020002123F04003136045
:10E2B000C4F8800020462167FBF7BCFF70BD2046F4
:10E2C000BDE8704001F056BBE36E002B90D02046B5
:10E2D000984722688CE72046BDE8704001F048BBB3
:10E2E0002046FCF73DF8C4F8885070BD01000010CE
:10E2F000FEFFFFEFF9E2000808B5806B0023A0F8ED
:10E300005E30A0F85630FCF72BF808BDD0F880201E
:10E31000D0F8840010437047F0B58268044687B097
:10E320002368D0E904101D680A43616E0243E06966
:10E3300002430A43A8492940A84D0A43E168AB4279
:10E340001A605A6822F4405242EA0102A1695A60F6
:10E3500000F09D80226A9D681143A14A666A2A40A6
:10E3600011439960DA6A22F00F023243DA629D4A61
:10E37000934224D09C4A934255D09C4A934200F049
:10E380002F829B4A934200F09B829A4A934200F06C
:10E39000E980994A934200F09D82984A934200F0A6
:10E3A000D885974A934200F0D682012500234FF08A
:10E3B000011228462367C4E91A2307B0F0BD914B28
:10E3C0005B6D03F03803282BEFD88F4AD55CB0F58E
:10E3D000004F33D0202D00F2D981202D00F2B680DD
:10E3E000DFE815F0A8017B01B400B4007201B400AD
:10E3F000B400B4004901B400B400B400B400B400E7
:10E40000B400B4001C01B400B400B400B400B40003
:10E41000B400B400B400B400B400B400B400B4005C
:10E42000B400B400CA00774B5B6D03F00703052B03
:10E43000BBD8764AB0F5004FD55CCBD1202D00F289
:10E440001482202D00F20082DFE815F08A035804C0
:10E45000FE01FE012804FE01FE01FE018604FE010C
:10E46000FE01FE01FE01FE01FE01FE01F203FE01BE
:10E47000FE01FE01FE01FE01FE01FE01FE01FE01A4
:10E48000FE01FE01FE01FE01FE01FE01B7039868D8
:10E49000534A02405B480A439A60DA6A616A22F092
:10E4A0000F020A43DA62836D03F00703052B3FF680
:10E4B0007CAF574AD65C202E00F29C81012E7FF65D
:10E4C00074AFB31E1E2B3FF670AF01A252F823F0BB
:10E4D00087EA0008ABE3000831EA0008ABE3000874
:10E4E000ABE30008ABE30008FBEA0008ABE300087D
:10E4F000ABE30008ABE30008ABE30008ABE30008C4
:10E50000ABE30008ABE300089BEA0008ABE30008BC
:10E51000ABE30008ABE30008ABE30008ABE30008A3
:10E52000ABE30008ABE30008ABE30008ABE3000893
:10E53000ABE30008ABE30008ABE30008ABE3000883
:10E54000ABE30008ABE3000811EB00080125002352
:10E55000A3F110014FF6EF7291423FF626AF226809
:10E56000D36023E7274B5B6D03F00703052B3FF6D2
:10E570001CAF284AD55C2AE7002E00F0B581012E99
:10E5800000F09E85022E00F0B185032E00F0D885A4
:10E59000042E00F0F485052E00F08486062E00F08F
:10E5A000BE86072E00F0FD86082E00F05087092E4B
:10E5B00000F07B870A2E00F0DC8743F60953164AE9
:10E5C0000B2E18BF13466268002503EB5203B3FB02
:10E5D000F2F39BB2BCE700BFF369FFCF000C005819
:10E5E000FFF4FF11001001400044004000480040CB
:10E5F000004C0040005000400014014000780040F2
:10E60000007C004000440258683F0108943F010824
:10E610009C3F0108943F010800093D00B34B1A6874
:10E62000920640F16F811A68B14BC2F3C102D34028
:10E63000002EC8D0012E00F0EF81022E00F0C5841C
:10E64000032E00F0BF84042E00F02B85052E00F071
:10E650009D86062E00F0DC86072E00F01C86082E14
:10E6600000F04E86092E00F08E860A2E00F0E3861A
:10E670000B2EA8D126E003A8F7F78AFD626A049B57
:10E68000002AA0D0012A00F0C781022A00F09D8450
:10E69000032A00F09784042A00F00385052A00F07D
:10E6A000FD84062A00F07E85072A00F0F485082AFA
:10E6B00000F02686092A00F066860A2A00F0BB864A
:10E6C0000B2A80D11B0A7EE76846F7F7A3FC626A33
:10E6D000019B002A3FF477AFD4E7F6F73BFE636A6D
:10E6E00003B3012B00F0F384022B00F0CE84032B44
:10E6F00000F0C884042B00F01785052B00F011856D
:10E70000062B00F00686072B00F04886082B00F049
:10E710009B86092B00F0E1860A2B00F03B870B2B30
:10E7200008BF000A6268002500EB5203B3FBF2F356
:10E730009BB20DE7F6F7F2FD636A03B3012B00F01D
:10E74000C984022B00F0A784032B00F0A184042BC2
:10E7500000F0E484052B00F0DE84062B00F0E68553
:10E76000072B00F03686082B00F08786092B00F077
:10E77000B1860A2B00F0FA860B2B08BF000A6268EC
:10E7800000EB5203B3FBF2F39BB2E1E6402D7FF4C2
:10E790000CAE002E00F0DC80012E00F09484022EDE
:10E7A00000F0A784032E00F0C784042E00F0EC8450
:10E7B000052E00F07A85062E00F0B485072E00F0B5
:10E7C000FE85082E00F04986092E00F08B860A2E61
:10E7D00000F029870B2E0CBF80234FF40043F2E694
:10E7E000424B5B6D03F00703052B3FF6DEAD414A5C
:10E7F000D55CECE5402E7FF4D8AD002900F0B58063
:10E80000012900F06E84022900F08284032900F0BF
:10E81000AF84042900F03B85052900F069850629AD
:10E8200000F0AD85072900F0EF85082900F0368655
:10E83000092900F05B860A2900F0F9860B290CBF34
:10E8400080254FF4004592E001250023A3F110013B
:10E850004FF6EF7291423FF6A8AD23F00F02C3F3DB
:10E86000420313432268D360A0E5402D7FF49DADA1
:10E87000002E00F0D380012E00F0D280022E00F096
:10E880006D84032E00F0F484042E00F02585052EFF
:10E8900000F06885062E00F0C285072E00F0108675
:10E8A000082E00F04886092E00F059860A2E00F046
:10E8B000EC860B2E0CBF4FF480704FF48030AFE02D
:10E8C0000A4B5B6D03F00703052B3FF66EAD0A4A5A
:10E8D000D55C7CE5054B5B6D03F03803282B3FF6D8
:10E8E00064AD064AD55C72E5054B6CE600440258FF
:10E8F0000090D003943F0108943F0108683F01084D
:10E9000000093D00002E00F0BA83012E00F0FD83C7
:10E91000022E00F02A84032E00F0B684042E00F0AC
:10E92000E484052E00F02885062E00F08785072E4A
:10E93000DAD0082E00F0C483092E00F0D7830A2E07
:10E9400000F01D84B44BB54A0B2E18BF13463AE6AF
:10E950004FF4004337E6B24B5B6D03F00703052B22
:10E960003FF623ADAF4AD55C31E54FF4004567680B
:10E9700007EB4703AB423FF618ADB5EB073F3FF659
:10E9800014AD202E00F2F082012E7FF60EAD023E75
:10E990001E2E3FF60AAD01A353F826F0D9EE00086B
:10E9A000ABE30008AFEE0008ABE30008ABE3000800
:10E9B000ABE300084DEE0008ABE30008ABE3000852
:10E9C000ABE30008ABE30008ABE30008ABE30008EF
:10E9D000ABE30008E1ED0008ABE30008ABE300089F
:10E9E000ABE30008ABE30008ABE30008ABE30008CF
:10E9F000ABE30008ABE30008ABE30008ABE30008BF
:10EA0000ABE30008ABE30008ABE30008ABE30008AE
:10EA1000ABE3000869ED00085B08D4E54FF48030F3
:10EA20006268002500EB5203B3FBF2F39BB20DE7E3
:10EA30006846F7F7EFFA636A019D03B3012B00F014
:10EA4000CF82022B00F0C782032B00F0C182042B7F
:10EA500000F02F83052B00F02983062B00F098830C
:10EA6000072B00F02684082B00F04D84092B00F0C2
:10EA70009B840A2B00F0FB840B2B00F06582002D99
:10EA80003FF494AC73E7F7F7B3FA636A0546002BDB
:10EA9000D4D1002D3FF48AAC69E7614B1A68950622
:10EAA00040F1A5821B685D4DC3F3C103DD40002921
:10EAB0003FF45DAF012900F04D83022900F0468349
:10EAC000032900F04083042900F04584052900F063
:10EAD0008384062900F0D484072900F020850829C2
:10EAE00000F04F85092900F0F9850A2900F0FD851D
:10EAF0000B297FF43CAF2D0A39E703A8F7F748FB51
:10EB0000636A049D002B99D1002D3FF44FAC2EE792
:10EB1000002900F06A82012900F0DF82022900F05A
:10EB2000F282032900F02883042900F0AA83052932
:10EB300000F0D883062900F02E84072900F06184B4
:10EB4000082900F0AF84092900F0EF840A2900F0B9
:10EB5000148543F60955344B0B2918BF1D4606E7AB
:10EB6000F6F7DCFB636A03B3012B00F0CA82022BC9
:10EB700000F0F782032B00F07F83042B00F0B083BA
:10EB8000052B00F0EB83062B00F05084072B00F0E0
:10EB90009E84082B00F0B984092B00F0E4840A2B32
:10EBA00000F070850B2B08BF000A61684A0802EB71
:10EBB0004003B3FBF1F39BB248E6002E00F03A822B
:10EBC000012E00F09A82022E00F0C682032E00F081
:10EBD0004D83042E00F07E83052E00F0BA83062EAE
:10EBE00000F02184072E00F06F84082E00F082844C
:10EBF000092E00F0CC840A2E00F06C8547F6122313
:10EC00000A4A0B2E18BF13466268002503EB520315
:10EC1000B3FBF2F39BB219E690D003000090D0034F
:10EC200000440258943F010800093D0000127A0098
:10EC3000A44B1A68910640F1FF811A68A24BC2F3F7
:10EC4000C10223FA02F206B3012E00F0B182022EB5
:10EC500000F03783032E00F06F83042E00F0C6838C
:10EC6000052E00F00084062E00F06F84072E00F0C1
:10EC70007184082E00F00385092E00F03C850A2ED1
:10EC800000F036850B2E08BF120A616800254B087C
:10EC900003EB4203B3FBF1F39BB2D7E56846F7F70A
:10ECA000B9F9626A019902B3012A00F00782022AC7
:10ECB00000F01A82032A00F03A82042A00F06282ED
:10ECC000052A00F0EB82062A00F01683072A00F0DE
:10ECD0007483082A00F0A183092A00F001840A2A1B
:10ECE00000F05B840B2A08BF090A626800255308FC
:10ECF00003EB4103B3FBF2F39BB2A7E5F6F72AFB64
:10ED0000636A03B3012B00F0FA81022B00F02B821F
:10ED1000032B00F08382042B00F0DA82052B00F035
:10ED20002583062B00F06983072B00F0C283082B94
:10ED300000F0EE83092B00F07E840A2B00F08D8416
:10ED40000B2B08BF000A616800254A0802EB40034C
:10ED5000B3FBF1F39BB279E503A8F7F719FA626AFE
:10ED60000499002AC1D09FE7616A002900F054820B
:10ED7000012900F01F83022900F08B83032900F092
:10ED8000BF83042900F00084052900F0AA84062925
:10ED900000F08E84072900F08784082900F0E584BC
:10EDA000092900F0DE840A2900F0A8844748484B6E
:10EDB0000B2918BF184600217B083A4618184FF057
:10EDC000000341F10001F1F79FFCA0F54073414AB7
:10EDD00093423FF6EAAA23680025D860FFF7E6BA17
:10EDE000384A116811F0200100F0E7811368002112
:10EDF0003548C3F3C103D840636A0BB3012B00F05D
:10EE00004B83022B00F07F83032B00F00584042B3F
:10EE100000F05D84052B00F02C84062B00F0A98403
:10EE2000072B00F0B484082B00F0AD84092B00F010
:10EE300094840A2B00F08D840B2B01D1000A002151
:10EE40000902030241EA10617808B6E703A8F7F760
:10EE50009FF90498636A002102460BB3012B00F06E
:10EE60003582022B00F08682032B00F0C182042B36
:10EE700000F02183052B00F04D83062B00F09083DA
:10EE8000072B00F02184082B00F00B84092B00F0E5
:10EE900004840A2B00F052840B2B01D1100A0021AC
:10EEA00062680902030241EA1061500886E7684679
:10EEB000F7F7B0F80198636A00210246002BEFD003
:10EEC000CCE700BF004402580090D00300093D0089
:10EED0000000093DFFFC0F00F7F78AF8626A002185
:10EEE00003460AB3012A00F06E82022A00F0B982BA
:10EEF000032A00F02483042A00F09383052A00F0FB
:10EF0000A683062A00F0DA83072A00F0D583082AB0
:10EF100000F01C84092A00F015840A2A00F02F84CE
:10EF20000B2A01D1030A002162680902180241EA92
:10EF300013615308C0184FF0000341F10001F1F7CD
:10EF4000E3FBA0F5407342E72D0A002D3FF42EAA03
:10EF50000DE5B54B5B6D03F00703052B3FF625AAC6
:10EF6000B24AD55CFFF733BA402E7FF41EAA616A1D
:10EF7000002900F04E81012900F02782022900F0CB
:10EF80008482032900F0CE82042900F057830529EA
:10EF900000F05983062900F06883072900F0608398
:10EFA000082900F0B783092900F0AF830A2900F08F
:10EFB000C0830B294FF000010CBF4FF400404FF409
:10EFC0000000F9E69A4AA2FB03239B08FFF7FBBA6D
:10EFD000974BA3FB0535AD08002D3FF4E7A9C6E428
:10EFE0006D08002D3FF4E2A9C1E4924DBFE4002971
:10EFF0005AD0012900F0AC80022900F0DB800329FF
:10F0000000F06181042900F0A181052900F0EB8165
:10F01000062900F016820729E7D008295DD00929C2
:10F0200071D00A2900F02D81834D844B0B2918BF24
:10F030001D469CE4824BE7E5002E50D0012E00F0E7
:10F04000AF80022E00F03B81032E00F07A81042E67
:10F0500000F0C781052E00F0FD81062E00F04D82E4
:10F06000072EE7D0082E48D0092E75D00A2E00F0C2
:10F070003181744B744A0B2E18BF1346C4E56F4B95
:10F08000FFF7A1BA6A4BA3FB00308008FFF74ABB29
:10F09000674BA3FB00308008FFF771BB6B4AA2FBF4
:10F0A0000323DB08FFF78FBA644D60E4674BA3FBD3
:10F0B0000535ED08002D3FF479A958E4490814E618
:10F0C000634BFFF780BA4FF48043FFF77CBA4008E8
:10F0D000FFF728BB4008FFF752BB5D4D47E45A4B92
:10F0E00092E54FF4804542E48908FEE5594BFFF76D
:10F0F0006ABA4FF40053FFF766BA4E4B84E54008F6
:10F1000021E6400851E5534D31E4534BFFF75BBA1C
:10F110004FF400552BE44D4BA3FB0030C008FFF724
:10F120002EBB4A4BA3FB0030C008FFF7FBBA404B95
:10F13000A3FB01239908D8E541F25553FFF743BAE1
:10F14000464BFFF740BA3A4BA3FB0535AD080EE43A
:10F15000414D0CE46D080AE43D4B55E54FF4804009
:10F160005EE4800821E58008EDE53D4BFFF72BBA12
:10F1700041F25555FFF7FBBB384DFFF7F8BB314B5C
:10F18000FFF721BAC908B0E54FF48053FFF71BBA67
:10F190000C23B5FBF3F5002D3FF408A9FFF7E7BBFF
:10F1A000264B31E5224AA2FB0323DB08FFF70BBA0B
:10F1B00052086AE52A4DFFF7DABB626A002A00F0BE
:10F1C000C280012A00F07981022A00F0B281032A6C
:10F1D00000F0C381042A00F05E82052A00F0598203
:10F1E000062A00F09E82072A00F09982082A00F081
:10F1F0009D82092A00F097820A2A00F083820B2A56
:10F20000184A0E4B0EBF00210321134678083A46D8
:10F2100090E64FF40000CFE51348CDE5044BA3FB87
:10F22000002398088FE500BF00440258943F01086E
:10F23000ABAAAAAA00093D0090D003000090D00319
:10F2400000127A0020A107000020A107CDCCCCCC71
:10F2500080841E0040420F000048E8012A2C0A006A
:10F260000024F400000090D00000093DCF4BCBE417
:10F2700042F6AA20FFF7D4BBCD4BA3FB002398088E
:10F2800093E4CC4DFFF773BBCB4BFFF79CB94FF426
:10F290008055FFF76CBB1B09FFF795B90A23B1FB3B
:10F2A000F3F122E5C54BFFF78EB940F6CC43FFF7EB
:10F2B0008AB92D09002D3FF479A8FFF758BBC04B40
:10F2C000A2E49208E1E4BC4DFFF751BB4008E7E53A
:10F2D000C00838E5BB4B97E44FF40050FFF7A0BBE4
:10F2E000C00862E4B54DFFF742BBB74BFFF76BB9FF
:10F2F00040F6CC45FFF73BBB0C23B1FBF3F1F4E444
:10F300005B09FFF760B96D09002D3FF44FA8FFF7C7
:10F310002EBBA74BA3FB0030C008FFF703BAAB4BD3
:10F32000FFF751B940F6AA23FFF74DB9A04BA3FB55
:10F330000030C008FFF723BA9D4BA3FB02239A08B5
:10F34000A3E4A34B60E4A34B03215FE79E4DFFF7CB
:10F350000EBBA14B58E4ED08FFF709BB0A23B0FB35
:10F36000F3F022E441F69810FFF75ABB0A23B0FBF2
:10F37000F3F0E8E4800893E5984BFFF724B940F6F2
:10F38000AA25FFF7F4BA9B09FFF71DB90A22B3FBC0
:10F39000F2F3FFF718B98D4DFFF7E9BA0009FFF74F
:10F3A000C1B98F4BFFF70FB9AD09002D3EF4FEAF89
:10F3B000FFF7DDBA8B480021FEE4090995E44FF41C
:10F3C0000063FFF700B94308AEE54FF48000002169
:10F3D000F2E40009FFF7D3B90A23B5FBF3F5FFF711
:10F3E000C6BA814B10E47D4DFFF7C1BAD2084CE498
:10F3F00006220023F1F788F952E50C23B0FBF3F065
:10F40000A1E4774DFFF7B3BA4FF40065FFF7AFBA49
:10F410000C22B3FBF2F3FFF7D6B8490965E441F2D9
:10F420005450FFF7FDBA714BFFF7EEBB0C23B0FB56
:10F43000F3F0FFF7BABBDB09FFF7C5B86C4BFFF77A
:10F44000C2B86B4DFFF793BA4009FFF76BB9694B30
:10F45000FFF7B9B8684BFFF7D7BB4FF48063FFF7EE
:10F46000B2B8830860E50A23B2FBF3F20DE4ED09BC
:10F47000002D3EF49BAFFFF77ABA4009FFF77FB942
:10F480000C23B5FBF3F5FFF772BA4FF4001000211F
:10F4900092E45A4800218FE44008D1E44FF480659B
:10F4A000FFF765BA534DFFF762BA4FF22443FFF7F7
:10F4B0008AB8000947E4C008F2E4514B1146A5E6BA
:10F4C0004FF48050FFF7ACBA3A4BFFF79DBB0009F1
:10F4D000FFF76BBB8009FFF752B98009FFF722B92C
:10F4E000890902E44FF40073FFF76DB84FF400751B
:10F4F000FFF73DBA3A4BFFF787BB2F4BFFF784BBB3
:10F500004048002158E480089AE44009FFF74DBBC9
:10F51000400918E40A220023F1F7F6F8C0E42D09A7
:10F52000FFF725BA3848002146E44FF22445FFF79B
:10F530001EBA364B6AE64FF40060FFF771BA00233B
:10F540000622F1F7E1F80346EEE40C23B2FBF3F2F6
:10F55000FFF79BBB1209FFF798BB2D4B56E64FF404
:10F560008060FFF75DBA8009FFF71FBBC009FFF796
:10F5700006B947F61223FFF726B847F61225FFF71C
:10F58000F6B96D09FFF7F3B92248002114E4194BCD
:10F59000FFF73ABBC009FFF7C5B8C909FFF7A5BB1C
:10F5A0000C220023F1F7B0F87AE400BF545814009D
:10F5B000ABAAAAAA20A10700AAC2A200801A06002C
:10F5C0000048E80140420F0000127A0015160500BD
:10F5D00054854501000090D000350C0000A8610062
:10F5E00090D003000080841E0024F4002A2C0A001E
:10F5F0005561510048E801000050C3000040420F2F
:10F60000000048E8002A2C0A00551500000024F4E8
:10F6100000AAC2A20020A10706220023F1F774F875
:10F620000EE4C30880E44FF48073FEF7CCBF4FF4C0
:10F630008075FFF79CB98009FFF785BB4FF48010F8
:10F640000021FFF7B9BB53480021FFF7B5BB0023EA
:10F650000A22F1F759F8034666E4C009FFF773BBC5
:10F660004FF400200021FFF7A7BB4B480021FFF714
:10F67000A3BB0A220023F1F747F8FFF7E1BB5209C9
:10F68000FFF703BBC009FFF790BA4FF40070FFF714
:10F69000C7B9424BBAE5424BB8E590090021FFF7E4
:10F6A000FFBB4009FFF7FCBB3E480021FFF784BBCE
:10F6B0003D480021FFF780BB030935E400230C22FD
:10F6C000F1F722F803462FE40009FFF7E9BBC00871
:10F6D000FFF7B6BB4FF22443FFF796BAAD09FFF729
:10F6E00046B932480021FFF767BBED09FFF73FB984
:10F6F000D209FFF7CABA9209FFF7C7BA2C4800210E
:10F70000FFF75ABB2B4B002180E54FF4003000215E
:10F71000FFF752BB4FF480200021FFF74DBB264B73
:10F7200074E5264B72E5264B00216FE5254B002141
:10F730006CE54FF480300021FFF73EBBD00900217B
:10F74000FFF7AEBB83090021FFF7EEBB4309FFF7CC
:10F75000EBBBC0090021FFF773BB80090021FFF755
:10F760006FBB19480021FFF727BB18480021FFF79E
:10F7700023BB0C220023F0F7C7FFFFF761BBC309CF
:10F780000021FFF7D1BB40090021FFF759BB000959
:10F79000FFF756BB00CC0C0000AA0A000000A861CD
:10F7A0000000127A0090D0030015160500801A069A
:10F7B00000127A000020A1070000093D00556151A8
:10F7C0000040420F0080841E0024F4000048E8013D
:10F7D000836ADA0710B406D50168C46A4A6822F45D
:10F7E000003222434A609C0706D50168046B4A68D0
:10F7F00022F4803222434A60590706D50168446BDF
:10F800004A6822F4802222434A601A0706D501681A
:10F81000846B4A6822F4004222434A60DC0606D523
:10F820000168C46B8A6822F4805222438A60990678
:10F8300006D50168046C8A6822F4005222438A606B
:10F840005A060AD50168446C4A68B4F5801F22F450
:10F85000801242EA04024A600BD01B0606D50268F9
:10F86000C16C536823F400230B4353605DF8044BD1
:10F8700070474A68846C22F4C00222434A60ECE775
:10F88000002370B50446C0F88830F3F7B3F8054696
:10F8900023681A6811070CD41A68520725D420224D
:10F8A0000023C4F880201846C4F8842084F87C30F3
:10F8B00070BDDE6916F40016EED1F3F79BF8431B1A
:10F8C000B3F1007F2368F4D31A682021032022F4C7
:10F8D000D0721A609A6822F001029A60C4F880100F
:10F8E00084F87C60C4F8841070BDDE6916F480066C
:10F8F000D5D1F3F77FF8431BB3F1007F2368F4D32E
:10F90000E2E700BF80B3D0F8803010B5044633B3CF
:10F91000226824232046C4F88030136823F00103B2
:10F920001360FEF7F9FC012817D0A36A8BB923688E
:10F9300020465A6822F490425A609A6822F02A02BD
:10F940009A601A6842F00102BDE810401A60FFF7A1
:10F9500097BF2046FFF73CFFE9E7012010BD80F884
:10F960007C30FAF7BBF9D3E701207047704700BF3E
:10F97000704700BF704700BF90F87C20012A17D065
:10F98000026803462420002130B4C3F880002025FB
:10F990001068146820F0005024F0010414605966C7
:10F9A00010600846C3F8805083F87C1030BC704764
:10F9B0000220704790F87C20012A43D00268034659
:10F9C000242030B4C3F8800084B014681068EC467A
:10F9D00004AD20F001001060906820F06040014309
:10F9E0001948916003C88CE80300184903C905E968
:10F9F0000300596E19B391689068C1F3426C05EB2E
:10FA00005071AC4411F8100C11F8081CC0001CF81F
:10FA1000085CB0FBF1F01CF8101CC900B1FBF5F15B
:10FA2000A3F868100021A3F86A0020250846146096
:10FA3000C3F8805083F87C1004B030BC70470121BB
:10FA40000846EDE702207047203D0108A43F010869
:10FA500090F87C20012A43D002680346242030B469
:10FA6000C3F8800084B014681068EC4604AD20F040
:10FA700001001060906820F06060014319489160B7
:10FA800003C88CE80300184903C905E90300596E4F
:10FA900019B391689068C1F3426C05EB5071AC44A6
:10FAA00011F8100C11F8081CC0001CF8085CB0FB21
:10FAB000F1F01CF8101CC900B1FBF5F1A3F86810B7
:10FAC0000021A3F86A00202508461460C3F880507E
:10FAD00083F87C1004B030BC704701210846EDE784
:10FAE00002207047203D0108A43F01080B6810B4B4
:10FAF000D3B90468A3F500434A6823401343D1E90E
:10FB0000024223431343D1E9044223431343D1E97F
:10FB1000064223431343D1E9084223435DF8044BD3
:10FB200013430360002070470268D1E9074322F4C1
:10FB3000F84222434C6A1A430A4B2243026042684D
:10FB40001340D1E9014223431343D1E90342234344
:10FB50001343D1E9054223435DF8044B134343604B
:10FB6000002070470080FFFF30B40ABB8368D1E9F2
:10FB7000002403F07043013C013A43EA04131343A9
:10FB8000D1E90224013A013C43EA022343EA043268
:10FB9000D1E904348969013B013C013942EA03435C
:10FBA00043EA045343EA016330BC8360002070479A
:10FBB0008268CC68114B013C13404A6943EA043324
:10FBC000541E43EA0454D1E900258460C3686C1EC6
:10FBD000013A03F0704343EA04130C691A438B683B
:10FBE000013C8969013B013942EA032343EA0443AA
:10FBF00043EA016330BCC36000207047FF0F0FFF72
:10FC00000246D1E9003010B403431469D1E902106F
:10FC100023435DF8044B013943EA4023002043EAC3
:10FC200041131361704700BF0246054B002010B41A
:10FC3000546923405DF8044B43EA41015161704728
:10FC400001C0FFFF022A82B0844613D0092301932A
:10FC5000DCF80C30002023F47053CCF80C30019BFE
:10FC6000DCF80C209B0203F470531343CCF80C30E7
:10FC700002B07047224B234A0B44934207D9224BD0
:10FC8000224A0B44934205D80E230193E0E70F2349
:10FC90000193DDE71E4B1F4A0B44934207D91E4BCD
:10FCA0001E4A0B44934205D20C230193D0E70D2347
:10FCB0000193CDE71A4B1B4A0B44934202D80B2306
:10FCC0000193C5E7184B194A0B44934202D20A2309
:10FCD0000193BDE7164B174A0B449342B6D3164B1C
:10FCE000164A0B44934202D208230193B0E7144B07
:10FCF000144A0B44934234BF072306230193A7E71A
:10FD0000405327FFFF340C00401E1BFF3F420F00F3
:10FD100000DC0BFF7F4F1200808CF9FE20D6130011
:10FD200060B6E5FE5FE3160000D3CEFE40771B0011
:10FD3000C05BB3FEC091210000CA91FE207538005F
:10FD4000E05459FEE09C4100890182B000230A4A38
:10FD500041F020010193016103E0036913F02003E6
:10FD600007D0019B013393420193F6D9032002B0DF
:10FD70007047184602B07047400D0300D0F80838AD
:10FD800082B003F006030193019838B1019802286C
:10FD900004D0019B062B0CBF02200F2002B070473D
:10FDA00030B44B780A78012B20D002F00F0C4FF4BE
:10FDB0008033D0F81C4800EB421203FA0CF32343C3
:10FDC000C0F81C38D2F8003B1B040CD48B68D2F866
:10FDD000004BC3F30A03C8781449234343EA804322
:10FDE0001943C2F8001B002030BC704700F50064C6
:10FDF00002F00F0500EB4210AB40E5692B43E361D5
:10FE0000D0F800391C04EED48B68D0F80059C3F345
:10FE10000A03CC7805492B4343EA844343EA8252E0
:10FE2000114330BCC0F8001900207047008000105A
:10FE30002DE9F0414B7891F800C0012B51D000EB37
:10FE40004C1C844CDCF8105B0CF530632C401C61BE
:10FE5000814C1D692C401C614C6984B38D68012A5A
:10FE60007E4E2C4404F1FF34B4FBF5F406EAC44E94
:10FE7000A4B205FB04F41D694EEA0505C4F312049F
:10FE80001D611D6944EA05041C6125D0CB78012B56
:10FE90000CD1D0F8083813F4807FDCF8003B0CBF9D
:10FEA00043F0005343F08053CCF8003BDCF8003BB8
:10FEB00043F00443CCF8003B0020BDE8F0818C689F
:10FEC000012A1D69C4F3120444EA05041C611C697B
:10FED00044F400241C61D9D1CA68002AD6D05A61E2
:10FEE000D4E74D69002D3DD000EB4C14594ED1F8AC
:10FEF00008E0D4F81089584F08EA0606C4F81069DB
:10FF000005EB0E06013EB6FBFEFED4F81069374045
:10FF1000524EC4F8107906EACE46D4F810793E4322
:10FF2000C4F81069C5F31206D4F810793E43C4F83A
:10FF3000106904F5106691F803E0BEF1010F57D087
:10FF4000012A72D0D4F800290CF00F0C42F00442C0
:10FF500003FA0CF3C4F80029D0F834281343C0F88E
:10FF60003438A9E700EB4C133B4E3A4C012AD3F846
:10FF7000107906EA0706C3F81069D3F8106946F449
:10FF80000026C3F81069D3F8106904EA060403F5E3
:10FF90001066C3F8104991F803E03AD0D3F800494D
:10FFA000BEF1010F44F00444C3F8004984D1D0F8F5
:10FFB000083813F4807F33680CBF43F0005343F0DC
:10FFC00080533360002A7FF477AFADB20335AD08BC
:10FFD0003FF472AFCB6800EB0C3C03EB85010CF5F2
:10FFE000805C53F8042B8B42CCF80020F9D163E7F6
:10FFF0003369012A23F0C0433361336943F000536E
:020000040801F1
:10000000336117D0D4F8003943F00443C4F8003901
:10001000CDE70B6963B9BEF1010F0ED03368002044
:1000200043F004433360BDE8F0810B69002BF5D049
:100030007361F0E70B69002BFAD1D0F8083813F49C
:10004000807F33680CBF43F0005343F0805333602C
:10005000E4E700BF0000F8FFFFFF07E00000F81F23
:10006000F0B54C780B78012C26D000EB4310574CA0
:10007000D0F8105B00F530632C401C61544C1D69B6
:100080002C401C614C69A4B98C681D69C4F312042E
:10009000012A45F400251D611D6944EA05041C611F
:1000A00049D0D0F8003B43F00443C0F8003B0020A7
:1000B000F0BD8C684C61E8E74C69002C40D000EB47
:1000C0004315424FD1F808E0D5F810C9404E7445A9
:1000D0000CEA070705F5106CC5F81079D5F810790A
:1000E00006EA0706C5F8106958D9DCF81040012A5D
:1000F000C1F814E044F40024CCF81040CEF312040C
:10010000DCF8106044EA0604CCF810403AD0D5F888
:10011000002942F00442C5F80029BEF1000FC6D004
:1001200003F00F010123D0F834288B401343C0F8AB
:1001300034380020F0BDCA68002AB2D05A61B0E756
:1001400000EB4310224B012AD0F8104900F5106C47
:1001500003EA0403CCF81030DCF8103043F4002339
:10016000CCF81030194BDCF8104003EA0403CCF84B
:10017000103007D0D0F8003943F00443C0F80039FC
:100180000020F0BD0B690BB1CCF81430DCF8003066
:10019000002043F00443CCF80030F0BDDCF81060E0
:1001A000C4F31204012A46F40026CCF81060DCF8EF
:1001B000106044EA0604CCF81040E3D0D5F80029DA
:1001C00042F00442C5F80029AAE700BF0000F8FF8A
:1001D000FFFF07E010B49DF8044064B903339B08A7
:1001E00009D0013201EB830300EB023051F8042BFC
:1001F0008B420260FAD100205DF8044B704700BFCB
:10020000033292080AD000F5805C01EB8200DCF832
:10021000003041F8043B8842F9D1704708467047E6
:100220004A780B78012A00EB43100CD0D0F8002B51
:100230000BB1002A14DAD0F8003B43F40013C0F8E5
:10024000003B00207047D0F80029002A00DB73B97A
:10025000D0F8003943F40013C0F80039002070478B
:10026000D0F8003B23F08043C0F8003BE3E7D0F830
:10027000003923F08043C0F80039D0F8003943F446
:100280000013C0F80039E9E74A780B78012A00EB3F
:10029000431013D0D0F8003B23F40013C0F8003B08
:1002A000CB78023B012B01D900207047D0F8003BEE
:1002B00043F08053C0F8003B00207047D0F800396D
:1002C00023F40013C0F80039CB78023B012BEBD8A4
:1002D000D0F8003943F08053C0F80039002070474F
:1002E000034609010020D3F8002801F4FE6122F43E
:1002F000FE62C3F80028D3F800281143C3F80018A1
:10030000704700BF82B0436901938269019B13402B
:100310000193019802B0704782B0D0F81838019369
:10032000D0F81C28019B134001930198000C02B0E7
:10033000704700BF82B0D0F818380193D0F81C285D
:10034000019B13400193019880B202B0704700BF37
:1003500000EB411182B0D1F8083B0193D0F814288A
:10036000019B13400193019802B0704784B0D0F80C
:10037000103801F00F0C00EB41110293D0F8343823
:100380000393039B029A23FA0CF3DB01DBB21343C2
:100390000293D1F80839029A13400193019804B0EE
:1003A000704700BF406900F001007047D0F80019A5
:1003B00000F500630A4A0A40C0F800299A6802F072
:1003C0000602042A05D1D0F8002942F00302C0F841
:1003D00000295A68002042F480725A60704700BFBA
:1003E00000F8FFFF144B10B4046C9C421AD800F5BF
:1003F0003060002301290361036943F40023036192
:10040000036943F018030361036943F0C0430361C8
:1004100004D14261036843F08023036000205DF84B
:10042000044B7047D0F8003B00F53060002BE0DA59
:1004300000205DF8044B70470A30544FD0F8002478
:1004400001F00303012900F5806C22F00302C0F8DB
:100450000024D0F8002443EA0203C0F8003409D095
:10046000022901D00020704741F270730020CCF8BF
:10047000043070474BF680330020CCF804307047CE
:10048000D0F8140480B2704700EB4111002382B011
:1004900001F5A0620193D1F8003513F4802FD1F853
:1004A000003543F08043C1F8003522D1C36A13F40C
:1004B0007F0FD1F8003523D123F00043C1F8003578
:1004C000D1F8003543F00043C1F80035D1F80035CC
:1004D00023F40043C1F8003502E01368002B13DA5F
:1004E000019B0133B3F57A7F0193F6D9002002B066
:1004F0007047D0F8103413F47F0FD1F8003506D0D0
:1005000043F00043C1F80035002002B0704723F0EB
:100510000043C1F80035D1F8003543F00043C1F87D
:100520000035D1F8003523F40043C1F8003502E06E
:100530001368002BE8DA019B0133B3F57A7F01934E
:10054000F6D9002002B0704730B4002484B04FF4D4
:100550008465AA4A00940146836823F001038360FE
:100560000394056102E00B69980604D5039B0133EF
:1005700093420393F7D900201023A04A02900B6105
:1005800002E00B69DB0604D5029B01339342029320
:10059000F7D9D1F8003501F5A06201F5E0600193CB
:1005A000019B43F080430193019B23F0004301939F
:1005B000019B23F400430193019BC1F80035D1F85E
:1005C00020350193019B43F080430193019B23F06D
:1005D00000430193019B23F400430193019BC1F865
:1005E0002035D1F840350193019B43F080430193BE
:1005F000019B23F000430193019B23F400430193EB
:10060000019BC1F84035D1F860350193019B43F05F
:1006100080430193019B23F000430193019B23F44A
:1006200000430193019BC1F86035D1F880350193F7
:10063000019B43F080430193019B23F0004301930E
:10064000019B23F400430193019BC1F88035D1F84D
:10065000A0350193019B43F080430193019B23F05C
:1006600000430193019B23F400430193019BC1F8D4
:10067000A035D1F8C0350193019B43F0804301932D
:10068000019B23F000430193019B23F4004301935A
:10069000019BC1F8C035D1F8E0350193019B43F0CF
:1006A00080430193019B23F000430193019B23F4BA
:1006B00000430193019BC1F8E035D1F80036019366
:1006C000019B43F080430193019B23F0004301937E
:1006D000019B23F400430193019BC1F80036D1F83C
:1006E00020360193019B43F080430193019B23F04B
:1006F00000430193019B23F400430193019BC1F844
:100700002036D1F840360193019B43F0804301939A
:10071000019B23F000430193019B23F400430193C9
:10072000019BC1F84036D1F860360193019B43F03C
:1007300080430193019B23F000430193019B23F429
:1007400000430193019BC1F86036D1F880360193D4
:10075000019B43F080430193019B23F000430193ED
:10076000019B23F400430193019BC1F88036D1F82B
:10077000A0360193019B43F080430193019B23F03A
:1007800000430193019B23F400430193019BC1F8B3
:10079000A036D1F8C0360193019B43F0804301930A
:1007A000019B23F000430193019B23F40043019339
:1007B000019BC1F8C036D1F8E0360193019B43F0AC
:1007C00080430193019B23F000430193019B23F499
:1007D00000430193019BC1F8E03613680193019B2C
:1007E00043F080430193019B43F000430193019B3D
:1007F00023F400430193019B136004E0400D0300C8
:100800001368002B05DA009B0133B3F57A7F009360
:10081000F6D920328242E0D14FF0FF330020C1F8F8
:1008200014344B618B6843F001038B6004B030BC1F
:10083000704700BF08B5D0F88C321BB11B689847D1
:1008400000B908BD022008BD08B5D0F88C325B683D
:100850009847002008BD00BF38B500F52075044654
:10086000284600F07DFB0122B4F8863294F880120D
:10087000C4E99B2301F01F03934209D0022B13D03C
:1008800063B101F080012046FAF796FA002038BDE6
:100890002946204600F092FA002038BD294620461D
:1008A00000F00AF9002038BD2946204600F0BAFAC7
:1008B000002038BD38B5054669B91346D0F86C221A
:1008C000032A15D0052A0C460ED1C5F86C12FAF78A
:1008D00073FA204638BDD0F88C329B6933B190F85A
:1008E0007422032A02D19847002038BD022038BD67
:1008F000D0E9531291420CD9891A8A42C0F84C119E
:1009000088BF8AB2194698BF92B200F055FB00200A
:1009100038BDD0F88C321B691BB190F87422032AC1
:1009200004D0284600F052FB002038BD9847F8E775
:1009300070B5044661B9D0F86C32022B15D033F093
:10094000040337D094F87832012B2ED0002070BDEC
:10095000D0F88C325B6933B190F87422032A02D14B
:100960009847002070BD022070BDD0E908630D4695
:100970009E4223D8C669B6FBF3F203FB12620AB9A2
:10098000B34228D9D4F88C32DB681BB194F87422B6
:10099000032A30D080212046FAF70EFA204600F0D4
:1009A00021FB94F87832012BD0D10023184684F82B
:1009B000783270BD8021FAF7FFF9C3E7F31A1146C8
:1009C00003629AB200F0EEFA2B462A4629462046E8
:1009D000FAF73EFAB6E7D0F870329E42D2D20A4613
:1009E00000F0E0FA2B462A4629462046C4F8705209
:1009F000FAF72EFAA6E720469847CBE770B5002213
:100A000040260446012511463346FAF7C3F933461A
:100A1000802100222046C4F84451C4F85061FAF7FE
:100A2000B9F90021D4F89032A561666284F8745255
:100A3000C4F86C126160C4F87C1223B1D4F88C3213
:100A400020465B689847002070BD00BF0346002029
:100A50001974704703460421002093F8742283F828
:100A6000741283F8752270470346002093F87522AC
:100A700083F87422704700BF90F87422032A01D0D3
:100A80000020704708B5D0F88C32DB6903B1984775
:100A9000002008BD002070470020704700207047EC
:100AA000D0F88C22012108B580F8741201795368BE
:100AB0009847002008BD00BF30B50B7883B00D46C5
:100AC000044603F06003202B0DD0402B0BD09BB1CC
:100AD00080212046FAF770F900212046FAF76CF9D8
:100AE000002003B030BDD4F88C32294620469B68E4
:100AF0009847002003B030BD4B78092BE8D801A2FD
:100B000052F823F05F0B01088B0B0108D10A010892
:100B1000A90B0108D10A0108B10B0108E90B010872
:100B2000D10A0108190C01082D0B01088978A24D82
:100B300001292970CCD890F87432022B00F0128170
:100B4000032B00F000818021FAF736F900212046BE
:100B5000FAF732F929782046FFF776FEC0E790F8D9
:100B60007432013B022BB3D8CB88022BB0D10122C7
:100B7000D0F87C32C2600BB10323C360022204F1BF
:100B80000C01204600F000FAAAE790F87432013B0D
:100B9000022B9DD84B88012BA2D100232046C4F8FC
:100BA0007C3200F013FA9BE74B88012B98D1F5E7D4
:100BB0008B88002B8CD1CB88002B89D14D887F2D41
:100BC00086D890F87432032B82D0E9B280F876127E
:100BD000FAF722F9204600F0F9F9002D00F0E08044
:100BE000022384F874327BE74A88130A013B062B00
:100BF0003FF66EAF01A151F823F000BFAD0C010824
:100C0000950C0108830C0108D10A0108D10A0108DA
:100C10006D0C01083F0C0108CA88012A7FF458AF07
:100C200090F87432022B00F28780002B3FF450AF13
:100C30000146002341F8083F00F0A6F950E7037C85
:100C4000002B7FF445AFD0F88C320DF106001B6B02
:100C5000984707234370BDF80620002A67D0EB8829
:100C6000002B5BD1204600F0B1F939E7037C002B63
:100C70007FF42EAFD0F88C320DF106005B6B9847F5
:100C8000E9E7D1B2052900F28F80DFE801F0271FE4
:100C900017372F3F037C002B72D1D0F88C320DF127
:100CA00006009B6A984702234370D4E7D0F8883245
:100CB0000DF10601007C1B689847CCE7D0F888321C
:100CC0000DF10601007CDB689847C4E7D0F8883254
:100CD0000DF10601007C9B689847BCE7D0F888328C
:100CE0000DF10601007C5B689847B4E7D0F88832C4
:100CF0000DF10601007C5B699847ACE7D0F88832BB
:100D00000DF10601007C1B699847A4E7D0F88832F2
:100D10000DF10601007C9B6998479CE79A420146C9
:100D2000204628BF1A46ADF8062000F02DF9EB88C2
:100D3000002B7FF4D5AE95E7032B7FF4C9AE011DE0
:100D400000F022F9CCE621B3416801298AD0C9B26A
:100D5000FFF77AFD297820466160FFF76BFD0228D6
:100D600080D1B5E600293FF47DAF01210323416026
:100D700080F87432FFF75EFD02287FF473AFA7E6B8
:100D8000D0F88C320DF10600DB6A984702234370DD
:100D900061E70223416080F87432FFF755FD61E797
:100DA000012384F874329BE6D0F88C320DF10602F0
:100DB0009B6B98474FE700BFE417012438B50B78C9
:100DC0000D46044603F06002402A0AD05B0608D5AF
:100DD0008021F9F7F1FF00212046F9F7EDFF00200F
:100DE00038BD94F87432013B022B11D82B79012BBA
:100DF0000ED8D4F88C32294620469B689847EB8859
:100E0000002BECD10028EAD1204600F0DFF8E6E71D
:100E100080212046F9F7D0FF00212046F9F7CCFFCA
:100E2000002038BD38B50B78044603F06003202B52
:100E30000CD0402B0AD083B180212046F9F7BCFFAB
:100E400000212046F9F7B8FF002038BDD4F88C32D5
:100E500020469B689847002038BD4B788A88012B34
:100E60005FFA82FC37D0032B23D0002BE4D190F81B
:100E70007432022B4AD0032BDED10CF00F03120682
:100E800003EB830300EB830351D4D3F84431002BED
:100E9000D2D00CF07F03142505FB030505F5A075E2
:100EA000002B4FD12B6002222946204600F06CF81F
:100EB000CAE790F87432022B1DD0032BBCD14B88AB
:100EC0002BB91CF07F0F02D0CB88002B43D02046DB
:100ED00000F07CF8B8E790F87432022B0BD0032BAB
:100EE000AAD14B88002BAFD11CF07F0FEFD0614609
:100EF000F9F770FFEBE71CF07F0F9DD06146F9F723
:100F00005BFF80212046F9F757FF9DE71CF07F0F1C
:100F100092D111064FF000034FF002024CBF00F1D6
:100F2000140100F5A0710B6000F02EF88CE79B69AE
:100F3000002B81D00CF07F035D1C05EB850500EBD9
:100F40008505ADE761462046F9F752FF08B1012358
:100F5000A8E72860A7E76146F9F72EFFB7E700BFCB
:100F60000B7803704B784370CA788B7803EB0223BD
:100F700043804A790B7903EB02238380CA798B790A
:100F800003EB0223C380704710B5134602240A46C0
:100F90000021C0F86C42C0E90733F9F74BFF00208D
:100FA00010BD00BF8C46002108B513466246F9F714
:100FB00041FF002008BD00BF8C46002108B5134644
:100FC0006246F9F745FF002008BD00BF08B50421BF
:100FD0000023C0F86C121A461946F9F72BFF0020BF
:100FE00008BD00BF08B505210023C0F86C121A46E1
:100FF0001946F9F72DFF002008BD00BFD0F8C42323
:101000000132C0F8C42302780B2A00D07047D0F810
:101010007C33002BFAD09B69184700BF012380F86E
:1010200023337047002380F82333704703460022A0
:101030000121104683F8201383F8212383F822230B
:10104000704700BF38B501230025044680F82133DE
:1010500080F8235380F82053F9F71EFF21792046AA
:1010600000F006F86179204600F002F8284638BD05
:101070000A2907D800EB8100D0F88433C3F30E03AC
:10108000C0F88433002070470C4A82B00C4BD2F871
:10109000DC1041F04001C2F8DC10D2F8DC2002F094
:1010A00040020192019A1A6822F020021A601A681E
:1010B00042F004021A6002B0704700BF00440258B8
:1010C0000018024870B5002304464FF480620421E2
:1010D0004FF440353448C4F83821C4F8D410C4F86B
:1010E0003431C4F84C113149C4F8B000C4F82811A7
:1010F000C4E92F32C4E93133C4E93335C4E93733A5
:10110000C4E94F33C4E95135C4E95533A268032318
:10111000C4F8D830C4F85031042A0AD8DFE802F005
:101120001F262D34030055225623C4F8B420C4F8DA
:101130002C310022402304F1B005C4F8B820284621
:10114000C4F83031F2F7C2FD08B1FFBEFEE704F586
:1011500094763046F2F7BAFDE8B1FFBEFEE72522ED
:101160002623C4F8B420C4F82C31E2E72722282330
:10117000C4F8B420C4F82C31DBE73D223E23C4F888
:10118000B420C4F82C31D4E753225423C4F8B4203B
:10119000C4F82C31CDE704F12803C4E92865C4F86C
:1011A000E830C4F8603170BD400402405804024089
:1011B0002DE9F04F814683B00E4617461D4600F1DB
:1011C0002804204601F090FD01288246F9D14846C6
:1011D000FFF778FF8046002835D1EFF310830193A5
:1011E00072B6DFF888B00C9B99F90820DFF880A070
:1011F000DFF88090CBF800300D9B89F80020CAF80A
:1012000000300DB11846A847BAB23146204601F069
:10121000E1F830B9019B03B962B6404603B0BDE8BE
:10122000F08F0023CBF80030CAF80030FF2389F894
:1012300000300C9B8BB101210D9888469847019B8B
:10124000002BEAD1E8E70C9B53B1D0460D985146EC
:101250009847404603B0BDE8F08F4FF00108D9E74A
:10126000D046404603B0BDE8F08F00BF08220124FD
:10127000102201240C2201242DE9F04F814683B075
:101280000E4617461D4600F12804204601F02CFDAD
:1012900001288246F9D14846FFF714FF804600280E
:1012A00035D1EFF31083019372B6DFF888B00C9B51
:1012B00099F90820DFF880A0DFF88090CBF80030A3
:1012C0000D9B89F80020CAF800300DB11846A847D8
:1012D000BAB23146204601F041FA30B9019B03B958
:1012E00062B6404603B0BDE8F08F0023CBF8003073
:1012F000CAF80030FF2389F800300C9B8BB1012124
:101300000D9888469847019B002BEAD1E8E70C9B93
:1013100053B1D0460D9851469847404603B0BDE8BA
:10132000F08F4FF00108D9E7D046404603B0BDE842
:10133000F08F00BF08220124102201240C22012476
:101340002DE9F04F814683B00F461646984600F1CE
:101350002804204601F0C8FC0128FAD182464846FC
:10136000FFF7B0FE0546002838D1EFF31083019354
:1013700072B699F90830DFF88890DFF888B089F8FC
:1013800000300D9BDFF880A0CBF800300E9BCAF830
:1013900000300C9B0BB10E9898471FFA88F33A4621
:1013A0003146204601F0CEF830B9019B03B962B650
:1013B000284603B0BDE8F08F0023CBF80030CAF810
:1013C0000030FF2389F800300D9B8BB101210E986E
:1013D0000D469847019B002BEAD1E8E70D9B4BB1E6
:1013E00055460E9851469847284603B0BDE8F08F01
:1013F0000125DAE75546284603B0BDE8F08F00BF67
:101400000C22012408220124102201242DE9F0439A
:10141000002387B00222044605690493CDE9022324
:10142000D0E902128E00FAB1022D7AD02178B5FAF5
:1014300085F54FF00108276A0B294FEA551521D190
:10144000A2780B2A02D0B8F1000F38D123790B2BE8
:1014500001D0002D6CD1A37917B10B2B40F09980EE
:10146000002007B0BDE8F08335F002032178276A39
:101470000CBF4FF001084FF00008023D18BF0125D6
:101480000B29DDD07D4B94F801C053F8262010784D
:101490000B2802D0884200F0AD80D378D01C99424E
:1014A00002D10B2B40F0BD809379901D8B4202D16D
:1014B0000B2B40F0BC80012007B0BDE8F083711C0D
:1014C0006E4BE07853F8213019780B2902D08A420C
:1014D00000F0B580D97803F1030C0B2902D08A42C1
:1014E00000F0BB80997903F1060C0B29E3D08A4206
:1014F000E1D1DB798342DED1634604F102099B78B6
:1015000048460593F9F7D6FC80464846F9F7DAFCD9
:1015100001A901904046F9F785FD23790B2B98D15D
:1015200099E70178076A0B2940F0868001258DE74D
:10153000B11C524A607952F8212011780B2902D04F
:101540008B4200F08180D178D51C0B2902D08B42D0
:1015500000F08D809179951D8B42ACD10B29AAD0DA
:10156000D3798342A7D12A46251D9378284605932F
:10157000F9F7A0FC034628461D46F9F7A3FC01A98C
:1015800001902846F9F74EFDA379002F7FF465AF4F
:1015900066E7F11C394AE07952F8212011780B29CD
:1015A00001D08B425FD0D178D51C0B2901D08B4262
:1015B0004FD09179951D8B427FF47DAF0B293FF47D
:1015C0007AAFD37983427FF476AF2A46A51D93780C
:1015D00028460593F9F76EFC04462846F9F772FC95
:1015E000034601A920460193F9F71CFD002007B02E
:1015F000BDE8F083537863457FF44FAF937820467E
:101600000593F9F757FC81462046F9F75BFC01A9E1
:1016100001904846F9F706FDA2780B2A7FF413AF34
:1016200014E7137963457FF43FAF0246E6E7D379C9
:1016300063457FF440AFF8E79846012522E75978E3
:1016400081427FF447AF58E7517881427FF47BAF06
:101650008AE711798142ACD1B7E7197981427FF4E9
:1016600041AF634649E7517881429CD1AEE7117999
:1016700081427FF46FAF2A4676E700BFB43F01088E
:10168000654A0368934200F0B980A2F5784293421C
:1016900000F0B68002F58062934200F0B38002F55C
:1016A0007842934200F0B08002F5E052934200F09D
:1016B000AD805A4A934240F0AB8005234FF4D0717D
:1016C000574A01FB03F310B5D418D05C86B0F9F784
:1016D00001FCA078F9F7FEFB2079F9F7FBFBA07974
:1016E000F9F7F8FBA368052B11D8DFE803F0192FF1
:1016F000455B71034B4BD3F8F42042F02002C3F852
:10170000F420D3F8F43003F020030593059B204622
:10171000FFF77CFE012801D006B010BDFFBEFEE73A
:10172000404B00222320D3F8F01041F48051C3F83D
:10173000F0101146D3F8F03003F480530093009B6F
:10174000F2F712F92320F2F74DF9E0E7354B0022CA
:101750002420D3F8E81041F48041C3F8E810114682
:10176000D3F8E83003F480430193019BF2F7FCF8CF
:101770002420F2F737F9CAE72A4B00223320D3F8A6
:10178000E81041F40041C3F8E8101146D3F8E830FE
:1017900003F400430293029BF2F7E6F83320F2F7DA
:1017A00021F9B4E71F4B00225420D3F8F01041F484
:1017B0000051C3F8F0101146D3F8F03003F4005391
:1017C0000393039BF2F7D0F85420F2F70BF99EE74E
:1017D000144B00225520D3F8F01041F48011C3F8C7
:1017E000F0101146D3F8F03003F480130493049BF7
:1017F000F2F7BAF85520F2F7F5F888E700235DE72D
:1018000001235BE7022359E7032357E7042355E746
:1018100000231B78FFDE00BF003001400014005899
:10182000E8170124004402582DE9F043002289B052
:101830001B4B01210DF1040C9E461A4B0791E1460A
:10184000E04667460EF11C060EF138050EF1540411
:10185000CDE90122CDE90322CDE90522FF221A704C
:10186000BCE80F00AEE80F009CE807008EE8070018
:10187000B9E80F000FC69CE8070086E80700B8E843
:101880000F000FC59CE8070085E807000FCF0FC4C5
:101890009CE8070084E8070009B0BDE8F08300BFBA
:1018A0000C0300240C220124014801F0F1B800BF10
:1018B00010180124014801F0EBB800BFB019012451
:1018C000014801F0E5B800BF501B0124014801F0B8
:1018D000DFB800BFF01C0124014801F0D9B800BFF7
:1018E000901E012410B5EFF3108472B6084B1A78DD
:1018F000120602D504B962B610BD1B784FF4D0723F
:1019000004485BB202FB0300B030F2F757FDF1E789
:101910000C220124E817012410B5EFF3108472B6ED
:10192000094B1A78120602D504B962B610BD1B78AD
:101930004FF4D07205485BB202FB030000F59470CF
:10194000F2F73CFDF0E700BF0C220124E817012468
:101950002DE9F04184B0EFF3108772B6284AFF21D9
:10196000284C1368217023B100211160264A1068A9
:10197000984723781B061CD5DFF894800025234E5A
:101980004446216879B162686AB1A369012B22D00B
:10199000A3B963693046019323690093E368228900
:1019A000FFF76AFC18B301351C3406F5D076042D18
:1019B000E7D107B962B604B0BDE8F081D4E90430DC
:1019C000CDE90130E068238900903046FFF7B8FC8C
:1019D0000028E8D10BE0D4E904301146CDE900300D
:1019E0003046E3682289FFF7E3FB0028DBD1C5EB33
:1019F000C50508EB850348F825005860D9E700BF06
:101A0000082201240C22012410220124E8170124B9
:101A10000C0300242DE9F04184B0EFF3108772B677
:101A2000284AFF21284C1368217023B1002111603E
:101A3000264A1068984723781B061CD5DFF8948047
:101A40000025234E4446216879B162686AB1A369D2
:101A5000012B22D0A3B96369304601932369009317
:101A6000E3682289FFF708FC18B301351C3406F53A
:101A7000D076042DE7D107B962B604B0BDE8F08195
:101A8000D4E90430CDE90130E06823890090304684
:101A9000FFF756FC0028E8D10BE0D4E904301146EA
:101AA000CDE900303046E3682289FFF781FB00284A
:101AB000DBD1C5EBC50508EB850348F82500586068
:101AC000D9E700BF082201240C220124102201249E
:101AD000E81701240C0300242DE9F04184B0EFF352
:101AE000108772B6284AFF21284C1368217023B151
:101AF00000211160264A1068984723781B061CD5E0
:101B0000DFF894800025234E4446216879B162684D
:101B10006AB1A369012B22D0A3B96369304601934E
:101B200023690093E3682289FFF7A6FB18B3013508
:101B30001C3406F5D076042DE7D107B962B604B09F
:101B4000BDE8F081D4E90430CDE90130E0682389B3
:101B500000903046FFF7F4FB0028E8D10BE0D4E911
:101B600004301146CDE900303046E3682289FFF7A2
:101B70001FFB0028DBD1C5EBC50508EB850348F842
:101B800025005860D9E700BF082201240C22012457
:101B900010220124E81701240C0300242DE9F04150
:101BA00084B0EFF3108772B600F066FB284A294C28
:101BB000FF21136821702BB1002111600121264AF9
:101BC0001068984723781B061CD5DFF89480002501
:101BD000224E4446216879B162686AB1A369012B3B
:101BE00022D0A3B963693046019323690093E36867
:101BF0002289FFF741FB18B301351C3406F5D07676
:101C0000042DE7D107B962B604B0BDE8F081D4E98C
:101C10000430CDE90130E068238900903046FFF7B9
:101C20008FFB0028E8D10BE0D4E904301146CDE960
:101C300000303046E3682289FFF7BAFA0028DBD18A
:101C4000C5EBC50508EB850348F825005860D9E7C2
:101C5000082201240C22012410220124E817012467
:101C60000C03002430B4544B002108220220534CB2
:101C7000D9615862C3F8BC11C3F8C401C3F85C133E
:101C8000C3F86403C3F8F424C3F8F814C3F8FC14CD
:101C9000C3F80405C3F89426C3F89816C3F89C1635
:101CA000C3F8A406C3F83428C3F83818C3F83C189E
:101CB000C3F84408424D4348C3E90521C3E96D21F7
:101CC000C3E9D5212288A3783F49EA80CA800B72F4
:101CD0003E492B72CA800B722168A0F80320437121
:101CE000C28003723A4C3B48E2802372A0F8032082
:101CF000394C4371C28003723848E2802372A0F8E5
:101D00000320374C4371C2800372080C2180A070FD
:101D1000A4F803206371E2802372324C324D21809B
:101D2000A070A4F803206371E28023722F4CEA8034
:101D300021802B72A070A4F803206371E2802372CB
:101D40002B4C2180A070A4F803206371E2802372E1
:101D5000284C2180A070A4F803206371E2802372D4
:101D6000254C2180A070A4F803206371E2802372C7
:101D7000224C2180A070A4F803206371E2802372BA
:101D80001F4C21801F49A070A4F803201E486371D6
:101D9000E2802372A1F803201C4C4B71CA800B72A5
:101DA0001B49E2802372C2800372A1F803204B71A9
:101DB000CA800B7230BC7047E8170124B03F01089D
:101DC00094020024B8020024880200244C0200245B
:101DD000A0020024DC020024C402002464020024C7
:101DE000D8210124C0210124D0020024CC210124C7
:101DF000A8210124FC210124E4210124F021012453
:101E0000B421012400030024F4020024E802002489
:101E100070020024714A036811698B4200B587B0D3
:101E20004BD0916E8B4200F0B680D2F8C0108B423E
:101E300000F0B380D2F818118B4200F0B080B3F1FB
:101E4000804F1ED0664A93420DD0664A934200F0FE
:101E5000A880654A934200F0B280644A93421ED043
:101E600007B05DF804FB624BD3F8E82042F00202B1
:101E7000C3F8E820D3F8E83003F002030293029B92
:101E8000EEE75B4BD3F8E82042F00102C3F8E8200C
:101E9000D3F8E83003F001030193019BE0E7544BD2
:101EA000D3F8E82042F01002C3F8E820D3F8E83075
:101EB00003F010030593059BD2E700205821B3F1EE
:101EC000804F01FB0022127B1ED045498B4235D04A
:101ED00044498B4248D044498B42BED1444BD3F84D
:101EE000E81041F00801C3F8E810D3F8E83003F037
:101EF00008030493049B002AB2D0322000220F2151
:101F0000F1F732FD322014E0394BD3F8E81041F0FC
:101F10000101C3F8E810D3F8E83003F0010301939E
:101F2000019B002A9CD01C2000220F21F1F71CFDF0
:101F30001C2007B05DF804EBF1F754BD2C4BD3F82F
:101F4000E81041F00201C3F8E810D3F8E83003F0DC
:101F500002030293029B002A82D01D2000220F213F
:101F6000F1F702FD1D20E4E7214BD3F8E81041F022
:101F70000401C3F8E810D3F8E83003F00403039336
:101F8000039B002A3FF46CAF1E2000220F21F1F7C3
:101F9000EBFC1E20CDE7012090E702208EE7032016
:101FA0008CE7134BD3F8E82042F00402C3F8E82092
:101FB000D3F8E83003F004030393039B50E70C4B82
:101FC000D3F8E82042F00802C3F8E820D3F8E8305C
:101FD00003F008030493049B42E700BF142201248A
:101FE0000004004000080040000C004000100040C9
:101FF000004402580F4B026819698A420BD0996E4F
:102000008A4211D0D3F8C0108A420FD0D3F81811E9
:102010008A420DD070470021582202FB01331A6D0D
:10202000002AF7D0586D10470121F5E70221F3E7A8
:102030000321F1E714220124014800F0EFBF00BFA3
:1020400024220124014800F0E9BF00BF7C220124C2
:10205000014800F0E3BF00BFD4220124014800F092
:10206000DDBF00BF2C230124F0B54FF0580C0F68E2
:102070002E4D8DB00CFB07FC032F05EB0C06066004
:1020800047DC0B460868344649689A6807C41B7BDE
:10209000237004AC7268264B002A4FF00002726174
:1020A00018BF1022B2610FCB84E80F000CAB03EB1A
:1020B000870353F8203CB3F1804F336124D01D4A8D
:1020C000934221D030890CF1100458230021802242
:1020D00003FB07532C44C3E907019A62204600F032
:1020E00007FE034600B1FEE74FF4805208A92046E0
:1020F000099301930892CDE90A33CDE9023300F048
:10210000C7FE034640B1FEE7582303FB0753986818
:10211000D9E701200DB0F0BD01A92046019303933A
:1021200001F034F80028F5D0FEE700BF14220124A6
:10213000283D0108000C0040006808B5037B103002
:102140002BB100F08FFE003818BF012008BD00F051
:102150006FFE003818BF012008BD00BF0C4B0022E5
:102160004FF0FF311A739960196683F86420C3F841
:10217000B81083F8BC20C3F8101183F81421C3E908
:102180000022C3E91622C3E92C22C3E94222704788
:1021900014220124034688B190F83D20022A03D07E
:1021A000802201209A66704702680421002083F88B
:1021B0003D10D36823F00103D360704701207047BE
:1021C00003682C495A6910B49C6944F008049C6166
:1021D0009C6944F010049C611C6824F001041C609C
:1021E0001C6921401961996821F44041996090F877
:1021F0008110042901D0910630D490F88110032970
:1022000001D054061FD4910509D5D0F8841041F0AF
:102210000101C0F88410996941F400719961D205F7
:1022200009D5D0F8842042F00802C0F884209A69C9
:1022300042F480729A6100235DF8044BA0F862308A
:10224000A0F86A307047D0F8841041F00401C0F85B
:102250008410996941F040019961D4E7D0F8841065
:1022600041F08001C0F88410996941F02001996122
:10227000C3E700BF90FCFFFF002800F0A4800268C5
:102280000021F8B5514B044681629A4216D0A3F55D
:1022900078439A4212D003F58063C0689A4200F0F6
:1022A0008A800F2808D8E16B00F108034D09DB088C
:1022B00005FB0333082B15D90120F8BDE068E16B5D
:1022C00000F10803414E4D09DB0805FB0333404D87
:1022D000AA4218BFB24203D005F58065AA4201D1D7
:1022E000102BE9D894F8813003F0FF05002B58D06B
:1022F000002702236568A66B84F88130136823F0F9
:1023000001031360A369B3F1806F3ED03943676B5B
:102310003B43676A3B4327693B4367693B43276A03
:102320003B43E76C3B43A7683B43A76C3B43A76D2C
:102330003B432B433343E669314308439060D3600A
:10234000B5B9936823F4C05343F400639360936872
:1023500023F4C06343F480639360136D23F001039F
:10236000136500200123C4F8840084F88130F8BD8F
:10237000136D23F0010313656B02F2D5D368616D11
:1023800023F000430B43D360EBE7B5F5800FBDD1DD
:10239000002EBBD1D2F800C04CF4805CC2F800C063
:1023A000B4E7204684F88050FFF76AF92268A76AEC
:1023B000E16BE0689DE7E16B00F108034D09DB0884
:1023C00005FB03338CE70120704700BF003001405C
:1023D00000380040F8B590F88030012B00F08C8078
:1023E00090F88130154601220446DEB2934280F80F
:1023F00080206AD1002963D0B5FA85F35B09002DEE
:102400005ED003224366A0F8683080F88120C0F8CF
:102410008430A0F86250A0F86A30C165A0F860501E
:10242000C0E91C338368B3F5C02F04D10268136878
:1024300043F400631360E368A06F0F2B4BD98369EB
:10244000B3F5804F3CD122683A4B3B4F20320364B6
:1024500052F8183CC763394F23F40043C764002780
:10246000076542F8183CB4F862309BB2F1F7ECFD16
:10247000002844D1A36F324ADB69B3F5807F23681B
:10248000596802EA010218BF2A435A609A686168D3
:1024900042F40042B1F5800F9A601A6942F4487222
:1024A0001A611A6842F001021A6003D11A6842F4F4
:1024B00000721A6000231E4684F880303046F8BD52
:1024C000002384F880303046F8BD0023022680F8CF
:1024D00080303046F8BD072B83691AD8B3F5005F0A
:1024E00020D0B3F5804FAED1B4F862309BB2033345
:1024F0009B08A4F86230A6E702263046F8BDD4F85F
:102500008430012243F01003C4F8843084F8812021
:10251000D9E7B3F5804F05D0B3F5005FD0D1B3F55F
:10252000804F90D1B4F862309BB201335B08A4F8BD
:10253000623088E78D29010811290108B9290108AD
:102540000000FFFF70B51D4690F88030012B00F0B1
:10255000B9800123044680F8803090F881304068CB
:10256000DBB2B0F5800F7DD0012B40F08580002DCF
:1025700018BF002A71D000296FD094F88130042B45
:1025800002D0052384F881300023E1652168C4F876
:102590008430A4F86250A4F86A50A4F860506266CF
:1025A000A4F86850C4E91C338B6823F440438B6063
:1025B000E3680F2B65D9E06F8369B3F5804F4CD189
:1025C00094F88130042B00F08A805E4B03645E4BEC
:1025D000C3635E4E3031B4F86A30C66400269BB2E5
:1025E0000665F1F731FD00286ED12268A16F93686E
:1025F000203243F4804342F8183CB4F86230C1E919
:102600000F00C1E913009BB20846E16DF1F71CFD14
:10261000002859D1A36FDB69B3F5807F236863D0AD
:1026200059684B4A0A402A435A609A68616842F4E2
:102630000042B1F5800F9A601A6942F458721A612B
:102640001A6842F001021A6003D11A6842F400725B
:102650001A60002384F8803070BD0023012084F8C4
:10266000803070BDA06800287FF47EAF042B3FF45B
:102670007EAF012B3FF47BAF0023022084F8803033
:1026800070BD072B35D8A36F9B69B3F5005F50D0A1
:10269000B3F5804F06D1B4F862309BB203339B0888
:1026A000A4F86230E06F8369B3F5005F39D0B3F509
:1026B000804F85D1B4F86A309BB203339B08A4F8ED
:1026C0006A307DE7022070BDD4F88430012243F0E7
:1026D00010031046C4F8843084F8812070BD1D4B6F
:1026E00003641D4BC36374E75968194A0A405A6072
:1026F0009BE7E06F8369B3F5005F02D0B3F5804FCD
:10270000ABD1A66FB669B6F5804F06D1B4F862605A
:10271000B6B201367608A4F86260B3F5804F7FF454
:102720004FAFB4F86A309BB201335B08A4F86A304B
:1027300046E7B4F862309BB201335B08A4F862301C
:10274000B0E700BFAD29010861290108B9290108D6
:102750000000FFFF9D290108392901082DE9F041FA
:102760001546826804460E4622B94368B3F5800FC9
:1027700000F0958094F88030012B00F099800123BF
:1027800084F8803094F88130012BDFB269D1002EBB
:1027900061D0B5FA85F35B09002D5CD00421B2F558
:1027A000C02F666684F88110A4F86850C4F884309D
:1027B000A4F86030A4F86A50A4F86230C4E91C336D
:1027C00004D12268136823F400631360E3680F2BBD
:1027D0004ED9E06F8369B3F5804F3CD121688B6897
:1027E00023F480438B603246454EB4F86A30303172
:1027F0000664444E9BB2C663434EC664002606651B
:10280000F1F722FC002857D1E36F404ADB69B3F5AA
:10281000807F2368596802EA010218BF2A435A6080
:102820009A68616842F48042B1F5800F9A601A6933
:1028300042F450721A611A6842F001021A6003D120
:102840001A6842F400721A6000231F4684F8803030
:102850003846BDE8F081002384F880303846BDE872
:10286000F0810023022784F880303846BDE8F081EB
:10287000072B2BD82168E06F8B6823F480438B6093
:102880008369B3F5005F32D0B3F5804FABD1B4F8B4
:102890006A309BB203339B08A4F86A30A3E72B4647
:1028A00004250A4680F88150BDE8F041FFF74ABE92
:1028B00002273846BDE8F081D4F88430012243F085
:1028C0001003C4F8843084F88120C7E7E06F826980
:1028D000B2F5804F02D0B2F5005FBCD12168B2F5ED
:1028E000804F8B6823F480438B607FF47CAFB4F817
:1028F0006A309BB201335B08A4F86A3073E700BF0B
:102900009D29010839290108B92901080000FFFFA4
:10291000806B08B590F88130072B09D0836FDB6995
:10292000B3F5807F05D00268136943F00803136193
:1029300008BDFFF70DF808BD806B08B590F8813031
:10294000072B09D0C36FDB69B3F5807F05D0026820
:10295000136943F00803136108BDFFF75BF808BD76
:10296000806B08B590F88130072B09D0836FDB6945
:10297000B3F5807F05D00268136943F00803136143
:1029800008BDFFF7A9F808BD704700BF806B08B508
:10299000FFF7FAFF08BD00BF704700BF806B08B5A6
:1029A000FFF7FAFF08BD00BF704700BF806B08B596
:1029B000FFF7FAFF08BD00BF10B5846BF2F74EF8C1
:1029C000022800D110BD236830495A69986940F047
:1029D00008009861986940F010009861186820F02C
:1029E00001001860186901401961996821F440419B
:1029F000996094F88110042901D091063AD494F892
:102A00008110032901D0500629D4910509D5D4F8A5
:102A1000841041F00101C4F88410996941F40071F7
:102A20009961D20509D5D4F8842042F00802C4F88F
:102A300084209A6942F480729A6100230122204620
:102A4000A4F86230A4F86A30D4F8843043F010035C
:102A5000C4F8843084F88120FFF7A0F810BDD4F8C2
:102A6000841041F00401C4F88410996941F04001D8
:102A70009961CAE7D4F8841041F08001C4F8841049
:102A8000996941F020019961B9E700BF90FCFFFF0F
:102A9000036819695A692DE9F04101EA02059F6846
:102AA000044690F8816005F0640CBCF1040F2FD04F
:102AB00005F04500012834D005F02600022800F07A
:102AC000DF80280770D59A6917F4404FF6B242F0BC
:102AD00008029A619A6942F010029A619A6942F476
:102AE00000629A611A6922F008021A6123D0042E4A
:102AF00000F0DE80A26FD269EAB1032E50D0E26FFF
:102B0000D269C2B1052E14D12046FEF7E5FF10E0D0
:102B1000436F9847236F2046984705F04503012BE4
:102B200002D1236F2046984705F02605022D00F0BC
:102B3000A780BDE8F0819A6812F4404F1FD1B4F825
:102B40006A2092B2DAB1626E0EE01B6B42F8043B6F
:102B50006266B4F86A30013B9BB2A4F86A30B4F8FC
:102B60006A309BB25BB12368E1680F29EDD8072971
:102B700040F292801B8E22F8023B6266E9E7204613
:102B8000FFF71EFB012384F88130D4F88430002B3A
:102B90007FD1052EB8D0042E00F08F80032EC8D12F
:102BA0002046FEF7D5FEC4E7100501D50A077AD402
:102BB00015F4587FBDD06E0609D5D4F8842042F0B4
:102BC0000402C4F884209A6942F040029A61A80580
:102BD00009D5D4F8842042F00102C4F884209A690F
:102BE00042F400729A61E90509D5D4F8842042F0D4
:102BF0000802C4F884209A6942F480729A61AA0695
:102C000009D5D4F8842042F08002C4F884209A695F
:102C100042F020029A61D4F88420002A89D01968F1
:102C200007F44047274A21F00101B7F5404F1960EA
:102C3000196902EA01021A6127D19A68E06F22F449
:102C400040429A6050B1204B0365F1F71DFB28B15B
:102C5000D4F8843043F04003C4F88430A06F0028D7
:102C60003FF467AF184B0365F1F70EFB00283FF404
:102C700060AFD4F8843043F04003C4F8843058E7A0
:102C8000636F2046BDE8F04118470123204684F8D1
:102C90008130FEF783FF4CE793F830301370626E9B
:102CA0000132626655E79A6942F400629A6140E730
:102CB000E26FD269002A3FF43EAF2046FEF7AAFE3B
:102CC00037E700BF94FCFFFFCD2C010808B5806BEF
:102CD00000230122A0F86A30A0F8623080F8812039
:102CE000FEF75CFF08BD00BF90F88100704700BF91
:102CF000002800F08F8038B590F83D30044603F08E
:102D0000FF02002B60D0226802234349B2F1804FBA
:102D100084F83D30A2EB01011368B1FA81F14FEA6A
:102D2000511127D031BB3D483D4D824251D000F575
:102D3000806082424DD0551B00F58060B5FA85F564
:102D400082424FEA55154DD0002D4BD135483649BA
:102D50008A4218BF82424FD001F580618A424BD02F
:102D6000A06923F08003E168034313606368D162C4
:102D7000936223E02A4D23F07003A068551B0343A0
:102D8000B5FA85F56D09206923F440730343A06902
:102D900023F0800303431360E368D36263689362A4
:102DA00051B94DB91F49204B9A4218BF8A4203D0EE
:102DB00003F580639A4201D1636913630123002004
:102DC000536184F83D3038BD80F83C20FFF722F88D
:102DD00099E7551B23F07003A068B5FA85F5034306
:102DE0006D09D0E7A06823F0700303430F488242C7
:102DF000C9D0002DC7D1A9E7206923F44073A16988
:102E00000343E06823F080030B4361681360D062E2
:102E10009162C7E7012070470000014000040040B4
:102E2000000401400040014000440140000C00400B
:102E30004FF0020C01680A4A034680F83DC08868DA
:102E40000240062A06D0B2F5803F03D00A6842F05D
:102E500001020A600122002083F83D20704700BF74
:102E6000070001000368094AD96841F00101D960EF
:102E700099680A40062A06D0B2F5803F03D01A6846
:102E800042F001021A600020704700BF07000100F5
:102E900090F83C30012B7DD002460223006830B40C
:102EA000012482F83D3082F83C40544C83681C4039
:102EB0000B68602B84606FD01DD9B3F5005F59D0CB
:102EC00042D94F498B4206D038D94E498B4202D065
:102ED00010318B4206D184684B4921400B4343F0AB
:102EE0000703836000230121184682F83D1082F811
:102EF0003C3030BC7047402B67D019D9502BF1D1F2
:102F0000036A4C68CD6823F00A03016A1C433E4BF8
:102F100021F001010162816921F0F00141EA05110E
:102F20008161046281680B4043F057038360D9E7F5
:102F3000202BD0D01AD9302BD4D1CCE723F01001DC
:102F4000B1F5801FCED1C6E7702BCBD18468D1E913
:102F500001532B43CD6824F47F4143EA05230B43FF
:102F60008360836843F077038360BBE733F010012D
:102F7000B8D1B0E7D1E9015384682B43CD6824F47C
:102F80007F4143EA05230B438360836843F4804316
:102F90008360A7E702207047046A4D6824F010049C
:102FA000C9680462836923F4704343EA0133016A08
:102FB00021F0A0018361144B41EA0511016281688F
:102FC0000B4043F0670383608CE7036A4C68CD686D
:102FD00023F00A03016A1C430B4B21F0010101623B
:102FE000816921F0F00141EA051181610462816883
:102FF0000B4043F04703836074E700BF8800CEFFB7
:1030000020001000300010008FFFCFFF704700BF7E
:10301000704700BF704700BF704700BF03681A6960
:10302000910710B5044602D5DA68920768D41A6988
:10303000520702D5DA6850074FD41A69110702D532
:10304000DA68120737D41A69D00602D5DA68D106D1
:103050001ED41A69D20702D5DA68D00769D41A6972
:10306000110602D5DA6812066BD41A69D00502D5AA
:10307000DA6811066DD41A69520602D5DA6850066C
:103080006FD41A69910602D5DA68920649D410BD48
:103090006FF010010822204619612277DB6913F4D2
:1030A000407F6FD1FFF7B2FF2046FFF7B3FF00224A
:1030B00023682277CDE76FF00801042220461961CA
:1030C0002277DB699B075AD1FFF7A0FF2046FFF765
:1030D000A1FF002223682277B5E76FF004010222E6
:1030E0002046196122779B6913F4407F44D1FFF792
:1030F0008DFF2046FFF78EFF0022236822779CE792
:103100006FF002010122196102779B69990730D1A2
:10311000FFF77CFF2046FFF77DFF00222368227720
:1031200085E76FF0200220461A61BDE8104000F0EC
:103130005FB86FF0010220461A61FEF75BFF23685B
:103140008DE76FF0800220461A6100F053F8236883
:103150008BE76FF4807220461A6100F04DF8236807
:1031600089E76FF0400220461A61FFF755FF236898
:1031700087E7FFF74DFFD0E7FFF74AFFBCE7FFF710
:1031800047FFA6E7FFF744FF91E700BF90F83C2018
:10319000012A28D003460068022230B4134D83F878
:1031A0003D20A8424268846818D005F58065A84291
:1031B00014D024F0800C22F070020C68896822433D
:1031C00000244CEA01014FF0010C4260816020466E
:1031D00083F83DC083F83C4030BC704722F4700255
:1031E0004D682A43E5E70220704700BF0000014018
:1031F000704700BF704700BF704700BF0B460146D5
:10320000184600F0C3B8000010B582B08DED010A79
:10321000044600F0C9F89DED010A046002B010BD3B
:103220009FED070AFFEE007AB7EE007A00284FF014
:10323000220047FE277A87EE800AFFF7E5BF00BF2E
:103240000000000070EE407AB4EE400A87EEA77AE4
:10325000F1EE10FAB0EE470A02D62120FFF7D4BFF4
:10326000704700BF10EE103AB3F17E5F3ED0A3F579
:103270000001B1F1FE4F10EE102A3AD2BFEE002B42
:1032800002F14043284903F54D03C3F3C34001EB6A
:10329000001091ED424B91ED447B91ED406B91ED2F
:1032A000465BD90DC9052DED028B90ED021B90ED0B
:1032B000008B521ADB1500EE103A03EE902AB8EE9E
:1032C000C00BB7EEE33A30EE010BA8EE032BBDECDA
:1032D000028B22EE023BA4EE027BA5EE020BA6EED1
:1032E000037BA3EE070BB7EEC00B70479FED0F0AF1
:1032F0007047590014D0B3F1FF4F14D0002B0BDBF3
:10330000B1F17F4F08D2DFED0A7A60EE277A17EE2F
:10331000903AA3F13862B1E700EE103AFFF792BF9E
:103320000120FFF77DBF7047184001080000000032
:103330000000004B08B52DED028BB0EE408A00F086
:1033400021F80E4B93F9003001330BD0B4EE488ACC
:10335000F1EE10FA06D6DFED0A8AB4EEE88AF1EE55
:1033600010FA02D4BDEC028B08BD00F01DF888EE07
:10337000A80ABDEC028B2123036008BD7C03002456
:1033800000000000B1EEC00A704700BF10B5054C48
:1033900013462CB10A4601460220AFF3008010BD4F
:1033A0002046FCE700000000014B1868704700BF92
:1033B0008003002470B50D4D0D4C641BA410002635
:1033C000A64209D10B4D0C4C00F000FF641BA41069
:1033D0000026A64205D170BD55F8043B984701363A
:1033E000EEE755F8043B98470136F2E7EC41010857
:1033F000EC410108EC410108104201080A449142E5
:1034000000F1FF3300D1704710B511F8014B03F8FC
:10341000014F9142F9D110BD02440346934200D1BD
:10342000704703F8011BF9E737B5002944D051F87C
:10343000043C0190002BA1F10404B8BFE41800F093
:10344000DFF81E4A0198136833B96360146003B053
:10345000BDE8304000F0DAB8A34208D92568611908
:103460008B4201BF19685B6849192160EDE71A4674
:103470005B680BB1A342FAD911685518A5420BD16C
:10348000246821445418A3421160E0D11C685B6891
:10349000536021441160DAE702D90C230360D6E7B8
:1034A000256861198B4204BF19685B68636004BFBB
:1034B000491921605460CAE703B030BD7423012468
:1034C000F8B5CD1C25F0030508350C2D38BF0C25AB
:1034D000002D064601DBA94203D90C2333600020EE
:1034E000F8BD00F08DF821490A6814469CB9204FB8
:1034F0003B6823B92146304600F03CF83860294645
:10350000304600F037F8431C23D10C23336030469B
:1035100000F07CF8E3E723685B1B17D40B2B03D97F
:1035200023601C44256004E06368A2420CBF0B606A
:103530005360304600F06AF804F10B00231D20F0C0
:103540000700C21ACCD01B1AA350C9E722466468F0
:10355000CCE7C41C24F00304A042E3D0211A304677
:1035600000F008F80130DDD1CFE700BF742301245B
:103570007823012438B5064D0023044608462B6005
:1035800000F082FB431C02D12B6803B1236038BDDD
:10359000802301240CB430B5174B0C1E1D689DB060
:1035A00008DA8B232B604FF0FF301DB0BDE83040B0
:1035B00002B070474FF40273ADF8143014BF04F139
:1035C000FF332346049307934FF6FF730290069050
:1035D000ADF81630209A21AB02A92846019300F0DD
:1035E00077F8431CBCBF8B232B60002CDDD0029BE3
:1035F00000221A70D9E700BF80030024704770478B
:103600000148FFF7FBBF00BF7C2301240148FFF7FF
:10361000F6BF00BF7C2301242DE9F0478E689E424F
:1036200082460C4690461F4638D88A8912F4906F1D
:1036300032D025680969A5EB0109656905EB4505E7
:1036400005EBD57501334B446D109D4238BF1D46C7
:10365000530531D52946FFF733FF064650B90C23F1
:10366000CAF80030A38943F04003A3814FF0FF3034
:10367000BDE8F08721694A46FFF7C0FEA38923F41D
:10368000906343F08003A381266165614E44A5EBFE
:1036900009052660A5603E46BE4200D93E46206828
:1036A0003246414600F0A8FAA3689B1BA36023683A
:1036B000334423600020DBE72A4600F0B7FA0646D1
:1036C0000028E1D121695046FFF7AEFEC7E70000B0
:1036D0002DE9F04F98468B891B069DB007460D4695
:1036E00014460ED50B6963B94021FFF7E9FE286047
:1036F000286120B90C233B604FF0FF30D1E040231C
:103700006B610023099320238DF82930CDF80C80BC
:103710003023DFF8A8818DF82A304FF001092346C5
:103720009A4613F8012B0AB1252AF9D1BAEB040BFA
:103730000BD05B46224629463846FFF76DFF013025
:1037400000F0AA80099A5A4409929AF80030002B96
:1037500000F0A28000234FF0FF32CDE905230AF1EB
:10376000010A049307938DF853301A9354460522A7
:1037700014F8011B5148ECF7BBFD049AD8B9D006E8
:1037800044BF20238DF85330110744BF2B238DF8FD
:1037900053309AF800302A2B15D0079A544600204F
:1037A0004FF00A0C214611F8013B303B092B4ED952
:1037B000B0B1079214E0A0EB080309FA03F3134336
:1037C0000493A246D2E7039B191D1B680391002BAB
:1037D000BBBF5B4242F0020207930793B8BF04925B
:1037E00023782E2B0CD163782A2B35D1039B1A1DFD
:1037F0001B680392002BB8BF4FF0FF3302340593D0
:10380000DFF8C8A0217803225046ECF771FD40B1E3
:103810004023A0EB0A0003FA00F0049B03430134A9
:10382000049314F8011B26488DF828100622ECF7A3
:103830005FFD002838D0234B1BBB039B073323F0CD
:10384000070308330393099B3344099367E70CFB91
:1038500002320C460120A5E70023013405931946E6
:103860004FF00A0C204610F8012B303A092A03D9F0
:10387000002BC5D00591C3E70CFB012104460123B1
:10388000F0E703AB00932A460F4B04A93846AFF389
:103890000080421C0646D6D1AB895B063FF52CAFB3
:1038A00009981DB0BDE8F08F03AB00932A46064B84
:1038B00004A9384600F07AF8EBE700BF9841010808
:1038C000A241010800000000193601089E410108CC
:1038D0002DE9F047164699468A680B69DDF8208085
:1038E0009342B8BF1346336091F8432007460C4615
:1038F0000AB1013333602368990642BF336802334B
:103900003360256815F0060506D104F1190AE3684D
:1039100032689B1AAB4226DC94F84320131E2268BF
:1039200018BF012392062BD404F1430249463846BE
:10393000C04701301ED02368E568326803F00603F3
:10394000042B08BFAD1AA36822690CBF25EAE575F0
:1039500000259342C4BF9B1AED1800261A34B542C5
:103960001AD1002008E00123524649463846C04794
:10397000013003D14FF0FF30BDE8F0870135C6E7D5
:10398000E1185A1C302081F84300224494F8451075
:1039900082F843100233C7E70123224649463846DE
:1039A000C0470130E6D00136D9E700002DE9FF47D6
:1039B0000F7E0C9D782F914680460C469A4601F169
:1039C000430207D8622F0AD8002F00F0D880582F62
:1039D00000F0A38004F1420584F842703AE0A7F1B8
:1039E0006303152BF6D801A151F823F0453A0108DD
:1039F000593A0108D5390108D5390108D5390108E6
:103A0000D5390108593A0108D5390108D5390108D5
:103A1000D5390108D5390108653B0108893A010803
:103A2000473B0108D5390108D5390108873B010812
:103A3000D5390108893A0108D5390108D539010875
:103A40004F3B01082B681A1D1B682A6004F14205D0
:103A500084F842300123A3E020682968060601F1BA
:103A600004030AD50E682B60002E03DA2D2376425C
:103A700084F843305E480A2319E00E682B6010F08A
:103A8000400F18BF36B2EFE72B682068191D296078
:103A9000010601D51E6802E04606FBD51E88544883
:103AA0006F2F0CBF08230A23002184F84310656898
:103AB000A560002DA2BF216821F0040121600EB98C
:103AC000002D4DD01546B6FBF3F103FB1167C75D22
:103AD00005F8017D3746BB420E46F4D9082B0BD1C1
:103AE0002368DE0708D5236961689942DEBF302369
:103AF00005F8013C05F1FF35521B2261CDF800A00D
:103B00004B4603AA21464046FFF7E2FE01304CD166
:103B10004FF0FF3004B0BDE8F087354881F84570BC
:103B20002968236851F8046B29601D0614D5DF0746
:103B300044BF43F0200323601EB9236823F0200311
:103B400023601023B0E7236843F020032360782329
:103B5000284884F84530E3E7590648BFB6B2E6E79F
:103B60001546BBE72B6826686169181D2860350675
:103B70001B6801D5196002E07006FBD5198000238F
:103B800023611546BAE72B681A1D2A601D68626812
:103B900000212846ECF7ACFB08B1401B606063686D
:103BA0002361002384F84330A8E723692A46494665
:103BB0004046D0470130ABD023689B0713D4E06860
:103BC000039B9842B8BF1846A4E7012332464946F2
:103BD0004046D04701309BD00135E36803995B1A1A
:103BE000AB42F2DCEBE7002504F11906F5E700BF74
:103BF000A9410108BA410108884210B501EB02044D
:103C000002D98442234607D8431EA14208D011F8A6
:103C1000012B03F8012FF8E7024401468A4200D144
:103C200010BD13F8014D02F8014DF7E7F8B507464E
:103C300014460E4621B9BDE8F8401146FFF740BCD6
:103C400022B9FFF7F1FB25462846F8BD00F014F82D
:103C5000A0420FD221463846FFF732FC0546002825
:103C6000F2D031462246FFF7C9FB31463846FFF70E
:103C7000DBFBE9E73546E7E751F8043C181F002B6A
:103C8000BCBF0B58C0187047044A05491368002B85
:103C900008BF0B461844106018467047842301245F
:103CA00088230124FFFFFFFFFFFF0000FFFFFFFF4E
:103CB000FFFFFFFFFFFFFFFFFFFFFFFFFFFFFFFF14
:103CC000FFFFFFFFFFFFFFFFFFFFFFFFFFFFFFFF04
:103CD000FFFFFFFFFFFFFFFFFFFFFFFFFFFFFFFFF4
:103CE000FFFFFFFFFFFFFFFFFFFF0000FFFFFFFFE2
:103CF000FFFF000001060000010700000054004023
:103D000000580040005C0040001C005825002600C0
:103D10002700340035004700520053008E00000099
:103D20000101010307010000000000400004004001
:103D300000080040000C00407072657373656400F9
:103D400072656C6561736564000000000104000029
:103D50006DDBDBB64992B66D244992242D2D00000F
:103D60002573256400000000430000004323000089
:103D7000440000004423000045000000460000000D
:103D800046230000470000004723000041000000D8
:103D90004123000042000000683D01086C3D01081D
:103DA000703D0108743D0108783D01087C3D010823
:103DB000803D0108843D0108883D01088C3D0108D3
:103DC000903D0108943D0108F1F0F03CF1F0703DA8
:103DD000F1F0F03DB5B4343EF1F0703EB5B4343E90
:103DE000F1F0F03DF1F0703DF1F0F03C452C256430
:103DF0000A000000502C25642C25642C25642C25F9
:103E0000640A0000532C25642C25732C25640A00B9
:103E1000542C25642C25642C25732C25642C2564B6
:103E20000A000000462C544845524D414C2C256454
:103E30000A000000462C54454D505F53454E534FE9
:103E4000522C25640A000000000610160006101609
:103E5000060000000C000000120000001800000026
:103E600000010000060100000C010000120100002A
:103E70001801000000020000060200000C02000011
:103E800012020000180200000003000006030000F8
:103E9000000203000000000001000000000000001C
:103EA0000000FA4500007A460000FA4600803B47D1
:103EB0000080BB4700100140004400400048004023
:103EC000004C0040005000400014014000780040C9
:103ED000007C0040000C00580000000000040000BE
:103EE000000600000010000000000000003000008C
:103EF0000020000000000010000000000010000082
:103F0000000000000102030401020304060708097F
:103F10000002010200020102010002000400080088
:103F20001000200040008000000100020004000892
:103F300000100020004000800000025800040258D9
:103F400000080258000C02580010025800140258D1
:103F500000180258001C0258002002580024025881
:103F6000002802580000000001808080808080804E
:103F70000480808080808080088080808080808035
:103F80001080808080808080208080808080808001
:103F90004000000000040810204000000204081047
:103FA0002040000008040204080101010000000094
:103FB0000B00FF00940200247C02002488020024ED
:103FC0004C020024B8020024A0020024AC02002409
:103FD00058020024DC020024C4020024D002002481
:103FE00064020024D8210124C0210124CC21012411
:103FF000A8210124FC210124E4210124F021012431
:10400000B421012400030024E8020024F402002467
:104010007002002400000000BEF3F879EC61F63F66
:104020001930965BC6FEDEBF3D88AF4AED71F53FA5
:10403000A4FCD432680BDBBFB010F0F03995F43F2C
:104040007BB71F0A8B41D7BF8503B8B095C9F33F33
:104050007BCF6D1AE99DD3BFA564880C190DF33F82
:1040600031B6F2F39B1DD0BFA08E0B7B225EF23FD8
:10407000F07A3B1B1D7CC9BF3F341A4A4ABBF13F53
:104080009F3CAF93E3F9C2BFBAE58AF05823F13FF2
:104090005C8D78BFCB60B9BFA70099413F95F03FD9
:1040A000CE5F47B69D6FAABF000000000000F03F42
:1040B0000000000000000000AC479AFD8C60EE3F5D
:1040C0003DF5249FCA38B33FA06A021FB3A4EC3F5A
:1040D000BA913854A976C43FE6FC6A573620EB3FC4
:1040E000D2E4C44A0B84CE3F2DAAA163D1C2E93FDA
:1040F0001C65C6F04506D43FED417803E686E83FEF
:10410000F89F1B2C9C8ED83F624853F5DC67E73F35
:10411000CC7BB14EA4E0DC3F4D7E0AF7B612D7BF90
:10412000E0326849BFCADE3FDEE3FA9F4715E7BFCA
:10413000B8C8355F4715F73F0000000000000000D9
:10414000000000000000000000000000000000006F
:10415000000000000000000000000000000000005F
:10416000000000000000000000000000000000004F
:10417000000000000000000000000000000000003F
:10418000000000000000000000000000000000002F
:104190000000000000000000232D302B2000686C80
:1041A0004C0065666745464700303132333435365A
:1041B0003738394142434445460030313233343593
:1041C000363738396162636465660000F8B500BF50
:1041D000F8BC08BC9E467047F8B500BFF8BC08BCE8
:0441E0009E46704740
:0841E40054C5FE7F010000003C
:1041EC00C5020008650C0008797B0008498A0008A4
:1041FC007590000851A4000825AC0008651C010846
:04420C005D21010827
:04421000A1020008FF
:104214000000000001000000100000001000000079
:10422400000000000000000000000000000000008A
:10423400000000001000000000000000000000006A
:10424400000000000000000000000000100000005A
:10425400000000000000000000000000000000005A
:10426400000000000000000000000000000000004A
:104274000000000000000000000000000100000039
:10428400000000000000000000000000000000002A
:104294000000000000000000010000000000000019
:1042A400000000000000000000000000000000000A
:1042B40000000000010000000000000000000000F9
:1042C40000000000000000000000000000000000EA
:1042D40001000000000000000000000000000000D9
:1042E40000000000000000000000000001000000C9
:1042F40000000000000000000000000000000000BA
:1043040000000000000000000100000000000000A8
:104314000000000000000000000000000000000099
:104324000000000001000000000000000000000088
:104334000000000000000000000000000000000079
:104344000100000000000000000000000000000068
:104354000000000000000000000000000100000058
:10436400010708000000000000000000010608002A
:1043740000000000000000000B00FF00FC0100240E
:10438400F001002414020024080200242C0200245A
:1043940020020024C0010024B4010024D801002418
:1043A400CC0100240811012438020024E401002473
:1043B400E4100124FC100124F01001245C01002409
:1043C40050010024010808020B0800010800000045
:1043D400010908020A08000008000000010C0E038D
:1043E400020801050E000000020C0801060E000080
:1043F4000000000001040B000000000000000000A9
:10440400010707010F040000000000000106070176
:104414000E0400000000000000030700000000007C
:10442400000000000002070000000000000000007F
:10443400020B07000000000000000000020A070051
:104444000000000000000000060907000000000052
:10445400000000000090D0030090D003060A05007D
:104464000405000000000000010C05010407010917
:104474000500000000040600000000000000000029
:104484000004080000000000000000000104050012
:1044940006050609050000000105050007050000E2
:1044A40000000000060B05000505000000000000E8
:1044B400010E0502020500000000000002010501D2
:1044C4000F050203050000000303050000000000BF
:1044D40000000000020B06010406000000000000BA
:1044E400020C06010507000000000000020A060095
:1044F400000000000000000001040800060800009D
:10450400000000000105080007080000000000008A
:10451400000508000000000000000000000000008A
:104524000000000000000000000000000000000087
:104534000000000001000000000000000000000076
:104544000000000000000000000000000000000067
:104554000100000000000000000000000000000056
:104564000000000000000000000000000100000046
:104574000000000000000000000000000000000037
:10458400000000000000000001000000FF00000027
:104594008403002400000000584101087841010808
:1045A4003841010800000000000000000000000085
:1045B40000000000000000000000000000000000F7
:1045C40000000000000000000000000000000000E7
:1045D40000000000000000000000000000000000D7
:1045E40000000000000000000000000000000000C7
:0445F40000000000C3
:0400000508000A11D4
:00000001FF
